  0
SECTION
  2
HEADER
  9
$ACADVER
  1
AC1015
  9
$ACADMAINTVER
 70
     6
  9
$DWGCODEPAGE
  3
ANSI_1252
  9
$INSBASE
 10
0.0
 20
0.0
 30
0.0
  9
$EXTMIN
 10
-10.35904
 20
-13.41959
 30
0.0
  9
$EXTMAX
 10
4.32932
 20
8.56293
 30
0.0
  9
$LIMMIN
 10
0.0
 20
0.0
  9
$LIMMAX
 10
12.0
 20
9.0
  9
$ORTHOMODE
 70
     0
  9
$REGENMODE
 70
     1
  9
$FILLMODE
 70
     1
  9
$QTEXTMODE
 70
     0
  9
$MIRRTEXT
 70
     1
  9
$LTSCALE
 40
1.0
  9
$ATTMODE
 70
     1
  9
$TEXTSIZE
 40
0.2
  9
$TRACEWID
 40
0.05
  9
$TEXTSTYLE
  7
Standard
  9
$CLAYER
  8
0
  9
$CELTYPE
  6
ByLayer
  9
$CECOLOR
 62
   256
  9
$CELTSCALE
 40
1.0
  9
$DISPSILH
 70
     0
  9
$DIMSCALE
 40
1.0
  9
$DIMASZ
 40
0.18
  9
$DIMEXO
 40
0.0625
  9
$DIMDLI
 40
0.38
  9
$DIMRND
 40
0.0
  9
$DIMDLE
 40
0.0
  9
$DIMEXE
 40
0.18
  9
$DIMTP
 40
0.0
  9
$DIMTM
 40
0.0
  9
$DIMTXT
 40
0.18
  9
$DIMCEN
 40
0.09
  9
$DIMTSZ
 40
0.0
  9
$DIMTOL
 70
     0
  9
$DIMLIM
 70
     0
  9
$DIMTIH
 70
     1
  9
$DIMTOH
 70
     1
  9
$DIMSE1
 70
     0
  9
$DIMSE2
 70
     0
  9
$DIMTAD
 70
     0
  9
$DIMZIN
 70
     0
  9
$DIMBLK
  1

  9
$DIMASO
 70
     1
  9
$DIMSHO
 70
     1
  9
$DIMPOST
  1

  9
$DIMAPOST
  1

  9
$DIMALT
 70
     0
  9
$DIMALTD
 70
     2
  9
$DIMALTF
 40
25.4
  9
$DIMLFAC
 40
1.0
  9
$DIMTOFL
 70
     0
  9
$DIMTVP
 40
0.0
  9
$DIMTIX
 70
     0
  9
$DIMSOXD
 70
     0
  9
$DIMSAH
 70
     0
  9
$DIMBLK1
  1

  9
$DIMBLK2
  1

  9
$DIMSTYLE
  2
Standard
  9
$DIMCLRD
 70
     0
  9
$DIMCLRE
 70
     0
  9
$DIMCLRT
 70
     0
  9
$DIMTFAC
 40
1.0
  9
$DIMGAP
 40
0.09
  9
$DIMJUST
 70
     0
  9
$DIMSD1
 70
     0
  9
$DIMSD2
 70
     0
  9
$DIMTOLJ
 70
     1
  9
$DIMTZIN
 70
     0
  9
$DIMALTZ
 70
     0
  9
$DIMALTTZ
 70
     0
  9
$DIMUPT
 70
     0
  9
$DIMDEC
 70
     4
  9
$DIMTDEC
 70
     4
  9
$DIMALTU
 70
     2
  9
$DIMALTTD
 70
     2
  9
$DIMTXSTY
  7
Standard
  9
$DIMAUNIT
 70
     0
  9
$DIMADEC
 70
     0
  9
$DIMALTRND
 40
0.0
  9
$DIMAZIN
 70
     0
  9
$DIMDSEP
 70
    46
  9
$DIMATFIT
 70
     3
  9
$DIMFRAC
 70
     0
  9
$DIMLDRBLK
  1

  9
$DIMLUNIT
 70
     2
  9
$DIMLWD
 70
    -2
  9
$DIMLWE
 70
    -2
  9
$DIMTMOVE
 70
     0
  9
$LUNITS
 70
     2
  9
$LUPREC
 70
     4
  9
$SKETCHINC
 40
0.1
  9
$FILLETRAD
 40
0.5
  9
$AUNITS
 70
     0
  9
$AUPREC
 70
     0
  9
$MENU
  1
.
  9
$ELEVATION
 40
0.0
  9
$PELEVATION
 40
0.0
  9
$THICKNESS
 40
0.0
  9
$LIMCHECK
 70
     0
  9
$CHAMFERA
 40
0.0
  9
$CHAMFERB
 40
0.0
  9
$CHAMFERC
 40
0.0
  9
$CHAMFERD
 40
0.0
  9
$SKPOLY
 70
     0
  9
$TDCREATE
 40
2459213.510365961
  9
$TDUCREATE
 40
2459213.468699294
  9
$TDUPDATE
 40
2459213.510366945
  9
$TDUUPDATE
 40
2459213.468700278
  9
$TDINDWG
 40
0.0000000116
  9
$TDUSRTIMER
 40
0.0000000116
  9
$USRTIMER
 70
     1
  9
$ANGBASE
 50
0.0
  9
$ANGDIR
 70
     0
  9
$PDMODE
 70
     0
  9
$PDSIZE
 40
0.0
  9
$PLINEWID
 40
0.0
  9
$SPLFRAME
 70
     0
  9
$SPLINETYPE
 70
     6
  9
$SPLINESEGS
 70
     8
  9
$HANDSEED
  5
365
  9
$SURFTAB1
 70
     6
  9
$SURFTAB2
 70
     6
  9
$SURFTYPE
 70
     6
  9
$SURFU
 70
     6
  9
$SURFV
 70
     6
  9
$UCSBASE
  2

  9
$UCSNAME
  2

  9
$UCSORG
 10
0.0
 20
0.0
 30
0.0
  9
$UCSXDIR
 10
1.0
 20
0.0
 30
0.0
  9
$UCSYDIR
 10
0.0
 20
1.0
 30
0.0
  9
$UCSORTHOREF
  2

  9
$UCSORTHOVIEW
 70
     0
  9
$UCSORGTOP
 10
0.0
 20
0.0
 30
0.0
  9
$UCSORGBOTTOM
 10
0.0
 20
0.0
 30
0.0
  9
$UCSORGLEFT
 10
0.0
 20
0.0
 30
0.0
  9
$UCSORGRIGHT
 10
0.0
 20
0.0
 30
0.0
  9
$UCSORGFRONT
 10
0.0
 20
0.0
 30
0.0
  9
$UCSORGBACK
 10
0.0
 20
0.0
 30
0.0
  9
$PUCSBASE
  2

  9
$PUCSNAME
  2

  9
$PUCSORG
 10
0.0
 20
0.0
 30
0.0
  9
$PUCSXDIR
 10
1.0
 20
0.0
 30
0.0
  9
$PUCSYDIR
 10
0.0
 20
1.0
 30
0.0
  9
$PUCSORTHOREF
  2

  9
$PUCSORTHOVIEW
 70
     0
  9
$PUCSORGTOP
 10
0.0
 20
0.0
 30
0.0
  9
$PUCSORGBOTTOM
 10
0.0
 20
0.0
 30
0.0
  9
$PUCSORGLEFT
 10
0.0
 20
0.0
 30
0.0
  9
$PUCSORGRIGHT
 10
0.0
 20
0.0
 30
0.0
  9
$PUCSORGFRONT
 10
0.0
 20
0.0
 30
0.0
  9
$PUCSORGBACK
 10
0.0
 20
0.0
 30
0.0
  9
$USERI1
 70
     0
  9
$USERI2
 70
     0
  9
$USERI3
 70
     0
  9
$USERI4
 70
     0
  9
$USERI5
 70
     0
  9
$USERR1
 40
0.0
  9
$USERR2
 40
0.0
  9
$USERR3
 40
0.0
  9
$USERR4
 40
0.0
  9
$USERR5
 40
0.0
  9
$WORLDVIEW
 70
     1
  9
$SHADEDGE
 70
     3
  9
$SHADEDIF
 70
    70
  9
$TILEMODE
 70
     1
  9
$MAXACTVP
 70
    64
  9
$PINSBASE
 10
0.0
 20
0.0
 30
0.0
  9
$PLIMCHECK
 70
     0
  9
$PEXTMIN
 10
1.000000000000000E+20
 20
1.000000000000000E+20
 30
1.000000000000000E+20
  9
$PEXTMAX
 10
-1.000000000000000E+20
 20
-1.000000000000000E+20
 30
-1.000000000000000E+20
  9
$PLIMMIN
 10
0.0
 20
0.0
  9
$PLIMMAX
 10
12.0
 20
9.0
  9
$UNITMODE
 70
     0
  9
$VISRETAIN
 70
     1
  9
$PLINEGEN
 70
     0
  9
$PSLTSCALE
 70
     1
  9
$TREEDEPTH
 70
  3020
  9
$CMLSTYLE
  2
Standard
  9
$CMLJUST
 70
     0
  9
$CMLSCALE
 40
1.0
  9
$PROXYGRAPHICS
 70
     1
  9
$MEASUREMENT
 70
     0
  9
$CELWEIGHT
370
    -1
  9
$ENDCAPS
280
     0
  9
$JOINSTYLE
280
     0
  9
$LWDISPLAY
290
     0
  9
$INSUNITS
 70
     5
  9
$HYPERLINKBASE
  1

  9
$STYLESHEET
  1

  9
$XEDIT
290
     1
  9
$CEPSNTYPE
380
     0
  9
$PSTYLEMODE
290
     1
  9
$FINGERPRINTGUID
  2
{fe655df2-d863-4a8b-9b89-9e8233a8ebbd}
  9
$VERSIONGUID
  2
{FAEB1C32-E019-11D5-929B-00C0DF256EC4}
  9
$EXTNAMES
290
     1
  9
$PSVPSCALE
 40
0.0
  9
$OLESTARTUP
290
     0
  0
ENDSEC
  0
SECTION
  2
CLASSES
  0
CLASS
  1
ACDBDICTIONARYWDFLT
  2
AcDbDictionaryWithDefault
  3
ObjectDBX Classes
 90
        0
280
     0
281
     0
  0
CLASS
  1
VISUALSTYLE
  2
AcDbVisualStyle
  3
ObjectDBX Classes
 90
     4095
280
     0
281
     0
  0
CLASS
  1
MATERIAL
  2
AcDbMaterial
  3
ObjectDBX Classes
 90
     1153
280
     0
281
     0
  0
CLASS
  1
SCALE
  2
AcDbScale
  3
ObjectDBX Classes
 90
     1153
280
     0
281
     0
  0
CLASS
  1
TABLESTYLE
  2
AcDbTableStyle
  3
ObjectDBX Classes
 90
     4095
280
     0
281
     0
  0
CLASS
  1
MLEADERSTYLE
  2
AcDbMLeaderStyle
  3
ACDB_MLEADERSTYLE_CLASS
 90
     4095
280
     0
281
     0
  0
CLASS
  1
SUN
  2
AcDbSun
  3
SCENEOE
 90
     1153
280
     0
281
     0
  0
CLASS
  1
DICTIONARYVAR
  2
AcDbDictionaryVar
  3
ObjectDBX Classes
 90
        0
280
     0
281
     0
  0
CLASS
  1
ACDBPLACEHOLDER
  2
AcDbPlaceHolder
  3
ObjectDBX Classes
 90
        0
280
     0
281
     0
  0
CLASS
  1
LAYOUT
  2
AcDbLayout
  3
ObjectDBX Classes
 90
        0
280
     0
281
     0
  0
ENDSEC
  0
SECTION
  2
TABLES
  0
TABLE
  2
VPORT
  5
8
102
{ACAD_XDICTIONARY
360
328
102
}
330
0
100
AcDbSymbolTable
 70
     1
  0
VPORT
  5
29
330
8
100
AcDbSymbolTableRecord
100
AcDbViewportTableRecord
  2
*Active
 70
     0
 10
0.0
 20
0.0
 11
1.0
 21
1.0
 12
10.42990654205607
 22
4.5
 13
0.0
 23
0.0
 14
0.5
 24
0.5
 15
0.5
 25
0.5
 16
0.0
 26
0.0
 36
1.0
 17
0.0
 27
0.0
 37
0.0
 40
9.0
 41
1.972972972850329
 42
50.0
 43
0.0
 44
0.0
 50
0.0
 51
0.0
 71
     0
 72
   100
 73
     1
 74
     3
 75
     0
 76
     0
 77
     0
 78
     0
281
     0
 65
     1
110
0.0
120
0.0
130
0.0
111
1.0
121
0.0
131
0.0
112
0.0
122
1.0
132
0.0
 79
     0
146
0.0
  0
ENDTAB
  0
TABLE
  2
LTYPE
  5
5
330
0
100
AcDbSymbolTable
 70
     1
  0
LTYPE
  5
14
330
5
100
AcDbSymbolTableRecord
100
AcDbLinetypeTableRecord
  2
ByBlock
 70
     0
  3

 72
    65
 73
     0
 40
0.0
  0
LTYPE
  5
15
330
5
100
AcDbSymbolTableRecord
100
AcDbLinetypeTableRecord
  2
ByLayer
 70
     0
  3

 72
    65
 73
     0
 40
0.0
  0
LTYPE
  5
16
330
5
100
AcDbSymbolTableRecord
100
AcDbLinetypeTableRecord
  2
Continuous
 70
     0
  3
Solid line
 72
    65
 73
     0
 40
0.0
  0
ENDTAB
  0
TABLE
  2
LAYER
  5
2
330
0
100
AcDbSymbolTable
 70
     2
  0
LAYER
  5
10
330
2
100
AcDbSymbolTableRecord
100
AcDbLayerTableRecord
  2
0
 70
     0
 62
     7
  6
Continuous
370
    -3
390
F
  0
LAYER
  5
6F
330
2
100
AcDbSymbolTableRecord
100
AcDbLayerTableRecord
  2
Plan 1
 70
     0
 62
     7
  6
Continuous
370
    -3
390
F
  0
ENDTAB
  0
TABLE
  2
STYLE
  5
3
330
0
100
AcDbSymbolTable
 70
     1
  0
STYLE
  5
11
330
3
100
AcDbSymbolTableRecord
100
AcDbTextStyleTableRecord
  2
Standard
 70
     0
 40
0.0
 41
1.0
 50
0.0
 71
     0
 42
0.2
  3
txt
  4

  0
ENDTAB
  0
TABLE
  2
VIEW
  5
6
330
0
100
AcDbSymbolTable
 70
     0
  0
ENDTAB
  0
TABLE
  2
UCS
  5
7
330
0
100
AcDbSymbolTable
 70
     0
  0
ENDTAB
  0
TABLE
  2
APPID
  5
9
330
0
100
AcDbSymbolTable
 70
     3
  0
APPID
  5
12
330
9
100
AcDbSymbolTableRecord
100
AcDbRegAppTableRecord
  2
ACAD
 70
     0
  0
APPID
  5
6E
330
9
100
AcDbSymbolTableRecord
100
AcDbRegAppTableRecord
  2
ODA
 70
     0
  0
APPID
  5
362
330
9
100
AcDbSymbolTableRecord
100
AcDbRegAppTableRecord
  2
ACAD_MLEADERVER
 70
     0
  0
ENDTAB
  0
TABLE
  2
DIMSTYLE
  5
A
330
0
100
AcDbSymbolTable
 70
     1
100
AcDbDimStyleTable
  0
DIMSTYLE
105
27
330
A
100
AcDbSymbolTableRecord
100
AcDbDimStyleTableRecord
  2
Standard
 70
     0
178
     0
340
11
  0
ENDTAB
  0
TABLE
  2
BLOCK_RECORD
  5
1
330
0
100
AcDbSymbolTable
 70
     1
  0
BLOCK_RECORD
  5
1F
330
1
100
AcDbSymbolTableRecord
100
AcDbBlockTableRecord
  2
*Model_Space
340
22
  0
BLOCK_RECORD
  5
1B
330
1
100
AcDbSymbolTableRecord
100
AcDbBlockTableRecord
  2
*Paper_Space
340
1E
  0
BLOCK_RECORD
  5
23
330
1
100
AcDbSymbolTableRecord
100
AcDbBlockTableRecord
  2
*Paper_Space0
340
26
  0
ENDTAB
  0
ENDSEC
  0
SECTION
  2
BLOCKS
  0
BLOCK
  5
20
330
1F
100
AcDbEntity
  8
0
100
AcDbBlockBegin
  2
*Model_Space
 70
     0
 10
0.0
 20
0.0
 30
0.0
  3
*Model_Space
  1

  0
ENDBLK
  5
21
330
1F
100
AcDbEntity
  8
0
100
AcDbBlockEnd
  0
BLOCK
  5
1C
330
1B
100
AcDbEntity
 67
     1
  8
0
100
AcDbBlockBegin
  2
*Paper_Space
 70
     0
 10
0.0
 20
0.0
 30
0.0
  3
*Paper_Space
  1

  0
ENDBLK
  5
1D
330
1B
100
AcDbEntity
 67
     1
  8
0
100
AcDbBlockEnd
  0
BLOCK
  5
24
330
23
100
AcDbEntity
  8
0
100
AcDbBlockBegin
  2
*Paper_Space0
 70
     0
 10
0.0
 20
0.0
 30
0.0
  3
*Paper_Space0
  1

  0
ENDBLK
  5
25
330
23
100
AcDbEntity
  8
0
100
AcDbBlockEnd
  0
ENDSEC
  0
SECTION
  2
ENTITIES
  0
SPLINE
  5
70
330
1F
100
AcDbEntity
  8
Plan 1
 62
   250
370
    20
100
AcDbSpline
210
0.0
220
0.0
230
1.0
 70
    11
 71
     3
 72
    23
 73
    19
 74
     0
 42
0.0000000001
 43
0.0000000001
 40
0.0
 40
0.0
 40
0.0
 40
0.0
 40
0.1666666666666667
 40
0.1666666666666667
 40
0.1666666666666667
 40
0.3333333333333333
 40
0.3333333333333333
 40
0.3333333333333333
 40
0.5
 40
0.5
 40
0.5
 40
0.6666666666666666
 40
0.6666666666666666
 40
0.6666666666666666
 40
0.8333333333333333
 40
0.8333333333333333
 40
0.8333333333333333
 40
1.0
 40
1.0
 40
1.0
 40
1.0
 10
0.92433
 20
6.22039
 30
0.0
 10
0.92504
 20
6.19368
 30
0.0
 10
0.92575
 20
6.16696
 30
0.0
 10
0.92646
 20
6.14025
 30
0.0
 10
0.92646
 20
6.14025
 30
0.0
 10
1.80462
 20
6.5209
 30
0.0
 10
1.80462
 20
6.5209
 30
0.0
 10
1.80541
 20
6.52124
 30
0.0
 10
1.80622
 20
6.52156
 30
0.0
 10
1.80704
 20
6.52187
 30
0.0
 10
1.80557
 20
6.54637
 30
0.0
 10
1.8041
 20
6.57088
 30
0.0
 10
1.80263
 20
6.59538
 30
0.0
 10
1.80263
 20
6.59538
 30
0.0
 10
0.92788
 20
6.22176
 30
0.0
 10
0.92788
 20
6.22176
 30
0.0
 10
0.92672
 20
6.22126
 30
0.0
 10
0.92554
 20
6.22081
 30
0.0
 10
0.92433
 20
6.22039
 30
0.0
  0
SPLINE
  5
71
330
1F
100
AcDbEntity
  8
Plan 1
 62
   250
370
    20
100
AcDbSpline
210
0.0
220
0.0
230
1.0
 70
    11
 71
     3
 72
    23
 73
    19
 74
     0
 42
0.0000000001
 43
0.0000000001
 40
0.0
 40
0.0
 40
0.0
 40
0.0
 40
0.1666666666666667
 40
0.1666666666666667
 40
0.1666666666666667
 40
0.3333333333333333
 40
0.3333333333333333
 40
0.3333333333333333
 40
0.5
 40
0.5
 40
0.5
 40
0.6666666666666666
 40
0.6666666666666666
 40
0.6666666666666666
 40
0.8333333333333333
 40
0.8333333333333333
 40
0.8333333333333333
 40
1.0
 40
1.0
 40
1.0
 40
1.0
 10
0.92906
 20
6.04206
 30
0.0
 10
0.92992
 20
6.00954
 30
0.0
 10
0.93078
 20
5.97701
 30
0.0
 10
0.93165
 20
5.94449
 30
0.0
 10
0.93165
 20
5.94449
 30
0.0
 10
1.8108
 20
6.37879
 30
0.0
 10
1.8108
 20
6.37879
 30
0.0
 10
1.81231
 20
6.37954
 30
0.0
 10
1.81388
 20
6.38022
 30
0.0
 10
1.81549
 20
6.38082
 30
0.0
 10
1.81461
 20
6.39554
 30
0.0
 10
1.81373
 20
6.41025
 30
0.0
 10
1.81285
 20
6.42497
 30
0.0
 10
1.81285
 20
6.42497
 30
0.0
 10
0.93287
 20
6.04353
 30
0.0
 10
0.93287
 20
6.04353
 30
0.0
 10
0.93163
 20
6.043
 30
0.0
 10
0.93036
 20
6.0425
 30
0.0
 10
0.92906
 20
6.04206
 30
0.0
  0
SPLINE
  5
72
330
1F
100
AcDbEntity
  8
Plan 1
 62
   250
370
    20
100
AcDbSpline
210
0.0
220
0.0
230
1.0
 70
    11
 71
     3
 72
    23
 73
    19
 74
     0
 42
0.0000000001
 43
0.0000000001
 40
0.0
 40
0.0
 40
0.0
 40
0.0
 40
0.1666666666666667
 40
0.1666666666666667
 40
0.1666666666666667
 40
0.3333333333333333
 40
0.3333333333333333
 40
0.3333333333333333
 40
0.5
 40
0.5
 40
0.5
 40
0.6666666666666666
 40
0.6666666666666666
 40
0.6666666666666666
 40
0.8333333333333333
 40
0.8333333333333333
 40
0.8333333333333333
 40
1.0
 40
1.0
 40
1.0
 40
1.0
 10
1.82632
 20
6.20015
 30
0.0
 10
1.82469
 20
6.22738
 30
0.0
 10
1.82306
 20
6.2546
 30
0.0
 10
1.82142
 20
6.28183
 30
0.0
 10
1.82142
 20
6.28183
 30
0.0
 10
0.94039
 20
5.84659
 30
0.0
 10
0.94039
 20
5.84659
 30
0.0
 10
0.93845
 20
5.84563
 30
0.0
 10
0.93642
 20
5.84479
 30
0.0
 10
0.93431
 20
5.84407
 30
0.0
 10
0.93506
 20
5.81561
 30
0.0
 10
0.93582
 20
5.78715
 30
0.0
 10
0.93657
 20
5.75869
 30
0.0
 10
0.93657
 20
5.75869
 30
0.0
 10
1.82154
 20
6.19808
 30
0.0
 10
1.82154
 20
6.19808
 30
0.0
 10
1.82308
 20
6.19884
 30
0.0
 10
1.82468
 20
6.19953
 30
0.0
 10
1.82632
 20
6.20015
 30
0.0
  0
SPLINE
  5
73
330
1F
100
AcDbEntity
  8
Plan 1
 62
   250
370
    20
100
AcDbSpline
210
0.0
220
0.0
230
1.0
 70
    11
 71
     3
 72
    17
 73
    13
 74
     0
 42
0.0000000001
 43
0.0000000001
 40
0.0
 40
0.0
 40
0.0
 40
0.0
 40
0.25
 40
0.25
 40
0.25
 40
0.5
 40
0.5
 40
0.5
 40
0.75
 40
0.75
 40
0.75
 40
1.0
 40
1.0
 40
1.0
 40
1.0
 10
0.78601
 20
6.00568
 30
0.0
 10
0.70633
 20
5.7883
 30
0.0
 10
0.62664
 20
5.57092
 30
0.0
 10
0.54697
 20
5.35354
 30
0.0
 10
0.54737
 20
5.35326
 30
0.0
 10
0.54776
 20
5.35297
 30
0.0
 10
0.54815
 20
5.35269
 30
0.0
 10
0.54815
 20
5.35269
 30
0.0
 10
0.80844
 20
5.15795
 30
0.0
 10
0.80844
 20
5.15795
 30
0.0
 10
0.80098
 20
5.44053
 30
0.0
 10
0.7935
 20
5.7231
 30
0.0
 10
0.78601
 20
6.00568
 30
0.0
  0
SPLINE
  5
74
330
1F
100
AcDbEntity
  8
Plan 1
 62
   250
370
    20
100
AcDbSpline
210
0.0
220
0.0
230
1.0
 70
    11
 71
     3
 72
    20
 73
    16
 74
     0
 42
0.0000000001
 43
0.0000000001
 40
0.0
 40
0.0
 40
0.0
 40
0.0
 40
0.2
 40
0.2
 40
0.2
 40
0.4
 40
0.4
 40
0.4
 40
0.6000000000000001
 40
0.6000000000000001
 40
0.6000000000000001
 40
0.8
 40
0.8
 40
0.8
 40
1.0
 40
1.0
 40
1.0
 40
1.0
 10
0.30175
 20
5.10081
 30
0.0
 10
0.30175
 20
5.10081
 30
0.0
 10
-0.41024
 20
4.44259
 30
0.0
 10
-0.41024
 20
4.44259
 30
0.0
 10
-0.34474
 20
4.41248
 30
0.0
 10
-0.27924
 20
4.38237
 30
0.0
 10
-0.21375
 20
4.35226
 30
0.0
 10
-0.21375
 20
4.35226
 30
0.0
 10
0.15965
 20
4.80069
 30
0.0
 10
0.15965
 20
4.80069
 30
0.0
 10
0.16826
 20
4.81103
 30
0.0
 10
0.18256
 20
4.81798
 30
0.0
 10
0.19814
 20
4.81813
 30
0.0
 10
0.23267
 20
4.91235
 30
0.0
 10
0.26721
 20
5.00658
 30
0.0
 10
0.30175
 20
5.10081
 30
0.0
  0
SPLINE
  5
75
330
1F
100
AcDbEntity
  8
Plan 1
 62
   250
370
    20
100
AcDbSpline
210
0.0
220
0.0
230
1.0
 70
    11
 71
     3
 72
    35
 73
    31
 74
     0
 42
0.0000000001
 43
0.0000000001
 40
0.0
 40
0.0
 40
0.0
 40
0.0
 40
0.1
 40
0.1
 40
0.1
 40
0.2
 40
0.2
 40
0.2
 40
0.3
 40
0.3
 40
0.3
 40
0.4
 40
0.4
 40
0.4
 40
0.5
 40
0.5
 40
0.5
 40
0.6000000000000001
 40
0.6000000000000001
 40
0.6000000000000001
 40
0.7000000000000001
 40
0.7000000000000001
 40
0.7000000000000001
 40
0.8
 40
0.8
 40
0.8
 40
0.9
 40
0.9
 40
0.9
 40
1.0
 40
1.0
 40
1.0
 40
1.0
 10
-2.99038
 20
4.58063
 30
0.0
 10
-3.49935
 20
4.3573
 30
0.0
 10
-4.00833
 20
4.13397
 30
0.0
 10
-4.51728
 20
3.91063
 30
0.0
 10
-4.5287
 20
3.90015
 30
0.0
 10
-4.54011
 20
3.88966
 30
0.0
 10
-4.55153
 20
3.87919
 30
0.0
 10
-4.55153
 20
3.87919
 30
0.0
 10
-4.35818
 20
3.6041
 30
0.0
 10
-4.35818
 20
3.6041
 30
0.0
 10
-4.01091
 20
3.81083
 30
0.0
 10
-3.66228
 20
4.01643
 30
0.0
 10
-3.31067
 20
4.21944
 30
0.0
 10
-3.30687
 20
4.22164
 30
0.0
 10
-3.30297
 20
4.22346
 30
0.0
 10
-3.29859
 20
4.22502
 30
0.0
 10
-3.00615
 20
4.32901
 30
0.0
 10
-2.7137
 20
4.433
 30
0.0
 10
-2.42126
 20
4.53698
 30
0.0
 10
-2.40984
 20
4.54104
 30
0.0
 10
-2.3984
 20
4.54236
 30
0.0
 10
-2.38582
 20
4.54075
 30
0.0
 10
-1.72505
 20
4.45624
 30
0.0
 10
-1.06428
 20
4.37173
 30
0.0
 10
-0.40352
 20
4.28723
 30
0.0
 10
-0.71482
 20
4.43034
 30
0.0
 10
-1.02612
 20
4.57345
 30
0.0
 10
-1.33743
 20
4.71656
 30
0.0
 10
-1.8895
 20
4.67826
 30
0.0
 10
-2.44083
 20
4.63421
 30
0.0
 10
-2.99038
 20
4.58063
 30
0.0
  0
SPLINE
  5
76
330
1F
100
AcDbEntity
  8
Plan 1
 62
   250
370
    20
100
AcDbSpline
210
0.0
220
0.0
230
1.0
 70
    11
 71
     3
 72
    17
 73
    13
 74
     0
 42
0.0000000001
 43
0.0000000001
 40
0.0
 40
0.0
 40
0.0
 40
0.0
 40
0.25
 40
0.25
 40
0.25
 40
0.5
 40
0.5
 40
0.5
 40
0.75
 40
0.75
 40
0.75
 40
1.0
 40
1.0
 40
1.0
 40
1.0
 10
-0.7723
 20
4.19629
 30
0.0
 10
-0.96535
 20
4.22098
 30
0.0
 10
-1.15839
 20
4.24567
 30
0.0
 10
-1.35144
 20
4.27035
 30
0.0
 10
-1.1176
 20
4.13036
 30
0.0
 10
-0.88377
 20
3.99037
 30
0.0
 10
-0.64993
 20
3.85038
 30
0.0
 10
-0.64993
 20
3.85038
 30
0.0
 10
-0.54193
 20
4.00144
 30
0.0
 10
-0.54193
 20
4.00144
 30
0.0
 10
-0.61873
 20
4.06639
 30
0.0
 10
-0.69551
 20
4.13134
 30
0.0
 10
-0.7723
 20
4.19629
 30
0.0
  0
SPLINE
  5
77
330
1F
100
AcDbEntity
  8
Plan 1
 62
   250
370
    20
100
AcDbSpline
210
0.0
220
0.0
230
1.0
 70
    11
 71
     3
 72
    23
 73
    19
 74
     0
 42
0.0000000001
 43
0.0000000001
 40
0.0
 40
0.0
 40
0.0
 40
0.0
 40
0.1666666666666667
 40
0.1666666666666667
 40
0.1666666666666667
 40
0.3333333333333333
 40
0.3333333333333333
 40
0.3333333333333333
 40
0.5
 40
0.5
 40
0.5
 40
0.6666666666666666
 40
0.6666666666666666
 40
0.6666666666666666
 40
0.8333333333333333
 40
0.8333333333333333
 40
0.8333333333333333
 40
1.0
 40
1.0
 40
1.0
 40
1.0
 10
0.93923
 20
5.65818
 30
0.0
 10
0.93981
 20
5.63658
 30
0.0
 10
0.94038
 20
5.61497
 30
0.0
 10
0.94095
 20
5.59337
 30
0.0
 10
0.94095
 20
5.59337
 30
0.0
 10
1.83603
 20
5.9903
 30
0.0
 10
1.83603
 20
5.9903
 30
0.0
 10
1.83694
 20
5.99071
 30
0.0
 10
1.83788
 20
5.99109
 30
0.0
 10
1.83882
 20
5.99144
 30
0.0
 10
1.83664
 20
6.02799
 30
0.0
 10
1.83445
 20
6.06453
 30
0.0
 10
1.83226
 20
6.10107
 30
0.0
 10
1.83226
 20
6.10107
 30
0.0
 10
0.9454
 20
5.66075
 30
0.0
 10
0.9454
 20
5.66075
 30
0.0
 10
0.94343
 20
5.65977
 30
0.0
 10
0.94137
 20
5.65891
 30
0.0
 10
0.93923
 20
5.65818
 30
0.0
  0
SPLINE
  5
78
330
1F
100
AcDbEntity
  8
Plan 1
 62
   250
370
    20
100
AcDbSpline
210
0.0
220
0.0
230
1.0
 70
    11
 71
     3
 72
    23
 73
    19
 74
     0
 42
0.0000000001
 43
0.0000000001
 40
0.0
 40
0.0
 40
0.0
 40
0.0
 40
0.1666666666666667
 40
0.1666666666666667
 40
0.1666666666666667
 40
0.3333333333333333
 40
0.3333333333333333
 40
0.3333333333333333
 40
0.5
 40
0.5
 40
0.5
 40
0.6666666666666666
 40
0.6666666666666666
 40
0.6666666666666666
 40
0.8333333333333333
 40
0.8333333333333333
 40
0.8333333333333333
 40
1.0
 40
1.0
 40
1.0
 40
1.0
 10
0.94356
 20
5.49482
 30
0.0
 10
0.94426
 20
5.46844
 30
0.0
 10
0.94496
 20
5.44205
 30
0.0
 10
0.94566
 20
5.41567
 30
0.0
 10
0.94566
 20
5.41567
 30
0.0
 10
1.84579
 20
5.82213
 30
0.0
 10
1.84579
 20
5.82213
 30
0.0
 10
1.84681
 20
5.82259
 30
0.0
 10
1.84784
 20
5.82302
 30
0.0
 10
1.8489
 20
5.82341
 30
0.0
 10
1.84749
 20
5.84701
 30
0.0
 10
1.84607
 20
5.8706
 30
0.0
 10
1.84466
 20
5.8942
 30
0.0
 10
1.84466
 20
5.8942
 30
0.0
 10
0.94774
 20
5.49646
 30
0.0
 10
0.94774
 20
5.49646
 30
0.0
 10
0.94639
 20
5.49586
 30
0.0
 10
0.94499
 20
5.49531
 30
0.0
 10
0.94356
 20
5.49482
 30
0.0
  0
SPLINE
  5
79
330
1F
100
AcDbEntity
  8
Plan 1
 62
   250
370
    20
100
AcDbSpline
210
0.0
220
0.0
230
1.0
 70
    11
 71
     3
 72
    23
 73
    19
 74
     0
 42
0.0000000001
 43
0.0000000001
 40
0.0
 40
0.0
 40
0.0
 40
0.0
 40
0.1666666666666667
 40
0.1666666666666667
 40
0.1666666666666667
 40
0.3333333333333333
 40
0.3333333333333333
 40
0.3333333333333333
 40
0.5
 40
0.5
 40
0.5
 40
0.6666666666666666
 40
0.6666666666666666
 40
0.6666666666666666
 40
0.8333333333333333
 40
0.8333333333333333
 40
0.8333333333333333
 40
1.0
 40
1.0
 40
1.0
 40
1.0
 10
0.81146
 20
5.0435
 30
0.0
 10
0.80551
 20
5.04524
 30
0.0
 10
0.80011
 20
5.04796
 30
0.0
 10
0.79555
 20
5.05137
 30
0.0
 10
0.79555
 20
5.05137
 30
0.0
 10
0.51354
 20
5.26234
 30
0.0
 10
0.51354
 20
5.26234
 30
0.0
 10
0.49193
 20
5.20337
 30
0.0
 10
0.47031
 20
5.1444
 30
0.0
 10
0.4487
 20
5.08542
 30
0.0
 10
0.45047
 20
5.08418
 30
0.0
 10
0.45211
 20
5.08284
 30
0.0
 10
0.45363
 20
5.08143
 30
0.0
 10
0.45363
 20
5.08143
 30
0.0
 10
0.8194
 20
4.74239
 30
0.0
 10
0.8194
 20
4.74239
 30
0.0
 10
0.81676
 20
4.84276
 30
0.0
 10
0.81411
 20
4.94313
 30
0.0
 10
0.81146
 20
5.0435
 30
0.0
  0
SPLINE
  5
7A
330
1F
100
AcDbEntity
  8
Plan 1
 62
   250
370
    20
100
AcDbSpline
210
0.0
220
0.0
230
1.0
 70
    11
 71
     3
 72
    23
 73
    19
 74
     0
 42
0.0000000001
 43
0.0000000001
 40
0.0
 40
0.0
 40
0.0
 40
0.0
 40
0.1666666666666667
 40
0.1666666666666667
 40
0.1666666666666667
 40
0.3333333333333333
 40
0.3333333333333333
 40
0.3333333333333333
 40
0.5
 40
0.5
 40
0.5
 40
0.6666666666666666
 40
0.6666666666666666
 40
0.6666666666666666
 40
0.8333333333333333
 40
0.8333333333333333
 40
0.8333333333333333
 40
1.0
 40
1.0
 40
1.0
 40
1.0
 10
0.41382
 20
4.99027
 30
0.0
 10
0.39127
 20
4.92872
 30
0.0
 10
0.3687
 20
4.86718
 30
0.0
 10
0.34615
 20
4.80563
 30
0.0
 10
0.34759
 20
4.80462
 30
0.0
 10
0.34896
 20
4.80354
 30
0.0
 10
0.35023
 20
4.80241
 30
0.0
 10
0.35023
 20
4.80241
 30
0.0
 10
0.82894
 20
4.38024
 30
0.0
 10
0.82894
 20
4.38024
 30
0.0
 10
0.82685
 20
4.45967
 30
0.0
 10
0.82476
 20
4.5391
 30
0.0
 10
0.82267
 20
4.61852
 30
0.0
 10
0.81496
 20
4.62078
 30
0.0
 10
0.80825
 20
4.62467
 30
0.0
 10
0.803
 20
4.62953
 30
0.0
 10
0.803
 20
4.62953
 30
0.0
 10
0.41382
 20
4.99027
 30
0.0
 10
0.41382
 20
4.99027
 30
0.0
  0
SPLINE
  5
7B
330
1F
100
AcDbEntity
  8
Plan 1
 62
   250
370
    20
100
AcDbSpline
210
0.0
220
0.0
230
1.0
 70
    11
 71
     3
 72
    14
 73
    10
 74
     0
 42
0.0000000001
 43
0.0000000001
 40
0.0
 40
0.0
 40
0.0
 40
0.0
 40
0.3333333333333333
 40
0.3333333333333333
 40
0.3333333333333333
 40
0.6666666666666666
 40
0.6666666666666666
 40
0.6666666666666666
 40
1.0
 40
1.0
 40
1.0
 40
1.0
 10
0.11983
 20
4.6045
 30
0.0
 10
0.11983
 20
4.6045
 30
0.0
 10
-0.12441
 20
4.31119
 30
0.0
 10
-0.12441
 20
4.31119
 30
0.0
 10
-0.08541
 20
4.29326
 30
0.0
 10
-0.04641
 20
4.27533
 30
0.0
 10
-0.00741
 20
4.2574
 30
0.0
 10
0.035
 20
4.3731
 30
0.0
 10
0.07742
 20
4.4888
 30
0.0
 10
0.11983
 20
4.6045
 30
0.0
  0
SPLINE
  5
7C
330
1F
100
AcDbEntity
  8
Plan 1
 62
   250
370
    20
100
AcDbSpline
210
0.0
220
0.0
230
1.0
 70
    11
 71
     3
 72
    14
 73
    10
 74
     0
 42
0.0000000001
 43
0.0000000001
 40
0.0
 40
0.0
 40
0.0
 40
0.0
 40
0.3333333333333333
 40
0.3333333333333333
 40
0.3333333333333333
 40
0.6666666666666666
 40
0.6666666666666666
 40
0.6666666666666666
 40
1.0
 40
1.0
 40
1.0
 40
1.0
 10
-0.51648
 20
4.16358
 30
0.0
 10
-0.45457
 20
4.11121
 30
0.0
 10
-0.39266
 20
4.05884
 30
0.0
 10
-0.33074
 20
4.00647
 30
0.0
 10
-0.33074
 20
4.00647
 30
0.0
 10
-0.17718
 20
4.12018
 30
0.0
 10
-0.17718
 20
4.12018
 30
0.0
 10
-0.29028
 20
4.13465
 30
0.0
 10
-0.40338
 20
4.14911
 30
0.0
 10
-0.51648
 20
4.16358
 30
0.0
  0
SPLINE
  5
7D
330
1F
100
AcDbEntity
  8
Plan 1
 62
   250
370
    20
100
AcDbSpline
210
0.0
220
0.0
230
1.0
 70
    11
 71
     3
 72
    20
 73
    16
 74
     0
 42
0.0000000001
 43
0.0000000001
 40
0.0
 40
0.0
 40
0.0
 40
0.0
 40
0.2
 40
0.2
 40
0.2
 40
0.4
 40
0.4
 40
0.4
 40
0.6000000000000001
 40
0.6000000000000001
 40
0.6000000000000001
 40
0.8
 40
0.8
 40
0.8
 40
1.0
 40
1.0
 40
1.0
 40
1.0
 10
-1.39177
 20
2.61876
 30
0.0
 10
-0.98646
 20
2.80771
 30
0.0
 10
-0.58116
 20
2.99666
 30
0.0
 10
-0.17585
 20
3.18561
 30
0.0
 10
-0.34961
 20
3.36259
 30
0.0
 10
-0.52337
 20
3.53957
 30
0.0
 10
-0.69711
 20
3.71656
 30
0.0
 10
-0.88189
 20
3.82718
 30
0.0
 10
-1.06667
 20
3.93779
 30
0.0
 10
-1.25144
 20
4.04841
 30
0.0
 10
-1.22434
 20
3.568
 30
0.0
 10
-1.3447
 20
3.07538
 30
0.0
 10
-1.8097
 20
2.70696
 30
0.0
 10
-1.67039
 20
2.67756
 30
0.0
 10
-1.53108
 20
2.64816
 30
0.0
 10
-1.39177
 20
2.61876
 30
0.0
  0
SPLINE
  5
7E
330
1F
100
AcDbEntity
  8
Plan 1
 62
   250
370
    20
100
AcDbSpline
210
0.0
220
0.0
230
1.0
 70
    11
 71
     3
 72
    23
 73
    19
 74
     0
 42
0.0000000001
 43
0.0000000001
 40
0.0
 40
0.0
 40
0.0
 40
0.0
 40
0.1666666666666667
 40
0.1666666666666667
 40
0.1666666666666667
 40
0.3333333333333333
 40
0.3333333333333333
 40
0.3333333333333333
 40
0.5
 40
0.5
 40
0.5
 40
0.6666666666666666
 40
0.6666666666666666
 40
0.6666666666666666
 40
0.8333333333333333
 40
0.8333333333333333
 40
0.8333333333333333
 40
1.0
 40
1.0
 40
1.0
 40
1.0
 10
1.75745
 20
7.3494
 30
0.0
 10
1.75745
 20
7.3494
 30
0.0
 10
1.10267
 20
7.03827
 30
0.0
 10
1.10267
 20
7.03827
 30
0.0
 10
1.09727
 20
7.03571
 30
0.0
 10
1.09134
 20
7.03408
 30
0.0
 10
1.08523
 20
7.03348
 30
0.0
 10
1.07711
 20
7.00113
 30
0.0
 10
1.069
 20
6.96878
 30
0.0
 10
1.06088
 20
6.93643
 30
0.0
 10
1.06088
 20
6.93643
 30
0.0
 10
1.76341
 20
7.22454
 30
0.0
 10
1.76341
 20
7.22454
 30
0.0
 10
1.7639
 20
7.22474
 30
0.0
 10
1.76439
 20
7.22494
 30
0.0
 10
1.7649
 20
7.22512
 30
0.0
 10
1.76242
 20
7.26655
 30
0.0
 10
1.75993
 20
7.30798
 30
0.0
 10
1.75745
 20
7.3494
 30
0.0
  0
SPLINE
  5
7F
330
1F
100
AcDbEntity
  8
Plan 1
 62
   250
370
    20
100
AcDbSpline
210
0.0
220
0.0
230
1.0
 70
    11
 71
     3
 72
    23
 73
    19
 74
     0
 42
0.0000000001
 43
0.0000000001
 40
0.0
 40
0.0
 40
0.0
 40
0.0
 40
0.1666666666666667
 40
0.1666666666666667
 40
0.1666666666666667
 40
0.3333333333333333
 40
0.3333333333333333
 40
0.3333333333333333
 40
0.5
 40
0.5
 40
0.5
 40
0.6666666666666666
 40
0.6666666666666666
 40
0.6666666666666666
 40
0.8333333333333333
 40
0.8333333333333333
 40
0.8333333333333333
 40
1.0
 40
1.0
 40
1.0
 40
1.0
 10
1.03402
 20
6.82932
 30
0.0
 10
1.02502
 20
6.79349
 30
0.0
 10
1.01603
 20
6.75765
 30
0.0
 10
1.00705
 20
6.72182
 30
0.0
 10
1.00705
 20
6.72182
 30
0.0
 10
1.7722
 20
7.05803
 30
0.0
 10
1.7722
 20
7.05803
 30
0.0
 10
1.77306
 20
7.05841
 30
0.0
 10
1.77395
 20
7.05877
 30
0.0
 10
1.77485
 20
7.0591
 30
0.0
 10
1.77345
 20
7.0824
 30
0.0
 10
1.77205
 20
7.1057
 30
0.0
 10
1.77066
 20
7.12899
 30
0.0
 10
1.77066
 20
7.12899
 30
0.0
 10
1.04894
 20
6.83301
 30
0.0
 10
1.04894
 20
6.83301
 30
0.0
 10
1.04422
 20
6.83107
 30
0.0
 10
1.03918
 20
6.82983
 30
0.0
 10
1.03402
 20
6.82932
 30
0.0
  0
SPLINE
  5
80
330
1F
100
AcDbEntity
  8
Plan 1
 62
   250
370
    20
100
AcDbSpline
210
0.0
220
0.0
230
1.0
 70
    11
 71
     3
 72
    17
 73
    13
 74
     0
 42
0.0000000001
 43
0.0000000001
 40
0.0
 40
0.0
 40
0.0
 40
0.0
 40
0.25
 40
0.25
 40
0.25
 40
0.5
 40
0.5
 40
0.5
 40
0.75
 40
0.75
 40
0.75
 40
1.0
 40
1.0
 40
1.0
 40
1.0
 10
-0.16134
 20
7.09132
 30
0.0
 10
-0.18207
 20
7.06413
 30
0.0
 10
-0.20278
 20
7.03694
 30
0.0
 10
-0.2235
 20
7.00975
 30
0.0
 10
0.11541
 20
6.83271
 30
0.0
 10
0.45569
 20
6.65694
 30
0.0
 10
0.79949
 20
6.48469
 30
0.0
 10
0.81106
 20
6.5308
 30
0.0
 10
0.82263
 20
6.57691
 30
0.0
 10
0.8342
 20
6.62303
 30
0.0
 10
0.8342
 20
6.62303
 30
0.0
 10
-0.16134
 20
7.09132
 30
0.0
 10
-0.16134
 20
7.09132
 30
0.0
  0
SPLINE
  5
81
330
1F
100
AcDbEntity
  8
Plan 1
 62
   250
370
    20
100
AcDbSpline
210
0.0
220
0.0
230
1.0
 70
    11
 71
     3
 72
    23
 73
    19
 74
     0
 42
0.0000000001
 43
0.0000000001
 40
0.0
 40
0.0
 40
0.0
 40
0.0
 40
0.1666666666666667
 40
0.1666666666666667
 40
0.1666666666666667
 40
0.3333333333333333
 40
0.3333333333333333
 40
0.3333333333333333
 40
0.5
 40
0.5
 40
0.5
 40
0.6666666666666666
 40
0.6666666666666666
 40
0.6666666666666666
 40
0.8333333333333333
 40
0.8333333333333333
 40
0.8333333333333333
 40
1.0
 40
1.0
 40
1.0
 40
1.0
 10
0.47282
 20
6.15769
 30
0.0
 10
0.53552
 20
6.21067
 30
0.0
 10
0.59821
 20
6.26366
 30
0.0
 10
0.6609
 20
6.31664
 30
0.0
 10
-0.17662
 20
6.32597
 30
0.0
 10
-1.01413
 20
6.3357
 30
0.0
 10
-1.85164
 20
6.34552
 30
0.0
 10
-1.83839
 20
6.3114
 30
0.0
 10
-1.82514
 20
6.27728
 30
0.0
 10
-1.8119
 20
6.24316
 30
0.0
 10
-1.8111
 20
6.24316
 30
0.0
 10
-1.8103
 20
6.24315
 30
0.0
 10
-1.8095
 20
6.24313
 30
0.0
 10
-1.8095
 20
6.24313
 30
0.0
 10
0.45007
 20
6.16366
 30
0.0
 10
0.45007
 20
6.16366
 30
0.0
 10
0.45864
 20
6.16336
 30
0.0
 10
0.46632
 20
6.16114
 30
0.0
 10
0.47282
 20
6.15769
 30
0.0
  0
SPLINE
  5
82
330
1F
100
AcDbEntity
  8
Plan 1
 62
   250
370
    20
100
AcDbSpline
210
0.0
220
0.0
230
1.0
 70
    11
 71
     3
 72
    23
 73
    19
 74
     0
 42
0.0000000001
 43
0.0000000001
 40
0.0
 40
0.0
 40
0.0
 40
0.0
 40
0.1666666666666667
 40
0.1666666666666667
 40
0.1666666666666667
 40
0.3333333333333333
 40
0.3333333333333333
 40
0.3333333333333333
 40
0.5
 40
0.5
 40
0.5
 40
0.6666666666666666
 40
0.6666666666666666
 40
0.6666666666666666
 40
0.8333333333333333
 40
0.8333333333333333
 40
0.8333333333333333
 40
1.0
 40
1.0
 40
1.0
 40
1.0
 10
-1.77658
 20
6.15215
 30
0.0
 10
-1.75806
 20
6.10443
 30
0.0
 10
-1.73953
 20
6.05671
 30
0.0
 10
-1.72102
 20
6.00899
 30
0.0
 10
-1.7184
 20
6.00902
 30
0.0
 10
-1.71577
 20
6.00886
 30
0.0
 10
-1.71314
 20
6.0085
 30
0.0
 10
-1.71314
 20
6.0085
 30
0.0
 10
-0.00303
 20
5.77563
 30
0.0
 10
-0.00303
 20
5.77563
 30
0.0
 10
0.00341
 20
5.77475
 30
0.0
 10
0.00921
 20
5.77281
 30
0.0
 10
0.01427
 20
5.77014
 30
0.0
 10
0.13507
 20
5.87223
 30
0.0
 10
0.25587
 20
5.97432
 30
0.0
 10
0.37666
 20
6.07642
 30
0.0
 10
0.37666
 20
6.07642
 30
0.0
 10
-1.77658
 20
6.15215
 30
0.0
 10
-1.77658
 20
6.15215
 30
0.0
  0
SPLINE
  5
83
330
1F
100
AcDbEntity
  8
Plan 1
 62
   250
370
    20
100
AcDbSpline
210
0.0
220
0.0
230
1.0
 70
    11
 71
     3
 72
    23
 73
    19
 74
     0
 42
0.0000000001
 43
0.0000000001
 40
0.0
 40
0.0
 40
0.0
 40
0.0
 40
0.1666666666666667
 40
0.1666666666666667
 40
0.1666666666666667
 40
0.3333333333333333
 40
0.3333333333333333
 40
0.3333333333333333
 40
0.5
 40
0.5
 40
0.5
 40
0.6666666666666666
 40
0.6666666666666666
 40
0.6666666666666666
 40
0.8333333333333333
 40
0.8333333333333333
 40
0.8333333333333333
 40
1.0
 40
1.0
 40
1.0
 40
1.0
 10
-1.68406
 20
5.91377
 30
0.0
 10
-1.64163
 20
5.80445
 30
0.0
 10
-1.5992
 20
5.69513
 30
0.0
 10
-1.55676
 20
5.58581
 30
0.0
 10
-1.55247
 20
5.58585
 30
0.0
 10
-1.54815
 20
5.58539
 30
0.0
 10
-1.54391
 20
5.5844
 30
0.0
 10
-1.54391
 20
5.5844
 30
0.0
 10
-0.5092
 20
5.34271
 30
0.0
 10
-0.5092
 20
5.34271
 30
0.0
 10
-0.50469
 20
5.34165
 30
0.0
 10
-0.50058
 20
5.34009
 30
0.0
 10
-0.49688
 20
5.33813
 30
0.0
 10
-0.35626
 20
5.45698
 30
0.0
 10
-0.21565
 20
5.57583
 30
0.0
 10
-0.07503
 20
5.69467
 30
0.0
 10
-0.07503
 20
5.69467
 30
0.0
 10
-1.68406
 20
5.91377
 30
0.0
 10
-1.68406
 20
5.91377
 30
0.0
  0
SPLINE
  5
84
330
1F
100
AcDbEntity
  8
Plan 1
 62
   250
370
    20
100
AcDbSpline
210
0.0
220
0.0
230
1.0
 70
    11
 71
     3
 72
    23
 73
    19
 74
     0
 42
0.0000000001
 43
0.0000000001
 40
0.0
 40
0.0
 40
0.0
 40
0.0
 40
0.1666666666666667
 40
0.1666666666666667
 40
0.1666666666666667
 40
0.3333333333333333
 40
0.3333333333333333
 40
0.3333333333333333
 40
0.5
 40
0.5
 40
0.5
 40
0.6666666666666666
 40
0.6666666666666666
 40
0.6666666666666666
 40
0.8333333333333333
 40
0.8333333333333333
 40
0.8333333333333333
 40
1.0
 40
1.0
 40
1.0
 40
1.0
 10
-0.88258
 20
5.01216
 30
0.0
 10
-0.78213
 20
5.09705
 30
0.0
 10
-0.68169
 20
5.18194
 30
0.0
 10
-0.58124
 20
5.26683
 30
0.0
 10
-0.58124
 20
5.26683
 30
0.0
 10
-1.51788
 20
5.48562
 30
0.0
 10
-1.51788
 20
5.48562
 30
0.0
 10
-1.47942
 20
5.38653
 30
0.0
 10
-1.44096
 20
5.28743
 30
0.0
 10
-1.4025
 20
5.18834
 30
0.0
 10
-1.39641
 20
5.1884
 30
0.0
 10
-1.39028
 20
5.18745
 30
0.0
 10
-1.38448
 20
5.18545
 30
0.0
 10
-1.38448
 20
5.18545
 30
0.0
 10
-0.88973
 20
5.01524
 30
0.0
 10
-0.88973
 20
5.01524
 30
0.0
 10
-0.8872
 20
5.01437
 30
0.0
 10
-0.88481
 20
5.01333
 30
0.0
 10
-0.88258
 20
5.01216
 30
0.0
  0
SPLINE
  5
85
330
1F
100
AcDbEntity
  8
Plan 1
 62
   250
370
    20
100
AcDbSpline
210
0.0
220
0.0
230
1.0
 70
    11
 71
     3
 72
    17
 73
    13
 74
     0
 42
0.0000000001
 43
0.0000000001
 40
0.0
 40
0.0
 40
0.0
 40
0.0
 40
0.25
 40
0.25
 40
0.25
 40
0.5
 40
0.5
 40
0.5
 40
0.75
 40
0.75
 40
0.75
 40
1.0
 40
1.0
 40
1.0
 40
1.0
 10
-1.36098
 20
5.08135
 30
0.0
 10
-1.32922
 20
4.99951
 30
0.0
 10
-1.29745
 20
4.91768
 30
0.0
 10
-1.26568
 20
4.83585
 30
0.0
 10
-1.22801
 20
4.81853
 30
0.0
 10
-1.19034
 20
4.80121
 30
0.0
 10
-1.15266
 20
4.78389
 30
0.0
 10
-1.08938
 20
4.83738
 30
0.0
 10
-1.02608
 20
4.89087
 30
0.0
 10
-0.96279
 20
4.94436
 30
0.0
 10
-0.96279
 20
4.94436
 30
0.0
 10
-1.36098
 20
5.08135
 30
0.0
 10
-1.36098
 20
5.08135
 30
0.0
  0
SPLINE
  5
86
330
1F
100
AcDbEntity
  8
Plan 1
 62
   250
370
    20
100
AcDbSpline
210
0.0
220
0.0
230
1.0
 70
    11
 71
     3
 72
    14
 73
    10
 74
     0
 42
0.0000000001
 43
0.0000000001
 40
0.0
 40
0.0
 40
0.0
 40
0.0
 40
0.3333333333333333
 40
0.3333333333333333
 40
0.3333333333333333
 40
0.6666666666666666
 40
0.6666666666666666
 40
0.6666666666666666
 40
1.0
 40
1.0
 40
1.0
 40
1.0
 10
-1.55332
 20
5.18118
 30
0.0
 10
-1.55332
 20
5.18118
 30
0.0
 10
-1.79425
 20
4.82075
 30
0.0
 10
-1.79425
 20
4.82075
 30
0.0
 10
-1.67085
 20
4.83006
 30
0.0
 10
-1.5474
 20
4.83905
 30
0.0
 10
-1.4239
 20
4.84774
 30
0.0
 10
-1.46704
 20
4.95889
 30
0.0
 10
-1.51018
 20
5.07004
 30
0.0
 10
-1.55332
 20
5.18118
 30
0.0
  0
SPLINE
  5
87
330
1F
100
AcDbEntity
  8
Plan 1
 62
   250
370
    20
100
AcDbSpline
210
0.0
220
0.0
230
1.0
 70
    11
 71
     3
 72
   284
 73
   280
 74
     0
 42
0.0000000001
 43
0.0000000001
 40
0.0
 40
0.0
 40
0.0
 40
0.0
 40
0.010752688172043
 40
0.010752688172043
 40
0.010752688172043
 40
0.021505376344086
 40
0.021505376344086
 40
0.021505376344086
 40
0.032258064516129
 40
0.032258064516129
 40
0.032258064516129
 40
0.043010752688172
 40
0.043010752688172
 40
0.043010752688172
 40
0.0537634408602151
 40
0.0537634408602151
 40
0.0537634408602151
 40
0.0645161290322581
 40
0.0645161290322581
 40
0.0645161290322581
 40
0.0752688172043011
 40
0.0752688172043011
 40
0.0752688172043011
 40
0.0860215053763441
 40
0.0860215053763441
 40
0.0860215053763441
 40
0.0967741935483871
 40
0.0967741935483871
 40
0.0967741935483871
 40
0.1075268817204301
 40
0.1075268817204301
 40
0.1075268817204301
 40
0.1182795698924731
 40
0.1182795698924731
 40
0.1182795698924731
 40
0.1290322580645161
 40
0.1290322580645161
 40
0.1290322580645161
 40
0.1397849462365592
 40
0.1397849462365592
 40
0.1397849462365592
 40
0.1505376344086022
 40
0.1505376344086022
 40
0.1505376344086022
 40
0.1612903225806452
 40
0.1612903225806452
 40
0.1612903225806452
 40
0.1720430107526882
 40
0.1720430107526882
 40
0.1720430107526882
 40
0.1827956989247312
 40
0.1827956989247312
 40
0.1827956989247312
 40
0.1935483870967742
 40
0.1935483870967742
 40
0.1935483870967742
 40
0.2043010752688172
 40
0.2043010752688172
 40
0.2043010752688172
 40
0.2150537634408602
 40
0.2150537634408602
 40
0.2150537634408602
 40
0.2258064516129032
 40
0.2258064516129032
 40
0.2258064516129032
 40
0.2365591397849462
 40
0.2365591397849462
 40
0.2365591397849462
 40
0.2473118279569893
 40
0.2473118279569893
 40
0.2473118279569893
 40
0.2580645161290323
 40
0.2580645161290323
 40
0.2580645161290323
 40
0.2688172043010753
 40
0.2688172043010753
 40
0.2688172043010753
 40
0.2795698924731183
 40
0.2795698924731183
 40
0.2795698924731183
 40
0.2903225806451613
 40
0.2903225806451613
 40
0.2903225806451613
 40
0.3010752688172043
 40
0.3010752688172043
 40
0.3010752688172043
 40
0.3118279569892473
 40
0.3118279569892473
 40
0.3118279569892473
 40
0.3225806451612904
 40
0.3225806451612904
 40
0.3225806451612904
 40
0.3333333333333334
 40
0.3333333333333334
 40
0.3333333333333334
 40
0.3440860215053764
 40
0.3440860215053764
 40
0.3440860215053764
 40
0.3548387096774194
 40
0.3548387096774194
 40
0.3548387096774194
 40
0.3655913978494624
 40
0.3655913978494624
 40
0.3655913978494624
 40
0.3763440860215054
 40
0.3763440860215054
 40
0.3763440860215054
 40
0.3870967741935484
 40
0.3870967741935484
 40
0.3870967741935484
 40
0.3978494623655914
 40
0.3978494623655914
 40
0.3978494623655914
 40
0.4086021505376344
 40
0.4086021505376344
 40
0.4086021505376344
 40
0.4193548387096774
 40
0.4193548387096774
 40
0.4193548387096774
 40
0.4301075268817205
 40
0.4301075268817205
 40
0.4301075268817205
 40
0.4408602150537635
 40
0.4408602150537635
 40
0.4408602150537635
 40
0.4516129032258065
 40
0.4516129032258065
 40
0.4516129032258065
 40
0.4623655913978495
 40
0.4623655913978495
 40
0.4623655913978495
 40
0.4731182795698925
 40
0.4731182795698925
 40
0.4731182795698925
 40
0.4838709677419355
 40
0.4838709677419355
 40
0.4838709677419355
 40
0.4946236559139786
 40
0.4946236559139786
 40
0.4946236559139786
 40
0.5053763440860215
 40
0.5053763440860215
 40
0.5053763440860215
 40
0.5161290322580645
 40
0.5161290322580645
 40
0.5161290322580645
 40
0.5268817204301076
 40
0.5268817204301076
 40
0.5268817204301076
 40
0.5376344086021506
 40
0.5376344086021506
 40
0.5376344086021506
 40
0.5483870967741936
 40
0.5483870967741936
 40
0.5483870967741936
 40
0.5591397849462366
 40
0.5591397849462366
 40
0.5591397849462366
 40
0.5698924731182796
 40
0.5698924731182796
 40
0.5698924731182796
 40
0.5806451612903226
 40
0.5806451612903226
 40
0.5806451612903226
 40
0.5913978494623656
 40
0.5913978494623656
 40
0.5913978494623656
 40
0.6021505376344086
 40
0.6021505376344086
 40
0.6021505376344086
 40
0.6129032258064516
 40
0.6129032258064516
 40
0.6129032258064516
 40
0.6236559139784946
 40
0.6236559139784946
 40
0.6236559139784946
 40
0.6344086021505377
 40
0.6344086021505377
 40
0.6344086021505377
 40
0.6451612903225807
 40
0.6451612903225807
 40
0.6451612903225807
 40
0.6559139784946237
 40
0.6559139784946237
 40
0.6559139784946237
 40
0.6666666666666667
 40
0.6666666666666667
 40
0.6666666666666667
 40
0.6774193548387097
 40
0.6774193548387097
 40
0.6774193548387097
 40
0.6881720430107527
 40
0.6881720430107527
 40
0.6881720430107527
 40
0.6989247311827957
 40
0.6989247311827957
 40
0.6989247311827957
 40
0.7096774193548387
 40
0.7096774193548387
 40
0.7096774193548387
 40
0.7204301075268817
 40
0.7204301075268817
 40
0.7204301075268817
 40
0.7311827956989247
 40
0.7311827956989247
 40
0.7311827956989247
 40
0.7419354838709677
 40
0.7419354838709677
 40
0.7419354838709677
 40
0.7526881720430109
 40
0.7526881720430109
 40
0.7526881720430109
 40
0.7634408602150539
 40
0.7634408602150539
 40
0.7634408602150539
 40
0.7741935483870969
 40
0.7741935483870969
 40
0.7741935483870969
 40
0.7849462365591399
 40
0.7849462365591399
 40
0.7849462365591399
 40
0.7956989247311829
 40
0.7956989247311829
 40
0.7956989247311829
 40
0.8064516129032259
 40
0.8064516129032259
 40
0.8064516129032259
 40
0.8172043010752689
 40
0.8172043010752689
 40
0.8172043010752689
 40
0.8279569892473119
 40
0.8279569892473119
 40
0.8279569892473119
 40
0.8387096774193549
 40
0.8387096774193549
 40
0.8387096774193549
 40
0.8494623655913979
 40
0.8494623655913979
 40
0.8494623655913979
 40
0.860215053763441
 40
0.860215053763441
 40
0.860215053763441
 40
0.870967741935484
 40
0.870967741935484
 40
0.870967741935484
 40
0.881720430107527
 40
0.881720430107527
 40
0.881720430107527
 40
0.89247311827957
 40
0.89247311827957
 40
0.89247311827957
 40
0.903225806451613
 40
0.903225806451613
 40
0.903225806451613
 40
0.913978494623656
 40
0.913978494623656
 40
0.913978494623656
 40
0.924731182795699
 40
0.924731182795699
 40
0.924731182795699
 40
0.935483870967742
 40
0.935483870967742
 40
0.935483870967742
 40
0.946236559139785
 40
0.946236559139785
 40
0.946236559139785
 40
0.956989247311828
 40
0.956989247311828
 40
0.956989247311828
 40
0.967741935483871
 40
0.967741935483871
 40
0.967741935483871
 40
0.9784946236559141
 40
0.9784946236559141
 40
0.9784946236559141
 40
0.9892473118279571
 40
0.9892473118279571
 40
0.9892473118279571
 40
1.0
 40
1.0
 40
1.0
 40
1.0
 10
-3.13357
 20
3.9262
 30
0.0
 10
-3.12724
 20
3.92545
 30
0.0
 10
-3.1181
 20
3.92532
 30
0.0
 10
-3.11466
 20
3.92532
 30
0.0
 10
-3.09971
 20
3.92532
 30
0.0
 10
-3.08443
 20
3.92621
 30
0.0
 10
-3.06955
 20
3.92715
 30
0.0
 10
-3.05094
 20
3.92833
 30
0.0
 10
-3.03237
 20
3.92975
 30
0.0
 10
-3.01379
 20
3.93109
 30
0.0
 10
-2.99605
 20
3.93236
 30
0.0
 10
-2.97829
 20
3.93358
 30
0.0
 10
-2.9605
 20
3.93443
 30
0.0
 10
-2.945
 20
3.93516
 30
0.0
 10
-2.92912
 20
3.93569
 30
0.0
 10
-2.9136
 20
3.93521
 30
0.0
 10
-2.89289
 20
3.93457
 30
0.0
 10
-2.862
 20
3.93182
 30
0.0
 10
-2.8535
 20
3.91582
 30
0.0
 10
-2.84913
 20
3.90758
 30
0.0
 10
-2.85261
 20
3.89918
 30
0.0
 10
-2.85882
 20
3.89197
 30
0.0
 10
-2.8658
 20
3.88387
 30
0.0
 10
-2.87659
 20
3.87647
 30
0.0
 10
-2.88669
 20
3.87031
 30
0.0
 10
-2.90006
 20
3.86216
 30
0.0
 10
-2.91467
 20
3.85468
 30
0.0
 10
-2.92904
 20
3.84745
 30
0.0
 10
-2.94576
 20
3.83904
 30
0.0
 10
-2.9627
 20
3.83084
 30
0.0
 10
-2.97949
 20
3.8225
 30
0.0
 10
-2.99723
 20
3.81368
 30
0.0
 10
-3.01496
 20
3.8047
 30
0.0
 10
-3.03185
 20
3.79509
 30
0.0
 10
-3.04458
 20
3.78784
 30
0.0
 10
-3.05855
 20
3.7794
 30
0.0
 10
-3.06878
 20
3.77035
 30
0.0
 10
-3.07362
 20
3.76606
 30
0.0
 10
-3.08358
 20
3.75583
 30
0.0
 10
-3.07989
 20
3.74983
 30
0.0
 10
-3.07744
 20
3.74584
 30
0.0
 10
-3.06851
 20
3.74376
 30
0.0
 10
-3.06314
 20
3.74288
 30
0.0
 10
-3.04702
 20
3.74024
 30
0.0
 10
-3.02692
 20
3.74161
 30
0.0
 10
-3.0108
 20
3.74359
 30
0.0
 10
-2.98411
 20
3.74686
 30
0.0
 10
-2.95679
 20
3.75282
 30
0.0
 10
-2.93093
 20
3.75852
 30
0.0
 10
-2.89876
 20
3.76561
 30
0.0
 10
-2.8668
 20
3.7731
 30
0.0
 10
-2.83445
 20
3.77978
 30
0.0
 10
-2.78923
 20
3.78912
 30
0.0
 10
-2.73992
 20
3.7979
 30
0.0
 10
-2.6927
 20
3.79904
 30
0.0
 10
-2.67644
 20
3.79943
 30
0.0
 10
-2.66028
 20
3.79885
 30
0.0
 10
-2.64412
 20
3.79761
 30
0.0
 10
-2.62269
 20
3.79595
 30
0.0
 10
-2.60147
 20
3.79318
 30
0.0
 10
-2.58026
 20
3.79054
 30
0.0
 10
-2.55693
 20
3.78764
 30
0.0
 10
-2.53371
 20
3.78498
 30
0.0
 10
-2.51012
 20
3.78332
 30
0.0
 10
-2.44191
 20
3.77854
 30
0.0
 10
-2.37544
 20
3.78251
 30
0.0
 10
-2.30819
 20
3.79142
 30
0.0
 10
-2.25447
 20
3.79854
 30
0.0
 10
-2.2009
 20
3.80845
 30
0.0
 10
-2.14841
 20
3.8192
 30
0.0
 10
-2.0878
 20
3.8316
 30
0.0
 10
-2.02768
 20
3.84549
 30
0.0
 10
-1.96814
 20
3.86027
 30
0.0
 10
-1.89685
 20
3.87797
 30
0.0
 10
-1.82606
 20
3.89702
 30
0.0
 10
-1.75626
 20
3.9175
 30
0.0
 10
-1.7002
 20
3.93394
 30
0.0
 10
-1.6436
 20
3.95141
 30
0.0
 10
-1.58963
 20
3.97108
 30
0.0
 10
-1.56494
 20
3.98008
 30
0.0
 10
-1.53888
 20
3.9901
 30
0.0
 10
-1.51634
 20
4.00163
 30
0.0
 10
-1.51257
 20
4.00356
 30
0.0
 10
-1.50184
 20
4.00933
 30
0.0
 10
-1.49611
 20
4.01383
 30
0.0
 10
-1.50581
 20
4.01489
 30
0.0
 10
-1.52233
 20
4.01422
 30
0.0
 10
-1.52774
 20
4.01391
 30
0.0
 10
-1.55872
 20
4.01212
 30
0.0
 10
-1.59103
 20
4.00734
 30
0.0
 10
-1.62125
 20
4.00234
 30
0.0
 10
-1.66995
 20
3.99428
 30
0.0
 10
-1.71844
 20
3.98438
 30
0.0
 10
-1.76634
 20
3.97422
 30
0.0
 10
-1.82335
 20
3.96212
 30
0.0
 10
-1.88009
 20
3.94932
 30
0.0
 10
-1.93672
 20
3.93633
 30
0.0
 10
-1.9982
 20
3.92223
 30
0.0
 10
-2.05956
 20
3.90785
 30
0.0
 10
-2.121
 20
3.89364
 30
0.0
 10
-2.17123
 20
3.88202
 30
0.0
 10
-2.22161
 20
3.87036
 30
0.0
 10
-2.27228
 20
3.85974
 30
0.0
 10
-2.30045
 20
3.85384
 30
0.0
 10
-2.32995
 20
3.84779
 30
0.0
 10
-2.35882
 20
3.84386
 30
0.0
 10
-2.37339
 20
3.84188
 30
0.0
 10
-2.40085
 20
3.83759
 30
0.0
 10
-2.40776
 20
3.85078
 30
0.0
 10
-2.41192
 20
3.85871
 30
0.0
 10
-2.40459
 20
3.86519
 30
0.0
 10
-2.39639
 20
3.86976
 30
0.0
 10
-2.38898
 20
3.87389
 30
0.0
 10
-2.38013
 20
3.87751
 30
0.0
 10
-2.3719
 20
3.88076
 30
0.0
 10
-2.34185
 20
3.89259
 30
0.0
 10
-2.30929
 20
3.90295
 30
0.0
 10
-2.27785
 20
3.91278
 30
0.0
 10
-2.23293
 20
3.92683
 30
0.0
 10
-2.18749
 20
3.94017
 30
0.0
 10
-2.14211
 20
3.95347
 30
0.0
 10
-2.08838
 20
3.96922
 30
0.0
 10
-2.03457
 20
3.98484
 30
0.0
 10
-1.9809
 20
4.00071
 30
0.0
 10
-1.92273
 20
4.0179
 30
0.0
 10
-1.86463
 20
4.03533
 30
0.0
 10
-1.80716
 20
4.05367
 30
0.0
 10
-1.76113
 20
4.06836
 30
0.0
 10
-1.71416
 20
4.08376
 30
0.0
 10
-1.67013
 20
4.10128
 30
0.0
 10
-1.64922
 20
4.1096
 30
0.0
 10
-1.62594
 20
4.11949
 30
0.0
 10
-1.60789
 20
4.13076
 30
0.0
 10
-1.6045
 20
4.13287
 30
0.0
 10
-1.59277
 20
4.14077
 30
0.0
 10
-1.59171
 20
4.14462
 30
0.0
 10
-1.59664
 20
4.14814
 30
0.0
 10
-1.61876
 20
4.14983
 30
0.0
 10
-1.62451
 20
4.15012
 30
0.0
 10
-1.65471
 20
4.15164
 30
0.0
 10
-1.68825
 20
4.14929
 30
0.0
 10
-1.71821
 20
4.14656
 30
0.0
 10
-1.76307
 20
4.14248
 30
0.0
 10
-1.808
 20
4.13643
 30
0.0
 10
-1.8523
 20
4.13001
 30
0.0
 10
-1.90468
 20
4.12242
 30
0.0
 10
-1.95685
 20
4.11402
 30
0.0
 10
-2.00889
 20
4.10535
 30
0.0
 10
-2.06568
 20
4.09588
 30
0.0
 10
-2.12233
 20
4.08605
 30
0.0
 10
-2.179
 20
4.07625
 30
0.0
 10
-2.22571
 20
4.06819
 30
0.0
 10
-2.27249
 20
4.06003
 30
0.0
 10
-2.31942
 20
4.05266
 30
0.0
 10
-2.34676
 20
4.04836
 30
0.0
 10
-2.37512
 20
4.04398
 30
0.0
 10
-2.40289
 20
4.04136
 30
0.0
 10
-2.41726
 20
4.04
 30
0.0
 10
-2.44423
 20
4.03675
 30
0.0
 10
-2.44983
 20
4.05001
 30
0.0
 10
-2.45312
 20
4.05779
 30
0.0
 10
-2.44593
 20
4.06359
 30
0.0
 10
-2.43764
 20
4.06758
 30
0.0
 10
-2.43087
 20
4.07084
 30
0.0
 10
-2.42296
 20
4.07361
 30
0.0
 10
-2.41557
 20
4.07609
 30
0.0
 10
-2.38865
 20
4.08516
 30
0.0
 10
-2.35984
 20
4.09293
 30
0.0
 10
-2.33195
 20
4.10037
 30
0.0
 10
-2.28963
 20
4.11166
 30
0.0
 10
-2.24693
 20
4.12234
 30
0.0
 10
-2.20428
 20
4.13297
 30
0.0
 10
-2.15328
 20
4.14568
 30
0.0
 10
-2.10222
 20
4.15825
 30
0.0
 10
-2.05121
 20
4.17095
 30
0.0
 10
-1.99729
 20
4.18436
 30
0.0
 10
-1.94341
 20
4.19788
 30
0.0
 10
-1.88982
 20
4.21192
 30
0.0
 10
-1.84659
 20
4.22325
 30
0.0
 10
-1.80301
 20
4.23487
 30
0.0
 10
-1.76073
 20
4.24788
 30
0.0
 10
-1.74156
 20
4.25378
 30
0.0
 10
-1.72177
 20
4.26016
 30
0.0
 10
-1.70367
 20
4.26759
 30
0.0
 10
-1.70246
 20
4.26808
 30
0.0
 10
-1.70056
 20
4.26888
 30
0.0
 10
-1.69838
 20
4.26984
 30
0.0
 10
-1.70553
 20
4.26974
 30
0.0
 10
-1.71253
 20
4.2694
 30
0.0
 10
-1.71577
 20
4.26921
 30
0.0
 10
-1.74552
 20
4.2675
 30
0.0
 10
-1.77598
 20
4.26372
 30
0.0
 10
-1.80528
 20
4.25974
 30
0.0
 10
-1.85122
 20
4.2535
 30
0.0
 10
-1.89702
 20
4.24607
 30
0.0
 10
-1.94256
 20
4.2385
 30
0.0
 10
-1.99659
 20
4.22951
 30
0.0
 10
-2.0505
 20
4.22014
 30
0.0
 10
-2.10441
 20
4.21079
 30
0.0
 10
-2.16284
 20
4.20065
 30
0.0
 10
-2.22129
 20
4.19048
 30
0.0
 10
-2.27989
 20
4.18083
 30
0.0
 10
-2.32796
 20
4.17291
 30
0.0
 10
-2.37654
 20
4.1651
 30
0.0
 10
-2.42514
 20
4.15902
 30
0.0
 10
-2.45475
 20
4.15532
 30
0.0
 10
-2.48887
 20
4.15143
 30
0.0
 10
-2.51899
 20
4.1519
 30
0.0
 10
-2.53626
 20
4.15217
 30
0.0
 10
-2.56055
 20
4.15412
 30
0.0
 10
-2.56745
 20
4.16758
 30
0.0
 10
-2.57301
 20
4.17841
 30
0.0
 10
-2.56299
 20
4.18899
 30
0.0
 10
-2.55311
 20
4.19666
 30
0.0
 10
-2.54025
 20
4.20664
 30
0.0
 10
-2.52324
 20
4.21574
 30
0.0
 10
-2.50775
 20
4.22357
 30
0.0
 10
-2.48649
 20
4.23433
 30
0.0
 10
-2.46426
 20
4.24433
 30
0.0
 10
-2.44206
 20
4.25409
 30
0.0
 10
-2.41649
 20
4.26533
 30
0.0
 10
-2.39064
 20
4.27628
 30
0.0
 10
-2.36482
 20
4.28724
 30
0.0
 10
-2.33341
 20
4.30055
 30
0.0
 10
-2.30193
 20
4.31384
 30
0.0
 10
-2.27098
 20
4.3277
 30
0.0
 10
-2.24772
 20
4.33811
 30
0.0
 10
-2.22291
 20
4.34934
 30
0.0
 10
-2.20166
 20
4.36174
 30
0.0
 10
-2.19791
 20
4.36393
 30
0.0
 10
-2.18704
 20
4.37062
 30
0.0
 10
-2.18185
 20
4.37552
 30
0.0
 10
-2.19175
 20
4.37633
 30
0.0
 10
-2.20948
 20
4.37485
 30
0.0
 10
-2.2151
 20
4.37428
 30
0.0
 10
-2.24807
 20
4.37094
 30
0.0
 10
-2.28236
 20
4.36419
 30
0.0
 10
-2.31422
 20
4.35741
 30
0.0
 10
-2.35615
 20
4.34847
 30
0.0
 10
-2.39774
 20
4.33825
 30
0.0
 10
-2.43887
 20
4.32761
 30
0.0
 10
-2.48704
 20
4.31514
 30
0.0
 10
-2.53486
 20
4.30192
 30
0.0
 10
-2.58229
 20
4.28811
 30
0.0
 10
-2.63289
 20
4.27338
 30
0.0
 10
-2.68319
 20
4.25794
 30
0.0
 10
-2.73276
 20
4.24153
 30
0.0
 10
-2.77382
 20
4.22794
 30
0.0
 10
-2.81518
 20
4.21358
 30
0.0
 10
-2.85444
 20
4.19753
 30
0.0
 10
-2.88384
 20
4.18552
 30
0.0
 10
-2.92459
 20
4.16758
 30
0.0
 10
-2.9462
 20
4.14864
 30
0.0
 10
-2.95203
 20
4.14353
 30
0.0
 10
-2.96118
 20
4.13423
 30
0.0
 10
-2.95657
 20
4.12723
 30
0.0
 10
-2.95455
 20
4.12417
 30
0.0
 10
-2.95035
 20
4.12164
 30
0.0
 10
-2.94646
 20
4.1198
 30
0.0
 10
-2.94103
 20
4.11724
 30
0.0
 10
-2.93472
 20
4.11528
 30
0.0
 10
-2.92868
 20
4.11357
 30
0.0
 10
-2.91045
 20
4.10841
 30
0.0
 10
-2.88126
 20
4.10354
 30
0.0
 10
-2.87374
 20
4.08918
 30
0.0
 10
-2.8684
 20
4.079
 30
0.0
 10
-2.8757
 20
4.06912
 30
0.0
 10
-2.88487
 20
4.06144
 30
0.0
 10
-2.89803
 20
4.05041
 30
0.0
 10
-2.91796
 20
4.03965
 30
0.0
 10
-2.93425
 20
4.03096
 30
0.0
 10
-2.95724
 20
4.0187
 30
0.0
 10
-2.98101
 20
4.00706
 30
0.0
 10
-3.0047
 20
3.99549
 30
0.0
 10
-3.0362
 20
3.98012
 30
0.0
 10
-3.06876
 20
3.96485
 30
0.0
 10
-3.09904
 20
3.94833
 30
0.0
 10
-3.10487
 20
3.94514
 30
0.0
 10
-3.12566
 20
3.93346
 30
0.0
 10
-3.13357
 20
3.9262
 30
0.0
  0
SPLINE
  5
88
330
1F
100
AcDbEntity
  8
Plan 1
 62
   250
370
    20
100
AcDbSpline
210
0.0
220
0.0
230
1.0
 70
    11
 71
     3
 72
    29
 73
    25
 74
     0
 42
0.0000000001
 43
0.0000000001
 40
0.0
 40
0.0
 40
0.0
 40
0.0
 40
0.125
 40
0.125
 40
0.125
 40
0.25
 40
0.25
 40
0.25
 40
0.375
 40
0.375
 40
0.375
 40
0.5
 40
0.5
 40
0.5
 40
0.625
 40
0.625
 40
0.625
 40
0.75
 40
0.75
 40
0.75
 40
0.875
 40
0.875
 40
0.875
 40
1.0
 40
1.0
 40
1.0
 40
1.0
 10
-3.27326
 20
4.08057
 30
0.0
 10
-3.53504
 20
3.92918
 30
0.0
 10
-3.79521
 20
3.77639
 30
0.0
 10
-4.05442
 20
3.6228
 30
0.0
 10
-4.00551
 20
3.5498
 30
0.0
 10
-3.96564
 20
3.47364
 30
0.0
 10
-3.9386
 20
3.39509
 30
0.0
 10
-3.91051
 20
3.3135
 30
0.0
 10
-3.89654
 20
3.22942
 30
0.0
 10
-3.89994
 20
3.14544
 30
0.0
 10
-3.89196
 20
3.14515
 30
0.0
 10
-3.88382
 20
3.14465
 30
0.0
 10
-3.87748
 20
3.14331
 30
0.0
 10
-3.80662
 20
3.12835
 30
0.0
 10
-3.73575
 20
3.1134
 30
0.0
 10
-3.66489
 20
3.09844
 30
0.0
 10
-3.66217
 20
3.09787
 30
0.0
 10
-3.65945
 20
3.0973
 30
0.0
 10
-3.65672
 20
3.09672
 30
0.0
 10
-3.45284
 20
3.0537
 30
0.0
 10
-3.24895
 20
3.01067
 30
0.0
 10
-3.04506
 20
2.96765
 30
0.0
 10
-3.33095
 20
3.30548
 30
0.0
 10
-3.3609
 20
3.69866
 30
0.0
 10
-3.27326
 20
4.08057
 30
0.0
  0
SPLINE
  5
89
330
1F
100
AcDbEntity
  8
Plan 1
 62
   250
370
    20
100
AcDbSpline
210
0.0
220
0.0
230
1.0
 70
    11
 71
     3
 72
    20
 73
    16
 74
     0
 42
0.0000000001
 43
0.0000000001
 40
0.0
 40
0.0
 40
0.0
 40
0.0
 40
0.2
 40
0.2
 40
0.2
 40
0.4
 40
0.4
 40
0.4
 40
0.6000000000000001
 40
0.6000000000000001
 40
0.6000000000000001
 40
0.8
 40
0.8
 40
0.8
 40
1.0
 40
1.0
 40
1.0
 40
1.0
 10
0.77782
 20
8.32593
 30
0.0
 10
0.77593
 20
8.32207
 30
0.0
 10
0.77363
 20
8.31831
 30
0.0
 10
0.77089
 20
8.31472
 30
0.0
 10
0.67862
 20
8.19364
 30
0.0
 10
0.58637
 20
8.07257
 30
0.0
 10
0.4941
 20
7.95149
 30
0.0
 10
0.4941
 20
7.95149
 30
0.0
 10
1.106
 20
7.7066
 30
0.0
 10
1.106
 20
7.7066
 30
0.0
 10
1.15779
 20
7.91305
 30
0.0
 10
1.20958
 20
8.11949
 30
0.0
 10
1.26138
 20
8.32593
 30
0.0
 10
1.26138
 20
8.32593
 30
0.0
 10
0.77782
 20
8.32593
 30
0.0
 10
0.77782
 20
8.32593
 30
0.0
  0
SPLINE
  5
8A
330
1F
100
AcDbEntity
  8
Plan 1
 62
   250
370
    20
100
AcDbSpline
210
0.0
220
0.0
230
1.0
 70
    11
 71
     3
 72
    26
 73
    22
 74
     0
 42
0.0000000001
 43
0.0000000001
 40
0.0
 40
0.0
 40
0.0
 40
0.0
 40
0.1428571428571428
 40
0.1428571428571428
 40
0.1428571428571428
 40
0.2857142857142857
 40
0.2857142857142857
 40
0.2857142857142857
 40
0.4285714285714285
 40
0.4285714285714285
 40
0.4285714285714285
 40
0.5714285714285714
 40
0.5714285714285714
 40
0.5714285714285714
 40
0.7142857142857142
 40
0.7142857142857142
 40
0.7142857142857142
 40
0.8571428571428571
 40
0.8571428571428571
 40
0.8571428571428571
 40
1.0
 40
1.0
 40
1.0
 40
1.0
 10
0.60127
 20
8.32593
 30
0.0
 10
0.60127
 20
8.32593
 30
0.0
 10
0.27098
 20
8.32593
 30
0.0
 10
0.27098
 20
8.32593
 30
0.0
 10
0.26927
 20
8.31986
 30
0.0
 10
0.26615
 20
8.31399
 30
0.0
 10
0.26149
 20
8.3088
 30
0.0
 10
0.26149
 20
8.3088
 30
0.0
 10
-0.50458
 20
7.45433
 30
0.0
 10
-0.50458
 20
7.45433
 30
0.0
 10
-0.50777
 20
7.45078
 30
0.0
 10
-0.51167
 20
7.44757
 30
0.0
 10
-0.51625
 20
7.44496
 30
0.0
 10
-0.48297
 20
7.31258
 30
0.0
 10
-0.44969
 20
7.1802
 30
0.0
 10
-0.41641
 20
7.04783
 30
0.0
 10
-0.40071
 20
7.0493
 30
0.0
 10
-0.38501
 20
7.05077
 30
0.0
 10
-0.3693
 20
7.05222
 30
0.0
 10
-0.04578
 20
7.47679
 30
0.0
 10
0.27773
 20
7.90137
 30
0.0
 10
0.60127
 20
8.32593
 30
0.0
  0
SPLINE
  5
8B
330
1F
100
AcDbEntity
  8
Plan 1
 62
   250
370
    20
100
AcDbSpline
210
0.0
220
0.0
230
1.0
 70
    11
 71
     3
 72
    14
 73
    10
 74
     0
 42
0.0000000001
 43
0.0000000001
 40
0.0
 40
0.0
 40
0.0
 40
0.0
 40
0.3333333333333333
 40
0.3333333333333333
 40
0.3333333333333333
 40
0.6666666666666666
 40
0.6666666666666666
 40
0.6666666666666666
 40
1.0
 40
1.0
 40
1.0
 40
1.0
 10
0.14972
 20
8.32593
 30
0.0
 10
0.14972
 20
8.32593
 30
0.0
 10
-0.7377
 20
8.32593
 30
0.0
 10
-0.7377
 20
8.32593
 30
0.0
 10
-0.67293
 20
8.06824
 30
0.0
 10
-0.60815
 20
7.81056
 30
0.0
 10
-0.54338
 20
7.55287
 30
0.0
 10
-0.54338
 20
7.55287
 30
0.0
 10
0.14972
 20
8.32593
 30
0.0
 10
0.14972
 20
8.32593
 30
0.0
  0
SPLINE
  5
8C
330
1F
100
AcDbEntity
  8
Plan 1
 62
   250
370
    20
100
AcDbSpline
210
0.0
220
0.0
230
1.0
 70
    11
 71
     3
 72
    17
 73
    13
 74
     0
 42
0.0000000001
 43
0.0000000001
 40
0.0
 40
0.0
 40
0.0
 40
0.0
 40
0.25
 40
0.25
 40
0.25
 40
0.5
 40
0.5
 40
0.5
 40
0.75
 40
0.75
 40
0.75
 40
1.0
 40
1.0
 40
1.0
 40
1.0
 10
-0.56097
 20
7.03379
 30
0.0
 10
-0.66925
 20
7.4645
 30
0.0
 10
-0.77752
 20
7.89522
 30
0.0
 10
-0.88579
 20
8.32593
 30
0.0
 10
-0.88579
 20
8.32593
 30
0.0
 10
-1.18245
 20
8.32593
 30
0.0
 10
-1.18245
 20
8.32593
 30
0.0
 10
-1.18245
 20
8.32593
 30
0.0
 10
-0.86679
 20
7.0015
 30
0.0
 10
-0.86679
 20
7.0015
 30
0.0
 10
-0.76497
 20
7.01282
 30
0.0
 10
-0.66303
 20
7.02359
 30
0.0
 10
-0.56097
 20
7.03379
 30
0.0
  0
SPLINE
  5
8D
330
1F
100
AcDbEntity
  8
Plan 1
 62
   250
370
    20
100
AcDbSpline
210
0.0
220
0.0
230
1.0
 70
    11
 71
     3
 72
    17
 73
    13
 74
     0
 42
0.0000000001
 43
0.0000000001
 40
0.0
 40
0.0
 40
0.0
 40
0.0
 40
0.25
 40
0.25
 40
0.25
 40
0.5
 40
0.5
 40
0.5
 40
0.75
 40
0.75
 40
0.75
 40
1.0
 40
1.0
 40
1.0
 40
1.0
 10
-1.28269
 20
8.32593
 30
0.0
 10
-1.28269
 20
8.32593
 30
0.0
 10
-1.59018
 20
8.32593
 30
0.0
 10
-1.59018
 20
8.32593
 30
0.0
 10
-1.59018
 20
8.32593
 30
0.0
 10
-1.29994
 20
6.95014
 30
0.0
 10
-1.29994
 20
6.95014
 30
0.0
 10
-1.18825
 20
6.96419
 30
0.0
 10
-1.07641
 20
6.97767
 30
0.0
 10
-0.96441
 20
6.9905
 30
0.0
 10
-0.96441
 20
6.9905
 30
0.0
 10
-1.28269
 20
8.32593
 30
0.0
 10
-1.28269
 20
8.32593
 30
0.0
  0
SPLINE
  5
8E
330
1F
100
AcDbEntity
  8
Plan 1
 62
   250
370
    20
100
AcDbSpline
210
0.0
220
0.0
230
1.0
 70
    11
 71
     3
 72
    26
 73
    22
 74
     0
 42
0.0000000001
 43
0.0000000001
 40
0.0
 40
0.0
 40
0.0
 40
0.0
 40
0.1428571428571428
 40
0.1428571428571428
 40
0.1428571428571428
 40
0.2857142857142857
 40
0.2857142857142857
 40
0.2857142857142857
 40
0.4285714285714285
 40
0.4285714285714285
 40
0.4285714285714285
 40
0.5714285714285714
 40
0.5714285714285714
 40
0.5714285714285714
 40
0.7142857142857142
 40
0.7142857142857142
 40
0.7142857142857142
 40
0.8571428571428571
 40
0.8571428571428571
 40
0.8571428571428571
 40
1.0
 40
1.0
 40
1.0
 40
1.0
 10
-1.71873
 20
6.89469
 30
0.0
 10
-1.61164
 20
6.90955
 30
0.0
 10
-1.50443
 20
6.92393
 30
0.0
 10
-1.39707
 20
6.93777
 30
0.0
 10
-1.39707
 20
6.93777
 30
0.0
 10
-1.68991
 20
8.32593
 30
0.0
 10
-1.68991
 20
8.32593
 30
0.0
 10
-1.68991
 20
8.32593
 30
0.0
 10
-1.87609
 20
8.32593
 30
0.0
 10
-1.87609
 20
8.32593
 30
0.0
 10
-1.87661
 20
8.32486
 30
0.0
 10
-1.87717
 20
8.32379
 30
0.0
 10
-1.87776
 20
8.32273
 30
0.0
 10
-1.87776
 20
8.32273
 30
0.0
 10
-1.99574
 20
8.11125
 30
0.0
 10
-1.99574
 20
8.11125
 30
0.0
 10
-1.98886
 20
8.1048
 30
0.0
 10
-1.98467
 20
8.09686
 30
0.0
 10
-1.98292
 20
8.08893
 30
0.0
 10
-1.98292
 20
8.08893
 30
0.0
 10
-1.71873
 20
6.89469
 30
0.0
 10
-1.71873
 20
6.89469
 30
0.0
  0
SPLINE
  5
8F
330
1F
100
AcDbEntity
  8
Plan 1
 62
   250
370
    20
100
AcDbSpline
210
0.0
220
0.0
230
1.0
 70
    11
 71
     3
 72
    20
 73
    16
 74
     0
 42
0.0000000001
 43
0.0000000001
 40
0.0
 40
0.0
 40
0.0
 40
0.0
 40
0.2
 40
0.2
 40
0.2
 40
0.4
 40
0.4
 40
0.4
 40
0.6000000000000001
 40
0.6000000000000001
 40
0.6000000000000001
 40
0.8
 40
0.8
 40
0.8
 40
1.0
 40
1.0
 40
1.0
 40
1.0
 10
-2.06164
 20
7.99312
 30
0.0
 10
-2.06164
 20
7.99312
 30
0.0
 10
-2.25563
 20
7.6454
 30
0.0
 10
-2.25563
 20
7.6454
 30
0.0
 10
-2.24876
 20
7.63895
 30
0.0
 10
-2.24458
 20
7.63103
 30
0.0
 10
-2.24282
 20
7.62311
 30
0.0
 10
-2.24282
 20
7.62311
 30
0.0
 10
-2.0697
 20
6.84424
 30
0.0
 10
-2.0697
 20
6.84424
 30
0.0
 10
-1.9851
 20
6.85681
 30
0.0
 10
-1.90041
 20
6.86911
 30
0.0
 10
-1.81564
 20
6.88111
 30
0.0
 10
-1.81564
 20
6.88111
 30
0.0
 10
-2.06164
 20
7.99312
 30
0.0
 10
-2.06164
 20
7.99312
 30
0.0
  0
SPLINE
  5
90
330
1F
100
AcDbEntity
  8
Plan 1
 62
   250
370
    20
100
AcDbSpline
210
0.0
220
0.0
230
1.0
 70
    11
 71
     3
 72
    14
 73
    10
 74
     0
 42
0.0000000001
 43
0.0000000001
 40
0.0
 40
0.0
 40
0.0
 40
0.0
 40
0.3333333333333333
 40
0.3333333333333333
 40
0.3333333333333333
 40
0.6666666666666666
 40
0.6666666666666666
 40
0.6666666666666666
 40
1.0
 40
1.0
 40
1.0
 40
1.0
 10
-2.0392
 20
8.32593
 30
0.0
 10
-2.0392
 20
8.32593
 30
0.0
 10
-3.16518
 20
8.32593
 30
0.0
 10
-3.16518
 20
8.32593
 30
0.0
 10
-3.16518
 20
8.32593
 30
0.0
 10
-2.75139
 20
7.04934
 30
0.0
 10
-2.75139
 20
7.04934
 30
0.0
 10
-2.75139
 20
7.04934
 30
0.0
 10
-2.0392
 20
8.32593
 30
0.0
 10
-2.0392
 20
8.32593
 30
0.0
  0
SPLINE
  5
91
330
1F
100
AcDbEntity
  8
Plan 1
 62
   250
370
    20
100
AcDbSpline
210
0.0
220
0.0
230
1.0
 70
    11
 71
     3
 72
    17
 73
    13
 74
     0
 42
0.0000000001
 43
0.0000000001
 40
0.0
 40
0.0
 40
0.0
 40
0.0
 40
0.25
 40
0.25
 40
0.25
 40
0.5
 40
0.5
 40
0.5
 40
0.75
 40
0.75
 40
0.75
 40
1.0
 40
1.0
 40
1.0
 40
1.0
 10
-3.31594
 20
8.32593
 30
0.0
 10
-3.31594
 20
8.32593
 30
0.0
 10
-4.70515
 20
8.32593
 30
0.0
 10
-4.70515
 20
8.32593
 30
0.0
 10
-4.70515
 20
8.32593
 30
0.0
 10
-2.91598
 20
6.75432
 30
0.0
 10
-2.91598
 20
6.75432
 30
0.0
 10
-2.91598
 20
6.75432
 30
0.0
 10
-2.84674
 20
6.87843
 30
0.0
 10
-2.84674
 20
6.87843
 30
0.0
 10
-2.84674
 20
6.87843
 30
0.0
 10
-3.31594
 20
8.32593
 30
0.0
 10
-3.31594
 20
8.32593
 30
0.0
  0
SPLINE
  5
92
330
1F
100
AcDbEntity
  8
Plan 1
 62
   250
370
    20
100
AcDbSpline
210
0.0
220
0.0
230
1.0
 70
    11
 71
     3
 72
    20
 73
    16
 74
     0
 42
0.0000000001
 43
0.0000000001
 40
0.0
 40
0.0
 40
0.0
 40
0.0
 40
0.2
 40
0.2
 40
0.2
 40
0.4
 40
0.4
 40
0.4
 40
0.6000000000000001
 40
0.6000000000000001
 40
0.6000000000000001
 40
0.8
 40
0.8
 40
0.8
 40
1.0
 40
1.0
 40
1.0
 40
1.0
 10
1.69894
 20
8.32593
 30
0.0
 10
1.69894
 20
8.32593
 30
0.0
 10
1.40945
 20
8.32593
 30
0.0
 10
1.40945
 20
8.32593
 30
0.0
 10
1.34634
 20
8.07436
 30
0.0
 10
1.28321
 20
7.82279
 30
0.0
 10
1.22011
 20
7.57122
 30
0.0
 10
1.22011
 20
7.57122
 30
0.0
 10
1.72855
 20
7.791
 30
0.0
 10
1.72855
 20
7.791
 30
0.0
 10
1.72933
 20
7.79133
 30
0.0
 10
1.73012
 20
7.79165
 30
0.0
 10
1.73093
 20
7.79196
 30
0.0
 10
1.72026
 20
7.96995
 30
0.0
 10
1.7096
 20
8.14794
 30
0.0
 10
1.69894
 20
8.32593
 30
0.0
  0
SPLINE
  5
93
330
1F
100
AcDbEntity
  8
Plan 1
 62
   250
370
    20
100
AcDbSpline
210
0.0
220
0.0
230
1.0
 70
    11
 71
     3
 72
    17
 73
    13
 74
     0
 42
0.0000000001
 43
0.0000000001
 40
0.0
 40
0.0
 40
0.0
 40
0.0
 40
0.25
 40
0.25
 40
0.25
 40
0.5
 40
0.5
 40
0.5
 40
0.75
 40
0.75
 40
0.75
 40
1.0
 40
1.0
 40
1.0
 40
1.0
 10
1.08363
 20
7.61742
 30
0.0
 10
1.08363
 20
7.61742
 30
0.0
 10
0.4368
 20
7.87629
 30
0.0
 10
0.4368
 20
7.87629
 30
0.0
 10
0.40924
 20
7.84013
 30
0.0
 10
0.38167
 20
7.80396
 30
0.0
 10
0.35412
 20
7.76779
 30
0.0
 10
0.35412
 20
7.76779
 30
0.0
 10
1.04636
 20
7.46883
 30
0.0
 10
1.04636
 20
7.46883
 30
0.0
 10
1.05879
 20
7.51836
 30
0.0
 10
1.07121
 20
7.56789
 30
0.0
 10
1.08363
 20
7.61742
 30
0.0
  0
SPLINE
  5
94
330
1F
100
AcDbEntity
  8
Plan 1
 62
   250
370
    20
100
AcDbSpline
210
0.0
220
0.0
230
1.0
 70
    11
 71
     3
 72
    17
 73
    13
 74
     0
 42
0.0000000001
 43
0.0000000001
 40
0.0
 40
0.0
 40
0.0
 40
0.0
 40
0.25
 40
0.25
 40
0.25
 40
0.5
 40
0.5
 40
0.5
 40
0.75
 40
0.75
 40
0.75
 40
1.0
 40
1.0
 40
1.0
 40
1.0
 10
0.29712
 20
7.69298
 30
0.0
 10
0.28056
 20
7.67126
 30
0.0
 10
0.264
 20
7.64953
 30
0.0
 10
0.24745
 20
7.6278
 30
0.0
 10
0.24745
 20
7.6278
 30
0.0
 10
0.97732
 20
7.19359
 30
0.0
 10
0.97732
 20
7.19359
 30
0.0
 10
0.99283
 20
7.25543
 30
0.0
 10
1.00835
 20
7.31728
 30
0.0
 10
1.02386
 20
7.37913
 30
0.0
 10
1.02386
 20
7.37913
 30
0.0
 10
0.29712
 20
7.69298
 30
0.0
 10
0.29712
 20
7.69298
 30
0.0
  0
SPLINE
  5
95
330
1F
100
AcDbEntity
  8
Plan 1
 62
   250
370
    20
100
AcDbSpline
210
0.0
220
0.0
230
1.0
 70
    11
 71
     3
 72
    20
 73
    16
 74
     0
 42
0.0000000001
 43
0.0000000001
 40
0.0
 40
0.0
 40
0.0
 40
0.0
 40
0.2
 40
0.2
 40
0.2
 40
0.4
 40
0.4
 40
0.4
 40
0.6000000000000001
 40
0.6000000000000001
 40
0.6000000000000001
 40
0.8
 40
0.8
 40
0.8
 40
1.0
 40
1.0
 40
1.0
 40
1.0
 10
0.19118
 20
7.55396
 30
0.0
 10
0.15627
 20
7.50814
 30
0.0
 10
0.12135
 20
7.46232
 30
0.0
 10
0.08644
 20
7.4165
 30
0.0
 10
0.08644
 20
7.4165
 30
0.0
 10
0.91893
 20
6.96083
 30
0.0
 10
0.91893
 20
6.96083
 30
0.0
 10
0.93059
 20
7.00729
 30
0.0
 10
0.94224
 20
7.05375
 30
0.0
 10
0.9539
 20
7.10022
 30
0.0
 10
0.95364
 20
7.10037
 30
0.0
 10
0.95338
 20
7.10052
 30
0.0
 10
0.95313
 20
7.10067
 30
0.0
 10
0.95313
 20
7.10067
 30
0.0
 10
0.19118
 20
7.55396
 30
0.0
 10
0.19118
 20
7.55396
 30
0.0
  0
SPLINE
  5
96
330
1F
100
AcDbEntity
  8
Plan 1
 62
   250
370
    20
100
AcDbSpline
210
0.0
220
0.0
230
1.0
 70
    11
 71
     3
 72
    17
 73
    13
 74
     0
 42
0.0000000001
 43
0.0000000001
 40
0.0
 40
0.0
 40
0.0
 40
0.0
 40
0.25
 40
0.25
 40
0.25
 40
0.5
 40
0.5
 40
0.5
 40
0.75
 40
0.75
 40
0.75
 40
1.0
 40
1.0
 40
1.0
 40
1.0
 10
0.03007
 20
7.34253
 30
0.0
 10
-0.01482
 20
7.28361
 30
0.0
 10
-0.05973
 20
7.22468
 30
0.0
 10
-0.10463
 20
7.16576
 30
0.0
 10
-0.10463
 20
7.16576
 30
0.0
 10
0.85689
 20
6.71347
 30
0.0
 10
0.85689
 20
6.71347
 30
0.0
 10
0.86986
 20
6.7652
 30
0.0
 10
0.88284
 20
6.81693
 30
0.0
 10
0.89581
 20
6.86866
 30
0.0
 10
0.89581
 20
6.86866
 30
0.0
 10
0.03007
 20
7.34253
 30
0.0
 10
0.03007
 20
7.34253
 30
0.0
  0
SPLINE
  5
97
330
1F
100
AcDbEntity
  8
Plan 1
 62
   250
370
    20
100
AcDbSpline
210
0.0
220
0.0
230
1.0
 70
    11
 71
     3
 72
    23
 73
    19
 74
     0
 42
0.0000000001
 43
0.0000000001
 40
0.0
 40
0.0
 40
0.0
 40
0.0
 40
0.1666666666666667
 40
0.1666666666666667
 40
0.1666666666666667
 40
0.3333333333333333
 40
0.3333333333333333
 40
0.3333333333333333
 40
0.5
 40
0.5
 40
0.5
 40
0.6666666666666666
 40
0.6666666666666666
 40
0.6666666666666666
 40
0.8333333333333333
 40
0.8333333333333333
 40
0.8333333333333333
 40
1.0
 40
1.0
 40
1.0
 40
1.0
 10
-0.22195
 20
6.85252
 30
0.0
 10
-0.22195
 20
6.85252
 30
0.0
 10
-0.09784
 20
6.46389
 30
0.0
 10
-0.09784
 20
6.46389
 30
0.0
 10
-0.09764
 20
6.46328
 30
0.0
 10
-0.09746
 20
6.46266
 30
0.0
 10
-0.0973
 20
6.46204
 30
0.0
 10
-0.07953
 20
6.46184
 30
0.0
 10
-0.06176
 20
6.46163
 30
0.0
 10
-0.044
 20
6.46143
 30
0.0
 10
-0.044
 20
6.46143
 30
0.0
 10
-0.05654
 20
6.75361
 30
0.0
 10
-0.05654
 20
6.75361
 30
0.0
 10
-0.05672
 20
6.75768
 30
0.0
 10
-0.05631
 20
6.76178
 30
0.0
 10
-0.05529
 20
6.7658
 30
0.0
 10
-0.11089
 20
6.79466
 30
0.0
 10
-0.16644
 20
6.82357
 30
0.0
 10
-0.22195
 20
6.85252
 30
0.0
  0
SPLINE
  5
98
330
1F
100
AcDbEntity
  8
Plan 1
 62
   250
370
    20
100
AcDbSpline
210
0.0
220
0.0
230
1.0
 70
    11
 71
     3
 72
    26
 73
    22
 74
     0
 42
0.0000000001
 43
0.0000000001
 40
0.0
 40
0.0
 40
0.0
 40
0.0
 40
0.1428571428571428
 40
0.1428571428571428
 40
0.1428571428571428
 40
0.2857142857142857
 40
0.2857142857142857
 40
0.2857142857142857
 40
0.4285714285714285
 40
0.4285714285714285
 40
0.4285714285714285
 40
0.5714285714285714
 40
0.5714285714285714
 40
0.5714285714285714
 40
0.7142857142857142
 40
0.7142857142857142
 40
0.7142857142857142
 40
0.8571428571428571
 40
0.8571428571428571
 40
0.8571428571428571
 40
1.0
 40
1.0
 40
1.0
 40
1.0
 10
-0.3363
 20
6.91224
 30
0.0
 10
-0.3393
 20
6.91381
 30
0.0
 10
-0.3423
 20
6.91537
 30
0.0
 10
-0.3453
 20
6.91694
 30
0.0
 10
-0.3742
 20
6.91428
 30
0.0
 10
-0.40309
 20
6.91157
 30
0.0
 10
-0.43197
 20
6.90881
 30
0.0
 10
-0.43197
 20
6.90881
 30
0.0
 10
-0.26341
 20
6.46803
 30
0.0
 10
-0.26341
 20
6.46803
 30
0.0
 10
-0.26289
 20
6.46667
 30
0.0
 10
-0.26244
 20
6.4653
 30
0.0
 10
-0.26207
 20
6.46392
 30
0.0
 10
-0.24128
 20
6.46369
 30
0.0
 10
-0.2205
 20
6.46345
 30
0.0
 10
-0.19971
 20
6.46321
 30
0.0
 10
-0.19971
 20
6.46321
 30
0.0
 10
-0.33563
 20
6.88885
 30
0.0
 10
-0.33563
 20
6.88885
 30
0.0
 10
-0.33806
 20
6.89645
 30
0.0
 10
-0.33829
 20
6.90451
 30
0.0
 10
-0.3363
 20
6.91224
 30
0.0
  0
SPLINE
  5
99
330
1F
100
AcDbEntity
  8
Plan 1
 62
   250
370
    20
100
AcDbSpline
210
0.0
220
0.0
230
1.0
 70
    11
 71
     3
 72
    20
 73
    16
 74
     0
 42
0.0000000001
 43
0.0000000001
 40
0.0
 40
0.0
 40
0.0
 40
0.0
 40
0.2
 40
0.2
 40
0.2
 40
0.4
 40
0.4
 40
0.4
 40
0.6000000000000001
 40
0.6000000000000001
 40
0.6000000000000001
 40
0.8
 40
0.8
 40
0.8
 40
1.0
 40
1.0
 40
1.0
 40
1.0
 10
-0.53209
 20
6.89906
 30
0.0
 10
-0.55439
 20
6.89684
 30
0.0
 10
-0.57668
 20
6.8946
 30
0.0
 10
-0.59896
 20
6.89233
 30
0.0
 10
-0.59896
 20
6.89233
 30
0.0
 10
-0.47556
 20
6.46714
 30
0.0
 10
-0.47556
 20
6.46714
 30
0.0
 10
-0.47549
 20
6.46688
 30
0.0
 10
-0.47541
 20
6.46662
 30
0.0
 10
-0.47535
 20
6.46637
 30
0.0
 10
-0.43895
 20
6.46595
 30
0.0
 10
-0.40255
 20
6.46552
 30
0.0
 10
-0.36615
 20
6.46511
 30
0.0
 10
-0.36615
 20
6.46511
 30
0.0
 10
-0.53209
 20
6.89906
 30
0.0
 10
-0.53209
 20
6.89906
 30
0.0
  0
SPLINE
  5
9A
330
1F
100
AcDbEntity
  8
Plan 1
 62
   250
370
    20
100
AcDbSpline
210
0.0
220
0.0
230
1.0
 70
    11
 71
     3
 72
    20
 73
    16
 74
     0
 42
0.0000000001
 43
0.0000000001
 40
0.0
 40
0.0
 40
0.0
 40
0.0
 40
0.2
 40
0.2
 40
0.2
 40
0.4
 40
0.4
 40
0.4
 40
0.6000000000000001
 40
0.6000000000000001
 40
0.6000000000000001
 40
0.8
 40
0.8
 40
0.8
 40
1.0
 40
1.0
 40
1.0
 40
1.0
 10
-0.69736
 20
6.88212
 30
0.0
 10
-0.72642
 20
6.87905
 30
0.0
 10
-0.75548
 20
6.87593
 30
0.0
 10
-0.78452
 20
6.87278
 30
0.0
 10
-0.78452
 20
6.87278
 30
0.0
 10
-0.64821
 20
6.47094
 30
0.0
 10
-0.64821
 20
6.47094
 30
0.0
 10
-0.64792
 20
6.47008
 30
0.0
 10
-0.64766
 20
6.46921
 30
0.0
 10
-0.64742
 20
6.46835
 30
0.0
 10
-0.62396
 20
6.46807
 30
0.0
 10
-0.6005
 20
6.4678
 30
0.0
 10
-0.57704
 20
6.46753
 30
0.0
 10
-0.57704
 20
6.46753
 30
0.0
 10
-0.69736
 20
6.88212
 30
0.0
 10
-0.69736
 20
6.88212
 30
0.0
  0
SPLINE
  5
9B
330
1F
100
AcDbEntity
  8
Plan 1
 62
   250
370
    20
100
AcDbSpline
210
0.0
220
0.0
230
1.0
 70
    11
 71
     3
 72
    20
 73
    16
 74
     0
 42
0.0000000001
 43
0.0000000001
 40
0.0
 40
0.0
 40
0.0
 40
0.0
 40
0.2
 40
0.2
 40
0.2
 40
0.4
 40
0.4
 40
0.4
 40
0.6000000000000001
 40
0.6000000000000001
 40
0.6000000000000001
 40
0.8
 40
0.8
 40
0.8
 40
1.0
 40
1.0
 40
1.0
 40
1.0
 10
-0.88343
 20
6.86185
 30
0.0
 10
-0.92008
 20
6.85773
 30
0.0
 10
-0.95671
 20
6.85354
 30
0.0
 10
-0.99333
 20
6.84929
 30
0.0
 10
-0.99333
 20
6.84929
 30
0.0
 10
-0.83702
 20
6.47588
 30
0.0
 10
-0.83702
 20
6.47588
 30
0.0
 10
-0.83629
 20
6.47412
 30
0.0
 10
-0.83567
 20
6.47232
 30
0.0
 10
-0.83519
 20
6.47052
 30
0.0
 10
-0.8069
 20
6.47019
 30
0.0
 10
-0.77862
 20
6.46986
 30
0.0
 10
-0.75034
 20
6.46953
 30
0.0
 10
-0.75034
 20
6.46953
 30
0.0
 10
-0.88343
 20
6.86185
 30
0.0
 10
-0.88343
 20
6.86185
 30
0.0
  0
SPLINE
  5
9C
330
1F
100
AcDbEntity
  8
Plan 1
 62
   250
370
    20
100
AcDbSpline
210
0.0
220
0.0
230
1.0
 70
    11
 71
     3
 72
    20
 73
    16
 74
     0
 42
0.0000000001
 43
0.0000000001
 40
0.0
 40
0.0
 40
0.0
 40
0.0
 40
0.2
 40
0.2
 40
0.2
 40
0.4
 40
0.4
 40
0.4
 40
0.6000000000000001
 40
0.6000000000000001
 40
0.6000000000000001
 40
0.8
 40
0.8
 40
0.8
 40
1.0
 40
1.0
 40
1.0
 40
1.0
 10
-1.02314
 20
6.4727
 30
0.0
 10
-0.99552
 20
6.47238
 30
0.0
 10
-0.9679
 20
6.47205
 30
0.0
 10
-0.94028
 20
6.47173
 30
0.0
 10
-0.94028
 20
6.47173
 30
0.0
 10
-1.09338
 20
6.8375
 30
0.0
 10
-1.09338
 20
6.8375
 30
0.0
 10
-1.11914
 20
6.83442
 30
0.0
 10
-1.14489
 20
6.8313
 30
0.0
 10
-1.17064
 20
6.82815
 30
0.0
 10
-1.17064
 20
6.82815
 30
0.0
 10
-1.02494
 20
6.47797
 30
0.0
 10
-1.02494
 20
6.47797
 30
0.0
 10
-1.02422
 20
6.47624
 30
0.0
 10
-1.02362
 20
6.47448
 30
0.0
 10
-1.02314
 20
6.4727
 30
0.0
  0
SPLINE
  5
9D
330
1F
100
AcDbEntity
  8
Plan 1
 62
   250
370
    20
100
AcDbSpline
210
0.0
220
0.0
230
1.0
 70
    11
 71
     3
 72
    29
 73
    25
 74
     0
 42
0.0000000001
 43
0.0000000001
 40
0.0
 40
0.0
 40
0.0
 40
0.0
 40
0.125
 40
0.125
 40
0.125
 40
0.25
 40
0.25
 40
0.25
 40
0.375
 40
0.375
 40
0.375
 40
0.5
 40
0.5
 40
0.5
 40
0.625
 40
0.625
 40
0.625
 40
0.75
 40
0.75
 40
0.75
 40
0.875
 40
0.875
 40
0.875
 40
1.0
 40
1.0
 40
1.0
 40
1.0
 10
-1.98309
 20
6.28845
 30
0.0
 10
-2.02266
 20
6.24932
 30
0.0
 10
-2.06242
 20
6.21028
 30
0.0
 10
-2.10234
 20
6.17132
 30
0.0
 10
-2.09425
 20
6.15791
 30
0.0
 10
-2.09423
 20
6.14146
 30
0.0
 10
-2.1018
 20
6.12819
 30
0.0
 10
-2.1018
 20
6.12819
 30
0.0
 10
-2.90148
 20
4.72676
 30
0.0
 10
-2.90148
 20
4.72676
 30
0.0
 10
-2.81289
 20
4.7352
 30
0.0
 10
-2.72425
 20
4.74341
 30
0.0
 10
-2.63557
 20
4.75139
 30
0.0
 10
-2.63474
 20
4.75613
 30
0.0
 10
-2.63309
 20
4.76079
 30
0.0
 10
-2.63057
 20
4.7652
 30
0.0
 10
-2.63057
 20
4.7652
 30
0.0
 10
-1.9033
 20
6.03617
 30
0.0
 10
-1.9033
 20
6.03617
 30
0.0
 10
-1.90034
 20
6.04135
 30
0.0
 10
-1.89612
 20
6.04623
 30
0.0
 10
-1.89062
 20
6.05022
 30
0.0
 10
-1.92144
 20
6.12963
 30
0.0
 10
-1.95227
 20
6.20904
 30
0.0
 10
-1.98309
 20
6.28845
 30
0.0
  0
SPLINE
  5
9E
330
1F
100
AcDbEntity
  8
Plan 1
 62
   250
370
    20
100
AcDbSpline
210
0.0
220
0.0
230
1.0
 70
    11
 71
     3
 72
    14
 73
    10
 74
     0
 42
0.0000000001
 43
0.0000000001
 40
0.0
 40
0.0
 40
0.0
 40
0.0
 40
0.3333333333333333
 40
0.3333333333333333
 40
0.3333333333333333
 40
0.6666666666666666
 40
0.6666666666666666
 40
0.6666666666666666
 40
1.0
 40
1.0
 40
1.0
 40
1.0
 10
-2.29358
 20
5.98614
 30
0.0
 10
-2.58365
 20
5.70703
 30
0.0
 10
-2.87809
 20
5.43019
 30
0.0
 10
-3.17373
 20
5.15403
 30
0.0
 10
-3.17373
 20
5.15403
 30
0.0
 10
-2.9678
 20
4.80457
 30
0.0
 10
-2.9678
 20
4.80457
 30
0.0
 10
-2.9678
 20
4.80457
 30
0.0
 10
-2.29358
 20
5.98614
 30
0.0
 10
-2.29358
 20
5.98614
 30
0.0
  0
SPLINE
  5
9F
330
1F
100
AcDbEntity
  8
Plan 1
 62
   250
370
    20
100
AcDbSpline
210
0.0
220
0.0
230
1.0
 70
    11
 71
     3
 72
    20
 73
    16
 74
     0
 42
0.0000000001
 43
0.0000000001
 40
0.0
 40
0.0
 40
0.0
 40
0.0
 40
0.2
 40
0.2
 40
0.2
 40
0.4
 40
0.4
 40
0.4
 40
0.6000000000000001
 40
0.6000000000000001
 40
0.6000000000000001
 40
0.8
 40
0.8
 40
0.8
 40
1.0
 40
1.0
 40
1.0
 40
1.0
 10
-4.65854
 20
5.32852
 30
0.0
 10
-4.66303
 20
5.30013
 30
0.0
 10
-4.66753
 20
5.27173
 30
0.0
 10
-4.67203
 20
5.24334
 30
0.0
 10
-4.67203
 20
5.24334
 30
0.0
 10
-3.05015
 20
5.49521
 30
0.0
 10
-3.05015
 20
5.49521
 30
0.0
 10
-3.03903
 20
5.49694
 30
0.0
 10
-3.02844
 20
5.4951
 30
0.0
 10
-3.01957
 20
5.49102
 30
0.0
 10
-2.97449
 20
5.53337
 30
0.0
 10
-2.92946
 20
5.57575
 30
0.0
 10
-2.88448
 20
5.61815
 30
0.0
 10
-2.88448
 20
5.61815
 30
0.0
 10
-4.65854
 20
5.32852
 30
0.0
 10
-4.65854
 20
5.32852
 30
0.0
  0
SPLINE
  5
A0
330
1F
100
AcDbEntity
  8
Plan 1
 62
   250
370
    20
100
AcDbSpline
210
0.0
220
0.0
230
1.0
 70
    11
 71
     3
 72
    20
 73
    16
 74
     0
 42
0.0000000001
 43
0.0000000001
 40
0.0
 40
0.0
 40
0.0
 40
0.0
 40
0.2
 40
0.2
 40
0.2
 40
0.4
 40
0.4
 40
0.4
 40
0.6000000000000001
 40
0.6000000000000001
 40
0.6000000000000001
 40
0.8
 40
0.8
 40
0.8
 40
1.0
 40
1.0
 40
1.0
 40
1.0
 10
-4.68681
 20
5.14997
 30
0.0
 10
-4.69114
 20
5.12265
 30
0.0
 10
-4.69547
 20
5.09533
 30
0.0
 10
-4.69979
 20
5.06801
 30
0.0
 10
-4.69979
 20
5.06801
 30
0.0
 10
-3.2795
 20
5.28028
 30
0.0
 10
-3.2795
 20
5.28028
 30
0.0
 10
-3.26842
 20
5.28194
 30
0.0
 10
-3.25791
 20
5.28006
 30
0.0
 10
-3.2491
 20
5.27598
 30
0.0
 10
-3.20753
 20
5.31483
 30
0.0
 10
-3.16598
 20
5.3537
 30
0.0
 10
-3.12448
 20
5.3926
 30
0.0
 10
-3.12448
 20
5.3926
 30
0.0
 10
-4.68681
 20
5.14997
 30
0.0
 10
-4.68681
 20
5.14997
 30
0.0
  0
SPLINE
  5
A1
330
1F
100
AcDbEntity
  8
Plan 1
 62
   250
370
    20
100
AcDbSpline
210
0.0
220
0.0
230
1.0
 70
    11
 71
     3
 72
    20
 73
    16
 74
     0
 42
0.0000000001
 43
0.0000000001
 40
0.0
 40
0.0
 40
0.0
 40
0.0
 40
0.2
 40
0.2
 40
0.2
 40
0.4
 40
0.4
 40
0.4
 40
0.6000000000000001
 40
0.6000000000000001
 40
0.6000000000000001
 40
0.8
 40
0.8
 40
0.8
 40
1.0
 40
1.0
 40
1.0
 40
1.0
 10
-4.71455
 20
4.97482
 30
0.0
 10
-4.72001
 20
4.94035
 30
0.0
 10
-4.72546
 20
4.90587
 30
0.0
 10
-4.73093
 20
4.87139
 30
0.0
 10
-4.73093
 20
4.87139
 30
0.0
 10
-3.47528
 20
5.09897
 30
0.0
 10
-3.47528
 20
5.09897
 30
0.0
 10
-3.46357
 20
5.1011
 30
0.0
 10
-3.45242
 20
5.09925
 30
0.0
 10
-3.44315
 20
5.09493
 30
0.0
 10
-3.41336
 20
5.12268
 30
0.0
 10
-3.38359
 20
5.15043
 30
0.0
 10
-3.35384
 20
5.17819
 30
0.0
 10
-3.35384
 20
5.17819
 30
0.0
 10
-4.71455
 20
4.97482
 30
0.0
 10
-4.71455
 20
4.97482
 30
0.0
  0
SPLINE
  5
A2
330
1F
100
AcDbEntity
  8
Plan 1
 62
   250
370
    20
100
AcDbSpline
210
0.0
220
0.0
230
1.0
 70
    11
 71
     3
 72
    23
 73
    19
 74
     0
 42
0.0000000001
 43
0.0000000001
 40
0.0
 40
0.0
 40
0.0
 40
0.0
 40
0.1666666666666667
 40
0.1666666666666667
 40
0.1666666666666667
 40
0.3333333333333333
 40
0.3333333333333333
 40
0.3333333333333333
 40
0.5
 40
0.5
 40
0.5
 40
0.6666666666666666
 40
0.6666666666666666
 40
0.6666666666666666
 40
0.8333333333333333
 40
0.8333333333333333
 40
0.8333333333333333
 40
1.0
 40
1.0
 40
1.0
 40
1.0
 10
-4.74585
 20
4.77714
 30
0.0
 10
-4.7497
 20
4.75282
 30
0.0
 10
-4.75355
 20
4.7285
 30
0.0
 10
-4.7574
 20
4.70419
 30
0.0
 10
-4.7574
 20
4.70419
 30
0.0
 10
-3.71903
 20
4.87165
 30
0.0
 10
-3.71903
 20
4.87165
 30
0.0
 10
-3.70768
 20
4.87348
 30
0.0
 10
-3.69687
 20
4.87158
 30
0.0
 10
-3.68786
 20
4.86737
 30
0.0
 10
-3.64258
 20
4.9094
 30
0.0
 10
-3.59733
 20
4.95145
 30
0.0
 10
-3.55211
 20
4.99351
 30
0.0
 10
-3.55211
 20
4.99351
 30
0.0
 10
-4.74557
 20
4.77719
 30
0.0
 10
-4.74557
 20
4.77719
 30
0.0
 10
-4.74567
 20
4.77717
 30
0.0
 10
-4.74576
 20
4.77716
 30
0.0
 10
-4.74585
 20
4.77714
 30
0.0
  0
SPLINE
  5
A3
330
1F
100
AcDbEntity
  8
Plan 1
 62
   250
370
    20
100
AcDbSpline
210
0.0
220
0.0
230
1.0
 70
    11
 71
     3
 72
    20
 73
    16
 74
     0
 42
0.0000000001
 43
0.0000000001
 40
0.0
 40
0.0
 40
0.0
 40
0.0
 40
0.2
 40
0.2
 40
0.2
 40
0.4
 40
0.4
 40
0.4
 40
0.6000000000000001
 40
0.6000000000000001
 40
0.6000000000000001
 40
0.8
 40
0.8
 40
0.8
 40
1.0
 40
1.0
 40
1.0
 40
1.0
 10
-5.08026
 20
3.58516
 30
0.0
 10
-4.97851
 20
4.22751
 30
0.0
 10
-4.87679
 20
4.86987
 30
0.0
 10
-4.77506
 20
5.51223
 30
0.0
 10
-4.8405
 20
5.46971
 30
0.0
 10
-4.90411
 20
5.42574
 30
0.0
 10
-4.96644
 20
5.38095
 30
0.0
 10
-4.96371
 20
5.37449
 30
0.0
 10
-4.96269
 20
5.36764
 30
0.0
 10
-4.96325
 20
5.36095
 30
0.0
 10
-4.96325
 20
5.36095
 30
0.0
 10
-5.11585
 20
3.55259
 30
0.0
 10
-5.11585
 20
3.55259
 30
0.0
 10
-5.10398
 20
3.56345
 30
0.0
 10
-5.09212
 20
3.5743
 30
0.0
 10
-5.08026
 20
3.58516
 30
0.0
  0
SPLINE
  5
A4
330
1F
100
AcDbEntity
  8
Plan 1
 62
   250
370
    20
100
AcDbSpline
210
0.0
220
0.0
230
1.0
 70
    11
 71
     3
 72
    23
 73
    19
 74
     0
 42
0.0000000001
 43
0.0000000001
 40
0.0
 40
0.0
 40
0.0
 40
0.0
 40
0.1666666666666667
 40
0.1666666666666667
 40
0.1666666666666667
 40
0.3333333333333333
 40
0.3333333333333333
 40
0.3333333333333333
 40
0.5
 40
0.5
 40
0.5
 40
0.6666666666666666
 40
0.6666666666666666
 40
0.6666666666666666
 40
0.8333333333333333
 40
0.8333333333333333
 40
0.8333333333333333
 40
1.0
 40
1.0
 40
1.0
 40
1.0
 10
-5.06592
 20
5.30772
 30
0.0
 10
-5.06592
 20
5.30772
 30
0.0
 10
-5.17191
 20
5.22782
 30
0.0
 10
-5.17191
 20
5.22782
 30
0.0
 10
-5.16872
 20
5.22083
 30
0.0
 10
-5.16757
 20
5.21332
 30
0.0
 10
-5.1683
 20
5.20605
 30
0.0
 10
-5.1683
 20
5.20605
 30
0.0
 10
-5.3567
 20
3.33237
 30
0.0
 10
-5.3567
 20
3.33237
 30
0.0
 10
-5.3092
 20
3.37578
 30
0.0
 10
-5.2617
 20
3.41919
 30
0.0
 10
-5.21422
 20
3.46261
 30
0.0
 10
-5.21855
 20
3.47031
 30
0.0
 10
-5.22025
 20
3.47881
 30
0.0
 10
-5.21956
 20
3.487
 30
0.0
 10
-5.21956
 20
3.487
 30
0.0
 10
-5.06592
 20
5.30772
 30
0.0
 10
-5.06592
 20
5.30772
 30
0.0
  0
SPLINE
  5
A5
330
1F
100
AcDbEntity
  8
Plan 1
 62
   250
370
    20
100
AcDbSpline
210
0.0
220
0.0
230
1.0
 70
    11
 71
     3
 72
    23
 73
    19
 74
     0
 42
0.0000000001
 43
0.0000000001
 40
0.0
 40
0.0
 40
0.0
 40
0.0
 40
0.1666666666666667
 40
0.1666666666666667
 40
0.1666666666666667
 40
0.3333333333333333
 40
0.3333333333333333
 40
0.3333333333333333
 40
0.5
 40
0.5
 40
0.5
 40
0.6666666666666666
 40
0.6666666666666666
 40
0.6666666666666666
 40
0.8333333333333333
 40
0.8333333333333333
 40
0.8333333333333333
 40
1.0
 40
1.0
 40
1.0
 40
1.0
 10
-5.51662
 20
3.56576
 30
0.0
 10
-5.49507
 20
3.48503
 30
0.0
 10
-5.47352
 20
3.40431
 30
0.0
 10
-5.45196
 20
3.32359
 30
0.0
 10
-5.45196
 20
3.32359
 30
0.0
 10
-5.27217
 20
5.1501
 30
0.0
 10
-5.27217
 20
5.1501
 30
0.0
 10
-5.30392
 20
5.12516
 30
0.0
 10
-5.33548
 20
5.10009
 30
0.0
 10
-5.36687
 20
5.07491
 30
0.0
 10
-5.36343
 20
5.06779
 30
0.0
 10
-5.36213
 20
5.06009
 30
0.0
 10
-5.3628
 20
5.05264
 30
0.0
 10
-5.3628
 20
5.05264
 30
0.0
 10
-5.49457
 20
3.59972
 30
0.0
 10
-5.49457
 20
3.59972
 30
0.0
 10
-5.49569
 20
3.58732
 30
0.0
 10
-5.50284
 20
3.57384
 30
0.0
 10
-5.51662
 20
3.56576
 30
0.0
  0
SPLINE
  5
A6
330
1F
100
AcDbEntity
  8
Plan 1
 62
   250
370
    20
100
AcDbSpline
210
0.0
220
0.0
230
1.0
 70
    11
 71
     3
 72
    23
 73
    19
 74
     0
 42
0.0000000001
 43
0.0000000001
 40
0.0
 40
0.0
 40
0.0
 40
0.0
 40
0.1666666666666667
 40
0.1666666666666667
 40
0.1666666666666667
 40
0.3333333333333333
 40
0.3333333333333333
 40
0.3333333333333333
 40
0.5
 40
0.5
 40
0.5
 40
0.6666666666666666
 40
0.6666666666666666
 40
0.6666666666666666
 40
0.8333333333333333
 40
0.8333333333333333
 40
0.8333333333333333
 40
1.0
 40
1.0
 40
1.0
 40
1.0
 10
-5.46631
 20
4.99433
 30
0.0
 10
-5.48842
 20
4.97624
 30
0.0
 10
-5.51045
 20
4.9581
 30
0.0
 10
-5.53241
 20
4.93991
 30
0.0
 10
-5.52875
 20
4.93264
 30
0.0
 10
-5.52735
 20
4.92475
 30
0.0
 10
-5.52803
 20
4.91712
 30
0.0
 10
-5.52803
 20
4.91712
 30
0.0
 10
-5.60755
 20
4.02298
 30
0.0
 10
-5.60755
 20
4.02298
 30
0.0
 10
-5.60865
 20
4.01056
 30
0.0
 10
-5.61581
 20
3.99704
 30
0.0
 10
-5.62961
 20
3.98894
 30
0.0
 10
-5.61166
 20
3.92173
 30
0.0
 10
-5.59372
 20
3.85452
 30
0.0
 10
-5.57577
 20
3.78731
 30
0.0
 10
-5.57577
 20
3.78731
 30
0.0
 10
-5.46631
 20
4.99433
 30
0.0
 10
-5.46631
 20
4.99433
 30
0.0
  0
SPLINE
  5
A7
330
1F
100
AcDbEntity
  8
Plan 1
 62
   250
370
    20
100
AcDbSpline
210
0.0
220
0.0
230
1.0
 70
    11
 71
     3
 72
    14
 73
    10
 74
     0
 42
0.0000000001
 43
0.0000000001
 40
0.0
 40
0.0
 40
0.0
 40
0.0
 40
0.3333333333333333
 40
0.3333333333333333
 40
0.3333333333333333
 40
0.6666666666666666
 40
0.6666666666666666
 40
0.6666666666666666
 40
1.0
 40
1.0
 40
1.0
 40
1.0
 10
-5.63158
 20
4.85708
 30
0.0
 10
-5.69447
 20
4.80413
 30
0.0
 10
-5.75682
 20
4.75086
 30
0.0
 10
-5.81879
 20
4.69737
 30
0.0
 10
-5.77552
 20
4.53538
 30
0.0
 10
-5.73225
 20
4.37338
 30
0.0
 10
-5.689
 20
4.21138
 30
0.0
 10
-5.689
 20
4.21138
 30
0.0
 10
-5.63158
 20
4.85708
 30
0.0
 10
-5.63158
 20
4.85708
 30
0.0
  0
SPLINE
  5
A8
330
1F
100
AcDbEntity
  8
Plan 1
 62
   250
370
    20
100
AcDbSpline
210
0.0
220
0.0
230
1.0
 70
    11
 71
     3
 72
    17
 73
    13
 74
     0
 42
0.0000000001
 43
0.0000000001
 40
0.0
 40
0.0
 40
0.0
 40
0.0
 40
0.25
 40
0.25
 40
0.25
 40
0.5
 40
0.5
 40
0.5
 40
0.75
 40
0.75
 40
0.75
 40
1.0
 40
1.0
 40
1.0
 40
1.0
 10
-5.93252
 20
4.56681
 30
0.0
 10
-5.96661
 20
4.52172
 30
0.0
 10
-5.99878
 20
4.47587
 30
0.0
 10
-6.02963
 20
4.42964
 30
0.0
 10
-6.02933
 20
4.42931
 30
0.0
 10
-6.02904
 20
4.42898
 30
0.0
 10
-6.02875
 20
4.42865
 30
0.0
 10
-6.02875
 20
4.42865
 30
0.0
 10
-5.8371
 20
4.20949
 30
0.0
 10
-5.8371
 20
4.20949
 30
0.0
 10
-5.86891
 20
4.3286
 30
0.0
 10
-5.90071
 20
4.44771
 30
0.0
 10
-5.93252
 20
4.56681
 30
0.0
  0
SPLINE
  5
A9
330
1F
100
AcDbEntity
  8
Plan 1
 62
   250
370
    20
100
AcDbSpline
210
0.0
220
0.0
230
1.0
 70
    11
 71
     3
 72
    23
 73
    19
 74
     0
 42
0.0000000001
 43
0.0000000001
 40
0.0
 40
0.0
 40
0.0
 40
0.0
 40
0.1666666666666667
 40
0.1666666666666667
 40
0.1666666666666667
 40
0.3333333333333333
 40
0.3333333333333333
 40
0.3333333333333333
 40
0.5
 40
0.5
 40
0.5
 40
0.6666666666666666
 40
0.6666666666666666
 40
0.6666666666666666
 40
0.8333333333333333
 40
0.8333333333333333
 40
0.8333333333333333
 40
1.0
 40
1.0
 40
1.0
 40
1.0
 10
-6.0832
 20
4.34699
 30
0.0
 10
-6.09705
 20
4.32505
 30
0.0
 10
-6.11066
 20
4.30303
 30
0.0
 10
-6.12408
 20
4.28096
 30
0.0
 10
-6.1225
 20
4.27938
 30
0.0
 10
-6.12107
 20
4.27771
 30
0.0
 10
-6.1198
 20
4.276
 30
0.0
 10
-6.1198
 20
4.276
 30
0.0
 10
-5.70627
 20
3.71947
 30
0.0
 10
-5.70627
 20
3.71947
 30
0.0
 10
-5.73425
 20
3.82426
 30
0.0
 10
-5.76222
 20
3.92905
 30
0.0
 10
-5.7902
 20
4.03383
 30
0.0
 10
-5.80381
 20
4.03502
 30
0.0
 10
-5.81592
 20
4.04132
 30
0.0
 10
-5.82371
 20
4.05023
 30
0.0
 10
-5.82371
 20
4.05023
 30
0.0
 10
-6.0832
 20
4.34699
 30
0.0
 10
-6.0832
 20
4.34699
 30
0.0
  0
SPLINE
  5
AA
330
1F
100
AcDbEntity
  8
Plan 1
 62
   250
370
    20
100
AcDbSpline
210
0.0
220
0.0
230
1.0
 70
    11
 71
     3
 72
    23
 73
    19
 74
     0
 42
0.0000000001
 43
0.0000000001
 40
0.0
 40
0.0
 40
0.0
 40
0.0
 40
0.1666666666666667
 40
0.1666666666666667
 40
0.1666666666666667
 40
0.3333333333333333
 40
0.3333333333333333
 40
0.3333333333333333
 40
0.5
 40
0.5
 40
0.5
 40
0.6666666666666666
 40
0.6666666666666666
 40
0.6666666666666666
 40
0.8333333333333333
 40
0.8333333333333333
 40
0.8333333333333333
 40
1.0
 40
1.0
 40
1.0
 40
1.0
 10
-6.17655
 20
4.19251
 30
0.0
 10
-6.17655
 20
4.19251
 30
0.0
 10
-6.22866
 20
4.10224
 30
0.0
 10
-6.22866
 20
4.10224
 30
0.0
 10
-6.22675
 20
4.10043
 30
0.0
 10
-6.22506
 20
4.09851
 30
0.0
 10
-6.22358
 20
4.09651
 30
0.0
 10
-6.22358
 20
4.09651
 30
0.0
 10
-5.5724
 20
3.21811
 30
0.0
 10
-5.5724
 20
3.21811
 30
0.0
 10
-5.59883
 20
3.3171
 30
0.0
 10
-5.62527
 20
3.4161
 30
0.0
 10
-5.6517
 20
3.51509
 30
0.0
 10
-5.66676
 20
3.51642
 30
0.0
 10
-5.67984
 20
3.52404
 30
0.0
 10
-5.68743
 20
3.53427
 30
0.0
 10
-5.68743
 20
3.53427
 30
0.0
 10
-6.17655
 20
4.19251
 30
0.0
 10
-6.17655
 20
4.19251
 30
0.0
  0
SPLINE
  5
AB
330
1F
100
AcDbEntity
  8
Plan 1
 62
   250
370
    20
100
AcDbSpline
210
0.0
220
0.0
230
1.0
 70
    11
 71
     3
 72
    26
 73
    22
 74
     0
 42
0.0000000001
 43
0.0000000001
 40
0.0
 40
0.0
 40
0.0
 40
0.0
 40
0.1428571428571428
 40
0.1428571428571428
 40
0.1428571428571428
 40
0.2857142857142857
 40
0.2857142857142857
 40
0.2857142857142857
 40
0.4285714285714285
 40
0.4285714285714285
 40
0.4285714285714285
 40
0.5714285714285714
 40
0.5714285714285714
 40
0.5714285714285714
 40
0.7142857142857142
 40
0.7142857142857142
 40
0.7142857142857142
 40
0.8571428571428571
 40
0.8571428571428571
 40
0.8571428571428571
 40
1.0
 40
1.0
 40
1.0
 40
1.0
 10
-6.27914
 20
4.01168
 30
0.0
 10
-6.29267
 20
3.98698
 30
0.0
 10
-6.30604
 20
3.96223
 30
0.0
 10
-6.31929
 20
3.93745
 30
0.0
 10
-6.3167
 20
3.93512
 30
0.0
 10
-6.31448
 20
3.93257
 30
0.0
 10
-6.31262
 20
3.92991
 30
0.0
 10
-6.31262
 20
3.92991
 30
0.0
 10
-5.73825
 20
3.10923
 30
0.0
 10
-5.73825
 20
3.10923
 30
0.0
 10
-5.73113
 20
3.09905
 30
0.0
 10
-5.72897
 20
3.08684
 30
0.0
 10
-5.73152
 20
3.07546
 30
0.0
 10
-5.7039
 20
3.06203
 30
0.0
 10
-5.67629
 20
3.04861
 30
0.0
 10
-5.64868
 20
3.03518
 30
0.0
 10
-5.6308
 20
3.05601
 30
0.0
 10
-5.61292
 20
3.07684
 30
0.0
 10
-5.59504
 20
3.09768
 30
0.0
 10
-5.59504
 20
3.09768
 30
0.0
 10
-6.27914
 20
4.01168
 30
0.0
 10
-6.27914
 20
4.01168
 30
0.0
  0
SPLINE
  5
AC
330
1F
100
AcDbEntity
  8
Plan 1
 62
   250
370
    20
100
AcDbSpline
210
0.0
220
0.0
230
1.0
 70
    11
 71
     3
 72
    20
 73
    16
 74
     0
 42
0.0000000001
 43
0.0000000001
 40
0.0
 40
0.0
 40
0.0
 40
0.0
 40
0.2
 40
0.2
 40
0.2
 40
0.4
 40
0.4
 40
0.4
 40
0.6000000000000001
 40
0.6000000000000001
 40
0.6000000000000001
 40
0.8
 40
0.8
 40
0.8
 40
1.0
 40
1.0
 40
1.0
 40
1.0
 10
-2.32148
 20
7.52737
 30
0.0
 10
-2.32148
 20
7.52737
 30
0.0
 10
-2.4981
 20
7.21077
 30
0.0
 10
-2.4981
 20
7.21077
 30
0.0
 10
-2.49178
 20
7.20484
 30
0.0
 10
-2.48774
 20
7.19766
 30
0.0
 10
-2.48577
 20
7.19041
 30
0.0
 10
-2.48577
 20
7.19041
 30
0.0
 10
-2.37879
 20
6.79708
 30
0.0
 10
-2.37879
 20
6.79708
 30
0.0
 10
-2.30805
 20
6.80815
 30
0.0
 10
-2.23727
 20
6.81905
 30
0.0
 10
-2.16642
 20
6.82975
 30
0.0
 10
-2.16642
 20
6.82975
 30
0.0
 10
-2.32148
 20
7.52737
 30
0.0
 10
-2.32148
 20
7.52737
 30
0.0
  0
SPLINE
  5
AD
330
1F
100
AcDbEntity
  8
Plan 1
 62
   250
370
    20
100
AcDbSpline
210
0.0
220
0.0
230
1.0
 70
    11
 71
     3
 72
    20
 73
    16
 74
     0
 42
0.0000000001
 43
0.0000000001
 40
0.0
 40
0.0
 40
0.0
 40
0.0
 40
0.2
 40
0.2
 40
0.2
 40
0.4
 40
0.4
 40
0.4
 40
0.6000000000000001
 40
0.6000000000000001
 40
0.6000000000000001
 40
0.8
 40
0.8
 40
0.8
 40
1.0
 40
1.0
 40
1.0
 40
1.0
 10
-4.90993
 20
8.32593
 30
0.0
 10
-4.90993
 20
8.32593
 30
0.0
 10
-5.8667
 20
8.32593
 30
0.0
 10
-5.8667
 20
8.32593
 30
0.0
 10
-5.8667
 20
8.32593
 30
0.0
 10
-5.08471
 20
6.67475
 30
0.0
 10
-5.08471
 20
6.67475
 30
0.0
 10
-5.08471
 20
6.67475
 30
0.0
 10
-3.07693
 20
6.70888
 30
0.0
 10
-3.07693
 20
6.70888
 30
0.0
 10
-3.07693
 20
6.70888
 30
0.0
 10
-4.89373
 20
8.30476
 30
0.0
 10
-4.89373
 20
8.30476
 30
0.0
 10
-4.90087
 20
8.31104
 30
0.0
 10
-4.90621
 20
8.3183
 30
0.0
 10
-4.90993
 20
8.32593
 30
0.0
  0
SPLINE
  5
AE
330
1F
100
AcDbEntity
  8
Plan 1
 62
   250
370
    20
100
AcDbSpline
210
0.0
220
0.0
230
1.0
 70
    11
 71
     3
 72
    17
 73
    13
 74
     0
 42
0.0000000001
 43
0.0000000001
 40
0.0
 40
0.0
 40
0.0
 40
0.0
 40
0.25
 40
0.25
 40
0.25
 40
0.5
 40
0.5
 40
0.5
 40
0.75
 40
0.75
 40
0.75
 40
1.0
 40
1.0
 40
1.0
 40
1.0
 10
-5.02041
 20
6.53898
 30
0.0
 10
-5.02041
 20
6.53898
 30
0.0
 10
-4.64936
 20
5.75552
 30
0.0
 10
-4.64936
 20
5.75552
 30
0.0
 10
-4.35867
 20
5.94129
 30
0.0
 10
-4.06122
 20
6.12214
 30
0.0
 10
-3.75304
 20
6.29324
 30
0.0
 10
-3.58052
 20
6.38903
 30
0.0
 10
-3.40457
 20
6.48196
 30
0.0
 10
-3.2235
 20
6.56952
 30
0.0
 10
-3.2235
 20
6.56952
 30
0.0
 10
-5.02041
 20
6.53898
 30
0.0
 10
-5.02041
 20
6.53898
 30
0.0
  0
SPLINE
  5
AF
330
1F
100
AcDbEntity
  8
Plan 1
 62
   250
370
    20
100
AcDbSpline
210
0.0
220
0.0
230
1.0
 70
    11
 71
     3
 72
    20
 73
    16
 74
     0
 42
0.0000000001
 43
0.0000000001
 40
0.0
 40
0.0
 40
0.0
 40
0.0
 40
0.2
 40
0.2
 40
0.2
 40
0.4
 40
0.4
 40
0.4
 40
0.6000000000000001
 40
0.6000000000000001
 40
0.6000000000000001
 40
0.8
 40
0.8
 40
0.8
 40
1.0
 40
1.0
 40
1.0
 40
1.0
 10
-6.02479
 20
8.32593
 30
0.0
 10
-6.02479
 20
8.32593
 30
0.0
 10
-6.46095
 20
8.32593
 30
0.0
 10
-6.46095
 20
8.32593
 30
0.0
 10
-6.46095
 20
8.32593
 30
0.0
 10
-5.85003
 20
4.85551
 30
0.0
 10
-5.85003
 20
4.85551
 30
0.0
 10
-5.65703
 20
5.02083
 30
0.0
 10
-5.45975
 20
5.18386
 30
0.0
 10
-5.25396
 20
5.34126
 30
0.0
 10
-5.10056
 20
5.45859
 30
0.0
 10
-4.94208
 20
5.57446
 30
0.0
 10
-4.77135
 20
5.67928
 30
0.0
 10
-4.77135
 20
5.67928
 30
0.0
 10
-6.02479
 20
8.32593
 30
0.0
 10
-6.02479
 20
8.32593
 30
0.0
  0
SPLINE
  5
B0
330
1F
100
AcDbEntity
  8
Plan 1
 62
   250
370
    20
100
AcDbSpline
210
0.0
220
0.0
230
1.0
 70
    11
 71
     3
 72
    26
 73
    22
 74
     0
 42
0.0000000001
 43
0.0000000001
 40
0.0
 40
0.0
 40
0.0
 40
0.0
 40
0.1428571428571428
 40
0.1428571428571428
 40
0.1428571428571428
 40
0.2857142857142857
 40
0.2857142857142857
 40
0.2857142857142857
 40
0.4285714285714285
 40
0.4285714285714285
 40
0.4285714285714285
 40
0.5714285714285714
 40
0.5714285714285714
 40
0.5714285714285714
 40
0.7142857142857142
 40
0.7142857142857142
 40
0.7142857142857142
 40
0.8571428571428571
 40
0.8571428571428571
 40
0.8571428571428571
 40
1.0
 40
1.0
 40
1.0
 40
1.0
 10
-7.51588
 20
8.32593
 30
0.0
 10
-7.51588
 20
8.32593
 30
0.0
 10
-8.08998
 20
6.94934
 30
0.0
 10
-8.08998
 20
6.94934
 30
0.0
 10
-8.08998
 20
6.94934
 30
0.0
 10
-6.64258
 20
3.61529
 30
0.0
 10
-6.64258
 20
3.61529
 30
0.0
 10
-6.53868
 20
3.83004
 30
0.0
 10
-6.42878
 20
4.04359
 30
0.0
 10
-6.30622
 20
4.25335
 30
0.0
 10
-6.27342
 20
4.3095
 30
0.0
 10
-6.2398
 20
4.36542
 30
0.0
 10
-6.20475
 20
4.42088
 30
0.0
 10
-6.13611
 20
4.5295
 30
0.0
 10
-6.06169
 20
4.63755
 30
0.0
 10
-5.97568
 20
4.73987
 30
0.0
 10
-5.97568
 20
4.73987
 30
0.0
 10
-6.60695
 20
8.32593
 30
0.0
 10
-6.60695
 20
8.32593
 30
0.0
 10
-6.60695
 20
8.32593
 30
0.0
 10
-7.51588
 20
8.32593
 30
0.0
 10
-7.51588
 20
8.32593
 30
0.0
  0
SPLINE
  5
B1
330
1F
100
AcDbEntity
  8
Plan 1
 62
   250
370
    20
100
AcDbSpline
210
0.0
220
0.0
230
1.0
 70
    11
 71
     3
 72
    14
 73
    10
 74
     0
 42
0.0000000001
 43
0.0000000001
 40
0.0
 40
0.0
 40
0.0
 40
0.0
 40
0.3333333333333333
 40
0.3333333333333333
 40
0.3333333333333333
 40
0.6666666666666666
 40
0.6666666666666666
 40
0.6666666666666666
 40
1.0
 40
1.0
 40
1.0
 40
1.0
 10
-7.67092
 20
8.32593
 30
0.0
 10
-7.67092
 20
8.32593
 30
0.0
 10
-9.81964
 20
8.32593
 30
0.0
 10
-9.81964
 20
8.32593
 30
0.0
 10
-9.27919
 20
7.90442
 30
0.0
 10
-8.73875
 20
7.4829
 30
0.0
 10
-8.19829
 20
7.06139
 30
0.0
 10
-8.19829
 20
7.06139
 30
0.0
 10
-7.67092
 20
8.32593
 30
0.0
 10
-7.67092
 20
8.32593
 30
0.0
  0
SPLINE
  5
B2
330
1F
100
AcDbEntity
  8
Plan 1
 62
   250
370
    20
100
AcDbSpline
210
0.0
220
0.0
230
1.0
 70
    11
 71
     3
 72
    20
 73
    16
 74
     0
 42
0.0000000001
 43
0.0000000001
 40
0.0
 40
0.0
 40
0.0
 40
0.0
 40
0.2
 40
0.2
 40
0.2
 40
0.4
 40
0.4
 40
0.4
 40
0.6000000000000001
 40
0.6000000000000001
 40
0.6000000000000001
 40
0.8
 40
0.8
 40
0.8
 40
1.0
 40
1.0
 40
1.0
 40
1.0
 10
-10.03604
 20
8.32593
 30
0.0
 10
-10.03604
 20
8.32593
 30
0.0
 10
-10.03625
 20
8.32593
 30
0.0
 10
-10.03625
 20
8.32593
 30
0.0
 10
-10.03625
 20
8.32593
 30
0.0
 10
-10.03625
 20
7.24009
 30
0.0
 10
-10.03625
 20
7.24009
 30
0.0
 10
-10.03625
 20
7.24009
 30
0.0
 10
-8.40632
 20
7.04617
 30
0.0
 10
-8.40632
 20
7.04617
 30
0.0
 10
-8.94313
 20
7.46483
 30
0.0
 10
-9.47991
 20
7.8835
 30
0.0
 10
-10.01671
 20
8.30217
 30
0.0
 10
-10.02545
 20
8.30898
 30
0.0
 10
-10.0318
 20
8.31722
 30
0.0
 10
-10.03604
 20
8.32593
 30
0.0
  0
SPLINE
  5
B3
330
1F
100
AcDbEntity
  8
Plan 1
 62
   250
370
    20
100
AcDbSpline
210
0.0
220
0.0
230
1.0
 70
    11
 71
     3
 72
    23
 73
    19
 74
     0
 42
0.0000000001
 43
0.0000000001
 40
0.0
 40
0.0
 40
0.0
 40
0.0
 40
0.1666666666666667
 40
0.1666666666666667
 40
0.1666666666666667
 40
0.3333333333333333
 40
0.3333333333333333
 40
0.3333333333333333
 40
0.5
 40
0.5
 40
0.5
 40
0.6666666666666666
 40
0.6666666666666666
 40
0.6666666666666666
 40
0.8333333333333333
 40
0.8333333333333333
 40
0.8333333333333333
 40
1.0
 40
1.0
 40
1.0
 40
1.0
 10
2.37949
 20
3.37187
 30
0.0
 10
2.37949
 20
3.37187
 30
0.0
 10
2.27869
 20
2.82828
 30
0.0
 10
2.27869
 20
2.82828
 30
0.0
 10
2.32125
 20
2.86025
 30
0.0
 10
2.36381
 20
2.89221
 30
0.0
 10
2.40637
 20
2.92418
 30
0.0
 10
2.40336
 20
2.93095
 30
0.0
 10
2.40225
 20
2.93818
 30
0.0
 10
2.4029
 20
2.94521
 30
0.0
 10
2.4029
 20
2.94521
 30
0.0
 10
2.43495
 20
3.29323
 30
0.0
 10
2.43495
 20
3.29323
 30
0.0
 10
2.43552
 20
3.29946
 30
0.0
 10
2.4375
 20
3.30572
 30
0.0
 10
2.44101
 20
3.31149
 30
0.0
 10
2.4205
 20
3.33161
 30
0.0
 10
2.4
 20
3.35174
 30
0.0
 10
2.37949
 20
3.37187
 30
0.0
  0
SPLINE
  5
B4
330
1F
100
AcDbEntity
  8
Plan 1
 62
   250
370
    20
100
AcDbSpline
210
0.0
220
0.0
230
1.0
 70
    11
 71
     3
 72
    20
 73
    16
 74
     0
 42
0.0000000001
 43
0.0000000001
 40
0.0
 40
0.0
 40
0.0
 40
0.0
 40
0.2
 40
0.2
 40
0.2
 40
0.4
 40
0.4
 40
0.4
 40
0.6000000000000001
 40
0.6000000000000001
 40
0.6000000000000001
 40
0.8
 40
0.8
 40
0.8
 40
1.0
 40
1.0
 40
1.0
 40
1.0
 10
2.93379
 20
1.79223
 30
0.0
 10
2.93159
 20
1.79383
 30
0.0
 10
2.9296
 20
1.79558
 30
0.0
 10
2.92781
 20
1.79743
 30
0.0
 10
2.92781
 20
1.79743
 30
0.0
 10
2.17583
 20
2.57615
 30
0.0
 10
2.17583
 20
2.57615
 30
0.0
 10
2.15074
 20
2.5573
 30
0.0
 10
2.12564
 20
2.53845
 30
0.0
 10
2.10055
 20
2.5196
 30
0.0
 10
2.10055
 20
2.5196
 30
0.0
 10
2.89872
 20
1.70266
 30
0.0
 10
2.89872
 20
1.70266
 30
0.0
 10
2.91041
 20
1.73252
 30
0.0
 10
2.9221
 20
1.76237
 30
0.0
 10
2.93379
 20
1.79223
 30
0.0
  0
SPLINE
  5
B5
330
1F
100
AcDbEntity
  8
Plan 1
 62
   250
370
    20
100
AcDbSpline
210
0.0
220
0.0
230
1.0
 70
    11
 71
     3
 72
    20
 73
    16
 74
     0
 42
0.0000000001
 43
0.0000000001
 40
0.0
 40
0.0
 40
0.0
 40
0.0
 40
0.2
 40
0.2
 40
0.2
 40
0.4
 40
0.4
 40
0.4
 40
0.6000000000000001
 40
0.6000000000000001
 40
0.6000000000000001
 40
0.8
 40
0.8
 40
0.8
 40
1.0
 40
1.0
 40
1.0
 40
1.0
 10
2.0245
 20
2.46247
 30
0.0
 10
2.0058
 20
2.44842
 30
0.0
 10
1.9871
 20
2.43437
 30
0.0
 10
1.96839
 20
2.42032
 30
0.0
 10
1.96839
 20
2.42032
 30
0.0
 10
2.82868
 20
1.52376
 30
0.0
 10
2.82868
 20
1.52376
 30
0.0
 10
2.83953
 20
1.55149
 30
0.0
 10
2.85039
 20
1.57922
 30
0.0
 10
2.86124
 20
1.60696
 30
0.0
 10
2.85912
 20
1.60851
 30
0.0
 10
2.85719
 20
1.61019
 30
0.0
 10
2.85545
 20
1.61197
 30
0.0
 10
2.85545
 20
1.61197
 30
0.0
 10
2.0245
 20
2.46247
 30
0.0
 10
2.0245
 20
2.46247
 30
0.0
  0
SPLINE
  5
B6
330
1F
100
AcDbEntity
  8
Plan 1
 62
   250
370
    20
100
AcDbSpline
210
0.0
220
0.0
230
1.0
 70
    11
 71
     3
 72
    23
 73
    19
 74
     0
 42
0.0000000001
 43
0.0000000001
 40
0.0
 40
0.0
 40
0.0
 40
0.0
 40
0.1666666666666667
 40
0.1666666666666667
 40
0.1666666666666667
 40
0.3333333333333333
 40
0.3333333333333333
 40
0.3333333333333333
 40
0.5
 40
0.5
 40
0.5
 40
0.6666666666666666
 40
0.6666666666666666
 40
0.6666666666666666
 40
0.8333333333333333
 40
0.8333333333333333
 40
0.8333333333333333
 40
1.0
 40
1.0
 40
1.0
 40
1.0
 10
2.79105
 20
1.42766
 30
0.0
 10
2.78881
 20
1.4293
 30
0.0
 10
2.78678
 20
1.43109
 30
0.0
 10
2.78497
 20
1.43298
 30
0.0
 10
2.78497
 20
1.43298
 30
0.0
 10
1.89237
 20
2.36322
 30
0.0
 10
1.89237
 20
2.36322
 30
0.0
 10
1.87301
 20
2.34868
 30
0.0
 10
1.85365
 20
2.33413
 30
0.0
 10
1.83428
 20
2.31959
 30
0.0
 10
1.83189
 20
2.30651
 30
0.0
 10
1.8295
 20
2.29343
 30
0.0
 10
1.82712
 20
2.28035
 30
0.0
 10
2.13769
 20
1.96869
 30
0.0
 10
2.44826
 20
1.65704
 30
0.0
 10
2.75883
 20
1.34539
 30
0.0
 10
2.76957
 20
1.37281
 30
0.0
 10
2.78031
 20
1.40024
 30
0.0
 10
2.79105
 20
1.42766
 30
0.0
  0
SPLINE
  5
B7
330
1F
100
AcDbEntity
  8
Plan 1
 62
   250
370
    20
100
AcDbSpline
210
0.0
220
0.0
230
1.0
 70
    11
 71
     3
 72
    20
 73
    16
 74
     0
 42
0.0000000001
 43
0.0000000001
 40
0.0
 40
0.0
 40
0.0
 40
0.0
 40
0.2
 40
0.2
 40
0.2
 40
0.4
 40
0.4
 40
0.4
 40
0.6000000000000001
 40
0.6000000000000001
 40
0.6000000000000001
 40
0.8
 40
0.8
 40
0.8
 40
1.0
 40
1.0
 40
1.0
 40
1.0
 10
2.0092
 20
1.89812
 30
0.0
 10
2.0092
 20
1.89812
 30
0.0
 10
1.74371
 20
1.71683
 30
0.0
 10
1.74371
 20
1.71683
 30
0.0
 10
1.73766
 20
1.7127
 30
0.0
 10
1.73042
 20
1.70984
 30
0.0
 10
1.72264
 20
1.70863
 30
0.0
 10
1.71263
 20
1.65381
 30
0.0
 10
1.70261
 20
1.59899
 30
0.0
 10
1.69259
 20
1.54416
 30
0.0
 10
1.69259
 20
1.54416
 30
0.0
 10
2.0564
 20
1.85076
 30
0.0
 10
2.0564
 20
1.85076
 30
0.0
 10
2.04067
 20
1.86655
 30
0.0
 10
2.02494
 20
1.88234
 30
0.0
 10
2.0092
 20
1.89812
 30
0.0
  0
SPLINE
  5
B8
330
1F
100
AcDbEntity
  8
Plan 1
 62
   250
370
    20
100
AcDbSpline
210
0.0
220
0.0
230
1.0
 70
    11
 71
     3
 72
    20
 73
    16
 74
     0
 42
0.0000000001
 43
0.0000000001
 40
0.0
 40
0.0
 40
0.0
 40
0.0
 40
0.2
 40
0.2
 40
0.2
 40
0.4
 40
0.4
 40
0.4
 40
0.6000000000000001
 40
0.6000000000000001
 40
0.6000000000000001
 40
0.8
 40
0.8
 40
0.8
 40
1.0
 40
1.0
 40
1.0
 40
1.0
 10
1.6683
 20
1.41126
 30
0.0
 10
1.65808
 20
1.35531
 30
0.0
 10
1.64786
 20
1.29936
 30
0.0
 10
1.63763
 20
1.24341
 30
0.0
 10
1.63763
 20
1.24341
 30
0.0
 10
2.15243
 20
1.75439
 30
0.0
 10
2.15243
 20
1.75439
 30
0.0
 10
2.1425
 20
1.76435
 30
0.0
 10
2.13258
 20
1.77431
 30
0.0
 10
2.12265
 20
1.78427
 30
0.0
 10
2.12265
 20
1.78427
 30
0.0
 10
1.69318
 20
1.42234
 30
0.0
 10
1.69318
 20
1.42234
 30
0.0
 10
1.68651
 20
1.41672
 30
0.0
 10
1.67786
 20
1.41274
 30
0.0
 10
1.6683
 20
1.41126
 30
0.0
  0
SPLINE
  5
B9
330
1F
100
AcDbEntity
  8
Plan 1
 62
   250
370
    20
100
AcDbSpline
210
0.0
220
0.0
230
1.0
 70
    11
 71
     3
 72
    20
 73
    16
 74
     0
 42
0.0000000001
 43
0.0000000001
 40
0.0
 40
0.0
 40
0.0
 40
0.0
 40
0.2
 40
0.2
 40
0.2
 40
0.4
 40
0.4
 40
0.4
 40
0.6000000000000001
 40
0.6000000000000001
 40
0.6000000000000001
 40
0.8
 40
0.8
 40
0.8
 40
1.0
 40
1.0
 40
1.0
 40
1.0
 10
1.6111
 20
1.09818
 30
0.0
 10
1.60182
 20
1.0474
 30
0.0
 10
1.59255
 20
0.99663
 30
0.0
 10
1.58327
 20
0.94586
 30
0.0
 10
1.58327
 20
0.94586
 30
0.0
 10
2.27703
 20
1.62935
 30
0.0
 10
2.27703
 20
1.62935
 30
0.0
 10
2.25766
 20
1.64879
 30
0.0
 10
2.23829
 20
1.66823
 30
0.0
 10
2.21892
 20
1.68767
 30
0.0
 10
2.21892
 20
1.68767
 30
0.0
 10
1.63874
 20
1.1118
 30
0.0
 10
1.63874
 20
1.1118
 30
0.0
 10
1.6318
 20
1.10491
 30
0.0
 10
1.62209
 20
1.09989
 30
0.0
 10
1.6111
 20
1.09818
 30
0.0
  0
SPLINE
  5
BA
330
1F
100
AcDbEntity
  8
Plan 1
 62
   250
370
    20
100
AcDbSpline
210
0.0
220
0.0
230
1.0
 70
    11
 71
     3
 72
    20
 73
    16
 74
     0
 42
0.0000000001
 43
0.0000000001
 40
0.0
 40
0.0
 40
0.0
 40
0.0
 40
0.2
 40
0.2
 40
0.2
 40
0.4
 40
0.4
 40
0.4
 40
0.6000000000000001
 40
0.6000000000000001
 40
0.6000000000000001
 40
0.8
 40
0.8
 40
0.8
 40
1.0
 40
1.0
 40
1.0
 40
1.0
 10
1.55685
 20
0.80125
 30
0.0
 10
1.54764
 20
0.75083
 30
0.0
 10
1.53842
 20
0.7004
 30
0.0
 10
1.52921
 20
0.64997
 30
0.0
 10
1.52921
 20
0.64997
 30
0.0
 10
2.41395
 20
1.49195
 30
0.0
 10
2.41395
 20
1.49195
 30
0.0
 10
2.39047
 20
1.51552
 30
0.0
 10
2.36699
 20
1.53908
 30
0.0
 10
2.3435
 20
1.56265
 30
0.0
 10
2.3435
 20
1.56265
 30
0.0
 10
1.58436
 20
0.81475
 30
0.0
 10
1.58436
 20
0.81475
 30
0.0
 10
1.57742
 20
0.80791
 30
0.0
 10
1.56776
 20
0.80295
 30
0.0
 10
1.55685
 20
0.80125
 30
0.0
  0
SPLINE
  5
BB
330
1F
100
AcDbEntity
  8
Plan 1
 62
   250
370
    20
100
AcDbSpline
210
0.0
220
0.0
230
1.0
 70
    11
 71
     3
 72
    26
 73
    22
 74
     0
 42
0.0000000001
 43
0.0000000001
 40
0.0
 40
0.0
 40
0.0
 40
0.0
 40
0.1428571428571428
 40
0.1428571428571428
 40
0.1428571428571428
 40
0.2857142857142857
 40
0.2857142857142857
 40
0.2857142857142857
 40
0.4285714285714285
 40
0.4285714285714285
 40
0.4285714285714285
 40
0.5714285714285714
 40
0.5714285714285714
 40
0.5714285714285714
 40
0.7142857142857142
 40
0.7142857142857142
 40
0.7142857142857142
 40
0.8571428571428571
 40
0.8571428571428571
 40
0.8571428571428571
 40
1.0
 40
1.0
 40
1.0
 40
1.0
 10
1.50331
 20
0.50822
 30
0.0
 10
1.49991
 20
0.48959
 30
0.0
 10
1.4965
 20
0.47097
 30
0.0
 10
1.4931
 20
0.45234
 30
0.0
 10
1.70562
 20
0.59197
 30
0.0
 10
1.91814
 20
0.73159
 30
0.0
 10
2.13067
 20
0.87121
 30
0.0
 10
2.12558
 20
0.88509
 30
0.0
 10
2.12791
 20
0.90102
 30
0.0
 10
2.13797
 20
0.91319
 30
0.0
 10
2.13797
 20
0.91319
 30
0.0
 10
2.52455
 20
1.38098
 30
0.0
 10
2.52455
 20
1.38098
 30
0.0
 10
2.50981
 20
1.39576
 30
0.0
 10
2.49508
 20
1.41055
 30
0.0
 10
2.48034
 20
1.42533
 30
0.0
 10
2.48034
 20
1.42533
 30
0.0
 10
1.53025
 20
0.52116
 30
0.0
 10
1.53025
 20
0.52116
 30
0.0
 10
1.52336
 20
0.51461
 30
0.0
 10
1.51393
 20
0.50987
 30
0.0
 10
1.50331
 20
0.50822
 30
0.0
  0
SPLINE
  5
BC
330
1F
100
AcDbEntity
  8
Plan 1
 62
   250
370
    20
100
AcDbSpline
210
0.0
220
0.0
230
1.0
 70
    11
 71
     3
 72
    23
 73
    19
 74
     0
 42
0.0000000001
 43
0.0000000001
 40
0.0
 40
0.0
 40
0.0
 40
0.0
 40
0.1666666666666667
 40
0.1666666666666667
 40
0.1666666666666667
 40
0.3333333333333333
 40
0.3333333333333333
 40
0.3333333333333333
 40
0.5
 40
0.5
 40
0.5
 40
0.6666666666666666
 40
0.6666666666666666
 40
0.6666666666666666
 40
0.8333333333333333
 40
0.8333333333333333
 40
0.8333333333333333
 40
1.0
 40
1.0
 40
1.0
 40
1.0
 10
2.55143
 20
0.01336
 30
0.0
 10
2.55143
 20
0.01336
 30
0.0
 10
1.54654
 20
0.3036
 30
0.0
 10
1.54654
 20
0.3036
 30
0.0
 10
1.54078
 20
0.30527
 30
0.0
 10
1.53575
 20
0.30776
 30
0.0
 10
1.53146
 20
0.31081
 30
0.0
 10
1.50714
 20
0.29482
 30
0.0
 10
1.48281
 20
0.27884
 30
0.0
 10
1.45848
 20
0.26286
 30
0.0
 10
1.45756
 20
0.2578
 30
0.0
 10
1.45663
 20
0.25275
 30
0.0
 10
1.45571
 20
0.24769
 30
0.0
 10
1.45571
 20
0.24769
 30
0.0
 10
2.54123
 20
-0.06249
 30
0.0
 10
2.54123
 20
-0.06249
 30
0.0
 10
2.54463
 20
-0.03721
 30
0.0
 10
2.54803
 20
-0.01192
 30
0.0
 10
2.55143
 20
0.01336
 30
0.0
  0
SPLINE
  5
BD
330
1F
100
AcDbEntity
  8
Plan 1
 62
   250
370
    20
100
AcDbSpline
210
0.0
220
0.0
230
1.0
 70
    11
 71
     3
 72
    23
 73
    19
 74
     0
 42
0.0000000001
 43
0.0000000001
 40
0.0
 40
0.0
 40
0.0
 40
0.0
 40
0.1666666666666667
 40
0.1666666666666667
 40
0.1666666666666667
 40
0.3333333333333333
 40
0.3333333333333333
 40
0.3333333333333333
 40
0.5
 40
0.5
 40
0.5
 40
0.6666666666666666
 40
0.6666666666666666
 40
0.6666666666666666
 40
0.8333333333333333
 40
0.8333333333333333
 40
0.8333333333333333
 40
1.0
 40
1.0
 40
1.0
 40
1.0
 10
2.51626
 20
-0.24825
 30
0.0
 10
2.52051
 20
-0.21654
 30
0.0
 10
2.52477
 20
-0.18484
 30
0.0
 10
2.52904
 20
-0.15314
 30
0.0
 10
2.52904
 20
-0.15314
 30
0.0
 10
1.43937
 20
0.15824
 30
0.0
 10
1.43937
 20
0.15824
 30
0.0
 10
1.43483
 20
0.13344
 30
0.0
 10
1.4303
 20
0.10864
 30
0.0
 10
1.42577
 20
0.08384
 30
0.0
 10
1.42577
 20
0.08384
 30
0.0
 10
2.50224
 20
-0.24347
 30
0.0
 10
2.50224
 20
-0.24347
 30
0.0
 10
2.50693
 20
-0.2449
 30
0.0
 10
2.51113
 20
-0.24689
 30
0.0
 10
2.51483
 20
-0.24927
 30
0.0
 10
2.5153
 20
-0.24893
 30
0.0
 10
2.51578
 20
-0.24859
 30
0.0
 10
2.51626
 20
-0.24825
 30
0.0
  0
SPLINE
  5
BE
330
1F
100
AcDbEntity
  8
Plan 1
 62
   250
370
    20
100
AcDbSpline
210
0.0
220
0.0
230
1.0
 70
    11
 71
     3
 72
    20
 73
    16
 74
     0
 42
0.0000000001
 43
0.0000000001
 40
0.0
 40
0.0
 40
0.0
 40
0.0
 40
0.2
 40
0.2
 40
0.2
 40
0.4
 40
0.4
 40
0.4
 40
0.6000000000000001
 40
0.6000000000000001
 40
0.6000000000000001
 40
0.8
 40
0.8
 40
0.8
 40
1.0
 40
1.0
 40
1.0
 40
1.0
 10
1.40938
 20
-0.00587
 30
0.0
 10
1.40444
 20
-0.03289
 30
0.0
 10
1.3995
 20
-0.05991
 30
0.0
 10
1.39456
 20
-0.08693
 30
0.0
 10
1.39456
 20
-0.08693
 30
0.0
 10
2.33976
 20
-0.35915
 30
0.0
 10
2.33976
 20
-0.35915
 30
0.0
 10
2.34476
 20
-0.36059
 30
0.0
 10
2.34921
 20
-0.36266
 30
0.0
 10
2.3531
 20
-0.36516
 30
0.0
 10
2.37673
 20
-0.34823
 30
0.0
 10
2.40035
 20
-0.3313
 30
0.0
 10
2.42398
 20
-0.31437
 30
0.0
 10
2.42398
 20
-0.31437
 30
0.0
 10
1.40938
 20
-0.00587
 30
0.0
 10
1.40938
 20
-0.00587
 30
0.0
  0
SPLINE
  5
BF
330
1F
100
AcDbEntity
  8
Plan 1
 62
   250
370
    20
100
AcDbSpline
210
0.0
220
0.0
230
1.0
 70
    11
 71
     3
 72
    20
 73
    16
 74
     0
 42
0.0000000001
 43
0.0000000001
 40
0.0
 40
0.0
 40
0.0
 40
0.0
 40
0.2
 40
0.2
 40
0.2
 40
0.4
 40
0.4
 40
0.4
 40
0.6000000000000001
 40
0.6000000000000001
 40
0.6000000000000001
 40
0.8
 40
0.8
 40
0.8
 40
1.0
 40
1.0
 40
1.0
 40
1.0
 10
2.17804
 20
-0.49062
 30
0.0
 10
2.20586
 20
-0.47068
 30
0.0
 10
2.23368
 20
-0.45074
 30
0.0
 10
2.26151
 20
-0.43081
 30
0.0
 10
2.26151
 20
-0.43081
 30
0.0
 10
1.37822
 20
-0.17641
 30
0.0
 10
1.37822
 20
-0.17641
 30
0.0
 10
1.372
 20
-0.21043
 30
0.0
 10
1.36578
 20
-0.24444
 30
0.0
 10
1.35957
 20
-0.27845
 30
0.0
 10
1.35957
 20
-0.27845
 30
0.0
 10
2.16319
 20
-0.48419
 30
0.0
 10
2.16319
 20
-0.48419
 30
0.0
 10
2.16879
 20
-0.48563
 30
0.0
 10
2.17375
 20
-0.48785
 30
0.0
 10
2.17804
 20
-0.49062
 30
0.0
  0
SPLINE
  5
C0
330
1F
100
AcDbEntity
  8
Plan 1
 62
   250
370
    20
100
AcDbSpline
210
0.0
220
0.0
230
1.0
 70
    11
 71
     3
 72
    20
 73
    16
 74
     0
 42
0.0000000001
 43
0.0000000001
 40
0.0
 40
0.0
 40
0.0
 40
0.0
 40
0.2
 40
0.2
 40
0.2
 40
0.4
 40
0.4
 40
0.4
 40
0.6000000000000001
 40
0.6000000000000001
 40
0.6000000000000001
 40
0.8
 40
0.8
 40
0.8
 40
1.0
 40
1.0
 40
1.0
 40
1.0
 10
1.34328
 20
-0.36757
 30
0.0
 10
1.33887
 20
-0.39173
 30
0.0
 10
1.33446
 20
-0.41589
 30
0.0
 10
1.33004
 20
-0.44006
 30
0.0
 10
1.33004
 20
-0.44006
 30
0.0
 10
1.99876
 20
-0.60131
 30
0.0
 10
1.99876
 20
-0.60131
 30
0.0
 10
2.00466
 20
-0.60273
 30
0.0
 10
2.00987
 20
-0.60503
 30
0.0
 10
2.01434
 20
-0.60792
 30
0.0
 10
2.03784
 20
-0.59108
 30
0.0
 10
2.06133
 20
-0.57425
 30
0.0
 10
2.08483
 20
-0.55741
 30
0.0
 10
2.08483
 20
-0.55741
 30
0.0
 10
1.34328
 20
-0.36757
 30
0.0
 10
1.34328
 20
-0.36757
 30
0.0
  0
SPLINE
  5
C1
330
1F
100
AcDbEntity
  8
Plan 1
 62
   250
370
    20
100
AcDbSpline
210
0.0
220
0.0
230
1.0
 70
    11
 71
     3
 72
    20
 73
    16
 74
     0
 42
0.0000000001
 43
0.0000000001
 40
0.0
 40
0.0
 40
0.0
 40
0.0
 40
0.2
 40
0.2
 40
0.2
 40
0.4
 40
0.4
 40
0.4
 40
0.6000000000000001
 40
0.6000000000000001
 40
0.6000000000000001
 40
0.8
 40
0.8
 40
0.8
 40
1.0
 40
1.0
 40
1.0
 40
1.0
 10
1.31378
 20
-0.52903
 30
0.0
 10
1.31007
 20
-0.54935
 30
0.0
 10
1.30636
 20
-0.56967
 30
0.0
 10
1.30265
 20
-0.58999
 30
0.0
 10
1.30265
 20
-0.58999
 30
0.0
 10
1.81484
 20
-0.73509
 30
0.0
 10
1.81484
 20
-0.73509
 30
0.0
 10
1.81992
 20
-0.73653
 30
0.0
 10
1.82445
 20
-0.73862
 30
0.0
 10
1.8284
 20
-0.74116
 30
0.0
 10
1.85904
 20
-0.7192
 30
0.0
 10
1.88968
 20
-0.69725
 30
0.0
 10
1.92032
 20
-0.67529
 30
0.0
 10
1.92032
 20
-0.67529
 30
0.0
 10
1.31378
 20
-0.52903
 30
0.0
 10
1.31378
 20
-0.52903
 30
0.0
  0
SPLINE
  5
C2
330
1F
100
AcDbEntity
  8
Plan 1
 62
   250
370
    20
100
AcDbSpline
210
0.0
220
0.0
230
1.0
 70
    11
 71
     3
 72
    20
 73
    16
 74
     0
 42
0.0000000001
 43
0.0000000001
 40
0.0
 40
0.0
 40
0.0
 40
0.0
 40
0.2
 40
0.2
 40
0.2
 40
0.4
 40
0.4
 40
0.4
 40
0.6000000000000001
 40
0.6000000000000001
 40
0.6000000000000001
 40
0.8
 40
0.8
 40
0.8
 40
1.0
 40
1.0
 40
1.0
 40
1.0
 10
0.96165
 20
-1.55084
 30
0.0
 10
0.96165
 20
-1.55084
 30
0.0
 10
0.66964
 20
-1.78836
 30
0.0
 10
0.66964
 20
-1.78836
 30
0.0
 10
0.67381
 20
-1.79687
 30
0.0
 10
0.67493
 20
-1.80623
 30
0.0
 10
0.67322
 20
-1.81505
 30
0.0
 10
0.67322
 20
-1.81505
 30
0.0
 10
0.42035
 20
-3.1223
 30
0.0
 10
0.42035
 20
-3.1223
 30
0.0
 10
0.45382
 20
-3.13309
 30
0.0
 10
0.48729
 20
-3.14389
 30
0.0
 10
0.52076
 20
-3.15469
 30
0.0
 10
0.66772
 20
-2.62007
 30
0.0
 10
0.81468
 20
-2.08545
 30
0.0
 10
0.96165
 20
-1.55084
 30
0.0
  0
SPLINE
  5
C3
330
1F
100
AcDbEntity
  8
Plan 1
 62
   250
370
    20
100
AcDbSpline
210
0.0
220
0.0
230
1.0
 70
    11
 71
     3
 72
    23
 73
    19
 74
     0
 42
0.0000000001
 43
0.0000000001
 40
0.0
 40
0.0
 40
0.0
 40
0.0
 40
0.1666666666666667
 40
0.1666666666666667
 40
0.1666666666666667
 40
0.3333333333333333
 40
0.3333333333333333
 40
0.3333333333333333
 40
0.5
 40
0.5
 40
0.5
 40
0.6666666666666666
 40
0.6666666666666666
 40
0.6666666666666666
 40
0.8333333333333333
 40
0.8333333333333333
 40
0.8333333333333333
 40
1.0
 40
1.0
 40
1.0
 40
1.0
 10
0.48503
 20
-3.29263
 30
0.0
 10
0.48503
 20
-3.29263
 30
0.0
 10
-0.1304
 20
-3.98577
 30
0.0
 10
-0.1304
 20
-3.98577
 30
0.0
 10
-0.13219
 20
-3.98779
 30
0.0
 10
-0.13421
 20
-3.9897
 30
0.0
 10
-0.13646
 20
-3.99146
 30
0.0
 10
-0.13646
 20
-3.99146
 30
0.0
 10
-0.10962
 20
-4.05347
 30
0.0
 10
-0.10962
 20
-4.05347
 30
0.0
 10
-0.10962
 20
-4.05347
 30
0.0
 10
0.40574
 20
-3.50623
 30
0.0
 10
0.40574
 20
-3.50623
 30
0.0
 10
0.41331
 20
-3.49819
 30
0.0
 10
0.42449
 20
-3.49253
 30
0.0
 10
0.43703
 20
-3.49118
 30
0.0
 10
0.45303
 20
-3.425
 30
0.0
 10
0.46903
 20
-3.35881
 30
0.0
 10
0.48503
 20
-3.29263
 30
0.0
  0
SPLINE
  5
C4
330
1F
100
AcDbEntity
  8
Plan 1
 62
   250
370
    20
100
AcDbSpline
210
0.0
220
0.0
230
1.0
 70
    11
 71
     3
 72
    23
 73
    19
 74
     0
 42
0.0000000001
 43
0.0000000001
 40
0.0
 40
0.0
 40
0.0
 40
0.0
 40
0.1666666666666667
 40
0.1666666666666667
 40
0.1666666666666667
 40
0.3333333333333333
 40
0.3333333333333333
 40
0.3333333333333333
 40
0.5
 40
0.5
 40
0.5
 40
0.6666666666666666
 40
0.6666666666666666
 40
0.6666666666666666
 40
0.8333333333333333
 40
0.8333333333333333
 40
0.8333333333333333
 40
1.0
 40
1.0
 40
1.0
 40
1.0
 10
-0.06898
 20
-4.14733
 30
0.0
 10
-0.06898
 20
-4.14733
 30
0.0
 10
-0.04464
 20
-4.20355
 30
0.0
 10
-0.04464
 20
-4.20355
 30
0.0
 10
-0.04464
 20
-4.20355
 30
0.0
 10
0.33868
 20
-3.78198
 30
0.0
 10
0.33868
 20
-3.78198
 30
0.0
 10
0.34625
 20
-3.77365
 30
0.0
 10
0.35765
 20
-3.76772
 30
0.0
 10
0.3705
 20
-3.76634
 30
0.0
 10
0.3797
 20
-3.72826
 30
0.0
 10
0.38891
 20
-3.69019
 30
0.0
 10
0.39812
 20
-3.65211
 30
0.0
 10
0.39812
 20
-3.65211
 30
0.0
 10
-0.0638
 20
-4.14261
 30
0.0
 10
-0.0638
 20
-4.14261
 30
0.0
 10
-0.06536
 20
-4.14427
 30
0.0
 10
-0.06709
 20
-4.14586
 30
0.0
 10
-0.06898
 20
-4.14733
 30
0.0
  0
SPLINE
  5
C5
330
1F
100
AcDbEntity
  8
Plan 1
 62
   250
370
    20
100
AcDbSpline
210
0.0
220
0.0
230
1.0
 70
    11
 71
     3
 72
    23
 73
    19
 74
     0
 42
0.0000000001
 43
0.0000000001
 40
0.0
 40
0.0
 40
0.0
 40
0.0
 40
0.1666666666666667
 40
0.1666666666666667
 40
0.1666666666666667
 40
0.3333333333333333
 40
0.3333333333333333
 40
0.3333333333333333
 40
0.5
 40
0.5
 40
0.5
 40
0.6666666666666666
 40
0.6666666666666666
 40
0.6666666666666666
 40
0.8333333333333333
 40
0.8333333333333333
 40
0.8333333333333333
 40
1.0
 40
1.0
 40
1.0
 40
1.0
 10
-0.00369
 20
-4.29814
 30
0.0
 10
-0.00369
 20
-4.29814
 30
0.0
 10
0.03183
 20
-4.38017
 30
0.0
 10
0.03183
 20
-4.38017
 30
0.0
 10
0.03183
 20
-4.38017
 30
0.0
 10
0.24379
 20
-4.18269
 30
0.0
 10
0.24379
 20
-4.18269
 30
0.0
 10
0.25128
 20
-4.17571
 30
0.0
 10
0.2616
 20
-4.17095
 30
0.0
 10
0.27297
 20
-4.16974
 30
0.0
 10
0.29217
 20
-4.09033
 30
0.0
 10
0.31136
 20
-4.01092
 30
0.0
 10
0.33056
 20
-3.93152
 30
0.0
 10
0.33056
 20
-3.93152
 30
0.0
 10
0.00203
 20
-4.29284
 30
0.0
 10
0.00203
 20
-4.29284
 30
0.0
 10
0.00032
 20
-4.29471
 30
0.0
 10
-0.00158
 20
-4.29649
 30
0.0
 10
-0.00369
 20
-4.29814
 30
0.0
  0
SPLINE
  5
C6
330
1F
100
AcDbEntity
  8
Plan 1
 62
   250
370
    20
100
AcDbSpline
210
0.0
220
0.0
230
1.0
 70
    11
 71
     3
 72
    23
 73
    19
 74
     0
 42
0.0000000001
 43
0.0000000001
 40
0.0
 40
0.0
 40
0.0
 40
0.0
 40
0.1666666666666667
 40
0.1666666666666667
 40
0.1666666666666667
 40
0.3333333333333333
 40
0.3333333333333333
 40
0.3333333333333333
 40
0.5
 40
0.5
 40
0.5
 40
0.6666666666666666
 40
0.6666666666666666
 40
0.6666666666666666
 40
0.8333333333333333
 40
0.8333333333333333
 40
0.8333333333333333
 40
1.0
 40
1.0
 40
1.0
 40
1.0
 10
1.13857
 20
-0.68807
 30
0.0
 10
1.12489
 20
-0.68127
 30
0.0
 10
1.1168
 20
-0.66923
 30
0.0
 10
1.11428
 20
-0.65765
 30
0.0
 10
1.11428
 20
-0.65765
 30
0.0
 10
0.61652
 20
1.6238
 30
0.0
 10
0.61652
 20
1.6238
 30
0.0
 10
0.59403
 20
1.5756
 30
0.0
 10
0.57154
 20
1.52739
 30
0.0
 10
0.54906
 20
1.47918
 30
0.0
 10
0.5573
 20
1.4724
 30
0.0
 10
0.56224
 20
1.46358
 30
0.0
 10
0.56418
 20
1.45482
 30
0.0
 10
0.56418
 20
1.45482
 30
0.0
 10
1.09285
 20
-0.93826
 30
0.0
 10
1.09285
 20
-0.93826
 30
0.0
 10
1.10809
 20
-0.85486
 30
0.0
 10
1.12333
 20
-0.77146
 30
0.0
 10
1.13857
 20
-0.68807
 30
0.0
  0
SPLINE
  5
C7
330
1F
100
AcDbEntity
  8
Plan 1
 62
   250
370
    20
100
AcDbSpline
210
0.0
220
0.0
230
1.0
 70
    11
 71
     3
 72
    29
 73
    25
 74
     0
 42
0.0000000001
 43
0.0000000001
 40
0.0
 40
0.0
 40
0.0
 40
0.0
 40
0.125
 40
0.125
 40
0.125
 40
0.25
 40
0.25
 40
0.25
 40
0.375
 40
0.375
 40
0.375
 40
0.5
 40
0.5
 40
0.5
 40
0.625
 40
0.625
 40
0.625
 40
0.75
 40
0.75
 40
0.75
 40
0.875
 40
0.875
 40
0.875
 40
1.0
 40
1.0
 40
1.0
 40
1.0
 10
0.4186
 20
1.19955
 30
0.0
 10
0.427
 20
1.19265
 30
0.0
 10
0.43196
 20
1.18363
 30
0.0
 10
0.43382
 20
1.1747
 30
0.0
 10
0.43382
 20
1.1747
 30
0.0
 10
0.89432
 20
-1.03469
 30
0.0
 10
0.89432
 20
-1.03469
 30
0.0
 10
0.89641
 20
-1.04475
 30
0.0
 10
0.89482
 20
-1.05565
 30
0.0
 10
0.88913
 20
-1.06516
 30
0.0
 10
0.94028
 20
-1.11457
 30
0.0
 10
0.99143
 20
-1.16399
 30
0.0
 10
1.04257
 20
-1.21341
 30
0.0
 10
1.04691
 20
-1.18969
 30
0.0
 10
1.05124
 20
-1.16598
 30
0.0
 10
1.05558
 20
-1.14226
 30
0.0
 10
1.04193
 20
-1.13548
 30
0.0
 10
1.03385
 20
-1.12351
 30
0.0
 10
1.0313
 20
-1.11196
 30
0.0
 10
1.0313
 20
-1.11196
 30
0.0
 10
0.48786
 20
1.348
 30
0.0
 10
0.48786
 20
1.348
 30
0.0
 10
0.46477
 20
1.29852
 30
0.0
 10
0.44169
 20
1.24903
 30
0.0
 10
0.4186
 20
1.19955
 30
0.0
  0
SPLINE
  5
C8
330
1F
100
AcDbEntity
  8
Plan 1
 62
   250
370
    20
100
AcDbSpline
210
0.0
220
0.0
230
1.0
 70
    11
 71
     3
 72
    17
 73
    13
 74
     0
 42
0.0000000001
 43
0.0000000001
 40
0.0
 40
0.0
 40
0.0
 40
0.0
 40
0.25
 40
0.25
 40
0.25
 40
0.5
 40
0.5
 40
0.5
 40
0.75
 40
0.75
 40
0.75
 40
1.0
 40
1.0
 40
1.0
 40
1.0
 10
0.07137
 20
-4.47149
 30
0.0
 10
0.07137
 20
-4.47149
 30
0.0
 10
0.15392
 20
-4.66216
 30
0.0
 10
0.15392
 20
-4.66216
 30
0.0
 10
0.18173
 20
-4.54713
 30
0.0
 10
0.20954
 20
-4.43211
 30
0.0
 10
0.23734
 20
-4.31709
 30
0.0
 10
0.23734
 20
-4.31709
 30
0.0
 10
0.07443
 20
-4.46887
 30
0.0
 10
0.07443
 20
-4.46887
 30
0.0
 10
0.07347
 20
-4.46977
 30
0.0
 10
0.07244
 20
-4.47065
 30
0.0
 10
0.07137
 20
-4.47149
 30
0.0
  0
SPLINE
  5
C9
330
1F
100
AcDbEntity
  8
Plan 1
 62
   250
370
    20
100
AcDbSpline
210
0.0
220
0.0
230
1.0
 70
    11
 71
     3
 72
    14
 73
    10
 74
     0
 42
0.0000000001
 43
0.0000000001
 40
0.0
 40
0.0
 40
0.0
 40
0.0
 40
0.3333333333333333
 40
0.3333333333333333
 40
0.3333333333333333
 40
0.6666666666666666
 40
0.6666666666666666
 40
0.6666666666666666
 40
1.0
 40
1.0
 40
1.0
 40
1.0
 10
1.79631
 20
2.11176
 30
0.0
 10
1.77914
 20
2.01778
 30
0.0
 10
1.76196
 20
1.9238
 30
0.0
 10
1.74479
 20
1.82983
 30
0.0
 10
1.74479
 20
1.82983
 30
0.0
 10
1.94263
 20
1.96493
 30
0.0
 10
1.94263
 20
1.96493
 30
0.0
 10
1.89385
 20
2.01387
 30
0.0
 10
1.84508
 20
2.06281
 30
0.0
 10
1.79631
 20
2.11176
 30
0.0
  0
SPLINE
  5
CA
330
1F
100
AcDbEntity
  8
Plan 1
 62
   250
370
    20
100
AcDbSpline
210
0.0
220
0.0
230
1.0
 70
    11
 71
     3
 72
    20
 73
    16
 74
     0
 42
0.0000000001
 43
0.0000000001
 40
0.0
 40
0.0
 40
0.0
 40
0.0
 40
0.2
 40
0.2
 40
0.2
 40
0.4
 40
0.4
 40
0.4
 40
0.6000000000000001
 40
0.6000000000000001
 40
0.6000000000000001
 40
0.8
 40
0.8
 40
0.8
 40
1.0
 40
1.0
 40
1.0
 40
1.0
 10
0.89931
 20
-1.27062
 30
0.0
 10
0.89479
 20
-1.27263
 30
0.0
 10
0.88976
 20
-1.27405
 30
0.0
 10
0.88429
 20
-1.27471
 30
0.0
 10
0.88429
 20
-1.27471
 30
0.0
 10
-0.40824
 20
-1.42993
 30
0.0
 10
-0.40824
 20
-1.42993
 30
0.0
 10
-0.41329
 20
-1.45966
 30
0.0
 10
-0.41835
 20
-1.48939
 30
0.0
 10
-0.4234
 20
-1.51912
 30
0.0
 10
-0.4234
 20
-1.51912
 30
0.0
 10
0.94633
 20
-1.31604
 30
0.0
 10
0.94633
 20
-1.31604
 30
0.0
 10
0.93066
 20
-1.3009
 30
0.0
 10
0.91498
 20
-1.28577
 30
0.0
 10
0.89931
 20
-1.27062
 30
0.0
  0
SPLINE
  5
CB
330
1F
100
AcDbEntity
  8
Plan 1
 62
   250
370
    20
100
AcDbSpline
210
0.0
220
0.0
230
1.0
 70
    11
 71
     3
 72
    20
 73
    16
 74
     0
 42
0.0000000001
 43
0.0000000001
 40
0.0
 40
0.0
 40
0.0
 40
0.0
 40
0.2
 40
0.2
 40
0.2
 40
0.4
 40
0.4
 40
0.4
 40
0.6000000000000001
 40
0.6000000000000001
 40
0.6000000000000001
 40
0.8
 40
0.8
 40
0.8
 40
1.0
 40
1.0
 40
1.0
 40
1.0
 10
-0.43924
 20
-1.61243
 30
0.0
 10
-0.4436
 20
-1.63815
 30
0.0
 10
-0.44797
 20
-1.66387
 30
0.0
 10
-0.45234
 20
-1.68958
 30
0.0
 10
-0.45234
 20
-1.68958
 30
0.0
 10
0.70254
 20
-1.54877
 30
0.0
 10
0.70254
 20
-1.54877
 30
0.0
 10
0.71469
 20
-1.54729
 30
0.0
 10
0.72578
 20
-1.5499
 30
0.0
 10
0.73472
 20
-1.55487
 30
0.0
 10
0.73472
 20
-1.55487
 30
0.0
 10
0.90984
 20
-1.41241
 30
0.0
 10
0.90984
 20
-1.41241
 30
0.0
 10
0.90984
 20
-1.41241
 30
0.0
 10
-0.43924
 20
-1.61243
 30
0.0
 10
-0.43924
 20
-1.61243
 30
0.0
  0
SPLINE
  5
CC
330
1F
100
AcDbEntity
  8
Plan 1
 62
   250
370
    20
100
AcDbSpline
210
0.0
220
0.0
230
1.0
 70
    11
 71
     3
 72
    23
 73
    19
 74
     0
 42
0.0000000001
 43
0.0000000001
 40
0.0
 40
0.0
 40
0.0
 40
0.0
 40
0.1666666666666667
 40
0.1666666666666667
 40
0.1666666666666667
 40
0.3333333333333333
 40
0.3333333333333333
 40
0.3333333333333333
 40
0.5
 40
0.5
 40
0.5
 40
0.6666666666666666
 40
0.6666666666666666
 40
0.6666666666666666
 40
0.8333333333333333
 40
0.8333333333333333
 40
0.8333333333333333
 40
1.0
 40
1.0
 40
1.0
 40
1.0
 10
0.33393
 20
-3.23908
 30
0.0
 10
0.33292
 20
-3.24043
 30
0.0
 10
0.33181
 20
-3.24175
 30
0.0
 10
0.3306
 20
-3.24302
 30
0.0
 10
0.3306
 20
-3.24302
 30
0.0
 10
-0.20786
 20
-3.8103
 30
0.0
 10
-0.20786
 20
-3.8103
 30
0.0
 10
-0.20939
 20
-3.81191
 30
0.0
 10
-0.21108
 20
-3.81345
 30
0.0
 10
-0.21291
 20
-3.81488
 30
0.0
 10
-0.21291
 20
-3.81488
 30
0.0
 10
-0.17764
 20
-3.89636
 30
0.0
 10
-0.17764
 20
-3.89636
 30
0.0
 10
-0.17764
 20
-3.89636
 30
0.0
 10
0.38992
 20
-3.25714
 30
0.0
 10
0.38992
 20
-3.25714
 30
0.0
 10
0.37126
 20
-3.25112
 30
0.0
 10
0.35259
 20
-3.2451
 30
0.0
 10
0.33393
 20
-3.23908
 30
0.0
  0
SPLINE
  5
CD
330
1F
100
AcDbEntity
  8
Plan 1
 62
   250
370
    20
100
AcDbSpline
210
0.0
220
0.0
230
1.0
 70
    11
 71
     3
 72
    23
 73
    19
 74
     0
 42
0.0000000001
 43
0.0000000001
 40
0.0
 40
0.0
 40
0.0
 40
0.0
 40
0.1666666666666667
 40
0.1666666666666667
 40
0.1666666666666667
 40
0.3333333333333333
 40
0.3333333333333333
 40
0.3333333333333333
 40
0.5
 40
0.5
 40
0.5
 40
0.6666666666666666
 40
0.6666666666666666
 40
0.6666666666666666
 40
0.8333333333333333
 40
0.8333333333333333
 40
0.8333333333333333
 40
1.0
 40
1.0
 40
1.0
 40
1.0
 10
2.17208
 20
2.74819
 30
0.0
 10
2.16853
 20
2.75617
 30
0.0
 10
2.16761
 20
2.76483
 30
0.0
 10
2.16914
 20
2.77304
 30
0.0
 10
2.16914
 20
2.77304
 30
0.0
 10
2.29236
 20
3.43755
 30
0.0
 10
2.29236
 20
3.43755
 30
0.0
 10
2.29327
 20
3.44248
 30
0.0
 10
2.29509
 20
3.44739
 30
0.0
 10
2.29788
 20
3.45198
 30
0.0
 10
2.24811
 20
3.50084
 30
0.0
 10
2.19833
 20
3.54969
 30
0.0
 10
2.14855
 20
3.59855
 30
0.0
 10
2.06086
 20
3.24332
 30
0.0
 10
1.97313
 20
2.88809
 30
0.0
 10
1.88542
 20
2.53285
 30
0.0
 10
1.98097
 20
2.60463
 30
0.0
 10
2.07652
 20
2.67641
 30
0.0
 10
2.17208
 20
2.74819
 30
0.0
  0
SPLINE
  5
CE
330
1F
100
AcDbEntity
  8
Plan 1
 62
   250
370
    20
100
AcDbSpline
210
0.0
220
0.0
230
1.0
 70
    11
 71
     3
 72
    23
 73
    19
 74
     0
 42
0.0000000001
 43
0.0000000001
 40
0.0
 40
0.0
 40
0.0
 40
0.0
 40
0.1666666666666667
 40
0.1666666666666667
 40
0.1666666666666667
 40
0.3333333333333333
 40
0.3333333333333333
 40
0.3333333333333333
 40
0.5
 40
0.5
 40
0.5
 40
0.6666666666666666
 40
0.6666666666666666
 40
0.6666666666666666
 40
0.8333333333333333
 40
0.8333333333333333
 40
0.8333333333333333
 40
1.0
 40
1.0
 40
1.0
 40
1.0
 10
1.46585
 20
1.10309
 30
0.0
 10
1.4524
 20
1.10977
 30
0.0
 10
1.44434
 20
1.12152
 30
0.0
 10
1.44169
 20
1.1329
 30
0.0
 10
1.44169
 20
1.1329
 30
0.0
 10
1.09747
 20
2.60841
 30
0.0
 10
1.09747
 20
2.60841
 30
0.0
 10
1.0737
 20
2.57158
 30
0.0
 10
1.04993
 20
2.53474
 30
0.0
 10
1.02616
 20
2.4979
 30
0.0
 10
1.03351
 20
2.49132
 30
0.0
 10
1.03795
 20
2.48306
 30
0.0
 10
1.03976
 20
2.47484
 30
0.0
 10
1.03976
 20
2.47484
 30
0.0
 10
1.40983
 20
0.79652
 30
0.0
 10
1.40983
 20
0.79652
 30
0.0
 10
1.4285
 20
0.89871
 30
0.0
 10
1.44718
 20
1.0009
 30
0.0
 10
1.46585
 20
1.10309
 30
0.0
  0
SPLINE
  5
CF
330
1F
100
AcDbEntity
  8
Plan 1
 62
   250
370
    20
100
AcDbSpline
210
0.0
220
0.0
230
1.0
 70
    11
 71
     3
 72
    23
 73
    19
 74
     0
 42
0.0000000001
 43
0.0000000001
 40
0.0
 40
0.0
 40
0.0
 40
0.0
 40
0.1666666666666667
 40
0.1666666666666667
 40
0.1666666666666667
 40
0.3333333333333333
 40
0.3333333333333333
 40
0.3333333333333333
 40
0.5
 40
0.5
 40
0.5
 40
0.6666666666666666
 40
0.6666666666666666
 40
0.6666666666666666
 40
0.8333333333333333
 40
0.8333333333333333
 40
0.8333333333333333
 40
1.0
 40
1.0
 40
1.0
 40
1.0
 10
0.91938
 20
2.27335
 30
0.0
 10
0.92775
 20
2.26649
 30
0.0
 10
0.93271
 20
2.25752
 30
0.0
 10
0.93459
 20
2.24864
 30
0.0
 10
0.93459
 20
2.24864
 30
0.0
 10
1.33247
 20
0.37311
 30
0.0
 10
1.33247
 20
0.37311
 30
0.0
 10
1.34582
 20
0.44619
 30
0.0
 10
1.35918
 20
0.51927
 30
0.0
 10
1.37253
 20
0.59235
 30
0.0
 10
1.35889
 20
0.59914
 30
0.0
 10
1.35081
 20
0.61112
 30
0.0
 10
1.34826
 20
0.62267
 30
0.0
 10
1.34826
 20
0.62267
 30
0.0
 10
0.96344
 20
2.36789
 30
0.0
 10
0.96344
 20
2.36789
 30
0.0
 10
0.94875
 20
2.33638
 30
0.0
 10
0.93407
 20
2.30487
 30
0.0
 10
0.91938
 20
2.27335
 30
0.0
  0
SPLINE
  5
D0
330
1F
100
AcDbEntity
  8
Plan 1
 62
   250
370
    20
100
AcDbSpline
210
0.0
220
0.0
230
1.0
 70
    11
 71
     3
 72
    23
 73
    19
 74
     0
 42
0.0000000001
 43
0.0000000001
 40
0.0
 40
0.0
 40
0.0
 40
0.0
 40
0.1666666666666667
 40
0.1666666666666667
 40
0.1666666666666667
 40
0.3333333333333333
 40
0.3333333333333333
 40
0.3333333333333333
 40
0.5
 40
0.5
 40
0.5
 40
0.6666666666666666
 40
0.6666666666666666
 40
0.6666666666666666
 40
0.8333333333333333
 40
0.8333333333333333
 40
0.8333333333333333
 40
1.0
 40
1.0
 40
1.0
 40
1.0
 10
0.85768
 20
2.14096
 30
0.0
 10
0.83348
 20
2.08904
 30
0.0
 10
0.80928
 20
2.03713
 30
0.0
 10
0.78508
 20
1.98522
 30
0.0
 10
0.7934
 20
1.97839
 30
0.0
 10
0.79835
 20
1.96947
 30
0.0
 10
0.80025
 20
1.96063
 30
0.0
 10
0.80025
 20
1.96063
 30
0.0
 10
1.24468
 20
-0.10734
 30
0.0
 10
1.24468
 20
-0.10734
 30
0.0
 10
1.26131
 20
-0.01635
 30
0.0
 10
1.27793
 20
0.07465
 30
0.0
 10
1.29456
 20
0.16565
 30
0.0
 10
1.28079
 20
0.1725
 30
0.0
 10
1.27269
 20
0.18464
 30
0.0
 10
1.27021
 20
0.1963
 30
0.0
 10
1.27021
 20
0.1963
 30
0.0
 10
0.85768
 20
2.14096
 30
0.0
 10
0.85768
 20
2.14096
 30
0.0
  0
SPLINE
  5
D1
330
1F
100
AcDbEntity
  8
Plan 1
 62
   250
370
    20
100
AcDbSpline
210
0.0
220
0.0
230
1.0
 70
    11
 71
     3
 72
    23
 73
    19
 74
     0
 42
0.0000000001
 43
0.0000000001
 40
0.0
 40
0.0
 40
0.0
 40
0.0
 40
0.1666666666666667
 40
0.1666666666666667
 40
0.1666666666666667
 40
0.3333333333333333
 40
0.3333333333333333
 40
0.3333333333333333
 40
0.5
 40
0.5
 40
0.5
 40
0.6666666666666666
 40
0.6666666666666666
 40
0.6666666666666666
 40
0.8333333333333333
 40
0.8333333333333333
 40
0.8333333333333333
 40
1.0
 40
1.0
 40
1.0
 40
1.0
 10
0.72353
 20
1.85323
 30
0.0
 10
0.70831
 20
1.8206
 30
0.0
 10
0.6931
 20
1.78798
 30
0.0
 10
0.67788
 20
1.75535
 30
0.0
 10
0.68616
 20
1.74855
 30
0.0
 10
0.6911
 20
1.73968
 30
0.0
 10
0.69302
 20
1.73089
 30
0.0
 10
0.69302
 20
1.73089
 30
0.0
 10
1.17603
 20
-0.48301
 30
0.0
 10
1.17603
 20
-0.48301
 30
0.0
 10
1.18635
 20
-0.42657
 30
0.0
 10
1.19666
 20
-0.37013
 30
0.0
 10
1.20697
 20
-0.31369
 30
0.0
 10
1.19324
 20
-0.30686
 30
0.0
 10
1.18515
 20
-0.29477
 30
0.0
 10
1.18266
 20
-0.28315
 30
0.0
 10
1.18266
 20
-0.28315
 30
0.0
 10
0.72353
 20
1.85323
 30
0.0
 10
0.72353
 20
1.85323
 30
0.0
  0
SPLINE
  5
D2
330
1F
100
AcDbEntity
  8
Plan 1
 62
   250
370
    20
100
AcDbSpline
210
0.0
220
0.0
230
1.0
 70
    11
 71
     3
 72
    20
 73
    16
 74
     0
 42
0.0000000001
 43
0.0000000001
 40
0.0
 40
0.0
 40
0.0
 40
0.0
 40
0.2
 40
0.2
 40
0.2
 40
0.4
 40
0.4
 40
0.4
 40
0.6000000000000001
 40
0.6000000000000001
 40
0.6000000000000001
 40
0.8
 40
0.8
 40
0.8
 40
1.0
 40
1.0
 40
1.0
 40
1.0
 10
0.72365
 20
-1.10091
 30
0.0
 10
0.71961
 20
-1.1027
 30
0.0
 10
0.71515
 20
-1.10403
 30
0.0
 10
0.71033
 20
-1.10476
 30
0.0
 10
0.71033
 20
-1.10476
 30
0.0
 10
-0.38126
 20
-1.27105
 30
0.0
 10
-0.38126
 20
-1.27105
 30
0.0
 10
-0.38502
 20
-1.2932
 30
0.0
 10
-0.38879
 20
-1.31535
 30
0.0
 10
-0.39255
 20
-1.3375
 30
0.0
 10
-0.39255
 20
-1.3375
 30
0.0
 10
0.81805
 20
-1.19212
 30
0.0
 10
0.81805
 20
-1.19212
 30
0.0
 10
0.78659
 20
-1.16172
 30
0.0
 10
0.75512
 20
-1.13131
 30
0.0
 10
0.72365
 20
-1.10091
 30
0.0
  0
SPLINE
  5
D3
330
1F
100
AcDbEntity
  8
Plan 1
 62
   250
370
    20
100
AcDbSpline
210
0.0
220
0.0
230
1.0
 70
    11
 71
     3
 72
    20
 73
    16
 74
     0
 42
0.0000000001
 43
0.0000000001
 40
0.0
 40
0.0
 40
0.0
 40
0.0
 40
0.2
 40
0.2
 40
0.2
 40
0.4
 40
0.4
 40
0.4
 40
0.6000000000000001
 40
0.6000000000000001
 40
0.6000000000000001
 40
0.8
 40
0.8
 40
0.8
 40
1.0
 40
1.0
 40
1.0
 40
1.0
 10
-0.46804
 20
-1.78207
 30
0.0
 10
-0.47268
 20
-1.8094
 30
0.0
 10
-0.47732
 20
-1.83672
 30
0.0
 10
-0.48196
 20
-1.86405
 30
0.0
 10
-0.48196
 20
-1.86405
 30
0.0
 10
0.45731
 20
-1.74821
 30
0.0
 10
0.45731
 20
-1.74821
 30
0.0
 10
0.46948
 20
-1.74671
 30
0.0
 10
0.4806
 20
-1.74931
 30
0.0
 10
0.48955
 20
-1.75429
 30
0.0
 10
0.48955
 20
-1.75429
 30
0.0
 10
0.61822
 20
-1.64963
 30
0.0
 10
0.61822
 20
-1.64963
 30
0.0
 10
0.61822
 20
-1.64963
 30
0.0
 10
-0.46804
 20
-1.78207
 30
0.0
 10
-0.46804
 20
-1.78207
 30
0.0
  0
SPLINE
  5
D4
330
1F
100
AcDbEntity
  8
Plan 1
 62
   250
370
    20
100
AcDbSpline
210
0.0
220
0.0
230
1.0
 70
    11
 71
     3
 72
    20
 73
    16
 74
     0
 42
0.0000000001
 43
0.0000000001
 40
0.0
 40
0.0
 40
0.0
 40
0.0
 40
0.2
 40
0.2
 40
0.2
 40
0.4
 40
0.4
 40
0.4
 40
0.6000000000000001
 40
0.6000000000000001
 40
0.6000000000000001
 40
0.8
 40
0.8
 40
0.8
 40
1.0
 40
1.0
 40
1.0
 40
1.0
 10
0.4375
 20
-1.97721
 30
0.0
 10
0.44174
 20
-1.98586
 30
0.0
 10
0.44282
 20
-1.9954
 30
0.0
 10
0.44098
 20
-2.00436
 30
0.0
 10
0.44098
 20
-2.00436
 30
0.0
 10
0.22438
 20
-3.05908
 30
0.0
 10
0.22438
 20
-3.05908
 30
0.0
 10
0.2585
 20
-3.07009
 30
0.0
 10
0.29262
 20
-3.0811
 30
0.0
 10
0.32675
 20
-3.09211
 30
0.0
 10
0.32675
 20
-3.09211
 30
0.0
 10
0.562
 20
-1.87593
 30
0.0
 10
0.562
 20
-1.87593
 30
0.0
 10
0.562
 20
-1.87593
 30
0.0
 10
0.4375
 20
-1.97721
 30
0.0
 10
0.4375
 20
-1.97721
 30
0.0
  0
SPLINE
  5
D5
330
1F
100
AcDbEntity
  8
Plan 1
 62
   250
370
    20
100
AcDbSpline
210
0.0
220
0.0
230
1.0
 70
    11
 71
     3
 72
    23
 73
    19
 74
     0
 42
0.0000000001
 43
0.0000000001
 40
0.0
 40
0.0
 40
0.0
 40
0.0
 40
0.1666666666666667
 40
0.1666666666666667
 40
0.1666666666666667
 40
0.3333333333333333
 40
0.3333333333333333
 40
0.3333333333333333
 40
0.5
 40
0.5
 40
0.5
 40
0.6666666666666666
 40
0.6666666666666666
 40
0.6666666666666666
 40
0.8333333333333333
 40
0.8333333333333333
 40
0.8333333333333333
 40
1.0
 40
1.0
 40
1.0
 40
1.0
 10
-0.29454
 20
-3.62637
 30
0.0
 10
-0.29454
 20
-3.62637
 30
0.0
 10
-0.25348
 20
-3.72119
 30
0.0
 10
-0.25348
 20
-3.72119
 30
0.0
 10
-0.25348
 20
-3.72119
 30
0.0
 10
0.23457
 20
-3.20703
 30
0.0
 10
0.23457
 20
-3.20703
 30
0.0
 10
0.20235
 20
-3.19663
 30
0.0
 10
0.17013
 20
-3.18624
 30
0.0
 10
0.13791
 20
-3.17584
 30
0.0
 10
0.13685
 20
-3.17726
 30
0.0
 10
0.13568
 20
-3.17863
 30
0.0
 10
0.13441
 20
-3.17996
 30
0.0
 10
0.13441
 20
-3.17996
 30
0.0
 10
-0.28965
 20
-3.62196
 30
0.0
 10
-0.28965
 20
-3.62196
 30
0.0
 10
-0.29114
 20
-3.6235
 30
0.0
 10
-0.29277
 20
-3.62498
 30
0.0
 10
-0.29454
 20
-3.62637
 30
0.0
  0
SPLINE
  5
D6
330
1F
100
AcDbEntity
  8
Plan 1
 62
   250
370
    20
100
AcDbSpline
210
0.0
220
0.0
230
1.0
 70
    11
 71
     3
 72
    23
 73
    19
 74
     0
 42
0.0000000001
 43
0.0000000001
 40
0.0
 40
0.0
 40
0.0
 40
0.0
 40
0.1666666666666667
 40
0.1666666666666667
 40
0.1666666666666667
 40
0.3333333333333333
 40
0.3333333333333333
 40
0.3333333333333333
 40
0.5
 40
0.5
 40
0.5
 40
0.6666666666666666
 40
0.6666666666666666
 40
0.6666666666666666
 40
0.8333333333333333
 40
0.8333333333333333
 40
0.8333333333333333
 40
1.0
 40
1.0
 40
1.0
 40
1.0
 10
1.1665
 20
2.71541
 30
0.0
 10
1.17214
 20
2.70947
 30
0.0
 10
1.17567
 20
2.70249
 30
0.0
 10
1.17731
 20
2.69547
 30
0.0
 10
1.17731
 20
2.69547
 30
0.0
 10
1.50228
 20
1.30247
 30
0.0
 10
1.50228
 20
1.30247
 30
0.0
 10
1.51683
 20
1.38213
 30
0.0
 10
1.53139
 20
1.4618
 30
0.0
 10
1.54594
 20
1.54146
 30
0.0
 10
1.53229
 20
1.54825
 30
0.0
 10
1.52421
 20
1.56025
 30
0.0
 10
1.52167
 20
1.57181
 30
0.0
 10
1.52167
 20
1.57181
 30
0.0
 10
1.24403
 20
2.83557
 30
0.0
 10
1.24403
 20
2.83557
 30
0.0
 10
1.21818
 20
2.79552
 30
0.0
 10
1.19234
 20
2.75547
 30
0.0
 10
1.1665
 20
2.71541
 30
0.0
  0
SPLINE
  5
D7
330
1F
100
AcDbEntity
  8
Plan 1
 62
   250
370
    20
100
AcDbSpline
210
0.0
220
0.0
230
1.0
 70
    11
 71
     3
 72
    23
 73
    19
 74
     0
 42
0.0000000001
 43
0.0000000001
 40
0.0
 40
0.0
 40
0.0
 40
0.0
 40
0.1666666666666667
 40
0.1666666666666667
 40
0.1666666666666667
 40
0.3333333333333333
 40
0.3333333333333333
 40
0.3333333333333333
 40
0.5
 40
0.5
 40
0.5
 40
0.6666666666666666
 40
0.6666666666666666
 40
0.6666666666666666
 40
0.8333333333333333
 40
0.8333333333333333
 40
0.8333333333333333
 40
1.0
 40
1.0
 40
1.0
 40
1.0
 10
0.35663
 20
1.06674
 30
0.0
 10
0.34056
 20
1.03228
 30
0.0
 10
0.32448
 20
0.99782
 30
0.0
 10
0.30841
 20
0.96336
 30
0.0
 10
0.31688
 20
0.95641
 30
0.0
 10
0.32185
 20
0.94729
 30
0.0
 10
0.32368
 20
0.93829
 30
0.0
 10
0.32368
 20
0.93829
 30
0.0
 10
0.6827
 20
-0.83042
 30
0.0
 10
0.6827
 20
-0.83042
 30
0.0
 10
0.68473
 20
-0.84043
 30
0.0
 10
0.68312
 20
-0.85123
 30
0.0
 10
0.67747
 20
-0.86067
 30
0.0
 10
0.71123
 20
-0.89329
 30
0.0
 10
0.74499
 20
-0.9259
 30
0.0
 10
0.77875
 20
-0.95852
 30
0.0
 10
0.77875
 20
-0.95852
 30
0.0
 10
0.35663
 20
1.06674
 30
0.0
 10
0.35663
 20
1.06674
 30
0.0
  0
SPLINE
  5
D8
330
1F
100
AcDbEntity
  8
Plan 1
 62
   250
370
    20
100
AcDbSpline
210
0.0
220
0.0
230
1.0
 70
    11
 71
     3
 72
    20
 73
    16
 74
     0
 42
0.0000000001
 43
0.0000000001
 40
0.0
 40
0.0
 40
0.0
 40
0.0
 40
0.2
 40
0.2
 40
0.2
 40
0.4
 40
0.4
 40
0.4
 40
0.6000000000000001
 40
0.6000000000000001
 40
0.6000000000000001
 40
0.8
 40
0.8
 40
0.8
 40
1.0
 40
1.0
 40
1.0
 40
1.0
 10
0.32875
 20
-2.06567
 30
0.0
 10
0.32875
 20
-2.06567
 30
0.0
 10
0.23824
 20
-2.1393
 30
0.0
 10
0.23824
 20
-2.1393
 30
0.0
 10
0.24245
 20
-2.1479
 30
0.0
 10
0.24355
 20
-2.15738
 30
0.0
 10
0.24175
 20
-2.16629
 30
0.0
 10
0.24175
 20
-2.16629
 30
0.0
 10
0.07183
 20
-3.00988
 30
0.0
 10
0.07183
 20
-3.00988
 30
0.0
 10
0.09153
 20
-3.01623
 30
0.0
 10
0.11123
 20
-3.02259
 30
0.0
 10
0.13093
 20
-3.02894
 30
0.0
 10
0.13093
 20
-3.02894
 30
0.0
 10
0.32875
 20
-2.06567
 30
0.0
 10
0.32875
 20
-2.06567
 30
0.0
  0
SPLINE
  5
D9
330
1F
100
AcDbEntity
  8
Plan 1
 62
   250
370
    20
100
AcDbSpline
210
0.0
220
0.0
230
1.0
 70
    11
 71
     3
 72
    23
 73
    19
 74
     0
 42
0.0000000001
 43
0.0000000001
 40
0.0
 40
0.0
 40
0.0
 40
0.0
 40
0.1666666666666667
 40
0.1666666666666667
 40
0.1666666666666667
 40
0.3333333333333333
 40
0.3333333333333333
 40
0.3333333333333333
 40
0.5
 40
0.5
 40
0.5
 40
0.6666666666666666
 40
0.6666666666666666
 40
0.6666666666666666
 40
0.8333333333333333
 40
0.8333333333333333
 40
0.8333333333333333
 40
1.0
 40
1.0
 40
1.0
 40
1.0
 10
-0.01642
 20
-3.12606
 30
0.0
 10
-0.01782
 20
-3.12792
 30
0.0
 10
-0.01939
 20
-3.12971
 30
0.0
 10
-0.02115
 20
-3.1314
 30
0.0
 10
-0.02115
 20
-3.1314
 30
0.0
 10
-0.36156
 20
-3.45996
 30
0.0
 10
-0.36156
 20
-3.45996
 30
0.0
 10
-0.3627
 20
-3.46106
 30
0.0
 10
-0.36392
 20
-3.46212
 30
0.0
 10
-0.36521
 20
-3.46313
 30
0.0
 10
-0.36521
 20
-3.46313
 30
0.0
 10
-0.33501
 20
-3.53289
 30
0.0
 10
-0.33501
 20
-3.53289
 30
0.0
 10
-0.33501
 20
-3.53289
 30
0.0
 10
0.03836
 20
-3.14373
 30
0.0
 10
0.03836
 20
-3.14373
 30
0.0
 10
0.0201
 20
-3.13784
 30
0.0
 10
0.00184
 20
-3.13195
 30
0.0
 10
-0.01642
 20
-3.12606
 30
0.0
  0
SPLINE
  5
DA
330
1F
100
AcDbEntity
  8
Plan 1
 62
   250
370
    20
100
AcDbSpline
210
0.0
220
0.0
230
1.0
 70
    11
 71
     3
 72
    23
 73
    19
 74
     0
 42
0.0000000001
 43
0.0000000001
 40
0.0
 40
0.0
 40
0.0
 40
0.0
 40
0.1666666666666667
 40
0.1666666666666667
 40
0.1666666666666667
 40
0.3333333333333333
 40
0.3333333333333333
 40
0.3333333333333333
 40
0.5
 40
0.5
 40
0.5
 40
0.6666666666666666
 40
0.6666666666666666
 40
0.6666666666666666
 40
0.8333333333333333
 40
0.8333333333333333
 40
0.8333333333333333
 40
1.0
 40
1.0
 40
1.0
 40
1.0
 10
1.38166
 20
3.0489
 30
0.0
 10
1.35903
 20
3.01382
 30
0.0
 10
1.33639
 20
2.97873
 30
0.0
 10
1.31375
 20
2.94365
 30
0.0
 10
1.31953
 20
2.93755
 30
0.0
 10
1.32309
 20
2.93037
 30
0.0
 10
1.32467
 20
2.92317
 30
0.0
 10
1.32467
 20
2.92317
 30
0.0
 10
1.5833
 20
1.74594
 30
0.0
 10
1.5833
 20
1.74594
 30
0.0
 10
1.59891
 20
1.83137
 30
0.0
 10
1.61453
 20
1.9168
 30
0.0
 10
1.63014
 20
2.00223
 30
0.0
 10
1.61649
 20
2.00901
 30
0.0
 10
1.60842
 20
2.02099
 30
0.0
 10
1.60587
 20
2.03254
 30
0.0
 10
1.60587
 20
2.03254
 30
0.0
 10
1.38166
 20
3.0489
 30
0.0
 10
1.38166
 20
3.0489
 30
0.0
  0
SPLINE
  5
DB
330
1F
100
AcDbEntity
  8
Plan 1
 62
   250
370
    20
100
AcDbSpline
210
0.0
220
0.0
230
1.0
 70
    11
 71
     3
 72
    20
 73
    16
 74
     0
 42
0.0000000001
 43
0.0000000001
 40
0.0
 40
0.0
 40
0.0
 40
0.0
 40
0.2
 40
0.2
 40
0.2
 40
0.4
 40
0.4
 40
0.4
 40
0.6000000000000001
 40
0.6000000000000001
 40
0.6000000000000001
 40
0.8
 40
0.8
 40
0.8
 40
1.0
 40
1.0
 40
1.0
 40
1.0
 10
0.57295
 20
-0.95531
 30
0.0
 10
0.56875
 20
-0.95717
 30
0.0
 10
0.56412
 20
-0.95853
 30
0.0
 10
0.5591
 20
-0.95924
 30
0.0
 10
0.5591
 20
-0.95924
 30
0.0
 10
-0.35028
 20
-1.08861
 30
0.0
 10
-0.35028
 20
-1.08861
 30
0.0
 10
-0.35532
 20
-1.11828
 30
0.0
 10
-0.36036
 20
-1.14794
 30
0.0
 10
-0.36539
 20
-1.17761
 30
0.0
 10
-0.36539
 20
-1.17761
 30
0.0
 10
0.64391
 20
-1.02386
 30
0.0
 10
0.64391
 20
-1.02386
 30
0.0
 10
0.62025
 20
-1.00101
 30
0.0
 10
0.5966
 20
-0.97816
 30
0.0
 10
0.57295
 20
-0.95531
 30
0.0
  0
SPLINE
  5
DC
330
1F
100
AcDbEntity
  8
Plan 1
 62
   250
370
    20
100
AcDbSpline
210
0.0
220
0.0
230
1.0
 70
    11
 71
     3
 72
    20
 73
    16
 74
     0
 42
0.0000000001
 43
0.0000000001
 40
0.0
 40
0.0
 40
0.0
 40
0.0
 40
0.2
 40
0.2
 40
0.2
 40
0.4
 40
0.4
 40
0.4
 40
0.6000000000000001
 40
0.6000000000000001
 40
0.6000000000000001
 40
0.8
 40
0.8
 40
0.8
 40
1.0
 40
1.0
 40
1.0
 40
1.0
 10
-0.49767
 20
-1.95658
 30
0.0
 10
-0.50108
 20
-1.97662
 30
0.0
 10
-0.50448
 20
-1.99667
 30
0.0
 10
-0.50788
 20
-2.01671
 30
0.0
 10
-0.50788
 20
-2.01671
 30
0.0
 10
0.20437
 20
-1.95538
 30
0.0
 10
0.20437
 20
-1.95538
 30
0.0
 10
0.21583
 20
-1.9544
 30
0.0
 10
0.22619
 20
-1.95698
 30
0.0
 10
0.23461
 20
-1.96167
 30
0.0
 10
0.23461
 20
-1.96167
 30
0.0
 10
0.37285
 20
-1.84922
 30
0.0
 10
0.37285
 20
-1.84922
 30
0.0
 10
0.37285
 20
-1.84922
 30
0.0
 10
-0.49767
 20
-1.95658
 30
0.0
 10
-0.49767
 20
-1.95658
 30
0.0
  0
SPLINE
  5
DD
330
1F
100
AcDbEntity
  8
Plan 1
 62
   250
370
    20
100
AcDbSpline
210
0.0
220
0.0
230
1.0
 70
    11
 71
     3
 72
    20
 73
    16
 74
     0
 42
0.0000000001
 43
0.0000000001
 40
0.0
 40
0.0
 40
0.0
 40
0.0
 40
0.2
 40
0.2
 40
0.2
 40
0.4
 40
0.4
 40
0.4
 40
0.6000000000000001
 40
0.6000000000000001
 40
0.6000000000000001
 40
0.8
 40
0.8
 40
0.8
 40
1.0
 40
1.0
 40
1.0
 40
1.0
 10
0.12986
 20
-2.22746
 30
0.0
 10
0.12986
 20
-2.22746
 30
0.0
 10
0.02947
 20
-2.30912
 30
0.0
 10
0.02947
 20
-2.30912
 30
0.0
 10
0.03355
 20
-2.31746
 30
0.0
 10
0.03471
 20
-2.32661
 30
0.0
 10
0.03315
 20
-2.33526
 30
0.0
 10
0.03315
 20
-2.33526
 30
0.0
 10
-0.07962
 20
-2.96102
 30
0.0
 10
-0.07962
 20
-2.96102
 30
0.0
 10
-0.0603
 20
-2.96725
 30
0.0
 10
-0.04098
 20
-2.97348
 30
0.0
 10
-0.02166
 20
-2.97972
 30
0.0
 10
-0.02166
 20
-2.97972
 30
0.0
 10
0.12986
 20
-2.22746
 30
0.0
 10
0.12986
 20
-2.22746
 30
0.0
  0
SPLINE
  5
DE
330
1F
100
AcDbEntity
  8
Plan 1
 62
   250
370
    20
100
AcDbSpline
210
0.0
220
0.0
230
1.0
 70
    11
 71
     3
 72
    23
 73
    19
 74
     0
 42
0.0000000001
 43
0.0000000001
 40
0.0
 40
0.0
 40
0.0
 40
0.0
 40
0.1666666666666667
 40
0.1666666666666667
 40
0.1666666666666667
 40
0.3333333333333333
 40
0.3333333333333333
 40
0.3333333333333333
 40
0.5
 40
0.5
 40
0.5
 40
0.6666666666666666
 40
0.6666666666666666
 40
0.6666666666666666
 40
0.8333333333333333
 40
0.8333333333333333
 40
0.8333333333333333
 40
1.0
 40
1.0
 40
1.0
 40
1.0
 10
-0.20113
 20
-3.06646
 30
0.0
 10
-0.20191
 20
-3.0675
 30
0.0
 10
-0.20274
 20
-3.06851
 30
0.0
 10
-0.20362
 20
-3.0695
 30
0.0
 10
-0.20362
 20
-3.0695
 30
0.0
 10
-0.42214
 20
-3.31257
 30
0.0
 10
-0.42214
 20
-3.31257
 30
0.0
 10
-0.42388
 20
-3.31451
 30
0.0
 10
-0.42585
 20
-3.31636
 30
0.0
 10
-0.42802
 20
-3.31806
 30
0.0
 10
-0.42802
 20
-3.31806
 30
0.0
 10
-0.40503
 20
-3.37117
 30
0.0
 10
-0.40503
 20
-3.37117
 30
0.0
 10
-0.40503
 20
-3.37117
 30
0.0
 10
-0.11734
 20
-3.0935
 30
0.0
 10
-0.11734
 20
-3.0935
 30
0.0
 10
-0.14527
 20
-3.08448
 30
0.0
 10
-0.1732
 20
-3.07547
 30
0.0
 10
-0.20113
 20
-3.06646
 30
0.0
  0
SPLINE
  5
DF
330
1F
100
AcDbEntity
  8
Plan 1
 62
   250
370
    20
100
AcDbSpline
210
0.0
220
0.0
230
1.0
 70
    11
 71
     3
 72
    23
 73
    19
 74
     0
 42
0.0000000001
 43
0.0000000001
 40
0.0
 40
0.0
 40
0.0
 40
0.0
 40
0.1666666666666667
 40
0.1666666666666667
 40
0.1666666666666667
 40
0.3333333333333333
 40
0.3333333333333333
 40
0.3333333333333333
 40
0.5
 40
0.5
 40
0.5
 40
0.6666666666666666
 40
0.6666666666666666
 40
0.6666666666666666
 40
0.8333333333333333
 40
0.8333333333333333
 40
0.8333333333333333
 40
1.0
 40
1.0
 40
1.0
 40
1.0
 10
1.84256
 20
2.9584
 30
0.0
 10
1.83136
 20
2.96474
 30
0.0
 10
1.82433
 20
2.97461
 30
0.0
 10
1.82138
 20
2.98448
 30
0.0
 10
1.82138
 20
2.98448
 30
0.0
 10
1.66937
 20
3.49484
 30
0.0
 10
1.66937
 20
3.49484
 30
0.0
 10
1.63837
 20
3.44679
 30
0.0
 10
1.60737
 20
3.39874
 30
0.0
 10
1.57637
 20
3.35069
 30
0.0
 10
1.58156
 20
3.34522
 30
0.0
 10
1.58496
 20
3.33887
 30
0.0
 10
1.58674
 20
3.33244
 30
0.0
 10
1.58674
 20
3.33244
 30
0.0
 10
1.77088
 20
2.66816
 30
0.0
 10
1.77088
 20
2.66816
 30
0.0
 10
1.79478
 20
2.7649
 30
0.0
 10
1.81867
 20
2.86165
 30
0.0
 10
1.84256
 20
2.9584
 30
0.0
  0
SPLINE
  5
E0
330
1F
100
AcDbEntity
  8
Plan 1
 62
   250
370
    20
100
AcDbSpline
210
0.0
220
0.0
230
1.0
 70
    11
 71
     3
 72
    38
 73
    34
 74
     0
 42
0.0000000001
 43
0.0000000001
 40
0.0
 40
0.0
 40
0.0
 40
0.0
 40
0.0909090909090909
 40
0.0909090909090909
 40
0.0909090909090909
 40
0.1818181818181818
 40
0.1818181818181818
 40
0.1818181818181818
 40
0.2727272727272727
 40
0.2727272727272727
 40
0.2727272727272727
 40
0.3636363636363636
 40
0.3636363636363636
 40
0.3636363636363636
 40
0.4545454545454546
 40
0.4545454545454546
 40
0.4545454545454546
 40
0.5454545454545454
 40
0.5454545454545454
 40
0.5454545454545454
 40
0.6363636363636364
 40
0.6363636363636364
 40
0.6363636363636364
 40
0.7272727272727273
 40
0.7272727272727273
 40
0.7272727272727273
 40
0.8181818181818182
 40
0.8181818181818182
 40
0.8181818181818182
 40
0.9090909090909092
 40
0.9090909090909092
 40
0.9090909090909092
 40
1.0
 40
1.0
 40
1.0
 40
1.0
 10
1.72984
 20
2.50195
 30
0.0
 10
1.71836
 20
2.50844
 30
0.0
 10
1.71126
 20
2.51866
 30
0.0
 10
1.70845
 20
2.52881
 30
0.0
 10
1.70845
 20
2.52881
 30
0.0
 10
1.50939
 20
3.24688
 30
0.0
 10
1.50939
 20
3.24688
 30
0.0
 10
1.49004
 20
3.21688
 30
0.0
 10
1.47069
 20
3.18689
 30
0.0
 10
1.45134
 20
3.1569
 30
0.0
 10
1.45711
 20
3.15081
 30
0.0
 10
1.46067
 20
3.14364
 30
0.0
 10
1.46225
 20
3.13645
 30
0.0
 10
1.46225
 20
3.13645
 30
0.0
 10
1.66743
 20
2.20635
 30
0.0
 10
1.66743
 20
2.20635
 30
0.0
 10
1.67733
 20
2.26053
 30
0.0
 10
1.68723
 20
2.31471
 30
0.0
 10
1.69713
 20
2.36889
 30
0.0
 10
1.69713
 20
2.36889
 30
0.0
 10
1.69717
 20
2.3691
 30
0.0
 10
1.69717
 20
2.3691
 30
0.0
 10
1.69717
 20
2.3691
 30
0.0
 10
1.69727
 20
2.36953
 30
0.0
 10
1.69727
 20
2.36953
 30
0.0
 10
1.69727
 20
2.36953
 30
0.0
 10
1.69845
 20
2.37482
 30
0.0
 10
1.69845
 20
2.37482
 30
0.0
 10
1.69845
 20
2.37482
 30
0.0
 10
1.69849
 20
2.37495
 30
0.0
 10
1.69849
 20
2.37495
 30
0.0
 10
1.70894
 20
2.41728
 30
0.0
 10
1.71939
 20
2.45962
 30
0.0
 10
1.72984
 20
2.50195
 30
0.0
  0
SPLINE
  5
E1
330
1F
100
AcDbEntity
  8
Plan 1
 62
   250
370
    20
100
AcDbSpline
210
0.0
220
0.0
230
1.0
 70
    11
 71
     3
 72
    23
 73
    19
 74
     0
 42
0.0000000001
 43
0.0000000001
 40
0.0
 40
0.0
 40
0.0
 40
0.0
 40
0.1666666666666667
 40
0.1666666666666667
 40
0.1666666666666667
 40
0.3333333333333333
 40
0.3333333333333333
 40
0.3333333333333333
 40
0.5
 40
0.5
 40
0.5
 40
0.6666666666666666
 40
0.6666666666666666
 40
0.6666666666666666
 40
0.8333333333333333
 40
0.8333333333333333
 40
0.8333333333333333
 40
1.0
 40
1.0
 40
1.0
 40
1.0
 10
0.2461
 20
0.8298
 30
0.0
 10
0.23023
 20
0.79577
 30
0.0
 10
0.21436
 20
0.76175
 30
0.0
 10
0.19849
 20
0.72773
 30
0.0
 10
0.20698
 20
0.72076
 30
0.0
 10
0.21196
 20
0.71163
 30
0.0
 10
0.21378
 20
0.70261
 30
0.0
 10
0.21378
 20
0.70261
 30
0.0
 10
0.48415
 20
-0.63864
 30
0.0
 10
0.48415
 20
-0.63864
 30
0.0
 10
0.48616
 20
-0.64862
 30
0.0
 10
0.48454
 20
-0.65941
 30
0.0
 10
0.4789
 20
-0.66883
 30
0.0
 10
0.50851
 20
-0.69744
 30
0.0
 10
0.53812
 20
-0.72604
 30
0.0
 10
0.56772
 20
-0.75464
 30
0.0
 10
0.56772
 20
-0.75464
 30
0.0
 10
0.2461
 20
0.8298
 30
0.0
 10
0.2461
 20
0.8298
 30
0.0
  0
SPLINE
  5
E2
330
1F
100
AcDbEntity
  8
Plan 1
 62
   250
370
    20
100
AcDbSpline
210
0.0
220
0.0
230
1.0
 70
    11
 71
     3
 72
    20
 73
    16
 74
     0
 42
0.0000000001
 43
0.0000000001
 40
0.0
 40
0.0
 40
0.0
 40
0.0
 40
0.2
 40
0.2
 40
0.2
 40
0.4
 40
0.4
 40
0.4
 40
0.6000000000000001
 40
0.6000000000000001
 40
0.6000000000000001
 40
0.8
 40
0.8
 40
0.8
 40
1.0
 40
1.0
 40
1.0
 40
1.0
 10
0.42722
 20
-0.81453
 30
0.0
 10
0.42306
 20
-0.81636
 30
0.0
 10
0.41847
 20
-0.81772
 30
0.0
 10
0.4135
 20
-0.81844
 30
0.0
 10
0.4135
 20
-0.81844
 30
0.0
 10
-0.32249
 20
-0.92497
 30
0.0
 10
-0.32249
 20
-0.92497
 30
0.0
 10
-0.32648
 20
-0.94848
 30
0.0
 10
-0.33048
 20
-0.97199
 30
0.0
 10
-0.33447
 20
-0.99549
 30
0.0
 10
-0.33447
 20
-0.99549
 30
0.0
 10
0.49273
 20
-0.87782
 30
0.0
 10
0.49273
 20
-0.87782
 30
0.0
 10
0.4709
 20
-0.85672
 30
0.0
 10
0.44906
 20
-0.83562
 30
0.0
 10
0.42722
 20
-0.81453
 30
0.0
  0
SPLINE
  5
E3
330
1F
100
AcDbEntity
  8
Plan 1
 62
   250
370
    20
100
AcDbSpline
210
0.0
220
0.0
230
1.0
 70
    11
 71
     3
 72
    20
 73
    16
 74
     0
 42
0.0000000001
 43
0.0000000001
 40
0.0
 40
0.0
 40
0.0
 40
0.0
 40
0.2
 40
0.2
 40
0.2
 40
0.4
 40
0.4
 40
0.4
 40
0.6000000000000001
 40
0.6000000000000001
 40
0.6000000000000001
 40
0.8
 40
0.8
 40
0.8
 40
1.0
 40
1.0
 40
1.0
 40
1.0
 10
-0.52343
 20
-2.10822
 30
0.0
 10
-0.52764
 20
-2.13306
 30
0.0
 10
-0.53186
 20
-2.1579
 30
0.0
 10
-0.53608
 20
-2.18275
 30
0.0
 10
-0.53608
 20
-2.18275
 30
0.0
 10
-0.03865
 20
-2.15422
 30
0.0
 10
-0.03865
 20
-2.15422
 30
0.0
 10
-0.02782
 20
-2.1536
 30
0.0
 10
-0.01801
 20
-2.15619
 30
0.0
 10
-0.00999
 20
-2.16064
 30
0.0
 10
-0.00999
 20
-2.16064
 30
0.0
 10
0.12287
 20
-2.05256
 30
0.0
 10
0.12287
 20
-2.05256
 30
0.0
 10
0.12287
 20
-2.05256
 30
0.0
 10
-0.52343
 20
-2.10822
 30
0.0
 10
-0.52343
 20
-2.10822
 30
0.0
  0
SPLINE
  5
E4
330
1F
100
AcDbEntity
  8
Plan 1
 62
   250
370
    20
100
AcDbSpline
210
0.0
220
0.0
230
1.0
 70
    11
 71
     3
 72
    20
 73
    16
 74
     0
 42
0.0000000001
 43
0.0000000001
 40
0.0
 40
0.0
 40
0.0
 40
0.0
 40
0.2
 40
0.2
 40
0.2
 40
0.4
 40
0.4
 40
0.4
 40
0.6000000000000001
 40
0.6000000000000001
 40
0.6000000000000001
 40
0.8
 40
0.8
 40
0.8
 40
1.0
 40
1.0
 40
1.0
 40
1.0
 10
-0.2339
 20
-2.91124
 30
0.0
 10
-0.21373
 20
-2.91775
 30
0.0
 10
-0.19357
 20
-2.92425
 30
0.0
 10
-0.17341
 20
-2.93076
 30
0.0
 10
-0.17341
 20
-2.93076
 30
0.0
 10
-0.07699
 20
-2.39572
 30
0.0
 10
-0.07699
 20
-2.39572
 30
0.0
 10
-0.07699
 20
-2.39572
 30
0.0
 10
-0.16211
 20
-2.46496
 30
0.0
 10
-0.16211
 20
-2.46496
 30
0.0
 10
-0.15803
 20
-2.47329
 30
0.0
 10
-0.15688
 20
-2.48243
 30
0.0
 10
-0.15843
 20
-2.49108
 30
0.0
 10
-0.15843
 20
-2.49108
 30
0.0
 10
-0.2339
 20
-2.91124
 30
0.0
 10
-0.2339
 20
-2.91124
 30
0.0
  0
SPLINE
  5
E5
330
1F
100
AcDbEntity
  8
Plan 1
 62
   250
370
    20
100
AcDbSpline
210
0.0
220
0.0
230
1.0
 70
    11
 71
     3
 72
    23
 73
    19
 74
     0
 42
0.0000000001
 43
0.0000000001
 40
0.0
 40
0.0
 40
0.0
 40
0.0
 40
0.1666666666666667
 40
0.1666666666666667
 40
0.1666666666666667
 40
0.3333333333333333
 40
0.3333333333333333
 40
0.3333333333333333
 40
0.5
 40
0.5
 40
0.5
 40
0.6666666666666666
 40
0.6666666666666666
 40
0.6666666666666666
 40
0.8333333333333333
 40
0.8333333333333333
 40
0.8333333333333333
 40
1.0
 40
1.0
 40
1.0
 40
1.0
 10
-0.35098
 20
-3.01812
 30
0.0
 10
-0.35267
 20
-3.02037
 30
0.0
 10
-0.35463
 20
-3.02252
 30
0.0
 10
-0.35685
 20
-3.02453
 30
0.0
 10
-0.35685
 20
-3.02453
 30
0.0
 10
-0.49697
 20
-3.15088
 30
0.0
 10
-0.49697
 20
-3.15088
 30
0.0
 10
-0.49778
 20
-3.15161
 30
0.0
 10
-0.49861
 20
-3.15231
 30
0.0
 10
-0.49949
 20
-3.153
 30
0.0
 10
-0.49949
 20
-3.153
 30
0.0
 10
-0.46908
 20
-3.22323
 30
0.0
 10
-0.46908
 20
-3.22323
 30
0.0
 10
-0.46908
 20
-3.22323
 30
0.0
 10
-0.2996
 20
-3.0347
 30
0.0
 10
-0.2996
 20
-3.0347
 30
0.0
 10
-0.31673
 20
-3.02917
 30
0.0
 10
-0.33385
 20
-3.02364
 30
0.0
 10
-0.35098
 20
-3.01812
 30
0.0
  0
SPLINE
  5
E6
330
1F
100
AcDbEntity
  8
Plan 1
 62
   250
370
    20
100
AcDbSpline
210
0.0
220
0.0
230
1.0
 70
    11
 71
     3
 72
    20
 73
    16
 74
     0
 42
0.0000000001
 43
0.0000000001
 40
0.0
 40
0.0
 40
0.0
 40
0.0
 40
0.2
 40
0.2
 40
0.2
 40
0.4
 40
0.4
 40
0.4
 40
0.6000000000000001
 40
0.6000000000000001
 40
0.6000000000000001
 40
0.8
 40
0.8
 40
0.8
 40
1.0
 40
1.0
 40
1.0
 40
1.0
 10
2.03497
 20
3.73775
 30
0.0
 10
2.01823
 20
3.81973
 30
0.0
 10
2.00149
 20
3.9017
 30
0.0
 10
1.98476
 20
3.98368
 30
0.0
 10
1.90166
 20
3.85488
 30
0.0
 10
1.81857
 20
3.72609
 30
0.0
 10
1.73547
 20
3.59729
 30
0.0
 10
1.74045
 20
3.59204
 30
0.0
 10
1.74377
 20
3.58598
 30
0.0
 10
1.74561
 20
3.57982
 30
0.0
 10
1.74561
 20
3.57982
 30
0.0
 10
1.88251
 20
3.12021
 30
0.0
 10
1.88251
 20
3.12021
 30
0.0
 10
1.93333
 20
3.32606
 30
0.0
 10
1.98416
 20
3.5319
 30
0.0
 10
2.03497
 20
3.73775
 30
0.0
  0
SPLINE
  5
E7
330
1F
100
AcDbEntity
  8
Plan 1
 62
   250
370
    20
100
AcDbSpline
210
0.0
220
0.0
230
1.0
 70
    11
 71
     3
 72
    23
 73
    19
 74
     0
 42
0.0000000001
 43
0.0000000001
 40
0.0
 40
0.0
 40
0.0
 40
0.0
 40
0.1666666666666667
 40
0.1666666666666667
 40
0.1666666666666667
 40
0.3333333333333333
 40
0.3333333333333333
 40
0.3333333333333333
 40
0.5
 40
0.5
 40
0.5
 40
0.6666666666666666
 40
0.6666666666666666
 40
0.6666666666666666
 40
0.8333333333333333
 40
0.8333333333333333
 40
0.8333333333333333
 40
1.0
 40
1.0
 40
1.0
 40
1.0
 10
0.26286
 20
-0.65574
 30
0.0
 10
0.25947
 20
-0.65723
 30
0.0
 10
0.25579
 20
-0.65841
 30
0.0
 10
0.25184
 20
-0.65919
 30
0.0
 10
0.25184
 20
-0.65919
 30
0.0
 10
-0.29407
 20
-0.76667
 30
0.0
 10
-0.29407
 20
-0.76667
 30
0.0
 10
-0.2946
 20
-0.76677
 30
0.0
 10
-0.29513
 20
-0.76687
 30
0.0
 10
-0.29565
 20
-0.76695
 30
0.0
 10
-0.29932
 20
-0.78856
 30
0.0
 10
-0.30299
 20
-0.81017
 30
0.0
 10
-0.30666
 20
-0.83177
 30
0.0
 10
-0.30666
 20
-0.83177
 30
0.0
 10
0.34712
 20
-0.73714
 30
0.0
 10
0.34712
 20
-0.73714
 30
0.0
 10
0.31903
 20
-0.71
 30
0.0
 10
0.29094
 20
-0.68287
 30
0.0
 10
0.26286
 20
-0.65574
 30
0.0
  0
SPLINE
  5
E8
330
1F
100
AcDbEntity
  8
Plan 1
 62
   250
370
    20
100
AcDbSpline
210
0.0
220
0.0
230
1.0
 70
    11
 71
     3
 72
    20
 73
    16
 74
     0
 42
0.0000000001
 43
0.0000000001
 40
0.0
 40
0.0
 40
0.0
 40
0.0
 40
0.2
 40
0.2
 40
0.2
 40
0.4
 40
0.4
 40
0.4
 40
0.6000000000000001
 40
0.6000000000000001
 40
0.6000000000000001
 40
0.8
 40
0.8
 40
0.8
 40
1.0
 40
1.0
 40
1.0
 40
1.0
 10
-0.5515
 20
-2.27357
 30
0.0
 10
-0.55687
 20
-2.30515
 30
0.0
 10
-0.56223
 20
-2.33673
 30
0.0
 10
-0.56759
 20
-2.36831
 30
0.0
 10
-0.56759
 20
-2.36831
 30
0.0
 10
-0.29353
 20
-2.3632
 30
0.0
 10
-0.29353
 20
-2.3632
 30
0.0
 10
-0.28343
 20
-2.36301
 30
0.0
 10
-0.2744
 20
-2.36552
 30
0.0
 10
-0.26696
 20
-2.36967
 30
0.0
 10
-0.26696
 20
-2.36967
 30
0.0
 10
-0.11829
 20
-2.24873
 30
0.0
 10
-0.11829
 20
-2.24873
 30
0.0
 10
-0.11829
 20
-2.24873
 30
0.0
 10
-0.5515
 20
-2.27357
 30
0.0
 10
-0.5515
 20
-2.27357
 30
0.0
  0
SPLINE
  5
E9
330
1F
100
AcDbEntity
  8
Plan 1
 62
   250
370
    20
100
AcDbSpline
210
0.0
220
0.0
230
1.0
 70
    11
 71
     3
 72
    20
 73
    16
 74
     0
 42
0.0000000001
 43
0.0000000001
 40
0.0
 40
0.0
 40
0.0
 40
0.0
 40
0.2
 40
0.2
 40
0.2
 40
0.4
 40
0.4
 40
0.4
 40
0.6000000000000001
 40
0.6000000000000001
 40
0.6000000000000001
 40
0.8
 40
0.8
 40
0.8
 40
1.0
 40
1.0
 40
1.0
 40
1.0
 10
-0.36315
 20
-2.6285
 30
0.0
 10
-0.35935
 20
-2.63626
 30
0.0
 10
-0.3581
 20
-2.64472
 30
0.0
 10
-0.3592
 20
-2.65282
 30
0.0
 10
-0.3592
 20
-2.65282
 30
0.0
 10
-0.3875
 20
-2.86168
 30
0.0
 10
-0.3875
 20
-2.86168
 30
0.0
 10
-0.36756
 20
-2.86811
 30
0.0
 10
-0.34762
 20
-2.87455
 30
0.0
 10
-0.32768
 20
-2.88098
 30
0.0
 10
-0.32768
 20
-2.88098
 30
0.0
 10
-0.26851
 20
-2.55151
 30
0.0
 10
-0.26851
 20
-2.55151
 30
0.0
 10
-0.26851
 20
-2.55151
 30
0.0
 10
-0.36315
 20
-2.6285
 30
0.0
 10
-0.36315
 20
-2.6285
 30
0.0
  0
SPLINE
  5
EA
330
1F
100
AcDbEntity
  8
Plan 1
 62
   250
370
    20
100
AcDbSpline
210
0.0
220
0.0
230
1.0
 70
    11
 71
     3
 72
    14
 73
    10
 74
     0
 42
0.0000000001
 43
0.0000000001
 40
0.0
 40
0.0
 40
0.0
 40
0.0
 40
0.3333333333333333
 40
0.3333333333333333
 40
0.3333333333333333
 40
0.6666666666666666
 40
0.6666666666666666
 40
0.6666666666666666
 40
1.0
 40
1.0
 40
1.0
 40
1.0
 10
-0.59148
 20
-2.94053
 30
0.0
 10
-0.59148
 20
-2.94053
 30
0.0
 10
-0.53877
 20
-3.06226
 30
0.0
 10
-0.53877
 20
-3.06226
 30
0.0
 10
-0.53877
 20
-3.06226
 30
0.0
 10
-0.45324
 20
-2.98513
 30
0.0
 10
-0.45324
 20
-2.98513
 30
0.0
 10
-0.49932
 20
-2.97026
 30
0.0
 10
-0.5454
 20
-2.95539
 30
0.0
 10
-0.59148
 20
-2.94053
 30
0.0
  0
SPLINE
  5
EB
330
1F
100
AcDbEntity
  8
Plan 1
 62
   250
370
    20
100
AcDbSpline
210
0.0
220
0.0
230
1.0
 70
    11
 71
     3
 72
    23
 73
    19
 74
     0
 42
0.0000000001
 43
0.0000000001
 40
0.0
 40
0.0
 40
0.0
 40
0.0
 40
0.1666666666666667
 40
0.1666666666666667
 40
0.1666666666666667
 40
0.3333333333333333
 40
0.3333333333333333
 40
0.3333333333333333
 40
0.5
 40
0.5
 40
0.5
 40
0.6666666666666666
 40
0.6666666666666666
 40
0.6666666666666666
 40
0.8333333333333333
 40
0.8333333333333333
 40
0.8333333333333333
 40
1.0
 40
1.0
 40
1.0
 40
1.0
 10
0.1361
 20
0.59395
 30
0.0
 10
0.118
 20
0.55513
 30
0.0
 10
0.09989
 20
0.51631
 30
0.0
 10
0.08179
 20
0.4775
 30
0.0
 10
0.09028
 20
0.47052
 30
0.0
 10
0.09526
 20
0.46138
 30
0.0
 10
0.09708
 20
0.45236
 30
0.0
 10
0.09708
 20
0.45236
 30
0.0
 10
0.27606
 20
-0.43762
 30
0.0
 10
0.27606
 20
-0.43762
 30
0.0
 10
0.27807
 20
-0.4476
 30
0.0
 10
0.27645
 20
-0.45839
 30
0.0
 10
0.27082
 20
-0.4678
 30
0.0
 10
0.30365
 20
-0.49952
 30
0.0
 10
0.33648
 20
-0.53125
 30
0.0
 10
0.36931
 20
-0.56296
 30
0.0
 10
0.36931
 20
-0.56296
 30
0.0
 10
0.1361
 20
0.59395
 30
0.0
 10
0.1361
 20
0.59395
 30
0.0
  0
SPLINE
  5
EC
330
1F
100
AcDbEntity
  8
Plan 1
 62
   250
370
    20
100
AcDbSpline
210
0.0
220
0.0
230
1.0
 70
    11
 71
     3
 72
    14
 73
    10
 74
     0
 42
0.0000000001
 43
0.0000000001
 40
0.0
 40
0.0
 40
0.0
 40
0.0
 40
0.3333333333333333
 40
0.3333333333333333
 40
0.3333333333333333
 40
0.6666666666666666
 40
0.6666666666666666
 40
0.6666666666666666
 40
1.0
 40
1.0
 40
1.0
 40
1.0
 10
-0.58289
 20
-2.45837
 30
0.0
 10
-0.59394
 20
-2.52346
 30
0.0
 10
-0.605
 20
-2.58855
 30
0.0
 10
-0.61605
 20
-2.65364
 30
0.0
 10
-0.61605
 20
-2.65364
 30
0.0
 10
-0.37115
 20
-2.45443
 30
0.0
 10
-0.37115
 20
-2.45443
 30
0.0
 10
-0.37115
 20
-2.45443
 30
0.0
 10
-0.58289
 20
-2.45837
 30
0.0
 10
-0.58289
 20
-2.45837
 30
0.0
  0
SPLINE
  5
ED
330
1F
100
AcDbEntity
  8
Plan 1
 62
   250
370
    20
100
AcDbSpline
210
0.0
220
0.0
230
1.0
 70
    11
 71
     3
 72
    14
 73
    10
 74
     0
 42
0.0000000001
 43
0.0000000001
 40
0.0
 40
0.0
 40
0.0
 40
0.0
 40
0.3333333333333333
 40
0.3333333333333333
 40
0.3333333333333333
 40
0.6666666666666666
 40
0.6666666666666666
 40
0.6666666666666666
 40
1.0
 40
1.0
 40
1.0
 40
1.0
 10
-0.57532
 20
-2.80108
 30
0.0
 10
-0.54422
 20
-2.81112
 30
0.0
 10
-0.51311
 20
-2.82116
 30
0.0
 10
-0.48201
 20
-2.83119
 30
0.0
 10
-0.48201
 20
-2.83119
 30
0.0
 10
-0.46586
 20
-2.71204
 30
0.0
 10
-0.46586
 20
-2.71204
 30
0.0
 10
-0.46586
 20
-2.71204
 30
0.0
 10
-0.57532
 20
-2.80108
 30
0.0
 10
-0.57532
 20
-2.80108
 30
0.0
  0
SPLINE
  5
EE
330
1F
100
AcDbEntity
  8
Plan 1
 62
   250
370
    20
100
AcDbSpline
210
0.0
220
0.0
230
1.0
 70
    11
 71
     3
 72
    20
 73
    16
 74
     0
 42
0.0000000001
 43
0.0000000001
 40
0.0
 40
0.0
 40
0.0
 40
0.0
 40
0.2
 40
0.2
 40
0.2
 40
0.4
 40
0.4
 40
0.4
 40
0.6000000000000001
 40
0.6000000000000001
 40
0.6000000000000001
 40
0.8
 40
0.8
 40
0.8
 40
1.0
 40
1.0
 40
1.0
 40
1.0
 10
-0.6303
 20
-3.21086
 30
0.0
 10
-0.62047
 20
-3.44478
 30
0.0
 10
-0.61063
 20
-3.6787
 30
0.0
 10
-0.60081
 20
-3.91262
 30
0.0
 10
-0.58704
 20
-3.91647
 30
0.0
 10
-0.57672
 20
-3.92555
 30
0.0
 10
-0.57139
 20
-3.9356
 30
0.0
 10
-0.57139
 20
-3.9356
 30
0.0
 10
0.0248
 20
-5.06033
 30
0.0
 10
0.0248
 20
-5.06033
 30
0.0
 10
0.04845
 20
-5.00283
 30
0.0
 10
0.07211
 20
-4.94533
 30
0.0
 10
0.09577
 20
-4.88784
 30
0.0
 10
0.09577
 20
-4.88784
 30
0.0
 10
-0.6303
 20
-3.21086
 30
0.0
 10
-0.6303
 20
-3.21086
 30
0.0
  0
SPLINE
  5
EF
330
1F
100
AcDbEntity
  8
Plan 1
 62
   250
370
    20
100
AcDbSpline
210
0.0
220
0.0
230
1.0
 70
    11
 71
     3
 72
    23
 73
    19
 74
     0
 42
0.0000000001
 43
0.0000000001
 40
0.0
 40
0.0
 40
0.0
 40
0.0
 40
0.1666666666666667
 40
0.1666666666666667
 40
0.1666666666666667
 40
0.3333333333333333
 40
0.3333333333333333
 40
0.3333333333333333
 40
0.5
 40
0.5
 40
0.5
 40
0.6666666666666666
 40
0.6666666666666666
 40
0.6666666666666666
 40
0.8333333333333333
 40
0.8333333333333333
 40
0.8333333333333333
 40
1.0
 40
1.0
 40
1.0
 40
1.0
 10
0.97733
 20
4.21484
 30
0.0
 10
0.97798
 20
4.18991
 30
0.0
 10
0.97863
 20
4.16498
 30
0.0
 10
0.97929
 20
4.14004
 30
0.0
 10
0.97929
 20
4.14004
 30
0.0
 10
1.92198
 20
4.55714
 30
0.0
 10
1.92198
 20
4.55714
 30
0.0
 10
1.92288
 20
4.55754
 30
0.0
 10
1.9238
 20
4.55791
 30
0.0
 10
1.92474
 20
4.55826
 30
0.0
 10
1.92337
 20
4.58116
 30
0.0
 10
1.922
 20
4.60406
 30
0.0
 10
1.92062
 20
4.62696
 30
0.0
 10
1.92062
 20
4.62696
 30
0.0
 10
0.98126
 20
4.21638
 30
0.0
 10
0.98126
 20
4.21638
 30
0.0
 10
0.97998
 20
4.21582
 30
0.0
 10
0.97867
 20
4.2153
 30
0.0
 10
0.97733
 20
4.21484
 30
0.0
  0
SPLINE
  5
F0
330
1F
100
AcDbEntity
  8
Plan 1
 62
   250
370
    20
100
AcDbSpline
210
0.0
220
0.0
230
1.0
 70
    11
 71
     3
 72
    23
 73
    19
 74
     0
 42
0.0000000001
 43
0.0000000001
 40
0.0
 40
0.0
 40
0.0
 40
0.0
 40
0.1666666666666667
 40
0.1666666666666667
 40
0.1666666666666667
 40
0.3333333333333333
 40
0.3333333333333333
 40
0.3333333333333333
 40
0.5
 40
0.5
 40
0.5
 40
0.6666666666666666
 40
0.6666666666666666
 40
0.6666666666666666
 40
0.8333333333333333
 40
0.8333333333333333
 40
0.8333333333333333
 40
1.0
 40
1.0
 40
1.0
 40
1.0
 10
0.98187
 20
4.04151
 30
0.0
 10
0.98255
 20
4.01583
 30
0.0
 10
0.98322
 20
3.99015
 30
0.0
 10
0.98389
 20
3.96447
 30
0.0
 10
0.98389
 20
3.96447
 30
0.0
 10
1.93213
 20
4.38629
 30
0.0
 10
1.93213
 20
4.38629
 30
0.0
 10
1.93306
 20
4.38671
 30
0.0
 10
1.93402
 20
4.3871
 30
0.0
 10
1.93498
 20
4.38746
 30
0.0
 10
1.93352
 20
4.41199
 30
0.0
 10
1.93205
 20
4.43652
 30
0.0
 10
1.93057
 20
4.46105
 30
0.0
 10
1.93057
 20
4.46105
 30
0.0
 10
0.98603
 20
4.04314
 30
0.0
 10
0.98603
 20
4.04314
 30
0.0
 10
0.98468
 20
4.04254
 30
0.0
 10
0.98329
 20
4.042
 30
0.0
 10
0.98187
 20
4.04151
 30
0.0
  0
SPLINE
  5
F1
330
1F
100
AcDbEntity
  8
Plan 1
 62
   250
370
    20
100
AcDbSpline
210
0.0
220
0.0
230
1.0
 70
    11
 71
     3
 72
    23
 73
    19
 74
     0
 42
0.0000000001
 43
0.0000000001
 40
0.0
 40
0.0
 40
0.0
 40
0.0
 40
0.1666666666666667
 40
0.1666666666666667
 40
0.1666666666666667
 40
0.3333333333333333
 40
0.3333333333333333
 40
0.3333333333333333
 40
0.5
 40
0.5
 40
0.5
 40
0.6666666666666666
 40
0.6666666666666666
 40
0.6666666666666666
 40
0.8333333333333333
 40
0.8333333333333333
 40
0.8333333333333333
 40
1.0
 40
1.0
 40
1.0
 40
1.0
 10
1.94463
 20
4.22661
 30
0.0
 10
1.94336
 20
4.2478
 30
0.0
 10
1.94209
 20
4.26899
 30
0.0
 10
1.94082
 20
4.29018
 30
0.0
 10
1.94082
 20
4.29018
 30
0.0
 10
0.99073
 20
3.86752
 30
0.0
 10
0.99073
 20
3.86752
 30
0.0
 10
0.98935
 20
3.86691
 30
0.0
 10
0.98793
 20
3.86635
 30
0.0
 10
0.98648
 20
3.86586
 30
0.0
 10
0.98713
 20
3.84116
 30
0.0
 10
0.98777
 20
3.81647
 30
0.0
 10
0.98842
 20
3.79177
 30
0.0
 10
0.98842
 20
3.79177
 30
0.0
 10
1.94138
 20
4.22527
 30
0.0
 10
1.94138
 20
4.22527
 30
0.0
 10
1.94244
 20
4.22575
 30
0.0
 10
1.94352
 20
4.2262
 30
0.0
 10
1.94463
 20
4.22661
 30
0.0
  0
SPLINE
  5
F2
330
1F
100
AcDbEntity
  8
Plan 1
 62
   250
370
    20
100
AcDbSpline
210
0.0
220
0.0
230
1.0
 70
    11
 71
     3
 72
    23
 73
    19
 74
     0
 42
0.0000000001
 43
0.0000000001
 40
0.0
 40
0.0
 40
0.0
 40
0.0
 40
0.1666666666666667
 40
0.1666666666666667
 40
0.1666666666666667
 40
0.3333333333333333
 40
0.3333333333333333
 40
0.3333333333333333
 40
0.5
 40
0.5
 40
0.5
 40
0.6666666666666666
 40
0.6666666666666666
 40
0.6666666666666666
 40
0.8333333333333333
 40
0.8333333333333333
 40
0.8333333333333333
 40
1.0
 40
1.0
 40
1.0
 40
1.0
 10
0.99101
 20
3.6928
 30
0.0
 10
0.99165
 20
3.66826
 30
0.0
 10
0.99229
 20
3.64372
 30
0.0
 10
0.99294
 20
3.61918
 30
0.0
 10
0.99294
 20
3.61918
 30
0.0
 10
1.75482
 20
3.93431
 30
0.0
 10
1.75482
 20
3.93431
 30
0.0
 10
1.76477
 20
3.93843
 30
0.0
 10
1.77559
 20
3.93927
 30
0.0
 10
1.78563
 20
3.93732
 30
0.0
 10
1.82115
 20
3.99237
 30
0.0
 10
1.85667
 20
4.04742
 30
0.0
 10
1.89219
 20
4.10247
 30
0.0
 10
1.89219
 20
4.10247
 30
0.0
 10
0.99566
 20
3.69464
 30
0.0
 10
0.99566
 20
3.69464
 30
0.0
 10
0.99415
 20
3.69396
 30
0.0
 10
0.9926
 20
3.69334
 30
0.0
 10
0.99101
 20
3.6928
 30
0.0
  0
SPLINE
  5
F3
330
1F
100
AcDbEntity
  8
Plan 1
 62
   250
370
    20
100
AcDbSpline
210
0.0
220
0.0
230
1.0
 70
    11
 71
     3
 72
    23
 73
    19
 74
     0
 42
0.0000000001
 43
0.0000000001
 40
0.0
 40
0.0
 40
0.0
 40
0.0
 40
0.1666666666666667
 40
0.1666666666666667
 40
0.1666666666666667
 40
0.3333333333333333
 40
0.3333333333333333
 40
0.3333333333333333
 40
0.5
 40
0.5
 40
0.5
 40
0.6666666666666666
 40
0.6666666666666666
 40
0.6666666666666666
 40
0.8333333333333333
 40
0.8333333333333333
 40
0.8333333333333333
 40
1.0
 40
1.0
 40
1.0
 40
1.0
 10
0.99548
 20
3.52168
 30
0.0
 10
0.99627
 20
3.49176
 30
0.0
 10
0.99705
 20
3.46184
 30
0.0
 10
0.99783
 20
3.43192
 30
0.0
 10
0.99783
 20
3.43192
 30
0.0
 10
1.56969
 20
3.64545
 30
0.0
 10
1.56969
 20
3.64545
 30
0.0
 10
1.57921
 20
3.649
 30
0.0
 10
1.58938
 20
3.64963
 30
0.0
 10
1.59883
 20
3.6478
 30
0.0
 10
1.63501
 20
3.70387
 30
0.0
 10
1.67119
 20
3.75995
 30
0.0
 10
1.70737
 20
3.81602
 30
0.0
 10
1.70737
 20
3.81602
 30
0.0
 10
0.99852
 20
3.52283
 30
0.0
 10
0.99852
 20
3.52283
 30
0.0
 10
0.99753
 20
3.52242
 30
0.0
 10
0.99651
 20
3.52204
 30
0.0
 10
0.99548
 20
3.52168
 30
0.0
  0
SPLINE
  5
F4
330
1F
100
AcDbEntity
  8
Plan 1
 62
   250
370
    20
100
AcDbSpline
210
0.0
220
0.0
230
1.0
 70
    11
 71
     3
 72
    23
 73
    19
 74
     0
 42
0.0000000001
 43
0.0000000001
 40
0.0
 40
0.0
 40
0.0
 40
0.0
 40
0.1666666666666667
 40
0.1666666666666667
 40
0.1666666666666667
 40
0.3333333333333333
 40
0.3333333333333333
 40
0.3333333333333333
 40
0.5
 40
0.5
 40
0.5
 40
0.6666666666666666
 40
0.6666666666666666
 40
0.6666666666666666
 40
0.8333333333333333
 40
0.8333333333333333
 40
0.8333333333333333
 40
1.0
 40
1.0
 40
1.0
 40
1.0
 10
1.00034
 20
3.33579
 30
0.0
 10
1.00108
 20
3.30755
 30
0.0
 10
1.00181
 20
3.2793
 30
0.0
 10
1.00255
 20
3.25105
 30
0.0
 10
1.00255
 20
3.25105
 30
0.0
 10
1.41207
 20
3.40075
 30
0.0
 10
1.41207
 20
3.40075
 30
0.0
 10
1.4215
 20
3.4042
 30
0.0
 10
1.43155
 20
3.40479
 30
0.0
 10
1.44088
 20
3.40297
 30
0.0
 10
1.46844
 20
3.4457
 30
0.0
 10
1.49601
 20
3.48842
 30
0.0
 10
1.52357
 20
3.53114
 30
0.0
 10
1.52357
 20
3.53114
 30
0.0
 10
1.00171
 20
3.33628
 30
0.0
 10
1.00171
 20
3.33628
 30
0.0
 10
1.00126
 20
3.33611
 30
0.0
 10
1.0008
 20
3.33595
 30
0.0
 10
1.00034
 20
3.33579
 30
0.0
  0
SPLINE
  5
F5
330
1F
100
AcDbEntity
  8
Plan 1
 62
   250
370
    20
100
AcDbSpline
210
0.0
220
0.0
230
1.0
 70
    11
 71
     3
 72
    23
 73
    19
 74
     0
 42
0.0000000001
 43
0.0000000001
 40
0.0
 40
0.0
 40
0.0
 40
0.0
 40
0.1666666666666667
 40
0.1666666666666667
 40
0.1666666666666667
 40
0.3333333333333333
 40
0.3333333333333333
 40
0.3333333333333333
 40
0.5
 40
0.5
 40
0.5
 40
0.6666666666666666
 40
0.6666666666666666
 40
0.6666666666666666
 40
0.8333333333333333
 40
0.8333333333333333
 40
0.8333333333333333
 40
1.0
 40
1.0
 40
1.0
 40
1.0
 10
1.00505
 20
3.15518
 30
0.0
 10
1.00578
 20
3.12736
 30
0.0
 10
1.0065
 20
3.09954
 30
0.0
 10
1.00723
 20
3.07173
 30
0.0
 10
1.00723
 20
3.07173
 30
0.0
 10
1.23078
 20
3.10687
 30
0.0
 10
1.23078
 20
3.10687
 30
0.0
 10
1.23725
 20
3.10789
 30
0.0
 10
1.24363
 20
3.10771
 30
0.0
 10
1.24963
 20
3.10654
 30
0.0
 10
1.28848
 20
3.16676
 30
0.0
 10
1.32733
 20
3.22697
 30
0.0
 10
1.36617
 20
3.28718
 30
0.0
 10
1.36617
 20
3.28718
 30
0.0
 10
1.0061
 20
3.15555
 30
0.0
 10
1.0061
 20
3.15555
 30
0.0
 10
1.00575
 20
3.15542
 30
0.0
 10
1.0054
 20
3.1553
 30
0.0
 10
1.00505
 20
3.15518
 30
0.0
  0
SPLINE
  5
F6
330
1F
100
AcDbEntity
  8
Plan 1
 62
   250
370
    20
100
AcDbSpline
210
0.0
220
0.0
230
1.0
 70
    11
 71
     3
 72
    14
 73
    10
 74
     0
 42
0.0000000001
 43
0.0000000001
 40
0.0
 40
0.0
 40
0.0
 40
0.0
 40
0.3333333333333333
 40
0.3333333333333333
 40
0.3333333333333333
 40
0.6666666666666666
 40
0.6666666666666666
 40
0.6666666666666666
 40
1.0
 40
1.0
 40
1.0
 40
1.0
 10
1.00959
 20
2.98099
 30
0.0
 10
1.01164
 20
2.902
 30
0.0
 10
1.0137
 20
2.82302
 30
0.0
 10
1.01575
 20
2.74403
 30
0.0
 10
1.07269
 20
2.83229
 30
0.0
 10
1.12964
 20
2.92055
 30
0.0
 10
1.18658
 20
3.00881
 30
0.0
 10
1.18658
 20
3.00881
 30
0.0
 10
1.00959
 20
2.98099
 30
0.0
 10
1.00959
 20
2.98099
 30
0.0
  0
SPLINE
  5
F7
330
1F
100
AcDbEntity
  8
Plan 1
 62
   250
370
    20
100
AcDbSpline
210
0.0
220
0.0
230
1.0
 70
    11
 71
     3
 72
    14
 73
    10
 74
     0
 42
0.0000000001
 43
0.0000000001
 40
0.0
 40
0.0
 40
0.0
 40
0.0
 40
0.3333333333333333
 40
0.3333333333333333
 40
0.3333333333333333
 40
0.6666666666666666
 40
0.6666666666666666
 40
0.6666666666666666
 40
1.0
 40
1.0
 40
1.0
 40
1.0
 10
0.86757
 20
2.9047
 30
0.0
 10
0.86757
 20
2.9047
 30
0.0
 10
0.64422
 20
2.86289
 30
0.0
 10
0.64422
 20
2.86289
 30
0.0
 10
0.72072
 20
2.79776
 30
0.0
 10
0.79723
 20
2.73264
 30
0.0
 10
0.87373
 20
2.66752
 30
0.0
 10
0.87168
 20
2.74658
 30
0.0
 10
0.86962
 20
2.82564
 30
0.0
 10
0.86757
 20
2.9047
 30
0.0
  0
SPLINE
  5
F8
330
1F
100
AcDbEntity
  8
Plan 1
 62
   250
370
    20
100
AcDbSpline
210
0.0
220
0.0
230
1.0
 70
    11
 71
     3
 72
    20
 73
    16
 74
     0
 42
0.0000000001
 43
0.0000000001
 40
0.0
 40
0.0
 40
0.0
 40
0.0
 40
0.2
 40
0.2
 40
0.2
 40
0.4
 40
0.4
 40
0.4
 40
0.6000000000000001
 40
0.6000000000000001
 40
0.6000000000000001
 40
0.8
 40
0.8
 40
0.8
 40
1.0
 40
1.0
 40
1.0
 40
1.0
 10
0.82417
 20
2.52553
 30
0.0
 10
0.6205
 20
2.6989
 30
0.0
 10
0.41683
 20
2.87229
 30
0.0
 10
0.21316
 20
3.04566
 30
0.0
 10
0.18265
 20
3.00193
 30
0.0
 10
0.15214
 20
2.9582
 30
0.0
 10
0.12164
 20
2.91447
 30
0.0
 10
0.12164
 20
2.91447
 30
0.0
 10
0.66823
 20
2.45311
 30
0.0
 10
0.66823
 20
2.45311
 30
0.0
 10
0.66907
 20
2.4524
 30
0.0
 10
0.66987
 20
2.45168
 30
0.0
 10
0.67063
 20
2.45093
 30
0.0
 10
0.72206
 20
2.47554
 30
0.0
 10
0.77324
 20
2.50041
 30
0.0
 10
0.82417
 20
2.52553
 30
0.0
  0
SPLINE
  5
F9
330
1F
100
AcDbEntity
  8
Plan 1
 62
   250
370
    20
100
AcDbSpline
210
0.0
220
0.0
230
1.0
 70
    11
 71
     3
 72
    23
 73
    19
 74
     0
 42
0.0000000001
 43
0.0000000001
 40
0.0
 40
0.0
 40
0.0
 40
0.0
 40
0.1666666666666667
 40
0.1666666666666667
 40
0.1666666666666667
 40
0.3333333333333333
 40
0.3333333333333333
 40
0.3333333333333333
 40
0.5
 40
0.5
 40
0.5
 40
0.6666666666666666
 40
0.6666666666666666
 40
0.6666666666666666
 40
0.8333333333333333
 40
0.8333333333333333
 40
0.8333333333333333
 40
1.0
 40
1.0
 40
1.0
 40
1.0
 10
-0.24148
 20
0.12228
 30
0.0
 10
0.10592
 20
0.86816
 30
0.0
 10
0.45334
 20
1.61404
 30
0.0
 10
0.80075
 20
2.35991
 30
0.0
 10
0.74724
 20
2.33398
 30
0.0
 10
0.69345
 20
2.30832
 30
0.0
 10
0.63939
 20
2.28297
 30
0.0
 10
0.64128
 20
2.27388
 30
0.0
 10
0.64017
 20
2.26436
 30
0.0
 10
0.63598
 20
2.25576
 30
0.0
 10
0.63598
 20
2.25576
 30
0.0
 10
-0.29994
 20
0.33664
 30
0.0
 10
-0.29994
 20
0.33664
 30
0.0
 10
-0.30301
 20
0.33034
 30
0.0
 10
-0.30785
 20
0.32435
 30
0.0
 10
-0.31452
 20
0.31966
 30
0.0
 10
-0.29019
 20
0.25387
 30
0.0
 10
-0.26584
 20
0.18807
 30
0.0
 10
-0.24148
 20
0.12228
 30
0.0
  0
SPLINE
  5
FA
330
1F
100
AcDbEntity
  8
Plan 1
 62
   250
370
    20
100
AcDbSpline
210
0.0
220
0.0
230
1.0
 70
    11
 71
     3
 72
    14
 73
    10
 74
     0
 42
0.0000000001
 43
0.0000000001
 40
0.0
 40
0.0
 40
0.0
 40
0.0
 40
0.3333333333333333
 40
0.3333333333333333
 40
0.3333333333333333
 40
0.6666666666666666
 40
0.6666666666666666
 40
0.6666666666666666
 40
1.0
 40
1.0
 40
1.0
 40
1.0
 10
-0.91679
 20
1.54104
 30
0.0
 10
-1.13514
 20
0.96632
 30
0.0
 10
-1.39723
 20
0.4003
 30
0.0
 10
-1.68998
 20
-0.15748
 30
0.0
 10
-1.68998
 20
-0.15748
 30
0.0
 10
-0.34692
 20
-0.00548
 30
0.0
 10
-0.34692
 20
-0.00548
 30
0.0
 10
-0.53786
 20
0.50985
 30
0.0
 10
-0.72779
 20
1.02536
 30
0.0
 10
-0.91679
 20
1.54104
 30
0.0
  0
SPLINE
  5
FB
330
1F
100
AcDbEntity
  8
Plan 1
 62
   250
370
    20
100
AcDbSpline
210
0.0
220
0.0
230
1.0
 70
    11
 71
     3
 72
    14
 73
    10
 74
     0
 42
0.0000000001
 43
0.0000000001
 40
0.0
 40
0.0
 40
0.0
 40
0.0
 40
0.3333333333333333
 40
0.3333333333333333
 40
0.3333333333333333
 40
0.6666666666666666
 40
0.6666666666666666
 40
0.6666666666666666
 40
1.0
 40
1.0
 40
1.0
 40
1.0
 10
-3.85428
 20
-1.68929
 30
0.0
 10
-3.85428
 20
-1.68929
 30
0.0
 10
-3.46047
 20
-4.42321
 30
0.0
 10
-3.46047
 20
-4.42321
 30
0.0
 10
-3.46047
 20
-4.42321
 30
0.0
 10
-0.45317
 20
-0.22632
 30
0.0
 10
-0.45317
 20
-0.22632
 30
0.0
 10
-0.45317
 20
-0.22632
 30
0.0
 10
-3.85428
 20
-1.68929
 30
0.0
 10
-3.85428
 20
-1.68929
 30
0.0
  0
SPLINE
  5
FC
330
1F
100
AcDbEntity
  8
Plan 1
 62
   250
370
    20
100
AcDbSpline
210
0.0
220
0.0
230
1.0
 70
    11
 71
     3
 72
    20
 73
    16
 74
     0
 42
0.0000000001
 43
0.0000000001
 40
0.0
 40
0.0
 40
0.0
 40
0.0
 40
0.2
 40
0.2
 40
0.2
 40
0.4
 40
0.4
 40
0.4
 40
0.6000000000000001
 40
0.6000000000000001
 40
0.6000000000000001
 40
0.8
 40
0.8
 40
0.8
 40
1.0
 40
1.0
 40
1.0
 40
1.0
 10
-0.62677
 20
-1.8579
 30
0.0
 10
-0.62906
 20
-1.85679
 30
0.0
 10
-0.6312
 20
-1.85554
 30
0.0
 10
-0.63321
 20
-1.85416
 30
0.0
 10
-0.63321
 20
-1.85416
 30
0.0
 10
-1.17678
 20
-1.47978
 30
0.0
 10
-1.17678
 20
-1.47978
 30
0.0
 10
-1.17678
 20
-1.47978
 30
0.0
 10
-1.32379
 20
-1.68495
 30
0.0
 10
-1.32379
 20
-1.68495
 30
0.0
 10
-1.32379
 20
-1.68495
 30
0.0
 10
-0.66548
 20
-2.0858
 30
0.0
 10
-0.66548
 20
-2.0858
 30
0.0
 10
-0.65257
 20
-2.00983
 30
0.0
 10
-0.63967
 20
-1.93387
 30
0.0
 10
-0.62677
 20
-1.8579
 30
0.0
  0
SPLINE
  5
FD
330
1F
100
AcDbEntity
  8
Plan 1
 62
   250
370
    20
100
AcDbSpline
210
0.0
220
0.0
230
1.0
 70
    11
 71
     3
 72
    20
 73
    16
 74
     0
 42
0.0000000001
 43
0.0000000001
 40
0.0
 40
0.0
 40
0.0
 40
0.0
 40
0.2
 40
0.2
 40
0.2
 40
0.4
 40
0.4
 40
0.4
 40
0.6000000000000001
 40
0.6000000000000001
 40
0.6000000000000001
 40
0.8
 40
0.8
 40
0.8
 40
1.0
 40
1.0
 40
1.0
 40
1.0
 10
-0.68207
 20
-2.1835
 30
0.0
 10
-0.68351
 20
-2.18281
 30
0.0
 10
-0.6849
 20
-2.18205
 30
0.0
 10
-0.68623
 20
-2.18124
 30
0.0
 10
-0.68623
 20
-2.18124
 30
0.0
 10
-1.3777
 20
-1.76019
 30
0.0
 10
-1.3777
 20
-1.76019
 30
0.0
 10
-1.3777
 20
-1.76019
 30
0.0
 10
-1.54487
 20
-1.99349
 30
0.0
 10
-1.54487
 20
-1.99349
 30
0.0
 10
-1.54487
 20
-1.99349
 30
0.0
 10
-0.7332
 20
-2.48457
 30
0.0
 10
-0.7332
 20
-2.48457
 30
0.0
 10
-0.71616
 20
-2.38422
 30
0.0
 10
-0.69911
 20
-2.28386
 30
0.0
 10
-0.68207
 20
-2.1835
 30
0.0
  0
SPLINE
  5
FE
330
1F
100
AcDbEntity
  8
Plan 1
 62
   250
370
    20
100
AcDbSpline
210
0.0
220
0.0
230
1.0
 70
    11
 71
     3
 72
    20
 73
    16
 74
     0
 42
0.0000000001
 43
0.0000000001
 40
0.0
 40
0.0
 40
0.0
 40
0.0
 40
0.2
 40
0.2
 40
0.2
 40
0.4
 40
0.4
 40
0.4
 40
0.6000000000000001
 40
0.6000000000000001
 40
0.6000000000000001
 40
0.8
 40
0.8
 40
0.8
 40
1.0
 40
1.0
 40
1.0
 40
1.0
 10
-1.59879
 20
-2.06873
 30
0.0
 10
-1.59879
 20
-2.06873
 30
0.0
 10
-1.70687
 20
-2.21956
 30
0.0
 10
-1.70687
 20
-2.21956
 30
0.0
 10
-1.3956
 20
-2.38615
 30
0.0
 10
-1.08434
 20
-2.55274
 30
0.0
 10
-0.77307
 20
-2.71933
 30
0.0
 10
-0.7653
 20
-2.6736
 30
0.0
 10
-0.75754
 20
-2.62788
 30
0.0
 10
-0.74977
 20
-2.58215
 30
0.0
 10
-0.75117
 20
-2.58148
 30
0.0
 10
-0.75251
 20
-2.58075
 30
0.0
 10
-0.75381
 20
-2.57996
 30
0.0
 10
-0.75381
 20
-2.57996
 30
0.0
 10
-1.59879
 20
-2.06873
 30
0.0
 10
-1.59879
 20
-2.06873
 30
0.0
  0
SPLINE
  5
FF
330
1F
100
AcDbEntity
  8
Plan 1
 62
   250
370
    20
100
AcDbSpline
210
0.0
220
0.0
230
1.0
 70
    11
 71
     3
 72
    14
 73
    10
 74
     0
 42
0.0000000001
 43
0.0000000001
 40
0.0
 40
0.0
 40
0.0
 40
0.0
 40
0.3333333333333333
 40
0.3333333333333333
 40
0.3333333333333333
 40
0.6666666666666666
 40
0.6666666666666666
 40
0.6666666666666666
 40
1.0
 40
1.0
 40
1.0
 40
1.0
 10
-1.78837
 20
-2.3333
 30
0.0
 10
-1.78837
 20
-2.3333
 30
0.0
 10
-2.00178
 20
-2.63113
 30
0.0
 10
-2.00178
 20
-2.63113
 30
0.0
 10
-2.00178
 20
-2.63113
 30
0.0
 10
-1.62681
 20
-2.41976
 30
0.0
 10
-1.62681
 20
-2.41976
 30
0.0
 10
-1.68066
 20
-2.39094
 30
0.0
 10
-1.73451
 20
-2.36212
 30
0.0
 10
-1.78837
 20
-2.3333
 30
0.0
  0
SPLINE
  5
100
330
1F
100
AcDbEntity
  8
Plan 1
 62
   250
370
    20
100
AcDbSpline
210
0.0
220
0.0
230
1.0
 70
    11
 71
     3
 72
    23
 73
    19
 74
     0
 42
0.0000000001
 43
0.0000000001
 40
0.0
 40
0.0
 40
0.0
 40
0.0
 40
0.1666666666666667
 40
0.1666666666666667
 40
0.1666666666666667
 40
0.3333333333333333
 40
0.3333333333333333
 40
0.3333333333333333
 40
0.5
 40
0.5
 40
0.5
 40
0.6666666666666666
 40
0.6666666666666666
 40
0.6666666666666666
 40
0.8333333333333333
 40
0.8333333333333333
 40
0.8333333333333333
 40
1.0
 40
1.0
 40
1.0
 40
1.0
 10
-1.53168
 20
-2.47067
 30
0.0
 10
-1.53404
 20
-2.47273
 30
0.0
 10
-1.53668
 20
-2.47461
 30
0.0
 10
-1.53962
 20
-2.47627
 30
0.0
 10
-1.53962
 20
-2.47627
 30
0.0
 10
-2.0701
 20
-2.7753
 30
0.0
 10
-2.0701
 20
-2.7753
 30
0.0
 10
-2.08195
 20
-2.78198
 30
0.0
 10
-2.09603
 20
-2.78347
 30
0.0
 10
-2.10875
 20
-2.78041
 30
0.0
 10
-2.10875
 20
-2.78041
 30
0.0
 10
-2.4097
 20
-3.20042
 30
0.0
 10
-2.4097
 20
-3.20042
 30
0.0
 10
-2.4097
 20
-3.20042
 30
0.0
 10
-1.37173
 20
-2.55628
 30
0.0
 10
-1.37173
 20
-2.55628
 30
0.0
 10
-1.42504
 20
-2.52774
 30
0.0
 10
-1.47836
 20
-2.49921
 30
0.0
 10
-1.53168
 20
-2.47067
 30
0.0
  0
SPLINE
  5
101
330
1F
100
AcDbEntity
  8
Plan 1
 62
   250
370
    20
100
AcDbSpline
210
0.0
220
0.0
230
1.0
 70
    11
 71
     3
 72
    23
 73
    19
 74
     0
 42
0.0000000001
 43
0.0000000001
 40
0.0
 40
0.0
 40
0.0
 40
0.0
 40
0.1666666666666667
 40
0.1666666666666667
 40
0.1666666666666667
 40
0.3333333333333333
 40
0.3333333333333333
 40
0.3333333333333333
 40
0.5
 40
0.5
 40
0.5
 40
0.6666666666666666
 40
0.6666666666666666
 40
0.6666666666666666
 40
0.8333333333333333
 40
0.8333333333333333
 40
0.8333333333333333
 40
1.0
 40
1.0
 40
1.0
 40
1.0
 10
-2.52555
 20
-3.3621
 30
0.0
 10
-2.52555
 20
-3.3621
 30
0.0
 10
-2.92458
 20
-3.91897
 30
0.0
 10
-2.92458
 20
-3.91897
 30
0.0
 10
-2.92458
 20
-3.91897
 30
0.0
 10
-1.10511
 20
-2.69897
 30
0.0
 10
-1.10511
 20
-2.69897
 30
0.0
 10
-1.16283
 20
-2.66807
 30
0.0
 10
-1.22056
 20
-2.63718
 30
0.0
 10
-1.27829
 20
-2.60628
 30
0.0
 10
-1.28016
 20
-2.60792
 30
0.0
 10
-1.28222
 20
-2.60944
 30
0.0
 10
-1.28447
 20
-2.61084
 30
0.0
 10
-1.28447
 20
-2.61084
 30
0.0
 10
-2.48514
 20
-3.35594
 30
0.0
 10
-2.48514
 20
-3.35594
 30
0.0
 10
-2.49723
 20
-3.36345
 30
0.0
 10
-2.51212
 20
-3.36533
 30
0.0
 10
-2.52555
 20
-3.3621
 30
0.0
  0
SPLINE
  5
102
330
1F
100
AcDbEntity
  8
Plan 1
 62
   250
370
    20
100
AcDbSpline
210
0.0
220
0.0
230
1.0
 70
    11
 71
     3
 72
    23
 73
    19
 74
     0
 42
0.0000000001
 43
0.0000000001
 40
0.0
 40
0.0
 40
0.0
 40
0.0
 40
0.1666666666666667
 40
0.1666666666666667
 40
0.1666666666666667
 40
0.3333333333333333
 40
0.3333333333333333
 40
0.3333333333333333
 40
0.5
 40
0.5
 40
0.5
 40
0.6666666666666666
 40
0.6666666666666666
 40
0.6666666666666666
 40
0.8333333333333333
 40
0.8333333333333333
 40
0.8333333333333333
 40
1.0
 40
1.0
 40
1.0
 40
1.0
 10
-3.0495
 20
-4.09331
 30
0.0
 10
-3.0495
 20
-4.09331
 30
0.0
 10
-3.23608
 20
-4.35369
 30
0.0
 10
-3.23608
 20
-4.35369
 30
0.0
 10
-2.44266
 20
-3.84659
 30
0.0
 10
-1.64922
 20
-3.33951
 30
0.0
 10
-0.85583
 20
-2.83239
 30
0.0
 10
-0.90821
 20
-2.80436
 30
0.0
 10
-0.96059
 20
-2.77632
 30
0.0
 10
-1.01297
 20
-2.74829
 30
0.0
 10
-1.01444
 20
-2.74957
 30
0.0
 10
-1.01602
 20
-2.75078
 30
0.0
 10
-1.01771
 20
-2.75192
 30
0.0
 10
-1.01771
 20
-2.75192
 30
0.0
 10
-3.00765
 20
-4.08622
 30
0.0
 10
-3.00765
 20
-4.08622
 30
0.0
 10
-3.01991
 20
-4.09444
 30
0.0
 10
-3.03546
 20
-4.09668
 30
0.0
 10
-3.0495
 20
-4.09331
 30
0.0
  0
SPLINE
  5
103
330
1F
100
AcDbEntity
  8
Plan 1
 62
   250
370
    20
100
AcDbSpline
210
0.0
220
0.0
230
1.0
 70
    11
 71
     3
 72
    20
 73
    16
 74
     0
 42
0.0000000001
 43
0.0000000001
 40
0.0
 40
0.0
 40
0.0
 40
0.0
 40
0.2
 40
0.2
 40
0.2
 40
0.4
 40
0.4
 40
0.4
 40
0.6000000000000001
 40
0.6000000000000001
 40
0.6000000000000001
 40
0.8
 40
0.8
 40
0.8
 40
1.0
 40
1.0
 40
1.0
 40
1.0
 10
-2.50973
 20
-4.05476
 30
0.0
 10
-2.50805
 20
-4.05949
 30
0.0
 10
-2.50726
 20
-4.0644
 30
0.0
 10
-2.5073
 20
-4.06926
 30
0.0
 10
-2.5073
 20
-4.06926
 30
0.0
 10
-2.51205
 20
-4.60253
 30
0.0
 10
-2.51205
 20
-4.60253
 30
0.0
 10
-2.51205
 20
-4.60253
 30
0.0
 10
-2.38279
 20
-4.6106
 30
0.0
 10
-2.38279
 20
-4.6106
 30
0.0
 10
-2.38279
 20
-4.6106
 30
0.0
 10
-2.4086
 20
-3.99013
 30
0.0
 10
-2.4086
 20
-3.99013
 30
0.0
 10
-2.44231
 20
-4.01167
 30
0.0
 10
-2.47602
 20
-4.03321
 30
0.0
 10
-2.50973
 20
-4.05476
 30
0.0
  0
SPLINE
  5
104
330
1F
100
AcDbEntity
  8
Plan 1
 62
   250
370
    20
100
AcDbSpline
210
0.0
220
0.0
230
1.0
 70
    11
 71
     3
 72
    20
 73
    16
 74
     0
 42
0.0000000001
 43
0.0000000001
 40
0.0
 40
0.0
 40
0.0
 40
0.0
 40
0.2
 40
0.2
 40
0.2
 40
0.4
 40
0.4
 40
0.4
 40
0.6000000000000001
 40
0.6000000000000001
 40
0.6000000000000001
 40
0.8
 40
0.8
 40
0.8
 40
1.0
 40
1.0
 40
1.0
 40
1.0
 10
-2.6056
 20
-4.11603
 30
0.0
 10
-2.64028
 20
-4.13819
 30
0.0
 10
-2.67497
 20
-4.16036
 30
0.0
 10
-2.70965
 20
-4.18253
 30
0.0
 10
-2.70802
 20
-4.18714
 30
0.0
 10
-2.70722
 20
-4.19191
 30
0.0
 10
-2.70722
 20
-4.19664
 30
0.0
 10
-2.70722
 20
-4.19664
 30
0.0
 10
-2.70706
 20
-4.59037
 30
0.0
 10
-2.70706
 20
-4.59037
 30
0.0
 10
-2.70706
 20
-4.59037
 30
0.0
 10
-2.60987
 20
-4.59643
 30
0.0
 10
-2.60987
 20
-4.59643
 30
0.0
 10
-2.60987
 20
-4.59643
 30
0.0
 10
-2.6056
 20
-4.11603
 30
0.0
 10
-2.6056
 20
-4.11603
 30
0.0
  0
SPLINE
  5
105
330
1F
100
AcDbEntity
  8
Plan 1
 62
   250
370
    20
100
AcDbSpline
210
0.0
220
0.0
230
1.0
 70
    11
 71
     3
 72
    20
 73
    16
 74
     0
 42
0.0000000001
 43
0.0000000001
 40
0.0
 40
0.0
 40
0.0
 40
0.0
 40
0.2
 40
0.2
 40
0.2
 40
0.4
 40
0.4
 40
0.4
 40
0.6000000000000001
 40
0.6000000000000001
 40
0.6000000000000001
 40
0.8
 40
0.8
 40
0.8
 40
1.0
 40
1.0
 40
1.0
 40
1.0
 10
-2.92083
 20
-4.89994
 30
0.0
 10
-2.86518
 20
-4.93543
 30
0.0
 10
-2.80953
 20
-4.97091
 30
0.0
 10
-2.75389
 20
-5.0064
 30
0.0
 10
-2.75389
 20
-5.0064
 30
0.0
 10
-2.4628
 20
-4.74275
 30
0.0
 10
-2.4628
 20
-4.74275
 30
0.0
 10
-2.4628
 20
-4.74275
 30
0.0
 10
-2.74859
 20
-4.72492
 30
0.0
 10
-2.74859
 20
-4.72492
 30
0.0
 10
-2.7507
 20
-4.73075
 30
0.0
 10
-2.75417
 20
-4.73634
 30
0.0
 10
-2.75912
 20
-4.7412
 30
0.0
 10
-2.75912
 20
-4.7412
 30
0.0
 10
-2.92083
 20
-4.89994
 30
0.0
 10
-2.92083
 20
-4.89994
 30
0.0
  0
SPLINE
  5
106
330
1F
100
AcDbEntity
  8
Plan 1
 62
   250
370
    20
100
AcDbSpline
210
0.0
220
0.0
230
1.0
 70
    11
 71
     3
 72
    20
 73
    16
 74
     0
 42
0.0000000001
 43
0.0000000001
 40
0.0
 40
0.0
 40
0.0
 40
0.0
 40
0.2
 40
0.2
 40
0.2
 40
0.4
 40
0.4
 40
0.4
 40
0.6000000000000001
 40
0.6000000000000001
 40
0.6000000000000001
 40
0.8
 40
0.8
 40
0.8
 40
1.0
 40
1.0
 40
1.0
 40
1.0
 10
-2.97043
 20
-5.03347
 30
0.0
 10
-2.9786
 20
-5.03947
 30
0.0
 10
-2.98933
 20
-5.0434
 30
0.0
 10
-3.00188
 20
-5.04322
 30
0.0
 10
-3.00188
 20
-5.04322
 30
0.0
 10
-3.47201
 20
-5.03639
 30
0.0
 10
-3.47201
 20
-5.03639
 30
0.0
 10
-3.47744
 20
-5.09768
 30
0.0
 10
-3.48288
 20
-5.15896
 30
0.0
 10
-3.48831
 20
-5.22025
 30
0.0
 10
-3.48831
 20
-5.22025
 30
0.0
 10
-2.45955
 20
-5.35931
 30
0.0
 10
-2.45955
 20
-5.35931
 30
0.0
 10
-2.62984
 20
-5.2507
 30
0.0
 10
-2.80014
 20
-5.14209
 30
0.0
 10
-2.97043
 20
-5.03347
 30
0.0
  0
SPLINE
  5
107
330
1F
100
AcDbEntity
  8
Plan 1
 62
   250
370
    20
100
AcDbSpline
210
0.0
220
0.0
230
1.0
 70
    11
 71
     3
 72
    26
 73
    22
 74
     0
 42
0.0000000001
 43
0.0000000001
 40
0.0
 40
0.0
 40
0.0
 40
0.0
 40
0.1428571428571428
 40
0.1428571428571428
 40
0.1428571428571428
 40
0.2857142857142857
 40
0.2857142857142857
 40
0.2857142857142857
 40
0.4285714285714285
 40
0.4285714285714285
 40
0.4285714285714285
 40
0.5714285714285714
 40
0.5714285714285714
 40
0.5714285714285714
 40
0.7142857142857142
 40
0.7142857142857142
 40
0.7142857142857142
 40
0.8571428571428571
 40
0.8571428571428571
 40
0.8571428571428571
 40
1.0
 40
1.0
 40
1.0
 40
1.0
 10
-2.30767
 20
-5.45619
 30
0.0
 10
-2.31741
 20
-5.46332
 30
0.0
 10
-2.33064
 20
-5.46749
 30
0.0
 10
-2.34564
 20
-5.46547
 30
0.0
 10
-2.34564
 20
-5.46547
 30
0.0
 10
-3.49626
 20
-5.30993
 30
0.0
 10
-3.49626
 20
-5.30993
 30
0.0
 10
-3.50135
 20
-5.36736
 30
0.0
 10
-3.50645
 20
-5.42479
 30
0.0
 10
-3.51154
 20
-5.48222
 30
0.0
 10
-3.51154
 20
-5.48222
 30
0.0
 10
-2.56874
 20
-5.67735
 30
0.0
 10
-2.56874
 20
-5.67735
 30
0.0
 10
-2.56192
 20
-5.67876
 30
0.0
 10
-2.55597
 20
-5.68134
 30
0.0
 10
-2.55095
 20
-5.68467
 30
0.0
 10
-2.45533
 20
-5.61778
 30
0.0
 10
-2.35972
 20
-5.55088
 30
0.0
 10
-2.2641
 20
-5.48398
 30
0.0
 10
-2.27862
 20
-5.47472
 30
0.0
 10
-2.29314
 20
-5.46545
 30
0.0
 10
-2.30767
 20
-5.45619
 30
0.0
  0
SPLINE
  5
108
330
1F
100
AcDbEntity
  8
Plan 1
 62
   250
370
    20
100
AcDbSpline
210
0.0
220
0.0
230
1.0
 70
    11
 71
     3
 72
    20
 73
    16
 74
     0
 42
0.0000000001
 43
0.0000000001
 40
0.0
 40
0.0
 40
0.0
 40
0.0
 40
0.2
 40
0.2
 40
0.2
 40
0.4
 40
0.4
 40
0.4
 40
0.6000000000000001
 40
0.6000000000000001
 40
0.6000000000000001
 40
0.8
 40
0.8
 40
0.8
 40
1.0
 40
1.0
 40
1.0
 40
1.0
 10
-3.51956
 20
-5.57264
 30
0.0
 10
-3.52517
 20
-5.63589
 30
0.0
 10
-3.53078
 20
-5.69914
 30
0.0
 10
-3.53639
 20
-5.76239
 30
0.0
 10
-3.53639
 20
-5.76239
 30
0.0
 10
-2.85275
 20
-5.87406
 30
0.0
 10
-2.85275
 20
-5.87406
 30
0.0
 10
-2.84501
 20
-5.87532
 30
0.0
 10
-2.83831
 20
-5.87809
 30
0.0
 10
-2.83273
 20
-5.88179
 30
0.0
 10
-2.77133
 20
-5.83884
 30
0.0
 10
-2.70992
 20
-5.79588
 30
0.0
 10
-2.64852
 20
-5.75292
 30
0.0
 10
-2.64852
 20
-5.75292
 30
0.0
 10
-3.51956
 20
-5.57264
 30
0.0
 10
-3.51956
 20
-5.57264
 30
0.0
  0
SPLINE
  5
109
330
1F
100
AcDbEntity
  8
Plan 1
 62
   250
370
    20
100
AcDbSpline
210
0.0
220
0.0
230
1.0
 70
    11
 71
     3
 72
    20
 73
    16
 74
     0
 42
0.0000000001
 43
0.0000000001
 40
0.0
 40
0.0
 40
0.0
 40
0.0
 40
0.2
 40
0.2
 40
0.2
 40
0.4
 40
0.4
 40
0.4
 40
0.6000000000000001
 40
0.6000000000000001
 40
0.6000000000000001
 40
0.8
 40
0.8
 40
0.8
 40
1.0
 40
1.0
 40
1.0
 40
1.0
 10
-3.54436
 20
-5.85231
 30
0.0
 10
-3.55073
 20
-5.92413
 30
0.0
 10
-3.5571
 20
-5.99595
 30
0.0
 10
-3.56347
 20
-6.06776
 30
0.0
 10
-3.56347
 20
-6.06776
 30
0.0
 10
-3.17193
 20
-6.09306
 30
0.0
 10
-3.17193
 20
-6.09306
 30
0.0
 10
-3.16205
 20
-6.0937
 30
0.0
 10
-3.15352
 20
-6.09684
 30
0.0
 10
-3.14666
 20
-6.1014
 30
0.0
 10
-3.07552
 20
-6.05164
 30
0.0
 10
-3.0044
 20
-6.00188
 30
0.0
 10
-2.93326
 20
-5.95212
 30
0.0
 10
-2.93326
 20
-5.95212
 30
0.0
 10
-3.54436
 20
-5.85231
 30
0.0
 10
-3.54436
 20
-5.85231
 30
0.0
  0
SPLINE
  5
10A
330
1F
100
AcDbEntity
  8
Plan 1
 62
   250
370
    20
100
AcDbSpline
210
0.0
220
0.0
230
1.0
 70
    11
 71
     3
 72
    14
 73
    10
 74
     0
 42
0.0000000001
 43
0.0000000001
 40
0.0
 40
0.0
 40
0.0
 40
0.0
 40
0.3333333333333333
 40
0.3333333333333333
 40
0.3333333333333333
 40
0.6666666666666666
 40
0.6666666666666666
 40
0.6666666666666666
 40
1.0
 40
1.0
 40
1.0
 40
1.0
 10
-3.5714
 20
-6.15724
 30
0.0
 10
-3.579
 20
-6.243
 30
0.0
 10
-3.58661
 20
-6.32875
 30
0.0
 10
-3.59421
 20
-6.4145
 30
0.0
 10
-3.48136
 20
-6.33555
 30
0.0
 10
-3.3685
 20
-6.25659
 30
0.0
 10
-3.25564
 20
-6.17764
 30
0.0
 10
-3.25564
 20
-6.17764
 30
0.0
 10
-3.5714
 20
-6.15724
 30
0.0
 10
-3.5714
 20
-6.15724
 30
0.0
  0
SPLINE
  5
10B
330
1F
100
AcDbEntity
  8
Plan 1
 62
   250
370
    20
100
AcDbSpline
210
0.0
220
0.0
230
1.0
 70
    11
 71
     3
 72
    23
 73
    19
 74
     0
 42
0.0000000001
 43
0.0000000001
 40
0.0
 40
0.0
 40
0.0
 40
0.0
 40
0.1666666666666667
 40
0.1666666666666667
 40
0.1666666666666667
 40
0.3333333333333333
 40
0.3333333333333333
 40
0.3333333333333333
 40
0.5
 40
0.5
 40
0.5
 40
0.6666666666666666
 40
0.6666666666666666
 40
0.6666666666666666
 40
0.8333333333333333
 40
0.8333333333333333
 40
0.8333333333333333
 40
1.0
 40
1.0
 40
1.0
 40
1.0
 10
0.01938
 20
0.34363
 30
0.0
 10
0.00009
 20
0.30227
 30
0.0
 10
-0.01918
 20
0.26091
 30
0.0
 10
-0.03846
 20
0.21956
 30
0.0
 10
-0.02984
 20
0.21248
 30
0.0
 10
-0.02483
 20
0.20316
 30
0.0
 10
-0.02308
 20
0.19399
 30
0.0
 10
-0.02308
 20
0.19399
 30
0.0
 10
0.05709
 20
-0.22641
 30
0.0
 10
0.05709
 20
-0.22641
 30
0.0
 10
0.05897
 20
-0.23627
 30
0.0
 10
0.05732
 20
-0.24688
 30
0.0
 10
0.05176
 20
-0.25617
 30
0.0
 10
0.08827
 20
-0.29144
 30
0.0
 10
0.12478
 20
-0.32672
 30
0.0
 10
0.16129
 20
-0.36199
 30
0.0
 10
0.16129
 20
-0.36199
 30
0.0
 10
0.01938
 20
0.34363
 30
0.0
 10
0.01938
 20
0.34363
 30
0.0
  0
SPLINE
  5
10C
330
1F
100
AcDbEntity
  8
Plan 1
 62
   250
370
    20
100
AcDbSpline
210
0.0
220
0.0
230
1.0
 70
    11
 71
     3
 72
    23
 73
    19
 74
     0
 42
0.0000000001
 43
0.0000000001
 40
0.0
 40
0.0
 40
0.0
 40
0.0
 40
0.1666666666666667
 40
0.1666666666666667
 40
0.1666666666666667
 40
0.3333333333333333
 40
0.3333333333333333
 40
0.3333333333333333
 40
0.5
 40
0.5
 40
0.5
 40
0.6666666666666666
 40
0.6666666666666666
 40
0.6666666666666666
 40
0.8333333333333333
 40
0.8333333333333333
 40
0.8333333333333333
 40
1.0
 40
1.0
 40
1.0
 40
1.0
 10
0.11578
 20
-0.51364
 30
0.0
 10
0.11263
 20
-0.51504
 30
0.0
 10
0.10922
 20
-0.51615
 30
0.0
 10
0.10557
 20
-0.51693
 30
0.0
 10
0.10557
 20
-0.51693
 30
0.0
 10
-0.26425
 20
-0.59565
 30
0.0
 10
-0.26425
 20
-0.59565
 30
0.0
 10
-0.26504
 20
-0.59582
 30
0.0
 10
-0.26584
 20
-0.59597
 30
0.0
 10
-0.26664
 20
-0.59611
 30
0.0
 10
-0.27093
 20
-0.62138
 30
0.0
 10
-0.27523
 20
-0.64666
 30
0.0
 10
-0.27952
 20
-0.67194
 30
0.0
 10
-0.27952
 20
-0.67194
 30
0.0
 10
0.18497
 20
-0.58049
 30
0.0
 10
0.18497
 20
-0.58049
 30
0.0
 10
0.16191
 20
-0.55821
 30
0.0
 10
0.13885
 20
-0.53593
 30
0.0
 10
0.11578
 20
-0.51364
 30
0.0
  0
SPLINE
  5
10D
330
1F
100
AcDbEntity
  8
Plan 1
 62
   250
370
    20
100
AcDbSpline
210
0.0
220
0.0
230
1.0
 70
    11
 71
     3
 72
    20
 73
    16
 74
     0
 42
0.0000000001
 43
0.0000000001
 40
0.0
 40
0.0
 40
0.0
 40
0.0
 40
0.2
 40
0.2
 40
0.2
 40
0.4
 40
0.4
 40
0.4
 40
0.6000000000000001
 40
0.6000000000000001
 40
0.6000000000000001
 40
0.8
 40
0.8
 40
0.8
 40
1.0
 40
1.0
 40
1.0
 40
1.0
 10
-0.91553
 20
-3.03583
 30
0.0
 10
-0.91411
 20
-3.03985
 30
0.0
 10
-0.91332
 20
-3.04398
 30
0.0
 10
-0.91314
 20
-3.04811
 30
0.0
 10
-0.91314
 20
-3.04811
 30
0.0
 10
-0.83993
 20
-4.70686
 30
0.0
 10
-0.83993
 20
-4.70686
 30
0.0
 10
-0.83993
 20
-4.70686
 30
0.0
 10
-0.71118
 20
-4.71489
 30
0.0
 10
-0.71118
 20
-4.71489
 30
0.0
 10
-0.73586
 20
-4.12744
 30
0.0
 10
-0.76054
 20
-3.54
 30
0.0
 10
-0.78523
 20
-2.95255
 30
0.0
 10
-0.82866
 20
-2.98031
 30
0.0
 10
-0.8721
 20
-3.00807
 30
0.0
 10
-0.91553
 20
-3.03583
 30
0.0
  0
SPLINE
  5
10E
330
1F
100
AcDbEntity
  8
Plan 1
 62
   250
370
    20
100
AcDbSpline
210
0.0
220
0.0
230
1.0
 70
    11
 71
     3
 72
    20
 73
    16
 74
     0
 42
0.0000000001
 43
0.0000000001
 40
0.0
 40
0.0
 40
0.0
 40
0.0
 40
0.2
 40
0.2
 40
0.2
 40
0.4
 40
0.4
 40
0.4
 40
0.6000000000000001
 40
0.6000000000000001
 40
0.6000000000000001
 40
0.8
 40
0.8
 40
0.8
 40
1.0
 40
1.0
 40
1.0
 40
1.0
 10
-1.009
 20
-3.09558
 30
0.0
 10
-1.04303
 20
-3.11733
 30
0.0
 10
-1.07706
 20
-3.13908
 30
0.0
 10
-1.11109
 20
-3.16083
 30
0.0
 10
-1.10975
 20
-3.16461
 30
0.0
 10
-1.10898
 20
-3.1685
 30
0.0
 10
-1.10874
 20
-3.17238
 30
0.0
 10
-1.10874
 20
-3.17238
 30
0.0
 10
-1.01536
 20
-4.69591
 30
0.0
 10
-1.01536
 20
-4.69591
 30
0.0
 10
-1.01536
 20
-4.69591
 30
0.0
 10
-0.93815
 20
-4.70072
 30
0.0
 10
-0.93815
 20
-4.70072
 30
0.0
 10
-0.93815
 20
-4.70072
 30
0.0
 10
-1.009
 20
-3.09558
 30
0.0
 10
-1.009
 20
-3.09558
 30
0.0
  0
SPLINE
  5
10F
330
1F
100
AcDbEntity
  8
Plan 1
 62
   250
370
    20
100
AcDbSpline
210
0.0
220
0.0
230
1.0
 70
    11
 71
     3
 72
    20
 73
    16
 74
     0
 42
0.0000000001
 43
0.0000000001
 40
0.0
 40
0.0
 40
0.0
 40
0.0
 40
0.2
 40
0.2
 40
0.2
 40
0.4
 40
0.4
 40
0.4
 40
0.6000000000000001
 40
0.6000000000000001
 40
0.6000000000000001
 40
0.8
 40
0.8
 40
0.8
 40
1.0
 40
1.0
 40
1.0
 40
1.0
 10
-1.20385
 20
-3.22012
 30
0.0
 10
-1.2371
 20
-3.24137
 30
0.0
 10
-1.27036
 20
-3.26263
 30
0.0
 10
-1.30362
 20
-3.28388
 30
0.0
 10
-1.30224
 20
-3.28779
 30
0.0
 10
-1.30146
 20
-3.2918
 30
0.0
 10
-1.30125
 20
-3.2958
 30
0.0
 10
-1.30125
 20
-3.2958
 30
0.0
 10
-1.22837
 20
-4.68262
 30
0.0
 10
-1.22837
 20
-4.68262
 30
0.0
 10
-1.22837
 20
-4.68262
 30
0.0
 10
-1.11377
 20
-4.68977
 30
0.0
 10
-1.11377
 20
-4.68977
 30
0.0
 10
-1.11377
 20
-4.68977
 30
0.0
 10
-1.20385
 20
-3.22012
 30
0.0
 10
-1.20385
 20
-3.22012
 30
0.0
  0
SPLINE
  5
110
330
1F
100
AcDbEntity
  8
Plan 1
 62
   250
370
    20
100
AcDbSpline
210
0.0
220
0.0
230
1.0
 70
    11
 71
     3
 72
    20
 73
    16
 74
     0
 42
0.0000000001
 43
0.0000000001
 40
0.0
 40
0.0
 40
0.0
 40
0.0
 40
0.2
 40
0.2
 40
0.2
 40
0.4
 40
0.4
 40
0.4
 40
0.6000000000000001
 40
0.6000000000000001
 40
0.6000000000000001
 40
0.8
 40
0.8
 40
0.8
 40
1.0
 40
1.0
 40
1.0
 40
1.0
 10
-1.39674
 20
-3.3434
 30
0.0
 10
-1.43481
 20
-3.36773
 30
0.0
 10
-1.47288
 20
-3.39207
 30
0.0
 10
-1.51095
 20
-3.41641
 30
0.0
 10
-1.5096
 20
-3.42023
 30
0.0
 10
-1.50882
 20
-3.42416
 30
0.0
 10
-1.50859
 20
-3.42809
 30
0.0
 10
-1.50859
 20
-3.42809
 30
0.0
 10
-1.43636
 20
-4.66964
 30
0.0
 10
-1.43636
 20
-4.66964
 30
0.0
 10
-1.43636
 20
-4.66964
 30
0.0
 10
-1.32669
 20
-4.67649
 30
0.0
 10
-1.32669
 20
-4.67649
 30
0.0
 10
-1.32669
 20
-4.67649
 30
0.0
 10
-1.39674
 20
-3.3434
 30
0.0
 10
-1.39674
 20
-3.3434
 30
0.0
  0
SPLINE
  5
111
330
1F
100
AcDbEntity
  8
Plan 1
 62
   250
370
    20
100
AcDbSpline
210
0.0
220
0.0
230
1.0
 70
    11
 71
     3
 72
    20
 73
    16
 74
     0
 42
0.0000000001
 43
0.0000000001
 40
0.0
 40
0.0
 40
0.0
 40
0.0
 40
0.2
 40
0.2
 40
0.2
 40
0.4
 40
0.4
 40
0.4
 40
0.6000000000000001
 40
0.6000000000000001
 40
0.6000000000000001
 40
0.8
 40
0.8
 40
0.8
 40
1.0
 40
1.0
 40
1.0
 40
1.0
 10
-1.60384
 20
-3.47577
 30
0.0
 10
-1.63501
 20
-3.4957
 30
0.0
 10
-1.66619
 20
-3.51562
 30
0.0
 10
-1.69737
 20
-3.53555
 30
0.0
 10
-1.69598
 20
-3.53949
 30
0.0
 10
-1.69519
 20
-3.54354
 30
0.0
 10
-1.69499
 20
-3.54758
 30
0.0
 10
-1.69499
 20
-3.54758
 30
0.0
 10
-1.63972
 20
-4.65696
 30
0.0
 10
-1.63972
 20
-4.65696
 30
0.0
 10
-1.63972
 20
-4.65696
 30
0.0
 10
-1.53473
 20
-4.66351
 30
0.0
 10
-1.53473
 20
-4.66351
 30
0.0
 10
-1.53473
 20
-4.66351
 30
0.0
 10
-1.60384
 20
-3.47577
 30
0.0
 10
-1.60384
 20
-3.47577
 30
0.0
  0
SPLINE
  5
112
330
1F
100
AcDbEntity
  8
Plan 1
 62
   250
370
    20
100
AcDbSpline
210
0.0
220
0.0
230
1.0
 70
    11
 71
     3
 72
    26
 73
    22
 74
     0
 42
0.0000000001
 43
0.0000000001
 40
0.0
 40
0.0
 40
0.0
 40
0.0
 40
0.1428571428571428
 40
0.1428571428571428
 40
0.1428571428571428
 40
0.2857142857142857
 40
0.2857142857142857
 40
0.2857142857142857
 40
0.4285714285714285
 40
0.4285714285714285
 40
0.4285714285714285
 40
0.5714285714285714
 40
0.5714285714285714
 40
0.5714285714285714
 40
0.7142857142857142
 40
0.7142857142857142
 40
0.7142857142857142
 40
0.8571428571428571
 40
0.8571428571428571
 40
0.8571428571428571
 40
1.0
 40
1.0
 40
1.0
 40
1.0
 10
-1.54725
 20
-5.13235
 30
0.0
 10
-1.54931
 20
-5.12218
 30
0.0
 10
-1.54762
 20
-5.11144
 30
0.0
 10
-1.54203
 20
-5.10209
 30
0.0
 10
-1.54203
 20
-5.10209
 30
0.0
 10
-1.36789
 20
-4.81105
 30
0.0
 10
-1.36789
 20
-4.81105
 30
0.0
 10
-1.36789
 20
-4.81105
 30
0.0
 10
-1.64115
 20
-4.79401
 30
0.0
 10
-1.64115
 20
-4.79401
 30
0.0
 10
-1.64326
 20
-4.79984
 30
0.0
 10
-1.64673
 20
-4.80542
 30
0.0
 10
-1.65167
 20
-4.81028
 30
0.0
 10
-1.65167
 20
-4.81028
 30
0.0
 10
-2.20672
 20
-5.35539
 30
0.0
 10
-2.20672
 20
-5.35539
 30
0.0
 10
-2.1821
 20
-5.3711
 30
0.0
 10
-2.15747
 20
-5.38681
 30
0.0
 10
-2.13284
 20
-5.40252
 30
0.0
 10
-1.93764
 20
-5.31246
 30
0.0
 10
-1.74244
 20
-5.22241
 30
0.0
 10
-1.54725
 20
-5.13235
 30
0.0
  0
SPLINE
  5
113
330
1F
100
AcDbEntity
  8
Plan 1
 62
   250
370
    20
100
AcDbSpline
210
0.0
220
0.0
230
1.0
 70
    11
 71
     3
 72
    14
 73
    10
 74
     0
 42
0.0000000001
 43
0.0000000001
 40
0.0
 40
0.0
 40
0.0
 40
0.0
 40
0.3333333333333333
 40
0.3333333333333333
 40
0.3333333333333333
 40
0.6666666666666666
 40
0.6666666666666666
 40
0.6666666666666666
 40
1.0
 40
1.0
 40
1.0
 40
1.0
 10
-2.00506
 20
-5.49594
 30
0.0
 10
-1.96734
 20
-5.52496
 30
0.0
 10
-1.92962
 20
-5.55398
 30
0.0
 10
-1.8919
 20
-5.583
 30
0.0
 10
-1.8919
 20
-5.583
 30
0.0
 10
-1.88596
 20
-5.44099
 30
0.0
 10
-1.88596
 20
-5.44099
 30
0.0
 10
-1.92566
 20
-5.45931
 30
0.0
 10
-1.96536
 20
-5.47762
 30
0.0
 10
-2.00506
 20
-5.49594
 30
0.0
  0
SPLINE
  5
114
330
1F
100
AcDbEntity
  8
Plan 1
 62
   250
370
    20
100
AcDbSpline
210
0.0
220
0.0
230
1.0
 70
    11
 71
     3
 72
    23
 73
    19
 74
     0
 42
0.0000000001
 43
0.0000000001
 40
0.0
 40
0.0
 40
0.0
 40
0.0
 40
0.1666666666666667
 40
0.1666666666666667
 40
0.1666666666666667
 40
0.3333333333333333
 40
0.3333333333333333
 40
0.3333333333333333
 40
0.5
 40
0.5
 40
0.5
 40
0.6666666666666666
 40
0.6666666666666666
 40
0.6666666666666666
 40
0.8333333333333333
 40
0.8333333333333333
 40
0.8333333333333333
 40
1.0
 40
1.0
 40
1.0
 40
1.0
 10
-1.71837
 20
-5.36367
 30
0.0
 10
-1.74135
 20
-5.37428
 30
0.0
 10
-1.76434
 20
-5.38489
 30
0.0
 10
-1.78733
 20
-5.39549
 30
0.0
 10
-1.78664
 20
-5.39885
 30
0.0
 10
-1.78638
 20
-5.40225
 30
0.0
 10
-1.78652
 20
-5.40563
 30
0.0
 10
-1.78652
 20
-5.40563
 30
0.0
 10
-1.79624
 20
-5.63782
 30
0.0
 10
-1.79624
 20
-5.63782
 30
0.0
 10
-1.79646
 20
-5.64317
 30
0.0
 10
-1.79771
 20
-5.64855
 30
0.0
 10
-1.80005
 20
-5.65367
 30
0.0
 10
-1.77034
 20
-5.67652
 30
0.0
 10
-1.74063
 20
-5.69937
 30
0.0
 10
-1.71093
 20
-5.72223
 30
0.0
 10
-1.71093
 20
-5.72223
 30
0.0
 10
-1.71837
 20
-5.36367
 30
0.0
 10
-1.71837
 20
-5.36367
 30
0.0
  0
SPLINE
  5
115
330
1F
100
AcDbEntity
  8
Plan 1
 62
   250
370
    20
100
AcDbSpline
210
0.0
220
0.0
230
1.0
 70
    11
 71
     3
 72
    17
 73
    13
 74
     0
 42
0.0000000001
 43
0.0000000001
 40
0.0
 40
0.0
 40
0.0
 40
0.0
 40
0.25
 40
0.25
 40
0.25
 40
0.5
 40
0.5
 40
0.5
 40
0.75
 40
0.75
 40
0.75
 40
1.0
 40
1.0
 40
1.0
 40
1.0
 10
-1.26088
 20
-4.81773
 30
0.0
 10
-1.2618
 20
-4.82025
 30
0.0
 10
-1.26297
 20
-4.82272
 30
0.0
 10
-1.26439
 20
-4.82511
 30
0.0
 10
-1.26439
 20
-4.82511
 30
0.0
 10
-1.41047
 20
-5.06925
 30
0.0
 10
-1.41047
 20
-5.06925
 30
0.0
 10
-1.24446
 20
-4.99266
 30
0.0
 10
-1.07845
 20
-4.91606
 30
0.0
 10
-0.91244
 20
-4.83947
 30
0.0
 10
-0.91244
 20
-4.83947
 30
0.0
 10
-1.26088
 20
-4.81773
 30
0.0
 10
-1.26088
 20
-4.81773
 30
0.0
  0
SPLINE
  5
116
330
1F
100
AcDbEntity
  8
Plan 1
 62
   250
370
    20
100
AcDbSpline
210
0.0
220
0.0
230
1.0
 70
    11
 71
     3
 72
    23
 73
    19
 74
     0
 42
0.0000000001
 43
0.0000000001
 40
0.0
 40
0.0
 40
0.0
 40
0.0
 40
0.1666666666666667
 40
0.1666666666666667
 40
0.1666666666666667
 40
0.3333333333333333
 40
0.3333333333333333
 40
0.3333333333333333
 40
0.5
 40
0.5
 40
0.5
 40
0.6666666666666666
 40
0.6666666666666666
 40
0.6666666666666666
 40
0.8333333333333333
 40
0.8333333333333333
 40
0.8333333333333333
 40
1.0
 40
1.0
 40
1.0
 40
1.0
 10
-1.48187
 20
-5.25457
 30
0.0
 10
-1.4814
 20
-5.25689
 30
0.0
 10
-1.48113
 20
-5.25923
 30
0.0
 10
-1.48105
 20
-5.26157
 30
0.0
 10
-1.48105
 20
-5.26157
 30
0.0
 10
-1.46052
 20
-5.89296
 30
0.0
 10
-1.46052
 20
-5.89296
 30
0.0
 10
-1.46031
 20
-5.89934
 30
0.0
 10
-1.46155
 20
-5.90584
 30
0.0
 10
-1.46434
 20
-5.91195
 30
0.0
 10
-1.43829
 20
-5.93199
 30
0.0
 10
-1.41224
 20
-5.95204
 30
0.0
 10
-1.38619
 20
-5.97208
 30
0.0
 10
-1.38619
 20
-5.97208
 30
0.0
 10
-1.41801
 20
-5.2251
 30
0.0
 10
-1.41801
 20
-5.2251
 30
0.0
 10
-1.43929
 20
-5.23492
 30
0.0
 10
-1.46058
 20
-5.24475
 30
0.0
 10
-1.48187
 20
-5.25457
 30
0.0
  0
SPLINE
  5
117
330
1F
100
AcDbEntity
  8
Plan 1
 62
   250
370
    20
100
AcDbSpline
210
0.0
220
0.0
230
1.0
 70
    11
 71
     3
 72
    23
 73
    19
 74
     0
 42
0.0000000001
 43
0.0000000001
 40
0.0
 40
0.0
 40
0.0
 40
0.0
 40
0.1666666666666667
 40
0.1666666666666667
 40
0.1666666666666667
 40
0.3333333333333333
 40
0.3333333333333333
 40
0.3333333333333333
 40
0.5
 40
0.5
 40
0.5
 40
0.6666666666666666
 40
0.6666666666666666
 40
0.6666666666666666
 40
0.8333333333333333
 40
0.8333333333333333
 40
0.8333333333333333
 40
1.0
 40
1.0
 40
1.0
 40
1.0
 10
-1.57776
 20
-5.29881
 30
0.0
 10
-1.59253
 20
-5.30562
 30
0.0
 10
-1.6073
 20
-5.31243
 30
0.0
 10
-1.62206
 20
-5.31924
 30
0.0
 10
-1.62156
 20
-5.32173
 30
0.0
 10
-1.62129
 20
-5.32424
 30
0.0
 10
-1.62123
 20
-5.32675
 30
0.0
 10
-1.62123
 20
-5.32675
 30
0.0
 10
-1.61189
 20
-5.77699
 30
0.0
 10
-1.61189
 20
-5.77699
 30
0.0
 10
-1.61176
 20
-5.78321
 30
0.0
 10
-1.613
 20
-5.78952
 30
0.0
 10
-1.61572
 20
-5.79547
 30
0.0
 10
-1.59722
 20
-5.80971
 30
0.0
 10
-1.57873
 20
-5.82394
 30
0.0
 10
-1.56023
 20
-5.83817
 30
0.0
 10
-1.56023
 20
-5.83817
 30
0.0
 10
-1.57776
 20
-5.29881
 30
0.0
 10
-1.57776
 20
-5.29881
 30
0.0
  0
SPLINE
  5
118
330
1F
100
AcDbEntity
  8
Plan 1
 62
   250
370
    20
100
AcDbSpline
210
0.0
220
0.0
230
1.0
 70
    11
 71
     3
 72
    23
 73
    19
 74
     0
 42
0.0000000001
 43
0.0000000001
 40
0.0
 40
0.0
 40
0.0
 40
0.0
 40
0.1666666666666667
 40
0.1666666666666667
 40
0.1666666666666667
 40
0.3333333333333333
 40
0.3333333333333333
 40
0.3333333333333333
 40
0.5
 40
0.5
 40
0.5
 40
0.6666666666666666
 40
0.6666666666666666
 40
0.6666666666666666
 40
0.8333333333333333
 40
0.8333333333333333
 40
0.8333333333333333
 40
1.0
 40
1.0
 40
1.0
 40
1.0
 10
-0.59291
 20
-4.10073
 30
0.0
 10
-0.5893
 20
-4.18676
 30
0.0
 10
-0.58568
 20
-4.2728
 30
0.0
 10
-0.58206
 20
-4.35883
 30
0.0
 10
-0.56803
 20
-4.36275
 30
0.0
 10
-0.55761
 20
-4.3721
 30
0.0
 10
-0.55235
 20
-4.38239
 30
0.0
 10
-0.55235
 20
-4.38239
 30
0.0
 10
-0.07787
 20
-5.30987
 30
0.0
 10
-0.07787
 20
-5.30987
 30
0.0
 10
-0.05883
 20
-5.26358
 30
0.0
 10
-0.03979
 20
-5.21729
 30
0.0
 10
-0.02074
 20
-5.17101
 30
0.0
 10
-0.02633
 20
-5.1668
 30
0.0
 10
-0.03054
 20
-5.16166
 30
0.0
 10
-0.03341
 20
-5.15624
 30
0.0
 10
-0.03341
 20
-5.15624
 30
0.0
 10
-0.59291
 20
-4.10073
 30
0.0
 10
-0.59291
 20
-4.10073
 30
0.0
  0
SPLINE
  5
119
330
1F
100
AcDbEntity
  8
Plan 1
 62
   250
370
    20
100
AcDbSpline
210
0.0
220
0.0
230
1.0
 70
    11
 71
     3
 72
    23
 73
    19
 74
     0
 42
0.0000000001
 43
0.0000000001
 40
0.0
 40
0.0
 40
0.0
 40
0.0
 40
0.1666666666666667
 40
0.1666666666666667
 40
0.1666666666666667
 40
0.3333333333333333
 40
0.3333333333333333
 40
0.3333333333333333
 40
0.5
 40
0.5
 40
0.5
 40
0.6666666666666666
 40
0.6666666666666666
 40
0.6666666666666666
 40
0.8333333333333333
 40
0.8333333333333333
 40
0.8333333333333333
 40
1.0
 40
1.0
 40
1.0
 40
1.0
 10
-0.97589
 20
-5.02112
 30
0.0
 10
-0.97547
 20
-5.02321
 30
0.0
 10
-0.97521
 20
-5.02532
 30
0.0
 10
-0.9751
 20
-5.02742
 30
0.0
 10
-0.9751
 20
-5.02742
 30
0.0
 10
-0.9119
 20
-6.31437
 30
0.0
 10
-0.9119
 20
-6.31437
 30
0.0
 10
-0.91157
 20
-6.32098
 30
0.0
 10
-0.91279
 20
-6.32773
 30
0.0
 10
-0.91569
 20
-6.33406
 30
0.0
 10
-0.87221
 20
-6.3675
 30
0.0
 10
-0.82873
 20
-6.40096
 30
0.0
 10
-0.78525
 20
-6.43441
 30
0.0
 10
-0.78525
 20
-6.43441
 30
0.0
 10
-0.88273
 20
-4.97814
 30
0.0
 10
-0.88273
 20
-4.97814
 30
0.0
 10
-0.91379
 20
-4.99246
 30
0.0
 10
-0.94484
 20
-5.00679
 30
0.0
 10
-0.97589
 20
-5.02112
 30
0.0
  0
SPLINE
  5
11A
330
1F
100
AcDbEntity
  8
Plan 1
 62
   250
370
    20
100
AcDbSpline
210
0.0
220
0.0
230
1.0
 70
    11
 71
     3
 72
    23
 73
    19
 74
     0
 42
0.0000000001
 43
0.0000000001
 40
0.0
 40
0.0
 40
0.0
 40
0.0
 40
0.1666666666666667
 40
0.1666666666666667
 40
0.1666666666666667
 40
0.3333333333333333
 40
0.3333333333333333
 40
0.3333333333333333
 40
0.5
 40
0.5
 40
0.5
 40
0.6666666666666666
 40
0.6666666666666666
 40
0.6666666666666666
 40
0.8333333333333333
 40
0.8333333333333333
 40
0.8333333333333333
 40
1.0
 40
1.0
 40
1.0
 40
1.0
 10
-1.07123
 20
-5.0651
 30
0.0
 10
-1.10793
 20
-5.08204
 30
0.0
 10
-1.14464
 20
-5.09898
 30
0.0
 10
-1.18135
 20
-5.11591
 30
0.0
 10
-1.18097
 20
-5.11776
 30
0.0
 10
-1.18073
 20
-5.11963
 30
0.0
 10
-1.1806
 20
-5.12149
 30
0.0
 10
-1.1806
 20
-5.12149
 30
0.0
 10
-1.11172
 20
-6.15995
 30
0.0
 10
-1.11172
 20
-6.15995
 30
0.0
 10
-1.11126
 20
-6.16678
 30
0.0
 10
-1.11247
 20
-6.1738
 30
0.0
 10
-1.11547
 20
-6.18036
 30
0.0
 10
-1.08117
 20
-6.20675
 30
0.0
 10
-1.04687
 20
-6.23314
 30
0.0
 10
-1.01256
 20
-6.25953
 30
0.0
 10
-1.01256
 20
-6.25953
 30
0.0
 10
-1.07123
 20
-5.0651
 30
0.0
 10
-1.07123
 20
-5.0651
 30
0.0
  0
SPLINE
  5
11B
330
1F
100
AcDbEntity
  8
Plan 1
 62
   250
370
    20
100
AcDbSpline
210
0.0
220
0.0
230
1.0
 70
    11
 71
     3
 72
    23
 73
    19
 74
     0
 42
0.0000000001
 43
0.0000000001
 40
0.0
 40
0.0
 40
0.0
 40
0.0
 40
0.1666666666666667
 40
0.1666666666666667
 40
0.1666666666666667
 40
0.3333333333333333
 40
0.3333333333333333
 40
0.3333333333333333
 40
0.5
 40
0.5
 40
0.5
 40
0.6666666666666666
 40
0.6666666666666666
 40
0.6666666666666666
 40
0.8333333333333333
 40
0.8333333333333333
 40
0.8333333333333333
 40
1.0
 40
1.0
 40
1.0
 40
1.0
 10
-1.32245
 20
-5.18102
 30
0.0
 10
-1.32201
 20
-5.1832
 30
0.0
 10
-1.32175
 20
-5.1854
 30
0.0
 10
-1.32165
 20
-5.1876
 30
0.0
 10
-1.32165
 20
-5.1876
 30
0.0
 10
-1.2859
 20
-6.0269
 30
0.0
 10
-1.2859
 20
-6.0269
 30
0.0
 10
-1.28562
 20
-6.03341
 30
0.0
 10
-1.28685
 20
-6.04007
 30
0.0
 10
-1.28971
 20
-6.04631
 30
0.0
 10
-1.26428
 20
-6.06587
 30
0.0
 10
-1.23885
 20
-6.08544
 30
0.0
 10
-1.21342
 20
-6.105
 30
0.0
 10
-1.21342
 20
-6.105
 30
0.0
 10
-1.27613
 20
-5.15964
 30
0.0
 10
-1.27613
 20
-5.15964
 30
0.0
 10
-1.29157
 20
-5.16677
 30
0.0
 10
-1.30701
 20
-5.17389
 30
0.0
 10
-1.32245
 20
-5.18102
 30
0.0
  0
SPLINE
  5
11C
330
1F
100
AcDbEntity
  8
Plan 1
 62
   250
370
    20
100
AcDbSpline
210
0.0
220
0.0
230
1.0
 70
    11
 71
     3
 72
    23
 73
    19
 74
     0
 42
0.0000000001
 43
0.0000000001
 40
0.0
 40
0.0
 40
0.0
 40
0.0
 40
0.1666666666666667
 40
0.1666666666666667
 40
0.1666666666666667
 40
0.3333333333333333
 40
0.3333333333333333
 40
0.3333333333333333
 40
0.5
 40
0.5
 40
0.5
 40
0.6666666666666666
 40
0.6666666666666666
 40
0.6666666666666666
 40
0.8333333333333333
 40
0.8333333333333333
 40
0.8333333333333333
 40
1.0
 40
1.0
 40
1.0
 40
1.0
 10
-0.78797
 20
-4.93441
 30
0.0
 10
-0.78759
 20
-4.93626
 30
0.0
 10
-0.78735
 20
-4.93812
 30
0.0
 10
-0.78722
 20
-4.93998
 30
0.0
 10
-0.78722
 20
-4.93998
 30
0.0
 10
-0.68351
 20
-6.48936
 30
0.0
 10
-0.68351
 20
-6.48936
 30
0.0
 10
-0.68305
 20
-6.49621
 30
0.0
 10
-0.68426
 20
-6.50322
 30
0.0
 10
-0.68726
 20
-6.50979
 30
0.0
 10
-0.67334
 20
-6.5205
 30
0.0
 10
-0.65942
 20
-6.53121
 30
0.0
 10
-0.6455
 20
-6.54192
 30
0.0
 10
-0.66507
 20
-5.99321
 30
0.0
 10
-0.68466
 20
-5.4445
 30
0.0
 10
-0.70424
 20
-4.89578
 30
0.0
 10
-0.73215
 20
-4.90866
 30
0.0
 10
-0.76006
 20
-4.92154
 30
0.0
 10
-0.78797
 20
-4.93441
 30
0.0
  0
SPLINE
  5
11D
330
1F
100
AcDbEntity
  8
Plan 1
 62
   250
370
    20
100
AcDbSpline
210
0.0
220
0.0
230
1.0
 70
    11
 71
     3
 72
    20
 73
    16
 74
     0
 42
0.0000000001
 43
0.0000000001
 40
0.0
 40
0.0
 40
0.0
 40
0.0
 40
0.2
 40
0.2
 40
0.2
 40
0.4
 40
0.4
 40
0.4
 40
0.6000000000000001
 40
0.6000000000000001
 40
0.6000000000000001
 40
0.8
 40
0.8
 40
0.8
 40
1.0
 40
1.0
 40
1.0
 40
1.0
 10
-2.16616
 20
-6.79573
 30
0.0
 10
-2.16876
 20
-6.82992
 30
0.0
 10
-2.17135
 20
-6.86411
 30
0.0
 10
-2.17394
 20
-6.8983
 30
0.0
 10
-2.17394
 20
-6.8983
 30
0.0
 10
-1.41901
 20
-6.1233
 30
0.0
 10
-1.41901
 20
-6.1233
 30
0.0
 10
-1.43441
 20
-6.11146
 30
0.0
 10
-1.4498
 20
-6.09961
 30
0.0
 10
-1.4652
 20
-6.08777
 30
0.0
 10
-1.4652
 20
-6.08777
 30
0.0
 10
-2.14269
 20
-6.78252
 30
0.0
 10
-2.14269
 20
-6.78252
 30
0.0
 10
-2.14863
 20
-6.78861
 30
0.0
 10
-2.15673
 20
-6.79339
 30
0.0
 10
-2.16616
 20
-6.79573
 30
0.0
  0
SPLINE
  5
11E
330
1F
100
AcDbEntity
  8
Plan 1
 62
   250
370
    20
100
AcDbSpline
210
0.0
220
0.0
230
1.0
 70
    11
 71
     3
 72
    20
 73
    16
 74
     0
 42
0.0000000001
 43
0.0000000001
 40
0.0
 40
0.0
 40
0.0
 40
0.0
 40
0.2
 40
0.2
 40
0.2
 40
0.4
 40
0.4
 40
0.4
 40
0.6000000000000001
 40
0.6000000000000001
 40
0.6000000000000001
 40
0.8
 40
0.8
 40
0.8
 40
1.0
 40
1.0
 40
1.0
 40
1.0
 10
-2.18416
 20
-7.03308
 30
0.0
 10
-2.18702
 20
-7.07084
 30
0.0
 10
-2.18989
 20
-7.1086
 30
0.0
 10
-2.19275
 20
-7.14637
 30
0.0
 10
-2.19275
 20
-7.14637
 30
0.0
 10
-1.27966
 20
-6.23052
 30
0.0
 10
-1.27966
 20
-6.23052
 30
0.0
 10
-1.30102
 20
-6.21408
 30
0.0
 10
-1.32238
 20
-6.19765
 30
0.0
 10
-1.34374
 20
-6.18121
 30
0.0
 10
-1.34374
 20
-6.18121
 30
0.0
 10
-2.16067
 20
-7.01986
 30
0.0
 10
-2.16067
 20
-7.01986
 30
0.0
 10
-2.16661
 20
-7.02596
 30
0.0
 10
-2.17472
 20
-7.03074
 30
0.0
 10
-2.18416
 20
-7.03308
 30
0.0
  0
SPLINE
  5
11F
330
1F
100
AcDbEntity
  8
Plan 1
 62
   250
370
    20
100
AcDbSpline
210
0.0
220
0.0
230
1.0
 70
    11
 71
     3
 72
    20
 73
    16
 74
     0
 42
0.0000000001
 43
0.0000000001
 40
0.0
 40
0.0
 40
0.0
 40
0.0
 40
0.2
 40
0.2
 40
0.2
 40
0.4
 40
0.4
 40
0.4
 40
0.6000000000000001
 40
0.6000000000000001
 40
0.6000000000000001
 40
0.8
 40
0.8
 40
0.8
 40
1.0
 40
1.0
 40
1.0
 40
1.0
 10
-2.20285
 20
-7.27963
 30
0.0
 10
-2.20587
 20
-7.31944
 30
0.0
 10
-2.20889
 20
-7.35925
 30
0.0
 10
-2.21191
 20
-7.39906
 30
0.0
 10
-2.21191
 20
-7.39906
 30
0.0
 10
-1.14226
 20
-6.33623
 30
0.0
 10
-1.14226
 20
-6.33623
 30
0.0
 10
-1.16296
 20
-6.32031
 30
0.0
 10
-1.18366
 20
-6.30438
 30
0.0
 10
-1.20436
 20
-6.28846
 30
0.0
 10
-1.20436
 20
-6.28846
 30
0.0
 10
-2.17973
 20
-7.26678
 30
0.0
 10
-2.17973
 20
-7.26678
 30
0.0
 10
-2.18564
 20
-7.27271
 30
0.0
 10
-2.19361
 20
-7.27734
 30
0.0
 10
-2.20285
 20
-7.27963
 30
0.0
  0
SPLINE
  5
120
330
1F
100
AcDbEntity
  8
Plan 1
 62
   250
370
    20
100
AcDbSpline
210
0.0
220
0.0
230
1.0
 70
    11
 71
     3
 72
    20
 73
    16
 74
     0
 42
0.0000000001
 43
0.0000000001
 40
0.0
 40
0.0
 40
0.0
 40
0.0
 40
0.2
 40
0.2
 40
0.2
 40
0.4
 40
0.4
 40
0.4
 40
0.6000000000000001
 40
0.6000000000000001
 40
0.6000000000000001
 40
0.8
 40
0.8
 40
0.8
 40
1.0
 40
1.0
 40
1.0
 40
1.0
 10
-2.22196
 20
-7.53173
 30
0.0
 10
-2.22196
 20
-7.53173
 30
0.0
 10
-2.22937
 20
-7.62945
 30
0.0
 10
-2.22937
 20
-7.62945
 30
0.0
 10
-2.22937
 20
-7.62945
 30
0.0
 10
-1.01339
 20
-6.43538
 30
0.0
 10
-1.01339
 20
-6.43538
 30
0.0
 10
-1.03125
 20
-6.42165
 30
0.0
 10
-1.0491
 20
-6.40791
 30
0.0
 10
-1.06695
 20
-6.39418
 30
0.0
 10
-1.06695
 20
-6.39418
 30
0.0
 10
-2.19901
 20
-7.51904
 30
0.0
 10
-2.19901
 20
-7.51904
 30
0.0
 10
-2.2049
 20
-7.52489
 30
0.0
 10
-2.21281
 20
-7.52946
 30
0.0
 10
-2.22196
 20
-7.53173
 30
0.0
  0
SPLINE
  5
121
330
1F
100
AcDbEntity
  8
Plan 1
 62
   250
370
    20
100
AcDbSpline
210
0.0
220
0.0
230
1.0
 70
    11
 71
     3
 72
    20
 73
    16
 74
     0
 42
0.0000000001
 43
0.0000000001
 40
0.0
 40
0.0
 40
0.0
 40
0.0
 40
0.2
 40
0.2
 40
0.2
 40
0.4
 40
0.4
 40
0.4
 40
0.6000000000000001
 40
0.6000000000000001
 40
0.6000000000000001
 40
0.8
 40
0.8
 40
0.8
 40
1.0
 40
1.0
 40
1.0
 40
1.0
 10
-2.23937
 20
-7.76137
 30
0.0
 10
-2.24339
 20
-7.81437
 30
0.0
 10
-2.24741
 20
-7.86736
 30
0.0
 10
-2.25142
 20
-7.92036
 30
0.0
 10
-2.25142
 20
-7.92036
 30
0.0
 10
-0.88159
 20
-6.53678
 30
0.0
 10
-0.88159
 20
-6.53678
 30
0.0
 10
-0.90041
 20
-6.52231
 30
0.0
 10
-0.91923
 20
-6.50783
 30
0.0
 10
-0.93804
 20
-6.49335
 30
0.0
 10
-0.93804
 20
-6.49335
 30
0.0
 10
-2.21661
 20
-7.74888
 30
0.0
 10
-2.21661
 20
-7.74888
 30
0.0
 10
-2.22248
 20
-7.75464
 30
0.0
 10
-2.23032
 20
-7.75913
 30
0.0
 10
-2.23937
 20
-7.76137
 30
0.0
  0
SPLINE
  5
122
330
1F
100
AcDbEntity
  8
Plan 1
 62
   250
370
    20
100
AcDbSpline
210
0.0
220
0.0
230
1.0
 70
    11
 71
     3
 72
    20
 73
    16
 74
     0
 42
0.0000000001
 43
0.0000000001
 40
0.0
 40
0.0
 40
0.0
 40
0.0
 40
0.2
 40
0.2
 40
0.2
 40
0.4
 40
0.4
 40
0.4
 40
0.6000000000000001
 40
0.6000000000000001
 40
0.6000000000000001
 40
0.8
 40
0.8
 40
0.8
 40
1.0
 40
1.0
 40
1.0
 40
1.0
 10
-2.26156
 20
-8.05408
 30
0.0
 10
-2.26339
 20
-8.07825
 30
0.0
 10
-2.26523
 20
-8.10243
 30
0.0
 10
-2.26706
 20
-8.1266
 30
0.0
 10
-2.26706
 20
-8.1266
 30
0.0
 10
-0.79545
 20
-6.60306
 30
0.0
 10
-0.79545
 20
-6.60306
 30
0.0
 10
-0.79906
 20
-6.60027
 30
0.0
 10
-0.80268
 20
-6.59749
 30
0.0
 10
-0.80629
 20
-6.59471
 30
0.0
 10
-0.80629
 20
-6.59471
 30
0.0
 10
-2.23834
 20
-8.04113
 30
0.0
 10
-2.23834
 20
-8.04113
 30
0.0
 10
-2.24426
 20
-8.0471
 30
0.0
 10
-2.25227
 20
-8.05177
 30
0.0
 10
-2.26156
 20
-8.05408
 30
0.0
  0
SPLINE
  5
123
330
1F
100
AcDbEntity
  8
Plan 1
 62
   250
370
    20
100
AcDbSpline
210
0.0
220
0.0
230
1.0
 70
    11
 71
     3
 72
    20
 73
    16
 74
     0
 42
0.0000000001
 43
0.0000000001
 40
0.0
 40
0.0
 40
0.0
 40
0.0
 40
0.2
 40
0.2
 40
0.2
 40
0.4
 40
0.4
 40
0.4
 40
0.6000000000000001
 40
0.6000000000000001
 40
0.6000000000000001
 40
0.8
 40
0.8
 40
0.8
 40
1.0
 40
1.0
 40
1.0
 40
1.0
 10
-2.284
 20
-8.35007
 30
0.0
 10
-1.74719
 20
-7.79899
 30
0.0
 10
-1.21038
 20
-7.2479
 30
0.0
 10
-0.67356
 20
-6.69683
 30
0.0
 10
-0.6891
 20
-6.68487
 30
0.0
 10
-0.70464
 20
-6.67291
 30
0.0
 10
-0.72018
 20
-6.66096
 30
0.0
 10
-0.72018
 20
-6.66096
 30
0.0
 10
-2.25371
 20
-8.2486
 30
0.0
 10
-2.25371
 20
-8.2486
 30
0.0
 10
-2.25966
 20
-8.25476
 30
0.0
 10
-2.26781
 20
-8.2596
 30
0.0
 10
-2.27732
 20
-8.26196
 30
0.0
 10
-2.27955
 20
-8.29133
 30
0.0
 10
-2.28177
 20
-8.3207
 30
0.0
 10
-2.284
 20
-8.35007
 30
0.0
  0
SPLINE
  5
124
330
1F
100
AcDbEntity
  8
Plan 1
 62
   250
370
    20
100
AcDbSpline
210
0.0
220
0.0
230
1.0
 70
    11
 71
     3
 72
    20
 73
    16
 74
     0
 42
0.0000000001
 43
0.0000000001
 40
0.0
 40
0.0
 40
0.0
 40
0.0
 40
0.2
 40
0.2
 40
0.2
 40
0.4
 40
0.4
 40
0.4
 40
0.6000000000000001
 40
0.6000000000000001
 40
0.6000000000000001
 40
0.8
 40
0.8
 40
0.8
 40
1.0
 40
1.0
 40
1.0
 40
1.0
 10
-1.59154
 20
-5.99057
 30
0.0
 10
-1.59154
 20
-5.99057
 30
0.0
 10
-2.12344
 20
-6.52425
 30
0.0
 10
-2.12344
 20
-6.52425
 30
0.0
 10
-2.12935
 20
-6.53018
 30
0.0
 10
-2.13732
 20
-6.53481
 30
0.0
 10
-2.14656
 20
-6.5371
 30
0.0
 10
-2.14969
 20
-6.5784
 30
0.0
 10
-2.15283
 20
-6.61971
 30
0.0
 10
-2.15596
 20
-6.66101
 30
0.0
 10
-2.15596
 20
-6.66101
 30
0.0
 10
-1.54048
 20
-6.02985
 30
0.0
 10
-1.54048
 20
-6.02985
 30
0.0
 10
-1.5575
 20
-6.01676
 30
0.0
 10
-1.57452
 20
-6.00366
 30
0.0
 10
-1.59154
 20
-5.99057
 30
0.0
  0
SPLINE
  5
125
330
1F
100
AcDbEntity
  8
Plan 1
 62
   250
370
    20
100
AcDbSpline
210
0.0
220
0.0
230
1.0
 70
    11
 71
     3
 72
    20
 73
    16
 74
     0
 42
0.0000000001
 43
0.0000000001
 40
0.0
 40
0.0
 40
0.0
 40
0.0
 40
0.2
 40
0.2
 40
0.2
 40
0.4
 40
0.4
 40
0.4
 40
0.6000000000000001
 40
0.6000000000000001
 40
0.6000000000000001
 40
0.8
 40
0.8
 40
0.8
 40
1.0
 40
1.0
 40
1.0
 40
1.0
 10
-1.73248
 20
-5.88214
 30
0.0
 10
-1.73248
 20
-5.88214
 30
0.0
 10
-2.10305
 20
-6.25717
 30
0.0
 10
-2.10305
 20
-6.25717
 30
0.0
 10
-2.10897
 20
-6.26316
 30
0.0
 10
-2.117
 20
-6.26785
 30
0.0
 10
-2.12632
 20
-6.27015
 30
0.0
 10
-2.1297
 20
-6.31471
 30
0.0
 10
-2.13308
 20
-6.35926
 30
0.0
 10
-2.13646
 20
-6.40382
 30
0.0
 10
-2.13646
 20
-6.40382
 30
0.0
 10
-1.66686
 20
-5.93263
 30
0.0
 10
-1.66686
 20
-5.93263
 30
0.0
 10
-1.68873
 20
-5.9158
 30
0.0
 10
-1.71061
 20
-5.89897
 30
0.0
 10
-1.73248
 20
-5.88214
 30
0.0
  0
SPLINE
  5
126
330
1F
100
AcDbEntity
  8
Plan 1
 62
   250
370
    20
100
AcDbSpline
210
0.0
220
0.0
230
1.0
 70
    11
 71
     3
 72
    20
 73
    16
 74
     0
 42
0.0000000001
 43
0.0000000001
 40
0.0
 40
0.0
 40
0.0
 40
0.0
 40
0.2
 40
0.2
 40
0.2
 40
0.4
 40
0.4
 40
0.4
 40
0.6000000000000001
 40
0.6000000000000001
 40
0.6000000000000001
 40
0.8
 40
0.8
 40
0.8
 40
1.0
 40
1.0
 40
1.0
 40
1.0
 10
-1.84086
 20
-5.79876
 30
0.0
 10
-1.84086
 20
-5.79876
 30
0.0
 10
-2.0869
 20
-6.00205
 30
0.0
 10
-2.0869
 20
-6.00205
 30
0.0
 10
-2.09237
 20
-6.00657
 30
0.0
 10
-2.09915
 20
-6.01003
 30
0.0
 10
-2.10674
 20
-6.01191
 30
0.0
 10
-2.10989
 20
-6.05338
 30
0.0
 10
-2.11304
 20
-6.09485
 30
0.0
 10
-2.11618
 20
-6.13632
 30
0.0
 10
-2.11618
 20
-6.13632
 30
0.0
 10
-1.80778
 20
-5.82421
 30
0.0
 10
-1.80778
 20
-5.82421
 30
0.0
 10
-1.81881
 20
-5.81573
 30
0.0
 10
-1.82984
 20
-5.80724
 30
0.0
 10
-1.84086
 20
-5.79876
 30
0.0
  0
SPLINE
  5
127
330
1F
100
AcDbEntity
  8
Plan 1
 62
   250
370
    20
100
AcDbSpline
210
0.0
220
0.0
230
1.0
 70
    11
 71
     3
 72
    14
 73
    10
 74
     0
 42
0.0000000001
 43
0.0000000001
 40
0.0
 40
0.0
 40
0.0
 40
0.0
 40
0.3333333333333333
 40
0.3333333333333333
 40
0.3333333333333333
 40
0.6666666666666666
 40
0.6666666666666666
 40
0.6666666666666666
 40
1.0
 40
1.0
 40
1.0
 40
1.0
 10
-0.20071
 20
-0.20787
 30
0.0
 10
-0.21728
 20
-0.30541
 30
0.0
 10
-0.23384
 20
-0.40295
 30
0.0
 10
-0.25041
 20
-0.50049
 30
0.0
 10
-0.25041
 20
-0.50049
 30
0.0
 10
0.03851
 20
-0.43899
 30
0.0
 10
0.03851
 20
-0.43899
 30
0.0
 10
-0.04123
 20
-0.36195
 30
0.0
 10
-0.12097
 20
-0.28491
 30
0.0
 10
-0.20071
 20
-0.20787
 30
0.0
  0
SPLINE
  5
128
330
1F
100
AcDbEntity
  8
Plan 1
 62
   250
370
    20
100
AcDbSpline
210
0.0
220
0.0
230
1.0
 70
    11
 71
     3
 72
    20
 73
    16
 74
     0
 42
0.0000000001
 43
0.0000000001
 40
0.0
 40
0.0
 40
0.0
 40
0.0
 40
0.2
 40
0.2
 40
0.2
 40
0.4
 40
0.4
 40
0.4
 40
0.6000000000000001
 40
0.6000000000000001
 40
0.6000000000000001
 40
0.8
 40
0.8
 40
0.8
 40
1.0
 40
1.0
 40
1.0
 40
1.0
 10
-0.54653
 20
-1.38537
 30
0.0
 10
-0.54728
 20
-1.38501
 30
0.0
 10
-0.54802
 20
-1.38463
 30
0.0
 10
-0.54874
 20
-1.38423
 30
0.0
 10
-0.54874
 20
-1.38423
 30
0.0
 10
-0.95065
 20
-1.1642
 30
0.0
 10
-0.95065
 20
-1.1642
 30
0.0
 10
-0.95065
 20
-1.1642
 30
0.0
 10
-1.12275
 20
-1.40437
 30
0.0
 10
-1.12275
 20
-1.40437
 30
0.0
 10
-1.12275
 20
-1.40437
 30
0.0
 10
-0.60976
 20
-1.75769
 30
0.0
 10
-0.60976
 20
-1.75769
 30
0.0
 10
-0.58869
 20
-1.63358
 30
0.0
 10
-0.56761
 20
-1.50948
 30
0.0
 10
-0.54653
 20
-1.38537
 30
0.0
  0
SPLINE
  5
129
330
1F
100
AcDbEntity
  8
Plan 1
 62
   250
370
    20
100
AcDbSpline
210
0.0
220
0.0
230
1.0
 70
    11
 71
     3
 72
    20
 73
    16
 74
     0
 42
0.0000000001
 43
0.0000000001
 40
0.0
 40
0.0
 40
0.0
 40
0.0
 40
0.2
 40
0.2
 40
0.2
 40
0.4
 40
0.4
 40
0.4
 40
0.6000000000000001
 40
0.6000000000000001
 40
0.6000000000000001
 40
0.8
 40
0.8
 40
0.8
 40
1.0
 40
1.0
 40
1.0
 40
1.0
 10
-1.7906
 20
-3.59513
 30
0.0
 10
-1.82893
 20
-3.61963
 30
0.0
 10
-1.86726
 20
-3.64413
 30
0.0
 10
-1.90559
 20
-3.66862
 30
0.0
 10
-1.90413
 20
-3.67272
 30
0.0
 10
-1.90334
 20
-3.67694
 30
0.0
 10
-1.90318
 20
-3.68116
 30
0.0
 10
-1.90318
 20
-3.68116
 30
0.0
 10
-1.86661
 20
-4.6428
 30
0.0
 10
-1.86661
 20
-4.6428
 30
0.0
 10
-1.86661
 20
-4.6428
 30
0.0
 10
-1.738
 20
-4.65083
 30
0.0
 10
-1.738
 20
-4.65083
 30
0.0
 10
-1.738
 20
-4.65083
 30
0.0
 10
-1.7906
 20
-3.59513
 30
0.0
 10
-1.7906
 20
-3.59513
 30
0.0
  0
SPLINE
  5
12A
330
1F
100
AcDbEntity
  8
Plan 1
 62
   250
370
    20
100
AcDbSpline
210
0.0
220
0.0
230
1.0
 70
    11
 71
     3
 72
    20
 73
    16
 74
     0
 42
0.0000000001
 43
0.0000000001
 40
0.0
 40
0.0
 40
0.0
 40
0.0
 40
0.2
 40
0.2
 40
0.2
 40
0.4
 40
0.4
 40
0.4
 40
0.6000000000000001
 40
0.6000000000000001
 40
0.6000000000000001
 40
0.8
 40
0.8
 40
0.8
 40
1.0
 40
1.0
 40
1.0
 40
1.0
 10
-2.03104
 20
-4.76968
 30
0.0
 10
-2.03298
 20
-4.77503
 30
0.0
 10
-2.03605
 20
-4.78018
 30
0.0
 10
-2.04038
 20
-4.78475
 30
0.0
 10
-2.04038
 20
-4.78475
 30
0.0
 10
-2.43942
 20
-5.20697
 30
0.0
 10
-2.43942
 20
-5.20697
 30
0.0
 10
-2.38901
 20
-5.23912
 30
0.0
 10
-2.3386
 20
-5.27128
 30
0.0
 10
-2.28819
 20
-5.30344
 30
0.0
 10
-2.28819
 20
-5.30344
 30
0.0
 10
-1.7618
 20
-4.78648
 30
0.0
 10
-1.7618
 20
-4.78648
 30
0.0
 10
-1.7618
 20
-4.78648
 30
0.0
 10
-2.03104
 20
-4.76968
 30
0.0
 10
-2.03104
 20
-4.76968
 30
0.0
  0
SPLINE
  5
12B
330
1F
100
AcDbEntity
  8
Plan 1
 62
   250
370
    20
100
AcDbSpline
210
0.0
220
0.0
230
1.0
 70
    11
 71
     3
 72
    23
 73
    19
 74
     0
 42
0.0000000001
 43
0.0000000001
 40
0.0
 40
0.0
 40
0.0
 40
0.0
 40
0.1666666666666667
 40
0.1666666666666667
 40
0.1666666666666667
 40
0.3333333333333333
 40
0.3333333333333333
 40
0.3333333333333333
 40
0.5
 40
0.5
 40
0.5
 40
0.6666666666666666
 40
0.6666666666666666
 40
0.6666666666666666
 40
0.8333333333333333
 40
0.8333333333333333
 40
0.8333333333333333
 40
1.0
 40
1.0
 40
1.0
 40
1.0
 10
-2.42654
 20
-8.32627
 30
0.0
 10
-2.35827
 20
-7.42573
 30
0.0
 10
-2.28998
 20
-6.52519
 30
0.0
 10
-2.22171
 20
-5.62465
 30
0.0
 10
-2.26748
 20
-5.65668
 30
0.0
 10
-2.31325
 20
-5.68871
 30
0.0
 10
-2.35904
 20
-5.72073
 30
0.0
 10
-2.35664
 20
-5.72665
 30
0.0
 10
-2.35567
 20
-5.73288
 30
0.0
 10
-2.35603
 20
-5.739
 30
0.0
 10
-2.35603
 20
-5.739
 30
0.0
 10
-2.49717
 20
-8.17515
 30
0.0
 10
-2.49717
 20
-8.17515
 30
0.0
 10
-2.49771
 20
-8.18443
 30
0.0
 10
-2.50141
 20
-8.19405
 30
0.0
 10
-2.5087
 20
-8.20192
 30
0.0
 10
-2.48132
 20
-8.24337
 30
0.0
 10
-2.45393
 20
-8.28482
 30
0.0
 10
-2.42654
 20
-8.32627
 30
0.0
  0
SPLINE
  5
12C
330
1F
100
AcDbEntity
  8
Plan 1
 62
   250
370
    20
100
AcDbSpline
210
0.0
220
0.0
230
1.0
 70
    11
 71
     3
 72
    14
 73
    10
 74
     0
 42
0.0000000001
 43
0.0000000001
 40
0.0
 40
0.0
 40
0.0
 40
0.0
 40
0.3333333333333333
 40
0.3333333333333333
 40
0.3333333333333333
 40
0.6666666666666666
 40
0.6666666666666666
 40
0.6666666666666666
 40
1.0
 40
1.0
 40
1.0
 40
1.0
 10
-0.10154
 20
0.0842
 30
0.0
 10
-0.12213
 20
0.04001
 30
0.0
 10
-0.14272
 20
-0.00419
 30
0.0
 10
-0.16331
 20
-0.04838
 30
0.0
 10
-0.12774
 20
-0.08275
 30
0.0
 10
-0.09217
 20
-0.11712
 30
0.0
 10
-0.05659
 20
-0.15148
 30
0.0
 10
-0.05659
 20
-0.15148
 30
0.0
 10
-0.10154
 20
0.0842
 30
0.0
 10
-0.10154
 20
0.0842
 30
0.0
  0
SPLINE
  5
12D
330
1F
100
AcDbEntity
  8
Plan 1
 62
   250
370
    20
100
AcDbSpline
210
0.0
220
0.0
230
1.0
 70
    11
 71
     3
 72
    20
 73
    16
 74
     0
 42
0.0000000001
 43
0.0000000001
 40
0.0
 40
0.0
 40
0.0
 40
0.0
 40
0.2
 40
0.2
 40
0.2
 40
0.4
 40
0.4
 40
0.4
 40
0.6000000000000001
 40
0.6000000000000001
 40
0.6000000000000001
 40
0.8
 40
0.8
 40
0.8
 40
1.0
 40
1.0
 40
1.0
 40
1.0
 10
-0.49404
 20
-1.07622
 30
0.0
 10
-0.49539
 20
-1.07556
 30
0.0
 10
-0.4967
 20
-1.07486
 30
0.0
 10
-0.49796
 20
-1.0741
 30
0.0
 10
-0.49796
 20
-1.0741
 30
0.0
 10
-0.76921
 20
-0.91099
 30
0.0
 10
-0.76921
 20
-0.91099
 30
0.0
 10
-0.76921
 20
-0.91099
 30
0.0
 10
-0.8967
 20
-1.08891
 30
0.0
 10
-0.8967
 20
-1.08891
 30
0.0
 10
-0.8967
 20
-1.08891
 30
0.0
 10
-0.53026
 20
-1.28953
 30
0.0
 10
-0.53026
 20
-1.28953
 30
0.0
 10
-0.51819
 20
-1.21842
 30
0.0
 10
-0.50611
 20
-1.14732
 30
0.0
 10
-0.49404
 20
-1.07622
 30
0.0
  0
SPLINE
  5
12E
330
1F
100
AcDbEntity
  8
Plan 1
 62
   250
370
    20
100
AcDbSpline
210
0.0
220
0.0
230
1.0
 70
    11
 71
     3
 72
    20
 73
    16
 74
     0
 42
0.0000000001
 43
0.0000000001
 40
0.0
 40
0.0
 40
0.0
 40
0.0
 40
0.2
 40
0.2
 40
0.2
 40
0.4
 40
0.4
 40
0.4
 40
0.6000000000000001
 40
0.6000000000000001
 40
0.6000000000000001
 40
0.8
 40
0.8
 40
0.8
 40
1.0
 40
1.0
 40
1.0
 40
1.0
 10
-1.99932
 20
-3.72853
 30
0.0
 10
-2.03413
 20
-3.75079
 30
0.0
 10
-2.06895
 20
-3.77304
 30
0.0
 10
-2.10377
 20
-3.7953
 30
0.0
 10
-2.10236
 20
-3.79926
 30
0.0
 10
-2.10158
 20
-3.80335
 30
0.0
 10
-2.10139
 20
-3.80742
 30
0.0
 10
-2.10139
 20
-3.80742
 30
0.0
 10
-2.06219
 20
-4.6306
 30
0.0
 10
-2.06219
 20
-4.6306
 30
0.0
 10
-2.06219
 20
-4.6306
 30
0.0
 10
-1.96477
 20
-4.63668
 30
0.0
 10
-1.96477
 20
-4.63668
 30
0.0
 10
-1.96477
 20
-4.63668
 30
0.0
 10
-1.99932
 20
-3.72853
 30
0.0
 10
-1.99932
 20
-3.72853
 30
0.0
  0
SPLINE
  5
12F
330
1F
100
AcDbEntity
  8
Plan 1
 62
   250
370
    20
100
AcDbSpline
210
0.0
220
0.0
230
1.0
 70
    11
 71
     3
 72
    23
 73
    19
 74
     0
 42
0.0000000001
 43
0.0000000001
 40
0.0
 40
0.0
 40
0.0
 40
0.0
 40
0.1666666666666667
 40
0.1666666666666667
 40
0.1666666666666667
 40
0.3333333333333333
 40
0.3333333333333333
 40
0.3333333333333333
 40
0.5
 40
0.5
 40
0.5
 40
0.6666666666666666
 40
0.6666666666666666
 40
0.6666666666666666
 40
0.8333333333333333
 40
0.8333333333333333
 40
0.8333333333333333
 40
1.0
 40
1.0
 40
1.0
 40
1.0
 10
-2.56523
 20
-5.86498
 30
0.0
 10
-2.56286
 20
-5.87085
 30
0.0
 10
-2.56189
 20
-5.87703
 30
0.0
 10
-2.56222
 20
-5.8831
 30
0.0
 10
-2.56222
 20
-5.8831
 30
0.0
 10
-2.67243
 20
-7.90974
 30
0.0
 10
-2.67243
 20
-7.90974
 30
0.0
 10
-2.67294
 20
-7.91907
 30
0.0
 10
-2.67663
 20
-7.92876
 30
0.0
 10
-2.68397
 20
-7.93667
 30
0.0
 10
-2.65253
 20
-7.98425
 30
0.0
 10
-2.62109
 20
-8.03183
 30
0.0
 10
-2.58965
 20
-8.07941
 30
0.0
 10
-2.58965
 20
-8.07941
 30
0.0
 10
-2.45696
 20
-5.78924
 30
0.0
 10
-2.45696
 20
-5.78924
 30
0.0
 10
-2.49305
 20
-5.81449
 30
0.0
 10
-2.52914
 20
-5.83974
 30
0.0
 10
-2.56523
 20
-5.86498
 30
0.0
  0
SPLINE
  5
130
330
1F
100
AcDbEntity
  8
Plan 1
 62
   250
370
    20
100
AcDbSpline
210
0.0
220
0.0
230
1.0
 70
    11
 71
     3
 72
    17
 73
    13
 74
     0
 42
0.0000000001
 43
0.0000000001
 40
0.0
 40
0.0
 40
0.0
 40
0.0
 40
0.25
 40
0.25
 40
0.25
 40
0.5
 40
0.5
 40
0.5
 40
0.75
 40
0.75
 40
0.75
 40
1.0
 40
1.0
 40
1.0
 40
1.0
 10
-0.42225
 20
-0.65354
 30
0.0
 10
-0.42225
 20
-0.65354
 30
0.0
 10
-0.54427
 20
-0.59706
 30
0.0
 10
-0.54427
 20
-0.59706
 30
0.0
 10
-0.54427
 20
-0.59706
 30
0.0
 10
-0.7153
 20
-0.83575
 30
0.0
 10
-0.7153
 20
-0.83575
 30
0.0
 10
-0.7153
 20
-0.83575
 30
0.0
 10
-0.47748
 20
-0.97875
 30
0.0
 10
-0.47748
 20
-0.97875
 30
0.0
 10
-0.45908
 20
-0.87035
 30
0.0
 10
-0.44066
 20
-0.76194
 30
0.0
 10
-0.42225
 20
-0.65354
 30
0.0
  0
SPLINE
  5
131
330
1F
100
AcDbEntity
  8
Plan 1
 62
   250
370
    20
100
AcDbSpline
210
0.0
220
0.0
230
1.0
 70
    11
 71
     3
 72
    20
 73
    16
 74
     0
 42
0.0000000001
 43
0.0000000001
 40
0.0
 40
0.0
 40
0.0
 40
0.0
 40
0.2
 40
0.2
 40
0.2
 40
0.4
 40
0.4
 40
0.4
 40
0.6000000000000001
 40
0.6000000000000001
 40
0.6000000000000001
 40
0.8
 40
0.8
 40
0.8
 40
1.0
 40
1.0
 40
1.0
 40
1.0
 10
-2.1971
 20
-3.85494
 30
0.0
 10
-2.23641
 20
-3.88007
 30
0.0
 10
-2.27571
 20
-3.90519
 30
0.0
 10
-2.31502
 20
-3.93031
 30
0.0
 10
-2.31358
 20
-3.93436
 30
0.0
 10
-2.3128
 20
-3.93853
 30
0.0
 10
-2.31262
 20
-3.94268
 30
0.0
 10
-2.31262
 20
-3.94268
 30
0.0
 10
-2.28459
 20
-4.61673
 30
0.0
 10
-2.28459
 20
-4.61673
 30
0.0
 10
-2.28459
 20
-4.61673
 30
0.0
 10
-2.16046
 20
-4.62447
 30
0.0
 10
-2.16046
 20
-4.62447
 30
0.0
 10
-2.16046
 20
-4.62447
 30
0.0
 10
-2.1971
 20
-3.85494
 30
0.0
 10
-2.1971
 20
-3.85494
 30
0.0
  0
SPLINE
  5
132
330
1F
100
AcDbEntity
  8
Plan 1
 62
   250
370
    20
100
AcDbSpline
210
0.0
220
0.0
230
1.0
 70
    11
 71
     3
 72
    20
 73
    16
 74
     0
 42
0.0000000001
 43
0.0000000001
 40
0.0
 40
0.0
 40
0.0
 40
0.0
 40
0.2
 40
0.2
 40
0.2
 40
0.4
 40
0.4
 40
0.4
 40
0.6000000000000001
 40
0.6000000000000001
 40
0.6000000000000001
 40
0.8
 40
0.8
 40
0.8
 40
1.0
 40
1.0
 40
1.0
 40
1.0
 10
-2.33906
 20
-4.75047
 30
0.0
 10
-2.34136
 20
-4.75682
 30
0.0
 10
-2.34525
 20
-4.76288
 30
0.0
 10
-2.35092
 20
-4.76801
 30
0.0
 10
-2.35092
 20
-4.76801
 30
0.0
 10
-2.67187
 20
-5.05871
 30
0.0
 10
-2.67187
 20
-5.05871
 30
0.0
 10
-2.62142
 20
-5.09089
 30
0.0
 10
-2.57096
 20
-5.12307
 30
0.0
 10
-2.52051
 20
-5.15525
 30
0.0
 10
-2.52051
 20
-5.15525
 30
0.0
 10
-2.14913
 20
-4.76232
 30
0.0
 10
-2.14913
 20
-4.76232
 30
0.0
 10
-2.14913
 20
-4.76232
 30
0.0
 10
-2.33906
 20
-4.75047
 30
0.0
 10
-2.33906
 20
-4.75047
 30
0.0
  0
SPLINE
  5
133
330
1F
100
AcDbEntity
  8
Plan 1
 62
   250
370
    20
100
AcDbSpline
210
0.0
220
0.0
230
1.0
 70
    11
 71
     3
 72
    23
 73
    19
 74
     0
 42
0.0000000001
 43
0.0000000001
 40
0.0
 40
0.0
 40
0.0
 40
0.0
 40
0.1666666666666667
 40
0.1666666666666667
 40
0.1666666666666667
 40
0.3333333333333333
 40
0.3333333333333333
 40
0.3333333333333333
 40
0.5
 40
0.5
 40
0.5
 40
0.6666666666666666
 40
0.6666666666666666
 40
0.6666666666666666
 40
0.8333333333333333
 40
0.8333333333333333
 40
0.8333333333333333
 40
1.0
 40
1.0
 40
1.0
 40
1.0
 10
-2.79385
 20
-6.02492
 30
0.0
 10
-2.79159
 20
-6.03053
 30
0.0
 10
-2.7906
 20
-6.03642
 30
0.0
 10
-2.7908
 20
-6.04222
 30
0.0
 10
-2.7908
 20
-6.04222
 30
0.0
 10
-2.84693
 20
-7.64477
 30
0.0
 10
-2.84693
 20
-7.64477
 30
0.0
 10
-2.84727
 20
-7.65436
 30
0.0
 10
-2.85097
 20
-7.66438
 30
0.0
 10
-2.8585
 20
-7.6725
 30
0.0
 10
-2.82741
 20
-7.71957
 30
0.0
 10
-2.79631
 20
-7.76664
 30
0.0
 10
-2.76521
 20
-7.8137
 30
0.0
 10
-2.76521
 20
-7.8137
 30
0.0
 10
-2.66295
 20
-5.93335
 30
0.0
 10
-2.66295
 20
-5.93335
 30
0.0
 10
-2.70659
 20
-5.96387
 30
0.0
 10
-2.75022
 20
-5.9944
 30
0.0
 10
-2.79385
 20
-6.02492
 30
0.0
  0
SPLINE
  5
134
330
1F
100
AcDbEntity
  8
Plan 1
 62
   250
370
    20
100
AcDbSpline
210
0.0
220
0.0
230
1.0
 70
    11
 71
     3
 72
    23
 73
    19
 74
     0
 42
0.0000000001
 43
0.0000000001
 40
0.0
 40
0.0
 40
0.0
 40
0.0
 40
0.1666666666666667
 40
0.1666666666666667
 40
0.1666666666666667
 40
0.3333333333333333
 40
0.3333333333333333
 40
0.3333333333333333
 40
0.5
 40
0.5
 40
0.5
 40
0.6666666666666666
 40
0.6666666666666666
 40
0.6666666666666666
 40
0.8333333333333333
 40
0.8333333333333333
 40
0.8333333333333333
 40
1.0
 40
1.0
 40
1.0
 40
1.0
 10
-2.89049
 20
-6.09252
 30
0.0
 10
-2.93413
 20
-6.12306
 30
0.0
 10
-2.97778
 20
-6.15359
 30
0.0
 10
-3.02143
 20
-6.18412
 30
0.0
 10
-3.01921
 20
-6.18961
 30
0.0
 10
-3.01822
 20
-6.19536
 30
0.0
 10
-3.01837
 20
-6.20103
 30
0.0
 10
-3.01837
 20
-6.20103
 30
0.0
 10
-3.04775
 20
-7.34042
 30
0.0
 10
-3.04775
 20
-7.34042
 30
0.0
 10
-3.048
 20
-7.35014
 30
0.0
 10
-3.05169
 20
-7.36031
 30
0.0
 10
-3.05933
 20
-7.36855
 30
0.0
 10
-3.02004
 20
-7.42803
 30
0.0
 10
-2.98073
 20
-7.48751
 30
0.0
 10
-2.94143
 20
-7.54699
 30
0.0
 10
-2.94143
 20
-7.54699
 30
0.0
 10
-2.89049
 20
-6.09252
 30
0.0
 10
-2.89049
 20
-6.09252
 30
0.0
  0
SPLINE
  5
135
330
1F
100
AcDbEntity
  8
Plan 1
 62
   250
370
    20
100
AcDbSpline
210
0.0
220
0.0
230
1.0
 70
    11
 71
     3
 72
    23
 73
    19
 74
     0
 42
0.0000000001
 43
0.0000000001
 40
0.0
 40
0.0
 40
0.0
 40
0.0
 40
0.1666666666666667
 40
0.1666666666666667
 40
0.1666666666666667
 40
0.3333333333333333
 40
0.3333333333333333
 40
0.3333333333333333
 40
0.5
 40
0.5
 40
0.5
 40
0.6666666666666666
 40
0.6666666666666666
 40
0.6666666666666666
 40
0.8333333333333333
 40
0.8333333333333333
 40
0.8333333333333333
 40
1.0
 40
1.0
 40
1.0
 40
1.0
 10
-3.11757
 20
-6.25138
 30
0.0
 10
-3.15096
 20
-6.27474
 30
0.0
 10
-3.18434
 20
-6.2981
 30
0.0
 10
-3.21773
 20
-6.32146
 30
0.0
 10
-3.21542
 20
-6.32718
 30
0.0
 10
-3.21444
 20
-6.3332
 30
0.0
 10
-3.2147
 20
-6.33912
 30
0.0
 10
-3.2147
 20
-6.33912
 30
0.0
 10
-3.24552
 20
-7.04191
 30
0.0
 10
-3.24552
 20
-7.04191
 30
0.0
 10
-3.24593
 20
-7.05138
 30
0.0
 10
-3.24963
 20
-7.06125
 30
0.0
 10
-3.25708
 20
-7.06928
 30
0.0
 10
-3.21909
 20
-7.12677
 30
0.0
 10
-3.1811
 20
-7.18427
 30
0.0
 10
-3.14311
 20
-7.24176
 30
0.0
 10
-3.14311
 20
-7.24176
 30
0.0
 10
-3.11757
 20
-6.25138
 30
0.0
 10
-3.11757
 20
-6.25138
 30
0.0
  0
SPLINE
  5
136
330
1F
100
AcDbEntity
  8
Plan 1
 62
   250
370
    20
100
AcDbSpline
210
0.0
220
0.0
230
1.0
 70
    11
 71
     3
 72
    14
 73
    10
 74
     0
 42
0.0000000001
 43
0.0000000001
 40
0.0
 40
0.0
 40
0.0
 40
0.0
 40
0.3333333333333333
 40
0.3333333333333333
 40
0.3333333333333333
 40
0.6666666666666666
 40
0.6666666666666666
 40
0.6666666666666666
 40
1.0
 40
1.0
 40
1.0
 40
1.0
 10
-0.49004
 20
-0.52139
 30
0.0
 10
-0.49004
 20
-0.52139
 30
0.0
 10
-0.40639
 20
-0.56011
 30
0.0
 10
-0.40639
 20
-0.56011
 30
0.0
 10
-0.39485
 20
-0.49219
 30
0.0
 10
-0.38332
 20
-0.42427
 30
0.0
 10
-0.37179
 20
-0.35636
 30
0.0
 10
-0.37179
 20
-0.35636
 30
0.0
 10
-0.49004
 20
-0.52139
 30
0.0
 10
-0.49004
 20
-0.52139
 30
0.0
  0
SPLINE
  5
137
330
1F
100
AcDbEntity
  8
Plan 1
 62
   250
370
    20
100
AcDbSpline
210
0.0
220
0.0
230
1.0
 70
    11
 71
     3
 72
    14
 73
    10
 74
     0
 42
0.0000000001
 43
0.0000000001
 40
0.0
 40
0.0
 40
0.0
 40
0.0
 40
0.3333333333333333
 40
0.3333333333333333
 40
0.3333333333333333
 40
0.6666666666666666
 40
0.6666666666666666
 40
0.6666666666666666
 40
1.0
 40
1.0
 40
1.0
 40
1.0
 10
-3.58256
 20
-6.57667
 30
0.0
 10
-3.50144
 20
-6.69943
 30
0.0
 10
-3.42033
 20
-6.82219
 30
0.0
 10
-3.33922
 20
-6.94495
 30
0.0
 10
-3.33922
 20
-6.94495
 30
0.0
 10
-3.31486
 20
-6.3894
 30
0.0
 10
-3.31486
 20
-6.3894
 30
0.0
 10
-3.40409
 20
-6.45182
 30
0.0
 10
-3.49332
 20
-6.51425
 30
0.0
 10
-3.58256
 20
-6.57667
 30
0.0
  0
SPLINE
  5
138
330
1F
100
AcDbEntity
  8
Plan 1
 62
   250
370
    20
100
AcDbSpline
210
0.0
220
0.0
230
1.0
 70
    11
 71
     3
 72
    14
 73
    10
 74
     0
 42
0.0000000001
 43
0.0000000001
 40
0.0
 40
0.0
 40
0.0
 40
0.0
 40
0.3333333333333333
 40
0.3333333333333333
 40
0.3333333333333333
 40
0.6666666666666666
 40
0.6666666666666666
 40
0.6666666666666666
 40
1.0
 40
1.0
 40
1.0
 40
1.0
 10
-3.76013
 20
-6.73984
 30
0.0
 10
-3.85025
 20
-6.83014
 30
0.0
 10
-3.94037
 20
-6.92044
 30
0.0
 10
-4.03049
 20
-7.01074
 30
0.0
 10
-4.03049
 20
-7.01074
 30
0.0
 10
-3.77392
 20
-7.02375
 30
0.0
 10
-3.77392
 20
-7.02375
 30
0.0
 10
-3.76932
 20
-6.92911
 30
0.0
 10
-3.76472
 20
-6.83448
 30
0.0
 10
-3.76013
 20
-6.73984
 30
0.0
  0
SPLINE
  5
139
330
1F
100
AcDbEntity
  8
Plan 1
 62
   250
370
    20
100
AcDbSpline
210
0.0
220
0.0
230
1.0
 70
    11
 71
     3
 72
    20
 73
    16
 74
     0
 42
0.0000000001
 43
0.0000000001
 40
0.0
 40
0.0
 40
0.0
 40
0.0
 40
0.2
 40
0.2
 40
0.2
 40
0.4
 40
0.4
 40
0.4
 40
0.6000000000000001
 40
0.6000000000000001
 40
0.6000000000000001
 40
0.8
 40
0.8
 40
0.8
 40
1.0
 40
1.0
 40
1.0
 40
1.0
 10
-3.78693
 20
-7.29151
 30
0.0
 10
-3.78405
 20
-7.23215
 30
0.0
 10
-3.78116
 20
-7.17279
 30
0.0
 10
-3.77828
 20
-7.11343
 30
0.0
 10
-3.77828
 20
-7.11343
 30
0.0
 10
-4.09502
 20
-7.09737
 30
0.0
 10
-4.09502
 20
-7.09737
 30
0.0
 10
-4.10155
 20
-7.09703
 30
0.0
 10
-4.10756
 20
-7.09559
 30
0.0
 10
-4.11293
 20
-7.09333
 30
0.0
 10
-4.17976
 20
-7.16029
 30
0.0
 10
-4.24658
 20
-7.22725
 30
0.0
 10
-4.31341
 20
-7.29421
 30
0.0
 10
-4.31341
 20
-7.29421
 30
0.0
 10
-3.78693
 20
-7.29151
 30
0.0
 10
-3.78693
 20
-7.29151
 30
0.0
  0
SPLINE
  5
13A
330
1F
100
AcDbEntity
  8
Plan 1
 62
   250
370
    20
100
AcDbSpline
210
0.0
220
0.0
230
1.0
 70
    11
 71
     3
 72
    20
 73
    16
 74
     0
 42
0.0000000001
 43
0.0000000001
 40
0.0
 40
0.0
 40
0.0
 40
0.0
 40
0.2
 40
0.2
 40
0.2
 40
0.4
 40
0.4
 40
0.4
 40
0.6000000000000001
 40
0.6000000000000001
 40
0.6000000000000001
 40
0.8
 40
0.8
 40
0.8
 40
1.0
 40
1.0
 40
1.0
 40
1.0
 10
-3.7977
 20
-7.51317
 30
0.0
 10
-3.79556
 20
-7.46922
 30
0.0
 10
-3.79343
 20
-7.42526
 30
0.0
 10
-3.79129
 20
-7.3813
 30
0.0
 10
-3.79129
 20
-7.3813
 30
0.0
 10
-4.37826
 20
-7.3843
 30
0.0
 10
-4.37826
 20
-7.3843
 30
0.0
 10
-4.38593
 20
-7.38434
 30
0.0
 10
-4.393
 20
-7.38281
 30
0.0
 10
-4.39923
 20
-7.38019
 30
0.0
 10
-4.45162
 20
-7.43269
 30
0.0
 10
-4.50402
 20
-7.48519
 30
0.0
 10
-4.55642
 20
-7.53769
 30
0.0
 10
-4.55642
 20
-7.53769
 30
0.0
 10
-3.7977
 20
-7.51317
 30
0.0
 10
-3.7977
 20
-7.51317
 30
0.0
  0
SPLINE
  5
13B
330
1F
100
AcDbEntity
  8
Plan 1
 62
   250
370
    20
100
AcDbSpline
210
0.0
220
0.0
230
1.0
 70
    11
 71
     3
 72
    23
 73
    19
 74
     0
 42
0.0000000001
 43
0.0000000001
 40
0.0
 40
0.0
 40
0.0
 40
0.0
 40
0.1666666666666667
 40
0.1666666666666667
 40
0.1666666666666667
 40
0.3333333333333333
 40
0.3333333333333333
 40
0.3333333333333333
 40
0.5
 40
0.5
 40
0.5
 40
0.6666666666666666
 40
0.6666666666666666
 40
0.6666666666666666
 40
0.8333333333333333
 40
0.8333333333333333
 40
0.8333333333333333
 40
1.0
 40
1.0
 40
1.0
 40
1.0
 10
1.89222
 20
5.10042
 30
0.0
 10
1.89058
 20
5.12788
 30
0.0
 10
1.88893
 20
5.15533
 30
0.0
 10
1.88728
 20
5.18279
 30
0.0
 10
1.88728
 20
5.18279
 30
0.0
 10
0.96872
 20
4.74714
 30
0.0
 10
0.96872
 20
4.74714
 30
0.0
 10
0.967
 20
4.74633
 30
0.0
 10
0.96522
 20
4.7456
 30
0.0
 10
0.96338
 20
4.74497
 30
0.0
 10
0.96399
 20
4.72188
 30
0.0
 10
0.96459
 20
4.69879
 30
0.0
 10
0.9652
 20
4.6757
 30
0.0
 10
0.9652
 20
4.6757
 30
0.0
 10
1.88887
 20
5.09902
 30
0.0
 10
1.88887
 20
5.09902
 30
0.0
 10
1.88996
 20
5.09953
 30
0.0
 10
1.89108
 20
5.09999
 30
0.0
 10
1.89222
 20
5.10042
 30
0.0
  0
SPLINE
  5
13C
330
1F
100
AcDbEntity
  8
Plan 1
 62
   250
370
    20
100
AcDbSpline
210
0.0
220
0.0
230
1.0
 70
    11
 71
     3
 72
    23
 73
    19
 74
     0
 42
0.0000000001
 43
0.0000000001
 40
0.0
 40
0.0
 40
0.0
 40
0.0
 40
0.1666666666666667
 40
0.1666666666666667
 40
0.1666666666666667
 40
0.3333333333333333
 40
0.3333333333333333
 40
0.3333333333333333
 40
0.5
 40
0.5
 40
0.5
 40
0.6666666666666666
 40
0.6666666666666666
 40
0.6666666666666666
 40
0.8333333333333333
 40
0.8333333333333333
 40
0.8333333333333333
 40
1.0
 40
1.0
 40
1.0
 40
1.0
 10
0.96781
 20
4.5766
 30
0.0
 10
0.96855
 20
4.5486
 30
0.0
 10
0.96928
 20
4.5206
 30
0.0
 10
0.97002
 20
4.49261
 30
0.0
 10
0.97002
 20
4.49261
 30
0.0
 10
1.8992
 20
4.92335
 30
0.0
 10
1.8992
 20
4.92335
 30
0.0
 10
1.90036
 20
4.92389
 30
0.0
 10
1.90154
 20
4.92439
 30
0.0
 10
1.90276
 20
4.92484
 30
0.0
 10
1.9012
 20
4.95079
 30
0.0
 10
1.89964
 20
4.97673
 30
0.0
 10
1.89809
 20
5.00268
 30
0.0
 10
1.89809
 20
5.00268
 30
0.0
 10
0.97256
 20
4.57849
 30
0.0
 10
0.97256
 20
4.57849
 30
0.0
 10
0.97103
 20
4.57779
 30
0.0
 10
0.96944
 20
4.57715
 30
0.0
 10
0.96781
 20
4.5766
 30
0.0
  0
SPLINE
  5
13D
330
1F
100
AcDbEntity
  8
Plan 1
 62
   250
370
    20
100
AcDbSpline
210
0.0
220
0.0
230
1.0
 70
    11
 71
     3
 72
    23
 73
    19
 74
     0
 42
0.0000000001
 43
0.0000000001
 40
0.0
 40
0.0
 40
0.0
 40
0.0
 40
0.1666666666666667
 40
0.1666666666666667
 40
0.1666666666666667
 40
0.3333333333333333
 40
0.3333333333333333
 40
0.3333333333333333
 40
0.5
 40
0.5
 40
0.5
 40
0.6666666666666666
 40
0.6666666666666666
 40
0.6666666666666666
 40
0.8333333333333333
 40
0.8333333333333333
 40
0.8333333333333333
 40
1.0
 40
1.0
 40
1.0
 40
1.0
 10
0.97264
 20
4.39331
 30
0.0
 10
0.97334
 20
4.3666
 30
0.0
 10
0.97404
 20
4.33989
 30
0.0
 10
0.97474
 20
4.31317
 30
0.0
 10
0.97474
 20
4.31317
 30
0.0
 10
1.91226
 20
4.72295
 30
0.0
 10
1.91226
 20
4.72295
 30
0.0
 10
1.91309
 20
4.72331
 30
0.0
 10
1.91394
 20
4.72366
 30
0.0
 10
1.9148
 20
4.72398
 30
0.0
 10
1.91275
 20
4.75829
 30
0.0
 10
1.91069
 20
4.7926
 30
0.0
 10
1.90863
 20
4.82691
 30
0.0
 10
1.90863
 20
4.82691
 30
0.0
 10
0.97758
 20
4.3953
 30
0.0
 10
0.97758
 20
4.3953
 30
0.0
 10
0.97598
 20
4.39456
 30
0.0
 10
0.97433
 20
4.39389
 30
0.0
 10
0.97264
 20
4.39331
 30
0.0
  0
SPLINE
  5
13E
330
1F
100
AcDbEntity
  8
Plan 1
 62
   250
370
    20
100
AcDbSpline
210
0.0
220
0.0
230
1.0
 70
    11
 71
     3
 72
    20
 73
    16
 74
     0
 42
0.0000000001
 43
0.0000000001
 40
0.0
 40
0.0
 40
0.0
 40
0.0
 40
0.2
 40
0.2
 40
0.2
 40
0.4
 40
0.4
 40
0.4
 40
0.6000000000000001
 40
0.6000000000000001
 40
0.6000000000000001
 40
0.8
 40
0.8
 40
0.8
 40
1.0
 40
1.0
 40
1.0
 40
1.0
 10
0.85038
 20
3.56312
 30
0.0
 10
0.84194
 20
3.56559
 30
0.0
 10
0.83471
 20
3.57003
 30
0.0
 10
0.82928
 20
3.57553
 30
0.0
 10
0.82928
 20
3.57553
 30
0.0
 10
0.14802
 20
4.26513
 30
0.0
 10
0.14802
 20
4.26513
 30
0.0
 10
0.13703
 20
4.23515
 30
0.0
 10
0.12604
 20
4.20517
 30
0.0
 10
0.11505
 20
4.17518
 30
0.0
 10
0.36266
 20
3.87557
 30
0.0
 10
0.61025
 20
3.57594
 30
0.0
 10
0.85788
 20
3.27633
 30
0.0
 10
0.85538
 20
3.37193
 30
0.0
 10
0.85288
 20
3.46752
 30
0.0
 10
0.85038
 20
3.56312
 30
0.0
  0
SPLINE
  5
13F
330
1F
100
AcDbEntity
  8
Plan 1
 62
   250
370
    20
100
AcDbSpline
210
0.0
220
0.0
230
1.0
 70
    11
 71
     3
 72
    26
 73
    22
 74
     0
 42
0.0000000001
 43
0.0000000001
 40
0.0
 40
0.0
 40
0.0
 40
0.0
 40
0.1428571428571428
 40
0.1428571428571428
 40
0.1428571428571428
 40
0.2857142857142857
 40
0.2857142857142857
 40
0.2857142857142857
 40
0.4285714285714285
 40
0.4285714285714285
 40
0.4285714285714285
 40
0.5714285714285714
 40
0.5714285714285714
 40
0.5714285714285714
 40
0.7142857142857142
 40
0.7142857142857142
 40
0.7142857142857142
 40
0.8571428571428571
 40
0.8571428571428571
 40
0.8571428571428571
 40
1.0
 40
1.0
 40
1.0
 40
1.0
 10
0.86435
 20
3.02837
 30
0.0
 10
0.84546
 20
3.03714
 30
0.0
 10
0.82658
 20
3.04591
 30
0.0
 10
0.80769
 20
3.05467
 30
0.0
 10
0.8002
 20
3.0472
 30
0.0
 10
0.78949
 20
3.04158
 30
0.0
 10
0.77599
 20
3.04052
 30
0.0
 10
0.77599
 20
3.04052
 30
0.0
 10
0.46438
 20
3.01598
 30
0.0
 10
0.46438
 20
3.01598
 30
0.0
 10
0.49563
 20
2.98938
 30
0.0
 10
0.52688
 20
2.96277
 30
0.0
 10
0.55813
 20
2.93617
 30
0.0
 10
0.56243
 20
2.93842
 30
0.0
 10
0.56727
 20
2.94015
 30
0.0
 10
0.57262
 20
2.94115
 30
0.0
 10
0.57262
 20
2.94115
 30
0.0
 10
0.86519
 20
2.99593
 30
0.0
 10
0.86519
 20
2.99593
 30
0.0
 10
0.86491
 20
3.00674
 30
0.0
 10
0.86463
 20
3.01756
 30
0.0
 10
0.86435
 20
3.02837
 30
0.0
  0
SPLINE
  5
140
330
1F
100
AcDbEntity
  8
Plan 1
 62
   250
370
    20
100
AcDbSpline
210
0.0
220
0.0
230
1.0
 70
    11
 71
     3
 72
    20
 73
    16
 74
     0
 42
0.0000000001
 43
0.0000000001
 40
0.0
 40
0.0
 40
0.0
 40
0.0
 40
0.2
 40
0.2
 40
0.2
 40
0.4
 40
0.4
 40
0.4
 40
0.6000000000000001
 40
0.6000000000000001
 40
0.6000000000000001
 40
0.8
 40
0.8
 40
0.8
 40
1.0
 40
1.0
 40
1.0
 40
1.0
 10
0.06789
 20
2.83743
 30
0.0
 10
0.02925
 20
2.78203
 30
0.0
 10
-0.0094
 20
2.72663
 30
0.0
 10
-0.04804
 20
2.67123
 30
0.0
 10
-0.04804
 20
2.67123
 30
0.0
 10
0.37706
 20
2.31976
 30
0.0
 10
0.37706
 20
2.31976
 30
0.0
 10
0.37836
 20
2.31868
 30
0.0
 10
0.37958
 20
2.31755
 30
0.0
 10
0.38071
 20
2.31639
 30
0.0
 10
0.44685
 20
2.34612
 30
0.0
 10
0.51256
 20
2.37633
 30
0.0
 10
0.57786
 20
2.40698
 30
0.0
 10
0.57786
 20
2.40698
 30
0.0
 10
0.06789
 20
2.83743
 30
0.0
 10
0.06789
 20
2.83743
 30
0.0
  0
SPLINE
  5
141
330
1F
100
AcDbEntity
  8
Plan 1
 62
   250
370
    20
100
AcDbSpline
210
0.0
220
0.0
230
1.0
 70
    11
 71
     3
 72
    26
 73
    22
 74
     0
 42
0.0000000001
 43
0.0000000001
 40
0.0
 40
0.0
 40
0.0
 40
0.0
 40
0.1428571428571428
 40
0.1428571428571428
 40
0.1428571428571428
 40
0.2857142857142857
 40
0.2857142857142857
 40
0.2857142857142857
 40
0.4285714285714285
 40
0.4285714285714285
 40
0.4285714285714285
 40
0.5714285714285714
 40
0.5714285714285714
 40
0.5714285714285714
 40
0.7142857142857142
 40
0.7142857142857142
 40
0.7142857142857142
 40
0.8571428571428571
 40
0.8571428571428571
 40
0.8571428571428571
 40
1.0
 40
1.0
 40
1.0
 40
1.0
 10
0.10347
 20
2.19559
 30
0.0
 10
0.16454
 20
2.22134
 30
0.0
 10
0.22526
 20
2.24751
 30
0.0
 10
0.28562
 20
2.27408
 30
0.0
 10
0.28562
 20
2.27408
 30
0.0
 10
-0.10169
 20
2.59431
 30
0.0
 10
-0.10169
 20
2.59431
 30
0.0
 10
-0.13544
 20
2.54593
 30
0.0
 10
-0.16919
 20
2.49754
 30
0.0
 10
-0.20299
 20
2.44908
 30
0.0
 10
-0.20444
 20
2.44701
 30
0.0
 10
-0.20603
 20
2.44499
 30
0.0
 10
-0.20776
 20
2.44304
 30
0.0
 10
-0.2185
 20
2.43089
 30
0.0
 10
-0.22924
 20
2.41873
 30
0.0
 10
-0.23998
 20
2.40658
 30
0.0
 10
-0.23998
 20
2.40658
 30
0.0
 10
0.09336
 20
2.20385
 30
0.0
 10
0.09336
 20
2.20385
 30
0.0
 10
0.09729
 20
2.20146
 30
0.0
 10
0.10066
 20
2.19866
 30
0.0
 10
0.10347
 20
2.19559
 30
0.0
  0
SPLINE
  5
142
330
1F
100
AcDbEntity
  8
Plan 1
 62
   250
370
    20
100
AcDbSpline
210
0.0
220
0.0
230
1.0
 70
    11
 71
     3
 72
    23
 73
    19
 74
     0
 42
0.0000000001
 43
0.0000000001
 40
0.0
 40
0.0
 40
0.0
 40
0.0
 40
0.1666666666666667
 40
0.1666666666666667
 40
0.1666666666666667
 40
0.3333333333333333
 40
0.3333333333333333
 40
0.3333333333333333
 40
0.5
 40
0.5
 40
0.5
 40
0.6666666666666666
 40
0.6666666666666666
 40
0.6666666666666666
 40
0.8333333333333333
 40
0.8333333333333333
 40
0.8333333333333333
 40
1.0
 40
1.0
 40
1.0
 40
1.0
 10
-0.52205
 20
0.88203
 30
0.0
 10
-0.46748
 20
0.73388
 30
0.0
 10
-0.41283
 20
0.58574
 30
0.0
 10
-0.35811
 20
0.43762
 30
0.0
 10
-0.35811
 20
0.43762
 30
0.0
 10
0.5134
 20
2.22467
 30
0.0
 10
0.5134
 20
2.22467
 30
0.0
 10
0.3951
 20
2.17065
 30
0.0
 10
0.27548
 20
2.11809
 30
0.0
 10
0.15449
 20
2.06717
 30
0.0
 10
0.15604
 20
2.05771
 30
0.0
 10
0.15438
 20
2.04783
 30
0.0
 10
0.14935
 20
2.0391
 30
0.0
 10
0.14935
 20
2.0391
 30
0.0
 10
-0.50882
 20
0.8964
 30
0.0
 10
-0.50882
 20
0.8964
 30
0.0
 10
-0.51189
 20
0.89107
 30
0.0
 10
-0.5163
 20
0.88607
 30
0.0
 10
-0.52205
 20
0.88203
 30
0.0
  0
SPLINE
  5
143
330
1F
100
AcDbEntity
  8
Plan 1
 62
   250
370
    20
100
AcDbSpline
210
0.0
220
0.0
230
1.0
 70
    11
 71
     3
 72
    14
 73
    10
 74
     0
 42
0.0000000001
 43
0.0000000001
 40
0.0
 40
0.0
 40
0.0
 40
0.0
 40
0.3333333333333333
 40
0.3333333333333333
 40
0.3333333333333333
 40
0.6666666666666666
 40
0.6666666666666666
 40
0.6666666666666666
 40
1.0
 40
1.0
 40
1.0
 40
1.0
 10
-5.02134
 20
-0.67234
 30
0.0
 10
-5.02134
 20
-0.67234
 30
0.0
 10
-3.9208
 20
-1.56746
 30
0.0
 10
-3.9208
 20
-1.56746
 30
0.0
 10
-3.9208
 20
-1.56746
 30
0.0
 10
-0.70382
 20
-0.1837
 30
0.0
 10
-0.70382
 20
-0.1837
 30
0.0
 10
-0.70382
 20
-0.1837
 30
0.0
 10
-5.02134
 20
-0.67234
 30
0.0
 10
-5.02134
 20
-0.67234
 30
0.0
  0
SPLINE
  5
144
330
1F
100
AcDbEntity
  8
Plan 1
 62
   250
370
    20
100
AcDbSpline
210
0.0
220
0.0
230
1.0
 70
    11
 71
     3
 72
    17
 73
    13
 74
     0
 42
0.0000000001
 43
0.0000000001
 40
0.0
 40
0.0
 40
0.0
 40
0.0
 40
0.25
 40
0.25
 40
0.25
 40
0.5
 40
0.5
 40
0.5
 40
0.75
 40
0.75
 40
0.75
 40
1.0
 40
1.0
 40
1.0
 40
1.0
 10
-4.86355
 20
-2.83271
 30
0.0
 10
-4.86355
 20
-2.83271
 30
0.0
 10
-5.05755
 20
-3.06219
 30
0.0
 10
-5.05755
 20
-3.06219
 30
0.0
 10
-5.05755
 20
-3.06219
 30
0.0
 10
-4.69096
 20
-4.74279
 30
0.0
 10
-4.69096
 20
-4.74279
 30
0.0
 10
-4.69096
 20
-4.74279
 30
0.0
 10
-3.62834
 20
-4.56045
 30
0.0
 10
-3.62834
 20
-4.56045
 30
0.0
 10
-3.62834
 20
-4.56045
 30
0.0
 10
-4.86355
 20
-2.83271
 30
0.0
 10
-4.86355
 20
-2.83271
 30
0.0
  0
SPLINE
  5
145
330
1F
100
AcDbEntity
  8
Plan 1
 62
   250
370
    20
100
AcDbSpline
210
0.0
220
0.0
230
1.0
 70
    11
 71
     3
 72
    14
 73
    10
 74
     0
 42
0.0000000001
 43
0.0000000001
 40
0.0
 40
0.0
 40
0.0
 40
0.0
 40
0.3333333333333333
 40
0.3333333333333333
 40
0.3333333333333333
 40
0.6666666666666666
 40
0.6666666666666666
 40
0.6666666666666666
 40
1.0
 40
1.0
 40
1.0
 40
1.0
 10
-4.67646
 20
-4.8794
 30
0.0
 10
-4.67646
 20
-4.8794
 30
0.0
 10
-4.69986
 20
-5.96737
 30
0.0
 10
-4.69986
 20
-5.96737
 30
0.0
 10
-4.69986
 20
-5.96737
 30
0.0
 10
-3.67781
 20
-4.70804
 30
0.0
 10
-3.67781
 20
-4.70804
 30
0.0
 10
-3.67781
 20
-4.70804
 30
0.0
 10
-4.67646
 20
-4.8794
 30
0.0
 10
-4.67646
 20
-4.8794
 30
0.0
  0
SPLINE
  5
146
330
1F
100
AcDbEntity
  8
Plan 1
 62
   250
370
    20
100
AcDbSpline
210
0.0
220
0.0
230
1.0
 70
    11
 71
     3
 72
    23
 73
    19
 74
     0
 42
0.0000000001
 43
0.0000000001
 40
0.0
 40
0.0
 40
0.0
 40
0.0
 40
0.1666666666666667
 40
0.1666666666666667
 40
0.1666666666666667
 40
0.3333333333333333
 40
0.3333333333333333
 40
0.3333333333333333
 40
0.5
 40
0.5
 40
0.5
 40
0.6666666666666666
 40
0.6666666666666666
 40
0.6666666666666666
 40
0.8333333333333333
 40
0.8333333333333333
 40
0.8333333333333333
 40
1.0
 40
1.0
 40
1.0
 40
1.0
 10
-4.32802
 20
-6.25827
 30
0.0
 10
-4.25549
 20
-6.28376
 30
0.0
 10
-4.18295
 20
-6.30924
 30
0.0
 10
-4.1104
 20
-6.33471
 30
0.0
 10
-4.1104
 20
-6.33471
 30
0.0
 10
-4.10841
 20
-5.46317
 30
0.0
 10
-4.10841
 20
-5.46317
 30
0.0
 10
-4.10841
 20
-5.46317
 30
0.0
 10
-4.34922
 20
-5.75989
 30
0.0
 10
-4.34922
 20
-5.75989
 30
0.0
 10
-4.34338
 20
-5.76748
 30
0.0
 10
-4.34052
 20
-5.77629
 30
0.0
 10
-4.3403
 20
-5.78483
 30
0.0
 10
-4.3403
 20
-5.78483
 30
0.0
 10
-4.32783
 20
-6.25295
 30
0.0
 10
-4.32783
 20
-6.25295
 30
0.0
 10
-4.32778
 20
-6.25472
 30
0.0
 10
-4.32785
 20
-6.2565
 30
0.0
 10
-4.32802
 20
-6.25827
 30
0.0
  0
SPLINE
  5
147
330
1F
100
AcDbEntity
  8
Plan 1
 62
   250
370
    20
100
AcDbSpline
210
0.0
220
0.0
230
1.0
 70
    11
 71
     3
 72
    14
 73
    10
 74
     0
 42
0.0000000001
 43
0.0000000001
 40
0.0
 40
0.0
 40
0.0
 40
0.0
 40
0.3333333333333333
 40
0.3333333333333333
 40
0.3333333333333333
 40
0.6666666666666666
 40
0.6666666666666666
 40
0.6666666666666666
 40
1.0
 40
1.0
 40
1.0
 40
1.0
 10
-4.43602
 20
-5.86684
 30
0.0
 10
-4.43602
 20
-5.86684
 30
0.0
 10
-4.65927
 20
-6.14192
 30
0.0
 10
-4.65927
 20
-6.14192
 30
0.0
 10
-4.58168
 20
-6.16916
 30
0.0
 10
-4.5041
 20
-6.19642
 30
0.0
 10
-4.42652
 20
-6.22368
 30
0.0
 10
-4.42652
 20
-6.22368
 30
0.0
 10
-4.43602
 20
-5.86684
 30
0.0
 10
-4.43602
 20
-5.86684
 30
0.0
  0
SPLINE
  5
148
330
1F
100
AcDbEntity
  8
Plan 1
 62
   250
370
    20
100
AcDbSpline
210
0.0
220
0.0
230
1.0
 70
    11
 71
     3
 72
    20
 73
    16
 74
     0
 42
0.0000000001
 43
0.0000000001
 40
0.0
 40
0.0
 40
0.0
 40
0.0
 40
0.2
 40
0.2
 40
0.2
 40
0.4
 40
0.4
 40
0.4
 40
0.6000000000000001
 40
0.6000000000000001
 40
0.6000000000000001
 40
0.8
 40
0.8
 40
0.8
 40
1.0
 40
1.0
 40
1.0
 40
1.0
 10
-4.75026
 20
-6.25601
 30
0.0
 10
-4.75026
 20
-6.25601
 30
0.0
 10
-5.38058
 20
-7.07246
 30
0.0
 10
-5.38058
 20
-7.07246
 30
0.0
 10
-5.24466
 20
-7.02563
 30
0.0
 10
-5.10875
 20
-6.9788
 30
0.0
 10
-4.97283
 20
-6.93198
 30
0.0
 10
-4.97379
 20
-6.92178
 30
0.0
 10
-4.97106
 20
-6.91122
 30
0.0
 10
-4.96436
 20
-6.90232
 30
0.0
 10
-4.96436
 20
-6.90232
 30
0.0
 10
-4.53484
 20
-6.33169
 30
0.0
 10
-4.53484
 20
-6.33169
 30
0.0
 10
-4.60665
 20
-6.30646
 30
0.0
 10
-4.67845
 20
-6.28124
 30
0.0
 10
-4.75026
 20
-6.25601
 30
0.0
  0
SPLINE
  5
149
330
1F
100
AcDbEntity
  8
Plan 1
 62
   250
370
    20
100
AcDbSpline
210
0.0
220
0.0
230
1.0
 70
    11
 71
     3
 72
    14
 73
    10
 74
     0
 42
0.0000000001
 43
0.0000000001
 40
0.0
 40
0.0
 40
0.0
 40
0.0
 40
0.3333333333333333
 40
0.3333333333333333
 40
0.3333333333333333
 40
0.6666666666666666
 40
0.6666666666666666
 40
0.6666666666666666
 40
1.0
 40
1.0
 40
1.0
 40
1.0
 10
-3.98188
 20
-1.81242
 30
0.0
 10
-3.98188
 20
-1.81242
 30
0.0
 10
-4.76867
 20
-2.72142
 30
0.0
 10
-4.76867
 20
-2.72142
 30
0.0
 10
-4.76867
 20
-2.72142
 30
0.0
 10
-3.61936
 20
-4.329
 30
0.0
 10
-3.61936
 20
-4.329
 30
0.0
 10
-3.61936
 20
-4.329
 30
0.0
 10
-3.98188
 20
-1.81242
 30
0.0
 10
-3.98188
 20
-1.81242
 30
0.0
  0
SPLINE
  5
14A
330
1F
100
AcDbEntity
  8
Plan 1
 62
   250
370
    20
100
AcDbSpline
210
0.0
220
0.0
230
1.0
 70
    11
 71
     3
 72
    29
 73
    25
 74
     0
 42
0.0000000001
 43
0.0000000001
 40
0.0
 40
0.0
 40
0.0
 40
0.0
 40
0.125
 40
0.125
 40
0.125
 40
0.25
 40
0.25
 40
0.25
 40
0.375
 40
0.375
 40
0.375
 40
0.5
 40
0.5
 40
0.5
 40
0.625
 40
0.625
 40
0.625
 40
0.75
 40
0.75
 40
0.75
 40
0.875
 40
0.875
 40
0.875
 40
1.0
 40
1.0
 40
1.0
 40
1.0
 10
-4.90006
 20
-7.05263
 30
0.0
 10
-5.04278
 20
-7.1018
 30
0.0
 10
-5.1855
 20
-7.15097
 30
0.0
 10
-5.32822
 20
-7.20014
 30
0.0
 10
-5.32822
 20
-7.20014
 30
0.0
 10
-5.17888
 20
-7.50079
 30
0.0
 10
-5.17888
 20
-7.50079
 30
0.0
 10
-5.17866
 20
-7.50121
 30
0.0
 10
-5.17845
 20
-7.50164
 30
0.0
 10
-5.17829
 20
-7.50196
 30
0.0
 10
-5.17829
 20
-7.50196
 30
0.0
 10
-5.0743
 20
-7.71133
 30
0.0
 10
-5.0743
 20
-7.71133
 30
0.0
 10
-4.9606
 20
-7.64606
 30
0.0
 10
-4.8469
 20
-7.5808
 30
0.0
 10
-4.73323
 20
-7.5155
 30
0.0
 10
-4.72944
 20
-7.51171
 30
0.0
 10
-4.72565
 20
-7.50791
 30
0.0
 10
-4.72186
 20
-7.50411
 30
0.0
 10
-4.72328
 20
-7.50184
 30
0.0
 10
-4.72444
 20
-7.49949
 30
0.0
 10
-4.72538
 20
-7.49711
 30
0.0
 10
-4.72538
 20
-7.49711
 30
0.0
 10
-4.90006
 20
-7.05263
 30
0.0
 10
-4.90006
 20
-7.05263
 30
0.0
  0
SPLINE
  5
14B
330
1F
100
AcDbEntity
  8
Plan 1
 62
   250
370
    20
100
AcDbSpline
210
0.0
220
0.0
230
1.0
 70
    11
 71
     3
 72
    14
 73
    10
 74
     0
 42
0.0000000001
 43
0.0000000001
 40
0.0
 40
0.0
 40
0.0
 40
0.0
 40
0.3333333333333333
 40
0.3333333333333333
 40
0.3333333333333333
 40
0.6666666666666666
 40
0.6666666666666666
 40
0.6666666666666666
 40
1.0
 40
1.0
 40
1.0
 40
1.0
 10
-3.2908
 20
-4.55395
 30
0.0
 10
-3.2908
 20
-4.55395
 30
0.0
 10
-3.03298
 20
-4.57003
 30
0.0
 10
-3.03298
 20
-4.57003
 30
0.0
 10
-3.03298
 20
-4.57003
 30
0.0
 10
-3.02174
 20
-4.38198
 30
0.0
 10
-3.02174
 20
-4.38198
 30
0.0
 10
-3.11143
 20
-4.4393
 30
0.0
 10
-3.20112
 20
-4.49663
 30
0.0
 10
-3.2908
 20
-4.55395
 30
0.0
  0
SPLINE
  5
14C
330
1F
100
AcDbEntity
  8
Plan 1
 62
   250
370
    20
100
AcDbSpline
210
0.0
220
0.0
230
1.0
 70
    11
 71
     3
 72
    14
 73
    10
 74
     0
 42
0.0000000001
 43
0.0000000001
 40
0.0
 40
0.0
 40
0.0
 40
0.0
 40
0.3333333333333333
 40
0.3333333333333333
 40
0.3333333333333333
 40
0.6666666666666666
 40
0.6666666666666666
 40
0.6666666666666666
 40
1.0
 40
1.0
 40
1.0
 40
1.0
 10
-3.24366
 20
-4.69403
 30
0.0
 10
-3.16321
 20
-4.74534
 30
0.0
 10
-3.08276
 20
-4.79666
 30
0.0
 10
-3.0023
 20
-4.84797
 30
0.0
 10
-3.0023
 20
-4.84797
 30
0.0
 10
-2.86927
 20
-4.71739
 30
0.0
 10
-2.86927
 20
-4.71739
 30
0.0
 10
-2.86927
 20
-4.71739
 30
0.0
 10
-3.24366
 20
-4.69403
 30
0.0
 10
-3.24366
 20
-4.69403
 30
0.0
  0
SPLINE
  5
14D
330
1F
100
AcDbEntity
  8
Plan 1
 62
   250
370
    20
100
AcDbSpline
210
0.0
220
0.0
230
1.0
 70
    11
 71
     3
 72
    14
 73
    10
 74
     0
 42
0.0000000001
 43
0.0000000001
 40
0.0
 40
0.0
 40
0.0
 40
0.0
 40
0.3333333333333333
 40
0.3333333333333333
 40
0.3333333333333333
 40
0.6666666666666666
 40
0.6666666666666666
 40
0.6666666666666666
 40
1.0
 40
1.0
 40
1.0
 40
1.0
 10
-3.44491
 20
-4.73085
 30
0.0
 10
-3.4513
 20
-4.80281
 30
0.0
 10
-3.45768
 20
-4.87478
 30
0.0
 10
-3.46406
 20
-4.94674
 30
0.0
 10
-3.46406
 20
-4.94674
 30
0.0
 10
-3.09808
 20
-4.95206
 30
0.0
 10
-3.09808
 20
-4.95206
 30
0.0
 10
-3.21369
 20
-4.87832
 30
0.0
 10
-3.3293
 20
-4.80458
 30
0.0
 10
-3.44491
 20
-4.73085
 30
0.0
  0
SPLINE
  5
14E
330
1F
100
AcDbEntity
  8
Plan 1
 62
   250
370
    20
100
AcDbSpline
210
0.0
220
0.0
230
1.0
 70
    11
 71
     3
 72
    23
 73
    19
 74
     0
 42
0.0000000001
 43
0.0000000001
 40
0.0
 40
0.0
 40
0.0
 40
0.0
 40
0.1666666666666667
 40
0.1666666666666667
 40
0.1666666666666667
 40
0.3333333333333333
 40
0.3333333333333333
 40
0.3333333333333333
 40
0.5
 40
0.5
 40
0.5
 40
0.6666666666666666
 40
0.6666666666666666
 40
0.6666666666666666
 40
0.8333333333333333
 40
0.8333333333333333
 40
0.8333333333333333
 40
1.0
 40
1.0
 40
1.0
 40
1.0
 10
-3.76477
 20
-6.45612
 30
0.0
 10
-3.75754
 20
-6.45866
 30
0.0
 10
-3.7503
 20
-6.4612
 30
0.0
 10
-3.74306
 20
-6.46375
 30
0.0
 10
-3.69492
 20
-5.92085
 30
0.0
 10
-3.64678
 20
-5.37795
 30
0.0
 10
-3.59864
 20
-4.83505
 30
0.0
 10
-3.59864
 20
-4.83505
 30
0.0
 10
-3.76534
 20
-5.04045
 30
0.0
 10
-3.76534
 20
-5.04045
 30
0.0
 10
-3.75919
 20
-5.04843
 30
0.0
 10
-3.75634
 20
-5.05779
 30
0.0
 10
-3.75639
 20
-5.06677
 30
0.0
 10
-3.75639
 20
-5.06677
 30
0.0
 10
-3.76456
 20
-6.45217
 30
0.0
 10
-3.76456
 20
-6.45217
 30
0.0
 10
-3.76457
 20
-6.45349
 30
0.0
 10
-3.76464
 20
-6.45481
 30
0.0
 10
-3.76477
 20
-6.45612
 30
0.0
  0
SPLINE
  5
14F
330
1F
100
AcDbEntity
  8
Plan 1
 62
   250
370
    20
100
AcDbSpline
210
0.0
220
0.0
230
1.0
 70
    11
 71
     3
 72
    23
 73
    19
 74
     0
 42
0.0000000001
 43
0.0000000001
 40
0.0
 40
0.0
 40
0.0
 40
0.0
 40
0.1666666666666667
 40
0.1666666666666667
 40
0.1666666666666667
 40
0.3333333333333333
 40
0.3333333333333333
 40
0.3333333333333333
 40
0.5
 40
0.5
 40
0.5
 40
0.6666666666666666
 40
0.6666666666666666
 40
0.6666666666666666
 40
0.8333333333333333
 40
0.8333333333333333
 40
0.8333333333333333
 40
1.0
 40
1.0
 40
1.0
 40
1.0
 10
-3.85476
 20
-5.15064
 30
0.0
 10
-3.85476
 20
-5.15064
 30
0.0
 10
-4.01928
 20
-5.35334
 30
0.0
 10
-4.01928
 20
-5.35334
 30
0.0
 10
-4.01317
 20
-5.36129
 30
0.0
 10
-4.01032
 20
-5.37058
 30
0.0
 10
-4.01034
 20
-5.37951
 30
0.0
 10
-4.01034
 20
-5.37951
 30
0.0
 10
-4.0126
 20
-6.36489
 30
0.0
 10
-4.0126
 20
-6.36489
 30
0.0
 10
-4.0126
 20
-6.36626
 30
0.0
 10
-4.01267
 20
-6.36763
 30
0.0
 10
-4.01281
 20
-6.36899
 30
0.0
 10
-3.96262
 20
-6.38662
 30
0.0
 10
-3.91245
 20
-6.40425
 30
0.0
 10
-3.86226
 20
-6.42188
 30
0.0
 10
-3.86226
 20
-6.42188
 30
0.0
 10
-3.85476
 20
-5.15064
 30
0.0
 10
-3.85476
 20
-5.15064
 30
0.0
  0
SPLINE
  5
150
330
1F
100
AcDbEntity
  8
Plan 1
 62
   250
370
    20
100
AcDbSpline
210
0.0
220
0.0
230
1.0
 70
    11
 71
     3
 72
    20
 73
    16
 74
     0
 42
0.0000000001
 43
0.0000000001
 40
0.0
 40
0.0
 40
0.0
 40
0.0
 40
0.2
 40
0.2
 40
0.2
 40
0.4
 40
0.4
 40
0.4
 40
0.6000000000000001
 40
0.6000000000000001
 40
0.6000000000000001
 40
0.8
 40
0.8
 40
0.8
 40
1.0
 40
1.0
 40
1.0
 40
1.0
 10
-4.24395
 20
-6.43387
 30
0.0
 10
-4.24395
 20
-6.43387
 30
0.0
 10
-4.45837
 20
-6.75475
 30
0.0
 10
-4.45837
 20
-6.75475
 30
0.0
 10
-4.37109
 20
-6.72468
 30
0.0
 10
-4.28381
 20
-6.69461
 30
0.0
 10
-4.19654
 20
-6.66453
 30
0.0
 10
-4.19714
 20
-6.65824
 30
0.0
 10
-4.19632
 20
-6.65185
 30
0.0
 10
-4.19405
 20
-6.64578
 30
0.0
 10
-4.19405
 20
-6.64578
 30
0.0
 10
-4.12994
 20
-6.47391
 30
0.0
 10
-4.12994
 20
-6.47391
 30
0.0
 10
-4.16794
 20
-6.46057
 30
0.0
 10
-4.20595
 20
-6.44722
 30
0.0
 10
-4.24395
 20
-6.43387
 30
0.0
  0
SPLINE
  5
151
330
1F
100
AcDbEntity
  8
Plan 1
 62
   250
370
    20
100
AcDbSpline
210
0.0
220
0.0
230
1.0
 70
    11
 71
     3
 72
    20
 73
    16
 74
     0
 42
0.0000000001
 43
0.0000000001
 40
0.0
 40
0.0
 40
0.0
 40
0.0
 40
0.2
 40
0.2
 40
0.2
 40
0.4
 40
0.4
 40
0.4
 40
0.6000000000000001
 40
0.6000000000000001
 40
0.6000000000000001
 40
0.8
 40
0.8
 40
0.8
 40
1.0
 40
1.0
 40
1.0
 40
1.0
 10
-4.42454
 20
-7.2062
 30
0.0
 10
-4.42633
 20
-7.20332
 30
0.0
 10
-4.42773
 20
-7.2003
 30
0.0
 10
-4.42877
 20
-7.19724
 30
0.0
 10
-4.42877
 20
-7.19724
 30
0.0
 10
-4.5216
 20
-6.92225
 30
0.0
 10
-4.5216
 20
-6.92225
 30
0.0
 10
-4.55758
 20
-6.93464
 30
0.0
 10
-4.59355
 20
-6.94704
 30
0.0
 10
-4.62953
 20
-6.95943
 30
0.0
 10
-4.62953
 20
-6.95943
 30
0.0
 10
-4.5185
 20
-7.30036
 30
0.0
 10
-4.5185
 20
-7.30036
 30
0.0
 10
-4.48718
 20
-7.26897
 30
0.0
 10
-4.45586
 20
-7.23759
 30
0.0
 10
-4.42454
 20
-7.2062
 30
0.0
  0
SPLINE
  5
152
330
1F
100
AcDbEntity
  8
Plan 1
 62
   250
370
    20
100
AcDbSpline
210
0.0
220
0.0
230
1.0
 70
    11
 71
     3
 72
    20
 73
    16
 74
     0
 42
0.0000000001
 43
0.0000000001
 40
0.0
 40
0.0
 40
0.0
 40
0.0
 40
0.2
 40
0.2
 40
0.2
 40
0.4
 40
0.4
 40
0.4
 40
0.6000000000000001
 40
0.6000000000000001
 40
0.6000000000000001
 40
0.8
 40
0.8
 40
0.8
 40
1.0
 40
1.0
 40
1.0
 40
1.0
 10
-2.80508
 20
-4.24351
 30
0.0
 10
-2.84449
 20
-4.2687
 30
0.0
 10
-2.8839
 20
-4.29389
 30
0.0
 10
-2.92331
 20
-4.31908
 30
0.0
 10
-2.92138
 20
-4.32451
 30
0.0
 10
-2.92061
 20
-4.33016
 30
0.0
 10
-2.92095
 20
-4.33573
 30
0.0
 10
-2.92095
 20
-4.33573
 30
0.0
 10
-2.93532
 20
-4.57612
 30
0.0
 10
-2.93532
 20
-4.57612
 30
0.0
 10
-2.93532
 20
-4.57612
 30
0.0
 10
-2.80494
 20
-4.58426
 30
0.0
 10
-2.80494
 20
-4.58426
 30
0.0
 10
-2.80494
 20
-4.58426
 30
0.0
 10
-2.80508
 20
-4.24351
 30
0.0
 10
-2.80508
 20
-4.24351
 30
0.0
  0
SPLINE
  5
153
330
1F
100
AcDbEntity
  8
Plan 1
 62
   250
370
    20
100
AcDbSpline
210
0.0
220
0.0
230
1.0
 70
    11
 71
     3
 72
    14
 73
    10
 74
     0
 42
0.0000000001
 43
0.0000000001
 40
0.0
 40
0.0
 40
0.0
 40
0.0
 40
0.3333333333333333
 40
0.3333333333333333
 40
0.3333333333333333
 40
0.6666666666666666
 40
0.6666666666666666
 40
0.6666666666666666
 40
1.0
 40
1.0
 40
1.0
 40
1.0
 10
-4.03837
 20
-6.50608
 30
0.0
 10
-4.03837
 20
-6.50608
 30
0.0
 10
-4.08286
 20
-6.62537
 30
0.0
 10
-4.08286
 20
-6.62537
 30
0.0
 10
-4.01823
 20
-6.60311
 30
0.0
 10
-3.95359
 20
-6.58083
 30
0.0
 10
-3.88896
 20
-6.55856
 30
0.0
 10
-3.93876
 20
-6.54107
 30
0.0
 10
-3.98857
 20
-6.52358
 30
0.0
 10
-4.03837
 20
-6.50608
 30
0.0
  0
SPLINE
  5
154
330
1F
100
AcDbEntity
  8
Plan 1
 62
   250
370
    20
100
AcDbSpline
210
0.0
220
0.0
230
1.0
 70
    11
 71
     3
 72
    20
 73
    16
 74
     0
 42
0.0000000001
 43
0.0000000001
 40
0.0
 40
0.0
 40
0.0
 40
0.0
 40
0.2
 40
0.2
 40
0.2
 40
0.4
 40
0.4
 40
0.4
 40
0.6000000000000001
 40
0.6000000000000001
 40
0.6000000000000001
 40
0.8
 40
0.8
 40
0.8
 40
1.0
 40
1.0
 40
1.0
 40
1.0
 10
-4.15151
 20
-6.79474
 30
0.0
 10
-4.1829
 20
-6.80556
 30
0.0
 10
-4.21428
 20
-6.81637
 30
0.0
 10
-4.24567
 20
-6.82719
 30
0.0
 10
-4.24567
 20
-6.82719
 30
0.0
 10
-4.20145
 20
-6.98269
 30
0.0
 10
-4.20145
 20
-6.98269
 30
0.0
 10
-4.17465
 20
-6.95584
 30
0.0
 10
-4.14785
 20
-6.92898
 30
0.0
 10
-4.12105
 20
-6.90213
 30
0.0
 10
-4.12337
 20
-6.8984
 30
0.0
 10
-4.12504
 20
-6.89447
 30
0.0
 10
-4.1261
 20
-6.89048
 30
0.0
 10
-4.1261
 20
-6.89048
 30
0.0
 10
-4.15151
 20
-6.79474
 30
0.0
 10
-4.15151
 20
-6.79474
 30
0.0
  0
SPLINE
  5
155
330
1F
100
AcDbEntity
  8
Plan 1
 62
   250
370
    20
100
AcDbSpline
210
0.0
220
0.0
230
1.0
 70
    11
 71
     3
 72
    20
 73
    16
 74
     0
 42
0.0000000001
 43
0.0000000001
 40
0.0
 40
0.0
 40
0.0
 40
0.0
 40
0.2
 40
0.2
 40
0.2
 40
0.4
 40
0.4
 40
0.4
 40
0.6000000000000001
 40
0.6000000000000001
 40
0.6000000000000001
 40
0.8
 40
0.8
 40
0.8
 40
1.0
 40
1.0
 40
1.0
 40
1.0
 10
-4.27889
 20
-7.06027
 30
0.0
 10
-4.28107
 20
-7.05677
 30
0.0
 10
-4.28267
 20
-7.05308
 30
0.0
 10
-4.28373
 20
-7.04934
 30
0.0
 10
-4.28373
 20
-7.04934
 30
0.0
 10
-4.33787
 20
-6.85895
 30
0.0
 10
-4.33787
 20
-6.85895
 30
0.0
 10
-4.36849
 20
-6.8695
 30
0.0
 10
-4.39911
 20
-6.88004
 30
0.0
 10
-4.42973
 20
-6.89059
 30
0.0
 10
-4.42973
 20
-6.89059
 30
0.0
 10
-4.3488
 20
-7.13032
 30
0.0
 10
-4.3488
 20
-7.13032
 30
0.0
 10
-4.32549
 20
-7.10697
 30
0.0
 10
-4.30219
 20
-7.08362
 30
0.0
 10
-4.27889
 20
-7.06027
 30
0.0
  0
SPLINE
  5
156
330
1F
100
AcDbEntity
  8
Plan 1
 62
   250
370
    20
100
AcDbSpline
210
0.0
220
0.0
230
1.0
 70
    11
 71
     3
 72
    14
 73
    10
 74
     0
 42
0.0000000001
 43
0.0000000001
 40
0.0
 40
0.0
 40
0.0
 40
0.0
 40
0.3333333333333333
 40
0.3333333333333333
 40
0.3333333333333333
 40
0.6666666666666666
 40
0.6666666666666666
 40
0.6666666666666666
 40
1.0
 40
1.0
 40
1.0
 40
1.0
 10
-4.05915
 20
-6.76292
 30
0.0
 10
-4.05915
 20
-6.76292
 30
0.0
 10
-4.04297
 20
-6.82389
 30
0.0
 10
-4.04297
 20
-6.82389
 30
0.0
 10
-4.00922
 20
-6.79008
 30
0.0
 10
-3.97548
 20
-6.75628
 30
0.0
 10
-3.94174
 20
-6.72247
 30
0.0
 10
-3.98087
 20
-6.73595
 30
0.0
 10
-4.02001
 20
-6.74944
 30
0.0
 10
-4.05915
 20
-6.76292
 30
0.0
  0
SPLINE
  5
157
330
1F
100
AcDbEntity
  8
Plan 1
 62
   250
370
    20
100
AcDbSpline
210
0.0
220
0.0
230
1.0
 70
    11
 71
     3
 72
    23
 73
    19
 74
     0
 42
0.0000000001
 43
0.0000000001
 40
0.0
 40
0.0
 40
0.0
 40
0.0
 40
0.1666666666666667
 40
0.1666666666666667
 40
0.1666666666666667
 40
0.3333333333333333
 40
0.3333333333333333
 40
0.3333333333333333
 40
0.5
 40
0.5
 40
0.5
 40
0.6666666666666666
 40
0.6666666666666666
 40
0.6666666666666666
 40
0.8333333333333333
 40
0.8333333333333333
 40
0.8333333333333333
 40
1.0
 40
1.0
 40
1.0
 40
1.0
 10
1.8651
 20
5.55302
 30
0.0
 10
1.8651
 20
5.55302
 30
0.0
 10
0.95776
 20
5.13803
 30
0.0
 10
0.95776
 20
5.13803
 30
0.0
 10
0.95624
 20
5.13733
 30
0.0
 10
0.95467
 20
5.1367
 30
0.0
 10
0.95305
 20
5.13615
 30
0.0
 10
0.95392
 20
5.10317
 30
0.0
 10
0.95479
 20
5.07019
 30
0.0
 10
0.95566
 20
5.03721
 30
0.0
 10
0.95566
 20
5.03721
 30
0.0
 10
1.86696
 20
5.46056
 30
0.0
 10
1.86696
 20
5.46056
 30
0.0
 10
1.86812
 20
5.4611
 30
0.0
 10
1.86932
 20
5.46161
 30
0.0
 10
1.87054
 20
5.46207
 30
0.0
 10
1.86873
 20
5.49238
 30
0.0
 10
1.86691
 20
5.5227
 30
0.0
 10
1.8651
 20
5.55302
 30
0.0
  0
SPLINE
  5
158
330
1F
100
AcDbEntity
  8
Plan 1
 62
   250
370
    20
100
AcDbSpline
210
0.0
220
0.0
230
1.0
 70
    11
 71
     3
 72
    23
 73
    19
 74
     0
 42
0.0000000001
 43
0.0000000001
 40
0.0
 40
0.0
 40
0.0
 40
0.0
 40
0.1666666666666667
 40
0.1666666666666667
 40
0.1666666666666667
 40
0.3333333333333333
 40
0.3333333333333333
 40
0.3333333333333333
 40
0.5
 40
0.5
 40
0.5
 40
0.6666666666666666
 40
0.6666666666666666
 40
0.6666666666666666
 40
0.8333333333333333
 40
0.8333333333333333
 40
0.8333333333333333
 40
1.0
 40
1.0
 40
1.0
 40
1.0
 10
0.95829
 20
4.93789
 30
0.0
 10
0.95911
 20
4.90681
 30
0.0
 10
0.95993
 20
4.87573
 30
0.0
 10
0.96075
 20
4.84466
 30
0.0
 10
0.96075
 20
4.84466
 30
0.0
 10
1.87744
 20
5.27942
 30
0.0
 10
1.87744
 20
5.27942
 30
0.0
 10
1.87872
 20
5.28003
 30
0.0
 10
1.88004
 20
5.28059
 30
0.0
 10
1.88139
 20
5.28109
 30
0.0
 10
1.87973
 20
5.30876
 30
0.0
 10
1.87807
 20
5.33643
 30
0.0
 10
1.87641
 20
5.36409
 30
0.0
 10
1.87641
 20
5.36409
 30
0.0
 10
0.96327
 20
4.93989
 30
0.0
 10
0.96327
 20
4.93989
 30
0.0
 10
0.96166
 20
4.93914
 30
0.0
 10
0.96
 20
4.93847
 30
0.0
 10
0.95829
 20
4.93789
 30
0.0
  0
SPLINE
  5
159
330
1F
100
AcDbEntity
  8
Plan 1
 62
   250
370
    20
100
AcDbSpline
210
0.0
220
0.0
230
1.0
 70
    11
 71
     3
 72
    23
 73
    19
 74
     0
 42
0.0000000001
 43
0.0000000001
 40
0.0
 40
0.0
 40
0.0
 40
0.0
 40
0.1666666666666667
 40
0.1666666666666667
 40
0.1666666666666667
 40
0.3333333333333333
 40
0.3333333333333333
 40
0.3333333333333333
 40
0.5
 40
0.5
 40
0.5
 40
0.6666666666666666
 40
0.6666666666666666
 40
0.6666666666666666
 40
0.8333333333333333
 40
0.8333333333333333
 40
0.8333333333333333
 40
1.0
 40
1.0
 40
1.0
 40
1.0
 10
0.24083
 20
4.51831
 30
0.0
 10
0.22176
 20
4.46627
 30
0.0
 10
0.20268
 20
4.41423
 30
0.0
 10
0.1836
 20
4.36219
 30
0.0
 10
0.18595
 20
4.36054
 30
0.0
 10
0.18807
 20
4.35873
 30
0.0
 10
0.18998
 20
4.35681
 30
0.0
 10
0.18998
 20
4.35681
 30
0.0
 10
0.84701
 20
3.69173
 30
0.0
 10
0.84701
 20
3.69173
 30
0.0
 10
0.84502
 20
3.76768
 30
0.0
 10
0.84302
 20
3.84364
 30
0.0
 10
0.84103
 20
3.91959
 30
0.0
 10
0.83259
 20
3.92206
 30
0.0
 10
0.82537
 20
3.9265
 30
0.0
 10
0.81993
 20
3.932
 30
0.0
 10
0.81993
 20
3.932
 30
0.0
 10
0.24083
 20
4.51831
 30
0.0
 10
0.24083
 20
4.51831
 30
0.0
  0
SPLINE
  5
15A
330
1F
100
AcDbEntity
  8
Plan 1
 62
   250
370
    20
100
AcDbSpline
210
0.0
220
0.0
230
1.0
 70
    11
 71
     3
 72
    17
 73
    13
 74
     0
 42
0.0000000001
 43
0.0000000001
 40
0.0
 40
0.0
 40
0.0
 40
0.0
 40
0.25
 40
0.25
 40
0.25
 40
0.5
 40
0.5
 40
0.5
 40
0.75
 40
0.75
 40
0.75
 40
1.0
 40
1.0
 40
1.0
 40
1.0
 10
0.45759
 20
3.36972
 30
0.0
 10
0.53307
 20
3.33469
 30
0.0
 10
0.60855
 20
3.29966
 30
0.0
 10
0.68403
 20
3.26463
 30
0.0
 10
0.64833
 20
3.30783
 30
0.0
 10
0.61262
 20
3.35103
 30
0.0
 10
0.57692
 20
3.39424
 30
0.0
 10
0.57522
 20
3.3937
 30
0.0
 10
0.57346
 20
3.39325
 30
0.0
 10
0.57164
 20
3.39288
 30
0.0
 10
0.57164
 20
3.39288
 30
0.0
 10
0.45759
 20
3.36972
 30
0.0
 10
0.45759
 20
3.36972
 30
0.0
  0
SPLINE
  5
15B
330
1F
100
AcDbEntity
  8
Plan 1
 62
   250
370
    20
100
AcDbSpline
210
0.0
220
0.0
230
1.0
 70
    11
 71
     3
 72
    20
 73
    16
 74
     0
 42
0.0000000001
 43
0.0000000001
 40
0.0
 40
0.0
 40
0.0
 40
0.0
 40
0.2
 40
0.2
 40
0.2
 40
0.4
 40
0.4
 40
0.4
 40
0.6000000000000001
 40
0.6000000000000001
 40
0.6000000000000001
 40
0.8
 40
0.8
 40
0.8
 40
1.0
 40
1.0
 40
1.0
 40
1.0
 10
0.37196
 20
3.09465
 30
0.0
 10
0.3778
 20
3.09772
 30
0.0
 10
0.3846
 20
3.0998
 30
0.0
 10
0.39218
 20
3.10039
 30
0.0
 10
0.39218
 20
3.10039
 30
0.0
 10
0.66323
 20
3.12173
 30
0.0
 10
0.66323
 20
3.12173
 30
0.0
 10
0.56326
 20
3.16813
 30
0.0
 10
0.4633
 20
3.21453
 30
0.0
 10
0.36333
 20
3.26092
 30
0.0
 10
0.34015
 20
3.22769
 30
0.0
 10
0.31696
 20
3.19445
 30
0.0
 10
0.29378
 20
3.16121
 30
0.0
 10
0.31984
 20
3.13903
 30
0.0
 10
0.3459
 20
3.11684
 30
0.0
 10
0.37196
 20
3.09465
 30
0.0
  0
SPLINE
  5
15C
330
1F
100
AcDbEntity
  8
Plan 1
 62
   250
370
    20
100
AcDbSpline
210
0.0
220
0.0
230
1.0
 70
    11
 71
     3
 72
    20
 73
    16
 74
     0
 42
0.0000000001
 43
0.0000000001
 40
0.0
 40
0.0
 40
0.0
 40
0.0
 40
0.2
 40
0.2
 40
0.2
 40
0.4
 40
0.4
 40
0.4
 40
0.6000000000000001
 40
0.6000000000000001
 40
0.6000000000000001
 40
0.8
 40
0.8
 40
0.8
 40
1.0
 40
1.0
 40
1.0
 40
1.0
 10
-0.30209
 20
2.33633
 30
0.0
 10
-0.34122
 20
2.29206
 30
0.0
 10
-0.38034
 20
2.24781
 30
0.0
 10
-0.41947
 20
2.20355
 30
0.0
 10
-0.41947
 20
2.20355
 30
0.0
 10
-0.24242
 20
2.06468
 30
0.0
 10
-0.24242
 20
2.06468
 30
0.0
 10
-0.23996
 20
2.06275
 30
0.0
 10
-0.23779
 20
2.06066
 30
0.0
 10
-0.23589
 20
2.05845
 30
0.0
 10
-0.15665
 20
2.08907
 30
0.0
 10
-0.078
 20
2.12046
 30
0.0
 10
0.00008
 20
2.15255
 30
0.0
 10
0.00008
 20
2.15255
 30
0.0
 10
-0.30209
 20
2.33633
 30
0.0
 10
-0.30209
 20
2.33633
 30
0.0
  0
SPLINE
  5
15D
330
1F
100
AcDbEntity
  8
Plan 1
 62
   250
370
    20
100
AcDbSpline
210
0.0
220
0.0
230
1.0
 70
    11
 71
     3
 72
    14
 73
    10
 74
     0
 42
0.0000000001
 43
0.0000000001
 40
0.0
 40
0.0
 40
0.0
 40
0.0
 40
0.3333333333333333
 40
0.3333333333333333
 40
0.3333333333333333
 40
0.6666666666666666
 40
0.6666666666666666
 40
0.6666666666666666
 40
1.0
 40
1.0
 40
1.0
 40
1.0
 10
-0.48133
 20
2.13356
 30
0.0
 10
-0.55241
 20
2.05316
 30
0.0
 10
-0.62348
 20
1.97277
 30
0.0
 10
-0.69456
 20
1.89237
 30
0.0
 10
-0.57395
 20
1.93307
 30
0.0
 10
-0.45464
 20
1.9757
 30
0.0
 10
-0.33662
 20
2.02006
 30
0.0
 10
-0.33662
 20
2.02006
 30
0.0
 10
-0.48133
 20
2.13356
 30
0.0
 10
-0.48133
 20
2.13356
 30
0.0
  0
SPLINE
  5
15E
330
1F
100
AcDbEntity
  8
Plan 1
 62
   250
370
    20
100
AcDbSpline
210
0.0
220
0.0
230
1.0
 70
    11
 71
     3
 72
    14
 73
    10
 74
     0
 42
0.0000000001
 43
0.0000000001
 40
0.0
 40
0.0
 40
0.0
 40
0.0
 40
0.3333333333333333
 40
0.3333333333333333
 40
0.3333333333333333
 40
0.6666666666666666
 40
0.6666666666666666
 40
0.6666666666666666
 40
1.0
 40
1.0
 40
1.0
 40
1.0
 10
-0.82425
 20
1.70493
 30
0.0
 10
-0.7863
 20
1.60132
 30
0.0
 10
-0.74832
 20
1.49772
 30
0.0
 10
-0.7103
 20
1.39413
 30
0.0
 10
-0.7103
 20
1.39413
 30
0.0
 10
-0.47161
 20
1.82385
 30
0.0
 10
-0.47161
 20
1.82385
 30
0.0
 10
-0.58794
 20
1.78244
 30
0.0
 10
-0.70549
 20
1.74273
 30
0.0
 10
-0.82425
 20
1.70493
 30
0.0
  0
SPLINE
  5
15F
330
1F
100
AcDbEntity
  8
Plan 1
 62
   250
370
    20
100
AcDbSpline
210
0.0
220
0.0
230
1.0
 70
    11
 71
     3
 72
    14
 73
    10
 74
     0
 42
0.0000000001
 43
0.0000000001
 40
0.0
 40
0.0
 40
0.0
 40
0.0
 40
0.3333333333333333
 40
0.3333333333333333
 40
0.3333333333333333
 40
0.6666666666666666
 40
0.6666666666666666
 40
0.6666666666666666
 40
1.0
 40
1.0
 40
1.0
 40
1.0
 10
-6.16772
 20
-5.0936
 30
0.0
 10
-6.16772
 20
-5.0936
 30
0.0
 10
-4.8454
 20
-6.03865
 30
0.0
 10
-4.8454
 20
-6.03865
 30
0.0
 10
-4.8454
 20
-6.03865
 30
0.0
 10
-4.82094
 20
-4.9017
 30
0.0
 10
-4.82094
 20
-4.9017
 30
0.0
 10
-4.82094
 20
-4.9017
 30
0.0
 10
-6.16772
 20
-5.0936
 30
0.0
 10
-6.16772
 20
-5.0936
 30
0.0
  0
SPLINE
  5
160
330
1F
100
AcDbEntity
  8
Plan 1
 62
   250
370
    20
100
AcDbSpline
210
0.0
220
0.0
230
1.0
 70
    11
 71
     3
 72
    23
 73
    19
 74
     0
 42
0.0000000001
 43
0.0000000001
 40
0.0
 40
0.0
 40
0.0
 40
0.0
 40
0.1666666666666667
 40
0.1666666666666667
 40
0.1666666666666667
 40
0.3333333333333333
 40
0.3333333333333333
 40
0.3333333333333333
 40
0.5
 40
0.5
 40
0.5
 40
0.6666666666666666
 40
0.6666666666666666
 40
0.6666666666666666
 40
0.8333333333333333
 40
0.8333333333333333
 40
0.8333333333333333
 40
1.0
 40
1.0
 40
1.0
 40
1.0
 10
-5.48412
 20
-5.75379
 30
0.0
 10
-5.53757
 20
-5.77118
 30
0.0
 10
-5.59118
 20
-5.78832
 30
0.0
 10
-5.64495
 20
-5.80521
 30
0.0
 10
-5.64495
 20
-5.80521
 30
0.0
 10
-5.42802
 20
-6.16495
 30
0.0
 10
-5.42802
 20
-6.16495
 30
0.0
 10
-5.42802
 20
-6.16495
 30
0.0
 10
-5.20449
 20
-6.15557
 30
0.0
 10
-5.20449
 20
-6.15557
 30
0.0
 10
-5.20449
 20
-6.15557
 30
0.0
 10
-5.31602
 20
-5.90719
 30
0.0
 10
-5.31602
 20
-5.90719
 30
0.0
 10
-5.32079
 20
-5.89656
 30
0.0
 10
-5.321
 20
-5.88445
 30
0.0
 10
-5.3165
 20
-5.87358
 30
0.0
 10
-5.3165
 20
-5.87358
 30
0.0
 10
-5.48412
 20
-5.75379
 30
0.0
 10
-5.48412
 20
-5.75379
 30
0.0
  0
SPLINE
  5
161
330
1F
100
AcDbEntity
  8
Plan 1
 62
   250
370
    20
100
AcDbSpline
210
0.0
220
0.0
230
1.0
 70
    11
 71
     3
 72
    17
 73
    13
 74
     0
 42
0.0000000001
 43
0.0000000001
 40
0.0
 40
0.0
 40
0.0
 40
0.0
 40
0.25
 40
0.25
 40
0.25
 40
0.5
 40
0.5
 40
0.5
 40
0.75
 40
0.75
 40
0.75
 40
1.0
 40
1.0
 40
1.0
 40
1.0
 10
-6.0019
 20
-5.91302
 30
0.0
 10
-6.07236
 20
-5.93345
 30
0.0
 10
-6.14306
 20
-5.95346
 30
0.0
 10
-6.21399
 20
-5.97306
 30
0.0
 10
-6.21399
 20
-5.97306
 30
0.0
 10
-6.14035
 20
-6.19484
 30
0.0
 10
-6.14035
 20
-6.19484
 30
0.0
 10
-6.14035
 20
-6.19484
 30
0.0
 10
-5.89151
 20
-6.1844
 30
0.0
 10
-5.89151
 20
-6.1844
 30
0.0
 10
-5.89151
 20
-6.1844
 30
0.0
 10
-6.0019
 20
-5.91302
 30
0.0
 10
-6.0019
 20
-5.91302
 30
0.0
  0
SPLINE
  5
162
330
1F
100
AcDbEntity
  8
Plan 1
 62
   250
370
    20
100
AcDbSpline
210
0.0
220
0.0
230
1.0
 70
    11
 71
     3
 72
    17
 73
    13
 74
     0
 42
0.0000000001
 43
0.0000000001
 40
0.0
 40
0.0
 40
0.0
 40
0.0
 40
0.25
 40
0.25
 40
0.25
 40
0.5
 40
0.5
 40
0.5
 40
0.75
 40
0.75
 40
0.75
 40
1.0
 40
1.0
 40
1.0
 40
1.0
 10
-5.73936
 20
-5.83457
 30
0.0
 10
-5.79555
 20
-5.85185
 30
0.0
 10
-5.85191
 20
-5.86887
 30
0.0
 10
-5.90843
 20
-5.88562
 30
0.0
 10
-5.90843
 20
-5.88562
 30
0.0
 10
-5.78865
 20
-6.18008
 30
0.0
 10
-5.78865
 20
-6.18008
 30
0.0
 10
-5.78865
 20
-6.18008
 30
0.0
 10
-5.53736
 20
-6.16954
 30
0.0
 10
-5.53736
 20
-6.16954
 30
0.0
 10
-5.53736
 20
-6.16954
 30
0.0
 10
-5.73936
 20
-5.83457
 30
0.0
 10
-5.73936
 20
-5.83457
 30
0.0
  0
SPLINE
  5
163
330
1F
100
AcDbEntity
  8
Plan 1
 62
   250
370
    20
100
AcDbSpline
210
0.0
220
0.0
230
1.0
 70
    11
 71
     3
 72
    14
 73
    10
 74
     0
 42
0.0000000001
 43
0.0000000001
 40
0.0
 40
0.0
 40
0.0
 40
0.0
 40
0.3333333333333333
 40
0.3333333333333333
 40
0.3333333333333333
 40
0.6666666666666666
 40
0.6666666666666666
 40
0.6666666666666666
 40
1.0
 40
1.0
 40
1.0
 40
1.0
 10
-5.77925
 20
-6.26955
 30
0.0
 10
-5.77925
 20
-6.26955
 30
0.0
 10
-5.78996
 20
-6.33981
 30
0.0
 10
-5.78996
 20
-6.33981
 30
0.0
 10
-5.78996
 20
-6.33981
 30
0.0
 10
-5.22463
 20
-6.24628
 30
0.0
 10
-5.22463
 20
-6.24628
 30
0.0
 10
-5.22463
 20
-6.24628
 30
0.0
 10
-5.77925
 20
-6.26955
 30
0.0
 10
-5.77925
 20
-6.26955
 30
0.0
  0
SPLINE
  5
164
330
1F
100
AcDbEntity
  8
Plan 1
 62
   250
370
    20
100
AcDbSpline
210
0.0
220
0.0
230
1.0
 70
    11
 71
     3
 72
    17
 73
    13
 74
     0
 42
0.0000000001
 43
0.0000000001
 40
0.0
 40
0.0
 40
0.0
 40
0.0
 40
0.25
 40
0.25
 40
0.25
 40
0.5
 40
0.5
 40
0.5
 40
0.75
 40
0.75
 40
0.75
 40
1.0
 40
1.0
 40
1.0
 40
1.0
 10
-5.80424
 20
-6.43342
 30
0.0
 10
-5.80424
 20
-6.43342
 30
0.0
 10
-5.81096
 20
-6.47751
 30
0.0
 10
-5.81096
 20
-6.47751
 30
0.0
 10
-5.81096
 20
-6.47751
 30
0.0
 10
-5.17799
 20
-6.57822
 30
0.0
 10
-5.17799
 20
-6.57822
 30
0.0
 10
-5.17799
 20
-6.57822
 30
0.0
 10
-4.95813
 20
-6.29343
 30
0.0
 10
-4.95813
 20
-6.29343
 30
0.0
 10
-4.95813
 20
-6.29343
 30
0.0
 10
-5.80424
 20
-6.43342
 30
0.0
 10
-5.80424
 20
-6.43342
 30
0.0
  0
SPLINE
  5
165
330
1F
100
AcDbEntity
  8
Plan 1
 62
   250
370
    20
100
AcDbSpline
210
0.0
220
0.0
230
1.0
 70
    11
 71
     3
 72
    23
 73
    19
 74
     0
 42
0.0000000001
 43
0.0000000001
 40
0.0
 40
0.0
 40
0.0
 40
0.0
 40
0.1666666666666667
 40
0.1666666666666667
 40
0.1666666666666667
 40
0.3333333333333333
 40
0.3333333333333333
 40
0.3333333333333333
 40
0.5
 40
0.5
 40
0.5
 40
0.6666666666666666
 40
0.6666666666666666
 40
0.6666666666666666
 40
0.8333333333333333
 40
0.8333333333333333
 40
0.8333333333333333
 40
1.0
 40
1.0
 40
1.0
 40
1.0
 10
-0.34513
 20
1.86972
 30
0.0
 10
-0.34412
 20
1.86109
 30
0.0
 10
-0.34578
 20
1.85221
 30
0.0
 10
-0.35021
 20
1.84422
 30
0.0
 10
-0.35021
 20
1.84422
 30
0.0
 10
-0.65502
 20
1.2955
 30
0.0
 10
-0.65502
 20
1.2955
 30
0.0
 10
-0.65811
 20
1.28994
 30
0.0
 10
-0.66263
 20
1.28471
 30
0.0
 10
-0.6686
 20
1.28053
 30
0.0
 10
-0.63356
 20
1.18511
 30
0.0
 10
-0.59848
 20
1.0897
 30
0.0
 10
-0.56338
 20
0.9943
 30
0.0
 10
-0.56338
 20
0.9943
 30
0.0
 10
0.02328
 20
2.01284
 30
0.0
 10
0.02328
 20
2.01284
 30
0.0
 10
-0.09813
 20
1.96337
 30
0.0
 10
-0.22093
 20
1.91559
 30
0.0
 10
-0.34513
 20
1.86972
 30
0.0
  0
SPLINE
  5
166
330
1F
100
AcDbEntity
  8
Plan 1
 62
   250
370
    20
100
AcDbSpline
210
0.0
220
0.0
230
1.0
 70
    11
 71
     3
 72
    23
 73
    19
 74
     0
 42
0.0000000001
 43
0.0000000001
 40
0.0
 40
0.0
 40
0.0
 40
0.0
 40
0.1666666666666667
 40
0.1666666666666667
 40
0.1666666666666667
 40
0.3333333333333333
 40
0.3333333333333333
 40
0.3333333333333333
 40
0.5
 40
0.5
 40
0.5
 40
0.6666666666666666
 40
0.6666666666666666
 40
0.6666666666666666
 40
0.8333333333333333
 40
0.8333333333333333
 40
0.8333333333333333
 40
1.0
 40
1.0
 40
1.0
 40
1.0
 10
-5.54672
 20
-7.27542
 30
0.0
 10
-5.54672
 20
-7.27542
 30
0.0
 10
-6.43065
 20
-7.81255
 30
0.0
 10
-6.43065
 20
-7.81255
 30
0.0
 10
-6.43065
 20
-7.81255
 30
0.0
 10
-6.14291
 20
-7.79573
 30
0.0
 10
-6.14291
 20
-7.79573
 30
0.0
 10
-6.14046
 20
-7.78428
 30
0.0
 10
-6.13319
 20
-7.77305
 30
0.0
 10
-6.1203
 20
-7.76601
 30
0.0
 10
-6.1203
 20
-7.76601
 30
0.0
 10
-5.36092
 20
-7.35122
 30
0.0
 10
-5.36092
 20
-7.35122
 30
0.0
 10
-5.36092
 20
-7.35122
 30
0.0
 10
-5.42023
 20
-7.23184
 30
0.0
 10
-5.42023
 20
-7.23184
 30
0.0
 10
-5.46239
 20
-7.24636
 30
0.0
 10
-5.50456
 20
-7.26089
 30
0.0
 10
-5.54672
 20
-7.27542
 30
0.0
  0
SPLINE
  5
167
330
1F
100
AcDbEntity
  8
Plan 1
 62
   250
370
    20
100
AcDbSpline
210
0.0
220
0.0
230
1.0
 70
    11
 71
     3
 72
    20
 73
    16
 74
     0
 42
0.0000000001
 43
0.0000000001
 40
0.0
 40
0.0
 40
0.0
 40
0.0
 40
0.2
 40
0.2
 40
0.2
 40
0.4
 40
0.4
 40
0.4
 40
0.6000000000000001
 40
0.6000000000000001
 40
0.6000000000000001
 40
0.8
 40
0.8
 40
0.8
 40
1.0
 40
1.0
 40
1.0
 40
1.0
 10
0.40184
 20
3.60609
 30
0.0
 10
0.40184
 20
3.60609
 30
0.0
 10
0.25634
 20
3.5099
 30
0.0
 10
0.25634
 20
3.5099
 30
0.0
 10
0.28531
 20
3.48541
 30
0.0
 10
0.31427
 20
3.46091
 30
0.0
 10
0.34324
 20
3.43641
 30
0.0
 10
0.34735
 20
3.43858
 30
0.0
 10
0.35197
 20
3.44027
 30
0.0
 10
0.35706
 20
3.44131
 30
0.0
 10
0.35706
 20
3.44131
 30
0.0
 10
0.51202
 20
3.47277
 30
0.0
 10
0.51202
 20
3.47277
 30
0.0
 10
0.47529
 20
3.51721
 30
0.0
 10
0.43856
 20
3.56165
 30
0.0
 10
0.40184
 20
3.60609
 30
0.0
  0
SPLINE
  5
168
330
1F
100
AcDbEntity
  8
Plan 1
 62
   250
370
    20
100
AcDbSpline
210
0.0
220
0.0
230
1.0
 70
    11
 71
     3
 72
    17
 73
    13
 74
     0
 42
0.0000000001
 43
0.0000000001
 40
0.0
 40
0.0
 40
0.0
 40
0.0
 40
0.25
 40
0.25
 40
0.25
 40
0.5
 40
0.5
 40
0.5
 40
0.75
 40
0.75
 40
0.75
 40
1.0
 40
1.0
 40
1.0
 40
1.0
 10
-1.01566
 20
1.68526
 30
0.0
 10
-1.42338
 20
1.70868
 30
0.0
 10
-1.83102
 20
1.73276
 30
0.0
 10
-2.23892
 20
1.75453
 30
0.0
 10
-2.23892
 20
1.75453
 30
0.0
 10
-2.60892
 20
1.77428
 30
0.0
 10
-2.60892
 20
1.77428
 30
0.0
 10
-2.36217
 20
1.15221
 30
0.0
 10
-2.09306
 20
0.53471
 30
0.0
 10
-1.81024
 20
-0.07958
 30
0.0
 10
-1.50698
 20
0.49957
 30
0.0
 10
-1.2371
 20
1.08769
 30
0.0
 10
-1.01566
 20
1.68526
 30
0.0
  0
SPLINE
  5
169
330
1F
100
AcDbEntity
  8
Plan 1
 62
   250
370
    20
100
AcDbSpline
210
0.0
220
0.0
230
1.0
 70
    11
 71
     3
 72
    20
 73
    16
 74
     0
 42
0.0000000001
 43
0.0000000001
 40
0.0
 40
0.0
 40
0.0
 40
0.0
 40
0.2
 40
0.2
 40
0.2
 40
0.4
 40
0.4
 40
0.4
 40
0.6000000000000001
 40
0.6000000000000001
 40
0.6000000000000001
 40
0.8
 40
0.8
 40
0.8
 40
1.0
 40
1.0
 40
1.0
 40
1.0
 10
-4.9363
 20
-4.66104
 30
0.0
 10
-4.93684
 20
-4.66114
 30
0.0
 10
-4.93738
 20
-4.66124
 30
0.0
 10
-4.93793
 20
-4.66133
 30
0.0
 10
-4.93793
 20
-4.66133
 30
0.0
 10
-6.24618
 20
-4.87531
 30
0.0
 10
-6.24618
 20
-4.87531
 30
0.0
 10
-6.24618
 20
-4.87531
 30
0.0
 10
-6.2619
 20
-4.96861
 30
0.0
 10
-6.2619
 20
-4.96861
 30
0.0
 10
-6.2619
 20
-4.96861
 30
0.0
 10
-4.86585
 20
-4.7697
 30
0.0
 10
-4.86585
 20
-4.7697
 30
0.0
 10
-4.86585
 20
-4.7697
 30
0.0
 10
-4.9363
 20
-4.66104
 30
0.0
 10
-4.9363
 20
-4.66104
 30
0.0
  0
SPLINE
  5
16A
330
1F
100
AcDbEntity
  8
Plan 1
 62
   250
370
    20
100
AcDbSpline
210
0.0
220
0.0
230
1.0
 70
    11
 71
     3
 72
    17
 73
    13
 74
     0
 42
0.0000000001
 43
0.0000000001
 40
0.0
 40
0.0
 40
0.0
 40
0.0
 40
0.25
 40
0.25
 40
0.25
 40
0.5
 40
0.5
 40
0.5
 40
0.75
 40
0.75
 40
0.75
 40
1.0
 40
1.0
 40
1.0
 40
1.0
 10
-5.87875
 20
-6.27372
 30
0.0
 10
-5.87875
 20
-6.27372
 30
0.0
 10
-5.98591
 20
-6.27822
 30
0.0
 10
-5.98591
 20
-6.27822
 30
0.0
 10
-5.98591
 20
-6.27822
 30
0.0
 10
-6.04783
 20
-6.43983
 30
0.0
 10
-6.04783
 20
-6.43983
 30
0.0
 10
-6.04783
 20
-6.43983
 30
0.0
 10
-5.90748
 20
-6.46215
 30
0.0
 10
-5.90748
 20
-6.46215
 30
0.0
 10
-5.90748
 20
-6.46215
 30
0.0
 10
-5.87875
 20
-6.27372
 30
0.0
 10
-5.87875
 20
-6.27372
 30
0.0
  0
SPLINE
  5
16B
330
1F
100
AcDbEntity
  8
Plan 1
 62
   250
370
    20
100
AcDbSpline
210
0.0
220
0.0
230
1.0
 70
    11
 71
     3
 72
    32
 73
    28
 74
     0
 42
0.0000000001
 43
0.0000000001
 40
0.0
 40
0.0
 40
0.0
 40
0.0
 40
0.1111111111111111
 40
0.1111111111111111
 40
0.1111111111111111
 40
0.2222222222222222
 40
0.2222222222222222
 40
0.2222222222222222
 40
0.3333333333333333
 40
0.3333333333333333
 40
0.3333333333333333
 40
0.4444444444444444
 40
0.4444444444444444
 40
0.4444444444444444
 40
0.5555555555555556
 40
0.5555555555555556
 40
0.5555555555555556
 40
0.6666666666666666
 40
0.6666666666666666
 40
0.6666666666666666
 40
0.7777777777777777
 40
0.7777777777777777
 40
0.7777777777777777
 40
0.8888888888888888
 40
0.8888888888888888
 40
0.8888888888888888
 40
1.0
 40
1.0
 40
1.0
 40
1.0
 10
-6.41032
 20
-6.52094
 30
0.0
 10
-6.41032
 20
-6.52094
 30
0.0
 10
-7.90457
 20
-6.85812
 30
0.0
 10
-7.90457
 20
-6.85812
 30
0.0
 10
-7.92003
 20
-6.86284
 30
0.0
 10
-7.93666
 20
-6.86232
 30
0.0
 10
-7.95184
 20
-6.85709
 30
0.0
 10
-7.95184
 20
-6.85709
 30
0.0
 10
-9.3294
 20
-6.38311
 30
0.0
 10
-9.3294
 20
-6.38311
 30
0.0
 10
-9.3294
 20
-6.38311
 30
0.0
 10
-10.03625
 20
-6.50294
 30
0.0
 10
-10.03625
 20
-6.50294
 30
0.0
 10
-10.03625
 20
-6.50294
 30
0.0
 10
-10.03625
 20
-7.09416
 30
0.0
 10
-10.03625
 20
-7.09416
 30
0.0
 10
-10.03625
 20
-7.09416
 30
0.0
 10
-6.71711
 20
-7.82385
 30
0.0
 10
-6.71711
 20
-7.82385
 30
0.0
 10
-6.71711
 20
-7.82385
 30
0.0
 10
-5.62934
 20
-7.16284
 30
0.0
 10
-5.62934
 20
-7.16284
 30
0.0
 10
-5.62934
 20
-7.16284
 30
0.0
 10
-5.27342
 20
-6.70183
 30
0.0
 10
-5.27342
 20
-6.70183
 30
0.0
 10
-5.27342
 20
-6.70183
 30
0.0
 10
-6.41032
 20
-6.52094
 30
0.0
 10
-6.41032
 20
-6.52094
 30
0.0
  0
SPLINE
  5
16C
330
1F
100
AcDbEntity
  8
Plan 1
 62
   250
370
    20
100
AcDbSpline
210
0.0
220
0.0
230
1.0
 70
    11
 71
     3
 72
    20
 73
    16
 74
     0
 42
0.0000000001
 43
0.0000000001
 40
0.0
 40
0.0
 40
0.0
 40
0.0
 40
0.2
 40
0.2
 40
0.2
 40
0.4
 40
0.4
 40
0.4
 40
0.6000000000000001
 40
0.6000000000000001
 40
0.6000000000000001
 40
0.8
 40
0.8
 40
0.8
 40
1.0
 40
1.0
 40
1.0
 40
1.0
 10
-6.95002
 20
-7.91318
 30
0.0
 10
-6.95741
 20
-7.92561
 30
0.0
 10
-6.97165
 20
-7.9361
 30
0.0
 10
-6.9919
 20
-7.93649
 30
0.0
 10
-6.9919
 20
-7.93649
 30
0.0
 10
-7.06833
 20
-7.93797
 30
0.0
 10
-7.06833
 20
-7.93797
 30
0.0
 10
-7.06833
 20
-7.93797
 30
0.0
 10
-7.03748
 20
-8.06483
 30
0.0
 10
-7.03748
 20
-8.06483
 30
0.0
 10
-7.03748
 20
-8.06483
 30
0.0
 10
-6.86424
 20
-7.93204
 30
0.0
 10
-6.86424
 20
-7.93204
 30
0.0
 10
-6.86424
 20
-7.93204
 30
0.0
 10
-6.95002
 20
-7.91318
 30
0.0
 10
-6.95002
 20
-7.91318
 30
0.0
  0
SPLINE
  5
16D
330
1F
100
AcDbEntity
  8
Plan 1
 62
   250
370
    20
100
AcDbSpline
210
0.0
220
0.0
230
1.0
 70
    11
 71
     3
 72
    23
 73
    19
 74
     0
 42
0.0000000001
 43
0.0000000001
 40
0.0
 40
0.0
 40
0.0
 40
0.0
 40
0.1666666666666667
 40
0.1666666666666667
 40
0.1666666666666667
 40
0.3333333333333333
 40
0.3333333333333333
 40
0.3333333333333333
 40
0.5
 40
0.5
 40
0.5
 40
0.6666666666666666
 40
0.6666666666666666
 40
0.6666666666666666
 40
0.8333333333333333
 40
0.8333333333333333
 40
0.8333333333333333
 40
1.0
 40
1.0
 40
1.0
 40
1.0
 10
0.94828
 20
5.31682
 30
0.0
 10
0.94899
 20
5.28962
 30
0.0
 10
0.94971
 20
5.26241
 30
0.0
 10
0.95043
 20
5.23521
 30
0.0
 10
0.95043
 20
5.23521
 30
0.0
 10
1.85592
 20
5.64936
 30
0.0
 10
1.85592
 20
5.64936
 30
0.0
 10
1.857
 20
5.64985
 30
0.0
 10
1.85811
 20
5.65031
 30
0.0
 10
1.85924
 20
5.65074
 30
0.0
 10
1.85774
 20
5.67579
 30
0.0
 10
1.85624
 20
5.70084
 30
0.0
 10
1.85474
 20
5.72589
 30
0.0
 10
1.85474
 20
5.72589
 30
0.0
 10
0.95276
 20
5.3186
 30
0.0
 10
0.95276
 20
5.3186
 30
0.0
 10
0.95131
 20
5.31794
 30
0.0
 10
0.94981
 20
5.31735
 30
0.0
 10
0.94828
 20
5.31682
 30
0.0
  0
SPLINE
  5
16E
330
1F
100
AcDbEntity
  8
Plan 1
 62
   250
370
    20
100
AcDbSpline
210
0.0
220
0.0
230
1.0
 70
    11
 71
     3
 72
    23
 73
    19
 74
     0
 42
0.0000000001
 43
0.0000000001
 40
0.0
 40
0.0
 40
0.0
 40
0.0
 40
0.1666666666666667
 40
0.1666666666666667
 40
0.1666666666666667
 40
0.3333333333333333
 40
0.3333333333333333
 40
0.3333333333333333
 40
0.5
 40
0.5
 40
0.5
 40
0.6666666666666666
 40
0.6666666666666666
 40
0.6666666666666666
 40
0.8333333333333333
 40
0.8333333333333333
 40
0.8333333333333333
 40
1.0
 40
1.0
 40
1.0
 40
1.0
 10
0.83213
 20
4.25881
 30
0.0
 10
0.82484
 20
4.26094
 30
0.0
 10
0.81844
 20
4.26453
 30
0.0
 10
0.81332
 20
4.26905
 30
0.0
 10
0.81332
 20
4.26905
 30
0.0
 10
0.31164
 20
4.71149
 30
0.0
 10
0.31164
 20
4.71149
 30
0.0
 10
0.2999
 20
4.67946
 30
0.0
 10
0.28815
 20
4.64742
 30
0.0
 10
0.27642
 20
4.61538
 30
0.0
 10
0.27876
 20
4.61374
 30
0.0
 10
0.28089
 20
4.61193
 30
0.0
 10
0.28279
 20
4.61
 30
0.0
 10
0.28279
 20
4.61
 30
0.0
 10
0.83766
 20
4.04822
 30
0.0
 10
0.83766
 20
4.04822
 30
0.0
 10
0.83582
 20
4.11841
 30
0.0
 10
0.83397
 20
4.18861
 30
0.0
 10
0.83213
 20
4.25881
 30
0.0
  0
SPLINE
  5
16F
330
1F
100
AcDbEntity
  8
Plan 1
 62
   250
370
    20
100
AcDbSpline
210
0.0
220
0.0
230
1.0
 70
    11
 71
     3
 72
    17
 73
    13
 74
     0
 42
0.0000000001
 43
0.0000000001
 40
0.0
 40
0.0
 40
0.0
 40
0.0
 40
0.25
 40
0.25
 40
0.25
 40
0.5
 40
0.5
 40
0.5
 40
0.75
 40
0.75
 40
0.75
 40
1.0
 40
1.0
 40
1.0
 40
1.0
 10
0.13101
 20
3.93382
 30
0.0
 10
0.13101
 20
3.93382
 30
0.0
 10
-0.0866
 20
3.79997
 30
0.0
 10
-0.0866
 20
3.79997
 30
0.0
 10
-0.05791
 20
3.7757
 30
0.0
 10
-0.02921
 20
3.75143
 30
0.0
 10
-0.00051
 20
3.72716
 30
0.0
 10
-0.00051
 20
3.72716
 30
0.0
 10
0.20227
 20
3.8476
 30
0.0
 10
0.20227
 20
3.8476
 30
0.0
 10
0.17851
 20
3.87634
 30
0.0
 10
0.15476
 20
3.90508
 30
0.0
 10
0.13101
 20
3.93382
 30
0.0
  0
SPLINE
  5
170
330
1F
100
AcDbEntity
  8
Plan 1
 62
   250
370
    20
100
AcDbSpline
210
0.0
220
0.0
230
1.0
 70
    11
 71
     3
 72
    20
 73
    16
 74
     0
 42
0.0000000001
 43
0.0000000001
 40
0.0
 40
0.0
 40
0.0
 40
0.0
 40
0.2
 40
0.2
 40
0.2
 40
0.4
 40
0.4
 40
0.4
 40
0.6000000000000001
 40
0.6000000000000001
 40
0.6000000000000001
 40
0.8
 40
0.8
 40
0.8
 40
1.0
 40
1.0
 40
1.0
 40
1.0
 10
0.20997
 20
3.36548
 30
0.0
 10
-0.01629
 20
3.55685
 30
0.0
 10
-0.24254
 20
3.74822
 30
0.0
 10
-0.46879
 20
3.93959
 30
0.0
 10
-0.46879
 20
3.93959
 30
0.0
 10
-0.49452
 20
3.9036
 30
0.0
 10
-0.49452
 20
3.9036
 30
0.0
 10
-0.49452
 20
3.9036
 30
0.0
 10
0.11409
 20
3.32163
 30
0.0
 10
0.11409
 20
3.32163
 30
0.0
 10
0.11429
 20
3.32144
 30
0.0
 10
0.11449
 20
3.32125
 30
0.0
 10
0.11469
 20
3.32105
 30
0.0
 10
0.14645
 20
3.33586
 30
0.0
 10
0.17821
 20
3.35067
 30
0.0
 10
0.20997
 20
3.36548
 30
0.0
  0
SPLINE
  5
171
330
1F
100
AcDbEntity
  8
Plan 1
 62
   250
370
    20
100
AcDbSpline
210
0.0
220
0.0
230
1.0
 70
    11
 71
     3
 72
    17
 73
    13
 74
     0
 42
0.0000000001
 43
0.0000000001
 40
0.0
 40
0.0
 40
0.0
 40
0.0
 40
0.25
 40
0.25
 40
0.25
 40
0.5
 40
0.5
 40
0.5
 40
0.75
 40
0.75
 40
0.75
 40
1.0
 40
1.0
 40
1.0
 40
1.0
 10
-0.57408
 20
3.79232
 30
0.0
 10
-0.39619
 20
3.61112
 30
0.0
 10
-0.21831
 20
3.42993
 30
0.0
 10
-0.04042
 20
3.24874
 30
0.0
 10
-0.01921
 20
3.25863
 30
0.0
 10
0.002
 20
3.26852
 30
0.0
 10
0.02322
 20
3.27841
 30
0.0
 10
0.02322
 20
3.27841
 30
0.0
 10
-0.54977
 20
3.82631
 30
0.0
 10
-0.54977
 20
3.82631
 30
0.0
 10
-0.54977
 20
3.82631
 30
0.0
 10
-0.57408
 20
3.79232
 30
0.0
 10
-0.57408
 20
3.79232
 30
0.0
  0
SPLINE
  5
172
330
1F
100
AcDbEntity
  8
Plan 1
 62
   250
370
    20
100
AcDbSpline
210
0.0
220
0.0
230
1.0
 70
    11
 71
     3
 72
    23
 73
    19
 74
     0
 42
0.0000000001
 43
0.0000000001
 40
0.0
 40
0.0
 40
0.0
 40
0.0
 40
0.1666666666666667
 40
0.1666666666666667
 40
0.1666666666666667
 40
0.3333333333333333
 40
0.3333333333333333
 40
0.3333333333333333
 40
0.5
 40
0.5
 40
0.5
 40
0.6666666666666666
 40
0.6666666666666666
 40
0.6666666666666666
 40
0.8333333333333333
 40
0.8333333333333333
 40
0.8333333333333333
 40
1.0
 40
1.0
 40
1.0
 40
1.0
 10
-0.62262
 20
2.82465
 30
0.0
 10
-0.62262
 20
2.82465
 30
0.0
 10
-0.16868
 20
2.75215
 30
0.0
 10
-0.16868
 20
2.75215
 30
0.0
 10
-0.16749
 20
2.75196
 30
0.0
 10
-0.16632
 20
2.75173
 30
0.0
 10
-0.16517
 20
2.75147
 30
0.0
 10
-0.14763
 20
2.77662
 30
0.0
 10
-0.13009
 20
2.80177
 30
0.0
 10
-0.11254
 20
2.82692
 30
0.0
 10
-0.11254
 20
2.82692
 30
0.0
 10
-0.42173
 20
2.89389
 30
0.0
 10
-0.42173
 20
2.89389
 30
0.0
 10
-0.43197
 20
2.8961
 30
0.0
 10
-0.44013
 20
2.90091
 30
0.0
 10
-0.44616
 20
2.90691
 30
0.0
 10
-0.50498
 20
2.87949
 30
0.0
 10
-0.5638
 20
2.85207
 30
0.0
 10
-0.62262
 20
2.82465
 30
0.0
  0
SPLINE
  5
173
330
1F
100
AcDbEntity
  8
Plan 1
 62
   250
370
    20
100
AcDbSpline
210
0.0
220
0.0
230
1.0
 70
    11
 71
     3
 72
    20
 73
    16
 74
     0
 42
0.0000000001
 43
0.0000000001
 40
0.0
 40
0.0
 40
0.0
 40
0.0
 40
0.2
 40
0.2
 40
0.2
 40
0.4
 40
0.4
 40
0.4
 40
0.6000000000000001
 40
0.6000000000000001
 40
0.6000000000000001
 40
0.8
 40
0.8
 40
0.8
 40
1.0
 40
1.0
 40
1.0
 40
1.0
 10
-0.75353
 20
2.76362
 30
0.0
 10
-0.87022
 20
2.70922
 30
0.0
 10
-0.98692
 20
2.65482
 30
0.0
 10
-1.10361
 20
2.60042
 30
0.0
 10
-0.83583
 20
2.5862
 30
0.0
 10
-0.56805
 20
2.572
 30
0.0
 10
-0.30026
 20
2.55779
 30
0.0
 10
-0.27428
 20
2.59505
 30
0.0
 10
-0.24829
 20
2.63231
 30
0.0
 10
-0.2223
 20
2.66957
 30
0.0
 10
-0.2223
 20
2.66957
 30
0.0
 10
-0.72619
 20
2.75005
 30
0.0
 10
-0.72619
 20
2.75005
 30
0.0
 10
-0.73775
 20
2.75189
 30
0.0
 10
-0.74691
 20
2.75704
 30
0.0
 10
-0.75353
 20
2.76362
 30
0.0
  0
SPLINE
  5
174
330
1F
100
AcDbEntity
  8
Plan 1
 62
   250
370
    20
100
AcDbSpline
210
0.0
220
0.0
230
1.0
 70
    11
 71
     3
 72
    20
 73
    16
 74
     0
 42
0.0000000001
 43
0.0000000001
 40
0.0
 40
0.0
 40
0.0
 40
0.0
 40
0.2
 40
0.2
 40
0.2
 40
0.4
 40
0.4
 40
0.4
 40
0.6000000000000001
 40
0.6000000000000001
 40
0.6000000000000001
 40
0.8
 40
0.8
 40
0.8
 40
1.0
 40
1.0
 40
1.0
 40
1.0
 10
-0.89522
 20
2.45229
 30
0.0
 10
-0.92803
 20
2.45403
 30
0.0
 10
-0.96083
 20
2.45578
 30
0.0
 10
-0.99364
 20
2.45752
 30
0.0
 10
-0.99364
 20
2.45752
 30
0.0
 10
-0.89516
 20
1.87868
 30
0.0
 10
-0.89516
 20
1.87868
 30
0.0
 10
-0.86832
 20
1.90904
 30
0.0
 10
-0.84147
 20
1.93941
 30
0.0
 10
-0.81463
 20
1.96977
 30
0.0
 10
-0.81861
 20
1.9754
 30
0.0
 10
-0.82102
 20
1.98162
 30
0.0
 10
-0.822
 20
1.98784
 30
0.0
 10
-0.822
 20
1.98784
 30
0.0
 10
-0.89522
 20
2.45229
 30
0.0
 10
-0.89522
 20
2.45229
 30
0.0
  0
SPLINE
  5
175
330
1F
100
AcDbEntity
  8
Plan 1
 62
   250
370
    20
100
AcDbSpline
210
0.0
220
0.0
230
1.0
 70
    11
 71
     3
 72
    17
 73
    13
 74
     0
 42
0.0000000001
 43
0.0000000001
 40
0.0
 40
0.0
 40
0.0
 40
0.0
 40
0.25
 40
0.25
 40
0.25
 40
0.5
 40
0.5
 40
0.5
 40
0.75
 40
0.75
 40
0.75
 40
1.0
 40
1.0
 40
1.0
 40
1.0
 10
-1.09363
 20
2.46282
 30
0.0
 10
-1.1363
 20
2.46509
 30
0.0
 10
-1.17897
 20
2.46736
 30
0.0
 10
-1.22164
 20
2.46962
 30
0.0
 10
-1.22164
 20
2.46962
 30
0.0
 10
-1.34616
 20
1.96063
 30
0.0
 10
-1.34616
 20
1.96063
 30
0.0
 10
-1.22689
 20
1.92175
 30
0.0
 10
-1.10762
 20
1.88286
 30
0.0
 10
-0.98835
 20
1.84398
 30
0.0
 10
-0.98835
 20
1.84398
 30
0.0
 10
-1.09363
 20
2.46282
 30
0.0
 10
-1.09363
 20
2.46282
 30
0.0
  0
SPLINE
  5
176
330
1F
100
AcDbEntity
  8
Plan 1
 62
   250
370
    20
100
AcDbSpline
210
0.0
220
0.0
230
1.0
 70
    11
 71
     3
 72
    20
 73
    16
 74
     0
 42
0.0000000001
 43
0.0000000001
 40
0.0
 40
0.0
 40
0.0
 40
0.0
 40
0.2
 40
0.2
 40
0.2
 40
0.4
 40
0.4
 40
0.4
 40
0.6000000000000001
 40
0.6000000000000001
 40
0.6000000000000001
 40
0.8
 40
0.8
 40
0.8
 40
1.0
 40
1.0
 40
1.0
 40
1.0
 10
-2.68964
 20
2.25376
 30
0.0
 10
-2.67641
 20
2.1403
 30
0.0
 10
-2.66317
 20
2.02685
 30
0.0
 10
-2.64993
 20
1.91339
 30
0.0
 10
-2.63147
 20
1.91253
 30
0.0
 10
-2.61302
 20
1.91161
 30
0.0
 10
-2.59456
 20
1.91067
 30
0.0
 10
-2.48161
 20
1.90498
 30
0.0
 10
-2.36871
 20
1.89876
 30
0.0
 10
-2.25581
 20
1.89254
 30
0.0
 10
-1.98416
 20
1.87757
 30
0.0
 10
-1.71256
 20
1.86221
 30
0.0
 10
-1.44098
 20
1.84671
 30
0.0
 10
-1.8572
 20
1.98239
 30
0.0
 10
-2.27342
 20
2.11807
 30
0.0
 10
-2.68964
 20
2.25376
 30
0.0
  0
SPLINE
  5
177
330
1F
100
AcDbEntity
  8
Plan 1
 62
   250
370
    20
100
AcDbSpline
210
0.0
220
0.0
230
1.0
 70
    11
 71
     3
 72
    17
 73
    13
 74
     0
 42
0.0000000001
 43
0.0000000001
 40
0.0
 40
0.0
 40
0.0
 40
0.0
 40
0.25
 40
0.25
 40
0.25
 40
0.5
 40
0.5
 40
0.5
 40
0.75
 40
0.75
 40
0.75
 40
1.0
 40
1.0
 40
1.0
 40
1.0
 10
-2.76985
 20
1.79195
 30
0.0
 10
-3.10187
 20
1.89224
 30
0.0
 10
-3.43366
 20
1.99293
 30
0.0
 10
-3.76295
 20
2.09764
 30
0.0
 10
-3.68766
 20
1.2771
 30
0.0
 10
-3.59945
 20
0.45714
 30
0.0
 10
-3.4957
 20
-0.36184
 30
0.0
 10
-3.4957
 20
-0.36184
 30
0.0
 10
-1.91973
 20
-0.18348
 30
0.0
 10
-1.91973
 20
-0.18348
 30
0.0
 10
-2.22182
 20
0.47086
 30
0.0
 10
-2.50865
 20
1.1288
 30
0.0
 10
-2.76985
 20
1.79195
 30
0.0
  0
SPLINE
  5
178
330
1F
100
AcDbEntity
  8
Plan 1
 62
   250
370
    20
100
AcDbSpline
210
0.0
220
0.0
230
1.0
 70
    11
 71
     3
 72
    14
 73
    10
 74
     0
 42
0.0000000001
 43
0.0000000001
 40
0.0
 40
0.0
 40
0.0
 40
0.0
 40
0.3333333333333333
 40
0.3333333333333333
 40
0.3333333333333333
 40
0.6666666666666666
 40
0.6666666666666666
 40
0.6666666666666666
 40
1.0
 40
1.0
 40
1.0
 40
1.0
 10
-4.43572
 20
-1.9317
 30
0.0
 10
-4.43572
 20
-1.9317
 30
0.0
 10
-4.36334
 20
-2.03722
 30
0.0
 10
-4.36334
 20
-2.03722
 30
0.0
 10
-4.36334
 20
-2.03722
 30
0.0
 10
-4.18034
 20
-1.82579
 30
0.0
 10
-4.18034
 20
-1.82579
 30
0.0
 10
-4.26541
 20
-1.86116
 30
0.0
 10
-4.35054
 20
-1.89647
 30
0.0
 10
-4.43572
 20
-1.9317
 30
0.0
  0
SPLINE
  5
179
330
1F
100
AcDbEntity
  8
Plan 1
 62
   250
370
    20
100
AcDbSpline
210
0.0
220
0.0
230
1.0
 70
    11
 71
     3
 72
    14
 73
    10
 74
     0
 42
0.0000000001
 43
0.0000000001
 40
0.0
 40
0.0
 40
0.0
 40
0.0
 40
0.3333333333333333
 40
0.3333333333333333
 40
0.3333333333333333
 40
0.6666666666666666
 40
0.6666666666666666
 40
0.6666666666666666
 40
1.0
 40
1.0
 40
1.0
 40
1.0
 10
-5.19524
 20
-3.10525
 30
0.0
 10
-5.19524
 20
-3.10525
 30
0.0
 10
-5.83151
 20
-3.01884
 30
0.0
 10
-5.83151
 20
-3.01884
 30
0.0
 10
-5.83151
 20
-3.01884
 30
0.0
 10
-4.90102
 20
-4.4541
 30
0.0
 10
-4.90102
 20
-4.4541
 30
0.0
 10
-4.90102
 20
-4.4541
 30
0.0
 10
-5.19524
 20
-3.10525
 30
0.0
 10
-5.19524
 20
-3.10525
 30
0.0
  0
SPLINE
  5
17A
330
1F
100
AcDbEntity
  8
Plan 1
 62
   250
370
    20
100
AcDbSpline
210
0.0
220
0.0
230
1.0
 70
    11
 71
     3
 72
    20
 73
    16
 74
     0
 42
0.0000000001
 43
0.0000000001
 40
0.0
 40
0.0
 40
0.0
 40
0.0
 40
0.2
 40
0.2
 40
0.2
 40
0.4
 40
0.4
 40
0.4
 40
0.6000000000000001
 40
0.6000000000000001
 40
0.6000000000000001
 40
0.8
 40
0.8
 40
0.8
 40
1.0
 40
1.0
 40
1.0
 40
1.0
 10
-6.0635
 20
-3.80561
 30
0.0
 10
-6.0635
 20
-3.80561
 30
0.0
 10
-6.08668
 20
-3.93003
 30
0.0
 10
-6.08668
 20
-3.93003
 30
0.0
 10
-6.08668
 20
-3.93003
 30
0.0
 10
-5.4932
 20
-3.80203
 30
0.0
 10
-5.4932
 20
-3.80203
 30
0.0
 10
-5.4932
 20
-3.80203
 30
0.0
 10
-5.57464
 20
-3.67641
 30
0.0
 10
-5.57464
 20
-3.67641
 30
0.0
 10
-5.57464
 20
-3.67641
 30
0.0
 10
-6.05782
 20
-3.80443
 30
0.0
 10
-6.05782
 20
-3.80443
 30
0.0
 10
-6.05968
 20
-3.80493
 30
0.0
 10
-6.06158
 20
-3.80532
 30
0.0
 10
-6.0635
 20
-3.80561
 30
0.0
  0
SPLINE
  5
17B
330
1F
100
AcDbEntity
  8
Plan 1
 62
   250
370
    20
100
AcDbSpline
210
0.0
220
0.0
230
1.0
 70
    11
 71
     3
 72
    20
 73
    16
 74
     0
 42
0.0000000001
 43
0.0000000001
 40
0.0
 40
0.0
 40
0.0
 40
0.0
 40
0.2
 40
0.2
 40
0.2
 40
0.4
 40
0.4
 40
0.4
 40
0.6000000000000001
 40
0.6000000000000001
 40
0.6000000000000001
 40
0.8
 40
0.8
 40
0.8
 40
1.0
 40
1.0
 40
1.0
 40
1.0
 10
-6.103
 20
-4.02577
 30
0.0
 10
-6.103
 20
-4.02577
 30
0.0
 10
-6.14005
 20
-4.24559
 30
0.0
 10
-6.14005
 20
-4.24559
 30
0.0
 10
-6.14005
 20
-4.24559
 30
0.0
 10
-5.32202
 20
-4.06607
 30
0.0
 10
-5.32202
 20
-4.06607
 30
0.0
 10
-5.32202
 20
-4.06607
 30
0.0
 10
-5.44071
 20
-3.88299
 30
0.0
 10
-5.44071
 20
-3.88299
 30
0.0
 10
-5.44071
 20
-3.88299
 30
0.0
 10
-6.10052
 20
-4.02529
 30
0.0
 10
-6.10052
 20
-4.02529
 30
0.0
 10
-6.10134
 20
-4.02547
 30
0.0
 10
-6.10217
 20
-4.02563
 30
0.0
 10
-6.103
 20
-4.02577
 30
0.0
  0
SPLINE
  5
17C
330
1F
100
AcDbEntity
  8
Plan 1
 62
   250
370
    20
100
AcDbSpline
210
0.0
220
0.0
230
1.0
 70
    11
 71
     3
 72
    20
 73
    16
 74
     0
 42
0.0000000001
 43
0.0000000001
 40
0.0
 40
0.0
 40
0.0
 40
0.0
 40
0.2
 40
0.2
 40
0.2
 40
0.4
 40
0.4
 40
0.4
 40
0.6000000000000001
 40
0.6000000000000001
 40
0.6000000000000001
 40
0.8
 40
0.8
 40
0.8
 40
1.0
 40
1.0
 40
1.0
 40
1.0
 10
-6.1562
 20
-4.34142
 30
0.0
 10
-6.1562
 20
-4.34142
 30
0.0
 10
-6.18648
 20
-4.52109
 30
0.0
 10
-6.18648
 20
-4.52109
 30
0.0
 10
-6.18648
 20
-4.52109
 30
0.0
 10
-5.16666
 20
-4.30571
 30
0.0
 10
-5.16666
 20
-4.30571
 30
0.0
 10
-5.16666
 20
-4.30571
 30
0.0
 10
-5.2696
 20
-4.14693
 30
0.0
 10
-5.2696
 20
-4.14693
 30
0.0
 10
-5.2696
 20
-4.14693
 30
0.0
 10
-6.15353
 20
-4.34091
 30
0.0
 10
-6.15353
 20
-4.34091
 30
0.0
 10
-6.15441
 20
-4.3411
 30
0.0
 10
-6.1553
 20
-4.34128
 30
0.0
 10
-6.1562
 20
-4.34142
 30
0.0
  0
SPLINE
  5
17D
330
1F
100
AcDbEntity
  8
Plan 1
 62
   250
370
    20
100
AcDbSpline
210
0.0
220
0.0
230
1.0
 70
    11
 71
     3
 72
    23
 73
    19
 74
     0
 42
0.0000000001
 43
0.0000000001
 40
0.0
 40
0.0
 40
0.0
 40
0.0
 40
0.1666666666666667
 40
0.1666666666666667
 40
0.1666666666666667
 40
0.3333333333333333
 40
0.3333333333333333
 40
0.3333333333333333
 40
0.5
 40
0.5
 40
0.5
 40
0.6666666666666666
 40
0.6666666666666666
 40
0.6666666666666666
 40
0.8333333333333333
 40
0.8333333333333333
 40
0.8333333333333333
 40
1.0
 40
1.0
 40
1.0
 40
1.0
 10
-6.23586
 20
-3.94884
 30
0.0
 10
-6.23586
 20
-3.94884
 30
0.0
 10
-7.09561
 20
-2.9755
 30
0.0
 10
-7.09561
 20
-2.9755
 30
0.0
 10
-7.09561
 20
-2.9755
 30
0.0
 10
-7.38415
 20
-3.12288
 30
0.0
 10
-7.38415
 20
-3.12288
 30
0.0
 10
-7.38415
 20
-3.12288
 30
0.0
 10
-7.38415
 20
-3.83944
 30
0.0
 10
-7.38415
 20
-3.83944
 30
0.0
 10
-7.38415
 20
-3.83944
 30
0.0
 10
-7.13007
 20
-4.67005
 30
0.0
 10
-7.13007
 20
-4.67005
 30
0.0
 10
-7.13007
 20
-4.67005
 30
0.0
 10
-6.40525
 20
-4.95386
 30
0.0
 10
-6.40525
 20
-4.95386
 30
0.0
 10
-6.40525
 20
-4.95386
 30
0.0
 10
-6.23586
 20
-3.94884
 30
0.0
 10
-6.23586
 20
-3.94884
 30
0.0
  0
SPLINE
  5
17E
330
1F
100
AcDbEntity
  8
Plan 1
 62
   250
370
    20
100
AcDbSpline
210
0.0
220
0.0
230
1.0
 70
    11
 71
     3
 72
    20
 73
    16
 74
     0
 42
0.0000000001
 43
0.0000000001
 40
0.0
 40
0.0
 40
0.0
 40
0.0
 40
0.2
 40
0.2
 40
0.2
 40
0.4
 40
0.4
 40
0.4
 40
0.6000000000000001
 40
0.6000000000000001
 40
0.6000000000000001
 40
0.8
 40
0.8
 40
0.8
 40
1.0
 40
1.0
 40
1.0
 40
1.0
 10
-7.08059
 20
-4.83764
 30
0.0
 10
-7.08059
 20
-4.83764
 30
0.0
 10
-7.00542
 20
-5.09435
 30
0.0
 10
-7.00542
 20
-5.09435
 30
0.0
 10
-6.99842
 20
-5.0948
 30
0.0
 10
-6.99159
 20
-5.09659
 30
0.0
 10
-6.98545
 20
-5.09963
 30
0.0
 10
-6.98545
 20
-5.09963
 30
0.0
 10
-6.55235
 20
-5.31363
 30
0.0
 10
-6.55235
 20
-5.31363
 30
0.0
 10
-6.55235
 20
-5.31363
 30
0.0
 10
-6.44485
 20
-5.08657
 30
0.0
 10
-6.44485
 20
-5.08657
 30
0.0
 10
-6.44485
 20
-5.08657
 30
0.0
 10
-7.08059
 20
-4.83764
 30
0.0
 10
-7.08059
 20
-4.83764
 30
0.0
  0
SPLINE
  5
17F
330
1F
100
AcDbEntity
  8
Plan 1
 62
   250
370
    20
100
AcDbSpline
210
0.0
220
0.0
230
1.0
 70
    11
 71
     3
 72
    20
 73
    16
 74
     0
 42
0.0000000001
 43
0.0000000001
 40
0.0
 40
0.0
 40
0.0
 40
0.0
 40
0.2
 40
0.2
 40
0.2
 40
0.4
 40
0.4
 40
0.4
 40
0.6000000000000001
 40
0.6000000000000001
 40
0.6000000000000001
 40
0.8
 40
0.8
 40
0.8
 40
1.0
 40
1.0
 40
1.0
 40
1.0
 10
-6.972
 20
-5.20849
 30
0.0
 10
-6.972
 20
-5.20849
 30
0.0
 10
-6.94408
 20
-5.30383
 30
0.0
 10
-6.94408
 20
-5.30383
 30
0.0
 10
-6.93644
 20
-5.30433
 30
0.0
 10
-6.92904
 20
-5.30642
 30
0.0
 10
-6.92251
 20
-5.30994
 30
0.0
 10
-6.92251
 20
-5.30994
 30
0.0
 10
-6.62633
 20
-5.46989
 30
0.0
 10
-6.62633
 20
-5.46989
 30
0.0
 10
-6.62633
 20
-5.46989
 30
0.0
 10
-6.59157
 20
-5.39647
 30
0.0
 10
-6.59157
 20
-5.39647
 30
0.0
 10
-6.59157
 20
-5.39647
 30
0.0
 10
-6.972
 20
-5.20849
 30
0.0
 10
-6.972
 20
-5.20849
 30
0.0
  0
SPLINE
  5
180
330
1F
100
AcDbEntity
  8
Plan 1
 62
   250
370
    20
100
AcDbSpline
210
0.0
220
0.0
230
1.0
 70
    11
 71
     3
 72
    20
 73
    16
 74
     0
 42
0.0000000001
 43
0.0000000001
 40
0.0
 40
0.0
 40
0.0
 40
0.0
 40
0.2
 40
0.2
 40
0.2
 40
0.4
 40
0.4
 40
0.4
 40
0.6000000000000001
 40
0.6000000000000001
 40
0.6000000000000001
 40
0.8
 40
0.8
 40
0.8
 40
1.0
 40
1.0
 40
1.0
 40
1.0
 10
-6.90968
 20
-5.42132
 30
0.0
 10
-6.90968
 20
-5.42132
 30
0.0
 10
-6.87614
 20
-5.53583
 30
0.0
 10
-6.87614
 20
-5.53583
 30
0.0
 10
-6.86714
 20
-5.53642
 30
0.0
 10
-6.85851
 20
-5.53921
 30
0.0
 10
-6.85134
 20
-5.54383
 30
0.0
 10
-6.85134
 20
-5.54383
 30
0.0
 10
-6.70575
 20
-5.63766
 30
0.0
 10
-6.70575
 20
-5.63766
 30
0.0
 10
-6.70575
 20
-5.63766
 30
0.0
 10
-6.66571
 20
-5.55307
 30
0.0
 10
-6.66571
 20
-5.55307
 30
0.0
 10
-6.66571
 20
-5.55307
 30
0.0
 10
-6.90968
 20
-5.42132
 30
0.0
 10
-6.90968
 20
-5.42132
 30
0.0
  0
SPLINE
  5
181
330
1F
100
AcDbEntity
  8
Plan 1
 62
   250
370
    20
100
AcDbSpline
210
0.0
220
0.0
230
1.0
 70
    11
 71
     3
 72
    17
 73
    13
 74
     0
 42
0.0000000001
 43
0.0000000001
 40
0.0
 40
0.0
 40
0.0
 40
0.0
 40
0.25
 40
0.25
 40
0.25
 40
0.5
 40
0.5
 40
0.5
 40
0.75
 40
0.75
 40
0.75
 40
1.0
 40
1.0
 40
1.0
 40
1.0
 10
-7.34655
 20
-5.89323
 30
0.0
 10
-7.34655
 20
-5.89323
 30
0.0
 10
-7.28357
 20
-6.00002
 30
0.0
 10
-7.28357
 20
-6.00002
 30
0.0
 10
-7.28357
 20
-6.00002
 30
0.0
 10
-7.1844
 20
-6.02011
 30
0.0
 10
-7.1844
 20
-6.02011
 30
0.0
 10
-7.1844
 20
-6.02011
 30
0.0
 10
-7.19119
 20
-5.76328
 30
0.0
 10
-7.19119
 20
-5.76328
 30
0.0
 10
-7.19119
 20
-5.76328
 30
0.0
 10
-7.34655
 20
-5.89323
 30
0.0
 10
-7.34655
 20
-5.89323
 30
0.0
  0
SPLINE
  5
182
330
1F
100
AcDbEntity
  8
Plan 1
 62
   250
370
    20
100
AcDbSpline
210
0.0
220
0.0
230
1.0
 70
    11
 71
     3
 72
    29
 73
    25
 74
     0
 42
0.0000000001
 43
0.0000000001
 40
0.0
 40
0.0
 40
0.0
 40
0.0
 40
0.125
 40
0.125
 40
0.125
 40
0.25
 40
0.25
 40
0.25
 40
0.375
 40
0.375
 40
0.375
 40
0.5
 40
0.5
 40
0.5
 40
0.625
 40
0.625
 40
0.625
 40
0.75
 40
0.75
 40
0.75
 40
0.875
 40
0.875
 40
0.875
 40
1.0
 40
1.0
 40
1.0
 40
1.0
 10
-7.42124
 20
-5.9557
 30
0.0
 10
-7.42124
 20
-5.9557
 30
0.0
 10
-7.42858
 20
-5.96184
 30
0.0
 10
-7.42858
 20
-5.96184
 30
0.0
 10
-7.42858
 20
-5.96184
 30
0.0
 10
-7.42875
 20
-5.96197
 30
0.0
 10
-7.42875
 20
-5.96197
 30
0.0
 10
-7.43727
 20
-5.96865
 30
0.0
 10
-7.44807
 20
-5.97265
 30
0.0
 10
-7.46094
 20
-5.97257
 30
0.0
 10
-7.46094
 20
-5.97257
 30
0.0
 10
-7.48892
 20
-5.97239
 30
0.0
 10
-7.48892
 20
-5.97239
 30
0.0
 10
-7.48892
 20
-5.97239
 30
0.0
 10
-7.14497
 20
-6.54587
 30
0.0
 10
-7.14497
 20
-6.54587
 30
0.0
 10
-7.14495
 20
-6.54591
 30
0.0
 10
-7.14492
 20
-6.54594
 30
0.0
 10
-7.1449
 20
-6.54598
 30
0.0
 10
-7.1449
 20
-6.54598
 30
0.0
 10
-7.08161
 20
-6.5317
 30
0.0
 10
-7.08161
 20
-6.5317
 30
0.0
 10
-7.08161
 20
-6.5317
 30
0.0
 10
-7.42124
 20
-5.9557
 30
0.0
 10
-7.42124
 20
-5.9557
 30
0.0
  0
SPLINE
  5
183
330
1F
100
AcDbEntity
  8
Plan 1
 62
   250
370
    20
100
AcDbSpline
210
0.0
220
0.0
230
1.0
 70
    11
 71
     3
 72
    17
 73
    13
 74
     0
 42
0.0000000001
 43
0.0000000001
 40
0.0
 40
0.0
 40
0.0
 40
0.0
 40
0.25
 40
0.25
 40
0.25
 40
0.5
 40
0.5
 40
0.5
 40
0.75
 40
0.75
 40
0.75
 40
1.0
 40
1.0
 40
1.0
 40
1.0
 10
-7.60132
 20
-5.97168
 30
0.0
 10
-7.60132
 20
-5.97168
 30
0.0
 10
-7.6466
 20
-5.9714
 30
0.0
 10
-7.6466
 20
-5.9714
 30
0.0
 10
-7.6466
 20
-5.9714
 30
0.0
 10
-7.32449
 20
-6.5865
 30
0.0
 10
-7.32449
 20
-6.5865
 30
0.0
 10
-7.32449
 20
-6.5865
 30
0.0
 10
-7.24353
 20
-6.56824
 30
0.0
 10
-7.24353
 20
-6.56824
 30
0.0
 10
-7.24353
 20
-6.56824
 30
0.0
 10
-7.60132
 20
-5.97168
 30
0.0
 10
-7.60132
 20
-5.97168
 30
0.0
  0
SPLINE
  5
184
330
1F
100
AcDbEntity
  8
Plan 1
 62
   250
370
    20
100
AcDbSpline
210
0.0
220
0.0
230
1.0
 70
    11
 71
     3
 72
    17
 73
    13
 74
     0
 42
0.0000000001
 43
0.0000000001
 40
0.0
 40
0.0
 40
0.0
 40
0.0
 40
0.25
 40
0.25
 40
0.25
 40
0.5
 40
0.5
 40
0.5
 40
0.75
 40
0.75
 40
0.75
 40
1.0
 40
1.0
 40
1.0
 40
1.0
 10
-7.75576
 20
-5.97071
 30
0.0
 10
-7.75576
 20
-5.97071
 30
0.0
 10
-7.87059
 20
-5.96999
 30
0.0
 10
-7.87059
 20
-5.96999
 30
0.0
 10
-7.87059
 20
-5.96999
 30
0.0
 10
-7.51245
 20
-6.62891
 30
0.0
 10
-7.51245
 20
-6.62891
 30
0.0
 10
-7.51245
 20
-6.62891
 30
0.0
 10
-7.4218
 20
-6.60846
 30
0.0
 10
-7.4218
 20
-6.60846
 30
0.0
 10
-7.4218
 20
-6.60846
 30
0.0
 10
-7.75576
 20
-5.97071
 30
0.0
 10
-7.75576
 20
-5.97071
 30
0.0
  0
SPLINE
  5
185
330
1F
100
AcDbEntity
  8
Plan 1
 62
   250
370
    20
100
AcDbSpline
210
0.0
220
0.0
230
1.0
 70
    11
 71
     3
 72
    17
 73
    13
 74
     0
 42
0.0000000001
 43
0.0000000001
 40
0.0
 40
0.0
 40
0.0
 40
0.0
 40
0.25
 40
0.25
 40
0.25
 40
0.5
 40
0.5
 40
0.5
 40
0.75
 40
0.75
 40
0.75
 40
1.0
 40
1.0
 40
1.0
 40
1.0
 10
-7.98056
 20
-5.96929
 30
0.0
 10
-7.98056
 20
-5.96929
 30
0.0
 10
-8.02013
 20
-5.96904
 30
0.0
 10
-8.02013
 20
-5.96904
 30
0.0
 10
-8.02013
 20
-5.96904
 30
0.0
 10
-7.68427
 20
-6.66769
 30
0.0
 10
-7.68427
 20
-6.66769
 30
0.0
 10
-7.68427
 20
-6.66769
 30
0.0
 10
-7.61008
 20
-6.65095
 30
0.0
 10
-7.61008
 20
-6.65095
 30
0.0
 10
-7.61008
 20
-6.65095
 30
0.0
 10
-7.98056
 20
-5.96929
 30
0.0
 10
-7.98056
 20
-5.96929
 30
0.0
  0
SPLINE
  5
186
330
1F
100
AcDbEntity
  8
Plan 1
 62
   250
370
    20
100
AcDbSpline
210
0.0
220
0.0
230
1.0
 70
    11
 71
     3
 72
    17
 73
    13
 74
     0
 42
0.0000000001
 43
0.0000000001
 40
0.0
 40
0.0
 40
0.0
 40
0.0
 40
0.25
 40
0.25
 40
0.25
 40
0.5
 40
0.5
 40
0.5
 40
0.75
 40
0.75
 40
0.75
 40
1.0
 40
1.0
 40
1.0
 40
1.0
 10
-8.12762
 20
-5.96836
 30
0.0
 10
-8.12762
 20
-5.96836
 30
0.0
 10
-8.25133
 20
-5.96758
 30
0.0
 10
-8.25133
 20
-5.96758
 30
0.0
 10
-8.25133
 20
-5.96758
 30
0.0
 10
-7.88636
 20
-6.71329
 30
0.0
 10
-7.88636
 20
-6.71329
 30
0.0
 10
-7.88636
 20
-6.71329
 30
0.0
 10
-7.78095
 20
-6.6895
 30
0.0
 10
-7.78095
 20
-6.6895
 30
0.0
 10
-7.78095
 20
-6.6895
 30
0.0
 10
-8.12762
 20
-5.96836
 30
0.0
 10
-8.12762
 20
-5.96836
 30
0.0
  0
SPLINE
  5
187
330
1F
100
AcDbEntity
  8
Plan 1
 62
   250
370
    20
100
AcDbSpline
210
0.0
220
0.0
230
1.0
 70
    11
 71
     3
 72
    14
 73
    10
 74
     0
 42
0.0000000001
 43
0.0000000001
 40
0.0
 40
0.0
 40
0.0
 40
0.0
 40
0.3333333333333333
 40
0.3333333333333333
 40
0.3333333333333333
 40
0.6666666666666666
 40
0.6666666666666666
 40
0.6666666666666666
 40
1.0
 40
1.0
 40
1.0
 40
1.0
 10
-8.88581
 20
-7.48761
 30
0.0
 10
-8.88581
 20
-7.48761
 30
0.0
 10
-8.84149
 20
-7.66843
 30
0.0
 10
-8.84149
 20
-7.66843
 30
0.0
 10
-8.84149
 20
-7.66843
 30
0.0
 10
-8.1091
 20
-7.65837
 30
0.0
 10
-8.1091
 20
-7.65837
 30
0.0
 10
-8.1091
 20
-7.65837
 30
0.0
 10
-8.88581
 20
-7.48761
 30
0.0
 10
-8.88581
 20
-7.48761
 30
0.0
  0
SPLINE
  5
188
330
1F
100
AcDbEntity
  8
Plan 1
 62
   250
370
    20
100
AcDbSpline
210
0.0
220
0.0
230
1.0
 70
    11
 71
     3
 72
    65
 73
    61
 74
     0
 42
0.0000000001
 43
0.0000000001
 40
0.0
 40
0.0
 40
0.0
 40
0.0
 40
0.05
 40
0.05
 40
0.05
 40
0.1
 40
0.1
 40
0.1
 40
0.15
 40
0.15
 40
0.15
 40
0.2
 40
0.2
 40
0.2
 40
0.25
 40
0.25
 40
0.25
 40
0.3
 40
0.3
 40
0.3
 40
0.35
 40
0.35
 40
0.35
 40
0.4
 40
0.4
 40
0.4
 40
0.45
 40
0.45
 40
0.45
 40
0.5
 40
0.5
 40
0.5
 40
0.55
 40
0.55
 40
0.55
 40
0.6000000000000001
 40
0.6000000000000001
 40
0.6000000000000001
 40
0.65
 40
0.65
 40
0.65
 40
0.7000000000000001
 40
0.7000000000000001
 40
0.7000000000000001
 40
0.75
 40
0.75
 40
0.75
 40
0.8
 40
0.8
 40
0.8
 40
0.8500000000000001
 40
0.8500000000000001
 40
0.8500000000000001
 40
0.9
 40
0.9
 40
0.9
 40
0.9500000000000001
 40
0.9500000000000001
 40
0.9500000000000001
 40
1.0
 40
1.0
 40
1.0
 40
1.0
 10
-8.81956
 20
-7.7579
 30
0.0
 10
-8.81956
 20
-7.7579
 30
0.0
 10
-8.7967
 20
-7.85115
 30
0.0
 10
-8.7967
 20
-7.85115
 30
0.0
 10
-8.79529
 20
-7.85693
 30
0.0
 10
-8.7951
 20
-7.8629
 30
0.0
 10
-8.79616
 20
-7.86874
 30
0.0
 10
-8.78364
 20
-7.8762
 30
0.0
 10
-8.77111
 20
-7.88366
 30
0.0
 10
-8.75858
 20
-7.89111
 30
0.0
 10
-8.75069
 20
-7.88487
 30
0.0
 10
-8.74018
 20
-7.88058
 30
0.0
 10
-8.72764
 20
-7.88034
 30
0.0
 10
-8.72764
 20
-7.88034
 30
0.0
 10
-8.36219
 20
-7.87327
 30
0.0
 10
-8.36219
 20
-7.87327
 30
0.0
 10
-8.36149
 20
-7.87324
 30
0.0
 10
-8.36078
 20
-7.87323
 30
0.0
 10
-8.36052
 20
-7.87323
 30
0.0
 10
-8.36052
 20
-7.87323
 30
0.0
 10
-8.19271
 20
-7.86999
 30
0.0
 10
-8.19271
 20
-7.86999
 30
0.0
 10
-8.19211
 20
-7.86996
 30
0.0
 10
-8.19152
 20
-7.86995
 30
0.0
 10
-8.19137
 20
-7.86995
 30
0.0
 10
-8.19137
 20
-7.86995
 30
0.0
 10
-8.004
 20
-7.86633
 30
0.0
 10
-8.004
 20
-7.86633
 30
0.0
 10
-8.00329
 20
-7.8663
 30
0.0
 10
-8.00258
 20
-7.86629
 30
0.0
 10
-8.00232
 20
-7.86629
 30
0.0
 10
-8.00232
 20
-7.86629
 30
0.0
 10
-7.8243
 20
-7.86284
 30
0.0
 10
-7.8243
 20
-7.86284
 30
0.0
 10
-7.82374
 20
-7.86282
 30
0.0
 10
-7.82317
 20
-7.86281
 30
0.0
 10
-7.82305
 20
-7.86282
 30
0.0
 10
-7.82305
 20
-7.86282
 30
0.0
 10
-7.66444
 20
-7.85975
 30
0.0
 10
-7.66444
 20
-7.85975
 30
0.0
 10
-7.66387
 20
-7.85973
 30
0.0
 10
-7.6633
 20
-7.85971
 30
0.0
 10
-7.66318
 20
-7.85972
 30
0.0
 10
-7.66318
 20
-7.85972
 30
0.0
 10
-7.4748
 20
-7.85607
 30
0.0
 10
-7.4748
 20
-7.85607
 30
0.0
 10
-7.47435
 20
-7.85605
 30
0.0
 10
-7.47397
 20
-7.85604
 30
0.0
 10
-7.47386
 20
-7.85605
 30
0.0
 10
-7.47386
 20
-7.85605
 30
0.0
 10
-7.23127
 20
-7.85135
 30
0.0
 10
-7.23127
 20
-7.85135
 30
0.0
 10
-7.23127
 20
-7.85135
 30
0.0
 10
-7.82212
 20
-7.72145
 30
0.0
 10
-7.82212
 20
-7.72145
 30
0.0
 10
-7.82956
 20
-7.73396
 30
0.0
 10
-7.84392
 20
-7.74449
 30
0.0
 10
-7.86431
 20
-7.74477
 30
0.0
 10
-7.86431
 20
-7.74477
 30
0.0
 10
-8.81956
 20
-7.7579
 30
0.0
 10
-8.81956
 20
-7.7579
 30
0.0
  0
SPLINE
  5
189
330
1F
100
AcDbEntity
  8
Plan 1
 62
   250
370
    20
100
AcDbSpline
210
0.0
220
0.0
230
1.0
 70
    11
 71
     3
 72
    14
 73
    10
 74
     0
 42
0.0000000001
 43
0.0000000001
 40
0.0
 40
0.0
 40
0.0
 40
0.0
 40
0.3333333333333333
 40
0.3333333333333333
 40
0.3333333333333333
 40
0.6666666666666666
 40
0.6666666666666666
 40
0.6666666666666666
 40
1.0
 40
1.0
 40
1.0
 40
1.0
 10
0.27495
 20
6.59536
 30
0.0
 10
0.27495
 20
6.59536
 30
0.0
 10
0.27346
 20
6.45784
 30
0.0
 10
0.27346
 20
6.45784
 30
0.0
 10
0.36594
 20
6.4568
 30
0.0
 10
0.45843
 20
6.45575
 30
0.0
 10
0.55092
 20
6.45472
 30
0.0
 10
0.45871
 20
6.50139
 30
0.0
 10
0.36674
 20
6.54828
 30
0.0
 10
0.27495
 20
6.59536
 30
0.0
  0
SPLINE
  5
18A
330
1F
100
AcDbEntity
  8
Plan 1
 62
   250
370
    20
100
AcDbSpline
210
0.0
220
0.0
230
1.0
 70
    11
 71
     3
 72
    23
 73
    19
 74
     0
 42
0.0000000001
 43
0.0000000001
 40
0.0
 40
0.0
 40
0.0
 40
0.0
 40
0.1666666666666667
 40
0.1666666666666667
 40
0.1666666666666667
 40
0.3333333333333333
 40
0.3333333333333333
 40
0.3333333333333333
 40
0.5
 40
0.5
 40
0.5
 40
0.6666666666666666
 40
0.6666666666666666
 40
0.6666666666666666
 40
0.8333333333333333
 40
0.8333333333333333
 40
0.8333333333333333
 40
1.0
 40
1.0
 40
1.0
 40
1.0
 10
-1.59435
 20
5.2869
 30
0.0
 10
-1.62721
 20
5.37156
 30
0.0
 10
-1.66007
 20
5.45623
 30
0.0
 10
-1.69293
 20
5.54089
 30
0.0
 10
-1.69293
 20
5.54089
 30
0.0
 10
-2.16388
 20
4.79176
 30
0.0
 10
-2.16388
 20
4.79176
 30
0.0
 10
-2.0797
 20
4.79861
 30
0.0
 10
-1.9955
 20
4.80529
 30
0.0
 10
-1.91127
 20
4.81181
 30
0.0
 10
-1.91023
 20
4.81728
 30
0.0
 10
-1.90809
 20
4.82265
 30
0.0
 10
-1.90477
 20
4.82761
 30
0.0
 10
-1.90477
 20
4.82761
 30
0.0
 10
-1.60543
 20
5.27543
 30
0.0
 10
-1.60543
 20
5.27543
 30
0.0
 10
-1.60262
 20
5.27964
 30
0.0
 10
-1.59892
 20
5.28358
 30
0.0
 10
-1.59435
 20
5.2869
 30
0.0
  0
SPLINE
  5
18B
330
1F
100
AcDbEntity
  8
Plan 1
 62
   250
370
    20
100
AcDbSpline
210
0.0
220
0.0
230
1.0
 70
    11
 71
     3
 72
    23
 73
    19
 74
     0
 42
0.0000000001
 43
0.0000000001
 40
0.0
 40
0.0
 40
0.0
 40
0.0
 40
0.1666666666666667
 40
0.1666666666666667
 40
0.1666666666666667
 40
0.3333333333333333
 40
0.3333333333333333
 40
0.3333333333333333
 40
0.5
 40
0.5
 40
0.5
 40
0.6666666666666666
 40
0.6666666666666666
 40
0.6666666666666666
 40
0.8333333333333333
 40
0.8333333333333333
 40
0.8333333333333333
 40
1.0
 40
1.0
 40
1.0
 40
1.0
 10
-4.17678
 20
3.5502
 30
0.0
 10
-4.22647
 20
3.52068
 30
0.0
 10
-4.27612
 20
3.49113
 30
0.0
 10
-4.32575
 20
3.46157
 30
0.0
 10
-4.32575
 20
3.46157
 30
0.0
 10
-4.0843
 20
3.16997
 30
0.0
 10
-4.0843
 20
3.16997
 30
0.0
 10
-4.07983
 20
3.16457
 30
0.0
 10
-4.07693
 20
3.15851
 30
0.0
 10
-4.07548
 20
3.15229
 30
0.0
 10
-4.06492
 20
3.15186
 30
0.0
 10
-4.05436
 20
3.15144
 30
0.0
 10
-4.0438
 20
3.15102
 30
0.0
 10
-4.04098
 20
3.22206
 30
0.0
 10
-4.05392
 20
3.29314
 30
0.0
 10
-4.07878
 20
3.36193
 30
0.0
 10
-4.10223
 20
3.42684
 30
0.0
 10
-4.13608
 20
3.48976
 30
0.0
 10
-4.17678
 20
3.5502
 30
0.0
  0
SPLINE
  5
18C
330
1F
100
AcDbEntity
  8
Plan 1
 62
   250
370
    20
100
AcDbSpline
210
0.0
220
0.0
230
1.0
 70
    11
 71
     3
 72
    17
 73
    13
 74
     0
 42
0.0000000001
 43
0.0000000001
 40
0.0
 40
0.0
 40
0.0
 40
0.0
 40
0.25
 40
0.25
 40
0.25
 40
0.5
 40
0.5
 40
0.5
 40
0.75
 40
0.75
 40
0.75
 40
1.0
 40
1.0
 40
1.0
 40
1.0
 10
-4.40829
 20
3.41236
 30
0.0
 10
-4.48503
 20
3.36657
 30
0.0
 10
-4.56171
 20
3.32074
 30
0.0
 10
-4.63836
 20
3.27487
 30
0.0
 10
-4.58835
 20
3.23951
 30
0.0
 10
-4.53833
 20
3.20414
 30
0.0
 10
-4.48833
 20
3.16876
 30
0.0
 10
-4.39121
 20
3.16489
 30
0.0
 10
-4.29408
 20
3.16101
 30
0.0
 10
-4.19696
 20
3.15713
 30
0.0
 10
-4.19696
 20
3.15713
 30
0.0
 10
-4.40829
 20
3.41236
 30
0.0
 10
-4.40829
 20
3.41236
 30
0.0
  0
SPLINE
  5
18D
330
1F
100
AcDbEntity
  8
Plan 1
 62
   250
370
    20
100
AcDbSpline
210
0.0
220
0.0
230
1.0
 70
    11
 71
     3
 72
    23
 73
    19
 74
     0
 42
0.0000000001
 43
0.0000000001
 40
0.0
 40
0.0
 40
0.0
 40
0.0
 40
0.1666666666666667
 40
0.1666666666666667
 40
0.1666666666666667
 40
0.3333333333333333
 40
0.3333333333333333
 40
0.3333333333333333
 40
0.5
 40
0.5
 40
0.5
 40
0.6666666666666666
 40
0.6666666666666666
 40
0.6666666666666666
 40
0.8333333333333333
 40
0.8333333333333333
 40
0.8333333333333333
 40
1.0
 40
1.0
 40
1.0
 40
1.0
 10
-4.72847
 20
3.16762
 30
0.0
 10
-4.73026
 20
3.16645
 30
0.0
 10
-4.73217
 20
3.16537
 30
0.0
 10
-4.7342
 20
3.1644
 30
0.0
 10
-4.7342
 20
3.1644
 30
0.0
 10
-4.98232
 20
3.0463
 30
0.0
 10
-4.98232
 20
3.0463
 30
0.0
 10
-4.92658
 20
3.02869
 30
0.0
 10
-4.87085
 20
3.01108
 30
0.0
 10
-4.81511
 20
2.99347
 30
0.0
 10
-4.81316
 20
2.99609
 30
0.0
 10
-4.81087
 20
2.99859
 30
0.0
 10
-4.8082
 20
3.00088
 30
0.0
 10
-4.8082
 20
3.00088
 30
0.0
 10
-4.66565
 20
3.12319
 30
0.0
 10
-4.66565
 20
3.12319
 30
0.0
 10
-4.68659
 20
3.138
 30
0.0
 10
-4.70753
 20
3.15281
 30
0.0
 10
-4.72847
 20
3.16762
 30
0.0
  0
SPLINE
  5
18E
330
1F
100
AcDbEntity
  8
Plan 1
 62
   250
370
    20
100
AcDbSpline
210
0.0
220
0.0
230
1.0
 70
    11
 71
     3
 72
    17
 73
    13
 74
     0
 42
0.0000000001
 43
0.0000000001
 40
0.0
 40
0.0
 40
0.0
 40
0.0
 40
0.25
 40
0.25
 40
0.25
 40
0.5
 40
0.5
 40
0.5
 40
0.75
 40
0.75
 40
0.75
 40
1.0
 40
1.0
 40
1.0
 40
1.0
 10
-5.55804
 20
2.92379
 30
0.0
 10
-5.5592
 20
2.85618
 30
0.0
 10
-5.56037
 20
2.78857
 30
0.0
 10
-5.56153
 20
2.72096
 30
0.0
 10
-5.56153
 20
2.72096
 30
0.0
 10
-4.38572
 20
2.71344
 30
0.0
 10
-4.38572
 20
2.71344
 30
0.0
 10
-4.74047
 20
2.82553
 30
0.0
 10
-5.09521
 20
2.93762
 30
0.0
 10
-5.44995
 20
3.04972
 30
0.0
 10
-5.48598
 20
3.00774
 30
0.0
 10
-5.52201
 20
2.96576
 30
0.0
 10
-5.55804
 20
2.92379
 30
0.0
  0
SPLINE
  5
18F
330
1F
100
AcDbEntity
  8
Plan 1
 62
   250
370
    20
100
AcDbSpline
210
0.0
220
0.0
230
1.0
 70
    11
 71
     3
 72
    29
 73
    25
 74
     0
 42
0.0000000001
 43
0.0000000001
 40
0.0
 40
0.0
 40
0.0
 40
0.0
 40
0.125
 40
0.125
 40
0.125
 40
0.25
 40
0.25
 40
0.25
 40
0.375
 40
0.375
 40
0.375
 40
0.5
 40
0.5
 40
0.5
 40
0.625
 40
0.625
 40
0.625
 40
0.75
 40
0.75
 40
0.75
 40
0.875
 40
0.875
 40
0.875
 40
1.0
 40
1.0
 40
1.0
 40
1.0
 10
-5.56306
 20
2.63121
 30
0.0
 10
-5.56516
 20
2.50923
 30
0.0
 10
-5.56726
 20
2.38725
 30
0.0
 10
-5.56935
 20
2.26526
 30
0.0
 10
-5.56935
 20
2.26526
 30
0.0
 10
-4.08569
 20
2.24632
 30
0.0
 10
-4.08569
 20
2.24632
 30
0.0
 10
-4.08523
 20
2.24632
 30
0.0
 10
-4.08478
 20
2.24631
 30
0.0
 10
-4.08432
 20
2.24629
 30
0.0
 10
-4.08039
 20
2.25535
 30
0.0
 10
-4.07644
 20
2.2644
 30
0.0
 10
-4.07277
 20
2.27352
 30
0.0
 10
-4.03211
 20
2.37444
 30
0.0
 10
-3.99218
 20
2.47552
 30
0.0
 10
-3.95331
 20
2.5768
 30
0.0
 10
-4.02202
 20
2.59851
 30
0.0
 10
-4.09072
 20
2.62022
 30
0.0
 10
-4.15943
 20
2.64193
 30
0.0
 10
-4.16759
 20
2.63098
 30
0.0
 10
-4.18155
 20
2.62237
 30
0.0
 10
-4.20017
 20
2.62249
 30
0.0
 10
-4.20017
 20
2.62249
 30
0.0
 10
-5.56306
 20
2.63121
 30
0.0
 10
-5.56306
 20
2.63121
 30
0.0
  0
SPLINE
  5
190
330
1F
100
AcDbEntity
  8
Plan 1
 62
   250
370
    20
100
AcDbSpline
210
0.0
220
0.0
230
1.0
 70
    11
 71
     3
 72
    17
 73
    13
 74
     0
 42
0.0000000001
 43
0.0000000001
 40
0.0
 40
0.0
 40
0.0
 40
0.0
 40
0.25
 40
0.25
 40
0.25
 40
0.5
 40
0.5
 40
0.5
 40
0.75
 40
0.75
 40
0.75
 40
1.0
 40
1.0
 40
1.0
 40
1.0
 10
-5.71203
 20
2.3413
 30
0.0
 10
-5.71203
 20
2.3413
 30
0.0
 10
-5.80513
 20
2.11566
 30
0.0
 10
-5.80513
 20
2.11566
 30
0.0
 10
-5.80733
 20
2.11032
 30
0.0
 10
-5.81073
 20
2.10515
 30
0.0
 10
-5.81542
 20
2.10067
 30
0.0
 10
-5.78336
 20
2.04459
 30
0.0
 10
-5.75123
 20
1.98853
 30
0.0
 10
-5.71905
 20
1.93248
 30
0.0
 10
-5.71671
 20
2.06875
 30
0.0
 10
-5.71437
 20
2.20503
 30
0.0
 10
-5.71203
 20
2.3413
 30
0.0
  0
SPLINE
  5
191
330
1F
100
AcDbEntity
  8
Plan 1
 62
   250
370
    20
100
AcDbSpline
210
0.0
220
0.0
230
1.0
 70
    11
 71
     3
 72
    26
 73
    22
 74
     0
 42
0.0000000001
 43
0.0000000001
 40
0.0
 40
0.0
 40
0.0
 40
0.0
 40
0.1428571428571428
 40
0.1428571428571428
 40
0.1428571428571428
 40
0.2857142857142857
 40
0.2857142857142857
 40
0.2857142857142857
 40
0.4285714285714285
 40
0.4285714285714285
 40
0.4285714285714285
 40
0.5714285714285714
 40
0.5714285714285714
 40
0.5714285714285714
 40
0.7142857142857142
 40
0.7142857142857142
 40
0.7142857142857142
 40
0.8571428571428571
 40
0.8571428571428571
 40
0.8571428571428571
 40
1.0
 40
1.0
 40
1.0
 40
1.0
 10
-5.93673
 20
2.31352
 30
0.0
 10
-5.91581
 20
2.27669
 30
0.0
 10
-5.89485
 20
2.23987
 30
0.0
 10
-5.87387
 20
2.20306
 30
0.0
 10
-5.87387
 20
2.20306
 30
0.0
 10
-5.73843
 20
2.53131
 30
0.0
 10
-5.73843
 20
2.53131
 30
0.0
 10
-5.73379
 20
2.54255
 30
0.0
 10
-5.72328
 20
2.55325
 30
0.0
 10
-5.70831
 20
2.55776
 30
0.0
 10
-5.70631
 20
2.67426
 30
0.0
 10
-5.7043
 20
2.79077
 30
0.0
 10
-5.7023
 20
2.90727
 30
0.0
 10
-5.72302
 20
2.91735
 30
0.0
 10
-5.74374
 20
2.92742
 30
0.0
 10
-5.76446
 20
2.9375
 30
0.0
 10
-5.76446
 20
2.9375
 30
0.0
 10
-5.92455
 20
2.33392
 30
0.0
 10
-5.92455
 20
2.33392
 30
0.0
 10
-5.92647
 20
2.32666
 30
0.0
 10
-5.93046
 20
2.31948
 30
0.0
 10
-5.93673
 20
2.31352
 30
0.0
  0
SPLINE
  5
192
330
1F
100
AcDbEntity
  8
Plan 1
 62
   250
370
    20
100
AcDbSpline
210
0.0
220
0.0
230
1.0
 70
    11
 71
     3
 72
    20
 73
    16
 74
     0
 42
0.0000000001
 43
0.0000000001
 40
0.0
 40
0.0
 40
0.0
 40
0.0
 40
0.2
 40
0.2
 40
0.2
 40
0.4
 40
0.4
 40
0.4
 40
0.6000000000000001
 40
0.6000000000000001
 40
0.6000000000000001
 40
0.8
 40
0.8
 40
0.8
 40
1.0
 40
1.0
 40
1.0
 40
1.0
 10
-6.61374
 20
3.23473
 30
0.0
 10
-6.63109
 20
3.13745
 30
0.0
 10
-6.64576
 20
3.03993
 30
0.0
 10
-6.65843
 20
2.9423
 30
0.0
 10
-6.64892
 20
2.93812
 30
0.0
 10
-6.64175
 20
2.93143
 30
0.0
 10
-6.63725
 20
2.92403
 30
0.0
 10
-6.63725
 20
2.92403
 30
0.0
 10
-5.84951
 20
1.62813
 30
0.0
 10
-5.84951
 20
1.62813
 30
0.0
 10
-5.81504
 20
1.65009
 30
0.0
 10
-5.78064
 20
1.67209
 30
0.0
 10
-5.74632
 20
1.69416
 30
0.0
 10
-6.04134
 20
2.20601
 30
0.0
 10
-6.33228
 20
2.71905
 30
0.0
 10
-6.61374
 20
3.23473
 30
0.0
  0
SPLINE
  5
193
330
1F
100
AcDbEntity
  8
Plan 1
 62
   250
370
    20
100
AcDbSpline
210
0.0
220
0.0
230
1.0
 70
    11
 71
     3
 72
    23
 73
    19
 74
     0
 42
0.0000000001
 43
0.0000000001
 40
0.0
 40
0.0
 40
0.0
 40
0.0
 40
0.1666666666666667
 40
0.1666666666666667
 40
0.1666666666666667
 40
0.3333333333333333
 40
0.3333333333333333
 40
0.3333333333333333
 40
0.5
 40
0.5
 40
0.5
 40
0.6666666666666666
 40
0.6666666666666666
 40
0.6666666666666666
 40
0.8333333333333333
 40
0.8333333333333333
 40
0.8333333333333333
 40
1.0
 40
1.0
 40
1.0
 40
1.0
 10
-6.67532
 20
2.80188
 30
0.0
 10
-6.6811
 20
2.75006
 30
0.0
 10
-6.68638
 20
2.69821
 30
0.0
 10
-6.69128
 20
2.64635
 30
0.0
 10
-6.69128
 20
2.64635
 30
0.0
 10
-6.69506
 20
2.55729
 30
0.0
 10
-6.69506
 20
2.55729
 30
0.0
 10
-6.68423
 20
2.55342
 30
0.0
 10
-6.67593
 20
2.54632
 30
0.0
 10
-6.67087
 20
2.53829
 30
0.0
 10
-6.67087
 20
2.53829
 30
0.0
 10
-6.0259
 20
1.51663
 30
0.0
 10
-6.0259
 20
1.51663
 30
0.0
 10
-5.99407
 20
1.53661
 30
0.0
 10
-5.96229
 20
1.55663
 30
0.0
 10
-5.93057
 20
1.57669
 30
0.0
 10
-5.93057
 20
1.57669
 30
0.0
 10
-6.67532
 20
2.80188
 30
0.0
 10
-6.67532
 20
2.80188
 30
0.0
  0
SPLINE
  5
194
330
1F
100
AcDbEntity
  8
Plan 1
 62
   250
370
    20
100
AcDbSpline
210
0.0
220
0.0
230
1.0
 70
    11
 71
     3
 72
    20
 73
    16
 74
     0
 42
0.0000000001
 43
0.0000000001
 40
0.0
 40
0.0
 40
0.0
 40
0.0
 40
0.2
 40
0.2
 40
0.2
 40
0.4
 40
0.4
 40
0.4
 40
0.6000000000000001
 40
0.6000000000000001
 40
0.6000000000000001
 40
0.8
 40
0.8
 40
0.8
 40
1.0
 40
1.0
 40
1.0
 40
1.0
 10
-6.70143
 20
2.40711
 30
0.0
 10
-6.70143
 20
2.40711
 30
0.0
 10
-6.71124
 20
2.17585
 30
0.0
 10
-6.71124
 20
2.17585
 30
0.0
 10
-6.7003
 20
2.17195
 30
0.0
 10
-6.69195
 20
2.16474
 30
0.0
 10
-6.6869
 20
2.15662
 30
0.0
 10
-6.6869
 20
2.15662
 30
0.0
 10
-6.21515
 20
1.39864
 30
0.0
 10
-6.21515
 20
1.39864
 30
0.0
 10
-6.17909
 20
1.42097
 30
0.0
 10
-6.1431
 20
1.44334
 30
0.0
 10
-6.10717
 20
1.46577
 30
0.0
 10
-6.10717
 20
1.46577
 30
0.0
 10
-6.70143
 20
2.40711
 30
0.0
 10
-6.70143
 20
2.40711
 30
0.0
  0
SPLINE
  5
195
330
1F
100
AcDbEntity
  8
Plan 1
 62
   250
370
    20
100
AcDbSpline
210
0.0
220
0.0
230
1.0
 70
    11
 71
     3
 72
    20
 73
    16
 74
     0
 42
0.0000000001
 43
0.0000000001
 40
0.0
 40
0.0
 40
0.0
 40
0.0
 40
0.2
 40
0.2
 40
0.2
 40
0.4
 40
0.4
 40
0.4
 40
0.6000000000000001
 40
0.6000000000000001
 40
0.6000000000000001
 40
0.8
 40
0.8
 40
0.8
 40
1.0
 40
1.0
 40
1.0
 40
1.0
 10
-6.71766
 20
2.02453
 30
0.0
 10
-6.71766
 20
2.02453
 30
0.0
 10
-6.72574
 20
1.83397
 30
0.0
 10
-6.72574
 20
1.83397
 30
0.0
 10
-6.71435
 20
1.8299
 30
0.0
 10
-6.70579
 20
1.82226
 30
0.0
 10
-6.7008
 20
1.81374
 30
0.0
 10
-6.7008
 20
1.81374
 30
0.0
 10
-6.39323
 20
1.28892
 30
0.0
 10
-6.39323
 20
1.28892
 30
0.0
 10
-6.36103
 20
1.30866
 30
0.0
 10
-6.32887
 20
1.32843
 30
0.0
 10
-6.29674
 20
1.34823
 30
0.0
 10
-6.29674
 20
1.34823
 30
0.0
 10
-6.71766
 20
2.02453
 30
0.0
 10
-6.71766
 20
2.02453
 30
0.0
  0
SPLINE
  5
196
330
1F
100
AcDbEntity
  8
Plan 1
 62
   250
370
    20
100
AcDbSpline
210
0.0
220
0.0
230
1.0
 70
    11
 71
     3
 72
    14
 73
    10
 74
     0
 42
0.0000000001
 43
0.0000000001
 40
0.0
 40
0.0
 40
0.0
 40
0.0
 40
0.3333333333333333
 40
0.3333333333333333
 40
0.3333333333333333
 40
0.6666666666666666
 40
0.6666666666666666
 40
0.6666666666666666
 40
1.0
 40
1.0
 40
1.0
 40
1.0
 10
-6.73237
 20
1.67758
 30
0.0
 10
-6.73237
 20
1.67758
 30
0.0
 10
-6.75827
 20
1.06695
 30
0.0
 10
-6.75827
 20
1.06695
 30
0.0
 10
-6.66372
 20
1.12406
 30
0.0
 10
-6.56933
 20
1.18131
 30
0.0
 10
-6.47521
 20
1.23877
 30
0.0
 10
-6.47521
 20
1.23877
 30
0.0
 10
-6.73237
 20
1.67758
 30
0.0
 10
-6.73237
 20
1.67758
 30
0.0
  0
SPLINE
  5
197
330
1F
100
AcDbEntity
  8
Plan 1
 62
   250
370
    20
100
AcDbSpline
210
0.0
220
0.0
230
1.0
 70
    11
 71
     3
 72
    14
 73
    10
 74
     0
 42
0.0000000001
 43
0.0000000001
 40
0.0
 40
0.0
 40
0.0
 40
0.0
 40
0.3333333333333333
 40
0.3333333333333333
 40
0.3333333333333333
 40
0.6666666666666666
 40
0.6666666666666666
 40
0.6666666666666666
 40
1.0
 40
1.0
 40
1.0
 40
1.0
 10
-6.84575
 20
2.39976
 30
0.0
 10
-6.84575
 20
2.39976
 30
0.0
 10
-7.45324
 20
1.48696
 30
0.0
 10
-7.45324
 20
1.48696
 30
0.0
 10
-7.45324
 20
1.48696
 30
0.0
 10
-6.9608
 20
-0.31122
 30
0.0
 10
-6.9608
 20
-0.31122
 30
0.0
 10
-6.9608
 20
-0.31122
 30
0.0
 10
-6.84575
 20
2.39976
 30
0.0
 10
-6.84575
 20
2.39976
 30
0.0
  0
SPLINE
  5
198
330
1F
100
AcDbEntity
  8
Plan 1
 62
   250
370
    20
100
AcDbSpline
210
0.0
220
0.0
230
1.0
 70
    11
 71
     3
 72
    20
 73
    16
 74
     0
 42
0.0000000001
 43
0.0000000001
 40
0.0
 40
0.0
 40
0.0
 40
0.0
 40
0.2
 40
0.2
 40
0.2
 40
0.4
 40
0.4
 40
0.4
 40
0.6000000000000001
 40
0.6000000000000001
 40
0.6000000000000001
 40
0.8
 40
0.8
 40
0.8
 40
1.0
 40
1.0
 40
1.0
 40
1.0
 10
-7.55869
 20
1.32851
 30
0.0
 10
-7.55869
 20
1.32851
 30
0.0
 10
-8.22669
 20
0.32478
 30
0.0
 10
-8.22669
 20
0.32478
 30
0.0
 10
-8.22669
 20
0.32478
 30
0.0
 10
-8.22516
 20
-0.55672
 30
0.0
 10
-8.22516
 20
-0.55672
 30
0.0
 10
-8.22516
 20
-0.55672
 30
0.0
 10
-7.49177
 20
-1.54821
 30
0.0
 10
-7.49177
 20
-1.54821
 30
0.0
 10
-7.49177
 20
-1.54821
 30
0.0
 10
-6.98586
 20
-0.76322
 30
0.0
 10
-6.98586
 20
-0.76322
 30
0.0
 10
-6.98586
 20
-0.76322
 30
0.0
 10
-7.55869
 20
1.32851
 30
0.0
 10
-7.55869
 20
1.32851
 30
0.0
  0
SPLINE
  5
199
330
1F
100
AcDbEntity
  8
Plan 1
 62
   250
370
    20
100
AcDbSpline
210
0.0
220
0.0
230
1.0
 70
    11
 71
     3
 72
    23
 73
    19
 74
     0
 42
0.0000000001
 43
0.0000000001
 40
0.0
 40
0.0
 40
0.0
 40
0.0
 40
0.1666666666666667
 40
0.1666666666666667
 40
0.1666666666666667
 40
0.3333333333333333
 40
0.3333333333333333
 40
0.3333333333333333
 40
0.5
 40
0.5
 40
0.5
 40
0.6666666666666666
 40
0.6666666666666666
 40
0.6666666666666666
 40
0.8333333333333333
 40
0.8333333333333333
 40
0.8333333333333333
 40
1.0
 40
1.0
 40
1.0
 40
1.0
 10
1.78066
 20
6.96199
 30
0.0
 10
1.78066
 20
6.96199
 30
0.0
 10
0.99583
 20
6.61714
 30
0.0
 10
0.99583
 20
6.61714
 30
0.0
 10
0.99079
 20
6.61492
 30
0.0
 10
0.98533
 20
6.61351
 30
0.0
 10
0.97974
 20
6.61296
 30
0.0
 10
0.9729
 20
6.58569
 30
0.0
 10
0.96606
 20
6.55843
 30
0.0
 10
0.95922
 20
6.53116
 30
0.0
 10
0.95922
 20
6.53116
 30
0.0
 10
1.78188
 20
6.89473
 30
0.0
 10
1.78188
 20
6.89473
 30
0.0
 10
1.78278
 20
6.89513
 30
0.0
 10
1.7837
 20
6.8955
 30
0.0
 10
1.78463
 20
6.89585
 30
0.0
 10
1.7833
 20
6.9179
 30
0.0
 10
1.78198
 20
6.93994
 30
0.0
 10
1.78066
 20
6.96199
 30
0.0
  0
SPLINE
  5
19A
330
1F
100
AcDbEntity
  8
Plan 1
 62
   250
370
    20
100
AcDbSpline
210
0.0
220
0.0
230
1.0
 70
    11
 71
     3
 72
    26
 73
    22
 74
     0
 42
0.0000000001
 43
0.0000000001
 40
0.0
 40
0.0
 40
0.0
 40
0.0
 40
0.1428571428571428
 40
0.1428571428571428
 40
0.1428571428571428
 40
0.2857142857142857
 40
0.2857142857142857
 40
0.2857142857142857
 40
0.4285714285714285
 40
0.4285714285714285
 40
0.4285714285714285
 40
0.5714285714285714
 40
0.5714285714285714
 40
0.5714285714285714
 40
0.7142857142857142
 40
0.7142857142857142
 40
0.7142857142857142
 40
0.8571428571428571
 40
0.8571428571428571
 40
0.8571428571428571
 40
1.0
 40
1.0
 40
1.0
 40
1.0
 10
0.93187
 20
6.42215
 30
0.0
 10
0.92799
 20
6.40666
 30
0.0
 10
0.9241
 20
6.39116
 30
0.0
 10
0.92021
 20
6.37567
 30
0.0
 10
0.92072
 20
6.35656
 30
0.0
 10
0.92123
 20
6.33746
 30
0.0
 10
0.92174
 20
6.31836
 30
0.0
 10
0.92174
 20
6.31836
 30
0.0
 10
1.79468
 20
6.69121
 30
0.0
 10
1.79468
 20
6.69121
 30
0.0
 10
1.79539
 20
6.69151
 30
0.0
 10
1.79611
 20
6.6918
 30
0.0
 10
1.79684
 20
6.69207
 30
0.0
 10
1.79471
 20
6.7276
 30
0.0
 10
1.79258
 20
6.76313
 30
0.0
 10
1.79045
 20
6.79866
 30
0.0
 10
1.79045
 20
6.79866
 30
0.0
 10
0.94806
 20
6.42638
 30
0.0
 10
0.94806
 20
6.42638
 30
0.0
 10
0.94299
 20
6.42413
 30
0.0
 10
0.93751
 20
6.42271
 30
0.0
 10
0.93187
 20
6.42215
 30
0.0
  0
SPLINE
  5
19B
330
1F
100
AcDbEntity
  8
Plan 1
 62
   250
370
    20
100
AcDbSpline
210
0.0
220
0.0
230
1.0
 70
    11
 71
     3
 72
    23
 73
    19
 74
     0
 42
0.0000000001
 43
0.0000000001
 40
0.0
 40
0.0
 40
0.0
 40
0.0
 40
0.1666666666666667
 40
0.1666666666666667
 40
0.1666666666666667
 40
0.3333333333333333
 40
0.3333333333333333
 40
0.3333333333333333
 40
0.5
 40
0.5
 40
0.5
 40
0.6666666666666666
 40
0.6666666666666666
 40
0.6666666666666666
 40
0.8333333333333333
 40
0.8333333333333333
 40
0.8333333333333333
 40
1.0
 40
1.0
 40
1.0
 40
1.0
 10
0.68873
 20
6.15657
 30
0.0
 10
0.12182
 20
5.67746
 30
0.0
 10
-0.44507
 20
5.19833
 30
0.0
 10
-1.01197
 20
4.71921
 30
0.0
 10
-0.95873
 20
4.69474
 30
0.0
 10
-0.90551
 20
4.67027
 30
0.0
 10
-0.85228
 20
4.6458
 30
0.0
 10
-0.8509
 20
4.64717
 30
0.0
 10
-0.84941
 20
4.64849
 30
0.0
 10
-0.8478
 20
4.64974
 30
0.0
 10
-0.8478
 20
4.64974
 30
0.0
 10
0.48733
 20
5.68199
 30
0.0
 10
0.48733
 20
5.68199
 30
0.0
 10
0.49589
 20
5.68861
 30
0.0
 10
0.50705
 20
5.69238
 30
0.0
 10
0.51862
 20
5.69248
 30
0.0
 10
0.57533
 20
5.84717
 30
0.0
 10
0.63203
 20
6.00187
 30
0.0
 10
0.68873
 20
6.15657
 30
0.0
  0
SPLINE
  5
19C
330
1F
100
AcDbEntity
  8
Plan 1
 62
   250
370
    20
100
AcDbSpline
210
0.0
220
0.0
230
1.0
 70
    11
 71
     3
 72
    50
 73
    46
 74
     0
 42
0.0000000001
 43
0.0000000001
 40
0.0
 40
0.0
 40
0.0
 40
0.0
 40
0.0666666666666667
 40
0.0666666666666667
 40
0.0666666666666667
 40
0.1333333333333333
 40
0.1333333333333333
 40
0.1333333333333333
 40
0.2
 40
0.2
 40
0.2
 40
0.2666666666666667
 40
0.2666666666666667
 40
0.2666666666666667
 40
0.3333333333333333
 40
0.3333333333333333
 40
0.3333333333333333
 40
0.4
 40
0.4
 40
0.4
 40
0.4666666666666667
 40
0.4666666666666667
 40
0.4666666666666667
 40
0.5333333333333333
 40
0.5333333333333333
 40
0.5333333333333333
 40
0.6
 40
0.6
 40
0.6
 40
0.6666666666666666
 40
0.6666666666666666
 40
0.6666666666666666
 40
0.7333333333333333
 40
0.7333333333333333
 40
0.7333333333333333
 40
0.8
 40
0.8
 40
0.8
 40
0.8666666666666667
 40
0.8666666666666667
 40
0.8666666666666667
 40
0.9333333333333333
 40
0.9333333333333333
 40
0.9333333333333333
 40
1.0
 40
1.0
 40
1.0
 40
1.0
 10
-2.02304
 20
3.62095
 30
0.0
 10
-2.0319
 20
3.6157
 30
0.0
 10
-2.04134
 20
3.60757
 30
0.0
 10
-2.04869
 20
3.60159
 30
0.0
 10
-2.06171
 20
3.591
 30
0.0
 10
-2.07464
 20
3.58039
 30
0.0
 10
-2.08861
 20
3.57041
 30
0.0
 10
-2.09667
 20
3.56466
 30
0.0
 10
-2.10505
 20
3.55911
 30
0.0
 10
-2.11394
 20
3.55401
 30
0.0
 10
-2.15472
 20
3.53058
 30
0.0
 10
-2.20231
 20
3.51916
 30
0.0
 10
-2.25469
 20
3.52007
 30
0.0
 10
-2.26595
 20
3.52026
 30
0.0
 10
-2.2772
 20
3.521
 30
0.0
 10
-2.28837
 20
3.52202
 30
0.0
 10
-2.30684
 20
3.52369
 30
0.0
 10
-2.3251
 20
3.52615
 30
0.0
 10
-2.34348
 20
3.52817
 30
0.0
 10
-2.35655
 20
3.52961
 30
0.0
 10
-2.37215
 20
3.53125
 30
0.0
 10
-2.38535
 20
3.53043
 30
0.0
 10
-2.39152
 20
3.53004
 30
0.0
 10
-2.40173
 20
3.52866
 30
0.0
 10
-2.40536
 20
3.52454
 30
0.0
 10
-2.41002
 20
3.51925
 30
0.0
 10
-2.40314
 20
3.50944
 30
0.0
 10
-2.39937
 20
3.50492
 30
0.0
 10
-2.38373
 20
3.48619
 30
0.0
 10
-2.35165
 20
3.46654
 30
0.0
 10
-2.32663
 20
3.45425
 30
0.0
 10
-2.31114
 20
3.44664
 30
0.0
 10
-2.29428
 20
3.43969
 30
0.0
 10
-2.27681
 20
3.43465
 30
0.0
 10
-2.23265
 20
3.42191
 30
0.0
 10
-2.18824
 20
3.4231
 30
0.0
 10
-2.14684
 20
3.43977
 30
0.0
 10
-2.10615
 20
3.45616
 30
0.0
 10
-2.07432
 20
3.485
 30
0.0
 10
-2.05458
 20
3.5147
 30
0.0
 10
-2.03665
 20
3.54168
 30
0.0
 10
-2.02454
 20
3.57575
 30
0.0
 10
-2.02259
 20
3.60562
 30
0.0
 10
-2.02241
 20
3.60838
 30
0.0
 10
-2.02215
 20
3.61574
 30
0.0
 10
-2.02304
 20
3.62095
 30
0.0
  0
SPLINE
  5
19D
330
1F
100
AcDbEntity
  8
Plan 1
 62
   250
370
    20
100
AcDbSpline
210
0.0
220
0.0
230
1.0
 70
    11
 71
     3
 72
   272
 73
   268
 74
     0
 42
0.0000000001
 43
0.0000000001
 40
0.0
 40
0.0
 40
0.0
 40
0.0
 40
0.0112359550561798
 40
0.0112359550561798
 40
0.0112359550561798
 40
0.0224719101123595
 40
0.0224719101123595
 40
0.0224719101123595
 40
0.0337078651685393
 40
0.0337078651685393
 40
0.0337078651685393
 40
0.0449438202247191
 40
0.0449438202247191
 40
0.0449438202247191
 40
0.0561797752808989
 40
0.0561797752808989
 40
0.0561797752808989
 40
0.0674157303370786
 40
0.0674157303370786
 40
0.0674157303370786
 40
0.0786516853932584
 40
0.0786516853932584
 40
0.0786516853932584
 40
0.0898876404494382
 40
0.0898876404494382
 40
0.0898876404494382
 40
0.101123595505618
 40
0.101123595505618
 40
0.101123595505618
 40
0.1123595505617977
 40
0.1123595505617977
 40
0.1123595505617977
 40
0.1235955056179775
 40
0.1235955056179775
 40
0.1235955056179775
 40
0.1348314606741573
 40
0.1348314606741573
 40
0.1348314606741573
 40
0.1460674157303371
 40
0.1460674157303371
 40
0.1460674157303371
 40
0.1573033707865168
 40
0.1573033707865168
 40
0.1573033707865168
 40
0.1685393258426966
 40
0.1685393258426966
 40
0.1685393258426966
 40
0.1797752808988764
 40
0.1797752808988764
 40
0.1797752808988764
 40
0.1910112359550562
 40
0.1910112359550562
 40
0.1910112359550562
 40
0.2022471910112359
 40
0.2022471910112359
 40
0.2022471910112359
 40
0.2134831460674157
 40
0.2134831460674157
 40
0.2134831460674157
 40
0.2247191011235955
 40
0.2247191011235955
 40
0.2247191011235955
 40
0.2359550561797753
 40
0.2359550561797753
 40
0.2359550561797753
 40
0.247191011235955
 40
0.247191011235955
 40
0.247191011235955
 40
0.2584269662921348
 40
0.2584269662921348
 40
0.2584269662921348
 40
0.2696629213483146
 40
0.2696629213483146
 40
0.2696629213483146
 40
0.2808988764044944
 40
0.2808988764044944
 40
0.2808988764044944
 40
0.2921348314606741
 40
0.2921348314606741
 40
0.2921348314606741
 40
0.3033707865168539
 40
0.3033707865168539
 40
0.3033707865168539
 40
0.3146067415730337
 40
0.3146067415730337
 40
0.3146067415730337
 40
0.3258426966292135
 40
0.3258426966292135
 40
0.3258426966292135
 40
0.3370786516853932
 40
0.3370786516853932
 40
0.3370786516853932
 40
0.348314606741573
 40
0.348314606741573
 40
0.348314606741573
 40
0.3595505617977528
 40
0.3595505617977528
 40
0.3595505617977528
 40
0.3707865168539326
 40
0.3707865168539326
 40
0.3707865168539326
 40
0.3820224719101123
 40
0.3820224719101123
 40
0.3820224719101123
 40
0.3932584269662921
 40
0.3932584269662921
 40
0.3932584269662921
 40
0.4044943820224719
 40
0.4044943820224719
 40
0.4044943820224719
 40
0.4157303370786517
 40
0.4157303370786517
 40
0.4157303370786517
 40
0.4269662921348314
 40
0.4269662921348314
 40
0.4269662921348314
 40
0.4382022471910112
 40
0.4382022471910112
 40
0.4382022471910112
 40
0.449438202247191
 40
0.449438202247191
 40
0.449438202247191
 40
0.4606741573033708
 40
0.4606741573033708
 40
0.4606741573033708
 40
0.4719101123595505
 40
0.4719101123595505
 40
0.4719101123595505
 40
0.4831460674157303
 40
0.4831460674157303
 40
0.4831460674157303
 40
0.4943820224719101
 40
0.4943820224719101
 40
0.4943820224719101
 40
0.5056179775280899
 40
0.5056179775280899
 40
0.5056179775280899
 40
0.5168539325842696
 40
0.5168539325842696
 40
0.5168539325842696
 40
0.5280898876404494
 40
0.5280898876404494
 40
0.5280898876404494
 40
0.5393258426966292
 40
0.5393258426966292
 40
0.5393258426966292
 40
0.550561797752809
 40
0.550561797752809
 40
0.550561797752809
 40
0.5617977528089888
 40
0.5617977528089888
 40
0.5617977528089888
 40
0.5730337078651685
 40
0.5730337078651685
 40
0.5730337078651685
 40
0.5842696629213483
 40
0.5842696629213483
 40
0.5842696629213483
 40
0.5955056179775281
 40
0.5955056179775281
 40
0.5955056179775281
 40
0.6067415730337078
 40
0.6067415730337078
 40
0.6067415730337078
 40
0.6179775280898876
 40
0.6179775280898876
 40
0.6179775280898876
 40
0.6292134831460674
 40
0.6292134831460674
 40
0.6292134831460674
 40
0.6404494382022472
 40
0.6404494382022472
 40
0.6404494382022472
 40
0.651685393258427
 40
0.651685393258427
 40
0.651685393258427
 40
0.6629213483146067
 40
0.6629213483146067
 40
0.6629213483146067
 40
0.6741573033707865
 40
0.6741573033707865
 40
0.6741573033707865
 40
0.6853932584269663
 40
0.6853932584269663
 40
0.6853932584269663
 40
0.696629213483146
 40
0.696629213483146
 40
0.696629213483146
 40
0.7078651685393258
 40
0.7078651685393258
 40
0.7078651685393258
 40
0.7191011235955056
 40
0.7191011235955056
 40
0.7191011235955056
 40
0.7303370786516854
 40
0.7303370786516854
 40
0.7303370786516854
 40
0.7415730337078652
 40
0.7415730337078652
 40
0.7415730337078652
 40
0.7528089887640449
 40
0.7528089887640449
 40
0.7528089887640449
 40
0.7640449438202247
 40
0.7640449438202247
 40
0.7640449438202247
 40
0.7752808988764045
 40
0.7752808988764045
 40
0.7752808988764045
 40
0.7865168539325842
 40
0.7865168539325842
 40
0.7865168539325842
 40
0.797752808988764
 40
0.797752808988764
 40
0.797752808988764
 40
0.8089887640449438
 40
0.8089887640449438
 40
0.8089887640449438
 40
0.8202247191011236
 40
0.8202247191011236
 40
0.8202247191011236
 40
0.8314606741573034
 40
0.8314606741573034
 40
0.8314606741573034
 40
0.8426966292134831
 40
0.8426966292134831
 40
0.8426966292134831
 40
0.8539325842696629
 40
0.8539325842696629
 40
0.8539325842696629
 40
0.8651685393258427
 40
0.8651685393258427
 40
0.8651685393258427
 40
0.8764044943820224
 40
0.8764044943820224
 40
0.8764044943820224
 40
0.8876404494382022
 40
0.8876404494382022
 40
0.8876404494382022
 40
0.898876404494382
 40
0.898876404494382
 40
0.898876404494382
 40
0.9101123595505618
 40
0.9101123595505618
 40
0.9101123595505618
 40
0.9213483146067416
 40
0.9213483146067416
 40
0.9213483146067416
 40
0.9325842696629213
 40
0.9325842696629213
 40
0.9325842696629213
 40
0.9438202247191011
 40
0.9438202247191011
 40
0.9438202247191011
 40
0.9550561797752809
 40
0.9550561797752809
 40
0.9550561797752809
 40
0.9662921348314606
 40
0.9662921348314606
 40
0.9662921348314606
 40
0.9775280898876404
 40
0.9775280898876404
 40
0.9775280898876404
 40
0.9887640449438202
 40
0.9887640449438202
 40
0.9887640449438202
 40
1.0
 40
1.0
 40
1.0
 40
1.0
 10
-1.61272
 20
3.15128
 30
0.0
 10
-1.61159
 20
3.15388
 30
0.0
 10
-1.61171
 20
3.15928
 30
0.0
 10
-1.61185
 20
3.16118
 30
0.0
 10
-1.61251
 20
3.17033
 30
0.0
 10
-1.61535
 20
3.18009
 30
0.0
 10
-1.61826
 20
3.18901
 30
0.0
 10
-1.63205
 20
3.23126
 30
0.0
 10
-1.66565
 20
3.29723
 30
0.0
 10
-1.64962
 20
3.33908
 30
0.0
 10
-1.64664
 20
3.34684
 30
0.0
 10
-1.64188
 20
3.35402
 30
0.0
 10
-1.63546
 20
3.36065
 30
0.0
 10
-1.6217
 20
3.37489
 30
0.0
 10
-1.60165
 20
3.38539
 30
0.0
 10
-1.58232
 20
3.39556
 30
0.0
 10
-1.56229
 20
3.4061
 30
0.0
 10
-1.54293
 20
3.41641
 30
0.0
 10
-1.52685
 20
3.4301
 30
0.0
 10
-1.48769
 20
3.46344
 30
0.0
 10
-1.46139
 20
3.52199
 30
0.0
 10
-1.45375
 20
3.56446
 30
0.0
 10
-1.45161
 20
3.57634
 30
0.0
 10
-1.44908
 20
3.59498
 30
0.0
 10
-1.4595
 20
3.60542
 30
0.0
 10
-1.46741
 20
3.61335
 30
0.0
 10
-1.48304
 20
3.61717
 30
0.0
 10
-1.49572
 20
3.61946
 30
0.0
 10
-1.51236
 20
3.62248
 30
0.0
 10
-1.53031
 20
3.62405
 30
0.0
 10
-1.54737
 20
3.62534
 30
0.0
 10
-1.56866
 20
3.62695
 30
0.0
 10
-1.59004
 20
3.62806
 30
0.0
 10
-1.61138
 20
3.62926
 30
0.0
 10
-1.63964
 20
3.63085
 30
0.0
 10
-1.66835
 20
3.63247
 30
0.0
 10
-1.69632
 20
3.63576
 30
0.0
 10
-1.71623
 20
3.63811
 30
0.0
 10
-1.73551
 20
3.64167
 30
0.0
 10
-1.75525
 20
3.64435
 30
0.0
 10
-1.7667
 20
3.64591
 30
0.0
 10
-1.78088
 20
3.64751
 30
0.0
 10
-1.79233
 20
3.64528
 30
0.0
 10
-1.80115
 20
3.64356
 30
0.0
 10
-1.80782
 20
3.63967
 30
0.0
 10
-1.81362
 20
3.63478
 30
0.0
 10
-1.82222
 20
3.62753
 30
0.0
 10
-1.82936
 20
3.61795
 30
0.0
 10
-1.83526
 20
3.60948
 30
0.0
 10
-1.84404
 20
3.59688
 30
0.0
 10
-1.85183
 20
3.58381
 30
0.0
 10
-1.85955
 20
3.57087
 30
0.0
 10
-1.87934
 20
3.53773
 30
0.0
 10
-1.89883
 20
3.50488
 30
0.0
 10
-1.92328
 20
3.47326
 30
0.0
 10
-1.97168
 20
3.41068
 30
0.0
 10
-2.04978
 20
3.33922
 30
0.0
 10
-2.14781
 20
3.31442
 30
0.0
 10
-2.24803
 20
3.28905
 30
0.0
 10
-2.35707
 20
3.31573
 30
0.0
 10
-2.44563
 20
3.35069
 30
0.0
 10
-2.47136
 20
3.36086
 30
0.0
 10
-2.49631
 20
3.37207
 30
0.0
 10
-2.52046
 20
3.38402
 30
0.0
 10
-2.58427
 20
3.41558
 30
0.0
 10
-2.64666
 20
3.45395
 30
0.0
 10
-2.69865
 20
3.49503
 30
0.0
 10
-2.74457
 20
3.53131
 30
0.0
 10
-2.78397
 20
3.57163
 30
0.0
 10
-2.80767
 20
3.61763
 30
0.0
 10
-2.81168
 20
3.62542
 30
0.0
 10
-2.8151
 20
3.63359
 30
0.0
 10
-2.81964
 20
3.64121
 30
0.0
 10
-2.82162
 20
3.64455
 30
0.0
 10
-2.82496
 20
3.64969
 30
0.0
 10
-2.82932
 20
3.65183
 30
0.0
 10
-2.83737
 20
3.65579
 30
0.0
 10
-2.8561
 20
3.65068
 30
0.0
 10
-2.86374
 20
3.64846
 30
0.0
 10
-2.88367
 20
3.64267
 30
0.0
 10
-2.90386
 20
3.6343
 30
0.0
 10
-2.92212
 20
3.62624
 30
0.0
 10
-2.94637
 20
3.61555
 30
0.0
 10
-2.96995
 20
3.60385
 30
0.0
 10
-2.99266
 20
3.59159
 30
0.0
 10
-3.02399
 20
3.57465
 30
0.0
 10
-3.0572
 20
3.555
 30
0.0
 10
-3.0832
 20
3.53398
 30
0.0
 10
-3.10061
 20
3.51991
 30
0.0
 10
-3.12652
 20
3.49543
 30
0.0
 10
-3.1167
 20
3.47523
 30
0.0
 10
-3.11271
 20
3.46703
 30
0.0
 10
-3.10357
 20
3.46059
 30
0.0
 10
-3.09385
 20
3.45563
 30
0.0
 10
-3.07754
 20
3.4473
 30
0.0
 10
-3.05645
 20
3.44094
 30
0.0
 10
-3.03826
 20
3.43484
 30
0.0
 10
-3.00602
 20
3.42402
 30
0.0
 10
-2.96572
 20
3.41002
 30
0.0
 10
-2.95373
 20
3.38423
 30
0.0
 10
-2.93592
 20
3.34594
 30
0.0
 10
-2.98633
 20
3.2873
 30
0.0
 10
-3.00474
 20
3.25047
 30
0.0
 10
-3.0107
 20
3.23854
 30
0.0
 10
-3.01825
 20
3.22011
 30
0.0
 10
-3.00952
 20
3.20796
 30
0.0
 10
-3.00314
 20
3.1991
 30
0.0
 10
-2.98861
 20
3.19411
 30
0.0
 10
-2.97598
 20
3.19098
 30
0.0
 10
-2.95704
 20
3.1863
 30
0.0
 10
-2.93523
 20
3.18372
 30
0.0
 10
-2.91546
 20
3.18125
 30
0.0
 10
-2.8953
 20
3.17874
 30
0.0
 10
-2.87456
 20
3.17644
 30
0.0
 10
-2.85478
 20
3.17271
 30
0.0
 10
-2.8392
 20
3.16977
 30
0.0
 10
-2.81901
 20
3.16504
 30
0.0
 10
-2.80999
 20
3.15485
 30
0.0
 10
-2.80842
 20
3.15307
 30
0.0
 10
-2.8072
 20
3.15115
 30
0.0
 10
-2.80637
 20
3.14914
 30
0.0
 10
-2.79907
 20
3.13143
 30
0.0
 10
-2.82497
 20
3.1107
 30
0.0
 10
-2.83906
 20
3.09756
 30
0.0
 10
-2.84656
 20
3.09056
 30
0.0
 10
-2.8593
 20
3.07885
 30
0.0
 10
-2.86202
 20
3.07025
 30
0.0
 10
-2.86273
 20
3.06797
 30
0.0
 10
-2.86278
 20
3.06569
 30
0.0
 10
-2.86188
 20
3.06344
 30
0.0
 10
-2.85902
 20
3.05625
 30
0.0
 10
-2.84752
 20
3.05104
 30
0.0
 10
-2.83855
 20
3.04812
 30
0.0
 10
-2.82165
 20
3.04262
 30
0.0
 10
-2.80109
 20
3.0406
 30
0.0
 10
-2.78263
 20
3.0406
 30
0.0
 10
-2.77037
 20
3.0406
 30
0.0
 10
-2.75801
 20
3.04144
 30
0.0
 10
-2.74585
 20
3.04252
 30
0.0
 10
-2.72336
 20
3.04451
 30
0.0
 10
-2.70067
 20
3.04767
 30
0.0
 10
-2.67811
 20
3.04884
 30
0.0
 10
-2.65899
 20
3.04982
 30
0.0
 10
-2.63511
 20
3.04953
 30
0.0
 10
-2.62202
 20
3.0379
 30
0.0
 10
-2.61199
 20
3.02899
 30
0.0
 10
-2.61198
 20
3.0165
 30
0.0
 10
-2.61374
 20
3.00574
 30
0.0
 10
-2.61564
 20
2.99407
 30
0.0
 10
-2.6198
 20
2.9823
 30
0.0
 10
-2.62342
 20
2.97084
 30
0.0
 10
-2.62695
 20
2.95964
 30
0.0
 10
-2.63183
 20
2.94478
 30
0.0
 10
-2.63062
 20
2.93333
 30
0.0
 10
-2.63001
 20
2.92754
 30
0.0
 10
-2.6275
 20
2.92131
 30
0.0
 10
-2.62084
 20
2.91754
 30
0.0
 10
-2.6047
 20
2.9084
 30
0.0
 10
-2.57563
 20
2.91774
 30
0.0
 10
-2.56097
 20
2.92415
 30
0.0
 10
-2.54525
 20
2.93104
 30
0.0
 10
-2.53024
 20
2.94018
 30
0.0
 10
-2.51638
 20
2.94883
 30
0.0
 10
-2.4991
 20
2.95961
 30
0.0
 10
-2.48197
 20
2.97128
 30
0.0
 10
-2.46368
 20
2.98115
 30
0.0
 10
-2.44924
 20
2.98893
 30
0.0
 10
-2.42757
 20
2.99912
 30
0.0
 10
-2.40947
 20
2.99091
 30
0.0
 10
-2.39422
 20
2.98399
 30
0.0
 10
-2.3919
 20
2.96723
 30
0.0
 10
-2.39087
 20
2.95559
 30
0.0
 10
-2.38951
 20
2.94003
 30
0.0
 10
-2.39028
 20
2.92411
 30
0.0
 10
-2.39029
 20
2.90851
 30
0.0
 10
-2.39029
 20
2.89351
 30
0.0
 10
-2.39029
 20
2.87545
 30
0.0
 10
-2.38542
 20
2.86085
 30
0.0
 10
-2.38306
 20
2.85375
 30
0.0
 10
-2.37735
 20
2.84229
 30
0.0
 10
-2.36624
 20
2.83981
 30
0.0
 10
-2.34804
 20
2.83575
 30
0.0
 10
-2.32402
 20
2.85563
 30
0.0
 10
-2.31511
 20
2.86422
 30
0.0
 10
-2.29933
 20
2.87943
 30
0.0
 10
-2.28608
 20
2.8978
 30
0.0
 10
-2.27399
 20
2.91462
 30
0.0
 10
-2.26126
 20
2.93232
 30
0.0
 10
-2.24903
 20
2.95059
 30
0.0
 10
-2.2349
 20
2.96773
 30
0.0
 10
-2.22568
 20
2.97892
 30
0.0
 10
-2.21033
 20
2.99696
 30
0.0
 10
-2.19063
 20
2.99919
 30
0.0
 10
-2.18821
 20
2.99947
 30
0.0
 10
-2.18576
 20
2.99951
 30
0.0
 10
-2.18333
 20
2.99932
 30
0.0
 10
-2.16429
 20
2.99785
 30
0.0
 10
-2.1536
 20
2.98317
 30
0.0
 10
-2.14685
 20
2.9721
 30
0.0
 10
-2.13842
 20
2.95829
 30
0.0
 10
-2.13212
 20
2.94332
 30
0.0
 10
-2.12552
 20
2.92901
 30
0.0
 10
-2.11909
 20
2.91503
 30
0.0
 10
-2.1113
 20
2.89737
 30
0.0
 10
-2.10057
 20
2.88483
 30
0.0
 10
-2.09649
 20
2.88007
 30
0.0
 10
-2.08866
 20
2.87254
 30
0.0
 10
-2.07984
 20
2.87224
 30
0.0
 10
-2.07248
 20
2.872
 30
0.0
 10
-2.06485
 20
2.87673
 30
0.0
 10
-2.06024
 20
2.88028
 30
0.0
 10
-2.04888
 20
2.88901
 30
0.0
 10
-2.04038
 20
2.90167
 30
0.0
 10
-2.03447
 20
2.91266
 30
0.0
 10
-2.02467
 20
2.93087
 30
0.0
 10
-2.01798
 20
2.95083
 30
0.0
 10
-2.01162
 20
2.96979
 30
0.0
 10
-2.00507
 20
2.9893
 30
0.0
 10
-1.99901
 20
3.00919
 30
0.0
 10
-1.99083
 20
3.02839
 30
0.0
 10
-1.98526
 20
3.04145
 30
0.0
 10
-1.97623
 20
3.06064
 30
0.0
 10
-1.96075
 20
3.06942
 30
0.0
 10
-1.95588
 20
3.07219
 30
0.0
 10
-1.95027
 20
3.07405
 30
0.0
 10
-1.9441
 20
3.07478
 30
0.0
 10
-1.9279
 20
3.07668
 30
0.0
 10
-1.91278
 20
3.07032
 30
0.0
 10
-1.90066
 20
3.06342
 30
0.0
 10
-1.88788
 20
3.05614
 30
0.0
 10
-1.87626
 20
3.04724
 30
0.0
 10
-1.86498
 20
3.0388
 30
0.0
 10
-1.85415
 20
3.0307
 30
0.0
 10
-1.84167
 20
3.02097
 30
0.0
 10
-1.82883
 20
3.01455
 30
0.0
 10
-1.82261
 20
3.01145
 30
0.0
 10
-1.8121
 20
3.00726
 30
0.0
 10
-1.80414
 20
3.00912
 30
0.0
 10
-1.78763
 20
3.01299
 30
0.0
 10
-1.78461
 20
3.03954
 30
0.0
 10
-1.78429
 20
3.04911
 30
0.0
 10
-1.78369
 20
3.06696
 30
0.0
 10
-1.78675
 20
3.08586
 30
0.0
 10
-1.78943
 20
3.10362
 30
0.0
 10
-1.79222
 20
3.12207
 30
0.0
 10
-1.79557
 20
3.141
 30
0.0
 10
-1.79615
 20
3.15955
 30
0.0
 10
-1.79656
 20
3.17268
 30
0.0
 10
-1.79608
 20
3.19198
 30
0.0
 10
-1.7816
 20
3.20168
 30
0.0
 10
-1.77968
 20
3.20296
 30
0.0
 10
-1.77753
 20
3.20407
 30
0.0
 10
-1.77521
 20
3.20498
 30
0.0
 10
-1.75961
 20
3.21105
 30
0.0
 10
-1.74076
 20
3.20645
 30
0.0
 10
-1.72603
 20
3.20132
 30
0.0
 10
-1.70941
 20
3.19553
 30
0.0
 10
-1.69329
 20
3.1876
 30
0.0
 10
-1.67817
 20
3.18003
 30
0.0
 10
-1.66845
 20
3.17517
 30
0.0
 10
-1.65883
 20
3.17021
 30
0.0
 10
-1.64905
 20
3.16541
 30
0.0
 10
-1.6415
 20
3.1617
 30
0.0
 10
-1.63353
 20
3.15785
 30
0.0
 10
-1.6254
 20
3.1548
 30
0.0
 10
-1.62311
 20
3.15394
 30
0.0
 10
-1.61645
 20
3.15165
 30
0.0
 10
-1.61272
 20
3.15128
 30
0.0
  0
SPLINE
  5
19E
330
1F
100
AcDbEntity
  8
Plan 1
 62
   250
370
    20
100
AcDbSpline
210
0.0
220
0.0
230
1.0
 70
    11
 71
     3
 72
    17
 73
    13
 74
     0
 42
0.0000000001
 43
0.0000000001
 40
0.0
 40
0.0
 40
0.0
 40
0.0
 40
0.25
 40
0.25
 40
0.25
 40
0.5
 40
0.5
 40
0.5
 40
0.75
 40
0.75
 40
0.75
 40
1.0
 40
1.0
 40
1.0
 40
1.0
 10
-3.04108
 20
2.82656
 30
0.0
 10
-3.19348
 20
2.85872
 30
0.0
 10
-3.34588
 20
2.89088
 30
0.0
 10
-3.49828
 20
2.92304
 30
0.0
 10
-3.27034
 20
2.64272
 30
0.0
 10
-3.04241
 20
2.36239
 30
0.0
 10
-2.81447
 20
2.08206
 30
0.0
 10
-2.82439
 20
2.16706
 30
0.0
 10
-2.8343
 20
2.25206
 30
0.0
 10
-2.84422
 20
2.33706
 30
0.0
 10
-2.90984
 20
2.50023
 30
0.0
 10
-2.97547
 20
2.6634
 30
0.0
 10
-3.04108
 20
2.82656
 30
0.0
  0
SPLINE
  5
19F
330
1F
100
AcDbEntity
  8
Plan 1
 62
   250
370
    20
100
AcDbSpline
210
0.0
220
0.0
230
1.0
 70
    11
 71
     3
 72
    23
 73
    19
 74
     0
 42
0.0000000001
 43
0.0000000001
 40
0.0
 40
0.0
 40
0.0
 40
0.0
 40
0.1666666666666667
 40
0.1666666666666667
 40
0.1666666666666667
 40
0.3333333333333333
 40
0.3333333333333333
 40
0.3333333333333333
 40
0.5
 40
0.5
 40
0.5
 40
0.6666666666666666
 40
0.6666666666666666
 40
0.6666666666666666
 40
0.8333333333333333
 40
0.8333333333333333
 40
0.8333333333333333
 40
1.0
 40
1.0
 40
1.0
 40
1.0
 10
-3.912
 20
2.29009
 30
0.0
 10
-3.88273
 20
2.2806
 30
0.0
 10
-3.85343
 20
2.27114
 30
0.0
 10
-3.82411
 20
2.26172
 30
0.0
 10
-3.82195
 20
2.26102
 30
0.0
 10
-3.81978
 20
2.26032
 30
0.0
 10
-3.81761
 20
2.25963
 30
0.0
 10
-3.5178
 20
2.16334
 30
0.0
 10
-3.2157
 20
2.07072
 30
0.0
 10
-2.91305
 20
1.97901
 30
0.0
 10
-3.16168
 20
2.28476
 30
0.0
 10
-3.41028
 20
2.59052
 30
0.0
 10
-3.6589
 20
2.89628
 30
0.0
 10
-3.70373
 20
2.79564
 30
0.0
 10
-3.74854
 20
2.695
 30
0.0
 10
-3.79337
 20
2.59436
 30
0.0
 10
-3.83175
 20
2.49271
 30
0.0
 10
-3.87165
 20
2.39136
 30
0.0
 10
-3.912
 20
2.29009
 30
0.0
  0
SPLINE
  5
1A0
330
1F
100
AcDbEntity
  8
Plan 1
 62
   250
370
    20
100
AcDbSpline
210
0.0
220
0.0
230
1.0
 70
    11
 71
     3
 72
    26
 73
    22
 74
     0
 42
0.0000000001
 43
0.0000000001
 40
0.0
 40
0.0
 40
0.0
 40
0.0
 40
0.1428571428571428
 40
0.1428571428571428
 40
0.1428571428571428
 40
0.2857142857142857
 40
0.2857142857142857
 40
0.2857142857142857
 40
0.4285714285714285
 40
0.4285714285714285
 40
0.4285714285714285
 40
0.5714285714285714
 40
0.5714285714285714
 40
0.5714285714285714
 40
0.7142857142857142
 40
0.7142857142857142
 40
0.7142857142857142
 40
0.8571428571428571
 40
0.8571428571428571
 40
0.8571428571428571
 40
1.0
 40
1.0
 40
1.0
 40
1.0
 10
-3.91182
 20
2.14533
 30
0.0
 10
-3.92942
 20
2.15101
 30
0.0
 10
-3.94701
 20
2.1567
 30
0.0
 10
-3.96459
 20
2.1624
 30
0.0
 10
-4.34721
 20
1.26316
 30
0.0
 10
-4.71778
 20
0.36135
 30
0.0
 10
-5.08307
 20
-0.5415
 30
0.0
 10
-5.08307
 20
-0.5415
 30
0.0
 10
-4.86247
 20
-0.51653
 30
0.0
 10
-4.86247
 20
-0.51653
 30
0.0
 10
-4.86196
 20
-0.51312
 30
0.0
 10
-4.86103
 20
-0.50975
 30
0.0
 10
-4.85967
 20
-0.50647
 30
0.0
 10
-4.85967
 20
-0.50647
 30
0.0
 10
-3.90612
 20
1.78683
 30
0.0
 10
-3.90612
 20
1.78683
 30
0.0
 10
-3.90198
 20
1.79679
 30
0.0
 10
-3.89333
 20
1.80633
 30
0.0
 10
-3.88073
 20
1.81149
 30
0.0
 10
-3.89134
 20
1.92276
 30
0.0
 10
-3.9017
 20
2.03404
 30
0.0
 10
-3.91182
 20
2.14533
 30
0.0
  0
SPLINE
  5
1A1
330
1F
100
AcDbEntity
  8
Plan 1
 62
   250
370
    20
100
AcDbSpline
210
0.0
220
0.0
230
1.0
 70
    11
 71
     3
 72
    20
 73
    16
 74
     0
 42
0.0000000001
 43
0.0000000001
 40
0.0
 40
0.0
 40
0.0
 40
0.0
 40
0.2
 40
0.2
 40
0.2
 40
0.4
 40
0.4
 40
0.4
 40
0.6000000000000001
 40
0.6000000000000001
 40
0.6000000000000001
 40
0.8
 40
0.8
 40
0.8
 40
1.0
 40
1.0
 40
1.0
 40
1.0
 10
-4.2887
 20
1.76355
 30
0.0
 10
-4.2887
 20
1.76355
 30
0.0
 10
-5.578
 20
1.76219
 30
0.0
 10
-5.578
 20
1.76219
 30
0.0
 10
-5.57957
 20
1.67076
 30
0.0
 10
-5.58114
 20
1.57933
 30
0.0
 10
-5.58271
 20
1.48789
 30
0.0
 10
-5.58271
 20
1.48789
 30
0.0
 10
-4.41051
 20
1.47595
 30
0.0
 10
-4.41051
 20
1.47595
 30
0.0
 10
-4.41012
 20
1.47595
 30
0.0
 10
-4.40974
 20
1.47594
 30
0.0
 10
-4.40935
 20
1.47593
 30
0.0
 10
-4.36925
 20
1.57183
 30
0.0
 10
-4.32904
 20
1.6677
 30
0.0
 10
-4.2887
 20
1.76355
 30
0.0
  0
SPLINE
  5
1A2
330
1F
100
AcDbEntity
  8
Plan 1
 62
   250
370
    20
100
AcDbSpline
210
0.0
220
0.0
230
1.0
 70
    11
 71
     3
 72
    20
 73
    16
 74
     0
 42
0.0000000001
 43
0.0000000001
 40
0.0
 40
0.0
 40
0.0
 40
0.0
 40
0.2
 40
0.2
 40
0.2
 40
0.4
 40
0.4
 40
0.4
 40
0.6000000000000001
 40
0.6000000000000001
 40
0.6000000000000001
 40
0.8
 40
0.8
 40
0.8
 40
1.0
 40
1.0
 40
1.0
 40
1.0
 10
-5.58425
 20
1.39814
 30
0.0
 10
-5.58588
 20
1.30345
 30
0.0
 10
-5.58751
 20
1.20875
 30
0.0
 10
-5.58913
 20
1.11406
 30
0.0
 10
-5.58913
 20
1.11406
 30
0.0
 10
-4.5615
 20
1.11454
 30
0.0
 10
-4.5615
 20
1.11454
 30
0.0
 10
-4.56096
 20
1.11454
 30
0.0
 10
-4.56043
 20
1.11453
 30
0.0
 10
-4.55989
 20
1.11451
 30
0.0
 10
-4.52225
 20
1.20521
 30
0.0
 10
-4.48452
 20
1.29589
 30
0.0
 10
-4.44668
 20
1.38656
 30
0.0
 10
-4.44668
 20
1.38656
 30
0.0
 10
-5.58425
 20
1.39814
 30
0.0
 10
-5.58425
 20
1.39814
 30
0.0
  0
SPLINE
  5
1A3
330
1F
100
AcDbEntity
  8
Plan 1
 62
   250
370
    20
100
AcDbSpline
210
0.0
220
0.0
230
1.0
 70
    11
 71
     3
 72
    20
 73
    16
 74
     0
 42
0.0000000001
 43
0.0000000001
 40
0.0
 40
0.0
 40
0.0
 40
0.0
 40
0.2
 40
0.2
 40
0.2
 40
0.4
 40
0.4
 40
0.4
 40
0.6000000000000001
 40
0.6000000000000001
 40
0.6000000000000001
 40
0.8
 40
0.8
 40
0.8
 40
1.0
 40
1.0
 40
1.0
 40
1.0
 10
-5.59067
 20
1.02431
 30
0.0
 10
-5.59228
 20
0.93047
 30
0.0
 10
-5.5939
 20
0.83664
 30
0.0
 10
-5.59551
 20
0.7428
 30
0.0
 10
-5.59551
 20
0.7428
 30
0.0
 10
-4.71473
 20
0.74376
 30
0.0
 10
-4.71473
 20
0.74376
 30
0.0
 10
-4.71422
 20
0.74376
 30
0.0
 10
-4.71371
 20
0.74375
 30
0.0
 10
-4.71321
 20
0.74374
 30
0.0
 10
-4.6746
 20
0.83743
 30
0.0
 10
-4.6359
 20
0.93111
 30
0.0
 10
-4.5971
 20
1.02476
 30
0.0
 10
-4.5971
 20
1.02476
 30
0.0
 10
-5.59067
 20
1.02431
 30
0.0
 10
-5.59067
 20
1.02431
 30
0.0
  0
SPLINE
  5
1A4
330
1F
100
AcDbEntity
  8
Plan 1
 62
   250
370
    20
100
AcDbSpline
210
0.0
220
0.0
230
1.0
 70
    11
 71
     3
 72
    17
 73
    13
 74
     0
 42
0.0000000001
 43
0.0000000001
 40
0.0
 40
0.0
 40
0.0
 40
0.0
 40
0.25
 40
0.25
 40
0.25
 40
0.5
 40
0.5
 40
0.5
 40
0.75
 40
0.75
 40
0.75
 40
1.0
 40
1.0
 40
1.0
 40
1.0
 10
-5.59705
 20
0.65304
 30
0.0
 10
-5.59831
 20
0.5796
 30
0.0
 10
-5.59957
 20
0.50616
 30
0.0
 10
-5.60083
 20
0.43271
 30
0.0
 10
-5.60083
 20
0.43271
 30
0.0
 10
-4.85139
 20
0.40741
 30
0.0
 10
-4.85139
 20
0.40741
 30
0.0
 10
-4.81771
 20
0.48961
 30
0.0
 10
-4.78398
 20
0.57179
 30
0.0
 10
-4.75017
 20
0.65396
 30
0.0
 10
-4.75017
 20
0.65396
 30
0.0
 10
-5.59705
 20
0.65304
 30
0.0
 10
-5.59705
 20
0.65304
 30
0.0
  0
SPLINE
  5
1A5
330
1F
100
AcDbEntity
  8
Plan 1
 62
   250
370
    20
100
AcDbSpline
210
0.0
220
0.0
230
1.0
 70
    11
 71
     3
 72
    20
 73
    16
 74
     0
 42
0.0000000001
 43
0.0000000001
 40
0.0
 40
0.0
 40
0.0
 40
0.0
 40
0.2
 40
0.2
 40
0.2
 40
0.4
 40
0.4
 40
0.4
 40
0.6000000000000001
 40
0.6000000000000001
 40
0.6000000000000001
 40
0.8
 40
0.8
 40
0.8
 40
1.0
 40
1.0
 40
1.0
 40
1.0
 10
-6.10421
 20
-0.00033
 30
0.0
 10
-6.08075
 20
-0.03383
 30
0.0
 10
-6.05726
 20
-0.06731
 30
0.0
 10
-6.03375
 20
-0.10079
 30
0.0
 10
-6.03375
 20
-0.10079
 30
0.0
 10
-5.76588
 20
0.09889
 30
0.0
 10
-5.76588
 20
0.09889
 30
0.0
 10
-5.76143
 20
0.10221
 30
0.0
 10
-5.7562
 20
0.10487
 30
0.0
 10
-5.75042
 20
0.1066
 30
0.0
 10
-5.74959
 20
0.15508
 30
0.0
 10
-5.74875
 20
0.20356
 30
0.0
 10
-5.74792
 20
0.25203
 30
0.0
 10
-5.74792
 20
0.25203
 30
0.0
 10
-6.10421
 20
-0.00033
 30
0.0
 10
-6.10421
 20
-0.00033
 30
0.0
  0
SPLINE
  5
1A6
330
1F
100
AcDbEntity
  8
Plan 1
 62
   250
370
    20
100
AcDbSpline
210
0.0
220
0.0
230
1.0
 70
    11
 71
     3
 72
    20
 73
    16
 74
     0
 42
0.0000000001
 43
0.0000000001
 40
0.0
 40
0.0
 40
0.0
 40
0.0
 40
0.2
 40
0.2
 40
0.2
 40
0.4
 40
0.4
 40
0.4
 40
0.6000000000000001
 40
0.6000000000000001
 40
0.6000000000000001
 40
0.8
 40
0.8
 40
0.8
 40
1.0
 40
1.0
 40
1.0
 40
1.0
 10
-3.90081
 20
2.70456
 30
0.0
 10
-3.85964
 20
2.79701
 30
0.0
 10
-3.81847
 20
2.88947
 30
0.0
 10
-3.77728
 20
2.98192
 30
0.0
 10
-3.81918
 20
2.99076
 30
0.0
 10
-3.86109
 20
2.9996
 30
0.0
 10
-3.90299
 20
3.00844
 30
0.0
 10
-3.91328
 20
3.00885
 30
0.0
 10
-3.92356
 20
3.00926
 30
0.0
 10
-3.93385
 20
3.00968
 30
0.0
 10
-3.93385
 20
3.00968
 30
0.0
 10
-3.97276
 20
2.7273
 30
0.0
 10
-3.97276
 20
2.7273
 30
0.0
 10
-3.94878
 20
2.71972
 30
0.0
 10
-3.9248
 20
2.71214
 30
0.0
 10
-3.90081
 20
2.70456
 30
0.0
  0
SPLINE
  5
1A7
330
1F
100
AcDbEntity
  8
Plan 1
 62
   250
370
    20
100
AcDbSpline
210
0.0
220
0.0
230
1.0
 70
    11
 71
     3
 72
    17
 73
    13
 74
     0
 42
0.0000000001
 43
0.0000000001
 40
0.0
 40
0.0
 40
0.0
 40
0.0
 40
0.25
 40
0.25
 40
0.25
 40
0.5
 40
0.5
 40
0.5
 40
0.75
 40
0.75
 40
0.75
 40
1.0
 40
1.0
 40
1.0
 40
1.0
 10
-4.03198
 20
3.0136
 30
0.0
 10
-4.06311
 20
3.01484
 30
0.0
 10
-4.09424
 20
3.01608
 30
0.0
 10
-4.12536
 20
3.01732
 30
0.0
 10
-4.12536
 20
3.01732
 30
0.0
 10
-4.1524
 20
2.78406
 30
0.0
 10
-4.1524
 20
2.78406
 30
0.0
 10
-4.12404
 20
2.7751
 30
0.0
 10
-4.09568
 20
2.76614
 30
0.0
 10
-4.06732
 20
2.75718
 30
0.0
 10
-4.06732
 20
2.75718
 30
0.0
 10
-4.03198
 20
3.0136
 30
0.0
 10
-4.03198
 20
3.0136
 30
0.0
  0
SPLINE
  5
1A8
330
1F
100
AcDbEntity
  8
Plan 1
 62
   250
370
    20
100
AcDbSpline
210
0.0
220
0.0
230
1.0
 70
    11
 71
     3
 72
    20
 73
    16
 74
     0
 42
0.0000000001
 43
0.0000000001
 40
0.0
 40
0.0
 40
0.0
 40
0.0
 40
0.2
 40
0.2
 40
0.2
 40
0.4
 40
0.4
 40
0.4
 40
0.6000000000000001
 40
0.6000000000000001
 40
0.6000000000000001
 40
0.8
 40
0.8
 40
0.8
 40
1.0
 40
1.0
 40
1.0
 40
1.0
 10
-5.5709
 20
2.1755
 30
0.0
 10
-5.57275
 20
2.06765
 30
0.0
 10
-5.5746
 20
1.9598
 30
0.0
 10
-5.57646
 20
1.85195
 30
0.0
 10
-5.57646
 20
1.85195
 30
0.0
 10
-4.2528
 20
1.85335
 30
0.0
 10
-4.2528
 20
1.85335
 30
0.0
 10
-4.25216
 20
1.85336
 30
0.0
 10
-4.25152
 20
1.85334
 30
0.0
 10
-4.25088
 20
1.85332
 30
0.0
 10
-4.20818
 20
1.95458
 30
0.0
 10
-4.16534
 20
2.05581
 30
0.0
 10
-4.12234
 20
2.15701
 30
0.0
 10
-4.12234
 20
2.15701
 30
0.0
 10
-5.5709
 20
2.1755
 30
0.0
 10
-5.5709
 20
2.1755
 30
0.0
  0
SPLINE
  5
1A9
330
1F
100
AcDbEntity
  8
Plan 1
 62
   250
370
    20
100
AcDbSpline
210
0.0
220
0.0
230
1.0
 70
    11
 71
     3
 72
    20
 73
    16
 74
     0
 42
0.0000000001
 43
0.0000000001
 40
0.0
 40
0.0
 40
0.0
 40
0.0
 40
0.2
 40
0.2
 40
0.2
 40
0.4
 40
0.4
 40
0.4
 40
0.6000000000000001
 40
0.6000000000000001
 40
0.6000000000000001
 40
0.8
 40
0.8
 40
0.8
 40
1.0
 40
1.0
 40
1.0
 40
1.0
 10
-5.72576
 20
1.54189
 30
0.0
 10
-6.05746
 20
1.32985
 30
0.0
 10
-6.39579
 20
1.12312
 30
0.0
 10
-6.73596
 20
0.91795
 30
0.0
 10
-6.70918
 20
0.87814
 30
0.0
 10
-6.68231
 20
0.83835
 30
0.0
 10
-6.65538
 20
0.79858
 30
0.0
 10
-6.65538
 20
0.79858
 30
0.0
 10
-5.74151
 20
1.4196
 30
0.0
 10
-5.74151
 20
1.4196
 30
0.0
 10
-5.73745
 20
1.42236
 30
0.0
 10
-5.7328
 20
1.42459
 30
0.0
 10
-5.72775
 20
1.42611
 30
0.0
 10
-5.72709
 20
1.4647
 30
0.0
 10
-5.72643
 20
1.5033
 30
0.0
 10
-5.72576
 20
1.54189
 30
0.0
  0
SPLINE
  5
1AA
330
1F
100
AcDbEntity
  8
Plan 1
 62
   250
370
    20
100
AcDbSpline
210
0.0
220
0.0
230
1.0
 70
    11
 71
     3
 72
    23
 73
    19
 74
     0
 42
0.0000000001
 43
0.0000000001
 40
0.0
 40
0.0
 40
0.0
 40
0.0
 40
0.1666666666666667
 40
0.1666666666666667
 40
0.1666666666666667
 40
0.3333333333333333
 40
0.3333333333333333
 40
0.3333333333333333
 40
0.5
 40
0.5
 40
0.5
 40
0.6666666666666666
 40
0.6666666666666666
 40
0.6666666666666666
 40
0.8333333333333333
 40
0.8333333333333333
 40
0.8333333333333333
 40
1.0
 40
1.0
 40
1.0
 40
1.0
 10
-6.77303
 20
0.71897
 30
0.0
 10
-6.77303
 20
0.71897
 30
0.0
 10
-6.78208
 20
0.50558
 30
0.0
 10
-6.78208
 20
0.50558
 30
0.0
 10
-6.77216
 20
0.50204
 30
0.0
 10
-6.76432
 20
0.49578
 30
0.0
 10
-6.7592
 20
0.48856
 30
0.0
 10
-6.7592
 20
0.48856
 30
0.0
 10
-5.95678
 20
-0.64226
 30
0.0
 10
-5.95678
 20
-0.64226
 30
0.0
 10
-5.9544
 20
-0.64561
 30
0.0
 10
-5.95257
 20
-0.64917
 30
0.0
 10
-5.95128
 20
-0.65283
 30
0.0
 10
-5.95128
 20
-0.65283
 30
0.0
 10
-5.82288
 20
-0.64573
 30
0.0
 10
-5.82288
 20
-0.64573
 30
0.0
 10
-6.14405
 20
-0.19239
 30
0.0
 10
-6.46322
 20
0.26167
 30
0.0
 10
-6.77303
 20
0.71897
 30
0.0
  0
SPLINE
  5
1AB
330
1F
100
AcDbEntity
  8
Plan 1
 62
   250
370
    20
100
AcDbSpline
210
0.0
220
0.0
230
1.0
 70
    11
 71
     3
 72
    20
 73
    16
 74
     0
 42
0.0000000001
 43
0.0000000001
 40
0.0
 40
0.0
 40
0.0
 40
0.0
 40
0.2
 40
0.2
 40
0.2
 40
0.4
 40
0.4
 40
0.4
 40
0.6000000000000001
 40
0.6000000000000001
 40
0.6000000000000001
 40
0.8
 40
0.8
 40
0.8
 40
1.0
 40
1.0
 40
1.0
 40
1.0
 10
-5.73517
 20
0.99458
 30
0.0
 10
-5.73517
 20
0.99458
 30
0.0
 10
-6.47956
 20
0.54072
 30
0.0
 10
-6.47956
 20
0.54072
 30
0.0
 10
-6.45333
 20
0.50249
 30
0.0
 10
-6.42704
 20
0.46429
 30
0.0
 10
-6.40071
 20
0.4261
 30
0.0
 10
-6.40071
 20
0.4261
 30
0.0
 10
-5.7505
 20
0.84823
 30
0.0
 10
-5.7505
 20
0.84823
 30
0.0
 10
-5.74664
 20
0.85073
 30
0.0
 10
-5.74228
 20
0.85276
 30
0.0
 10
-5.73758
 20
0.85417
 30
0.0
 10
-5.73678
 20
0.90098
 30
0.0
 10
-5.73597
 20
0.94778
 30
0.0
 10
-5.73517
 20
0.99458
 30
0.0
  0
SPLINE
  5
1AC
330
1F
100
AcDbEntity
  8
Plan 1
 62
   250
370
    20
100
AcDbSpline
210
0.0
220
0.0
230
1.0
 70
    11
 71
     3
 72
    23
 73
    19
 74
     0
 42
0.0000000001
 43
0.0000000001
 40
0.0
 40
0.0
 40
0.0
 40
0.0
 40
0.1666666666666667
 40
0.1666666666666667
 40
0.1666666666666667
 40
0.3333333333333333
 40
0.3333333333333333
 40
0.3333333333333333
 40
0.5
 40
0.5
 40
0.5
 40
0.6666666666666666
 40
0.6666666666666666
 40
0.6666666666666666
 40
0.8333333333333333
 40
0.8333333333333333
 40
0.8333333333333333
 40
1.0
 40
1.0
 40
1.0
 40
1.0
 10
-6.78808
 20
0.36422
 30
0.0
 10
-6.78808
 20
0.36422
 30
0.0
 10
-6.79844
 20
0.12007
 30
0.0
 10
-6.79844
 20
0.12007
 30
0.0
 10
-6.78865
 20
0.11657
 30
0.0
 10
-6.78089
 20
0.11043
 30
0.0
 10
-6.77576
 20
0.10333
 30
0.0
 10
-6.77576
 20
0.10333
 30
0.0
 10
-6.22712
 20
-0.6569
 30
0.0
 10
-6.22712
 20
-0.6569
 30
0.0
 10
-6.22463
 20
-0.66034
 30
0.0
 10
-6.22274
 20
-0.664
 30
0.0
 10
-6.22141
 20
-0.66776
 30
0.0
 10
-6.22141
 20
-0.66776
 30
0.0
 10
-6.06204
 20
-0.65895
 30
0.0
 10
-6.06204
 20
-0.65895
 30
0.0
 10
-6.06204
 20
-0.65895
 30
0.0
 10
-6.78808
 20
0.36422
 30
0.0
 10
-6.78808
 20
0.36422
 30
0.0
  0
SPLINE
  5
1AD
330
1F
100
AcDbEntity
  8
Plan 1
 62
   250
370
    20
100
AcDbSpline
210
0.0
220
0.0
230
1.0
 70
    11
 71
     3
 72
    20
 73
    16
 74
     0
 42
0.0000000001
 43
0.0000000001
 40
0.0
 40
0.0
 40
0.0
 40
0.0
 40
0.2
 40
0.2
 40
0.2
 40
0.4
 40
0.4
 40
0.4
 40
0.6000000000000001
 40
0.6000000000000001
 40
0.6000000000000001
 40
0.8
 40
0.8
 40
0.8
 40
1.0
 40
1.0
 40
1.0
 40
1.0
 10
-6.3481
 20
0.34993
 30
0.0
 10
-6.32189
 20
0.31206
 30
0.0
 10
-6.29564
 20
0.2742
 30
0.0
 10
-6.26934
 20
0.23635
 30
0.0
 10
-6.26934
 20
0.23635
 30
0.0
 10
-5.75651
 20
0.60441
 30
0.0
 10
-5.75651
 20
0.60441
 30
0.0
 10
-5.75221
 20
0.60749
 30
0.0
 10
-5.74722
 20
0.60997
 30
0.0
 10
-5.74174
 20
0.61162
 30
0.0
 10
-5.74098
 20
0.6561
 30
0.0
 10
-5.74021
 20
0.70059
 30
0.0
 10
-5.73945
 20
0.74508
 30
0.0
 10
-5.73945
 20
0.74508
 30
0.0
 10
-6.3481
 20
0.34993
 30
0.0
 10
-6.3481
 20
0.34993
 30
0.0
  0
SPLINE
  5
1AE
330
1F
100
AcDbEntity
  8
Plan 1
 62
   250
370
    20
100
AcDbSpline
210
0.0
220
0.0
230
1.0
 70
    11
 71
     3
 72
    23
 73
    19
 74
     0
 42
0.0000000001
 43
0.0000000001
 40
0.0
 40
0.0
 40
0.0
 40
0.0
 40
0.1666666666666667
 40
0.1666666666666667
 40
0.1666666666666667
 40
0.3333333333333333
 40
0.3333333333333333
 40
0.3333333333333333
 40
0.5
 40
0.5
 40
0.5
 40
0.6666666666666666
 40
0.6666666666666666
 40
0.6666666666666666
 40
0.8333333333333333
 40
0.8333333333333333
 40
0.8333333333333333
 40
1.0
 40
1.0
 40
1.0
 40
1.0
 10
-6.80438
 20
-0.02011
 30
0.0
 10
-6.80438
 20
-0.02011
 30
0.0
 10
-6.81558
 20
-0.28414
 30
0.0
 10
-6.81558
 20
-0.28414
 30
0.0
 10
-6.80618
 20
-0.2875
 30
0.0
 10
-6.79864
 20
-0.29329
 30
0.0
 10
-6.79353
 20
-0.30003
 30
0.0
 10
-6.79353
 20
-0.30003
 30
0.0
 10
-6.51164
 20
-0.67176
 30
0.0
 10
-6.51164
 20
-0.67176
 30
0.0
 10
-6.50885
 20
-0.67544
 30
0.0
 10
-6.50675
 20
-0.67939
 30
0.0
 10
-6.50531
 20
-0.68346
 30
0.0
 10
-6.50531
 20
-0.68346
 30
0.0
 10
-6.33255
 20
-0.6739
 30
0.0
 10
-6.33255
 20
-0.6739
 30
0.0
 10
-6.33255
 20
-0.6739
 30
0.0
 10
-6.80438
 20
-0.02011
 30
0.0
 10
-6.80438
 20
-0.02011
 30
0.0
  0
SPLINE
  5
1AF
330
1F
100
AcDbEntity
  8
Plan 1
 62
   250
370
    20
100
AcDbSpline
210
0.0
220
0.0
230
1.0
 70
    11
 71
     3
 72
    20
 73
    16
 74
     0
 42
0.0000000001
 43
0.0000000001
 40
0.0
 40
0.0
 40
0.0
 40
0.0
 40
0.2
 40
0.2
 40
0.2
 40
0.4
 40
0.4
 40
0.4
 40
0.6000000000000001
 40
0.6000000000000001
 40
0.6000000000000001
 40
0.8
 40
0.8
 40
0.8
 40
1.0
 40
1.0
 40
1.0
 40
1.0
 10
-5.74367
 20
0.49927
 30
0.0
 10
-5.74367
 20
0.49927
 30
0.0
 10
-6.21627
 20
0.16008
 30
0.0
 10
-6.21627
 20
0.16008
 30
0.0
 10
-6.19668
 20
0.13196
 30
0.0
 10
-6.17706
 20
0.10386
 30
0.0
 10
-6.15743
 20
0.07576
 30
0.0
 10
-6.15743
 20
0.07576
 30
0.0
 10
-5.76053
 20
0.35689
 30
0.0
 10
-5.76053
 20
0.35689
 30
0.0
 10
-5.75628
 20
0.3599
 30
0.0
 10
-5.75137
 20
0.36231
 30
0.0
 10
-5.74599
 20
0.36393
 30
0.0
 10
-5.74522
 20
0.40904
 30
0.0
 10
-5.74444
 20
0.45415
 30
0.0
 10
-5.74367
 20
0.49927
 30
0.0
  0
SPLINE
  5
1B0
330
1F
100
AcDbEntity
  8
Plan 1
 62
   250
370
    20
100
AcDbSpline
210
0.0
220
0.0
230
1.0
 70
    11
 71
     3
 72
    14
 73
    10
 74
     0
 42
0.0000000001
 43
0.0000000001
 40
0.0
 40
0.0
 40
0.0
 40
0.0
 40
0.3333333333333333
 40
0.3333333333333333
 40
0.3333333333333333
 40
0.6666666666666666
 40
0.6666666666666666
 40
0.6666666666666666
 40
1.0
 40
1.0
 40
1.0
 40
1.0
 10
-6.82138
 20
-0.42098
 30
0.0
 10
-6.82138
 20
-0.42098
 30
0.0
 10
-6.83328
 20
-0.70159
 30
0.0
 10
-6.83328
 20
-0.70159
 30
0.0
 10
-6.83328
 20
-0.70159
 30
0.0
 10
-6.61763
 20
-0.68967
 30
0.0
 10
-6.61763
 20
-0.68967
 30
0.0
 10
-6.61763
 20
-0.68967
 30
0.0
 10
-6.82138
 20
-0.42098
 30
0.0
 10
-6.82138
 20
-0.42098
 30
0.0
  0
SPLINE
  5
1B1
330
1F
100
AcDbEntity
  8
Plan 1
 62
   250
370
    20
100
AcDbSpline
210
0.0
220
0.0
230
1.0
 70
    11
 71
     3
 72
    14
 73
    10
 74
     0
 42
0.0000000001
 43
0.0000000001
 40
0.0
 40
0.0
 40
0.0
 40
0.0
 40
0.3333333333333333
 40
0.3333333333333333
 40
0.3333333333333333
 40
0.6666666666666666
 40
0.6666666666666666
 40
0.6666666666666666
 40
1.0
 40
1.0
 40
1.0
 40
1.0
 10
-2.87249
 20
2.79099
 30
0.0
 10
-2.82399
 20
2.6704
 30
0.0
 10
-2.77549
 20
2.54981
 30
0.0
 10
-2.727
 20
2.42922
 30
0.0
 10
-2.727
 20
2.42922
 30
0.0
 10
-1.7807
 20
2.56059
 30
0.0
 10
-1.7807
 20
2.56059
 30
0.0
 10
-2.14463
 20
2.63739
 30
0.0
 10
-2.50856
 20
2.71419
 30
0.0
 10
-2.87249
 20
2.79099
 30
0.0
  0
SPLINE
  5
1B2
330
1F
100
AcDbEntity
  8
Plan 1
 62
   250
370
    20
100
AcDbSpline
210
0.0
220
0.0
230
1.0
 70
    11
 71
     3
 72
    14
 73
    10
 74
     0
 42
0.0000000001
 43
0.0000000001
 40
0.0
 40
0.0
 40
0.0
 40
0.0
 40
0.3333333333333333
 40
0.3333333333333333
 40
0.3333333333333333
 40
0.6666666666666666
 40
0.6666666666666666
 40
0.6666666666666666
 40
1.0
 40
1.0
 40
1.0
 40
1.0
 10
-2.46914
 20
2.3267
 30
0.0
 10
-2.39149
 20
2.30138
 30
0.0
 10
-2.31385
 20
2.27606
 30
0.0
 10
-2.23619
 20
2.25075
 30
0.0
 10
-2.23619
 20
2.25075
 30
0.0
 10
-2.21399
 20
2.36212
 30
0.0
 10
-2.21399
 20
2.36212
 30
0.0
 10
-2.21399
 20
2.36212
 30
0.0
 10
-2.46914
 20
2.3267
 30
0.0
 10
-2.46914
 20
2.3267
 30
0.0
  0
SPLINE
  5
1B3
330
1F
100
AcDbEntity
  8
Plan 1
 62
   250
370
    20
100
AcDbSpline
210
0.0
220
0.0
230
1.0
 70
    11
 71
     3
 72
    23
 73
    19
 74
     0
 42
0.0000000001
 43
0.0000000001
 40
0.0
 40
0.0
 40
0.0
 40
0.0
 40
0.1666666666666667
 40
0.1666666666666667
 40
0.1666666666666667
 40
0.3333333333333333
 40
0.3333333333333333
 40
0.3333333333333333
 40
0.5
 40
0.5
 40
0.5
 40
0.6666666666666666
 40
0.6666666666666666
 40
0.6666666666666666
 40
0.8333333333333333
 40
0.8333333333333333
 40
0.8333333333333333
 40
1.0
 40
1.0
 40
1.0
 40
1.0
 10
-3.77819
 20
0.80703
 30
0.0
 10
-3.77819
 20
0.80703
 30
0.0
 10
-4.30325
 20
-0.45325
 30
0.0
 10
-4.30325
 20
-0.45325
 30
0.0
 10
-4.30325
 20
-0.45325
 30
0.0
 10
-3.93156
 20
-0.41118
 30
0.0
 10
-3.93156
 20
-0.41118
 30
0.0
 10
-3.93096
 20
-0.40716
 30
0.0
 10
-3.92978
 20
-0.40318
 30
0.0
 10
-3.92798
 20
-0.39935
 30
0.0
 10
-3.92798
 20
-0.39935
 30
0.0
 10
-3.71766
 20
0.04877
 30
0.0
 10
-3.71766
 20
0.04877
 30
0.0
 10
-3.71342
 20
0.05782
 30
0.0
 10
-3.7054
 20
0.06632
 30
0.0
 10
-3.69403
 20
0.07125
 30
0.0
 10
-3.72341
 20
0.31643
 30
0.0
 10
-3.75144
 20
0.5617
 30
0.0
 10
-3.77819
 20
0.80703
 30
0.0
  0
SPLINE
  5
1B4
330
1F
100
AcDbEntity
  8
Plan 1
 62
   250
370
    20
100
AcDbSpline
210
0.0
220
0.0
230
1.0
 70
    11
 71
     3
 72
    23
 73
    19
 74
     0
 42
0.0000000001
 43
0.0000000001
 40
0.0
 40
0.0
 40
0.0
 40
0.0
 40
0.1666666666666667
 40
0.1666666666666667
 40
0.1666666666666667
 40
0.3333333333333333
 40
0.3333333333333333
 40
0.3333333333333333
 40
0.5
 40
0.5
 40
0.5
 40
0.6666666666666666
 40
0.6666666666666666
 40
0.6666666666666666
 40
0.8333333333333333
 40
0.8333333333333333
 40
0.8333333333333333
 40
1.0
 40
1.0
 40
1.0
 40
1.0
 10
-3.79674
 20
0.97901
 30
0.0
 10
-3.82009
 20
1.19804
 30
0.0
 10
-3.84244
 20
1.41713
 30
0.0
 10
-3.86383
 20
1.63627
 30
0.0
 10
-3.86383
 20
1.63627
 30
0.0
 10
-4.75384
 20
-0.50424
 30
0.0
 10
-4.75384
 20
-0.50424
 30
0.0
 10
-4.75384
 20
-0.50424
 30
0.0
 10
-4.41192
 20
-0.46554
 30
0.0
 10
-4.41192
 20
-0.46554
 30
0.0
 10
-4.41141
 20
-0.46212
 30
0.0
 10
-4.41048
 20
-0.45874
 30
0.0
 10
-4.40911
 20
-0.45545
 30
0.0
 10
-4.40911
 20
-0.45545
 30
0.0
 10
-3.82166
 20
0.95458
 30
0.0
 10
-3.82166
 20
0.95458
 30
0.0
 10
-3.81756
 20
0.9644
 30
0.0
 10
-3.80909
 20
0.97382
 30
0.0
 10
-3.79674
 20
0.97901
 30
0.0
  0
SPLINE
  5
1B5
330
1F
100
AcDbEntity
  8
Plan 1
 62
   250
370
    20
100
AcDbSpline
210
0.0
220
0.0
230
1.0
 70
    11
 71
     3
 72
    14
 73
    10
 74
     0
 42
0.0000000001
 43
0.0000000001
 40
0.0
 40
0.0
 40
0.0
 40
0.0
 40
0.3333333333333333
 40
0.3333333333333333
 40
0.3333333333333333
 40
0.6666666666666666
 40
0.6666666666666666
 40
0.6666666666666666
 40
1.0
 40
1.0
 40
1.0
 40
1.0
 10
-5.27408
 20
-0.70603
 30
0.0
 10
-5.27408
 20
-0.70603
 30
0.0
 10
-5.60147
 20
-0.76123
 30
0.0
 10
-5.60147
 20
-0.76123
 30
0.0
 10
-5.56437
 20
-0.88614
 30
0.0
 10
-5.52748
 20
-1.01108
 30
0.0
 10
-5.49081
 20
-1.13606
 30
0.0
 10
-5.49081
 20
-1.13606
 30
0.0
 10
-5.27408
 20
-0.70603
 30
0.0
 10
-5.27408
 20
-0.70603
 30
0.0
  0
SPLINE
  5
1B6
330
1F
100
AcDbEntity
  8
Plan 1
 62
   250
370
    20
100
AcDbSpline
210
0.0
220
0.0
230
1.0
 70
    11
 71
     3
 72
    23
 73
    19
 74
     0
 42
0.0000000001
 43
0.0000000001
 40
0.0
 40
0.0
 40
0.0
 40
0.0
 40
0.1666666666666667
 40
0.1666666666666667
 40
0.1666666666666667
 40
0.3333333333333333
 40
0.3333333333333333
 40
0.3333333333333333
 40
0.5
 40
0.5
 40
0.5
 40
0.6666666666666666
 40
0.6666666666666666
 40
0.6666666666666666
 40
0.8333333333333333
 40
0.8333333333333333
 40
0.8333333333333333
 40
1.0
 40
1.0
 40
1.0
 40
1.0
 10
-5.39109
 20
-1.99644
 30
0.0
 10
-5.49351
 20
-1.63792
 30
0.0
 10
-5.59768
 20
-1.27965
 30
0.0
 10
-5.70359
 20
-0.92163
 30
0.0
 10
-5.70359
 20
-0.92163
 30
0.0
 10
-5.75364
 20
-1.04291
 30
0.0
 10
-5.75364
 20
-1.04291
 30
0.0
 10
-5.74542
 20
-1.04913
 30
0.0
 10
-5.7402
 20
-1.05734
 30
0.0
 10
-5.73776
 20
-1.06562
 30
0.0
 10
-5.73776
 20
-1.06562
 30
0.0
 10
-5.50141
 20
-1.8692
 30
0.0
 10
-5.50141
 20
-1.8692
 30
0.0
 10
-5.49839
 20
-1.87946
 30
0.0
 10
-5.49932
 20
-1.89074
 30
0.0
 10
-5.5045
 20
-1.90072
 30
0.0
 10
-5.46691
 20
-1.93276
 30
0.0
 10
-5.42911
 20
-1.96467
 30
0.0
 10
-5.39109
 20
-1.99644
 30
0.0
  0
SPLINE
  5
1B7
330
1F
100
AcDbEntity
  8
Plan 1
 62
   250
370
    20
100
AcDbSpline
210
0.0
220
0.0
230
1.0
 70
    11
 71
     3
 72
    23
 73
    19
 74
     0
 42
0.0000000001
 43
0.0000000001
 40
0.0
 40
0.0
 40
0.0
 40
0.0
 40
0.1666666666666667
 40
0.1666666666666667
 40
0.1666666666666667
 40
0.3333333333333333
 40
0.3333333333333333
 40
0.3333333333333333
 40
0.5
 40
0.5
 40
0.5
 40
0.6666666666666666
 40
0.6666666666666666
 40
0.6666666666666666
 40
0.8333333333333333
 40
0.8333333333333333
 40
0.8333333333333333
 40
1.0
 40
1.0
 40
1.0
 40
1.0
 10
-5.80751
 20
-1.17341
 30
0.0
 10
-5.80751
 20
-1.17341
 30
0.0
 10
-5.84578
 20
-1.26611
 30
0.0
 10
-5.84578
 20
-1.26611
 30
0.0
 10
-5.83688
 20
-1.27283
 30
0.0
 10
-5.8315
 20
-1.28189
 30
0.0
 10
-5.82934
 20
-1.29089
 30
0.0
 10
-5.82934
 20
-1.29089
 30
0.0
 10
-5.73995
 20
-1.66266
 30
0.0
 10
-5.73995
 20
-1.66266
 30
0.0
 10
-5.73757
 20
-1.67255
 30
0.0
 10
-5.73879
 20
-1.68329
 30
0.0
 10
-5.74394
 20
-1.69278
 30
0.0
 10
-5.7041
 20
-1.72799
 30
0.0
 10
-5.66405
 20
-1.76309
 30
0.0
 10
-5.62379
 20
-1.79806
 30
0.0
 10
-5.62379
 20
-1.79806
 30
0.0
 10
-5.80751
 20
-1.17341
 30
0.0
 10
-5.80751
 20
-1.17341
 30
0.0
  0
SPLINE
  5
1B8
330
1F
100
AcDbEntity
  8
Plan 1
 62
   250
370
    20
100
AcDbSpline
210
0.0
220
0.0
230
1.0
 70
    11
 71
     3
 72
    14
 73
    10
 74
     0
 42
0.0000000001
 43
0.0000000001
 40
0.0
 40
0.0
 40
0.0
 40
0.0
 40
0.3333333333333333
 40
0.3333333333333333
 40
0.3333333333333333
 40
0.6666666666666666
 40
0.6666666666666666
 40
0.6666666666666666
 40
1.0
 40
1.0
 40
1.0
 40
1.0
 10
-5.90253
 20
-1.4036
 30
0.0
 10
-5.90253
 20
-1.4036
 30
0.0
 10
-5.94692
 20
-1.51115
 30
0.0
 10
-5.94692
 20
-1.51115
 30
0.0
 10
-5.91712
 20
-1.53813
 30
0.0
 10
-5.88723
 20
-1.56506
 30
0.0
 10
-5.85725
 20
-1.59194
 30
0.0
 10
-5.85725
 20
-1.59194
 30
0.0
 10
-5.90253
 20
-1.4036
 30
0.0
 10
-5.90253
 20
-1.4036
 30
0.0
  0
SPLINE
  5
1B9
330
1F
100
AcDbEntity
  8
Plan 1
 62
   250
370
    20
100
AcDbSpline
210
0.0
220
0.0
230
1.0
 70
    11
 71
     3
 72
    23
 73
    19
 74
     0
 42
0.0000000001
 43
0.0000000001
 40
0.0
 40
0.0
 40
0.0
 40
0.0
 40
0.1666666666666667
 40
0.1666666666666667
 40
0.1666666666666667
 40
0.3333333333333333
 40
0.3333333333333333
 40
0.3333333333333333
 40
0.5
 40
0.5
 40
0.5
 40
0.6666666666666666
 40
0.6666666666666666
 40
0.6666666666666666
 40
0.8333333333333333
 40
0.8333333333333333
 40
0.8333333333333333
 40
1.0
 40
1.0
 40
1.0
 40
1.0
 10
-7.22965
 20
-2.69611
 30
0.0
 10
-7.2332
 20
-2.69614
 30
0.0
 10
-7.23679
 20
-2.69583
 30
0.0
 10
-7.24034
 20
-2.69515
 30
0.0
 10
-7.24034
 20
-2.69515
 30
0.0
 10
-8.02694
 20
-2.54558
 30
0.0
 10
-8.02694
 20
-2.54558
 30
0.0
 10
-8.02956
 20
-2.54509
 30
0.0
 10
-8.03205
 20
-2.54442
 30
0.0
 10
-8.03443
 20
-2.54359
 30
0.0
 10
-8.03443
 20
-2.54359
 30
0.0
 10
-8.085
 20
-2.60099
 30
0.0
 10
-8.085
 20
-2.60099
 30
0.0
 10
-8.085
 20
-2.60099
 30
0.0
 10
-7.18691
 20
-2.80614
 30
0.0
 10
-7.18691
 20
-2.80614
 30
0.0
 10
-7.18691
 20
-2.80614
 30
0.0
 10
-7.22965
 20
-2.69611
 30
0.0
 10
-7.22965
 20
-2.69611
 30
0.0
  0
SPLINE
  5
1BA
330
1F
100
AcDbEntity
  8
Plan 1
 62
   250
370
    20
100
AcDbSpline
210
0.0
220
0.0
230
1.0
 70
    11
 71
     3
 72
    20
 73
    16
 74
     0
 42
0.0000000001
 43
0.0000000001
 40
0.0
 40
0.0
 40
0.0
 40
0.0
 40
0.2
 40
0.2
 40
0.2
 40
0.4
 40
0.4
 40
0.4
 40
0.6000000000000001
 40
0.6000000000000001
 40
0.6000000000000001
 40
0.8
 40
0.8
 40
0.8
 40
1.0
 40
1.0
 40
1.0
 40
1.0
 10
-8.11962
 20
-2.77413
 30
0.0
 10
-8.11962
 20
-2.77413
 30
0.0
 10
-7.36094
 20
-2.93156
 30
0.0
 10
-7.36094
 20
-2.93156
 30
0.0
 10
-7.35127
 20
-2.93356
 30
0.0
 10
-7.3434
 20
-2.93789
 30
0.0
 10
-7.33743
 20
-2.94337
 30
0.0
 10
-7.33743
 20
-2.94337
 30
0.0
 10
-7.23051
 20
-2.88876
 30
0.0
 10
-7.23051
 20
-2.88876
 30
0.0
 10
-7.23051
 20
-2.88876
 30
0.0
 10
-8.11899
 20
-2.6858
 30
0.0
 10
-8.11899
 20
-2.6858
 30
0.0
 10
-8.1192
 20
-2.71524
 30
0.0
 10
-8.11941
 20
-2.74469
 30
0.0
 10
-8.11962
 20
-2.77413
 30
0.0
  0
SPLINE
  5
1BB
330
1F
100
AcDbEntity
  8
Plan 1
 62
   250
370
    20
100
AcDbSpline
210
0.0
220
0.0
230
1.0
 70
    11
 71
     3
 72
    23
 73
    19
 74
     0
 42
0.0000000001
 43
0.0000000001
 40
0.0
 40
0.0
 40
0.0
 40
0.0
 40
0.1666666666666667
 40
0.1666666666666667
 40
0.1666666666666667
 40
0.3333333333333333
 40
0.3333333333333333
 40
0.3333333333333333
 40
0.5
 40
0.5
 40
0.5
 40
0.6666666666666666
 40
0.6666666666666666
 40
0.6666666666666666
 40
0.8333333333333333
 40
0.8333333333333333
 40
0.8333333333333333
 40
1.0
 40
1.0
 40
1.0
 40
1.0
 10
-8.10826
 20
-3.04176
 30
0.0
 10
-8.10826
 20
-3.04176
 30
0.0
 10
-7.83678
 20
-4.93807
 30
0.0
 10
-7.83678
 20
-4.93807
 30
0.0
 10
-7.83678
 20
-4.93807
 30
0.0
 10
-7.27582
 20
-4.68403
 30
0.0
 10
-7.27582
 20
-4.68403
 30
0.0
 10
-7.27582
 20
-4.68403
 30
0.0
 10
-7.52521
 20
-3.86876
 30
0.0
 10
-7.52521
 20
-3.86876
 30
0.0
 10
-7.5272
 20
-3.86225
 30
0.0
 10
-7.52812
 20
-3.85601
 30
0.0
 10
-7.52812
 20
-3.84935
 30
0.0
 10
-7.52812
 20
-3.84935
 30
0.0
 10
-7.52811
 20
-3.13923
 30
0.0
 10
-7.52811
 20
-3.13923
 30
0.0
 10
-7.52811
 20
-3.13923
 30
0.0
 10
-8.10826
 20
-3.04176
 30
0.0
 10
-8.10826
 20
-3.04176
 30
0.0
  0
SPLINE
  5
1BC
330
1F
100
AcDbEntity
  8
Plan 1
 62
   250
370
    20
100
AcDbSpline
210
0.0
220
0.0
230
1.0
 70
    11
 71
     3
 72
    17
 73
    13
 74
     0
 42
0.0000000001
 43
0.0000000001
 40
0.0
 40
0.0
 40
0.0
 40
0.0
 40
0.25
 40
0.25
 40
0.25
 40
0.5
 40
0.5
 40
0.5
 40
0.75
 40
0.75
 40
0.75
 40
1.0
 40
1.0
 40
1.0
 40
1.0
 10
-8.39944
 20
-3.79474
 30
0.0
 10
-8.39944
 20
-3.79474
 30
0.0
 10
-8.42893
 20
-3.88218
 30
0.0
 10
-8.42893
 20
-3.88218
 30
0.0
 10
-8.42893
 20
-3.88218
 30
0.0
 10
-8.1304
 20
-3.90214
 30
0.0
 10
-8.1304
 20
-3.90214
 30
0.0
 10
-8.1304
 20
-3.90214
 30
0.0
 10
-8.14294
 20
-3.81452
 30
0.0
 10
-8.14294
 20
-3.81452
 30
0.0
 10
-8.14294
 20
-3.81452
 30
0.0
 10
-8.39944
 20
-3.79474
 30
0.0
 10
-8.39944
 20
-3.79474
 30
0.0
  0
SPLINE
  5
1BD
330
1F
100
AcDbEntity
  8
Plan 1
 62
   250
370
    20
100
AcDbSpline
210
0.0
220
0.0
230
1.0
 70
    11
 71
     3
 72
    17
 73
    13
 74
     0
 42
0.0000000001
 43
0.0000000001
 40
0.0
 40
0.0
 40
0.0
 40
0.0
 40
0.25
 40
0.25
 40
0.25
 40
0.5
 40
0.5
 40
0.5
 40
0.75
 40
0.75
 40
0.75
 40
1.0
 40
1.0
 40
1.0
 40
1.0
 10
-8.45861
 20
-3.97019
 30
0.0
 10
-8.45861
 20
-3.97019
 30
0.0
 10
-8.47417
 20
-4.01633
 30
0.0
 10
-8.47417
 20
-4.01633
 30
0.0
 10
-8.47417
 20
-4.01633
 30
0.0
 10
-8.10305
 20
-4.09314
 30
0.0
 10
-8.10305
 20
-4.09314
 30
0.0
 10
-8.10305
 20
-4.09314
 30
0.0
 10
-8.11739
 20
-3.99302
 30
0.0
 10
-8.11739
 20
-3.99302
 30
0.0
 10
-8.11739
 20
-3.99302
 30
0.0
 10
-8.45861
 20
-3.97019
 30
0.0
 10
-8.45861
 20
-3.97019
 30
0.0
  0
SPLINE
  5
1BE
330
1F
100
AcDbEntity
  8
Plan 1
 62
   250
370
    20
100
AcDbSpline
210
0.0
220
0.0
230
1.0
 70
    11
 71
     3
 72
    20
 73
    16
 74
     0
 42
0.0000000001
 43
0.0000000001
 40
0.0
 40
0.0
 40
0.0
 40
0.0
 40
0.2
 40
0.2
 40
0.2
 40
0.4
 40
0.4
 40
0.4
 40
0.6000000000000001
 40
0.6000000000000001
 40
0.6000000000000001
 40
0.8
 40
0.8
 40
0.8
 40
1.0
 40
1.0
 40
1.0
 40
1.0
 10
-8.5032
 20
-4.1024
 30
0.0
 10
-8.5032
 20
-4.1024
 30
0.0
 10
-8.5173
 20
-4.14421
 30
0.0
 10
-8.5173
 20
-4.14421
 30
0.0
 10
-8.5173
 20
-4.14421
 30
0.0
 10
-8.0859
 20
-4.21291
 30
0.0
 10
-8.0859
 20
-4.21291
 30
0.0
 10
-8.0859
 20
-4.21291
 30
0.0
 10
-8.08947
 20
-4.18803
 30
0.0
 10
-8.08947
 20
-4.18803
 30
0.0
 10
-8.08978
 20
-4.18797
 30
0.0
 10
-8.09008
 20
-4.18791
 30
0.0
 10
-8.09039
 20
-4.18785
 30
0.0
 10
-8.09039
 20
-4.18785
 30
0.0
 10
-8.5032
 20
-4.1024
 30
0.0
 10
-8.5032
 20
-4.1024
 30
0.0
  0
SPLINE
  5
1BF
330
1F
100
AcDbEntity
  8
Plan 1
 62
   250
370
    20
100
AcDbSpline
210
0.0
220
0.0
230
1.0
 70
    11
 71
     3
 72
    23
 73
    19
 74
     0
 42
0.0000000001
 43
0.0000000001
 40
0.0
 40
0.0
 40
0.0
 40
0.0
 40
0.1666666666666667
 40
0.1666666666666667
 40
0.1666666666666667
 40
0.3333333333333333
 40
0.3333333333333333
 40
0.3333333333333333
 40
0.5
 40
0.5
 40
0.5
 40
0.6666666666666666
 40
0.6666666666666666
 40
0.6666666666666666
 40
0.8333333333333333
 40
0.8333333333333333
 40
0.8333333333333333
 40
1.0
 40
1.0
 40
1.0
 40
1.0
 10
-8.29099
 20
-3.02456
 30
0.0
 10
-8.29099
 20
-3.02456
 30
0.0
 10
-9.4212
 20
-3.00261
 30
0.0
 10
-9.4212
 20
-3.00261
 30
0.0
 10
-9.4212
 20
-3.00261
 30
0.0
 10
-10.01657
 20
-4.27854
 30
0.0
 10
-10.01657
 20
-4.27854
 30
0.0
 10
-10.02077
 20
-4.28754
 30
0.0
 10
-10.02724
 20
-4.29618
 30
0.0
 10
-10.03625
 20
-4.30323
 30
0.0
 10
-10.03625
 20
-4.30323
 30
0.0
 10
-10.03625
 20
-5.13354
 30
0.0
 10
-10.03625
 20
-5.13354
 30
0.0
 10
-10.03625
 20
-5.13354
 30
0.0
 10
-8.84566
 20
-4.66918
 30
0.0
 10
-8.84566
 20
-4.66918
 30
0.0
 10
-8.84566
 20
-4.66918
 30
0.0
 10
-8.29099
 20
-3.02456
 30
0.0
 10
-8.29099
 20
-3.02456
 30
0.0
  0
SPLINE
  5
1C0
330
1F
100
AcDbEntity
  8
Plan 1
 62
   250
370
    20
100
AcDbSpline
210
0.0
220
0.0
230
1.0
 70
    11
 71
     3
 72
    20
 73
    16
 74
     0
 42
0.0000000001
 43
0.0000000001
 40
0.0
 40
0.0
 40
0.0
 40
0.0
 40
0.2
 40
0.2
 40
0.2
 40
0.4
 40
0.4
 40
0.4
 40
0.6000000000000001
 40
0.6000000000000001
 40
0.6000000000000001
 40
0.8
 40
0.8
 40
0.8
 40
1.0
 40
1.0
 40
1.0
 40
1.0
 10
-9.41476
 20
-5.03926
 30
0.0
 10
-9.41476
 20
-5.03926
 30
0.0
 10
-9.19942
 20
-5.30296
 30
0.0
 10
-9.19942
 20
-5.30296
 30
0.0
 10
-9.19942
 20
-5.30296
 30
0.0
 10
-9.11258
 20
-5.14977
 30
0.0
 10
-9.11258
 20
-5.14977
 30
0.0
 10
-9.1148
 20
-5.14765
 30
0.0
 10
-9.11674
 20
-5.14537
 30
0.0
 10
-9.1184
 20
-5.143
 30
0.0
 10
-9.1184
 20
-5.143
 30
0.0
 10
-9.23899
 20
-4.9707
 30
0.0
 10
-9.23899
 20
-4.9707
 30
0.0
 10
-9.23899
 20
-4.9707
 30
0.0
 10
-9.41476
 20
-5.03926
 30
0.0
 10
-9.41476
 20
-5.03926
 30
0.0
  0
SPLINE
  5
1C1
330
1F
100
AcDbEntity
  8
Plan 1
 62
   250
370
    20
100
AcDbSpline
210
0.0
220
0.0
230
1.0
 70
    11
 71
     3
 72
    20
 73
    16
 74
     0
 42
0.0000000001
 43
0.0000000001
 40
0.0
 40
0.0
 40
0.0
 40
0.0
 40
0.2
 40
0.2
 40
0.2
 40
0.4
 40
0.4
 40
0.4
 40
0.6000000000000001
 40
0.6000000000000001
 40
0.6000000000000001
 40
0.8
 40
0.8
 40
0.8
 40
1.0
 40
1.0
 40
1.0
 40
1.0
 10
-9.50779
 20
-5.07555
 30
0.0
 10
-9.50779
 20
-5.07555
 30
0.0
 10
-9.71083
 20
-5.15474
 30
0.0
 10
-9.71083
 20
-5.15474
 30
0.0
 10
-9.71083
 20
-5.15474
 30
0.0
 10
-9.36397
 20
-5.59322
 30
0.0
 10
-9.36397
 20
-5.59322
 30
0.0
 10
-9.36397
 20
-5.59322
 30
0.0
 10
-9.2495
 20
-5.39128
 30
0.0
 10
-9.2495
 20
-5.39128
 30
0.0
 10
-9.25089
 20
-5.38996
 30
0.0
 10
-9.25217
 20
-5.38857
 30
0.0
 10
-9.25334
 20
-5.38714
 30
0.0
 10
-9.25334
 20
-5.38714
 30
0.0
 10
-9.50779
 20
-5.07555
 30
0.0
 10
-9.50779
 20
-5.07555
 30
0.0
  0
SPLINE
  5
1C2
330
1F
100
AcDbEntity
  8
Plan 1
 62
   250
370
    20
100
AcDbSpline
210
0.0
220
0.0
230
1.0
 70
    11
 71
     3
 72
    20
 73
    16
 74
     0
 42
0.0000000001
 43
0.0000000001
 40
0.0
 40
0.0
 40
0.0
 40
0.0
 40
0.2
 40
0.2
 40
0.2
 40
0.4
 40
0.4
 40
0.4
 40
0.6000000000000001
 40
0.6000000000000001
 40
0.6000000000000001
 40
0.8
 40
0.8
 40
0.8
 40
1.0
 40
1.0
 40
1.0
 40
1.0
 10
-9.80353
 20
-5.19089
 30
0.0
 10
-9.80353
 20
-5.19089
 30
0.0
 10
-9.92204
 20
-5.23711
 30
0.0
 10
-9.92204
 20
-5.23711
 30
0.0
 10
-9.92204
 20
-5.23711
 30
0.0
 10
-9.46994
 20
-5.78013
 30
0.0
 10
-9.46994
 20
-5.78013
 30
0.0
 10
-9.46994
 20
-5.78013
 30
0.0
 10
-9.41437
 20
-5.68211
 30
0.0
 10
-9.41437
 20
-5.68211
 30
0.0
 10
-9.41594
 20
-5.68062
 30
0.0
 10
-9.41736
 20
-5.67905
 30
0.0
 10
-9.41865
 20
-5.67743
 30
0.0
 10
-9.41865
 20
-5.67743
 30
0.0
 10
-9.80353
 20
-5.19089
 30
0.0
 10
-9.80353
 20
-5.19089
 30
0.0
  0
SPLINE
  5
1C3
330
1F
100
AcDbEntity
  8
Plan 1
 62
   250
370
    20
100
AcDbSpline
210
0.0
220
0.0
230
1.0
 70
    11
 71
     3
 72
    17
 73
    13
 74
     0
 42
0.0000000001
 43
0.0000000001
 40
0.0
 40
0.0
 40
0.0
 40
0.0
 40
0.25
 40
0.25
 40
0.25
 40
0.5
 40
0.5
 40
0.5
 40
0.75
 40
0.75
 40
0.75
 40
1.0
 40
1.0
 40
1.0
 40
1.0
 10
-8.12027
 20
-2.86609
 30
0.0
 10
-8.12035
 20
-2.87762
 30
0.0
 10
-8.12043
 20
-2.88915
 30
0.0
 10
-8.12051
 20
-2.90068
 30
0.0
 10
-8.12051
 20
-2.90068
 30
0.0
 10
-7.46838
 20
-3.01026
 30
0.0
 10
-7.46838
 20
-3.01026
 30
0.0
 10
-7.46838
 20
-3.01026
 30
0.0
 10
-7.45598
 20
-3.00393
 30
0.0
 10
-7.45598
 20
-3.00393
 30
0.0
 10
-7.45598
 20
-3.00393
 30
0.0
 10
-8.12027
 20
-2.86609
 30
0.0
 10
-8.12027
 20
-2.86609
 30
0.0
  0
SPLINE
  5
1C4
330
1F
100
AcDbEntity
  8
Plan 1
 62
   250
370
    20
100
AcDbSpline
210
0.0
220
0.0
230
1.0
 70
    11
 71
     3
 72
    17
 73
    13
 74
     0
 42
0.0000000001
 43
0.0000000001
 40
0.0
 40
0.0
 40
0.0
 40
0.0
 40
0.25
 40
0.25
 40
0.25
 40
0.5
 40
0.5
 40
0.5
 40
0.75
 40
0.75
 40
0.75
 40
1.0
 40
1.0
 40
1.0
 40
1.0
 10
-8.17318
 20
-3.60329
 30
0.0
 10
-8.17318
 20
-3.60329
 30
0.0
 10
-8.33496
 20
-3.60356
 30
0.0
 10
-8.33496
 20
-3.60356
 30
0.0
 10
-8.33496
 20
-3.60356
 30
0.0
 10
-8.36983
 20
-3.70694
 30
0.0
 10
-8.36983
 20
-3.70694
 30
0.0
 10
-8.36983
 20
-3.70694
 30
0.0
 10
-8.15598
 20
-3.72343
 30
0.0
 10
-8.15598
 20
-3.72343
 30
0.0
 10
-8.15598
 20
-3.72343
 30
0.0
 10
-8.17318
 20
-3.60329
 30
0.0
 10
-8.17318
 20
-3.60329
 30
0.0
  0
SPLINE
  5
1C5
330
1F
100
AcDbEntity
  8
Plan 1
 62
   250
370
    20
100
AcDbSpline
210
0.0
220
0.0
230
1.0
 70
    11
 71
     3
 72
    26
 73
    22
 74
     0
 42
0.0000000001
 43
0.0000000001
 40
0.0
 40
0.0
 40
0.0
 40
0.0
 40
0.1428571428571428
 40
0.1428571428571428
 40
0.1428571428571428
 40
0.2857142857142857
 40
0.2857142857142857
 40
0.2857142857142857
 40
0.4285714285714285
 40
0.4285714285714285
 40
0.4285714285714285
 40
0.5714285714285714
 40
0.5714285714285714
 40
0.5714285714285714
 40
0.7142857142857142
 40
0.7142857142857142
 40
0.7142857142857142
 40
0.8571428571428571
 40
0.8571428571428571
 40
0.8571428571428571
 40
1.0
 40
1.0
 40
1.0
 40
1.0
 10
-10.01528
 20
-5.27348
 30
0.0
 10
-10.01528
 20
-5.27348
 30
0.0
 10
-10.03625
 20
-5.28166
 30
0.0
 10
-10.03625
 20
-5.28166
 30
0.0
 10
-10.03625
 20
-5.28166
 30
0.0
 10
-10.03625
 20
-5.40301
 30
0.0
 10
-10.03625
 20
-5.40301
 30
0.0
 10
-10.03316
 20
-5.40545
 30
0.0
 10
-10.03036
 20
-5.40807
 30
0.0
 10
-10.02785
 20
-5.41082
 30
0.0
 10
-10.02785
 20
-5.41082
 30
0.0
 10
-9.55491
 20
-5.93002
 30
0.0
 10
-9.55491
 20
-5.93002
 30
0.0
 10
-9.55491
 20
-5.93002
 30
0.0
 10
-9.51981
 20
-5.86811
 30
0.0
 10
-9.51981
 20
-5.86811
 30
0.0
 10
-9.5211
 20
-5.86689
 30
0.0
 10
-9.52229
 20
-5.86561
 30
0.0
 10
-9.52338
 20
-5.8643
 30
0.0
 10
-9.52338
 20
-5.8643
 30
0.0
 10
-10.01528
 20
-5.27348
 30
0.0
 10
-10.01528
 20
-5.27348
 30
0.0
  0
SPLINE
  5
1C6
330
1F
100
AcDbEntity
  8
Plan 1
 62
   250
370
    20
100
AcDbSpline
210
0.0
220
0.0
230
1.0
 70
    11
 71
     3
 72
    14
 73
    10
 74
     0
 42
0.0000000001
 43
0.0000000001
 40
0.0
 40
0.0
 40
0.0
 40
0.0
 40
0.3333333333333333
 40
0.3333333333333333
 40
0.3333333333333333
 40
0.6666666666666666
 40
0.6666666666666666
 40
0.6666666666666666
 40
1.0
 40
1.0
 40
1.0
 40
1.0
 10
-10.03625
 20
-5.61118
 30
0.0
 10
-10.03625
 20
-5.61118
 30
0.0
 10
-10.03625
 20
-5.85221
 30
0.0
 10
-10.03625
 20
-5.85221
 30
0.0
 10
-10.03625
 20
-5.85221
 30
0.0
 10
-9.9316
 20
-5.72606
 30
0.0
 10
-9.9316
 20
-5.72606
 30
0.0
 10
-9.9316
 20
-5.72606
 30
0.0
 10
-10.03625
 20
-5.61118
 30
0.0
 10
-10.03625
 20
-5.61118
 30
0.0
  0
SPLINE
  5
1C7
330
1F
100
AcDbEntity
  8
Plan 1
 62
   250
370
    20
100
AcDbSpline
210
0.0
220
0.0
230
1.0
 70
    11
 71
     3
 72
    14
 73
    10
 74
     0
 42
0.0000000001
 43
0.0000000001
 40
0.0
 40
0.0
 40
0.0
 40
0.0
 40
0.3333333333333333
 40
0.3333333333333333
 40
0.3333333333333333
 40
0.6666666666666666
 40
0.6666666666666666
 40
0.6666666666666666
 40
1.0
 40
1.0
 40
1.0
 40
1.0
 10
-8.28377
 20
-0.71594
 30
0.0
 10
-8.28377
 20
-0.71594
 30
0.0
 10
-8.51092
 20
-1.18913
 30
0.0
 10
-8.51092
 20
-1.18913
 30
0.0
 10
-8.51092
 20
-1.18913
 30
0.0
 10
-7.69103
 20
-1.51728
 30
0.0
 10
-7.69103
 20
-1.51728
 30
0.0
 10
-7.69103
 20
-1.51728
 30
0.0
 10
-8.28377
 20
-0.71594
 30
0.0
 10
-8.28377
 20
-0.71594
 30
0.0
  0
SPLINE
  5
1C8
330
1F
100
AcDbEntity
  8
Plan 1
 62
   250
370
    20
100
AcDbSpline
210
0.0
220
0.0
230
1.0
 70
    11
 71
     3
 72
    20
 73
    16
 74
     0
 42
0.0000000001
 43
0.0000000001
 40
0.0
 40
0.0
 40
0.0
 40
0.0
 40
0.2
 40
0.2
 40
0.2
 40
0.4
 40
0.4
 40
0.4
 40
0.6000000000000001
 40
0.6000000000000001
 40
0.6000000000000001
 40
0.8
 40
0.8
 40
0.8
 40
1.0
 40
1.0
 40
1.0
 40
1.0
 10
-8.5708
 20
-1.31386
 30
0.0
 10
-8.5708
 20
-1.31386
 30
0.0
 10
-8.83194
 20
-1.85785
 30
0.0
 10
-8.83194
 20
-1.85785
 30
0.0
 10
-8.83194
 20
-1.85785
 30
0.0
 10
-8.19331
 20
-2.51027
 30
0.0
 10
-8.19331
 20
-2.51027
 30
0.0
 10
-8.19331
 20
-2.51027
 30
0.0
 10
-7.56364
 20
-1.79553
 30
0.0
 10
-7.56364
 20
-1.79553
 30
0.0
 10
-7.56364
 20
-1.79553
 30
0.0
 10
-7.56112
 20
-1.71797
 30
0.0
 10
-7.56112
 20
-1.71797
 30
0.0
 10
-7.56112
 20
-1.71797
 30
0.0
 10
-8.5708
 20
-1.31386
 30
0.0
 10
-8.5708
 20
-1.31386
 30
0.0
  0
SPLINE
  5
1C9
330
1F
100
AcDbEntity
  8
Plan 1
 62
   250
370
    20
100
AcDbSpline
210
0.0
220
0.0
230
1.0
 70
    11
 71
     3
 72
    17
 73
    13
 74
     0
 42
0.0000000001
 43
0.0000000001
 40
0.0
 40
0.0
 40
0.0
 40
0.0
 40
0.25
 40
0.25
 40
0.25
 40
0.5
 40
0.5
 40
0.5
 40
0.75
 40
0.75
 40
0.75
 40
1.0
 40
1.0
 40
1.0
 40
1.0
 10
-8.92179
 20
-1.96746
 30
0.0
 10
-8.92179
 20
-1.96746
 30
0.0
 10
-9.40948
 20
-2.3887
 30
0.0
 10
-9.40948
 20
-2.3887
 30
0.0
 10
-9.40948
 20
-2.3887
 30
0.0
 10
-9.40784
 20
-2.45314
 30
0.0
 10
-9.40784
 20
-2.45314
 30
0.0
 10
-9.40784
 20
-2.45314
 30
0.0
 10
-8.7527
 20
-2.14021
 30
0.0
 10
-8.7527
 20
-2.14021
 30
0.0
 10
-8.7527
 20
-2.14021
 30
0.0
 10
-8.92179
 20
-1.96746
 30
0.0
 10
-8.92179
 20
-1.96746
 30
0.0
  0
SPLINE
  5
1CA
330
1F
100
AcDbEntity
  8
Plan 1
 62
   250
370
    20
100
AcDbSpline
210
0.0
220
0.0
230
1.0
 70
    11
 71
     3
 72
    20
 73
    16
 74
     0
 42
0.0000000001
 43
0.0000000001
 40
0.0
 40
0.0
 40
0.0
 40
0.0
 40
0.2
 40
0.2
 40
0.2
 40
0.4
 40
0.4
 40
0.4
 40
0.6000000000000001
 40
0.6000000000000001
 40
0.6000000000000001
 40
0.8
 40
0.8
 40
0.8
 40
1.0
 40
1.0
 40
1.0
 40
1.0
 10
-9.40532
 20
-2.553
 30
0.0
 10
-9.40532
 20
-2.553
 30
0.0
 10
-9.40336
 20
-2.6304
 30
0.0
 10
-9.40336
 20
-2.6304
 30
0.0
 10
-9.40336
 20
-2.6304
 30
0.0
 10
-8.61397
 20
-2.28193
 30
0.0
 10
-8.61397
 20
-2.28193
 30
0.0
 10
-8.61397
 20
-2.28193
 30
0.0
 10
-8.68503
 20
-2.20933
 30
0.0
 10
-8.68503
 20
-2.20933
 30
0.0
 10
-8.68503
 20
-2.20933
 30
0.0
 10
-9.39978
 20
-2.55074
 30
0.0
 10
-9.39978
 20
-2.55074
 30
0.0
 10
-9.40156
 20
-2.55159
 30
0.0
 10
-9.40341
 20
-2.55235
 30
0.0
 10
-9.40532
 20
-2.553
 30
0.0
  0
SPLINE
  5
1CB
330
1F
100
AcDbEntity
  8
Plan 1
 62
   250
370
    20
100
AcDbSpline
210
0.0
220
0.0
230
1.0
 70
    11
 71
     3
 72
    32
 73
    28
 74
     0
 42
0.0000000001
 43
0.0000000001
 40
0.0
 40
0.0
 40
0.0
 40
0.0
 40
0.1111111111111111
 40
0.1111111111111111
 40
0.1111111111111111
 40
0.2222222222222222
 40
0.2222222222222222
 40
0.2222222222222222
 40
0.3333333333333333
 40
0.3333333333333333
 40
0.3333333333333333
 40
0.4444444444444444
 40
0.4444444444444444
 40
0.4444444444444444
 40
0.5555555555555556
 40
0.5555555555555556
 40
0.5555555555555556
 40
0.6666666666666666
 40
0.6666666666666666
 40
0.6666666666666666
 40
0.7777777777777777
 40
0.7777777777777777
 40
0.7777777777777777
 40
0.8888888888888888
 40
0.8888888888888888
 40
0.8888888888888888
 40
1.0
 40
1.0
 40
1.0
 40
1.0
 10
-9.02084
 20
-1.86763
 30
0.0
 10
-9.02084
 20
-1.86763
 30
0.0
 10
-9.81904
 20
-1.07354
 30
0.0
 10
-9.81904
 20
-1.07354
 30
0.0
 10
-9.81904
 20
-1.07354
 30
0.0
 10
-10.01585
 20
-1.5262
 30
0.0
 10
-10.01585
 20
-1.5262
 30
0.0
 10
-10.02002
 20
-1.53579
 30
0.0
 10
-10.02671
 20
-1.54503
 30
0.0
 10
-10.03625
 20
-1.5525
 30
0.0
 10
-10.03625
 20
-1.5525
 30
0.0
 10
-10.03625
 20
-2.21196
 30
0.0
 10
-10.03625
 20
-2.21196
 30
0.0
 10
-10.03324
 20
-2.21433
 30
0.0
 10
-10.03052
 20
-2.21687
 30
0.0
 10
-10.02807
 20
-2.21954
 30
0.0
 10
-10.02807
 20
-2.21954
 30
0.0
 10
-9.54445
 20
-2.74554
 30
0.0
 10
-9.54445
 20
-2.74554
 30
0.0
 10
-9.54445
 20
-2.74554
 30
0.0
 10
-9.5542
 20
-2.36054
 30
0.0
 10
-9.5542
 20
-2.36054
 30
0.0
 10
-9.55467
 20
-2.34173
 30
0.0
 10
-9.54786
 20
-2.32285
 30
0.0
 10
-9.53079
 20
-2.30811
 30
0.0
 10
-9.53079
 20
-2.30811
 30
0.0
 10
-9.02084
 20
-1.86763
 30
0.0
 10
-9.02084
 20
-1.86763
 30
0.0
  0
SPLINE
  5
1CC
330
1F
100
AcDbEntity
  8
Plan 1
 62
   250
370
    20
100
AcDbSpline
210
0.0
220
0.0
230
1.0
 70
    11
 71
     3
 72
    14
 73
    10
 74
     0
 42
0.0000000001
 43
0.0000000001
 40
0.0
 40
0.0
 40
0.0
 40
0.0
 40
0.3333333333333333
 40
0.3333333333333333
 40
0.3333333333333333
 40
0.6666666666666666
 40
0.6666666666666666
 40
0.6666666666666666
 40
1.0
 40
1.0
 40
1.0
 40
1.0
 10
-10.03625
 20
-2.41911
 30
0.0
 10
-10.03625
 20
-2.41911
 30
0.0
 10
-10.03625
 20
-2.80952
 30
0.0
 10
-10.03625
 20
-2.80952
 30
0.0
 10
-10.03625
 20
-2.80952
 30
0.0
 10
-9.64229
 20
-2.84761
 30
0.0
 10
-9.64229
 20
-2.84761
 30
0.0
 10
-9.64229
 20
-2.84761
 30
0.0
 10
-10.03625
 20
-2.41911
 30
0.0
 10
-10.03625
 20
-2.41911
 30
0.0
  0
SPLINE
  5
1CD
330
1F
100
AcDbEntity
  8
Plan 1
 62
   250
370
    20
100
AcDbSpline
210
0.0
220
0.0
230
1.0
 70
    11
 71
     3
 72
    14
 73
    10
 74
     0
 42
0.0000000001
 43
0.0000000001
 40
0.0
 40
0.0
 40
0.0
 40
0.0
 40
0.3333333333333333
 40
0.3333333333333333
 40
0.3333333333333333
 40
0.6666666666666666
 40
0.6666666666666666
 40
0.6666666666666666
 40
1.0
 40
1.0
 40
1.0
 40
1.0
 10
-10.03625
 20
-2.94708
 30
0.0
 10
-10.03625
 20
-2.94708
 30
0.0
 10
-10.03625
 20
-3.98275
 30
0.0
 10
-10.03625
 20
-3.98275
 30
0.0
 10
-10.03625
 20
-3.98275
 30
0.0
 10
-9.57385
 20
-2.99179
 30
0.0
 10
-9.57385
 20
-2.99179
 30
0.0
 10
-9.57385
 20
-2.99179
 30
0.0
 10
-10.03625
 20
-2.94708
 30
0.0
 10
-10.03625
 20
-2.94708
 30
0.0
  0
SPLINE
  5
1CE
330
1F
100
AcDbEntity
  8
Plan 1
 62
   250
370
    20
100
AcDbSpline
210
0.0
220
0.0
230
1.0
 70
    11
 71
     3
 72
    14
 73
    10
 74
     0
 42
0.0000000001
 43
0.0000000001
 40
0.0
 40
0.0
 40
0.0
 40
0.0
 40
0.3333333333333333
 40
0.3333333333333333
 40
0.3333333333333333
 40
0.6666666666666666
 40
0.6666666666666666
 40
0.6666666666666666
 40
1.0
 40
1.0
 40
1.0
 40
1.0
 10
-8.10693
 20
6.6292
 30
0.0
 10
-8.10693
 20
6.6292
 30
0.0
 10
-8.22839
 20
3.17275
 30
0.0
 10
-8.22839
 20
3.17275
 30
0.0
 10
-8.22839
 20
3.17275
 30
0.0
 10
-6.7449
 20
3.4918
 30
0.0
 10
-6.7449
 20
3.4918
 30
0.0
 10
-6.7449
 20
3.4918
 30
0.0
 10
-8.10693
 20
6.6292
 30
0.0
 10
-8.10693
 20
6.6292
 30
0.0
  0
SPLINE
  5
1CF
330
1F
100
AcDbEntity
  8
Plan 1
 62
   250
370
    20
100
AcDbSpline
210
0.0
220
0.0
230
1.0
 70
    11
 71
     3
 72
    17
 73
    13
 74
     0
 42
0.0000000001
 43
0.0000000001
 40
0.0
 40
0.0
 40
0.0
 40
0.0
 40
0.25
 40
0.25
 40
0.25
 40
0.5
 40
0.5
 40
0.5
 40
0.75
 40
0.75
 40
0.75
 40
1.0
 40
1.0
 40
1.0
 40
1.0
 10
-8.23137
 20
3.03173
 30
0.0
 10
-8.23137
 20
3.03173
 30
0.0
 10
-8.22713
 20
0.58061
 30
0.0
 10
-8.22713
 20
0.58061
 30
0.0
 10
-8.22713
 20
0.58061
 30
0.0
 10
-6.83309
 20
2.67528
 30
0.0
 10
-6.83309
 20
2.67528
 30
0.0
 10
-6.81134
 20
2.90172
 30
0.0
 10
-6.78213
 20
3.12811
 30
0.0
 10
-6.73783
 20
3.35295
 30
0.0
 10
-6.73783
 20
3.35295
 30
0.0
 10
-8.23137
 20
3.03173
 30
0.0
 10
-8.23137
 20
3.03173
 30
0.0
  0
SPLINE
  5
1D0
330
1F
100
AcDbEntity
  8
Plan 1
 62
   250
370
    20
100
AcDbSpline
210
0.0
220
0.0
230
1.0
 70
    11
 71
     3
 72
    17
 73
    13
 74
     0
 42
0.0000000001
 43
0.0000000001
 40
0.0
 40
0.0
 40
0.0
 40
0.0
 40
0.25
 40
0.25
 40
0.25
 40
0.5
 40
0.5
 40
0.5
 40
0.75
 40
0.75
 40
0.75
 40
1.0
 40
1.0
 40
1.0
 40
1.0
 10
-8.3754
 20
3.0714
 30
0.0
 10
-8.3754
 20
3.0714
 30
0.0
 10
-8.53223
 20
3.40137
 30
0.0
 10
-8.53223
 20
3.40137
 30
0.0
 10
-8.53223
 20
3.40137
 30
0.0
 10
-9.74173
 20
-0.85505
 30
0.0
 10
-9.74173
 20
-0.85505
 30
0.0
 10
-9.74173
 20
-0.85505
 30
0.0
 10
-8.36918
 20
-0.52538
 30
0.0
 10
-8.36918
 20
-0.52538
 30
0.0
 10
-8.36918
 20
-0.52538
 30
0.0
 10
-8.3754
 20
3.0714
 30
0.0
 10
-8.3754
 20
3.0714
 30
0.0
  0
SPLINE
  5
1D1
330
1F
100
AcDbEntity
  8
Plan 1
 62
   250
370
    20
100
AcDbSpline
210
0.0
220
0.0
230
1.0
 70
    11
 71
     3
 72
    23
 73
    19
 74
     0
 42
0.0000000001
 43
0.0000000001
 40
0.0
 40
0.0
 40
0.0
 40
0.0
 40
0.1666666666666667
 40
0.1666666666666667
 40
0.1666666666666667
 40
0.3333333333333333
 40
0.3333333333333333
 40
0.3333333333333333
 40
0.5
 40
0.5
 40
0.5
 40
0.6666666666666666
 40
0.6666666666666666
 40
0.6666666666666666
 40
0.8333333333333333
 40
0.8333333333333333
 40
0.8333333333333333
 40
1.0
 40
1.0
 40
1.0
 40
1.0
 10
1.19291
 20
7.46279
 30
0.0
 10
1.18657
 20
7.43751
 30
0.0
 10
1.18023
 20
7.41222
 30
0.0
 10
1.17388
 20
7.38694
 30
0.0
 10
1.17388
 20
7.38694
 30
0.0
 10
1.74085
 20
7.6111
 30
0.0
 10
1.74085
 20
7.6111
 30
0.0
 10
1.74115
 20
7.61121
 30
0.0
 10
1.74145
 20
7.61133
 30
0.0
 10
1.74175
 20
7.61144
 30
0.0
 10
1.74008
 20
7.63932
 30
0.0
 10
1.7384
 20
7.6672
 30
0.0
 10
1.73673
 20
7.69508
 30
0.0
 10
1.73673
 20
7.69508
 30
0.0
 10
1.20873
 20
7.46685
 30
0.0
 10
1.20873
 20
7.46685
 30
0.0
 10
1.20376
 20
7.4647
 30
0.0
 10
1.19841
 20
7.46333
 30
0.0
 10
1.19291
 20
7.46279
 30
0.0
  0
SPLINE
  5
1D2
330
1F
100
AcDbEntity
  8
Plan 1
 62
   250
370
    20
100
AcDbSpline
210
0.0
220
0.0
230
1.0
 70
    11
 71
     3
 72
    23
 73
    19
 74
     0
 42
0.0000000001
 43
0.0000000001
 40
0.0
 40
0.0
 40
0.0
 40
0.0
 40
0.1666666666666667
 40
0.1666666666666667
 40
0.1666666666666667
 40
0.3333333333333333
 40
0.3333333333333333
 40
0.3333333333333333
 40
0.5
 40
0.5
 40
0.5
 40
0.6666666666666666
 40
0.6666666666666666
 40
0.6666666666666666
 40
0.8333333333333333
 40
0.8333333333333333
 40
0.8333333333333333
 40
1.0
 40
1.0
 40
1.0
 40
1.0
 10
-2.27954
 20
4.78223
 30
0.0
 10
-2.27859
 20
4.78742
 30
0.0
 10
-2.27665
 20
4.79252
 30
0.0
 10
-2.27366
 20
4.79728
 30
0.0
 10
-2.27366
 20
4.79728
 30
0.0
 10
-1.74642
 20
5.63593
 30
0.0
 10
-1.74642
 20
5.63593
 30
0.0
 10
-1.74353
 20
5.64054
 30
0.0
 10
-1.73962
 20
5.64485
 30
0.0
 10
-1.73467
 20
5.64844
 30
0.0
 10
-1.77236
 20
5.74552
 30
0.0
 10
-1.81004
 20
5.84261
 30
0.0
 10
-1.84772
 20
5.93969
 30
0.0
 10
-1.84772
 20
5.93969
 30
0.0
 10
-2.5219
 20
4.76149
 30
0.0
 10
-2.5219
 20
4.76149
 30
0.0
 10
-2.44115
 20
4.76858
 30
0.0
 10
-2.36036
 20
4.77549
 30
0.0
 10
-2.27954
 20
4.78223
 30
0.0
  0
SPLINE
  5
1D3
330
1F
100
AcDbEntity
  8
Plan 1
 62
   250
370
    20
100
AcDbSpline
210
0.0
220
0.0
230
1.0
 70
    11
 71
     3
 72
    20
 73
    16
 74
     0
 42
0.0000000001
 43
0.0000000001
 40
0.0
 40
0.0
 40
0.0
 40
0.0
 40
0.2
 40
0.2
 40
0.2
 40
0.4
 40
0.4
 40
0.4
 40
0.6000000000000001
 40
0.6000000000000001
 40
0.6000000000000001
 40
0.8
 40
0.8
 40
0.8
 40
1.0
 40
1.0
 40
1.0
 40
1.0
 10
-3.2289
 20
4.62693
 30
0.0
 10
-3.16612
 20
4.65448
 30
0.0
 10
-3.10334
 20
4.68202
 30
0.0
 10
-3.04057
 20
4.70957
 30
0.0
 10
-3.03539
 20
4.71184
 30
0.0
 10
-3.03073
 20
4.71324
 30
0.0
 10
-3.02605
 20
4.7142
 30
0.0
 10
-3.02605
 20
4.7142
 30
0.0
 10
-3.24567
 20
5.08688
 30
0.0
 10
-3.24567
 20
5.08688
 30
0.0
 10
-3.30071
 20
5.03552
 30
0.0
 10
-3.3558
 20
4.98418
 30
0.0
 10
-3.41094
 20
4.93287
 30
0.0
 10
-3.41094
 20
4.93287
 30
0.0
 10
-3.2289
 20
4.62693
 30
0.0
 10
-3.2289
 20
4.62693
 30
0.0
  0
SPLINE
  5
1D4
330
1F
100
AcDbEntity
  8
Plan 1
 62
   250
370
    20
100
AcDbSpline
210
0.0
220
0.0
230
1.0
 70
    11
 71
     3
 72
    20
 73
    16
 74
     0
 42
0.0000000001
 43
0.0000000001
 40
0.0
 40
0.0
 40
0.0
 40
0.0
 40
0.2
 40
0.2
 40
0.2
 40
0.4
 40
0.4
 40
0.4
 40
0.6000000000000001
 40
0.6000000000000001
 40
0.6000000000000001
 40
0.8
 40
0.8
 40
0.8
 40
1.0
 40
1.0
 40
1.0
 40
1.0
 10
-4.77222
 20
4.61062
 30
0.0
 10
-4.77599
 20
4.58683
 30
0.0
 10
-4.77976
 20
4.56304
 30
0.0
 10
-4.78353
 20
4.53925
 30
0.0
 10
-4.78353
 20
4.53925
 30
0.0
 10
-3.95412
 20
4.6529
 30
0.0
 10
-3.95412
 20
4.6529
 30
0.0
 10
-3.9431
 20
4.65441
 30
0.0
 10
-3.93276
 20
4.65249
 30
0.0
 10
-3.92412
 20
4.64841
 30
0.0
 10
-3.88095
 20
4.68835
 30
0.0
 10
-3.83781
 20
4.7283
 30
0.0
 10
-3.7947
 20
4.76827
 30
0.0
 10
-3.7947
 20
4.76827
 30
0.0
 10
-4.77222
 20
4.61062
 30
0.0
 10
-4.77222
 20
4.61062
 30
0.0
  0
SPLINE
  5
1D5
330
1F
100
AcDbEntity
  8
Plan 1
 62
   250
370
    20
100
AcDbSpline
210
0.0
220
0.0
230
1.0
 70
    11
 71
     3
 72
    20
 73
    16
 74
     0
 42
0.0000000001
 43
0.0000000001
 40
0.0
 40
0.0
 40
0.0
 40
0.0
 40
0.2
 40
0.2
 40
0.2
 40
0.4
 40
0.4
 40
0.4
 40
0.6000000000000001
 40
0.6000000000000001
 40
0.6000000000000001
 40
0.8
 40
0.8
 40
0.8
 40
1.0
 40
1.0
 40
1.0
 40
1.0
 10
-4.79823
 20
4.44645
 30
0.0
 10
-4.80292
 20
4.41684
 30
0.0
 10
-4.80761
 20
4.38724
 30
0.0
 10
-4.81229
 20
4.35763
 30
0.0
 10
-4.81229
 20
4.35763
 30
0.0
 10
-4.18769
 20
4.43672
 30
0.0
 10
-4.18769
 20
4.43672
 30
0.0
 10
-4.17681
 20
4.4381
 30
0.0
 10
-4.16667
 20
4.43617
 30
0.0
 10
-4.15818
 20
4.43215
 30
0.0
 10
-4.11492
 20
4.47206
 30
0.0
 10
-4.07168
 20
4.51199
 30
0.0
 10
-4.02847
 20
4.55192
 30
0.0
 10
-4.02847
 20
4.55192
 30
0.0
 10
-4.79823
 20
4.44645
 30
0.0
 10
-4.79823
 20
4.44645
 30
0.0
  0
SPLINE
  5
1D6
330
1F
100
AcDbEntity
  8
Plan 1
 62
   250
370
    20
100
AcDbSpline
210
0.0
220
0.0
230
1.0
 70
    11
 71
     3
 72
    20
 73
    16
 74
     0
 42
0.0000000001
 43
0.0000000001
 40
0.0
 40
0.0
 40
0.0
 40
0.0
 40
0.2
 40
0.2
 40
0.2
 40
0.4
 40
0.4
 40
0.4
 40
0.6000000000000001
 40
0.6000000000000001
 40
0.6000000000000001
 40
0.8
 40
0.8
 40
0.8
 40
1.0
 40
1.0
 40
1.0
 40
1.0
 10
-4.82694
 20
4.26515
 30
0.0
 10
-4.83178
 20
4.23455
 30
0.0
 10
-4.83663
 20
4.20395
 30
0.0
 10
-4.84148
 20
4.17335
 30
0.0
 10
-4.84148
 20
4.17335
 30
0.0
 10
-4.4133
 20
4.22903
 30
0.0
 10
-4.4133
 20
4.22903
 30
0.0
 10
-4.40234
 20
4.23046
 30
0.0
 10
-4.39211
 20
4.22852
 30
0.0
 10
-4.38355
 20
4.22446
 30
0.0
 10
-4.34291
 20
4.26187
 30
0.0
 10
-4.30227
 20
4.29929
 30
0.0
 10
-4.26166
 20
4.33673
 30
0.0
 10
-4.26166
 20
4.33673
 30
0.0
 10
-4.82694
 20
4.26515
 30
0.0
 10
-4.82694
 20
4.26515
 30
0.0
  0
SPLINE
  5
1D7
330
1F
100
AcDbEntity
  8
Plan 1
 62
   250
370
    20
100
AcDbSpline
210
0.0
220
0.0
230
1.0
 70
    11
 71
     3
 72
    23
 73
    19
 74
     0
 42
0.0000000001
 43
0.0000000001
 40
0.0
 40
0.0
 40
0.0
 40
0.0
 40
0.1666666666666667
 40
0.1666666666666667
 40
0.1666666666666667
 40
0.3333333333333333
 40
0.3333333333333333
 40
0.3333333333333333
 40
0.5
 40
0.5
 40
0.5
 40
0.6666666666666666
 40
0.6666666666666666
 40
0.6666666666666666
 40
0.8333333333333333
 40
0.8333333333333333
 40
0.8333333333333333
 40
1.0
 40
1.0
 40
1.0
 40
1.0
 10
-6.36877
 20
3.84349
 30
0.0
 10
-6.38395
 20
3.81427
 30
0.0
 10
-6.39895
 20
3.785
 30
0.0
 10
-6.41381
 20
3.75569
 30
0.0
 10
-6.41102
 20
3.75326
 30
0.0
 10
-6.40863
 20
3.7506
 30
0.0
 10
-6.40665
 20
3.7478
 30
0.0
 10
-6.40665
 20
3.7478
 30
0.0
 10
-6.06648
 20
3.26898
 30
0.0
 10
-6.06648
 20
3.26898
 30
0.0
 10
-6.05922
 20
3.25876
 30
0.0
 10
-6.057
 20
3.24643
 30
0.0
 10
-6.05957
 20
3.23497
 30
0.0
 10
-6.00061
 20
3.20631
 30
0.0
 10
-5.94165
 20
3.17764
 30
0.0
 10
-5.88269
 20
3.14897
 30
0.0
 10
-5.88269
 20
3.14897
 30
0.0
 10
-6.36877
 20
3.84349
 30
0.0
 10
-6.36877
 20
3.84349
 30
0.0
  0
SPLINE
  5
1D8
330
1F
100
AcDbEntity
  8
Plan 1
 62
   250
370
    20
100
AcDbSpline
210
0.0
220
0.0
230
1.0
 70
    11
 71
     3
 72
    23
 73
    19
 74
     0
 42
0.0000000001
 43
0.0000000001
 40
0.0
 40
0.0
 40
0.0
 40
0.0
 40
0.1666666666666667
 40
0.1666666666666667
 40
0.1666666666666667
 40
0.3333333333333333
 40
0.3333333333333333
 40
0.3333333333333333
 40
0.5
 40
0.5
 40
0.5
 40
0.6666666666666666
 40
0.6666666666666666
 40
0.6666666666666666
 40
0.8333333333333333
 40
0.8333333333333333
 40
0.8333333333333333
 40
1.0
 40
1.0
 40
1.0
 40
1.0
 10
-6.46159
 20
3.66025
 30
0.0
 10
-6.46666
 20
3.64999
 30
0.0
 10
-6.47172
 20
3.63973
 30
0.0
 10
-6.47677
 20
3.62947
 30
0.0
 10
-6.47294
 20
3.62621
 30
0.0
 10
-6.46985
 20
3.62251
 30
0.0
 10
-6.46748
 20
3.61861
 30
0.0
 10
-6.46748
 20
3.61861
 30
0.0
 10
-6.33282
 20
3.39666
 30
0.0
 10
-6.33282
 20
3.39666
 30
0.0
 10
-6.32696
 20
3.387
 30
0.0
 10
-6.32529
 20
3.37581
 30
0.0
 10
-6.32765
 20
3.36529
 30
0.0
 10
-6.28915
 20
3.34658
 30
0.0
 10
-6.25066
 20
3.32786
 30
0.0
 10
-6.21216
 20
3.30915
 30
0.0
 10
-6.21216
 20
3.30915
 30
0.0
 10
-6.46159
 20
3.66025
 30
0.0
 10
-6.46159
 20
3.66025
 30
0.0
  0
SPLINE
  5
1D9
330
1F
100
AcDbEntity
  8
Plan 1
 62
   250
370
    20
100
AcDbSpline
210
0.0
220
0.0
230
1.0
 70
    11
 71
     3
 72
    20
 73
    16
 74
     0
 42
0.0000000001
 43
0.0000000001
 40
0.0
 40
0.0
 40
0.0
 40
0.0
 40
0.2
 40
0.2
 40
0.2
 40
0.4
 40
0.4
 40
0.4
 40
0.6000000000000001
 40
0.6000000000000001
 40
0.6000000000000001
 40
0.8
 40
0.8
 40
0.8
 40
1.0
 40
1.0
 40
1.0
 40
1.0
 10
-8.63623
 20
3.56049
 30
0.0
 10
-9.1029
 20
3.7196
 30
0.0
 10
-9.56958
 20
3.87872
 30
0.0
 10
-10.03625
 20
4.03784
 30
0.0
 10
-10.03625
 20
4.03784
 30
0.0
 10
-10.03625
 20
3.5424
 30
0.0
 10
-10.03625
 20
3.5424
 30
0.0
 10
-10.02917
 20
3.53685
 30
0.0
 10
-10.02366
 20
3.53031
 30
0.0
 10
-10.01959
 20
3.52342
 30
0.0
 10
-10.01959
 20
3.52342
 30
0.0
 10
-9.09286
 20
1.95355
 30
0.0
 10
-9.09286
 20
1.95355
 30
0.0
 10
-9.09286
 20
1.95355
 30
0.0
 10
-8.63623
 20
3.56049
 30
0.0
 10
-8.63623
 20
3.56049
 30
0.0
  0
SPLINE
  5
1DA
330
1F
100
AcDbEntity
  8
Plan 1
 62
   250
370
    20
100
AcDbSpline
210
0.0
220
0.0
230
1.0
 70
    11
 71
     3
 72
    17
 73
    13
 74
     0
 42
0.0000000001
 43
0.0000000001
 40
0.0
 40
0.0
 40
0.0
 40
0.0
 40
0.25
 40
0.25
 40
0.25
 40
0.5
 40
0.5
 40
0.5
 40
0.75
 40
0.75
 40
0.75
 40
1.0
 40
1.0
 40
1.0
 40
1.0
 10
-10.03625
 20
3.2715
 30
0.0
 10
-10.03625
 20
3.2715
 30
0.0
 10
-10.03625
 20
-1.21442
 30
0.0
 10
-10.03625
 20
-1.21442
 30
0.0
 10
-10.03625
 20
-1.21442
 30
0.0
 10
-9.91158
 20
-0.92766
 30
0.0
 10
-9.91158
 20
-0.92766
 30
0.0
 10
-9.91158
 20
-0.92766
 30
0.0
 10
-9.14659
 20
1.76443
 30
0.0
 10
-9.14659
 20
1.76443
 30
0.0
 10
-9.14659
 20
1.76443
 30
0.0
 10
-10.03625
 20
3.2715
 30
0.0
 10
-10.03625
 20
3.2715
 30
0.0
  0
SPLINE
  5
1DB
330
1F
100
AcDbEntity
  8
Plan 1
 62
   250
370
    20
100
AcDbSpline
210
0.0
220
0.0
230
1.0
 70
    11
 71
     3
 72
    14
 73
    10
 74
     0
 42
0.0000000001
 43
0.0000000001
 40
0.0
 40
0.0
 40
0.0
 40
0.0
 40
0.3333333333333333
 40
0.3333333333333333
 40
0.3333333333333333
 40
0.6666666666666666
 40
0.6666666666666666
 40
0.6666666666666666
 40
1.0
 40
1.0
 40
1.0
 40
1.0
 10
-2.5614
 20
7.09732
 30
0.0
 10
-2.5614
 20
7.09732
 30
0.0
 10
-2.76345
 20
6.73515
 30
0.0
 10
-2.76345
 20
6.73515
 30
0.0
 10
-2.66759
 20
6.751
 30
0.0
 10
-2.57164
 20
6.76657
 30
0.0
 10
-2.47559
 20
6.78182
 30
0.0
 10
-2.47559
 20
6.78182
 30
0.0
 10
-2.5614
 20
7.09732
 30
0.0
 10
-2.5614
 20
7.09732
 30
0.0
  0
SPLINE
  5
1DC
330
1F
100
AcDbEntity
  8
Plan 1
 62
   250
370
    20
100
AcDbSpline
210
0.0
220
0.0
230
1.0
 70
    11
 71
     3
 72
    23
 73
    19
 74
     0
 42
0.0000000001
 43
0.0000000001
 40
0.0
 40
0.0
 40
0.0
 40
0.0
 40
0.1666666666666667
 40
0.1666666666666667
 40
0.1666666666666667
 40
0.3333333333333333
 40
0.3333333333333333
 40
0.3333333333333333
 40
0.5
 40
0.5
 40
0.5
 40
0.6666666666666666
 40
0.6666666666666666
 40
0.6666666666666666
 40
0.8333333333333333
 40
0.8333333333333333
 40
0.8333333333333333
 40
1.0
 40
1.0
 40
1.0
 40
1.0
 10
-8.24186
 20
6.88867
 30
0.0
 10
-8.24186
 20
6.88867
 30
0.0
 10
-9.52092
 20
7.04085
 30
0.0
 10
-9.52092
 20
7.04085
 30
0.0
 10
-9.52092
 20
7.04085
 30
0.0
 10
-8.48411
 20
5.77292
 30
0.0
 10
-8.48411
 20
5.77292
 30
0.0
 10
-8.46849
 20
5.75383
 30
0.0
 10
-8.46541
 20
5.73047
 30
0.0
 10
-8.47254
 20
5.7092
 30
0.0
 10
-8.47254
 20
5.7092
 30
0.0
 10
-8.8856
 20
4.47723
 30
0.0
 10
-8.8856
 20
4.47723
 30
0.0
 10
-8.8856
 20
4.47723
 30
0.0
 10
-8.36506
 20
3.38239
 30
0.0
 10
-8.36506
 20
3.38239
 30
0.0
 10
-8.36506
 20
3.38239
 30
0.0
 10
-8.24186
 20
6.88867
 30
0.0
 10
-8.24186
 20
6.88867
 30
0.0
  0
SPLINE
  5
1DD
330
1F
100
AcDbEntity
  8
Plan 1
 62
   250
370
    20
100
AcDbSpline
210
0.0
220
0.0
230
1.0
 70
    11
 71
     3
 72
    14
 73
    10
 74
     0
 42
0.0000000001
 43
0.0000000001
 40
0.0
 40
0.0
 40
0.0
 40
0.0
 40
0.3333333333333333
 40
0.3333333333333333
 40
0.3333333333333333
 40
0.6666666666666666
 40
0.6666666666666666
 40
0.6666666666666666
 40
1.0
 40
1.0
 40
1.0
 40
1.0
 10
-8.64521
 20
5.64521
 30
0.0
 10
-8.64521
 20
5.64521
 30
0.0
 10
-9.48514
 20
5.51532
 30
0.0
 10
-9.48514
 20
5.51532
 30
0.0
 10
-9.3169
 20
5.22537
 30
0.0
 10
-9.14865
 20
4.93541
 30
0.0
 10
-8.98042
 20
4.64546
 30
0.0
 10
-8.98042
 20
4.64546
 30
0.0
 10
-8.64521
 20
5.64521
 30
0.0
 10
-8.64521
 20
5.64521
 30
0.0
  0
SPLINE
  5
1DE
330
1F
100
AcDbEntity
  8
Plan 1
 62
   250
370
    20
100
AcDbSpline
210
0.0
220
0.0
230
1.0
 70
    11
 71
     3
 72
    14
 73
    10
 74
     0
 42
0.0000000001
 43
0.0000000001
 40
0.0
 40
0.0
 40
0.0
 40
0.0
 40
0.3333333333333333
 40
0.3333333333333333
 40
0.3333333333333333
 40
0.6666666666666666
 40
0.6666666666666666
 40
0.6666666666666666
 40
1.0
 40
1.0
 40
1.0
 40
1.0
 10
-9.60059
 20
6.91477
 30
0.0
 10
-9.60059
 20
6.91477
 30
0.0
 10
-9.52999
 20
5.64707
 30
0.0
 10
-9.52999
 20
5.64707
 30
0.0
 10
-9.52999
 20
5.64707
 30
0.0
 10
-8.67241
 20
5.77969
 30
0.0
 10
-8.67241
 20
5.77969
 30
0.0
 10
-8.67241
 20
5.77969
 30
0.0
 10
-9.60059
 20
6.91477
 30
0.0
 10
-9.60059
 20
6.91477
 30
0.0
  0
SPLINE
  5
1DF
330
1F
100
AcDbEntity
  8
Plan 1
 62
   250
370
    20
100
AcDbSpline
210
0.0
220
0.0
230
1.0
 70
    11
 71
     3
 72
    20
 73
    16
 74
     0
 42
0.0000000001
 43
0.0000000001
 40
0.0
 40
0.0
 40
0.0
 40
0.0
 40
0.2
 40
0.2
 40
0.2
 40
0.4
 40
0.4
 40
0.4
 40
0.6000000000000001
 40
0.6000000000000001
 40
0.6000000000000001
 40
0.8
 40
0.8
 40
0.8
 40
1.0
 40
1.0
 40
1.0
 40
1.0
 10
-10.03625
 20
5.73819
 30
0.0
 10
-10.03625
 20
5.73819
 30
0.0
 10
-10.03625
 20
4.18338
 30
0.0
 10
-10.03625
 20
4.18338
 30
0.0
 10
-9.58581
 20
4.0298
 30
0.0
 10
-9.13537
 20
3.87622
 30
0.0
 10
-8.68493
 20
3.72264
 30
0.0
 10
-8.68493
 20
3.72264
 30
0.0
 10
-9.02583
 20
4.43988
 30
0.0
 10
-9.02583
 20
4.43988
 30
0.0
 10
-9.23435
 20
4.79925
 30
0.0
 10
-9.44287
 20
5.15863
 30
0.0
 10
-9.65139
 20
5.518
 30
0.0
 10
-9.65139
 20
5.518
 30
0.0
 10
-10.03625
 20
5.73819
 30
0.0
 10
-10.03625
 20
5.73819
 30
0.0
  0
SPLINE
  5
1E0
330
1F
100
AcDbEntity
  8
Plan 1
 62
   250
370
    20
100
AcDbSpline
210
0.0
220
0.0
230
1.0
 70
    11
 71
     3
 72
    26
 73
    22
 74
     0
 42
0.0000000001
 43
0.0000000001
 40
0.0
 40
0.0
 40
0.0
 40
0.0
 40
0.1428571428571428
 40
0.1428571428571428
 40
0.1428571428571428
 40
0.2857142857142857
 40
0.2857142857142857
 40
0.2857142857142857
 40
0.4285714285714285
 40
0.4285714285714285
 40
0.4285714285714285
 40
0.5714285714285714
 40
0.5714285714285714
 40
0.5714285714285714
 40
0.7142857142857142
 40
0.7142857142857142
 40
0.7142857142857142
 40
0.8571428571428571
 40
0.8571428571428571
 40
0.8571428571428571
 40
1.0
 40
1.0
 40
1.0
 40
1.0
 10
-0.57395
 20
-4.55191
 30
0.0
 10
-0.57067
 20
-4.62973
 30
0.0
 10
-0.56738
 20
-4.70755
 30
0.0
 10
-0.56414
 20
-4.78537
 30
0.0
 10
-0.564
 20
-4.78867
 30
0.0
 10
-0.56388
 20
-4.79198
 30
0.0
 10
-0.56377
 20
-4.79529
 30
0.0
 10
-0.55006
 20
-4.7992
 30
0.0
 10
-0.53984
 20
-4.80828
 30
0.0
 10
-0.53455
 20
-4.81835
 30
0.0
 10
-0.53455
 20
-4.81835
 30
0.0
 10
-0.16505
 20
-5.52175
 30
0.0
 10
-0.16505
 20
-5.52175
 30
0.0
 10
-0.15132
 20
-5.4884
 30
0.0
 10
-0.1376
 20
-5.45504
 30
0.0
 10
-0.12388
 20
-5.42168
 30
0.0
 10
-0.12966
 20
-5.41733
 30
0.0
 10
-0.13396
 20
-5.41198
 30
0.0
 10
-0.13684
 20
-5.40635
 30
0.0
 10
-0.13684
 20
-5.40635
 30
0.0
 10
-0.57395
 20
-4.55191
 30
0.0
 10
-0.57395
 20
-4.55191
 30
0.0
  0
SPLINE
  5
1E1
330
1F
100
AcDbEntity
  8
Plan 1
 62
   250
370
    20
100
AcDbSpline
210
0.0
220
0.0
230
1.0
 70
    11
 71
     3
 72
    23
 73
    19
 74
     0
 42
0.0000000001
 43
0.0000000001
 40
0.0
 40
0.0
 40
0.0
 40
0.0
 40
0.1666666666666667
 40
0.1666666666666667
 40
0.1666666666666667
 40
0.3333333333333333
 40
0.3333333333333333
 40
0.3333333333333333
 40
0.5
 40
0.5
 40
0.5
 40
0.6666666666666666
 40
0.6666666666666666
 40
0.6666666666666666
 40
0.8333333333333333
 40
0.8333333333333333
 40
0.8333333333333333
 40
1.0
 40
1.0
 40
1.0
 40
1.0
 10
-0.5571
 20
-4.98267
 30
0.0
 10
-0.55397
 20
-5.07028
 30
0.0
 10
-0.55084
 20
-5.15789
 30
0.0
 10
-0.54772
 20
-5.2455
 30
0.0
 10
-0.53491
 20
-5.24914
 30
0.0
 10
-0.52509
 20
-5.2573
 30
0.0
 10
-0.51958
 20
-5.26658
 30
0.0
 10
-0.51958
 20
-5.26658
 30
0.0
 10
-0.24822
 20
-5.72391
 30
0.0
 10
-0.24822
 20
-5.72391
 30
0.0
 10
-0.23572
 20
-5.69351
 30
0.0
 10
-0.2232
 20
-5.66311
 30
0.0
 10
-0.2107
 20
-5.63271
 30
0.0
 10
-0.21634
 20
-5.62846
 30
0.0
 10
-0.22058
 20
-5.62327
 30
0.0
 10
-0.22346
 20
-5.61779
 30
0.0
 10
-0.22346
 20
-5.61779
 30
0.0
 10
-0.5571
 20
-4.98267
 30
0.0
 10
-0.5571
 20
-4.98267
 30
0.0
  0
SPLINE
  5
1E2
330
1F
100
AcDbEntity
  8
Plan 1
 62
   250
370
    20
100
AcDbSpline
210
0.0
220
0.0
230
1.0
 70
    11
 71
     3
 72
    23
 73
    19
 74
     0
 42
0.0000000001
 43
0.0000000001
 40
0.0
 40
0.0
 40
0.0
 40
0.0
 40
0.1666666666666667
 40
0.1666666666666667
 40
0.1666666666666667
 40
0.3333333333333333
 40
0.3333333333333333
 40
0.3333333333333333
 40
0.5
 40
0.5
 40
0.5
 40
0.6666666666666666
 40
0.6666666666666666
 40
0.6666666666666666
 40
0.8333333333333333
 40
0.8333333333333333
 40
0.8333333333333333
 40
1.0
 40
1.0
 40
1.0
 40
1.0
 10
-0.54157
 20
-5.41776
 30
0.0
 10
-0.53832
 20
-5.50888
 30
0.0
 10
-0.53507
 20
-5.59999
 30
0.0
 10
-0.53182
 20
-5.69111
 30
0.0
 10
-0.51967
 20
-5.69456
 30
0.0
 10
-0.51019
 20
-5.70207
 30
0.0
 10
-0.50456
 20
-5.71077
 30
0.0
 10
-0.50456
 20
-5.71077
 30
0.0
 10
-0.34463
 20
-5.95824
 30
0.0
 10
-0.34463
 20
-5.95824
 30
0.0
 10
-0.3272
 20
-5.91586
 30
0.0
 10
-0.30976
 20
-5.87349
 30
0.0
 10
-0.29233
 20
-5.83111
 30
0.0
 10
-0.29729
 20
-5.82737
 30
0.0
 10
-0.30117
 20
-5.8229
 30
0.0
 10
-0.30399
 20
-5.81816
 30
0.0
 10
-0.30399
 20
-5.81816
 30
0.0
 10
-0.54157
 20
-5.41776
 30
0.0
 10
-0.54157
 20
-5.41776
 30
0.0
  0
SPLINE
  5
1E3
330
1F
100
AcDbEntity
  8
Plan 1
 62
   250
370
    20
100
AcDbSpline
210
0.0
220
0.0
230
1.0
 70
    11
 71
     3
 72
    17
 73
    13
 74
     0
 42
0.0000000001
 43
0.0000000001
 40
0.0
 40
0.0
 40
0.0
 40
0.0
 40
0.25
 40
0.25
 40
0.25
 40
0.5
 40
0.5
 40
0.5
 40
0.75
 40
0.75
 40
0.75
 40
1.0
 40
1.0
 40
1.0
 40
1.0
 10
-0.526
 20
-5.85411
 30
0.0
 10
-0.52003
 20
-6.02124
 30
0.0
 10
-0.51406
 20
-6.18837
 30
0.0
 10
-0.5081
 20
-6.35551
 30
0.0
 10
-0.46797
 20
-6.25798
 30
0.0
 10
-0.42784
 20
-6.16046
 30
0.0
 10
-0.38771
 20
-6.06294
 30
0.0
 10
-0.39218
 20
-6.05957
 30
0.0
 10
-0.39577
 20
-6.05562
 30
0.0
 10
-0.39849
 20
-6.0514
 30
0.0
 10
-0.39849
 20
-6.0514
 30
0.0
 10
-0.526
 20
-5.85411
 30
0.0
 10
-0.526
 20
-5.85411
 30
0.0
  0
SPLINE
  5
1E4
330
1F
100
AcDbEntity
  8
Plan 1
 62
   250
370
    20
100
AcDbSpline
210
0.0
220
0.0
230
1.0
 70
    11
 71
     3
 72
    17
 73
    13
 74
     0
 42
0.0000000001
 43
0.0000000001
 40
0.0
 40
0.0
 40
0.0
 40
0.0
 40
0.25
 40
0.25
 40
0.25
 40
0.5
 40
0.5
 40
0.5
 40
0.75
 40
0.75
 40
0.75
 40
1.0
 40
1.0
 40
1.0
 40
1.0
 10
-2.48143
 20
-12.11608
 30
0.0
 10
-2.54427
 20
-12.1261
 30
0.0
 10
-2.60711
 20
-12.13612
 30
0.0
 10
-2.66995
 20
-12.14613
 30
0.0
 10
-2.66995
 20
-12.14613
 30
0.0
 10
-2.56131
 20
-13.18259
 30
0.0
 10
-2.56131
 20
-13.18259
 30
0.0
 10
-2.56131
 20
-13.18259
 30
0.0
 10
-2.28853
 20
-13.18259
 30
0.0
 10
-2.28853
 20
-13.18259
 30
0.0
 10
-2.28853
 20
-13.18259
 30
0.0
 10
-2.48143
 20
-12.11608
 30
0.0
 10
-2.48143
 20
-12.11608
 30
0.0
  0
SPLINE
  5
1E5
330
1F
100
AcDbEntity
  8
Plan 1
 62
   250
370
    20
100
AcDbSpline
210
0.0
220
0.0
230
1.0
 70
    11
 71
     3
 72
    20
 73
    16
 74
     0
 42
0.0000000001
 43
0.0000000001
 40
0.0
 40
0.0
 40
0.0
 40
0.0
 40
0.2
 40
0.2
 40
0.2
 40
0.4
 40
0.4
 40
0.4
 40
0.6000000000000001
 40
0.6000000000000001
 40
0.6000000000000001
 40
0.8
 40
0.8
 40
0.8
 40
1.0
 40
1.0
 40
1.0
 40
1.0
 10
-2.48538
 20
-10.94372
 30
0.0
 10
-2.48538
 20
-10.94372
 30
0.0
 10
-4.45203
 20
-10.54662
 30
0.0
 10
-4.45203
 20
-10.54662
 30
0.0
 10
-4.46202
 20
-10.5446
 30
0.0
 10
-4.4701
 20
-10.54011
 30
0.0
 10
-4.47618
 20
-10.53443
 30
0.0
 10
-4.51418
 20
-10.5534
 30
0.0
 10
-4.55219
 20
-10.57237
 30
0.0
 10
-4.5902
 20
-10.59134
 30
0.0
 10
-4.5902
 20
-10.59134
 30
0.0
 10
-2.48631
 20
-10.99597
 30
0.0
 10
-2.48631
 20
-10.99597
 30
0.0
 10
-2.486
 20
-10.97855
 30
0.0
 10
-2.48569
 20
-10.96114
 30
0.0
 10
-2.48538
 20
-10.94372
 30
0.0
  0
SPLINE
  5
1E6
330
1F
100
AcDbEntity
  8
Plan 1
 62
   250
370
    20
100
AcDbSpline
210
0.0
220
0.0
230
1.0
 70
    11
 71
     3
 72
    20
 73
    16
 74
     0
 42
0.0000000001
 43
0.0000000001
 40
0.0
 40
0.0
 40
0.0
 40
0.0
 40
0.2
 40
0.2
 40
0.2
 40
0.4
 40
0.4
 40
0.4
 40
0.6000000000000001
 40
0.6000000000000001
 40
0.6000000000000001
 40
0.8
 40
0.8
 40
0.8
 40
1.0
 40
1.0
 40
1.0
 40
1.0
 10
-4.71197
 20
-10.65213
 30
0.0
 10
-4.74932
 20
-10.67077
 30
0.0
 10
-4.78667
 20
-10.68941
 30
0.0
 10
-4.82401
 20
-10.70806
 30
0.0
 10
-4.82401
 20
-10.70806
 30
0.0
 10
-2.48923
 20
-11.1594
 30
0.0
 10
-2.48923
 20
-11.1594
 30
0.0
 10
-2.4888
 20
-11.1354
 30
0.0
 10
-2.48837
 20
-11.11141
 30
0.0
 10
-2.48794
 20
-11.08742
 30
0.0
 10
-2.48794
 20
-11.08742
 30
0.0
 10
-4.68733
 20
-10.66442
 30
0.0
 10
-4.68733
 20
-10.66442
 30
0.0
 10
-4.69755
 20
-10.66246
 30
0.0
 10
-4.70579
 20
-10.65791
 30
0.0
 10
-4.71197
 20
-10.65213
 30
0.0
  0
SPLINE
  5
1E7
330
1F
100
AcDbEntity
  8
Plan 1
 62
   250
370
    20
100
AcDbSpline
210
0.0
220
0.0
230
1.0
 70
    11
 71
     3
 72
    20
 73
    16
 74
     0
 42
0.0000000001
 43
0.0000000001
 40
0.0
 40
0.0
 40
0.0
 40
0.0
 40
0.2
 40
0.2
 40
0.2
 40
0.4
 40
0.4
 40
0.4
 40
0.6000000000000001
 40
0.6000000000000001
 40
0.6000000000000001
 40
0.8
 40
0.8
 40
0.8
 40
1.0
 40
1.0
 40
1.0
 40
1.0
 10
-4.94567
 20
-10.76879
 30
0.0
 10
-4.98408
 20
-10.78797
 30
0.0
 10
-5.02249
 20
-10.80714
 30
0.0
 10
-5.06089
 20
-10.82631
 30
0.0
 10
-5.06089
 20
-10.82631
 30
0.0
 10
-2.49188
 20
-11.30795
 30
0.0
 10
-2.49188
 20
-11.30795
 30
0.0
 10
-2.49154
 20
-11.28892
 30
0.0
 10
-2.4912
 20
-11.26989
 30
0.0
 10
-2.49086
 20
-11.25086
 30
0.0
 10
-2.49086
 20
-11.25086
 30
0.0
 10
-4.92109
 20
-10.78108
 30
0.0
 10
-4.92109
 20
-10.78108
 30
0.0
 10
-4.93128
 20
-10.77911
 30
0.0
 10
-4.93951
 20
-10.77457
 30
0.0
 10
-4.94567
 20
-10.76879
 30
0.0
  0
SPLINE
  5
1E8
330
1F
100
AcDbEntity
  8
Plan 1
 62
   250
370
    20
100
AcDbSpline
210
0.0
220
0.0
230
1.0
 70
    11
 71
     3
 72
    20
 73
    16
 74
     0
 42
0.0000000001
 43
0.0000000001
 40
0.0
 40
0.0
 40
0.0
 40
0.0
 40
0.2
 40
0.2
 40
0.2
 40
0.4
 40
0.4
 40
0.4
 40
0.6000000000000001
 40
0.6000000000000001
 40
0.6000000000000001
 40
0.8
 40
0.8
 40
0.8
 40
1.0
 40
1.0
 40
1.0
 40
1.0
 10
-5.1832
 20
-10.88737
 30
0.0
 10
-5.22884
 20
-10.91015
 30
0.0
 10
-5.27448
 20
-10.93293
 30
0.0
 10
-5.32012
 20
-10.95571
 30
0.0
 10
-5.32012
 20
-10.95571
 30
0.0
 10
-2.49507
 20
-11.48633
 30
0.0
 10
-2.49507
 20
-11.48633
 30
0.0
 10
-2.49456
 20
-11.45732
 30
0.0
 10
-2.49404
 20
-11.42832
 30
0.0
 10
-2.49352
 20
-11.39931
 30
0.0
 10
-2.49352
 20
-11.39931
 30
0.0
 10
-5.15832
 20
-10.89971
 30
0.0
 10
-5.15832
 20
-10.89971
 30
0.0
 10
-5.16864
 20
-10.89777
 30
0.0
 10
-5.17697
 20
-10.8932
 30
0.0
 10
-5.1832
 20
-10.88737
 30
0.0
  0
SPLINE
  5
1E9
330
1F
100
AcDbEntity
  8
Plan 1
 62
   250
370
    20
100
AcDbSpline
210
0.0
220
0.0
230
1.0
 70
    11
 71
     3
 72
    20
 73
    16
 74
     0
 42
0.0000000001
 43
0.0000000001
 40
0.0
 40
0.0
 40
0.0
 40
0.0
 40
0.2
 40
0.2
 40
0.2
 40
0.4
 40
0.4
 40
0.4
 40
0.6000000000000001
 40
0.6000000000000001
 40
0.6000000000000001
 40
0.8
 40
0.8
 40
0.8
 40
1.0
 40
1.0
 40
1.0
 40
1.0
 10
-5.44239
 20
-11.01674
 30
0.0
 10
-5.4744
 20
-11.03272
 30
0.0
 10
-5.50641
 20
-11.0487
 30
0.0
 10
-5.53842
 20
-11.06468
 30
0.0
 10
-5.53842
 20
-11.06468
 30
0.0
 10
-2.4979
 20
-11.64475
 30
0.0
 10
-2.4979
 20
-11.64475
 30
0.0
 10
-2.4975
 20
-11.6224
 30
0.0
 10
-2.4971
 20
-11.60005
 30
0.0
 10
-2.4967
 20
-11.5777
 30
0.0
 10
-2.4967
 20
-11.5777
 30
0.0
 10
-5.41752
 20
-11.02909
 30
0.0
 10
-5.41752
 20
-11.02909
 30
0.0
 10
-5.42784
 20
-11.02715
 30
0.0
 10
-5.43616
 20
-11.02258
 30
0.0
 10
-5.44239
 20
-11.01674
 30
0.0
  0
SPLINE
  5
1EA
330
1F
100
AcDbEntity
  8
Plan 1
 62
   250
370
    20
100
AcDbSpline
210
0.0
220
0.0
230
1.0
 70
    11
 71
     3
 72
    26
 73
    22
 74
     0
 42
0.0000000001
 43
0.0000000001
 40
0.0
 40
0.0
 40
0.0
 40
0.0
 40
0.1428571428571428
 40
0.1428571428571428
 40
0.1428571428571428
 40
0.2857142857142857
 40
0.2857142857142857
 40
0.2857142857142857
 40
0.4285714285714285
 40
0.4285714285714285
 40
0.4285714285714285
 40
0.5714285714285714
 40
0.5714285714285714
 40
0.5714285714285714
 40
0.7142857142857142
 40
0.7142857142857142
 40
0.7142857142857142
 40
0.8571428571428571
 40
0.8571428571428571
 40
0.8571428571428571
 40
1.0
 40
1.0
 40
1.0
 40
1.0
 10
-5.66035
 20
-11.12555
 30
0.0
 10
-5.67266
 20
-11.1317
 30
0.0
 10
-5.68497
 20
-11.13784
 30
0.0
 10
-5.69729
 20
-11.14399
 30
0.0
 10
-5.70219
 20
-11.14671
 30
0.0
 10
-5.70759
 20
-11.14895
 30
0.0
 10
-5.71337
 20
-11.1506
 30
0.0
 10
-5.74226
 20
-11.15886
 30
0.0
 10
-5.7712
 20
-11.16703
 30
0.0
 10
-5.80018
 20
-11.17512
 30
0.0
 10
-5.80018
 20
-11.17512
 30
0.0
 10
-2.50082
 20
-11.80798
 30
0.0
 10
-2.50082
 20
-11.80798
 30
0.0
 10
-2.50039
 20
-11.78405
 30
0.0
 10
-2.49996
 20
-11.76011
 30
0.0
 10
-2.49954
 20
-11.73617
 30
0.0
 10
-2.49954
 20
-11.73617
 30
0.0
 10
-5.63563
 20
-11.13787
 30
0.0
 10
-5.63563
 20
-11.13787
 30
0.0
 10
-5.64588
 20
-11.13591
 30
0.0
 10
-5.65416
 20
-11.13135
 30
0.0
 10
-5.66035
 20
-11.12555
 30
0.0
  0
SPLINE
  5
1EB
330
1F
100
AcDbEntity
  8
Plan 1
 62
   250
370
    20
100
AcDbSpline
210
0.0
220
0.0
230
1.0
 70
    11
 71
     3
 72
    32
 73
    28
 74
     0
 42
0.0000000001
 43
0.0000000001
 40
0.0
 40
0.0
 40
0.0
 40
0.0
 40
0.1111111111111111
 40
0.1111111111111111
 40
0.1111111111111111
 40
0.2222222222222222
 40
0.2222222222222222
 40
0.2222222222222222
 40
0.3333333333333333
 40
0.3333333333333333
 40
0.3333333333333333
 40
0.4444444444444444
 40
0.4444444444444444
 40
0.4444444444444444
 40
0.5555555555555556
 40
0.5555555555555556
 40
0.5555555555555556
 40
0.6666666666666666
 40
0.6666666666666666
 40
0.6666666666666666
 40
0.7777777777777777
 40
0.7777777777777777
 40
0.7777777777777777
 40
0.8888888888888888
 40
0.8888888888888888
 40
0.8888888888888888
 40
1.0
 40
1.0
 40
1.0
 40
1.0
 10
-2.60315
 20
-11.99669
 30
0.0
 10
-2.57007
 20
-11.99141
 30
0.0
 10
-2.53699
 20
-11.98614
 30
0.0
 10
-2.50391
 20
-11.98087
 30
0.0
 10
-2.50342
 20
-11.95372
 30
0.0
 10
-2.50294
 20
-11.92658
 30
0.0
 10
-2.50245
 20
-11.89943
 30
0.0
 10
-2.50245
 20
-11.89943
 30
0.0
 10
-5.93539
 20
-11.24094
 30
0.0
 10
-5.93539
 20
-11.24094
 30
0.0
 10
-5.95007
 20
-11.23812
 30
0.0
 10
-5.96054
 20
-11.2301
 30
0.0
 10
-5.96682
 20
-11.22062
 30
0.0
 10
-6.1033
 20
-11.25707
 30
0.0
 10
-6.24068
 20
-11.29181
 30
0.0
 10
-6.37882
 20
-11.32497
 30
0.0
 10
-6.37027
 20
-11.33169
 30
0.0
 10
-6.36173
 20
-11.33842
 30
0.0
 10
-6.35319
 20
-11.34514
 30
0.0
 10
-6.34341
 20
-11.33952
 30
0.0
 10
-6.33099
 20
-11.33669
 30
0.0
 10
-6.31771
 20
-11.33898
 30
0.0
 10
-6.31771
 20
-11.33898
 30
0.0
 10
-2.63828
 20
-11.97153
 30
0.0
 10
-2.63828
 20
-11.97153
 30
0.0
 10
-2.62069
 20
-11.97456
 30
0.0
 10
-2.60902
 20
-11.98498
 30
0.0
 10
-2.60315
 20
-11.99669
 30
0.0
  0
SPLINE
  5
1EC
330
1F
100
AcDbEntity
  8
Plan 1
 62
   250
370
    20
100
AcDbSpline
210
0.0
220
0.0
230
1.0
 70
    11
 71
     3
 72
    23
 73
    19
 74
     0
 42
0.0000000001
 43
0.0000000001
 40
0.0
 40
0.0
 40
0.0
 40
0.0
 40
0.1666666666666667
 40
0.1666666666666667
 40
0.1666666666666667
 40
0.3333333333333333
 40
0.3333333333333333
 40
0.3333333333333333
 40
0.5
 40
0.5
 40
0.5
 40
0.6666666666666666
 40
0.6666666666666666
 40
0.6666666666666666
 40
0.8333333333333333
 40
0.8333333333333333
 40
0.8333333333333333
 40
1.0
 40
1.0
 40
1.0
 40
1.0
 10
-3.07101
 20
-12.07126
 30
0.0
 10
-2.98775
 20
-12.05799
 30
0.0
 10
-2.9045
 20
-12.04472
 30
0.0
 10
-2.82125
 20
-12.03145
 30
0.0
 10
-2.82125
 20
-12.03145
 30
0.0
 10
-6.22459
 20
-11.44635
 30
0.0
 10
-6.22459
 20
-11.44635
 30
0.0
 10
-6.17483
 20
-11.48552
 30
0.0
 10
-6.12507
 20
-11.52469
 30
0.0
 10
-6.07531
 20
-11.56386
 30
0.0
 10
-6.06561
 20
-11.55828
 30
0.0
 10
-6.0533
 20
-11.55546
 30
0.0
 10
-6.04012
 20
-11.55765
 30
0.0
 10
-6.04012
 20
-11.55765
 30
0.0
 10
-3.10642
 20
-12.04606
 30
0.0
 10
-3.10642
 20
-12.04606
 30
0.0
 10
-3.08868
 20
-12.04902
 30
0.0
 10
-3.07692
 20
-12.05948
 30
0.0
 10
-3.07101
 20
-12.07126
 30
0.0
  0
SPLINE
  5
1ED
330
1F
100
AcDbEntity
  8
Plan 1
 62
   250
370
    20
100
AcDbSpline
210
0.0
220
0.0
230
1.0
 70
    11
 71
     3
 72
    17
 73
    13
 74
     0
 42
0.0000000001
 43
0.0000000001
 40
0.0
 40
0.0
 40
0.0
 40
0.0
 40
0.25
 40
0.25
 40
0.25
 40
0.5
 40
0.5
 40
0.5
 40
0.75
 40
0.75
 40
0.75
 40
1.0
 40
1.0
 40
1.0
 40
1.0
 10
-2.83977
 20
-12.1732
 30
0.0
 10
-2.83977
 20
-12.1732
 30
0.0
 10
-2.7069
 20
-13.18259
 30
0.0
 10
-2.7069
 20
-13.18259
 30
0.0
 10
-2.7069
 20
-13.18259
 30
0.0
 10
-2.65965
 20
-13.18259
 30
0.0
 10
-2.65965
 20
-13.18259
 30
0.0
 10
-2.65965
 20
-13.18259
 30
0.0
 10
-2.76667
 20
-12.16155
 30
0.0
 10
-2.76667
 20
-12.16155
 30
0.0
 10
-2.79104
 20
-12.16543
 30
0.0
 10
-2.8154
 20
-12.16932
 30
0.0
 10
-2.83977
 20
-12.1732
 30
0.0
  0
SPLINE
  5
1EE
330
1F
100
AcDbEntity
  8
Plan 1
 62
   250
370
    20
100
AcDbSpline
210
0.0
220
0.0
230
1.0
 70
    11
 71
     3
 72
    17
 73
    13
 74
     0
 42
0.0000000001
 43
0.0000000001
 40
0.0
 40
0.0
 40
0.0
 40
0.0
 40
0.25
 40
0.25
 40
0.25
 40
0.5
 40
0.5
 40
0.5
 40
0.75
 40
0.75
 40
0.75
 40
1.0
 40
1.0
 40
1.0
 40
1.0
 10
-2.93634
 20
-12.1886
 30
0.0
 10
-2.96238
 20
-12.19275
 30
0.0
 10
-2.98842
 20
-12.1969
 30
0.0
 10
-3.01447
 20
-12.20105
 30
0.0
 10
-3.01447
 20
-12.20105
 30
0.0
 10
-2.87661
 20
-13.18259
 30
0.0
 10
-2.87661
 20
-13.18259
 30
0.0
 10
-2.87661
 20
-13.18259
 30
0.0
 10
-2.80551
 20
-13.18259
 30
0.0
 10
-2.80551
 20
-13.18259
 30
0.0
 10
-2.80551
 20
-13.18259
 30
0.0
 10
-2.93634
 20
-12.1886
 30
0.0
 10
-2.93634
 20
-12.1886
 30
0.0
  0
SPLINE
  5
1EF
330
1F
100
AcDbEntity
  8
Plan 1
 62
   250
370
    20
100
AcDbSpline
210
0.0
220
0.0
230
1.0
 70
    11
 71
     3
 72
    20
 73
    16
 74
     0
 42
0.0000000001
 43
0.0000000001
 40
0.0
 40
0.0
 40
0.0
 40
0.0
 40
0.2
 40
0.2
 40
0.2
 40
0.4
 40
0.4
 40
0.4
 40
0.6000000000000001
 40
0.6000000000000001
 40
0.6000000000000001
 40
0.8
 40
0.8
 40
0.8
 40
1.0
 40
1.0
 40
1.0
 40
1.0
 10
-4.02137
 20
-10.3074
 30
0.0
 10
-4.05626
 20
-10.32481
 30
0.0
 10
-4.09115
 20
-10.34223
 30
0.0
 10
-4.12604
 20
-10.35964
 30
0.0
 10
-4.12604
 20
-10.35964
 30
0.0
 10
-2.48048
 20
-10.66919
 30
0.0
 10
-2.48048
 20
-10.66919
 30
0.0
 10
-2.48012
 20
-10.64852
 30
0.0
 10
-2.47975
 20
-10.62785
 30
0.0
 10
-2.47938
 20
-10.60718
 30
0.0
 10
-2.47938
 20
-10.60718
 30
0.0
 10
-3.99915
 20
-10.31753
 30
0.0
 10
-3.99915
 20
-10.31753
 30
0.0
 10
-4.00806
 20
-10.31583
 30
0.0
 10
-4.0155
 20
-10.31215
 30
0.0
 10
-4.02137
 20
-10.3074
 30
0.0
  0
SPLINE
  5
1F0
330
1F
100
AcDbEntity
  8
Plan 1
 62
   250
370
    20
100
AcDbSpline
210
0.0
220
0.0
230
1.0
 70
    11
 71
     3
 72
    20
 73
    16
 74
     0
 42
0.0000000001
 43
0.0000000001
 40
0.0
 40
0.0
 40
0.0
 40
0.0
 40
0.2
 40
0.2
 40
0.2
 40
0.4
 40
0.4
 40
0.4
 40
0.6000000000000001
 40
0.6000000000000001
 40
0.6000000000000001
 40
0.8
 40
0.8
 40
0.8
 40
1.0
 40
1.0
 40
1.0
 40
1.0
 10
-4.24829
 20
-10.42067
 30
0.0
 10
-4.28401
 20
-10.4385
 30
0.0
 10
-4.31973
 20
-10.45633
 30
0.0
 10
-4.35545
 20
-10.47416
 30
0.0
 10
-4.35545
 20
-10.47416
 30
0.0
 10
-2.48374
 20
-10.85208
 30
0.0
 10
-2.48374
 20
-10.85208
 30
0.0
 10
-2.4832
 20
-10.82157
 30
0.0
 10
-2.48266
 20
-10.79107
 30
0.0
 10
-2.48211
 20
-10.76057
 30
0.0
 10
-2.48211
 20
-10.76057
 30
0.0
 10
-4.22344
 20
-10.43301
 30
0.0
 10
-4.22344
 20
-10.43301
 30
0.0
 10
-4.23375
 20
-10.43107
 30
0.0
 10
-4.24207
 20
-10.42649
 30
0.0
 10
-4.24829
 20
-10.42067
 30
0.0
  0
SPLINE
  5
1F1
330
1F
100
AcDbEntity
  8
Plan 1
 62
   250
370
    20
100
AcDbSpline
210
0.0
220
0.0
230
1.0
 70
    11
 71
     3
 72
    17
 73
    13
 74
     0
 42
0.0000000001
 43
0.0000000001
 40
0.0
 40
0.0
 40
0.0
 40
0.0
 40
0.25
 40
0.25
 40
0.25
 40
0.5
 40
0.5
 40
0.5
 40
0.75
 40
0.75
 40
0.75
 40
1.0
 40
1.0
 40
1.0
 40
1.0
 10
-3.111
 20
-12.21644
 30
0.0
 10
-3.13522
 20
-12.2203
 30
0.0
 10
-3.15943
 20
-12.22416
 30
0.0
 10
-3.18364
 20
-12.22802
 30
0.0
 10
-3.18364
 20
-12.22802
 30
0.0
 10
-3.03664
 20
-13.18259
 30
0.0
 10
-3.03664
 20
-13.18259
 30
0.0
 10
-3.03664
 20
-13.18259
 30
0.0
 10
-2.97531
 20
-13.18259
 30
0.0
 10
-2.97531
 20
-13.18259
 30
0.0
 10
-2.97531
 20
-13.18259
 30
0.0
 10
-3.111
 20
-12.21644
 30
0.0
 10
-3.111
 20
-12.21644
 30
0.0
  0
SPLINE
  5
1F2
330
1F
100
AcDbEntity
  8
Plan 1
 62
   250
370
    20
100
AcDbSpline
210
0.0
220
0.0
230
1.0
 70
    11
 71
     3
 72
    20
 73
    16
 74
     0
 42
0.0000000001
 43
0.0000000001
 40
0.0
 40
0.0
 40
0.0
 40
0.0
 40
0.2
 40
0.2
 40
0.2
 40
0.4
 40
0.4
 40
0.4
 40
0.6000000000000001
 40
0.6000000000000001
 40
0.6000000000000001
 40
0.8
 40
0.8
 40
0.8
 40
1.0
 40
1.0
 40
1.0
 40
1.0
 10
-3.35201
 20
-9.64325
 30
0.0
 10
-3.36822
 20
-9.6598
 30
0.0
 10
-3.38443
 20
-9.67636
 30
0.0
 10
-3.40064
 20
-9.69292
 30
0.0
 10
-3.40064
 20
-9.69292
 30
0.0
 10
-2.46619
 20
-9.86695
 30
0.0
 10
-2.46619
 20
-9.86695
 30
0.0
 10
-2.46582
 20
-9.84626
 30
0.0
 10
-2.46546
 20
-9.82556
 30
0.0
 10
-2.46509
 20
-9.80487
 30
0.0
 10
-2.46509
 20
-9.80487
 30
0.0
 10
-3.34152
 20
-9.64629
 30
0.0
 10
-3.34152
 20
-9.64629
 30
0.0
 10
-3.34525
 20
-9.64561
 30
0.0
 10
-3.34876
 20
-9.64457
 30
0.0
 10
-3.35201
 20
-9.64325
 30
0.0
  0
SPLINE
  5
1F3
330
1F
100
AcDbEntity
  8
Plan 1
 62
   250
370
    20
100
AcDbSpline
210
0.0
220
0.0
230
1.0
 70
    11
 71
     3
 72
    20
 73
    16
 74
     0
 42
0.0000000001
 43
0.0000000001
 40
0.0
 40
0.0
 40
0.0
 40
0.0
 40
0.2
 40
0.2
 40
0.2
 40
0.4
 40
0.4
 40
0.4
 40
0.6000000000000001
 40
0.6000000000000001
 40
0.6000000000000001
 40
0.8
 40
0.8
 40
0.8
 40
1.0
 40
1.0
 40
1.0
 40
1.0
 10
-3.47562
 20
-9.76952
 30
0.0
 10
-3.49271
 20
-9.78697
 30
0.0
 10
-3.50979
 20
-9.80443
 30
0.0
 10
-3.52688
 20
-9.82189
 30
0.0
 10
-3.52688
 20
-9.82189
 30
0.0
 10
-2.46901
 20
-10.0252
 30
0.0
 10
-2.46901
 20
-10.0252
 30
0.0
 10
-2.46862
 20
-10.00289
 30
0.0
 10
-2.46822
 20
-9.98059
 30
0.0
 10
-2.46782
 20
-9.95829
 30
0.0
 10
-2.46782
 20
-9.95829
 30
0.0
 10
-3.46539
 20
-9.77251
 30
0.0
 10
-3.46539
 20
-9.77251
 30
0.0
 10
-3.46903
 20
-9.77183
 30
0.0
 10
-3.47245
 20
-9.77081
 30
0.0
 10
-3.47562
 20
-9.76952
 30
0.0
  0
SPLINE
  5
1F4
330
1F
100
AcDbEntity
  8
Plan 1
 62
   250
370
    20
100
AcDbSpline
210
0.0
220
0.0
230
1.0
 70
    11
 71
     3
 72
    20
 73
    16
 74
     0
 42
0.0000000001
 43
0.0000000001
 40
0.0
 40
0.0
 40
0.0
 40
0.0
 40
0.2
 40
0.2
 40
0.2
 40
0.4
 40
0.4
 40
0.4
 40
0.6000000000000001
 40
0.6000000000000001
 40
0.6000000000000001
 40
0.8
 40
0.8
 40
0.8
 40
1.0
 40
1.0
 40
1.0
 40
1.0
 10
-3.60164
 20
-9.89826
 30
0.0
 10
-3.62366
 20
-9.92075
 30
0.0
 10
-3.64567
 20
-9.94324
 30
0.0
 10
-3.66769
 20
-9.96573
 30
0.0
 10
-3.66769
 20
-9.96573
 30
0.0
 10
-2.47218
 20
-10.20333
 30
0.0
 10
-2.47218
 20
-10.20333
 30
0.0
 10
-2.47167
 20
-10.17444
 30
0.0
 10
-2.47115
 20
-10.14554
 30
0.0
 10
-2.47064
 20
-10.11665
 30
0.0
 10
-2.47064
 20
-10.11665
 30
0.0
 10
-3.59172
 20
-9.9012
 30
0.0
 10
-3.59172
 20
-9.9012
 30
0.0
 10
-3.59524
 20
-9.90052
 30
0.0
 10
-3.59856
 20
-9.89952
 30
0.0
 10
-3.60164
 20
-9.89826
 30
0.0
  0
SPLINE
  5
1F5
330
1F
100
AcDbEntity
  8
Plan 1
 62
   250
370
    20
100
AcDbSpline
210
0.0
220
0.0
230
1.0
 70
    11
 71
     3
 72
    26
 73
    22
 74
     0
 42
0.0000000001
 43
0.0000000001
 40
0.0
 40
0.0
 40
0.0
 40
0.0
 40
0.1428571428571428
 40
0.1428571428571428
 40
0.1428571428571428
 40
0.2857142857142857
 40
0.2857142857142857
 40
0.2857142857142857
 40
0.4285714285714285
 40
0.4285714285714285
 40
0.4285714285714285
 40
0.5714285714285714
 40
0.5714285714285714
 40
0.5714285714285714
 40
0.7142857142857142
 40
0.7142857142857142
 40
0.7142857142857142
 40
0.8571428571428571
 40
0.8571428571428571
 40
0.8571428571428571
 40
1.0
 40
1.0
 40
1.0
 40
1.0
 10
-3.74221
 20
-10.04187
 30
0.0
 10
-3.75923
 20
-10.05925
 30
0.0
 10
-3.77624
 20
-10.07663
 30
0.0
 10
-3.79326
 20
-10.09401
 30
0.0
 10
-3.79503
 20
-10.09606
 30
0.0
 10
-3.79695
 20
-10.09803
 30
0.0
 10
-3.79904
 20
-10.09992
 30
0.0
 10
-3.80187
 20
-10.10281
 30
0.0
 10
-3.80471
 20
-10.10571
 30
0.0
 10
-3.80754
 20
-10.10861
 30
0.0
 10
-3.80754
 20
-10.10861
 30
0.0
 10
-2.47475
 20
-10.34755
 30
0.0
 10
-2.47475
 20
-10.34755
 30
0.0
 10
-2.47444
 20
-10.33
 30
0.0
 10
-2.47413
 20
-10.31246
 30
0.0
 10
-2.47381
 20
-10.29491
 30
0.0
 10
-2.47381
 20
-10.29491
 30
0.0
 10
-3.73262
 20
-10.04474
 30
0.0
 10
-3.73262
 20
-10.04474
 30
0.0
 10
-3.73602
 20
-10.04406
 30
0.0
 10
-3.73923
 20
-10.04309
 30
0.0
 10
-3.74221
 20
-10.04187
 30
0.0
  0
SPLINE
  5
1F6
330
1F
100
AcDbEntity
  8
Plan 1
 62
   250
370
    20
100
AcDbSpline
210
0.0
220
0.0
230
1.0
 70
    11
 71
     3
 72
    20
 73
    16
 74
     0
 42
0.0000000001
 43
0.0000000001
 40
0.0
 40
0.0
 40
0.0
 40
0.0
 40
0.2
 40
0.2
 40
0.2
 40
0.4
 40
0.4
 40
0.4
 40
0.6000000000000001
 40
0.6000000000000001
 40
0.6000000000000001
 40
0.8
 40
0.8
 40
0.8
 40
1.0
 40
1.0
 40
1.0
 40
1.0
 10
-3.88278
 20
-10.18547
 30
0.0
 10
-3.89997
 20
-10.20303
 30
0.0
 10
-3.91715
 20
-10.22059
 30
0.0
 10
-3.93434
 20
-10.23815
 30
0.0
 10
-3.93434
 20
-10.23815
 30
0.0
 10
-2.47775
 20
-10.51576
 30
0.0
 10
-2.47775
 20
-10.51576
 30
0.0
 10
-2.4773
 20
-10.4901
 30
0.0
 10
-2.47683
 20
-10.46444
 30
0.0
 10
-2.47638
 20
-10.43878
 30
0.0
 10
-2.47638
 20
-10.43878
 30
0.0
 10
-3.87219
 20
-10.18853
 30
0.0
 10
-3.87219
 20
-10.18853
 30
0.0
 10
-3.87596
 20
-10.18785
 30
0.0
 10
-3.8795
 20
-10.18681
 30
0.0
 10
-3.88278
 20
-10.18547
 30
0.0
  0
SPLINE
  5
1F7
330
1F
100
AcDbEntity
  8
Plan 1
 62
   250
370
    20
100
AcDbSpline
210
0.0
220
0.0
230
1.0
 70
    11
 71
     3
 72
    23
 73
    19
 74
     0
 42
0.0000000001
 43
0.0000000001
 40
0.0
 40
0.0
 40
0.0
 40
0.0
 40
0.1666666666666667
 40
0.1666666666666667
 40
0.1666666666666667
 40
0.3333333333333333
 40
0.3333333333333333
 40
0.3333333333333333
 40
0.5
 40
0.5
 40
0.5
 40
0.6666666666666666
 40
0.6666666666666666
 40
0.6666666666666666
 40
0.8333333333333333
 40
0.8333333333333333
 40
0.8333333333333333
 40
1.0
 40
1.0
 40
1.0
 40
1.0
 10
-5.94769
 20
-11.66431
 30
0.0
 10
-5.91469
 20
-11.69028
 30
0.0
 10
-5.88168
 20
-11.71625
 30
0.0
 10
-5.84868
 20
-11.74223
 30
0.0
 10
-5.83885
 20
-11.73658
 30
0.0
 10
-5.82636
 20
-11.73376
 30
0.0
 10
-5.81301
 20
-11.73611
 30
0.0
 10
-5.81301
 20
-11.73611
 30
0.0
 10
-3.60115
 20
-12.12509
 30
0.0
 10
-3.60115
 20
-12.12509
 30
0.0
 10
-3.58366
 20
-12.12816
 30
0.0
 10
-3.57207
 20
-12.13854
 30
0.0
 10
-3.56622
 20
-12.1502
 30
0.0
 10
-3.47476
 20
-12.13562
 30
0.0
 10
-3.3833
 20
-12.12104
 30
0.0
 10
-3.29184
 20
-12.10646
 30
0.0
 10
-3.29184
 20
-12.10646
 30
0.0
 10
-5.94769
 20
-11.66431
 30
0.0
 10
-5.94769
 20
-11.66431
 30
0.0
  0
SPLINE
  5
1F8
330
1F
100
AcDbEntity
  8
Plan 1
 62
   250
370
    20
100
AcDbSpline
210
0.0
220
0.0
230
1.0
 70
    11
 71
     3
 72
    17
 73
    13
 74
     0
 42
0.0000000001
 43
0.0000000001
 40
0.0
 40
0.0
 40
0.0
 40
0.0
 40
0.25
 40
0.25
 40
0.25
 40
0.5
 40
0.5
 40
0.5
 40
0.75
 40
0.75
 40
0.75
 40
1.0
 40
1.0
 40
1.0
 40
1.0
 10
-3.36164
 20
-12.2564
 30
0.0
 10
-3.36164
 20
-12.2564
 30
0.0
 10
-3.21599
 20
-13.18259
 30
0.0
 10
-3.21599
 20
-13.18259
 30
0.0
 10
-3.21599
 20
-13.18259
 30
0.0
 10
-3.13551
 20
-13.18259
 30
0.0
 10
-3.13551
 20
-13.18259
 30
0.0
 10
-3.13551
 20
-13.18259
 30
0.0
 10
-3.28014
 20
-12.2434
 30
0.0
 10
-3.28014
 20
-12.2434
 30
0.0
 10
-3.30731
 20
-12.24773
 30
0.0
 10
-3.33447
 20
-12.25207
 30
0.0
 10
-3.36164
 20
-12.2564
 30
0.0
  0
SPLINE
  5
1F9
330
1F
100
AcDbEntity
  8
Plan 1
 62
   250
370
    20
100
AcDbSpline
210
0.0
220
0.0
230
1.0
 70
    11
 71
     3
 72
    20
 73
    16
 74
     0
 42
0.0000000001
 43
0.0000000001
 40
0.0
 40
0.0
 40
0.0
 40
0.0
 40
0.2
 40
0.2
 40
0.2
 40
0.4
 40
0.4
 40
0.4
 40
0.6000000000000001
 40
0.6000000000000001
 40
0.6000000000000001
 40
0.8
 40
0.8
 40
0.8
 40
1.0
 40
1.0
 40
1.0
 40
1.0
 10
-2.46182
 20
-9.62144
 30
0.0
 10
-2.46182
 20
-9.62144
 30
0.0
 10
-3.1733
 20
-9.47269
 30
0.0
 10
-3.1733
 20
-9.47269
 30
0.0
 10
-3.17651
 20
-9.47202
 30
0.0
 10
-3.17954
 20
-9.47109
 30
0.0
 10
-3.18237
 20
-9.46993
 30
0.0
 10
-3.21386
 20
-9.50211
 30
0.0
 10
-3.24535
 20
-9.53428
 30
0.0
 10
-3.27684
 20
-9.56645
 30
0.0
 10
-3.27684
 20
-9.56645
 30
0.0
 10
-2.46346
 20
-9.71363
 30
0.0
 10
-2.46346
 20
-9.71363
 30
0.0
 10
-2.46291
 20
-9.6829
 30
0.0
 10
-2.46237
 20
-9.65217
 30
0.0
 10
-2.46182
 20
-9.62144
 30
0.0
  0
SPLINE
  5
1FA
330
1F
100
AcDbEntity
  8
Plan 1
 62
   250
370
    20
100
AcDbSpline
210
0.0
220
0.0
230
1.0
 70
    11
 71
     3
 72
    17
 73
    13
 74
     0
 42
0.0000000001
 43
0.0000000001
 40
0.0
 40
0.0
 40
0.0
 40
0.0
 40
0.25
 40
0.25
 40
0.25
 40
0.5
 40
0.5
 40
0.5
 40
0.75
 40
0.75
 40
0.75
 40
1.0
 40
1.0
 40
1.0
 40
1.0
 10
-3.45813
 20
-12.27178
 30
0.0
 10
-3.48077
 20
-12.27539
 30
0.0
 10
-3.5034
 20
-12.279
 30
0.0
 10
-3.52603
 20
-12.2826
 30
0.0
 10
-3.52603
 20
-12.2826
 30
0.0
 10
-3.39527
 20
-13.18259
 30
0.0
 10
-3.39527
 20
-13.18259
 30
0.0
 10
-3.39527
 20
-13.18259
 30
0.0
 10
-3.31491
 20
-13.18259
 30
0.0
 10
-3.31491
 20
-13.18259
 30
0.0
 10
-3.31491
 20
-13.18259
 30
0.0
 10
-3.45813
 20
-12.27178
 30
0.0
 10
-3.45813
 20
-12.27178
 30
0.0
  0
SPLINE
  5
1FB
330
1F
100
AcDbEntity
  8
Plan 1
 62
   250
370
    20
100
AcDbSpline
210
0.0
220
0.0
230
1.0
 70
    11
 71
     3
 72
    20
 73
    16
 74
     0
 42
0.0000000001
 43
0.0000000001
 40
0.0
 40
0.0
 40
0.0
 40
0.0
 40
0.2
 40
0.2
 40
0.2
 40
0.4
 40
0.4
 40
0.4
 40
0.6000000000000001
 40
0.6000000000000001
 40
0.6000000000000001
 40
0.8
 40
0.8
 40
0.8
 40
1.0
 40
1.0
 40
1.0
 40
1.0
 10
-2.64554
 20
-8.92152
 30
0.0
 10
-2.6772
 20
-8.95386
 30
0.0
 10
-2.70885
 20
-8.9862
 30
0.0
 10
-2.7405
 20
-9.01853
 30
0.0
 10
-2.7405
 20
-9.01853
 30
0.0
 10
-2.45192
 20
-9.06534
 30
0.0
 10
-2.45192
 20
-9.06534
 30
0.0
 10
-2.45122
 20
-9.02641
 30
0.0
 10
-2.45053
 20
-8.98749
 30
0.0
 10
-2.44983
 20
-8.94856
 30
0.0
 10
-2.44983
 20
-8.94856
 30
0.0
 10
-2.63237
 20
-8.92498
 30
0.0
 10
-2.63237
 20
-8.92498
 30
0.0
 10
-2.63711
 20
-8.92436
 30
0.0
 10
-2.64152
 20
-8.92317
 30
0.0
 10
-2.64554
 20
-8.92152
 30
0.0
  0
SPLINE
  5
1FC
330
1F
100
AcDbEntity
  8
Plan 1
 62
   250
370
    20
100
AcDbSpline
210
0.0
220
0.0
230
1.0
 70
    11
 71
     3
 72
    20
 73
    16
 74
     0
 42
0.0000000001
 43
0.0000000001
 40
0.0
 40
0.0
 40
0.0
 40
0.0
 40
0.2
 40
0.2
 40
0.2
 40
0.4
 40
0.4
 40
0.4
 40
0.6000000000000001
 40
0.6000000000000001
 40
0.6000000000000001
 40
0.8
 40
0.8
 40
0.8
 40
1.0
 40
1.0
 40
1.0
 40
1.0
 10
-2.8164
 20
-9.09607
 30
0.0
 10
-2.83876
 20
-9.11891
 30
0.0
 10
-2.86112
 20
-9.14175
 30
0.0
 10
-2.88348
 20
-9.16459
 30
0.0
 10
-2.88348
 20
-9.16459
 30
0.0
 10
-2.45492
 20
-9.23384
 30
0.0
 10
-2.45492
 20
-9.23384
 30
0.0
 10
-2.45445
 20
-9.20799
 30
0.0
 10
-2.45399
 20
-9.18213
 30
0.0
 10
-2.45353
 20
-9.15628
 30
0.0
 10
-2.45353
 20
-9.15628
 30
0.0
 10
-2.80494
 20
-9.09928
 30
0.0
 10
-2.80494
 20
-9.09928
 30
0.0
 10
-2.80904
 20
-9.09861
 30
0.0
 10
-2.81287
 20
-9.09752
 30
0.0
 10
-2.8164
 20
-9.09607
 30
0.0
  0
SPLINE
  5
1FD
330
1F
100
AcDbEntity
  8
Plan 1
 62
   250
370
    20
100
AcDbSpline
210
0.0
220
0.0
230
1.0
 70
    11
 71
     3
 72
    20
 73
    16
 74
     0
 42
0.0000000001
 43
0.0000000001
 40
0.0
 40
0.0
 40
0.0
 40
0.0
 40
0.2
 40
0.2
 40
0.2
 40
0.4
 40
0.4
 40
0.4
 40
0.6000000000000001
 40
0.6000000000000001
 40
0.6000000000000001
 40
0.8
 40
0.8
 40
0.8
 40
1.0
 40
1.0
 40
1.0
 40
1.0
 10
-2.95939
 20
-9.24215
 30
0.0
 10
-2.97189
 20
-9.25492
 30
0.0
 10
-2.98439
 20
-9.2677
 30
0.0
 10
-2.99689
 20
-9.28047
 30
0.0
 10
-2.99689
 20
-9.28047
 30
0.0
 10
-2.4578
 20
-9.39595
 30
0.0
 10
-2.4578
 20
-9.39595
 30
0.0
 10
-2.45738
 20
-9.37222
 30
0.0
 10
-2.45696
 20
-9.34849
 30
0.0
 10
-2.45653
 20
-9.32476
 30
0.0
 10
-2.45653
 20
-9.32476
 30
0.0
 10
-2.9479
 20
-9.24536
 30
0.0
 10
-2.9479
 20
-9.24536
 30
0.0
 10
-2.95201
 20
-9.2447
 30
0.0
 10
-2.95585
 20
-9.2436
 30
0.0
 10
-2.95939
 20
-9.24215
 30
0.0
  0
SPLINE
  5
1FE
330
1F
100
AcDbEntity
  8
Plan 1
 62
   250
370
    20
100
AcDbSpline
210
0.0
220
0.0
230
1.0
 70
    11
 71
     3
 72
    20
 73
    16
 74
     0
 42
0.0000000001
 43
0.0000000001
 40
0.0
 40
0.0
 40
0.0
 40
0.0
 40
0.2
 40
0.2
 40
0.2
 40
0.4
 40
0.4
 40
0.4
 40
0.6000000000000001
 40
0.6000000000000001
 40
0.6000000000000001
 40
0.8
 40
0.8
 40
0.8
 40
1.0
 40
1.0
 40
1.0
 40
1.0
 10
-3.07088
 20
-9.35604
 30
0.0
 10
-3.08332
 20
-9.36875
 30
0.0
 10
-3.09576
 20
-9.38147
 30
0.0
 10
-3.10821
 20
-9.39418
 30
0.0
 10
-3.10821
 20
-9.39418
 30
0.0
 10
-2.46019
 20
-9.52965
 30
0.0
 10
-2.46019
 20
-9.52965
 30
0.0
 10
-2.45994
 20
-9.51572
 30
0.0
 10
-2.45969
 20
-9.50178
 30
0.0
 10
-2.45944
 20
-9.48784
 30
0.0
 10
-2.45944
 20
-9.48784
 30
0.0
 10
-3.06207
 20
-9.35875
 30
0.0
 10
-3.06207
 20
-9.35875
 30
0.0
 10
-3.06518
 20
-9.35808
 30
0.0
 10
-3.06812
 20
-9.35717
 30
0.0
 10
-3.07088
 20
-9.35604
 30
0.0
  0
SPLINE
  5
1FF
330
1F
100
AcDbEntity
  8
Plan 1
 62
   250
370
    20
100
AcDbSpline
210
0.0
220
0.0
230
1.0
 70
    11
 71
     3
 72
    17
 73
    13
 74
     0
 42
0.0000000001
 43
0.0000000001
 40
0.0
 40
0.0
 40
0.0
 40
0.0
 40
0.25
 40
0.25
 40
0.25
 40
0.5
 40
0.5
 40
0.5
 40
0.75
 40
0.75
 40
0.75
 40
1.0
 40
1.0
 40
1.0
 40
1.0
 10
-3.65551
 20
-12.30324
 30
0.0
 10
-3.65551
 20
-12.30324
 30
0.0
 10
-3.55023
 20
-13.18259
 30
0.0
 10
-3.55023
 20
-13.18259
 30
0.0
 10
-3.55023
 20
-13.18259
 30
0.0
 10
-3.49404
 20
-13.18259
 30
0.0
 10
-3.49404
 20
-13.18259
 30
0.0
 10
-3.49404
 20
-13.18259
 30
0.0
 10
-3.62256
 20
-12.29799
 30
0.0
 10
-3.62256
 20
-12.29799
 30
0.0
 10
-3.63354
 20
-12.29974
 30
0.0
 10
-3.64453
 20
-12.30149
 30
0.0
 10
-3.65551
 20
-12.30324
 30
0.0
  0
SPLINE
  5
200
330
1F
100
AcDbEntity
  8
Plan 1
 62
   250
370
    20
100
AcDbSpline
210
0.0
220
0.0
230
1.0
 70
    11
 71
     3
 72
    17
 73
    13
 74
     0
 42
0.0000000001
 43
0.0000000001
 40
0.0
 40
0.0
 40
0.0
 40
0.0
 40
0.25
 40
0.25
 40
0.25
 40
0.5
 40
0.5
 40
0.5
 40
0.75
 40
0.75
 40
0.75
 40
1.0
 40
1.0
 40
1.0
 40
1.0
 10
-3.75215
 20
-12.31865
 30
0.0
 10
-3.77629
 20
-12.3225
 30
0.0
 10
-3.80043
 20
-12.32635
 30
0.0
 10
-3.82458
 20
-12.3302
 30
0.0
 10
-3.82458
 20
-12.3302
 30
0.0
 10
-3.70065
 20
-13.18259
 30
0.0
 10
-3.70065
 20
-13.18259
 30
0.0
 10
-3.70065
 20
-13.18259
 30
0.0
 10
-3.64871
 20
-13.18259
 30
0.0
 10
-3.64871
 20
-13.18259
 30
0.0
 10
-3.64871
 20
-13.18259
 30
0.0
 10
-3.75215
 20
-12.31865
 30
0.0
 10
-3.75215
 20
-12.31865
 30
0.0
  0
SPLINE
  5
201
330
1F
100
AcDbEntity
  8
Plan 1
 62
   250
370
    20
100
AcDbSpline
210
0.0
220
0.0
230
1.0
 70
    11
 71
     3
 72
    20
 73
    16
 74
     0
 42
0.0000000001
 43
0.0000000001
 40
0.0
 40
0.0
 40
0.0
 40
0.0
 40
0.2
 40
0.2
 40
0.2
 40
0.4
 40
0.4
 40
0.4
 40
0.6000000000000001
 40
0.6000000000000001
 40
0.6000000000000001
 40
0.8
 40
0.8
 40
0.8
 40
1.0
 40
1.0
 40
1.0
 40
1.0
 10
-3.618
 20
-6.78085
 30
0.0
 10
-3.62126
 20
-6.84783
 30
0.0
 10
-3.62451
 20
-6.91481
 30
0.0
 10
-3.62777
 20
-6.9818
 30
0.0
 10
-3.61752
 20
-6.98552
 30
0.0
 10
-3.60955
 20
-6.99213
 30
0.0
 10
-3.60449
 20
-6.99967
 30
0.0
 10
-3.60449
 20
-6.99967
 30
0.0
 10
-2.52948
 20
-8.60155
 30
0.0
 10
-2.52948
 20
-8.60155
 30
0.0
 10
-2.5067
 20
-8.57828
 30
0.0
 10
-2.48392
 20
-8.555
 30
0.0
 10
-2.46114
 20
-8.53173
 30
0.0
 10
-2.84676
 20
-7.9481
 30
0.0
 10
-3.23238
 20
-7.36447
 30
0.0
 10
-3.618
 20
-6.78085
 30
0.0
  0
SPLINE
  5
202
330
1F
100
AcDbEntity
  8
Plan 1
 62
   250
370
    20
100
AcDbSpline
210
0.0
220
0.0
230
1.0
 70
    11
 71
     3
 72
    20
 73
    16
 74
     0
 42
0.0000000001
 43
0.0000000001
 40
0.0
 40
0.0
 40
0.0
 40
0.0
 40
0.2
 40
0.2
 40
0.2
 40
0.4
 40
0.4
 40
0.4
 40
0.6000000000000001
 40
0.6000000000000001
 40
0.6000000000000001
 40
0.8
 40
0.8
 40
0.8
 40
1.0
 40
1.0
 40
1.0
 40
1.0
 10
-3.63478
 20
-7.12624
 30
0.0
 10
-3.63726
 20
-7.17713
 30
0.0
 10
-3.63973
 20
-7.22802
 30
0.0
 10
-3.6422
 20
-7.27891
 30
0.0
 10
-3.63181
 20
-7.28269
 30
0.0
 10
-3.62376
 20
-7.28944
 30
0.0
 10
-3.61871
 20
-7.29711
 30
0.0
 10
-3.61871
 20
-7.29711
 30
0.0
 10
-2.66745
 20
-8.74249
 30
0.0
 10
-2.66745
 20
-8.74249
 30
0.0
 10
-2.64425
 20
-8.71879
 30
0.0
 10
-2.62105
 20
-8.69509
 30
0.0
 10
-2.59785
 20
-8.67139
 30
0.0
 10
-2.59785
 20
-8.67139
 30
0.0
 10
-3.63478
 20
-7.12624
 30
0.0
 10
-3.63478
 20
-7.12624
 30
0.0
  0
SPLINE
  5
203
330
1F
100
AcDbEntity
  8
Plan 1
 62
   250
370
    20
100
AcDbSpline
210
0.0
220
0.0
230
1.0
 70
    11
 71
     3
 72
    23
 73
    19
 74
     0
 42
0.0000000001
 43
0.0000000001
 40
0.0
 40
0.0
 40
0.0
 40
0.0
 40
0.1666666666666667
 40
0.1666666666666667
 40
0.1666666666666667
 40
0.3333333333333333
 40
0.3333333333333333
 40
0.3333333333333333
 40
0.5
 40
0.5
 40
0.5
 40
0.6666666666666666
 40
0.6666666666666666
 40
0.6666666666666666
 40
0.8333333333333333
 40
0.8333333333333333
 40
0.8333333333333333
 40
1.0
 40
1.0
 40
1.0
 40
1.0
 10
-4.06105
 20
-12.22909
 30
0.0
 10
-3.96815
 20
-12.21428
 30
0.0
 10
-3.87526
 20
-12.19947
 30
0.0
 10
-3.78235
 20
-12.18466
 30
0.0
 10
-3.78235
 20
-12.18466
 30
0.0
 10
-5.71937
 20
-11.84402
 30
0.0
 10
-5.71937
 20
-11.84402
 30
0.0
 10
-5.66415
 20
-11.88748
 30
0.0
 10
-5.60893
 20
-11.93095
 30
0.0
 10
-5.55372
 20
-11.97441
 30
0.0
 10
-5.54402
 20
-11.96883
 30
0.0
 10
-5.53174
 20
-11.96601
 30
0.0
 10
-5.51856
 20
-11.9682
 30
0.0
 10
-5.51856
 20
-11.9682
 30
0.0
 10
-4.09651
 20
-12.20388
 30
0.0
 10
-4.09651
 20
-12.20388
 30
0.0
 10
-4.07875
 20
-12.20682
 30
0.0
 10
-4.06697
 20
-12.2173
 30
0.0
 10
-4.06105
 20
-12.22909
 30
0.0
  0
SPLINE
  5
204
330
1F
100
AcDbEntity
  8
Plan 1
 62
   250
370
    20
100
AcDbSpline
210
0.0
220
0.0
230
1.0
 70
    11
 71
     3
 72
    17
 73
    13
 74
     0
 42
0.0000000001
 43
0.0000000001
 40
0.0
 40
0.0
 40
0.0
 40
0.0
 40
0.25
 40
0.25
 40
0.25
 40
0.5
 40
0.5
 40
0.5
 40
0.75
 40
0.75
 40
0.75
 40
1.0
 40
1.0
 40
1.0
 40
1.0
 10
-3.95112
 20
-12.35037
 30
0.0
 10
-3.95112
 20
-12.35037
 30
0.0
 10
-3.88439
 20
-13.18259
 30
0.0
 10
-3.88439
 20
-13.18259
 30
0.0
 10
-3.88439
 20
-13.18259
 30
0.0
 10
-3.79942
 20
-13.18259
 30
0.0
 10
-3.79942
 20
-13.18259
 30
0.0
 10
-3.79942
 20
-13.18259
 30
0.0
 10
-3.92111
 20
-12.34558
 30
0.0
 10
-3.92111
 20
-12.34558
 30
0.0
 10
-3.93111
 20
-12.34718
 30
0.0
 10
-3.94112
 20
-12.34877
 30
0.0
 10
-3.95112
 20
-12.35037
 30
0.0
  0
SPLINE
  5
205
330
1F
100
AcDbEntity
  8
Plan 1
 62
   250
370
    20
100
AcDbSpline
210
0.0
220
0.0
230
1.0
 70
    11
 71
     3
 72
    20
 73
    16
 74
     0
 42
0.0000000001
 43
0.0000000001
 40
0.0
 40
0.0
 40
0.0
 40
0.0
 40
0.2
 40
0.2
 40
0.2
 40
0.4
 40
0.4
 40
0.4
 40
0.6000000000000001
 40
0.6000000000000001
 40
0.6000000000000001
 40
0.8
 40
0.8
 40
0.8
 40
1.0
 40
1.0
 40
1.0
 40
1.0
 10
-3.64929
 20
-7.42481
 30
0.0
 10
-3.65183
 20
-7.47695
 30
0.0
 10
-3.65437
 20
-7.52908
 30
0.0
 10
-3.65689
 20
-7.58121
 30
0.0
 10
-3.64667
 20
-7.58492
 30
0.0
 10
-3.63871
 20
-7.59152
 30
0.0
 10
-3.63365
 20
-7.59904
 30
0.0
 10
-3.63365
 20
-7.59904
 30
0.0
 10
-2.78398
 20
-8.86154
 30
0.0
 10
-2.78398
 20
-8.86154
 30
0.0
 10
-2.76798
 20
-8.8452
 30
0.0
 10
-2.75198
 20
-8.82885
 30
0.0
 10
-2.73598
 20
-8.81251
 30
0.0
 10
-2.73598
 20
-8.81251
 30
0.0
 10
-3.64929
 20
-7.42481
 30
0.0
 10
-3.64929
 20
-7.42481
 30
0.0
  0
SPLINE
  5
206
330
1F
100
AcDbEntity
  8
Plan 1
 62
   250
370
    20
100
AcDbSpline
210
0.0
220
0.0
230
1.0
 70
    11
 71
     3
 72
    23
 73
    19
 74
     0
 42
0.0000000001
 43
0.0000000001
 40
0.0
 40
0.0
 40
0.0
 40
0.0
 40
0.1666666666666667
 40
0.1666666666666667
 40
0.1666666666666667
 40
0.3333333333333333
 40
0.3333333333333333
 40
0.3333333333333333
 40
0.5
 40
0.5
 40
0.5
 40
0.6666666666666666
 40
0.6666666666666666
 40
0.6666666666666666
 40
0.8333333333333333
 40
0.8333333333333333
 40
0.8333333333333333
 40
1.0
 40
1.0
 40
1.0
 40
1.0
 10
-4.14081
 20
-12.3806
 30
0.0
 10
-4.14081
 20
-12.3806
 30
0.0
 10
-4.0802
 20
-13.10962
 30
0.0
 10
-4.0802
 20
-13.10962
 30
0.0
 10
-4.0796
 20
-13.11683
 30
0.0
 10
-4.08085
 20
-13.12425
 30
0.0
 10
-4.08411
 20
-13.13116
 30
0.0
 10
-4.06232
 20
-13.1483
 30
0.0
 10
-4.04054
 20
-13.16545
 30
0.0
 10
-4.01876
 20
-13.18259
 30
0.0
 10
-4.01876
 20
-13.18259
 30
0.0
 10
-3.98254
 20
-13.18259
 30
0.0
 10
-3.98254
 20
-13.18259
 30
0.0
 10
-3.98254
 20
-13.18259
 30
0.0
 10
-4.04803
 20
-12.36581
 30
0.0
 10
-4.04803
 20
-12.36581
 30
0.0
 10
-4.07896
 20
-12.37074
 30
0.0
 10
-4.10989
 20
-12.37567
 30
0.0
 10
-4.14081
 20
-12.3806
 30
0.0
  0
SPLINE
  5
207
330
1F
100
AcDbEntity
  8
Plan 1
 62
   250
370
    20
100
AcDbSpline
210
0.0
220
0.0
230
1.0
 70
    11
 71
     3
 72
    17
 73
    13
 74
     0
 42
0.0000000001
 43
0.0000000001
 40
0.0
 40
0.0
 40
0.0
 40
0.0
 40
0.25
 40
0.25
 40
0.25
 40
0.5
 40
0.5
 40
0.5
 40
0.75
 40
0.75
 40
0.75
 40
1.0
 40
1.0
 40
1.0
 40
1.0
 10
-4.59178
 20
-7.62865
 30
0.0
 10
-4.57343
 20
-7.68295
 30
0.0
 10
-4.55507
 20
-7.73725
 30
0.0
 10
-4.53672
 20
-7.79155
 30
0.0
 10
-4.53672
 20
-7.79155
 30
0.0
 10
-3.81121
 20
-7.79133
 30
0.0
 10
-3.81121
 20
-7.79133
 30
0.0
 10
-3.80817
 20
-7.7286
 30
0.0
 10
-3.80512
 20
-7.66586
 30
0.0
 10
-3.80207
 20
-7.60313
 30
0.0
 10
-3.80207
 20
-7.60313
 30
0.0
 10
-4.59178
 20
-7.62865
 30
0.0
 10
-4.59178
 20
-7.62865
 30
0.0
  0
SPLINE
  5
208
330
1F
100
AcDbEntity
  8
Plan 1
 62
   250
370
    20
100
AcDbSpline
210
0.0
220
0.0
230
1.0
 70
    11
 71
     3
 72
    17
 73
    13
 74
     0
 42
0.0000000001
 43
0.0000000001
 40
0.0
 40
0.0
 40
0.0
 40
0.0
 40
0.25
 40
0.25
 40
0.25
 40
0.5
 40
0.5
 40
0.5
 40
0.75
 40
0.75
 40
0.75
 40
1.0
 40
1.0
 40
1.0
 40
1.0
 10
-4.50639
 20
-7.8813
 30
0.0
 10
-4.48714
 20
-7.93823
 30
0.0
 10
-4.4679
 20
-7.99515
 30
0.0
 10
-4.44866
 20
-8.05208
 30
0.0
 10
-4.44866
 20
-8.05208
 30
0.0
 10
-3.82281
 20
-8.02988
 30
0.0
 10
-3.82281
 20
-8.02988
 30
0.0
 10
-3.8204
 20
-7.98028
 30
0.0
 10
-3.81798
 20
-7.93068
 30
0.0
 10
-3.81557
 20
-7.88109
 30
0.0
 10
-3.81557
 20
-7.88109
 30
0.0
 10
-4.50639
 20
-7.8813
 30
0.0
 10
-4.50639
 20
-7.8813
 30
0.0
  0
SPLINE
  5
209
330
1F
100
AcDbEntity
  8
Plan 1
 62
   250
370
    20
100
AcDbSpline
210
0.0
220
0.0
230
1.0
 70
    11
 71
     3
 72
    20
 73
    16
 74
     0
 42
0.0000000001
 43
0.0000000001
 40
0.0
 40
0.0
 40
0.0
 40
0.0
 40
0.2
 40
0.2
 40
0.2
 40
0.4
 40
0.4
 40
0.4
 40
0.6000000000000001
 40
0.6000000000000001
 40
0.6000000000000001
 40
0.8
 40
0.8
 40
0.8
 40
1.0
 40
1.0
 40
1.0
 40
1.0
 10
-4.72818
 20
-7.67283
 30
0.0
 10
-4.82858
 20
-7.73048
 30
0.0
 10
-4.92899
 20
-7.78812
 30
0.0
 10
-5.0294
 20
-7.84576
 30
0.0
 10
-5.0294
 20
-7.84576
 30
0.0
 10
-5.50077
 20
-10.31961
 30
0.0
 10
-5.50077
 20
-10.31961
 30
0.0
 10
-5.49333
 20
-10.31882
 30
0.0
 10
-5.4859
 20
-10.31804
 30
0.0
 10
-5.47846
 20
-10.31726
 30
0.0
 10
-5.15514
 20
-9.65241
 30
0.0
 10
-4.83183
 20
-8.98757
 30
0.0
 10
-4.50852
 20
-8.32273
 30
0.0
 10
-4.58174
 20
-8.10609
 30
0.0
 10
-4.65496
 20
-7.88946
 30
0.0
 10
-4.72818
 20
-7.67283
 30
0.0
  0
SPLINE
  5
20A
330
1F
100
AcDbEntity
  8
Plan 1
 62
   250
370
    20
100
AcDbSpline
210
0.0
220
0.0
230
1.0
 70
    11
 71
     3
 72
    20
 73
    16
 74
     0
 42
0.0000000001
 43
0.0000000001
 40
0.0
 40
0.0
 40
0.0
 40
0.0
 40
0.2
 40
0.2
 40
0.2
 40
0.4
 40
0.4
 40
0.4
 40
0.6000000000000001
 40
0.6000000000000001
 40
0.6000000000000001
 40
0.8
 40
0.8
 40
0.8
 40
1.0
 40
1.0
 40
1.0
 40
1.0
 10
-5.18695
 20
-7.90455
 30
0.0
 10
-5.18695
 20
-7.90455
 30
0.0
 10
-7.59517
 20
-8.66854
 30
0.0
 10
-7.59517
 20
-8.66854
 30
0.0
 10
-7.59517
 20
-8.66854
 30
0.0
 10
-8.34492
 20
-9.24324
 30
0.0
 10
-8.34492
 20
-9.24324
 30
0.0
 10
-8.34492
 20
-9.24324
 30
0.0
 10
-6.5034
 20
-10.53179
 30
0.0
 10
-6.5034
 20
-10.53179
 30
0.0
 10
-6.5034
 20
-10.53179
 30
0.0
 10
-5.65126
 20
-10.34136
 30
0.0
 10
-5.65126
 20
-10.34136
 30
0.0
 10
-5.65126
 20
-10.34136
 30
0.0
 10
-5.18695
 20
-7.90455
 30
0.0
 10
-5.18695
 20
-7.90455
 30
0.0
  0
SPLINE
  5
20B
330
1F
100
AcDbEntity
  8
Plan 1
 62
   250
370
    20
100
AcDbSpline
210
0.0
220
0.0
230
1.0
 70
    11
 71
     3
 72
    14
 73
    10
 74
     0
 42
0.0000000001
 43
0.0000000001
 40
0.0
 40
0.0
 40
0.0
 40
0.0
 40
0.3333333333333333
 40
0.3333333333333333
 40
0.3333333333333333
 40
0.6666666666666666
 40
0.6666666666666666
 40
0.6666666666666666
 40
1.0
 40
1.0
 40
1.0
 40
1.0
 10
-6.38342
 20
-10.64563
 30
0.0
 10
-6.38342
 20
-10.64563
 30
0.0
 10
-5.78569
 20
-10.98412
 30
0.0
 10
-5.78569
 20
-10.98412
 30
0.0
 10
-5.74939
 20
-10.81908
 30
0.0
 10
-5.71454
 20
-10.65388
 30
0.0
 10
-5.68067
 20
-10.48858
 30
0.0
 10
-5.68067
 20
-10.48858
 30
0.0
 10
-6.38342
 20
-10.64563
 30
0.0
 10
-6.38342
 20
-10.64563
 30
0.0
  0
SPLINE
  5
20C
330
1F
100
AcDbEntity
  8
Plan 1
 62
   250
370
    20
100
AcDbSpline
210
0.0
220
0.0
230
1.0
 70
    11
 71
     3
 72
    14
 73
    10
 74
     0
 42
0.0000000001
 43
0.0000000001
 40
0.0
 40
0.0
 40
0.0
 40
0.0
 40
0.3333333333333333
 40
0.3333333333333333
 40
0.3333333333333333
 40
0.6666666666666666
 40
0.6666666666666666
 40
0.6666666666666666
 40
1.0
 40
1.0
 40
1.0
 40
1.0
 10
-6.4518
 20
-10.7127
 30
0.0
 10
-6.45785
 20
-10.87634
 30
0.0
 10
-6.46108
 20
-11.04003
 30
0.0
 10
-6.46235
 20
-11.20372
 30
0.0
 10
-6.25931
 20
-11.15557
 30
0.0
 10
-6.05786
 20
-11.10405
 30
0.0
 10
-5.85853
 20
-11.04866
 30
0.0
 10
-5.85853
 20
-11.04866
 30
0.0
 10
-6.4518
 20
-10.7127
 30
0.0
 10
-6.4518
 20
-10.7127
 30
0.0
  0
SPLINE
  5
20D
330
1F
100
AcDbEntity
  8
Plan 1
 62
   250
370
    20
100
AcDbSpline
210
0.0
220
0.0
230
1.0
 70
    11
 71
     3
 72
    23
 73
    19
 74
     0
 42
0.0000000001
 43
0.0000000001
 40
0.0
 40
0.0
 40
0.0
 40
0.0
 40
0.1666666666666667
 40
0.1666666666666667
 40
0.1666666666666667
 40
0.3333333333333333
 40
0.3333333333333333
 40
0.3333333333333333
 40
0.5
 40
0.5
 40
0.5
 40
0.6666666666666666
 40
0.6666666666666666
 40
0.6666666666666666
 40
0.8333333333333333
 40
0.8333333333333333
 40
0.8333333333333333
 40
1.0
 40
1.0
 40
1.0
 40
1.0
 10
-6.41811
 20
-11.47216
 30
0.0
 10
-6.39982
 20
-11.54953
 30
0.0
 10
-6.38158
 20
-11.62691
 30
0.0
 10
-6.36343
 20
-11.7043
 30
0.0
 10
-6.35386
 20
-11.70538
 30
0.0
 10
-6.34498
 20
-11.70896
 30
0.0
 10
-6.33795
 20
-11.71436
 30
0.0
 10
-6.33795
 20
-11.71436
 30
0.0
 10
-4.45832
 20
-13.15971
 30
0.0
 10
-4.45832
 20
-13.15971
 30
0.0
 10
-4.45013
 20
-13.166
 30
0.0
 10
-4.44503
 20
-13.17414
 30
0.0
 10
-4.44264
 20
-13.18259
 30
0.0
 10
-4.44264
 20
-13.18259
 30
0.0
 10
-4.24506
 20
-13.18259
 30
0.0
 10
-4.24506
 20
-13.18259
 30
0.0
 10
-4.96942
 20
-12.61245
 30
0.0
 10
-5.69376
 20
-12.0423
 30
0.0
 10
-6.41811
 20
-11.47216
 30
0.0
  0
SPLINE
  5
20E
330
1F
100
AcDbEntity
  8
Plan 1
 62
   250
370
    20
100
AcDbSpline
210
0.0
220
0.0
230
1.0
 70
    11
 71
     3
 72
    14
 73
    10
 74
     0
 42
0.0000000001
 43
0.0000000001
 40
0.0
 40
0.0
 40
0.0
 40
0.0
 40
0.3333333333333333
 40
0.3333333333333333
 40
0.3333333333333333
 40
0.6666666666666666
 40
0.6666666666666666
 40
0.6666666666666666
 40
1.0
 40
1.0
 40
1.0
 40
1.0
 10
-6.4056
 20
-12.15759
 30
0.0
 10
-6.42667
 20
-12.06596
 30
0.0
 10
-6.4479
 20
-11.97435
 30
0.0
 10
-6.46925
 20
-11.88276
 30
0.0
 10
-6.46925
 20
-11.88276
 30
0.0
 10
-6.63752
 20
-12.08075
 30
0.0
 10
-6.63752
 20
-12.08075
 30
0.0
 10
-6.56027
 20
-12.10645
 30
0.0
 10
-6.48296
 20
-12.13207
 30
0.0
 10
-6.4056
 20
-12.15759
 30
0.0
  0
SPLINE
  5
20F
330
1F
100
AcDbEntity
  8
Plan 1
 62
   250
370
    20
100
AcDbSpline
210
0.0
220
0.0
230
1.0
 70
    11
 71
     3
 72
    29
 73
    25
 74
     0
 42
0.0000000001
 43
0.0000000001
 40
0.0
 40
0.0
 40
0.0
 40
0.0
 40
0.125
 40
0.125
 40
0.125
 40
0.25
 40
0.25
 40
0.25
 40
0.375
 40
0.375
 40
0.375
 40
0.5
 40
0.5
 40
0.5
 40
0.625
 40
0.625
 40
0.625
 40
0.75
 40
0.75
 40
0.75
 40
0.875
 40
0.875
 40
0.875
 40
1.0
 40
1.0
 40
1.0
 40
1.0
 10
-6.2857
 20
-12.68715
 30
0.0
 10
-6.31335
 20
-12.56286
 30
0.0
 10
-6.34137
 20
-12.43861
 30
0.0
 10
-6.36968
 20
-12.31439
 30
0.0
 10
-6.43909
 20
-12.29157
 30
0.0
 10
-6.50845
 20
-12.26868
 30
0.0
 10
-6.57776
 20
-12.24571
 30
0.0
 10
-6.57885
 20
-12.24714
 30
0.0
 10
-6.58005
 20
-12.24853
 30
0.0
 10
-6.58136
 20
-12.24986
 30
0.0
 10
-6.58136
 20
-12.24986
 30
0.0
 10
-7.49768
 20
-13.18259
 30
0.0
 10
-7.49768
 20
-13.18259
 30
0.0
 10
-7.49768
 20
-13.18259
 30
0.0
 10
-6.89052
 20
-13.18259
 30
0.0
 10
-6.89052
 20
-13.18259
 30
0.0
 10
-6.88821
 20
-13.17441
 30
0.0
 10
-6.88336
 20
-13.16654
 30
0.0
 10
-6.87564
 20
-13.16034
 30
0.0
 10
-6.87564
 20
-13.16034
 30
0.0
 10
-6.293
 20
-12.69199
 30
0.0
 10
-6.293
 20
-12.69199
 30
0.0
 10
-6.29078
 20
-12.69021
 30
0.0
 10
-6.28834
 20
-12.68858
 30
0.0
 10
-6.2857
 20
-12.68715
 30
0.0
  0
SPLINE
  5
210
330
1F
100
AcDbEntity
  8
Plan 1
 62
   250
370
    20
100
AcDbSpline
210
0.0
220
0.0
230
1.0
 70
    11
 71
     3
 72
    20
 73
    16
 74
     0
 42
0.0000000001
 43
0.0000000001
 40
0.0
 40
0.0
 40
0.0
 40
0.0
 40
0.2
 40
0.2
 40
0.2
 40
0.4
 40
0.4
 40
0.4
 40
0.6000000000000001
 40
0.6000000000000001
 40
0.6000000000000001
 40
0.8
 40
0.8
 40
0.8
 40
1.0
 40
1.0
 40
1.0
 40
1.0
 10
-4.72146
 20
-6.9911
 30
0.0
 10
-4.7504
 20
-7.00108
 30
0.0
 10
-4.77935
 20
-7.01105
 30
0.0
 10
-4.8083
 20
-7.02102
 30
0.0
 10
-4.8083
 20
-7.02102
 30
0.0
 10
-4.64767
 20
-7.42977
 30
0.0
 10
-4.64767
 20
-7.42977
 30
0.0
 10
-4.62998
 20
-7.41205
 30
0.0
 10
-4.61229
 20
-7.39433
 30
0.0
 10
-4.5946
 20
-7.37661
 30
0.0
 10
-4.59649
 20
-7.37358
 30
0.0
 10
-4.59794
 20
-7.37042
 30
0.0
 10
-4.59898
 20
-7.36721
 30
0.0
 10
-4.59898
 20
-7.36721
 30
0.0
 10
-4.72146
 20
-6.9911
 30
0.0
 10
-4.72146
 20
-6.9911
 30
0.0
  0
SPLINE
  5
211
330
1F
100
AcDbEntity
  8
Plan 1
 62
   250
370
    20
100
AcDbSpline
210
0.0
220
0.0
230
1.0
 70
    11
 71
     3
 72
    20
 73
    16
 74
     0
 42
0.0000000001
 43
0.0000000001
 40
0.0
 40
0.0
 40
0.0
 40
0.0
 40
0.2
 40
0.2
 40
0.2
 40
0.4
 40
0.4
 40
0.4
 40
0.6000000000000001
 40
0.6000000000000001
 40
0.6000000000000001
 40
0.8
 40
0.8
 40
0.8
 40
1.0
 40
1.0
 40
1.0
 40
1.0
 10
-6.59559
 20
-10.70556
 30
0.0
 10
-6.59559
 20
-10.70556
 30
0.0
 10
-6.62239
 20
-10.71499
 30
0.0
 10
-6.62239
 20
-10.71499
 30
0.0
 10
-6.62182
 20
-10.72053
 30
0.0
 10
-6.62236
 20
-10.72613
 30
0.0
 10
-6.624
 20
-10.73152
 30
0.0
 10
-6.624
 20
-10.73152
 30
0.0
 10
-6.77688
 20
-11.23519
 30
0.0
 10
-6.77688
 20
-11.23519
 30
0.0
 10
-6.72008
 20
-11.23226
 30
0.0
 10
-6.66328
 20
-11.22933
 30
0.0
 10
-6.60648
 20
-11.2264
 30
0.0
 10
-6.60533
 20
-11.05277
 30
0.0
 10
-6.60203
 20
-10.87913
 30
0.0
 10
-6.59559
 20
-10.70556
 30
0.0
  0
SPLINE
  5
212
330
1F
100
AcDbEntity
  8
Plan 1
 62
   250
370
    20
100
AcDbSpline
210
0.0
220
0.0
230
1.0
 70
    11
 71
     3
 72
    23
 73
    19
 74
     0
 42
0.0000000001
 43
0.0000000001
 40
0.0
 40
0.0
 40
0.0
 40
0.0
 40
0.1666666666666667
 40
0.1666666666666667
 40
0.1666666666666667
 40
0.3333333333333333
 40
0.3333333333333333
 40
0.3333333333333333
 40
0.5
 40
0.5
 40
0.5
 40
0.6666666666666666
 40
0.6666666666666666
 40
0.6666666666666666
 40
0.8333333333333333
 40
0.8333333333333333
 40
0.8333333333333333
 40
1.0
 40
1.0
 40
1.0
 40
1.0
 10
-6.87394
 20
-11.37724
 30
0.0
 10
-6.87558
 20
-11.3847
 30
0.0
 10
-6.87928
 20
-11.39197
 30
0.0
 10
-6.88527
 20
-11.39814
 30
0.0
 10
-6.88527
 20
-11.39814
 30
0.0
 10
-7.32418
 20
-11.84952
 30
0.0
 10
-7.32418
 20
-11.84952
 30
0.0
 10
-7.29718
 20
-11.85872
 30
0.0
 10
-7.27018
 20
-11.86791
 30
0.0
 10
-7.24317
 20
-11.87709
 30
0.0
 10
-7.24226
 20
-11.87592
 30
0.0
 10
-7.24128
 20
-11.87479
 30
0.0
 10
-7.24023
 20
-11.87368
 30
0.0
 10
-7.24023
 20
-11.87368
 30
0.0
 10
-6.75999
 20
-11.37136
 30
0.0
 10
-6.75999
 20
-11.37136
 30
0.0
 10
-6.79797
 20
-11.37332
 30
0.0
 10
-6.83595
 20
-11.37528
 30
0.0
 10
-6.87394
 20
-11.37724
 30
0.0
  0
SPLINE
  5
213
330
1F
100
AcDbEntity
  8
Plan 1
 62
   250
370
    20
100
AcDbSpline
210
0.0
220
0.0
230
1.0
 70
    11
 71
     3
 72
    29
 73
    25
 74
     0
 42
0.0000000001
 43
0.0000000001
 40
0.0
 40
0.0
 40
0.0
 40
0.0
 40
0.125
 40
0.125
 40
0.125
 40
0.25
 40
0.25
 40
0.25
 40
0.375
 40
0.375
 40
0.375
 40
0.5
 40
0.5
 40
0.5
 40
0.625
 40
0.625
 40
0.625
 40
0.75
 40
0.75
 40
0.75
 40
0.875
 40
0.875
 40
0.875
 40
1.0
 40
1.0
 40
1.0
 40
1.0
 10
-7.1448
 20
-11.91047
 30
0.0
 10
-7.12523
 20
-11.91709
 30
0.0
 10
-7.10567
 20
-11.92371
 30
0.0
 10
-7.0861
 20
-11.93033
 30
0.0
 10
-7.08495
 20
-11.92885
 30
0.0
 10
-7.08368
 20
-11.92742
 30
0.0
 10
-7.0823
 20
-11.92604
 30
0.0
 10
-7.0823
 20
-11.92604
 30
0.0
 10
-6.5872
 20
-11.43328
 30
0.0
 10
-6.5872
 20
-11.43328
 30
0.0
 10
-6.58424
 20
-11.43033
 30
0.0
 10
-6.58076
 20
-11.42768
 30
0.0
 10
-6.57679
 20
-11.42548
 30
0.0
 10
-6.58175
 20
-11.40454
 30
0.0
 10
-6.58671
 20
-11.38361
 30
0.0
 10
-6.59168
 20
-11.36268
 30
0.0
 10
-6.60503
 20
-11.36337
 30
0.0
 10
-6.61837
 20
-11.36406
 30
0.0
 10
-6.63172
 20
-11.36474
 30
0.0
 10
-6.63333
 20
-11.3721
 30
0.0
 10
-6.63695
 20
-11.37926
 30
0.0
 10
-6.64279
 20
-11.38537
 30
0.0
 10
-6.64279
 20
-11.38537
 30
0.0
 10
-7.1448
 20
-11.91047
 30
0.0
 10
-7.1448
 20
-11.91047
 30
0.0
  0
SPLINE
  5
214
330
1F
100
AcDbEntity
  8
Plan 1
 62
   250
370
    20
100
AcDbSpline
210
0.0
220
0.0
230
1.0
 70
    11
 71
     3
 72
    29
 73
    25
 74
     0
 42
0.0000000001
 43
0.0000000001
 40
0.0
 40
0.0
 40
0.0
 40
0.0
 40
0.125
 40
0.125
 40
0.125
 40
0.25
 40
0.25
 40
0.25
 40
0.375
 40
0.375
 40
0.375
 40
0.5
 40
0.5
 40
0.5
 40
0.625
 40
0.625
 40
0.625
 40
0.75
 40
0.75
 40
0.75
 40
0.875
 40
0.875
 40
0.875
 40
1.0
 40
1.0
 40
1.0
 40
1.0
 10
-7.99734
 20
-12.837
 30
0.0
 10
-7.93927
 20
-12.9522
 30
0.0
 10
-7.8812
 20
-13.06739
 30
0.0
 10
-7.82313
 20
-13.18259
 30
0.0
 10
-7.82313
 20
-13.18259
 30
0.0
 10
-7.62245
 20
-13.18259
 30
0.0
 10
-7.62245
 20
-13.18259
 30
0.0
 10
-7.62057
 20
-13.17593
 30
0.0
 10
-7.617
 20
-13.1695
 30
0.0
 10
-7.61156
 20
-13.16396
 30
0.0
 10
-7.61156
 20
-13.16396
 30
0.0
 10
-6.67708
 20
-12.21274
 30
0.0
 10
-6.67708
 20
-12.21274
 30
0.0
 10
-6.85406
 20
-12.15388
 30
0.0
 10
-7.03073
 20
-12.09456
 30
0.0
 10
-7.2071
 20
-12.0348
 30
0.0
 10
-7.20815
 20
-12.03615
 30
0.0
 10
-7.2093
 20
-12.03746
 30
0.0
 10
-7.21055
 20
-12.03873
 30
0.0
 10
-7.21055
 20
-12.03873
 30
0.0
 10
-7.99477
 20
-12.83459
 30
0.0
 10
-7.99477
 20
-12.83459
 30
0.0
 10
-7.99559
 20
-12.83542
 30
0.0
 10
-7.99644
 20
-12.83622
 30
0.0
 10
-7.99734
 20
-12.837
 30
0.0
  0
SPLINE
  5
215
330
1F
100
AcDbEntity
  8
Plan 1
 62
   250
370
    20
100
AcDbSpline
210
0.0
220
0.0
230
1.0
 70
    11
 71
     3
 72
    14
 73
    10
 74
     0
 42
0.0000000001
 43
0.0000000001
 40
0.0
 40
0.0
 40
0.0
 40
0.0
 40
0.3333333333333333
 40
0.3333333333333333
 40
0.3333333333333333
 40
0.6666666666666666
 40
0.6666666666666666
 40
0.6666666666666666
 40
1.0
 40
1.0
 40
1.0
 40
1.0
 10
-5.18189
 20
-5.96979
 30
0.0
 10
-5.18189
 20
-5.96979
 30
0.0
 10
-5.10042
 20
-6.15121
 30
0.0
 10
-5.10042
 20
-6.15121
 30
0.0
 10
-5.10042
 20
-6.15121
 30
0.0
 10
-4.9376
 20
-6.14438
 30
0.0
 10
-4.9376
 20
-6.14438
 30
0.0
 10
-4.9376
 20
-6.14438
 30
0.0
 10
-5.18189
 20
-5.96979
 30
0.0
 10
-5.18189
 20
-5.96979
 30
0.0
  0
SPLINE
  5
216
330
1F
100
AcDbEntity
  8
Plan 1
 62
   250
370
    20
100
AcDbSpline
210
0.0
220
0.0
230
1.0
 70
    11
 71
     3
 72
    17
 73
    13
 74
     0
 42
0.0000000001
 43
0.0000000001
 40
0.0
 40
0.0
 40
0.0
 40
0.0
 40
0.25
 40
0.25
 40
0.25
 40
0.5
 40
0.5
 40
0.5
 40
0.75
 40
0.75
 40
0.75
 40
1.0
 40
1.0
 40
1.0
 40
1.0
 10
-6.24034
 20
-7.93853
 30
0.0
 10
-6.24034
 20
-7.93853
 30
0.0
 10
-6.30994
 20
-7.9426
 30
0.0
 10
-6.30994
 20
-7.9426
 30
0.0
 10
-6.30994
 20
-7.9426
 30
0.0
 10
-6.26175
 20
-8.10112
 30
0.0
 10
-6.26175
 20
-8.10112
 30
0.0
 10
-6.26175
 20
-8.10112
 30
0.0
 10
-6.19715
 20
-8.08062
 30
0.0
 10
-6.19715
 20
-8.08062
 30
0.0
 10
-6.19715
 20
-8.08062
 30
0.0
 10
-6.24034
 20
-7.93853
 30
0.0
 10
-6.24034
 20
-7.93853
 30
0.0
  0
SPLINE
  5
217
330
1F
100
AcDbEntity
  8
Plan 1
 62
   250
370
    20
100
AcDbSpline
210
0.0
220
0.0
230
1.0
 70
    11
 71
     3
 72
    20
 73
    16
 74
     0
 42
0.0000000001
 43
0.0000000001
 40
0.0
 40
0.0
 40
0.0
 40
0.0
 40
0.2
 40
0.2
 40
0.2
 40
0.4
 40
0.4
 40
0.4
 40
0.6000000000000001
 40
0.6000000000000001
 40
0.6000000000000001
 40
0.8
 40
0.8
 40
0.8
 40
1.0
 40
1.0
 40
1.0
 40
1.0
 10
-8.46109
 20
-9.33228
 30
0.0
 10
-8.46109
 20
-9.33228
 30
0.0
 10
-10.03625
 20
-10.53967
 30
0.0
 10
-10.03625
 20
-10.53967
 30
0.0
 10
-10.03625
 20
-10.53967
 30
0.0
 10
-10.03625
 20
-11.00252
 30
0.0
 10
-10.03625
 20
-11.00252
 30
0.0
 10
-10.03625
 20
-11.00252
 30
0.0
 10
-8.80064
 20
-11.33591
 30
0.0
 10
-8.80064
 20
-11.33591
 30
0.0
 10
-8.80064
 20
-11.33591
 30
0.0
 10
-6.6699
 20
-10.58562
 30
0.0
 10
-6.6699
 20
-10.58562
 30
0.0
 10
-6.6699
 20
-10.58562
 30
0.0
 10
-8.46109
 20
-9.33228
 30
0.0
 10
-8.46109
 20
-9.33228
 30
0.0
  0
SPLINE
  5
218
330
1F
100
AcDbEntity
  8
Plan 1
 62
   250
370
    20
100
AcDbSpline
210
0.0
220
0.0
230
1.0
 70
    11
 71
     3
 72
    14
 73
    10
 74
     0
 42
0.0000000001
 43
0.0000000001
 40
0.0
 40
0.0
 40
0.0
 40
0.0
 40
0.3333333333333333
 40
0.3333333333333333
 40
0.3333333333333333
 40
0.6666666666666666
 40
0.6666666666666666
 40
0.6666666666666666
 40
1.0
 40
1.0
 40
1.0
 40
1.0
 10
-8.32661
 20
-11.31509
 30
0.0
 10
-8.20906
 20
-11.30903
 30
0.0
 10
-8.09152
 20
-11.30297
 30
0.0
 10
-7.97398
 20
-11.29691
 30
0.0
 10
-7.97398
 20
-11.29691
 30
0.0
 10
-7.97913
 20
-11.19273
 30
0.0
 10
-7.97913
 20
-11.19273
 30
0.0
 10
-7.97913
 20
-11.19273
 30
0.0
 10
-8.32661
 20
-11.31509
 30
0.0
 10
-8.32661
 20
-11.31509
 30
0.0
  0
SPLINE
  5
219
330
1F
100
AcDbEntity
  8
Plan 1
 62
   250
370
    20
100
AcDbSpline
210
0.0
220
0.0
230
1.0
 70
    11
 71
     3
 72
    14
 73
    10
 74
     0
 42
0.0000000001
 43
0.0000000001
 40
0.0
 40
0.0
 40
0.0
 40
0.0
 40
0.3333333333333333
 40
0.3333333333333333
 40
0.3333333333333333
 40
0.6666666666666666
 40
0.6666666666666666
 40
0.6666666666666666
 40
1.0
 40
1.0
 40
1.0
 40
1.0
 10
-8.4498
 20
-11.45849
 30
0.0
 10
-8.3898
 20
-11.47972
 30
0.0
 10
-8.32976
 20
-11.50091
 30
0.0
 10
-8.26969
 20
-11.52204
 30
0.0
 10
-8.26969
 20
-11.52204
 30
0.0
 10
-8.23928
 20
-11.44763
 30
0.0
 10
-8.23928
 20
-11.44763
 30
0.0
 10
-8.30945
 20
-11.45125
 30
0.0
 10
-8.37963
 20
-11.45487
 30
0.0
 10
-8.4498
 20
-11.45849
 30
0.0
  0
SPLINE
  5
21A
330
1F
100
AcDbEntity
  8
Plan 1
 62
   250
370
    20
100
AcDbSpline
210
0.0
220
0.0
230
1.0
 70
    11
 71
     3
 72
    20
 73
    16
 74
     0
 42
0.0000000001
 43
0.0000000001
 40
0.0
 40
0.0
 40
0.0
 40
0.0
 40
0.2
 40
0.2
 40
0.2
 40
0.4
 40
0.4
 40
0.4
 40
0.6000000000000001
 40
0.6000000000000001
 40
0.6000000000000001
 40
0.8
 40
0.8
 40
0.8
 40
1.0
 40
1.0
 40
1.0
 40
1.0
 10
-8.51843
 20
-11.80322
 30
0.0
 10
-8.45393
 20
-11.93118
 30
0.0
 10
-8.38943
 20
-12.05914
 30
0.0
 10
-8.32493
 20
-12.18711
 30
0.0
 10
-8.32493
 20
-12.18711
 30
0.0
 10
-7.88666
 20
-11.80181
 30
0.0
 10
-7.88666
 20
-11.80181
 30
0.0
 10
-8.03601
 20
-11.75001
 30
0.0
 10
-8.18514
 20
-11.6979
 30
0.0
 10
-8.33405
 20
-11.64549
 30
0.0
 10
-8.3358
 20
-11.64767
 30
0.0
 10
-8.33781
 20
-11.64976
 30
0.0
 10
-8.34009
 20
-11.65169
 30
0.0
 10
-8.34009
 20
-11.65169
 30
0.0
 10
-8.51843
 20
-11.80322
 30
0.0
 10
-8.51843
 20
-11.80322
 30
0.0
  0
SPLINE
  5
21B
330
1F
100
AcDbEntity
  8
Plan 1
 62
   250
370
    20
100
AcDbSpline
210
0.0
220
0.0
230
1.0
 70
    11
 71
     3
 72
    20
 73
    16
 74
     0
 42
0.0000000001
 43
0.0000000001
 40
0.0
 40
0.0
 40
0.0
 40
0.0
 40
0.2
 40
0.2
 40
0.2
 40
0.4
 40
0.4
 40
0.4
 40
0.6000000000000001
 40
0.6000000000000001
 40
0.6000000000000001
 40
0.8
 40
0.8
 40
0.8
 40
1.0
 40
1.0
 40
1.0
 40
1.0
 10
-8.84862
 20
-11.46532
 30
0.0
 10
-8.84862
 20
-11.46532
 30
0.0
 10
-10.03625
 20
-11.14488
 30
0.0
 10
-10.03625
 20
-11.14488
 30
0.0
 10
-10.03625
 20
-11.14488
 30
0.0
 10
-10.03625
 20
-12.53767
 30
0.0
 10
-10.03625
 20
-12.53767
 30
0.0
 10
-9.55094
 20
-12.73291
 30
0.0
 10
-9.08472
 20
-12.95266
 30
0.0
 10
-8.63097
 20
-13.18259
 30
0.0
 10
-8.63097
 20
-13.18259
 30
0.0
 10
-7.98301
 20
-13.18259
 30
0.0
 10
-7.98301
 20
-13.18259
 30
0.0
 10
-8.27155
 20
-12.61017
 30
0.0
 10
-8.56009
 20
-12.03774
 30
0.0
 10
-8.84862
 20
-11.46532
 30
0.0
  0
SPLINE
  5
21C
330
1F
100
AcDbEntity
  8
Plan 1
 62
   250
370
    20
100
AcDbSpline
210
0.0
220
0.0
230
1.0
 70
    11
 71
     3
 72
    20
 73
    16
 74
     0
 42
0.0000000001
 43
0.0000000001
 40
0.0
 40
0.0
 40
0.0
 40
0.0
 40
0.2
 40
0.2
 40
0.2
 40
0.4
 40
0.4
 40
0.4
 40
0.6000000000000001
 40
0.6000000000000001
 40
0.6000000000000001
 40
0.8
 40
0.8
 40
0.8
 40
1.0
 40
1.0
 40
1.0
 40
1.0
 10
-1.96955
 20
2.39606
 30
0.0
 10
-1.96955
 20
2.39606
 30
0.0
 10
-2.11175
 20
2.37631
 30
0.0
 10
-2.11175
 20
2.37631
 30
0.0
 10
-2.11188
 20
2.37524
 30
0.0
 10
-2.11206
 20
2.37416
 30
0.0
 10
-2.11227
 20
2.37309
 30
0.0
 10
-2.11227
 20
2.37309
 30
0.0
 10
-2.14273
 20
2.22029
 30
0.0
 10
-2.14273
 20
2.22029
 30
0.0
 10
-2.11727
 20
2.21199
 30
0.0
 10
-2.09181
 20
2.20369
 30
0.0
 10
-2.06635
 20
2.19539
 30
0.0
 10
-2.06635
 20
2.19539
 30
0.0
 10
-1.96955
 20
2.39606
 30
0.0
 10
-1.96955
 20
2.39606
 30
0.0
  0
SPLINE
  5
21D
330
1F
100
AcDbEntity
  8
Plan 1
 62
   250
370
    20
100
AcDbSpline
210
0.0
220
0.0
230
1.0
 70
    11
 71
     3
 72
    20
 73
    16
 74
     0
 42
0.0000000001
 43
0.0000000001
 40
0.0
 40
0.0
 40
0.0
 40
0.0
 40
0.2
 40
0.2
 40
0.2
 40
0.4
 40
0.4
 40
0.4
 40
0.6000000000000001
 40
0.6000000000000001
 40
0.6000000000000001
 40
0.8
 40
0.8
 40
0.8
 40
1.0
 40
1.0
 40
1.0
 40
1.0
 10
-4.96997
 20
-0.8947
 30
0.0
 10
-4.96997
 20
-0.8947
 30
0.0
 10
-5.2858
 20
-1.2579
 30
0.0
 10
-5.2858
 20
-1.2579
 30
0.0
 10
-5.20921
 20
-1.27569
 30
0.0
 10
-5.13264
 20
-1.29353
 30
0.0
 10
-5.05609
 20
-1.31141
 30
0.0
 10
-5.0552
 20
-1.30994
 30
0.0
 10
-5.05421
 20
-1.30851
 30
0.0
 10
-5.05311
 20
-1.30711
 30
0.0
 10
-5.05311
 20
-1.30711
 30
0.0
 10
-4.82312
 20
-1.01414
 30
0.0
 10
-4.82312
 20
-1.01414
 30
0.0
 10
-4.82312
 20
-1.01414
 30
0.0
 10
-4.96997
 20
-0.8947
 30
0.0
 10
-4.96997
 20
-0.8947
 30
0.0
  0
SPLINE
  5
21E
330
1F
100
AcDbEntity
  8
Plan 1
 62
   250
370
    20
100
AcDbSpline
210
0.0
220
0.0
230
1.0
 70
    11
 71
     3
 72
    14
 73
    10
 74
     0
 42
0.0000000001
 43
0.0000000001
 40
0.0
 40
0.0
 40
0.0
 40
0.0
 40
0.3333333333333333
 40
0.3333333333333333
 40
0.3333333333333333
 40
0.6666666666666666
 40
0.6666666666666666
 40
0.6666666666666666
 40
1.0
 40
1.0
 40
1.0
 40
1.0
 10
-5.42331
 20
-1.36696
 30
0.0
 10
-5.40516
 20
-1.42925
 30
0.0
 10
-5.38707
 20
-1.49155
 30
0.0
 10
-5.36903
 20
-1.55387
 30
0.0
 10
-5.36903
 20
-1.55387
 30
0.0
 10
-5.26214
 20
-1.40436
 30
0.0
 10
-5.26214
 20
-1.40436
 30
0.0
 10
-5.31585
 20
-1.39186
 30
0.0
 10
-5.36957
 20
-1.3794
 30
0.0
 10
-5.42331
 20
-1.36696
 30
0.0
  0
SPLINE
  5
21F
330
1F
100
AcDbEntity
  8
Plan 1
 62
   250
370
    20
100
AcDbSpline
210
0.0
220
0.0
230
1.0
 70
    11
 71
     3
 72
    23
 73
    19
 74
     0
 42
0.0000000001
 43
0.0000000001
 40
0.0
 40
0.0
 40
0.0
 40
0.0
 40
0.1666666666666667
 40
0.1666666666666667
 40
0.1666666666666667
 40
0.3333333333333333
 40
0.3333333333333333
 40
0.3333333333333333
 40
0.5
 40
0.5
 40
0.5
 40
0.6666666666666666
 40
0.6666666666666666
 40
0.6666666666666666
 40
0.8333333333333333
 40
0.8333333333333333
 40
0.8333333333333333
 40
1.0
 40
1.0
 40
1.0
 40
1.0
 10
-5.80935
 20
-1.82225
 30
0.0
 10
-5.83779
 20
-1.79723
 30
0.0
 10
-5.86614
 20
-1.77214
 30
0.0
 10
-5.89439
 20
-1.74701
 30
0.0
 10
-5.89439
 20
-1.74701
 30
0.0
 10
-6.02454
 20
-2.27983
 30
0.0
 10
-6.02454
 20
-2.27983
 30
0.0
 10
-6.02587
 20
-2.2853
 30
0.0
 10
-6.02835
 20
-2.29072
 30
0.0
 10
-6.03208
 20
-2.29563
 30
0.0
 10
-6.03208
 20
-2.29563
 30
0.0
 10
-5.91958
 20
-2.4323
 30
0.0
 10
-5.91958
 20
-2.4323
 30
0.0
 10
-5.91958
 20
-2.4323
 30
0.0
 10
-5.81376
 20
-1.83497
 30
0.0
 10
-5.81376
 20
-1.83497
 30
0.0
 10
-5.81299
 20
-1.83064
 30
0.0
 10
-5.81154
 20
-1.82634
 30
0.0
 10
-5.80935
 20
-1.82225
 30
0.0
  0
SPLINE
  5
220
330
1F
100
AcDbEntity
  8
Plan 1
 62
   250
370
    20
100
AcDbSpline
210
0.0
220
0.0
230
1.0
 70
    11
 71
     3
 72
    20
 73
    16
 74
     0
 42
0.0000000001
 43
0.0000000001
 40
0.0
 40
0.0
 40
0.0
 40
0.0
 40
0.2
 40
0.2
 40
0.2
 40
0.4
 40
0.4
 40
0.4
 40
0.6000000000000001
 40
0.6000000000000001
 40
0.6000000000000001
 40
0.8
 40
0.8
 40
0.8
 40
1.0
 40
1.0
 40
1.0
 40
1.0
 10
-5.97552
 20
-1.67448
 30
0.0
 10
-5.99204
 20
-1.65964
 30
0.0
 10
-6.00853
 20
-1.64479
 30
0.0
 10
-6.02499
 20
-1.62992
 30
0.0
 10
-6.02499
 20
-1.62992
 30
0.0
 10
-6.30782
 20
-1.96068
 30
0.0
 10
-6.30782
 20
-1.96068
 30
0.0
 10
-6.30782
 20
-1.96068
 30
0.0
 10
-6.10664
 20
-2.20507
 30
0.0
 10
-6.10664
 20
-2.20507
 30
0.0
 10
-6.10664
 20
-2.20507
 30
0.0
 10
-5.97959
 20
-1.68493
 30
0.0
 10
-5.97959
 20
-1.68493
 30
0.0
 10
-5.97872
 20
-1.68137
 30
0.0
 10
-5.97737
 20
-1.67785
 30
0.0
 10
-5.97552
 20
-1.67448
 30
0.0
  0
SPLINE
  5
221
330
1F
100
AcDbEntity
  8
Plan 1
 62
   250
370
    20
100
AcDbSpline
210
0.0
220
0.0
230
1.0
 70
    11
 71
     3
 72
    23
 73
    19
 74
     0
 42
0.0000000001
 43
0.0000000001
 40
0.0
 40
0.0
 40
0.0
 40
0.0
 40
0.1666666666666667
 40
0.1666666666666667
 40
0.1666666666666667
 40
0.3333333333333333
 40
0.3333333333333333
 40
0.3333333333333333
 40
0.5
 40
0.5
 40
0.5
 40
0.6666666666666666
 40
0.6666666666666666
 40
0.6666666666666666
 40
0.8333333333333333
 40
0.8333333333333333
 40
0.8333333333333333
 40
1.0
 40
1.0
 40
1.0
 40
1.0
 10
-6.89453
 20
-2.82038
 30
0.0
 10
-6.89116
 20
-2.80906
 30
0.0
 10
-6.88293
 20
-2.7982
 30
0.0
 10
-6.86908
 20
-2.79204
 30
0.0
 10
-6.86908
 20
-2.79204
 30
0.0
 10
-6.09156
 20
-2.44596
 30
0.0
 10
-6.09156
 20
-2.44596
 30
0.0
 10
-6.09156
 20
-2.44596
 30
0.0
 10
-6.18008
 20
-2.33843
 30
0.0
 10
-6.18008
 20
-2.33843
 30
0.0
 10
-6.18008
 20
-2.33843
 30
0.0
 10
-7.07119
 20
-2.7086
 30
0.0
 10
-7.07119
 20
-2.7086
 30
0.0
 10
-7.07119
 20
-2.7086
 30
0.0
 10
-7.0279
 20
-2.82007
 30
0.0
 10
-7.0279
 20
-2.82007
 30
0.0
 10
-6.98344
 20
-2.81996
 30
0.0
 10
-6.93898
 20
-2.82006
 30
0.0
 10
-6.89453
 20
-2.82038
 30
0.0
  0
SPLINE
  5
222
330
1F
100
AcDbEntity
  8
Plan 1
 62
   250
370
    20
100
AcDbSpline
210
0.0
220
0.0
230
1.0
 70
    11
 71
     3
 72
    20
 73
    16
 74
     0
 42
0.0000000001
 43
0.0000000001
 40
0.0
 40
0.0
 40
0.0
 40
0.0
 40
0.2
 40
0.2
 40
0.2
 40
0.4
 40
0.4
 40
0.4
 40
0.6000000000000001
 40
0.6000000000000001
 40
0.6000000000000001
 40
0.8
 40
0.8
 40
0.8
 40
1.0
 40
1.0
 40
1.0
 40
1.0
 10
-6.7138
 20
-2.82292
 30
0.0
 10
-6.61788
 20
-2.82494
 30
0.0
 10
-6.52199
 20
-2.82805
 30
0.0
 10
-6.42622
 20
-2.83233
 30
0.0
 10
-6.42254
 20
-2.82168
 30
0.0
 10
-6.41446
 20
-2.81161
 30
0.0
 10
-6.40133
 20
-2.80577
 30
0.0
 10
-6.40133
 20
-2.80577
 30
0.0
 10
-5.95783
 20
-2.60842
 30
0.0
 10
-5.95783
 20
-2.60842
 30
0.0
 10
-5.95783
 20
-2.60842
 30
0.0
 10
-6.03131
 20
-2.51915
 30
0.0
 10
-6.03131
 20
-2.51915
 30
0.0
 10
-6.03131
 20
-2.51915
 30
0.0
 10
-6.7138
 20
-2.82292
 30
0.0
 10
-6.7138
 20
-2.82292
 30
0.0
  0
SPLINE
  5
223
330
1F
100
AcDbEntity
  8
Plan 1
 62
   250
370
    20
100
AcDbSpline
210
0.0
220
0.0
230
1.0
 70
    11
 71
     3
 72
    14
 73
    10
 74
     0
 42
0.0000000001
 43
0.0000000001
 40
0.0
 40
0.0
 40
0.0
 40
0.0
 40
0.3333333333333333
 40
0.3333333333333333
 40
0.3333333333333333
 40
0.6666666666666666
 40
0.6666666666666666
 40
0.6666666666666666
 40
1.0
 40
1.0
 40
1.0
 40
1.0
 10
-6.92346
 20
-2.95704
 30
0.0
 10
-6.92346
 20
-2.95704
 30
0.0
 10
-6.7978
 20
-3.09931
 30
0.0
 10
-6.7978
 20
-3.09931
 30
0.0
 10
-6.7978
 20
-3.09931
 30
0.0
 10
-6.71418
 20
-2.95979
 30
0.0
 10
-6.71418
 20
-2.95979
 30
0.0
 10
-6.78393
 20
-2.95831
 30
0.0
 10
-6.85369
 20
-2.9574
 30
0.0
 10
-6.92346
 20
-2.95704
 30
0.0
  0
SPLINE
  5
224
330
1F
100
AcDbEntity
  8
Plan 1
 62
   250
370
    20
100
AcDbSpline
210
0.0
220
0.0
230
1.0
 70
    11
 71
     3
 72
    17
 73
    13
 74
     0
 42
0.0000000001
 43
0.0000000001
 40
0.0
 40
0.0
 40
0.0
 40
0.0
 40
0.25
 40
0.25
 40
0.25
 40
0.5
 40
0.5
 40
0.5
 40
0.75
 40
0.75
 40
0.75
 40
1.0
 40
1.0
 40
1.0
 40
1.0
 10
-8.07255
 20
-4.30617
 30
0.0
 10
-8.07255
 20
-4.30617
 30
0.0
 10
-8.54647
 20
-4.23071
 30
0.0
 10
-8.54647
 20
-4.23071
 30
0.0
 10
-8.54647
 20
-4.23071
 30
0.0
 10
-8.56582
 20
-4.28808
 30
0.0
 10
-8.56582
 20
-4.28808
 30
0.0
 10
-8.56582
 20
-4.28808
 30
0.0
 10
-8.0628
 20
-4.37432
 30
0.0
 10
-8.0628
 20
-4.37432
 30
0.0
 10
-8.0628
 20
-4.37432
 30
0.0
 10
-8.07255
 20
-4.30617
 30
0.0
 10
-8.07255
 20
-4.30617
 30
0.0
  0
SPLINE
  5
225
330
1F
100
AcDbEntity
  8
Plan 1
 62
   250
370
    20
100
AcDbSpline
210
0.0
220
0.0
230
1.0
 70
    11
 71
     3
 72
    17
 73
    13
 74
     0
 42
0.0000000001
 43
0.0000000001
 40
0.0
 40
0.0
 40
0.0
 40
0.0
 40
0.25
 40
0.25
 40
0.25
 40
0.5
 40
0.5
 40
0.5
 40
0.75
 40
0.75
 40
0.75
 40
1.0
 40
1.0
 40
1.0
 40
1.0
 10
-8.59495
 20
-4.37444
 30
0.0
 10
-8.59495
 20
-4.37444
 30
0.0
 10
-8.61445
 20
-4.43224
 30
0.0
 10
-8.61445
 20
-4.43224
 30
0.0
 10
-8.61445
 20
-4.43224
 30
0.0
 10
-8.03799
 20
-4.54757
 30
0.0
 10
-8.03799
 20
-4.54757
 30
0.0
 10
-8.03799
 20
-4.54757
 30
0.0
 10
-8.04939
 20
-4.46797
 30
0.0
 10
-8.04939
 20
-4.46797
 30
0.0
 10
-8.04939
 20
-4.46797
 30
0.0
 10
-8.59495
 20
-4.37444
 30
0.0
 10
-8.59495
 20
-4.37444
 30
0.0
  0
SPLINE
  5
226
330
1F
100
AcDbEntity
  8
Plan 1
 62
   250
370
    20
100
AcDbSpline
210
0.0
220
0.0
230
1.0
 70
    11
 71
     3
 72
    20
 73
    16
 74
     0
 42
0.0000000001
 43
0.0000000001
 40
0.0
 40
0.0
 40
0.0
 40
0.0
 40
0.2
 40
0.2
 40
0.2
 40
0.4
 40
0.4
 40
0.4
 40
0.6000000000000001
 40
0.6000000000000001
 40
0.6000000000000001
 40
0.8
 40
0.8
 40
0.8
 40
1.0
 40
1.0
 40
1.0
 40
1.0
 10
-8.64349
 20
-4.51836
 30
0.0
 10
-8.64349
 20
-4.51836
 30
0.0
 10
-8.65472
 20
-4.55164
 30
0.0
 10
-8.65472
 20
-4.55164
 30
0.0
 10
-8.65472
 20
-4.55164
 30
0.0
 10
-8.0137
 20
-4.71726
 30
0.0
 10
-8.0137
 20
-4.71726
 30
0.0
 10
-8.0137
 20
-4.71726
 30
0.0
 10
-8.02445
 20
-4.6422
 30
0.0
 10
-8.02445
 20
-4.6422
 30
0.0
 10
-8.02464
 20
-4.64217
 30
0.0
 10
-8.02483
 20
-4.64213
 30
0.0
 10
-8.02502
 20
-4.64209
 30
0.0
 10
-8.02502
 20
-4.64209
 30
0.0
 10
-8.64349
 20
-4.51836
 30
0.0
 10
-8.64349
 20
-4.51836
 30
0.0
  0
SPLINE
  5
227
330
1F
100
AcDbEntity
  8
Plan 1
 62
   250
370
    20
100
AcDbSpline
210
0.0
220
0.0
230
1.0
 70
    11
 71
     3
 72
    20
 73
    16
 74
     0
 42
0.0000000001
 43
0.0000000001
 40
0.0
 40
0.0
 40
0.0
 40
0.0
 40
0.2
 40
0.2
 40
0.2
 40
0.4
 40
0.4
 40
0.4
 40
0.6000000000000001
 40
0.6000000000000001
 40
0.6000000000000001
 40
0.8
 40
0.8
 40
0.8
 40
1.0
 40
1.0
 40
1.0
 40
1.0
 10
-8.68368
 20
-4.63751
 30
0.0
 10
-8.68368
 20
-4.63751
 30
0.0
 10
-8.6985
 20
-4.68147
 30
0.0
 10
-8.6985
 20
-4.68147
 30
0.0
 10
-8.46417
 20
-4.77388
 30
0.0
 10
-8.22571
 20
-4.86145
 30
0.0
 10
-7.98175
 20
-4.94046
 30
0.0
 10
-7.98175
 20
-4.94046
 30
0.0
 10
-7.99984
 20
-4.81407
 30
0.0
 10
-7.99984
 20
-4.81407
 30
0.0
 10
-8.00101
 20
-4.81385
 30
0.0
 10
-8.00216
 20
-4.81359
 30
0.0
 10
-8.00331
 20
-4.8133
 30
0.0
 10
-8.00331
 20
-4.8133
 30
0.0
 10
-8.68368
 20
-4.63751
 30
0.0
 10
-8.68368
 20
-4.63751
 30
0.0
  0
SPLINE
  5
228
330
1F
100
AcDbEntity
  8
Plan 1
 62
   250
370
    20
100
AcDbSpline
210
0.0
220
0.0
230
1.0
 70
    11
 71
     3
 72
    20
 73
    16
 74
     0
 42
0.0000000001
 43
0.0000000001
 40
0.0
 40
0.0
 40
0.0
 40
0.0
 40
0.2
 40
0.2
 40
0.2
 40
0.4
 40
0.4
 40
0.4
 40
0.6000000000000001
 40
0.6000000000000001
 40
0.6000000000000001
 40
0.8
 40
0.8
 40
0.8
 40
1.0
 40
1.0
 40
1.0
 40
1.0
 10
-8.61742
 20
-4.86104
 30
0.0
 10
-8.61742
 20
-4.86104
 30
0.0
 10
-8.74341
 20
-5.19968
 30
0.0
 10
-8.74341
 20
-5.19968
 30
0.0
 10
-8.74341
 20
-5.19968
 30
0.0
 10
-8.68796
 20
-5.18461
 30
0.0
 10
-8.68796
 20
-5.18461
 30
0.0
 10
-8.68811
 20
-5.17825
 30
0.0
 10
-8.68682
 20
-5.17185
 30
0.0
 10
-8.68403
 20
-5.16584
 30
0.0
 10
-8.68403
 20
-5.16584
 30
0.0
 10
-8.55385
 20
-4.88521
 30
0.0
 10
-8.55385
 20
-4.88521
 30
0.0
 10
-8.57508
 20
-4.8772
 30
0.0
 10
-8.59627
 20
-4.86914
 30
0.0
 10
-8.61742
 20
-4.86104
 30
0.0
  0
SPLINE
  5
229
330
1F
100
AcDbEntity
  8
Plan 1
 62
   250
370
    20
100
AcDbSpline
210
0.0
220
0.0
230
1.0
 70
    11
 71
     3
 72
    20
 73
    16
 74
     0
 42
0.0000000001
 43
0.0000000001
 40
0.0
 40
0.0
 40
0.0
 40
0.0
 40
0.2
 40
0.2
 40
0.2
 40
0.4
 40
0.4
 40
0.4
 40
0.6000000000000001
 40
0.6000000000000001
 40
0.6000000000000001
 40
0.8
 40
0.8
 40
0.8
 40
1.0
 40
1.0
 40
1.0
 40
1.0
 10
-8.70794
 20
-4.82602
 30
0.0
 10
-8.72358
 20
-4.81991
 30
0.0
 10
-8.7392
 20
-4.81378
 30
0.0
 10
-8.7548
 20
-4.80762
 30
0.0
 10
-8.7548
 20
-4.80762
 30
0.0
 10
-9.01962
 20
-5.27476
 30
0.0
 10
-9.01962
 20
-5.27476
 30
0.0
 10
-9.01962
 20
-5.27476
 30
0.0
 10
-8.85506
 20
-5.23003
 30
0.0
 10
-8.85506
 20
-5.23003
 30
0.0
 10
-8.85518
 20
-5.22474
 30
0.0
 10
-8.8543
 20
-5.21943
 30
0.0
 10
-8.85241
 20
-5.21434
 30
0.0
 10
-8.85241
 20
-5.21434
 30
0.0
 10
-8.70794
 20
-4.82602
 30
0.0
 10
-8.70794
 20
-4.82602
 30
0.0
  0
SPLINE
  5
22A
330
1F
100
AcDbEntity
  8
Plan 1
 62
   250
370
    20
100
AcDbSpline
210
0.0
220
0.0
230
1.0
 70
    11
 71
     3
 72
    14
 73
    10
 74
     0
 42
0.0000000001
 43
0.0000000001
 40
0.0
 40
0.0
 40
0.0
 40
0.0
 40
0.3333333333333333
 40
0.3333333333333333
 40
0.3333333333333333
 40
0.6666666666666666
 40
0.6666666666666666
 40
0.6666666666666666
 40
1.0
 40
1.0
 40
1.0
 40
1.0
 10
-9.13905
 20
-5.48542
 30
0.0
 10
-9.13905
 20
-5.48542
 30
0.0
 10
-9.22851
 20
-5.64323
 30
0.0
 10
-9.22851
 20
-5.64323
 30
0.0
 10
-9.22851
 20
-5.64323
 30
0.0
 10
-8.93878
 20
-5.61784
 30
0.0
 10
-8.93878
 20
-5.61784
 30
0.0
 10
-8.93878
 20
-5.61784
 30
0.0
 10
-9.13905
 20
-5.48542
 30
0.0
 10
-9.13905
 20
-5.48542
 30
0.0
  0
SPLINE
  5
22B
330
1F
100
AcDbEntity
  8
Plan 1
 62
   250
370
    20
100
AcDbSpline
210
0.0
220
0.0
230
1.0
 70
    11
 71
     3
 72
    26
 73
    22
 74
     0
 42
0.0000000001
 43
0.0000000001
 40
0.0
 40
0.0
 40
0.0
 40
0.0
 40
0.1428571428571428
 40
0.1428571428571428
 40
0.1428571428571428
 40
0.2857142857142857
 40
0.2857142857142857
 40
0.2857142857142857
 40
0.4285714285714285
 40
0.4285714285714285
 40
0.4285714285714285
 40
0.5714285714285714
 40
0.5714285714285714
 40
0.5714285714285714
 40
0.7142857142857142
 40
0.7142857142857142
 40
0.7142857142857142
 40
0.8571428571428571
 40
0.8571428571428571
 40
0.8571428571428571
 40
1.0
 40
1.0
 40
1.0
 40
1.0
 10
-9.68495
 20
-5.99684
 30
0.0
 10
-9.68495
 20
-5.99684
 30
0.0
 10
-9.74503
 20
-5.93088
 30
0.0
 10
-9.74503
 20
-5.93088
 30
0.0
 10
-9.74503
 20
-5.93088
 30
0.0
 10
-10.01788
 20
-6.18114
 30
0.0
 10
-10.01788
 20
-6.18114
 30
0.0
 10
-10.02284
 20
-6.18569
 30
0.0
 10
-10.02909
 20
-6.18938
 30
0.0
 10
-10.03625
 20
-6.19165
 30
0.0
 10
-10.03625
 20
-6.19165
 30
0.0
 10
-10.03625
 20
-6.3639
 30
0.0
 10
-10.03625
 20
-6.3639
 30
0.0
 10
-10.03625
 20
-6.3639
 30
0.0
 10
-9.93643
 20
-6.34698
 30
0.0
 10
-9.93643
 20
-6.34698
 30
0.0
 10
-9.93579
 20
-6.33937
 30
0.0
 10
-9.93308
 20
-6.33181
 30
0.0
 10
-9.92813
 20
-6.32513
 30
0.0
 10
-9.92813
 20
-6.32513
 30
0.0
 10
-9.68495
 20
-5.99684
 30
0.0
 10
-9.68495
 20
-5.99684
 30
0.0
  0
SPLINE
  5
22C
330
1F
100
AcDbEntity
  8
Plan 1
 62
   250
370
    20
100
AcDbSpline
210
0.0
220
0.0
230
1.0
 70
    11
 71
     3
 72
    20
 73
    16
 74
     0
 42
0.0000000001
 43
0.0000000001
 40
0.0
 40
0.0
 40
0.0
 40
0.0
 40
0.2
 40
0.2
 40
0.2
 40
0.4
 40
0.4
 40
0.4
 40
0.6000000000000001
 40
0.6000000000000001
 40
0.6000000000000001
 40
0.8
 40
0.8
 40
0.8
 40
1.0
 40
1.0
 40
1.0
 40
1.0
 10
-5.38962
 20
-1.23384
 30
0.0
 10
-5.38834
 20
-1.23172
 30
0.0
 10
-5.38686
 20
-1.22968
 30
0.0
 10
-5.38515
 20
-1.22772
 30
0.0
 10
-5.38515
 20
-1.22772
 30
0.0
 10
-5.04353
 20
-0.83486
 30
0.0
 10
-5.04353
 20
-0.83486
 30
0.0
 10
-5.04353
 20
-0.83486
 30
0.0
 10
-5.17648
 20
-0.72673
 30
0.0
 10
-5.17648
 20
-0.72673
 30
0.0
 10
-5.17648
 20
-0.72673
 30
0.0
 10
-5.42763
 20
-1.22504
 30
0.0
 10
-5.42763
 20
-1.22504
 30
0.0
 10
-5.41496
 20
-1.22797
 30
0.0
 10
-5.40229
 20
-1.2309
 30
0.0
 10
-5.38962
 20
-1.23384
 30
0.0
  0
SPLINE
  5
22D
330
1F
100
AcDbEntity
  8
Plan 1
 62
   250
370
    20
100
AcDbSpline
210
0.0
220
0.0
230
1.0
 70
    11
 71
     3
 72
    14
 73
    10
 74
     0
 42
0.0000000001
 43
0.0000000001
 40
0.0
 40
0.0
 40
0.0
 40
0.0
 40
0.3333333333333333
 40
0.3333333333333333
 40
0.3333333333333333
 40
0.6666666666666666
 40
0.6666666666666666
 40
0.6666666666666666
 40
1.0
 40
1.0
 40
1.0
 40
1.0
 10
-6.40789
 20
-2.06169
 30
0.0
 10
-6.40789
 20
-2.06169
 30
0.0
 10
-6.96341
 20
-2.56509
 30
0.0
 10
-6.96341
 20
-2.56509
 30
0.0
 10
-6.96341
 20
-2.56509
 30
0.0
 10
-6.24065
 20
-2.26486
 30
0.0
 10
-6.24065
 20
-2.26486
 30
0.0
 10
-6.24065
 20
-2.26486
 30
0.0
 10
-6.40789
 20
-2.06169
 30
0.0
 10
-6.40789
 20
-2.06169
 30
0.0
  0
SPLINE
  5
22E
330
1F
100
AcDbEntity
  8
Plan 1
 62
   250
370
    20
100
AcDbSpline
210
0.0
220
0.0
230
1.0
 70
    11
 71
     3
 72
    14
 73
    10
 74
     0
 42
0.0000000001
 43
0.0000000001
 40
0.0
 40
0.0
 40
0.0
 40
0.0
 40
0.3333333333333333
 40
0.3333333333333333
 40
0.3333333333333333
 40
0.6666666666666666
 40
0.6666666666666666
 40
0.6666666666666666
 40
1.0
 40
1.0
 40
1.0
 40
1.0
 10
-9.14737
 20
-4.93497
 30
0.0
 10
-9.14737
 20
-4.93497
 30
0.0
 10
-9.06087
 20
-5.05855
 30
0.0
 10
-9.06087
 20
-5.05855
 30
0.0
 10
-9.06087
 20
-5.05855
 30
0.0
 10
-8.94637
 20
-4.85658
 30
0.0
 10
-8.94637
 20
-4.85658
 30
0.0
 10
-8.94637
 20
-4.85658
 30
0.0
 10
-9.14737
 20
-4.93497
 30
0.0
 10
-9.14737
 20
-4.93497
 30
0.0
  0
SPLINE
  5
22F
330
1F
100
AcDbEntity
  8
Plan 1
 62
   250
370
    20
100
AcDbSpline
210
0.0
220
0.0
230
1.0
 70
    11
 71
     3
 72
    20
 73
    16
 74
     0
 42
0.0000000001
 43
0.0000000001
 40
0.0
 40
0.0
 40
0.0
 40
0.0
 40
0.2
 40
0.2
 40
0.2
 40
0.4
 40
0.4
 40
0.4
 40
0.6000000000000001
 40
0.6000000000000001
 40
0.6000000000000001
 40
0.8
 40
0.8
 40
0.8
 40
1.0
 40
1.0
 40
1.0
 40
1.0
 10
-9.86704
 20
-5.79694
 30
0.0
 10
-9.86704
 20
-5.79694
 30
0.0
 10
-10.01363
 20
-5.97365
 30
0.0
 10
-10.01363
 20
-5.97365
 30
0.0
 10
-10.01905
 20
-5.98018
 30
0.0
 10
-10.02681
 20
-5.98563
 30
0.0
 10
-10.03625
 20
-5.98862
 30
0.0
 10
-10.03625
 20
-5.98862
 30
0.0
 10
-10.03625
 20
-6.07061
 30
0.0
 10
-10.03625
 20
-6.07061
 30
0.0
 10
-10.03625
 20
-6.07061
 30
0.0
 10
-9.80825
 20
-5.86148
 30
0.0
 10
-9.80825
 20
-5.86148
 30
0.0
 10
-9.80825
 20
-5.86148
 30
0.0
 10
-9.86704
 20
-5.79694
 30
0.0
 10
-9.86704
 20
-5.79694
 30
0.0
  0
SPLINE
  5
230
330
1F
100
AcDbEntity
  8
Plan 1
 62
   250
370
    20
100
AcDbSpline
210
0.0
220
0.0
230
1.0
 70
    11
 71
     3
 72
    14
 73
    10
 74
     0
 42
0.0000000001
 43
0.0000000001
 40
0.0
 40
0.0
 40
0.0
 40
0.0
 40
0.3333333333333333
 40
0.3333333333333333
 40
0.3333333333333333
 40
0.6666666666666666
 40
0.6666666666666666
 40
0.6666666666666666
 40
1.0
 40
1.0
 40
1.0
 40
1.0
 10
0.0474
 20
3.05619
 30
0.0
 10
0.07526
 20
3.09611
 30
0.0
 10
0.10311
 20
3.13604
 30
0.0
 10
0.13096
 20
3.17596
 30
0.0
 10
0.07081
 20
3.14792
 30
0.0
 10
0.01067
 20
3.11988
 30
0.0
 10
-0.04947
 20
3.09185
 30
0.0
 10
-0.04947
 20
3.09185
 30
0.0
 10
0.0474
 20
3.05619
 30
0.0
 10
0.0474
 20
3.05619
 30
0.0
  0
SPLINE
  5
231
330
1F
100
AcDbEntity
  8
Plan 1
 62
   250
370
    20
100
AcDbSpline
210
0.0
220
0.0
230
1.0
 70
    11
 71
     3
 72
    23
 73
    19
 74
     0
 42
0.0000000001
 43
0.0000000001
 40
0.0
 40
0.0
 40
0.0
 40
0.0
 40
0.1666666666666667
 40
0.1666666666666667
 40
0.1666666666666667
 40
0.3333333333333333
 40
0.3333333333333333
 40
0.3333333333333333
 40
0.5
 40
0.5
 40
0.5
 40
0.6666666666666666
 40
0.6666666666666666
 40
0.6666666666666666
 40
0.8333333333333333
 40
0.8333333333333333
 40
0.8333333333333333
 40
1.0
 40
1.0
 40
1.0
 40
1.0
 10
-0.05661
 20
2.9071
 30
0.0
 10
-0.03986
 20
2.9311
 30
0.0
 10
-0.02312
 20
2.9551
 30
0.0
 10
-0.00638
 20
2.9791
 30
0.0
 10
-0.00638
 20
2.9791
 30
0.0
 10
-0.14274
 20
3.02928
 30
0.0
 10
-0.14274
 20
3.02928
 30
0.0
 10
-0.14981
 20
3.03188
 30
0.0
 10
-0.1556
 20
3.03573
 30
0.0
 10
-0.16014
 20
3.04026
 30
0.0
 10
-0.2142
 20
3.01506
 30
0.0
 10
-0.26825
 20
2.98986
 30
0.0
 10
-0.32231
 20
2.96466
 30
0.0
 10
-0.32231
 20
2.96466
 30
0.0
 10
-0.05721
 20
2.90724
 30
0.0
 10
-0.05721
 20
2.90724
 30
0.0
 10
-0.05701
 20
2.90719
 30
0.0
 10
-0.05681
 20
2.90715
 30
0.0
 10
-0.05661
 20
2.9071
 30
0.0
  0
SPLINE
  5
232
330
1F
100
AcDbEntity
  8
Plan 1
 62
   250
370
    20
100
AcDbSpline
210
0.0
220
0.0
230
1.0
 70
    11
 71
     3
 72
    14
 73
    10
 74
     0
 42
0.0000000001
 43
0.0000000001
 40
0.0
 40
0.0
 40
0.0
 40
0.0
 40
0.3333333333333333
 40
0.3333333333333333
 40
0.3333333333333333
 40
0.6666666666666666
 40
0.6666666666666666
 40
0.6666666666666666
 40
1.0
 40
1.0
 40
1.0
 40
1.0
 10
-0.58424
 20
2.4358
 30
0.0
 10
-0.58424
 20
2.4358
 30
0.0
 10
-0.55723
 20
2.26094
 30
0.0
 10
-0.55723
 20
2.26094
 30
0.0
 10
-0.50842
 20
2.31616
 30
0.0
 10
-0.45961
 20
2.37138
 30
0.0
 10
-0.41079
 20
2.4266
 30
0.0
 10
-0.46861
 20
2.42967
 30
0.0
 10
-0.52642
 20
2.43273
 30
0.0
 10
-0.58424
 20
2.4358
 30
0.0
  0
SPLINE
  5
233
330
1F
100
AcDbEntity
  8
Plan 1
 62
   250
370
    20
100
AcDbSpline
210
0.0
220
0.0
230
1.0
 70
    11
 71
     3
 72
    20
 73
    16
 74
     0
 42
0.0000000001
 43
0.0000000001
 40
0.0
 40
0.0
 40
0.0
 40
0.0
 40
0.2
 40
0.2
 40
0.2
 40
0.4
 40
0.4
 40
0.4
 40
0.6000000000000001
 40
0.6000000000000001
 40
0.6000000000000001
 40
0.8
 40
0.8
 40
0.8
 40
1.0
 40
1.0
 40
1.0
 40
1.0
 10
-0.68394
 20
2.44109
 30
0.0
 10
-0.72111
 20
2.44306
 30
0.0
 10
-0.75828
 20
2.44504
 30
0.0
 10
-0.79546
 20
2.44701
 30
0.0
 10
-0.79546
 20
2.44701
 30
0.0
 10
-0.73451
 20
2.0604
 30
0.0
 10
-0.73451
 20
2.0604
 30
0.0
 10
-0.70218
 20
2.09698
 30
0.0
 10
-0.66985
 20
2.13356
 30
0.0
 10
-0.63751
 20
2.17014
 30
0.0
 10
-0.64152
 20
2.1758
 30
0.0
 10
-0.64393
 20
2.18206
 30
0.0
 10
-0.6449
 20
2.18832
 30
0.0
 10
-0.6449
 20
2.18832
 30
0.0
 10
-0.68394
 20
2.44109
 30
0.0
 10
-0.68394
 20
2.44109
 30
0.0
  0
SPLINE
  5
234
330
1F
100
AcDbEntity
  8
Plan 1
 62
   250
370
    20
100
AcDbSpline
210
0.0
220
0.0
230
1.0
 70
    11
 71
     3
 72
    20
 73
    16
 74
     0
 42
0.0000000001
 43
0.0000000001
 40
0.0
 40
0.0
 40
0.0
 40
0.0
 40
0.2
 40
0.2
 40
0.2
 40
0.4
 40
0.4
 40
0.4
 40
0.6000000000000001
 40
0.6000000000000001
 40
0.6000000000000001
 40
0.8
 40
0.8
 40
0.8
 40
1.0
 40
1.0
 40
1.0
 40
1.0
 10
-6.20258
 20
-4.61662
 30
0.0
 10
-6.20258
 20
-4.61662
 30
0.0
 10
-6.23037
 20
-4.78151
 30
0.0
 10
-6.23037
 20
-4.78151
 30
0.0
 10
-6.23037
 20
-4.78151
 30
0.0
 10
-4.98975
 20
-4.57859
 30
0.0
 10
-4.98975
 20
-4.57859
 30
0.0
 10
-4.98975
 20
-4.57859
 30
0.0
 10
-5.11409
 20
-4.38678
 30
0.0
 10
-5.11409
 20
-4.38678
 30
0.0
 10
-5.11409
 20
-4.38678
 30
0.0
 10
-6.20032
 20
-4.61619
 30
0.0
 10
-6.20032
 20
-4.61619
 30
0.0
 10
-6.20107
 20
-4.61635
 30
0.0
 10
-6.20182
 20
-4.61649
 30
0.0
 10
-6.20258
 20
-4.61662
 30
0.0
  0
SPLINE
  5
235
330
1F
100
AcDbEntity
  8
Plan 1
 62
   250
370
    20
100
AcDbSpline
210
0.0
220
0.0
230
1.0
 70
    11
 71
     3
 72
    23
 73
    19
 74
     0
 42
0.0000000001
 43
0.0000000001
 40
0.0
 40
0.0
 40
0.0
 40
0.0
 40
0.1666666666666667
 40
0.1666666666666667
 40
0.1666666666666667
 40
0.3333333333333333
 40
0.3333333333333333
 40
0.3333333333333333
 40
0.5
 40
0.5
 40
0.5
 40
0.6666666666666666
 40
0.6666666666666666
 40
0.6666666666666666
 40
0.8333333333333333
 40
0.8333333333333333
 40
0.8333333333333333
 40
1.0
 40
1.0
 40
1.0
 40
1.0
 10
-6.04225
 20
-5.3549
 30
0.0
 10
-6.0491
 20
-5.35934
 30
0.0
 10
-6.05756
 20
-5.36238
 30
0.0
 10
-6.06732
 20
-5.36296
 30
0.0
 10
-6.06732
 20
-5.36296
 30
0.0
 10
-6.42043
 20
-5.38428
 30
0.0
 10
-6.42043
 20
-5.38428
 30
0.0
 10
-6.42288
 20
-5.38442
 30
0.0
 10
-6.42531
 20
-5.38441
 30
0.0
 10
-6.42769
 20
-5.38423
 30
0.0
 10
-6.42769
 20
-5.38423
 30
0.0
 10
-6.47017
 20
-5.47396
 30
0.0
 10
-6.47017
 20
-5.47396
 30
0.0
 10
-6.47017
 20
-5.47396
 30
0.0
 10
-5.89768
 20
-5.45821
 30
0.0
 10
-5.89768
 20
-5.45821
 30
0.0
 10
-5.89768
 20
-5.45821
 30
0.0
 10
-6.04225
 20
-5.3549
 30
0.0
 10
-6.04225
 20
-5.3549
 30
0.0
  0
SPLINE
  5
236
330
1F
100
AcDbEntity
  8
Plan 1
 62
   250
370
    20
100
AcDbSpline
210
0.0
220
0.0
230
1.0
 70
    11
 71
     3
 72
    29
 73
    25
 74
     0
 42
0.0000000001
 43
0.0000000001
 40
0.0
 40
0.0
 40
0.0
 40
0.0
 40
0.125
 40
0.125
 40
0.125
 40
0.25
 40
0.25
 40
0.25
 40
0.375
 40
0.375
 40
0.375
 40
0.5
 40
0.5
 40
0.5
 40
0.625
 40
0.625
 40
0.625
 40
0.75
 40
0.75
 40
0.75
 40
0.875
 40
0.875
 40
0.875
 40
1.0
 40
1.0
 40
1.0
 40
1.0
 10
-5.8701
 20
-5.73057
 30
0.0
 10
-5.78758
 20
-5.70567
 30
0.0
 10
-5.70541
 20
-5.68018
 30
0.0
 10
-5.62361
 20
-5.65409
 30
0.0
 10
-5.62361
 20
-5.65409
 30
0.0
 10
-5.78667
 20
-5.53755
 30
0.0
 10
-5.78667
 20
-5.53755
 30
0.0
 10
-5.79397
 20
-5.54229
 30
0.0
 10
-5.80307
 20
-5.54541
 30
0.0
 10
-5.81354
 20
-5.5457
 30
0.0
 10
-5.81354
 20
-5.5457
 30
0.0
 10
-6.50766
 20
-5.56479
 30
0.0
 10
-6.50766
 20
-5.56479
 30
0.0
 10
-6.50949
 20
-5.56484
 30
0.0
 10
-6.51131
 20
-5.5648
 30
0.0
 10
-6.51312
 20
-5.56467
 30
0.0
 10
-6.51312
 20
-5.56467
 30
0.0
 10
-6.56733
 20
-5.67917
 30
0.0
 10
-6.56733
 20
-5.67917
 30
0.0
 10
-6.56733
 20
-5.67917
 30
0.0
 10
-5.90832
 20
-5.71059
 30
0.0
 10
-5.90832
 20
-5.71059
 30
0.0
 10
-5.89067
 20
-5.71143
 30
0.0
 10
-5.8777
 20
-5.71997
 30
0.0
 10
-5.8701
 20
-5.73057
 30
0.0
  0
SPLINE
  5
237
330
1F
100
AcDbEntity
  8
Plan 1
 62
   250
370
    20
100
AcDbSpline
210
0.0
220
0.0
230
1.0
 70
    11
 71
     3
 72
    23
 73
    19
 74
     0
 42
0.0000000001
 43
0.0000000001
 40
0.0
 40
0.0
 40
0.0
 40
0.0
 40
0.1666666666666667
 40
0.1666666666666667
 40
0.1666666666666667
 40
0.3333333333333333
 40
0.3333333333333333
 40
0.3333333333333333
 40
0.5
 40
0.5
 40
0.5
 40
0.6666666666666666
 40
0.6666666666666666
 40
0.6666666666666666
 40
0.8333333333333333
 40
0.8333333333333333
 40
0.8333333333333333
 40
1.0
 40
1.0
 40
1.0
 40
1.0
 10
-6.60893
 20
-5.76705
 30
0.0
 10
-6.60893
 20
-5.76705
 30
0.0
 10
-6.62236
 20
-5.79541
 30
0.0
 10
-6.62236
 20
-5.79541
 30
0.0
 10
-6.62236
 20
-5.79541
 30
0.0
 10
-6.37907
 20
-5.84727
 30
0.0
 10
-6.37907
 20
-5.84727
 30
0.0
 10
-6.36493
 20
-5.85028
 30
0.0
 10
-6.35483
 20
-5.85814
 30
0.0
 10
-6.34871
 20
-5.86736
 30
0.0
 10
-6.25862
 20
-5.84302
 30
0.0
 10
-6.16889
 20
-5.818
 30
0.0
 10
-6.07955
 20
-5.7923
 30
0.0
 10
-6.07955
 20
-5.7923
 30
0.0
 10
-6.6076
 20
-5.76713
 30
0.0
 10
-6.6076
 20
-5.76713
 30
0.0
 10
-6.60804
 20
-5.76711
 30
0.0
 10
-6.60849
 20
-5.76708
 30
0.0
 10
-6.60893
 20
-5.76705
 30
0.0
  0
SPLINE
  5
238
330
1F
100
AcDbEntity
  8
Plan 1
 62
   250
370
    20
100
AcDbSpline
210
0.0
220
0.0
230
1.0
 70
    11
 71
     3
 72
    20
 73
    16
 74
     0
 42
0.0000000001
 43
0.0000000001
 40
0.0
 40
0.0
 40
0.0
 40
0.0
 40
0.2
 40
0.2
 40
0.2
 40
0.4
 40
0.4
 40
0.4
 40
0.6000000000000001
 40
0.6000000000000001
 40
0.6000000000000001
 40
0.8
 40
0.8
 40
0.8
 40
1.0
 40
1.0
 40
1.0
 40
1.0
 10
-6.68577
 20
-6.09636
 30
0.0
 10
-6.6435
 20
-6.13632
 30
0.0
 10
-6.60123
 20
-6.17628
 30
0.0
 10
-6.55896
 20
-6.21624
 30
0.0
 10
-6.55313
 20
-6.21357
 30
0.0
 10
-6.54647
 20
-6.21188
 30
0.0
 10
-6.53918
 20
-6.21157
 30
0.0
 10
-6.53918
 20
-6.21157
 30
0.0
 10
-6.24137
 20
-6.19908
 30
0.0
 10
-6.24137
 20
-6.19908
 30
0.0
 10
-6.24137
 20
-6.19908
 30
0.0
 10
-6.30789
 20
-5.99871
 30
0.0
 10
-6.30789
 20
-5.99871
 30
0.0
 10
-6.43317
 20
-6.03256
 30
0.0
 10
-6.55915
 20
-6.06511
 30
0.0
 10
-6.68577
 20
-6.09636
 30
0.0
  0
SPLINE
  5
239
330
1F
100
AcDbEntity
  8
Plan 1
 62
   250
370
    20
100
AcDbSpline
210
0.0
220
0.0
230
1.0
 70
    11
 71
     3
 72
    17
 73
    13
 74
     0
 42
0.0000000001
 43
0.0000000001
 40
0.0
 40
0.0
 40
0.0
 40
0.0
 40
0.25
 40
0.25
 40
0.25
 40
0.5
 40
0.5
 40
0.5
 40
0.75
 40
0.75
 40
0.75
 40
1.0
 40
1.0
 40
1.0
 40
1.0
 10
-6.09148
 20
-6.28265
 30
0.0
 10
-6.09148
 20
-6.28265
 30
0.0
 10
-6.1357
 20
-6.2845
 30
0.0
 10
-6.1357
 20
-6.2845
 30
0.0
 10
-6.1357
 20
-6.2845
 30
0.0
 10
-6.16571
 20
-6.42107
 30
0.0
 10
-6.16571
 20
-6.42107
 30
0.0
 10
-6.16571
 20
-6.42107
 30
0.0
 10
-6.14573
 20
-6.42425
 30
0.0
 10
-6.14573
 20
-6.42425
 30
0.0
 10
-6.14573
 20
-6.42425
 30
0.0
 10
-6.09148
 20
-6.28265
 30
0.0
 10
-6.09148
 20
-6.28265
 30
0.0
  0
SPLINE
  5
23A
330
1F
100
AcDbEntity
  8
Plan 1
 62
   250
370
    20
100
AcDbSpline
210
0.0
220
0.0
230
1.0
 70
    11
 71
     3
 72
    17
 73
    13
 74
     0
 42
0.0000000001
 43
0.0000000001
 40
0.0
 40
0.0
 40
0.0
 40
0.0
 40
0.25
 40
0.25
 40
0.25
 40
0.5
 40
0.5
 40
0.5
 40
0.75
 40
0.75
 40
0.75
 40
1.0
 40
1.0
 40
1.0
 40
1.0
 10
-6.23652
 20
-6.28873
 30
0.0
 10
-6.23652
 20
-6.28873
 30
0.0
 10
-6.47183
 20
-6.2986
 30
0.0
 10
-6.47183
 20
-6.2986
 30
0.0
 10
-6.44056
 20
-6.32816
 30
0.0
 10
-6.4093
 20
-6.35773
 30
0.0
 10
-6.37804
 20
-6.38729
 30
0.0
 10
-6.37804
 20
-6.38729
 30
0.0
 10
-6.26223
 20
-6.40572
 30
0.0
 10
-6.26223
 20
-6.40572
 30
0.0
 10
-6.26223
 20
-6.40572
 30
0.0
 10
-6.23652
 20
-6.28873
 30
0.0
 10
-6.23652
 20
-6.28873
 30
0.0
  0
SPLINE
  5
23B
330
1F
100
AcDbEntity
  8
Plan 1
 62
   250
370
    20
100
AcDbSpline
210
0.0
220
0.0
230
1.0
 70
    11
 71
     3
 72
    23
 73
    19
 74
     0
 42
0.0000000001
 43
0.0000000001
 40
0.0
 40
0.0
 40
0.0
 40
0.0
 40
0.1666666666666667
 40
0.1666666666666667
 40
0.1666666666666667
 40
0.3333333333333333
 40
0.3333333333333333
 40
0.3333333333333333
 40
0.5
 40
0.5
 40
0.5
 40
0.6666666666666666
 40
0.6666666666666666
 40
0.6666666666666666
 40
0.8333333333333333
 40
0.8333333333333333
 40
0.8333333333333333
 40
1.0
 40
1.0
 40
1.0
 40
1.0
 10
-0.05185
 20
4.10416
 30
0.0
 10
-0.05477
 20
4.09769
 30
0.0
 10
-0.05944
 20
4.09161
 30
0.0
 10
-0.06604
 20
4.08672
 30
0.0
 10
-0.06604
 20
4.08672
 30
0.0
 10
-0.25777
 20
3.94475
 30
0.0
 10
-0.25777
 20
3.94475
 30
0.0
 10
-0.22545
 20
3.91742
 30
0.0
 10
-0.19313
 20
3.89008
 30
0.0
 10
-0.16081
 20
3.86274
 30
0.0
 10
-0.16081
 20
3.86274
 30
0.0
 10
0.07161
 20
4.00569
 30
0.0
 10
0.07161
 20
4.00569
 30
0.0
 10
0.04615
 20
4.03651
 30
0.0
 10
0.02068
 20
4.06732
 30
0.0
 10
-0.00479
 20
4.09813
 30
0.0
 10
-0.02048
 20
4.10014
 30
0.0
 10
-0.03617
 20
4.10215
 30
0.0
 10
-0.05185
 20
4.10416
 30
0.0
  0
SPLINE
  5
23C
330
1F
100
AcDbEntity
  8
Plan 1
 62
   250
370
    20
100
AcDbSpline
210
0.0
220
0.0
230
1.0
 70
    11
 71
     3
 72
    23
 73
    19
 74
     0
 42
0.0000000001
 43
0.0000000001
 40
0.0
 40
0.0
 40
0.0
 40
0.0
 40
0.1666666666666667
 40
0.1666666666666667
 40
0.1666666666666667
 40
0.3333333333333333
 40
0.3333333333333333
 40
0.3333333333333333
 40
0.5
 40
0.5
 40
0.5
 40
0.6666666666666666
 40
0.6666666666666666
 40
0.6666666666666666
 40
0.8333333333333333
 40
0.8333333333333333
 40
0.8333333333333333
 40
1.0
 40
1.0
 40
1.0
 40
1.0
 10
-1.40126
 20
2.47495
 30
0.0
 10
-1.40162
 20
2.4719
 30
0.0
 10
-1.40233
 20
2.46887
 30
0.0
 10
-1.40337
 20
2.46591
 30
0.0
 10
-1.40337
 20
2.46591
 30
0.0
 10
-1.55709
 20
2.02939
 30
0.0
 10
-1.55709
 20
2.02939
 30
0.0
 10
-1.51777
 20
2.01657
 30
0.0
 10
-1.47845
 20
2.00375
 30
0.0
 10
-1.43912
 20
1.99093
 30
0.0
 10
-1.43912
 20
1.99093
 30
0.0
 10
-1.32072
 20
2.47488
 30
0.0
 10
-1.32072
 20
2.47488
 30
0.0
 10
-1.34024
 20
2.47592
 30
0.0
 10
-1.35976
 20
2.47696
 30
0.0
 10
-1.37928
 20
2.478
 30
0.0
 10
-1.37928
 20
2.478
 30
0.0
 10
-1.40126
 20
2.47495
 30
0.0
 10
-1.40126
 20
2.47495
 30
0.0
  0
SPLINE
  5
23D
330
1F
100
AcDbEntity
  8
Plan 1
 62
   250
370
    20
100
AcDbSpline
210
0.0
220
0.0
230
1.0
 70
    11
 71
     3
 72
    20
 73
    16
 74
     0
 42
0.0000000001
 43
0.0000000001
 40
0.0
 40
0.0
 40
0.0
 40
0.0
 40
0.2
 40
0.2
 40
0.2
 40
0.4
 40
0.4
 40
0.4
 40
0.6000000000000001
 40
0.6000000000000001
 40
0.6000000000000001
 40
0.8
 40
0.8
 40
0.8
 40
1.0
 40
1.0
 40
1.0
 40
1.0
 10
-1.50839
 20
2.46008
 30
0.0
 10
-1.50839
 20
2.46008
 30
0.0
 10
-1.64407
 20
2.44124
 30
0.0
 10
-1.64407
 20
2.44124
 30
0.0
 10
-1.64448
 20
2.43778
 30
0.0
 10
-1.64533
 20
2.43435
 30
0.0
 10
-1.64662
 20
2.431
 30
0.0
 10
-1.64662
 20
2.431
 30
0.0
 10
-1.77433
 20
2.1002
 30
0.0
 10
-1.77433
 20
2.1002
 30
0.0
 10
-1.7327
 20
2.08663
 30
0.0
 10
-1.69108
 20
2.07306
 30
0.0
 10
-1.64946
 20
2.0595
 30
0.0
 10
-1.64946
 20
2.0595
 30
0.0
 10
-1.50839
 20
2.46008
 30
0.0
 10
-1.50839
 20
2.46008
 30
0.0
  0
SPLINE
  5
23E
330
1F
100
AcDbEntity
  8
Plan 1
 62
   250
370
    20
100
AcDbSpline
210
0.0
220
0.0
230
1.0
 70
    11
 71
     3
 72
    14
 73
    10
 74
     0
 42
0.0000000001
 43
0.0000000001
 40
0.0
 40
0.0
 40
0.0
 40
0.0
 40
0.3333333333333333
 40
0.3333333333333333
 40
0.3333333333333333
 40
0.6666666666666666
 40
0.6666666666666666
 40
0.6666666666666666
 40
1.0
 40
1.0
 40
1.0
 40
1.0
 10
-3.67484
 20
-0.0874
 30
0.0
 10
-3.67484
 20
-0.0874
 30
0.0
 10
-3.82091
 20
-0.39865
 30
0.0
 10
-3.82091
 20
-0.39865
 30
0.0
 10
-3.82091
 20
-0.39865
 30
0.0
 10
-3.63867
 20
-0.37803
 30
0.0
 10
-3.63867
 20
-0.37803
 30
0.0
 10
-3.65094
 20
-0.28117
 30
0.0
 10
-3.663
 20
-0.18429
 30
0.0
 10
-3.67484
 20
-0.0874
 30
0.0
  0
SPLINE
  5
23F
330
1F
100
AcDbEntity
  8
Plan 1
 62
   250
370
    20
100
AcDbSpline
210
0.0
220
0.0
230
1.0
 70
    11
 71
     3
 72
    20
 73
    16
 74
     0
 42
0.0000000001
 43
0.0000000001
 40
0.0
 40
0.0
 40
0.0
 40
0.0
 40
0.2
 40
0.2
 40
0.2
 40
0.4
 40
0.4
 40
0.4
 40
0.6000000000000001
 40
0.6000000000000001
 40
0.6000000000000001
 40
0.8
 40
0.8
 40
0.8
 40
1.0
 40
1.0
 40
1.0
 40
1.0
 10
-4.55964
 20
-1.22844
 30
0.0
 10
-4.55964
 20
-1.22844
 30
0.0
 10
-4.74929
 20
-1.07418
 30
0.0
 10
-4.74929
 20
-1.07418
 30
0.0
 10
-4.74929
 20
-1.07418
 30
0.0
 10
-4.95422
 20
-1.33525
 30
0.0
 10
-4.95422
 20
-1.33525
 30
0.0
 10
-4.85948
 20
-1.35744
 30
0.0
 10
-4.76478
 20
-1.37971
 30
0.0
 10
-4.67011
 20
-1.40204
 30
0.0
 10
-4.66997
 20
-1.40182
 30
0.0
 10
-4.66984
 20
-1.4016
 30
0.0
 10
-4.6697
 20
-1.40139
 30
0.0
 10
-4.6697
 20
-1.40139
 30
0.0
 10
-4.55964
 20
-1.22844
 30
0.0
 10
-4.55964
 20
-1.22844
 30
0.0
  0
SPLINE
  5
240
330
1F
100
AcDbEntity
  8
Plan 1
 62
   250
370
    20
100
AcDbSpline
210
0.0
220
0.0
230
1.0
 70
    11
 71
     3
 72
    23
 73
    19
 74
     0
 42
0.0000000001
 43
0.0000000001
 40
0.0
 40
0.0
 40
0.0
 40
0.0
 40
0.1666666666666667
 40
0.1666666666666667
 40
0.1666666666666667
 40
0.3333333333333333
 40
0.3333333333333333
 40
0.3333333333333333
 40
0.5
 40
0.5
 40
0.5
 40
0.6666666666666666
 40
0.6666666666666666
 40
0.6666666666666666
 40
0.8333333333333333
 40
0.8333333333333333
 40
0.8333333333333333
 40
1.0
 40
1.0
 40
1.0
 40
1.0
 10
-4.79271
 20
-1.51421
 30
0.0
 10
-4.79276
 20
-1.51429
 30
0.0
 10
-4.7928
 20
-1.51437
 30
0.0
 10
-4.79285
 20
-1.51445
 30
0.0
 10
-4.79285
 20
-1.51445
 30
0.0
 10
-4.81938
 20
-1.55728
 30
0.0
 10
-4.81938
 20
-1.55728
 30
0.0
 10
-4.81938
 20
-1.55728
 30
0.0
 10
-4.30545
 20
-1.70504
 30
0.0
 10
-4.30545
 20
-1.70504
 30
0.0
 10
-4.29587
 20
-1.70779
 30
0.0
 10
-4.28836
 20
-1.71281
 30
0.0
 10
-4.28288
 20
-1.71883
 30
0.0
 10
-4.24011
 20
-1.70107
 30
0.0
 10
-4.19736
 20
-1.68329
 30
0.0
 10
-4.15461
 20
-1.66549
 30
0.0
 10
-4.36717
 20
-1.61477
 30
0.0
 10
-4.57986
 20
-1.56432
 30
0.0
 10
-4.79271
 20
-1.51421
 30
0.0
  0
SPLINE
  5
241
330
1F
100
AcDbEntity
  8
Plan 1
 62
   250
370
    20
100
AcDbSpline
210
0.0
220
0.0
230
1.0
 70
    11
 71
     3
 72
    20
 73
    16
 74
     0
 42
0.0000000001
 43
0.0000000001
 40
0.0
 40
0.0
 40
0.0
 40
0.0
 40
0.2
 40
0.2
 40
0.2
 40
0.4
 40
0.4
 40
0.4
 40
0.6000000000000001
 40
0.6000000000000001
 40
0.6000000000000001
 40
0.8
 40
0.8
 40
0.8
 40
1.0
 40
1.0
 40
1.0
 40
1.0
 10
-4.8689
 20
-1.63722
 30
0.0
 10
-4.8689
 20
-1.63722
 30
0.0
 10
-4.93447
 20
-1.74309
 30
0.0
 10
-4.93447
 20
-1.74309
 30
0.0
 10
-4.93447
 20
-1.74309
 30
0.0
 10
-4.58695
 20
-1.81934
 30
0.0
 10
-4.58695
 20
-1.81934
 30
0.0
 10
-4.57581
 20
-1.82179
 30
0.0
 10
-4.56716
 20
-1.82728
 30
0.0
 10
-4.56104
 20
-1.83405
 30
0.0
 10
-4.50953
 20
-1.81277
 30
0.0
 10
-4.45804
 20
-1.79147
 30
0.0
 10
-4.40658
 20
-1.77015
 30
0.0
 10
-4.40658
 20
-1.77015
 30
0.0
 10
-4.8689
 20
-1.63722
 30
0.0
 10
-4.8689
 20
-1.63722
 30
0.0
  0
SPLINE
  5
242
330
1F
100
AcDbEntity
  8
Plan 1
 62
   250
370
    20
100
AcDbSpline
210
0.0
220
0.0
230
1.0
 70
    11
 71
     3
 72
    23
 73
    19
 74
     0
 42
0.0000000001
 43
0.0000000001
 40
0.0
 40
0.0
 40
0.0
 40
0.0
 40
0.1666666666666667
 40
0.1666666666666667
 40
0.1666666666666667
 40
0.3333333333333333
 40
0.3333333333333333
 40
0.3333333333333333
 40
0.5
 40
0.5
 40
0.5
 40
0.6666666666666666
 40
0.6666666666666666
 40
0.6666666666666666
 40
0.8333333333333333
 40
0.8333333333333333
 40
0.8333333333333333
 40
1.0
 40
1.0
 40
1.0
 40
1.0
 10
-4.96992
 20
-1.47259
 30
0.0
 10
-4.97097
 20
-1.47432
 30
0.0
 10
-4.97217
 20
-1.476
 30
0.0
 10
-4.9735
 20
-1.47763
 30
0.0
 10
-4.9735
 20
-1.47763
 30
0.0
 10
-5.27172
 20
-1.84084
 30
0.0
 10
-5.27172
 20
-1.84084
 30
0.0
 10
-5.27484
 20
-1.84465
 30
0.0
 10
-5.27876
 20
-1.84813
 30
0.0
 10
-5.28343
 20
-1.85098
 30
0.0
 10
-5.26556
 20
-1.91331
 30
0.0
 10
-5.24774
 20
-1.97565
 30
0.0
 10
-5.22997
 20
-2.038
 30
0.0
 10
-5.22997
 20
-2.038
 30
0.0
 10
-4.8912
 20
-1.49106
 30
0.0
 10
-4.8912
 20
-1.49106
 30
0.0
 10
-4.91744
 20
-1.48489
 30
0.0
 10
-4.94368
 20
-1.47874
 30
0.0
 10
-4.96992
 20
-1.47259
 30
0.0
  0
SPLINE
  5
243
330
1F
100
AcDbEntity
  8
Plan 1
 62
   250
370
    20
100
AcDbSpline
210
0.0
220
0.0
230
1.0
 70
    11
 71
     3
 72
    20
 73
    16
 74
     0
 42
0.0000000001
 43
0.0000000001
 40
0.0
 40
0.0
 40
0.0
 40
0.0
 40
0.2
 40
0.2
 40
0.2
 40
0.4
 40
0.4
 40
0.4
 40
0.6000000000000001
 40
0.6000000000000001
 40
0.6000000000000001
 40
0.8
 40
0.8
 40
0.8
 40
1.0
 40
1.0
 40
1.0
 40
1.0
 10
-5.40328
 20
-2.16839
 30
0.0
 10
-5.40328
 20
-2.16839
 30
0.0
 10
-5.43724
 20
-2.5238
 30
0.0
 10
-5.43724
 20
-2.5238
 30
0.0
 10
-5.43724
 20
-2.5238
 30
0.0
 10
-5.22974
 20
-2.51309
 30
0.0
 10
-5.22974
 20
-2.51309
 30
0.0
 10
-5.22974
 20
-2.51309
 30
0.0
 10
-5.2422
 20
-2.26126
 30
0.0
 10
-5.2422
 20
-2.26126
 30
0.0
 10
-5.26548
 20
-2.26695
 30
0.0
 10
-5.28951
 20
-2.26096
 30
0.0
 10
-5.30678
 20
-2.24702
 30
0.0
 10
-5.33913
 20
-2.22092
 30
0.0
 10
-5.37129
 20
-2.1947
 30
0.0
 10
-5.40328
 20
-2.16839
 30
0.0
  0
SPLINE
  5
244
330
1F
100
AcDbEntity
  8
Plan 1
 62
   250
370
    20
100
AcDbSpline
210
0.0
220
0.0
230
1.0
 70
    11
 71
     3
 72
    23
 73
    19
 74
     0
 42
0.0000000001
 43
0.0000000001
 40
0.0
 40
0.0
 40
0.0
 40
0.0
 40
0.1666666666666667
 40
0.1666666666666667
 40
0.1666666666666667
 40
0.3333333333333333
 40
0.3333333333333333
 40
0.3333333333333333
 40
0.5
 40
0.5
 40
0.5
 40
0.6666666666666666
 40
0.6666666666666666
 40
0.6666666666666666
 40
0.8333333333333333
 40
0.8333333333333333
 40
0.8333333333333333
 40
1.0
 40
1.0
 40
1.0
 40
1.0
 10
-5.4916
 20
-2.09512
 30
0.0
 10
-5.51384
 20
-2.07652
 30
0.0
 10
-5.53599
 20
-2.05789
 30
0.0
 10
-5.55807
 20
-2.0392
 30
0.0
 10
-5.55807
 20
-2.0392
 30
0.0
 10
-5.66998
 20
-2.70672
 30
0.0
 10
-5.66998
 20
-2.70672
 30
0.0
 10
-5.67107
 20
-2.71324
 30
0.0
 10
-5.67374
 20
-2.71975
 30
0.0
 10
-5.67816
 20
-2.72557
 30
0.0
 10
-5.67816
 20
-2.72557
 30
0.0
 10
-5.56762
 20
-2.85985
 30
0.0
 10
-5.56762
 20
-2.85985
 30
0.0
 10
-5.56762
 20
-2.85985
 30
0.0
 10
-5.49599
 20
-2.11023
 30
0.0
 10
-5.49599
 20
-2.11023
 30
0.0
 10
-5.49549
 20
-2.1051
 30
0.0
 10
-5.49406
 20
-2.09997
 30
0.0
 10
-5.4916
 20
-2.09512
 30
0.0
  0
SPLINE
  5
245
330
1F
100
AcDbEntity
  8
Plan 1
 62
   250
370
    20
100
AcDbSpline
210
0.0
220
0.0
230
1.0
 70
    11
 71
     3
 72
    23
 73
    19
 74
     0
 42
0.0000000001
 43
0.0000000001
 40
0.0
 40
0.0
 40
0.0
 40
0.0
 40
0.1666666666666667
 40
0.1666666666666667
 40
0.1666666666666667
 40
0.3333333333333333
 40
0.3333333333333333
 40
0.3333333333333333
 40
0.5
 40
0.5
 40
0.5
 40
0.6666666666666666
 40
0.6666666666666666
 40
0.6666666666666666
 40
0.8333333333333333
 40
0.8333333333333333
 40
0.8333333333333333
 40
1.0
 40
1.0
 40
1.0
 40
1.0
 10
-5.64289
 20
-1.96692
 30
0.0
 10
-5.67048
 20
-1.94325
 30
0.0
 10
-5.69795
 20
-1.91951
 30
0.0
 10
-5.72533
 20
-1.89572
 30
0.0
 10
-5.72533
 20
-1.89572
 30
0.0
 10
-5.83382
 20
-2.50815
 30
0.0
 10
-5.83382
 20
-2.50815
 30
0.0
 10
-5.83495
 20
-2.51453
 30
0.0
 10
-5.8376
 20
-2.52091
 30
0.0
 10
-5.84194
 20
-2.52662
 30
0.0
 10
-5.84194
 20
-2.52662
 30
0.0
 10
-5.75629
 20
-2.63067
 30
0.0
 10
-5.75629
 20
-2.63067
 30
0.0
 10
-5.75629
 20
-2.63067
 30
0.0
 10
-5.64712
 20
-1.97956
 30
0.0
 10
-5.64712
 20
-1.97956
 30
0.0
 10
-5.64641
 20
-1.97526
 30
0.0
 10
-5.64501
 20
-1.97099
 30
0.0
 10
-5.64289
 20
-1.96692
 30
0.0
  0
SPLINE
  5
246
330
1F
100
AcDbEntity
  8
Plan 1
 62
   250
370
    20
100
AcDbSpline
210
0.0
220
0.0
230
1.0
 70
    11
 71
     3
 72
    20
 73
    16
 74
     0
 42
0.0000000001
 43
0.0000000001
 40
0.0
 40
0.0
 40
0.0
 40
0.0
 40
0.2
 40
0.2
 40
0.2
 40
0.4
 40
0.4
 40
0.4
 40
0.6000000000000001
 40
0.6000000000000001
 40
0.6000000000000001
 40
0.8
 40
0.8
 40
0.8
 40
1.0
 40
1.0
 40
1.0
 40
1.0
 10
-5.89759
 20
-2.6816
 30
0.0
 10
-5.89759
 20
-2.6816
 30
0.0
 10
-6.2562
 20
-2.84118
 30
0.0
 10
-6.2562
 20
-2.84118
 30
0.0
 10
-6.15958
 20
-2.84693
 30
0.0
 10
-6.06311
 20
-2.85395
 30
0.0
 10
-5.96687
 20
-2.86228
 30
0.0
 10
-5.9655
 20
-2.8624
 30
0.0
 10
-5.96415
 20
-2.86255
 30
0.0
 10
-5.96295
 20
-2.86272
 30
0.0
 10
-5.96295
 20
-2.86272
 30
0.0
 10
-5.7215
 20
-2.89551
 30
0.0
 10
-5.7215
 20
-2.89551
 30
0.0
 10
-5.7215
 20
-2.89551
 30
0.0
 10
-5.89759
 20
-2.6816
 30
0.0
 10
-5.89759
 20
-2.6816
 30
0.0
  0
SPLINE
  5
247
330
1F
100
AcDbEntity
  8
Plan 1
 62
   250
370
    20
100
AcDbSpline
210
0.0
220
0.0
230
1.0
 70
    11
 71
     3
 72
    17
 73
    13
 74
     0
 42
0.0000000001
 43
0.0000000001
 40
0.0
 40
0.0
 40
0.0
 40
0.0
 40
0.25
 40
0.25
 40
0.25
 40
0.5
 40
0.5
 40
0.5
 40
0.75
 40
0.75
 40
0.75
 40
1.0
 40
1.0
 40
1.0
 40
1.0
 10
-6.07305
 20
-3.07198
 30
0.0
 10
-6.07305
 20
-3.07198
 30
0.0
 10
-6.29177
 20
-3.65652
 30
0.0
 10
-6.29177
 20
-3.65652
 30
0.0
 10
-6.29303
 20
-3.65989
 30
0.0
 10
-6.29475
 20
-3.6632
 30
0.0
 10
-6.29696
 20
-3.66632
 30
0.0
 10
-6.29696
 20
-3.66632
 30
0.0
 10
-6.2035
 20
-3.77213
 30
0.0
 10
-6.2035
 20
-3.77213
 30
0.0
 10
-6.2035
 20
-3.77213
 30
0.0
 10
-6.07305
 20
-3.07198
 30
0.0
 10
-6.07305
 20
-3.07198
 30
0.0
  0
SPLINE
  5
248
330
1F
100
AcDbEntity
  8
Plan 1
 62
   250
370
    20
100
AcDbSpline
210
0.0
220
0.0
230
1.0
 70
    11
 71
     3
 72
    23
 73
    19
 74
     0
 42
0.0000000001
 43
0.0000000001
 40
0.0
 40
0.0
 40
0.0
 40
0.0
 40
0.1666666666666667
 40
0.1666666666666667
 40
0.1666666666666667
 40
0.3333333333333333
 40
0.3333333333333333
 40
0.3333333333333333
 40
0.5
 40
0.5
 40
0.5
 40
0.6666666666666666
 40
0.6666666666666666
 40
0.6666666666666666
 40
0.8333333333333333
 40
0.8333333333333333
 40
0.8333333333333333
 40
1.0
 40
1.0
 40
1.0
 40
1.0
 10
-6.24513
 20
-2.97897
 30
0.0
 10
-6.24536
 20
-2.9796
 30
0.0
 10
-6.24561
 20
-2.98024
 30
0.0
 10
-6.24587
 20
-2.98087
 30
0.0
 10
-6.24587
 20
-2.98087
 30
0.0
 10
-6.45187
 20
-3.4773
 30
0.0
 10
-6.45187
 20
-3.4773
 30
0.0
 10
-6.45307
 20
-3.48018
 30
0.0
 10
-6.45461
 20
-3.483
 30
0.0
 10
-6.45651
 20
-3.48569
 30
0.0
 10
-6.45651
 20
-3.48569
 30
0.0
 10
-6.36867
 20
-3.58514
 30
0.0
 10
-6.36867
 20
-3.58514
 30
0.0
 10
-6.36867
 20
-3.58514
 30
0.0
 10
-6.14435
 20
-2.98563
 30
0.0
 10
-6.14435
 20
-2.98563
 30
0.0
 10
-6.17792
 20
-2.98325
 30
0.0
 10
-6.21152
 20
-2.98103
 30
0.0
 10
-6.24513
 20
-2.97897
 30
0.0
  0
SPLINE
  5
249
330
1F
100
AcDbEntity
  8
Plan 1
 62
   250
370
    20
100
AcDbSpline
210
0.0
220
0.0
230
1.0
 70
    11
 71
     3
 72
    20
 73
    16
 74
     0
 42
0.0000000001
 43
0.0000000001
 40
0.0
 40
0.0
 40
0.0
 40
0.0
 40
0.2
 40
0.2
 40
0.2
 40
0.4
 40
0.4
 40
0.4
 40
0.6000000000000001
 40
0.6000000000000001
 40
0.6000000000000001
 40
0.8
 40
0.8
 40
0.8
 40
1.0
 40
1.0
 40
1.0
 40
1.0
 10
-7.74634
 20
-5.04894
 30
0.0
 10
-7.74634
 20
-5.04894
 30
0.0
 10
-7.62257
 20
-5.12399
 30
0.0
 10
-7.62257
 20
-5.12399
 30
0.0
 10
-7.61952
 20
-5.12164
 30
0.0
 10
-7.61606
 20
-5.11957
 30
0.0
 10
-7.61217
 20
-5.11789
 30
0.0
 10
-7.61217
 20
-5.11789
 30
0.0
 10
-7.20034
 20
-4.93934
 30
0.0
 10
-7.20034
 20
-4.93934
 30
0.0
 10
-7.20034
 20
-4.93934
 30
0.0
 10
-7.23592
 20
-4.81779
 30
0.0
 10
-7.23592
 20
-4.81779
 30
0.0
 10
-7.23592
 20
-4.81779
 30
0.0
 10
-7.74634
 20
-5.04894
 30
0.0
 10
-7.74634
 20
-5.04894
 30
0.0
  0
SPLINE
  5
24A
330
1F
100
AcDbEntity
  8
Plan 1
 62
   250
370
    20
100
AcDbSpline
210
0.0
220
0.0
230
1.0
 70
    11
 71
     3
 72
    20
 73
    16
 74
     0
 42
0.0000000001
 43
0.0000000001
 40
0.0
 40
0.0
 40
0.0
 40
0.0
 40
0.2
 40
0.2
 40
0.2
 40
0.4
 40
0.4
 40
0.4
 40
0.6000000000000001
 40
0.6000000000000001
 40
0.6000000000000001
 40
0.8
 40
0.8
 40
0.8
 40
1.0
 40
1.0
 40
1.0
 40
1.0
 10
-7.86499
 20
-5.13968
 30
0.0
 10
-7.87684
 20
-5.16312
 30
0.0
 10
-7.88873
 20
-5.18655
 30
0.0
 10
-7.90066
 20
-5.20997
 30
0.0
 10
-7.89778
 20
-5.2125
 30
0.0
 10
-7.89534
 20
-5.21527
 30
0.0
 10
-7.89332
 20
-5.21819
 30
0.0
 10
-7.89332
 20
-5.21819
 30
0.0
 10
-7.79934
 20
-5.35404
 30
0.0
 10
-7.79934
 20
-5.35404
 30
0.0
 10
-7.79934
 20
-5.35404
 30
0.0
 10
-7.66178
 20
-5.26289
 30
0.0
 10
-7.66178
 20
-5.26289
 30
0.0
 10
-7.66178
 20
-5.26289
 30
0.0
 10
-7.86499
 20
-5.13968
 30
0.0
 10
-7.86499
 20
-5.13968
 30
0.0
  0
SPLINE
  5
24B
330
1F
100
AcDbEntity
  8
Plan 1
 62
   250
370
    20
100
AcDbSpline
210
0.0
220
0.0
230
1.0
 70
    11
 71
     3
 72
    14
 73
    10
 74
     0
 42
0.0000000001
 43
0.0000000001
 40
0.0
 40
0.0
 40
0.0
 40
0.0
 40
0.3333333333333333
 40
0.3333333333333333
 40
0.3333333333333333
 40
0.6666666666666666
 40
0.6666666666666666
 40
0.6666666666666666
 40
1.0
 40
1.0
 40
1.0
 40
1.0
 10
-4.48478
 20
-1.28932
 30
0.0
 10
-4.48478
 20
-1.28932
 30
0.0
 10
-4.57135
 20
-1.42536
 30
0.0
 10
-4.57135
 20
-1.42536
 30
0.0
 10
-4.45183
 20
-1.45361
 30
0.0
 10
-4.33237
 20
-1.48197
 30
0.0
 10
-4.21294
 20
-1.51042
 30
0.0
 10
-4.21294
 20
-1.51042
 30
0.0
 10
-4.48478
 20
-1.28932
 30
0.0
 10
-4.48478
 20
-1.28932
 30
0.0
  0
SPLINE
  5
24C
330
1F
100
AcDbEntity
  8
Plan 1
 62
   250
370
    20
100
AcDbSpline
210
0.0
220
0.0
230
1.0
 70
    11
 71
     3
 72
    14
 73
    10
 74
     0
 42
0.0000000001
 43
0.0000000001
 40
0.0
 40
0.0
 40
0.0
 40
0.0
 40
0.3333333333333333
 40
0.3333333333333333
 40
0.3333333333333333
 40
0.6666666666666666
 40
0.6666666666666666
 40
0.6666666666666666
 40
1.0
 40
1.0
 40
1.0
 40
1.0
 10
-4.98484
 20
-1.8244
 30
0.0
 10
-4.98484
 20
-1.8244
 30
0.0
 10
-5.13718
 20
-2.07037
 30
0.0
 10
-5.13718
 20
-2.07037
 30
0.0
 10
-4.98888
 20
-2.01
 30
0.0
 10
-4.84081
 20
-1.94935
 30
0.0
 10
-4.69294
 20
-1.88845
 30
0.0
 10
-4.69294
 20
-1.88845
 30
0.0
 10
-4.98484
 20
-1.8244
 30
0.0
 10
-4.98484
 20
-1.8244
 30
0.0
  0
SPLINE
  5
24D
330
1F
100
AcDbEntity
  8
Plan 1
 62
   250
370
    20
100
AcDbSpline
210
0.0
220
0.0
230
1.0
 70
    11
 71
     3
 72
    17
 73
    13
 74
     0
 42
0.0000000001
 43
0.0000000001
 40
0.0
 40
0.0
 40
0.0
 40
0.0
 40
0.25
 40
0.25
 40
0.25
 40
0.5
 40
0.5
 40
0.5
 40
0.75
 40
0.75
 40
0.75
 40
1.0
 40
1.0
 40
1.0
 40
1.0
 10
-5.03117
 20
-2.17629
 30
0.0
 10
-5.0685
 20
-2.1915
 30
0.0
 10
-5.10584
 20
-2.2067
 30
0.0
 10
-5.1432
 20
-2.22188
 30
0.0
 10
-5.1432
 20
-2.22188
 30
0.0
 10
-4.88654
 20
-2.64167
 30
0.0
 10
-4.88654
 20
-2.64167
 30
0.0
 10
-4.88654
 20
-2.64167
 30
0.0
 10
-4.77346
 20
-2.51103
 30
0.0
 10
-4.77346
 20
-2.51103
 30
0.0
 10
-4.77346
 20
-2.51103
 30
0.0
 10
-5.03117
 20
-2.17629
 30
0.0
 10
-5.03117
 20
-2.17629
 30
0.0
  0
SPLINE
  5
24E
330
1F
100
AcDbEntity
  8
Plan 1
 62
   250
370
    20
100
AcDbSpline
210
0.0
220
0.0
230
1.0
 70
    11
 71
     3
 72
    17
 73
    13
 74
     0
 42
0.0000000001
 43
0.0000000001
 40
0.0
 40
0.0
 40
0.0
 40
0.0
 40
0.25
 40
0.25
 40
0.25
 40
0.5
 40
0.5
 40
0.5
 40
0.75
 40
0.75
 40
0.75
 40
1.0
 40
1.0
 40
1.0
 40
1.0
 10
-5.44588
 20
-2.61415
 30
0.0
 10
-5.44588
 20
-2.61415
 30
0.0
 10
-5.45451
 20
-2.70454
 30
0.0
 10
-5.45451
 20
-2.70454
 30
0.0
 10
-5.45451
 20
-2.70454
 30
0.0
 10
-5.21917
 20
-2.72683
 30
0.0
 10
-5.21917
 20
-2.72683
 30
0.0
 10
-5.21917
 20
-2.72683
 30
0.0
 10
-5.22531
 20
-2.60276
 30
0.0
 10
-5.22531
 20
-2.60276
 30
0.0
 10
-5.22531
 20
-2.60276
 30
0.0
 10
-5.44588
 20
-2.61415
 30
0.0
 10
-5.44588
 20
-2.61415
 30
0.0
  0
SPLINE
  5
24F
330
1F
100
AcDbEntity
  8
Plan 1
 62
   250
370
    20
100
AcDbSpline
210
0.0
220
0.0
230
1.0
 70
    11
 71
     3
 72
    14
 73
    10
 74
     0
 42
0.0000000001
 43
0.0000000001
 40
0.0
 40
0.0
 40
0.0
 40
0.0
 40
0.3333333333333333
 40
0.3333333333333333
 40
0.3333333333333333
 40
0.6666666666666666
 40
0.6666666666666666
 40
0.6666666666666666
 40
1.0
 40
1.0
 40
1.0
 40
1.0
 10
-5.93566
 20
-3.11953
 30
0.0
 10
-5.93566
 20
-3.11953
 30
0.0
 10
-5.96657
 20
-3.28541
 30
0.0
 10
-5.96657
 20
-3.28541
 30
0.0
 10
-5.96657
 20
-3.28541
 30
0.0
 10
-5.84686
 20
-3.2565
 30
0.0
 10
-5.84686
 20
-3.2565
 30
0.0
 10
-5.84686
 20
-3.2565
 30
0.0
 10
-5.93566
 20
-3.11953
 30
0.0
 10
-5.93566
 20
-3.11953
 30
0.0
  0
SPLINE
  5
250
330
1F
100
AcDbEntity
  8
Plan 1
 62
   250
370
    20
100
AcDbSpline
210
0.0
220
0.0
230
1.0
 70
    11
 71
     3
 72
    20
 73
    16
 74
     0
 42
0.0000000001
 43
0.0000000001
 40
0.0
 40
0.0
 40
0.0
 40
0.0
 40
0.2
 40
0.2
 40
0.2
 40
0.4
 40
0.4
 40
0.4
 40
0.6000000000000001
 40
0.6000000000000001
 40
0.6000000000000001
 40
0.8
 40
0.8
 40
0.8
 40
1.0
 40
1.0
 40
1.0
 40
1.0
 10
-7.52842
 20
-5.18107
 30
0.0
 10
-7.52842
 20
-5.18107
 30
0.0
 10
-7.40814
 20
-5.254
 30
0.0
 10
-7.40814
 20
-5.254
 30
0.0
 10
-7.40424
 20
-5.25099
 30
0.0
 10
-7.39967
 20
-5.24845
 30
0.0
 10
-7.39441
 20
-5.24659
 30
0.0
 10
-7.39441
 20
-5.24659
 30
0.0
 10
-7.13697
 20
-5.15573
 30
0.0
 10
-7.13697
 20
-5.15573
 30
0.0
 10
-7.13697
 20
-5.15573
 30
0.0
 10
-7.17448
 20
-5.02762
 30
0.0
 10
-7.17448
 20
-5.02762
 30
0.0
 10
-7.17448
 20
-5.02762
 30
0.0
 10
-7.52842
 20
-5.18107
 30
0.0
 10
-7.52842
 20
-5.18107
 30
0.0
  0
SPLINE
  5
251
330
1F
100
AcDbEntity
  8
Plan 1
 62
   250
370
    20
100
AcDbSpline
210
0.0
220
0.0
230
1.0
 70
    11
 71
     3
 72
    20
 73
    16
 74
     0
 42
0.0000000001
 43
0.0000000001
 40
0.0
 40
0.0
 40
0.0
 40
0.0
 40
0.2
 40
0.2
 40
0.2
 40
0.4
 40
0.4
 40
0.4
 40
0.6000000000000001
 40
0.6000000000000001
 40
0.6000000000000001
 40
0.8
 40
0.8
 40
0.8
 40
1.0
 40
1.0
 40
1.0
 40
1.0
 10
-7.57435
 20
-5.3159
 30
0.0
 10
-7.57524
 20
-5.31658
 30
0.0
 10
-7.57615
 20
-5.31723
 30
0.0
 10
-7.57711
 20
-5.31787
 30
0.0
 10
-7.57711
 20
-5.31787
 30
0.0
 10
-7.74663
 20
-5.43022
 30
0.0
 10
-7.74663
 20
-5.43022
 30
0.0
 10
-7.74663
 20
-5.43022
 30
0.0
 10
-7.68594
 20
-5.51796
 30
0.0
 10
-7.68594
 20
-5.51796
 30
0.0
 10
-7.68594
 20
-5.51796
 30
0.0
 10
-7.48779
 20
-5.36838
 30
0.0
 10
-7.48779
 20
-5.36838
 30
0.0
 10
-7.48779
 20
-5.36838
 30
0.0
 10
-7.57435
 20
-5.3159
 30
0.0
 10
-7.57435
 20
-5.3159
 30
0.0
  0
SPLINE
  5
252
330
1F
100
AcDbEntity
  8
Plan 1
 62
   250
370
    20
100
AcDbSpline
210
0.0
220
0.0
230
1.0
 70
    11
 71
     3
 72
    20
 73
    16
 74
     0
 42
0.0000000001
 43
0.0000000001
 40
0.0
 40
0.0
 40
0.0
 40
0.0
 40
0.2
 40
0.2
 40
0.2
 40
0.4
 40
0.4
 40
0.4
 40
0.6000000000000001
 40
0.6000000000000001
 40
0.6000000000000001
 40
0.8
 40
0.8
 40
0.8
 40
1.0
 40
1.0
 40
1.0
 40
1.0
 10
-4.52606
 20
-1.96903
 30
0.0
 10
-4.58705
 20
-1.99421
 30
0.0
 10
-4.64807
 20
-2.01935
 30
0.0
 10
-4.70912
 20
-2.04445
 30
0.0
 10
-4.70912
 20
-2.04445
 30
0.0
 10
-4.55988
 20
-2.26429
 30
0.0
 10
-4.55988
 20
-2.26429
 30
0.0
 10
-4.55988
 20
-2.26429
 30
0.0
 10
-4.42802
 20
-2.11194
 30
0.0
 10
-4.42802
 20
-2.11194
 30
0.0
 10
-4.42822
 20
-2.11166
 30
0.0
 10
-4.42841
 20
-2.11138
 30
0.0
 10
-4.4286
 20
-2.1111
 30
0.0
 10
-4.4286
 20
-2.1111
 30
0.0
 10
-4.52606
 20
-1.96903
 30
0.0
 10
-4.52606
 20
-1.96903
 30
0.0
  0
SPLINE
  5
253
330
1F
100
AcDbEntity
  8
Plan 1
 62
   250
370
    20
100
AcDbSpline
210
0.0
220
0.0
230
1.0
 70
    11
 71
     3
 72
    20
 73
    16
 74
     0
 42
0.0000000001
 43
0.0000000001
 40
0.0
 40
0.0
 40
0.0
 40
0.0
 40
0.2
 40
0.2
 40
0.2
 40
0.4
 40
0.4
 40
0.4
 40
0.6000000000000001
 40
0.6000000000000001
 40
0.6000000000000001
 40
0.8
 40
0.8
 40
0.8
 40
1.0
 40
1.0
 40
1.0
 40
1.0
 10
-4.79952
 20
-2.08157
 30
0.0
 10
-4.84624
 20
-2.10074
 30
0.0
 10
-4.89298
 20
-2.11987
 30
0.0
 10
-4.93973
 20
-2.13898
 30
0.0
 10
-4.93973
 20
-2.13898
 30
0.0
 10
-4.70986
 20
-2.43755
 30
0.0
 10
-4.70986
 20
-2.43755
 30
0.0
 10
-4.70986
 20
-2.43755
 30
0.0
 10
-4.62466
 20
-2.33912
 30
0.0
 10
-4.62466
 20
-2.33912
 30
0.0
 10
-4.6249
 20
-2.33879
 30
0.0
 10
-4.62513
 20
-2.33845
 30
0.0
 10
-4.62536
 20
-2.33812
 30
0.0
 10
-4.62536
 20
-2.33812
 30
0.0
 10
-4.79952
 20
-2.08157
 30
0.0
 10
-4.79952
 20
-2.08157
 30
0.0
  0
SPLINE
  5
254
330
1F
100
AcDbEntity
  8
Plan 1
 62
   250
370
    20
100
AcDbSpline
210
0.0
220
0.0
230
1.0
 70
    11
 71
     3
 72
    20
 73
    16
 74
     0
 42
0.0000000001
 43
0.0000000001
 40
0.0
 40
0.0
 40
0.0
 40
0.0
 40
0.2
 40
0.2
 40
0.2
 40
0.4
 40
0.4
 40
0.4
 40
0.6000000000000001
 40
0.6000000000000001
 40
0.6000000000000001
 40
0.8
 40
0.8
 40
0.8
 40
1.0
 40
1.0
 40
1.0
 40
1.0
 10
-5.07893
 20
-2.51097
 30
0.0
 10
-5.07893
 20
-2.51097
 30
0.0
 10
-5.12895
 20
-2.57008
 30
0.0
 10
-5.12895
 20
-2.57008
 30
0.0
 10
-5.12895
 20
-2.57008
 30
0.0
 10
-5.11223
 20
-2.90788
 30
0.0
 10
-5.11223
 20
-2.90788
 30
0.0
 10
-5.11223
 20
-2.90788
 30
0.0
 10
-4.95197
 20
-2.71831
 30
0.0
 10
-4.95197
 20
-2.71831
 30
0.0
 10
-4.95274
 20
-2.71727
 30
0.0
 10
-4.95345
 20
-2.71622
 30
0.0
 10
-4.9541
 20
-2.71515
 30
0.0
 10
-4.9541
 20
-2.71515
 30
0.0
 10
-5.07893
 20
-2.51097
 30
0.0
 10
-5.07893
 20
-2.51097
 30
0.0
  0
SPLINE
  5
255
330
1F
100
AcDbEntity
  8
Plan 1
 62
   250
370
    20
100
AcDbSpline
210
0.0
220
0.0
230
1.0
 70
    11
 71
     3
 72
    17
 73
    13
 74
     0
 42
0.0000000001
 43
0.0000000001
 40
0.0
 40
0.0
 40
0.0
 40
0.0
 40
0.25
 40
0.25
 40
0.25
 40
0.5
 40
0.5
 40
0.5
 40
0.75
 40
0.75
 40
0.75
 40
1.0
 40
1.0
 40
1.0
 40
1.0
 10
-5.46306
 20
-2.79397
 30
0.0
 10
-5.46306
 20
-2.79397
 30
0.0
 10
-5.47595
 20
-2.92887
 30
0.0
 10
-5.47595
 20
-2.92887
 30
0.0
 10
-5.47595
 20
-2.92887
 30
0.0
 10
-5.20736
 20
-2.96534
 30
0.0
 10
-5.20736
 20
-2.96534
 30
0.0
 10
-5.20736
 20
-2.96534
 30
0.0
 10
-5.21468
 20
-2.81749
 30
0.0
 10
-5.21468
 20
-2.81749
 30
0.0
 10
-5.21468
 20
-2.81749
 30
0.0
 10
-5.46306
 20
-2.79397
 30
0.0
 10
-5.46306
 20
-2.79397
 30
0.0
  0
SPLINE
  5
256
330
1F
100
AcDbEntity
  8
Plan 1
 62
   250
370
    20
100
AcDbSpline
210
0.0
220
0.0
230
1.0
 70
    11
 71
     3
 72
    20
 73
    16
 74
     0
 42
0.0000000001
 43
0.0000000001
 40
0.0
 40
0.0
 40
0.0
 40
0.0
 40
0.2
 40
0.2
 40
0.2
 40
0.4
 40
0.4
 40
0.4
 40
0.6000000000000001
 40
0.6000000000000001
 40
0.6000000000000001
 40
0.8
 40
0.8
 40
0.8
 40
1.0
 40
1.0
 40
1.0
 40
1.0
 10
-5.79479
 20
-3.33683
 30
0.0
 10
-5.79479
 20
-3.33683
 30
0.0
 10
-5.98012
 20
-3.38159
 30
0.0
 10
-5.98012
 20
-3.38159
 30
0.0
 10
-5.98162
 20
-3.38195
 30
0.0
 10
-5.98313
 20
-3.38225
 30
0.0
 10
-5.98466
 20
-3.38248
 30
0.0
 10
-5.98466
 20
-3.38248
 30
0.0
 10
-6.00497
 20
-3.49148
 30
0.0
 10
-6.00497
 20
-3.49148
 30
0.0
 10
-6.00497
 20
-3.49148
 30
0.0
 10
-5.74605
 20
-3.41201
 30
0.0
 10
-5.74605
 20
-3.41201
 30
0.0
 10
-5.74605
 20
-3.41201
 30
0.0
 10
-5.79479
 20
-3.33683
 30
0.0
 10
-5.79479
 20
-3.33683
 30
0.0
  0
SPLINE
  5
257
330
1F
100
AcDbEntity
  8
Plan 1
 62
   250
370
    20
100
AcDbSpline
210
0.0
220
0.0
230
1.0
 70
    11
 71
     3
 72
    20
 73
    16
 74
     0
 42
0.0000000001
 43
0.0000000001
 40
0.0
 40
0.0
 40
0.0
 40
0.0
 40
0.2
 40
0.2
 40
0.2
 40
0.4
 40
0.4
 40
0.4
 40
0.6000000000000001
 40
0.6000000000000001
 40
0.6000000000000001
 40
0.8
 40
0.8
 40
0.8
 40
1.0
 40
1.0
 40
1.0
 40
1.0
 10
-6.02358
 20
-3.59137
 30
0.0
 10
-6.02358
 20
-3.59137
 30
0.0
 10
-6.04523
 20
-3.70757
 30
0.0
 10
-6.04523
 20
-3.70757
 30
0.0
 10
-6.04523
 20
-3.70757
 30
0.0
 10
-5.62638
 20
-3.59659
 30
0.0
 10
-5.62638
 20
-3.59659
 30
0.0
 10
-5.62638
 20
-3.59659
 30
0.0
 10
-5.6948
 20
-3.49106
 30
0.0
 10
-5.6948
 20
-3.49106
 30
0.0
 10
-5.6948
 20
-3.49106
 30
0.0
 10
-6.01594
 20
-3.58963
 30
0.0
 10
-6.01594
 20
-3.58963
 30
0.0
 10
-6.01843
 20
-3.59039
 30
0.0
 10
-6.02099
 20
-3.59097
 30
0.0
 10
-6.02358
 20
-3.59137
 30
0.0
  0
SPLINE
  5
258
330
1F
100
AcDbEntity
  8
Plan 1
 62
   250
370
    20
100
AcDbSpline
210
0.0
220
0.0
230
1.0
 70
    11
 71
     3
 72
    14
 73
    10
 74
     0
 42
0.0000000001
 43
0.0000000001
 40
0.0
 40
0.0
 40
0.0
 40
0.0
 40
0.3333333333333333
 40
0.3333333333333333
 40
0.3333333333333333
 40
0.6666666666666666
 40
0.6666666666666666
 40
0.6666666666666666
 40
1.0
 40
1.0
 40
1.0
 40
1.0
 10
-7.31039
 20
-5.31327
 30
0.0
 10
-7.31039
 20
-5.31327
 30
0.0
 10
-7.04345
 20
-5.47512
 30
0.0
 10
-7.04345
 20
-5.47512
 30
0.0
 10
-7.04345
 20
-5.47512
 30
0.0
 10
-7.11141
 20
-5.24304
 30
0.0
 10
-7.11141
 20
-5.24304
 30
0.0
 10
-7.11141
 20
-5.24304
 30
0.0
 10
-7.31039
 20
-5.31327
 30
0.0
 10
-7.31039
 20
-5.31327
 30
0.0
  0
SPLINE
  5
259
330
1F
100
AcDbEntity
  8
Plan 1
 62
   250
370
    20
100
AcDbSpline
210
0.0
220
0.0
230
1.0
 70
    11
 71
     3
 72
    20
 73
    16
 74
     0
 42
0.0000000001
 43
0.0000000001
 40
0.0
 40
0.0
 40
0.0
 40
0.0
 40
0.2
 40
0.2
 40
0.2
 40
0.4
 40
0.4
 40
0.4
 40
0.6000000000000001
 40
0.6000000000000001
 40
0.6000000000000001
 40
0.8
 40
0.8
 40
0.8
 40
1.0
 40
1.0
 40
1.0
 40
1.0
 10
-7.40209
 20
-5.42034
 30
0.0
 10
-7.40221
 20
-5.42044
 30
0.0
 10
-7.40234
 20
-5.42054
 30
0.0
 10
-7.40246
 20
-5.42063
 30
0.0
 10
-7.40246
 20
-5.42063
 30
0.0
 10
-7.63292
 20
-5.59459
 30
0.0
 10
-7.63292
 20
-5.59459
 30
0.0
 10
-7.63292
 20
-5.59459
 30
0.0
 10
-7.59189
 20
-5.6539
 30
0.0
 10
-7.59189
 20
-5.6539
 30
0.0
 10
-7.59189
 20
-5.6539
 30
0.0
 10
-7.32471
 20
-5.46726
 30
0.0
 10
-7.32471
 20
-5.46726
 30
0.0
 10
-7.32471
 20
-5.46726
 30
0.0
 10
-7.40209
 20
-5.42034
 30
0.0
 10
-7.40209
 20
-5.42034
 30
0.0
  0
SPLINE
  5
25A
330
1F
100
AcDbEntity
  8
Plan 1
 62
   250
370
    20
100
AcDbSpline
210
0.0
220
0.0
230
1.0
 70
    11
 71
     3
 72
    20
 73
    16
 74
     0
 42
0.0000000001
 43
0.0000000001
 40
0.0
 40
0.0
 40
0.0
 40
0.0
 40
0.2
 40
0.2
 40
0.2
 40
0.4
 40
0.4
 40
0.4
 40
0.6000000000000001
 40
0.6000000000000001
 40
0.6000000000000001
 40
0.8
 40
0.8
 40
0.8
 40
1.0
 40
1.0
 40
1.0
 40
1.0
 10
-7.53909
 20
-5.73023
 30
0.0
 10
-7.53909
 20
-5.73023
 30
0.0
 10
-7.45049
 20
-5.85828
 30
0.0
 10
-7.45049
 20
-5.85828
 30
0.0
 10
-7.45049
 20
-5.85828
 30
0.0
 10
-7.12663
 20
-5.58737
 30
0.0
 10
-7.12663
 20
-5.58737
 30
0.0
 10
-7.12663
 20
-5.58737
 30
0.0
 10
-7.238
 20
-5.51983
 30
0.0
 10
-7.238
 20
-5.51983
 30
0.0
 10
-7.23858
 20
-5.52028
 30
0.0
 10
-7.23918
 20
-5.52072
 30
0.0
 10
-7.23979
 20
-5.52114
 30
0.0
 10
-7.23979
 20
-5.52114
 30
0.0
 10
-7.53909
 20
-5.73023
 30
0.0
 10
-7.53909
 20
-5.73023
 30
0.0
  0
SPLINE
  5
25B
330
1F
100
AcDbEntity
  8
Plan 1
 62
   250
370
    20
100
AcDbSpline
210
0.0
220
0.0
230
1.0
 70
    11
 71
     3
 72
    17
 73
    13
 74
     0
 42
0.0000000001
 43
0.0000000001
 40
0.0
 40
0.0
 40
0.0
 40
0.0
 40
0.25
 40
0.25
 40
0.25
 40
0.5
 40
0.5
 40
0.5
 40
0.75
 40
0.75
 40
0.75
 40
1.0
 40
1.0
 40
1.0
 40
1.0
 10
0.07399
 20
3.66415
 30
0.0
 10
0.11022
 20
3.6335
 30
0.0
 10
0.14646
 20
3.60286
 30
0.0
 10
0.18269
 20
3.57221
 30
0.0
 10
0.18269
 20
3.57221
 30
0.0
 10
0.34252
 20
3.67788
 30
0.0
 10
0.34252
 20
3.67788
 30
0.0
 10
0.31558
 20
3.71047
 30
0.0
 10
0.28865
 20
3.74306
 30
0.0
 10
0.26172
 20
3.77565
 30
0.0
 10
0.26172
 20
3.77565
 30
0.0
 10
0.07399
 20
3.66415
 30
0.0
 10
0.07399
 20
3.66415
 30
0.0
  0
SPLINE
  5
25C
330
1F
100
AcDbEntity
  8
Plan 1
 62
   250
370
    20
100
AcDbSpline
210
0.0
220
0.0
230
1.0
 70
    11
 71
     3
 72
    14
 73
    10
 74
     0
 42
0.0000000001
 43
0.0000000001
 40
0.0
 40
0.0
 40
0.0
 40
0.0
 40
0.3333333333333333
 40
0.3333333333333333
 40
0.3333333333333333
 40
0.6666666666666666
 40
0.6666666666666666
 40
0.6666666666666666
 40
1.0
 40
1.0
 40
1.0
 40
1.0
 10
-6.84321
 20
-5.65906
 30
0.0
 10
-6.84321
 20
-5.65906
 30
0.0
 10
-6.80219
 20
-5.84135
 30
0.0
 10
-6.80219
 20
-5.84135
 30
0.0
 10
-6.80219
 20
-5.84135
 30
0.0
 10
-6.74559
 20
-5.7218
 30
0.0
 10
-6.74559
 20
-5.7218
 30
0.0
 10
-6.74559
 20
-5.7218
 30
0.0
 10
-6.84321
 20
-5.65906
 30
0.0
 10
-6.84321
 20
-5.65906
 30
0.0
  0
SPLINE
  5
25D
330
1F
100
AcDbEntity
  8
Plan 1
 62
   250
370
    20
100
AcDbSpline
210
0.0
220
0.0
230
1.0
 70
    11
 71
     3
 72
    20
 73
    16
 74
     0
 42
0.0000000001
 43
0.0000000001
 40
0.0
 40
0.0
 40
0.0
 40
0.0
 40
0.2
 40
0.2
 40
0.2
 40
0.4
 40
0.4
 40
0.4
 40
0.6000000000000001
 40
0.6000000000000001
 40
0.6000000000000001
 40
0.8
 40
0.8
 40
0.8
 40
1.0
 40
1.0
 40
1.0
 40
1.0
 10
-6.98767
 20
-5.67162
 30
0.0
 10
-6.98767
 20
-5.67162
 30
0.0
 10
-7.04214
 20
-5.63859
 30
0.0
 10
-7.04214
 20
-5.63859
 30
0.0
 10
-7.04214
 20
-5.63859
 30
0.0
 10
-7.09541
 20
-5.68315
 30
0.0
 10
-7.09541
 20
-5.68315
 30
0.0
 10
-7.09541
 20
-5.68315
 30
0.0
 10
-7.08612
 20
-6.03397
 30
0.0
 10
-7.08612
 20
-6.03397
 30
0.0
 10
-7.08612
 20
-6.03397
 30
0.0
 10
-6.9039
 20
-6.0439
 30
0.0
 10
-6.9039
 20
-6.0439
 30
0.0
 10
-6.9039
 20
-6.0439
 30
0.0
 10
-6.98767
 20
-5.67162
 30
0.0
 10
-6.98767
 20
-5.67162
 30
0.0
  0
SPLINE
  5
25E
330
1F
100
AcDbEntity
  8
Plan 1
 62
   250
370
    20
100
AcDbSpline
210
0.0
220
0.0
230
1.0
 70
    11
 71
     3
 72
    14
 73
    10
 74
     0
 42
0.0000000001
 43
0.0000000001
 40
0.0
 40
0.0
 40
0.0
 40
0.0
 40
0.3333333333333333
 40
0.3333333333333333
 40
0.3333333333333333
 40
0.6666666666666666
 40
0.6666666666666666
 40
0.6666666666666666
 40
1.0
 40
1.0
 40
1.0
 40
1.0
 10
-6.31987
 20
-5.15649
 30
0.0
 10
-6.31987
 20
-5.15649
 30
0.0
 10
-6.38408
 20
-5.29212
 30
0.0
 10
-6.38408
 20
-5.29212
 30
0.0
 10
-6.38408
 20
-5.29212
 30
0.0
 10
-6.14987
 20
-5.27798
 30
0.0
 10
-6.14987
 20
-5.27798
 30
0.0
 10
-6.14987
 20
-5.27798
 30
0.0
 10
-6.31987
 20
-5.15649
 30
0.0
 10
-6.31987
 20
-5.15649
 30
0.0
  0
SPLINE
  5
25F
330
1F
100
AcDbEntity
  8
Plan 1
 62
   250
370
    20
100
AcDbSpline
210
0.0
220
0.0
230
1.0
 70
    11
 71
     3
 72
    20
 73
    16
 74
     0
 42
0.0000000001
 43
0.0000000001
 40
0.0
 40
0.0
 40
0.0
 40
0.0
 40
0.2
 40
0.2
 40
0.2
 40
0.4
 40
0.4
 40
0.4
 40
0.6000000000000001
 40
0.6000000000000001
 40
0.6000000000000001
 40
0.8
 40
0.8
 40
0.8
 40
1.0
 40
1.0
 40
1.0
 40
1.0
 10
-7.08374
 20
-6.12402
 30
0.0
 10
-7.08374
 20
-6.12402
 30
0.0
 10
-7.08026
 20
-6.25537
 30
0.0
 10
-7.08026
 20
-6.25537
 30
0.0
 10
-7.08026
 20
-6.25537
 30
0.0
 10
-6.72445
 20
-6.2533
 30
0.0
 10
-6.72445
 20
-6.2533
 30
0.0
 10
-6.76744
 20
-6.21267
 30
0.0
 10
-6.81042
 20
-6.17203
 30
0.0
 10
-6.85341
 20
-6.13139
 30
0.0
 10
-6.86033
 20
-6.13425
 30
0.0
 10
-6.86824
 20
-6.13575
 30
0.0
 10
-6.8767
 20
-6.13529
 30
0.0
 10
-6.8767
 20
-6.13529
 30
0.0
 10
-7.08374
 20
-6.12402
 30
0.0
 10
-7.08374
 20
-6.12402
 30
0.0
  0
SPLINE
  5
260
330
1F
100
AcDbEntity
  8
Plan 1
 62
   250
370
    20
100
AcDbSpline
210
0.0
220
0.0
230
1.0
 70
    11
 71
     3
 72
    20
 73
    16
 74
     0
 42
0.0000000001
 43
0.0000000001
 40
0.0
 40
0.0
 40
0.0
 40
0.0
 40
0.2
 40
0.2
 40
0.2
 40
0.4
 40
0.4
 40
0.4
 40
0.6000000000000001
 40
0.6000000000000001
 40
0.6000000000000001
 40
0.8
 40
0.8
 40
0.8
 40
1.0
 40
1.0
 40
1.0
 40
1.0
 10
-6.85475
 20
-6.34382
 30
0.0
 10
-6.85475
 20
-6.34382
 30
0.0
 10
-6.80636
 20
-6.46958
 30
0.0
 10
-6.80636
 20
-6.46958
 30
0.0
 10
-6.80636
 20
-6.46958
 30
0.0
 10
-6.55553
 20
-6.41298
 30
0.0
 10
-6.55553
 20
-6.41298
 30
0.0
 10
-6.58198
 20
-6.38797
 30
0.0
 10
-6.60844
 20
-6.36296
 30
0.0
 10
-6.6349
 20
-6.33795
 30
0.0
 10
-6.64127
 20
-6.34087
 30
0.0
 10
-6.64861
 20
-6.34262
 30
0.0
 10
-6.65665
 20
-6.34267
 30
0.0
 10
-6.65665
 20
-6.34267
 30
0.0
 10
-6.85475
 20
-6.34382
 30
0.0
 10
-6.85475
 20
-6.34382
 30
0.0
  0
SPLINE
  5
261
330
1F
100
AcDbEntity
  8
Plan 1
 62
   250
370
    20
100
AcDbSpline
210
0.0
220
0.0
230
1.0
 70
    11
 71
     3
 72
    14
 73
    10
 74
     0
 42
0.0000000001
 43
0.0000000001
 40
0.0
 40
0.0
 40
0.0
 40
0.0
 40
0.3333333333333333
 40
0.3333333333333333
 40
0.3333333333333333
 40
0.6666666666666666
 40
0.6666666666666666
 40
0.6666666666666666
 40
1.0
 40
1.0
 40
1.0
 40
1.0
 10
-6.66202
 20
-5.87918
 30
0.0
 10
-6.66202
 20
-5.87918
 30
0.0
 10
-6.69945
 20
-5.95825
 30
0.0
 10
-6.69945
 20
-5.95825
 30
0.0
 10
-6.63718
 20
-5.94279
 30
0.0
 10
-6.57506
 20
-5.92701
 30
0.0
 10
-6.5131
 20
-5.91092
 30
0.0
 10
-6.5131
 20
-5.91092
 30
0.0
 10
-6.66202
 20
-5.87918
 30
0.0
 10
-6.66202
 20
-5.87918
 30
0.0
  0
SPLINE
  5
262
330
1F
100
AcDbEntity
  8
Plan 1
 62
   250
370
    20
100
AcDbSpline
210
0.0
220
0.0
230
1.0
 70
    11
 71
     3
 72
    20
 73
    16
 74
     0
 42
0.0000000001
 43
0.0000000001
 40
0.0
 40
0.0
 40
0.0
 40
0.0
 40
0.2
 40
0.2
 40
0.2
 40
0.4
 40
0.4
 40
0.4
 40
0.6000000000000001
 40
0.6000000000000001
 40
0.6000000000000001
 40
0.8
 40
0.8
 40
0.8
 40
1.0
 40
1.0
 40
1.0
 40
1.0
 10
-6.95844
 20
-6.34442
 30
0.0
 10
-6.95844
 20
-6.34442
 30
0.0
 10
-7.07789
 20
-6.34512
 30
0.0
 10
-7.07789
 20
-6.34512
 30
0.0
 10
-7.07789
 20
-6.34512
 30
0.0
 10
-7.07778
 20
-6.34903
 30
0.0
 10
-7.07778
 20
-6.34903
 30
0.0
 10
-7.07778
 20
-6.34903
 30
0.0
 10
-6.98317
 20
-6.50948
 30
0.0
 10
-6.98317
 20
-6.50948
 30
0.0
 10
-6.98317
 20
-6.50948
 30
0.0
 10
-6.90199
 20
-6.49116
 30
0.0
 10
-6.90199
 20
-6.49116
 30
0.0
 10
-6.90199
 20
-6.49116
 30
0.0
 10
-6.95844
 20
-6.34442
 30
0.0
 10
-6.95844
 20
-6.34442
 30
0.0
  0
SPLINE
  5
263
330
1F
100
AcDbEntity
  8
Plan 1
 62
   250
370
    20
100
AcDbSpline
210
0.0
220
0.0
230
1.0
 70
    11
 71
     3
 72
    29
 73
    25
 74
     0
 42
0.0000000001
 43
0.0000000001
 40
0.0
 40
0.0
 40
0.0
 40
0.0
 40
0.125
 40
0.125
 40
0.125
 40
0.25
 40
0.25
 40
0.25
 40
0.375
 40
0.375
 40
0.375
 40
0.5
 40
0.5
 40
0.5
 40
0.625
 40
0.625
 40
0.625
 40
0.75
 40
0.75
 40
0.75
 40
0.875
 40
0.875
 40
0.875
 40
1.0
 40
1.0
 40
1.0
 40
1.0
 10
-7.94935
 20
-5.30521
 30
0.0
 10
-7.95657
 20
-5.31926
 30
0.0
 10
-7.9638
 20
-5.33331
 30
0.0
 10
-7.97103
 20
-5.34736
 30
0.0
 10
-7.96666
 20
-5.35123
 30
0.0
 10
-7.9633
 20
-5.35568
 30
0.0
 10
-7.96091
 20
-5.36034
 30
0.0
 10
-7.96091
 20
-5.36034
 30
0.0
 10
-7.6935
 20
-5.88134
 30
0.0
 10
-7.6935
 20
-5.88134
 30
0.0
 10
-7.6935
 20
-5.88134
 30
0.0
 10
-7.55016
 20
-5.88224
 30
0.0
 10
-7.55016
 20
-5.88224
 30
0.0
 10
-7.55016
 20
-5.88224
 30
0.0
 10
-7.62727
 20
-5.77078
 30
0.0
 10
-7.62727
 20
-5.77078
 30
0.0
 10
-7.64078
 20
-5.76787
 30
0.0
 10
-7.65124
 20
-5.76008
 30
0.0
 10
-7.65738
 20
-5.7509
 30
0.0
 10
-7.66407
 20
-5.74091
 30
0.0
 10
-7.66604
 20
-5.72915
 30
0.0
 10
-7.66366
 20
-5.71818
 30
0.0
 10
-7.66366
 20
-5.71818
 30
0.0
 10
-7.94935
 20
-5.30521
 30
0.0
 10
-7.94935
 20
-5.30521
 30
0.0
  0
SPLINE
  5
264
330
1F
100
AcDbEntity
  8
Plan 1
 62
   250
370
    20
100
AcDbSpline
210
0.0
220
0.0
230
1.0
 70
    11
 71
     3
 72
    20
 73
    16
 74
     0
 42
0.0000000001
 43
0.0000000001
 40
0.0
 40
0.0
 40
0.0
 40
0.0
 40
0.2
 40
0.2
 40
0.2
 40
0.4
 40
0.4
 40
0.4
 40
0.6000000000000001
 40
0.6000000000000001
 40
0.6000000000000001
 40
0.8
 40
0.8
 40
0.8
 40
1.0
 40
1.0
 40
1.0
 40
1.0
 10
-8.0237
 20
-5.44918
 30
0.0
 10
-8.0308
 20
-5.46285
 30
0.0
 10
-8.0379
 20
-5.47651
 30
0.0
 10
-8.04502
 20
-5.49017
 30
0.0
 10
-8.04007
 20
-5.49458
 30
0.0
 10
-8.03643
 20
-5.49975
 30
0.0
 10
-8.03404
 20
-5.50511
 30
0.0
 10
-8.03404
 20
-5.50511
 30
0.0
 10
-7.86625
 20
-5.88025
 30
0.0
 10
-7.86625
 20
-5.88025
 30
0.0
 10
-7.86625
 20
-5.88025
 30
0.0
 10
-7.80224
 20
-5.88065
 30
0.0
 10
-7.80224
 20
-5.88065
 30
0.0
 10
-7.80224
 20
-5.88065
 30
0.0
 10
-8.0237
 20
-5.44918
 30
0.0
 10
-8.0237
 20
-5.44918
 30
0.0
  0
SPLINE
  5
265
330
1F
100
AcDbEntity
  8
Plan 1
 62
   250
370
    20
100
AcDbSpline
210
0.0
220
0.0
230
1.0
 70
    11
 71
     3
 72
    20
 73
    16
 74
     0
 42
0.0000000001
 43
0.0000000001
 40
0.0
 40
0.0
 40
0.0
 40
0.0
 40
0.2
 40
0.2
 40
0.2
 40
0.4
 40
0.4
 40
0.4
 40
0.6000000000000001
 40
0.6000000000000001
 40
0.6000000000000001
 40
0.8
 40
0.8
 40
0.8
 40
1.0
 40
1.0
 40
1.0
 40
1.0
 10
-8.09981
 20
-5.59497
 30
0.0
 10
-8.10662
 20
-5.60796
 30
0.0
 10
-8.11344
 20
-5.62094
 30
0.0
 10
-8.12027
 20
-5.63393
 30
0.0
 10
-8.11498
 20
-5.63867
 30
0.0
 10
-8.1112
 20
-5.64428
 30
0.0
 10
-8.10884
 20
-5.65008
 30
0.0
 10
-8.10884
 20
-5.65008
 30
0.0
 10
-8.01543
 20
-5.87931
 30
0.0
 10
-8.01543
 20
-5.87931
 30
0.0
 10
-8.01543
 20
-5.87931
 30
0.0
 10
-7.97251
 20
-5.87958
 30
0.0
 10
-7.97251
 20
-5.87958
 30
0.0
 10
-7.97251
 20
-5.87958
 30
0.0
 10
-8.09981
 20
-5.59497
 30
0.0
 10
-8.09981
 20
-5.59497
 30
0.0
  0
SPLINE
  5
266
330
1F
100
AcDbEntity
  8
Plan 1
 62
   250
370
    20
100
AcDbSpline
210
0.0
220
0.0
230
1.0
 70
    11
 71
     3
 72
    14
 73
    10
 74
     0
 42
0.0000000001
 43
0.0000000001
 40
0.0
 40
0.0
 40
0.0
 40
0.0
 40
0.3333333333333333
 40
0.3333333333333333
 40
0.3333333333333333
 40
0.6666666666666666
 40
0.6666666666666666
 40
0.6666666666666666
 40
1.0
 40
1.0
 40
1.0
 40
1.0
 10
-8.17657
 20
-5.74064
 30
0.0
 10
-8.20078
 20
-5.78639
 30
0.0
 10
-8.22507
 20
-5.83212
 30
0.0
 10
-8.24944
 20
-5.87783
 30
0.0
 10
-8.24944
 20
-5.87783
 30
0.0
 10
-8.12033
 20
-5.87865
 30
0.0
 10
-8.12033
 20
-5.87865
 30
0.0
 10
-8.12033
 20
-5.87865
 30
0.0
 10
-8.17657
 20
-5.74064
 30
0.0
 10
-8.17657
 20
-5.74064
 30
0.0
  0
SPLINE
  5
267
330
1F
100
AcDbEntity
  8
Plan 1
 62
   250
370
    20
100
AcDbSpline
210
0.0
220
0.0
230
1.0
 70
    11
 71
     3
 72
    20
 73
    16
 74
     0
 42
0.0000000001
 43
0.0000000001
 40
0.0
 40
0.0
 40
0.0
 40
0.0
 40
0.2
 40
0.2
 40
0.2
 40
0.4
 40
0.4
 40
0.4
 40
0.6000000000000001
 40
0.6000000000000001
 40
0.6000000000000001
 40
0.8
 40
0.8
 40
0.8
 40
1.0
 40
1.0
 40
1.0
 40
1.0
 10
-1.75245
 20
2.42619
 30
0.0
 10
-1.75245
 20
2.42619
 30
0.0
 10
-1.85736
 20
2.41163
 30
0.0
 10
-1.85736
 20
2.41163
 30
0.0
 10
-1.85791
 20
2.40706
 30
0.0
 10
-1.85921
 20
2.40253
 30
0.0
 10
-1.86129
 20
2.3982
 30
0.0
 10
-1.86129
 20
2.3982
 30
0.0
 10
-1.9737
 20
2.16519
 30
0.0
 10
-1.9737
 20
2.16519
 30
0.0
 10
-1.93802
 20
2.15356
 30
0.0
 10
-1.90235
 20
2.14193
 30
0.0
 10
-1.86667
 20
2.1303
 30
0.0
 10
-1.86667
 20
2.1303
 30
0.0
 10
-1.75245
 20
2.42619
 30
0.0
 10
-1.75245
 20
2.42619
 30
0.0
  0
SPLINE
  5
268
330
1F
100
AcDbEntity
  8
Plan 1
 62
   250
370
    20
100
AcDbSpline
210
0.0
220
0.0
230
1.0
 70
    11
 71
     3
 72
    23
 73
    19
 74
     0
 42
0.0000000001
 43
0.0000000001
 40
0.0
 40
0.0
 40
0.0
 40
0.0
 40
0.1666666666666667
 40
0.1666666666666667
 40
0.1666666666666667
 40
0.3333333333333333
 40
0.3333333333333333
 40
0.3333333333333333
 40
0.5
 40
0.5
 40
0.5
 40
0.6666666666666666
 40
0.6666666666666666
 40
0.6666666666666666
 40
0.8333333333333333
 40
0.8333333333333333
 40
0.8333333333333333
 40
1.0
 40
1.0
 40
1.0
 40
1.0
 10
-6.42849
 20
-2.96922
 30
0.0
 10
-6.42929
 20
-2.97157
 30
0.0
 10
-6.43031
 20
-2.97389
 30
0.0
 10
-6.43155
 20
-2.97615
 30
0.0
 10
-6.43155
 20
-2.97615
 30
0.0
 10
-6.61153
 20
-3.30313
 30
0.0
 10
-6.61153
 20
-3.30313
 30
0.0
 10
-6.6123
 20
-3.30453
 30
0.0
 10
-6.61316
 20
-3.30591
 30
0.0
 10
-6.61412
 20
-3.30726
 30
0.0
 10
-6.61412
 20
-3.30726
 30
0.0
 10
-6.52708
 20
-3.40579
 30
0.0
 10
-6.52708
 20
-3.40579
 30
0.0
 10
-6.52708
 20
-3.40579
 30
0.0
 10
-6.34754
 20
-2.97315
 30
0.0
 10
-6.34754
 20
-2.97315
 30
0.0
 10
-6.37452
 20
-2.97174
 30
0.0
 10
-6.4015
 20
-2.97043
 30
0.0
 10
-6.42849
 20
-2.96922
 30
0.0
  0
SPLINE
  5
269
330
1F
100
AcDbEntity
  8
Plan 1
 62
   250
370
    20
100
AcDbSpline
210
0.0
220
0.0
230
1.0
 70
    11
 71
     3
 72
    14
 73
    10
 74
     0
 42
0.0000000001
 43
0.0000000001
 40
0.0
 40
0.0
 40
0.0
 40
0.0
 40
0.3333333333333333
 40
0.3333333333333333
 40
0.3333333333333333
 40
0.6666666666666666
 40
0.6666666666666666
 40
0.6666666666666666
 40
1.0
 40
1.0
 40
1.0
 40
1.0
 10
-8.30418
 20
-4.97655
 30
0.0
 10
-8.30418
 20
-4.97655
 30
0.0
 10
-8.33669
 20
-5.08914
 30
0.0
 10
-8.33669
 20
-5.08914
 30
0.0
 10
-8.33669
 20
-5.08914
 30
0.0
 10
-8.13596
 20
-5.03458
 30
0.0
 10
-8.13596
 20
-5.03458
 30
0.0
 10
-8.19231
 20
-5.01565
 30
0.0
 10
-8.24838
 20
-4.99629
 30
0.0
 10
-8.30418
 20
-4.97655
 30
0.0
  0
SPLINE
  5
26A
330
1F
100
AcDbEntity
  8
Plan 1
 62
   250
370
    20
100
AcDbSpline
210
0.0
220
0.0
230
1.0
 70
    11
 71
     3
 72
    20
 73
    16
 74
     0
 42
0.0000000001
 43
0.0000000001
 40
0.0
 40
0.0
 40
0.0
 40
0.0
 40
0.2
 40
0.2
 40
0.2
 40
0.4
 40
0.4
 40
0.4
 40
0.6000000000000001
 40
0.6000000000000001
 40
0.6000000000000001
 40
0.8
 40
0.8
 40
0.8
 40
1.0
 40
1.0
 40
1.0
 40
1.0
 10
-8.2893
 20
-5.2187
 30
0.0
 10
-8.2893
 20
-5.2187
 30
0.0
 10
-8.24409
 20
-5.56285
 30
0.0
 10
-8.24409
 20
-5.56285
 30
0.0
 10
-8.21693
 20
-5.51119
 30
0.0
 10
-8.18989
 20
-5.45949
 30
0.0
 10
-8.16298
 20
-5.40775
 30
0.0
 10
-8.17018
 20
-5.40137
 30
0.0
 10
-8.17461
 20
-5.39339
 30
0.0
 10
-8.17655
 20
-5.3854
 30
0.0
 10
-8.17655
 20
-5.3854
 30
0.0
 10
-8.22143
 20
-5.20026
 30
0.0
 10
-8.22143
 20
-5.20026
 30
0.0
 10
-8.22143
 20
-5.20026
 30
0.0
 10
-8.2893
 20
-5.2187
 30
0.0
 10
-8.2893
 20
-5.2187
 30
0.0
  0
SPLINE
  5
26B
330
1F
100
AcDbEntity
  8
Plan 1
 62
   250
370
    20
100
AcDbSpline
210
0.0
220
0.0
230
1.0
 70
    11
 71
     3
 72
    26
 73
    22
 74
     0
 42
0.0000000001
 43
0.0000000001
 40
0.0
 40
0.0
 40
0.0
 40
0.0
 40
0.1428571428571428
 40
0.1428571428571428
 40
0.1428571428571428
 40
0.2857142857142857
 40
0.2857142857142857
 40
0.2857142857142857
 40
0.4285714285714285
 40
0.4285714285714285
 40
0.4285714285714285
 40
0.5714285714285714
 40
0.5714285714285714
 40
0.5714285714285714
 40
0.7142857142857142
 40
0.7142857142857142
 40
0.7142857142857142
 40
0.8571428571428571
 40
0.8571428571428571
 40
0.8571428571428571
 40
1.0
 40
1.0
 40
1.0
 40
1.0
 10
-8.3845
 20
-5.24458
 30
0.0
 10
-8.3845
 20
-5.24458
 30
0.0
 10
-8.49631
 20
-5.27496
 30
0.0
 10
-8.49631
 20
-5.27496
 30
0.0
 10
-8.49631
 20
-5.27496
 30
0.0
 10
-8.48313
 20
-5.7343
 30
0.0
 10
-8.48313
 20
-5.7343
 30
0.0
 10
-8.48298
 20
-5.73965
 30
0.0
 10
-8.48384
 20
-5.74507
 30
0.0
 10
-8.48578
 20
-5.75027
 30
0.0
 10
-8.48578
 20
-5.75027
 30
0.0
 10
-8.38028
 20
-5.82003
 30
0.0
 10
-8.38028
 20
-5.82003
 30
0.0
 10
-8.3583
 20
-5.7788
 30
0.0
 10
-8.33637
 20
-5.73755
 30
0.0
 10
-8.31451
 20
-5.69629
 30
0.0
 10
-8.32285
 20
-5.68877
 30
0.0
 10
-8.32743
 20
-5.67911
 30
0.0
 10
-8.32866
 20
-5.6697
 30
0.0
 10
-8.32866
 20
-5.6697
 30
0.0
 10
-8.3845
 20
-5.24458
 30
0.0
 10
-8.3845
 20
-5.24458
 30
0.0
  0
SPLINE
  5
26C
330
1F
100
AcDbEntity
  8
Plan 1
 62
   250
370
    20
100
AcDbSpline
210
0.0
220
0.0
230
1.0
 70
    11
 71
     3
 72
    20
 73
    16
 74
     0
 42
0.0000000001
 43
0.0000000001
 40
0.0
 40
0.0
 40
0.0
 40
0.0
 40
0.2
 40
0.2
 40
0.2
 40
0.4
 40
0.4
 40
0.4
 40
0.6000000000000001
 40
0.6000000000000001
 40
0.6000000000000001
 40
0.8
 40
0.8
 40
0.8
 40
1.0
 40
1.0
 40
1.0
 40
1.0
 10
-8.59346
 20
-5.30137
 30
0.0
 10
-8.59346
 20
-5.30137
 30
0.0
 10
-8.73128
 20
-5.33883
 30
0.0
 10
-8.73128
 20
-5.33883
 30
0.0
 10
-8.73128
 20
-5.33883
 30
0.0
 10
-8.72579
 20
-5.57407
 30
0.0
 10
-8.72579
 20
-5.57407
 30
0.0
 10
-8.72566
 20
-5.57936
 30
0.0
 10
-8.72653
 20
-5.58469
 30
0.0
 10
-8.72844
 20
-5.58982
 30
0.0
 10
-8.72844
 20
-5.58982
 30
0.0
 10
-8.58241
 20
-5.68638
 30
0.0
 10
-8.58241
 20
-5.68638
 30
0.0
 10
-8.58241
 20
-5.68638
 30
0.0
 10
-8.59346
 20
-5.30137
 30
0.0
 10
-8.59346
 20
-5.30137
 30
0.0
  0
SPLINE
  5
26D
330
1F
100
AcDbEntity
  8
Plan 1
 62
   250
370
    20
100
AcDbSpline
210
0.0
220
0.0
230
1.0
 70
    11
 71
     3
 72
    23
 73
    19
 74
     0
 42
0.0000000001
 43
0.0000000001
 40
0.0
 40
0.0
 40
0.0
 40
0.0
 40
0.1666666666666667
 40
0.1666666666666667
 40
0.1666666666666667
 40
0.3333333333333333
 40
0.3333333333333333
 40
0.3333333333333333
 40
0.5
 40
0.5
 40
0.5
 40
0.6666666666666666
 40
0.6666666666666666
 40
0.6666666666666666
 40
0.8333333333333333
 40
0.8333333333333333
 40
0.8333333333333333
 40
1.0
 40
1.0
 40
1.0
 40
1.0
 10
-8.82747
 20
-5.69144
 30
0.0
 10
-8.83422
 20
-5.69622
 30
0.0
 10
-8.8427
 20
-5.6996
 30
0.0
 10
-8.85264
 20
-5.70047
 30
0.0
 10
-8.85264
 20
-5.70047
 30
0.0
 10
-9.26914
 20
-5.73697
 30
0.0
 10
-9.26914
 20
-5.73697
 30
0.0
 10
-9.27333
 20
-5.73734
 30
0.0
 10
-9.27747
 20
-5.73721
 30
0.0
 10
-9.28147
 20
-5.73665
 30
0.0
 10
-9.28147
 20
-5.73665
 30
0.0
 10
-9.34149
 20
-5.84253
 30
0.0
 10
-9.34149
 20
-5.84253
 30
0.0
 10
-9.34149
 20
-5.84253
 30
0.0
 10
-8.67724
 20
-5.79078
 30
0.0
 10
-8.67724
 20
-5.79078
 30
0.0
 10
-8.67724
 20
-5.79078
 30
0.0
 10
-8.82747
 20
-5.69144
 30
0.0
 10
-8.82747
 20
-5.69144
 30
0.0
  0
SPLINE
  5
26E
330
1F
100
AcDbEntity
  8
Plan 1
 62
   250
370
    20
100
AcDbSpline
210
0.0
220
0.0
230
1.0
 70
    11
 71
     3
 72
    20
 73
    16
 74
     0
 42
0.0000000001
 43
0.0000000001
 40
0.0
 40
0.0
 40
0.0
 40
0.0
 40
0.2
 40
0.2
 40
0.2
 40
0.4
 40
0.4
 40
0.4
 40
0.6000000000000001
 40
0.6000000000000001
 40
0.6000000000000001
 40
0.8
 40
0.8
 40
0.8
 40
1.0
 40
1.0
 40
1.0
 40
1.0
 10
-9.30689
 20
-5.92993
 30
0.0
 10
-9.30689
 20
-5.92993
 30
0.0
 10
-9.26085
 20
-6.00576
 30
0.0
 10
-9.26085
 20
-6.00576
 30
0.0
 10
-9.26085
 20
-6.00576
 30
0.0
 10
-8.47615
 20
-5.92374
 30
0.0
 10
-8.47615
 20
-5.92374
 30
0.0
 10
-8.47615
 20
-5.92374
 30
0.0
 10
-8.56491
 20
-5.86505
 30
0.0
 10
-8.56491
 20
-5.86505
 30
0.0
 10
-8.57178
 20
-5.86991
 30
0.0
 10
-8.58045
 20
-5.87333
 30
0.0
 10
-8.59061
 20
-5.87412
 30
0.0
 10
-8.59061
 20
-5.87412
 30
0.0
 10
-9.30689
 20
-5.92993
 30
0.0
 10
-9.30689
 20
-5.92993
 30
0.0
  0
SPLINE
  5
26F
330
1F
100
AcDbEntity
  8
Plan 1
 62
   250
370
    20
100
AcDbSpline
210
0.0
220
0.0
230
1.0
 70
    11
 71
     3
 72
    14
 73
    10
 74
     0
 42
0.0000000001
 43
0.0000000001
 40
0.0
 40
0.0
 40
0.0
 40
0.0
 40
0.3333333333333333
 40
0.3333333333333333
 40
0.3333333333333333
 40
0.6666666666666666
 40
0.6666666666666666
 40
0.6666666666666666
 40
1.0
 40
1.0
 40
1.0
 40
1.0
 10
-9.20925
 20
-6.09072
 30
0.0
 10
-9.20925
 20
-6.09072
 30
0.0
 10
-9.13361
 20
-6.21528
 30
0.0
 10
-9.13361
 20
-6.21528
 30
0.0
 10
-9.13361
 20
-6.21528
 30
0.0
 10
-8.70337
 20
-6.03785
 30
0.0
 10
-8.70337
 20
-6.03785
 30
0.0
 10
-8.70337
 20
-6.03785
 30
0.0
 10
-9.20925
 20
-6.09072
 30
0.0
 10
-9.20925
 20
-6.09072
 30
0.0
  0
SPLINE
  5
270
330
1F
100
AcDbEntity
  8
Plan 1
 62
   250
370
    20
100
AcDbSpline
210
0.0
220
0.0
230
1.0
 70
    11
 71
     3
 72
    35
 73
    31
 74
     0
 42
0.0000000001
 43
0.0000000001
 40
0.0
 40
0.0
 40
0.0
 40
0.0
 40
0.1
 40
0.1
 40
0.1
 40
0.2
 40
0.2
 40
0.2
 40
0.3
 40
0.3
 40
0.3
 40
0.4
 40
0.4
 40
0.4
 40
0.5
 40
0.5
 40
0.5
 40
0.6000000000000001
 40
0.6000000000000001
 40
0.6000000000000001
 40
0.7000000000000001
 40
0.7000000000000001
 40
0.7000000000000001
 40
0.8
 40
0.8
 40
0.8
 40
0.9
 40
0.9
 40
0.9
 40
1.0
 40
1.0
 40
1.0
 40
1.0
 10
-9.40464
 20
-5.9539
 30
0.0
 10
-9.40464
 20
-5.9539
 30
0.0
 10
-9.47773
 20
-6.08284
 30
0.0
 10
-9.47773
 20
-6.08284
 30
0.0
 10
-9.48031
 20
-6.08738
 30
0.0
 10
-9.48344
 20
-6.0918
 30
0.0
 10
-9.48722
 20
-6.0959
 30
0.0
 10
-9.48689
 20
-6.09718
 30
0.0
 10
-9.48662
 20
-6.09847
 30
0.0
 10
-9.48641
 20
-6.09976
 30
0.0
 10
-9.48641
 20
-6.09976
 30
0.0
 10
-9.45939
 20
-6.2661
 30
0.0
 10
-9.45939
 20
-6.2661
 30
0.0
 10
-9.45939
 20
-6.2661
 30
0.0
 10
-9.33583
 20
-6.24515
 30
0.0
 10
-9.33583
 20
-6.24515
 30
0.0
 10
-9.3226
 20
-6.24291
 30
0.0
 10
-9.31025
 20
-6.244
 30
0.0
 10
-9.29802
 20
-6.2482
 30
0.0
 10
-9.29802
 20
-6.2482
 30
0.0
 10
-9.24339
 20
-6.267
 30
0.0
 10
-9.24339
 20
-6.267
 30
0.0
 10
-9.23879
 20
-6.26114
 30
0.0
 10
-9.23242
 20
-6.25603
 30
0.0
 10
-9.22416
 20
-6.25262
 30
0.0
 10
-9.22416
 20
-6.25262
 30
0.0
 10
-9.22342
 20
-6.25232
 30
0.0
 10
-9.22342
 20
-6.25232
 30
0.0
 10
-9.22342
 20
-6.25232
 30
0.0
 10
-9.40464
 20
-5.9539
 30
0.0
 10
-9.40464
 20
-5.9539
 30
0.0
  0
SPLINE
  5
271
330
1F
100
AcDbEntity
  8
Plan 1
 62
   250
370
    20
100
AcDbSpline
210
0.0
220
0.0
230
1.0
 70
    11
 71
     3
 72
    23
 73
    19
 74
     0
 42
0.0000000001
 43
0.0000000001
 40
0.0
 40
0.0
 40
0.0
 40
0.0
 40
0.1666666666666667
 40
0.1666666666666667
 40
0.1666666666666667
 40
0.3333333333333333
 40
0.3333333333333333
 40
0.3333333333333333
 40
0.5
 40
0.5
 40
0.5
 40
0.6666666666666666
 40
0.6666666666666666
 40
0.6666666666666666
 40
0.8333333333333333
 40
0.8333333333333333
 40
0.8333333333333333
 40
1.0
 40
1.0
 40
1.0
 40
1.0
 10
-8.387
 20
-6.01527
 30
0.0
 10
-8.387
 20
-6.01527
 30
0.0
 10
-8.82462
 20
-6.41109
 30
0.0
 10
-8.82462
 20
-6.41109
 30
0.0
 10
-8.82462
 20
-6.41109
 30
0.0
 10
-8.71078
 20
-6.45026
 30
0.0
 10
-8.71078
 20
-6.45026
 30
0.0
 10
-8.70912
 20
-6.44815
 30
0.0
 10
-8.70723
 20
-6.44614
 30
0.0
 10
-8.70509
 20
-6.44426
 30
0.0
 10
-8.70509
 20
-6.44426
 30
0.0
 10
-8.33638
 20
-6.12028
 30
0.0
 10
-8.33638
 20
-6.12028
 30
0.0
 10
-8.3362
 20
-6.12013
 30
0.0
 10
-8.33602
 20
-6.11997
 30
0.0
 10
-8.33584
 20
-6.11981
 30
0.0
 10
-8.33584
 20
-6.11981
 30
0.0
 10
-8.387
 20
-6.01527
 30
0.0
 10
-8.387
 20
-6.01527
 30
0.0
  0
SPLINE
  5
272
330
1F
100
AcDbEntity
  8
Plan 1
 62
   250
370
    20
100
AcDbSpline
210
0.0
220
0.0
230
1.0
 70
    11
 71
     3
 72
    14
 73
    10
 74
     0
 42
0.0000000001
 43
0.0000000001
 40
0.0
 40
0.0
 40
0.0
 40
0.0
 40
0.3333333333333333
 40
0.3333333333333333
 40
0.3333333333333333
 40
0.6666666666666666
 40
0.6666666666666666
 40
0.6666666666666666
 40
1.0
 40
1.0
 40
1.0
 40
1.0
 10
-8.12731
 20
-5.17467
 30
0.0
 10
-8.12731
 20
-5.17467
 30
0.0
 10
-8.1002
 20
-5.28648
 30
0.0
 10
-8.1002
 20
-5.28648
 30
0.0
 10
-8.07644
 20
-5.24036
 30
0.0
 10
-8.0528
 20
-5.19422
 30
0.0
 10
-8.0293
 20
-5.14803
 30
0.0
 10
-8.0293
 20
-5.14803
 30
0.0
 10
-8.12731
 20
-5.17467
 30
0.0
 10
-8.12731
 20
-5.17467
 30
0.0
  0
SPLINE
  5
273
330
1F
100
AcDbEntity
  8
Plan 1
 62
   250
370
    20
100
AcDbSpline
210
0.0
220
0.0
230
1.0
 70
    11
 71
     3
 72
    20
 73
    16
 74
     0
 42
0.0000000001
 43
0.0000000001
 40
0.0
 40
0.0
 40
0.0
 40
0.0
 40
0.2
 40
0.2
 40
0.2
 40
0.4
 40
0.4
 40
0.4
 40
0.6000000000000001
 40
0.6000000000000001
 40
0.6000000000000001
 40
0.8
 40
0.8
 40
0.8
 40
1.0
 40
1.0
 40
1.0
 40
1.0
 10
-9.08573
 20
-6.29415
 30
0.0
 10
-9.07979
 20
-6.30426
 30
0.0
 10
-9.07586
 20
-6.31299
 30
0.0
 10
-9.07714
 20
-6.32421
 30
0.0
 10
-9.07714
 20
-6.32421
 30
0.0
 10
-8.92526
 20
-6.37647
 30
0.0
 10
-8.92526
 20
-6.37647
 30
0.0
 10
-8.92373
 20
-6.37452
 30
0.0
 10
-8.92199
 20
-6.37266
 30
0.0
 10
-8.92005
 20
-6.3709
 30
0.0
 10
-8.92005
 20
-6.3709
 30
0.0
 10
-8.62523
 20
-6.10424
 30
0.0
 10
-8.62523
 20
-6.10424
 30
0.0
 10
-8.62523
 20
-6.10424
 30
0.0
 10
-9.08573
 20
-6.29415
 30
0.0
 10
-9.08573
 20
-6.29415
 30
0.0
  0
SPLINE
  5
274
330
1F
100
AcDbEntity
  8
Plan 1
 62
   250
370
    20
100
AcDbSpline
210
0.0
220
0.0
230
1.0
 70
    11
 71
     3
 72
    17
 73
    13
 74
     0
 42
0.0000000001
 43
0.0000000001
 40
0.0
 40
0.0
 40
0.0
 40
0.0
 40
0.25
 40
0.25
 40
0.25
 40
0.5
 40
0.5
 40
0.5
 40
0.75
 40
0.75
 40
0.75
 40
1.0
 40
1.0
 40
1.0
 40
1.0
 10
-5.0429
 20
-0.06173
 30
0.0
 10
-5.0429
 20
-0.06173
 30
0.0
 10
-5.60888
 20
-0.03621
 30
0.0
 10
-5.60888
 20
-0.03621
 30
0.0
 10
-5.61094
 20
-0.15584
 30
0.0
 10
-5.61301
 20
-0.27548
 30
0.0
 10
-5.61506
 20
-0.39512
 30
0.0
 10
-5.61506
 20
-0.39512
 30
0.0
 10
-5.19417
 20
-0.43447
 30
0.0
 10
-5.19417
 20
-0.43447
 30
0.0
 10
-5.14386
 20
-0.3102
 30
0.0
 10
-5.09343
 20
-0.18596
 30
0.0
 10
-5.0429
 20
-0.06173
 30
0.0
  0
SPLINE
  5
275
330
1F
100
AcDbEntity
  8
Plan 1
 62
   250
370
    20
100
AcDbSpline
210
0.0
220
0.0
230
1.0
 70
    11
 71
     3
 72
    17
 73
    13
 74
     0
 42
0.0000000001
 43
0.0000000001
 40
0.0
 40
0.0
 40
0.0
 40
0.0
 40
0.25
 40
0.25
 40
0.25
 40
0.5
 40
0.5
 40
0.5
 40
0.75
 40
0.75
 40
0.75
 40
1.0
 40
1.0
 40
1.0
 40
1.0
 10
-5.61661
 20
-0.48521
 30
0.0
 10
-5.61742
 20
-0.53186
 30
0.0
 10
-5.61822
 20
-0.57852
 30
0.0
 10
-5.61902
 20
-0.62516
 30
0.0
 10
-5.61902
 20
-0.62516
 30
0.0
 10
-5.24586
 20
-0.56224
 30
0.0
 10
-5.24586
 20
-0.56224
 30
0.0
 10
-5.24036
 20
-0.54863
 30
0.0
 10
-5.23485
 20
-0.53503
 30
0.0
 10
-5.22935
 20
-0.52142
 30
0.0
 10
-5.22935
 20
-0.52142
 30
0.0
 10
-5.61661
 20
-0.48521
 30
0.0
 10
-5.61661
 20
-0.48521
 30
0.0
  0
SPLINE
  5
276
330
1F
100
AcDbEntity
  8
Plan 1
 62
   250
370
    20
100
AcDbSpline
210
0.0
220
0.0
230
1.0
 70
    11
 71
     3
 72
    14
 73
    10
 74
     0
 42
0.0000000001
 43
0.0000000001
 40
0.0
 40
0.0
 40
0.0
 40
0.0
 40
0.3333333333333333
 40
0.3333333333333333
 40
0.3333333333333333
 40
0.6666666666666666
 40
0.6666666666666666
 40
0.6666666666666666
 40
1.0
 40
1.0
 40
1.0
 40
1.0
 10
-5.80059
 20
-0.78157
 30
0.0
 10
-5.80059
 20
-0.78157
 30
0.0
 10
-5.93524
 20
-0.78902
 30
0.0
 10
-5.93524
 20
-0.78902
 30
0.0
 10
-5.93524
 20
-0.78902
 30
0.0
 10
-5.92798
 20
-1.09018
 30
0.0
 10
-5.92798
 20
-1.09018
 30
0.0
 10
-5.92798
 20
-1.09018
 30
0.0
 10
-5.80059
 20
-0.78157
 30
0.0
 10
-5.80059
 20
-0.78157
 30
0.0
  0
SPLINE
  5
277
330
1F
100
AcDbEntity
  8
Plan 1
 62
   250
370
    20
100
AcDbSpline
210
0.0
220
0.0
230
1.0
 70
    11
 71
     3
 72
    26
 73
    22
 74
     0
 42
0.0000000001
 43
0.0000000001
 40
0.0
 40
0.0
 40
0.0
 40
0.0
 40
0.1428571428571428
 40
0.1428571428571428
 40
0.1428571428571428
 40
0.2857142857142857
 40
0.2857142857142857
 40
0.2857142857142857
 40
0.4285714285714285
 40
0.4285714285714285
 40
0.4285714285714285
 40
0.5714285714285714
 40
0.5714285714285714
 40
0.5714285714285714
 40
0.7142857142857142
 40
0.7142857142857142
 40
0.7142857142857142
 40
0.8571428571428571
 40
0.8571428571428571
 40
0.8571428571428571
 40
1.0
 40
1.0
 40
1.0
 40
1.0
 10
-6.03301
 20
-0.79443
 30
0.0
 10
-6.03301
 20
-0.79443
 30
0.0
 10
-6.11035
 20
-0.7987
 30
0.0
 10
-6.11035
 20
-0.7987
 30
0.0
 10
-6.11035
 20
-0.7987
 30
0.0
 10
-6.1173
 20
-1.33944
 30
0.0
 10
-6.1173
 20
-1.33944
 30
0.0
 10
-6.11738
 20
-1.34593
 30
0.0
 10
-6.11896
 20
-1.3525
 30
0.0
 10
-6.12218
 20
-1.35862
 30
0.0
 10
-6.12218
 20
-1.35862
 30
0.0
 10
-6.06065
 20
-1.41159
 30
0.0
 10
-6.06065
 20
-1.41159
 30
0.0
 10
-6.06065
 20
-1.41159
 30
0.0
 10
-6.00462
 20
-1.27585
 30
0.0
 10
-6.00462
 20
-1.27585
 30
0.0
 10
-6.01633
 20
-1.26699
 30
0.0
 10
-6.02193
 20
-1.25407
 30
0.0
 10
-6.02221
 20
-1.24219
 30
0.0
 10
-6.02221
 20
-1.24219
 30
0.0
 10
-6.03301
 20
-0.79443
 30
0.0
 10
-6.03301
 20
-0.79443
 30
0.0
  0
SPLINE
  5
278
330
1F
100
AcDbEntity
  8
Plan 1
 62
   250
370
    20
100
AcDbSpline
210
0.0
220
0.0
230
1.0
 70
    11
 71
     3
 72
    14
 73
    10
 74
     0
 42
0.0000000001
 43
0.0000000001
 40
0.0
 40
0.0
 40
0.0
 40
0.0
 40
0.3333333333333333
 40
0.3333333333333333
 40
0.3333333333333333
 40
0.6666666666666666
 40
0.6666666666666666
 40
0.6666666666666666
 40
1.0
 40
1.0
 40
1.0
 40
1.0
 10
-6.38963
 20
-1.31347
 30
0.0
 10
-6.38963
 20
-1.31347
 30
0.0
 10
-6.25553
 20
-1.68204
 30
0.0
 10
-6.25553
 20
-1.68204
 30
0.0
 10
-6.25553
 20
-1.68204
 30
0.0
 10
-6.13087
 20
-1.53625
 30
0.0
 10
-6.13087
 20
-1.53625
 30
0.0
 10
-6.13087
 20
-1.53625
 30
0.0
 10
-6.38963
 20
-1.31347
 30
0.0
 10
-6.38963
 20
-1.31347
 30
0.0
  0
SPLINE
  5
279
330
1F
100
AcDbEntity
  8
Plan 1
 62
   250
370
    20
100
AcDbSpline
210
0.0
220
0.0
230
1.0
 70
    11
 71
     3
 72
    23
 73
    19
 74
     0
 42
0.0000000001
 43
0.0000000001
 40
0.0
 40
0.0
 40
0.0
 40
0.0
 40
0.1666666666666667
 40
0.1666666666666667
 40
0.1666666666666667
 40
0.3333333333333333
 40
0.3333333333333333
 40
0.3333333333333333
 40
0.5
 40
0.5
 40
0.5
 40
0.6666666666666666
 40
0.6666666666666666
 40
0.6666666666666666
 40
0.8333333333333333
 40
0.8333333333333333
 40
0.8333333333333333
 40
1.0
 40
1.0
 40
1.0
 40
1.0
 10
-6.51856
 20
-1.20248
 30
0.0
 10
-6.51856
 20
-1.20248
 30
0.0
 10
-6.60356
 20
-1.12929
 30
0.0
 10
-6.60356
 20
-1.12929
 30
0.0
 10
-6.60356
 20
-1.12929
 30
0.0
 10
-6.38996
 20
-1.83926
 30
0.0
 10
-6.38996
 20
-1.83926
 30
0.0
 10
-6.38996
 20
-1.83926
 30
0.0
 10
-6.32671
 20
-1.76529
 30
0.0
 10
-6.32671
 20
-1.76529
 30
0.0
 10
-6.3292
 20
-1.76189
 30
0.0
 10
-6.33109
 20
-1.75827
 30
0.0
 10
-6.33243
 20
-1.75457
 30
0.0
 10
-6.33243
 20
-1.75457
 30
0.0
 10
-6.52088
 20
-1.23669
 30
0.0
 10
-6.52088
 20
-1.23669
 30
0.0
 10
-6.52488
 20
-1.22569
 30
0.0
 10
-6.52422
 20
-1.2133
 30
0.0
 10
-6.51856
 20
-1.20248
 30
0.0
  0
SPLINE
  5
27A
330
1F
100
AcDbEntity
  8
Plan 1
 62
   250
370
    20
100
AcDbSpline
210
0.0
220
0.0
230
1.0
 70
    11
 71
     3
 72
    29
 73
    25
 74
     0
 42
0.0000000001
 43
0.0000000001
 40
0.0
 40
0.0
 40
0.0
 40
0.0
 40
0.125
 40
0.125
 40
0.125
 40
0.25
 40
0.25
 40
0.25
 40
0.375
 40
0.375
 40
0.375
 40
0.5
 40
0.5
 40
0.5
 40
0.625
 40
0.625
 40
0.625
 40
0.75
 40
0.75
 40
0.75
 40
0.875
 40
0.875
 40
0.875
 40
1.0
 40
1.0
 40
1.0
 40
1.0
 10
-6.72359
 20
-1.02596
 30
0.0
 10
-6.72359
 20
-1.02596
 30
0.0
 10
-6.89237
 20
-0.88065
 30
0.0
 10
-6.89237
 20
-0.88065
 30
0.0
 10
-6.89237
 20
-0.88065
 30
0.0
 10
-6.90842
 20
-0.90554
 30
0.0
 10
-6.90842
 20
-0.90554
 30
0.0
 10
-6.9042
 20
-0.90999
 30
0.0
 10
-6.90116
 20
-0.91502
 30
0.0
 10
-6.89922
 20
-0.92019
 30
0.0
 10
-6.89922
 20
-0.92019
 30
0.0
 10
-6.54428
 20
-1.86354
 30
0.0
 10
-6.54428
 20
-1.86354
 30
0.0
 10
-6.54313
 20
-1.86659
 30
0.0
 10
-6.54235
 20
-1.86972
 30
0.0
 10
-6.54193
 20
-1.87287
 30
0.0
 10
-6.54193
 20
-1.87287
 30
0.0
 10
-6.47907
 20
-1.88082
 30
0.0
 10
-6.47907
 20
-1.88082
 30
0.0
 10
-6.47907
 20
-1.88082
 30
0.0
 10
-6.72667
 20
-1.05787
 30
0.0
 10
-6.72667
 20
-1.05787
 30
0.0
 10
-6.72979
 20
-1.0475
 30
0.0
 10
-6.72887
 20
-1.03606
 30
0.0
 10
-6.72359
 20
-1.02596
 30
0.0
  0
SPLINE
  5
27B
330
1F
100
AcDbEntity
  8
Plan 1
 62
   250
370
    20
100
AcDbSpline
210
0.0
220
0.0
230
1.0
 70
    11
 71
     3
 72
    23
 73
    19
 74
     0
 42
0.0000000001
 43
0.0000000001
 40
0.0
 40
0.0
 40
0.0
 40
0.0
 40
0.1666666666666667
 40
0.1666666666666667
 40
0.1666666666666667
 40
0.3333333333333333
 40
0.3333333333333333
 40
0.3333333333333333
 40
0.5
 40
0.5
 40
0.5
 40
0.6666666666666666
 40
0.6666666666666666
 40
0.6666666666666666
 40
0.8333333333333333
 40
0.8333333333333333
 40
0.8333333333333333
 40
1.0
 40
1.0
 40
1.0
 40
1.0
 10
-6.97155
 20
-1.0035
 30
0.0
 10
-6.97155
 20
-1.0035
 30
0.0
 10
-7.03148
 20
-1.09649
 30
0.0
 10
-7.03148
 20
-1.09649
 30
0.0
 10
-7.02723
 20
-1.10096
 30
0.0
 10
-7.02419
 20
-1.10603
 30
0.0
 10
-7.02225
 20
-1.11123
 30
0.0
 10
-7.02225
 20
-1.11123
 30
0.0
 10
-6.75098
 20
-1.83747
 30
0.0
 10
-6.75098
 20
-1.83747
 30
0.0
 10
-6.74985
 20
-1.84049
 30
0.0
 10
-6.74909
 20
-1.84358
 30
0.0
 10
-6.74867
 20
-1.8467
 30
0.0
 10
-6.74867
 20
-1.8467
 30
0.0
 10
-6.64957
 20
-1.85924
 30
0.0
 10
-6.64957
 20
-1.85924
 30
0.0
 10
-6.64957
 20
-1.85924
 30
0.0
 10
-6.97155
 20
-1.0035
 30
0.0
 10
-6.97155
 20
-1.0035
 30
0.0
  0
SPLINE
  5
27C
330
1F
100
AcDbEntity
  8
Plan 1
 62
   250
370
    20
100
AcDbSpline
210
0.0
220
0.0
230
1.0
 70
    11
 71
     3
 72
    23
 73
    19
 74
     0
 42
0.0000000001
 43
0.0000000001
 40
0.0
 40
0.0
 40
0.0
 40
0.0
 40
0.1666666666666667
 40
0.1666666666666667
 40
0.1666666666666667
 40
0.3333333333333333
 40
0.3333333333333333
 40
0.3333333333333333
 40
0.5
 40
0.5
 40
0.5
 40
0.6666666666666666
 40
0.6666666666666666
 40
0.6666666666666666
 40
0.8333333333333333
 40
0.8333333333333333
 40
0.8333333333333333
 40
1.0
 40
1.0
 40
1.0
 40
1.0
 10
-6.78946
 20
-1.97961
 30
0.0
 10
-6.79205
 20
-1.98537
 30
0.0
 10
-6.79602
 20
-1.99081
 30
0.0
 10
-6.8015
 20
-1.99539
 30
0.0
 10
-6.8015
 20
-1.99539
 30
0.0
 10
-7.21169
 20
-2.33841
 30
0.0
 10
-7.21169
 20
-2.33841
 30
0.0
 10
-7.21249
 20
-2.33909
 30
0.0
 10
-7.21333
 20
-2.33974
 30
0.0
 10
-7.21419
 20
-2.34037
 30
0.0
 10
-7.21419
 20
-2.34037
 30
0.0
 10
-7.19624
 20
-2.3866
 30
0.0
 10
-7.19624
 20
-2.3866
 30
0.0
 10
-7.19624
 20
-2.3866
 30
0.0
 10
-6.71735
 20
-1.98874
 30
0.0
 10
-6.71735
 20
-1.98874
 30
0.0
 10
-6.71735
 20
-1.98874
 30
0.0
 10
-6.78946
 20
-1.97961
 30
0.0
 10
-6.78946
 20
-1.97961
 30
0.0
  0
SPLINE
  5
27D
330
1F
100
AcDbEntity
  8
Plan 1
 62
   250
370
    20
100
AcDbSpline
210
0.0
220
0.0
230
1.0
 70
    11
 71
     3
 72
    23
 73
    19
 74
     0
 42
0.0000000001
 43
0.0000000001
 40
0.0
 40
0.0
 40
0.0
 40
0.0
 40
0.1666666666666667
 40
0.1666666666666667
 40
0.1666666666666667
 40
0.3333333333333333
 40
0.3333333333333333
 40
0.3333333333333333
 40
0.5
 40
0.5
 40
0.5
 40
0.6666666666666666
 40
0.6666666666666666
 40
0.6666666666666666
 40
0.8333333333333333
 40
0.8333333333333333
 40
0.8333333333333333
 40
1.0
 40
1.0
 40
1.0
 40
1.0
 10
-7.90235
 20
-2.39366
 30
0.0
 10
-7.90235
 20
-2.39366
 30
0.0
 10
-7.96564
 20
-2.46551
 30
0.0
 10
-7.96564
 20
-2.46551
 30
0.0
 10
-7.96564
 20
-2.46551
 30
0.0
 10
-7.26766
 20
-2.59823
 30
0.0
 10
-7.26766
 20
-2.59823
 30
0.0
 10
-7.26766
 20
-2.59823
 30
0.0
 10
-7.29621
 20
-2.52472
 30
0.0
 10
-7.29621
 20
-2.52472
 30
0.0
 10
-7.30025
 20
-2.52476
 30
0.0
 10
-7.30431
 20
-2.52436
 30
0.0
 10
-7.3083
 20
-2.5235
 30
0.0
 10
-7.3083
 20
-2.5235
 30
0.0
 10
-7.89627
 20
-2.39537
 30
0.0
 10
-7.89627
 20
-2.39537
 30
0.0
 10
-7.89838
 20
-2.39491
 30
0.0
 10
-7.9004
 20
-2.39434
 30
0.0
 10
-7.90235
 20
-2.39366
 30
0.0
  0
SPLINE
  5
27E
330
1F
100
AcDbEntity
  8
Plan 1
 62
   250
370
    20
100
AcDbSpline
210
0.0
220
0.0
230
1.0
 70
    11
 71
     3
 72
    14
 73
    10
 74
     0
 42
0.0000000001
 43
0.0000000001
 40
0.0
 40
0.0
 40
0.0
 40
0.0
 40
0.3333333333333333
 40
0.3333333333333333
 40
0.3333333333333333
 40
0.6666666666666666
 40
0.6666666666666666
 40
0.6666666666666666
 40
1.0
 40
1.0
 40
1.0
 40
1.0
 10
-8.22136
 20
-3.26673
 30
0.0
 10
-8.22136
 20
-3.26673
 30
0.0
 10
-8.30467
 20
-3.51375
 30
0.0
 10
-8.30467
 20
-3.51375
 30
0.0
 10
-8.30467
 20
-3.51375
 30
0.0
 10
-8.18603
 20
-3.51355
 30
0.0
 10
-8.18603
 20
-3.51355
 30
0.0
 10
-8.18603
 20
-3.51355
 30
0.0
 10
-8.22136
 20
-3.26673
 30
0.0
 10
-8.22136
 20
-3.26673
 30
0.0
  0
SPLINE
  5
27F
330
1F
100
AcDbEntity
  8
Plan 1
 62
   250
370
    20
100
AcDbSpline
210
0.0
220
0.0
230
1.0
 70
    11
 71
     3
 72
    23
 73
    19
 74
     0
 42
0.0000000001
 43
0.0000000001
 40
0.0
 40
0.0
 40
0.0
 40
0.0
 40
0.1666666666666667
 40
0.1666666666666667
 40
0.1666666666666667
 40
0.3333333333333333
 40
0.3333333333333333
 40
0.3333333333333333
 40
0.5
 40
0.5
 40
0.5
 40
0.6666666666666666
 40
0.6666666666666666
 40
0.6666666666666666
 40
0.8333333333333333
 40
0.8333333333333333
 40
0.8333333333333333
 40
1.0
 40
1.0
 40
1.0
 40
1.0
 10
-6.60523
 20
-2.96258
 30
0.0
 10
-6.60622
 20
-2.96567
 30
0.0
 10
-6.60757
 20
-2.96869
 30
0.0
 10
-6.60931
 20
-2.9716
 30
0.0
 10
-6.60931
 20
-2.9716
 30
0.0
 10
-6.7294
 20
-3.17197
 30
0.0
 10
-6.7294
 20
-3.17197
 30
0.0
 10
-6.72995
 20
-3.1729
 30
0.0
 10
-6.73055
 20
-3.17382
 30
0.0
 10
-6.73119
 20
-3.17472
 30
0.0
 10
-6.73119
 20
-3.17472
 30
0.0
 10
-6.68162
 20
-3.23084
 30
0.0
 10
-6.68162
 20
-3.23084
 30
0.0
 10
-6.68162
 20
-3.23084
 30
0.0
 10
-6.53524
 20
-2.9649
 30
0.0
 10
-6.53524
 20
-2.9649
 30
0.0
 10
-6.55857
 20
-2.96406
 30
0.0
 10
-6.5819
 20
-2.96329
 30
0.0
 10
-6.60523
 20
-2.96258
 30
0.0
  0
SPLINE
  5
280
330
1F
100
AcDbEntity
  8
Plan 1
 62
   250
370
    20
100
AcDbSpline
210
0.0
220
0.0
230
1.0
 70
    11
 71
     3
 72
    23
 73
    19
 74
     0
 42
0.0000000001
 43
0.0000000001
 40
0.0
 40
0.0
 40
0.0
 40
0.0
 40
0.1666666666666667
 40
0.1666666666666667
 40
0.1666666666666667
 40
0.3333333333333333
 40
0.3333333333333333
 40
0.3333333333333333
 40
0.5
 40
0.5
 40
0.5
 40
0.6666666666666666
 40
0.6666666666666666
 40
0.6666666666666666
 40
0.8333333333333333
 40
0.8333333333333333
 40
0.8333333333333333
 40
1.0
 40
1.0
 40
1.0
 40
1.0
 10
-5.16165
 20
-1.42776
 30
0.0
 10
-5.16222
 20
-1.42868
 30
0.0
 10
-5.16282
 20
-1.4296
 30
0.0
 10
-5.16346
 20
-1.4305
 30
0.0
 10
-5.16346
 20
-1.4305
 30
0.0
 10
-5.3231
 20
-1.65379
 30
0.0
 10
-5.3231
 20
-1.65379
 30
0.0
 10
-5.32647
 20
-1.6585
 30
0.0
 10
-5.33097
 20
-1.66281
 30
0.0
 10
-5.33656
 20
-1.66623
 30
0.0
 10
-5.32917
 20
-1.69186
 30
0.0
 10
-5.32178
 20
-1.7175
 30
0.0
 10
-5.3144
 20
-1.74314
 30
0.0
 10
-5.3144
 20
-1.74314
 30
0.0
 10
-5.07254
 20
-1.44857
 30
0.0
 10
-5.07254
 20
-1.44857
 30
0.0
 10
-5.10224
 20
-1.44162
 30
0.0
 10
-5.13195
 20
-1.43468
 30
0.0
 10
-5.16165
 20
-1.42776
 30
0.0
  0
SPLINE
  5
281
330
1F
100
AcDbEntity
  8
Plan 1
 62
   250
370
    20
100
AcDbSpline
210
0.0
220
0.0
230
1.0
 70
    11
 71
     3
 72
    20
 73
    16
 74
     0
 42
0.0000000001
 43
0.0000000001
 40
0.0
 40
0.0
 40
0.0
 40
0.0
 40
0.2
 40
0.2
 40
0.2
 40
0.4
 40
0.4
 40
0.4
 40
0.6000000000000001
 40
0.6000000000000001
 40
0.6000000000000001
 40
0.8
 40
0.8
 40
0.8
 40
1.0
 40
1.0
 40
1.0
 40
1.0
 10
-8.39601
 20
-4.94365
 30
0.0
 10
-8.4184
 20
-4.93553
 30
0.0
 10
-8.44074
 20
-4.92735
 30
0.0
 10
-8.46304
 20
-4.91912
 30
0.0
 10
-8.46304
 20
-4.91912
 30
0.0
 10
-8.57151
 20
-5.15296
 30
0.0
 10
-8.57151
 20
-5.15296
 30
0.0
 10
-8.57151
 20
-5.15296
 30
0.0
 10
-8.44448
 20
-5.11844
 30
0.0
 10
-8.44448
 20
-5.11844
 30
0.0
 10
-8.44457
 20
-5.11419
 30
0.0
 10
-8.44402
 20
-5.10994
 30
0.0
 10
-8.44283
 20
-5.10579
 30
0.0
 10
-8.44283
 20
-5.10579
 30
0.0
 10
-8.39601
 20
-4.94365
 30
0.0
 10
-8.39601
 20
-4.94365
 30
0.0
  0
SPLINE
  5
282
330
1F
100
AcDbEntity
  8
Plan 1
 62
   250
370
    20
100
AcDbSpline
210
0.0
220
0.0
230
1.0
 70
    11
 71
     3
 72
    14
 73
    10
 74
     0
 42
0.0000000001
 43
0.0000000001
 40
0.0
 40
0.0
 40
0.0
 40
0.0
 40
0.3333333333333333
 40
0.3333333333333333
 40
0.3333333333333333
 40
0.6666666666666666
 40
0.6666666666666666
 40
0.6666666666666666
 40
1.0
 40
1.0
 40
1.0
 40
1.0
 10
-8.82857
 20
-5.36526
 30
0.0
 10
-8.82857
 20
-5.36526
 30
0.0
 10
-8.99829
 20
-5.4114
 30
0.0
 10
-8.99829
 20
-5.4114
 30
0.0
 10
-8.99829
 20
-5.4114
 30
0.0
 10
-8.82481
 20
-5.52611
 30
0.0
 10
-8.82481
 20
-5.52611
 30
0.0
 10
-8.82481
 20
-5.52611
 30
0.0
 10
-8.82857
 20
-5.36526
 30
0.0
 10
-8.82857
 20
-5.36526
 30
0.0
  0
SPLINE
  5
283
330
1F
100
AcDbEntity
  8
Plan 1
 62
   250
370
    20
100
AcDbSpline
210
0.0
220
0.0
230
1.0
 70
    11
 71
     3
 72
    23
 73
    19
 74
     0
 42
0.0000000001
 43
0.0000000001
 40
0.0
 40
0.0
 40
0.0
 40
0.0
 40
0.1666666666666667
 40
0.1666666666666667
 40
0.1666666666666667
 40
0.3333333333333333
 40
0.3333333333333333
 40
0.3333333333333333
 40
0.5
 40
0.5
 40
0.5
 40
0.6666666666666666
 40
0.6666666666666666
 40
0.6666666666666666
 40
0.8333333333333333
 40
0.8333333333333333
 40
0.8333333333333333
 40
1.0
 40
1.0
 40
1.0
 40
1.0
 10
-9.58373
 20
-6.10546
 30
0.0
 10
-9.58819
 20
-6.10232
 30
0.0
 10
-9.59209
 20
-6.09878
 30
0.0
 10
-9.5955
 20
-6.09504
 30
0.0
 10
-9.5955
 20
-6.09504
 30
0.0
 10
-9.6195
 20
-6.06869
 30
0.0
 10
-9.6195
 20
-6.06869
 30
0.0
 10
-9.6195
 20
-6.06869
 30
0.0
 10
-9.80973
 20
-6.32549
 30
0.0
 10
-9.80973
 20
-6.32549
 30
0.0
 10
-9.80973
 20
-6.32549
 30
0.0
 10
-9.55572
 20
-6.28243
 30
0.0
 10
-9.55572
 20
-6.28243
 30
0.0
 10
-9.55572
 20
-6.28243
 30
0.0
 10
-9.5832
 20
-6.1133
 30
0.0
 10
-9.5832
 20
-6.1133
 30
0.0
 10
-9.58362
 20
-6.1107
 30
0.0
 10
-9.5838
 20
-6.10808
 30
0.0
 10
-9.58373
 20
-6.10546
 30
0.0
  0
SPLINE
  5
284
330
1F
100
AcDbEntity
  8
Plan 1
 62
   250
370
    20
100
AcDbSpline
210
0.0
220
0.0
230
1.0
 70
    11
 71
     3
 72
    20
 73
    16
 74
     0
 42
0.0000000001
 43
0.0000000001
 40
0.0
 40
0.0
 40
0.0
 40
0.0
 40
0.2
 40
0.2
 40
0.2
 40
0.4
 40
0.4
 40
0.4
 40
0.6000000000000001
 40
0.6000000000000001
 40
0.6000000000000001
 40
0.8
 40
0.8
 40
0.8
 40
1.0
 40
1.0
 40
1.0
 40
1.0
 10
-4.44051
 20
-6.36483
 30
0.0
 10
-4.44051
 20
-6.36483
 30
0.0
 10
-4.83051
 20
-6.88295
 30
0.0
 10
-4.83051
 20
-6.88295
 30
0.0
 10
-4.75135
 20
-6.85568
 30
0.0
 10
-4.67219
 20
-6.8284
 30
0.0
 10
-4.59303
 20
-6.80113
 30
0.0
 10
-4.59392
 20
-6.79168
 30
0.0
 10
-4.59164
 20
-6.78194
 30
0.0
 10
-4.58598
 20
-6.77348
 30
0.0
 10
-4.58598
 20
-6.77348
 30
0.0
 10
-4.33717
 20
-6.40113
 30
0.0
 10
-4.33717
 20
-6.40113
 30
0.0
 10
-4.37161
 20
-6.38903
 30
0.0
 10
-4.40606
 20
-6.37693
 30
0.0
 10
-4.44051
 20
-6.36483
 30
0.0
  0
SPLINE
  5
285
330
1F
100
AcDbEntity
  8
Plan 1
 62
   250
370
    20
100
AcDbSpline
210
0.0
220
0.0
230
1.0
 70
    11
 71
     3
 72
    23
 73
    19
 74
     0
 42
0.0000000001
 43
0.0000000001
 40
0.0
 40
0.0
 40
0.0
 40
0.0
 40
0.1666666666666667
 40
0.1666666666666667
 40
0.1666666666666667
 40
0.3333333333333333
 40
0.3333333333333333
 40
0.3333333333333333
 40
0.5
 40
0.5
 40
0.5
 40
0.6666666666666666
 40
0.6666666666666666
 40
0.6666666666666666
 40
0.8333333333333333
 40
0.8333333333333333
 40
0.8333333333333333
 40
1.0
 40
1.0
 40
1.0
 40
1.0
 10
1.74748
 20
7.51577
 30
0.0
 10
1.74748
 20
7.51577
 30
0.0
 10
1.16157
 20
7.28413
 30
0.0
 10
1.16157
 20
7.28413
 30
0.0
 10
1.15701
 20
7.28233
 30
0.0
 10
1.15217
 20
7.28117
 30
0.0
 10
1.14723
 20
7.28069
 30
0.0
 10
1.13585
 20
7.23531
 30
0.0
 10
1.12447
 20
7.18993
 30
0.0
 10
1.11309
 20
7.14455
 30
0.0
 10
1.11309
 20
7.14455
 30
0.0
 10
1.74754
 20
7.44603
 30
0.0
 10
1.74754
 20
7.44603
 30
0.0
 10
1.74885
 20
7.44664
 30
0.0
 10
1.75018
 20
7.44721
 30
0.0
 10
1.75156
 20
7.44773
 30
0.0
 10
1.7502
 20
7.47041
 30
0.0
 10
1.74884
 20
7.49309
 30
0.0
 10
1.74748
 20
7.51577
 30
0.0
  0
SPLINE
  5
286
330
1F
100
AcDbEntity
  8
Plan 1
 62
   250
370
    20
100
AcDbSpline
210
0.0
220
0.0
230
1.0
 70
    11
 71
     3
 72
    23
 73
    19
 74
     0
 42
0.0000000001
 43
0.0000000001
 40
0.0
 40
0.0
 40
0.0
 40
0.0
 40
0.1666666666666667
 40
0.1666666666666667
 40
0.1666666666666667
 40
0.3333333333333333
 40
0.3333333333333333
 40
0.3333333333333333
 40
0.5
 40
0.5
 40
0.5
 40
0.6666666666666666
 40
0.6666666666666666
 40
0.6666666666666666
 40
0.8333333333333333
 40
0.8333333333333333
 40
0.8333333333333333
 40
1.0
 40
1.0
 40
1.0
 40
1.0
 10
-6.49523
 20
-11.77158
 30
0.0
 10
-6.50301
 20
-11.73835
 30
0.0
 10
-6.51081
 20
-11.70511
 30
0.0
 10
-6.51863
 20
-11.67188
 30
0.0
 10
-6.51863
 20
-11.67188
 30
0.0
 10
-6.81536
 20
-12.02141
 30
0.0
 10
-6.81536
 20
-12.02141
 30
0.0
 10
-6.78841
 20
-12.03043
 30
0.0
 10
-6.76145
 20
-12.03945
 30
0.0
 10
-6.73449
 20
-12.04845
 30
0.0
 10
-6.73405
 20
-12.04788
 30
0.0
 10
-6.7336
 20
-12.04732
 30
0.0
 10
-6.73313
 20
-12.04676
 30
0.0
 10
-6.73313
 20
-12.04676
 30
0.0
 10
-6.50829
 20
-11.7822
 30
0.0
 10
-6.50829
 20
-11.7822
 30
0.0
 10
-6.50483
 20
-11.77813
 30
0.0
 10
-6.50046
 20
-11.77447
 30
0.0
 10
-6.49523
 20
-11.77158
 30
0.0
  0
SPLINE
  5
287
330
1F
100
AcDbEntity
  8
Plan 1
 62
   250
370
    20
100
AcDbSpline
210
0.0
220
0.0
230
1.0
 70
    11
 71
     3
 72
    23
 73
    19
 74
     0
 42
0.0000000001
 43
0.0000000001
 40
0.0
 40
0.0
 40
0.0
 40
0.0
 40
0.1666666666666667
 40
0.1666666666666667
 40
0.1666666666666667
 40
0.3333333333333333
 40
0.3333333333333333
 40
0.3333333333333333
 40
0.5
 40
0.5
 40
0.5
 40
0.6666666666666666
 40
0.6666666666666666
 40
0.6666666666666666
 40
0.8333333333333333
 40
0.8333333333333333
 40
0.8333333333333333
 40
1.0
 40
1.0
 40
1.0
 40
1.0
 10
-6.98674
 20
-11.96386
 30
0.0
 10
-6.96189
 20
-11.97223
 30
0.0
 10
-6.93704
 20
-11.98059
 30
0.0
 10
-6.91217
 20
-11.98894
 30
0.0
 10
-6.91176
 20
-11.98841
 30
0.0
 10
-6.91134
 20
-11.98788
 30
0.0
 10
-6.91089
 20
-11.98736
 30
0.0
 10
-6.91089
 20
-11.98736
 30
0.0
 10
-6.55779
 20
-11.57143
 30
0.0
 10
-6.55779
 20
-11.57143
 30
0.0
 10
-6.55434
 20
-11.56737
 30
0.0
 10
-6.54999
 20
-11.56372
 30
0.0
 10
-6.54478
 20
-11.56084
 30
0.0
 10
-6.54712
 20
-11.55089
 30
0.0
 10
-6.54947
 20
-11.54094
 30
0.0
 10
-6.55183
 20
-11.53099
 30
0.0
 10
-6.55183
 20
-11.53099
 30
0.0
 10
-6.98674
 20
-11.96386
 30
0.0
 10
-6.98674
 20
-11.96386
 30
0.0
  0
SPLINE
  5
288
330
1F
100
AcDbEntity
  8
Plan 1
 62
   250
370
    20
100
AcDbSpline
210
0.0
220
0.0
230
1.0
 70
    11
 71
     3
 72
    20
 73
    16
 74
     0
 42
0.0000000001
 43
0.0000000001
 40
0.0
 40
0.0
 40
0.0
 40
0.0
 40
0.2
 40
0.2
 40
0.2
 40
0.4
 40
0.4
 40
0.4
 40
0.6000000000000001
 40
0.6000000000000001
 40
0.6000000000000001
 40
0.8
 40
0.8
 40
0.8
 40
1.0
 40
1.0
 40
1.0
 40
1.0
 10
-5.96375
 20
-7.78526
 30
0.0
 10
-5.96375
 20
-7.78526
 30
0.0
 10
-5.72549
 20
-7.77133
 30
0.0
 10
-5.72549
 20
-7.77133
 30
0.0
 10
-5.72309
 20
-7.76012
 30
0.0
 10
-5.71608
 20
-7.74914
 30
0.0
 10
-5.7037
 20
-7.74207
 30
0.0
 10
-5.7037
 20
-7.74207
 30
0.0
 10
-5.28552
 20
-7.50301
 30
0.0
 10
-5.28552
 20
-7.50301
 30
0.0
 10
-5.28552
 20
-7.50301
 30
0.0
 10
-5.31999
 20
-7.43362
 30
0.0
 10
-5.31999
 20
-7.43362
 30
0.0
 10
-5.31999
 20
-7.43362
 30
0.0
 10
-5.96375
 20
-7.78526
 30
0.0
 10
-5.96375
 20
-7.78526
 30
0.0
  0
SPLINE
  5
289
330
1F
100
AcDbEntity
  8
Plan 1
 62
   250
370
    20
100
AcDbSpline
210
0.0
220
0.0
230
1.0
 70
    11
 71
     3
 72
    20
 73
    16
 74
     0
 42
0.0000000001
 43
0.0000000001
 40
0.0
 40
0.0
 40
0.0
 40
0.0
 40
0.2
 40
0.2
 40
0.2
 40
0.4
 40
0.4
 40
0.4
 40
0.6000000000000001
 40
0.6000000000000001
 40
0.6000000000000001
 40
0.8
 40
0.8
 40
0.8
 40
1.0
 40
1.0
 40
1.0
 40
1.0
 10
-6.03127
 20
-7.92631
 30
0.0
 10
-6.03127
 20
-7.92631
 30
0.0
 10
-6.14042
 20
-7.93269
 30
0.0
 10
-6.14042
 20
-7.93269
 30
0.0
 10
-6.14042
 20
-7.93269
 30
0.0
 10
-6.1044
 20
-8.0512
 30
0.0
 10
-6.1044
 20
-8.0512
 30
0.0
 10
-6.1044
 20
-8.0512
 30
0.0
 10
-6.02512
 20
-8.02605
 30
0.0
 10
-6.02512
 20
-8.02605
 30
0.0
 10
-6.02513
 20
-8.02597
 30
0.0
 10
-6.02513
 20
-8.0259
 30
0.0
 10
-6.02514
 20
-8.02582
 30
0.0
 10
-6.02514
 20
-8.02582
 30
0.0
 10
-6.03127
 20
-7.92631
 30
0.0
 10
-6.03127
 20
-7.92631
 30
0.0
  0
SPLINE
  5
28A
330
1F
100
AcDbEntity
  8
Plan 1
 62
   250
370
    20
100
AcDbSpline
210
0.0
220
0.0
230
1.0
 70
    11
 71
     3
 72
    20
 73
    16
 74
     0
 42
0.0000000001
 43
0.0000000001
 40
0.0
 40
0.0
 40
0.0
 40
0.0
 40
0.2
 40
0.2
 40
0.2
 40
0.4
 40
0.4
 40
0.4
 40
0.6000000000000001
 40
0.6000000000000001
 40
0.6000000000000001
 40
0.8
 40
0.8
 40
0.8
 40
1.0
 40
1.0
 40
1.0
 40
1.0
 10
-7.88287
 20
-11.15884
 30
0.0
 10
-7.8828
 20
-11.15956
 30
0.0
 10
-7.88275
 20
-11.16028
 30
0.0
 10
-7.88271
 20
-11.16099
 30
0.0
 10
-7.88271
 20
-11.16099
 30
0.0
 10
-7.87625
 20
-11.29187
 30
0.0
 10
-7.87625
 20
-11.29187
 30
0.0
 10
-7.83429
 20
-11.28971
 30
0.0
 10
-7.79232
 20
-11.28755
 30
0.0
 10
-7.75036
 20
-11.28538
 30
0.0
 10
-7.75036
 20
-11.28538
 30
0.0
 10
-7.71414
 20
-11.09943
 30
0.0
 10
-7.71414
 20
-11.09943
 30
0.0
 10
-7.71414
 20
-11.09943
 30
0.0
 10
-7.88287
 20
-11.15884
 30
0.0
 10
-7.88287
 20
-11.15884
 30
0.0
  0
SPLINE
  5
28B
330
1F
100
AcDbEntity
  8
Plan 1
 62
   250
370
    20
100
AcDbSpline
210
0.0
220
0.0
230
1.0
 70
    11
 71
     3
 72
    20
 73
    16
 74
     0
 42
0.0000000001
 43
0.0000000001
 40
0.0
 40
0.0
 40
0.0
 40
0.0
 40
0.2
 40
0.2
 40
0.2
 40
0.4
 40
0.4
 40
0.4
 40
0.6000000000000001
 40
0.6000000000000001
 40
0.6000000000000001
 40
0.8
 40
0.8
 40
0.8
 40
1.0
 40
1.0
 40
1.0
 40
1.0
 10
-8.13303
 20
-11.44215
 30
0.0
 10
-8.13354
 20
-11.44449
 30
0.0
 10
-8.13426
 20
-11.44681
 30
0.0
 10
-8.13519
 20
-11.44908
 30
0.0
 10
-8.13519
 20
-11.44908
 30
0.0
 10
-8.17815
 20
-11.5542
 30
0.0
 10
-8.17815
 20
-11.5542
 30
0.0
 10
-8.15208
 20
-11.56334
 30
0.0
 10
-8.12601
 20
-11.57248
 30
0.0
 10
-8.09992
 20
-11.5816
 30
0.0
 10
-8.09992
 20
-11.5816
 30
0.0
 10
-8.0152
 20
-11.43608
 30
0.0
 10
-8.0152
 20
-11.43608
 30
0.0
 10
-8.05448
 20
-11.4381
 30
0.0
 10
-8.09375
 20
-11.44013
 30
0.0
 10
-8.13303
 20
-11.44215
 30
0.0
  0
SPLINE
  5
28C
330
1F
100
AcDbEntity
  8
Plan 1
 62
   250
370
    20
100
AcDbSpline
210
0.0
220
0.0
230
1.0
 70
    11
 71
     3
 72
    14
 73
    10
 74
     0
 42
0.0000000001
 43
0.0000000001
 40
0.0
 40
0.0
 40
0.0
 40
0.0
 40
0.3333333333333333
 40
0.3333333333333333
 40
0.3333333333333333
 40
0.6666666666666666
 40
0.6666666666666666
 40
0.6666666666666666
 40
1.0
 40
1.0
 40
1.0
 40
1.0
 10
-5.93359
 20
-7.9206
 30
0.0
 10
-5.93359
 20
-7.9206
 30
0.0
 10
-5.92897
 20
-7.99554
 30
0.0
 10
-5.92897
 20
-7.99554
 30
0.0
 10
-5.92897
 20
-7.99554
 30
0.0
 10
-5.63834
 20
-7.90334
 30
0.0
 10
-5.63834
 20
-7.90334
 30
0.0
 10
-5.63834
 20
-7.90334
 30
0.0
 10
-5.93359
 20
-7.9206
 30
0.0
 10
-5.93359
 20
-7.9206
 30
0.0
  0
SPLINE
  5
28D
330
1F
100
AcDbEntity
  8
Plan 1
 62
   250
370
    20
100
AcDbSpline
210
0.0
220
0.0
230
1.0
 70
    11
 71
     3
 72
    20
 73
    16
 74
     0
 42
0.0000000001
 43
0.0000000001
 40
0.0
 40
0.0
 40
0.0
 40
0.0
 40
0.2
 40
0.2
 40
0.2
 40
0.4
 40
0.4
 40
0.4
 40
0.6000000000000001
 40
0.6000000000000001
 40
0.6000000000000001
 40
0.8
 40
0.8
 40
0.8
 40
1.0
 40
1.0
 40
1.0
 40
1.0
 10
-7.60931
 20
-11.06252
 30
0.0
 10
-7.60889
 20
-11.06662
 30
0.0
 10
-7.60908
 20
-11.07076
 30
0.0
 10
-7.60988
 20
-11.07483
 30
0.0
 10
-7.60988
 20
-11.07483
 30
0.0
 10
-7.64988
 20
-11.2802
 30
0.0
 10
-7.64988
 20
-11.2802
 30
0.0
 10
-7.62378
 20
-11.27886
 30
0.0
 10
-7.59768
 20
-11.27751
 30
0.0
 10
-7.57158
 20
-11.27617
 30
0.0
 10
-7.57158
 20
-11.27617
 30
0.0
 10
-7.52047
 20
-11.03123
 30
0.0
 10
-7.52047
 20
-11.03123
 30
0.0
 10
-7.52047
 20
-11.03123
 30
0.0
 10
-7.60931
 20
-11.06252
 30
0.0
 10
-7.60931
 20
-11.06252
 30
0.0
  0
SPLINE
  5
28E
330
1F
100
AcDbEntity
  8
Plan 1
 62
   250
370
    20
100
AcDbSpline
210
0.0
220
0.0
230
1.0
 70
    11
 71
     3
 72
    23
 73
    19
 74
     0
 42
0.0000000001
 43
0.0000000001
 40
0.0
 40
0.0
 40
0.0
 40
0.0
 40
0.1666666666666667
 40
0.1666666666666667
 40
0.1666666666666667
 40
0.3333333333333333
 40
0.3333333333333333
 40
0.3333333333333333
 40
0.5
 40
0.5
 40
0.5
 40
0.6666666666666666
 40
0.6666666666666666
 40
0.6666666666666666
 40
0.8333333333333333
 40
0.8333333333333333
 40
0.8333333333333333
 40
1.0
 40
1.0
 40
1.0
 40
1.0
 10
-7.93051
 20
-11.64071
 30
0.0
 10
-7.93042
 20
-11.6406
 30
0.0
 10
-7.93033
 20
-11.6405
 30
0.0
 10
-7.93025
 20
-11.64039
 30
0.0
 10
-7.93025
 20
-11.64039
 30
0.0
 10
-7.75409
 20
-11.42262
 30
0.0
 10
-7.75409
 20
-11.42262
 30
0.0
 10
-7.80372
 20
-11.42517
 30
0.0
 10
-7.85335
 20
-11.42773
 30
0.0
 10
-7.90298
 20
-11.43029
 30
0.0
 10
-7.90391
 20
-11.43452
 30
0.0
 10
-7.9055
 20
-11.43867
 30
0.0
 10
-7.90779
 20
-11.4426
 30
0.0
 10
-7.90779
 20
-11.4426
 30
0.0
 10
-8.00751
 20
-11.61388
 30
0.0
 10
-8.00751
 20
-11.61388
 30
0.0
 10
-7.98185
 20
-11.62284
 30
0.0
 10
-7.95618
 20
-11.63178
 30
0.0
 10
-7.93051
 20
-11.64071
 30
0.0
  0
SPLINE
  5
28F
330
1F
100
AcDbEntity
  8
Plan 1
 62
   250
370
    20
100
AcDbSpline
210
0.0
220
0.0
230
1.0
 70
    11
 71
     3
 72
    14
 73
    10
 74
     0
 42
0.0000000001
 43
0.0000000001
 40
0.0
 40
0.0
 40
0.0
 40
0.0
 40
0.3333333333333333
 40
0.3333333333333333
 40
0.3333333333333333
 40
0.6666666666666666
 40
0.6666666666666666
 40
0.6666666666666666
 40
1.0
 40
1.0
 40
1.0
 40
1.0
 10
-5.55153
 20
-7.76116
 30
0.0
 10
-5.55153
 20
-7.76116
 30
0.0
 10
-5.16842
 20
-7.73876
 30
0.0
 10
-5.16842
 20
-7.73876
 30
0.0
 10
-5.16842
 20
-7.73876
 30
0.0
 10
-5.24448
 20
-7.58563
 30
0.0
 10
-5.24448
 20
-7.58563
 30
0.0
 10
-5.24448
 20
-7.58563
 30
0.0
 10
-5.55153
 20
-7.76116
 30
0.0
 10
-5.55153
 20
-7.76116
 30
0.0
  0
SPLINE
  5
290
330
1F
100
AcDbEntity
  8
Plan 1
 62
   250
370
    20
100
AcDbSpline
210
0.0
220
0.0
230
1.0
 70
    11
 71
     3
 72
    20
 73
    16
 74
     0
 42
0.0000000001
 43
0.0000000001
 40
0.0
 40
0.0
 40
0.0
 40
0.0
 40
0.2
 40
0.2
 40
0.2
 40
0.4
 40
0.4
 40
0.4
 40
0.6000000000000001
 40
0.6000000000000001
 40
0.6000000000000001
 40
0.8
 40
0.8
 40
0.8
 40
1.0
 40
1.0
 40
1.0
 40
1.0
 10
-7.41504
 20
-10.99411
 30
0.0
 10
-7.4146
 20
-10.9984
 30
0.0
 10
-7.41483
 20
-11.00273
 30
0.0
 10
-7.41572
 20
-11.00698
 30
0.0
 10
-7.41572
 20
-11.00698
 30
0.0
 10
-7.4708
 20
-11.27097
 30
0.0
 10
-7.4708
 20
-11.27097
 30
0.0
 10
-7.45008
 20
-11.26991
 30
0.0
 10
-7.42936
 20
-11.26884
 30
0.0
 10
-7.40864
 20
-11.26777
 30
0.0
 10
-7.40864
 20
-11.26777
 30
0.0
 10
-7.34926
 20
-10.97094
 30
0.0
 10
-7.34926
 20
-10.97094
 30
0.0
 10
-7.34926
 20
-10.97094
 30
0.0
 10
-7.41504
 20
-10.99411
 30
0.0
 10
-7.41504
 20
-10.99411
 30
0.0
  0
SPLINE
  5
291
330
1F
100
AcDbEntity
  8
Plan 1
 62
   250
370
    20
100
AcDbSpline
210
0.0
220
0.0
230
1.0
 70
    11
 71
     3
 72
    23
 73
    19
 74
     0
 42
0.0000000001
 43
0.0000000001
 40
0.0
 40
0.0
 40
0.0
 40
0.0
 40
0.1666666666666667
 40
0.1666666666666667
 40
0.1666666666666667
 40
0.3333333333333333
 40
0.3333333333333333
 40
0.3333333333333333
 40
0.5
 40
0.5
 40
0.5
 40
0.6666666666666666
 40
0.6666666666666666
 40
0.6666666666666666
 40
0.8333333333333333
 40
0.8333333333333333
 40
0.8333333333333333
 40
1.0
 40
1.0
 40
1.0
 40
1.0
 10
-7.78289
 20
-11.69194
 30
0.0
 10
-7.78206
 20
-11.6909
 30
0.0
 10
-7.78118
 20
-11.68988
 30
0.0
 10
-7.78024
 20
-11.68889
 30
0.0
 10
-7.78024
 20
-11.68889
 30
0.0
 10
-7.51595
 20
-11.41034
 30
0.0
 10
-7.51595
 20
-11.41034
 30
0.0
 10
-7.55483
 20
-11.41235
 30
0.0
 10
-7.59372
 20
-11.41435
 30
0.0
 10
-7.6326
 20
-11.41636
 30
0.0
 10
-7.63397
 20
-11.42262
 30
0.0
 10
-7.6368
 20
-11.42873
 30
0.0
 10
-7.64122
 20
-11.43419
 30
0.0
 10
-7.64122
 20
-11.43419
 30
0.0
 10
-7.83508
 20
-11.67386
 30
0.0
 10
-7.83508
 20
-11.67386
 30
0.0
 10
-7.81769
 20
-11.67989
 30
0.0
 10
-7.80029
 20
-11.68592
 30
0.0
 10
-7.78289
 20
-11.69194
 30
0.0
  0
SPLINE
  5
292
330
1F
100
AcDbEntity
  8
Plan 1
 62
   250
370
    20
100
AcDbSpline
210
0.0
220
0.0
230
1.0
 70
    11
 71
     3
 72
    23
 73
    19
 74
     0
 42
0.0000000001
 43
0.0000000001
 40
0.0
 40
0.0
 40
0.0
 40
0.0
 40
0.1666666666666667
 40
0.1666666666666667
 40
0.1666666666666667
 40
0.3333333333333333
 40
0.3333333333333333
 40
0.3333333333333333
 40
0.5
 40
0.5
 40
0.5
 40
0.6666666666666666
 40
0.6666666666666666
 40
0.6666666666666666
 40
0.8333333333333333
 40
0.8333333333333333
 40
0.8333333333333333
 40
1.0
 40
1.0
 40
1.0
 40
1.0
 10
-7.1429
 20
-10.89828
 30
0.0
 10
-7.1429
 20
-10.89828
 30
0.0
 10
-7.24421
 20
-10.93395
 30
0.0
 10
-7.24421
 20
-10.93395
 30
0.0
 10
-7.24379
 20
-10.93813
 30
0.0
 10
-7.24399
 20
-10.94234
 30
0.0
 10
-7.24482
 20
-10.94648
 30
0.0
 10
-7.24482
 20
-10.94648
 30
0.0
 10
-7.30806
 20
-11.26258
 30
0.0
 10
-7.30806
 20
-11.26258
 30
0.0
 10
-7.28679
 20
-11.26148
 30
0.0
 10
-7.26552
 20
-11.26038
 30
0.0
 10
-7.24425
 20
-11.25929
 30
0.0
 10
-7.24407
 20
-11.25851
 30
0.0
 10
-7.24388
 20
-11.25774
 30
0.0
 10
-7.24367
 20
-11.25697
 30
0.0
 10
-7.24367
 20
-11.25697
 30
0.0
 10
-7.1429
 20
-10.89828
 30
0.0
 10
-7.1429
 20
-10.89828
 30
0.0
  0
SPLINE
  5
293
330
1F
100
AcDbEntity
  8
Plan 1
 62
   250
370
    20
100
AcDbSpline
210
0.0
220
0.0
230
1.0
 70
    11
 71
     3
 72
    23
 73
    19
 74
     0
 42
0.0000000001
 43
0.0000000001
 40
0.0
 40
0.0
 40
0.0
 40
0.0
 40
0.1666666666666667
 40
0.1666666666666667
 40
0.1666666666666667
 40
0.3333333333333333
 40
0.3333333333333333
 40
0.3333333333333333
 40
0.5
 40
0.5
 40
0.5
 40
0.6666666666666666
 40
0.6666666666666666
 40
0.6666666666666666
 40
0.8333333333333333
 40
0.8333333333333333
 40
0.8333333333333333
 40
1.0
 40
1.0
 40
1.0
 40
1.0
 10
-7.38802
 20
-11.40375
 30
0.0
 10
-7.38962
 20
-11.41105
 30
0.0
 10
-7.3932
 20
-11.41817
 30
0.0
 10
-7.39897
 20
-11.42425
 30
0.0
 10
-7.39897
 20
-11.42425
 30
0.0
 10
-7.68505
 20
-11.72576
 30
0.0
 10
-7.68505
 20
-11.72576
 30
0.0
 10
-7.66201
 20
-11.73371
 30
0.0
 10
-7.63897
 20
-11.74166
 30
0.0
 10
-7.61592
 20
-11.74959
 30
0.0
 10
-7.61511
 20
-11.74856
 30
0.0
 10
-7.61424
 20
-11.74756
 30
0.0
 10
-7.61332
 20
-11.74658
 30
0.0
 10
-7.61332
 20
-11.74658
 30
0.0
 10
-7.28525
 20
-11.39845
 30
0.0
 10
-7.28525
 20
-11.39845
 30
0.0
 10
-7.31951
 20
-11.40021
 30
0.0
 10
-7.35376
 20
-11.40198
 30
0.0
 10
-7.38802
 20
-11.40375
 30
0.0
  0
SPLINE
  5
294
330
1F
100
AcDbEntity
  8
Plan 1
 62
   250
370
    20
100
AcDbSpline
210
0.0
220
0.0
230
1.0
 70
    11
 71
     3
 72
    23
 73
    19
 74
     0
 42
0.0000000001
 43
0.0000000001
 40
0.0
 40
0.0
 40
0.0
 40
0.0
 40
0.1666666666666667
 40
0.1666666666666667
 40
0.1666666666666667
 40
0.3333333333333333
 40
0.3333333333333333
 40
0.3333333333333333
 40
0.5
 40
0.5
 40
0.5
 40
0.6666666666666666
 40
0.6666666666666666
 40
0.6666666666666666
 40
0.8333333333333333
 40
0.8333333333333333
 40
0.8333333333333333
 40
1.0
 40
1.0
 40
1.0
 40
1.0
 10
-7.03403
 20
-10.85994
 30
0.0
 10
-7.03349
 20
-10.86518
 30
0.0
 10
-7.03395
 20
-10.87049
 30
0.0
 10
-7.03539
 20
-10.87562
 30
0.0
 10
-7.03539
 20
-10.87562
 30
0.0
 10
-7.14169
 20
-11.254
 30
0.0
 10
-7.14169
 20
-11.254
 30
0.0
 10
-7.11524
 20
-11.25264
 30
0.0
 10
-7.08879
 20
-11.25127
 30
0.0
 10
-7.06234
 20
-11.24991
 30
0.0
 10
-7.06211
 20
-11.24887
 30
0.0
 10
-7.06184
 20
-11.24785
 30
0.0
 10
-7.06153
 20
-11.24682
 30
0.0
 10
-7.06153
 20
-11.24682
 30
0.0
 10
-6.93443
 20
-10.82487
 30
0.0
 10
-6.93443
 20
-10.82487
 30
0.0
 10
-6.93443
 20
-10.82487
 30
0.0
 10
-7.03403
 20
-10.85994
 30
0.0
 10
-7.03403
 20
-10.85994
 30
0.0
  0
SPLINE
  5
295
330
1F
100
AcDbEntity
  8
Plan 1
 62
   250
370
    20
100
AcDbSpline
210
0.0
220
0.0
230
1.0
 70
    11
 71
     3
 72
    23
 73
    19
 74
     0
 42
0.0000000001
 43
0.0000000001
 40
0.0
 40
0.0
 40
0.0
 40
0.0
 40
0.1666666666666667
 40
0.1666666666666667
 40
0.1666666666666667
 40
0.3333333333333333
 40
0.3333333333333333
 40
0.3333333333333333
 40
0.5
 40
0.5
 40
0.5
 40
0.6666666666666666
 40
0.6666666666666666
 40
0.6666666666666666
 40
0.8333333333333333
 40
0.8333333333333333
 40
0.8333333333333333
 40
1.0
 40
1.0
 40
1.0
 40
1.0
 10
-7.51806
 20
-11.78322
 30
0.0
 10
-7.48629
 20
-11.79412
 30
0.0
 10
-7.4545
 20
-11.80501
 30
0.0
 10
-7.4227
 20
-11.81589
 30
0.0
 10
-7.42173
 20
-11.81465
 30
0.0
 10
-7.42068
 20
-11.81345
 30
0.0
 10
-7.41955
 20
-11.81228
 30
0.0
 10
-7.41955
 20
-11.81228
 30
0.0
 10
-7.00301
 20
-11.3839
 30
0.0
 10
-7.00301
 20
-11.3839
 30
0.0
 10
-7.05455
 20
-11.38656
 30
0.0
 10
-7.10609
 20
-11.38922
 30
0.0
 10
-7.15764
 20
-11.39187
 30
0.0
 10
-7.15923
 20
-11.39912
 30
0.0
 10
-7.16277
 20
-11.40619
 30
0.0
 10
-7.16848
 20
-11.41225
 30
0.0
 10
-7.16848
 20
-11.41225
 30
0.0
 10
-7.51806
 20
-11.78322
 30
0.0
 10
-7.51806
 20
-11.78322
 30
0.0
  0
SPLINE
  5
296
330
1F
100
AcDbEntity
  8
Plan 1
 62
   250
370
    20
100
AcDbSpline
210
0.0
220
0.0
230
1.0
 70
    11
 71
     3
 72
    23
 73
    19
 74
     0
 42
0.0000000001
 43
0.0000000001
 40
0.0
 40
0.0
 40
0.0
 40
0.0
 40
0.1666666666666667
 40
0.1666666666666667
 40
0.1666666666666667
 40
0.3333333333333333
 40
0.3333333333333333
 40
0.3333333333333333
 40
0.5
 40
0.5
 40
0.5
 40
0.6666666666666666
 40
0.6666666666666666
 40
0.6666666666666666
 40
0.8333333333333333
 40
0.8333333333333333
 40
0.8333333333333333
 40
1.0
 40
1.0
 40
1.0
 40
1.0
 10
-7.78563
 20
-11.83679
 30
0.0
 10
-7.78728
 20
-11.83887
 30
0.0
 10
-7.78915
 20
-11.84086
 30
0.0
 10
-7.79127
 20
-11.84272
 30
0.0
 10
-7.79127
 20
-11.84272
 30
0.0
 10
-8.28117
 20
-12.2734
 30
0.0
 10
-8.28117
 20
-12.2734
 30
0.0
 10
-8.28123
 20
-12.27346
 30
0.0
 10
-8.28129
 20
-12.27351
 30
0.0
 10
-8.28135
 20
-12.27356
 30
0.0
 10
-8.2016
 20
-12.43179
 30
0.0
 10
-8.12183
 20
-12.59002
 30
0.0
 10
-8.04207
 20
-12.74825
 30
0.0
 10
-8.04207
 20
-12.74825
 30
0.0
 10
-7.30597
 20
-12.00123
 30
0.0
 10
-7.30597
 20
-12.00123
 30
0.0
 10
-7.46611
 20
-11.94678
 30
0.0
 10
-7.62599
 20
-11.89196
 30
0.0
 10
-7.78563
 20
-11.83679
 30
0.0
  0
SPLINE
  5
297
330
1F
100
AcDbEntity
  8
Plan 1
 62
   250
370
    20
100
AcDbSpline
210
0.0
220
0.0
230
1.0
 70
    11
 71
     3
 72
    14
 73
    10
 74
     0
 42
0.0000000001
 43
0.0000000001
 40
0.0
 40
0.0
 40
0.0
 40
0.0
 40
0.3333333333333333
 40
0.3333333333333333
 40
0.3333333333333333
 40
0.6666666666666666
 40
0.6666666666666666
 40
0.6666666666666666
 40
1.0
 40
1.0
 40
1.0
 40
1.0
 10
-8.42365
 20
-6.54906
 30
0.0
 10
-8.42365
 20
-6.54906
 30
0.0
 10
-8.06542
 20
-6.67231
 30
0.0
 10
-8.06542
 20
-6.67231
 30
0.0
 10
-8.06542
 20
-6.67231
 30
0.0
 10
-8.20832
 20
-6.38036
 30
0.0
 10
-8.20832
 20
-6.38036
 30
0.0
 10
-8.20832
 20
-6.38036
 30
0.0
 10
-8.42365
 20
-6.54906
 30
0.0
 10
-8.42365
 20
-6.54906
 30
0.0
  0
SPLINE
  5
298
330
1F
100
AcDbEntity
  8
Plan 1
 62
   250
370
    20
100
AcDbSpline
210
0.0
220
0.0
230
1.0
 70
    11
 71
     3
 72
    23
 73
    19
 74
     0
 42
0.0000000001
 43
0.0000000001
 40
0.0
 40
0.0
 40
0.0
 40
0.0
 40
0.1666666666666667
 40
0.1666666666666667
 40
0.1666666666666667
 40
0.3333333333333333
 40
0.3333333333333333
 40
0.3333333333333333
 40
0.5
 40
0.5
 40
0.5
 40
0.6666666666666666
 40
0.6666666666666666
 40
0.6666666666666666
 40
0.8333333333333333
 40
0.8333333333333333
 40
0.8333333333333333
 40
1.0
 40
1.0
 40
1.0
 40
1.0
 10
-9.10242
 20
-7.44
 30
0.0
 10
-9.10242
 20
-7.44
 30
0.0
 10
-9.06508
 20
-7.68642
 30
0.0
 10
-9.06508
 20
-7.68642
 30
0.0
 10
-9.06409
 20
-7.69289
 30
0.0
 10
-9.06462
 20
-7.69957
 30
0.0
 10
-9.06673
 20
-7.70595
 30
0.0
 10
-9.01439
 20
-7.73772
 30
0.0
 10
-8.96194
 20
-7.7694
 30
0.0
 10
-8.90937
 20
-7.80098
 30
0.0
 10
-8.90937
 20
-7.80098
 30
0.0
 10
-8.98972
 20
-7.47321
 30
0.0
 10
-8.98972
 20
-7.47321
 30
0.0
 10
-8.99042
 20
-7.47034
 30
0.0
 10
-8.99082
 20
-7.46743
 30
0.0
 10
-8.99091
 20
-7.46451
 30
0.0
 10
-8.99091
 20
-7.46451
 30
0.0
 10
-9.10242
 20
-7.44
 30
0.0
 10
-9.10242
 20
-7.44
 30
0.0
  0
SPLINE
  5
299
330
1F
100
AcDbEntity
  8
Plan 1
 62
   250
370
    20
100
AcDbSpline
210
0.0
220
0.0
230
1.0
 70
    11
 71
     3
 72
    23
 73
    19
 74
     0
 42
0.0000000001
 43
0.0000000001
 40
0.0
 40
0.0
 40
0.0
 40
0.0
 40
0.1666666666666667
 40
0.1666666666666667
 40
0.1666666666666667
 40
0.3333333333333333
 40
0.3333333333333333
 40
0.3333333333333333
 40
0.5
 40
0.5
 40
0.5
 40
0.6666666666666666
 40
0.6666666666666666
 40
0.6666666666666666
 40
0.8333333333333333
 40
0.8333333333333333
 40
0.8333333333333333
 40
1.0
 40
1.0
 40
1.0
 40
1.0
 10
-9.20436
 20
-7.41758
 30
0.0
 10
-9.20436
 20
-7.41758
 30
0.0
 10
-9.33102
 20
-7.38974
 30
0.0
 10
-9.33102
 20
-7.38974
 30
0.0
 10
-9.33102
 20
-7.38974
 30
0.0
 10
-9.32769
 20
-7.53041
 30
0.0
 10
-9.32769
 20
-7.53041
 30
0.0
 10
-9.32757
 20
-7.53526
 30
0.0
 10
-9.32829
 20
-7.54017
 30
0.0
 10
-9.32989
 20
-7.54491
 30
0.0
 10
-9.27688
 20
-7.57761
 30
0.0
 10
-9.22376
 20
-7.61022
 30
0.0
 10
-9.17053
 20
-7.64274
 30
0.0
 10
-9.17053
 20
-7.64274
 30
0.0
 10
-9.20391
 20
-7.42255
 30
0.0
 10
-9.20391
 20
-7.42255
 30
0.0
 10
-9.20416
 20
-7.4209
 30
0.0
 10
-9.20431
 20
-7.41924
 30
0.0
 10
-9.20436
 20
-7.41758
 30
0.0
  0
SPLINE
  5
29A
330
1F
100
AcDbEntity
  8
Plan 1
 62
   250
370
    20
100
AcDbSpline
210
0.0
220
0.0
230
1.0
 70
    11
 71
     3
 72
    17
 73
    13
 74
     0
 42
0.0000000001
 43
0.0000000001
 40
0.0
 40
0.0
 40
0.0
 40
0.0
 40
0.25
 40
0.25
 40
0.25
 40
0.5
 40
0.5
 40
0.5
 40
0.75
 40
0.75
 40
0.75
 40
1.0
 40
1.0
 40
1.0
 40
1.0
 10
-9.78095
 20
-7.42785
 30
0.0
 10
-9.78095
 20
-7.42785
 30
0.0
 10
-9.45938
 20
-7.8432
 30
0.0
 10
-9.45938
 20
-7.8432
 30
0.0
 10
-9.45552
 20
-7.84212
 30
0.0
 10
-9.45142
 20
-7.84145
 30
0.0
 10
-9.44712
 20
-7.84126
 30
0.0
 10
-9.44712
 20
-7.84126
 30
0.0
 10
-9.13368
 20
-7.82804
 30
0.0
 10
-9.13368
 20
-7.82804
 30
0.0
 10
-9.35121
 20
-7.69609
 30
0.0
 10
-9.56682
 20
-7.56256
 30
0.0
 10
-9.78095
 20
-7.42785
 30
0.0
  0
SPLINE
  5
29B
330
1F
100
AcDbEntity
  8
Plan 1
 62
   250
370
    20
100
AcDbSpline
210
0.0
220
0.0
230
1.0
 70
    11
 71
     3
 72
    23
 73
    19
 74
     0
 42
0.0000000001
 43
0.0000000001
 40
0.0
 40
0.0
 40
0.0
 40
0.0
 40
0.1666666666666667
 40
0.1666666666666667
 40
0.1666666666666667
 40
0.3333333333333333
 40
0.3333333333333333
 40
0.3333333333333333
 40
0.5
 40
0.5
 40
0.5
 40
0.6666666666666666
 40
0.6666666666666666
 40
0.6666666666666666
 40
0.8333333333333333
 40
0.8333333333333333
 40
0.8333333333333333
 40
1.0
 40
1.0
 40
1.0
 40
1.0
 10
-9.39308
 20
-7.92884
 30
0.0
 10
-9.39308
 20
-7.92884
 30
0.0
 10
-9.31419
 20
-8.03074
 30
0.0
 10
-9.31419
 20
-8.03074
 30
0.0
 10
-9.31123
 20
-8.02991
 30
0.0
 10
-9.30813
 20
-8.02932
 30
0.0
 10
-9.30489
 20
-8.02901
 30
0.0
 10
-9.30489
 20
-8.02901
 30
0.0
 10
-8.86957
 20
-7.98685
 30
0.0
 10
-8.86957
 20
-7.98685
 30
0.0
 10
-8.91614
 20
-7.95909
 30
0.0
 10
-8.96261
 20
-7.93126
 30
0.0
 10
-9.009
 20
-7.90335
 30
0.0
 10
-9.01657
 20
-7.90926
 30
0.0
 10
-9.02654
 20
-7.91337
 30
0.0
 10
-9.03842
 20
-7.91387
 30
0.0
 10
-9.03842
 20
-7.91387
 30
0.0
 10
-9.39308
 20
-7.92884
 30
0.0
 10
-9.39308
 20
-7.92884
 30
0.0
  0
SPLINE
  5
29C
330
1F
100
AcDbEntity
  8
Plan 1
 62
   250
370
    20
100
AcDbSpline
210
0.0
220
0.0
230
1.0
 70
    11
 71
     3
 72
    23
 73
    19
 74
     0
 42
0.0000000001
 43
0.0000000001
 40
0.0
 40
0.0
 40
0.0
 40
0.0
 40
0.1666666666666667
 40
0.1666666666666667
 40
0.1666666666666667
 40
0.3333333333333333
 40
0.3333333333333333
 40
0.3333333333333333
 40
0.5
 40
0.5
 40
0.5
 40
0.6666666666666666
 40
0.6666666666666666
 40
0.6666666666666666
 40
0.8333333333333333
 40
0.8333333333333333
 40
0.8333333333333333
 40
1.0
 40
1.0
 40
1.0
 40
1.0
 10
-9.24977
 20
-8.11394
 30
0.0
 10
-9.24977
 20
-8.11394
 30
0.0
 10
-9.18737
 20
-8.19454
 30
0.0
 10
-9.18737
 20
-8.19454
 30
0.0
 10
-9.18405
 20
-8.19361
 30
0.0
 10
-9.18054
 20
-8.19298
 30
0.0
 10
-9.17687
 20
-8.19271
 30
0.0
 10
-9.17687
 20
-8.19271
 30
0.0
 10
-8.59438
 20
-8.14924
 30
0.0
 10
-8.59438
 20
-8.14924
 30
0.0
 10
-8.6465
 20
-8.11881
 30
0.0
 10
-8.69848
 20
-8.08826
 30
0.0
 10
-8.75035
 20
-8.05761
 30
0.0
 10
-8.75728
 20
-8.06312
 30
0.0
 10
-8.76631
 20
-8.06712
 30
0.0
 10
-8.77714
 20
-8.06817
 30
0.0
 10
-8.77714
 20
-8.06817
 30
0.0
 10
-9.24977
 20
-8.11394
 30
0.0
 10
-9.24977
 20
-8.11394
 30
0.0
  0
SPLINE
  5
29D
330
1F
100
AcDbEntity
  8
Plan 1
 62
   250
370
    20
100
AcDbSpline
210
0.0
220
0.0
230
1.0
 70
    11
 71
     3
 72
    20
 73
    16
 74
     0
 42
0.0000000001
 43
0.0000000001
 40
0.0
 40
0.0
 40
0.0
 40
0.0
 40
0.2
 40
0.2
 40
0.2
 40
0.4
 40
0.4
 40
0.4
 40
0.6000000000000001
 40
0.6000000000000001
 40
0.6000000000000001
 40
0.8
 40
0.8
 40
0.8
 40
1.0
 40
1.0
 40
1.0
 40
1.0
 10
-8.30114
 20
-8.15838
 30
0.0
 10
-8.26845
 20
-8.17711
 30
0.0
 10
-8.2357
 20
-8.19579
 30
0.0
 10
-8.20289
 20
-8.21442
 30
0.0
 10
-8.20289
 20
-8.21442
 30
0.0
 10
-8.23433
 20
-7.96056
 30
0.0
 10
-8.23433
 20
-7.96056
 30
0.0
 10
-8.23433
 20
-7.96056
 30
0.0
 10
-8.30878
 20
-7.962
 30
0.0
 10
-8.30878
 20
-7.962
 30
0.0
 10
-8.30878
 20
-7.962
 30
0.0
 10
-8.2994
 20
-8.14403
 30
0.0
 10
-8.2994
 20
-8.14403
 30
0.0
 10
-8.29915
 20
-8.14883
 30
0.0
 10
-8.29972
 20
-8.15367
 30
0.0
 10
-8.30114
 20
-8.15838
 30
0.0
  0
SPLINE
  5
29E
330
1F
100
AcDbEntity
  8
Plan 1
 62
   250
370
    20
100
AcDbSpline
210
0.0
220
0.0
230
1.0
 70
    11
 71
     3
 72
    14
 73
    10
 74
     0
 42
0.0000000001
 43
0.0000000001
 40
0.0
 40
0.0
 40
0.0
 40
0.0
 40
0.3333333333333333
 40
0.3333333333333333
 40
0.3333333333333333
 40
0.6666666666666666
 40
0.6666666666666666
 40
0.6666666666666666
 40
1.0
 40
1.0
 40
1.0
 40
1.0
 10
-8.40668
 20
-7.9639
 30
0.0
 10
-8.40668
 20
-7.9639
 30
0.0
 10
-8.62833
 20
-7.9682
 30
0.0
 10
-8.62833
 20
-7.9682
 30
0.0
 10
-8.55235
 20
-8.01294
 30
0.0
 10
-8.47612
 20
-8.05747
 30
0.0
 10
-8.39958
 20
-8.10172
 30
0.0
 10
-8.39958
 20
-8.10172
 30
0.0
 10
-8.40668
 20
-7.9639
 30
0.0
 10
-8.40668
 20
-7.9639
 30
0.0
  0
SPLINE
  5
29F
330
1F
100
AcDbEntity
  8
Plan 1
 62
   250
370
    20
100
AcDbSpline
210
0.0
220
0.0
230
1.0
 70
    11
 71
     3
 72
    23
 73
    19
 74
     0
 42
0.0000000001
 43
0.0000000001
 40
0.0
 40
0.0
 40
0.0
 40
0.0
 40
0.1666666666666667
 40
0.1666666666666667
 40
0.1666666666666667
 40
0.3333333333333333
 40
0.3333333333333333
 40
0.3333333333333333
 40
0.5
 40
0.5
 40
0.5
 40
0.6666666666666666
 40
0.6666666666666666
 40
0.6666666666666666
 40
0.8333333333333333
 40
0.8333333333333333
 40
0.8333333333333333
 40
1.0
 40
1.0
 40
1.0
 40
1.0
 10
-9.12221
 20
-8.27869
 30
0.0
 10
-9.12221
 20
-8.27869
 30
0.0
 10
-9.05977
 20
-8.35934
 30
0.0
 10
-9.05977
 20
-8.35934
 30
0.0
 10
-9.05608
 20
-8.3583
 30
0.0
 10
-9.05215
 20
-8.35764
 30
0.0
 10
-9.04805
 20
-8.35743
 30
0.0
 10
-9.04805
 20
-8.35743
 30
0.0
 10
-8.30076
 20
-8.31855
 30
0.0
 10
-8.30076
 20
-8.31855
 30
0.0
 10
-8.35753
 20
-8.28625
 30
0.0
 10
-8.41412
 20
-8.2538
 30
0.0
 10
-8.47054
 20
-8.2212
 30
0.0
 10
-8.47779
 20
-8.22708
 30
0.0
 10
-8.48738
 20
-8.23132
 30
0.0
 10
-8.49892
 20
-8.23219
 30
0.0
 10
-8.49892
 20
-8.23219
 30
0.0
 10
-9.12221
 20
-8.27869
 30
0.0
 10
-9.12221
 20
-8.27869
 30
0.0
  0
SPLINE
  5
2A0
330
1F
100
AcDbEntity
  8
Plan 1
 62
   250
370
    20
100
AcDbSpline
210
0.0
220
0.0
230
1.0
 70
    11
 71
     3
 72
    20
 73
    16
 74
     0
 42
0.0000000001
 43
0.0000000001
 40
0.0
 40
0.0
 40
0.0
 40
0.0
 40
0.2
 40
0.2
 40
0.2
 40
0.4
 40
0.4
 40
0.4
 40
0.6000000000000001
 40
0.6000000000000001
 40
0.6000000000000001
 40
0.8
 40
0.8
 40
0.8
 40
1.0
 40
1.0
 40
1.0
 40
1.0
 10
-7.94782
 20
-7.95501
 30
0.0
 10
-7.94782
 20
-7.95501
 30
0.0
 10
-7.90256
 20
-8.36541
 30
0.0
 10
-7.90256
 20
-8.36541
 30
0.0
 10
-7.90198
 20
-8.37075
 30
0.0
 10
-7.9024
 20
-8.37619
 30
0.0
 10
-7.90389
 20
-8.38146
 30
0.0
 10
-7.86286
 20
-8.404
 30
0.0
 10
-7.82172
 20
-8.42645
 30
0.0
 10
-7.78046
 20
-8.44878
 30
0.0
 10
-7.78046
 20
-8.44878
 30
0.0
 10
-7.8642
 20
-7.95339
 30
0.0
 10
-7.8642
 20
-7.95339
 30
0.0
 10
-7.8642
 20
-7.95339
 30
0.0
 10
-7.94782
 20
-7.95501
 30
0.0
 10
-7.94782
 20
-7.95501
 30
0.0
  0
SPLINE
  5
2A1
330
1F
100
AcDbEntity
  8
Plan 1
 62
   250
370
    20
100
AcDbSpline
210
0.0
220
0.0
230
1.0
 70
    11
 71
     3
 72
    20
 73
    16
 74
     0
 42
0.0000000001
 43
0.0000000001
 40
0.0
 40
0.0
 40
0.0
 40
0.0
 40
0.2
 40
0.2
 40
0.2
 40
0.4
 40
0.4
 40
0.4
 40
0.6000000000000001
 40
0.6000000000000001
 40
0.6000000000000001
 40
0.8
 40
0.8
 40
0.8
 40
1.0
 40
1.0
 40
1.0
 40
1.0
 10
-8.046
 20
-7.95691
 30
0.0
 10
-8.046
 20
-7.95691
 30
0.0
 10
-8.13604
 20
-7.95866
 30
0.0
 10
-8.13604
 20
-7.95866
 30
0.0
 10
-8.13604
 20
-7.95866
 30
0.0
 10
-8.09932
 20
-8.25511
 30
0.0
 10
-8.09932
 20
-8.25511
 30
0.0
 10
-8.09862
 20
-8.26076
 30
0.0
 10
-8.09906
 20
-8.26653
 30
0.0
 10
-8.10069
 20
-8.27211
 30
0.0
 10
-8.06898
 20
-8.28993
 30
0.0
 10
-8.03721
 20
-8.30768
 30
0.0
 10
-8.00537
 20
-8.32538
 30
0.0
 10
-8.00537
 20
-8.32538
 30
0.0
 10
-8.046
 20
-7.95691
 30
0.0
 10
-8.046
 20
-7.95691
 30
0.0
  0
SPLINE
  5
2A2
330
1F
100
AcDbEntity
  8
Plan 1
 62
   250
370
    20
100
AcDbSpline
210
0.0
220
0.0
230
1.0
 70
    11
 71
     3
 72
    23
 73
    19
 74
     0
 42
0.0000000001
 43
0.0000000001
 40
0.0
 40
0.0
 40
0.0
 40
0.0
 40
0.1666666666666667
 40
0.1666666666666667
 40
0.1666666666666667
 40
0.3333333333333333
 40
0.3333333333333333
 40
0.3333333333333333
 40
0.5
 40
0.5
 40
0.5
 40
0.6666666666666666
 40
0.6666666666666666
 40
0.6666666666666666
 40
0.8333333333333333
 40
0.8333333333333333
 40
0.8333333333333333
 40
1.0
 40
1.0
 40
1.0
 40
1.0
 10
-8.99383
 20
-8.44451
 30
0.0
 10
-8.99383
 20
-8.44451
 30
0.0
 10
-8.93059
 20
-8.52619
 30
0.0
 10
-8.93059
 20
-8.52619
 30
0.0
 10
-8.92643
 20
-8.52502
 30
0.0
 10
-8.92199
 20
-8.52433
 30
0.0
 10
-8.91733
 20
-8.52422
 30
0.0
 10
-8.91733
 20
-8.52422
 30
0.0
 10
-7.9735
 20
-8.5016
 30
0.0
 10
-7.9735
 20
-8.5016
 30
0.0
 10
-8.03967
 20
-8.46525
 30
0.0
 10
-8.10555
 20
-8.42864
 30
0.0
 10
-8.17117
 20
-8.3918
 30
0.0
 10
-8.17875
 20
-8.39813
 30
0.0
 10
-8.18895
 20
-8.40264
 30
0.0
 10
-8.20128
 20
-8.40328
 30
0.0
 10
-8.20128
 20
-8.40328
 30
0.0
 10
-8.99383
 20
-8.44451
 30
0.0
 10
-8.99383
 20
-8.44451
 30
0.0
  0
SPLINE
  5
2A3
330
1F
100
AcDbEntity
  8
Plan 1
 62
   250
370
    20
100
AcDbSpline
210
0.0
220
0.0
230
1.0
 70
    11
 71
     3
 72
    20
 73
    16
 74
     0
 42
0.0000000001
 43
0.0000000001
 40
0.0
 40
0.0
 40
0.0
 40
0.0
 40
0.2
 40
0.2
 40
0.2
 40
0.4
 40
0.4
 40
0.4
 40
0.6000000000000001
 40
0.6000000000000001
 40
0.6000000000000001
 40
0.8
 40
0.8
 40
0.8
 40
1.0
 40
1.0
 40
1.0
 40
1.0
 10
-7.41759
 20
-7.94474
 30
0.0
 10
-7.41759
 20
-7.94474
 30
0.0
 10
-7.36502
 20
-8.3159
 30
0.0
 10
-7.36502
 20
-8.3159
 30
0.0
 10
-7.36502
 20
-8.3159
 30
0.0
 10
-7.28048
 20
-8.2511
 30
0.0
 10
-7.28048
 20
-8.2511
 30
0.0
 10
-7.28175
 20
-8.24831
 30
0.0
 10
-7.28268
 20
-8.24544
 30
0.0
 10
-7.28331
 20
-8.24256
 30
0.0
 10
-7.28331
 20
-8.24256
 30
0.0
 10
-7.34857
 20
-7.9434
 30
0.0
 10
-7.34857
 20
-7.9434
 30
0.0
 10
-7.34857
 20
-7.9434
 30
0.0
 10
-7.41759
 20
-7.94474
 30
0.0
 10
-7.41759
 20
-7.94474
 30
0.0
  0
SPLINE
  5
2A4
330
1F
100
AcDbEntity
  8
Plan 1
 62
   250
370
    20
100
AcDbSpline
210
0.0
220
0.0
230
1.0
 70
    11
 71
     3
 72
    20
 73
    16
 74
     0
 42
0.0000000001
 43
0.0000000001
 40
0.0
 40
0.0
 40
0.0
 40
0.0
 40
0.2
 40
0.2
 40
0.2
 40
0.4
 40
0.4
 40
0.4
 40
0.6000000000000001
 40
0.6000000000000001
 40
0.6000000000000001
 40
0.8
 40
0.8
 40
0.8
 40
1.0
 40
1.0
 40
1.0
 40
1.0
 10
-7.51604
 20
-7.94664
 30
0.0
 10
-7.51604
 20
-7.94664
 30
0.0
 10
-7.60568
 20
-7.94838
 30
0.0
 10
-7.60568
 20
-7.94838
 30
0.0
 10
-7.60568
 20
-7.94838
 30
0.0
 10
-7.52416
 20
-8.43788
 30
0.0
 10
-7.52416
 20
-8.43788
 30
0.0
 10
-7.52416
 20
-8.43788
 30
0.0
 10
-7.4525
 20
-8.38295
 30
0.0
 10
-7.4525
 20
-8.38295
 30
0.0
 10
-7.45422
 20
-8.37918
 30
0.0
 10
-7.45534
 20
-8.37526
 30
0.0
 10
-7.45589
 20
-8.37132
 30
0.0
 10
-7.45589
 20
-8.37132
 30
0.0
 10
-7.51604
 20
-7.94664
 30
0.0
 10
-7.51604
 20
-7.94664
 30
0.0
  0
SPLINE
  5
2A5
330
1F
100
AcDbEntity
  8
Plan 1
 62
   250
370
    20
100
AcDbSpline
210
0.0
220
0.0
230
1.0
 70
    11
 71
     3
 72
    26
 73
    22
 74
     0
 42
0.0000000001
 43
0.0000000001
 40
0.0
 40
0.0
 40
0.0
 40
0.0
 40
0.1428571428571428
 40
0.1428571428571428
 40
0.1428571428571428
 40
0.2857142857142857
 40
0.2857142857142857
 40
0.2857142857142857
 40
0.4285714285714285
 40
0.4285714285714285
 40
0.4285714285714285
 40
0.5714285714285714
 40
0.5714285714285714
 40
0.5714285714285714
 40
0.7142857142857142
 40
0.7142857142857142
 40
0.7142857142857142
 40
0.8571428571428571
 40
0.8571428571428571
 40
0.8571428571428571
 40
1.0
 40
1.0
 40
1.0
 40
1.0
 10
-7.7044
 20
-7.95029
 30
0.0
 10
-7.7044
 20
-7.95029
 30
0.0
 10
-7.76546
 20
-7.95147
 30
0.0
 10
-7.76546
 20
-7.95147
 30
0.0
 10
-7.76546
 20
-7.95147
 30
0.0
 10
-7.67492
 20
-8.48709
 30
0.0
 10
-7.67492
 20
-8.48709
 30
0.0
 10
-7.67391
 20
-8.49304
 30
0.0
 10
-7.67418
 20
-8.49914
 30
0.0
 10
-7.67577
 20
-8.50506
 30
0.0
 10
-7.6632
 20
-8.51177
 30
0.0
 10
-7.65062
 20
-8.51846
 30
0.0
 10
-7.63803
 20
-8.52515
 30
0.0
 10
-7.63803
 20
-8.52515
 30
0.0
 10
-7.61069
 20
-8.5042
 30
0.0
 10
-7.61069
 20
-8.5042
 30
0.0
 10
-7.61226
 20
-8.50075
 30
0.0
 10
-7.61332
 20
-8.49718
 30
0.0
 10
-7.61392
 20
-8.49359
 30
0.0
 10
-7.61392
 20
-8.49359
 30
0.0
 10
-7.7044
 20
-7.95029
 30
0.0
 10
-7.7044
 20
-7.95029
 30
0.0
  0
SPLINE
  5
2A6
330
1F
100
AcDbEntity
  8
Plan 1
 62
   250
370
    20
100
AcDbSpline
210
0.0
220
0.0
230
1.0
 70
    11
 71
     3
 72
    20
 73
    16
 74
     0
 42
0.0000000001
 43
0.0000000001
 40
0.0
 40
0.0
 40
0.0
 40
0.0
 40
0.2
 40
0.2
 40
0.2
 40
0.4
 40
0.4
 40
0.4
 40
0.6000000000000001
 40
0.6000000000000001
 40
0.6000000000000001
 40
0.8
 40
0.8
 40
0.8
 40
1.0
 40
1.0
 40
1.0
 40
1.0
 10
-8.8636
 20
-8.61272
 30
0.0
 10
-8.8636
 20
-8.61272
 30
0.0
 10
-8.44971
 20
-9.14732
 30
0.0
 10
-8.44971
 20
-9.14732
 30
0.0
 10
-8.44971
 20
-9.14732
 30
0.0
 10
-7.759
 20
-8.61788
 30
0.0
 10
-7.759
 20
-8.61788
 30
0.0
 10
-7.78455
 20
-8.60422
 30
0.0
 10
-7.81006
 20
-8.59051
 30
0.0
 10
-7.83552
 20
-8.57676
 30
0.0
 10
-7.84349
 20
-8.58366
 30
0.0
 10
-7.85447
 20
-8.58853
 30
0.0
 10
-7.86781
 20
-8.58885
 30
0.0
 10
-7.86781
 20
-8.58885
 30
0.0
 10
-8.8636
 20
-8.61272
 30
0.0
 10
-8.8636
 20
-8.61272
 30
0.0
  0
SPLINE
  5
2A7
330
1F
100
AcDbEntity
  8
Plan 1
 62
   250
370
    20
100
AcDbSpline
210
0.0
220
0.0
230
1.0
 70
    11
 71
     3
 72
    14
 73
    10
 74
     0
 42
0.0000000001
 43
0.0000000001
 40
0.0
 40
0.0
 40
0.0
 40
0.0
 40
0.3333333333333333
 40
0.3333333333333333
 40
0.3333333333333333
 40
0.6666666666666666
 40
0.6666666666666666
 40
0.6666666666666666
 40
1.0
 40
1.0
 40
1.0
 40
1.0
 10
-6.52552
 20
3.5292
 30
0.0
 10
-6.53432
 20
3.51091
 30
0.0
 10
-6.54309
 20
3.4926
 30
0.0
 10
-6.55181
 20
3.47428
 30
0.0
 10
-6.52362
 20
3.46058
 30
0.0
 10
-6.49544
 20
3.44687
 30
0.0
 10
-6.46725
 20
3.43317
 30
0.0
 10
-6.46725
 20
3.43317
 30
0.0
 10
-6.52552
 20
3.5292
 30
0.0
 10
-6.52552
 20
3.5292
 30
0.0
  0
SPLINE
  5
2A8
330
1F
100
AcDbEntity
  8
Plan 1
 62
   250
370
    20
100
AcDbSpline
210
0.0
220
0.0
230
1.0
 70
    11
 71
     3
 72
    20
 73
    16
 74
     0
 42
0.0000000001
 43
0.0000000001
 40
0.0
 40
0.0
 40
0.0
 40
0.0
 40
0.2
 40
0.2
 40
0.2
 40
0.4
 40
0.4
 40
0.4
 40
0.6000000000000001
 40
0.6000000000000001
 40
0.6000000000000001
 40
0.8
 40
0.8
 40
0.8
 40
1.0
 40
1.0
 40
1.0
 40
1.0
 10
0.17875
 20
6.64479
 30
0.0
 10
0.13349
 20
6.6681
 30
0.0
 10
0.08826
 20
6.69144
 30
0.0
 10
0.04307
 20
6.71482
 30
0.0
 10
0.04307
 20
6.71482
 30
0.0
 10
0.05401
 20
6.46032
 30
0.0
 10
0.05401
 20
6.46032
 30
0.0
 10
0.09453
 20
6.45986
 30
0.0
 10
0.13506
 20
6.4594
 30
0.0
 10
0.17559
 20
6.45895
 30
0.0
 10
0.17559
 20
6.45895
 30
0.0
 10
0.17749
 20
6.63501
 30
0.0
 10
0.17749
 20
6.63501
 30
0.0
 10
0.17753
 20
6.63828
 30
0.0
 10
0.17794
 20
6.64156
 30
0.0
 10
0.17875
 20
6.64479
 30
0.0
  0
SPLINE
  5
2A9
330
1F
100
AcDbEntity
  8
Plan 1
 62
   250
370
    20
100
AcDbSpline
210
0.0
220
0.0
230
1.0
 70
    11
 71
     3
 72
    20
 73
    16
 74
     0
 42
0.0000000001
 43
0.0000000001
 40
0.0
 40
0.0
 40
0.0
 40
0.0
 40
0.2
 40
0.2
 40
0.2
 40
0.4
 40
0.4
 40
0.4
 40
0.6000000000000001
 40
0.6000000000000001
 40
0.6000000000000001
 40
0.8
 40
0.8
 40
0.8
 40
1.0
 40
1.0
 40
1.0
 40
1.0
 10
-1.27041
 20
6.8158
 30
0.0
 10
-1.29493
 20
6.81272
 30
0.0
 10
-1.31945
 20
6.80961
 30
0.0
 10
-1.34396
 20
6.80648
 30
0.0
 10
-1.34396
 20
6.80648
 30
0.0
 10
-1.2159
 20
6.47936
 30
0.0
 10
-1.2159
 20
6.47936
 30
0.0
 10
-1.21533
 20
6.4779
 30
0.0
 10
-1.21484
 20
6.47642
 30
0.0
 10
-1.21444
 20
6.47492
 30
0.0
 10
-1.18568
 20
6.47459
 30
0.0
 10
-1.15692
 20
6.47425
 30
0.0
 10
-1.12817
 20
6.47392
 30
0.0
 10
-1.12817
 20
6.47392
 30
0.0
 10
-1.27041
 20
6.8158
 30
0.0
 10
-1.27041
 20
6.8158
 30
0.0
  0
SPLINE
  5
2AA
330
1F
100
AcDbEntity
  8
Plan 1
 62
   250
370
    20
100
AcDbSpline
210
0.0
220
0.0
230
1.0
 70
    11
 71
     3
 72
    20
 73
    16
 74
     0
 42
0.0000000001
 43
0.0000000001
 40
0.0
 40
0.0
 40
0.0
 40
0.0
 40
0.2
 40
0.2
 40
0.2
 40
0.4
 40
0.4
 40
0.4
 40
0.6000000000000001
 40
0.6000000000000001
 40
0.6000000000000001
 40
0.8
 40
0.8
 40
0.8
 40
1.0
 40
1.0
 40
1.0
 40
1.0
 10
-1.44306
 20
6.79365
 30
0.0
 10
-1.47445
 20
6.78954
 30
0.0
 10
-1.50582
 20
6.78538
 30
0.0
 10
-1.53718
 20
6.78118
 30
0.0
 10
-1.53718
 20
6.78118
 30
0.0
 10
-1.40572
 20
6.48325
 30
0.0
 10
-1.40572
 20
6.48325
 30
0.0
 10
-1.40484
 20
6.48124
 30
0.0
 10
-1.40412
 20
6.4792
 30
0.0
 10
-1.40356
 20
6.47713
 30
0.0
 10
-1.3753
 20
6.4768
 30
0.0
 10
-1.34703
 20
6.47646
 30
0.0
 10
-1.31877
 20
6.47613
 30
0.0
 10
-1.31877
 20
6.47613
 30
0.0
 10
-1.44306
 20
6.79365
 30
0.0
 10
-1.44306
 20
6.79365
 30
0.0
  0
SPLINE
  5
2AB
330
1F
100
AcDbEntity
  8
Plan 1
 62
   250
370
    20
100
AcDbSpline
210
0.0
220
0.0
230
1.0
 70
    11
 71
     3
 72
    20
 73
    16
 74
     0
 42
0.0000000001
 43
0.0000000001
 40
0.0
 40
0.0
 40
0.0
 40
0.0
 40
0.2
 40
0.2
 40
0.2
 40
0.4
 40
0.4
 40
0.4
 40
0.6000000000000001
 40
0.6000000000000001
 40
0.6000000000000001
 40
0.8
 40
0.8
 40
0.8
 40
1.0
 40
1.0
 40
1.0
 40
1.0
 10
-1.63697
 20
6.76767
 30
0.0
 10
-1.64958
 20
6.76594
 30
0.0
 10
-1.66219
 20
6.76421
 30
0.0
 10
-1.6748
 20
6.76247
 30
0.0
 10
-1.6748
 20
6.76247
 30
0.0
 10
-1.58582
 20
6.481
 30
0.0
 10
-1.58582
 20
6.481
 30
0.0
 10
-1.58563
 20
6.48042
 30
0.0
 10
-1.58546
 20
6.47984
 30
0.0
 10
-1.5853
 20
6.47925
 30
0.0
 10
-1.55998
 20
6.47895
 30
0.0
 10
-1.53465
 20
6.47866
 30
0.0
 10
-1.50932
 20
6.47836
 30
0.0
 10
-1.50932
 20
6.47836
 30
0.0
 10
-1.63697
 20
6.76767
 30
0.0
 10
-1.63697
 20
6.76767
 30
0.0
  0
SPLINE
  5
2AC
330
1F
100
AcDbEntity
  8
Plan 1
 62
   250
370
    20
100
AcDbSpline
210
0.0
220
0.0
230
1.0
 70
    11
 71
     3
 72
    20
 73
    16
 74
     0
 42
0.0000000001
 43
0.0000000001
 40
0.0
 40
0.0
 40
0.0
 40
0.0
 40
0.2
 40
0.2
 40
0.2
 40
0.4
 40
0.4
 40
0.4
 40
0.6000000000000001
 40
0.6000000000000001
 40
0.6000000000000001
 40
0.8
 40
0.8
 40
0.8
 40
1.0
 40
1.0
 40
1.0
 40
1.0
 10
-1.7725
 20
6.74884
 30
0.0
 10
-1.80322
 20
6.74451
 30
0.0
 10
-1.83393
 20
6.74014
 30
0.0
 10
-1.86463
 20
6.73572
 30
0.0
 10
-1.86463
 20
6.73572
 30
0.0
 10
-1.78465
 20
6.48336
 30
0.0
 10
-1.78465
 20
6.48336
 30
0.0
 10
-1.78446
 20
6.48277
 30
0.0
 10
-1.78429
 20
6.48218
 30
0.0
 10
-1.78413
 20
6.48158
 30
0.0
 10
-1.75197
 20
6.4812
 30
0.0
 10
-1.71981
 20
6.48082
 30
0.0
 10
-1.68765
 20
6.48045
 30
0.0
 10
-1.68765
 20
6.48045
 30
0.0
 10
-1.7725
 20
6.74884
 30
0.0
 10
-1.7725
 20
6.74884
 30
0.0
  0
SPLINE
  5
2AD
330
1F
100
AcDbEntity
  8
Plan 1
 62
   250
370
    20
100
AcDbSpline
210
0.0
220
0.0
230
1.0
 70
    11
 71
     3
 72
    17
 73
    13
 74
     0
 42
0.0000000001
 43
0.0000000001
 40
0.0
 40
0.0
 40
0.0
 40
0.0
 40
0.25
 40
0.25
 40
0.25
 40
0.5
 40
0.5
 40
0.5
 40
0.75
 40
0.75
 40
0.75
 40
1.0
 40
1.0
 40
1.0
 40
1.0
 10
-1.96217
 20
6.72159
 30
0.0
 10
-1.98409
 20
6.71838
 30
0.0
 10
-2.006
 20
6.71516
 30
0.0
 10
-2.02791
 20
6.71191
 30
0.0
 10
-2.02791
 20
6.71191
 30
0.0
 10
-1.94687
 20
6.48349
 30
0.0
 10
-1.94687
 20
6.48349
 30
0.0
 10
-1.92674
 20
6.48325
 30
0.0
 10
-1.90661
 20
6.48302
 30
0.0
 10
-1.88648
 20
6.48278
 30
0.0
 10
-1.88648
 20
6.48278
 30
0.0
 10
-1.96217
 20
6.72159
 30
0.0
 10
-1.96217
 20
6.72159
 30
0.0
  0
SPLINE
  5
2AE
330
1F
100
AcDbEntity
  8
Plan 1
 62
   250
370
    20
100
AcDbSpline
210
0.0
220
0.0
230
1.0
 70
    11
 71
     3
 72
    17
 73
    13
 74
     0
 42
0.0000000001
 43
0.0000000001
 40
0.0
 40
0.0
 40
0.0
 40
0.0
 40
0.25
 40
0.25
 40
0.25
 40
0.5
 40
0.5
 40
0.5
 40
0.75
 40
0.75
 40
0.75
 40
1.0
 40
1.0
 40
1.0
 40
1.0
 10
-2.12577
 20
6.6973
 30
0.0
 10
-2.15567
 20
6.69279
 30
0.0
 10
-2.18555
 20
6.68825
 30
0.0
 10
-2.21543
 20
6.68368
 30
0.0
 10
-2.21543
 20
6.68368
 30
0.0
 10
-2.12652
 20
6.43645
 30
0.0
 10
-2.12652
 20
6.43645
 30
0.0
 10
-2.09822
 20
6.44436
 30
0.0
 10
-2.06994
 20
6.45227
 30
0.0
 10
-2.04164
 20
6.46017
 30
0.0
 10
-2.04164
 20
6.46017
 30
0.0
 10
-2.12577
 20
6.6973
 30
0.0
 10
-2.12577
 20
6.6973
 30
0.0
  0
SPLINE
  5
2AF
330
1F
100
AcDbEntity
  8
Plan 1
 62
   250
370
    20
100
AcDbSpline
210
0.0
220
0.0
230
1.0
 70
    11
 71
     3
 72
    17
 73
    13
 74
     0
 42
0.0000000001
 43
0.0000000001
 40
0.0
 40
0.0
 40
0.0
 40
0.0
 40
0.25
 40
0.25
 40
0.25
 40
0.5
 40
0.5
 40
0.5
 40
0.75
 40
0.75
 40
0.75
 40
1.0
 40
1.0
 40
1.0
 40
1.0
 10
-2.31319
 20
6.66861
 30
0.0
 10
-2.34639
 20
6.66345
 30
0.0
 10
-2.37958
 20
6.65825
 30
0.0
 10
-2.41275
 20
6.65301
 30
0.0
 10
-2.41275
 20
6.65301
 30
0.0
 10
-2.27541
 20
6.39487
 30
0.0
 10
-2.27541
 20
6.39487
 30
0.0
 10
-2.25703
 20
6.4
 30
0.0
 10
-2.23865
 20
6.40513
 30
0.0
 10
-2.22028
 20
6.41026
 30
0.0
 10
-2.22028
 20
6.41026
 30
0.0
 10
-2.31319
 20
6.66861
 30
0.0
 10
-2.31319
 20
6.66861
 30
0.0
  0
SPLINE
  5
2B0
330
1F
100
AcDbEntity
  8
Plan 1
 62
   250
370
    20
100
AcDbSpline
210
0.0
220
0.0
230
1.0
 70
    11
 71
     3
 72
    20
 73
    16
 74
     0
 42
0.0000000001
 43
0.0000000001
 40
0.0
 40
0.0
 40
0.0
 40
0.0
 40
0.2
 40
0.2
 40
0.2
 40
0.4
 40
0.4
 40
0.4
 40
0.6000000000000001
 40
0.6000000000000001
 40
0.6000000000000001
 40
0.8
 40
0.8
 40
0.8
 40
1.0
 40
1.0
 40
1.0
 40
1.0
 10
-2.51336
 20
6.63701
 30
0.0
 10
-2.53433
 20
6.63364
 30
0.0
 10
-2.5553
 20
6.63026
 30
0.0
 10
-2.57627
 20
6.62687
 30
0.0
 10
-2.57627
 20
6.62687
 30
0.0
 10
-2.46132
 20
6.34299
 30
0.0
 10
-2.46132
 20
6.34299
 30
0.0
 10
-2.43102
 20
6.35144
 30
0.0
 10
-2.40073
 20
6.35989
 30
0.0
 10
-2.37043
 20
6.36834
 30
0.0
 10
-2.37043
 20
6.36834
 30
0.0
 10
-2.51282
 20
6.63597
 30
0.0
 10
-2.51282
 20
6.63597
 30
0.0
 10
-2.51301
 20
6.63632
 30
0.0
 10
-2.51318
 20
6.63666
 30
0.0
 10
-2.51336
 20
6.63701
 30
0.0
  0
SPLINE
  5
2B1
330
1F
100
AcDbEntity
  8
Plan 1
 62
   250
370
    20
100
AcDbSpline
210
0.0
220
0.0
230
1.0
 70
    11
 71
     3
 72
    17
 73
    13
 74
     0
 42
0.0000000001
 43
0.0000000001
 40
0.0
 40
0.0
 40
0.0
 40
0.0
 40
0.25
 40
0.25
 40
0.25
 40
0.5
 40
0.5
 40
0.5
 40
0.75
 40
0.75
 40
0.75
 40
1.0
 40
1.0
 40
1.0
 40
1.0
 10
-2.67435
 20
6.6109
 30
0.0
 10
-2.69529
 20
6.60747
 30
0.0
 10
-2.71622
 20
6.60402
 30
0.0
 10
-2.73715
 20
6.60056
 30
0.0
 10
-2.73715
 20
6.60056
 30
0.0
 10
-2.63321
 20
6.29505
 30
0.0
 10
-2.63321
 20
6.29505
 30
0.0
 10
-2.60722
 20
6.3023
 30
0.0
 10
-2.58124
 20
6.30955
 30
0.0
 10
-2.55525
 20
6.31679
 30
0.0
 10
-2.55525
 20
6.31679
 30
0.0
 10
-2.67435
 20
6.6109
 30
0.0
 10
-2.67435
 20
6.6109
 30
0.0
  0
SPLINE
  5
2B2
330
1F
100
AcDbEntity
  8
Plan 1
 62
   250
370
    20
100
AcDbSpline
210
0.0
220
0.0
230
1.0
 70
    11
 71
     3
 72
    20
 73
    16
 74
     0
 42
0.0000000001
 43
0.0000000001
 40
0.0
 40
0.0
 40
0.0
 40
0.0
 40
0.2
 40
0.2
 40
0.2
 40
0.4
 40
0.4
 40
0.4
 40
0.6000000000000001
 40
0.6000000000000001
 40
0.6000000000000001
 40
0.8
 40
0.8
 40
0.8
 40
1.0
 40
1.0
 40
1.0
 40
1.0
 10
-2.87429
 20
6.5777
 30
0.0
 10
-2.89204
 20
6.57
 30
0.0
 10
-2.90974
 20
6.56223
 30
0.0
 10
-2.92738
 20
6.55441
 30
0.0
 10
-2.92738
 20
6.55441
 30
0.0
 10
-2.80235
 20
6.24792
 30
0.0
 10
-2.80235
 20
6.24792
 30
0.0
 10
-2.77722
 20
6.25492
 30
0.0
 10
-2.75209
 20
6.26192
 30
0.0
 10
-2.72695
 20
6.26893
 30
0.0
 10
-2.72695
 20
6.26893
 30
0.0
 10
-2.83429
 20
6.5844
 30
0.0
 10
-2.83429
 20
6.5844
 30
0.0
 10
-2.84762
 20
6.58217
 30
0.0
 10
-2.86096
 20
6.57994
 30
0.0
 10
-2.87429
 20
6.5777
 30
0.0
  0
SPLINE
  5
2B3
330
1F
100
AcDbEntity
  8
Plan 1
 62
   250
370
    20
100
AcDbSpline
210
0.0
220
0.0
230
1.0
 70
    11
 71
     3
 72
    17
 73
    13
 74
     0
 42
0.0000000001
 43
0.0000000001
 40
0.0
 40
0.0
 40
0.0
 40
0.0
 40
0.25
 40
0.25
 40
0.25
 40
0.5
 40
0.5
 40
0.5
 40
0.75
 40
0.75
 40
0.75
 40
1.0
 40
1.0
 40
1.0
 40
1.0
 10
-3.01574
 20
6.51449
 30
0.0
 10
-3.0352
 20
6.50555
 30
0.0
 10
-3.05459
 20
6.49654
 30
0.0
 10
-3.07393
 20
6.48746
 30
0.0
 10
-3.07393
 20
6.48746
 30
0.0
 10
-2.95881
 20
6.20433
 30
0.0
 10
-2.95881
 20
6.20433
 30
0.0
 10
-2.93798
 20
6.21013
 30
0.0
 10
-2.91715
 20
6.21593
 30
0.0
 10
-2.89632
 20
6.22174
 30
0.0
 10
-2.89632
 20
6.22174
 30
0.0
 10
-3.01574
 20
6.51449
 30
0.0
 10
-3.01574
 20
6.51449
 30
0.0
  0
SPLINE
  5
2B4
330
1F
100
AcDbEntity
  8
Plan 1
 62
   250
370
    20
100
AcDbSpline
210
0.0
220
0.0
230
1.0
 70
    11
 71
     3
 72
    17
 73
    13
 74
     0
 42
0.0000000001
 43
0.0000000001
 40
0.0
 40
0.0
 40
0.0
 40
0.0
 40
0.25
 40
0.25
 40
0.25
 40
0.5
 40
0.5
 40
0.5
 40
0.75
 40
0.75
 40
0.75
 40
1.0
 40
1.0
 40
1.0
 40
1.0
 10
-3.16155
 20
6.44567
 30
0.0
 10
-3.18265
 20
6.43545
 30
0.0
 10
-3.20369
 20
6.42515
 30
0.0
 10
-3.22465
 20
6.41479
 30
0.0
 10
-3.22465
 20
6.41479
 30
0.0
 10
-3.1232
 20
6.15855
 30
0.0
 10
-3.1232
 20
6.15855
 30
0.0
 10
-3.09973
 20
6.16508
 30
0.0
 10
-3.07625
 20
6.17162
 30
0.0
 10
-3.05278
 20
6.17816
 30
0.0
 10
-3.05278
 20
6.17816
 30
0.0
 10
-3.16155
 20
6.44567
 30
0.0
 10
-3.16155
 20
6.44567
 30
0.0
  0
SPLINE
  5
2B5
330
1F
100
AcDbEntity
  8
Plan 1
 62
   250
370
    20
100
AcDbSpline
210
0.0
220
0.0
230
1.0
 70
    11
 71
     3
 72
    17
 73
    13
 74
     0
 42
0.0000000001
 43
0.0000000001
 40
0.0
 40
0.0
 40
0.0
 40
0.0
 40
0.25
 40
0.25
 40
0.25
 40
0.5
 40
0.5
 40
0.5
 40
0.75
 40
0.75
 40
0.75
 40
1.0
 40
1.0
 40
1.0
 40
1.0
 10
-3.31166
 20
6.37119
 30
0.0
 10
-3.33028
 20
6.36174
 30
0.0
 10
-3.34885
 20
6.35224
 30
0.0
 10
-3.36736
 20
6.34269
 30
0.0
 10
-3.36736
 20
6.34269
 30
0.0
 10
-3.27248
 20
6.11698
 30
0.0
 10
-3.27248
 20
6.11698
 30
0.0
 10
-3.25402
 20
6.12212
 30
0.0
 10
-3.23557
 20
6.12726
 30
0.0
 10
-3.21712
 20
6.1324
 30
0.0
 10
-3.21712
 20
6.1324
 30
0.0
 10
-3.31166
 20
6.37119
 30
0.0
 10
-3.31166
 20
6.37119
 30
0.0
  0
SPLINE
  5
2B6
330
1F
100
AcDbEntity
  8
Plan 1
 62
   250
370
    20
100
AcDbSpline
210
0.0
220
0.0
230
1.0
 70
    11
 71
     3
 72
    20
 73
    16
 74
     0
 42
0.0000000001
 43
0.0000000001
 40
0.0
 40
0.0
 40
0.0
 40
0.0
 40
0.2
 40
0.2
 40
0.2
 40
0.4
 40
0.4
 40
0.4
 40
0.6000000000000001
 40
0.6000000000000001
 40
0.6000000000000001
 40
0.8
 40
0.8
 40
0.8
 40
1.0
 40
1.0
 40
1.0
 40
1.0
 10
-3.45352
 20
6.29773
 30
0.0
 10
-3.48297
 20
6.28219
 30
0.0
 10
-3.5123
 20
6.26653
 30
0.0
 10
-3.54153
 20
6.25078
 30
0.0
 10
-3.54151
 20
6.25071
 30
0.0
 10
-3.54149
 20
6.25064
 30
0.0
 10
-3.54147
 20
6.25056
 30
0.0
 10
-3.54147
 20
6.25056
 30
0.0
 10
-3.48968
 20
6.0565
 30
0.0
 10
-3.48968
 20
6.0565
 30
0.0
 10
-3.44863
 20
6.06794
 30
0.0
 10
-3.40758
 20
6.07937
 30
0.0
 10
-3.36652
 20
6.0908
 30
0.0
 10
-3.36652
 20
6.0908
 30
0.0
 10
-3.45352
 20
6.29773
 30
0.0
 10
-3.45352
 20
6.29773
 30
0.0
  0
SPLINE
  5
2B7
330
1F
100
AcDbEntity
  8
Plan 1
 62
   250
370
    20
100
AcDbSpline
210
0.0
220
0.0
230
1.0
 70
    11
 71
     3
 72
    14
 73
    10
 74
     0
 42
0.0000000001
 43
0.0000000001
 40
0.0
 40
0.0
 40
0.0
 40
0.0
 40
0.3333333333333333
 40
0.3333333333333333
 40
0.3333333333333333
 40
0.6666666666666666
 40
0.6666666666666666
 40
0.6666666666666666
 40
1.0
 40
1.0
 40
1.0
 40
1.0
 10
-3.62957
 20
6.20284
 30
0.0
 10
-3.83784
 20
6.08838
 30
0.0
 10
-4.04098
 20
5.96937
 30
0.0
 10
-4.24042
 20
5.84729
 30
0.0
 10
-4.02149
 20
5.90837
 30
0.0
 10
-3.80253
 20
5.96938
 30
0.0
 10
-3.58355
 20
6.03036
 30
0.0
 10
-3.58355
 20
6.03036
 30
0.0
 10
-3.62957
 20
6.20284
 30
0.0
 10
-3.62957
 20
6.20284
 30
0.0
  0
SPLINE
  5
2B8
330
1F
100
AcDbEntity
  8
Plan 1
 62
   250
370
    20
100
AcDbSpline
210
0.0
220
0.0
230
1.0
 70
    11
 71
     3
 72
    26
 73
    22
 74
     0
 42
0.0000000001
 43
0.0000000001
 40
0.0
 40
0.0
 40
0.0
 40
0.0
 40
0.1428571428571428
 40
0.1428571428571428
 40
0.1428571428571428
 40
0.2857142857142857
 40
0.2857142857142857
 40
0.2857142857142857
 40
0.4285714285714285
 40
0.4285714285714285
 40
0.4285714285714285
 40
0.5714285714285714
 40
0.5714285714285714
 40
0.5714285714285714
 40
0.7142857142857142
 40
0.7142857142857142
 40
0.7142857142857142
 40
0.8571428571428571
 40
0.8571428571428571
 40
0.8571428571428571
 40
1.0
 40
1.0
 40
1.0
 40
1.0
 10
-5.22627
 20
3.26124
 30
0.0
 10
-5.26363
 20
3.22709
 30
0.0
 10
-5.301
 20
3.19295
 30
0.0
 10
-5.33838
 20
3.15882
 30
0.0
 10
-5.25985
 20
3.134
 30
0.0
 10
-5.18131
 20
3.10919
 30
0.0
 10
-5.10279
 20
3.08437
 30
0.0
 10
-5.09859
 20
3.09006
 30
0.0
 10
-5.09277
 20
3.09511
 30
0.0
 10
-5.0852
 20
3.09872
 30
0.0
 10
-5.0852
 20
3.09872
 30
0.0
 10
-4.82105
 20
3.22444
 30
0.0
 10
-4.82105
 20
3.22444
 30
0.0
 10
-4.82244
 20
3.22445
 30
0.0
 10
-4.82384
 20
3.22451
 30
0.0
 10
-4.82524
 20
3.22463
 30
0.0
 10
-4.82524
 20
3.22463
 30
0.0
 10
-5.20794
 20
3.25634
 30
0.0
 10
-5.20794
 20
3.25634
 30
0.0
 10
-5.21471
 20
3.2569
 30
0.0
 10
-5.22087
 20
3.25865
 30
0.0
 10
-5.22627
 20
3.26124
 30
0.0
  0
SPLINE
  5
2B9
330
1F
100
AcDbEntity
  8
Plan 1
 62
   250
370
    20
100
AcDbSpline
210
0.0
220
0.0
230
1.0
 70
    11
 71
     3
 72
    17
 73
    13
 74
     0
 42
0.0000000001
 43
0.0000000001
 40
0.0
 40
0.0
 40
0.0
 40
0.0
 40
0.25
 40
0.25
 40
0.25
 40
0.5
 40
0.5
 40
0.5
 40
0.75
 40
0.75
 40
0.75
 40
1.0
 40
1.0
 40
1.0
 40
1.0
 10
-4.58686
 20
3.06746
 30
0.0
 10
-4.58686
 20
3.06746
 30
0.0
 10
-4.71131
 20
2.96067
 30
0.0
 10
-4.71131
 20
2.96067
 30
0.0
 10
-4.6829
 20
2.95169
 30
0.0
 10
-4.65449
 20
2.94271
 30
0.0
 10
-4.62607
 20
2.93373
 30
0.0
 10
-4.62607
 20
2.93373
 30
0.0
 10
-4.56593
 20
3.05265
 30
0.0
 10
-4.56593
 20
3.05265
 30
0.0
 10
-4.57291
 20
3.05759
 30
0.0
 10
-4.57989
 20
3.06252
 30
0.0
 10
-4.58686
 20
3.06746
 30
0.0
  0
SPLINE
  5
2BA
330
1F
100
AcDbEntity
  8
Plan 1
 62
   250
370
    20
100
AcDbSpline
210
0.0
220
0.0
230
1.0
 70
    11
 71
     3
 72
    17
 73
    13
 74
     0
 42
0.0000000001
 43
0.0000000001
 40
0.0
 40
0.0
 40
0.0
 40
0.0
 40
0.25
 40
0.25
 40
0.25
 40
0.5
 40
0.5
 40
0.5
 40
0.75
 40
0.75
 40
0.75
 40
1.0
 40
1.0
 40
1.0
 40
1.0
 10
-4.33419
 20
2.8415
 30
0.0
 10
-4.30524
 20
2.83236
 30
0.0
 10
-4.2763
 20
2.82321
 30
0.0
 10
-4.24736
 20
2.81407
 30
0.0
 10
-4.24736
 20
2.81407
 30
0.0
 10
-4.22335
 20
3.02123
 30
0.0
 10
-4.22335
 20
3.02123
 30
0.0
 10
-4.24739
 20
3.02219
 30
0.0
 10
-4.27144
 20
3.02315
 30
0.0
 10
-4.29548
 20
3.02411
 30
0.0
 10
-4.29548
 20
3.02411
 30
0.0
 10
-4.33419
 20
2.8415
 30
0.0
 10
-4.33419
 20
2.8415
 30
0.0
  0
SPLINE
  5
2BB
330
1F
100
AcDbEntity
  8
Plan 1
 62
   250
370
    20
100
AcDbSpline
210
0.0
220
0.0
230
1.0
 70
    11
 71
     3
 72
    20
 73
    16
 74
     0
 42
0.0000000001
 43
0.0000000001
 40
0.0
 40
0.0
 40
0.0
 40
0.0
 40
0.2
 40
0.2
 40
0.2
 40
0.4
 40
0.4
 40
0.4
 40
0.6000000000000001
 40
0.6000000000000001
 40
0.6000000000000001
 40
0.8
 40
0.8
 40
0.8
 40
1.0
 40
1.0
 40
1.0
 40
1.0
 10
-5.72965
 20
1.31558
 30
0.0
 10
-5.72965
 20
1.31558
 30
0.0
 10
-6.60332
 20
0.72188
 30
0.0
 10
-6.60332
 20
0.72188
 30
0.0
 10
-6.57953
 20
0.6869
 30
0.0
 10
-6.55568
 20
0.65193
 30
0.0
 10
-6.53179
 20
0.61698
 30
0.0
 10
-6.53179
 20
0.61698
 30
0.0
 10
-5.74508
 20
1.09665
 30
0.0
 10
-5.74508
 20
1.09665
 30
0.0
 10
-5.74152
 20
1.09882
 30
0.0
 10
-5.73756
 20
1.10059
 30
0.0
 10
-5.73332
 20
1.10186
 30
0.0
 10
-5.7321
 20
1.1731
 30
0.0
 10
-5.73087
 20
1.24434
 30
0.0
 10
-5.72965
 20
1.31558
 30
0.0
  0
SPLINE
  5
2BC
330
1F
100
AcDbEntity
  8
Plan 1
 62
   250
370
    20
100
AcDbSpline
210
0.0
220
0.0
230
1.0
 70
    11
 71
     3
 72
    23
 73
    19
 74
     0
 42
0.0000000001
 43
0.0000000001
 40
0.0
 40
0.0
 40
0.0
 40
0.0
 40
0.1666666666666667
 40
0.1666666666666667
 40
0.1666666666666667
 40
0.3333333333333333
 40
0.3333333333333333
 40
0.3333333333333333
 40
0.5
 40
0.5
 40
0.5
 40
0.6666666666666666
 40
0.6666666666666666
 40
0.6666666666666666
 40
0.8333333333333333
 40
0.8333333333333333
 40
0.8333333333333333
 40
1.0
 40
1.0
 40
1.0
 40
1.0
 10
-0.75712
 20
4.60205
 30
0.0
 10
-0.67228
 20
4.56305
 30
0.0
 10
-0.58744
 20
4.52405
 30
0.0
 10
-0.5026
 20
4.48505
 30
0.0
 10
-0.50216
 20
4.48549
 30
0.0
 10
-0.50171
 20
4.48592
 30
0.0
 10
-0.50125
 20
4.48635
 30
0.0
 10
-0.50125
 20
4.48635
 30
0.0
 10
0.32789
 20
5.25288
 30
0.0
 10
0.32789
 20
5.25288
 30
0.0
 10
0.33668
 20
5.261
 30
0.0
 10
0.34915
 20
5.26589
 30
0.0
 10
0.3623
 20
5.26601
 30
0.0
 10
0.39666
 20
5.35975
 30
0.0
 10
0.43102
 20
5.45348
 30
0.0
 10
0.46538
 20
5.54722
 30
0.0
 10
0.46538
 20
5.54722
 30
0.0
 10
-0.75712
 20
4.60205
 30
0.0
 10
-0.75712
 20
4.60205
 30
0.0
  0
SPLINE
  5
2BD
330
1F
100
AcDbEntity
  8
Plan 1
 62
   250
370
    20
100
AcDbSpline
210
0.0
220
0.0
230
1.0
 70
    11
 71
     3
 72
    17
 73
    13
 74
     0
 42
0.0000000001
 43
0.0000000001
 40
0.0
 40
0.0
 40
0.0
 40
0.0
 40
0.25
 40
0.25
 40
0.25
 40
0.5
 40
0.5
 40
0.5
 40
0.75
 40
0.75
 40
0.75
 40
1.0
 40
1.0
 40
1.0
 40
1.0
 10
-5.00697
 20
0.02652
 30
0.0
 10
-4.96728
 20
0.12396
 30
0.0
 10
-4.92751
 20
0.2214
 30
0.0
 10
-4.88766
 20
0.31881
 30
0.0
 10
-4.88766
 20
0.31881
 30
0.0
 10
-5.60237
 20
0.34295
 30
0.0
 10
-5.60237
 20
0.34295
 30
0.0
 10
-5.60403
 20
0.2465
 30
0.0
 10
-5.60569
 20
0.15004
 30
0.0
 10
-5.60735
 20
0.05359
 30
0.0
 10
-5.60735
 20
0.05359
 30
0.0
 10
-5.00697
 20
0.02652
 30
0.0
 10
-5.00697
 20
0.02652
 30
0.0
  0
SPLINE
  5
2BE
330
1F
100
AcDbEntity
  8
Plan 1
 62
   250
370
    20
100
AcDbSpline
210
0.0
220
0.0
230
1.0
 70
    11
 71
     3
 72
    20
 73
    16
 74
     0
 42
0.0000000001
 43
0.0000000001
 40
0.0
 40
0.0
 40
0.0
 40
0.0
 40
0.2
 40
0.2
 40
0.2
 40
0.4
 40
0.4
 40
0.4
 40
0.6000000000000001
 40
0.6000000000000001
 40
0.6000000000000001
 40
0.8
 40
0.8
 40
0.8
 40
1.0
 40
1.0
 40
1.0
 40
1.0
 10
-6.48452
 20
-0.81939
 30
0.0
 10
-6.48452
 20
-0.81939
 30
0.0
 10
-6.49987
 20
-1.01298
 30
0.0
 10
-6.49987
 20
-1.01298
 30
0.0
 10
-6.50031
 20
-1.01854
 30
0.0
 10
-6.50186
 20
-1.02412
 30
0.0
 10
-6.50461
 20
-1.02937
 30
0.0
 10
-6.50461
 20
-1.02937
 30
0.0
 10
-6.3931
 20
-1.12538
 30
0.0
 10
-6.3931
 20
-1.12538
 30
0.0
 10
-6.3931
 20
-1.12538
 30
0.0
 10
-6.40647
 20
-0.81507
 30
0.0
 10
-6.40647
 20
-0.81507
 30
0.0
 10
-6.40647
 20
-0.81507
 30
0.0
 10
-6.48452
 20
-0.81939
 30
0.0
 10
-6.48452
 20
-0.81939
 30
0.0
  0
SPLINE
  5
2BF
330
1F
100
AcDbEntity
  8
Plan 1
 62
   250
370
    20
100
AcDbSpline
210
0.0
220
0.0
230
1.0
 70
    11
 71
     3
 72
    14
 73
    10
 74
     0
 42
0.0000000001
 43
0.0000000001
 40
0.0
 40
0.0
 40
0.0
 40
0.0
 40
0.3333333333333333
 40
0.3333333333333333
 40
0.3333333333333333
 40
0.6666666666666666
 40
0.6666666666666666
 40
0.6666666666666666
 40
1.0
 40
1.0
 40
1.0
 40
1.0
 10
-6.58309
 20
-0.82484
 30
0.0
 10
-6.58309
 20
-0.82484
 30
0.0
 10
-6.73259
 20
-0.8331
 30
0.0
 10
-6.73259
 20
-0.8331
 30
0.0
 10
-6.73259
 20
-0.8331
 30
0.0
 10
-6.59326
 20
-0.95306
 30
0.0
 10
-6.59326
 20
-0.95306
 30
0.0
 10
-6.59326
 20
-0.95306
 30
0.0
 10
-6.58309
 20
-0.82484
 30
0.0
 10
-6.58309
 20
-0.82484
 30
0.0
  0
SPLINE
  5
2C0
330
1F
100
AcDbEntity
  8
Plan 1
 62
   250
370
    20
100
AcDbSpline
210
0.0
220
0.0
230
1.0
 70
    11
 71
     3
 72
    23
 73
    19
 74
     0
 42
0.0000000001
 43
0.0000000001
 40
0.0
 40
0.0
 40
0.0
 40
0.0
 40
0.1666666666666667
 40
0.1666666666666667
 40
0.1666666666666667
 40
0.3333333333333333
 40
0.3333333333333333
 40
0.3333333333333333
 40
0.5
 40
0.5
 40
0.5
 40
0.6666666666666666
 40
0.6666666666666666
 40
0.6666666666666666
 40
0.8333333333333333
 40
0.8333333333333333
 40
0.8333333333333333
 40
1.0
 40
1.0
 40
1.0
 40
1.0
 10
-7.0947
 20
-1.19459
 30
0.0
 10
-7.0947
 20
-1.19459
 30
0.0
 10
-7.1461
 20
-1.27434
 30
0.0
 10
-7.1461
 20
-1.27434
 30
0.0
 10
-7.14209
 20
-1.27857
 30
0.0
 10
-7.13915
 20
-1.28332
 30
0.0
 10
-7.1372
 20
-1.28821
 30
0.0
 10
-7.1372
 20
-1.28821
 30
0.0
 10
-6.92764
 20
-1.81429
 30
0.0
 10
-6.92764
 20
-1.81429
 30
0.0
 10
-6.92632
 20
-1.81758
 30
0.0
 10
-6.92544
 20
-1.82097
 30
0.0
 10
-6.92499
 20
-1.82438
 30
0.0
 10
-6.92499
 20
-1.82438
 30
0.0
 10
-6.85621
 20
-1.83308
 30
0.0
 10
-6.85621
 20
-1.83308
 30
0.0
 10
-6.85621
 20
-1.83308
 30
0.0
 10
-7.0947
 20
-1.19459
 30
0.0
 10
-7.0947
 20
-1.19459
 30
0.0
  0
SPLINE
  5
2C1
330
1F
100
AcDbEntity
  8
Plan 1
 62
   250
370
    20
100
AcDbSpline
210
0.0
220
0.0
230
1.0
 70
    11
 71
     3
 72
    23
 73
    19
 74
     0
 42
0.0000000001
 43
0.0000000001
 40
0.0
 40
0.0
 40
0.0
 40
0.0
 40
0.1666666666666667
 40
0.1666666666666667
 40
0.1666666666666667
 40
0.3333333333333333
 40
0.3333333333333333
 40
0.3333333333333333
 40
0.5
 40
0.5
 40
0.5
 40
0.6666666666666666
 40
0.6666666666666666
 40
0.6666666666666666
 40
0.8333333333333333
 40
0.8333333333333333
 40
0.8333333333333333
 40
1.0
 40
1.0
 40
1.0
 40
1.0
 10
-7.2085
 20
-1.37116
 30
0.0
 10
-7.2085
 20
-1.37116
 30
0.0
 10
-7.26217
 20
-1.45443
 30
0.0
 10
-7.26217
 20
-1.45443
 30
0.0
 10
-7.25822
 20
-1.4586
 30
0.0
 10
-7.2553
 20
-1.46328
 30
0.0
 10
-7.25335
 20
-1.4681
 30
0.0
 10
-7.25335
 20
-1.4681
 30
0.0
 10
-7.12342
 20
-1.7893
 30
0.0
 10
-7.12342
 20
-1.7893
 30
0.0
 10
-7.12206
 20
-1.79266
 30
0.0
 10
-7.12116
 20
-1.79612
 30
0.0
 10
-7.12069
 20
-1.7996
 30
0.0
 10
-7.12069
 20
-1.7996
 30
0.0
 10
-7.03343
 20
-1.81065
 30
0.0
 10
-7.03343
 20
-1.81065
 30
0.0
 10
-7.03343
 20
-1.81065
 30
0.0
 10
-7.2085
 20
-1.37116
 30
0.0
 10
-7.2085
 20
-1.37116
 30
0.0
  0
SPLINE
  5
2C2
330
1F
100
AcDbEntity
  8
Plan 1
 62
   250
370
    20
100
AcDbSpline
210
0.0
220
0.0
230
1.0
 70
    11
 71
     3
 72
    17
 73
    13
 74
     0
 42
0.0000000001
 43
0.0000000001
 40
0.0
 40
0.0
 40
0.0
 40
0.0
 40
0.25
 40
0.25
 40
0.25
 40
0.5
 40
0.5
 40
0.5
 40
0.75
 40
0.75
 40
0.75
 40
1.0
 40
1.0
 40
1.0
 40
1.0
 10
-7.32438
 20
-1.55096
 30
0.0
 10
-7.32438
 20
-1.55096
 30
0.0
 10
-7.41629
 20
-1.69357
 30
0.0
 10
-7.41629
 20
-1.69357
 30
0.0
 10
-7.41629
 20
-1.69357
 30
0.0
 10
-7.41852
 20
-1.76191
 30
0.0
 10
-7.41852
 20
-1.76191
 30
0.0
 10
-7.41852
 20
-1.76191
 30
0.0
 10
-7.22936
 20
-1.78585
 30
0.0
 10
-7.22936
 20
-1.78585
 30
0.0
 10
-7.22936
 20
-1.78585
 30
0.0
 10
-7.32438
 20
-1.55096
 30
0.0
 10
-7.32438
 20
-1.55096
 30
0.0
  0
SPLINE
  5
2C3
330
1F
100
AcDbEntity
  8
Plan 1
 62
   250
370
    20
100
AcDbSpline
210
0.0
220
0.0
230
1.0
 70
    11
 71
     3
 72
    14
 73
    10
 74
     0
 42
0.0000000001
 43
0.0000000001
 40
0.0
 40
0.0
 40
0.0
 40
0.0
 40
0.3333333333333333
 40
0.3333333333333333
 40
0.3333333333333333
 40
0.6666666666666666
 40
0.6666666666666666
 40
0.6666666666666666
 40
1.0
 40
1.0
 40
1.0
 40
1.0
 10
-5.7565
 20
-0.24696
 30
0.0
 10
-5.7565
 20
-0.24696
 30
0.0
 10
-5.87548
 20
-0.32556
 30
0.0
 10
-5.87548
 20
-0.32556
 30
0.0
 10
-5.83725
 20
-0.37973
 30
0.0
 10
-5.79897
 20
-0.43388
 30
0.0
 10
-5.76065
 20
-0.48801
 30
0.0
 10
-5.75926
 20
-0.40766
 30
0.0
 10
-5.75787
 20
-0.32731
 30
0.0
 10
-5.7565
 20
-0.24696
 30
0.0
  0
SPLINE
  5
2C4
330
1F
100
AcDbEntity
  8
Plan 1
 62
   250
370
    20
100
AcDbSpline
210
0.0
220
0.0
230
1.0
 70
    11
 71
     3
 72
    20
 73
    16
 74
     0
 42
0.0000000001
 43
0.0000000001
 40
0.0
 40
0.0
 40
0.0
 40
0.0
 40
0.2
 40
0.2
 40
0.2
 40
0.4
 40
0.4
 40
0.4
 40
0.6000000000000001
 40
0.6000000000000001
 40
0.6000000000000001
 40
0.8
 40
0.8
 40
0.8
 40
1.0
 40
1.0
 40
1.0
 40
1.0
 10
-6.20829
 20
-0.80411
 30
0.0
 10
-6.20829
 20
-0.80411
 30
0.0
 10
-6.30876
 20
-0.80967
 30
0.0
 10
-6.30876
 20
-0.80967
 30
0.0
 10
-6.30876
 20
-0.80967
 30
0.0
 10
-6.29252
 20
-1.18626
 30
0.0
 10
-6.29252
 20
-1.18626
 30
0.0
 10
-6.29221
 20
-1.19351
 30
0.0
 10
-6.29376
 20
-1.20095
 30
0.0
 10
-6.29736
 20
-1.2078
 30
0.0
 10
-6.29736
 20
-1.2078
 30
0.0
 10
-6.2144
 20
-1.27923
 30
0.0
 10
-6.2144
 20
-1.27923
 30
0.0
 10
-6.2144
 20
-1.27923
 30
0.0
 10
-6.20829
 20
-0.80411
 30
0.0
 10
-6.20829
 20
-0.80411
 30
0.0
  0
SPLINE
  5
2C5
330
1F
100
AcDbEntity
  8
Plan 1
 62
   250
370
    20
100
AcDbSpline
210
0.0
220
0.0
230
1.0
 70
    11
 71
     3
 72
    14
 73
    10
 74
     0
 42
0.0000000001
 43
0.0000000001
 40
0.0
 40
0.0
 40
0.0
 40
0.0
 40
0.3333333333333333
 40
0.3333333333333333
 40
0.3333333333333333
 40
0.6666666666666666
 40
0.6666666666666666
 40
0.6666666666666666
 40
1.0
 40
1.0
 40
1.0
 40
1.0
 10
-7.3835
 20
-1.90442
 30
0.0
 10
-7.3835
 20
-1.90442
 30
0.0
 10
-7.31401
 20
-2.08336
 30
0.0
 10
-7.31401
 20
-2.08336
 30
0.0
 10
-7.31401
 20
-2.08336
 30
0.0
 10
-7.15192
 20
-1.93374
 30
0.0
 10
-7.15192
 20
-1.93374
 30
0.0
 10
-7.15192
 20
-1.93374
 30
0.0
 10
-7.3835
 20
-1.90442
 30
0.0
 10
-7.3835
 20
-1.90442
 30
0.0
  0
SPLINE
  5
2C6
330
1F
100
AcDbEntity
  8
Plan 1
 62
   250
370
    20
100
AcDbSpline
210
0.0
220
0.0
230
1.0
 70
    11
 71
     3
 72
    14
 73
    10
 74
     0
 42
0.0000000001
 43
0.0000000001
 40
0.0
 40
0.0
 40
0.0
 40
0.0
 40
0.3333333333333333
 40
0.3333333333333333
 40
0.3333333333333333
 40
0.6666666666666666
 40
0.6666666666666666
 40
0.6666666666666666
 40
1.0
 40
1.0
 40
1.0
 40
1.0
 10
-7.51699
 20
-1.95624
 30
0.0
 10
-7.51699
 20
-1.95624
 30
0.0
 10
-7.83439
 20
-2.31653
 30
0.0
 10
-7.83439
 20
-2.31653
 30
0.0
 10
-7.83439
 20
-2.31653
 30
0.0
 10
-7.33479
 20
-2.4254
 30
0.0
 10
-7.33479
 20
-2.4254
 30
0.0
 10
-7.33479
 20
-2.4254
 30
0.0
 10
-7.51699
 20
-1.95624
 30
0.0
 10
-7.51699
 20
-1.95624
 30
0.0
  0
SPLINE
  5
2C7
330
1F
100
AcDbEntity
  8
Plan 1
 62
   250
370
    20
100
AcDbSpline
210
0.0
220
0.0
230
1.0
 70
    11
 71
     3
 72
    17
 73
    13
 74
     0
 42
0.0000000001
 43
0.0000000001
 40
0.0
 40
0.0
 40
0.0
 40
0.0
 40
0.25
 40
0.25
 40
0.25
 40
0.5
 40
0.5
 40
0.5
 40
0.75
 40
0.75
 40
0.75
 40
1.0
 40
1.0
 40
1.0
 40
1.0
 10
-8.26264
 20
-2.64084
 30
0.0
 10
-8.26264
 20
-2.64084
 30
0.0
 10
-8.31656
 20
-2.58576
 30
0.0
 10
-8.31656
 20
-2.58576
 30
0.0
 10
-8.31656
 20
-2.58576
 30
0.0
 10
-8.879
 20
-2.87627
 30
0.0
 10
-8.879
 20
-2.87627
 30
0.0
 10
-8.879
 20
-2.87627
 30
0.0
 10
-8.26439
 20
-2.8882
 30
0.0
 10
-8.26439
 20
-2.8882
 30
0.0
 10
-8.26381
 20
-2.80575
 30
0.0
 10
-8.26322
 20
-2.7233
 30
0.0
 10
-8.26264
 20
-2.64084
 30
0.0
  0
SPLINE
  5
2C8
330
1F
100
AcDbEntity
  8
Plan 1
 62
   250
370
    20
100
AcDbSpline
210
0.0
220
0.0
230
1.0
 70
    11
 71
     3
 72
    20
 73
    16
 74
     0
 42
0.0000000001
 43
0.0000000001
 40
0.0
 40
0.0
 40
0.0
 40
0.0
 40
0.2
 40
0.2
 40
0.2
 40
0.4
 40
0.4
 40
0.4
 40
0.6000000000000001
 40
0.6000000000000001
 40
0.6000000000000001
 40
0.8
 40
0.8
 40
0.8
 40
1.0
 40
1.0
 40
1.0
 40
1.0
 10
-8.54572
 20
-2.35165
 30
0.0
 10
-8.54572
 20
-2.35165
 30
0.0
 10
-9.3967
 20
-2.7273
 30
0.0
 10
-9.3967
 20
-2.7273
 30
0.0
 10
-9.39805
 20
-2.7279
 30
0.0
 10
-9.39944
 20
-2.72844
 30
0.0
 10
-9.40087
 20
-2.72893
 30
0.0
 10
-9.40087
 20
-2.72893
 30
0.0
 10
-9.39856
 20
-2.82004
 30
0.0
 10
-9.39856
 20
-2.82004
 30
0.0
 10
-9.39856
 20
-2.82004
 30
0.0
 10
-8.49841
 20
-2.39999
 30
0.0
 10
-8.49841
 20
-2.39999
 30
0.0
 10
-8.49841
 20
-2.39999
 30
0.0
 10
-8.54572
 20
-2.35165
 30
0.0
 10
-8.54572
 20
-2.35165
 30
0.0
  0
SPLINE
  5
2C9
330
1F
100
AcDbEntity
  8
Plan 1
 62
   250
370
    20
100
AcDbSpline
210
0.0
220
0.0
230
1.0
 70
    11
 71
     3
 72
    20
 73
    16
 74
     0
 42
0.0000000001
 43
0.0000000001
 40
0.0
 40
0.0
 40
0.0
 40
0.0
 40
0.2
 40
0.2
 40
0.2
 40
0.4
 40
0.4
 40
0.4
 40
0.6000000000000001
 40
0.6000000000000001
 40
0.6000000000000001
 40
0.8
 40
0.8
 40
0.8
 40
1.0
 40
1.0
 40
1.0
 40
1.0
 10
-9.28578
 20
-2.86837
 30
0.0
 10
-9.28578
 20
-2.86837
 30
0.0
 10
-9.04398
 20
-2.87306
 30
0.0
 10
-9.04398
 20
-2.87306
 30
0.0
 10
-9.04077
 20
-2.86266
 30
0.0
 10
-9.03342
 20
-2.85273
 30
0.0
 10
-9.0213
 20
-2.84647
 30
0.0
 10
-9.0213
 20
-2.84647
 30
0.0
 10
-8.38372
 20
-2.51715
 30
0.0
 10
-8.38372
 20
-2.51715
 30
0.0
 10
-8.38372
 20
-2.51715
 30
0.0
 10
-8.43057
 20
-2.46929
 30
0.0
 10
-8.43057
 20
-2.46929
 30
0.0
 10
-8.43057
 20
-2.46929
 30
0.0
 10
-9.28578
 20
-2.86837
 30
0.0
 10
-9.28578
 20
-2.86837
 30
0.0
  0
SPLINE
  5
2CA
330
1F
100
AcDbEntity
  8
Plan 1
 62
   250
370
    20
100
AcDbSpline
210
0.0
220
0.0
230
1.0
 70
    11
 71
     3
 72
    23
 73
    19
 74
     0
 42
0.0000000001
 43
0.0000000001
 40
0.0
 40
0.0
 40
0.0
 40
0.0
 40
0.1666666666666667
 40
0.1666666666666667
 40
0.1666666666666667
 40
0.3333333333333333
 40
0.3333333333333333
 40
0.3333333333333333
 40
0.5
 40
0.5
 40
0.5
 40
0.6666666666666666
 40
0.6666666666666666
 40
0.6666666666666666
 40
0.8333333333333333
 40
0.8333333333333333
 40
0.8333333333333333
 40
1.0
 40
1.0
 40
1.0
 40
1.0
 10
-6.59644
 20
-2.00404
 30
0.0
 10
-6.59904
 20
-2.00984
 30
0.0
 10
-6.60304
 20
-2.01531
 30
0.0
 10
-6.60859
 20
-2.01992
 30
0.0
 10
-6.60859
 20
-2.01992
 30
0.0
 10
-7.1582
 20
-2.47653
 30
0.0
 10
-7.1582
 20
-2.47653
 30
0.0
 10
-7.15897
 20
-2.47717
 30
0.0
 10
-7.15977
 20
-2.47779
 30
0.0
 10
-7.16059
 20
-2.47839
 30
0.0
 10
-7.16059
 20
-2.47839
 30
0.0
 10
-7.13881
 20
-2.53448
 30
0.0
 10
-7.13881
 20
-2.53448
 30
0.0
 10
-7.13881
 20
-2.53448
 30
0.0
 10
-6.55872
 20
-2.00882
 30
0.0
 10
-6.55872
 20
-2.00882
 30
0.0
 10
-6.55872
 20
-2.00882
 30
0.0
 10
-6.59644
 20
-2.00404
 30
0.0
 10
-6.59644
 20
-2.00404
 30
0.0
  0
SPLINE
  5
2CB
330
1F
100
AcDbEntity
  8
Plan 1
 62
   250
370
    20
100
AcDbSpline
210
0.0
220
0.0
230
1.0
 70
    11
 71
     3
 72
    23
 73
    19
 74
     0
 42
0.0000000001
 43
0.0000000001
 40
0.0
 40
0.0
 40
0.0
 40
0.0
 40
0.1666666666666667
 40
0.1666666666666667
 40
0.1666666666666667
 40
0.3333333333333333
 40
0.3333333333333333
 40
0.3333333333333333
 40
0.5
 40
0.5
 40
0.5
 40
0.6666666666666666
 40
0.6666666666666666
 40
0.6666666666666666
 40
0.8333333333333333
 40
0.8333333333333333
 40
0.8333333333333333
 40
1.0
 40
1.0
 40
1.0
 40
1.0
 10
-7.03468
 20
-1.94857
 30
0.0
 10
-7.03699
 20
-1.95371
 30
0.0
 10
-7.0404
 20
-1.9586
 30
0.0
 10
-7.04502
 20
-1.96286
 30
0.0
 10
-7.04502
 20
-1.96286
 30
0.0
 10
-7.27339
 20
-2.17367
 30
0.0
 10
-7.27339
 20
-2.17367
 30
0.0
 10
-7.2747
 20
-2.17487
 30
0.0
 10
-7.2761
 20
-2.17603
 30
0.0
 10
-7.2776
 20
-2.17712
 30
0.0
 10
-7.2776
 20
-2.17712
 30
0.0
 10
-7.24989
 20
-2.24846
 30
0.0
 10
-7.24989
 20
-2.24846
 30
0.0
 10
-7.24989
 20
-2.24846
 30
0.0
 10
-6.91013
 20
-1.96434
 30
0.0
 10
-6.91013
 20
-1.96434
 30
0.0
 10
-6.91013
 20
-1.96434
 30
0.0
 10
-7.03468
 20
-1.94857
 30
0.0
 10
-7.03468
 20
-1.94857
 30
0.0
  0
SPLINE
  5
2CC
330
1F
100
AcDbEntity
  8
Plan 1
 62
   250
370
    20
100
AcDbSpline
210
0.0
220
0.0
230
1.0
 70
    11
 71
     3
 72
    20
 73
    16
 74
     0
 42
0.0000000001
 43
0.0000000001
 40
0.0
 40
0.0
 40
0.0
 40
0.0
 40
0.2
 40
0.2
 40
0.2
 40
0.4
 40
0.4
 40
0.4
 40
0.6000000000000001
 40
0.6000000000000001
 40
0.6000000000000001
 40
0.8
 40
0.8
 40
0.8
 40
1.0
 40
1.0
 40
1.0
 40
1.0
 10
-5.75237
 20
-0.0071
 30
0.0
 10
-5.75237
 20
-0.0071
 30
0.0
 10
-5.98022
 20
-0.17695
 30
0.0
 10
-5.98022
 20
-0.17695
 30
0.0
 10
-5.96311
 20
-0.20125
 30
0.0
 10
-5.946
 20
-0.22555
 30
0.0
 10
-5.92888
 20
-0.24985
 30
0.0
 10
-5.92888
 20
-0.24985
 30
0.0
 10
-5.76786
 20
-0.14349
 30
0.0
 10
-5.76786
 20
-0.14349
 30
0.0
 10
-5.76393
 20
-0.14089
 30
0.0
 10
-5.75945
 20
-0.13879
 30
0.0
 10
-5.75461
 20
-0.13733
 30
0.0
 10
-5.75387
 20
-0.09392
 30
0.0
 10
-5.75312
 20
-0.05051
 30
0.0
 10
-5.75237
 20
-0.0071
 30
0.0
  0
SPLINE
  5
2CD
330
1F
100
AcDbEntity
  8
Plan 1
 62
   250
370
    20
100
AcDbSpline
210
0.0
220
0.0
230
1.0
 70
    11
 71
     3
 72
    17
 73
    13
 74
     0
 42
0.0000000001
 43
0.0000000001
 40
0.0
 40
0.0
 40
0.0
 40
0.0
 40
0.25
 40
0.25
 40
0.25
 40
0.5
 40
0.5
 40
0.5
 40
0.75
 40
0.75
 40
0.75
 40
1.0
 40
1.0
 40
1.0
 40
1.0
 10
-4.41866
 20
-8.14083
 30
0.0
 10
-4.40021
 20
-8.19545
 30
0.0
 10
-4.38175
 20
-8.25006
 30
0.0
 10
-4.36329
 20
-8.30467
 30
0.0
 10
-4.36329
 20
-8.30467
 30
0.0
 10
-3.83337
 20
-8.24748
 30
0.0
 10
-3.83337
 20
-8.24748
 30
0.0
 10
-3.83131
 20
-8.20494
 30
0.0
 10
-3.82924
 20
-8.1624
 30
0.0
 10
-3.82717
 20
-8.11986
 30
0.0
 10
-3.82717
 20
-8.11986
 30
0.0
 10
-4.41866
 20
-8.14083
 30
0.0
 10
-4.41866
 20
-8.14083
 30
0.0
  0
SPLINE
  5
2CE
330
1F
100
AcDbEntity
  8
Plan 1
 62
   250
370
    20
100
AcDbSpline
210
0.0
220
0.0
230
1.0
 70
    11
 71
     3
 72
    17
 73
    13
 74
     0
 42
0.0000000001
 43
0.0000000001
 40
0.0
 40
0.0
 40
0.0
 40
0.0
 40
0.25
 40
0.25
 40
0.25
 40
0.5
 40
0.5
 40
0.5
 40
0.75
 40
0.75
 40
0.75
 40
1.0
 40
1.0
 40
1.0
 40
1.0
 10
-4.44339
 20
-8.5154
 30
0.0
 10
-4.49928
 20
-8.63033
 30
0.0
 10
-4.55517
 20
-8.74526
 30
0.0
 10
-4.61106
 20
-8.8602
 30
0.0
 10
-4.61106
 20
-8.8602
 30
0.0
 10
-4.38601
 20
-8.69248
 30
0.0
 10
-4.38601
 20
-8.69248
 30
0.0
 10
-4.38536
 20
-8.692
 30
0.0
 10
-4.3847
 20
-8.69153
 30
0.0
 10
-4.38401
 20
-8.69107
 30
0.0
 10
-4.40381
 20
-8.63252
 30
0.0
 10
-4.4236
 20
-8.57396
 30
0.0
 10
-4.44339
 20
-8.5154
 30
0.0
  0
SPLINE
  5
2CF
330
1F
100
AcDbEntity
  8
Plan 1
 62
   250
370
    20
100
AcDbSpline
210
0.0
220
0.0
230
1.0
 70
    11
 71
     3
 72
    23
 73
    19
 74
     0
 42
0.0000000001
 43
0.0000000001
 40
0.0
 40
0.0
 40
0.0
 40
0.0
 40
0.1666666666666667
 40
0.1666666666666667
 40
0.1666666666666667
 40
0.3333333333333333
 40
0.3333333333333333
 40
0.3333333333333333
 40
0.5
 40
0.5
 40
0.5
 40
0.6666666666666666
 40
0.6666666666666666
 40
0.6666666666666666
 40
0.8333333333333333
 40
0.8333333333333333
 40
0.8333333333333333
 40
1.0
 40
1.0
 40
1.0
 40
1.0
 10
-4.68687
 20
-9.01608
 30
0.0
 10
-4.73412
 20
-9.11324
 30
0.0
 10
-4.78137
 20
-9.2104
 30
0.0
 10
-4.82862
 20
-9.30756
 30
0.0
 10
-4.82862
 20
-9.30756
 30
0.0
 10
-4.32874
 20
-8.87231
 30
0.0
 10
-4.32874
 20
-8.87231
 30
0.0
 10
-4.32726
 20
-8.87103
 30
0.0
 10
-4.32568
 20
-8.86981
 30
0.0
 10
-4.32398
 20
-8.86868
 30
0.0
 10
-4.33356
 20
-8.84035
 30
0.0
 10
-4.34313
 20
-8.81203
 30
0.0
 10
-4.35271
 20
-8.7837
 30
0.0
 10
-4.35271
 20
-8.7837
 30
0.0
 10
-4.65136
 20
-9.00627
 30
0.0
 10
-4.65136
 20
-9.00627
 30
0.0
 10
-4.66122
 20
-9.01362
 30
0.0
 10
-4.6741
 20
-9.01711
 30
0.0
 10
-4.68687
 20
-9.01608
 30
0.0
  0
SPLINE
  5
2D0
330
1F
100
AcDbEntity
  8
Plan 1
 62
   250
370
    20
100
AcDbSpline
210
0.0
220
0.0
230
1.0
 70
    11
 71
     3
 72
    23
 73
    19
 74
     0
 42
0.0000000001
 43
0.0000000001
 40
0.0
 40
0.0
 40
0.0
 40
0.0
 40
0.1666666666666667
 40
0.1666666666666667
 40
0.1666666666666667
 40
0.3333333333333333
 40
0.3333333333333333
 40
0.3333333333333333
 40
0.5
 40
0.5
 40
0.5
 40
0.6666666666666666
 40
0.6666666666666666
 40
0.6666666666666666
 40
0.8333333333333333
 40
0.8333333333333333
 40
0.8333333333333333
 40
1.0
 40
1.0
 40
1.0
 40
1.0
 10
-4.91542
 20
-9.48604
 30
0.0
 10
-4.96683
 20
-9.59177
 30
0.0
 10
-5.01825
 20
-9.6975
 30
0.0
 10
-5.06967
 20
-9.80323
 30
0.0
 10
-5.06967
 20
-9.80323
 30
0.0
 10
-4.23117
 20
-9.1532
 30
0.0
 10
-4.23117
 20
-9.1532
 30
0.0
 10
-4.2303
 20
-9.15253
 30
0.0
 10
-4.2294
 20
-9.15188
 30
0.0
 10
-4.22847
 20
-9.15125
 30
0.0
 10
-4.24954
 20
-9.08891
 30
0.0
 10
-4.27061
 20
-9.02658
 30
0.0
 10
-4.29169
 20
-8.96424
 30
0.0
 10
-4.29169
 20
-8.96424
 30
0.0
 10
-4.87714
 20
-9.474
 30
0.0
 10
-4.87714
 20
-9.474
 30
0.0
 10
-4.88717
 20
-9.48273
 30
0.0
 10
-4.90129
 20
-9.48718
 30
0.0
 10
-4.91542
 20
-9.48604
 30
0.0
  0
SPLINE
  5
2D1
330
1F
100
AcDbEntity
  8
Plan 1
 62
   250
370
    20
100
AcDbSpline
210
0.0
220
0.0
230
1.0
 70
    11
 71
     3
 72
    29
 73
    25
 74
     0
 42
0.0000000001
 43
0.0000000001
 40
0.0
 40
0.0
 40
0.0
 40
0.0
 40
0.125
 40
0.125
 40
0.125
 40
0.25
 40
0.25
 40
0.25
 40
0.375
 40
0.375
 40
0.375
 40
0.5
 40
0.5
 40
0.5
 40
0.625
 40
0.625
 40
0.625
 40
0.75
 40
0.75
 40
0.75
 40
0.875
 40
0.875
 40
0.875
 40
1.0
 40
1.0
 40
1.0
 40
1.0
 10
-5.14788
 20
-9.96407
 30
0.0
 10
-5.20227
 20
-10.07592
 30
0.0
 10
-5.25667
 20
-10.18778
 30
0.0
 10
-5.31106
 20
-10.29963
 30
0.0
 10
-5.27532
 20
-10.29587
 30
0.0
 10
-5.23958
 20
-10.2921
 30
0.0
 10
-5.20383
 20
-10.28834
 30
0.0
 10
-5.20231
 20
-10.27871
 30
0.0
 10
-5.19745
 20
-10.2692
 30
0.0
 10
-5.18875
 20
-10.26185
 30
0.0
 10
-5.18875
 20
-10.26185
 30
0.0
 10
-4.15411
 20
-9.38699
 30
0.0
 10
-4.15411
 20
-9.38699
 30
0.0
 10
-4.15278
 20
-9.38587
 30
0.0
 10
-4.15137
 20
-9.3848
 30
0.0
 10
-4.14987
 20
-9.3838
 30
0.0
 10
-4.16555
 20
-9.33739
 30
0.0
 10
-4.18123
 20
-9.29099
 30
0.0
 10
-4.19692
 20
-9.24458
 30
0.0
 10
-4.19692
 20
-9.24458
 30
0.0
 10
-5.11166
 20
-9.95372
 30
0.0
 10
-5.11166
 20
-9.95372
 30
0.0
 10
-5.12156
 20
-9.9614
 30
0.0
 10
-5.13475
 20
-9.96513
 30
0.0
 10
-5.14788
 20
-9.96407
 30
0.0
  0
SPLINE
  5
2D2
330
1F
100
AcDbEntity
  8
Plan 1
 62
   250
370
    20
100
AcDbSpline
210
0.0
220
0.0
230
1.0
 70
    11
 71
     3
 72
    14
 73
    10
 74
     0
 42
0.0000000001
 43
0.0000000001
 40
0.0
 40
0.0
 40
0.0
 40
0.0
 40
0.3333333333333333
 40
0.3333333333333333
 40
0.3333333333333333
 40
0.6666666666666666
 40
0.6666666666666666
 40
0.6666666666666666
 40
1.0
 40
1.0
 40
1.0
 40
1.0
 10
-5.52818
 20
-10.46019
 30
0.0
 10
-5.53682
 20
-10.50261
 30
0.0
 10
-5.54551
 20
-10.54502
 30
0.0
 10
-5.55427
 20
-10.58743
 30
0.0
 10
-5.55427
 20
-10.58743
 30
0.0
 10
-5.24605
 20
-10.43048
 30
0.0
 10
-5.24605
 20
-10.43048
 30
0.0
 10
-5.34009
 20
-10.44038
 30
0.0
 10
-5.43414
 20
-10.45029
 30
0.0
 10
-5.52818
 20
-10.46019
 30
0.0
  0
SPLINE
  5
2D3
330
1F
100
AcDbEntity
  8
Plan 1
 62
   250
370
    20
100
AcDbSpline
210
0.0
220
0.0
230
1.0
 70
    11
 71
     3
 72
    20
 73
    16
 74
     0
 42
0.0000000001
 43
0.0000000001
 40
0.0
 40
0.0
 40
0.0
 40
0.0
 40
0.2
 40
0.2
 40
0.2
 40
0.4
 40
0.4
 40
0.4
 40
0.6000000000000001
 40
0.6000000000000001
 40
0.6000000000000001
 40
0.8
 40
0.8
 40
0.8
 40
1.0
 40
1.0
 40
1.0
 40
1.0
 10
-3.66936
 20
-7.83782
 30
0.0
 10
-3.65915
 20
-7.84153
 30
0.0
 10
-3.6512
 20
-7.84811
 30
0.0
 10
-3.64614
 20
-7.85562
 30
0.0
 10
-3.64614
 20
-7.85562
 30
0.0
 10
-2.89306
 20
-8.97298
 30
0.0
 10
-2.89306
 20
-8.97298
 30
0.0
 10
-2.87948
 20
-8.95911
 30
0.0
 10
-2.8659
 20
-8.94523
 30
0.0
 10
-2.85232
 20
-8.93136
 30
0.0
 10
-2.85232
 20
-8.93136
 30
0.0
 10
-3.6639
 20
-7.72544
 30
0.0
 10
-3.6639
 20
-7.72544
 30
0.0
 10
-3.66572
 20
-7.7629
 30
0.0
 10
-3.66754
 20
-7.80036
 30
0.0
 10
-3.66936
 20
-7.83782
 30
0.0
  0
SPLINE
  5
2D4
330
1F
100
AcDbEntity
  8
Plan 1
 62
   250
370
    20
100
AcDbSpline
210
0.0
220
0.0
230
1.0
 70
    11
 71
     3
 72
    17
 73
    13
 74
     0
 42
0.0000000001
 43
0.0000000001
 40
0.0
 40
0.0
 40
0.0
 40
0.0
 40
0.25
 40
0.25
 40
0.25
 40
0.5
 40
0.5
 40
0.5
 40
0.75
 40
0.75
 40
0.75
 40
1.0
 40
1.0
 40
1.0
 40
1.0
 10
-4.33381
 20
-8.39188
 30
0.0
 10
-4.31708
 20
-8.44138
 30
0.0
 10
-4.30035
 20
-8.49089
 30
0.0
 10
-4.28361
 20
-8.54039
 30
0.0
 10
-4.28361
 20
-8.54039
 30
0.0
 10
-3.84633
 20
-8.51424
 30
0.0
 10
-3.84633
 20
-8.51424
 30
0.0
 10
-3.84348
 20
-8.45561
 30
0.0
 10
-3.84063
 20
-8.39698
 30
0.0
 10
-3.83779
 20
-8.33835
 30
0.0
 10
-3.83779
 20
-8.33835
 30
0.0
 10
-4.33381
 20
-8.39188
 30
0.0
 10
-4.33381
 20
-8.39188
 30
0.0
  0
SPLINE
  5
2D5
330
1F
100
AcDbEntity
  8
Plan 1
 62
   250
370
    20
100
AcDbSpline
210
0.0
220
0.0
230
1.0
 70
    11
 71
     3
 72
    17
 73
    13
 74
     0
 42
0.0000000001
 43
0.0000000001
 40
0.0
 40
0.0
 40
0.0
 40
0.0
 40
0.25
 40
0.25
 40
0.25
 40
0.5
 40
0.5
 40
0.5
 40
0.75
 40
0.75
 40
0.75
 40
1.0
 40
1.0
 40
1.0
 40
1.0
 10
-4.25381
 20
-8.62857
 30
0.0
 10
-4.23743
 20
-8.67703
 30
0.0
 10
-4.22105
 20
-8.72549
 30
0.0
 10
-4.20467
 20
-8.77396
 30
0.0
 10
-4.20467
 20
-8.77396
 30
0.0
 10
-3.85698
 20
-8.73334
 30
0.0
 10
-3.85698
 20
-8.73334
 30
0.0
 10
-3.8549
 20
-8.69038
 30
0.0
 10
-3.85281
 20
-8.64742
 30
0.0
 10
-3.85072
 20
-8.60446
 30
0.0
 10
-3.85072
 20
-8.60446
 30
0.0
 10
-4.25381
 20
-8.62857
 30
0.0
 10
-4.25381
 20
-8.62857
 30
0.0
  0
SPLINE
  5
2D6
330
1F
100
AcDbEntity
  8
Plan 1
 62
   250
370
    20
100
AcDbSpline
210
0.0
220
0.0
230
1.0
 70
    11
 71
     3
 72
    23
 73
    19
 74
     0
 42
0.0000000001
 43
0.0000000001
 40
0.0
 40
0.0
 40
0.0
 40
0.0
 40
0.1666666666666667
 40
0.1666666666666667
 40
0.1666666666666667
 40
0.3333333333333333
 40
0.3333333333333333
 40
0.3333333333333333
 40
0.5
 40
0.5
 40
0.5
 40
0.6666666666666666
 40
0.6666666666666666
 40
0.6666666666666666
 40
0.8333333333333333
 40
0.8333333333333333
 40
0.8333333333333333
 40
1.0
 40
1.0
 40
1.0
 40
1.0
 10
-5.05689
 20
-10.27286
 30
0.0
 10
-4.95221
 20
-10.26184
 30
0.0
 10
-4.84753
 20
-10.25081
 30
0.0
 10
-4.74285
 20
-10.23979
 30
0.0
 10
-4.74151
 20
-10.23126
 30
0.0
 10
-4.73755
 20
-10.22287
 30
0.0
 10
-4.73063
 20
-10.21594
 30
0.0
 10
-4.73063
 20
-10.21594
 30
0.0
 10
-4.09348
 20
-9.57745
 30
0.0
 10
-4.09348
 20
-9.57745
 30
0.0
 10
-4.09138
 20
-9.57534
 30
0.0
 10
-4.08901
 20
-9.57338
 30
0.0
 10
-4.08638
 20
-9.57162
 30
0.0
 10
-4.09684
 20
-9.54067
 30
0.0
 10
-4.1073
 20
-9.50972
 30
0.0
 10
-4.11776
 20
-9.47877
 30
0.0
 10
-4.11776
 20
-9.47877
 30
0.0
 10
-5.05689
 20
-10.27286
 30
0.0
 10
-5.05689
 20
-10.27286
 30
0.0
  0
SPLINE
  5
2D7
330
1F
100
AcDbEntity
  8
Plan 1
 62
   250
370
    20
100
AcDbSpline
210
0.0
220
0.0
230
1.0
 70
    11
 71
     3
 72
    23
 73
    19
 74
     0
 42
0.0000000001
 43
0.0000000001
 40
0.0
 40
0.0
 40
0.0
 40
0.0
 40
0.1666666666666667
 40
0.1666666666666667
 40
0.1666666666666667
 40
0.3333333333333333
 40
0.3333333333333333
 40
0.3333333333333333
 40
0.5
 40
0.5
 40
0.5
 40
0.6666666666666666
 40
0.6666666666666666
 40
0.6666666666666666
 40
0.8333333333333333
 40
0.8333333333333333
 40
0.8333333333333333
 40
1.0
 40
1.0
 40
1.0
 40
1.0
 10
-5.04128
 20
-10.40892
 30
0.0
 10
-5.04331
 20
-10.42152
 30
0.0
 10
-5.05107
 20
-10.43413
 30
0.0
 10
-5.06558
 20
-10.44152
 30
0.0
 10
-5.06558
 20
-10.44152
 30
0.0
 10
-5.56061
 20
-10.69359
 30
0.0
 10
-5.56061
 20
-10.69359
 30
0.0
 10
-5.56577
 20
-10.69622
 30
0.0
 10
-5.5715
 20
-10.69799
 30
0.0
 10
-5.57745
 20
-10.69878
 30
0.0
 10
-5.58357
 20
-10.72795
 30
0.0
 10
-5.58972
 20
-10.75711
 30
0.0
 10
-5.59591
 20
-10.78626
 30
0.0
 10
-5.59591
 20
-10.78626
 30
0.0
 10
-4.91372
 20
-10.39549
 30
0.0
 10
-4.91372
 20
-10.39549
 30
0.0
 10
-4.95624
 20
-10.39996
 30
0.0
 10
-4.99876
 20
-10.40444
 30
0.0
 10
-5.04128
 20
-10.40892
 30
0.0
  0
SPLINE
  5
2D8
330
1F
100
AcDbEntity
  8
Plan 1
 62
   250
370
    20
100
AcDbSpline
210
0.0
220
0.0
230
1.0
 70
    11
 71
     3
 72
    20
 73
    16
 74
     0
 42
0.0000000001
 43
0.0000000001
 40
0.0
 40
0.0
 40
0.0
 40
0.0
 40
0.2
 40
0.2
 40
0.2
 40
0.4
 40
0.4
 40
0.4
 40
0.6000000000000001
 40
0.6000000000000001
 40
0.6000000000000001
 40
0.8
 40
0.8
 40
0.8
 40
1.0
 40
1.0
 40
1.0
 40
1.0
 10
-3.67636
 20
-7.98196
 30
0.0
 10
-3.6791
 20
-8.0383
 30
0.0
 10
-3.68184
 20
-8.09464
 30
0.0
 10
-3.68457
 20
-8.15098
 30
0.0
 10
-3.67492
 20
-8.15449
 30
0.0
 10
-3.66727
 20
-8.16057
 30
0.0
 10
-3.66219
 20
-8.16758
 30
0.0
 10
-3.66219
 20
-8.16758
 30
0.0
 10
-3.00034
 20
-9.08257
 30
0.0
 10
-3.00034
 20
-9.08257
 30
0.0
 10
-2.98735
 20
-9.06931
 30
0.0
 10
-2.97437
 20
-9.05604
 30
0.0
 10
-2.96139
 20
-9.04278
 30
0.0
 10
-2.96139
 20
-9.04278
 30
0.0
 10
-3.67636
 20
-7.98196
 30
0.0
 10
-3.67636
 20
-7.98196
 30
0.0
  0
SPLINE
  5
2D9
330
1F
100
AcDbEntity
  8
Plan 1
 62
   250
370
    20
100
AcDbSpline
210
0.0
220
0.0
230
1.0
 70
    11
 71
     3
 72
    17
 73
    13
 74
     0
 42
0.0000000001
 43
0.0000000001
 40
0.0
 40
0.0
 40
0.0
 40
0.0
 40
0.25
 40
0.25
 40
0.25
 40
0.5
 40
0.5
 40
0.5
 40
0.75
 40
0.75
 40
0.75
 40
1.0
 40
1.0
 40
1.0
 40
1.0
 10
-4.17524
 20
-8.86102
 30
0.0
 10
-4.15893
 20
-8.9093
 30
0.0
 10
-4.14261
 20
-8.95758
 30
0.0
 10
-4.12629
 20
-9.00585
 30
0.0
 10
-4.12629
 20
-9.00585
 30
0.0
 10
-3.86807
 20
-8.96141
 30
0.0
 10
-3.86807
 20
-8.96141
 30
0.0
 10
-3.86585
 20
-8.91573
 30
0.0
 10
-3.86362
 20
-8.87005
 30
0.0
 10
-3.8614
 20
-8.82436
 30
0.0
 10
-3.8614
 20
-8.82436
 30
0.0
 10
-4.17524
 20
-8.86102
 30
0.0
 10
-4.17524
 20
-8.86102
 30
0.0
  0
SPLINE
  5
2DA
330
1F
100
AcDbEntity
  8
Plan 1
 62
   250
370
    20
100
AcDbSpline
210
0.0
220
0.0
230
1.0
 70
    11
 71
     3
 72
    23
 73
    19
 74
     0
 42
0.0000000001
 43
0.0000000001
 40
0.0
 40
0.0
 40
0.0
 40
0.0
 40
0.1666666666666667
 40
0.1666666666666667
 40
0.1666666666666667
 40
0.3333333333333333
 40
0.3333333333333333
 40
0.3333333333333333
 40
0.5
 40
0.5
 40
0.5
 40
0.6666666666666666
 40
0.6666666666666666
 40
0.6666666666666666
 40
0.8333333333333333
 40
0.8333333333333333
 40
0.8333333333333333
 40
1.0
 40
1.0
 40
1.0
 40
1.0
 10
-4.72681
 20
-10.37581
 30
0.0
 10
-4.72873
 20
-10.38778
 30
0.0
 10
-4.73582
 20
-10.39971
 30
0.0
 10
-4.74897
 20
-10.40724
 30
0.0
 10
-4.74897
 20
-10.40724
 30
0.0
 10
-5.60143
 20
-10.89556
 30
0.0
 10
-5.60143
 20
-10.89556
 30
0.0
 10
-5.60721
 20
-10.89887
 30
0.0
 10
-5.61379
 20
-10.90106
 30
0.0
 10
-5.62069
 20
-10.90194
 30
0.0
 10
-5.62464
 20
-10.92024
 30
0.0
 10
-5.62862
 20
-10.93854
 30
0.0
 10
-5.63261
 20
-10.95684
 30
0.0
 10
-5.22161
 20
-10.75168
 30
0.0
 10
-4.81061
 20
-10.54651
 30
0.0
 10
-4.39961
 20
-10.34135
 30
0.0
 10
-4.50868
 20
-10.35284
 30
0.0
 10
-4.61775
 20
-10.36432
 30
0.0
 10
-4.72681
 20
-10.37581
 30
0.0
  0
SPLINE
  5
2DB
330
1F
100
AcDbEntity
  8
Plan 1
 62
   250
370
    20
100
AcDbSpline
210
0.0
220
0.0
230
1.0
 70
    11
 71
     3
 72
    14
 73
    10
 74
     0
 42
0.0000000001
 43
0.0000000001
 40
0.0
 40
0.0
 40
0.0
 40
0.0
 40
0.3333333333333333
 40
0.3333333333333333
 40
0.3333333333333333
 40
0.6666666666666666
 40
0.6666666666666666
 40
0.6666666666666666
 40
1.0
 40
1.0
 40
1.0
 40
1.0
 10
-2.44571
 20
-8.71738
 30
0.0
 10
-2.48658
 20
-8.75913
 30
0.0
 10
-2.52745
 20
-8.80088
 30
0.0
 10
-2.56832
 20
-8.84263
 30
0.0
 10
-2.56832
 20
-8.84263
 30
0.0
 10
-2.44823
 20
-8.85827
 30
0.0
 10
-2.44823
 20
-8.85827
 30
0.0
 10
-2.44739
 20
-8.81131
 30
0.0
 10
-2.44655
 20
-8.76434
 30
0.0
 10
-2.44571
 20
-8.71738
 30
0.0
  0
SPLINE
  5
2DC
330
1F
100
AcDbEntity
  8
Plan 1
 62
   250
370
    20
100
AcDbSpline
210
0.0
220
0.0
230
1.0
 70
    11
 71
     3
 72
    14
 73
    10
 74
     0
 42
0.0000000001
 43
0.0000000001
 40
0.0
 40
0.0
 40
0.0
 40
0.0
 40
0.3333333333333333
 40
0.3333333333333333
 40
0.3333333333333333
 40
0.6666666666666666
 40
0.6666666666666666
 40
0.6666666666666666
 40
1.0
 40
1.0
 40
1.0
 40
1.0
 10
-2.0768
 20
-5.61725
 30
0.0
 10
-2.08369
 20
-5.70801
 30
0.0
 10
-2.09058
 20
-5.79878
 30
0.0
 10
-2.09746
 20
-5.88955
 30
0.0
 10
-2.09746
 20
-5.88955
 30
0.0
 10
-1.91685
 20
-5.74031
 30
0.0
 10
-1.91685
 20
-5.74031
 30
0.0
 10
-1.97017
 20
-5.69929
 30
0.0
 10
-2.02349
 20
-5.65827
 30
0.0
 10
-2.0768
 20
-5.61725
 30
0.0
  0
SPLINE
  5
2DD
330
1F
100
AcDbEntity
  8
Plan 1
 62
   250
370
    20
100
AcDbSpline
210
0.0
220
0.0
230
1.0
 70
    11
 71
     3
 72
    20
 73
    16
 74
     0
 42
0.0000000001
 43
0.0000000001
 40
0.0
 40
0.0
 40
0.0
 40
0.0
 40
0.2
 40
0.2
 40
0.2
 40
0.4
 40
0.4
 40
0.4
 40
0.6000000000000001
 40
0.6000000000000001
 40
0.6000000000000001
 40
0.8
 40
0.8
 40
0.8
 40
1.0
 40
1.0
 40
1.0
 40
1.0
 10
-3.69134
 20
-8.29012
 30
0.0
 10
-3.69317
 20
-8.32772
 30
0.0
 10
-3.695
 20
-8.36531
 30
0.0
 10
-3.69682
 20
-8.4029
 30
0.0
 10
-3.687
 20
-8.40647
 30
0.0
 10
-3.67925
 20
-8.41269
 30
0.0
 10
-3.67418
 20
-8.41986
 30
0.0
 10
-3.67418
 20
-8.41986
 30
0.0
 10
-3.1189
 20
-9.2037
 30
0.0
 10
-3.1189
 20
-9.2037
 30
0.0
 10
-3.10196
 20
-9.18639
 30
0.0
 10
-3.08501
 20
-9.16907
 30
0.0
 10
-3.06807
 20
-9.15176
 30
0.0
 10
-3.06807
 20
-9.15176
 30
0.0
 10
-3.69134
 20
-8.29012
 30
0.0
 10
-3.69134
 20
-8.29012
 30
0.0
  0
SPLINE
  5
2DE
330
1F
100
AcDbEntity
  8
Plan 1
 62
   250
370
    20
100
AcDbSpline
210
0.0
220
0.0
230
1.0
 70
    11
 71
     3
 72
    20
 73
    16
 74
     0
 42
0.0000000001
 43
0.0000000001
 40
0.0
 40
0.0
 40
0.0
 40
0.0
 40
0.2
 40
0.2
 40
0.2
 40
0.4
 40
0.4
 40
0.4
 40
0.6000000000000001
 40
0.6000000000000001
 40
0.6000000000000001
 40
0.8
 40
0.8
 40
0.8
 40
1.0
 40
1.0
 40
1.0
 40
1.0
 10
-3.18681
 20
-9.27307
 30
0.0
 10
-3.18681
 20
-9.27307
 30
0.0
 10
-3.70365
 20
-8.54349
 30
0.0
 10
-3.70365
 20
-8.54349
 30
0.0
 10
-3.70659
 20
-8.60398
 30
0.0
 10
-3.70953
 20
-8.66447
 30
0.0
 10
-3.71247
 20
-8.72496
 30
0.0
 10
-3.70304
 20
-8.72838
 30
0.0
 10
-3.69552
 20
-8.73426
 30
0.0
 10
-3.69045
 20
-8.74106
 30
0.0
 10
-3.69045
 20
-8.74106
 30
0.0
 10
-3.24779
 20
-9.33537
 30
0.0
 10
-3.24779
 20
-9.33537
 30
0.0
 10
-3.22746
 20
-9.3146
 30
0.0
 10
-3.20713
 20
-9.29383
 30
0.0
 10
-3.18681
 20
-9.27307
 30
0.0
  0
SPLINE
  5
2DF
330
1F
100
AcDbEntity
  8
Plan 1
 62
   250
370
    20
100
AcDbSpline
210
0.0
220
0.0
230
1.0
 70
    11
 71
     3
 72
    20
 73
    16
 74
     0
 42
0.0000000001
 43
0.0000000001
 40
0.0
 40
0.0
 40
0.0
 40
0.0
 40
0.2
 40
0.2
 40
0.2
 40
0.4
 40
0.4
 40
0.4
 40
0.6000000000000001
 40
0.6000000000000001
 40
0.6000000000000001
 40
0.8
 40
0.8
 40
0.8
 40
1.0
 40
1.0
 40
1.0
 40
1.0
 10
-3.72571
 20
-8.99762
 30
0.0
 10
-3.71626
 20
-9.00105
 30
0.0
 10
-3.70873
 20
-9.00695
 30
0.0
 10
-3.70365
 20
-9.01378
 30
0.0
 10
-3.70365
 20
-9.01378
 30
0.0
 10
-3.37136
 20
-9.4616
 30
0.0
 10
-3.37136
 20
-9.4616
 30
0.0
 10
-3.35267
 20
-9.44251
 30
0.0
 10
-3.33399
 20
-9.42343
 30
0.0
 10
-3.3153
 20
-9.40434
 30
0.0
 10
-3.3153
 20
-9.40434
 30
0.0
 10
-3.71913
 20
-8.86215
 30
0.0
 10
-3.71913
 20
-8.86215
 30
0.0
 10
-3.72133
 20
-8.9073
 30
0.0
 10
-3.72352
 20
-8.95246
 30
0.0
 10
-3.72571
 20
-8.99762
 30
0.0
  0
SPLINE
  5
2E0
330
1F
100
AcDbEntity
  8
Plan 1
 62
   250
370
    20
100
AcDbSpline
210
0.0
220
0.0
230
1.0
 70
    11
 71
     3
 72
    20
 73
    16
 74
     0
 42
0.0000000001
 43
0.0000000001
 40
0.0
 40
0.0
 40
0.0
 40
0.0
 40
0.2
 40
0.2
 40
0.2
 40
0.4
 40
0.4
 40
0.4
 40
0.6000000000000001
 40
0.6000000000000001
 40
0.6000000000000001
 40
0.8
 40
0.8
 40
0.8
 40
1.0
 40
1.0
 40
1.0
 40
1.0
 10
-3.73239
 20
-9.13506
 30
0.0
 10
-3.73514
 20
-9.1915
 30
0.0
 10
-3.73788
 20
-9.24793
 30
0.0
 10
-3.74062
 20
-9.30436
 30
0.0
 10
-3.73341
 20
-9.30698
 30
0.0
 10
-3.72727
 20
-9.31104
 30
0.0
 10
-3.72252
 20
-9.31589
 30
0.0
 10
-3.72252
 20
-9.31589
 30
0.0
 10
-3.47562
 20
-9.56812
 30
0.0
 10
-3.47562
 20
-9.56812
 30
0.0
 10
-3.46338
 20
-9.55561
 30
0.0
 10
-3.45114
 20
-9.54311
 30
0.0
 10
-3.4389
 20
-9.5306
 30
0.0
 10
-3.4389
 20
-9.5306
 30
0.0
 10
-3.73239
 20
-9.13506
 30
0.0
 10
-3.73239
 20
-9.13506
 30
0.0
  0
SPLINE
  5
2E1
330
1F
100
AcDbEntity
  8
Plan 1
 62
   250
370
    20
100
AcDbSpline
210
0.0
220
0.0
230
1.0
 70
    11
 71
     3
 72
    20
 73
    16
 74
     0
 42
0.0000000001
 43
0.0000000001
 40
0.0
 40
0.0
 40
0.0
 40
0.0
 40
0.2
 40
0.2
 40
0.2
 40
0.4
 40
0.4
 40
0.4
 40
0.6000000000000001
 40
0.6000000000000001
 40
0.6000000000000001
 40
0.8
 40
0.8
 40
0.8
 40
1.0
 40
1.0
 40
1.0
 40
1.0
 10
-3.74654
 20
-9.42618
 30
0.0
 10
-3.74766
 20
-9.44917
 30
0.0
 10
-3.74877
 20
-9.47217
 30
0.0
 10
-3.74989
 20
-9.49516
 30
0.0
 10
-3.74097
 20
-9.4984
 30
0.0
 10
-3.73374
 20
-9.50384
 30
0.0
 10
-3.7287
 20
-9.5102
 30
0.0
 10
-3.7287
 20
-9.5102
 30
0.0
 10
-3.59004
 20
-9.68501
 30
0.0
 10
-3.59004
 20
-9.68501
 30
0.0
 10
-3.5739
 20
-9.66852
 30
0.0
 10
-3.55776
 20
-9.65203
 30
0.0
 10
-3.54161
 20
-9.63553
 30
0.0
 10
-3.54161
 20
-9.63553
 30
0.0
 10
-3.74654
 20
-9.42618
 30
0.0
 10
-3.74654
 20
-9.42618
 30
0.0
  0
SPLINE
  5
2E2
330
1F
100
AcDbEntity
  8
Plan 1
 62
   250
370
    20
100
AcDbSpline
210
0.0
220
0.0
230
1.0
 70
    11
 71
     3
 72
    17
 73
    13
 74
     0
 42
0.0000000001
 43
0.0000000001
 40
0.0
 40
0.0
 40
0.0
 40
0.0
 40
0.25
 40
0.25
 40
0.25
 40
0.5
 40
0.5
 40
0.5
 40
0.75
 40
0.75
 40
0.75
 40
1.0
 40
1.0
 40
1.0
 40
1.0
 10
-3.97715
 20
-9.89478
 30
0.0
 10
-3.97715
 20
-9.89478
 30
0.0
 10
-4.17817
 20
-10.18034
 30
0.0
 10
-4.17817
 20
-10.18034
 30
0.0
 10
-4.13979
 20
-10.17631
 30
0.0
 10
-4.10142
 20
-10.17227
 30
0.0
 10
-4.06304
 20
-10.16823
 30
0.0
 10
-4.01886
 20
-10.12309
 30
0.0
 10
-3.97467
 20
-10.07795
 30
0.0
 10
-3.93049
 20
-10.03281
 30
0.0
 10
-3.94604
 20
-9.9868
 30
0.0
 10
-3.9616
 20
-9.94079
 30
0.0
 10
-3.97715
 20
-9.89478
 30
0.0
  0
SPLINE
  5
2E3
330
1F
100
AcDbEntity
  8
Plan 1
 62
   250
370
    20
100
AcDbSpline
210
0.0
220
0.0
230
1.0
 70
    11
 71
     3
 72
    14
 73
    10
 74
     0
 42
0.0000000001
 43
0.0000000001
 40
0.0
 40
0.0
 40
0.0
 40
0.0
 40
0.3333333333333333
 40
0.3333333333333333
 40
0.3333333333333333
 40
0.6666666666666666
 40
0.6666666666666666
 40
0.6666666666666666
 40
1.0
 40
1.0
 40
1.0
 40
1.0
 10
-3.8855
 20
-9.31991
 30
0.0
 10
-3.8855
 20
-9.31991
 30
0.0
 10
-4.02247
 20
-9.31297
 30
0.0
 10
-4.02247
 20
-9.31297
 30
0.0
 10
-3.98245
 20
-9.43134
 30
0.0
 10
-3.94244
 20
-9.54972
 30
0.0
 10
-3.90242
 20
-9.6681
 30
0.0
 10
-3.89678
 20
-9.55204
 30
0.0
 10
-3.89114
 20
-9.43598
 30
0.0
 10
-3.8855
 20
-9.31991
 30
0.0
  0
SPLINE
  5
2E4
330
1F
100
AcDbEntity
  8
Plan 1
 62
   250
370
    20
100
AcDbSpline
210
0.0
220
0.0
230
1.0
 70
    11
 71
     3
 72
    23
 73
    19
 74
     0
 42
0.0000000001
 43
0.0000000001
 40
0.0
 40
0.0
 40
0.0
 40
0.0
 40
0.1666666666666667
 40
0.1666666666666667
 40
0.1666666666666667
 40
0.3333333333333333
 40
0.3333333333333333
 40
0.3333333333333333
 40
0.5
 40
0.5
 40
0.5
 40
0.6666666666666666
 40
0.6666666666666666
 40
0.6666666666666666
 40
0.8333333333333333
 40
0.8333333333333333
 40
0.8333333333333333
 40
1.0
 40
1.0
 40
1.0
 40
1.0
 10
-4.05302
 20
-9.67031
 30
0.0
 10
-4.05302
 20
-9.67031
 30
0.0
 10
-4.60704
 20
-10.22549
 30
0.0
 10
-4.60704
 20
-10.22549
 30
0.0
 10
-4.50421
 20
-10.21466
 30
0.0
 10
-4.40138
 20
-10.20384
 30
0.0
 10
-4.29855
 20
-10.19301
 30
0.0
 10
-4.29758
 20
-10.18676
 30
0.0
 10
-4.29517
 20
-10.1806
 30
0.0
 10
-4.29123
 20
-10.17501
 30
0.0
 10
-4.29123
 20
-10.17501
 30
0.0
 10
-4.02583
 20
-9.79798
 30
0.0
 10
-4.02583
 20
-9.79798
 30
0.0
 10
-4.02277
 20
-9.79364
 30
0.0
 10
-4.01876
 20
-9.78962
 30
0.0
 10
-4.01381
 20
-9.78631
 30
0.0
 10
-4.02688
 20
-9.74764
 30
0.0
 10
-4.03995
 20
-9.70898
 30
0.0
 10
-4.05302
 20
-9.67031
 30
0.0
  0
SPLINE
  5
2E5
330
1F
100
AcDbEntity
  8
Plan 1
 62
   250
370
    20
100
AcDbSpline
210
0.0
220
0.0
230
1.0
 70
    11
 71
     3
 72
    20
 73
    16
 74
     0
 42
0.0000000001
 43
0.0000000001
 40
0.0
 40
0.0
 40
0.0
 40
0.0
 40
0.2
 40
0.2
 40
0.2
 40
0.4
 40
0.4
 40
0.4
 40
0.6000000000000001
 40
0.6000000000000001
 40
0.6000000000000001
 40
0.8
 40
0.8
 40
0.8
 40
1.0
 40
1.0
 40
1.0
 40
1.0
 10
-3.87254
 20
-9.05356
 30
0.0
 10
-3.87254
 20
-9.05356
 30
0.0
 10
-4.0971
 20
-9.0922
 30
0.0
 10
-4.0971
 20
-9.0922
 30
0.0
 10
-4.08253
 20
-9.13531
 30
0.0
 10
-4.06796
 20
-9.17841
 30
0.0
 10
-4.05339
 20
-9.22151
 30
0.0
 10
-4.053
 20
-9.22152
 30
0.0
 10
-4.05262
 20
-9.22154
 30
0.0
 10
-4.05223
 20
-9.22156
 30
0.0
 10
-4.05223
 20
-9.22156
 30
0.0
 10
-3.88114
 20
-9.23023
 30
0.0
 10
-3.88114
 20
-9.23023
 30
0.0
 10
-3.87827
 20
-9.17134
 30
0.0
 10
-3.87541
 20
-9.11245
 30
0.0
 10
-3.87254
 20
-9.05356
 30
0.0
  0
SPLINE
  5
2E6
330
1F
100
AcDbEntity
  8
Plan 1
 62
   250
370
    20
100
AcDbSpline
210
0.0
220
0.0
230
1.0
 70
    11
 71
     3
 72
    14
 73
    10
 74
     0
 42
0.0000000001
 43
0.0000000001
 40
0.0
 40
0.0
 40
0.0
 40
0.0
 40
0.3333333333333333
 40
0.3333333333333333
 40
0.3333333333333333
 40
0.6666666666666666
 40
0.6666666666666666
 40
0.6666666666666666
 40
1.0
 40
1.0
 40
1.0
 40
1.0
 10
-3.75637
 20
-9.62836
 30
0.0
 10
-3.76023
 20
-9.70783
 30
0.0
 10
-3.7641
 20
-9.7873
 30
0.0
 10
-3.76796
 20
-9.86677
 30
0.0
 10
-3.73101
 20
-9.82902
 30
0.0
 10
-3.69406
 20
-9.79127
 30
0.0
 10
-3.65711
 20
-9.75352
 30
0.0
 10
-3.65711
 20
-9.75352
 30
0.0
 10
-3.75637
 20
-9.62836
 30
0.0
 10
-3.75637
 20
-9.62836
 30
0.0
  0
SPLINE
  5
2E7
330
1F
100
AcDbEntity
  8
Plan 1
 62
   250
370
    20
100
AcDbSpline
210
0.0
220
0.0
230
1.0
 70
    11
 71
     3
 72
    14
 73
    10
 74
     0
 42
0.0000000001
 43
0.0000000001
 40
0.0
 40
0.0
 40
0.0
 40
0.0
 40
0.3333333333333333
 40
0.3333333333333333
 40
0.3333333333333333
 40
0.6666666666666666
 40
0.6666666666666666
 40
0.6666666666666666
 40
1.0
 40
1.0
 40
1.0
 40
1.0
 10
2.52709
 20
3.22701
 30
0.0
 10
2.52709
 20
3.22701
 30
0.0
 10
2.5061
 20
2.99909
 30
0.0
 10
2.5061
 20
2.99909
 30
0.0
 10
2.55391
 20
3.03501
 30
0.0
 10
2.60173
 20
3.07093
 30
0.0
 10
2.64954
 20
3.10684
 30
0.0
 10
2.60872
 20
3.1469
 30
0.0
 10
2.5679
 20
3.18695
 30
0.0
 10
2.52709
 20
3.22701
 30
0.0
  0
SPLINE
  5
2E8
330
1F
100
AcDbEntity
  8
Plan 1
 62
   250
370
    20
100
AcDbSpline
210
0.0
220
0.0
230
1.0
 70
    11
 71
     3
 72
    20
 73
    16
 74
     0
 42
0.0000000001
 43
0.0000000001
 40
0.0
 40
0.0
 40
0.0
 40
0.0
 40
0.2
 40
0.2
 40
0.2
 40
0.4
 40
0.4
 40
0.4
 40
0.6000000000000001
 40
0.6000000000000001
 40
0.6000000000000001
 40
0.8
 40
0.8
 40
0.8
 40
1.0
 40
1.0
 40
1.0
 40
1.0
 10
3.00332
 20
1.9698
 30
0.0
 10
3.00149
 20
1.97114
 30
0.0
 10
2.99981
 20
1.97257
 30
0.0
 10
2.99826
 20
1.97409
 30
0.0
 10
2.99826
 20
1.97409
 30
0.0
 10
2.29258
 20
2.66386
 30
0.0
 10
2.29258
 20
2.66386
 30
0.0
 10
2.27901
 20
2.65366
 30
0.0
 10
2.26544
 20
2.64346
 30
0.0
 10
2.25186
 20
2.63326
 30
0.0
 10
2.25186
 20
2.63326
 30
0.0
 10
2.97136
 20
1.88818
 30
0.0
 10
2.97136
 20
1.88818
 30
0.0
 10
2.98201
 20
1.91539
 30
0.0
 10
2.99267
 20
1.9426
 30
0.0
 10
3.00332
 20
1.9698
 30
0.0
  0
SPLINE
  5
2E9
330
1F
100
AcDbEntity
  8
Plan 1
 62
   250
370
    20
100
AcDbSpline
210
0.0
220
0.0
230
1.0
 70
    11
 71
     3
 72
    20
 73
    16
 74
     0
 42
0.0000000001
 43
0.0000000001
 40
0.0
 40
0.0
 40
0.0
 40
0.0
 40
0.2
 40
0.2
 40
0.2
 40
0.4
 40
0.4
 40
0.4
 40
0.6000000000000001
 40
0.6000000000000001
 40
0.6000000000000001
 40
0.8
 40
0.8
 40
0.8
 40
1.0
 40
1.0
 40
1.0
 40
1.0
 10
1.62807
 20
0.37427
 30
0.0
 10
1.62807
 20
0.37427
 30
0.0
 10
2.56362
 20
0.10406
 30
0.0
 10
2.56362
 20
0.10406
 30
0.0
 10
2.56751
 20
0.13299
 30
0.0
 10
2.5714
 20
0.16192
 30
0.0
 10
2.57529
 20
0.19084
 30
0.0
 10
2.57529
 20
0.19084
 30
0.0
 10
1.72295
 20
0.41854
 30
0.0
 10
1.72295
 20
0.41854
 30
0.0
 10
1.71677
 20
0.42019
 30
0.0
 10
1.71139
 20
0.4228
 30
0.0
 10
1.70685
 20
0.42603
 30
0.0
 10
1.68059
 20
0.40878
 30
0.0
 10
1.65433
 20
0.39153
 30
0.0
 10
1.62807
 20
0.37427
 30
0.0
  0
SPLINE
  5
2EA
330
1F
100
AcDbEntity
  8
Plan 1
 62
   250
370
    20
100
AcDbSpline
210
0.0
220
0.0
230
1.0
 70
    11
 71
     3
 72
    20
 73
    16
 74
     0
 42
0.0000000001
 43
0.0000000001
 40
0.0
 40
0.0
 40
0.0
 40
0.0
 40
0.2
 40
0.2
 40
0.2
 40
0.4
 40
0.4
 40
0.4
 40
0.6000000000000001
 40
0.6000000000000001
 40
0.6000000000000001
 40
0.8
 40
0.8
 40
0.8
 40
1.0
 40
1.0
 40
1.0
 40
1.0
 10
1.28631
 20
-0.67941
 30
0.0
 10
1.28143
 20
-0.70608
 30
0.0
 10
1.27656
 20
-0.73275
 30
0.0
 10
1.27169
 20
-0.75941
 30
0.0
 10
1.27169
 20
-0.75941
 30
0.0
 10
1.63091
 20
-0.86777
 30
0.0
 10
1.63091
 20
-0.86777
 30
0.0
 10
1.63564
 20
-0.8692
 30
0.0
 10
1.63987
 20
-0.87119
 30
0.0
 10
1.64359
 20
-0.87359
 30
0.0
 10
1.67459
 20
-0.85139
 30
0.0
 10
1.70558
 20
-0.82918
 30
0.0
 10
1.73657
 20
-0.80697
 30
0.0
 10
1.73657
 20
-0.80697
 30
0.0
 10
1.28631
 20
-0.67941
 30
0.0
 10
1.28631
 20
-0.67941
 30
0.0
  0
SPLINE
  5
2EB
330
1F
100
AcDbEntity
  8
Plan 1
 62
   250
370
    20
100
AcDbSpline
210
0.0
220
0.0
230
1.0
 70
    11
 71
     3
 72
    20
 73
    16
 74
     0
 42
0.0000000001
 43
0.0000000001
 40
0.0
 40
0.0
 40
0.0
 40
0.0
 40
0.2
 40
0.2
 40
0.2
 40
0.4
 40
0.4
 40
0.4
 40
0.6000000000000001
 40
0.6000000000000001
 40
0.6000000000000001
 40
0.8
 40
0.8
 40
0.8
 40
1.0
 40
1.0
 40
1.0
 40
1.0
 10
1.25533
 20
-0.84893
 30
0.0
 10
1.25257
 20
-0.86406
 30
0.0
 10
1.2498
 20
-0.87919
 30
0.0
 10
1.24704
 20
-0.89432
 30
0.0
 10
1.24704
 20
-0.89432
 30
0.0
 10
1.47504
 20
-0.98364
 30
0.0
 10
1.47504
 20
-0.98364
 30
0.0
 10
1.47823
 20
-0.98489
 30
0.0
 10
1.48115
 20
-0.98639
 30
0.0
 10
1.4838
 20
-0.9881
 30
0.0
 10
1.50675
 20
-0.97165
 30
0.0
 10
1.5297
 20
-0.9552
 30
0.0
 10
1.55265
 20
-0.93876
 30
0.0
 10
1.55265
 20
-0.93876
 30
0.0
 10
1.25533
 20
-0.84893
 30
0.0
 10
1.25533
 20
-0.84893
 30
0.0
  0
SPLINE
  5
2EC
330
1F
100
AcDbEntity
  8
Plan 1
 62
   250
370
    20
100
AcDbSpline
210
0.0
220
0.0
230
1.0
 70
    11
 71
     3
 72
    14
 73
    10
 74
     0
 42
0.0000000001
 43
0.0000000001
 40
0.0
 40
0.0
 40
0.0
 40
0.0
 40
0.3333333333333333
 40
0.3333333333333333
 40
0.3333333333333333
 40
0.6666666666666666
 40
0.6666666666666666
 40
0.6666666666666666
 40
1.0
 40
1.0
 40
1.0
 40
1.0
 10
1.23036
 20
-0.98558
 30
0.0
 10
1.21746
 20
-1.0562
 30
0.0
 10
1.20455
 20
-1.12683
 30
0.0
 10
1.19165
 20
-1.19745
 30
0.0
 10
1.25993
 20
-1.14852
 30
0.0
 10
1.32822
 20
-1.09959
 30
0.0
 10
1.3965
 20
-1.05065
 30
0.0
 10
1.3965
 20
-1.05065
 30
0.0
 10
1.23036
 20
-0.98558
 30
0.0
 10
1.23036
 20
-0.98558
 30
0.0
  0
SPLINE
  5
2ED
330
1F
100
AcDbEntity
  8
Plan 1
 62
   250
370
    20
100
AcDbSpline
210
0.0
220
0.0
230
1.0
 70
    11
 71
     3
 72
    17
 73
    13
 74
     0
 42
0.0000000001
 43
0.0000000001
 40
0.0
 40
0.0
 40
0.0
 40
0.0
 40
0.25
 40
0.25
 40
0.25
 40
0.5
 40
0.5
 40
0.5
 40
0.75
 40
0.75
 40
0.75
 40
1.0
 40
1.0
 40
1.0
 40
1.0
 10
2.75359
 20
3.01015
 30
0.0
 10
2.71752
 20
2.98305
 30
0.0
 10
2.68145
 20
2.95595
 30
0.0
 10
2.64538
 20
2.92886
 30
0.0
 10
2.64538
 20
2.92886
 30
0.0
 10
3.17896
 20
2.4184
 30
0.0
 10
3.17896
 20
2.4184
 30
0.0
 10
3.20074
 20
2.47403
 30
0.0
 10
3.22253
 20
2.52967
 30
0.0
 10
3.24431
 20
2.5853
 30
0.0
 10
3.08074
 20
2.72692
 30
0.0
 10
2.91717
 20
2.86853
 30
0.0
 10
2.75359
 20
3.01015
 30
0.0
  0
SPLINE
  5
2EE
330
1F
100
AcDbEntity
  8
Plan 1
 62
   250
370
    20
100
AcDbSpline
210
0.0
220
0.0
230
1.0
 70
    11
 71
     3
 72
    20
 73
    16
 74
     0
 42
0.0000000001
 43
0.0000000001
 40
0.0
 40
0.0
 40
0.0
 40
0.0
 40
0.2
 40
0.2
 40
0.2
 40
0.4
 40
0.4
 40
0.4
 40
0.6000000000000001
 40
0.6000000000000001
 40
0.6000000000000001
 40
0.8
 40
0.8
 40
0.8
 40
1.0
 40
1.0
 40
1.0
 40
1.0
 10
2.56916
 20
2.87161
 30
0.0
 10
2.55316
 20
2.85959
 30
0.0
 10
2.53717
 20
2.84757
 30
0.0
 10
2.52116
 20
2.83556
 30
0.0
 10
2.52116
 20
2.83556
 30
0.0
 10
3.09844
 20
2.21275
 30
0.0
 10
3.09844
 20
2.21275
 30
0.0
 10
3.11297
 20
2.24987
 30
0.0
 10
3.12751
 20
2.28699
 30
0.0
 10
3.14204
 20
2.32411
 30
0.0
 10
3.14036
 20
2.32535
 30
0.0
 10
3.13879
 20
2.32667
 30
0.0
 10
3.13734
 20
2.32805
 30
0.0
 10
3.13734
 20
2.32805
 30
0.0
 10
2.56916
 20
2.87161
 30
0.0
 10
2.56916
 20
2.87161
 30
0.0
  0
SPLINE
  5
2EF
330
1F
100
AcDbEntity
  8
Plan 1
 62
   250
370
    20
100
AcDbSpline
210
0.0
220
0.0
230
1.0
 70
    11
 71
     3
 72
    20
 73
    16
 74
     0
 42
0.0000000001
 43
0.0000000001
 40
0.0
 40
0.0
 40
0.0
 40
0.0
 40
0.2
 40
0.2
 40
0.2
 40
0.4
 40
0.4
 40
0.4
 40
0.6000000000000001
 40
0.6000000000000001
 40
0.6000000000000001
 40
0.8
 40
0.8
 40
0.8
 40
1.0
 40
1.0
 40
1.0
 40
1.0
 10
2.44518
 20
2.77848
 30
0.0
 10
2.4197
 20
2.75934
 30
0.0
 10
2.39421
 20
2.7402
 30
0.0
 10
2.36873
 20
2.72106
 30
0.0
 10
2.36873
 20
2.72106
 30
0.0
 10
3.0404
 20
2.06453
 30
0.0
 10
3.0404
 20
2.06453
 30
0.0
 10
3.04788
 20
2.08363
 30
0.0
 10
3.05536
 20
2.10274
 30
0.0
 10
3.06284
 20
2.12184
 30
0.0
 10
3.0515
 20
2.12868
 30
0.0
 10
3.03951
 20
2.13728
 30
0.0
 10
3.03223
 20
2.14513
 30
0.0
 10
3.03223
 20
2.14513
 30
0.0
 10
2.44518
 20
2.77848
 30
0.0
 10
2.44518
 20
2.77848
 30
0.0
  0
SPLINE
  5
2F0
330
1F
100
AcDbEntity
  8
Plan 1
 62
   250
370
    20
100
AcDbSpline
210
0.0
220
0.0
230
1.0
 70
    11
 71
     3
 72
    20
 73
    16
 74
     0
 42
0.0000000001
 43
0.0000000001
 40
0.0
 40
0.0
 40
0.0
 40
0.0
 40
0.2
 40
0.2
 40
0.2
 40
0.4
 40
0.4
 40
0.4
 40
0.6000000000000001
 40
0.6000000000000001
 40
0.6000000000000001
 40
0.8
 40
0.8
 40
0.8
 40
1.0
 40
1.0
 40
1.0
 40
1.0
 10
1.91885
 20
0.56531
 30
0.0
 10
1.88079
 20
0.54031
 30
0.0
 10
1.84274
 20
0.5153
 30
0.0
 10
1.80468
 20
0.4903
 30
0.0
 10
1.80468
 20
0.4903
 30
0.0
 10
2.58744
 20
0.28119
 30
0.0
 10
2.58744
 20
0.28119
 30
0.0
 10
2.59141
 20
0.31077
 30
0.0
 10
2.59539
 20
0.34035
 30
0.0
 10
2.59937
 20
0.36992
 30
0.0
 10
2.59937
 20
0.36992
 30
0.0
 10
1.93421
 20
0.55803
 30
0.0
 10
1.93421
 20
0.55803
 30
0.0
 10
1.92834
 20
0.55969
 30
0.0
 10
1.92321
 20
0.56222
 30
0.0
 10
1.91885
 20
0.56531
 30
0.0
  0
SPLINE
  5
2F1
330
1F
100
AcDbEntity
  8
Plan 1
 62
   250
370
    20
100
AcDbSpline
210
0.0
220
0.0
230
1.0
 70
    11
 71
     3
 72
    20
 73
    16
 74
     0
 42
0.0000000001
 43
0.0000000001
 40
0.0
 40
0.0
 40
0.0
 40
0.0
 40
0.2
 40
0.2
 40
0.2
 40
0.4
 40
0.4
 40
0.4
 40
0.6000000000000001
 40
0.6000000000000001
 40
0.6000000000000001
 40
0.8
 40
0.8
 40
0.8
 40
1.0
 40
1.0
 40
1.0
 40
1.0
 10
2.08433
 20
0.67402
 30
0.0
 10
2.06149
 20
0.65902
 30
0.0
 10
2.03864
 20
0.64401
 30
0.0
 10
2.0158
 20
0.629
 30
0.0
 10
2.0158
 20
0.629
 30
0.0
 10
2.61155
 20
0.46053
 30
0.0
 10
2.61155
 20
0.46053
 30
0.0
 10
2.61491
 20
0.48558
 30
0.0
 10
2.61828
 20
0.51063
 30
0.0
 10
2.62165
 20
0.53568
 30
0.0
 10
2.62165
 20
0.53568
 30
0.0
 10
2.10119
 20
0.66634
 30
0.0
 10
2.10119
 20
0.66634
 30
0.0
 10
2.09469
 20
0.66797
 30
0.0
 10
2.08906
 20
0.67066
 30
0.0
 10
2.08433
 20
0.67402
 30
0.0
  0
SPLINE
  5
2F2
330
1F
100
AcDbEntity
  8
Plan 1
 62
   250
370
    20
100
AcDbSpline
210
0.0
220
0.0
230
1.0
 70
    11
 71
     3
 72
    20
 73
    16
 74
     0
 42
0.0000000001
 43
0.0000000001
 40
0.0
 40
0.0
 40
0.0
 40
0.0
 40
0.2
 40
0.2
 40
0.2
 40
0.4
 40
0.4
 40
0.4
 40
0.6000000000000001
 40
0.6000000000000001
 40
0.6000000000000001
 40
0.8
 40
0.8
 40
0.8
 40
1.0
 40
1.0
 40
1.0
 40
1.0
 10
2.64294
 20
0.69406
 30
0.0
 10
2.64294
 20
0.69406
 30
0.0
 10
2.27674
 20
0.78109
 30
0.0
 10
2.27674
 20
0.78109
 30
0.0
 10
2.26997
 20
0.7827
 30
0.0
 10
2.26412
 20
0.78545
 30
0.0
 10
2.25923
 20
0.78893
 30
0.0
 10
2.23385
 20
0.77226
 30
0.0
 10
2.20847
 20
0.75558
 30
0.0
 10
2.18309
 20
0.73891
 30
0.0
 10
2.18309
 20
0.73891
 30
0.0
 10
2.63374
 20
0.62562
 30
0.0
 10
2.63374
 20
0.62562
 30
0.0
 10
2.6368
 20
0.64843
 30
0.0
 10
2.63987
 20
0.67124
 30
0.0
 10
2.64294
 20
0.69406
 30
0.0
  0
SPLINE
  5
2F3
330
1F
100
AcDbEntity
  8
Plan 1
 62
   250
370
    20
100
AcDbSpline
210
0.0
220
0.0
230
1.0
 70
    11
 71
     3
 72
    20
 73
    16
 74
     0
 42
0.0000000001
 43
0.0000000001
 40
0.0
 40
0.0
 40
0.0
 40
0.0
 40
0.2
 40
0.2
 40
0.2
 40
0.4
 40
0.4
 40
0.4
 40
0.6000000000000001
 40
0.6000000000000001
 40
0.6000000000000001
 40
0.8
 40
0.8
 40
0.8
 40
1.0
 40
1.0
 40
1.0
 40
1.0
 10
2.4253
 20
0.89804
 30
0.0
 10
2.40314
 20
0.88348
 30
0.0
 10
2.38098
 20
0.86892
 30
0.0
 10
2.35882
 20
0.85436
 30
0.0
 10
2.35882
 20
0.85436
 30
0.0
 10
2.65501
 20
0.78385
 30
0.0
 10
2.65501
 20
0.78385
 30
0.0
 10
2.65704
 20
0.79898
 30
0.0
 10
2.65907
 20
0.81411
 30
0.0
 10
2.66111
 20
0.82923
 30
0.0
 10
2.66111
 20
0.82923
 30
0.0
 10
2.44084
 20
0.89071
 30
0.0
 10
2.44084
 20
0.89071
 30
0.0
 10
2.43489
 20
0.89237
 30
0.0
 10
2.42971
 20
0.89491
 30
0.0
 10
2.4253
 20
0.89804
 30
0.0
  0
SPLINE
  5
2F4
330
1F
100
AcDbEntity
  8
Plan 1
 62
   250
370
    20
100
AcDbSpline
210
0.0
220
0.0
230
1.0
 70
    11
 71
     3
 72
    14
 73
    10
 74
     0
 42
0.0000000001
 43
0.0000000001
 40
0.0
 40
0.0
 40
0.0
 40
0.0
 40
0.3333333333333333
 40
0.3333333333333333
 40
0.3333333333333333
 40
0.6666666666666666
 40
0.6666666666666666
 40
0.6666666666666666
 40
1.0
 40
1.0
 40
1.0
 40
1.0
 10
2.6941
 20
1.07463
 30
0.0
 10
2.63688
 20
1.03704
 30
0.0
 10
2.57967
 20
0.99945
 30
0.0
 10
2.52245
 20
0.96186
 30
0.0
 10
2.52245
 20
0.96186
 30
0.0
 10
2.67328
 20
0.91977
 30
0.0
 10
2.67328
 20
0.91977
 30
0.0
 10
2.68022
 20
0.97139
 30
0.0
 10
2.68716
 20
1.02301
 30
0.0
 10
2.6941
 20
1.07463
 30
0.0
  0
SPLINE
  5
2F5
330
1F
100
AcDbEntity
  8
Plan 1
 62
   250
370
    20
100
AcDbSpline
210
0.0
220
0.0
230
1.0
 70
    11
 71
     3
 72
    17
 73
    13
 74
     0
 42
0.0000000001
 43
0.0000000001
 40
0.0
 40
0.0
 40
0.0
 40
0.0
 40
0.25
 40
0.25
 40
0.25
 40
0.5
 40
0.5
 40
0.5
 40
0.75
 40
0.75
 40
0.75
 40
1.0
 40
1.0
 40
1.0
 40
1.0
 10
-4.62251
 20
3.81403
 30
0.0
 10
-4.65295
 20
3.78606
 30
0.0
 10
-4.68333
 20
3.75806
 30
0.0
 10
-4.7138
 20
3.73011
 30
0.0
 10
-4.7138
 20
3.73011
 30
0.0
 10
-4.52117
 20
3.50693
 30
0.0
 10
-4.52117
 20
3.50693
 30
0.0
 10
-4.49428
 20
3.52298
 30
0.0
 10
-4.46739
 20
3.53902
 30
0.0
 10
-4.44049
 20
3.55506
 30
0.0
 10
-4.44049
 20
3.55506
 30
0.0
 10
-4.62251
 20
3.81403
 30
0.0
 10
-4.62251
 20
3.81403
 30
0.0
  0
SPLINE
  5
2F6
330
1F
100
AcDbEntity
  8
Plan 1
 62
   250
370
    20
100
AcDbSpline
210
0.0
220
0.0
230
1.0
 70
    11
 71
     3
 72
    20
 73
    16
 74
     0
 42
0.0000000001
 43
0.0000000001
 40
0.0
 40
0.0
 40
0.0
 40
0.0
 40
0.2
 40
0.2
 40
0.2
 40
0.4
 40
0.4
 40
0.4
 40
0.6000000000000001
 40
0.6000000000000001
 40
0.6000000000000001
 40
0.8
 40
0.8
 40
0.8
 40
1.0
 40
1.0
 40
1.0
 40
1.0
 10
-4.67606
 20
3.41437
 30
0.0
 10
-4.65198
 20
3.42878
 30
0.0
 10
-4.62789
 20
3.44318
 30
0.0
 10
-4.60379
 20
3.45758
 30
0.0
 10
-4.60379
 20
3.45758
 30
0.0
 10
-4.78381
 20
3.66613
 30
0.0
 10
-4.78381
 20
3.66613
 30
0.0
 10
-4.81711
 20
3.63561
 30
0.0
 10
-4.85043
 20
3.60509
 30
0.0
 10
-4.88375
 20
3.57458
 30
0.0
 10
-4.88375
 20
3.57458
 30
0.0
 10
-4.67629
 20
3.41455
 30
0.0
 10
-4.67629
 20
3.41455
 30
0.0
 10
-4.67621
 20
3.41449
 30
0.0
 10
-4.67614
 20
3.41443
 30
0.0
 10
-4.67606
 20
3.41437
 30
0.0
  0
SPLINE
  5
2F7
330
1F
100
AcDbEntity
  8
Plan 1
 62
   250
370
    20
100
AcDbSpline
210
0.0
220
0.0
230
1.0
 70
    11
 71
     3
 72
    20
 73
    16
 74
     0
 42
0.0000000001
 43
0.0000000001
 40
0.0
 40
0.0
 40
0.0
 40
0.0
 40
0.2
 40
0.2
 40
0.2
 40
0.4
 40
0.4
 40
0.4
 40
0.6000000000000001
 40
0.6000000000000001
 40
0.6000000000000001
 40
0.8
 40
0.8
 40
0.8
 40
1.0
 40
1.0
 40
1.0
 40
1.0
 10
-4.95351
 20
3.51071
 30
0.0
 10
-5.0154
 20
3.45405
 30
0.0
 10
-5.07732
 20
3.39741
 30
0.0
 10
-5.13926
 20
3.34078
 30
0.0
 10
-5.13926
 20
3.34078
 30
0.0
 10
-4.82787
 20
3.31498
 30
0.0
 10
-4.82787
 20
3.31498
 30
0.0
 10
-4.82249
 20
3.32355
 30
0.0
 10
-4.8148
 20
3.33132
 30
0.0
 10
-4.80458
 20
3.33744
 30
0.0
 10
-4.79038
 20
3.34595
 30
0.0
 10
-4.77617
 20
3.35446
 30
0.0
 10
-4.76197
 20
3.36296
 30
0.0
 10
-4.76197
 20
3.36296
 30
0.0
 10
-4.95351
 20
3.51071
 30
0.0
 10
-4.95351
 20
3.51071
 30
0.0
  0
SPLINE
  5
2F8
330
1F
100
AcDbEntity
  8
Plan 1
 62
   250
370
    20
100
AcDbSpline
210
0.0
220
0.0
230
1.0
 70
    11
 71
     3
 72
    17
 73
    13
 74
     0
 42
0.0000000001
 43
0.0000000001
 40
0.0
 40
0.0
 40
0.0
 40
0.0
 40
0.25
 40
0.25
 40
0.25
 40
0.5
 40
0.5
 40
0.5
 40
0.75
 40
0.75
 40
0.75
 40
1.0
 40
1.0
 40
1.0
 40
1.0
 10
-3.48288
 20
4.86595
 30
0.0
 10
-3.57655
 20
4.77888
 30
0.0
 10
-3.67033
 20
4.69188
 30
0.0
 10
-3.76422
 20
4.60493
 30
0.0
 10
-3.76422
 20
4.60493
 30
0.0
 10
-3.66062
 20
4.4375
 30
0.0
 10
-3.66062
 20
4.4375
 30
0.0
 10
-3.54625
 20
4.48768
 30
0.0
 10
-3.43189
 20
4.53786
 30
0.0
 10
-3.31752
 20
4.58804
 30
0.0
 10
-3.31752
 20
4.58804
 30
0.0
 10
-3.48288
 20
4.86595
 30
0.0
 10
-3.48288
 20
4.86595
 30
0.0
  0
SPLINE
  5
2F9
330
1F
100
AcDbEntity
  8
Plan 1
 62
   250
370
    20
100
AcDbSpline
210
0.0
220
0.0
230
1.0
 70
    11
 71
     3
 72
    14
 73
    10
 74
     0
 42
0.0000000001
 43
0.0000000001
 40
0.0
 40
0.0
 40
0.0
 40
0.0
 40
0.3333333333333333
 40
0.3333333333333333
 40
0.3333333333333333
 40
0.6666666666666666
 40
0.6666666666666666
 40
0.6666666666666666
 40
1.0
 40
1.0
 40
1.0
 40
1.0
 10
-3.83595
 20
4.53854
 30
0.0
 10
-3.95827
 20
4.42538
 30
0.0
 10
-4.08075
 20
4.31231
 30
0.0
 10
-4.20339
 20
4.19933
 30
0.0
 10
-4.05204
 20
4.26575
 30
0.0
 10
-3.9007
 20
4.33216
 30
0.0
 10
-3.74934
 20
4.39856
 30
0.0
 10
-3.74934
 20
4.39856
 30
0.0
 10
-3.83595
 20
4.53854
 30
0.0
 10
-3.83595
 20
4.53854
 30
0.0
  0
SPLINE
  5
2FA
330
1F
100
AcDbEntity
  8
Plan 1
 62
   250
370
    20
100
AcDbSpline
210
0.0
220
0.0
230
1.0
 70
    11
 71
     3
 72
    20
 73
    16
 74
     0
 42
0.0000000001
 43
0.0000000001
 40
0.0
 40
0.0
 40
0.0
 40
0.0
 40
0.2
 40
0.2
 40
0.2
 40
0.4
 40
0.4
 40
0.4
 40
0.6000000000000001
 40
0.6000000000000001
 40
0.6000000000000001
 40
0.8
 40
0.8
 40
0.8
 40
1.0
 40
1.0
 40
1.0
 40
1.0
 10
-4.48766
 20
4.12868
 30
0.0
 10
-4.48766
 20
4.12868
 30
0.0
 10
-4.85614
 20
4.08076
 30
0.0
 10
-4.85614
 20
4.08076
 30
0.0
 10
-4.87407
 20
3.96754
 30
0.0
 10
-4.89201
 20
3.85433
 30
0.0
 10
-4.90994
 20
3.74112
 30
0.0
 10
-4.81077
 20
3.83199
 30
0.0
 10
-4.71168
 20
3.9229
 30
0.0
 10
-4.61264
 20
4.01384
 30
0.0
 10
-4.61264
 20
4.01384
 30
0.0
 10
-4.60593
 20
4.02
 30
0.0
 10
-4.60593
 20
4.02
 30
0.0
 10
-4.56648
 20
4.05621
 30
0.0
 10
-4.52707
 20
4.09244
 30
0.0
 10
-4.48766
 20
4.12868
 30
0.0
  0
SPLINE
  5
2FB
330
1F
100
AcDbEntity
  8
Plan 1
 62
   250
370
    20
100
AcDbSpline
210
0.0
220
0.0
230
1.0
 70
    11
 71
     3
 72
    17
 73
    13
 74
     0
 42
0.0000000001
 43
0.0000000001
 40
0.0
 40
0.0
 40
0.0
 40
0.0
 40
0.25
 40
0.25
 40
0.25
 40
0.5
 40
0.5
 40
0.5
 40
0.75
 40
0.75
 40
0.75
 40
1.0
 40
1.0
 40
1.0
 40
1.0
 10
-2.55367
 20
5.93189
 30
0.0
 10
-2.43375
 20
6.04638
 30
0.0
 10
-2.3142
 20
6.16108
 30
0.0
 10
-2.19606
 20
6.2765
 30
0.0
 10
-2.87151
 20
6.08758
 30
0.0
 10
-3.54696
 20
5.89865
 30
0.0
 10
-4.22242
 20
5.70974
 30
0.0
 10
-4.22242
 20
5.70974
 30
0.0
 10
-2.58298
 20
5.93602
 30
0.0
 10
-2.58298
 20
5.93602
 30
0.0
 10
-2.57227
 20
5.9375
 30
0.0
 10
-2.56218
 20
5.93573
 30
0.0
 10
-2.55367
 20
5.93189
 30
0.0
  0
SPLINE
  5
2FC
330
1F
100
AcDbEntity
  8
Plan 1
 62
   250
370
    20
100
AcDbSpline
210
0.0
220
0.0
230
1.0
 70
    11
 71
     3
 72
    20
 73
    16
 74
     0
 42
0.0000000001
 43
0.0000000001
 40
0.0
 40
0.0
 40
0.0
 40
0.0
 40
0.2
 40
0.2
 40
0.2
 40
0.4
 40
0.4
 40
0.4
 40
0.6000000000000001
 40
0.6000000000000001
 40
0.6000000000000001
 40
0.8
 40
0.8
 40
0.8
 40
1.0
 40
1.0
 40
1.0
 40
1.0
 10
-4.62126
 20
5.56389
 30
0.0
 10
-4.62875
 20
5.51664
 30
0.0
 10
-4.63623
 20
5.4694
 30
0.0
 10
-4.64371
 20
5.42215
 30
0.0
 10
-4.64371
 20
5.42215
 30
0.0
 10
-2.81019
 20
5.72149
 30
0.0
 10
-2.81019
 20
5.72149
 30
0.0
 10
-2.799
 20
5.72332
 30
0.0
 10
-2.78832
 20
5.72152
 30
0.0
 10
-2.77937
 20
5.71744
 30
0.0
 10
-2.73789
 20
5.75668
 30
0.0
 10
-2.69647
 20
5.79596
 30
0.0
 10
-2.65511
 20
5.83527
 30
0.0
 10
-2.65511
 20
5.83527
 30
0.0
 10
-4.62126
 20
5.56389
 30
0.0
 10
-4.62126
 20
5.56389
 30
0.0
  0
SPLINE
  5
2FD
330
1F
100
AcDbEntity
  8
Plan 1
 62
   250
370
    20
100
AcDbSpline
210
0.0
220
0.0
230
1.0
 70
    11
 71
     3
 72
    20
 73
    16
 74
     0
 42
0.0000000001
 43
0.0000000001
 40
0.0
 40
0.0
 40
0.0
 40
0.0
 40
0.2
 40
0.2
 40
0.2
 40
0.4
 40
0.4
 40
0.4
 40
0.6000000000000001
 40
0.6000000000000001
 40
0.6000000000000001
 40
0.8
 40
0.8
 40
0.8
 40
1.0
 40
1.0
 40
1.0
 40
1.0
 10
-6.294
 20
2.94949
 30
0.0
 10
-6.27729
 20
2.91936
 30
0.0
 10
-6.26054
 20
2.88924
 30
0.0
 10
-6.24377
 20
2.85912
 30
0.0
 10
-6.24377
 20
2.85912
 30
0.0
 10
-6.14756
 20
3.12376
 30
0.0
 10
-6.14756
 20
3.12376
 30
0.0
 10
-6.16721
 20
3.13331
 30
0.0
 10
-6.18686
 20
3.14287
 30
0.0
 10
-6.20651
 20
3.15242
 30
0.0
 10
-6.20651
 20
3.15242
 30
0.0
 10
-6.28327
 20
2.96496
 30
0.0
 10
-6.28327
 20
2.96496
 30
0.0
 10
-6.28554
 20
2.95944
 30
0.0
 10
-6.28908
 20
2.95408
 30
0.0
 10
-6.294
 20
2.94949
 30
0.0
  0
SPLINE
  5
2FE
330
1F
100
AcDbEntity
  8
Plan 1
 62
   250
370
    20
100
AcDbSpline
210
0.0
220
0.0
230
1.0
 70
    11
 71
     3
 72
    14
 73
    10
 74
     0
 42
0.0000000001
 43
0.0000000001
 40
0.0
 40
0.0
 40
0.0
 40
0.0
 40
0.3333333333333333
 40
0.3333333333333333
 40
0.3333333333333333
 40
0.6666666666666666
 40
0.6666666666666666
 40
0.6666666666666666
 40
1.0
 40
1.0
 40
1.0
 40
1.0
 10
-6.29383
 20
3.19487
 30
0.0
 10
-6.3554
 20
3.22481
 30
0.0
 10
-6.41697
 20
3.25474
 30
0.0
 10
-6.47855
 20
3.28468
 30
0.0
 10
-6.43645
 20
3.20761
 30
0.0
 10
-6.39415
 20
3.1306
 30
0.0
 10
-6.35165
 20
3.05364
 30
0.0
 10
-6.35165
 20
3.05364
 30
0.0
 10
-6.29383
 20
3.19487
 30
0.0
 10
-6.29383
 20
3.19487
 30
0.0
  0
SPLINE
  5
2FF
330
1F
100
AcDbEntity
  8
Plan 1
 62
   250
370
    20
100
AcDbSpline
210
0.0
220
0.0
230
1.0
 70
    11
 71
     3
 72
    17
 73
    13
 74
     0
 42
0.0000000001
 43
0.0000000001
 40
0.0
 40
0.0
 40
0.0
 40
0.0
 40
0.25
 40
0.25
 40
0.25
 40
0.5
 40
0.5
 40
0.5
 40
0.75
 40
0.75
 40
0.75
 40
1.0
 40
1.0
 40
1.0
 40
1.0
 10
-10.03625
 20
7.10216
 30
0.0
 10
-10.03625
 20
7.10216
 30
0.0
 10
-10.03625
 20
5.89825
 30
0.0
 10
-10.03625
 20
5.89825
 30
0.0
 10
-10.03625
 20
5.89825
 30
0.0
 10
-9.67669
 20
5.69253
 30
0.0
 10
-9.67669
 20
5.69253
 30
0.0
 10
-9.67669
 20
5.69253
 30
0.0
 10
-9.75332
 20
7.0685
 30
0.0
 10
-9.75332
 20
7.0685
 30
0.0
 10
-9.75332
 20
7.0685
 30
0.0
 10
-10.03625
 20
7.10216
 30
0.0
 10
-10.03625
 20
7.10216
 30
0.0
  0
SPLINE
  5
300
330
1F
100
AcDbEntity
  8
Plan 1
 62
   250
370
    20
100
AcDbSpline
210
0.0
220
0.0
230
1.0
 70
    11
 71
     3
 72
    14
 73
    10
 74
     0
 42
0.0000000001
 43
0.0000000001
 40
0.0
 40
0.0
 40
0.0
 40
0.0
 40
0.3333333333333333
 40
0.3333333333333333
 40
0.3333333333333333
 40
0.6666666666666666
 40
0.6666666666666666
 40
0.6666666666666666
 40
1.0
 40
1.0
 40
1.0
 40
1.0
 10
2.34029
 20
1.00893
 30
0.0
 10
2.4521
 20
1.08238
 30
0.0
 10
2.56391
 20
1.15584
 30
0.0
 10
2.67571
 20
1.2293
 30
0.0
 10
2.64778
 20
1.25733
 30
0.0
 10
2.61984
 20
1.28537
 30
0.0
 10
2.5919
 20
1.3134
 30
0.0
 10
2.5919
 20
1.3134
 30
0.0
 10
2.34029
 20
1.00893
 30
0.0
 10
2.34029
 20
1.00893
 30
0.0
  0
SPLINE
  5
301
330
1F
100
AcDbEntity
  8
Plan 1
 62
   250
370
    20
100
AcDbSpline
210
0.0
220
0.0
230
1.0
 70
    11
 71
     3
 72
    20
 73
    16
 74
     0
 42
0.0000000001
 43
0.0000000001
 40
0.0
 40
0.0
 40
0.0
 40
0.0
 40
0.2
 40
0.2
 40
0.2
 40
0.4
 40
0.4
 40
0.4
 40
0.6000000000000001
 40
0.6000000000000001
 40
0.6000000000000001
 40
0.8
 40
0.8
 40
0.8
 40
1.0
 40
1.0
 40
1.0
 40
1.0
 10
-8.60958
 20
-6.48508
 30
0.0
 10
-8.60958
 20
-6.48508
 30
0.0
 10
-8.52726
 20
-6.51341
 30
0.0
 10
-8.52726
 20
-6.51341
 30
0.0
 10
-8.52509
 20
-6.51066
 30
0.0
 10
-8.52253
 20
-6.50807
 30
0.0
 10
-8.51954
 20
-6.50573
 30
0.0
 10
-8.51954
 20
-6.50573
 30
0.0
 10
-8.25022
 20
-6.29474
 30
0.0
 10
-8.25022
 20
-6.29474
 30
0.0
 10
-8.25022
 20
-6.29474
 30
0.0
 10
-8.29315
 20
-6.20704
 30
0.0
 10
-8.29315
 20
-6.20704
 30
0.0
 10
-8.29315
 20
-6.20704
 30
0.0
 10
-8.60958
 20
-6.48508
 30
0.0
 10
-8.60958
 20
-6.48508
 30
0.0
  0
SPLINE
  5
302
330
1F
100
AcDbEntity
  8
Plan 1
 62
   250
370
    20
100
AcDbSpline
210
0.0
220
0.0
230
1.0
 70
    11
 71
     3
 72
    14
 73
    10
 74
     0
 42
0.0000000001
 43
0.0000000001
 40
0.0
 40
0.0
 40
0.0
 40
0.0
 40
0.3333333333333333
 40
0.3333333333333333
 40
0.3333333333333333
 40
0.6666666666666666
 40
0.6666666666666666
 40
0.6666666666666666
 40
1.0
 40
1.0
 40
1.0
 40
1.0
 10
-9.42943
 20
-7.3681
 30
0.0
 10
-9.42943
 20
-7.3681
 30
0.0
 10
-9.71388
 20
-7.30556
 30
0.0
 10
-9.71388
 20
-7.30556
 30
0.0
 10
-9.61845
 20
-7.36564
 30
0.0
 10
-9.52272
 20
-7.42549
 30
0.0
 10
-9.42666
 20
-7.48506
 30
0.0
 10
-9.42666
 20
-7.48506
 30
0.0
 10
-9.42943
 20
-7.3681
 30
0.0
 10
-9.42943
 20
-7.3681
 30
0.0
  0
SPLINE
  5
303
330
1F
100
AcDbEntity
  8
Plan 1
 62
   250
370
    20
100
AcDbSpline
210
0.0
220
0.0
230
1.0
 70
    11
 71
     3
 72
    14
 73
    10
 74
     0
 42
0.0000000001
 43
0.0000000001
 40
0.0
 40
0.0
 40
0.0
 40
0.0
 40
0.3333333333333333
 40
0.3333333333333333
 40
0.3333333333333333
 40
0.6666666666666666
 40
0.6666666666666666
 40
0.6666666666666666
 40
1.0
 40
1.0
 40
1.0
 40
1.0
 10
-10.03625
 20
-7.32949
 30
0.0
 10
-10.03625
 20
-7.32949
 30
0.0
 10
-10.03625
 20
-10.36344
 30
0.0
 10
-10.03625
 20
-10.36344
 30
0.0
 10
-10.03625
 20
-10.36344
 30
0.0
 10
-8.56214
 20
-9.2335
 30
0.0
 10
-8.56214
 20
-9.2335
 30
0.0
 10
-8.56214
 20
-9.2335
 30
0.0
 10
-10.03625
 20
-7.32949
 30
0.0
 10
-10.03625
 20
-7.32949
 30
0.0
  0
SPLINE
  5
304
330
1F
100
AcDbEntity
  8
Plan 1
 62
   250
370
    20
100
AcDbSpline
210
0.0
220
0.0
230
1.0
 70
    11
 71
     3
 72
    14
 73
    10
 74
     0
 42
0.0000000001
 43
0.0000000001
 40
0.0
 40
0.0
 40
0.0
 40
0.0
 40
0.3333333333333333
 40
0.3333333333333333
 40
0.3333333333333333
 40
0.6666666666666666
 40
0.6666666666666666
 40
0.6666666666666666
 40
1.0
 40
1.0
 40
1.0
 40
1.0
 10
-7.22198
 20
-6.10448
 30
0.0
 10
-7.22198
 20
-6.10448
 30
0.0
 10
-7.18029
 20
-6.17518
 30
0.0
 10
-7.18029
 20
-6.17518
 30
0.0
 10
-7.18029
 20
-6.17518
 30
0.0
 10
-7.18195
 20
-6.11259
 30
0.0
 10
-7.18195
 20
-6.11259
 30
0.0
 10
-7.18195
 20
-6.11259
 30
0.0
 10
-7.22198
 20
-6.10448
 30
0.0
 10
-7.22198
 20
-6.10448
 30
0.0
  0
SPLINE
  5
305
330
1F
100
AcDbEntity
  8
Plan 1
 62
   250
370
    20
100
AcDbSpline
210
0.0
220
0.0
230
1.0
 70
    11
 71
     3
 72
    20
 73
    16
 74
     0
 42
0.0000000001
 43
0.0000000001
 40
0.0
 40
0.0
 40
0.0
 40
0.0
 40
0.2
 40
0.2
 40
0.2
 40
0.4
 40
0.4
 40
0.4
 40
0.6000000000000001
 40
0.6000000000000001
 40
0.6000000000000001
 40
0.8
 40
0.8
 40
0.8
 40
1.0
 40
1.0
 40
1.0
 40
1.0
 10
-4.46926
 20
3.03104
 30
0.0
 10
-4.46991
 20
3.0291
 30
0.0
 10
-4.47071
 20
3.02718
 30
0.0
 10
-4.47166
 20
3.0253
 30
0.0
 10
-4.47166
 20
3.0253
 30
0.0
 10
-4.53286
 20
2.90428
 30
0.0
 10
-4.53286
 20
2.90428
 30
0.0
 10
-4.4978
 20
2.8932
 30
0.0
 10
-4.46274
 20
2.88212
 30
0.0
 10
-4.42768
 20
2.87104
 30
0.0
 10
-4.42768
 20
2.87104
 30
0.0
 10
-4.3944
 20
3.02806
 30
0.0
 10
-4.3944
 20
3.02806
 30
0.0
 10
-4.41935
 20
3.02905
 30
0.0
 10
-4.4443
 20
3.03005
 30
0.0
 10
-4.46926
 20
3.03104
 30
0.0
  0
SPLINE
  5
306
330
1F
100
AcDbEntity
  8
Plan 1
 62
   250
370
    20
100
AcDbSpline
210
0.0
220
0.0
230
1.0
 70
    11
 71
     3
 72
    20
 73
    16
 74
     0
 42
0.0000000001
 43
0.0000000001
 40
0.0
 40
0.0
 40
0.0
 40
0.0
 40
0.2
 40
0.2
 40
0.2
 40
0.4
 40
0.4
 40
0.4
 40
0.6000000000000001
 40
0.6000000000000001
 40
0.6000000000000001
 40
0.8
 40
0.8
 40
0.8
 40
1.0
 40
1.0
 40
1.0
 40
1.0
 10
-5.85375
 20
2.98091
 30
0.0
 10
-5.87163
 20
2.9896
 30
0.0
 10
-5.88951
 20
2.99829
 30
0.0
 10
-5.90739
 20
3.00699
 30
0.0
 10
-5.90739
 20
3.00699
 30
0.0
 10
-6.06597
 20
2.57816
 30
0.0
 10
-6.06597
 20
2.57816
 30
0.0
 10
-6.06817
 20
2.57222
 30
0.0
 10
-6.07182
 20
2.56644
 30
0.0
 10
-6.07704
 20
2.56151
 30
0.0
 10
-6.05167
 20
2.51649
 30
0.0
 10
-6.02626
 20
2.47149
 30
0.0
 10
-6.00079
 20
2.4265
 30
0.0
 10
-6.00079
 20
2.4265
 30
0.0
 10
-5.85375
 20
2.98091
 30
0.0
 10
-5.85375
 20
2.98091
 30
0.0
  0
SPLINE
  5
307
330
1F
100
AcDbEntity
  8
Plan 1
 62
   250
370
    20
100
AcDbSpline
210
0.0
220
0.0
230
1.0
 70
    11
 71
     3
 72
    20
 73
    16
 74
     0
 42
0.0000000001
 43
0.0000000001
 40
0.0
 40
0.0
 40
0.0
 40
0.0
 40
0.2
 40
0.2
 40
0.2
 40
0.4
 40
0.4
 40
0.4
 40
0.6000000000000001
 40
0.6000000000000001
 40
0.6000000000000001
 40
0.8
 40
0.8
 40
0.8
 40
1.0
 40
1.0
 40
1.0
 40
1.0
 10
-5.9951
 20
3.04963
 30
0.0
 10
-6.01666
 20
3.06011
 30
0.0
 10
-6.03822
 20
3.0706
 30
0.0
 10
-6.05978
 20
3.08108
 30
0.0
 10
-6.05978
 20
3.08108
 30
0.0
 10
-6.17305
 20
2.76952
 30
0.0
 10
-6.17305
 20
2.76952
 30
0.0
 10
-6.17525
 20
2.76346
 30
0.0
 10
-6.17896
 20
2.75756
 30
0.0
 10
-6.1843
 20
2.75256
 30
0.0
 10
-6.16839
 20
2.72412
 30
0.0
 10
-6.15246
 20
2.69568
 30
0.0
 10
-6.1365
 20
2.66725
 30
0.0
 10
-6.1365
 20
2.66725
 30
0.0
 10
-5.9951
 20
3.04963
 30
0.0
 10
-5.9951
 20
3.04963
 30
0.0
  0
SPLINE
  5
308
330
1F
100
AcDbEntity
  8
Plan 1
 62
   250
370
    20
100
AcDbSpline
210
0.0
220
0.0
230
1.0
 70
    11
 71
     3
 72
    14
 73
    10
 74
     0
 42
0.0000000001
 43
0.0000000001
 40
0.0
 40
0.0
 40
0.0
 40
0.0
 40
0.3333333333333333
 40
0.3333333333333333
 40
0.3333333333333333
 40
0.6666666666666666
 40
0.6666666666666666
 40
0.6666666666666666
 40
1.0
 40
1.0
 40
1.0
 40
1.0
 10
-8.42498
 20
-0.68001
 30
0.0
 10
-8.42498
 20
-0.68001
 30
0.0
 10
-9.70576
 20
-0.98764
 30
0.0
 10
-9.70576
 20
-0.98764
 30
0.0
 10
-9.70576
 20
-0.98764
 30
0.0
 10
-8.9389
 20
-1.75055
 30
0.0
 10
-8.9389
 20
-1.75055
 30
0.0
 10
-8.9389
 20
-1.75055
 30
0.0
 10
-8.42498
 20
-0.68001
 30
0.0
 10
-8.42498
 20
-0.68001
 30
0.0
  0
SPLINE
  5
309
330
1F
100
AcDbEntity
  8
Plan 1
 62
   250
370
    20
100
AcDbSpline
210
0.0
220
0.0
230
1.0
 70
    11
 71
     3
 72
    23
 73
    19
 74
     0
 42
0.0000000001
 43
0.0000000001
 40
0.0
 40
0.0
 40
0.0
 40
0.0
 40
0.1666666666666667
 40
0.1666666666666667
 40
0.1666666666666667
 40
0.3333333333333333
 40
0.3333333333333333
 40
0.3333333333333333
 40
0.5
 40
0.5
 40
0.5
 40
0.6666666666666666
 40
0.6666666666666666
 40
0.6666666666666666
 40
0.8333333333333333
 40
0.8333333333333333
 40
0.8333333333333333
 40
1.0
 40
1.0
 40
1.0
 40
1.0
 10
-5.30147
 20
-12.17296
 30
0.0
 10
-5.29179
 20
-12.16739
 30
0.0
 10
-5.2795
 20
-12.16456
 30
0.0
 10
-5.26633
 20
-12.16674
 30
0.0
 10
-5.26633
 20
-12.16674
 30
0.0
 10
-4.5777
 20
-12.28058
 30
0.0
 10
-4.5777
 20
-12.28058
 30
0.0
 10
-4.55992
 20
-12.28352
 30
0.0
 10
-4.54814
 20
-12.294
 30
0.0
 10
-4.54222
 20
-12.30579
 30
0.0
 10
-4.45557
 20
-12.29198
 30
0.0
 10
-4.36892
 20
-12.27817
 30
0.0
 10
-4.28227
 20
-12.26435
 30
0.0
 10
-4.28227
 20
-12.26435
 30
0.0
 10
-5.42622
 20
-12.07476
 30
0.0
 10
-5.42622
 20
-12.07476
 30
0.0
 10
-5.38463
 20
-12.10749
 30
0.0
 10
-5.34305
 20
-12.14022
 30
0.0
 10
-5.30147
 20
-12.17296
 30
0.0
  0
SPLINE
  5
30A
330
1F
100
AcDbEntity
  8
Plan 1
 62
   250
370
    20
100
AcDbSpline
210
0.0
220
0.0
230
1.0
 70
    11
 71
     3
 72
    14
 73
    10
 74
     0
 42
0.0000000001
 43
0.0000000001
 40
0.0
 40
0.0
 40
0.0
 40
0.0
 40
0.3333333333333333
 40
0.3333333333333333
 40
0.3333333333333333
 40
0.6666666666666666
 40
0.6666666666666666
 40
0.6666666666666666
 40
1.0
 40
1.0
 40
1.0
 40
1.0
 10
-5.17407
 20
-12.27324
 30
0.0
 10
-5.12714
 20
-12.31018
 30
0.0
 10
-5.0802
 20
-12.34712
 30
0.0
 10
-5.03327
 20
-12.38406
 30
0.0
 10
-4.9434
 20
-12.36974
 30
0.0
 10
-4.85353
 20
-12.35541
 30
0.0
 10
-4.76365
 20
-12.34109
 30
0.0
 10
-4.76365
 20
-12.34109
 30
0.0
 10
-5.17407
 20
-12.27324
 30
0.0
 10
-5.17407
 20
-12.27324
 30
0.0
  0
SPLINE
  5
30B
330
1F
100
AcDbEntity
  8
Plan 1
 62
   250
370
    20
100
AcDbSpline
210
0.0
220
0.0
230
1.0
 70
    11
 71
     3
 72
    23
 73
    19
 74
     0
 42
0.0000000001
 43
0.0000000001
 40
0.0
 40
0.0
 40
0.0
 40
0.0
 40
0.1666666666666667
 40
0.1666666666666667
 40
0.1666666666666667
 40
0.3333333333333333
 40
0.3333333333333333
 40
0.3333333333333333
 40
0.5
 40
0.5
 40
0.5
 40
0.6666666666666666
 40
0.6666666666666666
 40
0.6666666666666666
 40
0.8333333333333333
 40
0.8333333333333333
 40
0.8333333333333333
 40
1.0
 40
1.0
 40
1.0
 40
1.0
 10
-6.33263
 20
-11.83599
 30
0.0
 10
-6.3176
 20
-11.9004
 30
0.0
 10
-6.30263
 20
-11.96483
 30
0.0
 10
-6.28774
 20
-12.02926
 30
0.0
 10
-6.27826
 20
-12.03036
 30
0.0
 10
-6.26947
 20
-12.0339
 30
0.0
 10
-6.2625
 20
-12.03923
 30
0.0
 10
-6.2625
 20
-12.03923
 30
0.0
 10
-4.79771
 20
-13.15964
 30
0.0
 10
-4.79771
 20
-13.15964
 30
0.0
 10
-4.78947
 20
-13.16594
 30
0.0
 10
-4.78434
 20
-13.1741
 30
0.0
 10
-4.78194
 20
-13.18259
 30
0.0
 10
-4.78194
 20
-13.18259
 30
0.0
 10
-4.58141
 20
-13.18259
 30
0.0
 10
-4.58141
 20
-13.18259
 30
0.0
 10
-4.58141
 20
-13.18259
 30
0.0
 10
-6.33263
 20
-11.83599
 30
0.0
 10
-6.33263
 20
-11.83599
 30
0.0
  0
SPLINE
  5
30C
330
1F
100
AcDbEntity
  8
Plan 1
 62
   250
370
    20
100
AcDbSpline
210
0.0
220
0.0
230
1.0
 70
    11
 71
     3
 72
    23
 73
    19
 74
     0
 42
0.0000000001
 43
0.0000000001
 40
0.0
 40
0.0
 40
0.0
 40
0.0
 40
0.1666666666666667
 40
0.1666666666666667
 40
0.1666666666666667
 40
0.3333333333333333
 40
0.3333333333333333
 40
0.3333333333333333
 40
0.5
 40
0.5
 40
0.5
 40
0.6666666666666666
 40
0.6666666666666666
 40
0.6666666666666666
 40
0.8333333333333333
 40
0.8333333333333333
 40
0.8333333333333333
 40
1.0
 40
1.0
 40
1.0
 40
1.0
 10
-6.25755
 20
-12.16029
 30
0.0
 10
-6.24413
 20
-12.21877
 30
0.0
 10
-6.23076
 20
-12.27726
 30
0.0
 10
-6.21747
 20
-12.33575
 30
0.0
 10
-6.20802
 20
-12.33687
 30
0.0
 10
-6.19926
 20
-12.34043
 30
0.0
 10
-6.19232
 20
-12.34575
 30
0.0
 10
-6.19232
 20
-12.34575
 30
0.0
 10
-5.1321
 20
-13.15968
 30
0.0
 10
-5.1321
 20
-13.15968
 30
0.0
 10
-5.12389
 20
-13.16598
 30
0.0
 10
-5.11879
 20
-13.17413
 30
0.0
 10
-5.11639
 20
-13.18259
 30
0.0
 10
-5.11639
 20
-13.18259
 30
0.0
 10
-4.92103
 20
-13.18259
 30
0.0
 10
-4.92103
 20
-13.18259
 30
0.0
 10
-4.92103
 20
-13.18259
 30
0.0
 10
-6.25755
 20
-12.16029
 30
0.0
 10
-6.25755
 20
-12.16029
 30
0.0
  0
SPLINE
  5
30D
330
1F
100
AcDbEntity
  8
Plan 1
 62
   250
370
    20
100
AcDbSpline
210
0.0
220
0.0
230
1.0
 70
    11
 71
     3
 72
    20
 73
    16
 74
     0
 42
0.0000000001
 43
0.0000000001
 40
0.0
 40
0.0
 40
0.0
 40
0.0
 40
0.2
 40
0.2
 40
0.2
 40
0.4
 40
0.4
 40
0.4
 40
0.6000000000000001
 40
0.6000000000000001
 40
0.6000000000000001
 40
0.8
 40
0.8
 40
0.8
 40
1.0
 40
1.0
 40
1.0
 40
1.0
 10
-6.80268
 20
-8.06109
 30
0.0
 10
-6.8019
 20
-8.06281
 30
0.0
 10
-6.80125
 20
-8.06456
 30
0.0
 10
-6.80071
 20
-8.06633
 30
0.0
 10
-6.80071
 20
-8.06633
 30
0.0
 10
-6.74366
 20
-8.254
 30
0.0
 10
-6.74366
 20
-8.254
 30
0.0
 10
-6.74366
 20
-8.254
 30
0.0
 10
-6.65187
 20
-8.22487
 30
0.0
 10
-6.65187
 20
-8.22487
 30
0.0
 10
-6.65187
 20
-8.22487
 30
0.0
 10
-6.72074
 20
-7.99828
 30
0.0
 10
-6.72074
 20
-7.99828
 30
0.0
 10
-6.72074
 20
-7.99828
 30
0.0
 10
-6.80268
 20
-8.06109
 30
0.0
 10
-6.80268
 20
-8.06109
 30
0.0
  0
SPLINE
  5
30E
330
1F
100
AcDbEntity
  8
Plan 1
 62
   250
370
    20
100
AcDbSpline
210
0.0
220
0.0
230
1.0
 70
    11
 71
     3
 72
    20
 73
    16
 74
     0
 42
0.0000000001
 43
0.0000000001
 40
0.0
 40
0.0
 40
0.0
 40
0.0
 40
0.2
 40
0.2
 40
0.2
 40
0.4
 40
0.4
 40
0.4
 40
0.6000000000000001
 40
0.6000000000000001
 40
0.6000000000000001
 40
0.8
 40
0.8
 40
0.8
 40
1.0
 40
1.0
 40
1.0
 40
1.0
 10
-6.96667
 20
-8.1868
 30
0.0
 10
-6.96649
 20
-8.18719
 30
0.0
 10
-6.96632
 20
-8.18759
 30
0.0
 10
-6.96615
 20
-8.18798
 30
0.0
 10
-6.96615
 20
-8.18798
 30
0.0
 10
-6.91578
 20
-8.3086
 30
0.0
 10
-6.91578
 20
-8.3086
 30
0.0
 10
-6.91578
 20
-8.3086
 30
0.0
 10
-6.83642
 20
-8.28342
 30
0.0
 10
-6.83642
 20
-8.28342
 30
0.0
 10
-6.83642
 20
-8.28342
 30
0.0
 10
-6.88485
 20
-8.12408
 30
0.0
 10
-6.88485
 20
-8.12408
 30
0.0
 10
-6.88485
 20
-8.12408
 30
0.0
 10
-6.96667
 20
-8.1868
 30
0.0
 10
-6.96667
 20
-8.1868
 30
0.0
  0
SPLINE
  5
30F
330
1F
100
AcDbEntity
  8
Plan 1
 62
   250
370
    20
100
AcDbSpline
210
0.0
220
0.0
230
1.0
 70
    11
 71
     3
 72
    14
 73
    10
 74
     0
 42
0.0000000001
 43
0.0000000001
 40
0.0
 40
0.0
 40
0.0
 40
0.0
 40
0.3333333333333333
 40
0.3333333333333333
 40
0.3333333333333333
 40
0.6666666666666666
 40
0.6666666666666666
 40
0.6666666666666666
 40
1.0
 40
1.0
 40
1.0
 40
1.0
 10
-7.27373
 20
-8.42216
 30
0.0
 10
-7.27373
 20
-8.42216
 30
0.0
 10
-7.00847
 20
-8.338
 30
0.0
 10
-7.00847
 20
-8.338
 30
0.0
 10
-7.00847
 20
-8.338
 30
0.0
 10
-7.04617
 20
-8.24773
 30
0.0
 10
-7.04617
 20
-8.24773
 30
0.0
 10
-7.04617
 20
-8.24773
 30
0.0
 10
-7.27373
 20
-8.42216
 30
0.0
 10
-7.27373
 20
-8.42216
 30
0.0
  0
SPLINE
  5
310
330
1F
100
AcDbEntity
  8
Plan 1
 62
   250
370
    20
100
AcDbSpline
210
0.0
220
0.0
230
1.0
 70
    11
 71
     3
 72
    20
 73
    16
 74
     0
 42
0.0000000001
 43
0.0000000001
 40
0.0
 40
0.0
 40
0.0
 40
0.0
 40
0.2
 40
0.2
 40
0.2
 40
0.4
 40
0.4
 40
0.4
 40
0.6000000000000001
 40
0.6000000000000001
 40
0.6000000000000001
 40
0.8
 40
0.8
 40
0.8
 40
1.0
 40
1.0
 40
1.0
 40
1.0
 10
-7.16821
 20
-7.9399
 30
0.0
 10
-7.16821
 20
-7.9399
 30
0.0
 10
-7.24913
 20
-7.94147
 30
0.0
 10
-7.24913
 20
-7.94147
 30
0.0
 10
-7.24913
 20
-7.94147
 30
0.0
 10
-7.19576
 20
-8.18615
 30
0.0
 10
-7.19576
 20
-8.18615
 30
0.0
 10
-7.19576
 20
-8.18615
 30
0.0
 10
-7.1214
 20
-8.12916
 30
0.0
 10
-7.1214
 20
-8.12916
 30
0.0
 10
-7.12253
 20
-8.12669
 30
0.0
 10
-7.12339
 20
-8.12416
 30
0.0
 10
-7.12401
 20
-8.1216
 30
0.0
 10
-7.12401
 20
-8.1216
 30
0.0
 10
-7.16821
 20
-7.9399
 30
0.0
 10
-7.16821
 20
-7.9399
 30
0.0
  0
SPLINE
  5
311
330
1F
100
AcDbEntity
  8
Plan 1
 62
   250
370
    20
100
AcDbSpline
210
0.0
220
0.0
230
1.0
 70
    11
 71
     3
 72
    17
 73
    13
 74
     0
 42
0.0000000001
 43
0.0000000001
 40
0.0
 40
0.0
 40
0.0
 40
0.0
 40
0.25
 40
0.25
 40
0.25
 40
0.5
 40
0.5
 40
0.5
 40
0.75
 40
0.75
 40
0.75
 40
1.0
 40
1.0
 40
1.0
 40
1.0
 10
-6.46736
 20
-7.95181
 30
0.0
 10
-6.46736
 20
-7.95181
 30
0.0
 10
-6.40789
 20
-8.14747
 30
0.0
 10
-6.40789
 20
-8.14747
 30
0.0
 10
-6.40789
 20
-8.14747
 30
0.0
 10
-6.3545
 20
-8.13054
 30
0.0
 10
-6.3545
 20
-8.13054
 30
0.0
 10
-6.3545
 20
-8.13054
 30
0.0
 10
-6.40986
 20
-7.94844
 30
0.0
 10
-6.40986
 20
-7.94844
 30
0.0
 10
-6.40986
 20
-7.94844
 30
0.0
 10
-6.46736
 20
-7.95181
 30
0.0
 10
-6.46736
 20
-7.95181
 30
0.0
  0
SPLINE
  5
312
330
1F
100
AcDbEntity
  8
Plan 1
 62
   250
370
    20
100
AcDbSpline
210
0.0
220
0.0
230
1.0
 70
    11
 71
     3
 72
    17
 73
    13
 74
     0
 42
0.0000000001
 43
0.0000000001
 40
0.0
 40
0.0
 40
0.0
 40
0.0
 40
0.25
 40
0.25
 40
0.25
 40
0.5
 40
0.5
 40
0.5
 40
0.75
 40
0.75
 40
0.75
 40
1.0
 40
1.0
 40
1.0
 40
1.0
 10
-6.56728
 20
-7.95765
 30
0.0
 10
-6.56728
 20
-7.95765
 30
0.0
 10
-6.63028
 20
-7.96133
 30
0.0
 10
-6.63028
 20
-7.96133
 30
0.0
 10
-6.63028
 20
-7.96133
 30
0.0
 10
-6.55912
 20
-8.19545
 30
0.0
 10
-6.55912
 20
-8.19545
 30
0.0
 10
-6.55912
 20
-8.19545
 30
0.0
 10
-6.50064
 20
-8.1769
 30
0.0
 10
-6.50064
 20
-8.1769
 30
0.0
 10
-6.50064
 20
-8.1769
 30
0.0
 10
-6.56728
 20
-7.95765
 30
0.0
 10
-6.56728
 20
-7.95765
 30
0.0
  0
SPLINE
  5
313
330
1F
100
AcDbEntity
  8
Plan 1
 62
   250
370
    20
100
AcDbSpline
210
0.0
220
0.0
230
1.0
 70
    11
 71
     3
 72
    23
 73
    19
 74
     0
 42
0.0000000001
 43
0.0000000001
 40
0.0
 40
0.0
 40
0.0
 40
0.0
 40
0.1666666666666667
 40
0.1666666666666667
 40
0.1666666666666667
 40
0.3333333333333333
 40
0.3333333333333333
 40
0.3333333333333333
 40
0.5
 40
0.5
 40
0.5
 40
0.6666666666666666
 40
0.6666666666666666
 40
0.6666666666666666
 40
0.8333333333333333
 40
0.8333333333333333
 40
0.8333333333333333
 40
1.0
 40
1.0
 40
1.0
 40
1.0
 10
-6.18783
 20
-12.46667
 30
0.0
 10
-6.17467
 20
-12.52504
 30
0.0
 10
-6.16159
 20
-12.58342
 30
0.0
 10
-6.14858
 20
-12.64182
 30
0.0
 10
-6.13928
 20
-12.64296
 30
0.0
 10
-6.13065
 20
-12.64646
 30
0.0
 10
-6.12379
 20
-12.65168
 30
0.0
 10
-6.12379
 20
-12.65168
 30
0.0
 10
-5.457
 20
-13.15958
 30
0.0
 10
-5.457
 20
-13.15958
 30
0.0
 10
-5.44872
 20
-13.16589
 30
0.0
 10
-5.44356
 20
-13.17408
 30
0.0
 10
-5.44115
 20
-13.18259
 30
0.0
 10
-5.44115
 20
-13.18259
 30
0.0
 10
-5.25527
 20
-13.18259
 30
0.0
 10
-5.25527
 20
-13.18259
 30
0.0
 10
-5.25527
 20
-13.18259
 30
0.0
 10
-6.18783
 20
-12.46667
 30
0.0
 10
-6.18783
 20
-12.46667
 30
0.0
  0
SPLINE
  5
314
330
1F
100
AcDbEntity
  8
Plan 1
 62
   250
370
    20
100
AcDbSpline
210
0.0
220
0.0
230
1.0
 70
    11
 71
     3
 72
    23
 73
    19
 74
     0
 42
0.0000000001
 43
0.0000000001
 40
0.0
 40
0.0
 40
0.0
 40
0.0
 40
0.1666666666666667
 40
0.1666666666666667
 40
0.1666666666666667
 40
0.3333333333333333
 40
0.3333333333333333
 40
0.3333333333333333
 40
0.5
 40
0.5
 40
0.5
 40
0.6666666666666666
 40
0.6666666666666666
 40
0.6666666666666666
 40
0.8333333333333333
 40
0.8333333333333333
 40
0.8333333333333333
 40
1.0
 40
1.0
 40
1.0
 40
1.0
 10
-6.11982
 20
-12.77178
 30
0.0
 10
-6.11982
 20
-12.77178
 30
0.0
 10
-6.086
 20
-12.92556
 30
0.0
 10
-6.086
 20
-12.92556
 30
0.0
 10
-6.07654
 20
-12.92675
 30
0.0
 10
-6.0678
 20
-12.93039
 30
0.0
 10
-6.0609
 20
-12.93578
 30
0.0
 10
-6.0609
 20
-12.93578
 30
0.0
 10
-5.77402
 20
-13.15993
 30
0.0
 10
-5.77402
 20
-13.15993
 30
0.0
 10
-5.76601
 20
-13.1662
 30
0.0
 10
-5.761
 20
-13.17424
 30
0.0
 10
-5.75863
 20
-13.18259
 30
0.0
 10
-5.75863
 20
-13.18259
 30
0.0
 10
-5.58049
 20
-13.18259
 30
0.0
 10
-5.58049
 20
-13.18259
 30
0.0
 10
-5.58049
 20
-13.18259
 30
0.0
 10
-6.11982
 20
-12.77178
 30
0.0
 10
-6.11982
 20
-12.77178
 30
0.0
  0
SPLINE
  5
315
330
1F
100
AcDbEntity
  8
Plan 1
 62
   250
370
    20
100
AcDbSpline
210
0.0
220
0.0
230
1.0
 70
    11
 71
     3
 72
    14
 73
    10
 74
     0
 42
0.0000000001
 43
0.0000000001
 40
0.0
 40
0.0
 40
0.0
 40
0.0
 40
0.3333333333333333
 40
0.3333333333333333
 40
0.3333333333333333
 40
0.6666666666666666
 40
0.6666666666666666
 40
0.6666666666666666
 40
1.0
 40
1.0
 40
1.0
 40
1.0
 10
-6.0575
 20
-13.05676
 30
0.0
 10
-6.0485
 20
-13.09869
 30
0.0
 10
-6.03962
 20
-13.14063
 30
0.0
 10
-6.03094
 20
-13.18259
 30
0.0
 10
-6.03094
 20
-13.18259
 30
0.0
 10
-5.89646
 20
-13.18259
 30
0.0
 10
-5.89646
 20
-13.18259
 30
0.0
 10
-5.89646
 20
-13.18259
 30
0.0
 10
-6.0575
 20
-13.05676
 30
0.0
 10
-6.0575
 20
-13.05676
 30
0.0
  0
SPLINE
  5
316
330
1F
100
AcDbEntity
  8
Plan 1
 62
   250
370
    20
100
AcDbSpline
210
0.0
220
0.0
230
1.0
 70
    11
 71
     3
 72
    14
 73
    10
 74
     0
 42
0.0000000001
 43
0.0000000001
 40
0.0
 40
0.0
 40
0.0
 40
0.0
 40
0.3333333333333333
 40
0.3333333333333333
 40
0.3333333333333333
 40
0.6666666666666666
 40
0.6666666666666666
 40
0.6666666666666666
 40
1.0
 40
1.0
 40
1.0
 40
1.0
 10
-6.75434
 20
-13.18259
 30
0.0
 10
-6.75434
 20
-13.18259
 30
0.0
 10
-6.17785
 20
-13.18259
 30
0.0
 10
-6.17785
 20
-13.18259
 30
0.0
 10
-6.17785
 20
-13.18259
 30
0.0
 10
-6.26346
 20
-12.788
 30
0.0
 10
-6.26346
 20
-12.788
 30
0.0
 10
-6.26346
 20
-12.788
 30
0.0
 10
-6.75434
 20
-13.18259
 30
0.0
 10
-6.75434
 20
-13.18259
 30
0.0
  0
SPLINE
  5
317
330
1F
100
AcDbEntity
  8
Plan 1
 62
   250
370
    20
100
AcDbSpline
210
0.0
220
0.0
230
1.0
 70
    11
 71
     3
 72
    20
 73
    16
 74
     0
 42
0.0000000001
 43
0.0000000001
 40
0.0
 40
0.0
 40
0.0
 40
0.0
 40
0.2
 40
0.2
 40
0.2
 40
0.4
 40
0.4
 40
0.4
 40
0.6000000000000001
 40
0.6000000000000001
 40
0.6000000000000001
 40
0.8
 40
0.8
 40
0.8
 40
1.0
 40
1.0
 40
1.0
 40
1.0
 10
-4.23769
 20
-12.39604
 30
0.0
 10
-4.24938
 20
-12.3979
 30
0.0
 10
-4.26107
 20
-12.39976
 30
0.0
 10
-4.27276
 20
-12.40163
 30
0.0
 10
-4.27276
 20
-12.40163
 30
0.0
 10
-4.24003
 20
-12.98489
 30
0.0
 10
-4.24003
 20
-12.98489
 30
0.0
 10
-4.23965
 20
-12.99174
 30
0.0
 10
-4.24093
 20
-12.99874
 30
0.0
 10
-4.24401
 20
-13.00529
 30
0.0
 10
-4.22369
 20
-13.02129
 30
0.0
 10
-4.20337
 20
-13.03728
 30
0.0
 10
-4.18305
 20
-13.05328
 30
0.0
 10
-4.18305
 20
-13.05328
 30
0.0
 10
-4.23769
 20
-12.39604
 30
0.0
 10
-4.23769
 20
-12.39604
 30
0.0
  0
SPLINE
  5
318
330
1F
100
AcDbEntity
  8
Plan 1
 62
   250
370
    20
100
AcDbSpline
210
0.0
220
0.0
230
1.0
 70
    11
 71
     3
 72
    20
 73
    16
 74
     0
 42
0.0000000001
 43
0.0000000001
 40
0.0
 40
0.0
 40
0.0
 40
0.0
 40
0.2
 40
0.2
 40
0.2
 40
0.4
 40
0.4
 40
0.4
 40
0.6000000000000001
 40
0.6000000000000001
 40
0.6000000000000001
 40
0.8
 40
0.8
 40
0.8
 40
1.0
 40
1.0
 40
1.0
 40
1.0
 10
-4.40132
 20
-12.88147
 30
0.0
 10
-4.38127
 20
-12.89724
 30
0.0
 10
-4.36123
 20
-12.91302
 30
0.0
 10
-4.34118
 20
-12.9288
 30
0.0
 10
-4.34118
 20
-12.9288
 30
0.0
 10
-4.36989
 20
-12.41711
 30
0.0
 10
-4.36989
 20
-12.41711
 30
0.0
 10
-4.3886
 20
-12.42009
 30
0.0
 10
-4.40732
 20
-12.42308
 30
0.0
 10
-4.42602
 20
-12.42606
 30
0.0
 10
-4.42602
 20
-12.42606
 30
0.0
 10
-4.39737
 20
-12.86066
 30
0.0
 10
-4.39737
 20
-12.86066
 30
0.0
 10
-4.39691
 20
-12.86763
 30
0.0
 10
-4.39818
 20
-12.87479
 30
0.0
 10
-4.40132
 20
-12.88147
 30
0.0
  0
SPLINE
  5
319
330
1F
100
AcDbEntity
  8
Plan 1
 62
   250
370
    20
100
AcDbSpline
210
0.0
220
0.0
230
1.0
 70
    11
 71
     3
 72
    20
 73
    16
 74
     0
 42
0.0000000001
 43
0.0000000001
 40
0.0
 40
0.0
 40
0.0
 40
0.0
 40
0.2
 40
0.2
 40
0.2
 40
0.4
 40
0.4
 40
0.4
 40
0.6000000000000001
 40
0.6000000000000001
 40
0.6000000000000001
 40
0.8
 40
0.8
 40
0.8
 40
1.0
 40
1.0
 40
1.0
 40
1.0
 10
-4.57747
 20
-12.4502
 30
0.0
 10
-4.57747
 20
-12.4502
 30
0.0
 10
-4.57543
 20
-12.72289
 30
0.0
 10
-4.57543
 20
-12.72289
 30
0.0
 10
-4.57539
 20
-12.72907
 30
0.0
 10
-4.57669
 20
-12.73535
 30
0.0
 10
-4.57947
 20
-12.74125
 30
0.0
 10
-4.55269
 20
-12.76233
 30
0.0
 10
-4.52591
 20
-12.7834
 30
0.0
 10
-4.49913
 20
-12.80448
 30
0.0
 10
-4.49913
 20
-12.80448
 30
0.0
 10
-4.52306
 20
-12.44152
 30
0.0
 10
-4.52306
 20
-12.44152
 30
0.0
 10
-4.5412
 20
-12.44442
 30
0.0
 10
-4.55933
 20
-12.44731
 30
0.0
 10
-4.57747
 20
-12.4502
 30
0.0
  0
SPLINE
  5
31A
330
1F
100
AcDbEntity
  8
Plan 1
 62
   250
370
    20
100
AcDbSpline
210
0.0
220
0.0
230
1.0
 70
    11
 71
     3
 72
    14
 73
    10
 74
     0
 42
0.0000000001
 43
0.0000000001
 40
0.0
 40
0.0
 40
0.0
 40
0.0
 40
0.3333333333333333
 40
0.3333333333333333
 40
0.3333333333333333
 40
0.6666666666666666
 40
0.6666666666666666
 40
0.6666666666666666
 40
1.0
 40
1.0
 40
1.0
 40
1.0
 10
-4.88663
 20
-12.49948
 30
0.0
 10
-4.81566
 20
-12.55534
 30
0.0
 10
-4.7447
 20
-12.6112
 30
0.0
 10
-4.67373
 20
-12.66705
 30
0.0
 10
-4.67373
 20
-12.66705
 30
0.0
 10
-4.67523
 20
-12.46578
 30
0.0
 10
-4.67523
 20
-12.46578
 30
0.0
 10
-4.7457
 20
-12.47701
 30
0.0
 10
-4.81616
 20
-12.48825
 30
0.0
 10
-4.88663
 20
-12.49948
 30
0.0
  0
SPLINE
  5
31B
330
1F
100
AcDbEntity
  8
Plan 1
 62
   250
370
    20
100
AcDbSpline
210
0.0
220
0.0
230
1.0
 70
    11
 71
     3
 72
    23
 73
    19
 74
     0
 42
0.0000000001
 43
0.0000000001
 40
0.0
 40
0.0
 40
0.0
 40
0.0
 40
0.1666666666666667
 40
0.1666666666666667
 40
0.1666666666666667
 40
0.3333333333333333
 40
0.3333333333333333
 40
0.3333333333333333
 40
0.5
 40
0.5
 40
0.5
 40
0.6666666666666666
 40
0.6666666666666666
 40
0.6666666666666666
 40
0.8333333333333333
 40
0.8333333333333333
 40
0.8333333333333333
 40
1.0
 40
1.0
 40
1.0
 40
1.0
 10
-6.73243
 20
-10.75374
 30
0.0
 10
-6.73243
 20
-10.75374
 30
0.0
 10
-6.82451
 20
-10.78616
 30
0.0
 10
-6.82451
 20
-10.78616
 30
0.0
 10
-6.82394
 20
-10.79167
 30
0.0
 10
-6.82447
 20
-10.79724
 30
0.0
 10
-6.82609
 20
-10.80261
 30
0.0
 10
-6.82609
 20
-10.80261
 30
0.0
 10
-6.95922
 20
-11.2446
 30
0.0
 10
-6.95922
 20
-11.2446
 30
0.0
 10
-6.93283
 20
-11.24323
 30
0.0
 10
-6.90644
 20
-11.24187
 30
0.0
 10
-6.88005
 20
-11.24051
 30
0.0
 10
-6.87982
 20
-11.23945
 30
0.0
 10
-6.87954
 20
-11.23839
 30
0.0
 10
-6.87922
 20
-11.23734
 30
0.0
 10
-6.87922
 20
-11.23734
 30
0.0
 10
-6.73243
 20
-10.75374
 30
0.0
 10
-6.73243
 20
-10.75374
 30
0.0
  0
SPLINE
  5
31C
330
1F
100
AcDbEntity
  8
Plan 1
 62
   250
370
    20
100
AcDbSpline
210
0.0
220
0.0
230
1.0
 70
    11
 71
     3
 72
    14
 73
    10
 74
     0
 42
0.0000000001
 43
0.0000000001
 40
0.0
 40
0.0
 40
0.0
 40
0.0
 40
0.3333333333333333
 40
0.3333333333333333
 40
0.3333333333333333
 40
0.6666666666666666
 40
0.6666666666666666
 40
0.6666666666666666
 40
1.0
 40
1.0
 40
1.0
 40
1.0
 10
-8.65522
 20
-11.53185
 30
0.0
 10
-8.62407
 20
-11.59365
 30
0.0
 10
-8.59292
 20
-11.65545
 30
0.0
 10
-8.56177
 20
-11.71725
 30
0.0
 10
-8.56177
 20
-11.71725
 30
0.0
 10
-8.43529
 20
-11.6098
 30
0.0
 10
-8.43529
 20
-11.6098
 30
0.0
 10
-8.50866
 20
-11.58389
 30
0.0
 10
-8.58196
 20
-11.5579
 30
0.0
 10
-8.65522
 20
-11.53185
 30
0.0
  0
SPLINE
  5
31D
330
1F
100
AcDbEntity
  8
Plan 1
 62
   250
370
    20
100
AcDbSpline
210
0.0
220
0.0
230
1.0
 70
    11
 71
     3
 72
    14
 73
    10
 74
     0
 42
0.0000000001
 43
0.0000000001
 40
0.0
 40
0.0
 40
0.0
 40
0.0
 40
0.3333333333333333
 40
0.3333333333333333
 40
0.3333333333333333
 40
0.6666666666666666
 40
0.6666666666666666
 40
0.6666666666666666
 40
1.0
 40
1.0
 40
1.0
 40
1.0
 10
-10.03625
 20
-12.68663
 30
0.0
 10
-10.03625
 20
-12.68663
 30
0.0
 10
-10.03625
 20
-13.18259
 30
0.0
 10
-10.03625
 20
-13.18259
 30
0.0
 10
-10.03625
 20
-13.18259
 30
0.0
 10
-8.94088
 20
-13.18259
 30
0.0
 10
-8.94088
 20
-13.18259
 30
0.0
 10
-9.29662
 20
-13.00735
 30
0.0
 10
-9.66063
 20
-12.83972
 30
0.0
 10
-10.03625
 20
-12.68663
 30
0.0
  0
SPLINE
  5
31E
330
1F
100
AcDbEntity
  8
Plan 1
 62
   250
370
    20
100
AcDbSpline
210
0.0
220
0.0
230
1.0
 70
    11
 71
     3
 72
    14
 73
    10
 74
     0
 42
0.0000000001
 43
0.0000000001
 40
0.0
 40
0.0
 40
0.0
 40
0.0
 40
0.3333333333333333
 40
0.3333333333333333
 40
0.3333333333333333
 40
0.6666666666666666
 40
0.6666666666666666
 40
0.6666666666666666
 40
1.0
 40
1.0
 40
1.0
 40
1.0
 10
-5.13653
 20
-2.41676
 30
0.0
 10
-5.13653
 20
-2.41676
 30
0.0
 10
-5.13581
 20
-2.43131
 30
0.0
 10
-5.13581
 20
-2.43131
 30
0.0
 10
-5.13581
 20
-2.43131
 30
0.0
 10
-5.13106
 20
-2.4257
 30
0.0
 10
-5.13106
 20
-2.4257
 30
0.0
 10
-5.13106
 20
-2.4257
 30
0.0
 10
-5.13653
 20
-2.41676
 30
0.0
 10
-5.13653
 20
-2.41676
 30
0.0
  0
SPLINE
  5
31F
330
1F
100
AcDbEntity
  8
Plan 1
 62
   250
370
    20
100
AcDbSpline
210
0.0
220
0.0
230
1.0
 70
    11
 71
     3
 72
   164
 73
   160
 74
     0
 42
0.0000000001
 43
0.0000000001
 40
0.0
 40
0.0
 40
0.0
 40
0.0
 40
0.0188679245283019
 40
0.0188679245283019
 40
0.0188679245283019
 40
0.0377358490566038
 40
0.0377358490566038
 40
0.0377358490566038
 40
0.0566037735849057
 40
0.0566037735849057
 40
0.0566037735849057
 40
0.0754716981132075
 40
0.0754716981132075
 40
0.0754716981132075
 40
0.0943396226415094
 40
0.0943396226415094
 40
0.0943396226415094
 40
0.1132075471698113
 40
0.1132075471698113
 40
0.1132075471698113
 40
0.1320754716981132
 40
0.1320754716981132
 40
0.1320754716981132
 40
0.1509433962264151
 40
0.1509433962264151
 40
0.1509433962264151
 40
0.169811320754717
 40
0.169811320754717
 40
0.169811320754717
 40
0.1886792452830189
 40
0.1886792452830189
 40
0.1886792452830189
 40
0.2075471698113207
 40
0.2075471698113207
 40
0.2075471698113207
 40
0.2264150943396226
 40
0.2264150943396226
 40
0.2264150943396226
 40
0.2452830188679245
 40
0.2452830188679245
 40
0.2452830188679245
 40
0.2641509433962264
 40
0.2641509433962264
 40
0.2641509433962264
 40
0.2830188679245283
 40
0.2830188679245283
 40
0.2830188679245283
 40
0.3018867924528302
 40
0.3018867924528302
 40
0.3018867924528302
 40
0.3207547169811321
 40
0.3207547169811321
 40
0.3207547169811321
 40
0.3396226415094339
 40
0.3396226415094339
 40
0.3396226415094339
 40
0.3584905660377358
 40
0.3584905660377358
 40
0.3584905660377358
 40
0.3773584905660377
 40
0.3773584905660377
 40
0.3773584905660377
 40
0.3962264150943396
 40
0.3962264150943396
 40
0.3962264150943396
 40
0.4150943396226415
 40
0.4150943396226415
 40
0.4150943396226415
 40
0.4339622641509434
 40
0.4339622641509434
 40
0.4339622641509434
 40
0.4528301886792453
 40
0.4528301886792453
 40
0.4528301886792453
 40
0.4716981132075472
 40
0.4716981132075472
 40
0.4716981132075472
 40
0.4905660377358491
 40
0.4905660377358491
 40
0.4905660377358491
 40
0.5094339622641509
 40
0.5094339622641509
 40
0.5094339622641509
 40
0.5283018867924528
 40
0.5283018867924528
 40
0.5283018867924528
 40
0.5471698113207547
 40
0.5471698113207547
 40
0.5471698113207547
 40
0.5660377358490566
 40
0.5660377358490566
 40
0.5660377358490566
 40
0.5849056603773585
 40
0.5849056603773585
 40
0.5849056603773585
 40
0.6037735849056604
 40
0.6037735849056604
 40
0.6037735849056604
 40
0.6226415094339622
 40
0.6226415094339622
 40
0.6226415094339622
 40
0.6415094339622641
 40
0.6415094339622641
 40
0.6415094339622641
 40
0.660377358490566
 40
0.660377358490566
 40
0.660377358490566
 40
0.6792452830188679
 40
0.6792452830188679
 40
0.6792452830188679
 40
0.6981132075471698
 40
0.6981132075471698
 40
0.6981132075471698
 40
0.7169811320754716
 40
0.7169811320754716
 40
0.7169811320754716
 40
0.7358490566037735
 40
0.7358490566037735
 40
0.7358490566037735
 40
0.7547169811320754
 40
0.7547169811320754
 40
0.7547169811320754
 40
0.7735849056603773
 40
0.7735849056603773
 40
0.7735849056603773
 40
0.7924528301886792
 40
0.7924528301886792
 40
0.7924528301886792
 40
0.8113207547169811
 40
0.8113207547169811
 40
0.8113207547169811
 40
0.830188679245283
 40
0.830188679245283
 40
0.830188679245283
 40
0.8490566037735848
 40
0.8490566037735848
 40
0.8490566037735848
 40
0.8679245283018867
 40
0.8679245283018867
 40
0.8679245283018867
 40
0.8867924528301886
 40
0.8867924528301886
 40
0.8867924528301886
 40
0.9056603773584906
 40
0.9056603773584906
 40
0.9056603773584906
 40
0.9245283018867925
 40
0.9245283018867925
 40
0.9245283018867925
 40
0.9433962264150944
 40
0.9433962264150944
 40
0.9433962264150944
 40
0.9622641509433962
 40
0.9622641509433962
 40
0.9622641509433962
 40
0.9811320754716981
 40
0.9811320754716981
 40
0.9811320754716981
 40
1.0
 40
1.0
 40
1.0
 40
1.0
 10
-5.4971
 20
-13.40751
 30
0.0
 10
-5.48345
 20
-13.4089
 30
0.0
 10
-5.46966
 20
-13.40959
 30
0.0
 10
-5.45586
 20
-13.40959
 30
0.0
 10
-5.45586
 20
-13.40959
 30
0.0
 10
-5.21797
 20
-13.40959
 30
0.0
 10
-5.21797
 20
-13.40959
 30
0.0
 10
-5.20422
 20
-13.40959
 30
0.0
 10
-5.19047
 20
-13.4089
 30
0.0
 10
-5.17686
 20
-13.40752
 30
0.0
 10
-5.17686
 20
-13.40752
 30
0.0
 10
-5.17454
 20
-13.40728
 30
0.0
 10
-5.17454
 20
-13.40728
 30
0.0
 10
-5.17454
 20
-13.40728
 30
0.0
 10
-5.17222
 20
-13.40752
 30
0.0
 10
-5.17222
 20
-13.40752
 30
0.0
 10
-5.15861
 20
-13.4089
 30
0.0
 10
-5.14486
 20
-13.40959
 30
0.0
 10
-5.13111
 20
-13.40959
 30
0.0
 10
-5.13111
 20
-13.40959
 30
0.0
 10
-4.88364
 20
-13.40959
 30
0.0
 10
-4.88364
 20
-13.40959
 30
0.0
 10
-4.86986
 20
-13.40959
 30
0.0
 10
-4.8561
 20
-13.4089
 30
0.0
 10
-4.84247
 20
-13.40751
 30
0.0
 10
-4.84247
 20
-13.40751
 30
0.0
 10
-4.84014
 20
-13.40728
 30
0.0
 10
-4.84014
 20
-13.40728
 30
0.0
 10
-4.84014
 20
-13.40728
 30
0.0
 10
-4.83782
 20
-13.40751
 30
0.0
 10
-4.83782
 20
-13.40751
 30
0.0
 10
-4.82419
 20
-13.4089
 30
0.0
 10
-4.81043
 20
-13.40959
 30
0.0
 10
-4.79665
 20
-13.40959
 30
0.0
 10
-4.79665
 20
-13.40959
 30
0.0
 10
-4.54415
 20
-13.40959
 30
0.0
 10
-4.54415
 20
-13.40959
 30
0.0
 10
-4.53041
 20
-13.40959
 30
0.0
 10
-4.51668
 20
-13.4089
 30
0.0
 10
-4.50307
 20
-13.40752
 30
0.0
 10
-4.50307
 20
-13.40752
 30
0.0
 10
-4.50075
 20
-13.40729
 30
0.0
 10
-4.50075
 20
-13.40729
 30
0.0
 10
-4.50075
 20
-13.40729
 30
0.0
 10
-4.49844
 20
-13.40752
 30
0.0
 10
-4.49844
 20
-13.40752
 30
0.0
 10
-4.48483
 20
-13.4089
 30
0.0
 10
-4.4711
 20
-13.40959
 30
0.0
 10
-4.45736
 20
-13.40959
 30
0.0
 10
-4.45736
 20
-13.40959
 30
0.0
 10
4.02287
 20
-13.40959
 30
0.0
 10
4.02287
 20
-13.40959
 30
0.0
 10
4.18908
 20
-13.40959
 30
0.0
 10
4.31932
 20
-13.3106
 30
0.0
 10
4.31932
 20
-13.19416
 30
0.0
 10
4.31932
 20
-13.19416
 30
0.0
 10
4.31932
 20
8.3375
 30
0.0
 10
4.31932
 20
8.3375
 30
0.0
 10
4.31932
 20
8.45394
 30
0.0
 10
4.18908
 20
8.55293
 30
0.0
 10
4.02287
 20
8.55293
 30
0.0
 10
4.02287
 20
8.55293
 30
0.0
 10
-10.05259
 20
8.55293
 30
0.0
 10
-10.05259
 20
8.55293
 30
0.0
 10
-10.2188
 20
8.55293
 30
0.0
 10
-10.34904
 20
8.45394
 30
0.0
 10
-10.34904
 20
8.3375
 30
0.0
 10
-10.34904
 20
8.3375
 30
0.0
 10
-10.34904
 20
-5.89474
 30
0.0
 10
-10.34904
 20
-5.89474
 30
0.0
 10
-10.34904
 20
-5.90825
 30
0.0
 10
-10.34731
 20
-5.92174
 30
0.0
 10
-10.34383
 20
-5.93503
 30
0.0
 10
-10.34383
 20
-5.93503
 30
0.0
 10
-10.34327
 20
-5.93714
 30
0.0
 10
-10.34327
 20
-5.93714
 30
0.0
 10
-10.34327
 20
-5.93714
 30
0.0
 10
-10.34383
 20
-5.93925
 30
0.0
 10
-10.34383
 20
-5.93925
 30
0.0
 10
-10.34731
 20
-5.95253
 30
0.0
 10
-10.34904
 20
-5.96603
 30
0.0
 10
-10.34904
 20
-5.97954
 30
0.0
 10
-10.34904
 20
-5.97954
 30
0.0
 10
-10.34904
 20
-6.10452
 30
0.0
 10
-10.34904
 20
-6.10452
 30
0.0
 10
-10.34904
 20
-6.11694
 30
0.0
 10
-10.34758
 20
-6.12935
 30
0.0
 10
-10.34463
 20
-6.1416
 30
0.0
 10
-10.34463
 20
-6.1416
 30
0.0
 10
-10.34417
 20
-6.14354
 30
0.0
 10
-10.34417
 20
-6.14354
 30
0.0
 10
-10.34417
 20
-6.14354
 30
0.0
 10
-10.34463
 20
-6.14548
 30
0.0
 10
-10.34463
 20
-6.14548
 30
0.0
 10
-10.34758
 20
-6.15773
 30
0.0
 10
-10.34904
 20
-6.17014
 30
0.0
 10
-10.34904
 20
-6.18256
 30
0.0
 10
-10.34904
 20
-6.18256
 30
0.0
 10
-10.34904
 20
-13.19416
 30
0.0
 10
-10.34904
 20
-13.19416
 30
0.0
 10
-10.34904
 20
-13.3106
 30
0.0
 10
-10.2188
 20
-13.40959
 30
0.0
 10
-10.05259
 20
-13.40959
 30
0.0
 10
-10.05259
 20
-13.40959
 30
0.0
 10
-7.60772
 20
-13.40959
 30
0.0
 10
-7.60772
 20
-13.40959
 30
0.0
 10
-7.59525
 20
-13.40959
 30
0.0
 10
-7.5828
 20
-13.40902
 30
0.0
 10
-7.57044
 20
-13.40789
 30
0.0
 10
-7.57044
 20
-13.40789
 30
0.0
 10
-7.56833
 20
-13.4077
 30
0.0
 10
-7.56833
 20
-13.4077
 30
0.0
 10
-7.56833
 20
-13.4077
 30
0.0
 10
-7.56623
 20
-13.40789
 30
0.0
 10
-7.56623
 20
-13.40789
 30
0.0
 10
-7.55387
 20
-13.40902
 30
0.0
 10
-7.54141
 20
-13.40959
 30
0.0
 10
-7.52895
 20
-13.40959
 30
0.0
 10
-7.52895
 20
-13.40959
 30
0.0
 10
-6.8758
 20
-13.40959
 30
0.0
 10
-6.8758
 20
-13.40959
 30
0.0
 10
-6.8623
 20
-13.40959
 30
0.0
 10
-6.8488
 20
-13.40893
 30
0.0
 10
-6.83543
 20
-13.40759
 30
0.0
 10
-6.83543
 20
-13.40759
 30
0.0
 10
-6.83315
 20
-13.40737
 30
0.0
 10
-6.83315
 20
-13.40737
 30
0.0
 10
-6.83315
 20
-13.40737
 30
0.0
 10
-6.83088
 20
-13.40759
 30
0.0
 10
-6.83088
 20
-13.40759
 30
0.0
 10
-6.81751
 20
-13.40893
 30
0.0
 10
-6.80401
 20
-13.40959
 30
0.0
 10
-6.7905
 20
-13.40959
 30
0.0
 10
-6.7905
 20
-13.40959
 30
0.0
 10
-5.8596
 20
-13.40959
 30
0.0
 10
-5.8596
 20
-13.40959
 30
0.0
 10
-5.84594
 20
-13.40959
 30
0.0
 10
-5.8323
 20
-13.40891
 30
0.0
 10
-5.81878
 20
-13.40755
 30
0.0
 10
-5.81878
 20
-13.40755
 30
0.0
 10
-5.81648
 20
-13.40732
 30
0.0
 10
-5.81648
 20
-13.40732
 30
0.0
 10
-5.81648
 20
-13.40732
 30
0.0
 10
-5.81418
 20
-13.40755
 30
0.0
 10
-5.81418
 20
-13.40755
 30
0.0
 10
-5.80066
 20
-13.40891
 30
0.0
 10
-5.78701
 20
-13.40959
 30
0.0
 10
-5.77335
 20
-13.40959
 30
0.0
 10
-5.77335
 20
-13.40959
 30
0.0
 10
-5.54299
 20
-13.40959
 30
0.0
 10
-5.54299
 20
-13.40959
 30
0.0
 10
-5.52919
 20
-13.40959
 30
0.0
 10
-5.51541
 20
-13.4089
 30
0.0
 10
-5.50175
 20
-13.40751
 30
0.0
 10
-5.50175
 20
-13.40751
 30
0.0
 10
-5.49943
 20
-13.40727
 30
0.0
 10
-5.49943
 20
-13.40727
 30
0.0
 10
-5.49943
 20
-13.40727
 30
0.0
 10
-5.4971
 20
-13.40751
 30
0.0
 10
-5.4971
 20
-13.40751
 30
0.0
  0
ENDSEC
  0
SECTION
  2
OBJECTS
  0
DICTIONARY
  5
C
330
0
100
AcDbDictionary
281
     1
  3
ACAD_GROUP
350
D
  3
ACAD_LAYOUT
350
1A
  3
ACAD_MATERIAL
350
43
  3
ACAD_MLEADERSTYLE
350
6B
  3
ACAD_MLINESTYLE
350
17
  3
ACAD_PLOTSETTINGS
350
19
  3
ACAD_PLOTSTYLENAME
350
E
  3
ACAD_SCALELIST
350
47
  3
ACAD_TABLESTYLE
350
69
  3
ACAD_VISUALSTYLE
350
2A
  3
AcDbVariableDictionary
350
320
  3
DWGPROPS
350
327
  0
DICTIONARY
  5
328
330
8
100
AcDbDictionary
280
     1
281
     1
  3
ACAD_XREC_ROUNDTRIP
360
329
  0
DICTIONARY
  5
D
102
{ACAD_REACTORS
330
C
102
}
330
C
100
AcDbDictionary
281
     1
  0
DICTIONARY
  5
1A
102
{ACAD_REACTORS
330
C
102
}
330
C
100
AcDbDictionary
281
     1
  3
Layout1
350
1E
  3
Layout2
350
26
  3
Model
350
22
  0
DICTIONARY
  5
43
102
{ACAD_REACTORS
330
C
102
}
330
C
100
AcDbDictionary
281
     1
  3
ByBlock
350
45
  3
ByLayer
350
44
  3
Global
350
46
  0
DICTIONARY
  5
6B
102
{ACAD_REACTORS
330
C
102
}
330
C
100
AcDbDictionary
281
     1
  3
Standard
350
6C
  0
DICTIONARY
  5
17
102
{ACAD_REACTORS
330
C
102
}
330
C
100
AcDbDictionary
281
     1
  3
Standard
350
18
  0
DICTIONARY
  5
19
102
{ACAD_REACTORS
330
C
102
}
330
C
100
AcDbDictionary
281
     1
  0
ACDBDICTIONARYWDFLT
  5
E
102
{ACAD_REACTORS
330
C
102
}
330
C
100
AcDbDictionary
281
     1
  3
Normal
350
F
100
AcDbDictionaryWithDefault
340
F
  0
DICTIONARY
  5
47
102
{ACAD_REACTORS
330
C
102
}
330
C
100
AcDbDictionary
281
     1
  3
A0
350
48
  3
A1
350
49
  3
A2
350
4A
  3
A3
350
4B
  3
A4
350
4C
  3
A5
350
4D
  3
A6
350
4E
  3
A7
350
4F
  3
A8
350
50
  3
A9
350
51
  3
B0
350
52
  3
B1
350
53
  3
B2
350
54
  3
B3
350
55
  3
B4
350
56
  3
B5
350
57
  3
B6
350
58
  3
B7
350
59
  3
B8
350
5A
  3
B9
350
5B
  3
C0
350
5C
  3
C1
350
5D
  3
C2
350
5E
  3
C3
350
5F
  3
C4
350
60
  3
C5
350
61
  3
C6
350
62
  3
C7
350
63
  3
C8
350
64
  3
C9
350
65
  3
D0
350
66
  3
D1
350
67
  3
D2
350
68
  0
DICTIONARY
  5
69
102
{ACAD_REACTORS
330
C
102
}
330
C
100
AcDbDictionary
281
     1
  3
Standard
350
6A
  0
DICTIONARY
  5
2A
102
{ACAD_REACTORS
330
C
102
}
330
C
100
AcDbDictionary
281
     1
  3
2dWireframe
350
2F
  3
Basic
350
32
  3
Brighten
350
36
  3
ColorChange
350
3A
  3
Conceptual
350
34
  3
Dim
350
35
  3
EdgeColorOff
350
3D
  3
Facepattern
350
39
  3
Flat
350
2B
  3
FlatWithEdges
350
2C
  3
Gouraud
350
2D
  3
GouraudWithEdges
350
2E
  3
Hidden
350
31
  3
JitterOff
350
3B
  3
Linepattern
350
38
  3
OverhangOff
350
3C
  3
Realistic
350
33
  3
Shaded
350
42
  3
Shaded with edges
350
41
  3
Shades of Gray
350
3E
  3
Sketchy
350
3F
  3
Thicken
350
37
  3
Wireframe
350
30
  3
X-Ray
350
40
  0
DICTIONARY
  5
320
102
{ACAD_REACTORS
330
C
102
}
330
C
100
AcDbDictionary
281
     1
  3
CANNOSCALE
350
32A
  3
CMLEADERSTYLE
350
322
  3
CTABLESTYLE
350
321
  3
DIMASSOC
350
325
  3
HIDETEXT
350
326
  3
MSLTSCALE
350
32B
  0
XRECORD
  5
327
102
{ACAD_REACTORS
330
C
102
}
330
C
100
AcDbXrecord
280
     1
  1
DWGPROPS COOKIE
  2

  3

  4

  6

  7

  8
taoufiq
  9

300
=
301
=
302
=
303
=
304
=
305
=
306
=
307
=
308
=
309
=
 40
0.0
 41
2459213.468699294
 42
2459213.468700278
  1

 90
        0
  0
XRECORD
  5
329
102
{ACAD_REACTORS
330
328
102
}
330
328
100
AcDbXrecord
280
     1
102
VTR_0.000_0.000_1.000_1.000_VISUALSTYLE
340
2F
102
VTR_0.000_0.000_1.000_1.000_GRIDDISPLAY
 70
     3
102
VTR_0.000_0.000_1.000_1.000_GRIDMAJOR
 70
     5
102
VTR_0.000_0.000_1.000_1.000_DEFAULTLIGHTING
280
     1
102
VTR_0.000_0.000_1.000_1.000_DEFAULTLIGHTINGTYPE
 70
     1
102
VTR_0.000_0.000_1.000_1.000_BRIGHTNESS
141
0.0
102
VTR_0.000_0.000_1.000_1.000_CONTRAST
142
0.0
  0
LAYOUT
  5
1E
102
{ACAD_REACTORS
330
1A
102
}
330
1A
100
AcDbPlotSettings
  1

  2
none_device
  4

  6

 40
0.0
 41
0.0
 42
0.0
 43
0.0
 44
0.0
 45
0.0
 46
0.0
 47
0.0
 48
0.0
 49
0.0
140
0.0
141
0.0
142
1.0
143
1.0
 70
   688
 72
     0
 73
     0
 74
     5
  7

 75
    16
147
1.0
148
0.0
149
0.0
100
AcDbLayout
  1
Layout1
 70
     1
 71
     1
 10
0.0
 20
0.0
 11
12.0
 21
9.0
 12
0.0
 22
0.0
 32
0.0
 14
1.000000000000000E+20
 24
1.000000000000000E+20
 34
1.000000000000000E+20
 15
-1.000000000000000E+20
 25
-1.000000000000000E+20
 35
-1.000000000000000E+20
146
0.0
 13
0.0
 23
0.0
 33
0.0
 16
1.0
 26
0.0
 36
0.0
 17
0.0
 27
1.0
 37
0.0
 76
     0
330
1B
  0
LAYOUT
  5
26
102
{ACAD_REACTORS
330
1A
102
}
330
1A
100
AcDbPlotSettings
  1

  2
none_device
  4

  6

 40
0.0
 41
0.0
 42
0.0
 43
0.0
 44
0.0
 45
0.0
 46
0.0
 47
0.0
 48
0.0
 49
0.0
140
0.0
141
0.0
142
1.0
143
1.0
 70
   688
 72
     0
 73
     0
 74
     5
  7

 75
    16
147
1.0
148
0.0
149
0.0
100
AcDbLayout
  1
Layout2
 70
     1
 71
     2
 10
0.0
 20
0.0
 11
0.0
 21
0.0
 12
0.0
 22
0.0
 32
0.0
 14
0.0
 24
0.0
 34
0.0
 15
0.0
 25
0.0
 35
0.0
146
0.0
 13
0.0
 23
0.0
 33
0.0
 16
1.0
 26
0.0
 36
0.0
 17
0.0
 27
1.0
 37
0.0
 76
     0
330
23
  0
LAYOUT
  5
22
102
{ACAD_REACTORS
330
1A
102
}
330
1A
100
AcDbPlotSettings
  1

  2
none_device
  4
Letter_(8.50_x_11.00_Inches)
  6

 40
6.35
 41
6.35
 42
6.35000508
 43
6.35000508
 44
215.9
 45
279.4
 46
0.0
 47
0.0
 48
0.0
 49
0.0
140
0.0
141
0.0
142
1.0
143
1.0
 70
  1712
 72
     0
 73
     0
 74
     0
  7

 75
     0
147
1.0
148
0.0
149
0.0
100
AcDbLayout
  1
Model
 70
     1
 71
     0
 10
0.0
 20
0.0
 11
12.0
 21
9.0
 12
0.0
 22
0.0
 32
0.0
 14
-10.35904
 24
-13.41959
 34
0.0
 15
4.32932
 25
8.56293
 35
0.0
146
0.0
 13
0.0
 23
0.0
 33
0.0
 16
1.0
 26
0.0
 36
0.0
 17
0.0
 27
1.0
 37
0.0
 76
     0
330
1F
331
29
  0
MATERIAL
  5
45
102
{ACAD_REACTORS
330
43
102
}
102
{ACAD_XDICTIONARY
360
35E
102
}
330
43
100
AcDbMaterial
  1
ByBlock
  0
MATERIAL
  5
44
102
{ACAD_REACTORS
330
43
102
}
102
{ACAD_XDICTIONARY
360
35C
102
}
330
43
100
AcDbMaterial
  1
ByLayer
  0
MATERIAL
  5
46
102
{ACAD_REACTORS
330
43
102
}
102
{ACAD_XDICTIONARY
360
360
102
}
330
43
100
AcDbMaterial
  1
Global
  0
MLEADERSTYLE
  5
6C
102
{ACAD_REACTORS
330
6B
102
}
102
{ACAD_XDICTIONARY
360
363
102
}
330
6B
100
AcDbMLeaderStyle
170
     2
171
     1
172
     0
 90
        2
 40
0.0
 41
0.0
173
     1
 91
-1056964608
340
14
 92
       -2
290
     1
 42
0.09
291
     1
 43
0.36
  3
Standard
341
0
 44
0.18
300

342
11
174
     1
178
     6
175
     1
176
     0
 93
-1056964608
 45
0.18
292
     0
297
     0
 46
0.18
343
0
 94
-1056964608
 47
1.0
 49
1.0
140
1.0
293
     1
141
0.0
294
     1
177
     0
142
1.0
295
     0
296
     0
143
0.125
1001
ACAD_MLEADERVER
1070
     2
  0
MLINESTYLE
  5
18
102
{ACAD_REACTORS
330
17
102
}
330
17
100
AcDbMlineStyle
  2
Standard
 70
     0
  3

 62
   256
 51
90.0
 52
90.0
 71
     2
 49
0.5
 62
   256
  6
BYLAYER
 49
-0.5
 62
   256
  6
BYLAYER
  0
ACDBPLACEHOLDER
  5
F
102
{ACAD_REACTORS
330
E
102
}
330
E
  0
SCALE
  5
48
102
{ACAD_REACTORS
330
47
102
}
330
47
100
AcDbScale
 70
     0
300
1:1
140
1.0
141
1.0
290
     1
  0
SCALE
  5
49
102
{ACAD_REACTORS
330
47
102
}
330
47
100
AcDbScale
 70
     0
300
1:2
140
1.0
141
2.0
290
     0
  0
SCALE
  5
4A
102
{ACAD_REACTORS
330
47
102
}
330
47
100
AcDbScale
 70
     0
300
1:4
140
1.0
141
4.0
290
     0
  0
SCALE
  5
4B
102
{ACAD_REACTORS
330
47
102
}
330
47
100
AcDbScale
 70
     0
300
1:5
140
1.0
141
5.0
290
     0
  0
SCALE
  5
4C
102
{ACAD_REACTORS
330
47
102
}
330
47
100
AcDbScale
 70
     0
300
1:8
140
1.0
141
8.0
290
     0
  0
SCALE
  5
4D
102
{ACAD_REACTORS
330
47
102
}
330
47
100
AcDbScale
 70
     0
300
1:10
140
1.0
141
10.0
290
     0
  0
SCALE
  5
4E
102
{ACAD_REACTORS
330
47
102
}
330
47
100
AcDbScale
 70
     0
300
1:16
140
1.0
141
16.0
290
     0
  0
SCALE
  5
4F
102
{ACAD_REACTORS
330
47
102
}
330
47
100
AcDbScale
 70
     0
300
1:20
140
1.0
141
20.0
290
     0
  0
SCALE
  5
50
102
{ACAD_REACTORS
330
47
102
}
330
47
100
AcDbScale
 70
     0
300
1:30
140
1.0
141
30.0
290
     0
  0
SCALE
  5
51
102
{ACAD_REACTORS
330
47
102
}
330
47
100
AcDbScale
 70
     0
300
1:40
140
1.0
141
40.0
290
     0
  0
SCALE
  5
52
102
{ACAD_REACTORS
330
47
102
}
330
47
100
AcDbScale
 70
     0
300
1:50
140
1.0
141
50.0
290
     0
  0
SCALE
  5
53
102
{ACAD_REACTORS
330
47
102
}
330
47
100
AcDbScale
 70
     0
300
1:100
140
1.0
141
100.0
290
     0
  0
SCALE
  5
54
102
{ACAD_REACTORS
330
47
102
}
330
47
100
AcDbScale
 70
     0
300
2:1
140
2.0
141
1.0
290
     0
  0
SCALE
  5
55
102
{ACAD_REACTORS
330
47
102
}
330
47
100
AcDbScale
 70
     0
300
4:1
140
4.0
141
1.0
290
     0
  0
SCALE
  5
56
102
{ACAD_REACTORS
330
47
102
}
330
47
100
AcDbScale
 70
     0
300
8:1
140
8.0
141
1.0
290
     0
  0
SCALE
  5
57
102
{ACAD_REACTORS
330
47
102
}
330
47
100
AcDbScale
 70
     0
300
10:1
140
10.0
141
1.0
290
     0
  0
SCALE
  5
58
102
{ACAD_REACTORS
330
47
102
}
330
47
100
AcDbScale
 70
     0
300
100:1
140
100.0
141
1.0
290
     0
  0
SCALE
  5
59
102
{ACAD_REACTORS
330
47
102
}
330
47
100
AcDbScale
 70
     0
300
1/128" = 1'-0"
140
0.0078125
141
12.0
290
     0
  0
SCALE
  5
5A
102
{ACAD_REACTORS
330
47
102
}
330
47
100
AcDbScale
 70
     0
300
1/64" = 1'-0"
140
0.015625
141
12.0
290
     0
  0
SCALE
  5
5B
102
{ACAD_REACTORS
330
47
102
}
330
47
100
AcDbScale
 70
     0
300
1/32" = 1'-0"
140
0.03125
141
12.0
290
     0
  0
SCALE
  5
5C
102
{ACAD_REACTORS
330
47
102
}
330
47
100
AcDbScale
 70
     0
300
1/16" = 1'-0"
140
0.0625
141
12.0
290
     0
  0
SCALE
  5
5D
102
{ACAD_REACTORS
330
47
102
}
330
47
100
AcDbScale
 70
     0
300
3/32" = 1'-0"
140
0.09375
141
12.0
290
     0
  0
SCALE
  5
5E
102
{ACAD_REACTORS
330
47
102
}
330
47
100
AcDbScale
 70
     0
300
1/8" = 1'-0"
140
0.125
141
12.0
290
     0
  0
SCALE
  5
5F
102
{ACAD_REACTORS
330
47
102
}
330
47
100
AcDbScale
 70
     0
300
3/16" = 1'-0"
140
0.1875
141
12.0
290
     0
  0
SCALE
  5
60
102
{ACAD_REACTORS
330
47
102
}
330
47
100
AcDbScale
 70
     0
300
1/4" = 1'-0"
140
0.25
141
12.0
290
     0
  0
SCALE
  5
61
102
{ACAD_REACTORS
330
47
102
}
330
47
100
AcDbScale
 70
     0
300
3/8" = 1'-0"
140
0.375
141
12.0
290
     0
  0
SCALE
  5
62
102
{ACAD_REACTORS
330
47
102
}
330
47
100
AcDbScale
 70
     0
300
1/2" = 1'-0"
140
0.5
141
12.0
290
     0
  0
SCALE
  5
63
102
{ACAD_REACTORS
330
47
102
}
330
47
100
AcDbScale
 70
     0
300
3/4" = 1'-0"
140
0.75
141
12.0
290
     0
  0
SCALE
  5
64
102
{ACAD_REACTORS
330
47
102
}
330
47
100
AcDbScale
 70
     0
300
1" = 1'-0"
140
1.0
141
12.0
290
     0
  0
SCALE
  5
65
102
{ACAD_REACTORS
330
47
102
}
330
47
100
AcDbScale
 70
     0
300
1-1/2" = 1'-0"
140
1.5
141
12.0
290
     0
  0
SCALE
  5
66
102
{ACAD_REACTORS
330
47
102
}
330
47
100
AcDbScale
 70
     0
300
3" = 1'-0"
140
3.0
141
12.0
290
     0
  0
SCALE
  5
67
102
{ACAD_REACTORS
330
47
102
}
330
47
100
AcDbScale
 70
     0
300
6" = 1'-0"
140
6.0
141
12.0
290
     0
  0
SCALE
  5
68
102
{ACAD_REACTORS
330
47
102
}
330
47
100
AcDbScale
 70
     0
300
1'-0" = 1'-0"
140
12.0
141
12.0
290
     0
  0
TABLESTYLE
  5
6A
102
{ACAD_REACTORS
330
69
102
}
330
69
100
AcDbTableStyle
  3
Standard
 70
     0
 71
     0
 40
0.06
 41
0.06
280
     0
281
     0
  7
Standard
140
0.18
170
     2
 62
     0
 63
   257
283
     0
274
    -2
284
     1
 64
     0
275
    -2
285
     1
 65
     0
276
    -2
286
     1
 66
     0
277
    -2
287
     1
 67
     0
278
    -2
288
     1
 68
     0
279
    -2
289
     1
 69
     0
  7
Standard
140
0.25
170
     5
 62
     0
 63
   257
283
     0
274
    -2
284
     1
 64
     0
275
    -2
285
     1
 65
     0
276
    -2
286
     1
 66
     0
277
    -2
287
     1
 67
     0
278
    -2
288
     1
 68
     0
279
    -2
289
     1
 69
     0
  7
Standard
140
0.18
170
     5
 62
     0
 63
   257
283
     0
274
    -2
284
     1
 64
     0
275
    -2
285
     1
 65
     0
276
    -2
286
     1
 66
     0
277
    -2
287
     1
 67
     0
278
    -2
288
     1
 68
     0
279
    -2
289
     1
 69
     0
  0
VISUALSTYLE
  5
2F
102
{ACAD_REACTORS
330
2A
102
}
102
{ACAD_XDICTIONARY
360
334
102
}
330
2A
100
AcDbVisualStyle
  2
2dWireframe
 70
     4
 71
     0
 72
     2
 73
     0
 90
        0
 40
0.6
 41
30.0
 62
     5
 63
     7
 74
     1
 91
        4
 64
     7
 65
   257
 75
     1
175
     1
 42
1.0
 92
        0
 66
   257
 43
1.0
 76
     1
 77
     6
 78
     2
 67
     7
 79
     5
170
     0
171
     0
290
     0
174
     0
 93
        1
 44
0.0
173
     0
291
     0
 45
0.0
1001
ACAD
1000
AcDbSavedByObjectVersion
1070
     0
  0
VISUALSTYLE
  5
32
102
{ACAD_REACTORS
330
2A
102
}
102
{ACAD_XDICTIONARY
360
33A
102
}
330
2A
100
AcDbVisualStyle
  2
Basic
 70
     7
 71
     1
 72
     0
 73
     1
 90
        0
 40
0.6
 41
30.0
 62
     5
 63
     7
 74
     0
 91
        4
 64
     7
 65
   257
 75
     1
175
     1
 42
1.0
 92
        8
 66
     7
 43
1.0
 76
     1
 77
     6
 78
     2
 67
     7
 79
     5
170
     0
171
     0
290
     0
174
     0
 93
        1
 44
0.0
173
     0
291
     1
 45
0.0
1001
ACAD
1000
AcDbSavedByObjectVersion
1070
     0
  0
VISUALSTYLE
  5
36
102
{ACAD_REACTORS
330
2A
102
}
102
{ACAD_XDICTIONARY
360
342
102
}
330
2A
100
AcDbVisualStyle
  2
Brighten
 70
    12
 71
     2
 72
     2
 73
     0
 90
        0
 40
0.6
 41
30.0
 62
     5
 63
     7
 74
     1
 91
        4
 64
     7
 65
   257
 75
     1
175
     1
 42
1.0
 92
        8
 66
     7
 43
1.0
 76
     1
 77
     6
 78
     2
 67
     7
 79
     5
170
     0
171
     0
290
     0
174
     0
 93
        1
 44
50.0
173
     0
291
     1
 45
0.0
1001
ACAD
1000
AcDbSavedByObjectVersion
1070
     0
  0
VISUALSTYLE
  5
3A
102
{ACAD_REACTORS
330
2A
102
}
102
{ACAD_XDICTIONARY
360
34A
102
}
330
2A
100
AcDbVisualStyle
  2
ColorChange
 70
    16
 71
     2
 72
     2
 73
     3
 90
        0
 40
0.6
 41
30.0
 62
     5
 63
     8
 74
     1
 91
        4
 64
     7
 65
   257
 75
     1
175
     1
 42
1.0
 92
        8
 66
     8
 43
1.0
 76
     1
 77
     6
 78
     2
 67
     7
 79
     5
170
     0
171
     0
290
     0
174
     0
 93
        1
 44
0.0
173
     0
291
     1
 45
0.0
1001
ACAD
1000
AcDbSavedByObjectVersion
1070
     0
  0
VISUALSTYLE
  5
34
102
{ACAD_REACTORS
330
2A
102
}
102
{ACAD_XDICTIONARY
360
33E
102
}
330
2A
100
AcDbVisualStyle
  2
Conceptual
 70
     9
 71
     3
 72
     2
 73
     0
 90
        0
 40
0.6
 41
30.0
 62
     5
 63
     7
 74
     2
 91
        2
 64
     7
 65
   257
 75
     1
175
     1
 42
179.0
 92
        8
 66
     7
 43
1.0
 76
     1
 77
     6
 78
     2
 67
     7
 79
     3
170
     0
171
     0
290
     0
174
     0
 93
        1
 44
0.0
173
     0
291
     0
 45
0.0
1001
ACAD
1000
AcDbSavedByObjectVersion
1070
     0
  0
VISUALSTYLE
  5
35
102
{ACAD_REACTORS
330
2A
102
}
102
{ACAD_XDICTIONARY
360
340
102
}
330
2A
100
AcDbVisualStyle
  2
Dim
 70
    11
 71
     2
 72
     2
 73
     0
 90
        0
 40
0.6
 41
30.0
 62
     5
 63
     7
 74
     1
 91
        4
 64
     7
 65
   257
 75
     1
175
     1
 42
1.0
 92
        8
 66
     7
 43
1.0
 76
     1
 77
     6
 78
     2
 67
     7
 79
     5
170
     0
171
     0
290
     0
174
     0
 93
        1
 44
-50.0
173
     0
291
     1
 45
0.0
1001
ACAD
1000
AcDbSavedByObjectVersion
1070
     0
  0
VISUALSTYLE
  5
3D
102
{ACAD_REACTORS
330
2A
102
}
102
{ACAD_XDICTIONARY
360
350
102
}
330
2A
100
AcDbVisualStyle
  2
EdgeColorOff
 70
    22
 71
     2
 72
     2
 73
     0
 90
        0
 40
0.6
 41
30.0
 62
     5
 63
     7
 74
     1
 91
        4
 64
     7
 65
   257
 75
     1
175
     1
 42
1.0
 92
        8
 66
     7
 43
1.0
 76
     1
 77
     6
 78
     2
 67
     7
 79
     5
170
     0
171
     0
290
     0
174
     0
 93
        1
 44
0.0
173
     0
291
     1
 45
0.0
1001
ACAD
1000
AcDbSavedByObjectVersion
1070
     0
  0
VISUALSTYLE
  5
39
102
{ACAD_REACTORS
330
2A
102
}
102
{ACAD_XDICTIONARY
360
348
102
}
330
2A
100
AcDbVisualStyle
  2
Facepattern
 70
    15
 71
     2
 72
     2
 73
     0
 90
        0
 40
0.6
 41
30.0
 62
     5
 63
     7
 74
     1
 91
        4
 64
     7
 65
   257
 75
     1
175
     1
 42
1.0
 92
        8
 66
     7
 43
1.0
 76
     1
 77
     6
 78
     2
 67
     7
 79
     5
170
     0
171
     0
290
     0
174
     0
 93
        1
 44
0.0
173
     0
291
     1
 45
0.0
1001
ACAD
1000
AcDbSavedByObjectVersion
1070
     0
  0
VISUALSTYLE
  5
2B
102
{ACAD_REACTORS
330
2A
102
}
102
{ACAD_XDICTIONARY
360
32C
102
}
330
2A
100
AcDbVisualStyle
  2
Flat
 70
     0
 71
     2
 72
     1
 73
     1
 90
        2
 40
0.6
 41
30.0
 62
     5
 63
     7
 74
     0
 91
        0
 64
     7
 65
   257
 75
     1
175
     1
 42
1.0
 92
        8
 66
     7
 43
1.0
 76
     1
 77
     6
 78
     2
 67
     7
 79
     5
170
     0
171
     0
290
     0
174
     0
 93
       13
 44
0.0
173
     0
291
     1
 45
0.0
1001
ACAD
1000
AcDbSavedByObjectVersion
1070
     0
  0
VISUALSTYLE
  5
2C
102
{ACAD_REACTORS
330
2A
102
}
102
{ACAD_XDICTIONARY
360
32E
102
}
330
2A
100
AcDbVisualStyle
  2
FlatWithEdges
 70
     1
 71
     2
 72
     1
 73
     1
 90
        2
 40
0.6
 41
30.0
 62
     5
 63
     7
 74
     1
 91
        0
 64
     7
 65
   257
 75
     1
175
     1
 42
1.0
 92
        0
 66
   257
 43
1.0
 76
     1
 77
     6
 78
     2
 67
     7
 79
     5
170
     0
171
     0
290
     0
174
     0
 93
       13
 44
0.0
173
     0
291
     1
 45
0.0
1001
ACAD
1000
AcDbSavedByObjectVersion
1070
     0
  0
VISUALSTYLE
  5
2D
102
{ACAD_REACTORS
330
2A
102
}
102
{ACAD_XDICTIONARY
360
330
102
}
330
2A
100
AcDbVisualStyle
  2
Gouraud
 70
     2
 71
     2
 72
     2
 73
     1
 90
        2
 40
0.6
 41
30.0
 62
     5
 63
     7
 74
     0
 91
        0
 64
     7
 65
   257
 75
     1
175
     1
 42
1.0
 92
        0
 66
     7
 43
1.0
 76
     1
 77
     6
 78
     2
 67
     7
 79
     5
170
     0
171
     0
290
     0
174
     0
 93
       13
 44
0.0
173
     0
291
     1
 45
0.0
1001
ACAD
1000
AcDbSavedByObjectVersion
1070
     0
  0
VISUALSTYLE
  5
2E
102
{ACAD_REACTORS
330
2A
102
}
102
{ACAD_XDICTIONARY
360
332
102
}
330
2A
100
AcDbVisualStyle
  2
GouraudWithEdges
 70
     3
 71
     2
 72
     2
 73
     1
 90
        2
 40
0.6
 41
30.0
 62
     5
 63
     7
 74
     1
 91
        0
 64
     7
 65
   257
 75
     1
175
     1
 42
1.0
 92
        0
 66
   257
 43
1.0
 76
     1
 77
     6
 78
     2
 67
     7
 79
     5
170
     0
171
     0
290
     0
174
     0
 93
       13
 44
0.0
173
     0
291
     1
 45
0.0
1001
ACAD
1000
AcDbSavedByObjectVersion
1070
     0
  0
VISUALSTYLE
  5
31
102
{ACAD_REACTORS
330
2A
102
}
102
{ACAD_XDICTIONARY
360
338
102
}
330
2A
100
AcDbVisualStyle
  2
Hidden
 70
     6
 71
     1
 72
     2
 73
     2
 90
        0
 40
0.6
 41
30.0
 62
     5
 63
     7
 74
     2
 91
        2
 64
     7
 65
   257
 75
     2
175
     1
 42
40.0
 92
        0
 66
   257
 43
1.0
 76
     1
 77
     6
 78
     2
 67
     7
 79
     3
170
     0
171
     0
290
     0
174
     0
 93
        1
 44
0.0
173
     0
291
     0
 45
0.0
1001
ACAD
1000
AcDbSavedByObjectVersion
1070
     0
  0
VISUALSTYLE
  5
3B
102
{ACAD_REACTORS
330
2A
102
}
102
{ACAD_XDICTIONARY
360
34C
102
}
330
2A
100
AcDbVisualStyle
  2
JitterOff
 70
    20
 71
     2
 72
     2
 73
     0
 90
        0
 40
0.6
 41
30.0
 62
     5
 63
     7
 74
     1
 91
        4
 64
     7
 65
   257
 75
     1
175
     1
 42
1.0
 92
       10
 66
     7
 43
1.0
 76
     1
 77
     6
 78
     2
 67
     7
 79
     5
170
     0
171
     0
290
     0
174
     0
 93
        1
 44
0.0
173
     0
291
     1
 45
0.0
1001
ACAD
1000
AcDbSavedByObjectVersion
1070
     0
  0
VISUALSTYLE
  5
38
102
{ACAD_REACTORS
330
2A
102
}
102
{ACAD_XDICTIONARY
360
346
102
}
330
2A
100
AcDbVisualStyle
  2
Linepattern
 70
    14
 71
     2
 72
     2
 73
     0
 90
        0
 40
0.6
 41
30.0
 62
     5
 63
     7
 74
     1
 91
        4
 64
     7
 65
   257
 75
     7
175
     7
 42
1.0
 92
        8
 66
     7
 43
1.0
 76
     1
 77
     6
 78
     2
 67
     7
 79
     5
170
     0
171
     0
290
     0
174
     0
 93
        1
 44
0.0
173
     0
291
     1
 45
0.0
1001
ACAD
1000
AcDbSavedByObjectVersion
1070
     0
  0
VISUALSTYLE
  5
3C
102
{ACAD_REACTORS
330
2A
102
}
102
{ACAD_XDICTIONARY
360
34E
102
}
330
2A
100
AcDbVisualStyle
  2
OverhangOff
 70
    21
 71
     2
 72
     2
 73
     0
 90
        0
 40
0.6
 41
30.0
 62
     5
 63
     7
 74
     1
 91
        4
 64
     7
 65
   257
 75
     1
175
     1
 42
1.0
 92
        9
 66
     7
 43
1.0
 76
     1
 77
     6
 78
     2
 67
     7
 79
     5
170
     0
171
     0
290
     0
174
     0
 93
        1
 44
0.0
173
     0
291
     1
 45
0.0
1001
ACAD
1000
AcDbSavedByObjectVersion
1070
     0
  0
VISUALSTYLE
  5
33
102
{ACAD_REACTORS
330
2A
102
}
102
{ACAD_XDICTIONARY
360
33C
102
}
330
2A
100
AcDbVisualStyle
  2
Realistic
 70
     8
 71
     2
 72
     3
 73
     0
 90
        2
 40
0.6
 41
30.0
 62
     5
 63
     7
 74
     0
 91
        0
 64
     7
 65
   257
 75
     1
175
     1
 42
1.0
 92
        8
 66
   257
 43
1.0
 76
     1
 77
     6
 78
     2
 67
     7
 79
     3
170
     0
171
     0
290
     0
174
     0
 93
       13
 44
0.0
173
     0
291
     0
 45
0.0
1001
ACAD
1000
AcDbSavedByObjectVersion
1070
     0
  0
VISUALSTYLE
  5
42
102
{ACAD_REACTORS
330
2A
102
}
102
{ACAD_XDICTIONARY
360
35A
102
}
330
2A
100
AcDbVisualStyle
  2
Shaded
 70
    27
 71
     2
 72
     2
 73
     1
 90
        2
 40
0.6
 41
30.0
 62
     5
 63
     7
 74
     0
 91
        4
 64
     7
 65
   257
 75
     1
175
     1
 42
1.0
 92
        8
 66
   257
 43
1.0
 76
     1
 77
     6
 78
     2
 67
     8
 79
     3
170
     0
171
     0
290
     0
174
     0
 93
        5
 44
0.0
173
     0
291
     0
 45
0.0
1001
ACAD
1000
AcDbSavedByObjectVersion
1070
     0
  0
VISUALSTYLE
  5
41
102
{ACAD_REACTORS
330
2A
102
}
102
{ACAD_XDICTIONARY
360
358
102
}
330
2A
100
AcDbVisualStyle
  2
Shaded with edges
 70
    26
 71
     2
 72
     2
 73
     1
 90
        2
 40
0.6
 41
30.0
 62
     5
 63
     7
 74
     1
 91
       10
 64
     7
 65
   257
 75
     2
175
     1
 42
1.0
 92
        8
 66
   257
 43
1.0
 76
     1
 77
     6
 78
     2
 67
     7
 79
     3
170
     0
171
     0
290
     0
174
     0
 93
        5
 44
0.0
173
     0
291
     0
 45
0.0
1001
ACAD
1000
AcDbSavedByObjectVersion
1070
     0
  0
VISUALSTYLE
  5
3E
102
{ACAD_REACTORS
330
2A
102
}
102
{ACAD_XDICTIONARY
360
352
102
}
330
2A
100
AcDbVisualStyle
  2
Shades of Gray
 70
    23
 71
     2
 72
     2
 73
     3
 90
        0
 40
0.6
 41
30.0
 62
     5
 63
     7
 74
     2
 91
        2
 64
     7
 65
     7
 75
     1
175
     1
 42
40.0
 92
        8
 66
     7
 43
1.0
 76
     1
 77
     6
 78
     2
 67
     7
 79
     3
170
     0
171
     0
290
     0
174
     0
 93
        1
 44
0.0
173
     0
291
     0
 45
0.0
1001
ACAD
1000
AcDbSavedByObjectVersion
1070
     0
  0
VISUALSTYLE
  5
3F
102
{ACAD_REACTORS
330
2A
102
}
102
{ACAD_XDICTIONARY
360
354
102
}
330
2A
100
AcDbVisualStyle
  2
Sketchy
 70
    24
 71
     1
 72
     2
 73
     2
 90
        0
 40
0.6
 41
30.0
 62
     5
 63
     7
 74
     2
 91
        2
 64
     7
 65
     7
 75
     1
175
     1
 42
40.0
 92
       11
 66
     7
 43
1.0
 76
     1
 77
     6
 78
     2
 67
     7
 79
     6
170
     0
171
     0
290
     0
174
     0
 93
        1
 44
0.0
173
     0
291
     0
 45
0.0
1001
ACAD
1000
AcDbSavedByObjectVersion
1070
     0
  0
VISUALSTYLE
  5
37
102
{ACAD_REACTORS
330
2A
102
}
102
{ACAD_XDICTIONARY
360
344
102
}
330
2A
100
AcDbVisualStyle
  2
Thicken
 70
    13
 71
     2
 72
     2
 73
     0
 90
        0
 40
0.6
 41
30.0
 62
     5
 63
     7
 74
     1
 91
        4
 64
     7
 65
   257
 75
     1
175
     1
 42
1.0
 92
       12
 66
     7
 43
1.0
 76
     1
 77
     6
 78
     2
 67
     7
 79
     5
170
     0
171
     0
290
     0
174
     0
 93
        1
 44
0.0
173
     0
291
     1
 45
0.0
1001
ACAD
1000
AcDbSavedByObjectVersion
1070
     0
  0
VISUALSTYLE
  5
30
102
{ACAD_REACTORS
330
2A
102
}
102
{ACAD_XDICTIONARY
360
336
102
}
330
2A
100
AcDbVisualStyle
  2
Wireframe
 70
     5
 71
     0
 72
     2
 73
     0
 90
        0
 40
0.6
 41
30.0
 62
     5
 63
     7
 74
     1
 91
        4
 64
     7
 65
   257
 75
     1
175
     1
 42
1.0
 92
        0
 66
   257
 43
1.0
 76
     1
 77
     6
 78
     2
 67
     7
 79
     3
170
     0
171
     0
290
     0
174
     0
 93
        1
 44
0.0
173
     0
291
     0
 45
0.0
1001
ACAD
1000
AcDbSavedByObjectVersion
1070
     0
  0
VISUALSTYLE
  5
40
102
{ACAD_REACTORS
330
2A
102
}
102
{ACAD_XDICTIONARY
360
356
102
}
330
2A
100
AcDbVisualStyle
  2
X-Ray
 70
    25
 71
     2
 72
     2
 73
     1
 90
        1
 40
0.5
 41
30.0
 62
     5
 63
     7
 74
     1
 91
        0
 64
     7
 65
   257
 75
     1
175
     1
 42
1.0
 92
        8
 66
     7
 43
1.0
 76
     1
 77
     6
 78
     2
 67
     7
 79
     3
170
     0
171
     0
290
     0
174
     0
 93
       13
 44
0.0
173
     0
291
     0
 45
0.0
1001
ACAD
1000
AcDbSavedByObjectVersion
1070
     0
  0
DICTIONARYVAR
  5
32A
102
{ACAD_REACTORS
330
320
102
}
330
320
100
DictionaryVariables
280
     0
  1
1:1
  0
DICTIONARYVAR
  5
322
102
{ACAD_REACTORS
330
320
102
}
330
320
100
DictionaryVariables
280
     0
  1
Standard
  0
DICTIONARYVAR
  5
321
102
{ACAD_REACTORS
330
320
102
}
330
320
100
DictionaryVariables
280
     0
  1
Standard
  0
DICTIONARYVAR
  5
325
102
{ACAD_REACTORS
330
320
102
}
330
320
100
DictionaryVariables
280
     0
  1
2
  0
DICTIONARYVAR
  5
326
102
{ACAD_REACTORS
330
320
102
}
330
320
100
DictionaryVariables
280
     0
  1
1
  0
DICTIONARYVAR
  5
32B
102
{ACAD_REACTORS
330
320
102
}
330
320
100
DictionaryVariables
280
     0
  1
1
  0
DICTIONARY
  5
35E
330
45
100
AcDbDictionary
280
     1
281
     1
  3
ACAD_XREC_ROUNDTRIP
360
35F
  0
DICTIONARY
  5
35C
330
44
100
AcDbDictionary
280
     1
281
     1
  3
ACAD_XREC_ROUNDTRIP
360
35D
  0
DICTIONARY
  5
360
330
46
100
AcDbDictionary
280
     1
281
     1
  3
ACAD_XREC_ROUNDTRIP
360
361
  0
DICTIONARY
  5
363
330
6C
100
AcDbDictionary
280
     1
281
     1
  3
ACAD_XREC_ROUNDTRIP
360
364
  0
DICTIONARY
  5
334
330
2F
100
AcDbDictionary
280
     1
281
     1
  3
ACAD_XREC_ROUNDTRIP
360
335
  0
DICTIONARY
  5
33A
330
32
100
AcDbDictionary
280
     1
281
     1
  3
ACAD_XREC_ROUNDTRIP
360
33B
  0
DICTIONARY
  5
342
330
36
100
AcDbDictionary
280
     1
281
     1
  3
ACAD_XREC_ROUNDTRIP
360
343
  0
DICTIONARY
  5
34A
330
3A
100
AcDbDictionary
280
     1
281
     1
  3
ACAD_XREC_ROUNDTRIP
360
34B
  0
DICTIONARY
  5
33E
330
34
100
AcDbDictionary
280
     1
281
     1
  3
ACAD_XREC_ROUNDTRIP
360
33F
  0
DICTIONARY
  5
340
330
35
100
AcDbDictionary
280
     1
281
     1
  3
ACAD_XREC_ROUNDTRIP
360
341
  0
DICTIONARY
  5
350
330
3D
100
AcDbDictionary
280
     1
281
     1
  3
ACAD_XREC_ROUNDTRIP
360
351
  0
DICTIONARY
  5
348
330
39
100
AcDbDictionary
280
     1
281
     1
  3
ACAD_XREC_ROUNDTRIP
360
349
  0
DICTIONARY
  5
32C
330
2B
100
AcDbDictionary
280
     1
281
     1
  3
ACAD_XREC_ROUNDTRIP
360
32D
  0
DICTIONARY
  5
32E
330
2C
100
AcDbDictionary
280
     1
281
     1
  3
ACAD_XREC_ROUNDTRIP
360
32F
  0
DICTIONARY
  5
330
330
2D
100
AcDbDictionary
280
     1
281
     1
  3
ACAD_XREC_ROUNDTRIP
360
331
  0
DICTIONARY
  5
332
330
2E
100
AcDbDictionary
280
     1
281
     1
  3
ACAD_XREC_ROUNDTRIP
360
333
  0
DICTIONARY
  5
338
330
31
100
AcDbDictionary
280
     1
281
     1
  3
ACAD_XREC_ROUNDTRIP
360
339
  0
DICTIONARY
  5
34C
330
3B
100
AcDbDictionary
280
     1
281
     1
  3
ACAD_XREC_ROUNDTRIP
360
34D
  0
DICTIONARY
  5
346
330
38
100
AcDbDictionary
280
     1
281
     1
  3
ACAD_XREC_ROUNDTRIP
360
347
  0
DICTIONARY
  5
34E
330
3C
100
AcDbDictionary
280
     1
281
     1
  3
ACAD_XREC_ROUNDTRIP
360
34F
  0
DICTIONARY
  5
33C
330
33
100
AcDbDictionary
280
     1
281
     1
  3
ACAD_XREC_ROUNDTRIP
360
33D
  0
DICTIONARY
  5
35A
330
42
100
AcDbDictionary
280
     1
281
     1
  3
ACAD_XREC_ROUNDTRIP
360
35B
  0
DICTIONARY
  5
358
330
41
100
AcDbDictionary
280
     1
281
     1
  3
ACAD_XREC_ROUNDTRIP
360
359
  0
DICTIONARY
  5
352
330
3E
100
AcDbDictionary
280
     1
281
     1
  3
ACAD_XREC_ROUNDTRIP
360
353
  0
DICTIONARY
  5
354
330
3F
100
AcDbDictionary
280
     1
281
     1
  3
ACAD_XREC_ROUNDTRIP
360
355
  0
DICTIONARY
  5
344
330
37
100
AcDbDictionary
280
     1
281
     1
  3
ACAD_XREC_ROUNDTRIP
360
345
  0
DICTIONARY
  5
336
330
30
100
AcDbDictionary
280
     1
281
     1
  3
ACAD_XREC_ROUNDTRIP
360
337
  0
DICTIONARY
  5
356
330
40
100
AcDbDictionary
280
     1
281
     1
  3
ACAD_XREC_ROUNDTRIP
360
357
  0
XRECORD
  5
35F
102
{ACAD_REACTORS
330
35E
102
}
330
35E
100
AcDbXrecord
280
     1
102
MATERIAL
148
0.0
149
0.0
149
0.0
 93
        0
 94
      127
282
     0
 72
     1
 77
     1
171
     1
175
     1
179
     1
273
     0
  0
XRECORD
  5
35D
102
{ACAD_REACTORS
330
35C
102
}
330
35C
100
AcDbXrecord
280
     1
102
MATERIAL
148
0.0
149
0.0
149
0.0
 93
        0
 94
      127
282
     0
 72
     1
 77
     1
171
     1
175
     1
179
     1
273
     0
  0
XRECORD
  5
361
102
{ACAD_REACTORS
330
360
102
}
330
360
100
AcDbXrecord
280
     1
102
MATERIAL
148
0.0
149
0.0
149
0.0
 93
        0
 94
      127
282
     0
 72
     1
 77
     1
171
     1
175
     1
179
     1
273
     0
  0
XRECORD
  5
364
102
{ACAD_REACTORS
330
363
102
}
330
363
100
AcDbXrecord
280
     1
102
ACAD_ROUNDTRIP_2010_MLEADER_STYLE
  0
XRECORD
  5
335
102
{ACAD_REACTORS
330
334
102
}
330
334
100
AcDbXrecord
280
     1
102
RTVSPropertyOp0
 70
     1
102
RTVSPropertyOp1
 70
     1
102
RTVSPropertyOp2
 70
     1
102
RTVSPropertyOp3
 70
     1
102
RTVSPropertyOp4
 70
     1
102
RTVSPropertyOp5
 70
     1
102
RTVSPropertyOp6
 70
     1
102
RTVSPropertyOp7
 70
     1
102
RTVSPropertyOp8
 70
     1
102
RTVSPropertyOp9
 70
     1
102
RTVSPropertyOp10
 70
     1
102
RTVSPropertyOp11
 70
     1
102
RTVSPropertyOp12
 70
     1
102
RTVSPropertyOp13
 70
     1
102
RTVSPropertyOp14
 70
     1
102
RTVSPropertyOp15
 70
     1
102
RTVSPropertyOp16
 70
     1
102
RTVSPropertyOp17
 70
     1
102
RTVSPropertyOp18
 70
     1
102
RTVSPropertyOp19
 70
     1
102
RTVSPropertyOp20
 70
     1
102
RTVSPropertyOp21
 70
     1
102
RTVSPropertyOp22
 70
     1
102
RTVSPropertyOp23
 70
     1
102
RTVSPropertyOp24
 70
     1
102
RTVSPropertyOp25
 70
     1
102
RTVSPropertyOp26
 70
     1
102
RTVSPropertyOp27
 70
     1
102
RTVSPropertyOp28
 70
     1
102
RTVSPropertyOp29
 70
     1
102
RTVSPropertyOp30
 70
     1
102
RTVSPropertyOp31
 70
     1
102
RTVSPropertyOp32
 70
     1
102
RTVSPropertyOp33
 70
     1
102
RTVSPropertyOp34
 70
     1
102
RTVSPropertyOp35
 70
     1
102
RTVSPropertyOp36
 70
     1
102
RTVSPropertyOp37
 70
     1
102
RTVSPropertyOp38
 70
     1
102
RTVSPropertyOp39
 70
     1
102
RTVSPropertyOp40
 70
     1
102
RTVSPropertyOp41
 70
     1
102
RTVSPropertyOp42
 70
     1
102
RTVSPropertyOp43
 70
     1
102
RTVSPropertyOp44
 70
     1
102
RTVSPropertyOp45
 70
     1
102
RTVSPropertyOp46
 70
     1
102
RTVSPropertyOp47
 70
     1
102
RTVSPropertyOp48
 70
     1
102
RTVSPropertyOp49
 70
     1
102
RTVSPropertyOp50
 70
     1
102
RTVSPropertyOp51
 70
     0
102
RTVSPropertyOp52
 70
     0
102
RTVSPropertyOp53
 70
     1
102
RTVSPropertyOp54
 70
     1
102
RTVSPropertyOp55
 70
     1
102
RTVSPropertyOp56
 70
     1
102
RTVSPropertyOp57
 70
     1
102
RTVSPost2010Prop28
280
     1
102
RTVSPost2010PropOp28
 70
     1
102
RTVSPost2010Prop29
280
     1
102
RTVSPost2010PropOp29
 70
     1
102
RTVSPost2010Prop30
280
     0
102
RTVSPost2010PropOp30
 70
     1
102
RTVSPost2010Prop31
280
     0
102
RTVSPost2010PropOp31
 70
     1
102
RTVSPost2010Prop32
280
     0
102
RTVSPost2010PropOp32
 70
     1
102
RTVSPost2010Prop33
280
     0
102
RTVSPost2010PropOp33
 70
     1
102
RTVSPost2010Prop34
280
     0
102
RTVSPost2010PropOp34
 70
     1
102
RTVSPost2010Prop35
280
     0
102
RTVSPost2010PropOp35
 70
     1
102
RTVSPost2010Prop36
280
     0
102
RTVSPost2010PropOp36
 70
     1
102
RTVSPost2010Prop37
 90
       50
102
RTVSPost2010PropOp37
 70
     1
102
RTVSPost2010Prop38
140
0.0
102
RTVSPost2010PropOp38
 70
     1
102
RTVSPost2010Prop39
140
1.0
102
RTVSPost2010PropOp39
 70
     1
102
RTVSPost2010Prop40
 90
        0
102
RTVSPost2010PropOp40
 70
     1
102
RTVSPost2010Prop41ColorIndex
 90
       18
102
RTVSPost2010Prop41ColorRGB
 90
        0
102
RTVSPost2010PropOp41
 70
     1
102
RTVSPost2010Prop42
 90
       50
102
RTVSPost2010PropOp42
 70
     1
102
RTVSPost2010Prop43
 90
        3
102
RTVSPost2010PropOp43
 70
     1
102
RTVSPost2010Prop44ColorIndex
 90
        5
102
RTVSPost2010Prop44ColorRGB
 90
      255
102
RTVSPost2010PropOp44
 70
     1
102
RTVSPost2010Prop45
280
     0
102
RTVSPost2010PropOp45
 70
     1
102
RTVSPost2010Prop46
 90
       50
102
RTVSPost2010PropOp46
 70
     1
102
RTVSPost2010Prop47
 90
       50
102
RTVSPost2010PropOp47
 70
     1
102
RTVSPost2010Prop48
 90
       50
102
RTVSPost2010PropOp48
 70
     1
102
RTVSPost2010Prop49
280
     0
102
RTVSPost2010PropOp49
 70
     1
102
RTVSPost2010Prop50
 90
       50
102
RTVSPost2010PropOp50
 70
     1
102
RTVSPost2010Prop51ColorIndex
 90
      256
102
RTVSPost2010Prop51ColorRGB
 90
-16777216
102
RTVSPost2010PropOp51
 70
     0
102
RTVSPost2010Prop52
140
1.0
102
RTVSPost2010PropOp52
 70
     0
102
RTVSPost2010Prop53
 90
        2
102
RTVSPost2010PropOp53
 70
     1
102
RTVSPost2010Prop54
  1
strokes_ogs.tif
102
RTVSPost2010PropOp54
 70
     1
102
RTVSPost2010Prop55
280
     0
102
RTVSPost2010PropOp55
 70
     1
102
RTVSPost2010Prop56
140
1.0
102
RTVSPost2010PropOp56
 70
     1
102
RTVSPost2010Prop57
140
1.0
102
RTVSPost2010PropOp57
 70
     1
  0
XRECORD
  5
33B
102
{ACAD_REACTORS
330
33A
102
}
330
33A
100
AcDbXrecord
280
     1
102
RTVSPropertyOp0
 70
     1
102
RTVSPropertyOp1
 70
     1
102
RTVSPropertyOp2
 70
     1
102
RTVSPropertyOp3
 70
     1
102
RTVSPropertyOp4
 70
     1
102
RTVSPropertyOp5
 70
     1
102
RTVSPropertyOp6
 70
     1
102
RTVSPropertyOp7
 70
     1
102
RTVSPropertyOp8
 70
     1
102
RTVSPropertyOp9
 70
     1
102
RTVSPropertyOp10
 70
     1
102
RTVSPropertyOp11
 70
     1
102
RTVSPropertyOp12
 70
     1
102
RTVSPropertyOp13
 70
     1
102
RTVSPropertyOp14
 70
     1
102
RTVSPropertyOp15
 70
     1
102
RTVSPropertyOp16
 70
     1
102
RTVSPropertyOp17
 70
     1
102
RTVSPropertyOp18
 70
     1
102
RTVSPropertyOp19
 70
     1
102
RTVSPropertyOp20
 70
     1
102
RTVSPropertyOp21
 70
     1
102
RTVSPropertyOp22
 70
     1
102
RTVSPropertyOp23
 70
     1
102
RTVSPropertyOp24
 70
     1
102
RTVSPropertyOp25
 70
     1
102
RTVSPropertyOp26
 70
     1
102
RTVSPropertyOp27
 70
     1
102
RTVSPropertyOp28
 70
     1
102
RTVSPropertyOp29
 70
     1
102
RTVSPropertyOp30
 70
     1
102
RTVSPropertyOp31
 70
     1
102
RTVSPropertyOp32
 70
     1
102
RTVSPropertyOp33
 70
     1
102
RTVSPropertyOp34
 70
     1
102
RTVSPropertyOp35
 70
     1
102
RTVSPropertyOp36
 70
     1
102
RTVSPropertyOp37
 70
     1
102
RTVSPropertyOp38
 70
     1
102
RTVSPropertyOp39
 70
     1
102
RTVSPropertyOp40
 70
     1
102
RTVSPropertyOp41
 70
     1
102
RTVSPropertyOp42
 70
     1
102
RTVSPropertyOp43
 70
     1
102
RTVSPropertyOp44
 70
     1
102
RTVSPropertyOp45
 70
     1
102
RTVSPropertyOp46
 70
     1
102
RTVSPropertyOp47
 70
     1
102
RTVSPropertyOp48
 70
     1
102
RTVSPropertyOp49
 70
     1
102
RTVSPropertyOp50
 70
     1
102
RTVSPropertyOp51
 70
     0
102
RTVSPropertyOp52
 70
     0
102
RTVSPropertyOp53
 70
     1
102
RTVSPropertyOp54
 70
     1
102
RTVSPropertyOp55
 70
     1
102
RTVSPropertyOp56
 70
     1
102
RTVSPropertyOp57
 70
     1
102
RTVSPost2010Prop28
280
     0
102
RTVSPost2010PropOp28
 70
     1
102
RTVSPost2010Prop29
280
     1
102
RTVSPost2010PropOp29
 70
     1
102
RTVSPost2010Prop30
280
     1
102
RTVSPost2010PropOp30
 70
     1
102
RTVSPost2010Prop31
280
     0
102
RTVSPost2010PropOp31
 70
     1
102
RTVSPost2010Prop32
280
     0
102
RTVSPost2010PropOp32
 70
     1
102
RTVSPost2010Prop33
280
     0
102
RTVSPost2010PropOp33
 70
     1
102
RTVSPost2010Prop34
280
     0
102
RTVSPost2010PropOp34
 70
     1
102
RTVSPost2010Prop35
280
     0
102
RTVSPost2010PropOp35
 70
     1
102
RTVSPost2010Prop36
280
     0
102
RTVSPost2010PropOp36
 70
     1
102
RTVSPost2010Prop37
 90
       50
102
RTVSPost2010PropOp37
 70
     1
102
RTVSPost2010Prop38
140
0.0
102
RTVSPost2010PropOp38
 70
     1
102
RTVSPost2010Prop39
140
1.0
102
RTVSPost2010PropOp39
 70
     1
102
RTVSPost2010Prop40
 90
        0
102
RTVSPost2010PropOp40
 70
     1
102
RTVSPost2010Prop41ColorIndex
 90
       18
102
RTVSPost2010Prop41ColorRGB
 90
        0
102
RTVSPost2010PropOp41
 70
     1
102
RTVSPost2010Prop42
 90
       50
102
RTVSPost2010PropOp42
 70
     1
102
RTVSPost2010Prop43
 90
        3
102
RTVSPost2010PropOp43
 70
     1
102
RTVSPost2010Prop44ColorIndex
 90
        5
102
RTVSPost2010Prop44ColorRGB
 90
      255
102
RTVSPost2010PropOp44
 70
     1
102
RTVSPost2010Prop45
280
     0
102
RTVSPost2010PropOp45
 70
     1
102
RTVSPost2010Prop46
 90
       50
102
RTVSPost2010PropOp46
 70
     1
102
RTVSPost2010Prop47
 90
       50
102
RTVSPost2010PropOp47
 70
     1
102
RTVSPost2010Prop48
 90
       50
102
RTVSPost2010PropOp48
 70
     1
102
RTVSPost2010Prop49
280
     0
102
RTVSPost2010PropOp49
 70
     1
102
RTVSPost2010Prop50
 90
       50
102
RTVSPost2010PropOp50
 70
     1
102
RTVSPost2010Prop51ColorIndex
 90
      256
102
RTVSPost2010Prop51ColorRGB
 90
-16777216
102
RTVSPost2010PropOp51
 70
     0
102
RTVSPost2010Prop52
140
1.0
102
RTVSPost2010PropOp52
 70
     0
102
RTVSPost2010Prop53
 90
        2
102
RTVSPost2010PropOp53
 70
     1
102
RTVSPost2010Prop54
  1
strokes_ogs.tif
102
RTVSPost2010PropOp54
 70
     1
102
RTVSPost2010Prop55
280
     0
102
RTVSPost2010PropOp55
 70
     1
102
RTVSPost2010Prop56
140
1.0
102
RTVSPost2010PropOp56
 70
     1
102
RTVSPost2010Prop57
140
1.0
102
RTVSPost2010PropOp57
 70
     1
  0
XRECORD
  5
343
102
{ACAD_REACTORS
330
342
102
}
330
342
100
AcDbXrecord
280
     1
102
RTVSPropertyOp0
 70
     1
102
RTVSPropertyOp1
 70
     1
102
RTVSPropertyOp2
 70
     1
102
RTVSPropertyOp3
 70
     1
102
RTVSPropertyOp4
 70
     1
102
RTVSPropertyOp5
 70
     1
102
RTVSPropertyOp6
 70
     1
102
RTVSPropertyOp7
 70
     1
102
RTVSPropertyOp8
 70
     1
102
RTVSPropertyOp9
 70
     1
102
RTVSPropertyOp10
 70
     1
102
RTVSPropertyOp11
 70
     1
102
RTVSPropertyOp12
 70
     1
102
RTVSPropertyOp13
 70
     1
102
RTVSPropertyOp14
 70
     1
102
RTVSPropertyOp15
 70
     1
102
RTVSPropertyOp16
 70
     1
102
RTVSPropertyOp17
 70
     1
102
RTVSPropertyOp18
 70
     1
102
RTVSPropertyOp19
 70
     1
102
RTVSPropertyOp20
 70
     1
102
RTVSPropertyOp21
 70
     1
102
RTVSPropertyOp22
 70
     1
102
RTVSPropertyOp23
 70
     1
102
RTVSPropertyOp24
 70
     1
102
RTVSPropertyOp25
 70
     1
102
RTVSPropertyOp26
 70
     1
102
RTVSPropertyOp27
 70
     1
102
RTVSPropertyOp28
 70
     1
102
RTVSPropertyOp29
 70
     1
102
RTVSPropertyOp30
 70
     1
102
RTVSPropertyOp31
 70
     1
102
RTVSPropertyOp32
 70
     1
102
RTVSPropertyOp33
 70
     1
102
RTVSPropertyOp34
 70
     1
102
RTVSPropertyOp35
 70
     1
102
RTVSPropertyOp36
 70
     1
102
RTVSPropertyOp37
 70
     1
102
RTVSPropertyOp38
 70
     1
102
RTVSPropertyOp39
 70
     1
102
RTVSPropertyOp40
 70
     1
102
RTVSPropertyOp41
 70
     1
102
RTVSPropertyOp42
 70
     1
102
RTVSPropertyOp43
 70
     1
102
RTVSPropertyOp44
 70
     1
102
RTVSPropertyOp45
 70
     1
102
RTVSPropertyOp46
 70
     1
102
RTVSPropertyOp47
 70
     1
102
RTVSPropertyOp48
 70
     1
102
RTVSPropertyOp49
 70
     1
102
RTVSPropertyOp50
 70
     1
102
RTVSPropertyOp51
 70
     0
102
RTVSPropertyOp52
 70
     0
102
RTVSPropertyOp53
 70
     1
102
RTVSPropertyOp54
 70
     1
102
RTVSPropertyOp55
 70
     1
102
RTVSPropertyOp56
 70
     1
102
RTVSPropertyOp57
 70
     1
102
RTVSPost2010Prop28
280
     0
102
RTVSPost2010PropOp28
 70
     1
102
RTVSPost2010Prop29
280
     1
102
RTVSPost2010PropOp29
 70
     1
102
RTVSPost2010Prop30
280
     1
102
RTVSPost2010PropOp30
 70
     1
102
RTVSPost2010Prop31
280
     0
102
RTVSPost2010PropOp31
 70
     1
102
RTVSPost2010Prop32
280
     0
102
RTVSPost2010PropOp32
 70
     1
102
RTVSPost2010Prop33
280
     0
102
RTVSPost2010PropOp33
 70
     1
102
RTVSPost2010Prop34
280
     0
102
RTVSPost2010PropOp34
 70
     1
102
RTVSPost2010Prop35
280
     0
102
RTVSPost2010PropOp35
 70
     1
102
RTVSPost2010Prop36
280
     0
102
RTVSPost2010PropOp36
 70
     1
102
RTVSPost2010Prop37
 90
       50
102
RTVSPost2010PropOp37
 70
     1
102
RTVSPost2010Prop38
140
0.0
102
RTVSPost2010PropOp38
 70
     1
102
RTVSPost2010Prop39
140
1.0
102
RTVSPost2010PropOp39
 70
     1
102
RTVSPost2010Prop40
 90
        0
102
RTVSPost2010PropOp40
 70
     1
102
RTVSPost2010Prop41ColorIndex
 90
       18
102
RTVSPost2010Prop41ColorRGB
 90
        0
102
RTVSPost2010PropOp41
 70
     1
102
RTVSPost2010Prop42
 90
       50
102
RTVSPost2010PropOp42
 70
     1
102
RTVSPost2010Prop43
 90
        3
102
RTVSPost2010PropOp43
 70
     1
102
RTVSPost2010Prop44ColorIndex
 90
        5
102
RTVSPost2010Prop44ColorRGB
 90
      255
102
RTVSPost2010PropOp44
 70
     1
102
RTVSPost2010Prop45
280
     0
102
RTVSPost2010PropOp45
 70
     1
102
RTVSPost2010Prop46
 90
       50
102
RTVSPost2010PropOp46
 70
     1
102
RTVSPost2010Prop47
 90
       50
102
RTVSPost2010PropOp47
 70
     1
102
RTVSPost2010Prop48
 90
       50
102
RTVSPost2010PropOp48
 70
     1
102
RTVSPost2010Prop49
280
     0
102
RTVSPost2010PropOp49
 70
     1
102
RTVSPost2010Prop50
 90
       50
102
RTVSPost2010PropOp50
 70
     1
102
RTVSPost2010Prop51ColorIndex
 90
      256
102
RTVSPost2010Prop51ColorRGB
 90
-16777216
102
RTVSPost2010PropOp51
 70
     0
102
RTVSPost2010Prop52
140
1.0
102
RTVSPost2010PropOp52
 70
     0
102
RTVSPost2010Prop53
 90
        2
102
RTVSPost2010PropOp53
 70
     1
102
RTVSPost2010Prop54
  1
strokes_ogs.tif
102
RTVSPost2010PropOp54
 70
     1
102
RTVSPost2010Prop55
280
     0
102
RTVSPost2010PropOp55
 70
     1
102
RTVSPost2010Prop56
140
1.0
102
RTVSPost2010PropOp56
 70
     1
102
RTVSPost2010Prop57
140
1.0
102
RTVSPost2010PropOp57
 70
     1
  0
XRECORD
  5
34B
102
{ACAD_REACTORS
330
34A
102
}
330
34A
100
AcDbXrecord
280
     1
102
RTVSPropertyOp0
 70
     1
102
RTVSPropertyOp1
 70
     1
102
RTVSPropertyOp2
 70
     1
102
RTVSPropertyOp3
 70
     1
102
RTVSPropertyOp4
 70
     1
102
RTVSPropertyOp5
 70
     1
102
RTVSPropertyOp6
 70
     1
102
RTVSPropertyOp7
 70
     1
102
RTVSPropertyOp8
 70
     1
102
RTVSPropertyOp9
 70
     1
102
RTVSPropertyOp10
 70
     1
102
RTVSPropertyOp11
 70
     1
102
RTVSPropertyOp12
 70
     1
102
RTVSPropertyOp13
 70
     1
102
RTVSPropertyOp14
 70
     1
102
RTVSPropertyOp15
 70
     1
102
RTVSPropertyOp16
 70
     1
102
RTVSPropertyOp17
 70
     1
102
RTVSPropertyOp18
 70
     1
102
RTVSPropertyOp19
 70
     1
102
RTVSPropertyOp20
 70
     1
102
RTVSPropertyOp21
 70
     1
102
RTVSPropertyOp22
 70
     1
102
RTVSPropertyOp23
 70
     1
102
RTVSPropertyOp24
 70
     1
102
RTVSPropertyOp25
 70
     1
102
RTVSPropertyOp26
 70
     1
102
RTVSPropertyOp27
 70
     1
102
RTVSPropertyOp28
 70
     1
102
RTVSPropertyOp29
 70
     1
102
RTVSPropertyOp30
 70
     1
102
RTVSPropertyOp31
 70
     1
102
RTVSPropertyOp32
 70
     1
102
RTVSPropertyOp33
 70
     1
102
RTVSPropertyOp34
 70
     1
102
RTVSPropertyOp35
 70
     1
102
RTVSPropertyOp36
 70
     1
102
RTVSPropertyOp37
 70
     1
102
RTVSPropertyOp38
 70
     1
102
RTVSPropertyOp39
 70
     1
102
RTVSPropertyOp40
 70
     1
102
RTVSPropertyOp41
 70
     1
102
RTVSPropertyOp42
 70
     1
102
RTVSPropertyOp43
 70
     1
102
RTVSPropertyOp44
 70
     1
102
RTVSPropertyOp45
 70
     1
102
RTVSPropertyOp46
 70
     1
102
RTVSPropertyOp47
 70
     1
102
RTVSPropertyOp48
 70
     1
102
RTVSPropertyOp49
 70
     1
102
RTVSPropertyOp50
 70
     1
102
RTVSPropertyOp51
 70
     0
102
RTVSPropertyOp52
 70
     0
102
RTVSPropertyOp53
 70
     1
102
RTVSPropertyOp54
 70
     1
102
RTVSPropertyOp55
 70
     1
102
RTVSPropertyOp56
 70
     1
102
RTVSPropertyOp57
 70
     1
102
RTVSPost2010Prop28
280
     0
102
RTVSPost2010PropOp28
 70
     1
102
RTVSPost2010Prop29
280
     1
102
RTVSPost2010PropOp29
 70
     1
102
RTVSPost2010Prop30
280
     1
102
RTVSPost2010PropOp30
 70
     1
102
RTVSPost2010Prop31
280
     0
102
RTVSPost2010PropOp31
 70
     1
102
RTVSPost2010Prop32
280
     0
102
RTVSPost2010PropOp32
 70
     1
102
RTVSPost2010Prop33
280
     0
102
RTVSPost2010PropOp33
 70
     1
102
RTVSPost2010Prop34
280
     0
102
RTVSPost2010PropOp34
 70
     1
102
RTVSPost2010Prop35
280
     0
102
RTVSPost2010PropOp35
 70
     1
102
RTVSPost2010Prop36
280
     0
102
RTVSPost2010PropOp36
 70
     1
102
RTVSPost2010Prop37
 90
       50
102
RTVSPost2010PropOp37
 70
     1
102
RTVSPost2010Prop38
140
0.0
102
RTVSPost2010PropOp38
 70
     1
102
RTVSPost2010Prop39
140
1.0
102
RTVSPost2010PropOp39
 70
     1
102
RTVSPost2010Prop40
 90
        0
102
RTVSPost2010PropOp40
 70
     1
102
RTVSPost2010Prop41ColorIndex
 90
       18
102
RTVSPost2010Prop41ColorRGB
 90
        0
102
RTVSPost2010PropOp41
 70
     1
102
RTVSPost2010Prop42
 90
       50
102
RTVSPost2010PropOp42
 70
     1
102
RTVSPost2010Prop43
 90
        3
102
RTVSPost2010PropOp43
 70
     1
102
RTVSPost2010Prop44ColorIndex
 90
        5
102
RTVSPost2010Prop44ColorRGB
 90
      255
102
RTVSPost2010PropOp44
 70
     1
102
RTVSPost2010Prop45
280
     0
102
RTVSPost2010PropOp45
 70
     1
102
RTVSPost2010Prop46
 90
       50
102
RTVSPost2010PropOp46
 70
     1
102
RTVSPost2010Prop47
 90
       50
102
RTVSPost2010PropOp47
 70
     1
102
RTVSPost2010Prop48
 90
       50
102
RTVSPost2010PropOp48
 70
     1
102
RTVSPost2010Prop49
280
     0
102
RTVSPost2010PropOp49
 70
     1
102
RTVSPost2010Prop50
 90
       50
102
RTVSPost2010PropOp50
 70
     1
102
RTVSPost2010Prop51ColorIndex
 90
      256
102
RTVSPost2010Prop51ColorRGB
 90
-16777216
102
RTVSPost2010PropOp51
 70
     0
102
RTVSPost2010Prop52
140
1.0
102
RTVSPost2010PropOp52
 70
     0
102
RTVSPost2010Prop53
 90
        2
102
RTVSPost2010PropOp53
 70
     1
102
RTVSPost2010Prop54
  1
strokes_ogs.tif
102
RTVSPost2010PropOp54
 70
     1
102
RTVSPost2010Prop55
280
     0
102
RTVSPost2010PropOp55
 70
     1
102
RTVSPost2010Prop56
140
1.0
102
RTVSPost2010PropOp56
 70
     1
102
RTVSPost2010Prop57
140
1.0
102
RTVSPost2010PropOp57
 70
     1
  0
XRECORD
  5
33F
102
{ACAD_REACTORS
330
33E
102
}
330
33E
100
AcDbXrecord
280
     1
102
RTVSPropertyOp0
 70
     1
102
RTVSPropertyOp1
 70
     1
102
RTVSPropertyOp2
 70
     1
102
RTVSPropertyOp3
 70
     1
102
RTVSPropertyOp4
 70
     1
102
RTVSPropertyOp5
 70
     1
102
RTVSPropertyOp6
 70
     1
102
RTVSPropertyOp7
 70
     1
102
RTVSPropertyOp8
 70
     1
102
RTVSPropertyOp9
 70
     1
102
RTVSPropertyOp10
 70
     1
102
RTVSPropertyOp11
 70
     1
102
RTVSPropertyOp12
 70
     1
102
RTVSPropertyOp13
 70
     1
102
RTVSPropertyOp14
 70
     1
102
RTVSPropertyOp15
 70
     1
102
RTVSPropertyOp16
 70
     1
102
RTVSPropertyOp17
 70
     1
102
RTVSPropertyOp18
 70
     1
102
RTVSPropertyOp19
 70
     1
102
RTVSPropertyOp20
 70
     1
102
RTVSPropertyOp21
 70
     1
102
RTVSPropertyOp22
 70
     1
102
RTVSPropertyOp23
 70
     1
102
RTVSPropertyOp24
 70
     1
102
RTVSPropertyOp25
 70
     1
102
RTVSPropertyOp26
 70
     1
102
RTVSPropertyOp27
 70
     1
102
RTVSPropertyOp28
 70
     1
102
RTVSPropertyOp29
 70
     1
102
RTVSPropertyOp30
 70
     1
102
RTVSPropertyOp31
 70
     1
102
RTVSPropertyOp32
 70
     1
102
RTVSPropertyOp33
 70
     1
102
RTVSPropertyOp34
 70
     1
102
RTVSPropertyOp35
 70
     1
102
RTVSPropertyOp36
 70
     1
102
RTVSPropertyOp37
 70
     1
102
RTVSPropertyOp38
 70
     1
102
RTVSPropertyOp39
 70
     1
102
RTVSPropertyOp40
 70
     1
102
RTVSPropertyOp41
 70
     1
102
RTVSPropertyOp42
 70
     1
102
RTVSPropertyOp43
 70
     1
102
RTVSPropertyOp44
 70
     1
102
RTVSPropertyOp45
 70
     1
102
RTVSPropertyOp46
 70
     1
102
RTVSPropertyOp47
 70
     1
102
RTVSPropertyOp48
 70
     1
102
RTVSPropertyOp49
 70
     1
102
RTVSPropertyOp50
 70
     1
102
RTVSPropertyOp51
 70
     0
102
RTVSPropertyOp52
 70
     0
102
RTVSPropertyOp53
 70
     1
102
RTVSPropertyOp54
 70
     1
102
RTVSPropertyOp55
 70
     1
102
RTVSPropertyOp56
 70
     1
102
RTVSPropertyOp57
 70
     1
102
RTVSPost2010Prop28
280
     0
102
RTVSPost2010PropOp28
 70
     1
102
RTVSPost2010Prop29
280
     1
102
RTVSPost2010PropOp29
 70
     1
102
RTVSPost2010Prop30
280
     1
102
RTVSPost2010PropOp30
 70
     1
102
RTVSPost2010Prop31
280
     0
102
RTVSPost2010PropOp31
 70
     1
102
RTVSPost2010Prop32
280
     0
102
RTVSPost2010PropOp32
 70
     1
102
RTVSPost2010Prop33
280
     0
102
RTVSPost2010PropOp33
 70
     1
102
RTVSPost2010Prop34
280
     0
102
RTVSPost2010PropOp34
 70
     1
102
RTVSPost2010Prop35
280
     0
102
RTVSPost2010PropOp35
 70
     1
102
RTVSPost2010Prop36
280
     0
102
RTVSPost2010PropOp36
 70
     1
102
RTVSPost2010Prop37
 90
       50
102
RTVSPost2010PropOp37
 70
     1
102
RTVSPost2010Prop38
140
0.0
102
RTVSPost2010PropOp38
 70
     1
102
RTVSPost2010Prop39
140
1.0
102
RTVSPost2010PropOp39
 70
     1
102
RTVSPost2010Prop40
 90
        0
102
RTVSPost2010PropOp40
 70
     1
102
RTVSPost2010Prop41ColorIndex
 90
       18
102
RTVSPost2010Prop41ColorRGB
 90
        0
102
RTVSPost2010PropOp41
 70
     1
102
RTVSPost2010Prop42
 90
       50
102
RTVSPost2010PropOp42
 70
     1
102
RTVSPost2010Prop43
 90
        3
102
RTVSPost2010PropOp43
 70
     1
102
RTVSPost2010Prop44ColorIndex
 90
        5
102
RTVSPost2010Prop44ColorRGB
 90
      255
102
RTVSPost2010PropOp44
 70
     1
102
RTVSPost2010Prop45
280
     0
102
RTVSPost2010PropOp45
 70
     1
102
RTVSPost2010Prop46
 90
       50
102
RTVSPost2010PropOp46
 70
     1
102
RTVSPost2010Prop47
 90
       50
102
RTVSPost2010PropOp47
 70
     1
102
RTVSPost2010Prop48
 90
       50
102
RTVSPost2010PropOp48
 70
     1
102
RTVSPost2010Prop49
280
     0
102
RTVSPost2010PropOp49
 70
     1
102
RTVSPost2010Prop50
 90
       50
102
RTVSPost2010PropOp50
 70
     1
102
RTVSPost2010Prop51ColorIndex
 90
      256
102
RTVSPost2010Prop51ColorRGB
 90
-16777216
102
RTVSPost2010PropOp51
 70
     0
102
RTVSPost2010Prop52
140
1.0
102
RTVSPost2010PropOp52
 70
     0
102
RTVSPost2010Prop53
 90
        2
102
RTVSPost2010PropOp53
 70
     1
102
RTVSPost2010Prop54
  1
strokes_ogs.tif
102
RTVSPost2010PropOp54
 70
     1
102
RTVSPost2010Prop55
280
     0
102
RTVSPost2010PropOp55
 70
     1
102
RTVSPost2010Prop56
140
1.0
102
RTVSPost2010PropOp56
 70
     1
102
RTVSPost2010Prop57
140
1.0
102
RTVSPost2010PropOp57
 70
     1
  0
XRECORD
  5
341
102
{ACAD_REACTORS
330
340
102
}
330
340
100
AcDbXrecord
280
     1
102
RTVSPropertyOp0
 70
     1
102
RTVSPropertyOp1
 70
     1
102
RTVSPropertyOp2
 70
     1
102
RTVSPropertyOp3
 70
     1
102
RTVSPropertyOp4
 70
     1
102
RTVSPropertyOp5
 70
     1
102
RTVSPropertyOp6
 70
     1
102
RTVSPropertyOp7
 70
     1
102
RTVSPropertyOp8
 70
     1
102
RTVSPropertyOp9
 70
     1
102
RTVSPropertyOp10
 70
     1
102
RTVSPropertyOp11
 70
     1
102
RTVSPropertyOp12
 70
     1
102
RTVSPropertyOp13
 70
     1
102
RTVSPropertyOp14
 70
     1
102
RTVSPropertyOp15
 70
     1
102
RTVSPropertyOp16
 70
     1
102
RTVSPropertyOp17
 70
     1
102
RTVSPropertyOp18
 70
     1
102
RTVSPropertyOp19
 70
     1
102
RTVSPropertyOp20
 70
     1
102
RTVSPropertyOp21
 70
     1
102
RTVSPropertyOp22
 70
     1
102
RTVSPropertyOp23
 70
     1
102
RTVSPropertyOp24
 70
     1
102
RTVSPropertyOp25
 70
     1
102
RTVSPropertyOp26
 70
     1
102
RTVSPropertyOp27
 70
     1
102
RTVSPropertyOp28
 70
     1
102
RTVSPropertyOp29
 70
     1
102
RTVSPropertyOp30
 70
     1
102
RTVSPropertyOp31
 70
     1
102
RTVSPropertyOp32
 70
     1
102
RTVSPropertyOp33
 70
     1
102
RTVSPropertyOp34
 70
     1
102
RTVSPropertyOp35
 70
     1
102
RTVSPropertyOp36
 70
     1
102
RTVSPropertyOp37
 70
     1
102
RTVSPropertyOp38
 70
     1
102
RTVSPropertyOp39
 70
     1
102
RTVSPropertyOp40
 70
     1
102
RTVSPropertyOp41
 70
     1
102
RTVSPropertyOp42
 70
     1
102
RTVSPropertyOp43
 70
     1
102
RTVSPropertyOp44
 70
     1
102
RTVSPropertyOp45
 70
     1
102
RTVSPropertyOp46
 70
     1
102
RTVSPropertyOp47
 70
     1
102
RTVSPropertyOp48
 70
     1
102
RTVSPropertyOp49
 70
     1
102
RTVSPropertyOp50
 70
     1
102
RTVSPropertyOp51
 70
     0
102
RTVSPropertyOp52
 70
     0
102
RTVSPropertyOp53
 70
     1
102
RTVSPropertyOp54
 70
     1
102
RTVSPropertyOp55
 70
     1
102
RTVSPropertyOp56
 70
     1
102
RTVSPropertyOp57
 70
     1
102
RTVSPost2010Prop28
280
     0
102
RTVSPost2010PropOp28
 70
     1
102
RTVSPost2010Prop29
280
     1
102
RTVSPost2010PropOp29
 70
     1
102
RTVSPost2010Prop30
280
     1
102
RTVSPost2010PropOp30
 70
     1
102
RTVSPost2010Prop31
280
     0
102
RTVSPost2010PropOp31
 70
     1
102
RTVSPost2010Prop32
280
     0
102
RTVSPost2010PropOp32
 70
     1
102
RTVSPost2010Prop33
280
     0
102
RTVSPost2010PropOp33
 70
     1
102
RTVSPost2010Prop34
280
     0
102
RTVSPost2010PropOp34
 70
     1
102
RTVSPost2010Prop35
280
     0
102
RTVSPost2010PropOp35
 70
     1
102
RTVSPost2010Prop36
280
     0
102
RTVSPost2010PropOp36
 70
     1
102
RTVSPost2010Prop37
 90
       50
102
RTVSPost2010PropOp37
 70
     1
102
RTVSPost2010Prop38
140
0.0
102
RTVSPost2010PropOp38
 70
     1
102
RTVSPost2010Prop39
140
1.0
102
RTVSPost2010PropOp39
 70
     1
102
RTVSPost2010Prop40
 90
        0
102
RTVSPost2010PropOp40
 70
     1
102
RTVSPost2010Prop41ColorIndex
 90
       18
102
RTVSPost2010Prop41ColorRGB
 90
        0
102
RTVSPost2010PropOp41
 70
     1
102
RTVSPost2010Prop42
 90
       50
102
RTVSPost2010PropOp42
 70
     1
102
RTVSPost2010Prop43
 90
        3
102
RTVSPost2010PropOp43
 70
     1
102
RTVSPost2010Prop44ColorIndex
 90
        5
102
RTVSPost2010Prop44ColorRGB
 90
      255
102
RTVSPost2010PropOp44
 70
     1
102
RTVSPost2010Prop45
280
     0
102
RTVSPost2010PropOp45
 70
     1
102
RTVSPost2010Prop46
 90
       50
102
RTVSPost2010PropOp46
 70
     1
102
RTVSPost2010Prop47
 90
       50
102
RTVSPost2010PropOp47
 70
     1
102
RTVSPost2010Prop48
 90
       50
102
RTVSPost2010PropOp48
 70
     1
102
RTVSPost2010Prop49
280
     0
102
RTVSPost2010PropOp49
 70
     1
102
RTVSPost2010Prop50
 90
       50
102
RTVSPost2010PropOp50
 70
     1
102
RTVSPost2010Prop51ColorIndex
 90
      256
102
RTVSPost2010Prop51ColorRGB
 90
-16777216
102
RTVSPost2010PropOp51
 70
     0
102
RTVSPost2010Prop52
140
1.0
102
RTVSPost2010PropOp52
 70
     0
102
RTVSPost2010Prop53
 90
        2
102
RTVSPost2010PropOp53
 70
     1
102
RTVSPost2010Prop54
  1
strokes_ogs.tif
102
RTVSPost2010PropOp54
 70
     1
102
RTVSPost2010Prop55
280
     0
102
RTVSPost2010PropOp55
 70
     1
102
RTVSPost2010Prop56
140
1.0
102
RTVSPost2010PropOp56
 70
     1
102
RTVSPost2010Prop57
140
1.0
102
RTVSPost2010PropOp57
 70
     1
  0
XRECORD
  5
351
102
{ACAD_REACTORS
330
350
102
}
330
350
100
AcDbXrecord
280
     1
102
RTVSPropertyOp0
 70
     0
102
RTVSPropertyOp1
 70
     0
102
RTVSPropertyOp2
 70
     0
102
RTVSPropertyOp3
 70
     0
102
RTVSPropertyOp4
 70
     0
102
RTVSPropertyOp5
 70
     0
102
RTVSPropertyOp6
 70
     0
102
RTVSPropertyOp7
 70
     0
102
RTVSPropertyOp8
 70
     0
102
RTVSPropertyOp9
 70
     0
102
RTVSPropertyOp10
 70
     0
102
RTVSPropertyOp11
 70
     0
102
RTVSPropertyOp12
 70
     0
102
RTVSPropertyOp13
 70
     0
102
RTVSPropertyOp14
 70
     2
102
RTVSPropertyOp15
 70
     0
102
RTVSPropertyOp16
 70
     0
102
RTVSPropertyOp17
 70
     0
102
RTVSPropertyOp18
 70
     0
102
RTVSPropertyOp19
 70
     0
102
RTVSPropertyOp20
 70
     0
102
RTVSPropertyOp21
 70
     0
102
RTVSPropertyOp22
 70
     0
102
RTVSPropertyOp23
 70
     0
102
RTVSPropertyOp24
 70
     0
102
RTVSPropertyOp25
 70
     0
102
RTVSPropertyOp26
 70
     0
102
RTVSPropertyOp27
 70
     0
102
RTVSPropertyOp28
 70
     0
102
RTVSPropertyOp29
 70
     0
102
RTVSPropertyOp30
 70
     0
102
RTVSPropertyOp31
 70
     0
102
RTVSPropertyOp32
 70
     0
102
RTVSPropertyOp33
 70
     0
102
RTVSPropertyOp34
 70
     0
102
RTVSPropertyOp35
 70
     0
102
RTVSPropertyOp36
 70
     0
102
RTVSPropertyOp37
 70
     0
102
RTVSPropertyOp38
 70
     0
102
RTVSPropertyOp39
 70
     0
102
RTVSPropertyOp40
 70
     0
102
RTVSPropertyOp41
 70
     0
102
RTVSPropertyOp42
 70
     0
102
RTVSPropertyOp43
 70
     0
102
RTVSPropertyOp44
 70
     0
102
RTVSPropertyOp45
 70
     0
102
RTVSPropertyOp46
 70
     0
102
RTVSPropertyOp47
 70
     0
102
RTVSPropertyOp48
 70
     0
102
RTVSPropertyOp49
 70
     0
102
RTVSPropertyOp50
 70
     0
102
RTVSPropertyOp51
 70
     0
102
RTVSPropertyOp52
 70
     0
102
RTVSPropertyOp53
 70
     0
102
RTVSPropertyOp54
 70
     0
102
RTVSPropertyOp55
 70
     0
102
RTVSPropertyOp56
 70
     0
102
RTVSPropertyOp57
 70
     0
102
RTVSPost2010Prop28
280
     0
102
RTVSPost2010PropOp28
 70
     0
102
RTVSPost2010Prop29
280
     1
102
RTVSPost2010PropOp29
 70
     0
102
RTVSPost2010Prop30
280
     1
102
RTVSPost2010PropOp30
 70
     0
102
RTVSPost2010Prop31
280
     0
102
RTVSPost2010PropOp31
 70
     0
102
RTVSPost2010Prop32
280
     0
102
RTVSPost2010PropOp32
 70
     0
102
RTVSPost2010Prop33
280
     0
102
RTVSPost2010PropOp33
 70
     0
102
RTVSPost2010Prop34
280
     0
102
RTVSPost2010PropOp34
 70
     0
102
RTVSPost2010Prop35
280
     0
102
RTVSPost2010PropOp35
 70
     0
102
RTVSPost2010Prop36
280
     0
102
RTVSPost2010PropOp36
 70
     0
102
RTVSPost2010Prop37
 90
       50
102
RTVSPost2010PropOp37
 70
     0
102
RTVSPost2010Prop38
140
0.0
102
RTVSPost2010PropOp38
 70
     0
102
RTVSPost2010Prop39
140
1.0
102
RTVSPost2010PropOp39
 70
     0
102
RTVSPost2010Prop40
 90
        0
102
RTVSPost2010PropOp40
 70
     0
102
RTVSPost2010Prop41ColorIndex
 90
       18
102
RTVSPost2010Prop41ColorRGB
 90
        0
102
RTVSPost2010PropOp41
 70
     0
102
RTVSPost2010Prop42
 90
       50
102
RTVSPost2010PropOp42
 70
     0
102
RTVSPost2010Prop43
 90
        3
102
RTVSPost2010PropOp43
 70
     0
102
RTVSPost2010Prop44ColorIndex
 90
        5
102
RTVSPost2010Prop44ColorRGB
 90
      255
102
RTVSPost2010PropOp44
 70
     0
102
RTVSPost2010Prop45
280
     0
102
RTVSPost2010PropOp45
 70
     0
102
RTVSPost2010Prop46
 90
       50
102
RTVSPost2010PropOp46
 70
     0
102
RTVSPost2010Prop47
 90
       50
102
RTVSPost2010PropOp47
 70
     0
102
RTVSPost2010Prop48
 90
       50
102
RTVSPost2010PropOp48
 70
     0
102
RTVSPost2010Prop49
280
     0
102
RTVSPost2010PropOp49
 70
     0
102
RTVSPost2010Prop50
 90
       50
102
RTVSPost2010PropOp50
 70
     0
102
RTVSPost2010Prop51ColorIndex
 90
      256
102
RTVSPost2010Prop51ColorRGB
 90
-16777216
102
RTVSPost2010PropOp51
 70
     0
102
RTVSPost2010Prop52
140
1.0
102
RTVSPost2010PropOp52
 70
     0
102
RTVSPost2010Prop53
 90
        2
102
RTVSPost2010PropOp53
 70
     0
102
RTVSPost2010Prop54
  1
strokes_ogs.tif
102
RTVSPost2010PropOp54
 70
     0
102
RTVSPost2010Prop55
280
     0
102
RTVSPost2010PropOp55
 70
     0
102
RTVSPost2010Prop56
140
1.0
102
RTVSPost2010PropOp56
 70
     0
102
RTVSPost2010Prop57
140
1.0
102
RTVSPost2010PropOp57
 70
     0
  0
XRECORD
  5
349
102
{ACAD_REACTORS
330
348
102
}
330
348
100
AcDbXrecord
280
     1
102
RTVSPropertyOp0
 70
     1
102
RTVSPropertyOp1
 70
     1
102
RTVSPropertyOp2
 70
     1
102
RTVSPropertyOp3
 70
     1
102
RTVSPropertyOp4
 70
     1
102
RTVSPropertyOp5
 70
     1
102
RTVSPropertyOp6
 70
     1
102
RTVSPropertyOp7
 70
     1
102
RTVSPropertyOp8
 70
     1
102
RTVSPropertyOp9
 70
     1
102
RTVSPropertyOp10
 70
     1
102
RTVSPropertyOp11
 70
     1
102
RTVSPropertyOp12
 70
     1
102
RTVSPropertyOp13
 70
     1
102
RTVSPropertyOp14
 70
     1
102
RTVSPropertyOp15
 70
     1
102
RTVSPropertyOp16
 70
     1
102
RTVSPropertyOp17
 70
     1
102
RTVSPropertyOp18
 70
     1
102
RTVSPropertyOp19
 70
     1
102
RTVSPropertyOp20
 70
     1
102
RTVSPropertyOp21
 70
     1
102
RTVSPropertyOp22
 70
     1
102
RTVSPropertyOp23
 70
     1
102
RTVSPropertyOp24
 70
     1
102
RTVSPropertyOp25
 70
     1
102
RTVSPropertyOp26
 70
     1
102
RTVSPropertyOp27
 70
     1
102
RTVSPropertyOp28
 70
     1
102
RTVSPropertyOp29
 70
     1
102
RTVSPropertyOp30
 70
     1
102
RTVSPropertyOp31
 70
     1
102
RTVSPropertyOp32
 70
     1
102
RTVSPropertyOp33
 70
     1
102
RTVSPropertyOp34
 70
     1
102
RTVSPropertyOp35
 70
     1
102
RTVSPropertyOp36
 70
     1
102
RTVSPropertyOp37
 70
     1
102
RTVSPropertyOp38
 70
     1
102
RTVSPropertyOp39
 70
     1
102
RTVSPropertyOp40
 70
     1
102
RTVSPropertyOp41
 70
     1
102
RTVSPropertyOp42
 70
     1
102
RTVSPropertyOp43
 70
     1
102
RTVSPropertyOp44
 70
     1
102
RTVSPropertyOp45
 70
     1
102
RTVSPropertyOp46
 70
     1
102
RTVSPropertyOp47
 70
     1
102
RTVSPropertyOp48
 70
     1
102
RTVSPropertyOp49
 70
     1
102
RTVSPropertyOp50
 70
     1
102
RTVSPropertyOp51
 70
     0
102
RTVSPropertyOp52
 70
     0
102
RTVSPropertyOp53
 70
     1
102
RTVSPropertyOp54
 70
     1
102
RTVSPropertyOp55
 70
     1
102
RTVSPropertyOp56
 70
     1
102
RTVSPropertyOp57
 70
     1
102
RTVSPost2010Prop28
280
     0
102
RTVSPost2010PropOp28
 70
     1
102
RTVSPost2010Prop29
280
     1
102
RTVSPost2010PropOp29
 70
     1
102
RTVSPost2010Prop30
280
     1
102
RTVSPost2010PropOp30
 70
     1
102
RTVSPost2010Prop31
280
     0
102
RTVSPost2010PropOp31
 70
     1
102
RTVSPost2010Prop32
280
     0
102
RTVSPost2010PropOp32
 70
     1
102
RTVSPost2010Prop33
280
     0
102
RTVSPost2010PropOp33
 70
     1
102
RTVSPost2010Prop34
280
     0
102
RTVSPost2010PropOp34
 70
     1
102
RTVSPost2010Prop35
280
     0
102
RTVSPost2010PropOp35
 70
     1
102
RTVSPost2010Prop36
280
     0
102
RTVSPost2010PropOp36
 70
     1
102
RTVSPost2010Prop37
 90
       50
102
RTVSPost2010PropOp37
 70
     1
102
RTVSPost2010Prop38
140
0.0
102
RTVSPost2010PropOp38
 70
     1
102
RTVSPost2010Prop39
140
1.0
102
RTVSPost2010PropOp39
 70
     1
102
RTVSPost2010Prop40
 90
        0
102
RTVSPost2010PropOp40
 70
     1
102
RTVSPost2010Prop41ColorIndex
 90
       18
102
RTVSPost2010Prop41ColorRGB
 90
        0
102
RTVSPost2010PropOp41
 70
     1
102
RTVSPost2010Prop42
 90
       50
102
RTVSPost2010PropOp42
 70
     1
102
RTVSPost2010Prop43
 90
        3
102
RTVSPost2010PropOp43
 70
     1
102
RTVSPost2010Prop44ColorIndex
 90
        5
102
RTVSPost2010Prop44ColorRGB
 90
      255
102
RTVSPost2010PropOp44
 70
     1
102
RTVSPost2010Prop45
280
     0
102
RTVSPost2010PropOp45
 70
     1
102
RTVSPost2010Prop46
 90
       50
102
RTVSPost2010PropOp46
 70
     1
102
RTVSPost2010Prop47
 90
       50
102
RTVSPost2010PropOp47
 70
     1
102
RTVSPost2010Prop48
 90
       50
102
RTVSPost2010PropOp48
 70
     1
102
RTVSPost2010Prop49
280
     0
102
RTVSPost2010PropOp49
 70
     1
102
RTVSPost2010Prop50
 90
       50
102
RTVSPost2010PropOp50
 70
     1
102
RTVSPost2010Prop51ColorIndex
 90
      256
102
RTVSPost2010Prop51ColorRGB
 90
-16777216
102
RTVSPost2010PropOp51
 70
     0
102
RTVSPost2010Prop52
140
1.0
102
RTVSPost2010PropOp52
 70
     0
102
RTVSPost2010Prop53
 90
        2
102
RTVSPost2010PropOp53
 70
     1
102
RTVSPost2010Prop54
  1
strokes_ogs.tif
102
RTVSPost2010PropOp54
 70
     1
102
RTVSPost2010Prop55
280
     0
102
RTVSPost2010PropOp55
 70
     1
102
RTVSPost2010Prop56
140
1.0
102
RTVSPost2010PropOp56
 70
     1
102
RTVSPost2010Prop57
140
1.0
102
RTVSPost2010PropOp57
 70
     1
  0
XRECORD
  5
32D
102
{ACAD_REACTORS
330
32C
102
}
330
32C
100
AcDbXrecord
280
     1
102
RTVSPropertyOp0
 70
     1
102
RTVSPropertyOp1
 70
     1
102
RTVSPropertyOp2
 70
     1
102
RTVSPropertyOp3
 70
     1
102
RTVSPropertyOp4
 70
     1
102
RTVSPropertyOp5
 70
     1
102
RTVSPropertyOp6
 70
     1
102
RTVSPropertyOp7
 70
     1
102
RTVSPropertyOp8
 70
     1
102
RTVSPropertyOp9
 70
     1
102
RTVSPropertyOp10
 70
     1
102
RTVSPropertyOp11
 70
     1
102
RTVSPropertyOp12
 70
     1
102
RTVSPropertyOp13
 70
     1
102
RTVSPropertyOp14
 70
     1
102
RTVSPropertyOp15
 70
     1
102
RTVSPropertyOp16
 70
     1
102
RTVSPropertyOp17
 70
     1
102
RTVSPropertyOp18
 70
     1
102
RTVSPropertyOp19
 70
     1
102
RTVSPropertyOp20
 70
     1
102
RTVSPropertyOp21
 70
     1
102
RTVSPropertyOp22
 70
     1
102
RTVSPropertyOp23
 70
     1
102
RTVSPropertyOp24
 70
     1
102
RTVSPropertyOp25
 70
     1
102
RTVSPropertyOp26
 70
     1
102
RTVSPropertyOp27
 70
     1
102
RTVSPropertyOp28
 70
     1
102
RTVSPropertyOp29
 70
     1
102
RTVSPropertyOp30
 70
     1
102
RTVSPropertyOp31
 70
     1
102
RTVSPropertyOp32
 70
     1
102
RTVSPropertyOp33
 70
     1
102
RTVSPropertyOp34
 70
     1
102
RTVSPropertyOp35
 70
     1
102
RTVSPropertyOp36
 70
     1
102
RTVSPropertyOp37
 70
     1
102
RTVSPropertyOp38
 70
     1
102
RTVSPropertyOp39
 70
     1
102
RTVSPropertyOp40
 70
     1
102
RTVSPropertyOp41
 70
     1
102
RTVSPropertyOp42
 70
     1
102
RTVSPropertyOp43
 70
     1
102
RTVSPropertyOp44
 70
     1
102
RTVSPropertyOp45
 70
     1
102
RTVSPropertyOp46
 70
     1
102
RTVSPropertyOp47
 70
     1
102
RTVSPropertyOp48
 70
     1
102
RTVSPropertyOp49
 70
     1
102
RTVSPropertyOp50
 70
     1
102
RTVSPropertyOp51
 70
     0
102
RTVSPropertyOp52
 70
     0
102
RTVSPropertyOp53
 70
     1
102
RTVSPropertyOp54
 70
     1
102
RTVSPropertyOp55
 70
     1
102
RTVSPropertyOp56
 70
     1
102
RTVSPropertyOp57
 70
     1
102
RTVSPost2010Prop28
280
     0
102
RTVSPost2010PropOp28
 70
     1
102
RTVSPost2010Prop29
280
     1
102
RTVSPost2010PropOp29
 70
     1
102
RTVSPost2010Prop30
280
     1
102
RTVSPost2010PropOp30
 70
     1
102
RTVSPost2010Prop31
280
     0
102
RTVSPost2010PropOp31
 70
     1
102
RTVSPost2010Prop32
280
     0
102
RTVSPost2010PropOp32
 70
     1
102
RTVSPost2010Prop33
280
     0
102
RTVSPost2010PropOp33
 70
     1
102
RTVSPost2010Prop34
280
     0
102
RTVSPost2010PropOp34
 70
     1
102
RTVSPost2010Prop35
280
     0
102
RTVSPost2010PropOp35
 70
     1
102
RTVSPost2010Prop36
280
     0
102
RTVSPost2010PropOp36
 70
     1
102
RTVSPost2010Prop37
 90
       50
102
RTVSPost2010PropOp37
 70
     1
102
RTVSPost2010Prop38
140
0.0
102
RTVSPost2010PropOp38
 70
     1
102
RTVSPost2010Prop39
140
1.0
102
RTVSPost2010PropOp39
 70
     1
102
RTVSPost2010Prop40
 90
        0
102
RTVSPost2010PropOp40
 70
     1
102
RTVSPost2010Prop41ColorIndex
 90
       18
102
RTVSPost2010Prop41ColorRGB
 90
        0
102
RTVSPost2010PropOp41
 70
     1
102
RTVSPost2010Prop42
 90
       50
102
RTVSPost2010PropOp42
 70
     1
102
RTVSPost2010Prop43
 90
        3
102
RTVSPost2010PropOp43
 70
     1
102
RTVSPost2010Prop44ColorIndex
 90
        5
102
RTVSPost2010Prop44ColorRGB
 90
      255
102
RTVSPost2010PropOp44
 70
     1
102
RTVSPost2010Prop45
280
     0
102
RTVSPost2010PropOp45
 70
     1
102
RTVSPost2010Prop46
 90
       50
102
RTVSPost2010PropOp46
 70
     1
102
RTVSPost2010Prop47
 90
       50
102
RTVSPost2010PropOp47
 70
     1
102
RTVSPost2010Prop48
 90
       50
102
RTVSPost2010PropOp48
 70
     1
102
RTVSPost2010Prop49
280
     0
102
RTVSPost2010PropOp49
 70
     1
102
RTVSPost2010Prop50
 90
       50
102
RTVSPost2010PropOp50
 70
     1
102
RTVSPost2010Prop51ColorIndex
 90
      256
102
RTVSPost2010Prop51ColorRGB
 90
-16777216
102
RTVSPost2010PropOp51
 70
     0
102
RTVSPost2010Prop52
140
1.0
102
RTVSPost2010PropOp52
 70
     0
102
RTVSPost2010Prop53
 90
        2
102
RTVSPost2010PropOp53
 70
     1
102
RTVSPost2010Prop54
  1
strokes_ogs.tif
102
RTVSPost2010PropOp54
 70
     1
102
RTVSPost2010Prop55
280
     0
102
RTVSPost2010PropOp55
 70
     1
102
RTVSPost2010Prop56
140
1.0
102
RTVSPost2010PropOp56
 70
     1
102
RTVSPost2010Prop57
140
1.0
102
RTVSPost2010PropOp57
 70
     1
  0
XRECORD
  5
32F
102
{ACAD_REACTORS
330
32E
102
}
330
32E
100
AcDbXrecord
280
     1
102
RTVSPropertyOp0
 70
     1
102
RTVSPropertyOp1
 70
     1
102
RTVSPropertyOp2
 70
     1
102
RTVSPropertyOp3
 70
     1
102
RTVSPropertyOp4
 70
     1
102
RTVSPropertyOp5
 70
     1
102
RTVSPropertyOp6
 70
     1
102
RTVSPropertyOp7
 70
     1
102
RTVSPropertyOp8
 70
     1
102
RTVSPropertyOp9
 70
     1
102
RTVSPropertyOp10
 70
     1
102
RTVSPropertyOp11
 70
     1
102
RTVSPropertyOp12
 70
     1
102
RTVSPropertyOp13
 70
     1
102
RTVSPropertyOp14
 70
     1
102
RTVSPropertyOp15
 70
     1
102
RTVSPropertyOp16
 70
     1
102
RTVSPropertyOp17
 70
     1
102
RTVSPropertyOp18
 70
     1
102
RTVSPropertyOp19
 70
     1
102
RTVSPropertyOp20
 70
     1
102
RTVSPropertyOp21
 70
     1
102
RTVSPropertyOp22
 70
     1
102
RTVSPropertyOp23
 70
     1
102
RTVSPropertyOp24
 70
     1
102
RTVSPropertyOp25
 70
     1
102
RTVSPropertyOp26
 70
     1
102
RTVSPropertyOp27
 70
     1
102
RTVSPropertyOp28
 70
     1
102
RTVSPropertyOp29
 70
     1
102
RTVSPropertyOp30
 70
     1
102
RTVSPropertyOp31
 70
     1
102
RTVSPropertyOp32
 70
     1
102
RTVSPropertyOp33
 70
     1
102
RTVSPropertyOp34
 70
     1
102
RTVSPropertyOp35
 70
     1
102
RTVSPropertyOp36
 70
     1
102
RTVSPropertyOp37
 70
     1
102
RTVSPropertyOp38
 70
     1
102
RTVSPropertyOp39
 70
     1
102
RTVSPropertyOp40
 70
     1
102
RTVSPropertyOp41
 70
     1
102
RTVSPropertyOp42
 70
     1
102
RTVSPropertyOp43
 70
     1
102
RTVSPropertyOp44
 70
     1
102
RTVSPropertyOp45
 70
     1
102
RTVSPropertyOp46
 70
     1
102
RTVSPropertyOp47
 70
     1
102
RTVSPropertyOp48
 70
     1
102
RTVSPropertyOp49
 70
     1
102
RTVSPropertyOp50
 70
     1
102
RTVSPropertyOp51
 70
     0
102
RTVSPropertyOp52
 70
     0
102
RTVSPropertyOp53
 70
     1
102
RTVSPropertyOp54
 70
     1
102
RTVSPropertyOp55
 70
     1
102
RTVSPropertyOp56
 70
     1
102
RTVSPropertyOp57
 70
     1
102
RTVSPost2010Prop28
280
     0
102
RTVSPost2010PropOp28
 70
     1
102
RTVSPost2010Prop29
280
     1
102
RTVSPost2010PropOp29
 70
     1
102
RTVSPost2010Prop30
280
     1
102
RTVSPost2010PropOp30
 70
     1
102
RTVSPost2010Prop31
280
     0
102
RTVSPost2010PropOp31
 70
     1
102
RTVSPost2010Prop32
280
     0
102
RTVSPost2010PropOp32
 70
     1
102
RTVSPost2010Prop33
280
     0
102
RTVSPost2010PropOp33
 70
     1
102
RTVSPost2010Prop34
280
     0
102
RTVSPost2010PropOp34
 70
     1
102
RTVSPost2010Prop35
280
     0
102
RTVSPost2010PropOp35
 70
     1
102
RTVSPost2010Prop36
280
     0
102
RTVSPost2010PropOp36
 70
     1
102
RTVSPost2010Prop37
 90
       50
102
RTVSPost2010PropOp37
 70
     1
102
RTVSPost2010Prop38
140
0.0
102
RTVSPost2010PropOp38
 70
     1
102
RTVSPost2010Prop39
140
1.0
102
RTVSPost2010PropOp39
 70
     1
102
RTVSPost2010Prop40
 90
        0
102
RTVSPost2010PropOp40
 70
     1
102
RTVSPost2010Prop41ColorIndex
 90
       18
102
RTVSPost2010Prop41ColorRGB
 90
        0
102
RTVSPost2010PropOp41
 70
     1
102
RTVSPost2010Prop42
 90
       50
102
RTVSPost2010PropOp42
 70
     1
102
RTVSPost2010Prop43
 90
        3
102
RTVSPost2010PropOp43
 70
     1
102
RTVSPost2010Prop44ColorIndex
 90
        5
102
RTVSPost2010Prop44ColorRGB
 90
      255
102
RTVSPost2010PropOp44
 70
     1
102
RTVSPost2010Prop45
280
     0
102
RTVSPost2010PropOp45
 70
     1
102
RTVSPost2010Prop46
 90
       50
102
RTVSPost2010PropOp46
 70
     1
102
RTVSPost2010Prop47
 90
       50
102
RTVSPost2010PropOp47
 70
     1
102
RTVSPost2010Prop48
 90
       50
102
RTVSPost2010PropOp48
 70
     1
102
RTVSPost2010Prop49
280
     0
102
RTVSPost2010PropOp49
 70
     1
102
RTVSPost2010Prop50
 90
       50
102
RTVSPost2010PropOp50
 70
     1
102
RTVSPost2010Prop51ColorIndex
 90
      256
102
RTVSPost2010Prop51ColorRGB
 90
-16777216
102
RTVSPost2010PropOp51
 70
     0
102
RTVSPost2010Prop52
140
1.0
102
RTVSPost2010PropOp52
 70
     0
102
RTVSPost2010Prop53
 90
        2
102
RTVSPost2010PropOp53
 70
     1
102
RTVSPost2010Prop54
  1
strokes_ogs.tif
102
RTVSPost2010PropOp54
 70
     1
102
RTVSPost2010Prop55
280
     0
102
RTVSPost2010PropOp55
 70
     1
102
RTVSPost2010Prop56
140
1.0
102
RTVSPost2010PropOp56
 70
     1
102
RTVSPost2010Prop57
140
1.0
102
RTVSPost2010PropOp57
 70
     1
  0
XRECORD
  5
331
102
{ACAD_REACTORS
330
330
102
}
330
330
100
AcDbXrecord
280
     1
102
RTVSPropertyOp0
 70
     1
102
RTVSPropertyOp1
 70
     1
102
RTVSPropertyOp2
 70
     1
102
RTVSPropertyOp3
 70
     1
102
RTVSPropertyOp4
 70
     1
102
RTVSPropertyOp5
 70
     1
102
RTVSPropertyOp6
 70
     1
102
RTVSPropertyOp7
 70
     1
102
RTVSPropertyOp8
 70
     1
102
RTVSPropertyOp9
 70
     1
102
RTVSPropertyOp10
 70
     1
102
RTVSPropertyOp11
 70
     1
102
RTVSPropertyOp12
 70
     1
102
RTVSPropertyOp13
 70
     1
102
RTVSPropertyOp14
 70
     1
102
RTVSPropertyOp15
 70
     1
102
RTVSPropertyOp16
 70
     1
102
RTVSPropertyOp17
 70
     1
102
RTVSPropertyOp18
 70
     1
102
RTVSPropertyOp19
 70
     1
102
RTVSPropertyOp20
 70
     1
102
RTVSPropertyOp21
 70
     1
102
RTVSPropertyOp22
 70
     1
102
RTVSPropertyOp23
 70
     1
102
RTVSPropertyOp24
 70
     1
102
RTVSPropertyOp25
 70
     1
102
RTVSPropertyOp26
 70
     1
102
RTVSPropertyOp27
 70
     1
102
RTVSPropertyOp28
 70
     1
102
RTVSPropertyOp29
 70
     1
102
RTVSPropertyOp30
 70
     1
102
RTVSPropertyOp31
 70
     1
102
RTVSPropertyOp32
 70
     1
102
RTVSPropertyOp33
 70
     1
102
RTVSPropertyOp34
 70
     1
102
RTVSPropertyOp35
 70
     1
102
RTVSPropertyOp36
 70
     1
102
RTVSPropertyOp37
 70
     1
102
RTVSPropertyOp38
 70
     1
102
RTVSPropertyOp39
 70
     1
102
RTVSPropertyOp40
 70
     1
102
RTVSPropertyOp41
 70
     1
102
RTVSPropertyOp42
 70
     1
102
RTVSPropertyOp43
 70
     1
102
RTVSPropertyOp44
 70
     1
102
RTVSPropertyOp45
 70
     1
102
RTVSPropertyOp46
 70
     1
102
RTVSPropertyOp47
 70
     1
102
RTVSPropertyOp48
 70
     1
102
RTVSPropertyOp49
 70
     1
102
RTVSPropertyOp50
 70
     1
102
RTVSPropertyOp51
 70
     0
102
RTVSPropertyOp52
 70
     0
102
RTVSPropertyOp53
 70
     1
102
RTVSPropertyOp54
 70
     1
102
RTVSPropertyOp55
 70
     1
102
RTVSPropertyOp56
 70
     1
102
RTVSPropertyOp57
 70
     1
102
RTVSPost2010Prop28
280
     0
102
RTVSPost2010PropOp28
 70
     1
102
RTVSPost2010Prop29
280
     1
102
RTVSPost2010PropOp29
 70
     1
102
RTVSPost2010Prop30
280
     1
102
RTVSPost2010PropOp30
 70
     1
102
RTVSPost2010Prop31
280
     0
102
RTVSPost2010PropOp31
 70
     1
102
RTVSPost2010Prop32
280
     0
102
RTVSPost2010PropOp32
 70
     1
102
RTVSPost2010Prop33
280
     0
102
RTVSPost2010PropOp33
 70
     1
102
RTVSPost2010Prop34
280
     0
102
RTVSPost2010PropOp34
 70
     1
102
RTVSPost2010Prop35
280
     0
102
RTVSPost2010PropOp35
 70
     1
102
RTVSPost2010Prop36
280
     0
102
RTVSPost2010PropOp36
 70
     1
102
RTVSPost2010Prop37
 90
       50
102
RTVSPost2010PropOp37
 70
     1
102
RTVSPost2010Prop38
140
0.0
102
RTVSPost2010PropOp38
 70
     1
102
RTVSPost2010Prop39
140
1.0
102
RTVSPost2010PropOp39
 70
     1
102
RTVSPost2010Prop40
 90
        0
102
RTVSPost2010PropOp40
 70
     1
102
RTVSPost2010Prop41ColorIndex
 90
       18
102
RTVSPost2010Prop41ColorRGB
 90
        0
102
RTVSPost2010PropOp41
 70
     1
102
RTVSPost2010Prop42
 90
       50
102
RTVSPost2010PropOp42
 70
     1
102
RTVSPost2010Prop43
 90
        3
102
RTVSPost2010PropOp43
 70
     1
102
RTVSPost2010Prop44ColorIndex
 90
        5
102
RTVSPost2010Prop44ColorRGB
 90
      255
102
RTVSPost2010PropOp44
 70
     1
102
RTVSPost2010Prop45
280
     0
102
RTVSPost2010PropOp45
 70
     1
102
RTVSPost2010Prop46
 90
       50
102
RTVSPost2010PropOp46
 70
     1
102
RTVSPost2010Prop47
 90
       50
102
RTVSPost2010PropOp47
 70
     1
102
RTVSPost2010Prop48
 90
       50
102
RTVSPost2010PropOp48
 70
     1
102
RTVSPost2010Prop49
280
     0
102
RTVSPost2010PropOp49
 70
     1
102
RTVSPost2010Prop50
 90
       50
102
RTVSPost2010PropOp50
 70
     1
102
RTVSPost2010Prop51ColorIndex
 90
      256
102
RTVSPost2010Prop51ColorRGB
 90
-16777216
102
RTVSPost2010PropOp51
 70
     0
102
RTVSPost2010Prop52
140
1.0
102
RTVSPost2010PropOp52
 70
     0
102
RTVSPost2010Prop53
 90
        2
102
RTVSPost2010PropOp53
 70
     1
102
RTVSPost2010Prop54
  1
strokes_ogs.tif
102
RTVSPost2010PropOp54
 70
     1
102
RTVSPost2010Prop55
280
     0
102
RTVSPost2010PropOp55
 70
     1
102
RTVSPost2010Prop56
140
1.0
102
RTVSPost2010PropOp56
 70
     1
102
RTVSPost2010Prop57
140
1.0
102
RTVSPost2010PropOp57
 70
     1
  0
XRECORD
  5
333
102
{ACAD_REACTORS
330
332
102
}
330
332
100
AcDbXrecord
280
     1
102
RTVSPropertyOp0
 70
     1
102
RTVSPropertyOp1
 70
     1
102
RTVSPropertyOp2
 70
     1
102
RTVSPropertyOp3
 70
     1
102
RTVSPropertyOp4
 70
     1
102
RTVSPropertyOp5
 70
     1
102
RTVSPropertyOp6
 70
     1
102
RTVSPropertyOp7
 70
     1
102
RTVSPropertyOp8
 70
     1
102
RTVSPropertyOp9
 70
     1
102
RTVSPropertyOp10
 70
     1
102
RTVSPropertyOp11
 70
     1
102
RTVSPropertyOp12
 70
     1
102
RTVSPropertyOp13
 70
     1
102
RTVSPropertyOp14
 70
     1
102
RTVSPropertyOp15
 70
     1
102
RTVSPropertyOp16
 70
     1
102
RTVSPropertyOp17
 70
     1
102
RTVSPropertyOp18
 70
     1
102
RTVSPropertyOp19
 70
     1
102
RTVSPropertyOp20
 70
     1
102
RTVSPropertyOp21
 70
     1
102
RTVSPropertyOp22
 70
     1
102
RTVSPropertyOp23
 70
     1
102
RTVSPropertyOp24
 70
     1
102
RTVSPropertyOp25
 70
     1
102
RTVSPropertyOp26
 70
     1
102
RTVSPropertyOp27
 70
     1
102
RTVSPropertyOp28
 70
     1
102
RTVSPropertyOp29
 70
     1
102
RTVSPropertyOp30
 70
     1
102
RTVSPropertyOp31
 70
     1
102
RTVSPropertyOp32
 70
     1
102
RTVSPropertyOp33
 70
     1
102
RTVSPropertyOp34
 70
     1
102
RTVSPropertyOp35
 70
     1
102
RTVSPropertyOp36
 70
     1
102
RTVSPropertyOp37
 70
     1
102
RTVSPropertyOp38
 70
     1
102
RTVSPropertyOp39
 70
     1
102
RTVSPropertyOp40
 70
     1
102
RTVSPropertyOp41
 70
     1
102
RTVSPropertyOp42
 70
     1
102
RTVSPropertyOp43
 70
     1
102
RTVSPropertyOp44
 70
     1
102
RTVSPropertyOp45
 70
     1
102
RTVSPropertyOp46
 70
     1
102
RTVSPropertyOp47
 70
     1
102
RTVSPropertyOp48
 70
     1
102
RTVSPropertyOp49
 70
     1
102
RTVSPropertyOp50
 70
     1
102
RTVSPropertyOp51
 70
     0
102
RTVSPropertyOp52
 70
     0
102
RTVSPropertyOp53
 70
     1
102
RTVSPropertyOp54
 70
     1
102
RTVSPropertyOp55
 70
     1
102
RTVSPropertyOp56
 70
     1
102
RTVSPropertyOp57
 70
     1
102
RTVSPost2010Prop28
280
     0
102
RTVSPost2010PropOp28
 70
     1
102
RTVSPost2010Prop29
280
     1
102
RTVSPost2010PropOp29
 70
     1
102
RTVSPost2010Prop30
280
     1
102
RTVSPost2010PropOp30
 70
     1
102
RTVSPost2010Prop31
280
     0
102
RTVSPost2010PropOp31
 70
     1
102
RTVSPost2010Prop32
280
     0
102
RTVSPost2010PropOp32
 70
     1
102
RTVSPost2010Prop33
280
     0
102
RTVSPost2010PropOp33
 70
     1
102
RTVSPost2010Prop34
280
     0
102
RTVSPost2010PropOp34
 70
     1
102
RTVSPost2010Prop35
280
     0
102
RTVSPost2010PropOp35
 70
     1
102
RTVSPost2010Prop36
280
     0
102
RTVSPost2010PropOp36
 70
     1
102
RTVSPost2010Prop37
 90
       50
102
RTVSPost2010PropOp37
 70
     1
102
RTVSPost2010Prop38
140
0.0
102
RTVSPost2010PropOp38
 70
     1
102
RTVSPost2010Prop39
140
1.0
102
RTVSPost2010PropOp39
 70
     1
102
RTVSPost2010Prop40
 90
        0
102
RTVSPost2010PropOp40
 70
     1
102
RTVSPost2010Prop41ColorIndex
 90
       18
102
RTVSPost2010Prop41ColorRGB
 90
        0
102
RTVSPost2010PropOp41
 70
     1
102
RTVSPost2010Prop42
 90
       50
102
RTVSPost2010PropOp42
 70
     1
102
RTVSPost2010Prop43
 90
        3
102
RTVSPost2010PropOp43
 70
     1
102
RTVSPost2010Prop44ColorIndex
 90
        5
102
RTVSPost2010Prop44ColorRGB
 90
      255
102
RTVSPost2010PropOp44
 70
     1
102
RTVSPost2010Prop45
280
     0
102
RTVSPost2010PropOp45
 70
     1
102
RTVSPost2010Prop46
 90
       50
102
RTVSPost2010PropOp46
 70
     1
102
RTVSPost2010Prop47
 90
       50
102
RTVSPost2010PropOp47
 70
     1
102
RTVSPost2010Prop48
 90
       50
102
RTVSPost2010PropOp48
 70
     1
102
RTVSPost2010Prop49
280
     0
102
RTVSPost2010PropOp49
 70
     1
102
RTVSPost2010Prop50
 90
       50
102
RTVSPost2010PropOp50
 70
     1
102
RTVSPost2010Prop51ColorIndex
 90
      256
102
RTVSPost2010Prop51ColorRGB
 90
-16777216
102
RTVSPost2010PropOp51
 70
     0
102
RTVSPost2010Prop52
140
1.0
102
RTVSPost2010PropOp52
 70
     0
102
RTVSPost2010Prop53
 90
        2
102
RTVSPost2010PropOp53
 70
     1
102
RTVSPost2010Prop54
  1
strokes_ogs.tif
102
RTVSPost2010PropOp54
 70
     1
102
RTVSPost2010Prop55
280
     0
102
RTVSPost2010PropOp55
 70
     1
102
RTVSPost2010Prop56
140
1.0
102
RTVSPost2010PropOp56
 70
     1
102
RTVSPost2010Prop57
140
1.0
102
RTVSPost2010PropOp57
 70
     1
  0
XRECORD
  5
339
102
{ACAD_REACTORS
330
338
102
}
330
338
100
AcDbXrecord
280
     1
102
RTVSPropertyOp0
 70
     1
102
RTVSPropertyOp1
 70
     1
102
RTVSPropertyOp2
 70
     1
102
RTVSPropertyOp3
 70
     1
102
RTVSPropertyOp4
 70
     1
102
RTVSPropertyOp5
 70
     1
102
RTVSPropertyOp6
 70
     1
102
RTVSPropertyOp7
 70
     1
102
RTVSPropertyOp8
 70
     1
102
RTVSPropertyOp9
 70
     1
102
RTVSPropertyOp10
 70
     1
102
RTVSPropertyOp11
 70
     1
102
RTVSPropertyOp12
 70
     1
102
RTVSPropertyOp13
 70
     1
102
RTVSPropertyOp14
 70
     1
102
RTVSPropertyOp15
 70
     1
102
RTVSPropertyOp16
 70
     1
102
RTVSPropertyOp17
 70
     1
102
RTVSPropertyOp18
 70
     1
102
RTVSPropertyOp19
 70
     1
102
RTVSPropertyOp20
 70
     1
102
RTVSPropertyOp21
 70
     1
102
RTVSPropertyOp22
 70
     1
102
RTVSPropertyOp23
 70
     1
102
RTVSPropertyOp24
 70
     1
102
RTVSPropertyOp25
 70
     1
102
RTVSPropertyOp26
 70
     1
102
RTVSPropertyOp27
 70
     1
102
RTVSPropertyOp28
 70
     1
102
RTVSPropertyOp29
 70
     1
102
RTVSPropertyOp30
 70
     1
102
RTVSPropertyOp31
 70
     1
102
RTVSPropertyOp32
 70
     1
102
RTVSPropertyOp33
 70
     1
102
RTVSPropertyOp34
 70
     1
102
RTVSPropertyOp35
 70
     1
102
RTVSPropertyOp36
 70
     1
102
RTVSPropertyOp37
 70
     1
102
RTVSPropertyOp38
 70
     1
102
RTVSPropertyOp39
 70
     1
102
RTVSPropertyOp40
 70
     1
102
RTVSPropertyOp41
 70
     1
102
RTVSPropertyOp42
 70
     1
102
RTVSPropertyOp43
 70
     1
102
RTVSPropertyOp44
 70
     1
102
RTVSPropertyOp45
 70
     1
102
RTVSPropertyOp46
 70
     1
102
RTVSPropertyOp47
 70
     1
102
RTVSPropertyOp48
 70
     1
102
RTVSPropertyOp49
 70
     1
102
RTVSPropertyOp50
 70
     1
102
RTVSPropertyOp51
 70
     0
102
RTVSPropertyOp52
 70
     0
102
RTVSPropertyOp53
 70
     1
102
RTVSPropertyOp54
 70
     1
102
RTVSPropertyOp55
 70
     1
102
RTVSPropertyOp56
 70
     1
102
RTVSPropertyOp57
 70
     1
102
RTVSPost2010Prop28
280
     0
102
RTVSPost2010PropOp28
 70
     1
102
RTVSPost2010Prop29
280
     1
102
RTVSPost2010PropOp29
 70
     1
102
RTVSPost2010Prop30
280
     1
102
RTVSPost2010PropOp30
 70
     1
102
RTVSPost2010Prop31
280
     0
102
RTVSPost2010PropOp31
 70
     1
102
RTVSPost2010Prop32
280
     0
102
RTVSPost2010PropOp32
 70
     1
102
RTVSPost2010Prop33
280
     0
102
RTVSPost2010PropOp33
 70
     1
102
RTVSPost2010Prop34
280
     0
102
RTVSPost2010PropOp34
 70
     1
102
RTVSPost2010Prop35
280
     0
102
RTVSPost2010PropOp35
 70
     1
102
RTVSPost2010Prop36
280
     0
102
RTVSPost2010PropOp36
 70
     1
102
RTVSPost2010Prop37
 90
       50
102
RTVSPost2010PropOp37
 70
     1
102
RTVSPost2010Prop38
140
0.0
102
RTVSPost2010PropOp38
 70
     1
102
RTVSPost2010Prop39
140
1.0
102
RTVSPost2010PropOp39
 70
     1
102
RTVSPost2010Prop40
 90
        0
102
RTVSPost2010PropOp40
 70
     1
102
RTVSPost2010Prop41ColorIndex
 90
       18
102
RTVSPost2010Prop41ColorRGB
 90
        0
102
RTVSPost2010PropOp41
 70
     1
102
RTVSPost2010Prop42
 90
       50
102
RTVSPost2010PropOp42
 70
     1
102
RTVSPost2010Prop43
 90
        3
102
RTVSPost2010PropOp43
 70
     1
102
RTVSPost2010Prop44ColorIndex
 90
        5
102
RTVSPost2010Prop44ColorRGB
 90
      255
102
RTVSPost2010PropOp44
 70
     1
102
RTVSPost2010Prop45
280
     0
102
RTVSPost2010PropOp45
 70
     1
102
RTVSPost2010Prop46
 90
       50
102
RTVSPost2010PropOp46
 70
     1
102
RTVSPost2010Prop47
 90
       50
102
RTVSPost2010PropOp47
 70
     1
102
RTVSPost2010Prop48
 90
       50
102
RTVSPost2010PropOp48
 70
     1
102
RTVSPost2010Prop49
280
     0
102
RTVSPost2010PropOp49
 70
     1
102
RTVSPost2010Prop50
 90
       50
102
RTVSPost2010PropOp50
 70
     1
102
RTVSPost2010Prop51ColorIndex
 90
      256
102
RTVSPost2010Prop51ColorRGB
 90
-16777216
102
RTVSPost2010PropOp51
 70
     0
102
RTVSPost2010Prop52
140
1.0
102
RTVSPost2010PropOp52
 70
     0
102
RTVSPost2010Prop53
 90
        2
102
RTVSPost2010PropOp53
 70
     1
102
RTVSPost2010Prop54
  1
strokes_ogs.tif
102
RTVSPost2010PropOp54
 70
     1
102
RTVSPost2010Prop55
280
     0
102
RTVSPost2010PropOp55
 70
     1
102
RTVSPost2010Prop56
140
1.0
102
RTVSPost2010PropOp56
 70
     1
102
RTVSPost2010Prop57
140
1.0
102
RTVSPost2010PropOp57
 70
     1
  0
XRECORD
  5
34D
102
{ACAD_REACTORS
330
34C
102
}
330
34C
100
AcDbXrecord
280
     1
102
RTVSPropertyOp0
 70
     0
102
RTVSPropertyOp1
 70
     0
102
RTVSPropertyOp2
 70
     0
102
RTVSPropertyOp3
 70
     0
102
RTVSPropertyOp4
 70
     0
102
RTVSPropertyOp5
 70
     0
102
RTVSPropertyOp6
 70
     0
102
RTVSPropertyOp7
 70
     0
102
RTVSPropertyOp8
 70
     0
102
RTVSPropertyOp9
 70
     0
102
RTVSPropertyOp10
 70
     0
102
RTVSPropertyOp11
 70
     0
102
RTVSPropertyOp12
 70
     0
102
RTVSPropertyOp13
 70
     0
102
RTVSPropertyOp14
 70
     2
102
RTVSPropertyOp15
 70
     0
102
RTVSPropertyOp16
 70
     0
102
RTVSPropertyOp17
 70
     0
102
RTVSPropertyOp18
 70
     0
102
RTVSPropertyOp19
 70
     0
102
RTVSPropertyOp20
 70
     0
102
RTVSPropertyOp21
 70
     0
102
RTVSPropertyOp22
 70
     0
102
RTVSPropertyOp23
 70
     0
102
RTVSPropertyOp24
 70
     0
102
RTVSPropertyOp25
 70
     0
102
RTVSPropertyOp26
 70
     0
102
RTVSPropertyOp27
 70
     0
102
RTVSPropertyOp28
 70
     0
102
RTVSPropertyOp29
 70
     0
102
RTVSPropertyOp30
 70
     0
102
RTVSPropertyOp31
 70
     0
102
RTVSPropertyOp32
 70
     0
102
RTVSPropertyOp33
 70
     0
102
RTVSPropertyOp34
 70
     0
102
RTVSPropertyOp35
 70
     0
102
RTVSPropertyOp36
 70
     0
102
RTVSPropertyOp37
 70
     0
102
RTVSPropertyOp38
 70
     0
102
RTVSPropertyOp39
 70
     0
102
RTVSPropertyOp40
 70
     0
102
RTVSPropertyOp41
 70
     0
102
RTVSPropertyOp42
 70
     0
102
RTVSPropertyOp43
 70
     0
102
RTVSPropertyOp44
 70
     0
102
RTVSPropertyOp45
 70
     0
102
RTVSPropertyOp46
 70
     0
102
RTVSPropertyOp47
 70
     0
102
RTVSPropertyOp48
 70
     0
102
RTVSPropertyOp49
 70
     0
102
RTVSPropertyOp50
 70
     0
102
RTVSPropertyOp51
 70
     0
102
RTVSPropertyOp52
 70
     0
102
RTVSPropertyOp53
 70
     0
102
RTVSPropertyOp54
 70
     0
102
RTVSPropertyOp55
 70
     0
102
RTVSPropertyOp56
 70
     0
102
RTVSPropertyOp57
 70
     0
102
RTVSPost2010Prop28
280
     0
102
RTVSPost2010PropOp28
 70
     0
102
RTVSPost2010Prop29
280
     1
102
RTVSPost2010PropOp29
 70
     0
102
RTVSPost2010Prop30
280
     1
102
RTVSPost2010PropOp30
 70
     0
102
RTVSPost2010Prop31
280
     0
102
RTVSPost2010PropOp31
 70
     0
102
RTVSPost2010Prop32
280
     0
102
RTVSPost2010PropOp32
 70
     0
102
RTVSPost2010Prop33
280
     0
102
RTVSPost2010PropOp33
 70
     0
102
RTVSPost2010Prop34
280
     0
102
RTVSPost2010PropOp34
 70
     0
102
RTVSPost2010Prop35
280
     0
102
RTVSPost2010PropOp35
 70
     0
102
RTVSPost2010Prop36
280
     0
102
RTVSPost2010PropOp36
 70
     0
102
RTVSPost2010Prop37
 90
       50
102
RTVSPost2010PropOp37
 70
     0
102
RTVSPost2010Prop38
140
0.0
102
RTVSPost2010PropOp38
 70
     0
102
RTVSPost2010Prop39
140
1.0
102
RTVSPost2010PropOp39
 70
     0
102
RTVSPost2010Prop40
 90
        0
102
RTVSPost2010PropOp40
 70
     0
102
RTVSPost2010Prop41ColorIndex
 90
       18
102
RTVSPost2010Prop41ColorRGB
 90
        0
102
RTVSPost2010PropOp41
 70
     0
102
RTVSPost2010Prop42
 90
       50
102
RTVSPost2010PropOp42
 70
     0
102
RTVSPost2010Prop43
 90
        3
102
RTVSPost2010PropOp43
 70
     0
102
RTVSPost2010Prop44ColorIndex
 90
        5
102
RTVSPost2010Prop44ColorRGB
 90
      255
102
RTVSPost2010PropOp44
 70
     0
102
RTVSPost2010Prop45
280
     0
102
RTVSPost2010PropOp45
 70
     0
102
RTVSPost2010Prop46
 90
       50
102
RTVSPost2010PropOp46
 70
     0
102
RTVSPost2010Prop47
 90
       50
102
RTVSPost2010PropOp47
 70
     0
102
RTVSPost2010Prop48
 90
       50
102
RTVSPost2010PropOp48
 70
     0
102
RTVSPost2010Prop49
280
     0
102
RTVSPost2010PropOp49
 70
     0
102
RTVSPost2010Prop50
 90
       50
102
RTVSPost2010PropOp50
 70
     0
102
RTVSPost2010Prop51ColorIndex
 90
      256
102
RTVSPost2010Prop51ColorRGB
 90
-16777216
102
RTVSPost2010PropOp51
 70
     0
102
RTVSPost2010Prop52
140
1.0
102
RTVSPost2010PropOp52
 70
     0
102
RTVSPost2010Prop53
 90
        2
102
RTVSPost2010PropOp53
 70
     0
102
RTVSPost2010Prop54
  1
strokes_ogs.tif
102
RTVSPost2010PropOp54
 70
     0
102
RTVSPost2010Prop55
280
     0
102
RTVSPost2010PropOp55
 70
     0
102
RTVSPost2010Prop56
140
1.0
102
RTVSPost2010PropOp56
 70
     0
102
RTVSPost2010Prop57
140
1.0
102
RTVSPost2010PropOp57
 70
     0
  0
XRECORD
  5
347
102
{ACAD_REACTORS
330
346
102
}
330
346
100
AcDbXrecord
280
     1
102
RTVSPropertyOp0
 70
     1
102
RTVSPropertyOp1
 70
     1
102
RTVSPropertyOp2
 70
     1
102
RTVSPropertyOp3
 70
     1
102
RTVSPropertyOp4
 70
     1
102
RTVSPropertyOp5
 70
     1
102
RTVSPropertyOp6
 70
     1
102
RTVSPropertyOp7
 70
     1
102
RTVSPropertyOp8
 70
     1
102
RTVSPropertyOp9
 70
     1
102
RTVSPropertyOp10
 70
     1
102
RTVSPropertyOp11
 70
     1
102
RTVSPropertyOp12
 70
     1
102
RTVSPropertyOp13
 70
     1
102
RTVSPropertyOp14
 70
     1
102
RTVSPropertyOp15
 70
     1
102
RTVSPropertyOp16
 70
     1
102
RTVSPropertyOp17
 70
     1
102
RTVSPropertyOp18
 70
     1
102
RTVSPropertyOp19
 70
     1
102
RTVSPropertyOp20
 70
     1
102
RTVSPropertyOp21
 70
     1
102
RTVSPropertyOp22
 70
     1
102
RTVSPropertyOp23
 70
     1
102
RTVSPropertyOp24
 70
     1
102
RTVSPropertyOp25
 70
     1
102
RTVSPropertyOp26
 70
     1
102
RTVSPropertyOp27
 70
     1
102
RTVSPropertyOp28
 70
     1
102
RTVSPropertyOp29
 70
     1
102
RTVSPropertyOp30
 70
     1
102
RTVSPropertyOp31
 70
     1
102
RTVSPropertyOp32
 70
     1
102
RTVSPropertyOp33
 70
     1
102
RTVSPropertyOp34
 70
     1
102
RTVSPropertyOp35
 70
     1
102
RTVSPropertyOp36
 70
     1
102
RTVSPropertyOp37
 70
     1
102
RTVSPropertyOp38
 70
     1
102
RTVSPropertyOp39
 70
     1
102
RTVSPropertyOp40
 70
     1
102
RTVSPropertyOp41
 70
     1
102
RTVSPropertyOp42
 70
     1
102
RTVSPropertyOp43
 70
     1
102
RTVSPropertyOp44
 70
     1
102
RTVSPropertyOp45
 70
     1
102
RTVSPropertyOp46
 70
     1
102
RTVSPropertyOp47
 70
     1
102
RTVSPropertyOp48
 70
     1
102
RTVSPropertyOp49
 70
     1
102
RTVSPropertyOp50
 70
     1
102
RTVSPropertyOp51
 70
     0
102
RTVSPropertyOp52
 70
     0
102
RTVSPropertyOp53
 70
     1
102
RTVSPropertyOp54
 70
     1
102
RTVSPropertyOp55
 70
     1
102
RTVSPropertyOp56
 70
     1
102
RTVSPropertyOp57
 70
     1
102
RTVSPost2010Prop28
280
     0
102
RTVSPost2010PropOp28
 70
     1
102
RTVSPost2010Prop29
280
     1
102
RTVSPost2010PropOp29
 70
     1
102
RTVSPost2010Prop30
280
     1
102
RTVSPost2010PropOp30
 70
     1
102
RTVSPost2010Prop31
280
     0
102
RTVSPost2010PropOp31
 70
     1
102
RTVSPost2010Prop32
280
     0
102
RTVSPost2010PropOp32
 70
     1
102
RTVSPost2010Prop33
280
     0
102
RTVSPost2010PropOp33
 70
     1
102
RTVSPost2010Prop34
280
     0
102
RTVSPost2010PropOp34
 70
     1
102
RTVSPost2010Prop35
280
     0
102
RTVSPost2010PropOp35
 70
     1
102
RTVSPost2010Prop36
280
     0
102
RTVSPost2010PropOp36
 70
     1
102
RTVSPost2010Prop37
 90
       50
102
RTVSPost2010PropOp37
 70
     1
102
RTVSPost2010Prop38
140
0.0
102
RTVSPost2010PropOp38
 70
     1
102
RTVSPost2010Prop39
140
1.0
102
RTVSPost2010PropOp39
 70
     1
102
RTVSPost2010Prop40
 90
        0
102
RTVSPost2010PropOp40
 70
     1
102
RTVSPost2010Prop41ColorIndex
 90
       18
102
RTVSPost2010Prop41ColorRGB
 90
        0
102
RTVSPost2010PropOp41
 70
     1
102
RTVSPost2010Prop42
 90
       50
102
RTVSPost2010PropOp42
 70
     1
102
RTVSPost2010Prop43
 90
        3
102
RTVSPost2010PropOp43
 70
     1
102
RTVSPost2010Prop44ColorIndex
 90
        5
102
RTVSPost2010Prop44ColorRGB
 90
      255
102
RTVSPost2010PropOp44
 70
     1
102
RTVSPost2010Prop45
280
     0
102
RTVSPost2010PropOp45
 70
     1
102
RTVSPost2010Prop46
 90
       50
102
RTVSPost2010PropOp46
 70
     1
102
RTVSPost2010Prop47
 90
       50
102
RTVSPost2010PropOp47
 70
     1
102
RTVSPost2010Prop48
 90
       50
102
RTVSPost2010PropOp48
 70
     1
102
RTVSPost2010Prop49
280
     0
102
RTVSPost2010PropOp49
 70
     1
102
RTVSPost2010Prop50
 90
       50
102
RTVSPost2010PropOp50
 70
     1
102
RTVSPost2010Prop51ColorIndex
 90
      256
102
RTVSPost2010Prop51ColorRGB
 90
-16777216
102
RTVSPost2010PropOp51
 70
     0
102
RTVSPost2010Prop52
140
1.0
102
RTVSPost2010PropOp52
 70
     0
102
RTVSPost2010Prop53
 90
        2
102
RTVSPost2010PropOp53
 70
     1
102
RTVSPost2010Prop54
  1
strokes_ogs.tif
102
RTVSPost2010PropOp54
 70
     1
102
RTVSPost2010Prop55
280
     0
102
RTVSPost2010PropOp55
 70
     1
102
RTVSPost2010Prop56
140
1.0
102
RTVSPost2010PropOp56
 70
     1
102
RTVSPost2010Prop57
140
1.0
102
RTVSPost2010PropOp57
 70
     1
  0
XRECORD
  5
34F
102
{ACAD_REACTORS
330
34E
102
}
330
34E
100
AcDbXrecord
280
     1
102
RTVSPropertyOp0
 70
     0
102
RTVSPropertyOp1
 70
     0
102
RTVSPropertyOp2
 70
     0
102
RTVSPropertyOp3
 70
     0
102
RTVSPropertyOp4
 70
     0
102
RTVSPropertyOp5
 70
     0
102
RTVSPropertyOp6
 70
     0
102
RTVSPropertyOp7
 70
     0
102
RTVSPropertyOp8
 70
     0
102
RTVSPropertyOp9
 70
     0
102
RTVSPropertyOp10
 70
     0
102
RTVSPropertyOp11
 70
     0
102
RTVSPropertyOp12
 70
     0
102
RTVSPropertyOp13
 70
     0
102
RTVSPropertyOp14
 70
     2
102
RTVSPropertyOp15
 70
     0
102
RTVSPropertyOp16
 70
     0
102
RTVSPropertyOp17
 70
     0
102
RTVSPropertyOp18
 70
     0
102
RTVSPropertyOp19
 70
     0
102
RTVSPropertyOp20
 70
     0
102
RTVSPropertyOp21
 70
     0
102
RTVSPropertyOp22
 70
     0
102
RTVSPropertyOp23
 70
     0
102
RTVSPropertyOp24
 70
     0
102
RTVSPropertyOp25
 70
     0
102
RTVSPropertyOp26
 70
     0
102
RTVSPropertyOp27
 70
     0
102
RTVSPropertyOp28
 70
     0
102
RTVSPropertyOp29
 70
     0
102
RTVSPropertyOp30
 70
     0
102
RTVSPropertyOp31
 70
     0
102
RTVSPropertyOp32
 70
     0
102
RTVSPropertyOp33
 70
     0
102
RTVSPropertyOp34
 70
     0
102
RTVSPropertyOp35
 70
     0
102
RTVSPropertyOp36
 70
     0
102
RTVSPropertyOp37
 70
     0
102
RTVSPropertyOp38
 70
     0
102
RTVSPropertyOp39
 70
     0
102
RTVSPropertyOp40
 70
     0
102
RTVSPropertyOp41
 70
     0
102
RTVSPropertyOp42
 70
     0
102
RTVSPropertyOp43
 70
     0
102
RTVSPropertyOp44
 70
     0
102
RTVSPropertyOp45
 70
     0
102
RTVSPropertyOp46
 70
     0
102
RTVSPropertyOp47
 70
     0
102
RTVSPropertyOp48
 70
     0
102
RTVSPropertyOp49
 70
     0
102
RTVSPropertyOp50
 70
     0
102
RTVSPropertyOp51
 70
     0
102
RTVSPropertyOp52
 70
     0
102
RTVSPropertyOp53
 70
     0
102
RTVSPropertyOp54
 70
     0
102
RTVSPropertyOp55
 70
     0
102
RTVSPropertyOp56
 70
     0
102
RTVSPropertyOp57
 70
     0
102
RTVSPost2010Prop28
280
     0
102
RTVSPost2010PropOp28
 70
     0
102
RTVSPost2010Prop29
280
     1
102
RTVSPost2010PropOp29
 70
     0
102
RTVSPost2010Prop30
280
     1
102
RTVSPost2010PropOp30
 70
     0
102
RTVSPost2010Prop31
280
     0
102
RTVSPost2010PropOp31
 70
     0
102
RTVSPost2010Prop32
280
     0
102
RTVSPost2010PropOp32
 70
     0
102
RTVSPost2010Prop33
280
     0
102
RTVSPost2010PropOp33
 70
     0
102
RTVSPost2010Prop34
280
     0
102
RTVSPost2010PropOp34
 70
     0
102
RTVSPost2010Prop35
280
     0
102
RTVSPost2010PropOp35
 70
     0
102
RTVSPost2010Prop36
280
     0
102
RTVSPost2010PropOp36
 70
     0
102
RTVSPost2010Prop37
 90
       50
102
RTVSPost2010PropOp37
 70
     0
102
RTVSPost2010Prop38
140
0.0
102
RTVSPost2010PropOp38
 70
     0
102
RTVSPost2010Prop39
140
1.0
102
RTVSPost2010PropOp39
 70
     0
102
RTVSPost2010Prop40
 90
        0
102
RTVSPost2010PropOp40
 70
     0
102
RTVSPost2010Prop41ColorIndex
 90
       18
102
RTVSPost2010Prop41ColorRGB
 90
        0
102
RTVSPost2010PropOp41
 70
     0
102
RTVSPost2010Prop42
 90
       50
102
RTVSPost2010PropOp42
 70
     0
102
RTVSPost2010Prop43
 90
        3
102
RTVSPost2010PropOp43
 70
     0
102
RTVSPost2010Prop44ColorIndex
 90
        5
102
RTVSPost2010Prop44ColorRGB
 90
      255
102
RTVSPost2010PropOp44
 70
     0
102
RTVSPost2010Prop45
280
     0
102
RTVSPost2010PropOp45
 70
     0
102
RTVSPost2010Prop46
 90
       50
102
RTVSPost2010PropOp46
 70
     0
102
RTVSPost2010Prop47
 90
       50
102
RTVSPost2010PropOp47
 70
     0
102
RTVSPost2010Prop48
 90
       50
102
RTVSPost2010PropOp48
 70
     0
102
RTVSPost2010Prop49
280
     0
102
RTVSPost2010PropOp49
 70
     0
102
RTVSPost2010Prop50
 90
       50
102
RTVSPost2010PropOp50
 70
     0
102
RTVSPost2010Prop51ColorIndex
 90
      256
102
RTVSPost2010Prop51ColorRGB
 90
-16777216
102
RTVSPost2010PropOp51
 70
     0
102
RTVSPost2010Prop52
140
1.0
102
RTVSPost2010PropOp52
 70
     0
102
RTVSPost2010Prop53
 90
        2
102
RTVSPost2010PropOp53
 70
     0
102
RTVSPost2010Prop54
  1
strokes_ogs.tif
102
RTVSPost2010PropOp54
 70
     0
102
RTVSPost2010Prop55
280
     0
102
RTVSPost2010PropOp55
 70
     0
102
RTVSPost2010Prop56
140
1.0
102
RTVSPost2010PropOp56
 70
     0
102
RTVSPost2010Prop57
140
1.0
102
RTVSPost2010PropOp57
 70
     0
  0
XRECORD
  5
33D
102
{ACAD_REACTORS
330
33C
102
}
330
33C
100
AcDbXrecord
280
     1
102
RTVSPropertyOp0
 70
     1
102
RTVSPropertyOp1
 70
     1
102
RTVSPropertyOp2
 70
     1
102
RTVSPropertyOp3
 70
     1
102
RTVSPropertyOp4
 70
     1
102
RTVSPropertyOp5
 70
     1
102
RTVSPropertyOp6
 70
     1
102
RTVSPropertyOp7
 70
     1
102
RTVSPropertyOp8
 70
     1
102
RTVSPropertyOp9
 70
     1
102
RTVSPropertyOp10
 70
     1
102
RTVSPropertyOp11
 70
     1
102
RTVSPropertyOp12
 70
     1
102
RTVSPropertyOp13
 70
     1
102
RTVSPropertyOp14
 70
     1
102
RTVSPropertyOp15
 70
     1
102
RTVSPropertyOp16
 70
     1
102
RTVSPropertyOp17
 70
     1
102
RTVSPropertyOp18
 70
     1
102
RTVSPropertyOp19
 70
     1
102
RTVSPropertyOp20
 70
     1
102
RTVSPropertyOp21
 70
     1
102
RTVSPropertyOp22
 70
     1
102
RTVSPropertyOp23
 70
     1
102
RTVSPropertyOp24
 70
     1
102
RTVSPropertyOp25
 70
     1
102
RTVSPropertyOp26
 70
     1
102
RTVSPropertyOp27
 70
     1
102
RTVSPropertyOp28
 70
     1
102
RTVSPropertyOp29
 70
     1
102
RTVSPropertyOp30
 70
     1
102
RTVSPropertyOp31
 70
     1
102
RTVSPropertyOp32
 70
     1
102
RTVSPropertyOp33
 70
     1
102
RTVSPropertyOp34
 70
     1
102
RTVSPropertyOp35
 70
     1
102
RTVSPropertyOp36
 70
     1
102
RTVSPropertyOp37
 70
     1
102
RTVSPropertyOp38
 70
     1
102
RTVSPropertyOp39
 70
     1
102
RTVSPropertyOp40
 70
     1
102
RTVSPropertyOp41
 70
     1
102
RTVSPropertyOp42
 70
     1
102
RTVSPropertyOp43
 70
     1
102
RTVSPropertyOp44
 70
     1
102
RTVSPropertyOp45
 70
     1
102
RTVSPropertyOp46
 70
     1
102
RTVSPropertyOp47
 70
     1
102
RTVSPropertyOp48
 70
     1
102
RTVSPropertyOp49
 70
     1
102
RTVSPropertyOp50
 70
     1
102
RTVSPropertyOp51
 70
     0
102
RTVSPropertyOp52
 70
     0
102
RTVSPropertyOp53
 70
     1
102
RTVSPropertyOp54
 70
     1
102
RTVSPropertyOp55
 70
     1
102
RTVSPropertyOp56
 70
     1
102
RTVSPropertyOp57
 70
     1
102
RTVSPost2010Prop28
280
     0
102
RTVSPost2010PropOp28
 70
     1
102
RTVSPost2010Prop29
280
     1
102
RTVSPost2010PropOp29
 70
     1
102
RTVSPost2010Prop30
280
     1
102
RTVSPost2010PropOp30
 70
     1
102
RTVSPost2010Prop31
280
     0
102
RTVSPost2010PropOp31
 70
     1
102
RTVSPost2010Prop32
280
     0
102
RTVSPost2010PropOp32
 70
     1
102
RTVSPost2010Prop33
280
     0
102
RTVSPost2010PropOp33
 70
     1
102
RTVSPost2010Prop34
280
     0
102
RTVSPost2010PropOp34
 70
     1
102
RTVSPost2010Prop35
280
     0
102
RTVSPost2010PropOp35
 70
     1
102
RTVSPost2010Prop36
280
     0
102
RTVSPost2010PropOp36
 70
     1
102
RTVSPost2010Prop37
 90
       50
102
RTVSPost2010PropOp37
 70
     1
102
RTVSPost2010Prop38
140
0.0
102
RTVSPost2010PropOp38
 70
     1
102
RTVSPost2010Prop39
140
1.0
102
RTVSPost2010PropOp39
 70
     1
102
RTVSPost2010Prop40
 90
        0
102
RTVSPost2010PropOp40
 70
     1
102
RTVSPost2010Prop41ColorIndex
 90
       18
102
RTVSPost2010Prop41ColorRGB
 90
        0
102
RTVSPost2010PropOp41
 70
     1
102
RTVSPost2010Prop42
 90
       50
102
RTVSPost2010PropOp42
 70
     1
102
RTVSPost2010Prop43
 90
        3
102
RTVSPost2010PropOp43
 70
     1
102
RTVSPost2010Prop44ColorIndex
 90
        5
102
RTVSPost2010Prop44ColorRGB
 90
      255
102
RTVSPost2010PropOp44
 70
     1
102
RTVSPost2010Prop45
280
     0
102
RTVSPost2010PropOp45
 70
     1
102
RTVSPost2010Prop46
 90
       50
102
RTVSPost2010PropOp46
 70
     1
102
RTVSPost2010Prop47
 90
       50
102
RTVSPost2010PropOp47
 70
     1
102
RTVSPost2010Prop48
 90
       50
102
RTVSPost2010PropOp48
 70
     1
102
RTVSPost2010Prop49
280
     0
102
RTVSPost2010PropOp49
 70
     1
102
RTVSPost2010Prop50
 90
       50
102
RTVSPost2010PropOp50
 70
     1
102
RTVSPost2010Prop51ColorIndex
 90
      256
102
RTVSPost2010Prop51ColorRGB
 90
-16777216
102
RTVSPost2010PropOp51
 70
     0
102
RTVSPost2010Prop52
140
1.0
102
RTVSPost2010PropOp52
 70
     0
102
RTVSPost2010Prop53
 90
        2
102
RTVSPost2010PropOp53
 70
     1
102
RTVSPost2010Prop54
  1
strokes_ogs.tif
102
RTVSPost2010PropOp54
 70
     1
102
RTVSPost2010Prop55
280
     0
102
RTVSPost2010PropOp55
 70
     1
102
RTVSPost2010Prop56
140
1.0
102
RTVSPost2010PropOp56
 70
     1
102
RTVSPost2010Prop57
140
1.0
102
RTVSPost2010PropOp57
 70
     1
  0
XRECORD
  5
35B
102
{ACAD_REACTORS
330
35A
102
}
330
35A
100
AcDbXrecord
280
     1
102
RTVSPropertyOp0
 70
     1
102
RTVSPropertyOp1
 70
     1
102
RTVSPropertyOp2
 70
     1
102
RTVSPropertyOp3
 70
     1
102
RTVSPropertyOp4
 70
     1
102
RTVSPropertyOp5
 70
     1
102
RTVSPropertyOp6
 70
     1
102
RTVSPropertyOp7
 70
     1
102
RTVSPropertyOp8
 70
     1
102
RTVSPropertyOp9
 70
     1
102
RTVSPropertyOp10
 70
     1
102
RTVSPropertyOp11
 70
     1
102
RTVSPropertyOp12
 70
     1
102
RTVSPropertyOp13
 70
     1
102
RTVSPropertyOp14
 70
     1
102
RTVSPropertyOp15
 70
     1
102
RTVSPropertyOp16
 70
     1
102
RTVSPropertyOp17
 70
     1
102
RTVSPropertyOp18
 70
     1
102
RTVSPropertyOp19
 70
     1
102
RTVSPropertyOp20
 70
     1
102
RTVSPropertyOp21
 70
     1
102
RTVSPropertyOp22
 70
     1
102
RTVSPropertyOp23
 70
     1
102
RTVSPropertyOp24
 70
     1
102
RTVSPropertyOp25
 70
     1
102
RTVSPropertyOp26
 70
     1
102
RTVSPropertyOp27
 70
     1
102
RTVSPropertyOp28
 70
     1
102
RTVSPropertyOp29
 70
     1
102
RTVSPropertyOp30
 70
     1
102
RTVSPropertyOp31
 70
     1
102
RTVSPropertyOp32
 70
     1
102
RTVSPropertyOp33
 70
     1
102
RTVSPropertyOp34
 70
     1
102
RTVSPropertyOp35
 70
     1
102
RTVSPropertyOp36
 70
     1
102
RTVSPropertyOp37
 70
     1
102
RTVSPropertyOp38
 70
     1
102
RTVSPropertyOp39
 70
     1
102
RTVSPropertyOp40
 70
     1
102
RTVSPropertyOp41
 70
     1
102
RTVSPropertyOp42
 70
     1
102
RTVSPropertyOp43
 70
     1
102
RTVSPropertyOp44
 70
     1
102
RTVSPropertyOp45
 70
     1
102
RTVSPropertyOp46
 70
     1
102
RTVSPropertyOp47
 70
     1
102
RTVSPropertyOp48
 70
     1
102
RTVSPropertyOp49
 70
     1
102
RTVSPropertyOp50
 70
     1
102
RTVSPropertyOp51
 70
     0
102
RTVSPropertyOp52
 70
     0
102
RTVSPropertyOp53
 70
     1
102
RTVSPropertyOp54
 70
     1
102
RTVSPropertyOp55
 70
     1
102
RTVSPropertyOp56
 70
     1
102
RTVSPropertyOp57
 70
     1
102
RTVSPost2010Prop28
280
     0
102
RTVSPost2010PropOp28
 70
     1
102
RTVSPost2010Prop29
280
     1
102
RTVSPost2010PropOp29
 70
     1
102
RTVSPost2010Prop30
280
     1
102
RTVSPost2010PropOp30
 70
     1
102
RTVSPost2010Prop31
280
     0
102
RTVSPost2010PropOp31
 70
     1
102
RTVSPost2010Prop32
280
     0
102
RTVSPost2010PropOp32
 70
     1
102
RTVSPost2010Prop33
280
     0
102
RTVSPost2010PropOp33
 70
     1
102
RTVSPost2010Prop34
280
     0
102
RTVSPost2010PropOp34
 70
     1
102
RTVSPost2010Prop35
280
     0
102
RTVSPost2010PropOp35
 70
     1
102
RTVSPost2010Prop36
280
     0
102
RTVSPost2010PropOp36
 70
     1
102
RTVSPost2010Prop37
 90
       50
102
RTVSPost2010PropOp37
 70
     1
102
RTVSPost2010Prop38
140
0.0
102
RTVSPost2010PropOp38
 70
     1
102
RTVSPost2010Prop39
140
1.0
102
RTVSPost2010PropOp39
 70
     1
102
RTVSPost2010Prop40
 90
        0
102
RTVSPost2010PropOp40
 70
     1
102
RTVSPost2010Prop41ColorIndex
 90
       18
102
RTVSPost2010Prop41ColorRGB
 90
        0
102
RTVSPost2010PropOp41
 70
     1
102
RTVSPost2010Prop42
 90
       50
102
RTVSPost2010PropOp42
 70
     1
102
RTVSPost2010Prop43
 90
        3
102
RTVSPost2010PropOp43
 70
     1
102
RTVSPost2010Prop44ColorIndex
 90
        5
102
RTVSPost2010Prop44ColorRGB
 90
      255
102
RTVSPost2010PropOp44
 70
     1
102
RTVSPost2010Prop45
280
     0
102
RTVSPost2010PropOp45
 70
     1
102
RTVSPost2010Prop46
 90
       50
102
RTVSPost2010PropOp46
 70
     1
102
RTVSPost2010Prop47
 90
       50
102
RTVSPost2010PropOp47
 70
     1
102
RTVSPost2010Prop48
 90
       50
102
RTVSPost2010PropOp48
 70
     1
102
RTVSPost2010Prop49
280
     0
102
RTVSPost2010PropOp49
 70
     1
102
RTVSPost2010Prop50
 90
       50
102
RTVSPost2010PropOp50
 70
     1
102
RTVSPost2010Prop51ColorIndex
 90
      256
102
RTVSPost2010Prop51ColorRGB
 90
-16777216
102
RTVSPost2010PropOp51
 70
     0
102
RTVSPost2010Prop52
140
1.0
102
RTVSPost2010PropOp52
 70
     0
102
RTVSPost2010Prop53
 90
        2
102
RTVSPost2010PropOp53
 70
     1
102
RTVSPost2010Prop54
  1
strokes_ogs.tif
102
RTVSPost2010PropOp54
 70
     1
102
RTVSPost2010Prop55
280
     0
102
RTVSPost2010PropOp55
 70
     1
102
RTVSPost2010Prop56
140
1.0
102
RTVSPost2010PropOp56
 70
     1
102
RTVSPost2010Prop57
140
1.0
102
RTVSPost2010PropOp57
 70
     1
  0
XRECORD
  5
359
102
{ACAD_REACTORS
330
358
102
}
330
358
100
AcDbXrecord
280
     1
102
RTVSPropertyOp0
 70
     1
102
RTVSPropertyOp1
 70
     1
102
RTVSPropertyOp2
 70
     1
102
RTVSPropertyOp3
 70
     1
102
RTVSPropertyOp4
 70
     1
102
RTVSPropertyOp5
 70
     1
102
RTVSPropertyOp6
 70
     1
102
RTVSPropertyOp7
 70
     1
102
RTVSPropertyOp8
 70
     1
102
RTVSPropertyOp9
 70
     1
102
RTVSPropertyOp10
 70
     1
102
RTVSPropertyOp11
 70
     1
102
RTVSPropertyOp12
 70
     1
102
RTVSPropertyOp13
 70
     1
102
RTVSPropertyOp14
 70
     1
102
RTVSPropertyOp15
 70
     1
102
RTVSPropertyOp16
 70
     1
102
RTVSPropertyOp17
 70
     1
102
RTVSPropertyOp18
 70
     1
102
RTVSPropertyOp19
 70
     1
102
RTVSPropertyOp20
 70
     1
102
RTVSPropertyOp21
 70
     1
102
RTVSPropertyOp22
 70
     1
102
RTVSPropertyOp23
 70
     1
102
RTVSPropertyOp24
 70
     1
102
RTVSPropertyOp25
 70
     1
102
RTVSPropertyOp26
 70
     1
102
RTVSPropertyOp27
 70
     1
102
RTVSPropertyOp28
 70
     1
102
RTVSPropertyOp29
 70
     1
102
RTVSPropertyOp30
 70
     1
102
RTVSPropertyOp31
 70
     1
102
RTVSPropertyOp32
 70
     1
102
RTVSPropertyOp33
 70
     1
102
RTVSPropertyOp34
 70
     1
102
RTVSPropertyOp35
 70
     1
102
RTVSPropertyOp36
 70
     1
102
RTVSPropertyOp37
 70
     1
102
RTVSPropertyOp38
 70
     1
102
RTVSPropertyOp39
 70
     1
102
RTVSPropertyOp40
 70
     1
102
RTVSPropertyOp41
 70
     1
102
RTVSPropertyOp42
 70
     1
102
RTVSPropertyOp43
 70
     1
102
RTVSPropertyOp44
 70
     1
102
RTVSPropertyOp45
 70
     1
102
RTVSPropertyOp46
 70
     1
102
RTVSPropertyOp47
 70
     1
102
RTVSPropertyOp48
 70
     1
102
RTVSPropertyOp49
 70
     1
102
RTVSPropertyOp50
 70
     1
102
RTVSPropertyOp51
 70
     0
102
RTVSPropertyOp52
 70
     0
102
RTVSPropertyOp53
 70
     1
102
RTVSPropertyOp54
 70
     1
102
RTVSPropertyOp55
 70
     1
102
RTVSPropertyOp56
 70
     1
102
RTVSPropertyOp57
 70
     1
102
RTVSPost2010Prop28
280
     0
102
RTVSPost2010PropOp28
 70
     1
102
RTVSPost2010Prop29
280
     1
102
RTVSPost2010PropOp29
 70
     1
102
RTVSPost2010Prop30
280
     1
102
RTVSPost2010PropOp30
 70
     1
102
RTVSPost2010Prop31
280
     0
102
RTVSPost2010PropOp31
 70
     1
102
RTVSPost2010Prop32
280
     0
102
RTVSPost2010PropOp32
 70
     1
102
RTVSPost2010Prop33
280
     0
102
RTVSPost2010PropOp33
 70
     1
102
RTVSPost2010Prop34
280
     0
102
RTVSPost2010PropOp34
 70
     1
102
RTVSPost2010Prop35
280
     0
102
RTVSPost2010PropOp35
 70
     1
102
RTVSPost2010Prop36
280
     0
102
RTVSPost2010PropOp36
 70
     1
102
RTVSPost2010Prop37
 90
       50
102
RTVSPost2010PropOp37
 70
     1
102
RTVSPost2010Prop38
140
0.0
102
RTVSPost2010PropOp38
 70
     1
102
RTVSPost2010Prop39
140
1.0
102
RTVSPost2010PropOp39
 70
     1
102
RTVSPost2010Prop40
 90
        0
102
RTVSPost2010PropOp40
 70
     1
102
RTVSPost2010Prop41ColorIndex
 90
       18
102
RTVSPost2010Prop41ColorRGB
 90
        0
102
RTVSPost2010PropOp41
 70
     1
102
RTVSPost2010Prop42
 90
       50
102
RTVSPost2010PropOp42
 70
     1
102
RTVSPost2010Prop43
 90
        3
102
RTVSPost2010PropOp43
 70
     1
102
RTVSPost2010Prop44ColorIndex
 90
        5
102
RTVSPost2010Prop44ColorRGB
 90
      255
102
RTVSPost2010PropOp44
 70
     1
102
RTVSPost2010Prop45
280
     0
102
RTVSPost2010PropOp45
 70
     1
102
RTVSPost2010Prop46
 90
       50
102
RTVSPost2010PropOp46
 70
     1
102
RTVSPost2010Prop47
 90
       50
102
RTVSPost2010PropOp47
 70
     1
102
RTVSPost2010Prop48
 90
       50
102
RTVSPost2010PropOp48
 70
     1
102
RTVSPost2010Prop49
280
     0
102
RTVSPost2010PropOp49
 70
     1
102
RTVSPost2010Prop50
 90
       50
102
RTVSPost2010PropOp50
 70
     1
102
RTVSPost2010Prop51ColorIndex
 90
      256
102
RTVSPost2010Prop51ColorRGB
 90
-16777216
102
RTVSPost2010PropOp51
 70
     0
102
RTVSPost2010Prop52
140
1.0
102
RTVSPost2010PropOp52
 70
     0
102
RTVSPost2010Prop53
 90
        2
102
RTVSPost2010PropOp53
 70
     1
102
RTVSPost2010Prop54
  1
strokes_ogs.tif
102
RTVSPost2010PropOp54
 70
     1
102
RTVSPost2010Prop55
280
     0
102
RTVSPost2010PropOp55
 70
     1
102
RTVSPost2010Prop56
140
1.0
102
RTVSPost2010PropOp56
 70
     1
102
RTVSPost2010Prop57
140
1.0
102
RTVSPost2010PropOp57
 70
     1
  0
XRECORD
  5
353
102
{ACAD_REACTORS
330
352
102
}
330
352
100
AcDbXrecord
280
     1
102
RTVSPropertyOp0
 70
     1
102
RTVSPropertyOp1
 70
     1
102
RTVSPropertyOp2
 70
     1
102
RTVSPropertyOp3
 70
     1
102
RTVSPropertyOp4
 70
     1
102
RTVSPropertyOp5
 70
     1
102
RTVSPropertyOp6
 70
     1
102
RTVSPropertyOp7
 70
     1
102
RTVSPropertyOp8
 70
     1
102
RTVSPropertyOp9
 70
     1
102
RTVSPropertyOp10
 70
     1
102
RTVSPropertyOp11
 70
     1
102
RTVSPropertyOp12
 70
     1
102
RTVSPropertyOp13
 70
     1
102
RTVSPropertyOp14
 70
     1
102
RTVSPropertyOp15
 70
     1
102
RTVSPropertyOp16
 70
     1
102
RTVSPropertyOp17
 70
     1
102
RTVSPropertyOp18
 70
     1
102
RTVSPropertyOp19
 70
     1
102
RTVSPropertyOp20
 70
     1
102
RTVSPropertyOp21
 70
     1
102
RTVSPropertyOp22
 70
     1
102
RTVSPropertyOp23
 70
     1
102
RTVSPropertyOp24
 70
     1
102
RTVSPropertyOp25
 70
     1
102
RTVSPropertyOp26
 70
     1
102
RTVSPropertyOp27
 70
     1
102
RTVSPropertyOp28
 70
     1
102
RTVSPropertyOp29
 70
     1
102
RTVSPropertyOp30
 70
     1
102
RTVSPropertyOp31
 70
     1
102
RTVSPropertyOp32
 70
     1
102
RTVSPropertyOp33
 70
     1
102
RTVSPropertyOp34
 70
     1
102
RTVSPropertyOp35
 70
     1
102
RTVSPropertyOp36
 70
     1
102
RTVSPropertyOp37
 70
     1
102
RTVSPropertyOp38
 70
     1
102
RTVSPropertyOp39
 70
     1
102
RTVSPropertyOp40
 70
     1
102
RTVSPropertyOp41
 70
     1
102
RTVSPropertyOp42
 70
     1
102
RTVSPropertyOp43
 70
     1
102
RTVSPropertyOp44
 70
     1
102
RTVSPropertyOp45
 70
     1
102
RTVSPropertyOp46
 70
     1
102
RTVSPropertyOp47
 70
     1
102
RTVSPropertyOp48
 70
     1
102
RTVSPropertyOp49
 70
     1
102
RTVSPropertyOp50
 70
     1
102
RTVSPropertyOp51
 70
     0
102
RTVSPropertyOp52
 70
     0
102
RTVSPropertyOp53
 70
     1
102
RTVSPropertyOp54
 70
     1
102
RTVSPropertyOp55
 70
     1
102
RTVSPropertyOp56
 70
     1
102
RTVSPropertyOp57
 70
     1
102
RTVSPost2010Prop28
280
     0
102
RTVSPost2010PropOp28
 70
     1
102
RTVSPost2010Prop29
280
     1
102
RTVSPost2010PropOp29
 70
     1
102
RTVSPost2010Prop30
280
     1
102
RTVSPost2010PropOp30
 70
     1
102
RTVSPost2010Prop31
280
     0
102
RTVSPost2010PropOp31
 70
     1
102
RTVSPost2010Prop32
280
     0
102
RTVSPost2010PropOp32
 70
     1
102
RTVSPost2010Prop33
280
     0
102
RTVSPost2010PropOp33
 70
     1
102
RTVSPost2010Prop34
280
     0
102
RTVSPost2010PropOp34
 70
     1
102
RTVSPost2010Prop35
280
     0
102
RTVSPost2010PropOp35
 70
     1
102
RTVSPost2010Prop36
280
     0
102
RTVSPost2010PropOp36
 70
     1
102
RTVSPost2010Prop37
 90
       50
102
RTVSPost2010PropOp37
 70
     1
102
RTVSPost2010Prop38
140
0.0
102
RTVSPost2010PropOp38
 70
     1
102
RTVSPost2010Prop39
140
1.0
102
RTVSPost2010PropOp39
 70
     1
102
RTVSPost2010Prop40
 90
        0
102
RTVSPost2010PropOp40
 70
     1
102
RTVSPost2010Prop41ColorIndex
 90
       18
102
RTVSPost2010Prop41ColorRGB
 90
        0
102
RTVSPost2010PropOp41
 70
     1
102
RTVSPost2010Prop42
 90
       50
102
RTVSPost2010PropOp42
 70
     1
102
RTVSPost2010Prop43
 90
        3
102
RTVSPost2010PropOp43
 70
     1
102
RTVSPost2010Prop44ColorIndex
 90
        5
102
RTVSPost2010Prop44ColorRGB
 90
      255
102
RTVSPost2010PropOp44
 70
     1
102
RTVSPost2010Prop45
280
     0
102
RTVSPost2010PropOp45
 70
     1
102
RTVSPost2010Prop46
 90
       50
102
RTVSPost2010PropOp46
 70
     1
102
RTVSPost2010Prop47
 90
       50
102
RTVSPost2010PropOp47
 70
     1
102
RTVSPost2010Prop48
 90
       50
102
RTVSPost2010PropOp48
 70
     1
102
RTVSPost2010Prop49
280
     0
102
RTVSPost2010PropOp49
 70
     1
102
RTVSPost2010Prop50
 90
       50
102
RTVSPost2010PropOp50
 70
     1
102
RTVSPost2010Prop51ColorIndex
 90
      256
102
RTVSPost2010Prop51ColorRGB
 90
-16777216
102
RTVSPost2010PropOp51
 70
     0
102
RTVSPost2010Prop52
140
1.0
102
RTVSPost2010PropOp52
 70
     0
102
RTVSPost2010Prop53
 90
        2
102
RTVSPost2010PropOp53
 70
     1
102
RTVSPost2010Prop54
  1
strokes_ogs.tif
102
RTVSPost2010PropOp54
 70
     1
102
RTVSPost2010Prop55
280
     0
102
RTVSPost2010PropOp55
 70
     1
102
RTVSPost2010Prop56
140
1.0
102
RTVSPost2010PropOp56
 70
     1
102
RTVSPost2010Prop57
140
1.0
102
RTVSPost2010PropOp57
 70
     1
  0
XRECORD
  5
355
102
{ACAD_REACTORS
330
354
102
}
330
354
100
AcDbXrecord
280
     1
102
RTVSPropertyOp0
 70
     1
102
RTVSPropertyOp1
 70
     1
102
RTVSPropertyOp2
 70
     1
102
RTVSPropertyOp3
 70
     1
102
RTVSPropertyOp4
 70
     1
102
RTVSPropertyOp5
 70
     1
102
RTVSPropertyOp6
 70
     1
102
RTVSPropertyOp7
 70
     1
102
RTVSPropertyOp8
 70
     1
102
RTVSPropertyOp9
 70
     1
102
RTVSPropertyOp10
 70
     1
102
RTVSPropertyOp11
 70
     1
102
RTVSPropertyOp12
 70
     1
102
RTVSPropertyOp13
 70
     1
102
RTVSPropertyOp14
 70
     1
102
RTVSPropertyOp15
 70
     1
102
RTVSPropertyOp16
 70
     1
102
RTVSPropertyOp17
 70
     1
102
RTVSPropertyOp18
 70
     1
102
RTVSPropertyOp19
 70
     1
102
RTVSPropertyOp20
 70
     1
102
RTVSPropertyOp21
 70
     1
102
RTVSPropertyOp22
 70
     1
102
RTVSPropertyOp23
 70
     1
102
RTVSPropertyOp24
 70
     1
102
RTVSPropertyOp25
 70
     1
102
RTVSPropertyOp26
 70
     1
102
RTVSPropertyOp27
 70
     1
102
RTVSPropertyOp28
 70
     1
102
RTVSPropertyOp29
 70
     1
102
RTVSPropertyOp30
 70
     1
102
RTVSPropertyOp31
 70
     1
102
RTVSPropertyOp32
 70
     1
102
RTVSPropertyOp33
 70
     1
102
RTVSPropertyOp34
 70
     1
102
RTVSPropertyOp35
 70
     1
102
RTVSPropertyOp36
 70
     1
102
RTVSPropertyOp37
 70
     1
102
RTVSPropertyOp38
 70
     1
102
RTVSPropertyOp39
 70
     1
102
RTVSPropertyOp40
 70
     1
102
RTVSPropertyOp41
 70
     1
102
RTVSPropertyOp42
 70
     1
102
RTVSPropertyOp43
 70
     1
102
RTVSPropertyOp44
 70
     1
102
RTVSPropertyOp45
 70
     1
102
RTVSPropertyOp46
 70
     1
102
RTVSPropertyOp47
 70
     1
102
RTVSPropertyOp48
 70
     1
102
RTVSPropertyOp49
 70
     1
102
RTVSPropertyOp50
 70
     1
102
RTVSPropertyOp51
 70
     0
102
RTVSPropertyOp52
 70
     0
102
RTVSPropertyOp53
 70
     1
102
RTVSPropertyOp54
 70
     1
102
RTVSPropertyOp55
 70
     1
102
RTVSPropertyOp56
 70
     1
102
RTVSPropertyOp57
 70
     1
102
RTVSPost2010Prop28
280
     0
102
RTVSPost2010PropOp28
 70
     1
102
RTVSPost2010Prop29
280
     1
102
RTVSPost2010PropOp29
 70
     1
102
RTVSPost2010Prop30
280
     1
102
RTVSPost2010PropOp30
 70
     1
102
RTVSPost2010Prop31
280
     0
102
RTVSPost2010PropOp31
 70
     1
102
RTVSPost2010Prop32
280
     0
102
RTVSPost2010PropOp32
 70
     1
102
RTVSPost2010Prop33
280
     0
102
RTVSPost2010PropOp33
 70
     1
102
RTVSPost2010Prop34
280
     0
102
RTVSPost2010PropOp34
 70
     1
102
RTVSPost2010Prop35
280
     0
102
RTVSPost2010PropOp35
 70
     1
102
RTVSPost2010Prop36
280
     0
102
RTVSPost2010PropOp36
 70
     1
102
RTVSPost2010Prop37
 90
       50
102
RTVSPost2010PropOp37
 70
     1
102
RTVSPost2010Prop38
140
0.0
102
RTVSPost2010PropOp38
 70
     1
102
RTVSPost2010Prop39
140
1.0
102
RTVSPost2010PropOp39
 70
     1
102
RTVSPost2010Prop40
 90
        0
102
RTVSPost2010PropOp40
 70
     1
102
RTVSPost2010Prop41ColorIndex
 90
       18
102
RTVSPost2010Prop41ColorRGB
 90
        0
102
RTVSPost2010PropOp41
 70
     1
102
RTVSPost2010Prop42
 90
       50
102
RTVSPost2010PropOp42
 70
     1
102
RTVSPost2010Prop43
 90
        3
102
RTVSPost2010PropOp43
 70
     1
102
RTVSPost2010Prop44ColorIndex
 90
        5
102
RTVSPost2010Prop44ColorRGB
 90
      255
102
RTVSPost2010PropOp44
 70
     1
102
RTVSPost2010Prop45
280
     0
102
RTVSPost2010PropOp45
 70
     1
102
RTVSPost2010Prop46
 90
       50
102
RTVSPost2010PropOp46
 70
     1
102
RTVSPost2010Prop47
 90
       50
102
RTVSPost2010PropOp47
 70
     1
102
RTVSPost2010Prop48
 90
       50
102
RTVSPost2010PropOp48
 70
     1
102
RTVSPost2010Prop49
280
     0
102
RTVSPost2010PropOp49
 70
     1
102
RTVSPost2010Prop50
 90
       50
102
RTVSPost2010PropOp50
 70
     1
102
RTVSPost2010Prop51ColorIndex
 90
      256
102
RTVSPost2010Prop51ColorRGB
 90
-16777216
102
RTVSPost2010PropOp51
 70
     0
102
RTVSPost2010Prop52
140
1.0
102
RTVSPost2010PropOp52
 70
     0
102
RTVSPost2010Prop53
 90
        2
102
RTVSPost2010PropOp53
 70
     1
102
RTVSPost2010Prop54
  1
strokes_ogs.tif
102
RTVSPost2010PropOp54
 70
     1
102
RTVSPost2010Prop55
280
     0
102
RTVSPost2010PropOp55
 70
     1
102
RTVSPost2010Prop56
140
1.0
102
RTVSPost2010PropOp56
 70
     1
102
RTVSPost2010Prop57
140
1.0
102
RTVSPost2010PropOp57
 70
     1
  0
XRECORD
  5
345
102
{ACAD_REACTORS
330
344
102
}
330
344
100
AcDbXrecord
280
     1
102
RTVSPropertyOp0
 70
     1
102
RTVSPropertyOp1
 70
     1
102
RTVSPropertyOp2
 70
     1
102
RTVSPropertyOp3
 70
     1
102
RTVSPropertyOp4
 70
     1
102
RTVSPropertyOp5
 70
     1
102
RTVSPropertyOp6
 70
     1
102
RTVSPropertyOp7
 70
     1
102
RTVSPropertyOp8
 70
     1
102
RTVSPropertyOp9
 70
     1
102
RTVSPropertyOp10
 70
     1
102
RTVSPropertyOp11
 70
     1
102
RTVSPropertyOp12
 70
     1
102
RTVSPropertyOp13
 70
     1
102
RTVSPropertyOp14
 70
     1
102
RTVSPropertyOp15
 70
     1
102
RTVSPropertyOp16
 70
     1
102
RTVSPropertyOp17
 70
     1
102
RTVSPropertyOp18
 70
     1
102
RTVSPropertyOp19
 70
     1
102
RTVSPropertyOp20
 70
     1
102
RTVSPropertyOp21
 70
     1
102
RTVSPropertyOp22
 70
     1
102
RTVSPropertyOp23
 70
     1
102
RTVSPropertyOp24
 70
     1
102
RTVSPropertyOp25
 70
     1
102
RTVSPropertyOp26
 70
     1
102
RTVSPropertyOp27
 70
     1
102
RTVSPropertyOp28
 70
     1
102
RTVSPropertyOp29
 70
     1
102
RTVSPropertyOp30
 70
     1
102
RTVSPropertyOp31
 70
     1
102
RTVSPropertyOp32
 70
     1
102
RTVSPropertyOp33
 70
     1
102
RTVSPropertyOp34
 70
     1
102
RTVSPropertyOp35
 70
     1
102
RTVSPropertyOp36
 70
     1
102
RTVSPropertyOp37
 70
     1
102
RTVSPropertyOp38
 70
     1
102
RTVSPropertyOp39
 70
     1
102
RTVSPropertyOp40
 70
     1
102
RTVSPropertyOp41
 70
     1
102
RTVSPropertyOp42
 70
     1
102
RTVSPropertyOp43
 70
     1
102
RTVSPropertyOp44
 70
     1
102
RTVSPropertyOp45
 70
     1
102
RTVSPropertyOp46
 70
     1
102
RTVSPropertyOp47
 70
     1
102
RTVSPropertyOp48
 70
     1
102
RTVSPropertyOp49
 70
     1
102
RTVSPropertyOp50
 70
     1
102
RTVSPropertyOp51
 70
     0
102
RTVSPropertyOp52
 70
     0
102
RTVSPropertyOp53
 70
     1
102
RTVSPropertyOp54
 70
     1
102
RTVSPropertyOp55
 70
     1
102
RTVSPropertyOp56
 70
     1
102
RTVSPropertyOp57
 70
     1
102
RTVSPost2010Prop28
280
     0
102
RTVSPost2010PropOp28
 70
     1
102
RTVSPost2010Prop29
280
     1
102
RTVSPost2010PropOp29
 70
     1
102
RTVSPost2010Prop30
280
     1
102
RTVSPost2010PropOp30
 70
     1
102
RTVSPost2010Prop31
280
     0
102
RTVSPost2010PropOp31
 70
     1
102
RTVSPost2010Prop32
280
     0
102
RTVSPost2010PropOp32
 70
     1
102
RTVSPost2010Prop33
280
     0
102
RTVSPost2010PropOp33
 70
     1
102
RTVSPost2010Prop34
280
     0
102
RTVSPost2010PropOp34
 70
     1
102
RTVSPost2010Prop35
280
     0
102
RTVSPost2010PropOp35
 70
     1
102
RTVSPost2010Prop36
280
     0
102
RTVSPost2010PropOp36
 70
     1
102
RTVSPost2010Prop37
 90
       50
102
RTVSPost2010PropOp37
 70
     1
102
RTVSPost2010Prop38
140
0.0
102
RTVSPost2010PropOp38
 70
     1
102
RTVSPost2010Prop39
140
1.0
102
RTVSPost2010PropOp39
 70
     1
102
RTVSPost2010Prop40
 90
        0
102
RTVSPost2010PropOp40
 70
     1
102
RTVSPost2010Prop41ColorIndex
 90
       18
102
RTVSPost2010Prop41ColorRGB
 90
        0
102
RTVSPost2010PropOp41
 70
     1
102
RTVSPost2010Prop42
 90
       50
102
RTVSPost2010PropOp42
 70
     1
102
RTVSPost2010Prop43
 90
        3
102
RTVSPost2010PropOp43
 70
     1
102
RTVSPost2010Prop44ColorIndex
 90
        5
102
RTVSPost2010Prop44ColorRGB
 90
      255
102
RTVSPost2010PropOp44
 70
     1
102
RTVSPost2010Prop45
280
     0
102
RTVSPost2010PropOp45
 70
     1
102
RTVSPost2010Prop46
 90
       50
102
RTVSPost2010PropOp46
 70
     1
102
RTVSPost2010Prop47
 90
       50
102
RTVSPost2010PropOp47
 70
     1
102
RTVSPost2010Prop48
 90
       50
102
RTVSPost2010PropOp48
 70
     1
102
RTVSPost2010Prop49
280
     0
102
RTVSPost2010PropOp49
 70
     1
102
RTVSPost2010Prop50
 90
       50
102
RTVSPost2010PropOp50
 70
     1
102
RTVSPost2010Prop51ColorIndex
 90
      256
102
RTVSPost2010Prop51ColorRGB
 90
-16777216
102
RTVSPost2010PropOp51
 70
     0
102
RTVSPost2010Prop52
140
1.0
102
RTVSPost2010PropOp52
 70
     0
102
RTVSPost2010Prop53
 90
        2
102
RTVSPost2010PropOp53
 70
     1
102
RTVSPost2010Prop54
  1
strokes_ogs.tif
102
RTVSPost2010PropOp54
 70
     1
102
RTVSPost2010Prop55
280
     0
102
RTVSPost2010PropOp55
 70
     1
102
RTVSPost2010Prop56
140
1.0
102
RTVSPost2010PropOp56
 70
     1
102
RTVSPost2010Prop57
140
1.0
102
RTVSPost2010PropOp57
 70
     1
  0
XRECORD
  5
337
102
{ACAD_REACTORS
330
336
102
}
330
336
100
AcDbXrecord
280
     1
102
RTVSPropertyOp0
 70
     1
102
RTVSPropertyOp1
 70
     1
102
RTVSPropertyOp2
 70
     1
102
RTVSPropertyOp3
 70
     1
102
RTVSPropertyOp4
 70
     1
102
RTVSPropertyOp5
 70
     1
102
RTVSPropertyOp6
 70
     1
102
RTVSPropertyOp7
 70
     1
102
RTVSPropertyOp8
 70
     1
102
RTVSPropertyOp9
 70
     1
102
RTVSPropertyOp10
 70
     1
102
RTVSPropertyOp11
 70
     1
102
RTVSPropertyOp12
 70
     1
102
RTVSPropertyOp13
 70
     1
102
RTVSPropertyOp14
 70
     1
102
RTVSPropertyOp15
 70
     1
102
RTVSPropertyOp16
 70
     1
102
RTVSPropertyOp17
 70
     1
102
RTVSPropertyOp18
 70
     1
102
RTVSPropertyOp19
 70
     1
102
RTVSPropertyOp20
 70
     1
102
RTVSPropertyOp21
 70
     1
102
RTVSPropertyOp22
 70
     1
102
RTVSPropertyOp23
 70
     1
102
RTVSPropertyOp24
 70
     1
102
RTVSPropertyOp25
 70
     1
102
RTVSPropertyOp26
 70
     1
102
RTVSPropertyOp27
 70
     1
102
RTVSPropertyOp28
 70
     1
102
RTVSPropertyOp29
 70
     1
102
RTVSPropertyOp30
 70
     1
102
RTVSPropertyOp31
 70
     1
102
RTVSPropertyOp32
 70
     1
102
RTVSPropertyOp33
 70
     1
102
RTVSPropertyOp34
 70
     1
102
RTVSPropertyOp35
 70
     1
102
RTVSPropertyOp36
 70
     1
102
RTVSPropertyOp37
 70
     1
102
RTVSPropertyOp38
 70
     1
102
RTVSPropertyOp39
 70
     1
102
RTVSPropertyOp40
 70
     1
102
RTVSPropertyOp41
 70
     1
102
RTVSPropertyOp42
 70
     1
102
RTVSPropertyOp43
 70
     1
102
RTVSPropertyOp44
 70
     1
102
RTVSPropertyOp45
 70
     1
102
RTVSPropertyOp46
 70
     1
102
RTVSPropertyOp47
 70
     1
102
RTVSPropertyOp48
 70
     1
102
RTVSPropertyOp49
 70
     1
102
RTVSPropertyOp50
 70
     1
102
RTVSPropertyOp51
 70
     0
102
RTVSPropertyOp52
 70
     0
102
RTVSPropertyOp53
 70
     1
102
RTVSPropertyOp54
 70
     1
102
RTVSPropertyOp55
 70
     1
102
RTVSPropertyOp56
 70
     1
102
RTVSPropertyOp57
 70
     1
102
RTVSPost2010Prop28
280
     0
102
RTVSPost2010PropOp28
 70
     1
102
RTVSPost2010Prop29
280
     1
102
RTVSPost2010PropOp29
 70
     1
102
RTVSPost2010Prop30
280
     1
102
RTVSPost2010PropOp30
 70
     1
102
RTVSPost2010Prop31
280
     0
102
RTVSPost2010PropOp31
 70
     1
102
RTVSPost2010Prop32
280
     0
102
RTVSPost2010PropOp32
 70
     1
102
RTVSPost2010Prop33
280
     0
102
RTVSPost2010PropOp33
 70
     1
102
RTVSPost2010Prop34
280
     0
102
RTVSPost2010PropOp34
 70
     1
102
RTVSPost2010Prop35
280
     0
102
RTVSPost2010PropOp35
 70
     1
102
RTVSPost2010Prop36
280
     0
102
RTVSPost2010PropOp36
 70
     1
102
RTVSPost2010Prop37
 90
       50
102
RTVSPost2010PropOp37
 70
     1
102
RTVSPost2010Prop38
140
0.0
102
RTVSPost2010PropOp38
 70
     1
102
RTVSPost2010Prop39
140
1.0
102
RTVSPost2010PropOp39
 70
     1
102
RTVSPost2010Prop40
 90
        0
102
RTVSPost2010PropOp40
 70
     1
102
RTVSPost2010Prop41ColorIndex
 90
       18
102
RTVSPost2010Prop41ColorRGB
 90
        0
102
RTVSPost2010PropOp41
 70
     1
102
RTVSPost2010Prop42
 90
       50
102
RTVSPost2010PropOp42
 70
     1
102
RTVSPost2010Prop43
 90
        3
102
RTVSPost2010PropOp43
 70
     1
102
RTVSPost2010Prop44ColorIndex
 90
        5
102
RTVSPost2010Prop44ColorRGB
 90
      255
102
RTVSPost2010PropOp44
 70
     1
102
RTVSPost2010Prop45
280
     0
102
RTVSPost2010PropOp45
 70
     1
102
RTVSPost2010Prop46
 90
       50
102
RTVSPost2010PropOp46
 70
     1
102
RTVSPost2010Prop47
 90
       50
102
RTVSPost2010PropOp47
 70
     1
102
RTVSPost2010Prop48
 90
       50
102
RTVSPost2010PropOp48
 70
     1
102
RTVSPost2010Prop49
280
     0
102
RTVSPost2010PropOp49
 70
     1
102
RTVSPost2010Prop50
 90
       50
102
RTVSPost2010PropOp50
 70
     1
102
RTVSPost2010Prop51ColorIndex
 90
      256
102
RTVSPost2010Prop51ColorRGB
 90
-16777216
102
RTVSPost2010PropOp51
 70
     0
102
RTVSPost2010Prop52
140
1.0
102
RTVSPost2010PropOp52
 70
     0
102
RTVSPost2010Prop53
 90
        2
102
RTVSPost2010PropOp53
 70
     1
102
RTVSPost2010Prop54
  1
strokes_ogs.tif
102
RTVSPost2010PropOp54
 70
     1
102
RTVSPost2010Prop55
280
     0
102
RTVSPost2010PropOp55
 70
     1
102
RTVSPost2010Prop56
140
1.0
102
RTVSPost2010PropOp56
 70
     1
102
RTVSPost2010Prop57
140
1.0
102
RTVSPost2010PropOp57
 70
     1
  0
XRECORD
  5
357
102
{ACAD_REACTORS
330
356
102
}
330
356
100
AcDbXrecord
280
     1
102
RTVSPropertyOp0
 70
     1
102
RTVSPropertyOp1
 70
     1
102
RTVSPropertyOp2
 70
     1
102
RTVSPropertyOp3
 70
     1
102
RTVSPropertyOp4
 70
     1
102
RTVSPropertyOp5
 70
     1
102
RTVSPropertyOp6
 70
     1
102
RTVSPropertyOp7
 70
     1
102
RTVSPropertyOp8
 70
     1
102
RTVSPropertyOp9
 70
     1
102
RTVSPropertyOp10
 70
     1
102
RTVSPropertyOp11
 70
     1
102
RTVSPropertyOp12
 70
     1
102
RTVSPropertyOp13
 70
     1
102
RTVSPropertyOp14
 70
     1
102
RTVSPropertyOp15
 70
     1
102
RTVSPropertyOp16
 70
     1
102
RTVSPropertyOp17
 70
     1
102
RTVSPropertyOp18
 70
     1
102
RTVSPropertyOp19
 70
     1
102
RTVSPropertyOp20
 70
     1
102
RTVSPropertyOp21
 70
     1
102
RTVSPropertyOp22
 70
     1
102
RTVSPropertyOp23
 70
     1
102
RTVSPropertyOp24
 70
     1
102
RTVSPropertyOp25
 70
     1
102
RTVSPropertyOp26
 70
     1
102
RTVSPropertyOp27
 70
     1
102
RTVSPropertyOp28
 70
     1
102
RTVSPropertyOp29
 70
     1
102
RTVSPropertyOp30
 70
     1
102
RTVSPropertyOp31
 70
     1
102
RTVSPropertyOp32
 70
     1
102
RTVSPropertyOp33
 70
     1
102
RTVSPropertyOp34
 70
     1
102
RTVSPropertyOp35
 70
     1
102
RTVSPropertyOp36
 70
     1
102
RTVSPropertyOp37
 70
     1
102
RTVSPropertyOp38
 70
     1
102
RTVSPropertyOp39
 70
     1
102
RTVSPropertyOp40
 70
     1
102
RTVSPropertyOp41
 70
     1
102
RTVSPropertyOp42
 70
     1
102
RTVSPropertyOp43
 70
     1
102
RTVSPropertyOp44
 70
     1
102
RTVSPropertyOp45
 70
     1
102
RTVSPropertyOp46
 70
     1
102
RTVSPropertyOp47
 70
     1
102
RTVSPropertyOp48
 70
     1
102
RTVSPropertyOp49
 70
     1
102
RTVSPropertyOp50
 70
     1
102
RTVSPropertyOp51
 70
     0
102
RTVSPropertyOp52
 70
     0
102
RTVSPropertyOp53
 70
     1
102
RTVSPropertyOp54
 70
     1
102
RTVSPropertyOp55
 70
     1
102
RTVSPropertyOp56
 70
     1
102
RTVSPropertyOp57
 70
     1
102
RTVSPost2010Prop28
280
     0
102
RTVSPost2010PropOp28
 70
     1
102
RTVSPost2010Prop29
280
     1
102
RTVSPost2010PropOp29
 70
     1
102
RTVSPost2010Prop30
280
     1
102
RTVSPost2010PropOp30
 70
     1
102
RTVSPost2010Prop31
280
     0
102
RTVSPost2010PropOp31
 70
     1
102
RTVSPost2010Prop32
280
     0
102
RTVSPost2010PropOp32
 70
     1
102
RTVSPost2010Prop33
280
     0
102
RTVSPost2010PropOp33
 70
     1
102
RTVSPost2010Prop34
280
     0
102
RTVSPost2010PropOp34
 70
     1
102
RTVSPost2010Prop35
280
     0
102
RTVSPost2010PropOp35
 70
     1
102
RTVSPost2010Prop36
280
     0
102
RTVSPost2010PropOp36
 70
     1
102
RTVSPost2010Prop37
 90
       50
102
RTVSPost2010PropOp37
 70
     1
102
RTVSPost2010Prop38
140
0.0
102
RTVSPost2010PropOp38
 70
     1
102
RTVSPost2010Prop39
140
1.0
102
RTVSPost2010PropOp39
 70
     1
102
RTVSPost2010Prop40
 90
        0
102
RTVSPost2010PropOp40
 70
     1
102
RTVSPost2010Prop41ColorIndex
 90
       18
102
RTVSPost2010Prop41ColorRGB
 90
        0
102
RTVSPost2010PropOp41
 70
     1
102
RTVSPost2010Prop42
 90
       50
102
RTVSPost2010PropOp42
 70
     1
102
RTVSPost2010Prop43
 90
        3
102
RTVSPost2010PropOp43
 70
     1
102
RTVSPost2010Prop44ColorIndex
 90
        5
102
RTVSPost2010Prop44ColorRGB
 90
      255
102
RTVSPost2010PropOp44
 70
     1
102
RTVSPost2010Prop45
280
     0
102
RTVSPost2010PropOp45
 70
     1
102
RTVSPost2010Prop46
 90
       50
102
RTVSPost2010PropOp46
 70
     1
102
RTVSPost2010Prop47
 90
       50
102
RTVSPost2010PropOp47
 70
     1
102
RTVSPost2010Prop48
 90
       50
102
RTVSPost2010PropOp48
 70
     1
102
RTVSPost2010Prop49
280
     0
102
RTVSPost2010PropOp49
 70
     1
102
RTVSPost2010Prop50
 90
       50
102
RTVSPost2010PropOp50
 70
     1
102
RTVSPost2010Prop51ColorIndex
 90
      256
102
RTVSPost2010Prop51ColorRGB
 90
-16777216
102
RTVSPost2010PropOp51
 70
     0
102
RTVSPost2010Prop52
140
1.0
102
RTVSPost2010PropOp52
 70
     0
102
RTVSPost2010Prop53
 90
        2
102
RTVSPost2010PropOp53
 70
     1
102
RTVSPost2010Prop54
  1
strokes_ogs.tif
102
RTVSPost2010PropOp54
 70
     1
102
RTVSPost2010Prop55
280
     0
102
RTVSPost2010PropOp55
 70
     1
102
RTVSPost2010Prop56
140
1.0
102
RTVSPost2010PropOp56
 70
     1
102
RTVSPost2010Prop57
140
1.0
102
RTVSPost2010PropOp57
 70
     1
  0
ENDSEC
  0
EOF
