  0
SECTION
  2
HEADER
  9
$ACADVER
  1
AC1015
  9
$ACADMAINTVER
 70
     6
  9
$DWGCODEPAGE
  3
ANSI_1252
  9
$INSBASE
 10
0.0
 20
0.0
 30
0.0
  9
$EXTMIN
 10
-19.55031
 20
-25.17834
 30
0.0
  9
$EXTMAX
 10
11.08822
 20
14.28863
 30
0.0
  9
$LIMMIN
 10
0.0
 20
0.0
  9
$LIMMAX
 10
12.0
 20
9.0
  9
$ORTHOMODE
 70
     0
  9
$REGENMODE
 70
     1
  9
$FILLMODE
 70
     1
  9
$QTEXTMODE
 70
     0
  9
$MIRRTEXT
 70
     1
  9
$LTSCALE
 40
1.0
  9
$ATTMODE
 70
     1
  9
$TEXTSIZE
 40
0.2
  9
$TRACEWID
 40
0.05
  9
$TEXTSTYLE
  7
Standard
  9
$CLAYER
  8
0
  9
$CELTYPE
  6
ByLayer
  9
$CECOLOR
 62
   256
  9
$CELTSCALE
 40
1.0
  9
$DISPSILH
 70
     0
  9
$DIMSCALE
 40
1.0
  9
$DIMASZ
 40
0.18
  9
$DIMEXO
 40
0.0625
  9
$DIMDLI
 40
0.38
  9
$DIMRND
 40
0.0
  9
$DIMDLE
 40
0.0
  9
$DIMEXE
 40
0.18
  9
$DIMTP
 40
0.0
  9
$DIMTM
 40
0.0
  9
$DIMTXT
 40
0.18
  9
$DIMCEN
 40
0.09
  9
$DIMTSZ
 40
0.0
  9
$DIMTOL
 70
     0
  9
$DIMLIM
 70
     0
  9
$DIMTIH
 70
     1
  9
$DIMTOH
 70
     1
  9
$DIMSE1
 70
     0
  9
$DIMSE2
 70
     0
  9
$DIMTAD
 70
     0
  9
$DIMZIN
 70
     0
  9
$DIMBLK
  1

  9
$DIMASO
 70
     1
  9
$DIMSHO
 70
     1
  9
$DIMPOST
  1

  9
$DIMAPOST
  1

  9
$DIMALT
 70
     0
  9
$DIMALTD
 70
     2
  9
$DIMALTF
 40
25.4
  9
$DIMLFAC
 40
1.0
  9
$DIMTOFL
 70
     0
  9
$DIMTVP
 40
0.0
  9
$DIMTIX
 70
     0
  9
$DIMSOXD
 70
     0
  9
$DIMSAH
 70
     0
  9
$DIMBLK1
  1

  9
$DIMBLK2
  1

  9
$DIMSTYLE
  2
Standard
  9
$DIMCLRD
 70
     0
  9
$DIMCLRE
 70
     0
  9
$DIMCLRT
 70
     0
  9
$DIMTFAC
 40
1.0
  9
$DIMGAP
 40
0.09
  9
$DIMJUST
 70
     0
  9
$DIMSD1
 70
     0
  9
$DIMSD2
 70
     0
  9
$DIMTOLJ
 70
     1
  9
$DIMTZIN
 70
     0
  9
$DIMALTZ
 70
     0
  9
$DIMALTTZ
 70
     0
  9
$DIMUPT
 70
     0
  9
$DIMDEC
 70
     4
  9
$DIMTDEC
 70
     4
  9
$DIMALTU
 70
     2
  9
$DIMALTTD
 70
     2
  9
$DIMTXSTY
  7
Standard
  9
$DIMAUNIT
 70
     0
  9
$DIMADEC
 70
     0
  9
$DIMALTRND
 40
0.0
  9
$DIMAZIN
 70
     0
  9
$DIMDSEP
 70
    46
  9
$DIMATFIT
 70
     3
  9
$DIMFRAC
 70
     0
  9
$DIMLDRBLK
  1

  9
$DIMLUNIT
 70
     2
  9
$DIMLWD
 70
    -2
  9
$DIMLWE
 70
    -2
  9
$DIMTMOVE
 70
     0
  9
$LUNITS
 70
     2
  9
$LUPREC
 70
     4
  9
$SKETCHINC
 40
0.1
  9
$FILLETRAD
 40
0.5
  9
$AUNITS
 70
     0
  9
$AUPREC
 70
     0
  9
$MENU
  1
.
  9
$ELEVATION
 40
0.0
  9
$PELEVATION
 40
0.0
  9
$THICKNESS
 40
0.0
  9
$LIMCHECK
 70
     0
  9
$CHAMFERA
 40
0.0
  9
$CHAMFERB
 40
0.0
  9
$CHAMFERC
 40
0.0
  9
$CHAMFERD
 40
0.0
  9
$SKPOLY
 70
     0
  9
$TDCREATE
 40
2459213.510268657
  9
$TDUCREATE
 40
2459213.468601991
  9
$TDUPDATE
 40
2459213.510269086
  9
$TDUUPDATE
 40
2459213.468602419
  9
$TDINDWG
 40
0.0000000116
  9
$TDUSRTIMER
 40
0.0000000116
  9
$USRTIMER
 70
     1
  9
$ANGBASE
 50
0.0
  9
$ANGDIR
 70
     0
  9
$PDMODE
 70
     0
  9
$PDSIZE
 40
0.0
  9
$PLINEWID
 40
0.0
  9
$SPLFRAME
 70
     0
  9
$SPLINETYPE
 70
     6
  9
$SPLINESEGS
 70
     8
  9
$HANDSEED
  5
197
  9
$SURFTAB1
 70
     6
  9
$SURFTAB2
 70
     6
  9
$SURFTYPE
 70
     6
  9
$SURFU
 70
     6
  9
$SURFV
 70
     6
  9
$UCSBASE
  2

  9
$UCSNAME
  2

  9
$UCSORG
 10
0.0
 20
0.0
 30
0.0
  9
$UCSXDIR
 10
1.0
 20
0.0
 30
0.0
  9
$UCSYDIR
 10
0.0
 20
1.0
 30
0.0
  9
$UCSORTHOREF
  2

  9
$UCSORTHOVIEW
 70
     0
  9
$UCSORGTOP
 10
0.0
 20
0.0
 30
0.0
  9
$UCSORGBOTTOM
 10
0.0
 20
0.0
 30
0.0
  9
$UCSORGLEFT
 10
0.0
 20
0.0
 30
0.0
  9
$UCSORGRIGHT
 10
0.0
 20
0.0
 30
0.0
  9
$UCSORGFRONT
 10
0.0
 20
0.0
 30
0.0
  9
$UCSORGBACK
 10
0.0
 20
0.0
 30
0.0
  9
$PUCSBASE
  2

  9
$PUCSNAME
  2

  9
$PUCSORG
 10
0.0
 20
0.0
 30
0.0
  9
$PUCSXDIR
 10
1.0
 20
0.0
 30
0.0
  9
$PUCSYDIR
 10
0.0
 20
1.0
 30
0.0
  9
$PUCSORTHOREF
  2

  9
$PUCSORTHOVIEW
 70
     0
  9
$PUCSORGTOP
 10
0.0
 20
0.0
 30
0.0
  9
$PUCSORGBOTTOM
 10
0.0
 20
0.0
 30
0.0
  9
$PUCSORGLEFT
 10
0.0
 20
0.0
 30
0.0
  9
$PUCSORGRIGHT
 10
0.0
 20
0.0
 30
0.0
  9
$PUCSORGFRONT
 10
0.0
 20
0.0
 30
0.0
  9
$PUCSORGBACK
 10
0.0
 20
0.0
 30
0.0
  9
$USERI1
 70
     0
  9
$USERI2
 70
     0
  9
$USERI3
 70
     0
  9
$USERI4
 70
     0
  9
$USERI5
 70
     0
  9
$USERR1
 40
0.0
  9
$USERR2
 40
0.0
  9
$USERR3
 40
0.0
  9
$USERR4
 40
0.0
  9
$USERR5
 40
0.0
  9
$WORLDVIEW
 70
     1
  9
$SHADEDGE
 70
     3
  9
$SHADEDIF
 70
    70
  9
$TILEMODE
 70
     1
  9
$MAXACTVP
 70
    64
  9
$PINSBASE
 10
0.0
 20
0.0
 30
0.0
  9
$PLIMCHECK
 70
     0
  9
$PEXTMIN
 10
1.000000000000000E+20
 20
1.000000000000000E+20
 30
1.000000000000000E+20
  9
$PEXTMAX
 10
-1.000000000000000E+20
 20
-1.000000000000000E+20
 30
-1.000000000000000E+20
  9
$PLIMMIN
 10
0.0
 20
0.0
  9
$PLIMMAX
 10
12.0
 20
9.0
  9
$UNITMODE
 70
     0
  9
$VISRETAIN
 70
     1
  9
$PLINEGEN
 70
     0
  9
$PSLTSCALE
 70
     1
  9
$TREEDEPTH
 70
  3020
  9
$CMLSTYLE
  2
Standard
  9
$CMLJUST
 70
     0
  9
$CMLSCALE
 40
1.0
  9
$PROXYGRAPHICS
 70
     1
  9
$MEASUREMENT
 70
     0
  9
$CELWEIGHT
370
    -1
  9
$ENDCAPS
280
     0
  9
$JOINSTYLE
280
     0
  9
$LWDISPLAY
290
     0
  9
$INSUNITS
 70
     5
  9
$HYPERLINKBASE
  1

  9
$STYLESHEET
  1

  9
$XEDIT
290
     1
  9
$CEPSNTYPE
380
     0
  9
$PSTYLEMODE
290
     1
  9
$FINGERPRINTGUID
  2
{1f5426ea-1a8d-4930-9979-0dfd66bfbe16}
  9
$VERSIONGUID
  2
{FAEB1C32-E019-11D5-929B-00C0DF256EC4}
  9
$EXTNAMES
290
     1
  9
$PSVPSCALE
 40
0.0
  9
$OLESTARTUP
290
     0
  0
ENDSEC
  0
SECTION
  2
CLASSES
  0
CLASS
  1
ACDBDICTIONARYWDFLT
  2
AcDbDictionaryWithDefault
  3
ObjectDBX Classes
 90
        0
280
     0
281
     0
  0
CLASS
  1
VISUALSTYLE
  2
AcDbVisualStyle
  3
ObjectDBX Classes
 90
     4095
280
     0
281
     0
  0
CLASS
  1
MATERIAL
  2
AcDbMaterial
  3
ObjectDBX Classes
 90
     1153
280
     0
281
     0
  0
CLASS
  1
SCALE
  2
AcDbScale
  3
ObjectDBX Classes
 90
     1153
280
     0
281
     0
  0
CLASS
  1
TABLESTYLE
  2
AcDbTableStyle
  3
ObjectDBX Classes
 90
     4095
280
     0
281
     0
  0
CLASS
  1
MLEADERSTYLE
  2
AcDbMLeaderStyle
  3
ACDB_MLEADERSTYLE_CLASS
 90
     4095
280
     0
281
     0
  0
CLASS
  1
SUN
  2
AcDbSun
  3
SCENEOE
 90
     1153
280
     0
281
     0
  0
CLASS
  1
DICTIONARYVAR
  2
AcDbDictionaryVar
  3
ObjectDBX Classes
 90
        0
280
     0
281
     0
  0
CLASS
  1
ACDBPLACEHOLDER
  2
AcDbPlaceHolder
  3
ObjectDBX Classes
 90
        0
280
     0
281
     0
  0
CLASS
  1
LAYOUT
  2
AcDbLayout
  3
ObjectDBX Classes
 90
        0
280
     0
281
     0
  0
ENDSEC
  0
SECTION
  2
TABLES
  0
TABLE
  2
VPORT
  5
8
102
{ACAD_XDICTIONARY
360
15A
102
}
330
0
100
AcDbSymbolTable
 70
     1
  0
VPORT
  5
29
330
8
100
AcDbSymbolTableRecord
100
AcDbViewportTableRecord
  2
*Active
 70
     0
 10
0.0
 20
0.0
 11
1.0
 21
1.0
 12
10.42990654205607
 22
4.5
 13
0.0
 23
0.0
 14
0.5
 24
0.5
 15
0.5
 25
0.5
 16
0.0
 26
0.0
 36
1.0
 17
0.0
 27
0.0
 37
0.0
 40
9.0
 41
1.972972972850329
 42
50.0
 43
0.0
 44
0.0
 50
0.0
 51
0.0
 71
     0
 72
   100
 73
     1
 74
     3
 75
     0
 76
     0
 77
     0
 78
     0
281
     0
 65
     1
110
0.0
120
0.0
130
0.0
111
1.0
121
0.0
131
0.0
112
0.0
122
1.0
132
0.0
 79
     0
146
0.0
  0
ENDTAB
  0
TABLE
  2
LTYPE
  5
5
330
0
100
AcDbSymbolTable
 70
     1
  0
LTYPE
  5
14
330
5
100
AcDbSymbolTableRecord
100
AcDbLinetypeTableRecord
  2
ByBlock
 70
     0
  3

 72
    65
 73
     0
 40
0.0
  0
LTYPE
  5
15
330
5
100
AcDbSymbolTableRecord
100
AcDbLinetypeTableRecord
  2
ByLayer
 70
     0
  3

 72
    65
 73
     0
 40
0.0
  0
LTYPE
  5
16
330
5
100
AcDbSymbolTableRecord
100
AcDbLinetypeTableRecord
  2
Continuous
 70
     0
  3
Solid line
 72
    65
 73
     0
 40
0.0
  0
ENDTAB
  0
TABLE
  2
LAYER
  5
2
330
0
100
AcDbSymbolTable
 70
     2
  0
LAYER
  5
10
330
2
100
AcDbSymbolTableRecord
100
AcDbLayerTableRecord
  2
0
 70
     0
 62
     7
  6
Continuous
370
    -3
390
F
  0
LAYER
  5
6F
330
2
100
AcDbSymbolTableRecord
100
AcDbLayerTableRecord
  2
Plan 1
 70
     0
 62
     7
  6
Continuous
370
    -3
390
F
  0
ENDTAB
  0
TABLE
  2
STYLE
  5
3
330
0
100
AcDbSymbolTable
 70
     1
  0
STYLE
  5
11
330
3
100
AcDbSymbolTableRecord
100
AcDbTextStyleTableRecord
  2
Standard
 70
     0
 40
0.0
 41
1.0
 50
0.0
 71
     0
 42
0.2
  3
txt
  4

  0
ENDTAB
  0
TABLE
  2
VIEW
  5
6
330
0
100
AcDbSymbolTable
 70
     0
  0
ENDTAB
  0
TABLE
  2
UCS
  5
7
330
0
100
AcDbSymbolTable
 70
     0
  0
ENDTAB
  0
TABLE
  2
APPID
  5
9
330
0
100
AcDbSymbolTable
 70
     3
  0
APPID
  5
12
330
9
100
AcDbSymbolTableRecord
100
AcDbRegAppTableRecord
  2
ACAD
 70
     0
  0
APPID
  5
6E
330
9
100
AcDbSymbolTableRecord
100
AcDbRegAppTableRecord
  2
ODA
 70
     0
  0
APPID
  5
194
330
9
100
AcDbSymbolTableRecord
100
AcDbRegAppTableRecord
  2
ACAD_MLEADERVER
 70
     0
  0
ENDTAB
  0
TABLE
  2
DIMSTYLE
  5
A
330
0
100
AcDbSymbolTable
 70
     1
100
AcDbDimStyleTable
  0
DIMSTYLE
105
27
330
A
100
AcDbSymbolTableRecord
100
AcDbDimStyleTableRecord
  2
Standard
 70
     0
178
     0
340
11
  0
ENDTAB
  0
TABLE
  2
BLOCK_RECORD
  5
1
330
0
100
AcDbSymbolTable
 70
     1
  0
BLOCK_RECORD
  5
1F
330
1
100
AcDbSymbolTableRecord
100
AcDbBlockTableRecord
  2
*Model_Space
340
22
  0
BLOCK_RECORD
  5
1B
330
1
100
AcDbSymbolTableRecord
100
AcDbBlockTableRecord
  2
*Paper_Space
340
1E
  0
BLOCK_RECORD
  5
23
330
1
100
AcDbSymbolTableRecord
100
AcDbBlockTableRecord
  2
*Paper_Space0
340
26
  0
ENDTAB
  0
ENDSEC
  0
SECTION
  2
BLOCKS
  0
BLOCK
  5
20
330
1F
100
AcDbEntity
  8
0
100
AcDbBlockBegin
  2
*Model_Space
 70
     0
 10
0.0
 20
0.0
 30
0.0
  3
*Model_Space
  1

  0
ENDBLK
  5
21
330
1F
100
AcDbEntity
  8
0
100
AcDbBlockEnd
  0
BLOCK
  5
1C
330
1B
100
AcDbEntity
 67
     1
  8
0
100
AcDbBlockBegin
  2
*Paper_Space
 70
     0
 10
0.0
 20
0.0
 30
0.0
  3
*Paper_Space
  1

  0
ENDBLK
  5
1D
330
1B
100
AcDbEntity
 67
     1
  8
0
100
AcDbBlockEnd
  0
BLOCK
  5
24
330
23
100
AcDbEntity
  8
0
100
AcDbBlockBegin
  2
*Paper_Space0
 70
     0
 10
0.0
 20
0.0
 30
0.0
  3
*Paper_Space0
  1

  0
ENDBLK
  5
25
330
23
100
AcDbEntity
  8
0
100
AcDbBlockEnd
  0
ENDSEC
  0
SECTION
  2
ENTITIES
  0
SPLINE
  5
70
330
1F
100
AcDbEntity
  8
Plan 1
 62
   250
370
    20
100
AcDbSpline
210
0.0
220
0.0
230
1.0
 70
    11
 71
     3
 72
    47
 73
    43
 74
     0
 42
0.0000000001
 43
0.0000000001
 40
0.0
 40
0.0
 40
0.0
 40
0.0
 40
0.0714285714285714
 40
0.0714285714285714
 40
0.0714285714285714
 40
0.1428571428571428
 40
0.1428571428571428
 40
0.1428571428571428
 40
0.2142857142857143
 40
0.2142857142857143
 40
0.2142857142857143
 40
0.2857142857142857
 40
0.2857142857142857
 40
0.2857142857142857
 40
0.3571428571428571
 40
0.3571428571428571
 40
0.3571428571428571
 40
0.4285714285714285
 40
0.4285714285714285
 40
0.4285714285714285
 40
0.5
 40
0.5
 40
0.5
 40
0.5714285714285714
 40
0.5714285714285714
 40
0.5714285714285714
 40
0.6428571428571428
 40
0.6428571428571428
 40
0.6428571428571428
 40
0.7142857142857142
 40
0.7142857142857142
 40
0.7142857142857142
 40
0.7857142857142857
 40
0.7857142857142857
 40
0.7857142857142857
 40
0.8571428571428571
 40
0.8571428571428571
 40
0.8571428571428571
 40
0.9285714285714285
 40
0.9285714285714285
 40
0.9285714285714285
 40
1.0
 40
1.0
 40
1.0
 40
1.0
 10
-5.27923
 20
14.27924
 30
0.0
 10
-2.95886
 20
9.79791
 30
0.0
 10
-1.58113
 20
6.46647
 30
0.0
 10
-1.14605
 20
4.28492
 30
0.0
 10
-1.27028
 20
2.44979
 30
0.0
 10
-1.16891
 20
0.93843
 30
0.0
 10
-0.84193
 20
-0.24917
 30
0.0
 10
4.02533
 20
7.2086
 30
0.0
 10
7.11256
 20
10.62759
 30
0.0
 10
8.41976
 20
10.00781
 30
0.0
 10
10.56066
 20
-1.55496
 30
0.0
 10
9.59182
 20
-6.9484
 30
0.0
 10
7.5206
 20
-9.60841
 30
0.0
 10
4.44084
 20
-13.56364
 30
0.0
 10
-1.07628
 20
-11.4754
 30
0.0
 10
-2.43161
 20
-14.63938
 30
0.0
 10
1.84809
 20
-17.01699
 30
0.0
 10
6.30385
 20
-19.92913
 30
0.0
 10
10.93566
 20
-23.3758
 30
0.0
 10
12.44967
 20
-26.7797
 30
0.0
 10
1.43751
 20
-24.31873
 30
0.0
 10
0.33308
 20
-24.16374
 30
0.0
 10
-1.08015
 20
-23.00117
 30
0.0
 10
-2.43945
 20
-21.54971
 30
0.0
 10
-3.74483
 20
-19.80936
 30
0.0
 10
-17.7639
 20
-21.14436
 30
0.0
 10
-13.01274
 20
-15.89547
 30
0.0
 10
-16.76651
 20
-10.94854
 30
0.0
 10
-17.46144
 20
-10.52698
 30
0.0
 10
-17.93143
 20
-10.0109
 30
0.0
 10
-18.1765
 20
-9.40031
 30
0.0
 10
-18.16194
 20
-9.2256
 30
0.0
 10
-18.61812
 20
-8.96757
 30
0.0
 10
-19.54502
 20
-8.6262
 30
0.0
 10
-19.33802
 20
-8.497
 30
0.0
 10
-18.98782
 20
-8.31729
 30
0.0
 10
-18.49444
 20
-8.08708
 30
0.0
 10
-16.71281
 20
-4.45531
 30
0.0
 10
-13.97577
 20
-4.20649
 30
0.0
 10
-10.28332
 20
-7.34062
 30
0.0
 10
-9.86825
 20
-4.00043
 30
0.0
 10
-7.94188
 20
13.30018
 30
0.0
 10
-5.27923
 20
14.27924
 30
0.0
  0
SPLINE
  5
71
330
1F
100
AcDbEntity
  8
Plan 1
 62
   250
370
    20
100
AcDbSpline
210
0.0
220
0.0
230
1.0
 70
    11
 71
     3
 72
    14
 73
    10
 74
     0
 42
0.0000000001
 43
0.0000000001
 40
0.0
 40
0.0
 40
0.0
 40
0.0
 40
0.3333333333333333
 40
0.3333333333333333
 40
0.3333333333333333
 40
0.6666666666666666
 40
0.6666666666666666
 40
0.6666666666666666
 40
1.0
 40
1.0
 40
1.0
 40
1.0
 10
5.1878
 20
6.81696
 30
0.0
 10
6.21234
 20
7.98144
 30
0.0
 10
6.97263
 20
8.50672
 30
0.0
 10
7.46867
 20
8.39283
 30
0.0
 10
7.43452
 20
7.99183
 30
0.0
 10
6.72031
 20
7.37899
 30
0.0
 10
5.32603
 20
6.55431
 30
0.0
 10
4.99444
 20
6.2941
 30
0.0
 10
4.94836
 20
6.38165
 30
0.0
 10
5.1878
 20
6.81696
 30
0.0
  0
SPLINE
  5
72
330
1F
100
AcDbEntity
  8
Plan 1
 62
   250
370
    20
100
AcDbSpline
210
0.0
220
0.0
230
1.0
 70
    11
 71
     3
 72
    11
 73
     7
 74
     0
 42
0.0000000001
 43
0.0000000001
 40
0.0
 40
0.0
 40
0.0
 40
0.0
 40
0.5
 40
0.5
 40
0.5
 40
1.0
 40
1.0
 40
1.0
 40
1.0
 10
5.51957
 20
6.38152
 30
0.0
 10
6.09149
 20
6.98752
 30
0.0
 10
6.55457
 20
7.25939
 30
0.0
 10
6.90882
 20
7.19711
 30
0.0
 10
7.3726
 20
6.92245
 30
0.0
 10
5.63996
 20
6.35862
 30
0.0
 10
5.51957
 20
6.38152
 30
0.0
  0
SPLINE
  5
73
330
1F
100
AcDbEntity
  8
Plan 1
 62
   250
370
    20
100
AcDbSpline
210
0.0
220
0.0
230
1.0
 70
    11
 71
     3
 72
    14
 73
    10
 74
     0
 42
0.0000000001
 43
0.0000000001
 40
0.0
 40
0.0
 40
0.0
 40
0.0
 40
0.3333333333333333
 40
0.3333333333333333
 40
0.3333333333333333
 40
0.6666666666666666
 40
0.6666666666666666
 40
0.6666666666666666
 40
1.0
 40
1.0
 40
1.0
 40
1.0
 10
0.41869
 20
-0.31592
 30
0.0
 10
3.14338
 20
3.81191
 30
0.0
 10
5.29062
 20
6.11582
 30
0.0
 10
6.86041
 20
6.59579
 30
0.0
 10
6.84159
 20
4.97182
 30
0.0
 10
4.87866
 20
2.13341
 30
0.0
 10
0.97162
 20
-1.91944
 30
0.0
 10
0.93265
 20
-1.34193
 30
0.0
 10
0.74834
 20
-0.80743
 30
0.0
 10
0.41869
 20
-0.31592
 30
0.0
  0
SPLINE
  5
74
330
1F
100
AcDbEntity
  8
Plan 1
 62
   250
370
    20
100
AcDbSpline
210
0.0
220
0.0
230
1.0
 70
    11
 71
     3
 72
    20
 73
    16
 74
     0
 42
0.0000000001
 43
0.0000000001
 40
0.0
 40
0.0
 40
0.0
 40
0.0
 40
0.2
 40
0.2
 40
0.2
 40
0.4
 40
0.4
 40
0.4
 40
0.6000000000000001
 40
0.6000000000000001
 40
0.6000000000000001
 40
0.8
 40
0.8
 40
0.8
 40
1.0
 40
1.0
 40
1.0
 40
1.0
 10
-0.97896
 20
-1.69689
 30
0.0
 10
-0.77143
 20
-1.56808
 30
0.0
 10
-0.74493
 20
-1.76967
 30
0.0
 10
-0.89947
 20
-2.30167
 30
0.0
 10
-0.93871
 20
-2.41112
 30
0.0
 10
-0.99861
 20
-2.42379
 30
0.0
 10
-1.07918
 20
-2.33968
 30
0.0
 10
-1.14834
 20
-2.29623
 30
0.0
 10
-1.25893
 20
-2.2778
 30
0.0
 10
-1.41094
 20
-2.28439
 30
0.0
 10
-1.54476
 20
-2.30917
 30
0.0
 10
-1.57183
 20
-2.24465
 30
0.0
 10
-1.49215
 20
-2.09086
 30
0.0
 10
-1.31063
 20
-2.01231
 30
0.0
 10
-1.13956
 20
-1.88099
 30
0.0
 10
-0.97896
 20
-1.69689
 30
0.0
  0
SPLINE
  5
75
330
1F
100
AcDbEntity
  8
Plan 1
 62
   250
370
    20
100
AcDbSpline
210
0.0
220
0.0
230
1.0
 70
    11
 71
     3
 72
    11
 73
     7
 74
     0
 42
0.0000000001
 43
0.0000000001
 40
0.0
 40
0.0
 40
0.0
 40
0.0
 40
0.5
 40
0.5
 40
0.5
 40
1.0
 40
1.0
 40
1.0
 40
1.0
 10
-1.49776
 20
-2.4372
 30
0.0
 10
-0.95723
 20
-2.86136
 30
0.0
 10
-2.25305
 20
-3.50517
 30
0.0
 10
-2.14055
 20
-2.95213
 30
0.0
 10
-1.52057
 20
-2.73737
 30
0.0
 10
-1.71091
 20
-2.20379
 30
0.0
 10
-1.49776
 20
-2.4372
 30
0.0
  0
SPLINE
  5
76
330
1F
100
AcDbEntity
  8
Plan 1
 62
   250
370
    20
100
AcDbSpline
210
0.0
220
0.0
230
1.0
 70
    11
 71
     3
 72
    14
 73
    10
 74
     0
 42
0.0000000001
 43
0.0000000001
 40
0.0
 40
0.0
 40
0.0
 40
0.0
 40
0.3333333333333333
 40
0.3333333333333333
 40
0.3333333333333333
 40
0.6666666666666666
 40
0.6666666666666666
 40
0.6666666666666666
 40
1.0
 40
1.0
 40
1.0
 40
1.0
 10
-2.91754
 20
-4.31396
 30
0.0
 10
-2.8262
 20
-4.31393
 30
0.0
 10
-2.74981
 20
-4.33829
 30
0.0
 10
-2.68838
 20
-4.38704
 30
0.0
 10
-2.72954
 20
-4.48936
 30
0.0
 10
-2.81778
 20
-4.55323
 30
0.0
 10
-2.9531
 20
-4.57866
 30
0.0
 10
-2.93705
 20
-4.50268
 30
0.0
 10
-2.9252
 20
-4.41444
 30
0.0
 10
-2.91754
 20
-4.31396
 30
0.0
  0
SPLINE
  5
77
330
1F
100
AcDbEntity
  8
Plan 1
 62
   250
370
    20
100
AcDbSpline
210
0.0
220
0.0
230
1.0
 70
    11
 71
     3
 72
    14
 73
    10
 74
     0
 42
0.0000000001
 43
0.0000000001
 40
0.0
 40
0.0
 40
0.0
 40
0.0
 40
0.3333333333333333
 40
0.3333333333333333
 40
0.3333333333333333
 40
0.6666666666666666
 40
0.6666666666666666
 40
0.6666666666666666
 40
1.0
 40
1.0
 40
1.0
 40
1.0
 10
-3.54528
 20
-5.07654
 30
0.0
 10
-3.47707
 20
-4.98808
 30
0.0
 10
-3.31234
 20
-4.95006
 30
0.0
 10
-3.0511
 20
-4.9625
 30
0.0
 10
-3.23724
 20
-5.27528
 30
0.0
 10
-3.4181
 20
-5.52986
 30
0.0
 10
-3.59367
 20
-5.72625
 30
0.0
 10
-3.62209
 20
-5.52904
 30
0.0
 10
-3.60596
 20
-5.31246
 30
0.0
 10
-3.54528
 20
-5.07654
 30
0.0
  0
SPLINE
  5
78
330
1F
100
AcDbEntity
  8
Plan 1
 62
   250
370
    20
100
AcDbSpline
210
0.0
220
0.0
230
1.0
 70
    11
 71
     3
 72
    14
 73
    10
 74
     0
 42
0.0000000001
 43
0.0000000001
 40
0.0
 40
0.0
 40
0.0
 40
0.0
 40
0.3333333333333333
 40
0.3333333333333333
 40
0.3333333333333333
 40
0.6666666666666666
 40
0.6666666666666666
 40
0.6666666666666666
 40
1.0
 40
1.0
 40
1.0
 40
1.0
 10
-3.74238
 20
-5.20436
 30
0.0
 10
-3.81871
 20
-5.42921
 30
0.0
 10
-3.86018
 20
-5.67573
 30
0.0
 10
-3.86679
 20
-5.94392
 30
0.0
 10
-4.06666
 20
-6.13824
 30
0.0
 10
-4.24406
 20
-6.20045
 30
0.0
 10
-4.399
 20
-6.13054
 30
0.0
 10
-4.25437
 20
-5.74789
 30
0.0
 10
-4.0355
 20
-5.43916
 30
0.0
 10
-3.74238
 20
-5.20436
 30
0.0
  0
SPLINE
  5
79
330
1F
100
AcDbEntity
  8
Plan 1
 62
   250
370
    20
100
AcDbSpline
210
0.0
220
0.0
230
1.0
 70
    11
 71
     3
 72
    17
 73
    13
 74
     0
 42
0.0000000001
 43
0.0000000001
 40
0.0
 40
0.0
 40
0.0
 40
0.0
 40
0.25
 40
0.25
 40
0.25
 40
0.5
 40
0.5
 40
0.5
 40
0.75
 40
0.75
 40
0.75
 40
1.0
 40
1.0
 40
1.0
 40
1.0
 10
-4.53032
 20
-6.35516
 30
0.0
 10
-4.34389
 20
-6.35885
 30
0.0
 10
-4.1158
 20
-6.29433
 30
0.0
 10
-3.84606
 20
-6.16163
 30
0.0
 10
-3.63699
 20
-7.10103
 30
0.0
 10
-4.12311
 20
-7.75304
 30
0.0
 10
-5.30443
 20
-8.11765
 30
0.0
 10
-5.5185
 20
-8.22048
 30
0.0
 10
-5.56228
 20
-8.14214
 30
0.0
 10
-5.43576
 20
-7.88266
 30
0.0
 10
-5.14106
 20
-7.34256
 30
0.0
 10
-4.83925
 20
-6.8334
 30
0.0
 10
-4.53032
 20
-6.35516
 30
0.0
  0
SPLINE
  5
7A
330
1F
100
AcDbEntity
  8
Plan 1
 62
   250
370
    20
100
AcDbSpline
210
0.0
220
0.0
230
1.0
 70
    11
 71
     3
 72
    14
 73
    10
 74
     0
 42
0.0000000001
 43
0.0000000001
 40
0.0
 40
0.0
 40
0.0
 40
0.0
 40
0.3333333333333333
 40
0.3333333333333333
 40
0.3333333333333333
 40
0.6666666666666666
 40
0.6666666666666666
 40
0.6666666666666666
 40
1.0
 40
1.0
 40
1.0
 40
1.0
 10
-5.49111
 20
-6.67654
 30
0.0
 10
-5.43562
 20
-6.90744
 30
0.0
 10
-5.40682
 20
-7.19888
 30
0.0
 10
-5.40472
 20
-7.55087
 30
0.0
 10
-5.49284
 20
-7.74419
 30
0.0
 10
-5.59306
 20
-7.88819
 30
0.0
 10
-5.70537
 20
-7.98286
 30
0.0
 10
-5.84712
 20
-7.39383
 30
0.0
 10
-5.7757
 20
-6.95839
 30
0.0
 10
-5.49111
 20
-6.67654
 30
0.0
  0
SPLINE
  5
7B
330
1F
100
AcDbEntity
  8
Plan 1
 62
   250
370
    20
100
AcDbSpline
210
0.0
220
0.0
230
1.0
 70
    11
 71
     3
 72
    11
 73
     7
 74
     0
 42
0.0000000001
 43
0.0000000001
 40
0.0
 40
0.0
 40
0.0
 40
0.0
 40
0.5
 40
0.5
 40
0.5
 40
1.0
 40
1.0
 40
1.0
 40
1.0
 10
-6.35425
 20
-8.21675
 30
0.0
 10
-5.95936
 20
-8.27783
 30
0.0
 10
-5.95936
 20
-8.45524
 30
0.0
 10
-6.35425
 20
-8.74896
 30
0.0
 10
-6.68154
 20
-8.59175
 30
0.0
 10
-6.68154
 20
-8.41434
 30
0.0
 10
-6.35425
 20
-8.21675
 30
0.0
  0
SPLINE
  5
7C
330
1F
100
AcDbEntity
  8
Plan 1
 62
   250
370
    20
100
AcDbSpline
210
0.0
220
0.0
230
1.0
 70
    11
 71
     3
 72
    11
 73
     7
 74
     0
 42
0.0000000001
 43
0.0000000001
 40
0.0
 40
0.0
 40
0.0
 40
0.0
 40
0.5
 40
0.5
 40
0.5
 40
1.0
 40
1.0
 40
1.0
 40
1.0
 10
-7.48775
 20
-9.86051
 30
0.0
 10
-6.88829
 20
-9.919
 30
0.0
 10
-6.86815
 20
-10.05538
 30
0.0
 10
-7.42733
 20
-10.26962
 30
0.0
 10
-8.00863
 20
-10.08036
 30
0.0
 10
-8.46437
 20
-9.76563
 30
0.0
 10
-7.48775
 20
-9.86051
 30
0.0
  0
SPLINE
  5
7D
330
1F
100
AcDbEntity
  8
Plan 1
 62
   250
370
    20
100
AcDbSpline
210
0.0
220
0.0
230
1.0
 70
    11
 71
     3
 72
     8
 73
     4
 74
     0
 42
0.0000000001
 43
0.0000000001
 40
0.0
 40
0.0
 40
0.0
 40
0.0
 40
1.0
 40
1.0
 40
1.0
 40
1.0
 10
-8.09952
 20
-11.22003
 30
0.0
 10
-9.28377
 20
-11.07946
 30
0.0
 10
-7.06634
 20
-10.55633
 30
0.0
 10
-8.09952
 20
-11.22003
 30
0.0
  0
SPLINE
  5
7E
330
1F
100
AcDbEntity
  8
Plan 1
 62
   250
370
    20
100
AcDbSpline
210
0.0
220
0.0
230
1.0
 70
    11
 71
     3
 72
     8
 73
     4
 74
     0
 42
0.0000000001
 43
0.0000000001
 40
0.0
 40
0.0
 40
0.0
 40
0.0
 40
1.0
 40
1.0
 40
1.0
 40
1.0
 10
-9.43043
 20
-12.6216
 30
0.0
 10
-10.67308
 20
-12.28943
 30
0.0
 10
-8.1521
 20
-11.96268
 30
0.0
 10
-9.43043
 20
-12.6216
 30
0.0
  0
SPLINE
  5
7F
330
1F
100
AcDbEntity
  8
Plan 1
 62
   250
370
    20
100
AcDbSpline
210
0.0
220
0.0
230
1.0
 70
    11
 71
     3
 72
    14
 73
    10
 74
     0
 42
0.0000000001
 43
0.0000000001
 40
0.0
 40
0.0
 40
0.0
 40
0.0
 40
0.3333333333333333
 40
0.3333333333333333
 40
0.3333333333333333
 40
0.6666666666666666
 40
0.6666666666666666
 40
0.6666666666666666
 40
1.0
 40
1.0
 40
1.0
 40
1.0
 10
-12.14984
 20
-13.87416
 30
0.0
 10
-11.24067
 20
-14.05926
 30
0.0
 10
-10.52646
 20
-14.3772
 30
0.0
 10
-10.00721
 20
-14.82797
 30
0.0
 10
-12.32241
 20
-14.87779
 30
0.0
 10
-13.93975
 20
-14.05298
 30
0.0
 10
-14.721
 20
-12.65769
 30
0.0
 10
-13.90628
 20
-13.26446
 30
0.0
 10
-13.04923
 20
-13.66995
 30
0.0
 10
-12.14984
 20
-13.87416
 30
0.0
  0
SPLINE
  5
80
330
1F
100
AcDbEntity
  8
Plan 1
 62
   250
370
    20
100
AcDbSpline
210
0.0
220
0.0
230
1.0
 70
    11
 71
     3
 72
    17
 73
    13
 74
     0
 42
0.0000000001
 43
0.0000000001
 40
0.0
 40
0.0
 40
0.0
 40
0.0
 40
0.25
 40
0.25
 40
0.25
 40
0.5
 40
0.5
 40
0.5
 40
0.75
 40
0.75
 40
0.75
 40
1.0
 40
1.0
 40
1.0
 40
1.0
 10
-15.06659
 20
-13.19681
 30
0.0
 10
-13.73181
 20
-14.7809
 30
0.0
 10
-11.98545
 20
-15.53658
 30
0.0
 10
-9.8275
 20
-15.46385
 30
0.0
 10
-7.46473
 20
-15.77103
 30
0.0
 10
-5.75984
 20
-16.78936
 30
0.0
 10
-4.71283
 20
-18.51884
 30
0.0
 10
-6.54979
 20
-17.16395
 30
0.0
 10
-8.19939
 20
-16.55111
 30
0.0
 10
-9.66162
 20
-16.68032
 30
0.0
 10
-12.60981
 20
-16.60747
 30
0.0
 10
-14.41147
 20
-15.4463
 30
0.0
 10
-15.06659
 20
-13.19681
 30
0.0
  0
SPLINE
  5
81
330
1F
100
AcDbEntity
  8
Plan 1
 62
   250
370
    20
100
AcDbSpline
210
0.0
220
0.0
230
1.0
 70
    11
 71
     3
 72
    17
 73
    13
 74
     0
 42
0.0000000001
 43
0.0000000001
 40
0.0
 40
0.0
 40
0.0
 40
0.0
 40
0.25
 40
0.25
 40
0.25
 40
0.5
 40
0.5
 40
0.5
 40
0.75
 40
0.75
 40
0.75
 40
1.0
 40
1.0
 40
1.0
 40
1.0
 10
8.0472
 20
6.61302
 30
0.0
 10
8.19893
 20
6.61302
 30
0.0
 10
8.32194
 20
6.50316
 30
0.0
 10
8.32194
 20
6.36766
 30
0.0
 10
8.32194
 20
6.23215
 30
0.0
 10
8.19893
 20
6.1223
 30
0.0
 10
8.0472
 20
6.1223
 30
0.0
 10
7.89547
 20
6.1223
 30
0.0
 10
7.77246
 20
6.23215
 30
0.0
 10
7.77246
 20
6.36766
 30
0.0
 10
7.77246
 20
6.50316
 30
0.0
 10
7.89547
 20
6.61302
 30
0.0
 10
8.0472
 20
6.61302
 30
0.0
  0
SPLINE
  5
82
330
1F
100
AcDbEntity
  8
Plan 1
 62
   250
370
    20
100
AcDbSpline
210
0.0
220
0.0
230
1.0
 70
    11
 71
     3
 72
    14
 73
    10
 74
     0
 42
0.0000000001
 43
0.0000000001
 40
0.0
 40
0.0
 40
0.0
 40
0.0
 40
0.3333333333333333
 40
0.3333333333333333
 40
0.3333333333333333
 40
0.6666666666666666
 40
0.6666666666666666
 40
0.6666666666666666
 40
1.0
 40
1.0
 40
1.0
 40
1.0
 10
6.49412
 20
4.44623
 30
0.0
 10
6.7256
 20
4.18019
 30
0.0
 10
6.56894
 20
3.77009
 30
0.0
 10
6.02413
 20
3.21593
 30
0.0
 10
6.02413
 20
3.21593
 30
0.0
 10
5.31914
 20
2.53859
 30
0.0
 10
5.31914
 20
2.53859
 30
0.0
 10
5.89265
 20
3.76024
 30
0.0
 10
6.28431
 20
4.39612
 30
0.0
 10
6.49412
 20
4.44623
 30
0.0
  0
SPLINE
  5
83
330
1F
100
AcDbEntity
  8
Plan 1
 62
   250
370
    20
100
AcDbSpline
210
0.0
220
0.0
230
1.0
 70
    11
 71
     3
 72
    14
 73
    10
 74
     0
 42
0.0000000001
 43
0.0000000001
 40
0.0
 40
0.0
 40
0.0
 40
0.0
 40
0.3333333333333333
 40
0.3333333333333333
 40
0.3333333333333333
 40
0.6666666666666666
 40
0.6666666666666666
 40
0.6666666666666666
 40
1.0
 40
1.0
 40
1.0
 40
1.0
 10
5.27766
 20
2.0755
 30
0.0
 10
6.35106
 20
2.89748
 30
0.0
 10
7.15282
 20
3.22003
 30
0.0
 10
7.68294
 20
3.04314
 30
0.0
 10
7.86655
 20
2.64025
 30
0.0
 10
5.94226
 20
2.28927
 30
0.0
 10
5.38133
 20
1.77138
 30
0.0
 10
5.04639
 20
1.75536
 30
0.0
 10
5.01184
 20
1.85674
 30
0.0
 10
5.27766
 20
2.0755
 30
0.0
  0
SPLINE
  5
84
330
1F
100
AcDbEntity
  8
Plan 1
 62
   250
370
    20
100
AcDbSpline
210
0.0
220
0.0
230
1.0
 70
    11
 71
     3
 72
    17
 73
    13
 74
     0
 42
0.0000000001
 43
0.0000000001
 40
0.0
 40
0.0
 40
0.0
 40
0.0
 40
0.25
 40
0.25
 40
0.25
 40
0.5
 40
0.5
 40
0.5
 40
0.75
 40
0.75
 40
0.75
 40
1.0
 40
1.0
 40
1.0
 40
1.0
 10
1.17518
 20
-2.42059
 30
0.0
 10
3.39394
 20
-0.08514
 30
0.0
 10
5.22784
 20
1.39627
 30
0.0
 10
6.67688
 20
2.02366
 30
0.0
 10
7.60917
 20
2.49326
 30
0.0
 10
7.87182
 20
2.29973
 30
0.0
 10
7.46481
 20
1.44308
 30
0.0
 10
4.28319
 20
-1.87796
 30
0.0
 10
2.2127
 20
-3.69815
 30
0.0
 10
1.25336
 20
-4.01749
 30
0.0
 10
1.20958
 20
-3.31791
 30
0.0
 10
1.18352
 20
-2.7856
 30
0.0
 10
1.17518
 20
-2.42059
 30
0.0
  0
SPLINE
  5
85
330
1F
100
AcDbEntity
  8
Plan 1
 62
   250
370
    20
100
AcDbSpline
210
0.0
220
0.0
230
1.0
 70
    11
 71
     3
 72
    17
 73
    13
 74
     0
 42
0.0000000001
 43
0.0000000001
 40
0.0
 40
0.0
 40
0.0
 40
0.0
 40
0.25
 40
0.25
 40
0.25
 40
0.5
 40
0.5
 40
0.5
 40
0.75
 40
0.75
 40
0.75
 40
1.0
 40
1.0
 40
1.0
 40
1.0
 10
1.20276
 20
-4.66346
 30
0.0
 10
3.35385
 20
-2.73636
 30
0.0
 10
5.35364
 20
-1.58902
 30
0.0
 10
7.20213
 20
-1.22142
 30
0.0
 10
8.0627
 20
-1.10063
 30
0.0
 10
8.19172
 20
-1.41396
 30
0.0
 10
7.58919
 20
-2.16142
 30
0.0
 10
6.09886
 20
-3.96981
 30
0.0
 10
3.9378
 20
-5.46734
 30
0.0
 10
1.10599
 20
-6.65403
 30
0.0
 10
1.10599
 20
-6.65403
 30
0.0
 10
1.20276
 20
-4.66346
 30
0.0
 10
1.20276
 20
-4.66346
 30
0.0
  0
SPLINE
  5
86
330
1F
100
AcDbEntity
  8
Plan 1
 62
   250
370
    20
100
AcDbSpline
210
0.0
220
0.0
230
1.0
 70
    11
 71
     3
 72
    14
 73
    10
 74
     0
 42
0.0000000001
 43
0.0000000001
 40
0.0
 40
0.0
 40
0.0
 40
0.0
 40
0.3333333333333333
 40
0.3333333333333333
 40
0.3333333333333333
 40
0.6666666666666666
 40
0.6666666666666666
 40
0.6666666666666666
 40
1.0
 40
1.0
 40
1.0
 40
1.0
 10
0.88539
 20
-4.72931
 30
0.0
 10
0.98389
 20
-5.17037
 30
0.0
 10
0.95856
 20
-5.61502
 30
0.0
 10
0.80936
 20
-6.06328
 30
0.0
 10
0.73064
 20
-5.87059
 30
0.0
 10
0.53942
 20
-5.65401
 30
0.0
 10
0.23569
 20
-5.41358
 30
0.0
 10
0.57515
 20
-5.20933
 30
0.0
 10
0.79172
 20
-4.98124
 30
0.0
 10
0.88539
 20
-4.72931
 30
0.0
  0
SPLINE
  5
87
330
1F
100
AcDbEntity
  8
Plan 1
 62
   250
370
    20
100
AcDbSpline
210
0.0
220
0.0
230
1.0
 70
    11
 71
     3
 72
    20
 73
    16
 74
     0
 42
0.0000000001
 43
0.0000000001
 40
0.0
 40
0.0
 40
0.0
 40
0.0
 40
0.2
 40
0.2
 40
0.2
 40
0.4
 40
0.4
 40
0.4
 40
0.6000000000000001
 40
0.6000000000000001
 40
0.6000000000000001
 40
0.8
 40
0.8
 40
0.8
 40
1.0
 40
1.0
 40
1.0
 40
1.0
 10
0.10784
 20
-6.95314
 30
0.0
 10
0.28663
 20
-6.89508
 30
0.0
 10
0.45251
 20
-6.77989
 30
0.0
 10
0.60549
 20
-6.60755
 30
0.0
 10
0.75451
 20
-6.57442
 30
0.0
 10
0.80404
 20
-6.62165
 30
0.0
 10
0.75409
 20
-6.74924
 30
0.0
 10
0.49963
 20
-8.08043
 30
0.0
 10
0.26001
 20
-8.72034
 30
0.0
 10
0.03524
 20
-8.66899
 30
0.0
 10
0.09077
 20
-8.18352
 30
0.0
 10
0.21173
 20
-7.66456
 30
0.0
 10
0.39814
 20
-7.11211
 30
0.0
 10
0.14529
 20
-7.1301
 30
0.0
 10
0.04853
 20
-7.07711
 30
0.0
 10
0.10784
 20
-6.95314
 30
0.0
  0
SPLINE
  5
88
330
1F
100
AcDbEntity
  8
Plan 1
 62
   250
370
    20
100
AcDbSpline
210
0.0
220
0.0
230
1.0
 70
    11
 71
     3
 72
    11
 73
     7
 74
     0
 42
0.0000000001
 43
0.0000000001
 40
0.0
 40
0.0
 40
0.0
 40
0.0
 40
0.5
 40
0.5
 40
0.5
 40
1.0
 40
1.0
 40
1.0
 40
1.0
 10
-1.53089
 20
-9.58654
 30
0.0
 10
-1.47496
 20
-9.23315
 30
0.0
 10
-1.2584
 20
-9.01427
 30
0.0
 10
-0.88119
 20
-8.92993
 30
0.0
 10
-0.9128
 20
-9.34629
 30
0.0
 10
-1.12936
 20
-9.56516
 30
0.0
 10
-1.53089
 20
-9.58654
 30
0.0
  0
SPLINE
  5
89
330
1F
100
AcDbEntity
  8
Plan 1
 62
   250
370
    20
100
AcDbSpline
210
0.0
220
0.0
230
1.0
 70
    11
 71
     3
 72
    11
 73
     7
 74
     0
 42
0.0000000001
 43
0.0000000001
 40
0.0
 40
0.0
 40
0.0
 40
0.0
 40
0.5
 40
0.5
 40
0.5
 40
1.0
 40
1.0
 40
1.0
 40
1.0
 10
-1.87304
 20
-10.21894
 30
0.0
 10
-1.64066
 20
-9.96912
 30
0.0
 10
-1.37571
 20
-9.86659
 30
0.0
 10
-1.07819
 20
-9.91137
 30
0.0
 10
-1.18902
 20
-10.18436
 30
0.0
 10
-1.45397
 20
-10.28688
 30
0.0
 10
-1.87304
 20
-10.21894
 30
0.0
  0
SPLINE
  5
8A
330
1F
100
AcDbEntity
  8
Plan 1
 62
   250
370
    20
100
AcDbSpline
210
0.0
220
0.0
230
1.0
 70
    11
 71
     3
 72
    26
 73
    22
 74
     0
 42
0.0000000001
 43
0.0000000001
 40
0.0
 40
0.0
 40
0.0
 40
0.0
 40
0.1428571428571428
 40
0.1428571428571428
 40
0.1428571428571428
 40
0.2857142857142857
 40
0.2857142857142857
 40
0.2857142857142857
 40
0.4285714285714285
 40
0.4285714285714285
 40
0.4285714285714285
 40
0.5714285714285714
 40
0.5714285714285714
 40
0.5714285714285714
 40
0.7142857142857142
 40
0.7142857142857142
 40
0.7142857142857142
 40
0.8571428571428571
 40
0.8571428571428571
 40
0.8571428571428571
 40
1.0
 40
1.0
 40
1.0
 40
1.0
 10
-2.24831
 20
-10.92952
 30
0.0
 10
-2.21726
 20
-10.99918
 30
0.0
 10
-2.14582
 20
-10.99227
 30
0.0
 10
-2.03402
 20
-10.90878
 30
0.0
 10
-1.97709
 20
-10.8747
 30
0.0
 10
-1.92467
 20
-10.87874
 30
0.0
 10
-1.87677
 20
-10.92088
 30
0.0
 10
-1.80358
 20
-10.94135
 30
0.0
 10
-1.73734
 20
-10.91198
 30
0.0
 10
-1.67806
 20
-10.83276
 30
0.0
 10
-1.6104
 20
-10.84703
 30
0.0
 10
-1.57469
 20
-10.89599
 30
0.0
 10
-1.57093
 20
-10.97963
 30
0.0
 10
-1.32256
 20
-10.91356
 30
0.0
 10
-1.14919
 20
-10.9936
 30
0.0
 10
-1.0508
 20
-11.21978
 30
0.0
 10
-1.66771
 20
-11.28579
 30
0.0
 10
-2.27654
 20
-11.3388
 30
0.0
 10
-2.87727
 20
-11.37879
 30
0.0
 10
-2.6727
 20
-11.16125
 30
0.0
 10
-2.46305
 20
-11.01149
 30
0.0
 10
-2.24831
 20
-10.92952
 30
0.0
  0
SPLINE
  5
8B
330
1F
100
AcDbEntity
  8
Plan 1
 62
   250
370
    20
100
AcDbSpline
210
0.0
220
0.0
230
1.0
 70
    11
 71
     3
 72
    20
 73
    16
 74
     0
 42
0.0000000001
 43
0.0000000001
 40
0.0
 40
0.0
 40
0.0
 40
0.0
 40
0.2
 40
0.2
 40
0.2
 40
0.4
 40
0.4
 40
0.4
 40
0.6000000000000001
 40
0.6000000000000001
 40
0.6000000000000001
 40
0.8
 40
0.8
 40
0.8
 40
1.0
 40
1.0
 40
1.0
 40
1.0
 10
-2.87354
 20
-11.54602
 30
0.0
 10
-2.32841
 20
-11.42637
 30
0.0
 10
-1.78814
 20
-11.36302
 30
0.0
 10
-1.25274
 20
-11.35595
 30
0.0
 10
-1.3689
 20
-11.43843
 30
0.0
 10
-1.38734
 20
-11.54556
 30
0.0
 10
-1.30803
 20
-11.67734
 30
0.0
 10
-1.43585
 20
-11.65982
 30
0.0
 10
-1.48998
 20
-11.72663
 30
0.0
 10
-1.47045
 20
-11.87778
 30
0.0
 10
-1.81053
 20
-11.82033
 30
0.0
 10
-2.01328
 20
-11.85374
 30
0.0
 10
-2.07869
 20
-11.978
 30
0.0
 10
-2.37907
 20
-11.9424
 30
0.0
 10
-2.64402
 20
-11.79841
 30
0.0
 10
-2.87354
 20
-11.54602
 30
0.0
  0
SPLINE
  5
8C
330
1F
100
AcDbEntity
  8
Plan 1
 62
   250
370
    20
100
AcDbSpline
210
0.0
220
0.0
230
1.0
 70
    11
 71
     3
 72
    14
 73
    10
 74
     0
 42
0.0000000001
 43
0.0000000001
 40
0.0
 40
0.0
 40
0.0
 40
0.0
 40
0.3333333333333333
 40
0.3333333333333333
 40
0.3333333333333333
 40
0.6666666666666666
 40
0.6666666666666666
 40
0.6666666666666666
 40
1.0
 40
1.0
 40
1.0
 40
1.0
 10
-3.68598
 20
-12.3741
 30
0.0
 10
-3.31596
 20
-11.89296
 30
0.0
 10
-2.93812
 20
-11.81923
 30
0.0
 10
-2.55246
 20
-12.15292
 30
0.0
 10
-2.14922
 20
-12.40629
 30
0.0
 10
-1.89808
 20
-12.61134
 30
0.0
 10
-1.79907
 20
-12.76807
 30
0.0
 10
-2.50338
 20
-12.56688
 30
0.0
 10
-3.13236
 20
-12.43555
 30
0.0
 10
-3.68598
 20
-12.3741
 30
0.0
  0
SPLINE
  5
8D
330
1F
100
AcDbEntity
  8
Plan 1
 62
   250
370
    20
100
AcDbSpline
210
0.0
220
0.0
230
1.0
 70
    11
 71
     3
 72
    14
 73
    10
 74
     0
 42
0.0000000001
 43
0.0000000001
 40
0.0
 40
0.0
 40
0.0
 40
0.0
 40
0.3333333333333333
 40
0.3333333333333333
 40
0.3333333333333333
 40
0.6666666666666666
 40
0.6666666666666666
 40
0.6666666666666666
 40
1.0
 40
1.0
 40
1.0
 40
1.0
 10
-3.36112
 20
-12.62983
 30
0.0
 10
-2.67898
 20
-12.70364
 30
0.0
 10
-2.21129
 20
-12.80501
 30
0.0
 10
-1.95804
 20
-12.93395
 30
0.0
 10
-2.56776
 20
-13.15201
 30
0.0
 10
-3.05849
 20
-13.13358
 30
0.0
 10
-3.43025
 20
-12.87865
 30
0.0
 10
-3.60246
 20
-12.71814
 30
0.0
 10
-3.57942
 20
-12.6352
 30
0.0
 10
-3.36112
 20
-12.62983
 30
0.0
  0
SPLINE
  5
8E
330
1F
100
AcDbEntity
  8
Plan 1
 62
   250
370
    20
100
AcDbSpline
210
0.0
220
0.0
230
1.0
 70
    11
 71
     3
 72
    14
 73
    10
 74
     0
 42
0.0000000001
 43
0.0000000001
 40
0.0
 40
0.0
 40
0.0
 40
0.0
 40
0.3333333333333333
 40
0.3333333333333333
 40
0.3333333333333333
 40
0.6666666666666666
 40
0.6666666666666666
 40
0.6666666666666666
 40
1.0
 40
1.0
 40
1.0
 40
1.0
 10
-4.18037
 20
-13.07915
 30
0.0
 10
-3.84748
 20
-13.0922
 30
0.0
 10
-3.54336
 20
-13.21892
 30
0.0
 10
-3.26801
 20
-13.45929
 30
0.0
 10
-2.99485
 20
-13.78335
 30
0.0
 10
-2.9119
 20
-13.9838
 30
0.0
 10
-3.01919
 20
-14.06062
 30
0.0
 10
-3.75205
 20
-13.87814
 30
0.0
 10
-4.13911
 20
-13.55098
 30
0.0
 10
-4.18037
 20
-13.07915
 30
0.0
  0
SPLINE
  5
8F
330
1F
100
AcDbEntity
  8
Plan 1
 62
   250
370
    20
100
AcDbSpline
210
0.0
220
0.0
230
1.0
 70
    11
 71
     3
 72
    17
 73
    13
 74
     0
 42
0.0000000001
 43
0.0000000001
 40
0.0
 40
0.0
 40
0.0
 40
0.0
 40
0.25
 40
0.25
 40
0.25
 40
0.5
 40
0.5
 40
0.5
 40
0.75
 40
0.75
 40
0.75
 40
1.0
 40
1.0
 40
1.0
 40
1.0
 10
-10.82278
 20
-17.17796
 30
0.0
 10
-8.20041
 20
-17.27714
 30
0.0
 10
-6.45866
 20
-17.97753
 30
0.0
 10
-5.59752
 20
-19.27912
 30
0.0
 10
-6.0834
 20
-19.05433
 30
0.0
 10
-7.03721
 20
-19.00365
 30
0.0
 10
-8.45897
 20
-19.12706
 30
0.0
 10
-11.1903
 20
-19.34717
 30
0.0
 10
-13.29147
 20
-17.99248
 30
0.0
 10
-14.76246
 20
-15.06297
 30
0.0
 10
-13.76112
 20
-16.22682
 30
0.0
 10
-12.44789
 20
-16.93181
 30
0.0
 10
-10.82278
 20
-17.17796
 30
0.0
  0
SPLINE
  5
90
330
1F
100
AcDbEntity
  8
Plan 1
 62
   250
370
    20
100
AcDbSpline
210
0.0
220
0.0
230
1.0
 70
    11
 71
     3
 72
    11
 73
     7
 74
     0
 42
0.0000000001
 43
0.0000000001
 40
0.0
 40
0.0
 40
0.0
 40
0.0
 40
0.5
 40
0.5
 40
0.5
 40
1.0
 40
1.0
 40
1.0
 40
1.0
 10
-1.32104
 20
-0.64807
 30
0.0
 10
-1.19467
 20
-0.99291
 30
0.0
 10
-1.56099
 20
-1.38688
 30
0.0
 10
-2.42001
 20
-1.82998
 30
0.0
 10
-1.97754
 20
-1.06392
 30
0.0
 10
-1.61121
 20
-0.66995
 30
0.0
 10
-1.32104
 20
-0.64807
 30
0.0
  0
SPLINE
  5
91
330
1F
100
AcDbEntity
  8
Plan 1
 62
   250
370
    20
100
AcDbSpline
210
0.0
220
0.0
230
1.0
 70
    11
 71
     3
 72
    14
 73
    10
 74
     0
 42
0.0000000001
 43
0.0000000001
 40
0.0
 40
0.0
 40
0.0
 40
0.0
 40
0.3333333333333333
 40
0.3333333333333333
 40
0.3333333333333333
 40
0.6666666666666666
 40
0.6666666666666666
 40
0.6666666666666666
 40
1.0
 40
1.0
 40
1.0
 40
1.0
 10
-5.28289
 20
-5.24093
 30
0.0
 10
-5.22864
 20
-5.30931
 30
0.0
 10
-5.26205
 20
-5.42796
 30
0.0
 10
-5.38311
 20
-5.59688
 30
0.0
 10
-5.48226
 20
-5.74124
 30
0.0
 10
-5.55254
 20
-5.76658
 30
0.0
 10
-5.59392
 20
-5.67291
 30
0.0
 10
-5.63985
 20
-5.48538
 30
0.0
 10
-5.53617
 20
-5.34138
 30
0.0
 10
-5.28289
 20
-5.24093
 30
0.0
  0
SPLINE
  5
92
330
1F
100
AcDbEntity
  8
Plan 1
 62
   250
370
    20
100
AcDbSpline
210
0.0
220
0.0
230
1.0
 70
    11
 71
     3
 72
    14
 73
    10
 74
     0
 42
0.0000000001
 43
0.0000000001
 40
0.0
 40
0.0
 40
0.0
 40
0.0
 40
0.3333333333333333
 40
0.3333333333333333
 40
0.3333333333333333
 40
0.6666666666666666
 40
0.6666666666666666
 40
0.6666666666666666
 40
1.0
 40
1.0
 40
1.0
 40
1.0
 10
-5.97407
 20
-5.55541
 30
0.0
 10
-5.67666
 20
-5.60735
 30
0.0
 10
-5.55917
 20
-5.76402
 30
0.0
 10
-5.62156
 20
-6.0254
 30
0.0
 10
-5.77489
 20
-6.03724
 30
0.0
 10
-5.87973
 20
-5.97734
 30
0.0
 10
-5.93605
 20
-5.8457
 30
0.0
 10
-6.04192
 20
-5.70402
 30
0.0
 10
-6.05459
 20
-5.60726
 30
0.0
 10
-5.97407
 20
-5.55541
 30
0.0
  0
SPLINE
  5
93
330
1F
100
AcDbEntity
  8
Plan 1
 62
   250
370
    20
100
AcDbSpline
210
0.0
220
0.0
230
1.0
 70
    11
 71
     3
 72
    14
 73
    10
 74
     0
 42
0.0000000001
 43
0.0000000001
 40
0.0
 40
0.0
 40
0.0
 40
0.0
 40
0.3333333333333333
 40
0.3333333333333333
 40
0.3333333333333333
 40
0.6666666666666666
 40
0.6666666666666666
 40
0.6666666666666666
 40
1.0
 40
1.0
 40
1.0
 40
1.0
 10
-6.40798
 20
-6.30187
 30
0.0
 10
-6.1953
 20
-6.32757
 30
0.0
 10
-6.14232
 20
-6.45659
 30
0.0
 10
-6.24902
 20
-6.68893
 30
0.0
 10
-6.46543
 20
-6.79884
 30
0.0
 10
-6.63131
 20
-6.7758
 30
0.0
 10
-6.74666
 20
-6.61982
 30
0.0
 10
-6.72493
 20
-6.40659
 30
0.0
 10
-6.61204
 20
-6.3006
 30
0.0
 10
-6.40798
 20
-6.30187
 30
0.0
  0
SPLINE
  5
94
330
1F
100
AcDbEntity
  8
Plan 1
 62
   250
370
    20
100
AcDbSpline
210
0.0
220
0.0
230
1.0
 70
    11
 71
     3
 72
    11
 73
     7
 74
     0
 42
0.0000000001
 43
0.0000000001
 40
0.0
 40
0.0
 40
0.0
 40
0.0
 40
0.5
 40
0.5
 40
0.5
 40
1.0
 40
1.0
 40
1.0
 40
1.0
 10
-6.97475
 20
-7.04143
 30
0.0
 10
-6.78369
 20
-7.23204
 30
0.0
 10
-6.79521
 20
-7.31958
 30
0.0
 10
-7.00931
 20
-7.30408
 30
0.0
 10
-7.27886
 20
-7.17965
 30
0.0
 10
-7.26734
 20
-7.0921
 30
0.0
 10
-6.97475
 20
-7.04143
 30
0.0
  0
SPLINE
  5
95
330
1F
100
AcDbEntity
  8
Plan 1
 62
   250
370
    20
100
AcDbSpline
210
0.0
220
0.0
230
1.0
 70
    11
 71
     3
 72
    17
 73
    13
 74
     0
 42
0.0000000001
 43
0.0000000001
 40
0.0
 40
0.0
 40
0.0
 40
0.0
 40
0.25
 40
0.25
 40
0.25
 40
0.5
 40
0.5
 40
0.5
 40
0.75
 40
0.75
 40
0.75
 40
1.0
 40
1.0
 40
1.0
 40
1.0
 10
-8.36224
 20
-7.70839
 30
0.0
 10
-8.15676
 20
-7.3303
 30
0.0
 10
-7.34741
 20
-7.59136
 30
0.0
 10
-7.09393
 20
-7.91229
 30
0.0
 10
-7.38636
 20
-8.44774
 30
0.0
 10
-7.8997
 20
-8.83906
 30
0.0
 10
-8.35878
 20
-8.24059
 30
0.0
 10
-8.45963
 20
-8.00354
 30
0.0
 10
-8.45963
 20
-7.90102
 30
0.0
 10
-8.35878
 20
-7.93302
 30
0.0
 10
-7.93066
 20
-8.14329
 30
0.0
 10
-7.85869
 20
-7.7246
 30
0.0
 10
-8.36224
 20
-7.70839
 30
0.0
  0
SPLINE
  5
96
330
1F
100
AcDbEntity
  8
Plan 1
 62
   250
370
    20
100
AcDbSpline
210
0.0
220
0.0
230
1.0
 70
    11
 71
     3
 72
     8
 73
     4
 74
     0
 42
0.0000000001
 43
0.0000000001
 40
0.0
 40
0.0
 40
0.0
 40
0.0
 40
1.0
 40
1.0
 40
1.0
 40
1.0
 10
-10.54024
 20
-11.87681
 30
0.0
 10
-11.68847
 20
-11.91389
 30
0.0
 10
-9.84265
 20
-10.99787
 30
0.0
 10
-10.54024
 20
-11.87681
 30
0.0
  0
SPLINE
  5
97
330
1F
100
AcDbEntity
  8
Plan 1
 62
   250
370
    20
100
AcDbSpline
210
0.0
220
0.0
230
1.0
 70
    11
 71
     3
 72
    23
 73
    19
 74
     0
 42
0.0000000001
 43
0.0000000001
 40
0.0
 40
0.0
 40
0.0
 40
0.0
 40
0.1666666666666667
 40
0.1666666666666667
 40
0.1666666666666667
 40
0.3333333333333333
 40
0.3333333333333333
 40
0.3333333333333333
 40
0.5
 40
0.5
 40
0.5
 40
0.6666666666666666
 40
0.6666666666666666
 40
0.6666666666666666
 40
0.8333333333333333
 40
0.8333333333333333
 40
0.8333333333333333
 40
1.0
 40
1.0
 40
1.0
 40
1.0
 10
0.61934
 20
-2.14092
 30
0.0
 10
0.68933
 20
-2.28621
 30
0.0
 10
0.72504
 20
-2.51199
 30
0.0
 10
0.72647
 20
-2.81828
 30
0.0
 10
0.72403
 20
-2.94601
 30
0.0
 10
0.66873
 20
-2.95868
 30
0.0
 10
0.56059
 20
-2.85629
 30
0.0
 10
0.50632
 20
-2.75277
 30
0.0
 10
0.38997
 20
-2.70554
 30
0.0
 10
0.21155
 20
-2.7146
 30
0.0
 10
0.06248
 20
-2.67655
 30
0.0
 10
0.05903
 20
-2.6132
 30
0.0
 10
0.20118
 20
-2.52453
 30
0.0
 10
0.30283
 20
-2.43014
 30
0.0
 10
0.38
 20
-2.31149
 30
0.0
 10
0.43272
 20
-2.16857
 30
0.0
 10
0.52255
 20
-2.06316
 30
0.0
 10
0.58476
 20
-2.05394
 30
0.0
 10
0.61934
 20
-2.14092
 30
0.0
  0
SPLINE
  5
98
330
1F
100
AcDbEntity
  8
Plan 1
 62
   250
370
    20
100
AcDbSpline
210
0.0
220
0.0
230
1.0
 70
    11
 71
     3
 72
    20
 73
    16
 74
     0
 42
0.0000000001
 43
0.0000000001
 40
0.0
 40
0.0
 40
0.0
 40
0.0
 40
0.2
 40
0.2
 40
0.2
 40
0.4
 40
0.4
 40
0.4
 40
0.6000000000000001
 40
0.6000000000000001
 40
0.6000000000000001
 40
0.8
 40
0.8
 40
0.8
 40
1.0
 40
1.0
 40
1.0
 40
1.0
 10
-0.44163
 20
-3.70642
 30
0.0
 10
-0.26358
 20
-3.86817
 30
0.0
 10
0.15088
 20
-3.84824
 30
0.0
 10
-0.07185
 20
-4.06928
 30
0.0
 10
-0.24413
 20
-4.15511
 30
0.0
 10
-0.34319
 20
-4.25187
 30
0.0
 10
-0.36906
 20
-4.35957
 30
0.0
 10
-0.37388
 20
-4.49635
 30
0.0
 10
-0.42801
 20
-4.55279
 30
0.0
 10
-0.53148
 20
-4.52891
 30
0.0
 10
-0.52767
 20
-4.21646
 30
0.0
 10
-0.55186
 20
-3.93654
 30
0.0
 10
-0.60405
 20
-3.68913
 30
0.0
 10
-0.541
 20
-3.6462
 30
0.0
 10
-0.48685
 20
-3.65196
 30
0.0
 10
-0.44163
 20
-3.70642
 30
0.0
  0
SPLINE
  5
99
330
1F
100
AcDbEntity
  8
Plan 1
 62
   250
370
    20
100
AcDbSpline
210
0.0
220
0.0
230
1.0
 70
    11
 71
     3
 72
    14
 73
    10
 74
     0
 42
0.0000000001
 43
0.0000000001
 40
0.0
 40
0.0
 40
0.0
 40
0.0
 40
0.3333333333333333
 40
0.3333333333333333
 40
0.3333333333333333
 40
0.6666666666666666
 40
0.6666666666666666
 40
0.6666666666666666
 40
1.0
 40
1.0
 40
1.0
 40
1.0
 10
-1.97266
 20
-5.7574
 30
0.0
 10
-1.75281
 20
-5.24464
 30
0.0
 10
-1.253
 20
-4.83007
 30
0.0
 10
-0.72854
 20
-4.65152
 30
0.0
 10
-0.70637
 20
-5.09615
 30
0.0
 10
-0.76628
 20
-5.37032
 30
0.0
 10
-0.90825
 20
-5.47401
 30
0.0
 10
-1.35716
 20
-5.71098
 30
0.0
 10
-1.71196
 20
-5.80544
 30
0.0
 10
-1.97266
 20
-5.7574
 30
0.0
  0
SPLINE
  5
9A
330
1F
100
AcDbEntity
  8
Plan 1
 62
   250
370
    20
100
AcDbSpline
210
0.0
220
0.0
230
1.0
 70
    11
 71
     3
 72
    17
 73
    13
 74
     0
 42
0.0000000001
 43
0.0000000001
 40
0.0
 40
0.0
 40
0.0
 40
0.0
 40
0.25
 40
0.25
 40
0.25
 40
0.5
 40
0.5
 40
0.5
 40
0.75
 40
0.75
 40
0.75
 40
1.0
 40
1.0
 40
1.0
 40
1.0
 10
-2.15934
 20
-6.10297
 30
0.0
 10
-1.60621
 20
-5.99885
 30
0.0
 10
-1.15926
 20
-5.86292
 30
0.0
 10
-0.81846
 20
-5.69518
 30
0.0
 10
-0.86451
 20
-6.20579
 30
0.0
 10
-1.21702
 20
-6.54677
 30
0.0
 10
-1.87596
 20
-6.71812
 30
0.0
 10
-2.20792
 20
-6.69049
 30
0.0
 10
-2.45904
 20
-6.71814
 30
0.0
 10
-2.62934
 20
-6.80106
 30
0.0
 10
-2.62476
 20
-6.63544
 30
0.0
 10
-2.4681
 20
-6.40274
 30
0.0
 10
-2.15934
 20
-6.10297
 30
0.0
  0
SPLINE
  5
9B
330
1F
100
AcDbEntity
  8
Plan 1
 62
   250
370
    20
100
AcDbSpline
210
0.0
220
0.0
230
1.0
 70
    11
 71
     3
 72
    11
 73
     7
 74
     0
 42
0.0000000001
 43
0.0000000001
 40
0.0
 40
0.0
 40
0.0
 40
0.0
 40
0.5
 40
0.5
 40
0.5
 40
1.0
 40
1.0
 40
1.0
 40
1.0
 10
-3.28254
 20
-7.80322
 30
0.0
 10
-3.05804
 20
-6.91155
 30
0.0
 10
-2.31929
 20
-7.03036
 30
0.0
 10
-1.57534
 20
-7.00492
 30
0.0
 10
-2.05864
 20
-7.64612
 30
0.0
 10
-2.62771
 20
-7.91222
 30
0.0
 10
-3.28254
 20
-7.80322
 30
0.0
  0
SPLINE
  5
9C
330
1F
100
AcDbEntity
  8
Plan 1
 62
   250
370
    20
100
AcDbSpline
210
0.0
220
0.0
230
1.0
 70
    11
 71
     3
 72
    17
 73
    13
 74
     0
 42
0.0000000001
 43
0.0000000001
 40
0.0
 40
0.0
 40
0.0
 40
0.0
 40
0.25
 40
0.25
 40
0.25
 40
0.5
 40
0.5
 40
0.5
 40
0.75
 40
0.75
 40
0.75
 40
1.0
 40
1.0
 40
1.0
 40
1.0
 10
-3.56122
 20
-8.31471
 30
0.0
 10
-3.56122
 20
-8.51798
 30
0.0
 10
-3.73064
 20
-8.68276
 30
0.0
 10
-3.93964
 20
-8.68276
 30
0.0
 10
-4.14863
 20
-8.68276
 30
0.0
 10
-4.31805
 20
-8.51798
 30
0.0
 10
-4.31805
 20
-8.31471
 30
0.0
 10
-4.31805
 20
-8.11145
 30
0.0
 10
-4.14863
 20
-7.94667
 30
0.0
 10
-3.93964
 20
-7.94667
 30
0.0
 10
-3.73064
 20
-7.94667
 30
0.0
 10
-3.56122
 20
-8.11145
 30
0.0
 10
-3.56122
 20
-8.31471
 30
0.0
  0
SPLINE
  5
9D
330
1F
100
AcDbEntity
  8
Plan 1
 62
   250
370
    20
100
AcDbSpline
210
0.0
220
0.0
230
1.0
 70
    11
 71
     3
 72
    11
 73
     7
 74
     0
 42
0.0000000001
 43
0.0000000001
 40
0.0
 40
0.0
 40
0.0
 40
0.0
 40
0.5
 40
0.5
 40
0.5
 40
1.0
 40
1.0
 40
1.0
 40
1.0
 10
-5.23892
 20
-10.20496
 30
0.0
 10
-4.86285
 20
-7.49278
 30
0.0
 10
-2.34612
 20
-10.2161
 30
0.0
 10
-4.94862
 20
-10.46416
 30
0.0
 10
-4.15721
 20
-9.86346
 30
0.0
 10
-4.7562
 20
-9.48581
 30
0.0
 10
-5.23892
 20
-10.20496
 30
0.0
  0
SPLINE
  5
9E
330
1F
100
AcDbEntity
  8
Plan 1
 62
   250
370
    20
100
AcDbSpline
210
0.0
220
0.0
230
1.0
 70
    11
 71
     3
 72
    14
 73
    10
 74
     0
 42
0.0000000001
 43
0.0000000001
 40
0.0
 40
0.0
 40
0.0
 40
0.0
 40
0.3333333333333333
 40
0.3333333333333333
 40
0.3333333333333333
 40
0.6666666666666666
 40
0.6666666666666666
 40
0.6666666666666666
 40
1.0
 40
1.0
 40
1.0
 40
1.0
 10
-5.24244
 20
-10.80288
 30
0.0
 10
-4.72218
 20
-11.65781
 30
0.0
 10
-4.26446
 20
-11.06329
 30
0.0
 10
-4.99017
 20
-10.66118
 30
0.0
 10
-4.90384
 20
-10.55956
 30
0.0
 10
-4.62276
 20
-10.60564
 30
0.0
 10
-4.14693
 20
-10.79942
 30
0.0
 10
-3.03362
 20
-12.24314
 30
0.0
 10
-5.33719
 20
-12.37762
 30
0.0
 10
-5.24244
 20
-10.80288
 30
0.0
  0
SPLINE
  5
9F
330
1F
100
AcDbEntity
  8
Plan 1
 62
   250
370
    20
100
AcDbSpline
210
0.0
220
0.0
230
1.0
 70
    11
 71
     3
 72
    14
 73
    10
 74
     0
 42
0.0000000001
 43
0.0000000001
 40
0.0
 40
0.0
 40
0.0
 40
0.0
 40
0.3333333333333333
 40
0.3333333333333333
 40
0.3333333333333333
 40
0.6666666666666666
 40
0.6666666666666666
 40
0.6666666666666666
 40
1.0
 40
1.0
 40
1.0
 40
1.0
 10
-5.37724
 20
-10.95495
 30
0.0
 10
-4.84065
 20
-13.16137
 30
0.0
 10
-7.52916
 20
-11.9732
 30
0.0
 10
-5.66062
 20
-10.67848
 30
0.0
 10
-5.4629
 20
-10.74083
 30
0.0
 10
-6.10495
 20
-11.38587
 30
0.0
 10
-5.5535
 20
-11.33855
 30
0.0
 10
-5.49704
 20
-10.98327
 30
0.0
 10
-5.43829
 20
-10.85541
 30
0.0
 10
-5.37724
 20
-10.95495
 30
0.0
  0
SPLINE
  5
A0
330
1F
100
AcDbEntity
  8
Plan 1
 62
   250
370
    20
100
AcDbSpline
210
0.0
220
0.0
230
1.0
 70
    11
 71
     3
 72
    14
 73
    10
 74
     0
 42
0.0000000001
 43
0.0000000001
 40
0.0
 40
0.0
 40
0.0
 40
0.0
 40
0.3333333333333333
 40
0.3333333333333333
 40
0.3333333333333333
 40
0.6666666666666666
 40
0.6666666666666666
 40
0.6666666666666666
 40
1.0
 40
1.0
 40
1.0
 40
1.0
 10
-2.32063
 20
-3.13129
 30
0.0
 10
-2.34871
 20
-3.26422
 30
0.0
 10
-2.36944
 20
-3.41857
 30
0.0
 10
-2.38284
 20
-3.59437
 30
0.0
 10
-2.54262
 20
-3.59441
 30
0.0
 10
-2.67626
 20
-3.55179
 30
0.0
 10
-2.78373
 20
-3.4665
 30
0.0
 10
-2.71173
 20
-3.28751
 30
0.0
 10
-2.55736
 20
-3.17577
 30
0.0
 10
-2.32063
 20
-3.13129
 30
0.0
  0
SPLINE
  5
A1
330
1F
100
AcDbEntity
  8
Plan 1
 62
   250
370
    20
100
AcDbSpline
210
0.0
220
0.0
230
1.0
 70
    11
 71
     3
 72
    14
 73
    10
 74
     0
 42
0.0000000001
 43
0.0000000001
 40
0.0
 40
0.0
 40
0.0
 40
0.0
 40
0.3333333333333333
 40
0.3333333333333333
 40
0.3333333333333333
 40
0.6666666666666666
 40
0.6666666666666666
 40
0.6666666666666666
 40
1.0
 40
1.0
 40
1.0
 40
1.0
 10
-3.79072
 20
-4.53047
 30
0.0
 10
-3.68589
 20
-4.65512
 30
0.0
 10
-3.65248
 20
-4.8187
 30
0.0
 10
-3.6905
 20
-5.02121
 30
0.0
 10
-4.14647
 20
-5.33529
 30
0.0
 10
-4.5197
 20
-5.54724
 30
0.0
 10
-4.8102
 20
-5.65708
 30
0.0
 10
-4.77357
 20
-5.47465
 30
0.0
 10
-4.43375
 20
-5.09911
 30
0.0
 10
-3.79072
 20
-4.53047
 30
0.0
  0
SPLINE
  5
A2
330
1F
100
AcDbEntity
  8
Plan 1
 62
   250
370
    20
100
AcDbSpline
210
0.0
220
0.0
230
1.0
 70
    11
 71
     3
 72
    14
 73
    10
 74
     0
 42
0.0000000001
 43
0.0000000001
 40
0.0
 40
0.0
 40
0.0
 40
0.0
 40
0.3333333333333333
 40
0.3333333333333333
 40
0.3333333333333333
 40
0.6666666666666666
 40
0.6666666666666666
 40
0.6666666666666666
 40
1.0
 40
1.0
 40
1.0
 40
1.0
 10
-4.18819
 20
-5.4912
 30
0.0
 10
-4.42034
 20
-5.9351
 30
0.0
 10
-4.63115
 20
-6.27147
 30
0.0
 10
-4.82061
 20
-6.50031
 30
0.0
 10
-4.88052
 20
-6.44769
 30
0.0
 10
-4.89895
 20
-6.3083
 30
0.0
 10
-4.87591
 20
-6.08215
 30
0.0
 10
-4.77985
 20
-5.85818
 30
0.0
 10
-4.55061
 20
-5.6612
 30
0.0
 10
-4.18819
 20
-5.4912
 30
0.0
  0
SPLINE
  5
A3
330
1F
100
AcDbEntity
  8
Plan 1
 62
   250
370
    20
100
AcDbSpline
210
0.0
220
0.0
230
1.0
 70
    11
 71
     3
 72
    11
 73
     7
 74
     0
 42
0.0000000001
 43
0.0000000001
 40
0.0
 40
0.0
 40
0.0
 40
0.0
 40
0.5
 40
0.5
 40
0.5
 40
1.0
 40
1.0
 40
1.0
 40
1.0
 10
-5.10401
 20
-6.16508
 30
0.0
 10
-4.9884
 20
-6.56364
 30
0.0
 10
-5.02412
 20
-6.89079
 30
0.0
 10
-5.21114
 20
-7.14655
 30
0.0
 10
-5.34032
 20
-6.71426
 30
0.0
 10
-5.30461
 20
-6.38711
 30
0.0
 10
-5.10401
 20
-6.16508
 30
0.0
  0
SPLINE
  5
A4
330
1F
100
AcDbEntity
  8
Plan 1
 62
   250
370
    20
100
AcDbSpline
210
0.0
220
0.0
230
1.0
 70
    11
 71
     3
 72
    14
 73
    10
 74
     0
 42
0.0000000001
 43
0.0000000001
 40
0.0
 40
0.0
 40
0.0
 40
0.0
 40
0.3333333333333333
 40
0.3333333333333333
 40
0.3333333333333333
 40
0.6666666666666666
 40
0.6666666666666666
 40
0.6666666666666666
 40
1.0
 40
1.0
 40
1.0
 40
1.0
 10
-6.0199
 20
-6.96681
 30
0.0
 10
-5.92033
 20
-7.0813
 30
0.0
 10
-5.91918
 20
-7.42689
 30
0.0
 10
-6.01644
 20
-8.00357
 30
0.0
 10
-6.38167
 20
-7.96179
 30
0.0
 10
-6.67081
 20
-7.96871
 30
0.0
 10
-6.88386
 20
-8.0243
 30
0.0
 10
-6.55551
 20
-7.61791
 30
0.0
 10
-6.26752
 20
-7.26541
 30
0.0
 10
-6.0199
 20
-6.96681
 30
0.0
  0
SPLINE
  5
A5
330
1F
100
AcDbEntity
  8
Plan 1
 62
   250
370
    20
100
AcDbSpline
210
0.0
220
0.0
230
1.0
 70
    11
 71
     3
 72
     8
 73
     4
 74
     0
 42
0.0000000001
 43
0.0000000001
 40
0.0
 40
0.0
 40
0.0
 40
0.0
 40
1.0
 40
1.0
 40
1.0
 40
1.0
 10
-7.24416
 20
-9.55768
 30
0.0
 10
-8.35265
 20
-9.17839
 30
0.0
 10
-6.23696
 20
-9.01163
 30
0.0
 10
-7.24416
 20
-9.55768
 30
0.0
  0
SPLINE
  5
A6
330
1F
100
AcDbEntity
  8
Plan 1
 62
   250
370
    20
100
AcDbSpline
210
0.0
220
0.0
230
1.0
 70
    11
 71
     3
 72
    20
 73
    16
 74
     0
 42
0.0000000001
 43
0.0000000001
 40
0.0
 40
0.0
 40
0.0
 40
0.0
 40
0.2
 40
0.2
 40
0.2
 40
0.4
 40
0.4
 40
0.4
 40
0.6000000000000001
 40
0.6000000000000001
 40
0.6000000000000001
 40
0.8
 40
0.8
 40
0.8
 40
1.0
 40
1.0
 40
1.0
 40
1.0
 10
0.92515
 20
-4.16082
 30
0.0
 10
0.91664
 20
-4.2986
 30
0.0
 10
0.86653
 20
-4.34007
 30
0.0
 10
0.77483
 20
-4.28523
 30
0.0
 10
0.77483
 20
-4.28523
 30
0.0
 10
0.54672
 20
-4.07961
 30
0.0
 10
0.54672
 20
-4.07961
 30
0.0
 10
0.37129
 20
-4.02772
 30
0.0
 10
0.31139
 20
-3.94477
 30
0.0
 10
0.36702
 20
-3.83079
 30
0.0
 10
0.39716
 20
-3.68683
 30
0.0
 10
0.53539
 20
-3.48179
 30
0.0
 10
0.78172
 20
-3.21564
 30
0.0
 10
0.86562
 20
-3.28521
 30
0.0
 10
0.91343
 20
-3.60026
 30
0.0
 10
0.92515
 20
-4.16082
 30
0.0
  0
SPLINE
  5
A7
330
1F
100
AcDbEntity
  8
Plan 1
 62
   250
370
    20
100
AcDbSpline
210
0.0
220
0.0
230
1.0
 70
    11
 71
     3
 72
    14
 73
    10
 74
     0
 42
0.0000000001
 43
0.0000000001
 40
0.0
 40
0.0
 40
0.0
 40
0.0
 40
0.3333333333333333
 40
0.3333333333333333
 40
0.3333333333333333
 40
0.6666666666666666
 40
0.6666666666666666
 40
0.6666666666666666
 40
1.0
 40
1.0
 40
1.0
 40
1.0
 10
-0.79415
 20
-6.3691
 30
0.0
 10
-0.64908
 20
-6.73358
 30
0.0
 10
-0.4256
 20
-6.95936
 30
0.0
 10
-0.12371
 20
-7.04644
 30
0.0
 10
-0.71701
 20
-7.32053
 30
0.0
 10
-1.29759
 20
-7.52327
 30
0.0
 10
-1.86547
 20
-7.65467
 30
0.0
 10
-1.51965
 20
-7.31562
 30
0.0
 10
-1.16254
 20
-6.88709
 30
0.0
 10
-0.79415
 20
-6.3691
 30
0.0
  0
SPLINE
  5
A8
330
1F
100
AcDbEntity
  8
Plan 1
 62
   250
370
    20
100
AcDbSpline
210
0.0
220
0.0
230
1.0
 70
    11
 71
     3
 72
    11
 73
     7
 74
     0
 42
0.0000000001
 43
0.0000000001
 40
0.0
 40
0.0
 40
0.0
 40
0.0
 40
0.5
 40
0.5
 40
0.5
 40
1.0
 40
1.0
 40
1.0
 40
1.0
 10
-1.59822
 20
-8.1039
 30
0.0
 10
-1.5626
 20
-8.34568
 30
0.0
 10
-1.69277
 20
-8.51156
 30
0.0
 10
-1.98873
 20
-8.60155
 30
0.0
 10
-1.9444
 20
-8.33361
 30
0.0
 10
-1.81423
 20
-8.16772
 30
0.0
 10
-1.59822
 20
-8.1039
 30
0.0
  0
SPLINE
  5
A9
330
1F
100
AcDbEntity
  8
Plan 1
 62
   250
370
    20
100
AcDbSpline
210
0.0
220
0.0
230
1.0
 70
    11
 71
     3
 72
    11
 73
     7
 74
     0
 42
0.0000000001
 43
0.0000000001
 40
0.0
 40
0.0
 40
0.0
 40
0.0
 40
0.5
 40
0.5
 40
0.5
 40
1.0
 40
1.0
 40
1.0
 40
1.0
 10
-3.36424
 20
-10.34508
 30
0.0
 10
-3.02169
 20
-9.95369
 30
0.0
 10
-2.4274
 20
-9.79208
 30
0.0
 10
-1.93351
 20
-9.9442
 30
0.0
 10
-2.2945
 20
-10.42715
 30
0.0
 10
-2.77141
 20
-10.56078
 30
0.0
 10
-3.36424
 20
-10.34508
 30
0.0
  0
SPLINE
  5
AA
330
1F
100
AcDbEntity
  8
Plan 1
 62
   250
370
    20
100
AcDbSpline
210
0.0
220
0.0
230
1.0
 70
    11
 71
     3
 72
    11
 73
     7
 74
     0
 42
0.0000000001
 43
0.0000000001
 40
0.0
 40
0.0
 40
0.0
 40
0.0
 40
0.5
 40
0.5
 40
0.5
 40
1.0
 40
1.0
 40
1.0
 40
1.0
 10
-3.49386
 20
-11.09673
 30
0.0
 10
-3.34902
 20
-10.84085
 30
0.0
 10
-3.1313
 20
-10.75215
 30
0.0
 10
-2.8407
 20
-10.83062
 30
0.0
 10
-2.98987
 20
-11.11261
 30
0.0
 10
-3.20758
 20
-11.20131
 30
0.0
 10
-3.49386
 20
-11.09673
 30
0.0
  0
SPLINE
  5
AB
330
1F
100
AcDbEntity
  8
Plan 1
 62
   250
370
    20
100
AcDbSpline
210
0.0
220
0.0
230
1.0
 70
    11
 71
     3
 72
    11
 73
     7
 74
     0
 42
0.0000000001
 43
0.0000000001
 40
0.0
 40
0.0
 40
0.0
 40
0.0
 40
0.5
 40
0.5
 40
0.5
 40
1.0
 40
1.0
 40
1.0
 40
1.0
 10
-4.33583
 20
-12.39489
 30
0.0
 10
-4.14819
 20
-12.44424
 30
0.0
 10
-4.06409
 20
-12.56519
 30
0.0
 10
-4.08355
 20
-12.75775
 30
0.0
 10
-4.28263
 20
-12.77064
 30
0.0
 10
-4.36673
 20
-12.64968
 30
0.0
 10
-4.33583
 20
-12.39489
 30
0.0
  0
SPLINE
  5
AC
330
1F
100
AcDbEntity
  8
Plan 1
 62
   250
370
    20
100
AcDbSpline
210
0.0
220
0.0
230
1.0
 70
    11
 71
     3
 72
    17
 73
    13
 74
     0
 42
0.0000000001
 43
0.0000000001
 40
0.0
 40
0.0
 40
0.0
 40
0.0
 40
0.25
 40
0.25
 40
0.25
 40
0.5
 40
0.5
 40
0.5
 40
0.75
 40
0.75
 40
0.75
 40
1.0
 40
1.0
 40
1.0
 40
1.0
 10
-0.81837
 20
-3.33139
 30
0.0
 10
-0.83176
 20
-3.63543
 30
0.0
 10
-0.83752
 20
-3.98102
 30
0.0
 10
-0.83565
 20
-4.36816
 30
0.0
 10
-1.0706
 20
-4.68099
 30
0.0
 10
-1.27334
 20
-4.81692
 30
0.0
 10
-1.44389
 20
-4.77595
 30
0.0
 10
-1.44149
 20
-4.46821
 30
0.0
 10
-1.41038
 20
-4.15027
 30
0.0
 10
-1.35057
 20
-3.82213
 30
0.0
 10
-1.21601
 20
-3.62823
 30
0.0
 10
-1.03861
 20
-3.46465
 30
0.0
 10
-0.81837
 20
-3.33139
 30
0.0
  0
SPLINE
  5
AD
330
1F
100
AcDbEntity
  8
Plan 1
 62
   250
370
    20
100
AcDbSpline
210
0.0
220
0.0
230
1.0
 70
    11
 71
     3
 72
    11
 73
     7
 74
     0
 42
0.0000000001
 43
0.0000000001
 40
0.0
 40
0.0
 40
0.0
 40
0.0
 40
0.5
 40
0.5
 40
0.5
 40
1.0
 40
1.0
 40
1.0
 40
1.0
 10
-7.5232
 20
-13.40916
 30
0.0
 10
-7.59207
 20
-13.7791
 30
0.0
 10
-7.79523
 20
-13.8776
 30
0.0
 10
-8.13269
 20
-13.70466
 30
0.0
 10
-8.07425
 20
-13.405
 30
0.0
 10
-7.87108
 20
-13.30649
 30
0.0
 10
-7.5232
 20
-13.40916
 30
0.0
  0
SPLINE
  5
AE
330
1F
100
AcDbEntity
  8
Plan 1
 62
   250
370
    20
100
AcDbSpline
210
0.0
220
0.0
230
1.0
 70
    11
 71
     3
 72
    14
 73
    10
 74
     0
 42
0.0000000001
 43
0.0000000001
 40
0.0
 40
0.0
 40
0.0
 40
0.0
 40
0.3333333333333333
 40
0.3333333333333333
 40
0.3333333333333333
 40
0.6666666666666666
 40
0.6666666666666666
 40
0.6666666666666666
 40
1.0
 40
1.0
 40
1.0
 40
1.0
 10
6.43191
 20
3.36798
 30
0.0
 10
7.22913
 20
4.45825
 30
0.0
 10
7.82354
 20
4.88678
 30
0.0
 10
8.21513
 20
4.65357
 30
0.0
 10
8.45585
 20
4.32317
 30
0.0
 10
7.91213
 20
3.79788
 30
0.0
 10
6.58397
 20
3.07769
 30
0.0
 10
6.18736
 20
2.8965
 30
0.0
 10
6.13667
 20
2.99326
 30
0.0
 10
6.43191
 20
3.36798
 30
0.0
  0
SPLINE
  5
AF
330
1F
100
AcDbEntity
  8
Plan 1
 62
   250
370
    20
100
AcDbSpline
210
0.0
220
0.0
230
1.0
 70
    11
 71
     3
 72
    14
 73
    10
 74
     0
 42
0.0000000001
 43
0.0000000001
 40
0.0
 40
0.0
 40
0.0
 40
0.0
 40
0.3333333333333333
 40
0.3333333333333333
 40
0.3333333333333333
 40
0.6666666666666666
 40
0.6666666666666666
 40
0.6666666666666666
 40
1.0
 40
1.0
 40
1.0
 40
1.0
 10
-0.08809
 20
-9.36191
 30
0.0
 10
0.05277
 20
-9.502
 30
0.0
 10
-0.18684
 20
-10.08719
 30
0.0
 10
-0.8069
 20
-11.1175
 30
0.0
 10
-1.08708
 20
-10.87136
 30
0.0
 10
-1.42576
 20
-10.68243
 30
0.0
 10
-1.82294
 20
-10.55073
 30
0.0
 10
-1.10889
 20
-10.2161
 30
0.0
 10
-0.53061
 20
-9.81982
 30
0.0
 10
-0.08809
 20
-9.36191
 30
0.0
  0
SPLINE
  5
B0
330
1F
100
AcDbEntity
  8
Plan 1
 62
   250
370
    20
100
AcDbSpline
210
0.0
220
0.0
230
1.0
 70
    11
 71
     3
 72
    11
 73
     7
 74
     0
 42
0.0000000001
 43
0.0000000001
 40
0.0
 40
0.0
 40
0.0
 40
0.0
 40
0.5
 40
0.5
 40
0.5
 40
1.0
 40
1.0
 40
1.0
 40
1.0
 10
-1.24742
 20
-8.4996
 30
0.0
 10
-1.31445
 20
-8.42553
 30
0.0
 10
-0.94884
 20
-7.91776
 30
0.0
 10
-0.9312
 20
-8.30952
 30
0.0
 10
-1.03382
 20
-8.47263
 30
0.0
 10
-1.13923
 20
-8.53598
 30
0.0
 10
-1.24742
 20
-8.4996
 30
0.0
  0
SPLINE
  5
B1
330
1F
100
AcDbEntity
  8
Plan 1
 62
   250
370
    20
100
AcDbSpline
210
0.0
220
0.0
230
1.0
 70
    11
 71
     3
 72
    17
 73
    13
 74
     0
 42
0.0000000001
 43
0.0000000001
 40
0.0
 40
0.0
 40
0.0
 40
0.0
 40
0.25
 40
0.25
 40
0.25
 40
0.5
 40
0.5
 40
0.5
 40
0.75
 40
0.75
 40
0.75
 40
1.0
 40
1.0
 40
1.0
 40
1.0
 10
0.41379
 20
-1.50165
 30
0.0
 10
0.41781
 20
-1.65865
 30
0.0
 10
0.36482
 20
-1.68515
 30
0.0
 10
0.25482
 20
-1.58114
 30
0.0
 10
-0.03789
 20
-1.32458
 30
0.0
 10
-0.56162
 20
-1.57113
 30
0.0
 10
-0.4087
 20
-1.33577
 30
0.0
 10
-0.2645
 20
-1.179
 30
0.0
 10
0.10295
 20
-0.85212
 30
0.0
 10
0.28938
 20
-1.11459
 30
0.0
 10
0.31458
 20
-1.27291
 30
0.0
 10
0.35605
 20
-1.40193
 30
0.0
 10
0.41379
 20
-1.50165
 30
0.0
  0
SPLINE
  5
B2
330
1F
100
AcDbEntity
  8
Plan 1
 62
   250
370
    20
100
AcDbSpline
210
0.0
220
0.0
230
1.0
 70
    11
 71
     3
 72
    20
 73
    16
 74
     0
 42
0.0000000001
 43
0.0000000001
 40
0.0
 40
0.0
 40
0.0
 40
0.0
 40
0.2
 40
0.2
 40
0.2
 40
0.4
 40
0.4
 40
0.4
 40
0.6000000000000001
 40
0.6000000000000001
 40
0.6000000000000001
 40
0.8
 40
0.8
 40
0.8
 40
1.0
 40
1.0
 40
1.0
 40
1.0
 10
-0.78721
 20
-2.5591
 30
0.0
 10
-0.68028
 20
-2.6971
 30
0.0
 10
-0.51785
 20
-2.75585
 30
0.0
 10
-0.29993
 20
-2.73534
 30
0.0
 10
-0.44583
 20
-3.20376
 30
0.0
 10
-0.56563
 20
-3.37886
 30
0.0
 10
-0.65934
 20
-3.26064
 30
0.0
 10
-0.63337
 20
-3.11844
 30
0.0
 10
-0.70364
 20
-3.08273
 30
0.0
 10
-0.87015
 20
-3.15351
 30
0.0
 10
-1.0184
 20
-3.27886
 30
0.0
 10
-1.0783
 20
-3.26849
 30
0.0
 10
-1.04986
 20
-3.1224
 30
0.0
 10
-0.92809
 20
-2.95578
 30
0.0
 10
-0.84054
 20
-2.76802
 30
0.0
 10
-0.78721
 20
-2.5591
 30
0.0
  0
SPLINE
  5
B3
330
1F
100
AcDbEntity
  8
Plan 1
 62
   250
370
    20
100
AcDbSpline
210
0.0
220
0.0
230
1.0
 70
    11
 71
     3
 72
    17
 73
    13
 74
     0
 42
0.0000000001
 43
0.0000000001
 40
0.0
 40
0.0
 40
0.0
 40
0.0
 40
0.25
 40
0.25
 40
0.25
 40
0.5
 40
0.5
 40
0.5
 40
0.75
 40
0.75
 40
0.75
 40
1.0
 40
1.0
 40
1.0
 40
1.0
 10
-1.57529
 20
-3.87047
 30
0.0
 10
-1.65978
 20
-4.17372
 30
0.0
 10
-1.70471
 20
-4.56193
 30
0.0
 10
-1.71007
 20
-5.03511
 30
0.0
 10
-1.8855
 20
-5.2332
 30
0.0
 10
-2.02487
 20
-5.42213
 30
0.0
 10
-2.1282
 20
-5.60188
 30
0.0
 10
-2.16595
 20
-5.04362
 30
0.0
 10
-2.16365
 20
-4.65655
 30
0.0
 10
-2.12132
 20
-4.44069
 30
0.0
 10
-1.95203
 20
-4.15553
 30
0.0
 10
-1.77003
 20
-3.96546
 30
0.0
 10
-1.57529
 20
-3.87047
 30
0.0
  0
SPLINE
  5
B4
330
1F
100
AcDbEntity
  8
Plan 1
 62
   250
370
    20
100
AcDbSpline
210
0.0
220
0.0
230
1.0
 70
    11
 71
     3
 72
    17
 73
    13
 74
     0
 42
0.0000000001
 43
0.0000000001
 40
0.0
 40
0.0
 40
0.0
 40
0.0
 40
0.25
 40
0.25
 40
0.25
 40
0.5
 40
0.5
 40
0.5
 40
0.75
 40
0.75
 40
0.75
 40
1.0
 40
1.0
 40
1.0
 40
1.0
 10
-2.42199
 20
-4.62386
 30
0.0
 10
-2.46559
 20
-5.13979
 30
0.0
 10
-2.42181
 20
-5.51071
 30
0.0
 10
-2.29067
 20
-5.73665
 30
0.0
 10
-2.41207
 20
-6.05232
 30
0.0
 10
-2.57565
 20
-6.31957
 30
0.0
 10
-2.7814
 20
-6.53842
 30
0.0
 10
-2.97713
 20
-6.20589
 30
0.0
 10
-3.04855
 20
-5.79809
 30
0.0
 10
-2.99566
 20
-5.31503
 30
0.0
 10
-2.75604
 20
-4.97119
 30
0.0
 10
-2.56481
 20
-4.7408
 30
0.0
 10
-2.42199
 20
-4.62386
 30
0.0
  0
SPLINE
  5
B5
330
1F
100
AcDbEntity
  8
Plan 1
 62
   250
370
    20
100
AcDbSpline
210
0.0
220
0.0
230
1.0
 70
    11
 71
     3
 72
    14
 73
    10
 74
     0
 42
0.0000000001
 43
0.0000000001
 40
0.0
 40
0.0
 40
0.0
 40
0.0
 40
0.3333333333333333
 40
0.3333333333333333
 40
0.3333333333333333
 40
0.6666666666666666
 40
0.6666666666666666
 40
0.6666666666666666
 40
1.0
 40
1.0
 40
1.0
 40
1.0
 10
-3.23423
 20
-5.59147
 30
0.0
 10
-3.22868
 20
-5.99131
 30
0.0
 10
-3.14689
 20
-6.37376
 30
0.0
 10
-2.98886
 20
-6.73881
 30
0.0
 10
-2.96907
 20
-6.95972
 30
0.0
 10
-3.10845
 20
-7.25923
 30
0.0
 10
-3.40702
 20
-7.63733
 30
0.0
 10
-3.70644
 20
-6.84512
 30
0.0
 10
-3.64884
 20
-6.16317
 30
0.0
 10
-3.23423
 20
-5.59147
 30
0.0
  0
SPLINE
  5
B6
330
1F
100
AcDbEntity
  8
Plan 1
 62
   250
370
    20
100
AcDbSpline
210
0.0
220
0.0
230
1.0
 70
    11
 71
     3
 72
     8
 73
     4
 74
     0
 42
0.0000000001
 43
0.0000000001
 40
0.0
 40
0.0
 40
0.0
 40
0.0
 40
1.0
 40
1.0
 40
1.0
 40
1.0
 10
-5.16646
 20
-8.87454
 30
0.0
 10
-6.3036
 20
-7.42838
 30
0.0
 10
-3.38855
 20
-9.23496
 30
0.0
 10
-5.16646
 20
-8.87454
 30
0.0
  0
SPLINE
  5
B7
330
1F
100
AcDbEntity
  8
Plan 1
 62
   250
370
    20
100
AcDbSpline
210
0.0
220
0.0
230
1.0
 70
    11
 71
     3
 72
    11
 73
     7
 74
     0
 42
0.0000000001
 43
0.0000000001
 40
0.0
 40
0.0
 40
0.0
 40
0.0
 40
0.5
 40
0.5
 40
0.5
 40
1.0
 40
1.0
 40
1.0
 40
1.0
 10
-5.71586
 20
-10.27754
 30
0.0
 10
-7.27078
 20
-9.54294
 30
0.0
 10
-5.08317
 20
-8.13856
 30
0.0
 10
-5.44285
 20
-9.99071
 30
0.0
 10
-5.58863
 20
-9.39852
 30
0.0
 10
-6.10661
 20
-9.85952
 30
0.0
 10
-5.71586
 20
-10.27754
 30
0.0
  0
SPLINE
  5
B8
330
1F
100
AcDbEntity
  8
Plan 1
 62
   250
370
    20
100
AcDbSpline
210
0.0
220
0.0
230
1.0
 70
    11
 71
     3
 72
    17
 73
    13
 74
     0
 42
0.0000000001
 43
0.0000000001
 40
0.0
 40
0.0
 40
0.0
 40
0.0
 40
0.25
 40
0.25
 40
0.25
 40
0.5
 40
0.5
 40
0.5
 40
0.75
 40
0.75
 40
0.75
 40
1.0
 40
1.0
 40
1.0
 40
1.0
 10
-0.51768
 20
-5.04724
 30
0.0
 10
-0.32968
 20
-5.13724
 30
0.0
 10
-0.20297
 20
-5.2317
 30
0.0
 10
-0.13754
 20
-5.33062
 30
0.0
 10
-0.05913
 20
-5.41081
 30
0.0
 10
-0.1029
 20
-5.47877
 30
0.0
 10
-0.26886
 20
-5.53452
 30
0.0
 10
-0.37838
 20
-5.64428
 30
0.0
 10
-0.47399
 20
-5.70878
 30
0.0
 10
-0.5557
 20
-5.72804
 30
0.0
 10
-0.58985
 20
-5.53127
 30
0.0
 10
-0.57718
 20
-5.30434
 30
0.0
 10
-0.51768
 20
-5.04724
 30
0.0
  0
SPLINE
  5
B9
330
1F
100
AcDbEntity
  8
Plan 1
 62
   250
370
    20
100
AcDbSpline
210
0.0
220
0.0
230
1.0
 70
    11
 71
     3
 72
    14
 73
    10
 74
     0
 42
0.0000000001
 43
0.0000000001
 40
0.0
 40
0.0
 40
0.0
 40
0.0
 40
0.3333333333333333
 40
0.3333333333333333
 40
0.3333333333333333
 40
0.6666666666666666
 40
0.6666666666666666
 40
0.6666666666666666
 40
1.0
 40
1.0
 40
1.0
 40
1.0
 10
-1.62721
 20
0.95584
 30
0.0
 10
-1.65153
 20
-0.19264
 30
0.0
 10
-2.29663
 20
-1.44136
 30
0.0
 10
-3.56249
 20
-2.79031
 30
0.0
 10
-3.54365
 20
-2.07526
 30
0.0
 10
-3.66345
 20
-1.43938
 30
0.0
 10
-3.9219
 20
-0.88268
 30
0.0
 10
-2.74883
 20
0.41551
 30
0.0
 10
-1.98393
 20
1.02835
 30
0.0
 10
-1.62721
 20
0.95584
 30
0.0
  0
SPLINE
  5
BA
330
1F
100
AcDbEntity
  8
Plan 1
 62
   250
370
    20
100
AcDbSpline
210
0.0
220
0.0
230
1.0
 70
    11
 71
     3
 72
    20
 73
    16
 74
     0
 42
0.0000000001
 43
0.0000000001
 40
0.0
 40
0.0
 40
0.0
 40
0.0
 40
0.2
 40
0.2
 40
0.2
 40
0.4
 40
0.4
 40
0.4
 40
0.6000000000000001
 40
0.6000000000000001
 40
0.6000000000000001
 40
0.8
 40
0.8
 40
0.8
 40
1.0
 40
1.0
 40
1.0
 40
1.0
 10
-4.07971
 20
-1.81885
 30
0.0
 10
-3.93033
 20
-2.29007
 30
0.0
 10
-3.84793
 20
-2.83187
 30
0.0
 10
-3.83247
 20
-3.44425
 30
0.0
 10
-4.03637
 20
-3.74716
 30
0.0
 10
-4.26329
 20
-4.01672
 30
0.0
 10
-4.51322
 20
-4.25292
 30
0.0
 10
-4.7266
 20
-4.01946
 30
0.0
 10
-4.8971
 20
-3.92039
 30
0.0
 10
-5.02469
 20
-3.95572
 30
0.0
 10
-4.59867
 20
-3.39371
 30
0.0
 10
-4.33835
 20
-2.68468
 30
0.0
 10
-4.24371
 20
-1.82862
 30
0.0
 10
-4.18945
 20
-1.65684
 30
0.0
 10
-4.13479
 20
-1.65358
 30
0.0
 10
-4.07971
 20
-1.81885
 30
0.0
  0
SPLINE
  5
BB
330
1F
100
AcDbEntity
  8
Plan 1
 62
   250
370
    20
100
AcDbSpline
210
0.0
220
0.0
230
1.0
 70
    11
 71
     3
 72
    41
 73
    37
 74
     0
 42
0.0000000001
 43
0.0000000001
 40
0.0
 40
0.0
 40
0.0
 40
0.0
 40
0.0833333333333333
 40
0.0833333333333333
 40
0.0833333333333333
 40
0.1666666666666667
 40
0.1666666666666667
 40
0.1666666666666667
 40
0.25
 40
0.25
 40
0.25
 40
0.3333333333333333
 40
0.3333333333333333
 40
0.3333333333333333
 40
0.4166666666666666
 40
0.4166666666666666
 40
0.4166666666666666
 40
0.5
 40
0.5
 40
0.5
 40
0.5833333333333333
 40
0.5833333333333333
 40
0.5833333333333333
 40
0.6666666666666666
 40
0.6666666666666666
 40
0.6666666666666666
 40
0.75
 40
0.75
 40
0.75
 40
0.8333333333333333
 40
0.8333333333333333
 40
0.8333333333333333
 40
0.9166666666666666
 40
0.9166666666666666
 40
0.9166666666666666
 40
1.0
 40
1.0
 40
1.0
 40
1.0
 10
-5.03886
 20
-2.76744
 30
0.0
 10
-5.08049
 20
-2.85856
 30
0.0
 10
-5.01482
 20
-2.89081
 30
0.0
 10
-4.84187
 20
-2.8642
 30
0.0
 10
-4.92967
 20
-3.03522
 30
0.0
 10
-5.07827
 20
-3.15387
 30
0.0
 10
-5.28768
 20
-3.22015
 30
0.0
 10
-4.98704
 20
-3.23285
 30
0.0
 10
-5.02274
 20
-3.35611
 30
0.0
 10
-5.39481
 20
-3.58993
 30
0.0
 10
-5.05448
 20
-3.7026
 30
0.0
 10
-5.1789
 20
-3.82125
 30
0.0
 10
-5.76805
 20
-3.94588
 30
0.0
 10
-5.84471
 20
-4.00028
 30
0.0
 10
-5.78595
 20
-4.06249
 30
0.0
 10
-5.59178
 20
-4.1325
 30
0.0
 10
-5.52367
 20
-4.23086
 30
0.0
 10
-5.69531
 20
-4.285
 30
0.0
 10
-6.10671
 20
-4.29492
 30
0.0
 10
-5.98148
 20
-4.45186
 30
0.0
 10
-6.24644
 20
-4.59471
 30
0.0
 10
-6.90158
 20
-4.72347
 30
0.0
 10
-7.17938
 20
-4.74752
 30
0.0
 10
-7.20703
 20
-4.66458
 30
0.0
 10
-6.98452
 20
-4.47464
 30
0.0
 10
-6.25468
 20
-3.52599
 30
0.0
 10
-5.53355
 20
-2.69198
 30
0.0
 10
-4.82114
 20
-1.97259
 30
0.0
 10
-4.66308
 20
-1.79821
 30
0.0
 10
-4.60548
 20
-1.8247
 30
0.0
 10
-4.64834
 20
-2.05207
 30
0.0
 10
-4.70871
 20
-2.16268
 30
0.0
 10
-4.79395
 20
-2.26866
 30
0.0
 10
-4.90408
 20
-2.37001
 30
0.0
 10
-4.63155
 20
-2.32938
 30
0.0
 10
-4.67647
 20
-2.46185
 30
0.0
 10
-5.03886
 20
-2.76744
 30
0.0
  0
SPLINE
  5
BC
330
1F
100
AcDbEntity
  8
Plan 1
 62
   250
370
    20
100
AcDbSpline
210
0.0
220
0.0
230
1.0
 70
    11
 71
     3
 72
    17
 73
    13
 74
     0
 42
0.0000000001
 43
0.0000000001
 40
0.0
 40
0.0
 40
0.0
 40
0.0
 40
0.25
 40
0.25
 40
0.25
 40
0.5
 40
0.5
 40
0.5
 40
0.75
 40
0.75
 40
0.75
 40
1.0
 40
1.0
 40
1.0
 40
1.0
 10
-7.18017
 20
-5.49321
 30
0.0
 10
-7.3963
 20
-5.46262
 30
0.0
 10
-7.4228
 20
-5.38774
 30
0.0
 10
-7.25965
 20
-5.26857
 30
0.0
 10
-6.99189
 20
-5.09374
 30
0.0
 10
-6.76266
 20
-5.00505
 30
0.0
 10
-6.57193
 20
-5.00248
 30
0.0
 10
-6.5519
 20
-5.07577
 30
0.0
 10
-6.64866
 20
-5.18636
 30
0.0
 10
-6.86222
 20
-5.33424
 30
0.0
 10
-6.95996
 20
-5.41306
 30
0.0
 10
-7.06594
 20
-5.46604
 30
0.0
 10
-7.18017
 20
-5.49321
 30
0.0
  0
SPLINE
  5
BD
330
1F
100
AcDbEntity
  8
Plan 1
 62
   250
370
    20
100
AcDbSpline
210
0.0
220
0.0
230
1.0
 70
    11
 71
     3
 72
    20
 73
    16
 74
     0
 42
0.0000000001
 43
0.0000000001
 40
0.0
 40
0.0
 40
0.0
 40
0.0
 40
0.2
 40
0.2
 40
0.2
 40
0.4
 40
0.4
 40
0.4
 40
0.6000000000000001
 40
0.6000000000000001
 40
0.6000000000000001
 40
0.8
 40
0.8
 40
0.8
 40
1.0
 40
1.0
 40
1.0
 40
1.0
 10
-8.70088
 20
-7.24878
 30
0.0
 10
-8.69903
 20
-5.11921
 30
0.0
 10
-6.46347
 20
-5.65385
 30
0.0
 10
-7.19412
 20
-6.88246
 30
0.0
 10
-7.60795
 20
-7.27233
 30
0.0
 10
-7.9881
 20
-7.4336
 30
0.0
 10
-8.33456
 20
-7.36627
 30
0.0
 10
-7.97086
 20
-7.11705
 30
0.0
 10
-7.88561
 20
-6.93965
 30
0.0
 10
-8.07882
 20
-6.83407
 30
0.0
 10
-8.08887
 20
-6.82858
 30
0.0
 10
-8.09893
 20
-6.82382
 30
0.0
 10
-8.10897
 20
-6.81981
 30
0.0
 10
-8.47192
 20
-6.67504
 30
0.0
 10
-8.47342
 20
-7.30361
 30
0.0
 10
-8.70088
 20
-7.24878
 30
0.0
  0
SPLINE
  5
BE
330
1F
100
AcDbEntity
  8
Plan 1
 62
   250
370
    20
100
AcDbSpline
210
0.0
220
0.0
230
1.0
 70
    11
 71
     3
 72
    14
 73
    10
 74
     0
 42
0.0000000001
 43
0.0000000001
 40
0.0
 40
0.0
 40
0.0
 40
0.0
 40
0.3333333333333333
 40
0.3333333333333333
 40
0.3333333333333333
 40
0.6666666666666666
 40
0.6666666666666666
 40
0.6666666666666666
 40
1.0
 40
1.0
 40
1.0
 40
1.0
 10
-9.26409
 20
-7.29026
 30
0.0
 10
-11.6021
 20
-7.47072
 30
0.0
 10
-7.79868
 20
-3.61716
 30
0.0
 10
-8.86667
 20
-7.15549
 30
0.0
 10
-8.97142
 20
-6.81226
 30
0.0
 10
-9.21124
 20
-6.72371
 30
0.0
 10
-9.42307
 20
-7.04835
 30
0.0
 10
-9.30694
 20
-7.14107
 30
0.0
 10
-9.25395
 20
-7.22171
 30
0.0
 10
-9.26409
 20
-7.29026
 30
0.0
  0
SPLINE
  5
BF
330
1F
100
AcDbEntity
  8
Plan 1
 62
   250
370
    20
100
AcDbSpline
210
0.0
220
0.0
230
1.0
 70
    11
 71
     3
 72
    17
 73
    13
 74
     0
 42
0.0000000001
 43
0.0000000001
 40
0.0
 40
0.0
 40
0.0
 40
0.0
 40
0.25
 40
0.25
 40
0.25
 40
0.5
 40
0.5
 40
0.5
 40
0.75
 40
0.75
 40
0.75
 40
1.0
 40
1.0
 40
1.0
 40
1.0
 10
-7.13401
 20
-5.55195
 30
0.0
 10
-7.01978
 20
-5.57911
 30
0.0
 10
-6.9138
 20
-5.6321
 30
0.0
 10
-6.81606
 20
-5.71092
 30
0.0
 10
-6.6025
 20
-5.8588
 30
0.0
 10
-6.50574
 20
-5.96939
 30
0.0
 10
-6.52577
 20
-6.04268
 30
0.0
 10
-6.7165
 20
-6.04011
 30
0.0
 10
-6.94573
 20
-5.95142
 30
0.0
 10
-7.21349
 20
-5.77659
 30
0.0
 10
-7.37664
 20
-5.65742
 30
0.0
 10
-7.35014
 20
-5.58254
 30
0.0
 10
-7.13401
 20
-5.55195
 30
0.0
  0
SPLINE
  5
C0
330
1F
100
AcDbEntity
  8
Plan 1
 62
   250
370
    20
100
AcDbSpline
210
0.0
220
0.0
230
1.0
 70
    11
 71
     3
 72
    14
 73
    10
 74
     0
 42
0.0000000001
 43
0.0000000001
 40
0.0
 40
0.0
 40
0.0
 40
0.0
 40
0.3333333333333333
 40
0.3333333333333333
 40
0.3333333333333333
 40
0.6666666666666666
 40
0.6666666666666666
 40
0.6666666666666666
 40
1.0
 40
1.0
 40
1.0
 40
1.0
 10
-9.26253
 20
-7.60474
 30
0.0
 10
-9.50123
 20
-7.54584
 30
0.0
 10
-9.89316
 20
-7.91911
 30
0.0
 10
-9.09664
 20
-7.83628
 30
0.0
 10
-8.90983
 20
-8.08055
 30
0.0
 10
-9.71189
 20
-8.48516
 30
0.0
 10
-10.05046
 20
-7.56672
 30
0.0
 10
-9.44711
 20
-7.36457
 30
0.0
 10
-9.18446
 20
-7.37724
 30
0.0
 10
-9.26253
 20
-7.60474
 30
0.0
  0
SPLINE
  5
C1
330
1F
100
AcDbEntity
  8
Plan 1
 62
   250
370
    20
100
AcDbSpline
210
0.0
220
0.0
230
1.0
 70
    11
 71
     3
 72
     8
 73
     4
 74
     0
 42
0.0000000001
 43
0.0000000001
 40
0.0
 40
0.0
 40
0.0
 40
0.0
 40
1.0
 40
1.0
 40
1.0
 40
1.0
 10
-1.61824
 20
-0.15733
 30
0.0
 10
-0.78615
 20
0.54781
 30
0.0
 10
-2.08794
 20
-1.40018
 30
0.0
 10
-1.61824
 20
-0.15733
 30
0.0
  0
SPLINE
  5
C2
330
1F
100
AcDbEntity
  8
Plan 1
 62
   250
370
    20
100
AcDbSpline
210
0.0
220
0.0
230
1.0
 70
    11
 71
     3
 72
    17
 73
    13
 74
     0
 42
0.0000000001
 43
0.0000000001
 40
0.0
 40
0.0
 40
0.0
 40
0.0
 40
0.25
 40
0.25
 40
0.25
 40
0.5
 40
0.5
 40
0.5
 40
0.75
 40
0.75
 40
0.75
 40
1.0
 40
1.0
 40
1.0
 40
1.0
 10
-5.11259
 20
-4.10984
 30
0.0
 10
-4.97517
 20
-4.10984
 30
0.0
 10
-4.86377
 20
-4.22588
 30
0.0
 10
-4.86377
 20
-4.36903
 30
0.0
 10
-4.86377
 20
-4.51218
 30
0.0
 10
-4.97517
 20
-4.62822
 30
0.0
 10
-5.11259
 20
-4.62822
 30
0.0
 10
-5.25001
 20
-4.62822
 30
0.0
 10
-5.36142
 20
-4.51218
 30
0.0
 10
-5.36142
 20
-4.36903
 30
0.0
 10
-5.36142
 20
-4.22588
 30
0.0
 10
-5.25001
 20
-4.10984
 30
0.0
 10
-5.11259
 20
-4.10984
 30
0.0
  0
SPLINE
  5
C3
330
1F
100
AcDbEntity
  8
Plan 1
 62
   250
370
    20
100
AcDbSpline
210
0.0
220
0.0
230
1.0
 70
    11
 71
     3
 72
    14
 73
    10
 74
     0
 42
0.0000000001
 43
0.0000000001
 40
0.0
 40
0.0
 40
0.0
 40
0.0
 40
0.3333333333333333
 40
0.3333333333333333
 40
0.3333333333333333
 40
0.6666666666666666
 40
0.6666666666666666
 40
0.6666666666666666
 40
1.0
 40
1.0
 40
1.0
 40
1.0
 10
-6.64451
 20
-5.48629
 30
0.0
 10
-6.5384
 20
-5.46842
 30
0.0
 10
-6.4186
 20
-5.50873
 30
0.0
 10
-6.28509
 20
-5.60725
 30
0.0
 10
-6.02766
 20
-5.81946
 30
0.0
 10
-5.92629
 20
-5.98073
 30
0.0
 10
-5.98098
 20
-6.09107
 30
0.0
 10
-6.44814
 20
-5.87551
 30
0.0
 10
-6.66932
 20
-5.67392
 30
0.0
 10
-6.64451
 20
-5.48629
 30
0.0
  0
SPLINE
  5
C4
330
1F
100
AcDbEntity
  8
Plan 1
 62
   250
370
    20
100
AcDbSpline
210
0.0
220
0.0
230
1.0
 70
    11
 71
     3
 72
    17
 73
    13
 74
     0
 42
0.0000000001
 43
0.0000000001
 40
0.0
 40
0.0
 40
0.0
 40
0.0
 40
0.25
 40
0.25
 40
0.25
 40
0.5
 40
0.5
 40
0.5
 40
0.75
 40
0.75
 40
0.75
 40
1.0
 40
1.0
 40
1.0
 40
1.0
 10
-8.68539
 20
-7.84319
 30
0.0
 10
-8.52071
 20
-7.76524
 30
0.0
 10
-8.25143
 20
-8.73214
 30
0.0
 10
-8.41756
 20
-8.89722
 30
0.0
 10
-8.56356
 20
-8.86653
 30
0.0
 10
-8.7617
 20
-8.72369
 30
0.0
 10
-9.01197
 20
-8.4687
 30
0.0
 10
-9.26803
 20
-8.17628
 30
0.0
 10
-8.9141
 20
-7.81042
 30
0.0
 10
-8.84781
 20
-7.99006
 30
0.0
 10
-8.82917
 20
-8.34842
 30
0.0
 10
-8.48732
 20
-8.30347
 30
0.0
 10
-8.68539
 20
-7.84319
 30
0.0
  0
SPLINE
  5
C5
330
1F
100
AcDbEntity
  8
Plan 1
 62
   250
370
    20
100
AcDbSpline
210
0.0
220
0.0
230
1.0
 70
    11
 71
     3
 72
    14
 73
    10
 74
     0
 42
0.0000000001
 43
0.0000000001
 40
0.0
 40
0.0
 40
0.0
 40
0.0
 40
0.3333333333333333
 40
0.3333333333333333
 40
0.3333333333333333
 40
0.6666666666666666
 40
0.6666666666666666
 40
0.6666666666666666
 40
1.0
 40
1.0
 40
1.0
 40
1.0
 10
-5.95333
 20
-4.95063
 30
0.0
 10
-6.03947
 20
-5.08877
 30
0.0
 10
-6.15582
 20
-5.24197
 30
0.0
 10
-6.30237
 20
-5.41026
 30
0.0
 10
-6.41302
 20
-5.40736
 30
0.0
 10
-6.54665
 20
-5.41082
 30
0.0
 10
-6.70325
 20
-5.42063
 30
0.0
 10
-6.45798
 20
-4.99835
 30
0.0
 10
-6.20801
 20
-4.84168
 30
0.0
 10
-5.95333
 20
-4.95063
 30
0.0
  0
SPLINE
  5
C6
330
1F
100
AcDbEntity
  8
Plan 1
 62
   250
370
    20
100
AcDbSpline
210
0.0
220
0.0
230
1.0
 70
    11
 71
     3
 72
    14
 73
    10
 74
     0
 42
0.0000000001
 43
0.0000000001
 40
0.0
 40
0.0
 40
0.0
 40
0.0
 40
0.3333333333333333
 40
0.3333333333333333
 40
0.3333333333333333
 40
0.6666666666666666
 40
0.6666666666666666
 40
0.6666666666666666
 40
1.0
 40
1.0
 40
1.0
 40
1.0
 10
-5.93605
 20
-5.19946
 30
0.0
 10
-5.76948
 20
-5.04903
 30
0.0
 10
-5.58632
 20
-4.9949
 30
0.0
 10
-5.38657
 20
-5.03703
 30
0.0
 10
-5.55207
 20
-5.34707
 30
0.0
 10
-5.72487
 20
-5.49337
 30
0.0
 10
-5.90495
 20
-5.47593
 30
0.0
 10
-6.14781
 20
-5.5001
 30
0.0
 10
-6.15818
 20
-5.40794
 30
0.0
 10
-5.93605
 20
-5.19946
 30
0.0
  0
SPLINE
  5
C7
330
1F
100
AcDbEntity
  8
Plan 1
 62
   250
370
    20
100
AcDbSpline
210
0.0
220
0.0
230
1.0
 70
    11
 71
     3
 72
    11
 73
     7
 74
     0
 42
0.0000000001
 43
0.0000000001
 40
0.0
 40
0.0
 40
0.0
 40
0.0
 40
0.5
 40
0.5
 40
0.5
 40
1.0
 40
1.0
 40
1.0
 40
1.0
 10
-1.36107
 20
3.26783
 30
0.0
 10
-1.42121
 20
2.88714
 30
0.0
 10
-2.13427
 20
3.41426
 30
0.0
 10
-1.47857
 20
3.66525
 30
0.0
 10
-1.31557
 20
3.63645
 30
0.0
 10
-1.1877
 20
3.44869
 30
0.0
 10
-1.36107
 20
3.26783
 30
0.0
  0
SPLINE
  5
C8
330
1F
100
AcDbEntity
  8
Plan 1
 62
   250
370
    20
100
AcDbSpline
210
0.0
220
0.0
230
1.0
 70
    11
 71
     3
 72
    20
 73
    16
 74
     0
 42
0.0000000001
 43
0.0000000001
 40
0.0
 40
0.0
 40
0.0
 40
0.0
 40
0.2
 40
0.2
 40
0.2
 40
0.4
 40
0.4
 40
0.4
 40
0.6000000000000001
 40
0.6000000000000001
 40
0.6000000000000001
 40
0.8
 40
0.8
 40
0.8
 40
1.0
 40
1.0
 40
1.0
 40
1.0
 10
-2.10405
 20
3.90024
 30
0.0
 10
-1.88931
 20
3.93638
 30
0.0
 10
-1.89622
 20
3.57697
 30
0.0
 10
-2.12479
 20
2.82202
 30
0.0
 10
-2.60257
 20
1.50957
 30
0.0
 10
-3.24996
 20
0.40139
 30
0.0
 10
-4.06696
 20
-0.50252
 30
0.0
 10
-4.14858
 20
-0.0237
 30
0.0
 10
-4.28451
 20
0.42555
 30
0.0
 10
-4.47472
 20
0.84527
 30
0.0
 10
-4.64012
 20
1.10521
 30
0.0
 10
-4.61017
 20
1.38399
 30
0.0
 10
-4.38487
 20
1.68159
 30
0.0
 10
-3.7081
 20
2.67733
 30
0.0
 10
-2.94782
 20
3.41688
 30
0.0
 10
-2.10405
 20
3.90024
 30
0.0
  0
SPLINE
  5
C9
330
1F
100
AcDbEntity
  8
Plan 1
 62
   250
370
    20
100
AcDbSpline
210
0.0
220
0.0
230
1.0
 70
    11
 71
     3
 72
    20
 73
    16
 74
     0
 42
0.0000000001
 43
0.0000000001
 40
0.0
 40
0.0
 40
0.0
 40
0.0
 40
0.2
 40
0.2
 40
0.2
 40
0.4
 40
0.4
 40
0.4
 40
0.6000000000000001
 40
0.6000000000000001
 40
0.6000000000000001
 40
0.8
 40
0.8
 40
0.8
 40
1.0
 40
1.0
 40
1.0
 40
1.0
 10
-5.82987
 20
0.07722
 30
0.0
 10
-5.87147
 20
0.21928
 30
0.0
 10
-5.75397
 20
0.22043
 30
0.0
 10
-5.47737
 20
0.08068
 30
0.0
 10
-5.38782
 20
0.01286
 30
0.0
 10
-5.37917
 20
-0.04761
 30
0.0
 10
-5.45145
 20
-0.10076
 30
0.0
 10
-5.55251
 20
-0.10539
 30
0.0
 10
-5.60666
 20
-0.14686
 30
0.0
 10
-5.61387
 20
-0.22517
 30
0.0
 10
-5.6433
 20
-0.30724
 30
0.0
 10
-5.70954
 20
-0.32797
 30
0.0
 10
-5.8126
 20
-0.28738
 30
0.0
 10
-5.74947
 20
-0.20217
 30
0.0
 10
-5.75523
 20
-0.08065
 30
0.0
 10
-5.82987
 20
0.07722
 30
0.0
  0
SPLINE
  5
CA
330
1F
100
AcDbEntity
  8
Plan 1
 62
   250
370
    20
100
AcDbSpline
210
0.0
220
0.0
230
1.0
 70
    11
 71
     3
 72
    11
 73
     7
 74
     0
 42
0.0000000001
 43
0.0000000001
 40
0.0
 40
0.0
 40
0.0
 40
0.0
 40
0.5
 40
0.5
 40
0.5
 40
1.0
 40
1.0
 40
1.0
 40
1.0
 10
-6.11672
 20
-0.16817
 30
0.0
 10
-5.90064
 20
-0.27757
 30
0.0
 10
-6.14504
 20
-0.8583
 30
0.0
 10
-6.28951
 20
-0.85588
 30
0.0
 10
-6.41909
 20
-0.51784
 30
0.0
 10
-6.36149
 20
-0.28861
 30
0.0
 10
-6.11672
 20
-0.16817
 30
0.0
  0
SPLINE
  5
CB
330
1F
100
AcDbEntity
  8
Plan 1
 62
   250
370
    20
100
AcDbSpline
210
0.0
220
0.0
230
1.0
 70
    11
 71
     3
 72
    14
 73
    10
 74
     0
 42
0.0000000001
 43
0.0000000001
 40
0.0
 40
0.0
 40
0.0
 40
0.0
 40
0.3333333333333333
 40
0.3333333333333333
 40
0.3333333333333333
 40
0.6666666666666666
 40
0.6666666666666666
 40
0.6666666666666666
 40
1.0
 40
1.0
 40
1.0
 40
1.0
 10
-6.8528
 20
-0.41009
 30
0.0
 10
-6.54293
 20
-0.50399
 30
0.0
 10
-6.61249
 20
-1.49511
 30
0.0
 10
-6.84681
 20
-1.19949
 30
0.0
 10
-6.85045
 20
-1.19489
 30
0.0
 10
-6.85419
 20
-1.18851
 30
0.0
 10
-6.85796
 20
-1.18058
 30
0.0
 10
-6.91969
 20
-1.05056
 30
0.0
 10
-6.99124
 20
-0.49965
 30
0.0
 10
-6.8528
 20
-0.41009
 30
0.0
  0
SPLINE
  5
CC
330
1F
100
AcDbEntity
  8
Plan 1
 62
   250
370
    20
100
AcDbSpline
210
0.0
220
0.0
230
1.0
 70
    11
 71
     3
 72
    17
 73
    13
 74
     0
 42
0.0000000001
 43
0.0000000001
 40
0.0
 40
0.0
 40
0.0
 40
0.0
 40
0.25
 40
0.25
 40
0.25
 40
0.5
 40
0.5
 40
0.5
 40
0.75
 40
0.75
 40
0.75
 40
1.0
 40
1.0
 40
1.0
 40
1.0
 10
-7.65848
 20
-1.43968
 30
0.0
 10
-7.49977
 20
-1.54167
 30
0.0
 10
-7.3961
 20
-1.70986
 30
0.0
 10
-7.34745
 20
-1.94425
 30
0.0
 10
-7.34122
 20
-2.09742
 30
0.0
 10
-7.32163
 20
-2.23566
 30
0.0
 10
-7.2887
 20
-2.35895
 30
0.0
 10
-7.34741
 20
-2.48998
 30
0.0
 10
-7.46145
 20
-2.35866
 30
0.0
 10
-7.63083
 20
-1.96498
 30
0.0
 10
-7.69066
 20
-1.79118
 30
0.0
 10
-7.69988
 20
-1.61608
 30
0.0
 10
-7.65848
 20
-1.43968
 30
0.0
  0
SPLINE
  5
CD
330
1F
100
AcDbEntity
  8
Plan 1
 62
   250
370
    20
100
AcDbSpline
210
0.0
220
0.0
230
1.0
 70
    11
 71
     3
 72
    14
 73
    10
 74
     0
 42
0.0000000001
 43
0.0000000001
 40
0.0
 40
0.0
 40
0.0
 40
0.0
 40
0.3333333333333333
 40
0.3333333333333333
 40
0.3333333333333333
 40
0.6666666666666666
 40
0.6666666666666666
 40
0.6666666666666666
 40
1.0
 40
1.0
 40
1.0
 40
1.0
 10
-8.4845
 20
-2.15153
 30
0.0
 10
-8.37555
 20
-2.15234
 30
0.0
 10
-8.27129
 20
-2.21916
 30
0.0
 10
-8.17175
 20
-2.35198
 30
0.0
 10
-8.03679
 20
-2.57546
 30
0.0
 10
-8.07364
 20
-2.63075
 30
0.0
 10
-8.28233
 20
-2.51786
 30
0.0
 10
-8.43559
 20
-2.42133
 30
0.0
 10
-8.50298
 20
-2.29923
 30
0.0
 10
-8.4845
 20
-2.15153
 30
0.0
  0
SPLINE
  5
CE
330
1F
100
AcDbEntity
  8
Plan 1
 62
   250
370
    20
100
AcDbSpline
210
0.0
220
0.0
230
1.0
 70
    11
 71
     3
 72
    11
 73
     7
 74
     0
 42
0.0000000001
 43
0.0000000001
 40
0.0
 40
0.0
 40
0.0
 40
0.0
 40
0.5
 40
0.5
 40
0.5
 40
1.0
 40
1.0
 40
1.0
 40
1.0
 10
-8.54156
 20
-2.32086
 30
0.0
 10
-8.33582
 20
-2.842
 30
0.0
 10
-8.79183
 20
-1.81087
 30
0.0
 10
-9.09105
 20
-2.77012
 30
0.0
 10
-9.37961
 20
-3.27882
 30
0.0
 10
-9.33597
 20
-0.34906
 30
0.0
 10
-8.54156
 20
-2.32086
 30
0.0
  0
SPLINE
  5
CF
330
1F
100
AcDbEntity
  8
Plan 1
 62
   250
370
    20
100
AcDbSpline
210
0.0
220
0.0
230
1.0
 70
    11
 71
     3
 72
    23
 73
    19
 74
     0
 42
0.0000000001
 43
0.0000000001
 40
0.0
 40
0.0
 40
0.0
 40
0.0
 40
0.1666666666666667
 40
0.1666666666666667
 40
0.1666666666666667
 40
0.3333333333333333
 40
0.3333333333333333
 40
0.3333333333333333
 40
0.5
 40
0.5
 40
0.5
 40
0.6666666666666666
 40
0.6666666666666666
 40
0.6666666666666666
 40
0.8333333333333333
 40
0.8333333333333333
 40
0.8333333333333333
 40
1.0
 40
1.0
 40
1.0
 40
1.0
 10
-4.76199
 20
0.49885
 30
0.0
 10
-4.6925
 20
0.36723
 30
0.0
 10
-4.65563
 20
0.22554
 30
0.0
 10
-4.65141
 20
0.07378
 30
0.0
 10
-4.61751
 20
-0.01029
 30
0.0
 10
-4.6394
 20
-0.05061
 30
0.0
 10
-4.71707
 20
-0.04718
 30
0.0
 10
-4.79529
 20
0.00943
 30
0.0
 10
-4.90473
 20
0.03132
 30
0.0
 10
-5.04538
 20
0.01848
 30
0.0
 10
-5.14169
 20
-0.00808
 30
0.0
 10
-5.18201
 20
0.01841
 30
0.0
 10
-5.16633
 20
0.09797
 30
0.0
 10
-5.04027
 20
0.21594
 30
0.0
 10
-4.95963
 20
0.368
 30
0.0
 10
-4.92442
 20
0.55415
 30
0.0
 10
-4.85655
 20
0.62592
 30
0.0
 10
-4.80241
 20
0.60749
 30
0.0
 10
-4.76199
 20
0.49885
 30
0.0
  0
SPLINE
  5
D0
330
1F
100
AcDbEntity
  8
Plan 1
 62
   250
370
    20
100
AcDbSpline
210
0.0
220
0.0
230
1.0
 70
    11
 71
     3
 72
    20
 73
    16
 74
     0
 42
0.0000000001
 43
0.0000000001
 40
0.0
 40
0.0
 40
0.0
 40
0.0
 40
0.2
 40
0.2
 40
0.2
 40
0.4
 40
0.4
 40
0.4
 40
0.6000000000000001
 40
0.6000000000000001
 40
0.6000000000000001
 40
0.8
 40
0.8
 40
0.8
 40
1.0
 40
1.0
 40
1.0
 40
1.0
 10
-5.78517
 20
-0.79354
 30
0.0
 10
-5.65584
 20
-1.00412
 30
0.0
 10
-5.46461
 20
-1.14926
 30
0.0
 10
-5.21149
 20
-1.22898
 30
0.0
 10
-5.21149
 20
-1.22898
 30
0.0
 10
-6.14457
 20
-1.94781
 30
0.0
 10
-6.14457
 20
-1.94781
 30
0.0
 10
-6.27798
 20
-2.02768
 30
0.0
 10
-6.32867
 20
-2.00809
 30
0.0
 10
-6.29663
 20
-1.88904
 30
0.0
 10
-6.16012
 20
-1.62449
 30
0.0
 10
-6.03802
 20
-1.32613
 30
0.0
 10
-5.93031
 20
-0.99397
 30
0.0
 10
-5.92016
 20
-0.88438
 30
0.0
 10
-5.87177
 20
-0.81757
 30
0.0
 10
-5.78517
 20
-0.79354
 30
0.0
  0
SPLINE
  5
D1
330
1F
100
AcDbEntity
  8
Plan 1
 62
   250
370
    20
100
AcDbSpline
210
0.0
220
0.0
230
1.0
 70
    11
 71
     3
 72
    17
 73
    13
 74
     0
 42
0.0000000001
 43
0.0000000001
 40
0.0
 40
0.0
 40
0.0
 40
0.0
 40
0.25
 40
0.25
 40
0.25
 40
0.5
 40
0.5
 40
0.5
 40
0.75
 40
0.75
 40
0.75
 40
1.0
 40
1.0
 40
1.0
 40
1.0
 10
-6.37963
 20
-1.1875
 30
0.0
 10
-6.30054
 20
-1.28874
 30
0.0
 10
-6.3086
 20
-1.55483
 30
0.0
 10
-6.43838
 20
-1.83375
 30
0.0
 10
-6.54518
 20
-2.10943
 30
0.0
 10
-6.68918
 20
-2.29029
 30
0.0
 10
-6.87037
 20
-2.37631
 30
0.0
 10
-6.91193
 20
-2.24968
 30
0.0
 10
-6.8958
 20
-2.10453
 30
0.0
 10
-6.82198
 20
-1.94088
 30
0.0
 10
-6.72478
 20
-1.59638
 30
0.0
 10
-6.57733
 20
-1.34525
 30
0.0
 10
-6.37963
 20
-1.1875
 30
0.0
  0
SPLINE
  5
D2
330
1F
100
AcDbEntity
  8
Plan 1
 62
   250
370
    20
100
AcDbSpline
210
0.0
220
0.0
230
1.0
 70
    11
 71
     3
 72
    11
 73
     7
 74
     0
 42
0.0000000001
 43
0.0000000001
 40
0.0
 40
0.0
 40
0.0
 40
0.0
 40
0.5
 40
0.5
 40
0.5
 40
1.0
 40
1.0
 40
1.0
 40
1.0
 10
-7.17793
 20
-2.15859
 30
0.0
 10
-7.44269
 20
-0.92199
 30
0.0
 10
-6.73518
 20
-1.07898
 30
0.0
 10
-6.96713
 20
-2.19661
 30
0.0
 10
-7.05697
 20
-2.42077
 30
0.0
 10
-7.12724
 20
-2.4081
 30
0.0
 10
-7.17793
 20
-2.15859
 30
0.0
  0
SPLINE
  5
D3
330
1F
100
AcDbEntity
  8
Plan 1
 62
   250
370
    20
100
AcDbSpline
210
0.0
220
0.0
230
1.0
 70
    11
 71
     3
 72
    20
 73
    16
 74
     0
 42
0.0000000001
 43
0.0000000001
 40
0.0
 40
0.0
 40
0.0
 40
0.0
 40
0.2
 40
0.2
 40
0.2
 40
0.4
 40
0.4
 40
0.4
 40
0.6000000000000001
 40
0.6000000000000001
 40
0.6000000000000001
 40
0.8
 40
0.8
 40
0.8
 40
1.0
 40
1.0
 40
1.0
 40
1.0
 10
-8.29626
 20
-3.01543
 30
0.0
 10
-8.25098
 20
-3.08808
 30
0.0
 10
-8.24983
 20
-3.17449
 30
0.0
 10
-8.2928
 20
-3.27463
 30
0.0
 10
-8.45807
 20
-3.77212
 30
0.0
 10
-8.57442
 20
-3.8804
 30
0.0
 10
-8.64184
 20
-3.59947
 30
0.0
 10
-8.66278
 20
-3.27535
 30
0.0
 10
-8.7031
 20
-2.97815
 30
0.0
 10
-8.76281
 20
-2.70786
 30
0.0
 10
-8.75696
 20
-2.58868
 30
0.0
 10
-8.69937
 20
-2.56334
 30
0.0
 10
-8.59001
 20
-2.63183
 30
0.0
 10
-8.51046
 20
-2.79794
 30
0.0
 10
-8.41254
 20
-2.9258
 30
0.0
 10
-8.29626
 20
-3.01543
 30
0.0
  0
SPLINE
  5
D4
330
1F
100
AcDbEntity
  8
Plan 1
 62
   250
370
    20
100
AcDbSpline
210
0.0
220
0.0
230
1.0
 70
    11
 71
     3
 72
    11
 73
     7
 74
     0
 42
0.0000000001
 43
0.0000000001
 40
0.0
 40
0.0
 40
0.0
 40
0.0
 40
0.5
 40
0.5
 40
0.5
 40
1.0
 40
1.0
 40
1.0
 40
1.0
 10
-7.60272
 20
-0.53451
 30
0.0
 10
-7.15339
 20
-0.7292
 30
0.0
 10
-7.15616
 20
-1.70388
 30
0.0
 10
-7.53015
 20
-1.17385
 30
0.0
 10
-7.63579
 20
-1.01465
 30
0.0
 10
-7.65998
 20
-0.80154
 30
0.0
 10
-7.60272
 20
-0.53451
 30
0.0
  0
SPLINE
  5
D5
330
1F
100
AcDbEntity
  8
Plan 1
 62
   250
370
    20
100
AcDbSpline
210
0.0
220
0.0
230
1.0
 70
    11
 71
     3
 72
    11
 73
     7
 74
     0
 42
0.0000000001
 43
0.0000000001
 40
0.0
 40
0.0
 40
0.0
 40
0.0
 40
0.5
 40
0.5
 40
0.5
 40
1.0
 40
1.0
 40
1.0
 40
1.0
 10
-7.97986
 20
-1.23925
 30
0.0
 10
-7.84927
 20
-1.17442
 30
0.0
 10
-7.99484
 20
-1.62011
 30
0.0
 10
-7.97986
 20
-1.8302
 30
0.0
 10
-8.14878
 20
-2.28163
 30
0.0
 10
-8.37754
 20
-1.56547
 30
0.0
 10
-7.97986
 20
-1.23925
 30
0.0
  0
SPLINE
  5
D6
330
1F
100
AcDbEntity
  8
Plan 1
 62
   250
370
    20
100
AcDbSpline
210
0.0
220
0.0
230
1.0
 70
    11
 71
     3
 72
     8
 73
     4
 74
     0
 42
0.0000000001
 43
0.0000000001
 40
0.0
 40
0.0
 40
0.0
 40
0.0
 40
1.0
 40
1.0
 40
1.0
 40
1.0
 10
-1.95547
 20
4.20444
 30
0.0
 10
-4.47197
 20
2.14118
 30
0.0
 10
-2.04118
 20
4.97133
 30
0.0
 10
-1.95547
 20
4.20444
 30
0.0
  0
SPLINE
  5
D7
330
1F
100
AcDbEntity
  8
Plan 1
 62
   250
370
    20
100
AcDbSpline
210
0.0
220
0.0
230
1.0
 70
    11
 71
     3
 72
    17
 73
    13
 74
     0
 42
0.0000000001
 43
0.0000000001
 40
0.0
 40
0.0
 40
0.0
 40
0.0
 40
0.25
 40
0.25
 40
0.25
 40
0.5
 40
0.5
 40
0.5
 40
0.75
 40
0.75
 40
0.75
 40
1.0
 40
1.0
 40
1.0
 40
1.0
 10
-2.91625
 20
5.32761
 30
0.0
 10
-3.44117
 20
3.87489
 30
0.0
 10
-4.07705
 20
2.61696
 30
0.0
 10
-4.82389
 20
1.5538
 30
0.0
 10
-4.89007
 20
2.09959
 30
0.0
 10
-5.13889
 20
2.48665
 30
0.0
 10
-5.57036
 20
2.71497
 30
0.0
 10
-5.11198
 20
4.2633
 30
0.0
 10
-4.20885
 20
5.58574
 30
0.0
 10
-2.86096
 20
6.68231
 30
0.0
 10
-2.63069
 20
6.49699
 30
0.0
 10
-2.64913
 20
6.04542
 30
0.0
 10
-2.91625
 20
5.32761
 30
0.0
  0
SPLINE
  5
D8
330
1F
100
AcDbEntity
  8
Plan 1
 62
   250
370
    20
100
AcDbSpline
210
0.0
220
0.0
230
1.0
 70
    11
 71
     3
 72
    20
 73
    16
 74
     0
 42
0.0000000001
 43
0.0000000001
 40
0.0
 40
0.0
 40
0.0
 40
0.0
 40
0.2
 40
0.2
 40
0.2
 40
0.4
 40
0.4
 40
0.4
 40
0.6000000000000001
 40
0.6000000000000001
 40
0.6000000000000001
 40
0.8
 40
0.8
 40
0.8
 40
1.0
 40
1.0
 40
1.0
 40
1.0
 10
-5.25624
 20
1.71345
 30
0.0
 10
-5.15975
 20
1.59066
 30
0.0
 10
-5.09639
 20
1.43169
 30
0.0
 10
-5.06616
 20
1.23654
 30
0.0
 10
-5.04546
 20
1.02621
 30
0.0
 10
-5.08347
 20
0.98589
 30
0.0
 10
-5.1802
 20
1.11559
 30
0.0
 10
-5.28547
 20
1.1981
 30
0.0
 10
-5.42601
 20
1.24188
 30
0.0
 10
-5.60182
 20
1.24691
 30
0.0
 10
-5.52507
 20
1.44399
 30
0.0
 10
-5.479
 20
1.64097
 30
0.0
 10
-5.46359
 20
1.83786
 30
0.0
 10
-5.34998
 20
1.88219
 30
0.0
 10
-5.28087
 20
1.84071
 30
0.0
 10
-5.25624
 20
1.71345
 30
0.0
  0
SPLINE
  5
D9
330
1F
100
AcDbEntity
  8
Plan 1
 62
   250
370
    20
100
AcDbSpline
210
0.0
220
0.0
230
1.0
 70
    11
 71
     3
 72
    17
 73
    13
 74
     0
 42
0.0000000001
 43
0.0000000001
 40
0.0
 40
0.0
 40
0.0
 40
0.0
 40
0.25
 40
0.25
 40
0.25
 40
0.5
 40
0.5
 40
0.5
 40
0.75
 40
0.75
 40
0.75
 40
1.0
 40
1.0
 40
1.0
 40
1.0
 10
-6.31548
 20
1.1588
 30
0.0
 10
-6.10141
 20
1.20814
 30
0.0
 10
-5.93092
 20
1.20238
 30
0.0
 10
-5.80401
 20
1.14152
 30
0.0
 10
-5.93966
 20
1.00113
 30
0.0
 10
-5.9915
 20
0.8675
 30
0.0
 10
-5.95952
 20
0.74064
 30
0.0
 10
-5.97155
 20
0.62583
 30
0.0
 10
-6.02109
 20
0.62929
 30
0.0
 10
-6.10812
 20
0.75101
 30
0.0
 10
-6.24015
 20
0.8467
 30
0.0
 10
-6.30927
 20
0.98263
 30
0.0
 10
-6.31548
 20
1.1588
 30
0.0
  0
SPLINE
  5
DA
330
1F
100
AcDbEntity
  8
Plan 1
 62
   250
370
    20
100
AcDbSpline
210
0.0
220
0.0
230
1.0
 70
    11
 71
     3
 72
    11
 73
     7
 74
     0
 42
0.0000000001
 43
0.0000000001
 40
0.0
 40
0.0
 40
0.0
 40
0.0
 40
0.5
 40
0.5
 40
0.5
 40
1.0
 40
1.0
 40
1.0
 40
1.0
 10
-7.3315
 20
0.20327
 30
0.0
 10
-7.21524
 20
0.25129
 30
0.0
 10
-7.15879
 20
0.15799
 30
0.0
 10
-7.16216
 20
-0.07665
 30
0.0
 10
-7.16234
 20
-0.84326
 30
0.0
 10
-7.60899
 20
0.04888
 30
0.0
 10
-7.3315
 20
0.20327
 30
0.0
  0
SPLINE
  5
DB
330
1F
100
AcDbEntity
  8
Plan 1
 62
   250
370
    20
100
AcDbSpline
210
0.0
220
0.0
230
1.0
 70
    11
 71
     3
 72
    14
 73
    10
 74
     0
 42
0.0000000001
 43
0.0000000001
 40
0.0
 40
0.0
 40
0.0
 40
0.0
 40
0.3333333333333333
 40
0.3333333333333333
 40
0.3333333333333333
 40
0.6666666666666666
 40
0.6666666666666666
 40
0.6666666666666666
 40
1.0
 40
1.0
 40
1.0
 40
1.0
 10
-7.89344
 20
-0.35977
 30
0.0
 10
-7.86406
 20
-0.68059
 30
0.0
 10
-7.86637
 20
-0.92021
 30
0.0
 10
-7.90035
 20
-1.0786
 30
0.0
 10
-8.09476
 20
-0.93242
 30
0.0
 10
-8.26525
 20
-0.76885
 30
0.0
 10
-8.41182
 20
-0.58787
 30
0.0
 10
-8.22633
 20
-0.43927
 30
0.0
 10
-8.05354
 20
-0.36324
 30
0.0
 10
-7.89344
 20
-0.35977
 30
0.0
  0
SPLINE
  5
DC
330
1F
100
AcDbEntity
  8
Plan 1
 62
   250
370
    20
100
AcDbSpline
210
0.0
220
0.0
230
1.0
 70
    11
 71
     3
 72
    14
 73
    10
 74
     0
 42
0.0000000001
 43
0.0000000001
 40
0.0
 40
0.0
 40
0.0
 40
0.0
 40
0.3333333333333333
 40
0.3333333333333333
 40
0.3333333333333333
 40
0.6666666666666666
 40
0.6666666666666666
 40
0.6666666666666666
 40
1.0
 40
1.0
 40
1.0
 40
1.0
 10
-1.36455
 20
2.29673
 30
0.0
 10
-1.22698
 20
2.24818
 30
0.0
 10
-1.29379
 20
2.07309
 30
0.0
 10
-1.56498
 20
1.77143
 30
0.0
 10
-1.76969
 20
1.56675
 30
0.0
 10
-1.91023
 20
1.49303
 30
0.0
 10
-1.9866
 20
1.55025
 30
0.0
 10
-1.92406
 20
1.87108
 30
0.0
 10
-1.71671
 20
2.11991
 30
0.0
 10
-1.36455
 20
2.29673
 30
0.0
  0
SPLINE
  5
DD
330
1F
100
AcDbEntity
  8
Plan 1
 62
   250
370
    20
100
AcDbSpline
210
0.0
220
0.0
230
1.0
 70
    11
 71
     3
 72
    14
 73
    10
 74
     0
 42
0.0000000001
 43
0.0000000001
 40
0.0
 40
0.0
 40
0.0
 40
0.0
 40
0.3333333333333333
 40
0.3333333333333333
 40
0.3333333333333333
 40
0.6666666666666666
 40
0.6666666666666666
 40
0.6666666666666666
 40
1.0
 40
1.0
 40
1.0
 40
1.0
 10
-2.42896
 20
0.91437
 30
0.0
 10
-2.2162
 20
1.30319
 30
0.0
 10
-1.9259
 20
1.4852
 30
0.0
 10
-1.55807
 20
1.4604
 30
0.0
 10
-1.38169
 20
1.33097
 30
0.0
 10
-1.4416
 20
1.21347
 30
0.0
 10
-1.73778
 20
1.10791
 30
0.0
 10
-1.73778
 20
1.10791
 30
0.0
 10
-2.42896
 20
0.91437
 30
0.0
 10
-2.42896
 20
0.91437
 30
0.0
  0
SPLINE
  5
DE
330
1F
100
AcDbEntity
  8
Plan 1
 62
   250
370
    20
100
AcDbSpline
210
0.0
220
0.0
230
1.0
 70
    11
 71
     3
 72
    14
 73
    10
 74
     0
 42
0.0000000001
 43
0.0000000001
 40
0.0
 40
0.0
 40
0.0
 40
0.0
 40
0.3333333333333333
 40
0.3333333333333333
 40
0.3333333333333333
 40
0.6666666666666666
 40
0.6666666666666666
 40
0.6666666666666666
 40
1.0
 40
1.0
 40
1.0
 40
1.0
 10
-4.38531
 20
-0.46877
 30
0.0
 10
-4.29965
 20
-0.68334
 30
0.0
 10
-4.26048
 20
-0.93792
 30
0.0
 10
-4.26782
 20
-1.23251
 30
0.0
 10
-4.45892
 20
-1.18299
 30
0.0
 10
-4.64899
 20
-1.18183
 30
0.0
 10
-4.83804
 20
-1.22905
 30
0.0
 10
-4.89471
 20
-1.22219
 30
0.0
 10
-4.55815
 20
-0.2842
 30
0.0
 10
-4.38531
 20
-0.46877
 30
0.0
  0
SPLINE
  5
DF
330
1F
100
AcDbEntity
  8
Plan 1
 62
   250
370
    20
100
AcDbSpline
210
0.0
220
0.0
230
1.0
 70
    11
 71
     3
 72
    11
 73
     7
 74
     0
 42
0.0000000001
 43
0.0000000001
 40
0.0
 40
0.0
 40
0.0
 40
0.0
 40
0.5
 40
0.5
 40
0.5
 40
1.0
 40
1.0
 40
1.0
 40
1.0
 10
-6.57292
 20
0.20154
 30
0.0
 10
-6.4182
 20
0.30832
 30
0.0
 10
-6.4136
 20
0.16951
 30
0.0
 10
-6.5591
 20
-0.21489
 30
0.0
 10
-6.71341
 20
0.08763
 30
0.0
 10
-6.71802
 20
0.22644
 30
0.0
 10
-6.57292
 20
0.20154
 30
0.0
  0
SPLINE
  5
E0
330
1F
100
AcDbEntity
  8
Plan 1
 62
   250
370
    20
100
AcDbSpline
210
0.0
220
0.0
230
1.0
 70
    11
 71
     3
 72
    11
 73
     7
 74
     0
 42
0.0000000001
 43
0.0000000001
 40
0.0
 40
0.0
 40
0.0
 40
0.0
 40
0.5
 40
0.5
 40
0.5
 40
1.0
 40
1.0
 40
1.0
 40
1.0
 10
-2.19738
 20
4.55003
 30
0.0
 10
-3.89292
 20
2.80192
 30
0.0
 10
-2.70749
 20
4.50282
 30
0.0
 10
-2.10062
 20
5.1168
 30
0.0
 10
-1.78997
 20
5.0941
 30
0.0
 10
-1.82222
 20
4.90518
 30
0.0
 10
-2.19738
 20
4.55003
 30
0.0
  0
SPLINE
  5
E1
330
1F
100
AcDbEntity
  8
Plan 1
 62
   250
370
    20
100
AcDbSpline
210
0.0
220
0.0
230
1.0
 70
    11
 71
     3
 72
    11
 73
     7
 74
     0
 42
0.0000000001
 43
0.0000000001
 40
0.0
 40
0.0
 40
0.0
 40
0.0
 40
0.5
 40
0.5
 40
0.5
 40
1.0
 40
1.0
 40
1.0
 40
1.0
 10
-3.03373
 20
4.10078
 30
0.0
 10
-3.94323
 20
2.34698
 30
0.0
 10
-2.87398
 20
5.00993
 30
0.0
 10
-2.57755
 20
5.46239
 30
0.0
 10
-2.41448
 20
5.31619
 30
0.0
 10
-2.56654
 20
4.86233
 30
0.0
 10
-3.03373
 20
4.10078
 30
0.0
  0
SPLINE
  5
E2
330
1F
100
AcDbEntity
  8
Plan 1
 62
   250
370
    20
100
AcDbSpline
210
0.0
220
0.0
230
1.0
 70
    11
 71
     3
 72
    14
 73
    10
 74
     0
 42
0.0000000001
 43
0.0000000001
 40
0.0
 40
0.0
 40
0.0
 40
0.0
 40
0.3333333333333333
 40
0.3333333333333333
 40
0.3333333333333333
 40
0.6666666666666666
 40
0.6666666666666666
 40
0.6666666666666666
 40
1.0
 40
1.0
 40
1.0
 40
1.0
 10
-6.9099
 20
0.95145
 30
0.0
 10
-6.84305
 20
0.88437
 30
0.0
 10
-6.82231
 20
0.78415
 30
0.0
 10
-6.84769
 20
0.65079
 30
0.0
 10
-6.89138
 20
0.50725
 30
0.0
 10
-6.95359
 20
0.52337
 30
0.0
 10
-7.03431
 20
0.69916
 30
0.0
 10
-7.06232
 20
0.86796
 30
0.0
 10
-7.02085
 20
0.95205
 30
0.0
 10
-6.9099
 20
0.95145
 30
0.0
  0
SPLINE
  5
E3
330
1F
100
AcDbEntity
  8
Plan 1
 62
   250
370
    20
100
AcDbSpline
210
0.0
220
0.0
230
1.0
 70
    11
 71
     3
 72
    11
 73
     7
 74
     0
 42
0.0000000001
 43
0.0000000001
 40
0.0
 40
0.0
 40
0.0
 40
0.0
 40
0.5
 40
0.5
 40
0.5
 40
1.0
 40
1.0
 40
1.0
 40
1.0
 10
-7.77214
 20
0.44345
 30
0.0
 10
-7.72297
 20
0.22886
 30
0.0
 10
-7.75236
 20
0.06298
 30
0.0
 10
-7.86026
 20
-0.05419
 30
0.0
 10
-8.11332
 20
-0.03137
 30
0.0
 10
-8.20929
 20
0.54816
 30
0.0
 10
-7.77214
 20
0.44345
 30
0.0
  0
SPLINE
  5
E4
330
1F
100
AcDbEntity
  8
Plan 1
 62
   250
370
    20
100
AcDbSpline
210
0.0
220
0.0
230
1.0
 70
    11
 71
     3
 72
    29
 73
    25
 74
     0
 42
0.0000000001
 43
0.0000000001
 40
0.0
 40
0.0
 40
0.0
 40
0.0
 40
0.125
 40
0.125
 40
0.125
 40
0.25
 40
0.25
 40
0.25
 40
0.375
 40
0.375
 40
0.375
 40
0.5
 40
0.5
 40
0.5
 40
0.625
 40
0.625
 40
0.625
 40
0.75
 40
0.75
 40
0.75
 40
0.875
 40
0.875
 40
0.875
 40
1.0
 40
1.0
 40
1.0
 40
1.0
 10
-6.55394
 20
1.65991
 30
0.0
 10
-6.43396
 20
1.04771
 30
0.0
 10
-6.73673
 20
1.71949
 30
0.0
 10
-6.92026
 20
1.70828
 30
0.0
 10
-7.22421
 20
1.4475
 30
0.0
 10
-7.42465
 20
1.18371
 30
0.0
 10
-7.52159
 20
0.91689
 30
0.0
 10
-7.68468
 20
0.92299
 30
0.0
 10
-7.75725
 20
1.03358
 30
0.0
 10
-7.73931
 20
1.24865
 30
0.0
 10
-7.38804
 20
1.35821
 30
0.0
 10
-7.28091
 20
1.58975
 30
0.0
 10
-7.41791
 20
1.94329
 30
0.0
 10
-7.48809
 20
2.1126
 30
0.0
 10
-7.41436
 20
2.16098
 30
0.0
 10
-7.19673
 20
2.08844
 30
0.0
 10
-7.01337
 20
2.03425
 30
0.0
 10
-6.86361
 20
2.04462
 30
0.0
 10
-6.74747
 20
2.11953
 30
0.0
 10
-6.61186
 20
2.21707
 30
0.0
 10
-6.56002
 20
2.15947
 30
0.0
 10
-6.59195
 20
1.94675
 30
0.0
 10
-6.62985
 20
1.80101
 30
0.0
 10
-6.61718
 20
1.70539
 30
0.0
 10
-6.55394
 20
1.65991
 30
0.0
  0
SPLINE
  5
E5
330
1F
100
AcDbEntity
  8
Plan 1
 62
   250
370
    20
100
AcDbSpline
210
0.0
220
0.0
230
1.0
 70
    11
 71
     3
 72
    17
 73
    13
 74
     0
 42
0.0000000001
 43
0.0000000001
 40
0.0
 40
0.0
 40
0.0
 40
0.0
 40
0.25
 40
0.25
 40
0.25
 40
0.5
 40
0.5
 40
0.5
 40
0.75
 40
0.75
 40
0.75
 40
1.0
 40
1.0
 40
1.0
 40
1.0
 10
-8.25769
 20
0.38469
 30
0.0
 10
-8.25769
 20
0.38469
 30
0.0
 10
-8.39939
 20
0.22053
 30
0.0
 10
-8.39939
 20
0.22053
 30
0.0
 10
-8.50051
 20
0.05532
 30
0.0
 10
-8.56271
 20
0.07664
 30
0.0
 10
-8.586
 20
0.28447
 30
0.0
 10
-8.51681
 20
0.43032
 30
0.0
 10
-8.49837
 20
0.56395
 30
0.0
 10
-8.53071
 20
0.68535
 30
0.0
 10
-8.42985
 20
0.68228
 30
0.0
 10
-8.33885
 20
0.58205
 30
0.0
 10
-8.25769
 20
0.38469
 30
0.0
  0
SPLINE
  5
E6
330
1F
100
AcDbEntity
  8
Plan 1
 62
   250
370
    20
100
AcDbSpline
210
0.0
220
0.0
230
1.0
 70
    11
 71
     3
 72
    17
 73
    13
 74
     0
 42
0.0000000001
 43
0.0000000001
 40
0.0
 40
0.0
 40
0.0
 40
0.0
 40
0.25
 40
0.25
 40
0.25
 40
0.5
 40
0.5
 40
0.5
 40
0.75
 40
0.75
 40
0.75
 40
1.0
 40
1.0
 40
1.0
 40
1.0
 10
-6.25844
 20
3.02151
 30
0.0
 10
-5.82635
 20
2.70992
 30
0.0
 10
-5.65356
 20
2.48299
 30
0.0
 10
-5.74006
 20
2.34071
 30
0.0
 10
-5.98989
 20
2.39211
 30
0.0
 10
-6.25024
 20
2.40133
 30
0.0
 10
-6.44506
 20
2.34071
 30
0.0
 10
-6.37192
 20
2.58624
 30
0.0
 10
-6.37537
 20
2.80626
 30
0.0
 10
-6.45543
 20
3.00077
 30
0.0
 10
-6.41763
 20
3.08321
 30
0.0
 10
-6.35197
 20
3.09012
 30
0.0
 10
-6.25844
 20
3.02151
 30
0.0
  0
SPLINE
  5
E7
330
1F
100
AcDbEntity
  8
Plan 1
 62
   250
370
    20
100
AcDbSpline
210
0.0
220
0.0
230
1.0
 70
    11
 71
     3
 72
    23
 73
    19
 74
     0
 42
0.0000000001
 43
0.0000000001
 40
0.0
 40
0.0
 40
0.0
 40
0.0
 40
0.1666666666666667
 40
0.1666666666666667
 40
0.1666666666666667
 40
0.3333333333333333
 40
0.3333333333333333
 40
0.3333333333333333
 40
0.5
 40
0.5
 40
0.5
 40
0.6666666666666666
 40
0.6666666666666666
 40
0.6666666666666666
 40
0.8333333333333333
 40
0.8333333333333333
 40
0.8333333333333333
 40
1.0
 40
1.0
 40
1.0
 40
1.0
 10
-8.08491
 20
1.37652
 30
0.0
 10
-7.99305
 20
1.32921
 30
0.0
 10
-8.00284
 20
1.26067
 30
0.0
 10
-8.11429
 20
1.1709
 30
0.0
 10
-8.19775
 20
1.16273
 30
0.0
 10
-8.26111
 20
1.1299
 30
0.0
 10
-8.30436
 20
1.07241
 30
0.0
 10
-8.41645
 20
0.96216
 30
0.0
 10
-8.47578
 20
0.99442
 30
0.0
 10
-8.48234
 20
1.16918
 30
0.0
 10
-8.39272
 20
1.28037
 30
0.0
 10
-8.35182
 20
1.44913
 30
0.0
 10
-8.35966
 20
1.67546
 30
0.0
 10
-8.27595
 20
1.73826
 30
0.0
 10
-8.21835
 20
1.7158
 30
0.0
 10
-8.18686
 20
1.60807
 30
0.0
 10
-8.18015
 20
1.51007
 30
0.0
 10
-8.14617
 20
1.43288
 30
0.0
 10
-8.08491
 20
1.37652
 30
0.0
  0
SPLINE
  5
E8
330
1F
100
AcDbEntity
  8
Plan 1
 62
   250
370
    20
100
AcDbSpline
210
0.0
220
0.0
230
1.0
 70
    11
 71
     3
 72
    17
 73
    13
 74
     0
 42
0.0000000001
 43
0.0000000001
 40
0.0
 40
0.0
 40
0.0
 40
0.0
 40
0.25
 40
0.25
 40
0.25
 40
0.5
 40
0.5
 40
0.5
 40
0.75
 40
0.75
 40
0.75
 40
1.0
 40
1.0
 40
1.0
 40
1.0
 10
-2.13195
 20
6.43334
 30
0.0
 10
-2.02507
 20
6.43334
 30
0.0
 10
-1.93843
 20
6.35289
 30
0.0
 10
-1.93843
 20
6.25364
 30
0.0
 10
-1.93843
 20
6.1544
 30
0.0
 10
-2.02507
 20
6.07394
 30
0.0
 10
-2.13195
 20
6.07394
 30
0.0
 10
-2.23883
 20
6.07394
 30
0.0
 10
-2.32548
 20
6.1544
 30
0.0
 10
-2.32548
 20
6.25364
 30
0.0
 10
-2.32548
 20
6.35289
 30
0.0
 10
-2.23883
 20
6.43334
 30
0.0
 10
-2.13195
 20
6.43334
 30
0.0
  0
SPLINE
  5
E9
330
1F
100
AcDbEntity
  8
Plan 1
 62
   250
370
    20
100
AcDbSpline
210
0.0
220
0.0
230
1.0
 70
    11
 71
     3
 72
    20
 73
    16
 74
     0
 42
0.0000000001
 43
0.0000000001
 40
0.0
 40
0.0
 40
0.0
 40
0.0
 40
0.2
 40
0.2
 40
0.2
 40
0.4
 40
0.4
 40
0.4
 40
0.6000000000000001
 40
0.6000000000000001
 40
0.6000000000000001
 40
0.8
 40
0.8
 40
0.8
 40
1.0
 40
1.0
 40
1.0
 40
1.0
 10
-4.32634
 20
9.39867
 30
0.0
 10
-4.43776
 20
7.38693
 30
0.0
 10
-4.95733
 20
5.29499
 30
0.0
 10
-5.88505
 20
3.12287
 30
0.0
 10
-6.323
 20
3.60546
 30
0.0
 10
-6.84828
 20
3.97408
 30
0.0
 10
-7.46092
 20
4.22874
 30
0.0
 10
-7.06387
 20
7.25164
 30
0.0
 10
-6.53397
 20
9.53711
 30
0.0
 10
-5.87121
 20
11.08514
 30
0.0
 10
-5.42369
 20
12.02345
 30
0.0
 10
-5.03317
 20
12.14555
 30
0.0
 10
-4.69964
 20
11.45145
 30
0.0
 10
-4.44707
 20
10.83765
 30
0.0
 10
-4.32264
 20
10.1534
 30
0.0
 10
-4.32634
 20
9.39867
 30
0.0
  0
SPLINE
  5
EA
330
1F
100
AcDbEntity
  8
Plan 1
 62
   250
370
    20
100
AcDbSpline
210
0.0
220
0.0
230
1.0
 70
    11
 71
     3
 72
    14
 73
    10
 74
     0
 42
0.0000000001
 43
0.0000000001
 40
0.0
 40
0.0
 40
0.0
 40
0.0
 40
0.3333333333333333
 40
0.3333333333333333
 40
0.3333333333333333
 40
0.6666666666666666
 40
0.6666666666666666
 40
0.6666666666666666
 40
1.0
 40
1.0
 40
1.0
 40
1.0
 10
-7.71859
 20
2.65693
 30
0.0
 10
-7.73993
 20
2.53295
 30
0.0
 10
-7.71977
 20
2.42352
 30
0.0
 10
-7.65812
 20
2.32862
 30
0.0
 10
-7.80328
 20
2.29348
 30
0.0
 10
-7.92308
 20
2.21803
 30
0.0
 10
-8.01752
 20
2.10226
 30
0.0
 10
-8.15117
 20
2.23624
 30
0.0
 10
-7.86707
 20
2.88819
 30
0.0
 10
-7.71859
 20
2.65693
 30
0.0
  0
SPLINE
  5
EB
330
1F
100
AcDbEntity
  8
Plan 1
 62
   250
370
    20
100
AcDbSpline
210
0.0
220
0.0
230
1.0
 70
    11
 71
     3
 72
    17
 73
    13
 74
     0
 42
0.0000000001
 43
0.0000000001
 40
0.0
 40
0.0
 40
0.0
 40
0.0
 40
0.25
 40
0.25
 40
0.25
 40
0.5
 40
0.5
 40
0.5
 40
0.75
 40
0.75
 40
0.75
 40
1.0
 40
1.0
 40
1.0
 40
1.0
 10
-7.53365
 20
3.61764
 30
0.0
 10
-7.36646
 20
3.8685
 30
0.0
 10
-6.9874
 20
3.54096
 30
0.0
 10
-6.83902
 20
3.41028
 30
0.0
 10
-6.79161
 20
3.28817
 30
0.0
 10
-6.84575
 20
3.22943
 30
0.0
 10
-7.00145
 20
3.23403
 30
0.0
 10
-7.44321
 20
3.24922
 30
0.0
 10
-7.55961
 20
2.89216
 30
0.0
 10
-7.67534
 20
3.19774
 30
0.0
 10
-7.65473
 20
3.3884
 30
0.0
 10
-7.6075
 20
3.52837
 30
0.0
 10
-7.53365
 20
3.61764
 30
0.0
  0
SPLINE
  5
EC
330
1F
100
AcDbEntity
  8
Plan 1
 62
   250
370
    20
100
AcDbSpline
210
0.0
220
0.0
230
1.0
 70
    11
 71
     3
 72
    14
 73
    10
 74
     0
 42
0.0000000001
 43
0.0000000001
 40
0.0
 40
0.0
 40
0.0
 40
0.0
 40
0.3333333333333333
 40
0.3333333333333333
 40
0.3333333333333333
 40
0.6666666666666666
 40
0.6666666666666666
 40
0.6666666666666666
 40
1.0
 40
1.0
 40
1.0
 40
1.0
 10
1.25456
 20
-7.33834
 30
0.0
 10
3.75197
 20
-5.51662
 30
0.0
 10
5.94068
 20
-4.68261
 30
0.0
 10
7.8207
 20
-4.83629
 30
0.0
 10
6.68065
 20
-6.60896
 30
0.0
 10
4.31223
 20
-7.9913
 30
0.0
 10
0.71545
 20
-8.98333
 30
0.0
 10
0.74658
 20
-8.67868
 30
0.0
 10
0.92628
 20
-8.13036
 30
0.0
 10
1.25456
 20
-7.33834
 30
0.0
  0
SPLINE
  5
ED
330
1F
100
AcDbEntity
  8
Plan 1
 62
   250
370
    20
100
AcDbSpline
210
0.0
220
0.0
230
1.0
 70
    11
 71
     3
 72
    14
 73
    10
 74
     0
 42
0.0000000001
 43
0.0000000001
 40
0.0
 40
0.0
 40
0.0
 40
0.0
 40
0.3333333333333333
 40
0.3333333333333333
 40
0.3333333333333333
 40
0.6666666666666666
 40
0.6666666666666666
 40
0.6666666666666666
 40
1.0
 40
1.0
 40
1.0
 40
1.0
 10
0.03462
 20
-10.33461
 30
0.0
 10
0.03949
 20
-9.88851
 30
0.0
 10
0.30214
 20
-9.49686
 30
0.0
 10
0.82255
 20
-9.15962
 30
0.0
 10
3.33273
 20
-8.2761
 30
0.0
 10
4.97542
 20
-8.07566
 30
0.0
 10
5.75061
 20
-8.5583
 30
0.0
 10
5.44073
 20
-9.5737
 30
0.0
 10
3.53539
 20
-10.16581
 30
0.0
 10
0.03462
 20
-10.33461
 30
0.0
  0
SPLINE
  5
EE
330
1F
100
AcDbEntity
  8
Plan 1
 62
   250
370
    20
100
AcDbSpline
210
0.0
220
0.0
230
1.0
 70
    11
 71
     3
 72
    17
 73
    13
 74
     0
 42
0.0000000001
 43
0.0000000001
 40
0.0
 40
0.0
 40
0.0
 40
0.0
 40
0.25
 40
0.25
 40
0.25
 40
0.5
 40
0.5
 40
0.5
 40
0.75
 40
0.75
 40
0.75
 40
1.0
 40
1.0
 40
1.0
 40
1.0
 10
-0.17276
 20
-10.58343
 30
0.0
 10
2.04301
 20
-10.4538
 30
0.0
 10
3.21109
 20
-10.61738
 30
0.0
 10
3.33148
 20
-11.07417
 30
0.0
 10
2.85172
 20
-11.91177
 30
0.0
 10
1.41638
 20
-12.37024
 30
0.0
 10
-0.97453
 20
-12.44961
 30
0.0
 10
-1.18219
 20
-12.44751
 30
0.0
 10
-1.24439
 20
-12.36688
 30
0.0
 10
-1.16115
 20
-12.20769
 30
0.0
 10
-0.79596
 20
-11.7583
 30
0.0
 10
-0.4665
 20
-11.21688
 30
0.0
 10
-0.17276
 20
-10.58343
 30
0.0
  0
SPLINE
  5
EF
330
1F
100
AcDbEntity
  8
Plan 1
 62
   250
370
    20
100
AcDbSpline
210
0.0
220
0.0
230
1.0
 70
    11
 71
     3
 72
     8
 73
     4
 74
     0
 42
0.0000000001
 43
0.0000000001
 40
0.0
 40
0.0
 40
0.0
 40
0.0
 40
1.0
 40
1.0
 40
1.0
 40
1.0
 10
-2.77488
 20
-17.07956
 30
0.0
 10
-4.0636
 20
-17.26995
 30
0.0
 10
-2.9154
 20
-15.88838
 30
0.0
 10
-2.77488
 20
-17.07956
 30
0.0
  0
SPLINE
  5
F0
330
1F
100
AcDbEntity
  8
Plan 1
 62
   250
370
    20
100
AcDbSpline
210
0.0
220
0.0
230
1.0
 70
    11
 71
     3
 72
    11
 73
     7
 74
     0
 42
0.0000000001
 43
0.0000000001
 40
0.0
 40
0.0
 40
0.0
 40
0.0
 40
0.5
 40
0.5
 40
0.5
 40
1.0
 40
1.0
 40
1.0
 40
1.0
 10
-1.42013
 20
-16.19484
 30
0.0
 10
-1.19996
 20
-16.08956
 30
0.0
 10
-1.05481
 20
-16.18633
 30
0.0
 10
-0.98468
 20
-16.48514
 30
0.0
 10
-1.25065
 20
-16.47586
 30
0.0
 10
-1.3958
 20
-16.37909
 30
0.0
 10
-1.42013
 20
-16.19484
 30
0.0
  0
SPLINE
  5
F1
330
1F
100
AcDbEntity
  8
Plan 1
 62
   250
370
    20
100
AcDbSpline
210
0.0
220
0.0
230
1.0
 70
    11
 71
     3
 72
    17
 73
    13
 74
     0
 42
0.0000000001
 43
0.0000000001
 40
0.0
 40
0.0
 40
0.0
 40
0.0
 40
0.25
 40
0.25
 40
0.25
 40
0.5
 40
0.5
 40
0.5
 40
0.75
 40
0.75
 40
0.75
 40
1.0
 40
1.0
 40
1.0
 40
1.0
 10
-5.65015
 20
13.33495
 30
0.0
 10
-5.50518
 20
13.19974
 30
0.0
 10
-5.53514
 20
12.96013
 30
0.0
 10
-5.74001
 20
12.61613
 30
0.0
 10
-6.12446
 20
11.84289
 30
0.0
 10
-6.41245
 20
11.08952
 30
0.0
 10
-6.60397
 20
10.35599
 30
0.0
 10
-6.66622
 20
10.09477
 30
0.0
 10
-6.68926
 20
10.05791
 30
0.0
 10
-6.67309
 20
10.2454
 30
0.0
 10
-6.52102
 20
12.04027
 30
0.0
 10
-6.18004
 20
13.07012
 30
0.0
 10
-5.65015
 20
13.33495
 30
0.0
  0
SPLINE
  5
F2
330
1F
100
AcDbEntity
  8
Plan 1
 62
   250
370
    20
100
AcDbSpline
210
0.0
220
0.0
230
1.0
 70
    11
 71
     3
 72
    11
 73
     7
 74
     0
 42
0.0000000001
 43
0.0000000001
 40
0.0
 40
0.0
 40
0.0
 40
0.0
 40
0.5
 40
0.5
 40
0.5
 40
1.0
 40
1.0
 40
1.0
 40
1.0
 10
-3.90468
 20
8.3688
 30
0.0
 10
-3.70204
 20
8.29438
 30
0.0
 10
-3.83106
 20
7.78292
 30
0.0
 10
-4.29173
 20
6.83441
 30
0.0
 10
-4.29115
 20
7.90456
 30
0.0
 10
-4.16213
 20
8.41603
 30
0.0
 10
-3.90468
 20
8.3688
 30
0.0
  0
SPLINE
  5
F3
330
1F
100
AcDbEntity
  8
Plan 1
 62
   250
370
    20
100
AcDbSpline
210
0.0
220
0.0
230
1.0
 70
    11
 71
     3
 72
    17
 73
    13
 74
     0
 42
0.0000000001
 43
0.0000000001
 40
0.0
 40
0.0
 40
0.0
 40
0.0
 40
0.25
 40
0.25
 40
0.25
 40
0.5
 40
0.5
 40
0.5
 40
0.75
 40
0.75
 40
0.75
 40
1.0
 40
1.0
 40
1.0
 40
1.0
 10
-3.56959
 20
9.58509
 30
0.0
 10
-3.44743
 20
9.58509
 30
0.0
 10
-3.34841
 20
9.46131
 30
0.0
 10
-3.34841
 20
9.30863
 30
0.0
 10
-3.34841
 20
9.15594
 30
0.0
 10
-3.44743
 20
9.03216
 30
0.0
 10
-3.56959
 20
9.03216
 30
0.0
 10
-3.69174
 20
9.03216
 30
0.0
 10
-3.79076
 20
9.15594
 30
0.0
 10
-3.79076
 20
9.30863
 30
0.0
 10
-3.79076
 20
9.46131
 30
0.0
 10
-3.69174
 20
9.58509
 30
0.0
 10
-3.56959
 20
9.58509
 30
0.0
  0
SPLINE
  5
F4
330
1F
100
AcDbEntity
  8
Plan 1
 62
   250
370
    20
100
AcDbSpline
210
0.0
220
0.0
230
1.0
 70
    11
 71
     3
 72
    17
 73
    13
 74
     0
 42
0.0000000001
 43
0.0000000001
 40
0.0
 40
0.0
 40
0.0
 40
0.0
 40
0.25
 40
0.25
 40
0.25
 40
0.5
 40
0.5
 40
0.5
 40
0.75
 40
0.75
 40
0.75
 40
1.0
 40
1.0
 40
1.0
 40
1.0
 10
8.93364
 20
-1.21794
 30
0.0
 10
9.1016
 20
-1.21794
 30
0.0
 10
9.23776
 20
-1.33244
 30
0.0
 10
9.23776
 20
-1.47367
 30
0.0
 10
9.23776
 20
-1.61491
 30
0.0
 10
9.1016
 20
-1.72941
 30
0.0
 10
8.93364
 20
-1.72941
 30
0.0
 10
8.76568
 20
-1.72941
 30
0.0
 10
8.62952
 20
-1.61491
 30
0.0
 10
8.62952
 20
-1.47367
 30
0.0
 10
8.62952
 20
-1.33244
 30
0.0
 10
8.76568
 20
-1.21794
 30
0.0
 10
8.93364
 20
-1.21794
 30
0.0
  0
SPLINE
  5
F5
330
1F
100
AcDbEntity
  8
Plan 1
 62
   250
370
    20
100
AcDbSpline
210
0.0
220
0.0
230
1.0
 70
    11
 71
     3
 72
    14
 73
    10
 74
     0
 42
0.0000000001
 43
0.0000000001
 40
0.0
 40
0.0
 40
0.0
 40
0.0
 40
0.3333333333333333
 40
0.3333333333333333
 40
0.3333333333333333
 40
0.6666666666666666
 40
0.6666666666666666
 40
0.6666666666666666
 40
1.0
 40
1.0
 40
1.0
 40
1.0
 10
7.78962
 20
-3.58523
 30
0.0
 10
8.61771
 20
-2.96218
 30
0.0
 10
9.15683
 20
-2.73179
 30
0.0
 10
9.40697
 20
-2.89406
 30
0.0
 10
9.73676
 20
-3.35051
 30
0.0
 10
9.20686
 20
-3.66384
 30
0.0
 10
7.81727
 20
-3.83406
 30
0.0
 10
7.52213
 20
-3.79543
 30
0.0
 10
7.51291
 20
-3.71248
 30
0.0
 10
7.78962
 20
-3.58523
 30
0.0
  0
SPLINE
  5
F6
330
1F
100
AcDbEntity
  8
Plan 1
 62
   250
370
    20
100
AcDbSpline
210
0.0
220
0.0
230
1.0
 70
    11
 71
     3
 72
    17
 73
    13
 74
     0
 42
0.0000000001
 43
0.0000000001
 40
0.0
 40
0.0
 40
0.0
 40
0.0
 40
0.25
 40
0.25
 40
0.25
 40
0.5
 40
0.5
 40
0.5
 40
0.75
 40
0.75
 40
0.75
 40
1.0
 40
1.0
 40
1.0
 40
1.0
 10
6.2241
 20
-4.40774
 30
0.0
 10
7.39348
 20
-3.93962
 30
0.0
 10
8.25053
 20
-3.86129
 30
0.0
 10
8.79526
 20
-4.17274
 30
0.0
 10
8.81417
 20
-4.32389
 30
0.0
 10
8.66441
 20
-4.38609
 30
0.0
 10
8.346
 20
-4.35936
 30
0.0
 10
7.57136
 20
-4.36021
 30
0.0
 10
6.97926
 20
-4.42242
 30
0.0
 10
6.56969
 20
-4.54598
 30
0.0
 10
6.18488
 20
-4.58857
 30
0.0
 10
6.06968
 20
-4.54249
 30
0.0
 10
6.2241
 20
-4.40774
 30
0.0
  0
SPLINE
  5
F7
330
1F
100
AcDbEntity
  8
Plan 1
 62
   250
370
    20
100
AcDbSpline
210
0.0
220
0.0
230
1.0
 70
    11
 71
     3
 72
    17
 73
    13
 74
     0
 42
0.0000000001
 43
0.0000000001
 40
0.0
 40
0.0
 40
0.0
 40
0.0
 40
0.25
 40
0.25
 40
0.25
 40
0.5
 40
0.5
 40
0.5
 40
0.75
 40
0.75
 40
0.75
 40
1.0
 40
1.0
 40
1.0
 40
1.0
 10
6.24828
 20
-7.28305
 30
0.0
 10
6.91338
 20
-6.85189
 30
0.0
 10
7.50548
 20
-6.60537
 30
0.0
 10
8.02459
 20
-6.5435
 30
0.0
 10
8.52482
 20
-6.61073
 30
0.0
 10
8.54326
 20
-6.79964
 30
0.0
 10
8.07989
 20
-7.11026
 30
0.0
 10
7.54061
 20
-7.25851
 30
0.0
 10
6.95081
 20
-7.36679
 30
0.0
 10
6.31049
 20
-7.43511
 30
0.0
 10
6.0966
 20
-7.45451
 30
0.0
 10
6.07587
 20
-7.40383
 30
0.0
 10
6.24828
 20
-7.28305
 30
0.0
  0
SPLINE
  5
F8
330
1F
100
AcDbEntity
  8
Plan 1
 62
   250
370
    20
100
AcDbSpline
210
0.0
220
0.0
230
1.0
 70
    11
 71
     3
 72
    17
 73
    13
 74
     0
 42
0.0000000001
 43
0.0000000001
 40
0.0
 40
0.0
 40
0.0
 40
0.0
 40
0.25
 40
0.25
 40
0.25
 40
0.5
 40
0.5
 40
0.5
 40
0.75
 40
0.75
 40
0.75
 40
1.0
 40
1.0
 40
1.0
 40
1.0
 10
6.41091
 20
-8.95989
 30
0.0
 10
6.6094
 20
-8.95989
 30
0.0
 10
6.77032
 20
-9.11462
 30
0.0
 10
6.77032
 20
-9.30548
 30
0.0
 10
6.77032
 20
-9.49634
 30
0.0
 10
6.6094
 20
-9.65106
 30
0.0
 10
6.41091
 20
-9.65106
 30
0.0
 10
6.21242
 20
-9.65106
 30
0.0
 10
6.0515
 20
-9.49634
 30
0.0
 10
6.0515
 20
-9.30548
 30
0.0
 10
6.0515
 20
-9.11462
 30
0.0
 10
6.21242
 20
-8.95989
 30
0.0
 10
6.41091
 20
-8.95989
 30
0.0
  0
SPLINE
  5
F9
330
1F
100
AcDbEntity
  8
Plan 1
 62
   250
370
    20
100
AcDbSpline
210
0.0
220
0.0
230
1.0
 70
    11
 71
     3
 72
    17
 73
    13
 74
     0
 42
0.0000000001
 43
0.0000000001
 40
0.0
 40
0.0
 40
0.0
 40
0.0
 40
0.25
 40
0.25
 40
0.25
 40
0.5
 40
0.5
 40
0.5
 40
0.75
 40
0.75
 40
0.75
 40
1.0
 40
1.0
 40
1.0
 40
1.0
 10
8.62266
 20
-5.0816
 30
0.0
 10
8.77916
 20
-5.0816
 30
0.0
 10
8.90603
 20
-5.19919
 30
0.0
 10
8.90603
 20
-5.34424
 30
0.0
 10
8.90603
 20
-5.4893
 30
0.0
 10
8.77916
 20
-5.60689
 30
0.0
 10
8.62266
 20
-5.60689
 30
0.0
 10
8.46616
 20
-5.60689
 30
0.0
 10
8.33928
 20
-5.4893
 30
0.0
 10
8.33928
 20
-5.34424
 30
0.0
 10
8.33928
 20
-5.19919
 30
0.0
 10
8.46616
 20
-5.0816
 30
0.0
 10
8.62266
 20
-5.0816
 30
0.0
  0
SPLINE
  5
FA
330
1F
100
AcDbEntity
  8
Plan 1
 62
   250
370
    20
100
AcDbSpline
210
0.0
220
0.0
230
1.0
 70
    11
 71
     3
 72
    17
 73
    13
 74
     0
 42
0.0000000001
 43
0.0000000001
 40
0.0
 40
0.0
 40
0.0
 40
0.0
 40
0.25
 40
0.25
 40
0.25
 40
0.5
 40
0.5
 40
0.5
 40
0.75
 40
0.75
 40
0.75
 40
1.0
 40
1.0
 40
1.0
 40
1.0
 10
8.71937
 20
2.34158
 30
0.0
 10
8.83007
 20
2.34158
 30
0.0
 10
8.91981
 20
2.25494
 30
0.0
 10
8.91981
 20
2.14806
 30
0.0
 10
8.91981
 20
2.04118
 30
0.0
 10
8.83007
 20
1.95454
 30
0.0
 10
8.71937
 20
1.95454
 30
0.0
 10
8.60868
 20
1.95454
 30
0.0
 10
8.51894
 20
2.04118
 30
0.0
 10
8.51894
 20
2.14806
 30
0.0
 10
8.51894
 20
2.25494
 30
0.0
 10
8.60868
 20
2.34158
 30
0.0
 10
8.71937
 20
2.34158
 30
0.0
  0
SPLINE
  5
FB
330
1F
100
AcDbEntity
  8
Plan 1
 62
   250
370
    20
100
AcDbSpline
210
0.0
220
0.0
230
1.0
 70
    11
 71
     3
 72
    17
 73
    13
 74
     0
 42
0.0000000001
 43
0.0000000001
 40
0.0
 40
0.0
 40
0.0
 40
0.0
 40
0.25
 40
0.25
 40
0.25
 40
0.5
 40
0.5
 40
0.5
 40
0.75
 40
0.75
 40
0.75
 40
1.0
 40
1.0
 40
1.0
 40
1.0
 10
8.60525
 20
0.60677
 30
0.0
 10
9.10152
 20
0.58096
 30
0.0
 10
9.18215
 20
0.40356
 30
0.0
 10
8.84716
 20
0.07456
 30
0.0
 10
8.29491
 20
-0.09592
 30
0.0
 10
7.83643
 20
-0.19038
 30
0.0
 10
7.47173
 20
-0.20882
 30
0.0
 10
7.21381
 20
-0.28607
 30
0.0
 10
7.17925
 20
-0.2446
 30
0.0
 10
7.36806
 20
-0.08441
 30
0.0
 10
7.63722
 20
0.18028
 30
0.0
 10
8.04962
 20
0.41067
 30
0.0
 10
8.60525
 20
0.60677
 30
0.0
  0
SPLINE
  5
FC
330
1F
100
AcDbEntity
  8
Plan 1
 62
   250
370
    20
100
AcDbSpline
210
0.0
220
0.0
230
1.0
 70
    11
 71
     3
 72
    17
 73
    13
 74
     0
 42
0.0000000001
 43
0.0000000001
 40
0.0
 40
0.0
 40
0.0
 40
0.0
 40
0.25
 40
0.25
 40
0.25
 40
0.5
 40
0.5
 40
0.5
 40
0.75
 40
0.75
 40
0.75
 40
1.0
 40
1.0
 40
1.0
 40
1.0
 10
7.87261
 20
-0.37817
 30
0.0
 10
8.36147
 20
-0.49008
 30
0.0
 10
8.3799
 20
-0.66748
 30
0.0
 10
7.9279
 20
-0.91038
 30
0.0
 10
7.23582
 20
-0.92195
 30
0.0
 10
6.63911
 20
-1.00028
 30
0.0
 10
6.13776
 20
-1.14538
 30
0.0
 10
5.7247
 20
-1.22379
 30
0.0
 10
5.67946
 20
-1.15017
 30
0.0
 10
6.00204
 20
-0.92448
 30
0.0
 10
6.61468
 20
-0.54806
 30
0.0
 10
7.23821
 20
-0.36596
 30
0.0
 10
7.87261
 20
-0.37817
 30
0.0
  0
SPLINE
  5
FD
330
1F
100
AcDbEntity
  8
Plan 1
 62
   250
370
    20
100
AcDbSpline
210
0.0
220
0.0
230
1.0
 70
    11
 71
     3
 72
    17
 73
    13
 74
     0
 42
0.0000000001
 43
0.0000000001
 40
0.0
 40
0.0
 40
0.0
 40
0.0
 40
0.25
 40
0.25
 40
0.25
 40
0.5
 40
0.5
 40
0.5
 40
0.75
 40
0.75
 40
0.75
 40
1.0
 40
1.0
 40
1.0
 40
1.0
 10
6.47639
 20
-3.91699
 30
0.0
 10
6.82041
 20
-3.45115
 30
0.0
 10
7.16829
 20
-3.08022
 30
0.0
 10
7.52006
 20
-2.8042
 30
0.0
 10
7.83536
 20
-2.70212
 30
0.0
 10
7.97359
 20
-2.77815
 30
0.0
 10
7.93477
 20
-3.03229
 30
0.0
 10
7.69107
 20
-3.36032
 30
0.0
 10
7.24872
 20
-3.68979
 30
0.0
 10
6.60771
 20
-4.02067
 30
0.0
 10
6.27691
 20
-4.18763
 30
0.0
 10
6.23313
 20
-4.15307
 30
0.0
 10
6.47639
 20
-3.91699
 30
0.0
  0
SPLINE
  5
FE
330
1F
100
AcDbEntity
  8
Plan 1
 62
   250
370
    20
100
AcDbSpline
210
0.0
220
0.0
230
1.0
 70
    11
 71
     3
 72
    14
 73
    10
 74
     0
 42
0.0000000001
 43
0.0000000001
 40
0.0
 40
0.0
 40
0.0
 40
0.0
 40
0.3333333333333333
 40
0.3333333333333333
 40
0.3333333333333333
 40
0.6666666666666666
 40
0.6666666666666666
 40
0.6666666666666666
 40
1.0
 40
1.0
 40
1.0
 40
1.0
 10
5.5813
 20
-7.31761
 30
0.0
 10
6.05838
 20
-6.71775
 30
0.0
 10
6.48
 20
-6.45972
 30
0.0
 10
6.84614
 20
-6.54349
 30
0.0
 10
6.89809
 20
-6.76855
 30
0.0
 10
6.53638
 20
-7.04272
 30
0.0
 10
5.761
 20
-7.36598
 30
0.0
 10
5.60728
 20
-7.44975
 30
0.0
 10
5.54738
 20
-7.43363
 30
0.0
 10
5.5813
 20
-7.31761
 30
0.0
  0
SPLINE
  5
FF
330
1F
100
AcDbEntity
  8
Plan 1
 62
   250
370
    20
100
AcDbSpline
210
0.0
220
0.0
230
1.0
 70
    11
 71
     3
 72
    17
 73
    13
 74
     0
 42
0.0000000001
 43
0.0000000001
 40
0.0
 40
0.0
 40
0.0
 40
0.0
 40
0.25
 40
0.25
 40
0.25
 40
0.5
 40
0.5
 40
0.5
 40
0.75
 40
0.75
 40
0.75
 40
1.0
 40
1.0
 40
1.0
 40
1.0
 10
5.46724
 20
-7.78418
 30
0.0
 10
6.46064
 20
-7.65237
 30
0.0
 10
6.9963
 20
-7.78715
 30
0.0
 10
7.07422
 20
-8.18851
 30
0.0
 10
7.0563
 20
-8.34719
 30
0.0
 10
6.91346
 20
-8.4117
 30
0.0
 10
6.64569
 20
-8.38204
 30
0.0
 10
6.27963
 20
-8.17102
 30
0.0
 10
5.86607
 20
-8.0443
 30
0.0
 10
5.40503
 20
-8.00189
 30
0.0
 10
5.11824
 20
-7.90249
 30
0.0
 10
5.13897
 20
-7.82992
 30
0.0
 10
5.46724
 20
-7.78418
 30
0.0
  0
SPLINE
  5
100
330
1F
100
AcDbEntity
  8
Plan 1
 62
   250
370
    20
100
AcDbSpline
210
0.0
220
0.0
230
1.0
 70
    11
 71
     3
 72
    14
 73
    10
 74
     0
 42
0.0000000001
 43
0.0000000001
 40
0.0
 40
0.0
 40
0.0
 40
0.0
 40
0.3333333333333333
 40
0.3333333333333333
 40
0.3333333333333333
 40
0.6666666666666666
 40
0.6666666666666666
 40
0.6666666666666666
 40
1.0
 40
1.0
 40
1.0
 40
1.0
 10
3.98468
 20
-10.01321
 30
0.0
 10
4.36462
 20
-9.75129
 30
0.0
 10
4.72519
 20
-9.63839
 30
0.0
 10
5.06636
 20
-9.67453
 30
0.0
 10
5.14708
 20
-9.78257
 30
0.0
 10
5.06299
 20
-9.87011
 30
0.0
 10
4.81409
 20
-9.93718
 30
0.0
 10
4.51579
 20
-9.99261
 30
0.0
 10
4.23932
 20
-10.01796
 30
0.0
 10
3.98468
 20
-10.01321
 30
0.0
  0
SPLINE
  5
101
330
1F
100
AcDbEntity
  8
Plan 1
 62
   250
370
    20
100
AcDbSpline
210
0.0
220
0.0
230
1.0
 70
    11
 71
     3
 72
    14
 73
    10
 74
     0
 42
0.0000000001
 43
0.0000000001
 40
0.0
 40
0.0
 40
0.0
 40
0.0
 40
0.3333333333333333
 40
0.3333333333333333
 40
0.3333333333333333
 40
0.6666666666666666
 40
0.6666666666666666
 40
0.6666666666666666
 40
1.0
 40
1.0
 40
1.0
 40
1.0
 10
3.7635
 20
-10.16527
 30
0.0
 10
5.05698
 20
-10.05761
 30
0.0
 10
5.66982
 20
-10.20161
 30
0.0
 10
5.60203
 20
-10.59726
 30
0.0
 10
5.31887
 20
-10.6817
 30
0.0
 10
4.68069
 20
-10.61834
 30
0.0
 10
3.68747
 20
-10.40718
 30
0.0
 10
3.36898
 20
-10.30841
 30
0.0
 10
3.39432
 20
-10.22778
 30
0.0
 10
3.7635
 20
-10.16527
 30
0.0
  0
SPLINE
  5
102
330
1F
100
AcDbEntity
  8
Plan 1
 62
   250
370
    20
100
AcDbSpline
210
0.0
220
0.0
230
1.0
 70
    11
 71
     3
 72
    17
 73
    13
 74
     0
 42
0.0000000001
 43
0.0000000001
 40
0.0
 40
0.0
 40
0.0
 40
0.0
 40
0.25
 40
0.25
 40
0.25
 40
0.5
 40
0.5
 40
0.5
 40
0.75
 40
0.75
 40
0.75
 40
1.0
 40
1.0
 40
1.0
 40
1.0
 10
3.02739
 20
-10.37608
 30
0.0
 10
3.86667
 20
-10.51163
 30
0.0
 10
4.25027
 20
-10.80078
 30
0.0
 10
4.1782
 20
-11.24351
 30
0.0
 10
4.09009
 20
-11.27084
 30
0.0
 10
3.99563
 20
-11.26623
 30
0.0
 10
3.89482
 20
-11.22968
 30
0.0
 10
3.64173
 20
-10.94713
 30
0.0
 10
3.30536
 20
-10.73287
 30
0.0
 10
2.8857
 20
-10.58688
 30
0.0
 10
2.66619
 20
-10.4788
 30
0.0
 10
2.71342
 20
-10.40853
 30
0.0
 10
3.02739
 20
-10.37608
 30
0.0
  0
SPLINE
  5
103
330
1F
100
AcDbEntity
  8
Plan 1
 62
   250
370
    20
100
AcDbSpline
210
0.0
220
0.0
230
1.0
 70
    11
 71
     3
 72
     8
 73
     4
 74
     0
 42
0.0000000001
 43
0.0000000001
 40
0.0
 40
0.0
 40
0.0
 40
0.0
 40
1.0
 40
1.0
 40
1.0
 40
1.0
 10
-8.73324
 20
-1.50536
 30
0.0
 10
-9.40122
 20
-0.5237
 30
0.0
 10
-7.62144
 20
-2.07388
 30
0.0
 10
-8.73324
 20
-1.50536
 30
0.0
  0
SPLINE
  5
104
330
1F
100
AcDbEntity
  8
Plan 1
 62
   250
370
    20
100
AcDbSpline
210
0.0
220
0.0
230
1.0
 70
    11
 71
     3
 72
    20
 73
    16
 74
     0
 42
0.0000000001
 43
0.0000000001
 40
0.0
 40
0.0
 40
0.0
 40
0.0
 40
0.2
 40
0.2
 40
0.2
 40
0.4
 40
0.4
 40
0.4
 40
0.6000000000000001
 40
0.6000000000000001
 40
0.6000000000000001
 40
0.8
 40
0.8
 40
0.8
 40
1.0
 40
1.0
 40
1.0
 40
1.0
 10
-17.42438
 20
-7.81872
 30
0.0
 10
-15.76962
 20
-5.77804
 30
0.0
 10
-13.77905
 20
-5.80569
 30
0.0
 10
-11.45265
 20
-7.90167
 30
0.0
 10
-11.04198
 20
-8.13866
 30
0.0
 10
-10.59962
 20
-8.30916
 30
0.0
 10
-10.12561
 20
-8.41314
 30
0.0
 10
-11.30704
 20
-8.47948
 30
0.0
 10
-12.694
 20
-8.3136
 30
0.0
 10
-14.28646
 20
-7.91549
 30
0.0
 10
-14.67836
 20
-7.17257
 30
0.0
 10
-15.16218
 20
-7.12189
 30
0.0
 10
-15.73792
 20
-7.76343
 30
0.0
 10
-16.75205
 20
-7.83107
 30
0.0
 10
-17.31421
 20
-7.84949
 30
0.0
 10
-17.42438
 20
-7.81872
 30
0.0
  0
SPLINE
  5
105
330
1F
100
AcDbEntity
  8
Plan 1
 62
   250
370
    20
100
AcDbSpline
210
0.0
220
0.0
230
1.0
 70
    11
 71
     3
 72
    41
 73
    37
 74
     0
 42
0.0000000001
 43
0.0000000001
 40
0.0
 40
0.0
 40
0.0
 40
0.0
 40
0.0833333333333333
 40
0.0833333333333333
 40
0.0833333333333333
 40
0.1666666666666667
 40
0.1666666666666667
 40
0.1666666666666667
 40
0.25
 40
0.25
 40
0.25
 40
0.3333333333333333
 40
0.3333333333333333
 40
0.3333333333333333
 40
0.4166666666666666
 40
0.4166666666666666
 40
0.4166666666666666
 40
0.5
 40
0.5
 40
0.5
 40
0.5833333333333333
 40
0.5833333333333333
 40
0.5833333333333333
 40
0.6666666666666666
 40
0.6666666666666666
 40
0.6666666666666666
 40
0.75
 40
0.75
 40
0.75
 40
0.8333333333333333
 40
0.8333333333333333
 40
0.8333333333333333
 40
0.9166666666666666
 40
0.9166666666666666
 40
0.9166666666666666
 40
1.0
 40
1.0
 40
1.0
 40
1.0
 10
-5.12533
 20
-1.74796
 30
0.0
 10
-4.92453
 20
-1.59266
 30
0.0
 10
-4.79782
 20
-1.57077
 30
0.0
 10
-4.74518
 20
-1.68231
 30
0.0
 10
-4.74875
 20
-1.76989
 30
0.0
 10
-4.84435
 20
-1.88278
 30
0.0
 10
-5.03198
 20
-2.02098
 30
0.0
 10
-6.07867
 20
-2.94729
 30
0.0
 10
-6.86432
 20
-3.77325
 30
0.0
 10
-7.38895
 20
-4.49883
 30
0.0
 10
-7.41219
 20
-4.06151
 30
0.0
 10
-7.38225
 20
-3.73897
 30
0.0
 10
-7.2991
 20
-3.53119
 30
0.0
 10
-7.2103
 20
-3.81377
 30
0.0
 10
-7.12506
 20
-3.66402
 30
0.0
 10
-7.04337
 20
-3.08192
 30
0.0
 10
-6.87658
 20
-3.25714
 30
0.0
 10
-6.75447
 20
-3.07283
 30
0.0
 10
-6.67705
 20
-2.52899
 30
0.0
 10
-6.56364
 20
-2.71234
 30
0.0
 10
-6.46687
 20
-2.66281
 30
0.0
 10
-6.38673
 20
-2.38039
 30
0.0
 10
-6.3394
 20
-2.24168
 30
0.0
 10
-6.26798
 20
-2.24168
 30
0.0
 10
-6.17247
 20
-2.38039
 30
0.0
 10
-6.0803
 20
-2.05101
 30
0.0
 10
-5.95128
 20
-1.90932
 30
0.0
 10
-5.78542
 20
-1.95531
 30
0.0
 10
-5.68487
 20
-1.75274
 30
0.0
 10
-5.59501
 20
-1.69975
 30
0.0
 10
-5.51584
 20
-1.79635
 30
0.0
 10
-5.45147
 20
-1.83608
 30
0.0
 10
-5.34895
 20
-1.76581
 30
0.0
 10
-5.20827
 20
-1.58554
 30
0.0
 10
-5.10236
 20
-1.57594
 30
0.0
 10
-5.07472
 20
-1.63009
 30
0.0
 10
-5.12533
 20
-1.74796
 30
0.0
  0
SPLINE
  5
106
330
1F
100
AcDbEntity
  8
Plan 1
 62
   250
370
    20
100
AcDbSpline
210
0.0
220
0.0
230
1.0
 70
    11
 71
     3
 72
    14
 73
    10
 74
     0
 42
0.0000000001
 43
0.0000000001
 40
0.0
 40
0.0
 40
0.0
 40
0.0
 40
0.3333333333333333
 40
0.3333333333333333
 40
0.3333333333333333
 40
0.6666666666666666
 40
0.6666666666666666
 40
0.6666666666666666
 40
1.0
 40
1.0
 40
1.0
 40
1.0
 10
-1.89675
 20
2.56628
 30
0.0
 10
-1.73555
 20
2.44282
 30
0.0
 10
-1.80928
 20
2.14101
 30
0.0
 10
-2.11792
 20
1.66084
 30
0.0
 10
-2.28192
 20
1.41524
 30
0.0
 10
-2.42707
 20
1.25397
 30
0.0
 10
-2.55337
 20
1.17702
 30
0.0
 10
-2.36178
 20
1.96487
 30
0.0
 10
-2.14291
 20
2.42796
 30
0.0
 10
-1.89675
 20
2.56628
 30
0.0
  0
SPLINE
  5
107
330
1F
100
AcDbEntity
  8
Plan 1
 62
   250
370
    20
100
AcDbSpline
210
0.0
220
0.0
230
1.0
 70
    11
 71
     3
 72
    17
 73
    13
 74
     0
 42
0.0000000001
 43
0.0000000001
 40
0.0
 40
0.0
 40
0.0
 40
0.0
 40
0.25
 40
0.25
 40
0.25
 40
0.5
 40
0.5
 40
0.5
 40
0.75
 40
0.75
 40
0.75
 40
1.0
 40
1.0
 40
1.0
 40
1.0
 10
-7.39347
 20
-2.62727
 30
0.0
 10
-7.27323
 20
-2.62727
 30
0.0
 10
-7.17575
 20
-2.71546
 30
0.0
 10
-7.17575
 20
-2.82425
 30
0.0
 10
-7.17575
 20
-2.93305
 30
0.0
 10
-7.27323
 20
-3.02123
 30
0.0
 10
-7.39347
 20
-3.02123
 30
0.0
 10
-7.51371
 20
-3.02123
 30
0.0
 10
-7.61119
 20
-2.93305
 30
0.0
 10
-7.61119
 20
-2.82425
 30
0.0
 10
-7.61119
 20
-2.71546
 30
0.0
 10
-7.51371
 20
-2.62727
 30
0.0
 10
-7.39347
 20
-2.62727
 30
0.0
  0
SPLINE
  5
108
330
1F
100
AcDbEntity
  8
Plan 1
 62
   250
370
    20
100
AcDbSpline
210
0.0
220
0.0
230
1.0
 70
    11
 71
     3
 72
    14
 73
    10
 74
     0
 42
0.0000000001
 43
0.0000000001
 40
0.0
 40
0.0
 40
0.0
 40
0.0
 40
0.3333333333333333
 40
0.3333333333333333
 40
0.3333333333333333
 40
0.6666666666666666
 40
0.6666666666666666
 40
0.6666666666666666
 40
1.0
 40
1.0
 40
1.0
 40
1.0
 10
-2.33125
 20
-3.83039
 30
0.0
 10
-2.22585
 20
-3.83036
 30
0.0
 10
-2.13769
 20
-3.85847
 30
0.0
 10
-2.06679
 20
-3.91474
 30
0.0
 10
-2.11429
 20
-4.03281
 30
0.0
 10
-2.21612
 20
-4.10653
 30
0.0
 10
-2.37229
 20
-4.13587
 30
0.0
 10
-2.35377
 20
-4.04818
 30
0.0
 10
-2.34008
 20
-3.94636
 30
0.0
 10
-2.33125
 20
-3.83039
 30
0.0
  0
SPLINE
  5
109
330
1F
100
AcDbEntity
  8
Plan 1
 62
   250
370
    20
100
AcDbSpline
210
0.0
220
0.0
230
1.0
 70
    11
 71
     3
 72
    14
 73
    10
 74
     0
 42
0.0000000001
 43
0.0000000001
 40
0.0
 40
0.0
 40
0.0
 40
0.0
 40
0.3333333333333333
 40
0.3333333333333333
 40
0.3333333333333333
 40
0.6666666666666666
 40
0.6666666666666666
 40
0.6666666666666666
 40
1.0
 40
1.0
 40
1.0
 40
1.0
 10
-3.5614
 20
-4.20828
 30
0.0
 10
-3.52024
 20
-4.10596
 30
0.0
 10
-3.432
 20
-4.04209
 30
0.0
 10
-3.29668
 20
-4.01667
 30
0.0
 10
-3.31273
 20
-4.09265
 30
0.0
 10
-3.32458
 20
-4.18089
 30
0.0
 10
-3.33224
 20
-4.28137
 30
0.0
 10
-3.42358
 20
-4.28139
 30
0.0
 10
-3.49996
 20
-4.25704
 30
0.0
 10
-3.5614
 20
-4.20828
 30
0.0
  0
SPLINE
  5
10A
330
1F
100
AcDbEntity
  8
Plan 1
 62
   250
370
    20
100
AcDbSpline
210
0.0
220
0.0
230
1.0
 70
    11
 71
     3
 72
    14
 73
    10
 74
     0
 42
0.0000000001
 43
0.0000000001
 40
0.0
 40
0.0
 40
0.0
 40
0.0
 40
0.3333333333333333
 40
0.3333333333333333
 40
0.3333333333333333
 40
0.6666666666666666
 40
0.6666666666666666
 40
0.6666666666666666
 40
1.0
 40
1.0
 40
1.0
 40
1.0
 10
-3.16708
 20
-3.82345
 30
0.0
 10
-3.11958
 20
-3.70537
 30
0.0
 10
-3.01775
 20
-3.63166
 30
0.0
 10
-2.86158
 20
-3.60232
 30
0.0
 10
-2.8801
 20
-3.69
 30
0.0
 10
-2.89379
 20
-3.79183
 30
0.0
 10
-2.90262
 20
-3.9078
 30
0.0
 10
-3.00802
 20
-3.90783
 30
0.0
 10
-3.09618
 20
-3.87971
 30
0.0
 10
-3.16708
 20
-3.82345
 30
0.0
  0
SPLINE
  5
10B
330
1F
100
AcDbEntity
  8
Plan 1
 62
   250
370
    20
100
AcDbSpline
210
0.0
220
0.0
230
1.0
 70
    11
 71
     3
 72
    17
 73
    13
 74
     0
 42
0.0000000001
 43
0.0000000001
 40
0.0
 40
0.0
 40
0.0
 40
0.0
 40
0.25
 40
0.25
 40
0.25
 40
0.5
 40
0.5
 40
0.5
 40
0.75
 40
0.75
 40
0.75
 40
1.0
 40
1.0
 40
1.0
 40
1.0
 10
6.38659
 20
-0.46455
 30
0.0
 10
6.09635
 20
-0.62524
 30
0.0
 10
6.05028
 20
-0.59759
 30
0.0
 10
6.24836
 20
-0.38162
 30
0.0
 10
6.70846
 20
0.23412
 30
0.0
 10
7.09782
 20
0.69029
 30
0.0
 10
7.41643
 20
0.98691
 30
0.0
 10
7.71503
 20
1.07951
 30
0.0
 10
7.82101
 20
0.95971
 30
0.0
 10
7.73438
 20
0.6275
 30
0.0
 10
7.45371
 20
0.15941
 30
0.0
 10
7.00445
 20
-0.20462
 30
0.0
 10
6.38659
 20
-0.46455
 30
0.0
  0
SPLINE
  5
10C
330
1F
100
AcDbEntity
  8
Plan 1
 62
   250
370
    20
100
AcDbSpline
210
0.0
220
0.0
230
1.0
 70
    11
 71
     3
 72
    14
 73
    10
 74
     0
 42
0.0000000001
 43
0.0000000001
 40
0.0
 40
0.0
 40
0.0
 40
0.0
 40
0.3333333333333333
 40
0.3333333333333333
 40
0.3333333333333333
 40
0.6666666666666666
 40
0.6666666666666666
 40
0.6666666666666666
 40
1.0
 40
1.0
 40
1.0
 40
1.0
 10
-1.3263
 20
-3.37124
 30
0.0
 10
-1.39831
 20
-3.55023
 30
0.0
 10
-1.55267
 20
-3.66197
 30
0.0
 10
-1.7894
 20
-3.70645
 30
0.0
 10
-1.76133
 20
-3.57352
 30
0.0
 10
-1.74059
 20
-3.41917
 30
0.0
 10
-1.7272
 20
-3.24337
 30
0.0
 10
-1.56741
 20
-3.24333
 30
0.0
 10
-1.43378
 20
-3.28595
 30
0.0
 10
-1.3263
 20
-3.37124
 30
0.0
  0
SPLINE
  5
10D
330
1F
100
AcDbEntity
  8
Plan 1
 62
   250
370
    20
100
AcDbSpline
210
0.0
220
0.0
230
1.0
 70
    11
 71
     3
 72
    14
 73
    10
 74
     0
 42
0.0000000001
 43
0.0000000001
 40
0.0
 40
0.0
 40
0.0
 40
0.0
 40
0.3333333333333333
 40
0.3333333333333333
 40
0.3333333333333333
 40
0.6666666666666666
 40
0.6666666666666666
 40
0.6666666666666666
 40
1.0
 40
1.0
 40
1.0
 40
1.0
 10
-7.97506
 20
-9.33645
 30
0.0
 10
-7.91593
 20
-9.00732
 30
0.0
 10
-7.636
 20
-8.66173
 30
0.0
 10
-7.13528
 20
-8.29969
 30
0.0
 10
-7.02641
 20
-8.38945
 30
0.0
 10
-7.01835
 20
-8.55649
 30
0.0
 10
-7.11109
 20
-8.80079
 30
0.0
 10
-7.20996
 20
-8.73693
 30
0.0
 10
-7.49795
 20
-8.91549
 30
0.0
 10
-7.97506
 20
-9.33645
 30
0.0
  0
SPLINE
  5
10E
330
1F
100
AcDbEntity
  8
Plan 1
 62
   250
370
    20
100
AcDbSpline
210
0.0
220
0.0
230
1.0
 70
    11
 71
     3
 72
     8
 73
     4
 74
     0
 42
0.0000000001
 43
0.0000000001
 40
0.0
 40
0.0
 40
0.0
 40
0.0
 40
1.0
 40
1.0
 40
1.0
 40
1.0
 10
-8.36042
 20
-9.92749
 30
0.0
 10
-9.4801
 20
-10.835
 30
0.0
 10
-7.53487
 20
-8.72798
 30
0.0
 10
-8.36042
 20
-9.92749
 30
0.0
  0
SPLINE
  5
10F
330
1F
100
AcDbEntity
  8
Plan 1
 62
   250
370
    20
100
AcDbSpline
210
0.0
220
0.0
230
1.0
 70
    11
 71
     3
 72
    14
 73
    10
 74
     0
 42
0.0000000001
 43
0.0000000001
 40
0.0
 40
0.0
 40
0.0
 40
0.0
 40
0.3333333333333333
 40
0.3333333333333333
 40
0.3333333333333333
 40
0.6666666666666666
 40
0.6666666666666666
 40
0.6666666666666666
 40
1.0
 40
1.0
 40
1.0
 40
1.0
 10
-6.89261
 20
-10.54539
 30
0.0
 10
-6.75931
 20
-10.0676
 30
0.0
 10
-6.41373
 20
-10.00712
 30
0.0
 10
-5.85585
 20
-10.36396
 30
0.0
 10
-6.33695
 20
-10.27421
 30
0.0
 10
-6.3556
 20
-10.66237
 30
0.0
 10
-5.82129
 20
-10.65253
 30
0.0
 10
-6.26573
 20
-11.02112
 30
0.0
 10
-6.62284
 20
-10.98541
 30
0.0
 10
-6.89261
 20
-10.54539
 30
0.0
  0
SPLINE
  5
110
330
1F
100
AcDbEntity
  8
Plan 1
 62
   250
370
    20
100
AcDbSpline
210
0.0
220
0.0
230
1.0
 70
    11
 71
     3
 72
     8
 73
     4
 74
     0
 42
0.0000000001
 43
0.0000000001
 40
0.0
 40
0.0
 40
0.0
 40
0.0
 40
1.0
 40
1.0
 40
1.0
 40
1.0
 10
-8.32761
 20
-10.32151
 30
0.0
 10
-6.60876
 20
-10.58246
 30
0.0
 10
-9.85413
 20
-10.80507
 30
0.0
 10
-8.32761
 20
-10.32151
 30
0.0
  0
SPLINE
  5
111
330
1F
100
AcDbEntity
  8
Plan 1
 62
   250
370
    20
100
AcDbSpline
210
0.0
220
0.0
230
1.0
 70
    11
 71
     3
 72
     8
 73
     4
 74
     0
 42
0.0000000001
 43
0.0000000001
 40
0.0
 40
0.0
 40
0.0
 40
0.0
 40
1.0
 40
1.0
 40
1.0
 40
1.0
 10
-8.97045
 20
-11.64858
 30
0.0
 10
-9.59509
 20
-11.45001
 30
0.0
 10
-8.31266
 20
-11.08125
 30
0.0
 10
-8.97045
 20
-11.64858
 30
0.0
  0
SPLINE
  5
112
330
1F
100
AcDbEntity
  8
Plan 1
 62
   250
370
    20
100
AcDbSpline
210
0.0
220
0.0
230
1.0
 70
    11
 71
     3
 72
     8
 73
     4
 74
     0
 42
0.0000000001
 43
0.0000000001
 40
0.0
 40
0.0
 40
0.0
 40
0.0
 40
1.0
 40
1.0
 40
1.0
 40
1.0
 10
-6.9729
 20
-11.53798
 30
0.0
 10
-8.39868
 20
-11.67142
 30
0.0
 10
-5.7801
 20
-10.57604
 30
0.0
 10
-6.9729
 20
-11.53798
 30
0.0
  0
SPLINE
  5
113
330
1F
100
AcDbEntity
  8
Plan 1
 62
   250
370
    20
100
AcDbSpline
210
0.0
220
0.0
230
1.0
 70
    11
 71
     3
 72
     8
 73
     4
 74
     0
 42
0.0000000001
 43
0.0000000001
 40
0.0
 40
0.0
 40
0.0
 40
0.0
 40
1.0
 40
1.0
 40
1.0
 40
1.0
 10
-9.05334
 20
-11.14401
 30
0.0
 10
-10.0855
 20
-10.95226
 30
0.0
 10
-8.01629
 20
-10.66338
 30
0.0
 10
-9.05334
 20
-11.14401
 30
0.0
  0
SPLINE
  5
114
330
1F
100
AcDbEntity
  8
Plan 1
 62
   250
370
    20
100
AcDbSpline
210
0.0
220
0.0
230
1.0
 70
    11
 71
     3
 72
     8
 73
     4
 74
     0
 42
0.0000000001
 43
0.0000000001
 40
0.0
 40
0.0
 40
0.0
 40
0.0
 40
1.0
 40
1.0
 40
1.0
 40
1.0
 10
-7.38416
 20
-10.46318
 30
0.0
 10
-6.55871
 20
-10.36306
 30
0.0
 10
-7.99565
 20
-11.03629
 30
0.0
 10
-7.38416
 20
-10.46318
 30
0.0
  0
SPLINE
  5
115
330
1F
100
AcDbEntity
  8
Plan 1
 62
   250
370
    20
100
AcDbSpline
210
0.0
220
0.0
230
1.0
 70
    11
 71
     3
 72
     8
 73
     4
 74
     0
 42
0.0000000001
 43
0.0000000001
 40
0.0
 40
0.0
 40
0.0
 40
0.0
 40
1.0
 40
1.0
 40
1.0
 40
1.0
 10
-8.17555
 20
-11.71077
 30
0.0
 10
-6.67026
 20
-12.03993
 30
0.0
 10
-9.59938
 20
-12.06892
 30
0.0
 10
-8.17555
 20
-11.71077
 30
0.0
  0
SPLINE
  5
116
330
1F
100
AcDbEntity
  8
Plan 1
 62
   250
370
    20
100
AcDbSpline
210
0.0
220
0.0
230
1.0
 70
    11
 71
     3
 72
     8
 73
     4
 74
     0
 42
0.0000000001
 43
0.0000000001
 40
0.0
 40
0.0
 40
0.0
 40
0.0
 40
1.0
 40
1.0
 40
1.0
 40
1.0
 10
-6.93835
 20
-12.35357
 30
0.0
 10
-8.58597
 20
-12.48889
 30
0.0
 10
-5.33275
 20
-11.36322
 30
0.0
 10
-6.93835
 20
-12.35357
 30
0.0
  0
SPLINE
  5
117
330
1F
100
AcDbEntity
  8
Plan 1
 62
   250
370
    20
100
AcDbSpline
210
0.0
220
0.0
230
1.0
 70
    11
 71
     3
 72
    11
 73
     7
 74
     0
 42
0.0000000001
 43
0.0000000001
 40
0.0
 40
0.0
 40
0.0
 40
0.0
 40
0.5
 40
0.5
 40
0.5
 40
1.0
 40
1.0
 40
1.0
 40
1.0
 10
-1.79687
 20
-17.04845
 30
0.0
 10
-1.57396
 20
-16.98317
 30
0.0
 10
-1.45761
 20
-17.05804
 30
0.0
 10
-1.44783
 20
-17.27308
 30
0.0
 10
-1.67446
 20
-17.32384
 30
0.0
 10
-1.79081
 20
-17.24896
 30
0.0
 10
-1.79687
 20
-17.04845
 30
0.0
  0
SPLINE
  5
118
330
1F
100
AcDbEntity
  8
Plan 1
 62
   250
370
    20
100
AcDbSpline
210
0.0
220
0.0
230
1.0
 70
    11
 71
     3
 72
    14
 73
    10
 74
     0
 42
0.0000000001
 43
0.0000000001
 40
0.0
 40
0.0
 40
0.0
 40
0.0
 40
0.3333333333333333
 40
0.3333333333333333
 40
0.3333333333333333
 40
0.6666666666666666
 40
0.6666666666666666
 40
0.6666666666666666
 40
1.0
 40
1.0
 40
1.0
 40
1.0
 10
-3.69756
 20
-17.86402
 30
0.0
 10
-3.69468
 20
-17.7241
 30
0.0
 10
-3.59907
 20
-17.71834
 30
0.0
 10
-3.41072
 20
-17.84674
 30
0.0
 10
-3.27814
 20
-17.97563
 30
0.0
 10
-3.27238
 20
-18.07585
 30
0.0
 10
-3.39344
 20
-18.14739
 30
0.0
 10
-3.58025
 20
-18.08286
 30
0.0
 10
-3.68163
 20
-17.9884
 30
0.0
 10
-3.69756
 20
-17.86402
 30
0.0
  0
SPLINE
  5
119
330
1F
100
AcDbEntity
  8
Plan 1
 62
   250
370
    20
100
AcDbSpline
210
0.0
220
0.0
230
1.0
 70
    11
 71
     3
 72
    11
 73
     7
 74
     0
 42
0.0000000001
 43
0.0000000001
 40
0.0
 40
0.0
 40
0.0
 40
0.0
 40
0.5
 40
0.5
 40
0.5
 40
1.0
 40
1.0
 40
1.0
 40
1.0
 10
-4.03623
 20
-18.3962
 30
0.0
 10
-3.64659
 20
-18.27328
 30
0.0
 10
-3.25736
 20
-19.21208
 30
0.0
 10
-3.88071
 20
-18.70378
 30
0.0
 10
-4.00808
 20
-18.62332
 30
0.0
 10
-4.05993
 20
-18.52079
 30
0.0
 10
-4.03623
 20
-18.3962
 30
0.0
  0
SPLINE
  5
11A
330
1F
100
AcDbEntity
  8
Plan 1
 62
   250
370
    20
100
AcDbSpline
210
0.0
220
0.0
230
1.0
 70
    11
 71
     3
 72
    14
 73
    10
 74
     0
 42
0.0000000001
 43
0.0000000001
 40
0.0
 40
0.0
 40
0.0
 40
0.0
 40
0.3333333333333333
 40
0.3333333333333333
 40
0.3333333333333333
 40
0.6666666666666666
 40
0.6666666666666666
 40
0.6666666666666666
 40
1.0
 40
1.0
 40
1.0
 40
1.0
 10
-2.38431
 20
-18.01605
 30
0.0
 10
-2.08495
 20
-18.05635
 30
0.0
 10
-1.89602
 20
-18.27176
 30
0.0
 10
-1.81755
 20
-18.66229
 30
0.0
 10
-2.14778
 20
-18.62498
 30
0.0
 10
-2.41389
 20
-18.46486
 30
0.0
 10
-2.61586
 20
-18.18193
 30
0.0
 10
-2.71815
 20
-17.98266
 30
0.0
 10
-2.64097
 20
-17.92737
 30
0.0
 10
-2.38431
 20
-18.01605
 30
0.0
  0
SPLINE
  5
11B
330
1F
100
AcDbEntity
  8
Plan 1
 62
   250
370
    20
100
AcDbSpline
210
0.0
220
0.0
230
1.0
 70
    11
 71
     3
 72
    11
 73
     7
 74
     0
 42
0.0000000001
 43
0.0000000001
 40
0.0
 40
0.0
 40
0.0
 40
0.0
 40
0.5
 40
0.5
 40
0.5
 40
1.0
 40
1.0
 40
1.0
 40
1.0
 10
-1.46155
 20
-17.81732
 30
0.0
 10
-1.26308
 20
-17.73393
 30
0.0
 10
-1.15019
 20
-17.82206
 30
0.0
 10
-1.12288
 20
-18.08169
 30
0.0
 10
-1.22219
 20
-18.09897
 30
0.0
 10
-1.40304
 20
-17.85533
 30
0.0
 10
-1.46155
 20
-17.81732
 30
0.0
  0
SPLINE
  5
11C
330
1F
100
AcDbEntity
  8
Plan 1
 62
   250
370
    20
100
AcDbSpline
210
0.0
220
0.0
230
1.0
 70
    11
 71
     3
 72
    11
 73
     7
 74
     0
 42
0.0000000001
 43
0.0000000001
 40
0.0
 40
0.0
 40
0.0
 40
0.0
 40
0.5
 40
0.5
 40
0.5
 40
1.0
 40
1.0
 40
1.0
 40
1.0
 10
-0.76694
 20
-17.3093
 30
0.0
 10
-0.90141
 20
-17.00384
 30
0.0
 10
-0.38902
 20
-17.15384
 30
0.0
 10
-0.3073
 20
-17.49246
 30
0.0
 10
-0.38283
 20
-17.58034
 30
0.0
 10
-0.53604
 20
-17.51929
 30
0.0
 10
-0.76694
 20
-17.3093
 30
0.0
  0
SPLINE
  5
11D
330
1F
100
AcDbEntity
  8
Plan 1
 62
   250
370
    20
100
AcDbSpline
210
0.0
220
0.0
230
1.0
 70
    11
 71
     3
 72
    11
 73
     7
 74
     0
 42
0.0000000001
 43
0.0000000001
 40
0.0
 40
0.0
 40
0.0
 40
0.0
 40
0.5
 40
0.5
 40
0.5
 40
1.0
 40
1.0
 40
1.0
 40
1.0
 10
0.17997
 20
-17.24364
 30
0.0
 10
-0.31399
 20
-17.0776
 30
0.0
 10
-0.15559
 20
-16.54762
 30
0.0
 10
0.43916
 20
-17.24364
 30
0.0
 10
0.35634
 20
-17.27591
 30
0.0
 10
0.26994
 20
-17.27591
 30
0.0
 10
0.17997
 20
-17.24364
 30
0.0
  0
SPLINE
  5
11E
330
1F
100
AcDbEntity
  8
Plan 1
 62
   250
370
    20
100
AcDbSpline
210
0.0
220
0.0
230
1.0
 70
    11
 71
     3
 72
    11
 73
     7
 74
     0
 42
0.0000000001
 43
0.0000000001
 40
0.0
 40
0.0
 40
0.0
 40
0.0
 40
0.5
 40
0.5
 40
0.5
 40
1.0
 40
1.0
 40
1.0
 40
1.0
 10
1.18393
 20
-17.47343
 30
0.0
 10
0.93943
 20
-17.19979
 30
0.0
 10
1.56014
 20
-17.179
 30
0.0
 10
1.63665
 20
-17.64968
 30
0.0
 10
1.50555
 20
-17.65779
 30
0.0
 10
1.35464
 20
-17.59904
 30
0.0
 10
1.18393
 20
-17.47343
 30
0.0
  0
SPLINE
  5
11F
330
1F
100
AcDbEntity
  8
Plan 1
 62
   250
370
    20
100
AcDbSpline
210
0.0
220
0.0
230
1.0
 70
    11
 71
     3
 72
     8
 73
     4
 74
     0
 42
0.0000000001
 43
0.0000000001
 40
0.0
 40
0.0
 40
0.0
 40
0.0
 40
1.0
 40
1.0
 40
1.0
 40
1.0
 10
-0.58547
 20
-18.29763
 30
0.0
 10
-1.37752
 20
-17.24035
 30
0.0
 10
0.68699
 20
-18.80819
 30
0.0
 10
-0.58547
 20
-18.29763
 30
0.0
  0
SPLINE
  5
120
330
1F
100
AcDbEntity
  8
Plan 1
 62
   250
370
    20
100
AcDbSpline
210
0.0
220
0.0
230
1.0
 70
    11
 71
     3
 72
    11
 73
     7
 74
     0
 42
0.0000000001
 43
0.0000000001
 40
0.0
 40
0.0
 40
0.0
 40
0.0
 40
0.5
 40
0.5
 40
0.5
 40
1.0
 40
1.0
 40
1.0
 40
1.0
 10
-1.25932
 20
-18.42203
 30
0.0
 10
-1.05997
 20
-18.34439
 30
0.0
 10
-0.84917
 20
-18.45267
 30
0.0
 10
-0.62689
 20
-18.74688
 30
0.0
 10
-0.22727
 20
-19.48629
 30
0.0
 10
-1.42007
 20
-18.75869
 30
0.0
 10
-1.25932
 20
-18.42203
 30
0.0
  0
SPLINE
  5
121
330
1F
100
AcDbEntity
  8
Plan 1
 62
   250
370
    20
100
AcDbSpline
210
0.0
220
0.0
230
1.0
 70
    11
 71
     3
 72
    17
 73
    13
 74
     0
 42
0.0000000001
 43
0.0000000001
 40
0.0
 40
0.0
 40
0.0
 40
0.0
 40
0.25
 40
0.25
 40
0.25
 40
0.5
 40
0.5
 40
0.5
 40
0.75
 40
0.75
 40
0.75
 40
1.0
 40
1.0
 40
1.0
 40
1.0
 10
-1.40448
 20
-19.45535
 30
0.0
 10
-1.22539
 20
-19.67893
 30
0.0
 10
-1.14937
 20
-19.88167
 30
0.0
 10
-1.1764
 20
-20.06358
 30
0.0
 10
-1.38565
 20
-20.05471
 30
0.0
 10
-1.60798
 20
-19.92569
 30
0.0
 10
-1.84338
 20
-19.67652
 30
0.0
 10
-2.12781
 20
-19.40836
 30
0.0
 10
-2.25223
 20
-19.15148
 30
0.0
 10
-2.21661
 20
-18.90586
 30
0.0
 10
-1.96898
 20
-18.91735
 30
0.0
 10
-1.69827
 20
-19.10052
 30
0.0
 10
-1.40448
 20
-19.45535
 30
0.0
  0
SPLINE
  5
122
330
1F
100
AcDbEntity
  8
Plan 1
 62
   250
370
    20
100
AcDbSpline
210
0.0
220
0.0
230
1.0
 70
    11
 71
     3
 72
    11
 73
     7
 74
     0
 42
0.0000000001
 43
0.0000000001
 40
0.0
 40
0.0
 40
0.0
 40
0.0
 40
0.5
 40
0.5
 40
0.5
 40
1.0
 40
1.0
 40
1.0
 40
1.0
 10
1.12354
 20
-17.89579
 30
0.0
 10
1.60508
 20
-17.79239
 30
0.0
 10
1.88616
 20
-17.99283
 30
0.0
 10
1.96677
 20
-18.49711
 30
0.0
 10
1.72012
 20
-18.55239
 30
0.0
 10
1.10358
 20
-18.14526
 30
0.0
 10
1.12354
 20
-17.89579
 30
0.0
  0
SPLINE
  5
123
330
1F
100
AcDbEntity
  8
Plan 1
 62
   250
370
    20
100
AcDbSpline
210
0.0
220
0.0
230
1.0
 70
    11
 71
     3
 72
     8
 73
     4
 74
     0
 42
0.0000000001
 43
0.0000000001
 40
0.0
 40
0.0
 40
0.0
 40
0.0
 40
1.0
 40
1.0
 40
1.0
 40
1.0
 10
0.94555
 20
-18.76763
 30
0.0
 10
-0.23569
 20
-19.09131
 30
0.0
 10
-0.10549
 20
-16.93112
 30
0.0
 10
0.94555
 20
-18.76763
 30
0.0
  0
SPLINE
  5
124
330
1F
100
AcDbEntity
  8
Plan 1
 62
   250
370
    20
100
AcDbSpline
210
0.0
220
0.0
230
1.0
 70
    11
 71
     3
 72
    11
 73
     7
 74
     0
 42
0.0000000001
 43
0.0000000001
 40
0.0
 40
0.0
 40
0.0
 40
0.0
 40
0.5
 40
0.5
 40
0.5
 40
1.0
 40
1.0
 40
1.0
 40
1.0
 10
-0.15343
 20
-19.19958
 30
0.0
 10
-0.82784
 20
-18.1032
 30
0.0
 10
1.19325
 20
-19.40101
 30
0.0
 10
0.92479
 20
-19.89766
 30
0.0
 10
0.47731
 20
-19.83548
 30
0.0
 10
0.11791
 20
-19.60278
 30
0.0
 10
-0.15343
 20
-19.19958
 30
0.0
  0
SPLINE
  5
125
330
1F
100
AcDbEntity
  8
Plan 1
 62
   250
370
    20
100
AcDbSpline
210
0.0
220
0.0
230
1.0
 70
    11
 71
     3
 72
    11
 73
     7
 74
     0
 42
0.0000000001
 43
0.0000000001
 40
0.0
 40
0.0
 40
0.0
 40
0.0
 40
0.5
 40
0.5
 40
0.5
 40
1.0
 40
1.0
 40
1.0
 40
1.0
 10
2.65448
 20
-18.45217
 30
0.0
 10
1.12766
 20
-17.77167
 30
0.0
 10
3.02322
 20
-17.7062
 30
0.0
 10
2.92404
 20
-18.46254
 30
0.0
 10
2.85082
 20
-18.51652
 30
0.0
 10
2.76097
 20
-18.51306
 30
0.0
 10
2.65448
 20
-18.45217
 30
0.0
  0
SPLINE
  5
126
330
1F
100
AcDbEntity
  8
Plan 1
 62
   250
370
    20
100
AcDbSpline
210
0.0
220
0.0
230
1.0
 70
    11
 71
     3
 72
    17
 73
    13
 74
     0
 42
0.0000000001
 43
0.0000000001
 40
0.0
 40
0.0
 40
0.0
 40
0.0
 40
0.25
 40
0.25
 40
0.25
 40
0.5
 40
0.5
 40
0.5
 40
0.75
 40
0.75
 40
0.75
 40
1.0
 40
1.0
 40
1.0
 40
1.0
 10
2.2051
 20
-18.56616
 30
0.0
 10
5.52894
 20
-19.73407
 30
0.0
 10
12.97653
 20
-26.1981
 30
0.0
 10
7.29212
 20
-23.43201
 30
0.0
 10
6.8264
 20
-23.11352
 30
0.0
 10
6.39091
 20
-22.80242
 30
0.0
 10
5.98564
 20
-22.49873
 30
0.0
 10
5.87587
 20
-22.41647
 30
0.0
 10
5.76829
 20
-22.33474
 30
0.0
 10
5.66295
 20
-22.25356
 30
0.0
 10
3.862
 20
-20.86572
 30
0.0
 10
2.70938
 20
-19.63658
 30
0.0
 10
2.2051
 20
-18.56616
 30
0.0
  0
SPLINE
  5
127
330
1F
100
AcDbEntity
  8
Plan 1
 62
   250
370
    20
100
AcDbSpline
210
0.0
220
0.0
230
1.0
 70
    11
 71
     3
 72
    11
 73
     7
 74
     0
 42
0.0000000001
 43
0.0000000001
 40
0.0
 40
0.0
 40
0.0
 40
0.0
 40
0.5
 40
0.5
 40
0.5
 40
1.0
 40
1.0
 40
1.0
 40
1.0
 10
1.76806
 20
-18.90929
 30
0.0
 10
1.70237
 20
-18.76448
 30
0.0
 10
1.75536
 20
-18.70227
 30
0.0
 10
1.92703
 20
-18.72267
 30
0.0
 10
2.57452
 20
-19.29296
 30
0.0
 10
2.11232
 20
-19.54031
 30
0.0
 10
1.76806
 20
-18.90929
 30
0.0
  0
SPLINE
  5
128
330
1F
100
AcDbEntity
  8
Plan 1
 62
   250
370
    20
100
AcDbSpline
210
0.0
220
0.0
230
1.0
 70
    11
 71
     3
 72
    11
 73
     7
 74
     0
 42
0.0000000001
 43
0.0000000001
 40
0.0
 40
0.0
 40
0.0
 40
0.0
 40
0.5
 40
0.5
 40
0.5
 40
1.0
 40
1.0
 40
1.0
 40
1.0
 10
-0.69632
 20
-9.71442
 30
0.0
 10
-0.91383
 20
-9.59318
 30
0.0
 10
-0.49579
 20
-8.94393
 30
0.0
 10
-0.25396
 20
-9.15456
 30
0.0
 10
-0.39497
 20
-9.3977
 30
0.0
 10
-0.54242
 20
-9.58432
 30
0.0
 10
-0.69632
 20
-9.71442
 30
0.0
  0
SPLINE
  5
129
330
1F
100
AcDbEntity
  8
Plan 1
 62
   250
370
    20
100
AcDbSpline
210
0.0
220
0.0
230
1.0
 70
    11
 71
     3
 72
     8
 73
     4
 74
     0
 42
0.0000000001
 43
0.0000000001
 40
0.0
 40
0.0
 40
0.0
 40
0.0
 40
1.0
 40
1.0
 40
1.0
 40
1.0
 10
-0.26421
 20
-8.32335
 30
0.0
 10
-0.8883
 20
-8.98176
 30
0.0
 10
-0.07854
 20
-7.49727
 30
0.0
 10
-0.26421
 20
-8.32335
 30
0.0
  0
SPLINE
  5
12A
330
1F
100
AcDbEntity
  8
Plan 1
 62
   250
370
    20
100
AcDbSpline
210
0.0
220
0.0
230
1.0
 70
    11
 71
     3
 72
    11
 73
     7
 74
     0
 42
0.0000000001
 43
0.0000000001
 40
0.0
 40
0.0
 40
0.0
 40
0.0
 40
0.5
 40
0.5
 40
0.5
 40
1.0
 40
1.0
 40
1.0
 40
1.0
 10
-2.36548
 20
-8.99037
 30
0.0
 10
-2.52265
 20
-9.66111
 30
0.0
 10
-2.89013
 20
-10.03204
 30
0.0
 10
-3.46789
 20
-10.10316
 30
0.0
 10
-3.39821
 20
-9.50603
 30
0.0
 10
-3.03074
 20
-9.1351
 30
0.0
 10
-2.36548
 20
-8.99037
 30
0.0
  0
SPLINE
  5
12B
330
1F
100
AcDbEntity
  8
Plan 1
 62
   250
370
    20
100
AcDbSpline
210
0.0
220
0.0
230
1.0
 70
    11
 71
     3
 72
    11
 73
     7
 74
     0
 42
0.0000000001
 43
0.0000000001
 40
0.0
 40
0.0
 40
0.0
 40
0.0
 40
0.5
 40
0.5
 40
0.5
 40
1.0
 40
1.0
 40
1.0
 40
1.0
 10
-2.41383
 20
-8.25771
 30
0.0
 10
-2.45462
 20
-8.70431
 30
0.0
 10
-2.66658
 20
-8.98539
 30
0.0
 10
-3.04971
 20
-9.10093
 30
0.0
 10
-3.01636
 20
-8.7763
 30
0.0
 10
-2.8044
 20
-8.49522
 30
0.0
 10
-2.41383
 20
-8.25771
 30
0.0
  0
SPLINE
  5
12C
330
1F
100
AcDbEntity
  8
Plan 1
 62
   250
370
    20
100
AcDbSpline
210
0.0
220
0.0
230
1.0
 70
    11
 71
     3
 72
     8
 73
     4
 74
     0
 42
0.0000000001
 43
0.0000000001
 40
0.0
 40
0.0
 40
0.0
 40
0.0
 40
1.0
 40
1.0
 40
1.0
 40
1.0
 10
-5.32791
 20
-12.85121
 30
0.0
 10
-5.60477
 20
-13.78703
 30
0.0
 10
-5.50843
 20
-12.02096
 30
0.0
 10
-5.32791
 20
-12.85121
 30
0.0
  0
SPLINE
  5
12D
330
1F
100
AcDbEntity
  8
Plan 1
 62
   250
370
    20
100
AcDbSpline
210
0.0
220
0.0
230
1.0
 70
    11
 71
     3
 72
     8
 73
     4
 74
     0
 42
0.0000000001
 43
0.0000000001
 40
0.0
 40
0.0
 40
0.0
 40
0.0
 40
1.0
 40
1.0
 40
1.0
 40
1.0
 10
-6.33011
 20
-12.7268
 30
0.0
 10
-7.25001
 20
-12.9758
 30
0.0
 10
-5.74585
 20
-11.79795
 30
0.0
 10
-6.33011
 20
-12.7268
 30
0.0
  0
SPLINE
  5
12E
330
1F
100
AcDbEntity
  8
Plan 1
 62
   250
370
    20
100
AcDbSpline
210
0.0
220
0.0
230
1.0
 70
    11
 71
     3
 72
    11
 73
     7
 74
     0
 42
0.0000000001
 43
0.0000000001
 40
0.0
 40
0.0
 40
0.0
 40
0.0
 40
0.5
 40
0.5
 40
0.5
 40
1.0
 40
1.0
 40
1.0
 40
1.0
 10
-4.95106
 20
-12.78194
 30
0.0
 10
-4.60802
 20
-12.98415
 30
0.0
 10
-4.42716
 20
-13.4265
 30
0.0
 10
-4.40849
 20
-14.109
 30
0.0
 10
-4.84643
 20
-13.83704
 30
0.0
 10
-5.02729
 20
-13.39468
 30
0.0
 10
-4.95106
 20
-12.78194
 30
0.0
  0
SPLINE
  5
12F
330
1F
100
AcDbEntity
  8
Plan 1
 62
   250
370
    20
100
AcDbSpline
210
0.0
220
0.0
230
1.0
 70
    11
 71
     3
 72
    11
 73
     7
 74
     0
 42
0.0000000001
 43
0.0000000001
 40
0.0
 40
0.0
 40
0.0
 40
0.0
 40
0.5
 40
0.5
 40
0.5
 40
1.0
 40
1.0
 40
1.0
 40
1.0
 10
-2.28081
 20
-9.65221
 30
0.0
 10
-2.33312
 20
-9.3035
 30
0.0
 10
-2.13383
 20
-9.04315
 30
0.0
 10
-1.68295
 20
-8.87118
 30
0.0
 10
-1.63943
 20
-9.25406
 30
0.0
 10
-1.83872
 20
-9.5144
 30
0.0
 10
-2.28081
 20
-9.65221
 30
0.0
  0
SPLINE
  5
130
330
1F
100
AcDbEntity
  8
Plan 1
 62
   250
370
    20
100
AcDbSpline
210
0.0
220
0.0
230
1.0
 70
    11
 71
     3
 72
    17
 73
    13
 74
     0
 42
0.0000000001
 43
0.0000000001
 40
0.0
 40
0.0
 40
0.0
 40
0.0
 40
0.25
 40
0.25
 40
0.25
 40
0.5
 40
0.5
 40
0.5
 40
0.75
 40
0.75
 40
0.75
 40
1.0
 40
1.0
 40
1.0
 40
1.0
 10
-7.92656
 20
-3.53724
 30
0.0
 10
-7.4442
 20
-4.17055
 30
0.0
 10
-7.47646
 20
-4.82947
 30
0.0
 10
-8.02333
 20
-5.51399
 30
0.0
 10
-8.09118
 20
-5.57618
 30
0.0
 10
-8.14877
 20
-5.57848
 30
0.0
 10
-8.19612
 20
-5.5209
 30
0.0
 10
-8.18553
 20
-5.04418
 30
0.0
 10
-8.22009
 20
-4.61566
 30
0.0
 10
-8.2998
 20
-4.23532
 30
0.0
 10
-8.11175
 20
-3.98871
 30
0.0
 10
-7.98734
 20
-3.75602
 30
0.0
 10
-7.92656
 20
-3.53724
 30
0.0
  0
SPLINE
  5
131
330
1F
100
AcDbEntity
  8
Plan 1
 62
   250
370
    20
100
AcDbSpline
210
0.0
220
0.0
230
1.0
 70
    11
 71
     3
 72
    17
 73
    13
 74
     0
 42
0.0000000001
 43
0.0000000001
 40
0.0
 40
0.0
 40
0.0
 40
0.0
 40
0.25
 40
0.25
 40
0.25
 40
0.5
 40
0.5
 40
0.5
 40
0.75
 40
0.75
 40
0.75
 40
1.0
 40
1.0
 40
1.0
 40
1.0
 10
-9.22597
 20
-4.35282
 30
0.0
 10
-9.04855
 20
-4.55377
 30
0.0
 10
-8.76977
 20
-4.73347
 30
0.0
 10
-8.38965
 20
-4.89194
 30
0.0
 10
-8.31837
 20
-5.03473
 30
0.0
 10
-8.28611
 20
-5.25591
 30
0.0
 10
-8.29289
 20
-5.55546
 30
0.0
 10
-8.67195
 20
-5.53235
 30
0.0
 10
-9.03135
 20
-5.18446
 30
0.0
 10
-9.37112
 20
-4.51179
 30
0.0
 10
-9.39274
 20
-4.34363
 30
0.0
 10
-9.34436
 20
-4.29064
 30
0.0
 10
-9.22597
 20
-4.35282
 30
0.0
  0
SPLINE
  5
132
330
1F
100
AcDbEntity
  8
Plan 1
 62
   250
370
    20
100
AcDbSpline
210
0.0
220
0.0
230
1.0
 70
    11
 71
     3
 72
    11
 73
     7
 74
     0
 42
0.0000000001
 43
0.0000000001
 40
0.0
 40
0.0
 40
0.0
 40
0.0
 40
0.5
 40
0.5
 40
0.5
 40
1.0
 40
1.0
 40
1.0
 40
1.0
 10
-7.98954
 20
-3.21057
 30
0.0
 10
-8.01348
 20
-3.58775
 30
0.0
 10
-8.1448
 20
-3.88726
 30
0.0
 10
-8.38351
 20
-4.10909
 30
0.0
 10
-8.52851
 20
-3.81721
 30
0.0
 10
-8.25936
 20
-3.21938
 30
0.0
 10
-7.98954
 20
-3.21057
 30
0.0
  0
SPLINE
  5
133
330
1F
100
AcDbEntity
  8
Plan 1
 62
   250
370
    20
100
AcDbSpline
210
0.0
220
0.0
230
1.0
 70
    11
 71
     3
 72
    17
 73
    13
 74
     0
 42
0.0000000001
 43
0.0000000001
 40
0.0
 40
0.0
 40
0.0
 40
0.0
 40
0.25
 40
0.25
 40
0.25
 40
0.5
 40
0.5
 40
0.5
 40
0.75
 40
0.75
 40
0.75
 40
1.0
 40
1.0
 40
1.0
 40
1.0
 10
-8.80085
 20
-2.89101
 30
0.0
 10
-8.80277
 20
-3.40093
 30
0.0
 10
-8.69793
 20
-3.98383
 30
0.0
 10
-8.48636
 20
-4.63969
 30
0.0
 10
-8.69303
 20
-4.57532
 30
0.0
 10
-8.95568
 20
-4.41635
 30
0.0
 10
-9.2743
 20
-4.16278
 30
0.0
 10
-9.33822
 20
-3.81684
 30
0.0
 10
-9.25529
 20
-3.37793
 30
0.0
 10
-9.02549
 20
-2.84608
 30
0.0
 10
-8.93501
 20
-2.73045
 30
0.0
 10
-8.86013
 20
-2.74543
 30
0.0
 10
-8.80085
 20
-2.89101
 30
0.0
  0
SPLINE
  5
134
330
1F
100
AcDbEntity
  8
Plan 1
 62
   250
370
    20
100
AcDbSpline
210
0.0
220
0.0
230
1.0
 70
    11
 71
     3
 72
    11
 73
     7
 74
     0
 42
0.0000000001
 43
0.0000000001
 40
0.0
 40
0.0
 40
0.0
 40
0.0
 40
0.5
 40
0.5
 40
0.5
 40
1.0
 40
1.0
 40
1.0
 40
1.0
 10
-9.59921
 20
-4.98521
 30
0.0
 10
-9.39901
 20
-4.83185
 30
0.0
 10
-9.31031
 20
-4.92862
 30
0.0
 10
-9.33311
 20
-5.27551
 30
0.0
 10
-9.70682
 20
-5.29034
 30
0.0
 10
-9.79552
 20
-5.19358
 30
0.0
 10
-9.59921
 20
-4.98521
 30
0.0
  0
SPLINE
  5
135
330
1F
100
AcDbEntity
  8
Plan 1
 62
   250
370
    20
100
AcDbSpline
210
0.0
220
0.0
230
1.0
 70
    11
 71
     3
 72
    11
 73
     7
 74
     0
 42
0.0000000001
 43
0.0000000001
 40
0.0
 40
0.0
 40
0.0
 40
0.0
 40
0.5
 40
0.5
 40
0.5
 40
1.0
 40
1.0
 40
1.0
 40
1.0
 10
-7.86071
 20
-1.87506
 30
0.0
 10
-7.7375
 20
-1.95182
 30
0.0
 10
-7.74752
 20
-2.68717
 30
0.0
 10
-8.04042
 20
-2.44184
 30
0.0
 10
-8.11824
 20
-2.1916
 30
0.0
 10
-8.05835
 20
-2.00267
 30
0.0
 10
-7.86071
 20
-1.87506
 30
0.0
  0
SPLINE
  5
136
330
1F
100
AcDbEntity
  8
Plan 1
 62
   250
370
    20
100
AcDbSpline
210
0.0
220
0.0
230
1.0
 70
    11
 71
     3
 72
    14
 73
    10
 74
     0
 42
0.0000000001
 43
0.0000000001
 40
0.0
 40
0.0
 40
0.0
 40
0.0
 40
0.3333333333333333
 40
0.3333333333333333
 40
0.3333333333333333
 40
0.6666666666666666
 40
0.6666666666666666
 40
0.6666666666666666
 40
1.0
 40
1.0
 40
1.0
 40
1.0
 10
-8.53626
 20
-1.68851
 30
0.0
 10
-8.33294
 20
-1.71992
 30
0.0
 10
-8.22696
 20
-1.84663
 30
0.0
 10
-8.21831
 20
-2.06866
 30
0.0
 10
-8.25527
 20
-2.15275
 30
0.0
 10
-8.37508
 20
-2.08363
 30
0.0
 10
-8.57772
 20
-1.86131
 30
0.0
 10
-8.79085
 20
-1.71066
 30
0.0
 10
-8.77702
 20
-1.65307
 30
0.0
 10
-8.53626
 20
-1.68851
 30
0.0
  0
SPLINE
  5
137
330
1F
100
AcDbEntity
  8
Plan 1
 62
   250
370
    20
100
AcDbSpline
210
0.0
220
0.0
230
1.0
 70
    11
 71
     3
 72
    11
 73
     7
 74
     0
 42
0.0000000001
 43
0.0000000001
 40
0.0
 40
0.0
 40
0.0
 40
0.0
 40
0.5
 40
0.5
 40
0.5
 40
1.0
 40
1.0
 40
1.0
 40
1.0
 10
-8.56044
 20
-0.64657
 30
0.0
 10
-8.38862
 20
-0.6369
 30
0.0
 10
-8.32686
 20
-1.03753
 30
0.0
 10
-8.49823
 20
-1.09411
 30
0.0
 10
-8.70839
 20
-0.93871
 30
0.0
 10
-8.72912
 20
-0.78953
 30
0.0
 10
-8.56044
 20
-0.64657
 30
0.0
  0
SPLINE
  5
138
330
1F
100
AcDbEntity
  8
Plan 1
 62
   250
370
    20
100
AcDbSpline
210
0.0
220
0.0
230
1.0
 70
    11
 71
     3
 72
    11
 73
     7
 74
     0
 42
0.0000000001
 43
0.0000000001
 40
0.0
 40
0.0
 40
0.0
 40
0.0
 40
0.5
 40
0.5
 40
0.5
 40
1.0
 40
1.0
 40
1.0
 40
1.0
 10
-8.74013
 20
-0.28375
 30
0.0
 10
-8.60155
 20
-0.08789
 30
0.0
 10
-8.28293
 20
-0.38241
 30
0.0
 10
-8.83344
 20
-0.72264
 30
0.0
 10
-8.97309
 20
-0.69862
 30
0.0
 10
-8.94198
 20
-0.55232
 30
0.0
 10
-8.74013
 20
-0.28375
 30
0.0
  0
SPLINE
  5
139
330
1F
100
AcDbEntity
  8
Plan 1
 62
   250
370
    20
100
AcDbSpline
210
0.0
220
0.0
230
1.0
 70
    11
 71
     3
 72
    11
 73
     7
 74
     0
 42
0.0000000001
 43
0.0000000001
 40
0.0
 40
0.0
 40
0.0
 40
0.0
 40
0.5
 40
0.5
 40
0.5
 40
1.0
 40
1.0
 40
1.0
 40
1.0
 10
-8.25979
 20
-0.98006
 30
0.0
 10
-8.1275
 20
-1.04481
 30
0.0
 10
-8.16618
 20
-1.48785
 30
0.0
 10
-8.28744
 20
-1.45697
 30
0.0
 10
-8.46055
 20
-1.24465
 30
0.0
 10
-8.45133
 20
-1.08568
 30
0.0
 10
-8.25979
 20
-0.98006
 30
0.0
  0
SPLINE
  5
13A
330
1F
100
AcDbEntity
  8
Plan 1
 62
   250
370
    20
100
AcDbSpline
210
0.0
220
0.0
230
1.0
 70
    11
 71
     3
 72
    11
 73
     7
 74
     0
 42
0.0000000001
 43
0.0000000001
 40
0.0
 40
0.0
 40
0.0
 40
0.0
 40
0.5
 40
0.5
 40
0.5
 40
1.0
 40
1.0
 40
1.0
 40
1.0
 10
-3.23423
 20
6.97952
 30
0.0
 10
-3.05659
 20
6.83462
 30
0.0
 10
-3.74987
 20
6.23392
 30
0.0
 10
-3.91157
 20
6.21923
 30
0.0
 10
-3.81201
 20
6.62133
 30
0.0
 10
-3.58623
 20
6.87476
 30
0.0
 10
-3.23423
 20
6.97952
 30
0.0
  0
SPLINE
  5
13B
330
1F
100
AcDbEntity
  8
Plan 1
 62
   250
370
    20
100
AcDbSpline
210
0.0
220
0.0
230
1.0
 70
    11
 71
     3
 72
    11
 73
     7
 74
     0
 42
0.0000000001
 43
0.0000000001
 40
0.0
 40
0.0
 40
0.0
 40
0.0
 40
0.5
 40
0.5
 40
0.5
 40
1.0
 40
1.0
 40
1.0
 40
1.0
 10
-4.22953
 20
6.15706
 30
0.0
 10
-4.40281
 20
5.91402
 30
0.0
 10
-4.44197
 20
5.91633
 30
0.0
 10
-4.34703
 20
6.16397
 30
0.0
 10
-3.55304
 20
8.7001
 30
0.0
 10
-1.97958
 20
9.23385
 30
0.0
 10
-4.22953
 20
6.15706
 30
0.0
  0
SPLINE
  5
13C
330
1F
100
AcDbEntity
  8
Plan 1
 62
   250
370
    20
100
AcDbSpline
210
0.0
220
0.0
230
1.0
 70
    11
 71
     3
 72
    14
 73
    10
 74
     0
 42
0.0000000001
 43
0.0000000001
 40
0.0
 40
0.0
 40
0.0
 40
0.0
 40
0.3333333333333333
 40
0.3333333333333333
 40
0.3333333333333333
 40
0.6666666666666666
 40
0.6666666666666666
 40
0.6666666666666666
 40
1.0
 40
1.0
 40
1.0
 40
1.0
 10
-5.33907
 20
12.039
 30
0.0
 10
-5.67834
 20
11.62462
 30
0.0
 10
-5.92025
 20
11.39999
 30
0.0
 10
-6.0648
 20
11.36511
 30
0.0
 10
-6.05599
 20
11.81283
 30
0.0
 10
-5.82214
 20
12.22753
 30
0.0
 10
-5.36327
 20
12.60922
 30
0.0
 10
-5.16343
 20
12.57094
 30
0.0
 10
-5.15537
 20
12.38086
 30
0.0
 10
-5.33907
 20
12.039
 30
0.0
  0
SPLINE
  5
13D
330
1F
100
AcDbEntity
  8
Plan 1
 62
   250
370
    20
100
AcDbSpline
210
0.0
220
0.0
230
1.0
 70
    11
 71
     3
 72
    17
 73
    13
 74
     0
 42
0.0000000001
 43
0.0000000001
 40
0.0
 40
0.0
 40
0.0
 40
0.0
 40
0.25
 40
0.25
 40
0.25
 40
0.5
 40
0.5
 40
0.5
 40
0.75
 40
0.75
 40
0.75
 40
1.0
 40
1.0
 40
1.0
 40
1.0
 10
-15.66878
 20
-8.06067
 30
0.0
 10
-15.3444
 20
-8.40889
 30
0.0
 10
-14.92048
 20
-8.46419
 30
0.0
 10
-14.39702
 20
-8.22656
 30
0.0
 10
-13.93499
 20
-8.21928
 30
0.0
 10
-13.63318
 20
-8.293
 30
0.0
 10
-13.49158
 20
-8.44774
 30
0.0
 10
-14.8206
 20
-9.17849
 30
0.0
 10
-15.98177
 20
-9.10016
 30
0.0
 10
-16.97509
 20
-8.21273
 30
0.0
 10
-16.94603
 20
-8.06897
 30
0.0
 10
-16.51059
 20
-8.01828
 30
0.0
 10
-15.66878
 20
-8.06067
 30
0.0
  0
SPLINE
  5
13E
330
1F
100
AcDbEntity
  8
Plan 1
 62
   250
370
    20
100
AcDbSpline
210
0.0
220
0.0
230
1.0
 70
    11
 71
     3
 72
    11
 73
     7
 74
     0
 42
0.0000000001
 43
0.0000000001
 40
0.0
 40
0.0
 40
0.0
 40
0.0
 40
0.5
 40
0.5
 40
0.5
 40
1.0
 40
1.0
 40
1.0
 40
1.0
 10
-3.33814
 20
-18.66231
 30
0.0
 10
-3.14946
 20
-18.5898
 30
0.0
 10
-3.00317
 20
-18.72573
 30
0.0
 10
-2.89925
 20
-19.0701
 30
0.0
 10
-3.07617
 20
-19.21738
 30
0.0
 10
-3.41097
 20
-18.85472
 30
0.0
 10
-3.33814
 20
-18.66231
 30
0.0
  0
SPLINE
  5
13F
330
1F
100
AcDbEntity
  8
Plan 1
 62
   250
370
    20
100
AcDbSpline
210
0.0
220
0.0
230
1.0
 70
    11
 71
     3
 72
     8
 73
     4
 74
     0
 42
0.0000000001
 43
0.0000000001
 40
0.0
 40
0.0
 40
0.0
 40
0.0
 40
1.0
 40
1.0
 40
1.0
 40
1.0
 10
0.88326
 20
-18.00391
 30
0.0
 10
0.1707
 20
-18.409
 30
0.0
 10
0.57539
 20
-16.47658
 30
0.0
 10
0.88326
 20
-18.00391
 30
0.0
  0
SPLINE
  5
140
330
1F
100
AcDbEntity
  8
Plan 1
 62
   250
370
    20
100
AcDbSpline
210
0.0
220
0.0
230
1.0
 70
    11
 71
     3
 72
    11
 73
     7
 74
     0
 42
0.0000000001
 43
0.0000000001
 40
0.0
 40
0.0
 40
0.0
 40
0.0
 40
0.5
 40
0.5
 40
0.5
 40
1.0
 40
1.0
 40
1.0
 40
1.0
 10
-2.5086
 20
-19.47163
 30
0.0
 10
-0.3448
 20
-20.79357
 30
0.0
 10
1.24702
 20
-23.76391
 30
0.0
 10
-0.43511
 20
-22.89294
 30
0.0
 10
-1.85204
 20
-21.77049
 30
0.0
 10
-2.54321
 20
-20.63005
 30
0.0
 10
-2.5086
 20
-19.47163
 30
0.0
  0
SPLINE
  5
141
330
1F
100
AcDbEntity
  8
Plan 1
 62
   250
370
    20
100
AcDbSpline
210
0.0
220
0.0
230
1.0
 70
    11
 71
     3
 72
    17
 73
    13
 74
     0
 42
0.0000000001
 43
0.0000000001
 40
0.0
 40
0.0
 40
0.0
 40
0.0
 40
0.25
 40
0.25
 40
0.25
 40
0.5
 40
0.5
 40
0.5
 40
0.75
 40
0.75
 40
0.75
 40
1.0
 40
1.0
 40
1.0
 40
1.0
 10
-3.50916
 20
-19.35168
 30
0.0
 10
-3.24639
 20
-19.39771
 30
0.0
 10
-2.99527
 20
-19.58663
 30
0.0
 10
-2.75577
 20
-19.91844
 30
0.0
 10
-2.56839
 20
-20.17404
 30
0.0
 10
-2.47048
 20
-20.42056
 30
0.0
 10
-2.46203
 20
-20.65799
 30
0.0
 10
-2.62327
 20
-20.65699
 30
0.0
 10
-2.84444
 20
-20.52797
 30
0.0
 10
-3.12555
 20
-20.27093
 30
0.0
 10
-3.49445
 20
-19.85013
 30
0.0
 10
-3.62232
 20
-19.54372
 30
0.0
 10
-3.50916
 20
-19.35168
 30
0.0
  0
SPLINE
  5
142
330
1F
100
AcDbEntity
  8
Plan 1
 62
   250
370
    20
100
AcDbSpline
210
0.0
220
0.0
230
1.0
 70
    11
 71
     3
 72
    14
 73
    10
 74
     0
 42
0.0000000001
 43
0.0000000001
 40
0.0
 40
0.0
 40
0.0
 40
0.0
 40
0.3333333333333333
 40
0.3333333333333333
 40
0.3333333333333333
 40
0.6666666666666666
 40
0.6666666666666666
 40
0.6666666666666666
 40
1.0
 40
1.0
 40
1.0
 40
1.0
 10
1.09232
 20
-19.2366
 30
0.0
 10
2.51463
 20
-19.63868
 30
0.0
 10
5.77952
 20
-22.17574
 30
0.0
 10
5.80612
 20
-23.82599
 30
0.0
 10
5.32766
 20
-23.78714
 30
0.0
 10
4.21487
 20
-23.04759
 30
0.0
 10
2.46776
 20
-21.60732
 30
0.0
 10
1.69828
 20
-20.8894
 30
0.0
 10
1.23981
 20
-20.09916
 30
0.0
 10
1.09232
 20
-19.2366
 30
0.0
  0
SPLINE
  5
143
330
1F
100
AcDbEntity
  8
Plan 1
 62
   250
370
    20
100
AcDbSpline
210
0.0
220
0.0
230
1.0
 70
    11
 71
     3
 72
    14
 73
    10
 74
     0
 42
0.0000000001
 43
0.0000000001
 40
0.0
 40
0.0
 40
0.0
 40
0.0
 40
0.3333333333333333
 40
0.3333333333333333
 40
0.3333333333333333
 40
0.6666666666666666
 40
0.6666666666666666
 40
0.6666666666666666
 40
1.0
 40
1.0
 40
1.0
 40
1.0
 10
-1.1609
 20
-19.11221
 30
0.0
 10
0.04402
 20
-19.6156
 30
0.0
 10
3.22488
 20
-21.76687
 30
0.0
 10
3.20731
 20
-23.21777
 30
0.0
 10
2.53211
 20
-23.46498
 30
0.0
 10
1.68428
 20
-23.05949
 30
0.0
 10
0.66379
 20
-22.00131
 30
0.0
 10
-0.29626
 20
-21.17761
 30
0.0
 10
-0.90449
 20
-20.21458
 30
0.0
 10
-1.1609
 20
-19.11221
 30
0.0
  0
SPLINE
  5
144
330
1F
100
AcDbEntity
  8
Plan 1
 62
   250
370
    20
100
AcDbSpline
210
0.0
220
0.0
230
1.0
 70
    11
 71
     3
 72
    11
 73
     7
 74
     0
 42
0.0000000001
 43
0.0000000001
 40
0.0
 40
0.0
 40
0.0
 40
0.0
 40
0.5
 40
0.5
 40
0.5
 40
1.0
 40
1.0
 40
1.0
 40
1.0
 10
3.65995
 20
-23.02763
 30
0.0
 10
3.83695
 20
-23.13226
 30
0.0
 10
4.04084
 20
-23.35804
 30
0.0
 10
4.27164
 20
-23.70497
 30
0.0
 10
4.54606
 20
-24.37666
 30
0.0
 10
3.75498
 20
-23.73965
 30
0.0
 10
3.65995
 20
-23.02763
 30
0.0
  0
SPLINE
  5
145
330
1F
100
AcDbEntity
  8
Plan 1
 62
   250
370
    20
100
AcDbSpline
210
0.0
220
0.0
230
1.0
 70
    11
 71
     3
 72
    14
 73
    10
 74
     0
 42
0.0000000001
 43
0.0000000001
 40
0.0
 40
0.0
 40
0.0
 40
0.0
 40
0.3333333333333333
 40
0.3333333333333333
 40
0.3333333333333333
 40
0.6666666666666666
 40
0.6666666666666666
 40
0.6666666666666666
 40
1.0
 40
1.0
 40
1.0
 40
1.0
 10
3.55627
 20
-23.32138
 30
0.0
 10
3.62787
 20
-23.47558
 30
0.0
 10
3.60598
 20
-23.55737
 30
0.0
 10
3.49061
 20
-23.56675
 30
0.0
 10
3.35606
 20
-23.30341
 30
0.0
 10
3.33187
 20
-23.0615
 30
0.0
 10
3.41804
 20
-22.84102
 30
0.0
 10
3.44621
 20
-23.03859
 30
0.0
 10
3.49229
 20
-23.19872
 30
0.0
 10
3.55627
 20
-23.32138
 30
0.0
  0
SPLINE
  5
146
330
1F
100
AcDbEntity
  8
Plan 1
 62
   250
370
    20
100
AcDbSpline
210
0.0
220
0.0
230
1.0
 70
    11
 71
     3
 72
    11
 73
     7
 74
     0
 42
0.0000000001
 43
0.0000000001
 40
0.0
 40
0.0
 40
0.0
 40
0.0
 40
0.5
 40
0.5
 40
0.5
 40
1.0
 40
1.0
 40
1.0
 40
1.0
 10
3.77745
 20
-22.86866
 30
0.0
 10
4.3766
 20
-23.0936
 30
0.0
 10
5.19153
 20
-24.07434
 30
0.0
 10
4.21289
 20
-23.44233
 30
0.0
 10
3.89648
 20
-23.1488
 30
0.0
 10
3.75133
 20
-22.95757
 30
0.0
 10
3.77745
 20
-22.86866
 30
0.0
  0
SPLINE
  5
147
330
1F
100
AcDbEntity
  8
Plan 1
 62
   250
370
    20
100
AcDbSpline
210
0.0
220
0.0
230
1.0
 70
    11
 71
     3
 72
    17
 73
    13
 74
     0
 42
0.0000000001
 43
0.0000000001
 40
0.0
 40
0.0
 40
0.0
 40
0.0
 40
0.25
 40
0.25
 40
0.25
 40
0.5
 40
0.5
 40
0.5
 40
0.75
 40
0.75
 40
0.75
 40
1.0
 40
1.0
 40
1.0
 40
1.0
 10
2.74137
 20
-23.74159
 30
0.0
 10
2.88452
 20
-23.74159
 30
0.0
 10
3.00056
 20
-23.85764
 30
0.0
 10
3.00056
 20
-24.00078
 30
0.0
 10
3.00056
 20
-24.14393
 30
0.0
 10
2.88452
 20
-24.25997
 30
0.0
 10
2.74137
 20
-24.25997
 30
0.0
 10
2.59822
 20
-24.25997
 30
0.0
 10
2.48218
 20
-24.14393
 30
0.0
 10
2.48218
 20
-24.00078
 30
0.0
 10
2.48218
 20
-23.85764
 30
0.0
 10
2.59822
 20
-23.74159
 30
0.0
 10
2.74137
 20
-23.74159
 30
0.0
  0
SPLINE
  5
148
330
1F
100
AcDbEntity
  8
Plan 1
 62
   250
370
    20
100
AcDbSpline
210
0.0
220
0.0
230
1.0
 70
    11
 71
     3
 72
    14
 73
    10
 74
     0
 42
0.0000000001
 43
0.0000000001
 40
0.0
 40
0.0
 40
0.0
 40
0.0
 40
0.3333333333333333
 40
0.3333333333333333
 40
0.3333333333333333
 40
0.6666666666666666
 40
0.6666666666666666
 40
0.6666666666666666
 40
1.0
 40
1.0
 40
1.0
 40
1.0
 10
9.13755
 20
-22.69934
 30
0.0
 10
8.94167
 20
-22.36343
 30
0.0
 10
8.97393
 20
-22.29431
 30
0.0
 10
9.23431
 20
-22.49199
 30
0.0
 10
10.74398
 20
-23.20079
 30
0.0
 10
11.07055
 20
-24.82605
 30
0.0
 10
9.63306
 20
-23.15844
 30
0.0
 10
9.40418
 20
-22.89291
 30
0.0
 10
9.239
 20
-22.73987
 30
0.0
 10
9.13755
 20
-22.69934
 30
0.0
  0
SPLINE
  5
149
330
1F
100
AcDbEntity
  8
Plan 1
 62
   250
370
    20
100
AcDbSpline
210
0.0
220
0.0
230
1.0
 70
    11
 71
     3
 72
    14
 73
    10
 74
     0
 42
0.0000000001
 43
0.0000000001
 40
0.0
 40
0.0
 40
0.0
 40
0.0
 40
0.3333333333333333
 40
0.3333333333333333
 40
0.3333333333333333
 40
0.6666666666666666
 40
0.6666666666666666
 40
0.6666666666666666
 40
1.0
 40
1.0
 40
1.0
 40
1.0
 10
6.84284
 20
-23.45272
 30
0.0
 10
7.28271
 20
-23.58077
 30
0.0
 10
7.58914
 20
-23.75818
 30
0.0
 10
7.7621
 20
-23.98492
 30
0.0
 10
7.68863
 20
-24.09688
 30
0.0
 10
7.54348
 20
-24.05771
 30
0.0
 10
7.32666
 20
-23.86742
 30
0.0
 10
7.09207
 20
-23.77336
 30
0.0
 10
6.9308
 20
-23.63512
 30
0.0
 10
6.84284
 20
-23.45272
 30
0.0
  0
SPLINE
  5
14A
330
1F
100
AcDbEntity
  8
Plan 1
 62
   250
370
    20
100
AcDbSpline
210
0.0
220
0.0
230
1.0
 70
    11
 71
     3
 72
    14
 73
    10
 74
     0
 42
0.0000000001
 43
0.0000000001
 40
0.0
 40
0.0
 40
0.0
 40
0.0
 40
0.3333333333333333
 40
0.3333333333333333
 40
0.3333333333333333
 40
0.6666666666666666
 40
0.6666666666666666
 40
0.6666666666666666
 40
1.0
 40
1.0
 40
1.0
 40
1.0
 10
6.42123
 20
-23.43889
 30
0.0
 10
7.07263
 20
-23.83376
 30
0.0
 10
7.39518
 20
-24.18626
 30
0.0
 10
7.38886
 20
-24.49638
 30
0.0
 10
7.3456
 20
-24.57088
 30
0.0
 10
7.23501
 20
-24.54554
 30
0.0
 10
7.0571
 20
-24.42036
 30
0.0
 10
6.78235
 20
-24.19212
 30
0.0
 10
6.57039
 20
-23.86497
 30
0.0
 10
6.42123
 20
-23.43889
 30
0.0
  0
SPLINE
  5
14B
330
1F
100
AcDbEntity
  8
Plan 1
 62
   250
370
    20
100
AcDbSpline
210
0.0
220
0.0
230
1.0
 70
    11
 71
     3
 72
    14
 73
    10
 74
     0
 42
0.0000000001
 43
0.0000000001
 40
0.0
 40
0.0
 40
0.0
 40
0.0
 40
0.3333333333333333
 40
0.3333333333333333
 40
0.3333333333333333
 40
0.6666666666666666
 40
0.6666666666666666
 40
0.6666666666666666
 40
1.0
 40
1.0
 40
1.0
 40
1.0
 10
5.95122
 20
-22.99654
 30
0.0
 10
6.35484
 20
-23.51028
 30
0.0
 10
6.47464
 20
-23.84666
 30
0.0
 10
6.31064
 20
-24.00565
 30
0.0
 10
6.16939
 20
-24.04756
 30
0.0
 10
6.08414
 20
-23.97615
 30
0.0
 10
6.0549
 20
-23.79139
 30
0.0
 10
5.98179
 20
-23.50792
 30
0.0
 10
5.94723
 20
-23.24297
 30
0.0
 10
5.95122
 20
-22.99654
 30
0.0
  0
SPLINE
  5
14C
330
1F
100
AcDbEntity
  8
Plan 1
 62
   250
370
    20
100
AcDbSpline
210
0.0
220
0.0
230
1.0
 70
    11
 71
     3
 72
    17
 73
    13
 74
     0
 42
0.0000000001
 43
0.0000000001
 40
0.0
 40
0.0
 40
0.0
 40
0.0
 40
0.25
 40
0.25
 40
0.25
 40
0.5
 40
0.5
 40
0.5
 40
0.75
 40
0.75
 40
0.75
 40
1.0
 40
1.0
 40
1.0
 40
1.0
 10
5.38512
 20
-24.1563
 30
0.0
 10
5.52254
 20
-24.1563
 30
0.0
 10
5.63394
 20
-24.27234
 30
0.0
 10
5.63394
 20
-24.41549
 30
0.0
 10
5.63394
 20
-24.55864
 30
0.0
 10
5.52254
 20
-24.67468
 30
0.0
 10
5.38512
 20
-24.67468
 30
0.0
 10
5.2477
 20
-24.67468
 30
0.0
 10
5.13629
 20
-24.55864
 30
0.0
 10
5.13629
 20
-24.41549
 30
0.0
 10
5.13629
 20
-24.27234
 30
0.0
 10
5.2477
 20
-24.1563
 30
0.0
 10
5.38512
 20
-24.1563
 30
0.0
  0
SPLINE
  5
14D
330
1F
100
AcDbEntity
  8
Plan 1
 62
   250
370
    20
100
AcDbSpline
210
0.0
220
0.0
230
1.0
 70
    11
 71
     3
 72
    17
 73
    13
 74
     0
 42
0.0000000001
 43
0.0000000001
 40
0.0
 40
0.0
 40
0.0
 40
0.0
 40
0.25
 40
0.25
 40
0.25
 40
0.5
 40
0.5
 40
0.5
 40
0.75
 40
0.75
 40
0.75
 40
1.0
 40
1.0
 40
1.0
 40
1.0
 10
8.66474
 20
-24.47424
 30
0.0
 10
8.80789
 20
-24.47424
 30
0.0
 10
8.92393
 20
-24.57636
 30
0.0
 10
8.92393
 20
-24.70233
 30
0.0
 10
8.92393
 20
-24.8283
 30
0.0
 10
8.80789
 20
-24.93041
 30
0.0
 10
8.66474
 20
-24.93041
 30
0.0
 10
8.52159
 20
-24.93041
 30
0.0
 10
8.40555
 20
-24.8283
 30
0.0
 10
8.40555
 20
-24.70233
 30
0.0
 10
8.40555
 20
-24.57636
 30
0.0
 10
8.52159
 20
-24.47424
 30
0.0
 10
8.66474
 20
-24.47424
 30
0.0
  0
SPLINE
  5
14E
330
1F
100
AcDbEntity
  8
Plan 1
 62
   250
370
    20
100
AcDbSpline
210
0.0
220
0.0
230
1.0
 70
    11
 71
     3
 72
    14
 73
    10
 74
     0
 42
0.0000000001
 43
0.0000000001
 40
0.0
 40
0.0
 40
0.0
 40
0.0
 40
0.3333333333333333
 40
0.3333333333333333
 40
0.3333333333333333
 40
0.6666666666666666
 40
0.6666666666666666
 40
0.6666666666666666
 40
1.0
 40
1.0
 40
1.0
 40
1.0
 10
0.66363
 20
-22.35026
 30
0.0
 10
0.82567
 20
-22.58539
 30
0.0
 10
1.01344
 20
-22.82845
 30
0.0
 10
1.22695
 20
-23.07945
 30
0.0
 10
1.38789
 20
-23.25549
 30
0.0
 10
1.41439
 20
-23.47551
 30
0.0
 10
1.30643
 20
-23.73953
 30
0.0
 10
0.85545
 20
-23.19756
 30
0.0
 10
0.64118
 20
-22.73447
 30
0.0
 10
0.66363
 20
-22.35026
 30
0.0
  0
SPLINE
  5
14F
330
1F
100
AcDbEntity
  8
Plan 1
 62
   250
370
    20
100
AcDbSpline
210
0.0
220
0.0
230
1.0
 70
    11
 71
     3
 72
    11
 73
     7
 74
     0
 42
0.0000000001
 43
0.0000000001
 40
0.0
 40
0.0
 40
0.0
 40
0.0
 40
0.5
 40
0.5
 40
0.5
 40
1.0
 40
1.0
 40
1.0
 40
1.0
 10
0.57034
 20
-22.57057
 30
0.0
 10
0.66956
 20
-22.83551
 30
0.0
 10
0.68338
 20
-23.04833
 30
0.0
 10
0.61179
 20
-23.20905
 30
0.0
 10
0.38634
 20
-23.12843
 30
0.0
 10
0.40737
 20
-22.70472
 30
0.0
 10
0.57034
 20
-22.57057
 30
0.0
  0
SPLINE
  5
150
330
1F
100
AcDbEntity
  8
Plan 1
 62
   250
370
    20
100
AcDbSpline
210
0.0
220
0.0
230
1.0
 70
    11
 71
     3
 72
    14
 73
    10
 74
     0
 42
0.0000000001
 43
0.0000000001
 40
0.0
 40
0.0
 40
0.0
 40
0.0
 40
0.3333333333333333
 40
0.3333333333333333
 40
0.3333333333333333
 40
0.6666666666666666
 40
0.6666666666666666
 40
0.6666666666666666
 40
1.0
 40
1.0
 40
1.0
 40
1.0
 10
1.13363
 20
-22.68893
 30
0.0
 10
1.46912
 20
-22.73788
 30
0.0
 10
1.68454
 20
-22.92219
 30
0.0
 10
1.77989
 20
-23.24187
 30
0.0
 10
1.65412
 20
-23.33053
 30
0.0
 10
1.51013
 20
-23.28792
 30
0.0
 10
1.3479
 20
-23.11401
 30
0.0
 10
1.16656
 20
-22.91622
 30
0.0
 10
1.09513
 20
-22.77453
 30
0.0
 10
1.13363
 20
-22.68893
 30
0.0
  0
SPLINE
  5
151
330
1F
100
AcDbEntity
  8
Plan 1
 62
   250
370
    20
100
AcDbSpline
210
0.0
220
0.0
230
1.0
 70
    11
 71
     3
 72
    17
 73
    13
 74
     0
 42
0.0000000001
 43
0.0000000001
 40
0.0
 40
0.0
 40
0.0
 40
0.0
 40
0.25
 40
0.25
 40
0.25
 40
0.5
 40
0.5
 40
0.5
 40
0.75
 40
0.75
 40
0.75
 40
1.0
 40
1.0
 40
1.0
 40
1.0
 10
0.38446
 20
-23.358
 30
0.0
 10
0.4818
 20
-23.358
 30
0.0
 10
0.56071
 20
-23.42994
 30
0.0
 10
0.56071
 20
-23.5187
 30
0.0
 10
0.56071
 20
-23.60745
 30
0.0
 10
0.4818
 20
-23.67939
 30
0.0
 10
0.38446
 20
-23.67939
 30
0.0
 10
0.28713
 20
-23.67939
 30
0.0
 10
0.20822
 20
-23.60745
 30
0.0
 10
0.20822
 20
-23.5187
 30
0.0
 10
0.20822
 20
-23.42994
 30
0.0
 10
0.28713
 20
-23.358
 30
0.0
 10
0.38446
 20
-23.358
 30
0.0
  0
ENDSEC
  0
SECTION
  2
OBJECTS
  0
DICTIONARY
  5
C
330
0
100
AcDbDictionary
281
     1
  3
ACAD_GROUP
350
D
  3
ACAD_LAYOUT
350
1A
  3
ACAD_MATERIAL
350
43
  3
ACAD_MLEADERSTYLE
350
6B
  3
ACAD_MLINESTYLE
350
17
  3
ACAD_PLOTSETTINGS
350
19
  3
ACAD_PLOTSTYLENAME
350
E
  3
ACAD_SCALELIST
350
47
  3
ACAD_TABLESTYLE
350
69
  3
ACAD_VISUALSTYLE
350
2A
  3
AcDbVariableDictionary
350
152
  3
DWGPROPS
350
159
  0
DICTIONARY
  5
15A
330
8
100
AcDbDictionary
280
     1
281
     1
  3
ACAD_XREC_ROUNDTRIP
360
15B
  0
DICTIONARY
  5
D
102
{ACAD_REACTORS
330
C
102
}
330
C
100
AcDbDictionary
281
     1
  0
DICTIONARY
  5
1A
102
{ACAD_REACTORS
330
C
102
}
330
C
100
AcDbDictionary
281
     1
  3
Layout1
350
1E
  3
Layout2
350
26
  3
Model
350
22
  0
DICTIONARY
  5
43
102
{ACAD_REACTORS
330
C
102
}
330
C
100
AcDbDictionary
281
     1
  3
ByBlock
350
45
  3
ByLayer
350
44
  3
Global
350
46
  0
DICTIONARY
  5
6B
102
{ACAD_REACTORS
330
C
102
}
330
C
100
AcDbDictionary
281
     1
  3
Standard
350
6C
  0
DICTIONARY
  5
17
102
{ACAD_REACTORS
330
C
102
}
330
C
100
AcDbDictionary
281
     1
  3
Standard
350
18
  0
DICTIONARY
  5
19
102
{ACAD_REACTORS
330
C
102
}
330
C
100
AcDbDictionary
281
     1
  0
ACDBDICTIONARYWDFLT
  5
E
102
{ACAD_REACTORS
330
C
102
}
330
C
100
AcDbDictionary
281
     1
  3
Normal
350
F
100
AcDbDictionaryWithDefault
340
F
  0
DICTIONARY
  5
47
102
{ACAD_REACTORS
330
C
102
}
330
C
100
AcDbDictionary
281
     1
  3
A0
350
48
  3
A1
350
49
  3
A2
350
4A
  3
A3
350
4B
  3
A4
350
4C
  3
A5
350
4D
  3
A6
350
4E
  3
A7
350
4F
  3
A8
350
50
  3
A9
350
51
  3
B0
350
52
  3
B1
350
53
  3
B2
350
54
  3
B3
350
55
  3
B4
350
56
  3
B5
350
57
  3
B6
350
58
  3
B7
350
59
  3
B8
350
5A
  3
B9
350
5B
  3
C0
350
5C
  3
C1
350
5D
  3
C2
350
5E
  3
C3
350
5F
  3
C4
350
60
  3
C5
350
61
  3
C6
350
62
  3
C7
350
63
  3
C8
350
64
  3
C9
350
65
  3
D0
350
66
  3
D1
350
67
  3
D2
350
68
  0
DICTIONARY
  5
69
102
{ACAD_REACTORS
330
C
102
}
330
C
100
AcDbDictionary
281
     1
  3
Standard
350
6A
  0
DICTIONARY
  5
2A
102
{ACAD_REACTORS
330
C
102
}
330
C
100
AcDbDictionary
281
     1
  3
2dWireframe
350
2F
  3
Basic
350
32
  3
Brighten
350
36
  3
ColorChange
350
3A
  3
Conceptual
350
34
  3
Dim
350
35
  3
EdgeColorOff
350
3D
  3
Facepattern
350
39
  3
Flat
350
2B
  3
FlatWithEdges
350
2C
  3
Gouraud
350
2D
  3
GouraudWithEdges
350
2E
  3
Hidden
350
31
  3
JitterOff
350
3B
  3
Linepattern
350
38
  3
OverhangOff
350
3C
  3
Realistic
350
33
  3
Shaded
350
42
  3
Shaded with edges
350
41
  3
Shades of Gray
350
3E
  3
Sketchy
350
3F
  3
Thicken
350
37
  3
Wireframe
350
30
  3
X-Ray
350
40
  0
DICTIONARY
  5
152
102
{ACAD_REACTORS
330
C
102
}
330
C
100
AcDbDictionary
281
     1
  3
CANNOSCALE
350
15C
  3
CMLEADERSTYLE
350
154
  3
CTABLESTYLE
350
153
  3
DIMASSOC
350
157
  3
HIDETEXT
350
158
  3
MSLTSCALE
350
15D
  0
XRECORD
  5
159
102
{ACAD_REACTORS
330
C
102
}
330
C
100
AcDbXrecord
280
     1
  1
DWGPROPS COOKIE
  2

  3

  4

  6

  7

  8
taoufiq
  9

300
=
301
=
302
=
303
=
304
=
305
=
306
=
307
=
308
=
309
=
 40
0.0
 41
2459213.468601991
 42
2459213.468602419
  1

 90
        0
  0
XRECORD
  5
15B
102
{ACAD_REACTORS
330
15A
102
}
330
15A
100
AcDbXrecord
280
     1
102
VTR_0.000_0.000_1.000_1.000_VISUALSTYLE
340
2F
102
VTR_0.000_0.000_1.000_1.000_GRIDDISPLAY
 70
     3
102
VTR_0.000_0.000_1.000_1.000_GRIDMAJOR
 70
     5
102
VTR_0.000_0.000_1.000_1.000_DEFAULTLIGHTING
280
     1
102
VTR_0.000_0.000_1.000_1.000_DEFAULTLIGHTINGTYPE
 70
     1
102
VTR_0.000_0.000_1.000_1.000_BRIGHTNESS
141
0.0
102
VTR_0.000_0.000_1.000_1.000_CONTRAST
142
0.0
  0
LAYOUT
  5
1E
102
{ACAD_REACTORS
330
1A
102
}
330
1A
100
AcDbPlotSettings
  1

  2
none_device
  4

  6

 40
0.0
 41
0.0
 42
0.0
 43
0.0
 44
0.0
 45
0.0
 46
0.0
 47
0.0
 48
0.0
 49
0.0
140
0.0
141
0.0
142
1.0
143
1.0
 70
   688
 72
     0
 73
     0
 74
     5
  7

 75
    16
147
1.0
148
0.0
149
0.0
100
AcDbLayout
  1
Layout1
 70
     1
 71
     1
 10
0.0
 20
0.0
 11
12.0
 21
9.0
 12
0.0
 22
0.0
 32
0.0
 14
1.000000000000000E+20
 24
1.000000000000000E+20
 34
1.000000000000000E+20
 15
-1.000000000000000E+20
 25
-1.000000000000000E+20
 35
-1.000000000000000E+20
146
0.0
 13
0.0
 23
0.0
 33
0.0
 16
1.0
 26
0.0
 36
0.0
 17
0.0
 27
1.0
 37
0.0
 76
     0
330
1B
  0
LAYOUT
  5
26
102
{ACAD_REACTORS
330
1A
102
}
330
1A
100
AcDbPlotSettings
  1

  2
none_device
  4

  6

 40
0.0
 41
0.0
 42
0.0
 43
0.0
 44
0.0
 45
0.0
 46
0.0
 47
0.0
 48
0.0
 49
0.0
140
0.0
141
0.0
142
1.0
143
1.0
 70
   688
 72
     0
 73
     0
 74
     5
  7

 75
    16
147
1.0
148
0.0
149
0.0
100
AcDbLayout
  1
Layout2
 70
     1
 71
     2
 10
0.0
 20
0.0
 11
0.0
 21
0.0
 12
0.0
 22
0.0
 32
0.0
 14
0.0
 24
0.0
 34
0.0
 15
0.0
 25
0.0
 35
0.0
146
0.0
 13
0.0
 23
0.0
 33
0.0
 16
1.0
 26
0.0
 36
0.0
 17
0.0
 27
1.0
 37
0.0
 76
     0
330
23
  0
LAYOUT
  5
22
102
{ACAD_REACTORS
330
1A
102
}
330
1A
100
AcDbPlotSettings
  1

  2
none_device
  4
Letter_(8.50_x_11.00_Inches)
  6

 40
6.35
 41
6.35
 42
6.35000508
 43
6.35000508
 44
215.9
 45
279.4
 46
0.0
 47
0.0
 48
0.0
 49
0.0
140
0.0
141
0.0
142
1.0
143
1.0
 70
  1712
 72
     0
 73
     0
 74
     0
  7

 75
     0
147
1.0
148
0.0
149
0.0
100
AcDbLayout
  1
Model
 70
     1
 71
     0
 10
0.0
 20
0.0
 11
12.0
 21
9.0
 12
0.0
 22
0.0
 32
0.0
 14
-19.55031
 24
-25.17834
 34
0.0
 15
11.08822
 25
14.28863
 35
0.0
146
0.0
 13
0.0
 23
0.0
 33
0.0
 16
1.0
 26
0.0
 36
0.0
 17
0.0
 27
1.0
 37
0.0
 76
     0
330
1F
331
29
  0
MATERIAL
  5
45
102
{ACAD_REACTORS
330
43
102
}
102
{ACAD_XDICTIONARY
360
190
102
}
330
43
100
AcDbMaterial
  1
ByBlock
  0
MATERIAL
  5
44
102
{ACAD_REACTORS
330
43
102
}
102
{ACAD_XDICTIONARY
360
18E
102
}
330
43
100
AcDbMaterial
  1
ByLayer
  0
MATERIAL
  5
46
102
{ACAD_REACTORS
330
43
102
}
102
{ACAD_XDICTIONARY
360
192
102
}
330
43
100
AcDbMaterial
  1
Global
  0
MLEADERSTYLE
  5
6C
102
{ACAD_REACTORS
330
6B
102
}
102
{ACAD_XDICTIONARY
360
195
102
}
330
6B
100
AcDbMLeaderStyle
170
     2
171
     1
172
     0
 90
        2
 40
0.0
 41
0.0
173
     1
 91
-1056964608
340
14
 92
       -2
290
     1
 42
0.09
291
     1
 43
0.36
  3
Standard
341
0
 44
0.18
300

342
11
174
     1
178
     6
175
     1
176
     0
 93
-1056964608
 45
0.18
292
     0
297
     0
 46
0.18
343
0
 94
-1056964608
 47
1.0
 49
1.0
140
1.0
293
     1
141
0.0
294
     1
177
     0
142
1.0
295
     0
296
     0
143
0.125
1001
ACAD_MLEADERVER
1070
     2
  0
MLINESTYLE
  5
18
102
{ACAD_REACTORS
330
17
102
}
330
17
100
AcDbMlineStyle
  2
Standard
 70
     0
  3

 62
   256
 51
90.0
 52
90.0
 71
     2
 49
0.5
 62
   256
  6
BYLAYER
 49
-0.5
 62
   256
  6
BYLAYER
  0
ACDBPLACEHOLDER
  5
F
102
{ACAD_REACTORS
330
E
102
}
330
E
  0
SCALE
  5
48
102
{ACAD_REACTORS
330
47
102
}
330
47
100
AcDbScale
 70
     0
300
1:1
140
1.0
141
1.0
290
     1
  0
SCALE
  5
49
102
{ACAD_REACTORS
330
47
102
}
330
47
100
AcDbScale
 70
     0
300
1:2
140
1.0
141
2.0
290
     0
  0
SCALE
  5
4A
102
{ACAD_REACTORS
330
47
102
}
330
47
100
AcDbScale
 70
     0
300
1:4
140
1.0
141
4.0
290
     0
  0
SCALE
  5
4B
102
{ACAD_REACTORS
330
47
102
}
330
47
100
AcDbScale
 70
     0
300
1:5
140
1.0
141
5.0
290
     0
  0
SCALE
  5
4C
102
{ACAD_REACTORS
330
47
102
}
330
47
100
AcDbScale
 70
     0
300
1:8
140
1.0
141
8.0
290
     0
  0
SCALE
  5
4D
102
{ACAD_REACTORS
330
47
102
}
330
47
100
AcDbScale
 70
     0
300
1:10
140
1.0
141
10.0
290
     0
  0
SCALE
  5
4E
102
{ACAD_REACTORS
330
47
102
}
330
47
100
AcDbScale
 70
     0
300
1:16
140
1.0
141
16.0
290
     0
  0
SCALE
  5
4F
102
{ACAD_REACTORS
330
47
102
}
330
47
100
AcDbScale
 70
     0
300
1:20
140
1.0
141
20.0
290
     0
  0
SCALE
  5
50
102
{ACAD_REACTORS
330
47
102
}
330
47
100
AcDbScale
 70
     0
300
1:30
140
1.0
141
30.0
290
     0
  0
SCALE
  5
51
102
{ACAD_REACTORS
330
47
102
}
330
47
100
AcDbScale
 70
     0
300
1:40
140
1.0
141
40.0
290
     0
  0
SCALE
  5
52
102
{ACAD_REACTORS
330
47
102
}
330
47
100
AcDbScale
 70
     0
300
1:50
140
1.0
141
50.0
290
     0
  0
SCALE
  5
53
102
{ACAD_REACTORS
330
47
102
}
330
47
100
AcDbScale
 70
     0
300
1:100
140
1.0
141
100.0
290
     0
  0
SCALE
  5
54
102
{ACAD_REACTORS
330
47
102
}
330
47
100
AcDbScale
 70
     0
300
2:1
140
2.0
141
1.0
290
     0
  0
SCALE
  5
55
102
{ACAD_REACTORS
330
47
102
}
330
47
100
AcDbScale
 70
     0
300
4:1
140
4.0
141
1.0
290
     0
  0
SCALE
  5
56
102
{ACAD_REACTORS
330
47
102
}
330
47
100
AcDbScale
 70
     0
300
8:1
140
8.0
141
1.0
290
     0
  0
SCALE
  5
57
102
{ACAD_REACTORS
330
47
102
}
330
47
100
AcDbScale
 70
     0
300
10:1
140
10.0
141
1.0
290
     0
  0
SCALE
  5
58
102
{ACAD_REACTORS
330
47
102
}
330
47
100
AcDbScale
 70
     0
300
100:1
140
100.0
141
1.0
290
     0
  0
SCALE
  5
59
102
{ACAD_REACTORS
330
47
102
}
330
47
100
AcDbScale
 70
     0
300
1/128" = 1'-0"
140
0.0078125
141
12.0
290
     0
  0
SCALE
  5
5A
102
{ACAD_REACTORS
330
47
102
}
330
47
100
AcDbScale
 70
     0
300
1/64" = 1'-0"
140
0.015625
141
12.0
290
     0
  0
SCALE
  5
5B
102
{ACAD_REACTORS
330
47
102
}
330
47
100
AcDbScale
 70
     0
300
1/32" = 1'-0"
140
0.03125
141
12.0
290
     0
  0
SCALE
  5
5C
102
{ACAD_REACTORS
330
47
102
}
330
47
100
AcDbScale
 70
     0
300
1/16" = 1'-0"
140
0.0625
141
12.0
290
     0
  0
SCALE
  5
5D
102
{ACAD_REACTORS
330
47
102
}
330
47
100
AcDbScale
 70
     0
300
3/32" = 1'-0"
140
0.09375
141
12.0
290
     0
  0
SCALE
  5
5E
102
{ACAD_REACTORS
330
47
102
}
330
47
100
AcDbScale
 70
     0
300
1/8" = 1'-0"
140
0.125
141
12.0
290
     0
  0
SCALE
  5
5F
102
{ACAD_REACTORS
330
47
102
}
330
47
100
AcDbScale
 70
     0
300
3/16" = 1'-0"
140
0.1875
141
12.0
290
     0
  0
SCALE
  5
60
102
{ACAD_REACTORS
330
47
102
}
330
47
100
AcDbScale
 70
     0
300
1/4" = 1'-0"
140
0.25
141
12.0
290
     0
  0
SCALE
  5
61
102
{ACAD_REACTORS
330
47
102
}
330
47
100
AcDbScale
 70
     0
300
3/8" = 1'-0"
140
0.375
141
12.0
290
     0
  0
SCALE
  5
62
102
{ACAD_REACTORS
330
47
102
}
330
47
100
AcDbScale
 70
     0
300
1/2" = 1'-0"
140
0.5
141
12.0
290
     0
  0
SCALE
  5
63
102
{ACAD_REACTORS
330
47
102
}
330
47
100
AcDbScale
 70
     0
300
3/4" = 1'-0"
140
0.75
141
12.0
290
     0
  0
SCALE
  5
64
102
{ACAD_REACTORS
330
47
102
}
330
47
100
AcDbScale
 70
     0
300
1" = 1'-0"
140
1.0
141
12.0
290
     0
  0
SCALE
  5
65
102
{ACAD_REACTORS
330
47
102
}
330
47
100
AcDbScale
 70
     0
300
1-1/2" = 1'-0"
140
1.5
141
12.0
290
     0
  0
SCALE
  5
66
102
{ACAD_REACTORS
330
47
102
}
330
47
100
AcDbScale
 70
     0
300
3" = 1'-0"
140
3.0
141
12.0
290
     0
  0
SCALE
  5
67
102
{ACAD_REACTORS
330
47
102
}
330
47
100
AcDbScale
 70
     0
300
6" = 1'-0"
140
6.0
141
12.0
290
     0
  0
SCALE
  5
68
102
{ACAD_REACTORS
330
47
102
}
330
47
100
AcDbScale
 70
     0
300
1'-0" = 1'-0"
140
12.0
141
12.0
290
     0
  0
TABLESTYLE
  5
6A
102
{ACAD_REACTORS
330
69
102
}
330
69
100
AcDbTableStyle
  3
Standard
 70
     0
 71
     0
 40
0.06
 41
0.06
280
     0
281
     0
  7
Standard
140
0.18
170
     2
 62
     0
 63
   257
283
     0
274
    -2
284
     1
 64
     0
275
    -2
285
     1
 65
     0
276
    -2
286
     1
 66
     0
277
    -2
287
     1
 67
     0
278
    -2
288
     1
 68
     0
279
    -2
289
     1
 69
     0
  7
Standard
140
0.25
170
     5
 62
     0
 63
   257
283
     0
274
    -2
284
     1
 64
     0
275
    -2
285
     1
 65
     0
276
    -2
286
     1
 66
     0
277
    -2
287
     1
 67
     0
278
    -2
288
     1
 68
     0
279
    -2
289
     1
 69
     0
  7
Standard
140
0.18
170
     5
 62
     0
 63
   257
283
     0
274
    -2
284
     1
 64
     0
275
    -2
285
     1
 65
     0
276
    -2
286
     1
 66
     0
277
    -2
287
     1
 67
     0
278
    -2
288
     1
 68
     0
279
    -2
289
     1
 69
     0
  0
VISUALSTYLE
  5
2F
102
{ACAD_REACTORS
330
2A
102
}
102
{ACAD_XDICTIONARY
360
166
102
}
330
2A
100
AcDbVisualStyle
  2
2dWireframe
 70
     4
 71
     0
 72
     2
 73
     0
 90
        0
 40
0.6
 41
30.0
 62
     5
 63
     7
 74
     1
 91
        4
 64
     7
 65
   257
 75
     1
175
     1
 42
1.0
 92
        0
 66
   257
 43
1.0
 76
     1
 77
     6
 78
     2
 67
     7
 79
     5
170
     0
171
     0
290
     0
174
     0
 93
        1
 44
0.0
173
     0
291
     0
 45
0.0
1001
ACAD
1000
AcDbSavedByObjectVersion
1070
     0
  0
VISUALSTYLE
  5
32
102
{ACAD_REACTORS
330
2A
102
}
102
{ACAD_XDICTIONARY
360
16C
102
}
330
2A
100
AcDbVisualStyle
  2
Basic
 70
     7
 71
     1
 72
     0
 73
     1
 90
        0
 40
0.6
 41
30.0
 62
     5
 63
     7
 74
     0
 91
        4
 64
     7
 65
   257
 75
     1
175
     1
 42
1.0
 92
        8
 66
     7
 43
1.0
 76
     1
 77
     6
 78
     2
 67
     7
 79
     5
170
     0
171
     0
290
     0
174
     0
 93
        1
 44
0.0
173
     0
291
     1
 45
0.0
1001
ACAD
1000
AcDbSavedByObjectVersion
1070
     0
  0
VISUALSTYLE
  5
36
102
{ACAD_REACTORS
330
2A
102
}
102
{ACAD_XDICTIONARY
360
174
102
}
330
2A
100
AcDbVisualStyle
  2
Brighten
 70
    12
 71
     2
 72
     2
 73
     0
 90
        0
 40
0.6
 41
30.0
 62
     5
 63
     7
 74
     1
 91
        4
 64
     7
 65
   257
 75
     1
175
     1
 42
1.0
 92
        8
 66
     7
 43
1.0
 76
     1
 77
     6
 78
     2
 67
     7
 79
     5
170
     0
171
     0
290
     0
174
     0
 93
        1
 44
50.0
173
     0
291
     1
 45
0.0
1001
ACAD
1000
AcDbSavedByObjectVersion
1070
     0
  0
VISUALSTYLE
  5
3A
102
{ACAD_REACTORS
330
2A
102
}
102
{ACAD_XDICTIONARY
360
17C
102
}
330
2A
100
AcDbVisualStyle
  2
ColorChange
 70
    16
 71
     2
 72
     2
 73
     3
 90
        0
 40
0.6
 41
30.0
 62
     5
 63
     8
 74
     1
 91
        4
 64
     7
 65
   257
 75
     1
175
     1
 42
1.0
 92
        8
 66
     8
 43
1.0
 76
     1
 77
     6
 78
     2
 67
     7
 79
     5
170
     0
171
     0
290
     0
174
     0
 93
        1
 44
0.0
173
     0
291
     1
 45
0.0
1001
ACAD
1000
AcDbSavedByObjectVersion
1070
     0
  0
VISUALSTYLE
  5
34
102
{ACAD_REACTORS
330
2A
102
}
102
{ACAD_XDICTIONARY
360
170
102
}
330
2A
100
AcDbVisualStyle
  2
Conceptual
 70
     9
 71
     3
 72
     2
 73
     0
 90
        0
 40
0.6
 41
30.0
 62
     5
 63
     7
 74
     2
 91
        2
 64
     7
 65
   257
 75
     1
175
     1
 42
179.0
 92
        8
 66
     7
 43
1.0
 76
     1
 77
     6
 78
     2
 67
     7
 79
     3
170
     0
171
     0
290
     0
174
     0
 93
        1
 44
0.0
173
     0
291
     0
 45
0.0
1001
ACAD
1000
AcDbSavedByObjectVersion
1070
     0
  0
VISUALSTYLE
  5
35
102
{ACAD_REACTORS
330
2A
102
}
102
{ACAD_XDICTIONARY
360
172
102
}
330
2A
100
AcDbVisualStyle
  2
Dim
 70
    11
 71
     2
 72
     2
 73
     0
 90
        0
 40
0.6
 41
30.0
 62
     5
 63
     7
 74
     1
 91
        4
 64
     7
 65
   257
 75
     1
175
     1
 42
1.0
 92
        8
 66
     7
 43
1.0
 76
     1
 77
     6
 78
     2
 67
     7
 79
     5
170
     0
171
     0
290
     0
174
     0
 93
        1
 44
-50.0
173
     0
291
     1
 45
0.0
1001
ACAD
1000
AcDbSavedByObjectVersion
1070
     0
  0
VISUALSTYLE
  5
3D
102
{ACAD_REACTORS
330
2A
102
}
102
{ACAD_XDICTIONARY
360
182
102
}
330
2A
100
AcDbVisualStyle
  2
EdgeColorOff
 70
    22
 71
     2
 72
     2
 73
     0
 90
        0
 40
0.6
 41
30.0
 62
     5
 63
     7
 74
     1
 91
        4
 64
     7
 65
   257
 75
     1
175
     1
 42
1.0
 92
        8
 66
     7
 43
1.0
 76
     1
 77
     6
 78
     2
 67
     7
 79
     5
170
     0
171
     0
290
     0
174
     0
 93
        1
 44
0.0
173
     0
291
     1
 45
0.0
1001
ACAD
1000
AcDbSavedByObjectVersion
1070
     0
  0
VISUALSTYLE
  5
39
102
{ACAD_REACTORS
330
2A
102
}
102
{ACAD_XDICTIONARY
360
17A
102
}
330
2A
100
AcDbVisualStyle
  2
Facepattern
 70
    15
 71
     2
 72
     2
 73
     0
 90
        0
 40
0.6
 41
30.0
 62
     5
 63
     7
 74
     1
 91
        4
 64
     7
 65
   257
 75
     1
175
     1
 42
1.0
 92
        8
 66
     7
 43
1.0
 76
     1
 77
     6
 78
     2
 67
     7
 79
     5
170
     0
171
     0
290
     0
174
     0
 93
        1
 44
0.0
173
     0
291
     1
 45
0.0
1001
ACAD
1000
AcDbSavedByObjectVersion
1070
     0
  0
VISUALSTYLE
  5
2B
102
{ACAD_REACTORS
330
2A
102
}
102
{ACAD_XDICTIONARY
360
15E
102
}
330
2A
100
AcDbVisualStyle
  2
Flat
 70
     0
 71
     2
 72
     1
 73
     1
 90
        2
 40
0.6
 41
30.0
 62
     5
 63
     7
 74
     0
 91
        0
 64
     7
 65
   257
 75
     1
175
     1
 42
1.0
 92
        8
 66
     7
 43
1.0
 76
     1
 77
     6
 78
     2
 67
     7
 79
     5
170
     0
171
     0
290
     0
174
     0
 93
       13
 44
0.0
173
     0
291
     1
 45
0.0
1001
ACAD
1000
AcDbSavedByObjectVersion
1070
     0
  0
VISUALSTYLE
  5
2C
102
{ACAD_REACTORS
330
2A
102
}
102
{ACAD_XDICTIONARY
360
160
102
}
330
2A
100
AcDbVisualStyle
  2
FlatWithEdges
 70
     1
 71
     2
 72
     1
 73
     1
 90
        2
 40
0.6
 41
30.0
 62
     5
 63
     7
 74
     1
 91
        0
 64
     7
 65
   257
 75
     1
175
     1
 42
1.0
 92
        0
 66
   257
 43
1.0
 76
     1
 77
     6
 78
     2
 67
     7
 79
     5
170
     0
171
     0
290
     0
174
     0
 93
       13
 44
0.0
173
     0
291
     1
 45
0.0
1001
ACAD
1000
AcDbSavedByObjectVersion
1070
     0
  0
VISUALSTYLE
  5
2D
102
{ACAD_REACTORS
330
2A
102
}
102
{ACAD_XDICTIONARY
360
162
102
}
330
2A
100
AcDbVisualStyle
  2
Gouraud
 70
     2
 71
     2
 72
     2
 73
     1
 90
        2
 40
0.6
 41
30.0
 62
     5
 63
     7
 74
     0
 91
        0
 64
     7
 65
   257
 75
     1
175
     1
 42
1.0
 92
        0
 66
     7
 43
1.0
 76
     1
 77
     6
 78
     2
 67
     7
 79
     5
170
     0
171
     0
290
     0
174
     0
 93
       13
 44
0.0
173
     0
291
     1
 45
0.0
1001
ACAD
1000
AcDbSavedByObjectVersion
1070
     0
  0
VISUALSTYLE
  5
2E
102
{ACAD_REACTORS
330
2A
102
}
102
{ACAD_XDICTIONARY
360
164
102
}
330
2A
100
AcDbVisualStyle
  2
GouraudWithEdges
 70
     3
 71
     2
 72
     2
 73
     1
 90
        2
 40
0.6
 41
30.0
 62
     5
 63
     7
 74
     1
 91
        0
 64
     7
 65
   257
 75
     1
175
     1
 42
1.0
 92
        0
 66
   257
 43
1.0
 76
     1
 77
     6
 78
     2
 67
     7
 79
     5
170
     0
171
     0
290
     0
174
     0
 93
       13
 44
0.0
173
     0
291
     1
 45
0.0
1001
ACAD
1000
AcDbSavedByObjectVersion
1070
     0
  0
VISUALSTYLE
  5
31
102
{ACAD_REACTORS
330
2A
102
}
102
{ACAD_XDICTIONARY
360
16A
102
}
330
2A
100
AcDbVisualStyle
  2
Hidden
 70
     6
 71
     1
 72
     2
 73
     2
 90
        0
 40
0.6
 41
30.0
 62
     5
 63
     7
 74
     2
 91
        2
 64
     7
 65
   257
 75
     2
175
     1
 42
40.0
 92
        0
 66
   257
 43
1.0
 76
     1
 77
     6
 78
     2
 67
     7
 79
     3
170
     0
171
     0
290
     0
174
     0
 93
        1
 44
0.0
173
     0
291
     0
 45
0.0
1001
ACAD
1000
AcDbSavedByObjectVersion
1070
     0
  0
VISUALSTYLE
  5
3B
102
{ACAD_REACTORS
330
2A
102
}
102
{ACAD_XDICTIONARY
360
17E
102
}
330
2A
100
AcDbVisualStyle
  2
JitterOff
 70
    20
 71
     2
 72
     2
 73
     0
 90
        0
 40
0.6
 41
30.0
 62
     5
 63
     7
 74
     1
 91
        4
 64
     7
 65
   257
 75
     1
175
     1
 42
1.0
 92
       10
 66
     7
 43
1.0
 76
     1
 77
     6
 78
     2
 67
     7
 79
     5
170
     0
171
     0
290
     0
174
     0
 93
        1
 44
0.0
173
     0
291
     1
 45
0.0
1001
ACAD
1000
AcDbSavedByObjectVersion
1070
     0
  0
VISUALSTYLE
  5
38
102
{ACAD_REACTORS
330
2A
102
}
102
{ACAD_XDICTIONARY
360
178
102
}
330
2A
100
AcDbVisualStyle
  2
Linepattern
 70
    14
 71
     2
 72
     2
 73
     0
 90
        0
 40
0.6
 41
30.0
 62
     5
 63
     7
 74
     1
 91
        4
 64
     7
 65
   257
 75
     7
175
     7
 42
1.0
 92
        8
 66
     7
 43
1.0
 76
     1
 77
     6
 78
     2
 67
     7
 79
     5
170
     0
171
     0
290
     0
174
     0
 93
        1
 44
0.0
173
     0
291
     1
 45
0.0
1001
ACAD
1000
AcDbSavedByObjectVersion
1070
     0
  0
VISUALSTYLE
  5
3C
102
{ACAD_REACTORS
330
2A
102
}
102
{ACAD_XDICTIONARY
360
180
102
}
330
2A
100
AcDbVisualStyle
  2
OverhangOff
 70
    21
 71
     2
 72
     2
 73
     0
 90
        0
 40
0.6
 41
30.0
 62
     5
 63
     7
 74
     1
 91
        4
 64
     7
 65
   257
 75
     1
175
     1
 42
1.0
 92
        9
 66
     7
 43
1.0
 76
     1
 77
     6
 78
     2
 67
     7
 79
     5
170
     0
171
     0
290
     0
174
     0
 93
        1
 44
0.0
173
     0
291
     1
 45
0.0
1001
ACAD
1000
AcDbSavedByObjectVersion
1070
     0
  0
VISUALSTYLE
  5
33
102
{ACAD_REACTORS
330
2A
102
}
102
{ACAD_XDICTIONARY
360
16E
102
}
330
2A
100
AcDbVisualStyle
  2
Realistic
 70
     8
 71
     2
 72
     3
 73
     0
 90
        2
 40
0.6
 41
30.0
 62
     5
 63
     7
 74
     0
 91
        0
 64
     7
 65
   257
 75
     1
175
     1
 42
1.0
 92
        8
 66
   257
 43
1.0
 76
     1
 77
     6
 78
     2
 67
     7
 79
     3
170
     0
171
     0
290
     0
174
     0
 93
       13
 44
0.0
173
     0
291
     0
 45
0.0
1001
ACAD
1000
AcDbSavedByObjectVersion
1070
     0
  0
VISUALSTYLE
  5
42
102
{ACAD_REACTORS
330
2A
102
}
102
{ACAD_XDICTIONARY
360
18C
102
}
330
2A
100
AcDbVisualStyle
  2
Shaded
 70
    27
 71
     2
 72
     2
 73
     1
 90
        2
 40
0.6
 41
30.0
 62
     5
 63
     7
 74
     0
 91
        4
 64
     7
 65
   257
 75
     1
175
     1
 42
1.0
 92
        8
 66
   257
 43
1.0
 76
     1
 77
     6
 78
     2
 67
     8
 79
     3
170
     0
171
     0
290
     0
174
     0
 93
        5
 44
0.0
173
     0
291
     0
 45
0.0
1001
ACAD
1000
AcDbSavedByObjectVersion
1070
     0
  0
VISUALSTYLE
  5
41
102
{ACAD_REACTORS
330
2A
102
}
102
{ACAD_XDICTIONARY
360
18A
102
}
330
2A
100
AcDbVisualStyle
  2
Shaded with edges
 70
    26
 71
     2
 72
     2
 73
     1
 90
        2
 40
0.6
 41
30.0
 62
     5
 63
     7
 74
     1
 91
       10
 64
     7
 65
   257
 75
     2
175
     1
 42
1.0
 92
        8
 66
   257
 43
1.0
 76
     1
 77
     6
 78
     2
 67
     7
 79
     3
170
     0
171
     0
290
     0
174
     0
 93
        5
 44
0.0
173
     0
291
     0
 45
0.0
1001
ACAD
1000
AcDbSavedByObjectVersion
1070
     0
  0
VISUALSTYLE
  5
3E
102
{ACAD_REACTORS
330
2A
102
}
102
{ACAD_XDICTIONARY
360
184
102
}
330
2A
100
AcDbVisualStyle
  2
Shades of Gray
 70
    23
 71
     2
 72
     2
 73
     3
 90
        0
 40
0.6
 41
30.0
 62
     5
 63
     7
 74
     2
 91
        2
 64
     7
 65
     7
 75
     1
175
     1
 42
40.0
 92
        8
 66
     7
 43
1.0
 76
     1
 77
     6
 78
     2
 67
     7
 79
     3
170
     0
171
     0
290
     0
174
     0
 93
        1
 44
0.0
173
     0
291
     0
 45
0.0
1001
ACAD
1000
AcDbSavedByObjectVersion
1070
     0
  0
VISUALSTYLE
  5
3F
102
{ACAD_REACTORS
330
2A
102
}
102
{ACAD_XDICTIONARY
360
186
102
}
330
2A
100
AcDbVisualStyle
  2
Sketchy
 70
    24
 71
     1
 72
     2
 73
     2
 90
        0
 40
0.6
 41
30.0
 62
     5
 63
     7
 74
     2
 91
        2
 64
     7
 65
     7
 75
     1
175
     1
 42
40.0
 92
       11
 66
     7
 43
1.0
 76
     1
 77
     6
 78
     2
 67
     7
 79
     6
170
     0
171
     0
290
     0
174
     0
 93
        1
 44
0.0
173
     0
291
     0
 45
0.0
1001
ACAD
1000
AcDbSavedByObjectVersion
1070
     0
  0
VISUALSTYLE
  5
37
102
{ACAD_REACTORS
330
2A
102
}
102
{ACAD_XDICTIONARY
360
176
102
}
330
2A
100
AcDbVisualStyle
  2
Thicken
 70
    13
 71
     2
 72
     2
 73
     0
 90
        0
 40
0.6
 41
30.0
 62
     5
 63
     7
 74
     1
 91
        4
 64
     7
 65
   257
 75
     1
175
     1
 42
1.0
 92
       12
 66
     7
 43
1.0
 76
     1
 77
     6
 78
     2
 67
     7
 79
     5
170
     0
171
     0
290
     0
174
     0
 93
        1
 44
0.0
173
     0
291
     1
 45
0.0
1001
ACAD
1000
AcDbSavedByObjectVersion
1070
     0
  0
VISUALSTYLE
  5
30
102
{ACAD_REACTORS
330
2A
102
}
102
{ACAD_XDICTIONARY
360
168
102
}
330
2A
100
AcDbVisualStyle
  2
Wireframe
 70
     5
 71
     0
 72
     2
 73
     0
 90
        0
 40
0.6
 41
30.0
 62
     5
 63
     7
 74
     1
 91
        4
 64
     7
 65
   257
 75
     1
175
     1
 42
1.0
 92
        0
 66
   257
 43
1.0
 76
     1
 77
     6
 78
     2
 67
     7
 79
     3
170
     0
171
     0
290
     0
174
     0
 93
        1
 44
0.0
173
     0
291
     0
 45
0.0
1001
ACAD
1000
AcDbSavedByObjectVersion
1070
     0
  0
VISUALSTYLE
  5
40
102
{ACAD_REACTORS
330
2A
102
}
102
{ACAD_XDICTIONARY
360
188
102
}
330
2A
100
AcDbVisualStyle
  2
X-Ray
 70
    25
 71
     2
 72
     2
 73
     1
 90
        1
 40
0.5
 41
30.0
 62
     5
 63
     7
 74
     1
 91
        0
 64
     7
 65
   257
 75
     1
175
     1
 42
1.0
 92
        8
 66
     7
 43
1.0
 76
     1
 77
     6
 78
     2
 67
     7
 79
     3
170
     0
171
     0
290
     0
174
     0
 93
       13
 44
0.0
173
     0
291
     0
 45
0.0
1001
ACAD
1000
AcDbSavedByObjectVersion
1070
     0
  0
DICTIONARYVAR
  5
15C
102
{ACAD_REACTORS
330
152
102
}
330
152
100
DictionaryVariables
280
     0
  1
1:1
  0
DICTIONARYVAR
  5
154
102
{ACAD_REACTORS
330
152
102
}
330
152
100
DictionaryVariables
280
     0
  1
Standard
  0
DICTIONARYVAR
  5
153
102
{ACAD_REACTORS
330
152
102
}
330
152
100
DictionaryVariables
280
     0
  1
Standard
  0
DICTIONARYVAR
  5
157
102
{ACAD_REACTORS
330
152
102
}
330
152
100
DictionaryVariables
280
     0
  1
2
  0
DICTIONARYVAR
  5
158
102
{ACAD_REACTORS
330
152
102
}
330
152
100
DictionaryVariables
280
     0
  1
1
  0
DICTIONARYVAR
  5
15D
102
{ACAD_REACTORS
330
152
102
}
330
152
100
DictionaryVariables
280
     0
  1
1
  0
DICTIONARY
  5
190
330
45
100
AcDbDictionary
280
     1
281
     1
  3
ACAD_XREC_ROUNDTRIP
360
191
  0
DICTIONARY
  5
18E
330
44
100
AcDbDictionary
280
     1
281
     1
  3
ACAD_XREC_ROUNDTRIP
360
18F
  0
DICTIONARY
  5
192
330
46
100
AcDbDictionary
280
     1
281
     1
  3
ACAD_XREC_ROUNDTRIP
360
193
  0
DICTIONARY
  5
195
330
6C
100
AcDbDictionary
280
     1
281
     1
  3
ACAD_XREC_ROUNDTRIP
360
196
  0
DICTIONARY
  5
166
330
2F
100
AcDbDictionary
280
     1
281
     1
  3
ACAD_XREC_ROUNDTRIP
360
167
  0
DICTIONARY
  5
16C
330
32
100
AcDbDictionary
280
     1
281
     1
  3
ACAD_XREC_ROUNDTRIP
360
16D
  0
DICTIONARY
  5
174
330
36
100
AcDbDictionary
280
     1
281
     1
  3
ACAD_XREC_ROUNDTRIP
360
175
  0
DICTIONARY
  5
17C
330
3A
100
AcDbDictionary
280
     1
281
     1
  3
ACAD_XREC_ROUNDTRIP
360
17D
  0
DICTIONARY
  5
170
330
34
100
AcDbDictionary
280
     1
281
     1
  3
ACAD_XREC_ROUNDTRIP
360
171
  0
DICTIONARY
  5
172
330
35
100
AcDbDictionary
280
     1
281
     1
  3
ACAD_XREC_ROUNDTRIP
360
173
  0
DICTIONARY
  5
182
330
3D
100
AcDbDictionary
280
     1
281
     1
  3
ACAD_XREC_ROUNDTRIP
360
183
  0
DICTIONARY
  5
17A
330
39
100
AcDbDictionary
280
     1
281
     1
  3
ACAD_XREC_ROUNDTRIP
360
17B
  0
DICTIONARY
  5
15E
330
2B
100
AcDbDictionary
280
     1
281
     1
  3
ACAD_XREC_ROUNDTRIP
360
15F
  0
DICTIONARY
  5
160
330
2C
100
AcDbDictionary
280
     1
281
     1
  3
ACAD_XREC_ROUNDTRIP
360
161
  0
DICTIONARY
  5
162
330
2D
100
AcDbDictionary
280
     1
281
     1
  3
ACAD_XREC_ROUNDTRIP
360
163
  0
DICTIONARY
  5
164
330
2E
100
AcDbDictionary
280
     1
281
     1
  3
ACAD_XREC_ROUNDTRIP
360
165
  0
DICTIONARY
  5
16A
330
31
100
AcDbDictionary
280
     1
281
     1
  3
ACAD_XREC_ROUNDTRIP
360
16B
  0
DICTIONARY
  5
17E
330
3B
100
AcDbDictionary
280
     1
281
     1
  3
ACAD_XREC_ROUNDTRIP
360
17F
  0
DICTIONARY
  5
178
330
38
100
AcDbDictionary
280
     1
281
     1
  3
ACAD_XREC_ROUNDTRIP
360
179
  0
DICTIONARY
  5
180
330
3C
100
AcDbDictionary
280
     1
281
     1
  3
ACAD_XREC_ROUNDTRIP
360
181
  0
DICTIONARY
  5
16E
330
33
100
AcDbDictionary
280
     1
281
     1
  3
ACAD_XREC_ROUNDTRIP
360
16F
  0
DICTIONARY
  5
18C
330
42
100
AcDbDictionary
280
     1
281
     1
  3
ACAD_XREC_ROUNDTRIP
360
18D
  0
DICTIONARY
  5
18A
330
41
100
AcDbDictionary
280
     1
281
     1
  3
ACAD_XREC_ROUNDTRIP
360
18B
  0
DICTIONARY
  5
184
330
3E
100
AcDbDictionary
280
     1
281
     1
  3
ACAD_XREC_ROUNDTRIP
360
185
  0
DICTIONARY
  5
186
330
3F
100
AcDbDictionary
280
     1
281
     1
  3
ACAD_XREC_ROUNDTRIP
360
187
  0
DICTIONARY
  5
176
330
37
100
AcDbDictionary
280
     1
281
     1
  3
ACAD_XREC_ROUNDTRIP
360
177
  0
DICTIONARY
  5
168
330
30
100
AcDbDictionary
280
     1
281
     1
  3
ACAD_XREC_ROUNDTRIP
360
169
  0
DICTIONARY
  5
188
330
40
100
AcDbDictionary
280
     1
281
     1
  3
ACAD_XREC_ROUNDTRIP
360
189
  0
XRECORD
  5
191
102
{ACAD_REACTORS
330
190
102
}
330
190
100
AcDbXrecord
280
     1
102
MATERIAL
148
0.0
149
0.0
149
0.0
 93
        0
 94
      127
282
     0
 72
     1
 77
     1
171
     1
175
     1
179
     1
273
     0
  0
XRECORD
  5
18F
102
{ACAD_REACTORS
330
18E
102
}
330
18E
100
AcDbXrecord
280
     1
102
MATERIAL
148
0.0
149
0.0
149
0.0
 93
        0
 94
      127
282
     0
 72
     1
 77
     1
171
     1
175
     1
179
     1
273
     0
  0
XRECORD
  5
193
102
{ACAD_REACTORS
330
192
102
}
330
192
100
AcDbXrecord
280
     1
102
MATERIAL
148
0.0
149
0.0
149
0.0
 93
        0
 94
      127
282
     0
 72
     1
 77
     1
171
     1
175
     1
179
     1
273
     0
  0
XRECORD
  5
196
102
{ACAD_REACTORS
330
195
102
}
330
195
100
AcDbXrecord
280
     1
102
ACAD_ROUNDTRIP_2010_MLEADER_STYLE
  0
XRECORD
  5
167
102
{ACAD_REACTORS
330
166
102
}
330
166
100
AcDbXrecord
280
     1
102
RTVSPropertyOp0
 70
     1
102
RTVSPropertyOp1
 70
     1
102
RTVSPropertyOp2
 70
     1
102
RTVSPropertyOp3
 70
     1
102
RTVSPropertyOp4
 70
     1
102
RTVSPropertyOp5
 70
     1
102
RTVSPropertyOp6
 70
     1
102
RTVSPropertyOp7
 70
     1
102
RTVSPropertyOp8
 70
     1
102
RTVSPropertyOp9
 70
     1
102
RTVSPropertyOp10
 70
     1
102
RTVSPropertyOp11
 70
     1
102
RTVSPropertyOp12
 70
     1
102
RTVSPropertyOp13
 70
     1
102
RTVSPropertyOp14
 70
     1
102
RTVSPropertyOp15
 70
     1
102
RTVSPropertyOp16
 70
     1
102
RTVSPropertyOp17
 70
     1
102
RTVSPropertyOp18
 70
     1
102
RTVSPropertyOp19
 70
     1
102
RTVSPropertyOp20
 70
     1
102
RTVSPropertyOp21
 70
     1
102
RTVSPropertyOp22
 70
     1
102
RTVSPropertyOp23
 70
     1
102
RTVSPropertyOp24
 70
     1
102
RTVSPropertyOp25
 70
     1
102
RTVSPropertyOp26
 70
     1
102
RTVSPropertyOp27
 70
     1
102
RTVSPropertyOp28
 70
     1
102
RTVSPropertyOp29
 70
     1
102
RTVSPropertyOp30
 70
     1
102
RTVSPropertyOp31
 70
     1
102
RTVSPropertyOp32
 70
     1
102
RTVSPropertyOp33
 70
     1
102
RTVSPropertyOp34
 70
     1
102
RTVSPropertyOp35
 70
     1
102
RTVSPropertyOp36
 70
     1
102
RTVSPropertyOp37
 70
     1
102
RTVSPropertyOp38
 70
     1
102
RTVSPropertyOp39
 70
     1
102
RTVSPropertyOp40
 70
     1
102
RTVSPropertyOp41
 70
     1
102
RTVSPropertyOp42
 70
     1
102
RTVSPropertyOp43
 70
     1
102
RTVSPropertyOp44
 70
     1
102
RTVSPropertyOp45
 70
     1
102
RTVSPropertyOp46
 70
     1
102
RTVSPropertyOp47
 70
     1
102
RTVSPropertyOp48
 70
     1
102
RTVSPropertyOp49
 70
     1
102
RTVSPropertyOp50
 70
     1
102
RTVSPropertyOp51
 70
     0
102
RTVSPropertyOp52
 70
     0
102
RTVSPropertyOp53
 70
     1
102
RTVSPropertyOp54
 70
     1
102
RTVSPropertyOp55
 70
     1
102
RTVSPropertyOp56
 70
     1
102
RTVSPropertyOp57
 70
     1
102
RTVSPost2010Prop28
280
     1
102
RTVSPost2010PropOp28
 70
     1
102
RTVSPost2010Prop29
280
     1
102
RTVSPost2010PropOp29
 70
     1
102
RTVSPost2010Prop30
280
     0
102
RTVSPost2010PropOp30
 70
     1
102
RTVSPost2010Prop31
280
     0
102
RTVSPost2010PropOp31
 70
     1
102
RTVSPost2010Prop32
280
     0
102
RTVSPost2010PropOp32
 70
     1
102
RTVSPost2010Prop33
280
     0
102
RTVSPost2010PropOp33
 70
     1
102
RTVSPost2010Prop34
280
     0
102
RTVSPost2010PropOp34
 70
     1
102
RTVSPost2010Prop35
280
     0
102
RTVSPost2010PropOp35
 70
     1
102
RTVSPost2010Prop36
280
     0
102
RTVSPost2010PropOp36
 70
     1
102
RTVSPost2010Prop37
 90
       50
102
RTVSPost2010PropOp37
 70
     1
102
RTVSPost2010Prop38
140
0.0
102
RTVSPost2010PropOp38
 70
     1
102
RTVSPost2010Prop39
140
1.0
102
RTVSPost2010PropOp39
 70
     1
102
RTVSPost2010Prop40
 90
        0
102
RTVSPost2010PropOp40
 70
     1
102
RTVSPost2010Prop41ColorIndex
 90
       18
102
RTVSPost2010Prop41ColorRGB
 90
        0
102
RTVSPost2010PropOp41
 70
     1
102
RTVSPost2010Prop42
 90
       50
102
RTVSPost2010PropOp42
 70
     1
102
RTVSPost2010Prop43
 90
        3
102
RTVSPost2010PropOp43
 70
     1
102
RTVSPost2010Prop44ColorIndex
 90
        5
102
RTVSPost2010Prop44ColorRGB
 90
      255
102
RTVSPost2010PropOp44
 70
     1
102
RTVSPost2010Prop45
280
     0
102
RTVSPost2010PropOp45
 70
     1
102
RTVSPost2010Prop46
 90
       50
102
RTVSPost2010PropOp46
 70
     1
102
RTVSPost2010Prop47
 90
       50
102
RTVSPost2010PropOp47
 70
     1
102
RTVSPost2010Prop48
 90
       50
102
RTVSPost2010PropOp48
 70
     1
102
RTVSPost2010Prop49
280
     0
102
RTVSPost2010PropOp49
 70
     1
102
RTVSPost2010Prop50
 90
       50
102
RTVSPost2010PropOp50
 70
     1
102
RTVSPost2010Prop51ColorIndex
 90
      256
102
RTVSPost2010Prop51ColorRGB
 90
-16777216
102
RTVSPost2010PropOp51
 70
     0
102
RTVSPost2010Prop52
140
1.0
102
RTVSPost2010PropOp52
 70
     0
102
RTVSPost2010Prop53
 90
        2
102
RTVSPost2010PropOp53
 70
     1
102
RTVSPost2010Prop54
  1
strokes_ogs.tif
102
RTVSPost2010PropOp54
 70
     1
102
RTVSPost2010Prop55
280
     0
102
RTVSPost2010PropOp55
 70
     1
102
RTVSPost2010Prop56
140
1.0
102
RTVSPost2010PropOp56
 70
     1
102
RTVSPost2010Prop57
140
1.0
102
RTVSPost2010PropOp57
 70
     1
  0
XRECORD
  5
16D
102
{ACAD_REACTORS
330
16C
102
}
330
16C
100
AcDbXrecord
280
     1
102
RTVSPropertyOp0
 70
     1
102
RTVSPropertyOp1
 70
     1
102
RTVSPropertyOp2
 70
     1
102
RTVSPropertyOp3
 70
     1
102
RTVSPropertyOp4
 70
     1
102
RTVSPropertyOp5
 70
     1
102
RTVSPropertyOp6
 70
     1
102
RTVSPropertyOp7
 70
     1
102
RTVSPropertyOp8
 70
     1
102
RTVSPropertyOp9
 70
     1
102
RTVSPropertyOp10
 70
     1
102
RTVSPropertyOp11
 70
     1
102
RTVSPropertyOp12
 70
     1
102
RTVSPropertyOp13
 70
     1
102
RTVSPropertyOp14
 70
     1
102
RTVSPropertyOp15
 70
     1
102
RTVSPropertyOp16
 70
     1
102
RTVSPropertyOp17
 70
     1
102
RTVSPropertyOp18
 70
     1
102
RTVSPropertyOp19
 70
     1
102
RTVSPropertyOp20
 70
     1
102
RTVSPropertyOp21
 70
     1
102
RTVSPropertyOp22
 70
     1
102
RTVSPropertyOp23
 70
     1
102
RTVSPropertyOp24
 70
     1
102
RTVSPropertyOp25
 70
     1
102
RTVSPropertyOp26
 70
     1
102
RTVSPropertyOp27
 70
     1
102
RTVSPropertyOp28
 70
     1
102
RTVSPropertyOp29
 70
     1
102
RTVSPropertyOp30
 70
     1
102
RTVSPropertyOp31
 70
     1
102
RTVSPropertyOp32
 70
     1
102
RTVSPropertyOp33
 70
     1
102
RTVSPropertyOp34
 70
     1
102
RTVSPropertyOp35
 70
     1
102
RTVSPropertyOp36
 70
     1
102
RTVSPropertyOp37
 70
     1
102
RTVSPropertyOp38
 70
     1
102
RTVSPropertyOp39
 70
     1
102
RTVSPropertyOp40
 70
     1
102
RTVSPropertyOp41
 70
     1
102
RTVSPropertyOp42
 70
     1
102
RTVSPropertyOp43
 70
     1
102
RTVSPropertyOp44
 70
     1
102
RTVSPropertyOp45
 70
     1
102
RTVSPropertyOp46
 70
     1
102
RTVSPropertyOp47
 70
     1
102
RTVSPropertyOp48
 70
     1
102
RTVSPropertyOp49
 70
     1
102
RTVSPropertyOp50
 70
     1
102
RTVSPropertyOp51
 70
     0
102
RTVSPropertyOp52
 70
     0
102
RTVSPropertyOp53
 70
     1
102
RTVSPropertyOp54
 70
     1
102
RTVSPropertyOp55
 70
     1
102
RTVSPropertyOp56
 70
     1
102
RTVSPropertyOp57
 70
     1
102
RTVSPost2010Prop28
280
     0
102
RTVSPost2010PropOp28
 70
     1
102
RTVSPost2010Prop29
280
     1
102
RTVSPost2010PropOp29
 70
     1
102
RTVSPost2010Prop30
280
     1
102
RTVSPost2010PropOp30
 70
     1
102
RTVSPost2010Prop31
280
     0
102
RTVSPost2010PropOp31
 70
     1
102
RTVSPost2010Prop32
280
     0
102
RTVSPost2010PropOp32
 70
     1
102
RTVSPost2010Prop33
280
     0
102
RTVSPost2010PropOp33
 70
     1
102
RTVSPost2010Prop34
280
     0
102
RTVSPost2010PropOp34
 70
     1
102
RTVSPost2010Prop35
280
     0
102
RTVSPost2010PropOp35
 70
     1
102
RTVSPost2010Prop36
280
     0
102
RTVSPost2010PropOp36
 70
     1
102
RTVSPost2010Prop37
 90
       50
102
RTVSPost2010PropOp37
 70
     1
102
RTVSPost2010Prop38
140
0.0
102
RTVSPost2010PropOp38
 70
     1
102
RTVSPost2010Prop39
140
1.0
102
RTVSPost2010PropOp39
 70
     1
102
RTVSPost2010Prop40
 90
        0
102
RTVSPost2010PropOp40
 70
     1
102
RTVSPost2010Prop41ColorIndex
 90
       18
102
RTVSPost2010Prop41ColorRGB
 90
        0
102
RTVSPost2010PropOp41
 70
     1
102
RTVSPost2010Prop42
 90
       50
102
RTVSPost2010PropOp42
 70
     1
102
RTVSPost2010Prop43
 90
        3
102
RTVSPost2010PropOp43
 70
     1
102
RTVSPost2010Prop44ColorIndex
 90
        5
102
RTVSPost2010Prop44ColorRGB
 90
      255
102
RTVSPost2010PropOp44
 70
     1
102
RTVSPost2010Prop45
280
     0
102
RTVSPost2010PropOp45
 70
     1
102
RTVSPost2010Prop46
 90
       50
102
RTVSPost2010PropOp46
 70
     1
102
RTVSPost2010Prop47
 90
       50
102
RTVSPost2010PropOp47
 70
     1
102
RTVSPost2010Prop48
 90
       50
102
RTVSPost2010PropOp48
 70
     1
102
RTVSPost2010Prop49
280
     0
102
RTVSPost2010PropOp49
 70
     1
102
RTVSPost2010Prop50
 90
       50
102
RTVSPost2010PropOp50
 70
     1
102
RTVSPost2010Prop51ColorIndex
 90
      256
102
RTVSPost2010Prop51ColorRGB
 90
-16777216
102
RTVSPost2010PropOp51
 70
     0
102
RTVSPost2010Prop52
140
1.0
102
RTVSPost2010PropOp52
 70
     0
102
RTVSPost2010Prop53
 90
        2
102
RTVSPost2010PropOp53
 70
     1
102
RTVSPost2010Prop54
  1
strokes_ogs.tif
102
RTVSPost2010PropOp54
 70
     1
102
RTVSPost2010Prop55
280
     0
102
RTVSPost2010PropOp55
 70
     1
102
RTVSPost2010Prop56
140
1.0
102
RTVSPost2010PropOp56
 70
     1
102
RTVSPost2010Prop57
140
1.0
102
RTVSPost2010PropOp57
 70
     1
  0
XRECORD
  5
175
102
{ACAD_REACTORS
330
174
102
}
330
174
100
AcDbXrecord
280
     1
102
RTVSPropertyOp0
 70
     1
102
RTVSPropertyOp1
 70
     1
102
RTVSPropertyOp2
 70
     1
102
RTVSPropertyOp3
 70
     1
102
RTVSPropertyOp4
 70
     1
102
RTVSPropertyOp5
 70
     1
102
RTVSPropertyOp6
 70
     1
102
RTVSPropertyOp7
 70
     1
102
RTVSPropertyOp8
 70
     1
102
RTVSPropertyOp9
 70
     1
102
RTVSPropertyOp10
 70
     1
102
RTVSPropertyOp11
 70
     1
102
RTVSPropertyOp12
 70
     1
102
RTVSPropertyOp13
 70
     1
102
RTVSPropertyOp14
 70
     1
102
RTVSPropertyOp15
 70
     1
102
RTVSPropertyOp16
 70
     1
102
RTVSPropertyOp17
 70
     1
102
RTVSPropertyOp18
 70
     1
102
RTVSPropertyOp19
 70
     1
102
RTVSPropertyOp20
 70
     1
102
RTVSPropertyOp21
 70
     1
102
RTVSPropertyOp22
 70
     1
102
RTVSPropertyOp23
 70
     1
102
RTVSPropertyOp24
 70
     1
102
RTVSPropertyOp25
 70
     1
102
RTVSPropertyOp26
 70
     1
102
RTVSPropertyOp27
 70
     1
102
RTVSPropertyOp28
 70
     1
102
RTVSPropertyOp29
 70
     1
102
RTVSPropertyOp30
 70
     1
102
RTVSPropertyOp31
 70
     1
102
RTVSPropertyOp32
 70
     1
102
RTVSPropertyOp33
 70
     1
102
RTVSPropertyOp34
 70
     1
102
RTVSPropertyOp35
 70
     1
102
RTVSPropertyOp36
 70
     1
102
RTVSPropertyOp37
 70
     1
102
RTVSPropertyOp38
 70
     1
102
RTVSPropertyOp39
 70
     1
102
RTVSPropertyOp40
 70
     1
102
RTVSPropertyOp41
 70
     1
102
RTVSPropertyOp42
 70
     1
102
RTVSPropertyOp43
 70
     1
102
RTVSPropertyOp44
 70
     1
102
RTVSPropertyOp45
 70
     1
102
RTVSPropertyOp46
 70
     1
102
RTVSPropertyOp47
 70
     1
102
RTVSPropertyOp48
 70
     1
102
RTVSPropertyOp49
 70
     1
102
RTVSPropertyOp50
 70
     1
102
RTVSPropertyOp51
 70
     0
102
RTVSPropertyOp52
 70
     0
102
RTVSPropertyOp53
 70
     1
102
RTVSPropertyOp54
 70
     1
102
RTVSPropertyOp55
 70
     1
102
RTVSPropertyOp56
 70
     1
102
RTVSPropertyOp57
 70
     1
102
RTVSPost2010Prop28
280
     0
102
RTVSPost2010PropOp28
 70
     1
102
RTVSPost2010Prop29
280
     1
102
RTVSPost2010PropOp29
 70
     1
102
RTVSPost2010Prop30
280
     1
102
RTVSPost2010PropOp30
 70
     1
102
RTVSPost2010Prop31
280
     0
102
RTVSPost2010PropOp31
 70
     1
102
RTVSPost2010Prop32
280
     0
102
RTVSPost2010PropOp32
 70
     1
102
RTVSPost2010Prop33
280
     0
102
RTVSPost2010PropOp33
 70
     1
102
RTVSPost2010Prop34
280
     0
102
RTVSPost2010PropOp34
 70
     1
102
RTVSPost2010Prop35
280
     0
102
RTVSPost2010PropOp35
 70
     1
102
RTVSPost2010Prop36
280
     0
102
RTVSPost2010PropOp36
 70
     1
102
RTVSPost2010Prop37
 90
       50
102
RTVSPost2010PropOp37
 70
     1
102
RTVSPost2010Prop38
140
0.0
102
RTVSPost2010PropOp38
 70
     1
102
RTVSPost2010Prop39
140
1.0
102
RTVSPost2010PropOp39
 70
     1
102
RTVSPost2010Prop40
 90
        0
102
RTVSPost2010PropOp40
 70
     1
102
RTVSPost2010Prop41ColorIndex
 90
       18
102
RTVSPost2010Prop41ColorRGB
 90
        0
102
RTVSPost2010PropOp41
 70
     1
102
RTVSPost2010Prop42
 90
       50
102
RTVSPost2010PropOp42
 70
     1
102
RTVSPost2010Prop43
 90
        3
102
RTVSPost2010PropOp43
 70
     1
102
RTVSPost2010Prop44ColorIndex
 90
        5
102
RTVSPost2010Prop44ColorRGB
 90
      255
102
RTVSPost2010PropOp44
 70
     1
102
RTVSPost2010Prop45
280
     0
102
RTVSPost2010PropOp45
 70
     1
102
RTVSPost2010Prop46
 90
       50
102
RTVSPost2010PropOp46
 70
     1
102
RTVSPost2010Prop47
 90
       50
102
RTVSPost2010PropOp47
 70
     1
102
RTVSPost2010Prop48
 90
       50
102
RTVSPost2010PropOp48
 70
     1
102
RTVSPost2010Prop49
280
     0
102
RTVSPost2010PropOp49
 70
     1
102
RTVSPost2010Prop50
 90
       50
102
RTVSPost2010PropOp50
 70
     1
102
RTVSPost2010Prop51ColorIndex
 90
      256
102
RTVSPost2010Prop51ColorRGB
 90
-16777216
102
RTVSPost2010PropOp51
 70
     0
102
RTVSPost2010Prop52
140
1.0
102
RTVSPost2010PropOp52
 70
     0
102
RTVSPost2010Prop53
 90
        2
102
RTVSPost2010PropOp53
 70
     1
102
RTVSPost2010Prop54
  1
strokes_ogs.tif
102
RTVSPost2010PropOp54
 70
     1
102
RTVSPost2010Prop55
280
     0
102
RTVSPost2010PropOp55
 70
     1
102
RTVSPost2010Prop56
140
1.0
102
RTVSPost2010PropOp56
 70
     1
102
RTVSPost2010Prop57
140
1.0
102
RTVSPost2010PropOp57
 70
     1
  0
XRECORD
  5
17D
102
{ACAD_REACTORS
330
17C
102
}
330
17C
100
AcDbXrecord
280
     1
102
RTVSPropertyOp0
 70
     1
102
RTVSPropertyOp1
 70
     1
102
RTVSPropertyOp2
 70
     1
102
RTVSPropertyOp3
 70
     1
102
RTVSPropertyOp4
 70
     1
102
RTVSPropertyOp5
 70
     1
102
RTVSPropertyOp6
 70
     1
102
RTVSPropertyOp7
 70
     1
102
RTVSPropertyOp8
 70
     1
102
RTVSPropertyOp9
 70
     1
102
RTVSPropertyOp10
 70
     1
102
RTVSPropertyOp11
 70
     1
102
RTVSPropertyOp12
 70
     1
102
RTVSPropertyOp13
 70
     1
102
RTVSPropertyOp14
 70
     1
102
RTVSPropertyOp15
 70
     1
102
RTVSPropertyOp16
 70
     1
102
RTVSPropertyOp17
 70
     1
102
RTVSPropertyOp18
 70
     1
102
RTVSPropertyOp19
 70
     1
102
RTVSPropertyOp20
 70
     1
102
RTVSPropertyOp21
 70
     1
102
RTVSPropertyOp22
 70
     1
102
RTVSPropertyOp23
 70
     1
102
RTVSPropertyOp24
 70
     1
102
RTVSPropertyOp25
 70
     1
102
RTVSPropertyOp26
 70
     1
102
RTVSPropertyOp27
 70
     1
102
RTVSPropertyOp28
 70
     1
102
RTVSPropertyOp29
 70
     1
102
RTVSPropertyOp30
 70
     1
102
RTVSPropertyOp31
 70
     1
102
RTVSPropertyOp32
 70
     1
102
RTVSPropertyOp33
 70
     1
102
RTVSPropertyOp34
 70
     1
102
RTVSPropertyOp35
 70
     1
102
RTVSPropertyOp36
 70
     1
102
RTVSPropertyOp37
 70
     1
102
RTVSPropertyOp38
 70
     1
102
RTVSPropertyOp39
 70
     1
102
RTVSPropertyOp40
 70
     1
102
RTVSPropertyOp41
 70
     1
102
RTVSPropertyOp42
 70
     1
102
RTVSPropertyOp43
 70
     1
102
RTVSPropertyOp44
 70
     1
102
RTVSPropertyOp45
 70
     1
102
RTVSPropertyOp46
 70
     1
102
RTVSPropertyOp47
 70
     1
102
RTVSPropertyOp48
 70
     1
102
RTVSPropertyOp49
 70
     1
102
RTVSPropertyOp50
 70
     1
102
RTVSPropertyOp51
 70
     0
102
RTVSPropertyOp52
 70
     0
102
RTVSPropertyOp53
 70
     1
102
RTVSPropertyOp54
 70
     1
102
RTVSPropertyOp55
 70
     1
102
RTVSPropertyOp56
 70
     1
102
RTVSPropertyOp57
 70
     1
102
RTVSPost2010Prop28
280
     0
102
RTVSPost2010PropOp28
 70
     1
102
RTVSPost2010Prop29
280
     1
102
RTVSPost2010PropOp29
 70
     1
102
RTVSPost2010Prop30
280
     1
102
RTVSPost2010PropOp30
 70
     1
102
RTVSPost2010Prop31
280
     0
102
RTVSPost2010PropOp31
 70
     1
102
RTVSPost2010Prop32
280
     0
102
RTVSPost2010PropOp32
 70
     1
102
RTVSPost2010Prop33
280
     0
102
RTVSPost2010PropOp33
 70
     1
102
RTVSPost2010Prop34
280
     0
102
RTVSPost2010PropOp34
 70
     1
102
RTVSPost2010Prop35
280
     0
102
RTVSPost2010PropOp35
 70
     1
102
RTVSPost2010Prop36
280
     0
102
RTVSPost2010PropOp36
 70
     1
102
RTVSPost2010Prop37
 90
       50
102
RTVSPost2010PropOp37
 70
     1
102
RTVSPost2010Prop38
140
0.0
102
RTVSPost2010PropOp38
 70
     1
102
RTVSPost2010Prop39
140
1.0
102
RTVSPost2010PropOp39
 70
     1
102
RTVSPost2010Prop40
 90
        0
102
RTVSPost2010PropOp40
 70
     1
102
RTVSPost2010Prop41ColorIndex
 90
       18
102
RTVSPost2010Prop41ColorRGB
 90
        0
102
RTVSPost2010PropOp41
 70
     1
102
RTVSPost2010Prop42
 90
       50
102
RTVSPost2010PropOp42
 70
     1
102
RTVSPost2010Prop43
 90
        3
102
RTVSPost2010PropOp43
 70
     1
102
RTVSPost2010Prop44ColorIndex
 90
        5
102
RTVSPost2010Prop44ColorRGB
 90
      255
102
RTVSPost2010PropOp44
 70
     1
102
RTVSPost2010Prop45
280
     0
102
RTVSPost2010PropOp45
 70
     1
102
RTVSPost2010Prop46
 90
       50
102
RTVSPost2010PropOp46
 70
     1
102
RTVSPost2010Prop47
 90
       50
102
RTVSPost2010PropOp47
 70
     1
102
RTVSPost2010Prop48
 90
       50
102
RTVSPost2010PropOp48
 70
     1
102
RTVSPost2010Prop49
280
     0
102
RTVSPost2010PropOp49
 70
     1
102
RTVSPost2010Prop50
 90
       50
102
RTVSPost2010PropOp50
 70
     1
102
RTVSPost2010Prop51ColorIndex
 90
      256
102
RTVSPost2010Prop51ColorRGB
 90
-16777216
102
RTVSPost2010PropOp51
 70
     0
102
RTVSPost2010Prop52
140
1.0
102
RTVSPost2010PropOp52
 70
     0
102
RTVSPost2010Prop53
 90
        2
102
RTVSPost2010PropOp53
 70
     1
102
RTVSPost2010Prop54
  1
strokes_ogs.tif
102
RTVSPost2010PropOp54
 70
     1
102
RTVSPost2010Prop55
280
     0
102
RTVSPost2010PropOp55
 70
     1
102
RTVSPost2010Prop56
140
1.0
102
RTVSPost2010PropOp56
 70
     1
102
RTVSPost2010Prop57
140
1.0
102
RTVSPost2010PropOp57
 70
     1
  0
XRECORD
  5
171
102
{ACAD_REACTORS
330
170
102
}
330
170
100
AcDbXrecord
280
     1
102
RTVSPropertyOp0
 70
     1
102
RTVSPropertyOp1
 70
     1
102
RTVSPropertyOp2
 70
     1
102
RTVSPropertyOp3
 70
     1
102
RTVSPropertyOp4
 70
     1
102
RTVSPropertyOp5
 70
     1
102
RTVSPropertyOp6
 70
     1
102
RTVSPropertyOp7
 70
     1
102
RTVSPropertyOp8
 70
     1
102
RTVSPropertyOp9
 70
     1
102
RTVSPropertyOp10
 70
     1
102
RTVSPropertyOp11
 70
     1
102
RTVSPropertyOp12
 70
     1
102
RTVSPropertyOp13
 70
     1
102
RTVSPropertyOp14
 70
     1
102
RTVSPropertyOp15
 70
     1
102
RTVSPropertyOp16
 70
     1
102
RTVSPropertyOp17
 70
     1
102
RTVSPropertyOp18
 70
     1
102
RTVSPropertyOp19
 70
     1
102
RTVSPropertyOp20
 70
     1
102
RTVSPropertyOp21
 70
     1
102
RTVSPropertyOp22
 70
     1
102
RTVSPropertyOp23
 70
     1
102
RTVSPropertyOp24
 70
     1
102
RTVSPropertyOp25
 70
     1
102
RTVSPropertyOp26
 70
     1
102
RTVSPropertyOp27
 70
     1
102
RTVSPropertyOp28
 70
     1
102
RTVSPropertyOp29
 70
     1
102
RTVSPropertyOp30
 70
     1
102
RTVSPropertyOp31
 70
     1
102
RTVSPropertyOp32
 70
     1
102
RTVSPropertyOp33
 70
     1
102
RTVSPropertyOp34
 70
     1
102
RTVSPropertyOp35
 70
     1
102
RTVSPropertyOp36
 70
     1
102
RTVSPropertyOp37
 70
     1
102
RTVSPropertyOp38
 70
     1
102
RTVSPropertyOp39
 70
     1
102
RTVSPropertyOp40
 70
     1
102
RTVSPropertyOp41
 70
     1
102
RTVSPropertyOp42
 70
     1
102
RTVSPropertyOp43
 70
     1
102
RTVSPropertyOp44
 70
     1
102
RTVSPropertyOp45
 70
     1
102
RTVSPropertyOp46
 70
     1
102
RTVSPropertyOp47
 70
     1
102
RTVSPropertyOp48
 70
     1
102
RTVSPropertyOp49
 70
     1
102
RTVSPropertyOp50
 70
     1
102
RTVSPropertyOp51
 70
     0
102
RTVSPropertyOp52
 70
     0
102
RTVSPropertyOp53
 70
     1
102
RTVSPropertyOp54
 70
     1
102
RTVSPropertyOp55
 70
     1
102
RTVSPropertyOp56
 70
     1
102
RTVSPropertyOp57
 70
     1
102
RTVSPost2010Prop28
280
     0
102
RTVSPost2010PropOp28
 70
     1
102
RTVSPost2010Prop29
280
     1
102
RTVSPost2010PropOp29
 70
     1
102
RTVSPost2010Prop30
280
     1
102
RTVSPost2010PropOp30
 70
     1
102
RTVSPost2010Prop31
280
     0
102
RTVSPost2010PropOp31
 70
     1
102
RTVSPost2010Prop32
280
     0
102
RTVSPost2010PropOp32
 70
     1
102
RTVSPost2010Prop33
280
     0
102
RTVSPost2010PropOp33
 70
     1
102
RTVSPost2010Prop34
280
     0
102
RTVSPost2010PropOp34
 70
     1
102
RTVSPost2010Prop35
280
     0
102
RTVSPost2010PropOp35
 70
     1
102
RTVSPost2010Prop36
280
     0
102
RTVSPost2010PropOp36
 70
     1
102
RTVSPost2010Prop37
 90
       50
102
RTVSPost2010PropOp37
 70
     1
102
RTVSPost2010Prop38
140
0.0
102
RTVSPost2010PropOp38
 70
     1
102
RTVSPost2010Prop39
140
1.0
102
RTVSPost2010PropOp39
 70
     1
102
RTVSPost2010Prop40
 90
        0
102
RTVSPost2010PropOp40
 70
     1
102
RTVSPost2010Prop41ColorIndex
 90
       18
102
RTVSPost2010Prop41ColorRGB
 90
        0
102
RTVSPost2010PropOp41
 70
     1
102
RTVSPost2010Prop42
 90
       50
102
RTVSPost2010PropOp42
 70
     1
102
RTVSPost2010Prop43
 90
        3
102
RTVSPost2010PropOp43
 70
     1
102
RTVSPost2010Prop44ColorIndex
 90
        5
102
RTVSPost2010Prop44ColorRGB
 90
      255
102
RTVSPost2010PropOp44
 70
     1
102
RTVSPost2010Prop45
280
     0
102
RTVSPost2010PropOp45
 70
     1
102
RTVSPost2010Prop46
 90
       50
102
RTVSPost2010PropOp46
 70
     1
102
RTVSPost2010Prop47
 90
       50
102
RTVSPost2010PropOp47
 70
     1
102
RTVSPost2010Prop48
 90
       50
102
RTVSPost2010PropOp48
 70
     1
102
RTVSPost2010Prop49
280
     0
102
RTVSPost2010PropOp49
 70
     1
102
RTVSPost2010Prop50
 90
       50
102
RTVSPost2010PropOp50
 70
     1
102
RTVSPost2010Prop51ColorIndex
 90
      256
102
RTVSPost2010Prop51ColorRGB
 90
-16777216
102
RTVSPost2010PropOp51
 70
     0
102
RTVSPost2010Prop52
140
1.0
102
RTVSPost2010PropOp52
 70
     0
102
RTVSPost2010Prop53
 90
        2
102
RTVSPost2010PropOp53
 70
     1
102
RTVSPost2010Prop54
  1
strokes_ogs.tif
102
RTVSPost2010PropOp54
 70
     1
102
RTVSPost2010Prop55
280
     0
102
RTVSPost2010PropOp55
 70
     1
102
RTVSPost2010Prop56
140
1.0
102
RTVSPost2010PropOp56
 70
     1
102
RTVSPost2010Prop57
140
1.0
102
RTVSPost2010PropOp57
 70
     1
  0
XRECORD
  5
173
102
{ACAD_REACTORS
330
172
102
}
330
172
100
AcDbXrecord
280
     1
102
RTVSPropertyOp0
 70
     1
102
RTVSPropertyOp1
 70
     1
102
RTVSPropertyOp2
 70
     1
102
RTVSPropertyOp3
 70
     1
102
RTVSPropertyOp4
 70
     1
102
RTVSPropertyOp5
 70
     1
102
RTVSPropertyOp6
 70
     1
102
RTVSPropertyOp7
 70
     1
102
RTVSPropertyOp8
 70
     1
102
RTVSPropertyOp9
 70
     1
102
RTVSPropertyOp10
 70
     1
102
RTVSPropertyOp11
 70
     1
102
RTVSPropertyOp12
 70
     1
102
RTVSPropertyOp13
 70
     1
102
RTVSPropertyOp14
 70
     1
102
RTVSPropertyOp15
 70
     1
102
RTVSPropertyOp16
 70
     1
102
RTVSPropertyOp17
 70
     1
102
RTVSPropertyOp18
 70
     1
102
RTVSPropertyOp19
 70
     1
102
RTVSPropertyOp20
 70
     1
102
RTVSPropertyOp21
 70
     1
102
RTVSPropertyOp22
 70
     1
102
RTVSPropertyOp23
 70
     1
102
RTVSPropertyOp24
 70
     1
102
RTVSPropertyOp25
 70
     1
102
RTVSPropertyOp26
 70
     1
102
RTVSPropertyOp27
 70
     1
102
RTVSPropertyOp28
 70
     1
102
RTVSPropertyOp29
 70
     1
102
RTVSPropertyOp30
 70
     1
102
RTVSPropertyOp31
 70
     1
102
RTVSPropertyOp32
 70
     1
102
RTVSPropertyOp33
 70
     1
102
RTVSPropertyOp34
 70
     1
102
RTVSPropertyOp35
 70
     1
102
RTVSPropertyOp36
 70
     1
102
RTVSPropertyOp37
 70
     1
102
RTVSPropertyOp38
 70
     1
102
RTVSPropertyOp39
 70
     1
102
RTVSPropertyOp40
 70
     1
102
RTVSPropertyOp41
 70
     1
102
RTVSPropertyOp42
 70
     1
102
RTVSPropertyOp43
 70
     1
102
RTVSPropertyOp44
 70
     1
102
RTVSPropertyOp45
 70
     1
102
RTVSPropertyOp46
 70
     1
102
RTVSPropertyOp47
 70
     1
102
RTVSPropertyOp48
 70
     1
102
RTVSPropertyOp49
 70
     1
102
RTVSPropertyOp50
 70
     1
102
RTVSPropertyOp51
 70
     0
102
RTVSPropertyOp52
 70
     0
102
RTVSPropertyOp53
 70
     1
102
RTVSPropertyOp54
 70
     1
102
RTVSPropertyOp55
 70
     1
102
RTVSPropertyOp56
 70
     1
102
RTVSPropertyOp57
 70
     1
102
RTVSPost2010Prop28
280
     0
102
RTVSPost2010PropOp28
 70
     1
102
RTVSPost2010Prop29
280
     1
102
RTVSPost2010PropOp29
 70
     1
102
RTVSPost2010Prop30
280
     1
102
RTVSPost2010PropOp30
 70
     1
102
RTVSPost2010Prop31
280
     0
102
RTVSPost2010PropOp31
 70
     1
102
RTVSPost2010Prop32
280
     0
102
RTVSPost2010PropOp32
 70
     1
102
RTVSPost2010Prop33
280
     0
102
RTVSPost2010PropOp33
 70
     1
102
RTVSPost2010Prop34
280
     0
102
RTVSPost2010PropOp34
 70
     1
102
RTVSPost2010Prop35
280
     0
102
RTVSPost2010PropOp35
 70
     1
102
RTVSPost2010Prop36
280
     0
102
RTVSPost2010PropOp36
 70
     1
102
RTVSPost2010Prop37
 90
       50
102
RTVSPost2010PropOp37
 70
     1
102
RTVSPost2010Prop38
140
0.0
102
RTVSPost2010PropOp38
 70
     1
102
RTVSPost2010Prop39
140
1.0
102
RTVSPost2010PropOp39
 70
     1
102
RTVSPost2010Prop40
 90
        0
102
RTVSPost2010PropOp40
 70
     1
102
RTVSPost2010Prop41ColorIndex
 90
       18
102
RTVSPost2010Prop41ColorRGB
 90
        0
102
RTVSPost2010PropOp41
 70
     1
102
RTVSPost2010Prop42
 90
       50
102
RTVSPost2010PropOp42
 70
     1
102
RTVSPost2010Prop43
 90
        3
102
RTVSPost2010PropOp43
 70
     1
102
RTVSPost2010Prop44ColorIndex
 90
        5
102
RTVSPost2010Prop44ColorRGB
 90
      255
102
RTVSPost2010PropOp44
 70
     1
102
RTVSPost2010Prop45
280
     0
102
RTVSPost2010PropOp45
 70
     1
102
RTVSPost2010Prop46
 90
       50
102
RTVSPost2010PropOp46
 70
     1
102
RTVSPost2010Prop47
 90
       50
102
RTVSPost2010PropOp47
 70
     1
102
RTVSPost2010Prop48
 90
       50
102
RTVSPost2010PropOp48
 70
     1
102
RTVSPost2010Prop49
280
     0
102
RTVSPost2010PropOp49
 70
     1
102
RTVSPost2010Prop50
 90
       50
102
RTVSPost2010PropOp50
 70
     1
102
RTVSPost2010Prop51ColorIndex
 90
      256
102
RTVSPost2010Prop51ColorRGB
 90
-16777216
102
RTVSPost2010PropOp51
 70
     0
102
RTVSPost2010Prop52
140
1.0
102
RTVSPost2010PropOp52
 70
     0
102
RTVSPost2010Prop53
 90
        2
102
RTVSPost2010PropOp53
 70
     1
102
RTVSPost2010Prop54
  1
strokes_ogs.tif
102
RTVSPost2010PropOp54
 70
     1
102
RTVSPost2010Prop55
280
     0
102
RTVSPost2010PropOp55
 70
     1
102
RTVSPost2010Prop56
140
1.0
102
RTVSPost2010PropOp56
 70
     1
102
RTVSPost2010Prop57
140
1.0
102
RTVSPost2010PropOp57
 70
     1
  0
XRECORD
  5
183
102
{ACAD_REACTORS
330
182
102
}
330
182
100
AcDbXrecord
280
     1
102
RTVSPropertyOp0
 70
     0
102
RTVSPropertyOp1
 70
     0
102
RTVSPropertyOp2
 70
     0
102
RTVSPropertyOp3
 70
     0
102
RTVSPropertyOp4
 70
     0
102
RTVSPropertyOp5
 70
     0
102
RTVSPropertyOp6
 70
     0
102
RTVSPropertyOp7
 70
     0
102
RTVSPropertyOp8
 70
     0
102
RTVSPropertyOp9
 70
     0
102
RTVSPropertyOp10
 70
     0
102
RTVSPropertyOp11
 70
     0
102
RTVSPropertyOp12
 70
     0
102
RTVSPropertyOp13
 70
     0
102
RTVSPropertyOp14
 70
     2
102
RTVSPropertyOp15
 70
     0
102
RTVSPropertyOp16
 70
     0
102
RTVSPropertyOp17
 70
     0
102
RTVSPropertyOp18
 70
     0
102
RTVSPropertyOp19
 70
     0
102
RTVSPropertyOp20
 70
     0
102
RTVSPropertyOp21
 70
     0
102
RTVSPropertyOp22
 70
     0
102
RTVSPropertyOp23
 70
     0
102
RTVSPropertyOp24
 70
     0
102
RTVSPropertyOp25
 70
     0
102
RTVSPropertyOp26
 70
     0
102
RTVSPropertyOp27
 70
     0
102
RTVSPropertyOp28
 70
     0
102
RTVSPropertyOp29
 70
     0
102
RTVSPropertyOp30
 70
     0
102
RTVSPropertyOp31
 70
     0
102
RTVSPropertyOp32
 70
     0
102
RTVSPropertyOp33
 70
     0
102
RTVSPropertyOp34
 70
     0
102
RTVSPropertyOp35
 70
     0
102
RTVSPropertyOp36
 70
     0
102
RTVSPropertyOp37
 70
     0
102
RTVSPropertyOp38
 70
     0
102
RTVSPropertyOp39
 70
     0
102
RTVSPropertyOp40
 70
     0
102
RTVSPropertyOp41
 70
     0
102
RTVSPropertyOp42
 70
     0
102
RTVSPropertyOp43
 70
     0
102
RTVSPropertyOp44
 70
     0
102
RTVSPropertyOp45
 70
     0
102
RTVSPropertyOp46
 70
     0
102
RTVSPropertyOp47
 70
     0
102
RTVSPropertyOp48
 70
     0
102
RTVSPropertyOp49
 70
     0
102
RTVSPropertyOp50
 70
     0
102
RTVSPropertyOp51
 70
     0
102
RTVSPropertyOp52
 70
     0
102
RTVSPropertyOp53
 70
     0
102
RTVSPropertyOp54
 70
     0
102
RTVSPropertyOp55
 70
     0
102
RTVSPropertyOp56
 70
     0
102
RTVSPropertyOp57
 70
     0
102
RTVSPost2010Prop28
280
     0
102
RTVSPost2010PropOp28
 70
     0
102
RTVSPost2010Prop29
280
     1
102
RTVSPost2010PropOp29
 70
     0
102
RTVSPost2010Prop30
280
     1
102
RTVSPost2010PropOp30
 70
     0
102
RTVSPost2010Prop31
280
     0
102
RTVSPost2010PropOp31
 70
     0
102
RTVSPost2010Prop32
280
     0
102
RTVSPost2010PropOp32
 70
     0
102
RTVSPost2010Prop33
280
     0
102
RTVSPost2010PropOp33
 70
     0
102
RTVSPost2010Prop34
280
     0
102
RTVSPost2010PropOp34
 70
     0
102
RTVSPost2010Prop35
280
     0
102
RTVSPost2010PropOp35
 70
     0
102
RTVSPost2010Prop36
280
     0
102
RTVSPost2010PropOp36
 70
     0
102
RTVSPost2010Prop37
 90
       50
102
RTVSPost2010PropOp37
 70
     0
102
RTVSPost2010Prop38
140
0.0
102
RTVSPost2010PropOp38
 70
     0
102
RTVSPost2010Prop39
140
1.0
102
RTVSPost2010PropOp39
 70
     0
102
RTVSPost2010Prop40
 90
        0
102
RTVSPost2010PropOp40
 70
     0
102
RTVSPost2010Prop41ColorIndex
 90
       18
102
RTVSPost2010Prop41ColorRGB
 90
        0
102
RTVSPost2010PropOp41
 70
     0
102
RTVSPost2010Prop42
 90
       50
102
RTVSPost2010PropOp42
 70
     0
102
RTVSPost2010Prop43
 90
        3
102
RTVSPost2010PropOp43
 70
     0
102
RTVSPost2010Prop44ColorIndex
 90
        5
102
RTVSPost2010Prop44ColorRGB
 90
      255
102
RTVSPost2010PropOp44
 70
     0
102
RTVSPost2010Prop45
280
     0
102
RTVSPost2010PropOp45
 70
     0
102
RTVSPost2010Prop46
 90
       50
102
RTVSPost2010PropOp46
 70
     0
102
RTVSPost2010Prop47
 90
       50
102
RTVSPost2010PropOp47
 70
     0
102
RTVSPost2010Prop48
 90
       50
102
RTVSPost2010PropOp48
 70
     0
102
RTVSPost2010Prop49
280
     0
102
RTVSPost2010PropOp49
 70
     0
102
RTVSPost2010Prop50
 90
       50
102
RTVSPost2010PropOp50
 70
     0
102
RTVSPost2010Prop51ColorIndex
 90
      256
102
RTVSPost2010Prop51ColorRGB
 90
-16777216
102
RTVSPost2010PropOp51
 70
     0
102
RTVSPost2010Prop52
140
1.0
102
RTVSPost2010PropOp52
 70
     0
102
RTVSPost2010Prop53
 90
        2
102
RTVSPost2010PropOp53
 70
     0
102
RTVSPost2010Prop54
  1
strokes_ogs.tif
102
RTVSPost2010PropOp54
 70
     0
102
RTVSPost2010Prop55
280
     0
102
RTVSPost2010PropOp55
 70
     0
102
RTVSPost2010Prop56
140
1.0
102
RTVSPost2010PropOp56
 70
     0
102
RTVSPost2010Prop57
140
1.0
102
RTVSPost2010PropOp57
 70
     0
  0
XRECORD
  5
17B
102
{ACAD_REACTORS
330
17A
102
}
330
17A
100
AcDbXrecord
280
     1
102
RTVSPropertyOp0
 70
     1
102
RTVSPropertyOp1
 70
     1
102
RTVSPropertyOp2
 70
     1
102
RTVSPropertyOp3
 70
     1
102
RTVSPropertyOp4
 70
     1
102
RTVSPropertyOp5
 70
     1
102
RTVSPropertyOp6
 70
     1
102
RTVSPropertyOp7
 70
     1
102
RTVSPropertyOp8
 70
     1
102
RTVSPropertyOp9
 70
     1
102
RTVSPropertyOp10
 70
     1
102
RTVSPropertyOp11
 70
     1
102
RTVSPropertyOp12
 70
     1
102
RTVSPropertyOp13
 70
     1
102
RTVSPropertyOp14
 70
     1
102
RTVSPropertyOp15
 70
     1
102
RTVSPropertyOp16
 70
     1
102
RTVSPropertyOp17
 70
     1
102
RTVSPropertyOp18
 70
     1
102
RTVSPropertyOp19
 70
     1
102
RTVSPropertyOp20
 70
     1
102
RTVSPropertyOp21
 70
     1
102
RTVSPropertyOp22
 70
     1
102
RTVSPropertyOp23
 70
     1
102
RTVSPropertyOp24
 70
     1
102
RTVSPropertyOp25
 70
     1
102
RTVSPropertyOp26
 70
     1
102
RTVSPropertyOp27
 70
     1
102
RTVSPropertyOp28
 70
     1
102
RTVSPropertyOp29
 70
     1
102
RTVSPropertyOp30
 70
     1
102
RTVSPropertyOp31
 70
     1
102
RTVSPropertyOp32
 70
     1
102
RTVSPropertyOp33
 70
     1
102
RTVSPropertyOp34
 70
     1
102
RTVSPropertyOp35
 70
     1
102
RTVSPropertyOp36
 70
     1
102
RTVSPropertyOp37
 70
     1
102
RTVSPropertyOp38
 70
     1
102
RTVSPropertyOp39
 70
     1
102
RTVSPropertyOp40
 70
     1
102
RTVSPropertyOp41
 70
     1
102
RTVSPropertyOp42
 70
     1
102
RTVSPropertyOp43
 70
     1
102
RTVSPropertyOp44
 70
     1
102
RTVSPropertyOp45
 70
     1
102
RTVSPropertyOp46
 70
     1
102
RTVSPropertyOp47
 70
     1
102
RTVSPropertyOp48
 70
     1
102
RTVSPropertyOp49
 70
     1
102
RTVSPropertyOp50
 70
     1
102
RTVSPropertyOp51
 70
     0
102
RTVSPropertyOp52
 70
     0
102
RTVSPropertyOp53
 70
     1
102
RTVSPropertyOp54
 70
     1
102
RTVSPropertyOp55
 70
     1
102
RTVSPropertyOp56
 70
     1
102
RTVSPropertyOp57
 70
     1
102
RTVSPost2010Prop28
280
     0
102
RTVSPost2010PropOp28
 70
     1
102
RTVSPost2010Prop29
280
     1
102
RTVSPost2010PropOp29
 70
     1
102
RTVSPost2010Prop30
280
     1
102
RTVSPost2010PropOp30
 70
     1
102
RTVSPost2010Prop31
280
     0
102
RTVSPost2010PropOp31
 70
     1
102
RTVSPost2010Prop32
280
     0
102
RTVSPost2010PropOp32
 70
     1
102
RTVSPost2010Prop33
280
     0
102
RTVSPost2010PropOp33
 70
     1
102
RTVSPost2010Prop34
280
     0
102
RTVSPost2010PropOp34
 70
     1
102
RTVSPost2010Prop35
280
     0
102
RTVSPost2010PropOp35
 70
     1
102
RTVSPost2010Prop36
280
     0
102
RTVSPost2010PropOp36
 70
     1
102
RTVSPost2010Prop37
 90
       50
102
RTVSPost2010PropOp37
 70
     1
102
RTVSPost2010Prop38
140
0.0
102
RTVSPost2010PropOp38
 70
     1
102
RTVSPost2010Prop39
140
1.0
102
RTVSPost2010PropOp39
 70
     1
102
RTVSPost2010Prop40
 90
        0
102
RTVSPost2010PropOp40
 70
     1
102
RTVSPost2010Prop41ColorIndex
 90
       18
102
RTVSPost2010Prop41ColorRGB
 90
        0
102
RTVSPost2010PropOp41
 70
     1
102
RTVSPost2010Prop42
 90
       50
102
RTVSPost2010PropOp42
 70
     1
102
RTVSPost2010Prop43
 90
        3
102
RTVSPost2010PropOp43
 70
     1
102
RTVSPost2010Prop44ColorIndex
 90
        5
102
RTVSPost2010Prop44ColorRGB
 90
      255
102
RTVSPost2010PropOp44
 70
     1
102
RTVSPost2010Prop45
280
     0
102
RTVSPost2010PropOp45
 70
     1
102
RTVSPost2010Prop46
 90
       50
102
RTVSPost2010PropOp46
 70
     1
102
RTVSPost2010Prop47
 90
       50
102
RTVSPost2010PropOp47
 70
     1
102
RTVSPost2010Prop48
 90
       50
102
RTVSPost2010PropOp48
 70
     1
102
RTVSPost2010Prop49
280
     0
102
RTVSPost2010PropOp49
 70
     1
102
RTVSPost2010Prop50
 90
       50
102
RTVSPost2010PropOp50
 70
     1
102
RTVSPost2010Prop51ColorIndex
 90
      256
102
RTVSPost2010Prop51ColorRGB
 90
-16777216
102
RTVSPost2010PropOp51
 70
     0
102
RTVSPost2010Prop52
140
1.0
102
RTVSPost2010PropOp52
 70
     0
102
RTVSPost2010Prop53
 90
        2
102
RTVSPost2010PropOp53
 70
     1
102
RTVSPost2010Prop54
  1
strokes_ogs.tif
102
RTVSPost2010PropOp54
 70
     1
102
RTVSPost2010Prop55
280
     0
102
RTVSPost2010PropOp55
 70
     1
102
RTVSPost2010Prop56
140
1.0
102
RTVSPost2010PropOp56
 70
     1
102
RTVSPost2010Prop57
140
1.0
102
RTVSPost2010PropOp57
 70
     1
  0
XRECORD
  5
15F
102
{ACAD_REACTORS
330
15E
102
}
330
15E
100
AcDbXrecord
280
     1
102
RTVSPropertyOp0
 70
     1
102
RTVSPropertyOp1
 70
     1
102
RTVSPropertyOp2
 70
     1
102
RTVSPropertyOp3
 70
     1
102
RTVSPropertyOp4
 70
     1
102
RTVSPropertyOp5
 70
     1
102
RTVSPropertyOp6
 70
     1
102
RTVSPropertyOp7
 70
     1
102
RTVSPropertyOp8
 70
     1
102
RTVSPropertyOp9
 70
     1
102
RTVSPropertyOp10
 70
     1
102
RTVSPropertyOp11
 70
     1
102
RTVSPropertyOp12
 70
     1
102
RTVSPropertyOp13
 70
     1
102
RTVSPropertyOp14
 70
     1
102
RTVSPropertyOp15
 70
     1
102
RTVSPropertyOp16
 70
     1
102
RTVSPropertyOp17
 70
     1
102
RTVSPropertyOp18
 70
     1
102
RTVSPropertyOp19
 70
     1
102
RTVSPropertyOp20
 70
     1
102
RTVSPropertyOp21
 70
     1
102
RTVSPropertyOp22
 70
     1
102
RTVSPropertyOp23
 70
     1
102
RTVSPropertyOp24
 70
     1
102
RTVSPropertyOp25
 70
     1
102
RTVSPropertyOp26
 70
     1
102
RTVSPropertyOp27
 70
     1
102
RTVSPropertyOp28
 70
     1
102
RTVSPropertyOp29
 70
     1
102
RTVSPropertyOp30
 70
     1
102
RTVSPropertyOp31
 70
     1
102
RTVSPropertyOp32
 70
     1
102
RTVSPropertyOp33
 70
     1
102
RTVSPropertyOp34
 70
     1
102
RTVSPropertyOp35
 70
     1
102
RTVSPropertyOp36
 70
     1
102
RTVSPropertyOp37
 70
     1
102
RTVSPropertyOp38
 70
     1
102
RTVSPropertyOp39
 70
     1
102
RTVSPropertyOp40
 70
     1
102
RTVSPropertyOp41
 70
     1
102
RTVSPropertyOp42
 70
     1
102
RTVSPropertyOp43
 70
     1
102
RTVSPropertyOp44
 70
     1
102
RTVSPropertyOp45
 70
     1
102
RTVSPropertyOp46
 70
     1
102
RTVSPropertyOp47
 70
     1
102
RTVSPropertyOp48
 70
     1
102
RTVSPropertyOp49
 70
     1
102
RTVSPropertyOp50
 70
     1
102
RTVSPropertyOp51
 70
     0
102
RTVSPropertyOp52
 70
     0
102
RTVSPropertyOp53
 70
     1
102
RTVSPropertyOp54
 70
     1
102
RTVSPropertyOp55
 70
     1
102
RTVSPropertyOp56
 70
     1
102
RTVSPropertyOp57
 70
     1
102
RTVSPost2010Prop28
280
     0
102
RTVSPost2010PropOp28
 70
     1
102
RTVSPost2010Prop29
280
     1
102
RTVSPost2010PropOp29
 70
     1
102
RTVSPost2010Prop30
280
     1
102
RTVSPost2010PropOp30
 70
     1
102
RTVSPost2010Prop31
280
     0
102
RTVSPost2010PropOp31
 70
     1
102
RTVSPost2010Prop32
280
     0
102
RTVSPost2010PropOp32
 70
     1
102
RTVSPost2010Prop33
280
     0
102
RTVSPost2010PropOp33
 70
     1
102
RTVSPost2010Prop34
280
     0
102
RTVSPost2010PropOp34
 70
     1
102
RTVSPost2010Prop35
280
     0
102
RTVSPost2010PropOp35
 70
     1
102
RTVSPost2010Prop36
280
     0
102
RTVSPost2010PropOp36
 70
     1
102
RTVSPost2010Prop37
 90
       50
102
RTVSPost2010PropOp37
 70
     1
102
RTVSPost2010Prop38
140
0.0
102
RTVSPost2010PropOp38
 70
     1
102
RTVSPost2010Prop39
140
1.0
102
RTVSPost2010PropOp39
 70
     1
102
RTVSPost2010Prop40
 90
        0
102
RTVSPost2010PropOp40
 70
     1
102
RTVSPost2010Prop41ColorIndex
 90
       18
102
RTVSPost2010Prop41ColorRGB
 90
        0
102
RTVSPost2010PropOp41
 70
     1
102
RTVSPost2010Prop42
 90
       50
102
RTVSPost2010PropOp42
 70
     1
102
RTVSPost2010Prop43
 90
        3
102
RTVSPost2010PropOp43
 70
     1
102
RTVSPost2010Prop44ColorIndex
 90
        5
102
RTVSPost2010Prop44ColorRGB
 90
      255
102
RTVSPost2010PropOp44
 70
     1
102
RTVSPost2010Prop45
280
     0
102
RTVSPost2010PropOp45
 70
     1
102
RTVSPost2010Prop46
 90
       50
102
RTVSPost2010PropOp46
 70
     1
102
RTVSPost2010Prop47
 90
       50
102
RTVSPost2010PropOp47
 70
     1
102
RTVSPost2010Prop48
 90
       50
102
RTVSPost2010PropOp48
 70
     1
102
RTVSPost2010Prop49
280
     0
102
RTVSPost2010PropOp49
 70
     1
102
RTVSPost2010Prop50
 90
       50
102
RTVSPost2010PropOp50
 70
     1
102
RTVSPost2010Prop51ColorIndex
 90
      256
102
RTVSPost2010Prop51ColorRGB
 90
-16777216
102
RTVSPost2010PropOp51
 70
     0
102
RTVSPost2010Prop52
140
1.0
102
RTVSPost2010PropOp52
 70
     0
102
RTVSPost2010Prop53
 90
        2
102
RTVSPost2010PropOp53
 70
     1
102
RTVSPost2010Prop54
  1
strokes_ogs.tif
102
RTVSPost2010PropOp54
 70
     1
102
RTVSPost2010Prop55
280
     0
102
RTVSPost2010PropOp55
 70
     1
102
RTVSPost2010Prop56
140
1.0
102
RTVSPost2010PropOp56
 70
     1
102
RTVSPost2010Prop57
140
1.0
102
RTVSPost2010PropOp57
 70
     1
  0
XRECORD
  5
161
102
{ACAD_REACTORS
330
160
102
}
330
160
100
AcDbXrecord
280
     1
102
RTVSPropertyOp0
 70
     1
102
RTVSPropertyOp1
 70
     1
102
RTVSPropertyOp2
 70
     1
102
RTVSPropertyOp3
 70
     1
102
RTVSPropertyOp4
 70
     1
102
RTVSPropertyOp5
 70
     1
102
RTVSPropertyOp6
 70
     1
102
RTVSPropertyOp7
 70
     1
102
RTVSPropertyOp8
 70
     1
102
RTVSPropertyOp9
 70
     1
102
RTVSPropertyOp10
 70
     1
102
RTVSPropertyOp11
 70
     1
102
RTVSPropertyOp12
 70
     1
102
RTVSPropertyOp13
 70
     1
102
RTVSPropertyOp14
 70
     1
102
RTVSPropertyOp15
 70
     1
102
RTVSPropertyOp16
 70
     1
102
RTVSPropertyOp17
 70
     1
102
RTVSPropertyOp18
 70
     1
102
RTVSPropertyOp19
 70
     1
102
RTVSPropertyOp20
 70
     1
102
RTVSPropertyOp21
 70
     1
102
RTVSPropertyOp22
 70
     1
102
RTVSPropertyOp23
 70
     1
102
RTVSPropertyOp24
 70
     1
102
RTVSPropertyOp25
 70
     1
102
RTVSPropertyOp26
 70
     1
102
RTVSPropertyOp27
 70
     1
102
RTVSPropertyOp28
 70
     1
102
RTVSPropertyOp29
 70
     1
102
RTVSPropertyOp30
 70
     1
102
RTVSPropertyOp31
 70
     1
102
RTVSPropertyOp32
 70
     1
102
RTVSPropertyOp33
 70
     1
102
RTVSPropertyOp34
 70
     1
102
RTVSPropertyOp35
 70
     1
102
RTVSPropertyOp36
 70
     1
102
RTVSPropertyOp37
 70
     1
102
RTVSPropertyOp38
 70
     1
102
RTVSPropertyOp39
 70
     1
102
RTVSPropertyOp40
 70
     1
102
RTVSPropertyOp41
 70
     1
102
RTVSPropertyOp42
 70
     1
102
RTVSPropertyOp43
 70
     1
102
RTVSPropertyOp44
 70
     1
102
RTVSPropertyOp45
 70
     1
102
RTVSPropertyOp46
 70
     1
102
RTVSPropertyOp47
 70
     1
102
RTVSPropertyOp48
 70
     1
102
RTVSPropertyOp49
 70
     1
102
RTVSPropertyOp50
 70
     1
102
RTVSPropertyOp51
 70
     0
102
RTVSPropertyOp52
 70
     0
102
RTVSPropertyOp53
 70
     1
102
RTVSPropertyOp54
 70
     1
102
RTVSPropertyOp55
 70
     1
102
RTVSPropertyOp56
 70
     1
102
RTVSPropertyOp57
 70
     1
102
RTVSPost2010Prop28
280
     0
102
RTVSPost2010PropOp28
 70
     1
102
RTVSPost2010Prop29
280
     1
102
RTVSPost2010PropOp29
 70
     1
102
RTVSPost2010Prop30
280
     1
102
RTVSPost2010PropOp30
 70
     1
102
RTVSPost2010Prop31
280
     0
102
RTVSPost2010PropOp31
 70
     1
102
RTVSPost2010Prop32
280
     0
102
RTVSPost2010PropOp32
 70
     1
102
RTVSPost2010Prop33
280
     0
102
RTVSPost2010PropOp33
 70
     1
102
RTVSPost2010Prop34
280
     0
102
RTVSPost2010PropOp34
 70
     1
102
RTVSPost2010Prop35
280
     0
102
RTVSPost2010PropOp35
 70
     1
102
RTVSPost2010Prop36
280
     0
102
RTVSPost2010PropOp36
 70
     1
102
RTVSPost2010Prop37
 90
       50
102
RTVSPost2010PropOp37
 70
     1
102
RTVSPost2010Prop38
140
0.0
102
RTVSPost2010PropOp38
 70
     1
102
RTVSPost2010Prop39
140
1.0
102
RTVSPost2010PropOp39
 70
     1
102
RTVSPost2010Prop40
 90
        0
102
RTVSPost2010PropOp40
 70
     1
102
RTVSPost2010Prop41ColorIndex
 90
       18
102
RTVSPost2010Prop41ColorRGB
 90
        0
102
RTVSPost2010PropOp41
 70
     1
102
RTVSPost2010Prop42
 90
       50
102
RTVSPost2010PropOp42
 70
     1
102
RTVSPost2010Prop43
 90
        3
102
RTVSPost2010PropOp43
 70
     1
102
RTVSPost2010Prop44ColorIndex
 90
        5
102
RTVSPost2010Prop44ColorRGB
 90
      255
102
RTVSPost2010PropOp44
 70
     1
102
RTVSPost2010Prop45
280
     0
102
RTVSPost2010PropOp45
 70
     1
102
RTVSPost2010Prop46
 90
       50
102
RTVSPost2010PropOp46
 70
     1
102
RTVSPost2010Prop47
 90
       50
102
RTVSPost2010PropOp47
 70
     1
102
RTVSPost2010Prop48
 90
       50
102
RTVSPost2010PropOp48
 70
     1
102
RTVSPost2010Prop49
280
     0
102
RTVSPost2010PropOp49
 70
     1
102
RTVSPost2010Prop50
 90
       50
102
RTVSPost2010PropOp50
 70
     1
102
RTVSPost2010Prop51ColorIndex
 90
      256
102
RTVSPost2010Prop51ColorRGB
 90
-16777216
102
RTVSPost2010PropOp51
 70
     0
102
RTVSPost2010Prop52
140
1.0
102
RTVSPost2010PropOp52
 70
     0
102
RTVSPost2010Prop53
 90
        2
102
RTVSPost2010PropOp53
 70
     1
102
RTVSPost2010Prop54
  1
strokes_ogs.tif
102
RTVSPost2010PropOp54
 70
     1
102
RTVSPost2010Prop55
280
     0
102
RTVSPost2010PropOp55
 70
     1
102
RTVSPost2010Prop56
140
1.0
102
RTVSPost2010PropOp56
 70
     1
102
RTVSPost2010Prop57
140
1.0
102
RTVSPost2010PropOp57
 70
     1
  0
XRECORD
  5
163
102
{ACAD_REACTORS
330
162
102
}
330
162
100
AcDbXrecord
280
     1
102
RTVSPropertyOp0
 70
     1
102
RTVSPropertyOp1
 70
     1
102
RTVSPropertyOp2
 70
     1
102
RTVSPropertyOp3
 70
     1
102
RTVSPropertyOp4
 70
     1
102
RTVSPropertyOp5
 70
     1
102
RTVSPropertyOp6
 70
     1
102
RTVSPropertyOp7
 70
     1
102
RTVSPropertyOp8
 70
     1
102
RTVSPropertyOp9
 70
     1
102
RTVSPropertyOp10
 70
     1
102
RTVSPropertyOp11
 70
     1
102
RTVSPropertyOp12
 70
     1
102
RTVSPropertyOp13
 70
     1
102
RTVSPropertyOp14
 70
     1
102
RTVSPropertyOp15
 70
     1
102
RTVSPropertyOp16
 70
     1
102
RTVSPropertyOp17
 70
     1
102
RTVSPropertyOp18
 70
     1
102
RTVSPropertyOp19
 70
     1
102
RTVSPropertyOp20
 70
     1
102
RTVSPropertyOp21
 70
     1
102
RTVSPropertyOp22
 70
     1
102
RTVSPropertyOp23
 70
     1
102
RTVSPropertyOp24
 70
     1
102
RTVSPropertyOp25
 70
     1
102
RTVSPropertyOp26
 70
     1
102
RTVSPropertyOp27
 70
     1
102
RTVSPropertyOp28
 70
     1
102
RTVSPropertyOp29
 70
     1
102
RTVSPropertyOp30
 70
     1
102
RTVSPropertyOp31
 70
     1
102
RTVSPropertyOp32
 70
     1
102
RTVSPropertyOp33
 70
     1
102
RTVSPropertyOp34
 70
     1
102
RTVSPropertyOp35
 70
     1
102
RTVSPropertyOp36
 70
     1
102
RTVSPropertyOp37
 70
     1
102
RTVSPropertyOp38
 70
     1
102
RTVSPropertyOp39
 70
     1
102
RTVSPropertyOp40
 70
     1
102
RTVSPropertyOp41
 70
     1
102
RTVSPropertyOp42
 70
     1
102
RTVSPropertyOp43
 70
     1
102
RTVSPropertyOp44
 70
     1
102
RTVSPropertyOp45
 70
     1
102
RTVSPropertyOp46
 70
     1
102
RTVSPropertyOp47
 70
     1
102
RTVSPropertyOp48
 70
     1
102
RTVSPropertyOp49
 70
     1
102
RTVSPropertyOp50
 70
     1
102
RTVSPropertyOp51
 70
     0
102
RTVSPropertyOp52
 70
     0
102
RTVSPropertyOp53
 70
     1
102
RTVSPropertyOp54
 70
     1
102
RTVSPropertyOp55
 70
     1
102
RTVSPropertyOp56
 70
     1
102
RTVSPropertyOp57
 70
     1
102
RTVSPost2010Prop28
280
     0
102
RTVSPost2010PropOp28
 70
     1
102
RTVSPost2010Prop29
280
     1
102
RTVSPost2010PropOp29
 70
     1
102
RTVSPost2010Prop30
280
     1
102
RTVSPost2010PropOp30
 70
     1
102
RTVSPost2010Prop31
280
     0
102
RTVSPost2010PropOp31
 70
     1
102
RTVSPost2010Prop32
280
     0
102
RTVSPost2010PropOp32
 70
     1
102
RTVSPost2010Prop33
280
     0
102
RTVSPost2010PropOp33
 70
     1
102
RTVSPost2010Prop34
280
     0
102
RTVSPost2010PropOp34
 70
     1
102
RTVSPost2010Prop35
280
     0
102
RTVSPost2010PropOp35
 70
     1
102
RTVSPost2010Prop36
280
     0
102
RTVSPost2010PropOp36
 70
     1
102
RTVSPost2010Prop37
 90
       50
102
RTVSPost2010PropOp37
 70
     1
102
RTVSPost2010Prop38
140
0.0
102
RTVSPost2010PropOp38
 70
     1
102
RTVSPost2010Prop39
140
1.0
102
RTVSPost2010PropOp39
 70
     1
102
RTVSPost2010Prop40
 90
        0
102
RTVSPost2010PropOp40
 70
     1
102
RTVSPost2010Prop41ColorIndex
 90
       18
102
RTVSPost2010Prop41ColorRGB
 90
        0
102
RTVSPost2010PropOp41
 70
     1
102
RTVSPost2010Prop42
 90
       50
102
RTVSPost2010PropOp42
 70
     1
102
RTVSPost2010Prop43
 90
        3
102
RTVSPost2010PropOp43
 70
     1
102
RTVSPost2010Prop44ColorIndex
 90
        5
102
RTVSPost2010Prop44ColorRGB
 90
      255
102
RTVSPost2010PropOp44
 70
     1
102
RTVSPost2010Prop45
280
     0
102
RTVSPost2010PropOp45
 70
     1
102
RTVSPost2010Prop46
 90
       50
102
RTVSPost2010PropOp46
 70
     1
102
RTVSPost2010Prop47
 90
       50
102
RTVSPost2010PropOp47
 70
     1
102
RTVSPost2010Prop48
 90
       50
102
RTVSPost2010PropOp48
 70
     1
102
RTVSPost2010Prop49
280
     0
102
RTVSPost2010PropOp49
 70
     1
102
RTVSPost2010Prop50
 90
       50
102
RTVSPost2010PropOp50
 70
     1
102
RTVSPost2010Prop51ColorIndex
 90
      256
102
RTVSPost2010Prop51ColorRGB
 90
-16777216
102
RTVSPost2010PropOp51
 70
     0
102
RTVSPost2010Prop52
140
1.0
102
RTVSPost2010PropOp52
 70
     0
102
RTVSPost2010Prop53
 90
        2
102
RTVSPost2010PropOp53
 70
     1
102
RTVSPost2010Prop54
  1
strokes_ogs.tif
102
RTVSPost2010PropOp54
 70
     1
102
RTVSPost2010Prop55
280
     0
102
RTVSPost2010PropOp55
 70
     1
102
RTVSPost2010Prop56
140
1.0
102
RTVSPost2010PropOp56
 70
     1
102
RTVSPost2010Prop57
140
1.0
102
RTVSPost2010PropOp57
 70
     1
  0
XRECORD
  5
165
102
{ACAD_REACTORS
330
164
102
}
330
164
100
AcDbXrecord
280
     1
102
RTVSPropertyOp0
 70
     1
102
RTVSPropertyOp1
 70
     1
102
RTVSPropertyOp2
 70
     1
102
RTVSPropertyOp3
 70
     1
102
RTVSPropertyOp4
 70
     1
102
RTVSPropertyOp5
 70
     1
102
RTVSPropertyOp6
 70
     1
102
RTVSPropertyOp7
 70
     1
102
RTVSPropertyOp8
 70
     1
102
RTVSPropertyOp9
 70
     1
102
RTVSPropertyOp10
 70
     1
102
RTVSPropertyOp11
 70
     1
102
RTVSPropertyOp12
 70
     1
102
RTVSPropertyOp13
 70
     1
102
RTVSPropertyOp14
 70
     1
102
RTVSPropertyOp15
 70
     1
102
RTVSPropertyOp16
 70
     1
102
RTVSPropertyOp17
 70
     1
102
RTVSPropertyOp18
 70
     1
102
RTVSPropertyOp19
 70
     1
102
RTVSPropertyOp20
 70
     1
102
RTVSPropertyOp21
 70
     1
102
RTVSPropertyOp22
 70
     1
102
RTVSPropertyOp23
 70
     1
102
RTVSPropertyOp24
 70
     1
102
RTVSPropertyOp25
 70
     1
102
RTVSPropertyOp26
 70
     1
102
RTVSPropertyOp27
 70
     1
102
RTVSPropertyOp28
 70
     1
102
RTVSPropertyOp29
 70
     1
102
RTVSPropertyOp30
 70
     1
102
RTVSPropertyOp31
 70
     1
102
RTVSPropertyOp32
 70
     1
102
RTVSPropertyOp33
 70
     1
102
RTVSPropertyOp34
 70
     1
102
RTVSPropertyOp35
 70
     1
102
RTVSPropertyOp36
 70
     1
102
RTVSPropertyOp37
 70
     1
102
RTVSPropertyOp38
 70
     1
102
RTVSPropertyOp39
 70
     1
102
RTVSPropertyOp40
 70
     1
102
RTVSPropertyOp41
 70
     1
102
RTVSPropertyOp42
 70
     1
102
RTVSPropertyOp43
 70
     1
102
RTVSPropertyOp44
 70
     1
102
RTVSPropertyOp45
 70
     1
102
RTVSPropertyOp46
 70
     1
102
RTVSPropertyOp47
 70
     1
102
RTVSPropertyOp48
 70
     1
102
RTVSPropertyOp49
 70
     1
102
RTVSPropertyOp50
 70
     1
102
RTVSPropertyOp51
 70
     0
102
RTVSPropertyOp52
 70
     0
102
RTVSPropertyOp53
 70
     1
102
RTVSPropertyOp54
 70
     1
102
RTVSPropertyOp55
 70
     1
102
RTVSPropertyOp56
 70
     1
102
RTVSPropertyOp57
 70
     1
102
RTVSPost2010Prop28
280
     0
102
RTVSPost2010PropOp28
 70
     1
102
RTVSPost2010Prop29
280
     1
102
RTVSPost2010PropOp29
 70
     1
102
RTVSPost2010Prop30
280
     1
102
RTVSPost2010PropOp30
 70
     1
102
RTVSPost2010Prop31
280
     0
102
RTVSPost2010PropOp31
 70
     1
102
RTVSPost2010Prop32
280
     0
102
RTVSPost2010PropOp32
 70
     1
102
RTVSPost2010Prop33
280
     0
102
RTVSPost2010PropOp33
 70
     1
102
RTVSPost2010Prop34
280
     0
102
RTVSPost2010PropOp34
 70
     1
102
RTVSPost2010Prop35
280
     0
102
RTVSPost2010PropOp35
 70
     1
102
RTVSPost2010Prop36
280
     0
102
RTVSPost2010PropOp36
 70
     1
102
RTVSPost2010Prop37
 90
       50
102
RTVSPost2010PropOp37
 70
     1
102
RTVSPost2010Prop38
140
0.0
102
RTVSPost2010PropOp38
 70
     1
102
RTVSPost2010Prop39
140
1.0
102
RTVSPost2010PropOp39
 70
     1
102
RTVSPost2010Prop40
 90
        0
102
RTVSPost2010PropOp40
 70
     1
102
RTVSPost2010Prop41ColorIndex
 90
       18
102
RTVSPost2010Prop41ColorRGB
 90
        0
102
RTVSPost2010PropOp41
 70
     1
102
RTVSPost2010Prop42
 90
       50
102
RTVSPost2010PropOp42
 70
     1
102
RTVSPost2010Prop43
 90
        3
102
RTVSPost2010PropOp43
 70
     1
102
RTVSPost2010Prop44ColorIndex
 90
        5
102
RTVSPost2010Prop44ColorRGB
 90
      255
102
RTVSPost2010PropOp44
 70
     1
102
RTVSPost2010Prop45
280
     0
102
RTVSPost2010PropOp45
 70
     1
102
RTVSPost2010Prop46
 90
       50
102
RTVSPost2010PropOp46
 70
     1
102
RTVSPost2010Prop47
 90
       50
102
RTVSPost2010PropOp47
 70
     1
102
RTVSPost2010Prop48
 90
       50
102
RTVSPost2010PropOp48
 70
     1
102
RTVSPost2010Prop49
280
     0
102
RTVSPost2010PropOp49
 70
     1
102
RTVSPost2010Prop50
 90
       50
102
RTVSPost2010PropOp50
 70
     1
102
RTVSPost2010Prop51ColorIndex
 90
      256
102
RTVSPost2010Prop51ColorRGB
 90
-16777216
102
RTVSPost2010PropOp51
 70
     0
102
RTVSPost2010Prop52
140
1.0
102
RTVSPost2010PropOp52
 70
     0
102
RTVSPost2010Prop53
 90
        2
102
RTVSPost2010PropOp53
 70
     1
102
RTVSPost2010Prop54
  1
strokes_ogs.tif
102
RTVSPost2010PropOp54
 70
     1
102
RTVSPost2010Prop55
280
     0
102
RTVSPost2010PropOp55
 70
     1
102
RTVSPost2010Prop56
140
1.0
102
RTVSPost2010PropOp56
 70
     1
102
RTVSPost2010Prop57
140
1.0
102
RTVSPost2010PropOp57
 70
     1
  0
XRECORD
  5
16B
102
{ACAD_REACTORS
330
16A
102
}
330
16A
100
AcDbXrecord
280
     1
102
RTVSPropertyOp0
 70
     1
102
RTVSPropertyOp1
 70
     1
102
RTVSPropertyOp2
 70
     1
102
RTVSPropertyOp3
 70
     1
102
RTVSPropertyOp4
 70
     1
102
RTVSPropertyOp5
 70
     1
102
RTVSPropertyOp6
 70
     1
102
RTVSPropertyOp7
 70
     1
102
RTVSPropertyOp8
 70
     1
102
RTVSPropertyOp9
 70
     1
102
RTVSPropertyOp10
 70
     1
102
RTVSPropertyOp11
 70
     1
102
RTVSPropertyOp12
 70
     1
102
RTVSPropertyOp13
 70
     1
102
RTVSPropertyOp14
 70
     1
102
RTVSPropertyOp15
 70
     1
102
RTVSPropertyOp16
 70
     1
102
RTVSPropertyOp17
 70
     1
102
RTVSPropertyOp18
 70
     1
102
RTVSPropertyOp19
 70
     1
102
RTVSPropertyOp20
 70
     1
102
RTVSPropertyOp21
 70
     1
102
RTVSPropertyOp22
 70
     1
102
RTVSPropertyOp23
 70
     1
102
RTVSPropertyOp24
 70
     1
102
RTVSPropertyOp25
 70
     1
102
RTVSPropertyOp26
 70
     1
102
RTVSPropertyOp27
 70
     1
102
RTVSPropertyOp28
 70
     1
102
RTVSPropertyOp29
 70
     1
102
RTVSPropertyOp30
 70
     1
102
RTVSPropertyOp31
 70
     1
102
RTVSPropertyOp32
 70
     1
102
RTVSPropertyOp33
 70
     1
102
RTVSPropertyOp34
 70
     1
102
RTVSPropertyOp35
 70
     1
102
RTVSPropertyOp36
 70
     1
102
RTVSPropertyOp37
 70
     1
102
RTVSPropertyOp38
 70
     1
102
RTVSPropertyOp39
 70
     1
102
RTVSPropertyOp40
 70
     1
102
RTVSPropertyOp41
 70
     1
102
RTVSPropertyOp42
 70
     1
102
RTVSPropertyOp43
 70
     1
102
RTVSPropertyOp44
 70
     1
102
RTVSPropertyOp45
 70
     1
102
RTVSPropertyOp46
 70
     1
102
RTVSPropertyOp47
 70
     1
102
RTVSPropertyOp48
 70
     1
102
RTVSPropertyOp49
 70
     1
102
RTVSPropertyOp50
 70
     1
102
RTVSPropertyOp51
 70
     0
102
RTVSPropertyOp52
 70
     0
102
RTVSPropertyOp53
 70
     1
102
RTVSPropertyOp54
 70
     1
102
RTVSPropertyOp55
 70
     1
102
RTVSPropertyOp56
 70
     1
102
RTVSPropertyOp57
 70
     1
102
RTVSPost2010Prop28
280
     0
102
RTVSPost2010PropOp28
 70
     1
102
RTVSPost2010Prop29
280
     1
102
RTVSPost2010PropOp29
 70
     1
102
RTVSPost2010Prop30
280
     1
102
RTVSPost2010PropOp30
 70
     1
102
RTVSPost2010Prop31
280
     0
102
RTVSPost2010PropOp31
 70
     1
102
RTVSPost2010Prop32
280
     0
102
RTVSPost2010PropOp32
 70
     1
102
RTVSPost2010Prop33
280
     0
102
RTVSPost2010PropOp33
 70
     1
102
RTVSPost2010Prop34
280
     0
102
RTVSPost2010PropOp34
 70
     1
102
RTVSPost2010Prop35
280
     0
102
RTVSPost2010PropOp35
 70
     1
102
RTVSPost2010Prop36
280
     0
102
RTVSPost2010PropOp36
 70
     1
102
RTVSPost2010Prop37
 90
       50
102
RTVSPost2010PropOp37
 70
     1
102
RTVSPost2010Prop38
140
0.0
102
RTVSPost2010PropOp38
 70
     1
102
RTVSPost2010Prop39
140
1.0
102
RTVSPost2010PropOp39
 70
     1
102
RTVSPost2010Prop40
 90
        0
102
RTVSPost2010PropOp40
 70
     1
102
RTVSPost2010Prop41ColorIndex
 90
       18
102
RTVSPost2010Prop41ColorRGB
 90
        0
102
RTVSPost2010PropOp41
 70
     1
102
RTVSPost2010Prop42
 90
       50
102
RTVSPost2010PropOp42
 70
     1
102
RTVSPost2010Prop43
 90
        3
102
RTVSPost2010PropOp43
 70
     1
102
RTVSPost2010Prop44ColorIndex
 90
        5
102
RTVSPost2010Prop44ColorRGB
 90
      255
102
RTVSPost2010PropOp44
 70
     1
102
RTVSPost2010Prop45
280
     0
102
RTVSPost2010PropOp45
 70
     1
102
RTVSPost2010Prop46
 90
       50
102
RTVSPost2010PropOp46
 70
     1
102
RTVSPost2010Prop47
 90
       50
102
RTVSPost2010PropOp47
 70
     1
102
RTVSPost2010Prop48
 90
       50
102
RTVSPost2010PropOp48
 70
     1
102
RTVSPost2010Prop49
280
     0
102
RTVSPost2010PropOp49
 70
     1
102
RTVSPost2010Prop50
 90
       50
102
RTVSPost2010PropOp50
 70
     1
102
RTVSPost2010Prop51ColorIndex
 90
      256
102
RTVSPost2010Prop51ColorRGB
 90
-16777216
102
RTVSPost2010PropOp51
 70
     0
102
RTVSPost2010Prop52
140
1.0
102
RTVSPost2010PropOp52
 70
     0
102
RTVSPost2010Prop53
 90
        2
102
RTVSPost2010PropOp53
 70
     1
102
RTVSPost2010Prop54
  1
strokes_ogs.tif
102
RTVSPost2010PropOp54
 70
     1
102
RTVSPost2010Prop55
280
     0
102
RTVSPost2010PropOp55
 70
     1
102
RTVSPost2010Prop56
140
1.0
102
RTVSPost2010PropOp56
 70
     1
102
RTVSPost2010Prop57
140
1.0
102
RTVSPost2010PropOp57
 70
     1
  0
XRECORD
  5
17F
102
{ACAD_REACTORS
330
17E
102
}
330
17E
100
AcDbXrecord
280
     1
102
RTVSPropertyOp0
 70
     0
102
RTVSPropertyOp1
 70
     0
102
RTVSPropertyOp2
 70
     0
102
RTVSPropertyOp3
 70
     0
102
RTVSPropertyOp4
 70
     0
102
RTVSPropertyOp5
 70
     0
102
RTVSPropertyOp6
 70
     0
102
RTVSPropertyOp7
 70
     0
102
RTVSPropertyOp8
 70
     0
102
RTVSPropertyOp9
 70
     0
102
RTVSPropertyOp10
 70
     0
102
RTVSPropertyOp11
 70
     0
102
RTVSPropertyOp12
 70
     0
102
RTVSPropertyOp13
 70
     0
102
RTVSPropertyOp14
 70
     2
102
RTVSPropertyOp15
 70
     0
102
RTVSPropertyOp16
 70
     0
102
RTVSPropertyOp17
 70
     0
102
RTVSPropertyOp18
 70
     0
102
RTVSPropertyOp19
 70
     0
102
RTVSPropertyOp20
 70
     0
102
RTVSPropertyOp21
 70
     0
102
RTVSPropertyOp22
 70
     0
102
RTVSPropertyOp23
 70
     0
102
RTVSPropertyOp24
 70
     0
102
RTVSPropertyOp25
 70
     0
102
RTVSPropertyOp26
 70
     0
102
RTVSPropertyOp27
 70
     0
102
RTVSPropertyOp28
 70
     0
102
RTVSPropertyOp29
 70
     0
102
RTVSPropertyOp30
 70
     0
102
RTVSPropertyOp31
 70
     0
102
RTVSPropertyOp32
 70
     0
102
RTVSPropertyOp33
 70
     0
102
RTVSPropertyOp34
 70
     0
102
RTVSPropertyOp35
 70
     0
102
RTVSPropertyOp36
 70
     0
102
RTVSPropertyOp37
 70
     0
102
RTVSPropertyOp38
 70
     0
102
RTVSPropertyOp39
 70
     0
102
RTVSPropertyOp40
 70
     0
102
RTVSPropertyOp41
 70
     0
102
RTVSPropertyOp42
 70
     0
102
RTVSPropertyOp43
 70
     0
102
RTVSPropertyOp44
 70
     0
102
RTVSPropertyOp45
 70
     0
102
RTVSPropertyOp46
 70
     0
102
RTVSPropertyOp47
 70
     0
102
RTVSPropertyOp48
 70
     0
102
RTVSPropertyOp49
 70
     0
102
RTVSPropertyOp50
 70
     0
102
RTVSPropertyOp51
 70
     0
102
RTVSPropertyOp52
 70
     0
102
RTVSPropertyOp53
 70
     0
102
RTVSPropertyOp54
 70
     0
102
RTVSPropertyOp55
 70
     0
102
RTVSPropertyOp56
 70
     0
102
RTVSPropertyOp57
 70
     0
102
RTVSPost2010Prop28
280
     0
102
RTVSPost2010PropOp28
 70
     0
102
RTVSPost2010Prop29
280
     1
102
RTVSPost2010PropOp29
 70
     0
102
RTVSPost2010Prop30
280
     1
102
RTVSPost2010PropOp30
 70
     0
102
RTVSPost2010Prop31
280
     0
102
RTVSPost2010PropOp31
 70
     0
102
RTVSPost2010Prop32
280
     0
102
RTVSPost2010PropOp32
 70
     0
102
RTVSPost2010Prop33
280
     0
102
RTVSPost2010PropOp33
 70
     0
102
RTVSPost2010Prop34
280
     0
102
RTVSPost2010PropOp34
 70
     0
102
RTVSPost2010Prop35
280
     0
102
RTVSPost2010PropOp35
 70
     0
102
RTVSPost2010Prop36
280
     0
102
RTVSPost2010PropOp36
 70
     0
102
RTVSPost2010Prop37
 90
       50
102
RTVSPost2010PropOp37
 70
     0
102
RTVSPost2010Prop38
140
0.0
102
RTVSPost2010PropOp38
 70
     0
102
RTVSPost2010Prop39
140
1.0
102
RTVSPost2010PropOp39
 70
     0
102
RTVSPost2010Prop40
 90
        0
102
RTVSPost2010PropOp40
 70
     0
102
RTVSPost2010Prop41ColorIndex
 90
       18
102
RTVSPost2010Prop41ColorRGB
 90
        0
102
RTVSPost2010PropOp41
 70
     0
102
RTVSPost2010Prop42
 90
       50
102
RTVSPost2010PropOp42
 70
     0
102
RTVSPost2010Prop43
 90
        3
102
RTVSPost2010PropOp43
 70
     0
102
RTVSPost2010Prop44ColorIndex
 90
        5
102
RTVSPost2010Prop44ColorRGB
 90
      255
102
RTVSPost2010PropOp44
 70
     0
102
RTVSPost2010Prop45
280
     0
102
RTVSPost2010PropOp45
 70
     0
102
RTVSPost2010Prop46
 90
       50
102
RTVSPost2010PropOp46
 70
     0
102
RTVSPost2010Prop47
 90
       50
102
RTVSPost2010PropOp47
 70
     0
102
RTVSPost2010Prop48
 90
       50
102
RTVSPost2010PropOp48
 70
     0
102
RTVSPost2010Prop49
280
     0
102
RTVSPost2010PropOp49
 70
     0
102
RTVSPost2010Prop50
 90
       50
102
RTVSPost2010PropOp50
 70
     0
102
RTVSPost2010Prop51ColorIndex
 90
      256
102
RTVSPost2010Prop51ColorRGB
 90
-16777216
102
RTVSPost2010PropOp51
 70
     0
102
RTVSPost2010Prop52
140
1.0
102
RTVSPost2010PropOp52
 70
     0
102
RTVSPost2010Prop53
 90
        2
102
RTVSPost2010PropOp53
 70
     0
102
RTVSPost2010Prop54
  1
strokes_ogs.tif
102
RTVSPost2010PropOp54
 70
     0
102
RTVSPost2010Prop55
280
     0
102
RTVSPost2010PropOp55
 70
     0
102
RTVSPost2010Prop56
140
1.0
102
RTVSPost2010PropOp56
 70
     0
102
RTVSPost2010Prop57
140
1.0
102
RTVSPost2010PropOp57
 70
     0
  0
XRECORD
  5
179
102
{ACAD_REACTORS
330
178
102
}
330
178
100
AcDbXrecord
280
     1
102
RTVSPropertyOp0
 70
     1
102
RTVSPropertyOp1
 70
     1
102
RTVSPropertyOp2
 70
     1
102
RTVSPropertyOp3
 70
     1
102
RTVSPropertyOp4
 70
     1
102
RTVSPropertyOp5
 70
     1
102
RTVSPropertyOp6
 70
     1
102
RTVSPropertyOp7
 70
     1
102
RTVSPropertyOp8
 70
     1
102
RTVSPropertyOp9
 70
     1
102
RTVSPropertyOp10
 70
     1
102
RTVSPropertyOp11
 70
     1
102
RTVSPropertyOp12
 70
     1
102
RTVSPropertyOp13
 70
     1
102
RTVSPropertyOp14
 70
     1
102
RTVSPropertyOp15
 70
     1
102
RTVSPropertyOp16
 70
     1
102
RTVSPropertyOp17
 70
     1
102
RTVSPropertyOp18
 70
     1
102
RTVSPropertyOp19
 70
     1
102
RTVSPropertyOp20
 70
     1
102
RTVSPropertyOp21
 70
     1
102
RTVSPropertyOp22
 70
     1
102
RTVSPropertyOp23
 70
     1
102
RTVSPropertyOp24
 70
     1
102
RTVSPropertyOp25
 70
     1
102
RTVSPropertyOp26
 70
     1
102
RTVSPropertyOp27
 70
     1
102
RTVSPropertyOp28
 70
     1
102
RTVSPropertyOp29
 70
     1
102
RTVSPropertyOp30
 70
     1
102
RTVSPropertyOp31
 70
     1
102
RTVSPropertyOp32
 70
     1
102
RTVSPropertyOp33
 70
     1
102
RTVSPropertyOp34
 70
     1
102
RTVSPropertyOp35
 70
     1
102
RTVSPropertyOp36
 70
     1
102
RTVSPropertyOp37
 70
     1
102
RTVSPropertyOp38
 70
     1
102
RTVSPropertyOp39
 70
     1
102
RTVSPropertyOp40
 70
     1
102
RTVSPropertyOp41
 70
     1
102
RTVSPropertyOp42
 70
     1
102
RTVSPropertyOp43
 70
     1
102
RTVSPropertyOp44
 70
     1
102
RTVSPropertyOp45
 70
     1
102
RTVSPropertyOp46
 70
     1
102
RTVSPropertyOp47
 70
     1
102
RTVSPropertyOp48
 70
     1
102
RTVSPropertyOp49
 70
     1
102
RTVSPropertyOp50
 70
     1
102
RTVSPropertyOp51
 70
     0
102
RTVSPropertyOp52
 70
     0
102
RTVSPropertyOp53
 70
     1
102
RTVSPropertyOp54
 70
     1
102
RTVSPropertyOp55
 70
     1
102
RTVSPropertyOp56
 70
     1
102
RTVSPropertyOp57
 70
     1
102
RTVSPost2010Prop28
280
     0
102
RTVSPost2010PropOp28
 70
     1
102
RTVSPost2010Prop29
280
     1
102
RTVSPost2010PropOp29
 70
     1
102
RTVSPost2010Prop30
280
     1
102
RTVSPost2010PropOp30
 70
     1
102
RTVSPost2010Prop31
280
     0
102
RTVSPost2010PropOp31
 70
     1
102
RTVSPost2010Prop32
280
     0
102
RTVSPost2010PropOp32
 70
     1
102
RTVSPost2010Prop33
280
     0
102
RTVSPost2010PropOp33
 70
     1
102
RTVSPost2010Prop34
280
     0
102
RTVSPost2010PropOp34
 70
     1
102
RTVSPost2010Prop35
280
     0
102
RTVSPost2010PropOp35
 70
     1
102
RTVSPost2010Prop36
280
     0
102
RTVSPost2010PropOp36
 70
     1
102
RTVSPost2010Prop37
 90
       50
102
RTVSPost2010PropOp37
 70
     1
102
RTVSPost2010Prop38
140
0.0
102
RTVSPost2010PropOp38
 70
     1
102
RTVSPost2010Prop39
140
1.0
102
RTVSPost2010PropOp39
 70
     1
102
RTVSPost2010Prop40
 90
        0
102
RTVSPost2010PropOp40
 70
     1
102
RTVSPost2010Prop41ColorIndex
 90
       18
102
RTVSPost2010Prop41ColorRGB
 90
        0
102
RTVSPost2010PropOp41
 70
     1
102
RTVSPost2010Prop42
 90
       50
102
RTVSPost2010PropOp42
 70
     1
102
RTVSPost2010Prop43
 90
        3
102
RTVSPost2010PropOp43
 70
     1
102
RTVSPost2010Prop44ColorIndex
 90
        5
102
RTVSPost2010Prop44ColorRGB
 90
      255
102
RTVSPost2010PropOp44
 70
     1
102
RTVSPost2010Prop45
280
     0
102
RTVSPost2010PropOp45
 70
     1
102
RTVSPost2010Prop46
 90
       50
102
RTVSPost2010PropOp46
 70
     1
102
RTVSPost2010Prop47
 90
       50
102
RTVSPost2010PropOp47
 70
     1
102
RTVSPost2010Prop48
 90
       50
102
RTVSPost2010PropOp48
 70
     1
102
RTVSPost2010Prop49
280
     0
102
RTVSPost2010PropOp49
 70
     1
102
RTVSPost2010Prop50
 90
       50
102
RTVSPost2010PropOp50
 70
     1
102
RTVSPost2010Prop51ColorIndex
 90
      256
102
RTVSPost2010Prop51ColorRGB
 90
-16777216
102
RTVSPost2010PropOp51
 70
     0
102
RTVSPost2010Prop52
140
1.0
102
RTVSPost2010PropOp52
 70
     0
102
RTVSPost2010Prop53
 90
        2
102
RTVSPost2010PropOp53
 70
     1
102
RTVSPost2010Prop54
  1
strokes_ogs.tif
102
RTVSPost2010PropOp54
 70
     1
102
RTVSPost2010Prop55
280
     0
102
RTVSPost2010PropOp55
 70
     1
102
RTVSPost2010Prop56
140
1.0
102
RTVSPost2010PropOp56
 70
     1
102
RTVSPost2010Prop57
140
1.0
102
RTVSPost2010PropOp57
 70
     1
  0
XRECORD
  5
181
102
{ACAD_REACTORS
330
180
102
}
330
180
100
AcDbXrecord
280
     1
102
RTVSPropertyOp0
 70
     0
102
RTVSPropertyOp1
 70
     0
102
RTVSPropertyOp2
 70
     0
102
RTVSPropertyOp3
 70
     0
102
RTVSPropertyOp4
 70
     0
102
RTVSPropertyOp5
 70
     0
102
RTVSPropertyOp6
 70
     0
102
RTVSPropertyOp7
 70
     0
102
RTVSPropertyOp8
 70
     0
102
RTVSPropertyOp9
 70
     0
102
RTVSPropertyOp10
 70
     0
102
RTVSPropertyOp11
 70
     0
102
RTVSPropertyOp12
 70
     0
102
RTVSPropertyOp13
 70
     0
102
RTVSPropertyOp14
 70
     2
102
RTVSPropertyOp15
 70
     0
102
RTVSPropertyOp16
 70
     0
102
RTVSPropertyOp17
 70
     0
102
RTVSPropertyOp18
 70
     0
102
RTVSPropertyOp19
 70
     0
102
RTVSPropertyOp20
 70
     0
102
RTVSPropertyOp21
 70
     0
102
RTVSPropertyOp22
 70
     0
102
RTVSPropertyOp23
 70
     0
102
RTVSPropertyOp24
 70
     0
102
RTVSPropertyOp25
 70
     0
102
RTVSPropertyOp26
 70
     0
102
RTVSPropertyOp27
 70
     0
102
RTVSPropertyOp28
 70
     0
102
RTVSPropertyOp29
 70
     0
102
RTVSPropertyOp30
 70
     0
102
RTVSPropertyOp31
 70
     0
102
RTVSPropertyOp32
 70
     0
102
RTVSPropertyOp33
 70
     0
102
RTVSPropertyOp34
 70
     0
102
RTVSPropertyOp35
 70
     0
102
RTVSPropertyOp36
 70
     0
102
RTVSPropertyOp37
 70
     0
102
RTVSPropertyOp38
 70
     0
102
RTVSPropertyOp39
 70
     0
102
RTVSPropertyOp40
 70
     0
102
RTVSPropertyOp41
 70
     0
102
RTVSPropertyOp42
 70
     0
102
RTVSPropertyOp43
 70
     0
102
RTVSPropertyOp44
 70
     0
102
RTVSPropertyOp45
 70
     0
102
RTVSPropertyOp46
 70
     0
102
RTVSPropertyOp47
 70
     0
102
RTVSPropertyOp48
 70
     0
102
RTVSPropertyOp49
 70
     0
102
RTVSPropertyOp50
 70
     0
102
RTVSPropertyOp51
 70
     0
102
RTVSPropertyOp52
 70
     0
102
RTVSPropertyOp53
 70
     0
102
RTVSPropertyOp54
 70
     0
102
RTVSPropertyOp55
 70
     0
102
RTVSPropertyOp56
 70
     0
102
RTVSPropertyOp57
 70
     0
102
RTVSPost2010Prop28
280
     0
102
RTVSPost2010PropOp28
 70
     0
102
RTVSPost2010Prop29
280
     1
102
RTVSPost2010PropOp29
 70
     0
102
RTVSPost2010Prop30
280
     1
102
RTVSPost2010PropOp30
 70
     0
102
RTVSPost2010Prop31
280
     0
102
RTVSPost2010PropOp31
 70
     0
102
RTVSPost2010Prop32
280
     0
102
RTVSPost2010PropOp32
 70
     0
102
RTVSPost2010Prop33
280
     0
102
RTVSPost2010PropOp33
 70
     0
102
RTVSPost2010Prop34
280
     0
102
RTVSPost2010PropOp34
 70
     0
102
RTVSPost2010Prop35
280
     0
102
RTVSPost2010PropOp35
 70
     0
102
RTVSPost2010Prop36
280
     0
102
RTVSPost2010PropOp36
 70
     0
102
RTVSPost2010Prop37
 90
       50
102
RTVSPost2010PropOp37
 70
     0
102
RTVSPost2010Prop38
140
0.0
102
RTVSPost2010PropOp38
 70
     0
102
RTVSPost2010Prop39
140
1.0
102
RTVSPost2010PropOp39
 70
     0
102
RTVSPost2010Prop40
 90
        0
102
RTVSPost2010PropOp40
 70
     0
102
RTVSPost2010Prop41ColorIndex
 90
       18
102
RTVSPost2010Prop41ColorRGB
 90
        0
102
RTVSPost2010PropOp41
 70
     0
102
RTVSPost2010Prop42
 90
       50
102
RTVSPost2010PropOp42
 70
     0
102
RTVSPost2010Prop43
 90
        3
102
RTVSPost2010PropOp43
 70
     0
102
RTVSPost2010Prop44ColorIndex
 90
        5
102
RTVSPost2010Prop44ColorRGB
 90
      255
102
RTVSPost2010PropOp44
 70
     0
102
RTVSPost2010Prop45
280
     0
102
RTVSPost2010PropOp45
 70
     0
102
RTVSPost2010Prop46
 90
       50
102
RTVSPost2010PropOp46
 70
     0
102
RTVSPost2010Prop47
 90
       50
102
RTVSPost2010PropOp47
 70
     0
102
RTVSPost2010Prop48
 90
       50
102
RTVSPost2010PropOp48
 70
     0
102
RTVSPost2010Prop49
280
     0
102
RTVSPost2010PropOp49
 70
     0
102
RTVSPost2010Prop50
 90
       50
102
RTVSPost2010PropOp50
 70
     0
102
RTVSPost2010Prop51ColorIndex
 90
      256
102
RTVSPost2010Prop51ColorRGB
 90
-16777216
102
RTVSPost2010PropOp51
 70
     0
102
RTVSPost2010Prop52
140
1.0
102
RTVSPost2010PropOp52
 70
     0
102
RTVSPost2010Prop53
 90
        2
102
RTVSPost2010PropOp53
 70
     0
102
RTVSPost2010Prop54
  1
strokes_ogs.tif
102
RTVSPost2010PropOp54
 70
     0
102
RTVSPost2010Prop55
280
     0
102
RTVSPost2010PropOp55
 70
     0
102
RTVSPost2010Prop56
140
1.0
102
RTVSPost2010PropOp56
 70
     0
102
RTVSPost2010Prop57
140
1.0
102
RTVSPost2010PropOp57
 70
     0
  0
XRECORD
  5
16F
102
{ACAD_REACTORS
330
16E
102
}
330
16E
100
AcDbXrecord
280
     1
102
RTVSPropertyOp0
 70
     1
102
RTVSPropertyOp1
 70
     1
102
RTVSPropertyOp2
 70
     1
102
RTVSPropertyOp3
 70
     1
102
RTVSPropertyOp4
 70
     1
102
RTVSPropertyOp5
 70
     1
102
RTVSPropertyOp6
 70
     1
102
RTVSPropertyOp7
 70
     1
102
RTVSPropertyOp8
 70
     1
102
RTVSPropertyOp9
 70
     1
102
RTVSPropertyOp10
 70
     1
102
RTVSPropertyOp11
 70
     1
102
RTVSPropertyOp12
 70
     1
102
RTVSPropertyOp13
 70
     1
102
RTVSPropertyOp14
 70
     1
102
RTVSPropertyOp15
 70
     1
102
RTVSPropertyOp16
 70
     1
102
RTVSPropertyOp17
 70
     1
102
RTVSPropertyOp18
 70
     1
102
RTVSPropertyOp19
 70
     1
102
RTVSPropertyOp20
 70
     1
102
RTVSPropertyOp21
 70
     1
102
RTVSPropertyOp22
 70
     1
102
RTVSPropertyOp23
 70
     1
102
RTVSPropertyOp24
 70
     1
102
RTVSPropertyOp25
 70
     1
102
RTVSPropertyOp26
 70
     1
102
RTVSPropertyOp27
 70
     1
102
RTVSPropertyOp28
 70
     1
102
RTVSPropertyOp29
 70
     1
102
RTVSPropertyOp30
 70
     1
102
RTVSPropertyOp31
 70
     1
102
RTVSPropertyOp32
 70
     1
102
RTVSPropertyOp33
 70
     1
102
RTVSPropertyOp34
 70
     1
102
RTVSPropertyOp35
 70
     1
102
RTVSPropertyOp36
 70
     1
102
RTVSPropertyOp37
 70
     1
102
RTVSPropertyOp38
 70
     1
102
RTVSPropertyOp39
 70
     1
102
RTVSPropertyOp40
 70
     1
102
RTVSPropertyOp41
 70
     1
102
RTVSPropertyOp42
 70
     1
102
RTVSPropertyOp43
 70
     1
102
RTVSPropertyOp44
 70
     1
102
RTVSPropertyOp45
 70
     1
102
RTVSPropertyOp46
 70
     1
102
RTVSPropertyOp47
 70
     1
102
RTVSPropertyOp48
 70
     1
102
RTVSPropertyOp49
 70
     1
102
RTVSPropertyOp50
 70
     1
102
RTVSPropertyOp51
 70
     0
102
RTVSPropertyOp52
 70
     0
102
RTVSPropertyOp53
 70
     1
102
RTVSPropertyOp54
 70
     1
102
RTVSPropertyOp55
 70
     1
102
RTVSPropertyOp56
 70
     1
102
RTVSPropertyOp57
 70
     1
102
RTVSPost2010Prop28
280
     0
102
RTVSPost2010PropOp28
 70
     1
102
RTVSPost2010Prop29
280
     1
102
RTVSPost2010PropOp29
 70
     1
102
RTVSPost2010Prop30
280
     1
102
RTVSPost2010PropOp30
 70
     1
102
RTVSPost2010Prop31
280
     0
102
RTVSPost2010PropOp31
 70
     1
102
RTVSPost2010Prop32
280
     0
102
RTVSPost2010PropOp32
 70
     1
102
RTVSPost2010Prop33
280
     0
102
RTVSPost2010PropOp33
 70
     1
102
RTVSPost2010Prop34
280
     0
102
RTVSPost2010PropOp34
 70
     1
102
RTVSPost2010Prop35
280
     0
102
RTVSPost2010PropOp35
 70
     1
102
RTVSPost2010Prop36
280
     0
102
RTVSPost2010PropOp36
 70
     1
102
RTVSPost2010Prop37
 90
       50
102
RTVSPost2010PropOp37
 70
     1
102
RTVSPost2010Prop38
140
0.0
102
RTVSPost2010PropOp38
 70
     1
102
RTVSPost2010Prop39
140
1.0
102
RTVSPost2010PropOp39
 70
     1
102
RTVSPost2010Prop40
 90
        0
102
RTVSPost2010PropOp40
 70
     1
102
RTVSPost2010Prop41ColorIndex
 90
       18
102
RTVSPost2010Prop41ColorRGB
 90
        0
102
RTVSPost2010PropOp41
 70
     1
102
RTVSPost2010Prop42
 90
       50
102
RTVSPost2010PropOp42
 70
     1
102
RTVSPost2010Prop43
 90
        3
102
RTVSPost2010PropOp43
 70
     1
102
RTVSPost2010Prop44ColorIndex
 90
        5
102
RTVSPost2010Prop44ColorRGB
 90
      255
102
RTVSPost2010PropOp44
 70
     1
102
RTVSPost2010Prop45
280
     0
102
RTVSPost2010PropOp45
 70
     1
102
RTVSPost2010Prop46
 90
       50
102
RTVSPost2010PropOp46
 70
     1
102
RTVSPost2010Prop47
 90
       50
102
RTVSPost2010PropOp47
 70
     1
102
RTVSPost2010Prop48
 90
       50
102
RTVSPost2010PropOp48
 70
     1
102
RTVSPost2010Prop49
280
     0
102
RTVSPost2010PropOp49
 70
     1
102
RTVSPost2010Prop50
 90
       50
102
RTVSPost2010PropOp50
 70
     1
102
RTVSPost2010Prop51ColorIndex
 90
      256
102
RTVSPost2010Prop51ColorRGB
 90
-16777216
102
RTVSPost2010PropOp51
 70
     0
102
RTVSPost2010Prop52
140
1.0
102
RTVSPost2010PropOp52
 70
     0
102
RTVSPost2010Prop53
 90
        2
102
RTVSPost2010PropOp53
 70
     1
102
RTVSPost2010Prop54
  1
strokes_ogs.tif
102
RTVSPost2010PropOp54
 70
     1
102
RTVSPost2010Prop55
280
     0
102
RTVSPost2010PropOp55
 70
     1
102
RTVSPost2010Prop56
140
1.0
102
RTVSPost2010PropOp56
 70
     1
102
RTVSPost2010Prop57
140
1.0
102
RTVSPost2010PropOp57
 70
     1
  0
XRECORD
  5
18D
102
{ACAD_REACTORS
330
18C
102
}
330
18C
100
AcDbXrecord
280
     1
102
RTVSPropertyOp0
 70
     1
102
RTVSPropertyOp1
 70
     1
102
RTVSPropertyOp2
 70
     1
102
RTVSPropertyOp3
 70
     1
102
RTVSPropertyOp4
 70
     1
102
RTVSPropertyOp5
 70
     1
102
RTVSPropertyOp6
 70
     1
102
RTVSPropertyOp7
 70
     1
102
RTVSPropertyOp8
 70
     1
102
RTVSPropertyOp9
 70
     1
102
RTVSPropertyOp10
 70
     1
102
RTVSPropertyOp11
 70
     1
102
RTVSPropertyOp12
 70
     1
102
RTVSPropertyOp13
 70
     1
102
RTVSPropertyOp14
 70
     1
102
RTVSPropertyOp15
 70
     1
102
RTVSPropertyOp16
 70
     1
102
RTVSPropertyOp17
 70
     1
102
RTVSPropertyOp18
 70
     1
102
RTVSPropertyOp19
 70
     1
102
RTVSPropertyOp20
 70
     1
102
RTVSPropertyOp21
 70
     1
102
RTVSPropertyOp22
 70
     1
102
RTVSPropertyOp23
 70
     1
102
RTVSPropertyOp24
 70
     1
102
RTVSPropertyOp25
 70
     1
102
RTVSPropertyOp26
 70
     1
102
RTVSPropertyOp27
 70
     1
102
RTVSPropertyOp28
 70
     1
102
RTVSPropertyOp29
 70
     1
102
RTVSPropertyOp30
 70
     1
102
RTVSPropertyOp31
 70
     1
102
RTVSPropertyOp32
 70
     1
102
RTVSPropertyOp33
 70
     1
102
RTVSPropertyOp34
 70
     1
102
RTVSPropertyOp35
 70
     1
102
RTVSPropertyOp36
 70
     1
102
RTVSPropertyOp37
 70
     1
102
RTVSPropertyOp38
 70
     1
102
RTVSPropertyOp39
 70
     1
102
RTVSPropertyOp40
 70
     1
102
RTVSPropertyOp41
 70
     1
102
RTVSPropertyOp42
 70
     1
102
RTVSPropertyOp43
 70
     1
102
RTVSPropertyOp44
 70
     1
102
RTVSPropertyOp45
 70
     1
102
RTVSPropertyOp46
 70
     1
102
RTVSPropertyOp47
 70
     1
102
RTVSPropertyOp48
 70
     1
102
RTVSPropertyOp49
 70
     1
102
RTVSPropertyOp50
 70
     1
102
RTVSPropertyOp51
 70
     0
102
RTVSPropertyOp52
 70
     0
102
RTVSPropertyOp53
 70
     1
102
RTVSPropertyOp54
 70
     1
102
RTVSPropertyOp55
 70
     1
102
RTVSPropertyOp56
 70
     1
102
RTVSPropertyOp57
 70
     1
102
RTVSPost2010Prop28
280
     0
102
RTVSPost2010PropOp28
 70
     1
102
RTVSPost2010Prop29
280
     1
102
RTVSPost2010PropOp29
 70
     1
102
RTVSPost2010Prop30
280
     1
102
RTVSPost2010PropOp30
 70
     1
102
RTVSPost2010Prop31
280
     0
102
RTVSPost2010PropOp31
 70
     1
102
RTVSPost2010Prop32
280
     0
102
RTVSPost2010PropOp32
 70
     1
102
RTVSPost2010Prop33
280
     0
102
RTVSPost2010PropOp33
 70
     1
102
RTVSPost2010Prop34
280
     0
102
RTVSPost2010PropOp34
 70
     1
102
RTVSPost2010Prop35
280
     0
102
RTVSPost2010PropOp35
 70
     1
102
RTVSPost2010Prop36
280
     0
102
RTVSPost2010PropOp36
 70
     1
102
RTVSPost2010Prop37
 90
       50
102
RTVSPost2010PropOp37
 70
     1
102
RTVSPost2010Prop38
140
0.0
102
RTVSPost2010PropOp38
 70
     1
102
RTVSPost2010Prop39
140
1.0
102
RTVSPost2010PropOp39
 70
     1
102
RTVSPost2010Prop40
 90
        0
102
RTVSPost2010PropOp40
 70
     1
102
RTVSPost2010Prop41ColorIndex
 90
       18
102
RTVSPost2010Prop41ColorRGB
 90
        0
102
RTVSPost2010PropOp41
 70
     1
102
RTVSPost2010Prop42
 90
       50
102
RTVSPost2010PropOp42
 70
     1
102
RTVSPost2010Prop43
 90
        3
102
RTVSPost2010PropOp43
 70
     1
102
RTVSPost2010Prop44ColorIndex
 90
        5
102
RTVSPost2010Prop44ColorRGB
 90
      255
102
RTVSPost2010PropOp44
 70
     1
102
RTVSPost2010Prop45
280
     0
102
RTVSPost2010PropOp45
 70
     1
102
RTVSPost2010Prop46
 90
       50
102
RTVSPost2010PropOp46
 70
     1
102
RTVSPost2010Prop47
 90
       50
102
RTVSPost2010PropOp47
 70
     1
102
RTVSPost2010Prop48
 90
       50
102
RTVSPost2010PropOp48
 70
     1
102
RTVSPost2010Prop49
280
     0
102
RTVSPost2010PropOp49
 70
     1
102
RTVSPost2010Prop50
 90
       50
102
RTVSPost2010PropOp50
 70
     1
102
RTVSPost2010Prop51ColorIndex
 90
      256
102
RTVSPost2010Prop51ColorRGB
 90
-16777216
102
RTVSPost2010PropOp51
 70
     0
102
RTVSPost2010Prop52
140
1.0
102
RTVSPost2010PropOp52
 70
     0
102
RTVSPost2010Prop53
 90
        2
102
RTVSPost2010PropOp53
 70
     1
102
RTVSPost2010Prop54
  1
strokes_ogs.tif
102
RTVSPost2010PropOp54
 70
     1
102
RTVSPost2010Prop55
280
     0
102
RTVSPost2010PropOp55
 70
     1
102
RTVSPost2010Prop56
140
1.0
102
RTVSPost2010PropOp56
 70
     1
102
RTVSPost2010Prop57
140
1.0
102
RTVSPost2010PropOp57
 70
     1
  0
XRECORD
  5
18B
102
{ACAD_REACTORS
330
18A
102
}
330
18A
100
AcDbXrecord
280
     1
102
RTVSPropertyOp0
 70
     1
102
RTVSPropertyOp1
 70
     1
102
RTVSPropertyOp2
 70
     1
102
RTVSPropertyOp3
 70
     1
102
RTVSPropertyOp4
 70
     1
102
RTVSPropertyOp5
 70
     1
102
RTVSPropertyOp6
 70
     1
102
RTVSPropertyOp7
 70
     1
102
RTVSPropertyOp8
 70
     1
102
RTVSPropertyOp9
 70
     1
102
RTVSPropertyOp10
 70
     1
102
RTVSPropertyOp11
 70
     1
102
RTVSPropertyOp12
 70
     1
102
RTVSPropertyOp13
 70
     1
102
RTVSPropertyOp14
 70
     1
102
RTVSPropertyOp15
 70
     1
102
RTVSPropertyOp16
 70
     1
102
RTVSPropertyOp17
 70
     1
102
RTVSPropertyOp18
 70
     1
102
RTVSPropertyOp19
 70
     1
102
RTVSPropertyOp20
 70
     1
102
RTVSPropertyOp21
 70
     1
102
RTVSPropertyOp22
 70
     1
102
RTVSPropertyOp23
 70
     1
102
RTVSPropertyOp24
 70
     1
102
RTVSPropertyOp25
 70
     1
102
RTVSPropertyOp26
 70
     1
102
RTVSPropertyOp27
 70
     1
102
RTVSPropertyOp28
 70
     1
102
RTVSPropertyOp29
 70
     1
102
RTVSPropertyOp30
 70
     1
102
RTVSPropertyOp31
 70
     1
102
RTVSPropertyOp32
 70
     1
102
RTVSPropertyOp33
 70
     1
102
RTVSPropertyOp34
 70
     1
102
RTVSPropertyOp35
 70
     1
102
RTVSPropertyOp36
 70
     1
102
RTVSPropertyOp37
 70
     1
102
RTVSPropertyOp38
 70
     1
102
RTVSPropertyOp39
 70
     1
102
RTVSPropertyOp40
 70
     1
102
RTVSPropertyOp41
 70
     1
102
RTVSPropertyOp42
 70
     1
102
RTVSPropertyOp43
 70
     1
102
RTVSPropertyOp44
 70
     1
102
RTVSPropertyOp45
 70
     1
102
RTVSPropertyOp46
 70
     1
102
RTVSPropertyOp47
 70
     1
102
RTVSPropertyOp48
 70
     1
102
RTVSPropertyOp49
 70
     1
102
RTVSPropertyOp50
 70
     1
102
RTVSPropertyOp51
 70
     0
102
RTVSPropertyOp52
 70
     0
102
RTVSPropertyOp53
 70
     1
102
RTVSPropertyOp54
 70
     1
102
RTVSPropertyOp55
 70
     1
102
RTVSPropertyOp56
 70
     1
102
RTVSPropertyOp57
 70
     1
102
RTVSPost2010Prop28
280
     0
102
RTVSPost2010PropOp28
 70
     1
102
RTVSPost2010Prop29
280
     1
102
RTVSPost2010PropOp29
 70
     1
102
RTVSPost2010Prop30
280
     1
102
RTVSPost2010PropOp30
 70
     1
102
RTVSPost2010Prop31
280
     0
102
RTVSPost2010PropOp31
 70
     1
102
RTVSPost2010Prop32
280
     0
102
RTVSPost2010PropOp32
 70
     1
102
RTVSPost2010Prop33
280
     0
102
RTVSPost2010PropOp33
 70
     1
102
RTVSPost2010Prop34
280
     0
102
RTVSPost2010PropOp34
 70
     1
102
RTVSPost2010Prop35
280
     0
102
RTVSPost2010PropOp35
 70
     1
102
RTVSPost2010Prop36
280
     0
102
RTVSPost2010PropOp36
 70
     1
102
RTVSPost2010Prop37
 90
       50
102
RTVSPost2010PropOp37
 70
     1
102
RTVSPost2010Prop38
140
0.0
102
RTVSPost2010PropOp38
 70
     1
102
RTVSPost2010Prop39
140
1.0
102
RTVSPost2010PropOp39
 70
     1
102
RTVSPost2010Prop40
 90
        0
102
RTVSPost2010PropOp40
 70
     1
102
RTVSPost2010Prop41ColorIndex
 90
       18
102
RTVSPost2010Prop41ColorRGB
 90
        0
102
RTVSPost2010PropOp41
 70
     1
102
RTVSPost2010Prop42
 90
       50
102
RTVSPost2010PropOp42
 70
     1
102
RTVSPost2010Prop43
 90
        3
102
RTVSPost2010PropOp43
 70
     1
102
RTVSPost2010Prop44ColorIndex
 90
        5
102
RTVSPost2010Prop44ColorRGB
 90
      255
102
RTVSPost2010PropOp44
 70
     1
102
RTVSPost2010Prop45
280
     0
102
RTVSPost2010PropOp45
 70
     1
102
RTVSPost2010Prop46
 90
       50
102
RTVSPost2010PropOp46
 70
     1
102
RTVSPost2010Prop47
 90
       50
102
RTVSPost2010PropOp47
 70
     1
102
RTVSPost2010Prop48
 90
       50
102
RTVSPost2010PropOp48
 70
     1
102
RTVSPost2010Prop49
280
     0
102
RTVSPost2010PropOp49
 70
     1
102
RTVSPost2010Prop50
 90
       50
102
RTVSPost2010PropOp50
 70
     1
102
RTVSPost2010Prop51ColorIndex
 90
      256
102
RTVSPost2010Prop51ColorRGB
 90
-16777216
102
RTVSPost2010PropOp51
 70
     0
102
RTVSPost2010Prop52
140
1.0
102
RTVSPost2010PropOp52
 70
     0
102
RTVSPost2010Prop53
 90
        2
102
RTVSPost2010PropOp53
 70
     1
102
RTVSPost2010Prop54
  1
strokes_ogs.tif
102
RTVSPost2010PropOp54
 70
     1
102
RTVSPost2010Prop55
280
     0
102
RTVSPost2010PropOp55
 70
     1
102
RTVSPost2010Prop56
140
1.0
102
RTVSPost2010PropOp56
 70
     1
102
RTVSPost2010Prop57
140
1.0
102
RTVSPost2010PropOp57
 70
     1
  0
XRECORD
  5
185
102
{ACAD_REACTORS
330
184
102
}
330
184
100
AcDbXrecord
280
     1
102
RTVSPropertyOp0
 70
     1
102
RTVSPropertyOp1
 70
     1
102
RTVSPropertyOp2
 70
     1
102
RTVSPropertyOp3
 70
     1
102
RTVSPropertyOp4
 70
     1
102
RTVSPropertyOp5
 70
     1
102
RTVSPropertyOp6
 70
     1
102
RTVSPropertyOp7
 70
     1
102
RTVSPropertyOp8
 70
     1
102
RTVSPropertyOp9
 70
     1
102
RTVSPropertyOp10
 70
     1
102
RTVSPropertyOp11
 70
     1
102
RTVSPropertyOp12
 70
     1
102
RTVSPropertyOp13
 70
     1
102
RTVSPropertyOp14
 70
     1
102
RTVSPropertyOp15
 70
     1
102
RTVSPropertyOp16
 70
     1
102
RTVSPropertyOp17
 70
     1
102
RTVSPropertyOp18
 70
     1
102
RTVSPropertyOp19
 70
     1
102
RTVSPropertyOp20
 70
     1
102
RTVSPropertyOp21
 70
     1
102
RTVSPropertyOp22
 70
     1
102
RTVSPropertyOp23
 70
     1
102
RTVSPropertyOp24
 70
     1
102
RTVSPropertyOp25
 70
     1
102
RTVSPropertyOp26
 70
     1
102
RTVSPropertyOp27
 70
     1
102
RTVSPropertyOp28
 70
     1
102
RTVSPropertyOp29
 70
     1
102
RTVSPropertyOp30
 70
     1
102
RTVSPropertyOp31
 70
     1
102
RTVSPropertyOp32
 70
     1
102
RTVSPropertyOp33
 70
     1
102
RTVSPropertyOp34
 70
     1
102
RTVSPropertyOp35
 70
     1
102
RTVSPropertyOp36
 70
     1
102
RTVSPropertyOp37
 70
     1
102
RTVSPropertyOp38
 70
     1
102
RTVSPropertyOp39
 70
     1
102
RTVSPropertyOp40
 70
     1
102
RTVSPropertyOp41
 70
     1
102
RTVSPropertyOp42
 70
     1
102
RTVSPropertyOp43
 70
     1
102
RTVSPropertyOp44
 70
     1
102
RTVSPropertyOp45
 70
     1
102
RTVSPropertyOp46
 70
     1
102
RTVSPropertyOp47
 70
     1
102
RTVSPropertyOp48
 70
     1
102
RTVSPropertyOp49
 70
     1
102
RTVSPropertyOp50
 70
     1
102
RTVSPropertyOp51
 70
     0
102
RTVSPropertyOp52
 70
     0
102
RTVSPropertyOp53
 70
     1
102
RTVSPropertyOp54
 70
     1
102
RTVSPropertyOp55
 70
     1
102
RTVSPropertyOp56
 70
     1
102
RTVSPropertyOp57
 70
     1
102
RTVSPost2010Prop28
280
     0
102
RTVSPost2010PropOp28
 70
     1
102
RTVSPost2010Prop29
280
     1
102
RTVSPost2010PropOp29
 70
     1
102
RTVSPost2010Prop30
280
     1
102
RTVSPost2010PropOp30
 70
     1
102
RTVSPost2010Prop31
280
     0
102
RTVSPost2010PropOp31
 70
     1
102
RTVSPost2010Prop32
280
     0
102
RTVSPost2010PropOp32
 70
     1
102
RTVSPost2010Prop33
280
     0
102
RTVSPost2010PropOp33
 70
     1
102
RTVSPost2010Prop34
280
     0
102
RTVSPost2010PropOp34
 70
     1
102
RTVSPost2010Prop35
280
     0
102
RTVSPost2010PropOp35
 70
     1
102
RTVSPost2010Prop36
280
     0
102
RTVSPost2010PropOp36
 70
     1
102
RTVSPost2010Prop37
 90
       50
102
RTVSPost2010PropOp37
 70
     1
102
RTVSPost2010Prop38
140
0.0
102
RTVSPost2010PropOp38
 70
     1
102
RTVSPost2010Prop39
140
1.0
102
RTVSPost2010PropOp39
 70
     1
102
RTVSPost2010Prop40
 90
        0
102
RTVSPost2010PropOp40
 70
     1
102
RTVSPost2010Prop41ColorIndex
 90
       18
102
RTVSPost2010Prop41ColorRGB
 90
        0
102
RTVSPost2010PropOp41
 70
     1
102
RTVSPost2010Prop42
 90
       50
102
RTVSPost2010PropOp42
 70
     1
102
RTVSPost2010Prop43
 90
        3
102
RTVSPost2010PropOp43
 70
     1
102
RTVSPost2010Prop44ColorIndex
 90
        5
102
RTVSPost2010Prop44ColorRGB
 90
      255
102
RTVSPost2010PropOp44
 70
     1
102
RTVSPost2010Prop45
280
     0
102
RTVSPost2010PropOp45
 70
     1
102
RTVSPost2010Prop46
 90
       50
102
RTVSPost2010PropOp46
 70
     1
102
RTVSPost2010Prop47
 90
       50
102
RTVSPost2010PropOp47
 70
     1
102
RTVSPost2010Prop48
 90
       50
102
RTVSPost2010PropOp48
 70
     1
102
RTVSPost2010Prop49
280
     0
102
RTVSPost2010PropOp49
 70
     1
102
RTVSPost2010Prop50
 90
       50
102
RTVSPost2010PropOp50
 70
     1
102
RTVSPost2010Prop51ColorIndex
 90
      256
102
RTVSPost2010Prop51ColorRGB
 90
-16777216
102
RTVSPost2010PropOp51
 70
     0
102
RTVSPost2010Prop52
140
1.0
102
RTVSPost2010PropOp52
 70
     0
102
RTVSPost2010Prop53
 90
        2
102
RTVSPost2010PropOp53
 70
     1
102
RTVSPost2010Prop54
  1
strokes_ogs.tif
102
RTVSPost2010PropOp54
 70
     1
102
RTVSPost2010Prop55
280
     0
102
RTVSPost2010PropOp55
 70
     1
102
RTVSPost2010Prop56
140
1.0
102
RTVSPost2010PropOp56
 70
     1
102
RTVSPost2010Prop57
140
1.0
102
RTVSPost2010PropOp57
 70
     1
  0
XRECORD
  5
187
102
{ACAD_REACTORS
330
186
102
}
330
186
100
AcDbXrecord
280
     1
102
RTVSPropertyOp0
 70
     1
102
RTVSPropertyOp1
 70
     1
102
RTVSPropertyOp2
 70
     1
102
RTVSPropertyOp3
 70
     1
102
RTVSPropertyOp4
 70
     1
102
RTVSPropertyOp5
 70
     1
102
RTVSPropertyOp6
 70
     1
102
RTVSPropertyOp7
 70
     1
102
RTVSPropertyOp8
 70
     1
102
RTVSPropertyOp9
 70
     1
102
RTVSPropertyOp10
 70
     1
102
RTVSPropertyOp11
 70
     1
102
RTVSPropertyOp12
 70
     1
102
RTVSPropertyOp13
 70
     1
102
RTVSPropertyOp14
 70
     1
102
RTVSPropertyOp15
 70
     1
102
RTVSPropertyOp16
 70
     1
102
RTVSPropertyOp17
 70
     1
102
RTVSPropertyOp18
 70
     1
102
RTVSPropertyOp19
 70
     1
102
RTVSPropertyOp20
 70
     1
102
RTVSPropertyOp21
 70
     1
102
RTVSPropertyOp22
 70
     1
102
RTVSPropertyOp23
 70
     1
102
RTVSPropertyOp24
 70
     1
102
RTVSPropertyOp25
 70
     1
102
RTVSPropertyOp26
 70
     1
102
RTVSPropertyOp27
 70
     1
102
RTVSPropertyOp28
 70
     1
102
RTVSPropertyOp29
 70
     1
102
RTVSPropertyOp30
 70
     1
102
RTVSPropertyOp31
 70
     1
102
RTVSPropertyOp32
 70
     1
102
RTVSPropertyOp33
 70
     1
102
RTVSPropertyOp34
 70
     1
102
RTVSPropertyOp35
 70
     1
102
RTVSPropertyOp36
 70
     1
102
RTVSPropertyOp37
 70
     1
102
RTVSPropertyOp38
 70
     1
102
RTVSPropertyOp39
 70
     1
102
RTVSPropertyOp40
 70
     1
102
RTVSPropertyOp41
 70
     1
102
RTVSPropertyOp42
 70
     1
102
RTVSPropertyOp43
 70
     1
102
RTVSPropertyOp44
 70
     1
102
RTVSPropertyOp45
 70
     1
102
RTVSPropertyOp46
 70
     1
102
RTVSPropertyOp47
 70
     1
102
RTVSPropertyOp48
 70
     1
102
RTVSPropertyOp49
 70
     1
102
RTVSPropertyOp50
 70
     1
102
RTVSPropertyOp51
 70
     0
102
RTVSPropertyOp52
 70
     0
102
RTVSPropertyOp53
 70
     1
102
RTVSPropertyOp54
 70
     1
102
RTVSPropertyOp55
 70
     1
102
RTVSPropertyOp56
 70
     1
102
RTVSPropertyOp57
 70
     1
102
RTVSPost2010Prop28
280
     0
102
RTVSPost2010PropOp28
 70
     1
102
RTVSPost2010Prop29
280
     1
102
RTVSPost2010PropOp29
 70
     1
102
RTVSPost2010Prop30
280
     1
102
RTVSPost2010PropOp30
 70
     1
102
RTVSPost2010Prop31
280
     0
102
RTVSPost2010PropOp31
 70
     1
102
RTVSPost2010Prop32
280
     0
102
RTVSPost2010PropOp32
 70
     1
102
RTVSPost2010Prop33
280
     0
102
RTVSPost2010PropOp33
 70
     1
102
RTVSPost2010Prop34
280
     0
102
RTVSPost2010PropOp34
 70
     1
102
RTVSPost2010Prop35
280
     0
102
RTVSPost2010PropOp35
 70
     1
102
RTVSPost2010Prop36
280
     0
102
RTVSPost2010PropOp36
 70
     1
102
RTVSPost2010Prop37
 90
       50
102
RTVSPost2010PropOp37
 70
     1
102
RTVSPost2010Prop38
140
0.0
102
RTVSPost2010PropOp38
 70
     1
102
RTVSPost2010Prop39
140
1.0
102
RTVSPost2010PropOp39
 70
     1
102
RTVSPost2010Prop40
 90
        0
102
RTVSPost2010PropOp40
 70
     1
102
RTVSPost2010Prop41ColorIndex
 90
       18
102
RTVSPost2010Prop41ColorRGB
 90
        0
102
RTVSPost2010PropOp41
 70
     1
102
RTVSPost2010Prop42
 90
       50
102
RTVSPost2010PropOp42
 70
     1
102
RTVSPost2010Prop43
 90
        3
102
RTVSPost2010PropOp43
 70
     1
102
RTVSPost2010Prop44ColorIndex
 90
        5
102
RTVSPost2010Prop44ColorRGB
 90
      255
102
RTVSPost2010PropOp44
 70
     1
102
RTVSPost2010Prop45
280
     0
102
RTVSPost2010PropOp45
 70
     1
102
RTVSPost2010Prop46
 90
       50
102
RTVSPost2010PropOp46
 70
     1
102
RTVSPost2010Prop47
 90
       50
102
RTVSPost2010PropOp47
 70
     1
102
RTVSPost2010Prop48
 90
       50
102
RTVSPost2010PropOp48
 70
     1
102
RTVSPost2010Prop49
280
     0
102
RTVSPost2010PropOp49
 70
     1
102
RTVSPost2010Prop50
 90
       50
102
RTVSPost2010PropOp50
 70
     1
102
RTVSPost2010Prop51ColorIndex
 90
      256
102
RTVSPost2010Prop51ColorRGB
 90
-16777216
102
RTVSPost2010PropOp51
 70
     0
102
RTVSPost2010Prop52
140
1.0
102
RTVSPost2010PropOp52
 70
     0
102
RTVSPost2010Prop53
 90
        2
102
RTVSPost2010PropOp53
 70
     1
102
RTVSPost2010Prop54
  1
strokes_ogs.tif
102
RTVSPost2010PropOp54
 70
     1
102
RTVSPost2010Prop55
280
     0
102
RTVSPost2010PropOp55
 70
     1
102
RTVSPost2010Prop56
140
1.0
102
RTVSPost2010PropOp56
 70
     1
102
RTVSPost2010Prop57
140
1.0
102
RTVSPost2010PropOp57
 70
     1
  0
XRECORD
  5
177
102
{ACAD_REACTORS
330
176
102
}
330
176
100
AcDbXrecord
280
     1
102
RTVSPropertyOp0
 70
     1
102
RTVSPropertyOp1
 70
     1
102
RTVSPropertyOp2
 70
     1
102
RTVSPropertyOp3
 70
     1
102
RTVSPropertyOp4
 70
     1
102
RTVSPropertyOp5
 70
     1
102
RTVSPropertyOp6
 70
     1
102
RTVSPropertyOp7
 70
     1
102
RTVSPropertyOp8
 70
     1
102
RTVSPropertyOp9
 70
     1
102
RTVSPropertyOp10
 70
     1
102
RTVSPropertyOp11
 70
     1
102
RTVSPropertyOp12
 70
     1
102
RTVSPropertyOp13
 70
     1
102
RTVSPropertyOp14
 70
     1
102
RTVSPropertyOp15
 70
     1
102
RTVSPropertyOp16
 70
     1
102
RTVSPropertyOp17
 70
     1
102
RTVSPropertyOp18
 70
     1
102
RTVSPropertyOp19
 70
     1
102
RTVSPropertyOp20
 70
     1
102
RTVSPropertyOp21
 70
     1
102
RTVSPropertyOp22
 70
     1
102
RTVSPropertyOp23
 70
     1
102
RTVSPropertyOp24
 70
     1
102
RTVSPropertyOp25
 70
     1
102
RTVSPropertyOp26
 70
     1
102
RTVSPropertyOp27
 70
     1
102
RTVSPropertyOp28
 70
     1
102
RTVSPropertyOp29
 70
     1
102
RTVSPropertyOp30
 70
     1
102
RTVSPropertyOp31
 70
     1
102
RTVSPropertyOp32
 70
     1
102
RTVSPropertyOp33
 70
     1
102
RTVSPropertyOp34
 70
     1
102
RTVSPropertyOp35
 70
     1
102
RTVSPropertyOp36
 70
     1
102
RTVSPropertyOp37
 70
     1
102
RTVSPropertyOp38
 70
     1
102
RTVSPropertyOp39
 70
     1
102
RTVSPropertyOp40
 70
     1
102
RTVSPropertyOp41
 70
     1
102
RTVSPropertyOp42
 70
     1
102
RTVSPropertyOp43
 70
     1
102
RTVSPropertyOp44
 70
     1
102
RTVSPropertyOp45
 70
     1
102
RTVSPropertyOp46
 70
     1
102
RTVSPropertyOp47
 70
     1
102
RTVSPropertyOp48
 70
     1
102
RTVSPropertyOp49
 70
     1
102
RTVSPropertyOp50
 70
     1
102
RTVSPropertyOp51
 70
     0
102
RTVSPropertyOp52
 70
     0
102
RTVSPropertyOp53
 70
     1
102
RTVSPropertyOp54
 70
     1
102
RTVSPropertyOp55
 70
     1
102
RTVSPropertyOp56
 70
     1
102
RTVSPropertyOp57
 70
     1
102
RTVSPost2010Prop28
280
     0
102
RTVSPost2010PropOp28
 70
     1
102
RTVSPost2010Prop29
280
     1
102
RTVSPost2010PropOp29
 70
     1
102
RTVSPost2010Prop30
280
     1
102
RTVSPost2010PropOp30
 70
     1
102
RTVSPost2010Prop31
280
     0
102
RTVSPost2010PropOp31
 70
     1
102
RTVSPost2010Prop32
280
     0
102
RTVSPost2010PropOp32
 70
     1
102
RTVSPost2010Prop33
280
     0
102
RTVSPost2010PropOp33
 70
     1
102
RTVSPost2010Prop34
280
     0
102
RTVSPost2010PropOp34
 70
     1
102
RTVSPost2010Prop35
280
     0
102
RTVSPost2010PropOp35
 70
     1
102
RTVSPost2010Prop36
280
     0
102
RTVSPost2010PropOp36
 70
     1
102
RTVSPost2010Prop37
 90
       50
102
RTVSPost2010PropOp37
 70
     1
102
RTVSPost2010Prop38
140
0.0
102
RTVSPost2010PropOp38
 70
     1
102
RTVSPost2010Prop39
140
1.0
102
RTVSPost2010PropOp39
 70
     1
102
RTVSPost2010Prop40
 90
        0
102
RTVSPost2010PropOp40
 70
     1
102
RTVSPost2010Prop41ColorIndex
 90
       18
102
RTVSPost2010Prop41ColorRGB
 90
        0
102
RTVSPost2010PropOp41
 70
     1
102
RTVSPost2010Prop42
 90
       50
102
RTVSPost2010PropOp42
 70
     1
102
RTVSPost2010Prop43
 90
        3
102
RTVSPost2010PropOp43
 70
     1
102
RTVSPost2010Prop44ColorIndex
 90
        5
102
RTVSPost2010Prop44ColorRGB
 90
      255
102
RTVSPost2010PropOp44
 70
     1
102
RTVSPost2010Prop45
280
     0
102
RTVSPost2010PropOp45
 70
     1
102
RTVSPost2010Prop46
 90
       50
102
RTVSPost2010PropOp46
 70
     1
102
RTVSPost2010Prop47
 90
       50
102
RTVSPost2010PropOp47
 70
     1
102
RTVSPost2010Prop48
 90
       50
102
RTVSPost2010PropOp48
 70
     1
102
RTVSPost2010Prop49
280
     0
102
RTVSPost2010PropOp49
 70
     1
102
RTVSPost2010Prop50
 90
       50
102
RTVSPost2010PropOp50
 70
     1
102
RTVSPost2010Prop51ColorIndex
 90
      256
102
RTVSPost2010Prop51ColorRGB
 90
-16777216
102
RTVSPost2010PropOp51
 70
     0
102
RTVSPost2010Prop52
140
1.0
102
RTVSPost2010PropOp52
 70
     0
102
RTVSPost2010Prop53
 90
        2
102
RTVSPost2010PropOp53
 70
     1
102
RTVSPost2010Prop54
  1
strokes_ogs.tif
102
RTVSPost2010PropOp54
 70
     1
102
RTVSPost2010Prop55
280
     0
102
RTVSPost2010PropOp55
 70
     1
102
RTVSPost2010Prop56
140
1.0
102
RTVSPost2010PropOp56
 70
     1
102
RTVSPost2010Prop57
140
1.0
102
RTVSPost2010PropOp57
 70
     1
  0
XRECORD
  5
169
102
{ACAD_REACTORS
330
168
102
}
330
168
100
AcDbXrecord
280
     1
102
RTVSPropertyOp0
 70
     1
102
RTVSPropertyOp1
 70
     1
102
RTVSPropertyOp2
 70
     1
102
RTVSPropertyOp3
 70
     1
102
RTVSPropertyOp4
 70
     1
102
RTVSPropertyOp5
 70
     1
102
RTVSPropertyOp6
 70
     1
102
RTVSPropertyOp7
 70
     1
102
RTVSPropertyOp8
 70
     1
102
RTVSPropertyOp9
 70
     1
102
RTVSPropertyOp10
 70
     1
102
RTVSPropertyOp11
 70
     1
102
RTVSPropertyOp12
 70
     1
102
RTVSPropertyOp13
 70
     1
102
RTVSPropertyOp14
 70
     1
102
RTVSPropertyOp15
 70
     1
102
RTVSPropertyOp16
 70
     1
102
RTVSPropertyOp17
 70
     1
102
RTVSPropertyOp18
 70
     1
102
RTVSPropertyOp19
 70
     1
102
RTVSPropertyOp20
 70
     1
102
RTVSPropertyOp21
 70
     1
102
RTVSPropertyOp22
 70
     1
102
RTVSPropertyOp23
 70
     1
102
RTVSPropertyOp24
 70
     1
102
RTVSPropertyOp25
 70
     1
102
RTVSPropertyOp26
 70
     1
102
RTVSPropertyOp27
 70
     1
102
RTVSPropertyOp28
 70
     1
102
RTVSPropertyOp29
 70
     1
102
RTVSPropertyOp30
 70
     1
102
RTVSPropertyOp31
 70
     1
102
RTVSPropertyOp32
 70
     1
102
RTVSPropertyOp33
 70
     1
102
RTVSPropertyOp34
 70
     1
102
RTVSPropertyOp35
 70
     1
102
RTVSPropertyOp36
 70
     1
102
RTVSPropertyOp37
 70
     1
102
RTVSPropertyOp38
 70
     1
102
RTVSPropertyOp39
 70
     1
102
RTVSPropertyOp40
 70
     1
102
RTVSPropertyOp41
 70
     1
102
RTVSPropertyOp42
 70
     1
102
RTVSPropertyOp43
 70
     1
102
RTVSPropertyOp44
 70
     1
102
RTVSPropertyOp45
 70
     1
102
RTVSPropertyOp46
 70
     1
102
RTVSPropertyOp47
 70
     1
102
RTVSPropertyOp48
 70
     1
102
RTVSPropertyOp49
 70
     1
102
RTVSPropertyOp50
 70
     1
102
RTVSPropertyOp51
 70
     0
102
RTVSPropertyOp52
 70
     0
102
RTVSPropertyOp53
 70
     1
102
RTVSPropertyOp54
 70
     1
102
RTVSPropertyOp55
 70
     1
102
RTVSPropertyOp56
 70
     1
102
RTVSPropertyOp57
 70
     1
102
RTVSPost2010Prop28
280
     0
102
RTVSPost2010PropOp28
 70
     1
102
RTVSPost2010Prop29
280
     1
102
RTVSPost2010PropOp29
 70
     1
102
RTVSPost2010Prop30
280
     1
102
RTVSPost2010PropOp30
 70
     1
102
RTVSPost2010Prop31
280
     0
102
RTVSPost2010PropOp31
 70
     1
102
RTVSPost2010Prop32
280
     0
102
RTVSPost2010PropOp32
 70
     1
102
RTVSPost2010Prop33
280
     0
102
RTVSPost2010PropOp33
 70
     1
102
RTVSPost2010Prop34
280
     0
102
RTVSPost2010PropOp34
 70
     1
102
RTVSPost2010Prop35
280
     0
102
RTVSPost2010PropOp35
 70
     1
102
RTVSPost2010Prop36
280
     0
102
RTVSPost2010PropOp36
 70
     1
102
RTVSPost2010Prop37
 90
       50
102
RTVSPost2010PropOp37
 70
     1
102
RTVSPost2010Prop38
140
0.0
102
RTVSPost2010PropOp38
 70
     1
102
RTVSPost2010Prop39
140
1.0
102
RTVSPost2010PropOp39
 70
     1
102
RTVSPost2010Prop40
 90
        0
102
RTVSPost2010PropOp40
 70
     1
102
RTVSPost2010Prop41ColorIndex
 90
       18
102
RTVSPost2010Prop41ColorRGB
 90
        0
102
RTVSPost2010PropOp41
 70
     1
102
RTVSPost2010Prop42
 90
       50
102
RTVSPost2010PropOp42
 70
     1
102
RTVSPost2010Prop43
 90
        3
102
RTVSPost2010PropOp43
 70
     1
102
RTVSPost2010Prop44ColorIndex
 90
        5
102
RTVSPost2010Prop44ColorRGB
 90
      255
102
RTVSPost2010PropOp44
 70
     1
102
RTVSPost2010Prop45
280
     0
102
RTVSPost2010PropOp45
 70
     1
102
RTVSPost2010Prop46
 90
       50
102
RTVSPost2010PropOp46
 70
     1
102
RTVSPost2010Prop47
 90
       50
102
RTVSPost2010PropOp47
 70
     1
102
RTVSPost2010Prop48
 90
       50
102
RTVSPost2010PropOp48
 70
     1
102
RTVSPost2010Prop49
280
     0
102
RTVSPost2010PropOp49
 70
     1
102
RTVSPost2010Prop50
 90
       50
102
RTVSPost2010PropOp50
 70
     1
102
RTVSPost2010Prop51ColorIndex
 90
      256
102
RTVSPost2010Prop51ColorRGB
 90
-16777216
102
RTVSPost2010PropOp51
 70
     0
102
RTVSPost2010Prop52
140
1.0
102
RTVSPost2010PropOp52
 70
     0
102
RTVSPost2010Prop53
 90
        2
102
RTVSPost2010PropOp53
 70
     1
102
RTVSPost2010Prop54
  1
strokes_ogs.tif
102
RTVSPost2010PropOp54
 70
     1
102
RTVSPost2010Prop55
280
     0
102
RTVSPost2010PropOp55
 70
     1
102
RTVSPost2010Prop56
140
1.0
102
RTVSPost2010PropOp56
 70
     1
102
RTVSPost2010Prop57
140
1.0
102
RTVSPost2010PropOp57
 70
     1
  0
XRECORD
  5
189
102
{ACAD_REACTORS
330
188
102
}
330
188
100
AcDbXrecord
280
     1
102
RTVSPropertyOp0
 70
     1
102
RTVSPropertyOp1
 70
     1
102
RTVSPropertyOp2
 70
     1
102
RTVSPropertyOp3
 70
     1
102
RTVSPropertyOp4
 70
     1
102
RTVSPropertyOp5
 70
     1
102
RTVSPropertyOp6
 70
     1
102
RTVSPropertyOp7
 70
     1
102
RTVSPropertyOp8
 70
     1
102
RTVSPropertyOp9
 70
     1
102
RTVSPropertyOp10
 70
     1
102
RTVSPropertyOp11
 70
     1
102
RTVSPropertyOp12
 70
     1
102
RTVSPropertyOp13
 70
     1
102
RTVSPropertyOp14
 70
     1
102
RTVSPropertyOp15
 70
     1
102
RTVSPropertyOp16
 70
     1
102
RTVSPropertyOp17
 70
     1
102
RTVSPropertyOp18
 70
     1
102
RTVSPropertyOp19
 70
     1
102
RTVSPropertyOp20
 70
     1
102
RTVSPropertyOp21
 70
     1
102
RTVSPropertyOp22
 70
     1
102
RTVSPropertyOp23
 70
     1
102
RTVSPropertyOp24
 70
     1
102
RTVSPropertyOp25
 70
     1
102
RTVSPropertyOp26
 70
     1
102
RTVSPropertyOp27
 70
     1
102
RTVSPropertyOp28
 70
     1
102
RTVSPropertyOp29
 70
     1
102
RTVSPropertyOp30
 70
     1
102
RTVSPropertyOp31
 70
     1
102
RTVSPropertyOp32
 70
     1
102
RTVSPropertyOp33
 70
     1
102
RTVSPropertyOp34
 70
     1
102
RTVSPropertyOp35
 70
     1
102
RTVSPropertyOp36
 70
     1
102
RTVSPropertyOp37
 70
     1
102
RTVSPropertyOp38
 70
     1
102
RTVSPropertyOp39
 70
     1
102
RTVSPropertyOp40
 70
     1
102
RTVSPropertyOp41
 70
     1
102
RTVSPropertyOp42
 70
     1
102
RTVSPropertyOp43
 70
     1
102
RTVSPropertyOp44
 70
     1
102
RTVSPropertyOp45
 70
     1
102
RTVSPropertyOp46
 70
     1
102
RTVSPropertyOp47
 70
     1
102
RTVSPropertyOp48
 70
     1
102
RTVSPropertyOp49
 70
     1
102
RTVSPropertyOp50
 70
     1
102
RTVSPropertyOp51
 70
     0
102
RTVSPropertyOp52
 70
     0
102
RTVSPropertyOp53
 70
     1
102
RTVSPropertyOp54
 70
     1
102
RTVSPropertyOp55
 70
     1
102
RTVSPropertyOp56
 70
     1
102
RTVSPropertyOp57
 70
     1
102
RTVSPost2010Prop28
280
     0
102
RTVSPost2010PropOp28
 70
     1
102
RTVSPost2010Prop29
280
     1
102
RTVSPost2010PropOp29
 70
     1
102
RTVSPost2010Prop30
280
     1
102
RTVSPost2010PropOp30
 70
     1
102
RTVSPost2010Prop31
280
     0
102
RTVSPost2010PropOp31
 70
     1
102
RTVSPost2010Prop32
280
     0
102
RTVSPost2010PropOp32
 70
     1
102
RTVSPost2010Prop33
280
     0
102
RTVSPost2010PropOp33
 70
     1
102
RTVSPost2010Prop34
280
     0
102
RTVSPost2010PropOp34
 70
     1
102
RTVSPost2010Prop35
280
     0
102
RTVSPost2010PropOp35
 70
     1
102
RTVSPost2010Prop36
280
     0
102
RTVSPost2010PropOp36
 70
     1
102
RTVSPost2010Prop37
 90
       50
102
RTVSPost2010PropOp37
 70
     1
102
RTVSPost2010Prop38
140
0.0
102
RTVSPost2010PropOp38
 70
     1
102
RTVSPost2010Prop39
140
1.0
102
RTVSPost2010PropOp39
 70
     1
102
RTVSPost2010Prop40
 90
        0
102
RTVSPost2010PropOp40
 70
     1
102
RTVSPost2010Prop41ColorIndex
 90
       18
102
RTVSPost2010Prop41ColorRGB
 90
        0
102
RTVSPost2010PropOp41
 70
     1
102
RTVSPost2010Prop42
 90
       50
102
RTVSPost2010PropOp42
 70
     1
102
RTVSPost2010Prop43
 90
        3
102
RTVSPost2010PropOp43
 70
     1
102
RTVSPost2010Prop44ColorIndex
 90
        5
102
RTVSPost2010Prop44ColorRGB
 90
      255
102
RTVSPost2010PropOp44
 70
     1
102
RTVSPost2010Prop45
280
     0
102
RTVSPost2010PropOp45
 70
     1
102
RTVSPost2010Prop46
 90
       50
102
RTVSPost2010PropOp46
 70
     1
102
RTVSPost2010Prop47
 90
       50
102
RTVSPost2010PropOp47
 70
     1
102
RTVSPost2010Prop48
 90
       50
102
RTVSPost2010PropOp48
 70
     1
102
RTVSPost2010Prop49
280
     0
102
RTVSPost2010PropOp49
 70
     1
102
RTVSPost2010Prop50
 90
       50
102
RTVSPost2010PropOp50
 70
     1
102
RTVSPost2010Prop51ColorIndex
 90
      256
102
RTVSPost2010Prop51ColorRGB
 90
-16777216
102
RTVSPost2010PropOp51
 70
     0
102
RTVSPost2010Prop52
140
1.0
102
RTVSPost2010PropOp52
 70
     0
102
RTVSPost2010Prop53
 90
        2
102
RTVSPost2010PropOp53
 70
     1
102
RTVSPost2010Prop54
  1
strokes_ogs.tif
102
RTVSPost2010PropOp54
 70
     1
102
RTVSPost2010Prop55
280
     0
102
RTVSPost2010PropOp55
 70
     1
102
RTVSPost2010Prop56
140
1.0
102
RTVSPost2010PropOp56
 70
     1
102
RTVSPost2010Prop57
140
1.0
102
RTVSPost2010PropOp57
 70
     1
  0
ENDSEC
  0
EOF
