  0
SECTION
  2
HEADER
  9
$ACADVER
  1
AC1024
  9
$ACADMAINTVER
 70
6
  9
$DWGCODEPAGE
  3
ANSI_1252
  9
$LASTSAVEDBY
  1
ezdxf
  9
$INSBASE
 10
0.0
 20
0.0
 30
0.0
  9
$EXTMIN
 10
1e+20
 20
1e+20
 30
1e+20
  9
$EXTMAX
 10
-1e+20
 20
-1e+20
 30
-1e+20
  9
$LIMMIN
 10
0.0
 20
0.0
  9
$LIMMAX
 10
420.0
 20
297.0
  9
$ORTHOMODE
 70
0
  9
$REGENMODE
 70
1
  9
$FILLMODE
 70
1
  9
$QTEXTMODE
 70
0
  9
$MIRRTEXT
 70
1
  9
$LTSCALE
 40
1.0
  9
$ATTMODE
 70
1
  9
$TEXTSIZE
 40
2.5
  9
$TRACEWID
 40
1.0
  9
$TEXTSTYLE
  7
Standard
  9
$CLAYER
  8
0
  9
$CELTYPE
  6
ByLayer
  9
$CECOLOR
 62
256
  9
$CELTSCALE
 40
1.0
  9
$DISPSILH
 70
0
  9
$DIMSCALE
 40
1.0
  9
$DIMASZ
 40
2.5
  9
$DIMEXO
 40
0.625
  9
$DIMDLI
 40
3.75
  9
$DIMRND
 40
0.0
  9
$DIMDLE
 40
0.0
  9
$DIMEXE
 40
1.25
  9
$DIMTP
 40
0.0
  9
$DIMTM
 40
0.0
  9
$DIMTXT
 40
2.5
  9
$DIMCEN
 40
2.5
  9
$DIMTSZ
 40
0.0
  9
$DIMTOL
 70
0
  9
$DIMLIM
 70
0
  9
$DIMTIH
 70
0
  9
$DIMTOH
 70
0
  9
$DIMSE1
 70
0
  9
$DIMSE2
 70
0
  9
$DIMTAD
 70
1
  9
$DIMZIN
 70
8
  9
$DIMBLK
  1

  9
$DIMASO
 70
1
  9
$DIMSHO
 70
1
  9
$DIMPOST
  1

  9
$DIMAPOST
  1

  9
$DIMALT
 70
0
  9
$DIMALTD
 70
3
  9
$DIMALTF
 40
0.03937007874
  9
$DIMLFAC
 40
1.0
  9
$DIMTOFL
 70
1
  9
$DIMTVP
 40
0.0
  9
$DIMTIX
 70
0
  9
$DIMSOXD
 70
0
  9
$DIMSAH
 70
0
  9
$DIMBLK1
  1

  9
$DIMBLK2
  1

  9
$DIMSTYLE
  2
ISO-25
  9
$DIMCLRD
 70
0
  9
$DIMCLRE
 70
0
  9
$DIMCLRT
 70
0
  9
$DIMTFAC
 40
1.0
  9
$DIMGAP
 40
0.625
  9
$DIMJUST
 70
0
  9
$DIMSD1
 70
0
  9
$DIMSD2
 70
0
  9
$DIMTOLJ
 70
0
  9
$DIMTZIN
 70
8
  9
$DIMALTZ
 70
0
  9
$DIMALTTZ
 70
0
  9
$DIMUPT
 70
0
  9
$DIMDEC
 70
2
  9
$DIMTDEC
 70
2
  9
$DIMALTU
 70
2
  9
$DIMALTTD
 70
3
  9
$DIMTXSTY
  7
Standard
  9
$DIMAUNIT
 70
0
  9
$DIMADEC
 70
0
  9
$DIMALTRND
 40
0.0
  9
$DIMAZIN
 70
0
  9
$DIMDSEP
 70
44
  9
$DIMATFIT
 70
3
  9
$DIMFRAC
 70
0
  9
$DIMLDRBLK
  1

  9
$DIMLUNIT
 70
2
  9
$DIMLWD
 70
-2
  9
$DIMLWE
 70
-2
  9
$DIMTMOVE
 70
0
  9
$DIMFXL
 40
1.0
  9
$DIMFXLON
 70
0
  9
$DIMJOGANG
 40
0.785398163397
  9
$DIMTFILL
 70
0
  9
$DIMTFILLCLR
 70
0
  9
$DIMARCSYM
 70
0
  9
$DIMLTYPE
  6

  9
$DIMLTEX1
  6

  9
$DIMLTEX2
  6

  9
$DIMTXTDIRECTION
 70
0
  9
$LUNITS
 70
2
  9
$LUPREC
 70
4
  9
$SKETCHINC
 40
1.0
  9
$FILLETRAD
 40
10.0
  9
$AUNITS
 70
0
  9
$AUPREC
 70
2
  9
$MENU
  1
.
  9
$ELEVATION
 40
0.0
  9
$PELEVATION
 40
0.0
  9
$THICKNESS
 40
0.0
  9
$LIMCHECK
 70
0
  9
$CHAMFERA
 40
0.0
  9
$CHAMFERB
 40
0.0
  9
$CHAMFERC
 40
0.0
  9
$CHAMFERD
 40
0.0
  9
$SKPOLY
 70
0
  9
$TDCREATE
 40
2461313.620023148
  9
$TDUCREATE
 40
2458532.153996898
  9
$TDUPDATE
 40
2461313.620023148
  9
$TDUUPDATE
 40
2458532.1544311
  9
$TDINDWG
 40
0.0
  9
$TDUSRTIMER
 40
0.0
  9
$USRTIMER
 70
1
  9
$ANGBASE
 50
0.0
  9
$ANGDIR
 70
0
  9
$PDMODE
 70
0
  9
$PDSIZE
 40
0.0
  9
$PLINEWID
 40
0.0
  9
$SPLFRAME
 70
0
  9
$SPLINETYPE
 70
6
  9
$SPLINESEGS
 70
8
  9
$HANDSEED
  5
33
  9
$SURFTAB1
 70
6
  9
$SURFTAB2
 70
6
  9
$SURFTYPE
 70
6
  9
$SURFU
 70
6
  9
$SURFV
 70
6
  9
$UCSBASE
  2

  9
$UCSNAME
  2

  9
$UCSORG
 10
0.0
 20
0.0
 30
0.0
  9
$UCSXDIR
 10
1.0
 20
0.0
 30
0.0
  9
$UCSYDIR
 10
0.0
 20
1.0
 30
0.0
  9
$UCSORTHOREF
  2

  9
$UCSORTHOVIEW
 70
0
  9
$UCSORGTOP
 10
0.0
 20
0.0
 30
0.0
  9
$UCSORGBOTTOM
 10
0.0
 20
0.0
 30
0.0
  9
$UCSORGLEFT
 10
0.0
 20
0.0
 30
0.0
  9
$UCSORGRIGHT
 10
0.0
 20
0.0
 30
0.0
  9
$UCSORGFRONT
 10
0.0
 20
0.0
 30
0.0
  9
$UCSORGBACK
 10
0.0
 20
0.0
 30
0.0
  9
$PUCSBASE
  2

  9
$PUCSNAME
  2

  9
$PUCSORG
 10
0.0
 20
0.0
 30
0.0
  9
$PUCSXDIR
 10
1.0
 20
0.0
 30
0.0
  9
$PUCSYDIR
 10
0.0
 20
1.0
 30
0.0
  9
$PUCSORTHOREF
  2

  9
$PUCSORTHOVIEW
 70
0
  9
$PUCSORGTOP
 10
0.0
 20
0.0
 30
0.0
  9
$PUCSORGBOTTOM
 10
0.0
 20
0.0
 30
0.0
  9
$PUCSORGLEFT
 10
0.0
 20
0.0
 30
0.0
  9
$PUCSORGRIGHT
 10
0.0
 20
0.0
 30
0.0
  9
$PUCSORGFRONT
 10
0.0
 20
0.0
 30
0.0
  9
$PUCSORGBACK
 10
0.0
 20
0.0
 30
0.0
  9
$USERI1
 70
0
  9
$USERI2
 70
0
  9
$USERI3
 70
0
  9
$USERI4
 70
0
  9
$USERI5
 70
0
  9
$USERR1
 40
0.0
  9
$USERR2
 40
0.0
  9
$USERR3
 40
0.0
  9
$USERR4
 40
0.0
  9
$USERR5
 40
0.0
  9
$WORLDVIEW
 70
1
  9
$SHADEDGE
 70
3
  9
$SHADEDIF
 70
70
  9
$TILEMODE
 70
1
  9
$MAXACTVP
 70
64
  9
$PINSBASE
 10
0.0
 20
0.0
 30
0.0
  9
$PLIMCHECK
 70
0
  9
$PEXTMIN
 10
1e+20
 20
1e+20
 30
1e+20
  9
$PEXTMAX
 10
-1e+20
 20
-1e+20
 30
-1e+20
  9
$PLIMMIN
 10
0.0
 20
0.0
  9
$PLIMMAX
 10
420.0
 20
297.0
  9
$UNITMODE
 70
0
  9
$VISRETAIN
 70
1
  9
$PLINEGEN
 70
0
  9
$PSLTSCALE
 70
1
  9
$TREEDEPTH
 70
3020
  9
$CMLSTYLE
  2
Standard
  9
$CMLJUST
 70
0
  9
$CMLSCALE
 40
20.0
  9
$PROXYGRAPHICS
 70
1
  9
$MEASUREMENT
 70
1
  9
$CELWEIGHT
370
-1
  9
$ENDCAPS
280
0
  9
$JOINSTYLE
280
0
  9
$LWDISPLAY
290
0
  9
$INSUNITS
 70
6
  9
$HYPERLINKBASE
  1

  9
$STYLESHEET
  1

  9
$XEDIT
290
1
  9
$CEPSNTYPE
380
0
  9
$PSTYLEMODE
290
1
  9
$FINGERPRINTGUID
  2
{5C20EC49-5C59-43D8-A935-82086484424F}
  9
$VERSIONGUID
  2
{80AFB1CB-097A-4F7E-8918-7DA072BE9E38}
  9
$EXTNAMES
290
1
  9
$PSVPSCALE
 40
0.0
  9
$OLESTARTUP
290
0
  9
$SORTENTS
280
127
  9
$INDEXCTL
280
0
  9
$HIDETEXT
280
1
  9
$XCLIPFRAME
280
1
  9
$HALOGAP
280
0
  9
$OBSCOLOR
 70
257
  9
$OBSLTYPE
280
0
  9
$INTERSECTIONDISPLAY
280
0
  9
$INTERSECTIONCOLOR
 70
257
  9
$DIMASSOC
280
2
  9
$PROJECTNAME
  1

  9
$CAMERADISPLAY
290
0
  9
$LENSLENGTH
 40
50.0
  9
$CAMERAHEIGHT
 40
0.0
  9
$STEPSPERSEC
 40
24.0
  9
$STEPSIZE
 40
100.0
  9
$3DDWFPREC
 40
2.0
  9
$PSOLWIDTH
 40
0.005
  9
$PSOLHEIGHT
 40
0.08
  9
$LOFTANG1
 40
1.570796326795
  9
$LOFTANG2
 40
1.570796326795
  9
$LOFTMAG1
 40
0.0
  9
$LOFTMAG2
 40
0.0
  9
$LOFTPARAM
 70
7
  9
$LOFTNORMALS
280
1
  9
$LATITUDE
 40
37.795
  9
$LONGITUDE
 40
-122.394
  9
$NORTHDIRECTION
 40
0.0
  9
$TIMEZONE
 70
-8000
  9
$LIGHTGLYPHDISPLAY
280
1
  9
$TILEMODELIGHTSYNCH
280
1
  9
$CMATERIAL
347
20
  9
$SOLIDHIST
280
0
  9
$SHOWHIST
280
1
  9
$DWFFRAME
280
2
  9
$DGNFRAME
280
2
  9
$REALWORLDSCALE
290
1
  9
$INTERFERECOLOR
 62
256
  9
$CSHADOW
280
0
  9
$SHADOWPLANELOCATION
 40
0.0
  0
ENDSEC
  0
SECTION
  2
CLASSES
  0
CLASS
  1
ACDBDICTIONARYWDFLT
  2
AcDbDictionaryWithDefault
  3
ObjectDBX Classes
 90
0
 91
0
280
0
281
0
  0
CLASS
  1
SUN
  2
AcDbSun
  3
SCENEOE
 90
1153
 91
0
280
0
281
0
  0
CLASS
  1
VISUALSTYLE
  2
AcDbVisualStyle
  3
ObjectDBX Classes
 90
4095
 91
0
280
0
281
0
  0
CLASS
  1
MATERIAL
  2
AcDbMaterial
  3
ObjectDBX Classes
 90
1153
 91
0
280
0
281
0
  0
CLASS
  1
SCALE
  2
AcDbScale
  3
ObjectDBX Classes
 90
1153
 91
0
280
0
281
0
  0
CLASS
  1
TABLESTYLE
  2
AcDbTableStyle
  3
ObjectDBX Classes
 90
4095
 91
0
280
0
281
0
  0
CLASS
  1
MLEADERSTYLE
  2
AcDbMLeaderStyle
  3
ACDB_MLEADERSTYLE_CLASS
 90
4095
 91
0
280
0
281
0
  0
CLASS
  1
DICTIONARYVAR
  2
AcDbDictionaryVar
  3
ObjectDBX Classes
 90
0
 91
0
280
0
281
0
  0
CLASS
  1
CELLSTYLEMAP
  2
AcDbCellStyleMap
  3
ObjectDBX Classes
 90
1152
 91
0
280
0
281
0
  0
CLASS
  1
MENTALRAYRENDERSETTINGS
  2
AcDbMentalRayRenderSettings
  3
SCENEOE
 90
1024
 91
0
280
0
281
0
  0
CLASS
  1
ACDBDETAILVIEWSTYLE
  2
AcDbDetailViewStyle
  3
ObjectDBX Classes
 90
1025
 91
0
280
0
281
0
  0
CLASS
  1
ACDBSECTIONVIEWSTYLE
  2
AcDbSectionViewStyle
  3
ObjectDBX Classes
 90
1025
 91
0
280
0
281
0
  0
CLASS
  1
RASTERVARIABLES
  2
AcDbRasterVariables
  3
ISM
 90
0
 91
0
280
0
281
0
  0
CLASS
  1
LAYOUT
  2
AcDbLayout
  3
ObjectDBX Classes
 90
0
 91
0
280
0
281
0
  0
CLASS
  1
ACDBPLACEHOLDER
  2
AcDbPlaceHolder
  3
ObjectDBX Classes
 90
0
 91
0
280
0
281
0
  0
ENDSEC
  0
SECTION
  2
TABLES
  0
TABLE
  2
VPORT
  5
8
330
0
100
AcDbSymbolTable
 70
1
  0
VPORT
  5
23
330
8
100
AcDbSymbolTableRecord
100
AcDbViewportTableRecord
  2
*Active
 70
0
 10
0.0
 20
0.0
 11
1.0
 21
1.0
 12
0.0
 22
0.0
 13
0.0
 23
0.0
 14
0.5
 24
0.5
 15
0.5
 25
0.5
 16
0.0
 26
0.0
 36
1.0
 17
0.0
 27
0.0
 37
0.0
 40
1000.0
 41
1.34
 42
50.0
 43
0.0
 44
0.0
 50
0.0
 51
0.0
 71
0
 72
1000
 73
1
 74
3
 75
0
 76
0
 77
0
 78
0
281
0
 65
0
146
0.0
  0
ENDTAB
  0
TABLE
  2
LTYPE
  5
2
330
0
100
AcDbSymbolTable
 70
3
  0
LTYPE
  5
24
330
2
100
AcDbSymbolTableRecord
100
AcDbLinetypeTableRecord
  2
ByBlock
 70
0
  3

 72
65
 73
0
 40
0.0
  0
LTYPE
  5
25
330
2
100
AcDbSymbolTableRecord
100
AcDbLinetypeTableRecord
  2
ByLayer
 70
0
  3

 72
65
 73
0
 40
0.0
  0
LTYPE
  5
26
330
2
100
AcDbSymbolTableRecord
100
AcDbLinetypeTableRecord
  2
Continuous
 70
0
  3

 72
65
 73
0
 40
0.0
  0
ENDTAB
  0
TABLE
  2
LAYER
  5
1
330
0
100
AcDbSymbolTable
 70
2
  0
LAYER
  5
27
330
1
100
AcDbSymbolTableRecord
100
AcDbLayerTableRecord
  2
0
 70
0
 62
7
  6
Continuous
370
-3
390
13
347
21
  0
LAYER
  5
28
330
1
100
AcDbSymbolTableRecord
100
AcDbLayerTableRecord
  2
Defpoints
 70
0
 62
7
  6
Continuous
290
0
370
-3
390
13
347
21
  0
ENDTAB
  0
TABLE
  2
STYLE
  5
5
330
0
100
AcDbSymbolTable
 70
1
  0
STYLE
  5
29
330
5
100
AcDbSymbolTableRecord
100
AcDbTextStyleTableRecord
  2
Standard
 70
0
 40
0.0
 41
1.0
 50
0.0
 71
0
 42
2.5
  3
txt
  4

  0
ENDTAB
  0
TABLE
  2
VIEW
  5
7
330
0
100
AcDbSymbolTable
 70
0
  0
ENDTAB
  0
TABLE
  2
UCS
  5
6
330
0
100
AcDbSymbolTable
 70
0
  0
ENDTAB
  0
TABLE
  2
APPID
  5
3
330
0
100
AcDbSymbolTable
 70
3
  0
APPID
  5
2A
330
3
100
AcDbSymbolTableRecord
100
AcDbRegAppTableRecord
  2
ACAD
 70
0
  0
APPID
  5
30
330
3
100
AcDbSymbolTableRecord
100
AcDbRegAppTableRecord
  2
HATCHBACKGROUNDCOLOR
 70
0
  0
APPID
  5
31
330
3
100
AcDbSymbolTableRecord
100
AcDbRegAppTableRecord
  2
EZDXF
 70
0
  0
ENDTAB
  0
TABLE
  2
DIMSTYLE
  5
4
330
0
100
AcDbSymbolTable
 70
1
100
AcDbDimStyleTable
  0
DIMSTYLE
105
2B
330
4
100
AcDbSymbolTableRecord
100
AcDbDimStyleTableRecord
  2
Standard
 70
0
 40
1.0
 41
2.5
 42
0.625
 43
3.75
 44
1.25
 45
0.0
 46
0.0
 47
0.0
 48
0.0
 49
2.5
140
2.5
141
2.5
142
0.0
143
0.03937007874
144
1.0
145
0.0
146
1.0
147
0.625
148
0.0
 69
0
 70
0
 71
0
 72
0
 73
0
 74
0
 75
0
 76
0
 77
1
 78
8
 79
3
170
0
171
3
172
1
173
0
174
0
175
0
176
0
177
0
178
0
179
2
271
2
272
2
273
2
274
3
275
0
276
0
277
2
278
44
279
0
280
0
281
0
282
0
283
0
284
8
285
0
286
0
288
0
289
3
290
0
371
-2
372
-2
  0
ENDTAB
  0
TABLE
  2
BLOCK_RECORD
  5
9
330
0
100
AcDbSymbolTable
 70
2
  0
BLOCK_RECORD
  5
17
330
9
100
AcDbSymbolTableRecord
100
AcDbBlockTableRecord
  2
*Model_Space
340
1A
 70
0
280
1
281
0
  0
BLOCK_RECORD
  5
1B
330
9
100
AcDbSymbolTableRecord
100
AcDbBlockTableRecord
  2
*Paper_Space
340
1E
 70
0
280
1
281
0
  0
ENDTAB
  0
ENDSEC
  0
SECTION
  2
BLOCKS
  0
BLOCK
  5
18
330
17
100
AcDbEntity
  8
0
100
AcDbBlockBegin
  2
*Model_Space
 70
0
 10
0.0
 20
0.0
 30
0.0
  3
*Model_Space
  1

  0
ENDBLK
  5
19
330
17
100
AcDbEntity
  8
0
100
AcDbBlockEnd
  0
BLOCK
  5
1C
330
1B
100
AcDbEntity
  8
0
100
AcDbBlockBegin
  2
*Paper_Space
 70
0
 10
0.0
 20
0.0
 30
0.0
  3
*Paper_Space
  1

  0
ENDBLK
  5
1D
330
1B
100
AcDbEntity
  8
0
100
AcDbBlockEnd
  0
ENDSEC
  0
SECTION
  2
ENTITIES
  0
SPLINE
  5
2F
330
17
100
AcDbEntity
  8
0
100
AcDbSpline
 70
0
 71
3
 72
0
 73
0
 74
2451
 11
2013.87
 21
1349.76
 31
0.0
 11
2013.875420588032
 21
1349.8107204245973
 31
0.0
 11
2013.8756306478792
 21
1349.8625154119682
 31
0.0
 11
2013.870470955432
 21
1349.9148435056175
 31
0.0
 11
2013.8598391155886
 21
1349.9671423501102
 31
0.0
 11
2013.8436921246696
 21
1350.018834704999
 31
0.0
 11
2013.8220482922661
 21
1350.069334759235
 31
0.0
 11
2013.7949884883924
 21
1350.1180546775017
 31
0.0
 11
2013.7626566891895
 21
1350.1644113061307
 31
0.0
 11
2013.7252598021857
 21
1350.2078329632761
 31
0.0
 11
2013.6830667602267
 21
1350.2477662358658
 31
0.0
 11
2013.636406881515
 21
1350.2836827045683
 31
0.0
 11
2013.5856675016767
 21
1350.315085517633
 31
0.0
 11
2013.531290892287
 21
1350.3415157349743
 31
0.0
 11
2013.4737704887643
 21
1350.3625583653231
 31
0.0
 11
2013.4136464588466
 21
1350.3778480216044
 31
0.0
 11
2013.3515006509483
 21
1350.3870741229516
 31
0.0
 11
2013.2879509694121
 21
1350.3899855758673
 31
0.0
 11
2013.2236452309717
 21
1350.3863948719804
 31
0.0
 11
2013.1592545635021
 21
1350.3761815455734
 31
0.0
 11
2013.0954664143037
 21
1350.3592949404872
 31
0.0
 11
2013.0329772406355
 21
1350.3357562431333
 31
0.0
 11
2012.9724849599395
 21
1350.3056597460325
 31
0.0
 11
2012.9146812411016
 21
1350.269173314498
 31
0.0
 11
2012.860243721123
 21
1350.2265380377241
 31
0.0
 11
2012.8098282336941
 21
1350.178067054476
 31
0.0
 11
2012.764061137329
 21
1350.1241435527716
 31
0.0
 11
2012.723531830898
 21
1350.065217952262
 31
0.0
 11
2012.6887855436073
 21
1350.001804287351
 31
0.0
 11
2012.660316484669
 21
1349.9344758183565
 31
0.0
 11
2012.6385614351325
 21
1349.8638599070964
 31
0.0
 11
2012.6238938606089
 21
1349.7906322020676
 31
0.0
 11
2012.6166186189366
 21
1349.71551018678
 31
0.0
 11
2012.6169673312786
 21
1349.639246152718
 31
0.0
 11
2012.6250944787234
 21
1349.562619665725
 31
0.0
 11
2012.6410742792875
 21
1349.4864296012508
 31
0.0
 11
2012.6648983923076
 21
1349.4114858298028
 31
0.0
 11
2012.6964744887064
 21
1349.3386006389953
 31
0.0
 11
2012.7356257165404
 21
1349.2685799827711
 31
0.0
 11
2012.7820910817425
 21
1349.2022146515724
 31
0.0
 11
2012.835526754112
 21
1349.1402714594553
 31
0.0
 11
2012.8955082985244
 21
1349.0834845453173
 31
0.0
 11
2012.9615338211033
 21
1349.0325468855253
 31
0.0
 11
2013.0330280098683
 21
1348.988102114263
 31
0.0
 11
2013.1093470392236
 21
1348.9507367458834
 31
0.0
 11
2013.1897842977216
 21
1348.920972890442
 31
0.0
 11
2013.2735768889218
 21
1348.8992615494376
 31
0.0
 11
2013.3599128459841
 21
1348.8859765736177
 31
0.0
 11
2013.4479389919907
 21
1348.8814093585786
 31
0.0
 11
2013.5367693699811
 21
1348.8857643468514
 31
0.0
 11
2013.6254941594236
 21
1348.8991553972733
 31
0.0
 11
2013.7131889893806
 21
1348.9216030737982
 31
0.0
 11
2013.7989245530964
 21
1348.953032896575
 31
0.0
 11
2013.8817764241523
 21
1348.9932745881915
 31
0.0
 11
2013.9608349708035
 21
1349.042062337603
 31
0.0
 11
2014.035215262657
 21
1349.0990360934727
 31
0.0
 11
2014.1040668625321
 21
1349.1637438876319
 31
0.0
 11
2014.1665833961658
 21
1349.235645178179
 31
0.0
 11
2014.2220117934216
 21
1349.3141151905436
 31
0.0
 11
2014.2696610968287
 21
1349.3984502237379
 31
0.0
 11
2014.3089107365995
 21
1349.4878738781395
 31
0.0
 11
2014.3392181757313
 21
1349.581544150611
 31
0.0
 11
2014.3601258343629
 21
1349.6785613326892
 31
0.0
 11
2014.3712672091688
 21
1349.777976638075
 31
0.0
 11
2014.3723721111694
 21
1349.87880147684
 31
0.0
 11
2014.3632709538733
 21
1349.9800172857465
 31
0.0
 11
2014.343898033018
 21
1350.0805858169274
 31
0.0
 11
2014.3142937492896
 21
1350.1794597810142
 31
0.0
 11
2014.2746057361537
 21
1350.275593735676
 31
0.0
 11
2014.2250888662104
 21
1350.3679551065313
 31
0.0
 11
2014.1661041212037
 21
1350.4555352245648
 31
0.0
 11
2014.0981163228062
 21
1350.5373602625643
 31
0.0
 11
2014.0216907334793
 21
1350.6125019527253
 31
0.0
 11
2013.9374885489224
 21
1350.6800879684613
 31
0.0
 11
2013.846261315745
 21
1350.739311855622
 31
0.0
 11
2013.7488443199009
 21
1350.7894424017381
 31
0.0
 11
2013.6461490029649
 21
1350.8298323365696
 31
0.0
 11
2013.5391544744116
 21
1350.8599262630717
 31
0.0
 11
2013.4288981985078
 21
1350.879267724912
 31
0.0
 11
2013.3164659441743
 21
1350.8875053247339
 31
0.0
 11
2013.2029810950794
 21
1350.8843978164618
 31
0.0
 11
2013.0895934251853
 21
1350.8698181049629
 31
0.0
 11
2012.9774674518956
 21
1350.843756097205
 31
0.0
 11
2012.8677704847687
 21
1350.806320360615
 31
0.0
 11
2012.7616604923594
 21
1350.7577385564953
 31
0.0
 11
2012.6602739131254
 21
1350.6983566289846
 31
0.0
 11
2012.5647135383704
 21
1350.6286367430353
 31
0.0
 11
2012.4760365959196
 21
1350.5491539780644
 31
0.0
 11
2012.3952431625632
 21
1350.4605917972003
 31
0.0
 11
2012.3232650312873
 21
1350.3637363252465
 31
0.0
 11
2012.2609551559308
 21
1350.259469481465
 31
0.0
 11
2012.209077791181
 21
1350.1487610259212
 31
0.0
 11
2012.1682994398045
 21
1350.0326595902814
 31
0.0
 11
2012.1391807117238
 21
1349.912282775473
 31
0.0
 11
2012.1221691911012
 21
1349.7888064094036
 31
0.0
 11
2012.1175933980062
 21
1349.6634530678223
 31
0.0
 11
2012.125657920664
 21
1349.5374799703288
 31
0.0
 11
2012.146439782772
 21
1349.412166371353
 31
0.0
 11
2012.179886098063
 21
1349.2888005725636
 31
0.0
 11
2012.2258130513085
 21
1349.1686666885307
 31
0.0
 11
2012.2839062314156
 21
1349.0530313014924
 31
0.0
 11
2012.3537223283201
 21
1348.9431301437191
 31
0.0
 11
2012.4346921911713
 21
1348.8401549471587
 31
0.0
 11
2012.526125230955
 21
1348.745240599793
 31
0.0
 11
2012.6272151364128
 21
1348.6594527463933
 31
0.0
 11
2012.7370468579825
 21
1348.5837759681629
 31
0.0
 11
2012.854604800701
 21
1348.519102671098
 31
0.0
 11
2012.9787821537127
 21
1348.4662228068296
 31
0.0
 11
2013.108391271338
 21
1348.4258145422755
 31
0.0
 11
2013.2421750087615
 21
1348.3984359857009
 31
0.0
 11
2013.3788189043812
 21
1348.3845180668368
 31
0.0
 11
2013.516964090885
 21
1348.384358657627
 31
0.0
 11
2013.6552208082765
 21
1348.3981180080807
 31
0.0
 11
2013.792182384473
 21
1348.4258155587138
 31
0.0
 11
2013.9264395428463
 21
1348.4673281772864
 31
0.0
 11
2014.0565948912185
 21
1348.5223898531467
 31
0.0
 11
2014.1812774434695
 21
1348.5905928675909
 31
0.0
 11
2014.2991570230643
 21
1348.671390443418
 31
0.0
 11
2014.4089583975388
 21
1348.7641008614503
 31
0.0
 11
2014.5094749942768
 21
1348.8679130163503
 31
0.0
 11
2014.5995820507962
 21
1348.981893368781
 31
0.0
 11
2014.6782490572064
 21
1349.1049942359612
 31
0.0
 11
2014.7445513544744
 21
1349.2360633481562
 31
0.0
 11
2014.7976807596
 21
1349.3738545847266
 31
0.0
 11
2014.8369550976724
 21
1349.5170397902364
 31
0.0
 11
2014.8618265309992
 21
1349.6642215589063
 31
0.0
 11
2014.871888586961
 21
1349.8139468645309
 31
0.0
 11
2014.866881798829
 21
1349.9647214029994
 31
0.0
 11
2014.846697887391
 21
1350.1150245058734
 31
0.0
 11
2014.8113824257193
 21
1350.2633244761748
 31
0.0
 11
2014.7611359446234
 21
1350.4080941917416
 31
0.0
 11
2014.6963134521377
 21
1350.5478268172533
 31
0.0
 11
2014.6174223566172
 21
1350.6810514634042
 31
0.0
 11
2014.525118799489
 21
1350.8063486307278
 31
0.0
 11
2014.4202024202816
 21
1350.9223652762944
 31
0.0
 11
2014.3036095930245
 21
1351.0278293439037
 31
0.0
 11
2014.1764051893426
 21
1351.1215636024851
 31
0.0
 11
2014.0397729393533
 21
1351.2024986431504
 31
0.0
 11
2013.8950044766734
 21
1351.2696848926955
 31
0.0
 11
2013.743487168268
 21
1351.3223035102335
 31
0.0
 11
2013.5866908433914
 21
1351.3596760439968
 31
0.0
 11
2013.4261535483065
 21
1351.3812727370703
 31
0.0
 11
2013.2634664647148
 21
1351.3867193838003
 31
0.0
 11
2013.100258139719
 21
1351.3758026527428
 31
0.0
 11
2012.93817818361
 21
1351.3484738071256
 31
0.0
 11
2012.7788805986634
 21
1351.3048507697652
 31
0.0
 11
2012.6240069074054
 21
1351.2452184960257
 31
0.0
 11
2012.475169252385
 21
1351.1700276355884
 31
0.0
 11
2012.3339336412935
 21
1351.0798914813086
 31
0.0
 11
2012.2018035113142
 21
1350.9755812211367
 31
0.0
 11
2012.0802037848032
 21
1350.858019526746
 31
0.0
 11
2011.970465584838
 21
1350.7282725299888
 31
0.0
 11
2011.8738117738194
 21
1350.5875402553984
 31
0.0
 11
2011.791343471232
 21
1350.4371455934775
 31
0.0
 11
2011.7240276979094
 21
1350.2785219153225
 31
0.0
 11
2011.6726862837957
 21
1350.1131994440034
 31
0.0
 11
2011.63798616433
 21
1349.9427905119444
 31
0.0
 11
2011.6204311773313
 21
1349.76897384614
 31
0.0
 11
2011.6203554577378
 21
1349.593478034272
 31
0.0
 11
2011.6379185119054
 21
1349.4180643345358
 31
0.0
 11
2011.6731020365535
 21
1349.2445090001213
 31
0.0
 11
2011.7257085300118
 21
1349.0745852957323
 31
0.0
 11
2011.7953617253586
 21
1348.910045388186
 31
0.0
 11
2011.8815088565254
 21
1348.7526022959507
 31
0.0
 11
2011.9834247496556
 21
1348.6039120834105
 31
0.0
 11
2012.1002177131545
 21
1348.4655564846619
 31
0.0
 11
2012.2308371811353
 21
1348.3390261387524
 31
0.0
 11
2012.374083046546
 21
1348.2257046134755
 31
0.0
 11
2012.5286166023648
 21
1348.126853388169
 31
0.0
 11
2012.6929729920357
 21
1348.043597957496
 31
0.0
 11
2012.8655750540017
 21
1347.9769152079718
 31
0.0
 11
2013.0447484299211
 21
1347.9276222071414
 31
0.0
 11
2013.2287377921127
 21
1347.896366531926
 31
0.0
 11
2013.4157240331115
 21
1347.8836182478478
 31
0.0
 11
2013.603842249074
 21
1347.8896636347752
 31
0.0
 11
2013.7912003392744
 21
1347.9146007376557
 31
0.0
 11
2013.9758980361894
 21
1347.9583368025774
 31
0.0
 11
2014.1560461747836
 21
1348.0205876396142
 31
0.0
 11
2014.329786005638
 21
1348.1008789344671
 31
0.0
 11
2014.495308354578
 21
1348.1985495110637
 31
0.0
 11
2014.6508724314926
 21
1348.3127565272898
 31
0.0
 11
2014.7948240930896
 21
1348.442482566036
 31
0.0
 11
2014.9256133684175
 21
1348.586544564014
 31
0.0
 11
2015.0418110620733
 21
1348.7436045014952
 31
0.0
 11
2015.1421242580316
 21
1348.9121817574724
 31
0.0
 11
2015.2254105569575
 21
1349.090667016932
 31
0.0
 11
2015.2906908915536
 21
1349.2773376001487
 31
0.0
 11
2015.337160777893
 21
1349.4703740683374
 31
0.0
 11
2015.3641998756289
 21
1349.6678779458125
 31
0.0
 11
2015.3713797463413
 21
1349.8678903861532
 31
0.0
 11
2015.3584697169008
 21
1350.0684115988913
 31
0.0
 11
2015.3254407734426
 21
1350.2674208440765
 31
0.0
 11
2015.2724674311519
 21
1350.462896794802
 31
0.0
 11
2015.199927545384
 21
1350.652838062519
 31
0.0
 11
2015.1084000504563
 21
1350.8352836767676
 31
0.0
 11
2014.9986606335679
 21
1351.008333309872
 31
0.0
 11
2014.871675372488
 21
1351.170167038213
 31
0.0
 11
2014.7285923867034
 21
1351.3190644348872
 31
0.0
 11
2014.5707315724076
 21
1351.4534227939034
 31
0.0
 11
2014.3995725118286
 21
1351.571774293485
 31
0.0
 11
2014.2167406667354
 21
1351.6728019154923
 31
0.0
 11
2014.0239919842975
 21
1351.7553539493701
 31
0.0
 11
2013.8231960606454
 21
1351.8184569222585
 31
0.0
 11
2013.6163180232743
 21
1351.8613268118468
 31
0.0
 11
2013.4053993076861
 21
1351.8833784150727
 31
0.0
 11
2013.192537516229
 21
1351.8842327637174
 31
0.0
 11
2012.9798655578172
 21
1351.8637224971094
 31
0.0
 11
2012.7695302759773
 21
1351.8218951224028
 31
0.0
 11
2012.5636707793687
 21
1351.7590141139713
 31
0.0
 11
2012.3643966934812
 21
1351.6755578251966
 31
0.0
 11
2012.173766554561
 21
1351.5722162080806
 31
0.0
 11
2011.9937665669222
 21
1351.449885358469
 31
0.0
 11
2011.8262899426325
 21
1351.3096599270011
 31
0.0
 11
2011.6731170381565
 21
1351.1528234579685
 31
0.0
 11
2011.53589649589
 21
1350.980836739853
 31
0.0
 11
2011.4161275897116
 21
1350.7953242721908
 31
0.0
 11
2011.315143962763
 21
1350.598058973357
 31
0.0
 11
2011.2340989327645
 21
1350.3909452726703
 31
0.0
 11
2011.1739525253818
 21
1350.1760007476978
 31
0.0
 11
2011.1354603796315
 21
1349.9553364835706
 31
0.0
 11
2011.1191646511995
 21
1349.731136345377
 31
0.0
 11
2011.1253870200292
 21
1349.5056353670768
 31
0.0
 11
2011.1542238877962
 21
1349.2810974707738
 31
0.0
 11
2011.2055438291368
 21
1349.0597927384622
 31
0.0
 11
2011.2789873379509
 21
1348.8439744644145
 31
0.0
 11
2011.3739688869825
 21
1348.6358562201542
 31
0.0
 11
2011.4896812954187
 21
1348.4375891653817
 31
0.0
 11
2011.6251023756972
 21
1348.2512398372698
 31
0.0
 11
2011.7790038072903
 21
1348.0787686472243
 31
0.0
 11
2011.949962162193
 21
1347.9220093085075
 31
0.0
 11
2012.1363719844305
 21
1347.782649410127
 31
0.0
 11
2012.3364608043212
 21
1347.6622123421264
 31
0.0
 11
2012.5483059477508
 21
1347.5620407650047
 31
0.0
 11
2012.769852981507
 21
1347.4832818015227
 31
0.0
 11
2012.9989356180304
 21
1347.4268741127817
 31
0.0
 11
2013.2332968869212
 21
1347.3935370023282
 31
0.0
 11
2013.4706113663995
 21
1347.38376167232
 31
0.0
 11
2013.7085082557796
 21
1347.397804734686
 31
0.0
 11
2013.944595060054
 21
1347.4356840579228
 31
0.0
 11
2014.17648164997
 21
1347.4971770069153
 31
0.0
 11
2014.4018044556533
 21
1347.5818211091803
 31
0.0
 11
2014.6182505489191
 21
1347.6889171564617
 31
0.0
 11
2014.8235813689848
 21
1347.8175347258746
 31
0.0
 11
2015.0156558483723
 21
1347.9665200800853
 31
0.0
 11
2015.1924527003405
 21
1348.1345063815486
 31
0.0
 11
2015.3520916362186
 21
1348.3199261318834
 31
0.0
 11
2015.4928532904278
 21
1348.5210257242686
 31
0.0
 11
2015.6131976427341
 21
1348.7358819745505
 31
0.0
 11
2015.7117807412324
 21
1348.9624204757924
 31
0.0
 11
2015.7874695456192
 21
1349.1984356014852
 31
0.0
 11
2015.8393547282944
 21
1349.4416119647856
 31
0.0
 11
2015.8667612905917
 21
1349.6895471251594
 31
0.0
 11
2015.869256872755
 21
1349.9397753198277
 31
0.0
 11
2015.8466576589817
 21
1350.1897919856287
 31
0.0
 11
2015.7990318026787
 21
1350.437078827434
 31
0.0
 11
2015.726700321824
 21
1350.6791291822094
 31
0.0
 11
2015.630235439727
 21
1350.9134734232641
 31
0.0
 11
2015.5104563722832
 21
1351.137704147281
 31
0.0
 11
2015.368422588773
 21
1351.349500887349
 31
0.0
 11
2015.2054245990776
 21
1351.5466540984844
 31
0.0
 11
2015.0229723456357
 21
1351.7270881679863
 31
0.0
 11
2014.8227813032627
 21
1351.8888832113823
 31
0.0
 11
2014.6067564138539
 21
1352.0302954256138
 31
0.0
 11
2014.3769740057378
 21
1352.1497757844004
 31
0.0
 11
2014.1356618688108
 21
1352.2459868762653
 31
0.0
 11
2013.8851776763224
 21
1352.3178177033788
 31
0.0
 11
2013.6279859621068
 21
1352.3643962789963
 31
0.0
 11
2013.3666338779483
 21
1352.385099882656
 31
0.0
 11
2013.1037259694897
 21
1352.3795628552466
 31
0.0
 11
2012.8418982204487
 21
1352.3476818403292
 31
0.0
 11
2012.5837916238052
 21
1352.289618403469
 31
0.0
 11
2012.3320255449378
 21
1352.2057989875393
 31
0.0
 11
2012.089171145343
 21
1352.0969121887524
 31
0.0
 11
2011.8577251365252
 21
1351.9639033652647
 31
0.0
 11
2011.640084131855
 21
1351.8079666173387
 31
0.0
 11
2011.438519859686
 21
1351.630534204939
 31
0.0
 11
2011.255155493793
 21
1351.4332634950088
 31
0.0
 11
2011.0919433473437
 21
1351.218021556271
 31
0.0
 11
2010.9506441642004
 21
1350.9868675439318
 31
0.0
 11
2010.8328082264736
 21
1350.7420330398918
 31
0.0
 11
2010.7397584801013
 21
1350.4859005357605
 31
0.0
 11
2010.6725758608916
 21
1350.220980265856
 31
0.0
 11
2010.6320869822061
 21
1349.9498856152932
 31
0.0
 11
2010.618854322419
 21
1349.6753073439747
 31
0.0
 11
2010.6331690257277
 21
1349.3999868806743
 31
0.0
 11
2010.675046404036
 21
1349.1266889522526
 31
0.0
 11
2010.7442242007437
 21
1348.8581738212813
 31
0.0
 11
2010.8401636496187
 21
1348.5971694108491
 31
0.0
 11
2010.9620533337863
 21
1348.346343598023
 31
0.0
 11
2011.10881582152
 21
1348.1082769573006
 31
0.0
 11
2011.2791170272396
 21
1347.88543623239
 31
0.0
 11
2011.471378218235
 21
1347.6801488088197
 31
0.0
 11
2011.6837905603693
 21
1347.4945784512395
 31
0.0
 11
2011.9143320697142
 21
1347.330702557924
 31
0.0
 11
2012.1607868119552
 21
1347.1902911709965
 31
0.0
 11
2012.4207661677667
 21
1347.0748879644204
 31
0.0
 11
2012.6917319604374
 21
1346.9857934129814
 31
0.0
 11
2012.971021222045
 21
1346.924050324498
 31
0.0
 11
2013.2558723566706
 21
1346.8904318945588
 31
0.0
 11
2013.543452443681
 21
1346.8854324183928
 31
0.0
 11
2013.8308854111676
 21
1346.909260768303
 31
0.0
 11
2014.1152807993692
 21
1346.9618367176697
 31
0.0
 11
2014.3937628264089
 21
1347.0427901641408
 31
0.0
 11
2014.6634994640874
 21
1347.1514632755552
 31
0.0
 11
2014.921731229792
 21
1347.286915552672
 31
0.0
 11
2015.1657994018906
 21
1347.447931773225
 31
0.0
 11
2015.3931733702607
 21
1347.6330327524536
 31
0.0
 11
2015.6014768408193
 21
1347.8404888264097
 31
0.0
 11
2015.7885126230333
 21
1348.0683359362824
 31
0.0
 11
2015.9522857422987
 21
1348.3143941650064
 31
0.0
 11
2016.091024634674
 21
1348.5762885518184
 31
0.0
 11
2016.203200199577
 21
1348.8514719864534
 31
0.0
 11
2016.287542506565
 21
1349.137249962585
 31
0.0
 11
2016.3430549749846
 21
1349.4308069501433
 31
0.0
 11
2016.3690258699044
 21
1349.7292341285117
 31
0.0
 11
2016.3650369840855
 21
1350.0295582074882
 31
0.0
 11
2016.3309694035377
 21
1350.3287710504662
 31
0.0
 11
2016.2670062831864
 21
1350.6238598047084
 31
0.0
 11
2016.1736325890463
 21
1350.9118372369126
 31
0.0
 11
2016.0516317937502
 21
1351.1897719686535
 31
0.0
 11
2015.902079543049
 21
1351.454818305713
 31
0.0
 11
2015.726334341614
 21
1351.7042453578588
 31
0.0
 11
2015.5260253368767
 21
1351.9354651512485
 31
0.0
 11
2015.3030373093923
 21
1352.1460594443106
 31
0.0
 11
2015.0594930070142
 21
1352.3338049695892
 31
0.0
 11
2014.797732987733
 21
1352.4966968385493
 31
0.0
 11
2014.5202931620552
 21
1352.6329698635873
 31
0.0
 11
2014.2298802500284
 21
1352.741117571304
 31
0.0
 11
2013.9293453901898
 21
1352.8199087033083
 31
0.0
 11
2013.6216561575923
 21
1352.8684010251973
 31
0.0
 11
2013.3098672654392
 21
1352.885952290669
 31
0.0
 11
2012.9970902395403
 21
1352.8722282357292
 31
0.0
 11
2012.6864623666318
 21
1352.827207507344
 31
0.0
 11
2012.3811152264411
 21
1352.7511834614065
 31
0.0
 11
2012.0841431231265
 21
1352.6447627962116
 31
0.0
 11
2011.798571734299
 21
1352.5088610194434
 31
0.0
 11
2011.5273272952177
 21
1352.3446947786865
 31
0.0
 11
2011.2732066318956
 21
1352.1537711173087
 31
0.0
 11
2011.0388483498264
 21
1351.9378737489485
 31
0.0
 11
2010.8267054748687
 21
1351.6990464744279
 31
0.0
 11
2010.639019829595
 21
1351.439573894387
 31
0.0
 11
2010.4777984122716
 21
1351.1619595990255
 31
0.0
 11
2010.3447920266917
 21
1350.868902042701
 31
0.0
 11
2010.2414763895545
 21
1350.5632683355425
 31
0.0
 11
2010.1690359181498
 21
1350.2480662064108
 31
0.0
 11
2010.1283503750078
 21
1349.9264144112396
 31
0.0
 11
2010.1199845181657
 21
1349.6015118778214
 31
0.0
 11
2010.1441808760542
 21
1349.2766058922732
 31
0.0
 11
2010.2008557350175
 21
1348.9549596435575
 31
0.0
 11
2010.2895983954445
 21
1348.6398194504427
 31
0.0
 11
2010.409673719749
 21
1348.3343820000423
 31
0.0
 11
2010.5600279622943
 21
1348.0417619285265
 31
0.0
 11
2010.7392978381579
 21
1347.7649600727204
 31
0.0
 11
2010.94582275473
 21
1347.5068327160868
 31
0.0
 11
2011.177660097822
 21
1347.2700621440829
 31
0.0
 11
2011.4326034326127
 21
1347.0571288121466
 31
0.0
 11
2011.7082034496643
 21
1346.8702854147177
 31
0.0
 11
2012.0017914577174
 21
1346.7115331258508
 31
0.0
 11
2012.3105051983337
 21
1346.5826002613348
 31
0.0
 11
2012.6313167329536
 21
1346.4849235889385
 31
0.0
 11
2012.961062130846
 21
1346.4196324877396
 31
0.0
 11
2013.2964726669793
 21
1346.387536129654
 31
0.0
 11
2013.6342072222471
 21
1346.3891138265867
 31
0.0
 11
2013.9708855649117
 21
1346.4245086553265
 31
0.0
 11
2014.3031221817487
 21
1346.4935244397416
 31
0.0
 11
2014.6275603202916
 21
1346.5956261363108
 31
0.0
 11
2014.9409058998892
 21
1346.7299436348792
 31
0.0
 11
2015.2399609490255
 21
1346.895278952116
 31
0.0
 11
2015.5216562295764
 21
1347.0901167608008
 31
0.0
 11
2015.783082715317
 21
1347.3126381641362
 31
0.0
 11
2016.0215216020413
 21
1347.5607375911238
 31
0.0
 11
2016.2344725400028
 21
1347.8320426569687
 31
0.0
 11
2016.4196797959216
 21
1348.123936801854
 31
0.0
 11
2016.575156071356
 21
1348.4335844925365
 31
0.0
 11
2016.6992037266657
 21
1348.7579587443788
 31
0.0
 11
2016.7904331848208
 21
1349.0938706969232
 31
0.0
 11
2016.847778316767
 21
1349.438000954187
 31
0.0
 11
2016.870508639604
 21
1349.786932381754
 31
0.0
 11
2016.8582381902438
 21
1350.1371840366598
 31
0.0
 11
2016.8109309701422
 21
1350.4852458931778
 31
0.0
 11
2016.7289028908126
 21
1350.8276140180903
 31
0.0
 11
2016.612820184835
 21
1351.160825842939
 31
0.0
 11
2016.4636942825573
 21
1351.4814951782062
 31
0.0
 11
2016.2828731903498
 21
1351.7863466154045
 31
0.0
 11
2016.0720294417176
 21
1352.0722489676562
 31
0.0
 11
2015.8331447274602
 21
1352.336247407499
 31
0.0
 11
2015.5684913450389
 21
1352.575593972288
 31
0.0
 11
2015.280610640001
 21
1352.7877761225782
 31
0.0
 11
2014.97228864342
 21
1352.970543057126
 31
0.0
 11
2014.6465291384736
 21
1353.1219295094754
 31
0.0
 11
2014.3065244162365
 21
1353.2402767752897
 31
0.0
 11
2013.955624005198
 21
1353.3242507464186
 31
0.0
 11
2013.597301680696
 21
1353.3728567569103
 31
0.0
 11
2013.235121079126
 21
1353.3854510774668
 31
0.0
 11
2012.872700257268
 21
1353.361748927936
 31
0.0
 11
2012.5136755491835
 21
1353.3018289119839
 31
0.0
 11
2012.16166508174
 21
1353.2061338137357
 31
0.0
 11
2011.8202323148157
 21
1353.075467732622
 31
0.0
 11
2011.4928499735656
 21
1352.9109895694535
 31
0.0
 11
2011.1828647377563
 21
1352.7142029136223
 31
0.0
 11
2010.8934630470985
 21
1352.4869424177978
 31
0.0
 11
2010.6276383718036
 21
1352.2313567822848
 31
0.0
 11
2010.3881602842946
 21
1351.9498885059006
 31
0.0
 11
2010.177545651282
 21
1351.6452505934972
 31
0.0
 11
2009.9980322453994
 21
1351.3204004417357
 31
0.0
 11
2009.8515550524621
 21
1350.9785111541123
 31
0.0
 11
2009.7397255244175
 21
1350.6229405631957
 31
0.0
 11
2009.6638139994143
 21
1350.2571982623372
 31
0.0
 11
2009.6247354794332
 21
1349.8849109704329
 31
0.0
 11
2009.6230389228738
 21
1349.5097865714956
 31
0.0
 11
2009.6589001747348
 21
1349.1355771855692
 31
0.0
 11
2009.732118620872
 21
1348.7660416387846
 31
0.0
 11
2009.8421176156473
 21
1348.4049077079428
 31
0.0
 11
2009.9879486944674
 21
1348.055834518847
 31
0.0
 11
2010.1682995446033
 21
1347.7223754776405
 31
0.0
 11
2010.3815056697154
 21
1347.4079421106028
 31
0.0
 11
2010.625565646005
 21
1347.1157691802623
 31
0.0
 11
2010.8981598313076
 21
1346.8488814343443
 31
0.0
 11
2011.1966723530757
 21
1346.61006232909
 31
0.0
 11
2011.5182161674466
 21
1346.4018250499944
 31
0.0
 11
2011.859660949787
 21
1346.226386131195
 31
0.0
 11
2012.217663547602
 21
1346.085641949789
 31
0.0
 11
2012.5887006997727
 21
1345.9811483435287
 31
0.0
 11
2012.9691037020477
 21
1345.914103569891
 31
0.0
 11
2013.355094677798
 21
1345.88533479174
 31
0.0
 11
2013.7428240954885
 21
1345.8952882400288
 31
0.0
 11
2014.1284091602997
 21
1345.9440231675594
 31
0.0
 11
2014.5079726970237
 21
1346.0312096700804
 31
0.0
 11
2014.8776821348488
 21
1346.1561304123672
 31
0.0
 11
2015.233788202067
 21
1346.3176862577352
 31
0.0
 11
2015.5726629400617
 21
1346.5144057601144
 31
0.0
 11
2015.8908366512335
 21
1346.7444584387445
 31
0.0
 11
2016.1850334047053
 21
1347.0056717171283
 31
0.0
 11
2016.4522047366715
 21
1347.2955513704983
 31
0.0
 11
2016.6895611989862
 21
1347.6113052900914
 31
0.0
 11
2016.8946014298729
 21
1347.9498703383622
 31
0.0
 11
2017.0651384443017
 21
1348.3079420372262
 31
0.0
 11
2017.1993228683712
 21
1348.6820068018772
 31
0.0
 11
2017.2956628717195
 21
1349.068376405939
 31
0.0
 11
2017.3530405842685
 21
1349.4632243400044
 31
0.0
 11
2017.3707248181638
 21
1349.8626237052054
 31
0.0
 11
2017.348379952271
 21
1350.2625862665927
 31
0.0
 11
2017.286070874673
 21
1350.6591022779435
 31
0.0
 11
2017.1842639178983
 21
1351.048180680324
 31
0.0
 11
2017.0438237616966
 21
1351.4258892714163
 31
0.0
 11
2016.8660063186926
 21
1351.7883944413209
 31
0.0
 11
2016.6524476587492
 21
1352.132000073355
 31
0.0
 11
2016.4051490679744
 21
1352.4531852151888
 31
0.0
 11
2016.1264583776008
 21
1352.7486401365195
 31
0.0
 11
2015.8190477360433
 21
1353.0153004042293
 31
0.0
 11
2015.4858880339204
 21
1353.2503786245115
 31
0.0
 11
2015.1302202263382
 21
1353.451393523573
 31
0.0
 11
2014.7555238289087
 21
1353.6161960640472
 31
0.0
 11
2014.365482893497
 21
1353.7429923229367
 31
0.0
 11
2013.9639497962373
 21
1353.8303628884348
 31
0.0
 11
2013.554907193659
 21
1353.8772785671024
 31
0.0
 11
2013.142428522565
 21
1353.883112229208
 31
0.0
 11
2012.7306374354062
 21
1353.8476466582608
 31
0.0
 11
2012.323666575096
 21
1353.7710783104724
 31
0.0
 11
2011.9256161014107
 21
1353.6540169306945
 31
0.0
 11
2011.540512385176
 21
1353.497481012886
 31
0.0
 11
2011.1722672863414
 21
1353.3028891349347
 31
0.0
 11
2010.8246384277347
 21
1353.072047239309
 31
0.0
 11
2010.5011908678352
 21
1352.807131972077
 31
0.0
 11
2010.2052605633369
 21
1352.5106702329342
 31
0.0
 11
2009.939919995736
 21
1352.185515127587
 31
0.0
 11
2009.7079463158088
 21
1351.8348185507655
 31
0.0
 11
2009.5117923358277
 21
1351.4620006629038
 31
0.0
 11
2009.3535606719477
 21
1351.0707165557776
 31
0.0
 11
2009.2349813086175
 21
1350.6648204317737
 31
0.0
 11
2009.157392823458
 21
1350.2483276477085
 31
0.0
 11
2009.1217274750916
 21
1349.8253749969003
 31
0.0
 11
2009.1285003182988
 21
1349.4001796223254
 31
0.0
 11
2009.1778024709547
 21
1348.9769969689153
 31
0.0
 11
2009.2692986158888
 21
1348.5600781942387
 31
0.0
 11
2009.4022287785033
 21
1348.1536274638072
 31
0.0
 11
2009.575414378112
 21
1347.7617595599827
 31
0.0
 11
2009.78726850796
 21
1347.388458231887
 31
0.0
 11
2010.035810356166
 21
1347.0375357078344
 31
0.0
 11
2010.318683637842
 21
1346.7125937816545
 31
0.0
 11
2010.633178867823
 21
1346.416986869951
 31
0.0
 11
2010.976259264162
 21
1346.153787418962
 31
0.0
 11
2011.3445900352617
 21
1345.925754017433
 31
0.0
 11
2011.7345707685663
 21
1345.7353025459895
 31
0.0
 11
2012.142370606511
 21
1345.5844806641503
 31
0.0
 11
2012.5639658662428
 21
1345.4749459036432
 31
0.0
 11
2012.9951797337988
 21
1345.4079476013708
 31
0.0
 11
2013.4317236412185
 21
1345.3843128676083
 31
0.0
 11
2013.8692399167307
 21
1345.4044367451145
 31
0.0
 11
2014.3033452838617
 21
1345.4682766732499
 31
0.0
 11
2014.7296747752496
 21
1345.5753513283014
 31
0.0
 11
2015.143925621221
 21
1345.724743867447
 31
0.0
 11
2015.5419006718507
 21
1345.9151095595992
 31
0.0
 11
2015.9195509143517
 21
1346.144687742179
 31
0.0
 11
2016.273016655161
 21
1346.4113179991466
 31
0.0
 11
2016.5986669479928
 21
1346.7124604127773
 31
0.0
 11
2016.8931368652711
 21
1347.045219700179
 31
0.0
 11
2017.1533622306213
 21
1347.4063730058003
 31
0.0
 11
2017.3766114542686
 21
1347.792401083595
 31
0.0
 11
2017.56051414107
 21
1348.1995225674764
 31
0.0
 11
2017.7030861721848
 21
1348.6237309965686
 31
0.0
 11
2017.8027509958097
 21
1349.0608342328792
 31
0.0
 11
2017.8583568995803
 21
1349.506495883678
 31
0.0
 11
2017.8691900768695
 21
1349.9562783193462
 31
0.0
 11
2017.8349833408379
 21
1350.4056868599723
 31
0.0
 11
2017.75592038335
 21
1350.8502146907283
 31
0.0
 11
2017.6326355203153
 21
1351.2853880571797
 31
0.0
 11
2017.466208910189
 21
1351.7068112873133
 31
0.0
 11
2017.2581572778506
 21
1352.1102111872156
 31
0.0
 11
2017.0104202213745
 21
1352.4914803620609
 31
0.0
 11
2016.7253422239062
 21
1352.8467190233162
 31
0.0
 11
2016.405650536453
 21
1353.1722748567609
 31
0.0
 11
2016.0544291395042
 21
1353.4647805439542
 31
0.0
 11
2015.6750890315277
 21
1353.7211885519566
 31
0.0
 11
2015.271335130193
 21
1353.9388028322553
 31
0.0
 11
2014.8471301072
 21
1354.1153070996813
 31
0.0
 11
2014.4066555095374
 21
1354.2487893953542
 31
0.0
 11
2013.9542705484819
 21
1354.3377626740423
 31
0.0
 11
2013.4944689624122
 21
1354.3811811953938
 31
0.0
 11
2013.031834380263
 21
1354.3784525399412
 31
0.0
 11
2012.5709946289796
 21
1354.3294451141412
 31
0.0
 11
2012.1165754404612
 21
1354.2344910536094
 31
0.0
 11
2011.6731540210717
 21
1354.0943844796586
 31
0.0
 11
2011.2452129497544
 21
1353.910375110813
 31
0.0
 11
2010.8370948690617
 21
1353.6841572776657
 31
0.0
 11
2010.452958427018
 21
1353.4178544358326
 31
0.0
 11
2010.0967359167093
 21
1353.113999317315
 31
0.0
 11
2009.7720930449334
 21
1352.775509904919
 31
0.0
 11
2009.4823912413005
 21
1352.4056614569797
 31
0.0
 11
2009.2306528950235
 21
1352.0080548501048
 31
0.0
 11
2009.0195298785043
 21
1351.5865815455743
 31
0.0
 11
2008.8512756849984
 21
1351.145385519985
 31
0.0
 11
2008.7277214723997
 21
1350.6888225323885
 31
0.0
 11
2008.6502562669111
 21
1350.2214171281928
 31
0.0
 11
2008.619811539395
 21
1349.7478178041733
 31
0.0
 11
2008.63685032396
 21
1349.2727507788481
 31
0.0
 11
2008.7013610032525
 21
1348.800972827957
 31
0.0
 11
2008.8128558384237
 21
1348.337223655718
 31
0.0
 11
2008.9703742743263
 21
1347.8861782787562
 31
0.0
 11
2009.1724910025898
 21
1347.4523999010528
 31
0.0
 11
2009.4173287173571
 21
1347.0402937549125
 31
0.0
 11
2009.7025754510855
 21
1346.6540623748015
 31
0.0
 11
2010.0255063314082
 21
1346.2976627580538
 31
0.0
 11
2010.3830095551089
 21
1345.9747658489634
 31
0.0
 11
2010.7716163322011
 21
1345.6887187608818
 31
0.0
 11
2011.1875345124024
 21
1345.4425101247637
 31
0.0
 11
2011.6266855683405
 21
1345.238738922475
 31
0.0
 11
2012.0847445750355
 21
1345.0795871293187
 31
0.0
 11
2012.5571827939148
 21
1344.9667964530177
 31
0.0
 11
2013.0393124421628
 21
1344.9016494161615
 31
0.0
 11
2013.5263332048903
 21
1344.8849549862864
 31
0.0
 11
2014.0133800286558
 21
1344.9170389127196
 31
0.0
 11
2014.4955717204962
 21
1344.9977388825355
 31
0.0
 11
2014.96805986699
 21
1345.1264045599198
 31
0.0
 11
2015.4260775830962
 21
1345.3019025243682
 31
0.0
 11
2015.864987600634
 21
1345.5226260739737
 31
0.0
 11
2016.2803292113226
 21
1345.786509811066
 31
0.0
 11
2016.6678635892604
 21
1346.0910488791453
 31
0.0
 11
2017.0236170324647
 21
1346.4333226728997
 31
0.0
 11
2017.343921682535
 21
1346.8100227975772
 31
0.0
 11
2017.6254533054264
 21
1347.2174850105735
 31
0.0
 11
2017.8652657445127
 21
1347.6517248372359
 31
0.0
 11
2018.060821689314
 21
1348.1084765149765
 31
0.0
 11
2018.210019439141
 21
1348.5832348852573
 31
0.0
 11
2018.311215380129
 21
1349.0712998221718
 31
0.0
 11
2018.363241936303
 21
1349.5678227595636
 31
0.0
 11
2018.3654208000312
 21
1350.0678548561489
 31
0.0
 11
2018.3175712940263
 21
1350.566396320192
 31
0.0
 11
2018.2200137655027
 21
1351.0584464021242
 31
0.0
 11
2018.0735679626898
 21
1351.5390535552324
 31
0.0
 11
2017.8795463941494
 21
1352.0033652612813
 31
0.0
 11
2017.6397427217514
 21
1352.4466770197123
 31
0.0
 11
2017.3564152882136
 21
1352.8644800058944
 31
0.0
 11
2017.0322659292976
 21
1353.2525069157148
 31
0.0
 11
2016.670414268603
 21
1353.60677553051
 31
0.0
 11
2016.2743677388853
 21
1353.9236295577753
 31
0.0
 11
2015.8479876175256
 21
1354.199776329072
 31
0.0
 11
2015.3954514047073
 21
1354.4323209668125
 31
0.0
 11
2014.9212119106173
 21
1354.6187966658692
 31
0.0
 11
2014.4299534521901
 21
1354.757190773871
 31
0.0
 11
2013.926545590178
 21
1354.8459663952783
 31
0.0
 11
2013.4159948633876
 21
1354.8840792884355
 31
0.0
 11
2012.9033949984398
 21
1354.8709898713603
 31
0.0
 11
2012.3938760902115
 21
1354.806670200595
 31
0.0
 11
2011.8925532599728
 21
1354.6916058375168
 31
0.0
 11
2011.4044753050543
 21
1354.5267925675898
 31
0.0
 11
2010.9345738555292
 21
1354.3137279896291
 31
0.0
 11
2010.4876135498994
 21
1354.0543980437337
 31
0.0
 11
2010.0681437331018
 21
1353.7512585975785
 31
0.0
 11
2009.6804521664028
 21
1353.4072122607631
 31
0.0
 11
2009.3285212200449
 21
1353.0255806453533
 31
0.0
 11
2009.015986996002
 21
1352.610072337158
 31
0.0
 11
2008.7461018001488
 21
1352.1647468861645
 31
0.0
 11
2008.5217003507698
 21
1351.6939751654766
 31
0.0
 11
2008.3451700740063
 21
1351.2023964856285
 31
0.0
 11
2008.218425796837
 21
1350.69487288491
 31
0.0
 11
2008.1428891049843
 21
1350.1764410459718
 31
0.0
 11
2008.1194725870866
 21
1349.65226231418
 31
0.0
 11
2008.1485691380835
 21
1349.1275713136858
 31
0.0
 11
2008.2300464444681
 21
1348.607623672761
 31
0.0
 11
2008.363246722403
 21
1348.0976433804265
 31
0.0
 11
2008.5469917271453
 21
1347.6027703016782
 31
0.0
 11
2008.7795929993679
 21
1347.1280083786078
 31
0.0
 11
2009.0588672612462
 21
1346.678175039401
 31
0.0
 11
2009.3821568232336
 21
1346.257852326636
 31
0.0
 11
2009.7463548116948
 21
1345.871340240569
 31
0.0
 11
2010.147934978608
 21
1345.522612772322
 31
0.0
 11
2010.5829858078102
 21
1345.2152770763078
 31
0.0
 11
2011.0472485882824
 21
1344.9525362010302
 31
0.0
 11
2011.5361590841435
 21
1344.7371557629142
 31
0.0
 11
2012.0448923938218
 21
1344.5714349093796
 31
0.0
 11
2012.568410557631
 21
1344.457181875313
 31
0.0
 11
2013.1015124440905
 21
1344.3956943918874
 31
0.0
 11
2013.6388854210466
 21
1344.3877451587118
 31
0.0
 11
2014.17515829829
 21
1344.43357254008
 31
0.0
 11
2014.7049550140746
 21
1344.5328765941101
 31
0.0
 11
2015.2229485289256
 21
1344.6848204903397
 31
0.0
 11
2015.7239143864713
 21
1344.8880373174036
 31
0.0
 11
2016.2027834027874
 21
1345.1406422283094
 31
0.0
 11
2016.6546929529147
 21
1345.4402498170837
 31
0.0
 11
2017.075036335748
 21
1345.7839965677233
 31
0.0
 11
2017.4595097162646
 21
1346.1685681650026
 31
0.0
 11
2017.8041561669284
 21
1346.5902314072598
 31
0.0
 11
2018.1054063578333
 21
1347.044870414325
 31
0.0
 11
2018.3601154774876
 21
1347.5280267797423
 31
0.0
 11
2018.5655960027675
 21
1348.0349432758196
 31
0.0
 11
2018.7196459771337
 21
1348.5606106832379
 31
0.0
 11
2018.8205725003156
 21
1349.099817284343
 31
0.0
 11
2018.8672101798743
 21
1349.6472005311716
 31
0.0
 11
2018.8589343449214
 21
1350.1973003760165
 31
0.0
 11
2018.7956688742725
 21
1350.7446137341753
 31
0.0
 11
2018.6778885449507
 21
1351.2836495356269
 31
0.0
 11
2018.506615861705
 21
1351.808983814915
 31
0.0
 11
2018.2834123834818
 21
1352.3153142865474
 31
0.0
 11
2018.0103646180885
 21
1352.7975138568024
 31
0.0
 11
2017.6900646110162
 21
1353.250682531944
 31
0.0
 11
2017.3255854080032
 21
1353.6701971973896
 31
0.0
 11
2016.9204516229001
 21
1354.0517587622612
 31
0.0
 11
2016.478605392185
 21
1354.3914361887437
 31
0.0
 11
2016.0043680445901
 21
1354.6857069555858
 31
0.0
 11
2015.5023978582408
 21
1354.931493539586
 31
0.0
 11
2014.977644318045
 21
1355.1261955376992
 31
0.0
 11
2014.4352993223592
 21
1355.2677170950867
 31
0.0
 11
2013.880745819864
 21
1355.3544893506019
 31
0.0
 11
2013.3195043847168
 21
1355.3854876604012
 31
0.0
 11
2012.7571782601967
 21
1355.3602434121124
 31
0.0
 11
2012.199397417908
 21
1355.2788502957487
 31
0.0
 11
2011.6517621910361
 21
1355.1419649528352
 31
0.0
 11
2011.1197870459946
 21
1354.950801981404
 31
0.0
 11
2010.6088450569905
 21
1354.7071233311135
 31
0.0
 11
2010.124113642572
 21
1354.413222179142
 31
0.0
 11
2009.6705221121097
 21
1354.0719014331564
 31
0.0
 11
2009.252701553536
 21
1353.6864470619953
 31
0.0
 11
2008.8749375716511
 21
1353.2605965071716
 31
0.0
 11
2008.5411263591047
 21
1352.79850247838
 31
0.0
 11
2008.2547345500723
 21
1352.30469248337
 31
0.0
 11
2008.018763269914
 21
1351.7840244863191
 31
0.0
 11
2007.8357167531517
 21
1351.241639128804
 31
0.0
 11
2007.7075758572782
 21
1350.6829089831551
 31
0.0
 11
2007.6357767516847
 21
1350.1133853390738
 31
0.0
 11
2007.621195009827
 21
1349.5387430505248
 31
0.0
 11
2007.6641352791596
 21
1348.9647239908404
 31
0.0
 11
2007.7643266478615
 21
1348.397079679455
 31
0.0
 11
2007.9209237705427
 21
1347.841513653539
 31
0.0
 11
2008.1325137574927
 21
1347.3036241619584
 31
0.0
 11
2008.3971287742063
 21
1346.7888477573129
 31
0.0
 11
2008.7122642404693
 21
1346.302404354391
 31
0.0
 11
2009.0749024617937
 21
1345.8492443102077
 31
0.0
 11
2009.481541471017
 21
1345.433998062028
 31
0.0
 11
2009.9282288049903
 21
1345.0609288355695
 31
0.0
 11
2010.4105998910095
 21
1344.7338889061703
 31
0.0
 11
2010.9239206704922
 21
1344.4562798613608
 31
0.0
 11
2011.4631340438773
 21
1344.2310172743548
 31
0.0
 11
2012.022909681246
 21
1344.0605001548136
 31
0.0
 11
2012.5976967081556
 21
1343.9465854962993
 31
0.0
 11
2013.181778745995
 21
1343.8905681895562
 31
0.0
 11
2013.7693307611382
 21
1343.8931665176344
 31
0.0
 11
2014.3544771575505
 21
1343.9545133934564
 31
0.0
 11
2014.931350533493
 21
1344.0741534432275
 31
0.0
 11
2015.494150514755
 21
1344.251045980716
 31
0.0
 11
2016.037202074486
 21
1344.4835738584434
 31
0.0
 11
2016.5550127532817
 21
1344.76955812281
 31
0.0
 11
2017.0423282026154
 21
1345.106278341757
 31
0.0
 11
2017.4941854900087
 21
1345.4904984162924
 31
0.0
 11
2017.9059636252782
 21
1345.9184976316817
 31
0.0
 11
2018.2734307936312
 21
1346.3861066508728
 31
0.0
 11
2018.5927878130612
 21
1346.8887481023537
 31
0.0
 11
2018.8607073700864
 21
1347.4214813676026
 31
0.0
 11
2019.0743686290457
 21
1347.979051130113
 31
0.0
 11
2019.231486855512
 21
1348.5559392090659
 31
0.0
 11
2019.3303377434495
 21
1349.1464191665013
 31
0.0
 11
2019.3697761880617
 21
1349.7446131476581
 31
0.0
 11
2019.3492493013152
 21
1350.3445503903145
 31
0.0
 11
2019.2688035243584
 21
1350.9402268207266
 31
0.0
 11
2019.1290857498848
 21
1351.525665141322
 31
0.0
 11
2018.93133842737
 21
1352.0949748087996
 31
0.0
 11
2018.6773886844014
 21
1352.6424113008102
 31
0.0
 11
2018.3696315574402
 21
1353.1624340749363
 31
0.0
 11
2018.0110074847078
 21
1353.6497626352545
 31
0.0
 11
2017.6049742718449
 21
1354.0994301392066
 31
0.0
 11
2017.1554737969993
 21
1354.5068340006987
 31
0.0
 11
2016.6668937754748
 21
1354.867782974062
 31
0.0
 11
2016.1440249544676
 21
1355.1785402374635
 31
0.0
 11
2015.5920141552372
 21
1355.4358620332325
 31
0.0
 11
2015.0163136228014
 21
1355.637031465995
 31
0.0
 11
2014.4226271814869
 21
1355.7798871070374
 31
0.0
 11
2013.8168537280062
 21
1355.8628461045173
 31
0.0
 11
2013.2050286218212
 21
1355.8849215534747
 31
0.0
 11
2012.5932635551026
 21
1355.8457339365434
 31
0.0
 11
2011.9876855013472
 21
1355.745516505252
 31
0.0
 11
2011.394375352518
 21
1355.5851145322563
 31
0.0
 11
2010.8193068592598
 21
1355.3659784261486
 31
0.0
 11
2010.2682864873
 21
1355.0901507620354
 31
0.0
 11
2009.7468947955222
 21
1354.760247342244
 31
0.0
 11
2009.2604299275038
 21
1354.3794324617018
 31
0.0
 11
2008.8138537886214
 21
1353.9513886111142
 31
0.0
 11
2008.411741455359
 21
1353.480280907459
 31
0.0
 11
2008.0582343324377
 21
1352.9707165949505
 31
0.0
 11
2007.7569975370975
 21
1352.4277000099567
 31
0.0
 11
2007.5111819487047
 21
1351.8565834498497
 31
0.0
 11
2007.323391316158
 21
1351.2630144279944
 31
0.0
 11
2007.195654765852
 21
1350.652879834547
 31
0.0
 11
2007.1294049996452
 21
1350.032247555107
 31
0.0
 11
2007.1254624159506
 21
1349.4073061261613
 31
0.0
 11
2007.1840253282357
 21
1348.784303027429
 31
0.0
 11
2007.3046663945154
 21
1348.1694822264042
 31
0.0
 11
2007.4863353093936
 21
1347.5690215994634
 31
0.0
 11
2007.7273677475382
 21
1346.9889708567107
 31
0.0
 11
2008.0255004847327
 21
1346.435190594279
 31
0.0
 11
2008.3778925605009
 21
1345.9132930880621
 31
0.0
 11
2008.7811522853624
 21
1345.4285854269397
 31
0.0
 11
2009.231369836658
 21
1344.9860155615943
 31
0.0
 11
2009.7241551301804
 21
1344.5901218172287
 31
0.0
 11
2010.2546806011537
 21
1344.2449863851223
 31
0.0
 11
2010.8177284779356
 21
1343.9541932693542
 31
0.0
 11
2011.4077420857188
 21
1343.7207911215257
 31
0.0
 11
2012.0188806759243
 21
1343.5472613483773
 31
0.0
 11
2012.6450772403598
 21
1343.4354918252657
 31
0.0
 11
2013.280098737931
 21
1343.3867564930813
 31
0.0
 11
2013.9176081360667
 21
1343.4017010578614
 31
0.0
 11
2014.5512276493296
 21
1343.4803349517
 31
0.0
 11
2015.174602544147
 21
1343.6220296511513
 31
0.0
 11
2015.7814648713409
 21
1343.8255233857994
 31
0.0
 11
2016.3656964872846
 21
1344.08893220566
 31
0.0
 11
2016.9213907300611
 21
1344.4097673122287
 31
0.0
 11
2017.4429121289195
 21
1344.7849584949365
 31
0.0
 11
2017.9249535435097
 21
1345.2108834531498
 31
0.0
 11
2018.3625901536698
 21
1345.683402724281
 31
0.0
 11
2018.75132975069
 21
1346.1978998816667
 31
0.0
 11
2019.0871588167217
 21
1346.7493266121921
 31
0.0
 11
2019.3665839199732
 21
1347.3322522337396
 31
0.0
 11
2019.5866679991543
 21
1347.9409171669345
 31
0.0
 11
2019.7450611608365
 21
1348.569289834818
 31
0.0
 11
2019.8400256674984
 21
1349.2111264283978
 31
0.0
 11
2019.8704548515045
 21
1349.860032945927
 31
0.0
 11
2019.8358857505198
 21
1350.509528889493
 31
0.0
 11
2019.7365053223375
 21
1351.1531119843914
 31
0.0
 11
2019.5731501611347
 21
1351.7843232749435
 31
0.0
 11
2019.3472997021474
 21
1352.396811945065
 31
0.0
 11
2019.061062967029
 21
1352.9843992130811
 31
0.0
 11
2018.717158967055
 21
1353.5411406579678
 31
0.0
 11
2018.3188909452226
 21
1354.0613863483861
 31
0.0
 11
2017.8701147005154
 21
1354.539838166371
 31
0.0
 11
2017.3752012975349
 21
1354.971603744207
 31
0.0
 11
2016.83899452174
 21
1355.352246465569
 31
0.0
 11
2016.2667634940942
 21
1355.6778310201582
 31
0.0
 11
2015.6641509084566
 21
1355.9449640444093
 31
0.0
 11
2015.0371174000672
 21
1356.1508294289983
 31
0.0
 11
2014.391882593497
 21
1356.2932179263537
 31
0.0
 11
2013.7348634130408
 21
1356.3705507476395
 31
0.0
 11
2013.072610267391
 21
1356.3818968982166
 31
0.0
 11
2012.4117417432108
 21
1356.326984062761
 31
0.0
 11
2011.7588784586926
 21
1356.2062029154533
 31
0.0
 11
2011.120576738174
 21
1356.020604796282
 31
0.0
 11
2010.503262772255
 21
1355.7718927608826
 31
0.0
 11
2009.9131679245822
 21
1355.4624060777958
 31
0.0
 11
2009.3562658365352
 21
1355.0950983129078
 31
0.0
 11
2008.8382119645837
 21
1354.6735092054726
 31
0.0
 11
2008.364286162198
 21
1354.2017306028504
 31
0.0
 11
2007.9393388891149
 21
1353.68436678131
 31
0.0
 11
2007.5677415957873
 21
1353.1264895372994
 31
0.0
 11
2007.2533417902623
 21
1352.5335884869494
 31
0.0
 11
2006.999423249003
 21
1351.911517060644
 31
0.0
 11
2006.8086717826675
 21
1351.2664347238176
 31
0.0
 11
2006.6831469131403
 21
1350.6047459942235
 31
0.0
 11
2006.624259759684
 21
1349.9330368593892
 31
0.0
 11
2006.6327573705162
 21
1349.2580092254614
 31
0.0
 11
2006.708713672056
 21
1348.5864140498686
 31
0.0
 11
2006.8515271421381
 21
1347.924983824957
 31
0.0
 11
2007.0599252463167
 21
1347.2803650878325
 31
0.0
 11
2007.3319756086748
 21
1346.6590516329604
 31
0.0
 11
2007.6651038209618
 21
1346.0673190986145
 31
0.0
 11
2008.0561177270952
 21
1345.5111615860617
 31
0.0
 11
2008.5012379547697
 21
1344.9962309515283
 31
0.0
 11
2008.9961344027402
 21
1344.5277793856942
 31
0.0
 11
2009.5359683319577
 21
1344.1106058639243
 31
0.0
 11
2010.1154396517368
 21
1343.749007013012
 31
0.0
 11
2010.7288389390926
 21
1343.4467328971848
 31
0.0
 11
2011.3701036808625
 21
1343.2069481779793
 31
0.0
 11
2012.0328781847018
 21
1343.0321990497714
 31
0.0
 11
2012.7105765669808
 21
1342.9243862957671
 31
0.0
 11
2013.3964481933874
 21
1342.8847447487055
 31
0.0
 11
2014.0836449220103
 21
1342.9138293769613
 31
0.0
 11
2014.7652894790972
 21
1343.0115081508322
 31
0.0
 11
2015.4345442847932
 21
1343.176961776171
 31
0.0
 11
2016.0846800400666
 21
1343.4086903138768
 31
0.0
 11
2016.7091433868466
 21
1343.7045266347725
 31
0.0
 11
2017.3016229611032
 21
1344.0616565907485
 31
0.0
 11
2017.8561131731483
 21
1344.4766457154494
 31
0.0
 11
2018.3669750706958
 21
1344.9454722018904
 31
0.0
 11
2018.828993667984
 21
1345.4635658408865
 31
0.0
 11
2019.2374311582846
 21
1346.0258525436927
 31
0.0
 11
2019.588075467056
 21
1346.6268040154127
 31
0.0
 11
2019.8772836484677
 21
1347.2604920931092
 31
0.0
 11
2020.1020196785898
 21
1347.9206472146698
 31
0.0
 11
2020.259886253685
 21
1348.6007204418636
 31
0.0
 11
2020.3491502612587
 21
1349.2939484240771
 31
0.0
 11
2020.3687616541881
 21
1349.9934206583414
 31
0.0
 11
2020.318365523774
 21
1350.6921483767835
 31
0.0
 11
2020.1983072352741
 21
1351.383134374801
 31
0.0
 11
2020.009630558713
 21
1352.0594430822737
 31
0.0
 11
2019.7540687978317
 21
1352.7142701761063
 31
0.0
 11
2019.4340289902327
 21
1353.3410110354157
 31
0.0
 11
2019.0525693214074
 21
1353.9333273506923
 31
0.0
 11
2018.613369963668
 21
1354.4852112152194
 31
0.0
 11
2018.1206976174076
 21
1354.9910460507617
 31
0.0
 11
2017.5793640958532
 21
1355.4456637498085
 31
0.0
 11
2016.9946793549602
 21
1355.8443974531906
 31
0.0
 11
2016.3723994266809
 21
1356.1831294243434
 31
0.0
 11
2015.718669765955
 21
1356.4583335294258
 31
0.0
 11
2015.0399645688842
 21
1356.6671118854817
 31
0.0
 11
2014.3430226611974
 21
1356.8072252963027
 31
0.0
 11
2013.6347805918126
 21
1356.8771171570813
 31
0.0
 11
2012.922303595756
 21
1356.8759305736935
 31
0.0
 11
2012.2127151135203
 21
1356.8035185099006
 31
0.0
 11
2011.5131255699591
 21
1356.6604468452301
 31
0.0
 11
2010.8305611247908
 21
1356.4479902970975
 31
0.0
 11
2010.17189310866
 21
1356.1681212321535
 31
0.0
 11
2009.5437688534164
 21
1355.8234914631714
 31
0.0
 11
2008.9525446128675
 21
1355.417407198317
 31
0.0
 11
2008.4042212508514
 21
1354.9537973786455
 31
0.0
 11
2007.9043833472335
 21
1354.4371757064682
 31
0.0
 11
2007.4581423396173
 21
1353.8725967311436
 31
0.0
 11
2007.070084279461
 21
1353.265606419212
 31
0.0
 11
2006.7442227363292
 21
1352.622187692032
 31
0.0
 11
2006.4839573335712
 21
1351.9487014655754
 31
0.0
 11
2006.2920383433507
 21
1351.2518237733036
 31
0.0
 11
2006.170537709142
 21
1350.5384795935784
 31
0.0
 11
2006.120826800209
 21
1349.8157740374668
 31
0.0
 11
2006.1435611357624
 21
1349.0909215806848
 31
0.0
 11
2006.2386722471667
 21
1348.371174044537
 31
0.0
 11
2006.405366775379
 21
1347.6637480447828
 31
0.0
 11
2006.6421328285078
 21
1346.9757526342719
 31
0.0
 11
2006.9467535516608
 21
1346.3141178648318
 31
0.0
 11
2007.3163277888557
 21
1345.6855249862624
 31
0.0
 11
2007.7472976454342
 21
1345.096338985443
 31
0.0
 11
2008.2354826898236
 21
1344.5525441466455
 31
0.0
 11
2008.7761204663966
 21
1344.0596832853353
 31
0.0
 11
2009.3639129271962
 21
1343.6228012723495
 31
0.0
 11
2009.9930783301288
 21
1343.2463934236753
 31
0.0
 11
2010.6574080954567
 21
1342.9343592835378
 31
0.0
 11
2011.3503280616228
 21
1342.6899622755889
 31
0.0
 11
2012.0649635361447
 21
1342.5157956392072
 31
0.0
 11
2012.794207497967
 21
1342.4137550058288
 31
0.0
 11
2013.5307912746907
 21
1342.3850179044393
 31
0.0
 11
2014.2673569918336
 21
1342.430030416547
 31
0.0
 11
2014.9965310720006
 21
1342.5485011297617
 31
0.0
 11
2015.7109980497696
 21
1342.739402466292
 31
0.0
 11
2016.4035739633505
 21
1343.000979388911
 31
0.0
 11
2017.0672785867357
 21
1343.3307654130192
 31
0.0
 11
2017.6954057760995
 21
1343.7256057800487
 31
0.0
 11
2018.281591221544
 21
1344.1816875753784
 31
0.0
 11
2018.8198769197786
 21
1344.6945765038597
 31
0.0
 11
2019.3047717147206
 21
1345.2592599687277
 31
0.0
 11
2019.7313072910101
 21
1345.8701960357298
 31
0.0
 11
2020.0950890497002
 21
1346.521367804444
 31
0.0
 11
2020.392341345445
 21
1347.20634265354
 31
0.0
 11
2020.6199466199223
 21
1347.9183357767638
 31
0.0
 11
2020.7754780263913
 21
1348.650277382174
 31
0.0
 11
2020.8572252046697
 21
1349.394882889128
 31
0.0
 11
2020.864212933729
 21
1350.144725426047
 31
0.0
 11
2020.796212459903
 21
1350.892309907461
 31
0.0
 11
2020.6537453716871
 21
1351.6301479514796
 31
0.0
 11
2020.43807996652
 21
1352.3508328888468
 31
0.0
 11
2020.1512201300686
 21
1353.0471141122368
 31
0.0
 11
2019.7958868236165
 21
1353.711970019479
 31
0.0
 11
2019.3754923494323
 21
1354.3386788169057
 31
0.0
 11
2018.8941076367305
 21
1354.9208864689292
 31
0.0
 11
2018.3564228612868
 21
1355.4526711070375
 31
0.0
 11
2017.7677017792346
 21
1355.9286032454431
 31
0.0
 11
2017.1337302193647
 21
1356.3438011912676
 31
0.0
 11
2016.460759237711
 21
1356.6939810840186
 31
0.0
 11
2015.7554434927629
 21
1356.9755010517497
 31
0.0
 11
2015.024775448699
 21
1357.1853990291766
 31
0.0
 11
2014.2760160571204
 21
1357.3214238455935
 31
0.0
 11
2013.5166226044068
 21
1357.3820592570457
 31
0.0
 11
2012.7541744416587
 21
1357.3665406672487
 31
0.0
 11
2011.9962973368995
 21
1357.2748643544774
 31
0.0
 11
2011.2505872045604
 21
1357.1077890963559
 31
0.0
 11
2010.5245339750818
 21
1356.8668301604473
 31
0.0
 11
2009.8254463676442
 21
1356.5542457049605
 31
0.0
 11
2009.1603783215787
 21
1356.1730157100549
 31
0.0
 11
2008.5360578269547
 21
1355.726813635311
 31
0.0
 11
2007.9588188723255
 21
1355.2199710722332
 31
0.0
 11
2007.4345371978825
 21
1354.6574357314064
 31
0.0
 11
2006.968570505533
 21
1354.044723171409
 31
0.0
 11
2006.5657037341302
 21
1353.387862740152
 31
0.0
 11
2006.2300999585573
 21
1352.6933382582647
 31
0.0
 11
2005.9652574161876
 21
1351.96802402794
 31
0.0
 11
2005.7739731038662
 21
1351.2191167986819
 31
0.0
 11
2005.6583133236368
 21
1350.4540643632238
 31
0.0
 11
2005.6195914865878
 21
1349.6804914920217
 31
0.0
 11
2005.658353412092
 21
1348.9061239428631
 31
0.0
 11
2005.7743702851044
 21
1348.138711302921
 31
0.0
 11
2005.9666393577688
 21
1347.3859494338385
 31
0.0
 11
2006.2333924041743
 21
1346.655403295983
 31
0.0
 11
2006.572111859422
 21
1345.9544309257951
 31
0.0
 11
2006.9795544970286
 21
1345.2901093301866
 31
0.0
 11
2007.4517824228647
 21
1344.669163044292
 31
0.0
 11
2007.9842010900545
 21
1344.0978960737068
 31
0.0
 11
2008.5716039683186
 21
1343.582127909914
 31
0.0
 11
2009.208223433811
 21
1343.1271342681723
 31
0.0
 11
2009.8877873823033
 21
1342.7375931511547
 31
0.0
 11
2010.603581010195
 21
1342.4175367894802
 31
0.0
 11
2011.348513154942
 21
1342.170309952515
 31
0.0
 11
2012.1151865395589
 21
1341.9985350599916
 31
0.0
 11
2012.8959712254186
 21
1341.9040844577212
 31
0.0
 11
2013.6830805440188
 21
1341.8880601496344
 31
0.0
 11
2014.468648752065
 21
1341.9507812042507
 31
0.0
 11
2015.2448096354376
 21
1342.0917789772425
 31
0.0
 11
2016.0037752765365
 21
1342.3098002137128
 31
0.0
 11
2016.7379141962795
 21
1342.6028180149938
 31
0.0
 11
2017.4398280867063
 21
1342.968050575941
 31
0.0
 11
2018.1024263626923
 21
1343.4019875206523
 31
0.0
 11
2018.7189977815706
 21
1343.9004235880623
 31
0.0
 11
2019.2832784073375
 21
1344.4584993447281
 31
0.0
 11
2019.789515231288
 21
1345.0707485310606
 31
0.0
 11
2020.232524803074
 21
1345.7311515800109
 31
0.0
 11
2020.607746274872
 21
1346.4331947844505
 31
0.0
 11
2020.9112883161374
 21
1347.1699345318493
 31
0.0
 11
2021.1399694167446
 21
1347.9340659729153
 31
0.0
 11
2021.2913511615982
 21
1348.7179954451813
 31
0.0
 11
2021.3637641293865
 21
1349.5139159335424
 31
0.0
 11
2021.356326141359
 21
1350.313884817899
 31
0.0
 11
2021.2689526621098
 21
1351.1099031336491
 31
0.0
 11
2021.1023592325816
 21
1351.8939955540811
 31
0.0
 11
2020.8580558951028
 21
1352.6582902949147
 31
0.0
 11
2020.5383336504133
 21
1353.3950981404353
 31
0.0
 11
2020.1462430665517
 21
1354.096989797881
 31
0.0
 11
2019.6855652383408
 21
1354.7568708019173
 31
0.0
 11
2019.1607753732367
 21
1355.3680532140484
 31
0.0
 11
2018.5769993537285
 21
1355.9243233924296
 31
0.0
 11
2017.939963697534
 21
1356.420005145487
 31
0.0
 11
2017.255939403809
 21
1356.8500176276464
 31
0.0
 11
2016.531680235805
 21
1357.209927386885
 31
0.0
 11
2015.7743560472304
 21
1357.4959940312556
 31
0.0
 11
2014.9914818104237
 21
1357.7052090444047
 31
0.0
 11
2014.1908430487895
 21
1357.8353273478315
 31
0.0
 11
2013.380418413365
 21
1357.884891279507
 31
0.0
 11
2012.5683001734308
 21
1357.8532467338023
 31
0.0
 11
2011.7626134134916
 21
1357.7405512857083
 31
0.0
 11
2010.971434743469
 21
1357.5477742022906
 31
0.0
 11
2010.2027113353795
 21
1357.2766883254046
 31
0.0
 11
2009.4641810981168
 21
1356.9298538911062
 31
0.0
 11
2008.7632947921084
 21
1356.5105944321022
 31
0.0
 11
2008.1071408677674
 21
1356.0229649891764
 31
0.0
 11
2007.502373785882
 21
1355.471712935032
 31
0.0
 11
2006.9551465446852
 21
1354.862231788571
 31
0.0
 11
2006.471048097608
 21
1354.2005084686118
 31
0.0
 11
2006.055046298049
 21
1353.4930645026193
 31
0.0
 11
2005.7114369533622
 21
1352.7468917675994
 31
0.0
 11
2005.4437995101807
 21
1351.9693833961894
 31
0.0
 11
2005.2549598277835
 21
1351.168260530649
 31
0.0
 11
2005.146960426072
 21
1350.351495650357
 31
0.0
 11
2005.1210385206005
 21
1349.5272332341651
 31
0.0
 11
2005.1776120796947
 21
1348.703708547106
 31
0.0
 11
2005.3162740587763
 21
1347.8891653612836
 31
0.0
 11
2005.535794885398
 21
1347.091773432999
 31
0.0
 11
2005.8341331859747
 21
1346.3195465621907
 31
0.0
 11
2006.2084546626222
 21
1345.5802620560241
 31
0.0
 11
2006.6551589466878
 21
1344.8813824059725
 31
0.0
 11
2007.1699141753163
 21
1344.229979967112
 31
0.0
 11
2007.7476989595477
 21
1343.632665399792
 31
0.0
 11
2008.3828513377534
 21
1343.0955205975986
 31
0.0
 11
2009.0691242374735
 21
1342.6240367819819
 31
0.0
 11
2009.799746902601
 21
1342.2230583934509
 31
0.0
 11
2010.5674916820678
 21
1341.8967333523801
 31
0.0
 11
2011.3647455213263
 21
1341.6484701997558
 31
0.0
 11
2012.1835854495534
 21
1341.4809025602406
 31
0.0
 11
2013.0158573141343
 21
1341.3958612974288
 31
0.0
 11
2013.8532569800266
 21
1341.3943546548085
 31
0.0
 11
2014.6874131854322
 21
1341.4765565965113
 31
0.0
 11
2015.5099712270744
 21
1341.6418034801975
 31
0.0
 11
2016.312676638499
 21
1341.888599111202
 31
0.0
 11
2017.0874580233083
 21
1342.2146281432135
 31
0.0
 11
2017.826508212111
 21
1342.6167777070746
 31
0.0
 11
2018.5223629271936
 21
1343.0911670666474
 31
0.0
 11
2019.1679761623402
 21
1343.6331850199017
 31
0.0
 11
2019.7567915166455
 21
1344.237534685263
 31
0.0
 11
2020.282808760246
 21
1344.8982852386025
 31
0.0
 11
2020.7406449563089
 21
1345.6089300958033
 31
0.0
 11
2021.1255895168738
 21
1346.3624509703284
 31
0.0
 11
2021.4336526297304
 21
1347.1513871752811
 31
0.0
 11
2021.6616065588737
 21
1347.9679094857447
 31
0.0
 11
2021.807019391513
 21
1348.8038978302102
 31
0.0
 11
2021.8682808794915
 21
1349.6510220401842
 31
0.0
 11
2021.844620101486
 21
1350.5008248549866
 31
0.0
 11
2021.7361147537881
 21
1351.3448063546562
 31
0.0
 11
2021.5436919609533
 21
1352.1745089780316
 31
0.0
 11
2021.269120582356
 21
1352.9816022756386
 31
0.0
 11
2020.9149950758153
 21
1353.7579665480819
 31
0.0
 11
2020.484711064155
 21
1354.4957745302243
 31
0.0
 11
2019.9824328339269
 21
1355.1875702994446
 31
0.0
 11
2019.4130530767832
 21
1355.8263446125386
 31
0.0
 11
2018.7821452622463
 21
1356.4056059101288
 31
0.0
 11
2018.0959091051711
 21
1356.9194462694234
 31
0.0
 11
2017.3611096612085
 21
1357.3626016354422
 31
0.0
 11
2016.5850106484033
 21
1357.7305057168787
 31
0.0
 11
2015.7753026520002
 21
1358.019336995108
 31
0.0
 11
2014.9400269219889
 21
1358.2260583627954
 31
0.0
 11
2014.0874955183958
 21
1358.3484489815019
 31
0.0
 11
2013.2262085972907
 21
1358.3851280248616
 31
0.0
 11
2012.3647696605867
 21
1358.3355700545585
 31
0.0
 11
2011.5117996146248
 21
1358.2001118596909
 31
0.0
 11
2010.675850496021
 21
1357.979950675284
 31
0.0
 11
2009.8653197281699
 21
1357.6771337819278
 31
0.0
 11
2009.0883657680645
 21
1357.2945395748266
 31
0.0
 11
2008.352825990755
 21
1356.835850276178
 31
0.0
 11
2007.6661376379013
 21
1356.3055165487986
 31
0.0
 11
2007.0352626277079
 21
1355.7087143505203
 31
0.0
 11
2006.4666169863085
 21
1355.0512944472148
 31
0.0
 11
2005.9660056157727
 21
1354.3397250766002
 31
0.0
 11
2005.5385630617607
 21
1353.5810283244907
 31
0.0
 11
2005.1887008849724
 21
1352.7827108391482
 31
0.0
 11
2004.9200621754942
 21
1351.952689567251
 31
0.0
 11
2004.7354836785887
 21
1351.0992132460985
 31
0.0
 11
2004.6369659250877
 21
1350.2307804305271
 31
0.0
 11
2004.6256516800904
 21
1349.3560548691207
 31
0.0
 11
2004.7018129409312
 21
1348.4837790723452
 31
0.0
 11
2004.8648466301568
 21
1347.6226869348714
 31
0.0
 11
2005.1132790424467
 21
1346.781416285385
 31
0.0
 11
2005.444779016828
 21
1345.9684222395001
 31
0.0
 11
2005.8561797180957
 21
1345.1918922249326
 31
0.0
 11
2006.343508824911
 21
1344.4596635329108
 31
0.0
 11
2006.9020268374895
 21
1343.7791442260502
 31
0.0
 11
2007.5262731359398
 21
1343.1572382007982
 31
0.0
 11
2008.2101193420237
 21
1342.6002751623837
 31
0.0
 11
2008.9468294631567
 21
1342.1139462223741
 31
0.0
 11
2009.7291262285914
 21
1341.703245773909
 31
0.0
 11
2010.5492629646542
 21
1341.3724202379813
 31
0.0
 11
2011.3991002992439
 21
1341.1249242063896
 31
0.0
 11
2012.2701869361701
 21
1340.9633844338452
 31
0.0
 11
2013.1538436977678
 21
1340.8895720539226
 31
0.0
 11
2014.0412500000675
 21
1340.9043833118399
 31
0.0
 11
2014.9235318989304
 21
1341.0078290222884
 31
0.0
 11
2015.791850828281
 21
1341.1990328735164
 31
0.0
 11
2016.6374921430718
 21
1341.476238610484
 31
0.0
 11
2017.4519525799728
 21
1341.8368260410468
 31
0.0
 11
2018.2270257580467
 21
1342.2773357206563
 31
0.0
 11
2018.9548848597206
 21
1342.7935020838815
 31
0.0
 11
2019.6281616590836
 21
1343.3802947060597
 31
0.0
 11
2020.2400210996313
 21
1344.0319672963822
 31
0.0
 11
2020.784230666735
 21
1344.7421139455846
 31
0.0
 11
2021.2552238508981
 21
1345.5037320779065
 31
0.0
 11
2021.6481570558021
 21
1346.3092914888596
 31
0.0
 11
2021.958959369642
 21
1347.1508087883005
 31
0.0
 11
2022.1843746886918
 21
1348.0199265129577
 31
0.0
 11
2022.3219957577446
 21
1348.907996124492
 31
0.0
 11
2022.3702897722305
 21
1349.8061640688752
 31
0.0
 11
2022.328615270718
 21
1350.7054600407473
 31
0.0
 11
2022.197230133243
 21
1351.5968865728153
 31
0.0
 11
2021.9772905896564
 21
1352.4715090555392
 31
0.0
 11
2021.6708412320552
 21
1353.3205452864584
 31
0.0
 11
2021.280796115435
 21
1354.1354536516326
 31
0.0
 11
2020.8109111201122
 21
1354.9080190537939
 31
0.0
 11
2020.2657478372714
 21
1355.6304357228128
 31
0.0
 11
2019.6506293243538
 21
1356.2953860737882
 31
0.0
 11
2018.9715881590337
 21
1356.8961148161775
 31
0.0
 11
2018.2353072984092
 21
1357.4264975635583
 31
0.0
 11
2017.449054322977
 21
1357.8811032473623
 31
0.0
 11
2016.6206097122233
 21
1358.2552496987573
 31
0.0
 11
2015.758189859575
 21
1358.54505183016
 31
0.0
 11
2014.8703655883671
 21
1358.747461920974
 31
0.0
 11
2013.9659769768757
 21
1358.8603015903707
 31
0.0
 11
2013.0540453388394
 21
1358.8822851224309
 31
0.0
 11
2012.1436832358515
 21
1358.8130338950084
 31
0.0
 11
2011.24400341925
 21
1358.6530817523187
 31
0.0
 11
2010.3640276114058
 21
1358.403871251678
 31
0.0
 11
2009.5125960395148
 21
1358.0677408060924
 31
0.0
 11
2008.6982786290353
 21
1357.6479028355996
 31
0.0
 11
2007.9292887488805
 21
1357.1484131305137
 31
0.0
 11
2007.2134003764647
 21
1356.5741317180784
 31
0.0
 11
2006.5578695179531
 21
1355.9306756096266
 31
0.0
 11
2005.9693606779106
 21
1355.2243638873217
 31
0.0
 11
2005.4538791233429
 21
1354.462155667046
 31
0.0
 11
2005.0167096303892
 21
1353.6515815462885
 31
0.0
 11
2004.662362338195
 21
1352.80066921217
 31
0.0
 11
2004.394526264397
 21
1351.917863944393
 31
0.0
 11
2004.2160309608828
 21
1351.011944800296
 31
0.0
 11
2004.1288167077953
 21
1350.091937313791
 31
0.0
 11
2004.133913558933
 21
1349.167023576301
 31
0.0
 11
2004.2314294635933
 21
1348.2464505955313
 31
0.0
 11
2004.4205475994033
 21
1347.3394378466896
 31
0.0
 11
2004.699532958672
 21
1346.45508494043
 31
0.0
 11
2005.0657481382013
 21
1345.6022803322144
 31
0.0
 11
2005.5156781902494
 21
1344.7896119889374
 31
0.0
 11
2006.0449643013508
 21
1344.0252809106353
 31
0.0
 11
2006.6484459768976
 21
1343.3170183780405
 31
0.0
 11
2007.3202113236612
 21
1342.6720077609225
 31
0.0
 11
2008.053654940636
 21
1342.0968116779138
 31
0.0
 11
2008.8415428515725
 21
1341.5973052462778
 31
0.0
 11
2009.6760838410719
 21
1341.1786161003474
 31
0.0
 11
2010.5490064909154
 21
1340.8450717907467
 31
0.0
 11
2011.45164115501
 21
1340.6001551036318
 31
0.0
 11
2012.3750060605887
 21
1340.446467760798
 31
0.0
 11
2013.3098966806006
 21
1340.3857028783607
 31
0.0
 11
2014.2469774880162
 21
1340.4186264746475
 31
0.0
 11
2015.1768751774123
 21
1340.5450682278179
 31
0.0
 11
2016.0902724229527
 21
1340.7639215914419
 31
0.0
 11
2016.9780012349454
 21
1341.0731532827424
 31
0.0
 11
2017.8311349795672
 21
1341.4698220643772
 31
0.0
 11
2018.6410781381728
 21
1341.950106647438
 31
0.0
 11
2019.3996529036697
 21
1342.5093424517147
 31
0.0
 11
2020.0991817415832
 21
1343.1420668701387
 31
0.0
 11
2020.732565082386
 21
1343.8420725985575
 31
0.0
 11
2021.2933533590028
 21
1344.6024685104942
 31
0.0
 11
2021.7758126587107
 21
1345.4157474801198
 31
0.0
 11
2022.1749833213617
 21
1346.273860486076
 31
0.0
 11
2022.486730885368
 21
1347.1682962647792
 31
0.0
 11
2022.70778885851
 21
1348.0901657250324
 31
0.0
 11
2022.8357928716084
 21
1349.0302902867743
 31
0.0
 11
2022.869305858652
 21
1349.9792932660926
 31
0.0
 11
2022.80783399623
 21
1350.9276933966573
 31
0.0
 11
2022.6518332272003
 21
1351.865999554811
 31
0.0
 11
2022.4027062875189
 21
1352.7848057419405
 31
0.0
 11
2022.0627902501158
 21
1353.6748853735965
 31
0.0
 11
2021.6353346946778
 21
1354.5272839301763
 31
0.0
 11
2021.1244707062524
 21
1355.3334090388291
 31
0.0
 11
2020.5351709977556
 21
1356.0851170803887
 31
0.0
 11
2019.87320154084
 21
1356.7747954484507
 31
0.0
 11
2019.145065175244
 21
1357.3954396297768
 31
0.0
 11
2018.3579377478534
 21
1357.9407243256894
 31
0.0
 11
2017.5195974084197
 21
1358.4050678924884
 31
0.0
 11
2016.638347758445
 21
1358.783689444628
 31
0.0
 11
2015.7229356124496
 21
1359.0726580367595
 31
0.0
 11
2014.7824641860464
 21
1359.2689334191082
 31
0.0
 11
2013.826302572382
 21
1359.3703979441793
 31
0.0
 11
2012.8639924071015
 21
1359.3758792907013
 31
0.0
 11
2011.9051526516282
 21
1359.2851637621065
 31
0.0
 11
2010.9593834449345
 21
1359.0990000108259
 31
0.0
 11
2010.0361699848718
 21
1358.8190931352967
 31
0.0
 11
2009.1447874014127
 21
1358.4480891928943
 31
0.0
 11
2008.2942075758267
 21
1357.9895502680317
 31
0.0
 11
2007.4930088418807
 21
1357.4479203294754
 31
0.0
 11
2006.749289477851
 21
1356.8284822035362
 31
0.0
 11
2006.070585861665
 21
1356.137306079287
 31
0.0
 11
2005.4637961162325
 21
1355.3811900474352
 31
0.0
 11
2004.9351100184153
 21
1354.5675932550605
 31
0.0
 11
2004.489945883629
 21
1353.70456233333
 31
0.0
 11
2004.1328950693985
 21
1352.8006518237273
 31
0.0
 11
2003.8676746659528
 21
1351.8648393896187
 31
0.0
 11
2003.6970888608948
 21
1350.906436653477
 31
0.0
 11
2003.6229993789316
 21
1349.9349965452545
 31
0.0
 11
2003.6463053074372
 21
1348.9602180837878
 31
0.0
 11
2003.7669325251522
 21
1347.9918495403056
 31
0.0
 11
2003.983832855516
 21
1347.039590950879
 31
0.0
 11
2004.2949929689687
 21
1346.1129969527292
 31
0.0
 11
2004.6974529609754
 21
1345.2213809176662
 31
0.0
 11
2005.1873344355322
 21
1344.3737213445224
 31
0.0
 11
2005.7598778284612
 21
1343.5785714513875
 31
0.0
 11
2006.4094886118503
 21
1342.8439728779474
 31
0.0
 11
2007.1297919314975
 21
1342.1773743685508
 31
0.0
 11
2007.9136951440478
 21
1341.585556258165
 31
0.0
 11
2008.753457640556
 21
1341.074561526625
 31
0.0
 11
2009.640767269257
 21
1340.6496341220404
 31
0.0
 11
2010.56682260314
 21
1340.3151651825826
 31
0.0
 11
2011.5224202381844
 21
1340.074647707815
 31
0.0
 11
2012.498046256426
 21
1339.9306401470028
 31
0.0
 11
2013.483970944928
 21
1339.8847392833297
 31
0.0
 11
2014.4703458276679
 21
1339.9375627004752
 31
0.0
 11
2015.4473020426697
 21
1340.0887410225266
 31
0.0
 11
2016.405049081683
 21
1340.3369200206569
 31
0.0
 11
2017.3339729045078
 21
1340.6797725813533
 31
0.0
 11
2018.2247324447276
 21
1341.1140204322455
 31
0.0
 11
2019.0683535381443
 21
1341.635465423709
 31
0.0
 11
2019.8563193294594
 21
1342.2390300684267
 31
0.0
 11
2020.5806562464895
 21
1342.918806947919
 31
0.0
 11
2021.234014674126
 21
1343.6681165056484
 31
0.0
 11
2021.809743511924
 21
1344.4795726615632
 31
0.0
 11
2022.301957859144
 21
1345.345155603738
 31
0.0
 11
2022.7055991386646
 21
1346.2562910398744
 31
0.0
 11
2023.016487045788
 21
1347.2039351256035
 31
0.0
 11
2023.2313627888377
 21
1348.1786642284474
 31
0.0
 11
2023.3479231747783
 21
1349.1707686365387
 31
0.0
 11
2023.3648451840359
 21
1350.1703492802806
 31
0.0
 11
2023.2818007733615
 21
1351.167416503484
 31
0.0
 11
2023.0994617429933
 21
1352.1519898984616
 31
0.0
 11
2022.8194946035958
 21
1353.1141982073461
 31
0.0
 11
2022.4445454784695
 21
1354.0443782896452
 31
0.0
 11
2021.9782151763554
 21
1354.9331721638096
 31
0.0
 11
2021.4250246687748
 21
1355.7716211483046
 31
0.0
 11
2020.7903713022947
 21
1356.5512561551652
 31
0.0
 11
2020.0804761693869
 21
1357.2641832260388
 31
0.0
 11
2019.302323150745
 21
1357.9031634469104
 31
0.0
 11
2018.4635902261114
 21
1358.4616864326247
 31
0.0
 11
2017.5725737290227
 21
1358.9340366354133
 31
0.0
 11
2016.63810629259
 21
1359.315351802306
 31
0.0
 11
2015.6694692977749
 21
1359.6016729838489
 31
0.0
 11
2014.6763006919348
 21
1359.78998558019
 31
0.0
 11
2013.6684990931396
 21
1359.8782509995212
 31
0.0
 11
2012.6561251343815
 21
1359.8654285971807
 31
0.0
 11
2011.6493010309323
 21
1359.7514876605085
 31
0.0
 11
2010.658109373442
 21
1359.5374093038397
 31
0.0
 11
2009.6924921586947
 21
1359.2251782388157
 31
0.0
 11
2008.7621510691454
 21
1358.8177644865182
 31
0.0
 11
2007.8764500014431
 21
1358.319095198721
 31
0.0
 11
2007.0443208232
 21
1357.7340168548499
 31
0.0
 11
2006.274173306473
 21
1357.068248198008
 31
0.0
 11
2005.5738101460956
 21
1356.3283243667142
 31
0.0
 11
2004.9503479215068
 21
1355.5215327678548
 31
0.0
 11
2004.410144802561
 21
1354.6558413198873
 31
0.0
 11
2003.9587357335356
 21
1353.7398197727061
 31
0.0
 11
2003.6007757558252
 21
1352.7825548809828
 31
0.0
 11
2003.3399920493637
 21
1351.793560270555
 31
0.0
 11
2003.179145186425
 21
1350.7826818918609
 31
0.0
 11
2003.12
 21
1349.76
 31
0.0
 11
2003.1633063733009
 21
1348.7357286372198
 31
0.0
 11
2003.3087901581177
 21
1347.7201136201625
 31
0.0
 11
2003.5551543286451
 21
1346.7233300507219
 31
0.0
 11
2003.9000903751073
 21
1345.7553803757075
 31
0.0
 11
2004.340299838999
 21
1344.8259940166158
 31
0.0
 11
2004.8715257900685
 21
1343.9445295766602
 31
0.0
 11
2005.4885939453384
 21
1343.119880607977
 31
0.0
 11
2006.1854630334626
 21
1342.3603858877902
 31
0.0
 11
2006.9552839145479
 21
1341.6737451086562
 31
0.0
 11
2007.7904668771555
 21
1341.0669408350905
 31
0.0
 11
2008.6827564514517
 21
1340.5461675174695
 31
0.0
 11
2009.6233130011997
 21
1340.1167682846578
 31
0.0
 11
2010.602800288295
 21
1339.7831801600548
 31
0.0
 11
2011.6114781425038
 21
1339.548888262411
 31
0.0
 11
2012.639299316638
 21
1339.4163894636836
 31
0.0
 11
2013.676009564062
 21
1339.3871658822472
 31
0.0
 11
2014.7112499417126
 21
1339.461668491895
 31
0.0
 11
2015.734660317989
 21
1339.6393110262209
 31
0.0
 11
2016.7359830512517
 21
1339.918474255187
 31
0.0
 11
2017.705165801371
 21
1340.296520606952
 31
0.0
 11
2018.6324624438655
 21
1340.7698190044346
 31
0.0
 11
2019.5085310735817
 21
1341.3337796836242
 31
0.0
 11
2020.3245281124591
 21
1341.982898660364
 31
0.0
 11
2021.072197573428
 21
1342.7108114152363
 31
0.0
 11
2021.743954579518
 21
1343.5103552732346
 31
0.0
 11
2022.3329622934154
 21
1344.3736398670735
 31
0.0
 11
2022.8332014773644
 21
1345.2921249911244
 31
0.0
 11
2023.2395319759169
 21
1346.2567050779235
 31
0.0
 11
2023.5477454938111
 21
1347.2577994617388
 31
0.0
 11
2023.7546091274469
 21
1348.2854475344702
 31
0.0
 11
2023.8578992001733
 21
1349.329407848826
 31
0.0
 11
2023.8564250479892
 21
1350.3792601827683
 31
0.0
 11
2023.7500425023215
 21
1351.4245095480856
 31
0.0
 11
2023.5396569193115
 21
1352.4546911049308
 31
0.0
 11
2023.2272157094499
 21
1353.459474933542
 31
0.0
 11
2022.8156904264508
 21
1354.4287696141944
 31
0.0
 11
2022.309048578863
 21
1355.352823576777
 31
0.0
 11
2021.712215431037
 21
1356.2223232021506
 31
0.0
 11
2021.0310261607026
 21
1357.0284866884235
 31
0.0
 11
2020.272168837482
 21
1357.7631527361866
 31
0.0
 11
2019.4431187792702
 21
1358.4188631571938
 31
0.0
 11
2018.5520649305558
 21
1358.9889385704498
 31
0.0
 11
2017.6078289875952
 21
1359.4675464176196
 31
0.0
 11
2016.6197780690534
 21
1359.849760605394
 31
0.0
 11
2015.5977317965335
 21
1360.1316121652376
 31
0.0
 11
2014.5518647066851
 21
1360.3101304099437
 31
0.0
 11
2013.4926049646856
 21
1360.383374160779
 31
0.0
 11
2012.430530387381
 21
1360.3504527177547
 31
0.0
 11
2011.3762628128077
 21
1360.2115363477533
 31
0.0
 11
2010.3403618709235
 21
1359.9678561698342
 31
0.0
 11
2009.333219217949
 21
1359.6216934229992
 31
0.0
 11
2008.3649542936691
 21
1359.1763582079643
 31
0.0
 11
2007.4453126473804
 21
1358.6361578999965
 31
0.0
 11
2006.5835678540118
 21
1358.00635553356
 31
0.0
 11
2005.7884280075416
 21
1357.2931185603554
 31
0.0
 11
2005.0679477344734
 21
1356.503458479304
 31
0.0
 11
2004.4294466162828
 21
1355.6451619291383
 31
0.0
 11
2003.8794348469178
 21
1354.726713920615
 31
0.0
 11
2003.4235468802283
 21
1353.757213965048
 31
0.0
 11
2003.0664837433478
 21
1352.7462859280997
 31
0.0
 11
2002.8119646063017
 21
1351.7039825018135
 31
0.0
 11
2002.662688106332
 21
1350.6406852430644
 31
0.0
 11
2002.6203038285225
 21
1349.5670011723937
 31
0.0
 11
2002.6853942432324
 21
1348.4936569631054
 31
0.0
 11
2002.8574672966172
 21
1347.4313917761317
 31
0.0
 11
2003.134959744164
 21
1346.3908498113162
 31
0.0
 11
2003.5152512097618
 21
1345.3824736501624
 31
0.0
 11
2003.9946888454322
 21
1344.416399458772
 31
0.0
 11
2004.5686223605537
 21
1343.5023551026616
 31
0.0
 11
2005.2314490852607
 21
1342.649562197523
 31
0.0
 11
2005.976668631769
 21
1341.8666430821352
 31
0.0
 11
2006.796946620652
 21
1341.16153365179
 31
0.0
 11
2007.6841868475722
 21
1340.541402933324
 31
0.0
 11
2008.629611180558
 21
1340.012580216654
 31
0.0
 11
2009.6238463994914
 21
1339.5804904832764
 31
0.0
 11
2010.6570171188216
 21
1339.2495987902116
 31
0.0
 11
2011.7188438723658
 21
1339.0233641792088
 31
0.0
 11
2012.7987453860303
 21
1338.9042035865082
 31
0.0
 11
2013.8859440209444
 21
1338.8934661290425
 31
0.0
 11
2014.969573336262
 21
1338.991418039649
 31
0.0
 11
2016.0387866981469
 21
1339.1972384176609
 31
0.0
 11
2017.0828658493926
 21
1339.5090258532255
 31
0.0
 11
2018.091328352961
 21
1339.923815874942
 31
0.0
 11
2019.0540328323902
 21
1340.4376090619883
 31
0.0
 11
2019.9612809525165
 21
1341.0454095549294
 31
0.0
 11
2020.8039151150322
 21
1341.7412735949192
 31
0.0
 11
2021.573410884815
 21
1342.5183676200827
 31
0.0
 11
2022.261963214271
 21
1343.3690353515171
 31
0.0
 11
2022.8625655936478
 21
1344.2848732105324
 31
0.0
 11
2023.3690813248413
 21
1345.2568133244094
 31
0.0
 11
2023.7763061938692
 21
1346.2752133009014
 31
0.0
 11
2024.080021902252
 21
1347.3299518827741
 31
0.0
 11
2024.2770397091074
 21
1348.410529533525
 31
0.0
 11
2024.3652338329564
 21
1349.5061729546812
 31
0.0
 11
2024.343564264098
 21
1350.6059424942873
 31
0.0
 11
2024.2120887438937
 21
1351.6988413757388
 31
0.0
 11
2023.9719637753963
 21
1352.7739256563414
 31
0.0
 11
2023.6254346393473
 21
1353.820413816112
 31
0.0
 11
2023.1758144995908
 21
1354.8277948794375
 31
0.0
 11
2022.6274527912797
 21
1355.7859339853105
 31
0.0
 11
2021.985693192809
 21
1356.685174345844
 31
0.0
 11
2021.2568215871092
 21
1357.5164345673852
 31
0.0
 11
2020.448004518717
 21
1358.2713003534902
 31
0.0
 11
2019.5672187489045
 21
1358.9421096638525
 31
0.0
 11
2018.6231726011292
 21
1359.5220304674403
 31
0.0
 11
2017.6252198722186
 21
1360.0051303010002
 31
0.0
 11
2016.5832671602493
 21
1360.3864369249707
 31
0.0
 11
2015.5076755271944
 21
1360.6619894569421
 31
0.0
 11
2014.4091574724232
 21
1360.8288794572388
 31
0.0
 11
2013.2986702414921
 21
1360.885281541007
 31
0.0
 11
2012.1873065327993
 21
1360.8304731954295
 31
0.0
 11
2011.0861836922493
 21
1360.664843588273
 31
0.0
 11
2010.0063325027652
 21
1360.3898912638683
 31
0.0
 11
2008.9585866811256
 21
1360.0082107336968
 31
0.0
 11
2007.9534741891023
 21
1359.5234680799333
 31
0.0
 11
2007.0011114493095
 21
1358.9403658004398
 31
0.0
 11
2006.1111015286401
 21
1358.2645972317155
 31
0.0
 11
2005.2924373139726
 21
1357.5027909911048
 31
0.0
 11
2004.5534106563248
 21
1356.6624459801044
 31
0.0
 11
2003.9015284012658
 21
1355.7518575858471
 31
0.0
 11
2003.343436155789
 21
1354.7800358068566
 31
0.0
 11
2002.8848505656117
 21
1353.7566161110328
 31
0.0
 11
2002.5305007927793
 21
1352.6917639077099
 31
0.0
 11
2002.2840797923486
 21
1351.5960735808114
 31
0.0
 11
2002.148205889685
 21
1350.4804630859057
 31
0.0
 11
2002.1243950575165
 21
1349.3560651597822
 31
0.0
 11
2002.2130441853594
 21
1348.23411622657
 31
0.0
 11
2002.413425524312
 21
1347.1258441090017
 31
0.0
 11
2002.7236923786188
 21
1346.0423556669546
 31
0.0
 11
2003.1408960029312
 21
1344.9945254877198
 31
0.0
 11
2003.6610135519782
 21
1343.9928867434987
 31
0.0
 11
2004.278986818509
 21
1343.047525311519
 31
0.0
 11
2004.9887713870246
 21
1342.1679782210438
 31
0.0
 11
2005.7833957260236
 21
1341.36313744974
 31
0.0
 11
2006.6550296413561
 21
1340.6411600397641
 31
0.0
 11
2007.5950614187504
 21
1340.0093854420427
 31
0.0
 11
2008.5941828956766
 21
1339.4742609261411
 31
0.0
 11
2009.6424816222698
 21
1339.0412758135703
 31
0.0
 11
2010.7295391989014
 21
1338.7149052051261
 31
0.0
 11
2011.8445348148864
 21
1338.4985637787659
 31
0.0
 11
2012.9763529593856
 21
1338.3945701345451
 31
0.0
 11
2014.113694232361
 21
1338.4041220582308
 31
0.0
 11
2015.2451881509153
 21
1338.527282966444
 31
0.0
 11
2016.3595068248233
 21
1338.7629796846386
 31
0.0
 11
2017.4454783647977
 21
1339.1090115959935
 31
0.0
 11
2018.4921988881129
 21
1339.5620710855528
 31
0.0
 11
2019.4891419986602
 21
1340.117775090767
 31
0.0
 11
2020.4262646422376
 21
1340.7707074581804
 31
0.0
 11
2021.294108272605
 21
1341.5144716974196
 31
0.0
 11
2022.0838943092956
 21
1342.3417536190032
 31
0.0
 11
2022.7876129238987
 21
1343.2443932428591
 31
0.0
 11
2023.3981042569476
 21
1344.2134652707825
 31
0.0
 11
2023.9091312420721
 21
1345.2393673293711
 31
0.0
 11
2024.3154432969304
 21
1346.3119151111052
 31
0.0
 11
2024.6128302308189
 21
1347.4204434709752
 31
0.0
 11
2024.7981658158822
 21
1348.5539124751488
 31
0.0
 11
2024.8694405715305
 21
1349.701017347218
 31
0.0
 11
2024.8257834190126
 21
1350.8503012170818
 31
0.0
 11
2024.6674719740172
 21
1351.99026954797
 31
0.0
 11
2024.3959313585729
 21
1353.1095050987517
 31
0.0
 11
2024.0137215282632
 21
1354.1967822717309
 31
0.0
 11
2023.5245132257119
 21
1355.2411797007067
 31
0.0
 11
2022.9330527852924
 21
1356.2321899500987
 31
0.0
 11
2022.2451161259037
 21
1357.1598252232893
 31
0.0
 11
2021.467452377339
 21
1358.014718016777
 31
0.0
 11
2020.6077176901395
 21
1358.7882157058355
 31
0.0
 11
2019.6743998778381
 21
1359.4724681067303
 31
0.0
 11
2018.6767346331399
 21
1360.0605071295188
 31
0.0
 11
2017.6246141449503
 21
1360.5463177134059
 31
0.0
 11
2016.5284890203448
 21
1360.9248993227714
 31
0.0
 11
2015.3992644838313
 21
1361.1923173754687
 31
0.0
 11
2014.2481918848694
 21
1361.3457440748907
 31
0.0
 11
2013.0867565929723
 21
1361.3834882226395
 31
0.0
 11
2011.926563397362
 21
1361.3050136983368
 31
0.0
 11
2010.7792205546514
 21
1361.110946406117
 31
0.0
 11
2009.656223643116
 21
1360.8030696024973
 31
0.0
 11
2008.5688403856466
 21
1360.3843076364926
 31
0.0
 11
2007.5279975953674
 21
1359.8586982488632
 31
0.0
 11
2006.5441713782218
 21
1359.2313536920888
 31
0.0
 11
2005.6272816957965
 21
1358.5084110449093
 31
0.0
 11
2004.7865923495058
 21
1357.6969722039325
 31
0.0
 11
2004.0306173944484
 21
1356.8050341387755
 31
0.0
 11
2003.3670349282727
 21
1355.8414100954656
 31
0.0
 11
2002.8026091278534
 21
1354.8156425243435
 31
0.0
 11
2002.34312132523
 21
1353.7379085925947
 31
0.0
 11
2001.9933108248536
 21
1352.618919216926
 31
0.0
 11
2001.7568260676533
 21
1351.4698126180206
 31
0.0
 11
2001.6361866446966
 21
1350.302043454597
 31
0.0
 11
2001.6327565553122
 21
1349.1272686405784
 31
0.0
 11
2001.7467289925369
 21
1347.9572309835598
 31
0.0
 11
2001.9771228237669
 21
1346.803641806115
 31
0.0
 11
2002.3217908176616
 21
1345.6780637232432
 31
0.0
 11
2002.777439550864
 21
1344.591794749263
 31
0.0
 11
2003.3396608111093
 21
1343.5557548957595
 31
0.0
 11
2004.002974197987
 21
1342.580376398817
 31
0.0
 11
2004.760880510153
 21
1341.6754986789824
 31
0.0
 11
2005.6059253992662
 21
1340.8502690915373
 31
0.0
 11
2006.5297726674887
 21
1340.113050468116
 31
0.0
 11
2007.523286488013
 21
1339.4713363840926
 31
0.0
 11
2008.576621737821
 21
1338.9316750101036
 31
0.0
 11
2009.679321549591
 21
1338.4996023212925
 31
0.0
 11
2010.8204211162194
 21
1338.1795853452757
 31
0.0
 11
2011.9885567175436
 21
1337.974976030251
 31
0.0
 11
2013.1720788852106
 21
1337.8879762091728
 31
0.0
 11
2014.359168578759
 21
1337.9196140255021
 31
0.0
 11
2015.537955214338
 21
1338.069732071814
 31
0.0
 11
2016.696635367392
 21
1338.3369873756687
 31
0.0
 11
2017.8235909623136
 21
1338.7188632487462
 31
0.0
 11
2018.9075057656198
 21
1339.2116928965495
 31
0.0
 11
2019.9374790145966
 21
1339.8106945681368
 31
0.0
 11
2020.9031350404646
 21
1340.510017909547
 31
0.0
 11
2021.7947277836897
 21
1341.3028010720207
 31
0.0
 11
2022.603239148705
 21
1342.181238017866
 31
0.0
 11
2023.3204702055593
 21
1343.1366553640307
 31
0.0
 11
2023.9391243162893
 21
1344.1595980070967
 31
0.0
 11
2024.4528813433792
 21
1345.2399226845305
 31
0.0
 11
2024.8564621858252
 21
1346.3668985464599
 31
0.0
 11
2025.1456829841025
 21
1347.5293137408646
 31
0.0
 11
2025.317498437864
 21
1348.7155869535518
 31
0.0
 11
2025.3700337884138
 21
1349.9138827932993
 31
0.0
 11
2025.3026051308511
 21
1351.112229872593
 31
0.0
 11
2025.1157278371343
 21
1352.2986404058722
 31
0.0
 11
2024.8111129900064
 21
1353.461230130468
 31
0.0
 11
2024.3916518475835
 21
1354.588337350586
 31
0.0
 11
2023.8613884782203
 21
1355.6686399118842
 31
0.0
 11
2023.2254808238433
 21
1356.6912689333303
 31
0.0
 11
2022.490150566093
 21
1357.6459181539212
 31
0.0
 11
2021.6626222821733
 21
1358.5229477942196
 31
0.0
 11
2020.7510524851327
 21
1359.3134818861192
 31
0.0
 11
2019.7644492453262
 21
1360.0094980882247
 31
0.0
 11
2018.7125831849928
 21
1360.6039090781464
 31
0.0
 11
2017.6058907252534
 21
1361.0906346961099
 31
0.0
 11
2016.4553705435421
 21
1361.4646641057543
 31
0.0
 11
2015.2724742686828
 21
1361.7221073369292
 31
0.0
 11
2014.0689924998485
 21
1361.8602356807337
 31
0.0
 11
2012.8569372838713
 21
1361.877510517908
 31
0.0
 11
2011.6484222222941
 21
1361.7736002768925
 31
0.0
 11
2010.4555414048207
 21
1361.5493853362757
 31
0.0
 11
2009.290248379142
 21
1361.2069508067468
 31
0.0
 11
2008.1642363683225
 21
1360.7495672488983
 31
0.0
 11
2007.088820936049
 21
1360.18165950402
 31
0.0
 11
2006.0748262771078
 21
1359.5087639342314
 31
0.0
 11
2005.1324762757172
 21
1358.7374744846775
 31
0.0
 11
2004.271291428126
 21
1357.8753780929221
 31
0.0
 11
2003.4999926686257
 21
1356.9309800779683
 31
0.0
 11
2002.8264130703997
 21
1355.9136202424427
 31
0.0
 11
2002.2574183150887
 21
1354.833380515382
 31
0.0
 11
2001.7988367383596
 21
1353.7009850487923
 31
0.0
 11
2001.4553996639884
 21
1352.5276937578642
 31
0.0
 11
2001.2306926369286
 21
1351.3251903616383
 31
0.0
 11
2001.1271180575557
 21
1350.1054660373136
 31
0.0
 11
2001.1458696058346
 21
1348.8806998467487
 31
0.0
 11
2001.2869187266756
 21
1347.663137127515
 31
0.0
 11
2001.549013327381
 21
1346.4649670627678
 31
0.0
 11
2001.9296887160824
 21
1345.2982006540108
 31
0.0
 11
2002.4252906875884
 21
1344.1745503183768
 31
0.0
 11
2003.0310105413832
 21
1343.1053123173742
 31
0.0
 11
2003.7409316968215
 21
1342.1012531972815
 31
0.0
 11
2004.5480874540701
 21
1341.1725013827452
 31
0.0
 11
2005.4445293372278
 21
1340.328445015052
 31
0.0
 11
2006.4214053494109
 21
1339.5776370654576
 31
0.0
 11
2007.4690473695468
 21
1338.9277086824775
 31
0.0
 11
2008.577066828123
 21
1338.385291650893
 31
0.0
 11
2009.7344577151814
 21
1337.9559507501608
 31
0.0
 11
2010.929705899249
 21
1337.644126701868
 31
0.0
 11
2012.150903671419
 21
1337.4530902907911
 31
0.0
 11
2013.3858683751034
 21
1337.3849081330566
 31
0.0
 11
2014.6222639396422
 21
1337.4404204489383
 31
0.0
 11
2015.8477241053424
 21
1337.619231078168
 31
0.0
 11
2017.0499761090684
 21
1337.9197098534087
 31
0.0
 11
2018.2169635932903
 21
1338.3390073240294
 31
0.0
 11
2019.336967507684
 21
1338.8730816986997
 31
0.0
 11
2020.398723790901
 21
1339.5167377528905
 31
0.0
 11
2021.391536650774
 21
1340.2636773272898
 31
0.0
 11
2022.3053863037665
 21
1341.106560926677
 31
0.0
 11
2023.1310300884713
 21
1342.0370798170816
 31
0.0
 11
2023.8600959328678
 21
1343.0460379132187
 31
0.0
 11
2024.4851672302716
 21
1344.1234426493168
 31
0.0
 11
2024.9998582636783
 21
1345.258603935516
 31
0.0
 11
2025.398879411683
 21
1346.4402402199644
 31
0.0
 11
2025.6780914704457
 21
1347.65659060436
 31
0.0
 11
2025.8345485342347
 21
1348.8955318987882
 31
0.0
 11
2025.8665289908768
 21
1350.1446994508353
 31
0.0
 11
2025.7735543068056
 21
1351.3916105447117
 31
0.0
 11
2025.5563953981875
 21
1352.623789138874
 31
0.0
 11
2025.2170665085664
 21
1353.8288906956468
 31
0.0
 11
2024.758806638402
 21
1354.9948258538789
 31
0.0
 11
2024.1860486964977
 21
1356.1098817056204
 31
0.0
 11
2023.5043766664091
 21
1357.1628394602321
 31
0.0
 11
2022.7204712012212
 21
1358.1430873139443
 31
0.0
 11
2021.842044176418
 21
1359.0407273893572
 31
0.0
 11
2020.8777628417376
 21
1359.8466756672774
 31
0.0
 11
2019.8371643177904
 21
1360.5527539020588
 31
0.0
 11
2018.7305612808043
 21
1361.1517725905471
 31
0.0
 11
2017.5689397680947
 21
1361.6376041530864
 31
0.0
 11
2016.3638501168882
 21
1362.0052455819318
 31
0.0
 11
2015.1272921191357
 21
1362.2508699168698
 31
0.0
 11
2013.8715955341802
 21
1362.3718660188474
 31
0.0
 11
2012.609297149058
 21
1362.3668662288524
 31
0.0
 11
2011.3530156122565
 21
1362.2357616199877
 31
0.0
 11
2010.115325290569
 21
1361.9797046744882
 31
0.0
 11
2008.9086304100483
 21
1361.60109934304
 31
0.0
 11
2007.7450407408055
 21
1361.1035785699871
 31
0.0
 11
2006.6362500715275
 21
1360.491969493539
 31
0.0
 11
2005.5934186932416
 21
1359.7722466536952
 31
0.0
 11
2004.6270610732734
 21
1358.951473661029
 31
0.0
 11
2003.7469398498731
 21
1358.0377338955125
 31
0.0
 11
2002.9619672161718
 21
1357.0400509150597
 31
0.0
 11
2002.2801146895106
 21
1355.9682993572903
 31
0.0
 11
2001.7083321795237
 21
1354.8331072141295
 31
0.0
 11
2001.2524771764572
 21
1353.645750446305
 31
0.0
 11
2000.9172547809476
 21
1352.418040982654
 31
0.0
 11
2000.7061691889035
 21
1351.1622092166651
 31
0.0
 11
2000.6214871312732
 21
1349.890782169144
 31
0.0
 11
2000.6642136494606
 21
1348.6164585307035
 31
0.0
 11
2000.834080464202
 21
1347.351981830539
 31
0.0
 11
2001.1295470700002
 21
1346.1100129982383
 31
0.0
 11
2001.5478145600446
 21
1344.9030035930427
 31
0.0
 11
2002.0848520591524
 21
1343.7430709698717
 31
0.0
 11
2002.735435515948
 21
1342.6418766336417
 31
0.0
 11
2003.493198481513
 21
1341.6105090030405
 31
0.0
 11
2004.3506943813209
 21
1340.659371762338
 31
0.0
 11
2005.2994696716523
 21
1339.798078925335
 31
0.0
 11
2006.3301471620093
 21
1339.0353576698033
 31
0.0
 11
2007.4325186824187
 21
1338.378959924314
 31
0.0
 11
2008.595646179992
 21
1337.8355836029862
 31
0.0
 11
2009.8079702436169
 21
1337.4108042882606
 31
0.0
 11
2011.0574249800818
 21
1337.1090180582348
 31
0.0
 11
2012.3315581000486
 21
1336.9333960444446
 31
0.0
 11
2013.6176550187404
 21
1336.8858511893106
 31
0.0
 11
2014.9028657345434
 21
1336.967017550978
 31
0.0
 11
2016.174333219429
 21
1337.1762423781374
 31
0.0
 11
2017.419322038362
 21
1337.511591049917
 31
0.0
 11
2018.625345911031
 21
1337.9698648473004
 31
0.0
 11
2019.780292938202
 21
1338.5466313940979
 31
0.0
 11
2020.8725472367973
 21
1339.2362674784983
 31
0.0
 11
2021.891105762203
 21
1340.0320138420052
 31
0.0
 11
2022.8256891429467
 21
1340.9260414022783
 31
0.0
 11
2023.666845411363
 21
1341.9095282613393
 31
0.0
 11
2024.406045583587
 21
1342.9727467418738
 31
0.0
 11
2025.0357701224743
 21
1344.105159593085
 31
0.0
 11
2025.549585407106
 21
1345.2955244147324
 31
0.0
 11
2025.9422094314496
 21
1346.5320052646
 31
0.0
 11
2026.2095660615798
 21
1347.8022903414726
 31
0.0
 11
2026.34882729453
 21
1349.0937145735468
 31
0.0
 11
2026.3584430812218
 21
1350.3933858916894
 31
0.0
 11
2026.2381583998326
 21
1351.6883139285774
 31
0.0
 11
2025.9890173931517
 21
1352.9655398589418
 31
0.0
 11
2025.6133545126954
 21
1354.2122660831544
 31
0.0
 11
2025.1147727422992
 21
1355.415984456354
 31
0.0
 11
2024.4981091032853
 21
1356.5646017783106
 31
0.0
 11
2023.7693877708175
 21
1357.6465612850354
 31
0.0
 11
2022.9357612554302
 21
1358.6509589216357
 31
0.0
 11
2022.0054402236933
 21
1359.5676532266382
 31
0.0
 11
2020.9876126463635
 21
1360.387367720513
 31
0.0
 11
2019.8923530700051
 21
1361.1017847647765
 31
0.0
 11
2018.7305229078568
 21
1361.7036299421557
 31
0.0
 11
2017.5136627366896
 21
1362.1867461019804
 31
0.0
 11
2016.2538776675776
 21
1362.5461563173565
 31
0.0
 11
2014.9637169291195
 21
1362.778115110698
 31
0.0
 11
2013.656048860945
 21
1362.8801474208192
 31
0.0
 11
2012.3439325627082
 21
1362.8510749068037
 31
0.0
 11
2011.0404874787646
 21
1362.6910293100964
 31
0.0
 11
2009.7587622209278
 21
1362.4014527254237
 31
0.0
 11
2008.5116039409045
 21
1361.9850847619662
 31
0.0
 11
2007.3115295600956
 21
1361.445936707362
 31
0.0
 11
2006.1706001474547
 21
1360.789252937322
 31
0.0
 11
2005.1002997061441
 21
1360.021459941541
 31
0.0
 11
2004.111419587142
 21
1359.150103460969
 31
0.0
 11
2003.213949693129
 21
1358.18377435106
 31
0.0
 11
2002.4169775694215
 21
1357.1320238991705
 31
0.0
 11
2001.7285964011437
 21
1356.0052694306864
 31
0.0
 11
2001.1558228479207
 21
1354.8146911366375
 31
0.0
 11
2000.7045255500743
 21
1353.572121144521
 31
0.0
 11
2000.3793650345162
 21
1352.2899259329154
 31
0.0
 11
2000.1837456353448
 21
1350.980883258372
 31
0.0
 11
2000.1197799246654
 21
1349.6580548194183
 31
0.0
 11
2000.1882660245706
 21
1348.3346559266126
 31
0.0
 11
2000.3886780427677
 21
1347.0239234790836
 31
0.0
 11
2000.719169743317
 21
1345.7389835664922
 31
0.0
 11
2001.1765914316363
 21
1344.492720020692
 31
0.0
 11
2001.7565199006808
 21
1343.297645233438
 31
0.0
 11
2002.4533011543342
 21
1342.1657745354007
 31
0.0
 11
2003.2601054958432
 21
1341.1085053976728
 31
0.0
 11
2004.1689944449174
 21
1340.136502670184
 31
0.0
 11
2005.1709988281082
 21
1339.2595910125121
 31
0.0
 11
2006.2562072744918
 21
1338.486655601975
 31
0.0
 11
2007.4138642436578
 21
1337.825552122365
 31
0.0
 11
2008.632476616558
 21
1337.283026945028
 31
0.0
 11
2009.8999277929536
 21
1336.8646483130763
 31
0.0
 11
2011.2035981628153
 21
1336.5747492304083
 31
0.0
 11
2012.5304907538932
 21
1336.416382640914
 31
0.0
 11
2013.867360804473
 21
1336.3912893609665
 31
0.0
 11
2015.2008479695517
 21
1336.4998791012426
 31
0.0
 11
2016.5176098407774
 21
1336.741224783338
 31
0.0
 11
2017.8044554458036
 21
1337.1130702238618
 31
0.0
 11
2019.0484773912945
 21
1337.6118511250143
 31
0.0
 11
2020.2371813258378
 21
1338.2327291774504
 31
0.0
 11
2021.3586114242382
 21
1338.9696389497774
 31
0.0
 11
2022.401470632949
 21
1339.8153471107178
 31
0.0
 11
2023.3552344673285
 21
1340.7615234060252
 31
0.0
 11
2024.210257214482
 21
1341.7988226939333
 31
0.0
 11
2024.957869470092
 21
1342.9169772314424
 31
0.0
 11
2025.5904660230854
 21
1344.1048983002213
 31
0.0
 11
2026.101583197393
 21
1345.3507861663747
 31
0.0
 11
2026.4859648644988
 21
1346.642247283737
 31
0.0
 11
2026.7396164529116
 21
1347.9664175765997
 31
0.0
 11
2026.8598463999956
 21
1349.310090575562
 31
0.0
 11
2026.8452946165917
 21
1350.6598491301936
 31
0.0
 11
2026.695947664313
 21
1352.0021993848984
 31
0.0
 11
2026.4131404779885
 21
1353.3237056801752
 31
0.0
 11
2025.9995446001662
 21
1354.6111250306378
 31
0.0
 11
2025.4591430295081
 21
1355.8515398338013
 31
0.0
 11
2024.797191918968
 21
1357.032487479755
 31
0.0
 11
2024.020169491505
 21
1358.1420855613019
 31
0.0
 11
2023.1357126694118
 21
1359.1691514266222
 31
0.0
 11
2022.1525420368732
 21
1360.1033148716567
 31
0.0
 11
2021.0803758728096
 21
1360.9351228366381
 31
0.0
 11
2019.9298341013114
 21
1361.6561350498682
 31
0.0
 11
2018.712333108839
 21
1362.2590096511813
 31
0.0
 11
2017.4399724698508
 21
1362.7375779266656
 31
0.0
 11
2016.125414704731
 21
1363.0869073941437
 31
0.0
 11
2014.7817592648953
 21
1363.3033525945916
 31
0.0
 11
2013.4224119991322
 21
1363.3845930669258
 31
0.0
 11
2012.0609514019116
 21
1363.3296581112259
 31
0.0
 11
2010.7109929781113
 21
1363.138938077187
 31
0.0
 11
2009.3860530790162
 21
1362.8141820491214
 31
0.0
 11
2008.0994135713256
 21
1362.3584819347832
 31
0.0
 11
2006.863988694145
 21
1361.7762431013543
 31
0.0
 11
2005.6921954386344
 21
1361.073141836688
 31
0.0
 11
2004.5958287512956
 21
1360.2560700460672
 31
0.0
 11
2003.5859428151207
 21
1359.3330677229274
 31
0.0
 11
2002.6727396034798
 21
1358.3132438549476
 31
0.0
 11
2001.8654658302476
 21
1357.206686543408
 31
0.0
 11
2001.1723193369476
 21
1356.0243632225315
 31
0.0
 11
2000.6003658645022
 21
1354.7780119656275
 31
0.0
 11
2000.1554670543474
 21
1353.4800249551804
 31
0.0
 11
1999.8422204123067
 21
1352.1433252736774
 31
0.0
 11
1999.6639118497699
 21
1350.7812382401546
 31
0.0
 11
1999.6224812915868
 21
1349.4073585734182
 31
0.0
 11
1999.7185017099127
 21
1348.035414706155
 31
0.0
 11
1999.9511718093217
 21
1346.6791316041802
 31
0.0
 11
2000.3183224521733
 21
1345.352093461589
 31
0.0
 11
2000.8164367758395
 21
1344.0676076454151
 31
0.0
 11
2001.440683816346
 21
1342.8385712524894
 31
0.0
 11
2002.1849653176284
 21
1341.6773416166006
 31
0.0
 11
2003.0419752732978
 21
1340.5956120661244
 31
0.0
 11
2004.0032716198948
 21
1339.604294181209
 31
0.0
 11
2005.059359378356
 21
1338.713407736042
 31
0.0
 11
2006.1997844250516
 21
1337.9319794361863
 31
0.0
 11
2007.4132369664694
 21
1337.2679514742465
 31
0.0
 11
2008.6876636934473
 21
1336.728100830073
 31
0.0
 11
2010.0103875028428
 21
1336.3179701352676
 31
0.0
 11
2011.3682335975288
 21
1336.041810806992
 31
0.0
 11
2012.7476607104234
 21
1335.9025390341199
 31
0.0
 11
2014.1348961455408
 21
1335.9017050708605
 31
0.0
 11
2015.5160732893737
 21
1336.0394761603445
 31
0.0
 11
2016.8773702196452
 21
1336.3146332746587
 31
0.0
 11
2018.2051480259097
 21
1336.7245817197925
 31
0.0
 11
2019.486087457796
 21
1337.265375515283
 31
0.0
 11
2020.7073225318109
 21
1337.9317553204223
 31
0.0
 11
2021.8565697565023
 21
1338.717199543083
 31
0.0
 11
2022.9222516780837
 21
1339.6139881349118
 31
0.0
 11
2023.8936135039546
 21
1340.6132784491244
 31
0.0
 11
2024.7608316294134
 21
1341.705192415747
 31
0.0
 11
2025.5151129725068
 21
1342.8789141750478
 31
0.0
 11
2026.1487841126943
 21
1344.1227972042868
 31
0.0
 11
2026.6553693298729
 21
1345.4244798768239
 31
0.0
 11
2027.0296567503376
 21
1346.7710083070529
 31
0.0
 11
2027.2677519243418
 21
1348.1489652604112
 31
0.0
 11
2027.3671182849105
 21
1349.5446038456512
 31
0.0
 11
2027.3266040681845
 21
1350.943984657251
 31
0.0
 11
2027.146455410566
 21
1352.3331149997914
 31
0.0
 11
2026.8283154759097
 21
1353.6980888037667
 31
0.0
 11
2026.37520960562
 21
1355.0252258337666
 31
0.0
 11
2025.7915166243479
 21
1356.3012087954864
 31
0.0
 11
2025.0829265726552
 21
1357.5132169674478
 31
0.0
 11
2024.2563852741278
 21
1358.649055016526
 31
0.0
 11
2023.3200262766006
 21
1359.6972757030576
 31
0.0
 11
2022.2830908341016
 21
1360.647295240965
 31
0.0
 11
2021.155836716537
 21
1361.4895001504233
 31
0.0
 11
2019.9494367468053
 21
1362.2153445244126
 31
0.0
 11
2018.6758680688338
 21
1362.8174367251788
 31
0.0
 11
2017.3477932439032
 21
1363.2896146312735
 31
0.0
 11
2015.9784343556262
 21
1363.6270086694178
 31
0.0
 11
2014.5814413752344
 21
1363.8260919867676
 31
0.0
 11
2013.1707560976602
 21
1363.8847172471148
 31
0.0
 11
2011.7604730047
 21
1363.8021396677964
 31
0.0
 11
2010.364698443823
 21
1363.5790260513209
 31
0.0
 11
2008.9974095295947
 21
1363.2174497055767
 31
0.0
 11
2007.6723141790553
 21
1362.7208712875474
 31
0.0
 11
2006.4027136826335
 21
1362.0941057463513
 31
0.0
 11
2005.201369188377
 21
1361.343275680684
 31
0.0
 11
2004.080373439685
 21
1360.475751562042
 31
0.0
 11
2003.0510290556679
 21
1359.5000794070145
 31
0.0
 11
2002.1237345792392
 21
1358.4258966081607
 31
0.0
 11
2001.3078794417122
 21
1357.2638367522673
 31
0.0
 11
2000.611748904743
 21
1356.0254243658956
 31
0.0
 11
2000.042439941828
 21
1354.7229606299506
 31
0.0
 11
1999.6057889131844
 21
1353.369401196549
 31
0.0
 11
1999.306311770809
 21
1351.9782273217252
 31
0.0
 11
1999.147157405965
 21
1350.56331159577
 31
0.0
 11
1999.1300746205316
 21
1349.1387796084755
 31
0.0
 11
1999.2553930678955
 21
1347.7188689287193
 31
0.0
 11
1999.5220183696615
 21
1346.317786806244
 31
0.0
 11
1999.9274414728752
 21
1344.9495680178397
 31
0.0
 11
2000.4677621700303
 21
1343.627934280279
 31
0.0
 11
2001.1377265623562
 21
1342.3661566382616
 31
0.0
 11
2001.930778107123
 21
1341.1769222074442
 31
0.0
 11
2002.8391217533933
 21
1340.0722066105725
 31
0.0
 11
2003.8538005391506
 21
1339.063153389285
 31
0.0
 11
2004.9647838973485
 21
1338.1599616057733
 31
0.0
 11
2006.1610668004514
 21
1337.3717827679113
 31
0.0
 11
2007.4307787636117
 21
1336.7066281194247
 31
0.0
 11
2008.761301626925
 21
1336.1712872341432
 31
0.0
 11
2010.13939494815
 21
1335.7712587413052
 31
0.0
 11
2011.5513277598482
 21
1335.5106938884499
 31
0.0
 11
2012.983015379842
 21
1335.3923535207487
 31
0.0
 11
2014.4201599118758
 21
1335.4175789220615
 31
0.0
 11
2015.8483930349219
 21
1335.5862768247896
 31
0.0
 11
2017.2534196551492
 21
1335.8969187541911
 31
0.0
 11
2018.6211609843338
 21
1336.3465547295796
 31
0.0
 11
2019.9378956126593
 21
1336.9308412012153
 31
0.0
 11
2021.190397162336
 21
1337.644082959139
 31
0.0
 11
2022.3660671411044
 21
1338.479288610104
 31
0.0
 11
2023.453061661204
 21
1339.4282390825842
 31
0.0
 11
2024.4404107492805
 21
1340.481568488877
 31
0.0
 11
2025.3181290454306
 21
1341.6288565489572
 31
0.0
 11
2026.077316774412
 21
1342.8587316641815
 31
0.0
 11
2026.7102499681412
 21
1344.1589836213886
 31
0.0
 11
2027.2104590250144
 21
1345.5166848104577
 31
0.0
 11
2027.5727948072833
 21
1346.9183187519952
 31
0.0
 11
2027.7934816015018
 21
1348.3499146573472
 31
0.0
 11
2027.8701563977677
 21
1349.7971866813741
 31
0.0
 11
2027.8018940797626
 21
1351.2456764800204
 31
0.0
 11
2027.589218258099
 21
1352.6808976500918
 31
0.0
 11
2027.234097622838
 21
1354.0884806082952
 31
0.0
 11
2026.7399278357814
 21
1355.4543164605923
 31
0.0
 11
2026.1114991278378
 21
1356.7646984214389
 31
0.0
 11
2025.354949909961
 21
1358.0064593654217
 31
0.0
 11
2024.477706846438
 21
1359.167104130946
 31
0.0
 11
2023.4884119752292
 21
1360.234935246609
 31
0.0
 11
2022.396837590304
 21
1361.1991708152666
 31
0.0
 11
2021.2137897241275
 21
1362.0500533678626
 31
0.0
 11
2019.9510011834404
 21
1362.7789485881415
 31
0.0
 11
2018.6210151970122
 21
1363.3784329095147
 31
0.0
 11
2017.237060829147
 21
1363.842369095581
 31
0.0
 11
2015.8129213963596
 21
1364.1659690350637
 31
0.0
 11
2014.3627971959777
 21
1364.3458431090005
 31
0.0
 11
2012.901163913786
 21
1364.3800356216702
 31
0.0
 11
2011.4426281225183
 21
1364.2680459256121
 31
0.0
 11
2010.001781313672
 21
1364.0108350138225
 31
0.0
 11
2008.5930539213496
 21
1363.610817497366
 31
0.0
 11
2007.2305707984951
 21
1363.0718390327613
 31
0.0
 11
2005.928009592962
 21
1362.3991394091515
 31
0.0
 11
2004.698463443399
 21
1361.5993016489624
 31
0.0
 11
2003.5543093732629
 21
1360.68018761607
 31
0.0
 11
2002.507083705764
 21
1359.650860761026
 31
0.0
 11
2001.567365753731
 21
1358.5214967622655
 31
0.0
 11
2000.7446709569556
 21
1357.3032829441343
 31
0.0
 11
2000.0473545463294
 21
1356.0083074658207
 31
0.0
 11
1999.4825267099397
 21
1354.6494393786961
 31
0.0
 11
1999.0559801222566
 21
1353.240200742097
 31
0.0
 11
1998.772130574806
 21
1351.7946320683523
 31
0.0
 11
1998.633971316428
 21
1350.3271524359382
 31
0.0
 11
1998.6430415747238
 21
1348.852415664463
 31
0.0
 11
1998.7994095889228
 21
1347.3851639860743
 31
0.0
 11
1999.101670339574
 21
1345.940080674476
 31
0.0
 11
1999.5469580136294
 21
1344.5316431047559
 31
0.0
 11
2000.1309730961061
 21
1343.1739777145003
 31
0.0
 11
2000.848023833057
 21
1341.8807183192275
 31
0.0
 11
2001.691081666532
 21
1340.6648692031854
 31
0.0
 11
2002.6518501019882
 21
1339.5386743603156
 31
0.0
 11
2003.720846333647
 21
1338.513494200118
 31
0.0
 11
2004.8874948249234
 21
1337.5996909599044
 31
0.0
 11
2006.1402319205931
 21
1336.8065239791322
 31
0.0
 11
2007.466620455995
 21
1336.1420558941074
 31
0.0
 11
2008.8534732274368
 21
1335.6130707032128
 31
0.0
 11
2010.2869840981114
 21
1335.2250045350788
 31
0.0
 11
2011.7528654361174
 21
1334.9818898259255
 31
0.0
 11
2013.2364905164225
 21
1334.8863134788985
 31
0.0
 11
2014.7230394675023
 21
1334.9393894389532
 31
0.0
 11
2016.1976473063871
 21
1335.140745973089
 31
0.0
 11
2017.6455525833944
 21
1335.488527798915
 31
0.0
 11
2019.0522451501608
 21
1335.9794130561343
 31
0.0
 11
2020.4036115717586
 21
1336.6086449670363
 31
0.0
 11
2021.6860767256617
 21
1337.3700778849493
 31
0.0
 11
2022.8867401669477
 21
1338.2562372853572
 31
0.0
 11
2023.993505889932
 21
1339.2583931144004
 31
0.0
 11
2024.9952041810682
 21
1340.3666457752372
 31
0.0
 11
2025.881704335657
 21
1341.570023905529
 31
0.0
 11
2026.6440171010136
 21
1342.8565929804458
 31
0.0
 11
2027.2743858103106
 21
1344.2135736662608
 31
0.0
 11
2027.7663652833614
 21
1345.6274687509072
 31
0.0
 11
2028.1148876919995
 21
1347.0841973908034
 31
0.0
 11
2028.316314717284
 21
1348.569235338736
 31
0.0
 11
2028.3684754621856
 21
1350.0677597563151
 31
0.0
 11
2028.270689725336
 21
1351.5647971671715
 31
0.0
 11
2028.023776387484
 21
1353.0453730741235
 31
0.0
 11
2027.630046810951
 21
1354.494661745304
 31
0.0
 11
2027.0932833022348
 21
1355.8981346709868
 31
0.0
 11
2026.41870283738
 21
1357.2417062045458
 31
0.0
 11
2025.6129063973956
 21
1358.511874927581
 31
0.0
 11
2024.6838144053297
 21
1359.6958593204818
 31
0.0
 11
2023.6405888961674
 21
1360.7817263751656
 31
0.0
 11
2022.4935431841354
 21
1361.7585118558914
 31
0.0
 11
2021.254039917867
 21
1362.6163309962485
 31
0.0
 11
2019.9343785310054
 21
1363.3464785148092
 31
0.0
 11
2018.547673202984
 21
1363.9415169376227
 31
0.0
 11
2017.1077225408262
 21
1364.395352331641
 31
0.0
 11
2015.62887227692
 21
1364.7032966781678
 31
0.0
 11
2014.1258723489627
 21
1364.8621162482668
 31
0.0
 11
2012.6137297859004
 21
1364.8700654814425
 31
0.0
 11
2011.1075588671586
 21
1364.7269060134008
 31
0.0
 11
2009.6224300512777
 21
1364.4339106469106
 31
0.0
 11
2008.1732191839467
 21
1363.9938522101972
 31
0.0
 11
2006.7744584942407
 21
1363.4109773984358
 31
0.0
 11
2005.4401908715354
 21
1362.690965844247
 31
0.0
 11
2004.1838288843414
 21
1361.8408748111297
 31
0.0
 11
2003.0180199563893
 21
1360.8690700480113
 31
0.0
 11
2001.954519055172
 21
1359.7851434821157
 31
0.0
 11
2001.0040701744294
 21
1358.599818559722
 31
0.0
 11
2000.176297805419
 21
1357.324844168829
 31
0.0
 11
1999.4796094931319
 21
1355.9728781929232
 31
0.0
 11
1998.9211104638784
 21
1354.5573618499109
 31
0.0
 11
1998.5065311909136
 21
1353.0923860636474
 31
0.0
 11
1998.2401686362643
 21
1351.592551196515
 31
0.0
 11
1998.124841770853
 21
1350.0728215393237
 31
0.0
 11
1998.1618618328096
 21
1348.548376008692
 31
0.0
 11
1998.3510176368907
 21
1347.0344565415382
 31
0.0
 11
1998.690576097681
 21
1345.5462157009088
 31
0.0
 11
1999.1772979772136
 21
1344.098565016823
 31
0.0
 11
1999.8064687153553
 21
1342.7060255800632
 31
0.0
 11
2000.5719440502517
 21
1341.3825823858847
 31
0.0
 11
2001.46620998787
 21
1340.141543888647
 31
0.0
 11
2002.4804565356612
 21
1338.9954081777742
 31
0.0
 11
2003.6046644770497
 21
1337.9557371206752
 31
0.0
 11
2004.827704332253
 21
1337.0330397399398
 31
0.0
 11
2006.1374465281217
 21
1336.2366660010798
 31
0.0
 11
2007.520881686543
 21
1335.5747120841384
 31
0.0
 11
2008.9642498385874
 21
1335.0539380987325
 31
0.0
 11
2010.4531772810415
 21
1334.6796990785972
 31
0.0
 11
2011.9728197141928
 21
1334.4558899597116
 31
0.0
 11
2013.5080102354727
 21
1334.3849051069328
 31
0.0
 11
2015.0434107135072
 21
1334.4676128090914
 31
0.0
 11
2016.5636650317897
 21
1334.7033450132008
 31
0.0
 11
2018.053552670909
 21
1335.0899024162466
 31
0.0
 11
2019.4981410933026
 21
1335.623574879516
 31
0.0
 11
2020.8829354048896
 21
1336.2991769770902
 31
0.0
 11
2022.1940237936187
 21
1337.1100983385377
 31
0.0
 11
2023.4182172856397
 21
1338.0483682974714
 31
0.0
 11
2024.5431824151774
 21
1339.1047342140346
 31
0.0
 11
2025.5575654736028
 21
1340.2687527019082
 31
0.0
 11
2026.451107086086
 21
1341.5288928605592
 31
0.0
 11
2027.2147459596717
 21
1342.8726504924116
 31
0.0
 11
2027.8407107537664
 21
1344.286672173669
 31
0.0
 11
2028.3225991417712
 21
1345.7568879477958
 31
0.0
 11
2028.655443259772
 21
1347.268651323111
 31
0.0
 11
2028.8357608735598
 21
1348.806885181538
 31
0.0
 11
2028.8615917374418
 21
1350.3562321449765
 31
0.0
 11
2028.732518765905
 21
1351.9012078996832
 31
0.0
 11
2028.4496737907405
 21
1353.4263559478989
 31
0.0
 11
2028.0157278302033
 21
1354.9164022401328
 31
0.0
 11
2027.434865951665
 21
1356.356408141098
 31
0.0
 11
2026.712746963412
 21
1357.7319201973944
 31
0.0
 11
2025.8564483232644
 21
1359.0291152054517
 31
0.0
 11
2024.8743967999771
 21
1360.234939123718
 31
0.0
 11
2023.7762855664596
 21
1361.337238433187
 31
0.0
 11
2022.5729785402877
 21
1362.3248826244587
 31
0.0
 11
2021.276402915394
 21
1363.187876576955
 31
0.0
 11
2019.8994309479165
 21
1363.9174616957685
 31
0.0
 11
2018.4557521677832
 21
1364.5062047829308
 31
0.0
 11
2016.9597372845856
 21
1364.9480737415445
 31
0.0
 11
2015.4262951406704
 21
1365.2384993420324
 31
0.0
 11
2013.8707241353288
 21
1365.3744224184006
 31
0.0
 11
2012.3085596007215
 21
1365.3543260075276
 31
0.0
 11
2010.7554186521752
 21
1365.178252094625
 31
0.0
 11
2009.226844062324
 21
1364.8478027816725
 31
0.0
 11
2007.7381487198927
 21
1364.3661258512736
 31
0.0
 11
2006.3042622296705
 21
1363.7378848544618
 31
0.0
 11
2004.939581190389
 21
1362.9692140059344
 31
0.0
 11
2003.6578246519719
 21
1362.0676583224736
 31
0.0
 11
2002.4718962033535
 21
1361.0420995883703
 31
0.0
 11
2001.3937540771979
 21
1359.902668874066
 31
0.0
 11
2000.4342905790504
 21
1358.6606464694617
 31
0.0
 11
1999.6032220565107
 21
1357.328350220138
 31
0.0
 11
1998.9089905198055
 21
1355.9190133717464
 31
0.0
 11
1998.3586779096922
 21
1354.4466531339006
 31
0.0
 11
1997.957933883136
 21
1352.9259312689828
 31
0.0
 11
1997.7109178528274
 21
1351.3720080923677
 31
0.0
 11
1997.6202558747755
 21
1349.8003913378898
 31
0.0
 11
1997.6870128302714
 21
1348.2267813952255
 31
0.0
 11
1997.9106801959579
 21
1346.6669144636576
 31
0.0
 11
1998.289179540102
 21
1345.1364051891208
 31
0.0
 11
1998.8188817259838
 21
1343.6505903581633
 31
0.0
 11
1999.494641646162
 21
1342.2243752134766
 31
0.0
 11
2000.3098481558281
 21
1340.8720839310008
 31
0.0
 11
2001.2564887210779
 21
1339.6073157585415
 31
0.0
 11
2002.3252281502412
 21
1338.4428082606928
 31
0.0
 11
2003.5055006348775
 21
1337.3903090452382
 31
0.0
 11
2004.7856141931265
 21
1336.460457262743
 31
0.0
 11
2006.1528664831178
 21
1335.662676074565
 31
0.0
 11
2007.593670839357
 21
1335.005077176006
 31
0.0
 11
2009.0936912815873
 21
1334.4943783418055
 31
0.0
 11
2010.6379851546108
 21
1334.1358348318934
 31
0.0
 11
2012.2111519798545
 21
1333.9331853574854
 31
0.0
 11
2013.7974870359235
 21
1333.8886131626678
 31
0.0
 11
2015.381138136567
 21
1334.0027226259485
 31
0.0
 11
2016.946264040965
 21
1334.2745316314074
 31
0.0
 11
2018.4771929133565
 21
1334.701479801568
 31
0.0
 11
2019.9585792469354
 21
1335.2794525255317
 31
0.0
 11
2021.3755576807202
 21
1336.0028205578324
 31
0.0
 11
2022.7138921676242
 21
1336.8644948074834
 31
0.0
 11
2023.9601189968919
 21
1337.8559957843438
 31
0.0
 11
2025.1016822340782
 21
1338.967537022774
 31
0.0
 11
2026.1270602161426
 21
1340.188121662046
 31
0.0
 11
2027.025881827355
 21
1341.5056512305266
 31
0.0
 11
2027.7890313826827
 21
1342.9070455576352
 31
0.0
 11
2028.4087410581044
 21
1344.3783726251695
 31
0.0
 11
2028.87866993083
 21
1345.9049870689776
 31
0.0
 11
2029.1939688254142
 21
1347.471675954144
 31
0.0
 11
2029.351330302953
 21
1349.0628103727145
 31
0.0
 11
2029.3490232785039
 21
1350.6625013532866
 31
0.0
 11
2029.1869119051448
 21
1352.254758527175
 31
0.0
 11
2028.866458520115
 21
1353.8236499667134
 31
0.0
 11
2028.3907106077083
 21
1355.3534615979631
 31
0.0
 11
2027.7642718934499
 21
1356.8288545927792
 31
0.0
 11
2026.9932578429334
 21
1358.2350191637886
 31
0.0
 11
2026.0852359949886
 21
1359.557823220277
 31
0.0
 11
2025.0491517109767
 21
1360.783954392852
 31
0.0
 11
2023.8952400684957
 21
1361.9010539995943
 31
0.0
 11
2022.634924767091
 21
1362.8978416056339
 31
0.0
 11
2021.2807050443619
 21
1363.764228920828
 31
0.0
 11
2019.8460317217878
 21
1364.4914218856402
 31
0.0
 11
2018.3451736094366
 21
1365.0720099123519
 31
0.0
 11
2016.7930755963907
 21
1365.5000413761936
 31
0.0
 11
2015.2052098382094
 21
1365.7710845876452
 31
0.0
 11
2013.5974215231904
 21
1365.8822736216418
 31
0.0
 11
2011.9857707549
 21
1365.832338530277
 31
0.0
 11
2010.3863721288014
 21
1365.6216196213613
 31
0.0
 11
2008.8152336054388
 21
1365.252065644273
 31
0.0
 11
2007.2880962912586
 21
1364.7272158853687
 31
0.0
 11
2005.8202767306484
 21
1364.0521663361858
 31
0.0
 11
2004.4265132892394
 21
1363.2335202571567
 31
0.0
 11
2003.1208181691554
 21
1362.2793236159794
 31
0.0
 11
2001.9163365420477
 21
1361.1989860315628
 31
0.0
 11
2000.825214216036
 21
1360.0031880000795
 31
0.0
 11
1999.8584751686944
 21
1358.7037753176683
 31
0.0
 11
1999.0259101808183
 21
1357.3136417432772
 31
0.0
 11
1998.335977695903
 21
1355.8466010638344
 31
0.0
 11
1997.7957179090467
 21
1354.3172498310716
 31
0.0
 11
1997.4106809576426
 21
1352.7408221338894
 31
0.0
 11
1997.184869946018
 21
1351.1330378511784
 31
0.0
 11
1997.1206993884928
 21
1349.509945896625
 31
0.0
 11
1997.2189695016798
 21
1347.887764018627
 31
0.0
 11
1997.478856618707
 21
1346.2827167544353
 31
0.0
 11
1997.8979198370441
 21
1344.7108731576584
 31
0.0
 11
1998.4721238493298
 21
1343.1879859221258
 31
0.0
 11
1999.1958777446548
 21
1341.7293335127324
 31
0.0
 11
2000.062089407795
 21
1340.3495668853666
 31
0.0
 11
2001.0622349874852
 21
1339.0625623336725
 31
0.0
 11
2002.1864427535652
 21
1337.8812819406178
 31
0.0
 11
2003.4235905182272
 21
1336.8176430381857
 31
0.0
 11
2004.761415660107
 21
1335.8823979897884
 31
0.0
 11
2006.1866366629326
 21
1335.085025508011
 31
0.0
 11
2007.6850849642224
 21
1334.433634606078
 31
0.0
 11
2009.241845805191
 21
1333.9348821561327
 31
0.0
 11
2010.841406681722
 21
1333.5939048922519
 31
0.0
 11
2012.4678119188532
 21
1333.4142665524291
 31
0.0
 11
2014.1048218285264
 21
1333.3979207030054
 31
0.0
 11
2015.7360748630222
 21
1333.5451896326656
 31
0.0
 11
2017.345251144967
 21
1333.854759542751
 31
0.0
 11
2018.9162357394694
 21
1334.3236920978381
 31
0.0
 11
2020.4332800349364
 21
1334.9474522369367
 31
0.0
 11
2021.881159616445
 21
1335.7199519829019
 31
0.0
 11
2023.2453270490648
 21
1336.633609827363
 31
0.0
 11
2024.5120580379198
 21
1337.6794251122558
 31
0.0
 11
2025.6685894965296
 21
1338.8470666784629
 31
0.0
 11
2026.7032481345066
 21
1340.124974908645
 31
0.0
 11
2027.6055682691733
 21
1341.5004761565103
 31
0.0
 11
2028.3663976722012
 21
1342.959908429882
 31
0.0
 11
2028.9779903809247
 21
1344.4887570812687
 31
0.0
 11
2029.4340855333373
 21
1346.0717991583058
 31
0.0
 11
2029.7299714246756
 21
1347.6932549785245
 31
0.0
 11
2029.8625341305649
 21
1349.336945419234
 31
0.0
 11
2029.8302901954453
 21
1350.9864533546975
 31
0.0
 11
2029.6334030439175
 21
1352.6252876297476
 31
0.0
 11
2029.273682935143
 21
1354.2370479320998
 31
0.0
 11
2028.754570444879
 21
1355.805588915021
 31
0.0
 11
2028.0811036245045
 21
1357.3151819279326
 31
0.0
 11
2027.2598691498044
 21
1358.7506727348846
 31
0.0
 11
2026.298937932753
 21
1360.0976336393842
 31
0.0
 11
2025.2077858254042
 21
1361.3425084885268
 31
0.0
 11
2023.9972001947303
 21
1362.4727490991172
 31
0.0
 11
2022.6791732893457
 21
1363.4769417328778
 31
0.0
 11
2021.2667834520512
 21
1364.3449223460773
 31
0.0
 11
2019.7740653547328
 21
1365.0678794499654
 31
0.0
 11
2018.2158705430973
 21
1365.6384435412224
 31
0.0
 11
2016.607719676887
 21
1366.050762194975
 31
0.0
 11
2014.9656479356188
 21
1366.3005600554875
 31
0.0
 11
2013.3060451296824
 21
1366.38518310996
 31
0.0
 11
2011.6454921110467
 21
1366.3036267875214
 31
0.0
 11
2010.000595116399
 21
1366.0565475868402
 31
0.0
 11
2008.3878196977541
 21
1365.6462581002838
 31
0.0
 11
2006.8233259013075
 21
1365.0767054684998
 31
0.0
 11
2005.3228063443953
 21
1364.3534334650903
 31
0.0
 11
2003.9013288130118
 21
1363.4835285749798
 31
0.0
 11
2002.5731849586705
 21
1362.4755505905518
 31
0.0
 11
2001.351746613887
 21
1361.3394484049943
 31
0.0
 11
2000.2493311707958
 21
1360.0864618310186
 31
0.0
 11
1999.2770773781438
 21
1358.729010413703
 31
0.0
 11
1998.4448328089684
 21
1357.2805703372353
 31
0.0
 11
1997.7610541357185
 21
1355.7555406454717
 31
0.0
 11
1997.2327212225496
 21
1354.1691001042902
 31
0.0
 11
1996.8652659072668
 21
1352.5370561286047
 31
0.0
 11
1996.6625161992756
 21
1350.8756872776128
 31
0.0
 11
1996.6266564663827
 21
1349.2015808876538
 31
0.0
 11
1996.7582040238995
 21
1347.5314674621538
 31
0.0
 11
1997.0560023758092
 21
1345.882053472132
 31
0.0
 11
1997.5172311914312
 21
1344.2698542382134
 31
0.0
 11
1998.137432933683
 21
1342.7110285658512
 31
0.0
 11
1998.910555888393
 21
1341.2212167895239
 31
0.0
 11
1999.8290131798158
 21
1339.8153838491419
 31
0.0
 11
2000.883757197199
 21
1338.5076689730909
 31
0.0
 11
2002.0643687025442
 21
1337.3112434777538
 31
0.0
 11
2003.3591597421516
 21
1336.2381781135914
 31
0.0
 11
2004.7552893456354
 21
1335.2993212937133
 31
0.0
 11
2006.2388908672085
 21
1334.5041894332928
 31
0.0
 11
2007.7952097065006
 21
1333.860870508172
 31
0.0
 11
2009.4087500411538
 21
1333.3759418098405
 31
0.0
 11
2011.0634291119825
 21
1333.054402732876
 31
0.0
 11
2012.742737524587
 21
1332.899623281352
 31
0.0
 11
2014.4299039696543
 21
1332.9133088241308
 31
0.0
 11
2016.108062718466
 21
1333.095481466926
 31
0.0
 11
2017.76042222085
 21
1333.4444782431356
 31
0.0
 11
2019.370433120177
 21
1333.956966157406
 31
0.0
 11
2020.9219540042616
 21
1334.6279739473375
 31
0.0
 11
2022.39941323209
 21
1335.4509402613814
 31
0.0
 11
2023.787965213985
 21
1336.417777786483
 31
0.0
 11
2025.07363957677
 21
1337.5189526990373
 31
0.0
 11
2026.243481715205
 21
1338.7435786588605
 31
0.0
 11
2027.285683315698
 21
1340.0795244196613
 31
0.0
 11
2028.1897015373002
 21
1341.5135339924316
 31
0.0
 11
2028.9463656471992
 21
1343.031358171599
 31
0.0
 11
2029.5479700322985
 21
1344.617896119007
 31
0.0
 11
2029.988352643739
 21
1346.2573455989573
 31
0.0
 11
2030.262958076043
 21
1347.933360369694
 31
0.0
 11
2030.3688846355212
 21
1349.6292131637056
 31
0.0
 11
2030.3049149121252
 21
1351.3279626318736
 31
0.0
 11
2030.0715295334958
 21
1353.0126225853014
 31
0.0
 11
2029.6709039478808
 21
1354.666331844117
 31
0.0
 11
2029.106888252215
 21
1356.2725229949015
 31
0.0
 11
2028.3849702512737
 21
1357.8150883677083
 31
0.0
 11
2027.5122221017198
 21
1359.2785415698763
 31
0.0
 11
2026.4972310593955
 21
1360.6481729567404
 31
0.0
 11
2025.3500150077168
 21
1361.9101974784594
 31
0.0
 11
2024.0819235978827
 21
1363.0518934170059
 31
0.0
 11
2022.705525976323
 21
1364.0617306170886
 31
0.0
 11
2021.234486209886
 21
1364.929486918566
 31
0.0
 11
2019.6834276433472
 21
1365.646351614739
 31
0.0
 11
2018.0677875357003
 21
1366.2050148895767
 31
0.0
 11
2016.4036634201784
 21
1366.5997423262156
 31
0.0
 11
2014.7076527170777
 21
1366.8264337275618
 31
0.0
 11
2012.9966871973847
 21
1366.882665646034
 31
0.0
 11
2011.2878639482012
 21
1366.767717181891
 31
0.0
 11
2009.5982745274682
 21
1366.4825787765335
 31
0.0
 11
2007.9448340152067
 21
1366.0299438970233
 31
0.0
 11
2006.3441116710753
 21
1365.414183679096
 31
0.0
 11
2004.8121648935949
 21
1364.6413047664753
 31
0.0
 11
2003.3643781449239
 21
1363.718890752611
 31
0.0
 11
2002.0153084569408
 21
1362.6560277953429
 31
0.0
 11
2000.7785390700608
 21
1361.4632151338628
 31
0.0
 11
1999.6665426763036
 21
1360.1522613890281
 31
0.0
 11
1998.6905556434103
 21
1358.7361676711078
 31
0.0
 11
1997.8604644882512
 21
1357.2289986519527
 31
0.0
 11
1997.1847057464147
 21
1355.645742880057
 31
0.0
 11
1996.670180251908
 21
1354.0021637257362
 31
0.0
 11
1996.3221826977215
 21
1352.3146424386766
 31
0.0
 11
1996.1443471959424
 21
1350.6000148803835
 31
0.0
 11
1996.1386093967326
 21
1348.8754035587397
 31
0.0
 11
1996.305185560367
 21
1347.1580466404228
 31
0.0
 11
1996.6425688073084
 21
1345.4651256486634
 31
0.0
 11
1997.1475425996819
 21
1343.813593568587
 31
0.0
 11
1997.8152113351848
 21
1342.220005079874
 31
0.0
 11
1998.6390477632008
 21
1340.7003506167825
 31
0.0
 11
1999.6109567643352
 21
1339.2698959188617
 31
0.0
 11
2000.7213548704958
 21
1337.9430286822978
 31
0.0
 11
2001.9592647446138
 21
1336.7331138522766
 31
0.0
 11
2003.3124236887497
 21
1335.6523590117417
 31
0.0
 11
2004.7674051081333
 21
1334.7116912222739
 31
0.0
 11
2006.3097517281305
 21
1333.9206465594934
 31
0.0
 11
2007.9241192424336
 21
1333.2872734595737
 31
0.0
 11
2009.5944289652396
 21
1332.8180508563048
 31
0.0
 11
2011.304027968795
 21
1332.5178219411137
 31
0.0
 11
2013.0358551114132
 21
1332.389744222934
 31
0.0
 11
2014.7726113006993
 21
1332.435256402393
 31
0.0
 11
2016.4969322928282
 21
1332.6540624070658
 31
0.0
 11
2018.1915623017937
 21
1333.0441327632084
 31
0.0
 11
2019.83952668287
 21
1333.601723306126
 31
0.0
 11
2021.4243019622036
 21
1334.3214110579027
 31
0.0
 11
2022.929981509397
 21
1335.1961469293374
 31
0.0
 11
2024.341435192
 21
1336.2173247343344
 31
0.0
 11
2025.6444614094762
 21
1337.374865841353
 31
0.0
 11
2026.8259299789897
 21
1338.6573186294925
 31
0.0
 11
2027.8739144354693
 21
1340.0519717679451
 31
0.0
 11
2028.7778124129666
 21
1341.5449801983732
 31
0.0
 11
2029.528452892351
 21
1343.1215025716901
 31
0.0
 11
2030.1181892306251
 21
1344.7658487750068
 31
0.0
 11
2030.5409770283939
 21
1346.4616360823234
 31
0.0
 11
2030.7924360428167
 21
1348.1919523749675
 31
0.0
 11
2030.8698955122343
 21
1349.9395248056337
 31
0.0
 11
2030.7724224240196
 21
1351.6868922239453
 31
0.0
 11
2030.500832427383
 21
1353.4165796423176
 31
0.0
 11
2030.0576832661966
 21
1355.11127299892
 31
0.0
 11
2029.4472507816274
 21
1356.7539924699645
 31
0.0
 11
2028.6754877087683
 21
1358.3282625965012
 31
0.0
 11
2027.749965663766
 21
1359.8182775211553
 31
0.0
 11
2026.679800886443
 21
1361.2090596776297
 31
0.0
 11
2025.4755644664115
 21
1362.486610339775
 31
0.0
 11
2024.149177936549
 21
1363.638050517006
 31
0.0
 11
2022.7137952648693
 21
1364.6517507780384
 31
0.0
 11
2021.1836724128036
 21
1365.5174486943874
 31
0.0
 11
2019.5740257533478
 21
1366.2263527177006
 31
0.0
 11
2017.90088075512
 21
1366.7712314396426
 31
0.0
 11
2016.1809124370166
 21
1367.1464873282994
 31
0.0
 11
2014.4312791818422
 21
1367.348214189524
 31
0.0
 11
2012.6694515651304
 21
1367.374237763772
 31
0.0
 11
2010.9130379067537
 21
1367.224139037117
 31
0.0
 11
2009.1796082872368
 21
1366.899260017671
 31
0.0
 11
2007.486518787602
 21
1366.4026919037942
 31
0.0
 11
2005.8507377109609
 21
1365.7392457465498
 31
0.0
 11
2004.2886755257891
 21
1364.915405884042
 31
0.0
 11
2002.8160202352008
 21
1363.9392665978646
 31
0.0
 11
2001.4475798237759
 21
1362.8204526101147
 31
0.0
 11
2000.1971333642016
 21
1361.5700242016069
 31
0.0
 11
1999.0772922807826
 21
1360.200367886472
 31
0.0
 11
1998.0993731666415
 21
1358.7250737236325
 31
0.0
 11
1997.2732834371072
 21
1357.158800480278
 31
0.0
 11
1996.607420974552
 21
1355.5171299850788
 31
0.0
 11
1996.1085887810314
 21
1353.8164121182115
 31
0.0
 11
1995.781925505868
 21
1352.0736019802055
 31
0.0
 11
1995.6308525573174
 21
1350.306090861268
 31
0.0
 11
1995.6570383421997
 21
1348.5315326961831
 31
0.0
 11
1995.8603800065525
 21
1346.7676677365673
 31
0.0
 11
1996.2390028756336
 21
1345.032145201644
 31
0.0
 11
1996.7892776147446
 21
1343.3423466804938
 31
0.0
 11
1997.5058549551143
 21
1341.7152120528135
 31
0.0
 11
1998.3817176532364
 21
1340.167069671609
 31
0.0
 11
1999.4082491793943
 21
1338.7134725101732
 31
0.0
 11
2000.5753184633102
 21
1337.3690419175678
 31
0.0
 11
2001.871379863642
 21
1336.147320552199
 31
0.0
 11
2003.283587375039
 21
1335.0606359726685
 31
0.0
 11
2004.7979219431634
 21
1334.119976259806
 31
0.0
 11
2006.399330625966
 21
1333.3348789246836
 31
0.0
 11
2008.071876219895
 21
1332.713334225622
 31
0.0
 11
2009.798895863785
 21
1332.2617038740925
 31
0.0
 11
2011.5631670420778
 21
1331.9846559563537
 31
0.0
 11
2013.347079333582
 21
1331.8851167362054
 31
0.0
 11
2015.132810193043
 21
1331.9642398359852
 31
0.0
 11
2016.9025030109358
 21
1332.221393119538
 31
0.0
 11
2018.6384456725386
 21
1332.6541634241353
 31
0.0
 11
2020.3232478307593
 21
1333.2583791098887
 31
0.0
 11
2021.9400151184818
 21
1334.0281502169848
 31
0.0
 11
2023.4725185552174
 21
1334.9559258447377
 31
0.0
 11
2024.9053574493687
 21
1336.0325681938616
 31
0.0
 11
2026.2241141609695
 21
1337.2474425461971
 31
0.0
 11
2027.4154991697196
 21
1338.5885222960592
 31
0.0
 11
2028.4674849887247
 21
1340.042507996043
 31
0.0
 11
2029.369427574635
 21
1341.594959239021
 31
0.0
 11
2030.112174008731
 21
1343.2304380686205
 31
0.0
 11
2030.688155359759
 21
1344.9326624940118
 31
0.0
 11
2031.0914637865585
 21
1346.6846685824946
 31
0.0
 11
2031.3179130953379
 21
1348.4689795162194
 31
0.0
 11
2031.365082131252
 21
1350.2677799283074
 31
0.0
 11
2031.232340555082
 21
1352.0630937793176
 31
0.0
 11
2030.9208567316157
 21
1353.8369639980658
 31
0.0
 11
2030.4335876350096
 21
1355.5716320915853
 31
0.0
 11
2029.775250856202
 21
1357.2497159277418
 31
0.0
 11
2028.9522789765501
 21
1358.8543839106865
 31
0.0
 11
2027.9727567484679
 21
1360.369523803879
 31
0.0
 11
2026.8463416962168
 21
1361.7799045073587
 31
0.0
 11
2025.5841689163628
 21
1363.0713291649706
 31
0.0
 11
2024.198741016154
 21
1364.2307780625072
 31
0.0
 11
2022.7038042775582
 21
1365.2465398784996
 31
0.0
 11
2021.1142122734232
 21
1366.1083299646275
 31
0.0
 11
2019.4457782888198
 21
1366.807394461282
 31
0.0
 11
2017.7151180137987
 21
1367.3365991944427
 31
0.0
 11
2015.9394840723728
 21
1367.6905024513376
 31
0.0
 11
2014.1365940355947
 21
1367.865410892799
 31
0.0
 11
2012.3244536332036
 21
1367.8594180282537
 31
0.0
 11
2010.5211769278546
 21
1367.6724248531996
 31
0.0
 11
2008.7448052478762
 21
1367.3061424270795
 31
0.0
 11
2007.013126688497
 21
1366.7640763499128
 31
0.0
 11
2005.3434979873778
 21
1366.0514932770595
 31
0.0
 11
2003.7526705581317
 21
1365.1753697912775
 31
0.0
 11
2002.2566224254806
 21
1364.1443241279799
 31
0.0
 11
2000.8703977481957
 21
1362.9685314215424
 31
0.0
 11
1999.6079555415638
 21
1361.659623305928
 31
0.0
 11
1998.482029120492
 21
1360.23057286011
 31
0.0
 11
1997.5039976784878
 21
1358.695566036235
 31
0.0
 11
1996.6837712975914
 21
1357.0698608446721
 31
0.0
 11
1996.0296905511261
 21
1355.3696356936496
 31
0.0
 11
1995.5484417161954
 21
1353.6118283909013
 31
0.0
 11
1995.2449884576063
 21
1351.81396740946
 31
0.0
 11
1995.1225206808947
 21
1349.9939970984929
 31
0.0
 11
1995.1824210810178
 21
1348.170098582136
 31
0.0
 11
1995.424249736727
 21
1346.360508133907
 31
0.0
 11
1995.8457469204566
 21
1344.583334841099
 31
0.0
 11
1996.4428541115014
 21
1342.8563793822489
 31
0.0
 11
1997.209753018183
 21
1341.1969557312063
 31
0.0
 11
1998.138922234395
 21
1339.6217175736597
 31
0.0
 11
1999.2212109792113
 21
1338.14649117639
 31
0.0
 11
2000.4459291968938
 21
1336.7861163864834
 31
0.0
 11
2001.800953130366
 21
1335.5542973578874
 31
0.0
 11
2003.2728453256705
 21
1334.463464506794
 31
0.0
 11
2004.8469878796898
 21
1333.5246490863042
 31
0.0
 11
2006.5077276099137
 21
1332.7473716458387
 31
0.0
 11
2008.2385317046294
 21
1332.1395455029635
 31
0.0
 11
2010.0221523058551
 21
1331.7073962061284
 31
0.0
 11
2011.8407983866157
 21
1331.4553978077176
 31
0.0
 11
2013.6763132098115
 21
1331.3862265993841
 31
0.0
 11
2015.5103555985945
 21
1331.500732787539
 31
0.0
 11
2017.32458320851
 21
1331.7979304078435
 31
0.0
 11
2019.1008359700897
 21
1332.2750055953782
 31
0.0
 11
2020.8213178672731
 21
1332.927343143668
 31
0.0
 11
2022.4687752320935
 21
1333.7485711027514
 31
0.0
 11
2024.026669769348
 21
1334.7306229858411
 31
0.0
 11
2025.4793445761284
 21
1335.8638169776261
 31
0.0
 11
2026.8121814896506
 21
1337.1369513666748
 31
0.0
 11
2028.011748182136
 21
1338.5374152614738
 31
0.0
 11
2029.0659335226612
 21
1340.051313495927
 31
0.0
 11
2029.9640698419905
 21
1341.663604487291
 31
0.0
 11
2030.6970408662135
 21
1343.3582496788963
 31
0.0
 11
2031.257374227296
 21
1345.1183730829403
 31
0.0
 11
2031.639317611973
 21
1346.926429336352
 31
0.0
 11
2031.8388977732586
 21
1348.764378596204
 31
0.0
 11
2031.8539617995837
 21
1350.6138665312885
 31
0.0
 11
2031.6842002135222
 21
1352.456407614012
 31
0.0
 11
2031.3311516534357
 21
1354.2735698822034
 31
0.0
 11
2030.7981890753651
 21
1356.0471593241418
 31
0.0
 11
2030.0904875972865
 21
1357.7594020423153
 31
0.0
 11
2029.214974291558
 21
1359.393122372028
 31
0.0
 11
2028.1802604122229
 21
1360.9319151698783
 31
0.0
 11
2026.996556719915
 21
1362.360310543918
 31
0.0
 11
2025.6755727367706
 21
1363.6639293714006
 31
0.0
 11
2024.2304009251766
 21
1364.8296280407683
 31
0.0
 11
2022.6753869358379
 21
1365.845630960956
 31
0.0
 11
2021.025987210978
 21
1366.701649502198
 31
0.0
 11
2019.2986153560407
 21
1367.3889861670932
 31
0.0
 11
2017.51047880683
 21
1367.900622937383
 31
0.0
 11
2015.6794074173933
 21
1368.2312928992665
 31
0.0
 11
2013.8236756761485
 21
1368.3775344165645
 31
0.0
 11
2011.9618203229497
 21
1368.3377272949772
 31
0.0
 11
2010.1124551873172
 21
1368.1121105603218
 31
0.0
 11
2008.2940850973728
 21
1367.7027816572268
 31
0.0
 11
2006.5249207199422
 21
1367.113677060418
 31
0.0
 11
2004.8226961845228
 21
1366.3505344766413
 31
0.0
 11
2003.2044913175691
 21
1365.42083699955
 31
0.0
 11
2001.6865602690045
 21
1364.3337397607065
 31
0.0
 11
2000.284168250423
 21
1363.0999797953793
 31
0.0
 11
1999.011438024809
 21
1361.7317700103179
 31
0.0
 11
1997.881207691447
 21
1360.2426783004648
 31
0.0
 11
1996.9049011980314
 21
1358.6474930109869
 31
0.0
 11
1996.0924128859224
 21
1356.9620760786038
 31
0.0
 11
1995.4520072352313
 21
1355.2032053105725
 31
0.0
 11
1994.9902348253852
 21
1353.3884073695485
 31
0.0
 11
1994.7118653655045
 21
1351.535783126862
 31
0.0
 11
1994.6198384789072
 21
1349.6638271244833
 31
0.0
 11
1994.7152327490694
 21
1347.7912429463463
 31
0.0
 11
1994.997253352142
 21
1345.9367563421633
 31
0.0
 11
1995.463238415503
 21
1344.118927970889
 31
0.0
 11
1996.10868405464
 21
1342.3559676363902
 31
0.0
 11
1996.9272878537975
 21
1340.6655518745483
 31
0.0
 11
1997.9110103711505
 21
1339.0646467190547
 31
0.0
 11
1999.0501540686294
 21
1337.5693374229363
 31
0.0
 11
2000.3334588917267
 21
1336.1946668447679
 31
0.0
 11
2001.7482135574346
 21
1334.9544841233117
 31
0.0
 11
2003.280381450545
 21
1333.8613051627974
 31
0.0
 11
2004.9147398815044
 21
1332.9261863342163
 31
0.0
 11
2006.6350313243147
 21
1332.1586126670013
 31
0.0
 11
2008.424125131991
 21
1331.5664016616045
 31
0.0
 11
2010.2641881209977
 21
1331.1556236982128
 31
0.0
 11
2012.1368623260475
 21
1330.9305398516603
 31
0.0
 11
2014.0234481534678
 21
1330.8935577491845
 31
0.0
 11
2015.9050911058698
 21
1331.045205927754
 31
0.0
 11
2017.76297021358
 21
1331.384126963041
 31
0.0
 11
2019.5784862896503
 21
1331.9070894545878
 31
0.0
 11
2021.3334481254542
 21
1332.609018763199
 31
0.0
 11
2023.0102547628712
 21
1333.4830462089283
 31
0.0
 11
2024.5920720167383
 21
1334.5205762531539
 31
0.0
 11
2026.0630014772294
 21
1335.7113710079554
 31
0.0
 11
2027.4082402955328
 21
1337.0436512421447
 31
0.0
 11
2028.6142301469622
 21
1338.5042128876007
 31
0.0
 11
2029.6687938725406
 21
1340.0785578937057
 31
0.0
 11
2030.5612584220557
 21
1341.7510381331726
 31
0.0
 11
2031.2825628574662
 21
1343.5050109309589
 31
0.0
 11
2031.8253503238996
 21
1345.3230046704816
 31
0.0
 11
2032.1840430549287
 21
1347.1868928292733
 31
0.0
 11
2032.3548996477268
 21
1349.0780747105216
 31
0.0
 11
2032.3360540203826
 21
1350.977661068511
 31
0.0
 11
2032.1275356463852
 21
1352.8666627755163
 31
0.0
 11
2031.7312708482168
 21
1354.7261806457464
 31
0.0
 11
2031.1510651212413
 21
1356.5375945187589
 31
0.0
 11
2030.3925666488028
 21
1358.2827497106032
 31
0.0
 11
2029.4632113576884
 21
1359.94413896569
 31
0.0
 11
2028.3721500480474
 21
1361.5050780858192
 31
0.0
 11
2027.130158311591
 21
1362.9498734745139
 31
0.0
 11
2025.7495301246345
 21
1364.2639799142105
 31
0.0
 11
2024.2439561665847
 21
1365.4341469901167
 31
0.0
 11
2022.6283880681067
 21
1366.4485526868023
 31
0.0
 11
2020.918889934956
 21
1367.2969228106358
 31
0.0
 11
2019.1324786218458
 21
1367.9706350318354
 31
0.0
 11
2017.2869543444644
 21
1368.4628064927217
 31
0.0
 11
2015.4007233157267
 21
1368.7683640922585
 31
0.0
 11
2013.492614173526
 21
1368.8840967294834
 31
0.0
 11
2011.581690030799
 21
1368.8086889682922
 31
0.0
 11
2009.6870580240554
 21
1368.5427357713997
 31
0.0
 11
2007.8276782630853
 21
1368.0887381403586
 31
0.0
 11
2006.022174092135
 21
1367.451079689356
 31
0.0
 11
2004.288645561321
 21
1366.635984371226
 31
0.0
 11
2002.64448797651
 21
1365.6514557628084
 31
0.0
 11
2001.1062173466585
 21
1364.5071985015688
 31
0.0
 11
1999.6893044801361
 21
1363.2145226444054
 31
0.0
 11
1998.4080193964849
 21
1361.7862318910063
 31
0.0
 11
1997.2752876183017
 21
1360.2364967763092
 31
0.0
 11
1996.3025597903895
 21
1358.5807140878485
 31
0.0
 11
1995.4996959412279
 21
1356.8353539026
 31
0.0
 11
1994.8748655564636
 21
1355.0177957629153
 31
0.0
 11
1994.434464476932
 21
1353.1461556210352
 31
0.0
 11
1994.1830494662872
 21
1351.2391052753358
 31
0.0
 11
1994.12329111729
 21
1349.3156860979923
 31
0.0
 11
1994.2559455829382
 21
1347.3951189123413
 31
0.0
 11
1994.5798454307428
 21
1345.496611918245
 31
0.0
 11
1995.0919097274304
 21
1343.639168584882
 31
0.0
 11
1995.7871732691115
 21
1341.8413974322787
 31
0.0
 11
1996.6588346803865
 21
1340.121325605603
 31
0.0
 11
1997.698322916913
 21
1338.4962181098883
 31
0.0
 11
1998.8953815215089
 21
1336.9824045177588
 31
0.0
 11
2000.238169805757
 21
1335.595114889504
 31
0.0
 11
2001.7133799591136
 21
1334.348326554137
 31
0.0
 11
2003.306368927396
 21
1333.2546232927943
 31
0.0
 11
2005.0013037538502
 21
1332.3250683430686
 31
0.0
 11
2006.781318940266
 21
1331.5690925058025
 31
0.0
 11
2008.6286842642176
 21
1330.9943984858642
 31
0.0
 11
2010.5249813826117
 21
1330.6068824370027
 31
0.0
 11
2012.4512874624982
 21
1330.410573509597
 31
0.0
 11
2014.3883640083593
 21
1330.407592020719
 31
0.0
 11
2016.3168490015937
 21
1330.5981266801737
 31
0.0
 11
2018.217450433278
 21
1330.980431115955
 31
0.0
 11
2020.0711392957353
 21
1331.550839749718
 31
0.0
 11
2021.8593401022836
 21
1332.3038028793815
 31
0.0
 11
2023.5641170276779
 21
1333.2319406337533
 31
0.0
 11
2025.1683538039874
 21
1334.32611527504
 31
0.0
 11
2026.6559255675734
 21
1335.5755211411636
 31
0.0
 11
2028.0118609318697
 21
1336.9677913428004
 31
0.0
 11
2029.2224926570027
 21
1338.4891201617575
 31
0.0
 11
2030.2755953999979
 21
1340.124399939387
 31
0.0
 11
2031.1605091573192
 21
1341.8573710978462
 31
0.0
 11
2031.8682471534191
 21
1343.6707838045163
 31
0.0
 11
2032.391587083556
 21
1345.5465696722588
 31
0.0
 11
2032.7251447847027
 21
1347.4660217864678
 31
0.0
 11
2032.8654295833767
 21
1349.409981265214
 31
0.0
 11
2032.8108807518674
 21
1351.3590284919653
 31
0.0
 11
2032.5618846928144
 21
1353.2936771121188
 31
0.0
 11
2032.120772664536
 21
1355.19456885536
 31
0.0
 11
2031.4917990539739
 21
1357.0426672360563
 31
0.0
 11
2030.681100398685
 21
1358.8194481934922
 31
0.0
 11
2029.696635552019
 21
1360.5070857627948
 31
0.0
 11
2028.5481075745333
 21
1362.088630915548
 31
0.0
 11
2027.246868117951
 21
1363.5481817758805
 31
0.0
 11
2025.8058052436875
 21
1364.8710435026117
 31
0.0
 11
2024.2392157844195
 21
1366.043876230023
 31
0.0
 11
2022.5626635126782
 21
1367.054829577914
 31
0.0
 11
2020.7928245234139
 21
1367.893662374757
 31
0.0
 11
2018.9473213665126
 21
1368.5518463845247
 31
0.0
 11
2017.0445475790261
 21
1369.0226529867896
 31
0.0
 11
2015.1034843642026
 21
1369.3012219293305
 31
0.0
 11
2013.1435112444024
 21
1369.384611451067
 31
0.0
 11
2011.1842125767248
 21
1369.2718292589063
 31
0.0
 11
2009.2451818630752
 21
1368.963844033153
 31
0.0
 11
2007.34582581004
 21
1368.4635773306206
 31
0.0
 11
2005.5051700980287
 21
1367.7758759505296
 31
0.0
 11
2003.741668803613
 21
1366.9074650237296
 31
0.0
 11
2002.0730193840607
 21
1365.866882278802
 31
0.0
 11
2000.5159850789464
 21
1364.6643941272157
 31
0.0
 11
1999.086226511065
 21
1363.3118943920772
 31
0.0
 11
1997.798144178296
 21
1361.8227866792733
 31
0.0
 11
1996.6647334205065
 21
1360.2118515542095
 31
0.0
 11
1995.6974533220969
 21
1358.4950998402594
 31
0.0
 11
1994.9061108725975
 21
1356.6896134949184
 31
0.0
 11
1994.2987615561767
 21
1354.8133756450527
 31
0.0
 11
1993.8816273775617
 21
1352.8850914723566
 31
0.0
 11
1993.6590331582954
 21
1350.9240017330098
 31
0.0
 11
1993.6333617551813
 21
1348.9496907706132
 31
0.0
 11
1993.8050286640587
 21
1346.981890938083
 31
0.0
 11
1994.172476278526
 21
1345.0402853816345
 31
0.0
 11
1994.7321878768796
 21
1343.1443111579288
 31
0.0
 11
1995.4787212132678
 21
1341.3129646537413
 31
0.0
 11
1996.4047613928994
 21
1339.564611256036
 31
0.0
 11
1997.5011925180122
 21
1337.9168011794063
 31
0.0
 11
1998.7571874031541
 21
1336.3860932977955
 31
0.0
 11
2000.1603144770515
 21
1334.9878887488237
 31
0.0
 11
2001.6966608157331
 21
1333.7362759827465
 31
0.0
 11
2003.350970089387
 21
1332.6438888149432
 31
0.0
 11
2005.1067940553019
 21
1331.721778912026
 31
0.0
 11
2006.9466560926555
 21
1330.9793039984547
 31
0.0
 11
2008.8522251532634
 21
1330.4240329143527
 31
0.0
 11
2010.8044983969398
 21
1330.0616684875722
 31
0.0
 11
2012.7839906918496
 21
1329.8959890056776
 31
0.0
 11
2014.770929090133
 21
1329.9288088881074
 31
0.0
 11
2016.745450337799
 21
1330.1599589672255
 31
0.0
 11
2018.6877994459758
 21
1330.5872865911897
 31
0.0
 11
2020.578527338428
 21
1331.206675563475
 31
0.0
 11
2022.398685597887
 21
1332.0120857355193
 31
0.0
 11
2024.1300163611743
 21
1332.995611872235
 31
0.0
 11
2025.7551354600655
 21
1334.147561217082
 31
0.0
 11
2027.257706970874
 21
1335.4565489959127
 31
0.0
 11
2028.622607420173
 21
1336.9096109187644
 31
0.0
 11
2029.8360779961579
 21
1338.4923315680403
 31
0.0
 11
2030.8858632337697
 21
1340.1889874017272
 31
0.0
 11
2031.7613347757679
 21
1341.9827029531111
 31
0.0
 11
2032.4535989600972
 21
1343.8556186753563
 31
0.0
 11
2032.955587144639
 21
1345.7890687615757
 31
0.0
 11
2033.2621278522413
 21
1347.7637671699556
 31
0.0
 11
2033.37
 21
1349.7599999999998
 31
0.0
  0
ENDSEC
  0
SECTION
  2
OBJECTS
  0
DICTIONARY
  5
A
330
0
100
AcDbDictionary
281
1
  3
ACAD_COLOR
350
B
  3
ACAD_GROUP
350
C
  3
ACAD_LAYOUT
350
D
  3
ACAD_MATERIAL
350
E
  3
ACAD_MLEADERSTYLE
350
F
  3
ACAD_MLINESTYLE
350
10
  3
ACAD_PLOTSETTINGS
350
11
  3
ACAD_PLOTSTYLENAME
350
12
  3
ACAD_SCALELIST
350
14
  3
ACAD_TABLESTYLE
350
15
  3
ACAD_VISUALSTYLE
350
16
  3
EZDXF_META
350
2D
  0
DICTIONARY
  5
B
330
A
100
AcDbDictionary
281
1
  0
DICTIONARY
  5
C
330
A
100
AcDbDictionary
281
1
  0
DICTIONARY
  5
D
330
A
100
AcDbDictionary
281
1
  3
Model
350
1A
  3
Layout1
350
1E
  0
DICTIONARY
  5
E
330
A
100
AcDbDictionary
281
1
  3
ByBlock
350
1F
  3
ByLayer
350
20
  3
Global
350
21
  0
DICTIONARY
  5
F
330
A
100
AcDbDictionary
281
1
  3
Standard
350
2C
  0
DICTIONARY
  5
10
330
A
100
AcDbDictionary
281
1
  3
Standard
350
22
  0
DICTIONARY
  5
11
330
A
100
AcDbDictionary
281
1
  0
ACDBDICTIONARYWDFLT
  5
12
330
A
100
AcDbDictionary
281
1
  3
Normal
350
13
100
AcDbDictionaryWithDefault
340
13
  0
ACDBPLACEHOLDER
  5
13
330
12
  0
DICTIONARY
  5
14
330
A
100
AcDbDictionary
281
1
  0
DICTIONARY
  5
15
330
A
100
AcDbDictionary
281
1
  0
DICTIONARY
  5
16
330
A
100
AcDbDictionary
281
1
  0
LAYOUT
  5
1A
330
D
100
AcDbPlotSettings
  1

  4
A3
  6

 40
7.5
 41
20.0
 42
7.5
 43
20.0
 44
420.0
 45
297.0
 46
0.0
 47
0.0
 48
0.0
 49
0.0
140
0.0
141
0.0
142
1.0
143
1.0
 70
1024
 72
1
 73
0
 74
5
  7

 75
16
 76
0
 77
2
 78
300
147
1.0
148
0.0
149
0.0
100
AcDbLayout
  1
Model
 70
1
 71
0
 10
0.0
 20
0.0
 11
420.0
 21
297.0
 12
0.0
 22
0.0
 32
0.0
 14
1e+20
 24
1e+20
 34
1e+20
 15
-1e+20
 25
-1e+20
 35
-1e+20
146
0.0
 13
0.0
 23
0.0
 33
0.0
 16
1.0
 26
0.0
 36
0.0
 17
0.0
 27
1.0
 37
0.0
 76
1
330
17
  0
LAYOUT
  5
1E
330
D
100
AcDbPlotSettings
  1

  4
A3
  6

 40
7.5
 41
20.0
 42
7.5
 43
20.0
 44
420.0
 45
297.0
 46
0.0
 47
0.0
 48
0.0
 49
0.0
140
0.0
141
0.0
142
1.0
143
1.0
 70
0
 72
1
 73
0
 74
5
  7

 75
16
 76
0
 77
2
 78
300
147
1.0
148
0.0
149
0.0
100
AcDbLayout
  1
Layout1
 70
1
 71
1
 10
0.0
 20
0.0
 11
420.0
 21
297.0
 12
0.0
 22
0.0
 32
0.0
 14
1e+20
 24
1e+20
 34
1e+20
 15
-1e+20
 25
-1e+20
 35
-1e+20
146
0.0
 13
0.0
 23
0.0
 33
0.0
 16
1.0
 26
0.0
 36
0.0
 17
0.0
 27
1.0
 37
0.0
 76
1
330
1B
  0
MATERIAL
  5
1F
102
{ACAD_REACTORS
330
E
102
}
330
E
100
AcDbMaterial
  1
ByBlock
  2

 70
0
 40
1.0
 71
1
 41
1.0
 91
-1023410177
 42
1.0
 72
1
  3

 73
1
 74
1
 75
1
 44
0.5
 73
0
 45
1.0
 46
1.0
 77
1
  4

 78
1
 79
1
170
1
 48
1.0
171
1
  6

172
1
173
1
174
1
140
1.0
141
1.0
175
1
  7

176
1
177
1
178
1
143
1.0
179
1
  8

270
1
271
1
272
1
145
1.0
146
1.0
273
1
  9

274
1
275
1
276
1
 42
1.0
 72
1
  3

 73
1
 74
1
 75
1
 94
63
  0
MATERIAL
  5
20
102
{ACAD_REACTORS
330
E
102
}
330
E
100
AcDbMaterial
  1
ByLayer
  2

 70
0
 40
1.0
 71
1
 41
1.0
 91
-1023410177
 42
1.0
 72
1
  3

 73
1
 74
1
 75
1
 44
0.5
 73
0
 45
1.0
 46
1.0
 77
1
  4

 78
1
 79
1
170
1
 48
1.0
171
1
  6

172
1
173
1
174
1
140
1.0
141
1.0
175
1
  7

176
1
177
1
178
1
143
1.0
179
1
  8

270
1
271
1
272
1
145
1.0
146
1.0
273
1
  9

274
1
275
1
276
1
 42
1.0
 72
1
  3

 73
1
 74
1
 75
1
 94
63
  0
MATERIAL
  5
21
102
{ACAD_REACTORS
330
E
102
}
330
E
100
AcDbMaterial
  1
Global
  2

 70
0
 40
1.0
 71
1
 41
1.0
 91
-1023410177
 42
1.0
 72
1
  3

 73
1
 74
1
 75
1
 44
0.5
 73
0
 45
1.0
 46
1.0
 77
1
  4

 78
1
 79
1
170
1
 48
1.0
171
1
  6

172
1
173
1
174
1
140
1.0
141
1.0
175
1
  7

176
1
177
1
178
1
143
1.0
179
1
  8

270
1
271
1
272
1
145
1.0
146
1.0
273
1
  9

274
1
275
1
276
1
 42
1.0
 72
1
  3

 73
1
 74
1
 75
1
 94
63
  0
MLINESTYLE
  5
22
102
{ACAD_REACTORS
330
10
102
}
330
10
100
AcDbMlineStyle
  2
Standard
 70
0
  3

 62
256
 51
90.0
 52
90.0
 71
2
 49
0.5
 62
256
  6
BYLAYER
 49
-0.5
 62
256
  6
BYLAYER
  0
MLEADERSTYLE
  5
2C
102
{ACAD_REACTORS
330
F
102
}
330
F
100
AcDbMLeaderStyle
179
2
170
2
171
1
172
0
 90
2
 40
0.0
 41
0.0
173
1
 91
-1056964608
 92
-2
290
1
 42
2.0
291
1
 43
8.0
  3
Standard
 44
4.0
300

342
29
174
1
175
1
176
0
178
1
 93
-1056964608
 45
4.0
292
0
297
0
 46
4.0
 94
-1056964608
 47
1.0
 49
1.0
140
1.0
294
1
141
0.0
177
0
142
1.0
295
0
296
0
143
3.75
271
0
272
9
273
9
  0
DICTIONARY
  5
2D
330
A
100
AcDbDictionary
280
1
281
1
  3
CREATED_BY_EZDXF
350
2E
  3
WRITTEN_BY_EZDXF
350
32
  0
DICTIONARYVAR
  5
2E
330
2D
100
DictionaryVariables
280
0
  1
1.4.4 @ 2026-09-29T09:22:50.163333+00:00
  0
DICTIONARYVAR
  5
32
330
2D
100
DictionaryVariables
280
0
  1
1.4.4 @ 2026-09-29T09:22:50.172186+00:00
  0
ENDSEC
  0
EOF
