2026-06-16 12:43:29,651 - DEBUG - OpenGL_accelerate module loaded
2026-06-16 12:43:29,711 - DEBUG - Using accelerated ArrayDatatype
2026-06-16 12:43:30,459 - DEBUG - CoInitializeEx(None, 2)
2026-06-16 12:43:31,034 - INFO - Imported existing <module 'comtypes.gen' from 'C:\\Users\\exp\\AppData\\Roaming\\Python\\Python313\\site-packages\\comtypes\\gen\\__init__.py'>
2026-06-16 12:43:31,035 - INFO - Using writeable comtypes cache directory: 'C:\Users\exp\AppData\Roaming\Python\Python313\site-packages\comtypes\gen'
2026-06-16 12:43:31,107 - DEBUG - GetModule(qedit.dll), resolved: False
2026-06-16 12:43:31,113 - DEBUG - GetModule(TLIBATTR(GUID={78530B68-61F9-11D2-8CAD-00A024580902}, Version=1.0, LCID=0, FLags=0x8))
2026-06-16 12:43:31,214 - DEBUG - Release <POINTER(ITypeLib) ptr=0x2be8d175060 at 2be90ca1350>
2026-06-16 12:43:31,215 - DEBUG - GetModule(quartz.dll), resolved: False
2026-06-16 12:43:31,218 - DEBUG - GetModule(TLIBATTR(GUID={56A868B0-0AD4-11CE-B03A-0020AF0BA770}, Version=1.0, LCID=0, FLags=0x8))
2026-06-16 12:43:31,267 - DEBUG - Release <POINTER(ITypeLib) ptr=0x2be8d1779a0 at 2be90ca11d0>
2026-06-16 12:43:33,751 - INFO - UI load successful
2026-06-16 12:44:00,650 - CRITICAL - Laser 1 : OFF
2026-06-16 12:44:00,651 - CRITICAL - Laser 2 : OFF
2026-06-16 12:44:00,651 - INFO - Lasers Shutdown
2026-06-16 12:44:00,651 - INFO - COM connection close successfully
2026-06-16 12:44:00,651 - INFO - Main window close successfully
2026-06-16 12:44:00,651 - INFO - ==================================================
2026-06-16 12:44:00,651 - INFO - New session close at 2026-06-16 12:44
2026-06-16 12:44:00,651 - INFO - ==================================================
2026-06-16 12:44:00,666 - DEBUG - Calling CoUninitialize()
2026-06-16 12:44:00,667 - DEBUG - CoUninitialize() done.
2026-06-16 15:06:49,022 - DEBUG - OpenGL_accelerate module loaded
2026-06-16 15:06:49,081 - DEBUG - Using accelerated ArrayDatatype
2026-06-16 15:06:49,547 - DEBUG - CoInitializeEx(None, 2)
2026-06-16 15:06:49,635 - INFO - Imported existing <module 'comtypes.gen' from 'C:\\Users\\exp\\AppData\\Roaming\\Python\\Python313\\site-packages\\comtypes\\gen\\__init__.py'>
2026-06-16 15:06:49,635 - INFO - Using writeable comtypes cache directory: 'C:\Users\exp\AppData\Roaming\Python\Python313\site-packages\comtypes\gen'
2026-06-16 15:06:49,645 - DEBUG - GetModule(qedit.dll), resolved: False
2026-06-16 15:06:49,649 - DEBUG - GetModule(TLIBATTR(GUID={78530B68-61F9-11D2-8CAD-00A024580902}, Version=1.0, LCID=0, FLags=0x8))
2026-06-16 15:06:49,676 - DEBUG - Release <POINTER(ITypeLib) ptr=0x254bf1353c0 at 254c1beb250>
2026-06-16 15:06:49,676 - DEBUG - GetModule(quartz.dll), resolved: False
2026-06-16 15:06:49,678 - DEBUG - GetModule(TLIBATTR(GUID={56A868B0-0AD4-11CE-B03A-0020AF0BA770}, Version=1.0, LCID=0, FLags=0x8))
2026-06-16 15:06:49,688 - DEBUG - Release <POINTER(ITypeLib) ptr=0x254bf1353c0 at 254c1beb0d0>
2026-06-16 15:06:50,461 - INFO - UI load successful
2026-06-16 15:10:38,105 - INFO - Close event ignored.
2026-06-16 15:10:51,709 - INFO - Profile : Supervisor
2026-06-18 16:34:36,715 - DEBUG - OpenGL_accelerate module loaded
2026-06-18 16:34:36,896 - DEBUG - Using accelerated ArrayDatatype
2026-06-18 16:34:37,868 - DEBUG - CoInitializeEx(None, 2)
2026-06-18 16:34:38,315 - INFO - Imported existing <module 'comtypes.gen' from 'C:\\Users\\exp\\AppData\\Roaming\\Python\\Python313\\site-packages\\comtypes\\gen\\__init__.py'>
2026-06-18 16:34:38,316 - INFO - Using writeable comtypes cache directory: 'C:\Users\exp\AppData\Roaming\Python\Python313\site-packages\comtypes\gen'
2026-06-18 16:34:38,362 - DEBUG - GetModule(qedit.dll), resolved: False
2026-06-18 16:34:38,367 - DEBUG - GetModule(TLIBATTR(GUID={78530B68-61F9-11D2-8CAD-00A024580902}, Version=1.0, LCID=0, FLags=0x8))
2026-06-18 16:34:38,455 - DEBUG - Release <POINTER(ITypeLib) ptr=0x1d074129620 at 1d0772b1850>
2026-06-18 16:34:38,456 - DEBUG - GetModule(quartz.dll), resolved: False
2026-06-18 16:34:38,459 - DEBUG - GetModule(TLIBATTR(GUID={56A868B0-0AD4-11CE-B03A-0020AF0BA770}, Version=1.0, LCID=0, FLags=0x8))
2026-06-18 16:34:38,488 - DEBUG - Release <POINTER(ITypeLib) ptr=0x1d074125c60 at 1d0772b16d0>
2026-06-18 16:34:39,807 - DEBUG - Calling CoUninitialize()
2026-06-18 16:34:39,807 - DEBUG - CoUninitialize() done.
2026-06-19 11:43:24,547 - DEBUG - OpenGL_accelerate module loaded
2026-06-19 11:43:24,738 - DEBUG - Using accelerated ArrayDatatype
2026-06-19 11:43:25,362 - DEBUG - CoInitializeEx(None, 2)
2026-06-19 11:43:25,803 - INFO - Imported existing <module 'comtypes.gen' from 'C:\\Users\\exp\\AppData\\Roaming\\Python\\Python313\\site-packages\\comtypes\\gen\\__init__.py'>
2026-06-19 11:43:25,803 - INFO - Using writeable comtypes cache directory: 'C:\Users\exp\AppData\Roaming\Python\Python313\site-packages\comtypes\gen'
2026-06-19 11:43:25,848 - DEBUG - GetModule(qedit.dll), resolved: False
2026-06-19 11:43:25,856 - DEBUG - GetModule(TLIBATTR(GUID={78530B68-61F9-11D2-8CAD-00A024580902}, Version=1.0, LCID=0, FLags=0x8))
2026-06-19 11:43:25,928 - DEBUG - Release <POINTER(ITypeLib) ptr=0x2796a1f9230 at 2796c5bf750>
2026-06-19 11:43:25,929 - DEBUG - GetModule(quartz.dll), resolved: False
2026-06-19 11:43:25,931 - DEBUG - GetModule(TLIBATTR(GUID={56A868B0-0AD4-11CE-B03A-0020AF0BA770}, Version=1.0, LCID=0, FLags=0x8))
2026-06-19 11:43:25,957 - DEBUG - Release <POINTER(ITypeLib) ptr=0x2796a1f8730 at 2796c5bf5d0>
2026-06-19 11:43:26,986 - DEBUG - Calling CoUninitialize()
2026-06-19 11:43:26,987 - DEBUG - CoUninitialize() done.
2026-06-19 11:47:12,911 - DEBUG - OpenGL_accelerate module loaded
2026-06-19 11:47:12,931 - DEBUG - Using accelerated ArrayDatatype
2026-06-19 11:47:13,235 - DEBUG - CoInitializeEx(None, 2)
2026-06-19 11:47:13,294 - INFO - Imported existing <module 'comtypes.gen' from 'C:\\Users\\exp\\AppData\\Roaming\\Python\\Python313\\site-packages\\comtypes\\gen\\__init__.py'>
2026-06-19 11:47:13,295 - INFO - Using writeable comtypes cache directory: 'C:\Users\exp\AppData\Roaming\Python\Python313\site-packages\comtypes\gen'
2026-06-19 11:47:13,303 - DEBUG - GetModule(qedit.dll), resolved: False
2026-06-19 11:47:13,305 - DEBUG - GetModule(TLIBATTR(GUID={78530B68-61F9-11D2-8CAD-00A024580902}, Version=1.0, LCID=0, FLags=0x8))
2026-06-19 11:47:13,330 - DEBUG - Release <POINTER(ITypeLib) ptr=0x22103e2add0 at 221069636d0>
2026-06-19 11:47:13,331 - DEBUG - GetModule(quartz.dll), resolved: False
2026-06-19 11:47:13,331 - DEBUG - GetModule(TLIBATTR(GUID={56A868B0-0AD4-11CE-B03A-0020AF0BA770}, Version=1.0, LCID=0, FLags=0x8))
2026-06-19 11:47:13,340 - DEBUG - Release <POINTER(ITypeLib) ptr=0x22103e2add0 at 22106963550>
2026-06-19 11:47:13,616 - INFO - UI load successful
2026-06-19 11:47:57,903 - DEBUG - OpenGL_accelerate module loaded
2026-06-19 11:47:58,032 - DEBUG - Using accelerated ArrayDatatype
2026-06-19 11:47:59,176 - DEBUG - CoInitializeEx(None, 2)
2026-06-19 11:47:59,437 - INFO - Imported existing <module 'comtypes.gen' from 'C:\\Users\\exp\\AppData\\Roaming\\Python\\Python313\\site-packages\\comtypes\\gen\\__init__.py'>
2026-06-19 11:47:59,438 - INFO - Using writeable comtypes cache directory: 'C:\Users\exp\AppData\Roaming\Python\Python313\site-packages\comtypes\gen'
2026-06-19 11:47:59,456 - DEBUG - GetModule(qedit.dll), resolved: False
2026-06-19 11:47:59,458 - DEBUG - GetModule(TLIBATTR(GUID={78530B68-61F9-11D2-8CAD-00A024580902}, Version=1.0, LCID=0, FLags=0x8))
2026-06-19 11:47:59,510 - DEBUG - Release <POINTER(ITypeLib) ptr=0x21ce83a2930 at 21cea5c36d0>
2026-06-19 11:47:59,510 - DEBUG - GetModule(quartz.dll), resolved: False
2026-06-19 11:47:59,511 - DEBUG - GetModule(TLIBATTR(GUID={56A868B0-0AD4-11CE-B03A-0020AF0BA770}, Version=1.0, LCID=0, FLags=0x8))
2026-06-19 11:47:59,536 - DEBUG - Release <POINTER(ITypeLib) ptr=0x21ce83a39b0 at 21cea5c3550>
2026-06-19 11:48:00,228 - INFO - UI load successful
2026-06-19 11:51:22,697 - DEBUG - OpenGL_accelerate module loaded
2026-06-19 11:51:22,712 - DEBUG - Using accelerated ArrayDatatype
2026-06-19 11:51:23,106 - DEBUG - CoInitializeEx(None, 2)
2026-06-19 11:51:23,183 - INFO - Imported existing <module 'comtypes.gen' from 'C:\\Users\\exp\\AppData\\Roaming\\Python\\Python313\\site-packages\\comtypes\\gen\\__init__.py'>
2026-06-19 11:51:23,222 - INFO - Using writeable comtypes cache directory: 'C:\Users\exp\AppData\Roaming\Python\Python313\site-packages\comtypes\gen'
2026-06-19 11:51:23,233 - DEBUG - GetModule(qedit.dll), resolved: False
2026-06-19 11:51:23,235 - DEBUG - GetModule(TLIBATTR(GUID={78530B68-61F9-11D2-8CAD-00A024580902}, Version=1.0, LCID=0, FLags=0x8))
2026-06-19 11:51:23,263 - DEBUG - Release <POINTER(ITypeLib) ptr=0x24bef6c4810 at 24bf1a4f6d0>
2026-06-19 11:51:23,263 - DEBUG - GetModule(quartz.dll), resolved: False
2026-06-19 11:51:23,264 - DEBUG - GetModule(TLIBATTR(GUID={56A868B0-0AD4-11CE-B03A-0020AF0BA770}, Version=1.0, LCID=0, FLags=0x8))
2026-06-19 11:51:23,275 - DEBUG - Release <POINTER(ITypeLib) ptr=0x24bef6c60d0 at 24bf1a4f550>
2026-06-19 11:51:23,543 - INFO - UI load successful
2026-06-19 11:52:11,983 - CRITICAL - Laser 1 : OFF
2026-06-19 11:52:11,983 - CRITICAL - Laser 2 : OFF
2026-06-19 11:52:11,983 - INFO - Lasers Shutdown
2026-06-19 11:52:11,983 - INFO - COM connection close successfully
2026-06-19 11:52:11,983 - INFO - Main window close successfully
2026-06-19 11:52:11,983 - INFO - ==================================================
2026-06-19 11:52:11,983 - INFO - New session close at 2026-06-19 11:52
2026-06-19 11:52:11,983 - INFO - ==================================================
2026-06-19 11:52:12,033 - DEBUG - Calling CoUninitialize()
2026-06-19 11:52:12,033 - DEBUG - CoUninitialize() done.
2026-06-19 11:52:20,000 - DEBUG - OpenGL_accelerate module loaded
2026-06-19 11:52:20,033 - DEBUG - Using accelerated ArrayDatatype
2026-06-19 11:52:20,548 - DEBUG - CoInitializeEx(None, 2)
2026-06-19 11:52:20,650 - INFO - Imported existing <module 'comtypes.gen' from 'C:\\Users\\exp\\AppData\\Roaming\\Python\\Python313\\site-packages\\comtypes\\gen\\__init__.py'>
2026-06-19 11:52:20,650 - INFO - Using writeable comtypes cache directory: 'C:\Users\exp\AppData\Roaming\Python\Python313\site-packages\comtypes\gen'
2026-06-19 11:52:20,661 - DEBUG - GetModule(qedit.dll), resolved: False
2026-06-19 11:52:20,666 - DEBUG - GetModule(TLIBATTR(GUID={78530B68-61F9-11D2-8CAD-00A024580902}, Version=1.0, LCID=0, FLags=0x8))
2026-06-19 11:52:20,696 - DEBUG - Release <POINTER(ITypeLib) ptr=0x17cc1fc95a0 at 17cc481f6d0>
2026-06-19 11:52:20,697 - DEBUG - GetModule(quartz.dll), resolved: False
2026-06-19 11:52:20,698 - DEBUG - GetModule(TLIBATTR(GUID={56A868B0-0AD4-11CE-B03A-0020AF0BA770}, Version=1.0, LCID=0, FLags=0x8))
2026-06-19 11:52:20,708 - DEBUG - Release <POINTER(ITypeLib) ptr=0x17cc1fcb120 at 17cc481f550>
2026-06-19 11:52:21,029 - INFO - UI load successful
2026-06-19 11:53:09,016 - CRITICAL - Laser 1 : OFF
2026-06-19 11:53:09,017 - CRITICAL - Laser 2 : OFF
2026-06-19 11:53:09,017 - INFO - Lasers Shutdown
2026-06-19 11:53:09,017 - INFO - COM connection close successfully
2026-06-19 11:53:09,017 - INFO - Main window close successfully
2026-06-19 11:53:09,017 - INFO - ==================================================
2026-06-19 11:53:09,017 - INFO - New session close at 2026-06-19 11:53
2026-06-19 11:53:09,017 - INFO - ==================================================
2026-06-19 11:53:09,023 - DEBUG - Calling CoUninitialize()
2026-06-19 11:53:09,023 - DEBUG - CoUninitialize() done.
2026-06-19 11:53:37,661 - DEBUG - OpenGL_accelerate module loaded
2026-06-19 11:53:37,675 - DEBUG - Using accelerated ArrayDatatype
2026-06-19 11:53:37,962 - DEBUG - CoInitializeEx(None, 2)
2026-06-19 11:53:38,015 - INFO - Imported existing <module 'comtypes.gen' from 'C:\\Users\\exp\\AppData\\Roaming\\Python\\Python313\\site-packages\\comtypes\\gen\\__init__.py'>
2026-06-19 11:53:38,016 - INFO - Using writeable comtypes cache directory: 'C:\Users\exp\AppData\Roaming\Python\Python313\site-packages\comtypes\gen'
2026-06-19 11:53:38,023 - DEBUG - GetModule(qedit.dll), resolved: False
2026-06-19 11:53:38,025 - DEBUG - GetModule(TLIBATTR(GUID={78530B68-61F9-11D2-8CAD-00A024580902}, Version=1.0, LCID=0, FLags=0x8))
2026-06-19 11:53:38,049 - DEBUG - Release <POINTER(ITypeLib) ptr=0x1fb07863e10 at 1fb09fbf750>
2026-06-19 11:53:38,049 - DEBUG - GetModule(quartz.dll), resolved: False
2026-06-19 11:53:38,050 - DEBUG - GetModule(TLIBATTR(GUID={56A868B0-0AD4-11CE-B03A-0020AF0BA770}, Version=1.0, LCID=0, FLags=0x8))
2026-06-19 11:53:38,058 - DEBUG - Release <POINTER(ITypeLib) ptr=0x1fb07863e10 at 1fb09fbf5d0>
2026-06-19 11:53:38,350 - INFO - UI load successful
2026-06-19 11:54:06,865 - CRITICAL - Laser 1 : OFF
2026-06-19 11:54:06,865 - CRITICAL - Laser 2 : OFF
2026-06-19 11:54:06,866 - INFO - Lasers Shutdown
2026-06-19 11:54:06,866 - INFO - COM connection close successfully
2026-06-19 11:54:06,866 - INFO - Main window close successfully
2026-06-19 11:54:06,866 - INFO - ==================================================
2026-06-19 11:54:06,866 - INFO - New session close at 2026-06-19 11:54
2026-06-19 11:54:06,866 - INFO - ==================================================
2026-06-19 11:54:06,878 - DEBUG - Calling CoUninitialize()
2026-06-19 11:54:06,879 - DEBUG - CoUninitialize() done.
2026-06-19 12:00:41,282 - DEBUG - OpenGL_accelerate module loaded
2026-06-19 12:00:41,295 - DEBUG - Using accelerated ArrayDatatype
2026-06-19 12:00:41,634 - DEBUG - CoInitializeEx(None, 2)
2026-06-19 12:00:41,693 - INFO - Imported existing <module 'comtypes.gen' from 'C:\\Users\\exp\\AppData\\Roaming\\Python\\Python313\\site-packages\\comtypes\\gen\\__init__.py'>
2026-06-19 12:00:41,694 - INFO - Using writeable comtypes cache directory: 'C:\Users\exp\AppData\Roaming\Python\Python313\site-packages\comtypes\gen'
2026-06-19 12:00:41,701 - DEBUG - GetModule(qedit.dll), resolved: False
2026-06-19 12:00:41,703 - DEBUG - GetModule(TLIBATTR(GUID={78530B68-61F9-11D2-8CAD-00A024580902}, Version=1.0, LCID=0, FLags=0x8))
2026-06-19 12:00:41,731 - DEBUG - Release <POINTER(ITypeLib) ptr=0x2bc7dac9530 at 2bc7fcbf6d0>
2026-06-19 12:00:41,732 - DEBUG - GetModule(quartz.dll), resolved: False
2026-06-19 12:00:41,733 - DEBUG - GetModule(TLIBATTR(GUID={56A868B0-0AD4-11CE-B03A-0020AF0BA770}, Version=1.0, LCID=0, FLags=0x8))
2026-06-19 12:00:41,742 - DEBUG - Release <POINTER(ITypeLib) ptr=0x2bc7dac9d70 at 2bc7fcbf550>
2026-06-19 12:00:42,083 - INFO - UI load successful
2026-06-19 12:06:18,255 - DEBUG - OpenGL_accelerate module loaded
2026-06-19 12:06:18,272 - DEBUG - Using accelerated ArrayDatatype
2026-06-19 12:06:18,645 - DEBUG - CoInitializeEx(None, 2)
2026-06-19 12:06:18,711 - INFO - Imported existing <module 'comtypes.gen' from 'C:\\Users\\exp\\AppData\\Roaming\\Python\\Python313\\site-packages\\comtypes\\gen\\__init__.py'>
2026-06-19 12:06:18,712 - INFO - Using writeable comtypes cache directory: 'C:\Users\exp\AppData\Roaming\Python\Python313\site-packages\comtypes\gen'
2026-06-19 12:06:18,721 - DEBUG - GetModule(qedit.dll), resolved: False
2026-06-19 12:06:18,723 - DEBUG - GetModule(TLIBATTR(GUID={78530B68-61F9-11D2-8CAD-00A024580902}, Version=1.0, LCID=0, FLags=0x8))
2026-06-19 12:06:18,754 - DEBUG - Release <POINTER(ITypeLib) ptr=0x1dfaf5b31d0 at 1dfb17cf6d0>
2026-06-19 12:06:18,754 - DEBUG - GetModule(quartz.dll), resolved: False
2026-06-19 12:06:18,755 - DEBUG - GetModule(TLIBATTR(GUID={56A868B0-0AD4-11CE-B03A-0020AF0BA770}, Version=1.0, LCID=0, FLags=0x8))
2026-06-19 12:06:18,766 - DEBUG - Release <POINTER(ITypeLib) ptr=0x1dfaf5af810 at 1dfb17cf550>
2026-06-19 12:06:19,070 - INFO - UI load successful
2026-06-19 12:10:27,635 - DEBUG - OpenGL_accelerate module loaded
2026-06-19 12:10:27,650 - DEBUG - Using accelerated ArrayDatatype
2026-06-19 12:10:27,983 - DEBUG - CoInitializeEx(None, 2)
2026-06-19 12:10:28,043 - INFO - Imported existing <module 'comtypes.gen' from 'C:\\Users\\exp\\AppData\\Roaming\\Python\\Python313\\site-packages\\comtypes\\gen\\__init__.py'>
2026-06-19 12:10:28,043 - INFO - Using writeable comtypes cache directory: 'C:\Users\exp\AppData\Roaming\Python\Python313\site-packages\comtypes\gen'
2026-06-19 12:10:28,052 - DEBUG - GetModule(qedit.dll), resolved: False
2026-06-19 12:10:28,053 - DEBUG - GetModule(TLIBATTR(GUID={78530B68-61F9-11D2-8CAD-00A024580902}, Version=1.0, LCID=0, FLags=0x8))
2026-06-19 12:10:28,077 - DEBUG - Release <POINTER(ITypeLib) ptr=0x2c8c8fa73c0 at 2c8cb1cf6d0>
2026-06-19 12:10:28,078 - DEBUG - GetModule(quartz.dll), resolved: False
2026-06-19 12:10:28,078 - DEBUG - GetModule(TLIBATTR(GUID={56A868B0-0AD4-11CE-B03A-0020AF0BA770}, Version=1.0, LCID=0, FLags=0x8))
2026-06-19 12:10:28,086 - DEBUG - Release <POINTER(ITypeLib) ptr=0x2c8c8fa5b00 at 2c8cb1cf550>
2026-06-19 12:10:28,334 - INFO - UI load successful
2026-06-19 12:11:12,267 - CRITICAL - Laser 1 : OFF
2026-06-19 12:11:12,267 - CRITICAL - Laser 2 : OFF
2026-06-19 12:11:12,267 - INFO - Lasers Shutdown
2026-06-19 12:11:12,267 - INFO - COM connection close successfully
2026-06-19 12:11:12,267 - INFO - Main window close successfully
2026-06-19 12:11:12,267 - INFO - ==================================================
2026-06-19 12:11:12,267 - INFO - New session close at 2026-06-19 12:11
2026-06-19 12:11:12,267 - INFO - ==================================================
2026-06-19 12:11:12,274 - DEBUG - Calling CoUninitialize()
2026-06-19 12:11:12,275 - DEBUG - CoUninitialize() done.
2026-06-19 12:11:43,842 - DEBUG - OpenGL_accelerate module loaded
2026-06-19 12:11:43,855 - DEBUG - Using accelerated ArrayDatatype
2026-06-19 12:11:44,137 - DEBUG - CoInitializeEx(None, 2)
2026-06-19 12:11:44,198 - INFO - Imported existing <module 'comtypes.gen' from 'C:\\Users\\exp\\AppData\\Roaming\\Python\\Python313\\site-packages\\comtypes\\gen\\__init__.py'>
2026-06-19 12:11:44,198 - INFO - Using writeable comtypes cache directory: 'C:\Users\exp\AppData\Roaming\Python\Python313\site-packages\comtypes\gen'
2026-06-19 12:11:44,206 - DEBUG - GetModule(qedit.dll), resolved: False
2026-06-19 12:11:44,240 - DEBUG - GetModule(TLIBATTR(GUID={78530B68-61F9-11D2-8CAD-00A024580902}, Version=1.0, LCID=0, FLags=0x8))
2026-06-19 12:11:44,264 - DEBUG - Release <POINTER(ITypeLib) ptr=0x2b3f2dc37e0 at 2b3f5a7f6d0>
2026-06-19 12:11:44,265 - DEBUG - GetModule(quartz.dll), resolved: False
2026-06-19 12:11:44,266 - DEBUG - GetModule(TLIBATTR(GUID={56A868B0-0AD4-11CE-B03A-0020AF0BA770}, Version=1.0, LCID=0, FLags=0x8))
2026-06-19 12:11:44,274 - DEBUG - Release <POINTER(ITypeLib) ptr=0x2b3f2dc37e0 at 2b3f5a7f550>
2026-06-19 12:11:44,522 - INFO - UI load successful
2026-06-19 12:13:00,240 - DEBUG - OpenGL_accelerate module loaded
2026-06-19 12:13:00,253 - DEBUG - Using accelerated ArrayDatatype
2026-06-19 12:13:00,541 - DEBUG - CoInitializeEx(None, 2)
2026-06-19 12:13:00,596 - INFO - Imported existing <module 'comtypes.gen' from 'C:\\Users\\exp\\AppData\\Roaming\\Python\\Python313\\site-packages\\comtypes\\gen\\__init__.py'>
2026-06-19 12:13:00,596 - INFO - Using writeable comtypes cache directory: 'C:\Users\exp\AppData\Roaming\Python\Python313\site-packages\comtypes\gen'
2026-06-19 12:13:00,603 - DEBUG - GetModule(qedit.dll), resolved: False
2026-06-19 12:13:00,605 - DEBUG - GetModule(TLIBATTR(GUID={78530B68-61F9-11D2-8CAD-00A024580902}, Version=1.0, LCID=0, FLags=0x8))
2026-06-19 12:13:00,629 - DEBUG - Release <POINTER(ITypeLib) ptr=0x287c6f68040 at 287dc82f6d0>
2026-06-19 12:13:00,630 - DEBUG - GetModule(quartz.dll), resolved: False
2026-06-19 12:13:00,630 - DEBUG - GetModule(TLIBATTR(GUID={56A868B0-0AD4-11CE-B03A-0020AF0BA770}, Version=1.0, LCID=0, FLags=0x8))
2026-06-19 12:13:00,640 - DEBUG - Release <POINTER(ITypeLib) ptr=0x287c6f68040 at 287dc82f550>
2026-06-19 12:13:00,893 - INFO - UI load successful
2026-06-19 12:13:11,991 - CRITICAL - Laser 1 : OFF
2026-06-19 12:13:11,991 - CRITICAL - Laser 2 : OFF
2026-06-19 12:13:11,991 - INFO - Lasers Shutdown
2026-06-19 12:13:11,991 - INFO - COM connection close successfully
2026-06-19 12:13:11,991 - INFO - Main window close successfully
2026-06-19 12:13:11,992 - INFO - ==================================================
2026-06-19 12:13:11,992 - INFO - New session close at 2026-06-19 12:13
2026-06-19 12:13:11,992 - INFO - ==================================================
2026-06-19 12:13:12,008 - DEBUG - Calling CoUninitialize()
2026-06-19 12:13:12,009 - DEBUG - CoUninitialize() done.
2026-06-19 12:14:22,844 - DEBUG - OpenGL_accelerate module loaded
2026-06-19 12:14:22,857 - DEBUG - Using accelerated ArrayDatatype
2026-06-19 12:14:23,126 - DEBUG - CoInitializeEx(None, 2)
2026-06-19 12:14:23,175 - INFO - Imported existing <module 'comtypes.gen' from 'C:\\Users\\exp\\AppData\\Roaming\\Python\\Python313\\site-packages\\comtypes\\gen\\__init__.py'>
2026-06-19 12:14:23,175 - INFO - Using writeable comtypes cache directory: 'C:\Users\exp\AppData\Roaming\Python\Python313\site-packages\comtypes\gen'
2026-06-19 12:14:23,181 - DEBUG - GetModule(qedit.dll), resolved: False
2026-06-19 12:14:23,183 - DEBUG - GetModule(TLIBATTR(GUID={78530B68-61F9-11D2-8CAD-00A024580902}, Version=1.0, LCID=0, FLags=0x8))
2026-06-19 12:14:23,206 - DEBUG - Release <POINTER(ITypeLib) ptr=0x17ca171bbb0 at 17ca434f6d0>
2026-06-19 12:14:23,206 - DEBUG - GetModule(quartz.dll), resolved: False
2026-06-19 12:14:23,207 - DEBUG - GetModule(TLIBATTR(GUID={56A868B0-0AD4-11CE-B03A-0020AF0BA770}, Version=1.0, LCID=0, FLags=0x8))
2026-06-19 12:14:23,215 - DEBUG - Release <POINTER(ITypeLib) ptr=0x17ca171bbb0 at 17ca434f550>
2026-06-19 12:14:23,493 - INFO - UI load successful
2026-06-19 12:16:48,184 - DEBUG - OpenGL_accelerate module loaded
2026-06-19 12:16:48,197 - DEBUG - Using accelerated ArrayDatatype
2026-06-19 12:16:48,482 - DEBUG - CoInitializeEx(None, 2)
2026-06-19 12:16:48,535 - INFO - Imported existing <module 'comtypes.gen' from 'C:\\Users\\exp\\AppData\\Roaming\\Python\\Python313\\site-packages\\comtypes\\gen\\__init__.py'>
2026-06-19 12:16:48,536 - INFO - Using writeable comtypes cache directory: 'C:\Users\exp\AppData\Roaming\Python\Python313\site-packages\comtypes\gen'
2026-06-19 12:16:48,542 - DEBUG - GetModule(qedit.dll), resolved: False
2026-06-19 12:16:48,544 - DEBUG - GetModule(TLIBATTR(GUID={78530B68-61F9-11D2-8CAD-00A024580902}, Version=1.0, LCID=0, FLags=0x8))
2026-06-19 12:16:48,570 - DEBUG - Release <POINTER(ITypeLib) ptr=0x1cce40e8ba0 at 1ccf9c9f6d0>
2026-06-19 12:16:48,571 - DEBUG - GetModule(quartz.dll), resolved: False
2026-06-19 12:16:48,572 - DEBUG - GetModule(TLIBATTR(GUID={56A868B0-0AD4-11CE-B03A-0020AF0BA770}, Version=1.0, LCID=0, FLags=0x8))
2026-06-19 12:16:48,581 - DEBUG - Release <POINTER(ITypeLib) ptr=0x1cce40e8360 at 1ccf9c9f550>
2026-06-19 12:16:48,828 - INFO - UI load successful
2026-06-19 12:16:54,739 - CRITICAL - Laser 1 : OFF
2026-06-19 12:16:54,739 - CRITICAL - Laser 2 : OFF
2026-06-19 12:16:54,739 - INFO - Lasers Shutdown
2026-06-19 12:16:54,739 - INFO - COM connection close successfully
2026-06-19 12:16:54,739 - INFO - Main window close successfully
2026-06-19 12:16:54,740 - INFO - ==================================================
2026-06-19 12:16:54,740 - INFO - New session close at 2026-06-19 12:16
2026-06-19 12:16:54,740 - INFO - ==================================================
2026-06-19 12:16:54,751 - DEBUG - Calling CoUninitialize()
2026-06-19 12:16:54,752 - DEBUG - CoUninitialize() done.
2026-06-19 12:25:58,550 - DEBUG - OpenGL_accelerate module loaded
2026-06-19 12:25:58,562 - DEBUG - Using accelerated ArrayDatatype
2026-06-19 12:25:58,831 - DEBUG - CoInitializeEx(None, 2)
2026-06-19 12:25:58,880 - INFO - Imported existing <module 'comtypes.gen' from 'C:\\Users\\exp\\AppData\\Roaming\\Python\\Python313\\site-packages\\comtypes\\gen\\__init__.py'>
2026-06-19 12:25:58,880 - INFO - Using writeable comtypes cache directory: 'C:\Users\exp\AppData\Roaming\Python\Python313\site-packages\comtypes\gen'
2026-06-19 12:25:58,888 - DEBUG - GetModule(qedit.dll), resolved: False
2026-06-19 12:25:58,890 - DEBUG - GetModule(TLIBATTR(GUID={78530B68-61F9-11D2-8CAD-00A024580902}, Version=1.0, LCID=0, FLags=0x8))
2026-06-19 12:25:58,914 - DEBUG - Release <POINTER(ITypeLib) ptr=0x2269a3d0e40 at 2269d02f6d0>
2026-06-19 12:25:58,914 - DEBUG - GetModule(quartz.dll), resolved: False
2026-06-19 12:25:58,915 - DEBUG - GetModule(TLIBATTR(GUID={56A868B0-0AD4-11CE-B03A-0020AF0BA770}, Version=1.0, LCID=0, FLags=0x8))
2026-06-19 12:25:58,923 - DEBUG - Release <POINTER(ITypeLib) ptr=0x2269a3d0e40 at 2269d02f550>
2026-06-19 12:25:59,152 - INFO - UI load successful
2026-06-19 12:26:08,914 - CRITICAL - Laser 1 : OFF
2026-06-19 12:26:08,915 - CRITICAL - Laser 2 : OFF
2026-06-19 12:26:08,915 - INFO - Lasers Shutdown
2026-06-19 12:26:08,915 - INFO - COM connection close successfully
2026-06-19 12:26:08,915 - INFO - Main window close successfully
2026-06-19 12:26:08,915 - INFO - ==================================================
2026-06-19 12:26:08,915 - INFO - New session close at 2026-06-19 12:26
2026-06-19 12:26:08,915 - INFO - ==================================================
2026-06-19 12:26:08,927 - DEBUG - Calling CoUninitialize()
2026-06-19 12:26:08,928 - DEBUG - CoUninitialize() done.
2026-06-19 12:27:24,991 - DEBUG - OpenGL_accelerate module loaded
2026-06-19 12:27:25,003 - DEBUG - Using accelerated ArrayDatatype
2026-06-19 12:27:25,252 - DEBUG - CoInitializeEx(None, 2)
2026-06-19 12:27:25,305 - INFO - Imported existing <module 'comtypes.gen' from 'C:\\Users\\exp\\AppData\\Roaming\\Python\\Python313\\site-packages\\comtypes\\gen\\__init__.py'>
2026-06-19 12:27:25,305 - INFO - Using writeable comtypes cache directory: 'C:\Users\exp\AppData\Roaming\Python\Python313\site-packages\comtypes\gen'
2026-06-19 12:27:25,311 - DEBUG - GetModule(qedit.dll), resolved: False
2026-06-19 12:27:25,312 - DEBUG - GetModule(TLIBATTR(GUID={78530B68-61F9-11D2-8CAD-00A024580902}, Version=1.0, LCID=0, FLags=0x8))
2026-06-19 12:27:25,335 - DEBUG - Release <POINTER(ITypeLib) ptr=0x2432c66cc10 at 2432ecaf6d0>
2026-06-19 12:27:25,336 - DEBUG - GetModule(quartz.dll), resolved: False
2026-06-19 12:27:25,336 - DEBUG - GetModule(TLIBATTR(GUID={56A868B0-0AD4-11CE-B03A-0020AF0BA770}, Version=1.0, LCID=0, FLags=0x8))
2026-06-19 12:27:25,344 - DEBUG - Release <POINTER(ITypeLib) ptr=0x2432c66be50 at 2432ecaf550>
2026-06-19 12:27:25,571 - INFO - UI load successful
2026-06-19 12:27:47,457 - CRITICAL - Laser 1 : OFF
2026-06-19 12:27:47,458 - CRITICAL - Laser 2 : OFF
2026-06-19 12:27:47,458 - INFO - Lasers Shutdown
2026-06-19 12:27:47,458 - INFO - COM connection close successfully
2026-06-19 12:27:47,458 - INFO - Main window close successfully
2026-06-19 12:27:47,458 - INFO - ==================================================
2026-06-19 12:27:47,458 - INFO - New session close at 2026-06-19 12:27
2026-06-19 12:27:47,458 - INFO - ==================================================
2026-06-19 12:27:47,467 - DEBUG - Calling CoUninitialize()
2026-06-19 12:27:47,467 - DEBUG - CoUninitialize() done.
2026-06-19 12:28:37,976 - DEBUG - OpenGL_accelerate module loaded
2026-06-19 12:28:37,987 - DEBUG - Using accelerated ArrayDatatype
2026-06-19 12:28:38,241 - DEBUG - CoInitializeEx(None, 2)
2026-06-19 12:28:38,289 - INFO - Imported existing <module 'comtypes.gen' from 'C:\\Users\\exp\\AppData\\Roaming\\Python\\Python313\\site-packages\\comtypes\\gen\\__init__.py'>
2026-06-19 12:28:38,289 - INFO - Using writeable comtypes cache directory: 'C:\Users\exp\AppData\Roaming\Python\Python313\site-packages\comtypes\gen'
2026-06-19 12:28:38,295 - DEBUG - GetModule(qedit.dll), resolved: False
2026-06-19 12:28:38,296 - DEBUG - GetModule(TLIBATTR(GUID={78530B68-61F9-11D2-8CAD-00A024580902}, Version=1.0, LCID=0, FLags=0x8))
2026-06-19 12:28:38,321 - DEBUG - Release <POINTER(ITypeLib) ptr=0x2008a5141e0 at 2009fd3f6d0>
2026-06-19 12:28:38,321 - DEBUG - GetModule(quartz.dll), resolved: False
2026-06-19 12:28:38,322 - DEBUG - GetModule(TLIBATTR(GUID={56A868B0-0AD4-11CE-B03A-0020AF0BA770}, Version=1.0, LCID=0, FLags=0x8))
2026-06-19 12:28:38,330 - DEBUG - Release <POINTER(ITypeLib) ptr=0x2008a5141e0 at 2009fd3f550>
2026-06-19 12:28:38,560 - INFO - UI load successful
2026-06-19 12:29:52,874 - DEBUG - OpenGL_accelerate module loaded
2026-06-19 12:29:52,886 - DEBUG - Using accelerated ArrayDatatype
2026-06-19 12:29:53,145 - DEBUG - CoInitializeEx(None, 2)
2026-06-19 12:29:53,192 - INFO - Imported existing <module 'comtypes.gen' from 'C:\\Users\\exp\\AppData\\Roaming\\Python\\Python313\\site-packages\\comtypes\\gen\\__init__.py'>
2026-06-19 12:29:53,192 - INFO - Using writeable comtypes cache directory: 'C:\Users\exp\AppData\Roaming\Python\Python313\site-packages\comtypes\gen'
2026-06-19 12:29:53,200 - DEBUG - GetModule(qedit.dll), resolved: False
2026-06-19 12:29:53,201 - DEBUG - GetModule(TLIBATTR(GUID={78530B68-61F9-11D2-8CAD-00A024580902}, Version=1.0, LCID=0, FLags=0x8))
2026-06-19 12:29:53,225 - DEBUG - Release <POINTER(ITypeLib) ptr=0x1866a3a9410 at 1866d0cf6d0>
2026-06-19 12:29:53,226 - DEBUG - GetModule(quartz.dll), resolved: False
2026-06-19 12:29:53,226 - DEBUG - GetModule(TLIBATTR(GUID={56A868B0-0AD4-11CE-B03A-0020AF0BA770}, Version=1.0, LCID=0, FLags=0x8))
2026-06-19 12:29:53,233 - DEBUG - Release <POINTER(ITypeLib) ptr=0x1866a3a9410 at 1866d0cf550>
2026-06-19 12:29:53,462 - INFO - UI load successful
2026-06-19 12:30:10,018 - INFO - Profile : Supervisor
2026-06-19 12:40:14,806 - DEBUG - OpenGL_accelerate module loaded
2026-06-19 12:40:14,819 - DEBUG - Using accelerated ArrayDatatype
2026-06-19 12:40:15,081 - DEBUG - CoInitializeEx(None, 2)
2026-06-19 12:40:15,128 - INFO - Imported existing <module 'comtypes.gen' from 'C:\\Users\\exp\\AppData\\Roaming\\Python\\Python313\\site-packages\\comtypes\\gen\\__init__.py'>
2026-06-19 12:40:15,128 - INFO - Using writeable comtypes cache directory: 'C:\Users\exp\AppData\Roaming\Python\Python313\site-packages\comtypes\gen'
2026-06-19 12:40:15,135 - DEBUG - GetModule(qedit.dll), resolved: False
2026-06-19 12:40:15,136 - DEBUG - GetModule(TLIBATTR(GUID={78530B68-61F9-11D2-8CAD-00A024580902}, Version=1.0, LCID=0, FLags=0x8))
2026-06-19 12:40:15,159 - DEBUG - Release <POINTER(ITypeLib) ptr=0x26f25095c70 at 26f27d9f6d0>
2026-06-19 12:40:15,160 - DEBUG - GetModule(quartz.dll), resolved: False
2026-06-19 12:40:15,160 - DEBUG - GetModule(TLIBATTR(GUID={56A868B0-0AD4-11CE-B03A-0020AF0BA770}, Version=1.0, LCID=0, FLags=0x8))
2026-06-19 12:40:15,168 - DEBUG - Release <POINTER(ITypeLib) ptr=0x26f25095c70 at 26f27d9f550>
2026-06-19 12:40:15,393 - INFO - UI load successful
2026-06-19 12:40:27,575 - INFO - Profile : Supervisor
2026-06-19 12:45:35,498 - DEBUG - OpenGL_accelerate module loaded
2026-06-19 12:45:35,511 - DEBUG - Using accelerated ArrayDatatype
2026-06-19 12:45:35,777 - DEBUG - CoInitializeEx(None, 2)
2026-06-19 12:45:35,826 - INFO - Imported existing <module 'comtypes.gen' from 'C:\\Users\\exp\\AppData\\Roaming\\Python\\Python313\\site-packages\\comtypes\\gen\\__init__.py'>
2026-06-19 12:45:35,826 - INFO - Using writeable comtypes cache directory: 'C:\Users\exp\AppData\Roaming\Python\Python313\site-packages\comtypes\gen'
2026-06-19 12:45:35,833 - DEBUG - GetModule(qedit.dll), resolved: False
2026-06-19 12:45:35,835 - DEBUG - GetModule(TLIBATTR(GUID={78530B68-61F9-11D2-8CAD-00A024580902}, Version=1.0, LCID=0, FLags=0x8))
2026-06-19 12:45:35,858 - DEBUG - Release <POINTER(ITypeLib) ptr=0x121b065a290 at 121b2a0f6d0>
2026-06-19 12:45:35,858 - DEBUG - GetModule(quartz.dll), resolved: False
2026-06-19 12:45:35,859 - DEBUG - GetModule(TLIBATTR(GUID={56A868B0-0AD4-11CE-B03A-0020AF0BA770}, Version=1.0, LCID=0, FLags=0x8))
2026-06-19 12:45:35,867 - DEBUG - Release <POINTER(ITypeLib) ptr=0x121b06589d0 at 121b2a0f550>
2026-06-19 12:45:36,101 - INFO - UI load successful
2026-06-19 12:45:47,465 - INFO - Profile : Supervisor
2026-06-19 12:46:40,192 - CRITICAL - Laser 1 : OFF
2026-06-19 12:46:40,192 - CRITICAL - Laser 2 : OFF
2026-06-19 12:46:40,192 - INFO - Lasers Shutdown
2026-06-19 12:46:40,193 - INFO - COM connection close successfully
2026-06-19 12:46:40,193 - INFO - Main window close successfully
2026-06-19 12:46:40,193 - INFO - ==================================================
2026-06-19 12:46:40,193 - INFO - New session close at 2026-06-19 12:46
2026-06-19 12:46:40,193 - INFO - ==================================================
2026-06-19 12:46:40,198 - DEBUG - Calling CoUninitialize()
2026-06-19 12:46:40,198 - DEBUG - CoUninitialize() done.
2026-06-19 12:47:08,966 - DEBUG - OpenGL_accelerate module loaded
2026-06-19 12:47:08,980 - DEBUG - Using accelerated ArrayDatatype
2026-06-19 12:47:09,234 - DEBUG - CoInitializeEx(None, 2)
2026-06-19 12:47:09,282 - INFO - Imported existing <module 'comtypes.gen' from 'C:\\Users\\exp\\AppData\\Roaming\\Python\\Python313\\site-packages\\comtypes\\gen\\__init__.py'>
2026-06-19 12:47:09,282 - INFO - Using writeable comtypes cache directory: 'C:\Users\exp\AppData\Roaming\Python\Python313\site-packages\comtypes\gen'
2026-06-19 12:47:09,288 - DEBUG - GetModule(qedit.dll), resolved: False
2026-06-19 12:47:09,290 - DEBUG - GetModule(TLIBATTR(GUID={78530B68-61F9-11D2-8CAD-00A024580902}, Version=1.0, LCID=0, FLags=0x8))
2026-06-19 12:47:09,314 - DEBUG - Release <POINTER(ITypeLib) ptr=0x28f0d6e35a0 at 28f102ef6d0>
2026-06-19 12:47:09,315 - DEBUG - GetModule(quartz.dll), resolved: False
2026-06-19 12:47:09,316 - DEBUG - GetModule(TLIBATTR(GUID={56A868B0-0AD4-11CE-B03A-0020AF0BA770}, Version=1.0, LCID=0, FLags=0x8))
2026-06-19 12:47:09,325 - DEBUG - Release <POINTER(ITypeLib) ptr=0x28f0d6e35a0 at 28f102ef550>
2026-06-19 12:47:09,622 - INFO - UI load successful
2026-06-19 12:47:18,552 - INFO - Profile : Supervisor
2026-06-19 12:48:24,683 - CRITICAL - Laser 1 : OFF
2026-06-19 12:48:24,684 - CRITICAL - Laser 2 : OFF
2026-06-19 12:48:24,684 - INFO - Lasers Shutdown
2026-06-19 12:48:24,684 - INFO - COM connection close successfully
2026-06-19 12:48:24,684 - INFO - Main window close successfully
2026-06-19 12:48:24,684 - INFO - ==================================================
2026-06-19 12:48:24,684 - INFO - New session close at 2026-06-19 12:48
2026-06-19 12:48:24,684 - INFO - ==================================================
2026-06-19 12:48:24,693 - DEBUG - Calling CoUninitialize()
2026-06-19 12:48:24,693 - DEBUG - CoUninitialize() done.
2026-06-19 12:49:25,896 - DEBUG - OpenGL_accelerate module loaded
2026-06-19 12:49:25,924 - DEBUG - Using accelerated ArrayDatatype
2026-06-19 12:49:26,480 - DEBUG - CoInitializeEx(None, 2)
2026-06-19 12:49:26,575 - INFO - Imported existing <module 'comtypes.gen' from 'C:\\Users\\exp\\AppData\\Roaming\\Python\\Python313\\site-packages\\comtypes\\gen\\__init__.py'>
2026-06-19 12:49:26,575 - INFO - Using writeable comtypes cache directory: 'C:\Users\exp\AppData\Roaming\Python\Python313\site-packages\comtypes\gen'
2026-06-19 12:49:26,586 - DEBUG - GetModule(qedit.dll), resolved: False
2026-06-19 12:49:26,591 - DEBUG - GetModule(TLIBATTR(GUID={78530B68-61F9-11D2-8CAD-00A024580902}, Version=1.0, LCID=0, FLags=0x8))
2026-06-19 12:49:26,624 - DEBUG - Release <POINTER(ITypeLib) ptr=0x18b0f6c5a90 at 18b11e8f6d0>
2026-06-19 12:49:26,625 - DEBUG - GetModule(quartz.dll), resolved: False
2026-06-19 12:49:26,627 - DEBUG - GetModule(TLIBATTR(GUID={56A868B0-0AD4-11CE-B03A-0020AF0BA770}, Version=1.0, LCID=0, FLags=0x8))
2026-06-19 12:49:26,636 - DEBUG - Release <POINTER(ITypeLib) ptr=0x18b0f6c7e50 at 18b11e8f550>
2026-06-19 12:49:26,947 - INFO - UI load successful
2026-06-19 12:56:50,452 - DEBUG - OpenGL_accelerate module loaded
2026-06-19 12:56:50,464 - DEBUG - Using accelerated ArrayDatatype
2026-06-19 12:56:50,718 - DEBUG - CoInitializeEx(None, 2)
2026-06-19 12:56:50,770 - INFO - Imported existing <module 'comtypes.gen' from 'C:\\Users\\exp\\AppData\\Roaming\\Python\\Python313\\site-packages\\comtypes\\gen\\__init__.py'>
2026-06-19 12:56:50,770 - INFO - Using writeable comtypes cache directory: 'C:\Users\exp\AppData\Roaming\Python\Python313\site-packages\comtypes\gen'
2026-06-19 12:56:50,777 - DEBUG - GetModule(qedit.dll), resolved: False
2026-06-19 12:56:50,778 - DEBUG - GetModule(TLIBATTR(GUID={78530B68-61F9-11D2-8CAD-00A024580902}, Version=1.0, LCID=0, FLags=0x8))
2026-06-19 12:56:50,801 - DEBUG - Release <POINTER(ITypeLib) ptr=0x266f190b090 at 266f3c6f6d0>
2026-06-19 12:56:50,801 - DEBUG - GetModule(quartz.dll), resolved: False
2026-06-19 12:56:50,802 - DEBUG - GetModule(TLIBATTR(GUID={56A868B0-0AD4-11CE-B03A-0020AF0BA770}, Version=1.0, LCID=0, FLags=0x8))
2026-06-19 12:56:50,809 - DEBUG - Release <POINTER(ITypeLib) ptr=0x266f190c690 at 266f3c6f550>
2026-06-19 12:56:51,032 - INFO - UI load successful
2026-06-19 13:02:08,798 - DEBUG - OpenGL_accelerate module loaded
2026-06-19 13:02:08,808 - DEBUG - Using accelerated ArrayDatatype
2026-06-19 13:02:09,061 - DEBUG - CoInitializeEx(None, 2)
2026-06-19 13:02:09,108 - INFO - Imported existing <module 'comtypes.gen' from 'C:\\Users\\exp\\AppData\\Roaming\\Python\\Python313\\site-packages\\comtypes\\gen\\__init__.py'>
2026-06-19 13:02:09,108 - INFO - Using writeable comtypes cache directory: 'C:\Users\exp\AppData\Roaming\Python\Python313\site-packages\comtypes\gen'
2026-06-19 13:02:09,114 - DEBUG - GetModule(qedit.dll), resolved: False
2026-06-19 13:02:09,115 - DEBUG - GetModule(TLIBATTR(GUID={78530B68-61F9-11D2-8CAD-00A024580902}, Version=1.0, LCID=0, FLags=0x8))
2026-06-19 13:02:09,139 - DEBUG - Release <POINTER(ITypeLib) ptr=0x1c6b4821fb0 at 1c6b6a7f6d0>
2026-06-19 13:02:09,139 - DEBUG - GetModule(quartz.dll), resolved: False
2026-06-19 13:02:09,140 - DEBUG - GetModule(TLIBATTR(GUID={56A868B0-0AD4-11CE-B03A-0020AF0BA770}, Version=1.0, LCID=0, FLags=0x8))
2026-06-19 13:02:09,147 - DEBUG - Release <POINTER(ITypeLib) ptr=0x1c6b48227f0 at 1c6b6a7f550>
2026-06-19 13:02:09,384 - INFO - UI load successful
2026-06-19 13:02:22,577 - CRITICAL - Laser 1 : OFF
2026-06-19 13:02:22,578 - CRITICAL - Laser 2 : OFF
2026-06-19 13:02:22,578 - INFO - Lasers Shutdown
2026-06-19 13:02:22,578 - INFO - COM connection close successfully
2026-06-19 13:02:22,578 - INFO - Main window close successfully
2026-06-19 13:02:22,578 - INFO - ==================================================
2026-06-19 13:02:22,578 - INFO - New session close at 2026-06-19 13:02
2026-06-19 13:02:22,578 - INFO - ==================================================
2026-06-19 13:02:22,587 - DEBUG - Calling CoUninitialize()
2026-06-19 13:02:22,589 - DEBUG - CoUninitialize() done.
2026-06-19 13:03:24,008 - DEBUG - OpenGL_accelerate module loaded
2026-06-19 13:03:24,022 - DEBUG - Using accelerated ArrayDatatype
2026-06-19 13:03:24,280 - DEBUG - CoInitializeEx(None, 2)
2026-06-19 13:03:24,328 - INFO - Imported existing <module 'comtypes.gen' from 'C:\\Users\\exp\\AppData\\Roaming\\Python\\Python313\\site-packages\\comtypes\\gen\\__init__.py'>
2026-06-19 13:03:24,328 - INFO - Using writeable comtypes cache directory: 'C:\Users\exp\AppData\Roaming\Python\Python313\site-packages\comtypes\gen'
2026-06-19 13:03:24,335 - DEBUG - GetModule(qedit.dll), resolved: False
2026-06-19 13:03:24,336 - DEBUG - GetModule(TLIBATTR(GUID={78530B68-61F9-11D2-8CAD-00A024580902}, Version=1.0, LCID=0, FLags=0x8))
2026-06-19 13:03:24,360 - DEBUG - Release <POINTER(ITypeLib) ptr=0x2ea77c26b70 at 2ea7a83f6d0>
2026-06-19 13:03:24,360 - DEBUG - GetModule(quartz.dll), resolved: False
2026-06-19 13:03:24,361 - DEBUG - GetModule(TLIBATTR(GUID={56A868B0-0AD4-11CE-B03A-0020AF0BA770}, Version=1.0, LCID=0, FLags=0x8))
2026-06-19 13:03:24,368 - DEBUG - Release <POINTER(ITypeLib) ptr=0x2ea77c26b70 at 2ea7a83f550>
2026-06-19 13:03:24,754 - INFO - UI load successful
2026-06-19 13:03:34,723 - CRITICAL - Laser 1 : OFF
2026-06-19 13:03:34,723 - CRITICAL - Laser 2 : OFF
2026-06-19 13:03:34,724 - INFO - Lasers Shutdown
2026-06-19 13:03:34,724 - INFO - COM connection close successfully
2026-06-19 13:03:34,724 - INFO - Main window close successfully
2026-06-19 13:03:34,724 - INFO - ==================================================
2026-06-19 13:03:34,724 - INFO - New session close at 2026-06-19 13:03
2026-06-19 13:03:34,724 - INFO - ==================================================
2026-06-19 13:03:34,735 - DEBUG - Calling CoUninitialize()
2026-06-19 13:03:34,735 - DEBUG - CoUninitialize() done.
2026-06-19 13:04:17,894 - DEBUG - OpenGL_accelerate module loaded
2026-06-19 13:04:17,909 - DEBUG - Using accelerated ArrayDatatype
2026-06-19 13:04:18,227 - DEBUG - CoInitializeEx(None, 2)
2026-06-19 13:04:18,288 - INFO - Imported existing <module 'comtypes.gen' from 'C:\\Users\\exp\\AppData\\Roaming\\Python\\Python313\\site-packages\\comtypes\\gen\\__init__.py'>
2026-06-19 13:04:18,289 - INFO - Using writeable comtypes cache directory: 'C:\Users\exp\AppData\Roaming\Python\Python313\site-packages\comtypes\gen'
2026-06-19 13:04:18,296 - DEBUG - GetModule(qedit.dll), resolved: False
2026-06-19 13:04:18,298 - DEBUG - GetModule(TLIBATTR(GUID={78530B68-61F9-11D2-8CAD-00A024580902}, Version=1.0, LCID=0, FLags=0x8))
2026-06-19 13:04:18,326 - DEBUG - Release <POINTER(ITypeLib) ptr=0x1ce0b898ab0 at 1ce0e4cf6d0>
2026-06-19 13:04:18,327 - DEBUG - GetModule(quartz.dll), resolved: False
2026-06-19 13:04:18,327 - DEBUG - GetModule(TLIBATTR(GUID={56A868B0-0AD4-11CE-B03A-0020AF0BA770}, Version=1.0, LCID=0, FLags=0x8))
2026-06-19 13:04:18,336 - DEBUG - Release <POINTER(ITypeLib) ptr=0x1ce0b898ab0 at 1ce0e4cf550>
2026-06-19 13:04:18,628 - INFO - UI load successful
2026-06-19 13:04:30,757 - CRITICAL - Laser 1 : OFF
2026-06-19 13:04:30,757 - CRITICAL - Laser 2 : OFF
2026-06-19 13:04:30,757 - INFO - Lasers Shutdown
2026-06-19 13:04:30,758 - INFO - COM connection close successfully
2026-06-19 13:04:30,758 - INFO - Main window close successfully
2026-06-19 13:04:30,758 - INFO - ==================================================
2026-06-19 13:04:30,758 - INFO - New session close at 2026-06-19 13:04
2026-06-19 13:04:30,758 - INFO - ==================================================
2026-06-19 13:04:30,768 - DEBUG - Calling CoUninitialize()
2026-06-19 13:04:30,768 - DEBUG - CoUninitialize() done.
2026-06-19 13:05:05,484 - DEBUG - OpenGL_accelerate module loaded
2026-06-19 13:05:05,496 - DEBUG - Using accelerated ArrayDatatype
2026-06-19 13:05:05,750 - DEBUG - CoInitializeEx(None, 2)
2026-06-19 13:05:05,798 - INFO - Imported existing <module 'comtypes.gen' from 'C:\\Users\\exp\\AppData\\Roaming\\Python\\Python313\\site-packages\\comtypes\\gen\\__init__.py'>
2026-06-19 13:05:05,798 - INFO - Using writeable comtypes cache directory: 'C:\Users\exp\AppData\Roaming\Python\Python313\site-packages\comtypes\gen'
2026-06-19 13:05:05,804 - DEBUG - GetModule(qedit.dll), resolved: False
2026-06-19 13:05:05,806 - DEBUG - GetModule(TLIBATTR(GUID={78530B68-61F9-11D2-8CAD-00A024580902}, Version=1.0, LCID=0, FLags=0x8))
2026-06-19 13:05:05,829 - DEBUG - Release <POINTER(ITypeLib) ptr=0x27c149da3b0 at 27c16d4f6d0>
2026-06-19 13:05:05,829 - DEBUG - GetModule(quartz.dll), resolved: False
2026-06-19 13:05:05,830 - DEBUG - GetModule(TLIBATTR(GUID={56A868B0-0AD4-11CE-B03A-0020AF0BA770}, Version=1.0, LCID=0, FLags=0x8))
2026-06-19 13:05:05,837 - DEBUG - Release <POINTER(ITypeLib) ptr=0x27c149db170 at 27c16d4f550>
2026-06-19 13:05:06,059 - INFO - UI load successful
2026-06-19 13:13:25,879 - DEBUG - OpenGL_accelerate module loaded
2026-06-19 13:13:25,892 - DEBUG - Using accelerated ArrayDatatype
2026-06-19 13:13:26,195 - DEBUG - CoInitializeEx(None, 2)
2026-06-19 13:13:26,256 - INFO - Imported existing <module 'comtypes.gen' from 'C:\\Users\\exp\\AppData\\Roaming\\Python\\Python313\\site-packages\\comtypes\\gen\\__init__.py'>
2026-06-19 13:13:26,256 - INFO - Using writeable comtypes cache directory: 'C:\Users\exp\AppData\Roaming\Python\Python313\site-packages\comtypes\gen'
2026-06-19 13:13:26,265 - DEBUG - GetModule(qedit.dll), resolved: False
2026-06-19 13:13:26,267 - DEBUG - GetModule(TLIBATTR(GUID={78530B68-61F9-11D2-8CAD-00A024580902}, Version=1.0, LCID=0, FLags=0x8))
2026-06-19 13:13:26,296 - DEBUG - Release <POINTER(ITypeLib) ptr=0x19b3bc16d30 at 19b3df7f6d0>
2026-06-19 13:13:26,297 - DEBUG - GetModule(quartz.dll), resolved: False
2026-06-19 13:13:26,298 - DEBUG - GetModule(TLIBATTR(GUID={56A868B0-0AD4-11CE-B03A-0020AF0BA770}, Version=1.0, LCID=0, FLags=0x8))
2026-06-19 13:13:26,306 - DEBUG - Release <POINTER(ITypeLib) ptr=0x19b3bc164f0 at 19b3df7f550>
2026-06-19 13:13:26,557 - INFO - UI load successful
2026-06-19 13:14:17,192 - DEBUG - OpenGL_accelerate module loaded
2026-06-19 13:14:17,205 - DEBUG - Using accelerated ArrayDatatype
2026-06-19 13:14:17,457 - DEBUG - CoInitializeEx(None, 2)
2026-06-19 13:14:17,505 - INFO - Imported existing <module 'comtypes.gen' from 'C:\\Users\\exp\\AppData\\Roaming\\Python\\Python313\\site-packages\\comtypes\\gen\\__init__.py'>
2026-06-19 13:14:17,505 - INFO - Using writeable comtypes cache directory: 'C:\Users\exp\AppData\Roaming\Python\Python313\site-packages\comtypes\gen'
2026-06-19 13:14:17,511 - DEBUG - GetModule(qedit.dll), resolved: False
2026-06-19 13:14:17,512 - DEBUG - GetModule(TLIBATTR(GUID={78530B68-61F9-11D2-8CAD-00A024580902}, Version=1.0, LCID=0, FLags=0x8))
2026-06-19 13:14:17,535 - DEBUG - Release <POINTER(ITypeLib) ptr=0x29eade18760 at 29eb0b1f6d0>
2026-06-19 13:14:17,536 - DEBUG - GetModule(quartz.dll), resolved: False
2026-06-19 13:14:17,536 - DEBUG - GetModule(TLIBATTR(GUID={56A868B0-0AD4-11CE-B03A-0020AF0BA770}, Version=1.0, LCID=0, FLags=0x8))
2026-06-19 13:14:17,544 - DEBUG - Release <POINTER(ITypeLib) ptr=0x29eade18760 at 29eb0b1f550>
2026-06-19 13:14:17,767 - INFO - UI load successful
2026-06-19 13:15:16,809 - DEBUG - OpenGL_accelerate module loaded
2026-06-19 13:15:16,823 - DEBUG - Using accelerated ArrayDatatype
2026-06-19 13:15:17,076 - DEBUG - CoInitializeEx(None, 2)
2026-06-19 13:15:17,124 - INFO - Imported existing <module 'comtypes.gen' from 'C:\\Users\\exp\\AppData\\Roaming\\Python\\Python313\\site-packages\\comtypes\\gen\\__init__.py'>
2026-06-19 13:15:17,124 - INFO - Using writeable comtypes cache directory: 'C:\Users\exp\AppData\Roaming\Python\Python313\site-packages\comtypes\gen'
2026-06-19 13:15:17,131 - DEBUG - GetModule(qedit.dll), resolved: False
2026-06-19 13:15:17,132 - DEBUG - GetModule(TLIBATTR(GUID={78530B68-61F9-11D2-8CAD-00A024580902}, Version=1.0, LCID=0, FLags=0x8))
2026-06-19 13:15:17,155 - DEBUG - Release <POINTER(ITypeLib) ptr=0x263df6c5610 at 263e1ebf6d0>
2026-06-19 13:15:17,156 - DEBUG - GetModule(quartz.dll), resolved: False
2026-06-19 13:15:17,156 - DEBUG - GetModule(TLIBATTR(GUID={56A868B0-0AD4-11CE-B03A-0020AF0BA770}, Version=1.0, LCID=0, FLags=0x8))
2026-06-19 13:15:17,164 - DEBUG - Release <POINTER(ITypeLib) ptr=0x263df6c5b90 at 263e1ebf550>
2026-06-19 13:15:17,390 - INFO - UI load successful
2026-06-19 13:58:59,756 - DEBUG - OpenGL_accelerate module loaded
2026-06-19 13:58:59,768 - DEBUG - Using accelerated ArrayDatatype
2026-06-19 13:59:00,153 - DEBUG - CoInitializeEx(None, 2)
2026-06-19 13:59:00,207 - INFO - Imported existing <module 'comtypes.gen' from 'C:\\Users\\exp\\AppData\\Roaming\\Python\\Python313\\site-packages\\comtypes\\gen\\__init__.py'>
2026-06-19 13:59:00,207 - INFO - Using writeable comtypes cache directory: 'C:\Users\exp\AppData\Roaming\Python\Python313\site-packages\comtypes\gen'
2026-06-19 13:59:00,214 - DEBUG - GetModule(qedit.dll), resolved: False
2026-06-19 13:59:00,216 - DEBUG - GetModule(TLIBATTR(GUID={78530B68-61F9-11D2-8CAD-00A024580902}, Version=1.0, LCID=0, FLags=0x8))
2026-06-19 13:59:00,240 - DEBUG - Release <POINTER(ITypeLib) ptr=0x23bc7587060 at 23bca1df6d0>
2026-06-19 13:59:00,241 - DEBUG - GetModule(quartz.dll), resolved: False
2026-06-19 13:59:00,242 - DEBUG - GetModule(TLIBATTR(GUID={56A868B0-0AD4-11CE-B03A-0020AF0BA770}, Version=1.0, LCID=0, FLags=0x8))
2026-06-19 13:59:00,250 - DEBUG - Release <POINTER(ITypeLib) ptr=0x23bc7587060 at 23bca1df550>
2026-06-19 13:59:00,514 - INFO - UI load successful
2026-06-19 15:14:50,773 - DEBUG - OpenGL_accelerate module loaded
2026-06-19 15:14:50,845 - DEBUG - Using accelerated ArrayDatatype
2026-06-19 15:15:06,078 - DEBUG - CoInitializeEx(None, 2)
2026-06-19 15:15:06,230 - INFO - Imported existing <module 'comtypes.gen' from 'C:\\Users\\exp\\AppData\\Roaming\\Python\\Python313\\site-packages\\comtypes\\gen\\__init__.py'>
2026-06-19 15:15:06,230 - INFO - Using writeable comtypes cache directory: 'C:\Users\exp\AppData\Roaming\Python\Python313\site-packages\comtypes\gen'
2026-06-19 15:15:06,249 - DEBUG - GetModule(qedit.dll), resolved: False
2026-06-19 15:15:06,254 - DEBUG - GetModule(TLIBATTR(GUID={78530B68-61F9-11D2-8CAD-00A024580902}, Version=1.0, LCID=0, FLags=0x8))
2026-06-19 15:15:06,302 - DEBUG - Release <POINTER(ITypeLib) ptr=0x20cca045800 at 20ccc2ef6d0>
2026-06-19 15:15:06,303 - DEBUG - GetModule(quartz.dll), resolved: False
2026-06-19 15:15:06,306 - DEBUG - GetModule(TLIBATTR(GUID={56A868B0-0AD4-11CE-B03A-0020AF0BA770}, Version=1.0, LCID=0, FLags=0x8))
2026-06-19 15:15:06,321 - DEBUG - Release <POINTER(ITypeLib) ptr=0x20cca047bc0 at 20ccc2ef550>
2026-06-19 15:15:07,384 - INFO - UI load successful
2026-06-20 12:58:21,548 - DEBUG - OpenGL_accelerate module loaded
2026-06-20 12:58:21,599 - DEBUG - Using accelerated ArrayDatatype
2026-06-20 12:58:22,272 - DEBUG - CoInitializeEx(None, 2)
2026-06-20 12:58:22,682 - INFO - Imported existing <module 'comtypes.gen' from 'C:\\Users\\exp\\AppData\\Roaming\\Python\\Python313\\site-packages\\comtypes\\gen\\__init__.py'>
2026-06-20 12:58:22,682 - INFO - Using writeable comtypes cache directory: 'C:\Users\exp\AppData\Roaming\Python\Python313\site-packages\comtypes\gen'
2026-06-20 12:58:22,732 - DEBUG - GetModule(qedit.dll), resolved: False
2026-06-20 12:58:22,737 - DEBUG - GetModule(TLIBATTR(GUID={78530B68-61F9-11D2-8CAD-00A024580902}, Version=1.0, LCID=0, FLags=0x8))
2026-06-20 12:58:22,806 - DEBUG - Release <POINTER(ITypeLib) ptr=0x282c153bbc0 at 282c25ef0d0>
2026-06-20 12:58:22,807 - DEBUG - GetModule(quartz.dll), resolved: False
2026-06-20 12:58:22,810 - DEBUG - GetModule(TLIBATTR(GUID={56A868B0-0AD4-11CE-B03A-0020AF0BA770}, Version=1.0, LCID=0, FLags=0x8))
2026-06-20 12:58:22,836 - DEBUG - Release <POINTER(ITypeLib) ptr=0x282c153ae00 at 282c25eef50>
2026-06-20 12:58:23,864 - INFO - UI load successful
2026-06-20 13:05:27,933 - DEBUG - OpenGL_accelerate module loaded
2026-06-20 13:05:27,945 - DEBUG - Using accelerated ArrayDatatype
2026-06-20 13:05:28,207 - DEBUG - CoInitializeEx(None, 2)
2026-06-20 13:05:28,255 - INFO - Imported existing <module 'comtypes.gen' from 'C:\\Users\\exp\\AppData\\Roaming\\Python\\Python313\\site-packages\\comtypes\\gen\\__init__.py'>
2026-06-20 13:05:28,255 - INFO - Using writeable comtypes cache directory: 'C:\Users\exp\AppData\Roaming\Python\Python313\site-packages\comtypes\gen'
2026-06-20 13:05:28,263 - DEBUG - GetModule(qedit.dll), resolved: False
2026-06-20 13:05:28,265 - DEBUG - GetModule(TLIBATTR(GUID={78530B68-61F9-11D2-8CAD-00A024580902}, Version=1.0, LCID=0, FLags=0x8))
2026-06-20 13:05:28,293 - DEBUG - Release <POINTER(ITypeLib) ptr=0x1819ab633f0 at 1819d859050>
2026-06-20 13:05:28,294 - DEBUG - GetModule(quartz.dll), resolved: False
2026-06-20 13:05:28,294 - DEBUG - GetModule(TLIBATTR(GUID={56A868B0-0AD4-11CE-B03A-0020AF0BA770}, Version=1.0, LCID=0, FLags=0x8))
2026-06-20 13:05:28,303 - DEBUG - Release <POINTER(ITypeLib) ptr=0x1819ab633f0 at 1819d858ed0>
2026-06-20 13:05:28,558 - INFO - UI load successful
2026-06-20 13:10:01,469 - DEBUG - OpenGL_accelerate module loaded
2026-06-20 13:10:01,482 - DEBUG - Using accelerated ArrayDatatype
2026-06-20 13:10:01,764 - DEBUG - CoInitializeEx(None, 2)
2026-06-20 13:10:01,816 - INFO - Imported existing <module 'comtypes.gen' from 'C:\\Users\\exp\\AppData\\Roaming\\Python\\Python313\\site-packages\\comtypes\\gen\\__init__.py'>
2026-06-20 13:10:01,816 - INFO - Using writeable comtypes cache directory: 'C:\Users\exp\AppData\Roaming\Python\Python313\site-packages\comtypes\gen'
2026-06-20 13:10:01,824 - DEBUG - GetModule(qedit.dll), resolved: False
2026-06-20 13:10:01,825 - DEBUG - GetModule(TLIBATTR(GUID={78530B68-61F9-11D2-8CAD-00A024580902}, Version=1.0, LCID=0, FLags=0x8))
2026-06-20 13:10:01,850 - DEBUG - Release <POINTER(ITypeLib) ptr=0x205d4e47180 at 205d7199050>
2026-06-20 13:10:01,850 - DEBUG - GetModule(quartz.dll), resolved: False
2026-06-20 13:10:01,851 - DEBUG - GetModule(TLIBATTR(GUID={56A868B0-0AD4-11CE-B03A-0020AF0BA770}, Version=1.0, LCID=0, FLags=0x8))
2026-06-20 13:10:01,859 - DEBUG - Release <POINTER(ITypeLib) ptr=0x205d4e46100 at 205d7198ed0>
2026-06-20 13:10:02,101 - INFO - UI load successful
2026-06-20 13:11:36,126 - CRITICAL - Laser 1 : OFF
2026-06-20 13:11:36,126 - CRITICAL - Laser 2 : OFF
2026-06-20 13:11:36,127 - INFO - Lasers Shutdown
2026-06-20 13:11:36,166 - INFO - COM connection close successfully
2026-06-20 13:11:36,166 - INFO - Main window close successfully
2026-06-20 13:11:36,167 - INFO - ==================================================
2026-06-20 13:11:36,167 - INFO - New session close at 2026-06-20 13:11
2026-06-20 13:11:36,167 - INFO - ==================================================
2026-06-20 13:11:36,181 - DEBUG - Calling CoUninitialize()
2026-06-20 13:11:36,181 - DEBUG - CoUninitialize() done.
2026-06-20 13:13:51,475 - DEBUG - OpenGL_accelerate module loaded
2026-06-20 13:13:51,489 - DEBUG - Using accelerated ArrayDatatype
2026-06-20 13:13:51,817 - DEBUG - CoInitializeEx(None, 2)
2026-06-20 13:13:51,886 - INFO - Imported existing <module 'comtypes.gen' from 'C:\\Users\\exp\\AppData\\Roaming\\Python\\Python313\\site-packages\\comtypes\\gen\\__init__.py'>
2026-06-20 13:13:51,886 - INFO - Using writeable comtypes cache directory: 'C:\Users\exp\AppData\Roaming\Python\Python313\site-packages\comtypes\gen'
2026-06-20 13:13:51,896 - DEBUG - GetModule(qedit.dll), resolved: False
2026-06-20 13:13:51,898 - DEBUG - GetModule(TLIBATTR(GUID={78530B68-61F9-11D2-8CAD-00A024580902}, Version=1.0, LCID=0, FLags=0x8))
2026-06-20 13:13:51,931 - DEBUG - Release <POINTER(ITypeLib) ptr=0x1a390056ec0 at 1a3923f9050>
2026-06-20 13:13:51,931 - DEBUG - GetModule(quartz.dll), resolved: False
2026-06-20 13:13:51,932 - DEBUG - GetModule(TLIBATTR(GUID={56A868B0-0AD4-11CE-B03A-0020AF0BA770}, Version=1.0, LCID=0, FLags=0x8))
2026-06-20 13:13:51,942 - DEBUG - Release <POINTER(ITypeLib) ptr=0x1a390056ec0 at 1a3923f8ed0>
2026-06-20 13:13:52,283 - INFO - UI load successful
2026-06-20 13:14:26,989 - CRITICAL - Laser 1 : OFF
2026-06-20 13:14:26,989 - CRITICAL - Laser 2 : OFF
2026-06-20 13:14:26,989 - INFO - Lasers Shutdown
2026-06-20 13:14:26,989 - INFO - COM connection close successfully
2026-06-20 13:14:26,989 - INFO - Main window close successfully
2026-06-20 13:14:26,989 - INFO - ==================================================
2026-06-20 13:14:26,989 - INFO - New session close at 2026-06-20 13:14
2026-06-20 13:14:26,990 - INFO - ==================================================
2026-06-20 13:14:27,000 - DEBUG - Calling CoUninitialize()
2026-06-20 13:14:27,000 - DEBUG - CoUninitialize() done.
2026-06-20 13:19:42,453 - DEBUG - OpenGL_accelerate module loaded
2026-06-20 13:19:42,466 - DEBUG - Using accelerated ArrayDatatype
2026-06-20 13:19:42,743 - DEBUG - CoInitializeEx(None, 2)
2026-06-20 13:19:42,793 - INFO - Imported existing <module 'comtypes.gen' from 'C:\\Users\\exp\\AppData\\Roaming\\Python\\Python313\\site-packages\\comtypes\\gen\\__init__.py'>
2026-06-20 13:19:42,793 - INFO - Using writeable comtypes cache directory: 'C:\Users\exp\AppData\Roaming\Python\Python313\site-packages\comtypes\gen'
2026-06-20 13:19:42,801 - DEBUG - GetModule(qedit.dll), resolved: False
2026-06-20 13:19:42,802 - DEBUG - GetModule(TLIBATTR(GUID={78530B68-61F9-11D2-8CAD-00A024580902}, Version=1.0, LCID=0, FLags=0x8))
2026-06-20 13:19:42,826 - DEBUG - Release <POINTER(ITypeLib) ptr=0x208f92a4d70 at 208fbb69050>
2026-06-20 13:19:42,826 - DEBUG - GetModule(quartz.dll), resolved: False
2026-06-20 13:19:42,827 - DEBUG - GetModule(TLIBATTR(GUID={56A868B0-0AD4-11CE-B03A-0020AF0BA770}, Version=1.0, LCID=0, FLags=0x8))
2026-06-20 13:19:42,834 - DEBUG - Release <POINTER(ITypeLib) ptr=0x208f92a4d70 at 208fbb68ed0>
2026-06-20 13:19:43,097 - INFO - UI load successful
2026-06-20 13:20:31,730 - DEBUG - OpenGL_accelerate module loaded
2026-06-20 13:20:31,742 - DEBUG - Using accelerated ArrayDatatype
2026-06-20 13:20:32,000 - DEBUG - CoInitializeEx(None, 2)
2026-06-20 13:20:32,048 - INFO - Imported existing <module 'comtypes.gen' from 'C:\\Users\\exp\\AppData\\Roaming\\Python\\Python313\\site-packages\\comtypes\\gen\\__init__.py'>
2026-06-20 13:20:32,048 - INFO - Using writeable comtypes cache directory: 'C:\Users\exp\AppData\Roaming\Python\Python313\site-packages\comtypes\gen'
2026-06-20 13:20:32,055 - DEBUG - GetModule(qedit.dll), resolved: False
2026-06-20 13:20:32,056 - DEBUG - GetModule(TLIBATTR(GUID={78530B68-61F9-11D2-8CAD-00A024580902}, Version=1.0, LCID=0, FLags=0x8))
2026-06-20 13:20:32,078 - DEBUG - Release <POINTER(ITypeLib) ptr=0x1dfa27e4de0 at 1dfa54a9050>
2026-06-20 13:20:32,079 - DEBUG - GetModule(quartz.dll), resolved: False
2026-06-20 13:20:32,080 - DEBUG - GetModule(TLIBATTR(GUID={56A868B0-0AD4-11CE-B03A-0020AF0BA770}, Version=1.0, LCID=0, FLags=0x8))
2026-06-20 13:20:32,087 - DEBUG - Release <POINTER(ITypeLib) ptr=0x1dfa27e4de0 at 1dfa54a8ed0>
2026-06-20 13:20:32,384 - INFO - UI load successful
2026-06-20 13:21:53,231 - DEBUG - OpenGL_accelerate module loaded
2026-06-20 13:21:53,245 - DEBUG - Using accelerated ArrayDatatype
2026-06-20 13:21:53,564 - DEBUG - CoInitializeEx(None, 2)
2026-06-20 13:21:53,622 - INFO - Imported existing <module 'comtypes.gen' from 'C:\\Users\\exp\\AppData\\Roaming\\Python\\Python313\\site-packages\\comtypes\\gen\\__init__.py'>
2026-06-20 13:21:53,622 - INFO - Using writeable comtypes cache directory: 'C:\Users\exp\AppData\Roaming\Python\Python313\site-packages\comtypes\gen'
2026-06-20 13:21:53,631 - DEBUG - GetModule(qedit.dll), resolved: False
2026-06-20 13:21:53,632 - DEBUG - GetModule(TLIBATTR(GUID={78530B68-61F9-11D2-8CAD-00A024580902}, Version=1.0, LCID=0, FLags=0x8))
2026-06-20 13:21:53,659 - DEBUG - Release <POINTER(ITypeLib) ptr=0x190e19f5df0 at 190e46b9050>
2026-06-20 13:21:53,660 - DEBUG - GetModule(quartz.dll), resolved: False
2026-06-20 13:21:53,661 - DEBUG - GetModule(TLIBATTR(GUID={56A868B0-0AD4-11CE-B03A-0020AF0BA770}, Version=1.0, LCID=0, FLags=0x8))
2026-06-20 13:21:53,668 - DEBUG - Release <POINTER(ITypeLib) ptr=0x190e19f5df0 at 190e46b8ed0>
2026-06-20 13:21:53,965 - INFO - UI load successful
2026-06-20 13:24:50,539 - DEBUG - OpenGL_accelerate module loaded
2026-06-20 13:24:50,560 - DEBUG - Using accelerated ArrayDatatype
2026-06-20 13:24:51,025 - DEBUG - CoInitializeEx(None, 2)
2026-06-20 13:24:51,110 - INFO - Imported existing <module 'comtypes.gen' from 'C:\\Users\\exp\\AppData\\Roaming\\Python\\Python313\\site-packages\\comtypes\\gen\\__init__.py'>
2026-06-20 13:24:51,110 - INFO - Using writeable comtypes cache directory: 'C:\Users\exp\AppData\Roaming\Python\Python313\site-packages\comtypes\gen'
2026-06-20 13:24:51,123 - DEBUG - GetModule(qedit.dll), resolved: False
2026-06-20 13:24:51,125 - DEBUG - GetModule(TLIBATTR(GUID={78530B68-61F9-11D2-8CAD-00A024580902}, Version=1.0, LCID=0, FLags=0x8))
2026-06-20 13:24:51,165 - DEBUG - Release <POINTER(ITypeLib) ptr=0x145d3078650 at 145d5d19050>
2026-06-20 13:24:51,166 - DEBUG - GetModule(quartz.dll), resolved: False
2026-06-20 13:24:51,167 - DEBUG - GetModule(TLIBATTR(GUID={56A868B0-0AD4-11CE-B03A-0020AF0BA770}, Version=1.0, LCID=0, FLags=0x8))
2026-06-20 13:24:51,181 - DEBUG - Release <POINTER(ITypeLib) ptr=0x145d307acd0 at 145d5d18ed0>
2026-06-20 13:24:51,611 - INFO - UI load successful
2026-06-20 13:27:15,004 - DEBUG - OpenGL_accelerate module loaded
2026-06-20 13:27:15,026 - DEBUG - Using accelerated ArrayDatatype
2026-06-20 13:27:15,550 - DEBUG - CoInitializeEx(None, 2)
2026-06-20 13:27:15,662 - INFO - Imported existing <module 'comtypes.gen' from 'C:\\Users\\exp\\AppData\\Roaming\\Python\\Python313\\site-packages\\comtypes\\gen\\__init__.py'>
2026-06-20 13:27:15,662 - INFO - Using writeable comtypes cache directory: 'C:\Users\exp\AppData\Roaming\Python\Python313\site-packages\comtypes\gen'
2026-06-20 13:27:15,674 - DEBUG - GetModule(qedit.dll), resolved: False
2026-06-20 13:27:15,675 - DEBUG - GetModule(TLIBATTR(GUID={78530B68-61F9-11D2-8CAD-00A024580902}, Version=1.0, LCID=0, FLags=0x8))
2026-06-20 13:27:15,717 - DEBUG - Release <POINTER(ITypeLib) ptr=0x1929dc55650 at 192a0419050>
2026-06-20 13:27:15,718 - DEBUG - GetModule(quartz.dll), resolved: False
2026-06-20 13:27:15,719 - DEBUG - GetModule(TLIBATTR(GUID={56A868B0-0AD4-11CE-B03A-0020AF0BA770}, Version=1.0, LCID=0, FLags=0x8))
2026-06-20 13:27:15,733 - DEBUG - Release <POINTER(ITypeLib) ptr=0x1929dc58250 at 192a0418ed0>
2026-06-20 13:27:16,199 - INFO - UI load successful
2026-06-20 13:28:53,720 - INFO - Close event ignored.
2026-06-20 16:44:05,554 - DEBUG - OpenGL_accelerate module loaded
2026-06-20 16:44:05,613 - DEBUG - Using accelerated ArrayDatatype
2026-06-20 16:44:06,167 - DEBUG - CoInitializeEx(None, 2)
2026-06-20 16:44:06,338 - INFO - Imported existing <module 'comtypes.gen' from 'C:\\Users\\exp\\AppData\\Roaming\\Python\\Python313\\site-packages\\comtypes\\gen\\__init__.py'>
2026-06-20 16:44:06,338 - INFO - Using writeable comtypes cache directory: 'C:\Users\exp\AppData\Roaming\Python\Python313\site-packages\comtypes\gen'
2026-06-20 16:44:06,361 - DEBUG - GetModule(qedit.dll), resolved: False
2026-06-20 16:44:06,367 - DEBUG - GetModule(TLIBATTR(GUID={78530B68-61F9-11D2-8CAD-00A024580902}, Version=1.0, LCID=0, FLags=0x8))
2026-06-20 16:44:06,418 - DEBUG - Release <POINTER(ITypeLib) ptr=0x2106513f450 at 210676b9050>
2026-06-20 16:44:06,419 - DEBUG - GetModule(quartz.dll), resolved: False
2026-06-20 16:44:06,421 - DEBUG - GetModule(TLIBATTR(GUID={56A868B0-0AD4-11CE-B03A-0020AF0BA770}, Version=1.0, LCID=0, FLags=0x8))
2026-06-20 16:44:06,434 - DEBUG - Release <POINTER(ITypeLib) ptr=0x2106513eed0 at 210676b8ed0>
2026-06-20 16:44:07,575 - INFO - UI load successful
2026-06-20 16:44:46,696 - CRITICAL - Laser 1 : OFF
2026-06-20 16:44:46,696 - CRITICAL - Laser 2 : OFF
2026-06-20 16:44:46,696 - INFO - Lasers Shutdown
2026-06-20 16:44:46,696 - INFO - COM connection close successfully
2026-06-20 16:44:46,696 - INFO - Main window close successfully
2026-06-20 16:44:46,696 - INFO - ==================================================
2026-06-20 16:44:46,696 - INFO - New session close at 2026-06-20 16:44
2026-06-20 16:44:46,696 - INFO - ==================================================
2026-06-20 16:44:46,739 - DEBUG - Calling CoUninitialize()
2026-06-20 16:44:46,739 - DEBUG - CoUninitialize() done.
2026-06-25 12:00:10,152 - DEBUG - OpenGL_accelerate module loaded
2026-06-25 12:00:10,329 - DEBUG - Using accelerated ArrayDatatype
2026-06-25 12:00:13,216 - DEBUG - CoInitializeEx(None, 2)
2026-06-25 12:00:13,662 - INFO - Imported existing <module 'comtypes.gen' from 'C:\\Users\\exp\\AppData\\Roaming\\Python\\Python313\\site-packages\\comtypes\\gen\\__init__.py'>
2026-06-25 12:00:13,662 - INFO - Using writeable comtypes cache directory: 'C:\Users\exp\AppData\Roaming\Python\Python313\site-packages\comtypes\gen'
2026-06-25 12:00:13,711 - DEBUG - GetModule(qedit.dll), resolved: False
2026-06-25 12:00:13,717 - DEBUG - GetModule(TLIBATTR(GUID={78530B68-61F9-11D2-8CAD-00A024580902}, Version=1.0, LCID=0, FLags=0x8))
2026-06-25 12:00:13,781 - DEBUG - Release <POINTER(ITypeLib) ptr=0x212feca9db0 at 2128291f650>
2026-06-25 12:00:13,782 - DEBUG - GetModule(quartz.dll), resolved: False
2026-06-25 12:00:13,785 - DEBUG - GetModule(TLIBATTR(GUID={56A868B0-0AD4-11CE-B03A-0020AF0BA770}, Version=1.0, LCID=0, FLags=0x8))
2026-06-25 12:00:13,793 - INFO - Could not import comtypes.gen._56A868B0_0AD4_11CE_B03A_0020AF0BA770_0_1_0: Typelib different than module
2026-06-25 12:00:13,794 - INFO - # Generating comtypes.gen._56A868B0_0AD4_11CE_B03A_0020AF0BA770_0_1_0
2026-06-25 12:00:13,794 - DEBUG - Release <POINTER(ITypeLib) ptr=0x212fecaa5f0 at 212828b7950>
2026-06-25 12:00:13,794 - DEBUG - Release <POINTER(ITypeInfo) ptr=0x212fec4f7e8 at 21283f29750>
2026-06-25 12:00:13,800 - DEBUG - Release <POINTER(ITypeInfo) ptr=0x21281eaa038 at 2128271d050>
2026-06-25 12:00:13,801 - DEBUG - Release <POINTER(ITypeInfo) ptr=0x212fec4f898 at 2128271cc50>
2026-06-25 12:00:13,801 - DEBUG - Release <POINTER(ITypeLib) ptr=0x212fecaa5f0 at 21283f29750>
2026-06-25 12:00:13,801 - DEBUG - Release <POINTER(ITypeInfo) ptr=0x212fec4f840 at 212828b7950>
2026-06-25 12:00:13,801 - DEBUG - Release <POINTER(ITypeInfo) ptr=0x21281eaa038 at 2128271d150>
2026-06-25 12:00:13,801 - DEBUG - Release <POINTER(ITypeInfo) ptr=0x212fec4f948 at 2128271cdd0>
2026-06-25 12:00:13,801 - DEBUG - Release <POINTER(ITypeLib) ptr=0x212fecaa5f0 at 212828b7950>
2026-06-25 12:00:13,801 - DEBUG - Release <POINTER(ITypeInfo) ptr=0x212fec4f8f0 at 21283f29750>
2026-06-25 12:00:13,801 - DEBUG - Release <POINTER(ITypeInfo) ptr=0x212fec4f7e8 at 2128271d150>
2026-06-25 12:00:13,802 - DEBUG - Release <POINTER(ITypeInfo) ptr=0x212fec4f7e8 at 2128271d250>
2026-06-25 12:00:13,802 - DEBUG - Release <POINTER(ITypeInfo) ptr=0x212fec4f7e8 at 2128271d3d0>
2026-06-25 12:00:13,802 - DEBUG - Release <POINTER(ITypeInfo) ptr=0x212fec4f7e8 at 2128271d650>
2026-06-25 12:00:13,802 - DEBUG - Release <POINTER(ITypeInfo) ptr=0x212fec4f7e8 at 2128271d0d0>
2026-06-25 12:00:13,802 - DEBUG - Release <POINTER(ITypeInfo) ptr=0x21281eaa038 at 2128271d450>
2026-06-25 12:00:13,802 - DEBUG - Release <POINTER(ITypeInfo) ptr=0x212fec4f9f8 at 2128271cad0>
2026-06-25 12:00:13,802 - DEBUG - Release <POINTER(ITypeLib) ptr=0x212fecaa5f0 at 21283f29750>
2026-06-25 12:00:13,802 - DEBUG - Release <POINTER(ITypeInfo) ptr=0x212fec4f9a0 at 212828b7950>
2026-06-25 12:00:13,802 - DEBUG - Release <POINTER(ITypeInfo) ptr=0x212fec4f7e8 at 2128271d350>
2026-06-25 12:00:13,802 - DEBUG - Release <POINTER(ITypeInfo) ptr=0x212fec4f7e8 at 2128271cdd0>
2026-06-25 12:00:13,802 - DEBUG - Release <POINTER(ITypeInfo) ptr=0x212fec4f9f8 at 2128271cad0>
2026-06-25 12:00:13,802 - DEBUG - Release <POINTER(ITypeLib) ptr=0x212fecaa5f0 at 212828b7950>
2026-06-25 12:00:13,802 - DEBUG - Release <POINTER(ITypeInfo) ptr=0x212fec4fa50 at 21283f29750>
2026-06-25 12:00:13,803 - DEBUG - Release <POINTER(ITypeInfo) ptr=0x21281eaa038 at 2128271d650>
2026-06-25 12:00:13,803 - DEBUG - Release <POINTER(ITypeInfo) ptr=0x212fec4fb00 at 2128271ced0>
2026-06-25 12:00:13,803 - DEBUG - Release <POINTER(ITypeLib) ptr=0x212fecaa5f0 at 21283f29750>
2026-06-25 12:00:13,803 - DEBUG - Release <POINTER(ITypeInfo) ptr=0x212fec4faa8 at 212828b7950>
2026-06-25 12:00:13,803 - DEBUG - Release <POINTER(ITypeInfo) ptr=0x21281eaa038 at 2128271da50>
2026-06-25 12:00:13,803 - DEBUG - Release <POINTER(ITypeInfo) ptr=0x212fec4fbb0 at 2128271cd50>
2026-06-25 12:00:13,803 - DEBUG - Release <POINTER(ITypeLib) ptr=0x212fecaa5f0 at 212828b7950>
2026-06-25 12:00:13,803 - DEBUG - Release <POINTER(ITypeInfo) ptr=0x212fec4fb58 at 21283f29750>
2026-06-25 12:00:13,804 - DEBUG - Release <POINTER(ITypeInfo) ptr=0x212fec4f7e8 at 2128271ebd0>
2026-06-25 12:00:13,804 - DEBUG - Release <POINTER(ITypeInfo) ptr=0x212fec4f7e8 at 2128271edd0>
2026-06-25 12:00:13,804 - DEBUG - Release <POINTER(ITypeInfo) ptr=0x212fec4f7e8 at 2128271e5d0>
2026-06-25 12:00:13,804 - DEBUG - Release <POINTER(ITypeInfo) ptr=0x212fec4f7e8 at 2128271eed0>
2026-06-25 12:00:13,804 - DEBUG - Release <POINTER(ITypeInfo) ptr=0x212fec4f7e8 at 2128271ee50>
2026-06-25 12:00:13,804 - DEBUG - Release <POINTER(ITypeInfo) ptr=0x212fec4f7e8 at 2128271e350>
2026-06-25 12:00:13,804 - DEBUG - Release <POINTER(ITypeInfo) ptr=0x212fec4f7e8 at 2128271ead0>
2026-06-25 12:00:13,805 - DEBUG - Release <POINTER(ITypeInfo) ptr=0x21281eaa038 at 2128271dd50>
2026-06-25 12:00:13,805 - DEBUG - Release <POINTER(ITypeInfo) ptr=0x212fec4fc60 at 2128271cc50>
2026-06-25 12:00:13,805 - DEBUG - Release <POINTER(ITypeLib) ptr=0x212fecaa5f0 at 21283f29750>
2026-06-25 12:00:13,805 - DEBUG - Release <POINTER(ITypeInfo) ptr=0x212fec4fc08 at 212828b7950>
2026-06-25 12:00:13,806 - DEBUG - Release <POINTER(ITypeInfo) ptr=0x21281eaa038 at 2128271f350>
2026-06-25 12:00:13,806 - DEBUG - Release <POINTER(ITypeInfo) ptr=0x212fec4fd10 at 2128271ce50>
2026-06-25 12:00:13,806 - DEBUG - Release <POINTER(ITypeLib) ptr=0x212fecaa5f0 at 212828b7950>
2026-06-25 12:00:13,806 - DEBUG - Release <POINTER(ITypeInfo) ptr=0x212fec4fcb8 at 21283f29750>
2026-06-25 12:00:13,806 - DEBUG - Release <POINTER(ITypeInfo) ptr=0x212fec4fd10 at 2128271ce50>
2026-06-25 12:00:13,806 - DEBUG - Release <POINTER(ITypeLib) ptr=0x212fecaa5f0 at 21283f29750>
2026-06-25 12:00:13,806 - DEBUG - Release <POINTER(ITypeInfo) ptr=0x212fec4fd68 at 212828b7950>
2026-06-25 12:00:13,806 - DEBUG - Release <POINTER(ITypeInfo) ptr=0x21281eaa090 at 2128271fc50>
2026-06-25 12:00:13,806 - DEBUG - Release <POINTER(ITypeLib) ptr=0x212fecaa5f0 at 212828b7950>
2026-06-25 12:00:13,807 - DEBUG - Release <POINTER(ITypeInfo) ptr=0x212fec4fdc0 at 21283f29750>
2026-06-25 12:00:13,807 - DEBUG - Release <POINTER(ITypeInfo) ptr=0x212fec4fdc0 at 212826ec650>
2026-06-25 12:00:13,807 - DEBUG - Release <POINTER(ITypeInfo) ptr=0x21281eaa0e8 at 212826ec8d0>
2026-06-25 12:00:13,807 - DEBUG - Release <POINTER(ITypeInfo) ptr=0x212fec4fdc0 at 212826ecbd0>
2026-06-25 12:00:13,807 - DEBUG - Release <POINTER(ITypeInfo) ptr=0x21281eaa0e8 at 212826ec9d0>
2026-06-25 12:00:13,807 - DEBUG - Release <POINTER(ITypeInfo) ptr=0x21281eaa090 at 2128271f5d0>
2026-06-25 12:00:13,808 - DEBUG - Release <POINTER(ITypeLib) ptr=0x212fecaa5f0 at 21283f29750>
2026-06-25 12:00:13,808 - DEBUG - Release <POINTER(ITypeInfo) ptr=0x212ead1dda8 at 212828b7950>
2026-06-25 12:00:13,808 - DEBUG - Release <POINTER(ITypeInfo) ptr=0x212fec4f8f0 at 212826ec250>
2026-06-25 12:00:13,808 - DEBUG - Release <POINTER(ITypeInfo) ptr=0x212fec4f9a0 at 212826ec650>
2026-06-25 12:00:13,808 - DEBUG - Release <POINTER(ITypeInfo) ptr=0x212fec4faa8 at 212826ec6d0>
2026-06-25 12:00:13,808 - DEBUG - Release <POINTER(ITypeInfo) ptr=0x212fec4fb58 at 212826ec5d0>
2026-06-25 12:00:13,808 - DEBUG - Release <POINTER(ITypeInfo) ptr=0x212fec4fcb8 at 212826ec350>
2026-06-25 12:00:13,808 - DEBUG - Release <POINTER(ITypeInfo) ptr=0x212fec4fc08 at 212826ec250>
2026-06-25 12:00:13,808 - DEBUG - Release <POINTER(ITypeLib) ptr=0x212fecaa5f0 at 212828b7950>
2026-06-25 12:00:13,808 - DEBUG - Release <POINTER(ITypeInfo) ptr=0x212ead1e468 at 21283f29750>
2026-06-25 12:00:13,808 - DEBUG - Release <POINTER(ITypeInfo) ptr=0x21281eaa038 at 212826ec450>
2026-06-25 12:00:13,808 - DEBUG - Release <POINTER(ITypeInfo) ptr=0x212ead1d1a8 at 212826ec350>
2026-06-25 12:00:13,808 - DEBUG - Release <POINTER(ITypeLib) ptr=0x212fecaa5f0 at 21283f29750>
2026-06-25 12:00:13,809 - DEBUG - Release <POINTER(ITypeInfo) ptr=0x212ead1db08 at 212828b7950>
2026-06-25 12:00:13,809 - DEBUG - Release <POINTER(ITypeInfo) ptr=0x21281eaa038 at 212826ed050>
2026-06-25 12:00:13,809 - DEBUG - Release <POINTER(ITypeInfo) ptr=0x212ead1d268 at 212826ec250>
2026-06-25 12:00:13,809 - DEBUG - Release <POINTER(ITypeLib) ptr=0x212fecaa5f0 at 212828b7950>
2026-06-25 12:00:13,809 - DEBUG - Release <POINTER(ITypeInfo) ptr=0x212ead1dc28 at 21283f29750>
2026-06-25 12:00:13,809 - DEBUG - Release <POINTER(ITypeInfo) ptr=0x21281eaa038 at 212826ed250>
2026-06-25 12:00:13,809 - DEBUG - Release <POINTER(ITypeInfo) ptr=0x212ead1d688 at 212826ec650>
2026-06-25 12:00:13,809 - DEBUG - Release <POINTER(ITypeLib) ptr=0x212fecaa5f0 at 21283f29750>
2026-06-25 12:00:13,809 - DEBUG - Release <POINTER(ITypeInfo) ptr=0x212ead1d988 at 212828b7950>
2026-06-25 12:00:13,810 - DEBUG - Release <POINTER(ITypeInfo) ptr=0x21281eaa038 at 212826ed2d0>
2026-06-25 12:00:13,810 - DEBUG - Release <POINTER(ITypeInfo) ptr=0x212ead1e4c8 at 212826ec350>
2026-06-25 12:00:13,810 - DEBUG - Release <POINTER(ITypeLib) ptr=0x212fecaa5f0 at 212828b7950>
2026-06-25 12:00:13,810 - DEBUG - Release <POINTER(ITypeInfo) ptr=0x212ead1df28 at 21283f29750>
2026-06-25 12:00:13,810 - DEBUG - Release <POINTER(ITypeInfo) ptr=0x21281eaa038 at 212826ed8d0>
2026-06-25 12:00:13,810 - DEBUG - Release <POINTER(ITypeInfo) ptr=0x212ead1e168 at 212826ec250>
2026-06-25 12:00:13,810 - DEBUG - Release <POINTER(ITypeLib) ptr=0x212fecaa5f0 at 21283f29750>
2026-06-25 12:00:13,810 - DEBUG - Release <POINTER(ITypeInfo) ptr=0x212ead1d208 at 212828b7950>
2026-06-25 12:00:13,815 - DEBUG - filename: "C:\Windows\System32\quartz.dll": tlib_mtime: 1782277664.1744807
2026-06-25 12:00:13,815 - DEBUG - Release <POINTER(ITypeLib) ptr=0x212fecaa5f0 at 212828b7950>
2026-06-25 12:00:13,816 - INFO - # Generating comtypes.gen.QuartzTypeLib
2026-06-25 12:00:13,816 - DEBUG - GetModule(TLIBATTR(GUID={00020430-0000-0000-C000-000000000046}, Version=2.0, LCID=0, FLags=0x8))
2026-06-25 12:00:13,877 - DEBUG - Release <POINTER(ITypeLib) ptr=0x212fecaa5f0 at 2128271cd50>
2026-06-25 12:00:13,877 - DEBUG - Release <POINTER(ITypeLib) ptr=0x212fecaa5f0 at 2128291f4d0>
2026-06-25 12:00:14,956 - INFO - UI load successful
2026-06-25 12:00:23,928 - INFO - Profile : Supervisor
2026-06-25 12:00:39,905 - CRITICAL - Laser 1 : OFF
2026-06-25 12:00:39,905 - CRITICAL - Laser 2 : OFF
2026-06-25 12:00:39,905 - INFO - Lasers Shutdown
2026-06-25 12:00:39,906 - INFO - COM connection close successfully
2026-06-25 12:00:39,906 - INFO - Main window close successfully
2026-06-25 12:00:39,906 - INFO - ==================================================
2026-06-25 12:00:39,906 - INFO - New session close at 2026-06-25 12:00
2026-06-25 12:00:39,906 - INFO - ==================================================
2026-06-25 12:00:39,922 - DEBUG - Calling CoUninitialize()
2026-06-25 12:00:39,923 - DEBUG - CoUninitialize() done.
2026-06-25 12:59:21,520 - DEBUG - OpenGL_accelerate module loaded
2026-06-25 12:59:21,534 - DEBUG - Using accelerated ArrayDatatype
2026-06-25 12:59:21,856 - DEBUG - CoInitializeEx(None, 2)
2026-06-25 12:59:21,920 - INFO - Imported existing <module 'comtypes.gen' from 'C:\\Users\\exp\\AppData\\Roaming\\Python\\Python313\\site-packages\\comtypes\\gen\\__init__.py'>
2026-06-25 12:59:21,921 - INFO - Using writeable comtypes cache directory: 'C:\Users\exp\AppData\Roaming\Python\Python313\site-packages\comtypes\gen'
2026-06-25 12:59:21,929 - DEBUG - GetModule(qedit.dll), resolved: False
2026-06-25 12:59:21,931 - DEBUG - GetModule(TLIBATTR(GUID={78530B68-61F9-11D2-8CAD-00A024580902}, Version=1.0, LCID=0, FLags=0x8))
2026-06-25 12:59:21,955 - DEBUG - Release <POINTER(ITypeLib) ptr=0x1bf0ea8d1a0 at 1bf110d94d0>
2026-06-25 12:59:21,955 - DEBUG - GetModule(quartz.dll), resolved: False
2026-06-25 12:59:21,956 - DEBUG - GetModule(TLIBATTR(GUID={56A868B0-0AD4-11CE-B03A-0020AF0BA770}, Version=1.0, LCID=0, FLags=0x8))
2026-06-25 12:59:21,965 - DEBUG - Release <POINTER(ITypeLib) ptr=0x1bf0ea8d720 at 1bf110d9350>
2026-06-25 12:59:22,313 - INFO - UI load successful
2026-06-25 12:59:37,408 - INFO - Profile : Supervisor
2026-06-25 13:00:19,758 - CRITICAL - Laser 1 : OFF
2026-06-25 13:00:19,758 - CRITICAL - Laser 2 : OFF
2026-06-25 13:00:19,758 - INFO - Lasers Shutdown
2026-06-25 13:00:19,758 - INFO - COM connection close successfully
2026-06-25 13:00:19,758 - INFO - Main window close successfully
2026-06-25 13:00:19,759 - INFO - ==================================================
2026-06-25 13:00:19,759 - INFO - New session close at 2026-06-25 13:00
2026-06-25 13:00:19,759 - INFO - ==================================================
2026-06-25 13:00:19,765 - DEBUG - Calling CoUninitialize()
2026-06-25 13:00:19,765 - DEBUG - CoUninitialize() done.
2026-06-25 13:30:37,028 - DEBUG - OpenGL_accelerate module loaded
2026-06-25 13:30:37,039 - DEBUG - Using accelerated ArrayDatatype
2026-06-25 13:30:37,285 - DEBUG - CoInitializeEx(None, 2)
2026-06-25 13:30:37,333 - INFO - Imported existing <module 'comtypes.gen' from 'C:\\Users\\exp\\AppData\\Roaming\\Python\\Python313\\site-packages\\comtypes\\gen\\__init__.py'>
2026-06-25 13:30:37,333 - INFO - Using writeable comtypes cache directory: 'C:\Users\exp\AppData\Roaming\Python\Python313\site-packages\comtypes\gen'
2026-06-25 13:30:37,340 - DEBUG - GetModule(qedit.dll), resolved: False
2026-06-25 13:30:37,341 - DEBUG - GetModule(TLIBATTR(GUID={78530B68-61F9-11D2-8CAD-00A024580902}, Version=1.0, LCID=0, FLags=0x8))
2026-06-25 13:30:37,366 - DEBUG - Release <POINTER(ITypeLib) ptr=0x13482a226d0 at 134852794d0>
2026-06-25 13:30:37,367 - DEBUG - GetModule(quartz.dll), resolved: False
2026-06-25 13:30:37,367 - DEBUG - GetModule(TLIBATTR(GUID={56A868B0-0AD4-11CE-B03A-0020AF0BA770}, Version=1.0, LCID=0, FLags=0x8))
2026-06-25 13:30:37,376 - DEBUG - Release <POINTER(ITypeLib) ptr=0x13482a23a10 at 13485279350>
2026-06-25 13:30:37,636 - INFO - UI load successful
2026-06-25 13:31:02,408 - INFO - Profile : Supervisor
2026-06-25 13:31:09,184 - WARNING - Failed login attempt for user: Supervisor
2026-06-25 13:32:59,279 - CRITICAL - Laser 1 : OFF
2026-06-25 13:32:59,279 - CRITICAL - Laser 2 : OFF
2026-06-25 13:32:59,279 - INFO - Lasers Shutdown
2026-06-25 13:32:59,279 - INFO - COM connection close successfully
2026-06-25 13:32:59,279 - INFO - Main window close successfully
2026-06-25 13:32:59,279 - INFO - ==================================================
2026-06-25 13:32:59,280 - INFO - New session close at 2026-06-25 13:32
2026-06-25 13:32:59,280 - INFO - ==================================================
2026-06-25 13:32:59,286 - DEBUG - Calling CoUninitialize()
2026-06-25 13:32:59,286 - DEBUG - CoUninitialize() done.
2026-06-25 13:33:15,350 - DEBUG - OpenGL_accelerate module loaded
2026-06-25 13:33:15,362 - DEBUG - Using accelerated ArrayDatatype
2026-06-25 13:33:15,610 - DEBUG - CoInitializeEx(None, 2)
2026-06-25 13:33:15,658 - INFO - Imported existing <module 'comtypes.gen' from 'C:\\Users\\exp\\AppData\\Roaming\\Python\\Python313\\site-packages\\comtypes\\gen\\__init__.py'>
2026-06-25 13:33:15,658 - INFO - Using writeable comtypes cache directory: 'C:\Users\exp\AppData\Roaming\Python\Python313\site-packages\comtypes\gen'
2026-06-25 13:33:15,664 - DEBUG - GetModule(qedit.dll), resolved: False
2026-06-25 13:33:15,666 - DEBUG - GetModule(TLIBATTR(GUID={78530B68-61F9-11D2-8CAD-00A024580902}, Version=1.0, LCID=0, FLags=0x8))
2026-06-25 13:33:15,688 - DEBUG - Release <POINTER(ITypeLib) ptr=0x247be4987f0 at 247c10194d0>
2026-06-25 13:33:15,688 - DEBUG - GetModule(quartz.dll), resolved: False
2026-06-25 13:33:15,689 - DEBUG - GetModule(TLIBATTR(GUID={56A868B0-0AD4-11CE-B03A-0020AF0BA770}, Version=1.0, LCID=0, FLags=0x8))
2026-06-25 13:33:15,696 - DEBUG - Release <POINTER(ITypeLib) ptr=0x247be4987f0 at 247c1019350>
2026-06-25 13:33:15,978 - INFO - UI load successful
2026-06-25 13:33:25,207 - INFO - Profile : Supervisor
2026-06-25 13:33:52,604 - INFO - Profile : Supervisor
2026-06-25 13:38:06,578 - CRITICAL - Laser 1 : OFF
2026-06-25 13:38:06,579 - CRITICAL - Laser 2 : OFF
2026-06-25 13:38:06,618 - INFO - Lasers Shutdown
2026-06-25 13:38:06,619 - INFO - COM connection close successfully
2026-06-25 13:38:06,619 - INFO - Main window close successfully
2026-06-25 13:38:06,619 - INFO - ==================================================
2026-06-25 13:38:06,619 - INFO - New session close at 2026-06-25 13:38
2026-06-25 13:38:06,619 - INFO - ==================================================
2026-06-25 13:38:06,633 - DEBUG - Calling CoUninitialize()
2026-06-25 13:38:06,635 - DEBUG - CoUninitialize() done.
2026-06-25 13:39:42,630 - DEBUG - OpenGL_accelerate module loaded
2026-06-25 13:39:42,641 - DEBUG - Using accelerated ArrayDatatype
2026-06-25 13:39:42,879 - DEBUG - CoInitializeEx(None, 2)
2026-06-25 13:39:42,922 - INFO - Imported existing <module 'comtypes.gen' from 'C:\\Users\\exp\\AppData\\Roaming\\Python\\Python313\\site-packages\\comtypes\\gen\\__init__.py'>
2026-06-25 13:39:42,922 - INFO - Using writeable comtypes cache directory: 'C:\Users\exp\AppData\Roaming\Python\Python313\site-packages\comtypes\gen'
2026-06-25 13:39:42,928 - DEBUG - GetModule(qedit.dll), resolved: False
2026-06-25 13:39:42,929 - DEBUG - GetModule(TLIBATTR(GUID={78530B68-61F9-11D2-8CAD-00A024580902}, Version=1.0, LCID=0, FLags=0x8))
2026-06-25 13:39:42,951 - DEBUG - Release <POINTER(ITypeLib) ptr=0x2f0ad732100 at 2f0b05494d0>
2026-06-25 13:39:42,951 - DEBUG - GetModule(quartz.dll), resolved: False
2026-06-25 13:39:42,952 - DEBUG - GetModule(TLIBATTR(GUID={56A868B0-0AD4-11CE-B03A-0020AF0BA770}, Version=1.0, LCID=0, FLags=0x8))
2026-06-25 13:39:42,959 - DEBUG - Release <POINTER(ITypeLib) ptr=0x2f0ad733440 at 2f0b0549350>
2026-06-25 13:39:43,201 - INFO - UI load successful
2026-06-25 13:40:04,421 - INFO - Profile : Supervisor
2026-06-25 13:41:52,301 - CRITICAL - Laser 1 : OFF
2026-06-25 13:41:52,302 - CRITICAL - Laser 2 : OFF
2026-06-25 13:41:52,302 - INFO - Lasers Shutdown
2026-06-25 13:41:52,302 - INFO - COM connection close successfully
2026-06-25 13:41:52,302 - INFO - Main window close successfully
2026-06-25 13:41:52,302 - INFO - ==================================================
2026-06-25 13:41:52,302 - INFO - New session close at 2026-06-25 13:41
2026-06-25 13:41:52,302 - INFO - ==================================================
2026-06-25 13:41:52,309 - DEBUG - Calling CoUninitialize()
2026-06-25 13:41:52,309 - DEBUG - CoUninitialize() done.
2026-06-26 13:18:48,795 - DEBUG - OpenGL_accelerate module loaded
2026-06-26 13:18:48,840 - DEBUG - Using accelerated ArrayDatatype
2026-06-26 13:18:49,793 - DEBUG - CoInitializeEx(None, 2)
2026-06-26 13:18:49,924 - INFO - Imported existing <module 'comtypes.gen' from 'C:\\Users\\EXPRESS\\AppData\\Roaming\\Python\\Python313\\site-packages\\comtypes\\gen\\__init__.py'>
2026-06-26 13:18:49,925 - INFO - Using writeable comtypes cache directory: 'C:\Users\EXPRESS\AppData\Roaming\Python\Python313\site-packages\comtypes\gen'
2026-06-26 13:18:49,936 - DEBUG - GetModule(qedit.dll), resolved: False
2026-06-26 13:18:49,939 - DEBUG - GetModule(TLIBATTR(GUID={78530B68-61F9-11D2-8CAD-00A024580902}, Version=1.0, LCID=0, FLags=0x8))
2026-06-26 13:18:49,993 - DEBUG - Release <POINTER(ITypeLib) ptr=0x24312654710 at 243164274d0>
2026-06-26 13:18:49,994 - DEBUG - GetModule(quartz.dll), resolved: False
2026-06-26 13:18:49,998 - DEBUG - GetModule(TLIBATTR(GUID={56A868B0-0AD4-11CE-B03A-0020AF0BA770}, Version=1.0, LCID=0, FLags=0x8))
2026-06-26 13:18:50,027 - DEBUG - Release <POINTER(ITypeLib) ptr=0x24312655790 at 243164273d0>
2026-06-26 13:18:51,336 - INFO - UI load successful
2026-06-26 13:19:05,075 - INFO - Profile : Supervisor
2026-06-26 13:19:14,752 - CRITICAL - Laser 1 : OFF
2026-06-26 13:19:14,752 - CRITICAL - Laser 2 : OFF
2026-06-26 13:19:14,753 - INFO - Lasers Shutdown
2026-06-26 13:19:14,753 - INFO - COM connection close successfully
2026-06-26 13:19:14,753 - INFO - Main window close successfully
2026-06-26 13:19:14,753 - INFO - ==================================================
2026-06-26 13:19:14,753 - INFO - New session close at 2026-06-26 13:19
2026-06-26 13:19:14,753 - INFO - ==================================================
2026-06-26 13:19:14,776 - DEBUG - Calling CoUninitialize()
2026-06-26 13:19:14,776 - DEBUG - CoUninitialize() done.
2026-06-26 13:24:40,126 - DEBUG - OpenGL_accelerate module loaded
2026-06-26 13:24:40,157 - DEBUG - Using accelerated ArrayDatatype
2026-06-26 13:24:40,955 - DEBUG - CoInitializeEx(None, 2)
2026-06-26 13:24:41,061 - INFO - Imported existing <module 'comtypes.gen' from 'C:\\Users\\EXPRESS\\AppData\\Roaming\\Python\\Python313\\site-packages\\comtypes\\gen\\__init__.py'>
2026-06-26 13:24:41,061 - INFO - Using writeable comtypes cache directory: 'C:\Users\EXPRESS\AppData\Roaming\Python\Python313\site-packages\comtypes\gen'
2026-06-26 13:24:41,074 - DEBUG - GetModule(qedit.dll), resolved: False
2026-06-26 13:24:41,078 - DEBUG - GetModule(TLIBATTR(GUID={78530B68-61F9-11D2-8CAD-00A024580902}, Version=1.0, LCID=0, FLags=0x8))
2026-06-26 13:24:41,116 - DEBUG - Release <POINTER(ITypeLib) ptr=0x1eeb9dca0f0 at 1eebd5cb4d0>
2026-06-26 13:24:41,116 - DEBUG - GetModule(quartz.dll), resolved: False
2026-06-26 13:24:41,119 - DEBUG - GetModule(TLIBATTR(GUID={56A868B0-0AD4-11CE-B03A-0020AF0BA770}, Version=1.0, LCID=0, FLags=0x8))
2026-06-26 13:24:41,147 - DEBUG - Release <POINTER(ITypeLib) ptr=0x1eeb9dca0f0 at 1eebd5cb3d0>
2026-06-26 13:24:42,001 - INFO - UI load successful
2026-06-26 13:24:52,355 - INFO - Profile : Supervisor
2026-06-26 13:25:04,485 - CRITICAL - Laser 1 : OFF
2026-06-26 13:25:04,485 - CRITICAL - Laser 2 : OFF
2026-06-26 13:25:04,486 - INFO - Lasers Shutdown
2026-06-26 13:25:04,486 - INFO - COM connection close successfully
2026-06-26 13:25:04,486 - INFO - Main window close successfully
2026-06-26 13:25:04,486 - INFO - ==================================================
2026-06-26 13:25:04,486 - INFO - New session close at 2026-06-26 13:25
2026-06-26 13:25:04,486 - INFO - ==================================================
2026-06-26 13:25:04,511 - DEBUG - Calling CoUninitialize()
2026-06-26 13:25:04,511 - DEBUG - CoUninitialize() done.
2026-06-26 13:26:14,194 - DEBUG - OpenGL_accelerate module loaded
2026-06-26 13:26:14,325 - DEBUG - Using accelerated ArrayDatatype
2026-06-26 13:26:15,679 - DEBUG - CoInitializeEx(None, 2)
2026-06-26 13:26:16,068 - INFO - Imported existing <module 'comtypes.gen' from 'C:\\Users\\EXPRESS\\AppData\\Roaming\\Python\\Python313\\site-packages\\comtypes\\gen\\__init__.py'>
2026-06-26 13:26:16,069 - INFO - Using writeable comtypes cache directory: 'C:\Users\EXPRESS\AppData\Roaming\Python\Python313\site-packages\comtypes\gen'
2026-06-26 13:26:16,120 - DEBUG - GetModule(qedit.dll), resolved: False
2026-06-26 13:26:16,125 - DEBUG - GetModule(TLIBATTR(GUID={78530B68-61F9-11D2-8CAD-00A024580902}, Version=1.0, LCID=0, FLags=0x8))
2026-06-26 13:26:16,257 - DEBUG - Release <POINTER(ITypeLib) ptr=0x24d59f76950 at 24d5c9312d0>
2026-06-26 13:26:16,260 - DEBUG - GetModule(quartz.dll), resolved: False
2026-06-26 13:26:16,263 - DEBUG - GetModule(TLIBATTR(GUID={56A868B0-0AD4-11CE-B03A-0020AF0BA770}, Version=1.0, LCID=0, FLags=0x8))
2026-06-26 13:26:16,288 - DEBUG - Release <POINTER(ITypeLib) ptr=0x24d59f76950 at 24d5c9311d0>
2026-06-26 13:26:17,310 - INFO - UI load successful
2026-06-26 13:26:35,559 - INFO - Profile : Supervisor
2026-06-26 13:26:46,201 - CRITICAL - Laser 1 : OFF
2026-06-26 13:26:46,202 - CRITICAL - Laser 2 : OFF
2026-06-26 13:26:46,202 - INFO - Lasers Shutdown
2026-06-26 13:26:46,202 - INFO - COM connection close successfully
2026-06-26 13:26:46,202 - INFO - Main window close successfully
2026-06-26 13:26:46,202 - INFO - ==================================================
2026-06-26 13:26:46,202 - INFO - New session close at 2026-06-26 13:26
2026-06-26 13:26:46,202 - INFO - ==================================================
2026-06-26 13:26:46,213 - DEBUG - Calling CoUninitialize()
2026-06-26 13:26:46,213 - DEBUG - CoUninitialize() done.
2026-06-26 13:55:33,236 - DEBUG - OpenGL_accelerate module loaded
2026-06-26 13:55:33,293 - DEBUG - Using accelerated ArrayDatatype
2026-06-26 13:55:33,826 - DEBUG - CoInitializeEx(None, 2)
2026-06-26 13:55:33,933 - INFO - Imported existing <module 'comtypes.gen' from 'C:\\Users\\EXPRESS\\AppData\\Roaming\\Python\\Python313\\site-packages\\comtypes\\gen\\__init__.py'>
2026-06-26 13:55:33,933 - INFO - Using writeable comtypes cache directory: 'C:\Users\EXPRESS\AppData\Roaming\Python\Python313\site-packages\comtypes\gen'
2026-06-26 13:55:33,944 - DEBUG - GetModule(qedit.dll), resolved: False
2026-06-26 13:55:33,958 - DEBUG - GetModule(TLIBATTR(GUID={78530B68-61F9-11D2-8CAD-00A024580902}, Version=1.0, LCID=0, FLags=0x8))
2026-06-26 13:55:33,995 - DEBUG - Release <POINTER(ITypeLib) ptr=0x1854a0596a0 at 1854cdd12d0>
2026-06-26 13:55:33,995 - DEBUG - GetModule(quartz.dll), resolved: False
2026-06-26 13:55:34,003 - DEBUG - GetModule(TLIBATTR(GUID={56A868B0-0AD4-11CE-B03A-0020AF0BA770}, Version=1.0, LCID=0, FLags=0x8))
2026-06-26 13:55:34,012 - DEBUG - Release <POINTER(ITypeLib) ptr=0x1854a0596a0 at 1854cdd11d0>
2026-06-26 13:55:35,754 - INFO - UI load successful
2026-06-26 13:55:48,990 - INFO - Profile : Supervisor
2026-06-26 13:56:14,118 - CRITICAL - Laser 1 : OFF
2026-06-26 13:56:14,119 - CRITICAL - Laser 2 : OFF
2026-06-26 13:56:14,119 - INFO - Lasers Shutdown
2026-06-26 13:56:14,119 - INFO - COM connection close successfully
2026-06-26 13:56:14,119 - INFO - Main window close successfully
2026-06-26 13:56:14,119 - INFO - ==================================================
2026-06-26 13:56:14,119 - INFO - New session close at 2026-06-26 13:56
2026-06-26 13:56:14,119 - INFO - ==================================================
2026-06-26 13:56:14,136 - DEBUG - Calling CoUninitialize()
2026-06-26 13:56:14,136 - DEBUG - CoUninitialize() done.
2026-06-26 13:56:19,161 - DEBUG - OpenGL_accelerate module loaded
2026-06-26 13:56:19,171 - DEBUG - Using accelerated ArrayDatatype
2026-06-26 13:56:19,389 - DEBUG - CoInitializeEx(None, 2)
2026-06-26 13:56:19,429 - INFO - Imported existing <module 'comtypes.gen' from 'C:\\Users\\EXPRESS\\AppData\\Roaming\\Python\\Python313\\site-packages\\comtypes\\gen\\__init__.py'>
2026-06-26 13:56:19,430 - INFO - Using writeable comtypes cache directory: 'C:\Users\EXPRESS\AppData\Roaming\Python\Python313\site-packages\comtypes\gen'
2026-06-26 13:56:19,435 - DEBUG - GetModule(qedit.dll), resolved: False
2026-06-26 13:56:19,436 - DEBUG - GetModule(TLIBATTR(GUID={78530B68-61F9-11D2-8CAD-00A024580902}, Version=1.0, LCID=0, FLags=0x8))
2026-06-26 13:56:19,460 - DEBUG - Release <POINTER(ITypeLib) ptr=0x19815d8b360 at 19818a512d0>
2026-06-26 13:56:19,460 - DEBUG - GetModule(quartz.dll), resolved: False
2026-06-26 13:56:19,461 - DEBUG - GetModule(TLIBATTR(GUID={56A868B0-0AD4-11CE-B03A-0020AF0BA770}, Version=1.0, LCID=0, FLags=0x8))
2026-06-26 13:56:19,468 - DEBUG - Release <POINTER(ITypeLib) ptr=0x19815d8b360 at 19818a511d0>
2026-06-26 13:56:19,711 - INFO - UI load successful
2026-06-26 13:56:29,411 - INFO - Profile : Supervisor
2026-06-26 13:56:56,039 - CRITICAL - Laser 1 : OFF
2026-06-26 13:56:56,039 - CRITICAL - Laser 2 : OFF
2026-06-26 13:56:56,039 - INFO - Lasers Shutdown
2026-06-26 13:56:56,039 - INFO - COM connection close successfully
2026-06-26 13:56:56,039 - INFO - Main window close successfully
2026-06-26 13:56:56,039 - INFO - ==================================================
2026-06-26 13:56:56,039 - INFO - New session close at 2026-06-26 13:56
2026-06-26 13:56:56,039 - INFO - ==================================================
2026-06-26 13:56:56,049 - DEBUG - Calling CoUninitialize()
2026-06-26 13:56:56,049 - DEBUG - CoUninitialize() done.
2026-06-26 13:58:52,190 - DEBUG - OpenGL_accelerate module loaded
2026-06-26 13:58:52,202 - DEBUG - Using accelerated ArrayDatatype
2026-06-26 13:58:52,430 - DEBUG - CoInitializeEx(None, 2)
2026-06-26 13:58:52,487 - INFO - Imported existing <module 'comtypes.gen' from 'C:\\Users\\EXPRESS\\AppData\\Roaming\\Python\\Python313\\site-packages\\comtypes\\gen\\__init__.py'>
2026-06-26 13:58:52,487 - INFO - Using writeable comtypes cache directory: 'C:\Users\EXPRESS\AppData\Roaming\Python\Python313\site-packages\comtypes\gen'
2026-06-26 13:58:52,494 - DEBUG - GetModule(qedit.dll), resolved: False
2026-06-26 13:58:52,495 - DEBUG - GetModule(TLIBATTR(GUID={78530B68-61F9-11D2-8CAD-00A024580902}, Version=1.0, LCID=0, FLags=0x8))
2026-06-26 13:58:52,521 - DEBUG - Release <POINTER(ITypeLib) ptr=0x221e9106130 at 221fef55350>
2026-06-26 13:58:52,522 - DEBUG - GetModule(quartz.dll), resolved: False
2026-06-26 13:58:52,522 - DEBUG - GetModule(TLIBATTR(GUID={56A868B0-0AD4-11CE-B03A-0020AF0BA770}, Version=1.0, LCID=0, FLags=0x8))
2026-06-26 13:58:52,529 - DEBUG - Release <POINTER(ITypeLib) ptr=0x221e91058f0 at 221fef55250>
2026-06-26 13:58:52,791 - DEBUG - Calling CoUninitialize()
2026-06-26 13:58:52,791 - DEBUG - CoUninitialize() done.
2026-06-26 14:07:16,520 - DEBUG - OpenGL_accelerate module loaded
2026-06-26 14:07:16,532 - DEBUG - Using accelerated ArrayDatatype
2026-06-26 14:07:16,768 - DEBUG - CoInitializeEx(None, 2)
2026-06-26 14:07:16,809 - INFO - Imported existing <module 'comtypes.gen' from 'C:\\Users\\EXPRESS\\AppData\\Roaming\\Python\\Python313\\site-packages\\comtypes\\gen\\__init__.py'>
2026-06-26 14:07:16,809 - INFO - Using writeable comtypes cache directory: 'C:\Users\EXPRESS\AppData\Roaming\Python\Python313\site-packages\comtypes\gen'
2026-06-26 14:07:16,815 - DEBUG - GetModule(qedit.dll), resolved: False
2026-06-26 14:07:16,817 - DEBUG - GetModule(TLIBATTR(GUID={78530B68-61F9-11D2-8CAD-00A024580902}, Version=1.0, LCID=0, FLags=0x8))
2026-06-26 14:07:16,844 - DEBUG - Release <POINTER(ITypeLib) ptr=0x1d69b74d4c0 at 1d69e18d6d0>
2026-06-26 14:07:16,844 - DEBUG - GetModule(quartz.dll), resolved: False
2026-06-26 14:07:16,845 - DEBUG - GetModule(TLIBATTR(GUID={56A868B0-0AD4-11CE-B03A-0020AF0BA770}, Version=1.0, LCID=0, FLags=0x8))
2026-06-26 14:07:16,852 - DEBUG - Release <POINTER(ITypeLib) ptr=0x1d69b74d4c0 at 1d69e18d5d0>
2026-06-26 14:07:17,117 - INFO - UI load successful
2026-06-26 14:07:26,150 - INFO - Profile : Supervisor
2026-06-26 14:07:37,962 - CRITICAL - Laser 1 : OFF
2026-06-26 14:07:37,962 - CRITICAL - Laser 2 : OFF
2026-06-26 14:07:37,962 - INFO - Lasers Shutdown
2026-06-26 14:07:37,963 - INFO - COM connection close successfully
2026-06-26 14:07:37,963 - INFO - Main window close successfully
2026-06-26 14:07:37,963 - INFO - ==================================================
2026-06-26 14:07:37,963 - INFO - New session close at 2026-06-26 14:07
2026-06-26 14:07:37,963 - INFO - ==================================================
2026-06-26 14:07:37,974 - DEBUG - Calling CoUninitialize()
2026-06-26 14:07:37,974 - DEBUG - CoUninitialize() done.
2026-06-26 16:38:50,853 - DEBUG - OpenGL_accelerate module loaded
2026-06-26 16:38:50,914 - DEBUG - Using accelerated ArrayDatatype
2026-06-26 16:38:51,457 - DEBUG - CoInitializeEx(None, 2)
2026-06-26 16:38:51,564 - INFO - Imported existing <module 'comtypes.gen' from 'C:\\Users\\EXPRESS\\AppData\\Roaming\\Python\\Python313\\site-packages\\comtypes\\gen\\__init__.py'>
2026-06-26 16:38:51,564 - INFO - Using writeable comtypes cache directory: 'C:\Users\EXPRESS\AppData\Roaming\Python\Python313\site-packages\comtypes\gen'
2026-06-26 16:38:51,575 - DEBUG - GetModule(qedit.dll), resolved: False
2026-06-26 16:38:51,589 - DEBUG - GetModule(TLIBATTR(GUID={78530B68-61F9-11D2-8CAD-00A024580902}, Version=1.0, LCID=0, FLags=0x8))
2026-06-26 16:38:51,625 - DEBUG - Release <POINTER(ITypeLib) ptr=0x28b40fc6d00 at 28b5799d6d0>
2026-06-26 16:38:51,626 - DEBUG - GetModule(quartz.dll), resolved: False
2026-06-26 16:38:51,634 - DEBUG - GetModule(TLIBATTR(GUID={56A868B0-0AD4-11CE-B03A-0020AF0BA770}, Version=1.0, LCID=0, FLags=0x8))
2026-06-26 16:38:51,643 - DEBUG - Release <POINTER(ITypeLib) ptr=0x28b40fc6d00 at 28b5799d5d0>
2026-06-26 16:38:53,739 - INFO - UI load successful
2026-06-26 16:39:04,209 - INFO - Profile : Supervisor
2026-06-26 16:41:14,221 - DEBUG - OpenGL_accelerate module loaded
2026-06-26 16:41:14,246 - DEBUG - Using accelerated ArrayDatatype
2026-06-26 16:41:14,707 - DEBUG - CoInitializeEx(None, 2)
2026-06-26 16:41:14,811 - INFO - Imported existing <module 'comtypes.gen' from 'C:\\Users\\EXPRESS\\AppData\\Roaming\\Python\\Python313\\site-packages\\comtypes\\gen\\__init__.py'>
2026-06-26 16:41:14,811 - INFO - Using writeable comtypes cache directory: 'C:\Users\EXPRESS\AppData\Roaming\Python\Python313\site-packages\comtypes\gen'
2026-06-26 16:41:14,822 - DEBUG - GetModule(qedit.dll), resolved: False
2026-06-26 16:41:14,836 - DEBUG - GetModule(TLIBATTR(GUID={78530B68-61F9-11D2-8CAD-00A024580902}, Version=1.0, LCID=0, FLags=0x8))
2026-06-26 16:41:14,877 - DEBUG - Release <POINTER(ITypeLib) ptr=0x1f1793dfeb0 at 1f17bd0d6d0>
2026-06-26 16:41:14,878 - DEBUG - GetModule(quartz.dll), resolved: False
2026-06-26 16:41:14,887 - DEBUG - GetModule(TLIBATTR(GUID={56A868B0-0AD4-11CE-B03A-0020AF0BA770}, Version=1.0, LCID=0, FLags=0x8))
2026-06-26 16:41:14,895 - DEBUG - Release <POINTER(ITypeLib) ptr=0x1f1793de070 at 1f17bd0d5d0>
2026-06-26 16:41:15,264 - INFO - UI load successful
2026-06-26 16:41:23,643 - INFO - Profile : Supervisor
2026-06-26 16:41:54,642 - CRITICAL - Laser 1 : OFF
2026-06-26 16:41:54,642 - CRITICAL - Laser 2 : OFF
2026-06-26 16:41:54,642 - INFO - Lasers Shutdown
2026-06-26 16:41:54,642 - INFO - COM connection close successfully
2026-06-26 16:41:54,642 - INFO - Main window close successfully
2026-06-26 16:41:54,643 - INFO - ==================================================
2026-06-26 16:41:54,643 - INFO - New session close at 2026-06-26 16:41
2026-06-26 16:41:54,643 - INFO - ==================================================
2026-06-26 16:41:54,655 - DEBUG - Calling CoUninitialize()
2026-06-26 16:41:54,655 - DEBUG - CoUninitialize() done.
2026-06-26 16:44:14,084 - DEBUG - OpenGL_accelerate module loaded
2026-06-26 16:44:14,094 - DEBUG - Using accelerated ArrayDatatype
2026-06-26 16:44:14,328 - DEBUG - CoInitializeEx(None, 2)
2026-06-26 16:44:14,376 - INFO - Imported existing <module 'comtypes.gen' from 'C:\\Users\\EXPRESS\\AppData\\Roaming\\Python\\Python313\\site-packages\\comtypes\\gen\\__init__.py'>
2026-06-26 16:44:14,376 - INFO - Using writeable comtypes cache directory: 'C:\Users\EXPRESS\AppData\Roaming\Python\Python313\site-packages\comtypes\gen'
2026-06-26 16:44:14,382 - DEBUG - GetModule(qedit.dll), resolved: False
2026-06-26 16:44:14,384 - DEBUG - GetModule(TLIBATTR(GUID={78530B68-61F9-11D2-8CAD-00A024580902}, Version=1.0, LCID=0, FLags=0x8))
2026-06-26 16:44:14,411 - DEBUG - Release <POINTER(ITypeLib) ptr=0x290a6821c70 at 290a95fd6d0>
2026-06-26 16:44:14,411 - DEBUG - GetModule(quartz.dll), resolved: False
2026-06-26 16:44:14,412 - DEBUG - GetModule(TLIBATTR(GUID={56A868B0-0AD4-11CE-B03A-0020AF0BA770}, Version=1.0, LCID=0, FLags=0x8))
2026-06-26 16:44:14,421 - DEBUG - Release <POINTER(ITypeLib) ptr=0x290a68200f0 at 290a95fd5d0>
2026-06-26 16:44:14,694 - INFO - UI load successful
2026-06-26 16:44:26,659 - INFO - Profile : Supervisor
2026-06-26 16:44:50,117 - CRITICAL - Laser 1 : OFF
2026-06-26 16:44:50,117 - CRITICAL - Laser 2 : OFF
2026-06-26 16:44:50,117 - INFO - Lasers Shutdown
2026-06-26 16:44:50,117 - INFO - COM connection close successfully
2026-06-26 16:44:50,117 - INFO - Main window close successfully
2026-06-26 16:44:50,117 - INFO - ==================================================
2026-06-26 16:44:50,117 - INFO - New session close at 2026-06-26 16:44
2026-06-26 16:44:50,117 - INFO - ==================================================
2026-06-26 16:44:50,127 - DEBUG - Calling CoUninitialize()
2026-06-26 16:44:50,127 - DEBUG - CoUninitialize() done.
2026-06-26 16:47:00,239 - DEBUG - OpenGL_accelerate module loaded
2026-06-26 16:47:00,249 - DEBUG - Using accelerated ArrayDatatype
2026-06-26 16:47:00,474 - DEBUG - CoInitializeEx(None, 2)
2026-06-26 16:47:00,519 - INFO - Imported existing <module 'comtypes.gen' from 'C:\\Users\\EXPRESS\\AppData\\Roaming\\Python\\Python313\\site-packages\\comtypes\\gen\\__init__.py'>
2026-06-26 16:47:00,520 - INFO - Using writeable comtypes cache directory: 'C:\Users\EXPRESS\AppData\Roaming\Python\Python313\site-packages\comtypes\gen'
2026-06-26 16:47:00,526 - DEBUG - GetModule(qedit.dll), resolved: False
2026-06-26 16:47:00,527 - DEBUG - GetModule(TLIBATTR(GUID={78530B68-61F9-11D2-8CAD-00A024580902}, Version=1.0, LCID=0, FLags=0x8))
2026-06-26 16:47:00,553 - DEBUG - Release <POINTER(ITypeLib) ptr=0x238d2ef0760 at 238d586d6d0>
2026-06-26 16:47:00,554 - DEBUG - GetModule(quartz.dll), resolved: False
2026-06-26 16:47:00,554 - DEBUG - GetModule(TLIBATTR(GUID={56A868B0-0AD4-11CE-B03A-0020AF0BA770}, Version=1.0, LCID=0, FLags=0x8))
2026-06-26 16:47:00,561 - DEBUG - Release <POINTER(ITypeLib) ptr=0x238d2ef01e0 at 238d586d5d0>
2026-06-26 16:47:00,817 - INFO - UI load successful
2026-06-26 16:47:09,521 - INFO - Profile : Supervisor
2026-06-26 16:47:28,975 - CRITICAL - Laser 1 : OFF
2026-06-26 16:47:28,975 - CRITICAL - Laser 2 : OFF
2026-06-26 16:47:28,975 - INFO - Lasers Shutdown
2026-06-26 16:47:28,975 - INFO - COM connection close successfully
2026-06-26 16:47:28,975 - INFO - Main window close successfully
2026-06-26 16:47:28,976 - INFO - ==================================================
2026-06-26 16:47:28,976 - INFO - New session close at 2026-06-26 16:47
2026-06-26 16:47:28,976 - INFO - ==================================================
2026-06-26 16:47:28,987 - DEBUG - Calling CoUninitialize()
2026-06-26 16:47:28,987 - DEBUG - CoUninitialize() done.
2026-06-26 16:52:17,693 - DEBUG - OpenGL_accelerate module loaded
2026-06-26 16:52:17,703 - DEBUG - Using accelerated ArrayDatatype
2026-06-26 16:52:17,922 - DEBUG - CoInitializeEx(None, 2)
2026-06-26 16:52:17,963 - INFO - Imported existing <module 'comtypes.gen' from 'C:\\Users\\EXPRESS\\AppData\\Roaming\\Python\\Python313\\site-packages\\comtypes\\gen\\__init__.py'>
2026-06-26 16:52:17,963 - INFO - Using writeable comtypes cache directory: 'C:\Users\EXPRESS\AppData\Roaming\Python\Python313\site-packages\comtypes\gen'
2026-06-26 16:52:17,968 - DEBUG - GetModule(qedit.dll), resolved: False
2026-06-26 16:52:17,970 - DEBUG - GetModule(TLIBATTR(GUID={78530B68-61F9-11D2-8CAD-00A024580902}, Version=1.0, LCID=0, FLags=0x8))
2026-06-26 16:52:17,994 - DEBUG - Release <POINTER(ITypeLib) ptr=0x215cb6fdf90 at 215ce4817d0>
2026-06-26 16:52:17,995 - DEBUG - GetModule(quartz.dll), resolved: False
2026-06-26 16:52:17,995 - DEBUG - GetModule(TLIBATTR(GUID={56A868B0-0AD4-11CE-B03A-0020AF0BA770}, Version=1.0, LCID=0, FLags=0x8))
2026-06-26 16:52:18,003 - DEBUG - Release <POINTER(ITypeLib) ptr=0x215cb6fdf90 at 215ce4816d0>
2026-06-26 16:52:18,277 - INFO - UI load successful
2026-06-26 16:52:32,193 - INFO - Profile : Supervisor
2026-06-26 16:53:18,774 - CRITICAL - Laser 1 : OFF
2026-06-26 16:53:18,774 - CRITICAL - Laser 2 : OFF
2026-06-26 16:53:18,774 - INFO - Lasers Shutdown
2026-06-26 16:53:18,774 - INFO - COM connection close successfully
2026-06-26 16:53:18,774 - INFO - Main window close successfully
2026-06-26 16:53:18,774 - INFO - ==================================================
2026-06-26 16:53:18,774 - INFO - New session close at 2026-06-26 16:53
2026-06-26 16:53:18,774 - INFO - ==================================================
2026-06-26 16:53:18,783 - DEBUG - Calling CoUninitialize()
2026-06-26 16:53:18,784 - DEBUG - CoUninitialize() done.
2026-06-26 16:56:31,752 - DEBUG - OpenGL_accelerate module loaded
2026-06-26 16:56:31,762 - DEBUG - Using accelerated ArrayDatatype
2026-06-26 16:56:31,991 - DEBUG - CoInitializeEx(None, 2)
2026-06-26 16:56:32,030 - INFO - Imported existing <module 'comtypes.gen' from 'C:\\Users\\EXPRESS\\AppData\\Roaming\\Python\\Python313\\site-packages\\comtypes\\gen\\__init__.py'>
2026-06-26 16:56:32,030 - INFO - Using writeable comtypes cache directory: 'C:\Users\EXPRESS\AppData\Roaming\Python\Python313\site-packages\comtypes\gen'
2026-06-26 16:56:32,035 - DEBUG - GetModule(qedit.dll), resolved: False
2026-06-26 16:56:32,036 - DEBUG - GetModule(TLIBATTR(GUID={78530B68-61F9-11D2-8CAD-00A024580902}, Version=1.0, LCID=0, FLags=0x8))
2026-06-26 16:56:32,060 - DEBUG - Release <POINTER(ITypeLib) ptr=0x186555155e0 at 186582a96d0>
2026-06-26 16:56:32,061 - DEBUG - GetModule(quartz.dll), resolved: False
2026-06-26 16:56:32,062 - DEBUG - GetModule(TLIBATTR(GUID={56A868B0-0AD4-11CE-B03A-0020AF0BA770}, Version=1.0, LCID=0, FLags=0x8))
2026-06-26 16:56:32,069 - DEBUG - Release <POINTER(ITypeLib) ptr=0x18655518ce0 at 186582a95d0>
2026-06-26 16:56:32,320 - INFO - UI load successful
2026-06-26 16:56:42,710 - INFO - Profile : Supervisor
2026-06-26 16:58:58,513 - CRITICAL - Laser 1 : OFF
2026-06-26 16:58:58,514 - CRITICAL - Laser 2 : OFF
2026-06-26 16:58:58,514 - INFO - Lasers Shutdown
2026-06-26 16:58:58,514 - INFO - COM connection close successfully
2026-06-26 16:58:58,514 - INFO - Main window close successfully
2026-06-26 16:58:58,514 - INFO - ==================================================
2026-06-26 16:58:58,514 - INFO - New session close at 2026-06-26 16:58
2026-06-26 16:58:58,514 - INFO - ==================================================
2026-06-26 16:58:58,520 - DEBUG - Calling CoUninitialize()
2026-06-26 16:58:58,520 - DEBUG - CoUninitialize() done.
2026-06-26 17:13:49,536 - DEBUG - OpenGL_accelerate module loaded
2026-06-26 17:13:49,547 - DEBUG - Using accelerated ArrayDatatype
2026-06-26 17:13:49,812 - DEBUG - CoInitializeEx(None, 2)
2026-06-26 17:13:49,852 - INFO - Imported existing <module 'comtypes.gen' from 'C:\\Users\\EXPRESS\\AppData\\Roaming\\Python\\Python313\\site-packages\\comtypes\\gen\\__init__.py'>
2026-06-26 17:13:49,852 - INFO - Using writeable comtypes cache directory: 'C:\Users\EXPRESS\AppData\Roaming\Python\Python313\site-packages\comtypes\gen'
2026-06-26 17:13:49,858 - DEBUG - GetModule(qedit.dll), resolved: False
2026-06-26 17:13:49,859 - DEBUG - GetModule(TLIBATTR(GUID={78530B68-61F9-11D2-8CAD-00A024580902}, Version=1.0, LCID=0, FLags=0x8))
2026-06-26 17:13:49,883 - DEBUG - Release <POINTER(ITypeLib) ptr=0x1de16d13f00 at 1de193396d0>
2026-06-26 17:13:49,883 - DEBUG - GetModule(quartz.dll), resolved: False
2026-06-26 17:13:49,884 - DEBUG - GetModule(TLIBATTR(GUID={56A868B0-0AD4-11CE-B03A-0020AF0BA770}, Version=1.0, LCID=0, FLags=0x8))
2026-06-26 17:13:49,891 - DEBUG - Release <POINTER(ITypeLib) ptr=0x1de16d141c0 at 1de193395d0>
2026-06-26 17:13:50,141 - INFO - UI load successful
2026-06-26 17:14:09,987 - INFO - Profile : Supervisor
2026-06-26 17:14:44,205 - CRITICAL - Laser 1 : OFF
2026-06-26 17:14:44,206 - CRITICAL - Laser 2 : OFF
2026-06-26 17:14:44,206 - INFO - Lasers Shutdown
2026-06-26 17:14:44,206 - INFO - COM connection close successfully
2026-06-26 17:14:44,206 - INFO - Main window close successfully
2026-06-26 17:14:44,206 - INFO - ==================================================
2026-06-26 17:14:44,206 - INFO - New session close at 2026-06-26 17:14
2026-06-26 17:14:44,206 - INFO - ==================================================
2026-06-26 17:14:44,216 - DEBUG - Calling CoUninitialize()
2026-06-26 17:14:44,217 - DEBUG - CoUninitialize() done.
2026-06-26 17:23:08,788 - DEBUG - OpenGL_accelerate module loaded
2026-06-26 17:23:08,876 - DEBUG - Using accelerated ArrayDatatype
2026-06-26 17:23:09,599 - DEBUG - CoInitializeEx(None, 2)
2026-06-26 17:23:09,705 - INFO - Imported existing <module 'comtypes.gen' from 'C:\\Users\\EXPRESS\\AppData\\Roaming\\Python\\Python313\\site-packages\\comtypes\\gen\\__init__.py'>
2026-06-26 17:23:09,705 - INFO - Using writeable comtypes cache directory: 'C:\Users\EXPRESS\AppData\Roaming\Python\Python313\site-packages\comtypes\gen'
2026-06-26 17:23:09,714 - DEBUG - GetModule(qedit.dll), resolved: False
2026-06-26 17:23:09,735 - DEBUG - GetModule(TLIBATTR(GUID={78530B68-61F9-11D2-8CAD-00A024580902}, Version=1.0, LCID=0, FLags=0x8))
2026-06-26 17:23:09,777 - DEBUG - Release <POINTER(ITypeLib) ptr=0x1bd651a2c10 at 1bd68bd3850>
2026-06-26 17:23:09,778 - DEBUG - GetModule(quartz.dll), resolved: False
2026-06-26 17:23:09,787 - DEBUG - GetModule(TLIBATTR(GUID={56A868B0-0AD4-11CE-B03A-0020AF0BA770}, Version=1.0, LCID=0, FLags=0x8))
2026-06-26 17:23:09,806 - DEBUG - Release <POINTER(ITypeLib) ptr=0x1bd651a2ed0 at 1bd68bd3750>
2026-06-26 17:23:11,223 - INFO - UI load successful
2026-06-26 17:23:23,467 - INFO - Profile : Supervisor
2026-06-26 17:23:48,317 - CRITICAL - Laser 1 : OFF
2026-06-26 17:23:48,317 - CRITICAL - Laser 2 : OFF
2026-06-26 17:23:48,317 - INFO - Lasers Shutdown
2026-06-26 17:23:48,317 - INFO - COM connection close successfully
2026-06-26 17:23:48,317 - INFO - Main window close successfully
2026-06-26 17:23:48,317 - INFO - ==================================================
2026-06-26 17:23:48,317 - INFO - New session close at 2026-06-26 17:23
2026-06-26 17:23:48,317 - INFO - ==================================================
2026-06-26 17:23:48,332 - DEBUG - Calling CoUninitialize()
2026-06-26 17:23:48,333 - DEBUG - CoUninitialize() done.
2026-06-27 10:43:10,664 - DEBUG - OpenGL_accelerate module loaded
2026-06-27 10:43:10,824 - DEBUG - Using accelerated ArrayDatatype
2026-06-27 10:43:12,894 - DEBUG - CoInitializeEx(None, 2)
2026-06-27 10:43:13,237 - INFO - Imported existing <module 'comtypes.gen' from 'C:\\Users\\EXPRESS\\AppData\\Roaming\\Python\\Python313\\site-packages\\comtypes\\gen\\__init__.py'>
2026-06-27 10:43:13,237 - INFO - Using writeable comtypes cache directory: 'C:\Users\EXPRESS\AppData\Roaming\Python\Python313\site-packages\comtypes\gen'
2026-06-27 10:43:13,279 - DEBUG - GetModule(qedit.dll), resolved: False
2026-06-27 10:43:13,282 - DEBUG - GetModule(TLIBATTR(GUID={78530B68-61F9-11D2-8CAD-00A024580902}, Version=1.0, LCID=0, FLags=0x8))
2026-06-27 10:43:13,339 - DEBUG - Release <POINTER(ITypeLib) ptr=0x146b4c862d0 at 146b7a196d0>
2026-06-27 10:43:13,339 - DEBUG - GetModule(quartz.dll), resolved: False
2026-06-27 10:43:13,341 - DEBUG - GetModule(TLIBATTR(GUID={56A868B0-0AD4-11CE-B03A-0020AF0BA770}, Version=1.0, LCID=0, FLags=0x8))
2026-06-27 10:43:13,366 - DEBUG - Release <POINTER(ITypeLib) ptr=0x146b4c862d0 at 146b7a195d0>
2026-06-27 10:43:14,325 - INFO - UI load successful
2026-06-27 10:45:07,405 - INFO - Profile : Supervisor
2026-06-27 10:47:11,998 - CRITICAL - Laser 1 : OFF
2026-06-27 10:47:11,998 - CRITICAL - Laser 2 : OFF
2026-06-27 10:47:11,998 - INFO - Lasers Shutdown
2026-06-27 10:47:11,998 - INFO - COM connection close successfully
2026-06-27 10:47:11,998 - INFO - Main window close successfully
2026-06-27 10:47:11,999 - INFO - ==================================================
2026-06-27 10:47:11,999 - INFO - New session close at 2026-06-27 10:47
2026-06-27 10:47:11,999 - INFO - ==================================================
2026-06-27 10:47:12,008 - DEBUG - Calling CoUninitialize()
2026-06-27 10:47:12,008 - DEBUG - CoUninitialize() done.
2026-06-27 10:47:45,818 - DEBUG - OpenGL_accelerate module loaded
2026-06-27 10:47:45,829 - DEBUG - Using accelerated ArrayDatatype
2026-06-27 10:47:46,101 - DEBUG - CoInitializeEx(None, 2)
2026-06-27 10:47:46,143 - INFO - Imported existing <module 'comtypes.gen' from 'C:\\Users\\EXPRESS\\AppData\\Roaming\\Python\\Python313\\site-packages\\comtypes\\gen\\__init__.py'>
2026-06-27 10:47:46,143 - INFO - Using writeable comtypes cache directory: 'C:\Users\EXPRESS\AppData\Roaming\Python\Python313\site-packages\comtypes\gen'
2026-06-27 10:47:46,149 - DEBUG - GetModule(qedit.dll), resolved: False
2026-06-27 10:47:46,150 - DEBUG - GetModule(TLIBATTR(GUID={78530B68-61F9-11D2-8CAD-00A024580902}, Version=1.0, LCID=0, FLags=0x8))
2026-06-27 10:47:46,174 - DEBUG - Release <POINTER(ITypeLib) ptr=0x1fcfc338f10 at 1fcff4296d0>
2026-06-27 10:47:46,175 - DEBUG - GetModule(quartz.dll), resolved: False
2026-06-27 10:47:46,175 - DEBUG - GetModule(TLIBATTR(GUID={56A868B0-0AD4-11CE-B03A-0020AF0BA770}, Version=1.0, LCID=0, FLags=0x8))
2026-06-27 10:47:46,182 - DEBUG - Release <POINTER(ITypeLib) ptr=0x1fcfc338f10 at 1fcff4295d0>
2026-06-27 10:47:46,436 - INFO - UI load successful
2026-06-27 10:47:54,941 - INFO - File selected : D:/TeamDev/DLL_Galvo/Galvo_Scribing/ide2.svg
2026-06-27 10:47:57,001 - INFO - Parameters saved for D:/TeamDev/DLL_Galvo/Galvo_Scribing/ide2.svg
2026-06-27 10:54:53,721 - DEBUG - OpenGL_accelerate module loaded
2026-06-27 10:54:53,748 - DEBUG - Using accelerated ArrayDatatype
2026-06-27 10:54:54,246 - DEBUG - CoInitializeEx(None, 2)
2026-06-27 10:54:54,351 - INFO - Imported existing <module 'comtypes.gen' from 'C:\\Users\\EXPRESS\\AppData\\Roaming\\Python\\Python313\\site-packages\\comtypes\\gen\\__init__.py'>
2026-06-27 10:54:54,352 - INFO - Using writeable comtypes cache directory: 'C:\Users\EXPRESS\AppData\Roaming\Python\Python313\site-packages\comtypes\gen'
2026-06-27 10:54:54,362 - DEBUG - GetModule(qedit.dll), resolved: False
2026-06-27 10:54:54,376 - DEBUG - GetModule(TLIBATTR(GUID={78530B68-61F9-11D2-8CAD-00A024580902}, Version=1.0, LCID=0, FLags=0x8))
2026-06-27 10:54:54,417 - DEBUG - Release <POINTER(ITypeLib) ptr=0x249e88f3d30 at 249fe7396d0>
2026-06-27 10:54:54,418 - DEBUG - GetModule(quartz.dll), resolved: False
2026-06-27 10:54:54,427 - DEBUG - GetModule(TLIBATTR(GUID={56A868B0-0AD4-11CE-B03A-0020AF0BA770}, Version=1.0, LCID=0, FLags=0x8))
2026-06-27 10:54:54,447 - DEBUG - Release <POINTER(ITypeLib) ptr=0x249e88f1970 at 249fe7395d0>
2026-06-27 10:54:54,814 - INFO - UI load successful
2026-06-27 10:55:12,204 - INFO - File selected : D:/TeamDev/DLL_Galvo/Galvo_Scribing/ide2.svg
2026-06-27 10:55:14,352 - INFO - Parameters saved for D:/TeamDev/DLL_Galvo/Galvo_Scribing/ide2.svg
2026-06-27 10:56:37,378 - INFO - Profile : Supervisor
2026-06-27 11:00:50,404 - INFO - Parameters saved for D:/TeamDev/DLL_Galvo/Galvo_Scribing/ide2.svg
2026-06-27 11:01:18,582 - INFO - Parameters saved for D:/TeamDev/DLL_Galvo/Galvo_Scribing/ide2.svg
2026-06-27 11:07:27,331 - DEBUG - OpenGL_accelerate module loaded
2026-06-27 11:07:27,342 - DEBUG - Using accelerated ArrayDatatype
2026-06-27 11:07:27,574 - DEBUG - CoInitializeEx(None, 2)
2026-06-27 11:07:27,617 - INFO - Imported existing <module 'comtypes.gen' from 'C:\\Users\\EXPRESS\\AppData\\Roaming\\Python\\Python313\\site-packages\\comtypes\\gen\\__init__.py'>
2026-06-27 11:07:27,617 - INFO - Using writeable comtypes cache directory: 'C:\Users\EXPRESS\AppData\Roaming\Python\Python313\site-packages\comtypes\gen'
2026-06-27 11:07:27,624 - DEBUG - GetModule(qedit.dll), resolved: False
2026-06-27 11:07:27,625 - DEBUG - GetModule(TLIBATTR(GUID={78530B68-61F9-11D2-8CAD-00A024580902}, Version=1.0, LCID=0, FLags=0x8))
2026-06-27 11:07:27,653 - DEBUG - Release <POINTER(ITypeLib) ptr=0x18c745884c0 at 18c773496d0>
2026-06-27 11:07:27,654 - DEBUG - GetModule(quartz.dll), resolved: False
2026-06-27 11:07:27,654 - DEBUG - GetModule(TLIBATTR(GUID={56A868B0-0AD4-11CE-B03A-0020AF0BA770}, Version=1.0, LCID=0, FLags=0x8))
2026-06-27 11:07:27,662 - DEBUG - Release <POINTER(ITypeLib) ptr=0x18c745884c0 at 18c773495d0>
2026-06-27 11:07:30,296 - INFO - UI load successful
2026-06-27 11:07:41,156 - INFO - File selected : D:/TeamDev/DLL_Galvo/Galvo_Scribing/ide2.svg
2026-06-27 11:07:45,002 - INFO - Parameters saved for D:/TeamDev/DLL_Galvo/Galvo_Scribing/ide2.svg
2026-06-27 11:08:14,801 - CRITICAL - Laser 1 : OFF
2026-06-27 11:08:14,801 - CRITICAL - Laser 2 : OFF
2026-06-27 11:08:14,801 - INFO - Lasers Shutdown
2026-06-27 11:08:14,801 - INFO - COM connection close successfully
2026-06-27 11:08:14,802 - INFO - Main window close successfully
2026-06-27 11:08:14,802 - INFO - ==================================================
2026-06-27 11:08:14,802 - INFO - New session close at 2026-06-27 11:08
2026-06-27 11:08:14,802 - INFO - ==================================================
2026-06-27 11:08:14,817 - DEBUG - Calling CoUninitialize()
2026-06-27 11:08:14,817 - DEBUG - CoUninitialize() done.
2026-06-27 11:10:56,139 - DEBUG - OpenGL_accelerate module loaded
2026-06-27 11:10:56,149 - DEBUG - Using accelerated ArrayDatatype
2026-06-27 11:10:56,363 - DEBUG - CoInitializeEx(None, 2)
2026-06-27 11:10:56,403 - INFO - Imported existing <module 'comtypes.gen' from 'C:\\Users\\EXPRESS\\AppData\\Roaming\\Python\\Python313\\site-packages\\comtypes\\gen\\__init__.py'>
2026-06-27 11:10:56,403 - INFO - Using writeable comtypes cache directory: 'C:\Users\EXPRESS\AppData\Roaming\Python\Python313\site-packages\comtypes\gen'
2026-06-27 11:10:56,409 - DEBUG - GetModule(qedit.dll), resolved: False
2026-06-27 11:10:56,411 - DEBUG - GetModule(TLIBATTR(GUID={78530B68-61F9-11D2-8CAD-00A024580902}, Version=1.0, LCID=0, FLags=0x8))
2026-06-27 11:10:56,436 - DEBUG - Release <POINTER(ITypeLib) ptr=0x17d78417a30 at 17d7b4b96d0>
2026-06-27 11:10:56,436 - DEBUG - GetModule(quartz.dll), resolved: False
2026-06-27 11:10:56,437 - DEBUG - GetModule(TLIBATTR(GUID={56A868B0-0AD4-11CE-B03A-0020AF0BA770}, Version=1.0, LCID=0, FLags=0x8))
2026-06-27 11:10:56,444 - DEBUG - Release <POINTER(ITypeLib) ptr=0x17d78419b30 at 17d7b4b95d0>
2026-06-27 11:10:59,404 - INFO - UI load successful
2026-06-27 11:11:08,636 - INFO - Profile : Supervisor
2026-06-27 11:16:51,479 - INFO - File selected : D:/TeamDev/DLL_Galvo/Galvo_Scribing/ide2.svg
2026-06-27 11:16:53,915 - INFO - Parameters saved for D:/TeamDev/DLL_Galvo/Galvo_Scribing/ide2.svg
2026-06-27 11:22:11,718 - DEBUG - OpenGL_accelerate module loaded
2026-06-27 11:22:11,746 - DEBUG - Using accelerated ArrayDatatype
2026-06-27 11:22:12,233 - DEBUG - CoInitializeEx(None, 2)
2026-06-27 11:22:12,338 - INFO - Imported existing <module 'comtypes.gen' from 'C:\\Users\\EXPRESS\\AppData\\Roaming\\Python\\Python313\\site-packages\\comtypes\\gen\\__init__.py'>
2026-06-27 11:22:12,338 - INFO - Using writeable comtypes cache directory: 'C:\Users\EXPRESS\AppData\Roaming\Python\Python313\site-packages\comtypes\gen'
2026-06-27 11:22:12,348 - DEBUG - GetModule(qedit.dll), resolved: False
2026-06-27 11:22:12,362 - DEBUG - GetModule(TLIBATTR(GUID={78530B68-61F9-11D2-8CAD-00A024580902}, Version=1.0, LCID=0, FLags=0x8))
2026-06-27 11:22:12,398 - DEBUG - Release <POINTER(ITypeLib) ptr=0x229f252aff0 at 229883c9850>
2026-06-27 11:22:12,398 - DEBUG - GetModule(quartz.dll), resolved: False
2026-06-27 11:22:12,406 - DEBUG - GetModule(TLIBATTR(GUID={56A868B0-0AD4-11CE-B03A-0020AF0BA770}, Version=1.0, LCID=0, FLags=0x8))
2026-06-27 11:22:12,415 - DEBUG - Release <POINTER(ITypeLib) ptr=0x229f2528ef0 at 229883c9750>
2026-06-27 11:22:15,610 - INFO - UI load successful
2026-06-27 11:23:14,510 - INFO - Profile : Supervisor
2026-06-27 11:23:22,860 - INFO - File selected : D:/TeamDev/DLL_Galvo/Galvo_Scribing/ide2.svg
2026-06-27 11:23:25,589 - INFO - Parameters saved for D:/TeamDev/DLL_Galvo/Galvo_Scribing/ide2.svg
2026-06-27 11:58:39,713 - DEBUG - OpenGL_accelerate module loaded
2026-06-27 11:58:39,845 - DEBUG - Using accelerated ArrayDatatype
2026-06-27 11:58:41,228 - DEBUG - CoInitializeEx(None, 2)
2026-06-27 11:58:41,503 - INFO - Imported existing <module 'comtypes.gen' from 'C:\\Users\\EXPRESS\\AppData\\Roaming\\Python\\Python313\\site-packages\\comtypes\\gen\\__init__.py'>
2026-06-27 11:58:41,504 - INFO - Using writeable comtypes cache directory: 'C:\Users\EXPRESS\AppData\Roaming\Python\Python313\site-packages\comtypes\gen'
2026-06-27 11:58:41,535 - DEBUG - GetModule(qedit.dll), resolved: False
2026-06-27 11:58:41,537 - DEBUG - GetModule(TLIBATTR(GUID={78530B68-61F9-11D2-8CAD-00A024580902}, Version=1.0, LCID=0, FLags=0x8))
2026-06-27 11:58:41,578 - DEBUG - Release <POINTER(ITypeLib) ptr=0x29a526c00f0 at 29a54d59950>
2026-06-27 11:58:41,579 - DEBUG - GetModule(quartz.dll), resolved: False
2026-06-27 11:58:41,579 - DEBUG - GetModule(TLIBATTR(GUID={56A868B0-0AD4-11CE-B03A-0020AF0BA770}, Version=1.0, LCID=0, FLags=0x8))
2026-06-27 11:58:41,602 - DEBUG - Release <POINTER(ITypeLib) ptr=0x29a527d1a20 at 29a54d59850>
2026-06-27 11:58:42,688 - INFO - UI load successful
2026-06-27 11:59:07,578 - INFO - Profile : Supervisor
2026-06-27 12:25:20,395 - DEBUG - OpenGL_accelerate module loaded
2026-06-27 12:25:20,422 - DEBUG - Using accelerated ArrayDatatype
2026-06-27 12:25:20,915 - DEBUG - CoInitializeEx(None, 2)
2026-06-27 12:25:21,020 - INFO - Imported existing <module 'comtypes.gen' from 'C:\\Users\\EXPRESS\\AppData\\Roaming\\Python\\Python313\\site-packages\\comtypes\\gen\\__init__.py'>
2026-06-27 12:25:21,020 - INFO - Using writeable comtypes cache directory: 'C:\Users\EXPRESS\AppData\Roaming\Python\Python313\site-packages\comtypes\gen'
2026-06-27 12:25:21,030 - DEBUG - GetModule(qedit.dll), resolved: False
2026-06-27 12:25:21,041 - DEBUG - GetModule(TLIBATTR(GUID={78530B68-61F9-11D2-8CAD-00A024580902}, Version=1.0, LCID=0, FLags=0x8))
2026-06-27 12:25:21,084 - DEBUG - Release <POINTER(ITypeLib) ptr=0x1d64686bed0 at 1d6494ed950>
2026-06-27 12:25:21,085 - DEBUG - GetModule(quartz.dll), resolved: False
2026-06-27 12:25:21,094 - DEBUG - GetModule(TLIBATTR(GUID={56A868B0-0AD4-11CE-B03A-0020AF0BA770}, Version=1.0, LCID=0, FLags=0x8))
2026-06-27 12:25:21,105 - DEBUG - Release <POINTER(ITypeLib) ptr=0x1d64686bed0 at 1d6494ed850>
2026-06-27 12:25:23,870 - INFO - UI load successful
2026-06-27 12:25:52,184 - INFO - File selected : D:/TeamDev/DLL_Galvo/Galvo_Scribing/ide2.svg
2026-06-27 12:25:54,927 - INFO - Parameters saved for D:/TeamDev/DLL_Galvo/Galvo_Scribing/ide2.svg
2026-06-27 12:31:30,290 - CRITICAL - Laser 1 : OFF
2026-06-27 12:31:30,290 - CRITICAL - Laser 2 : OFF
2026-06-27 12:31:30,290 - INFO - Lasers Shutdown
2026-06-27 12:31:30,290 - INFO - COM connection close successfully
2026-06-27 12:31:30,290 - INFO - Main window close successfully
2026-06-27 12:31:30,290 - INFO - ==================================================
2026-06-27 12:31:30,290 - INFO - New session close at 2026-06-27 12:31
2026-06-27 12:31:30,290 - INFO - ==================================================
2026-06-27 12:31:30,306 - DEBUG - Calling CoUninitialize()
2026-06-27 12:31:30,307 - DEBUG - CoUninitialize() done.
2026-06-27 12:50:41,113 - DEBUG - OpenGL_accelerate module loaded
2026-06-27 12:50:41,123 - DEBUG - Using accelerated ArrayDatatype
2026-06-27 12:50:41,342 - DEBUG - CoInitializeEx(None, 2)
2026-06-27 12:50:41,381 - INFO - Imported existing <module 'comtypes.gen' from 'C:\\Users\\EXPRESS\\AppData\\Roaming\\Python\\Python313\\site-packages\\comtypes\\gen\\__init__.py'>
2026-06-27 12:50:41,381 - INFO - Using writeable comtypes cache directory: 'C:\Users\EXPRESS\AppData\Roaming\Python\Python313\site-packages\comtypes\gen'
2026-06-27 12:50:41,387 - DEBUG - GetModule(qedit.dll), resolved: False
2026-06-27 12:50:41,388 - DEBUG - GetModule(TLIBATTR(GUID={78530B68-61F9-11D2-8CAD-00A024580902}, Version=1.0, LCID=0, FLags=0x8))
2026-06-27 12:50:41,413 - DEBUG - Release <POINTER(ITypeLib) ptr=0x1d7cbca1ea0 at 1d7ce9a1b50>
2026-06-27 12:50:41,413 - DEBUG - GetModule(quartz.dll), resolved: False
2026-06-27 12:50:41,414 - DEBUG - GetModule(TLIBATTR(GUID={56A868B0-0AD4-11CE-B03A-0020AF0BA770}, Version=1.0, LCID=0, FLags=0x8))
2026-06-27 12:50:41,420 - DEBUG - Release <POINTER(ITypeLib) ptr=0x1d7cbca1ea0 at 1d7ce9a1a50>
2026-06-27 12:50:44,398 - INFO - UI load successful
2026-06-27 12:52:57,878 - CRITICAL - Laser 1 : OFF
2026-06-27 12:52:57,879 - CRITICAL - Laser 2 : OFF
2026-06-27 12:52:57,879 - INFO - Lasers Shutdown
2026-06-27 12:52:57,879 - INFO - COM connection close successfully
2026-06-27 12:52:57,879 - INFO - Main window close successfully
2026-06-27 12:52:57,879 - INFO - ==================================================
2026-06-27 12:52:57,879 - INFO - New session close at 2026-06-27 12:52
2026-06-27 12:52:57,879 - INFO - ==================================================
2026-06-27 12:52:57,887 - DEBUG - Calling CoUninitialize()
2026-06-27 12:52:57,887 - DEBUG - CoUninitialize() done.
2026-06-27 12:55:04,714 - DEBUG - OpenGL_accelerate module loaded
2026-06-27 12:55:04,724 - DEBUG - Using accelerated ArrayDatatype
2026-06-27 12:55:04,950 - DEBUG - CoInitializeEx(None, 2)
2026-06-27 12:55:04,992 - INFO - Imported existing <module 'comtypes.gen' from 'C:\\Users\\EXPRESS\\AppData\\Roaming\\Python\\Python313\\site-packages\\comtypes\\gen\\__init__.py'>
2026-06-27 12:55:04,992 - INFO - Using writeable comtypes cache directory: 'C:\Users\EXPRESS\AppData\Roaming\Python\Python313\site-packages\comtypes\gen'
2026-06-27 12:55:04,998 - DEBUG - GetModule(qedit.dll), resolved: False
2026-06-27 12:55:04,999 - DEBUG - GetModule(TLIBATTR(GUID={78530B68-61F9-11D2-8CAD-00A024580902}, Version=1.0, LCID=0, FLags=0x8))
2026-06-27 12:55:05,024 - DEBUG - Release <POINTER(ITypeLib) ptr=0x19ee6fb97b0 at 19efda31ad0>
2026-06-27 12:55:05,024 - DEBUG - GetModule(quartz.dll), resolved: False
2026-06-27 12:55:05,025 - DEBUG - GetModule(TLIBATTR(GUID={56A868B0-0AD4-11CE-B03A-0020AF0BA770}, Version=1.0, LCID=0, FLags=0x8))
2026-06-27 12:55:05,032 - DEBUG - Release <POINTER(ITypeLib) ptr=0x19ee6fba2b0 at 19efda319d0>
2026-06-27 12:55:07,962 - INFO - UI load successful
2026-06-27 12:55:53,301 - INFO - File selected : D:/TeamDev/DLL_Galvo/GalvoUI_2/dxf_files/2x2.dxf
2026-06-27 12:56:20,948 - INFO - Parameters saved for D:/TeamDev/DLL_Galvo/GalvoUI_2/dxf_files/2x2.dxf
2026-06-27 12:56:35,412 - INFO - Parameters saved for D:/TeamDev/DLL_Galvo/GalvoUI_2/dxf_files/2x2.dxf
2026-06-27 12:57:56,109 - INFO - Parameters saved for D:/TeamDev/DLL_Galvo/GalvoUI_2/dxf_files/2x2.dxf
2026-06-27 12:58:03,467 - INFO - Parameters saved for D:/TeamDev/DLL_Galvo/GalvoUI_2/dxf_files/2x2.dxf
2026-06-27 12:58:20,284 - INFO - Parameters saved for D:/TeamDev/DLL_Galvo/GalvoUI_2/dxf_files/2x2.dxf
2026-06-27 13:01:46,835 - DEBUG - OpenGL_accelerate module loaded
2026-06-27 13:01:46,846 - DEBUG - Using accelerated ArrayDatatype
2026-06-27 13:01:47,145 - DEBUG - CoInitializeEx(None, 2)
2026-06-27 13:01:47,187 - INFO - Imported existing <module 'comtypes.gen' from 'C:\\Users\\EXPRESS\\AppData\\Roaming\\Python\\Python313\\site-packages\\comtypes\\gen\\__init__.py'>
2026-06-27 13:01:47,187 - INFO - Using writeable comtypes cache directory: 'C:\Users\EXPRESS\AppData\Roaming\Python\Python313\site-packages\comtypes\gen'
2026-06-27 13:01:47,193 - DEBUG - GetModule(qedit.dll), resolved: False
2026-06-27 13:01:47,194 - DEBUG - GetModule(TLIBATTR(GUID={78530B68-61F9-11D2-8CAD-00A024580902}, Version=1.0, LCID=0, FLags=0x8))
2026-06-27 13:01:47,218 - DEBUG - Release <POINTER(ITypeLib) ptr=0x1d85a8120e0 at 1d85d3f1b50>
2026-06-27 13:01:47,219 - DEBUG - GetModule(quartz.dll), resolved: False
2026-06-27 13:01:47,220 - DEBUG - GetModule(TLIBATTR(GUID={56A868B0-0AD4-11CE-B03A-0020AF0BA770}, Version=1.0, LCID=0, FLags=0x8))
2026-06-27 13:01:47,227 - DEBUG - Release <POINTER(ITypeLib) ptr=0x1d85a811e20 at 1d85d3f1a50>
2026-06-27 13:01:50,280 - INFO - UI load successful
2026-06-27 13:02:06,200 - INFO - File selected : D:/TeamDev/DLL_Galvo/GalvoUI_2/dxf_files/2x2.dxf
2026-06-27 13:02:13,633 - INFO - Parameters saved for D:/TeamDev/DLL_Galvo/GalvoUI_2/dxf_files/2x2.dxf
2026-06-27 13:06:25,283 - INFO - Profile : Supervisor
2026-06-27 13:06:54,271 - INFO - File selected : D:/TeamDev/DLL_Galvo/Galvo_Scribing/ide2.svg
2026-06-27 13:06:59,735 - INFO - Parameters saved for D:/TeamDev/DLL_Galvo/Galvo_Scribing/ide2.svg
2026-06-27 13:07:35,988 - INFO - Parameters saved for D:/TeamDev/DLL_Galvo/Galvo_Scribing/ide2.svg
2026-06-27 13:11:40,648 - CRITICAL - Laser 1 : OFF
2026-06-27 13:11:40,648 - CRITICAL - Laser 2 : OFF
2026-06-27 13:11:40,648 - INFO - Lasers Shutdown
2026-06-27 13:11:40,648 - INFO - COM connection close successfully
2026-06-27 13:11:40,648 - INFO - Main window close successfully
2026-06-27 13:11:40,648 - INFO - ==================================================
2026-06-27 13:11:40,648 - INFO - New session close at 2026-06-27 13:11
2026-06-27 13:11:40,649 - INFO - ==================================================
2026-06-27 13:11:40,661 - DEBUG - Calling CoUninitialize()
2026-06-27 13:11:40,661 - DEBUG - CoUninitialize() done.
2026-06-27 14:03:52,871 - DEBUG - OpenGL_accelerate module loaded
2026-06-27 14:03:52,931 - DEBUG - Using accelerated ArrayDatatype
2026-06-27 14:03:53,498 - DEBUG - CoInitializeEx(None, 2)
2026-06-27 14:03:53,608 - INFO - Imported existing <module 'comtypes.gen' from 'C:\\Users\\EXPRESS\\AppData\\Roaming\\Python\\Python313\\site-packages\\comtypes\\gen\\__init__.py'>
2026-06-27 14:03:53,608 - INFO - Using writeable comtypes cache directory: 'C:\Users\EXPRESS\AppData\Roaming\Python\Python313\site-packages\comtypes\gen'
2026-06-27 14:03:53,620 - DEBUG - GetModule(qedit.dll), resolved: False
2026-06-27 14:03:53,634 - DEBUG - GetModule(TLIBATTR(GUID={78530B68-61F9-11D2-8CAD-00A024580902}, Version=1.0, LCID=0, FLags=0x8))
2026-06-27 14:03:53,672 - DEBUG - Release <POINTER(ITypeLib) ptr=0x19c49e46840 at 19c5fd71ad0>
2026-06-27 14:03:53,673 - DEBUG - GetModule(quartz.dll), resolved: False
2026-06-27 14:03:53,681 - DEBUG - GetModule(TLIBATTR(GUID={56A868B0-0AD4-11CE-B03A-0020AF0BA770}, Version=1.0, LCID=0, FLags=0x8))
2026-06-27 14:03:53,690 - DEBUG - Release <POINTER(ITypeLib) ptr=0x19c49e46000 at 19c5fd719d0>
2026-06-27 14:03:58,368 - INFO - UI load successful
2026-06-27 14:04:25,305 - INFO - File selected : D:/TeamDev/DLL_Galvo/Galvo_Scribing/ide2.svg
2026-06-27 14:04:35,514 - INFO - Parameters saved for D:/TeamDev/DLL_Galvo/Galvo_Scribing/ide2.svg
2026-06-27 14:04:49,846 - INFO - Profile : Supervisor
2026-06-27 14:07:33,908 - INFO - File selected : D:/TeamDev/DLL_Galvo/GalvoUI_2/dxf_files/2x2.dxf
2026-06-27 14:07:40,348 - INFO - Parameters saved for D:/TeamDev/DLL_Galvo/GalvoUI_2/dxf_files/2x2.dxf
2026-06-27 14:16:48,439 - DEBUG - OpenGL_accelerate module loaded
2026-06-27 14:16:48,466 - DEBUG - Using accelerated ArrayDatatype
2026-06-27 14:16:49,079 - DEBUG - CoInitializeEx(None, 2)
2026-06-27 14:16:49,225 - INFO - Imported existing <module 'comtypes.gen' from 'C:\\Users\\EXPRESS\\AppData\\Roaming\\Python\\Python313\\site-packages\\comtypes\\gen\\__init__.py'>
2026-06-27 14:16:49,226 - INFO - Using writeable comtypes cache directory: 'C:\Users\EXPRESS\AppData\Roaming\Python\Python313\site-packages\comtypes\gen'
2026-06-27 14:16:49,237 - DEBUG - GetModule(qedit.dll), resolved: False
2026-06-27 14:16:49,254 - DEBUG - GetModule(TLIBATTR(GUID={78530B68-61F9-11D2-8CAD-00A024580902}, Version=1.0, LCID=0, FLags=0x8))
2026-06-27 14:16:49,314 - DEBUG - Release <POINTER(ITypeLib) ptr=0x1a271a5a150 at 1a274781ad0>
2026-06-27 14:16:49,314 - DEBUG - GetModule(quartz.dll), resolved: False
2026-06-27 14:16:49,325 - DEBUG - GetModule(TLIBATTR(GUID={56A868B0-0AD4-11CE-B03A-0020AF0BA770}, Version=1.0, LCID=0, FLags=0x8))
2026-06-27 14:16:49,341 - DEBUG - Release <POINTER(ITypeLib) ptr=0x1a271a5b1d0 at 1a2747819d0>
2026-06-27 14:16:52,560 - INFO - UI load successful
2026-06-27 14:16:57,916 - CRITICAL - Laser 1 : OFF
2026-06-27 14:16:57,916 - CRITICAL - Laser 2 : OFF
2026-06-27 14:16:57,916 - INFO - Lasers Shutdown
2026-06-27 14:16:57,916 - INFO - COM connection close successfully
2026-06-27 14:16:57,916 - INFO - Main window close successfully
2026-06-27 14:16:57,916 - INFO - ==================================================
2026-06-27 14:16:57,916 - INFO - New session close at 2026-06-27 14:16
2026-06-27 14:16:57,916 - INFO - ==================================================
2026-06-27 14:16:57,937 - DEBUG - Calling CoUninitialize()
2026-06-27 14:16:57,937 - DEBUG - CoUninitialize() done.
2026-06-27 14:22:17,313 - DEBUG - OpenGL_accelerate module loaded
2026-06-27 14:22:17,322 - DEBUG - Using accelerated ArrayDatatype
2026-06-27 14:22:17,538 - DEBUG - CoInitializeEx(None, 2)
2026-06-27 14:22:17,577 - INFO - Imported existing <module 'comtypes.gen' from 'C:\\Users\\EXPRESS\\AppData\\Roaming\\Python\\Python313\\site-packages\\comtypes\\gen\\__init__.py'>
2026-06-27 14:22:17,577 - INFO - Using writeable comtypes cache directory: 'C:\Users\EXPRESS\AppData\Roaming\Python\Python313\site-packages\comtypes\gen'
2026-06-27 14:22:17,583 - DEBUG - GetModule(qedit.dll), resolved: False
2026-06-27 14:22:17,584 - DEBUG - GetModule(TLIBATTR(GUID={78530B68-61F9-11D2-8CAD-00A024580902}, Version=1.0, LCID=0, FLags=0x8))
2026-06-27 14:22:17,608 - DEBUG - Release <POINTER(ITypeLib) ptr=0x20d68da13f0 at 20d6bb61cd0>
2026-06-27 14:22:17,609 - DEBUG - GetModule(quartz.dll), resolved: False
2026-06-27 14:22:17,609 - DEBUG - GetModule(TLIBATTR(GUID={56A868B0-0AD4-11CE-B03A-0020AF0BA770}, Version=1.0, LCID=0, FLags=0x8))
2026-06-27 14:22:17,616 - DEBUG - Release <POINTER(ITypeLib) ptr=0x20d68da13f0 at 20d6bb61bd0>
2026-06-27 14:22:20,621 - INFO - UI load successful
2026-06-27 14:22:38,415 - INFO - File selected : D:/TeamDev/DLL_Galvo/GalvoUI_2/dxf_files/2x2.dxf
2026-06-27 14:22:47,903 - INFO - Parameters saved for D:/TeamDev/DLL_Galvo/GalvoUI_2/dxf_files/2x2.dxf
2026-06-27 14:25:34,685 - INFO - Application closing. Turning off laser...
2026-06-27 14:25:34,703 - DEBUG - Calling CoUninitialize()
2026-06-27 14:25:34,703 - DEBUG - CoUninitialize() done.
2026-06-27 14:25:57,850 - DEBUG - OpenGL_accelerate module loaded
2026-06-27 14:25:57,859 - DEBUG - Using accelerated ArrayDatatype
2026-06-27 14:25:58,077 - DEBUG - CoInitializeEx(None, 2)
2026-06-27 14:25:58,117 - INFO - Imported existing <module 'comtypes.gen' from 'C:\\Users\\EXPRESS\\AppData\\Roaming\\Python\\Python313\\site-packages\\comtypes\\gen\\__init__.py'>
2026-06-27 14:25:58,118 - INFO - Using writeable comtypes cache directory: 'C:\Users\EXPRESS\AppData\Roaming\Python\Python313\site-packages\comtypes\gen'
2026-06-27 14:25:58,123 - DEBUG - GetModule(qedit.dll), resolved: False
2026-06-27 14:25:58,124 - DEBUG - GetModule(TLIBATTR(GUID={78530B68-61F9-11D2-8CAD-00A024580902}, Version=1.0, LCID=0, FLags=0x8))
2026-06-27 14:25:58,148 - DEBUG - Release <POINTER(ITypeLib) ptr=0x27bef4590f0 at 27bf2051c50>
2026-06-27 14:25:58,148 - DEBUG - GetModule(quartz.dll), resolved: False
2026-06-27 14:25:58,149 - DEBUG - GetModule(TLIBATTR(GUID={56A868B0-0AD4-11CE-B03A-0020AF0BA770}, Version=1.0, LCID=0, FLags=0x8))
2026-06-27 14:25:58,156 - DEBUG - Release <POINTER(ITypeLib) ptr=0x27bef4572b0 at 27bf2051b50>
2026-06-27 14:26:01,091 - INFO - UI load successful
2026-06-27 14:26:05,148 - INFO - Application closing. Turning off laser...
2026-06-27 14:26:05,160 - DEBUG - Calling CoUninitialize()
2026-06-27 14:26:05,160 - DEBUG - CoUninitialize() done.
2026-06-27 14:28:26,133 - DEBUG - OpenGL_accelerate module loaded
2026-06-27 14:28:26,143 - DEBUG - Using accelerated ArrayDatatype
2026-06-27 14:28:26,365 - DEBUG - CoInitializeEx(None, 2)
2026-06-27 14:28:26,404 - INFO - Imported existing <module 'comtypes.gen' from 'C:\\Users\\EXPRESS\\AppData\\Roaming\\Python\\Python313\\site-packages\\comtypes\\gen\\__init__.py'>
2026-06-27 14:28:26,404 - INFO - Using writeable comtypes cache directory: 'C:\Users\EXPRESS\AppData\Roaming\Python\Python313\site-packages\comtypes\gen'
2026-06-27 14:28:26,410 - DEBUG - GetModule(qedit.dll), resolved: False
2026-06-27 14:28:26,411 - DEBUG - GetModule(TLIBATTR(GUID={78530B68-61F9-11D2-8CAD-00A024580902}, Version=1.0, LCID=0, FLags=0x8))
2026-06-27 14:28:26,436 - DEBUG - Release <POINTER(ITypeLib) ptr=0x21e48544350 at 21e4b569b50>
2026-06-27 14:28:26,436 - DEBUG - GetModule(quartz.dll), resolved: False
2026-06-27 14:28:26,437 - DEBUG - GetModule(TLIBATTR(GUID={56A868B0-0AD4-11CE-B03A-0020AF0BA770}, Version=1.0, LCID=0, FLags=0x8))
2026-06-27 14:28:26,444 - DEBUG - Release <POINTER(ITypeLib) ptr=0x21e48544350 at 21e4b569a50>
2026-06-27 14:28:29,376 - INFO - UI load successful
2026-06-27 14:28:34,932 - INFO - Galvo Laser Shutdown
2026-06-27 14:28:34,933 - CRITICAL - Laser 1 : OFF
2026-06-27 14:28:34,933 - CRITICAL - Laser 2 : OFF
2026-06-27 14:28:34,933 - INFO - Stepper Lasers Shutdown
2026-06-27 14:28:34,933 - INFO - COM connection close successfully
2026-06-27 14:28:34,933 - INFO - Main window close successfully
2026-06-27 14:28:34,933 - INFO - ==================================================
2026-06-27 14:28:34,933 - INFO - New session close at 2026-06-27 14:28
2026-06-27 14:28:34,933 - INFO - ==================================================
2026-06-27 14:28:34,944 - DEBUG - Calling CoUninitialize()
2026-06-27 14:28:34,944 - DEBUG - CoUninitialize() done.
2026-06-27 14:28:57,236 - DEBUG - OpenGL_accelerate module loaded
2026-06-27 14:28:57,247 - DEBUG - Using accelerated ArrayDatatype
2026-06-27 14:28:57,462 - DEBUG - CoInitializeEx(None, 2)
2026-06-27 14:28:57,501 - INFO - Imported existing <module 'comtypes.gen' from 'C:\\Users\\EXPRESS\\AppData\\Roaming\\Python\\Python313\\site-packages\\comtypes\\gen\\__init__.py'>
2026-06-27 14:28:57,501 - INFO - Using writeable comtypes cache directory: 'C:\Users\EXPRESS\AppData\Roaming\Python\Python313\site-packages\comtypes\gen'
2026-06-27 14:28:57,507 - DEBUG - GetModule(qedit.dll), resolved: False
2026-06-27 14:28:57,508 - DEBUG - GetModule(TLIBATTR(GUID={78530B68-61F9-11D2-8CAD-00A024580902}, Version=1.0, LCID=0, FLags=0x8))
2026-06-27 14:28:57,531 - DEBUG - Release <POINTER(ITypeLib) ptr=0x166d75e96d0 at 166d9d11b50>
2026-06-27 14:28:57,532 - DEBUG - GetModule(quartz.dll), resolved: False
2026-06-27 14:28:57,532 - DEBUG - GetModule(TLIBATTR(GUID={56A868B0-0AD4-11CE-B03A-0020AF0BA770}, Version=1.0, LCID=0, FLags=0x8))
2026-06-27 14:28:57,539 - DEBUG - Release <POINTER(ITypeLib) ptr=0x166d75ea1d0 at 166d9d11a50>
2026-06-27 14:29:00,478 - INFO - UI load successful
2026-06-27 14:29:15,022 - INFO - Galvo Laser Shutdown
2026-06-27 14:29:15,023 - CRITICAL - Laser 1 : OFF
2026-06-27 14:29:15,023 - CRITICAL - Laser 2 : OFF
2026-06-27 14:29:15,023 - INFO - Stepper Lasers Shutdown
2026-06-27 14:29:15,023 - INFO - COM connection close successfully
2026-06-27 14:29:15,023 - INFO - Main window close successfully
2026-06-27 14:29:15,023 - INFO - ==================================================
2026-06-27 14:29:15,023 - INFO - New session close at 2026-06-27 14:29
2026-06-27 14:29:15,024 - INFO - ==================================================
2026-06-27 14:29:15,035 - DEBUG - Calling CoUninitialize()
2026-06-27 14:29:15,035 - DEBUG - CoUninitialize() done.
2026-06-27 14:34:33,047 - DEBUG - OpenGL_accelerate module loaded
2026-06-27 14:34:33,059 - DEBUG - Using accelerated ArrayDatatype
2026-06-27 14:34:33,282 - DEBUG - CoInitializeEx(None, 2)
2026-06-27 14:34:33,324 - INFO - Imported existing <module 'comtypes.gen' from 'C:\\Users\\EXPRESS\\AppData\\Roaming\\Python\\Python313\\site-packages\\comtypes\\gen\\__init__.py'>
2026-06-27 14:34:33,324 - INFO - Using writeable comtypes cache directory: 'C:\Users\EXPRESS\AppData\Roaming\Python\Python313\site-packages\comtypes\gen'
2026-06-27 14:34:33,329 - DEBUG - GetModule(qedit.dll), resolved: False
2026-06-27 14:34:33,331 - DEBUG - GetModule(TLIBATTR(GUID={78530B68-61F9-11D2-8CAD-00A024580902}, Version=1.0, LCID=0, FLags=0x8))
2026-06-27 14:34:33,355 - DEBUG - Release <POINTER(ITypeLib) ptr=0x241a618b9b0 at 241a8cc5b50>
2026-06-27 14:34:33,356 - DEBUG - GetModule(quartz.dll), resolved: False
2026-06-27 14:34:33,356 - DEBUG - GetModule(TLIBATTR(GUID={56A868B0-0AD4-11CE-B03A-0020AF0BA770}, Version=1.0, LCID=0, FLags=0x8))
2026-06-27 14:34:33,363 - DEBUG - Release <POINTER(ITypeLib) ptr=0x241a618a930 at 241a8cc5a50>
2026-06-27 14:34:36,300 - INFO - UI load successful
2026-06-27 14:36:13,506 - INFO - Galvo Laser Shutdown
2026-06-27 14:36:13,506 - CRITICAL - Laser 1 : OFF
2026-06-27 14:36:13,507 - CRITICAL - Laser 2 : OFF
2026-06-27 14:36:13,507 - INFO - Stepper Lasers Shutdown
2026-06-27 14:36:13,507 - INFO - COM connection close successfully
2026-06-27 14:36:13,507 - INFO - Main window close successfully
2026-06-27 14:36:13,507 - INFO - ==================================================
2026-06-27 14:36:13,507 - INFO - New session close at 2026-06-27 14:36
2026-06-27 14:36:13,507 - INFO - ==================================================
2026-06-27 14:36:13,515 - DEBUG - Calling CoUninitialize()
2026-06-27 14:36:13,516 - DEBUG - CoUninitialize() done.
2026-06-27 14:44:27,004 - DEBUG - OpenGL_accelerate module loaded
2026-06-27 14:44:27,015 - DEBUG - Using accelerated ArrayDatatype
2026-06-27 14:44:27,247 - DEBUG - CoInitializeEx(None, 2)
2026-06-27 14:44:27,289 - INFO - Imported existing <module 'comtypes.gen' from 'C:\\Users\\EXPRESS\\AppData\\Roaming\\Python\\Python313\\site-packages\\comtypes\\gen\\__init__.py'>
2026-06-27 14:44:27,289 - INFO - Using writeable comtypes cache directory: 'C:\Users\EXPRESS\AppData\Roaming\Python\Python313\site-packages\comtypes\gen'
2026-06-27 14:44:27,295 - DEBUG - GetModule(qedit.dll), resolved: False
2026-06-27 14:44:27,339 - DEBUG - GetModule(TLIBATTR(GUID={78530B68-61F9-11D2-8CAD-00A024580902}, Version=1.0, LCID=0, FLags=0x8))
2026-06-27 14:44:27,370 - DEBUG - Release <POINTER(ITypeLib) ptr=0x232537b5b30 at 232696a5cd0>
2026-06-27 14:44:27,370 - DEBUG - GetModule(quartz.dll), resolved: False
2026-06-27 14:44:27,371 - DEBUG - GetModule(TLIBATTR(GUID={56A868B0-0AD4-11CE-B03A-0020AF0BA770}, Version=1.0, LCID=0, FLags=0x8))
2026-06-27 14:44:27,379 - DEBUG - Release <POINTER(ITypeLib) ptr=0x232537b4d70 at 232696a5bd0>
2026-06-27 14:44:30,322 - INFO - UI load successful
2026-06-27 14:44:45,650 - INFO - Galvo Laser Shutdown
2026-06-27 14:44:45,650 - CRITICAL - Laser 1 : OFF
2026-06-27 14:44:45,651 - CRITICAL - Laser 2 : OFF
2026-06-27 14:44:45,651 - INFO - Stepper Lasers Shutdown
2026-06-27 14:44:45,651 - INFO - COM connection close successfully
2026-06-27 14:44:45,651 - INFO - Main window close successfully
2026-06-27 14:44:45,651 - INFO - ==================================================
2026-06-27 14:44:45,651 - INFO - New session close at 2026-06-27 14:44
2026-06-27 14:44:45,651 - INFO - ==================================================
2026-06-27 14:44:45,660 - DEBUG - Calling CoUninitialize()
2026-06-27 14:44:45,660 - DEBUG - CoUninitialize() done.
2026-06-27 14:49:57,607 - DEBUG - OpenGL_accelerate module loaded
2026-06-27 14:49:57,663 - DEBUG - Using accelerated ArrayDatatype
2026-06-27 14:49:58,572 - DEBUG - CoInitializeEx(None, 2)
2026-06-27 14:49:58,675 - INFO - Imported existing <module 'comtypes.gen' from 'C:\\Users\\EXPRESS\\AppData\\Roaming\\Python\\Python313\\site-packages\\comtypes\\gen\\__init__.py'>
2026-06-27 14:49:58,675 - INFO - Using writeable comtypes cache directory: 'C:\Users\EXPRESS\AppData\Roaming\Python\Python313\site-packages\comtypes\gen'
2026-06-27 14:49:58,687 - DEBUG - GetModule(qedit.dll), resolved: False
2026-06-27 14:49:58,701 - DEBUG - GetModule(TLIBATTR(GUID={78530B68-61F9-11D2-8CAD-00A024580902}, Version=1.0, LCID=0, FLags=0x8))
2026-06-27 14:49:58,742 - DEBUG - Release <POINTER(ITypeLib) ptr=0x1c559b903f0 at 1c55c665d50>
2026-06-27 14:49:58,743 - DEBUG - GetModule(quartz.dll), resolved: False
2026-06-27 14:49:58,753 - DEBUG - GetModule(TLIBATTR(GUID={56A868B0-0AD4-11CE-B03A-0020AF0BA770}, Version=1.0, LCID=0, FLags=0x8))
2026-06-27 14:49:58,761 - DEBUG - Release <POINTER(ITypeLib) ptr=0x1c559b906b0 at 1c55c665c50>
2026-06-27 14:50:03,118 - INFO - UI load successful
2026-06-27 14:54:24,527 - INFO - Galvo Laser Shutdown
2026-06-27 14:54:24,573 - CRITICAL - Laser 1 : OFF
2026-06-27 14:54:24,573 - CRITICAL - Laser 2 : OFF
2026-06-27 14:54:24,573 - INFO - Stepper Lasers Shutdown
2026-06-27 14:54:24,573 - INFO - COM connection close successfully
2026-06-27 14:54:24,573 - INFO - Main window close successfully
2026-06-27 14:54:24,576 - INFO - ==================================================
2026-06-27 14:54:24,577 - INFO - New session close at 2026-06-27 14:54
2026-06-27 14:54:24,577 - INFO - ==================================================
2026-06-27 14:54:24,588 - DEBUG - Calling CoUninitialize()
2026-06-27 14:54:24,588 - DEBUG - CoUninitialize() done.
2026-06-27 15:33:07,019 - DEBUG - OpenGL_accelerate module loaded
2026-06-27 15:33:07,076 - DEBUG - Using accelerated ArrayDatatype
2026-06-27 15:33:07,623 - DEBUG - CoInitializeEx(None, 2)
2026-06-27 15:33:07,734 - INFO - Imported existing <module 'comtypes.gen' from 'C:\\Users\\EXPRESS\\AppData\\Roaming\\Python\\Python313\\site-packages\\comtypes\\gen\\__init__.py'>
2026-06-27 15:33:07,734 - INFO - Using writeable comtypes cache directory: 'C:\Users\EXPRESS\AppData\Roaming\Python\Python313\site-packages\comtypes\gen'
2026-06-27 15:33:07,744 - DEBUG - GetModule(qedit.dll), resolved: False
2026-06-27 15:33:07,762 - DEBUG - GetModule(TLIBATTR(GUID={78530B68-61F9-11D2-8CAD-00A024580902}, Version=1.0, LCID=0, FLags=0x8))
2026-06-27 15:33:07,803 - DEBUG - Release <POINTER(ITypeLib) ptr=0x23d1b1ae900 at 23d31075bd0>
2026-06-27 15:33:07,803 - DEBUG - GetModule(quartz.dll), resolved: False
2026-06-27 15:33:07,812 - DEBUG - GetModule(TLIBATTR(GUID={56A868B0-0AD4-11CE-B03A-0020AF0BA770}, Version=1.0, LCID=0, FLags=0x8))
2026-06-27 15:33:07,820 - DEBUG - Release <POINTER(ITypeLib) ptr=0x23d1b1ae900 at 23d31075ad0>
2026-06-27 15:33:10,156 - INFO - UI load successful
2026-06-27 15:33:22,004 - CRITICAL - Laser 1 : OFF
2026-06-27 15:33:22,004 - CRITICAL - Laser 2 : OFF
2026-06-27 15:33:22,004 - INFO - Stepper Lasers Shutdown
2026-06-27 15:33:22,005 - INFO - COM connection close successfully
2026-06-27 15:33:22,005 - INFO - Main window close successfully
2026-06-27 15:33:22,005 - INFO - ==================================================
2026-06-27 15:33:22,005 - INFO - New session close at 2026-06-27 15:33
2026-06-27 15:33:22,005 - INFO - ==================================================
2026-06-27 15:33:22,036 - DEBUG - Calling CoUninitialize()
2026-06-27 15:33:22,037 - DEBUG - CoUninitialize() done.
2026-06-27 15:33:33,931 - DEBUG - OpenGL_accelerate module loaded
2026-06-27 15:33:33,940 - DEBUG - Using accelerated ArrayDatatype
2026-06-27 15:33:34,152 - DEBUG - CoInitializeEx(None, 2)
2026-06-27 15:33:34,193 - INFO - Imported existing <module 'comtypes.gen' from 'C:\\Users\\EXPRESS\\AppData\\Roaming\\Python\\Python313\\site-packages\\comtypes\\gen\\__init__.py'>
2026-06-27 15:33:34,194 - INFO - Using writeable comtypes cache directory: 'C:\Users\EXPRESS\AppData\Roaming\Python\Python313\site-packages\comtypes\gen'
2026-06-27 15:33:34,199 - DEBUG - GetModule(qedit.dll), resolved: False
2026-06-27 15:33:34,201 - DEBUG - GetModule(TLIBATTR(GUID={78530B68-61F9-11D2-8CAD-00A024580902}, Version=1.0, LCID=0, FLags=0x8))
2026-06-27 15:33:34,224 - DEBUG - Release <POINTER(ITypeLib) ptr=0x22e421f78f0 at 22e44cc5bd0>
2026-06-27 15:33:34,225 - DEBUG - GetModule(quartz.dll), resolved: False
2026-06-27 15:33:34,225 - DEBUG - GetModule(TLIBATTR(GUID={56A868B0-0AD4-11CE-B03A-0020AF0BA770}, Version=1.0, LCID=0, FLags=0x8))
2026-06-27 15:33:34,232 - DEBUG - Release <POINTER(ITypeLib) ptr=0x22e421f8130 at 22e44cc5ad0>
2026-06-27 15:33:34,474 - INFO - UI load successful
2026-06-27 15:33:52,254 - CRITICAL - Laser 1 : OFF
2026-06-27 15:33:52,255 - CRITICAL - Laser 2 : OFF
2026-06-27 15:33:52,255 - INFO - Stepper Lasers Shutdown
2026-06-27 15:33:52,255 - INFO - COM connection close successfully
2026-06-27 15:33:52,255 - INFO - Main window close successfully
2026-06-27 15:33:52,255 - INFO - ==================================================
2026-06-27 15:33:52,255 - INFO - New session close at 2026-06-27 15:33
2026-06-27 15:33:52,255 - INFO - ==================================================
2026-06-27 15:33:52,267 - DEBUG - Calling CoUninitialize()
2026-06-27 15:33:52,267 - DEBUG - CoUninitialize() done.
2026-06-27 15:49:47,905 - DEBUG - OpenGL_accelerate module loaded
2026-06-27 15:49:47,916 - DEBUG - Using accelerated ArrayDatatype
2026-06-27 15:49:48,153 - DEBUG - CoInitializeEx(None, 2)
2026-06-27 15:49:48,195 - INFO - Imported existing <module 'comtypes.gen' from 'C:\\Users\\EXPRESS\\AppData\\Roaming\\Python\\Python313\\site-packages\\comtypes\\gen\\__init__.py'>
2026-06-27 15:49:48,195 - INFO - Using writeable comtypes cache directory: 'C:\Users\EXPRESS\AppData\Roaming\Python\Python313\site-packages\comtypes\gen'
2026-06-27 15:49:48,201 - DEBUG - GetModule(qedit.dll), resolved: False
2026-06-27 15:49:48,202 - DEBUG - GetModule(TLIBATTR(GUID={78530B68-61F9-11D2-8CAD-00A024580902}, Version=1.0, LCID=0, FLags=0x8))
2026-06-27 15:49:48,229 - DEBUG - Release <POINTER(ITypeLib) ptr=0x23dfcf92830 at 23dfff05bd0>
2026-06-27 15:49:48,230 - DEBUG - GetModule(quartz.dll), resolved: False
2026-06-27 15:49:48,230 - DEBUG - GetModule(TLIBATTR(GUID={56A868B0-0AD4-11CE-B03A-0020AF0BA770}, Version=1.0, LCID=0, FLags=0x8))
2026-06-27 15:49:48,238 - DEBUG - Release <POINTER(ITypeLib) ptr=0x23dfcf961f0 at 23dfff05ad0>
2026-06-27 15:49:48,500 - INFO - UI load successful
2026-06-27 15:54:13,772 - CRITICAL - Laser 1 : OFF
2026-06-27 15:54:13,773 - CRITICAL - Laser 2 : OFF
2026-06-27 15:54:13,773 - INFO - Stepper Lasers Shutdown
2026-06-27 15:54:13,773 - INFO - COM connection close successfully
2026-06-27 15:54:13,773 - INFO - Main window close successfully
2026-06-27 15:54:13,773 - INFO - ==================================================
2026-06-27 15:54:13,773 - INFO - New session close at 2026-06-27 15:54
2026-06-27 15:54:13,773 - INFO - ==================================================
2026-06-27 15:54:13,784 - DEBUG - Calling CoUninitialize()
2026-06-27 15:54:13,785 - DEBUG - CoUninitialize() done.
2026-06-29 10:58:17,474 - DEBUG - OpenGL_accelerate module loaded
2026-06-29 10:58:17,610 - DEBUG - Using accelerated ArrayDatatype
2026-06-29 10:58:19,719 - DEBUG - CoInitializeEx(None, 2)
2026-06-29 10:58:20,076 - INFO - Imported existing <module 'comtypes.gen' from 'C:\\Users\\EXPRESS\\AppData\\Roaming\\Python\\Python313\\site-packages\\comtypes\\gen\\__init__.py'>
2026-06-29 10:58:20,076 - INFO - Using writeable comtypes cache directory: 'C:\Users\EXPRESS\AppData\Roaming\Python\Python313\site-packages\comtypes\gen'
2026-06-29 10:58:20,121 - DEBUG - GetModule(qedit.dll), resolved: False
2026-06-29 10:58:20,124 - DEBUG - GetModule(TLIBATTR(GUID={78530B68-61F9-11D2-8CAD-00A024580902}, Version=1.0, LCID=0, FLags=0x8))
2026-06-29 10:58:20,184 - DEBUG - Release <POINTER(ITypeLib) ptr=0x2595e6d5800 at 25961305bd0>
2026-06-29 10:58:20,184 - DEBUG - GetModule(quartz.dll), resolved: False
2026-06-29 10:58:20,188 - DEBUG - GetModule(TLIBATTR(GUID={56A868B0-0AD4-11CE-B03A-0020AF0BA770}, Version=1.0, LCID=0, FLags=0x8))
2026-06-29 10:58:20,225 - DEBUG - Release <POINTER(ITypeLib) ptr=0x2595e6d5800 at 25961305ad0>
2026-06-29 10:58:21,316 - INFO - UI load successful
2026-06-29 12:37:39,831 - INFO - Profile : Supervisor
2026-06-29 12:38:34,183 - CRITICAL - Laser 1 : OFF
2026-06-29 12:38:34,184 - CRITICAL - Laser 2 : OFF
2026-06-29 12:38:34,184 - INFO - Stepper Lasers Shutdown
2026-06-29 12:38:34,184 - INFO - COM connection close successfully
2026-06-29 12:38:34,184 - INFO - Main window close successfully
2026-06-29 12:38:34,184 - INFO - ==================================================
2026-06-29 12:38:34,185 - INFO - New session close at 2026-06-29 12:38
2026-06-29 12:38:34,185 - INFO - ==================================================
2026-06-29 12:38:34,204 - DEBUG - Calling CoUninitialize()
2026-06-29 12:38:34,204 - DEBUG - CoUninitialize() done.
2026-06-29 12:38:39,015 - DEBUG - OpenGL_accelerate module loaded
2026-06-29 12:38:39,041 - DEBUG - Using accelerated ArrayDatatype
2026-06-29 12:38:39,541 - DEBUG - CoInitializeEx(None, 2)
2026-06-29 12:38:39,645 - INFO - Imported existing <module 'comtypes.gen' from 'C:\\Users\\EXPRESS\\AppData\\Roaming\\Python\\Python313\\site-packages\\comtypes\\gen\\__init__.py'>
2026-06-29 12:38:39,645 - INFO - Using writeable comtypes cache directory: 'C:\Users\EXPRESS\AppData\Roaming\Python\Python313\site-packages\comtypes\gen'
2026-06-29 12:38:39,657 - DEBUG - GetModule(qedit.dll), resolved: False
2026-06-29 12:38:39,670 - DEBUG - GetModule(TLIBATTR(GUID={78530B68-61F9-11D2-8CAD-00A024580902}, Version=1.0, LCID=0, FLags=0x8))
2026-06-29 12:38:39,707 - DEBUG - Release <POINTER(ITypeLib) ptr=0x198b8c0b840 at 198bb845bd0>
2026-06-29 12:38:39,708 - DEBUG - GetModule(quartz.dll), resolved: False
2026-06-29 12:38:39,718 - DEBUG - GetModule(TLIBATTR(GUID={56A868B0-0AD4-11CE-B03A-0020AF0BA770}, Version=1.0, LCID=0, FLags=0x8))
2026-06-29 12:38:39,728 - DEBUG - Release <POINTER(ITypeLib) ptr=0x198b8c0d680 at 198bb845ad0>
2026-06-29 12:38:42,489 - INFO - UI load successful
2026-06-29 12:40:09,365 - INFO - File selected : D:/TeamDev/DLL_Galvo/Galvo_Scribing/ide2.svg
2026-06-29 12:40:19,684 - INFO - Parameters saved for D:/TeamDev/DLL_Galvo/Galvo_Scribing/ide2.svg
2026-06-29 12:56:40,262 - INFO - Galvo Laser Shutdown
2026-06-29 12:56:40,263 - CRITICAL - Laser 1 : OFF
2026-06-29 12:56:40,263 - CRITICAL - Laser 2 : OFF
2026-06-29 12:56:40,263 - INFO - Stepper Lasers Shutdown
2026-06-29 12:56:40,263 - INFO - COM connection close successfully
2026-06-29 12:56:40,263 - INFO - Main window close successfully
2026-06-29 12:56:40,263 - INFO - ==================================================
2026-06-29 12:56:40,263 - INFO - New session close at 2026-06-29 12:56
2026-06-29 12:56:40,264 - INFO - ==================================================
2026-06-29 12:56:40,275 - DEBUG - Calling CoUninitialize()
2026-06-29 12:56:40,276 - DEBUG - CoUninitialize() done.
2026-06-30 13:00:31,635 - DEBUG - OpenGL_accelerate module loaded
2026-06-30 13:00:31,765 - DEBUG - Using accelerated ArrayDatatype
2026-06-30 13:00:33,808 - DEBUG - CoInitializeEx(None, 2)
2026-06-30 13:00:34,142 - INFO - Imported existing <module 'comtypes.gen' from 'C:\\Users\\EXPRESS\\AppData\\Roaming\\Python\\Python313\\site-packages\\comtypes\\gen\\__init__.py'>
2026-06-30 13:00:34,142 - INFO - Using writeable comtypes cache directory: 'C:\Users\EXPRESS\AppData\Roaming\Python\Python313\site-packages\comtypes\gen'
2026-06-30 13:00:34,186 - DEBUG - GetModule(qedit.dll), resolved: False
2026-06-30 13:00:34,189 - DEBUG - GetModule(TLIBATTR(GUID={78530B68-61F9-11D2-8CAD-00A024580902}, Version=1.0, LCID=0, FLags=0x8))
2026-06-30 13:00:34,245 - DEBUG - Release <POINTER(ITypeLib) ptr=0x24eda605bd0 at 24edd355bd0>
2026-06-30 13:00:34,246 - DEBUG - GetModule(quartz.dll), resolved: False
2026-06-30 13:00:34,248 - DEBUG - GetModule(TLIBATTR(GUID={56A868B0-0AD4-11CE-B03A-0020AF0BA770}, Version=1.0, LCID=0, FLags=0x8))
2026-06-30 13:00:34,271 - DEBUG - Release <POINTER(ITypeLib) ptr=0x24eda605bd0 at 24edd355ad0>
2026-06-30 13:00:37,541 - INFO - UI load successful
2026-06-30 13:06:24,358 - INFO - File selected : D:/TeamDev/DLL_Galvo/Galvo_Scribing/ide2.svg
2026-06-30 13:06:32,174 - INFO - Parameters saved for D:/TeamDev/DLL_Galvo/Galvo_Scribing/ide2.svg
2026-06-30 13:07:16,267 - INFO - Parameters saved for D:/TeamDev/DLL_Galvo/Galvo_Scribing/ide2.svg
2026-06-30 13:21:27,969 - DEBUG - OpenGL_accelerate module loaded
2026-06-30 13:21:28,003 - DEBUG - Using accelerated ArrayDatatype
2026-06-30 13:21:28,388 - DEBUG - CoInitializeEx(None, 2)
2026-06-30 13:21:28,456 - INFO - Imported existing <module 'comtypes.gen' from 'C:\\Users\\EXPRESS\\AppData\\Roaming\\Python\\Python313\\site-packages\\comtypes\\gen\\__init__.py'>
2026-06-30 13:21:28,456 - INFO - Using writeable comtypes cache directory: 'C:\Users\EXPRESS\AppData\Roaming\Python\Python313\site-packages\comtypes\gen'
2026-06-30 13:21:28,463 - DEBUG - GetModule(qedit.dll), resolved: False
2026-06-30 13:21:28,471 - DEBUG - GetModule(TLIBATTR(GUID={78530B68-61F9-11D2-8CAD-00A024580902}, Version=1.0, LCID=0, FLags=0x8))
2026-06-30 13:21:28,507 - DEBUG - Release <POINTER(ITypeLib) ptr=0x2b812c074c0 at 2b8157d9dd0>
2026-06-30 13:21:28,508 - DEBUG - GetModule(quartz.dll), resolved: False
2026-06-30 13:21:28,512 - DEBUG - GetModule(TLIBATTR(GUID={56A868B0-0AD4-11CE-B03A-0020AF0BA770}, Version=1.0, LCID=0, FLags=0x8))
2026-06-30 13:21:28,521 - DEBUG - Release <POINTER(ITypeLib) ptr=0x2b812c05680 at 2b8157d9cd0>
2026-06-30 13:21:31,897 - INFO - UI load successful
2026-06-30 13:21:55,599 - INFO - File selected : D:/TeamDev/DLL_Galvo/Galvo_Scribing/ide2.svg
2026-06-30 13:22:01,366 - INFO - Parameters saved for D:/TeamDev/DLL_Galvo/Galvo_Scribing/ide2.svg
2026-06-30 13:22:53,852 - INFO - Parameters saved for D:/TeamDev/DLL_Galvo/Galvo_Scribing/ide2.svg
2026-06-30 13:23:12,650 - CRITICAL - Laser 1 : OFF
2026-06-30 13:23:12,650 - CRITICAL - Laser 2 : OFF
2026-06-30 13:23:12,650 - INFO - Stepper Lasers Shutdown
2026-06-30 13:23:12,650 - INFO - COM connection close successfully
2026-06-30 13:23:12,650 - INFO - Main window close successfully
2026-06-30 13:23:12,651 - INFO - ==================================================
2026-06-30 13:23:12,651 - INFO - New session close at 2026-06-30 13:23
2026-06-30 13:23:12,651 - INFO - ==================================================
2026-06-30 13:23:12,666 - DEBUG - Calling CoUninitialize()
2026-06-30 13:23:12,667 - DEBUG - CoUninitialize() done.
2026-06-30 13:23:19,203 - DEBUG - OpenGL_accelerate module loaded
2026-06-30 13:23:19,214 - DEBUG - Using accelerated ArrayDatatype
2026-06-30 13:23:19,425 - DEBUG - CoInitializeEx(None, 2)
2026-06-30 13:23:19,467 - INFO - Imported existing <module 'comtypes.gen' from 'C:\\Users\\EXPRESS\\AppData\\Roaming\\Python\\Python313\\site-packages\\comtypes\\gen\\__init__.py'>
2026-06-30 13:23:19,467 - INFO - Using writeable comtypes cache directory: 'C:\Users\EXPRESS\AppData\Roaming\Python\Python313\site-packages\comtypes\gen'
2026-06-30 13:23:19,472 - DEBUG - GetModule(qedit.dll), resolved: False
2026-06-30 13:23:19,474 - DEBUG - GetModule(TLIBATTR(GUID={78530B68-61F9-11D2-8CAD-00A024580902}, Version=1.0, LCID=0, FLags=0x8))
2026-06-30 13:23:19,498 - DEBUG - Release <POINTER(ITypeLib) ptr=0x16679aec6c0 at 1667c895c50>
2026-06-30 13:23:19,499 - DEBUG - GetModule(quartz.dll), resolved: False
2026-06-30 13:23:19,499 - DEBUG - GetModule(TLIBATTR(GUID={56A868B0-0AD4-11CE-B03A-0020AF0BA770}, Version=1.0, LCID=0, FLags=0x8))
2026-06-30 13:23:19,506 - DEBUG - Release <POINTER(ITypeLib) ptr=0x16679aec6c0 at 1667c895b50>
2026-06-30 13:23:22,116 - INFO - UI load successful
2026-06-30 13:29:12,058 - DEBUG - OpenGL_accelerate module loaded
2026-06-30 13:29:12,069 - DEBUG - Using accelerated ArrayDatatype
2026-06-30 13:29:12,296 - DEBUG - CoInitializeEx(None, 2)
2026-06-30 13:29:12,338 - INFO - Imported existing <module 'comtypes.gen' from 'C:\\Users\\EXPRESS\\AppData\\Roaming\\Python\\Python313\\site-packages\\comtypes\\gen\\__init__.py'>
2026-06-30 13:29:12,338 - INFO - Using writeable comtypes cache directory: 'C:\Users\EXPRESS\AppData\Roaming\Python\Python313\site-packages\comtypes\gen'
2026-06-30 13:29:12,343 - DEBUG - GetModule(qedit.dll), resolved: False
2026-06-30 13:29:12,345 - DEBUG - GetModule(TLIBATTR(GUID={78530B68-61F9-11D2-8CAD-00A024580902}, Version=1.0, LCID=0, FLags=0x8))
2026-06-30 13:29:12,369 - DEBUG - Release <POINTER(ITypeLib) ptr=0x19d136b2c10 at 19d16195e50>
2026-06-30 13:29:12,370 - DEBUG - GetModule(quartz.dll), resolved: False
2026-06-30 13:29:12,370 - DEBUG - GetModule(TLIBATTR(GUID={56A868B0-0AD4-11CE-B03A-0020AF0BA770}, Version=1.0, LCID=0, FLags=0x8))
2026-06-30 13:29:12,378 - DEBUG - Release <POINTER(ITypeLib) ptr=0x19d136b4fd0 at 19d16195d50>
2026-06-30 13:29:14,934 - INFO - UI load successful
2026-06-30 13:29:40,397 - INFO - File selected : D:/TeamDev/DLL_Galvo/Galvo_Scribing/ide2.svg
2026-06-30 13:29:42,309 - INFO - Parameters saved for D:/TeamDev/DLL_Galvo/Galvo_Scribing/ide2.svg
2026-06-30 13:30:10,621 - CRITICAL - Laser 1 : OFF
2026-06-30 13:30:10,621 - CRITICAL - Laser 2 : OFF
2026-06-30 13:30:10,621 - INFO - Stepper Lasers Shutdown
2026-06-30 13:30:10,621 - INFO - COM connection close successfully
2026-06-30 13:30:10,621 - INFO - Main window close successfully
2026-06-30 13:30:10,621 - INFO - ==================================================
2026-06-30 13:30:10,621 - INFO - New session close at 2026-06-30 13:30
2026-06-30 13:30:10,621 - INFO - ==================================================
2026-06-30 13:30:10,633 - DEBUG - Calling CoUninitialize()
2026-06-30 13:30:10,633 - DEBUG - CoUninitialize() done.
2026-06-30 13:44:36,228 - DEBUG - OpenGL_accelerate module loaded
2026-06-30 13:44:36,239 - DEBUG - Using accelerated ArrayDatatype
2026-06-30 13:44:36,469 - DEBUG - CoInitializeEx(None, 2)
2026-06-30 13:44:36,512 - INFO - Imported existing <module 'comtypes.gen' from 'C:\\Users\\EXPRESS\\AppData\\Roaming\\Python\\Python313\\site-packages\\comtypes\\gen\\__init__.py'>
2026-06-30 13:44:36,512 - INFO - Using writeable comtypes cache directory: 'C:\Users\EXPRESS\AppData\Roaming\Python\Python313\site-packages\comtypes\gen'
2026-06-30 13:44:36,518 - DEBUG - GetModule(qedit.dll), resolved: False
2026-06-30 13:44:36,519 - DEBUG - GetModule(TLIBATTR(GUID={78530B68-61F9-11D2-8CAD-00A024580902}, Version=1.0, LCID=0, FLags=0x8))
2026-06-30 13:44:36,544 - DEBUG - Release <POINTER(ITypeLib) ptr=0x1efe819d750 at 1efeadd5dd0>
2026-06-30 13:44:36,544 - DEBUG - GetModule(quartz.dll), resolved: False
2026-06-30 13:44:36,545 - DEBUG - GetModule(TLIBATTR(GUID={56A868B0-0AD4-11CE-B03A-0020AF0BA770}, Version=1.0, LCID=0, FLags=0x8))
2026-06-30 13:44:36,553 - DEBUG - Release <POINTER(ITypeLib) ptr=0x1efe819b650 at 1efeadd5cd0>
2026-06-30 13:44:39,098 - INFO - UI load successful
2026-06-30 13:56:17,350 - DEBUG - OpenGL_accelerate module loaded
2026-06-30 13:56:17,377 - DEBUG - Using accelerated ArrayDatatype
2026-06-30 13:56:17,875 - DEBUG - CoInitializeEx(None, 2)
2026-06-30 13:56:17,986 - INFO - Imported existing <module 'comtypes.gen' from 'C:\\Users\\EXPRESS\\AppData\\Roaming\\Python\\Python313\\site-packages\\comtypes\\gen\\__init__.py'>
2026-06-30 13:56:17,986 - INFO - Using writeable comtypes cache directory: 'C:\Users\EXPRESS\AppData\Roaming\Python\Python313\site-packages\comtypes\gen'
2026-06-30 13:56:17,999 - DEBUG - GetModule(qedit.dll), resolved: False
2026-06-30 13:56:18,016 - DEBUG - GetModule(TLIBATTR(GUID={78530B68-61F9-11D2-8CAD-00A024580902}, Version=1.0, LCID=0, FLags=0x8))
2026-06-30 13:56:18,086 - DEBUG - Release <POINTER(ITypeLib) ptr=0x2ddfbd086e0 at 2dd91c36150>
2026-06-30 13:56:18,086 - DEBUG - GetModule(quartz.dll), resolved: False
2026-06-30 13:56:18,087 - DEBUG - GetModule(TLIBATTR(GUID={56A868B0-0AD4-11CE-B03A-0020AF0BA770}, Version=1.0, LCID=0, FLags=0x8))
2026-06-30 13:56:18,096 - DEBUG - Release <POINTER(ITypeLib) ptr=0x2ddfbd06e20 at 2dd91c36050>
2026-06-30 13:56:20,865 - INFO - UI load successful
2026-06-30 13:56:52,713 - CRITICAL - Laser 1 : OFF
2026-06-30 13:56:52,714 - CRITICAL - Laser 2 : OFF
2026-06-30 13:56:52,714 - INFO - Stepper Lasers Shutdown
2026-06-30 13:56:52,714 - INFO - COM connection close successfully
2026-06-30 13:56:52,714 - INFO - Main window close successfully
2026-06-30 13:56:52,714 - INFO - ==================================================
2026-06-30 13:56:52,714 - INFO - New session close at 2026-06-30 13:56
2026-06-30 13:56:52,714 - INFO - ==================================================
2026-06-30 13:56:52,731 - DEBUG - Calling CoUninitialize()
2026-06-30 13:56:52,732 - DEBUG - CoUninitialize() done.
2026-06-30 13:57:00,841 - DEBUG - OpenGL_accelerate module loaded
2026-06-30 13:57:00,852 - DEBUG - Using accelerated ArrayDatatype
2026-06-30 13:57:01,088 - DEBUG - CoInitializeEx(None, 2)
2026-06-30 13:57:01,137 - INFO - Imported existing <module 'comtypes.gen' from 'C:\\Users\\EXPRESS\\AppData\\Roaming\\Python\\Python313\\site-packages\\comtypes\\gen\\__init__.py'>
2026-06-30 13:57:01,137 - INFO - Using writeable comtypes cache directory: 'C:\Users\EXPRESS\AppData\Roaming\Python\Python313\site-packages\comtypes\gen'
2026-06-30 13:57:01,143 - DEBUG - GetModule(qedit.dll), resolved: False
2026-06-30 13:57:01,144 - DEBUG - GetModule(TLIBATTR(GUID={78530B68-61F9-11D2-8CAD-00A024580902}, Version=1.0, LCID=0, FLags=0x8))
2026-06-30 13:57:01,169 - DEBUG - Release <POINTER(ITypeLib) ptr=0x290c53d49f0 at 290c7f76150>
2026-06-30 13:57:01,169 - DEBUG - GetModule(quartz.dll), resolved: False
2026-06-30 13:57:01,170 - DEBUG - GetModule(TLIBATTR(GUID={56A868B0-0AD4-11CE-B03A-0020AF0BA770}, Version=1.0, LCID=0, FLags=0x8))
2026-06-30 13:57:01,177 - DEBUG - Release <POINTER(ITypeLib) ptr=0x290c53d5d30 at 290c7f76050>
2026-06-30 13:57:03,715 - INFO - UI load successful
2026-06-30 13:57:56,265 - CRITICAL - Laser 1 : OFF
2026-06-30 13:57:56,265 - CRITICAL - Laser 2 : OFF
2026-06-30 13:57:56,265 - INFO - Stepper Lasers Shutdown
2026-06-30 13:57:56,265 - INFO - COM connection close successfully
2026-06-30 13:57:56,265 - INFO - Main window close successfully
2026-06-30 13:57:56,265 - INFO - ==================================================
2026-06-30 13:57:56,265 - INFO - New session close at 2026-06-30 13:57
2026-06-30 13:57:56,265 - INFO - ==================================================
2026-06-30 13:57:56,275 - DEBUG - Calling CoUninitialize()
2026-06-30 13:57:56,276 - DEBUG - CoUninitialize() done.
2026-06-30 14:56:34,188 - DEBUG - OpenGL_accelerate module loaded
2026-06-30 14:56:34,383 - DEBUG - Using accelerated ArrayDatatype
2026-06-30 14:56:35,964 - DEBUG - CoInitializeEx(None, 2)
2026-06-30 14:56:36,195 - INFO - Imported existing <module 'comtypes.gen' from 'C:\\Users\\EXPRESS\\AppData\\Roaming\\Python\\Python313\\site-packages\\comtypes\\gen\\__init__.py'>
2026-06-30 14:56:36,196 - INFO - Using writeable comtypes cache directory: 'C:\Users\EXPRESS\AppData\Roaming\Python\Python313\site-packages\comtypes\gen'
2026-06-30 14:56:36,222 - DEBUG - GetModule(qedit.dll), resolved: False
2026-06-30 14:56:36,225 - DEBUG - GetModule(TLIBATTR(GUID={78530B68-61F9-11D2-8CAD-00A024580902}, Version=1.0, LCID=0, FLags=0x8))
2026-06-30 14:56:36,279 - DEBUG - Release <POINTER(ITypeLib) ptr=0x1773ca2c100 at 1773f766150>
2026-06-30 14:56:36,279 - DEBUG - GetModule(quartz.dll), resolved: False
2026-06-30 14:56:36,281 - DEBUG - GetModule(TLIBATTR(GUID={56A868B0-0AD4-11CE-B03A-0020AF0BA770}, Version=1.0, LCID=0, FLags=0x8))
2026-06-30 14:56:36,303 - DEBUG - Release <POINTER(ITypeLib) ptr=0x1773ca2c940 at 1773f766050>
2026-06-30 14:56:37,239 - INFO - UI load successful
2026-06-30 15:05:35,315 - CRITICAL - Laser 1 : OFF
2026-06-30 15:05:35,315 - CRITICAL - Laser 2 : OFF
2026-06-30 15:05:35,315 - INFO - Stepper Lasers Shutdown
2026-06-30 15:05:35,315 - INFO - COM connection close successfully
2026-06-30 15:05:35,316 - INFO - Main window close successfully
2026-06-30 15:05:35,316 - INFO - ==================================================
2026-06-30 15:05:35,316 - INFO - New session close at 2026-06-30 15:05
2026-06-30 15:05:35,316 - INFO - ==================================================
2026-06-30 15:05:35,331 - DEBUG - Calling CoUninitialize()
2026-06-30 15:05:35,332 - DEBUG - CoUninitialize() done.
2026-06-30 15:11:27,096 - DEBUG - OpenGL_accelerate module loaded
2026-06-30 15:11:27,106 - DEBUG - Using accelerated ArrayDatatype
2026-06-30 15:11:27,327 - DEBUG - CoInitializeEx(None, 2)
2026-06-30 15:11:27,365 - INFO - Imported existing <module 'comtypes.gen' from 'C:\\Users\\EXPRESS\\AppData\\Roaming\\Python\\Python313\\site-packages\\comtypes\\gen\\__init__.py'>
2026-06-30 15:11:27,365 - INFO - Using writeable comtypes cache directory: 'C:\Users\EXPRESS\AppData\Roaming\Python\Python313\site-packages\comtypes\gen'
2026-06-30 15:11:27,371 - DEBUG - GetModule(qedit.dll), resolved: False
2026-06-30 15:11:27,372 - DEBUG - GetModule(TLIBATTR(GUID={78530B68-61F9-11D2-8CAD-00A024580902}, Version=1.0, LCID=0, FLags=0x8))
2026-06-30 15:11:27,395 - DEBUG - Release <POINTER(ITypeLib) ptr=0x2372562d250 at 237283a6150>
2026-06-30 15:11:27,396 - DEBUG - GetModule(quartz.dll), resolved: False
2026-06-30 15:11:27,396 - DEBUG - GetModule(TLIBATTR(GUID={56A868B0-0AD4-11CE-B03A-0020AF0BA770}, Version=1.0, LCID=0, FLags=0x8))
2026-06-30 15:11:27,403 - DEBUG - Release <POINTER(ITypeLib) ptr=0x2372562b990 at 237283a6050>
2026-06-30 15:11:30,018 - INFO - UI load successful
2026-06-30 15:11:30,397 - INFO - Com : com, Port : ['COM1', 'COM9', 'COM10'], Baud : ['9600', '57600', '115200', '250000']
2026-06-30 15:11:30,402 - ERROR - Error : Invalid Input > Kindly select a COM port.
2026-06-30 15:11:59,628 - DEBUG - {E436EBB3-524F-11CE-9F53-0020AF0BA770} -> {E436EBB3-524F-11CE-9F53-0020AF0BA770}
2026-06-30 15:11:59,628 - DEBUG - CoCreateInstance({E436EBB3-524F-11CE-9F53-0020AF0BA770}, clsctx=None, interface=<class 'comtypes.gen._78530B68_61F9_11D2_8CAD_00A024580902_0_1_0.IFilterGraph'>)
2026-06-30 15:11:59,643 - DEBUG - {BF87B6E1-8C27-11d0-B3F0-00AA003761C5} -> {BF87B6E1-8C27-11D0-B3F0-00AA003761C5}
2026-06-30 15:11:59,643 - DEBUG - CoCreateInstance({BF87B6E1-8C27-11D0-B3F0-00AA003761C5}, clsctx=None, interface=<class 'pygrabber.dshow_core.ICaptureGraphBuilder2'>)
2026-06-30 15:11:59,656 - DEBUG - {62BE5D10-60EB-11d0-BD3B-00A0C911CE86} -> {62BE5D10-60EB-11D0-BD3B-00A0C911CE86}
2026-06-30 15:11:59,656 - DEBUG - CoCreateInstance({62BE5D10-60EB-11D0-BD3B-00A0C911CE86}, clsctx=None, interface=<class 'pygrabber.dshow_core.ICreateDevEnum'>)
2026-06-30 15:12:00,295 - DEBUG - Release <POINTER(IEnumMoniker) ptr=0x2372cd12d20 at 2372c14a5d0>
2026-06-30 15:12:00,295 - DEBUG - Release <POINTER(IFilterGraph) ptr=0x2372cdf7570 at 2372c149550>
2026-06-30 15:12:00,295 - DEBUG - Release <POINTER(IGraphBuilder) ptr=0x2372cdf7570 at 2372c1493d0>
2026-06-30 15:12:00,295 - DEBUG - Release <POINTER(IMediaControl) ptr=0x2371236f738 at 2372c1494d0>
2026-06-30 15:12:00,295 - DEBUG - Release <POINTER(IMediaEvent) ptr=0x2371236f770 at 2372c1495d0>
2026-06-30 15:12:00,295 - DEBUG - Release <POINTER(ICreateDevEnum) ptr=0x2372c4ce990 at 2372c149650>
2026-06-30 15:12:00,295 - DEBUG - Release <POINTER(ICaptureGraphBuilder2) ptr=0x2372cd12b78 at 2372c149750>
2026-06-30 15:12:00,298 - DEBUG - Release <POINTER(IWMProfileManager2) ptr=0x2372cdb9830 at 2372c149450>
2026-06-30 15:12:00,303 - DEBUG - Release <POINTER(IWMProfile) ptr=0x23725c18510 at 2372c14a450>
2026-06-30 15:12:00,304 - DEBUG - Release <POINTER(IWMProfile) ptr=0x23725c19aa0 at 2372c14a3d0>
2026-06-30 15:12:00,304 - DEBUG - Release <POINTER(IWMProfile) ptr=0x23725c180c0 at 2372c14a350>
2026-06-30 15:12:00,304 - DEBUG - Release <POINTER(IWMProfile) ptr=0x23725c18db0 at 2372c14a2d0>
2026-06-30 15:12:00,304 - DEBUG - Release <POINTER(IWMProfile) ptr=0x23725c17820 at 2372c14a250>
2026-06-30 15:12:00,304 - DEBUG - Release <POINTER(IWMProfile) ptr=0x23725c19650 at 2372c14a1d0>
2026-06-30 15:12:00,304 - DEBUG - Release <POINTER(IWMProfile) ptr=0x23725c16f80 at 2372c14a150>
2026-06-30 15:12:00,304 - DEBUG - Release <POINTER(IWMProfile) ptr=0x23725c16b30 at 2372c14a0d0>
2026-06-30 15:12:00,304 - DEBUG - Release <POINTER(IWMProfile) ptr=0x23725c166e0 at 2372c14a050>
2026-06-30 15:12:00,304 - DEBUG - Release <POINTER(IWMProfile) ptr=0x23725c19200 at 2372c149bd0>
2026-06-30 15:12:00,304 - DEBUG - Release <POINTER(IWMProfile) ptr=0x23725c12630 at 2372c149fd0>
2026-06-30 15:12:00,304 - DEBUG - Release <POINTER(IWMProfile) ptr=0x23725c16290 at 2372c149f50>
2026-06-30 15:12:00,304 - DEBUG - Release <POINTER(IWMProfile) ptr=0x23725c14460 at 2372c149ed0>
2026-06-30 15:12:00,304 - DEBUG - Release <POINTER(IWMProfile) ptr=0x23725c121e0 at 2372c149e50>
2026-06-30 15:12:00,304 - DEBUG - Release <POINTER(IWMProfile) ptr=0x23725c14010 at 2372c149dd0>
2026-06-30 15:12:00,304 - DEBUG - Release <POINTER(IWMProfile) ptr=0x23725c15e40 at 2372c149d50>
2026-06-30 15:12:00,304 - DEBUG - Release <POINTER(IWMProfile) ptr=0x23725c15150 at 2372c149cd0>
2026-06-30 15:12:00,304 - DEBUG - Release <POINTER(IWMProfile) ptr=0x23725c159f0 at 2372c149c50>
2026-06-30 15:12:00,304 - DEBUG - Release <POINTER(IWMProfile) ptr=0x23725c148b0 at 2372c149b50>
2026-06-30 15:12:00,304 - DEBUG - Release <POINTER(IWMProfile) ptr=0x23725c155a0 at 2372c149ad0>
2026-06-30 15:12:00,304 - DEBUG - Release <POINTER(IWMProfile) ptr=0x23725c13770 at 2372c149a50>
2026-06-30 15:12:00,304 - DEBUG - Release <POINTER(IWMProfile) ptr=0x23725c11940 at 2372c1499d0>
2026-06-30 15:12:00,304 - DEBUG - Release <POINTER(IWMProfile) ptr=0x23725c14d00 at 2372c149950>
2026-06-30 15:12:00,305 - DEBUG - Release <POINTER(IWMProfile) ptr=0x23725c10800 at 2372c1498d0>
2026-06-30 15:12:00,305 - DEBUG - Release <POINTER(IWMProfile) ptr=0x23725c0ff60 at 2372c1496d0>
2026-06-30 15:12:00,305 - DEBUG - Release <POINTER(IWMProfile) ptr=0x23725c12ed0 at 2372c149850>
2026-06-30 15:12:00,305 - DEBUG - Release <POINTER(IWMProfile) ptr=0x23725c13320 at 2372c1497d0>
2026-06-30 15:12:22,655 - INFO - Profile : Supervisor
2026-06-30 15:12:33,879 - INFO - Galvo Laser Shutdown
2026-06-30 15:12:33,880 - CRITICAL - Laser 1 : OFF
2026-06-30 15:12:33,880 - CRITICAL - Laser 2 : OFF
2026-06-30 15:12:33,880 - INFO - Stepper Lasers Shutdown
2026-06-30 15:12:33,880 - INFO - COM connection close successfully
2026-06-30 15:12:33,880 - INFO - Main window close successfully
2026-06-30 15:12:33,880 - INFO - ==================================================
2026-06-30 15:12:33,880 - INFO - New session close at 2026-06-30 15:12
2026-06-30 15:12:33,880 - INFO - ==================================================
2026-06-30 15:12:33,890 - DEBUG - Calling CoUninitialize()
2026-06-30 15:12:33,891 - DEBUG - CoUninitialize() done.
2026-06-30 15:13:38,427 - DEBUG - OpenGL_accelerate module loaded
2026-06-30 15:13:38,438 - DEBUG - Using accelerated ArrayDatatype
2026-06-30 15:13:38,663 - DEBUG - CoInitializeEx(None, 2)
2026-06-30 15:13:38,700 - INFO - Imported existing <module 'comtypes.gen' from 'C:\\Users\\EXPRESS\\AppData\\Roaming\\Python\\Python313\\site-packages\\comtypes\\gen\\__init__.py'>
2026-06-30 15:13:38,701 - INFO - Using writeable comtypes cache directory: 'C:\Users\EXPRESS\AppData\Roaming\Python\Python313\site-packages\comtypes\gen'
2026-06-30 15:13:38,706 - DEBUG - GetModule(qedit.dll), resolved: False
2026-06-30 15:13:38,707 - DEBUG - GetModule(TLIBATTR(GUID={78530B68-61F9-11D2-8CAD-00A024580902}, Version=1.0, LCID=0, FLags=0x8))
2026-06-30 15:13:38,730 - DEBUG - Release <POINTER(ITypeLib) ptr=0x12985e18590 at 1299bcd6150>
2026-06-30 15:13:38,731 - DEBUG - GetModule(quartz.dll), resolved: False
2026-06-30 15:13:38,731 - DEBUG - GetModule(TLIBATTR(GUID={56A868B0-0AD4-11CE-B03A-0020AF0BA770}, Version=1.0, LCID=0, FLags=0x8))
2026-06-30 15:13:38,738 - DEBUG - Release <POINTER(ITypeLib) ptr=0x12985e1a110 at 1299bcd6050>
2026-06-30 15:13:41,700 - INFO - UI load successful
2026-06-30 15:14:59,174 - CRITICAL - Laser 1 : OFF
2026-06-30 15:14:59,174 - CRITICAL - Laser 2 : OFF
2026-06-30 15:14:59,174 - INFO - Stepper Lasers Shutdown
2026-06-30 15:14:59,174 - INFO - COM connection close successfully
2026-06-30 15:14:59,174 - INFO - Main window close successfully
2026-06-30 15:14:59,175 - INFO - ==================================================
2026-06-30 15:14:59,175 - INFO - New session close at 2026-06-30 15:14
2026-06-30 15:14:59,175 - INFO - ==================================================
2026-06-30 15:14:59,186 - DEBUG - Calling CoUninitialize()
2026-06-30 15:14:59,186 - DEBUG - CoUninitialize() done.
2026-06-30 18:23:00,022 - DEBUG - OpenGL_accelerate module loaded
2026-06-30 18:23:00,062 - DEBUG - Using accelerated ArrayDatatype
2026-06-30 18:23:00,490 - DEBUG - CoInitializeEx(None, 2)
2026-06-30 18:23:00,564 - INFO - Imported existing <module 'comtypes.gen' from 'C:\\Users\\EXPRESS\\AppData\\Roaming\\Python\\Python313\\site-packages\\comtypes\\gen\\__init__.py'>
2026-06-30 18:23:00,564 - INFO - Using writeable comtypes cache directory: 'C:\Users\EXPRESS\AppData\Roaming\Python\Python313\site-packages\comtypes\gen'
2026-06-30 18:23:00,573 - DEBUG - GetModule(qedit.dll), resolved: False
2026-06-30 18:23:00,581 - DEBUG - GetModule(TLIBATTR(GUID={78530B68-61F9-11D2-8CAD-00A024580902}, Version=1.0, LCID=0, FLags=0x8))
2026-06-30 18:23:00,618 - DEBUG - Release <POINTER(ITypeLib) ptr=0x2c87cfee950 at 2c87fd56150>
2026-06-30 18:23:00,619 - DEBUG - GetModule(quartz.dll), resolved: False
2026-06-30 18:23:00,624 - DEBUG - GetModule(TLIBATTR(GUID={56A868B0-0AD4-11CE-B03A-0020AF0BA770}, Version=1.0, LCID=0, FLags=0x8))
2026-06-30 18:23:00,641 - DEBUG - Release <POINTER(ITypeLib) ptr=0x2c87cfee950 at 2c87fd56050>
2026-06-30 18:23:01,855 - INFO - UI load successful
2026-06-30 18:23:24,666 - CRITICAL - Laser 1 : OFF
2026-06-30 18:23:24,666 - CRITICAL - Laser 2 : OFF
2026-06-30 18:23:24,666 - INFO - Stepper Lasers Shutdown
2026-06-30 18:23:24,666 - INFO - COM connection close successfully
2026-06-30 18:23:24,666 - INFO - Main window close successfully
2026-06-30 18:23:24,667 - INFO - ==================================================
2026-06-30 18:23:24,667 - INFO - New session close at 2026-06-30 18:23
2026-06-30 18:23:24,667 - INFO - ==================================================
2026-06-30 18:23:24,683 - DEBUG - Calling CoUninitialize()
2026-06-30 18:23:24,683 - DEBUG - CoUninitialize() done.
2026-06-30 18:23:30,814 - DEBUG - OpenGL_accelerate module loaded
2026-06-30 18:23:30,823 - DEBUG - Using accelerated ArrayDatatype
2026-06-30 18:23:31,039 - DEBUG - CoInitializeEx(None, 2)
2026-06-30 18:23:31,077 - INFO - Imported existing <module 'comtypes.gen' from 'C:\\Users\\EXPRESS\\AppData\\Roaming\\Python\\Python313\\site-packages\\comtypes\\gen\\__init__.py'>
2026-06-30 18:23:31,077 - INFO - Using writeable comtypes cache directory: 'C:\Users\EXPRESS\AppData\Roaming\Python\Python313\site-packages\comtypes\gen'
2026-06-30 18:23:31,082 - DEBUG - GetModule(qedit.dll), resolved: False
2026-06-30 18:23:31,084 - DEBUG - GetModule(TLIBATTR(GUID={78530B68-61F9-11D2-8CAD-00A024580902}, Version=1.0, LCID=0, FLags=0x8))
2026-06-30 18:23:31,107 - DEBUG - Release <POINTER(ITypeLib) ptr=0x163f80bfc10 at 163fad86150>
2026-06-30 18:23:31,107 - DEBUG - GetModule(quartz.dll), resolved: False
2026-06-30 18:23:31,108 - DEBUG - GetModule(TLIBATTR(GUID={56A868B0-0AD4-11CE-B03A-0020AF0BA770}, Version=1.0, LCID=0, FLags=0x8))
2026-06-30 18:23:31,115 - DEBUG - Release <POINTER(ITypeLib) ptr=0x163f80bf690 at 163fad86050>
2026-06-30 18:23:33,751 - INFO - UI load successful
2026-06-30 18:37:39,444 - DEBUG - OpenGL_accelerate module loaded
2026-06-30 18:37:39,454 - DEBUG - Using accelerated ArrayDatatype
2026-06-30 18:37:39,671 - DEBUG - CoInitializeEx(None, 2)
2026-06-30 18:37:39,709 - INFO - Imported existing <module 'comtypes.gen' from 'C:\\Users\\EXPRESS\\AppData\\Roaming\\Python\\Python313\\site-packages\\comtypes\\gen\\__init__.py'>
2026-06-30 18:37:39,709 - INFO - Using writeable comtypes cache directory: 'C:\Users\EXPRESS\AppData\Roaming\Python\Python313\site-packages\comtypes\gen'
2026-06-30 18:37:39,715 - DEBUG - GetModule(qedit.dll), resolved: False
2026-06-30 18:37:39,716 - DEBUG - GetModule(TLIBATTR(GUID={78530B68-61F9-11D2-8CAD-00A024580902}, Version=1.0, LCID=0, FLags=0x8))
2026-06-30 18:37:39,740 - DEBUG - Release <POINTER(ITypeLib) ptr=0x22603e9ed90 at 2261a3de150>
2026-06-30 18:37:39,740 - DEBUG - GetModule(quartz.dll), resolved: False
2026-06-30 18:37:39,741 - DEBUG - GetModule(TLIBATTR(GUID={56A868B0-0AD4-11CE-B03A-0020AF0BA770}, Version=1.0, LCID=0, FLags=0x8))
2026-06-30 18:37:39,748 - DEBUG - Release <POINTER(ITypeLib) ptr=0x22603e9e550 at 2261a3de050>
2026-06-30 18:37:42,752 - INFO - UI load successful
2026-06-30 19:02:34,442 - DEBUG - OpenGL_accelerate module loaded
2026-06-30 19:02:34,472 - DEBUG - Using accelerated ArrayDatatype
2026-06-30 19:02:34,980 - DEBUG - CoInitializeEx(None, 2)
2026-06-30 19:02:35,098 - INFO - Imported existing <module 'comtypes.gen' from 'C:\\Users\\EXPRESS\\AppData\\Roaming\\Python\\Python313\\site-packages\\comtypes\\gen\\__init__.py'>
2026-06-30 19:02:35,098 - INFO - Using writeable comtypes cache directory: 'C:\Users\EXPRESS\AppData\Roaming\Python\Python313\site-packages\comtypes\gen'
2026-06-30 19:02:35,110 - DEBUG - GetModule(qedit.dll), resolved: False
2026-06-30 19:02:35,123 - DEBUG - GetModule(TLIBATTR(GUID={78530B68-61F9-11D2-8CAD-00A024580902}, Version=1.0, LCID=0, FLags=0x8))
2026-06-30 19:02:35,166 - DEBUG - Release <POINTER(ITypeLib) ptr=0x198502a1340 at 19852e7e150>
2026-06-30 19:02:35,166 - DEBUG - GetModule(quartz.dll), resolved: False
2026-06-30 19:02:35,175 - DEBUG - GetModule(TLIBATTR(GUID={56A868B0-0AD4-11CE-B03A-0020AF0BA770}, Version=1.0, LCID=0, FLags=0x8))
2026-06-30 19:02:35,185 - DEBUG - Release <POINTER(ITypeLib) ptr=0x198502a2940 at 19852e7e050>
2026-06-30 19:02:38,417 - INFO - UI load successful
2026-06-30 19:02:48,403 - INFO - Galvo Laser Shutdown
2026-06-30 19:02:48,444 - CRITICAL - Laser 1 : OFF
2026-06-30 19:02:48,445 - CRITICAL - Laser 2 : OFF
2026-06-30 19:02:48,445 - INFO - Stepper Lasers Shutdown
2026-06-30 19:02:48,445 - INFO - COM connection close successfully
2026-06-30 19:02:48,445 - INFO - Main window close successfully
2026-06-30 19:02:48,457 - INFO - ==================================================
2026-06-30 19:02:48,457 - INFO - New session close at 2026-06-30 19:02
2026-06-30 19:02:48,457 - INFO - ==================================================
2026-06-30 19:02:48,476 - DEBUG - Calling CoUninitialize()
2026-06-30 19:02:48,476 - DEBUG - CoUninitialize() done.
2026-06-30 19:13:38,634 - DEBUG - OpenGL_accelerate module loaded
2026-06-30 19:13:38,681 - DEBUG - Using accelerated ArrayDatatype
2026-06-30 19:13:39,193 - DEBUG - CoInitializeEx(None, 2)
2026-06-30 19:13:39,294 - INFO - Imported existing <module 'comtypes.gen' from 'C:\\Users\\EXPRESS\\AppData\\Roaming\\Python\\Python313\\site-packages\\comtypes\\gen\\__init__.py'>
2026-06-30 19:13:39,294 - INFO - Using writeable comtypes cache directory: 'C:\Users\EXPRESS\AppData\Roaming\Python\Python313\site-packages\comtypes\gen'
2026-06-30 19:13:39,305 - DEBUG - GetModule(qedit.dll), resolved: False
2026-06-30 19:13:39,319 - DEBUG - GetModule(TLIBATTR(GUID={78530B68-61F9-11D2-8CAD-00A024580902}, Version=1.0, LCID=0, FLags=0x8))
2026-06-30 19:13:39,360 - DEBUG - Release <POINTER(ITypeLib) ptr=0x182b7174070 at 182b9f7e150>
2026-06-30 19:13:39,360 - DEBUG - GetModule(quartz.dll), resolved: False
2026-06-30 19:13:39,369 - DEBUG - GetModule(TLIBATTR(GUID={56A868B0-0AD4-11CE-B03A-0020AF0BA770}, Version=1.0, LCID=0, FLags=0x8))
2026-06-30 19:13:39,378 - DEBUG - Release <POINTER(ITypeLib) ptr=0x182b7176170 at 182b9f7e050>
2026-06-30 19:13:44,079 - INFO - UI load successful
2026-06-30 19:14:06,880 - INFO - Galvo Laser Shutdown
2026-06-30 19:14:06,934 - CRITICAL - Laser 1 : OFF
2026-06-30 19:14:06,934 - CRITICAL - Laser 2 : OFF
2026-06-30 19:14:06,934 - INFO - Stepper Lasers Shutdown
2026-06-30 19:14:06,934 - INFO - COM connection close successfully
2026-06-30 19:14:06,934 - INFO - Main window close successfully
2026-06-30 19:14:06,939 - INFO - ==================================================
2026-06-30 19:14:06,939 - INFO - New session close at 2026-06-30 19:14
2026-06-30 19:14:06,939 - INFO - ==================================================
2026-06-30 19:14:06,959 - DEBUG - Calling CoUninitialize()
2026-06-30 19:14:06,959 - DEBUG - CoUninitialize() done.
2026-06-30 19:30:51,372 - DEBUG - OpenGL_accelerate module loaded
2026-06-30 19:30:51,404 - DEBUG - Using accelerated ArrayDatatype
2026-06-30 19:30:51,918 - DEBUG - CoInitializeEx(None, 2)
2026-06-30 19:30:52,027 - INFO - Imported existing <module 'comtypes.gen' from 'C:\\Users\\EXPRESS\\AppData\\Roaming\\Python\\Python313\\site-packages\\comtypes\\gen\\__init__.py'>
2026-06-30 19:30:52,027 - INFO - Using writeable comtypes cache directory: 'C:\Users\EXPRESS\AppData\Roaming\Python\Python313\site-packages\comtypes\gen'
2026-06-30 19:30:52,038 - DEBUG - GetModule(qedit.dll), resolved: False
2026-06-30 19:30:52,053 - DEBUG - GetModule(TLIBATTR(GUID={78530B68-61F9-11D2-8CAD-00A024580902}, Version=1.0, LCID=0, FLags=0x8))
2026-06-30 19:30:52,095 - DEBUG - Release <POINTER(ITypeLib) ptr=0x1f8ea212b60 at 1f8ed0de150>
2026-06-30 19:30:52,095 - DEBUG - GetModule(quartz.dll), resolved: False
2026-06-30 19:30:52,104 - DEBUG - GetModule(TLIBATTR(GUID={56A868B0-0AD4-11CE-B03A-0020AF0BA770}, Version=1.0, LCID=0, FLags=0x8))
2026-06-30 19:30:52,113 - DEBUG - Release <POINTER(ITypeLib) ptr=0x1f8ea212b60 at 1f8ed0de050>
2026-06-30 19:30:55,345 - INFO - UI load successful
2026-06-30 19:31:05,127 - INFO - File selected : D:/TeamDev/DLL_Galvo/Galvo_Scribing/ide2.svg
2026-06-30 19:31:08,949 - INFO - Parameters saved for D:/TeamDev/DLL_Galvo/Galvo_Scribing/ide2.svg
2026-06-30 20:06:40,694 - INFO - Galvo Laser Shutdown
2026-06-30 20:06:40,750 - CRITICAL - Laser 1 : OFF
2026-06-30 20:06:40,751 - CRITICAL - Laser 2 : OFF
2026-06-30 20:06:40,751 - INFO - Stepper Lasers Shutdown
2026-06-30 20:06:40,751 - INFO - COM connection close successfully
2026-06-30 20:06:40,751 - INFO - Main window close successfully
2026-06-30 20:06:40,751 - INFO - ==================================================
2026-06-30 20:06:40,752 - INFO - New session close at 2026-06-30 20:06
2026-06-30 20:06:40,752 - INFO - ==================================================
2026-06-30 20:06:40,787 - DEBUG - Calling CoUninitialize()
2026-06-30 20:06:40,787 - DEBUG - CoUninitialize() done.
2026-07-01 15:11:25,318 - DEBUG - OpenGL_accelerate module loaded
2026-07-01 15:11:25,471 - DEBUG - Using accelerated ArrayDatatype
2026-07-01 15:11:27,389 - DEBUG - CoInitializeEx(None, 2)
2026-07-01 15:11:27,716 - INFO - Imported existing <module 'comtypes.gen' from 'C:\\Users\\EXPRESS\\AppData\\Roaming\\Python\\Python313\\site-packages\\comtypes\\gen\\__init__.py'>
2026-07-01 15:11:27,716 - INFO - Using writeable comtypes cache directory: 'C:\Users\EXPRESS\AppData\Roaming\Python\Python313\site-packages\comtypes\gen'
2026-07-01 15:11:27,758 - DEBUG - GetModule(qedit.dll), resolved: False
2026-07-01 15:11:27,763 - DEBUG - GetModule(TLIBATTR(GUID={78530B68-61F9-11D2-8CAD-00A024580902}, Version=1.0, LCID=0, FLags=0x8))
2026-07-01 15:11:27,820 - DEBUG - Release <POINTER(ITypeLib) ptr=0x21e31bce890 at 21e34956350>
2026-07-01 15:11:27,820 - DEBUG - GetModule(quartz.dll), resolved: False
2026-07-01 15:11:27,822 - DEBUG - GetModule(TLIBATTR(GUID={56A868B0-0AD4-11CE-B03A-0020AF0BA770}, Version=1.0, LCID=0, FLags=0x8))
2026-07-01 15:11:27,844 - DEBUG - Release <POINTER(ITypeLib) ptr=0x21e31bce890 at 21e34956250>
2026-07-01 15:11:31,110 - INFO - UI load successful
2026-07-01 15:12:20,734 - INFO - Profile : Supervisor
2026-07-01 15:13:20,150 - INFO - Galvo Laser Shutdown
2026-07-01 15:13:20,196 - CRITICAL - Laser 1 : OFF
2026-07-01 15:13:20,196 - CRITICAL - Laser 2 : OFF
2026-07-01 15:13:20,196 - INFO - Stepper Lasers Shutdown
2026-07-01 15:13:20,196 - INFO - COM connection close successfully
2026-07-01 15:13:20,197 - INFO - Main window close successfully
2026-07-01 15:13:20,202 - INFO - ==================================================
2026-07-01 15:13:20,203 - INFO - New session close at 2026-07-01 15:13
2026-07-01 15:13:20,203 - INFO - ==================================================
2026-07-01 15:13:20,220 - DEBUG - Calling CoUninitialize()
2026-07-01 15:13:20,221 - DEBUG - CoUninitialize() done.
2026-07-01 15:38:00,995 - DEBUG - OpenGL_accelerate module loaded
2026-07-01 15:38:01,043 - DEBUG - Using accelerated ArrayDatatype
2026-07-01 15:38:01,693 - DEBUG - CoInitializeEx(None, 2)
2026-07-01 15:38:01,813 - INFO - Imported existing <module 'comtypes.gen' from 'C:\\Users\\EXPRESS\\AppData\\Roaming\\Python\\Python313\\site-packages\\comtypes\\gen\\__init__.py'>
2026-07-01 15:38:01,813 - INFO - Using writeable comtypes cache directory: 'C:\Users\EXPRESS\AppData\Roaming\Python\Python313\site-packages\comtypes\gen'
2026-07-01 15:38:01,822 - DEBUG - GetModule(qedit.dll), resolved: False
2026-07-01 15:38:01,832 - DEBUG - GetModule(TLIBATTR(GUID={78530B68-61F9-11D2-8CAD-00A024580902}, Version=1.0, LCID=0, FLags=0x8))
2026-07-01 15:38:01,866 - DEBUG - Release <POINTER(ITypeLib) ptr=0x22528e1b5e0 at 2252c094550>
2026-07-01 15:38:01,867 - DEBUG - GetModule(quartz.dll), resolved: False
2026-07-01 15:38:01,873 - DEBUG - GetModule(TLIBATTR(GUID={56A868B0-0AD4-11CE-B03A-0020AF0BA770}, Version=1.0, LCID=0, FLags=0x8))
2026-07-01 15:38:01,886 - DEBUG - Release <POINTER(ITypeLib) ptr=0x22528e19a60 at 2252c094450>
2026-07-01 15:38:05,960 - INFO - UI load successful
2026-07-01 15:39:17,778 - INFO - Profile : Supervisor
2026-07-01 15:40:10,332 - INFO - File selected : D:/TeamDev/DLL_Galvo/Galvo_Scribing/ide2.svg
2026-07-01 15:40:12,508 - INFO - Parameters saved for D:/TeamDev/DLL_Galvo/Galvo_Scribing/ide2.svg
2026-07-01 15:40:48,911 - INFO - Parameters saved for D:/TeamDev/DLL_Galvo/Galvo_Scribing/ide2.svg
2026-07-01 15:42:01,167 - INFO - Galvo Laser Shutdown
2026-07-01 15:42:01,170 - CRITICAL - Laser 1 : OFF
2026-07-01 15:42:01,171 - CRITICAL - Laser 2 : OFF
2026-07-01 15:42:01,171 - INFO - Stepper Lasers Shutdown
2026-07-01 15:42:01,171 - INFO - COM connection close successfully
2026-07-01 15:42:01,171 - INFO - Main window close successfully
2026-07-01 15:42:01,171 - INFO - ==================================================
2026-07-01 15:42:01,171 - INFO - New session close at 2026-07-01 15:42
2026-07-01 15:42:01,171 - INFO - ==================================================
2026-07-01 15:42:01,188 - DEBUG - Calling CoUninitialize()
2026-07-01 15:42:01,188 - DEBUG - CoUninitialize() done.
2026-07-01 16:00:12,321 - DEBUG - OpenGL_accelerate module loaded
2026-07-01 16:00:12,382 - DEBUG - Using accelerated ArrayDatatype
2026-07-01 16:00:12,916 - DEBUG - CoInitializeEx(None, 2)
2026-07-01 16:00:13,018 - INFO - Imported existing <module 'comtypes.gen' from 'C:\\Users\\EXPRESS\\AppData\\Roaming\\Python\\Python313\\site-packages\\comtypes\\gen\\__init__.py'>
2026-07-01 16:00:13,019 - INFO - Using writeable comtypes cache directory: 'C:\Users\EXPRESS\AppData\Roaming\Python\Python313\site-packages\comtypes\gen'
2026-07-01 16:00:13,029 - DEBUG - GetModule(qedit.dll), resolved: False
2026-07-01 16:00:13,043 - DEBUG - GetModule(TLIBATTR(GUID={78530B68-61F9-11D2-8CAD-00A024580902}, Version=1.0, LCID=0, FLags=0x8))
2026-07-01 16:00:13,086 - DEBUG - Release <POINTER(ITypeLib) ptr=0x1cd6348fb40 at 1cd66236350>
2026-07-01 16:00:13,086 - DEBUG - GetModule(quartz.dll), resolved: False
2026-07-01 16:00:13,097 - DEBUG - GetModule(TLIBATTR(GUID={56A868B0-0AD4-11CE-B03A-0020AF0BA770}, Version=1.0, LCID=0, FLags=0x8))
2026-07-01 16:00:13,107 - DEBUG - Release <POINTER(ITypeLib) ptr=0x1cd6348cf40 at 1cd66236250>
2026-07-01 16:00:17,757 - INFO - UI load successful
2026-07-01 16:00:39,081 - INFO - Galvo Laser Shutdown
2026-07-01 16:00:39,134 - CRITICAL - Laser 1 : OFF
2026-07-01 16:00:39,135 - CRITICAL - Laser 2 : OFF
2026-07-01 16:00:39,135 - INFO - Stepper Lasers Shutdown
2026-07-01 16:00:39,135 - INFO - COM connection close successfully
2026-07-01 16:00:39,135 - INFO - Main window close successfully
2026-07-01 16:00:39,140 - INFO - ==================================================
2026-07-01 16:00:39,140 - INFO - New session close at 2026-07-01 16:00
2026-07-01 16:00:39,140 - INFO - ==================================================
2026-07-01 16:00:39,156 - DEBUG - Calling CoUninitialize()
2026-07-01 16:00:39,157 - DEBUG - CoUninitialize() done.
2026-07-01 16:14:09,853 - DEBUG - OpenGL_accelerate module loaded
2026-07-01 16:14:09,919 - DEBUG - Using accelerated ArrayDatatype
2026-07-01 16:14:10,575 - DEBUG - CoInitializeEx(None, 2)
2026-07-01 16:14:10,709 - INFO - Imported existing <module 'comtypes.gen' from 'C:\\Users\\EXPRESS\\AppData\\Roaming\\Python\\Python313\\site-packages\\comtypes\\gen\\__init__.py'>
2026-07-01 16:14:10,710 - INFO - Using writeable comtypes cache directory: 'C:\Users\EXPRESS\AppData\Roaming\Python\Python313\site-packages\comtypes\gen'
2026-07-01 16:14:10,721 - DEBUG - GetModule(qedit.dll), resolved: False
2026-07-01 16:14:10,737 - DEBUG - GetModule(TLIBATTR(GUID={78530B68-61F9-11D2-8CAD-00A024580902}, Version=1.0, LCID=0, FLags=0x8))
2026-07-01 16:14:10,794 - DEBUG - Release <POINTER(ITypeLib) ptr=0x20db5dc81e0 at 20db987c550>
2026-07-01 16:14:10,795 - DEBUG - GetModule(quartz.dll), resolved: False
2026-07-01 16:14:10,805 - DEBUG - GetModule(TLIBATTR(GUID={56A868B0-0AD4-11CE-B03A-0020AF0BA770}, Version=1.0, LCID=0, FLags=0x8))
2026-07-01 16:14:10,824 - DEBUG - Release <POINTER(ITypeLib) ptr=0x20db5dc9260 at 20db987c450>
2026-07-01 16:14:15,905 - INFO - UI load successful
2026-07-01 16:15:12,927 - INFO - File selected : D:/TeamDev/DLL_Galvo/Galvo_Scribing/ide2.svg
2026-07-01 16:15:14,938 - INFO - Parameters saved for D:/TeamDev/DLL_Galvo/Galvo_Scribing/ide2.svg
2026-07-01 16:29:12,406 - INFO - Galvo Laser Shutdown
2026-07-01 16:29:12,461 - CRITICAL - Laser 1 : OFF
2026-07-01 16:29:12,461 - CRITICAL - Laser 2 : OFF
2026-07-01 16:29:12,461 - INFO - Stepper Lasers Shutdown
2026-07-01 16:29:12,461 - INFO - COM connection close successfully
2026-07-01 16:29:12,461 - INFO - Main window close successfully
2026-07-01 16:29:12,461 - INFO - ==================================================
2026-07-01 16:29:12,461 - INFO - New session close at 2026-07-01 16:29
2026-07-01 16:29:12,461 - INFO - ==================================================
2026-07-01 16:29:12,480 - DEBUG - Calling CoUninitialize()
2026-07-01 16:29:12,480 - DEBUG - CoUninitialize() done.
2026-07-02 10:51:55,977 - DEBUG - OpenGL_accelerate module loaded
2026-07-02 10:51:56,119 - DEBUG - Using accelerated ArrayDatatype
2026-07-02 10:51:58,065 - DEBUG - CoInitializeEx(None, 2)
2026-07-02 10:51:58,413 - INFO - Imported existing <module 'comtypes.gen' from 'C:\\Users\\EXPRESS\\AppData\\Roaming\\Python\\Python313\\site-packages\\comtypes\\gen\\__init__.py'>
2026-07-02 10:51:58,413 - INFO - Using writeable comtypes cache directory: 'C:\Users\EXPRESS\AppData\Roaming\Python\Python313\site-packages\comtypes\gen'
2026-07-02 10:51:58,458 - DEBUG - GetModule(qedit.dll), resolved: False
2026-07-02 10:51:58,461 - DEBUG - GetModule(TLIBATTR(GUID={78530B68-61F9-11D2-8CAD-00A024580902}, Version=1.0, LCID=0, FLags=0x8))
2026-07-02 10:51:58,520 - DEBUG - Release <POINTER(ITypeLib) ptr=0x1c8df897d80 at 1c8e27563d0>
2026-07-02 10:51:58,521 - DEBUG - GetModule(quartz.dll), resolved: False
2026-07-02 10:51:58,523 - DEBUG - GetModule(TLIBATTR(GUID={56A868B0-0AD4-11CE-B03A-0020AF0BA770}, Version=1.0, LCID=0, FLags=0x8))
2026-07-02 10:51:58,546 - DEBUG - Release <POINTER(ITypeLib) ptr=0x1c8df897d80 at 1c8e27562d0>
2026-07-02 10:51:59,479 - INFO - UI load successful
2026-07-02 10:52:12,453 - INFO - Profile : Supervisor
2026-07-02 10:52:43,528 - INFO - File selected : D:/TeamDev/DLL_Galvo/Galvo_Scribing/ide2.svg
2026-07-02 10:52:52,750 - INFO - Parameters saved for D:/TeamDev/DLL_Galvo/Galvo_Scribing/ide2.svg
2026-07-02 10:53:24,733 - CRITICAL - Laser 1 : OFF
2026-07-02 10:53:24,734 - CRITICAL - Laser 2 : OFF
2026-07-02 10:53:24,734 - INFO - Stepper Lasers Shutdown
2026-07-02 10:53:24,734 - INFO - COM connection close successfully
2026-07-02 10:53:24,735 - INFO - Main window close successfully
2026-07-02 10:53:24,735 - INFO - ==================================================
2026-07-02 10:53:24,735 - INFO - New session close at 2026-07-02 10:53
2026-07-02 10:53:24,735 - INFO - ==================================================
2026-07-02 10:53:24,777 - DEBUG - Calling CoUninitialize()
2026-07-02 10:53:24,777 - DEBUG - CoUninitialize() done.
2026-07-02 10:58:27,580 - DEBUG - OpenGL_accelerate module loaded
2026-07-02 10:58:27,592 - DEBUG - Using accelerated ArrayDatatype
2026-07-02 10:58:27,838 - DEBUG - CoInitializeEx(None, 2)
2026-07-02 10:58:27,885 - INFO - Imported existing <module 'comtypes.gen' from 'C:\\Users\\EXPRESS\\AppData\\Roaming\\Python\\Python313\\site-packages\\comtypes\\gen\\__init__.py'>
2026-07-02 10:58:27,885 - INFO - Using writeable comtypes cache directory: 'C:\Users\EXPRESS\AppData\Roaming\Python\Python313\site-packages\comtypes\gen'
2026-07-02 10:58:27,891 - DEBUG - GetModule(qedit.dll), resolved: False
2026-07-02 10:58:27,893 - DEBUG - GetModule(TLIBATTR(GUID={78530B68-61F9-11D2-8CAD-00A024580902}, Version=1.0, LCID=0, FLags=0x8))
2026-07-02 10:58:27,919 - DEBUG - Release <POINTER(ITypeLib) ptr=0x1d941a2f420 at 1d944976450>
2026-07-02 10:58:27,919 - DEBUG - GetModule(quartz.dll), resolved: False
2026-07-02 10:58:27,920 - DEBUG - GetModule(TLIBATTR(GUID={56A868B0-0AD4-11CE-B03A-0020AF0BA770}, Version=1.0, LCID=0, FLags=0x8))
2026-07-02 10:58:27,927 - DEBUG - Release <POINTER(ITypeLib) ptr=0x1d941a2f420 at 1d944976350>
2026-07-02 10:58:28,203 - INFO - UI load successful
2026-07-02 10:59:33,984 - INFO - Profile : Supervisor
2026-07-02 11:03:49,498 - INFO - File selected : D:/TeamDev/DLL_Galvo/Galvo_Scribing/ide2.svg
2026-07-02 11:03:51,826 - INFO - Parameters saved for D:/TeamDev/DLL_Galvo/Galvo_Scribing/ide2.svg
2026-07-02 11:04:18,920 - CRITICAL - Laser 1 : OFF
2026-07-02 11:04:18,920 - CRITICAL - Laser 2 : OFF
2026-07-02 11:04:18,920 - INFO - Stepper Lasers Shutdown
2026-07-02 11:04:18,920 - INFO - COM connection close successfully
2026-07-02 11:04:18,920 - INFO - Main window close successfully
2026-07-02 11:04:18,920 - INFO - ==================================================
2026-07-02 11:04:18,920 - INFO - New session close at 2026-07-02 11:04
2026-07-02 11:04:18,920 - INFO - ==================================================
2026-07-02 11:04:18,930 - DEBUG - Calling CoUninitialize()
2026-07-02 11:04:18,931 - DEBUG - CoUninitialize() done.
2026-07-02 11:05:13,851 - DEBUG - OpenGL_accelerate module loaded
2026-07-02 11:05:13,861 - DEBUG - Using accelerated ArrayDatatype
2026-07-02 11:05:14,096 - DEBUG - CoInitializeEx(None, 2)
2026-07-02 11:05:14,139 - INFO - Imported existing <module 'comtypes.gen' from 'C:\\Users\\EXPRESS\\AppData\\Roaming\\Python\\Python313\\site-packages\\comtypes\\gen\\__init__.py'>
2026-07-02 11:05:14,139 - INFO - Using writeable comtypes cache directory: 'C:\Users\EXPRESS\AppData\Roaming\Python\Python313\site-packages\comtypes\gen'
2026-07-02 11:05:14,145 - DEBUG - GetModule(qedit.dll), resolved: False
2026-07-02 11:05:14,147 - DEBUG - GetModule(TLIBATTR(GUID={78530B68-61F9-11D2-8CAD-00A024580902}, Version=1.0, LCID=0, FLags=0x8))
2026-07-02 11:05:14,172 - DEBUG - Release <POINTER(ITypeLib) ptr=0x22b00daa310 at 22b02bca450>
2026-07-02 11:05:14,172 - DEBUG - GetModule(quartz.dll), resolved: False
2026-07-02 11:05:14,173 - DEBUG - GetModule(TLIBATTR(GUID={56A868B0-0AD4-11CE-B03A-0020AF0BA770}, Version=1.0, LCID=0, FLags=0x8))
2026-07-02 11:05:14,180 - DEBUG - Release <POINTER(ITypeLib) ptr=0x22b00da84d0 at 22b02bca350>
2026-07-02 11:05:16,806 - INFO - UI load successful
2026-07-02 11:07:00,774 - INFO - File selected : D:/TeamDev/DLL_Galvo/Galvo_Scribing/ide2.svg
2026-07-02 11:07:10,575 - INFO - Parameters saved for D:/TeamDev/DLL_Galvo/Galvo_Scribing/ide2.svg
2026-07-02 11:09:35,184 - INFO - Profile : Supervisor
2026-07-02 11:11:28,331 - INFO - Galvo Laser Shutdown
2026-07-02 11:11:28,343 - CRITICAL - Laser 1 : OFF
2026-07-02 11:11:28,344 - CRITICAL - Laser 2 : OFF
2026-07-02 11:11:28,344 - INFO - Stepper Lasers Shutdown
2026-07-02 11:11:28,344 - INFO - COM connection close successfully
2026-07-02 11:11:28,344 - INFO - Main window close successfully
2026-07-02 11:11:28,344 - INFO - ==================================================
2026-07-02 11:11:28,344 - INFO - New session close at 2026-07-02 11:11
2026-07-02 11:11:28,344 - INFO - ==================================================
2026-07-02 11:11:28,357 - DEBUG - Calling CoUninitialize()
2026-07-02 11:11:28,358 - DEBUG - CoUninitialize() done.
2026-07-02 11:11:43,328 - DEBUG - OpenGL_accelerate module loaded
2026-07-02 11:11:43,354 - DEBUG - Using accelerated ArrayDatatype
2026-07-02 11:11:43,842 - DEBUG - CoInitializeEx(None, 2)
2026-07-02 11:11:43,945 - INFO - Imported existing <module 'comtypes.gen' from 'C:\\Users\\EXPRESS\\AppData\\Roaming\\Python\\Python313\\site-packages\\comtypes\\gen\\__init__.py'>
2026-07-02 11:11:43,945 - INFO - Using writeable comtypes cache directory: 'C:\Users\EXPRESS\AppData\Roaming\Python\Python313\site-packages\comtypes\gen'
2026-07-02 11:11:43,956 - DEBUG - GetModule(qedit.dll), resolved: False
2026-07-02 11:11:43,969 - DEBUG - GetModule(TLIBATTR(GUID={78530B68-61F9-11D2-8CAD-00A024580902}, Version=1.0, LCID=0, FLags=0x8))
2026-07-02 11:11:44,005 - DEBUG - Release <POINTER(ITypeLib) ptr=0x19f3544dec0 at 19f4b2aa450>
2026-07-02 11:11:44,005 - DEBUG - GetModule(quartz.dll), resolved: False
2026-07-02 11:11:44,012 - DEBUG - GetModule(TLIBATTR(GUID={56A868B0-0AD4-11CE-B03A-0020AF0BA770}, Version=1.0, LCID=0, FLags=0x8))
2026-07-02 11:11:44,020 - DEBUG - Release <POINTER(ITypeLib) ptr=0x19f3544fa40 at 19f4b2aa350>
2026-07-02 11:11:47,230 - INFO - UI load successful
2026-07-02 11:13:49,856 - INFO - Galvo Laser Shutdown
2026-07-02 11:13:49,857 - CRITICAL - Laser 1 : OFF
2026-07-02 11:13:49,857 - CRITICAL - Laser 2 : OFF
2026-07-02 11:13:49,857 - INFO - Stepper Lasers Shutdown
2026-07-02 11:13:49,857 - INFO - COM connection close successfully
2026-07-02 11:13:49,858 - INFO - Main window close successfully
2026-07-02 11:13:49,858 - INFO - ==================================================
2026-07-02 11:13:49,858 - INFO - New session close at 2026-07-02 11:13
2026-07-02 11:13:49,858 - INFO - ==================================================
2026-07-02 11:13:49,865 - DEBUG - Calling CoUninitialize()
2026-07-02 11:13:49,865 - DEBUG - CoUninitialize() done.
2026-07-02 12:08:38,127 - DEBUG - OpenGL_accelerate module loaded
2026-07-02 12:08:38,244 - DEBUG - Using accelerated ArrayDatatype
2026-07-02 12:08:39,455 - DEBUG - CoInitializeEx(None, 2)
2026-07-02 12:08:39,693 - INFO - Imported existing <module 'comtypes.gen' from 'C:\\Users\\EXPRESS\\AppData\\Roaming\\Python\\Python313\\site-packages\\comtypes\\gen\\__init__.py'>
2026-07-02 12:08:39,694 - INFO - Using writeable comtypes cache directory: 'C:\Users\EXPRESS\AppData\Roaming\Python\Python313\site-packages\comtypes\gen'
2026-07-02 12:08:39,720 - DEBUG - GetModule(qedit.dll), resolved: False
2026-07-02 12:08:39,725 - DEBUG - GetModule(TLIBATTR(GUID={78530B68-61F9-11D2-8CAD-00A024580902}, Version=1.0, LCID=0, FLags=0x8))
2026-07-02 12:08:39,773 - DEBUG - Release <POINTER(ITypeLib) ptr=0x293c045a3c0 at 293d63da450>
2026-07-02 12:08:39,773 - DEBUG - GetModule(quartz.dll), resolved: False
2026-07-02 12:08:39,776 - DEBUG - GetModule(TLIBATTR(GUID={56A868B0-0AD4-11CE-B03A-0020AF0BA770}, Version=1.0, LCID=0, FLags=0x8))
2026-07-02 12:08:39,799 - DEBUG - Release <POINTER(ITypeLib) ptr=0x293c045b700 at 293d63da350>
2026-07-02 12:08:40,594 - INFO - UI load successful
2026-07-02 12:08:47,019 - CRITICAL - Laser 1 : OFF
2026-07-02 12:08:47,020 - CRITICAL - Laser 2 : OFF
2026-07-02 12:08:47,020 - INFO - Stepper Lasers Shutdown
2026-07-02 12:08:47,020 - INFO - COM connection close successfully
2026-07-02 12:08:47,020 - INFO - Main window close successfully
2026-07-02 12:08:47,020 - INFO - ==================================================
2026-07-02 12:08:47,020 - INFO - New session close at 2026-07-02 12:08
2026-07-02 12:08:47,020 - INFO - ==================================================
2026-07-02 12:08:47,037 - DEBUG - Calling CoUninitialize()
2026-07-02 12:08:47,037 - DEBUG - CoUninitialize() done.
2026-07-02 12:10:42,483 - DEBUG - OpenGL_accelerate module loaded
2026-07-02 12:10:42,494 - DEBUG - Using accelerated ArrayDatatype
2026-07-02 12:10:42,761 - DEBUG - CoInitializeEx(None, 2)
2026-07-02 12:10:42,808 - INFO - Imported existing <module 'comtypes.gen' from 'C:\\Users\\EXPRESS\\AppData\\Roaming\\Python\\Python313\\site-packages\\comtypes\\gen\\__init__.py'>
2026-07-02 12:10:42,808 - INFO - Using writeable comtypes cache directory: 'C:\Users\EXPRESS\AppData\Roaming\Python\Python313\site-packages\comtypes\gen'
2026-07-02 12:10:42,816 - DEBUG - GetModule(qedit.dll), resolved: False
2026-07-02 12:10:42,818 - DEBUG - GetModule(TLIBATTR(GUID={78530B68-61F9-11D2-8CAD-00A024580902}, Version=1.0, LCID=0, FLags=0x8))
2026-07-02 12:10:42,848 - DEBUG - Release <POINTER(ITypeLib) ptr=0x21771fe7450 at 21774cca450>
2026-07-02 12:10:42,849 - DEBUG - GetModule(quartz.dll), resolved: False
2026-07-02 12:10:42,850 - DEBUG - GetModule(TLIBATTR(GUID={56A868B0-0AD4-11CE-B03A-0020AF0BA770}, Version=1.0, LCID=0, FLags=0x8))
2026-07-02 12:10:42,858 - DEBUG - Release <POINTER(ITypeLib) ptr=0x21771fe63d0 at 21774cca350>
2026-07-02 12:10:45,517 - INFO - UI load successful
2026-07-02 12:11:11,988 - INFO - Profile : Supervisor
2026-07-02 12:11:56,206 - INFO - Close event ignored.
2026-07-02 12:13:36,156 - INFO - Galvo Laser Shutdown
2026-07-02 12:13:36,208 - CRITICAL - Laser 1 : OFF
2026-07-02 12:13:36,208 - CRITICAL - Laser 2 : OFF
2026-07-02 12:13:36,209 - INFO - Stepper Lasers Shutdown
2026-07-02 12:13:36,209 - INFO - COM connection close successfully
2026-07-02 12:13:36,209 - INFO - Main window close successfully
2026-07-02 12:13:36,214 - INFO - ==================================================
2026-07-02 12:13:36,214 - INFO - New session close at 2026-07-02 12:13
2026-07-02 12:13:36,214 - INFO - ==================================================
2026-07-02 12:13:36,233 - DEBUG - Calling CoUninitialize()
2026-07-02 12:13:36,233 - DEBUG - CoUninitialize() done.
2026-07-02 16:56:30,633 - DEBUG - OpenGL_accelerate module loaded
2026-07-02 16:56:30,696 - DEBUG - Using accelerated ArrayDatatype
2026-07-02 16:56:31,313 - DEBUG - CoInitializeEx(None, 2)
2026-07-02 16:56:31,431 - INFO - Imported existing <module 'comtypes.gen' from 'C:\\Users\\EXPRESS\\AppData\\Roaming\\Python\\Python313\\site-packages\\comtypes\\gen\\__init__.py'>
2026-07-02 16:56:31,431 - INFO - Using writeable comtypes cache directory: 'C:\Users\EXPRESS\AppData\Roaming\Python\Python313\site-packages\comtypes\gen'
2026-07-02 16:56:31,443 - DEBUG - GetModule(qedit.dll), resolved: False
2026-07-02 16:56:31,457 - DEBUG - GetModule(TLIBATTR(GUID={78530B68-61F9-11D2-8CAD-00A024580902}, Version=1.0, LCID=0, FLags=0x8))
2026-07-02 16:56:31,497 - DEBUG - Release <POINTER(ITypeLib) ptr=0x26bc9bf3770 at 26bcc9e6450>
2026-07-02 16:56:31,498 - DEBUG - GetModule(quartz.dll), resolved: False
2026-07-02 16:56:31,508 - DEBUG - GetModule(TLIBATTR(GUID={56A868B0-0AD4-11CE-B03A-0020AF0BA770}, Version=1.0, LCID=0, FLags=0x8))
2026-07-02 16:56:31,517 - DEBUG - Release <POINTER(ITypeLib) ptr=0x26bc9bf3770 at 26bcc9e6350>
2026-07-02 16:56:35,774 - INFO - UI load successful
2026-07-06 10:35:57,093 - DEBUG - OpenGL_accelerate module loaded
2026-07-06 10:35:57,236 - DEBUG - Using accelerated ArrayDatatype
2026-07-06 10:35:59,390 - DEBUG - CoInitializeEx(None, 2)
2026-07-06 10:35:59,764 - INFO - Imported existing <module 'comtypes.gen' from 'C:\\Users\\EXPRESS\\AppData\\Roaming\\Python\\Python313\\site-packages\\comtypes\\gen\\__init__.py'>
2026-07-06 10:35:59,764 - INFO - Using writeable comtypes cache directory: 'C:\Users\EXPRESS\AppData\Roaming\Python\Python313\site-packages\comtypes\gen'
2026-07-06 10:35:59,810 - DEBUG - GetModule(qedit.dll), resolved: False
2026-07-06 10:35:59,813 - DEBUG - GetModule(TLIBATTR(GUID={78530B68-61F9-11D2-8CAD-00A024580902}, Version=1.0, LCID=0, FLags=0x8))
2026-07-06 10:35:59,885 - DEBUG - Release <POINTER(ITypeLib) ptr=0x222214eec40 at 2222432a450>
2026-07-06 10:35:59,885 - DEBUG - GetModule(quartz.dll), resolved: False
2026-07-06 10:35:59,887 - DEBUG - GetModule(TLIBATTR(GUID={56A868B0-0AD4-11CE-B03A-0020AF0BA770}, Version=1.0, LCID=0, FLags=0x8))
2026-07-06 10:35:59,910 - DEBUG - Release <POINTER(ITypeLib) ptr=0x222214eec40 at 2222432a350>
2026-07-06 10:49:29,002 - DEBUG - OpenGL_accelerate module loaded
2026-07-06 10:49:29,058 - DEBUG - Using accelerated ArrayDatatype
2026-07-06 10:49:29,567 - DEBUG - CoInitializeEx(None, 2)
2026-07-06 10:49:29,677 - INFO - Imported existing <module 'comtypes.gen' from 'C:\\Users\\EXPRESS\\AppData\\Roaming\\Python\\Python313\\site-packages\\comtypes\\gen\\__init__.py'>
2026-07-06 10:49:29,677 - INFO - Using writeable comtypes cache directory: 'C:\Users\EXPRESS\AppData\Roaming\Python\Python313\site-packages\comtypes\gen'
2026-07-06 10:49:29,687 - DEBUG - GetModule(qedit.dll), resolved: False
2026-07-06 10:49:29,702 - DEBUG - GetModule(TLIBATTR(GUID={78530B68-61F9-11D2-8CAD-00A024580902}, Version=1.0, LCID=0, FLags=0x8))
2026-07-06 10:49:29,745 - DEBUG - Release <POINTER(ITypeLib) ptr=0x18d0cab6190 at 18d0f8ea450>
2026-07-06 10:49:29,746 - DEBUG - GetModule(quartz.dll), resolved: False
2026-07-06 10:49:29,756 - DEBUG - GetModule(TLIBATTR(GUID={56A868B0-0AD4-11CE-B03A-0020AF0BA770}, Version=1.0, LCID=0, FLags=0x8))
2026-07-06 10:49:29,764 - DEBUG - Release <POINTER(ITypeLib) ptr=0x18d0cab6190 at 18d0f8ea350>
2026-07-06 10:49:35,763 - INFO - UI load successful
2026-07-06 10:53:06,903 - INFO - Galvo Laser Shutdown
2026-07-06 10:53:06,957 - CRITICAL - Laser 1 : OFF
2026-07-06 10:53:06,958 - CRITICAL - Laser 2 : OFF
2026-07-06 10:53:06,958 - INFO - Stepper Lasers Shutdown
2026-07-06 10:53:06,959 - INFO - COM connection close successfully
2026-07-06 10:53:06,959 - INFO - Main window close successfully
2026-07-06 10:53:06,970 - INFO - ==================================================
2026-07-06 10:53:06,971 - INFO - New session close at 2026-07-06 10:53
2026-07-06 10:53:06,971 - INFO - ==================================================
2026-07-06 10:53:06,994 - DEBUG - Calling CoUninitialize()
2026-07-06 10:53:06,994 - DEBUG - CoUninitialize() done.
2026-07-06 10:53:13,310 - DEBUG - OpenGL_accelerate module loaded
2026-07-06 10:53:13,320 - DEBUG - Using accelerated ArrayDatatype
2026-07-06 10:53:13,533 - DEBUG - CoInitializeEx(None, 2)
2026-07-06 10:53:13,572 - INFO - Imported existing <module 'comtypes.gen' from 'C:\\Users\\EXPRESS\\AppData\\Roaming\\Python\\Python313\\site-packages\\comtypes\\gen\\__init__.py'>
2026-07-06 10:53:13,572 - INFO - Using writeable comtypes cache directory: 'C:\Users\EXPRESS\AppData\Roaming\Python\Python313\site-packages\comtypes\gen'
2026-07-06 10:53:13,577 - DEBUG - GetModule(qedit.dll), resolved: False
2026-07-06 10:53:13,578 - DEBUG - GetModule(TLIBATTR(GUID={78530B68-61F9-11D2-8CAD-00A024580902}, Version=1.0, LCID=0, FLags=0x8))
2026-07-06 10:53:13,601 - DEBUG - Release <POINTER(ITypeLib) ptr=0x1b917545430 at 1b91a16a450>
2026-07-06 10:53:13,602 - DEBUG - GetModule(quartz.dll), resolved: False
2026-07-06 10:53:13,602 - DEBUG - GetModule(TLIBATTR(GUID={56A868B0-0AD4-11CE-B03A-0020AF0BA770}, Version=1.0, LCID=0, FLags=0x8))
2026-07-06 10:53:13,609 - DEBUG - Release <POINTER(ITypeLib) ptr=0x1b9175456f0 at 1b91a16a350>
2026-07-06 10:53:13,852 - INFO - UI load successful
2026-07-06 14:56:53,849 - CRITICAL - Laser 1 : OFF
2026-07-06 14:56:53,850 - CRITICAL - Laser 2 : OFF
2026-07-06 14:56:53,850 - INFO - Stepper Lasers Shutdown
2026-07-06 14:56:53,850 - INFO - COM connection close successfully
2026-07-06 14:56:53,850 - INFO - Main window close successfully
2026-07-06 14:56:53,850 - INFO - ==================================================
2026-07-06 14:56:53,850 - INFO - New session close at 2026-07-06 14:56
2026-07-06 14:56:53,850 - INFO - ==================================================
2026-07-06 14:56:53,866 - DEBUG - Calling CoUninitialize()
2026-07-06 14:56:53,867 - DEBUG - CoUninitialize() done.
2026-07-13 12:03:37,775 - DEBUG - OpenGL_accelerate module loaded
2026-07-13 12:03:37,909 - DEBUG - Using accelerated ArrayDatatype
2026-07-13 12:03:39,980 - DEBUG - CoInitializeEx(None, 2)
2026-07-13 12:03:40,324 - INFO - Imported existing <module 'comtypes.gen' from 'C:\\Users\\EXPRESS\\AppData\\Roaming\\Python\\Python313\\site-packages\\comtypes\\gen\\__init__.py'>
2026-07-13 12:03:40,325 - INFO - Using writeable comtypes cache directory: 'C:\Users\EXPRESS\AppData\Roaming\Python\Python313\site-packages\comtypes\gen'
2026-07-13 12:03:40,370 - DEBUG - GetModule(qedit.dll), resolved: False
2026-07-13 12:03:40,379 - DEBUG - GetModule(TLIBATTR(GUID={78530B68-61F9-11D2-8CAD-00A024580902}, Version=1.0, LCID=0, FLags=0x8))
2026-07-13 12:03:40,444 - DEBUG - Release <POINTER(ITypeLib) ptr=0x170369b5670 at 1703a4dc650>
2026-07-13 12:03:40,444 - DEBUG - GetModule(quartz.dll), resolved: False
2026-07-13 12:03:40,447 - DEBUG - GetModule(TLIBATTR(GUID={56A868B0-0AD4-11CE-B03A-0020AF0BA770}, Version=1.0, LCID=0, FLags=0x8))
2026-07-13 12:03:40,473 - DEBUG - Release <POINTER(ITypeLib) ptr=0x170369b5670 at 1703a4dc550>
2026-07-13 12:03:43,864 - INFO - UI load successful
2026-07-13 12:04:33,043 - INFO - Galvo Laser Shutdown
2026-07-13 12:04:33,086 - CRITICAL - Laser 1 : OFF
2026-07-13 12:04:33,087 - CRITICAL - Laser 2 : OFF
2026-07-13 12:04:33,087 - INFO - Stepper Lasers Shutdown
2026-07-13 12:04:33,087 - INFO - COM connection close successfully
2026-07-13 12:04:33,087 - INFO - Main window close successfully
2026-07-13 12:04:33,087 - INFO - ==================================================
2026-07-13 12:04:33,088 - INFO - New session close at 2026-07-13 12:04
2026-07-13 12:04:33,088 - INFO - ==================================================
2026-07-13 12:04:33,101 - DEBUG - Calling CoUninitialize()
2026-07-13 12:04:33,101 - DEBUG - CoUninitialize() done.
2026-07-13 12:04:44,747 - DEBUG - OpenGL_accelerate module loaded
2026-07-13 12:04:44,757 - DEBUG - Using accelerated ArrayDatatype
2026-07-13 12:04:45,046 - DEBUG - CoInitializeEx(None, 2)
2026-07-13 12:04:45,088 - INFO - Imported existing <module 'comtypes.gen' from 'C:\\Users\\EXPRESS\\AppData\\Roaming\\Python\\Python313\\site-packages\\comtypes\\gen\\__init__.py'>
2026-07-13 12:04:45,089 - INFO - Using writeable comtypes cache directory: 'C:\Users\EXPRESS\AppData\Roaming\Python\Python313\site-packages\comtypes\gen'
2026-07-13 12:04:45,094 - DEBUG - GetModule(qedit.dll), resolved: False
2026-07-13 12:04:45,096 - DEBUG - GetModule(TLIBATTR(GUID={78530B68-61F9-11D2-8CAD-00A024580902}, Version=1.0, LCID=0, FLags=0x8))
2026-07-13 12:04:45,121 - DEBUG - Release <POINTER(ITypeLib) ptr=0x23b64ec5150 at 23b67cda450>
2026-07-13 12:04:45,121 - DEBUG - GetModule(quartz.dll), resolved: False
2026-07-13 12:04:45,122 - DEBUG - GetModule(TLIBATTR(GUID={56A868B0-0AD4-11CE-B03A-0020AF0BA770}, Version=1.0, LCID=0, FLags=0x8))
2026-07-13 12:04:45,129 - DEBUG - Release <POINTER(ITypeLib) ptr=0x23b64ec5150 at 23b67cda350>
2026-07-13 12:04:48,085 - INFO - UI load successful
2026-07-13 12:05:04,573 - INFO - Galvo Laser Shutdown
2026-07-13 12:05:04,574 - CRITICAL - Laser 1 : OFF
2026-07-13 12:05:04,574 - CRITICAL - Laser 2 : OFF
2026-07-13 12:05:04,574 - INFO - Stepper Lasers Shutdown
2026-07-13 12:05:04,574 - INFO - COM connection close successfully
2026-07-13 12:05:04,574 - INFO - Main window close successfully
2026-07-13 12:05:04,574 - INFO - ==================================================
2026-07-13 12:05:04,574 - INFO - New session close at 2026-07-13 12:05
2026-07-13 12:05:04,574 - INFO - ==================================================
2026-07-13 12:05:04,586 - DEBUG - Calling CoUninitialize()
2026-07-13 12:05:04,586 - DEBUG - CoUninitialize() done.
2026-07-14 15:11:20,399 - DEBUG - OpenGL_accelerate module loaded
2026-07-14 15:11:20,418 - DEBUG - Using accelerated ArrayDatatype
2026-07-14 15:11:20,747 - DEBUG - CoInitializeEx(None, 2)
2026-07-14 15:11:20,811 - INFO - Imported existing <module 'comtypes.gen' from 'C:\\Users\\EXPRESS\\AppData\\Roaming\\Python\\Python313\\site-packages\\comtypes\\gen\\__init__.py'>
2026-07-14 15:11:20,812 - INFO - Using writeable comtypes cache directory: 'C:\Users\EXPRESS\AppData\Roaming\Python\Python313\site-packages\comtypes\gen'
2026-07-14 15:11:20,820 - DEBUG - GetModule(qedit.dll), resolved: False
2026-07-14 15:11:20,822 - DEBUG - GetModule(TLIBATTR(GUID={78530B68-61F9-11D2-8CAD-00A024580902}, Version=1.0, LCID=0, FLags=0x8))
2026-07-14 15:11:20,851 - DEBUG - Release <POINTER(ITypeLib) ptr=0x1f4fa08de10 at 1f4fcece3d0>
2026-07-14 15:11:20,851 - DEBUG - GetModule(quartz.dll), resolved: False
2026-07-14 15:11:20,853 - DEBUG - GetModule(TLIBATTR(GUID={56A868B0-0AD4-11CE-B03A-0020AF0BA770}, Version=1.0, LCID=0, FLags=0x8))
2026-07-14 15:11:20,861 - DEBUG - Release <POINTER(ITypeLib) ptr=0x1f4fa08de10 at 1f4fcece2d0>
2026-07-14 15:11:21,376 - INFO - UI load successful
2026-07-14 15:11:37,696 - INFO - Close event ignored.
2026-07-14 15:11:39,901 - CRITICAL - Laser 1 : OFF
2026-07-14 15:11:39,902 - CRITICAL - Laser 2 : OFF
2026-07-14 15:11:39,902 - INFO - Stepper Lasers Shutdown
2026-07-14 15:11:39,902 - INFO - COM connection close successfully
2026-07-14 15:11:39,902 - INFO - Main window close successfully
2026-07-14 15:11:39,902 - INFO - ==================================================
2026-07-14 15:11:39,902 - INFO - New session close at 2026-07-14 15:11
2026-07-14 15:11:39,902 - INFO - ==================================================
2026-07-14 15:11:39,954 - DEBUG - Calling CoUninitialize()
2026-07-14 15:11:39,954 - DEBUG - CoUninitialize() done.
2026-07-15 10:59:21,868 - DEBUG - OpenGL_accelerate module loaded
2026-07-15 10:59:22,018 - DEBUG - Using accelerated ArrayDatatype
2026-07-15 10:59:24,061 - DEBUG - CoInitializeEx(None, 2)
2026-07-15 10:59:24,400 - INFO - Imported existing <module 'comtypes.gen' from 'C:\\Users\\EXPRESS\\AppData\\Roaming\\Python\\Python313\\site-packages\\comtypes\\gen\\__init__.py'>
2026-07-15 10:59:24,400 - INFO - Using writeable comtypes cache directory: 'C:\Users\EXPRESS\AppData\Roaming\Python\Python313\site-packages\comtypes\gen'
2026-07-15 10:59:24,443 - DEBUG - GetModule(qedit.dll), resolved: False
2026-07-15 10:59:24,446 - DEBUG - GetModule(TLIBATTR(GUID={78530B68-61F9-11D2-8CAD-00A024580902}, Version=1.0, LCID=0, FLags=0x8))
2026-07-15 10:59:24,507 - DEBUG - Release <POINTER(ITypeLib) ptr=0x152f6946b10 at 1528c75a3d0>
2026-07-15 10:59:24,507 - DEBUG - GetModule(quartz.dll), resolved: False
2026-07-15 10:59:24,510 - DEBUG - GetModule(TLIBATTR(GUID={56A868B0-0AD4-11CE-B03A-0020AF0BA770}, Version=1.0, LCID=0, FLags=0x8))
2026-07-15 10:59:24,536 - DEBUG - Release <POINTER(ITypeLib) ptr=0x152f6949190 at 1528c75a2d0>
2026-07-15 10:59:27,749 - INFO - UI load successful
2026-07-15 10:59:50,084 - INFO - File selected : D:/TeamDev/DLL_Galvo/Galvo_Scribing/ide2.svg
2026-07-15 10:59:58,517 - INFO - Parameters saved for D:/TeamDev/DLL_Galvo/Galvo_Scribing/ide2.svg
2026-07-15 11:05:12,162 - INFO - Galvo Laser Shutdown
2026-07-15 11:05:12,170 - CRITICAL - Laser 1 : OFF
2026-07-15 11:05:12,171 - CRITICAL - Laser 2 : OFF
2026-07-15 11:05:12,171 - INFO - Stepper Lasers Shutdown
2026-07-15 11:05:12,171 - INFO - COM connection close successfully
2026-07-15 11:05:12,171 - INFO - Main window close successfully
2026-07-15 11:05:12,171 - INFO - ==================================================
2026-07-15 11:05:12,171 - INFO - New session close at 2026-07-15 11:05
2026-07-15 11:05:12,172 - INFO - ==================================================
2026-07-15 11:05:12,196 - DEBUG - Calling CoUninitialize()
2026-07-15 11:05:12,197 - DEBUG - CoUninitialize() done.
2026-07-15 11:05:22,412 - DEBUG - OpenGL_accelerate module loaded
2026-07-15 11:05:22,440 - DEBUG - Using accelerated ArrayDatatype
2026-07-15 11:05:22,958 - DEBUG - CoInitializeEx(None, 2)
2026-07-15 11:05:23,062 - INFO - Imported existing <module 'comtypes.gen' from 'C:\\Users\\EXPRESS\\AppData\\Roaming\\Python\\Python313\\site-packages\\comtypes\\gen\\__init__.py'>
2026-07-15 11:05:23,063 - INFO - Using writeable comtypes cache directory: 'C:\Users\EXPRESS\AppData\Roaming\Python\Python313\site-packages\comtypes\gen'
2026-07-15 11:05:23,074 - DEBUG - GetModule(qedit.dll), resolved: False
2026-07-15 11:05:23,090 - DEBUG - GetModule(TLIBATTR(GUID={78530B68-61F9-11D2-8CAD-00A024580902}, Version=1.0, LCID=0, FLags=0x8))
2026-07-15 11:05:23,130 - DEBUG - Release <POINTER(ITypeLib) ptr=0x1839661acb0 at 1839947a3d0>
2026-07-15 11:05:23,130 - DEBUG - GetModule(quartz.dll), resolved: False
2026-07-15 11:05:23,132 - DEBUG - GetModule(TLIBATTR(GUID={56A868B0-0AD4-11CE-B03A-0020AF0BA770}, Version=1.0, LCID=0, FLags=0x8))
2026-07-15 11:05:23,140 - DEBUG - Release <POINTER(ITypeLib) ptr=0x18396619c30 at 1839947a2d0>
2026-07-15 11:05:26,267 - INFO - UI load successful
2026-07-15 11:06:25,840 - INFO - Profile : Supervisor
2026-07-15 11:07:36,321 - INFO - File selected : D:/TeamDev/DLL_Galvo/Galvo_Scribing/ide2.svg
2026-07-15 11:11:11,055 - INFO - Parameters saved for D:/TeamDev/DLL_Galvo/Galvo_Scribing/ide2.svg
2026-07-15 11:11:20,481 - INFO - Parameters saved for D:/TeamDev/DLL_Galvo/Galvo_Scribing/ide2.svg
2026-07-15 11:15:49,066 - INFO - Parameters saved for D:/TeamDev/DLL_Galvo/Galvo_Scribing/ide2.svg
2026-07-15 11:27:41,761 - INFO - Galvo Laser Shutdown
2026-07-15 11:27:41,773 - CRITICAL - Laser 1 : OFF
2026-07-15 11:27:41,774 - CRITICAL - Laser 2 : OFF
2026-07-15 11:27:41,774 - INFO - Stepper Lasers Shutdown
2026-07-15 11:27:41,774 - INFO - COM connection close successfully
2026-07-15 11:27:41,774 - INFO - Main window close successfully
2026-07-15 11:27:41,774 - INFO - ==================================================
2026-07-15 11:27:41,774 - INFO - New session close at 2026-07-15 11:27
2026-07-15 11:27:41,774 - INFO - ==================================================
2026-07-15 11:27:41,804 - DEBUG - Calling CoUninitialize()
2026-07-15 11:27:41,804 - DEBUG - CoUninitialize() done.
2026-07-15 15:30:56,815 - DEBUG - OpenGL_accelerate module loaded
2026-07-15 15:30:56,870 - DEBUG - Using accelerated ArrayDatatype
2026-07-15 15:30:57,376 - DEBUG - CoInitializeEx(None, 2)
2026-07-15 15:30:57,482 - INFO - Imported existing <module 'comtypes.gen' from 'C:\\Users\\EXPRESS\\AppData\\Roaming\\Python\\Python313\\site-packages\\comtypes\\gen\\__init__.py'>
2026-07-15 15:30:57,482 - INFO - Using writeable comtypes cache directory: 'C:\Users\EXPRESS\AppData\Roaming\Python\Python313\site-packages\comtypes\gen'
2026-07-15 15:30:57,493 - DEBUG - GetModule(qedit.dll), resolved: False
2026-07-15 15:30:57,508 - DEBUG - GetModule(TLIBATTR(GUID={78530B68-61F9-11D2-8CAD-00A024580902}, Version=1.0, LCID=0, FLags=0x8))
2026-07-15 15:30:57,557 - DEBUG - Release <POINTER(ITypeLib) ptr=0x297b4258b80 at 297b704a350>
2026-07-15 15:30:57,557 - DEBUG - GetModule(quartz.dll), resolved: False
2026-07-15 15:30:57,558 - DEBUG - GetModule(TLIBATTR(GUID={56A868B0-0AD4-11CE-B03A-0020AF0BA770}, Version=1.0, LCID=0, FLags=0x8))
2026-07-15 15:30:57,567 - DEBUG - Release <POINTER(ITypeLib) ptr=0x297b4258b80 at 297b704a250>
2026-07-15 15:30:58,519 - INFO - UI load successful
2026-07-15 15:32:01,128 - DEBUG - OpenGL_accelerate module loaded
2026-07-15 15:32:01,138 - DEBUG - Using accelerated ArrayDatatype
2026-07-15 15:32:01,374 - DEBUG - CoInitializeEx(None, 2)
2026-07-15 15:32:01,418 - INFO - Imported existing <module 'comtypes.gen' from 'C:\\Users\\EXPRESS\\AppData\\Roaming\\Python\\Python313\\site-packages\\comtypes\\gen\\__init__.py'>
2026-07-15 15:32:01,419 - INFO - Using writeable comtypes cache directory: 'C:\Users\EXPRESS\AppData\Roaming\Python\Python313\site-packages\comtypes\gen'
2026-07-15 15:32:01,425 - DEBUG - GetModule(qedit.dll), resolved: False
2026-07-15 15:32:01,426 - DEBUG - GetModule(TLIBATTR(GUID={78530B68-61F9-11D2-8CAD-00A024580902}, Version=1.0, LCID=0, FLags=0x8))
2026-07-15 15:32:01,452 - DEBUG - Release <POINTER(ITypeLib) ptr=0x1ed67e7c260 at 1ed6ab4a550>
2026-07-15 15:32:01,453 - DEBUG - GetModule(quartz.dll), resolved: False
2026-07-15 15:32:01,453 - DEBUG - GetModule(TLIBATTR(GUID={56A868B0-0AD4-11CE-B03A-0020AF0BA770}, Version=1.0, LCID=0, FLags=0x8))
2026-07-15 15:32:01,460 - DEBUG - Release <POINTER(ITypeLib) ptr=0x1ed67e7b760 at 1ed6ab4a450>
2026-07-15 15:32:01,723 - INFO - UI load successful
2026-07-15 15:32:20,424 - INFO - Profile : Supervisor
2026-07-15 15:32:30,838 - CRITICAL - Laser 1 : OFF
2026-07-15 15:32:30,839 - CRITICAL - Laser 2 : OFF
2026-07-15 15:32:30,839 - INFO - Stepper Lasers Shutdown
2026-07-15 15:32:30,839 - INFO - COM connection close successfully
2026-07-15 15:32:30,839 - INFO - Main window close successfully
2026-07-15 15:32:30,840 - INFO - ==================================================
2026-07-15 15:32:30,840 - INFO - New session close at 2026-07-15 15:32
2026-07-15 15:32:30,840 - INFO - ==================================================
2026-07-15 15:32:30,855 - DEBUG - Calling CoUninitialize()
2026-07-15 15:32:30,856 - DEBUG - CoUninitialize() done.
2026-07-18 17:01:55,470 - DEBUG - OpenGL_accelerate module loaded
2026-07-18 17:01:55,481 - DEBUG - Using accelerated ArrayDatatype
2026-07-18 17:01:56,000 - DEBUG - CoInitializeEx(None, 2)
2026-07-18 17:01:56,051 - INFO - Could not import comtypes.gen, trying to create it.
2026-07-18 17:01:56,051 - INFO - Creating comtypes.gen package failed: [WinError 5] Access is denied: 'C:\\Program Files\\Python314\\Lib\\site-packages\\comtypes\\gen'
2026-07-18 17:01:56,051 - INFO - Created a memory-only package.
2026-07-18 17:01:56,054 - INFO - Using writeable comtypes cache directory: 'C:\Users\EXPRESS\AppData\Roaming\Python\Python314\comtypes_cache'
2026-07-18 17:01:56,061 - DEBUG - GetModule(qedit.dll), resolved: False
2026-07-18 17:01:56,062 - DEBUG - GetModule(TLIBATTR(GUID={78530B68-61F9-11D2-8CAD-00A024580902}, Version=1.0, LCID=0, FLags=0x8))
2026-07-18 17:01:56,086 - DEBUG - Release <POINTER(ITypeLib) ptr=0x1b0c70f9700 at 1b0ccc58690>
2026-07-18 17:01:56,086 - DEBUG - GetModule(quartz.dll), resolved: False
2026-07-18 17:01:56,087 - DEBUG - GetModule(TLIBATTR(GUID={56A868B0-0AD4-11CE-B03A-0020AF0BA770}, Version=1.0, LCID=0, FLags=0x8))
2026-07-18 17:01:56,095 - DEBUG - Release <POINTER(ITypeLib) ptr=0x1b0c70f99c0 at 1b0ccc58690>
2026-07-18 17:01:59,183 - INFO - UI load successful
2026-07-18 17:02:08,352 - INFO - Profile : Supervisor
2026-07-18 17:02:24,439 - INFO - File selected : D:/TeamDev/DLL_Galvo/GalvoUI_2/svg_files/ide2.svg
2026-07-18 17:02:30,015 - INFO - File selected : D:/TeamDev/DLL_Galvo/Galvo_Scribing/ide2.svg
2026-07-18 17:02:35,835 - INFO - Parameters saved for D:/TeamDev/DLL_Galvo/Galvo_Scribing/ide2.svg
2026-07-18 17:02:54,716 - INFO - Galvo Laser Shutdown
2026-07-18 17:02:54,716 - CRITICAL - Laser 1 : OFF
2026-07-18 17:02:54,717 - CRITICAL - Laser 2 : OFF
2026-07-18 17:02:54,717 - INFO - Stepper Lasers Shutdown
2026-07-18 17:02:54,717 - INFO - COM connection close successfully
2026-07-18 17:02:54,717 - INFO - Main window close successfully
2026-07-18 17:02:54,717 - INFO - ==================================================
2026-07-18 17:02:54,717 - INFO - New session close at 2026-07-18 17:02
2026-07-18 17:02:54,717 - INFO - ==================================================
2026-07-18 17:02:54,727 - DEBUG - Calling CoUninitialize()
2026-07-18 17:02:54,727 - DEBUG - CoUninitialize() done.
2026-07-18 17:03:01,026 - DEBUG - OpenGL_accelerate module loaded
2026-07-18 17:03:01,036 - DEBUG - Using accelerated ArrayDatatype
2026-07-18 17:03:01,268 - DEBUG - CoInitializeEx(None, 2)
2026-07-18 17:03:01,312 - INFO - Could not import comtypes.gen, trying to create it.
2026-07-18 17:03:01,312 - INFO - Creating comtypes.gen package failed: [WinError 5] Access is denied: 'C:\\Program Files\\Python314\\Lib\\site-packages\\comtypes\\gen'
2026-07-18 17:03:01,312 - INFO - Created a memory-only package.
2026-07-18 17:03:01,315 - INFO - Using writeable comtypes cache directory: 'C:\Users\EXPRESS\AppData\Roaming\Python\Python314\comtypes_cache'
2026-07-18 17:03:01,322 - DEBUG - GetModule(qedit.dll), resolved: False
2026-07-18 17:03:01,323 - DEBUG - GetModule(TLIBATTR(GUID={78530B68-61F9-11D2-8CAD-00A024580902}, Version=1.0, LCID=0, FLags=0x8))
2026-07-18 17:03:01,347 - DEBUG - Release <POINTER(ITypeLib) ptr=0x1e9908b5de0 at 1e993c73700>
2026-07-18 17:03:01,348 - DEBUG - GetModule(quartz.dll), resolved: False
2026-07-18 17:03:01,348 - DEBUG - GetModule(TLIBATTR(GUID={56A868B0-0AD4-11CE-B03A-0020AF0BA770}, Version=1.0, LCID=0, FLags=0x8))
2026-07-18 17:03:01,357 - DEBUG - Release <POINTER(ITypeLib) ptr=0x1e9908b8f60 at 1e993c73700>
2026-07-18 17:03:04,402 - INFO - UI load successful
2026-07-18 17:03:19,225 - INFO - File selected : D:/TeamDev/DLL_Galvo/Galvo_Scribing/ide2.svg
2026-07-18 17:03:21,410 - INFO - Parameters saved for D:/TeamDev/DLL_Galvo/Galvo_Scribing/ide2.svg
2026-07-18 17:04:29,778 - INFO - Parameters saved for D:/TeamDev/DLL_Galvo/Galvo_Scribing/ide2.svg
2026-07-18 17:07:09,470 - INFO - Galvo Laser Shutdown
2026-07-18 17:07:09,471 - CRITICAL - Laser 1 : OFF
2026-07-18 17:07:09,471 - CRITICAL - Laser 2 : OFF
2026-07-18 17:07:09,471 - INFO - Stepper Lasers Shutdown
2026-07-18 17:07:09,471 - INFO - COM connection close successfully
2026-07-18 17:07:09,471 - INFO - Main window close successfully
2026-07-18 17:07:09,471 - INFO - ==================================================
2026-07-18 17:07:09,471 - INFO - New session close at 2026-07-18 17:07
2026-07-18 17:07:09,471 - INFO - ==================================================
2026-07-18 17:07:09,482 - DEBUG - Calling CoUninitialize()
2026-07-18 17:07:09,482 - DEBUG - CoUninitialize() done.
2026-08-31 11:40:15,022 - DEBUG - OpenGL_accelerate module loaded
2026-08-31 11:40:15,064 - DEBUG - Using accelerated ArrayDatatype
2026-08-31 11:40:17,246 - DEBUG - CoInitializeEx(None, 2)
2026-08-31 11:40:17,648 - INFO - Could not import comtypes.gen, trying to create it.
2026-08-31 11:40:17,649 - INFO - Creating comtypes.gen package failed: [WinError 5] Access is denied: 'C:\\Program Files\\Python314\\Lib\\site-packages\\comtypes\\gen'
2026-08-31 11:40:17,649 - INFO - Created a memory-only package.
2026-08-31 11:40:17,666 - INFO - Using writeable comtypes cache directory: 'C:\Users\EXPRESS\AppData\Roaming\Python\Python314\comtypes_cache'
2026-08-31 11:40:17,746 - DEBUG - GetModule(qedit.dll), resolved: False
2026-08-31 11:40:17,764 - DEBUG - GetModule(TLIBATTR(GUID={78530B68-61F9-11D2-8CAD-00A024580902}, Version=1.0, LCID=0, FLags=0x8))
2026-08-31 11:40:17,983 - DEBUG - Release <POINTER(ITypeLib) ptr=0x26d4e567660 at 26d53f70690>
2026-08-31 11:40:17,983 - DEBUG - GetModule(quartz.dll), resolved: False
2026-08-31 11:40:17,995 - DEBUG - GetModule(TLIBATTR(GUID={56A868B0-0AD4-11CE-B03A-0020AF0BA770}, Version=1.0, LCID=0, FLags=0x8))
2026-08-31 11:40:18,019 - DEBUG - Release <POINTER(ITypeLib) ptr=0x26d4e5670e0 at 26d53f70690>
2026-08-31 11:40:19,262 - INFO - UI load successful
2026-08-31 11:40:36,524 - INFO - Profile : Supervisor
2026-08-31 11:41:36,642 - CRITICAL - Laser 1 : OFF
2026-08-31 11:41:36,642 - CRITICAL - Laser 2 : OFF
2026-08-31 11:41:36,642 - INFO - Stepper Lasers Shutdown
2026-08-31 11:41:36,642 - INFO - COM connection close successfully
2026-08-31 11:41:36,642 - INFO - Main window close successfully
2026-08-31 11:41:36,643 - INFO - ==================================================
2026-08-31 11:41:36,643 - INFO - New session close at 2026-08-31 11:41
2026-08-31 11:41:36,643 - INFO - ==================================================
2026-08-31 11:41:36,655 - DEBUG - Calling CoUninitialize()
2026-08-31 11:41:36,655 - DEBUG - CoUninitialize() done.
2026-08-31 12:37:17,017 - DEBUG - OpenGL_accelerate module loaded
2026-08-31 12:37:17,055 - DEBUG - Using accelerated ArrayDatatype
2026-08-31 12:37:17,479 - DEBUG - CoInitializeEx(None, 2)
2026-08-31 12:37:17,574 - INFO - Could not import comtypes.gen, trying to create it.
2026-08-31 12:37:17,575 - INFO - Creating comtypes.gen package failed: [WinError 5] Access is denied: 'C:\\Program Files\\Python314\\Lib\\site-packages\\comtypes\\gen'
2026-08-31 12:37:17,576 - INFO - Created a memory-only package.
2026-08-31 12:37:17,578 - INFO - Using writeable comtypes cache directory: 'C:\Users\EXPRESS\AppData\Roaming\Python\Python314\comtypes_cache'
2026-08-31 12:37:17,589 - DEBUG - GetModule(qedit.dll), resolved: False
2026-08-31 12:37:17,599 - DEBUG - GetModule(TLIBATTR(GUID={78530B68-61F9-11D2-8CAD-00A024580902}, Version=1.0, LCID=0, FLags=0x8))
2026-08-31 12:37:17,633 - DEBUG - Release <POINTER(ITypeLib) ptr=0x206aea85cc0 at 206b27bb890>
2026-08-31 12:37:17,633 - DEBUG - GetModule(quartz.dll), resolved: False
2026-08-31 12:37:17,645 - DEBUG - GetModule(TLIBATTR(GUID={56A868B0-0AD4-11CE-B03A-0020AF0BA770}, Version=1.0, LCID=0, FLags=0x8))
2026-08-31 12:37:17,655 - DEBUG - Release <POINTER(ITypeLib) ptr=0x206aea872c0 at 206b27bb890>
2026-08-31 12:37:18,597 - INFO - UI load successful
2026-08-31 12:37:30,518 - INFO - Profile : Supervisor
2026-08-31 12:37:51,776 - CRITICAL - Laser 1 : OFF
2026-08-31 12:37:51,776 - CRITICAL - Laser 2 : OFF
2026-08-31 12:37:51,776 - INFO - Stepper Lasers Shutdown
2026-08-31 12:37:51,776 - INFO - COM connection close successfully
2026-08-31 12:37:51,777 - INFO - Main window close successfully
2026-08-31 12:37:51,777 - INFO - ==================================================
2026-08-31 12:37:51,777 - INFO - New session close at 2026-08-31 12:37
2026-08-31 12:37:51,777 - INFO - ==================================================
2026-08-31 12:37:51,783 - DEBUG - Calling CoUninitialize()
2026-08-31 12:37:51,784 - DEBUG - CoUninitialize() done.
2026-09-01 15:16:25,398 - DEBUG - OpenGL_accelerate module loaded
2026-09-01 15:16:25,533 - DEBUG - Using accelerated ArrayDatatype
2026-09-01 15:16:28,004 - DEBUG - CoInitializeEx(None, 2)
2026-09-01 15:16:28,433 - INFO - Could not import comtypes.gen, trying to create it.
2026-09-01 15:16:28,433 - INFO - Creating comtypes.gen package failed: [WinError 5] Access is denied: 'C:\\Program Files\\Python314\\Lib\\site-packages\\comtypes\\gen'
2026-09-01 15:16:28,433 - INFO - Created a memory-only package.
2026-09-01 15:16:28,436 - INFO - Using writeable comtypes cache directory: 'C:\Users\EXPRESS\AppData\Roaming\Python\Python314\comtypes_cache'
2026-09-01 15:16:28,494 - DEBUG - GetModule(qedit.dll), resolved: False
2026-09-01 15:16:28,504 - DEBUG - GetModule(TLIBATTR(GUID={78530B68-61F9-11D2-8CAD-00A024580902}, Version=1.0, LCID=0, FLags=0x8))
2026-09-01 15:16:28,583 - DEBUG - Release <POINTER(ITypeLib) ptr=0x2bccf5af790 at 2bcd3a9eda0>
2026-09-01 15:16:28,584 - DEBUG - GetModule(quartz.dll), resolved: False
2026-09-01 15:16:28,594 - DEBUG - GetModule(TLIBATTR(GUID={56A868B0-0AD4-11CE-B03A-0020AF0BA770}, Version=1.0, LCID=0, FLags=0x8))
2026-09-01 15:16:28,641 - DEBUG - Release <POINTER(ITypeLib) ptr=0x2bccf5b0ad0 at 2bcd3a9eda0>
2026-09-01 15:16:29,456 - INFO - UI load successful
2026-09-01 15:16:41,552 - INFO - File selected : D:/EXPRESS/Downloads/concentric_circles-20260831173907.dxf
2026-09-01 15:17:06,374 - INFO - Parameters saved for D:/EXPRESS/Downloads/concentric_circles-20260831173907.dxf
2026-09-01 15:17:06,378 - INFO - DXF version upgrade to DXF R2000.
2026-09-01 15:17:06,430 - INFO - creating ACAD_COLOR dictionary
2026-09-01 15:17:06,430 - INFO - creating ACAD_LAYOUT dictionary
2026-09-01 15:17:06,430 - INFO - creating ACAD_MATERIAL dictionary
2026-09-01 15:17:06,430 - INFO - creating ACAD_MLEADERSTYLE dictionary
2026-09-01 15:17:06,430 - INFO - creating ACAD_MLINESTYLE dictionary
2026-09-01 15:17:06,430 - INFO - creating ACAD_PLOTSETTINGS dictionary
2026-09-01 15:17:06,430 - INFO - creating ACAD_PLOTSTYLENAME dictionary
2026-09-01 15:17:06,430 - INFO - creating ACAD_SCALELIST dictionary
2026-09-01 15:17:06,430 - INFO - creating ACAD_TABLESTYLE dictionary
2026-09-01 15:17:06,431 - INFO - creating ACAD_VISUALSTYLE dictionary
2026-09-01 15:20:01,517 - DEBUG - OpenGL_accelerate module loaded
2026-09-01 15:20:01,527 - DEBUG - Using accelerated ArrayDatatype
2026-09-01 15:20:01,755 - DEBUG - CoInitializeEx(None, 2)
2026-09-01 15:20:01,796 - INFO - Could not import comtypes.gen, trying to create it.
2026-09-01 15:20:01,797 - INFO - Creating comtypes.gen package failed: [WinError 5] Access is denied: 'C:\\Program Files\\Python314\\Lib\\site-packages\\comtypes\\gen'
2026-09-01 15:20:01,797 - INFO - Created a memory-only package.
2026-09-01 15:20:01,799 - INFO - Using writeable comtypes cache directory: 'C:\Users\EXPRESS\AppData\Roaming\Python\Python314\comtypes_cache'
2026-09-01 15:20:01,806 - DEBUG - GetModule(qedit.dll), resolved: False
2026-09-01 15:20:01,807 - DEBUG - GetModule(TLIBATTR(GUID={78530B68-61F9-11D2-8CAD-00A024580902}, Version=1.0, LCID=0, FLags=0x8))
2026-09-01 15:20:01,829 - DEBUG - Release <POINTER(ITypeLib) ptr=0x22712319a80 at 2271578ec10>
2026-09-01 15:20:01,830 - DEBUG - GetModule(quartz.dll), resolved: False
2026-09-01 15:20:01,830 - DEBUG - GetModule(TLIBATTR(GUID={56A868B0-0AD4-11CE-B03A-0020AF0BA770}, Version=1.0, LCID=0, FLags=0x8))
2026-09-01 15:20:01,840 - DEBUG - Release <POINTER(ITypeLib) ptr=0x227123181c0 at 2271578ec10>
2026-09-01 15:20:02,084 - INFO - UI load successful
2026-09-01 15:20:11,765 - INFO - File selected : D:/EXPRESS/Downloads/concentric_circles-20260831173907.dxf
2026-09-01 15:20:14,645 - INFO - Parameters saved for D:/EXPRESS/Downloads/concentric_circles-20260831173907.dxf
2026-09-01 15:20:14,650 - INFO - DXF version upgrade to DXF R2000.
2026-09-01 15:20:14,655 - INFO - creating ACAD_COLOR dictionary
2026-09-01 15:20:14,655 - INFO - creating ACAD_LAYOUT dictionary
2026-09-01 15:20:14,655 - INFO - creating ACAD_MATERIAL dictionary
2026-09-01 15:20:14,655 - INFO - creating ACAD_MLEADERSTYLE dictionary
2026-09-01 15:20:14,655 - INFO - creating ACAD_MLINESTYLE dictionary
2026-09-01 15:20:14,655 - INFO - creating ACAD_PLOTSETTINGS dictionary
2026-09-01 15:20:14,655 - INFO - creating ACAD_PLOTSTYLENAME dictionary
2026-09-01 15:20:14,656 - INFO - creating ACAD_SCALELIST dictionary
2026-09-01 15:20:14,656 - INFO - creating ACAD_TABLESTYLE dictionary
2026-09-01 15:20:14,656 - INFO - creating ACAD_VISUALSTYLE dictionary
2026-09-01 16:22:39,359 - CRITICAL - Laser 1 : OFF
2026-09-01 16:22:39,361 - CRITICAL - Laser 2 : OFF
2026-09-01 16:22:39,361 - INFO - Stepper Lasers Shutdown
2026-09-01 16:22:39,361 - INFO - COM connection close successfully
2026-09-01 16:22:39,362 - INFO - Main window close successfully
2026-09-01 16:22:39,362 - INFO - ==================================================
2026-09-01 16:22:39,362 - INFO - New session close at 2026-09-01 16:22
2026-09-01 16:22:39,362 - INFO - ==================================================
2026-09-01 16:22:39,385 - DEBUG - Calling CoUninitialize()
2026-09-01 16:22:39,386 - DEBUG - CoUninitialize() done.
2026-09-02 11:24:46,455 - DEBUG - OpenGL_accelerate module loaded
2026-09-02 11:24:46,576 - DEBUG - Using accelerated ArrayDatatype
2026-09-02 11:24:47,663 - DEBUG - CoInitializeEx(None, 2)
2026-09-02 11:24:47,976 - INFO - Could not import comtypes.gen, trying to create it.
2026-09-02 11:24:47,976 - INFO - Creating comtypes.gen package failed: [WinError 5] Access is denied: 'C:\\Program Files\\Python314\\Lib\\site-packages\\comtypes\\gen'
2026-09-02 11:24:47,976 - INFO - Created a memory-only package.
2026-09-02 11:24:47,978 - INFO - Using writeable comtypes cache directory: 'C:\Users\EXPRESS\AppData\Roaming\Python\Python314\comtypes_cache'
2026-09-02 11:24:47,998 - DEBUG - GetModule(qedit.dll), resolved: False
2026-09-02 11:24:48,012 - DEBUG - GetModule(TLIBATTR(GUID={78530B68-61F9-11D2-8CAD-00A024580902}, Version=1.0, LCID=0, FLags=0x8))
2026-09-02 11:24:48,072 - DEBUG - Release <POINTER(ITypeLib) ptr=0x1edf276b290 at 1edf6a47a20>
2026-09-02 11:24:48,072 - DEBUG - GetModule(quartz.dll), resolved: False
2026-09-02 11:24:48,087 - DEBUG - GetModule(TLIBATTR(GUID={56A868B0-0AD4-11CE-B03A-0020AF0BA770}, Version=1.0, LCID=0, FLags=0x8))
2026-09-02 11:24:48,129 - DEBUG - Release <POINTER(ITypeLib) ptr=0x1edf276a210 at 1edf6a47a20>
2026-09-02 11:24:48,921 - DEBUG - Calling CoUninitialize()
2026-09-02 11:24:48,921 - DEBUG - CoUninitialize() done.
2026-09-02 11:27:48,010 - DEBUG - OpenGL_accelerate module loaded
2026-09-02 11:27:48,021 - DEBUG - Using accelerated ArrayDatatype
2026-09-02 11:27:48,320 - DEBUG - CoInitializeEx(None, 2)
2026-09-02 11:27:48,366 - INFO - Could not import comtypes.gen, trying to create it.
2026-09-02 11:27:48,366 - INFO - Creating comtypes.gen package failed: [WinError 5] Access is denied: 'C:\\Program Files\\Python314\\Lib\\site-packages\\comtypes\\gen'
2026-09-02 11:27:48,366 - INFO - Created a memory-only package.
2026-09-02 11:27:48,369 - INFO - Using writeable comtypes cache directory: 'C:\Users\EXPRESS\AppData\Roaming\Python\Python314\comtypes_cache'
2026-09-02 11:27:48,376 - DEBUG - GetModule(qedit.dll), resolved: False
2026-09-02 11:27:48,377 - DEBUG - GetModule(TLIBATTR(GUID={78530B68-61F9-11D2-8CAD-00A024580902}, Version=1.0, LCID=0, FLags=0x8))
2026-09-02 11:27:48,401 - DEBUG - Release <POINTER(ITypeLib) ptr=0x1fa248194f0 at 1fa27c07890>
2026-09-02 11:27:48,401 - DEBUG - GetModule(quartz.dll), resolved: False
2026-09-02 11:27:48,402 - DEBUG - GetModule(TLIBATTR(GUID={56A868B0-0AD4-11CE-B03A-0020AF0BA770}, Version=1.0, LCID=0, FLags=0x8))
2026-09-02 11:27:48,409 - DEBUG - Release <POINTER(ITypeLib) ptr=0x1fa24816e70 at 1fa27c07890>
2026-09-02 11:27:48,716 - DEBUG - Calling CoUninitialize()
2026-09-02 11:27:48,716 - DEBUG - CoUninitialize() done.
2026-09-02 11:28:41,745 - DEBUG - OpenGL_accelerate module loaded
2026-09-02 11:28:41,755 - DEBUG - Using accelerated ArrayDatatype
2026-09-02 11:28:42,028 - DEBUG - CoInitializeEx(None, 2)
2026-09-02 11:28:42,071 - INFO - Could not import comtypes.gen, trying to create it.
2026-09-02 11:28:42,071 - INFO - Creating comtypes.gen package failed: [WinError 5] Access is denied: 'C:\\Program Files\\Python314\\Lib\\site-packages\\comtypes\\gen'
2026-09-02 11:28:42,071 - INFO - Created a memory-only package.
2026-09-02 11:28:42,074 - INFO - Using writeable comtypes cache directory: 'C:\Users\EXPRESS\AppData\Roaming\Python\Python314\comtypes_cache'
2026-09-02 11:28:42,080 - DEBUG - GetModule(qedit.dll), resolved: False
2026-09-02 11:28:42,081 - DEBUG - GetModule(TLIBATTR(GUID={78530B68-61F9-11D2-8CAD-00A024580902}, Version=1.0, LCID=0, FLags=0x8))
2026-09-02 11:28:42,103 - DEBUG - Release <POINTER(ITypeLib) ptr=0x13d25c5f440 at 13d28f27890>
2026-09-02 11:28:42,103 - DEBUG - GetModule(quartz.dll), resolved: False
2026-09-02 11:28:42,104 - DEBUG - GetModule(TLIBATTR(GUID={56A868B0-0AD4-11CE-B03A-0020AF0BA770}, Version=1.0, LCID=0, FLags=0x8))
2026-09-02 11:28:42,111 - DEBUG - Release <POINTER(ITypeLib) ptr=0x13d25c5d8c0 at 13d28f27890>
2026-09-02 11:28:42,402 - INFO - UI load successful
2026-09-02 11:29:00,786 - INFO - Profile : Supervisor
2026-09-02 11:30:51,862 - DEBUG - OpenGL_accelerate module loaded
2026-09-02 11:30:51,872 - DEBUG - Using accelerated ArrayDatatype
2026-09-02 11:30:52,171 - DEBUG - CoInitializeEx(None, 2)
2026-09-02 11:30:52,213 - INFO - Could not import comtypes.gen, trying to create it.
2026-09-02 11:30:52,213 - INFO - Creating comtypes.gen package failed: [WinError 5] Access is denied: 'C:\\Program Files\\Python314\\Lib\\site-packages\\comtypes\\gen'
2026-09-02 11:30:52,213 - INFO - Created a memory-only package.
2026-09-02 11:30:52,216 - INFO - Using writeable comtypes cache directory: 'C:\Users\EXPRESS\AppData\Roaming\Python\Python314\comtypes_cache'
2026-09-02 11:30:52,222 - DEBUG - GetModule(qedit.dll), resolved: False
2026-09-02 11:30:52,223 - DEBUG - GetModule(TLIBATTR(GUID={78530B68-61F9-11D2-8CAD-00A024580902}, Version=1.0, LCID=0, FLags=0x8))
2026-09-02 11:30:52,246 - DEBUG - Release <POINTER(ITypeLib) ptr=0x2726e319890 at 27271867a20>
2026-09-02 11:30:52,246 - DEBUG - GetModule(quartz.dll), resolved: False
2026-09-02 11:30:52,247 - DEBUG - GetModule(TLIBATTR(GUID={56A868B0-0AD4-11CE-B03A-0020AF0BA770}, Version=1.0, LCID=0, FLags=0x8))
2026-09-02 11:30:52,254 - DEBUG - Release <POINTER(ITypeLib) ptr=0x2726e319890 at 27271867a20>
2026-09-02 11:30:52,587 - INFO - UI load successful
2026-09-02 11:31:01,832 - INFO - Profile : Supervisor
2026-09-02 11:33:12,787 - CRITICAL - Laser 1 : OFF
2026-09-02 11:33:12,787 - CRITICAL - Laser 2 : OFF
2026-09-02 11:33:12,787 - INFO - Stepper Lasers Shutdown
2026-09-02 11:33:12,787 - INFO - COM connection close successfully
2026-09-02 11:33:12,788 - INFO - Main window close successfully
2026-09-02 11:33:12,788 - INFO - ==================================================
2026-09-02 11:33:12,788 - INFO - New session close at 2026-09-02 11:33
2026-09-02 11:33:12,788 - INFO - ==================================================
2026-09-02 11:33:12,804 - DEBUG - Calling CoUninitialize()
2026-09-02 11:33:12,806 - DEBUG - CoUninitialize() done.
2026-09-02 11:35:07,278 - DEBUG - OpenGL_accelerate module loaded
2026-09-02 11:35:07,289 - DEBUG - Using accelerated ArrayDatatype
2026-09-02 11:35:07,529 - DEBUG - CoInitializeEx(None, 2)
2026-09-02 11:35:07,577 - INFO - Could not import comtypes.gen, trying to create it.
2026-09-02 11:35:07,577 - INFO - Creating comtypes.gen package failed: [WinError 5] Access is denied: 'C:\\Program Files\\Python314\\Lib\\site-packages\\comtypes\\gen'
2026-09-02 11:35:07,577 - INFO - Created a memory-only package.
2026-09-02 11:35:07,580 - INFO - Using writeable comtypes cache directory: 'C:\Users\EXPRESS\AppData\Roaming\Python\Python314\comtypes_cache'
2026-09-02 11:35:07,586 - DEBUG - GetModule(qedit.dll), resolved: False
2026-09-02 11:35:07,587 - DEBUG - GetModule(TLIBATTR(GUID={78530B68-61F9-11D2-8CAD-00A024580902}, Version=1.0, LCID=0, FLags=0x8))
2026-09-02 11:35:07,610 - DEBUG - Release <POINTER(ITypeLib) ptr=0x169f8236d00 at 169fb6c7890>
2026-09-02 11:35:07,611 - DEBUG - GetModule(quartz.dll), resolved: False
2026-09-02 11:35:07,612 - DEBUG - GetModule(TLIBATTR(GUID={56A868B0-0AD4-11CE-B03A-0020AF0BA770}, Version=1.0, LCID=0, FLags=0x8))
2026-09-02 11:35:07,619 - DEBUG - Release <POINTER(ITypeLib) ptr=0x169f8234100 at 169fb6c7890>
2026-09-02 11:35:08,352 - INFO - UI load successful
2026-09-02 11:35:16,303 - INFO - Profile : Supervisor
2026-09-02 11:35:31,769 - CRITICAL - Laser 1 : OFF
2026-09-02 11:35:31,770 - CRITICAL - Laser 2 : OFF
2026-09-02 11:35:31,770 - INFO - Stepper Lasers Shutdown
2026-09-02 11:35:31,770 - INFO - COM connection close successfully
2026-09-02 11:35:31,770 - INFO - Main window close successfully
2026-09-02 11:35:31,770 - INFO - ==================================================
2026-09-02 11:35:31,770 - INFO - New session close at 2026-09-02 11:35
2026-09-02 11:35:31,770 - INFO - ==================================================
2026-09-02 11:35:31,785 - DEBUG - Calling CoUninitialize()
2026-09-02 11:35:31,785 - DEBUG - CoUninitialize() done.
2026-09-02 11:42:51,086 - DEBUG - OpenGL_accelerate module loaded
2026-09-02 11:42:51,096 - DEBUG - Using accelerated ArrayDatatype
2026-09-02 11:42:51,332 - DEBUG - CoInitializeEx(None, 2)
2026-09-02 11:42:51,375 - INFO - Could not import comtypes.gen, trying to create it.
2026-09-02 11:42:51,375 - INFO - Creating comtypes.gen package failed: [WinError 5] Access is denied: 'C:\\Program Files\\Python314\\Lib\\site-packages\\comtypes\\gen'
2026-09-02 11:42:51,375 - INFO - Created a memory-only package.
2026-09-02 11:42:51,378 - INFO - Using writeable comtypes cache directory: 'C:\Users\EXPRESS\AppData\Roaming\Python\Python314\comtypes_cache'
2026-09-02 11:42:51,384 - DEBUG - GetModule(qedit.dll), resolved: False
2026-09-02 11:42:51,385 - DEBUG - GetModule(TLIBATTR(GUID={78530B68-61F9-11D2-8CAD-00A024580902}, Version=1.0, LCID=0, FLags=0x8))
2026-09-02 11:42:51,408 - DEBUG - Release <POINTER(ITypeLib) ptr=0x1d1b5e0ecb0 at 1d1b91f7890>
2026-09-02 11:42:51,409 - DEBUG - GetModule(quartz.dll), resolved: False
2026-09-02 11:42:51,409 - DEBUG - GetModule(TLIBATTR(GUID={56A868B0-0AD4-11CE-B03A-0020AF0BA770}, Version=1.0, LCID=0, FLags=0x8))
2026-09-02 11:42:51,416 - DEBUG - Release <POINTER(ITypeLib) ptr=0x1d1b5e0cbb0 at 1d1b91f7890>
2026-09-02 11:42:55,647 - INFO - UI load successful
2026-09-02 11:43:17,884 - INFO - Profile : Supervisor
2026-09-02 11:44:19,597 - INFO - Galvo Laser Shutdown
2026-09-02 11:44:19,597 - CRITICAL - Laser 1 : OFF
2026-09-02 11:44:19,598 - CRITICAL - Laser 2 : OFF
2026-09-02 11:44:19,598 - INFO - Stepper Lasers Shutdown
2026-09-02 11:44:19,598 - INFO - COM connection close successfully
2026-09-02 11:44:19,598 - INFO - Main window close successfully
2026-09-02 11:44:19,598 - INFO - ==================================================
2026-09-02 11:44:19,598 - INFO - New session close at 2026-09-02 11:44
2026-09-02 11:44:19,598 - INFO - ==================================================
2026-09-02 11:44:19,610 - DEBUG - Calling CoUninitialize()
2026-09-02 11:44:19,610 - DEBUG - CoUninitialize() done.
2026-09-02 12:29:35,189 - DEBUG - OpenGL_accelerate module loaded
2026-09-02 12:29:35,207 - DEBUG - Using accelerated ArrayDatatype
2026-09-02 12:29:35,559 - DEBUG - CoInitializeEx(None, 2)
2026-09-02 12:29:35,644 - INFO - Could not import comtypes.gen, trying to create it.
2026-09-02 12:29:35,644 - INFO - Creating comtypes.gen package failed: [WinError 5] Access is denied: 'C:\\Program Files\\Python314\\Lib\\site-packages\\comtypes\\gen'
2026-09-02 12:29:35,644 - INFO - Created a memory-only package.
2026-09-02 12:29:35,647 - INFO - Using writeable comtypes cache directory: 'C:\Users\EXPRESS\AppData\Roaming\Python\Python314\comtypes_cache'
2026-09-02 12:29:35,656 - DEBUG - GetModule(qedit.dll), resolved: False
2026-09-02 12:29:35,667 - DEBUG - GetModule(TLIBATTR(GUID={78530B68-61F9-11D2-8CAD-00A024580902}, Version=1.0, LCID=0, FLags=0x8))
2026-09-02 12:29:35,708 - DEBUG - Release <POINTER(ITypeLib) ptr=0x26148c96c70 at 2614cea7a20>
2026-09-02 12:29:35,709 - DEBUG - GetModule(quartz.dll), resolved: False
2026-09-02 12:29:35,719 - DEBUG - GetModule(TLIBATTR(GUID={56A868B0-0AD4-11CE-B03A-0020AF0BA770}, Version=1.0, LCID=0, FLags=0x8))
2026-09-02 12:29:35,728 - DEBUG - Release <POINTER(ITypeLib) ptr=0x26148c96170 at 2614cea7a20>
2026-09-02 12:29:38,417 - INFO - UI load successful
2026-09-02 12:29:48,072 - INFO - Profile : Supervisor
2026-09-02 12:30:35,871 - INFO - Galvo Laser Shutdown
2026-09-02 12:30:35,878 - CRITICAL - Laser 1 : OFF
2026-09-02 12:30:35,878 - CRITICAL - Laser 2 : OFF
2026-09-02 12:30:35,879 - INFO - Stepper Lasers Shutdown
2026-09-02 12:30:35,879 - INFO - COM connection close successfully
2026-09-02 12:30:35,879 - INFO - Main window close successfully
2026-09-02 12:30:35,879 - INFO - ==================================================
2026-09-02 12:30:35,879 - INFO - New session close at 2026-09-02 12:30
2026-09-02 12:30:35,879 - INFO - ==================================================
2026-09-02 12:30:35,896 - DEBUG - Calling CoUninitialize()
2026-09-02 12:30:35,896 - DEBUG - CoUninitialize() done.
2026-09-02 13:03:34,338 - DEBUG - OpenGL_accelerate module loaded
2026-09-02 13:03:34,470 - DEBUG - Using accelerated ArrayDatatype
2026-09-02 13:03:36,519 - DEBUG - CoInitializeEx(None, 2)
2026-09-02 13:03:36,946 - INFO - Could not import comtypes.gen, trying to create it.
2026-09-02 13:03:36,946 - INFO - Creating comtypes.gen package failed: [WinError 5] Access is denied: 'C:\\Program Files\\Python314\\Lib\\site-packages\\comtypes\\gen'
2026-09-02 13:03:36,946 - INFO - Created a memory-only package.
2026-09-02 13:03:36,949 - INFO - Using writeable comtypes cache directory: 'C:\Users\EXPRESS\AppData\Roaming\Python\Python314\comtypes_cache'
2026-09-02 13:03:36,995 - DEBUG - GetModule(qedit.dll), resolved: False
2026-09-02 13:03:37,005 - DEBUG - GetModule(TLIBATTR(GUID={78530B68-61F9-11D2-8CAD-00A024580902}, Version=1.0, LCID=0, FLags=0x8))
2026-09-02 13:03:37,064 - DEBUG - Release <POINTER(ITypeLib) ptr=0x1b01c514c40 at 1b02081b890>
2026-09-02 13:03:37,064 - DEBUG - GetModule(quartz.dll), resolved: False
2026-09-02 13:03:37,072 - DEBUG - GetModule(TLIBATTR(GUID={56A868B0-0AD4-11CE-B03A-0020AF0BA770}, Version=1.0, LCID=0, FLags=0x8))
2026-09-02 13:03:37,092 - DEBUG - Release <POINTER(ITypeLib) ptr=0x1b01c517840 at 1b02081b890>
2026-09-02 13:03:40,260 - INFO - UI load successful
2026-09-02 13:03:58,872 - INFO - Profile : Supervisor
2026-09-02 13:04:36,836 - INFO - Galvo Laser Shutdown
2026-09-02 13:04:36,877 - CRITICAL - Laser 1 : OFF
2026-09-02 13:04:36,877 - CRITICAL - Laser 2 : OFF
2026-09-02 13:04:36,878 - INFO - Stepper Lasers Shutdown
2026-09-02 13:04:36,878 - INFO - COM connection close successfully
2026-09-02 13:04:36,878 - INFO - Main window close successfully
2026-09-02 13:04:36,878 - INFO - ==================================================
2026-09-02 13:04:36,878 - INFO - New session close at 2026-09-02 13:04
2026-09-02 13:04:36,878 - INFO - ==================================================
2026-09-02 13:04:36,889 - DEBUG - Calling CoUninitialize()
2026-09-02 13:04:36,890 - DEBUG - CoUninitialize() done.
2026-09-02 14:46:10,330 - DEBUG - OpenGL_accelerate module loaded
2026-09-02 14:46:10,346 - DEBUG - Using accelerated ArrayDatatype
2026-09-02 14:46:10,632 - DEBUG - CoInitializeEx(None, 2)
2026-09-02 14:46:10,675 - INFO - Could not import comtypes.gen, trying to create it.
2026-09-02 14:46:10,676 - INFO - Creating comtypes.gen package failed: [WinError 5] Access is denied: 'C:\\Program Files\\Python314\\Lib\\site-packages\\comtypes\\gen'
2026-09-02 14:46:10,676 - INFO - Created a memory-only package.
2026-09-02 14:46:10,678 - INFO - Using writeable comtypes cache directory: 'C:\Users\EXPRESS\AppData\Roaming\Python\Python314\comtypes_cache'
2026-09-02 14:46:10,685 - DEBUG - GetModule(qedit.dll), resolved: False
2026-09-02 14:46:10,686 - DEBUG - GetModule(TLIBATTR(GUID={78530B68-61F9-11D2-8CAD-00A024580902}, Version=1.0, LCID=0, FLags=0x8))
2026-09-02 14:46:10,709 - DEBUG - Release <POINTER(ITypeLib) ptr=0x1bd700efd00 at 1bd7338b890>
2026-09-02 14:46:10,709 - DEBUG - GetModule(quartz.dll), resolved: False
2026-09-02 14:46:10,710 - DEBUG - GetModule(TLIBATTR(GUID={56A868B0-0AD4-11CE-B03A-0020AF0BA770}, Version=1.0, LCID=0, FLags=0x8))
2026-09-02 14:46:10,717 - DEBUG - Release <POINTER(ITypeLib) ptr=0x1bd700efd00 at 1bd7338b890>
2026-09-02 14:46:15,967 - INFO - UI load successful
2026-09-02 14:46:33,883 - INFO - Profile : Supervisor
2026-09-02 14:47:12,405 - INFO - Galvo Laser Shutdown
2026-09-02 14:47:12,406 - CRITICAL - Laser 1 : OFF
2026-09-02 14:47:12,406 - CRITICAL - Laser 2 : OFF
2026-09-02 14:47:12,406 - INFO - Stepper Lasers Shutdown
2026-09-02 14:47:12,407 - INFO - COM connection close successfully
2026-09-02 14:47:12,407 - INFO - Main window close successfully
2026-09-02 14:47:12,407 - INFO - ==================================================
2026-09-02 14:47:12,407 - INFO - New session close at 2026-09-02 14:47
2026-09-02 14:47:12,407 - INFO - ==================================================
2026-09-02 14:47:12,421 - DEBUG - Calling CoUninitialize()
2026-09-02 14:47:12,421 - DEBUG - CoUninitialize() done.
2026-09-02 14:51:47,988 - DEBUG - OpenGL_accelerate module loaded
2026-09-02 14:51:48,012 - DEBUG - Using accelerated ArrayDatatype
2026-09-02 14:51:48,404 - DEBUG - CoInitializeEx(None, 2)
2026-09-02 14:51:48,510 - INFO - Could not import comtypes.gen, trying to create it.
2026-09-02 14:51:48,510 - INFO - Creating comtypes.gen package failed: [WinError 5] Access is denied: 'C:\\Program Files\\Python314\\Lib\\site-packages\\comtypes\\gen'
2026-09-02 14:51:48,510 - INFO - Created a memory-only package.
2026-09-02 14:51:48,513 - INFO - Using writeable comtypes cache directory: 'C:\Users\EXPRESS\AppData\Roaming\Python\Python314\comtypes_cache'
2026-09-02 14:51:48,523 - DEBUG - GetModule(qedit.dll), resolved: False
2026-09-02 14:51:48,541 - DEBUG - GetModule(TLIBATTR(GUID={78530B68-61F9-11D2-8CAD-00A024580902}, Version=1.0, LCID=0, FLags=0x8))
2026-09-02 14:51:48,592 - DEBUG - Release <POINTER(ITypeLib) ptr=0x25f32520c20 at 25f3684b890>
2026-09-02 14:51:48,592 - DEBUG - GetModule(quartz.dll), resolved: False
2026-09-02 14:51:48,604 - DEBUG - GetModule(TLIBATTR(GUID={56A868B0-0AD4-11CE-B03A-0020AF0BA770}, Version=1.0, LCID=0, FLags=0x8))
2026-09-02 14:51:48,618 - DEBUG - Release <POINTER(ITypeLib) ptr=0x25f32522220 at 25f3684b890>
2026-09-02 14:51:51,866 - INFO - UI load successful
2026-09-02 14:52:14,807 - INFO - Profile : Supervisor
2026-09-02 14:55:05,111 - INFO - Galvo Laser Shutdown
2026-09-02 14:55:05,140 - CRITICAL - Laser 1 : OFF
2026-09-02 14:55:05,141 - CRITICAL - Laser 2 : OFF
2026-09-02 14:55:05,141 - INFO - Stepper Lasers Shutdown
2026-09-02 14:55:05,141 - INFO - COM connection close successfully
2026-09-02 14:55:05,141 - INFO - Main window close successfully
2026-09-02 14:55:05,141 - INFO - ==================================================
2026-09-02 14:55:05,141 - INFO - New session close at 2026-09-02 14:55
2026-09-02 14:55:05,141 - INFO - ==================================================
2026-09-02 14:55:05,158 - DEBUG - Calling CoUninitialize()
2026-09-02 14:55:05,159 - DEBUG - CoUninitialize() done.
2026-09-02 14:55:20,876 - DEBUG - OpenGL_accelerate module loaded
2026-09-02 14:55:20,895 - DEBUG - Using accelerated ArrayDatatype
2026-09-02 14:55:21,258 - DEBUG - CoInitializeEx(None, 2)
2026-09-02 14:55:21,347 - INFO - Could not import comtypes.gen, trying to create it.
2026-09-02 14:55:21,347 - INFO - Creating comtypes.gen package failed: [WinError 5] Access is denied: 'C:\\Program Files\\Python314\\Lib\\site-packages\\comtypes\\gen'
2026-09-02 14:55:21,347 - INFO - Created a memory-only package.
2026-09-02 14:55:21,350 - INFO - Using writeable comtypes cache directory: 'C:\Users\EXPRESS\AppData\Roaming\Python\Python314\comtypes_cache'
2026-09-02 14:55:21,360 - DEBUG - GetModule(qedit.dll), resolved: False
2026-09-02 14:55:21,377 - DEBUG - GetModule(TLIBATTR(GUID={78530B68-61F9-11D2-8CAD-00A024580902}, Version=1.0, LCID=0, FLags=0x8))
2026-09-02 14:55:21,418 - DEBUG - Release <POINTER(ITypeLib) ptr=0x1179eae8d50 at 117a327b890>
2026-09-02 14:55:21,419 - DEBUG - GetModule(quartz.dll), resolved: False
2026-09-02 14:55:21,431 - DEBUG - GetModule(TLIBATTR(GUID={56A868B0-0AD4-11CE-B03A-0020AF0BA770}, Version=1.0, LCID=0, FLags=0x8))
2026-09-02 14:55:21,440 - DEBUG - Release <POINTER(ITypeLib) ptr=0x1179eae8d50 at 117a327b890>
2026-09-02 14:55:25,181 - INFO - UI load successful
2026-09-02 14:55:36,659 - INFO - Profile : Supervisor
2026-09-02 14:57:53,646 - INFO - Galvo Laser Shutdown
2026-09-02 14:57:53,647 - CRITICAL - Laser 1 : OFF
2026-09-02 14:57:53,648 - CRITICAL - Laser 2 : OFF
2026-09-02 14:57:53,648 - INFO - Stepper Lasers Shutdown
2026-09-02 14:57:53,648 - INFO - COM connection close successfully
2026-09-02 14:57:53,648 - INFO - Main window close successfully
2026-09-02 14:57:53,648 - INFO - ==================================================
2026-09-02 14:57:53,648 - INFO - New session close at 2026-09-02 14:57
2026-09-02 14:57:53,648 - INFO - ==================================================
2026-09-02 14:57:53,659 - DEBUG - Calling CoUninitialize()
2026-09-02 14:57:53,659 - DEBUG - CoUninitialize() done.
2026-09-02 15:01:40,346 - DEBUG - OpenGL_accelerate module loaded
2026-09-02 15:01:40,356 - DEBUG - Using accelerated ArrayDatatype
2026-09-02 15:01:40,595 - DEBUG - CoInitializeEx(None, 2)
2026-09-02 15:01:40,653 - INFO - Could not import comtypes.gen, trying to create it.
2026-09-02 15:01:40,653 - INFO - Creating comtypes.gen package failed: [WinError 5] Access is denied: 'C:\\Program Files\\Python314\\Lib\\site-packages\\comtypes\\gen'
2026-09-02 15:01:40,653 - INFO - Created a memory-only package.
2026-09-02 15:01:40,656 - INFO - Using writeable comtypes cache directory: 'C:\Users\EXPRESS\AppData\Roaming\Python\Python314\comtypes_cache'
2026-09-02 15:01:40,663 - DEBUG - GetModule(qedit.dll), resolved: False
2026-09-02 15:01:40,664 - DEBUG - GetModule(TLIBATTR(GUID={78530B68-61F9-11D2-8CAD-00A024580902}, Version=1.0, LCID=0, FLags=0x8))
2026-09-02 15:01:40,686 - DEBUG - Release <POINTER(ITypeLib) ptr=0x28184a1df30 at 28188c3b890>
2026-09-02 15:01:40,686 - DEBUG - GetModule(quartz.dll), resolved: False
2026-09-02 15:01:40,687 - DEBUG - GetModule(TLIBATTR(GUID={56A868B0-0AD4-11CE-B03A-0020AF0BA770}, Version=1.0, LCID=0, FLags=0x8))
2026-09-02 15:01:40,694 - DEBUG - Release <POINTER(ITypeLib) ptr=0x28184a1df30 at 28188c3b890>
2026-09-02 15:01:43,686 - INFO - UI load successful
2026-09-02 15:02:10,569 - INFO - Profile : Supervisor
2026-09-02 15:03:58,578 - INFO - Galvo Laser Shutdown
2026-09-02 15:03:58,578 - CRITICAL - Laser 1 : OFF
2026-09-02 15:03:58,579 - CRITICAL - Laser 2 : OFF
2026-09-02 15:03:58,579 - INFO - Stepper Lasers Shutdown
2026-09-02 15:03:58,579 - INFO - COM connection close successfully
2026-09-02 15:03:58,579 - INFO - Main window close successfully
2026-09-02 15:03:58,579 - INFO - ==================================================
2026-09-02 15:03:58,580 - INFO - New session close at 2026-09-02 15:03
2026-09-02 15:03:58,580 - INFO - ==================================================
2026-09-02 15:03:58,592 - DEBUG - Calling CoUninitialize()
2026-09-02 15:03:58,594 - DEBUG - CoUninitialize() done.
2026-09-02 15:08:00,496 - DEBUG - OpenGL_accelerate module loaded
2026-09-02 15:08:00,507 - DEBUG - Using accelerated ArrayDatatype
2026-09-02 15:08:00,739 - DEBUG - CoInitializeEx(None, 2)
2026-09-02 15:08:00,781 - INFO - Could not import comtypes.gen, trying to create it.
2026-09-02 15:08:00,781 - INFO - Creating comtypes.gen package failed: [WinError 5] Access is denied: 'C:\\Program Files\\Python314\\Lib\\site-packages\\comtypes\\gen'
2026-09-02 15:08:00,781 - INFO - Created a memory-only package.
2026-09-02 15:08:00,783 - INFO - Using writeable comtypes cache directory: 'C:\Users\EXPRESS\AppData\Roaming\Python\Python314\comtypes_cache'
2026-09-02 15:08:00,789 - DEBUG - GetModule(qedit.dll), resolved: False
2026-09-02 15:08:00,791 - DEBUG - GetModule(TLIBATTR(GUID={78530B68-61F9-11D2-8CAD-00A024580902}, Version=1.0, LCID=0, FLags=0x8))
2026-09-02 15:08:00,813 - DEBUG - Release <POINTER(ITypeLib) ptr=0x220b7bf67a0 at 220bae1b890>
2026-09-02 15:08:00,813 - DEBUG - GetModule(quartz.dll), resolved: False
2026-09-02 15:08:00,814 - DEBUG - GetModule(TLIBATTR(GUID={56A868B0-0AD4-11CE-B03A-0020AF0BA770}, Version=1.0, LCID=0, FLags=0x8))
2026-09-02 15:08:00,821 - DEBUG - Release <POINTER(ITypeLib) ptr=0x220b7bf6fe0 at 220bae1b890>
2026-09-02 15:08:03,870 - INFO - UI load successful
2026-09-02 15:08:23,108 - INFO - Profile : Supervisor
2026-09-02 15:08:34,294 - INFO - File selected : D:/TeamDev/DLL_Galvo/GalvoUI_2/40mm_square.svg
2026-09-02 15:08:53,123 - INFO - Parameters saved for D:/TeamDev/DLL_Galvo/GalvoUI_2/40mm_square.svg
2026-09-02 15:10:29,468 - INFO - Galvo Laser Shutdown
2026-09-02 15:10:29,471 - CRITICAL - Laser 1 : OFF
2026-09-02 15:10:29,471 - CRITICAL - Laser 2 : OFF
2026-09-02 15:10:29,471 - INFO - Stepper Lasers Shutdown
2026-09-02 15:10:29,471 - INFO - COM connection close successfully
2026-09-02 15:10:29,471 - INFO - Main window close successfully
2026-09-02 15:10:29,471 - INFO - ==================================================
2026-09-02 15:10:29,471 - INFO - New session close at 2026-09-02 15:10
2026-09-02 15:10:29,471 - INFO - ==================================================
2026-09-02 15:10:29,490 - DEBUG - Calling CoUninitialize()
2026-09-02 15:10:29,490 - DEBUG - CoUninitialize() done.
2026-09-02 15:19:53,386 - DEBUG - OpenGL_accelerate module loaded
2026-09-02 15:19:53,403 - DEBUG - Using accelerated ArrayDatatype
2026-09-02 15:19:53,768 - DEBUG - CoInitializeEx(None, 2)
2026-09-02 15:19:53,895 - INFO - Could not import comtypes.gen, trying to create it.
2026-09-02 15:19:53,895 - INFO - Creating comtypes.gen package failed: [WinError 5] Access is denied: 'C:\\Program Files\\Python314\\Lib\\site-packages\\comtypes\\gen'
2026-09-02 15:19:53,895 - INFO - Created a memory-only package.
2026-09-02 15:19:53,899 - INFO - Using writeable comtypes cache directory: 'C:\Users\EXPRESS\AppData\Roaming\Python\Python314\comtypes_cache'
2026-09-02 15:19:53,912 - DEBUG - GetModule(qedit.dll), resolved: False
2026-09-02 15:19:53,925 - DEBUG - GetModule(TLIBATTR(GUID={78530B68-61F9-11D2-8CAD-00A024580902}, Version=1.0, LCID=0, FLags=0x8))
2026-09-02 15:19:53,963 - DEBUG - Release <POINTER(ITypeLib) ptr=0x1e0c3ff5f70 at 1e0c835ba20>
2026-09-02 15:19:53,963 - DEBUG - GetModule(quartz.dll), resolved: False
2026-09-02 15:19:53,975 - DEBUG - GetModule(TLIBATTR(GUID={56A868B0-0AD4-11CE-B03A-0020AF0BA770}, Version=1.0, LCID=0, FLags=0x8))
2026-09-02 15:19:53,992 - DEBUG - Release <POINTER(ITypeLib) ptr=0x1e0c3ff3e70 at 1e0c835ba20>
2026-09-02 15:19:57,071 - INFO - UI load successful
2026-09-02 15:20:21,126 - INFO - Profile : Supervisor
2026-09-02 15:20:21,476 - WARNING - Failed login attempt for user: Supervisor
2026-09-02 15:21:03,296 - INFO - File selected : D:/TeamDev/DLL_Galvo/GalvoUI_2/40mm_square.svg
2026-09-02 15:21:05,405 - INFO - Parameters saved for D:/TeamDev/DLL_Galvo/GalvoUI_2/40mm_square.svg
2026-09-02 15:21:32,198 - INFO - Parameters saved for D:/TeamDev/DLL_Galvo/GalvoUI_2/40mm_square.svg
2026-09-02 15:53:50,405 - DEBUG - OpenGL_accelerate module loaded
2026-09-02 15:53:50,432 - DEBUG - Using accelerated ArrayDatatype
2026-09-02 15:53:50,830 - DEBUG - CoInitializeEx(None, 2)
2026-09-02 15:53:50,968 - INFO - Could not import comtypes.gen, trying to create it.
2026-09-02 15:53:50,969 - INFO - Creating comtypes.gen package failed: [WinError 5] Access is denied: 'C:\\Program Files\\Python314\\Lib\\site-packages\\comtypes\\gen'
2026-09-02 15:53:50,969 - INFO - Created a memory-only package.
2026-09-02 15:53:50,973 - INFO - Using writeable comtypes cache directory: 'C:\Users\EXPRESS\AppData\Roaming\Python\Python314\comtypes_cache'
2026-09-02 15:53:50,985 - DEBUG - GetModule(qedit.dll), resolved: False
2026-09-02 15:53:50,996 - DEBUG - GetModule(TLIBATTR(GUID={78530B68-61F9-11D2-8CAD-00A024580902}, Version=1.0, LCID=0, FLags=0x8))
2026-09-02 15:53:51,031 - DEBUG - Release <POINTER(ITypeLib) ptr=0x27ab5db4210 at 27aba09fa20>
2026-09-02 15:53:51,032 - DEBUG - GetModule(quartz.dll), resolved: False
2026-09-02 15:53:51,042 - DEBUG - GetModule(TLIBATTR(GUID={56A868B0-0AD4-11CE-B03A-0020AF0BA770}, Version=1.0, LCID=0, FLags=0x8))
2026-09-02 15:53:51,052 - DEBUG - Release <POINTER(ITypeLib) ptr=0x27ab5db6b50 at 27aba09fa20>
2026-09-02 15:53:57,736 - INFO - UI load successful
2026-09-02 15:55:15,921 - INFO - Galvo Laser Shutdown
2026-09-02 15:55:15,923 - CRITICAL - Laser 1 : OFF
2026-09-02 15:55:15,923 - CRITICAL - Laser 2 : OFF
2026-09-02 15:55:15,923 - INFO - Stepper Lasers Shutdown
2026-09-02 15:55:15,923 - INFO - COM connection close successfully
2026-09-02 15:55:15,923 - INFO - Main window close successfully
2026-09-02 15:55:15,923 - INFO - ==================================================
2026-09-02 15:55:15,923 - INFO - New session close at 2026-09-02 15:55
2026-09-02 15:55:15,924 - INFO - ==================================================
2026-09-02 15:55:15,938 - DEBUG - Calling CoUninitialize()
2026-09-02 15:55:15,938 - DEBUG - CoUninitialize() done.
2026-09-02 16:13:19,071 - DEBUG - OpenGL_accelerate module loaded
2026-09-02 16:13:19,100 - DEBUG - Using accelerated ArrayDatatype
2026-09-02 16:13:19,519 - DEBUG - CoInitializeEx(None, 2)
2026-09-02 16:13:19,647 - INFO - Could not import comtypes.gen, trying to create it.
2026-09-02 16:13:19,647 - INFO - Creating comtypes.gen package failed: [WinError 5] Access is denied: 'C:\\Program Files\\Python314\\Lib\\site-packages\\comtypes\\gen'
2026-09-02 16:13:19,647 - INFO - Created a memory-only package.
2026-09-02 16:13:19,650 - INFO - Using writeable comtypes cache directory: 'C:\Users\EXPRESS\AppData\Roaming\Python\Python314\comtypes_cache'
2026-09-02 16:13:19,662 - DEBUG - GetModule(qedit.dll), resolved: False
2026-09-02 16:13:19,680 - DEBUG - GetModule(TLIBATTR(GUID={78530B68-61F9-11D2-8CAD-00A024580902}, Version=1.0, LCID=0, FLags=0x8))
2026-09-02 16:13:19,720 - DEBUG - Release <POINTER(ITypeLib) ptr=0x2975f7bd000 at 29763a1f890>
2026-09-02 16:13:19,720 - DEBUG - GetModule(quartz.dll), resolved: False
2026-09-02 16:13:19,734 - DEBUG - GetModule(TLIBATTR(GUID={56A868B0-0AD4-11CE-B03A-0020AF0BA770}, Version=1.0, LCID=0, FLags=0x8))
2026-09-02 16:13:19,760 - DEBUG - Release <POINTER(ITypeLib) ptr=0x2975f7bb480 at 29763a1f890>
2026-09-02 16:13:23,431 - INFO - UI load successful
2026-09-02 16:14:07,252 - INFO - Profile : Supervisor
2026-09-02 16:32:55,785 - DEBUG - OpenGL_accelerate module loaded
2026-09-02 16:32:55,802 - DEBUG - Using accelerated ArrayDatatype
2026-09-02 16:32:56,186 - DEBUG - CoInitializeEx(None, 2)
2026-09-02 16:32:56,283 - INFO - Could not import comtypes.gen, trying to create it.
2026-09-02 16:32:56,284 - INFO - Creating comtypes.gen package failed: [WinError 5] Access is denied: 'C:\\Program Files\\Python314\\Lib\\site-packages\\comtypes\\gen'
2026-09-02 16:32:56,284 - INFO - Created a memory-only package.
2026-09-02 16:32:56,286 - INFO - Using writeable comtypes cache directory: 'C:\Users\EXPRESS\AppData\Roaming\Python\Python314\comtypes_cache'
2026-09-02 16:32:56,297 - DEBUG - GetModule(qedit.dll), resolved: False
2026-09-02 16:32:56,314 - DEBUG - GetModule(TLIBATTR(GUID={78530B68-61F9-11D2-8CAD-00A024580902}, Version=1.0, LCID=0, FLags=0x8))
2026-09-02 16:32:56,367 - DEBUG - Release <POINTER(ITypeLib) ptr=0x13f9fcec980 at 13fa2fafa20>
2026-09-02 16:32:56,367 - DEBUG - GetModule(quartz.dll), resolved: False
2026-09-02 16:32:56,382 - DEBUG - GetModule(TLIBATTR(GUID={56A868B0-0AD4-11CE-B03A-0020AF0BA770}, Version=1.0, LCID=0, FLags=0x8))
2026-09-02 16:32:56,401 - DEBUG - Release <POINTER(ITypeLib) ptr=0x13f9fcec980 at 13fa2fafa20>
2026-09-02 16:32:59,630 - INFO - UI load successful
2026-09-02 16:33:19,720 - INFO - Profile : Supervisor
2026-09-02 16:35:48,457 - INFO - File selected : D:/TeamDev/DLL_Galvo/GalvoUI_2/40mm_square.svg
2026-09-02 16:35:53,474 - INFO - Parameters saved for D:/TeamDev/DLL_Galvo/GalvoUI_2/40mm_square.svg
2026-09-02 16:38:41,024 - INFO - Close event ignored.
2026-09-02 16:51:25,597 - DEBUG - OpenGL_accelerate module loaded
2026-09-02 16:51:25,633 - DEBUG - Using accelerated ArrayDatatype
2026-09-02 16:51:26,243 - DEBUG - CoInitializeEx(None, 2)
2026-09-02 16:51:26,354 - INFO - Could not import comtypes.gen, trying to create it.
2026-09-02 16:51:26,354 - INFO - Creating comtypes.gen package failed: [WinError 5] Access is denied: 'C:\\Program Files\\Python314\\Lib\\site-packages\\comtypes\\gen'
2026-09-02 16:51:26,355 - INFO - Created a memory-only package.
2026-09-02 16:51:26,358 - INFO - Using writeable comtypes cache directory: 'C:\Users\EXPRESS\AppData\Roaming\Python\Python314\comtypes_cache'
2026-09-02 16:51:26,372 - DEBUG - GetModule(qedit.dll), resolved: False
2026-09-02 16:51:26,384 - DEBUG - GetModule(TLIBATTR(GUID={78530B68-61F9-11D2-8CAD-00A024580902}, Version=1.0, LCID=0, FLags=0x8))
2026-09-02 16:51:26,428 - DEBUG - Release <POINTER(ITypeLib) ptr=0x220273db690 at 2202b7bf890>
2026-09-02 16:51:26,428 - DEBUG - GetModule(quartz.dll), resolved: False
2026-09-02 16:51:26,443 - DEBUG - GetModule(TLIBATTR(GUID={56A868B0-0AD4-11CE-B03A-0020AF0BA770}, Version=1.0, LCID=0, FLags=0x8))
2026-09-02 16:51:26,454 - DEBUG - Release <POINTER(ITypeLib) ptr=0x220273dd4d0 at 2202b7bf890>
2026-09-02 16:51:29,801 - INFO - UI load successful
2026-09-02 16:51:56,436 - INFO - Profile : Supervisor
2026-09-02 16:54:43,530 - CRITICAL - Laser 1 : OFF
2026-09-02 16:54:43,530 - CRITICAL - Laser 2 : OFF
2026-09-02 16:54:43,530 - INFO - Stepper Lasers Shutdown
2026-09-02 16:54:43,530 - INFO - COM connection close successfully
2026-09-02 16:54:43,530 - INFO - Main window close successfully
2026-09-02 16:54:43,530 - INFO - ==================================================
2026-09-02 16:54:43,530 - INFO - New session close at 2026-09-02 16:54
2026-09-02 16:54:43,530 - INFO - ==================================================
2026-09-02 16:54:43,547 - DEBUG - Calling CoUninitialize()
2026-09-02 16:54:43,547 - DEBUG - CoUninitialize() done.
2026-09-02 16:54:50,451 - DEBUG - OpenGL_accelerate module loaded
2026-09-02 16:54:50,470 - DEBUG - Using accelerated ArrayDatatype
2026-09-02 16:54:50,814 - DEBUG - CoInitializeEx(None, 2)
2026-09-02 16:54:50,892 - INFO - Could not import comtypes.gen, trying to create it.
2026-09-02 16:54:50,893 - INFO - Creating comtypes.gen package failed: [WinError 5] Access is denied: 'C:\\Program Files\\Python314\\Lib\\site-packages\\comtypes\\gen'
2026-09-02 16:54:50,893 - INFO - Created a memory-only package.
2026-09-02 16:54:50,895 - INFO - Using writeable comtypes cache directory: 'C:\Users\EXPRESS\AppData\Roaming\Python\Python314\comtypes_cache'
2026-09-02 16:54:50,905 - DEBUG - GetModule(qedit.dll), resolved: False
2026-09-02 16:54:50,917 - DEBUG - GetModule(TLIBATTR(GUID={78530B68-61F9-11D2-8CAD-00A024580902}, Version=1.0, LCID=0, FLags=0x8))
2026-09-02 16:54:50,957 - DEBUG - Release <POINTER(ITypeLib) ptr=0x2c484a92d00 at 2c487a73890>
2026-09-02 16:54:50,957 - DEBUG - GetModule(quartz.dll), resolved: False
2026-09-02 16:54:50,972 - DEBUG - GetModule(TLIBATTR(GUID={56A868B0-0AD4-11CE-B03A-0020AF0BA770}, Version=1.0, LCID=0, FLags=0x8))
2026-09-02 16:54:50,980 - DEBUG - Release <POINTER(ITypeLib) ptr=0x2c484a92d00 at 2c487a73890>
2026-09-02 16:54:51,361 - INFO - UI load successful
2026-09-02 16:56:35,316 - DEBUG - OpenGL_accelerate module loaded
2026-09-02 16:56:35,350 - DEBUG - Using accelerated ArrayDatatype
2026-09-02 16:56:35,774 - DEBUG - CoInitializeEx(None, 2)
2026-09-02 16:56:35,871 - INFO - Could not import comtypes.gen, trying to create it.
2026-09-02 16:56:35,871 - INFO - Creating comtypes.gen package failed: [WinError 5] Access is denied: 'C:\\Program Files\\Python314\\Lib\\site-packages\\comtypes\\gen'
2026-09-02 16:56:35,871 - INFO - Created a memory-only package.
2026-09-02 16:56:35,873 - INFO - Using writeable comtypes cache directory: 'C:\Users\EXPRESS\AppData\Roaming\Python\Python314\comtypes_cache'
2026-09-02 16:56:35,885 - DEBUG - GetModule(qedit.dll), resolved: False
2026-09-02 16:56:35,897 - DEBUG - GetModule(TLIBATTR(GUID={78530B68-61F9-11D2-8CAD-00A024580902}, Version=1.0, LCID=0, FLags=0x8))
2026-09-02 16:56:35,954 - DEBUG - Release <POINTER(ITypeLib) ptr=0x1975c7a3b60 at 19760bdf890>
2026-09-02 16:56:35,955 - DEBUG - GetModule(quartz.dll), resolved: False
2026-09-02 16:56:35,968 - DEBUG - GetModule(TLIBATTR(GUID={56A868B0-0AD4-11CE-B03A-0020AF0BA770}, Version=1.0, LCID=0, FLags=0x8))
2026-09-02 16:56:35,977 - DEBUG - Release <POINTER(ITypeLib) ptr=0x1975c7a3b60 at 19760bdf890>
2026-09-02 16:56:39,037 - INFO - UI load successful
2026-09-02 16:57:11,391 - INFO - Profile : Supervisor
2026-09-02 16:57:36,107 - INFO - File selected : D:/TeamDev/DLL_Galvo/GalvoUI_2/40mm_square.svg
2026-09-02 16:57:38,846 - INFO - Parameters saved for D:/TeamDev/DLL_Galvo/GalvoUI_2/40mm_square.svg
2026-09-02 16:58:01,252 - INFO - Parameters saved for D:/TeamDev/DLL_Galvo/GalvoUI_2/40mm_square.svg
2026-09-02 17:09:25,153 - DEBUG - OpenGL_accelerate module loaded
2026-09-02 17:09:25,175 - DEBUG - Using accelerated ArrayDatatype
2026-09-02 17:09:25,579 - DEBUG - CoInitializeEx(None, 2)
2026-09-02 17:09:25,669 - INFO - Could not import comtypes.gen, trying to create it.
2026-09-02 17:09:25,669 - INFO - Creating comtypes.gen package failed: [WinError 5] Access is denied: 'C:\\Program Files\\Python314\\Lib\\site-packages\\comtypes\\gen'
2026-09-02 17:09:25,669 - INFO - Created a memory-only package.
2026-09-02 17:09:25,672 - INFO - Using writeable comtypes cache directory: 'C:\Users\EXPRESS\AppData\Roaming\Python\Python314\comtypes_cache'
2026-09-02 17:09:25,682 - DEBUG - GetModule(qedit.dll), resolved: False
2026-09-02 17:09:25,692 - DEBUG - GetModule(TLIBATTR(GUID={78530B68-61F9-11D2-8CAD-00A024580902}, Version=1.0, LCID=0, FLags=0x8))
2026-09-02 17:09:25,751 - DEBUG - Release <POINTER(ITypeLib) ptr=0x20997385680 at 2099b743890>
2026-09-02 17:09:25,751 - DEBUG - GetModule(quartz.dll), resolved: False
2026-09-02 17:09:25,765 - DEBUG - GetModule(TLIBATTR(GUID={56A868B0-0AD4-11CE-B03A-0020AF0BA770}, Version=1.0, LCID=0, FLags=0x8))
2026-09-02 17:09:25,773 - DEBUG - Release <POINTER(ITypeLib) ptr=0x20997384b80 at 2099b743890>
2026-09-02 17:09:30,600 - INFO - UI load successful
2026-09-02 17:09:51,738 - INFO - Profile : Supervisor
2026-09-03 14:50:00,873 - DEBUG - OpenGL_accelerate module loaded
2026-09-03 14:50:00,980 - DEBUG - Using accelerated ArrayDatatype
2026-09-03 14:50:02,798 - DEBUG - CoInitializeEx(None, 2)
2026-09-03 14:50:03,153 - INFO - Could not import comtypes.gen, trying to create it.
2026-09-03 14:50:03,153 - INFO - Creating comtypes.gen package failed: [WinError 5] Access is denied: 'C:\\Program Files\\Python314\\Lib\\site-packages\\comtypes\\gen'
2026-09-03 14:50:03,154 - INFO - Created a memory-only package.
2026-09-03 14:50:03,156 - INFO - Using writeable comtypes cache directory: 'C:\Users\EXPRESS\AppData\Roaming\Python\Python314\comtypes_cache'
2026-09-03 14:50:03,193 - DEBUG - GetModule(qedit.dll), resolved: False
2026-09-03 14:50:03,202 - DEBUG - GetModule(TLIBATTR(GUID={78530B68-61F9-11D2-8CAD-00A024580902}, Version=1.0, LCID=0, FLags=0x8))
2026-09-03 14:50:03,275 - DEBUG - Release <POINTER(ITypeLib) ptr=0x21562516fb0 at 2156676fa20>
2026-09-03 14:50:03,275 - DEBUG - GetModule(quartz.dll), resolved: False
2026-09-03 14:50:03,283 - DEBUG - GetModule(TLIBATTR(GUID={56A868B0-0AD4-11CE-B03A-0020AF0BA770}, Version=1.0, LCID=0, FLags=0x8))
2026-09-03 14:50:03,299 - DEBUG - Release <POINTER(ITypeLib) ptr=0x21562516770 at 2156676fa20>
2026-09-03 14:50:06,567 - INFO - UI load successful
2026-09-03 14:51:57,595 - INFO - Profile : Supervisor
2026-09-03 14:52:08,383 - INFO - Galvo Laser Shutdown
2026-09-03 14:52:08,386 - CRITICAL - Laser 1 : OFF
2026-09-03 14:52:08,387 - CRITICAL - Laser 2 : OFF
2026-09-03 14:52:08,387 - INFO - Stepper Lasers Shutdown
2026-09-03 14:52:08,387 - INFO - COM connection close successfully
2026-09-03 14:52:08,387 - INFO - Main window close successfully
2026-09-03 14:52:08,387 - INFO - ==================================================
2026-09-03 14:52:08,387 - INFO - New session close at 2026-09-03 14:52
2026-09-03 14:52:08,387 - INFO - ==================================================
2026-09-03 14:52:08,395 - DEBUG - Calling CoUninitialize()
2026-09-03 14:52:08,395 - DEBUG - CoUninitialize() done.
2026-09-03 14:53:01,671 - DEBUG - OpenGL_accelerate module loaded
2026-09-03 14:53:01,681 - DEBUG - Using accelerated ArrayDatatype
2026-09-03 14:53:01,906 - DEBUG - CoInitializeEx(None, 2)
2026-09-03 14:53:01,949 - INFO - Could not import comtypes.gen, trying to create it.
2026-09-03 14:53:01,949 - INFO - Creating comtypes.gen package failed: [WinError 5] Access is denied: 'C:\\Program Files\\Python314\\Lib\\site-packages\\comtypes\\gen'
2026-09-03 14:53:01,949 - INFO - Created a memory-only package.
2026-09-03 14:53:01,952 - INFO - Using writeable comtypes cache directory: 'C:\Users\EXPRESS\AppData\Roaming\Python\Python314\comtypes_cache'
2026-09-03 14:53:01,958 - DEBUG - GetModule(qedit.dll), resolved: False
2026-09-03 14:53:01,959 - DEBUG - GetModule(TLIBATTR(GUID={78530B68-61F9-11D2-8CAD-00A024580902}, Version=1.0, LCID=0, FLags=0x8))
2026-09-03 14:53:01,982 - DEBUG - Release <POINTER(ITypeLib) ptr=0x130546dcc20 at 130589ff890>
2026-09-03 14:53:01,982 - DEBUG - GetModule(quartz.dll), resolved: False
2026-09-03 14:53:01,983 - DEBUG - GetModule(TLIBATTR(GUID={56A868B0-0AD4-11CE-B03A-0020AF0BA770}, Version=1.0, LCID=0, FLags=0x8))
2026-09-03 14:53:01,990 - DEBUG - Release <POINTER(ITypeLib) ptr=0x130546dd1a0 at 130589ff890>
2026-09-03 14:53:04,969 - INFO - UI load successful
2026-09-03 14:53:05,315 - INFO - Com : com, Port : ['COM1', 'COM9', 'COM10'], Baud : ['9600', '57600', '115200', '250000']
2026-09-03 14:53:05,319 - ERROR - Error : Invalid Input > Kindly select a COM port.
2026-09-03 14:53:25,209 - DEBUG - {E436EBB3-524F-11CE-9F53-0020AF0BA770} -> {E436EBB3-524F-11CE-9F53-0020AF0BA770}
2026-09-03 14:53:25,209 - DEBUG - CoCreateInstance({E436EBB3-524F-11CE-9F53-0020AF0BA770}, clsctx=None, interface=<class 'comtypes.gen._78530B68_61F9_11D2_8CAD_00A024580902_0_1_0.IFilterGraph'>)
2026-09-03 14:53:25,226 - DEBUG - {BF87B6E1-8C27-11d0-B3F0-00AA003761C5} -> {BF87B6E1-8C27-11D0-B3F0-00AA003761C5}
2026-09-03 14:53:25,226 - DEBUG - CoCreateInstance({BF87B6E1-8C27-11D0-B3F0-00AA003761C5}, clsctx=None, interface=<class 'pygrabber.dshow_core.ICaptureGraphBuilder2'>)
2026-09-03 14:53:25,238 - DEBUG - {62BE5D10-60EB-11d0-BD3B-00A0C911CE86} -> {62BE5D10-60EB-11D0-BD3B-00A0C911CE86}
2026-09-03 14:53:25,239 - DEBUG - CoCreateInstance({62BE5D10-60EB-11D0-BD3B-00A0C911CE86}, clsctx=None, interface=<class 'pygrabber.dshow_core.ICreateDevEnum'>)
2026-09-03 14:53:25,727 - DEBUG - Release <POINTER(IEnumMoniker) ptr=0x1305c3c0e60 at 1305cd8b250>
2026-09-03 14:53:25,727 - DEBUG - Release <POINTER(ICaptureGraphBuilder2) ptr=0x1305c3c0078 at 1305cd8ada0>
2026-09-03 14:53:25,730 - DEBUG - Release <POINTER(IFilterGraph) ptr=0x1305c841940 at 1305cd8a5d0>
2026-09-03 14:53:25,730 - DEBUG - Release <POINTER(IGraphBuilder) ptr=0x1305c841940 at 1305cd8a440>
2026-09-03 14:53:25,730 - DEBUG - Release <POINTER(IMediaControl) ptr=0x13054c60758 at 1305cd8a760>
2026-09-03 14:53:25,730 - DEBUG - Release <POINTER(IMediaEvent) ptr=0x13054c60790 at 1305cd8a8f0>
2026-09-03 14:53:25,731 - DEBUG - Release <POINTER(ICreateDevEnum) ptr=0x1305be59cc0 at 1305cd8aa80>
2026-09-03 14:53:25,731 - DEBUG - Release <POINTER(IWMProfileManager2) ptr=0x1305be21ec0 at 1305cd8ac10>
2026-09-03 14:53:25,737 - DEBUG - Release <POINTER(IWMProfile) ptr=0x13063645f20 at 1305bac6780>
2026-09-03 14:53:25,738 - DEBUG - Release <POINTER(IWMProfile) ptr=0x130636440f0 at 1305bac66d0>
2026-09-03 14:53:25,738 - DEBUG - Release <POINTER(IWMProfile) ptr=0x13063644540 at 130589aebd0>
2026-09-03 14:53:25,738 - DEBUG - Release <POINTER(IWMProfile) ptr=0x130636467c0 at 130589aeb10>
2026-09-03 14:53:25,738 - DEBUG - Release <POINTER(IWMProfile) ptr=0x13063642710 at 1305ba82680>
2026-09-03 14:53:25,739 - DEBUG - Release <POINTER(IWMProfile) ptr=0x13063643850 at 13058ad9d30>
2026-09-03 14:53:25,739 - DEBUG - Release <POINTER(IWMProfile) ptr=0x1306363e660 at 13058ad9fd0>
2026-09-03 14:53:25,739 - DEBUG - Release <POINTER(IWMProfile) ptr=0x13063640490 at 1305904f3e0>
2026-09-03 14:53:25,740 - DEBUG - Release <POINTER(IWMProfile) ptr=0x13063640040 at 1305904f4d0>
2026-09-03 14:53:25,740 - DEBUG - Release <POINTER(IWMProfile) ptr=0x130636422c0 at 130589ced50>
2026-09-03 14:53:25,740 - DEBUG - Release <POINTER(IWMProfile) ptr=0x1306363e210 at 13057804950>
2026-09-03 14:53:25,740 - DEBUG - Release <POINTER(IWMProfile) ptr=0x13063641e70 at 13058aa09e0>
2026-09-03 14:53:25,740 - DEBUG - Release <POINTER(IWMProfile) ptr=0x1306363f7a0 at 13058aa0af0>
2026-09-03 14:53:25,741 - DEBUG - Release <POINTER(IWMProfile) ptr=0x1306363ddc0 at 13058ae1490>
2026-09-03 14:53:25,741 - DEBUG - Release <POINTER(IWMProfile) ptr=0x13063641a20 at 13058a6a8b0>
2026-09-03 14:53:25,741 - DEBUG - Release <POINTER(IWMProfile) ptr=0x130636415d0 at 13058a6a9e0>
2026-09-03 14:53:25,741 - DEBUG - Release <POINTER(IWMProfile) ptr=0x1306363ef00 at 13058ac9810>
2026-09-03 14:53:25,741 - DEBUG - Release <POINTER(IWMProfile) ptr=0x13063640d30 at 13058ac96d0>
2026-09-03 14:53:25,742 - DEBUG - Release <POINTER(IWMProfile) ptr=0x130636408e0 at 1305babdd30>
2026-09-03 14:53:25,742 - DEBUG - Release <POINTER(IWMProfile) ptr=0x13063641180 at 1305babdbe0>
2026-09-03 14:53:25,742 - DEBUG - Release <POINTER(IWMProfile) ptr=0x1306363fbf0 at 1305cd9c050>
2026-09-03 14:53:25,742 - DEBUG - Release <POINTER(IWMProfile) ptr=0x1306363f350 at 13058a89a30>
2026-09-03 14:53:25,742 - DEBUG - Release <POINTER(IWMProfile) ptr=0x1306363eab0 at 13058a895e0>
2026-09-03 14:53:25,743 - DEBUG - Release <POINTER(IWMProfile) ptr=0x1306363a160 at 13058ecf1d0>
2026-09-03 14:53:25,743 - DEBUG - Release <POINTER(IWMProfile) ptr=0x13063639d10 at 13058ecf050>
2026-09-03 14:53:25,743 - DEBUG - Release <POINTER(IWMProfile) ptr=0x1306363d970 at 1305cd8b0c0>
2026-09-03 14:53:25,743 - DEBUG - Release <POINTER(IWMProfile) ptr=0x130636398c0 at 1305cd8af30>
2026-09-03 15:01:21,770 - DEBUG - OpenGL_accelerate module loaded
2026-09-03 15:01:21,781 - DEBUG - Using accelerated ArrayDatatype
2026-09-03 15:01:22,039 - DEBUG - CoInitializeEx(None, 2)
2026-09-03 15:01:22,172 - INFO - Could not import comtypes.gen, trying to create it.
2026-09-03 15:01:22,172 - INFO - Creating comtypes.gen package failed: [WinError 5] Access is denied: 'C:\\Program Files\\Python314\\Lib\\site-packages\\comtypes\\gen'
2026-09-03 15:01:22,172 - INFO - Created a memory-only package.
2026-09-03 15:01:22,175 - INFO - Using writeable comtypes cache directory: 'C:\Users\EXPRESS\AppData\Roaming\Python\Python314\comtypes_cache'
2026-09-03 15:01:22,182 - DEBUG - GetModule(qedit.dll), resolved: False
2026-09-03 15:01:22,183 - DEBUG - GetModule(TLIBATTR(GUID={78530B68-61F9-11D2-8CAD-00A024580902}, Version=1.0, LCID=0, FLags=0x8))
2026-09-03 15:01:22,211 - DEBUG - Release <POINTER(ITypeLib) ptr=0x172a54d6330 at 172a96ef890>
2026-09-03 15:01:22,211 - DEBUG - GetModule(quartz.dll), resolved: False
2026-09-03 15:01:22,212 - DEBUG - GetModule(TLIBATTR(GUID={56A868B0-0AD4-11CE-B03A-0020AF0BA770}, Version=1.0, LCID=0, FLags=0x8))
2026-09-03 15:01:22,222 - DEBUG - Release <POINTER(ITypeLib) ptr=0x172a54d6b70 at 172a96ef890>
2026-09-03 15:01:25,286 - INFO - UI load successful
2026-09-03 15:01:39,870 - INFO - Profile : Supervisor
2026-09-03 15:07:24,699 - DEBUG - OpenGL_accelerate module loaded
2026-09-03 15:07:24,710 - DEBUG - Using accelerated ArrayDatatype
2026-09-03 15:07:24,941 - DEBUG - CoInitializeEx(None, 2)
2026-09-03 15:07:24,984 - INFO - Could not import comtypes.gen, trying to create it.
2026-09-03 15:07:24,984 - INFO - Creating comtypes.gen package failed: [WinError 5] Access is denied: 'C:\\Program Files\\Python314\\Lib\\site-packages\\comtypes\\gen'
2026-09-03 15:07:24,984 - INFO - Created a memory-only package.
2026-09-03 15:07:24,987 - INFO - Using writeable comtypes cache directory: 'C:\Users\EXPRESS\AppData\Roaming\Python\Python314\comtypes_cache'
2026-09-03 15:07:24,993 - DEBUG - GetModule(qedit.dll), resolved: False
2026-09-03 15:07:24,994 - DEBUG - GetModule(TLIBATTR(GUID={78530B68-61F9-11D2-8CAD-00A024580902}, Version=1.0, LCID=0, FLags=0x8))
2026-09-03 15:07:25,017 - DEBUG - Release <POINTER(ITypeLib) ptr=0x1d9a6c7cc80 at 1d9aafff890>
2026-09-03 15:07:25,018 - DEBUG - GetModule(quartz.dll), resolved: False
2026-09-03 15:07:25,018 - DEBUG - GetModule(TLIBATTR(GUID={56A868B0-0AD4-11CE-B03A-0020AF0BA770}, Version=1.0, LCID=0, FLags=0x8))
2026-09-03 15:07:25,026 - DEBUG - Release <POINTER(ITypeLib) ptr=0x1d9a6c7d780 at 1d9aafff890>
2026-09-03 15:07:28,017 - INFO - UI load successful
2026-09-03 15:07:44,852 - INFO - Profile : Supervisor
2026-09-03 15:13:54,869 - DEBUG - OpenGL_accelerate module loaded
2026-09-03 15:13:54,886 - DEBUG - Using accelerated ArrayDatatype
2026-09-03 15:13:55,258 - DEBUG - CoInitializeEx(None, 2)
2026-09-03 15:13:55,345 - INFO - Could not import comtypes.gen, trying to create it.
2026-09-03 15:13:55,345 - INFO - Creating comtypes.gen package failed: [WinError 5] Access is denied: 'C:\\Program Files\\Python314\\Lib\\site-packages\\comtypes\\gen'
2026-09-03 15:13:55,346 - INFO - Created a memory-only package.
2026-09-03 15:13:55,348 - INFO - Using writeable comtypes cache directory: 'C:\Users\EXPRESS\AppData\Roaming\Python\Python314\comtypes_cache'
2026-09-03 15:13:55,358 - DEBUG - GetModule(qedit.dll), resolved: False
2026-09-03 15:13:55,375 - DEBUG - GetModule(TLIBATTR(GUID={78530B68-61F9-11D2-8CAD-00A024580902}, Version=1.0, LCID=0, FLags=0x8))
2026-09-03 15:13:55,411 - DEBUG - Release <POINTER(ITypeLib) ptr=0x1b4fc477a00 at 1b4ff74f890>
2026-09-03 15:13:55,411 - DEBUG - GetModule(quartz.dll), resolved: False
2026-09-03 15:13:55,424 - DEBUG - GetModule(TLIBATTR(GUID={56A868B0-0AD4-11CE-B03A-0020AF0BA770}, Version=1.0, LCID=0, FLags=0x8))
2026-09-03 15:13:55,434 - DEBUG - Release <POINTER(ITypeLib) ptr=0x1b4fc477a00 at 1b4ff74f890>
2026-09-03 15:13:58,558 - INFO - UI load successful
2026-09-03 15:14:19,047 - INFO - Profile : Supervisor
2026-09-03 15:23:43,665 - DEBUG - OpenGL_accelerate module loaded
2026-09-03 15:23:43,690 - DEBUG - Using accelerated ArrayDatatype
2026-09-03 15:23:44,085 - DEBUG - CoInitializeEx(None, 2)
2026-09-03 15:23:44,213 - INFO - Could not import comtypes.gen, trying to create it.
2026-09-03 15:23:44,213 - INFO - Creating comtypes.gen package failed: [WinError 5] Access is denied: 'C:\\Program Files\\Python314\\Lib\\site-packages\\comtypes\\gen'
2026-09-03 15:23:44,214 - INFO - Created a memory-only package.
2026-09-03 15:23:44,217 - INFO - Using writeable comtypes cache directory: 'C:\Users\EXPRESS\AppData\Roaming\Python\Python314\comtypes_cache'
2026-09-03 15:23:44,229 - DEBUG - GetModule(qedit.dll), resolved: False
2026-09-03 15:23:44,242 - DEBUG - GetModule(TLIBATTR(GUID={78530B68-61F9-11D2-8CAD-00A024580902}, Version=1.0, LCID=0, FLags=0x8))
2026-09-03 15:23:44,288 - DEBUG - Release <POINTER(ITypeLib) ptr=0x11dff60ba80 at 11d8346f890>
2026-09-03 15:23:44,289 - DEBUG - GetModule(quartz.dll), resolved: False
2026-09-03 15:23:44,304 - DEBUG - GetModule(TLIBATTR(GUID={56A868B0-0AD4-11CE-B03A-0020AF0BA770}, Version=1.0, LCID=0, FLags=0x8))
2026-09-03 15:23:44,325 - DEBUG - Release <POINTER(ITypeLib) ptr=0x11dff60c840 at 11d8346f890>
2026-09-03 15:23:44,748 - INFO - UI load successful
2026-09-03 15:23:55,889 - INFO - Profile : Supervisor
2026-09-03 15:25:41,076 - DEBUG - OpenGL_accelerate module loaded
2026-09-03 15:25:41,086 - DEBUG - Using accelerated ArrayDatatype
2026-09-03 15:25:41,307 - DEBUG - CoInitializeEx(None, 2)
2026-09-03 15:25:41,351 - INFO - Could not import comtypes.gen, trying to create it.
2026-09-03 15:25:41,351 - INFO - Creating comtypes.gen package failed: [WinError 5] Access is denied: 'C:\\Program Files\\Python314\\Lib\\site-packages\\comtypes\\gen'
2026-09-03 15:25:41,352 - INFO - Created a memory-only package.
2026-09-03 15:25:41,354 - INFO - Using writeable comtypes cache directory: 'C:\Users\EXPRESS\AppData\Roaming\Python\Python314\comtypes_cache'
2026-09-03 15:25:41,361 - DEBUG - GetModule(qedit.dll), resolved: False
2026-09-03 15:25:41,362 - DEBUG - GetModule(TLIBATTR(GUID={78530B68-61F9-11D2-8CAD-00A024580902}, Version=1.0, LCID=0, FLags=0x8))
2026-09-03 15:25:41,386 - DEBUG - Release <POINTER(ITypeLib) ptr=0x14ad447a780 at 14ad86ff890>
2026-09-03 15:25:41,386 - DEBUG - GetModule(quartz.dll), resolved: False
2026-09-03 15:25:41,387 - DEBUG - GetModule(TLIBATTR(GUID={56A868B0-0AD4-11CE-B03A-0020AF0BA770}, Version=1.0, LCID=0, FLags=0x8))
2026-09-03 15:25:41,398 - DEBUG - Release <POINTER(ITypeLib) ptr=0x14ad4477340 at 14ad86ff890>
2026-09-03 15:25:43,983 - INFO - UI load successful
2026-09-03 15:25:53,990 - INFO - Profile : Supervisor
2026-09-03 15:31:34,971 - DEBUG - OpenGL_accelerate module loaded
2026-09-03 15:31:35,002 - DEBUG - Using accelerated ArrayDatatype
2026-09-03 15:31:35,435 - DEBUG - CoInitializeEx(None, 2)
2026-09-03 15:31:35,547 - INFO - Could not import comtypes.gen, trying to create it.
2026-09-03 15:31:35,547 - INFO - Creating comtypes.gen package failed: [WinError 5] Access is denied: 'C:\\Program Files\\Python314\\Lib\\site-packages\\comtypes\\gen'
2026-09-03 15:31:35,547 - INFO - Created a memory-only package.
2026-09-03 15:31:35,550 - INFO - Using writeable comtypes cache directory: 'C:\Users\EXPRESS\AppData\Roaming\Python\Python314\comtypes_cache'
2026-09-03 15:31:35,562 - DEBUG - GetModule(qedit.dll), resolved: False
2026-09-03 15:31:35,574 - DEBUG - GetModule(TLIBATTR(GUID={78530B68-61F9-11D2-8CAD-00A024580902}, Version=1.0, LCID=0, FLags=0x8))
2026-09-03 15:31:35,615 - DEBUG - Release <POINTER(ITypeLib) ptr=0x23ed869a180 at 23edb4bfa20>
2026-09-03 15:31:35,615 - DEBUG - GetModule(quartz.dll), resolved: False
2026-09-03 15:31:35,628 - DEBUG - GetModule(TLIBATTR(GUID={56A868B0-0AD4-11CE-B03A-0020AF0BA770}, Version=1.0, LCID=0, FLags=0x8))
2026-09-03 15:31:35,638 - DEBUG - Release <POINTER(ITypeLib) ptr=0x23ed8699ec0 at 23edb4bfa20>
2026-09-03 15:31:39,013 - INFO - UI load successful
2026-09-03 15:31:47,761 - INFO - Profile : Supervisor
2026-09-03 15:35:00,658 - DEBUG - OpenGL_accelerate module loaded
2026-09-03 15:35:00,678 - DEBUG - Using accelerated ArrayDatatype
2026-09-03 15:35:01,033 - DEBUG - CoInitializeEx(None, 2)
2026-09-03 15:35:01,138 - INFO - Could not import comtypes.gen, trying to create it.
2026-09-03 15:35:01,139 - INFO - Creating comtypes.gen package failed: [WinError 5] Access is denied: 'C:\\Program Files\\Python314\\Lib\\site-packages\\comtypes\\gen'
2026-09-03 15:35:01,139 - INFO - Created a memory-only package.
2026-09-03 15:35:01,141 - INFO - Using writeable comtypes cache directory: 'C:\Users\EXPRESS\AppData\Roaming\Python\Python314\comtypes_cache'
2026-09-03 15:35:01,152 - DEBUG - GetModule(qedit.dll), resolved: False
2026-09-03 15:35:01,168 - DEBUG - GetModule(TLIBATTR(GUID={78530B68-61F9-11D2-8CAD-00A024580902}, Version=1.0, LCID=0, FLags=0x8))
2026-09-03 15:35:01,216 - DEBUG - Release <POINTER(ITypeLib) ptr=0x19e28984770 at 19e2d60f890>
2026-09-03 15:35:01,216 - DEBUG - GetModule(quartz.dll), resolved: False
2026-09-03 15:35:01,228 - DEBUG - GetModule(TLIBATTR(GUID={56A868B0-0AD4-11CE-B03A-0020AF0BA770}, Version=1.0, LCID=0, FLags=0x8))
2026-09-03 15:35:01,236 - DEBUG - Release <POINTER(ITypeLib) ptr=0x19e28984770 at 19e2d60f890>
2026-09-03 15:35:04,456 - INFO - UI load successful
2026-09-03 15:35:26,428 - INFO - Profile : Supervisor
2026-09-03 15:38:30,101 - DEBUG - OpenGL_accelerate module loaded
2026-09-03 15:38:30,111 - DEBUG - Using accelerated ArrayDatatype
2026-09-03 15:38:30,333 - DEBUG - CoInitializeEx(None, 2)
2026-09-03 15:38:30,374 - INFO - Could not import comtypes.gen, trying to create it.
2026-09-03 15:38:30,375 - INFO - Creating comtypes.gen package failed: [WinError 5] Access is denied: 'C:\\Program Files\\Python314\\Lib\\site-packages\\comtypes\\gen'
2026-09-03 15:38:30,375 - INFO - Created a memory-only package.
2026-09-03 15:38:30,377 - INFO - Using writeable comtypes cache directory: 'C:\Users\EXPRESS\AppData\Roaming\Python\Python314\comtypes_cache'
2026-09-03 15:38:30,384 - DEBUG - GetModule(qedit.dll), resolved: False
2026-09-03 15:38:30,385 - DEBUG - GetModule(TLIBATTR(GUID={78530B68-61F9-11D2-8CAD-00A024580902}, Version=1.0, LCID=0, FLags=0x8))
2026-09-03 15:38:30,407 - DEBUG - Release <POINTER(ITypeLib) ptr=0x18899f8b3d0 at 1889e21f890>
2026-09-03 15:38:30,408 - DEBUG - GetModule(quartz.dll), resolved: False
2026-09-03 15:38:30,409 - DEBUG - GetModule(TLIBATTR(GUID={56A868B0-0AD4-11CE-B03A-0020AF0BA770}, Version=1.0, LCID=0, FLags=0x8))
2026-09-03 15:38:30,418 - DEBUG - Release <POINTER(ITypeLib) ptr=0x18899f8c450 at 1889e21f890>
2026-09-03 15:38:33,532 - INFO - UI load successful
2026-09-03 15:38:43,109 - INFO - Profile : Supervisor
2026-09-03 15:41:35,627 - INFO - File selected : D:/TeamDev/DLL_Galvo/GalvoUI_2/40mm_square.svg
2026-09-03 15:41:41,489 - INFO - Parameters saved for D:/TeamDev/DLL_Galvo/GalvoUI_2/40mm_square.svg
2026-09-03 15:42:25,049 - INFO - Parameters saved for D:/TeamDev/DLL_Galvo/GalvoUI_2/40mm_square.svg
2026-09-03 15:46:15,696 - INFO - Parameters saved for D:/TeamDev/DLL_Galvo/GalvoUI_2/40mm_square.svg
2026-09-03 15:46:39,420 - INFO - Parameters saved for D:/TeamDev/DLL_Galvo/GalvoUI_2/40mm_square.svg
2026-09-03 15:47:03,760 - INFO - Galvo Laser Shutdown
2026-09-03 15:47:03,803 - CRITICAL - Laser 1 : OFF
2026-09-03 15:47:03,803 - CRITICAL - Laser 2 : OFF
2026-09-03 15:47:03,803 - INFO - Stepper Lasers Shutdown
2026-09-03 15:47:03,803 - INFO - COM connection close successfully
2026-09-03 15:47:03,804 - INFO - Main window close successfully
2026-09-03 15:47:03,804 - INFO - ==================================================
2026-09-03 15:47:03,804 - INFO - New session close at 2026-09-03 15:47
2026-09-03 15:47:03,804 - INFO - ==================================================
2026-09-03 15:47:03,822 - DEBUG - Calling CoUninitialize()
2026-09-03 15:47:03,822 - DEBUG - CoUninitialize() done.
2026-09-03 15:50:50,018 - DEBUG - OpenGL_accelerate module loaded
2026-09-03 15:50:50,028 - DEBUG - Using accelerated ArrayDatatype
2026-09-03 15:50:50,252 - DEBUG - CoInitializeEx(None, 2)
2026-09-03 15:50:50,296 - INFO - Could not import comtypes.gen, trying to create it.
2026-09-03 15:50:50,296 - INFO - Creating comtypes.gen package failed: [WinError 5] Access is denied: 'C:\\Program Files\\Python314\\Lib\\site-packages\\comtypes\\gen'
2026-09-03 15:50:50,296 - INFO - Created a memory-only package.
2026-09-03 15:50:50,299 - INFO - Using writeable comtypes cache directory: 'C:\Users\EXPRESS\AppData\Roaming\Python\Python314\comtypes_cache'
2026-09-03 15:50:50,305 - DEBUG - GetModule(qedit.dll), resolved: False
2026-09-03 15:50:50,306 - DEBUG - GetModule(TLIBATTR(GUID={78530B68-61F9-11D2-8CAD-00A024580902}, Version=1.0, LCID=0, FLags=0x8))
2026-09-03 15:50:50,329 - DEBUG - Release <POINTER(ITypeLib) ptr=0x29a8c42a2c0 at 29a9041f890>
2026-09-03 15:50:50,330 - DEBUG - GetModule(quartz.dll), resolved: False
2026-09-03 15:50:50,331 - DEBUG - GetModule(TLIBATTR(GUID={56A868B0-0AD4-11CE-B03A-0020AF0BA770}, Version=1.0, LCID=0, FLags=0x8))
2026-09-03 15:50:50,338 - DEBUG - Release <POINTER(ITypeLib) ptr=0x29a8c4297c0 at 29a9041f890>
2026-09-03 15:50:53,370 - INFO - UI load successful
2026-09-03 15:51:14,477 - INFO - Profile : Supervisor
2026-09-03 15:52:03,070 - INFO - File selected : D:/TeamDev/DLL_Galvo/GalvoUI_2/40mm_square.svg
2026-09-03 15:52:06,481 - INFO - Parameters saved for D:/TeamDev/DLL_Galvo/GalvoUI_2/40mm_square.svg
2026-09-03 15:52:58,065 - INFO - Parameters saved for D:/TeamDev/DLL_Galvo/GalvoUI_2/40mm_square.svg
2026-09-03 16:21:08,262 - DEBUG - OpenGL_accelerate module loaded
2026-09-03 16:21:08,289 - DEBUG - Using accelerated ArrayDatatype
2026-09-03 16:21:08,671 - DEBUG - CoInitializeEx(None, 2)
2026-09-03 16:21:08,765 - INFO - Could not import comtypes.gen, trying to create it.
2026-09-03 16:21:08,765 - INFO - Creating comtypes.gen package failed: [WinError 5] Access is denied: 'C:\\Program Files\\Python314\\Lib\\site-packages\\comtypes\\gen'
2026-09-03 16:21:08,766 - INFO - Created a memory-only package.
2026-09-03 16:21:08,768 - INFO - Using writeable comtypes cache directory: 'C:\Users\EXPRESS\AppData\Roaming\Python\Python314\comtypes_cache'
2026-09-03 16:21:08,779 - DEBUG - GetModule(qedit.dll), resolved: False
2026-09-03 16:21:08,788 - DEBUG - GetModule(TLIBATTR(GUID={78530B68-61F9-11D2-8CAD-00A024580902}, Version=1.0, LCID=0, FLags=0x8))
2026-09-03 16:21:08,822 - DEBUG - Release <POINTER(ITypeLib) ptr=0x1f7d9c3d700 at 1f7dca0f890>
2026-09-03 16:21:08,823 - DEBUG - GetModule(quartz.dll), resolved: False
2026-09-03 16:21:08,836 - DEBUG - GetModule(TLIBATTR(GUID={56A868B0-0AD4-11CE-B03A-0020AF0BA770}, Version=1.0, LCID=0, FLags=0x8))
2026-09-03 16:21:08,845 - DEBUG - Release <POINTER(ITypeLib) ptr=0x1f7d9c3c100 at 1f7dca0f890>
2026-09-03 16:21:15,462 - INFO - UI load successful
2026-09-03 16:21:50,974 - INFO - Profile : Supervisor
2026-09-03 16:22:26,591 - INFO - File selected : D:/TeamDev/DLL_Galvo/GalvoUI_2/40mm_square.svg
2026-09-03 16:22:31,621 - INFO - Parameters saved for D:/TeamDev/DLL_Galvo/GalvoUI_2/40mm_square.svg
2026-09-03 16:56:32,108 - DEBUG - OpenGL_accelerate module loaded
2026-09-03 16:56:32,134 - DEBUG - Using accelerated ArrayDatatype
2026-09-03 16:56:32,524 - DEBUG - CoInitializeEx(None, 2)
2026-09-03 16:56:32,631 - INFO - Could not import comtypes.gen, trying to create it.
2026-09-03 16:56:32,631 - INFO - Creating comtypes.gen package failed: [WinError 5] Access is denied: 'C:\\Program Files\\Python314\\Lib\\site-packages\\comtypes\\gen'
2026-09-03 16:56:32,631 - INFO - Created a memory-only package.
2026-09-03 16:56:32,634 - INFO - Using writeable comtypes cache directory: 'C:\Users\EXPRESS\AppData\Roaming\Python\Python314\comtypes_cache'
2026-09-03 16:56:32,644 - DEBUG - GetModule(qedit.dll), resolved: False
2026-09-03 16:56:32,658 - DEBUG - GetModule(TLIBATTR(GUID={78530B68-61F9-11D2-8CAD-00A024580902}, Version=1.0, LCID=0, FLags=0x8))
2026-09-03 16:56:32,701 - DEBUG - Release <POINTER(ITypeLib) ptr=0x2a844cee3c0 at 2a848fff890>
2026-09-03 16:56:32,701 - DEBUG - GetModule(quartz.dll), resolved: False
2026-09-03 16:56:32,711 - DEBUG - GetModule(TLIBATTR(GUID={56A868B0-0AD4-11CE-B03A-0020AF0BA770}, Version=1.0, LCID=0, FLags=0x8))
2026-09-03 16:56:32,720 - DEBUG - Release <POINTER(ITypeLib) ptr=0x2a844cf04c0 at 2a848fff890>
2026-09-03 16:56:36,336 - INFO - UI load successful
2026-09-03 16:57:12,023 - INFO - Profile : Supervisor
2026-09-03 16:57:51,080 - INFO - File selected : D:/TeamDev/DLL_Galvo/GalvoUI_2/40mm_square.svg
2026-09-03 16:58:07,657 - INFO - Parameters saved for D:/TeamDev/DLL_Galvo/GalvoUI_2/40mm_square.svg
2026-09-03 17:08:37,018 - INFO - Galvo Laser Shutdown
2026-09-03 17:08:37,061 - CRITICAL - Laser 1 : OFF
2026-09-03 17:08:37,062 - CRITICAL - Laser 2 : OFF
2026-09-03 17:08:37,062 - INFO - Stepper Lasers Shutdown
2026-09-03 17:08:37,063 - INFO - COM connection close successfully
2026-09-03 17:08:37,063 - INFO - Main window close successfully
2026-09-03 17:08:37,063 - INFO - ==================================================
2026-09-03 17:08:37,064 - INFO - New session close at 2026-09-03 17:08
2026-09-03 17:08:37,064 - INFO - ==================================================
2026-09-03 17:08:37,098 - DEBUG - Calling CoUninitialize()
2026-09-03 17:08:37,098 - DEBUG - CoUninitialize() done.
2026-09-03 17:09:57,427 - DEBUG - OpenGL_accelerate module loaded
2026-09-03 17:09:57,444 - DEBUG - Using accelerated ArrayDatatype
2026-09-03 17:09:57,768 - DEBUG - CoInitializeEx(None, 2)
2026-09-03 17:09:57,857 - INFO - Could not import comtypes.gen, trying to create it.
2026-09-03 17:09:57,857 - INFO - Creating comtypes.gen package failed: [WinError 5] Access is denied: 'C:\\Program Files\\Python314\\Lib\\site-packages\\comtypes\\gen'
2026-09-03 17:09:57,857 - INFO - Created a memory-only package.
2026-09-03 17:09:57,860 - INFO - Using writeable comtypes cache directory: 'C:\Users\EXPRESS\AppData\Roaming\Python\Python314\comtypes_cache'
2026-09-03 17:09:57,870 - DEBUG - GetModule(qedit.dll), resolved: False
2026-09-03 17:09:57,890 - DEBUG - GetModule(TLIBATTR(GUID={78530B68-61F9-11D2-8CAD-00A024580902}, Version=1.0, LCID=0, FLags=0x8))
2026-09-03 17:09:57,948 - DEBUG - Release <POINTER(ITypeLib) ptr=0x2152798ac60 at 2152bcbf890>
2026-09-03 17:09:57,948 - DEBUG - GetModule(quartz.dll), resolved: False
2026-09-03 17:09:57,962 - DEBUG - GetModule(TLIBATTR(GUID={56A868B0-0AD4-11CE-B03A-0020AF0BA770}, Version=1.0, LCID=0, FLags=0x8))
2026-09-03 17:09:57,979 - DEBUG - Release <POINTER(ITypeLib) ptr=0x2152798ac60 at 2152bcbf890>
2026-09-03 17:10:01,113 - INFO - UI load successful
2026-09-03 17:10:29,830 - INFO - Profile : Supervisor
2026-09-03 17:13:14,583 - INFO - File selected : D:/TeamDev/DLL_Galvo/GalvoUI_2/80mm_square.svg
2026-09-03 17:13:36,318 - INFO - Parameters saved for D:/TeamDev/DLL_Galvo/GalvoUI_2/80mm_square.svg
2026-09-03 17:15:19,687 - INFO - Galvo Laser Shutdown
2026-09-03 17:15:19,688 - CRITICAL - Laser 1 : OFF
2026-09-03 17:15:19,688 - CRITICAL - Laser 2 : OFF
2026-09-03 17:15:19,688 - INFO - Stepper Lasers Shutdown
2026-09-03 17:15:19,688 - INFO - COM connection close successfully
2026-09-03 17:15:19,688 - INFO - Main window close successfully
2026-09-03 17:15:19,688 - INFO - ==================================================
2026-09-03 17:15:19,689 - INFO - New session close at 2026-09-03 17:15
2026-09-03 17:15:19,689 - INFO - ==================================================
2026-09-03 17:15:19,700 - DEBUG - Calling CoUninitialize()
2026-09-03 17:15:19,702 - DEBUG - CoUninitialize() done.
2026-09-03 17:35:28,863 - DEBUG - OpenGL_accelerate module loaded
2026-09-03 17:35:28,890 - DEBUG - Using accelerated ArrayDatatype
2026-09-03 17:35:29,275 - DEBUG - CoInitializeEx(None, 2)
2026-09-03 17:35:29,381 - INFO - Could not import comtypes.gen, trying to create it.
2026-09-03 17:35:29,382 - INFO - Creating comtypes.gen package failed: [WinError 5] Access is denied: 'C:\\Program Files\\Python314\\Lib\\site-packages\\comtypes\\gen'
2026-09-03 17:35:29,382 - INFO - Created a memory-only package.
2026-09-03 17:35:29,385 - INFO - Using writeable comtypes cache directory: 'C:\Users\EXPRESS\AppData\Roaming\Python\Python314\comtypes_cache'
2026-09-03 17:35:29,394 - DEBUG - GetModule(qedit.dll), resolved: False
2026-09-03 17:35:29,406 - DEBUG - GetModule(TLIBATTR(GUID={78530B68-61F9-11D2-8CAD-00A024580902}, Version=1.0, LCID=0, FLags=0x8))
2026-09-03 17:35:29,437 - DEBUG - Release <POINTER(ITypeLib) ptr=0x22e02cf46c0 at 22e05f6f890>
2026-09-03 17:35:29,438 - DEBUG - GetModule(quartz.dll), resolved: False
2026-09-03 17:35:29,451 - DEBUG - GetModule(TLIBATTR(GUID={56A868B0-0AD4-11CE-B03A-0020AF0BA770}, Version=1.0, LCID=0, FLags=0x8))
2026-09-03 17:35:29,467 - DEBUG - Release <POINTER(ITypeLib) ptr=0x22e02cf3bc0 at 22e05f6f890>
2026-09-03 17:35:32,939 - INFO - UI load successful
2026-09-03 17:35:51,825 - INFO - Profile : Supervisor
2026-09-03 17:36:29,325 - INFO - File selected : D:/EXPRESS/Downloads/80x80mm.dxf
2026-09-03 17:36:57,719 - INFO - Parameters saved for D:/EXPRESS/Downloads/80x80mm.dxf
2026-09-03 17:36:57,724 - INFO - DXF version upgrade to DXF R2000.
2026-09-03 17:36:57,735 - INFO - creating ACAD_COLOR dictionary
2026-09-03 17:36:57,735 - INFO - creating ACAD_LAYOUT dictionary
2026-09-03 17:36:57,735 - INFO - creating ACAD_MATERIAL dictionary
2026-09-03 17:36:57,735 - INFO - creating ACAD_MLEADERSTYLE dictionary
2026-09-03 17:36:57,735 - INFO - creating ACAD_MLINESTYLE dictionary
2026-09-03 17:36:57,736 - INFO - creating ACAD_PLOTSETTINGS dictionary
2026-09-03 17:36:57,736 - INFO - creating ACAD_PLOTSTYLENAME dictionary
2026-09-03 17:36:57,736 - INFO - creating ACAD_SCALELIST dictionary
2026-09-03 17:36:57,736 - INFO - creating ACAD_TABLESTYLE dictionary
2026-09-03 17:36:57,736 - INFO - creating ACAD_VISUALSTYLE dictionary
2026-09-03 17:37:16,023 - INFO - File selected : D:/EXPRESS/Downloads/80x80mm.svg
2026-09-03 17:37:20,041 - INFO - Parameters saved for D:/EXPRESS/Downloads/80x80mm.svg
2026-09-03 17:46:42,147 - DEBUG - OpenGL_accelerate module loaded
2026-09-03 17:46:42,169 - DEBUG - Using accelerated ArrayDatatype
2026-09-03 17:46:42,520 - DEBUG - CoInitializeEx(None, 2)
2026-09-03 17:46:42,642 - INFO - Could not import comtypes.gen, trying to create it.
2026-09-03 17:46:42,642 - INFO - Creating comtypes.gen package failed: [WinError 5] Access is denied: 'C:\\Program Files\\Python314\\Lib\\site-packages\\comtypes\\gen'
2026-09-03 17:46:42,642 - INFO - Created a memory-only package.
2026-09-03 17:46:42,647 - INFO - Using writeable comtypes cache directory: 'C:\Users\EXPRESS\AppData\Roaming\Python\Python314\comtypes_cache'
2026-09-03 17:46:42,660 - DEBUG - GetModule(qedit.dll), resolved: False
2026-09-03 17:46:42,673 - DEBUG - GetModule(TLIBATTR(GUID={78530B68-61F9-11D2-8CAD-00A024580902}, Version=1.0, LCID=0, FLags=0x8))
2026-09-03 17:46:42,720 - DEBUG - Release <POINTER(ITypeLib) ptr=0x206f4a83a00 at 206f8cdf700>
2026-09-03 17:46:42,720 - DEBUG - GetModule(quartz.dll), resolved: False
2026-09-03 17:46:42,733 - DEBUG - GetModule(TLIBATTR(GUID={56A868B0-0AD4-11CE-B03A-0020AF0BA770}, Version=1.0, LCID=0, FLags=0x8))
2026-09-03 17:46:42,751 - DEBUG - Release <POINTER(ITypeLib) ptr=0x206f4a826c0 at 206f8cdf700>
2026-09-03 17:46:51,874 - INFO - UI load successful
2026-09-03 17:47:29,709 - INFO - File selected : D:/TeamDev/DLL_Galvo/GalvoUI_2/80mm_square.svg
2026-09-03 17:47:34,622 - INFO - Parameters saved for D:/TeamDev/DLL_Galvo/GalvoUI_2/80mm_square.svg
2026-09-03 17:48:15,993 - INFO - File selected : D:/EXPRESS/Downloads/80x80mm.dxf
2026-09-03 17:48:19,251 - INFO - Parameters saved for D:/EXPRESS/Downloads/80x80mm.dxf
2026-09-03 17:48:19,294 - INFO - DXF version upgrade to DXF R2000.
2026-09-03 17:48:19,300 - INFO - creating ACAD_COLOR dictionary
2026-09-03 17:48:19,300 - INFO - creating ACAD_LAYOUT dictionary
2026-09-03 17:48:19,300 - INFO - creating ACAD_MATERIAL dictionary
2026-09-03 17:48:19,300 - INFO - creating ACAD_MLEADERSTYLE dictionary
2026-09-03 17:48:19,301 - INFO - creating ACAD_MLINESTYLE dictionary
2026-09-03 17:48:19,301 - INFO - creating ACAD_PLOTSETTINGS dictionary
2026-09-03 17:48:19,301 - INFO - creating ACAD_PLOTSTYLENAME dictionary
2026-09-03 17:48:19,301 - INFO - creating ACAD_SCALELIST dictionary
2026-09-03 17:48:19,301 - INFO - creating ACAD_TABLESTYLE dictionary
2026-09-03 17:48:19,301 - INFO - creating ACAD_VISUALSTYLE dictionary
2026-09-03 17:48:30,677 - INFO - Profile : Supervisor
2026-09-03 17:48:38,537 - INFO - Parameters saved for D:/EXPRESS/Downloads/80x80mm.dxf
2026-09-03 17:48:38,540 - INFO - DXF version upgrade to DXF R2000.
2026-09-03 17:48:38,544 - INFO - creating ACAD_COLOR dictionary
2026-09-03 17:48:38,544 - INFO - creating ACAD_LAYOUT dictionary
2026-09-03 17:48:38,544 - INFO - creating ACAD_MATERIAL dictionary
2026-09-03 17:48:38,544 - INFO - creating ACAD_MLEADERSTYLE dictionary
2026-09-03 17:48:38,544 - INFO - creating ACAD_MLINESTYLE dictionary
2026-09-03 17:48:38,544 - INFO - creating ACAD_PLOTSETTINGS dictionary
2026-09-03 17:48:38,544 - INFO - creating ACAD_PLOTSTYLENAME dictionary
2026-09-03 17:48:38,544 - INFO - creating ACAD_SCALELIST dictionary
2026-09-03 17:48:38,544 - INFO - creating ACAD_TABLESTYLE dictionary
2026-09-03 17:48:38,544 - INFO - creating ACAD_VISUALSTYLE dictionary
2026-09-03 17:49:21,129 - INFO - Parameters saved for D:/EXPRESS/Downloads/80x80mm.dxf
2026-09-03 17:49:21,132 - INFO - DXF version upgrade to DXF R2000.
2026-09-03 17:49:21,137 - INFO - creating ACAD_COLOR dictionary
2026-09-03 17:49:21,137 - INFO - creating ACAD_LAYOUT dictionary
2026-09-03 17:49:21,137 - INFO - creating ACAD_MATERIAL dictionary
2026-09-03 17:49:21,137 - INFO - creating ACAD_MLEADERSTYLE dictionary
2026-09-03 17:49:21,137 - INFO - creating ACAD_MLINESTYLE dictionary
2026-09-03 17:49:21,137 - INFO - creating ACAD_PLOTSETTINGS dictionary
2026-09-03 17:49:21,138 - INFO - creating ACAD_PLOTSTYLENAME dictionary
2026-09-03 17:49:21,138 - INFO - creating ACAD_SCALELIST dictionary
2026-09-03 17:49:21,138 - INFO - creating ACAD_TABLESTYLE dictionary
2026-09-03 17:49:21,138 - INFO - creating ACAD_VISUALSTYLE dictionary
2026-09-03 17:49:53,728 - INFO - Parameters saved for D:/EXPRESS/Downloads/80x80mm.dxf
2026-09-03 17:49:53,732 - INFO - DXF version upgrade to DXF R2000.
2026-09-03 17:49:53,736 - INFO - creating ACAD_COLOR dictionary
2026-09-03 17:49:53,736 - INFO - creating ACAD_LAYOUT dictionary
2026-09-03 17:49:53,737 - INFO - creating ACAD_MATERIAL dictionary
2026-09-03 17:49:53,737 - INFO - creating ACAD_MLEADERSTYLE dictionary
2026-09-03 17:49:53,737 - INFO - creating ACAD_MLINESTYLE dictionary
2026-09-03 17:49:53,737 - INFO - creating ACAD_PLOTSETTINGS dictionary
2026-09-03 17:49:53,737 - INFO - creating ACAD_PLOTSTYLENAME dictionary
2026-09-03 17:49:53,737 - INFO - creating ACAD_SCALELIST dictionary
2026-09-03 17:49:53,737 - INFO - creating ACAD_TABLESTYLE dictionary
2026-09-03 17:49:53,737 - INFO - creating ACAD_VISUALSTYLE dictionary
2026-09-03 17:57:42,287 - INFO - File selected : D:/TeamDev/DLL_Galvo/GalvoUI_2/svg_files/ide2.svg
2026-09-03 17:57:46,834 - INFO - Parameters saved for D:/TeamDev/DLL_Galvo/GalvoUI_2/svg_files/ide2.svg
2026-09-03 17:58:01,516 - INFO - Parameters saved for D:/TeamDev/DLL_Galvo/GalvoUI_2/svg_files/ide2.svg
2026-09-03 18:09:57,197 - INFO - Galvo Laser Shutdown
2026-09-03 18:09:57,201 - CRITICAL - Laser 1 : OFF
2026-09-03 18:09:57,201 - CRITICAL - Laser 2 : OFF
2026-09-03 18:09:57,201 - INFO - Stepper Lasers Shutdown
2026-09-03 18:09:57,201 - INFO - COM connection close successfully
2026-09-03 18:09:57,202 - INFO - Main window close successfully
2026-09-03 18:09:57,202 - INFO - ==================================================
2026-09-03 18:09:57,202 - INFO - New session close at 2026-09-03 18:09
2026-09-03 18:09:57,202 - INFO - ==================================================
2026-09-03 18:09:57,224 - DEBUG - Calling CoUninitialize()
2026-09-03 18:09:57,225 - DEBUG - CoUninitialize() done.
2026-09-04 11:44:19,202 - DEBUG - OpenGL_accelerate module loaded
2026-09-04 11:44:19,316 - DEBUG - Using accelerated ArrayDatatype
2026-09-04 11:44:20,963 - DEBUG - CoInitializeEx(None, 2)
2026-09-04 11:44:21,299 - INFO - Could not import comtypes.gen, trying to create it.
2026-09-04 11:44:21,299 - INFO - Creating comtypes.gen package failed: [WinError 5] Access is denied: 'C:\\Program Files\\Python314\\Lib\\site-packages\\comtypes\\gen'
2026-09-04 11:44:21,299 - INFO - Created a memory-only package.
2026-09-04 11:44:21,302 - INFO - Using writeable comtypes cache directory: 'C:\Users\EXPRESS\AppData\Roaming\Python\Python314\comtypes_cache'
2026-09-04 11:44:21,337 - DEBUG - GetModule(qedit.dll), resolved: False
2026-09-04 11:44:21,343 - DEBUG - GetModule(TLIBATTR(GUID={78530B68-61F9-11D2-8CAD-00A024580902}, Version=1.0, LCID=0, FLags=0x8))
2026-09-04 11:44:21,408 - DEBUG - Release <POINTER(ITypeLib) ptr=0x22f9ab83870 at 22f9e8f3890>
2026-09-04 11:44:21,408 - DEBUG - GetModule(quartz.dll), resolved: False
2026-09-04 11:44:21,413 - DEBUG - GetModule(TLIBATTR(GUID={56A868B0-0AD4-11CE-B03A-0020AF0BA770}, Version=1.0, LCID=0, FLags=0x8))
2026-09-04 11:44:21,444 - DEBUG - Release <POINTER(ITypeLib) ptr=0x22f9ab83b30 at 22f9e8f3890>
2026-09-04 11:44:30,821 - INFO - UI load successful
2026-09-04 11:44:40,075 - INFO - Profile : Supervisor
2026-09-04 11:45:14,019 - INFO - File selected : D:/TeamDev/DLL_Galvo/GalvoUI_2/80mm_square.svg
2026-09-04 11:45:17,022 - INFO - Parameters saved for D:/TeamDev/DLL_Galvo/GalvoUI_2/80mm_square.svg
2026-09-04 11:45:58,649 - INFO - Parameters saved for D:/TeamDev/DLL_Galvo/GalvoUI_2/80mm_square.svg
2026-09-04 11:58:24,785 - INFO - File selected : D:/TeamDev/DLL_Galvo/GalvoUI_2/80mm_square.svg
2026-09-04 11:58:27,061 - INFO - Parameters saved for D:/TeamDev/DLL_Galvo/GalvoUI_2/80mm_square.svg
2026-09-04 11:59:36,230 - INFO - Parameters saved for D:/TeamDev/DLL_Galvo/GalvoUI_2/80mm_square.svg
2026-09-04 12:00:35,322 - INFO - Parameters saved for D:/TeamDev/DLL_Galvo/GalvoUI_2/80mm_square.svg
2026-09-04 12:01:55,470 - INFO - Parameters saved for D:/TeamDev/DLL_Galvo/GalvoUI_2/80mm_square.svg
2026-09-04 12:02:55,713 - INFO - Parameters saved for D:/TeamDev/DLL_Galvo/GalvoUI_2/80mm_square.svg
2026-09-04 12:03:04,854 - INFO - Galvo Laser Shutdown
2026-09-04 12:03:04,898 - CRITICAL - Laser 1 : OFF
2026-09-04 12:03:04,905 - CRITICAL - Laser 2 : OFF
2026-09-04 12:03:04,905 - INFO - Stepper Lasers Shutdown
2026-09-04 12:03:04,906 - INFO - COM connection close successfully
2026-09-04 12:03:04,906 - INFO - Main window close successfully
2026-09-04 12:03:04,906 - INFO - ==================================================
2026-09-04 12:03:04,906 - INFO - New session close at 2026-09-04 12:03
2026-09-04 12:03:04,906 - INFO - ==================================================
2026-09-04 12:03:04,930 - DEBUG - Calling CoUninitialize()
2026-09-04 12:03:04,930 - DEBUG - CoUninitialize() done.
2026-09-04 12:19:01,845 - DEBUG - OpenGL_accelerate module loaded
2026-09-04 12:19:01,945 - DEBUG - Using accelerated ArrayDatatype
2026-09-04 12:19:03,103 - DEBUG - CoInitializeEx(None, 2)
2026-09-04 12:19:03,348 - INFO - Could not import comtypes.gen, trying to create it.
2026-09-04 12:19:03,348 - INFO - Creating comtypes.gen package failed: [WinError 5] Access is denied: 'C:\\Program Files\\Python314\\Lib\\site-packages\\comtypes\\gen'
2026-09-04 12:19:03,348 - INFO - Created a memory-only package.
2026-09-04 12:19:03,351 - INFO - Using writeable comtypes cache directory: 'C:\Users\EXPRESS\AppData\Roaming\Python\Python314\comtypes_cache'
2026-09-04 12:19:03,375 - DEBUG - GetModule(qedit.dll), resolved: False
2026-09-04 12:19:03,388 - DEBUG - GetModule(TLIBATTR(GUID={78530B68-61F9-11D2-8CAD-00A024580902}, Version=1.0, LCID=0, FLags=0x8))
2026-09-04 12:19:03,455 - DEBUG - Release <POINTER(ITypeLib) ptr=0x1e5c9aac9e0 at 1e5cdcaf700>
2026-09-04 12:19:03,455 - DEBUG - GetModule(quartz.dll), resolved: False
2026-09-04 12:19:03,467 - DEBUG - GetModule(TLIBATTR(GUID={56A868B0-0AD4-11CE-B03A-0020AF0BA770}, Version=1.0, LCID=0, FLags=0x8))
2026-09-04 12:19:03,491 - DEBUG - Release <POINTER(ITypeLib) ptr=0x1e5c9aaa0a0 at 1e5cdcaf700>
2026-09-04 12:19:12,991 - INFO - UI load successful
2026-09-04 12:19:21,828 - INFO - Profile : Supervisor
2026-09-04 12:19:41,534 - INFO - File selected : D:/TeamDev/DLL_Galvo/GalvoUI_2/svg_files/ide2.svg
2026-09-04 12:19:44,368 - INFO - Parameters saved for D:/TeamDev/DLL_Galvo/GalvoUI_2/svg_files/ide2.svg
2026-09-04 12:21:37,247 - INFO - Parameters saved for D:/TeamDev/DLL_Galvo/GalvoUI_2/svg_files/ide2.svg
2026-09-04 12:28:53,382 - INFO - Galvo Laser Shutdown
2026-09-04 12:28:53,382 - CRITICAL - Laser 1 : OFF
2026-09-04 12:28:53,383 - CRITICAL - Laser 2 : OFF
2026-09-04 12:28:53,383 - INFO - Stepper Lasers Shutdown
2026-09-04 12:28:53,383 - INFO - COM connection close successfully
2026-09-04 12:28:53,383 - INFO - Main window close successfully
2026-09-04 12:28:53,383 - INFO - ==================================================
2026-09-04 12:28:53,383 - INFO - New session close at 2026-09-04 12:28
2026-09-04 12:28:53,383 - INFO - ==================================================
2026-09-04 12:28:53,397 - DEBUG - Calling CoUninitialize()
2026-09-04 12:28:53,398 - DEBUG - CoUninitialize() done.
2026-09-04 12:37:08,522 - DEBUG - OpenGL_accelerate module loaded
2026-09-04 12:37:08,548 - DEBUG - Using accelerated ArrayDatatype
2026-09-04 12:37:08,936 - DEBUG - CoInitializeEx(None, 2)
2026-09-04 12:37:09,070 - INFO - Could not import comtypes.gen, trying to create it.
2026-09-04 12:37:09,071 - INFO - Creating comtypes.gen package failed: [WinError 5] Access is denied: 'C:\\Program Files\\Python314\\Lib\\site-packages\\comtypes\\gen'
2026-09-04 12:37:09,071 - INFO - Created a memory-only package.
2026-09-04 12:37:09,074 - INFO - Using writeable comtypes cache directory: 'C:\Users\EXPRESS\AppData\Roaming\Python\Python314\comtypes_cache'
2026-09-04 12:37:09,086 - DEBUG - GetModule(qedit.dll), resolved: False
2026-09-04 12:37:09,106 - DEBUG - GetModule(TLIBATTR(GUID={78530B68-61F9-11D2-8CAD-00A024580902}, Version=1.0, LCID=0, FLags=0x8))
2026-09-04 12:37:09,142 - DEBUG - Release <POINTER(ITypeLib) ptr=0x2001c42c960 at 2002076f700>
2026-09-04 12:37:09,143 - DEBUG - GetModule(quartz.dll), resolved: False
2026-09-04 12:37:09,157 - DEBUG - GetModule(TLIBATTR(GUID={56A868B0-0AD4-11CE-B03A-0020AF0BA770}, Version=1.0, LCID=0, FLags=0x8))
2026-09-04 12:37:09,179 - DEBUG - Release <POINTER(ITypeLib) ptr=0x2001c42b8e0 at 2002076f700>
2026-09-04 12:37:20,981 - INFO - UI load successful
2026-09-04 12:37:33,972 - INFO - File selected : D:/EXPRESS/Downloads/stylized-black-and-white-floral-mandala-intricate-of-leaves-feathers-and-botanical-elements-arranged-in-a-circle-free-vector-removebg-preview.svg
2026-09-04 12:37:53,097 - INFO - Parameters saved for D:/EXPRESS/Downloads/stylized-black-and-white-floral-mandala-intricate-of-leaves-feathers-and-botanical-elements-arranged-in-a-circle-free-vector-removebg-preview.svg
2026-09-04 12:38:29,063 - INFO - Parameters saved for D:/EXPRESS/Downloads/stylized-black-and-white-floral-mandala-intricate-of-leaves-feathers-and-botanical-elements-arranged-in-a-circle-free-vector-removebg-preview.svg
2026-09-04 12:38:54,515 - INFO - Parameters saved for D:/EXPRESS/Downloads/stylized-black-and-white-floral-mandala-intricate-of-leaves-feathers-and-botanical-elements-arranged-in-a-circle-free-vector-removebg-preview.svg
2026-09-04 12:39:13,101 - INFO - Parameters saved for D:/EXPRESS/Downloads/stylized-black-and-white-floral-mandala-intricate-of-leaves-feathers-and-botanical-elements-arranged-in-a-circle-free-vector-removebg-preview.svg
2026-09-04 12:40:42,295 - INFO - Profile : Supervisor
2026-09-04 12:41:02,460 - INFO - Parameters saved for D:/EXPRESS/Downloads/stylized-black-and-white-floral-mandala-intricate-of-leaves-feathers-and-botanical-elements-arranged-in-a-circle-free-vector-removebg-preview.svg
2026-09-04 12:45:06,853 - INFO - Parameters saved for D:/EXPRESS/Downloads/stylized-black-and-white-floral-mandala-intricate-of-leaves-feathers-and-botanical-elements-arranged-in-a-circle-free-vector-removebg-preview.svg
2026-09-04 12:54:27,412 - INFO - Galvo Laser Shutdown
2026-09-04 12:54:27,461 - CRITICAL - Laser 1 : OFF
2026-09-04 12:54:27,463 - CRITICAL - Laser 2 : OFF
2026-09-04 12:54:27,464 - INFO - Stepper Lasers Shutdown
2026-09-04 12:54:27,464 - INFO - COM connection close successfully
2026-09-04 12:54:27,464 - INFO - Main window close successfully
2026-09-04 12:54:27,464 - INFO - ==================================================
2026-09-04 12:54:27,464 - INFO - New session close at 2026-09-04 12:54
2026-09-04 12:54:27,464 - INFO - ==================================================
2026-09-04 12:54:27,492 - DEBUG - Calling CoUninitialize()
2026-09-04 12:54:27,493 - DEBUG - CoUninitialize() done.
2026-09-04 12:54:59,584 - DEBUG - OpenGL_accelerate module loaded
2026-09-04 12:54:59,607 - DEBUG - Using accelerated ArrayDatatype
2026-09-04 12:55:00,044 - DEBUG - CoInitializeEx(None, 2)
2026-09-04 12:55:00,147 - INFO - Could not import comtypes.gen, trying to create it.
2026-09-04 12:55:00,147 - INFO - Creating comtypes.gen package failed: [WinError 5] Access is denied: 'C:\\Program Files\\Python314\\Lib\\site-packages\\comtypes\\gen'
2026-09-04 12:55:00,148 - INFO - Created a memory-only package.
2026-09-04 12:55:00,151 - INFO - Using writeable comtypes cache directory: 'C:\Users\EXPRESS\AppData\Roaming\Python\Python314\comtypes_cache'
2026-09-04 12:55:00,163 - DEBUG - GetModule(qedit.dll), resolved: False
2026-09-04 12:55:00,178 - DEBUG - GetModule(TLIBATTR(GUID={78530B68-61F9-11D2-8CAD-00A024580902}, Version=1.0, LCID=0, FLags=0x8))
2026-09-04 12:55:00,211 - DEBUG - Release <POINTER(ITypeLib) ptr=0x2363631c2c0 at 23639703890>
2026-09-04 12:55:00,211 - DEBUG - GetModule(quartz.dll), resolved: False
2026-09-04 12:55:00,224 - DEBUG - GetModule(TLIBATTR(GUID={56A868B0-0AD4-11CE-B03A-0020AF0BA770}, Version=1.0, LCID=0, FLags=0x8))
2026-09-04 12:55:00,234 - DEBUG - Release <POINTER(ITypeLib) ptr=0x2363631c2c0 at 23639703890>
2026-09-04 12:55:09,536 - INFO - UI load successful
2026-09-04 12:55:27,655 - INFO - Profile : Supervisor
2026-09-04 12:55:51,644 - INFO - File selected : D:/EXPRESS/Downloads/stylized-black-and-white-floral-mandala-intricate-of-leaves-feathers-and-botanical-elements-arranged-in-a-circle-free-vector-removebg-preview.svg
2026-09-04 12:56:02,674 - INFO - Parameters saved for D:/EXPRESS/Downloads/stylized-black-and-white-floral-mandala-intricate-of-leaves-feathers-and-botanical-elements-arranged-in-a-circle-free-vector-removebg-preview.svg
2026-09-04 12:59:51,303 - INFO - Parameters saved for D:/EXPRESS/Downloads/stylized-black-and-white-floral-mandala-intricate-of-leaves-feathers-and-botanical-elements-arranged-in-a-circle-free-vector-removebg-preview.svg
2026-09-04 13:00:52,463 - INFO - Galvo Laser Shutdown
2026-09-04 13:00:52,517 - CRITICAL - Laser 1 : OFF
2026-09-04 13:00:52,518 - CRITICAL - Laser 2 : OFF
2026-09-04 13:00:52,518 - INFO - Stepper Lasers Shutdown
2026-09-04 13:00:52,518 - INFO - COM connection close successfully
2026-09-04 13:00:52,518 - INFO - Main window close successfully
2026-09-04 13:00:52,519 - INFO - ==================================================
2026-09-04 13:00:52,519 - INFO - New session close at 2026-09-04 13:00
2026-09-04 13:00:52,519 - INFO - ==================================================
2026-09-04 13:00:52,537 - DEBUG - Calling CoUninitialize()
2026-09-04 13:00:52,537 - DEBUG - CoUninitialize() done.
2026-09-04 13:03:51,406 - DEBUG - OpenGL_accelerate module loaded
2026-09-04 13:03:51,417 - DEBUG - Using accelerated ArrayDatatype
2026-09-04 13:03:51,669 - DEBUG - CoInitializeEx(None, 2)
2026-09-04 13:03:51,717 - INFO - Could not import comtypes.gen, trying to create it.
2026-09-04 13:03:51,718 - INFO - Creating comtypes.gen package failed: [WinError 5] Access is denied: 'C:\\Program Files\\Python314\\Lib\\site-packages\\comtypes\\gen'
2026-09-04 13:03:51,718 - INFO - Created a memory-only package.
2026-09-04 13:03:51,720 - INFO - Using writeable comtypes cache directory: 'C:\Users\EXPRESS\AppData\Roaming\Python\Python314\comtypes_cache'
2026-09-04 13:03:51,728 - DEBUG - GetModule(qedit.dll), resolved: False
2026-09-04 13:03:51,729 - DEBUG - GetModule(TLIBATTR(GUID={78530B68-61F9-11D2-8CAD-00A024580902}, Version=1.0, LCID=0, FLags=0x8))
2026-09-04 13:03:51,753 - DEBUG - Release <POINTER(ITypeLib) ptr=0x1efd7e5c9a0 at 1efdbd13890>
2026-09-04 13:03:51,754 - DEBUG - GetModule(quartz.dll), resolved: False
2026-09-04 13:03:51,754 - DEBUG - GetModule(TLIBATTR(GUID={56A868B0-0AD4-11CE-B03A-0020AF0BA770}, Version=1.0, LCID=0, FLags=0x8))
2026-09-04 13:03:51,762 - DEBUG - Release <POINTER(ITypeLib) ptr=0x1efd7e5b920 at 1efdbd13890>
2026-09-04 13:04:00,817 - INFO - UI load successful
2026-09-04 13:04:11,227 - WARNING - Failed login attempt for user: Supervisor
2026-09-04 13:04:16,749 - INFO - Profile : Supervisor
2026-09-04 13:04:40,766 - INFO - File selected : D:/TeamDev/DLL_Galvo/GalvoUI_2/svg_files/ide2.svg
2026-09-04 13:04:58,392 - INFO - Parameters saved for D:/TeamDev/DLL_Galvo/GalvoUI_2/svg_files/ide2.svg
2026-09-04 13:37:15,457 - INFO - Galvo Laser Shutdown
2026-09-04 13:37:15,501 - CRITICAL - Laser 1 : OFF
2026-09-04 13:37:15,501 - CRITICAL - Laser 2 : OFF
2026-09-04 13:37:15,501 - INFO - Stepper Lasers Shutdown
2026-09-04 13:37:15,501 - INFO - COM connection close successfully
2026-09-04 13:37:15,501 - INFO - Main window close successfully
2026-09-04 13:37:15,501 - INFO - ==================================================
2026-09-04 13:37:15,502 - INFO - New session close at 2026-09-04 13:37
2026-09-04 13:37:15,502 - INFO - ==================================================
2026-09-04 13:37:15,513 - DEBUG - Calling CoUninitialize()
2026-09-04 13:37:15,513 - DEBUG - CoUninitialize() done.
2026-09-04 14:19:19,025 - DEBUG - OpenGL_accelerate module loaded
2026-09-04 14:19:19,057 - DEBUG - Using accelerated ArrayDatatype
2026-09-04 14:19:19,476 - DEBUG - CoInitializeEx(None, 2)
2026-09-04 14:19:19,608 - INFO - Could not import comtypes.gen, trying to create it.
2026-09-04 14:19:19,609 - INFO - Creating comtypes.gen package failed: [WinError 5] Access is denied: 'C:\\Program Files\\Python314\\Lib\\site-packages\\comtypes\\gen'
2026-09-04 14:19:19,609 - INFO - Created a memory-only package.
2026-09-04 14:19:19,612 - INFO - Using writeable comtypes cache directory: 'C:\Users\EXPRESS\AppData\Roaming\Python\Python314\comtypes_cache'
2026-09-04 14:19:19,625 - DEBUG - GetModule(qedit.dll), resolved: False
2026-09-04 14:19:19,641 - DEBUG - GetModule(TLIBATTR(GUID={78530B68-61F9-11D2-8CAD-00A024580902}, Version=1.0, LCID=0, FLags=0x8))
2026-09-04 14:19:19,673 - DEBUG - Release <POINTER(ITypeLib) ptr=0x29a97527d50 at 29a9b74f700>
2026-09-04 14:19:19,674 - DEBUG - GetModule(quartz.dll), resolved: False
2026-09-04 14:19:19,688 - DEBUG - GetModule(TLIBATTR(GUID={56A868B0-0AD4-11CE-B03A-0020AF0BA770}, Version=1.0, LCID=0, FLags=0x8))
2026-09-04 14:19:19,701 - DEBUG - Release <POINTER(ITypeLib) ptr=0x29a97527d50 at 29a9b74f700>
2026-09-04 14:19:29,380 - INFO - UI load successful
2026-09-04 14:19:38,750 - INFO - Profile : Supervisor
2026-09-04 14:20:07,254 - INFO - File selected : D:/TeamDev/DLL_Galvo/GalvoUI_2/svg_files/ide2.svg
2026-09-04 14:20:40,640 - INFO - Parameters saved for D:/TeamDev/DLL_Galvo/GalvoUI_2/svg_files/ide2.svg
2026-09-04 14:20:56,490 - INFO - Parameters saved for D:/TeamDev/DLL_Galvo/GalvoUI_2/svg_files/ide2.svg
2026-09-04 14:41:53,155 - DEBUG - OpenGL_accelerate module loaded
2026-09-04 14:41:53,164 - DEBUG - Using accelerated ArrayDatatype
2026-09-04 14:41:53,393 - DEBUG - CoInitializeEx(None, 2)
2026-09-04 14:41:53,440 - INFO - Could not import comtypes.gen, trying to create it.
2026-09-04 14:41:53,440 - INFO - Creating comtypes.gen package failed: [WinError 5] Access is denied: 'C:\\Program Files\\Python314\\Lib\\site-packages\\comtypes\\gen'
2026-09-04 14:41:53,440 - INFO - Created a memory-only package.
2026-09-04 14:41:53,442 - INFO - Using writeable comtypes cache directory: 'C:\Users\EXPRESS\AppData\Roaming\Python\Python314\comtypes_cache'
2026-09-04 14:41:53,448 - DEBUG - GetModule(qedit.dll), resolved: False
2026-09-04 14:41:53,449 - DEBUG - GetModule(TLIBATTR(GUID={78530B68-61F9-11D2-8CAD-00A024580902}, Version=1.0, LCID=0, FLags=0x8))
2026-09-04 14:41:53,472 - DEBUG - Release <POINTER(ITypeLib) ptr=0x2416f9113b0 at 24173c6f700>
2026-09-04 14:41:53,472 - DEBUG - GetModule(quartz.dll), resolved: False
2026-09-04 14:41:53,473 - DEBUG - GetModule(TLIBATTR(GUID={56A868B0-0AD4-11CE-B03A-0020AF0BA770}, Version=1.0, LCID=0, FLags=0x8))
2026-09-04 14:41:53,480 - DEBUG - Release <POINTER(ITypeLib) ptr=0x2416f9131f0 at 24173c6f700>
2026-09-04 14:42:02,526 - INFO - UI load successful
2026-09-04 14:42:14,413 - INFO - Profile : Supervisor
2026-09-04 14:42:31,055 - INFO - File selected : D:/TeamDev/DLL_Galvo/GalvoUI_2/80mm_square.svg
2026-09-04 14:42:34,751 - INFO - Parameters saved for D:/TeamDev/DLL_Galvo/GalvoUI_2/80mm_square.svg
2026-09-04 14:50:03,332 - INFO - Galvo Laser Shutdown
2026-09-04 14:50:03,388 - CRITICAL - Laser 1 : OFF
2026-09-04 14:50:03,388 - CRITICAL - Laser 2 : OFF
2026-09-04 14:50:03,388 - INFO - Stepper Lasers Shutdown
2026-09-04 14:50:03,388 - INFO - COM connection close successfully
2026-09-04 14:50:03,388 - INFO - Main window close successfully
2026-09-04 14:50:03,389 - INFO - ==================================================
2026-09-04 14:50:03,389 - INFO - New session close at 2026-09-04 14:50
2026-09-04 14:50:03,389 - INFO - ==================================================
2026-09-04 14:50:03,400 - DEBUG - Calling CoUninitialize()
2026-09-04 14:50:03,400 - DEBUG - CoUninitialize() done.
2026-09-05 15:27:28,221 - DEBUG - OpenGL_accelerate module loaded
2026-09-05 15:27:28,337 - DEBUG - Using accelerated ArrayDatatype
2026-09-05 15:27:29,974 - DEBUG - CoInitializeEx(None, 2)
2026-09-05 15:27:30,307 - INFO - Could not import comtypes.gen, trying to create it.
2026-09-05 15:27:30,308 - INFO - Creating comtypes.gen package failed: [WinError 5] Access is denied: 'C:\\Program Files\\Python314\\Lib\\site-packages\\comtypes\\gen'
2026-09-05 15:27:30,308 - INFO - Created a memory-only package.
2026-09-05 15:27:30,310 - INFO - Using writeable comtypes cache directory: 'C:\Users\EXPRESS\AppData\Roaming\Python\Python314\comtypes_cache'
2026-09-05 15:27:30,347 - DEBUG - GetModule(qedit.dll), resolved: False
2026-09-05 15:27:30,360 - DEBUG - GetModule(TLIBATTR(GUID={78530B68-61F9-11D2-8CAD-00A024580902}, Version=1.0, LCID=0, FLags=0x8))
2026-09-05 15:27:30,435 - DEBUG - Release <POINTER(ITypeLib) ptr=0x2195d7832f0 at 219619df700>
2026-09-05 15:27:30,436 - DEBUG - GetModule(quartz.dll), resolved: False
2026-09-05 15:27:30,448 - DEBUG - GetModule(TLIBATTR(GUID={56A868B0-0AD4-11CE-B03A-0020AF0BA770}, Version=1.0, LCID=0, FLags=0x8))
2026-09-05 15:27:30,488 - DEBUG - Release <POINTER(ITypeLib) ptr=0x2195d7840b0 at 219619df700>
2026-09-05 15:27:31,284 - INFO - UI load successful
2026-09-05 15:27:41,347 - INFO - Profile : Supervisor
2026-09-05 15:28:42,295 - CRITICAL - Laser 1 : OFF
2026-09-05 15:28:42,295 - CRITICAL - Laser 2 : OFF
2026-09-05 15:28:42,296 - INFO - Stepper Lasers Shutdown
2026-09-05 15:28:42,296 - INFO - COM connection close successfully
2026-09-05 15:28:42,296 - INFO - Main window close successfully
2026-09-05 15:28:42,296 - INFO - ==================================================
2026-09-05 15:28:42,296 - INFO - New session close at 2026-09-05 15:28
2026-09-05 15:28:42,296 - INFO - ==================================================
2026-09-05 15:28:42,308 - DEBUG - Calling CoUninitialize()
2026-09-05 15:28:42,309 - DEBUG - CoUninitialize() done.
2026-09-05 15:39:48,820 - DEBUG - OpenGL_accelerate module loaded
2026-09-05 15:39:48,832 - DEBUG - Using accelerated ArrayDatatype
2026-09-05 15:39:49,110 - DEBUG - CoInitializeEx(None, 2)
2026-09-05 15:39:49,152 - INFO - Could not import comtypes.gen, trying to create it.
2026-09-05 15:39:49,153 - INFO - Creating comtypes.gen package failed: [WinError 5] Access is denied: 'C:\\Program Files\\Python314\\Lib\\site-packages\\comtypes\\gen'
2026-09-05 15:39:49,153 - INFO - Created a memory-only package.
2026-09-05 15:39:49,155 - INFO - Using writeable comtypes cache directory: 'C:\Users\EXPRESS\AppData\Roaming\Python\Python314\comtypes_cache'
2026-09-05 15:39:49,162 - DEBUG - GetModule(qedit.dll), resolved: False
2026-09-05 15:39:49,163 - DEBUG - GetModule(TLIBATTR(GUID={78530B68-61F9-11D2-8CAD-00A024580902}, Version=1.0, LCID=0, FLags=0x8))
2026-09-05 15:39:49,186 - DEBUG - Release <POINTER(ITypeLib) ptr=0x1900d6a3990 at 1901199f700>
2026-09-05 15:39:49,186 - DEBUG - GetModule(quartz.dll), resolved: False
2026-09-05 15:39:49,186 - DEBUG - GetModule(TLIBATTR(GUID={56A868B0-0AD4-11CE-B03A-0020AF0BA770}, Version=1.0, LCID=0, FLags=0x8))
2026-09-05 15:39:49,194 - DEBUG - Release <POINTER(ITypeLib) ptr=0x1900d6a3990 at 1901199f700>
2026-09-05 15:39:49,567 - INFO - UI load successful
2026-09-05 15:45:45,712 - INFO - Profile : Supervisor
2026-09-05 15:47:11,694 - DEBUG - OpenGL_accelerate module loaded
2026-09-05 15:47:11,705 - DEBUG - Using accelerated ArrayDatatype
2026-09-05 15:47:11,981 - DEBUG - CoInitializeEx(None, 2)
2026-09-05 15:47:12,031 - INFO - Could not import comtypes.gen, trying to create it.
2026-09-05 15:47:12,031 - INFO - Creating comtypes.gen package failed: [WinError 5] Access is denied: 'C:\\Program Files\\Python314\\Lib\\site-packages\\comtypes\\gen'
2026-09-05 15:47:12,031 - INFO - Created a memory-only package.
2026-09-05 15:47:12,034 - INFO - Using writeable comtypes cache directory: 'C:\Users\EXPRESS\AppData\Roaming\Python\Python314\comtypes_cache'
2026-09-05 15:47:12,041 - DEBUG - GetModule(qedit.dll), resolved: False
2026-09-05 15:47:12,042 - DEBUG - GetModule(TLIBATTR(GUID={78530B68-61F9-11D2-8CAD-00A024580902}, Version=1.0, LCID=0, FLags=0x8))
2026-09-05 15:47:12,067 - DEBUG - Release <POINTER(ITypeLib) ptr=0x2626aab6c30 at 2626edaf700>
2026-09-05 15:47:12,067 - DEBUG - GetModule(quartz.dll), resolved: False
2026-09-05 15:47:12,068 - DEBUG - GetModule(TLIBATTR(GUID={56A868B0-0AD4-11CE-B03A-0020AF0BA770}, Version=1.0, LCID=0, FLags=0x8))
2026-09-05 15:47:12,076 - DEBUG - Release <POINTER(ITypeLib) ptr=0x2626aab6c30 at 2626edaf700>
2026-09-05 15:47:12,608 - INFO - UI load successful
2026-09-05 15:47:20,990 - INFO - Profile : Supervisor
2026-09-05 15:58:20,688 - DEBUG - OpenGL_accelerate module loaded
2026-09-05 15:58:20,699 - DEBUG - Using accelerated ArrayDatatype
2026-09-05 15:58:20,936 - DEBUG - CoInitializeEx(None, 2)
2026-09-05 15:58:20,979 - INFO - Could not import comtypes.gen, trying to create it.
2026-09-05 15:58:20,979 - INFO - Creating comtypes.gen package failed: [WinError 5] Access is denied: 'C:\\Program Files\\Python314\\Lib\\site-packages\\comtypes\\gen'
2026-09-05 15:58:20,979 - INFO - Created a memory-only package.
2026-09-05 15:58:20,982 - INFO - Using writeable comtypes cache directory: 'C:\Users\EXPRESS\AppData\Roaming\Python\Python314\comtypes_cache'
2026-09-05 15:58:20,988 - DEBUG - GetModule(qedit.dll), resolved: False
2026-09-05 15:58:20,989 - DEBUG - GetModule(TLIBATTR(GUID={78530B68-61F9-11D2-8CAD-00A024580902}, Version=1.0, LCID=0, FLags=0x8))
2026-09-05 15:58:21,012 - DEBUG - Release <POINTER(ITypeLib) ptr=0x1e9d6dcc5f0 at 1e9dad7f700>
2026-09-05 15:58:21,013 - DEBUG - GetModule(quartz.dll), resolved: False
2026-09-05 15:58:21,014 - DEBUG - GetModule(TLIBATTR(GUID={56A868B0-0AD4-11CE-B03A-0020AF0BA770}, Version=1.0, LCID=0, FLags=0x8))
2026-09-05 15:58:21,021 - DEBUG - Release <POINTER(ITypeLib) ptr=0x1e9d6dccb70 at 1e9dad7f700>
2026-09-05 15:58:22,837 - INFO - UI load successful
2026-09-05 15:58:33,612 - INFO - Profile : Supervisor
2026-09-05 15:59:14,362 - CRITICAL - Laser 1 : OFF
2026-09-05 15:59:14,362 - CRITICAL - Laser 2 : OFF
2026-09-05 15:59:14,362 - INFO - Stepper Lasers Shutdown
2026-09-05 15:59:14,362 - INFO - COM connection close successfully
2026-09-05 15:59:14,362 - INFO - Main window close successfully
2026-09-05 15:59:14,362 - INFO - ==================================================
2026-09-05 15:59:14,362 - INFO - New session close at 2026-09-05 15:59
2026-09-05 15:59:14,362 - INFO - ==================================================
2026-09-05 15:59:14,377 - DEBUG - Calling CoUninitialize()
2026-09-05 15:59:14,377 - DEBUG - CoUninitialize() done.
2026-09-05 16:34:22,038 - DEBUG - OpenGL_accelerate module loaded
2026-09-05 16:34:22,081 - DEBUG - Using accelerated ArrayDatatype
2026-09-05 16:34:22,699 - DEBUG - CoInitializeEx(None, 2)
2026-09-05 16:34:22,844 - INFO - Could not import comtypes.gen, trying to create it.
2026-09-05 16:34:22,844 - INFO - Creating comtypes.gen package failed: [WinError 5] Access is denied: 'C:\\Program Files\\Python313\\Lib\\site-packages\\comtypes\\gen'
2026-09-05 16:34:22,844 - INFO - Created a memory-only package.
2026-09-05 16:34:22,848 - INFO - Using writeable comtypes cache directory: 'C:\Users\ES2\AppData\Roaming\Python\Python313\comtypes_cache'
2026-09-05 16:34:22,860 - DEBUG - GetModule(qedit.dll), resolved: False
2026-09-05 16:34:22,864 - DEBUG - GetModule(TLIBATTR(GUID={78530B68-61F9-11D2-8CAD-00A024580902}, Version=1.0, LCID=0, FLags=0x8))
2026-09-05 16:34:22,888 - DEBUG - Release <POINTER(ITypeLib) ptr=0x2c23ef4f120 at 2c241efc450>
2026-09-05 16:34:22,889 - DEBUG - GetModule(quartz.dll), resolved: False
2026-09-05 16:34:22,892 - DEBUG - GetModule(TLIBATTR(GUID={56A868B0-0AD4-11CE-B03A-0020AF0BA770}, Version=1.0, LCID=0, FLags=0x8))
2026-09-05 16:34:22,902 - DEBUG - Release <POINTER(ITypeLib) ptr=0x2c23ef50ca0 at 2c241efc450>
2026-09-05 16:34:32,633 - INFO - UI load successful
2026-09-05 16:34:48,110 - INFO - Profile : Supervisor
2026-09-05 16:36:53,982 - INFO - Galvo Laser Shutdown
2026-09-05 16:36:53,996 - CRITICAL - Laser 1 : OFF
2026-09-05 16:36:53,997 - CRITICAL - Laser 2 : OFF
2026-09-05 16:36:53,997 - INFO - Stepper Lasers Shutdown
2026-09-05 16:36:53,997 - INFO - COM connection close successfully
2026-09-05 16:36:53,997 - INFO - Main window close successfully
2026-09-05 16:36:53,998 - INFO - ==================================================
2026-09-05 16:36:53,998 - INFO - New session close at 2026-09-05 16:36
2026-09-05 16:36:53,998 - INFO - ==================================================
2026-09-05 16:36:54,016 - DEBUG - Calling CoUninitialize()
2026-09-05 16:36:54,018 - DEBUG - CoUninitialize() done.
2026-09-05 16:57:34,421 - DEBUG - OpenGL_accelerate module loaded
2026-09-05 16:57:34,432 - DEBUG - Using accelerated ArrayDatatype
2026-09-05 16:57:34,597 - DEBUG - CoInitializeEx(None, 2)
2026-09-05 16:57:34,674 - INFO - Could not import comtypes.gen, trying to create it.
2026-09-05 16:57:34,674 - INFO - Creating comtypes.gen package failed: [WinError 5] Access is denied: 'C:\\Program Files\\Python313\\Lib\\site-packages\\comtypes\\gen'
2026-09-05 16:57:34,674 - INFO - Created a memory-only package.
2026-09-05 16:57:34,677 - INFO - Using writeable comtypes cache directory: 'C:\Users\ES2\AppData\Roaming\Python\Python313\comtypes_cache'
2026-09-05 16:57:34,682 - DEBUG - GetModule(qedit.dll), resolved: False
2026-09-05 16:57:34,683 - DEBUG - GetModule(TLIBATTR(GUID={78530B68-61F9-11D2-8CAD-00A024580902}, Version=1.0, LCID=0, FLags=0x8))
2026-09-05 16:57:34,703 - DEBUG - Release <POINTER(ITypeLib) ptr=0x2b24bc350f0 at 2b24d5e2b50>
2026-09-05 16:57:34,703 - DEBUG - GetModule(quartz.dll), resolved: False
2026-09-05 16:57:34,704 - DEBUG - GetModule(TLIBATTR(GUID={56A868B0-0AD4-11CE-B03A-0020AF0BA770}, Version=1.0, LCID=0, FLags=0x8))
2026-09-05 16:57:34,710 - DEBUG - Release <POINTER(ITypeLib) ptr=0x2b24bc371f0 at 2b24d5e2b50>
2026-09-05 16:57:43,324 - INFO - UI load successful
2026-09-05 16:57:57,660 - INFO - Profile : Supervisor
2026-09-05 17:10:37,193 - DEBUG - OpenGL_accelerate module loaded
2026-09-05 17:10:37,205 - DEBUG - Using accelerated ArrayDatatype
2026-09-05 17:10:37,368 - DEBUG - CoInitializeEx(None, 2)
2026-09-05 17:10:37,445 - INFO - Could not import comtypes.gen, trying to create it.
2026-09-05 17:10:37,445 - INFO - Creating comtypes.gen package failed: [WinError 5] Access is denied: 'C:\\Program Files\\Python313\\Lib\\site-packages\\comtypes\\gen'
2026-09-05 17:10:37,445 - INFO - Created a memory-only package.
2026-09-05 17:10:37,448 - INFO - Using writeable comtypes cache directory: 'C:\Users\ES2\AppData\Roaming\Python\Python313\comtypes_cache'
2026-09-05 17:10:37,453 - DEBUG - GetModule(qedit.dll), resolved: False
2026-09-05 17:10:37,454 - DEBUG - GetModule(TLIBATTR(GUID={78530B68-61F9-11D2-8CAD-00A024580902}, Version=1.0, LCID=0, FLags=0x8))
2026-09-05 17:10:37,473 - DEBUG - Release <POINTER(ITypeLib) ptr=0x1c59c832b80 at 1c59e222b50>
2026-09-05 17:10:37,474 - DEBUG - GetModule(quartz.dll), resolved: False
2026-09-05 17:10:37,474 - DEBUG - GetModule(TLIBATTR(GUID={56A868B0-0AD4-11CE-B03A-0020AF0BA770}, Version=1.0, LCID=0, FLags=0x8))
2026-09-05 17:10:37,480 - DEBUG - Release <POINTER(ITypeLib) ptr=0x1c59c833680 at 1c59e222b50>
2026-09-05 17:10:46,211 - INFO - UI load successful
2026-09-05 17:11:22,898 - INFO - Profile : Supervisor
2026-09-05 17:13:10,774 - INFO - Galvo Laser Shutdown
2026-09-05 17:13:10,774 - CRITICAL - Laser 1 : OFF
2026-09-05 17:13:10,775 - CRITICAL - Laser 2 : OFF
2026-09-05 17:13:10,775 - INFO - Stepper Lasers Shutdown
2026-09-05 17:13:10,775 - INFO - COM connection close successfully
2026-09-05 17:13:10,775 - INFO - Main window close successfully
2026-09-05 17:13:10,775 - INFO - ==================================================
2026-09-05 17:13:10,775 - INFO - New session close at 2026-09-05 17:13
2026-09-05 17:13:10,775 - INFO - ==================================================
2026-09-05 17:13:10,786 - DEBUG - Calling CoUninitialize()
2026-09-05 17:13:10,787 - DEBUG - CoUninitialize() done.
2026-09-05 17:33:31,783 - DEBUG - OpenGL_accelerate module loaded
2026-09-05 17:33:31,795 - DEBUG - Using accelerated ArrayDatatype
2026-09-05 17:33:31,967 - DEBUG - CoInitializeEx(None, 2)
2026-09-05 17:33:32,059 - INFO - Could not import comtypes.gen, trying to create it.
2026-09-05 17:33:32,059 - INFO - Creating comtypes.gen package failed: [WinError 5] Access is denied: 'C:\\Program Files\\Python313\\Lib\\site-packages\\comtypes\\gen'
2026-09-05 17:33:32,059 - INFO - Created a memory-only package.
2026-09-05 17:33:32,063 - INFO - Using writeable comtypes cache directory: 'C:\Users\ES2\AppData\Roaming\Python\Python313\comtypes_cache'
2026-09-05 17:33:32,068 - DEBUG - GetModule(qedit.dll), resolved: False
2026-09-05 17:33:32,070 - DEBUG - GetModule(TLIBATTR(GUID={78530B68-61F9-11D2-8CAD-00A024580902}, Version=1.0, LCID=0, FLags=0x8))
2026-09-05 17:33:32,089 - DEBUG - Release <POINTER(ITypeLib) ptr=0x10cc0432ab0 at 10cc1dd2b50>
2026-09-05 17:33:32,089 - DEBUG - GetModule(quartz.dll), resolved: False
2026-09-05 17:33:32,090 - DEBUG - GetModule(TLIBATTR(GUID={56A868B0-0AD4-11CE-B03A-0020AF0BA770}, Version=1.0, LCID=0, FLags=0x8))
2026-09-05 17:33:32,096 - DEBUG - Release <POINTER(ITypeLib) ptr=0x10cc042f930 at 10cc1dd2b50>
2026-09-05 17:33:40,697 - INFO - UI load successful
2026-09-05 17:33:50,879 - INFO - Profile : Supervisor
2026-09-05 17:35:27,159 - INFO - Galvo Laser Shutdown
2026-09-05 17:35:27,160 - CRITICAL - Laser 1 : OFF
2026-09-05 17:35:27,160 - CRITICAL - Laser 2 : OFF
2026-09-05 17:35:27,160 - INFO - Stepper Lasers Shutdown
2026-09-05 17:35:27,160 - INFO - COM connection close successfully
2026-09-05 17:35:27,160 - INFO - Main window close successfully
2026-09-05 17:35:27,160 - INFO - ==================================================
2026-09-05 17:35:27,160 - INFO - New session close at 2026-09-05 17:35
2026-09-05 17:35:27,160 - INFO - ==================================================
2026-09-05 17:35:27,171 - DEBUG - Calling CoUninitialize()
2026-09-05 17:35:27,172 - DEBUG - CoUninitialize() done.
2026-09-09 16:42:29,166 - DEBUG - OpenGL_accelerate module loaded
2026-09-09 16:42:29,221 - DEBUG - Using accelerated ArrayDatatype
2026-09-09 16:42:29,775 - DEBUG - CoInitializeEx(None, 2)
2026-09-09 16:42:29,912 - INFO - Could not import comtypes.gen, trying to create it.
2026-09-09 16:42:29,912 - INFO - Creating comtypes.gen package failed: [WinError 5] Access is denied: 'C:\\Program Files\\Python313\\Lib\\site-packages\\comtypes\\gen'
2026-09-09 16:42:29,912 - INFO - Created a memory-only package.
2026-09-09 16:42:29,917 - INFO - Using writeable comtypes cache directory: 'C:\Users\ES2\AppData\Roaming\Python\Python313\comtypes_cache'
2026-09-09 16:42:29,926 - DEBUG - GetModule(qedit.dll), resolved: False
2026-09-09 16:42:29,932 - DEBUG - GetModule(TLIBATTR(GUID={78530B68-61F9-11D2-8CAD-00A024580902}, Version=1.0, LCID=0, FLags=0x8))
2026-09-09 16:42:29,960 - DEBUG - Release <POINTER(ITypeLib) ptr=0x13b5252b190 at 13b540129d0>
2026-09-09 16:42:29,960 - DEBUG - GetModule(quartz.dll), resolved: False
2026-09-09 16:42:29,966 - DEBUG - GetModule(TLIBATTR(GUID={56A868B0-0AD4-11CE-B03A-0020AF0BA770}, Version=1.0, LCID=0, FLags=0x8))
2026-09-09 16:42:29,974 - DEBUG - Release <POINTER(ITypeLib) ptr=0x13b5252bc90 at 13b540129d0>
2026-09-09 16:42:43,584 - INFO - UI load successful
2026-09-09 16:43:10,125 - INFO - Profile : Supervisor
2026-09-09 16:45:46,720 - DEBUG - OpenGL_accelerate module loaded
2026-09-09 16:45:46,752 - DEBUG - Using accelerated ArrayDatatype
2026-09-09 16:45:47,125 - DEBUG - CoInitializeEx(None, 2)
2026-09-09 16:45:47,252 - INFO - Could not import comtypes.gen, trying to create it.
2026-09-09 16:45:47,252 - INFO - Creating comtypes.gen package failed: [WinError 5] Access is denied: 'C:\\Program Files\\Python313\\Lib\\site-packages\\comtypes\\gen'
2026-09-09 16:45:47,252 - INFO - Created a memory-only package.
2026-09-09 16:45:47,255 - INFO - Using writeable comtypes cache directory: 'C:\Users\ES2\AppData\Roaming\Python\Python313\comtypes_cache'
2026-09-09 16:45:47,266 - DEBUG - GetModule(qedit.dll), resolved: False
2026-09-09 16:45:47,270 - DEBUG - GetModule(TLIBATTR(GUID={78530B68-61F9-11D2-8CAD-00A024580902}, Version=1.0, LCID=0, FLags=0x8))
2026-09-09 16:45:47,299 - DEBUG - Release <POINTER(ITypeLib) ptr=0x17359184b10 at 1735ab229d0>
2026-09-09 16:45:47,300 - DEBUG - GetModule(quartz.dll), resolved: False
2026-09-09 16:45:47,304 - DEBUG - GetModule(TLIBATTR(GUID={56A868B0-0AD4-11CE-B03A-0020AF0BA770}, Version=1.0, LCID=0, FLags=0x8))
2026-09-09 16:45:47,317 - DEBUG - Release <POINTER(ITypeLib) ptr=0x17359185090 at 1735ab229d0>
2026-09-09 16:45:59,838 - INFO - UI load successful
2026-09-09 16:46:17,806 - INFO - Profile : Supervisor
2026-09-09 16:56:21,242 - INFO - No OpenGL_accelerate module loaded: No module named 'OpenGL_accelerate'
2026-09-09 16:56:21,976 - DEBUG - CoInitializeEx(None, 2)
2026-09-09 16:56:22,098 - INFO - Imported existing <module 'comtypes.gen' from 'C:\\Users\\EXPSOL\\AppData\\Roaming\\Python\\Python312\\site-packages\\comtypes\\gen\\__init__.py'>
2026-09-09 16:56:22,099 - INFO - Using writeable comtypes cache directory: 'C:\Users\EXPSOL\AppData\Roaming\Python\Python312\site-packages\comtypes\gen'
2026-09-09 16:56:22,111 - DEBUG - GetModule(qedit.dll), resolved: False
2026-09-09 16:56:22,115 - DEBUG - GetModule(TLIBATTR(GUID={78530B68-61F9-11D2-8CAD-00A024580902}, Version=1.0, LCID=0, FLags=0x8))
2026-09-09 16:56:22,151 - DEBUG - Release <POINTER(ITypeLib) ptr=0x22f84ec8690 at 22f88db83d0>
2026-09-09 16:56:22,152 - DEBUG - GetModule(quartz.dll), resolved: False
2026-09-09 16:56:22,153 - DEBUG - GetModule(TLIBATTR(GUID={56A868B0-0AD4-11CE-B03A-0020AF0BA770}, Version=1.0, LCID=0, FLags=0x8))
2026-09-09 16:56:22,167 - DEBUG - Release <POINTER(ITypeLib) ptr=0x22f84ec8690 at 22f8a84e1d0>
2026-09-09 16:56:23,123 - INFO - UI load successful
2026-09-09 16:56:33,944 - INFO - Profile : Supervisor
2026-09-09 17:19:42,259 - CRITICAL - Laser 1 : OFF
2026-09-09 17:19:42,259 - CRITICAL - Laser 2 : OFF
2026-09-09 17:19:42,259 - INFO - Stepper Lasers Shutdown
2026-09-09 17:19:42,259 - INFO - COM connection close successfully
2026-09-09 17:19:42,259 - INFO - Main window close successfully
2026-09-09 17:19:42,271 - INFO - ==================================================
2026-09-09 17:19:42,271 - INFO - New session close at 2026-09-09 17:19
2026-09-09 17:19:42,271 - INFO - ==================================================
2026-09-09 17:19:42,285 - DEBUG - Calling CoUninitialize()
2026-09-09 17:19:42,285 - DEBUG - CoUninitialize() done.
2026-09-09 17:25:42,603 - INFO - No OpenGL_accelerate module loaded: No module named 'OpenGL_accelerate'
2026-09-09 17:25:42,880 - DEBUG - CoInitializeEx(None, 2)
2026-09-09 17:25:42,929 - INFO - Imported existing <module 'comtypes.gen' from 'C:\\Users\\EXPSOL\\AppData\\Roaming\\Python\\Python312\\site-packages\\comtypes\\gen\\__init__.py'>
2026-09-09 17:25:42,929 - INFO - Using writeable comtypes cache directory: 'C:\Users\EXPSOL\AppData\Roaming\Python\Python312\site-packages\comtypes\gen'
2026-09-09 17:25:42,946 - DEBUG - GetModule(qedit.dll), resolved: False
2026-09-09 17:25:42,946 - DEBUG - GetModule(TLIBATTR(GUID={78530B68-61F9-11D2-8CAD-00A024580902}, Version=1.0, LCID=0, FLags=0x8))
2026-09-09 17:25:42,977 - DEBUG - Release <POINTER(ITypeLib) ptr=0x28bb08fd940 at 28bb3be6050>
2026-09-09 17:25:42,977 - DEBUG - GetModule(quartz.dll), resolved: False
2026-09-09 17:25:42,979 - DEBUG - GetModule(TLIBATTR(GUID={56A868B0-0AD4-11CE-B03A-0020AF0BA770}, Version=1.0, LCID=0, FLags=0x8))
2026-09-09 17:25:42,979 - DEBUG - Release <POINTER(ITypeLib) ptr=0x28bb08fd680 at 28bb3c8fe50>
2026-09-09 17:25:43,340 - INFO - UI load successful
2026-09-09 17:25:53,611 - INFO - Profile : Supervisor
2026-09-09 17:28:44,401 - CRITICAL - Laser 1 : OFF
2026-09-09 17:28:44,401 - CRITICAL - Laser 2 : OFF
2026-09-09 17:28:44,401 - INFO - Stepper Lasers Shutdown
2026-09-09 17:28:44,401 - INFO - COM connection close successfully
2026-09-09 17:28:44,401 - INFO - Main window close successfully
2026-09-09 17:28:44,401 - INFO - ==================================================
2026-09-09 17:28:44,401 - INFO - New session close at 2026-09-09 17:28
2026-09-09 17:28:44,401 - INFO - ==================================================
2026-09-09 17:28:44,415 - DEBUG - Calling CoUninitialize()
2026-09-09 17:28:44,415 - DEBUG - CoUninitialize() done.
2026-09-09 17:28:48,436 - INFO - No OpenGL_accelerate module loaded: No module named 'OpenGL_accelerate'
2026-09-09 17:28:48,647 - DEBUG - CoInitializeEx(None, 2)
2026-09-09 17:28:48,691 - INFO - Imported existing <module 'comtypes.gen' from 'C:\\Users\\EXPSOL\\AppData\\Roaming\\Python\\Python312\\site-packages\\comtypes\\gen\\__init__.py'>
2026-09-09 17:28:48,691 - INFO - Using writeable comtypes cache directory: 'C:\Users\EXPSOL\AppData\Roaming\Python\Python312\site-packages\comtypes\gen'
2026-09-09 17:28:48,703 - DEBUG - GetModule(qedit.dll), resolved: False
2026-09-09 17:28:48,703 - DEBUG - GetModule(TLIBATTR(GUID={78530B68-61F9-11D2-8CAD-00A024580902}, Version=1.0, LCID=0, FLags=0x8))
2026-09-09 17:28:48,725 - DEBUG - Release <POINTER(ITypeLib) ptr=0x2658c760010 at 2658f736050>
2026-09-09 17:28:48,725 - DEBUG - GetModule(quartz.dll), resolved: False
2026-09-09 17:28:48,727 - DEBUG - GetModule(TLIBATTR(GUID={56A868B0-0AD4-11CE-B03A-0020AF0BA770}, Version=1.0, LCID=0, FLags=0x8))
2026-09-09 17:28:48,733 - DEBUG - Release <POINTER(ITypeLib) ptr=0x2658c760010 at 2658f7dfe50>
2026-09-09 17:28:49,043 - INFO - UI load successful
2026-09-09 17:28:58,400 - INFO - Profile : Supervisor
2026-09-09 17:38:46,495 - CRITICAL - Laser 1 : OFF
2026-09-09 17:38:46,495 - CRITICAL - Laser 2 : OFF
2026-09-09 17:38:46,495 - INFO - Stepper Lasers Shutdown
2026-09-09 17:38:46,495 - INFO - COM connection close successfully
2026-09-09 17:38:46,495 - INFO - Main window close successfully
2026-09-09 17:38:46,495 - INFO - ==================================================
2026-09-09 17:38:46,495 - INFO - New session close at 2026-09-09 17:38
2026-09-09 17:38:46,495 - INFO - ==================================================
2026-09-09 17:38:46,510 - DEBUG - Calling CoUninitialize()
2026-09-09 17:38:46,511 - DEBUG - CoUninitialize() done.
2026-09-09 17:38:51,720 - INFO - No OpenGL_accelerate module loaded: No module named 'OpenGL_accelerate'
2026-09-09 17:38:51,917 - DEBUG - CoInitializeEx(None, 2)
2026-09-09 17:38:51,963 - INFO - Imported existing <module 'comtypes.gen' from 'C:\\Users\\EXPSOL\\AppData\\Roaming\\Python\\Python312\\site-packages\\comtypes\\gen\\__init__.py'>
2026-09-09 17:38:51,963 - INFO - Using writeable comtypes cache directory: 'C:\Users\EXPSOL\AppData\Roaming\Python\Python312\site-packages\comtypes\gen'
2026-09-09 17:38:51,974 - DEBUG - GetModule(qedit.dll), resolved: False
2026-09-09 17:38:51,974 - DEBUG - GetModule(TLIBATTR(GUID={78530B68-61F9-11D2-8CAD-00A024580902}, Version=1.0, LCID=0, FLags=0x8))
2026-09-09 17:38:51,992 - DEBUG - Release <POINTER(ITypeLib) ptr=0x2e9c2d3e600 at 2e9c5fe6050>
2026-09-09 17:38:51,992 - DEBUG - GetModule(quartz.dll), resolved: False
2026-09-09 17:38:51,992 - DEBUG - GetModule(TLIBATTR(GUID={56A868B0-0AD4-11CE-B03A-0020AF0BA770}, Version=1.0, LCID=0, FLags=0x8))
2026-09-09 17:38:51,992 - DEBUG - Release <POINTER(ITypeLib) ptr=0x2e9c2d3fc00 at 2e9c608fe50>
2026-09-09 17:38:52,320 - INFO - UI load successful
2026-09-09 17:39:02,461 - INFO - Profile : Supervisor
2026-09-09 17:39:49,461 - CRITICAL - Laser 1 : OFF
2026-09-09 17:39:49,461 - CRITICAL - Laser 2 : OFF
2026-09-09 17:39:49,461 - INFO - Stepper Lasers Shutdown
2026-09-09 17:39:49,461 - INFO - COM connection close successfully
2026-09-09 17:39:49,461 - INFO - Main window close successfully
2026-09-09 17:39:49,461 - INFO - ==================================================
2026-09-09 17:39:49,463 - INFO - New session close at 2026-09-09 17:39
2026-09-09 17:39:49,463 - INFO - ==================================================
2026-09-09 17:39:49,470 - DEBUG - Calling CoUninitialize()
2026-09-09 17:39:49,470 - DEBUG - CoUninitialize() done.
2026-09-09 17:39:52,782 - INFO - No OpenGL_accelerate module loaded: No module named 'OpenGL_accelerate'
2026-09-09 17:39:52,992 - DEBUG - CoInitializeEx(None, 2)
2026-09-09 17:39:53,038 - INFO - Imported existing <module 'comtypes.gen' from 'C:\\Users\\EXPSOL\\AppData\\Roaming\\Python\\Python312\\site-packages\\comtypes\\gen\\__init__.py'>
2026-09-09 17:39:53,038 - INFO - Using writeable comtypes cache directory: 'C:\Users\EXPSOL\AppData\Roaming\Python\Python312\site-packages\comtypes\gen'
2026-09-09 17:39:53,045 - DEBUG - GetModule(qedit.dll), resolved: False
2026-09-09 17:39:53,045 - DEBUG - GetModule(TLIBATTR(GUID={78530B68-61F9-11D2-8CAD-00A024580902}, Version=1.0, LCID=0, FLags=0x8))
2026-09-09 17:39:53,066 - DEBUG - Release <POINTER(ITypeLib) ptr=0x22a23bef940 at 22a26f76050>
2026-09-09 17:39:53,066 - DEBUG - GetModule(quartz.dll), resolved: False
2026-09-09 17:39:53,068 - DEBUG - GetModule(TLIBATTR(GUID={56A868B0-0AD4-11CE-B03A-0020AF0BA770}, Version=1.0, LCID=0, FLags=0x8))
2026-09-09 17:39:53,074 - DEBUG - Release <POINTER(ITypeLib) ptr=0x22a23bf2540 at 22a2701fe50>
2026-09-09 17:39:53,411 - INFO - UI load successful
2026-09-09 17:40:02,473 - INFO - Profile : Supervisor
2026-09-09 17:51:25,289 - CRITICAL - Laser 1 : OFF
2026-09-09 17:51:25,289 - CRITICAL - Laser 2 : OFF
2026-09-09 17:51:25,289 - INFO - Stepper Lasers Shutdown
2026-09-09 17:51:25,289 - INFO - COM connection close successfully
2026-09-09 17:51:25,289 - INFO - Main window close successfully
2026-09-09 17:51:25,289 - INFO - ==================================================
2026-09-09 17:51:25,289 - INFO - New session close at 2026-09-09 17:51
2026-09-09 17:51:25,289 - INFO - ==================================================
2026-09-09 17:51:25,299 - DEBUG - Calling CoUninitialize()
2026-09-09 17:51:25,299 - DEBUG - CoUninitialize() done.
2026-09-10 10:49:23,539 - INFO - No OpenGL_accelerate module loaded: No module named 'OpenGL_accelerate'
2026-09-10 10:49:07,243 - DEBUG - CoInitializeEx(None, 2)
2026-09-10 10:49:07,600 - INFO - Imported existing <module 'comtypes.gen' from 'C:\\Users\\EXPSOL\\AppData\\Roaming\\Python\\Python312\\site-packages\\comtypes\\gen\\__init__.py'>
2026-09-10 10:49:07,600 - INFO - Using writeable comtypes cache directory: 'C:\Users\EXPSOL\AppData\Roaming\Python\Python312\site-packages\comtypes\gen'
2026-09-10 10:49:07,641 - DEBUG - GetModule(qedit.dll), resolved: False
2026-09-10 10:49:07,641 - DEBUG - GetModule(TLIBATTR(GUID={78530B68-61F9-11D2-8CAD-00A024580902}, Version=1.0, LCID=0, FLags=0x8))
2026-09-10 10:49:07,698 - DEBUG - Release <POINTER(ITypeLib) ptr=0x1dd9d6b1f10 at 1dda0aa6050>
2026-09-10 10:49:07,698 - DEBUG - GetModule(quartz.dll), resolved: False
2026-09-10 10:49:07,702 - DEBUG - GetModule(TLIBATTR(GUID={56A868B0-0AD4-11CE-B03A-0020AF0BA770}, Version=1.0, LCID=0, FLags=0x8))
2026-09-10 10:49:07,717 - DEBUG - Release <POINTER(ITypeLib) ptr=0x1dd9d6b0e90 at 1dda0b4fe50>
2026-09-10 10:49:08,910 - INFO - UI load successful
2026-09-10 10:49:40,591 - INFO - Profile : Supervisor
2026-09-10 10:50:15,881 - CRITICAL - Laser 1 : OFF
2026-09-10 10:50:15,883 - CRITICAL - Laser 2 : OFF
2026-09-10 10:50:15,883 - INFO - Stepper Lasers Shutdown
2026-09-10 10:50:15,883 - INFO - COM connection close successfully
2026-09-10 10:50:15,883 - INFO - Main window close successfully
2026-09-10 10:50:15,883 - INFO - ==================================================
2026-09-10 10:50:15,883 - INFO - New session close at 2026-09-10 10:50
2026-09-10 10:50:15,883 - INFO - ==================================================
2026-09-10 10:50:15,903 - DEBUG - Calling CoUninitialize()
2026-09-10 10:50:15,903 - DEBUG - CoUninitialize() done.
2026-09-10 11:24:50,291 - DEBUG - OpenGL_accelerate module loaded
2026-09-10 11:24:50,398 - DEBUG - Using accelerated ArrayDatatype
2026-09-10 11:24:52,432 - DEBUG - CoInitializeEx(None, 2)
2026-09-10 11:24:52,826 - INFO - Could not import comtypes.gen, trying to create it.
2026-09-10 11:24:52,827 - INFO - Creating comtypes.gen package failed: [WinError 5] Access is denied: 'C:\\Program Files\\Python314\\Lib\\site-packages\\comtypes\\gen'
2026-09-10 11:24:52,827 - INFO - Created a memory-only package.
2026-09-10 11:24:52,832 - INFO - Using writeable comtypes cache directory: 'C:\Users\EXPRESS\AppData\Roaming\Python\Python314\comtypes_cache'
2026-09-10 11:24:52,889 - DEBUG - GetModule(qedit.dll), resolved: False
2026-09-10 11:24:52,892 - DEBUG - GetModule(TLIBATTR(GUID={78530B68-61F9-11D2-8CAD-00A024580902}, Version=1.0, LCID=0, FLags=0x8))
2026-09-10 11:24:52,955 - DEBUG - Release <POINTER(ITypeLib) ptr=0x24442f06e30 at 24448bfc690>
2026-09-10 11:24:52,955 - DEBUG - GetModule(quartz.dll), resolved: False
2026-09-10 11:24:52,957 - DEBUG - GetModule(TLIBATTR(GUID={56A868B0-0AD4-11CE-B03A-0020AF0BA770}, Version=1.0, LCID=0, FLags=0x8))
2026-09-10 11:24:52,975 - DEBUG - Release <POINTER(ITypeLib) ptr=0x24442f086f0 at 24448bfc690>
2026-09-10 11:24:53,912 - INFO - UI load successful
2026-09-10 11:25:04,736 - INFO - Profile : Supervisor
2026-09-10 11:26:59,317 - CRITICAL - Laser 1 : OFF
2026-09-10 11:26:59,317 - CRITICAL - Laser 2 : OFF
2026-09-10 11:26:59,317 - INFO - Stepper Lasers Shutdown
2026-09-10 11:26:59,318 - INFO - COM connection close successfully
2026-09-10 11:26:59,318 - INFO - Main window close successfully
2026-09-10 11:26:59,318 - INFO - ==================================================
2026-09-10 11:26:59,318 - INFO - New session close at 2026-09-10 11:26
2026-09-10 11:26:59,318 - INFO - ==================================================
2026-09-10 11:26:59,344 - DEBUG - Calling CoUninitialize()
2026-09-10 11:26:59,344 - DEBUG - CoUninitialize() done.
2026-09-10 18:19:57,281 - DEBUG - OpenGL_accelerate module loaded
2026-09-10 18:19:57,308 - DEBUG - Using accelerated ArrayDatatype
2026-09-10 18:19:57,671 - DEBUG - CoInitializeEx(None, 2)
2026-09-10 18:19:57,770 - INFO - Could not import comtypes.gen, trying to create it.
2026-09-10 18:19:57,770 - INFO - Creating comtypes.gen package failed: [WinError 5] Access is denied: 'C:\\Program Files\\Python314\\Lib\\site-packages\\comtypes\\gen'
2026-09-10 18:19:57,770 - INFO - Created a memory-only package.
2026-09-10 18:19:57,773 - INFO - Using writeable comtypes cache directory: 'C:\Users\EXPRESS\AppData\Roaming\Python\Python314\comtypes_cache'
2026-09-10 18:19:57,786 - DEBUG - GetModule(qedit.dll), resolved: False
2026-09-10 18:19:57,802 - DEBUG - GetModule(TLIBATTR(GUID={78530B68-61F9-11D2-8CAD-00A024580902}, Version=1.0, LCID=0, FLags=0x8))
2026-09-10 18:19:57,834 - DEBUG - Release <POINTER(ITypeLib) ptr=0x1cd6d779fa0 at 1cd71973890>
2026-09-10 18:19:57,834 - DEBUG - GetModule(quartz.dll), resolved: False
2026-09-10 18:19:57,836 - DEBUG - GetModule(TLIBATTR(GUID={56A868B0-0AD4-11CE-B03A-0020AF0BA770}, Version=1.0, LCID=0, FLags=0x8))
2026-09-10 18:19:57,845 - DEBUG - Release <POINTER(ITypeLib) ptr=0x1cd6d7794a0 at 1cd71973890>
2026-09-10 18:19:58,627 - INFO - UI load successful
2026-09-10 18:20:04,586 - CRITICAL - Laser 1 : OFF
2026-09-10 18:20:04,586 - CRITICAL - Laser 2 : OFF
2026-09-10 18:20:04,586 - INFO - Stepper Lasers Shutdown
2026-09-10 18:20:04,586 - INFO - COM connection close successfully
2026-09-10 18:20:04,586 - INFO - Main window close successfully
2026-09-10 18:20:04,586 - INFO - ==================================================
2026-09-10 18:20:04,587 - INFO - New session close at 2026-09-10 18:20
2026-09-10 18:20:04,587 - INFO - ==================================================
2026-09-10 18:20:04,608 - DEBUG - Calling CoUninitialize()
2026-09-10 18:20:04,608 - DEBUG - CoUninitialize() done.
2026-09-10 18:20:31,855 - DEBUG - OpenGL_accelerate module loaded
2026-09-10 18:20:31,867 - DEBUG - Using accelerated ArrayDatatype
2026-09-10 18:20:32,165 - DEBUG - CoInitializeEx(None, 2)
2026-09-10 18:20:32,213 - INFO - Could not import comtypes.gen, trying to create it.
2026-09-10 18:20:32,213 - INFO - Creating comtypes.gen package failed: [WinError 5] Access is denied: 'C:\\Program Files\\Python314\\Lib\\site-packages\\comtypes\\gen'
2026-09-10 18:20:32,213 - INFO - Created a memory-only package.
2026-09-10 18:20:32,216 - INFO - Using writeable comtypes cache directory: 'C:\Users\EXPRESS\AppData\Roaming\Python\Python314\comtypes_cache'
2026-09-10 18:20:32,223 - DEBUG - GetModule(qedit.dll), resolved: False
2026-09-10 18:20:32,224 - DEBUG - GetModule(TLIBATTR(GUID={78530B68-61F9-11D2-8CAD-00A024580902}, Version=1.0, LCID=0, FLags=0x8))
2026-09-10 18:20:32,248 - DEBUG - Release <POINTER(ITypeLib) ptr=0x1a8b8c586e0 at 1a8bce77700>
2026-09-10 18:20:32,249 - DEBUG - GetModule(quartz.dll), resolved: False
2026-09-10 18:20:32,249 - DEBUG - GetModule(TLIBATTR(GUID={56A868B0-0AD4-11CE-B03A-0020AF0BA770}, Version=1.0, LCID=0, FLags=0x8))
2026-09-10 18:20:32,257 - DEBUG - Release <POINTER(ITypeLib) ptr=0x1a8b8c570e0 at 1a8bce77700>
2026-09-10 18:20:32,683 - INFO - UI load successful
2026-09-10 18:21:25,224 - DEBUG - OpenGL_accelerate module loaded
2026-09-10 18:21:25,234 - DEBUG - Using accelerated ArrayDatatype
2026-09-10 18:21:25,476 - DEBUG - CoInitializeEx(None, 2)
2026-09-10 18:21:25,520 - INFO - Could not import comtypes.gen, trying to create it.
2026-09-10 18:21:25,520 - INFO - Creating comtypes.gen package failed: [WinError 5] Access is denied: 'C:\\Program Files\\Python314\\Lib\\site-packages\\comtypes\\gen'
2026-09-10 18:21:25,520 - INFO - Created a memory-only package.
2026-09-10 18:21:25,523 - INFO - Using writeable comtypes cache directory: 'C:\Users\EXPRESS\AppData\Roaming\Python\Python314\comtypes_cache'
2026-09-10 18:21:25,530 - DEBUG - GetModule(qedit.dll), resolved: False
2026-09-10 18:21:25,531 - DEBUG - GetModule(TLIBATTR(GUID={78530B68-61F9-11D2-8CAD-00A024580902}, Version=1.0, LCID=0, FLags=0x8))
2026-09-10 18:21:25,555 - DEBUG - Release <POINTER(ITypeLib) ptr=0x26475fc5a60 at 2647a367700>
2026-09-10 18:21:25,555 - DEBUG - GetModule(quartz.dll), resolved: False
2026-09-10 18:21:25,556 - DEBUG - GetModule(TLIBATTR(GUID={56A868B0-0AD4-11CE-B03A-0020AF0BA770}, Version=1.0, LCID=0, FLags=0x8))
2026-09-10 18:21:25,564 - DEBUG - Release <POINTER(ITypeLib) ptr=0x26475fc49e0 at 2647a367700>
2026-09-10 18:21:25,911 - INFO - UI load successful
2026-09-10 18:22:09,892 - CRITICAL - Laser 1 : OFF
2026-09-10 18:22:09,892 - CRITICAL - Laser 2 : OFF
2026-09-10 18:22:09,893 - INFO - Stepper Lasers Shutdown
2026-09-10 18:22:09,893 - INFO - COM connection close successfully
2026-09-10 18:22:09,893 - INFO - Main window close successfully
2026-09-10 18:22:09,893 - INFO - ==================================================
2026-09-10 18:22:09,893 - INFO - New session close at 2026-09-10 18:22
2026-09-10 18:22:09,893 - INFO - ==================================================
2026-09-10 18:22:09,907 - DEBUG - Calling CoUninitialize()
2026-09-10 18:22:09,907 - DEBUG - CoUninitialize() done.
2026-09-10 18:23:59,075 - DEBUG - OpenGL_accelerate module loaded
2026-09-10 18:23:59,087 - DEBUG - Using accelerated ArrayDatatype
2026-09-10 18:23:59,342 - DEBUG - CoInitializeEx(None, 2)
2026-09-10 18:23:59,388 - INFO - Could not import comtypes.gen, trying to create it.
2026-09-10 18:23:59,388 - INFO - Creating comtypes.gen package failed: [WinError 5] Access is denied: 'C:\\Program Files\\Python314\\Lib\\site-packages\\comtypes\\gen'
2026-09-10 18:23:59,388 - INFO - Created a memory-only package.
2026-09-10 18:23:59,391 - INFO - Using writeable comtypes cache directory: 'C:\Users\EXPRESS\AppData\Roaming\Python\Python314\comtypes_cache'
2026-09-10 18:23:59,397 - DEBUG - GetModule(qedit.dll), resolved: False
2026-09-10 18:23:59,400 - DEBUG - GetModule(TLIBATTR(GUID={78530B68-61F9-11D2-8CAD-00A024580902}, Version=1.0, LCID=0, FLags=0x8))
2026-09-10 18:23:59,424 - DEBUG - Release <POINTER(ITypeLib) ptr=0x1fa3d5d55e0 at 1fa418c7700>
2026-09-10 18:23:59,425 - DEBUG - GetModule(quartz.dll), resolved: False
2026-09-10 18:23:59,425 - DEBUG - GetModule(TLIBATTR(GUID={56A868B0-0AD4-11CE-B03A-0020AF0BA770}, Version=1.0, LCID=0, FLags=0x8))
2026-09-10 18:23:59,434 - DEBUG - Release <POINTER(ITypeLib) ptr=0x1fa3d5d6be0 at 1fa418c7700>
2026-09-10 18:23:59,814 - INFO - UI load successful
2026-09-10 18:24:09,913 - INFO - Profile : Supervisor
2026-09-10 18:24:14,717 - CRITICAL - Laser 1 : OFF
2026-09-10 18:24:14,717 - CRITICAL - Laser 2 : OFF
2026-09-10 18:24:14,718 - INFO - Stepper Lasers Shutdown
2026-09-10 18:24:14,718 - INFO - COM connection close successfully
2026-09-10 18:24:14,718 - INFO - Main window close successfully
2026-09-10 18:24:14,718 - INFO - ==================================================
2026-09-10 18:24:14,718 - INFO - New session close at 2026-09-10 18:24
2026-09-10 18:24:14,718 - INFO - ==================================================
2026-09-10 18:24:14,772 - DEBUG - Calling CoUninitialize()
2026-09-10 18:24:14,773 - DEBUG - CoUninitialize() done.
2026-09-11 12:59:25,322 - DEBUG - OpenGL_accelerate module loaded
2026-09-11 12:59:25,347 - DEBUG - Using accelerated ArrayDatatype
2026-09-11 12:59:26,109 - DEBUG - CoInitializeEx(None, 2)
2026-09-11 12:59:26,513 - INFO - Imported existing <module 'comtypes.gen' from 'C:\\Users\\exp\\AppData\\Roaming\\Python\\Python313\\site-packages\\comtypes\\gen\\__init__.py'>
2026-09-11 12:59:26,513 - INFO - Using writeable comtypes cache directory: 'C:\Users\exp\AppData\Roaming\Python\Python313\site-packages\comtypes\gen'
2026-09-11 12:59:26,554 - DEBUG - GetModule(qedit.dll), resolved: False
2026-09-11 12:59:26,559 - DEBUG - GetModule(TLIBATTR(GUID={78530B68-61F9-11D2-8CAD-00A024580902}, Version=1.0, LCID=0, FLags=0x8))
2026-09-11 12:59:26,620 - DEBUG - Release <POINTER(ITypeLib) ptr=0x23c21d86130 at 23c24d9c8d0>
2026-09-11 12:59:26,621 - DEBUG - GetModule(quartz.dll), resolved: False
2026-09-11 12:59:26,624 - DEBUG - GetModule(TLIBATTR(GUID={56A868B0-0AD4-11CE-B03A-0020AF0BA770}, Version=1.0, LCID=0, FLags=0x8))
2026-09-11 12:59:26,642 - DEBUG - Release <POINTER(ITypeLib) ptr=0x23c21d88ff0 at 23c24d9c750>
2026-09-11 12:59:27,177 - INFO - UI load successful
2026-09-11 12:59:40,563 - INFO - Profile : Supervisor
2026-09-11 12:59:46,380 - CRITICAL - Laser 1 : OFF
2026-09-11 12:59:46,380 - CRITICAL - Laser 2 : OFF
2026-09-11 12:59:46,381 - INFO - Stepper Lasers Shutdown
2026-09-11 12:59:46,381 - INFO - COM connection close successfully
2026-09-11 12:59:46,381 - INFO - Main window close successfully
2026-09-11 12:59:46,381 - INFO - ==================================================
2026-09-11 12:59:46,381 - INFO - New session close at 2026-09-11 12:59
2026-09-11 12:59:46,381 - INFO - ==================================================
2026-09-11 12:59:46,409 - DEBUG - Calling CoUninitialize()
2026-09-11 12:59:46,409 - DEBUG - CoUninitialize() done.
2026-09-11 14:24:34,766 - DEBUG - OpenGL_accelerate module loaded
2026-09-11 14:24:34,816 - DEBUG - Using accelerated ArrayDatatype
2026-09-11 14:24:35,526 - DEBUG - CoInitializeEx(None, 2)
2026-09-11 14:24:35,661 - INFO - Imported existing <module 'comtypes.gen' from 'C:\\Users\\exp\\AppData\\Roaming\\Python\\Python313\\site-packages\\comtypes\\gen\\__init__.py'>
2026-09-11 14:24:35,661 - INFO - Using writeable comtypes cache directory: 'C:\Users\exp\AppData\Roaming\Python\Python313\site-packages\comtypes\gen'
2026-09-11 14:24:35,673 - DEBUG - GetModule(qedit.dll), resolved: False
2026-09-11 14:24:35,686 - DEBUG - GetModule(TLIBATTR(GUID={78530B68-61F9-11D2-8CAD-00A024580902}, Version=1.0, LCID=0, FLags=0x8))
2026-09-11 14:24:35,720 - DEBUG - Release <POINTER(ITypeLib) ptr=0x27ba86cd520 at 27baae6c650>
2026-09-11 14:24:35,721 - DEBUG - GetModule(quartz.dll), resolved: False
2026-09-11 14:24:35,724 - DEBUG - GetModule(TLIBATTR(GUID={56A868B0-0AD4-11CE-B03A-0020AF0BA770}, Version=1.0, LCID=0, FLags=0x8))
2026-09-11 14:24:35,738 - DEBUG - Release <POINTER(ITypeLib) ptr=0x27ba86c76d0 at 27baae6c4d0>
2026-09-11 14:24:36,859 - INFO - UI load successful
2026-09-11 14:24:57,074 - INFO - Profile : Supervisor
2026-09-11 14:27:01,214 - CRITICAL - Laser 1 : OFF
2026-09-11 14:27:01,215 - CRITICAL - Laser 2 : OFF
2026-09-11 14:27:01,215 - INFO - Stepper Lasers Shutdown
2026-09-11 14:27:01,215 - INFO - COM connection close successfully
2026-09-11 14:27:01,215 - INFO - Main window close successfully
2026-09-11 14:27:01,215 - INFO - ==================================================
2026-09-11 14:27:01,215 - INFO - New session close at 2026-09-11 14:27
2026-09-11 14:27:01,215 - INFO - ==================================================
2026-09-11 14:27:01,241 - DEBUG - Calling CoUninitialize()
2026-09-11 14:27:01,242 - DEBUG - CoUninitialize() done.
2026-09-11 14:27:16,006 - DEBUG - OpenGL_accelerate module loaded
2026-09-11 14:27:16,027 - DEBUG - Using accelerated ArrayDatatype
2026-09-11 14:27:16,479 - DEBUG - CoInitializeEx(None, 2)
2026-09-11 14:27:16,636 - INFO - Imported existing <module 'comtypes.gen' from 'C:\\Users\\exp\\AppData\\Roaming\\Python\\Python313\\site-packages\\comtypes\\gen\\__init__.py'>
2026-09-11 14:27:16,637 - INFO - Using writeable comtypes cache directory: 'C:\Users\exp\AppData\Roaming\Python\Python313\site-packages\comtypes\gen'
2026-09-11 14:27:16,648 - DEBUG - GetModule(qedit.dll), resolved: False
2026-09-11 14:27:16,660 - DEBUG - GetModule(TLIBATTR(GUID={78530B68-61F9-11D2-8CAD-00A024580902}, Version=1.0, LCID=0, FLags=0x8))
2026-09-11 14:27:16,692 - DEBUG - Release <POINTER(ITypeLib) ptr=0x20bca4e5b00 at 20bde9bc650>
2026-09-11 14:27:16,692 - DEBUG - GetModule(quartz.dll), resolved: False
2026-09-11 14:27:16,696 - DEBUG - GetModule(TLIBATTR(GUID={56A868B0-0AD4-11CE-B03A-0020AF0BA770}, Version=1.0, LCID=0, FLags=0x8))
2026-09-11 14:27:16,708 - DEBUG - Release <POINTER(ITypeLib) ptr=0x20bca4e8180 at 20bde9bc4d0>
2026-09-11 14:27:17,113 - INFO - UI load successful
2026-09-11 14:28:08,227 - DEBUG - OpenGL_accelerate module loaded
2026-09-11 14:28:08,246 - DEBUG - Using accelerated ArrayDatatype
2026-09-11 14:28:08,518 - DEBUG - CoInitializeEx(None, 2)
2026-09-11 14:28:08,643 - INFO - Imported existing <module 'comtypes.gen' from 'C:\\Users\\exp\\AppData\\Roaming\\Python\\Python313\\site-packages\\comtypes\\gen\\__init__.py'>
2026-09-11 14:28:08,643 - INFO - Using writeable comtypes cache directory: 'C:\Users\exp\AppData\Roaming\Python\Python313\site-packages\comtypes\gen'
2026-09-11 14:28:08,651 - DEBUG - GetModule(qedit.dll), resolved: False
2026-09-11 14:28:08,652 - DEBUG - GetModule(TLIBATTR(GUID={78530B68-61F9-11D2-8CAD-00A024580902}, Version=1.0, LCID=0, FLags=0x8))
2026-09-11 14:28:08,677 - DEBUG - Release <POINTER(ITypeLib) ptr=0x1df7f3352c0 at 1df1378c650>
2026-09-11 14:28:08,677 - DEBUG - GetModule(quartz.dll), resolved: False
2026-09-11 14:28:08,678 - DEBUG - GetModule(TLIBATTR(GUID={56A868B0-0AD4-11CE-B03A-0020AF0BA770}, Version=1.0, LCID=0, FLags=0x8))
2026-09-11 14:28:08,686 - DEBUG - Release <POINTER(ITypeLib) ptr=0x1df7f3347c0 at 1df1378c4d0>
2026-09-11 14:28:09,027 - INFO - UI load successful
2026-09-11 14:28:24,522 - INFO - Profile : Supervisor
2026-09-11 14:31:10,299 - DEBUG - OpenGL_accelerate module loaded
2026-09-11 14:31:10,311 - DEBUG - Using accelerated ArrayDatatype
2026-09-11 14:31:10,532 - DEBUG - CoInitializeEx(None, 2)
2026-09-11 14:31:10,631 - INFO - Imported existing <module 'comtypes.gen' from 'C:\\Users\\exp\\AppData\\Roaming\\Python\\Python313\\site-packages\\comtypes\\gen\\__init__.py'>
2026-09-11 14:31:10,632 - INFO - Using writeable comtypes cache directory: 'C:\Users\exp\AppData\Roaming\Python\Python313\site-packages\comtypes\gen'
2026-09-11 14:31:10,640 - DEBUG - GetModule(qedit.dll), resolved: False
2026-09-11 14:31:10,642 - DEBUG - GetModule(TLIBATTR(GUID={78530B68-61F9-11D2-8CAD-00A024580902}, Version=1.0, LCID=0, FLags=0x8))
2026-09-11 14:31:10,666 - DEBUG - Release <POINTER(ITypeLib) ptr=0x1e12b4f3570 at 1e13fffc650>
2026-09-11 14:31:10,666 - DEBUG - GetModule(quartz.dll), resolved: False
2026-09-11 14:31:10,667 - DEBUG - GetModule(TLIBATTR(GUID={56A868B0-0AD4-11CE-B03A-0020AF0BA770}, Version=1.0, LCID=0, FLags=0x8))
2026-09-11 14:31:10,674 - DEBUG - Release <POINTER(ITypeLib) ptr=0x1e12b4f3570 at 1e13fffc4d0>
2026-09-11 14:31:10,993 - INFO - UI load successful
2026-09-11 14:31:19,386 - INFO - Profile : Supervisor
2026-09-11 14:32:54,050 - DEBUG - OpenGL_accelerate module loaded
2026-09-11 14:32:54,062 - DEBUG - Using accelerated ArrayDatatype
2026-09-11 14:32:54,277 - DEBUG - CoInitializeEx(None, 2)
2026-09-11 14:32:54,375 - INFO - Imported existing <module 'comtypes.gen' from 'C:\\Users\\exp\\AppData\\Roaming\\Python\\Python313\\site-packages\\comtypes\\gen\\__init__.py'>
2026-09-11 14:32:54,376 - INFO - Using writeable comtypes cache directory: 'C:\Users\exp\AppData\Roaming\Python\Python313\site-packages\comtypes\gen'
2026-09-11 14:32:54,383 - DEBUG - GetModule(qedit.dll), resolved: False
2026-09-11 14:32:54,384 - DEBUG - GetModule(TLIBATTR(GUID={78530B68-61F9-11D2-8CAD-00A024580902}, Version=1.0, LCID=0, FLags=0x8))
2026-09-11 14:32:54,408 - DEBUG - Release <POINTER(ITypeLib) ptr=0x204188a3e20 at 2042d3bc650>
2026-09-11 14:32:54,409 - DEBUG - GetModule(quartz.dll), resolved: False
2026-09-11 14:32:54,409 - DEBUG - GetModule(TLIBATTR(GUID={56A868B0-0AD4-11CE-B03A-0020AF0BA770}, Version=1.0, LCID=0, FLags=0x8))
2026-09-11 14:32:54,417 - DEBUG - Release <POINTER(ITypeLib) ptr=0x204188a3e20 at 2042d3bc4d0>
2026-09-11 14:32:54,752 - INFO - UI load successful
2026-09-11 14:33:05,346 - INFO - Profile : Supervisor
2026-09-11 14:34:06,241 - DEBUG - OpenGL_accelerate module loaded
2026-09-11 14:34:06,256 - DEBUG - Using accelerated ArrayDatatype
2026-09-11 14:34:06,489 - DEBUG - CoInitializeEx(None, 2)
2026-09-11 14:34:06,589 - INFO - Imported existing <module 'comtypes.gen' from 'C:\\Users\\exp\\AppData\\Roaming\\Python\\Python313\\site-packages\\comtypes\\gen\\__init__.py'>
2026-09-11 14:34:06,589 - INFO - Using writeable comtypes cache directory: 'C:\Users\exp\AppData\Roaming\Python\Python313\site-packages\comtypes\gen'
2026-09-11 14:34:06,597 - DEBUG - GetModule(qedit.dll), resolved: False
2026-09-11 14:34:06,599 - DEBUG - GetModule(TLIBATTR(GUID={78530B68-61F9-11D2-8CAD-00A024580902}, Version=1.0, LCID=0, FLags=0x8))
2026-09-11 14:34:06,625 - DEBUG - Release <POINTER(ITypeLib) ptr=0x22a424ec8b0 at 22a56f5c650>
2026-09-11 14:34:06,626 - DEBUG - GetModule(quartz.dll), resolved: False
2026-09-11 14:34:06,626 - DEBUG - GetModule(TLIBATTR(GUID={56A868B0-0AD4-11CE-B03A-0020AF0BA770}, Version=1.0, LCID=0, FLags=0x8))
2026-09-11 14:34:06,636 - DEBUG - Release <POINTER(ITypeLib) ptr=0x22a424ec070 at 22a56f5c4d0>
2026-09-11 14:34:07,001 - INFO - UI load successful
2026-09-11 14:34:16,452 - INFO - Profile : Supervisor
2026-09-11 14:35:15,584 - CRITICAL - Laser 1 : OFF
2026-09-11 14:35:15,585 - CRITICAL - Laser 2 : OFF
2026-09-11 14:35:15,585 - INFO - Stepper Lasers Shutdown
2026-09-11 14:35:15,585 - INFO - COM connection close successfully
2026-09-11 14:35:15,585 - INFO - Main window close successfully
2026-09-11 14:35:15,585 - INFO - ==================================================
2026-09-11 14:35:15,585 - INFO - New session close at 2026-09-11 14:35
2026-09-11 14:35:15,585 - INFO - ==================================================
2026-09-11 14:35:15,602 - DEBUG - Calling CoUninitialize()
2026-09-11 14:35:15,602 - DEBUG - CoUninitialize() done.
2026-09-11 14:35:47,327 - DEBUG - OpenGL_accelerate module loaded
2026-09-11 14:35:47,342 - DEBUG - Using accelerated ArrayDatatype
2026-09-11 14:35:47,562 - DEBUG - CoInitializeEx(None, 2)
2026-09-11 14:35:47,659 - INFO - Imported existing <module 'comtypes.gen' from 'C:\\Users\\exp\\AppData\\Roaming\\Python\\Python313\\site-packages\\comtypes\\gen\\__init__.py'>
2026-09-11 14:35:47,660 - INFO - Using writeable comtypes cache directory: 'C:\Users\exp\AppData\Roaming\Python\Python313\site-packages\comtypes\gen'
2026-09-11 14:35:47,665 - DEBUG - GetModule(qedit.dll), resolved: False
2026-09-11 14:35:47,667 - DEBUG - GetModule(TLIBATTR(GUID={78530B68-61F9-11D2-8CAD-00A024580902}, Version=1.0, LCID=0, FLags=0x8))
2026-09-11 14:35:47,691 - DEBUG - Release <POINTER(ITypeLib) ptr=0x264643af280 at 2647918c650>
2026-09-11 14:35:47,691 - DEBUG - GetModule(quartz.dll), resolved: False
2026-09-11 14:35:47,692 - DEBUG - GetModule(TLIBATTR(GUID={56A868B0-0AD4-11CE-B03A-0020AF0BA770}, Version=1.0, LCID=0, FLags=0x8))
2026-09-11 14:35:47,700 - DEBUG - Release <POINTER(ITypeLib) ptr=0x264643af280 at 2647918c4d0>
2026-09-11 14:35:48,024 - INFO - UI load successful
2026-09-11 14:35:58,049 - INFO - Profile : Supervisor
2026-09-11 14:36:19,618 - INFO - Close event ignored.
2026-09-11 14:40:42,442 - DEBUG - OpenGL_accelerate module loaded
2026-09-11 14:40:42,457 - DEBUG - Using accelerated ArrayDatatype
2026-09-11 14:40:42,697 - DEBUG - CoInitializeEx(None, 2)
2026-09-11 14:40:42,808 - INFO - Imported existing <module 'comtypes.gen' from 'C:\\Users\\exp\\AppData\\Roaming\\Python\\Python313\\site-packages\\comtypes\\gen\\__init__.py'>
2026-09-11 14:40:42,808 - INFO - Using writeable comtypes cache directory: 'C:\Users\exp\AppData\Roaming\Python\Python313\site-packages\comtypes\gen'
2026-09-11 14:40:42,814 - DEBUG - GetModule(qedit.dll), resolved: False
2026-09-11 14:40:42,816 - DEBUG - GetModule(TLIBATTR(GUID={78530B68-61F9-11D2-8CAD-00A024580902}, Version=1.0, LCID=0, FLags=0x8))
2026-09-11 14:40:42,842 - DEBUG - Release <POINTER(ITypeLib) ptr=0x201f7afa730 at 2018bf9c5d0>
2026-09-11 14:40:42,842 - DEBUG - GetModule(quartz.dll), resolved: False
2026-09-11 14:40:42,843 - DEBUG - GetModule(TLIBATTR(GUID={56A868B0-0AD4-11CE-B03A-0020AF0BA770}, Version=1.0, LCID=0, FLags=0x8))
2026-09-11 14:40:42,852 - DEBUG - Release <POINTER(ITypeLib) ptr=0x201f7afd5f0 at 2018bf9c450>
2026-09-11 14:40:43,268 - INFO - UI load successful
2026-09-11 14:40:52,825 - INFO - Profile : Supervisor
2026-09-11 14:41:08,925 - CRITICAL - Laser 1 : OFF
2026-09-11 14:41:08,926 - CRITICAL - Laser 2 : OFF
2026-09-11 14:41:08,926 - INFO - Stepper Lasers Shutdown
2026-09-11 14:41:08,926 - INFO - COM connection close successfully
2026-09-11 14:41:08,926 - INFO - Main window close successfully
2026-09-11 14:41:08,926 - INFO - ==================================================
2026-09-11 14:41:08,926 - INFO - New session close at 2026-09-11 14:41
2026-09-11 14:41:08,926 - INFO - ==================================================
2026-09-11 14:41:08,942 - DEBUG - Calling CoUninitialize()
2026-09-11 14:41:08,943 - DEBUG - CoUninitialize() done.
2026-09-11 14:46:20,211 - DEBUG - OpenGL_accelerate module loaded
2026-09-11 14:46:20,271 - DEBUG - Using accelerated ArrayDatatype
2026-09-11 14:46:21,460 - DEBUG - CoInitializeEx(None, 2)
2026-09-11 14:46:21,730 - INFO - Could not import comtypes.gen, trying to create it.
2026-09-11 14:46:21,730 - INFO - Creating comtypes.gen package failed: [WinError 5] Access is denied: 'C:\\Program Files\\Python314\\Lib\\site-packages\\comtypes\\gen'
2026-09-11 14:46:21,733 - INFO - Created a memory-only package.
2026-09-11 14:46:21,744 - INFO - Using writeable comtypes cache directory: 'C:\Users\EXPRESS\AppData\Roaming\Python\Python314\comtypes_cache'
2026-09-11 14:46:21,780 - DEBUG - GetModule(qedit.dll), resolved: False
2026-09-11 14:46:21,798 - DEBUG - GetModule(TLIBATTR(GUID={78530B68-61F9-11D2-8CAD-00A024580902}, Version=1.0, LCID=0, FLags=0x8))
2026-09-11 14:46:21,887 - DEBUG - Release <POINTER(ITypeLib) ptr=0x1bb28ed9780 at 1bb3ed1b700>
2026-09-11 14:46:21,888 - DEBUG - GetModule(quartz.dll), resolved: False
2026-09-11 14:46:21,892 - DEBUG - GetModule(TLIBATTR(GUID={56A868B0-0AD4-11CE-B03A-0020AF0BA770}, Version=1.0, LCID=0, FLags=0x8))
2026-09-11 14:46:21,912 - DEBUG - Release <POINTER(ITypeLib) ptr=0x1bb28ed7940 at 1bb3ed1b700>
2026-09-11 14:46:23,381 - INFO - UI load successful
2026-09-11 14:46:32,822 - INFO - Profile : Supervisor
2026-09-11 15:06:04,981 - CRITICAL - Laser 1 : OFF
2026-09-11 15:06:04,985 - CRITICAL - Laser 2 : OFF
2026-09-11 15:06:04,985 - INFO - Stepper Lasers Shutdown
2026-09-11 15:06:04,986 - INFO - COM connection close successfully
2026-09-11 15:06:04,987 - INFO - Main window close successfully
2026-09-11 15:06:04,987 - INFO - ==================================================
2026-09-11 15:06:04,988 - INFO - New session close at 2026-09-11 15:06
2026-09-11 15:06:04,988 - INFO - ==================================================
2026-09-11 15:06:05,079 - DEBUG - Calling CoUninitialize()
2026-09-11 15:06:05,083 - DEBUG - CoUninitialize() done.
2026-09-11 15:59:55,019 - DEBUG - OpenGL_accelerate module loaded
2026-09-11 15:59:55,049 - DEBUG - Using accelerated ArrayDatatype
2026-09-11 15:59:55,437 - DEBUG - CoInitializeEx(None, 2)
2026-09-11 15:59:55,534 - INFO - Could not import comtypes.gen, trying to create it.
2026-09-11 15:59:55,534 - INFO - Creating comtypes.gen package failed: [WinError 5] Access is denied: 'C:\\Program Files\\Python314\\Lib\\site-packages\\comtypes\\gen'
2026-09-11 15:59:55,534 - INFO - Created a memory-only package.
2026-09-11 15:59:55,537 - INFO - Using writeable comtypes cache directory: 'C:\Users\EXPRESS\AppData\Roaming\Python\Python314\comtypes_cache'
2026-09-11 15:59:55,548 - DEBUG - GetModule(qedit.dll), resolved: False
2026-09-11 15:59:55,566 - DEBUG - GetModule(TLIBATTR(GUID={78530B68-61F9-11D2-8CAD-00A024580902}, Version=1.0, LCID=0, FLags=0x8))
2026-09-11 15:59:55,621 - DEBUG - Release <POINTER(ITypeLib) ptr=0x161cf9e7150 at 161d40a7700>
2026-09-11 15:59:55,622 - DEBUG - GetModule(quartz.dll), resolved: False
2026-09-11 15:59:55,624 - DEBUG - GetModule(TLIBATTR(GUID={56A868B0-0AD4-11CE-B03A-0020AF0BA770}, Version=1.0, LCID=0, FLags=0x8))
2026-09-11 15:59:55,642 - DEBUG - Release <POINTER(ITypeLib) ptr=0x161cf9e7150 at 161d40a7700>
2026-09-11 15:59:56,637 - INFO - UI load successful
2026-09-11 16:00:07,214 - INFO - Profile : Supervisor
2026-09-11 16:13:23,549 - DEBUG - OpenGL_accelerate module loaded
2026-09-11 16:13:23,579 - DEBUG - Using accelerated ArrayDatatype
2026-09-11 16:13:24,364 - DEBUG - CoInitializeEx(None, 2)
2026-09-11 16:13:24,479 - INFO - Could not import comtypes.gen, trying to create it.
2026-09-11 16:13:24,479 - INFO - Creating comtypes.gen package failed: [WinError 5] Access is denied: 'C:\\Program Files\\Python314\\Lib\\site-packages\\comtypes\\gen'
2026-09-11 16:13:24,480 - INFO - Created a memory-only package.
2026-09-11 16:13:24,485 - INFO - Using writeable comtypes cache directory: 'C:\Users\EXPRESS\AppData\Roaming\Python\Python314\comtypes_cache'
2026-09-11 16:13:24,499 - DEBUG - GetModule(qedit.dll), resolved: False
2026-09-11 16:13:24,502 - DEBUG - GetModule(TLIBATTR(GUID={78530B68-61F9-11D2-8CAD-00A024580902}, Version=1.0, LCID=0, FLags=0x8))
2026-09-11 16:13:24,578 - DEBUG - Release <POINTER(ITypeLib) ptr=0x165262f8610 at 1652a857700>
2026-09-11 16:13:24,580 - DEBUG - GetModule(quartz.dll), resolved: False
2026-09-11 16:13:24,582 - DEBUG - GetModule(TLIBATTR(GUID={56A868B0-0AD4-11CE-B03A-0020AF0BA770}, Version=1.0, LCID=0, FLags=0x8))
2026-09-11 16:13:24,602 - DEBUG - Release <POINTER(ITypeLib) ptr=0x165262fbd10 at 1652a857700>
2026-09-11 16:13:26,279 - INFO - UI load successful
2026-09-11 16:13:37,015 - INFO - Profile : Supervisor
2026-09-11 16:19:22,015 - DEBUG - OpenGL_accelerate module loaded
2026-09-11 16:19:22,047 - DEBUG - Using accelerated ArrayDatatype
2026-09-11 16:19:22,444 - DEBUG - CoInitializeEx(None, 2)
2026-09-11 16:19:22,550 - INFO - Could not import comtypes.gen, trying to create it.
2026-09-11 16:19:22,550 - INFO - Creating comtypes.gen package failed: [WinError 5] Access is denied: 'C:\\Program Files\\Python314\\Lib\\site-packages\\comtypes\\gen'
2026-09-11 16:19:22,551 - INFO - Created a memory-only package.
2026-09-11 16:19:22,553 - INFO - Using writeable comtypes cache directory: 'C:\Users\EXPRESS\AppData\Roaming\Python\Python314\comtypes_cache'
2026-09-11 16:19:22,565 - DEBUG - GetModule(qedit.dll), resolved: False
2026-09-11 16:19:22,589 - DEBUG - GetModule(TLIBATTR(GUID={78530B68-61F9-11D2-8CAD-00A024580902}, Version=1.0, LCID=0, FLags=0x8))
2026-09-11 16:19:22,642 - DEBUG - Release <POINTER(ITypeLib) ptr=0x2932170a8c0 at 29325ca7700>
2026-09-11 16:19:22,642 - DEBUG - GetModule(quartz.dll), resolved: False
2026-09-11 16:19:22,644 - DEBUG - GetModule(TLIBATTR(GUID={56A868B0-0AD4-11CE-B03A-0020AF0BA770}, Version=1.0, LCID=0, FLags=0x8))
2026-09-11 16:19:22,653 - DEBUG - Release <POINTER(ITypeLib) ptr=0x2932170cc80 at 29325ca7700>
2026-09-11 16:19:23,709 - INFO - UI load successful
2026-09-11 16:19:34,047 - INFO - Profile : Supervisor
2026-09-11 16:21:13,699 - CRITICAL - Laser 1 : OFF
2026-09-11 16:21:13,700 - CRITICAL - Laser 2 : OFF
2026-09-11 16:21:13,700 - INFO - Stepper Lasers Shutdown
2026-09-11 16:21:13,701 - INFO - COM connection close successfully
2026-09-11 16:21:13,701 - INFO - Main window close successfully
2026-09-11 16:21:13,701 - INFO - ==================================================
2026-09-11 16:21:13,701 - INFO - New session close at 2026-09-11 16:21
2026-09-11 16:21:13,701 - INFO - ==================================================
2026-09-11 16:21:13,734 - DEBUG - Calling CoUninitialize()
2026-09-11 16:21:13,734 - DEBUG - CoUninitialize() done.
2026-09-11 16:27:18,794 - DEBUG - OpenGL_accelerate module loaded
2026-09-11 16:27:18,812 - DEBUG - Using accelerated ArrayDatatype
2026-09-11 16:27:19,181 - DEBUG - CoInitializeEx(None, 2)
2026-09-11 16:27:19,304 - INFO - Could not import comtypes.gen, trying to create it.
2026-09-11 16:27:19,304 - INFO - Creating comtypes.gen package failed: [WinError 5] Access is denied: 'C:\\Program Files\\Python314\\Lib\\site-packages\\comtypes\\gen'
2026-09-11 16:27:19,305 - INFO - Created a memory-only package.
2026-09-11 16:27:19,308 - INFO - Using writeable comtypes cache directory: 'C:\Users\EXPRESS\AppData\Roaming\Python\Python314\comtypes_cache'
2026-09-11 16:27:19,327 - DEBUG - GetModule(qedit.dll), resolved: False
2026-09-11 16:27:19,345 - DEBUG - GetModule(TLIBATTR(GUID={78530B68-61F9-11D2-8CAD-00A024580902}, Version=1.0, LCID=0, FLags=0x8))
2026-09-11 16:27:19,383 - DEBUG - Release <POINTER(ITypeLib) ptr=0x2a5252cc7c0 at 2a5298e7700>
2026-09-11 16:27:19,383 - DEBUG - GetModule(quartz.dll), resolved: False
2026-09-11 16:27:19,384 - DEBUG - GetModule(TLIBATTR(GUID={56A868B0-0AD4-11CE-B03A-0020AF0BA770}, Version=1.0, LCID=0, FLags=0x8))
2026-09-11 16:27:19,393 - DEBUG - Release <POINTER(ITypeLib) ptr=0x2a5252cddc0 at 2a5298e7700>
2026-09-11 16:27:20,397 - INFO - UI load successful
2026-09-11 16:27:30,646 - INFO - Profile : Supervisor
2026-09-11 16:30:53,494 - CRITICAL - Laser 1 : OFF
2026-09-11 16:30:53,495 - CRITICAL - Laser 2 : OFF
2026-09-11 16:30:53,495 - INFO - Stepper Lasers Shutdown
2026-09-11 16:30:53,495 - INFO - COM connection close successfully
2026-09-11 16:30:53,495 - INFO - Main window close successfully
2026-09-11 16:30:53,495 - INFO - ==================================================
2026-09-11 16:30:53,495 - INFO - New session close at 2026-09-11 16:30
2026-09-11 16:30:53,495 - INFO - ==================================================
2026-09-11 16:30:53,518 - DEBUG - Calling CoUninitialize()
2026-09-11 16:30:53,518 - DEBUG - CoUninitialize() done.
2026-09-11 16:36:26,023 - DEBUG - OpenGL_accelerate module loaded
2026-09-11 16:36:26,040 - DEBUG - Using accelerated ArrayDatatype
2026-09-11 16:36:26,377 - DEBUG - CoInitializeEx(None, 2)
2026-09-11 16:36:26,504 - INFO - Could not import comtypes.gen, trying to create it.
2026-09-11 16:36:26,505 - INFO - Creating comtypes.gen package failed: [WinError 5] Access is denied: 'C:\\Program Files\\Python314\\Lib\\site-packages\\comtypes\\gen'
2026-09-11 16:36:26,505 - INFO - Created a memory-only package.
2026-09-11 16:36:26,509 - INFO - Using writeable comtypes cache directory: 'C:\Users\EXPRESS\AppData\Roaming\Python\Python314\comtypes_cache'
2026-09-11 16:36:26,522 - DEBUG - GetModule(qedit.dll), resolved: False
2026-09-11 16:36:26,544 - DEBUG - GetModule(TLIBATTR(GUID={78530B68-61F9-11D2-8CAD-00A024580902}, Version=1.0, LCID=0, FLags=0x8))
2026-09-11 16:36:26,599 - DEBUG - Release <POINTER(ITypeLib) ptr=0x1f3b8569500 at 1f3bcfe7700>
2026-09-11 16:36:26,599 - DEBUG - GetModule(quartz.dll), resolved: False
2026-09-11 16:36:26,601 - DEBUG - GetModule(TLIBATTR(GUID={56A868B0-0AD4-11CE-B03A-0020AF0BA770}, Version=1.0, LCID=0, FLags=0x8))
2026-09-11 16:36:26,609 - DEBUG - Release <POINTER(ITypeLib) ptr=0x1f3b8569500 at 1f3bcfe7700>
2026-09-11 16:36:27,076 - INFO - UI load successful
2026-09-11 16:36:36,684 - INFO - Profile : Supervisor
2026-09-11 16:36:47,947 - CRITICAL - Laser 1 : OFF
2026-09-11 16:36:47,948 - CRITICAL - Laser 2 : OFF
2026-09-11 16:36:47,948 - INFO - Stepper Lasers Shutdown
2026-09-11 16:36:47,948 - INFO - COM connection close successfully
2026-09-11 16:36:47,948 - INFO - Main window close successfully
2026-09-11 16:36:47,948 - INFO - ==================================================
2026-09-11 16:36:47,948 - INFO - New session close at 2026-09-11 16:36
2026-09-11 16:36:47,948 - INFO - ==================================================
2026-09-11 16:36:47,967 - DEBUG - Calling CoUninitialize()
2026-09-11 16:36:47,967 - DEBUG - CoUninitialize() done.
2026-09-11 16:51:05,185 - DEBUG - OpenGL_accelerate module loaded
2026-09-11 16:51:05,212 - DEBUG - Using accelerated ArrayDatatype
2026-09-11 16:51:05,574 - DEBUG - CoInitializeEx(None, 2)
2026-09-11 16:51:05,687 - INFO - Could not import comtypes.gen, trying to create it.
2026-09-11 16:51:05,688 - INFO - Creating comtypes.gen package failed: [WinError 5] Access is denied: 'C:\\Program Files\\Python314\\Lib\\site-packages\\comtypes\\gen'
2026-09-11 16:51:05,689 - INFO - Created a memory-only package.
2026-09-11 16:51:05,697 - INFO - Using writeable comtypes cache directory: 'C:\Users\EXPRESS\AppData\Roaming\Python\Python314\comtypes_cache'
2026-09-11 16:51:05,712 - DEBUG - GetModule(qedit.dll), resolved: False
2026-09-11 16:51:05,734 - DEBUG - GetModule(TLIBATTR(GUID={78530B68-61F9-11D2-8CAD-00A024580902}, Version=1.0, LCID=0, FLags=0x8))
2026-09-11 16:51:05,780 - DEBUG - Release <POINTER(ITypeLib) ptr=0x160a3252420 at 160a783f890>
2026-09-11 16:51:05,780 - DEBUG - GetModule(quartz.dll), resolved: False
2026-09-11 16:51:05,783 - DEBUG - GetModule(TLIBATTR(GUID={56A868B0-0AD4-11CE-B03A-0020AF0BA770}, Version=1.0, LCID=0, FLags=0x8))
2026-09-11 16:51:05,792 - DEBUG - Release <POINTER(ITypeLib) ptr=0x160a3250060 at 160a783f890>
2026-09-11 16:51:06,815 - INFO - UI load successful
2026-09-11 16:51:16,446 - INFO - Profile : Supervisor
2026-09-11 16:51:32,158 - CRITICAL - Laser 1 : OFF
2026-09-11 16:51:32,159 - CRITICAL - Laser 2 : OFF
2026-09-11 16:51:32,159 - INFO - Stepper Lasers Shutdown
2026-09-11 16:51:32,159 - INFO - COM connection close successfully
2026-09-11 16:51:32,159 - INFO - Main window close successfully
2026-09-11 16:51:32,160 - INFO - ==================================================
2026-09-11 16:51:32,160 - INFO - New session close at 2026-09-11 16:51
2026-09-11 16:51:32,160 - INFO - ==================================================
2026-09-11 16:51:32,172 - DEBUG - Calling CoUninitialize()
2026-09-11 16:51:32,172 - DEBUG - CoUninitialize() done.
2026-09-11 17:02:26,712 - INFO - No OpenGL_accelerate module loaded: No module named 'OpenGL_accelerate'
2026-09-11 17:02:27,001 - DEBUG - CoInitializeEx(None, 2)
2026-09-11 17:02:27,263 - INFO - Imported existing <module 'comtypes.gen' from 'C:\\Users\\EXPSOL\\AppData\\Roaming\\Python\\Python312\\site-packages\\comtypes\\gen\\__init__.py'>
2026-09-11 17:02:27,264 - INFO - Using writeable comtypes cache directory: 'C:\Users\EXPSOL\AppData\Roaming\Python\Python312\site-packages\comtypes\gen'
2026-09-11 17:02:27,421 - DEBUG - GetModule(qedit.dll), resolved: False
2026-09-11 17:02:27,435 - DEBUG - GetModule(TLIBATTR(GUID={78530B68-61F9-11D2-8CAD-00A024580902}, Version=1.0, LCID=0, FLags=0x8))
2026-09-11 17:02:27,524 - DEBUG - Release <POINTER(ITypeLib) ptr=0x13bce7e37c0 at 13be4718ed0>
2026-09-11 17:02:27,525 - DEBUG - GetModule(quartz.dll), resolved: False
2026-09-11 17:02:27,527 - DEBUG - GetModule(TLIBATTR(GUID={56A868B0-0AD4-11CE-B03A-0020AF0BA770}, Version=1.0, LCID=0, FLags=0x8))
2026-09-11 17:02:27,546 - DEBUG - Release <POINTER(ITypeLib) ptr=0x13bce7e2a00 at 13be480acd0>
2026-09-11 17:02:28,277 - INFO - UI load successful
2026-09-11 17:02:28,295 - DEBUG - Calling CoUninitialize()
2026-09-11 17:02:28,296 - DEBUG - CoUninitialize() done.
2026-09-11 17:03:37,592 - INFO - No OpenGL_accelerate module loaded: No module named 'OpenGL_accelerate'
2026-09-11 17:03:37,815 - DEBUG - CoInitializeEx(None, 2)
2026-09-11 17:03:37,866 - INFO - Imported existing <module 'comtypes.gen' from 'C:\\Users\\EXPSOL\\AppData\\Roaming\\Python\\Python312\\site-packages\\comtypes\\gen\\__init__.py'>
2026-09-11 17:03:37,866 - INFO - Using writeable comtypes cache directory: 'C:\Users\EXPSOL\AppData\Roaming\Python\Python312\site-packages\comtypes\gen'
2026-09-11 17:03:37,872 - DEBUG - GetModule(qedit.dll), resolved: False
2026-09-11 17:03:37,873 - DEBUG - GetModule(TLIBATTR(GUID={78530B68-61F9-11D2-8CAD-00A024580902}, Version=1.0, LCID=0, FLags=0x8))
2026-09-11 17:03:37,899 - DEBUG - Release <POINTER(ITypeLib) ptr=0x25b93d16960 at 25ba9c3cd50>
2026-09-11 17:03:37,899 - DEBUG - GetModule(quartz.dll), resolved: False
2026-09-11 17:03:37,900 - DEBUG - GetModule(TLIBATTR(GUID={56A868B0-0AD4-11CE-B03A-0020AF0BA770}, Version=1.0, LCID=0, FLags=0x8))
2026-09-11 17:03:37,906 - DEBUG - Release <POINTER(ITypeLib) ptr=0x25b93d16960 at 25ba9d3ab50>
2026-09-11 17:03:38,241 - INFO - UI load successful
2026-09-11 17:03:38,266 - DEBUG - Calling CoUninitialize()
2026-09-11 17:03:38,266 - DEBUG - CoUninitialize() done.
2026-09-11 17:03:43,142 - INFO - No OpenGL_accelerate module loaded: No module named 'OpenGL_accelerate'
2026-09-11 17:03:43,364 - DEBUG - CoInitializeEx(None, 2)
2026-09-11 17:03:43,422 - INFO - Imported existing <module 'comtypes.gen' from 'C:\\Users\\EXPSOL\\AppData\\Roaming\\Python\\Python312\\site-packages\\comtypes\\gen\\__init__.py'>
2026-09-11 17:03:43,422 - INFO - Using writeable comtypes cache directory: 'C:\Users\EXPSOL\AppData\Roaming\Python\Python312\site-packages\comtypes\gen'
2026-09-11 17:03:43,428 - DEBUG - GetModule(qedit.dll), resolved: False
2026-09-11 17:03:43,429 - DEBUG - GetModule(TLIBATTR(GUID={78530B68-61F9-11D2-8CAD-00A024580902}, Version=1.0, LCID=0, FLags=0x8))
2026-09-11 17:03:43,455 - DEBUG - Release <POINTER(ITypeLib) ptr=0x16377d6fc80 at 1637b0b7150>
2026-09-11 17:03:43,455 - DEBUG - GetModule(quartz.dll), resolved: False
2026-09-11 17:03:43,456 - DEBUG - GetModule(TLIBATTR(GUID={56A868B0-0AD4-11CE-B03A-0020AF0BA770}, Version=1.0, LCID=0, FLags=0x8))
2026-09-11 17:03:43,462 - DEBUG - Release <POINTER(ITypeLib) ptr=0x16377d6de40 at 1637c538fd0>
2026-09-11 17:03:43,806 - INFO - UI load successful
2026-09-11 17:04:14,833 - INFO - No OpenGL_accelerate module loaded: No module named 'OpenGL_accelerate'
2026-09-11 17:04:15,045 - DEBUG - CoInitializeEx(None, 2)
2026-09-11 17:04:15,100 - INFO - Imported existing <module 'comtypes.gen' from 'C:\\Users\\EXPSOL\\AppData\\Roaming\\Python\\Python312\\site-packages\\comtypes\\gen\\__init__.py'>
2026-09-11 17:04:15,100 - INFO - Using writeable comtypes cache directory: 'C:\Users\EXPSOL\AppData\Roaming\Python\Python312\site-packages\comtypes\gen'
2026-09-11 17:04:15,105 - DEBUG - GetModule(qedit.dll), resolved: False
2026-09-11 17:04:15,107 - DEBUG - GetModule(TLIBATTR(GUID={78530B68-61F9-11D2-8CAD-00A024580902}, Version=1.0, LCID=0, FLags=0x8))
2026-09-11 17:04:15,129 - DEBUG - Release <POINTER(ITypeLib) ptr=0x13d6f0f0740 at 13d725f72d0>
2026-09-11 17:04:15,131 - DEBUG - GetModule(quartz.dll), resolved: False
2026-09-11 17:04:15,132 - DEBUG - GetModule(TLIBATTR(GUID={56A868B0-0AD4-11CE-B03A-0020AF0BA770}, Version=1.0, LCID=0, FLags=0x8))
2026-09-11 17:04:15,139 - DEBUG - Release <POINTER(ITypeLib) ptr=0x13d6f0f0740 at 13d72a99150>
2026-09-11 17:04:15,517 - INFO - UI load successful
2026-09-11 17:04:24,434 - INFO - Profile : Supervisor
2026-09-11 17:10:41,271 - INFO - No OpenGL_accelerate module loaded: No module named 'OpenGL_accelerate'
2026-09-11 17:10:41,538 - DEBUG - CoInitializeEx(None, 2)
2026-09-11 17:10:41,595 - INFO - Imported existing <module 'comtypes.gen' from 'C:\\Users\\EXPSOL\\AppData\\Roaming\\Python\\Python312\\site-packages\\comtypes\\gen\\__init__.py'>
2026-09-11 17:10:41,595 - INFO - Using writeable comtypes cache directory: 'C:\Users\EXPSOL\AppData\Roaming\Python\Python312\site-packages\comtypes\gen'
2026-09-11 17:10:41,603 - DEBUG - GetModule(qedit.dll), resolved: False
2026-09-11 17:10:41,604 - DEBUG - GetModule(TLIBATTR(GUID={78530B68-61F9-11D2-8CAD-00A024580902}, Version=1.0, LCID=0, FLags=0x8))
2026-09-11 17:10:41,631 - DEBUG - Release <POINTER(ITypeLib) ptr=0x26461ca4450 at 264630b8e50>
2026-09-11 17:10:41,631 - DEBUG - GetModule(quartz.dll), resolved: False
2026-09-11 17:10:41,632 - DEBUG - GetModule(TLIBATTR(GUID={56A868B0-0AD4-11CE-B03A-0020AF0BA770}, Version=1.0, LCID=0, FLags=0x8))
2026-09-11 17:10:41,641 - DEBUG - Release <POINTER(ITypeLib) ptr=0x26461ca2090 at 264631aec50>
2026-09-11 17:10:42,171 - INFO - UI load successful
2026-09-11 17:10:42,182 - DEBUG - Calling CoUninitialize()
2026-09-11 17:10:42,182 - DEBUG - CoUninitialize() done.
2026-09-11 17:10:49,213 - INFO - No OpenGL_accelerate module loaded: No module named 'OpenGL_accelerate'
2026-09-11 17:10:49,434 - DEBUG - CoInitializeEx(None, 2)
2026-09-11 17:10:49,488 - INFO - Imported existing <module 'comtypes.gen' from 'C:\\Users\\EXPSOL\\AppData\\Roaming\\Python\\Python312\\site-packages\\comtypes\\gen\\__init__.py'>
2026-09-11 17:10:49,488 - INFO - Using writeable comtypes cache directory: 'C:\Users\EXPSOL\AppData\Roaming\Python\Python312\site-packages\comtypes\gen'
2026-09-11 17:10:49,496 - DEBUG - GetModule(qedit.dll), resolved: False
2026-09-11 17:10:49,497 - DEBUG - GetModule(TLIBATTR(GUID={78530B68-61F9-11D2-8CAD-00A024580902}, Version=1.0, LCID=0, FLags=0x8))
2026-09-11 17:10:49,520 - DEBUG - Release <POINTER(ITypeLib) ptr=0x1f330dc7c90 at 1f337e70450>
2026-09-11 17:10:49,520 - DEBUG - GetModule(quartz.dll), resolved: False
2026-09-11 17:10:49,521 - DEBUG - GetModule(TLIBATTR(GUID={56A868B0-0AD4-11CE-B03A-0020AF0BA770}, Version=1.0, LCID=0, FLags=0x8))
2026-09-11 17:10:49,528 - DEBUG - Release <POINTER(ITypeLib) ptr=0x1f330dc9810 at 1f337f86250>
2026-09-11 17:10:49,872 - INFO - UI load successful
2026-09-11 17:11:00,533 - INFO - No OpenGL_accelerate module loaded: No module named 'OpenGL_accelerate'
2026-09-11 17:11:00,926 - DEBUG - CoInitializeEx(None, 2)
2026-09-11 17:11:01,055 - INFO - Imported existing <module 'comtypes.gen' from 'C:\\Users\\EXPSOL\\AppData\\Roaming\\Python\\Python312\\site-packages\\comtypes\\gen\\__init__.py'>
2026-09-11 17:11:01,055 - INFO - Using writeable comtypes cache directory: 'C:\Users\EXPSOL\AppData\Roaming\Python\Python312\site-packages\comtypes\gen'
2026-09-11 17:11:01,067 - DEBUG - GetModule(qedit.dll), resolved: False
2026-09-11 17:11:01,068 - DEBUG - GetModule(TLIBATTR(GUID={78530B68-61F9-11D2-8CAD-00A024580902}, Version=1.0, LCID=0, FLags=0x8))
2026-09-11 17:11:01,116 - DEBUG - Release <POINTER(ITypeLib) ptr=0x1707fc56650 at 17012e20450>
2026-09-11 17:11:01,116 - DEBUG - GetModule(quartz.dll), resolved: False
2026-09-11 17:11:01,118 - DEBUG - GetModule(TLIBATTR(GUID={56A868B0-0AD4-11CE-B03A-0020AF0BA770}, Version=1.0, LCID=0, FLags=0x8))
2026-09-11 17:11:01,130 - DEBUG - Release <POINTER(ITypeLib) ptr=0x1707fc56650 at 17012f36250>
2026-09-11 17:11:01,472 - INFO - UI load successful
2026-09-11 17:11:01,515 - DEBUG - Calling CoUninitialize()
2026-09-11 17:11:01,515 - DEBUG - CoUninitialize() done.
2026-09-11 17:11:08,025 - INFO - No OpenGL_accelerate module loaded: No module named 'OpenGL_accelerate'
2026-09-11 17:11:08,295 - DEBUG - CoInitializeEx(None, 2)
2026-09-11 17:11:08,362 - INFO - Imported existing <module 'comtypes.gen' from 'C:\\Users\\EXPSOL\\AppData\\Roaming\\Python\\Python312\\site-packages\\comtypes\\gen\\__init__.py'>
2026-09-11 17:11:08,363 - INFO - Using writeable comtypes cache directory: 'C:\Users\EXPSOL\AppData\Roaming\Python\Python312\site-packages\comtypes\gen'
2026-09-11 17:11:08,368 - DEBUG - GetModule(qedit.dll), resolved: False
2026-09-11 17:11:08,369 - DEBUG - GetModule(TLIBATTR(GUID={78530B68-61F9-11D2-8CAD-00A024580902}, Version=1.0, LCID=0, FLags=0x8))
2026-09-11 17:11:08,395 - DEBUG - Release <POINTER(ITypeLib) ptr=0x24467799ee0 at 24468b40450>
2026-09-11 17:11:08,395 - DEBUG - GetModule(quartz.dll), resolved: False
2026-09-11 17:11:08,397 - DEBUG - GetModule(TLIBATTR(GUID={56A868B0-0AD4-11CE-B03A-0020AF0BA770}, Version=1.0, LCID=0, FLags=0x8))
2026-09-11 17:11:08,403 - DEBUG - Release <POINTER(ITypeLib) ptr=0x2446779b7a0 at 24468c56250>
2026-09-11 17:11:08,751 - INFO - UI load successful
2026-09-11 17:11:08,761 - DEBUG - Calling CoUninitialize()
2026-09-11 17:11:08,761 - DEBUG - CoUninitialize() done.
2026-09-11 17:11:14,323 - INFO - No OpenGL_accelerate module loaded: No module named 'OpenGL_accelerate'
2026-09-11 17:11:14,633 - DEBUG - CoInitializeEx(None, 2)
2026-09-11 17:11:14,710 - INFO - Imported existing <module 'comtypes.gen' from 'C:\\Users\\EXPSOL\\AppData\\Roaming\\Python\\Python312\\site-packages\\comtypes\\gen\\__init__.py'>
2026-09-11 17:11:14,710 - INFO - Using writeable comtypes cache directory: 'C:\Users\EXPSOL\AppData\Roaming\Python\Python312\site-packages\comtypes\gen'
2026-09-11 17:11:14,719 - DEBUG - GetModule(qedit.dll), resolved: False
2026-09-11 17:11:14,722 - DEBUG - GetModule(TLIBATTR(GUID={78530B68-61F9-11D2-8CAD-00A024580902}, Version=1.0, LCID=0, FLags=0x8))
2026-09-11 17:11:14,753 - DEBUG - Release <POINTER(ITypeLib) ptr=0x23402c0b9f0 at 23409d20450>
2026-09-11 17:11:14,755 - DEBUG - GetModule(quartz.dll), resolved: False
2026-09-11 17:11:14,755 - DEBUG - GetModule(TLIBATTR(GUID={56A868B0-0AD4-11CE-B03A-0020AF0BA770}, Version=1.0, LCID=0, FLags=0x8))
2026-09-11 17:11:14,765 - DEBUG - Release <POINTER(ITypeLib) ptr=0x23402c0b9f0 at 23409e36250>
2026-09-11 17:11:15,145 - INFO - UI load successful
2026-09-11 17:11:15,161 - DEBUG - Calling CoUninitialize()
2026-09-11 17:11:15,161 - DEBUG - CoUninitialize() done.
2026-09-11 17:25:51,282 - CRITICAL - Laser 1 : OFF
2026-09-11 17:25:51,282 - CRITICAL - Laser 2 : OFF
2026-09-11 17:25:51,282 - INFO - Stepper Lasers Shutdown
2026-09-11 17:25:51,282 - INFO - COM connection close successfully
2026-09-11 17:25:51,282 - INFO - Main window close successfully
2026-09-11 17:25:51,283 - INFO - ==================================================
2026-09-11 17:25:51,283 - INFO - New session close at 2026-09-11 17:25
2026-09-11 17:25:51,283 - INFO - ==================================================
2026-09-11 17:25:51,302 - DEBUG - Calling CoUninitialize()
2026-09-11 17:25:51,302 - DEBUG - CoUninitialize() done.
2026-09-11 17:28:07,696 - INFO - No OpenGL_accelerate module loaded: No module named 'OpenGL_accelerate'
2026-09-11 17:28:07,977 - DEBUG - CoInitializeEx(None, 2)
2026-09-11 17:28:08,049 - INFO - Imported existing <module 'comtypes.gen' from 'C:\\Users\\EXPSOL\\AppData\\Roaming\\Python\\Python312\\site-packages\\comtypes\\gen\\__init__.py'>
2026-09-11 17:28:08,049 - INFO - Using writeable comtypes cache directory: 'C:\Users\EXPSOL\AppData\Roaming\Python\Python312\site-packages\comtypes\gen'
2026-09-11 17:28:08,056 - DEBUG - GetModule(qedit.dll), resolved: False
2026-09-11 17:28:08,057 - DEBUG - GetModule(TLIBATTR(GUID={78530B68-61F9-11D2-8CAD-00A024580902}, Version=1.0, LCID=0, FLags=0x8))
2026-09-11 17:28:08,088 - DEBUG - Release <POINTER(ITypeLib) ptr=0x28565c37170 at 285691b3f50>
2026-09-11 17:28:08,089 - DEBUG - GetModule(quartz.dll), resolved: False
2026-09-11 17:28:08,090 - DEBUG - GetModule(TLIBATTR(GUID={56A868B0-0AD4-11CE-B03A-0020AF0BA770}, Version=1.0, LCID=0, FLags=0x8))
2026-09-11 17:28:08,100 - DEBUG - Release <POINTER(ITypeLib) ptr=0x28565c379b0 at 2856a615e50>
2026-09-11 17:28:17,012 - INFO - UI load successful
2026-09-11 17:28:26,163 - INFO - Profile : Supervisor
2026-09-11 17:31:51,130 - INFO - File selected : D:/Atharva/Galvo_Scribber/Merger/Galvo_10092026/40mm_square.svg
2026-09-11 17:31:53,544 - INFO - Parameters saved for D:/Atharva/Galvo_Scribber/Merger/Galvo_10092026/40mm_square.svg
2026-09-11 17:32:55,802 - INFO - Galvo Laser Shutdown
2026-09-11 17:32:55,805 - CRITICAL - Laser 1 : OFF
2026-09-11 17:32:55,806 - CRITICAL - Laser 2 : OFF
2026-09-11 17:32:55,806 - INFO - Stepper Lasers Shutdown
2026-09-11 17:32:55,806 - INFO - COM connection close successfully
2026-09-11 17:32:55,806 - INFO - Main window close successfully
2026-09-11 17:32:55,806 - INFO - ==================================================
2026-09-11 17:32:55,806 - INFO - New session close at 2026-09-11 17:32
2026-09-11 17:32:55,806 - INFO - ==================================================
2026-09-11 17:32:55,826 - DEBUG - Calling CoUninitialize()
2026-09-11 17:32:55,827 - DEBUG - CoUninitialize() done.
2026-09-11 18:31:04,690 - DEBUG - OpenGL_accelerate module loaded
2026-09-11 18:31:04,734 - DEBUG - Using accelerated ArrayDatatype
2026-09-11 18:31:05,342 - DEBUG - CoInitializeEx(None, 2)
2026-09-11 18:31:05,478 - INFO - Could not import comtypes.gen, trying to create it.
2026-09-11 18:31:05,478 - INFO - Creating comtypes.gen package failed: [WinError 5] Access is denied: 'C:\\Program Files\\Python314\\Lib\\site-packages\\comtypes\\gen'
2026-09-11 18:31:05,479 - INFO - Created a memory-only package.
2026-09-11 18:31:05,483 - INFO - Using writeable comtypes cache directory: 'C:\Users\EXPRESS\AppData\Roaming\Python\Python314\comtypes_cache'
2026-09-11 18:31:05,493 - DEBUG - GetModule(qedit.dll), resolved: False
2026-09-11 18:31:05,518 - DEBUG - GetModule(TLIBATTR(GUID={78530B68-61F9-11D2-8CAD-00A024580902}, Version=1.0, LCID=0, FLags=0x8))
2026-09-11 18:31:05,577 - DEBUG - Release <POINTER(ITypeLib) ptr=0x2039b7a11f0 at 2039da94690>
2026-09-11 18:31:05,577 - DEBUG - GetModule(quartz.dll), resolved: False
2026-09-11 18:31:05,580 - DEBUG - GetModule(TLIBATTR(GUID={56A868B0-0AD4-11CE-B03A-0020AF0BA770}, Version=1.0, LCID=0, FLags=0x8))
2026-09-11 18:31:05,589 - DEBUG - Release <POINTER(ITypeLib) ptr=0x2039b79e070 at 2039da94690>
2026-09-11 18:31:06,766 - INFO - UI load successful
2026-09-11 18:31:19,908 - INFO - Profile : Supervisor
2026-09-11 18:32:00,952 - CRITICAL - Laser 1 : OFF
2026-09-11 18:32:00,953 - CRITICAL - Laser 2 : OFF
2026-09-11 18:32:00,953 - INFO - Stepper Lasers Shutdown
2026-09-11 18:32:00,953 - INFO - COM connection close successfully
2026-09-11 18:32:00,953 - INFO - Main window close successfully
2026-09-11 18:32:00,953 - INFO - ==================================================
2026-09-11 18:32:00,953 - INFO - New session close at 2026-09-11 18:32
2026-09-11 18:32:00,953 - INFO - ==================================================
2026-09-11 18:32:00,985 - DEBUG - Calling CoUninitialize()
2026-09-11 18:32:00,986 - DEBUG - CoUninitialize() done.
2026-09-11 19:16:28,705 - DEBUG - OpenGL_accelerate module loaded
2026-09-11 19:16:28,752 - DEBUG - Using accelerated ArrayDatatype
2026-09-11 19:16:29,731 - DEBUG - CoInitializeEx(None, 2)
2026-09-11 19:16:29,930 - INFO - Could not import comtypes.gen, trying to create it.
2026-09-11 19:16:29,930 - INFO - Creating comtypes.gen package failed: [WinError 5] Access is denied: 'C:\\Program Files\\Python314\\Lib\\site-packages\\comtypes\\gen'
2026-09-11 19:16:29,932 - INFO - Created a memory-only package.
2026-09-11 19:16:29,938 - INFO - Using writeable comtypes cache directory: 'C:\Users\EXPRESS\AppData\Roaming\Python\Python314\comtypes_cache'
2026-09-11 19:16:29,960 - DEBUG - GetModule(qedit.dll), resolved: False
2026-09-11 19:16:29,972 - DEBUG - GetModule(TLIBATTR(GUID={78530B68-61F9-11D2-8CAD-00A024580902}, Version=1.0, LCID=0, FLags=0x8))
2026-09-11 19:16:30,029 - DEBUG - Release <POINTER(ITypeLib) ptr=0x2ae6bfb2cc0 at 2ae6d35eda0>
2026-09-11 19:16:30,030 - DEBUG - GetModule(quartz.dll), resolved: False
2026-09-11 19:16:30,034 - DEBUG - GetModule(TLIBATTR(GUID={56A868B0-0AD4-11CE-B03A-0020AF0BA770}, Version=1.0, LCID=0, FLags=0x8))
2026-09-11 19:16:30,059 - DEBUG - Release <POINTER(ITypeLib) ptr=0x2ae6bfb1f00 at 2ae6d35eda0>
2026-09-11 19:16:39,545 - INFO - UI load successful
2026-09-11 19:16:54,874 - INFO - Profile : Supervisor
2026-09-11 19:17:01,784 - INFO - File selected : D:/DLL_Galvo/Merger/Galvo_10092026/40mm_square.svg
2026-09-11 19:17:03,883 - INFO - Parameters saved for D:/DLL_Galvo/Merger/Galvo_10092026/40mm_square.svg
2026-09-11 19:17:46,358 - INFO - Parameters saved for D:/DLL_Galvo/Merger/Galvo_10092026/40mm_square.svg
2026-09-11 19:18:20,325 - INFO - Galvo Laser Shutdown
2026-09-11 19:18:20,329 - CRITICAL - Laser 1 : OFF
2026-09-11 19:18:20,329 - CRITICAL - Laser 2 : OFF
2026-09-11 19:18:20,330 - INFO - Stepper Lasers Shutdown
2026-09-11 19:18:20,330 - INFO - COM connection close successfully
2026-09-11 19:18:20,330 - INFO - Main window close successfully
2026-09-11 19:18:20,330 - INFO - ==================================================
2026-09-11 19:18:20,330 - INFO - New session close at 2026-09-11 19:18
2026-09-11 19:18:20,330 - INFO - ==================================================
2026-09-11 19:18:20,363 - DEBUG - Calling CoUninitialize()
2026-09-11 19:18:20,363 - DEBUG - CoUninitialize() done.
2026-09-11 19:19:22,149 - DEBUG - OpenGL_accelerate module loaded
2026-09-11 19:19:22,184 - DEBUG - Using accelerated ArrayDatatype
2026-09-11 19:19:22,554 - DEBUG - CoInitializeEx(None, 2)
2026-09-11 19:19:22,695 - INFO - Could not import comtypes.gen, trying to create it.
2026-09-11 19:19:22,696 - INFO - Creating comtypes.gen package failed: [WinError 5] Access is denied: 'C:\\Program Files\\Python314\\Lib\\site-packages\\comtypes\\gen'
2026-09-11 19:19:22,697 - INFO - Created a memory-only package.
2026-09-11 19:19:22,700 - INFO - Using writeable comtypes cache directory: 'C:\Users\EXPRESS\AppData\Roaming\Python\Python314\comtypes_cache'
2026-09-11 19:19:22,712 - DEBUG - GetModule(qedit.dll), resolved: False
2026-09-11 19:19:22,731 - DEBUG - GetModule(TLIBATTR(GUID={78530B68-61F9-11D2-8CAD-00A024580902}, Version=1.0, LCID=0, FLags=0x8))
2026-09-11 19:19:22,771 - DEBUG - Release <POINTER(ITypeLib) ptr=0x273c940a780 at 273ce0eeda0>
2026-09-11 19:19:22,771 - DEBUG - GetModule(quartz.dll), resolved: False
2026-09-11 19:19:22,773 - DEBUG - GetModule(TLIBATTR(GUID={56A868B0-0AD4-11CE-B03A-0020AF0BA770}, Version=1.0, LCID=0, FLags=0x8))
2026-09-11 19:19:22,785 - DEBUG - Release <POINTER(ITypeLib) ptr=0x273c9409180 at 273ce0eeda0>
2026-09-11 19:19:32,550 - INFO - UI load successful
2026-09-11 19:47:36,176 - DEBUG - OpenGL_accelerate module loaded
2026-09-11 19:47:36,202 - DEBUG - Using accelerated ArrayDatatype
2026-09-11 19:47:36,559 - DEBUG - CoInitializeEx(None, 2)
2026-09-11 19:47:36,688 - INFO - Could not import comtypes.gen, trying to create it.
2026-09-11 19:47:36,689 - INFO - Creating comtypes.gen package failed: [WinError 5] Access is denied: 'C:\\Program Files\\Python314\\Lib\\site-packages\\comtypes\\gen'
2026-09-11 19:47:36,690 - INFO - Created a memory-only package.
2026-09-11 19:47:36,695 - INFO - Using writeable comtypes cache directory: 'C:\Users\EXPRESS\AppData\Roaming\Python\Python314\comtypes_cache'
2026-09-11 19:47:36,709 - DEBUG - GetModule(qedit.dll), resolved: False
2026-09-11 19:47:36,731 - DEBUG - GetModule(TLIBATTR(GUID={78530B68-61F9-11D2-8CAD-00A024580902}, Version=1.0, LCID=0, FLags=0x8))
2026-09-11 19:47:36,777 - DEBUG - Release <POINTER(ITypeLib) ptr=0x235237568f0 at 2352822eda0>
2026-09-11 19:47:36,778 - DEBUG - GetModule(quartz.dll), resolved: False
2026-09-11 19:47:36,779 - DEBUG - GetModule(TLIBATTR(GUID={56A868B0-0AD4-11CE-B03A-0020AF0BA770}, Version=1.0, LCID=0, FLags=0x8))
2026-09-11 19:47:36,791 - DEBUG - Release <POINTER(ITypeLib) ptr=0x235237568f0 at 2352822eda0>
2026-09-11 19:47:46,579 - INFO - UI load successful
2026-09-11 19:48:05,877 - INFO - Profile : Supervisor
2026-09-11 19:48:12,559 - INFO - File selected : D:/DLL_Galvo/Merger/Galvo_10092026/40mm_square.svg
2026-09-11 19:48:14,417 - INFO - Parameters saved for D:/DLL_Galvo/Merger/Galvo_10092026/40mm_square.svg
2026-09-11 19:49:18,447 - INFO - Galvo Laser Shutdown
2026-09-11 19:49:18,450 - CRITICAL - Laser 1 : OFF
2026-09-11 19:49:18,450 - CRITICAL - Laser 2 : OFF
2026-09-11 19:49:18,450 - INFO - Stepper Lasers Shutdown
2026-09-11 19:49:18,450 - INFO - COM connection close successfully
2026-09-11 19:49:18,450 - INFO - Main window close successfully
2026-09-11 19:49:18,450 - INFO - ==================================================
2026-09-11 19:49:18,450 - INFO - New session close at 2026-09-11 19:49
2026-09-11 19:49:18,450 - INFO - ==================================================
2026-09-11 19:49:18,468 - DEBUG - Calling CoUninitialize()
2026-09-11 19:49:18,469 - DEBUG - CoUninitialize() done.
2026-09-11 20:00:13,995 - DEBUG - OpenGL_accelerate module loaded
2026-09-11 20:00:14,006 - DEBUG - Using accelerated ArrayDatatype
2026-09-11 20:00:14,223 - DEBUG - CoInitializeEx(None, 2)
2026-09-11 20:00:14,265 - INFO - Could not import comtypes.gen, trying to create it.
2026-09-11 20:00:14,266 - INFO - Creating comtypes.gen package failed: [WinError 5] Access is denied: 'C:\\Program Files\\Python314\\Lib\\site-packages\\comtypes\\gen'
2026-09-11 20:00:14,266 - INFO - Created a memory-only package.
2026-09-11 20:00:14,268 - INFO - Using writeable comtypes cache directory: 'C:\Users\EXPRESS\AppData\Roaming\Python\Python314\comtypes_cache'
2026-09-11 20:00:14,274 - DEBUG - GetModule(qedit.dll), resolved: False
2026-09-11 20:00:14,275 - DEBUG - GetModule(TLIBATTR(GUID={78530B68-61F9-11D2-8CAD-00A024580902}, Version=1.0, LCID=0, FLags=0x8))
2026-09-11 20:00:14,298 - DEBUG - Release <POINTER(ITypeLib) ptr=0x1dd32ac5f90 at 1dd33ebeda0>
2026-09-11 20:00:14,298 - DEBUG - GetModule(quartz.dll), resolved: False
2026-09-11 20:00:14,299 - DEBUG - GetModule(TLIBATTR(GUID={56A868B0-0AD4-11CE-B03A-0020AF0BA770}, Version=1.0, LCID=0, FLags=0x8))
2026-09-11 20:00:14,309 - DEBUG - Release <POINTER(ITypeLib) ptr=0x1dd32ac4f10 at 1dd33ebeda0>
2026-09-11 20:00:17,530 - INFO - UI load successful
2026-09-11 20:00:33,557 - INFO - File selected : D:/EXPRESS/Downloads/MF device 250 micron channel.dxf
2026-09-11 20:00:49,438 - INFO - Parameters saved for D:/EXPRESS/Downloads/MF device 250 micron channel.dxf
2026-09-11 20:03:13,247 - CRITICAL - Laser 1 : OFF
2026-09-11 20:03:13,248 - CRITICAL - Laser 2 : OFF
2026-09-11 20:03:13,248 - INFO - Stepper Lasers Shutdown
2026-09-11 20:03:13,248 - INFO - COM connection close successfully
2026-09-11 20:03:13,248 - INFO - Main window close successfully
2026-09-11 20:03:13,248 - INFO - ==================================================
2026-09-11 20:03:13,248 - INFO - New session close at 2026-09-11 20:03
2026-09-11 20:03:13,248 - INFO - ==================================================
2026-09-11 20:03:13,268 - DEBUG - Calling CoUninitialize()
2026-09-11 20:03:13,268 - DEBUG - CoUninitialize() done.
2026-09-11 20:13:56,655 - DEBUG - OpenGL_accelerate module loaded
2026-09-11 20:13:56,674 - DEBUG - Using accelerated ArrayDatatype
2026-09-11 20:13:57,048 - DEBUG - CoInitializeEx(None, 2)
2026-09-11 20:13:57,164 - INFO - Could not import comtypes.gen, trying to create it.
2026-09-11 20:13:57,165 - INFO - Creating comtypes.gen package failed: [WinError 5] Access is denied: 'C:\\Program Files\\Python314\\Lib\\site-packages\\comtypes\\gen'
2026-09-11 20:13:57,165 - INFO - Created a memory-only package.
2026-09-11 20:13:57,168 - INFO - Using writeable comtypes cache directory: 'C:\Users\EXPRESS\AppData\Roaming\Python\Python314\comtypes_cache'
2026-09-11 20:13:57,182 - DEBUG - GetModule(qedit.dll), resolved: False
2026-09-11 20:13:57,203 - DEBUG - GetModule(TLIBATTR(GUID={78530B68-61F9-11D2-8CAD-00A024580902}, Version=1.0, LCID=0, FLags=0x8))
2026-09-11 20:13:57,237 - DEBUG - Release <POINTER(ITypeLib) ptr=0x1089f1519b0 at 108a400eda0>
2026-09-11 20:13:57,238 - DEBUG - GetModule(quartz.dll), resolved: False
2026-09-11 20:13:57,240 - DEBUG - GetModule(TLIBATTR(GUID={56A868B0-0AD4-11CE-B03A-0020AF0BA770}, Version=1.0, LCID=0, FLags=0x8))
2026-09-11 20:13:57,256 - DEBUG - Release <POINTER(ITypeLib) ptr=0x1089f1519b0 at 108a400eda0>
2026-09-11 20:14:06,871 - INFO - UI load successful
2026-09-11 20:14:26,015 - INFO - File selected : D:/DLL_Galvo/Merger/Galvo_10092026/40mm_square.svg
2026-09-11 20:14:28,690 - INFO - Parameters saved for D:/DLL_Galvo/Merger/Galvo_10092026/40mm_square.svg
2026-09-11 20:15:25,463 - INFO - Parameters saved for D:/DLL_Galvo/Merger/Galvo_10092026/40mm_square.svg
2026-09-11 20:17:44,184 - INFO - Galvo Laser Shutdown
2026-09-11 20:17:44,226 - CRITICAL - Laser 1 : OFF
2026-09-11 20:17:44,226 - CRITICAL - Laser 2 : OFF
2026-09-11 20:17:44,226 - INFO - Stepper Lasers Shutdown
2026-09-11 20:17:44,227 - INFO - COM connection close successfully
2026-09-11 20:17:44,227 - INFO - Main window close successfully
2026-09-11 20:17:44,227 - INFO - ==================================================
2026-09-11 20:17:44,227 - INFO - New session close at 2026-09-11 20:17
2026-09-11 20:17:44,227 - INFO - ==================================================
2026-09-11 20:17:44,263 - DEBUG - Calling CoUninitialize()
2026-09-11 20:17:44,263 - DEBUG - CoUninitialize() done.
2026-09-11 20:17:49,464 - DEBUG - OpenGL_accelerate module loaded
2026-09-11 20:17:49,482 - DEBUG - Using accelerated ArrayDatatype
2026-09-11 20:17:49,852 - DEBUG - CoInitializeEx(None, 2)
2026-09-11 20:17:49,957 - INFO - Could not import comtypes.gen, trying to create it.
2026-09-11 20:17:49,957 - INFO - Creating comtypes.gen package failed: [WinError 5] Access is denied: 'C:\\Program Files\\Python314\\Lib\\site-packages\\comtypes\\gen'
2026-09-11 20:17:49,957 - INFO - Created a memory-only package.
2026-09-11 20:17:49,960 - INFO - Using writeable comtypes cache directory: 'C:\Users\EXPRESS\AppData\Roaming\Python\Python314\comtypes_cache'
2026-09-11 20:17:49,972 - DEBUG - GetModule(qedit.dll), resolved: False
2026-09-11 20:17:49,991 - DEBUG - GetModule(TLIBATTR(GUID={78530B68-61F9-11D2-8CAD-00A024580902}, Version=1.0, LCID=0, FLags=0x8))
2026-09-11 20:17:50,026 - DEBUG - Release <POINTER(ITypeLib) ptr=0x12d73d3b490 at 12d785aeda0>
2026-09-11 20:17:50,028 - DEBUG - GetModule(quartz.dll), resolved: False
2026-09-11 20:17:50,030 - DEBUG - GetModule(TLIBATTR(GUID={56A868B0-0AD4-11CE-B03A-0020AF0BA770}, Version=1.0, LCID=0, FLags=0x8))
2026-09-11 20:17:50,045 - DEBUG - Release <POINTER(ITypeLib) ptr=0x12d73d3b490 at 12d785aeda0>
2026-09-11 20:17:59,295 - INFO - UI load successful
2026-09-11 20:18:10,445 - INFO - File selected : D:/DLL_Galvo/Merger/Galvo_10092026/40mm_square.svg
2026-09-11 20:18:11,014 - INFO - Parameters saved for D:/DLL_Galvo/Merger/Galvo_10092026/40mm_square.svg
2026-09-11 20:25:36,483 - INFO - Galvo Laser Shutdown
2026-09-11 20:25:36,484 - CRITICAL - Laser 1 : OFF
2026-09-11 20:25:36,485 - CRITICAL - Laser 2 : OFF
2026-09-11 20:25:36,485 - INFO - Stepper Lasers Shutdown
2026-09-11 20:25:36,485 - INFO - COM connection close successfully
2026-09-11 20:25:36,485 - INFO - Main window close successfully
2026-09-11 20:25:36,486 - INFO - ==================================================
2026-09-11 20:25:36,486 - INFO - New session close at 2026-09-11 20:25
2026-09-11 20:25:36,486 - INFO - ==================================================
2026-09-11 20:25:36,502 - DEBUG - Calling CoUninitialize()
2026-09-11 20:25:36,502 - DEBUG - CoUninitialize() done.
2026-09-11 20:25:43,611 - DEBUG - OpenGL_accelerate module loaded
2026-09-11 20:25:43,621 - DEBUG - Using accelerated ArrayDatatype
2026-09-11 20:25:43,852 - DEBUG - CoInitializeEx(None, 2)
2026-09-11 20:25:43,896 - INFO - Could not import comtypes.gen, trying to create it.
2026-09-11 20:25:43,896 - INFO - Creating comtypes.gen package failed: [WinError 5] Access is denied: 'C:\\Program Files\\Python314\\Lib\\site-packages\\comtypes\\gen'
2026-09-11 20:25:43,896 - INFO - Created a memory-only package.
2026-09-11 20:25:43,898 - INFO - Using writeable comtypes cache directory: 'C:\Users\EXPRESS\AppData\Roaming\Python\Python314\comtypes_cache'
2026-09-11 20:25:43,905 - DEBUG - GetModule(qedit.dll), resolved: False
2026-09-11 20:25:43,906 - DEBUG - GetModule(TLIBATTR(GUID={78530B68-61F9-11D2-8CAD-00A024580902}, Version=1.0, LCID=0, FLags=0x8))
2026-09-11 20:25:43,930 - DEBUG - Release <POINTER(ITypeLib) ptr=0x263ad025860 at 263ae4eeda0>
2026-09-11 20:25:43,930 - DEBUG - GetModule(quartz.dll), resolved: False
2026-09-11 20:25:43,931 - DEBUG - GetModule(TLIBATTR(GUID={56A868B0-0AD4-11CE-B03A-0020AF0BA770}, Version=1.0, LCID=0, FLags=0x8))
2026-09-11 20:25:43,941 - DEBUG - Release <POINTER(ITypeLib) ptr=0x263ad024260 at 263ae4eeda0>
2026-09-11 20:25:52,954 - INFO - UI load successful
2026-09-11 20:26:20,254 - INFO - File selected : D:/DLL_Galvo/Merger/Galvo_10092026/40mm_square.svg
2026-09-11 20:26:22,769 - INFO - Parameters saved for D:/DLL_Galvo/Merger/Galvo_10092026/40mm_square.svg
2026-09-11 20:27:28,094 - DEBUG - OpenGL_accelerate module loaded
2026-09-11 20:27:28,104 - DEBUG - Using accelerated ArrayDatatype
2026-09-11 20:27:28,323 - DEBUG - CoInitializeEx(None, 2)
2026-09-11 20:27:28,369 - INFO - Could not import comtypes.gen, trying to create it.
2026-09-11 20:27:28,369 - INFO - Creating comtypes.gen package failed: [WinError 5] Access is denied: 'C:\\Program Files\\Python314\\Lib\\site-packages\\comtypes\\gen'
2026-09-11 20:27:28,369 - INFO - Created a memory-only package.
2026-09-11 20:27:28,372 - INFO - Using writeable comtypes cache directory: 'C:\Users\EXPRESS\AppData\Roaming\Python\Python314\comtypes_cache'
2026-09-11 20:27:28,379 - DEBUG - GetModule(qedit.dll), resolved: False
2026-09-11 20:27:28,380 - DEBUG - GetModule(TLIBATTR(GUID={78530B68-61F9-11D2-8CAD-00A024580902}, Version=1.0, LCID=0, FLags=0x8))
2026-09-11 20:27:28,402 - DEBUG - Release <POINTER(ITypeLib) ptr=0x1d9fd029e10 at 1d981beeda0>
2026-09-11 20:27:28,403 - DEBUG - GetModule(quartz.dll), resolved: False
2026-09-11 20:27:28,403 - DEBUG - GetModule(TLIBATTR(GUID={56A868B0-0AD4-11CE-B03A-0020AF0BA770}, Version=1.0, LCID=0, FLags=0x8))
2026-09-11 20:27:28,414 - DEBUG - Release <POINTER(ITypeLib) ptr=0x1d9fd02bf10 at 1d981beeda0>
2026-09-11 20:27:37,467 - INFO - UI load successful
2026-09-11 20:27:45,351 - INFO - File selected : D:/DLL_Galvo/Merger/Galvo_10092026/40mm_square.svg
2026-09-11 20:27:47,472 - INFO - Parameters saved for D:/DLL_Galvo/Merger/Galvo_10092026/40mm_square.svg
2026-09-11 20:28:22,039 - INFO - Parameters saved for D:/DLL_Galvo/Merger/Galvo_10092026/40mm_square.svg
2026-09-11 20:29:03,013 - INFO - Parameters saved for D:/DLL_Galvo/Merger/Galvo_10092026/40mm_square.svg
2026-09-11 20:30:00,888 - DEBUG - OpenGL_accelerate module loaded
2026-09-11 20:30:00,908 - DEBUG - Using accelerated ArrayDatatype
2026-09-11 20:30:01,278 - DEBUG - CoInitializeEx(None, 2)
2026-09-11 20:30:01,411 - INFO - Could not import comtypes.gen, trying to create it.
2026-09-11 20:30:01,411 - INFO - Creating comtypes.gen package failed: [WinError 5] Access is denied: 'C:\\Program Files\\Python314\\Lib\\site-packages\\comtypes\\gen'
2026-09-11 20:30:01,411 - INFO - Created a memory-only package.
2026-09-11 20:30:01,413 - INFO - Using writeable comtypes cache directory: 'C:\Users\EXPRESS\AppData\Roaming\Python\Python314\comtypes_cache'
2026-09-11 20:30:01,428 - DEBUG - GetModule(qedit.dll), resolved: False
2026-09-11 20:30:01,449 - DEBUG - GetModule(TLIBATTR(GUID={78530B68-61F9-11D2-8CAD-00A024580902}, Version=1.0, LCID=0, FLags=0x8))
2026-09-11 20:30:01,505 - DEBUG - Release <POINTER(ITypeLib) ptr=0x1dcf5e2cdc0 at 1dcf71ceda0>
2026-09-11 20:30:01,506 - DEBUG - GetModule(quartz.dll), resolved: False
2026-09-11 20:30:01,507 - DEBUG - GetModule(TLIBATTR(GUID={56A868B0-0AD4-11CE-B03A-0020AF0BA770}, Version=1.0, LCID=0, FLags=0x8))
2026-09-11 20:30:01,517 - DEBUG - Release <POINTER(ITypeLib) ptr=0x1dcf5e2d8c0 at 1dcf71ceda0>
2026-09-11 20:30:10,739 - INFO - UI load successful
2026-09-11 20:30:27,734 - INFO - File selected : D:/DLL_Galvo/Merger/Galvo_10092026/40mm_square.svg
2026-09-11 20:30:42,930 - INFO - Parameters saved for D:/DLL_Galvo/Merger/Galvo_10092026/40mm_square.svg
2026-09-11 20:34:32,645 - DEBUG - OpenGL_accelerate module loaded
2026-09-11 20:34:32,655 - DEBUG - Using accelerated ArrayDatatype
2026-09-11 20:34:32,881 - DEBUG - CoInitializeEx(None, 2)
2026-09-11 20:34:32,924 - INFO - Could not import comtypes.gen, trying to create it.
2026-09-11 20:34:32,925 - INFO - Creating comtypes.gen package failed: [WinError 5] Access is denied: 'C:\\Program Files\\Python314\\Lib\\site-packages\\comtypes\\gen'
2026-09-11 20:34:32,925 - INFO - Created a memory-only package.
2026-09-11 20:34:32,927 - INFO - Using writeable comtypes cache directory: 'C:\Users\EXPRESS\AppData\Roaming\Python\Python314\comtypes_cache'
2026-09-11 20:34:32,933 - DEBUG - GetModule(qedit.dll), resolved: False
2026-09-11 20:34:32,935 - DEBUG - GetModule(TLIBATTR(GUID={78530B68-61F9-11D2-8CAD-00A024580902}, Version=1.0, LCID=0, FLags=0x8))
2026-09-11 20:34:32,959 - DEBUG - Release <POINTER(ITypeLib) ptr=0x24f372453c0 at 24f385feda0>
2026-09-11 20:34:32,959 - DEBUG - GetModule(quartz.dll), resolved: False
2026-09-11 20:34:32,960 - DEBUG - GetModule(TLIBATTR(GUID={56A868B0-0AD4-11CE-B03A-0020AF0BA770}, Version=1.0, LCID=0, FLags=0x8))
2026-09-11 20:34:32,970 - DEBUG - Release <POINTER(ITypeLib) ptr=0x24f37248800 at 24f385feda0>
2026-09-11 20:34:41,974 - INFO - UI load successful
2026-09-11 20:34:52,604 - INFO - File selected : D:/DLL_Galvo/Merger/Galvo_10092026/40mm_square.svg
2026-09-11 20:34:54,414 - INFO - Parameters saved for D:/DLL_Galvo/Merger/Galvo_10092026/40mm_square.svg
2026-09-11 20:35:49,468 - INFO - Galvo Laser Shutdown
2026-09-11 20:35:49,471 - CRITICAL - Laser 1 : OFF
2026-09-11 20:35:49,471 - CRITICAL - Laser 2 : OFF
2026-09-11 20:35:49,471 - INFO - Stepper Lasers Shutdown
2026-09-11 20:35:49,471 - INFO - COM connection close successfully
2026-09-11 20:35:49,471 - INFO - Main window close successfully
2026-09-11 20:35:49,471 - INFO - ==================================================
2026-09-11 20:35:49,472 - INFO - New session close at 2026-09-11 20:35
2026-09-11 20:35:49,472 - INFO - ==================================================
2026-09-11 20:35:49,484 - DEBUG - Calling CoUninitialize()
2026-09-11 20:35:49,484 - DEBUG - CoUninitialize() done.
2026-09-11 20:36:14,092 - DEBUG - OpenGL_accelerate module loaded
2026-09-11 20:36:14,102 - DEBUG - Using accelerated ArrayDatatype
2026-09-11 20:36:14,328 - DEBUG - CoInitializeEx(None, 2)
2026-09-11 20:36:14,369 - INFO - Could not import comtypes.gen, trying to create it.
2026-09-11 20:36:14,370 - INFO - Creating comtypes.gen package failed: [WinError 5] Access is denied: 'C:\\Program Files\\Python314\\Lib\\site-packages\\comtypes\\gen'
2026-09-11 20:36:14,370 - INFO - Created a memory-only package.
2026-09-11 20:36:14,372 - INFO - Using writeable comtypes cache directory: 'C:\Users\EXPRESS\AppData\Roaming\Python\Python314\comtypes_cache'
2026-09-11 20:36:14,378 - DEBUG - GetModule(qedit.dll), resolved: False
2026-09-11 20:36:14,379 - DEBUG - GetModule(TLIBATTR(GUID={78530B68-61F9-11D2-8CAD-00A024580902}, Version=1.0, LCID=0, FLags=0x8))
2026-09-11 20:36:14,402 - DEBUG - Release <POINTER(ITypeLib) ptr=0x1991020d1b0 at 1991563eda0>
2026-09-11 20:36:14,402 - DEBUG - GetModule(quartz.dll), resolved: False
2026-09-11 20:36:14,403 - DEBUG - GetModule(TLIBATTR(GUID={56A868B0-0AD4-11CE-B03A-0020AF0BA770}, Version=1.0, LCID=0, FLags=0x8))
2026-09-11 20:36:14,413 - DEBUG - Release <POINTER(ITypeLib) ptr=0x1991020d1b0 at 1991563eda0>
2026-09-11 20:36:23,467 - INFO - UI load successful
2026-09-11 20:36:32,284 - INFO - File selected : D:/DLL_Galvo/Merger/Galvo_10092026/40mm_square.svg
2026-09-11 20:36:34,147 - INFO - Parameters saved for D:/DLL_Galvo/Merger/Galvo_10092026/40mm_square.svg
2026-09-11 20:37:16,556 - INFO - Parameters saved for D:/DLL_Galvo/Merger/Galvo_10092026/40mm_square.svg
2026-09-11 20:37:29,017 - INFO - Close event ignored.
2026-09-11 21:08:03,727 - DEBUG - OpenGL_accelerate module loaded
2026-09-11 21:08:03,748 - DEBUG - Using accelerated ArrayDatatype
2026-09-11 21:08:04,119 - DEBUG - CoInitializeEx(None, 2)
2026-09-11 21:08:04,222 - INFO - Could not import comtypes.gen, trying to create it.
2026-09-11 21:08:04,222 - INFO - Creating comtypes.gen package failed: [WinError 5] Access is denied: 'C:\\Program Files\\Python314\\Lib\\site-packages\\comtypes\\gen'
2026-09-11 21:08:04,222 - INFO - Created a memory-only package.
2026-09-11 21:08:04,225 - INFO - Using writeable comtypes cache directory: 'C:\Users\EXPRESS\AppData\Roaming\Python\Python314\comtypes_cache'
2026-09-11 21:08:04,236 - DEBUG - GetModule(qedit.dll), resolved: False
2026-09-11 21:08:04,248 - DEBUG - GetModule(TLIBATTR(GUID={78530B68-61F9-11D2-8CAD-00A024580902}, Version=1.0, LCID=0, FLags=0x8))
2026-09-11 21:08:04,280 - DEBUG - Release <POINTER(ITypeLib) ptr=0x1fff6a0d770 at 1fffb52eda0>
2026-09-11 21:08:04,281 - DEBUG - GetModule(quartz.dll), resolved: False
2026-09-11 21:08:04,282 - DEBUG - GetModule(TLIBATTR(GUID={56A868B0-0AD4-11CE-B03A-0020AF0BA770}, Version=1.0, LCID=0, FLags=0x8))
2026-09-11 21:08:04,295 - DEBUG - Release <POINTER(ITypeLib) ptr=0x1fff6a0bbf0 at 1fffb52eda0>
2026-09-11 21:08:05,339 - INFO - UI load successful
2026-09-11 21:08:14,568 - INFO - File selected : D:/EXPRESS/Downloads/MF device 250 micron channel.dxf
2026-09-11 21:08:17,148 - INFO - Parameters saved for D:/EXPRESS/Downloads/MF device 250 micron channel.dxf
2026-09-11 21:09:27,284 - INFO - Parameters saved for D:/EXPRESS/Downloads/MF device 250 micron channel.dxf
2026-09-11 21:09:52,115 - INFO - File selected : D:/EXPRESS/Downloads/concentric_circles-20260831173907.dxf
2026-09-11 21:09:54,228 - INFO - Parameters saved for D:/EXPRESS/Downloads/concentric_circles-20260831173907.dxf
2026-09-11 21:09:54,231 - INFO - DXF version upgrade to DXF R2000.
2026-09-11 21:09:54,244 - INFO - creating ACAD_COLOR dictionary
2026-09-11 21:09:54,244 - INFO - creating ACAD_LAYOUT dictionary
2026-09-11 21:09:54,244 - INFO - creating ACAD_MATERIAL dictionary
2026-09-11 21:09:54,244 - INFO - creating ACAD_MLEADERSTYLE dictionary
2026-09-11 21:09:54,244 - INFO - creating ACAD_MLINESTYLE dictionary
2026-09-11 21:09:54,244 - INFO - creating ACAD_PLOTSETTINGS dictionary
2026-09-11 21:09:54,244 - INFO - creating ACAD_PLOTSTYLENAME dictionary
2026-09-11 21:09:54,244 - INFO - creating ACAD_SCALELIST dictionary
2026-09-11 21:09:54,245 - INFO - creating ACAD_TABLESTYLE dictionary
2026-09-11 21:09:54,245 - INFO - creating ACAD_VISUALSTYLE dictionary
2026-09-11 21:10:07,849 - CRITICAL - Laser 1 : OFF
2026-09-11 21:10:07,849 - CRITICAL - Laser 2 : OFF
2026-09-11 21:10:07,849 - INFO - Stepper Lasers Shutdown
2026-09-11 21:10:07,849 - INFO - COM connection close successfully
2026-09-11 21:10:07,850 - INFO - Main window close successfully
2026-09-11 21:10:07,850 - INFO - ==================================================
2026-09-11 21:10:07,850 - INFO - New session close at 2026-09-11 21:10
2026-09-11 21:10:07,850 - INFO - ==================================================
2026-09-11 21:10:07,864 - DEBUG - Calling CoUninitialize()
2026-09-11 21:10:07,864 - DEBUG - CoUninitialize() done.
2026-09-11 21:14:11,483 - DEBUG - OpenGL_accelerate module loaded
2026-09-11 21:14:11,493 - DEBUG - Using accelerated ArrayDatatype
2026-09-11 21:14:11,798 - DEBUG - CoInitializeEx(None, 2)
2026-09-11 21:14:11,852 - INFO - Could not import comtypes.gen, trying to create it.
2026-09-11 21:14:11,853 - INFO - Creating comtypes.gen package failed: [WinError 5] Access is denied: 'C:\\Program Files\\Python314\\Lib\\site-packages\\comtypes\\gen'
2026-09-11 21:14:11,853 - INFO - Created a memory-only package.
2026-09-11 21:14:11,855 - INFO - Using writeable comtypes cache directory: 'C:\Users\EXPRESS\AppData\Roaming\Python\Python314\comtypes_cache'
2026-09-11 21:14:11,863 - DEBUG - GetModule(qedit.dll), resolved: False
2026-09-11 21:14:11,864 - DEBUG - GetModule(TLIBATTR(GUID={78530B68-61F9-11D2-8CAD-00A024580902}, Version=1.0, LCID=0, FLags=0x8))
2026-09-11 21:14:11,888 - DEBUG - Release <POINTER(ITypeLib) ptr=0x20f70bf5130 at 20f75aceda0>
2026-09-11 21:14:11,889 - DEBUG - GetModule(quartz.dll), resolved: False
2026-09-11 21:14:11,889 - DEBUG - GetModule(TLIBATTR(GUID={56A868B0-0AD4-11CE-B03A-0020AF0BA770}, Version=1.0, LCID=0, FLags=0x8))
2026-09-11 21:14:11,902 - DEBUG - Release <POINTER(ITypeLib) ptr=0x20f70bf48f0 at 20f75aceda0>
2026-09-11 21:14:20,633 - INFO - UI load successful
2026-09-11 21:17:31,319 - DEBUG - OpenGL_accelerate module loaded
2026-09-11 21:17:31,334 - DEBUG - Using accelerated ArrayDatatype
2026-09-11 21:17:31,661 - DEBUG - CoInitializeEx(None, 2)
2026-09-11 21:17:31,776 - INFO - Could not import comtypes.gen, trying to create it.
2026-09-11 21:17:31,777 - INFO - Creating comtypes.gen package failed: [WinError 5] Access is denied: 'C:\\Program Files\\Python314\\Lib\\site-packages\\comtypes\\gen'
2026-09-11 21:17:31,777 - INFO - Created a memory-only package.
2026-09-11 21:17:31,779 - INFO - Using writeable comtypes cache directory: 'C:\Users\EXPRESS\AppData\Roaming\Python\Python314\comtypes_cache'
2026-09-11 21:17:31,791 - DEBUG - GetModule(qedit.dll), resolved: False
2026-09-11 21:17:31,814 - DEBUG - GetModule(TLIBATTR(GUID={78530B68-61F9-11D2-8CAD-00A024580902}, Version=1.0, LCID=0, FLags=0x8))
2026-09-11 21:17:31,857 - DEBUG - Release <POINTER(ITypeLib) ptr=0x25e699b6a10 at 25e6e60eda0>
2026-09-11 21:17:31,857 - DEBUG - GetModule(quartz.dll), resolved: False
2026-09-11 21:17:31,859 - DEBUG - GetModule(TLIBATTR(GUID={56A868B0-0AD4-11CE-B03A-0020AF0BA770}, Version=1.0, LCID=0, FLags=0x8))
2026-09-11 21:17:31,869 - DEBUG - Release <POINTER(ITypeLib) ptr=0x25e699b9350 at 25e6e60eda0>
2026-09-11 21:17:32,350 - INFO - UI load successful
2026-09-11 21:17:46,352 - INFO - File selected : D:/EXPRESS/Downloads/concentric_circles-20260831173907.dxf
2026-09-11 21:17:48,469 - INFO - Parameters saved for D:/EXPRESS/Downloads/concentric_circles-20260831173907.dxf
2026-09-11 21:17:48,473 - INFO - DXF version upgrade to DXF R2000.
2026-09-11 21:17:48,488 - INFO - creating ACAD_COLOR dictionary
2026-09-11 21:17:48,488 - INFO - creating ACAD_LAYOUT dictionary
2026-09-11 21:17:48,488 - INFO - creating ACAD_MATERIAL dictionary
2026-09-11 21:17:48,488 - INFO - creating ACAD_MLEADERSTYLE dictionary
2026-09-11 21:17:48,488 - INFO - creating ACAD_MLINESTYLE dictionary
2026-09-11 21:17:48,488 - INFO - creating ACAD_PLOTSETTINGS dictionary
2026-09-11 21:17:48,489 - INFO - creating ACAD_PLOTSTYLENAME dictionary
2026-09-11 21:17:48,489 - INFO - creating ACAD_SCALELIST dictionary
2026-09-11 21:17:48,489 - INFO - creating ACAD_TABLESTYLE dictionary
2026-09-11 21:17:48,489 - INFO - creating ACAD_VISUALSTYLE dictionary
2026-09-11 21:17:57,997 - INFO - File selected : D:/EXPRESS/Downloads/MF device 250 micron channel.dxf
2026-09-11 21:18:00,380 - INFO - Parameters saved for D:/EXPRESS/Downloads/MF device 250 micron channel.dxf
2026-09-11 21:18:33,884 - CRITICAL - Laser 1 : OFF
2026-09-11 21:18:33,885 - CRITICAL - Laser 2 : OFF
2026-09-11 21:18:33,885 - INFO - Stepper Lasers Shutdown
2026-09-11 21:18:33,885 - INFO - COM connection close successfully
2026-09-11 21:18:33,885 - INFO - Main window close successfully
2026-09-11 21:18:33,885 - INFO - ==================================================
2026-09-11 21:18:33,885 - INFO - New session close at 2026-09-11 21:18
2026-09-11 21:18:33,885 - INFO - ==================================================
2026-09-11 21:18:33,907 - DEBUG - Calling CoUninitialize()
2026-09-11 21:18:33,907 - DEBUG - CoUninitialize() done.
2026-09-11 21:20:34,396 - DEBUG - OpenGL_accelerate module loaded
2026-09-11 21:20:34,414 - DEBUG - Using accelerated ArrayDatatype
2026-09-11 21:20:34,767 - DEBUG - CoInitializeEx(None, 2)
2026-09-11 21:20:34,898 - INFO - Could not import comtypes.gen, trying to create it.
2026-09-11 21:20:34,899 - INFO - Creating comtypes.gen package failed: [WinError 5] Access is denied: 'C:\\Program Files\\Python314\\Lib\\site-packages\\comtypes\\gen'
2026-09-11 21:20:34,900 - INFO - Created a memory-only package.
2026-09-11 21:20:34,907 - INFO - Using writeable comtypes cache directory: 'C:\Users\EXPRESS\AppData\Roaming\Python\Python314\comtypes_cache'
2026-09-11 21:20:34,922 - DEBUG - GetModule(qedit.dll), resolved: False
2026-09-11 21:20:34,940 - DEBUG - GetModule(TLIBATTR(GUID={78530B68-61F9-11D2-8CAD-00A024580902}, Version=1.0, LCID=0, FLags=0x8))
2026-09-11 21:20:34,983 - DEBUG - Release <POINTER(ITypeLib) ptr=0x159f1359ce0 at 159f5c7eda0>
2026-09-11 21:20:34,983 - DEBUG - GetModule(quartz.dll), resolved: False
2026-09-11 21:20:34,985 - DEBUG - GetModule(TLIBATTR(GUID={56A868B0-0AD4-11CE-B03A-0020AF0BA770}, Version=1.0, LCID=0, FLags=0x8))
2026-09-11 21:20:34,997 - DEBUG - Release <POINTER(ITypeLib) ptr=0x159f1359ce0 at 159f5c7eda0>
2026-09-11 21:20:43,826 - INFO - UI load successful
2026-09-11 21:20:54,501 - INFO - File selected : D:/DLL_Galvo/Merger/Galvo_10092026/40mm_square.svg
2026-09-11 21:20:56,647 - INFO - Parameters saved for D:/DLL_Galvo/Merger/Galvo_10092026/40mm_square.svg
2026-09-11 21:26:33,656 - DEBUG - OpenGL_accelerate module loaded
2026-09-11 21:26:33,666 - DEBUG - Using accelerated ArrayDatatype
2026-09-11 21:26:33,888 - DEBUG - CoInitializeEx(None, 2)
2026-09-11 21:26:33,931 - INFO - Could not import comtypes.gen, trying to create it.
2026-09-11 21:26:33,931 - INFO - Creating comtypes.gen package failed: [WinError 5] Access is denied: 'C:\\Program Files\\Python314\\Lib\\site-packages\\comtypes\\gen'
2026-09-11 21:26:33,931 - INFO - Created a memory-only package.
2026-09-11 21:26:33,934 - INFO - Using writeable comtypes cache directory: 'C:\Users\EXPRESS\AppData\Roaming\Python\Python314\comtypes_cache'
2026-09-11 21:26:33,940 - DEBUG - GetModule(qedit.dll), resolved: False
2026-09-11 21:26:33,941 - DEBUG - GetModule(TLIBATTR(GUID={78530B68-61F9-11D2-8CAD-00A024580902}, Version=1.0, LCID=0, FLags=0x8))
2026-09-11 21:26:33,964 - DEBUG - Release <POINTER(ITypeLib) ptr=0x1a80c09d300 at 1a80d47eda0>
2026-09-11 21:26:33,964 - DEBUG - GetModule(quartz.dll), resolved: False
2026-09-11 21:26:33,965 - DEBUG - GetModule(TLIBATTR(GUID={56A868B0-0AD4-11CE-B03A-0020AF0BA770}, Version=1.0, LCID=0, FLags=0x8))
2026-09-11 21:26:33,975 - DEBUG - Release <POINTER(ITypeLib) ptr=0x1a80c09ebc0 at 1a80d47eda0>
2026-09-11 21:26:43,103 - INFO - UI load successful
2026-09-11 21:26:51,433 - INFO - File selected : D:/EXPRESS/Downloads/MF device 250 micron channel.dxf
2026-09-11 21:26:53,163 - INFO - Parameters saved for D:/EXPRESS/Downloads/MF device 250 micron channel.dxf
2026-09-11 21:28:46,259 - INFO - Galvo Laser Shutdown
2026-09-11 21:28:46,262 - CRITICAL - Laser 1 : OFF
2026-09-11 21:28:46,263 - CRITICAL - Laser 2 : OFF
2026-09-11 21:28:46,263 - INFO - Stepper Lasers Shutdown
2026-09-11 21:28:46,263 - INFO - COM connection close successfully
2026-09-11 21:28:46,263 - INFO - Main window close successfully
2026-09-11 21:28:46,263 - INFO - ==================================================
2026-09-11 21:28:46,263 - INFO - New session close at 2026-09-11 21:28
2026-09-11 21:28:46,263 - INFO - ==================================================
2026-09-11 21:28:46,279 - DEBUG - Calling CoUninitialize()
2026-09-11 21:28:46,279 - DEBUG - CoUninitialize() done.
2026-09-12 10:29:51,408 - DEBUG - OpenGL_accelerate module loaded
2026-09-12 10:29:51,526 - DEBUG - Using accelerated ArrayDatatype
2026-09-12 10:29:53,471 - DEBUG - CoInitializeEx(None, 2)
2026-09-12 10:29:53,808 - INFO - Could not import comtypes.gen, trying to create it.
2026-09-12 10:29:53,808 - INFO - Creating comtypes.gen package failed: [WinError 5] Access is denied: 'C:\\Program Files\\Python314\\Lib\\site-packages\\comtypes\\gen'
2026-09-12 10:29:53,809 - INFO - Created a memory-only package.
2026-09-12 10:29:53,811 - INFO - Using writeable comtypes cache directory: 'C:\Users\EXPRESS\AppData\Roaming\Python\Python314\comtypes_cache'
2026-09-12 10:29:53,848 - DEBUG - GetModule(qedit.dll), resolved: False
2026-09-12 10:29:53,858 - DEBUG - GetModule(TLIBATTR(GUID={78530B68-61F9-11D2-8CAD-00A024580902}, Version=1.0, LCID=0, FLags=0x8))
2026-09-12 10:29:53,932 - DEBUG - Release <POINTER(ITypeLib) ptr=0x13cff1ce3a0 at 13c83baeda0>
2026-09-12 10:29:53,932 - DEBUG - GetModule(quartz.dll), resolved: False
2026-09-12 10:29:53,934 - DEBUG - GetModule(TLIBATTR(GUID={56A868B0-0AD4-11CE-B03A-0020AF0BA770}, Version=1.0, LCID=0, FLags=0x8))
2026-09-12 10:29:53,953 - DEBUG - Release <POINTER(ITypeLib) ptr=0x13cff1cf420 at 13c83baeda0>
2026-09-12 10:30:03,370 - INFO - UI load successful
2026-09-12 10:30:20,399 - INFO - Profile : Supervisor
2026-09-12 10:33:07,536 - INFO - File selected : D:/DLL_Galvo/Merger/Galvo_10092026/40mm_square.svg
2026-09-12 10:42:43,780 - DEBUG - OpenGL_accelerate module loaded
2026-09-12 10:42:43,792 - DEBUG - Using accelerated ArrayDatatype
2026-09-12 10:42:44,088 - DEBUG - CoInitializeEx(None, 2)
2026-09-12 10:42:44,138 - INFO - Could not import comtypes.gen, trying to create it.
2026-09-12 10:42:44,139 - INFO - Creating comtypes.gen package failed: [WinError 5] Access is denied: 'C:\\Program Files\\Python314\\Lib\\site-packages\\comtypes\\gen'
2026-09-12 10:42:44,139 - INFO - Created a memory-only package.
2026-09-12 10:42:44,142 - INFO - Using writeable comtypes cache directory: 'C:\Users\EXPRESS\AppData\Roaming\Python\Python314\comtypes_cache'
2026-09-12 10:42:44,149 - DEBUG - GetModule(qedit.dll), resolved: False
2026-09-12 10:42:44,151 - DEBUG - GetModule(TLIBATTR(GUID={78530B68-61F9-11D2-8CAD-00A024580902}, Version=1.0, LCID=0, FLags=0x8))
2026-09-12 10:42:44,175 - DEBUG - Release <POINTER(ITypeLib) ptr=0x2b62bf63760 at 2b630a2eda0>
2026-09-12 10:42:44,176 - DEBUG - GetModule(quartz.dll), resolved: False
2026-09-12 10:42:44,176 - DEBUG - GetModule(TLIBATTR(GUID={56A868B0-0AD4-11CE-B03A-0020AF0BA770}, Version=1.0, LCID=0, FLags=0x8))
2026-09-12 10:42:44,187 - DEBUG - Release <POINTER(ITypeLib) ptr=0x2b62bf613a0 at 2b630a2eda0>
2026-09-12 10:42:53,238 - INFO - UI load successful
2026-09-12 10:43:05,279 - INFO - Profile : Supervisor
2026-09-12 10:43:34,259 - INFO - File selected : D:/DLL_Galvo/Merger/Galvo_10092026/40mm_square.svg
2026-09-12 10:43:40,816 - INFO - Parameters saved for D:/DLL_Galvo/Merger/Galvo_10092026/40mm_square.svg
2026-09-12 10:43:51,878 - INFO - Parameters saved for D:/DLL_Galvo/Merger/Galvo_10092026/40mm_square.svg
2026-09-12 10:43:58,000 - INFO - Parameters saved for D:/DLL_Galvo/Merger/Galvo_10092026/40mm_square.svg
2026-09-12 10:48:01,927 - INFO - Parameters saved for D:/DLL_Galvo/Merger/Galvo_10092026/40mm_square.svg
2026-09-12 10:49:36,171 - INFO - Parameters saved for D:/DLL_Galvo/Merger/Galvo_10092026/40mm_square.svg
2026-09-12 10:50:54,140 - CRITICAL - Laser 1 : OFF
2026-09-12 10:50:54,140 - CRITICAL - Laser 2 : OFF
2026-09-12 10:50:54,141 - INFO - Stepper Lasers Shutdown
2026-09-12 10:50:54,141 - INFO - COM connection close successfully
2026-09-12 10:50:54,141 - INFO - Main window close successfully
2026-09-12 10:50:54,141 - INFO - ==================================================
2026-09-12 10:50:54,141 - INFO - New session close at 2026-09-12 10:50
2026-09-12 10:50:54,141 - INFO - ==================================================
2026-09-12 10:50:54,160 - DEBUG - Calling CoUninitialize()
2026-09-12 10:50:54,160 - DEBUG - CoUninitialize() done.
2026-09-12 10:50:58,799 - DEBUG - OpenGL_accelerate module loaded
2026-09-12 10:50:58,810 - DEBUG - Using accelerated ArrayDatatype
2026-09-12 10:50:59,049 - DEBUG - CoInitializeEx(None, 2)
2026-09-12 10:50:59,095 - INFO - Could not import comtypes.gen, trying to create it.
2026-09-12 10:50:59,095 - INFO - Creating comtypes.gen package failed: [WinError 5] Access is denied: 'C:\\Program Files\\Python314\\Lib\\site-packages\\comtypes\\gen'
2026-09-12 10:50:59,095 - INFO - Created a memory-only package.
2026-09-12 10:50:59,098 - INFO - Using writeable comtypes cache directory: 'C:\Users\EXPRESS\AppData\Roaming\Python\Python314\comtypes_cache'
2026-09-12 10:50:59,105 - DEBUG - GetModule(qedit.dll), resolved: False
2026-09-12 10:50:59,106 - DEBUG - GetModule(TLIBATTR(GUID={78530B68-61F9-11D2-8CAD-00A024580902}, Version=1.0, LCID=0, FLags=0x8))
2026-09-12 10:50:59,129 - DEBUG - Release <POINTER(ITypeLib) ptr=0x22e6d7bbd70 at 22e7228eda0>
2026-09-12 10:50:59,129 - DEBUG - GetModule(quartz.dll), resolved: False
2026-09-12 10:50:59,130 - DEBUG - GetModule(TLIBATTR(GUID={56A868B0-0AD4-11CE-B03A-0020AF0BA770}, Version=1.0, LCID=0, FLags=0x8))
2026-09-12 10:50:59,140 - DEBUG - Release <POINTER(ITypeLib) ptr=0x22e6d7bbd70 at 22e7228eda0>
2026-09-12 10:51:07,746 - INFO - UI load successful
2026-09-12 10:51:47,370 - CRITICAL - Laser 1 : OFF
2026-09-12 10:51:47,371 - CRITICAL - Laser 2 : OFF
2026-09-12 10:51:47,371 - INFO - Stepper Lasers Shutdown
2026-09-12 10:51:47,371 - INFO - COM connection close successfully
2026-09-12 10:51:47,371 - INFO - Main window close successfully
2026-09-12 10:51:47,372 - INFO - ==================================================
2026-09-12 10:51:47,372 - INFO - New session close at 2026-09-12 10:51
2026-09-12 10:51:47,372 - INFO - ==================================================
2026-09-12 10:51:47,388 - DEBUG - Calling CoUninitialize()
2026-09-12 10:51:47,389 - DEBUG - CoUninitialize() done.
2026-09-12 10:51:57,790 - DEBUG - OpenGL_accelerate module loaded
2026-09-12 10:51:57,801 - DEBUG - Using accelerated ArrayDatatype
2026-09-12 10:51:58,032 - DEBUG - CoInitializeEx(None, 2)
2026-09-12 10:51:58,077 - INFO - Could not import comtypes.gen, trying to create it.
2026-09-12 10:51:58,077 - INFO - Creating comtypes.gen package failed: [WinError 5] Access is denied: 'C:\\Program Files\\Python314\\Lib\\site-packages\\comtypes\\gen'
2026-09-12 10:51:58,077 - INFO - Created a memory-only package.
2026-09-12 10:51:58,080 - INFO - Using writeable comtypes cache directory: 'C:\Users\EXPRESS\AppData\Roaming\Python\Python314\comtypes_cache'
2026-09-12 10:51:58,086 - DEBUG - GetModule(qedit.dll), resolved: False
2026-09-12 10:51:58,087 - DEBUG - GetModule(TLIBATTR(GUID={78530B68-61F9-11D2-8CAD-00A024580902}, Version=1.0, LCID=0, FLags=0x8))
2026-09-12 10:51:58,114 - DEBUG - Release <POINTER(ITypeLib) ptr=0x236c2e63c00 at 236c799eda0>
2026-09-12 10:51:58,114 - DEBUG - GetModule(quartz.dll), resolved: False
2026-09-12 10:51:58,115 - DEBUG - GetModule(TLIBATTR(GUID={56A868B0-0AD4-11CE-B03A-0020AF0BA770}, Version=1.0, LCID=0, FLags=0x8))
2026-09-12 10:51:58,125 - DEBUG - Release <POINTER(ITypeLib) ptr=0x236c2e649c0 at 236c799eda0>
2026-09-12 10:52:06,720 - INFO - UI load successful
2026-09-12 10:52:17,347 - INFO - Profile : Supervisor
2026-09-12 10:53:24,965 - INFO - Close event ignored.
2026-09-12 10:53:29,174 - INFO - File selected : D:/DLL_Galvo/Merger/Galvo_10092026/MF device 250 micron channel.dxf
2026-09-12 10:53:34,829 - INFO - File selected : D:/EXPRESS/Downloads/MF device 250 micron channel.dxf
2026-09-12 10:53:37,045 - INFO - Parameters saved for D:/EXPRESS/Downloads/MF device 250 micron channel.dxf
2026-09-12 10:53:58,246 - INFO - File selected : D:/EXPRESS/Downloads/72mm Array.dxf
2026-09-12 10:54:00,919 - INFO - Parameters saved for D:/EXPRESS/Downloads/72mm Array.dxf
2026-09-12 10:54:01,337 - DEBUG - Creating ROOT dictionary.
2026-09-12 10:54:01,373 - INFO - creating ACAD_COLOR dictionary
2026-09-12 10:54:01,374 - INFO - creating ACAD_GROUP dictionary
2026-09-12 10:54:01,374 - INFO - creating ACAD_LAYOUT dictionary
2026-09-12 10:54:01,374 - INFO - creating ACAD_MATERIAL dictionary
2026-09-12 10:54:01,375 - INFO - creating ACAD_MLEADERSTYLE dictionary
2026-09-12 10:54:01,375 - INFO - creating ACAD_MLINESTYLE dictionary
2026-09-12 10:54:01,375 - INFO - creating ACAD_PLOTSETTINGS dictionary
2026-09-12 10:54:01,376 - INFO - creating ACAD_PLOTSTYLENAME dictionary
2026-09-12 10:54:01,376 - INFO - creating ACAD_SCALELIST dictionary
2026-09-12 10:54:01,376 - INFO - creating ACAD_TABLESTYLE dictionary
2026-09-12 10:54:01,377 - INFO - creating ACAD_VISUALSTYLE dictionary
2026-09-12 11:13:11,318 - DEBUG - OpenGL_accelerate module loaded
2026-09-12 11:13:11,327 - DEBUG - Using accelerated ArrayDatatype
2026-09-12 11:13:11,568 - DEBUG - CoInitializeEx(None, 2)
2026-09-12 11:13:11,612 - INFO - Could not import comtypes.gen, trying to create it.
2026-09-12 11:13:11,612 - INFO - Creating comtypes.gen package failed: [WinError 5] Access is denied: 'C:\\Program Files\\Python314\\Lib\\site-packages\\comtypes\\gen'
2026-09-12 11:13:11,612 - INFO - Created a memory-only package.
2026-09-12 11:13:11,614 - INFO - Using writeable comtypes cache directory: 'C:\Users\EXPRESS\AppData\Roaming\Python\Python314\comtypes_cache'
2026-09-12 11:13:11,620 - DEBUG - GetModule(qedit.dll), resolved: False
2026-09-12 11:13:11,622 - DEBUG - GetModule(TLIBATTR(GUID={78530B68-61F9-11D2-8CAD-00A024580902}, Version=1.0, LCID=0, FLags=0x8))
2026-09-12 11:13:11,644 - DEBUG - Release <POINTER(ITypeLib) ptr=0x208166d9190 at 2081ae0eda0>
2026-09-12 11:13:11,644 - DEBUG - GetModule(quartz.dll), resolved: False
2026-09-12 11:13:11,645 - DEBUG - GetModule(TLIBATTR(GUID={56A868B0-0AD4-11CE-B03A-0020AF0BA770}, Version=1.0, LCID=0, FLags=0x8))
2026-09-12 11:13:11,655 - DEBUG - Release <POINTER(ITypeLib) ptr=0x208166d78d0 at 2081ae0eda0>
2026-09-12 11:13:20,794 - INFO - UI load successful
2026-09-12 11:13:57,946 - INFO - Profile : Supervisor
2026-09-12 11:14:14,091 - INFO - File selected : D:/DLL_Galvo/Merger/Galvo_10092026/40mm_square.svg
2026-09-12 11:14:16,966 - INFO - Parameters saved for D:/DLL_Galvo/Merger/Galvo_10092026/40mm_square.svg
2026-09-12 11:16:30,566 - INFO - Galvo Laser Shutdown
2026-09-12 11:16:30,566 - CRITICAL - Laser 1 : OFF
2026-09-12 11:16:30,567 - CRITICAL - Laser 2 : OFF
2026-09-12 11:16:30,567 - INFO - Stepper Lasers Shutdown
2026-09-12 11:16:30,567 - INFO - COM connection close successfully
2026-09-12 11:16:30,567 - INFO - Main window close successfully
2026-09-12 11:16:30,567 - INFO - ==================================================
2026-09-12 11:16:30,567 - INFO - New session close at 2026-09-12 11:16
2026-09-12 11:16:30,567 - INFO - ==================================================
2026-09-12 11:16:30,575 - DEBUG - Calling CoUninitialize()
2026-09-12 11:16:30,575 - DEBUG - CoUninitialize() done.
2026-09-12 11:16:39,463 - DEBUG - OpenGL_accelerate module loaded
2026-09-12 11:16:39,474 - DEBUG - Using accelerated ArrayDatatype
2026-09-12 11:16:39,701 - DEBUG - CoInitializeEx(None, 2)
2026-09-12 11:16:39,741 - INFO - Could not import comtypes.gen, trying to create it.
2026-09-12 11:16:39,742 - INFO - Creating comtypes.gen package failed: [WinError 5] Access is denied: 'C:\\Program Files\\Python314\\Lib\\site-packages\\comtypes\\gen'
2026-09-12 11:16:39,742 - INFO - Created a memory-only package.
2026-09-12 11:16:39,744 - INFO - Using writeable comtypes cache directory: 'C:\Users\EXPRESS\AppData\Roaming\Python\Python314\comtypes_cache'
2026-09-12 11:16:39,750 - DEBUG - GetModule(qedit.dll), resolved: False
2026-09-12 11:16:39,751 - DEBUG - GetModule(TLIBATTR(GUID={78530B68-61F9-11D2-8CAD-00A024580902}, Version=1.0, LCID=0, FLags=0x8))
2026-09-12 11:16:39,774 - DEBUG - Release <POINTER(ITypeLib) ptr=0x1ced70c1590 at 1cedba66f30>
2026-09-12 11:16:39,775 - DEBUG - GetModule(quartz.dll), resolved: False
2026-09-12 11:16:39,775 - DEBUG - GetModule(TLIBATTR(GUID={56A868B0-0AD4-11CE-B03A-0020AF0BA770}, Version=1.0, LCID=0, FLags=0x8))
2026-09-12 11:16:39,786 - DEBUG - Release <POINTER(ITypeLib) ptr=0x1ced70c2090 at 1cedba66f30>
2026-09-12 11:16:48,896 - INFO - UI load successful
2026-09-12 11:16:58,781 - INFO - >> DI State Changed! Raw Byte: 254 (Binary: 0b11111110)
2026-09-12 11:16:58,783 - INFO - >> Hardware Trigger: DI1 (Start) Pressed!
2026-09-12 11:16:59,112 - INFO - >> DI State Changed! Raw Byte: 255 (Binary: 0b11111111)
2026-09-12 11:16:59,112 - INFO - >> Hardware Trigger: DI1 (Start) Not Pressed!
2026-09-12 11:16:59,762 - INFO - >> DI State Changed! Raw Byte: 254 (Binary: 0b11111110)
2026-09-12 11:16:59,763 - INFO - >> Hardware Trigger: DI1 (Start) Pressed!
2026-09-12 11:17:00,330 - INFO - >> DI State Changed! Raw Byte: 255 (Binary: 0b11111111)
2026-09-12 11:17:00,330 - INFO - >> Hardware Trigger: DI1 (Start) Not Pressed!
2026-09-12 11:17:00,764 - INFO - >> DI State Changed! Raw Byte: 254 (Binary: 0b11111110)
2026-09-12 11:17:00,765 - INFO - >> Hardware Trigger: DI1 (Start) Pressed!
2026-09-12 11:17:01,199 - INFO - >> DI State Changed! Raw Byte: 255 (Binary: 0b11111111)
2026-09-12 11:17:01,200 - INFO - >> Hardware Trigger: DI1 (Start) Not Pressed!
2026-09-12 11:17:01,299 - INFO - >> DI State Changed! Raw Byte: 254 (Binary: 0b11111110)
2026-09-12 11:17:01,299 - INFO - >> Hardware Trigger: DI1 (Start) Pressed!
2026-09-12 11:17:01,647 - INFO - >> DI State Changed! Raw Byte: 255 (Binary: 0b11111111)
2026-09-12 11:17:01,648 - INFO - >> Hardware Trigger: DI1 (Start) Not Pressed!
2026-09-12 11:17:01,848 - INFO - >> DI State Changed! Raw Byte: 254 (Binary: 0b11111110)
2026-09-12 11:17:01,848 - INFO - >> Hardware Trigger: DI1 (Start) Pressed!
2026-09-12 11:17:01,965 - INFO - >> DI State Changed! Raw Byte: 255 (Binary: 0b11111111)
2026-09-12 11:17:01,966 - INFO - >> Hardware Trigger: DI1 (Start) Not Pressed!
2026-09-12 11:17:02,181 - INFO - >> DI State Changed! Raw Byte: 254 (Binary: 0b11111110)
2026-09-12 11:17:02,182 - INFO - >> Hardware Trigger: DI1 (Start) Pressed!
2026-09-12 11:17:02,515 - INFO - >> DI State Changed! Raw Byte: 255 (Binary: 0b11111111)
2026-09-12 11:17:02,516 - INFO - >> Hardware Trigger: DI1 (Start) Not Pressed!
2026-09-12 11:17:02,732 - INFO - >> DI State Changed! Raw Byte: 254 (Binary: 0b11111110)
2026-09-12 11:17:02,733 - INFO - >> Hardware Trigger: DI1 (Start) Pressed!
2026-09-12 11:17:03,182 - INFO - >> DI State Changed! Raw Byte: 255 (Binary: 0b11111111)
2026-09-12 11:17:03,183 - INFO - >> Hardware Trigger: DI1 (Start) Not Pressed!
2026-09-12 11:17:03,387 - INFO - >> DI State Changed! Raw Byte: 254 (Binary: 0b11111110)
2026-09-12 11:17:03,389 - INFO - >> Hardware Trigger: DI1 (Start) Pressed!
2026-09-12 11:17:03,818 - INFO - >> DI State Changed! Raw Byte: 255 (Binary: 0b11111111)
2026-09-12 11:17:03,820 - INFO - >> Hardware Trigger: DI1 (Start) Not Pressed!
2026-09-12 11:17:04,038 - INFO - >> DI State Changed! Raw Byte: 254 (Binary: 0b11111110)
2026-09-12 11:17:04,040 - INFO - >> Hardware Trigger: DI1 (Start) Pressed!
2026-09-12 11:17:04,269 - INFO - >> DI State Changed! Raw Byte: 255 (Binary: 0b11111111)
2026-09-12 11:17:04,271 - INFO - >> Hardware Trigger: DI1 (Start) Not Pressed!
2026-09-12 11:17:05,255 - INFO - >> DI State Changed! Raw Byte: 253 (Binary: 0b11111101)
2026-09-12 11:17:05,258 - INFO - >> Hardware Trigger: DI2 (Abort) Pressed!
2026-09-12 11:17:05,569 - INFO - >> DI State Changed! Raw Byte: 255 (Binary: 0b11111111)
2026-09-12 11:17:05,570 - INFO - >> Hardware Trigger: DI2 (Abort) Not Pressed!
2026-09-12 11:17:05,787 - INFO - >> DI State Changed! Raw Byte: 253 (Binary: 0b11111101)
2026-09-12 11:17:05,788 - INFO - >> Hardware Trigger: DI2 (Abort) Pressed!
2026-09-12 11:17:06,003 - INFO - >> DI State Changed! Raw Byte: 255 (Binary: 0b11111111)
2026-09-12 11:17:06,004 - INFO - >> Hardware Trigger: DI2 (Abort) Not Pressed!
2026-09-12 11:17:06,238 - INFO - >> DI State Changed! Raw Byte: 253 (Binary: 0b11111101)
2026-09-12 11:17:06,238 - INFO - >> Hardware Trigger: DI2 (Abort) Pressed!
2026-09-12 11:17:06,453 - INFO - >> DI State Changed! Raw Byte: 255 (Binary: 0b11111111)
2026-09-12 11:17:06,454 - INFO - >> Hardware Trigger: DI2 (Abort) Not Pressed!
2026-09-12 11:17:06,672 - INFO - >> DI State Changed! Raw Byte: 253 (Binary: 0b11111101)
2026-09-12 11:17:06,673 - INFO - >> Hardware Trigger: DI2 (Abort) Pressed!
2026-09-12 11:17:07,104 - INFO - >> DI State Changed! Raw Byte: 255 (Binary: 0b11111111)
2026-09-12 11:17:07,105 - INFO - >> Hardware Trigger: DI2 (Abort) Not Pressed!
2026-09-12 11:17:07,322 - INFO - >> DI State Changed! Raw Byte: 253 (Binary: 0b11111101)
2026-09-12 11:17:07,324 - INFO - >> Hardware Trigger: DI2 (Abort) Pressed!
2026-09-12 11:17:08,088 - INFO - >> DI State Changed! Raw Byte: 255 (Binary: 0b11111111)
2026-09-12 11:17:08,089 - INFO - >> Hardware Trigger: DI2 (Abort) Not Pressed!
2026-09-12 11:17:09,405 - INFO - >> DI State Changed! Raw Byte: 254 (Binary: 0b11111110)
2026-09-12 11:17:09,406 - INFO - >> Hardware Trigger: DI1 (Start) Pressed!
2026-09-12 11:17:09,507 - INFO - >> DI State Changed! Raw Byte: 255 (Binary: 0b11111111)
2026-09-12 11:17:09,509 - INFO - >> Hardware Trigger: DI1 (Start) Not Pressed!
2026-09-12 11:17:09,739 - INFO - >> DI State Changed! Raw Byte: 254 (Binary: 0b11111110)
2026-09-12 11:17:09,739 - INFO - >> Hardware Trigger: DI1 (Start) Pressed!
2026-09-12 11:17:10,392 - INFO - >> DI State Changed! Raw Byte: 255 (Binary: 0b11111111)
2026-09-12 11:17:10,413 - INFO - >> Hardware Trigger: DI1 (Start) Not Pressed!
2026-09-12 11:17:10,826 - INFO - >> DI State Changed! Raw Byte: 254 (Binary: 0b11111110)
2026-09-12 11:17:10,827 - INFO - >> Hardware Trigger: DI1 (Start) Pressed!
2026-09-12 11:17:11,143 - INFO - >> DI State Changed! Raw Byte: 255 (Binary: 0b11111111)
2026-09-12 11:17:11,145 - INFO - >> Hardware Trigger: DI1 (Start) Not Pressed!
2026-09-12 11:17:11,361 - INFO - >> DI State Changed! Raw Byte: 254 (Binary: 0b11111110)
2026-09-12 11:17:11,361 - INFO - >> Hardware Trigger: DI1 (Start) Pressed!
2026-09-12 11:17:11,592 - INFO - >> DI State Changed! Raw Byte: 255 (Binary: 0b11111111)
2026-09-12 11:17:11,593 - INFO - >> Hardware Trigger: DI1 (Start) Not Pressed!
2026-09-12 11:17:12,242 - INFO - >> DI State Changed! Raw Byte: 253 (Binary: 0b11111101)
2026-09-12 11:17:12,243 - INFO - >> Hardware Trigger: DI2 (Abort) Pressed!
2026-09-12 11:17:12,575 - INFO - >> DI State Changed! Raw Byte: 255 (Binary: 0b11111111)
2026-09-12 11:17:12,576 - INFO - >> Hardware Trigger: DI2 (Abort) Not Pressed!
2026-09-12 11:18:15,670 - INFO - File selected : D:/DLL_Galvo/Merger/Galvo_10092026/40mm_square.svg
2026-09-12 11:18:17,624 - INFO - Parameters saved for D:/DLL_Galvo/Merger/Galvo_10092026/40mm_square.svg
2026-09-12 11:19:32,730 - INFO - Profile : Supervisor
2026-09-12 11:23:27,202 - INFO - Galvo Laser Shutdown
2026-09-12 11:23:27,202 - CRITICAL - Laser 1 : OFF
2026-09-12 11:23:27,203 - CRITICAL - Laser 2 : OFF
2026-09-12 11:23:27,203 - INFO - Stepper Lasers Shutdown
2026-09-12 11:23:27,203 - INFO - COM connection close successfully
2026-09-12 11:23:27,203 - INFO - Main window close successfully
2026-09-12 11:23:27,203 - INFO - ==================================================
2026-09-12 11:23:27,203 - INFO - New session close at 2026-09-12 11:23
2026-09-12 11:23:27,203 - INFO - ==================================================
2026-09-12 11:23:27,217 - DEBUG - Calling CoUninitialize()
2026-09-12 11:23:27,218 - DEBUG - CoUninitialize() done.
2026-09-12 11:23:35,438 - DEBUG - OpenGL_accelerate module loaded
2026-09-12 11:23:35,447 - DEBUG - Using accelerated ArrayDatatype
2026-09-12 11:23:35,663 - DEBUG - CoInitializeEx(None, 2)
2026-09-12 11:23:35,709 - INFO - Could not import comtypes.gen, trying to create it.
2026-09-12 11:23:35,709 - INFO - Creating comtypes.gen package failed: [WinError 5] Access is denied: 'C:\\Program Files\\Python314\\Lib\\site-packages\\comtypes\\gen'
2026-09-12 11:23:35,709 - INFO - Created a memory-only package.
2026-09-12 11:23:35,712 - INFO - Using writeable comtypes cache directory: 'C:\Users\EXPRESS\AppData\Roaming\Python\Python314\comtypes_cache'
2026-09-12 11:23:35,722 - DEBUG - GetModule(qedit.dll), resolved: False
2026-09-12 11:23:35,723 - DEBUG - GetModule(TLIBATTR(GUID={78530B68-61F9-11D2-8CAD-00A024580902}, Version=1.0, LCID=0, FLags=0x8))
2026-09-12 11:23:35,746 - DEBUG - Release <POINTER(ITypeLib) ptr=0x1d8de96ac80 at 1d8e3282da0>
2026-09-12 11:23:35,746 - DEBUG - GetModule(quartz.dll), resolved: False
2026-09-12 11:23:35,747 - DEBUG - GetModule(TLIBATTR(GUID={56A868B0-0AD4-11CE-B03A-0020AF0BA770}, Version=1.0, LCID=0, FLags=0x8))
2026-09-12 11:23:35,757 - DEBUG - Release <POINTER(ITypeLib) ptr=0x1d8de96b780 at 1d8e3282da0>
2026-09-12 11:23:44,817 - INFO - UI load successful
2026-09-12 11:23:53,910 - INFO - >> DI State Changed! Raw Byte: 253 (Binary: 0b11111101)
2026-09-12 11:23:53,911 - INFO - >> Hardware Trigger: DI2 (Abort) Pressed!
2026-09-12 11:23:57,080 - INFO - >> DI State Changed! Raw Byte: 255 (Binary: 0b11111111)
2026-09-12 11:23:57,081 - INFO - >> Hardware Trigger: DI2 (Abort) Not Pressed!
2026-09-12 11:23:59,381 - INFO - >> DI State Changed! Raw Byte: 253 (Binary: 0b11111101)
2026-09-12 11:23:59,382 - INFO - >> Hardware Trigger: DI2 (Abort) Pressed!
2026-09-12 11:24:00,032 - INFO - >> DI State Changed! Raw Byte: 255 (Binary: 0b11111111)
2026-09-12 11:24:00,032 - INFO - >> Hardware Trigger: DI2 (Abort) Not Pressed!
2026-09-12 11:24:01,152 - INFO - >> DI State Changed! Raw Byte: 253 (Binary: 0b11111101)
2026-09-12 11:24:01,153 - INFO - >> Hardware Trigger: DI2 (Abort) Pressed!
2026-09-12 11:24:02,673 - INFO - >> DI State Changed! Raw Byte: 255 (Binary: 0b11111111)
2026-09-12 11:24:02,675 - INFO - >> Hardware Trigger: DI2 (Abort) Not Pressed!
2026-09-12 11:24:02,789 - INFO - >> DI State Changed! Raw Byte: 253 (Binary: 0b11111101)
2026-09-12 11:24:02,792 - INFO - >> Hardware Trigger: DI2 (Abort) Pressed!
2026-09-12 11:24:04,755 - INFO - >> DI State Changed! Raw Byte: 255 (Binary: 0b11111111)
2026-09-12 11:24:04,757 - INFO - >> Hardware Trigger: DI2 (Abort) Not Pressed!
2026-09-12 11:24:09,693 - INFO - >> DI State Changed! Raw Byte: 253 (Binary: 0b11111101)
2026-09-12 11:24:09,694 - INFO - >> Hardware Trigger: DI2 (Abort) Pressed!
2026-09-12 11:24:13,632 - INFO - >> DI State Changed! Raw Byte: 255 (Binary: 0b11111111)
2026-09-12 11:24:13,633 - INFO - >> Hardware Trigger: DI2 (Abort) Not Pressed!
2026-09-12 11:24:20,956 - INFO - >> DI State Changed! Raw Byte: 254 (Binary: 0b11111110)
2026-09-12 11:24:20,958 - INFO - >> Hardware Trigger: DI1 (Start) Pressed!
2026-09-12 11:24:23,259 - INFO - >> DI State Changed! Raw Byte: 255 (Binary: 0b11111111)
2026-09-12 11:24:23,261 - INFO - >> Hardware Trigger: DI1 (Start) Not Pressed!
2026-09-12 11:24:25,009 - INFO - >> DI State Changed! Raw Byte: 253 (Binary: 0b11111101)
2026-09-12 11:24:25,011 - INFO - >> Hardware Trigger: DI2 (Abort) Pressed!
2026-09-12 11:24:27,195 - INFO - >> DI State Changed! Raw Byte: 255 (Binary: 0b11111111)
2026-09-12 11:24:27,196 - INFO - >> Hardware Trigger: DI2 (Abort) Not Pressed!
2026-09-12 11:24:37,102 - INFO - Galvo Laser Shutdown
2026-09-12 11:24:37,102 - CRITICAL - Laser 1 : OFF
2026-09-12 11:24:37,103 - CRITICAL - Laser 2 : OFF
2026-09-12 11:24:37,103 - INFO - Stepper Lasers Shutdown
2026-09-12 11:24:37,103 - INFO - COM connection close successfully
2026-09-12 11:24:37,103 - INFO - Main window close successfully
2026-09-12 11:24:37,103 - INFO - ==================================================
2026-09-12 11:24:37,103 - INFO - New session close at 2026-09-12 11:24
2026-09-12 11:24:37,103 - INFO - ==================================================
2026-09-12 11:24:37,119 - DEBUG - Calling CoUninitialize()
2026-09-12 11:24:37,119 - DEBUG - CoUninitialize() done.
2026-09-12 11:31:02,418 - DEBUG - OpenGL_accelerate module loaded
2026-09-12 11:31:02,429 - DEBUG - Using accelerated ArrayDatatype
2026-09-12 11:31:02,682 - DEBUG - CoInitializeEx(None, 2)
2026-09-12 11:31:02,732 - INFO - Could not import comtypes.gen, trying to create it.
2026-09-12 11:31:02,732 - INFO - Creating comtypes.gen package failed: [WinError 5] Access is denied: 'C:\\Program Files\\Python314\\Lib\\site-packages\\comtypes\\gen'
2026-09-12 11:31:02,732 - INFO - Created a memory-only package.
2026-09-12 11:31:02,735 - INFO - Using writeable comtypes cache directory: 'C:\Users\EXPRESS\AppData\Roaming\Python\Python314\comtypes_cache'
2026-09-12 11:31:02,742 - DEBUG - GetModule(qedit.dll), resolved: False
2026-09-12 11:31:02,743 - DEBUG - GetModule(TLIBATTR(GUID={78530B68-61F9-11D2-8CAD-00A024580902}, Version=1.0, LCID=0, FLags=0x8))
2026-09-12 11:31:02,770 - DEBUG - Release <POINTER(ITypeLib) ptr=0x17cf31586d0 at 17cf8556da0>
2026-09-12 11:31:02,770 - DEBUG - GetModule(quartz.dll), resolved: False
2026-09-12 11:31:02,771 - DEBUG - GetModule(TLIBATTR(GUID={56A868B0-0AD4-11CE-B03A-0020AF0BA770}, Version=1.0, LCID=0, FLags=0x8))
2026-09-12 11:31:02,783 - DEBUG - Release <POINTER(ITypeLib) ptr=0x17cf3158410 at 17cf8556da0>
2026-09-12 11:31:11,863 - INFO - UI load successful
2026-09-12 11:31:32,904 - INFO - File selected : D:/DLL_Galvo/Merger/Galvo_10092026/80mm_square.svg
2026-09-12 11:31:36,021 - INFO - Parameters saved for D:/DLL_Galvo/Merger/Galvo_10092026/80mm_square.svg
2026-09-12 11:31:47,883 - INFO - >> DI State Changed! Raw Byte: 254 (Binary: 0b11111110)
2026-09-12 11:31:47,884 - INFO - >> Hardware Trigger: DI1 (Start) Pressed!
2026-09-12 11:31:48,200 - INFO - >> DI State Changed! Raw Byte: 255 (Binary: 0b11111111)
2026-09-12 11:31:48,200 - INFO - >> Hardware Trigger: DI1 (Start) Not Pressed!
2026-09-12 11:32:04,265 - INFO - >> DI State Changed! Raw Byte: 253 (Binary: 0b11111101)
2026-09-12 11:32:04,266 - INFO - >> Hardware Trigger: DI2 (Abort) Pressed!
2026-09-12 11:32:04,382 - INFO - >> DI State Changed! Raw Byte: 255 (Binary: 0b11111111)
2026-09-12 11:32:04,382 - INFO - >> Hardware Trigger: DI2 (Abort) Not Pressed!
2026-09-12 11:32:14,459 - INFO - Galvo Laser Shutdown
2026-09-12 11:32:14,459 - CRITICAL - Laser 1 : OFF
2026-09-12 11:32:14,460 - CRITICAL - Laser 2 : OFF
2026-09-12 11:32:14,460 - INFO - Stepper Lasers Shutdown
2026-09-12 11:32:14,460 - INFO - COM connection close successfully
2026-09-12 11:32:14,460 - INFO - Main window close successfully
2026-09-12 11:32:14,460 - INFO - ==================================================
2026-09-12 11:32:14,460 - INFO - New session close at 2026-09-12 11:32
2026-09-12 11:32:14,460 - INFO - ==================================================
2026-09-12 11:32:14,473 - DEBUG - Calling CoUninitialize()
2026-09-12 11:32:14,474 - DEBUG - CoUninitialize() done.
2026-09-12 11:34:25,862 - DEBUG - OpenGL_accelerate module loaded
2026-09-12 11:34:25,873 - DEBUG - Using accelerated ArrayDatatype
2026-09-12 11:34:26,123 - DEBUG - CoInitializeEx(None, 2)
2026-09-12 11:34:26,170 - INFO - Could not import comtypes.gen, trying to create it.
2026-09-12 11:34:26,171 - INFO - Creating comtypes.gen package failed: [WinError 5] Access is denied: 'C:\\Program Files\\Python314\\Lib\\site-packages\\comtypes\\gen'
2026-09-12 11:34:26,171 - INFO - Created a memory-only package.
2026-09-12 11:34:26,174 - INFO - Using writeable comtypes cache directory: 'C:\Users\EXPRESS\AppData\Roaming\Python\Python314\comtypes_cache'
2026-09-12 11:34:26,181 - DEBUG - GetModule(qedit.dll), resolved: False
2026-09-12 11:34:26,182 - DEBUG - GetModule(TLIBATTR(GUID={78530B68-61F9-11D2-8CAD-00A024580902}, Version=1.0, LCID=0, FLags=0x8))
2026-09-12 11:34:26,209 - DEBUG - Release <POINTER(ITypeLib) ptr=0x1a409784e80 at 1a40e15eda0>
2026-09-12 11:34:26,209 - DEBUG - GetModule(quartz.dll), resolved: False
2026-09-12 11:34:26,210 - DEBUG - GetModule(TLIBATTR(GUID={56A868B0-0AD4-11CE-B03A-0020AF0BA770}, Version=1.0, LCID=0, FLags=0x8))
2026-09-12 11:34:26,222 - DEBUG - Release <POINTER(ITypeLib) ptr=0x1a409784e80 at 1a40e15eda0>
2026-09-12 11:34:35,305 - INFO - UI load successful
2026-09-12 11:35:15,005 - INFO - File selected : D:/DLL_Galvo/Merger/Galvo_10092026/40mm_square.svg
2026-09-12 11:35:29,804 - INFO - Parameters saved for D:/DLL_Galvo/Merger/Galvo_10092026/40mm_square.svg
2026-09-12 11:35:44,903 - INFO - >> Hardware Trigger: DI1 (Start) Pressed!
2026-09-12 11:35:45,218 - INFO - >> Hardware Trigger: DI1 (Start) Not Pressed!
2026-09-12 11:36:12,146 - INFO - >> Hardware Trigger: DI1 (Start) Pressed!
2026-09-12 11:36:12,479 - INFO - >> Hardware Trigger: DI1 (Start) Not Pressed!
2026-09-12 11:36:23,423 - INFO - >> Hardware Trigger: DI2 (Abort) Pressed!
2026-09-12 11:36:23,640 - INFO - >> Hardware Trigger: DI2 (Abort) Not Pressed!
2026-09-12 11:37:30,320 - INFO - File selected : D:/DLL_Galvo/Merger/Galvo_10092026/MF device 250 micron channel.dxf
2026-09-12 11:37:32,410 - INFO - Parameters saved for D:/DLL_Galvo/Merger/Galvo_10092026/MF device 250 micron channel.dxf
2026-09-12 11:37:44,272 - INFO - Parameters saved for D:/DLL_Galvo/Merger/Galvo_10092026/MF device 250 micron channel.dxf
2026-09-12 11:38:41,829 - INFO - Galvo Laser Shutdown
2026-09-12 11:38:41,829 - CRITICAL - Laser 1 : OFF
2026-09-12 11:38:41,830 - CRITICAL - Laser 2 : OFF
2026-09-12 11:38:41,830 - INFO - Stepper Lasers Shutdown
2026-09-12 11:38:41,830 - INFO - COM connection close successfully
2026-09-12 11:38:41,830 - INFO - Main window close successfully
2026-09-12 11:38:41,830 - INFO - ==================================================
2026-09-12 11:38:41,830 - INFO - New session close at 2026-09-12 11:38
2026-09-12 11:38:41,830 - INFO - ==================================================
2026-09-12 11:38:41,845 - DEBUG - Calling CoUninitialize()
2026-09-12 11:38:41,845 - DEBUG - CoUninitialize() done.
2026-09-12 11:45:26,035 - DEBUG - OpenGL_accelerate module loaded
2026-09-12 11:45:26,063 - DEBUG - Using accelerated ArrayDatatype
2026-09-12 11:45:26,441 - DEBUG - CoInitializeEx(None, 2)
2026-09-12 11:45:26,538 - INFO - Could not import comtypes.gen, trying to create it.
2026-09-12 11:45:26,538 - INFO - Creating comtypes.gen package failed: [WinError 5] Access is denied: 'C:\\Program Files\\Python314\\Lib\\site-packages\\comtypes\\gen'
2026-09-12 11:45:26,539 - INFO - Created a memory-only package.
2026-09-12 11:45:26,542 - INFO - Using writeable comtypes cache directory: 'C:\Users\EXPRESS\AppData\Roaming\Python\Python314\comtypes_cache'
2026-09-12 11:45:26,552 - DEBUG - GetModule(qedit.dll), resolved: False
2026-09-12 11:45:26,573 - DEBUG - GetModule(TLIBATTR(GUID={78530B68-61F9-11D2-8CAD-00A024580902}, Version=1.0, LCID=0, FLags=0x8))
2026-09-12 11:45:26,618 - DEBUG - Release <POINTER(ITypeLib) ptr=0x156ad322e20 at 156b2b1eda0>
2026-09-12 11:45:26,618 - DEBUG - GetModule(quartz.dll), resolved: False
2026-09-12 11:45:26,620 - DEBUG - GetModule(TLIBATTR(GUID={56A868B0-0AD4-11CE-B03A-0020AF0BA770}, Version=1.0, LCID=0, FLags=0x8))
2026-09-12 11:45:26,631 - DEBUG - Release <POINTER(ITypeLib) ptr=0x156ad322e20 at 156b2b1eda0>
2026-09-12 11:45:35,968 - INFO - UI load successful
2026-09-12 11:45:44,692 - INFO - Profile : Supervisor
2026-09-12 11:45:56,163 - INFO - >> Hardware Trigger: DI1 (Start) Pressed!
2026-09-12 11:45:56,613 - INFO - >> Hardware Trigger: DI1 (Start) Not Pressed!
2026-09-12 11:45:59,565 - INFO - >> Hardware Trigger: DI1 (Start) Pressed!
2026-09-12 11:46:00,786 - INFO - >> Hardware Trigger: DI1 (Start) Not Pressed!
2026-09-12 11:46:07,459 - INFO - >> Hardware Trigger: DI2 (Abort) Pressed!
2026-09-12 11:46:07,774 - INFO - >> Hardware Trigger: DI2 (Abort) Not Pressed!
2026-09-12 11:46:17,379 - INFO - File selected : D:/EXPRESS/Downloads/72mm Array.dxf
2026-09-12 11:46:19,570 - INFO - Parameters saved for D:/EXPRESS/Downloads/72mm Array.dxf
2026-09-12 11:46:19,997 - DEBUG - Creating ROOT dictionary.
2026-09-12 11:46:19,997 - INFO - creating ACAD_COLOR dictionary
2026-09-12 11:46:19,997 - INFO - creating ACAD_GROUP dictionary
2026-09-12 11:46:19,998 - INFO - creating ACAD_LAYOUT dictionary
2026-09-12 11:46:19,998 - INFO - creating ACAD_MATERIAL dictionary
2026-09-12 11:46:19,998 - INFO - creating ACAD_MLEADERSTYLE dictionary
2026-09-12 11:46:19,998 - INFO - creating ACAD_MLINESTYLE dictionary
2026-09-12 11:46:19,998 - INFO - creating ACAD_PLOTSETTINGS dictionary
2026-09-12 11:46:19,998 - INFO - creating ACAD_PLOTSTYLENAME dictionary
2026-09-12 11:46:19,998 - INFO - creating ACAD_SCALELIST dictionary
2026-09-12 11:46:19,998 - INFO - creating ACAD_TABLESTYLE dictionary
2026-09-12 11:46:19,998 - INFO - creating ACAD_VISUALSTYLE dictionary
2026-09-12 11:46:23,548 - DEBUG - Creating ROOT dictionary.
2026-09-12 11:46:23,549 - INFO - creating ACAD_COLOR dictionary
2026-09-12 11:46:23,549 - INFO - creating ACAD_GROUP dictionary
2026-09-12 11:46:23,549 - INFO - creating ACAD_LAYOUT dictionary
2026-09-12 11:46:23,549 - INFO - creating ACAD_MATERIAL dictionary
2026-09-12 11:46:23,549 - INFO - creating ACAD_MLEADERSTYLE dictionary
2026-09-12 11:46:23,549 - INFO - creating ACAD_MLINESTYLE dictionary
2026-09-12 11:46:23,549 - INFO - creating ACAD_PLOTSETTINGS dictionary
2026-09-12 11:46:23,549 - INFO - creating ACAD_PLOTSTYLENAME dictionary
2026-09-12 11:46:23,549 - INFO - creating ACAD_SCALELIST dictionary
2026-09-12 11:46:23,549 - INFO - creating ACAD_TABLESTYLE dictionary
2026-09-12 11:46:23,549 - INFO - creating ACAD_VISUALSTYLE dictionary
2026-09-12 11:46:30,413 - INFO - >> Hardware Trigger: DI1 (Start) Pressed!
2026-09-12 11:46:30,631 - INFO - >> Hardware Trigger: DI1 (Start) Not Pressed!
2026-09-12 11:47:50,627 - INFO - >> Hardware Trigger: DI2 (Abort) Pressed!
2026-09-12 11:47:50,743 - INFO - >> Hardware Trigger: DI2 (Abort) Not Pressed!
2026-09-12 11:52:06,803 - INFO - File selected : D:/EXPRESS/Downloads/nReDT-bird-floral-flying-wall-decor-home-decoration.dxf
2026-09-12 11:52:09,069 - INFO - Parameters saved for D:/EXPRESS/Downloads/nReDT-bird-floral-flying-wall-decor-home-decoration.dxf
2026-09-12 11:52:09,182 - INFO - creating ACAD_COLOR dictionary
2026-09-12 11:52:31,692 - INFO - Parameters saved for D:/EXPRESS/Downloads/nReDT-bird-floral-flying-wall-decor-home-decoration.dxf
2026-09-12 11:52:31,762 - INFO - creating ACAD_COLOR dictionary
2026-09-12 11:52:41,785 - INFO - creating ACAD_COLOR dictionary
2026-09-12 11:53:53,790 - INFO - Galvo Laser Shutdown
2026-09-12 11:53:53,832 - CRITICAL - Laser 1 : OFF
2026-09-12 11:53:53,832 - CRITICAL - Laser 2 : OFF
2026-09-12 11:53:53,832 - INFO - Stepper Lasers Shutdown
2026-09-12 11:53:53,832 - INFO - COM connection close successfully
2026-09-12 11:53:53,832 - INFO - Main window close successfully
2026-09-12 11:53:53,833 - INFO - ==================================================
2026-09-12 11:53:53,833 - INFO - New session close at 2026-09-12 11:53
2026-09-12 11:53:53,833 - INFO - ==================================================
2026-09-12 11:53:53,852 - DEBUG - Calling CoUninitialize()
2026-09-12 11:53:53,852 - DEBUG - CoUninitialize() done.
2026-09-12 11:54:10,331 - DEBUG - OpenGL_accelerate module loaded
2026-09-12 11:54:10,341 - DEBUG - Using accelerated ArrayDatatype
2026-09-12 11:54:10,562 - DEBUG - CoInitializeEx(None, 2)
2026-09-12 11:54:10,603 - INFO - Could not import comtypes.gen, trying to create it.
2026-09-12 11:54:10,603 - INFO - Creating comtypes.gen package failed: [WinError 5] Access is denied: 'C:\\Program Files\\Python314\\Lib\\site-packages\\comtypes\\gen'
2026-09-12 11:54:10,604 - INFO - Created a memory-only package.
2026-09-12 11:54:10,606 - INFO - Using writeable comtypes cache directory: 'C:\Users\EXPRESS\AppData\Roaming\Python\Python314\comtypes_cache'
2026-09-12 11:54:10,612 - DEBUG - GetModule(qedit.dll), resolved: False
2026-09-12 11:54:10,613 - DEBUG - GetModule(TLIBATTR(GUID={78530B68-61F9-11D2-8CAD-00A024580902}, Version=1.0, LCID=0, FLags=0x8))
2026-09-12 11:54:10,636 - DEBUG - Release <POINTER(ITypeLib) ptr=0x1b5f853c680 at 1b5fcc8eda0>
2026-09-12 11:54:10,636 - DEBUG - GetModule(quartz.dll), resolved: False
2026-09-12 11:54:10,637 - DEBUG - GetModule(TLIBATTR(GUID={56A868B0-0AD4-11CE-B03A-0020AF0BA770}, Version=1.0, LCID=0, FLags=0x8))
2026-09-12 11:54:10,646 - DEBUG - Release <POINTER(ITypeLib) ptr=0x1b5f853b8c0 at 1b5fcc8eda0>
2026-09-12 11:54:19,772 - INFO - UI load successful
2026-09-12 11:54:49,115 - INFO - File selected : D:/EXPRESS/Downloads/nReDT-bird-floral-flying-wall-decor-home-decoration.dxf
2026-09-12 11:54:50,964 - INFO - Parameters saved for D:/EXPRESS/Downloads/nReDT-bird-floral-flying-wall-decor-home-decoration.dxf
2026-09-12 11:54:51,040 - INFO - creating ACAD_COLOR dictionary
2026-09-12 11:55:01,054 - INFO - creating ACAD_COLOR dictionary
2026-09-12 11:55:33,556 - INFO - Parameters saved for D:/EXPRESS/Downloads/nReDT-bird-floral-flying-wall-decor-home-decoration.dxf
2026-09-12 11:55:33,625 - INFO - creating ACAD_COLOR dictionary
2026-09-12 11:55:58,730 - INFO - Profile : Supervisor
2026-09-12 11:55:59,047 - WARNING - Failed login attempt for user: Supervisor
2026-09-12 11:56:46,755 - INFO - Parameters saved for D:/EXPRESS/Downloads/nReDT-bird-floral-flying-wall-decor-home-decoration.dxf
2026-09-12 11:56:46,822 - INFO - creating ACAD_COLOR dictionary
2026-09-12 11:56:50,164 - INFO - creating ACAD_COLOR dictionary
2026-09-12 12:04:25,693 - INFO - creating ACAD_COLOR dictionary
2026-09-12 12:07:02,339 - INFO - File selected : D:/EXPRESS/Downloads/nReDT-bird-floral-flying-wall-decor-home-decoration.dxf
2026-09-12 12:07:10,205 - INFO - Parameters saved for D:/EXPRESS/Downloads/nReDT-bird-floral-flying-wall-decor-home-decoration.dxf
2026-09-12 12:07:10,276 - INFO - creating ACAD_COLOR dictionary
2026-09-12 12:07:13,608 - INFO - creating ACAD_COLOR dictionary
2026-09-12 12:07:35,113 - INFO - Parameters saved for D:/EXPRESS/Downloads/nReDT-bird-floral-flying-wall-decor-home-decoration.dxf
2026-09-12 12:07:35,182 - INFO - creating ACAD_COLOR dictionary
2026-09-12 12:08:25,679 - INFO - creating ACAD_COLOR dictionary
2026-09-12 12:08:42,296 - INFO - creating ACAD_COLOR dictionary
2026-09-12 12:09:03,383 - INFO - Galvo Laser Shutdown
2026-09-12 12:09:03,384 - CRITICAL - Laser 1 : OFF
2026-09-12 12:09:03,385 - CRITICAL - Laser 2 : OFF
2026-09-12 12:09:03,385 - INFO - Stepper Lasers Shutdown
2026-09-12 12:09:03,385 - INFO - COM connection close successfully
2026-09-12 12:09:03,385 - INFO - Main window close successfully
2026-09-12 12:09:03,385 - INFO - ==================================================
2026-09-12 12:09:03,385 - INFO - New session close at 2026-09-12 12:09
2026-09-12 12:09:03,385 - INFO - ==================================================
2026-09-12 12:09:03,397 - DEBUG - Calling CoUninitialize()
2026-09-12 12:09:03,397 - DEBUG - CoUninitialize() done.
2026-09-12 12:15:12,636 - DEBUG - OpenGL_accelerate module loaded
2026-09-12 12:15:12,646 - DEBUG - Using accelerated ArrayDatatype
2026-09-12 12:15:12,911 - DEBUG - CoInitializeEx(None, 2)
2026-09-12 12:15:12,955 - INFO - Could not import comtypes.gen, trying to create it.
2026-09-12 12:15:12,955 - INFO - Creating comtypes.gen package failed: [WinError 5] Access is denied: 'C:\\Program Files\\Python314\\Lib\\site-packages\\comtypes\\gen'
2026-09-12 12:15:12,955 - INFO - Created a memory-only package.
2026-09-12 12:15:12,958 - INFO - Using writeable comtypes cache directory: 'C:\Users\EXPRESS\AppData\Roaming\Python\Python314\comtypes_cache'
2026-09-12 12:15:12,964 - DEBUG - GetModule(qedit.dll), resolved: False
2026-09-12 12:15:12,965 - DEBUG - GetModule(TLIBATTR(GUID={78530B68-61F9-11D2-8CAD-00A024580902}, Version=1.0, LCID=0, FLags=0x8))
2026-09-12 12:15:12,989 - DEBUG - Release <POINTER(ITypeLib) ptr=0x22f5ed2cf00 at 22f60162da0>
2026-09-12 12:15:12,989 - DEBUG - GetModule(quartz.dll), resolved: False
2026-09-12 12:15:12,990 - DEBUG - GetModule(TLIBATTR(GUID={56A868B0-0AD4-11CE-B03A-0020AF0BA770}, Version=1.0, LCID=0, FLags=0x8))
2026-09-12 12:15:13,000 - DEBUG - Release <POINTER(ITypeLib) ptr=0x22f5ed2e500 at 22f60162da0>
2026-09-12 12:15:22,098 - INFO - UI load successful
2026-09-12 12:15:42,806 - INFO - File selected : D:/EXPRESS/Downloads/nReDT-bird-floral-flying-wall-decor-home-decoration.dxf
2026-09-12 12:15:46,885 - INFO - Parameters saved for D:/EXPRESS/Downloads/nReDT-bird-floral-flying-wall-decor-home-decoration.dxf
2026-09-12 12:15:46,956 - INFO - creating ACAD_COLOR dictionary
2026-09-12 12:15:58,612 - INFO - creating ACAD_COLOR dictionary
2026-09-12 12:18:03,086 - INFO - Profile : Supervisor
2026-09-12 12:32:31,506 - INFO - Galvo Laser Shutdown
2026-09-12 12:32:31,507 - CRITICAL - Laser 1 : OFF
2026-09-12 12:32:31,508 - CRITICAL - Laser 2 : OFF
2026-09-12 12:32:31,508 - INFO - Stepper Lasers Shutdown
2026-09-12 12:32:31,508 - INFO - COM connection close successfully
2026-09-12 12:32:31,508 - INFO - Main window close successfully
2026-09-12 12:32:31,508 - INFO - ==================================================
2026-09-12 12:32:31,508 - INFO - New session close at 2026-09-12 12:32
2026-09-12 12:32:31,508 - INFO - ==================================================
2026-09-12 12:32:31,517 - DEBUG - Calling CoUninitialize()
2026-09-12 12:32:31,517 - DEBUG - CoUninitialize() done.
2026-09-12 12:32:52,365 - DEBUG - OpenGL_accelerate module loaded
2026-09-12 12:32:52,450 - DEBUG - Using accelerated ArrayDatatype
2026-09-12 12:32:53,463 - DEBUG - CoInitializeEx(None, 2)
2026-09-12 12:32:53,674 - INFO - Could not import comtypes.gen, trying to create it.
2026-09-12 12:32:53,674 - INFO - Creating comtypes.gen package failed: [WinError 5] Access is denied: 'C:\\Program Files\\Python314\\Lib\\site-packages\\comtypes\\gen'
2026-09-12 12:32:53,674 - INFO - Created a memory-only package.
2026-09-12 12:32:53,676 - INFO - Using writeable comtypes cache directory: 'C:\Users\EXPRESS\AppData\Roaming\Python\Python314\comtypes_cache'
2026-09-12 12:32:53,698 - DEBUG - GetModule(qedit.dll), resolved: False
2026-09-12 12:32:53,699 - DEBUG - GetModule(TLIBATTR(GUID={78530B68-61F9-11D2-8CAD-00A024580902}, Version=1.0, LCID=0, FLags=0x8))
2026-09-12 12:32:53,731 - DEBUG - Release <POINTER(ITypeLib) ptr=0x2e396247a40 at 2e3976aaf30>
2026-09-12 12:32:53,731 - DEBUG - GetModule(quartz.dll), resolved: False
2026-09-12 12:32:53,732 - DEBUG - GetModule(TLIBATTR(GUID={56A868B0-0AD4-11CE-B03A-0020AF0BA770}, Version=1.0, LCID=0, FLags=0x8))
2026-09-12 12:32:53,749 - DEBUG - Release <POINTER(ITypeLib) ptr=0x2e396246440 at 2e3976aaf30>
2026-09-12 12:33:03,228 - INFO - UI load successful
2026-09-12 12:33:34,483 - WARNING - Failed login attempt for user: Supervisor
2026-09-12 12:33:41,624 - INFO - Profile : Supervisor
2026-09-12 12:39:02,280 - INFO - Galvo Laser Shutdown
2026-09-12 12:39:02,281 - CRITICAL - Laser 1 : OFF
2026-09-12 12:39:02,281 - CRITICAL - Laser 2 : OFF
2026-09-12 12:39:02,281 - INFO - Stepper Lasers Shutdown
2026-09-12 12:39:02,281 - INFO - COM connection close successfully
2026-09-12 12:39:02,281 - INFO - Main window close successfully
2026-09-12 12:39:02,282 - INFO - ==================================================
2026-09-12 12:39:02,282 - INFO - New session close at 2026-09-12 12:39
2026-09-12 12:39:02,282 - INFO - ==================================================
2026-09-12 12:39:02,290 - DEBUG - Calling CoUninitialize()
2026-09-12 12:39:02,290 - DEBUG - CoUninitialize() done.
2026-09-12 12:42:48,258 - DEBUG - OpenGL_accelerate module loaded
2026-09-12 12:42:48,267 - DEBUG - Using accelerated ArrayDatatype
2026-09-12 12:42:48,483 - DEBUG - CoInitializeEx(None, 2)
2026-09-12 12:42:48,533 - INFO - Could not import comtypes.gen, trying to create it.
2026-09-12 12:42:48,533 - INFO - Creating comtypes.gen package failed: [WinError 5] Access is denied: 'C:\\Program Files\\Python314\\Lib\\site-packages\\comtypes\\gen'
2026-09-12 12:42:48,533 - INFO - Created a memory-only package.
2026-09-12 12:42:48,536 - INFO - Using writeable comtypes cache directory: 'C:\Users\EXPRESS\AppData\Roaming\Python\Python314\comtypes_cache'
2026-09-12 12:42:48,542 - DEBUG - GetModule(qedit.dll), resolved: False
2026-09-12 12:42:48,544 - DEBUG - GetModule(TLIBATTR(GUID={78530B68-61F9-11D2-8CAD-00A024580902}, Version=1.0, LCID=0, FLags=0x8))
2026-09-12 12:42:48,567 - DEBUG - Release <POINTER(ITypeLib) ptr=0x21637e237e0 at 2163c3e2da0>
2026-09-12 12:42:48,567 - DEBUG - GetModule(quartz.dll), resolved: False
2026-09-12 12:42:48,568 - DEBUG - GetModule(TLIBATTR(GUID={56A868B0-0AD4-11CE-B03A-0020AF0BA770}, Version=1.0, LCID=0, FLags=0x8))
2026-09-12 12:42:48,580 - DEBUG - Release <POINTER(ITypeLib) ptr=0x21637e242e0 at 2163c3e2da0>
2026-09-12 12:42:57,637 - INFO - UI load successful
2026-09-12 12:43:22,537 - INFO - Profile : Supervisor
2026-09-12 12:47:47,938 - INFO - Galvo Laser Shutdown
2026-09-12 12:47:47,940 - CRITICAL - Laser 1 : OFF
2026-09-12 12:47:47,940 - CRITICAL - Laser 2 : OFF
2026-09-12 12:47:47,940 - INFO - Stepper Lasers Shutdown
2026-09-12 12:47:47,940 - INFO - COM connection close successfully
2026-09-12 12:47:47,940 - INFO - Main window close successfully
2026-09-12 12:47:47,940 - INFO - ==================================================
2026-09-12 12:47:47,940 - INFO - New session close at 2026-09-12 12:47
2026-09-12 12:47:47,940 - INFO - ==================================================
2026-09-12 12:47:47,956 - DEBUG - Calling CoUninitialize()
2026-09-12 12:47:47,956 - DEBUG - CoUninitialize() done.
2026-09-12 12:48:04,822 - DEBUG - OpenGL_accelerate module loaded
2026-09-12 12:48:04,831 - DEBUG - Using accelerated ArrayDatatype
2026-09-12 12:48:05,045 - DEBUG - CoInitializeEx(None, 2)
2026-09-12 12:48:05,087 - INFO - Could not import comtypes.gen, trying to create it.
2026-09-12 12:48:05,087 - INFO - Creating comtypes.gen package failed: [WinError 5] Access is denied: 'C:\\Program Files\\Python314\\Lib\\site-packages\\comtypes\\gen'
2026-09-12 12:48:05,087 - INFO - Created a memory-only package.
2026-09-12 12:48:05,090 - INFO - Using writeable comtypes cache directory: 'C:\Users\EXPRESS\AppData\Roaming\Python\Python314\comtypes_cache'
2026-09-12 12:48:05,096 - DEBUG - GetModule(qedit.dll), resolved: False
2026-09-12 12:48:05,097 - DEBUG - GetModule(TLIBATTR(GUID={78530B68-61F9-11D2-8CAD-00A024580902}, Version=1.0, LCID=0, FLags=0x8))
2026-09-12 12:48:05,119 - DEBUG - Release <POINTER(ITypeLib) ptr=0x23be67e9920 at 23beb1d2da0>
2026-09-12 12:48:05,119 - DEBUG - GetModule(quartz.dll), resolved: False
2026-09-12 12:48:05,120 - DEBUG - GetModule(TLIBATTR(GUID={56A868B0-0AD4-11CE-B03A-0020AF0BA770}, Version=1.0, LCID=0, FLags=0x8))
2026-09-12 12:48:05,129 - DEBUG - Release <POINTER(ITypeLib) ptr=0x23be67e9be0 at 23beb1d2da0>
2026-09-12 12:48:14,181 - INFO - UI load successful
2026-09-12 12:48:21,786 - INFO - Profile : Supervisor
2026-09-12 12:53:22,910 - DEBUG - OpenGL_accelerate module loaded
2026-09-12 12:53:22,920 - DEBUG - Using accelerated ArrayDatatype
2026-09-12 12:53:23,155 - DEBUG - CoInitializeEx(None, 2)
2026-09-12 12:53:23,202 - INFO - Could not import comtypes.gen, trying to create it.
2026-09-12 12:53:23,202 - INFO - Creating comtypes.gen package failed: [WinError 5] Access is denied: 'C:\\Program Files\\Python314\\Lib\\site-packages\\comtypes\\gen'
2026-09-12 12:53:23,202 - INFO - Created a memory-only package.
2026-09-12 12:53:23,205 - INFO - Using writeable comtypes cache directory: 'C:\Users\EXPRESS\AppData\Roaming\Python\Python314\comtypes_cache'
2026-09-12 12:53:23,212 - DEBUG - GetModule(qedit.dll), resolved: False
2026-09-12 12:53:23,214 - DEBUG - GetModule(TLIBATTR(GUID={78530B68-61F9-11D2-8CAD-00A024580902}, Version=1.0, LCID=0, FLags=0x8))
2026-09-12 12:53:23,243 - DEBUG - Release <POINTER(ITypeLib) ptr=0x193b35dc6d0 at 193b80feda0>
2026-09-12 12:53:23,243 - DEBUG - GetModule(quartz.dll), resolved: False
2026-09-12 12:53:23,244 - DEBUG - GetModule(TLIBATTR(GUID={56A868B0-0AD4-11CE-B03A-0020AF0BA770}, Version=1.0, LCID=0, FLags=0x8))
2026-09-12 12:53:23,255 - DEBUG - Release <POINTER(ITypeLib) ptr=0x193b35ded50 at 193b80feda0>
2026-09-12 12:53:32,417 - INFO - UI load successful
2026-09-12 12:54:22,799 - DEBUG - OpenGL_accelerate module loaded
2026-09-12 12:54:22,809 - DEBUG - Using accelerated ArrayDatatype
2026-09-12 12:54:23,028 - DEBUG - CoInitializeEx(None, 2)
2026-09-12 12:54:23,068 - INFO - Could not import comtypes.gen, trying to create it.
2026-09-12 12:54:23,069 - INFO - Creating comtypes.gen package failed: [WinError 5] Access is denied: 'C:\\Program Files\\Python314\\Lib\\site-packages\\comtypes\\gen'
2026-09-12 12:54:23,069 - INFO - Created a memory-only package.
2026-09-12 12:54:23,071 - INFO - Using writeable comtypes cache directory: 'C:\Users\EXPRESS\AppData\Roaming\Python\Python314\comtypes_cache'
2026-09-12 12:54:23,078 - DEBUG - GetModule(qedit.dll), resolved: False
2026-09-12 12:54:23,079 - DEBUG - GetModule(TLIBATTR(GUID={78530B68-61F9-11D2-8CAD-00A024580902}, Version=1.0, LCID=0, FLags=0x8))
2026-09-12 12:54:23,101 - DEBUG - Release <POINTER(ITypeLib) ptr=0x1e566e8bd10 at 1e56bf22da0>
2026-09-12 12:54:23,102 - DEBUG - GetModule(quartz.dll), resolved: False
2026-09-12 12:54:23,102 - DEBUG - GetModule(TLIBATTR(GUID={56A868B0-0AD4-11CE-B03A-0020AF0BA770}, Version=1.0, LCID=0, FLags=0x8))
2026-09-12 12:54:23,112 - DEBUG - Release <POINTER(ITypeLib) ptr=0x1e566e8bd10 at 1e56bf22da0>
2026-09-12 12:54:31,742 - INFO - UI load successful
2026-09-12 12:54:47,421 - INFO - File selected : D:/EXPRESS/Downloads/uwPfi-cool-women-face-decorative-art-design.dxf
2026-09-12 12:55:05,958 - INFO - Parameters saved for D:/EXPRESS/Downloads/uwPfi-cool-women-face-decorative-art-design.dxf
2026-09-12 12:55:06,189 - INFO - creating ACAD_COLOR dictionary
2026-09-12 12:55:17,864 - INFO - creating ACAD_COLOR dictionary
2026-09-12 12:55:29,448 - INFO - >> Hardware Trigger: DI1 (Start) Pressed!
2026-09-12 12:55:29,681 - INFO - >> Hardware Trigger: DI1 (Start) Not Pressed!
2026-09-12 12:56:20,498 - INFO - creating ACAD_COLOR dictionary
2026-09-12 12:56:36,367 - INFO - Parameters saved for D:/EXPRESS/Downloads/uwPfi-cool-women-face-decorative-art-design.dxf
2026-09-12 12:56:36,626 - INFO - creating ACAD_COLOR dictionary
2026-09-12 12:56:38,587 - INFO - creating ACAD_COLOR dictionary
2026-09-12 12:58:17,348 - INFO - creating ACAD_COLOR dictionary
2026-09-12 12:58:29,677 - INFO - >> Hardware Trigger: DI1 (Start) Pressed!
2026-09-12 12:58:29,894 - INFO - >> Hardware Trigger: DI1 (Start) Not Pressed!
2026-09-12 12:59:06,681 - INFO - >> Hardware Trigger: DI1 (Start) Pressed!
2026-09-12 12:59:06,781 - INFO - >> Hardware Trigger: DI1 (Start) Not Pressed!
2026-09-12 12:59:41,415 - INFO - >> Hardware Trigger: DI1 (Start) Pressed!
2026-09-12 12:59:41,632 - INFO - >> Hardware Trigger: DI1 (Start) Not Pressed!
2026-09-12 13:00:26,254 - INFO - File selected : D:/EXPRESS/Downloads/EtGy9-harley-davidson-motor-wings-eagle-multilayer-logo.dxf
2026-09-12 13:00:28,499 - INFO - Parameters saved for D:/EXPRESS/Downloads/EtGy9-harley-davidson-motor-wings-eagle-multilayer-logo.dxf
2026-09-12 13:00:28,608 - INFO - creating ACAD_COLOR dictionary
2026-09-12 13:01:27,055 - INFO - File selected : D:/EXPRESS/Downloads/L28YO-tree-of-life-wall-spiritual-art.dxf
2026-09-12 13:01:28,492 - INFO - Parameters saved for D:/EXPRESS/Downloads/L28YO-tree-of-life-wall-spiritual-art.dxf
2026-09-12 13:01:28,620 - INFO - creating ACAD_COLOR dictionary
2026-09-12 13:09:04,441 - DEBUG - OpenGL_accelerate module loaded
2026-09-12 13:09:04,452 - DEBUG - Using accelerated ArrayDatatype
2026-09-12 13:09:04,695 - DEBUG - CoInitializeEx(None, 2)
2026-09-12 13:09:04,740 - INFO - Could not import comtypes.gen, trying to create it.
2026-09-12 13:09:04,741 - INFO - Creating comtypes.gen package failed: [WinError 5] Access is denied: 'C:\\Program Files\\Python314\\Lib\\site-packages\\comtypes\\gen'
2026-09-12 13:09:04,741 - INFO - Created a memory-only package.
2026-09-12 13:09:04,743 - INFO - Using writeable comtypes cache directory: 'C:\Users\EXPRESS\AppData\Roaming\Python\Python314\comtypes_cache'
2026-09-12 13:09:04,751 - DEBUG - GetModule(qedit.dll), resolved: False
2026-09-12 13:09:04,753 - DEBUG - GetModule(TLIBATTR(GUID={78530B68-61F9-11D2-8CAD-00A024580902}, Version=1.0, LCID=0, FLags=0x8))
2026-09-12 13:09:04,777 - DEBUG - Release <POINTER(ITypeLib) ptr=0x124cd87c2e0 at 124d2252da0>
2026-09-12 13:09:04,777 - DEBUG - GetModule(quartz.dll), resolved: False
2026-09-12 13:09:04,778 - DEBUG - GetModule(TLIBATTR(GUID={56A868B0-0AD4-11CE-B03A-0020AF0BA770}, Version=1.0, LCID=0, FLags=0x8))
2026-09-12 13:09:04,789 - DEBUG - Release <POINTER(ITypeLib) ptr=0x124cd87c860 at 124d2252da0>
2026-09-12 13:09:13,936 - INFO - UI load successful
2026-09-12 13:09:25,353 - INFO - File selected : D:/EXPRESS/Downloads/uwPfi-cool-women-face-decorative-art-design.dxf
2026-09-12 13:09:27,302 - INFO - Parameters saved for D:/EXPRESS/Downloads/uwPfi-cool-women-face-decorative-art-design.dxf
2026-09-12 13:09:27,494 - INFO - creating ACAD_COLOR dictionary
2026-09-12 13:09:30,229 - INFO - creating ACAD_COLOR dictionary
2026-09-12 13:10:14,281 - INFO - >> Hardware Trigger: DI2 (Abort) Pressed!
2026-09-12 13:10:14,514 - INFO - >> Hardware Trigger: DI2 (Abort) Not Pressed!
2026-09-12 13:10:34,485 - INFO - Galvo Laser Shutdown
2026-09-12 13:10:34,525 - CRITICAL - Laser 1 : OFF
2026-09-12 13:10:34,526 - CRITICAL - Laser 2 : OFF
2026-09-12 13:10:34,526 - INFO - Stepper Lasers Shutdown
2026-09-12 13:10:34,526 - INFO - COM connection close successfully
2026-09-12 13:10:34,526 - INFO - Main window close successfully
2026-09-12 13:10:34,526 - INFO - ==================================================
2026-09-12 13:10:34,526 - INFO - New session close at 2026-09-12 13:10
2026-09-12 13:10:34,526 - INFO - ==================================================
2026-09-12 13:10:34,539 - DEBUG - Calling CoUninitialize()
2026-09-12 13:10:34,540 - DEBUG - CoUninitialize() done.
2026-09-12 15:15:36,756 - DEBUG - OpenGL_accelerate module loaded
2026-09-12 15:15:36,777 - DEBUG - Using accelerated ArrayDatatype
2026-09-12 15:15:37,250 - DEBUG - CoInitializeEx(None, 2)
2026-09-12 15:15:37,313 - INFO - Could not import comtypes.gen, trying to create it.
2026-09-12 15:15:37,314 - INFO - Creating comtypes.gen package failed: [WinError 5] Access is denied: 'C:\\Program Files\\Python314\\Lib\\site-packages\\comtypes\\gen'
2026-09-12 15:15:37,314 - INFO - Created a memory-only package.
2026-09-12 15:15:37,317 - INFO - Using writeable comtypes cache directory: 'C:\Users\EXPRESS\AppData\Roaming\Python\Python314\comtypes_cache'
2026-09-12 15:15:37,326 - DEBUG - GetModule(qedit.dll), resolved: False
2026-09-12 15:15:37,333 - DEBUG - GetModule(TLIBATTR(GUID={78530B68-61F9-11D2-8CAD-00A024580902}, Version=1.0, LCID=0, FLags=0x8))
2026-09-12 15:15:37,371 - DEBUG - Release <POINTER(ITypeLib) ptr=0x1b306aeabe0 at 1b30b282da0>
2026-09-12 15:15:37,371 - DEBUG - GetModule(quartz.dll), resolved: False
2026-09-12 15:15:37,373 - DEBUG - GetModule(TLIBATTR(GUID={56A868B0-0AD4-11CE-B03A-0020AF0BA770}, Version=1.0, LCID=0, FLags=0x8))
2026-09-12 15:15:37,385 - DEBUG - Release <POINTER(ITypeLib) ptr=0x1b306aeabe0 at 1b30b282da0>
2026-09-12 15:15:38,245 - INFO - UI load successful
2026-09-12 15:16:01,002 - INFO - Close event ignored.
2026-09-12 15:16:09,730 - CRITICAL - Laser 1 : OFF
2026-09-12 15:16:09,730 - CRITICAL - Laser 2 : OFF
2026-09-12 15:16:09,730 - INFO - Stepper Lasers Shutdown
2026-09-12 15:16:09,730 - INFO - COM connection close successfully
2026-09-12 15:16:09,730 - INFO - Main window close successfully
2026-09-12 15:16:09,730 - INFO - ==================================================
2026-09-12 15:16:09,730 - INFO - New session close at 2026-09-12 15:16
2026-09-12 15:16:09,730 - INFO - ==================================================
2026-09-12 15:16:09,756 - DEBUG - Calling CoUninitialize()
2026-09-12 15:16:09,756 - DEBUG - CoUninitialize() done.
2026-09-12 15:16:13,853 - DEBUG - OpenGL_accelerate module loaded
2026-09-12 15:16:13,863 - DEBUG - Using accelerated ArrayDatatype
2026-09-12 15:16:14,117 - DEBUG - CoInitializeEx(None, 2)
2026-09-12 15:16:14,160 - INFO - Could not import comtypes.gen, trying to create it.
2026-09-12 15:16:14,161 - INFO - Creating comtypes.gen package failed: [WinError 5] Access is denied: 'C:\\Program Files\\Python314\\Lib\\site-packages\\comtypes\\gen'
2026-09-12 15:16:14,161 - INFO - Created a memory-only package.
2026-09-12 15:16:14,164 - INFO - Using writeable comtypes cache directory: 'C:\Users\EXPRESS\AppData\Roaming\Python\Python314\comtypes_cache'
2026-09-12 15:16:14,171 - DEBUG - GetModule(qedit.dll), resolved: False
2026-09-12 15:16:14,173 - DEBUG - GetModule(TLIBATTR(GUID={78530B68-61F9-11D2-8CAD-00A024580902}, Version=1.0, LCID=0, FLags=0x8))
2026-09-12 15:16:14,197 - DEBUG - Release <POINTER(ITypeLib) ptr=0x1a7dfd7d070 at 1a7e1222da0>
2026-09-12 15:16:14,197 - DEBUG - GetModule(quartz.dll), resolved: False
2026-09-12 15:16:14,198 - DEBUG - GetModule(TLIBATTR(GUID={56A868B0-0AD4-11CE-B03A-0020AF0BA770}, Version=1.0, LCID=0, FLags=0x8))
2026-09-12 15:16:14,209 - DEBUG - Release <POINTER(ITypeLib) ptr=0x1a7dfd7b7b0 at 1a7e1222da0>
2026-09-12 15:16:14,586 - INFO - UI load successful
2026-09-12 15:16:29,032 - DEBUG - OpenGL_accelerate module loaded
2026-09-12 15:16:29,049 - DEBUG - Using accelerated ArrayDatatype
2026-09-12 15:16:29,434 - DEBUG - CoInitializeEx(None, 2)
2026-09-12 15:16:29,506 - INFO - Could not import comtypes.gen, trying to create it.
2026-09-12 15:16:29,506 - INFO - Creating comtypes.gen package failed: [WinError 5] Access is denied: 'C:\\Program Files\\Python314\\Lib\\site-packages\\comtypes\\gen'
2026-09-12 15:16:29,506 - INFO - Created a memory-only package.
2026-09-12 15:16:29,510 - INFO - Using writeable comtypes cache directory: 'C:\Users\EXPRESS\AppData\Roaming\Python\Python314\comtypes_cache'
2026-09-12 15:16:29,518 - DEBUG - GetModule(qedit.dll), resolved: False
2026-09-12 15:16:29,520 - DEBUG - GetModule(TLIBATTR(GUID={78530B68-61F9-11D2-8CAD-00A024580902}, Version=1.0, LCID=0, FLags=0x8))
2026-09-12 15:16:29,562 - DEBUG - Release <POINTER(ITypeLib) ptr=0x275274a4420 at 2752c092da0>
2026-09-12 15:16:29,563 - DEBUG - GetModule(quartz.dll), resolved: False
2026-09-12 15:16:29,564 - DEBUG - GetModule(TLIBATTR(GUID={56A868B0-0AD4-11CE-B03A-0020AF0BA770}, Version=1.0, LCID=0, FLags=0x8))
2026-09-12 15:16:29,595 - DEBUG - Release <POINTER(ITypeLib) ptr=0x275274a6d60 at 2752c092da0>
2026-09-12 15:16:39,299 - INFO - UI load successful
2026-09-12 15:17:07,453 - INFO - Close event ignored.
2026-09-12 15:17:36,224 - INFO - File selected : D:/EXPRESS/Downloads/shiva-trishul-vector-art-icons-260nw-2495622795.dxf
2026-09-12 15:17:47,121 - INFO - Parameters saved for D:/EXPRESS/Downloads/shiva-trishul-vector-art-icons-260nw-2495622795.dxf
2026-09-12 15:17:47,153 - INFO - DXF version upgrade to DXF R12.
2026-09-12 15:17:47,156 - DEBUG - Creating ROOT dictionary.
2026-09-12 15:17:47,157 - INFO - creating ACAD_COLOR dictionary
2026-09-12 15:17:47,157 - INFO - creating ACAD_GROUP dictionary
2026-09-12 15:17:47,157 - INFO - creating ACAD_LAYOUT dictionary
2026-09-12 15:17:47,157 - INFO - creating ACAD_MATERIAL dictionary
2026-09-12 15:17:47,157 - INFO - creating ACAD_MLEADERSTYLE dictionary
2026-09-12 15:17:47,157 - INFO - creating ACAD_MLINESTYLE dictionary
2026-09-12 15:17:47,157 - INFO - creating ACAD_PLOTSETTINGS dictionary
2026-09-12 15:17:47,157 - INFO - creating ACAD_PLOTSTYLENAME dictionary
2026-09-12 15:17:47,157 - INFO - creating ACAD_SCALELIST dictionary
2026-09-12 15:17:47,158 - INFO - creating ACAD_TABLESTYLE dictionary
2026-09-12 15:17:47,158 - INFO - creating ACAD_VISUALSTYLE dictionary
2026-09-12 15:17:59,501 - INFO - File selected : D:/EXPRESS/Downloads/uwPfi-cool-women-face-decorative-art-design.dxf
2026-09-12 15:18:03,128 - INFO - Parameters saved for D:/EXPRESS/Downloads/uwPfi-cool-women-face-decorative-art-design.dxf
2026-09-12 15:18:03,356 - INFO - creating ACAD_COLOR dictionary
2026-09-12 15:18:20,634 - INFO - creating ACAD_COLOR dictionary
2026-09-12 15:20:16,691 - INFO - Profile : Supervisor
2026-09-12 15:20:16,941 - WARNING - Failed login attempt for user: Supervisor
2026-09-12 15:35:13,207 - INFO - Galvo Laser Shutdown
2026-09-12 15:35:13,239 - CRITICAL - Laser 1 : OFF
2026-09-12 15:35:13,241 - CRITICAL - Laser 2 : OFF
2026-09-12 15:35:13,241 - INFO - Stepper Lasers Shutdown
2026-09-12 15:35:13,242 - INFO - COM connection close successfully
2026-09-12 15:35:13,242 - INFO - Main window close successfully
2026-09-12 15:35:13,244 - INFO - ==================================================
2026-09-12 15:35:13,244 - INFO - New session close at 2026-09-12 15:35
2026-09-12 15:35:13,245 - INFO - ==================================================
2026-09-12 15:35:13,334 - DEBUG - Calling CoUninitialize()
2026-09-12 15:35:13,339 - DEBUG - CoUninitialize() done.
2026-09-12 15:35:22,628 - DEBUG - OpenGL_accelerate module loaded
2026-09-12 15:35:22,659 - DEBUG - Using accelerated ArrayDatatype
2026-09-12 15:35:23,220 - DEBUG - CoInitializeEx(None, 2)
2026-09-12 15:35:23,356 - INFO - Could not import comtypes.gen, trying to create it.
2026-09-12 15:35:23,356 - INFO - Creating comtypes.gen package failed: [WinError 5] Access is denied: 'C:\\Program Files\\Python314\\Lib\\site-packages\\comtypes\\gen'
2026-09-12 15:35:23,356 - INFO - Created a memory-only package.
2026-09-12 15:35:23,360 - INFO - Using writeable comtypes cache directory: 'C:\Users\EXPRESS\AppData\Roaming\Python\Python314\comtypes_cache'
2026-09-12 15:35:23,377 - DEBUG - GetModule(qedit.dll), resolved: False
2026-09-12 15:35:23,398 - DEBUG - GetModule(TLIBATTR(GUID={78530B68-61F9-11D2-8CAD-00A024580902}, Version=1.0, LCID=0, FLags=0x8))
2026-09-12 15:35:23,438 - DEBUG - Release <POINTER(ITypeLib) ptr=0x1c069934bc0 at 1c06e78ef30>
2026-09-12 15:35:23,439 - DEBUG - GetModule(quartz.dll), resolved: False
2026-09-12 15:35:23,441 - DEBUG - GetModule(TLIBATTR(GUID={56A868B0-0AD4-11CE-B03A-0020AF0BA770}, Version=1.0, LCID=0, FLags=0x8))
2026-09-12 15:35:23,452 - DEBUG - Release <POINTER(ITypeLib) ptr=0x1c069932ac0 at 1c06e78ef30>
2026-09-12 15:35:33,078 - INFO - UI load successful
2026-09-12 15:35:46,019 - INFO - Profile : Supervisor
2026-09-12 15:37:54,134 - INFO - Galvo Laser Shutdown
2026-09-12 15:37:54,135 - CRITICAL - Laser 1 : OFF
2026-09-12 15:37:54,135 - CRITICAL - Laser 2 : OFF
2026-09-12 15:37:54,135 - INFO - Stepper Lasers Shutdown
2026-09-12 15:37:54,135 - INFO - COM connection close successfully
2026-09-12 15:37:54,176 - INFO - Main window close successfully
2026-09-12 15:37:54,176 - INFO - ==================================================
2026-09-12 15:37:54,176 - INFO - New session close at 2026-09-12 15:37
2026-09-12 15:37:54,176 - INFO - ==================================================
2026-09-12 15:37:54,196 - DEBUG - Calling CoUninitialize()
2026-09-12 15:37:54,196 - DEBUG - CoUninitialize() done.
2026-09-12 15:40:54,059 - DEBUG - OpenGL_accelerate module loaded
2026-09-12 15:40:54,070 - DEBUG - Using accelerated ArrayDatatype
2026-09-12 15:40:54,308 - DEBUG - CoInitializeEx(None, 2)
2026-09-12 15:40:54,357 - INFO - Could not import comtypes.gen, trying to create it.
2026-09-12 15:40:54,357 - INFO - Creating comtypes.gen package failed: [WinError 5] Access is denied: 'C:\\Program Files\\Python314\\Lib\\site-packages\\comtypes\\gen'
2026-09-12 15:40:54,357 - INFO - Created a memory-only package.
2026-09-12 15:40:54,360 - INFO - Using writeable comtypes cache directory: 'C:\Users\EXPRESS\AppData\Roaming\Python\Python314\comtypes_cache'
2026-09-12 15:40:54,367 - DEBUG - GetModule(qedit.dll), resolved: False
2026-09-12 15:40:54,369 - DEBUG - GetModule(TLIBATTR(GUID={78530B68-61F9-11D2-8CAD-00A024580902}, Version=1.0, LCID=0, FLags=0x8))
2026-09-12 15:40:54,392 - DEBUG - Release <POINTER(ITypeLib) ptr=0x199ddc47510 at 199e298ef30>
2026-09-12 15:40:54,393 - DEBUG - GetModule(quartz.dll), resolved: False
2026-09-12 15:40:54,393 - DEBUG - GetModule(TLIBATTR(GUID={56A868B0-0AD4-11CE-B03A-0020AF0BA770}, Version=1.0, LCID=0, FLags=0x8))
2026-09-12 15:40:54,401 - DEBUG - Release <POINTER(ITypeLib) ptr=0x199ddc49e50 at 199e298ef30>
2026-09-12 15:41:03,444 - INFO - UI load successful
2026-09-12 15:41:15,748 - INFO - Profile : Supervisor
2026-09-12 15:43:23,493 - INFO - Galvo Laser Shutdown
2026-09-12 15:43:23,494 - CRITICAL - Laser 1 : OFF
2026-09-12 15:43:23,494 - CRITICAL - Laser 2 : OFF
2026-09-12 15:43:23,494 - INFO - Stepper Lasers Shutdown
2026-09-12 15:43:23,494 - INFO - COM connection close successfully
2026-09-12 15:43:23,495 - INFO - Main window close successfully
2026-09-12 15:43:23,495 - INFO - ==================================================
2026-09-12 15:43:23,495 - INFO - New session close at 2026-09-12 15:43
2026-09-12 15:43:23,495 - INFO - ==================================================
2026-09-12 15:43:23,515 - DEBUG - Calling CoUninitialize()
2026-09-12 15:43:23,515 - DEBUG - CoUninitialize() done.
2026-09-12 15:43:30,070 - DEBUG - OpenGL_accelerate module loaded
2026-09-12 15:43:30,081 - DEBUG - Using accelerated ArrayDatatype
2026-09-12 15:43:30,358 - DEBUG - CoInitializeEx(None, 2)
2026-09-12 15:43:30,404 - INFO - Could not import comtypes.gen, trying to create it.
2026-09-12 15:43:30,404 - INFO - Creating comtypes.gen package failed: [WinError 5] Access is denied: 'C:\\Program Files\\Python314\\Lib\\site-packages\\comtypes\\gen'
2026-09-12 15:43:30,405 - INFO - Created a memory-only package.
2026-09-12 15:43:30,407 - INFO - Using writeable comtypes cache directory: 'C:\Users\EXPRESS\AppData\Roaming\Python\Python314\comtypes_cache'
2026-09-12 15:43:30,413 - DEBUG - GetModule(qedit.dll), resolved: False
2026-09-12 15:43:30,415 - DEBUG - GetModule(TLIBATTR(GUID={78530B68-61F9-11D2-8CAD-00A024580902}, Version=1.0, LCID=0, FLags=0x8))
2026-09-12 15:43:30,438 - DEBUG - Release <POINTER(ITypeLib) ptr=0x16d9547d3a0 at 16d9a45ef30>
2026-09-12 15:43:30,438 - DEBUG - GetModule(quartz.dll), resolved: False
2026-09-12 15:43:30,439 - DEBUG - GetModule(TLIBATTR(GUID={56A868B0-0AD4-11CE-B03A-0020AF0BA770}, Version=1.0, LCID=0, FLags=0x8))
2026-09-12 15:43:30,446 - DEBUG - Release <POINTER(ITypeLib) ptr=0x16d9547ce20 at 16d9a45ef30>
2026-09-12 15:43:39,474 - INFO - UI load successful
2026-09-12 15:43:51,771 - INFO - Profile : Supervisor
2026-09-12 15:50:39,613 - INFO - Galvo Laser Shutdown
2026-09-12 15:50:39,614 - CRITICAL - Laser 1 : OFF
2026-09-12 15:50:39,615 - CRITICAL - Laser 2 : OFF
2026-09-12 15:50:39,615 - INFO - Stepper Lasers Shutdown
2026-09-12 15:50:39,615 - INFO - COM connection close successfully
2026-09-12 15:50:39,615 - INFO - Main window close successfully
2026-09-12 15:50:39,615 - INFO - ==================================================
2026-09-12 15:50:39,615 - INFO - New session close at 2026-09-12 15:50
2026-09-12 15:50:39,615 - INFO - ==================================================
2026-09-12 15:50:39,631 - DEBUG - Calling CoUninitialize()
2026-09-12 15:50:39,632 - DEBUG - CoUninitialize() done.
2026-09-12 15:50:44,061 - DEBUG - OpenGL_accelerate module loaded
2026-09-12 15:50:44,070 - DEBUG - Using accelerated ArrayDatatype
2026-09-12 15:50:44,289 - DEBUG - CoInitializeEx(None, 2)
2026-09-12 15:50:44,332 - INFO - Could not import comtypes.gen, trying to create it.
2026-09-12 15:50:44,332 - INFO - Creating comtypes.gen package failed: [WinError 5] Access is denied: 'C:\\Program Files\\Python314\\Lib\\site-packages\\comtypes\\gen'
2026-09-12 15:50:44,332 - INFO - Created a memory-only package.
2026-09-12 15:50:44,335 - INFO - Using writeable comtypes cache directory: 'C:\Users\EXPRESS\AppData\Roaming\Python\Python314\comtypes_cache'
2026-09-12 15:50:44,341 - DEBUG - GetModule(qedit.dll), resolved: False
2026-09-12 15:50:44,342 - DEBUG - GetModule(TLIBATTR(GUID={78530B68-61F9-11D2-8CAD-00A024580902}, Version=1.0, LCID=0, FLags=0x8))
2026-09-12 15:50:44,365 - DEBUG - Release <POINTER(ITypeLib) ptr=0x1c5da8e5a70 at 1c5dbc3ef30>
2026-09-12 15:50:44,366 - DEBUG - GetModule(quartz.dll), resolved: False
2026-09-12 15:50:44,366 - DEBUG - GetModule(TLIBATTR(GUID={56A868B0-0AD4-11CE-B03A-0020AF0BA770}, Version=1.0, LCID=0, FLags=0x8))
2026-09-12 15:50:44,374 - DEBUG - Release <POINTER(ITypeLib) ptr=0x1c5da8e2370 at 1c5dbc3ef30>
2026-09-12 15:50:53,370 - INFO - UI load successful
2026-09-12 15:51:02,701 - INFO - Profile : Supervisor
2026-09-12 15:52:40,099 - INFO - Galvo Laser Shutdown
2026-09-12 15:52:40,100 - CRITICAL - Laser 1 : OFF
2026-09-12 15:52:40,100 - CRITICAL - Laser 2 : OFF
2026-09-12 15:52:40,100 - INFO - Stepper Lasers Shutdown
2026-09-12 15:52:40,100 - INFO - COM connection close successfully
2026-09-12 15:52:40,100 - INFO - Main window close successfully
2026-09-12 15:52:40,100 - INFO - ==================================================
2026-09-12 15:52:40,101 - INFO - New session close at 2026-09-12 15:52
2026-09-12 15:52:40,101 - INFO - ==================================================
2026-09-12 15:52:40,117 - DEBUG - Calling CoUninitialize()
2026-09-12 15:52:40,117 - DEBUG - CoUninitialize() done.
2026-09-12 15:54:14,570 - DEBUG - OpenGL_accelerate module loaded
2026-09-12 15:54:14,581 - DEBUG - Using accelerated ArrayDatatype
2026-09-12 15:54:14,811 - DEBUG - CoInitializeEx(None, 2)
2026-09-12 15:54:14,864 - INFO - Could not import comtypes.gen, trying to create it.
2026-09-12 15:54:14,864 - INFO - Creating comtypes.gen package failed: [WinError 5] Access is denied: 'C:\\Program Files\\Python314\\Lib\\site-packages\\comtypes\\gen'
2026-09-12 15:54:14,865 - INFO - Created a memory-only package.
2026-09-12 15:54:14,867 - INFO - Using writeable comtypes cache directory: 'C:\Users\EXPRESS\AppData\Roaming\Python\Python314\comtypes_cache'
2026-09-12 15:54:14,875 - DEBUG - GetModule(qedit.dll), resolved: False
2026-09-12 15:54:14,877 - DEBUG - GetModule(TLIBATTR(GUID={78530B68-61F9-11D2-8CAD-00A024580902}, Version=1.0, LCID=0, FLags=0x8))
2026-09-12 15:54:14,903 - DEBUG - Release <POINTER(ITypeLib) ptr=0x16f193dea60 at 16f1ebdef30>
2026-09-12 15:54:14,904 - DEBUG - GetModule(quartz.dll), resolved: False
2026-09-12 15:54:14,904 - DEBUG - GetModule(TLIBATTR(GUID={56A868B0-0AD4-11CE-B03A-0020AF0BA770}, Version=1.0, LCID=0, FLags=0x8))
2026-09-12 15:54:14,912 - DEBUG - Release <POINTER(ITypeLib) ptr=0x16f193dea60 at 16f1ebdef30>
2026-09-12 15:54:23,956 - INFO - UI load successful
2026-09-12 15:54:33,111 - INFO - Profile : Supervisor
2026-09-12 15:58:13,732 - INFO - Galvo Laser Shutdown
2026-09-12 15:58:13,733 - CRITICAL - Laser 1 : OFF
2026-09-12 15:58:13,733 - CRITICAL - Laser 2 : OFF
2026-09-12 15:58:13,733 - INFO - Stepper Lasers Shutdown
2026-09-12 15:58:13,733 - INFO - COM connection close successfully
2026-09-12 15:58:13,733 - INFO - Main window close successfully
2026-09-12 15:58:13,733 - INFO - ==================================================
2026-09-12 15:58:13,733 - INFO - New session close at 2026-09-12 15:58
2026-09-12 15:58:13,733 - INFO - ==================================================
2026-09-12 15:58:13,750 - DEBUG - Calling CoUninitialize()
2026-09-12 15:58:13,750 - DEBUG - CoUninitialize() done.
2026-09-12 15:58:18,992 - DEBUG - OpenGL_accelerate module loaded
2026-09-12 15:58:19,003 - DEBUG - Using accelerated ArrayDatatype
2026-09-12 15:58:19,242 - DEBUG - CoInitializeEx(None, 2)
2026-09-12 15:58:19,284 - INFO - Could not import comtypes.gen, trying to create it.
2026-09-12 15:58:19,285 - INFO - Creating comtypes.gen package failed: [WinError 5] Access is denied: 'C:\\Program Files\\Python314\\Lib\\site-packages\\comtypes\\gen'
2026-09-12 15:58:19,285 - INFO - Created a memory-only package.
2026-09-12 15:58:19,287 - INFO - Using writeable comtypes cache directory: 'C:\Users\EXPRESS\AppData\Roaming\Python\Python314\comtypes_cache'
2026-09-12 15:58:19,294 - DEBUG - GetModule(qedit.dll), resolved: False
2026-09-12 15:58:19,296 - DEBUG - GetModule(TLIBATTR(GUID={78530B68-61F9-11D2-8CAD-00A024580902}, Version=1.0, LCID=0, FLags=0x8))
2026-09-12 15:58:19,319 - DEBUG - Release <POINTER(ITypeLib) ptr=0x1eccdd84770 at 1eccf07ef30>
2026-09-12 15:58:19,319 - DEBUG - GetModule(quartz.dll), resolved: False
2026-09-12 15:58:19,320 - DEBUG - GetModule(TLIBATTR(GUID={56A868B0-0AD4-11CE-B03A-0020AF0BA770}, Version=1.0, LCID=0, FLags=0x8))
2026-09-12 15:58:19,327 - DEBUG - Release <POINTER(ITypeLib) ptr=0x1eccdd82bf0 at 1eccf07ef30>
2026-09-12 15:58:28,328 - INFO - UI load successful
2026-09-12 15:58:57,909 - INFO - Profile : Supervisor
2026-09-12 16:00:44,283 - INFO - Galvo Laser Shutdown
2026-09-12 16:00:44,283 - CRITICAL - Laser 1 : OFF
2026-09-12 16:00:44,283 - CRITICAL - Laser 2 : OFF
2026-09-12 16:00:44,283 - INFO - Stepper Lasers Shutdown
2026-09-12 16:00:44,283 - INFO - COM connection close successfully
2026-09-12 16:00:44,284 - INFO - Main window close successfully
2026-09-12 16:00:44,284 - INFO - ==================================================
2026-09-12 16:00:44,284 - INFO - New session close at 2026-09-12 16:00
2026-09-12 16:00:44,284 - INFO - ==================================================
2026-09-12 16:00:44,300 - DEBUG - Calling CoUninitialize()
2026-09-12 16:00:44,300 - DEBUG - CoUninitialize() done.
2026-09-12 16:02:25,787 - DEBUG - OpenGL_accelerate module loaded
2026-09-12 16:02:25,797 - DEBUG - Using accelerated ArrayDatatype
2026-09-12 16:02:26,019 - DEBUG - CoInitializeEx(None, 2)
2026-09-12 16:02:26,061 - INFO - Could not import comtypes.gen, trying to create it.
2026-09-12 16:02:26,062 - INFO - Creating comtypes.gen package failed: [WinError 5] Access is denied: 'C:\\Program Files\\Python314\\Lib\\site-packages\\comtypes\\gen'
2026-09-12 16:02:26,062 - INFO - Created a memory-only package.
2026-09-12 16:02:26,064 - INFO - Using writeable comtypes cache directory: 'C:\Users\EXPRESS\AppData\Roaming\Python\Python314\comtypes_cache'
2026-09-12 16:02:26,071 - DEBUG - GetModule(qedit.dll), resolved: False
2026-09-12 16:02:26,072 - DEBUG - GetModule(TLIBATTR(GUID={78530B68-61F9-11D2-8CAD-00A024580902}, Version=1.0, LCID=0, FLags=0x8))
2026-09-12 16:02:26,094 - DEBUG - Release <POINTER(ITypeLib) ptr=0x17fd4417790 at 17fd930ef30>
2026-09-12 16:02:26,095 - DEBUG - GetModule(quartz.dll), resolved: False
2026-09-12 16:02:26,095 - DEBUG - GetModule(TLIBATTR(GUID={56A868B0-0AD4-11CE-B03A-0020AF0BA770}, Version=1.0, LCID=0, FLags=0x8))
2026-09-12 16:02:26,103 - DEBUG - Release <POINTER(ITypeLib) ptr=0x17fd4417790 at 17fd930ef30>
2026-09-12 16:02:35,116 - INFO - UI load successful
2026-09-12 16:02:42,617 - INFO - Profile : Supervisor
2026-09-12 16:08:34,737 - INFO - Galvo Laser Shutdown
2026-09-12 16:08:34,738 - CRITICAL - Laser 1 : OFF
2026-09-12 16:08:34,738 - CRITICAL - Laser 2 : OFF
2026-09-12 16:08:34,738 - INFO - Stepper Lasers Shutdown
2026-09-12 16:08:34,738 - INFO - COM connection close successfully
2026-09-12 16:08:34,738 - INFO - Main window close successfully
2026-09-12 16:08:34,738 - INFO - ==================================================
2026-09-12 16:08:34,738 - INFO - New session close at 2026-09-12 16:08
2026-09-12 16:08:34,738 - INFO - ==================================================
2026-09-12 16:08:34,746 - DEBUG - Calling CoUninitialize()
2026-09-12 16:08:34,746 - DEBUG - CoUninitialize() done.
2026-09-12 16:08:38,014 - DEBUG - OpenGL_accelerate module loaded
2026-09-12 16:08:38,027 - DEBUG - Using accelerated ArrayDatatype
2026-09-12 16:08:38,283 - DEBUG - CoInitializeEx(None, 2)
2026-09-12 16:08:38,333 - INFO - Could not import comtypes.gen, trying to create it.
2026-09-12 16:08:38,333 - INFO - Creating comtypes.gen package failed: [WinError 5] Access is denied: 'C:\\Program Files\\Python314\\Lib\\site-packages\\comtypes\\gen'
2026-09-12 16:08:38,334 - INFO - Created a memory-only package.
2026-09-12 16:08:38,336 - INFO - Using writeable comtypes cache directory: 'C:\Users\EXPRESS\AppData\Roaming\Python\Python314\comtypes_cache'
2026-09-12 16:08:38,346 - DEBUG - GetModule(qedit.dll), resolved: False
2026-09-12 16:08:38,347 - DEBUG - GetModule(TLIBATTR(GUID={78530B68-61F9-11D2-8CAD-00A024580902}, Version=1.0, LCID=0, FLags=0x8))
2026-09-12 16:08:38,380 - DEBUG - Release <POINTER(ITypeLib) ptr=0x26394900340 at 26395c1ef30>
2026-09-12 16:08:38,380 - DEBUG - GetModule(quartz.dll), resolved: False
2026-09-12 16:08:38,381 - DEBUG - GetModule(TLIBATTR(GUID={56A868B0-0AD4-11CE-B03A-0020AF0BA770}, Version=1.0, LCID=0, FLags=0x8))
2026-09-12 16:08:38,391 - DEBUG - Release <POINTER(ITypeLib) ptr=0x26394901100 at 26395c1ef30>
2026-09-12 16:08:47,572 - INFO - UI load successful
2026-09-12 16:08:56,056 - INFO - Profile : Supervisor
2026-09-12 16:10:11,282 - INFO - Galvo Laser Shutdown
2026-09-12 16:10:11,283 - CRITICAL - Laser 1 : OFF
2026-09-12 16:10:11,283 - CRITICAL - Laser 2 : OFF
2026-09-12 16:10:11,283 - INFO - Stepper Lasers Shutdown
2026-09-12 16:10:11,283 - INFO - COM connection close successfully
2026-09-12 16:10:11,283 - INFO - Main window close successfully
2026-09-12 16:10:11,284 - INFO - ==================================================
2026-09-12 16:10:11,284 - INFO - New session close at 2026-09-12 16:10
2026-09-12 16:10:11,284 - INFO - ==================================================
2026-09-12 16:10:15,982 - DEBUG - Calling CoUninitialize()
2026-09-12 16:10:15,982 - DEBUG - CoUninitialize() done.
2026-09-12 16:13:47,761 - DEBUG - OpenGL_accelerate module loaded
2026-09-12 16:13:47,771 - DEBUG - Using accelerated ArrayDatatype
2026-09-12 16:13:48,086 - DEBUG - CoInitializeEx(None, 2)
2026-09-12 16:13:48,140 - INFO - Could not import comtypes.gen, trying to create it.
2026-09-12 16:13:48,141 - INFO - Creating comtypes.gen package failed: [WinError 5] Access is denied: 'C:\\Program Files\\Python314\\Lib\\site-packages\\comtypes\\gen'
2026-09-12 16:13:48,141 - INFO - Created a memory-only package.
2026-09-12 16:13:48,144 - INFO - Using writeable comtypes cache directory: 'C:\Users\EXPRESS\AppData\Roaming\Python\Python314\comtypes_cache'
2026-09-12 16:13:48,152 - DEBUG - GetModule(qedit.dll), resolved: False
2026-09-12 16:13:48,153 - DEBUG - GetModule(TLIBATTR(GUID={78530B68-61F9-11D2-8CAD-00A024580902}, Version=1.0, LCID=0, FLags=0x8))
2026-09-12 16:13:48,184 - DEBUG - Release <POINTER(ITypeLib) ptr=0x21fb69a7bb0 at 21fbba1ef30>
2026-09-12 16:13:48,184 - DEBUG - GetModule(quartz.dll), resolved: False
2026-09-12 16:13:48,185 - DEBUG - GetModule(TLIBATTR(GUID={56A868B0-0AD4-11CE-B03A-0020AF0BA770}, Version=1.0, LCID=0, FLags=0x8))
2026-09-12 16:13:48,194 - DEBUG - Release <POINTER(ITypeLib) ptr=0x21fb69a70b0 at 21fbba1ef30>
2026-09-12 16:13:57,276 - INFO - UI load successful
2026-09-12 16:14:05,098 - INFO - Profile : Supervisor
2026-09-12 16:15:32,504 - INFO - Galvo Laser Shutdown
2026-09-12 16:15:32,505 - CRITICAL - Laser 1 : OFF
2026-09-12 16:15:32,505 - CRITICAL - Laser 2 : OFF
2026-09-12 16:15:32,505 - INFO - Stepper Lasers Shutdown
2026-09-12 16:15:32,505 - INFO - COM connection close successfully
2026-09-12 16:15:32,505 - INFO - Main window close successfully
2026-09-12 16:15:32,505 - INFO - ==================================================
2026-09-12 16:15:32,505 - INFO - New session close at 2026-09-12 16:15
2026-09-12 16:15:32,506 - INFO - ==================================================
2026-09-12 16:15:32,517 - DEBUG - Calling CoUninitialize()
2026-09-12 16:15:32,517 - DEBUG - CoUninitialize() done.
2026-09-12 16:16:58,539 - DEBUG - OpenGL_accelerate module loaded
2026-09-12 16:16:58,548 - DEBUG - Using accelerated ArrayDatatype
2026-09-12 16:16:58,777 - DEBUG - CoInitializeEx(None, 2)
2026-09-12 16:16:58,822 - INFO - Could not import comtypes.gen, trying to create it.
2026-09-12 16:16:58,822 - INFO - Creating comtypes.gen package failed: [WinError 5] Access is denied: 'C:\\Program Files\\Python314\\Lib\\site-packages\\comtypes\\gen'
2026-09-12 16:16:58,822 - INFO - Created a memory-only package.
2026-09-12 16:16:58,825 - INFO - Using writeable comtypes cache directory: 'C:\Users\EXPRESS\AppData\Roaming\Python\Python314\comtypes_cache'
2026-09-12 16:16:58,832 - DEBUG - GetModule(qedit.dll), resolved: False
2026-09-12 16:16:58,833 - DEBUG - GetModule(TLIBATTR(GUID={78530B68-61F9-11D2-8CAD-00A024580902}, Version=1.0, LCID=0, FLags=0x8))
2026-09-12 16:16:58,856 - DEBUG - Release <POINTER(ITypeLib) ptr=0x20f2d1e00c0 at 20f2e6aef30>
2026-09-12 16:16:58,856 - DEBUG - GetModule(quartz.dll), resolved: False
2026-09-12 16:16:58,857 - DEBUG - GetModule(TLIBATTR(GUID={56A868B0-0AD4-11CE-B03A-0020AF0BA770}, Version=1.0, LCID=0, FLags=0x8))
2026-09-12 16:16:58,864 - DEBUG - Release <POINTER(ITypeLib) ptr=0x20f2d1e1c40 at 20f2e6aef30>
2026-09-12 16:17:07,858 - INFO - UI load successful
2026-09-12 16:17:17,908 - INFO - Profile : Supervisor
2026-09-12 16:19:49,898 - DEBUG - OpenGL_accelerate module loaded
2026-09-12 16:19:49,908 - DEBUG - Using accelerated ArrayDatatype
2026-09-12 16:19:50,132 - DEBUG - CoInitializeEx(None, 2)
2026-09-12 16:19:50,177 - INFO - Could not import comtypes.gen, trying to create it.
2026-09-12 16:19:50,177 - INFO - Creating comtypes.gen package failed: [WinError 5] Access is denied: 'C:\\Program Files\\Python314\\Lib\\site-packages\\comtypes\\gen'
2026-09-12 16:19:50,178 - INFO - Created a memory-only package.
2026-09-12 16:19:50,180 - INFO - Using writeable comtypes cache directory: 'C:\Users\EXPRESS\AppData\Roaming\Python\Python314\comtypes_cache'
2026-09-12 16:19:50,186 - DEBUG - GetModule(qedit.dll), resolved: False
2026-09-12 16:19:50,187 - DEBUG - GetModule(TLIBATTR(GUID={78530B68-61F9-11D2-8CAD-00A024580902}, Version=1.0, LCID=0, FLags=0x8))
2026-09-12 16:19:50,210 - DEBUG - Release <POINTER(ITypeLib) ptr=0x15225817220 at 1522a84ef30>
2026-09-12 16:19:50,210 - DEBUG - GetModule(quartz.dll), resolved: False
2026-09-12 16:19:50,211 - DEBUG - GetModule(TLIBATTR(GUID={56A868B0-0AD4-11CE-B03A-0020AF0BA770}, Version=1.0, LCID=0, FLags=0x8))
2026-09-12 16:19:50,218 - DEBUG - Release <POINTER(ITypeLib) ptr=0x15225815ee0 at 1522a84ef30>
2026-09-12 16:19:59,322 - INFO - UI load successful
2026-09-12 16:20:08,211 - INFO - Profile : Supervisor
2026-09-12 16:20:41,879 - INFO - Galvo Laser Shutdown
2026-09-12 16:20:41,879 - CRITICAL - Laser 1 : OFF
2026-09-12 16:20:41,879 - CRITICAL - Laser 2 : OFF
2026-09-12 16:20:41,879 - INFO - Stepper Lasers Shutdown
2026-09-12 16:20:41,880 - INFO - COM connection close successfully
2026-09-12 16:20:41,880 - INFO - Main window close successfully
2026-09-12 16:20:41,880 - INFO - ==================================================
2026-09-12 16:20:41,880 - INFO - New session close at 2026-09-12 16:20
2026-09-12 16:20:41,880 - INFO - ==================================================
2026-09-12 16:20:47,576 - DEBUG - Calling CoUninitialize()
2026-09-12 16:20:47,576 - DEBUG - CoUninitialize() done.
2026-09-12 16:22:09,825 - DEBUG - OpenGL_accelerate module loaded
2026-09-12 16:22:09,836 - DEBUG - Using accelerated ArrayDatatype
2026-09-12 16:22:10,057 - DEBUG - CoInitializeEx(None, 2)
2026-09-12 16:22:10,098 - INFO - Could not import comtypes.gen, trying to create it.
2026-09-12 16:22:10,098 - INFO - Creating comtypes.gen package failed: [WinError 5] Access is denied: 'C:\\Program Files\\Python314\\Lib\\site-packages\\comtypes\\gen'
2026-09-12 16:22:10,099 - INFO - Created a memory-only package.
2026-09-12 16:22:10,101 - INFO - Using writeable comtypes cache directory: 'C:\Users\EXPRESS\AppData\Roaming\Python\Python314\comtypes_cache'
2026-09-12 16:22:10,107 - DEBUG - GetModule(qedit.dll), resolved: False
2026-09-12 16:22:10,108 - DEBUG - GetModule(TLIBATTR(GUID={78530B68-61F9-11D2-8CAD-00A024580902}, Version=1.0, LCID=0, FLags=0x8))
2026-09-12 16:22:10,131 - DEBUG - Release <POINTER(ITypeLib) ptr=0x16254982110 at 1625960ef30>
2026-09-12 16:22:10,131 - DEBUG - GetModule(quartz.dll), resolved: False
2026-09-12 16:22:10,132 - DEBUG - GetModule(TLIBATTR(GUID={56A868B0-0AD4-11CE-B03A-0020AF0BA770}, Version=1.0, LCID=0, FLags=0x8))
2026-09-12 16:22:10,139 - DEBUG - Release <POINTER(ITypeLib) ptr=0x162549839d0 at 1625960ef30>
2026-09-12 16:22:19,135 - INFO - UI load successful
2026-09-12 16:22:29,018 - INFO - Profile : Supervisor
2026-09-12 16:23:40,391 - INFO - Close event ignored.
2026-09-12 16:23:52,936 - INFO - Galvo Laser Shutdown
2026-09-12 16:23:52,937 - CRITICAL - Laser 1 : OFF
2026-09-12 16:23:52,937 - CRITICAL - Laser 2 : OFF
2026-09-12 16:23:52,937 - INFO - Stepper Lasers Shutdown
2026-09-12 16:23:52,937 - INFO - COM connection close successfully
2026-09-12 16:23:52,938 - INFO - Main window close successfully
2026-09-12 16:23:52,938 - INFO - ==================================================
2026-09-12 16:23:52,938 - INFO - New session close at 2026-09-12 16:23
2026-09-12 16:23:52,938 - INFO - ==================================================
2026-09-12 16:23:52,960 - DEBUG - Calling CoUninitialize()
2026-09-12 16:23:52,960 - DEBUG - CoUninitialize() done.
2026-09-12 16:24:57,568 - DEBUG - OpenGL_accelerate module loaded
2026-09-12 16:24:57,577 - DEBUG - Using accelerated ArrayDatatype
2026-09-12 16:24:57,798 - DEBUG - CoInitializeEx(None, 2)
2026-09-12 16:24:57,841 - INFO - Could not import comtypes.gen, trying to create it.
2026-09-12 16:24:57,842 - INFO - Creating comtypes.gen package failed: [WinError 5] Access is denied: 'C:\\Program Files\\Python314\\Lib\\site-packages\\comtypes\\gen'
2026-09-12 16:24:57,842 - INFO - Created a memory-only package.
2026-09-12 16:24:57,844 - INFO - Using writeable comtypes cache directory: 'C:\Users\EXPRESS\AppData\Roaming\Python\Python314\comtypes_cache'
2026-09-12 16:24:57,850 - DEBUG - GetModule(qedit.dll), resolved: False
2026-09-12 16:24:57,852 - DEBUG - GetModule(TLIBATTR(GUID={78530B68-61F9-11D2-8CAD-00A024580902}, Version=1.0, LCID=0, FLags=0x8))
2026-09-12 16:24:57,874 - DEBUG - Release <POINTER(ITypeLib) ptr=0x23f0f8f20c0 at 23f1467ef30>
2026-09-12 16:24:57,875 - DEBUG - GetModule(quartz.dll), resolved: False
2026-09-12 16:24:57,875 - DEBUG - GetModule(TLIBATTR(GUID={56A868B0-0AD4-11CE-B03A-0020AF0BA770}, Version=1.0, LCID=0, FLags=0x8))
2026-09-12 16:24:57,883 - DEBUG - Release <POINTER(ITypeLib) ptr=0x23f0f8f20c0 at 23f1467ef30>
2026-09-12 16:25:06,982 - INFO - UI load successful
2026-09-12 16:25:26,512 - INFO - Profile : Supervisor
2026-09-12 16:29:50,541 - DEBUG - OpenGL_accelerate module loaded
2026-09-12 16:29:50,551 - DEBUG - Using accelerated ArrayDatatype
2026-09-12 16:29:50,773 - DEBUG - CoInitializeEx(None, 2)
2026-09-12 16:29:50,817 - INFO - Could not import comtypes.gen, trying to create it.
2026-09-12 16:29:50,817 - INFO - Creating comtypes.gen package failed: [WinError 5] Access is denied: 'C:\\Program Files\\Python314\\Lib\\site-packages\\comtypes\\gen'
2026-09-12 16:29:50,817 - INFO - Created a memory-only package.
2026-09-12 16:29:50,819 - INFO - Using writeable comtypes cache directory: 'C:\Users\EXPRESS\AppData\Roaming\Python\Python314\comtypes_cache'
2026-09-12 16:29:50,827 - DEBUG - GetModule(qedit.dll), resolved: False
2026-09-12 16:29:50,828 - DEBUG - GetModule(TLIBATTR(GUID={78530B68-61F9-11D2-8CAD-00A024580902}, Version=1.0, LCID=0, FLags=0x8))
2026-09-12 16:29:50,850 - DEBUG - Release <POINTER(ITypeLib) ptr=0x203f0ffc320 at 203f228ef30>
2026-09-12 16:29:50,851 - DEBUG - GetModule(quartz.dll), resolved: False
2026-09-12 16:29:50,851 - DEBUG - GetModule(TLIBATTR(GUID={56A868B0-0AD4-11CE-B03A-0020AF0BA770}, Version=1.0, LCID=0, FLags=0x8))
2026-09-12 16:29:50,859 - DEBUG - Release <POINTER(ITypeLib) ptr=0x203f0ffe420 at 203f228ef30>
2026-09-12 16:29:59,859 - INFO - UI load successful
2026-09-12 16:31:19,115 - WARNING - Failed login attempt for user: Operator
2026-09-12 16:31:27,423 - INFO - Profile : Supervisor
2026-09-12 16:33:04,254 - INFO - Galvo Laser Shutdown
2026-09-12 16:33:04,254 - CRITICAL - Laser 1 : OFF
2026-09-12 16:33:04,255 - CRITICAL - Laser 2 : OFF
2026-09-12 16:33:04,255 - INFO - Stepper Lasers Shutdown
2026-09-12 16:33:04,255 - INFO - COM connection close successfully
2026-09-12 16:33:04,255 - INFO - Main window close successfully
2026-09-12 16:33:04,255 - INFO - ==================================================
2026-09-12 16:33:04,255 - INFO - New session close at 2026-09-12 16:33
2026-09-12 16:33:04,255 - INFO - ==================================================
2026-09-12 16:33:04,268 - DEBUG - Calling CoUninitialize()
2026-09-12 16:33:04,268 - DEBUG - CoUninitialize() done.
2026-09-12 16:35:14,452 - DEBUG - OpenGL_accelerate module loaded
2026-09-12 16:35:14,464 - DEBUG - Using accelerated ArrayDatatype
2026-09-12 16:35:14,683 - DEBUG - CoInitializeEx(None, 2)
2026-09-12 16:35:14,727 - INFO - Could not import comtypes.gen, trying to create it.
2026-09-12 16:35:14,727 - INFO - Creating comtypes.gen package failed: [WinError 5] Access is denied: 'C:\\Program Files\\Python314\\Lib\\site-packages\\comtypes\\gen'
2026-09-12 16:35:14,727 - INFO - Created a memory-only package.
2026-09-12 16:35:14,730 - INFO - Using writeable comtypes cache directory: 'C:\Users\EXPRESS\AppData\Roaming\Python\Python314\comtypes_cache'
2026-09-12 16:35:14,736 - DEBUG - GetModule(qedit.dll), resolved: False
2026-09-12 16:35:14,737 - DEBUG - GetModule(TLIBATTR(GUID={78530B68-61F9-11D2-8CAD-00A024580902}, Version=1.0, LCID=0, FLags=0x8))
2026-09-12 16:35:14,760 - DEBUG - Release <POINTER(ITypeLib) ptr=0x22ff6966700 at 22ffb4def30>
2026-09-12 16:35:14,760 - DEBUG - GetModule(quartz.dll), resolved: False
2026-09-12 16:35:14,760 - DEBUG - GetModule(TLIBATTR(GUID={56A868B0-0AD4-11CE-B03A-0020AF0BA770}, Version=1.0, LCID=0, FLags=0x8))
2026-09-12 16:35:14,768 - DEBUG - Release <POINTER(ITypeLib) ptr=0x22ff6964340 at 22ffb4def30>
2026-09-12 16:35:23,755 - INFO - UI load successful
2026-09-12 16:35:38,340 - WARNING - Failed login attempt for user: Supervisor
2026-09-12 16:35:43,295 - INFO - Profile : Supervisor
2026-09-12 16:38:38,088 - INFO - Galvo Laser Shutdown
2026-09-12 16:38:38,088 - CRITICAL - Laser 1 : OFF
2026-09-12 16:38:38,089 - CRITICAL - Laser 2 : OFF
2026-09-12 16:38:38,089 - INFO - Stepper Lasers Shutdown
2026-09-12 16:38:38,089 - INFO - COM connection close successfully
2026-09-12 16:38:38,089 - INFO - Main window close successfully
2026-09-12 16:38:38,089 - INFO - ==================================================
2026-09-12 16:38:38,089 - INFO - New session close at 2026-09-12 16:38
2026-09-12 16:38:38,089 - INFO - ==================================================
2026-09-12 16:38:38,107 - DEBUG - Calling CoUninitialize()
2026-09-12 16:38:38,107 - DEBUG - CoUninitialize() done.
2026-09-12 16:40:42,670 - DEBUG - OpenGL_accelerate module loaded
2026-09-12 16:40:42,680 - DEBUG - Using accelerated ArrayDatatype
2026-09-12 16:40:42,903 - DEBUG - CoInitializeEx(None, 2)
2026-09-12 16:40:42,948 - INFO - Could not import comtypes.gen, trying to create it.
2026-09-12 16:40:42,948 - INFO - Creating comtypes.gen package failed: [WinError 5] Access is denied: 'C:\\Program Files\\Python314\\Lib\\site-packages\\comtypes\\gen'
2026-09-12 16:40:42,948 - INFO - Created a memory-only package.
2026-09-12 16:40:42,950 - INFO - Using writeable comtypes cache directory: 'C:\Users\EXPRESS\AppData\Roaming\Python\Python314\comtypes_cache'
2026-09-12 16:40:42,957 - DEBUG - GetModule(qedit.dll), resolved: False
2026-09-12 16:40:42,958 - DEBUG - GetModule(TLIBATTR(GUID={78530B68-61F9-11D2-8CAD-00A024580902}, Version=1.0, LCID=0, FLags=0x8))
2026-09-12 16:40:42,982 - DEBUG - Release <POINTER(ITypeLib) ptr=0x167b0ba9f80 at 167b59def30>
2026-09-12 16:40:42,983 - DEBUG - GetModule(quartz.dll), resolved: False
2026-09-12 16:40:42,983 - DEBUG - GetModule(TLIBATTR(GUID={56A868B0-0AD4-11CE-B03A-0020AF0BA770}, Version=1.0, LCID=0, FLags=0x8))
2026-09-12 16:40:42,991 - DEBUG - Release <POINTER(ITypeLib) ptr=0x167b0ba9f80 at 167b59def30>
2026-09-12 16:40:52,031 - INFO - UI load successful
2026-09-12 16:41:00,662 - INFO - Profile : Supervisor
2026-09-12 16:41:28,158 - INFO - Galvo Laser Shutdown
2026-09-12 16:41:28,159 - CRITICAL - Laser 1 : OFF
2026-09-12 16:41:28,159 - CRITICAL - Laser 2 : OFF
2026-09-12 16:41:28,159 - INFO - Stepper Lasers Shutdown
2026-09-12 16:41:28,159 - INFO - COM connection close successfully
2026-09-12 16:41:28,159 - INFO - Main window close successfully
2026-09-12 16:41:28,159 - INFO - ==================================================
2026-09-12 16:41:28,159 - INFO - New session close at 2026-09-12 16:41
2026-09-12 16:41:28,159 - INFO - ==================================================
2026-09-12 16:41:32,954 - DEBUG - Calling CoUninitialize()
2026-09-12 16:41:32,954 - DEBUG - CoUninitialize() done.
2026-09-12 16:42:52,390 - DEBUG - OpenGL_accelerate module loaded
2026-09-12 16:42:52,399 - DEBUG - Using accelerated ArrayDatatype
2026-09-12 16:42:52,628 - DEBUG - CoInitializeEx(None, 2)
2026-09-12 16:42:52,671 - INFO - Could not import comtypes.gen, trying to create it.
2026-09-12 16:42:52,671 - INFO - Creating comtypes.gen package failed: [WinError 5] Access is denied: 'C:\\Program Files\\Python314\\Lib\\site-packages\\comtypes\\gen'
2026-09-12 16:42:52,671 - INFO - Created a memory-only package.
2026-09-12 16:42:52,674 - INFO - Using writeable comtypes cache directory: 'C:\Users\EXPRESS\AppData\Roaming\Python\Python314\comtypes_cache'
2026-09-12 16:42:52,680 - DEBUG - GetModule(qedit.dll), resolved: False
2026-09-12 16:42:52,681 - DEBUG - GetModule(TLIBATTR(GUID={78530B68-61F9-11D2-8CAD-00A024580902}, Version=1.0, LCID=0, FLags=0x8))
2026-09-12 16:42:52,705 - DEBUG - Release <POINTER(ITypeLib) ptr=0x2529ffa7c20 at 252a4d1ef30>
2026-09-12 16:42:52,706 - DEBUG - GetModule(quartz.dll), resolved: False
2026-09-12 16:42:52,706 - DEBUG - GetModule(TLIBATTR(GUID={56A868B0-0AD4-11CE-B03A-0020AF0BA770}, Version=1.0, LCID=0, FLags=0x8))
2026-09-12 16:42:52,714 - DEBUG - Release <POINTER(ITypeLib) ptr=0x2529ffa7c20 at 252a4d1ef30>
2026-09-12 16:43:01,749 - INFO - UI load successful
2026-09-12 16:43:13,395 - INFO - Profile : Supervisor
2026-09-12 16:46:03,851 - DEBUG - OpenGL_accelerate module loaded
2026-09-12 16:46:03,861 - DEBUG - Using accelerated ArrayDatatype
2026-09-12 16:46:04,132 - DEBUG - CoInitializeEx(None, 2)
2026-09-12 16:46:04,185 - INFO - Could not import comtypes.gen, trying to create it.
2026-09-12 16:46:04,186 - INFO - Creating comtypes.gen package failed: [WinError 5] Access is denied: 'C:\\Program Files\\Python314\\Lib\\site-packages\\comtypes\\gen'
2026-09-12 16:46:04,186 - INFO - Created a memory-only package.
2026-09-12 16:46:04,189 - INFO - Using writeable comtypes cache directory: 'C:\Users\EXPRESS\AppData\Roaming\Python\Python314\comtypes_cache'
2026-09-12 16:46:04,197 - DEBUG - GetModule(qedit.dll), resolved: False
2026-09-12 16:46:04,199 - DEBUG - GetModule(TLIBATTR(GUID={78530B68-61F9-11D2-8CAD-00A024580902}, Version=1.0, LCID=0, FLags=0x8))
2026-09-12 16:46:04,229 - DEBUG - Release <POINTER(ITypeLib) ptr=0x268ec2933a0 at 268ed6eef30>
2026-09-12 16:46:04,229 - DEBUG - GetModule(quartz.dll), resolved: False
2026-09-12 16:46:04,230 - DEBUG - GetModule(TLIBATTR(GUID={56A868B0-0AD4-11CE-B03A-0020AF0BA770}, Version=1.0, LCID=0, FLags=0x8))
2026-09-12 16:46:04,241 - DEBUG - Release <POINTER(ITypeLib) ptr=0x268ec2933a0 at 268ed6eef30>
2026-09-12 16:46:13,306 - INFO - UI load successful
2026-09-12 16:46:23,935 - INFO - Profile : Supervisor
2026-09-12 16:49:07,149 - INFO - Galvo Laser Shutdown
2026-09-12 16:49:07,149 - CRITICAL - Laser 1 : OFF
2026-09-12 16:49:07,149 - CRITICAL - Laser 2 : OFF
2026-09-12 16:49:07,150 - INFO - Stepper Lasers Shutdown
2026-09-12 16:49:07,150 - INFO - COM connection close successfully
2026-09-12 16:49:07,150 - INFO - Main window close successfully
2026-09-12 16:49:07,150 - INFO - ==================================================
2026-09-12 16:49:07,150 - INFO - New session close at 2026-09-12 16:49
2026-09-12 16:49:07,150 - INFO - ==================================================
2026-09-12 16:49:07,166 - DEBUG - Calling CoUninitialize()
2026-09-12 16:49:07,167 - DEBUG - CoUninitialize() done.
2026-09-12 16:49:09,192 - DEBUG - OpenGL_accelerate module loaded
2026-09-12 16:49:09,203 - DEBUG - Using accelerated ArrayDatatype
2026-09-12 16:49:09,456 - DEBUG - CoInitializeEx(None, 2)
2026-09-12 16:49:09,501 - INFO - Could not import comtypes.gen, trying to create it.
2026-09-12 16:49:09,501 - INFO - Creating comtypes.gen package failed: [WinError 5] Access is denied: 'C:\\Program Files\\Python314\\Lib\\site-packages\\comtypes\\gen'
2026-09-12 16:49:09,501 - INFO - Created a memory-only package.
2026-09-12 16:49:09,504 - INFO - Using writeable comtypes cache directory: 'C:\Users\EXPRESS\AppData\Roaming\Python\Python314\comtypes_cache'
2026-09-12 16:49:09,510 - DEBUG - GetModule(qedit.dll), resolved: False
2026-09-12 16:49:09,511 - DEBUG - GetModule(TLIBATTR(GUID={78530B68-61F9-11D2-8CAD-00A024580902}, Version=1.0, LCID=0, FLags=0x8))
2026-09-12 16:49:09,534 - DEBUG - Release <POINTER(ITypeLib) ptr=0x2649b7d1300 at 2649cc1ef30>
2026-09-12 16:49:09,535 - DEBUG - GetModule(quartz.dll), resolved: False
2026-09-12 16:49:09,535 - DEBUG - GetModule(TLIBATTR(GUID={56A868B0-0AD4-11CE-B03A-0020AF0BA770}, Version=1.0, LCID=0, FLags=0x8))
2026-09-12 16:49:09,543 - DEBUG - Release <POINTER(ITypeLib) ptr=0x2649b7d2e80 at 2649cc1ef30>
2026-09-12 16:49:18,563 - INFO - UI load successful
2026-09-12 16:49:28,970 - INFO - Profile : Supervisor
2026-09-12 16:50:04,289 - INFO - Galvo Laser Shutdown
2026-09-12 16:50:04,290 - CRITICAL - Laser 1 : OFF
2026-09-12 16:50:04,290 - CRITICAL - Laser 2 : OFF
2026-09-12 16:50:04,290 - INFO - Stepper Lasers Shutdown
2026-09-12 16:50:04,290 - INFO - COM connection close successfully
2026-09-12 16:50:04,291 - INFO - Main window close successfully
2026-09-12 16:50:04,291 - INFO - ==================================================
2026-09-12 16:50:04,291 - INFO - New session close at 2026-09-12 16:50
2026-09-12 16:50:04,291 - INFO - ==================================================
2026-09-12 16:50:09,436 - DEBUG - Calling CoUninitialize()
2026-09-12 16:50:09,436 - DEBUG - CoUninitialize() done.
2026-09-12 16:50:11,996 - DEBUG - OpenGL_accelerate module loaded
2026-09-12 16:50:12,008 - DEBUG - Using accelerated ArrayDatatype
2026-09-12 16:50:12,255 - DEBUG - CoInitializeEx(None, 2)
2026-09-12 16:50:12,297 - INFO - Could not import comtypes.gen, trying to create it.
2026-09-12 16:50:12,297 - INFO - Creating comtypes.gen package failed: [WinError 5] Access is denied: 'C:\\Program Files\\Python314\\Lib\\site-packages\\comtypes\\gen'
2026-09-12 16:50:12,298 - INFO - Created a memory-only package.
2026-09-12 16:50:12,300 - INFO - Using writeable comtypes cache directory: 'C:\Users\EXPRESS\AppData\Roaming\Python\Python314\comtypes_cache'
2026-09-12 16:50:12,306 - DEBUG - GetModule(qedit.dll), resolved: False
2026-09-12 16:50:12,307 - DEBUG - GetModule(TLIBATTR(GUID={78530B68-61F9-11D2-8CAD-00A024580902}, Version=1.0, LCID=0, FLags=0x8))
2026-09-12 16:50:12,330 - DEBUG - Release <POINTER(ITypeLib) ptr=0x29df61beae0 at 29dfafdef30>
2026-09-12 16:50:12,330 - DEBUG - GetModule(quartz.dll), resolved: False
2026-09-12 16:50:12,331 - DEBUG - GetModule(TLIBATTR(GUID={56A868B0-0AD4-11CE-B03A-0020AF0BA770}, Version=1.0, LCID=0, FLags=0x8))
2026-09-12 16:50:12,338 - DEBUG - Release <POINTER(ITypeLib) ptr=0x29df61bfe20 at 29dfafdef30>
2026-09-12 16:50:21,341 - INFO - UI load successful
2026-09-12 16:50:30,314 - INFO - Profile : Supervisor
2026-09-12 16:51:05,884 - INFO - Galvo Laser Shutdown
2026-09-12 16:51:05,885 - CRITICAL - Laser 1 : OFF
2026-09-12 16:51:05,885 - CRITICAL - Laser 2 : OFF
2026-09-12 16:51:05,885 - INFO - Stepper Lasers Shutdown
2026-09-12 16:51:05,885 - INFO - COM connection close successfully
2026-09-12 16:51:05,885 - INFO - Main window close successfully
2026-09-12 16:51:05,885 - INFO - ==================================================
2026-09-12 16:51:05,885 - INFO - New session close at 2026-09-12 16:51
2026-09-12 16:51:05,885 - INFO - ==================================================
2026-09-12 16:51:05,904 - DEBUG - Calling CoUninitialize()
2026-09-12 16:51:05,904 - DEBUG - CoUninitialize() done.
2026-09-12 16:53:07,585 - DEBUG - OpenGL_accelerate module loaded
2026-09-12 16:53:07,600 - DEBUG - Using accelerated ArrayDatatype
2026-09-12 16:53:07,876 - DEBUG - CoInitializeEx(None, 2)
2026-09-12 16:53:07,921 - INFO - Could not import comtypes.gen, trying to create it.
2026-09-12 16:53:07,921 - INFO - Creating comtypes.gen package failed: [WinError 5] Access is denied: 'C:\\Program Files\\Python314\\Lib\\site-packages\\comtypes\\gen'
2026-09-12 16:53:07,922 - INFO - Created a memory-only package.
2026-09-12 16:53:07,924 - INFO - Using writeable comtypes cache directory: 'C:\Users\EXPRESS\AppData\Roaming\Python\Python314\comtypes_cache'
2026-09-12 16:53:07,931 - DEBUG - GetModule(qedit.dll), resolved: False
2026-09-12 16:53:07,932 - DEBUG - GetModule(TLIBATTR(GUID={78530B68-61F9-11D2-8CAD-00A024580902}, Version=1.0, LCID=0, FLags=0x8))
2026-09-12 16:53:07,956 - DEBUG - Release <POINTER(ITypeLib) ptr=0x27cb0b10030 at 27cb5a6ef30>
2026-09-12 16:53:07,956 - DEBUG - GetModule(quartz.dll), resolved: False
2026-09-12 16:53:07,957 - DEBUG - GetModule(TLIBATTR(GUID={56A868B0-0AD4-11CE-B03A-0020AF0BA770}, Version=1.0, LCID=0, FLags=0x8))
2026-09-12 16:53:07,965 - DEBUG - Release <POINTER(ITypeLib) ptr=0x27cb0b10030 at 27cb5a6ef30>
2026-09-12 16:53:16,980 - INFO - UI load successful
2026-09-12 16:53:25,840 - INFO - Profile : Supervisor
2026-09-12 16:55:18,512 - DEBUG - OpenGL_accelerate module loaded
2026-09-12 16:55:18,523 - DEBUG - Using accelerated ArrayDatatype
2026-09-12 16:55:18,764 - DEBUG - CoInitializeEx(None, 2)
2026-09-12 16:55:18,809 - INFO - Could not import comtypes.gen, trying to create it.
2026-09-12 16:55:18,809 - INFO - Creating comtypes.gen package failed: [WinError 5] Access is denied: 'C:\\Program Files\\Python314\\Lib\\site-packages\\comtypes\\gen'
2026-09-12 16:55:18,810 - INFO - Created a memory-only package.
2026-09-12 16:55:18,812 - INFO - Using writeable comtypes cache directory: 'C:\Users\EXPRESS\AppData\Roaming\Python\Python314\comtypes_cache'
2026-09-12 16:55:18,819 - DEBUG - GetModule(qedit.dll), resolved: False
2026-09-12 16:55:18,820 - DEBUG - GetModule(TLIBATTR(GUID={78530B68-61F9-11D2-8CAD-00A024580902}, Version=1.0, LCID=0, FLags=0x8))
2026-09-12 16:55:18,843 - DEBUG - Release <POINTER(ITypeLib) ptr=0x1daf1e5a8d0 at 1daf6dbef30>
2026-09-12 16:55:18,843 - DEBUG - GetModule(quartz.dll), resolved: False
2026-09-12 16:55:18,844 - DEBUG - GetModule(TLIBATTR(GUID={56A868B0-0AD4-11CE-B03A-0020AF0BA770}, Version=1.0, LCID=0, FLags=0x8))
2026-09-12 16:55:18,851 - DEBUG - Release <POINTER(ITypeLib) ptr=0x1daf1e5a8d0 at 1daf6dbef30>
2026-09-12 16:55:27,866 - INFO - UI load successful
2026-09-12 16:55:37,889 - INFO - Galvo Laser Shutdown
2026-09-12 16:55:37,890 - CRITICAL - Laser 1 : OFF
2026-09-12 16:55:37,890 - CRITICAL - Laser 2 : OFF
2026-09-12 16:55:37,890 - INFO - Stepper Lasers Shutdown
2026-09-12 16:55:37,890 - INFO - COM connection close successfully
2026-09-12 16:55:37,891 - INFO - Main window close successfully
2026-09-12 16:55:37,891 - INFO - ==================================================
2026-09-12 16:55:37,891 - INFO - New session close at 2026-09-12 16:55
2026-09-12 16:55:37,891 - INFO - ==================================================
2026-09-12 16:55:37,909 - DEBUG - Calling CoUninitialize()
2026-09-12 16:55:37,909 - DEBUG - CoUninitialize() done.
2026-09-12 16:55:42,815 - DEBUG - OpenGL_accelerate module loaded
2026-09-12 16:55:42,826 - DEBUG - Using accelerated ArrayDatatype
2026-09-12 16:55:43,065 - DEBUG - CoInitializeEx(None, 2)
2026-09-12 16:55:43,118 - INFO - Could not import comtypes.gen, trying to create it.
2026-09-12 16:55:43,118 - INFO - Creating comtypes.gen package failed: [WinError 5] Access is denied: 'C:\\Program Files\\Python314\\Lib\\site-packages\\comtypes\\gen'
2026-09-12 16:55:43,118 - INFO - Created a memory-only package.
2026-09-12 16:55:43,121 - INFO - Using writeable comtypes cache directory: 'C:\Users\EXPRESS\AppData\Roaming\Python\Python314\comtypes_cache'
2026-09-12 16:55:43,129 - DEBUG - GetModule(qedit.dll), resolved: False
2026-09-12 16:55:43,131 - DEBUG - GetModule(TLIBATTR(GUID={78530B68-61F9-11D2-8CAD-00A024580902}, Version=1.0, LCID=0, FLags=0x8))
2026-09-12 16:55:43,165 - DEBUG - Release <POINTER(ITypeLib) ptr=0x24399d0f4c0 at 2439ec7ef30>
2026-09-12 16:55:43,165 - DEBUG - GetModule(quartz.dll), resolved: False
2026-09-12 16:55:43,166 - DEBUG - GetModule(TLIBATTR(GUID={56A868B0-0AD4-11CE-B03A-0020AF0BA770}, Version=1.0, LCID=0, FLags=0x8))
2026-09-12 16:55:43,174 - DEBUG - Release <POINTER(ITypeLib) ptr=0x24399d0e700 at 2439ec7ef30>
2026-09-12 16:55:52,234 - INFO - UI load successful
2026-09-12 16:56:02,315 - INFO - Profile : Supervisor
2026-09-12 16:56:34,812 - INFO - Galvo Laser Shutdown
2026-09-12 16:56:34,813 - CRITICAL - Laser 1 : OFF
2026-09-12 16:56:34,813 - CRITICAL - Laser 2 : OFF
2026-09-12 16:56:34,813 - INFO - Stepper Lasers Shutdown
2026-09-12 16:56:34,813 - INFO - COM connection close successfully
2026-09-12 16:56:34,813 - INFO - Main window close successfully
2026-09-12 16:56:34,813 - INFO - ==================================================
2026-09-12 16:56:34,813 - INFO - New session close at 2026-09-12 16:56
2026-09-12 16:56:34,814 - INFO - ==================================================
2026-09-12 16:56:34,830 - DEBUG - Calling CoUninitialize()
2026-09-12 16:56:34,831 - DEBUG - CoUninitialize() done.
2026-09-12 16:57:05,794 - DEBUG - OpenGL_accelerate module loaded
2026-09-12 16:57:05,805 - DEBUG - Using accelerated ArrayDatatype
2026-09-12 16:57:06,048 - DEBUG - CoInitializeEx(None, 2)
2026-09-12 16:57:06,091 - INFO - Could not import comtypes.gen, trying to create it.
2026-09-12 16:57:06,091 - INFO - Creating comtypes.gen package failed: [WinError 5] Access is denied: 'C:\\Program Files\\Python314\\Lib\\site-packages\\comtypes\\gen'
2026-09-12 16:57:06,092 - INFO - Created a memory-only package.
2026-09-12 16:57:06,094 - INFO - Using writeable comtypes cache directory: 'C:\Users\EXPRESS\AppData\Roaming\Python\Python314\comtypes_cache'
2026-09-12 16:57:06,101 - DEBUG - GetModule(qedit.dll), resolved: False
2026-09-12 16:57:06,102 - DEBUG - GetModule(TLIBATTR(GUID={78530B68-61F9-11D2-8CAD-00A024580902}, Version=1.0, LCID=0, FLags=0x8))
2026-09-12 16:57:06,125 - DEBUG - Release <POINTER(ITypeLib) ptr=0x13e64076ea0 at 13e68e4ef30>
2026-09-12 16:57:06,125 - DEBUG - GetModule(quartz.dll), resolved: False
2026-09-12 16:57:06,126 - DEBUG - GetModule(TLIBATTR(GUID={56A868B0-0AD4-11CE-B03A-0020AF0BA770}, Version=1.0, LCID=0, FLags=0x8))
2026-09-12 16:57:06,133 - DEBUG - Release <POINTER(ITypeLib) ptr=0x13e640784a0 at 13e68e4ef30>
2026-09-12 16:57:15,165 - INFO - UI load successful
2026-09-12 16:57:23,294 - INFO - Profile : Supervisor
2026-09-12 17:13:31,797 - INFO - Galvo Laser Shutdown
2026-09-12 17:13:31,798 - CRITICAL - Laser 1 : OFF
2026-09-12 17:13:31,799 - CRITICAL - Laser 2 : OFF
2026-09-12 17:13:31,799 - INFO - Stepper Lasers Shutdown
2026-09-12 17:13:31,799 - INFO - COM connection close successfully
2026-09-12 17:13:31,799 - INFO - Main window close successfully
2026-09-12 17:13:31,799 - INFO - ==================================================
2026-09-12 17:13:31,799 - INFO - New session close at 2026-09-12 17:13
2026-09-12 17:13:31,799 - INFO - ==================================================
2026-09-12 17:13:31,809 - DEBUG - Calling CoUninitialize()
2026-09-12 17:13:31,809 - DEBUG - CoUninitialize() done.
2026-09-12 17:13:36,075 - DEBUG - OpenGL_accelerate module loaded
2026-09-12 17:13:36,085 - DEBUG - Using accelerated ArrayDatatype
2026-09-12 17:13:36,313 - DEBUG - CoInitializeEx(None, 2)
2026-09-12 17:13:36,358 - INFO - Could not import comtypes.gen, trying to create it.
2026-09-12 17:13:36,358 - INFO - Creating comtypes.gen package failed: [WinError 5] Access is denied: 'C:\\Program Files\\Python314\\Lib\\site-packages\\comtypes\\gen'
2026-09-12 17:13:36,358 - INFO - Created a memory-only package.
2026-09-12 17:13:36,361 - INFO - Using writeable comtypes cache directory: 'C:\Users\EXPRESS\AppData\Roaming\Python\Python314\comtypes_cache'
2026-09-12 17:13:36,367 - DEBUG - GetModule(qedit.dll), resolved: False
2026-09-12 17:13:36,368 - DEBUG - GetModule(TLIBATTR(GUID={78530B68-61F9-11D2-8CAD-00A024580902}, Version=1.0, LCID=0, FLags=0x8))
2026-09-12 17:13:36,391 - DEBUG - Release <POINTER(ITypeLib) ptr=0x1bdab8dae20 at 1bdb078ef30>
2026-09-12 17:13:36,392 - DEBUG - GetModule(quartz.dll), resolved: False
2026-09-12 17:13:36,392 - DEBUG - GetModule(TLIBATTR(GUID={56A868B0-0AD4-11CE-B03A-0020AF0BA770}, Version=1.0, LCID=0, FLags=0x8))
2026-09-12 17:13:36,400 - DEBUG - Release <POINTER(ITypeLib) ptr=0x1bdab8dda20 at 1bdb078ef30>
2026-09-12 17:13:45,537 - INFO - UI load successful
2026-09-12 17:13:58,488 - WARNING - Failed login attempt for user: Supervisor
2026-09-12 17:14:03,893 - INFO - Profile : Supervisor
2026-09-12 17:30:04,749 - INFO - File selected : D:/DLL_Galvo/Merger/Galvo_10092026/40mm_square.svg
2026-09-12 17:30:06,876 - INFO - Parameters saved for D:/DLL_Galvo/Merger/Galvo_10092026/40mm_square.svg
2026-09-12 17:30:33,118 - INFO - Parameters saved for D:/DLL_Galvo/Merger/Galvo_10092026/40mm_square.svg
2026-09-12 17:32:17,738 - INFO - Profile : Supervisor
2026-09-12 17:36:09,569 - INFO - Galvo Laser Shutdown
2026-09-12 17:36:09,570 - CRITICAL - Laser 1 : OFF
2026-09-12 17:36:09,571 - CRITICAL - Laser 2 : OFF
2026-09-12 17:36:09,571 - INFO - Stepper Lasers Shutdown
2026-09-12 17:36:09,571 - INFO - COM connection close successfully
2026-09-12 17:36:09,571 - INFO - Main window close successfully
2026-09-12 17:36:09,571 - INFO - ==================================================
2026-09-12 17:36:09,571 - INFO - New session close at 2026-09-12 17:36
2026-09-12 17:36:09,571 - INFO - ==================================================
2026-09-12 17:36:09,583 - DEBUG - Calling CoUninitialize()
2026-09-12 17:36:09,583 - DEBUG - CoUninitialize() done.
2026-09-12 17:36:11,547 - DEBUG - OpenGL_accelerate module loaded
2026-09-12 17:36:11,558 - DEBUG - Using accelerated ArrayDatatype
2026-09-12 17:36:11,788 - DEBUG - CoInitializeEx(None, 2)
2026-09-12 17:36:11,830 - INFO - Could not import comtypes.gen, trying to create it.
2026-09-12 17:36:11,830 - INFO - Creating comtypes.gen package failed: [WinError 5] Access is denied: 'C:\\Program Files\\Python314\\Lib\\site-packages\\comtypes\\gen'
2026-09-12 17:36:11,830 - INFO - Created a memory-only package.
2026-09-12 17:36:11,833 - INFO - Using writeable comtypes cache directory: 'C:\Users\EXPRESS\AppData\Roaming\Python\Python314\comtypes_cache'
2026-09-12 17:36:11,840 - DEBUG - GetModule(qedit.dll), resolved: False
2026-09-12 17:36:11,841 - DEBUG - GetModule(TLIBATTR(GUID={78530B68-61F9-11D2-8CAD-00A024580902}, Version=1.0, LCID=0, FLags=0x8))
2026-09-12 17:36:11,864 - DEBUG - Release <POINTER(ITypeLib) ptr=0x23188d38760 at 2318d8aef30>
2026-09-12 17:36:11,864 - DEBUG - GetModule(quartz.dll), resolved: False
2026-09-12 17:36:11,865 - DEBUG - GetModule(TLIBATTR(GUID={56A868B0-0AD4-11CE-B03A-0020AF0BA770}, Version=1.0, LCID=0, FLags=0x8))
2026-09-12 17:36:11,872 - DEBUG - Release <POINTER(ITypeLib) ptr=0x23188d36ea0 at 2318d8aef30>
2026-09-12 17:36:20,879 - INFO - UI load successful
2026-09-12 17:36:33,074 - INFO - Profile : Supervisor
2026-09-12 17:39:52,190 - INFO - Galvo Laser Shutdown
2026-09-12 17:39:52,191 - CRITICAL - Laser 1 : OFF
2026-09-12 17:39:52,191 - CRITICAL - Laser 2 : OFF
2026-09-12 17:39:52,191 - INFO - Stepper Lasers Shutdown
2026-09-12 17:39:52,191 - INFO - COM connection close successfully
2026-09-12 17:39:52,192 - INFO - Main window close successfully
2026-09-12 17:39:52,192 - INFO - ==================================================
2026-09-12 17:39:52,192 - INFO - New session close at 2026-09-12 17:39
2026-09-12 17:39:52,192 - INFO - ==================================================
2026-09-12 17:39:52,205 - DEBUG - Calling CoUninitialize()
2026-09-12 17:39:52,205 - DEBUG - CoUninitialize() done.
2026-09-12 17:41:07,485 - DEBUG - OpenGL_accelerate module loaded
2026-09-12 17:41:07,495 - DEBUG - Using accelerated ArrayDatatype
2026-09-12 17:41:07,718 - DEBUG - CoInitializeEx(None, 2)
2026-09-12 17:41:07,760 - INFO - Could not import comtypes.gen, trying to create it.
2026-09-12 17:41:07,761 - INFO - Creating comtypes.gen package failed: [WinError 5] Access is denied: 'C:\\Program Files\\Python314\\Lib\\site-packages\\comtypes\\gen'
2026-09-12 17:41:07,761 - INFO - Created a memory-only package.
2026-09-12 17:41:07,763 - INFO - Using writeable comtypes cache directory: 'C:\Users\EXPRESS\AppData\Roaming\Python\Python314\comtypes_cache'
2026-09-12 17:41:07,770 - DEBUG - GetModule(qedit.dll), resolved: False
2026-09-12 17:41:07,771 - DEBUG - GetModule(TLIBATTR(GUID={78530B68-61F9-11D2-8CAD-00A024580902}, Version=1.0, LCID=0, FLags=0x8))
2026-09-12 17:41:07,794 - DEBUG - Release <POINTER(ITypeLib) ptr=0x2997315dee0 at 299744aef30>
2026-09-12 17:41:07,794 - DEBUG - GetModule(quartz.dll), resolved: False
2026-09-12 17:41:07,795 - DEBUG - GetModule(TLIBATTR(GUID={56A868B0-0AD4-11CE-B03A-0020AF0BA770}, Version=1.0, LCID=0, FLags=0x8))
2026-09-12 17:41:07,802 - DEBUG - Release <POINTER(ITypeLib) ptr=0x2997315dee0 at 299744aef30>
2026-09-12 17:41:16,802 - INFO - UI load successful
2026-09-12 17:41:27,518 - INFO - Profile : Supervisor
2026-09-12 17:56:31,631 - DEBUG - Calling CoUninitialize()
2026-09-12 17:56:31,631 - DEBUG - CoUninitialize() done.
2026-09-12 18:18:21,618 - DEBUG - Calling CoUninitialize()
2026-09-12 18:18:21,618 - DEBUG - CoUninitialize() done.
2026-09-12 18:27:25,099 - DEBUG - OpenGL_accelerate module loaded
2026-09-12 18:27:25,138 - DEBUG - Using accelerated ArrayDatatype
2026-09-12 18:27:25,845 - DEBUG - CoInitializeEx(None, 2)
2026-09-12 18:27:25,970 - INFO - Could not import comtypes.gen, trying to create it.
2026-09-12 18:27:25,971 - INFO - Creating comtypes.gen package failed: [WinError 5] Access is denied: 'C:\\Program Files\\Python314\\Lib\\site-packages\\comtypes\\gen'
2026-09-12 18:27:25,971 - INFO - Created a memory-only package.
2026-09-12 18:27:25,975 - INFO - Using writeable comtypes cache directory: 'C:\Users\EXPRESS\AppData\Roaming\Python\Python314\comtypes_cache'
2026-09-12 18:27:25,991 - DEBUG - GetModule(qedit.dll), resolved: False
2026-09-12 18:27:25,996 - DEBUG - GetModule(TLIBATTR(GUID={78530B68-61F9-11D2-8CAD-00A024580902}, Version=1.0, LCID=0, FLags=0x8))
2026-09-12 18:27:26,047 - DEBUG - Release <POINTER(ITypeLib) ptr=0x1bfe449d1b0 at 1bfe953ef30>
2026-09-12 18:27:26,047 - DEBUG - GetModule(quartz.dll), resolved: False
2026-09-12 18:27:26,050 - DEBUG - GetModule(TLIBATTR(GUID={56A868B0-0AD4-11CE-B03A-0020AF0BA770}, Version=1.0, LCID=0, FLags=0x8))
2026-09-12 18:27:26,067 - DEBUG - Release <POINTER(ITypeLib) ptr=0x1bfe449ed30 at 1bfe953ef30>
2026-09-12 18:27:35,808 - INFO - UI load successful
2026-09-12 18:28:10,752 - INFO - Profile : Supervisor
2026-09-12 18:28:19,312 - INFO - File selected : D:/GitHub/RuthvijR-ES/WORKS/sppl-server/Galvo_10092026/40mm_square.svg
2026-09-12 18:28:21,448 - INFO - Parameters saved for D:/GitHub/RuthvijR-ES/WORKS/sppl-server/Galvo_10092026/40mm_square.svg
2026-09-12 18:28:27,590 - INFO - Parameters saved for D:/GitHub/RuthvijR-ES/WORKS/sppl-server/Galvo_10092026/40mm_square.svg
2026-09-12 18:47:20,666 - DEBUG - OpenGL_accelerate module loaded
2026-09-12 18:47:20,716 - DEBUG - Using accelerated ArrayDatatype
2026-09-12 18:47:21,056 - DEBUG - CoInitializeEx(None, 2)
2026-09-12 18:47:21,157 - INFO - Could not import comtypes.gen, trying to create it.
2026-09-12 18:47:21,157 - INFO - Creating comtypes.gen package failed: [WinError 5] Access is denied: 'C:\\Program Files\\Python314\\Lib\\site-packages\\comtypes\\gen'
2026-09-12 18:47:21,160 - INFO - Created a memory-only package.
2026-09-12 18:47:21,163 - INFO - Using writeable comtypes cache directory: 'C:\Users\EXPRESS\AppData\Roaming\Python\Python314\comtypes_cache'
2026-09-12 18:47:21,174 - DEBUG - GetModule(qedit.dll), resolved: False
2026-09-12 18:47:21,193 - DEBUG - GetModule(TLIBATTR(GUID={78530B68-61F9-11D2-8CAD-00A024580902}, Version=1.0, LCID=0, FLags=0x8))
2026-09-12 18:47:21,225 - DEBUG - Release <POINTER(ITypeLib) ptr=0x1d9c24ce760 at 1d9c381ef30>
2026-09-12 18:47:21,225 - DEBUG - GetModule(quartz.dll), resolved: False
2026-09-12 18:47:21,228 - DEBUG - GetModule(TLIBATTR(GUID={56A868B0-0AD4-11CE-B03A-0020AF0BA770}, Version=1.0, LCID=0, FLags=0x8))
2026-09-12 18:47:21,237 - DEBUG - Release <POINTER(ITypeLib) ptr=0x1d9c24cea20 at 1d9c381ef30>
2026-09-12 18:47:30,889 - INFO - UI load successful
2026-09-12 18:47:41,445 - INFO - File selected : D:/GitHub/RuthvijR-ES/WORKS/sppl-server/Galvo_10092026/40mm_square.svg
2026-09-12 18:47:43,975 - INFO - Parameters saved for D:/GitHub/RuthvijR-ES/WORKS/sppl-server/Galvo_10092026/40mm_square.svg
2026-09-12 18:49:40,894 - INFO - File selected : D:/GitHub/RuthvijR-ES/WORKS/sppl-server/Galvo_10092026/80mm_square.svg
2026-09-12 18:49:44,879 - INFO - Parameters saved for D:/GitHub/RuthvijR-ES/WORKS/sppl-server/Galvo_10092026/80mm_square.svg
2026-09-12 18:51:00,416 - INFO - File selected : D:/GitHub/RuthvijR-ES/WORKS/sppl-server/Galvo_10092026/svg_files/ide2.svg
2026-09-12 18:51:07,796 - INFO - Parameters saved for D:/GitHub/RuthvijR-ES/WORKS/sppl-server/Galvo_10092026/svg_files/ide2.svg
2026-09-12 18:54:43,577 - INFO - Galvo Laser Shutdown
2026-09-12 18:54:43,620 - CRITICAL - Laser 1 : OFF
2026-09-12 18:54:43,620 - CRITICAL - Laser 2 : OFF
2026-09-12 18:54:43,620 - INFO - Stepper Lasers Shutdown
2026-09-12 18:54:43,620 - INFO - COM connection close successfully
2026-09-12 18:54:43,620 - INFO - Main window close successfully
2026-09-12 18:54:43,620 - INFO - ==================================================
2026-09-12 18:54:43,621 - INFO - New session close at 2026-09-12 18:54
2026-09-12 18:54:43,621 - INFO - ==================================================
2026-09-12 18:54:43,639 - DEBUG - Calling CoUninitialize()
2026-09-12 18:54:43,639 - DEBUG - CoUninitialize() done.
2026-09-12 19:01:32,359 - DEBUG - OpenGL_accelerate module loaded
2026-09-12 19:01:32,379 - DEBUG - Using accelerated ArrayDatatype
2026-09-12 19:01:32,739 - DEBUG - CoInitializeEx(None, 2)
2026-09-12 19:01:32,843 - INFO - Could not import comtypes.gen, trying to create it.
2026-09-12 19:01:32,843 - INFO - Creating comtypes.gen package failed: [WinError 5] Access is denied: 'C:\\Program Files\\Python314\\Lib\\site-packages\\comtypes\\gen'
2026-09-12 19:01:32,843 - INFO - Created a memory-only package.
2026-09-12 19:01:32,846 - INFO - Using writeable comtypes cache directory: 'C:\Users\EXPRESS\AppData\Roaming\Python\Python314\comtypes_cache'
2026-09-12 19:01:32,857 - DEBUG - GetModule(qedit.dll), resolved: False
2026-09-12 19:01:32,879 - DEBUG - GetModule(TLIBATTR(GUID={78530B68-61F9-11D2-8CAD-00A024580902}, Version=1.0, LCID=0, FLags=0x8))
2026-09-12 19:01:32,917 - DEBUG - Release <POINTER(ITypeLib) ptr=0x1e9722eee20 at 1e97372ef30>
2026-09-12 19:01:32,918 - DEBUG - GetModule(quartz.dll), resolved: False
2026-09-12 19:01:32,919 - DEBUG - GetModule(TLIBATTR(GUID={56A868B0-0AD4-11CE-B03A-0020AF0BA770}, Version=1.0, LCID=0, FLags=0x8))
2026-09-12 19:01:32,927 - DEBUG - Release <POINTER(ITypeLib) ptr=0x1e9722eeb60 at 1e97372ef30>
2026-09-12 19:01:42,139 - INFO - UI load successful
2026-09-12 19:02:22,020 - INFO - Profile : Supervisor
2026-09-12 19:03:00,942 - INFO - File selected : E:/Patterning_Machine(Galvo)/Files/MF device 250 micron channel.dxf
2026-09-12 19:03:14,678 - INFO - Parameters saved for E:/Patterning_Machine(Galvo)/Files/MF device 250 micron channel.dxf
2026-09-12 19:06:50,378 - INFO - File selected : D:/GitHub/RuthvijR-ES/WORKS/sppl-server/Galvo_10092026/80mm_square.svg
2026-09-12 19:06:55,910 - INFO - Parameters saved for D:/GitHub/RuthvijR-ES/WORKS/sppl-server/Galvo_10092026/80mm_square.svg
2026-09-12 19:08:52,613 - INFO - File selected : E:/Patterning_Machine(Galvo)/Files/Difficult/uwPfi-cool-women-face-decorative-art-design.dxf
2026-09-12 19:08:54,986 - INFO - Parameters saved for E:/Patterning_Machine(Galvo)/Files/Difficult/uwPfi-cool-women-face-decorative-art-design.dxf
2026-09-12 19:08:55,262 - INFO - creating ACAD_COLOR dictionary
2026-09-12 19:08:57,336 - INFO - creating ACAD_COLOR dictionary
2026-09-12 19:09:16,702 - INFO - creating ACAD_COLOR dictionary
2026-09-12 19:10:39,624 - INFO - creating ACAD_COLOR dictionary
2026-09-12 19:10:44,786 - INFO - File selected : E:/Patterning_Machine(Galvo)/Files/Difficult/uwPfi-cool-women-face-decorative-art-design.dxf
2026-09-12 19:10:47,938 - INFO - File selected : E:/Patterning_Machine(Galvo)/Files/Difficult/nReDT-bird-floral-flying-wall-decor-home-decoration.dxf
2026-09-12 19:10:49,581 - INFO - Parameters saved for E:/Patterning_Machine(Galvo)/Files/Difficult/nReDT-bird-floral-flying-wall-decor-home-decoration.dxf
2026-09-12 19:10:49,659 - INFO - creating ACAD_COLOR dictionary
2026-09-12 19:10:52,912 - INFO - creating ACAD_COLOR dictionary
2026-09-12 19:15:13,701 - INFO - File selected : E:/Patterning_Machine(Galvo)/Files/concentric_circles-20260831173907.dxf
2026-09-12 19:15:14,963 - INFO - Parameters saved for E:/Patterning_Machine(Galvo)/Files/concentric_circles-20260831173907.dxf
2026-09-12 19:15:14,967 - INFO - DXF version upgrade to DXF R2000.
2026-09-12 19:15:15,047 - INFO - creating ACAD_COLOR dictionary
2026-09-12 19:15:15,047 - INFO - creating ACAD_LAYOUT dictionary
2026-09-12 19:15:15,047 - INFO - creating ACAD_MATERIAL dictionary
2026-09-12 19:15:15,047 - INFO - creating ACAD_MLEADERSTYLE dictionary
2026-09-12 19:15:15,047 - INFO - creating ACAD_MLINESTYLE dictionary
2026-09-12 19:15:15,047 - INFO - creating ACAD_PLOTSETTINGS dictionary
2026-09-12 19:15:15,047 - INFO - creating ACAD_PLOTSTYLENAME dictionary
2026-09-12 19:15:15,047 - INFO - creating ACAD_SCALELIST dictionary
2026-09-12 19:15:15,047 - INFO - creating ACAD_TABLESTYLE dictionary
2026-09-12 19:15:15,047 - INFO - creating ACAD_VISUALSTYLE dictionary
2026-09-12 19:15:16,945 - INFO - DXF version upgrade to DXF R2000.
2026-09-12 19:15:16,949 - INFO - creating ACAD_COLOR dictionary
2026-09-12 19:15:16,949 - INFO - creating ACAD_LAYOUT dictionary
2026-09-12 19:15:16,949 - INFO - creating ACAD_MATERIAL dictionary
2026-09-12 19:15:16,949 - INFO - creating ACAD_MLEADERSTYLE dictionary
2026-09-12 19:15:16,949 - INFO - creating ACAD_MLINESTYLE dictionary
2026-09-12 19:15:16,949 - INFO - creating ACAD_PLOTSETTINGS dictionary
2026-09-12 19:15:16,949 - INFO - creating ACAD_PLOTSTYLENAME dictionary
2026-09-12 19:15:16,949 - INFO - creating ACAD_SCALELIST dictionary
2026-09-12 19:15:16,949 - INFO - creating ACAD_TABLESTYLE dictionary
2026-09-12 19:15:16,949 - INFO - creating ACAD_VISUALSTYLE dictionary
2026-09-12 19:15:26,854 - INFO - DXF version upgrade to DXF R2000.
2026-09-12 19:15:26,859 - INFO - creating ACAD_COLOR dictionary
2026-09-12 19:15:26,859 - INFO - creating ACAD_LAYOUT dictionary
2026-09-12 19:15:26,859 - INFO - creating ACAD_MATERIAL dictionary
2026-09-12 19:15:26,860 - INFO - creating ACAD_MLEADERSTYLE dictionary
2026-09-12 19:15:26,860 - INFO - creating ACAD_MLINESTYLE dictionary
2026-09-12 19:15:26,860 - INFO - creating ACAD_PLOTSETTINGS dictionary
2026-09-12 19:15:26,860 - INFO - creating ACAD_PLOTSTYLENAME dictionary
2026-09-12 19:15:26,860 - INFO - creating ACAD_SCALELIST dictionary
2026-09-12 19:15:26,860 - INFO - creating ACAD_TABLESTYLE dictionary
2026-09-12 19:15:26,860 - INFO - creating ACAD_VISUALSTYLE dictionary
2026-09-12 19:16:47,737 - INFO - File selected : D:/EXPRESS/Downloads/72mm Array.dxf
2026-09-12 19:16:52,572 - INFO - Parameters saved for D:/EXPRESS/Downloads/72mm Array.dxf
2026-09-12 19:16:53,113 - DEBUG - Creating ROOT dictionary.
2026-09-12 19:16:53,113 - INFO - creating ACAD_COLOR dictionary
2026-09-12 19:16:53,113 - INFO - creating ACAD_GROUP dictionary
2026-09-12 19:16:53,113 - INFO - creating ACAD_LAYOUT dictionary
2026-09-12 19:16:53,113 - INFO - creating ACAD_MATERIAL dictionary
2026-09-12 19:16:53,113 - INFO - creating ACAD_MLEADERSTYLE dictionary
2026-09-12 19:16:53,113 - INFO - creating ACAD_MLINESTYLE dictionary
2026-09-12 19:16:53,113 - INFO - creating ACAD_PLOTSETTINGS dictionary
2026-09-12 19:16:53,113 - INFO - creating ACAD_PLOTSTYLENAME dictionary
2026-09-12 19:16:53,114 - INFO - creating ACAD_SCALELIST dictionary
2026-09-12 19:16:53,114 - INFO - creating ACAD_TABLESTYLE dictionary
2026-09-12 19:16:53,114 - INFO - creating ACAD_VISUALSTYLE dictionary
2026-09-12 19:16:56,599 - DEBUG - Creating ROOT dictionary.
2026-09-12 19:16:56,599 - INFO - creating ACAD_COLOR dictionary
2026-09-12 19:16:56,599 - INFO - creating ACAD_GROUP dictionary
2026-09-12 19:16:56,599 - INFO - creating ACAD_LAYOUT dictionary
2026-09-12 19:16:56,599 - INFO - creating ACAD_MATERIAL dictionary
2026-09-12 19:16:56,599 - INFO - creating ACAD_MLEADERSTYLE dictionary
2026-09-12 19:16:56,599 - INFO - creating ACAD_MLINESTYLE dictionary
2026-09-12 19:16:56,599 - INFO - creating ACAD_PLOTSETTINGS dictionary
2026-09-12 19:16:56,599 - INFO - creating ACAD_PLOTSTYLENAME dictionary
2026-09-12 19:16:56,600 - INFO - creating ACAD_SCALELIST dictionary
2026-09-12 19:16:56,600 - INFO - creating ACAD_TABLESTYLE dictionary
2026-09-12 19:16:56,600 - INFO - creating ACAD_VISUALSTYLE dictionary
2026-09-12 19:22:11,456 - INFO - Galvo Laser Shutdown
2026-09-12 19:22:11,460 - CRITICAL - Laser 1 : OFF
2026-09-12 19:22:11,460 - CRITICAL - Laser 2 : OFF
2026-09-12 19:22:11,460 - INFO - Stepper Lasers Shutdown
2026-09-12 19:22:11,460 - INFO - COM connection close successfully
2026-09-12 19:22:11,460 - INFO - Main window close successfully
2026-09-12 19:22:11,460 - INFO - ==================================================
2026-09-12 19:22:11,460 - INFO - New session close at 2026-09-12 19:22
2026-09-12 19:22:11,460 - INFO - ==================================================
2026-09-12 19:22:11,482 - DEBUG - Calling CoUninitialize()
2026-09-12 19:22:11,482 - DEBUG - CoUninitialize() done.
2026-09-12 19:24:50,620 - DEBUG - OpenGL_accelerate module loaded
2026-09-12 19:24:50,638 - DEBUG - Using accelerated ArrayDatatype
2026-09-12 19:24:50,982 - DEBUG - CoInitializeEx(None, 2)
2026-09-12 19:24:51,086 - INFO - Could not import comtypes.gen, trying to create it.
2026-09-12 19:24:51,086 - INFO - Creating comtypes.gen package failed: [WinError 5] Access is denied: 'C:\\Program Files\\Python314\\Lib\\site-packages\\comtypes\\gen'
2026-09-12 19:24:51,086 - INFO - Created a memory-only package.
2026-09-12 19:24:51,089 - INFO - Using writeable comtypes cache directory: 'C:\Users\EXPRESS\AppData\Roaming\Python\Python314\comtypes_cache'
2026-09-12 19:24:51,102 - DEBUG - GetModule(qedit.dll), resolved: False
2026-09-12 19:24:51,120 - DEBUG - GetModule(TLIBATTR(GUID={78530B68-61F9-11D2-8CAD-00A024580902}, Version=1.0, LCID=0, FLags=0x8))
2026-09-12 19:24:51,159 - DEBUG - Release <POINTER(ITypeLib) ptr=0x1ad001bbff0 at 1ad7fabef30>
2026-09-12 19:24:51,159 - DEBUG - GetModule(quartz.dll), resolved: False
2026-09-12 19:24:51,161 - DEBUG - GetModule(TLIBATTR(GUID={56A868B0-0AD4-11CE-B03A-0020AF0BA770}, Version=1.0, LCID=0, FLags=0x8))
2026-09-12 19:24:51,174 - DEBUG - Release <POINTER(ITypeLib) ptr=0x1ad001bc570 at 1ad7fabef30>
2026-09-12 19:25:00,358 - INFO - UI load successful
2026-09-12 19:25:27,718 - INFO - Profile : Supervisor
2026-09-12 19:27:19,128 - INFO - File selected : D:/GitHub/RuthvijR-ES/WORKS/sppl-server/Galvo_10092026/MF device 250 micron channel.dxf
2026-09-12 19:27:23,018 - INFO - Parameters saved for D:/GitHub/RuthvijR-ES/WORKS/sppl-server/Galvo_10092026/MF device 250 micron channel.dxf
2026-09-12 19:28:34,472 - INFO - Parameters saved for D:/GitHub/RuthvijR-ES/WORKS/sppl-server/Galvo_10092026/MF device 250 micron channel.dxf
2026-09-12 19:28:43,631 - INFO - Galvo Laser Shutdown
2026-09-12 19:28:43,631 - CRITICAL - Laser 1 : OFF
2026-09-12 19:28:43,631 - CRITICAL - Laser 2 : OFF
2026-09-12 19:28:43,631 - INFO - Stepper Lasers Shutdown
2026-09-12 19:28:43,631 - INFO - COM connection close successfully
2026-09-12 19:28:43,631 - INFO - Main window close successfully
2026-09-12 19:28:43,632 - INFO - ==================================================
2026-09-12 19:28:43,632 - INFO - New session close at 2026-09-12 19:28
2026-09-12 19:28:43,632 - INFO - ==================================================
2026-09-12 19:28:43,646 - DEBUG - Calling CoUninitialize()
2026-09-12 19:28:43,647 - DEBUG - CoUninitialize() done.
2026-09-12 19:31:21,631 - DEBUG - OpenGL_accelerate module loaded
2026-09-12 19:31:21,645 - DEBUG - Using accelerated ArrayDatatype
2026-09-12 19:31:21,982 - DEBUG - CoInitializeEx(None, 2)
2026-09-12 19:31:22,041 - INFO - Could not import comtypes.gen, trying to create it.
2026-09-12 19:31:22,041 - INFO - Creating comtypes.gen package failed: [WinError 5] Access is denied: 'C:\\Program Files\\Python314\\Lib\\site-packages\\comtypes\\gen'
2026-09-12 19:31:22,041 - INFO - Created a memory-only package.
2026-09-12 19:31:22,044 - INFO - Using writeable comtypes cache directory: 'C:\Users\EXPRESS\AppData\Roaming\Python\Python314\comtypes_cache'
2026-09-12 19:31:22,054 - DEBUG - GetModule(qedit.dll), resolved: False
2026-09-12 19:31:22,055 - DEBUG - GetModule(TLIBATTR(GUID={78530B68-61F9-11D2-8CAD-00A024580902}, Version=1.0, LCID=0, FLags=0x8))
2026-09-12 19:31:22,086 - DEBUG - Release <POINTER(ITypeLib) ptr=0x19611dd42a0 at 19616a1ef30>
2026-09-12 19:31:22,087 - DEBUG - GetModule(quartz.dll), resolved: False
2026-09-12 19:31:22,088 - DEBUG - GetModule(TLIBATTR(GUID={56A868B0-0AD4-11CE-B03A-0020AF0BA770}, Version=1.0, LCID=0, FLags=0x8))
2026-09-12 19:31:22,097 - DEBUG - Release <POINTER(ITypeLib) ptr=0x19611dd42a0 at 19616a1ef30>
2026-09-12 19:31:31,164 - INFO - UI load successful
2026-09-12 19:31:48,765 - INFO - Profile : Supervisor
2026-09-12 19:31:59,806 - INFO - File selected : D:/GitHub/RuthvijR-ES/WORKS/sppl-server/Galvo_10092026/40mm_square.svg
2026-09-12 19:32:01,930 - INFO - Parameters saved for D:/GitHub/RuthvijR-ES/WORKS/sppl-server/Galvo_10092026/40mm_square.svg
2026-09-12 19:32:19,181 - INFO - File selected : D:/GitHub/RuthvijR-ES/WORKS/sppl-server/Galvo_10092026/MF device 250 micron channel.dxf
2026-09-12 19:32:21,049 - INFO - Parameters saved for D:/GitHub/RuthvijR-ES/WORKS/sppl-server/Galvo_10092026/MF device 250 micron channel.dxf
2026-09-12 19:32:36,132 - INFO - File selected : E:/Patterning_Machine(Galvo)/Files/Difficult/nReDT-bird-floral-flying-wall-decor-home-decoration.dxf
2026-09-12 19:32:38,082 - INFO - Parameters saved for E:/Patterning_Machine(Galvo)/Files/Difficult/nReDT-bird-floral-flying-wall-decor-home-decoration.dxf
2026-09-12 19:32:38,162 - INFO - creating ACAD_COLOR dictionary
2026-09-12 19:32:41,152 - INFO - creating ACAD_COLOR dictionary
2026-09-12 19:32:50,329 - INFO - File selected : E:/Patterning_Machine(Galvo)/Files/Difficult/uwPfi-cool-women-face-decorative-art-design.dxf
2026-09-12 19:32:51,953 - INFO - Parameters saved for E:/Patterning_Machine(Galvo)/Files/Difficult/uwPfi-cool-women-face-decorative-art-design.dxf
2026-09-12 19:32:52,142 - INFO - creating ACAD_COLOR dictionary
2026-09-12 19:32:54,068 - INFO - creating ACAD_COLOR dictionary
2026-09-12 19:33:05,889 - INFO - creating ACAD_COLOR dictionary
2026-09-12 19:33:15,351 - INFO - >> Hardware Trigger: DI1 (Start) Pressed!
2026-09-12 19:33:15,568 - INFO - >> Hardware Trigger: DI1 (Start) Not Pressed!
2026-09-12 19:33:57,578 - INFO - File selected : E:/Patterning_Machine(Galvo)/Files/40mm_square.svg
2026-09-12 19:33:59,721 - INFO - Parameters saved for E:/Patterning_Machine(Galvo)/Files/40mm_square.svg
2026-09-12 19:34:27,791 - INFO - Galvo Laser Shutdown
2026-09-12 19:34:27,792 - CRITICAL - Laser 1 : OFF
2026-09-12 19:34:27,792 - CRITICAL - Laser 2 : OFF
2026-09-12 19:34:27,792 - INFO - Stepper Lasers Shutdown
2026-09-12 19:34:27,792 - INFO - COM connection close successfully
2026-09-12 19:34:27,792 - INFO - Main window close successfully
2026-09-12 19:34:27,792 - INFO - ==================================================
2026-09-12 19:34:27,792 - INFO - New session close at 2026-09-12 19:34
2026-09-12 19:34:27,793 - INFO - ==================================================
2026-09-12 19:34:27,849 - DEBUG - Calling CoUninitialize()
2026-09-12 19:34:27,849 - DEBUG - CoUninitialize() done.
2026-09-12 19:41:03,581 - DEBUG - Calling CoUninitialize()
2026-09-12 19:41:03,582 - DEBUG - CoUninitialize() done.
2026-09-21 11:05:27,163 - DEBUG - OpenGL_accelerate module loaded
2026-09-21 11:05:27,276 - DEBUG - Using accelerated ArrayDatatype
2026-09-21 11:05:29,047 - DEBUG - CoInitializeEx(None, 2)
2026-09-21 11:05:29,408 - INFO - Could not import comtypes.gen, trying to create it.
2026-09-21 11:05:29,408 - INFO - Creating comtypes.gen package failed: [WinError 5] Access is denied: 'C:\\Program Files\\Python314\\Lib\\site-packages\\comtypes\\gen'
2026-09-21 11:05:29,408 - INFO - Created a memory-only package.
2026-09-21 11:05:29,410 - INFO - Using writeable comtypes cache directory: 'C:\Users\EXPRESS\AppData\Roaming\Python\Python314\comtypes_cache'
2026-09-21 11:05:29,449 - DEBUG - GetModule(qedit.dll), resolved: False
2026-09-21 11:05:29,460 - DEBUG - GetModule(TLIBATTR(GUID={78530B68-61F9-11D2-8CAD-00A024580902}, Version=1.0, LCID=0, FLags=0x8))
2026-09-21 11:05:29,517 - DEBUG - Release <POINTER(ITypeLib) ptr=0x21a7b0b1920 at 21a0002ef30>
2026-09-21 11:05:29,517 - DEBUG - GetModule(quartz.dll), resolved: False
2026-09-21 11:05:29,520 - DEBUG - GetModule(TLIBATTR(GUID={56A868B0-0AD4-11CE-B03A-0020AF0BA770}, Version=1.0, LCID=0, FLags=0x8))
2026-09-21 11:05:29,537 - DEBUG - Release <POINTER(ITypeLib) ptr=0x21a7b0b2c60 at 21a0002ef30>
2026-09-21 11:05:38,977 - INFO - UI load successful
2026-09-21 11:08:02,066 - INFO - Profile : Supervisor
2026-09-21 11:11:29,044 - DEBUG - OpenGL_accelerate module loaded
2026-09-21 11:11:29,054 - DEBUG - Using accelerated ArrayDatatype
2026-09-21 11:11:29,289 - DEBUG - CoInitializeEx(None, 2)
2026-09-21 11:11:29,335 - INFO - Could not import comtypes.gen, trying to create it.
2026-09-21 11:11:29,335 - INFO - Creating comtypes.gen package failed: [WinError 5] Access is denied: 'C:\\Program Files\\Python314\\Lib\\site-packages\\comtypes\\gen'
2026-09-21 11:11:29,335 - INFO - Created a memory-only package.
2026-09-21 11:11:29,338 - INFO - Using writeable comtypes cache directory: 'C:\Users\EXPRESS\AppData\Roaming\Python\Python314\comtypes_cache'
2026-09-21 11:11:29,344 - DEBUG - GetModule(qedit.dll), resolved: False
2026-09-21 11:11:29,346 - DEBUG - GetModule(TLIBATTR(GUID={78530B68-61F9-11D2-8CAD-00A024580902}, Version=1.0, LCID=0, FLags=0x8))
2026-09-21 11:11:29,369 - DEBUG - Release <POINTER(ITypeLib) ptr=0x22d2efc4770 at 22d340bef30>
2026-09-21 11:11:29,369 - DEBUG - GetModule(quartz.dll), resolved: False
2026-09-21 11:11:29,370 - DEBUG - GetModule(TLIBATTR(GUID={56A868B0-0AD4-11CE-B03A-0020AF0BA770}, Version=1.0, LCID=0, FLags=0x8))
2026-09-21 11:11:29,377 - DEBUG - Release <POINTER(ITypeLib) ptr=0x22d2efc4770 at 22d340bef30>
2026-09-21 11:11:38,106 - INFO - UI load successful
2026-09-21 11:13:39,192 - INFO - Profile : Supervisor
2026-09-21 11:16:56,482 - INFO - File selected : D:/GitHub/RuthvijR-ES/WORKS/sppl-server/Galvo_10092026/MF device 250 micron channel.dxf
2026-09-21 11:16:58,492 - INFO - Parameters saved for D:/GitHub/RuthvijR-ES/WORKS/sppl-server/Galvo_10092026/MF device 250 micron channel.dxf
2026-09-21 11:29:51,595 - INFO - File selected : D:/EXPRESS/Downloads/star_mandala_40x40_pure.dxf
2026-09-21 11:29:54,085 - INFO - Parameters saved for D:/EXPRESS/Downloads/star_mandala_40x40_pure.dxf
2026-09-21 11:34:20,209 - INFO - File selected : D:/EXPRESS/Downloads/nReDT-bird-floral-flying-wall-decor-home-decoration.dxf
2026-09-21 11:34:22,953 - INFO - Parameters saved for D:/EXPRESS/Downloads/nReDT-bird-floral-flying-wall-decor-home-decoration.dxf
2026-09-21 11:34:23,063 - INFO - creating ACAD_COLOR dictionary
2026-09-21 11:34:27,839 - INFO - creating ACAD_COLOR dictionary
2026-09-21 11:51:31,442 - INFO - Galvo Laser Shutdown
2026-09-21 11:51:31,451 - CRITICAL - Laser 1 : OFF
2026-09-21 11:51:31,452 - CRITICAL - Laser 2 : OFF
2026-09-21 11:51:31,452 - INFO - Stepper Lasers Shutdown
2026-09-21 11:51:31,452 - INFO - COM connection close successfully
2026-09-21 11:51:31,452 - INFO - Main window close successfully
2026-09-21 11:51:31,452 - INFO - ==================================================
2026-09-21 11:51:31,452 - INFO - New session close at 2026-09-21 11:51
2026-09-21 11:51:31,453 - INFO - ==================================================
2026-09-21 11:51:31,467 - DEBUG - Calling CoUninitialize()
2026-09-21 11:51:31,468 - DEBUG - CoUninitialize() done.
2026-09-21 11:54:04,095 - DEBUG - OpenGL_accelerate module loaded
2026-09-21 11:54:04,184 - DEBUG - Using accelerated ArrayDatatype
2026-09-21 11:54:05,560 - DEBUG - CoInitializeEx(None, 2)
2026-09-21 11:54:05,863 - INFO - Could not import comtypes.gen, trying to create it.
2026-09-21 11:54:05,863 - INFO - Creating comtypes.gen package failed: [WinError 5] Access is denied: 'C:\\Program Files\\Python314\\Lib\\site-packages\\comtypes\\gen'
2026-09-21 11:54:05,863 - INFO - Created a memory-only package.
2026-09-21 11:54:05,866 - INFO - Using writeable comtypes cache directory: 'C:\Users\EXPRESS\AppData\Roaming\Python\Python314\comtypes_cache'
2026-09-21 11:54:05,898 - DEBUG - GetModule(qedit.dll), resolved: False
2026-09-21 11:54:05,901 - DEBUG - GetModule(TLIBATTR(GUID={78530B68-61F9-11D2-8CAD-00A024580902}, Version=1.0, LCID=0, FLags=0x8))
2026-09-21 11:54:05,973 - DEBUG - Release <POINTER(ITypeLib) ptr=0x1ce21c49be0 at 1ce2312af30>
2026-09-21 11:54:05,973 - DEBUG - GetModule(quartz.dll), resolved: False
2026-09-21 11:54:05,975 - DEBUG - GetModule(TLIBATTR(GUID={56A868B0-0AD4-11CE-B03A-0020AF0BA770}, Version=1.0, LCID=0, FLags=0x8))
2026-09-21 11:54:05,991 - DEBUG - Release <POINTER(ITypeLib) ptr=0x1ce21c4d020 at 1ce2312af30>
2026-09-21 11:54:15,477 - INFO - UI load successful
2026-09-21 11:54:24,763 - INFO - Close event ignored.
2026-09-21 11:54:42,199 - INFO - Galvo Laser Shutdown
2026-09-21 11:54:42,200 - CRITICAL - Laser 1 : OFF
2026-09-21 11:54:42,200 - CRITICAL - Laser 2 : OFF
2026-09-21 11:54:42,200 - INFO - Stepper Lasers Shutdown
2026-09-21 11:54:42,200 - INFO - COM connection close successfully
2026-09-21 11:54:42,200 - INFO - Main window close successfully
2026-09-21 11:54:42,200 - INFO - ==================================================
2026-09-21 11:54:42,200 - INFO - New session close at 2026-09-21 11:54
2026-09-21 11:54:42,201 - INFO - ==================================================
2026-09-21 11:54:46,633 - INFO - >> Hardware Trigger: DI1 (Start) Pressed!
2026-09-21 11:54:46,634 - INFO - >> Hardware Trigger: DI2 (Abort) Pressed!
2026-09-21 12:29:50,375 - DEBUG - OpenGL_accelerate module loaded
2026-09-21 12:29:50,386 - DEBUG - Using accelerated ArrayDatatype
2026-09-21 12:29:50,625 - DEBUG - CoInitializeEx(None, 2)
2026-09-21 12:29:50,673 - INFO - Could not import comtypes.gen, trying to create it.
2026-09-21 12:29:50,674 - INFO - Creating comtypes.gen package failed: [WinError 5] Access is denied: 'C:\\Program Files\\Python314\\Lib\\site-packages\\comtypes\\gen'
2026-09-21 12:29:50,674 - INFO - Created a memory-only package.
2026-09-21 12:29:50,676 - INFO - Using writeable comtypes cache directory: 'C:\Users\EXPRESS\AppData\Roaming\Python\Python314\comtypes_cache'
2026-09-21 12:29:50,683 - DEBUG - GetModule(qedit.dll), resolved: False
2026-09-21 12:29:50,684 - DEBUG - GetModule(TLIBATTR(GUID={78530B68-61F9-11D2-8CAD-00A024580902}, Version=1.0, LCID=0, FLags=0x8))
2026-09-21 12:29:50,708 - DEBUG - Release <POINTER(ITypeLib) ptr=0x212554e9200 at 2125a2baf30>
2026-09-21 12:29:50,708 - DEBUG - GetModule(quartz.dll), resolved: False
2026-09-21 12:29:50,709 - DEBUG - GetModule(TLIBATTR(GUID={56A868B0-0AD4-11CE-B03A-0020AF0BA770}, Version=1.0, LCID=0, FLags=0x8))
2026-09-21 12:29:50,717 - DEBUG - Release <POINTER(ITypeLib) ptr=0x212554e9d00 at 2125a2baf30>
2026-09-21 12:29:59,406 - INFO - UI load successful
2026-09-21 12:31:24,859 - INFO - Galvo Laser Shutdown
2026-09-21 12:31:24,860 - CRITICAL - Laser 1 : OFF
2026-09-21 12:31:24,860 - CRITICAL - Laser 2 : OFF
2026-09-21 12:31:24,860 - INFO - Stepper Lasers Shutdown
2026-09-21 12:31:24,860 - INFO - COM connection close successfully
2026-09-21 12:31:24,860 - INFO - Main window close successfully
2026-09-21 12:31:24,860 - INFO - ==================================================
2026-09-21 12:31:24,860 - INFO - New session close at 2026-09-21 12:31
2026-09-21 12:31:24,860 - INFO - ==================================================
2026-09-21 12:31:24,877 - DEBUG - Calling CoUninitialize()
2026-09-21 12:31:24,877 - DEBUG - CoUninitialize() done.
2026-09-21 12:36:46,642 - DEBUG - OpenGL_accelerate module loaded
2026-09-21 12:36:46,653 - DEBUG - Using accelerated ArrayDatatype
2026-09-21 12:36:46,886 - DEBUG - CoInitializeEx(None, 2)
2026-09-21 12:36:46,934 - INFO - Could not import comtypes.gen, trying to create it.
2026-09-21 12:36:46,934 - INFO - Creating comtypes.gen package failed: [WinError 5] Access is denied: 'C:\\Program Files\\Python314\\Lib\\site-packages\\comtypes\\gen'
2026-09-21 12:36:46,934 - INFO - Created a memory-only package.
2026-09-21 12:36:46,937 - INFO - Using writeable comtypes cache directory: 'C:\Users\EXPRESS\AppData\Roaming\Python\Python314\comtypes_cache'
2026-09-21 12:36:46,943 - DEBUG - GetModule(qedit.dll), resolved: False
2026-09-21 12:36:46,945 - DEBUG - GetModule(TLIBATTR(GUID={78530B68-61F9-11D2-8CAD-00A024580902}, Version=1.0, LCID=0, FLags=0x8))
2026-09-21 12:36:46,970 - DEBUG - Release <POINTER(ITypeLib) ptr=0x220392cd160 at 2203e32af30>
2026-09-21 12:36:46,971 - DEBUG - GetModule(quartz.dll), resolved: False
2026-09-21 12:36:46,971 - DEBUG - GetModule(TLIBATTR(GUID={56A868B0-0AD4-11CE-B03A-0020AF0BA770}, Version=1.0, LCID=0, FLags=0x8))
2026-09-21 12:36:46,979 - DEBUG - Release <POINTER(ITypeLib) ptr=0x220392cbb60 at 2203e32af30>
2026-09-21 12:36:56,146 - INFO - UI load successful
2026-09-21 12:51:57,605 - INFO - Galvo Laser Shutdown
2026-09-21 12:51:57,649 - CRITICAL - Laser 1 : OFF
2026-09-21 12:51:57,649 - CRITICAL - Laser 2 : OFF
2026-09-21 12:51:57,649 - INFO - Stepper Lasers Shutdown
2026-09-21 12:51:57,649 - INFO - COM connection close successfully
2026-09-21 12:51:57,649 - INFO - Main window close successfully
2026-09-21 12:51:57,649 - INFO - ==================================================
2026-09-21 12:51:57,649 - INFO - New session close at 2026-09-21 12:51
2026-09-21 12:51:57,650 - INFO - ==================================================
2026-09-21 12:51:57,662 - DEBUG - Calling CoUninitialize()
2026-09-21 12:51:57,662 - DEBUG - CoUninitialize() done.
2026-09-21 12:53:21,158 - DEBUG - OpenGL_accelerate module loaded
2026-09-21 12:53:21,176 - DEBUG - Using accelerated ArrayDatatype
2026-09-21 12:53:21,544 - DEBUG - CoInitializeEx(None, 2)
2026-09-21 12:53:21,678 - INFO - Could not import comtypes.gen, trying to create it.
2026-09-21 12:53:21,678 - INFO - Creating comtypes.gen package failed: [WinError 5] Access is denied: 'C:\\Program Files\\Python314\\Lib\\site-packages\\comtypes\\gen'
2026-09-21 12:53:21,678 - INFO - Created a memory-only package.
2026-09-21 12:53:21,681 - INFO - Using writeable comtypes cache directory: 'C:\Users\EXPRESS\AppData\Roaming\Python\Python314\comtypes_cache'
2026-09-21 12:53:21,692 - DEBUG - GetModule(qedit.dll), resolved: False
2026-09-21 12:53:21,712 - DEBUG - GetModule(TLIBATTR(GUID={78530B68-61F9-11D2-8CAD-00A024580902}, Version=1.0, LCID=0, FLags=0x8))
2026-09-21 12:53:21,758 - DEBUG - Release <POINTER(ITypeLib) ptr=0x1b91fd8c9d0 at 1b9210faf30>
2026-09-21 12:53:21,758 - DEBUG - GetModule(quartz.dll), resolved: False
2026-09-21 12:53:21,763 - DEBUG - GetModule(TLIBATTR(GUID={56A868B0-0AD4-11CE-B03A-0020AF0BA770}, Version=1.0, LCID=0, FLags=0x8))
2026-09-21 12:53:21,775 - DEBUG - Release <POINTER(ITypeLib) ptr=0x1b91fd8a350 at 1b9210faf30>
2026-09-21 12:53:31,043 - INFO - UI load successful
2026-09-21 13:09:08,166 - INFO - Galvo Laser Shutdown
2026-09-21 13:09:08,167 - CRITICAL - Laser 1 : OFF
2026-09-21 13:09:08,167 - CRITICAL - Laser 2 : OFF
2026-09-21 13:09:08,167 - INFO - Stepper Lasers Shutdown
2026-09-21 13:09:08,167 - INFO - COM connection close successfully
2026-09-21 13:09:08,167 - INFO - Main window close successfully
2026-09-21 13:09:08,167 - INFO - ==================================================
2026-09-21 13:09:08,167 - INFO - New session close at 2026-09-21 13:09
2026-09-21 13:09:08,167 - INFO - ==================================================
2026-09-21 13:09:08,176 - DEBUG - Calling CoUninitialize()
2026-09-21 13:09:08,176 - DEBUG - CoUninitialize() done.
2026-09-21 13:09:16,841 - DEBUG - OpenGL_accelerate module loaded
2026-09-21 13:09:16,851 - DEBUG - Using accelerated ArrayDatatype
2026-09-21 13:09:17,065 - DEBUG - CoInitializeEx(None, 2)
2026-09-21 13:09:17,107 - INFO - Could not import comtypes.gen, trying to create it.
2026-09-21 13:09:17,108 - INFO - Creating comtypes.gen package failed: [WinError 5] Access is denied: 'C:\\Program Files\\Python314\\Lib\\site-packages\\comtypes\\gen'
2026-09-21 13:09:17,108 - INFO - Created a memory-only package.
2026-09-21 13:09:17,112 - INFO - Using writeable comtypes cache directory: 'C:\Users\EXPRESS\AppData\Roaming\Python\Python314\comtypes_cache'
2026-09-21 13:09:17,117 - DEBUG - GetModule(qedit.dll), resolved: False
2026-09-21 13:09:17,119 - DEBUG - GetModule(TLIBATTR(GUID={78530B68-61F9-11D2-8CAD-00A024580902}, Version=1.0, LCID=0, FLags=0x8))
2026-09-21 13:09:17,142 - DEBUG - Release <POINTER(ITypeLib) ptr=0x2813373d760 at 2813865af30>
2026-09-21 13:09:17,143 - DEBUG - GetModule(quartz.dll), resolved: False
2026-09-21 13:09:17,143 - DEBUG - GetModule(TLIBATTR(GUID={56A868B0-0AD4-11CE-B03A-0020AF0BA770}, Version=1.0, LCID=0, FLags=0x8))
2026-09-21 13:09:17,150 - DEBUG - Release <POINTER(ITypeLib) ptr=0x2813373dce0 at 2813865af30>
2026-09-21 13:09:26,241 - INFO - UI load successful
2026-09-21 13:13:19,332 - INFO - Galvo Laser Shutdown
2026-09-21 13:13:19,333 - CRITICAL - Laser 1 : OFF
2026-09-21 13:13:19,333 - CRITICAL - Laser 2 : OFF
2026-09-21 13:13:19,333 - INFO - Stepper Lasers Shutdown
2026-09-21 13:13:19,333 - INFO - COM connection close successfully
2026-09-21 13:13:19,333 - INFO - Main window close successfully
2026-09-21 13:13:19,333 - INFO - ==================================================
2026-09-21 13:13:19,333 - INFO - New session close at 2026-09-21 13:13
2026-09-21 13:13:19,333 - INFO - ==================================================
2026-09-21 13:13:19,348 - DEBUG - Calling CoUninitialize()
2026-09-21 13:13:19,349 - DEBUG - CoUninitialize() done.
2026-09-21 13:14:41,355 - DEBUG - OpenGL_accelerate module loaded
2026-09-21 13:14:41,366 - DEBUG - Using accelerated ArrayDatatype
2026-09-21 13:14:41,589 - DEBUG - CoInitializeEx(None, 2)
2026-09-21 13:14:41,634 - INFO - Could not import comtypes.gen, trying to create it.
2026-09-21 13:14:41,634 - INFO - Creating comtypes.gen package failed: [WinError 5] Access is denied: 'C:\\Program Files\\Python314\\Lib\\site-packages\\comtypes\\gen'
2026-09-21 13:14:41,634 - INFO - Created a memory-only package.
2026-09-21 13:14:41,637 - INFO - Using writeable comtypes cache directory: 'C:\Users\EXPRESS\AppData\Roaming\Python\Python314\comtypes_cache'
2026-09-21 13:14:41,643 - DEBUG - GetModule(qedit.dll), resolved: False
2026-09-21 13:14:41,644 - DEBUG - GetModule(TLIBATTR(GUID={78530B68-61F9-11D2-8CAD-00A024580902}, Version=1.0, LCID=0, FLags=0x8))
2026-09-21 13:14:41,668 - DEBUG - Release <POINTER(ITypeLib) ptr=0x20d45cbad10 at 20d470daf30>
2026-09-21 13:14:41,669 - DEBUG - GetModule(quartz.dll), resolved: False
2026-09-21 13:14:41,670 - DEBUG - GetModule(TLIBATTR(GUID={56A868B0-0AD4-11CE-B03A-0020AF0BA770}, Version=1.0, LCID=0, FLags=0x8))
2026-09-21 13:14:41,677 - DEBUG - Release <POINTER(ITypeLib) ptr=0x20d45cbad10 at 20d470daf30>
2026-09-21 13:14:50,764 - INFO - UI load successful
2026-09-21 13:30:00,029 - INFO - Galvo Laser Shutdown
2026-09-21 13:30:00,030 - CRITICAL - Laser 1 : OFF
2026-09-21 13:30:00,030 - CRITICAL - Laser 2 : OFF
2026-09-21 13:30:00,030 - INFO - Stepper Lasers Shutdown
2026-09-21 13:30:00,030 - INFO - COM connection close successfully
2026-09-21 13:30:00,030 - INFO - Main window close successfully
2026-09-21 13:30:00,030 - INFO - ==================================================
2026-09-21 13:30:00,030 - INFO - New session close at 2026-09-21 13:30
2026-09-21 13:30:00,030 - INFO - ==================================================
2026-09-21 13:30:00,047 - DEBUG - Calling CoUninitialize()
2026-09-21 13:30:00,048 - DEBUG - CoUninitialize() done.
2026-09-21 13:30:03,175 - DEBUG - OpenGL_accelerate module loaded
2026-09-21 13:30:03,185 - DEBUG - Using accelerated ArrayDatatype
2026-09-21 13:30:03,456 - DEBUG - CoInitializeEx(None, 2)
2026-09-21 13:30:03,500 - INFO - Could not import comtypes.gen, trying to create it.
2026-09-21 13:30:03,500 - INFO - Creating comtypes.gen package failed: [WinError 5] Access is denied: 'C:\\Program Files\\Python314\\Lib\\site-packages\\comtypes\\gen'
2026-09-21 13:30:03,501 - INFO - Created a memory-only package.
2026-09-21 13:30:03,503 - INFO - Using writeable comtypes cache directory: 'C:\Users\EXPRESS\AppData\Roaming\Python\Python314\comtypes_cache'
2026-09-21 13:30:03,509 - DEBUG - GetModule(qedit.dll), resolved: False
2026-09-21 13:30:03,510 - DEBUG - GetModule(TLIBATTR(GUID={78530B68-61F9-11D2-8CAD-00A024580902}, Version=1.0, LCID=0, FLags=0x8))
2026-09-21 13:30:03,533 - DEBUG - Release <POINTER(ITypeLib) ptr=0x1a8e60c1a20 at 1a8e730af30>
2026-09-21 13:30:03,534 - DEBUG - GetModule(quartz.dll), resolved: False
2026-09-21 13:30:03,534 - DEBUG - GetModule(TLIBATTR(GUID={56A868B0-0AD4-11CE-B03A-0020AF0BA770}, Version=1.0, LCID=0, FLags=0x8))
2026-09-21 13:30:03,541 - DEBUG - Release <POINTER(ITypeLib) ptr=0x1a8e60c06e0 at 1a8e730af30>
2026-09-21 13:30:12,682 - INFO - UI load successful
2026-09-21 13:31:04,620 - INFO - Profile : Supervisor
2026-09-21 13:33:02,548 - INFO - File selected : D:/Galvo_10092026/40mm_square.svg
2026-09-21 13:33:04,430 - INFO - Parameters saved for D:/Galvo_10092026/40mm_square.svg
2026-09-21 13:35:32,010 - INFO - Galvo Laser Shutdown
2026-09-21 13:35:32,011 - CRITICAL - Laser 1 : OFF
2026-09-21 13:35:32,011 - CRITICAL - Laser 2 : OFF
2026-09-21 13:35:32,011 - INFO - Stepper Lasers Shutdown
2026-09-21 13:35:32,011 - INFO - COM connection close successfully
2026-09-21 13:35:32,011 - INFO - Main window close successfully
2026-09-21 13:35:32,011 - INFO - ==================================================
2026-09-21 13:35:32,011 - INFO - New session close at 2026-09-21 13:35
2026-09-21 13:35:32,011 - INFO - ==================================================
2026-09-21 13:35:32,019 - DEBUG - Calling CoUninitialize()
2026-09-21 13:35:32,020 - DEBUG - CoUninitialize() done.
2026-09-21 16:51:55,547 - DEBUG - OpenGL_accelerate module loaded
2026-09-21 16:51:55,583 - DEBUG - Using accelerated ArrayDatatype
2026-09-21 16:51:56,012 - DEBUG - CoInitializeEx(None, 2)
2026-09-21 16:51:56,144 - INFO - Could not import comtypes.gen, trying to create it.
2026-09-21 16:51:56,145 - INFO - Creating comtypes.gen package failed: [WinError 5] Access is denied: 'C:\\Program Files\\Python314\\Lib\\site-packages\\comtypes\\gen'
2026-09-21 16:51:56,145 - INFO - Created a memory-only package.
2026-09-21 16:51:56,148 - INFO - Using writeable comtypes cache directory: 'C:\Users\EXPRESS\AppData\Roaming\Python\Python314\comtypes_cache'
2026-09-21 16:51:56,161 - DEBUG - GetModule(qedit.dll), resolved: False
2026-09-21 16:51:56,180 - DEBUG - GetModule(TLIBATTR(GUID={78530B68-61F9-11D2-8CAD-00A024580902}, Version=1.0, LCID=0, FLags=0x8))
2026-09-21 16:51:56,212 - DEBUG - Release <POINTER(ITypeLib) ptr=0x284546cc1f0 at 28455a9af30>
2026-09-21 16:51:56,213 - DEBUG - GetModule(quartz.dll), resolved: False
2026-09-21 16:51:56,221 - DEBUG - GetModule(TLIBATTR(GUID={56A868B0-0AD4-11CE-B03A-0020AF0BA770}, Version=1.0, LCID=0, FLags=0x8))
2026-09-21 16:51:56,230 - DEBUG - Release <POINTER(ITypeLib) ptr=0x284546cc1f0 at 28455a9af30>
2026-09-21 16:51:57,166 - INFO - UI load successful
2026-09-21 16:52:10,117 - INFO - File selected : D:/Galvo_10092026/40mm_square.svg
2026-09-21 16:52:19,411 - INFO - Parameters saved for D:/Galvo_10092026/40mm_square.svg
2026-09-21 16:52:39,540 - CRITICAL - Laser 1 : OFF
2026-09-21 16:52:39,540 - CRITICAL - Laser 2 : OFF
2026-09-21 16:52:39,540 - INFO - Stepper Lasers Shutdown
2026-09-21 16:52:39,540 - INFO - COM connection close successfully
2026-09-21 16:52:39,541 - INFO - Main window close successfully
2026-09-21 16:52:39,541 - INFO - ==================================================
2026-09-21 16:52:39,541 - INFO - New session close at 2026-09-21 16:52
2026-09-21 16:52:39,541 - INFO - ==================================================
2026-09-21 16:52:39,560 - DEBUG - Calling CoUninitialize()
2026-09-21 16:52:39,560 - DEBUG - CoUninitialize() done.
2026-09-21 16:52:43,336 - DEBUG - OpenGL_accelerate module loaded
2026-09-21 16:52:43,345 - DEBUG - Using accelerated ArrayDatatype
2026-09-21 16:52:43,568 - DEBUG - CoInitializeEx(None, 2)
2026-09-21 16:52:43,613 - INFO - Could not import comtypes.gen, trying to create it.
2026-09-21 16:52:43,613 - INFO - Creating comtypes.gen package failed: [WinError 5] Access is denied: 'C:\\Program Files\\Python314\\Lib\\site-packages\\comtypes\\gen'
2026-09-21 16:52:43,613 - INFO - Created a memory-only package.
2026-09-21 16:52:43,616 - INFO - Using writeable comtypes cache directory: 'C:\Users\EXPRESS\AppData\Roaming\Python\Python314\comtypes_cache'
2026-09-21 16:52:43,622 - DEBUG - GetModule(qedit.dll), resolved: False
2026-09-21 16:52:43,623 - DEBUG - GetModule(TLIBATTR(GUID={78530B68-61F9-11D2-8CAD-00A024580902}, Version=1.0, LCID=0, FLags=0x8))
2026-09-21 16:52:43,646 - DEBUG - Release <POINTER(ITypeLib) ptr=0x2915b2728b0 at 2916043af30>
2026-09-21 16:52:43,646 - DEBUG - GetModule(quartz.dll), resolved: False
2026-09-21 16:52:43,647 - DEBUG - GetModule(TLIBATTR(GUID={56A868B0-0AD4-11CE-B03A-0020AF0BA770}, Version=1.0, LCID=0, FLags=0x8))
2026-09-21 16:52:43,654 - DEBUG - Release <POINTER(ITypeLib) ptr=0x2915b273670 at 2916043af30>
2026-09-21 16:52:52,351 - INFO - UI load successful
2026-09-21 16:53:04,117 - INFO - File selected : D:/Galvo_10092026/40mm_square.svg
2026-09-21 16:53:08,377 - INFO - Parameters saved for D:/Galvo_10092026/40mm_square.svg
2026-09-21 16:54:15,794 - INFO - Parameters saved for D:/Galvo_10092026/40mm_square.svg
2026-09-21 16:55:28,157 - WARNING - Failed login attempt for user: Supervisor
2026-09-21 16:55:33,036 - INFO - Profile : Supervisor
2026-09-21 16:56:19,500 - INFO - Galvo Laser Shutdown
2026-09-21 16:56:19,500 - CRITICAL - Laser 1 : OFF
2026-09-21 16:56:19,500 - CRITICAL - Laser 2 : OFF
2026-09-21 16:56:19,501 - INFO - Stepper Lasers Shutdown
2026-09-21 16:56:19,501 - INFO - COM connection close successfully
2026-09-21 16:56:19,501 - INFO - Main window close successfully
2026-09-21 16:56:19,501 - INFO - ==================================================
2026-09-21 16:56:19,501 - INFO - New session close at 2026-09-21 16:56
2026-09-21 16:56:19,501 - INFO - ==================================================
2026-09-21 16:56:19,519 - DEBUG - Calling CoUninitialize()
2026-09-21 16:56:19,519 - DEBUG - CoUninitialize() done.
2026-09-21 17:05:48,421 - DEBUG - OpenGL_accelerate module loaded
2026-09-21 17:05:48,432 - DEBUG - Using accelerated ArrayDatatype
2026-09-21 17:05:48,663 - DEBUG - CoInitializeEx(None, 2)
2026-09-21 17:05:48,724 - INFO - Could not import comtypes.gen, trying to create it.
2026-09-21 17:05:48,724 - INFO - Creating comtypes.gen package failed: [WinError 5] Access is denied: 'C:\\Program Files\\Python314\\Lib\\site-packages\\comtypes\\gen'
2026-09-21 17:05:48,724 - INFO - Created a memory-only package.
2026-09-21 17:05:48,727 - INFO - Using writeable comtypes cache directory: 'C:\Users\EXPRESS\AppData\Roaming\Python\Python314\comtypes_cache'
2026-09-21 17:05:48,735 - DEBUG - GetModule(qedit.dll), resolved: False
2026-09-21 17:05:48,736 - DEBUG - GetModule(TLIBATTR(GUID={78530B68-61F9-11D2-8CAD-00A024580902}, Version=1.0, LCID=0, FLags=0x8))
2026-09-21 17:05:48,760 - DEBUG - Release <POINTER(ITypeLib) ptr=0x1e5fbb00210 at 1e5fce4af30>
2026-09-21 17:05:48,760 - DEBUG - GetModule(quartz.dll), resolved: False
2026-09-21 17:05:48,761 - DEBUG - GetModule(TLIBATTR(GUID={56A868B0-0AD4-11CE-B03A-0020AF0BA770}, Version=1.0, LCID=0, FLags=0x8))
2026-09-21 17:05:48,769 - DEBUG - Release <POINTER(ITypeLib) ptr=0x1e5fbb01290 at 1e5fce4af30>
2026-09-21 17:05:59,465 - INFO - UI load successful
2026-09-21 17:06:10,938 - INFO - Profile : Supervisor
2026-09-21 17:07:49,855 - INFO - Galvo Laser Shutdown
2026-09-21 17:07:49,855 - CRITICAL - Laser 1 : OFF
2026-09-21 17:07:49,856 - CRITICAL - Laser 2 : OFF
2026-09-21 17:07:49,856 - INFO - Stepper Lasers Shutdown
2026-09-21 17:07:49,856 - INFO - COM connection close successfully
2026-09-21 17:07:49,856 - INFO - Main window close successfully
2026-09-21 17:07:49,856 - INFO - ==================================================
2026-09-21 17:07:49,856 - INFO - New session close at 2026-09-21 17:07
2026-09-21 17:07:49,856 - INFO - ==================================================
2026-09-21 17:07:49,863 - DEBUG - Calling CoUninitialize()
2026-09-21 17:07:49,864 - DEBUG - CoUninitialize() done.
2026-09-21 17:07:56,319 - DEBUG - OpenGL_accelerate module loaded
2026-09-21 17:07:56,330 - DEBUG - Using accelerated ArrayDatatype
2026-09-21 17:07:56,551 - DEBUG - CoInitializeEx(None, 2)
2026-09-21 17:07:56,594 - INFO - Could not import comtypes.gen, trying to create it.
2026-09-21 17:07:56,594 - INFO - Creating comtypes.gen package failed: [WinError 5] Access is denied: 'C:\\Program Files\\Python314\\Lib\\site-packages\\comtypes\\gen'
2026-09-21 17:07:56,594 - INFO - Created a memory-only package.
2026-09-21 17:07:56,596 - INFO - Using writeable comtypes cache directory: 'C:\Users\EXPRESS\AppData\Roaming\Python\Python314\comtypes_cache'
2026-09-21 17:07:56,603 - DEBUG - GetModule(qedit.dll), resolved: False
2026-09-21 17:07:56,604 - DEBUG - GetModule(TLIBATTR(GUID={78530B68-61F9-11D2-8CAD-00A024580902}, Version=1.0, LCID=0, FLags=0x8))
2026-09-21 17:07:56,626 - DEBUG - Release <POINTER(ITypeLib) ptr=0x29b18131c10 at 29b1d09af30>
2026-09-21 17:07:56,627 - DEBUG - GetModule(quartz.dll), resolved: False
2026-09-21 17:07:56,627 - DEBUG - GetModule(TLIBATTR(GUID={56A868B0-0AD4-11CE-B03A-0020AF0BA770}, Version=1.0, LCID=0, FLags=0x8))
2026-09-21 17:07:56,635 - DEBUG - Release <POINTER(ITypeLib) ptr=0x29b18133a50 at 29b1d09af30>
2026-09-21 17:08:05,774 - INFO - UI load successful
2026-09-21 17:08:31,862 - INFO - Profile : Supervisor
2026-09-21 17:20:34,967 - INFO - Galvo Laser Shutdown
2026-09-21 17:20:34,968 - CRITICAL - Laser 1 : OFF
2026-09-21 17:20:34,968 - CRITICAL - Laser 2 : OFF
2026-09-21 17:20:34,968 - INFO - Stepper Lasers Shutdown
2026-09-21 17:20:34,968 - INFO - COM connection close successfully
2026-09-21 17:20:34,968 - INFO - Main window close successfully
2026-09-21 17:20:34,968 - INFO - ==================================================
2026-09-21 17:20:34,968 - INFO - New session close at 2026-09-21 17:20
2026-09-21 17:20:34,968 - INFO - ==================================================
2026-09-21 17:20:34,980 - DEBUG - Calling CoUninitialize()
2026-09-21 17:20:34,981 - DEBUG - CoUninitialize() done.
2026-09-21 17:20:43,801 - DEBUG - OpenGL_accelerate module loaded
2026-09-21 17:20:43,812 - DEBUG - Using accelerated ArrayDatatype
2026-09-21 17:20:44,052 - DEBUG - CoInitializeEx(None, 2)
2026-09-21 17:20:44,105 - INFO - Could not import comtypes.gen, trying to create it.
2026-09-21 17:20:44,105 - INFO - Creating comtypes.gen package failed: [WinError 5] Access is denied: 'C:\\Program Files\\Python314\\Lib\\site-packages\\comtypes\\gen'
2026-09-21 17:20:44,106 - INFO - Created a memory-only package.
2026-09-21 17:20:44,109 - INFO - Using writeable comtypes cache directory: 'C:\Users\EXPRESS\AppData\Roaming\Python\Python314\comtypes_cache'
2026-09-21 17:20:44,117 - DEBUG - GetModule(qedit.dll), resolved: False
2026-09-21 17:20:44,119 - DEBUG - GetModule(TLIBATTR(GUID={78530B68-61F9-11D2-8CAD-00A024580902}, Version=1.0, LCID=0, FLags=0x8))
2026-09-21 17:20:44,147 - DEBUG - Release <POINTER(ITypeLib) ptr=0x197feefc550 at 1978022ef30>
2026-09-21 17:20:44,147 - DEBUG - GetModule(quartz.dll), resolved: False
2026-09-21 17:20:44,148 - DEBUG - GetModule(TLIBATTR(GUID={56A868B0-0AD4-11CE-B03A-0020AF0BA770}, Version=1.0, LCID=0, FLags=0x8))
2026-09-21 17:20:44,156 - DEBUG - Release <POINTER(ITypeLib) ptr=0x197feefc810 at 1978022ef30>
2026-09-21 17:20:53,288 - INFO - UI load successful
2026-09-21 17:21:09,301 - INFO - Profile : Supervisor
2026-09-21 17:23:49,495 - INFO - File selected : D:/Galvo_10092026/40mm_square.svg
2026-09-21 17:24:11,584 - INFO - Parameters saved for D:/Galvo_10092026/40mm_square.svg
2026-09-21 17:25:44,977 - INFO - Parameters saved for D:/Galvo_10092026/40mm_square.svg
2026-09-21 17:35:48,728 - INFO - Galvo Laser Shutdown
2026-09-21 17:35:48,729 - CRITICAL - Laser 1 : OFF
2026-09-21 17:35:48,729 - CRITICAL - Laser 2 : OFF
2026-09-21 17:35:48,729 - INFO - Stepper Lasers Shutdown
2026-09-21 17:35:48,729 - INFO - COM connection close successfully
2026-09-21 17:35:48,729 - INFO - Main window close successfully
2026-09-21 17:35:48,729 - INFO - ==================================================
2026-09-21 17:35:48,729 - INFO - New session close at 2026-09-21 17:35
2026-09-21 17:35:48,729 - INFO - ==================================================
2026-09-21 17:35:48,737 - DEBUG - Calling CoUninitialize()
2026-09-21 17:35:48,738 - DEBUG - CoUninitialize() done.
2026-09-21 17:35:58,077 - DEBUG - OpenGL_accelerate module loaded
2026-09-21 17:35:58,088 - DEBUG - Using accelerated ArrayDatatype
2026-09-21 17:35:58,328 - DEBUG - CoInitializeEx(None, 2)
2026-09-21 17:35:58,378 - INFO - Could not import comtypes.gen, trying to create it.
2026-09-21 17:35:58,378 - INFO - Creating comtypes.gen package failed: [WinError 5] Access is denied: 'C:\\Program Files\\Python314\\Lib\\site-packages\\comtypes\\gen'
2026-09-21 17:35:58,378 - INFO - Created a memory-only package.
2026-09-21 17:35:58,381 - INFO - Using writeable comtypes cache directory: 'C:\Users\EXPRESS\AppData\Roaming\Python\Python314\comtypes_cache'
2026-09-21 17:35:58,390 - DEBUG - GetModule(qedit.dll), resolved: False
2026-09-21 17:35:58,391 - DEBUG - GetModule(TLIBATTR(GUID={78530B68-61F9-11D2-8CAD-00A024580902}, Version=1.0, LCID=0, FLags=0x8))
2026-09-21 17:35:58,415 - DEBUG - Release <POINTER(ITypeLib) ptr=0x218b1080700 at 218b61d2f30>
2026-09-21 17:35:58,416 - DEBUG - GetModule(quartz.dll), resolved: False
2026-09-21 17:35:58,416 - DEBUG - GetModule(TLIBATTR(GUID={56A868B0-0AD4-11CE-B03A-0020AF0BA770}, Version=1.0, LCID=0, FLags=0x8))
2026-09-21 17:35:58,425 - DEBUG - Release <POINTER(ITypeLib) ptr=0x218b1080700 at 218b61d2f30>
2026-09-21 17:36:07,443 - INFO - UI load successful
2026-09-21 17:36:16,435 - INFO - File selected : D:/Galvo_10092026/40mm_square.svg
2026-09-21 17:36:18,492 - INFO - Parameters saved for D:/Galvo_10092026/40mm_square.svg
2026-09-21 17:36:52,792 - INFO - Galvo Laser Shutdown
2026-09-21 17:36:52,793 - CRITICAL - Laser 1 : OFF
2026-09-21 17:36:52,793 - CRITICAL - Laser 2 : OFF
2026-09-21 17:36:52,793 - INFO - Stepper Lasers Shutdown
2026-09-21 17:36:52,793 - INFO - COM connection close successfully
2026-09-21 17:36:52,793 - INFO - Main window close successfully
2026-09-21 17:36:52,793 - INFO - ==================================================
2026-09-21 17:36:52,794 - INFO - New session close at 2026-09-21 17:36
2026-09-21 17:36:52,794 - INFO - ==================================================
2026-09-21 17:36:52,814 - DEBUG - Calling CoUninitialize()
2026-09-21 17:36:52,814 - DEBUG - CoUninitialize() done.
2026-09-21 17:36:59,215 - DEBUG - OpenGL_accelerate module loaded
2026-09-21 17:36:59,224 - DEBUG - Using accelerated ArrayDatatype
2026-09-21 17:36:59,473 - DEBUG - CoInitializeEx(None, 2)
2026-09-21 17:36:59,585 - INFO - Could not import comtypes.gen, trying to create it.
2026-09-21 17:36:59,586 - INFO - Creating comtypes.gen package failed: [WinError 5] Access is denied: 'C:\\Program Files\\Python314\\Lib\\site-packages\\comtypes\\gen'
2026-09-21 17:36:59,586 - INFO - Created a memory-only package.
2026-09-21 17:36:59,589 - INFO - Using writeable comtypes cache directory: 'C:\Users\EXPRESS\AppData\Roaming\Python\Python314\comtypes_cache'
2026-09-21 17:36:59,605 - DEBUG - GetModule(qedit.dll), resolved: False
2026-09-21 17:36:59,607 - DEBUG - GetModule(TLIBATTR(GUID={78530B68-61F9-11D2-8CAD-00A024580902}, Version=1.0, LCID=0, FLags=0x8))
2026-09-21 17:36:59,635 - DEBUG - Release <POINTER(ITypeLib) ptr=0x27c7dea6260 at 27c02d4ef30>
2026-09-21 17:36:59,635 - DEBUG - GetModule(quartz.dll), resolved: False
2026-09-21 17:36:59,636 - DEBUG - GetModule(TLIBATTR(GUID={56A868B0-0AD4-11CE-B03A-0020AF0BA770}, Version=1.0, LCID=0, FLags=0x8))
2026-09-21 17:36:59,643 - DEBUG - Release <POINTER(ITypeLib) ptr=0x27c7dea4160 at 27c02d4ef30>
2026-09-21 17:37:08,701 - INFO - UI load successful
2026-09-21 17:37:20,760 - INFO - File selected : D:/Galvo_10092026/40mm_square.svg
2026-09-21 17:37:22,839 - INFO - Parameters saved for D:/Galvo_10092026/40mm_square.svg
2026-09-21 17:38:52,411 - INFO - Galvo Laser Shutdown
2026-09-21 17:38:52,412 - CRITICAL - Laser 1 : OFF
2026-09-21 17:38:52,412 - CRITICAL - Laser 2 : OFF
2026-09-21 17:38:52,412 - INFO - Stepper Lasers Shutdown
2026-09-21 17:38:52,412 - INFO - COM connection close successfully
2026-09-21 17:38:52,412 - INFO - Main window close successfully
2026-09-21 17:38:52,412 - INFO - ==================================================
2026-09-21 17:38:52,412 - INFO - New session close at 2026-09-21 17:38
2026-09-21 17:38:52,412 - INFO - ==================================================
2026-09-21 17:38:52,420 - DEBUG - Calling CoUninitialize()
2026-09-21 17:38:52,420 - DEBUG - CoUninitialize() done.
2026-09-21 17:38:55,482 - DEBUG - OpenGL_accelerate module loaded
2026-09-21 17:38:55,496 - DEBUG - Using accelerated ArrayDatatype
2026-09-21 17:38:55,726 - DEBUG - CoInitializeEx(None, 2)
2026-09-21 17:38:55,768 - INFO - Could not import comtypes.gen, trying to create it.
2026-09-21 17:38:55,768 - INFO - Creating comtypes.gen package failed: [WinError 5] Access is denied: 'C:\\Program Files\\Python314\\Lib\\site-packages\\comtypes\\gen'
2026-09-21 17:38:55,768 - INFO - Created a memory-only package.
2026-09-21 17:38:55,771 - INFO - Using writeable comtypes cache directory: 'C:\Users\EXPRESS\AppData\Roaming\Python\Python314\comtypes_cache'
2026-09-21 17:38:55,777 - DEBUG - GetModule(qedit.dll), resolved: False
2026-09-21 17:38:55,778 - DEBUG - GetModule(TLIBATTR(GUID={78530B68-61F9-11D2-8CAD-00A024580902}, Version=1.0, LCID=0, FLags=0x8))
2026-09-21 17:38:55,802 - DEBUG - Release <POINTER(ITypeLib) ptr=0x1a87e8ff5c0 at 1a804252f30>
2026-09-21 17:38:55,802 - DEBUG - GetModule(quartz.dll), resolved: False
2026-09-21 17:38:55,803 - DEBUG - GetModule(TLIBATTR(GUID={56A868B0-0AD4-11CE-B03A-0020AF0BA770}, Version=1.0, LCID=0, FLags=0x8))
2026-09-21 17:38:55,810 - DEBUG - Release <POINTER(ITypeLib) ptr=0x1a87e9000c0 at 1a804252f30>
2026-09-21 17:39:04,864 - INFO - UI load successful
2026-09-21 17:39:14,774 - INFO - File selected : D:/Galvo_10092026/40mm_square.svg
2026-09-21 17:39:17,204 - INFO - Parameters saved for D:/Galvo_10092026/40mm_square.svg
2026-09-21 17:42:57,639 - INFO - Galvo Laser Shutdown
2026-09-21 17:42:57,639 - CRITICAL - Laser 1 : OFF
2026-09-21 17:42:57,640 - CRITICAL - Laser 2 : OFF
2026-09-21 17:42:57,640 - INFO - Stepper Lasers Shutdown
2026-09-21 17:42:57,640 - INFO - COM connection close successfully
2026-09-21 17:42:57,640 - INFO - Main window close successfully
2026-09-21 17:42:57,640 - INFO - ==================================================
2026-09-21 17:42:57,640 - INFO - New session close at 2026-09-21 17:42
2026-09-21 17:42:57,640 - INFO - ==================================================
2026-09-21 17:42:57,647 - DEBUG - Calling CoUninitialize()
2026-09-21 17:42:57,648 - DEBUG - CoUninitialize() done.
2026-09-21 17:43:10,962 - DEBUG - OpenGL_accelerate module loaded
2026-09-21 17:43:10,973 - DEBUG - Using accelerated ArrayDatatype
2026-09-21 17:43:11,213 - DEBUG - CoInitializeEx(None, 2)
2026-09-21 17:43:11,262 - INFO - Could not import comtypes.gen, trying to create it.
2026-09-21 17:43:11,262 - INFO - Creating comtypes.gen package failed: [WinError 5] Access is denied: 'C:\\Program Files\\Python314\\Lib\\site-packages\\comtypes\\gen'
2026-09-21 17:43:11,262 - INFO - Created a memory-only package.
2026-09-21 17:43:11,265 - INFO - Using writeable comtypes cache directory: 'C:\Users\EXPRESS\AppData\Roaming\Python\Python314\comtypes_cache'
2026-09-21 17:43:11,273 - DEBUG - GetModule(qedit.dll), resolved: False
2026-09-21 17:43:11,274 - DEBUG - GetModule(TLIBATTR(GUID={78530B68-61F9-11D2-8CAD-00A024580902}, Version=1.0, LCID=0, FLags=0x8))
2026-09-21 17:43:11,297 - DEBUG - Release <POINTER(ITypeLib) ptr=0x217048f3be0 at 21705d0ef30>
2026-09-21 17:43:11,298 - DEBUG - GetModule(quartz.dll), resolved: False
2026-09-21 17:43:11,299 - DEBUG - GetModule(TLIBATTR(GUID={56A868B0-0AD4-11CE-B03A-0020AF0BA770}, Version=1.0, LCID=0, FLags=0x8))
2026-09-21 17:43:11,307 - DEBUG - Release <POINTER(ITypeLib) ptr=0x217048f49a0 at 21705d0ef30>
2026-09-21 17:43:20,372 - INFO - UI load successful
2026-09-21 17:43:31,739 - INFO - Profile : Supervisor
2026-09-21 17:43:38,650 - INFO - File selected : D:/Galvo_10092026/40mm_square.svg
2026-09-21 17:43:44,437 - INFO - Parameters saved for D:/Galvo_10092026/40mm_square.svg
2026-09-21 17:54:10,384 - INFO - File selected : D:/EXPRESS/Downloads/Mask1.3.dxf
2026-09-21 17:54:13,229 - INFO - Parameters saved for D:/EXPRESS/Downloads/Mask1.3.dxf
2026-09-21 17:54:13,240 - INFO - creating ACAD_COLOR dictionary
2026-09-21 17:54:13,241 - INFO - creating ACAD_LAYOUT dictionary
2026-09-21 17:54:13,241 - INFO - creating ACAD_MATERIAL dictionary
2026-09-21 17:54:13,241 - INFO - creating ACAD_MLEADERSTYLE dictionary
2026-09-21 17:54:13,241 - INFO - creating ACAD_MLINESTYLE dictionary
2026-09-21 17:54:13,241 - INFO - creating ACAD_PLOTSETTINGS dictionary
2026-09-21 17:54:13,241 - INFO - creating ACAD_PLOTSTYLENAME dictionary
2026-09-21 17:54:13,241 - INFO - creating ACAD_SCALELIST dictionary
2026-09-21 17:54:13,241 - INFO - creating ACAD_TABLESTYLE dictionary
2026-09-21 17:54:13,241 - INFO - creating ACAD_VISUALSTYLE dictionary
2026-09-21 17:54:19,853 - INFO - Parameters saved for D:/EXPRESS/Downloads/Mask1.3.dxf
2026-09-21 17:54:19,863 - INFO - creating ACAD_COLOR dictionary
2026-09-21 17:54:19,863 - INFO - creating ACAD_LAYOUT dictionary
2026-09-21 17:54:19,863 - INFO - creating ACAD_MATERIAL dictionary
2026-09-21 17:54:19,863 - INFO - creating ACAD_MLEADERSTYLE dictionary
2026-09-21 17:54:19,863 - INFO - creating ACAD_MLINESTYLE dictionary
2026-09-21 17:54:19,863 - INFO - creating ACAD_PLOTSETTINGS dictionary
2026-09-21 17:54:19,863 - INFO - creating ACAD_PLOTSTYLENAME dictionary
2026-09-21 17:54:19,864 - INFO - creating ACAD_SCALELIST dictionary
2026-09-21 17:54:19,864 - INFO - creating ACAD_TABLESTYLE dictionary
2026-09-21 17:54:19,864 - INFO - creating ACAD_VISUALSTYLE dictionary
2026-09-21 17:54:28,221 - INFO - File selected : D:/EXPRESS/Downloads/serpentine_design_40mm.dxf
2026-09-21 17:54:29,245 - INFO - Parameters saved for D:/EXPRESS/Downloads/serpentine_design_40mm.dxf
2026-09-21 17:54:29,247 - DEBUG - Creating ROOT dictionary.
2026-09-21 17:54:29,247 - INFO - creating ACAD_COLOR dictionary
2026-09-21 17:54:29,247 - INFO - creating ACAD_GROUP dictionary
2026-09-21 17:54:29,247 - INFO - creating ACAD_LAYOUT dictionary
2026-09-21 17:54:29,247 - INFO - creating ACAD_MATERIAL dictionary
2026-09-21 17:54:29,247 - INFO - creating ACAD_MLEADERSTYLE dictionary
2026-09-21 17:54:29,248 - INFO - creating ACAD_MLINESTYLE dictionary
2026-09-21 17:54:29,248 - INFO - creating ACAD_PLOTSETTINGS dictionary
2026-09-21 17:54:29,248 - INFO - creating ACAD_PLOTSTYLENAME dictionary
2026-09-21 17:54:29,248 - INFO - creating ACAD_SCALELIST dictionary
2026-09-21 17:54:29,248 - INFO - creating ACAD_TABLESTYLE dictionary
2026-09-21 17:54:29,248 - INFO - creating ACAD_VISUALSTYLE dictionary
2026-09-21 17:54:40,462 - INFO - File selected : D:/EXPRESS/Downloads/concentric_circles.dxf
2026-09-21 17:54:41,741 - INFO - Parameters saved for D:/EXPRESS/Downloads/concentric_circles.dxf
2026-09-21 17:54:41,744 - INFO - DXF version upgrade to DXF R2000.
2026-09-21 17:54:41,813 - INFO - creating ACAD_COLOR dictionary
2026-09-21 17:54:41,813 - INFO - creating ACAD_LAYOUT dictionary
2026-09-21 17:54:41,813 - INFO - creating ACAD_MATERIAL dictionary
2026-09-21 17:54:41,813 - INFO - creating ACAD_MLEADERSTYLE dictionary
2026-09-21 17:54:41,814 - INFO - creating ACAD_MLINESTYLE dictionary
2026-09-21 17:54:41,814 - INFO - creating ACAD_PLOTSETTINGS dictionary
2026-09-21 17:54:41,814 - INFO - creating ACAD_PLOTSTYLENAME dictionary
2026-09-21 17:54:41,814 - INFO - creating ACAD_SCALELIST dictionary
2026-09-21 17:54:41,814 - INFO - creating ACAD_TABLESTYLE dictionary
2026-09-21 17:54:41,814 - INFO - creating ACAD_VISUALSTYLE dictionary
2026-09-21 17:54:53,486 - INFO - Parameters saved for D:/EXPRESS/Downloads/concentric_circles.dxf
2026-09-21 17:54:53,489 - INFO - DXF version upgrade to DXF R2000.
2026-09-21 17:54:53,493 - INFO - creating ACAD_COLOR dictionary
2026-09-21 17:54:53,494 - INFO - creating ACAD_LAYOUT dictionary
2026-09-21 17:54:53,494 - INFO - creating ACAD_MATERIAL dictionary
2026-09-21 17:54:53,494 - INFO - creating ACAD_MLEADERSTYLE dictionary
2026-09-21 17:54:53,494 - INFO - creating ACAD_MLINESTYLE dictionary
2026-09-21 17:54:53,494 - INFO - creating ACAD_PLOTSETTINGS dictionary
2026-09-21 17:54:53,494 - INFO - creating ACAD_PLOTSTYLENAME dictionary
2026-09-21 17:54:53,494 - INFO - creating ACAD_SCALELIST dictionary
2026-09-21 17:54:53,494 - INFO - creating ACAD_TABLESTYLE dictionary
2026-09-21 17:54:53,494 - INFO - creating ACAD_VISUALSTYLE dictionary
2026-09-21 17:55:00,722 - INFO - File selected : D:/EXPRESS/Downloads/star_mandala_40x40_pure.dxf
2026-09-21 17:55:02,779 - INFO - Parameters saved for D:/EXPRESS/Downloads/star_mandala_40x40_pure.dxf
2026-09-21 17:57:47,826 - INFO - Galvo Laser Shutdown
2026-09-21 17:57:47,827 - CRITICAL - Laser 1 : OFF
2026-09-21 17:57:47,827 - CRITICAL - Laser 2 : OFF
2026-09-21 17:57:47,827 - INFO - Stepper Lasers Shutdown
2026-09-21 17:57:47,827 - INFO - COM connection close successfully
2026-09-21 17:57:47,827 - INFO - Main window close successfully
2026-09-21 17:57:47,827 - INFO - ==================================================
2026-09-21 17:57:47,827 - INFO - New session close at 2026-09-21 17:57
2026-09-21 17:57:47,827 - INFO - ==================================================
2026-09-21 17:57:47,844 - DEBUG - Calling CoUninitialize()
2026-09-21 17:57:47,845 - DEBUG - CoUninitialize() done.
2026-09-22 11:01:14,082 - INFO - No OpenGL_accelerate module loaded: No module named 'OpenGL_accelerate'
2026-09-22 11:01:14,562 - DEBUG - CoInitializeEx(None, 2)
2026-09-22 11:01:14,611 - INFO - Imported existing <module 'comtypes.gen' from 'C:\\Users\\EXPSOL\\AppData\\Roaming\\Python\\Python312\\site-packages\\comtypes\\gen\\__init__.py'>
2026-09-22 11:01:14,611 - INFO - Using writeable comtypes cache directory: 'C:\Users\EXPSOL\AppData\Roaming\Python\Python312\site-packages\comtypes\gen'
2026-09-22 11:01:14,611 - DEBUG - GetModule(qedit.dll), resolved: False
2026-09-22 11:01:14,611 - DEBUG - GetModule(TLIBATTR(GUID={78530B68-61F9-11D2-8CAD-00A024580902}, Version=1.0, LCID=0, FLags=0x8))
2026-09-22 11:01:14,645 - DEBUG - Release <POINTER(ITypeLib) ptr=0x20efa79ded0 at 20e91f58d50>
2026-09-22 11:01:14,645 - DEBUG - GetModule(quartz.dll), resolved: False
2026-09-22 11:01:14,645 - DEBUG - GetModule(TLIBATTR(GUID={56A868B0-0AD4-11CE-B03A-0020AF0BA770}, Version=1.0, LCID=0, FLags=0x8))
2026-09-22 11:01:14,645 - DEBUG - Release <POINTER(ITypeLib) ptr=0x20efa79ded0 at 20e939b6b50>
2026-09-22 11:01:15,319 - INFO - UI load successful
2026-09-22 11:15:20,388 - CRITICAL - Laser 1 : OFF
2026-09-22 11:15:20,388 - CRITICAL - Laser 2 : OFF
2026-09-22 11:15:20,388 - INFO - Stepper Lasers Shutdown
2026-09-22 11:15:20,388 - INFO - COM connection close successfully
2026-09-22 11:15:20,388 - INFO - Main window close successfully
2026-09-22 11:15:20,388 - INFO - ==================================================
2026-09-22 11:15:20,388 - INFO - New session close at 2026-09-22 11:15
2026-09-22 11:15:20,388 - INFO - ==================================================
2026-09-22 11:15:20,388 - DEBUG - Calling CoUninitialize()
2026-09-22 11:15:20,388 - DEBUG - CoUninitialize() done.
2026-09-22 11:15:26,446 - INFO - No OpenGL_accelerate module loaded: No module named 'OpenGL_accelerate'
2026-09-22 11:15:26,916 - DEBUG - CoInitializeEx(None, 2)
2026-09-22 11:15:26,995 - INFO - Imported existing <module 'comtypes.gen' from 'C:\\Users\\EXPSOL\\AppData\\Roaming\\Python\\Python312\\site-packages\\comtypes\\gen\\__init__.py'>
2026-09-22 11:15:26,995 - INFO - Using writeable comtypes cache directory: 'C:\Users\EXPSOL\AppData\Roaming\Python\Python312\site-packages\comtypes\gen'
2026-09-22 11:15:26,995 - DEBUG - GetModule(qedit.dll), resolved: False
2026-09-22 11:15:27,008 - DEBUG - GetModule(TLIBATTR(GUID={78530B68-61F9-11D2-8CAD-00A024580902}, Version=1.0, LCID=0, FLags=0x8))
2026-09-22 11:15:27,037 - DEBUG - Release <POINTER(ITypeLib) ptr=0x203006bd180 at 2030462db50>
2026-09-22 11:15:27,037 - DEBUG - GetModule(quartz.dll), resolved: False
2026-09-22 11:15:27,039 - DEBUG - GetModule(TLIBATTR(GUID={56A868B0-0AD4-11CE-B03A-0020AF0BA770}, Version=1.0, LCID=0, FLags=0x8))
2026-09-22 11:15:27,045 - DEBUG - Release <POINTER(ITypeLib) ptr=0x203006bd180 at 203046eb950>
2026-09-22 11:15:27,486 - INFO - UI load successful
2026-09-22 11:15:39,286 - CRITICAL - Laser 1 : OFF
2026-09-22 11:15:39,286 - CRITICAL - Laser 2 : OFF
2026-09-22 11:15:39,286 - INFO - Stepper Lasers Shutdown
2026-09-22 11:15:39,286 - INFO - COM connection close successfully
2026-09-22 11:15:39,286 - INFO - Main window close successfully
2026-09-22 11:15:39,286 - INFO - ==================================================
2026-09-22 11:15:39,286 - INFO - New session close at 2026-09-22 11:15
2026-09-22 11:15:39,286 - INFO - ==================================================
2026-09-22 11:15:39,303 - DEBUG - Calling CoUninitialize()
2026-09-22 11:15:39,303 - DEBUG - CoUninitialize() done.
2026-09-22 11:15:45,101 - INFO - No OpenGL_accelerate module loaded: No module named 'OpenGL_accelerate'
2026-09-22 11:15:45,313 - DEBUG - CoInitializeEx(None, 2)
2026-09-22 11:15:45,357 - INFO - Imported existing <module 'comtypes.gen' from 'C:\\Users\\EXPSOL\\AppData\\Roaming\\Python\\Python312\\site-packages\\comtypes\\gen\\__init__.py'>
2026-09-22 11:15:45,357 - INFO - Using writeable comtypes cache directory: 'C:\Users\EXPSOL\AppData\Roaming\Python\Python312\site-packages\comtypes\gen'
2026-09-22 11:15:45,364 - DEBUG - GetModule(qedit.dll), resolved: False
2026-09-22 11:15:45,365 - DEBUG - GetModule(TLIBATTR(GUID={78530B68-61F9-11D2-8CAD-00A024580902}, Version=1.0, LCID=0, FLags=0x8))
2026-09-22 11:15:45,387 - DEBUG - Release <POINTER(ITypeLib) ptr=0x1f9e20b07e0 at 1f9e68b1b50>
2026-09-22 11:15:45,387 - DEBUG - GetModule(quartz.dll), resolved: False
2026-09-22 11:15:45,388 - DEBUG - GetModule(TLIBATTR(GUID={56A868B0-0AD4-11CE-B03A-0020AF0BA770}, Version=1.0, LCID=0, FLags=0x8))
2026-09-22 11:15:45,394 - DEBUG - Release <POINTER(ITypeLib) ptr=0x1f9e20aec60 at 1f9e696b950>
2026-09-22 11:15:45,753 - INFO - UI load successful
2026-09-22 11:16:02,446 - INFO - Profile : Supervisor
2026-09-22 11:16:50,063 - CRITICAL - Laser 1 : OFF
2026-09-22 11:16:50,063 - CRITICAL - Laser 2 : OFF
2026-09-22 11:16:50,063 - INFO - Stepper Lasers Shutdown
2026-09-22 11:16:50,063 - INFO - COM connection close successfully
2026-09-22 11:16:50,063 - INFO - Main window close successfully
2026-09-22 11:16:50,063 - INFO - ==================================================
2026-09-22 11:16:50,063 - INFO - New session close at 2026-09-22 11:16
2026-09-22 11:16:50,063 - INFO - ==================================================
2026-09-22 11:16:50,071 - DEBUG - Calling CoUninitialize()
2026-09-22 11:16:50,071 - DEBUG - CoUninitialize() done.
2026-09-22 11:16:53,598 - INFO - No OpenGL_accelerate module loaded: No module named 'OpenGL_accelerate'
2026-09-22 11:16:53,792 - DEBUG - CoInitializeEx(None, 2)
2026-09-22 11:16:53,834 - INFO - Imported existing <module 'comtypes.gen' from 'C:\\Users\\EXPSOL\\AppData\\Roaming\\Python\\Python312\\site-packages\\comtypes\\gen\\__init__.py'>
2026-09-22 11:16:53,834 - INFO - Using writeable comtypes cache directory: 'C:\Users\EXPSOL\AppData\Roaming\Python\Python312\site-packages\comtypes\gen'
2026-09-22 11:16:53,841 - DEBUG - GetModule(qedit.dll), resolved: False
2026-09-22 11:16:53,841 - DEBUG - GetModule(TLIBATTR(GUID={78530B68-61F9-11D2-8CAD-00A024580902}, Version=1.0, LCID=0, FLags=0x8))
2026-09-22 11:16:53,863 - DEBUG - Release <POINTER(ITypeLib) ptr=0x208ec99cc50 at 208f103db50>
2026-09-22 11:16:53,863 - DEBUG - GetModule(quartz.dll), resolved: False
2026-09-22 11:16:53,865 - DEBUG - GetModule(TLIBATTR(GUID={56A868B0-0AD4-11CE-B03A-0020AF0BA770}, Version=1.0, LCID=0, FLags=0x8))
2026-09-22 11:16:53,871 - DEBUG - Release <POINTER(ITypeLib) ptr=0x208ec99c410 at 208f10fb950>
2026-09-22 11:16:54,222 - INFO - UI load successful
2026-09-22 11:16:59,620 - CRITICAL - Laser 1 : OFF
2026-09-22 11:16:59,620 - CRITICAL - Laser 2 : OFF
2026-09-22 11:16:59,620 - INFO - Stepper Lasers Shutdown
2026-09-22 11:16:59,620 - INFO - COM connection close successfully
2026-09-22 11:16:59,620 - INFO - Main window close successfully
2026-09-22 11:16:59,620 - INFO - ==================================================
2026-09-22 11:16:59,620 - INFO - New session close at 2026-09-22 11:16
2026-09-22 11:16:59,620 - INFO - ==================================================
2026-09-22 11:16:59,634 - DEBUG - Calling CoUninitialize()
2026-09-22 11:16:59,634 - DEBUG - CoUninitialize() done.
2026-09-22 11:17:22,421 - INFO - No OpenGL_accelerate module loaded: No module named 'OpenGL_accelerate'
2026-09-22 11:17:22,611 - DEBUG - CoInitializeEx(None, 2)
2026-09-22 11:17:22,657 - INFO - Imported existing <module 'comtypes.gen' from 'C:\\Users\\EXPSOL\\AppData\\Roaming\\Python\\Python312\\site-packages\\comtypes\\gen\\__init__.py'>
2026-09-22 11:17:22,658 - INFO - Using writeable comtypes cache directory: 'C:\Users\EXPSOL\AppData\Roaming\Python\Python312\site-packages\comtypes\gen'
2026-09-22 11:17:22,664 - DEBUG - GetModule(qedit.dll), resolved: False
2026-09-22 11:17:22,665 - DEBUG - GetModule(TLIBATTR(GUID={78530B68-61F9-11D2-8CAD-00A024580902}, Version=1.0, LCID=0, FLags=0x8))
2026-09-22 11:17:22,687 - DEBUG - Release <POINTER(ITypeLib) ptr=0x1f72ddd2970 at 1f732761b50>
2026-09-22 11:17:22,688 - DEBUG - GetModule(quartz.dll), resolved: False
2026-09-22 11:17:22,688 - DEBUG - GetModule(TLIBATTR(GUID={56A868B0-0AD4-11CE-B03A-0020AF0BA770}, Version=1.0, LCID=0, FLags=0x8))
2026-09-22 11:17:22,694 - DEBUG - Release <POINTER(ITypeLib) ptr=0x1f72ddd2970 at 1f73281b950>
2026-09-22 11:17:23,041 - INFO - UI load successful
2026-09-22 11:17:38,781 - CRITICAL - Laser 1 : OFF
2026-09-22 11:17:38,781 - CRITICAL - Laser 2 : OFF
2026-09-22 11:17:38,781 - INFO - Stepper Lasers Shutdown
2026-09-22 11:17:38,781 - INFO - COM connection close successfully
2026-09-22 11:17:38,781 - INFO - Main window close successfully
2026-09-22 11:17:38,781 - INFO - ==================================================
2026-09-22 11:17:38,781 - INFO - New session close at 2026-09-22 11:17
2026-09-22 11:17:38,781 - INFO - ==================================================
2026-09-22 11:17:38,807 - DEBUG - Calling CoUninitialize()
2026-09-22 11:17:38,807 - DEBUG - CoUninitialize() done.
2026-09-22 11:17:42,134 - INFO - No OpenGL_accelerate module loaded: No module named 'OpenGL_accelerate'
2026-09-22 11:17:42,330 - DEBUG - CoInitializeEx(None, 2)
2026-09-22 11:17:42,375 - INFO - Imported existing <module 'comtypes.gen' from 'C:\\Users\\EXPSOL\\AppData\\Roaming\\Python\\Python312\\site-packages\\comtypes\\gen\\__init__.py'>
2026-09-22 11:17:42,375 - INFO - Using writeable comtypes cache directory: 'C:\Users\EXPSOL\AppData\Roaming\Python\Python312\site-packages\comtypes\gen'
2026-09-22 11:17:42,380 - DEBUG - GetModule(qedit.dll), resolved: False
2026-09-22 11:17:42,382 - DEBUG - GetModule(TLIBATTR(GUID={78530B68-61F9-11D2-8CAD-00A024580902}, Version=1.0, LCID=0, FLags=0x8))
2026-09-22 11:17:42,402 - DEBUG - Release <POINTER(ITypeLib) ptr=0x2089bee3080 at 208a0731b50>
2026-09-22 11:17:42,402 - DEBUG - GetModule(quartz.dll), resolved: False
2026-09-22 11:17:42,404 - DEBUG - GetModule(TLIBATTR(GUID={56A868B0-0AD4-11CE-B03A-0020AF0BA770}, Version=1.0, LCID=0, FLags=0x8))
2026-09-22 11:17:42,409 - DEBUG - Release <POINTER(ITypeLib) ptr=0x2089bee3b80 at 208a07eb950>
2026-09-22 11:17:42,762 - INFO - UI load successful
2026-09-22 11:17:59,081 - CRITICAL - Laser 1 : OFF
2026-09-22 11:17:59,081 - CRITICAL - Laser 2 : OFF
2026-09-22 11:17:59,083 - INFO - Stepper Lasers Shutdown
2026-09-22 11:17:59,083 - INFO - COM connection close successfully
2026-09-22 11:17:59,083 - INFO - Main window close successfully
2026-09-22 11:17:59,083 - INFO - ==================================================
2026-09-22 11:17:59,083 - INFO - New session close at 2026-09-22 11:17
2026-09-22 11:17:59,083 - INFO - ==================================================
2026-09-22 11:17:59,096 - DEBUG - Calling CoUninitialize()
2026-09-22 11:17:59,099 - DEBUG - CoUninitialize() done.
2026-09-22 11:18:01,910 - INFO - No OpenGL_accelerate module loaded: No module named 'OpenGL_accelerate'
2026-09-22 11:18:02,089 - DEBUG - CoInitializeEx(None, 2)
2026-09-22 11:18:02,143 - INFO - Imported existing <module 'comtypes.gen' from 'C:\\Users\\EXPSOL\\AppData\\Roaming\\Python\\Python312\\site-packages\\comtypes\\gen\\__init__.py'>
2026-09-22 11:18:02,143 - INFO - Using writeable comtypes cache directory: 'C:\Users\EXPSOL\AppData\Roaming\Python\Python312\site-packages\comtypes\gen'
2026-09-22 11:18:02,148 - DEBUG - GetModule(qedit.dll), resolved: False
2026-09-22 11:18:02,149 - DEBUG - GetModule(TLIBATTR(GUID={78530B68-61F9-11D2-8CAD-00A024580902}, Version=1.0, LCID=0, FLags=0x8))
2026-09-22 11:18:02,171 - DEBUG - Release <POINTER(ITypeLib) ptr=0x18945fdbac0 at 1894a3d1b50>
2026-09-22 11:18:02,171 - DEBUG - GetModule(quartz.dll), resolved: False
2026-09-22 11:18:02,173 - DEBUG - GetModule(TLIBATTR(GUID={56A868B0-0AD4-11CE-B03A-0020AF0BA770}, Version=1.0, LCID=0, FLags=0x8))
2026-09-22 11:18:02,179 - DEBUG - Release <POINTER(ITypeLib) ptr=0x18945fdbac0 at 1894a48b950>
2026-09-22 11:18:10,904 - INFO - UI load successful
2026-09-22 11:18:20,795 - INFO - Profile : Supervisor
2026-09-22 11:20:45,645 - INFO - Galvo Laser Shutdown
2026-09-22 11:20:45,645 - CRITICAL - Laser 1 : OFF
2026-09-22 11:20:45,645 - CRITICAL - Laser 2 : OFF
2026-09-22 11:20:45,645 - INFO - Stepper Lasers Shutdown
2026-09-22 11:20:45,645 - INFO - COM connection close successfully
2026-09-22 11:20:45,645 - INFO - Main window close successfully
2026-09-22 11:20:45,645 - INFO - ==================================================
2026-09-22 11:20:45,645 - INFO - New session close at 2026-09-22 11:20
2026-09-22 11:20:45,645 - INFO - ==================================================
2026-09-22 11:20:45,661 - DEBUG - Calling CoUninitialize()
2026-09-22 11:20:45,661 - DEBUG - CoUninitialize() done.
2026-09-22 11:22:41,451 - INFO - No OpenGL_accelerate module loaded: No module named 'OpenGL_accelerate'
2026-09-22 11:22:41,629 - DEBUG - CoInitializeEx(None, 2)
2026-09-22 11:22:41,686 - INFO - Imported existing <module 'comtypes.gen' from 'C:\\Users\\EXPSOL\\AppData\\Roaming\\Python\\Python312\\site-packages\\comtypes\\gen\\__init__.py'>
2026-09-22 11:22:41,686 - INFO - Using writeable comtypes cache directory: 'C:\Users\EXPSOL\AppData\Roaming\Python\Python312\site-packages\comtypes\gen'
2026-09-22 11:22:41,692 - DEBUG - GetModule(qedit.dll), resolved: False
2026-09-22 11:22:41,693 - DEBUG - GetModule(TLIBATTR(GUID={78530B68-61F9-11D2-8CAD-00A024580902}, Version=1.0, LCID=0, FLags=0x8))
2026-09-22 11:22:41,714 - DEBUG - Release <POINTER(ITypeLib) ptr=0x24cdc8e7250 at 24ce1171b50>
2026-09-22 11:22:41,715 - DEBUG - GetModule(quartz.dll), resolved: False
2026-09-22 11:22:41,715 - DEBUG - GetModule(TLIBATTR(GUID={56A868B0-0AD4-11CE-B03A-0020AF0BA770}, Version=1.0, LCID=0, FLags=0x8))
2026-09-22 11:22:41,722 - DEBUG - Release <POINTER(ITypeLib) ptr=0x24cdc8e7510 at 24ce122b950>
2026-09-22 11:22:50,801 - INFO - UI load successful
2026-09-22 11:22:59,776 - INFO - Profile : Supervisor
2026-09-22 12:48:36,147 - INFO - Close event ignored.
2026-09-22 12:48:39,189 - INFO - Galvo Laser Shutdown
2026-09-22 12:48:39,220 - CRITICAL - Laser 1 : OFF
2026-09-22 12:48:39,232 - CRITICAL - Laser 2 : OFF
2026-09-22 12:48:39,232 - INFO - Stepper Lasers Shutdown
2026-09-22 12:48:39,236 - INFO - COM connection close successfully
2026-09-22 12:48:39,237 - INFO - Main window close successfully
2026-09-22 12:48:39,239 - INFO - ==================================================
2026-09-22 12:48:39,239 - INFO - New session close at 2026-09-22 12:48
2026-09-22 12:48:39,239 - INFO - ==================================================
2026-09-22 12:48:39,304 - DEBUG - Calling CoUninitialize()
2026-09-22 12:48:39,319 - DEBUG - CoUninitialize() done.
2026-09-22 12:48:52,530 - INFO - No OpenGL_accelerate module loaded: No module named 'OpenGL_accelerate'
2026-09-22 12:48:54,155 - DEBUG - CoInitializeEx(None, 2)
2026-09-22 12:48:54,319 - INFO - Imported existing <module 'comtypes.gen' from 'C:\\Users\\EXPSOL\\AppData\\Roaming\\Python\\Python312\\site-packages\\comtypes\\gen\\__init__.py'>
2026-09-22 12:48:54,319 - INFO - Using writeable comtypes cache directory: 'C:\Users\EXPSOL\AppData\Roaming\Python\Python312\site-packages\comtypes\gen'
2026-09-22 12:48:54,341 - DEBUG - GetModule(qedit.dll), resolved: False
2026-09-22 12:48:54,345 - DEBUG - GetModule(TLIBATTR(GUID={78530B68-61F9-11D2-8CAD-00A024580902}, Version=1.0, LCID=0, FLags=0x8))
2026-09-22 12:48:54,401 - DEBUG - Release <POINTER(ITypeLib) ptr=0x1bfed045740 at 1bff19d1b50>
2026-09-22 12:48:54,402 - DEBUG - GetModule(quartz.dll), resolved: False
2026-09-22 12:48:54,405 - DEBUG - GetModule(TLIBATTR(GUID={56A868B0-0AD4-11CE-B03A-0020AF0BA770}, Version=1.0, LCID=0, FLags=0x8))
2026-09-22 12:48:54,422 - DEBUG - Release <POINTER(ITypeLib) ptr=0x1bfed045740 at 1bff1a8b950>
2026-09-22 12:49:03,954 - INFO - UI load successful
2026-09-22 12:49:13,350 - INFO - Profile : Supervisor
2026-09-22 12:55:40,585 - INFO - Galvo Laser Shutdown
2026-09-22 12:55:40,585 - CRITICAL - Laser 1 : OFF
2026-09-22 12:55:40,585 - CRITICAL - Laser 2 : OFF
2026-09-22 12:55:40,585 - INFO - Stepper Lasers Shutdown
2026-09-22 12:55:40,585 - INFO - COM connection close successfully
2026-09-22 12:55:40,585 - INFO - Main window close successfully
2026-09-22 12:55:40,585 - INFO - ==================================================
2026-09-22 12:55:40,585 - INFO - New session close at 2026-09-22 12:55
2026-09-22 12:55:40,585 - INFO - ==================================================
2026-09-22 12:55:40,604 - DEBUG - Calling CoUninitialize()
2026-09-22 12:55:40,604 - DEBUG - CoUninitialize() done.
2026-09-22 12:55:44,549 - INFO - No OpenGL_accelerate module loaded: No module named 'OpenGL_accelerate'
2026-09-22 12:55:44,735 - DEBUG - CoInitializeEx(None, 2)
2026-09-22 12:55:44,783 - INFO - Imported existing <module 'comtypes.gen' from 'C:\\Users\\EXPSOL\\AppData\\Roaming\\Python\\Python312\\site-packages\\comtypes\\gen\\__init__.py'>
2026-09-22 12:55:44,783 - INFO - Using writeable comtypes cache directory: 'C:\Users\EXPSOL\AppData\Roaming\Python\Python312\site-packages\comtypes\gen'
2026-09-22 12:55:44,784 - DEBUG - GetModule(qedit.dll), resolved: False
2026-09-22 12:55:44,784 - DEBUG - GetModule(TLIBATTR(GUID={78530B68-61F9-11D2-8CAD-00A024580902}, Version=1.0, LCID=0, FLags=0x8))
2026-09-22 12:55:44,799 - DEBUG - Release <POINTER(ITypeLib) ptr=0x1eca9f42a60 at 1ecae621b50>
2026-09-22 12:55:44,799 - DEBUG - GetModule(quartz.dll), resolved: False
2026-09-22 12:55:44,799 - DEBUG - GetModule(TLIBATTR(GUID={56A868B0-0AD4-11CE-B03A-0020AF0BA770}, Version=1.0, LCID=0, FLags=0x8))
2026-09-22 12:55:44,815 - DEBUG - Release <POINTER(ITypeLib) ptr=0x1eca9f40120 at 1ecae6db950>
2026-09-22 12:55:53,898 - INFO - UI load successful
2026-09-22 12:56:03,299 - INFO - Profile : Supervisor
2026-09-22 12:57:35,750 - INFO - File selected : D:/Atharva/Galvo_Scribber/Galvo_22092026/40mm_square.svg
2026-09-22 12:57:40,954 - INFO - Parameters saved for D:/Atharva/Galvo_Scribber/Galvo_22092026/40mm_square.svg
2026-09-22 12:59:21,107 - INFO - >> Hardware Trigger: DI1 (Start) Pressed!
2026-09-22 12:59:21,110 - INFO - >> Hardware Trigger: DI2 (Abort) Pressed!
2026-09-22 13:00:35,817 - INFO - Parameters saved for D:/Atharva/Galvo_Scribber/Galvo_22092026/40mm_square.svg
2026-09-22 13:00:42,447 - INFO - Galvo Laser Shutdown
2026-09-22 13:00:42,447 - CRITICAL - Laser 1 : OFF
2026-09-22 13:00:42,447 - CRITICAL - Laser 2 : OFF
2026-09-22 13:00:42,447 - INFO - Stepper Lasers Shutdown
2026-09-22 13:00:42,447 - INFO - COM connection close successfully
2026-09-22 13:00:42,447 - INFO - Main window close successfully
2026-09-22 13:00:42,447 - INFO - ==================================================
2026-09-22 13:00:42,447 - INFO - New session close at 2026-09-22 13:00
2026-09-22 13:00:42,447 - INFO - ==================================================
2026-09-22 13:00:42,469 - DEBUG - Calling CoUninitialize()
2026-09-22 13:00:42,470 - DEBUG - CoUninitialize() done.
2026-09-22 13:00:46,307 - INFO - No OpenGL_accelerate module loaded: No module named 'OpenGL_accelerate'
2026-09-22 13:00:46,492 - DEBUG - CoInitializeEx(None, 2)
2026-09-22 13:00:46,540 - INFO - Imported existing <module 'comtypes.gen' from 'C:\\Users\\EXPSOL\\AppData\\Roaming\\Python\\Python312\\site-packages\\comtypes\\gen\\__init__.py'>
2026-09-22 13:00:46,540 - INFO - Using writeable comtypes cache directory: 'C:\Users\EXPSOL\AppData\Roaming\Python\Python312\site-packages\comtypes\gen'
2026-09-22 13:00:46,542 - DEBUG - GetModule(qedit.dll), resolved: False
2026-09-22 13:00:46,542 - DEBUG - GetModule(TLIBATTR(GUID={78530B68-61F9-11D2-8CAD-00A024580902}, Version=1.0, LCID=0, FLags=0x8))
2026-09-22 13:00:46,568 - DEBUG - Release <POINTER(ITypeLib) ptr=0x1ad4808aa70 at 1ad4c6a1b50>
2026-09-22 13:00:46,568 - DEBUG - GetModule(quartz.dll), resolved: False
2026-09-22 13:00:46,570 - DEBUG - GetModule(TLIBATTR(GUID={56A868B0-0AD4-11CE-B03A-0020AF0BA770}, Version=1.0, LCID=0, FLags=0x8))
2026-09-22 13:00:46,574 - DEBUG - Release <POINTER(ITypeLib) ptr=0x1ad48088970 at 1ad4c75b950>
2026-09-22 13:00:55,251 - INFO - UI load successful
2026-09-22 13:01:16,755 - INFO - Profile : Supervisor
2026-09-22 13:05:02,356 - INFO - Galvo Laser Shutdown
2026-09-22 13:05:02,356 - CRITICAL - Laser 1 : OFF
2026-09-22 13:05:02,356 - CRITICAL - Laser 2 : OFF
2026-09-22 13:05:02,356 - INFO - Stepper Lasers Shutdown
2026-09-22 13:05:02,356 - INFO - COM connection close successfully
2026-09-22 13:05:02,356 - INFO - Main window close successfully
2026-09-22 13:05:02,356 - INFO - ==================================================
2026-09-22 13:05:02,356 - INFO - New session close at 2026-09-22 13:05
2026-09-22 13:05:02,356 - INFO - ==================================================
2026-09-22 13:05:02,378 - DEBUG - Calling CoUninitialize()
2026-09-22 13:05:02,378 - DEBUG - CoUninitialize() done.
2026-09-22 13:05:05,722 - INFO - No OpenGL_accelerate module loaded: No module named 'OpenGL_accelerate'
2026-09-22 13:05:05,928 - DEBUG - CoInitializeEx(None, 2)
2026-09-22 13:05:05,969 - INFO - Imported existing <module 'comtypes.gen' from 'C:\\Users\\EXPSOL\\AppData\\Roaming\\Python\\Python312\\site-packages\\comtypes\\gen\\__init__.py'>
2026-09-22 13:05:05,969 - INFO - Using writeable comtypes cache directory: 'C:\Users\EXPSOL\AppData\Roaming\Python\Python312\site-packages\comtypes\gen'
2026-09-22 13:05:05,979 - DEBUG - GetModule(qedit.dll), resolved: False
2026-09-22 13:05:05,979 - DEBUG - GetModule(TLIBATTR(GUID={78530B68-61F9-11D2-8CAD-00A024580902}, Version=1.0, LCID=0, FLags=0x8))
2026-09-22 13:05:06,002 - DEBUG - Release <POINTER(ITypeLib) ptr=0x184cbb30f40 at 184d026db50>
2026-09-22 13:05:06,002 - DEBUG - GetModule(quartz.dll), resolved: False
2026-09-22 13:05:06,004 - DEBUG - GetModule(TLIBATTR(GUID={56A868B0-0AD4-11CE-B03A-0020AF0BA770}, Version=1.0, LCID=0, FLags=0x8))
2026-09-22 13:05:06,010 - DEBUG - Release <POINTER(ITypeLib) ptr=0x184cbb31d00 at 184d032b950>
2026-09-22 13:05:15,083 - INFO - UI load successful
2026-09-22 13:05:27,157 - INFO - Profile : Supervisor
2026-09-22 13:10:57,519 - INFO - >> Hardware Trigger: DI1 (Start) Pressed!
2026-09-22 13:10:57,523 - INFO - >> Hardware Trigger: DI2 (Abort) Pressed!
2026-09-22 13:11:04,375 - INFO - Galvo Laser Shutdown
2026-09-22 13:11:04,375 - CRITICAL - Laser 1 : OFF
2026-09-22 13:11:04,375 - CRITICAL - Laser 2 : OFF
2026-09-22 13:11:04,375 - INFO - Stepper Lasers Shutdown
2026-09-22 13:11:04,375 - INFO - COM connection close successfully
2026-09-22 13:11:04,375 - INFO - Main window close successfully
2026-09-22 13:11:04,375 - INFO - ==================================================
2026-09-22 13:11:04,375 - INFO - New session close at 2026-09-22 13:11
2026-09-22 13:11:04,375 - INFO - ==================================================
2026-09-22 13:11:04,392 - DEBUG - Calling CoUninitialize()
2026-09-22 13:11:04,392 - DEBUG - CoUninitialize() done.
2026-09-22 13:11:15,383 - INFO - No OpenGL_accelerate module loaded: No module named 'OpenGL_accelerate'
2026-09-22 13:11:15,630 - DEBUG - CoInitializeEx(None, 2)
2026-09-22 13:11:15,689 - INFO - Imported existing <module 'comtypes.gen' from 'C:\\Users\\EXPSOL\\AppData\\Roaming\\Python\\Python312\\site-packages\\comtypes\\gen\\__init__.py'>
2026-09-22 13:11:15,689 - INFO - Using writeable comtypes cache directory: 'C:\Users\EXPSOL\AppData\Roaming\Python\Python312\site-packages\comtypes\gen'
2026-09-22 13:11:15,696 - DEBUG - GetModule(qedit.dll), resolved: False
2026-09-22 13:11:15,696 - DEBUG - GetModule(TLIBATTR(GUID={78530B68-61F9-11D2-8CAD-00A024580902}, Version=1.0, LCID=0, FLags=0x8))
2026-09-22 13:11:15,725 - DEBUG - Release <POINTER(ITypeLib) ptr=0x232b3b39470 at 232b8311b50>
2026-09-22 13:11:15,726 - DEBUG - GetModule(quartz.dll), resolved: False
2026-09-22 13:11:15,727 - DEBUG - GetModule(TLIBATTR(GUID={56A868B0-0AD4-11CE-B03A-0020AF0BA770}, Version=1.0, LCID=0, FLags=0x8))
2026-09-22 13:11:15,730 - DEBUG - Release <POINTER(ITypeLib) ptr=0x232b3b38970 at 232b83cb950>
2026-09-22 13:11:24,434 - INFO - UI load successful
2026-09-22 13:11:33,696 - INFO - Profile : Supervisor
2026-09-22 13:18:03,942 - INFO - Galvo Laser Shutdown
2026-09-22 13:18:03,942 - CRITICAL - Laser 1 : OFF
2026-09-22 13:18:03,942 - CRITICAL - Laser 2 : OFF
2026-09-22 13:18:03,942 - INFO - Stepper Lasers Shutdown
2026-09-22 13:18:03,942 - INFO - COM connection close successfully
2026-09-22 13:18:03,942 - INFO - Main window close successfully
2026-09-22 13:18:03,942 - INFO - ==================================================
2026-09-22 13:18:03,942 - INFO - New session close at 2026-09-22 13:18
2026-09-22 13:18:03,942 - INFO - ==================================================
2026-09-22 13:18:03,960 - DEBUG - Calling CoUninitialize()
2026-09-22 13:18:03,960 - DEBUG - CoUninitialize() done.
2026-09-22 13:22:01,203 - INFO - No OpenGL_accelerate module loaded: No module named 'OpenGL_accelerate'
2026-09-22 13:22:01,393 - DEBUG - CoInitializeEx(None, 2)
2026-09-22 13:22:01,450 - INFO - Imported existing <module 'comtypes.gen' from 'C:\\Users\\EXPSOL\\AppData\\Roaming\\Python\\Python312\\site-packages\\comtypes\\gen\\__init__.py'>
2026-09-22 13:22:01,450 - INFO - Using writeable comtypes cache directory: 'C:\Users\EXPSOL\AppData\Roaming\Python\Python312\site-packages\comtypes\gen'
2026-09-22 13:22:01,455 - DEBUG - GetModule(qedit.dll), resolved: False
2026-09-22 13:22:01,457 - DEBUG - GetModule(TLIBATTR(GUID={78530B68-61F9-11D2-8CAD-00A024580902}, Version=1.0, LCID=0, FLags=0x8))
2026-09-22 13:22:01,480 - DEBUG - Release <POINTER(ITypeLib) ptr=0x21ac7486820 at 21acbb11b50>
2026-09-22 13:22:01,480 - DEBUG - GetModule(quartz.dll), resolved: False
2026-09-22 13:22:01,481 - DEBUG - GetModule(TLIBATTR(GUID={56A868B0-0AD4-11CE-B03A-0020AF0BA770}, Version=1.0, LCID=0, FLags=0x8))
2026-09-22 13:22:01,488 - DEBUG - Release <POINTER(ITypeLib) ptr=0x21ac7485220 at 21acbbcb950>
2026-09-22 13:22:10,142 - INFO - UI load successful
2026-09-22 13:22:21,047 - INFO - Profile : Supervisor
2026-09-22 16:28:06,841 - INFO - No OpenGL_accelerate module loaded: No module named 'OpenGL_accelerate'
2026-09-22 16:28:07,426 - DEBUG - CoInitializeEx(None, 2)
2026-09-22 16:28:07,700 - INFO - Imported existing <module 'comtypes.gen' from 'C:\\Users\\EXPSOL\\AppData\\Roaming\\Python\\Python312\\site-packages\\comtypes\\gen\\__init__.py'>
2026-09-22 16:28:07,700 - INFO - Using writeable comtypes cache directory: 'C:\Users\EXPSOL\AppData\Roaming\Python\Python312\site-packages\comtypes\gen'
2026-09-22 16:28:07,738 - DEBUG - GetModule(qedit.dll), resolved: False
2026-09-22 16:28:07,738 - DEBUG - GetModule(TLIBATTR(GUID={78530B68-61F9-11D2-8CAD-00A024580902}, Version=1.0, LCID=0, FLags=0x8))
2026-09-22 16:28:07,795 - DEBUG - Release <POINTER(ITypeLib) ptr=0x27be9396680 at 27bedb71b50>
2026-09-22 16:28:07,795 - DEBUG - GetModule(quartz.dll), resolved: False
2026-09-22 16:28:07,795 - DEBUG - GetModule(TLIBATTR(GUID={56A868B0-0AD4-11CE-B03A-0020AF0BA770}, Version=1.0, LCID=0, FLags=0x8))
2026-09-22 16:28:07,816 - DEBUG - Release <POINTER(ITypeLib) ptr=0x27be9396680 at 27bedc2b950>
2026-09-22 16:28:08,550 - INFO - UI load successful
2026-09-22 16:28:23,716 - INFO - Profile : Supervisor
2026-09-22 16:28:43,829 - CRITICAL - Laser 1 : OFF
2026-09-22 16:28:43,829 - CRITICAL - Laser 2 : OFF
2026-09-22 16:28:43,829 - INFO - Stepper Lasers Shutdown
2026-09-22 16:28:43,829 - INFO - COM connection close successfully
2026-09-22 16:28:43,829 - INFO - Main window close successfully
2026-09-22 16:28:43,829 - INFO - ==================================================
2026-09-22 16:28:43,829 - INFO - New session close at 2026-09-22 16:28
2026-09-22 16:28:43,829 - INFO - ==================================================
2026-09-22 16:28:43,848 - DEBUG - Calling CoUninitialize()
2026-09-22 16:28:43,848 - DEBUG - CoUninitialize() done.
2026-09-22 16:28:55,814 - INFO - No OpenGL_accelerate module loaded: No module named 'OpenGL_accelerate'
2026-09-22 16:28:56,017 - DEBUG - CoInitializeEx(None, 2)
2026-09-22 16:28:56,063 - INFO - Imported existing <module 'comtypes.gen' from 'C:\\Users\\EXPSOL\\AppData\\Roaming\\Python\\Python312\\site-packages\\comtypes\\gen\\__init__.py'>
2026-09-22 16:28:56,063 - INFO - Using writeable comtypes cache directory: 'C:\Users\EXPSOL\AppData\Roaming\Python\Python312\site-packages\comtypes\gen'
2026-09-22 16:28:56,068 - DEBUG - GetModule(qedit.dll), resolved: False
2026-09-22 16:28:56,071 - DEBUG - GetModule(TLIBATTR(GUID={78530B68-61F9-11D2-8CAD-00A024580902}, Version=1.0, LCID=0, FLags=0x8))
2026-09-22 16:28:56,091 - DEBUG - Release <POINTER(ITypeLib) ptr=0x197cb428a50 at 197cf5d1b50>
2026-09-22 16:28:56,091 - DEBUG - GetModule(quartz.dll), resolved: False
2026-09-22 16:28:56,091 - DEBUG - GetModule(TLIBATTR(GUID={56A868B0-0AD4-11CE-B03A-0020AF0BA770}, Version=1.0, LCID=0, FLags=0x8))
2026-09-22 16:28:56,099 - DEBUG - Release <POINTER(ITypeLib) ptr=0x197cb429290 at 197cf68b950>
2026-09-22 16:29:04,768 - INFO - UI load successful
2026-09-22 16:29:14,911 - INFO - Profile : Supervisor
2026-09-22 16:36:25,686 - INFO - Galvo Laser Shutdown
2026-09-22 16:36:25,686 - CRITICAL - Laser 1 : OFF
2026-09-22 16:36:25,686 - CRITICAL - Laser 2 : OFF
2026-09-22 16:36:25,686 - INFO - Stepper Lasers Shutdown
2026-09-22 16:36:25,686 - INFO - COM connection close successfully
2026-09-22 16:36:25,686 - INFO - Main window close successfully
2026-09-22 16:36:25,686 - INFO - ==================================================
2026-09-22 16:36:25,686 - INFO - New session close at 2026-09-22 16:36
2026-09-22 16:36:25,686 - INFO - ==================================================
2026-09-22 16:36:25,700 - DEBUG - Calling CoUninitialize()
2026-09-22 16:36:25,700 - DEBUG - CoUninitialize() done.
2026-09-22 16:36:32,646 - INFO - No OpenGL_accelerate module loaded: No module named 'OpenGL_accelerate'
2026-09-22 16:36:32,839 - DEBUG - CoInitializeEx(None, 2)
2026-09-22 16:36:32,885 - INFO - Imported existing <module 'comtypes.gen' from 'C:\\Users\\EXPSOL\\AppData\\Roaming\\Python\\Python312\\site-packages\\comtypes\\gen\\__init__.py'>
2026-09-22 16:36:32,885 - INFO - Using writeable comtypes cache directory: 'C:\Users\EXPSOL\AppData\Roaming\Python\Python312\site-packages\comtypes\gen'
2026-09-22 16:36:32,891 - DEBUG - GetModule(qedit.dll), resolved: False
2026-09-22 16:36:32,893 - DEBUG - GetModule(TLIBATTR(GUID={78530B68-61F9-11D2-8CAD-00A024580902}, Version=1.0, LCID=0, FLags=0x8))
2026-09-22 16:36:32,912 - DEBUG - Release <POINTER(ITypeLib) ptr=0x2804409b540 at 28048861b50>
2026-09-22 16:36:32,914 - DEBUG - GetModule(quartz.dll), resolved: False
2026-09-22 16:36:32,914 - DEBUG - GetModule(TLIBATTR(GUID={56A868B0-0AD4-11CE-B03A-0020AF0BA770}, Version=1.0, LCID=0, FLags=0x8))
2026-09-22 16:36:32,920 - DEBUG - Release <POINTER(ITypeLib) ptr=0x2804409b540 at 2804891b950>
2026-09-22 16:36:41,991 - INFO - UI load successful
2026-09-22 16:36:53,324 - INFO - Profile : Supervisor
2026-09-22 16:57:03,637 - INFO - >> Hardware Trigger: DI1 (Start) Pressed!
2026-09-22 16:57:03,639 - INFO - >> Hardware Trigger: DI2 (Abort) Pressed!
2026-09-22 17:00:20,950 - INFO - Galvo Laser Shutdown
2026-09-22 17:00:20,950 - CRITICAL - Laser 1 : OFF
2026-09-22 17:00:20,950 - CRITICAL - Laser 2 : OFF
2026-09-22 17:00:20,950 - INFO - Stepper Lasers Shutdown
2026-09-22 17:00:20,950 - INFO - COM connection close successfully
2026-09-22 17:00:20,950 - INFO - Main window close successfully
2026-09-22 17:00:20,950 - INFO - ==================================================
2026-09-22 17:00:20,950 - INFO - New session close at 2026-09-22 17:00
2026-09-22 17:00:20,950 - INFO - ==================================================
2026-09-22 17:00:20,950 - DEBUG - Calling CoUninitialize()
2026-09-22 17:00:20,950 - DEBUG - CoUninitialize() done.
2026-09-22 17:00:27,432 - INFO - No OpenGL_accelerate module loaded: No module named 'OpenGL_accelerate'
2026-09-22 17:00:27,701 - DEBUG - CoInitializeEx(None, 2)
2026-09-22 17:00:27,776 - INFO - Imported existing <module 'comtypes.gen' from 'C:\\Users\\EXPSOL\\AppData\\Roaming\\Python\\Python312\\site-packages\\comtypes\\gen\\__init__.py'>
2026-09-22 17:00:27,776 - INFO - Using writeable comtypes cache directory: 'C:\Users\EXPSOL\AppData\Roaming\Python\Python312\site-packages\comtypes\gen'
2026-09-22 17:00:27,784 - DEBUG - GetModule(qedit.dll), resolved: False
2026-09-22 17:00:27,786 - DEBUG - GetModule(TLIBATTR(GUID={78530B68-61F9-11D2-8CAD-00A024580902}, Version=1.0, LCID=0, FLags=0x8))
2026-09-22 17:00:27,812 - DEBUG - Release <POINTER(ITypeLib) ptr=0x21dbeb5ecb0 at 21dc3321b50>
2026-09-22 17:00:27,812 - DEBUG - GetModule(quartz.dll), resolved: False
2026-09-22 17:00:27,812 - DEBUG - GetModule(TLIBATTR(GUID={56A868B0-0AD4-11CE-B03A-0020AF0BA770}, Version=1.0, LCID=0, FLags=0x8))
2026-09-22 17:00:27,821 - DEBUG - Release <POINTER(ITypeLib) ptr=0x21dbeb61070 at 21dc33db950>
2026-09-22 17:00:36,541 - INFO - UI load successful
2026-09-22 17:00:50,142 - INFO - Profile : Supervisor
2026-09-22 17:05:09,555 - INFO - File selected : D:/Atharva/Galvo_Scribber/Galvo_22092026/40mm_square.svg
2026-09-22 17:05:11,852 - INFO - Parameters saved for D:/Atharva/Galvo_Scribber/Galvo_22092026/40mm_square.svg
2026-09-22 17:06:03,657 - INFO - No OpenGL_accelerate module loaded: No module named 'OpenGL_accelerate'
2026-09-22 17:06:03,865 - DEBUG - CoInitializeEx(None, 2)
2026-09-22 17:06:03,907 - INFO - Imported existing <module 'comtypes.gen' from 'C:\\Users\\EXPSOL\\AppData\\Roaming\\Python\\Python312\\site-packages\\comtypes\\gen\\__init__.py'>
2026-09-22 17:06:03,907 - INFO - Using writeable comtypes cache directory: 'C:\Users\EXPSOL\AppData\Roaming\Python\Python312\site-packages\comtypes\gen'
2026-09-22 17:06:03,913 - DEBUG - GetModule(qedit.dll), resolved: False
2026-09-22 17:06:03,915 - DEBUG - GetModule(TLIBATTR(GUID={78530B68-61F9-11D2-8CAD-00A024580902}, Version=1.0, LCID=0, FLags=0x8))
2026-09-22 17:06:03,923 - DEBUG - Release <POINTER(ITypeLib) ptr=0x24018bd4b30 at 2401ccf1b50>
2026-09-22 17:06:03,923 - DEBUG - GetModule(quartz.dll), resolved: False
2026-09-22 17:06:03,923 - DEBUG - GetModule(TLIBATTR(GUID={56A868B0-0AD4-11CE-B03A-0020AF0BA770}, Version=1.0, LCID=0, FLags=0x8))
2026-09-22 17:06:03,945 - DEBUG - Release <POINTER(ITypeLib) ptr=0x24018bd4df0 at 2401cdab950>
2026-09-22 17:06:13,008 - INFO - UI load successful
2026-09-22 17:06:28,393 - INFO - Profile : Supervisor
2026-09-22 17:23:55,633 - INFO - >> Hardware Trigger: DI1 (Start) Pressed!
2026-09-22 17:23:55,636 - INFO - >> Hardware Trigger: DI2 (Abort) Pressed!
2026-09-22 17:25:14,757 - INFO - Galvo Laser Shutdown
2026-09-22 17:25:14,757 - CRITICAL - Laser 1 : OFF
2026-09-22 17:25:14,757 - CRITICAL - Laser 2 : OFF
2026-09-22 17:25:14,757 - INFO - Stepper Lasers Shutdown
2026-09-22 17:25:14,757 - INFO - COM connection close successfully
2026-09-22 17:25:14,757 - INFO - Main window close successfully
2026-09-22 17:25:14,757 - INFO - ==================================================
2026-09-22 17:25:14,757 - INFO - New session close at 2026-09-22 17:25
2026-09-22 17:25:14,757 - INFO - ==================================================
2026-09-22 17:25:14,781 - DEBUG - Calling CoUninitialize()
2026-09-22 17:25:14,781 - DEBUG - CoUninitialize() done.
2026-09-22 17:25:17,844 - INFO - No OpenGL_accelerate module loaded: No module named 'OpenGL_accelerate'
2026-09-22 17:25:18,026 - DEBUG - CoInitializeEx(None, 2)
2026-09-22 17:25:18,072 - INFO - Imported existing <module 'comtypes.gen' from 'C:\\Users\\EXPSOL\\AppData\\Roaming\\Python\\Python312\\site-packages\\comtypes\\gen\\__init__.py'>
2026-09-22 17:25:18,072 - INFO - Using writeable comtypes cache directory: 'C:\Users\EXPSOL\AppData\Roaming\Python\Python312\site-packages\comtypes\gen'
2026-09-22 17:25:18,072 - DEBUG - GetModule(qedit.dll), resolved: False
2026-09-22 17:25:18,072 - DEBUG - GetModule(TLIBATTR(GUID={78530B68-61F9-11D2-8CAD-00A024580902}, Version=1.0, LCID=0, FLags=0x8))
2026-09-22 17:25:18,107 - DEBUG - Release <POINTER(ITypeLib) ptr=0x2da3fd95f70 at 2da437b1b50>
2026-09-22 17:25:18,107 - DEBUG - GetModule(quartz.dll), resolved: False
2026-09-22 17:25:18,107 - DEBUG - GetModule(TLIBATTR(GUID={56A868B0-0AD4-11CE-B03A-0020AF0BA770}, Version=1.0, LCID=0, FLags=0x8))
2026-09-22 17:25:18,107 - DEBUG - Release <POINTER(ITypeLib) ptr=0x2da3fd972b0 at 2da4483b950>
2026-09-22 17:25:26,797 - INFO - UI load successful
2026-09-22 17:25:52,021 - INFO - Profile : Supervisor
2026-09-22 17:28:35,064 - INFO - Galvo Laser Shutdown
2026-09-22 17:28:35,064 - CRITICAL - Laser 1 : OFF
2026-09-22 17:28:35,064 - CRITICAL - Laser 2 : OFF
2026-09-22 17:28:35,064 - INFO - Stepper Lasers Shutdown
2026-09-22 17:28:35,064 - INFO - COM connection close successfully
2026-09-22 17:28:35,064 - INFO - Main window close successfully
2026-09-22 17:28:35,064 - INFO - ==================================================
2026-09-22 17:28:35,064 - INFO - New session close at 2026-09-22 17:28
2026-09-22 17:28:35,064 - INFO - ==================================================
2026-09-22 17:28:35,081 - DEBUG - Calling CoUninitialize()
2026-09-22 17:28:35,081 - DEBUG - CoUninitialize() done.
2026-09-22 17:30:59,373 - INFO - No OpenGL_accelerate module loaded: No module named 'OpenGL_accelerate'
2026-09-22 17:30:59,573 - DEBUG - CoInitializeEx(None, 2)
2026-09-22 17:30:59,619 - INFO - Imported existing <module 'comtypes.gen' from 'C:\\Users\\EXPSOL\\AppData\\Roaming\\Python\\Python312\\site-packages\\comtypes\\gen\\__init__.py'>
2026-09-22 17:30:59,619 - INFO - Using writeable comtypes cache directory: 'C:\Users\EXPSOL\AppData\Roaming\Python\Python312\site-packages\comtypes\gen'
2026-09-22 17:30:59,619 - DEBUG - GetModule(qedit.dll), resolved: False
2026-09-22 17:30:59,619 - DEBUG - GetModule(TLIBATTR(GUID={78530B68-61F9-11D2-8CAD-00A024580902}, Version=1.0, LCID=0, FLags=0x8))
2026-09-22 17:30:59,640 - DEBUG - Release <POINTER(ITypeLib) ptr=0x2953873db40 at 2953cdb1b50>
2026-09-22 17:30:59,640 - DEBUG - GetModule(quartz.dll), resolved: False
2026-09-22 17:30:59,640 - DEBUG - GetModule(TLIBATTR(GUID={56A868B0-0AD4-11CE-B03A-0020AF0BA770}, Version=1.0, LCID=0, FLags=0x8))
2026-09-22 17:30:59,650 - DEBUG - Release <POINTER(ITypeLib) ptr=0x2953873f980 at 2953ce6b950>
2026-09-22 17:31:08,303 - INFO - UI load successful
2026-09-22 17:31:33,030 - INFO - Profile : Supervisor
2026-09-22 17:46:39,809 - INFO - Galvo Laser Shutdown
2026-09-22 17:46:39,809 - CRITICAL - Laser 1 : OFF
2026-09-22 17:46:39,809 - CRITICAL - Laser 2 : OFF
2026-09-22 17:46:39,809 - INFO - Stepper Lasers Shutdown
2026-09-22 17:46:39,809 - INFO - COM connection close successfully
2026-09-22 17:46:39,809 - INFO - Main window close successfully
2026-09-22 17:46:39,809 - INFO - ==================================================
2026-09-22 17:46:39,809 - INFO - New session close at 2026-09-22 17:46
2026-09-22 17:46:39,809 - INFO - ==================================================
2026-09-22 17:46:39,821 - DEBUG - Calling CoUninitialize()
2026-09-22 17:46:39,821 - DEBUG - CoUninitialize() done.
2026-09-22 17:50:13,632 - INFO - No OpenGL_accelerate module loaded: No module named 'OpenGL_accelerate'
2026-09-22 17:50:13,916 - DEBUG - CoInitializeEx(None, 2)
2026-09-22 17:50:13,978 - INFO - Imported existing <module 'comtypes.gen' from 'C:\\Users\\EXPSOL\\AppData\\Roaming\\Python\\Python312\\site-packages\\comtypes\\gen\\__init__.py'>
2026-09-22 17:50:13,978 - INFO - Using writeable comtypes cache directory: 'C:\Users\EXPSOL\AppData\Roaming\Python\Python312\site-packages\comtypes\gen'
2026-09-22 17:50:13,978 - DEBUG - GetModule(qedit.dll), resolved: False
2026-09-22 17:50:13,994 - DEBUG - GetModule(TLIBATTR(GUID={78530B68-61F9-11D2-8CAD-00A024580902}, Version=1.0, LCID=0, FLags=0x8))
2026-09-22 17:50:14,010 - DEBUG - Release <POINTER(ITypeLib) ptr=0x1ea8a97ead0 at 1ea8e601b50>
2026-09-22 17:50:14,010 - DEBUG - GetModule(quartz.dll), resolved: False
2026-09-22 17:50:14,010 - DEBUG - GetModule(TLIBATTR(GUID={56A868B0-0AD4-11CE-B03A-0020AF0BA770}, Version=1.0, LCID=0, FLags=0x8))
2026-09-22 17:50:14,026 - DEBUG - Release <POINTER(ITypeLib) ptr=0x1ea8a97cc90 at 1ea8e6bb950>
2026-09-22 17:50:22,744 - INFO - UI load successful
2026-09-22 17:50:52,617 - INFO - Profile : Supervisor
2026-09-22 17:52:55,101 - INFO - Galvo Laser Shutdown
2026-09-22 17:52:55,111 - CRITICAL - Laser 1 : OFF
2026-09-22 17:52:55,111 - CRITICAL - Laser 2 : OFF
2026-09-22 17:52:55,111 - INFO - Stepper Lasers Shutdown
2026-09-22 17:52:55,111 - INFO - COM connection close successfully
2026-09-22 17:52:55,111 - INFO - Main window close successfully
2026-09-22 17:52:55,113 - INFO - ==================================================
2026-09-22 17:52:55,113 - INFO - New session close at 2026-09-22 17:52
2026-09-22 17:52:55,113 - INFO - ==================================================
2026-09-22 17:52:55,125 - DEBUG - Calling CoUninitialize()
2026-09-22 17:52:55,127 - DEBUG - CoUninitialize() done.
2026-09-23 10:17:52,004 - INFO - No OpenGL_accelerate module loaded: No module named 'OpenGL_accelerate'
2026-09-23 10:17:53,720 - DEBUG - CoInitializeEx(None, 2)
2026-09-23 10:17:54,013 - INFO - Imported existing <module 'comtypes.gen' from 'C:\\Users\\EXPSOL\\AppData\\Roaming\\Python\\Python312\\site-packages\\comtypes\\gen\\__init__.py'>
2026-09-23 10:17:54,013 - INFO - Using writeable comtypes cache directory: 'C:\Users\EXPSOL\AppData\Roaming\Python\Python312\site-packages\comtypes\gen'
2026-09-23 10:17:54,051 - DEBUG - GetModule(qedit.dll), resolved: False
2026-09-23 10:17:54,051 - DEBUG - GetModule(TLIBATTR(GUID={78530B68-61F9-11D2-8CAD-00A024580902}, Version=1.0, LCID=0, FLags=0x8))
2026-09-23 10:17:54,101 - DEBUG - Release <POINTER(ITypeLib) ptr=0x1e8a4990df0 at 1e8a9371b50>
2026-09-23 10:17:54,101 - DEBUG - GetModule(quartz.dll), resolved: False
2026-09-23 10:17:54,101 - DEBUG - GetModule(TLIBATTR(GUID={56A868B0-0AD4-11CE-B03A-0020AF0BA770}, Version=1.0, LCID=0, FLags=0x8))
2026-09-23 10:17:54,118 - DEBUG - Release <POINTER(ITypeLib) ptr=0x1e8a498ea30 at 1e8a942b950>
2026-09-23 10:18:03,360 - INFO - UI load successful
2026-09-23 10:18:20,351 - INFO - Galvo Laser Shutdown
2026-09-23 10:18:20,351 - CRITICAL - Laser 1 : OFF
2026-09-23 10:18:20,351 - CRITICAL - Laser 2 : OFF
2026-09-23 10:18:20,351 - INFO - Stepper Lasers Shutdown
2026-09-23 10:18:20,351 - INFO - COM connection close successfully
2026-09-23 10:18:20,351 - INFO - Main window close successfully
2026-09-23 10:18:20,351 - INFO - ==================================================
2026-09-23 10:18:20,351 - INFO - New session close at 2026-09-23 10:18
2026-09-23 10:18:20,351 - INFO - ==================================================
2026-09-23 10:18:21,635 - DEBUG - Calling CoUninitialize()
2026-09-23 10:18:21,635 - DEBUG - CoUninitialize() done.
2026-09-23 10:18:23,765 - INFO - No OpenGL_accelerate module loaded: No module named 'OpenGL_accelerate'
2026-09-23 10:18:23,953 - DEBUG - CoInitializeEx(None, 2)
2026-09-23 10:18:24,010 - INFO - Imported existing <module 'comtypes.gen' from 'C:\\Users\\EXPSOL\\AppData\\Roaming\\Python\\Python312\\site-packages\\comtypes\\gen\\__init__.py'>
2026-09-23 10:18:24,010 - INFO - Using writeable comtypes cache directory: 'C:\Users\EXPSOL\AppData\Roaming\Python\Python312\site-packages\comtypes\gen'
2026-09-23 10:18:24,015 - DEBUG - GetModule(qedit.dll), resolved: False
2026-09-23 10:18:24,016 - DEBUG - GetModule(TLIBATTR(GUID={78530B68-61F9-11D2-8CAD-00A024580902}, Version=1.0, LCID=0, FLags=0x8))
2026-09-23 10:18:24,045 - DEBUG - Release <POINTER(ITypeLib) ptr=0x2052aa5f0a0 at 2052f0d1b50>
2026-09-23 10:18:24,045 - DEBUG - GetModule(quartz.dll), resolved: False
2026-09-23 10:18:24,046 - DEBUG - GetModule(TLIBATTR(GUID={56A868B0-0AD4-11CE-B03A-0020AF0BA770}, Version=1.0, LCID=0, FLags=0x8))
2026-09-23 10:18:24,053 - DEBUG - Release <POINTER(ITypeLib) ptr=0x2052aa5f0a0 at 2052f18b950>
2026-09-23 10:18:33,123 - INFO - UI load successful
2026-09-23 10:19:05,330 - INFO - Profile : Supervisor
2026-09-23 10:23:15,329 - INFO - Galvo Laser Shutdown
2026-09-23 10:23:15,329 - CRITICAL - Laser 1 : OFF
2026-09-23 10:23:15,329 - CRITICAL - Laser 2 : OFF
2026-09-23 10:23:15,329 - INFO - Stepper Lasers Shutdown
2026-09-23 10:23:15,329 - INFO - COM connection close successfully
2026-09-23 10:23:15,329 - INFO - Main window close successfully
2026-09-23 10:23:15,329 - INFO - ==================================================
2026-09-23 10:23:15,329 - INFO - New session close at 2026-09-23 10:23
2026-09-23 10:23:15,329 - INFO - ==================================================
2026-09-23 10:23:15,329 - DEBUG - Calling CoUninitialize()
2026-09-23 10:23:15,329 - DEBUG - CoUninitialize() done.
2026-09-23 10:23:20,458 - INFO - No OpenGL_accelerate module loaded: No module named 'OpenGL_accelerate'
2026-09-23 10:23:20,677 - DEBUG - CoInitializeEx(None, 2)
2026-09-23 10:23:20,742 - INFO - Imported existing <module 'comtypes.gen' from 'C:\\Users\\EXPSOL\\AppData\\Roaming\\Python\\Python312\\site-packages\\comtypes\\gen\\__init__.py'>
2026-09-23 10:23:20,742 - INFO - Using writeable comtypes cache directory: 'C:\Users\EXPSOL\AppData\Roaming\Python\Python312\site-packages\comtypes\gen'
2026-09-23 10:23:20,749 - DEBUG - GetModule(qedit.dll), resolved: False
2026-09-23 10:23:20,750 - DEBUG - GetModule(TLIBATTR(GUID={78530B68-61F9-11D2-8CAD-00A024580902}, Version=1.0, LCID=0, FLags=0x8))
2026-09-23 10:23:20,766 - DEBUG - Release <POINTER(ITypeLib) ptr=0x2106f790800 at 21073f51bd0>
2026-09-23 10:23:20,766 - DEBUG - GetModule(quartz.dll), resolved: False
2026-09-23 10:23:20,766 - DEBUG - GetModule(TLIBATTR(GUID={56A868B0-0AD4-11CE-B03A-0020AF0BA770}, Version=1.0, LCID=0, FLags=0x8))
2026-09-23 10:23:20,782 - DEBUG - Release <POINTER(ITypeLib) ptr=0x2106f790800 at 210740079d0>
2026-09-23 10:23:29,918 - INFO - UI load successful
2026-09-23 10:23:50,890 - INFO - File selected : D:/Atharva/Galvo_Scribber/Galvo_22092026/40mm_square.svg
2026-09-23 10:23:52,720 - INFO - Parameters saved for D:/Atharva/Galvo_Scribber/Galvo_22092026/40mm_square.svg
2026-09-23 10:24:01,341 - INFO - Profile : Supervisor
2026-09-23 10:29:16,534 - INFO - Galvo Laser Shutdown
2026-09-23 10:29:16,534 - CRITICAL - Laser 1 : OFF
2026-09-23 10:29:16,534 - CRITICAL - Laser 2 : OFF
2026-09-23 10:29:16,534 - INFO - Stepper Lasers Shutdown
2026-09-23 10:29:16,534 - INFO - COM connection close successfully
2026-09-23 10:29:16,534 - INFO - Main window close successfully
2026-09-23 10:29:16,534 - INFO - ==================================================
2026-09-23 10:29:16,534 - INFO - New session close at 2026-09-23 10:29
2026-09-23 10:29:16,534 - INFO - ==================================================
2026-09-23 10:29:16,554 - DEBUG - Calling CoUninitialize()
2026-09-23 10:29:16,554 - DEBUG - CoUninitialize() done.
2026-09-23 10:29:19,730 - INFO - No OpenGL_accelerate module loaded: No module named 'OpenGL_accelerate'
2026-09-23 10:29:19,920 - DEBUG - CoInitializeEx(None, 2)
2026-09-23 10:29:19,961 - INFO - Imported existing <module 'comtypes.gen' from 'C:\\Users\\EXPSOL\\AppData\\Roaming\\Python\\Python312\\site-packages\\comtypes\\gen\\__init__.py'>
2026-09-23 10:29:19,961 - INFO - Using writeable comtypes cache directory: 'C:\Users\EXPSOL\AppData\Roaming\Python\Python312\site-packages\comtypes\gen'
2026-09-23 10:29:19,961 - DEBUG - GetModule(qedit.dll), resolved: False
2026-09-23 10:29:19,961 - DEBUG - GetModule(TLIBATTR(GUID={78530B68-61F9-11D2-8CAD-00A024580902}, Version=1.0, LCID=0, FLags=0x8))
2026-09-23 10:29:19,991 - DEBUG - Release <POINTER(ITypeLib) ptr=0x17abcb8f4c0 at 17ac1325b50>
2026-09-23 10:29:19,991 - DEBUG - GetModule(quartz.dll), resolved: False
2026-09-23 10:29:19,993 - DEBUG - GetModule(TLIBATTR(GUID={56A868B0-0AD4-11CE-B03A-0020AF0BA770}, Version=1.0, LCID=0, FLags=0x8))
2026-09-23 10:29:19,999 - DEBUG - Release <POINTER(ITypeLib) ptr=0x17abcb920c0 at 17ac13db950>
2026-09-23 10:29:29,057 - INFO - UI load successful
2026-09-23 10:29:35,360 - WARNING - Failed login attempt for user: Supervisor
2026-09-23 10:29:43,730 - INFO - Profile : Supervisor
2026-09-23 10:30:07,915 - INFO - File selected : D:/Atharva/Galvo_Scribber/Galvo_22092026/40mm_square.svg
2026-09-23 10:30:09,646 - INFO - Parameters saved for D:/Atharva/Galvo_Scribber/Galvo_22092026/40mm_square.svg
2026-09-23 10:31:21,763 - INFO - Parameters saved for D:/Atharva/Galvo_Scribber/Galvo_22092026/40mm_square.svg
2026-09-23 10:32:34,839 - INFO - Parameters saved for D:/Atharva/Galvo_Scribber/Galvo_22092026/40mm_square.svg
2026-09-23 10:34:16,793 - INFO - Parameters saved for D:/Atharva/Galvo_Scribber/Galvo_22092026/40mm_square.svg
2026-09-23 10:36:06,018 - INFO - Parameters saved for D:/Atharva/Galvo_Scribber/Galvo_22092026/40mm_square.svg
2026-09-23 10:36:12,780 - INFO - File selected : D:/Atharva/Galvo_Scribber/Galvo_22092026/80mm_square.svg
2026-09-23 10:36:15,108 - INFO - Parameters saved for D:/Atharva/Galvo_Scribber/Galvo_22092026/80mm_square.svg
2026-09-23 10:36:44,568 - INFO - File selected : D:/Atharva/Galvo_Scribber/Galvo_22092026/40mm_square.svg
2026-09-23 10:36:48,119 - INFO - Parameters saved for D:/Atharva/Galvo_Scribber/Galvo_22092026/40mm_square.svg
2026-09-23 10:38:14,946 - INFO - Parameters saved for D:/Atharva/Galvo_Scribber/Galvo_22092026/40mm_square.svg
2026-09-23 10:39:49,712 - INFO - File selected : D:/Atharva/Galvo_Scribber/Galvo_22092026/80mm_square.svg
2026-09-23 10:39:51,760 - INFO - Parameters saved for D:/Atharva/Galvo_Scribber/Galvo_22092026/80mm_square.svg
2026-09-23 10:39:56,947 - INFO - File selected : D:/Atharva/Galvo_Scribber/Galvo_22092026/40mm_square.svg
2026-09-23 10:40:07,259 - INFO - Parameters saved for D:/Atharva/Galvo_Scribber/Galvo_22092026/40mm_square.svg
2026-09-23 10:51:05,599 - INFO - Parameters saved for D:/Atharva/Galvo_Scribber/Galvo_22092026/40mm_square.svg
2026-09-23 10:56:37,804 - INFO - File selected : D:/Atharva/Galvo_Scribber/Galvo_22092026/svg_files/Files/Difficult/nReDT-bird-floral-flying-wall-decor-home-decoration.dxf
2026-09-23 10:56:41,117 - INFO - Parameters saved for D:/Atharva/Galvo_Scribber/Galvo_22092026/svg_files/Files/Difficult/nReDT-bird-floral-flying-wall-decor-home-decoration.dxf
2026-09-23 10:56:41,184 - INFO - creating ACAD_COLOR dictionary
2026-09-23 10:56:46,570 - INFO - creating ACAD_COLOR dictionary
2026-09-23 10:59:00,114 - INFO - File selected : D:/Atharva/Galvo_Scribber/Galvo_22092026/svg_files/Files/Difficult/uwPfi-cool-women-face-decorative-art-design.dxf
2026-09-23 10:59:08,632 - INFO - Parameters saved for D:/Atharva/Galvo_Scribber/Galvo_22092026/svg_files/Files/Difficult/uwPfi-cool-women-face-decorative-art-design.dxf
2026-09-23 10:59:08,869 - INFO - creating ACAD_COLOR dictionary
2026-09-23 10:59:11,213 - INFO - creating ACAD_COLOR dictionary
2026-09-23 11:02:58,819 - INFO - File selected : D:/Atharva/Galvo_Scribber/Galvo_22092026/svg_files/Files/Main/MF device 250 micron channel.dxf
2026-09-23 11:03:00,946 - INFO - Parameters saved for D:/Atharva/Galvo_Scribber/Galvo_22092026/svg_files/Files/Main/MF device 250 micron channel.dxf
2026-09-23 11:12:05,532 - INFO - File selected : D:/Users/EXPSOL/Downloads/WhatsApp-Image-2026-09-22-at-3.53.36-PM.dxf
2026-09-23 11:12:06,793 - INFO - Parameters saved for D:/Users/EXPSOL/Downloads/WhatsApp-Image-2026-09-22-at-3.53.36-PM.dxf
2026-09-23 11:12:08,661 - INFO - DXF version upgrade to DXF R12.
2026-09-23 11:12:08,661 - DEBUG - Creating ROOT dictionary.
2026-09-23 11:12:08,661 - INFO - creating ACAD_COLOR dictionary
2026-09-23 11:12:08,661 - INFO - creating ACAD_GROUP dictionary
2026-09-23 11:12:08,661 - INFO - creating ACAD_LAYOUT dictionary
2026-09-23 11:12:08,662 - INFO - creating ACAD_MATERIAL dictionary
2026-09-23 11:12:08,662 - INFO - creating ACAD_MLEADERSTYLE dictionary
2026-09-23 11:12:08,662 - INFO - creating ACAD_MLINESTYLE dictionary
2026-09-23 11:12:08,662 - INFO - creating ACAD_PLOTSETTINGS dictionary
2026-09-23 11:12:08,662 - INFO - creating ACAD_PLOTSTYLENAME dictionary
2026-09-23 11:12:08,662 - INFO - creating ACAD_SCALELIST dictionary
2026-09-23 11:12:08,662 - INFO - creating ACAD_TABLESTYLE dictionary
2026-09-23 11:12:08,662 - INFO - creating ACAD_VISUALSTYLE dictionary
2026-09-23 11:12:30,944 - INFO - File selected : D:/Users/EXPSOL/Downloads/WhatsApp-Image-2026-09-22-at-3.53.35-PM.dxf
2026-09-23 11:12:31,902 - INFO - Parameters saved for D:/Users/EXPSOL/Downloads/WhatsApp-Image-2026-09-22-at-3.53.35-PM.dxf
2026-09-23 11:12:32,375 - INFO - DXF version upgrade to DXF R12.
2026-09-23 11:12:32,375 - DEBUG - Creating ROOT dictionary.
2026-09-23 11:12:32,375 - INFO - creating ACAD_COLOR dictionary
2026-09-23 11:12:32,375 - INFO - creating ACAD_GROUP dictionary
2026-09-23 11:12:32,375 - INFO - creating ACAD_LAYOUT dictionary
2026-09-23 11:12:32,376 - INFO - creating ACAD_MATERIAL dictionary
2026-09-23 11:12:32,376 - INFO - creating ACAD_MLEADERSTYLE dictionary
2026-09-23 11:12:32,376 - INFO - creating ACAD_MLINESTYLE dictionary
2026-09-23 11:12:32,376 - INFO - creating ACAD_PLOTSETTINGS dictionary
2026-09-23 11:12:32,376 - INFO - creating ACAD_PLOTSTYLENAME dictionary
2026-09-23 11:12:32,376 - INFO - creating ACAD_SCALELIST dictionary
2026-09-23 11:12:32,376 - INFO - creating ACAD_TABLESTYLE dictionary
2026-09-23 11:12:32,376 - INFO - creating ACAD_VISUALSTYLE dictionary
2026-09-23 11:13:38,009 - INFO - File selected : D:/Atharva/Galvo_Scribber/Galvo_22092026/svg_files/Files/Main/MF device 250 micron channel.dxf
2026-09-23 11:13:39,784 - INFO - Parameters saved for D:/Atharva/Galvo_Scribber/Galvo_22092026/svg_files/Files/Main/MF device 250 micron channel.dxf
2026-09-23 11:26:23,507 - INFO - File selected : D:/Atharva/Galvo_Scribber/Galvo_22092026/svg_files/Files/Difficult/uwPfi-cool-women-face-decorative-art-design.dxf
2026-09-23 11:26:26,439 - INFO - Parameters saved for D:/Atharva/Galvo_Scribber/Galvo_22092026/svg_files/Files/Difficult/uwPfi-cool-women-face-decorative-art-design.dxf
2026-09-23 11:26:26,964 - INFO - creating ACAD_COLOR dictionary
2026-09-23 11:26:36,545 - INFO - creating ACAD_COLOR dictionary
2026-09-23 11:34:37,932 - INFO - File selected : D:/Atharva/Galvo_Scribber/Galvo_22092026/svg_files/WhatsApp-Image-2026-09-22-at-3.53.36-PM.svg
2026-09-23 11:34:42,250 - INFO - Parameters saved for D:/Atharva/Galvo_Scribber/Galvo_22092026/svg_files/WhatsApp-Image-2026-09-22-at-3.53.36-PM.svg
2026-09-23 11:37:18,505 - INFO - No OpenGL_accelerate module loaded: No module named 'OpenGL_accelerate'
2026-09-23 11:37:19,665 - DEBUG - CoInitializeEx(None, 2)
2026-09-23 11:37:19,884 - INFO - Imported existing <module 'comtypes.gen' from 'C:\\Users\\EXPSOL\\AppData\\Roaming\\Python\\Python312\\site-packages\\comtypes\\gen\\__init__.py'>
2026-09-23 11:37:19,884 - INFO - Using writeable comtypes cache directory: 'C:\Users\EXPSOL\AppData\Roaming\Python\Python312\site-packages\comtypes\gen'
2026-09-23 11:37:19,904 - DEBUG - GetModule(qedit.dll), resolved: False
2026-09-23 11:37:19,910 - DEBUG - GetModule(TLIBATTR(GUID={78530B68-61F9-11D2-8CAD-00A024580902}, Version=1.0, LCID=0, FLags=0x8))
2026-09-23 11:37:19,958 - DEBUG - Release <POINTER(ITypeLib) ptr=0x227497ca910 at 2274aa2e1d0>
2026-09-23 11:37:19,958 - DEBUG - GetModule(quartz.dll), resolved: False
2026-09-23 11:37:19,962 - DEBUG - GetModule(TLIBATTR(GUID={56A868B0-0AD4-11CE-B03A-0020AF0BA770}, Version=1.0, LCID=0, FLags=0x8))
2026-09-23 11:37:19,978 - DEBUG - Release <POINTER(ITypeLib) ptr=0x227497c9050 at 2274aefc050>
2026-09-23 11:37:29,874 - INFO - UI load successful
2026-09-23 11:37:58,557 - INFO - Profile : Supervisor
2026-09-23 11:38:41,834 - INFO - Galvo Laser Shutdown
2026-09-23 11:38:41,837 - CRITICAL - Laser 1 : OFF
2026-09-23 11:38:41,837 - CRITICAL - Laser 2 : OFF
2026-09-23 11:38:41,837 - INFO - Stepper Lasers Shutdown
2026-09-23 11:38:41,837 - INFO - COM connection close successfully
2026-09-23 11:38:41,837 - INFO - Main window close successfully
2026-09-23 11:38:41,837 - INFO - ==================================================
2026-09-23 11:38:41,837 - INFO - New session close at 2026-09-23 11:38
2026-09-23 11:38:41,837 - INFO - ==================================================
2026-09-23 11:38:41,851 - DEBUG - Calling CoUninitialize()
2026-09-23 11:38:41,852 - DEBUG - CoUninitialize() done.
2026-09-23 11:38:50,219 - INFO - No OpenGL_accelerate module loaded: No module named 'OpenGL_accelerate'
2026-09-23 11:38:50,435 - DEBUG - CoInitializeEx(None, 2)
2026-09-23 11:38:50,480 - INFO - Imported existing <module 'comtypes.gen' from 'C:\\Users\\EXPSOL\\AppData\\Roaming\\Python\\Python312\\site-packages\\comtypes\\gen\\__init__.py'>
2026-09-23 11:38:50,480 - INFO - Using writeable comtypes cache directory: 'C:\Users\EXPSOL\AppData\Roaming\Python\Python312\site-packages\comtypes\gen'
2026-09-23 11:38:50,486 - DEBUG - GetModule(qedit.dll), resolved: False
2026-09-23 11:38:50,488 - DEBUG - GetModule(TLIBATTR(GUID={78530B68-61F9-11D2-8CAD-00A024580902}, Version=1.0, LCID=0, FLags=0x8))
2026-09-23 11:38:50,508 - DEBUG - Release <POINTER(ITypeLib) ptr=0x267abd4a5e0 at 267b035dfd0>
2026-09-23 11:38:50,509 - DEBUG - GetModule(quartz.dll), resolved: False
2026-09-23 11:38:50,509 - DEBUG - GetModule(TLIBATTR(GUID={56A868B0-0AD4-11CE-B03A-0020AF0BA770}, Version=1.0, LCID=0, FLags=0x8))
2026-09-23 11:38:50,516 - DEBUG - Release <POINTER(ITypeLib) ptr=0x267abd4ab60 at 267b040bdd0>
2026-09-23 11:38:59,606 - INFO - UI load successful
2026-09-23 11:39:17,751 - INFO - Profile : Supervisor
2026-09-23 11:41:36,408 - INFO - File selected : D:/Atharva/Galvo_Scribber/Galvo_22092026/40mm_square.svg
2026-09-23 11:41:38,226 - INFO - Parameters saved for D:/Atharva/Galvo_Scribber/Galvo_22092026/40mm_square.svg
2026-09-23 11:51:43,264 - INFO - Galvo Laser Shutdown
2026-09-23 11:51:43,266 - CRITICAL - Laser 1 : OFF
2026-09-23 11:51:43,266 - CRITICAL - Laser 2 : OFF
2026-09-23 11:51:43,266 - INFO - Stepper Lasers Shutdown
2026-09-23 11:51:43,266 - INFO - COM connection close successfully
2026-09-23 11:51:43,266 - INFO - Main window close successfully
2026-09-23 11:51:43,266 - INFO - ==================================================
2026-09-23 11:51:43,266 - INFO - New session close at 2026-09-23 11:51
2026-09-23 11:51:43,267 - INFO - ==================================================
2026-09-23 11:51:43,275 - DEBUG - Calling CoUninitialize()
2026-09-23 11:51:43,275 - DEBUG - CoUninitialize() done.
2026-09-23 11:51:48,312 - INFO - No OpenGL_accelerate module loaded: No module named 'OpenGL_accelerate'
2026-09-23 11:51:48,738 - DEBUG - CoInitializeEx(None, 2)
2026-09-23 11:51:48,854 - INFO - Imported existing <module 'comtypes.gen' from 'C:\\Users\\EXPSOL\\AppData\\Roaming\\Python\\Python312\\site-packages\\comtypes\\gen\\__init__.py'>
2026-09-23 11:51:48,854 - INFO - Using writeable comtypes cache directory: 'C:\Users\EXPSOL\AppData\Roaming\Python\Python312\site-packages\comtypes\gen'
2026-09-23 11:51:48,862 - DEBUG - GetModule(qedit.dll), resolved: False
2026-09-23 11:51:48,866 - DEBUG - GetModule(TLIBATTR(GUID={78530B68-61F9-11D2-8CAD-00A024580902}, Version=1.0, LCID=0, FLags=0x8))
2026-09-23 11:51:48,892 - DEBUG - Release <POINTER(ITypeLib) ptr=0x15ea11bd250 at 15ea5891fd0>
2026-09-23 11:51:48,893 - DEBUG - GetModule(quartz.dll), resolved: False
2026-09-23 11:51:48,895 - DEBUG - GetModule(TLIBATTR(GUID={56A868B0-0AD4-11CE-B03A-0020AF0BA770}, Version=1.0, LCID=0, FLags=0x8))
2026-09-23 11:51:48,904 - DEBUG - Release <POINTER(ITypeLib) ptr=0x15ea11bd250 at 15ea5933dd0>
2026-09-23 11:51:58,150 - INFO - UI load successful
2026-09-23 11:52:09,490 - WARNING - Failed login attempt for user: Supervisor
2026-09-23 11:52:15,412 - INFO - Profile : Supervisor
2026-09-23 11:57:08,399 - INFO - File selected : D:/Atharva/Galvo_Scribber/Galvo_22092026/svg_files/Files/Difficult/uwPfi-cool-women-face-decorative-art-design.dxf
2026-09-23 11:57:15,112 - INFO - Parameters saved for D:/Atharva/Galvo_Scribber/Galvo_22092026/svg_files/Files/Difficult/uwPfi-cool-women-face-decorative-art-design.dxf
2026-09-23 11:57:15,299 - INFO - creating ACAD_COLOR dictionary
2026-09-23 11:57:26,947 - INFO - creating ACAD_COLOR dictionary
2026-09-23 11:58:51,993 - INFO - Parameters saved for D:/Atharva/Galvo_Scribber/Galvo_22092026/svg_files/Files/Difficult/uwPfi-cool-women-face-decorative-art-design.dxf
2026-09-23 11:58:52,246 - INFO - creating ACAD_COLOR dictionary
2026-09-23 12:03:13,970 - INFO - Galvo Laser Shutdown
2026-09-23 12:03:13,972 - CRITICAL - Laser 1 : OFF
2026-09-23 12:03:13,972 - CRITICAL - Laser 2 : OFF
2026-09-23 12:03:13,972 - INFO - Stepper Lasers Shutdown
2026-09-23 12:03:13,972 - INFO - COM connection close successfully
2026-09-23 12:03:13,972 - INFO - Main window close successfully
2026-09-23 12:03:13,972 - INFO - ==================================================
2026-09-23 12:03:13,972 - INFO - New session close at 2026-09-23 12:03
2026-09-23 12:03:13,972 - INFO - ==================================================
2026-09-23 12:03:13,986 - DEBUG - Calling CoUninitialize()
2026-09-23 12:03:13,986 - DEBUG - CoUninitialize() done.
2026-09-23 12:07:30,383 - INFO - No OpenGL_accelerate module loaded: No module named 'OpenGL_accelerate'
2026-09-23 12:07:30,741 - DEBUG - CoInitializeEx(None, 2)
2026-09-23 12:07:30,828 - INFO - Imported existing <module 'comtypes.gen' from 'C:\\Users\\EXPSOL\\AppData\\Roaming\\Python\\Python312\\site-packages\\comtypes\\gen\\__init__.py'>
2026-09-23 12:07:30,828 - INFO - Using writeable comtypes cache directory: 'C:\Users\EXPSOL\AppData\Roaming\Python\Python312\site-packages\comtypes\gen'
2026-09-23 12:07:30,838 - DEBUG - GetModule(qedit.dll), resolved: False
2026-09-23 12:07:30,842 - DEBUG - GetModule(TLIBATTR(GUID={78530B68-61F9-11D2-8CAD-00A024580902}, Version=1.0, LCID=0, FLags=0x8))
2026-09-23 12:07:30,871 - DEBUG - Release <POINTER(ITypeLib) ptr=0x227a0eb0d50 at 227a5481fd0>
2026-09-23 12:07:30,871 - DEBUG - GetModule(quartz.dll), resolved: False
2026-09-23 12:07:30,873 - DEBUG - GetModule(TLIBATTR(GUID={56A868B0-0AD4-11CE-B03A-0020AF0BA770}, Version=1.0, LCID=0, FLags=0x8))
2026-09-23 12:07:30,882 - DEBUG - Release <POINTER(ITypeLib) ptr=0x227a0eb4190 at 227a5527dd0>
2026-09-23 12:07:40,055 - INFO - UI load successful
2026-09-23 12:07:50,177 - INFO - Profile : Supervisor
2026-09-23 12:19:19,218 - INFO - Galvo Laser Shutdown
2026-09-23 12:19:19,218 - CRITICAL - Laser 1 : OFF
2026-09-23 12:19:19,219 - CRITICAL - Laser 2 : OFF
2026-09-23 12:19:19,219 - INFO - Stepper Lasers Shutdown
2026-09-23 12:19:19,219 - INFO - COM connection close successfully
2026-09-23 12:19:19,219 - INFO - Main window close successfully
2026-09-23 12:19:19,219 - INFO - ==================================================
2026-09-23 12:19:19,219 - INFO - New session close at 2026-09-23 12:19
2026-09-23 12:19:19,219 - INFO - ==================================================
2026-09-23 12:19:19,228 - DEBUG - Calling CoUninitialize()
2026-09-23 12:19:19,229 - DEBUG - CoUninitialize() done.
2026-09-23 12:19:33,270 - INFO - No OpenGL_accelerate module loaded: No module named 'OpenGL_accelerate'
2026-09-23 12:19:33,474 - DEBUG - CoInitializeEx(None, 2)
2026-09-23 12:19:33,522 - INFO - Imported existing <module 'comtypes.gen' from 'C:\\Users\\EXPSOL\\AppData\\Roaming\\Python\\Python312\\site-packages\\comtypes\\gen\\__init__.py'>
2026-09-23 12:19:33,522 - INFO - Using writeable comtypes cache directory: 'C:\Users\EXPSOL\AppData\Roaming\Python\Python312\site-packages\comtypes\gen'
2026-09-23 12:19:33,529 - DEBUG - GetModule(qedit.dll), resolved: False
2026-09-23 12:19:33,530 - DEBUG - GetModule(TLIBATTR(GUID={78530B68-61F9-11D2-8CAD-00A024580902}, Version=1.0, LCID=0, FLags=0x8))
2026-09-23 12:19:33,554 - DEBUG - Release <POINTER(ITypeLib) ptr=0x1b9b197aea0 at 1b9b604dfd0>
2026-09-23 12:19:33,554 - DEBUG - GetModule(quartz.dll), resolved: False
2026-09-23 12:19:33,555 - DEBUG - GetModule(TLIBATTR(GUID={56A868B0-0AD4-11CE-B03A-0020AF0BA770}, Version=1.0, LCID=0, FLags=0x8))
2026-09-23 12:19:33,562 - DEBUG - Release <POINTER(ITypeLib) ptr=0x1b9b197aea0 at 1b9b60fbdd0>
2026-09-23 12:19:42,632 - INFO - UI load successful
2026-09-23 12:20:00,957 - INFO - Profile : Supervisor
2026-09-23 12:20:43,167 - INFO - Galvo Laser Shutdown
2026-09-23 12:20:43,168 - CRITICAL - Laser 1 : OFF
2026-09-23 12:20:43,168 - CRITICAL - Laser 2 : OFF
2026-09-23 12:20:43,168 - INFO - Stepper Lasers Shutdown
2026-09-23 12:20:43,168 - INFO - COM connection close successfully
2026-09-23 12:20:43,168 - INFO - Main window close successfully
2026-09-23 12:20:43,168 - INFO - ==================================================
2026-09-23 12:20:43,168 - INFO - New session close at 2026-09-23 12:20
2026-09-23 12:20:43,168 - INFO - ==================================================
2026-09-23 12:20:43,178 - DEBUG - Calling CoUninitialize()
2026-09-23 12:20:43,178 - DEBUG - CoUninitialize() done.
2026-09-23 12:20:53,283 - INFO - No OpenGL_accelerate module loaded: No module named 'OpenGL_accelerate'
2026-09-23 12:20:53,485 - DEBUG - CoInitializeEx(None, 2)
2026-09-23 12:20:53,531 - INFO - Imported existing <module 'comtypes.gen' from 'C:\\Users\\EXPSOL\\AppData\\Roaming\\Python\\Python312\\site-packages\\comtypes\\gen\\__init__.py'>
2026-09-23 12:20:53,531 - INFO - Using writeable comtypes cache directory: 'C:\Users\EXPSOL\AppData\Roaming\Python\Python312\site-packages\comtypes\gen'
2026-09-23 12:20:53,537 - DEBUG - GetModule(qedit.dll), resolved: False
2026-09-23 12:20:53,538 - DEBUG - GetModule(TLIBATTR(GUID={78530B68-61F9-11D2-8CAD-00A024580902}, Version=1.0, LCID=0, FLags=0x8))
2026-09-23 12:20:53,559 - DEBUG - Release <POINTER(ITypeLib) ptr=0x1cb41a150d0 at 1cb45cddfd0>
2026-09-23 12:20:53,560 - DEBUG - GetModule(quartz.dll), resolved: False
2026-09-23 12:20:53,560 - DEBUG - GetModule(TLIBATTR(GUID={56A868B0-0AD4-11CE-B03A-0020AF0BA770}, Version=1.0, LCID=0, FLags=0x8))
2026-09-23 12:20:53,568 - DEBUG - Release <POINTER(ITypeLib) ptr=0x1cb41a15e90 at 1cb45d83dd0>
2026-09-23 12:21:02,618 - INFO - UI load successful
2026-09-23 12:21:13,646 - INFO - Profile : Supervisor
2026-09-23 12:24:57,304 - INFO - Galvo Laser Shutdown
2026-09-23 12:24:57,304 - CRITICAL - Laser 1 : OFF
2026-09-23 12:24:57,304 - CRITICAL - Laser 2 : OFF
2026-09-23 12:24:57,304 - INFO - Stepper Lasers Shutdown
2026-09-23 12:24:57,305 - INFO - COM connection close successfully
2026-09-23 12:24:57,305 - INFO - Main window close successfully
2026-09-23 12:24:57,305 - INFO - ==================================================
2026-09-23 12:24:57,305 - INFO - New session close at 2026-09-23 12:24
2026-09-23 12:24:57,305 - INFO - ==================================================
2026-09-23 12:24:57,318 - DEBUG - Calling CoUninitialize()
2026-09-23 12:24:57,318 - DEBUG - CoUninitialize() done.
2026-09-23 12:30:09,073 - INFO - No OpenGL_accelerate module loaded: No module named 'OpenGL_accelerate'
2026-09-23 12:30:09,268 - DEBUG - CoInitializeEx(None, 2)
2026-09-23 12:30:09,317 - INFO - Imported existing <module 'comtypes.gen' from 'C:\\Users\\EXPSOL\\AppData\\Roaming\\Python\\Python312\\site-packages\\comtypes\\gen\\__init__.py'>
2026-09-23 12:30:09,317 - INFO - Using writeable comtypes cache directory: 'C:\Users\EXPSOL\AppData\Roaming\Python\Python312\site-packages\comtypes\gen'
2026-09-23 12:30:09,325 - DEBUG - GetModule(qedit.dll), resolved: False
2026-09-23 12:30:09,326 - DEBUG - GetModule(TLIBATTR(GUID={78530B68-61F9-11D2-8CAD-00A024580902}, Version=1.0, LCID=0, FLags=0x8))
2026-09-23 12:30:09,347 - DEBUG - Release <POINTER(ITypeLib) ptr=0x2d6bac441f0 at 2d6bf5cdfd0>
2026-09-23 12:30:09,347 - DEBUG - GetModule(quartz.dll), resolved: False
2026-09-23 12:30:09,349 - DEBUG - GetModule(TLIBATTR(GUID={56A868B0-0AD4-11CE-B03A-0020AF0BA770}, Version=1.0, LCID=0, FLags=0x8))
2026-09-23 12:30:09,355 - DEBUG - Release <POINTER(ITypeLib) ptr=0x2d6bac46030 at 2d6bf673dd0>
2026-09-23 12:30:18,415 - INFO - UI load successful
2026-09-23 12:30:33,312 - INFO - File selected : D:/Atharva/Galvo_Scribber/Galvo_22092026/svg_files/africakimudra.svg
2026-09-23 12:30:57,781 - INFO - Parameters saved for D:/Atharva/Galvo_Scribber/Galvo_22092026/svg_files/africakimudra.svg
2026-09-23 12:35:52,743 - INFO - Parameters saved for D:/Atharva/Galvo_Scribber/Galvo_22092026/svg_files/africakimudra.svg
2026-09-23 13:05:09,827 - INFO - Galvo Laser Shutdown
2026-09-23 13:05:09,831 - CRITICAL - Laser 1 : OFF
2026-09-23 13:05:09,831 - CRITICAL - Laser 2 : OFF
2026-09-23 13:05:09,831 - INFO - Stepper Lasers Shutdown
2026-09-23 13:05:09,831 - INFO - COM connection close successfully
2026-09-23 13:05:09,831 - INFO - Main window close successfully
2026-09-23 13:05:09,831 - INFO - ==================================================
2026-09-23 13:05:09,831 - INFO - New session close at 2026-09-23 13:05
2026-09-23 13:05:09,831 - INFO - ==================================================
2026-09-23 13:05:09,851 - DEBUG - Calling CoUninitialize()
2026-09-23 13:05:09,851 - DEBUG - CoUninitialize() done.
2026-09-23 13:06:49,213 - INFO - No OpenGL_accelerate module loaded: No module named 'OpenGL_accelerate'
2026-09-23 13:06:49,518 - DEBUG - CoInitializeEx(None, 2)
2026-09-23 13:06:49,583 - INFO - Imported existing <module 'comtypes.gen' from 'C:\\Users\\EXPSOL\\AppData\\Roaming\\Python\\Python312\\site-packages\\comtypes\\gen\\__init__.py'>
2026-09-23 13:06:49,583 - INFO - Using writeable comtypes cache directory: 'C:\Users\EXPSOL\AppData\Roaming\Python\Python312\site-packages\comtypes\gen'
2026-09-23 13:06:49,592 - DEBUG - GetModule(qedit.dll), resolved: False
2026-09-23 13:06:49,594 - DEBUG - GetModule(TLIBATTR(GUID={78530B68-61F9-11D2-8CAD-00A024580902}, Version=1.0, LCID=0, FLags=0x8))
2026-09-23 13:06:49,619 - DEBUG - Release <POINTER(ITypeLib) ptr=0x22fe95eda80 at 22fede9e150>
2026-09-23 13:06:49,620 - DEBUG - GetModule(quartz.dll), resolved: False
2026-09-23 13:06:49,621 - DEBUG - GetModule(TLIBATTR(GUID={56A868B0-0AD4-11CE-B03A-0020AF0BA770}, Version=1.0, LCID=0, FLags=0x8))
2026-09-23 13:06:49,629 - DEBUG - Release <POINTER(ITypeLib) ptr=0x22fe95eedc0 at 22fee36c050>
2026-09-23 13:06:58,732 - INFO - UI load successful
2026-09-23 13:07:15,268 - INFO - Profile : Supervisor
2026-09-23 13:08:43,905 - INFO - Galvo Laser Shutdown
2026-09-23 13:08:43,905 - CRITICAL - Laser 1 : OFF
2026-09-23 13:08:43,905 - CRITICAL - Laser 2 : OFF
2026-09-23 13:08:43,905 - INFO - Stepper Lasers Shutdown
2026-09-23 13:08:43,907 - INFO - COM connection close successfully
2026-09-23 13:08:43,907 - INFO - Main window close successfully
2026-09-23 13:08:43,907 - INFO - ==================================================
2026-09-23 13:08:43,907 - INFO - New session close at 2026-09-23 13:08
2026-09-23 13:08:43,907 - INFO - ==================================================
2026-09-23 13:08:43,919 - DEBUG - Calling CoUninitialize()
2026-09-23 13:08:43,919 - DEBUG - CoUninitialize() done.
2026-09-23 13:11:19,332 - INFO - No OpenGL_accelerate module loaded: No module named 'OpenGL_accelerate'
2026-09-23 13:11:19,532 - DEBUG - CoInitializeEx(None, 2)
2026-09-23 13:11:19,579 - INFO - Imported existing <module 'comtypes.gen' from 'C:\\Users\\EXPSOL\\AppData\\Roaming\\Python\\Python312\\site-packages\\comtypes\\gen\\__init__.py'>
2026-09-23 13:11:19,579 - INFO - Using writeable comtypes cache directory: 'C:\Users\EXPSOL\AppData\Roaming\Python\Python312\site-packages\comtypes\gen'
2026-09-23 13:11:19,585 - DEBUG - GetModule(qedit.dll), resolved: False
2026-09-23 13:11:19,586 - DEBUG - GetModule(TLIBATTR(GUID={78530B68-61F9-11D2-8CAD-00A024580902}, Version=1.0, LCID=0, FLags=0x8))
2026-09-23 13:11:19,609 - DEBUG - Release <POINTER(ITypeLib) ptr=0x234d3b9c3e0 at 234d85ae150>
2026-09-23 13:11:19,609 - DEBUG - GetModule(quartz.dll), resolved: False
2026-09-23 13:11:19,610 - DEBUG - GetModule(TLIBATTR(GUID={56A868B0-0AD4-11CE-B03A-0020AF0BA770}, Version=1.0, LCID=0, FLags=0x8))
2026-09-23 13:11:19,617 - DEBUG - Release <POINTER(ITypeLib) ptr=0x234d3b9ade0 at 234d8a7c050>
2026-09-23 13:11:28,681 - INFO - UI load successful
2026-09-23 13:11:59,182 - INFO - Profile : Supervisor
2026-09-23 13:13:08,236 - INFO - Galvo Laser Shutdown
2026-09-23 13:13:08,236 - CRITICAL - Laser 1 : OFF
2026-09-23 13:13:08,236 - CRITICAL - Laser 2 : OFF
2026-09-23 13:13:08,236 - INFO - Stepper Lasers Shutdown
2026-09-23 13:13:08,237 - INFO - COM connection close successfully
2026-09-23 13:13:08,237 - INFO - Main window close successfully
2026-09-23 13:13:08,237 - INFO - ==================================================
2026-09-23 13:13:08,237 - INFO - New session close at 2026-09-23 13:13
2026-09-23 13:13:08,237 - INFO - ==================================================
2026-09-23 13:13:08,249 - DEBUG - Calling CoUninitialize()
2026-09-23 13:13:08,250 - DEBUG - CoUninitialize() done.
2026-09-23 13:17:34,326 - INFO - No OpenGL_accelerate module loaded: No module named 'OpenGL_accelerate'
2026-09-23 13:17:34,527 - DEBUG - CoInitializeEx(None, 2)
2026-09-23 13:17:34,575 - INFO - Imported existing <module 'comtypes.gen' from 'C:\\Users\\EXPSOL\\AppData\\Roaming\\Python\\Python312\\site-packages\\comtypes\\gen\\__init__.py'>
2026-09-23 13:17:34,575 - INFO - Using writeable comtypes cache directory: 'C:\Users\EXPSOL\AppData\Roaming\Python\Python312\site-packages\comtypes\gen'
2026-09-23 13:17:34,581 - DEBUG - GetModule(qedit.dll), resolved: False
2026-09-23 13:17:34,583 - DEBUG - GetModule(TLIBATTR(GUID={78530B68-61F9-11D2-8CAD-00A024580902}, Version=1.0, LCID=0, FLags=0x8))
2026-09-23 13:17:34,604 - DEBUG - Release <POINTER(ITypeLib) ptr=0x24d4f9de680 at 24d5428e0d0>
2026-09-23 13:17:34,604 - DEBUG - GetModule(quartz.dll), resolved: False
2026-09-23 13:17:34,605 - DEBUG - GetModule(TLIBATTR(GUID={56A868B0-0AD4-11CE-B03A-0020AF0BA770}, Version=1.0, LCID=0, FLags=0x8))
2026-09-23 13:17:34,612 - DEBUG - Release <POINTER(ITypeLib) ptr=0x24d4f9e04c0 at 24d5432fed0>
2026-09-23 13:17:43,671 - INFO - UI load successful
2026-09-23 13:17:58,558 - INFO - Profile : Supervisor
2026-09-23 13:24:07,694 - INFO - Galvo Laser Shutdown
2026-09-23 13:24:07,694 - CRITICAL - Laser 1 : OFF
2026-09-23 13:24:07,694 - CRITICAL - Laser 2 : OFF
2026-09-23 13:24:07,695 - INFO - Stepper Lasers Shutdown
2026-09-23 13:24:07,695 - INFO - COM connection close successfully
2026-09-23 13:24:07,695 - INFO - Main window close successfully
2026-09-23 13:24:07,695 - INFO - ==================================================
2026-09-23 13:24:07,695 - INFO - New session close at 2026-09-23 13:24
2026-09-23 13:24:07,695 - INFO - ==================================================
2026-09-23 13:24:07,710 - DEBUG - Calling CoUninitialize()
2026-09-23 13:24:07,710 - DEBUG - CoUninitialize() done.
2026-09-23 14:28:38,876 - INFO - No OpenGL_accelerate module loaded: No module named 'OpenGL_accelerate'
2026-09-23 14:28:40,579 - DEBUG - CoInitializeEx(None, 2)
2026-09-23 14:28:40,883 - INFO - Imported existing <module 'comtypes.gen' from 'C:\\Users\\EXPSOL\\AppData\\Roaming\\Python\\Python312\\site-packages\\comtypes\\gen\\__init__.py'>
2026-09-23 14:28:40,883 - INFO - Using writeable comtypes cache directory: 'C:\Users\EXPSOL\AppData\Roaming\Python\Python312\site-packages\comtypes\gen'
2026-09-23 14:28:40,922 - DEBUG - GetModule(qedit.dll), resolved: False
2026-09-23 14:28:40,925 - DEBUG - GetModule(TLIBATTR(GUID={78530B68-61F9-11D2-8CAD-00A024580902}, Version=1.0, LCID=0, FLags=0x8))
2026-09-23 14:28:40,975 - DEBUG - Release <POINTER(ITypeLib) ptr=0x1b7a6f23ff0 at 1b7a802e0d0>
2026-09-23 14:28:40,975 - DEBUG - GetModule(quartz.dll), resolved: False
2026-09-23 14:28:40,978 - DEBUG - GetModule(TLIBATTR(GUID={56A868B0-0AD4-11CE-B03A-0020AF0BA770}, Version=1.0, LCID=0, FLags=0x8))
2026-09-23 14:28:40,995 - DEBUG - Release <POINTER(ITypeLib) ptr=0x1b7a6f24830 at 1b7a80cfed0>
2026-09-23 14:28:50,269 - INFO - UI load successful
2026-09-23 14:29:06,544 - INFO - Profile : Supervisor
2026-09-23 14:31:35,574 - INFO - Galvo Laser Shutdown
2026-09-23 14:31:35,578 - CRITICAL - Laser 1 : OFF
2026-09-23 14:31:35,579 - CRITICAL - Laser 2 : OFF
2026-09-23 14:31:35,579 - INFO - Stepper Lasers Shutdown
2026-09-23 14:31:35,579 - INFO - COM connection close successfully
2026-09-23 14:31:35,579 - INFO - Main window close successfully
2026-09-23 14:31:35,580 - INFO - ==================================================
2026-09-23 14:31:35,580 - INFO - New session close at 2026-09-23 14:31
2026-09-23 14:31:35,580 - INFO - ==================================================
2026-09-23 14:31:35,594 - DEBUG - Calling CoUninitialize()
2026-09-23 14:31:35,595 - DEBUG - CoUninitialize() done.
2026-09-23 14:31:59,169 - INFO - No OpenGL_accelerate module loaded: No module named 'OpenGL_accelerate'
2026-09-23 14:31:59,489 - DEBUG - CoInitializeEx(None, 2)
2026-09-23 14:31:59,742 - INFO - Imported existing <module 'comtypes.gen' from 'C:\\Users\\EXPSOL\\AppData\\Roaming\\Python\\Python312\\site-packages\\comtypes\\gen\\__init__.py'>
2026-09-23 14:31:59,743 - INFO - Using writeable comtypes cache directory: 'C:\Users\EXPSOL\AppData\Roaming\Python\Python312\site-packages\comtypes\gen'
2026-09-23 14:31:59,760 - DEBUG - GetModule(qedit.dll), resolved: False
2026-09-23 14:31:59,764 - DEBUG - GetModule(TLIBATTR(GUID={78530B68-61F9-11D2-8CAD-00A024580902}, Version=1.0, LCID=0, FLags=0x8))
2026-09-23 14:31:59,853 - DEBUG - Release <POINTER(ITypeLib) ptr=0x1733cab7100 at 17341171d50>
2026-09-23 14:31:59,854 - DEBUG - GetModule(quartz.dll), resolved: False
2026-09-23 14:31:59,856 - DEBUG - GetModule(TLIBATTR(GUID={56A868B0-0AD4-11CE-B03A-0020AF0BA770}, Version=1.0, LCID=0, FLags=0x8))
2026-09-23 14:31:59,878 - DEBUG - Release <POINTER(ITypeLib) ptr=0x1733cab7100 at 17341227b50>
2026-09-23 14:32:09,870 - INFO - UI load successful
2026-09-23 14:32:30,150 - INFO - Profile : Supervisor
2026-09-23 14:33:48,353 - INFO - File selected : D:/Atharva/Galvo_Scribber/Galvo_22092026/svg_files/africakimudra.svg
2026-09-23 14:33:51,262 - INFO - Parameters saved for D:/Atharva/Galvo_Scribber/Galvo_22092026/svg_files/africakimudra.svg
2026-09-23 14:34:13,517 - INFO - Parameters saved for D:/Atharva/Galvo_Scribber/Galvo_22092026/svg_files/africakimudra.svg
2026-09-23 14:34:36,807 - INFO - Parameters saved for D:/Atharva/Galvo_Scribber/Galvo_22092026/svg_files/africakimudra.svg
2026-09-23 14:50:05,497 - INFO - File selected : D:/Atharva/Galvo_Scribber/Galvo_22092026/svg_files/africakimudra.svg
2026-09-23 14:50:13,144 - INFO - Parameters saved for D:/Atharva/Galvo_Scribber/Galvo_22092026/svg_files/africakimudra.svg
2026-09-23 14:54:32,553 - INFO - Parameters saved for D:/Atharva/Galvo_Scribber/Galvo_22092026/svg_files/africakimudra.svg
2026-09-23 14:55:50,831 - INFO - Parameters saved for D:/Atharva/Galvo_Scribber/Galvo_22092026/svg_files/africakimudra.svg
2026-09-23 15:23:50,433 - INFO - Galvo Laser Shutdown
2026-09-23 15:23:50,476 - CRITICAL - Laser 1 : OFF
2026-09-23 15:23:50,477 - CRITICAL - Laser 2 : OFF
2026-09-23 15:23:50,477 - INFO - Stepper Lasers Shutdown
2026-09-23 15:23:50,479 - INFO - COM connection close successfully
2026-09-23 15:23:50,479 - INFO - Main window close successfully
2026-09-23 15:23:50,486 - INFO - ==================================================
2026-09-23 15:23:50,486 - INFO - New session close at 2026-09-23 15:23
2026-09-23 15:23:50,487 - INFO - ==================================================
2026-09-23 15:23:50,559 - DEBUG - Calling CoUninitialize()
2026-09-23 15:23:50,562 - DEBUG - CoUninitialize() done.
2026-09-23 15:24:09,532 - INFO - No OpenGL_accelerate module loaded: No module named 'OpenGL_accelerate'
2026-09-23 15:24:09,894 - DEBUG - CoInitializeEx(None, 2)
2026-09-23 15:24:09,972 - INFO - Imported existing <module 'comtypes.gen' from 'C:\\Users\\EXPSOL\\AppData\\Roaming\\Python\\Python312\\site-packages\\comtypes\\gen\\__init__.py'>
2026-09-23 15:24:09,972 - INFO - Using writeable comtypes cache directory: 'C:\Users\EXPSOL\AppData\Roaming\Python\Python312\site-packages\comtypes\gen'
2026-09-23 15:24:09,982 - DEBUG - GetModule(qedit.dll), resolved: False
2026-09-23 15:24:09,985 - DEBUG - GetModule(TLIBATTR(GUID={78530B68-61F9-11D2-8CAD-00A024580902}, Version=1.0, LCID=0, FLags=0x8))
2026-09-23 15:24:10,012 - DEBUG - Release <POINTER(ITypeLib) ptr=0x2cff6170f80 at 2cffa951c50>
2026-09-23 15:24:10,013 - DEBUG - GetModule(quartz.dll), resolved: False
2026-09-23 15:24:10,015 - DEBUG - GetModule(TLIBATTR(GUID={56A868B0-0AD4-11CE-B03A-0020AF0BA770}, Version=1.0, LCID=0, FLags=0x8))
2026-09-23 15:24:10,034 - DEBUG - Release <POINTER(ITypeLib) ptr=0x2cff6171a80 at 2cffaa07a50>
2026-09-23 15:24:19,301 - INFO - UI load successful
2026-09-23 15:25:49,435 - WARNING - Failed login attempt for user: Supervisor
2026-09-23 15:25:54,938 - INFO - Profile : Supervisor
2026-09-23 15:33:01,382 - INFO - Galvo Laser Shutdown
2026-09-23 15:33:01,398 - CRITICAL - Laser 1 : OFF
2026-09-23 15:33:01,399 - CRITICAL - Laser 2 : OFF
2026-09-23 15:33:01,400 - INFO - Stepper Lasers Shutdown
2026-09-23 15:33:01,400 - INFO - COM connection close successfully
2026-09-23 15:33:01,400 - INFO - Main window close successfully
2026-09-23 15:33:01,406 - INFO - ==================================================
2026-09-23 15:33:01,406 - INFO - New session close at 2026-09-23 15:33
2026-09-23 15:33:01,406 - INFO - ==================================================
2026-09-23 15:33:01,440 - DEBUG - Calling CoUninitialize()
2026-09-23 15:33:01,440 - DEBUG - CoUninitialize() done.
2026-09-23 15:55:30,438 - INFO - No OpenGL_accelerate module loaded: No module named 'OpenGL_accelerate'
2026-09-23 15:55:30,763 - DEBUG - CoInitializeEx(None, 2)
2026-09-23 15:55:30,842 - INFO - Imported existing <module 'comtypes.gen' from 'C:\\Users\\EXPSOL\\AppData\\Roaming\\Python\\Python312\\site-packages\\comtypes\\gen\\__init__.py'>
2026-09-23 15:55:30,842 - INFO - Using writeable comtypes cache directory: 'C:\Users\EXPSOL\AppData\Roaming\Python\Python312\site-packages\comtypes\gen'
2026-09-23 15:55:30,851 - DEBUG - GetModule(qedit.dll), resolved: False
2026-09-23 15:55:30,854 - DEBUG - GetModule(TLIBATTR(GUID={78530B68-61F9-11D2-8CAD-00A024580902}, Version=1.0, LCID=0, FLags=0x8))
2026-09-23 15:55:30,880 - DEBUG - Release <POINTER(ITypeLib) ptr=0x1fb88b93720 at 1fb8c9fdfd0>
2026-09-23 15:55:30,881 - DEBUG - GetModule(quartz.dll), resolved: False
2026-09-23 15:55:30,882 - DEBUG - GetModule(TLIBATTR(GUID={56A868B0-0AD4-11CE-B03A-0020AF0BA770}, Version=1.0, LCID=0, FLags=0x8))
2026-09-23 15:55:30,891 - DEBUG - Release <POINTER(ITypeLib) ptr=0x1fb88b918e0 at 1fb8caa3dd0>
2026-09-23 15:55:39,923 - INFO - UI load successful
2026-09-23 15:56:07,099 - INFO - Galvo Laser Shutdown
2026-09-23 15:56:07,102 - CRITICAL - Laser 1 : OFF
2026-09-23 15:56:07,104 - CRITICAL - Laser 2 : OFF
2026-09-23 15:56:07,104 - INFO - Stepper Lasers Shutdown
2026-09-23 15:56:07,104 - INFO - COM connection close successfully
2026-09-23 15:56:07,104 - INFO - Main window close successfully
2026-09-23 15:56:07,104 - INFO - ==================================================
2026-09-23 15:56:07,104 - INFO - New session close at 2026-09-23 15:56
2026-09-23 15:56:07,104 - INFO - ==================================================
2026-09-23 15:56:07,117 - DEBUG - Calling CoUninitialize()
2026-09-23 15:56:07,117 - DEBUG - CoUninitialize() done.
2026-09-23 15:56:10,668 - INFO - No OpenGL_accelerate module loaded: No module named 'OpenGL_accelerate'
2026-09-23 15:56:10,888 - DEBUG - CoInitializeEx(None, 2)
2026-09-23 15:56:10,937 - INFO - Imported existing <module 'comtypes.gen' from 'C:\\Users\\EXPSOL\\AppData\\Roaming\\Python\\Python312\\site-packages\\comtypes\\gen\\__init__.py'>
2026-09-23 15:56:10,937 - INFO - Using writeable comtypes cache directory: 'C:\Users\EXPSOL\AppData\Roaming\Python\Python312\site-packages\comtypes\gen'
2026-09-23 15:56:10,945 - DEBUG - GetModule(qedit.dll), resolved: False
2026-09-23 15:56:10,946 - DEBUG - GetModule(TLIBATTR(GUID={78530B68-61F9-11D2-8CAD-00A024580902}, Version=1.0, LCID=0, FLags=0x8))
2026-09-23 15:56:10,967 - DEBUG - Release <POINTER(ITypeLib) ptr=0x250e043b8b0 at 250e4b7dfd0>
2026-09-23 15:56:10,967 - DEBUG - GetModule(quartz.dll), resolved: False
2026-09-23 15:56:10,969 - DEBUG - GetModule(TLIBATTR(GUID={56A868B0-0AD4-11CE-B03A-0020AF0BA770}, Version=1.0, LCID=0, FLags=0x8))
2026-09-23 15:56:10,977 - DEBUG - Release <POINTER(ITypeLib) ptr=0x250e043df30 at 250e4c23dd0>
2026-09-23 15:56:20,272 - INFO - UI load successful
2026-09-23 15:56:30,339 - INFO - Profile : Supervisor
2026-09-23 15:58:15,444 - INFO - Galvo Laser Shutdown
2026-09-23 15:58:15,444 - CRITICAL - Laser 1 : OFF
2026-09-23 15:58:15,445 - CRITICAL - Laser 2 : OFF
2026-09-23 15:58:15,445 - INFO - Stepper Lasers Shutdown
2026-09-23 15:58:15,445 - INFO - COM connection close successfully
2026-09-23 15:58:15,445 - INFO - Main window close successfully
2026-09-23 15:58:15,445 - INFO - ==================================================
2026-09-23 15:58:15,445 - INFO - New session close at 2026-09-23 15:58
2026-09-23 15:58:15,445 - INFO - ==================================================
2026-09-23 15:58:15,462 - DEBUG - Calling CoUninitialize()
2026-09-23 15:58:15,463 - DEBUG - CoUninitialize() done.
2026-09-23 16:05:19,670 - INFO - No OpenGL_accelerate module loaded: No module named 'OpenGL_accelerate'
2026-09-23 16:05:19,920 - DEBUG - CoInitializeEx(None, 2)
2026-09-23 16:05:19,979 - INFO - Imported existing <module 'comtypes.gen' from 'C:\\Users\\EXPSOL\\AppData\\Roaming\\Python\\Python312\\site-packages\\comtypes\\gen\\__init__.py'>
2026-09-23 16:05:19,979 - INFO - Using writeable comtypes cache directory: 'C:\Users\EXPSOL\AppData\Roaming\Python\Python312\site-packages\comtypes\gen'
2026-09-23 16:05:19,987 - DEBUG - GetModule(qedit.dll), resolved: False
2026-09-23 16:05:19,989 - DEBUG - GetModule(TLIBATTR(GUID={78530B68-61F9-11D2-8CAD-00A024580902}, Version=1.0, LCID=0, FLags=0x8))
2026-09-23 16:05:20,014 - DEBUG - Release <POINTER(ITypeLib) ptr=0x2b8f9225ed0 at 2b8fdbcde50>
2026-09-23 16:05:20,015 - DEBUG - GetModule(quartz.dll), resolved: False
2026-09-23 16:05:20,016 - DEBUG - GetModule(TLIBATTR(GUID={56A868B0-0AD4-11CE-B03A-0020AF0BA770}, Version=1.0, LCID=0, FLags=0x8))
2026-09-23 16:05:20,025 - DEBUG - Release <POINTER(ITypeLib) ptr=0x2b8f9225ed0 at 2b8fdc87c50>
2026-09-23 16:05:29,442 - INFO - UI load successful
2026-09-23 16:06:24,333 - INFO - Profile : Supervisor
2026-09-23 16:06:51,579 - INFO - File selected : D:/Atharva/Galvo_Scribber/Galvo_22092026/svg_files/B1.svg
2026-09-23 16:07:22,325 - INFO - Parameters saved for D:/Atharva/Galvo_Scribber/Galvo_22092026/svg_files/B1.svg
2026-09-23 16:10:12,714 - INFO - Parameters saved for D:/Atharva/Galvo_Scribber/Galvo_22092026/svg_files/B1.svg
2026-09-23 16:13:48,092 - INFO - Parameters saved for D:/Atharva/Galvo_Scribber/Galvo_22092026/svg_files/B1.svg
2026-09-23 16:14:59,696 - INFO - Parameters saved for D:/Atharva/Galvo_Scribber/Galvo_22092026/svg_files/B1.svg
2026-09-23 16:17:01,701 - INFO - Close event ignored.
2026-09-23 16:18:02,062 - INFO - Galvo Laser Shutdown
2026-09-23 16:18:02,065 - CRITICAL - Laser 1 : OFF
2026-09-23 16:18:02,065 - CRITICAL - Laser 2 : OFF
2026-09-23 16:18:02,065 - INFO - Stepper Lasers Shutdown
2026-09-23 16:18:02,065 - INFO - COM connection close successfully
2026-09-23 16:18:02,065 - INFO - Main window close successfully
2026-09-23 16:18:02,065 - INFO - ==================================================
2026-09-23 16:18:02,065 - INFO - New session close at 2026-09-23 16:18
2026-09-23 16:18:02,065 - INFO - ==================================================
2026-09-23 16:18:02,079 - DEBUG - Calling CoUninitialize()
2026-09-23 16:18:02,080 - DEBUG - CoUninitialize() done.
2026-09-23 16:26:07,872 - INFO - No OpenGL_accelerate module loaded: No module named 'OpenGL_accelerate'
2026-09-23 16:26:08,084 - DEBUG - CoInitializeEx(None, 2)
2026-09-23 16:26:08,131 - INFO - Imported existing <module 'comtypes.gen' from 'C:\\Users\\EXPSOL\\AppData\\Roaming\\Python\\Python312\\site-packages\\comtypes\\gen\\__init__.py'>
2026-09-23 16:26:08,131 - INFO - Using writeable comtypes cache directory: 'C:\Users\EXPSOL\AppData\Roaming\Python\Python312\site-packages\comtypes\gen'
2026-09-23 16:26:08,137 - DEBUG - GetModule(qedit.dll), resolved: False
2026-09-23 16:26:08,139 - DEBUG - GetModule(TLIBATTR(GUID={78530B68-61F9-11D2-8CAD-00A024580902}, Version=1.0, LCID=0, FLags=0x8))
2026-09-23 16:26:08,161 - DEBUG - Release <POINTER(ITypeLib) ptr=0x1ecc3f53dd0 at 1ecc8632250>
2026-09-23 16:26:08,161 - DEBUG - GetModule(quartz.dll), resolved: False
2026-09-23 16:26:08,162 - DEBUG - GetModule(TLIBATTR(GUID={56A868B0-0AD4-11CE-B03A-0020AF0BA770}, Version=1.0, LCID=0, FLags=0x8))
2026-09-23 16:26:08,169 - DEBUG - Release <POINTER(ITypeLib) ptr=0x1ecc3f50f10 at 1ecc8afc0d0>
2026-09-23 16:26:17,263 - INFO - UI load successful
2026-09-23 16:26:29,984 - INFO - Profile : Supervisor
2026-09-23 16:41:55,393 - INFO - Galvo Laser Shutdown
2026-09-23 16:41:55,393 - CRITICAL - Laser 1 : OFF
2026-09-23 16:41:55,393 - CRITICAL - Laser 2 : OFF
2026-09-23 16:41:55,393 - INFO - Stepper Lasers Shutdown
2026-09-23 16:41:55,394 - INFO - COM connection close successfully
2026-09-23 16:41:55,394 - INFO - Main window close successfully
2026-09-23 16:41:55,394 - INFO - ==================================================
2026-09-23 16:41:55,394 - INFO - New session close at 2026-09-23 16:41
2026-09-23 16:41:55,394 - INFO - ==================================================
2026-09-23 16:41:55,402 - DEBUG - Calling CoUninitialize()
2026-09-23 16:41:55,402 - DEBUG - CoUninitialize() done.
2026-09-23 16:41:59,045 - INFO - No OpenGL_accelerate module loaded: No module named 'OpenGL_accelerate'
2026-09-23 16:41:59,261 - DEBUG - CoInitializeEx(None, 2)
2026-09-23 16:41:59,307 - INFO - Imported existing <module 'comtypes.gen' from 'C:\\Users\\EXPSOL\\AppData\\Roaming\\Python\\Python312\\site-packages\\comtypes\\gen\\__init__.py'>
2026-09-23 16:41:59,307 - INFO - Using writeable comtypes cache directory: 'C:\Users\EXPSOL\AppData\Roaming\Python\Python312\site-packages\comtypes\gen'
2026-09-23 16:41:59,314 - DEBUG - GetModule(qedit.dll), resolved: False
2026-09-23 16:41:59,315 - DEBUG - GetModule(TLIBATTR(GUID={78530B68-61F9-11D2-8CAD-00A024580902}, Version=1.0, LCID=0, FLags=0x8))
2026-09-23 16:41:59,337 - DEBUG - Release <POINTER(ITypeLib) ptr=0x1f4446088e0 at 1f448c6de50>
2026-09-23 16:41:59,337 - DEBUG - GetModule(quartz.dll), resolved: False
2026-09-23 16:41:59,338 - DEBUG - GetModule(TLIBATTR(GUID={56A868B0-0AD4-11CE-B03A-0020AF0BA770}, Version=1.0, LCID=0, FLags=0x8))
2026-09-23 16:41:59,345 - DEBUG - Release <POINTER(ITypeLib) ptr=0x1f4446088e0 at 1f448d27c50>
2026-09-23 16:42:08,414 - INFO - UI load successful
2026-09-23 16:42:32,561 - INFO - Profile : Supervisor
2026-09-23 16:46:22,437 - INFO - File selected : D:/Atharva/Galvo_Scribber/Galvo_22092026/svg_files/Files/Difficult/uwPfi-cool-women-face-decorative-art-design.dxf
2026-09-23 16:46:27,481 - INFO - Parameters saved for D:/Atharva/Galvo_Scribber/Galvo_22092026/svg_files/Files/Difficult/uwPfi-cool-women-face-decorative-art-design.dxf
2026-09-23 16:46:27,667 - INFO - creating ACAD_COLOR dictionary
2026-09-23 16:46:31,682 - INFO - creating ACAD_COLOR dictionary
2026-09-23 16:54:46,395 - INFO - Galvo Laser Shutdown
2026-09-23 16:54:46,396 - CRITICAL - Laser 1 : OFF
2026-09-23 16:54:46,396 - CRITICAL - Laser 2 : OFF
2026-09-23 16:54:46,396 - INFO - Stepper Lasers Shutdown
2026-09-23 16:54:46,396 - INFO - COM connection close successfully
2026-09-23 16:54:46,396 - INFO - Main window close successfully
2026-09-23 16:54:46,396 - INFO - ==================================================
2026-09-23 16:54:46,396 - INFO - New session close at 2026-09-23 16:54
2026-09-23 16:54:46,396 - INFO - ==================================================
2026-09-23 16:54:46,411 - DEBUG - Calling CoUninitialize()
2026-09-23 16:54:46,413 - DEBUG - CoUninitialize() done.
2026-09-23 16:54:49,083 - INFO - No OpenGL_accelerate module loaded: No module named 'OpenGL_accelerate'
2026-09-23 16:54:49,284 - DEBUG - CoInitializeEx(None, 2)
2026-09-23 16:54:49,329 - INFO - Imported existing <module 'comtypes.gen' from 'C:\\Users\\EXPSOL\\AppData\\Roaming\\Python\\Python312\\site-packages\\comtypes\\gen\\__init__.py'>
2026-09-23 16:54:49,329 - INFO - Using writeable comtypes cache directory: 'C:\Users\EXPSOL\AppData\Roaming\Python\Python312\site-packages\comtypes\gen'
2026-09-23 16:54:49,335 - DEBUG - GetModule(qedit.dll), resolved: False
2026-09-23 16:54:49,337 - DEBUG - GetModule(TLIBATTR(GUID={78530B68-61F9-11D2-8CAD-00A024580902}, Version=1.0, LCID=0, FLags=0x8))
2026-09-23 16:54:49,359 - DEBUG - Release <POINTER(ITypeLib) ptr=0x2d53a6be510 at 2d53ee15dd0>
2026-09-23 16:54:49,359 - DEBUG - GetModule(quartz.dll), resolved: False
2026-09-23 16:54:49,359 - DEBUG - GetModule(TLIBATTR(GUID={56A868B0-0AD4-11CE-B03A-0020AF0BA770}, Version=1.0, LCID=0, FLags=0x8))
2026-09-23 16:54:49,366 - DEBUG - Release <POINTER(ITypeLib) ptr=0x2d53a6c08d0 at 2d53eecfbd0>
2026-09-23 16:54:58,431 - INFO - UI load successful
2026-09-23 16:55:20,828 - INFO - Profile : Supervisor
2026-09-23 16:56:36,790 - INFO - Galvo Laser Shutdown
2026-09-23 16:56:36,790 - CRITICAL - Laser 1 : OFF
2026-09-23 16:56:36,790 - CRITICAL - Laser 2 : OFF
2026-09-23 16:56:36,790 - INFO - Stepper Lasers Shutdown
2026-09-23 16:56:36,791 - INFO - COM connection close successfully
2026-09-23 16:56:36,791 - INFO - Main window close successfully
2026-09-23 16:56:36,791 - INFO - ==================================================
2026-09-23 16:56:36,791 - INFO - New session close at 2026-09-23 16:56
2026-09-23 16:56:36,791 - INFO - ==================================================
2026-09-23 16:56:36,799 - DEBUG - Calling CoUninitialize()
2026-09-23 16:56:36,799 - DEBUG - CoUninitialize() done.
2026-09-23 16:59:21,745 - INFO - No OpenGL_accelerate module loaded: No module named 'OpenGL_accelerate'
2026-09-23 16:59:21,953 - DEBUG - CoInitializeEx(None, 2)
2026-09-23 16:59:22,000 - INFO - Imported existing <module 'comtypes.gen' from 'C:\\Users\\EXPSOL\\AppData\\Roaming\\Python\\Python312\\site-packages\\comtypes\\gen\\__init__.py'>
2026-09-23 16:59:22,001 - INFO - Using writeable comtypes cache directory: 'C:\Users\EXPSOL\AppData\Roaming\Python\Python312\site-packages\comtypes\gen'
2026-09-23 16:59:22,006 - DEBUG - GetModule(qedit.dll), resolved: False
2026-09-23 16:59:22,007 - DEBUG - GetModule(TLIBATTR(GUID={78530B68-61F9-11D2-8CAD-00A024580902}, Version=1.0, LCID=0, FLags=0x8))
2026-09-23 16:59:22,031 - DEBUG - Release <POINTER(ITypeLib) ptr=0x19d16c04c90 at 19d1b5f1f50>
2026-09-23 16:59:22,031 - DEBUG - GetModule(quartz.dll), resolved: False
2026-09-23 16:59:22,032 - DEBUG - GetModule(TLIBATTR(GUID={56A868B0-0AD4-11CE-B03A-0020AF0BA770}, Version=1.0, LCID=0, FLags=0x8))
2026-09-23 16:59:22,039 - DEBUG - Release <POINTER(ITypeLib) ptr=0x19d16c04450 at 19d1b6a7d50>
2026-09-23 16:59:31,091 - INFO - UI load successful
2026-09-23 16:59:45,943 - INFO - Profile : Supervisor
2026-09-23 17:01:35,487 - INFO - Galvo Laser Shutdown
2026-09-23 17:01:35,488 - CRITICAL - Laser 1 : OFF
2026-09-23 17:01:35,488 - CRITICAL - Laser 2 : OFF
2026-09-23 17:01:35,488 - INFO - Stepper Lasers Shutdown
2026-09-23 17:01:35,488 - INFO - COM connection close successfully
2026-09-23 17:01:35,488 - INFO - Main window close successfully
2026-09-23 17:01:35,488 - INFO - ==================================================
2026-09-23 17:01:35,488 - INFO - New session close at 2026-09-23 17:01
2026-09-23 17:01:35,488 - INFO - ==================================================
2026-09-23 17:01:35,496 - DEBUG - Calling CoUninitialize()
2026-09-23 17:01:35,497 - DEBUG - CoUninitialize() done.
2026-09-23 17:13:04,758 - INFO - No OpenGL_accelerate module loaded: No module named 'OpenGL_accelerate'
2026-09-23 17:13:05,029 - DEBUG - CoInitializeEx(None, 2)
2026-09-23 17:13:05,094 - INFO - Imported existing <module 'comtypes.gen' from 'C:\\Users\\EXPSOL\\AppData\\Roaming\\Python\\Python312\\site-packages\\comtypes\\gen\\__init__.py'>
2026-09-23 17:13:05,095 - INFO - Using writeable comtypes cache directory: 'C:\Users\EXPSOL\AppData\Roaming\Python\Python312\site-packages\comtypes\gen'
2026-09-23 17:13:05,103 - DEBUG - GetModule(qedit.dll), resolved: False
2026-09-23 17:13:05,104 - DEBUG - GetModule(TLIBATTR(GUID={78530B68-61F9-11D2-8CAD-00A024580902}, Version=1.0, LCID=0, FLags=0x8))
2026-09-23 17:13:05,129 - DEBUG - Release <POINTER(ITypeLib) ptr=0x1decfd9dc70 at 1ded3ef5d50>
2026-09-23 17:13:05,130 - DEBUG - GetModule(quartz.dll), resolved: False
2026-09-23 17:13:05,131 - DEBUG - GetModule(TLIBATTR(GUID={56A868B0-0AD4-11CE-B03A-0020AF0BA770}, Version=1.0, LCID=0, FLags=0x8))
2026-09-23 17:13:05,139 - DEBUG - Release <POINTER(ITypeLib) ptr=0x1decfd9ceb0 at 1ded3fafb50>
2026-09-23 17:13:14,471 - INFO - UI load successful
2026-09-23 17:13:23,438 - INFO - Profile : Supervisor
2026-09-23 17:17:03,241 - INFO - Galvo Laser Shutdown
2026-09-23 17:17:03,245 - CRITICAL - Laser 1 : OFF
2026-09-23 17:17:03,245 - CRITICAL - Laser 2 : OFF
2026-09-23 17:17:03,245 - INFO - Stepper Lasers Shutdown
2026-09-23 17:17:03,245 - INFO - COM connection close successfully
2026-09-23 17:17:03,245 - INFO - Main window close successfully
2026-09-23 17:17:03,245 - INFO - ==================================================
2026-09-23 17:17:03,245 - INFO - New session close at 2026-09-23 17:17
2026-09-23 17:17:03,245 - INFO - ==================================================
2026-09-23 17:17:03,263 - DEBUG - Calling CoUninitialize()
2026-09-23 17:17:03,263 - DEBUG - CoUninitialize() done.
2026-09-23 17:18:07,301 - INFO - No OpenGL_accelerate module loaded: No module named 'OpenGL_accelerate'
2026-09-23 17:18:07,495 - DEBUG - CoInitializeEx(None, 2)
2026-09-23 17:18:07,540 - INFO - Imported existing <module 'comtypes.gen' from 'C:\\Users\\EXPSOL\\AppData\\Roaming\\Python\\Python312\\site-packages\\comtypes\\gen\\__init__.py'>
2026-09-23 17:18:07,541 - INFO - Using writeable comtypes cache directory: 'C:\Users\EXPSOL\AppData\Roaming\Python\Python312\site-packages\comtypes\gen'
2026-09-23 17:18:07,546 - DEBUG - GetModule(qedit.dll), resolved: False
2026-09-23 17:18:07,547 - DEBUG - GetModule(TLIBATTR(GUID={78530B68-61F9-11D2-8CAD-00A024580902}, Version=1.0, LCID=0, FLags=0x8))
2026-09-23 17:18:07,570 - DEBUG - Release <POINTER(ITypeLib) ptr=0x23b2195b5e0 at 23b261f5d50>
2026-09-23 17:18:07,571 - DEBUG - GetModule(quartz.dll), resolved: False
2026-09-23 17:18:07,571 - DEBUG - GetModule(TLIBATTR(GUID={56A868B0-0AD4-11CE-B03A-0020AF0BA770}, Version=1.0, LCID=0, FLags=0x8))
2026-09-23 17:18:07,578 - DEBUG - Release <POINTER(ITypeLib) ptr=0x23b2195c3a0 at 23b262afb50>
2026-09-23 17:18:16,627 - INFO - UI load successful
2026-09-23 17:18:34,631 - INFO - Profile : Supervisor
2026-09-23 17:37:10,396 - INFO - Galvo Laser Shutdown
2026-09-23 17:37:10,396 - CRITICAL - Laser 1 : OFF
2026-09-23 17:37:10,396 - CRITICAL - Laser 2 : OFF
2026-09-23 17:37:10,397 - INFO - Stepper Lasers Shutdown
2026-09-23 17:37:10,397 - INFO - COM connection close successfully
2026-09-23 17:37:10,397 - INFO - Main window close successfully
2026-09-23 17:37:10,397 - INFO - ==================================================
2026-09-23 17:37:10,397 - INFO - New session close at 2026-09-23 17:37
2026-09-23 17:37:10,397 - INFO - ==================================================
2026-09-23 17:37:10,408 - DEBUG - Calling CoUninitialize()
2026-09-23 17:37:10,408 - DEBUG - CoUninitialize() done.
2026-09-23 17:37:13,822 - INFO - No OpenGL_accelerate module loaded: No module named 'OpenGL_accelerate'
2026-09-23 17:37:14,016 - DEBUG - CoInitializeEx(None, 2)
2026-09-23 17:37:14,062 - INFO - Imported existing <module 'comtypes.gen' from 'C:\\Users\\EXPSOL\\AppData\\Roaming\\Python\\Python312\\site-packages\\comtypes\\gen\\__init__.py'>
2026-09-23 17:37:14,062 - INFO - Using writeable comtypes cache directory: 'C:\Users\EXPSOL\AppData\Roaming\Python\Python312\site-packages\comtypes\gen'
2026-09-23 17:37:14,068 - DEBUG - GetModule(qedit.dll), resolved: False
2026-09-23 17:37:14,069 - DEBUG - GetModule(TLIBATTR(GUID={78530B68-61F9-11D2-8CAD-00A024580902}, Version=1.0, LCID=0, FLags=0x8))
2026-09-23 17:37:14,090 - DEBUG - Release <POINTER(ITypeLib) ptr=0x22b3b747ce0 at 22b40155d50>
2026-09-23 17:37:14,090 - DEBUG - GetModule(quartz.dll), resolved: False
2026-09-23 17:37:14,091 - DEBUG - GetModule(TLIBATTR(GUID={56A868B0-0AD4-11CE-B03A-0020AF0BA770}, Version=1.0, LCID=0, FLags=0x8))
2026-09-23 17:37:14,098 - DEBUG - Release <POINTER(ITypeLib) ptr=0x22b3b745920 at 22b4020fb50>
2026-09-23 17:37:23,148 - INFO - UI load successful
2026-09-23 17:37:32,018 - INFO - Galvo Laser Shutdown
2026-09-23 17:37:32,018 - CRITICAL - Laser 1 : OFF
2026-09-23 17:37:32,018 - CRITICAL - Laser 2 : OFF
2026-09-23 17:37:32,018 - INFO - Stepper Lasers Shutdown
2026-09-23 17:37:32,019 - INFO - COM connection close successfully
2026-09-23 17:37:32,019 - INFO - Main window close successfully
2026-09-23 17:37:32,019 - INFO - ==================================================
2026-09-23 17:37:32,019 - INFO - New session close at 2026-09-23 17:37
2026-09-23 17:37:32,019 - INFO - ==================================================
2026-09-23 17:37:32,031 - DEBUG - Calling CoUninitialize()
2026-09-23 17:37:32,032 - DEBUG - CoUninitialize() done.
2026-09-23 17:38:51,737 - INFO - No OpenGL_accelerate module loaded: No module named 'OpenGL_accelerate'
2026-09-23 17:38:51,931 - DEBUG - CoInitializeEx(None, 2)
2026-09-23 17:38:51,977 - INFO - Imported existing <module 'comtypes.gen' from 'C:\\Users\\EXPSOL\\AppData\\Roaming\\Python\\Python312\\site-packages\\comtypes\\gen\\__init__.py'>
2026-09-23 17:38:51,977 - INFO - Using writeable comtypes cache directory: 'C:\Users\EXPSOL\AppData\Roaming\Python\Python312\site-packages\comtypes\gen'
2026-09-23 17:38:51,983 - DEBUG - GetModule(qedit.dll), resolved: False
2026-09-23 17:38:51,984 - DEBUG - GetModule(TLIBATTR(GUID={78530B68-61F9-11D2-8CAD-00A024580902}, Version=1.0, LCID=0, FLags=0x8))
2026-09-23 17:38:52,007 - DEBUG - Release <POINTER(ITypeLib) ptr=0x268f1f86a00 at 268f6745d50>
2026-09-23 17:38:52,007 - DEBUG - GetModule(quartz.dll), resolved: False
2026-09-23 17:38:52,008 - DEBUG - GetModule(TLIBATTR(GUID={56A868B0-0AD4-11CE-B03A-0020AF0BA770}, Version=1.0, LCID=0, FLags=0x8))
2026-09-23 17:38:52,015 - DEBUG - Release <POINTER(ITypeLib) ptr=0x268f1f86a00 at 268f67ffb50>
2026-09-23 17:39:01,063 - INFO - UI load successful
2026-09-23 17:39:18,256 - INFO - Profile : Supervisor
2026-09-23 17:42:04,927 - INFO - File selected : D:/Atharva/Galvo_Scribber/Galvo_22092026/40mm_square.svg
2026-09-23 17:42:13,883 - INFO - Parameters saved for D:/Atharva/Galvo_Scribber/Galvo_22092026/40mm_square.svg
2026-09-23 17:49:27,993 - INFO - Galvo Laser Shutdown
2026-09-23 17:49:27,993 - CRITICAL - Laser 1 : OFF
2026-09-23 17:49:27,993 - CRITICAL - Laser 2 : OFF
2026-09-23 17:49:27,994 - INFO - Stepper Lasers Shutdown
2026-09-23 17:49:27,994 - INFO - COM connection close successfully
2026-09-23 17:49:27,994 - INFO - Main window close successfully
2026-09-23 17:49:27,994 - INFO - ==================================================
2026-09-23 17:49:27,994 - INFO - New session close at 2026-09-23 17:49
2026-09-23 17:49:27,994 - INFO - ==================================================
2026-09-23 17:49:28,009 - DEBUG - Calling CoUninitialize()
2026-09-23 17:49:28,009 - DEBUG - CoUninitialize() done.
2026-09-24 12:14:31,523 - DEBUG - OpenGL_accelerate module loaded
2026-09-24 12:14:31,661 - DEBUG - Using accelerated ArrayDatatype
2026-09-24 12:14:33,901 - DEBUG - CoInitializeEx(None, 2)
2026-09-24 12:14:34,324 - INFO - Imported existing <module 'comtypes.gen' from 'C:\\Users\\exp\\AppData\\Roaming\\Python\\Python313\\site-packages\\comtypes\\gen\\__init__.py'>
2026-09-24 12:14:34,325 - INFO - Using writeable comtypes cache directory: 'C:\Users\exp\AppData\Roaming\Python\Python313\site-packages\comtypes\gen'
2026-09-24 12:14:34,388 - DEBUG - GetModule(qedit.dll), resolved: False
2026-09-24 12:14:34,394 - DEBUG - GetModule(TLIBATTR(GUID={78530B68-61F9-11D2-8CAD-00A024580902}, Version=1.0, LCID=0, FLags=0x8))
2026-09-24 12:14:34,465 - DEBUG - Release <POINTER(ITypeLib) ptr=0x181d759ad60 at 181d91870d0>
2026-09-24 12:14:34,465 - DEBUG - GetModule(quartz.dll), resolved: False
2026-09-24 12:14:34,468 - DEBUG - GetModule(TLIBATTR(GUID={56A868B0-0AD4-11CE-B03A-0020AF0BA770}, Version=1.0, LCID=0, FLags=0x8))
2026-09-24 12:14:34,474 - INFO - Could not import comtypes.gen._56A868B0_0AD4_11CE_B03A_0020AF0BA770_0_1_0: Typelib different than module
2026-09-24 12:14:34,475 - INFO - # Generating comtypes.gen._56A868B0_0AD4_11CE_B03A_0020AF0BA770_0_1_0
2026-09-24 12:14:34,475 - DEBUG - Release <POINTER(ITypeLib) ptr=0x181d759ce60 at 181d797f3d0>
2026-09-24 12:14:34,475 - DEBUG - Release <POINTER(ITypeInfo) ptr=0x181d668cea8 at 181d79a11d0>
2026-09-24 12:14:34,479 - DEBUG - Release <POINTER(ITypeInfo) ptr=0x181d75a6a88 at 181d7904ad0>
2026-09-24 12:14:34,479 - DEBUG - Release <POINTER(ITypeInfo) ptr=0x181d668cf58 at 181d7904150>
2026-09-24 12:14:34,479 - DEBUG - Release <POINTER(ITypeLib) ptr=0x181d759ce60 at 181d79a11d0>
2026-09-24 12:14:34,479 - DEBUG - Release <POINTER(ITypeInfo) ptr=0x181d668cf00 at 181d797f3d0>
2026-09-24 12:14:34,480 - DEBUG - Release <POINTER(ITypeInfo) ptr=0x181d75a6a88 at 181d7904bd0>
2026-09-24 12:14:34,480 - DEBUG - Release <POINTER(ITypeInfo) ptr=0x181d668d008 at 181d7904850>
2026-09-24 12:14:34,480 - DEBUG - Release <POINTER(ITypeLib) ptr=0x181d759ce60 at 181d797f3d0>
2026-09-24 12:14:34,480 - DEBUG - Release <POINTER(ITypeInfo) ptr=0x181d668cfb0 at 181d79a11d0>
2026-09-24 12:14:34,480 - DEBUG - Release <POINTER(ITypeInfo) ptr=0x181d668cea8 at 181d7904bd0>
2026-09-24 12:14:34,481 - DEBUG - Release <POINTER(ITypeInfo) ptr=0x181d668cea8 at 181d7904cd0>
2026-09-24 12:14:34,481 - DEBUG - Release <POINTER(ITypeInfo) ptr=0x181d668cea8 at 181d7904e50>
2026-09-24 12:14:34,481 - DEBUG - Release <POINTER(ITypeInfo) ptr=0x181d668cea8 at 181d79050d0>
2026-09-24 12:14:34,481 - DEBUG - Release <POINTER(ITypeInfo) ptr=0x181d668cea8 at 181d7904b50>
2026-09-24 12:14:34,481 - DEBUG - Release <POINTER(ITypeInfo) ptr=0x181d75a6a88 at 181d7904ed0>
2026-09-24 12:14:34,481 - DEBUG - Release <POINTER(ITypeInfo) ptr=0x181d668d0b8 at 181d7904750>
2026-09-24 12:14:34,481 - DEBUG - Release <POINTER(ITypeLib) ptr=0x181d759ce60 at 181d79a11d0>
2026-09-24 12:14:34,481 - DEBUG - Release <POINTER(ITypeInfo) ptr=0x181d668d060 at 181d797f3d0>
2026-09-24 12:14:34,482 - DEBUG - Release <POINTER(ITypeInfo) ptr=0x181d668cea8 at 181d7904dd0>
2026-09-24 12:14:34,482 - DEBUG - Release <POINTER(ITypeInfo) ptr=0x181d668cea8 at 181d7904850>
2026-09-24 12:14:34,482 - DEBUG - Release <POINTER(ITypeInfo) ptr=0x181d668d0b8 at 181d7904750>
2026-09-24 12:14:34,482 - DEBUG - Release <POINTER(ITypeLib) ptr=0x181d759ce60 at 181d797f3d0>
2026-09-24 12:14:34,482 - DEBUG - Release <POINTER(ITypeInfo) ptr=0x181d668d110 at 181d79a11d0>
2026-09-24 12:14:34,482 - DEBUG - Release <POINTER(ITypeInfo) ptr=0x181d75a6a88 at 181d79050d0>
2026-09-24 12:14:34,482 - DEBUG - Release <POINTER(ITypeInfo) ptr=0x181d668d1c0 at 181d7904950>
2026-09-24 12:14:34,482 - DEBUG - Release <POINTER(ITypeLib) ptr=0x181d759ce60 at 181d79a11d0>
2026-09-24 12:14:34,482 - DEBUG - Release <POINTER(ITypeInfo) ptr=0x181d668d168 at 181d797f3d0>
2026-09-24 12:14:34,483 - DEBUG - Release <POINTER(ITypeInfo) ptr=0x181d75a6a88 at 181d79054d0>
2026-09-24 12:14:34,483 - DEBUG - Release <POINTER(ITypeInfo) ptr=0x181d668d270 at 181d79047d0>
2026-09-24 12:14:34,483 - DEBUG - Release <POINTER(ITypeLib) ptr=0x181d759ce60 at 181d797f3d0>
2026-09-24 12:14:34,483 - DEBUG - Release <POINTER(ITypeInfo) ptr=0x181d668d218 at 181d79a11d0>
2026-09-24 12:14:34,483 - DEBUG - Release <POINTER(ITypeInfo) ptr=0x181d668cea8 at 181d7906650>
2026-09-24 12:14:34,483 - DEBUG - Release <POINTER(ITypeInfo) ptr=0x181d668cea8 at 181d7906850>
2026-09-24 12:14:34,483 - DEBUG - Release <POINTER(ITypeInfo) ptr=0x181d668cea8 at 181d7906050>
2026-09-24 12:14:34,483 - DEBUG - Release <POINTER(ITypeInfo) ptr=0x181d668cea8 at 181d7906950>
2026-09-24 12:14:34,484 - DEBUG - Release <POINTER(ITypeInfo) ptr=0x181d668cea8 at 181d79068d0>
2026-09-24 12:14:34,484 - DEBUG - Release <POINTER(ITypeInfo) ptr=0x181d668cea8 at 181d7905dd0>
2026-09-24 12:14:34,484 - DEBUG - Release <POINTER(ITypeInfo) ptr=0x181d668cea8 at 181d7906550>
2026-09-24 12:14:34,484 - DEBUG - Release <POINTER(ITypeInfo) ptr=0x181d75a6a88 at 181d79057d0>
2026-09-24 12:14:34,484 - DEBUG - Release <POINTER(ITypeInfo) ptr=0x181d668d320 at 181d7904150>
2026-09-24 12:14:34,484 - DEBUG - Release <POINTER(ITypeLib) ptr=0x181d759ce60 at 181d79a11d0>
2026-09-24 12:14:34,484 - DEBUG - Release <POINTER(ITypeInfo) ptr=0x181d668d2c8 at 181d797f3d0>
2026-09-24 12:14:34,485 - DEBUG - Release <POINTER(ITypeInfo) ptr=0x181d75a6a88 at 181d7906dd0>
2026-09-24 12:14:34,485 - DEBUG - Release <POINTER(ITypeInfo) ptr=0x181d668d3d0 at 181d79048d0>
2026-09-24 12:14:34,485 - DEBUG - Release <POINTER(ITypeLib) ptr=0x181d759ce60 at 181d797f3d0>
2026-09-24 12:14:34,485 - DEBUG - Release <POINTER(ITypeInfo) ptr=0x181d668d378 at 181d79a11d0>
2026-09-24 12:14:34,485 - DEBUG - Release <POINTER(ITypeInfo) ptr=0x181d668d3d0 at 181d79048d0>
2026-09-24 12:14:34,485 - DEBUG - Release <POINTER(ITypeLib) ptr=0x181d759ce60 at 181d79a11d0>
2026-09-24 12:14:34,485 - DEBUG - Release <POINTER(ITypeInfo) ptr=0x181d668d428 at 181d797f3d0>
2026-09-24 12:14:34,485 - DEBUG - Release <POINTER(ITypeInfo) ptr=0x181d75a6ae0 at 181d7907a50>
2026-09-24 12:14:34,485 - DEBUG - Release <POINTER(ITypeLib) ptr=0x181d759ce60 at 181d797f3d0>
2026-09-24 12:14:34,486 - DEBUG - Release <POINTER(ITypeInfo) ptr=0x181d668d480 at 181d79a11d0>
2026-09-24 12:14:34,486 - DEBUG - Release <POINTER(ITypeInfo) ptr=0x181d668d480 at 181d8f241d0>
2026-09-24 12:14:34,486 - DEBUG - Release <POINTER(ITypeInfo) ptr=0x181d75a6b38 at 181d8f24350>
2026-09-24 12:14:34,486 - DEBUG - Release <POINTER(ITypeInfo) ptr=0x181d668d480 at 181d8f24650>
2026-09-24 12:14:34,486 - DEBUG - Release <POINTER(ITypeInfo) ptr=0x181d75a6b38 at 181d8f24450>
2026-09-24 12:14:34,486 - DEBUG - Release <POINTER(ITypeInfo) ptr=0x181d75a6ae0 at 181d7907cd0>
2026-09-24 12:14:34,486 - DEBUG - Release <POINTER(ITypeLib) ptr=0x181d759ce60 at 181d79a11d0>
2026-09-24 12:14:34,486 - DEBUG - Release <POINTER(ITypeInfo) ptr=0x181bfeff3e8 at 181d797f3d0>
2026-09-24 12:14:34,486 - DEBUG - Release <POINTER(ITypeInfo) ptr=0x181d668cfb0 at 181d7907a50>
2026-09-24 12:14:34,486 - DEBUG - Release <POINTER(ITypeInfo) ptr=0x181d668d060 at 181d7907850>
2026-09-24 12:14:34,486 - DEBUG - Release <POINTER(ITypeInfo) ptr=0x181d668d168 at 181d7905150>
2026-09-24 12:14:34,487 - DEBUG - Release <POINTER(ITypeInfo) ptr=0x181d668d218 at 181d7907a50>
2026-09-24 12:14:34,487 - DEBUG - Release <POINTER(ITypeInfo) ptr=0x181d668d378 at 181d7907850>
2026-09-24 12:14:34,487 - DEBUG - Release <POINTER(ITypeInfo) ptr=0x181d668d2c8 at 181d7905150>
2026-09-24 12:14:34,487 - DEBUG - Release <POINTER(ITypeLib) ptr=0x181d759ce60 at 181d797f3d0>
2026-09-24 12:14:34,487 - DEBUG - Release <POINTER(ITypeInfo) ptr=0x181bff008e8 at 181d79a11d0>
2026-09-24 12:14:34,487 - DEBUG - Release <POINTER(ITypeInfo) ptr=0x181d75a6a88 at 181d7907cd0>
2026-09-24 12:14:34,487 - DEBUG - Release <POINTER(ITypeInfo) ptr=0x181bff00348 at 181d7907d50>
2026-09-24 12:14:34,487 - DEBUG - Release <POINTER(ITypeLib) ptr=0x181d759ce60 at 181d79a11d0>
2026-09-24 12:14:34,487 - DEBUG - Release <POINTER(ITypeInfo) ptr=0x181bff00528 at 181d797f3d0>
2026-09-24 12:14:34,487 - DEBUG - Release <POINTER(ITypeInfo) ptr=0x181d75a6a88 at 181d7907cd0>
2026-09-24 12:14:34,487 - DEBUG - Release <POINTER(ITypeInfo) ptr=0x181bff00408 at 181d79048d0>
2026-09-24 12:14:34,488 - DEBUG - Release <POINTER(ITypeLib) ptr=0x181d759ce60 at 181d797f3d0>
2026-09-24 12:14:34,488 - DEBUG - Release <POINTER(ITypeInfo) ptr=0x181bfeff628 at 181d79a11d0>
2026-09-24 12:14:34,488 - DEBUG - Release <POINTER(ITypeInfo) ptr=0x181d75a6a88 at 181d7907cd0>
2026-09-24 12:14:34,488 - DEBUG - Release <POINTER(ITypeInfo) ptr=0x181bff009a8 at 181d7907c50>
2026-09-24 12:14:34,488 - DEBUG - Release <POINTER(ITypeLib) ptr=0x181d759ce60 at 181d79a11d0>
2026-09-24 12:14:34,488 - DEBUG - Release <POINTER(ITypeInfo) ptr=0x181bff001c8 at 181d797f3d0>
2026-09-24 12:14:34,488 - DEBUG - Release <POINTER(ITypeInfo) ptr=0x181d75a6a88 at 181d7907cd0>
2026-09-24 12:14:34,488 - DEBUG - Release <POINTER(ITypeInfo) ptr=0x181bff00288 at 181d7907850>
2026-09-24 12:14:34,488 - DEBUG - Release <POINTER(ITypeLib) ptr=0x181d759ce60 at 181d797f3d0>
2026-09-24 12:14:34,489 - DEBUG - Release <POINTER(ITypeInfo) ptr=0x181bfeff448 at 181d79a11d0>
2026-09-24 12:14:34,489 - DEBUG - Release <POINTER(ITypeInfo) ptr=0x181d75a6a88 at 181d7907cd0>
2026-09-24 12:14:34,489 - DEBUG - Release <POINTER(ITypeInfo) ptr=0x181bfeff4a8 at 181d7905150>
2026-09-24 12:14:34,489 - DEBUG - Release <POINTER(ITypeLib) ptr=0x181d759ce60 at 181d79a11d0>
2026-09-24 12:14:34,489 - DEBUG - Release <POINTER(ITypeInfo) ptr=0x181bfeff808 at 181d797f3d0>
2026-09-24 12:14:34,493 - DEBUG - filename: "C:\Windows\System32\quartz.dll": tlib_mtime: 1790146610.87896
2026-09-24 12:14:34,493 - DEBUG - Release <POINTER(ITypeLib) ptr=0x181d759ce60 at 181d797f3d0>
2026-09-24 12:14:34,494 - INFO - # Generating comtypes.gen.QuartzTypeLib
2026-09-24 12:14:34,494 - DEBUG - GetModule(TLIBATTR(GUID={00020430-0000-0000-C000-000000000046}, Version=2.0, LCID=0, FLags=0x8))
2026-09-24 12:14:34,556 - DEBUG - Release <POINTER(ITypeLib) ptr=0x181d759ce60 at 181d79047d0>
2026-09-24 12:14:34,556 - DEBUG - Release <POINTER(ITypeLib) ptr=0x181d759ce60 at 181d9186f50>
2026-09-24 12:14:35,289 - DEBUG - Release <POINTER(ITypeLib) ptr=0x181d759bb20 at 181d7904cd0>
2026-09-24 12:14:35,289 - DEBUG - Release <POINTER(ITypeLib) ptr=0x181d759bb20 at 181d79049d0>
2026-09-24 12:14:35,289 - DEBUG - Release <POINTER(ITypeLib) ptr=0x181d759bb20 at 181d7904f50>
2026-09-24 12:14:35,290 - DEBUG - Release <POINTER(ITypeLib) ptr=0x181d759bb20 at 181d7905050>
2026-09-24 12:14:35,290 - DEBUG - Release <POINTER(ITypeLib) ptr=0x181d759bb20 at 181d7904dd0>
2026-09-24 12:14:35,290 - DEBUG - Release <POINTER(ITypeLib) ptr=0x181d759bb20 at 181d79053d0>
2026-09-24 12:14:35,290 - DEBUG - Release <POINTER(ITypeLib) ptr=0x181d759bb20 at 181d79055d0>
2026-09-24 12:14:35,290 - DEBUG - Release <POINTER(ITypeLib) ptr=0x181d759bb20 at 181d7906a50>
2026-09-24 12:14:35,290 - DEBUG - Release <POINTER(ITypeLib) ptr=0x181d759bb20 at 181d7904950>
2026-09-24 12:14:35,290 - DEBUG - Release <POINTER(ITypeLib) ptr=0x181d759bb20 at 181d8f24250>
2026-09-24 12:14:35,290 - DEBUG - Release <POINTER(ITypeLib) ptr=0x181d759bb20 at 181d8f24650>
2026-09-24 12:14:35,290 - DEBUG - Release <POINTER(ITypeLib) ptr=0x181d759bb20 at 181d8f240d0>
2026-09-24 12:14:35,290 - DEBUG - Release <POINTER(ITypeLib) ptr=0x181d759bb20 at 181d8f24ad0>
2026-09-24 12:14:35,290 - DEBUG - Release <POINTER(ITypeLib) ptr=0x181d759bb20 at 181d8f24cd0>
2026-09-24 12:14:35,290 - DEBUG - Release <POINTER(ITypeLib) ptr=0x181d759bb20 at 181d8f24d50>
2026-09-24 12:14:35,290 - DEBUG - Release <POINTER(ITypeLib) ptr=0x181d759bb20 at 181d8f25350>
2026-09-24 12:14:35,397 - INFO - UI load successful
2026-09-24 12:16:27,693 - DEBUG - OpenGL_accelerate module loaded
2026-09-24 12:16:27,706 - DEBUG - Using accelerated ArrayDatatype
2026-09-24 12:16:27,979 - DEBUG - CoInitializeEx(None, 2)
2026-09-24 12:16:28,029 - INFO - Imported existing <module 'comtypes.gen' from 'C:\\Users\\exp\\AppData\\Roaming\\Python\\Python313\\site-packages\\comtypes\\gen\\__init__.py'>
2026-09-24 12:16:28,029 - INFO - Using writeable comtypes cache directory: 'C:\Users\exp\AppData\Roaming\Python\Python313\site-packages\comtypes\gen'
2026-09-24 12:16:28,036 - DEBUG - GetModule(qedit.dll), resolved: False
2026-09-24 12:16:28,037 - DEBUG - GetModule(TLIBATTR(GUID={78530B68-61F9-11D2-8CAD-00A024580902}, Version=1.0, LCID=0, FLags=0x8))
2026-09-24 12:16:28,061 - DEBUG - Release <POINTER(ITypeLib) ptr=0x1b6530fe420 at 1b654328bd0>
2026-09-24 12:16:28,061 - DEBUG - GetModule(quartz.dll), resolved: False
2026-09-24 12:16:28,062 - DEBUG - GetModule(TLIBATTR(GUID={56A868B0-0AD4-11CE-B03A-0020AF0BA770}, Version=1.0, LCID=0, FLags=0x8))
2026-09-24 12:16:28,070 - DEBUG - Release <POINTER(ITypeLib) ptr=0x1b6530fdbe0 at 1b654328a50>
2026-09-24 12:16:28,391 - INFO - UI load successful
2026-09-24 12:20:04,174 - DEBUG - OpenGL_accelerate module loaded
2026-09-24 12:20:04,189 - DEBUG - Using accelerated ArrayDatatype
2026-09-24 12:20:04,526 - DEBUG - CoInitializeEx(None, 2)
2026-09-24 12:20:04,584 - INFO - Imported existing <module 'comtypes.gen' from 'C:\\Users\\exp\\AppData\\Roaming\\Python\\Python313\\site-packages\\comtypes\\gen\\__init__.py'>
2026-09-24 12:20:04,584 - INFO - Using writeable comtypes cache directory: 'C:\Users\exp\AppData\Roaming\Python\Python313\site-packages\comtypes\gen'
2026-09-24 12:20:04,592 - DEBUG - GetModule(qedit.dll), resolved: False
2026-09-24 12:20:04,593 - DEBUG - GetModule(TLIBATTR(GUID={78530B68-61F9-11D2-8CAD-00A024580902}, Version=1.0, LCID=0, FLags=0x8))
2026-09-24 12:20:04,618 - DEBUG - Release <POINTER(ITypeLib) ptr=0x24731407780 at 24735ae8bd0>
2026-09-24 12:20:04,618 - DEBUG - GetModule(quartz.dll), resolved: False
2026-09-24 12:20:04,619 - DEBUG - GetModule(TLIBATTR(GUID={56A868B0-0AD4-11CE-B03A-0020AF0BA770}, Version=1.0, LCID=0, FLags=0x8))
2026-09-24 12:20:04,627 - DEBUG - Release <POINTER(ITypeLib) ptr=0x24731407780 at 24735ae8a50>
2026-09-24 12:20:04,982 - INFO - UI load successful
2026-09-24 12:21:58,263 - DEBUG - OpenGL_accelerate module loaded
2026-09-24 12:21:58,278 - DEBUG - Using accelerated ArrayDatatype
2026-09-24 12:21:58,610 - DEBUG - CoInitializeEx(None, 2)
2026-09-24 12:21:58,680 - INFO - Imported existing <module 'comtypes.gen' from 'C:\\Users\\exp\\AppData\\Roaming\\Python\\Python313\\site-packages\\comtypes\\gen\\__init__.py'>
2026-09-24 12:21:58,680 - INFO - Using writeable comtypes cache directory: 'C:\Users\exp\AppData\Roaming\Python\Python313\site-packages\comtypes\gen'
2026-09-24 12:21:58,689 - DEBUG - GetModule(qedit.dll), resolved: False
2026-09-24 12:21:58,691 - DEBUG - GetModule(TLIBATTR(GUID={78530B68-61F9-11D2-8CAD-00A024580902}, Version=1.0, LCID=0, FLags=0x8))
2026-09-24 12:21:58,717 - DEBUG - Release <POINTER(ITypeLib) ptr=0x1770c63c430 at 1770d848bd0>
2026-09-24 12:21:58,718 - DEBUG - GetModule(quartz.dll), resolved: False
2026-09-24 12:21:58,718 - DEBUG - GetModule(TLIBATTR(GUID={56A868B0-0AD4-11CE-B03A-0020AF0BA770}, Version=1.0, LCID=0, FLags=0x8))
2026-09-24 12:21:58,727 - DEBUG - Release <POINTER(ITypeLib) ptr=0x1770c63a5f0 at 1770d848a50>
2026-09-24 12:21:59,134 - INFO - UI load successful
2026-09-24 12:22:59,606 - CRITICAL - Laser 1 : OFF
2026-09-24 12:22:59,606 - CRITICAL - Laser 2 : OFF
2026-09-24 12:22:59,606 - INFO - Stepper Lasers Shutdown
2026-09-24 12:22:59,606 - INFO - COM connection close successfully
2026-09-24 12:22:59,606 - INFO - Main window close successfully
2026-09-24 12:22:59,606 - INFO - ==================================================
2026-09-24 12:22:59,606 - INFO - New session close at 2026-09-24 12:22
2026-09-24 12:22:59,606 - INFO - ==================================================
2026-09-24 12:22:59,620 - DEBUG - Calling CoUninitialize()
2026-09-24 12:22:59,621 - DEBUG - CoUninitialize() done.
2026-09-24 12:23:51,864 - DEBUG - OpenGL_accelerate module loaded
2026-09-24 12:23:51,877 - DEBUG - Using accelerated ArrayDatatype
2026-09-24 12:23:52,147 - DEBUG - CoInitializeEx(None, 2)
2026-09-24 12:23:52,198 - INFO - Imported existing <module 'comtypes.gen' from 'C:\\Users\\exp\\AppData\\Roaming\\Python\\Python313\\site-packages\\comtypes\\gen\\__init__.py'>
2026-09-24 12:23:52,198 - INFO - Using writeable comtypes cache directory: 'C:\Users\exp\AppData\Roaming\Python\Python313\site-packages\comtypes\gen'
2026-09-24 12:23:52,204 - DEBUG - GetModule(qedit.dll), resolved: False
2026-09-24 12:23:52,206 - DEBUG - GetModule(TLIBATTR(GUID={78530B68-61F9-11D2-8CAD-00A024580902}, Version=1.0, LCID=0, FLags=0x8))
2026-09-24 12:23:52,231 - DEBUG - Release <POINTER(ITypeLib) ptr=0x218045d22e0 at 21805864dd0>
2026-09-24 12:23:52,231 - DEBUG - GetModule(quartz.dll), resolved: False
2026-09-24 12:23:52,232 - DEBUG - GetModule(TLIBATTR(GUID={56A868B0-0AD4-11CE-B03A-0020AF0BA770}, Version=1.0, LCID=0, FLags=0x8))
2026-09-24 12:23:52,240 - DEBUG - Release <POINTER(ITypeLib) ptr=0x218045d22e0 at 21805864c50>
2026-09-24 12:23:52,610 - INFO - UI load successful
2026-09-24 12:24:06,002 - CRITICAL - Laser 1 : OFF
2026-09-24 12:24:06,002 - CRITICAL - Laser 2 : OFF
2026-09-24 12:24:06,002 - INFO - Stepper Lasers Shutdown
2026-09-24 12:24:06,003 - INFO - COM connection close successfully
2026-09-24 12:24:06,003 - INFO - Main window close successfully
2026-09-24 12:24:06,003 - INFO - ==================================================
2026-09-24 12:24:06,003 - INFO - New session close at 2026-09-24 12:24
2026-09-24 12:24:06,003 - INFO - ==================================================
2026-09-24 12:24:06,019 - DEBUG - Calling CoUninitialize()
2026-09-24 12:24:06,019 - DEBUG - CoUninitialize() done.
2026-09-24 12:24:28,760 - DEBUG - OpenGL_accelerate module loaded
2026-09-24 12:24:28,776 - DEBUG - Using accelerated ArrayDatatype
2026-09-24 12:24:29,111 - DEBUG - CoInitializeEx(None, 2)
2026-09-24 12:24:29,176 - INFO - Imported existing <module 'comtypes.gen' from 'C:\\Users\\exp\\AppData\\Roaming\\Python\\Python313\\site-packages\\comtypes\\gen\\__init__.py'>
2026-09-24 12:24:29,176 - INFO - Using writeable comtypes cache directory: 'C:\Users\exp\AppData\Roaming\Python\Python313\site-packages\comtypes\gen'
2026-09-24 12:24:29,185 - DEBUG - GetModule(qedit.dll), resolved: False
2026-09-24 12:24:29,187 - DEBUG - GetModule(TLIBATTR(GUID={78530B68-61F9-11D2-8CAD-00A024580902}, Version=1.0, LCID=0, FLags=0x8))
2026-09-24 12:24:29,215 - DEBUG - Release <POINTER(ITypeLib) ptr=0x1e57abd8330 at 1e510ae8dd0>
2026-09-24 12:24:29,216 - DEBUG - GetModule(quartz.dll), resolved: False
2026-09-24 12:24:29,217 - DEBUG - GetModule(TLIBATTR(GUID={56A868B0-0AD4-11CE-B03A-0020AF0BA770}, Version=1.0, LCID=0, FLags=0x8))
2026-09-24 12:24:29,226 - DEBUG - Release <POINTER(ITypeLib) ptr=0x1e57abda6f0 at 1e510ae8c50>
2026-09-24 12:24:29,631 - INFO - UI load successful
2026-09-24 12:25:26,949 - CRITICAL - Laser 1 : OFF
2026-09-24 12:25:26,950 - CRITICAL - Laser 2 : OFF
2026-09-24 12:25:26,950 - INFO - Stepper Lasers Shutdown
2026-09-24 12:25:26,950 - INFO - COM connection close successfully
2026-09-24 12:25:26,950 - INFO - Main window close successfully
2026-09-24 12:25:26,950 - INFO - ==================================================
2026-09-24 12:25:26,950 - INFO - New session close at 2026-09-24 12:25
2026-09-24 12:25:26,950 - INFO - ==================================================
2026-09-24 12:25:26,958 - DEBUG - Calling CoUninitialize()
2026-09-24 12:25:26,958 - DEBUG - CoUninitialize() done.
2026-09-24 12:25:43,226 - DEBUG - OpenGL_accelerate module loaded
2026-09-24 12:25:43,239 - DEBUG - Using accelerated ArrayDatatype
2026-09-24 12:25:43,496 - DEBUG - CoInitializeEx(None, 2)
2026-09-24 12:25:43,548 - INFO - Imported existing <module 'comtypes.gen' from 'C:\\Users\\exp\\AppData\\Roaming\\Python\\Python313\\site-packages\\comtypes\\gen\\__init__.py'>
2026-09-24 12:25:43,548 - INFO - Using writeable comtypes cache directory: 'C:\Users\exp\AppData\Roaming\Python\Python313\site-packages\comtypes\gen'
2026-09-24 12:25:43,555 - DEBUG - GetModule(qedit.dll), resolved: False
2026-09-24 12:25:43,557 - DEBUG - GetModule(TLIBATTR(GUID={78530B68-61F9-11D2-8CAD-00A024580902}, Version=1.0, LCID=0, FLags=0x8))
2026-09-24 12:25:43,580 - DEBUG - Release <POINTER(ITypeLib) ptr=0x1ff57a76fa0 at 1ff5bd48dd0>
2026-09-24 12:25:43,581 - DEBUG - GetModule(quartz.dll), resolved: False
2026-09-24 12:25:43,581 - DEBUG - GetModule(TLIBATTR(GUID={56A868B0-0AD4-11CE-B03A-0020AF0BA770}, Version=1.0, LCID=0, FLags=0x8))
2026-09-24 12:25:43,588 - DEBUG - Release <POINTER(ITypeLib) ptr=0x1ff57a73e20 at 1ff5bd48c50>
2026-09-24 12:25:43,929 - INFO - UI load successful
2026-09-24 12:28:05,272 - DEBUG - OpenGL_accelerate module loaded
2026-09-24 12:28:05,285 - DEBUG - Using accelerated ArrayDatatype
2026-09-24 12:28:05,543 - DEBUG - CoInitializeEx(None, 2)
2026-09-24 12:28:05,596 - INFO - Imported existing <module 'comtypes.gen' from 'C:\\Users\\exp\\AppData\\Roaming\\Python\\Python313\\site-packages\\comtypes\\gen\\__init__.py'>
2026-09-24 12:28:05,596 - INFO - Using writeable comtypes cache directory: 'C:\Users\exp\AppData\Roaming\Python\Python313\site-packages\comtypes\gen'
2026-09-24 12:28:05,602 - DEBUG - GetModule(qedit.dll), resolved: False
2026-09-24 12:28:05,603 - DEBUG - GetModule(TLIBATTR(GUID={78530B68-61F9-11D2-8CAD-00A024580902}, Version=1.0, LCID=0, FLags=0x8))
2026-09-24 12:28:05,628 - DEBUG - Release <POINTER(ITypeLib) ptr=0x2ed6450d300 at 2ed657c4dd0>
2026-09-24 12:28:05,628 - DEBUG - GetModule(quartz.dll), resolved: False
2026-09-24 12:28:05,629 - DEBUG - GetModule(TLIBATTR(GUID={56A868B0-0AD4-11CE-B03A-0020AF0BA770}, Version=1.0, LCID=0, FLags=0x8))
2026-09-24 12:28:05,638 - DEBUG - Release <POINTER(ITypeLib) ptr=0x2ed6450ff00 at 2ed657c4c50>
2026-09-24 12:28:05,956 - INFO - UI load successful
2026-09-24 14:44:31,056 - INFO - No OpenGL_accelerate module loaded: No module named 'OpenGL_accelerate'
2026-09-24 14:44:31,407 - DEBUG - CoInitializeEx(None, 2)
2026-09-24 14:44:31,490 - INFO - Imported existing <module 'comtypes.gen' from 'C:\\Users\\EXPSOL\\AppData\\Roaming\\Python\\Python312\\site-packages\\comtypes\\gen\\__init__.py'>
2026-09-24 14:44:31,490 - INFO - Using writeable comtypes cache directory: 'C:\Users\EXPSOL\AppData\Roaming\Python\Python312\site-packages\comtypes\gen'
2026-09-24 14:44:31,506 - DEBUG - GetModule(qedit.dll), resolved: False
2026-09-24 14:44:31,507 - DEBUG - GetModule(TLIBATTR(GUID={78530B68-61F9-11D2-8CAD-00A024580902}, Version=1.0, LCID=0, FLags=0x8))
2026-09-24 14:44:31,536 - DEBUG - Release <POINTER(ITypeLib) ptr=0x2b189851850 at 2b1a13564d0>
2026-09-24 14:44:31,536 - DEBUG - GetModule(quartz.dll), resolved: False
2026-09-24 14:44:31,540 - DEBUG - GetModule(TLIBATTR(GUID={56A868B0-0AD4-11CE-B03A-0020AF0BA770}, Version=1.0, LCID=0, FLags=0x8))
2026-09-24 14:44:31,547 - DEBUG - Release <POINTER(ITypeLib) ptr=0x2b1898512d0 at 2b1a181c350>
2026-09-24 14:44:40,849 - INFO - UI load successful
2026-09-24 14:45:14,965 - INFO - Galvo Laser Shutdown
2026-09-24 14:45:14,965 - CRITICAL - Laser 1 : OFF
2026-09-24 14:45:14,971 - CRITICAL - Laser 2 : OFF
2026-09-24 14:45:14,971 - INFO - Stepper Lasers Shutdown
2026-09-24 14:45:14,971 - INFO - COM connection close successfully
2026-09-24 14:45:14,972 - INFO - Main window close successfully
2026-09-24 14:45:14,972 - INFO - ==================================================
2026-09-24 14:45:14,972 - INFO - New session close at 2026-09-24 14:45
2026-09-24 14:45:14,972 - INFO - ==================================================
2026-09-24 14:45:14,983 - DEBUG - Calling CoUninitialize()
2026-09-24 14:45:14,984 - DEBUG - CoUninitialize() done.
2026-09-24 14:45:19,325 - INFO - No OpenGL_accelerate module loaded: No module named 'OpenGL_accelerate'
2026-09-24 14:45:19,526 - DEBUG - CoInitializeEx(None, 2)
2026-09-24 14:45:19,568 - INFO - Imported existing <module 'comtypes.gen' from 'C:\\Users\\EXPSOL\\AppData\\Roaming\\Python\\Python312\\site-packages\\comtypes\\gen\\__init__.py'>
2026-09-24 14:45:19,568 - INFO - Using writeable comtypes cache directory: 'C:\Users\EXPSOL\AppData\Roaming\Python\Python312\site-packages\comtypes\gen'
2026-09-24 14:45:19,577 - DEBUG - GetModule(qedit.dll), resolved: False
2026-09-24 14:45:19,577 - DEBUG - GetModule(TLIBATTR(GUID={78530B68-61F9-11D2-8CAD-00A024580902}, Version=1.0, LCID=0, FLags=0x8))
2026-09-24 14:45:19,600 - DEBUG - Release <POINTER(ITypeLib) ptr=0x18f2064f870 at 18f248f64d0>
2026-09-24 14:45:19,600 - DEBUG - GetModule(quartz.dll), resolved: False
2026-09-24 14:45:19,600 - DEBUG - GetModule(TLIBATTR(GUID={56A868B0-0AD4-11CE-B03A-0020AF0BA770}, Version=1.0, LCID=0, FLags=0x8))
2026-09-24 14:45:19,608 - DEBUG - Release <POINTER(ITypeLib) ptr=0x18f20650630 at 18f24dbc350>
2026-09-24 14:45:28,671 - INFO - UI load successful
2026-09-24 14:45:49,077 - INFO - Profile : Supervisor
2026-09-24 14:47:36,809 - INFO - File selected : D:/Atharva/Galvo_Scribber/Galvo_22092026/40mm_square.svg
2026-09-24 14:47:48,456 - INFO - Parameters saved for D:/Atharva/Galvo_Scribber/Galvo_22092026/40mm_square.svg
2026-09-24 14:58:13,767 - INFO - Galvo Laser Shutdown
2026-09-24 14:58:13,767 - CRITICAL - Laser 1 : OFF
2026-09-24 14:58:13,767 - CRITICAL - Laser 2 : OFF
2026-09-24 14:58:13,767 - INFO - Stepper Lasers Shutdown
2026-09-24 14:58:13,767 - INFO - COM connection close successfully
2026-09-24 14:58:13,767 - INFO - Main window close successfully
2026-09-24 14:58:13,767 - INFO - ==================================================
2026-09-24 14:58:13,767 - INFO - New session close at 2026-09-24 14:58
2026-09-24 14:58:13,767 - INFO - ==================================================
2026-09-24 14:58:43,101 - INFO - No OpenGL_accelerate module loaded: No module named 'OpenGL_accelerate'
2026-09-24 14:58:43,300 - DEBUG - CoInitializeEx(None, 2)
2026-09-24 14:58:43,356 - INFO - Imported existing <module 'comtypes.gen' from 'C:\\Users\\EXPSOL\\AppData\\Roaming\\Python\\Python312\\site-packages\\comtypes\\gen\\__init__.py'>
2026-09-24 14:58:43,356 - INFO - Using writeable comtypes cache directory: 'C:\Users\EXPSOL\AppData\Roaming\Python\Python312\site-packages\comtypes\gen'
2026-09-24 14:58:43,360 - DEBUG - GetModule(qedit.dll), resolved: False
2026-09-24 14:58:43,360 - DEBUG - GetModule(TLIBATTR(GUID={78530B68-61F9-11D2-8CAD-00A024580902}, Version=1.0, LCID=0, FLags=0x8))
2026-09-24 14:58:43,376 - DEBUG - Release <POINTER(ITypeLib) ptr=0x25794555e00 at 25798e164d0>
2026-09-24 14:58:43,376 - DEBUG - GetModule(quartz.dll), resolved: False
2026-09-24 14:58:43,376 - DEBUG - GetModule(TLIBATTR(GUID={56A868B0-0AD4-11CE-B03A-0020AF0BA770}, Version=1.0, LCID=0, FLags=0x8))
2026-09-24 14:58:43,392 - DEBUG - Release <POINTER(ITypeLib) ptr=0x25794552440 at 257992dc350>
2026-09-24 14:58:52,477 - INFO - UI load successful
2026-09-24 14:59:00,674 - INFO - File selected : D:/Atharva/Galvo_Scribber/Galvo_22092026/40mm_square.svg
2026-09-24 14:59:10,216 - INFO - Parameters saved for D:/Atharva/Galvo_Scribber/Galvo_22092026/40mm_square.svg
2026-09-24 14:59:18,437 - INFO - >> Hardware Trigger: DI1 (Start) Pressed!
2026-09-24 14:59:50,734 - INFO - >> Hardware Trigger: DI1 (Start) Not Pressed!
2026-09-24 15:00:19,812 - INFO - >> Hardware Trigger: DI2 (Abort) Pressed!
2026-09-24 15:00:20,046 - INFO - >> Hardware Trigger: DI2 (Abort) Not Pressed!
2026-09-24 15:11:52,562 - INFO - Galvo Laser Shutdown
2026-09-24 15:11:52,562 - CRITICAL - Laser 1 : OFF
2026-09-24 15:11:52,562 - CRITICAL - Laser 2 : OFF
2026-09-24 15:11:52,562 - INFO - Stepper Lasers Shutdown
2026-09-24 15:11:52,562 - INFO - COM connection close successfully
2026-09-24 15:11:52,562 - INFO - Main window close successfully
2026-09-24 15:11:52,562 - INFO - ==================================================
2026-09-24 15:11:52,562 - INFO - New session close at 2026-09-24 15:11
2026-09-24 15:11:52,562 - INFO - ==================================================
2026-09-24 15:11:52,587 - DEBUG - Calling CoUninitialize()
2026-09-24 15:11:52,588 - DEBUG - CoUninitialize() done.
2026-09-24 15:12:03,794 - INFO - No OpenGL_accelerate module loaded: No module named 'OpenGL_accelerate'
2026-09-24 15:12:03,996 - DEBUG - CoInitializeEx(None, 2)
2026-09-24 15:12:04,039 - INFO - Imported existing <module 'comtypes.gen' from 'C:\\Users\\EXPSOL\\AppData\\Roaming\\Python\\Python312\\site-packages\\comtypes\\gen\\__init__.py'>
2026-09-24 15:12:04,039 - INFO - Using writeable comtypes cache directory: 'C:\Users\EXPSOL\AppData\Roaming\Python\Python312\site-packages\comtypes\gen'
2026-09-24 15:12:04,039 - DEBUG - GetModule(qedit.dll), resolved: False
2026-09-24 15:12:04,039 - DEBUG - GetModule(TLIBATTR(GUID={78530B68-61F9-11D2-8CAD-00A024580902}, Version=1.0, LCID=0, FLags=0x8))
2026-09-24 15:12:04,073 - DEBUG - Release <POINTER(ITypeLib) ptr=0x1c74c5a1b70 at 1c750ef64d0>
2026-09-24 15:12:04,073 - DEBUG - GetModule(quartz.dll), resolved: False
2026-09-24 15:12:04,073 - DEBUG - GetModule(TLIBATTR(GUID={56A868B0-0AD4-11CE-B03A-0020AF0BA770}, Version=1.0, LCID=0, FLags=0x8))
2026-09-24 15:12:04,073 - DEBUG - Release <POINTER(ITypeLib) ptr=0x1c74c5a02b0 at 1c7513bc350>
2026-09-24 15:12:13,140 - INFO - UI load successful
2026-09-24 15:12:41,359 - INFO - File selected : D:/Atharva/Galvo_Scribber/Galvo_22092026/40mm_square.svg
2026-09-24 15:12:56,511 - INFO - Profile : Supervisor
2026-09-24 15:14:59,299 - INFO - Parameters saved for D:/Atharva/Galvo_Scribber/Galvo_22092026/40mm_square.svg
2026-09-24 15:16:32,076 - INFO - >> Hardware Trigger: DI2 (Abort) Pressed!
2026-09-24 15:16:32,311 - INFO - >> Hardware Trigger: DI2 (Abort) Not Pressed!
2026-09-24 15:17:07,928 - INFO - Parameters saved for D:/Atharva/Galvo_Scribber/Galvo_22092026/40mm_square.svg
2026-09-24 15:18:29,183 - INFO - File selected : D:/Atharva/Galvo_Scribber/Galvo_22092026/svg_files/B1.svg
2026-09-24 15:18:35,295 - INFO - Parameters saved for D:/Atharva/Galvo_Scribber/Galvo_22092026/svg_files/B1.svg
2026-09-24 15:19:37,120 - INFO - Parameters saved for D:/Atharva/Galvo_Scribber/Galvo_22092026/svg_files/B1.svg
2026-09-24 15:19:58,834 - INFO - Parameters saved for D:/Atharva/Galvo_Scribber/Galvo_22092026/svg_files/B1.svg
2026-09-24 15:21:03,847 - INFO - Parameters saved for D:/Atharva/Galvo_Scribber/Galvo_22092026/svg_files/B1.svg
2026-09-24 15:21:12,356 - INFO - Parameters saved for D:/Atharva/Galvo_Scribber/Galvo_22092026/svg_files/B1.svg
2026-09-24 15:21:22,637 - INFO - File selected : D:/Atharva/Galvo_Scribber/Galvo_22092026/svg_files/B1.svg
2026-09-24 15:21:29,506 - INFO - Parameters saved for D:/Atharva/Galvo_Scribber/Galvo_22092026/svg_files/B1.svg
2026-09-24 15:22:29,575 - INFO - Parameters saved for D:/Atharva/Galvo_Scribber/Galvo_22092026/svg_files/B1.svg
2026-09-24 15:23:31,154 - INFO - File selected : D:/Atharva/Galvo_Scribber/Galvo_22092026/svg_files/B1.svg
2026-09-24 15:23:34,867 - INFO - Parameters saved for D:/Atharva/Galvo_Scribber/Galvo_22092026/svg_files/B1.svg
2026-09-24 15:24:25,034 - INFO - Parameters saved for D:/Atharva/Galvo_Scribber/Galvo_22092026/svg_files/B1.svg
2026-09-24 15:25:26,254 - INFO - Parameters saved for D:/Atharva/Galvo_Scribber/Galvo_22092026/svg_files/B1.svg
2026-09-24 15:26:17,418 - INFO - Parameters saved for D:/Atharva/Galvo_Scribber/Galvo_22092026/svg_files/B1.svg
2026-09-24 15:27:08,103 - INFO - Parameters saved for D:/Atharva/Galvo_Scribber/Galvo_22092026/svg_files/B1.svg
2026-09-24 15:28:07,935 - INFO - Parameters saved for D:/Atharva/Galvo_Scribber/Galvo_22092026/svg_files/B1.svg
2026-09-24 15:34:41,133 - INFO - File selected : D:/Atharva/Galvo_Scribber/Galvo_22092026/svg_files/ide2.svg
2026-09-24 15:34:43,943 - INFO - Parameters saved for D:/Atharva/Galvo_Scribber/Galvo_22092026/svg_files/ide2.svg
2026-09-24 15:34:51,365 - INFO - Parameters saved for D:/Atharva/Galvo_Scribber/Galvo_22092026/svg_files/ide2.svg
2026-09-24 15:38:08,068 - INFO - Parameters saved for D:/Atharva/Galvo_Scribber/Galvo_22092026/svg_files/ide2.svg
2026-09-24 15:43:22,017 - INFO - Parameters saved for D:/Atharva/Galvo_Scribber/Galvo_22092026/svg_files/ide2.svg
2026-09-24 15:47:42,117 - INFO - Parameters saved for D:/Atharva/Galvo_Scribber/Galvo_22092026/svg_files/ide2.svg
2026-09-24 15:49:14,561 - INFO - Galvo Laser Shutdown
2026-09-24 15:49:14,574 - CRITICAL - Laser 1 : OFF
2026-09-24 15:49:14,574 - CRITICAL - Laser 2 : OFF
2026-09-24 15:49:14,574 - INFO - Stepper Lasers Shutdown
2026-09-24 15:49:14,574 - INFO - COM connection close successfully
2026-09-24 15:49:14,574 - INFO - Main window close successfully
2026-09-24 15:49:14,577 - INFO - ==================================================
2026-09-24 15:49:14,577 - INFO - New session close at 2026-09-24 15:49
2026-09-24 15:49:14,577 - INFO - ==================================================
2026-09-24 15:49:14,631 - DEBUG - Calling CoUninitialize()
2026-09-24 15:49:14,632 - DEBUG - CoUninitialize() done.
2026-09-24 15:49:24,907 - INFO - No OpenGL_accelerate module loaded: No module named 'OpenGL_accelerate'
2026-09-24 15:49:25,126 - DEBUG - CoInitializeEx(None, 2)
2026-09-24 15:49:25,179 - INFO - Imported existing <module 'comtypes.gen' from 'C:\\Users\\EXPSOL\\AppData\\Roaming\\Python\\Python312\\site-packages\\comtypes\\gen\\__init__.py'>
2026-09-24 15:49:25,179 - INFO - Using writeable comtypes cache directory: 'C:\Users\EXPSOL\AppData\Roaming\Python\Python312\site-packages\comtypes\gen'
2026-09-24 15:49:25,187 - DEBUG - GetModule(qedit.dll), resolved: False
2026-09-24 15:49:25,187 - DEBUG - GetModule(TLIBATTR(GUID={78530B68-61F9-11D2-8CAD-00A024580902}, Version=1.0, LCID=0, FLags=0x8))
2026-09-24 15:49:25,207 - DEBUG - Release <POINTER(ITypeLib) ptr=0x19341f6d590 at 19346a3a650>
2026-09-24 15:49:25,207 - DEBUG - GetModule(quartz.dll), resolved: False
2026-09-24 15:49:25,207 - DEBUG - GetModule(TLIBATTR(GUID={56A868B0-0AD4-11CE-B03A-0020AF0BA770}, Version=1.0, LCID=0, FLags=0x8))
2026-09-24 15:49:25,218 - DEBUG - Release <POINTER(ITypeLib) ptr=0x19341f6cd50 at 19346efc4d0>
2026-09-24 15:49:34,296 - INFO - UI load successful
2026-09-24 15:49:48,112 - INFO - File selected : D:/Atharva/Galvo_Scribber/Galvo_22092026/40mm_square.svg
2026-09-24 15:50:03,009 - INFO - Parameters saved for D:/Atharva/Galvo_Scribber/Galvo_22092026/40mm_square.svg
2026-09-24 15:50:08,278 - INFO - Parameters saved for D:/Atharva/Galvo_Scribber/Galvo_22092026/40mm_square.svg
2026-09-24 15:51:12,871 - INFO - Parameters saved for D:/Atharva/Galvo_Scribber/Galvo_22092026/40mm_square.svg
2026-09-24 15:53:28,644 - INFO - Parameters saved for D:/Atharva/Galvo_Scribber/Galvo_22092026/40mm_square.svg
2026-09-24 15:53:36,418 - INFO - Parameters saved for D:/Atharva/Galvo_Scribber/Galvo_22092026/40mm_square.svg
2026-09-24 15:54:35,073 - INFO - Profile : Supervisor
2026-09-24 16:03:26,707 - INFO - Galvo Laser Shutdown
2026-09-24 16:03:26,707 - CRITICAL - Laser 1 : OFF
2026-09-24 16:03:26,707 - CRITICAL - Laser 2 : OFF
2026-09-24 16:03:26,707 - INFO - Stepper Lasers Shutdown
2026-09-24 16:03:26,707 - INFO - COM connection close successfully
2026-09-24 16:03:26,712 - INFO - Main window close successfully
2026-09-24 16:03:26,713 - INFO - ==================================================
2026-09-24 16:03:26,713 - INFO - New session close at 2026-09-24 16:03
2026-09-24 16:03:26,713 - INFO - ==================================================
2026-09-24 16:03:26,754 - DEBUG - Calling CoUninitialize()
2026-09-24 16:03:26,754 - DEBUG - CoUninitialize() done.
2026-09-24 16:03:29,472 - INFO - No OpenGL_accelerate module loaded: No module named 'OpenGL_accelerate'
2026-09-24 16:03:29,710 - DEBUG - CoInitializeEx(None, 2)
2026-09-24 16:03:29,762 - INFO - Imported existing <module 'comtypes.gen' from 'C:\\Users\\EXPSOL\\AppData\\Roaming\\Python\\Python312\\site-packages\\comtypes\\gen\\__init__.py'>
2026-09-24 16:03:29,762 - INFO - Using writeable comtypes cache directory: 'C:\Users\EXPSOL\AppData\Roaming\Python\Python312\site-packages\comtypes\gen'
2026-09-24 16:03:29,773 - DEBUG - GetModule(qedit.dll), resolved: False
2026-09-24 16:03:29,773 - DEBUG - GetModule(TLIBATTR(GUID={78530B68-61F9-11D2-8CAD-00A024580902}, Version=1.0, LCID=0, FLags=0x8))
2026-09-24 16:03:29,789 - DEBUG - Release <POINTER(ITypeLib) ptr=0x238bc76fe30 at 238c101a6d0>
2026-09-24 16:03:29,789 - DEBUG - GetModule(quartz.dll), resolved: False
2026-09-24 16:03:29,789 - DEBUG - GetModule(TLIBATTR(GUID={56A868B0-0AD4-11CE-B03A-0020AF0BA770}, Version=1.0, LCID=0, FLags=0x8))
2026-09-24 16:03:29,805 - DEBUG - Release <POINTER(ITypeLib) ptr=0x238bc76da70 at 238c14dc550>
2026-09-24 16:03:38,877 - INFO - UI load successful
2026-09-24 16:03:49,585 - INFO - File selected : D:/Atharva/Galvo_Scribber/Galvo_22092026/40mm_square.svg
2026-09-24 16:04:04,676 - INFO - Parameters saved for D:/Atharva/Galvo_Scribber/Galvo_22092026/40mm_square.svg
2026-09-24 16:05:31,456 - INFO - Profile : Supervisor
2026-09-24 16:14:00,836 - INFO - Galvo Laser Shutdown
2026-09-24 16:14:00,852 - CRITICAL - Laser 1 : OFF
2026-09-24 16:14:00,852 - CRITICAL - Laser 2 : OFF
2026-09-24 16:14:00,852 - INFO - Stepper Lasers Shutdown
2026-09-24 16:14:00,852 - INFO - COM connection close successfully
2026-09-24 16:14:00,852 - INFO - Main window close successfully
2026-09-24 16:14:00,854 - INFO - ==================================================
2026-09-24 16:14:00,854 - INFO - New session close at 2026-09-24 16:14
2026-09-24 16:14:00,854 - INFO - ==================================================
2026-09-24 16:14:00,884 - DEBUG - Calling CoUninitialize()
2026-09-24 16:14:00,885 - DEBUG - CoUninitialize() done.
2026-09-24 16:14:04,174 - INFO - No OpenGL_accelerate module loaded: No module named 'OpenGL_accelerate'
2026-09-24 16:14:04,379 - DEBUG - CoInitializeEx(None, 2)
2026-09-24 16:14:04,437 - INFO - Imported existing <module 'comtypes.gen' from 'C:\\Users\\EXPSOL\\AppData\\Roaming\\Python\\Python312\\site-packages\\comtypes\\gen\\__init__.py'>
2026-09-24 16:14:04,437 - INFO - Using writeable comtypes cache directory: 'C:\Users\EXPSOL\AppData\Roaming\Python\Python312\site-packages\comtypes\gen'
2026-09-24 16:14:04,443 - DEBUG - GetModule(qedit.dll), resolved: False
2026-09-24 16:14:04,443 - DEBUG - GetModule(TLIBATTR(GUID={78530B68-61F9-11D2-8CAD-00A024580902}, Version=1.0, LCID=0, FLags=0x8))
2026-09-24 16:14:04,463 - DEBUG - Release <POINTER(ITypeLib) ptr=0x1dff0024b50 at 1dff496a850>
2026-09-24 16:14:04,463 - DEBUG - GetModule(quartz.dll), resolved: False
2026-09-24 16:14:04,463 - DEBUG - GetModule(TLIBATTR(GUID={56A868B0-0AD4-11CE-B03A-0020AF0BA770}, Version=1.0, LCID=0, FLags=0x8))
2026-09-24 16:14:04,474 - DEBUG - Release <POINTER(ITypeLib) ptr=0x1dff0024890 at 1dff4e2c6d0>
2026-09-24 16:14:13,559 - INFO - UI load successful
2026-09-24 16:14:26,223 - INFO - Profile : Supervisor
2026-09-24 16:16:07,222 - INFO - Galvo Laser Shutdown
2026-09-24 16:16:07,222 - CRITICAL - Laser 1 : OFF
2026-09-24 16:16:07,222 - CRITICAL - Laser 2 : OFF
2026-09-24 16:16:07,222 - INFO - Stepper Lasers Shutdown
2026-09-24 16:16:07,222 - INFO - COM connection close successfully
2026-09-24 16:16:07,222 - INFO - Main window close successfully
2026-09-24 16:16:07,222 - INFO - ==================================================
2026-09-24 16:16:07,222 - INFO - New session close at 2026-09-24 16:16
2026-09-24 16:16:07,222 - INFO - ==================================================
2026-09-24 16:16:07,242 - DEBUG - Calling CoUninitialize()
2026-09-24 16:16:07,242 - DEBUG - CoUninitialize() done.
2026-09-24 16:25:44,195 - INFO - No OpenGL_accelerate module loaded: No module named 'OpenGL_accelerate'
2026-09-24 16:25:44,400 - DEBUG - CoInitializeEx(None, 2)
2026-09-24 16:25:44,448 - INFO - Imported existing <module 'comtypes.gen' from 'C:\\Users\\EXPSOL\\AppData\\Roaming\\Python\\Python312\\site-packages\\comtypes\\gen\\__init__.py'>
2026-09-24 16:25:44,448 - INFO - Using writeable comtypes cache directory: 'C:\Users\EXPSOL\AppData\Roaming\Python\Python312\site-packages\comtypes\gen'
2026-09-24 16:25:44,448 - DEBUG - GetModule(qedit.dll), resolved: False
2026-09-24 16:25:44,448 - DEBUG - GetModule(TLIBATTR(GUID={78530B68-61F9-11D2-8CAD-00A024580902}, Version=1.0, LCID=0, FLags=0x8))
2026-09-24 16:25:44,464 - DEBUG - Release <POINTER(ITypeLib) ptr=0x2d7fd240410 at 2d781bca850>
2026-09-24 16:25:44,464 - DEBUG - GetModule(quartz.dll), resolved: False
2026-09-24 16:25:44,464 - DEBUG - GetModule(TLIBATTR(GUID={56A868B0-0AD4-11CE-B03A-0020AF0BA770}, Version=1.0, LCID=0, FLags=0x8))
2026-09-24 16:25:44,480 - DEBUG - Release <POINTER(ITypeLib) ptr=0x2d7fd241490 at 2d78206c6d0>
2026-09-24 16:25:53,570 - INFO - UI load successful
2026-09-24 16:26:05,520 - INFO - Profile : Supervisor
2026-09-24 16:35:04,059 - INFO - Galvo Laser Shutdown
2026-09-24 16:35:04,119 - CRITICAL - Laser 1 : OFF
2026-09-24 16:35:04,119 - CRITICAL - Laser 2 : OFF
2026-09-24 16:35:04,119 - INFO - Stepper Lasers Shutdown
2026-09-24 16:35:04,119 - INFO - COM connection close successfully
2026-09-24 16:35:04,120 - INFO - Main window close successfully
2026-09-24 16:35:04,121 - INFO - ==================================================
2026-09-24 16:35:04,121 - INFO - New session close at 2026-09-24 16:35
2026-09-24 16:35:04,121 - INFO - ==================================================
2026-09-24 16:35:04,145 - DEBUG - Calling CoUninitialize()
2026-09-24 16:35:04,145 - DEBUG - CoUninitialize() done.
2026-09-24 16:35:10,253 - INFO - No OpenGL_accelerate module loaded: No module named 'OpenGL_accelerate'
2026-09-24 16:35:10,477 - DEBUG - CoInitializeEx(None, 2)
2026-09-24 16:35:10,530 - INFO - Imported existing <module 'comtypes.gen' from 'C:\\Users\\EXPSOL\\AppData\\Roaming\\Python\\Python312\\site-packages\\comtypes\\gen\\__init__.py'>
2026-09-24 16:35:10,530 - INFO - Using writeable comtypes cache directory: 'C:\Users\EXPSOL\AppData\Roaming\Python\Python312\site-packages\comtypes\gen'
2026-09-24 16:35:10,535 - DEBUG - GetModule(qedit.dll), resolved: False
2026-09-24 16:35:10,539 - DEBUG - GetModule(TLIBATTR(GUID={78530B68-61F9-11D2-8CAD-00A024580902}, Version=1.0, LCID=0, FLags=0x8))
2026-09-24 16:35:10,561 - DEBUG - Release <POINTER(ITypeLib) ptr=0x1d8c0750090 at 1d8c4fca850>
2026-09-24 16:35:10,561 - DEBUG - GetModule(quartz.dll), resolved: False
2026-09-24 16:35:10,562 - DEBUG - GetModule(TLIBATTR(GUID={56A868B0-0AD4-11CE-B03A-0020AF0BA770}, Version=1.0, LCID=0, FLags=0x8))
2026-09-24 16:35:10,566 - DEBUG - Release <POINTER(ITypeLib) ptr=0x1d8c074fdd0 at 1d8c548c6d0>
2026-09-24 16:35:19,675 - INFO - UI load successful
2026-09-24 16:35:26,050 - INFO - Galvo Laser Shutdown
2026-09-24 16:35:26,050 - CRITICAL - Laser 1 : OFF
2026-09-24 16:35:26,050 - CRITICAL - Laser 2 : OFF
2026-09-24 16:35:26,050 - INFO - Stepper Lasers Shutdown
2026-09-24 16:35:26,050 - INFO - COM connection close successfully
2026-09-24 16:35:26,050 - INFO - Main window close successfully
2026-09-24 16:35:26,050 - INFO - ==================================================
2026-09-24 16:35:26,051 - INFO - New session close at 2026-09-24 16:35
2026-09-24 16:35:26,051 - INFO - ==================================================
2026-09-24 16:35:26,065 - DEBUG - Calling CoUninitialize()
2026-09-24 16:35:26,065 - DEBUG - CoUninitialize() done.
2026-09-24 16:35:29,509 - INFO - No OpenGL_accelerate module loaded: No module named 'OpenGL_accelerate'
2026-09-24 16:35:29,695 - DEBUG - CoInitializeEx(None, 2)
2026-09-24 16:35:29,743 - INFO - Imported existing <module 'comtypes.gen' from 'C:\\Users\\EXPSOL\\AppData\\Roaming\\Python\\Python312\\site-packages\\comtypes\\gen\\__init__.py'>
2026-09-24 16:35:29,743 - INFO - Using writeable comtypes cache directory: 'C:\Users\EXPSOL\AppData\Roaming\Python\Python312\site-packages\comtypes\gen'
2026-09-24 16:35:29,759 - DEBUG - GetModule(qedit.dll), resolved: False
2026-09-24 16:35:29,759 - DEBUG - GetModule(TLIBATTR(GUID={78530B68-61F9-11D2-8CAD-00A024580902}, Version=1.0, LCID=0, FLags=0x8))
2026-09-24 16:35:29,775 - DEBUG - Release <POINTER(ITypeLib) ptr=0x22bc74fb3a0 at 22bcbcfa850>
2026-09-24 16:35:29,775 - DEBUG - GetModule(quartz.dll), resolved: False
2026-09-24 16:35:29,775 - DEBUG - GetModule(TLIBATTR(GUID={56A868B0-0AD4-11CE-B03A-0020AF0BA770}, Version=1.0, LCID=0, FLags=0x8))
2026-09-24 16:35:29,791 - DEBUG - Release <POINTER(ITypeLib) ptr=0x22bc74fd760 at 22bcc1bc6d0>
2026-09-24 16:35:38,945 - INFO - UI load successful
2026-09-24 16:35:50,054 - INFO - Profile : Supervisor
2026-09-24 16:37:09,702 - INFO - Galvo Laser Shutdown
2026-09-24 16:37:09,704 - CRITICAL - Laser 1 : OFF
2026-09-24 16:37:09,704 - CRITICAL - Laser 2 : OFF
2026-09-24 16:37:09,704 - INFO - Stepper Lasers Shutdown
2026-09-24 16:37:09,704 - INFO - COM connection close successfully
2026-09-24 16:37:09,704 - INFO - Main window close successfully
2026-09-24 16:37:09,704 - INFO - ==================================================
2026-09-24 16:37:09,704 - INFO - New session close at 2026-09-24 16:37
2026-09-24 16:37:09,704 - INFO - ==================================================
2026-09-24 16:37:09,717 - DEBUG - Calling CoUninitialize()
2026-09-24 16:37:09,717 - DEBUG - CoUninitialize() done.
2026-09-24 16:42:30,813 - INFO - No OpenGL_accelerate module loaded: No module named 'OpenGL_accelerate'
2026-09-24 16:42:31,015 - DEBUG - CoInitializeEx(None, 2)
2026-09-24 16:42:31,065 - INFO - Imported existing <module 'comtypes.gen' from 'C:\\Users\\EXPSOL\\AppData\\Roaming\\Python\\Python312\\site-packages\\comtypes\\gen\\__init__.py'>
2026-09-24 16:42:31,065 - INFO - Using writeable comtypes cache directory: 'C:\Users\EXPSOL\AppData\Roaming\Python\Python312\site-packages\comtypes\gen'
2026-09-24 16:42:31,071 - DEBUG - GetModule(qedit.dll), resolved: False
2026-09-24 16:42:31,071 - DEBUG - GetModule(TLIBATTR(GUID={78530B68-61F9-11D2-8CAD-00A024580902}, Version=1.0, LCID=0, FLags=0x8))
2026-09-24 16:42:31,095 - DEBUG - Release <POINTER(ITypeLib) ptr=0x242683336a0 at 2426ccfa850>
2026-09-24 16:42:31,095 - DEBUG - GetModule(quartz.dll), resolved: False
2026-09-24 16:42:31,095 - DEBUG - GetModule(TLIBATTR(GUID={56A868B0-0AD4-11CE-B03A-0020AF0BA770}, Version=1.0, LCID=0, FLags=0x8))
2026-09-24 16:42:31,103 - DEBUG - Release <POINTER(ITypeLib) ptr=0x242683336a0 at 2426d1b86d0>
2026-09-24 16:42:40,190 - INFO - UI load successful
2026-09-24 16:43:00,747 - INFO - Profile : Supervisor
2026-09-24 16:43:51,363 - INFO - Galvo Laser Shutdown
2026-09-24 16:43:51,363 - CRITICAL - Laser 1 : OFF
2026-09-24 16:43:51,363 - CRITICAL - Laser 2 : OFF
2026-09-24 16:43:51,363 - INFO - Stepper Lasers Shutdown
2026-09-24 16:43:51,363 - INFO - COM connection close successfully
2026-09-24 16:43:51,363 - INFO - Main window close successfully
2026-09-24 16:43:51,363 - INFO - ==================================================
2026-09-24 16:43:51,363 - INFO - New session close at 2026-09-24 16:43
2026-09-24 16:43:51,363 - INFO - ==================================================
2026-09-24 16:43:51,387 - DEBUG - Calling CoUninitialize()
2026-09-24 16:43:51,387 - DEBUG - CoUninitialize() done.
2026-09-24 16:44:52,930 - INFO - No OpenGL_accelerate module loaded: No module named 'OpenGL_accelerate'
2026-09-24 16:44:53,153 - DEBUG - CoInitializeEx(None, 2)
2026-09-24 16:44:53,203 - INFO - Imported existing <module 'comtypes.gen' from 'C:\\Users\\EXPSOL\\AppData\\Roaming\\Python\\Python312\\site-packages\\comtypes\\gen\\__init__.py'>
2026-09-24 16:44:53,203 - INFO - Using writeable comtypes cache directory: 'C:\Users\EXPSOL\AppData\Roaming\Python\Python312\site-packages\comtypes\gen'
2026-09-24 16:44:53,203 - DEBUG - GetModule(qedit.dll), resolved: False
2026-09-24 16:44:53,203 - DEBUG - GetModule(TLIBATTR(GUID={78530B68-61F9-11D2-8CAD-00A024580902}, Version=1.0, LCID=0, FLags=0x8))
2026-09-24 16:44:53,229 - DEBUG - Release <POINTER(ITypeLib) ptr=0x1cee71bde40 at 1ceeb92a850>
2026-09-24 16:44:53,229 - DEBUG - GetModule(quartz.dll), resolved: False
2026-09-24 16:44:53,229 - DEBUG - GetModule(TLIBATTR(GUID={56A868B0-0AD4-11CE-B03A-0020AF0BA770}, Version=1.0, LCID=0, FLags=0x8))
2026-09-24 16:44:53,229 - DEBUG - Release <POINTER(ITypeLib) ptr=0x1cee71bde40 at 1ceebdec6d0>
2026-09-24 16:45:02,314 - INFO - UI load successful
2026-09-24 16:55:37,045 - INFO - Profile : Supervisor
2026-09-24 16:56:04,838 - INFO - File selected : D:/Atharva/Galvo_Scribber/Galvo_22092026/svg_files/Files/Difficult/nReDT-bird-floral-flying-wall-decor-home-decoration.dxf
2026-09-24 16:56:12,725 - INFO - Parameters saved for D:/Atharva/Galvo_Scribber/Galvo_22092026/svg_files/Files/Difficult/nReDT-bird-floral-flying-wall-decor-home-decoration.dxf
2026-09-24 16:56:12,820 - INFO - creating ACAD_COLOR dictionary
2026-09-24 16:56:18,031 - INFO - creating ACAD_COLOR dictionary
2026-09-24 16:57:58,735 - INFO - Galvo Laser Shutdown
2026-09-24 16:57:58,735 - CRITICAL - Laser 1 : OFF
2026-09-24 16:57:58,735 - CRITICAL - Laser 2 : OFF
2026-09-24 16:57:58,735 - INFO - Stepper Lasers Shutdown
2026-09-24 16:57:58,735 - INFO - COM connection close successfully
2026-09-24 16:57:58,735 - INFO - Main window close successfully
2026-09-24 16:57:58,735 - INFO - ==================================================
2026-09-24 16:57:58,735 - INFO - New session close at 2026-09-24 16:57
2026-09-24 16:57:58,735 - INFO - ==================================================
2026-09-24 16:57:58,774 - DEBUG - Calling CoUninitialize()
2026-09-24 16:57:58,775 - DEBUG - CoUninitialize() done.
2026-09-24 16:59:27,181 - INFO - No OpenGL_accelerate module loaded: No module named 'OpenGL_accelerate'
2026-09-24 16:59:27,512 - DEBUG - CoInitializeEx(None, 2)
2026-09-24 16:59:27,583 - INFO - Imported existing <module 'comtypes.gen' from 'C:\\Users\\EXPSOL\\AppData\\Roaming\\Python\\Python312\\site-packages\\comtypes\\gen\\__init__.py'>
2026-09-24 16:59:27,583 - INFO - Using writeable comtypes cache directory: 'C:\Users\EXPSOL\AppData\Roaming\Python\Python312\site-packages\comtypes\gen'
2026-09-24 16:59:27,589 - DEBUG - GetModule(qedit.dll), resolved: False
2026-09-24 16:59:27,589 - DEBUG - GetModule(TLIBATTR(GUID={78530B68-61F9-11D2-8CAD-00A024580902}, Version=1.0, LCID=0, FLags=0x8))
2026-09-24 16:59:27,621 - DEBUG - Release <POINTER(ITypeLib) ptr=0x26c6ecb3670 at 26c73862cd0>
2026-09-24 16:59:27,621 - DEBUG - GetModule(quartz.dll), resolved: False
2026-09-24 16:59:27,624 - DEBUG - GetModule(TLIBATTR(GUID={56A868B0-0AD4-11CE-B03A-0020AF0BA770}, Version=1.0, LCID=0, FLags=0x8))
2026-09-24 16:59:27,624 - DEBUG - Release <POINTER(ITypeLib) ptr=0x26c6ecb30f0 at 26c73d14b50>
2026-09-24 16:59:36,787 - INFO - UI load successful
2026-09-24 16:59:59,254 - INFO - Profile : Supervisor
2026-09-24 17:06:11,002 - INFO - Galvo Laser Shutdown
2026-09-24 17:06:11,002 - CRITICAL - Laser 1 : OFF
2026-09-24 17:06:11,002 - CRITICAL - Laser 2 : OFF
2026-09-24 17:06:11,002 - INFO - Stepper Lasers Shutdown
2026-09-24 17:06:11,002 - INFO - COM connection close successfully
2026-09-24 17:06:11,002 - INFO - Main window close successfully
2026-09-24 17:06:11,002 - INFO - ==================================================
2026-09-24 17:06:11,002 - INFO - New session close at 2026-09-24 17:06
2026-09-24 17:06:11,002 - INFO - ==================================================
2026-09-24 17:06:11,044 - DEBUG - Calling CoUninitialize()
2026-09-24 17:06:11,044 - DEBUG - CoUninitialize() done.
2026-09-24 17:06:31,609 - INFO - No OpenGL_accelerate module loaded: No module named 'OpenGL_accelerate'
2026-09-24 17:06:31,824 - DEBUG - CoInitializeEx(None, 2)
2026-09-24 17:06:31,873 - INFO - Imported existing <module 'comtypes.gen' from 'C:\\Users\\EXPSOL\\AppData\\Roaming\\Python\\Python312\\site-packages\\comtypes\\gen\\__init__.py'>
2026-09-24 17:06:31,873 - INFO - Using writeable comtypes cache directory: 'C:\Users\EXPSOL\AppData\Roaming\Python\Python312\site-packages\comtypes\gen'
2026-09-24 17:06:31,879 - DEBUG - GetModule(qedit.dll), resolved: False
2026-09-24 17:06:31,881 - DEBUG - GetModule(TLIBATTR(GUID={78530B68-61F9-11D2-8CAD-00A024580902}, Version=1.0, LCID=0, FLags=0x8))
2026-09-24 17:06:31,890 - DEBUG - Release <POINTER(ITypeLib) ptr=0x229fb2f7280 at 229ffdc2cd0>
2026-09-24 17:06:31,890 - DEBUG - GetModule(quartz.dll), resolved: False
2026-09-24 17:06:31,890 - DEBUG - GetModule(TLIBATTR(GUID={56A868B0-0AD4-11CE-B03A-0020AF0BA770}, Version=1.0, LCID=0, FLags=0x8))
2026-09-24 17:06:31,906 - DEBUG - Release <POINTER(ITypeLib) ptr=0x229fb2f7280 at 229fff34b50>
2026-09-24 17:06:40,991 - INFO - UI load successful
2026-09-24 17:06:50,715 - INFO - Profile : Supervisor
2026-09-24 17:07:32,808 - INFO - Galvo Laser Shutdown
2026-09-24 17:07:32,808 - CRITICAL - Laser 1 : OFF
2026-09-24 17:07:32,808 - CRITICAL - Laser 2 : OFF
2026-09-24 17:07:32,809 - INFO - Stepper Lasers Shutdown
2026-09-24 17:07:32,809 - INFO - COM connection close successfully
2026-09-24 17:07:32,809 - INFO - Main window close successfully
2026-09-24 17:07:32,809 - INFO - ==================================================
2026-09-24 17:07:32,809 - INFO - New session close at 2026-09-24 17:07
2026-09-24 17:07:32,809 - INFO - ==================================================
2026-09-24 17:07:32,820 - DEBUG - Calling CoUninitialize()
2026-09-24 17:07:32,820 - DEBUG - CoUninitialize() done.
2026-09-24 17:12:08,414 - INFO - No OpenGL_accelerate module loaded: No module named 'OpenGL_accelerate'
2026-09-24 17:12:08,613 - DEBUG - CoInitializeEx(None, 2)
2026-09-24 17:12:08,661 - INFO - Imported existing <module 'comtypes.gen' from 'C:\\Users\\EXPSOL\\AppData\\Roaming\\Python\\Python312\\site-packages\\comtypes\\gen\\__init__.py'>
2026-09-24 17:12:08,661 - INFO - Using writeable comtypes cache directory: 'C:\Users\EXPSOL\AppData\Roaming\Python\Python312\site-packages\comtypes\gen'
2026-09-24 17:12:08,677 - DEBUG - GetModule(qedit.dll), resolved: False
2026-09-24 17:12:08,677 - DEBUG - GetModule(TLIBATTR(GUID={78530B68-61F9-11D2-8CAD-00A024580902}, Version=1.0, LCID=0, FLags=0x8))
2026-09-24 17:12:08,693 - DEBUG - Release <POINTER(ITypeLib) ptr=0x19141355760 at 19145ee2cd0>
2026-09-24 17:12:08,693 - DEBUG - GetModule(quartz.dll), resolved: False
2026-09-24 17:12:08,693 - DEBUG - GetModule(TLIBATTR(GUID={56A868B0-0AD4-11CE-B03A-0020AF0BA770}, Version=1.0, LCID=0, FLags=0x8))
2026-09-24 17:12:08,709 - DEBUG - Release <POINTER(ITypeLib) ptr=0x191413525e0 at 19146394b50>
2026-09-24 17:12:17,772 - INFO - UI load successful
2026-09-24 17:12:28,568 - INFO - Profile : Supervisor
2026-09-24 17:12:55,706 - INFO - File selected : D:/Atharva/Galvo_Scribber/Galvo_22092026/svg_files/Files/Main/MF device 250 micron channel.dxf
2026-09-24 17:13:03,694 - INFO - Parameters saved for D:/Atharva/Galvo_Scribber/Galvo_22092026/svg_files/Files/Main/MF device 250 micron channel.dxf
2026-09-24 17:15:45,518 - INFO - Galvo Laser Shutdown
2026-09-24 17:15:45,518 - CRITICAL - Laser 1 : OFF
2026-09-24 17:15:45,518 - CRITICAL - Laser 2 : OFF
2026-09-24 17:15:45,518 - INFO - Stepper Lasers Shutdown
2026-09-24 17:15:45,518 - INFO - COM connection close successfully
2026-09-24 17:15:45,518 - INFO - Main window close successfully
2026-09-24 17:15:45,518 - INFO - ==================================================
2026-09-24 17:15:45,518 - INFO - New session close at 2026-09-24 17:15
2026-09-24 17:15:45,518 - INFO - ==================================================
2026-09-24 17:15:45,532 - DEBUG - Calling CoUninitialize()
2026-09-24 17:15:45,532 - DEBUG - CoUninitialize() done.
2026-09-24 17:15:52,260 - INFO - No OpenGL_accelerate module loaded: No module named 'OpenGL_accelerate'
2026-09-24 17:15:52,468 - DEBUG - CoInitializeEx(None, 2)
2026-09-24 17:15:52,513 - INFO - Imported existing <module 'comtypes.gen' from 'C:\\Users\\EXPSOL\\AppData\\Roaming\\Python\\Python312\\site-packages\\comtypes\\gen\\__init__.py'>
2026-09-24 17:15:52,513 - INFO - Using writeable comtypes cache directory: 'C:\Users\EXPSOL\AppData\Roaming\Python\Python312\site-packages\comtypes\gen'
2026-09-24 17:15:52,522 - DEBUG - GetModule(qedit.dll), resolved: False
2026-09-24 17:15:52,524 - DEBUG - GetModule(TLIBATTR(GUID={78530B68-61F9-11D2-8CAD-00A024580902}, Version=1.0, LCID=0, FLags=0x8))
2026-09-24 17:15:52,545 - DEBUG - Release <POINTER(ITypeLib) ptr=0x1665b7fdd30 at 166600b2f50>
2026-09-24 17:15:52,547 - DEBUG - GetModule(quartz.dll), resolved: False
2026-09-24 17:15:52,547 - DEBUG - GetModule(TLIBATTR(GUID={56A868B0-0AD4-11CE-B03A-0020AF0BA770}, Version=1.0, LCID=0, FLags=0x8))
2026-09-24 17:15:52,553 - DEBUG - Release <POINTER(ITypeLib) ptr=0x1665b7fccb0 at 16660568dd0>
2026-09-24 17:16:01,609 - INFO - UI load successful
2026-09-24 17:16:13,506 - INFO - Profile : Supervisor
2026-09-24 17:18:05,645 - INFO - >> Hardware Trigger: DI1 (Start) Pressed!
2026-09-24 17:18:05,647 - INFO - >> Hardware Trigger: DI2 (Abort) Pressed!
2026-09-24 17:18:05,695 - INFO - >> Hardware Trigger: DI1 (Start) Not Pressed!
2026-09-24 17:18:05,697 - INFO - >> Hardware Trigger: DI2 (Abort) Not Pressed!
2026-09-24 17:18:30,721 - INFO - Galvo Laser Shutdown
2026-09-24 17:18:30,726 - CRITICAL - Laser 1 : OFF
2026-09-24 17:18:30,728 - CRITICAL - Laser 2 : OFF
2026-09-24 17:18:30,728 - INFO - Stepper Lasers Shutdown
2026-09-24 17:18:30,728 - INFO - COM connection close successfully
2026-09-24 17:18:30,729 - INFO - Main window close successfully
2026-09-24 17:18:30,730 - INFO - ==================================================
2026-09-24 17:18:30,730 - INFO - New session close at 2026-09-24 17:18
2026-09-24 17:18:30,730 - INFO - ==================================================
2026-09-24 17:18:30,811 - DEBUG - Calling CoUninitialize()
2026-09-24 17:18:30,813 - DEBUG - CoUninitialize() done.
2026-09-24 17:20:30,898 - INFO - No OpenGL_accelerate module loaded: No module named 'OpenGL_accelerate'
2026-09-24 17:20:31,103 - DEBUG - CoInitializeEx(None, 2)
2026-09-24 17:20:31,152 - INFO - Imported existing <module 'comtypes.gen' from 'C:\\Users\\EXPSOL\\AppData\\Roaming\\Python\\Python312\\site-packages\\comtypes\\gen\\__init__.py'>
2026-09-24 17:20:31,152 - INFO - Using writeable comtypes cache directory: 'C:\Users\EXPSOL\AppData\Roaming\Python\Python312\site-packages\comtypes\gen'
2026-09-24 17:20:31,158 - DEBUG - GetModule(qedit.dll), resolved: False
2026-09-24 17:20:31,158 - DEBUG - GetModule(TLIBATTR(GUID={78530B68-61F9-11D2-8CAD-00A024580902}, Version=1.0, LCID=0, FLags=0x8))
2026-09-24 17:20:31,180 - DEBUG - Release <POINTER(ITypeLib) ptr=0x167723a6d60 at 16776bf2ed0>
2026-09-24 17:20:31,180 - DEBUG - GetModule(quartz.dll), resolved: False
2026-09-24 17:20:31,182 - DEBUG - GetModule(TLIBATTR(GUID={56A868B0-0AD4-11CE-B03A-0020AF0BA770}, Version=1.0, LCID=0, FLags=0x8))
2026-09-24 17:20:31,182 - DEBUG - Release <POINTER(ITypeLib) ptr=0x167723a96a0 at 167770a4d50>
2026-09-24 17:20:40,290 - INFO - UI load successful
2026-09-24 17:20:53,914 - INFO - Profile : Supervisor
2026-09-24 17:21:31,877 - INFO - Galvo Laser Shutdown
2026-09-24 17:21:31,877 - CRITICAL - Laser 1 : OFF
2026-09-24 17:21:31,877 - CRITICAL - Laser 2 : OFF
2026-09-24 17:21:31,877 - INFO - Stepper Lasers Shutdown
2026-09-24 17:21:31,877 - INFO - COM connection close successfully
2026-09-24 17:21:31,877 - INFO - Main window close successfully
2026-09-24 17:21:31,877 - INFO - ==================================================
2026-09-24 17:21:31,877 - INFO - New session close at 2026-09-24 17:21
2026-09-24 17:21:31,877 - INFO - ==================================================
2026-09-24 17:21:31,895 - DEBUG - Calling CoUninitialize()
2026-09-24 17:21:31,895 - DEBUG - CoUninitialize() done.
2026-09-24 17:26:03,850 - INFO - No OpenGL_accelerate module loaded: No module named 'OpenGL_accelerate'
2026-09-24 17:26:04,063 - DEBUG - CoInitializeEx(None, 2)
2026-09-24 17:26:04,108 - INFO - Imported existing <module 'comtypes.gen' from 'C:\\Users\\EXPSOL\\AppData\\Roaming\\Python\\Python312\\site-packages\\comtypes\\gen\\__init__.py'>
2026-09-24 17:26:04,108 - INFO - Using writeable comtypes cache directory: 'C:\Users\EXPSOL\AppData\Roaming\Python\Python312\site-packages\comtypes\gen'
2026-09-24 17:26:04,108 - DEBUG - GetModule(qedit.dll), resolved: False
2026-09-24 17:26:04,108 - DEBUG - GetModule(TLIBATTR(GUID={78530B68-61F9-11D2-8CAD-00A024580902}, Version=1.0, LCID=0, FLags=0x8))
2026-09-24 17:26:04,139 - DEBUG - Release <POINTER(ITypeLib) ptr=0x202a84459f0 at 202a96e2fd0>
2026-09-24 17:26:04,139 - DEBUG - GetModule(quartz.dll), resolved: False
2026-09-24 17:26:04,139 - DEBUG - GetModule(TLIBATTR(GUID={56A868B0-0AD4-11CE-B03A-0020AF0BA770}, Version=1.0, LCID=0, FLags=0x8))
2026-09-24 17:26:04,139 - DEBUG - Release <POINTER(ITypeLib) ptr=0x202a8445f70 at 202a9b98e50>
2026-09-24 17:26:13,391 - INFO - UI load successful
2026-09-24 17:26:53,283 - INFO - Profile : Supervisor
2026-09-24 17:32:21,253 - INFO - Galvo Laser Shutdown
2026-09-24 17:32:21,253 - CRITICAL - Laser 1 : OFF
2026-09-24 17:32:21,253 - CRITICAL - Laser 2 : OFF
2026-09-24 17:32:21,253 - INFO - Stepper Lasers Shutdown
2026-09-24 17:32:21,253 - INFO - COM connection close successfully
2026-09-24 17:32:21,253 - INFO - Main window close successfully
2026-09-24 17:32:21,253 - INFO - ==================================================
2026-09-24 17:32:21,253 - INFO - New session close at 2026-09-24 17:32
2026-09-24 17:32:21,253 - INFO - ==================================================
2026-09-24 17:32:21,285 - DEBUG - Calling CoUninitialize()
2026-09-24 17:32:21,285 - DEBUG - CoUninitialize() done.
2026-09-24 17:32:38,893 - INFO - No OpenGL_accelerate module loaded: No module named 'OpenGL_accelerate'
2026-09-24 17:32:39,094 - DEBUG - CoInitializeEx(None, 2)
2026-09-24 17:32:39,141 - INFO - Imported existing <module 'comtypes.gen' from 'C:\\Users\\EXPSOL\\AppData\\Roaming\\Python\\Python312\\site-packages\\comtypes\\gen\\__init__.py'>
2026-09-24 17:32:39,141 - INFO - Using writeable comtypes cache directory: 'C:\Users\EXPSOL\AppData\Roaming\Python\Python312\site-packages\comtypes\gen'
2026-09-24 17:32:39,141 - DEBUG - GetModule(qedit.dll), resolved: False
2026-09-24 17:32:39,141 - DEBUG - GetModule(TLIBATTR(GUID={78530B68-61F9-11D2-8CAD-00A024580902}, Version=1.0, LCID=0, FLags=0x8))
2026-09-24 17:32:39,173 - DEBUG - Release <POINTER(ITypeLib) ptr=0x1726b5ce4d0 at 17270092fd0>
2026-09-24 17:32:39,173 - DEBUG - GetModule(quartz.dll), resolved: False
2026-09-24 17:32:39,173 - DEBUG - GetModule(TLIBATTR(GUID={56A868B0-0AD4-11CE-B03A-0020AF0BA770}, Version=1.0, LCID=0, FLags=0x8))
2026-09-24 17:32:39,173 - DEBUG - Release <POINTER(ITypeLib) ptr=0x1726b5cefd0 at 17270548e50>
2026-09-24 17:32:48,269 - INFO - UI load successful
2026-09-24 17:33:01,333 - INFO - Profile : Supervisor
2026-09-24 17:33:49,506 - INFO - Galvo Laser Shutdown
2026-09-24 17:33:49,506 - CRITICAL - Laser 1 : OFF
2026-09-24 17:33:49,506 - CRITICAL - Laser 2 : OFF
2026-09-24 17:33:49,506 - INFO - Stepper Lasers Shutdown
2026-09-24 17:33:49,506 - INFO - COM connection close successfully
2026-09-24 17:33:49,506 - INFO - Main window close successfully
2026-09-24 17:33:49,506 - INFO - ==================================================
2026-09-24 17:33:49,519 - INFO - New session close at 2026-09-24 17:33
2026-09-24 17:33:49,519 - INFO - ==================================================
2026-09-24 17:33:49,533 - DEBUG - Calling CoUninitialize()
2026-09-24 17:33:49,533 - DEBUG - CoUninitialize() done.
2026-09-24 17:36:25,769 - INFO - No OpenGL_accelerate module loaded: No module named 'OpenGL_accelerate'
2026-09-24 17:36:25,974 - DEBUG - CoInitializeEx(None, 2)
2026-09-24 17:36:26,021 - INFO - Imported existing <module 'comtypes.gen' from 'C:\\Users\\EXPSOL\\AppData\\Roaming\\Python\\Python312\\site-packages\\comtypes\\gen\\__init__.py'>
2026-09-24 17:36:26,021 - INFO - Using writeable comtypes cache directory: 'C:\Users\EXPSOL\AppData\Roaming\Python\Python312\site-packages\comtypes\gen'
2026-09-24 17:36:26,022 - DEBUG - GetModule(qedit.dll), resolved: False
2026-09-24 17:36:26,022 - DEBUG - GetModule(TLIBATTR(GUID={78530B68-61F9-11D2-8CAD-00A024580902}, Version=1.0, LCID=0, FLags=0x8))
2026-09-24 17:36:26,038 - DEBUG - Release <POINTER(ITypeLib) ptr=0x27a6be1cb00 at 27a70542fd0>
2026-09-24 17:36:26,038 - DEBUG - GetModule(quartz.dll), resolved: False
2026-09-24 17:36:26,038 - DEBUG - GetModule(TLIBATTR(GUID={56A868B0-0AD4-11CE-B03A-0020AF0BA770}, Version=1.0, LCID=0, FLags=0x8))
2026-09-24 17:36:26,053 - DEBUG - Release <POINTER(ITypeLib) ptr=0x27a6be1c580 at 27a709f8e50>
2026-09-24 17:36:35,132 - INFO - UI load successful
2026-09-24 17:36:48,686 - INFO - Profile : Supervisor
2026-09-24 17:41:30,259 - INFO - Galvo Laser Shutdown
2026-09-24 17:41:30,259 - CRITICAL - Laser 1 : OFF
2026-09-24 17:41:30,259 - CRITICAL - Laser 2 : OFF
2026-09-24 17:41:30,259 - INFO - Stepper Lasers Shutdown
2026-09-24 17:41:30,259 - INFO - COM connection close successfully
2026-09-24 17:41:30,259 - INFO - Main window close successfully
2026-09-24 17:41:30,259 - INFO - ==================================================
2026-09-24 17:41:30,259 - INFO - New session close at 2026-09-24 17:41
2026-09-24 17:41:30,259 - INFO - ==================================================
2026-09-24 17:41:30,277 - DEBUG - Calling CoUninitialize()
2026-09-24 17:41:30,277 - DEBUG - CoUninitialize() done.
2026-09-24 17:41:35,134 - INFO - No OpenGL_accelerate module loaded: No module named 'OpenGL_accelerate'
2026-09-24 17:41:35,343 - DEBUG - CoInitializeEx(None, 2)
2026-09-24 17:41:35,375 - INFO - Imported existing <module 'comtypes.gen' from 'C:\\Users\\EXPSOL\\AppData\\Roaming\\Python\\Python312\\site-packages\\comtypes\\gen\\__init__.py'>
2026-09-24 17:41:35,375 - INFO - Using writeable comtypes cache directory: 'C:\Users\EXPSOL\AppData\Roaming\Python\Python312\site-packages\comtypes\gen'
2026-09-24 17:41:35,391 - DEBUG - GetModule(qedit.dll), resolved: False
2026-09-24 17:41:35,391 - DEBUG - GetModule(TLIBATTR(GUID={78530B68-61F9-11D2-8CAD-00A024580902}, Version=1.0, LCID=0, FLags=0x8))
2026-09-24 17:41:35,414 - DEBUG - Release <POINTER(ITypeLib) ptr=0x1bab869eed0 at 1babcfc2d50>
2026-09-24 17:41:35,414 - DEBUG - GetModule(quartz.dll), resolved: False
2026-09-24 17:41:35,414 - DEBUG - GetModule(TLIBATTR(GUID={56A868B0-0AD4-11CE-B03A-0020AF0BA770}, Version=1.0, LCID=0, FLags=0x8))
2026-09-24 17:41:35,423 - DEBUG - Release <POINTER(ITypeLib) ptr=0x1bab869de50 at 1babd474bd0>
2026-09-24 17:41:44,498 - INFO - UI load successful
2026-09-24 17:43:11,643 - INFO - Profile : Supervisor
2026-09-24 17:44:25,867 - INFO - Galvo Laser Shutdown
2026-09-24 17:44:25,867 - CRITICAL - Laser 1 : OFF
2026-09-24 17:44:25,867 - CRITICAL - Laser 2 : OFF
2026-09-24 17:44:25,867 - INFO - Stepper Lasers Shutdown
2026-09-24 17:44:25,867 - INFO - COM connection close successfully
2026-09-24 17:44:25,867 - INFO - Main window close successfully
2026-09-24 17:44:25,867 - INFO - ==================================================
2026-09-24 17:44:25,867 - INFO - New session close at 2026-09-24 17:44
2026-09-24 17:44:25,867 - INFO - ==================================================
2026-09-24 17:44:25,889 - DEBUG - Calling CoUninitialize()
2026-09-24 17:44:25,893 - DEBUG - CoUninitialize() done.
2026-09-24 17:47:58,947 - INFO - No OpenGL_accelerate module loaded: No module named 'OpenGL_accelerate'
2026-09-24 17:47:59,172 - DEBUG - CoInitializeEx(None, 2)
2026-09-24 17:47:59,222 - INFO - Imported existing <module 'comtypes.gen' from 'C:\\Users\\EXPSOL\\AppData\\Roaming\\Python\\Python312\\site-packages\\comtypes\\gen\\__init__.py'>
2026-09-24 17:47:59,222 - INFO - Using writeable comtypes cache directory: 'C:\Users\EXPSOL\AppData\Roaming\Python\Python312\site-packages\comtypes\gen'
2026-09-24 17:47:59,228 - DEBUG - GetModule(qedit.dll), resolved: False
2026-09-24 17:47:59,229 - DEBUG - GetModule(TLIBATTR(GUID={78530B68-61F9-11D2-8CAD-00A024580902}, Version=1.0, LCID=0, FLags=0x8))
2026-09-24 17:47:59,253 - DEBUG - Release <POINTER(ITypeLib) ptr=0x186d0f09dd0 at 186d57a2f50>
2026-09-24 17:47:59,254 - DEBUG - GetModule(quartz.dll), resolved: False
2026-09-24 17:47:59,254 - DEBUG - GetModule(TLIBATTR(GUID={56A868B0-0AD4-11CE-B03A-0020AF0BA770}, Version=1.0, LCID=0, FLags=0x8))
2026-09-24 17:47:59,262 - DEBUG - Release <POINTER(ITypeLib) ptr=0x186d0f09dd0 at 186d5c58dd0>
2026-09-24 17:48:08,365 - INFO - UI load successful
2026-09-24 17:48:28,723 - INFO - Profile : Supervisor
2026-09-24 17:48:59,459 - INFO - Galvo Laser Shutdown
2026-09-24 17:48:59,461 - CRITICAL - Laser 1 : OFF
2026-09-24 17:48:59,461 - CRITICAL - Laser 2 : OFF
2026-09-24 17:48:59,461 - INFO - Stepper Lasers Shutdown
2026-09-24 17:48:59,461 - INFO - COM connection close successfully
2026-09-24 17:48:59,461 - INFO - Main window close successfully
2026-09-24 17:48:59,461 - INFO - ==================================================
2026-09-24 17:48:59,461 - INFO - New session close at 2026-09-24 17:48
2026-09-24 17:48:59,461 - INFO - ==================================================
2026-09-24 17:48:59,461 - DEBUG - Calling CoUninitialize()
2026-09-24 17:48:59,461 - DEBUG - CoUninitialize() done.
2026-09-24 17:53:41,867 - INFO - No OpenGL_accelerate module loaded: No module named 'OpenGL_accelerate'
2026-09-24 17:53:42,086 - DEBUG - CoInitializeEx(None, 2)
2026-09-24 17:53:42,138 - INFO - Imported existing <module 'comtypes.gen' from 'C:\\Users\\EXPSOL\\AppData\\Roaming\\Python\\Python312\\site-packages\\comtypes\\gen\\__init__.py'>
2026-09-24 17:53:42,138 - INFO - Using writeable comtypes cache directory: 'C:\Users\EXPSOL\AppData\Roaming\Python\Python312\site-packages\comtypes\gen'
2026-09-24 17:53:42,138 - DEBUG - GetModule(qedit.dll), resolved: False
2026-09-24 17:53:42,138 - DEBUG - GetModule(TLIBATTR(GUID={78530B68-61F9-11D2-8CAD-00A024580902}, Version=1.0, LCID=0, FLags=0x8))
2026-09-24 17:53:42,166 - DEBUG - Release <POINTER(ITypeLib) ptr=0x1736a49f4f0 at 1736ed32ed0>
2026-09-24 17:53:42,166 - DEBUG - GetModule(quartz.dll), resolved: False
2026-09-24 17:53:42,166 - DEBUG - GetModule(TLIBATTR(GUID={56A868B0-0AD4-11CE-B03A-0020AF0BA770}, Version=1.0, LCID=0, FLags=0x8))
2026-09-24 17:53:42,166 - DEBUG - Release <POINTER(ITypeLib) ptr=0x1736a49d970 at 1736f1e8d50>
2026-09-24 17:53:51,259 - INFO - UI load successful
2026-09-24 17:54:03,744 - INFO - File selected : D:/Atharva/Galvo_Scribber/Galvo_22092026/svg_files/Files/Main/MF device 250 micron channel.dxf
2026-09-24 17:54:05,986 - INFO - Parameters saved for D:/Atharva/Galvo_Scribber/Galvo_22092026/svg_files/Files/Main/MF device 250 micron channel.dxf
2026-09-24 17:59:21,152 - INFO - Galvo Laser Shutdown
2026-09-24 17:59:21,158 - CRITICAL - Laser 1 : OFF
2026-09-24 17:59:21,158 - CRITICAL - Laser 2 : OFF
2026-09-24 17:59:21,158 - INFO - Stepper Lasers Shutdown
2026-09-24 17:59:21,158 - INFO - COM connection close successfully
2026-09-24 17:59:21,158 - INFO - Main window close successfully
2026-09-24 17:59:21,160 - INFO - ==================================================
2026-09-24 17:59:21,160 - INFO - New session close at 2026-09-24 17:59
2026-09-24 17:59:21,160 - INFO - ==================================================
2026-09-24 17:59:21,192 - DEBUG - Calling CoUninitialize()
2026-09-24 17:59:21,193 - DEBUG - CoUninitialize() done.
2026-09-24 17:59:40,863 - INFO - No OpenGL_accelerate module loaded: No module named 'OpenGL_accelerate'
2026-09-24 17:59:41,155 - DEBUG - CoInitializeEx(None, 2)
2026-09-24 17:59:41,222 - INFO - Imported existing <module 'comtypes.gen' from 'C:\\Users\\EXPSOL\\AppData\\Roaming\\Python\\Python312\\site-packages\\comtypes\\gen\\__init__.py'>
2026-09-24 17:59:41,223 - INFO - Using writeable comtypes cache directory: 'C:\Users\EXPSOL\AppData\Roaming\Python\Python312\site-packages\comtypes\gen'
2026-09-24 17:59:41,232 - DEBUG - GetModule(qedit.dll), resolved: False
2026-09-24 17:59:41,234 - DEBUG - GetModule(TLIBATTR(GUID={78530B68-61F9-11D2-8CAD-00A024580902}, Version=1.0, LCID=0, FLags=0x8))
2026-09-24 17:59:41,260 - DEBUG - Release <POINTER(ITypeLib) ptr=0x2f085187040 at 2f086342fd0>
2026-09-24 17:59:41,260 - DEBUG - GetModule(quartz.dll), resolved: False
2026-09-24 17:59:41,262 - DEBUG - GetModule(TLIBATTR(GUID={56A868B0-0AD4-11CE-B03A-0020AF0BA770}, Version=1.0, LCID=0, FLags=0x8))
2026-09-24 17:59:41,271 - DEBUG - Release <POINTER(ITypeLib) ptr=0x2f085184c80 at 2f0867f8e50>
2026-09-24 17:59:50,364 - INFO - UI load successful
2026-09-24 18:00:00,838 - INFO - Profile : Supervisor
2026-09-24 18:00:13,711 - INFO - File selected : D:/Atharva/Galvo_Scribber/Galvo_22092026/svg_files/Files/Main/MF device 250 micron channel.dxf
2026-09-24 18:00:15,402 - INFO - Parameters saved for D:/Atharva/Galvo_Scribber/Galvo_22092026/svg_files/Files/Main/MF device 250 micron channel.dxf
2026-09-24 18:03:22,891 - INFO - Galvo Laser Shutdown
2026-09-24 18:03:22,892 - CRITICAL - Laser 1 : OFF
2026-09-24 18:03:22,892 - CRITICAL - Laser 2 : OFF
2026-09-24 18:03:22,892 - INFO - Stepper Lasers Shutdown
2026-09-24 18:03:22,892 - INFO - COM connection close successfully
2026-09-24 18:03:22,892 - INFO - Main window close successfully
2026-09-24 18:03:22,893 - INFO - ==================================================
2026-09-24 18:03:22,893 - INFO - New session close at 2026-09-24 18:03
2026-09-24 18:03:22,893 - INFO - ==================================================
2026-09-24 18:03:22,910 - DEBUG - Calling CoUninitialize()
2026-09-24 18:03:22,910 - DEBUG - CoUninitialize() done.
2026-09-25 10:07:13,362 - INFO - No OpenGL_accelerate module loaded: No module named 'OpenGL_accelerate'
2026-09-25 10:07:15,259 - DEBUG - CoInitializeEx(None, 2)
2026-09-25 10:07:15,606 - INFO - Imported existing <module 'comtypes.gen' from 'C:\\Users\\EXPSOL\\AppData\\Roaming\\Python\\Python312\\site-packages\\comtypes\\gen\\__init__.py'>
2026-09-25 10:07:15,606 - INFO - Using writeable comtypes cache directory: 'C:\Users\EXPSOL\AppData\Roaming\Python\Python312\site-packages\comtypes\gen'
2026-09-25 10:07:15,644 - DEBUG - GetModule(qedit.dll), resolved: False
2026-09-25 10:07:15,644 - DEBUG - GetModule(TLIBATTR(GUID={78530B68-61F9-11D2-8CAD-00A024580902}, Version=1.0, LCID=0, FLags=0x8))
2026-09-25 10:07:15,708 - DEBUG - Release <POINTER(ITypeLib) ptr=0x121dd470b30 at 121e1d7efd0>
2026-09-25 10:07:15,710 - DEBUG - GetModule(quartz.dll), resolved: False
2026-09-25 10:07:15,714 - DEBUG - GetModule(TLIBATTR(GUID={56A868B0-0AD4-11CE-B03A-0020AF0BA770}, Version=1.0, LCID=0, FLags=0x8))
2026-09-25 10:07:15,730 - DEBUG - Release <POINTER(ITypeLib) ptr=0x121dd472130 at 121e2238e50>
2026-09-25 10:07:26,253 - INFO - UI load successful
2026-09-25 10:12:26,274 - INFO - No OpenGL_accelerate module loaded: No module named 'OpenGL_accelerate'
2026-09-25 10:12:26,614 - DEBUG - CoInitializeEx(None, 2)
2026-09-25 10:12:26,661 - INFO - Imported existing <module 'comtypes.gen' from 'C:\\Users\\EXPSOL\\AppData\\Roaming\\Python\\Python312\\site-packages\\comtypes\\gen\\__init__.py'>
2026-09-25 10:12:26,661 - INFO - Using writeable comtypes cache directory: 'C:\Users\EXPSOL\AppData\Roaming\Python\Python312\site-packages\comtypes\gen'
2026-09-25 10:12:26,672 - DEBUG - GetModule(qedit.dll), resolved: False
2026-09-25 10:12:26,672 - DEBUG - GetModule(TLIBATTR(GUID={78530B68-61F9-11D2-8CAD-00A024580902}, Version=1.0, LCID=0, FLags=0x8))
2026-09-25 10:12:26,693 - DEBUG - Release <POINTER(ITypeLib) ptr=0x16eabc199b0 at 16eb041af50>
2026-09-25 10:12:26,705 - DEBUG - GetModule(quartz.dll), resolved: False
2026-09-25 10:12:26,706 - DEBUG - GetModule(TLIBATTR(GUID={56A868B0-0AD4-11CE-B03A-0020AF0BA770}, Version=1.0, LCID=0, FLags=0x8))
2026-09-25 10:12:26,709 - DEBUG - Release <POINTER(ITypeLib) ptr=0x16eabc17070 at 16eb08d8dd0>
2026-09-25 10:12:29,608 - INFO - >> Hardware Trigger: DI1 (Start) Pressed!
2026-09-25 10:12:29,611 - INFO - >> Hardware Trigger: DI2 (Abort) Pressed!
2026-09-25 10:12:29,711 - INFO - >> Hardware Trigger: DI1 (Start) Not Pressed!
2026-09-25 10:12:29,712 - INFO - >> Hardware Trigger: DI2 (Abort) Not Pressed!
2026-09-25 10:12:35,779 - INFO - UI load successful
2026-09-25 10:19:12,140 - INFO - Galvo Laser Shutdown
2026-09-25 10:19:12,153 - CRITICAL - Laser 1 : OFF
2026-09-25 10:19:12,153 - CRITICAL - Laser 2 : OFF
2026-09-25 10:19:12,153 - INFO - Stepper Lasers Shutdown
2026-09-25 10:19:12,153 - INFO - COM connection close successfully
2026-09-25 10:19:12,153 - INFO - Main window close successfully
2026-09-25 10:19:12,156 - INFO - ==================================================
2026-09-25 10:19:12,156 - INFO - New session close at 2026-09-25 10:19
2026-09-25 10:19:12,156 - INFO - ==================================================
2026-09-25 10:19:12,202 - DEBUG - Calling CoUninitialize()
2026-09-25 10:19:12,202 - DEBUG - CoUninitialize() done.
2026-09-25 10:19:17,501 - INFO - No OpenGL_accelerate module loaded: No module named 'OpenGL_accelerate'
2026-09-25 10:19:17,773 - DEBUG - CoInitializeEx(None, 2)
2026-09-25 10:19:17,829 - INFO - Imported existing <module 'comtypes.gen' from 'C:\\Users\\EXPSOL\\AppData\\Roaming\\Python\\Python312\\site-packages\\comtypes\\gen\\__init__.py'>
2026-09-25 10:19:17,829 - INFO - Using writeable comtypes cache directory: 'C:\Users\EXPSOL\AppData\Roaming\Python\Python312\site-packages\comtypes\gen'
2026-09-25 10:19:17,838 - DEBUG - GetModule(qedit.dll), resolved: False
2026-09-25 10:19:17,839 - DEBUG - GetModule(TLIBATTR(GUID={78530B68-61F9-11D2-8CAD-00A024580902}, Version=1.0, LCID=0, FLags=0x8))
2026-09-25 10:19:17,867 - DEBUG - Release <POINTER(ITypeLib) ptr=0x1c1509ce9c0 at 1c1552ff150>
2026-09-25 10:19:17,868 - DEBUG - GetModule(quartz.dll), resolved: False
2026-09-25 10:19:17,869 - DEBUG - GetModule(TLIBATTR(GUID={56A868B0-0AD4-11CE-B03A-0020AF0BA770}, Version=1.0, LCID=0, FLags=0x8))
2026-09-25 10:19:17,877 - DEBUG - Release <POINTER(ITypeLib) ptr=0x1c1509cf4c0 at 1c1557b8fd0>
2026-09-25 10:19:20,818 - INFO - >> Hardware Trigger: DI1 (Start) Pressed!
2026-09-25 10:19:20,824 - INFO - >> Hardware Trigger: DI2 (Abort) Pressed!
2026-09-25 10:19:20,903 - INFO - >> Hardware Trigger: DI1 (Start) Not Pressed!
2026-09-25 10:19:20,904 - INFO - >> Hardware Trigger: DI2 (Abort) Not Pressed!
2026-09-25 10:19:26,985 - INFO - UI load successful
2026-09-25 10:22:20,233 - INFO - Galvo Laser Shutdown
2026-09-25 10:22:20,234 - CRITICAL - Laser 1 : OFF
2026-09-25 10:22:20,234 - CRITICAL - Laser 2 : OFF
2026-09-25 10:22:20,234 - INFO - Stepper Lasers Shutdown
2026-09-25 10:22:20,234 - INFO - COM connection close successfully
2026-09-25 10:22:20,234 - INFO - Main window close successfully
2026-09-25 10:22:20,236 - INFO - ==================================================
2026-09-25 10:22:20,236 - INFO - New session close at 2026-09-25 10:22
2026-09-25 10:22:20,236 - INFO - ==================================================
2026-09-25 10:22:37,766 - INFO - No OpenGL_accelerate module loaded: No module named 'OpenGL_accelerate'
2026-09-25 10:22:37,999 - DEBUG - CoInitializeEx(None, 2)
2026-09-25 10:22:38,049 - INFO - Imported existing <module 'comtypes.gen' from 'C:\\Users\\EXPSOL\\AppData\\Roaming\\Python\\Python312\\site-packages\\comtypes\\gen\\__init__.py'>
2026-09-25 10:22:38,049 - INFO - Using writeable comtypes cache directory: 'C:\Users\EXPSOL\AppData\Roaming\Python\Python312\site-packages\comtypes\gen'
2026-09-25 10:22:38,056 - DEBUG - GetModule(qedit.dll), resolved: False
2026-09-25 10:22:38,056 - DEBUG - GetModule(TLIBATTR(GUID={78530B68-61F9-11D2-8CAD-00A024580902}, Version=1.0, LCID=0, FLags=0x8))
2026-09-25 10:22:38,079 - DEBUG - Release <POINTER(ITypeLib) ptr=0x20511d219b0 at 2051649f150>
2026-09-25 10:22:38,079 - DEBUG - GetModule(quartz.dll), resolved: False
2026-09-25 10:22:38,081 - DEBUG - GetModule(TLIBATTR(GUID={56A868B0-0AD4-11CE-B03A-0020AF0BA770}, Version=1.0, LCID=0, FLags=0x8))
2026-09-25 10:22:38,089 - DEBUG - Release <POINTER(ITypeLib) ptr=0x20511d219b0 at 20516958fd0>
2026-09-25 10:22:41,019 - INFO - >> Hardware Trigger: DI1 (Start) Pressed!
2026-09-25 10:22:41,019 - INFO - >> Hardware Trigger: DI2 (Abort) Pressed!
2026-09-25 10:22:41,120 - INFO - >> Hardware Trigger: DI1 (Start) Not Pressed!
2026-09-25 10:22:41,120 - INFO - >> Hardware Trigger: DI2 (Abort) Not Pressed!
2026-09-25 10:22:47,198 - INFO - UI load successful
2026-09-25 10:27:45,920 - INFO - No OpenGL_accelerate module loaded: No module named 'OpenGL_accelerate'
2026-09-25 10:27:46,129 - DEBUG - CoInitializeEx(None, 2)
2026-09-25 10:27:46,185 - INFO - Imported existing <module 'comtypes.gen' from 'C:\\Users\\EXPSOL\\AppData\\Roaming\\Python\\Python312\\site-packages\\comtypes\\gen\\__init__.py'>
2026-09-25 10:27:46,185 - INFO - Using writeable comtypes cache directory: 'C:\Users\EXPSOL\AppData\Roaming\Python\Python312\site-packages\comtypes\gen'
2026-09-25 10:27:46,192 - DEBUG - GetModule(qedit.dll), resolved: False
2026-09-25 10:27:46,192 - DEBUG - GetModule(TLIBATTR(GUID={78530B68-61F9-11D2-8CAD-00A024580902}, Version=1.0, LCID=0, FLags=0x8))
2026-09-25 10:27:46,203 - DEBUG - Release <POINTER(ITypeLib) ptr=0x219d9258dd0 at 219dda5f150>
2026-09-25 10:27:46,203 - DEBUG - GetModule(quartz.dll), resolved: False
2026-09-25 10:27:46,203 - DEBUG - GetModule(TLIBATTR(GUID={56A868B0-0AD4-11CE-B03A-0020AF0BA770}, Version=1.0, LCID=0, FLags=0x8))
2026-09-25 10:27:46,219 - DEBUG - Release <POINTER(ITypeLib) ptr=0x219d9258b10 at 219ddf18fd0>
2026-09-25 10:27:49,159 - INFO - >> Hardware Trigger: DI1 (Start) Pressed!
2026-09-25 10:27:49,159 - INFO - >> Hardware Trigger: DI2 (Abort) Pressed!
2026-09-25 10:27:49,228 - INFO - >> Hardware Trigger: DI1 (Start) Not Pressed!
2026-09-25 10:27:49,228 - INFO - >> Hardware Trigger: DI2 (Abort) Not Pressed!
2026-09-25 10:27:55,273 - INFO - UI load successful
2026-09-25 10:28:44,746 - INFO - Galvo Laser Shutdown
2026-09-25 10:28:44,746 - CRITICAL - Laser 1 : OFF
2026-09-25 10:28:44,746 - CRITICAL - Laser 2 : OFF
2026-09-25 10:28:44,746 - INFO - Stepper Lasers Shutdown
2026-09-25 10:28:44,746 - INFO - COM connection close successfully
2026-09-25 10:28:44,746 - INFO - Main window close successfully
2026-09-25 10:28:44,746 - INFO - ==================================================
2026-09-25 10:28:44,746 - INFO - New session close at 2026-09-25 10:28
2026-09-25 10:28:44,746 - INFO - ==================================================
2026-09-25 10:28:44,766 - DEBUG - Calling CoUninitialize()
2026-09-25 10:28:44,767 - DEBUG - CoUninitialize() done.
2026-09-25 10:28:53,373 - INFO - No OpenGL_accelerate module loaded: No module named 'OpenGL_accelerate'
2026-09-25 10:28:53,610 - DEBUG - CoInitializeEx(None, 2)
2026-09-25 10:28:53,664 - INFO - Imported existing <module 'comtypes.gen' from 'C:\\Users\\EXPSOL\\AppData\\Roaming\\Python\\Python312\\site-packages\\comtypes\\gen\\__init__.py'>
2026-09-25 10:28:53,664 - INFO - Using writeable comtypes cache directory: 'C:\Users\EXPSOL\AppData\Roaming\Python\Python312\site-packages\comtypes\gen'
2026-09-25 10:28:53,676 - DEBUG - GetModule(qedit.dll), resolved: False
2026-09-25 10:28:53,676 - DEBUG - GetModule(TLIBATTR(GUID={78530B68-61F9-11D2-8CAD-00A024580902}, Version=1.0, LCID=0, FLags=0x8))
2026-09-25 10:28:53,694 - DEBUG - Release <POINTER(ITypeLib) ptr=0x24a613218f0 at 24a65bcf150>
2026-09-25 10:28:53,694 - DEBUG - GetModule(quartz.dll), resolved: False
2026-09-25 10:28:53,694 - DEBUG - GetModule(TLIBATTR(GUID={56A868B0-0AD4-11CE-B03A-0020AF0BA770}, Version=1.0, LCID=0, FLags=0x8))
2026-09-25 10:28:53,710 - DEBUG - Release <POINTER(ITypeLib) ptr=0x24a61323f70 at 24a66088fd0>
2026-09-25 10:28:56,593 - INFO - >> Hardware Trigger: DI1 (Start) Pressed!
2026-09-25 10:28:56,593 - INFO - >> Hardware Trigger: DI2 (Abort) Pressed!
2026-09-25 10:28:56,691 - INFO - >> Hardware Trigger: DI1 (Start) Not Pressed!
2026-09-25 10:28:56,691 - INFO - >> Hardware Trigger: DI2 (Abort) Not Pressed!
2026-09-25 10:29:02,834 - INFO - UI load successful
2026-09-25 10:34:11,727 - INFO - No OpenGL_accelerate module loaded: No module named 'OpenGL_accelerate'
2026-09-25 10:34:11,945 - DEBUG - CoInitializeEx(None, 2)
2026-09-25 10:34:12,003 - INFO - Imported existing <module 'comtypes.gen' from 'C:\\Users\\EXPSOL\\AppData\\Roaming\\Python\\Python312\\site-packages\\comtypes\\gen\\__init__.py'>
2026-09-25 10:34:12,003 - INFO - Using writeable comtypes cache directory: 'C:\Users\EXPSOL\AppData\Roaming\Python\Python312\site-packages\comtypes\gen'
2026-09-25 10:34:12,008 - DEBUG - GetModule(qedit.dll), resolved: False
2026-09-25 10:34:12,008 - DEBUG - GetModule(TLIBATTR(GUID={78530B68-61F9-11D2-8CAD-00A024580902}, Version=1.0, LCID=0, FLags=0x8))
2026-09-25 10:34:12,024 - DEBUG - Release <POINTER(ITypeLib) ptr=0x261977def40 at 2619c05f150>
2026-09-25 10:34:12,024 - DEBUG - GetModule(quartz.dll), resolved: False
2026-09-25 10:34:12,024 - DEBUG - GetModule(TLIBATTR(GUID={56A868B0-0AD4-11CE-B03A-0020AF0BA770}, Version=1.0, LCID=0, FLags=0x8))
2026-09-25 10:34:12,040 - DEBUG - Release <POINTER(ITypeLib) ptr=0x261977def40 at 2619c518fd0>
2026-09-25 10:34:14,961 - INFO - >> Hardware Trigger: DI1 (Start) Pressed!
2026-09-25 10:34:14,965 - INFO - >> Hardware Trigger: DI2 (Abort) Pressed!
2026-09-25 10:34:15,029 - INFO - >> Hardware Trigger: DI1 (Start) Not Pressed!
2026-09-25 10:34:15,029 - INFO - >> Hardware Trigger: DI2 (Abort) Not Pressed!
2026-09-25 10:34:21,156 - INFO - UI load successful
2026-09-25 10:34:59,049 - INFO - Galvo Laser Shutdown
2026-09-25 10:34:59,049 - CRITICAL - Laser 1 : OFF
2026-09-25 10:34:59,049 - CRITICAL - Laser 2 : OFF
2026-09-25 10:34:59,049 - INFO - Stepper Lasers Shutdown
2026-09-25 10:34:59,049 - INFO - COM connection close successfully
2026-09-25 10:34:59,049 - INFO - Main window close successfully
2026-09-25 10:34:59,049 - INFO - ==================================================
2026-09-25 10:34:59,049 - INFO - New session close at 2026-09-25 10:34
2026-09-25 10:34:59,049 - INFO - ==================================================
2026-09-25 10:34:59,070 - DEBUG - Calling CoUninitialize()
2026-09-25 10:34:59,070 - DEBUG - CoUninitialize() done.
2026-09-25 10:35:07,399 - INFO - No OpenGL_accelerate module loaded: No module named 'OpenGL_accelerate'
2026-09-25 10:35:07,595 - DEBUG - CoInitializeEx(None, 2)
2026-09-25 10:35:07,648 - INFO - Imported existing <module 'comtypes.gen' from 'C:\\Users\\EXPSOL\\AppData\\Roaming\\Python\\Python312\\site-packages\\comtypes\\gen\\__init__.py'>
2026-09-25 10:35:07,648 - INFO - Using writeable comtypes cache directory: 'C:\Users\EXPSOL\AppData\Roaming\Python\Python312\site-packages\comtypes\gen'
2026-09-25 10:35:07,648 - DEBUG - GetModule(qedit.dll), resolved: False
2026-09-25 10:35:07,648 - DEBUG - GetModule(TLIBATTR(GUID={78530B68-61F9-11D2-8CAD-00A024580902}, Version=1.0, LCID=0, FLags=0x8))
2026-09-25 10:35:07,675 - DEBUG - Release <POINTER(ITypeLib) ptr=0x1dfe0149ca0 at 1dfe4a5f150>
2026-09-25 10:35:07,675 - DEBUG - GetModule(quartz.dll), resolved: False
2026-09-25 10:35:07,675 - DEBUG - GetModule(TLIBATTR(GUID={56A868B0-0AD4-11CE-B03A-0020AF0BA770}, Version=1.0, LCID=0, FLags=0x8))
2026-09-25 10:35:07,675 - DEBUG - Release <POINTER(ITypeLib) ptr=0x1dfe014afe0 at 1dfe4f18fd0>
2026-09-25 10:35:10,574 - INFO - >> Hardware Trigger: DI1 (Start) Pressed!
2026-09-25 10:35:10,574 - INFO - >> Hardware Trigger: DI2 (Abort) Pressed!
2026-09-25 10:35:10,667 - INFO - >> Hardware Trigger: DI1 (Start) Not Pressed!
2026-09-25 10:35:10,668 - INFO - >> Hardware Trigger: DI2 (Abort) Not Pressed!
2026-09-25 10:35:16,765 - INFO - UI load successful
2026-09-25 10:35:53,612 - INFO - Galvo Laser Shutdown
2026-09-25 10:35:53,612 - CRITICAL - Laser 1 : OFF
2026-09-25 10:35:53,612 - CRITICAL - Laser 2 : OFF
2026-09-25 10:35:53,612 - INFO - Stepper Lasers Shutdown
2026-09-25 10:35:53,612 - INFO - COM connection close successfully
2026-09-25 10:35:53,612 - INFO - Main window close successfully
2026-09-25 10:35:53,612 - INFO - ==================================================
2026-09-25 10:35:53,612 - INFO - New session close at 2026-09-25 10:35
2026-09-25 10:35:53,612 - INFO - ==================================================
2026-09-25 10:35:53,624 - DEBUG - Calling CoUninitialize()
2026-09-25 10:35:53,624 - DEBUG - CoUninitialize() done.
2026-09-25 10:35:55,251 - INFO - >> Hardware Trigger: DI1 (Start) Pressed!
2026-09-25 10:35:55,330 - INFO - >> Hardware Trigger: DI1 (Start) Not Pressed!
2026-09-25 10:36:03,230 - INFO - No OpenGL_accelerate module loaded: No module named 'OpenGL_accelerate'
2026-09-25 10:36:03,450 - DEBUG - CoInitializeEx(None, 2)
2026-09-25 10:36:03,498 - INFO - Imported existing <module 'comtypes.gen' from 'C:\\Users\\EXPSOL\\AppData\\Roaming\\Python\\Python312\\site-packages\\comtypes\\gen\\__init__.py'>
2026-09-25 10:36:03,514 - INFO - Using writeable comtypes cache directory: 'C:\Users\EXPSOL\AppData\Roaming\Python\Python312\site-packages\comtypes\gen'
2026-09-25 10:36:03,514 - DEBUG - GetModule(qedit.dll), resolved: False
2026-09-25 10:36:03,514 - DEBUG - GetModule(TLIBATTR(GUID={78530B68-61F9-11D2-8CAD-00A024580902}, Version=1.0, LCID=0, FLags=0x8))
2026-09-25 10:36:03,545 - DEBUG - Release <POINTER(ITypeLib) ptr=0x1bb394cf630 at 1bb3dd8f150>
2026-09-25 10:36:03,545 - DEBUG - GetModule(quartz.dll), resolved: False
2026-09-25 10:36:03,547 - DEBUG - GetModule(TLIBATTR(GUID={56A868B0-0AD4-11CE-B03A-0020AF0BA770}, Version=1.0, LCID=0, FLags=0x8))
2026-09-25 10:36:03,554 - DEBUG - Release <POINTER(ITypeLib) ptr=0x1bb394ce870 at 1bb3e248fd0>
2026-09-25 10:36:06,437 - INFO - >> Hardware Trigger: DI1 (Start) Pressed!
2026-09-25 10:36:06,437 - INFO - >> Hardware Trigger: DI2 (Abort) Pressed!
2026-09-25 10:36:06,505 - INFO - >> Hardware Trigger: DI1 (Start) Not Pressed!
2026-09-25 10:36:06,505 - INFO - >> Hardware Trigger: DI2 (Abort) Not Pressed!
2026-09-25 10:36:12,605 - INFO - UI load successful
2026-09-25 10:48:15,793 - INFO - No OpenGL_accelerate module loaded: No module named 'OpenGL_accelerate'
2026-09-25 10:48:16,090 - DEBUG - CoInitializeEx(None, 2)
2026-09-25 10:48:16,167 - INFO - Imported existing <module 'comtypes.gen' from 'C:\\Users\\EXPSOL\\AppData\\Roaming\\Python\\Python312\\site-packages\\comtypes\\gen\\__init__.py'>
2026-09-25 10:48:16,167 - INFO - Using writeable comtypes cache directory: 'C:\Users\EXPSOL\AppData\Roaming\Python\Python312\site-packages\comtypes\gen'
2026-09-25 10:48:16,167 - DEBUG - GetModule(qedit.dll), resolved: False
2026-09-25 10:48:16,167 - DEBUG - GetModule(TLIBATTR(GUID={78530B68-61F9-11D2-8CAD-00A024580902}, Version=1.0, LCID=0, FLags=0x8))
2026-09-25 10:48:16,198 - DEBUG - Release <POINTER(ITypeLib) ptr=0x235479b8390 at 2354c2e30d0>
2026-09-25 10:48:16,198 - DEBUG - GetModule(quartz.dll), resolved: False
2026-09-25 10:48:16,198 - DEBUG - GetModule(TLIBATTR(GUID={56A868B0-0AD4-11CE-B03A-0020AF0BA770}, Version=1.0, LCID=0, FLags=0x8))
2026-09-25 10:48:16,215 - DEBUG - Release <POINTER(ITypeLib) ptr=0x235479ba1d0 at 2354c798f50>
2026-09-25 10:48:25,555 - INFO - UI load successful
2026-09-25 10:49:35,782 - INFO - Galvo Laser Shutdown
2026-09-25 10:49:35,782 - CRITICAL - Laser 1 : OFF
2026-09-25 10:49:35,782 - CRITICAL - Laser 2 : OFF
2026-09-25 10:49:35,782 - INFO - Stepper Lasers Shutdown
2026-09-25 10:49:35,782 - INFO - COM connection close successfully
2026-09-25 10:49:35,782 - INFO - Main window close successfully
2026-09-25 10:49:35,782 - INFO - ==================================================
2026-09-25 10:49:35,782 - INFO - New session close at 2026-09-25 10:49
2026-09-25 10:49:35,782 - INFO - ==================================================
2026-09-25 10:49:35,805 - DEBUG - Calling CoUninitialize()
2026-09-25 10:49:35,805 - DEBUG - CoUninitialize() done.
2026-09-25 10:52:49,740 - INFO - No OpenGL_accelerate module loaded: No module named 'OpenGL_accelerate'
2026-09-25 10:52:49,957 - DEBUG - CoInitializeEx(None, 2)
2026-09-25 10:52:50,023 - INFO - Imported existing <module 'comtypes.gen' from 'C:\\Users\\EXPSOL\\AppData\\Roaming\\Python\\Python312\\site-packages\\comtypes\\gen\\__init__.py'>
2026-09-25 10:52:50,023 - INFO - Using writeable comtypes cache directory: 'C:\Users\EXPSOL\AppData\Roaming\Python\Python312\site-packages\comtypes\gen'
2026-09-25 10:52:50,030 - DEBUG - GetModule(qedit.dll), resolved: False
2026-09-25 10:52:50,030 - DEBUG - GetModule(TLIBATTR(GUID={78530B68-61F9-11D2-8CAD-00A024580902}, Version=1.0, LCID=0, FLags=0x8))
2026-09-25 10:52:50,055 - DEBUG - Release <POINTER(ITypeLib) ptr=0x21e407ff2a0 at 21e449b3050>
2026-09-25 10:52:50,055 - DEBUG - GetModule(quartz.dll), resolved: False
2026-09-25 10:52:50,056 - DEBUG - GetModule(TLIBATTR(GUID={56A868B0-0AD4-11CE-B03A-0020AF0BA770}, Version=1.0, LCID=0, FLags=0x8))
2026-09-25 10:52:50,063 - DEBUG - Release <POINTER(ITypeLib) ptr=0x21e407ff560 at 21e44e68ed0>
2026-09-25 10:52:59,135 - INFO - UI load successful
2026-09-25 10:53:51,585 - INFO - Profile : Supervisor
2026-09-25 10:55:13,382 - INFO - Galvo Laser Shutdown
2026-09-25 10:55:13,382 - CRITICAL - Laser 1 : OFF
2026-09-25 10:55:13,382 - CRITICAL - Laser 2 : OFF
2026-09-25 10:55:13,382 - INFO - Stepper Lasers Shutdown
2026-09-25 10:55:13,382 - INFO - COM connection close successfully
2026-09-25 10:55:13,382 - INFO - Main window close successfully
2026-09-25 10:55:13,382 - INFO - ==================================================
2026-09-25 10:55:13,382 - INFO - New session close at 2026-09-25 10:55
2026-09-25 10:55:13,382 - INFO - ==================================================
2026-09-25 10:55:13,382 - DEBUG - Calling CoUninitialize()
2026-09-25 10:55:13,382 - DEBUG - CoUninitialize() done.
2026-09-25 10:55:28,515 - INFO - No OpenGL_accelerate module loaded: No module named 'OpenGL_accelerate'
2026-09-25 10:55:28,697 - DEBUG - CoInitializeEx(None, 2)
2026-09-25 10:55:28,745 - INFO - Imported existing <module 'comtypes.gen' from 'C:\\Users\\EXPSOL\\AppData\\Roaming\\Python\\Python312\\site-packages\\comtypes\\gen\\__init__.py'>
2026-09-25 10:55:28,745 - INFO - Using writeable comtypes cache directory: 'C:\Users\EXPSOL\AppData\Roaming\Python\Python312\site-packages\comtypes\gen'
2026-09-25 10:55:28,761 - DEBUG - GetModule(qedit.dll), resolved: False
2026-09-25 10:55:28,761 - DEBUG - GetModule(TLIBATTR(GUID={78530B68-61F9-11D2-8CAD-00A024580902}, Version=1.0, LCID=0, FLags=0x8))
2026-09-25 10:55:28,777 - DEBUG - Release <POINTER(ITypeLib) ptr=0x140292c2830 at 1402d9f3050>
2026-09-25 10:55:28,777 - DEBUG - GetModule(quartz.dll), resolved: False
2026-09-25 10:55:28,777 - DEBUG - GetModule(TLIBATTR(GUID={56A868B0-0AD4-11CE-B03A-0020AF0BA770}, Version=1.0, LCID=0, FLags=0x8))
2026-09-25 10:55:28,793 - DEBUG - Release <POINTER(ITypeLib) ptr=0x140292c17b0 at 1402dea8ed0>
2026-09-25 10:55:37,862 - INFO - UI load successful
2026-09-25 10:57:31,347 - INFO - Galvo Laser Shutdown
2026-09-25 10:57:31,347 - CRITICAL - Laser 1 : OFF
2026-09-25 10:57:31,347 - CRITICAL - Laser 2 : OFF
2026-09-25 10:57:31,347 - INFO - Stepper Lasers Shutdown
2026-09-25 10:57:31,347 - INFO - COM connection close successfully
2026-09-25 10:57:31,347 - INFO - Main window close successfully
2026-09-25 10:57:31,347 - INFO - ==================================================
2026-09-25 10:57:31,347 - INFO - New session close at 2026-09-25 10:57
2026-09-25 10:57:31,347 - INFO - ==================================================
2026-09-25 10:57:31,373 - DEBUG - Calling CoUninitialize()
2026-09-25 10:57:31,374 - DEBUG - CoUninitialize() done.
2026-09-25 10:57:34,562 - INFO - No OpenGL_accelerate module loaded: No module named 'OpenGL_accelerate'
2026-09-25 10:57:34,750 - DEBUG - CoInitializeEx(None, 2)
2026-09-25 10:57:34,797 - INFO - Imported existing <module 'comtypes.gen' from 'C:\\Users\\EXPSOL\\AppData\\Roaming\\Python\\Python312\\site-packages\\comtypes\\gen\\__init__.py'>
2026-09-25 10:57:34,797 - INFO - Using writeable comtypes cache directory: 'C:\Users\EXPSOL\AppData\Roaming\Python\Python312\site-packages\comtypes\gen'
2026-09-25 10:57:34,797 - DEBUG - GetModule(qedit.dll), resolved: False
2026-09-25 10:57:34,797 - DEBUG - GetModule(TLIBATTR(GUID={78530B68-61F9-11D2-8CAD-00A024580902}, Version=1.0, LCID=0, FLags=0x8))
2026-09-25 10:57:34,829 - DEBUG - Release <POINTER(ITypeLib) ptr=0x2137fb3fbb0 at 21303e23050>
2026-09-25 10:57:34,829 - DEBUG - GetModule(quartz.dll), resolved: False
2026-09-25 10:57:34,829 - DEBUG - GetModule(TLIBATTR(GUID={56A868B0-0AD4-11CE-B03A-0020AF0BA770}, Version=1.0, LCID=0, FLags=0x8))
2026-09-25 10:57:34,829 - DEBUG - Release <POINTER(ITypeLib) ptr=0x2137fb403f0 at 213042d8ed0>
2026-09-25 10:57:43,904 - INFO - UI load successful
2026-09-25 11:00:20,104 - INFO - Galvo Laser Shutdown
2026-09-25 11:00:20,104 - CRITICAL - Laser 1 : OFF
2026-09-25 11:00:20,104 - CRITICAL - Laser 2 : OFF
2026-09-25 11:00:20,104 - INFO - Stepper Lasers Shutdown
2026-09-25 11:00:20,104 - INFO - COM connection close successfully
2026-09-25 11:00:20,104 - INFO - Main window close successfully
2026-09-25 11:00:20,104 - INFO - ==================================================
2026-09-25 11:00:20,104 - INFO - New session close at 2026-09-25 11:00
2026-09-25 11:00:20,104 - INFO - ==================================================
2026-09-25 11:00:20,124 - DEBUG - Calling CoUninitialize()
2026-09-25 11:00:20,124 - DEBUG - CoUninitialize() done.
2026-09-25 11:00:25,195 - INFO - No OpenGL_accelerate module loaded: No module named 'OpenGL_accelerate'
2026-09-25 11:00:25,390 - DEBUG - CoInitializeEx(None, 2)
2026-09-25 11:00:25,421 - INFO - Imported existing <module 'comtypes.gen' from 'C:\\Users\\EXPSOL\\AppData\\Roaming\\Python\\Python312\\site-packages\\comtypes\\gen\\__init__.py'>
2026-09-25 11:00:25,421 - INFO - Using writeable comtypes cache directory: 'C:\Users\EXPSOL\AppData\Roaming\Python\Python312\site-packages\comtypes\gen'
2026-09-25 11:00:25,437 - DEBUG - GetModule(qedit.dll), resolved: False
2026-09-25 11:00:25,437 - DEBUG - GetModule(TLIBATTR(GUID={78530B68-61F9-11D2-8CAD-00A024580902}, Version=1.0, LCID=0, FLags=0x8))
2026-09-25 11:00:25,460 - DEBUG - Release <POINTER(ITypeLib) ptr=0x29563153dd0 at 29567a23050>
2026-09-25 11:00:25,460 - DEBUG - GetModule(quartz.dll), resolved: False
2026-09-25 11:00:25,460 - DEBUG - GetModule(TLIBATTR(GUID={56A868B0-0AD4-11CE-B03A-0020AF0BA770}, Version=1.0, LCID=0, FLags=0x8))
2026-09-25 11:00:25,460 - DEBUG - Release <POINTER(ITypeLib) ptr=0x29563154090 at 29567ed8ed0>
2026-09-25 11:00:34,545 - INFO - UI load successful
2026-09-25 11:03:34,500 - INFO - Galvo Laser Shutdown
2026-09-25 11:03:34,500 - CRITICAL - Laser 1 : OFF
2026-09-25 11:03:34,500 - CRITICAL - Laser 2 : OFF
2026-09-25 11:03:34,500 - INFO - Stepper Lasers Shutdown
2026-09-25 11:03:34,500 - INFO - COM connection close successfully
2026-09-25 11:03:34,500 - INFO - Main window close successfully
2026-09-25 11:03:34,500 - INFO - ==================================================
2026-09-25 11:03:34,500 - INFO - New session close at 2026-09-25 11:03
2026-09-25 11:03:34,500 - INFO - ==================================================
2026-09-25 11:03:34,520 - DEBUG - Calling CoUninitialize()
2026-09-25 11:03:34,520 - DEBUG - CoUninitialize() done.
2026-09-25 11:07:41,574 - INFO - No OpenGL_accelerate module loaded: No module named 'OpenGL_accelerate'
2026-09-25 11:07:41,789 - DEBUG - CoInitializeEx(None, 2)
2026-09-25 11:07:41,840 - INFO - Imported existing <module 'comtypes.gen' from 'C:\\Users\\EXPSOL\\AppData\\Roaming\\Python\\Python312\\site-packages\\comtypes\\gen\\__init__.py'>
2026-09-25 11:07:41,840 - INFO - Using writeable comtypes cache directory: 'C:\Users\EXPSOL\AppData\Roaming\Python\Python312\site-packages\comtypes\gen'
2026-09-25 11:07:41,844 - DEBUG - GetModule(qedit.dll), resolved: False
2026-09-25 11:07:41,847 - DEBUG - GetModule(TLIBATTR(GUID={78530B68-61F9-11D2-8CAD-00A024580902}, Version=1.0, LCID=0, FLags=0x8))
2026-09-25 11:07:41,871 - DEBUG - Release <POINTER(ITypeLib) ptr=0x28d96a52b90 at 28d9b263050>
2026-09-25 11:07:41,871 - DEBUG - GetModule(quartz.dll), resolved: False
2026-09-25 11:07:41,873 - DEBUG - GetModule(TLIBATTR(GUID={56A868B0-0AD4-11CE-B03A-0020AF0BA770}, Version=1.0, LCID=0, FLags=0x8))
2026-09-25 11:07:41,880 - DEBUG - Release <POINTER(ITypeLib) ptr=0x28d96a54f50 at 28d9b718ed0>
2026-09-25 11:07:50,996 - INFO - UI load successful
2026-09-25 11:10:23,541 - INFO - Profile : Supervisor
2026-09-25 11:17:11,995 - INFO - Galvo Laser Shutdown
2026-09-25 11:17:11,995 - CRITICAL - Laser 1 : OFF
2026-09-25 11:17:11,995 - CRITICAL - Laser 2 : OFF
2026-09-25 11:17:11,995 - INFO - Stepper Lasers Shutdown
2026-09-25 11:17:11,995 - INFO - COM connection close successfully
2026-09-25 11:17:11,995 - INFO - Main window close successfully
2026-09-25 11:17:11,995 - INFO - ==================================================
2026-09-25 11:17:11,995 - INFO - New session close at 2026-09-25 11:17
2026-09-25 11:17:11,995 - INFO - ==================================================
2026-09-25 11:17:12,037 - DEBUG - Calling CoUninitialize()
2026-09-25 11:17:12,037 - DEBUG - CoUninitialize() done.
2026-09-25 11:17:16,352 - INFO - No OpenGL_accelerate module loaded: No module named 'OpenGL_accelerate'
2026-09-25 11:17:16,558 - DEBUG - CoInitializeEx(None, 2)
2026-09-25 11:17:16,603 - INFO - Imported existing <module 'comtypes.gen' from 'C:\\Users\\EXPSOL\\AppData\\Roaming\\Python\\Python312\\site-packages\\comtypes\\gen\\__init__.py'>
2026-09-25 11:17:16,603 - INFO - Using writeable comtypes cache directory: 'C:\Users\EXPSOL\AppData\Roaming\Python\Python312\site-packages\comtypes\gen'
2026-09-25 11:17:16,603 - DEBUG - GetModule(qedit.dll), resolved: False
2026-09-25 11:17:16,603 - DEBUG - GetModule(TLIBATTR(GUID={78530B68-61F9-11D2-8CAD-00A024580902}, Version=1.0, LCID=0, FLags=0x8))
2026-09-25 11:17:16,637 - DEBUG - Release <POINTER(ITypeLib) ptr=0x22634e11950 at 2263970b3d0>
2026-09-25 11:17:16,637 - DEBUG - GetModule(quartz.dll), resolved: False
2026-09-25 11:17:16,637 - DEBUG - GetModule(TLIBATTR(GUID={56A868B0-0AD4-11CE-B03A-0020AF0BA770}, Version=1.0, LCID=0, FLags=0x8))
2026-09-25 11:17:16,637 - DEBUG - Release <POINTER(ITypeLib) ptr=0x22634e0f850 at 22639bb5250>
2026-09-25 11:17:25,718 - INFO - UI load successful
2026-09-25 12:52:14,645 - INFO - Galvo Laser Shutdown
2026-09-25 12:52:14,659 - CRITICAL - Laser 1 : OFF
2026-09-25 12:52:14,660 - CRITICAL - Laser 2 : OFF
2026-09-25 12:52:14,660 - INFO - Stepper Lasers Shutdown
2026-09-25 12:52:14,660 - INFO - COM connection close successfully
2026-09-25 12:52:14,661 - INFO - Main window close successfully
2026-09-25 12:52:14,661 - INFO - ==================================================
2026-09-25 12:52:14,661 - INFO - New session close at 2026-09-25 12:52
2026-09-25 12:52:14,661 - INFO - ==================================================
2026-09-25 12:52:14,707 - DEBUG - Calling CoUninitialize()
2026-09-25 12:52:14,707 - DEBUG - CoUninitialize() done.
2026-09-25 12:52:24,242 - INFO - No OpenGL_accelerate module loaded: No module named 'OpenGL_accelerate'
2026-09-25 12:52:26,006 - DEBUG - CoInitializeEx(None, 2)
2026-09-25 12:52:26,323 - INFO - Imported existing <module 'comtypes.gen' from 'C:\\Users\\EXPSOL\\AppData\\Roaming\\Python\\Python312\\site-packages\\comtypes\\gen\\__init__.py'>
2026-09-25 12:52:26,323 - INFO - Using writeable comtypes cache directory: 'C:\Users\EXPSOL\AppData\Roaming\Python\Python312\site-packages\comtypes\gen'
2026-09-25 12:52:26,367 - DEBUG - GetModule(qedit.dll), resolved: False
2026-09-25 12:52:26,367 - DEBUG - GetModule(TLIBATTR(GUID={78530B68-61F9-11D2-8CAD-00A024580902}, Version=1.0, LCID=0, FLags=0x8))
2026-09-25 12:52:26,423 - DEBUG - Release <POINTER(ITypeLib) ptr=0x223f50ab800 at 223f62ab8d0>
2026-09-25 12:52:26,423 - DEBUG - GetModule(quartz.dll), resolved: False
2026-09-25 12:52:26,425 - DEBUG - GetModule(TLIBATTR(GUID={56A868B0-0AD4-11CE-B03A-0020AF0BA770}, Version=1.0, LCID=0, FLags=0x8))
2026-09-25 12:52:26,438 - DEBUG - Release <POINTER(ITypeLib) ptr=0x223f50a9700 at 223f6751750>
2026-09-25 12:52:35,955 - INFO - UI load successful
2026-09-25 12:53:10,745 - INFO - Galvo Laser Shutdown
2026-09-25 12:53:10,745 - CRITICAL - Laser 1 : OFF
2026-09-25 12:53:10,745 - CRITICAL - Laser 2 : OFF
2026-09-25 12:53:10,745 - INFO - Stepper Lasers Shutdown
2026-09-25 12:53:10,745 - INFO - COM connection close successfully
2026-09-25 12:53:10,745 - INFO - Main window close successfully
2026-09-25 12:53:10,745 - INFO - ==================================================
2026-09-25 12:53:10,745 - INFO - New session close at 2026-09-25 12:53
2026-09-25 12:53:10,745 - INFO - ==================================================
2026-09-25 12:53:10,768 - DEBUG - Calling CoUninitialize()
2026-09-25 12:53:10,768 - DEBUG - CoUninitialize() done.
2026-09-25 12:53:26,750 - INFO - No OpenGL_accelerate module loaded: No module named 'OpenGL_accelerate'
2026-09-25 12:53:26,960 - DEBUG - CoInitializeEx(None, 2)
2026-09-25 12:53:27,006 - INFO - Imported existing <module 'comtypes.gen' from 'C:\\Users\\EXPSOL\\AppData\\Roaming\\Python\\Python312\\site-packages\\comtypes\\gen\\__init__.py'>
2026-09-25 12:53:27,006 - INFO - Using writeable comtypes cache directory: 'C:\Users\EXPSOL\AppData\Roaming\Python\Python312\site-packages\comtypes\gen'
2026-09-25 12:53:27,014 - DEBUG - GetModule(qedit.dll), resolved: False
2026-09-25 12:53:27,014 - DEBUG - GetModule(TLIBATTR(GUID={78530B68-61F9-11D2-8CAD-00A024580902}, Version=1.0, LCID=0, FLags=0x8))
2026-09-25 12:53:27,037 - DEBUG - Release <POINTER(ITypeLib) ptr=0x244212ab840 at 24425b3b650>
2026-09-25 12:53:27,039 - DEBUG - GetModule(quartz.dll), resolved: False
2026-09-25 12:53:27,039 - DEBUG - GetModule(TLIBATTR(GUID={56A868B0-0AD4-11CE-B03A-0020AF0BA770}, Version=1.0, LCID=0, FLags=0x8))
2026-09-25 12:53:27,045 - DEBUG - Release <POINTER(ITypeLib) ptr=0x244212ae180 at 24425fe94d0>
2026-09-25 12:53:36,120 - INFO - UI load successful
2026-09-25 12:53:54,665 - INFO - Profile : Supervisor
2026-09-25 12:55:32,253 - INFO - Galvo Laser Shutdown
2026-09-25 12:55:32,253 - CRITICAL - Laser 1 : OFF
2026-09-25 12:55:32,253 - CRITICAL - Laser 2 : OFF
2026-09-25 12:55:32,253 - INFO - Stepper Lasers Shutdown
2026-09-25 12:55:32,253 - INFO - COM connection close successfully
2026-09-25 12:55:32,253 - INFO - Main window close successfully
2026-09-25 12:55:32,253 - INFO - ==================================================
2026-09-25 12:55:32,253 - INFO - New session close at 2026-09-25 12:55
2026-09-25 12:55:32,253 - INFO - ==================================================
2026-09-25 12:55:32,280 - DEBUG - Calling CoUninitialize()
2026-09-25 12:55:32,280 - DEBUG - CoUninitialize() done.
2026-09-25 13:03:29,174 - INFO - No OpenGL_accelerate module loaded: No module named 'OpenGL_accelerate'
2026-09-25 13:03:50,610 - INFO - No OpenGL_accelerate module loaded: No module named 'OpenGL_accelerate'
2026-09-25 13:04:34,868 - INFO - No OpenGL_accelerate module loaded: No module named 'OpenGL_accelerate'
2026-09-25 13:04:35,080 - DEBUG - CoInitializeEx(None, 2)
2026-09-25 13:04:35,131 - INFO - Imported existing <module 'comtypes.gen' from 'C:\\Users\\EXPSOL\\AppData\\Roaming\\Python\\Python312\\site-packages\\comtypes\\gen\\__init__.py'>
2026-09-25 13:04:35,131 - INFO - Using writeable comtypes cache directory: 'C:\Users\EXPSOL\AppData\Roaming\Python\Python312\site-packages\comtypes\gen'
2026-09-25 13:04:35,131 - DEBUG - GetModule(qedit.dll), resolved: False
2026-09-25 13:04:35,131 - DEBUG - GetModule(TLIBATTR(GUID={78530B68-61F9-11D2-8CAD-00A024580902}, Version=1.0, LCID=0, FLags=0x8))
2026-09-25 13:04:35,156 - DEBUG - Release <POINTER(ITypeLib) ptr=0x1f4e2d64670 at 1f4e755f7d0>
2026-09-25 13:04:35,156 - DEBUG - GetModule(quartz.dll), resolved: False
2026-09-25 13:04:35,156 - DEBUG - GetModule(TLIBATTR(GUID={56A868B0-0AD4-11CE-B03A-0020AF0BA770}, Version=1.0, LCID=0, FLags=0x8))
2026-09-25 13:04:35,172 - DEBUG - Release <POINTER(ITypeLib) ptr=0x1f4e2d66cf0 at 1f4e7a05650>
2026-09-25 13:04:44,235 - INFO - UI load successful
2026-09-25 13:04:54,608 - INFO - Profile : Supervisor
2026-09-25 14:33:44,880 - INFO - Galvo Laser Shutdown
2026-09-25 14:33:44,880 - CRITICAL - Laser 1 : OFF
2026-09-25 14:33:44,880 - CRITICAL - Laser 2 : OFF
2026-09-25 14:33:44,880 - INFO - Stepper Lasers Shutdown
2026-09-25 14:33:44,880 - INFO - COM connection close successfully
2026-09-25 14:33:44,880 - INFO - Main window close successfully
2026-09-25 14:33:44,888 - INFO - ==================================================
2026-09-25 14:33:44,888 - INFO - New session close at 2026-09-25 14:33
2026-09-25 14:33:44,888 - INFO - ==================================================
2026-09-25 14:33:44,937 - DEBUG - Calling CoUninitialize()
2026-09-25 14:33:44,938 - DEBUG - CoUninitialize() done.
2026-09-25 14:34:08,367 - INFO - No OpenGL_accelerate module loaded: No module named 'OpenGL_accelerate'
2026-09-25 14:34:08,650 - DEBUG - CoInitializeEx(None, 2)
2026-09-25 14:34:08,700 - INFO - Imported existing <module 'comtypes.gen' from 'C:\\Users\\EXPSOL\\AppData\\Roaming\\Python\\Python312\\site-packages\\comtypes\\gen\\__init__.py'>
2026-09-25 14:34:08,700 - INFO - Using writeable comtypes cache directory: 'C:\Users\EXPSOL\AppData\Roaming\Python\Python312\site-packages\comtypes\gen'
2026-09-25 14:34:08,717 - DEBUG - GetModule(qedit.dll), resolved: False
2026-09-25 14:34:08,717 - DEBUG - GetModule(TLIBATTR(GUID={78530B68-61F9-11D2-8CAD-00A024580902}, Version=1.0, LCID=0, FLags=0x8))
2026-09-25 14:34:08,734 - DEBUG - Release <POINTER(ITypeLib) ptr=0x25c9ddd3eb0 at 25ca26bb550>
2026-09-25 14:34:08,734 - DEBUG - GetModule(quartz.dll), resolved: False
2026-09-25 14:34:08,734 - DEBUG - GetModule(TLIBATTR(GUID={56A868B0-0AD4-11CE-B03A-0020AF0BA770}, Version=1.0, LCID=0, FLags=0x8))
2026-09-25 14:34:08,750 - DEBUG - Release <POINTER(ITypeLib) ptr=0x25c9ddd2070 at 25ca2b6d3d0>
2026-09-25 14:34:17,832 - INFO - UI load successful
2026-09-25 14:34:37,663 - INFO - Profile : Supervisor
2026-09-25 14:37:59,498 - INFO - File selected : D:/Atharva/Galvo_Scribber/Galvo_22092026/40mm_square.svg
2026-09-25 14:38:01,208 - INFO - Parameters saved for D:/Atharva/Galvo_Scribber/Galvo_22092026/40mm_square.svg
2026-09-25 14:38:09,355 - INFO - Parameters saved for D:/Atharva/Galvo_Scribber/Galvo_22092026/40mm_square.svg
2026-09-25 14:44:24,747 - INFO - Parameters saved for D:/Atharva/Galvo_Scribber/Galvo_22092026/40mm_square.svg
2026-09-25 14:46:24,997 - INFO - File selected : D:/Atharva/Galvo_Scribber/Galvo_22092026/80mm_square.svg
2026-09-25 14:46:25,968 - INFO - Parameters saved for D:/Atharva/Galvo_Scribber/Galvo_22092026/80mm_square.svg
2026-09-25 14:46:55,277 - INFO - File selected : D:/Atharva/Galvo_Scribber/Galvo_22092026/40mm_square.svg
2026-09-25 14:46:56,173 - INFO - Parameters saved for D:/Atharva/Galvo_Scribber/Galvo_22092026/40mm_square.svg
2026-09-25 14:48:13,521 - INFO - Parameters saved for D:/Atharva/Galvo_Scribber/Galvo_22092026/40mm_square.svg
2026-09-25 14:50:11,728 - INFO - Parameters saved for D:/Atharva/Galvo_Scribber/Galvo_22092026/40mm_square.svg
2026-09-25 14:54:33,735 - INFO - Close event ignored.
2026-09-25 14:54:35,395 - INFO - Close event ignored.
2026-09-25 14:54:35,624 - INFO - Close event ignored.
2026-09-25 14:54:35,818 - INFO - Close event ignored.
2026-09-25 14:54:36,037 - INFO - Close event ignored.
2026-09-25 14:54:36,443 - INFO - Close event ignored.
2026-09-25 14:54:36,626 - INFO - Close event ignored.
2026-09-25 14:54:36,804 - INFO - Close event ignored.
2026-09-25 14:54:42,018 - INFO - Close event ignored.
2026-09-25 14:54:42,216 - INFO - Close event ignored.
2026-09-25 14:54:42,433 - INFO - Close event ignored.
2026-09-25 14:54:51,307 - INFO - No OpenGL_accelerate module loaded: No module named 'OpenGL_accelerate'
2026-09-25 14:54:51,515 - DEBUG - CoInitializeEx(None, 2)
2026-09-25 14:54:51,557 - INFO - Imported existing <module 'comtypes.gen' from 'C:\\Users\\EXPSOL\\AppData\\Roaming\\Python\\Python312\\site-packages\\comtypes\\gen\\__init__.py'>
2026-09-25 14:54:51,557 - INFO - Using writeable comtypes cache directory: 'C:\Users\EXPSOL\AppData\Roaming\Python\Python312\site-packages\comtypes\gen'
2026-09-25 14:54:51,574 - DEBUG - GetModule(qedit.dll), resolved: False
2026-09-25 14:54:51,574 - DEBUG - GetModule(TLIBATTR(GUID={78530B68-61F9-11D2-8CAD-00A024580902}, Version=1.0, LCID=0, FLags=0x8))
2026-09-25 14:54:51,590 - DEBUG - Release <POINTER(ITypeLib) ptr=0x14b71913600 at 14b7626b6d0>
2026-09-25 14:54:51,590 - DEBUG - GetModule(quartz.dll), resolved: False
2026-09-25 14:54:51,590 - DEBUG - GetModule(TLIBATTR(GUID={56A868B0-0AD4-11CE-B03A-0020AF0BA770}, Version=1.0, LCID=0, FLags=0x8))
2026-09-25 14:54:51,608 - DEBUG - Release <POINTER(ITypeLib) ptr=0x14b71912840 at 14b7670d550>
2026-09-25 14:55:00,734 - INFO - UI load successful
2026-09-25 14:55:09,791 - INFO - Profile : Supervisor
2026-09-25 15:08:20,723 - INFO - Galvo Laser Shutdown
2026-09-25 15:08:20,723 - CRITICAL - Laser 1 : OFF
2026-09-25 15:08:20,723 - CRITICAL - Laser 2 : OFF
2026-09-25 15:08:20,723 - INFO - Stepper Lasers Shutdown
2026-09-25 15:08:20,723 - INFO - COM connection close successfully
2026-09-25 15:08:20,723 - INFO - Main window close successfully
2026-09-25 15:08:20,723 - INFO - ==================================================
2026-09-25 15:08:20,723 - INFO - New session close at 2026-09-25 15:08
2026-09-25 15:08:20,723 - INFO - ==================================================
2026-09-25 15:08:20,768 - DEBUG - Calling CoUninitialize()
2026-09-25 15:08:20,768 - DEBUG - CoUninitialize() done.
2026-09-25 15:08:25,997 - INFO - No OpenGL_accelerate module loaded: No module named 'OpenGL_accelerate'
2026-09-25 15:08:26,224 - DEBUG - CoInitializeEx(None, 2)
2026-09-25 15:08:26,272 - INFO - Imported existing <module 'comtypes.gen' from 'C:\\Users\\EXPSOL\\AppData\\Roaming\\Python\\Python312\\site-packages\\comtypes\\gen\\__init__.py'>
2026-09-25 15:08:26,272 - INFO - Using writeable comtypes cache directory: 'C:\Users\EXPSOL\AppData\Roaming\Python\Python312\site-packages\comtypes\gen'
2026-09-25 15:08:26,287 - DEBUG - GetModule(qedit.dll), resolved: False
2026-09-25 15:08:26,287 - DEBUG - GetModule(TLIBATTR(GUID={78530B68-61F9-11D2-8CAD-00A024580902}, Version=1.0, LCID=0, FLags=0x8))
2026-09-25 15:08:26,303 - DEBUG - Release <POINTER(ITypeLib) ptr=0x1d0689a8620 at 1d069cdb7d0>
2026-09-25 15:08:26,303 - DEBUG - GetModule(quartz.dll), resolved: False
2026-09-25 15:08:26,303 - DEBUG - GetModule(TLIBATTR(GUID={56A868B0-0AD4-11CE-B03A-0020AF0BA770}, Version=1.0, LCID=0, FLags=0x8))
2026-09-25 15:08:26,319 - DEBUG - Release <POINTER(ITypeLib) ptr=0x1d0689ab220 at 1d06a17d650>
2026-09-25 15:08:35,398 - INFO - UI load successful
2026-09-25 15:08:50,422 - INFO - Profile : Supervisor
2026-09-25 15:55:35,384 - INFO - Galvo Laser Shutdown
2026-09-25 15:55:35,393 - CRITICAL - Laser 1 : OFF
2026-09-25 15:55:35,394 - CRITICAL - Laser 2 : OFF
2026-09-25 15:55:35,394 - INFO - Stepper Lasers Shutdown
2026-09-25 15:55:35,394 - INFO - COM connection close successfully
2026-09-25 15:55:35,394 - INFO - Main window close successfully
2026-09-25 15:55:35,394 - INFO - ==================================================
2026-09-25 15:55:35,394 - INFO - New session close at 2026-09-25 15:55
2026-09-25 15:55:35,395 - INFO - ==================================================
2026-09-25 15:55:35,452 - DEBUG - Calling CoUninitialize()
2026-09-25 15:55:35,453 - DEBUG - CoUninitialize() done.
2026-09-25 15:55:53,945 - INFO - No OpenGL_accelerate module loaded: No module named 'OpenGL_accelerate'
2026-09-25 15:55:54,244 - DEBUG - CoInitializeEx(None, 2)
2026-09-25 15:55:54,325 - INFO - Imported existing <module 'comtypes.gen' from 'C:\\Users\\EXPSOL\\AppData\\Roaming\\Python\\Python312\\site-packages\\comtypes\\gen\\__init__.py'>
2026-09-25 15:55:54,325 - INFO - Using writeable comtypes cache directory: 'C:\Users\EXPSOL\AppData\Roaming\Python\Python312\site-packages\comtypes\gen'
2026-09-25 15:55:54,331 - DEBUG - GetModule(qedit.dll), resolved: False
2026-09-25 15:55:54,337 - DEBUG - GetModule(TLIBATTR(GUID={78530B68-61F9-11D2-8CAD-00A024580902}, Version=1.0, LCID=0, FLags=0x8))
2026-09-25 15:55:54,352 - DEBUG - Release <POINTER(ITypeLib) ptr=0x23860bee8b0 at 238654db750>
2026-09-25 15:55:54,352 - DEBUG - GetModule(quartz.dll), resolved: False
2026-09-25 15:55:54,352 - DEBUG - GetModule(TLIBATTR(GUID={56A868B0-0AD4-11CE-B03A-0020AF0BA770}, Version=1.0, LCID=0, FLags=0x8))
2026-09-25 15:55:54,372 - DEBUG - Release <POINTER(ITypeLib) ptr=0x23860bf11f0 at 2386597d5d0>
2026-09-25 15:56:03,524 - INFO - UI load successful
2026-09-25 15:56:13,020 - INFO - Profile : Supervisor
2026-09-25 16:31:35,033 - INFO - Galvo Laser Shutdown
2026-09-25 16:31:35,033 - CRITICAL - Laser 1 : OFF
2026-09-25 16:31:35,033 - CRITICAL - Laser 2 : OFF
2026-09-25 16:31:35,033 - INFO - Stepper Lasers Shutdown
2026-09-25 16:31:35,033 - INFO - COM connection close successfully
2026-09-25 16:31:35,033 - INFO - Main window close successfully
2026-09-25 16:31:35,033 - INFO - ==================================================
2026-09-25 16:31:35,033 - INFO - New session close at 2026-09-25 16:31
2026-09-25 16:31:35,033 - INFO - ==================================================
2026-09-25 16:31:35,074 - DEBUG - Calling CoUninitialize()
2026-09-25 16:31:35,074 - DEBUG - CoUninitialize() done.
2026-09-25 16:31:39,996 - INFO - No OpenGL_accelerate module loaded: No module named 'OpenGL_accelerate'
2026-09-25 16:31:40,199 - DEBUG - CoInitializeEx(None, 2)
2026-09-25 16:31:40,246 - INFO - Imported existing <module 'comtypes.gen' from 'C:\\Users\\EXPSOL\\AppData\\Roaming\\Python\\Python312\\site-packages\\comtypes\\gen\\__init__.py'>
2026-09-25 16:31:40,246 - INFO - Using writeable comtypes cache directory: 'C:\Users\EXPSOL\AppData\Roaming\Python\Python312\site-packages\comtypes\gen'
2026-09-25 16:31:40,262 - DEBUG - GetModule(qedit.dll), resolved: False
2026-09-25 16:31:40,262 - DEBUG - GetModule(TLIBATTR(GUID={78530B68-61F9-11D2-8CAD-00A024580902}, Version=1.0, LCID=0, FLags=0x8))
2026-09-25 16:31:40,278 - DEBUG - Release <POINTER(ITypeLib) ptr=0x1fcb9e79e30 at 1fcbe6335d0>
2026-09-25 16:31:40,278 - DEBUG - GetModule(quartz.dll), resolved: False
2026-09-25 16:31:40,278 - DEBUG - GetModule(TLIBATTR(GUID={56A868B0-0AD4-11CE-B03A-0020AF0BA770}, Version=1.0, LCID=0, FLags=0x8))
2026-09-25 16:31:40,293 - DEBUG - Release <POINTER(ITypeLib) ptr=0x1fcb9e79e30 at 1fcbead5450>
2026-09-25 16:31:49,388 - INFO - UI load successful
2026-09-25 16:32:03,060 - INFO - Profile : Supervisor
2026-09-25 16:45:28,254 - INFO - Galvo Laser Shutdown
2026-09-25 16:45:28,254 - CRITICAL - Laser 1 : OFF
2026-09-25 16:45:28,254 - CRITICAL - Laser 2 : OFF
2026-09-25 16:45:28,254 - INFO - Stepper Lasers Shutdown
2026-09-25 16:45:28,254 - INFO - COM connection close successfully
2026-09-25 16:45:28,254 - INFO - Main window close successfully
2026-09-25 16:45:28,254 - INFO - ==================================================
2026-09-25 16:45:28,254 - INFO - New session close at 2026-09-25 16:45
2026-09-25 16:45:28,254 - INFO - ==================================================
2026-09-25 16:45:28,292 - DEBUG - Calling CoUninitialize()
2026-09-25 16:45:28,292 - DEBUG - CoUninitialize() done.
2026-09-25 16:48:41,149 - INFO - No OpenGL_accelerate module loaded: No module named 'OpenGL_accelerate'
2026-09-25 16:48:41,369 - DEBUG - CoInitializeEx(None, 2)
2026-09-25 16:48:41,416 - INFO - Imported existing <module 'comtypes.gen' from 'C:\\Users\\EXPSOL\\AppData\\Roaming\\Python\\Python312\\site-packages\\comtypes\\gen\\__init__.py'>
2026-09-25 16:48:41,416 - INFO - Using writeable comtypes cache directory: 'C:\Users\EXPSOL\AppData\Roaming\Python\Python312\site-packages\comtypes\gen'
2026-09-25 16:48:41,416 - DEBUG - GetModule(qedit.dll), resolved: False
2026-09-25 16:48:41,416 - DEBUG - GetModule(TLIBATTR(GUID={78530B68-61F9-11D2-8CAD-00A024580902}, Version=1.0, LCID=0, FLags=0x8))
2026-09-25 16:48:41,448 - DEBUG - Release <POINTER(ITypeLib) ptr=0x1b262c41450 at 1b2674f75d0>
2026-09-25 16:48:41,448 - DEBUG - GetModule(quartz.dll), resolved: False
2026-09-25 16:48:41,448 - DEBUG - GetModule(TLIBATTR(GUID={56A868B0-0AD4-11CE-B03A-0020AF0BA770}, Version=1.0, LCID=0, FLags=0x8))
2026-09-25 16:48:41,448 - DEBUG - Release <POINTER(ITypeLib) ptr=0x1b262c40690 at 1b267995450>
2026-09-25 16:48:50,544 - INFO - UI load successful
2026-09-25 16:49:12,016 - INFO - Profile : Supervisor
2026-09-25 16:55:30,783 - INFO - File selected : D:/Atharva/Galvo_Scribber/Galvo_22092026/40mm_square.svg
2026-09-25 16:55:33,188 - INFO - Parameters saved for D:/Atharva/Galvo_Scribber/Galvo_22092026/40mm_square.svg
2026-09-25 17:04:36,057 - INFO - Galvo Laser Shutdown
2026-09-25 17:04:36,057 - CRITICAL - Laser 1 : OFF
2026-09-25 17:04:36,057 - CRITICAL - Laser 2 : OFF
2026-09-25 17:04:36,057 - INFO - Stepper Lasers Shutdown
2026-09-25 17:04:36,057 - INFO - COM connection close successfully
2026-09-25 17:04:36,057 - INFO - Main window close successfully
2026-09-25 17:04:36,057 - INFO - ==================================================
2026-09-25 17:04:36,057 - INFO - New session close at 2026-09-25 17:04
2026-09-25 17:04:36,057 - INFO - ==================================================
2026-09-25 17:04:36,093 - DEBUG - Calling CoUninitialize()
2026-09-25 17:04:36,093 - DEBUG - CoUninitialize() done.
2026-09-25 17:04:39,971 - INFO - No OpenGL_accelerate module loaded: No module named 'OpenGL_accelerate'
2026-09-25 17:04:40,288 - DEBUG - CoInitializeEx(None, 2)
2026-09-25 17:04:40,336 - INFO - Imported existing <module 'comtypes.gen' from 'C:\\Users\\EXPSOL\\AppData\\Roaming\\Python\\Python312\\site-packages\\comtypes\\gen\\__init__.py'>
2026-09-25 17:04:40,336 - INFO - Using writeable comtypes cache directory: 'C:\Users\EXPSOL\AppData\Roaming\Python\Python312\site-packages\comtypes\gen'
2026-09-25 17:04:40,352 - DEBUG - GetModule(qedit.dll), resolved: False
2026-09-25 17:04:40,352 - DEBUG - GetModule(TLIBATTR(GUID={78530B68-61F9-11D2-8CAD-00A024580902}, Version=1.0, LCID=0, FLags=0x8))
2026-09-25 17:04:40,368 - DEBUG - Release <POINTER(ITypeLib) ptr=0x22f24f25230 at 22f297c39d0>
2026-09-25 17:04:40,368 - DEBUG - GetModule(quartz.dll), resolved: False
2026-09-25 17:04:40,368 - DEBUG - GetModule(TLIBATTR(GUID={56A868B0-0AD4-11CE-B03A-0020AF0BA770}, Version=1.0, LCID=0, FLags=0x8))
2026-09-25 17:04:40,384 - DEBUG - Release <POINTER(ITypeLib) ptr=0x22f24f28bf0 at 22f29c55850>
2026-09-25 17:04:49,505 - INFO - UI load successful
2026-09-25 17:04:58,617 - INFO - Profile : Supervisor
2026-09-25 17:05:07,198 - INFO - File selected : D:/Atharva/Galvo_Scribber/Galvo_22092026/80mm_square.svg
2026-09-25 17:05:10,418 - INFO - Parameters saved for D:/Atharva/Galvo_Scribber/Galvo_22092026/80mm_square.svg
2026-09-25 17:06:16,708 - INFO - Galvo Laser Shutdown
2026-09-25 17:06:16,708 - CRITICAL - Laser 1 : OFF
2026-09-25 17:06:16,708 - CRITICAL - Laser 2 : OFF
2026-09-25 17:06:16,708 - INFO - Stepper Lasers Shutdown
2026-09-25 17:06:16,708 - INFO - COM connection close successfully
2026-09-25 17:06:16,708 - INFO - Main window close successfully
2026-09-25 17:06:16,708 - INFO - ==================================================
2026-09-25 17:06:16,708 - INFO - New session close at 2026-09-25 17:06
2026-09-25 17:06:16,708 - INFO - ==================================================
2026-09-25 17:06:16,708 - DEBUG - Calling CoUninitialize()
2026-09-25 17:06:16,708 - DEBUG - CoUninitialize() done.
2026-09-25 17:06:29,028 - INFO - No OpenGL_accelerate module loaded: No module named 'OpenGL_accelerate'
2026-09-25 17:06:29,228 - DEBUG - CoInitializeEx(None, 2)
2026-09-25 17:06:29,276 - INFO - Imported existing <module 'comtypes.gen' from 'C:\\Users\\EXPSOL\\AppData\\Roaming\\Python\\Python312\\site-packages\\comtypes\\gen\\__init__.py'>
2026-09-25 17:06:29,276 - INFO - Using writeable comtypes cache directory: 'C:\Users\EXPSOL\AppData\Roaming\Python\Python312\site-packages\comtypes\gen'
2026-09-25 17:06:29,292 - DEBUG - GetModule(qedit.dll), resolved: False
2026-09-25 17:06:29,292 - DEBUG - GetModule(TLIBATTR(GUID={78530B68-61F9-11D2-8CAD-00A024580902}, Version=1.0, LCID=0, FLags=0x8))
2026-09-25 17:06:29,308 - DEBUG - Release <POINTER(ITypeLib) ptr=0x23b42a9d300 at 23b47383850>
2026-09-25 17:06:29,308 - DEBUG - GetModule(quartz.dll), resolved: False
2026-09-25 17:06:29,308 - DEBUG - GetModule(TLIBATTR(GUID={56A868B0-0AD4-11CE-B03A-0020AF0BA770}, Version=1.0, LCID=0, FLags=0x8))
2026-09-25 17:06:29,324 - DEBUG - Release <POINTER(ITypeLib) ptr=0x23b42a9c800 at 23b4781d6d0>
2026-09-25 17:06:38,409 - INFO - UI load successful
2026-09-25 17:06:48,375 - INFO - File selected : D:/Atharva/Galvo_Scribber/Galvo_22092026/80mm_square.svg
2026-09-25 17:06:50,738 - INFO - Parameters saved for D:/Atharva/Galvo_Scribber/Galvo_22092026/80mm_square.svg
2026-09-25 17:07:12,807 - INFO - File selected : D:/Atharva/Galvo_Scribber/Galvo_22092026/40mm_square.svg
2026-09-25 17:07:14,568 - INFO - Parameters saved for D:/Atharva/Galvo_Scribber/Galvo_22092026/40mm_square.svg
2026-09-25 17:07:24,474 - INFO - File selected : D:/Atharva/Galvo_Scribber/Galvo_22092026/80mm_square.svg
2026-09-25 17:07:26,510 - INFO - Parameters saved for D:/Atharva/Galvo_Scribber/Galvo_22092026/80mm_square.svg
2026-09-25 17:08:18,778 - INFO - Galvo Laser Shutdown
2026-09-25 17:08:18,778 - CRITICAL - Laser 1 : OFF
2026-09-25 17:08:18,778 - CRITICAL - Laser 2 : OFF
2026-09-25 17:08:18,778 - INFO - Stepper Lasers Shutdown
2026-09-25 17:08:18,778 - INFO - COM connection close successfully
2026-09-25 17:08:18,778 - INFO - Main window close successfully
2026-09-25 17:08:18,778 - INFO - ==================================================
2026-09-25 17:08:18,778 - INFO - New session close at 2026-09-25 17:08
2026-09-25 17:08:18,778 - INFO - ==================================================
2026-09-25 17:08:18,793 - DEBUG - Calling CoUninitialize()
2026-09-25 17:08:18,793 - DEBUG - CoUninitialize() done.
2026-09-25 17:09:22,730 - INFO - No OpenGL_accelerate module loaded: No module named 'OpenGL_accelerate'
2026-09-25 17:09:22,943 - DEBUG - CoInitializeEx(None, 2)
2026-09-25 17:09:22,989 - INFO - Imported existing <module 'comtypes.gen' from 'C:\\Users\\EXPSOL\\AppData\\Roaming\\Python\\Python312\\site-packages\\comtypes\\gen\\__init__.py'>
2026-09-25 17:09:22,989 - INFO - Using writeable comtypes cache directory: 'C:\Users\EXPSOL\AppData\Roaming\Python\Python312\site-packages\comtypes\gen'
2026-09-25 17:09:22,989 - DEBUG - GetModule(qedit.dll), resolved: False
2026-09-25 17:09:22,989 - DEBUG - GetModule(TLIBATTR(GUID={78530B68-61F9-11D2-8CAD-00A024580902}, Version=1.0, LCID=0, FLags=0x8))
2026-09-25 17:09:23,023 - DEBUG - Release <POINTER(ITypeLib) ptr=0x1df2915d210 at 1df2de63850>
2026-09-25 17:09:23,023 - DEBUG - GetModule(quartz.dll), resolved: False
2026-09-25 17:09:23,025 - DEBUG - GetModule(TLIBATTR(GUID={56A868B0-0AD4-11CE-B03A-0020AF0BA770}, Version=1.0, LCID=0, FLags=0x8))
2026-09-25 17:09:23,031 - DEBUG - Release <POINTER(ITypeLib) ptr=0x1df2915c9d0 at 1df2e2fd6d0>
2026-09-25 17:09:32,123 - INFO - UI load successful
2026-09-25 17:09:41,167 - INFO - File selected : D:/Atharva/Galvo_Scribber/Galvo_22092026/80mm_square.svg
2026-09-25 17:09:42,991 - INFO - Parameters saved for D:/Atharva/Galvo_Scribber/Galvo_22092026/80mm_square.svg
2026-09-25 17:11:36,353 - INFO - File selected : D:/Atharva/Galvo_Scribber/Galvo_22092026/40mm_square.svg
2026-09-25 17:11:38,225 - INFO - Parameters saved for D:/Atharva/Galvo_Scribber/Galvo_22092026/40mm_square.svg
2026-09-25 17:13:55,580 - INFO - Galvo Laser Shutdown
2026-09-25 17:13:55,580 - CRITICAL - Laser 1 : OFF
2026-09-25 17:13:55,580 - CRITICAL - Laser 2 : OFF
2026-09-25 17:13:55,580 - INFO - Stepper Lasers Shutdown
2026-09-25 17:13:55,580 - INFO - COM connection close successfully
2026-09-25 17:13:55,580 - INFO - Main window close successfully
2026-09-25 17:13:55,580 - INFO - ==================================================
2026-09-25 17:13:55,580 - INFO - New session close at 2026-09-25 17:13
2026-09-25 17:13:55,580 - INFO - ==================================================
2026-09-25 17:13:55,608 - DEBUG - Calling CoUninitialize()
2026-09-25 17:13:55,609 - DEBUG - CoUninitialize() done.
2026-09-25 17:19:45,152 - INFO - No OpenGL_accelerate module loaded: No module named 'OpenGL_accelerate'
2026-09-25 17:19:45,394 - DEBUG - CoInitializeEx(None, 2)
2026-09-25 17:19:45,446 - INFO - Imported existing <module 'comtypes.gen' from 'C:\\Users\\EXPSOL\\AppData\\Roaming\\Python\\Python312\\site-packages\\comtypes\\gen\\__init__.py'>
2026-09-25 17:19:45,446 - INFO - Using writeable comtypes cache directory: 'C:\Users\EXPSOL\AppData\Roaming\Python\Python312\site-packages\comtypes\gen'
2026-09-25 17:19:45,446 - DEBUG - GetModule(qedit.dll), resolved: False
2026-09-25 17:19:45,446 - DEBUG - GetModule(TLIBATTR(GUID={78530B68-61F9-11D2-8CAD-00A024580902}, Version=1.0, LCID=0, FLags=0x8))
2026-09-25 17:19:45,477 - DEBUG - Release <POINTER(ITypeLib) ptr=0x1aaaf0ddfb0 at 1aab3843850>
2026-09-25 17:19:45,477 - DEBUG - GetModule(quartz.dll), resolved: False
2026-09-25 17:19:45,479 - DEBUG - GetModule(TLIBATTR(GUID={56A868B0-0AD4-11CE-B03A-0020AF0BA770}, Version=1.0, LCID=0, FLags=0x8))
2026-09-25 17:19:45,485 - DEBUG - Release <POINTER(ITypeLib) ptr=0x1aaaf0db3b0 at 1aab3cdd6d0>
2026-09-25 17:19:54,540 - INFO - UI load successful
2026-09-25 17:20:07,456 - INFO - File selected : D:/Atharva/Galvo_Scribber/Galvo_22092026/svg_files/africakimudra.svg
2026-09-25 17:20:31,292 - INFO - Parameters saved for D:/Atharva/Galvo_Scribber/Galvo_22092026/svg_files/africakimudra.svg
2026-09-25 17:21:45,650 - INFO - Close event ignored.
2026-09-25 17:21:56,400 - INFO - No OpenGL_accelerate module loaded: No module named 'OpenGL_accelerate'
2026-09-25 17:21:56,606 - DEBUG - CoInitializeEx(None, 2)
2026-09-25 17:21:56,653 - INFO - Imported existing <module 'comtypes.gen' from 'C:\\Users\\EXPSOL\\AppData\\Roaming\\Python\\Python312\\site-packages\\comtypes\\gen\\__init__.py'>
2026-09-25 17:21:56,653 - INFO - Using writeable comtypes cache directory: 'C:\Users\EXPSOL\AppData\Roaming\Python\Python312\site-packages\comtypes\gen'
2026-09-25 17:21:56,669 - DEBUG - GetModule(qedit.dll), resolved: False
2026-09-25 17:21:56,669 - DEBUG - GetModule(TLIBATTR(GUID={78530B68-61F9-11D2-8CAD-00A024580902}, Version=1.0, LCID=0, FLags=0x8))
2026-09-25 17:21:56,685 - DEBUG - Release <POINTER(ITypeLib) ptr=0x250f37e5640 at 250f8163850>
2026-09-25 17:21:56,685 - DEBUG - GetModule(quartz.dll), resolved: False
2026-09-25 17:21:56,685 - DEBUG - GetModule(TLIBATTR(GUID={56A868B0-0AD4-11CE-B03A-0020AF0BA770}, Version=1.0, LCID=0, FLags=0x8))
2026-09-25 17:21:56,701 - DEBUG - Release <POINTER(ITypeLib) ptr=0x250f37e5900 at 250f85fd6d0>
2026-09-25 17:22:05,783 - INFO - UI load successful
2026-09-25 17:22:21,273 - INFO - File selected : D:/Atharva/Galvo_Scribber/Galvo_22092026/svg_files/africakimudra.svg
2026-09-25 17:22:25,518 - INFO - Parameters saved for D:/Atharva/Galvo_Scribber/Galvo_22092026/svg_files/africakimudra.svg
2026-09-25 17:22:52,850 - INFO - Parameters saved for D:/Atharva/Galvo_Scribber/Galvo_22092026/svg_files/africakimudra.svg
2026-09-25 17:23:53,793 - INFO - Close event ignored.
2026-09-25 17:24:12,502 - INFO - Galvo Laser Shutdown
2026-09-25 17:24:12,503 - CRITICAL - Laser 1 : OFF
2026-09-25 17:24:12,504 - CRITICAL - Laser 2 : OFF
2026-09-25 17:24:12,504 - INFO - Stepper Lasers Shutdown
2026-09-25 17:24:12,504 - INFO - COM connection close successfully
2026-09-25 17:24:12,504 - INFO - Main window close successfully
2026-09-25 17:24:12,504 - INFO - ==================================================
2026-09-25 17:24:12,504 - INFO - New session close at 2026-09-25 17:24
2026-09-25 17:24:12,504 - INFO - ==================================================
2026-09-25 17:24:12,513 - DEBUG - Calling CoUninitialize()
2026-09-25 17:24:12,513 - DEBUG - CoUninitialize() done.
2026-09-25 17:24:19,703 - INFO - No OpenGL_accelerate module loaded: No module named 'OpenGL_accelerate'
2026-09-25 17:24:19,928 - DEBUG - CoInitializeEx(None, 2)
2026-09-25 17:24:19,967 - INFO - Imported existing <module 'comtypes.gen' from 'C:\\Users\\EXPSOL\\AppData\\Roaming\\Python\\Python312\\site-packages\\comtypes\\gen\\__init__.py'>
2026-09-25 17:24:19,967 - INFO - Using writeable comtypes cache directory: 'C:\Users\EXPSOL\AppData\Roaming\Python\Python312\site-packages\comtypes\gen'
2026-09-25 17:24:19,967 - DEBUG - GetModule(qedit.dll), resolved: False
2026-09-25 17:24:19,983 - DEBUG - GetModule(TLIBATTR(GUID={78530B68-61F9-11D2-8CAD-00A024580902}, Version=1.0, LCID=0, FLags=0x8))
2026-09-25 17:24:19,999 - DEBUG - Release <POINTER(ITypeLib) ptr=0x27b33aeda90 at 27b383a77d0>
2026-09-25 17:24:19,999 - DEBUG - GetModule(quartz.dll), resolved: False
2026-09-25 17:24:19,999 - DEBUG - GetModule(TLIBATTR(GUID={56A868B0-0AD4-11CE-B03A-0020AF0BA770}, Version=1.0, LCID=0, FLags=0x8))
2026-09-25 17:24:20,015 - DEBUG - Release <POINTER(ITypeLib) ptr=0x27b33aea910 at 27b38845650>
2026-09-25 17:24:29,088 - INFO - UI load successful
2026-09-25 17:24:41,729 - INFO - File selected : D:/Atharva/Galvo_Scribber/Galvo_22092026/svg_files/africakimudra.svg
2026-09-25 17:24:44,391 - INFO - Parameters saved for D:/Atharva/Galvo_Scribber/Galvo_22092026/svg_files/africakimudra.svg
2026-09-25 17:39:42,206 - INFO - Parameters saved for D:/Atharva/Galvo_Scribber/Galvo_22092026/svg_files/africakimudra.svg
2026-09-25 17:40:07,088 - INFO - Parameters saved for D:/Atharva/Galvo_Scribber/Galvo_22092026/svg_files/africakimudra.svg
2026-09-25 17:42:30,622 - INFO - Galvo Laser Shutdown
2026-09-25 17:42:30,622 - CRITICAL - Laser 1 : OFF
2026-09-25 17:42:30,622 - CRITICAL - Laser 2 : OFF
2026-09-25 17:42:30,622 - INFO - Stepper Lasers Shutdown
2026-09-25 17:42:30,622 - INFO - COM connection close successfully
2026-09-25 17:42:30,622 - INFO - Main window close successfully
2026-09-25 17:42:30,622 - INFO - ==================================================
2026-09-25 17:42:30,622 - INFO - New session close at 2026-09-25 17:42
2026-09-25 17:42:30,622 - INFO - ==================================================
2026-09-25 17:42:30,672 - DEBUG - Calling CoUninitialize()
2026-09-25 17:42:30,672 - DEBUG - CoUninitialize() done.
2026-09-25 17:42:33,180 - INFO - No OpenGL_accelerate module loaded: No module named 'OpenGL_accelerate'
2026-09-25 17:42:33,399 - DEBUG - CoInitializeEx(None, 2)
2026-09-25 17:42:33,447 - INFO - Imported existing <module 'comtypes.gen' from 'C:\\Users\\EXPSOL\\AppData\\Roaming\\Python\\Python312\\site-packages\\comtypes\\gen\\__init__.py'>
2026-09-25 17:42:33,447 - INFO - Using writeable comtypes cache directory: 'C:\Users\EXPSOL\AppData\Roaming\Python\Python312\site-packages\comtypes\gen'
2026-09-25 17:42:33,455 - DEBUG - GetModule(qedit.dll), resolved: False
2026-09-25 17:42:33,455 - DEBUG - GetModule(TLIBATTR(GUID={78530B68-61F9-11D2-8CAD-00A024580902}, Version=1.0, LCID=0, FLags=0x8))
2026-09-25 17:42:33,479 - DEBUG - Release <POINTER(ITypeLib) ptr=0x23eb2075340 at 23eb69d75d0>
2026-09-25 17:42:33,479 - DEBUG - GetModule(quartz.dll), resolved: False
2026-09-25 17:42:33,479 - DEBUG - GetModule(TLIBATTR(GUID={56A868B0-0AD4-11CE-B03A-0020AF0BA770}, Version=1.0, LCID=0, FLags=0x8))
2026-09-25 17:42:33,495 - DEBUG - Release <POINTER(ITypeLib) ptr=0x23eb2076100 at 23eb6e75450>
2026-09-25 17:42:42,656 - INFO - UI load successful
2026-09-25 17:44:32,964 - INFO - Profile : Supervisor
2026-09-25 17:45:31,351 - INFO - File selected : D:/Atharva/Galvo_Scribber/Galvo_22092026/svg_files/africakimudra.svg
2026-09-25 17:45:39,087 - INFO - Parameters saved for D:/Atharva/Galvo_Scribber/Galvo_22092026/svg_files/africakimudra.svg
2026-09-25 18:06:10,279 - INFO - Galvo Laser Shutdown
2026-09-25 18:06:10,282 - CRITICAL - Laser 1 : OFF
2026-09-25 18:06:10,283 - CRITICAL - Laser 2 : OFF
2026-09-25 18:06:10,283 - INFO - Stepper Lasers Shutdown
2026-09-25 18:06:10,283 - INFO - COM connection close successfully
2026-09-25 18:06:10,283 - INFO - Main window close successfully
2026-09-25 18:06:10,283 - INFO - ==================================================
2026-09-25 18:06:10,283 - INFO - New session close at 2026-09-25 18:06
2026-09-25 18:06:10,284 - INFO - ==================================================
2026-09-25 18:06:10,313 - DEBUG - Calling CoUninitialize()
2026-09-25 18:06:10,314 - DEBUG - CoUninitialize() done.
2026-09-25 18:06:12,495 - INFO - No OpenGL_accelerate module loaded: No module named 'OpenGL_accelerate'
2026-09-25 18:06:12,768 - DEBUG - CoInitializeEx(None, 2)
2026-09-25 18:06:12,832 - INFO - Imported existing <module 'comtypes.gen' from 'C:\\Users\\EXPSOL\\AppData\\Roaming\\Python\\Python312\\site-packages\\comtypes\\gen\\__init__.py'>
2026-09-25 18:06:12,833 - INFO - Using writeable comtypes cache directory: 'C:\Users\EXPSOL\AppData\Roaming\Python\Python312\site-packages\comtypes\gen'
2026-09-25 18:06:12,840 - DEBUG - GetModule(qedit.dll), resolved: False
2026-09-25 18:06:12,841 - DEBUG - GetModule(TLIBATTR(GUID={78530B68-61F9-11D2-8CAD-00A024580902}, Version=1.0, LCID=0, FLags=0x8))
2026-09-25 18:06:12,868 - DEBUG - Release <POINTER(ITypeLib) ptr=0x1c568984210 at 1c5013c75d0>
2026-09-25 18:06:12,868 - DEBUG - GetModule(quartz.dll), resolved: False
2026-09-25 18:06:12,869 - DEBUG - GetModule(TLIBATTR(GUID={56A868B0-0AD4-11CE-B03A-0020AF0BA770}, Version=1.0, LCID=0, FLags=0x8))
2026-09-25 18:06:12,876 - DEBUG - Release <POINTER(ITypeLib) ptr=0x1c568984210 at 1c501845450>
2026-09-26 10:14:16,553 - INFO - No OpenGL_accelerate module loaded: No module named 'OpenGL_accelerate'
2026-09-26 10:14:17,893 - DEBUG - CoInitializeEx(None, 2)
2026-09-26 10:14:18,469 - INFO - Imported existing <module 'comtypes.gen' from 'C:\\Users\\EXPSOL\\AppData\\Roaming\\Python\\Python312\\site-packages\\comtypes\\gen\\__init__.py'>
2026-09-26 10:14:18,469 - INFO - Using writeable comtypes cache directory: 'C:\Users\EXPSOL\AppData\Roaming\Python\Python312\site-packages\comtypes\gen'
2026-09-26 10:14:18,513 - DEBUG - GetModule(qedit.dll), resolved: False
2026-09-26 10:14:18,519 - DEBUG - GetModule(TLIBATTR(GUID={78530B68-61F9-11D2-8CAD-00A024580902}, Version=1.0, LCID=0, FLags=0x8))
2026-09-26 10:14:18,613 - DEBUG - Release <POINTER(ITypeLib) ptr=0x156d3bdd210 at 156d84475d0>
2026-09-26 10:14:18,613 - DEBUG - GetModule(quartz.dll), resolved: False
2026-09-26 10:14:18,617 - DEBUG - GetModule(TLIBATTR(GUID={56A868B0-0AD4-11CE-B03A-0020AF0BA770}, Version=1.0, LCID=0, FLags=0x8))
2026-09-26 10:14:18,654 - DEBUG - Release <POINTER(ITypeLib) ptr=0x156d3bdc450 at 156d88e5450>
2026-09-26 10:14:28,500 - INFO - UI load successful
2026-09-26 10:16:14,636 - INFO - Profile : Supervisor
2026-09-26 10:28:41,789 - INFO - Galvo Laser Shutdown
2026-09-26 10:28:41,813 - CRITICAL - Laser 1 : OFF
2026-09-26 10:28:41,813 - CRITICAL - Laser 2 : OFF
2026-09-26 10:28:41,814 - INFO - Stepper Lasers Shutdown
2026-09-26 10:28:41,815 - INFO - COM connection close successfully
2026-09-26 10:28:41,815 - INFO - Main window close successfully
2026-09-26 10:28:41,817 - INFO - ==================================================
2026-09-26 10:28:41,818 - INFO - New session close at 2026-09-26 10:28
2026-09-26 10:28:41,818 - INFO - ==================================================
2026-09-26 10:28:41,849 - DEBUG - Calling CoUninitialize()
2026-09-26 10:28:41,849 - DEBUG - CoUninitialize() done.
2026-09-26 10:28:50,368 - INFO - No OpenGL_accelerate module loaded: No module named 'OpenGL_accelerate'
2026-09-26 10:28:51,841 - DEBUG - CoInitializeEx(None, 2)
2026-09-26 10:28:51,972 - INFO - Imported existing <module 'comtypes.gen' from 'C:\\Users\\EXPSOL\\AppData\\Roaming\\Python\\Python312\\site-packages\\comtypes\\gen\\__init__.py'>
2026-09-26 10:28:51,972 - INFO - Using writeable comtypes cache directory: 'C:\Users\EXPSOL\AppData\Roaming\Python\Python312\site-packages\comtypes\gen'
2026-09-26 10:28:52,004 - DEBUG - GetModule(qedit.dll), resolved: False
2026-09-26 10:28:52,004 - DEBUG - GetModule(TLIBATTR(GUID={78530B68-61F9-11D2-8CAD-00A024580902}, Version=1.0, LCID=0, FLags=0x8))
2026-09-26 10:28:52,061 - DEBUG - Release <POINTER(ITypeLib) ptr=0x22be29a4930 at 22be6e9bbd0>
2026-09-26 10:28:52,061 - DEBUG - GetModule(quartz.dll), resolved: False
2026-09-26 10:28:52,061 - DEBUG - GetModule(TLIBATTR(GUID={56A868B0-0AD4-11CE-B03A-0020AF0BA770}, Version=1.0, LCID=0, FLags=0x8))
2026-09-26 10:28:52,073 - DEBUG - Release <POINTER(ITypeLib) ptr=0x22be29a5f30 at 22be7339a50>
2026-09-26 10:29:01,358 - INFO - UI load successful
2026-09-26 10:29:06,633 - INFO - >> Hardware Trigger: DI1 (Start) Pressed!
2026-09-26 10:29:06,633 - INFO - >> Hardware Trigger: DI2 (Abort) Pressed!
2026-09-26 10:29:40,089 - INFO - Close event ignored.
2026-09-26 10:29:40,089 - DEBUG - Calling CoUninitialize()
2026-09-26 10:29:40,089 - DEBUG - CoUninitialize() done.
2026-09-26 10:29:46,517 - INFO - No OpenGL_accelerate module loaded: No module named 'OpenGL_accelerate'
2026-09-26 10:29:46,717 - DEBUG - CoInitializeEx(None, 2)
2026-09-26 10:29:46,764 - INFO - Imported existing <module 'comtypes.gen' from 'C:\\Users\\EXPSOL\\AppData\\Roaming\\Python\\Python312\\site-packages\\comtypes\\gen\\__init__.py'>
2026-09-26 10:29:46,764 - INFO - Using writeable comtypes cache directory: 'C:\Users\EXPSOL\AppData\Roaming\Python\Python312\site-packages\comtypes\gen'
2026-09-26 10:29:46,766 - DEBUG - GetModule(qedit.dll), resolved: False
2026-09-26 10:29:46,766 - DEBUG - GetModule(TLIBATTR(GUID={78530B68-61F9-11D2-8CAD-00A024580902}, Version=1.0, LCID=0, FLags=0x8))
2026-09-26 10:29:46,796 - DEBUG - Release <POINTER(ITypeLib) ptr=0x2ad8c9b0220 at 2ad9103f950>
2026-09-26 10:29:46,796 - DEBUG - GetModule(quartz.dll), resolved: False
2026-09-26 10:29:46,796 - DEBUG - GetModule(TLIBATTR(GUID={56A868B0-0AD4-11CE-B03A-0020AF0BA770}, Version=1.0, LCID=0, FLags=0x8))
2026-09-26 10:29:46,796 - DEBUG - Release <POINTER(ITypeLib) ptr=0x2ad8c9b0220 at 2ad914d57d0>
2026-09-26 10:29:55,476 - INFO - UI load successful
2026-09-26 10:31:04,605 - INFO - Profile : Supervisor
2026-09-26 10:47:01,412 - INFO - Galvo Laser Shutdown
2026-09-26 10:47:01,421 - CRITICAL - Laser 1 : OFF
2026-09-26 10:47:01,421 - CRITICAL - Laser 2 : OFF
2026-09-26 10:47:01,421 - INFO - Stepper Lasers Shutdown
2026-09-26 10:47:01,421 - INFO - COM connection close successfully
2026-09-26 10:47:01,421 - INFO - Main window close successfully
2026-09-26 10:47:01,424 - INFO - ==================================================
2026-09-26 10:47:01,424 - INFO - New session close at 2026-09-26 10:47
2026-09-26 10:47:01,424 - INFO - ==================================================
2026-09-26 10:47:01,466 - DEBUG - Calling CoUninitialize()
2026-09-26 10:47:01,466 - DEBUG - CoUninitialize() done.
2026-09-26 10:47:07,362 - INFO - No OpenGL_accelerate module loaded: No module named 'OpenGL_accelerate'
2026-09-26 10:47:07,566 - DEBUG - CoInitializeEx(None, 2)
2026-09-26 10:47:07,614 - INFO - Imported existing <module 'comtypes.gen' from 'C:\\Users\\EXPSOL\\AppData\\Roaming\\Python\\Python312\\site-packages\\comtypes\\gen\\__init__.py'>
2026-09-26 10:47:07,614 - INFO - Using writeable comtypes cache directory: 'C:\Users\EXPSOL\AppData\Roaming\Python\Python312\site-packages\comtypes\gen'
2026-09-26 10:47:07,614 - DEBUG - GetModule(qedit.dll), resolved: False
2026-09-26 10:47:07,614 - DEBUG - GetModule(TLIBATTR(GUID={78530B68-61F9-11D2-8CAD-00A024580902}, Version=1.0, LCID=0, FLags=0x8))
2026-09-26 10:47:07,646 - DEBUG - Release <POINTER(ITypeLib) ptr=0x2531fe5bd50 at 253247739d0>
2026-09-26 10:47:07,646 - DEBUG - GetModule(quartz.dll), resolved: False
2026-09-26 10:47:07,646 - DEBUG - GetModule(TLIBATTR(GUID={56A868B0-0AD4-11CE-B03A-0020AF0BA770}, Version=1.0, LCID=0, FLags=0x8))
2026-09-26 10:47:07,646 - DEBUG - Release <POINTER(ITypeLib) ptr=0x2531fe5bd50 at 25324c05850>
2026-09-26 10:47:16,406 - INFO - UI load successful
2026-09-26 10:47:32,860 - INFO - Profile : Supervisor
2026-09-26 10:50:21,511 - INFO - File selected : D:/Atharva/Galvo_Scribber/Galvo_22092026/40mm_square.svg
2026-09-26 10:50:24,397 - INFO - Parameters saved for D:/Atharva/Galvo_Scribber/Galvo_22092026/40mm_square.svg
2026-09-26 10:52:34,605 - INFO - Galvo Laser Shutdown
2026-09-26 10:52:34,605 - CRITICAL - Laser 1 : OFF
2026-09-26 10:52:34,605 - CRITICAL - Laser 2 : OFF
2026-09-26 10:52:34,605 - INFO - Stepper Lasers Shutdown
2026-09-26 10:52:34,605 - INFO - COM connection close successfully
2026-09-26 10:52:34,605 - INFO - Main window close successfully
2026-09-26 10:52:34,617 - INFO - ==================================================
2026-09-26 10:52:34,617 - INFO - New session close at 2026-09-26 10:52
2026-09-26 10:52:34,617 - INFO - ==================================================
2026-09-26 10:52:34,638 - DEBUG - Calling CoUninitialize()
2026-09-26 10:52:34,638 - DEBUG - CoUninitialize() done.
2026-09-26 10:52:39,248 - INFO - No OpenGL_accelerate module loaded: No module named 'OpenGL_accelerate'
2026-09-26 10:52:39,472 - DEBUG - CoInitializeEx(None, 2)
2026-09-26 10:52:39,514 - INFO - Imported existing <module 'comtypes.gen' from 'C:\\Users\\EXPSOL\\AppData\\Roaming\\Python\\Python312\\site-packages\\comtypes\\gen\\__init__.py'>
2026-09-26 10:52:39,514 - INFO - Using writeable comtypes cache directory: 'C:\Users\EXPSOL\AppData\Roaming\Python\Python312\site-packages\comtypes\gen'
2026-09-26 10:52:39,514 - DEBUG - GetModule(qedit.dll), resolved: False
2026-09-26 10:52:39,514 - DEBUG - GetModule(TLIBATTR(GUID={78530B68-61F9-11D2-8CAD-00A024580902}, Version=1.0, LCID=0, FLags=0x8))
2026-09-26 10:52:39,546 - DEBUG - Release <POINTER(ITypeLib) ptr=0x1f1e855ae30 at 1f1ec923850>
2026-09-26 10:52:39,546 - DEBUG - GetModule(quartz.dll), resolved: False
2026-09-26 10:52:39,546 - DEBUG - GetModule(TLIBATTR(GUID={56A868B0-0AD4-11CE-B03A-0020AF0BA770}, Version=1.0, LCID=0, FLags=0x8))
2026-09-26 10:52:39,546 - DEBUG - Release <POINTER(ITypeLib) ptr=0x1f1e855b0f0 at 1f1ecdc56d0>
2026-09-26 10:52:48,607 - INFO - UI load successful
2026-09-26 10:53:00,035 - INFO - Profile : Supervisor
2026-09-26 10:53:16,830 - INFO - File selected : D:/Atharva/Galvo_Scribber/Galvo_22092026/80mm_square.svg
2026-09-26 10:53:19,387 - INFO - Parameters saved for D:/Atharva/Galvo_Scribber/Galvo_22092026/80mm_square.svg
2026-09-26 10:56:06,876 - INFO - File selected : D:/Atharva/Galvo_Scribber/Galvo_22092026/40mm_square.svg
2026-09-26 10:56:10,214 - INFO - Parameters saved for D:/Atharva/Galvo_Scribber/Galvo_22092026/40mm_square.svg
2026-09-26 11:28:46,375 - INFO - Galvo Laser Shutdown
2026-09-26 11:28:46,391 - CRITICAL - Laser 1 : OFF
2026-09-26 11:28:46,392 - CRITICAL - Laser 2 : OFF
2026-09-26 11:28:46,392 - INFO - Stepper Lasers Shutdown
2026-09-26 11:28:46,393 - INFO - COM connection close successfully
2026-09-26 11:28:46,394 - INFO - Main window close successfully
2026-09-26 11:28:46,397 - INFO - ==================================================
2026-09-26 11:28:46,397 - INFO - New session close at 2026-09-26 11:28
2026-09-26 11:28:46,397 - INFO - ==================================================
2026-09-26 11:28:46,431 - DEBUG - Calling CoUninitialize()
2026-09-26 11:28:46,431 - DEBUG - CoUninitialize() done.
2026-09-26 11:33:34,413 - INFO - No OpenGL_accelerate module loaded: No module named 'OpenGL_accelerate'
2026-09-26 11:33:34,814 - DEBUG - CoInitializeEx(None, 2)
2026-09-26 11:33:34,896 - INFO - Imported existing <module 'comtypes.gen' from 'C:\\Users\\EXPSOL\\AppData\\Roaming\\Python\\Python312\\site-packages\\comtypes\\gen\\__init__.py'>
2026-09-26 11:33:34,896 - INFO - Using writeable comtypes cache directory: 'C:\Users\EXPSOL\AppData\Roaming\Python\Python312\site-packages\comtypes\gen'
2026-09-26 11:33:34,915 - DEBUG - GetModule(qedit.dll), resolved: False
2026-09-26 11:33:34,915 - DEBUG - GetModule(TLIBATTR(GUID={78530B68-61F9-11D2-8CAD-00A024580902}, Version=1.0, LCID=0, FLags=0x8))
2026-09-26 11:33:34,948 - DEBUG - Release <POINTER(ITypeLib) ptr=0x1d52dc67580 at 1d5323c75d0>
2026-09-26 11:33:34,948 - DEBUG - GetModule(quartz.dll), resolved: False
2026-09-26 11:33:34,948 - DEBUG - GetModule(TLIBATTR(GUID={56A868B0-0AD4-11CE-B03A-0020AF0BA770}, Version=1.0, LCID=0, FLags=0x8))
2026-09-26 11:33:34,957 - DEBUG - Release <POINTER(ITypeLib) ptr=0x1d52dc68340 at 1d532865450>
2026-09-26 11:33:44,178 - INFO - UI load successful
2026-09-26 12:31:07,400 - INFO - No OpenGL_accelerate module loaded: No module named 'OpenGL_accelerate'
2026-09-26 12:31:09,275 - DEBUG - CoInitializeEx(None, 2)
2026-09-26 12:31:09,576 - INFO - Imported existing <module 'comtypes.gen' from 'C:\\Users\\EXPSOL\\AppData\\Roaming\\Python\\Python312\\site-packages\\comtypes\\gen\\__init__.py'>
2026-09-26 12:31:09,576 - INFO - Using writeable comtypes cache directory: 'C:\Users\EXPSOL\AppData\Roaming\Python\Python312\site-packages\comtypes\gen'
2026-09-26 12:31:09,624 - DEBUG - GetModule(qedit.dll), resolved: False
2026-09-26 12:31:09,624 - DEBUG - GetModule(TLIBATTR(GUID={78530B68-61F9-11D2-8CAD-00A024580902}, Version=1.0, LCID=0, FLags=0x8))
2026-09-26 12:31:09,681 - DEBUG - Release <POINTER(ITypeLib) ptr=0x27f07567930 at 27f1eff75d0>
2026-09-26 12:31:09,681 - DEBUG - GetModule(quartz.dll), resolved: False
2026-09-26 12:31:09,687 - DEBUG - GetModule(TLIBATTR(GUID={56A868B0-0AD4-11CE-B03A-0020AF0BA770}, Version=1.0, LCID=0, FLags=0x8))
2026-09-26 12:31:09,704 - DEBUG - Release <POINTER(ITypeLib) ptr=0x27f07565af0 at 27f1f495450>
2026-09-26 12:31:10,213 - DEBUG - Calling CoUninitialize()
2026-09-26 12:31:10,213 - DEBUG - CoUninitialize() done.
2026-09-26 12:32:50,928 - INFO - No OpenGL_accelerate module loaded: No module named 'OpenGL_accelerate'
2026-09-26 12:32:51,151 - DEBUG - CoInitializeEx(None, 2)
2026-09-26 12:32:51,202 - INFO - Imported existing <module 'comtypes.gen' from 'C:\\Users\\EXPSOL\\AppData\\Roaming\\Python\\Python312\\site-packages\\comtypes\\gen\\__init__.py'>
2026-09-26 12:32:51,202 - INFO - Using writeable comtypes cache directory: 'C:\Users\EXPSOL\AppData\Roaming\Python\Python312\site-packages\comtypes\gen'
2026-09-26 12:32:51,206 - DEBUG - GetModule(qedit.dll), resolved: False
2026-09-26 12:32:51,210 - DEBUG - GetModule(TLIBATTR(GUID={78530B68-61F9-11D2-8CAD-00A024580902}, Version=1.0, LCID=0, FLags=0x8))
2026-09-26 12:32:51,230 - DEBUG - Release <POINTER(ITypeLib) ptr=0x20bc1305ca0 at 20bc5b7f550>
2026-09-26 12:32:51,230 - DEBUG - GetModule(quartz.dll), resolved: False
2026-09-26 12:32:51,230 - DEBUG - GetModule(TLIBATTR(GUID={56A868B0-0AD4-11CE-B03A-0020AF0BA770}, Version=1.0, LCID=0, FLags=0x8))
2026-09-26 12:32:51,230 - DEBUG - Release <POINTER(ITypeLib) ptr=0x20bc13059e0 at 20bc60253d0>
2026-09-26 12:32:51,523 - DEBUG - Calling CoUninitialize()
2026-09-26 12:32:51,523 - DEBUG - CoUninitialize() done.
2026-09-26 12:33:21,755 - INFO - No OpenGL_accelerate module loaded: No module named 'OpenGL_accelerate'
2026-09-26 12:33:21,945 - DEBUG - CoInitializeEx(None, 2)
2026-09-26 12:33:21,991 - INFO - Imported existing <module 'comtypes.gen' from 'C:\\Users\\EXPSOL\\AppData\\Roaming\\Python\\Python312\\site-packages\\comtypes\\gen\\__init__.py'>
2026-09-26 12:33:21,991 - INFO - Using writeable comtypes cache directory: 'C:\Users\EXPSOL\AppData\Roaming\Python\Python312\site-packages\comtypes\gen'
2026-09-26 12:33:21,991 - DEBUG - GetModule(qedit.dll), resolved: False
2026-09-26 12:33:21,991 - DEBUG - GetModule(TLIBATTR(GUID={78530B68-61F9-11D2-8CAD-00A024580902}, Version=1.0, LCID=0, FLags=0x8))
2026-09-26 12:33:22,023 - DEBUG - Release <POINTER(ITypeLib) ptr=0x223462bf460 at 2234ab4f550>
2026-09-26 12:33:22,023 - DEBUG - GetModule(quartz.dll), resolved: False
2026-09-26 12:33:22,023 - DEBUG - GetModule(TLIBATTR(GUID={56A868B0-0AD4-11CE-B03A-0020AF0BA770}, Version=1.0, LCID=0, FLags=0x8))
2026-09-26 12:33:22,025 - DEBUG - Release <POINTER(ITypeLib) ptr=0x223462c1820 at 2234aff53d0>
2026-09-26 12:33:22,305 - DEBUG - Calling CoUninitialize()
2026-09-26 12:33:22,305 - DEBUG - CoUninitialize() done.
2026-09-26 12:33:39,591 - INFO - No OpenGL_accelerate module loaded: No module named 'OpenGL_accelerate'
2026-09-26 12:33:39,877 - DEBUG - CoInitializeEx(None, 2)
2026-09-26 12:33:39,935 - INFO - Imported existing <module 'comtypes.gen' from 'C:\\Users\\EXPSOL\\AppData\\Roaming\\Python\\Python312\\site-packages\\comtypes\\gen\\__init__.py'>
2026-09-26 12:33:39,935 - INFO - Using writeable comtypes cache directory: 'C:\Users\EXPSOL\AppData\Roaming\Python\Python312\site-packages\comtypes\gen'
2026-09-26 12:33:39,935 - DEBUG - GetModule(qedit.dll), resolved: False
2026-09-26 12:33:39,935 - DEBUG - GetModule(TLIBATTR(GUID={78530B68-61F9-11D2-8CAD-00A024580902}, Version=1.0, LCID=0, FLags=0x8))
2026-09-26 12:33:39,967 - DEBUG - Release <POINTER(ITypeLib) ptr=0x1e7e0e6d2e0 at 1e7e56cf550>
2026-09-26 12:33:39,967 - DEBUG - GetModule(quartz.dll), resolved: False
2026-09-26 12:33:39,967 - DEBUG - GetModule(TLIBATTR(GUID={56A868B0-0AD4-11CE-B03A-0020AF0BA770}, Version=1.0, LCID=0, FLags=0x8))
2026-09-26 12:33:39,985 - DEBUG - Release <POINTER(ITypeLib) ptr=0x1e7e0e6a160 at 1e7e5b753d0>
2026-09-26 12:33:40,282 - DEBUG - Calling CoUninitialize()
2026-09-26 12:33:40,282 - DEBUG - CoUninitialize() done.
2026-09-26 12:34:13,424 - INFO - No OpenGL_accelerate module loaded: No module named 'OpenGL_accelerate'
2026-09-26 12:34:13,630 - DEBUG - CoInitializeEx(None, 2)
2026-09-26 12:34:13,677 - INFO - Imported existing <module 'comtypes.gen' from 'C:\\Users\\EXPSOL\\AppData\\Roaming\\Python\\Python312\\site-packages\\comtypes\\gen\\__init__.py'>
2026-09-26 12:34:13,677 - INFO - Using writeable comtypes cache directory: 'C:\Users\EXPSOL\AppData\Roaming\Python\Python312\site-packages\comtypes\gen'
2026-09-26 12:34:13,685 - DEBUG - GetModule(qedit.dll), resolved: False
2026-09-26 12:34:13,685 - DEBUG - GetModule(TLIBATTR(GUID={78530B68-61F9-11D2-8CAD-00A024580902}, Version=1.0, LCID=0, FLags=0x8))
2026-09-26 12:34:13,709 - DEBUG - Release <POINTER(ITypeLib) ptr=0x230de159d00 at 230e28cf550>
2026-09-26 12:34:13,709 - DEBUG - GetModule(quartz.dll), resolved: False
2026-09-26 12:34:13,709 - DEBUG - GetModule(TLIBATTR(GUID={56A868B0-0AD4-11CE-B03A-0020AF0BA770}, Version=1.0, LCID=0, FLags=0x8))
2026-09-26 12:34:13,709 - DEBUG - Release <POINTER(ITypeLib) ptr=0x230de1594c0 at 230e2d753d0>
2026-09-26 12:34:13,993 - DEBUG - Calling CoUninitialize()
2026-09-26 12:34:13,993 - DEBUG - CoUninitialize() done.
2026-09-26 12:35:31,551 - INFO - No OpenGL_accelerate module loaded: No module named 'OpenGL_accelerate'
2026-09-26 12:35:31,741 - DEBUG - CoInitializeEx(None, 2)
2026-09-26 12:35:31,789 - INFO - Imported existing <module 'comtypes.gen' from 'C:\\Users\\EXPSOL\\AppData\\Roaming\\Python\\Python312\\site-packages\\comtypes\\gen\\__init__.py'>
2026-09-26 12:35:31,789 - INFO - Using writeable comtypes cache directory: 'C:\Users\EXPSOL\AppData\Roaming\Python\Python312\site-packages\comtypes\gen'
2026-09-26 12:35:31,804 - DEBUG - GetModule(qedit.dll), resolved: False
2026-09-26 12:35:31,804 - DEBUG - GetModule(TLIBATTR(GUID={78530B68-61F9-11D2-8CAD-00A024580902}, Version=1.0, LCID=0, FLags=0x8))
2026-09-26 12:35:31,820 - DEBUG - Release <POINTER(ITypeLib) ptr=0x199ab60a930 at 199afe4f550>
2026-09-26 12:35:31,820 - DEBUG - GetModule(quartz.dll), resolved: False
2026-09-26 12:35:31,820 - DEBUG - GetModule(TLIBATTR(GUID={56A868B0-0AD4-11CE-B03A-0020AF0BA770}, Version=1.0, LCID=0, FLags=0x8))
2026-09-26 12:35:31,836 - DEBUG - Release <POINTER(ITypeLib) ptr=0x199ab60d7f0 at 199b02f53d0>
2026-09-26 12:35:41,003 - DEBUG - Calling CoUninitialize()
2026-09-26 12:35:41,003 - DEBUG - CoUninitialize() done.
2026-09-26 12:36:20,647 - INFO - No OpenGL_accelerate module loaded: No module named 'OpenGL_accelerate'
2026-09-26 12:36:20,838 - DEBUG - CoInitializeEx(None, 2)
2026-09-26 12:36:20,886 - INFO - Imported existing <module 'comtypes.gen' from 'C:\\Users\\EXPSOL\\AppData\\Roaming\\Python\\Python312\\site-packages\\comtypes\\gen\\__init__.py'>
2026-09-26 12:36:20,886 - INFO - Using writeable comtypes cache directory: 'C:\Users\EXPSOL\AppData\Roaming\Python\Python312\site-packages\comtypes\gen'
2026-09-26 12:36:20,901 - DEBUG - GetModule(qedit.dll), resolved: False
2026-09-26 12:36:20,903 - DEBUG - GetModule(TLIBATTR(GUID={78530B68-61F9-11D2-8CAD-00A024580902}, Version=1.0, LCID=0, FLags=0x8))
2026-09-26 12:36:20,917 - DEBUG - Release <POINTER(ITypeLib) ptr=0x1bacf931a70 at 1bad416b550>
2026-09-26 12:36:20,917 - DEBUG - GetModule(quartz.dll), resolved: False
2026-09-26 12:36:20,917 - DEBUG - GetModule(TLIBATTR(GUID={56A868B0-0AD4-11CE-B03A-0020AF0BA770}, Version=1.0, LCID=0, FLags=0x8))
2026-09-26 12:36:20,933 - DEBUG - Release <POINTER(ITypeLib) ptr=0x1bacf931a70 at 1bad46153d0>
2026-09-26 12:36:29,994 - INFO - UI load successful
2026-09-26 12:36:30,001 - DEBUG - Calling CoUninitialize()
2026-09-26 12:36:30,001 - DEBUG - CoUninitialize() done.
2026-09-26 12:37:12,883 - INFO - No OpenGL_accelerate module loaded: No module named 'OpenGL_accelerate'
2026-09-26 12:37:13,095 - DEBUG - CoInitializeEx(None, 2)
2026-09-26 12:37:13,140 - INFO - Imported existing <module 'comtypes.gen' from 'C:\\Users\\EXPSOL\\AppData\\Roaming\\Python\\Python312\\site-packages\\comtypes\\gen\\__init__.py'>
2026-09-26 12:37:13,140 - INFO - Using writeable comtypes cache directory: 'C:\Users\EXPSOL\AppData\Roaming\Python\Python312\site-packages\comtypes\gen'
2026-09-26 12:37:13,140 - DEBUG - GetModule(qedit.dll), resolved: False
2026-09-26 12:37:13,140 - DEBUG - GetModule(TLIBATTR(GUID={78530B68-61F9-11D2-8CAD-00A024580902}, Version=1.0, LCID=0, FLags=0x8))
2026-09-26 12:37:13,172 - DEBUG - Release <POINTER(ITypeLib) ptr=0x2695dddbc10 at 269626cb5d0>
2026-09-26 12:37:13,172 - DEBUG - GetModule(quartz.dll), resolved: False
2026-09-26 12:37:13,172 - DEBUG - GetModule(TLIBATTR(GUID={56A868B0-0AD4-11CE-B03A-0020AF0BA770}, Version=1.0, LCID=0, FLags=0x8))
2026-09-26 12:37:13,188 - DEBUG - Release <POINTER(ITypeLib) ptr=0x2695dddae50 at 26962b71450>
2026-09-26 12:37:22,240 - INFO - UI load successful
2026-09-26 12:40:32,639 - INFO - No OpenGL_accelerate module loaded: No module named 'OpenGL_accelerate'
2026-09-26 12:40:32,860 - DEBUG - CoInitializeEx(None, 2)
2026-09-26 12:40:32,909 - INFO - Imported existing <module 'comtypes.gen' from 'C:\\Users\\EXPSOL\\AppData\\Roaming\\Python\\Python312\\site-packages\\comtypes\\gen\\__init__.py'>
2026-09-26 12:40:32,909 - INFO - Using writeable comtypes cache directory: 'C:\Users\EXPSOL\AppData\Roaming\Python\Python312\site-packages\comtypes\gen'
2026-09-26 12:40:32,913 - DEBUG - GetModule(qedit.dll), resolved: False
2026-09-26 12:40:32,913 - DEBUG - GetModule(TLIBATTR(GUID={78530B68-61F9-11D2-8CAD-00A024580902}, Version=1.0, LCID=0, FLags=0x8))
2026-09-26 12:40:32,938 - DEBUG - Release <POINTER(ITypeLib) ptr=0x22d9acda5c0 at 22db27fb650>
2026-09-26 12:40:32,938 - DEBUG - GetModule(quartz.dll), resolved: False
2026-09-26 12:40:32,940 - DEBUG - GetModule(TLIBATTR(GUID={56A868B0-0AD4-11CE-B03A-0020AF0BA770}, Version=1.0, LCID=0, FLags=0x8))
2026-09-26 12:40:32,947 - DEBUG - Release <POINTER(ITypeLib) ptr=0x22d9acda5c0 at 22db2ca14d0>
2026-09-26 12:40:35,812 - INFO - >> Hardware Trigger: DI1 (Start) Pressed!
2026-09-26 12:40:35,814 - INFO - >> Hardware Trigger: DI2 (Abort) Pressed!
2026-09-26 12:40:35,863 - INFO - >> Hardware Trigger: DI1 (Start) Not Pressed!
2026-09-26 12:40:35,863 - INFO - >> Hardware Trigger: DI2 (Abort) Not Pressed!
2026-09-26 12:40:42,021 - INFO - UI load successful
2026-09-26 12:40:55,157 - INFO - Galvo Laser Shutdown
2026-09-26 12:40:55,173 - CRITICAL - Laser 1 : OFF
2026-09-26 12:40:55,173 - CRITICAL - Laser 2 : OFF
2026-09-26 12:40:55,173 - INFO - Stepper Lasers Shutdown
2026-09-26 12:40:55,173 - INFO - COM connection close successfully
2026-09-26 12:40:55,173 - INFO - Main window close successfully
2026-09-26 12:40:55,173 - INFO - ==================================================
2026-09-26 12:40:55,173 - INFO - New session close at 2026-09-26 12:40
2026-09-26 12:40:55,173 - INFO - ==================================================
2026-09-26 12:40:55,189 - DEBUG - Calling CoUninitialize()
2026-09-26 12:40:55,189 - DEBUG - CoUninitialize() done.
2026-09-26 12:43:03,745 - INFO - No OpenGL_accelerate module loaded: No module named 'OpenGL_accelerate'
2026-09-26 12:43:03,952 - DEBUG - CoInitializeEx(None, 2)
2026-09-26 12:43:03,999 - INFO - Imported existing <module 'comtypes.gen' from 'C:\\Users\\EXPSOL\\AppData\\Roaming\\Python\\Python312\\site-packages\\comtypes\\gen\\__init__.py'>
2026-09-26 12:43:03,999 - INFO - Using writeable comtypes cache directory: 'C:\Users\EXPSOL\AppData\Roaming\Python\Python312\site-packages\comtypes\gen'
2026-09-26 12:43:03,999 - DEBUG - GetModule(qedit.dll), resolved: False
2026-09-26 12:43:03,999 - DEBUG - GetModule(TLIBATTR(GUID={78530B68-61F9-11D2-8CAD-00A024580902}, Version=1.0, LCID=0, FLags=0x8))
2026-09-26 12:43:04,031 - DEBUG - Release <POINTER(ITypeLib) ptr=0x18c745ca200 at 18c78e1b5d0>
2026-09-26 12:43:04,031 - DEBUG - GetModule(quartz.dll), resolved: False
2026-09-26 12:43:04,031 - DEBUG - GetModule(TLIBATTR(GUID={56A868B0-0AD4-11CE-B03A-0020AF0BA770}, Version=1.0, LCID=0, FLags=0x8))
2026-09-26 12:43:04,031 - DEBUG - Release <POINTER(ITypeLib) ptr=0x18c745ca200 at 18c792c1450>
2026-09-26 12:43:06,955 - INFO - >> Hardware Trigger: DI1 (Start) Pressed!
2026-09-26 12:43:06,956 - INFO - >> Hardware Trigger: DI2 (Abort) Pressed!
2026-09-26 12:43:07,034 - INFO - >> Hardware Trigger: DI1 (Start) Not Pressed!
2026-09-26 12:43:07,034 - INFO - >> Hardware Trigger: DI2 (Abort) Not Pressed!
2026-09-26 12:43:13,094 - INFO - UI load successful
2026-09-26 12:45:08,777 - INFO - No OpenGL_accelerate module loaded: No module named 'OpenGL_accelerate'
2026-09-26 12:45:08,994 - DEBUG - CoInitializeEx(None, 2)
2026-09-26 12:45:09,046 - INFO - Imported existing <module 'comtypes.gen' from 'C:\\Users\\EXPSOL\\AppData\\Roaming\\Python\\Python312\\site-packages\\comtypes\\gen\\__init__.py'>
2026-09-26 12:45:09,046 - INFO - Using writeable comtypes cache directory: 'C:\Users\EXPSOL\AppData\Roaming\Python\Python312\site-packages\comtypes\gen'
2026-09-26 12:45:09,051 - DEBUG - GetModule(qedit.dll), resolved: False
2026-09-26 12:45:09,051 - DEBUG - GetModule(TLIBATTR(GUID={78530B68-61F9-11D2-8CAD-00A024580902}, Version=1.0, LCID=0, FLags=0x8))
2026-09-26 12:45:09,073 - DEBUG - Release <POINTER(ITypeLib) ptr=0x2442561a900 at 24429d1b650>
2026-09-26 12:45:09,073 - DEBUG - GetModule(quartz.dll), resolved: False
2026-09-26 12:45:09,073 - DEBUG - GetModule(TLIBATTR(GUID={56A868B0-0AD4-11CE-B03A-0020AF0BA770}, Version=1.0, LCID=0, FLags=0x8))
2026-09-26 12:45:09,083 - DEBUG - Release <POINTER(ITypeLib) ptr=0x2442561a900 at 2442a1c14d0>
2026-09-26 12:45:11,983 - INFO - >> Hardware Trigger: DI1 (Start) Pressed!
2026-09-26 12:45:11,983 - INFO - >> Hardware Trigger: DI1 (Start) Pressed!
2026-09-26 12:45:12,049 - INFO - >> Hardware Trigger: DI1 (Start) Not Pressed!
2026-09-26 12:45:12,049 - INFO - >> Hardware Trigger: DI1 (Start) Not Pressed!
2026-09-26 12:45:18,173 - INFO - UI load successful
2026-09-26 12:45:40,065 - INFO - Galvo Laser Shutdown
2026-09-26 12:45:40,065 - CRITICAL - Laser 1 : OFF
2026-09-26 12:45:40,065 - CRITICAL - Laser 2 : OFF
2026-09-26 12:45:40,065 - INFO - Stepper Lasers Shutdown
2026-09-26 12:45:40,065 - INFO - COM connection close successfully
2026-09-26 12:45:40,065 - INFO - Main window close successfully
2026-09-26 12:45:40,065 - INFO - ==================================================
2026-09-26 12:45:40,065 - INFO - New session close at 2026-09-26 12:45
2026-09-26 12:45:40,065 - INFO - ==================================================
2026-09-26 12:45:40,085 - DEBUG - Calling CoUninitialize()
2026-09-26 12:45:40,085 - DEBUG - CoUninitialize() done.
2026-09-26 12:47:34,654 - INFO - No OpenGL_accelerate module loaded: No module named 'OpenGL_accelerate'
2026-09-26 12:47:34,912 - DEBUG - CoInitializeEx(None, 2)
2026-09-26 12:47:34,967 - INFO - Imported existing <module 'comtypes.gen' from 'C:\\Users\\EXPSOL\\AppData\\Roaming\\Python\\Python312\\site-packages\\comtypes\\gen\\__init__.py'>
2026-09-26 12:47:34,967 - INFO - Using writeable comtypes cache directory: 'C:\Users\EXPSOL\AppData\Roaming\Python\Python312\site-packages\comtypes\gen'
2026-09-26 12:47:34,967 - DEBUG - GetModule(qedit.dll), resolved: False
2026-09-26 12:47:34,967 - DEBUG - GetModule(TLIBATTR(GUID={78530B68-61F9-11D2-8CAD-00A024580902}, Version=1.0, LCID=0, FLags=0x8))
2026-09-26 12:47:34,999 - DEBUG - Release <POINTER(ITypeLib) ptr=0x13fa278c460 at 13fba2f75d0>
2026-09-26 12:47:34,999 - DEBUG - GetModule(quartz.dll), resolved: False
2026-09-26 12:47:34,999 - DEBUG - GetModule(TLIBATTR(GUID={56A868B0-0AD4-11CE-B03A-0020AF0BA770}, Version=1.0, LCID=0, FLags=0x8))
2026-09-26 12:47:35,016 - DEBUG - Release <POINTER(ITypeLib) ptr=0x13fa278c1a0 at 13fba7a1450>
2026-09-26 12:47:38,080 - INFO - >> Hardware Trigger: DI1 (Start) Pressed!
2026-09-26 12:47:38,080 - INFO - >> Hardware Trigger: DI1 (Start) Pressed!
2026-09-26 12:47:38,198 - INFO - >> Hardware Trigger: DI1 (Start) Not Pressed!
2026-09-26 12:47:38,199 - INFO - >> Hardware Trigger: DI1 (Start) Not Pressed!
2026-09-26 12:47:44,179 - DEBUG - Calling CoUninitialize()
2026-09-26 12:47:44,179 - DEBUG - CoUninitialize() done.
2026-09-26 12:49:31,281 - INFO - No OpenGL_accelerate module loaded: No module named 'OpenGL_accelerate'
2026-09-26 12:49:31,503 - DEBUG - CoInitializeEx(None, 2)
2026-09-26 12:49:31,554 - INFO - Imported existing <module 'comtypes.gen' from 'C:\\Users\\EXPSOL\\AppData\\Roaming\\Python\\Python312\\site-packages\\comtypes\\gen\\__init__.py'>
2026-09-26 12:49:31,554 - INFO - Using writeable comtypes cache directory: 'C:\Users\EXPSOL\AppData\Roaming\Python\Python312\site-packages\comtypes\gen'
2026-09-26 12:49:31,554 - DEBUG - GetModule(qedit.dll), resolved: False
2026-09-26 12:49:31,554 - DEBUG - GetModule(TLIBATTR(GUID={78530B68-61F9-11D2-8CAD-00A024580902}, Version=1.0, LCID=0, FLags=0x8))
2026-09-26 12:49:31,583 - DEBUG - Release <POINTER(ITypeLib) ptr=0x22e577b7c00 at 22e5c063550>
2026-09-26 12:49:31,583 - DEBUG - GetModule(quartz.dll), resolved: False
2026-09-26 12:49:31,583 - DEBUG - GetModule(TLIBATTR(GUID={56A868B0-0AD4-11CE-B03A-0020AF0BA770}, Version=1.0, LCID=0, FLags=0x8))
2026-09-26 12:49:31,583 - DEBUG - Release <POINTER(ITypeLib) ptr=0x22e577b5580 at 22e5c5113d0>
2026-09-26 12:49:34,455 - INFO - >> Hardware Trigger: DI1 (Start) Pressed!
2026-09-26 12:49:34,455 - INFO - >> Hardware Trigger: DI1 (Start) Pressed!
2026-09-26 12:49:34,554 - INFO - >> Hardware Trigger: DI1 (Start) Not Pressed!
2026-09-26 12:49:34,554 - INFO - >> Hardware Trigger: DI1 (Start) Not Pressed!
2026-09-26 12:49:40,637 - DEBUG - Calling CoUninitialize()
2026-09-26 12:49:40,637 - DEBUG - CoUninitialize() done.
2026-09-26 12:50:21,668 - INFO - No OpenGL_accelerate module loaded: No module named 'OpenGL_accelerate'
2026-09-26 12:50:21,886 - DEBUG - CoInitializeEx(None, 2)
2026-09-26 12:50:21,945 - INFO - Imported existing <module 'comtypes.gen' from 'C:\\Users\\EXPSOL\\AppData\\Roaming\\Python\\Python312\\site-packages\\comtypes\\gen\\__init__.py'>
2026-09-26 12:50:21,945 - INFO - Using writeable comtypes cache directory: 'C:\Users\EXPSOL\AppData\Roaming\Python\Python312\site-packages\comtypes\gen'
2026-09-26 12:50:21,960 - DEBUG - GetModule(qedit.dll), resolved: False
2026-09-26 12:50:21,960 - DEBUG - GetModule(TLIBATTR(GUID={78530B68-61F9-11D2-8CAD-00A024580902}, Version=1.0, LCID=0, FLags=0x8))
2026-09-26 12:50:21,983 - DEBUG - Release <POINTER(ITypeLib) ptr=0x2735875d160 at 2735c7f3550>
2026-09-26 12:50:21,985 - DEBUG - GetModule(quartz.dll), resolved: False
2026-09-26 12:50:21,985 - DEBUG - GetModule(TLIBATTR(GUID={56A868B0-0AD4-11CE-B03A-0020AF0BA770}, Version=1.0, LCID=0, FLags=0x8))
2026-09-26 12:50:21,993 - DEBUG - Release <POINTER(ITypeLib) ptr=0x2735875d9a0 at 2735cca13d0>
2026-09-26 12:50:24,899 - INFO - >> Hardware Trigger: DI1 (Start) Pressed!
2026-09-26 12:50:24,899 - INFO - >> Hardware Trigger: DI1 (Start) Pressed!
2026-09-26 12:50:24,953 - INFO - >> Hardware Trigger: DI1 (Start) Not Pressed!
2026-09-26 12:50:24,971 - INFO - >> Hardware Trigger: DI1 (Start) Not Pressed!
2026-09-26 12:50:31,020 - INFO - UI load successful
2026-09-26 12:53:30,638 - INFO - No OpenGL_accelerate module loaded: No module named 'OpenGL_accelerate'
2026-09-26 12:53:30,907 - DEBUG - CoInitializeEx(None, 2)
2026-09-26 12:53:30,986 - INFO - Imported existing <module 'comtypes.gen' from 'C:\\Users\\EXPSOL\\AppData\\Roaming\\Python\\Python312\\site-packages\\comtypes\\gen\\__init__.py'>
2026-09-26 12:53:30,986 - INFO - Using writeable comtypes cache directory: 'C:\Users\EXPSOL\AppData\Roaming\Python\Python312\site-packages\comtypes\gen'
2026-09-26 12:53:30,986 - DEBUG - GetModule(qedit.dll), resolved: False
2026-09-26 12:53:30,986 - DEBUG - GetModule(TLIBATTR(GUID={78530B68-61F9-11D2-8CAD-00A024580902}, Version=1.0, LCID=0, FLags=0x8))
2026-09-26 12:53:31,025 - DEBUG - Release <POINTER(ITypeLib) ptr=0x1d68c92ba00 at 1d6a43675d0>
2026-09-26 12:53:31,025 - DEBUG - GetModule(quartz.dll), resolved: False
2026-09-26 12:53:31,025 - DEBUG - GetModule(TLIBATTR(GUID={56A868B0-0AD4-11CE-B03A-0020AF0BA770}, Version=1.0, LCID=0, FLags=0x8))
2026-09-26 12:53:31,034 - DEBUG - Release <POINTER(ITypeLib) ptr=0x1d68c92ddc0 at 1d6a4811450>
2026-09-26 12:53:33,983 - INFO - >> Hardware Trigger: DI1 (Start) Pressed!
2026-09-26 12:53:33,983 - INFO - >> Hardware Trigger: DI1 (Start) Pressed!
2026-09-26 12:53:34,046 - INFO - >> Hardware Trigger: DI1 (Start) Not Pressed!
2026-09-26 12:53:34,061 - INFO - >> Hardware Trigger: DI1 (Start) Not Pressed!
2026-09-26 12:53:40,236 - INFO - UI load successful
2026-09-26 12:53:55,581 - INFO - Close event ignored.
2026-09-26 12:54:09,332 - INFO - Galvo Laser Shutdown
2026-09-26 12:54:09,332 - INFO - Stepper Lasers Shutdown
2026-09-26 12:54:09,332 - INFO - COM connection close successfully
2026-09-26 12:54:09,332 - INFO - Main window close successfully
2026-09-26 12:54:09,332 - INFO - ==================================================
2026-09-26 12:54:09,332 - INFO - New session close at 2026-09-26 12:54
2026-09-26 12:54:09,332 - INFO - ==================================================
2026-09-26 12:54:09,356 - DEBUG - Calling CoUninitialize()
2026-09-26 12:54:09,356 - DEBUG - CoUninitialize() done.
2026-09-26 12:54:45,661 - INFO - No OpenGL_accelerate module loaded: No module named 'OpenGL_accelerate'
2026-09-26 12:54:45,930 - DEBUG - CoInitializeEx(None, 2)
2026-09-26 12:54:46,004 - INFO - Imported existing <module 'comtypes.gen' from 'C:\\Users\\EXPSOL\\AppData\\Roaming\\Python\\Python312\\site-packages\\comtypes\\gen\\__init__.py'>
2026-09-26 12:54:46,004 - INFO - Using writeable comtypes cache directory: 'C:\Users\EXPSOL\AppData\Roaming\Python\Python312\site-packages\comtypes\gen'
2026-09-26 12:54:46,010 - DEBUG - GetModule(qedit.dll), resolved: False
2026-09-26 12:54:46,011 - DEBUG - GetModule(TLIBATTR(GUID={78530B68-61F9-11D2-8CAD-00A024580902}, Version=1.0, LCID=0, FLags=0x8))
2026-09-26 12:54:46,029 - DEBUG - Release <POINTER(ITypeLib) ptr=0x1eda1725540 at 1eda5f975d0>
2026-09-26 12:54:46,029 - DEBUG - GetModule(quartz.dll), resolved: False
2026-09-26 12:54:46,029 - DEBUG - GetModule(TLIBATTR(GUID={56A868B0-0AD4-11CE-B03A-0020AF0BA770}, Version=1.0, LCID=0, FLags=0x8))
2026-09-26 12:54:46,046 - DEBUG - Release <POINTER(ITypeLib) ptr=0x1eda1725540 at 1eda6441450>
2026-09-26 12:54:48,927 - INFO - >> Hardware Trigger: DI1 (Start) Pressed!
2026-09-26 12:54:48,927 - INFO - >> Hardware Trigger: DI1 (Start) Pressed!
2026-09-26 12:54:48,951 - INFO - >> Hardware Trigger: DI1 (Start) Not Pressed!
2026-09-26 12:54:48,959 - INFO - >> Hardware Trigger: DI1 (Start) Not Pressed!
2026-09-26 12:54:55,129 - INFO - UI load successful
2026-09-26 12:55:07,341 - INFO - Galvo Laser Shutdown
2026-09-26 12:55:07,341 - INFO - Stepper Lasers Shutdown
2026-09-26 12:55:07,357 - INFO - COM connection close successfully
2026-09-26 12:55:07,357 - INFO - Main window close successfully
2026-09-26 12:55:07,357 - INFO - ==================================================
2026-09-26 12:55:07,357 - INFO - New session close at 2026-09-26 12:55
2026-09-26 12:55:07,357 - INFO - ==================================================
2026-09-26 12:55:07,367 - DEBUG - Calling CoUninitialize()
2026-09-26 12:55:07,367 - DEBUG - CoUninitialize() done.
2026-09-26 12:59:29,547 - INFO - No OpenGL_accelerate module loaded: No module named 'OpenGL_accelerate'
2026-09-26 12:59:29,841 - DEBUG - CoInitializeEx(None, 2)
2026-09-26 12:59:29,935 - INFO - Imported existing <module 'comtypes.gen' from 'C:\\Users\\EXPSOL\\AppData\\Roaming\\Python\\Python312\\site-packages\\comtypes\\gen\\__init__.py'>
2026-09-26 12:59:29,935 - INFO - Using writeable comtypes cache directory: 'C:\Users\EXPSOL\AppData\Roaming\Python\Python312\site-packages\comtypes\gen'
2026-09-26 12:59:29,955 - DEBUG - GetModule(qedit.dll), resolved: False
2026-09-26 12:59:29,955 - DEBUG - GetModule(TLIBATTR(GUID={78530B68-61F9-11D2-8CAD-00A024580902}, Version=1.0, LCID=0, FLags=0x8))
2026-09-26 12:59:30,009 - DEBUG - Release <POINTER(ITypeLib) ptr=0x2107984f620 at 210112275d0>
2026-09-26 12:59:30,009 - DEBUG - GetModule(quartz.dll), resolved: False
2026-09-26 12:59:30,009 - DEBUG - GetModule(TLIBATTR(GUID={56A868B0-0AD4-11CE-B03A-0020AF0BA770}, Version=1.0, LCID=0, FLags=0x8))
2026-09-26 12:59:30,018 - DEBUG - Release <POINTER(ITypeLib) ptr=0x21079850c20 at 210116d1450>
2026-09-26 12:59:32,995 - INFO - >> Hardware Trigger: DI1 (Start) Pressed!
2026-09-26 12:59:32,998 - INFO - >> Hardware Trigger: DI1 (Start) Pressed!
2026-09-26 12:59:33,063 - INFO - >> Hardware Trigger: DI1 (Start) Not Pressed!
2026-09-26 12:59:33,069 - INFO - >> Hardware Trigger: DI1 (Start) Not Pressed!
2026-09-26 12:59:39,123 - INFO - UI load successful
2026-09-26 13:02:39,440 - INFO - Galvo Laser Shutdown
2026-09-26 13:02:39,440 - INFO - Stepper Lasers Shutdown
2026-09-26 13:02:39,440 - INFO - COM connection close successfully
2026-09-26 13:02:39,440 - INFO - Main window close successfully
2026-09-26 13:02:39,440 - INFO - ==================================================
2026-09-26 13:02:39,440 - INFO - New session close at 2026-09-26 13:02
2026-09-26 13:02:39,440 - INFO - ==================================================
2026-09-26 13:02:39,465 - DEBUG - Calling CoUninitialize()
2026-09-26 13:02:39,465 - DEBUG - CoUninitialize() done.
2026-09-26 13:06:12,793 - INFO - No OpenGL_accelerate module loaded: No module named 'OpenGL_accelerate'
2026-09-26 13:06:13,062 - DEBUG - CoInitializeEx(None, 2)
2026-09-26 13:06:13,132 - INFO - Imported existing <module 'comtypes.gen' from 'C:\\Users\\EXPSOL\\AppData\\Roaming\\Python\\Python312\\site-packages\\comtypes\\gen\\__init__.py'>
2026-09-26 13:06:13,132 - INFO - Using writeable comtypes cache directory: 'C:\Users\EXPSOL\AppData\Roaming\Python\Python312\site-packages\comtypes\gen'
2026-09-26 13:06:13,142 - DEBUG - GetModule(qedit.dll), resolved: False
2026-09-26 13:06:13,142 - DEBUG - GetModule(TLIBATTR(GUID={78530B68-61F9-11D2-8CAD-00A024580902}, Version=1.0, LCID=0, FLags=0x8))
2026-09-26 13:06:13,164 - DEBUG - Release <POINTER(ITypeLib) ptr=0x299efab19f0 at 299875475d0>
2026-09-26 13:06:13,164 - DEBUG - GetModule(quartz.dll), resolved: False
2026-09-26 13:06:13,164 - DEBUG - GetModule(TLIBATTR(GUID={56A868B0-0AD4-11CE-B03A-0020AF0BA770}, Version=1.0, LCID=0, FLags=0x8))
2026-09-26 13:06:13,177 - DEBUG - Release <POINTER(ITypeLib) ptr=0x299efab1f70 at 299879f1450>
2026-09-26 13:06:16,082 - INFO - >> Hardware Trigger: DI1 (Start) Pressed!
2026-09-26 13:06:16,082 - INFO - >> Hardware Trigger: DI1 (Start) Pressed!
2026-09-26 13:06:16,141 - INFO - >> Hardware Trigger: DI1 (Start) Not Pressed!
2026-09-26 13:06:16,154 - INFO - >> Hardware Trigger: DI1 (Start) Not Pressed!
2026-09-26 13:06:22,281 - INFO - UI load successful
2026-09-26 13:06:49,787 - INFO - Galvo Laser Shutdown
2026-09-26 13:06:49,787 - INFO - Stepper Lasers Shutdown
2026-09-26 13:06:49,787 - INFO - COM connection close successfully
2026-09-26 13:06:49,787 - INFO - Main window close successfully
2026-09-26 13:06:49,787 - INFO - ==================================================
2026-09-26 13:06:49,787 - INFO - New session close at 2026-09-26 13:06
2026-09-26 13:06:49,787 - INFO - ==================================================
2026-09-26 13:06:49,808 - DEBUG - Calling CoUninitialize()
2026-09-26 13:06:49,808 - DEBUG - CoUninitialize() done.
2026-09-26 13:08:47,231 - INFO - No OpenGL_accelerate module loaded: No module named 'OpenGL_accelerate'
2026-09-26 13:08:47,516 - DEBUG - CoInitializeEx(None, 2)
2026-09-26 13:08:47,573 - INFO - Imported existing <module 'comtypes.gen' from 'C:\\Users\\EXPSOL\\AppData\\Roaming\\Python\\Python312\\site-packages\\comtypes\\gen\\__init__.py'>
2026-09-26 13:08:47,573 - INFO - Using writeable comtypes cache directory: 'C:\Users\EXPSOL\AppData\Roaming\Python\Python312\site-packages\comtypes\gen'
2026-09-26 13:08:47,592 - DEBUG - GetModule(qedit.dll), resolved: False
2026-09-26 13:08:47,592 - DEBUG - GetModule(TLIBATTR(GUID={78530B68-61F9-11D2-8CAD-00A024580902}, Version=1.0, LCID=0, FLags=0x8))
2026-09-26 13:08:47,621 - DEBUG - Release <POINTER(ITypeLib) ptr=0x218639923c0 at 2187b4575d0>
2026-09-26 13:08:47,621 - DEBUG - GetModule(quartz.dll), resolved: False
2026-09-26 13:08:47,622 - DEBUG - GetModule(TLIBATTR(GUID={56A868B0-0AD4-11CE-B03A-0020AF0BA770}, Version=1.0, LCID=0, FLags=0x8))
2026-09-26 13:08:47,631 - DEBUG - Release <POINTER(ITypeLib) ptr=0x218639923c0 at 2187b901450>
2026-09-26 13:08:50,550 - INFO - >> Hardware Trigger: DI1 (Start) Pressed!
2026-09-26 13:08:50,550 - INFO - >> Hardware Trigger: DI1 (Start) Pressed!
2026-09-26 13:08:50,624 - INFO - >> Hardware Trigger: DI1 (Start) Not Pressed!
2026-09-26 13:08:50,625 - INFO - >> Hardware Trigger: DI1 (Start) Not Pressed!
2026-09-26 13:08:56,720 - INFO - UI load successful
2026-09-26 13:12:13,742 - INFO - No OpenGL_accelerate module loaded: No module named 'OpenGL_accelerate'
2026-09-26 13:12:14,031 - DEBUG - CoInitializeEx(None, 2)
2026-09-26 13:12:14,097 - INFO - Imported existing <module 'comtypes.gen' from 'C:\\Users\\EXPSOL\\AppData\\Roaming\\Python\\Python312\\site-packages\\comtypes\\gen\\__init__.py'>
2026-09-26 13:12:14,097 - INFO - Using writeable comtypes cache directory: 'C:\Users\EXPSOL\AppData\Roaming\Python\Python312\site-packages\comtypes\gen'
2026-09-26 13:12:14,097 - DEBUG - GetModule(qedit.dll), resolved: False
2026-09-26 13:12:14,097 - DEBUG - GetModule(TLIBATTR(GUID={78530B68-61F9-11D2-8CAD-00A024580902}, Version=1.0, LCID=0, FLags=0x8))
2026-09-26 13:12:14,129 - DEBUG - Release <POINTER(ITypeLib) ptr=0x1d00e54bd30 at 1d025f075d0>
2026-09-26 13:12:14,129 - DEBUG - GetModule(quartz.dll), resolved: False
2026-09-26 13:12:14,129 - DEBUG - GetModule(TLIBATTR(GUID={56A868B0-0AD4-11CE-B03A-0020AF0BA770}, Version=1.0, LCID=0, FLags=0x8))
2026-09-26 13:12:14,142 - DEBUG - Release <POINTER(ITypeLib) ptr=0x1d00e54bd30 at 1d0263b1450>
2026-09-26 13:12:17,087 - INFO - >> Hardware Trigger: DI1 (Start) Pressed!
2026-09-26 13:12:17,087 - INFO - >> Hardware Trigger: DI1 (Start) Pressed!
2026-09-26 13:12:17,172 - INFO - >> Hardware Trigger: DI1 (Start) Not Pressed!
2026-09-26 13:12:17,183 - INFO - >> Hardware Trigger: DI1 (Start) Not Pressed!
2026-09-26 13:12:23,244 - INFO - UI load successful
2026-09-26 13:13:18,489 - INFO - No OpenGL_accelerate module loaded: No module named 'OpenGL_accelerate'
2026-09-26 13:13:18,752 - DEBUG - CoInitializeEx(None, 2)
2026-09-26 13:13:18,816 - INFO - Imported existing <module 'comtypes.gen' from 'C:\\Users\\EXPSOL\\AppData\\Roaming\\Python\\Python312\\site-packages\\comtypes\\gen\\__init__.py'>
2026-09-26 13:13:18,816 - INFO - Using writeable comtypes cache directory: 'C:\Users\EXPSOL\AppData\Roaming\Python\Python312\site-packages\comtypes\gen'
2026-09-26 13:13:18,816 - DEBUG - GetModule(qedit.dll), resolved: False
2026-09-26 13:13:18,816 - DEBUG - GetModule(TLIBATTR(GUID={78530B68-61F9-11D2-8CAD-00A024580902}, Version=1.0, LCID=0, FLags=0x8))
2026-09-26 13:13:18,847 - DEBUG - Release <POINTER(ITypeLib) ptr=0x1dd4c592090 at 1dd642c75d0>
2026-09-26 13:13:18,847 - DEBUG - GetModule(quartz.dll), resolved: False
2026-09-26 13:13:18,847 - DEBUG - GetModule(TLIBATTR(GUID={56A868B0-0AD4-11CE-B03A-0020AF0BA770}, Version=1.0, LCID=0, FLags=0x8))
2026-09-26 13:13:18,863 - DEBUG - Release <POINTER(ITypeLib) ptr=0x1dd4c593950 at 1dd64771450>
2026-09-26 13:13:21,812 - INFO - >> Hardware Trigger: DI1 (Start) Pressed!
2026-09-26 13:13:21,814 - INFO - >> Hardware Trigger: DI1 (Start) Pressed!
2026-09-26 13:13:21,890 - INFO - >> Hardware Trigger: DI1 (Start) Not Pressed!
2026-09-26 13:13:21,898 - INFO - >> Hardware Trigger: DI1 (Start) Not Pressed!
2026-09-26 13:13:27,939 - INFO - UI load successful
2026-09-26 13:14:06,996 - INFO - No OpenGL_accelerate module loaded: No module named 'OpenGL_accelerate'
2026-09-26 13:14:07,266 - DEBUG - CoInitializeEx(None, 2)
2026-09-26 13:14:07,324 - INFO - Imported existing <module 'comtypes.gen' from 'C:\\Users\\EXPSOL\\AppData\\Roaming\\Python\\Python312\\site-packages\\comtypes\\gen\\__init__.py'>
2026-09-26 13:14:07,324 - INFO - Using writeable comtypes cache directory: 'C:\Users\EXPSOL\AppData\Roaming\Python\Python312\site-packages\comtypes\gen'
2026-09-26 13:14:07,340 - DEBUG - GetModule(qedit.dll), resolved: False
2026-09-26 13:14:07,340 - DEBUG - GetModule(TLIBATTR(GUID={78530B68-61F9-11D2-8CAD-00A024580902}, Version=1.0, LCID=0, FLags=0x8))
2026-09-26 13:14:07,373 - DEBUG - Release <POINTER(ITypeLib) ptr=0x20a8cd349c0 at 20aa4a175d0>
2026-09-26 13:14:07,373 - DEBUG - GetModule(quartz.dll), resolved: False
2026-09-26 13:14:07,373 - DEBUG - GetModule(TLIBATTR(GUID={56A868B0-0AD4-11CE-B03A-0020AF0BA770}, Version=1.0, LCID=0, FLags=0x8))
2026-09-26 13:14:07,373 - DEBUG - Release <POINTER(ITypeLib) ptr=0x20a8cd349c0 at 20aa4ec1450>
2026-09-26 13:14:10,286 - INFO - >> Hardware Trigger: DI1 (Start) Pressed!
2026-09-26 13:14:10,286 - INFO - >> Hardware Trigger: DI1 (Start) Pressed!
2026-09-26 13:14:10,381 - INFO - >> Hardware Trigger: DI1 (Start) Not Pressed!
2026-09-26 13:14:10,393 - INFO - >> Hardware Trigger: DI1 (Start) Not Pressed!
2026-09-26 13:14:16,483 - INFO - UI load successful
2026-09-26 13:17:55,653 - INFO - Galvo Laser Shutdown
2026-09-26 13:17:55,653 - INFO - Stepper Lasers Shutdown
2026-09-26 13:17:55,653 - INFO - COM connection close successfully
2026-09-26 13:17:55,653 - INFO - Main window close successfully
2026-09-26 13:17:55,653 - INFO - ==================================================
2026-09-26 13:17:55,653 - INFO - New session close at 2026-09-26 13:17
2026-09-26 13:17:55,653 - INFO - ==================================================
2026-09-26 13:17:55,693 - DEBUG - Calling CoUninitialize()
2026-09-26 13:17:55,693 - DEBUG - CoUninitialize() done.
2026-09-26 13:18:34,998 - INFO - No OpenGL_accelerate module loaded: No module named 'OpenGL_accelerate'
2026-09-26 13:18:35,299 - DEBUG - CoInitializeEx(None, 2)
2026-09-26 13:18:35,378 - INFO - Imported existing <module 'comtypes.gen' from 'C:\\Users\\EXPSOL\\AppData\\Roaming\\Python\\Python312\\site-packages\\comtypes\\gen\\__init__.py'>
2026-09-26 13:18:35,378 - INFO - Using writeable comtypes cache directory: 'C:\Users\EXPSOL\AppData\Roaming\Python\Python312\site-packages\comtypes\gen'
2026-09-26 13:18:35,387 - DEBUG - GetModule(qedit.dll), resolved: False
2026-09-26 13:18:35,389 - DEBUG - GetModule(TLIBATTR(GUID={78530B68-61F9-11D2-8CAD-00A024580902}, Version=1.0, LCID=0, FLags=0x8))
2026-09-26 13:18:35,423 - DEBUG - Release <POINTER(ITypeLib) ptr=0x1714eb870a0 at 17153157450>
2026-09-26 13:18:35,424 - DEBUG - GetModule(quartz.dll), resolved: False
2026-09-26 13:18:35,426 - DEBUG - GetModule(TLIBATTR(GUID={56A868B0-0AD4-11CE-B03A-0020AF0BA770}, Version=1.0, LCID=0, FLags=0x8))
2026-09-26 13:18:35,436 - DEBUG - Release <POINTER(ITypeLib) ptr=0x1714eb870a0 at 171536012d0>
2026-09-26 13:18:38,362 - INFO - >> Hardware Trigger: DI1 (Start) Pressed!
2026-09-26 13:18:38,362 - INFO - >> Hardware Trigger: DI1 (Start) Pressed!
2026-09-26 13:18:38,436 - INFO - >> Hardware Trigger: DI1 (Start) Not Pressed!
2026-09-26 13:18:38,446 - INFO - >> Hardware Trigger: DI1 (Start) Not Pressed!
2026-09-26 13:18:44,537 - INFO - UI load successful
2026-09-26 13:20:14,244 - INFO - No OpenGL_accelerate module loaded: No module named 'OpenGL_accelerate'
2026-09-26 13:20:14,569 - DEBUG - CoInitializeEx(None, 2)
2026-09-26 13:20:14,650 - INFO - Imported existing <module 'comtypes.gen' from 'C:\\Users\\EXPSOL\\AppData\\Roaming\\Python\\Python312\\site-packages\\comtypes\\gen\\__init__.py'>
2026-09-26 13:20:14,661 - INFO - Using writeable comtypes cache directory: 'C:\Users\EXPSOL\AppData\Roaming\Python\Python312\site-packages\comtypes\gen'
2026-09-26 13:20:14,664 - DEBUG - GetModule(qedit.dll), resolved: False
2026-09-26 13:20:14,664 - DEBUG - GetModule(TLIBATTR(GUID={78530B68-61F9-11D2-8CAD-00A024580902}, Version=1.0, LCID=0, FLags=0x8))
2026-09-26 13:20:14,696 - DEBUG - Release <POINTER(ITypeLib) ptr=0x22f45b76930 at 22f5d6cb4d0>
2026-09-26 13:20:14,696 - DEBUG - GetModule(quartz.dll), resolved: False
2026-09-26 13:20:14,696 - DEBUG - GetModule(TLIBATTR(GUID={56A868B0-0AD4-11CE-B03A-0020AF0BA770}, Version=1.0, LCID=0, FLags=0x8))
2026-09-26 13:20:14,714 - DEBUG - Release <POINTER(ITypeLib) ptr=0x22f45b74af0 at 22f5db71350>
2026-09-26 13:20:17,845 - INFO - >> Hardware Trigger: DI1 (Start) Pressed!
2026-09-26 13:20:17,845 - INFO - >> Hardware Trigger: DI1 (Start) Pressed!
2026-09-26 13:20:17,919 - INFO - >> Hardware Trigger: DI1 (Start) Not Pressed!
2026-09-26 13:20:17,930 - INFO - >> Hardware Trigger: DI1 (Start) Not Pressed!
2026-09-26 13:20:23,976 - INFO - UI load successful
2026-09-26 13:21:42,707 - INFO - No OpenGL_accelerate module loaded: No module named 'OpenGL_accelerate'
2026-09-26 13:21:43,051 - DEBUG - CoInitializeEx(None, 2)
2026-09-26 13:21:43,137 - INFO - Imported existing <module 'comtypes.gen' from 'C:\\Users\\EXPSOL\\AppData\\Roaming\\Python\\Python312\\site-packages\\comtypes\\gen\\__init__.py'>
2026-09-26 13:21:43,137 - INFO - Using writeable comtypes cache directory: 'C:\Users\EXPSOL\AppData\Roaming\Python\Python312\site-packages\comtypes\gen'
2026-09-26 13:21:43,148 - DEBUG - GetModule(qedit.dll), resolved: False
2026-09-26 13:21:43,151 - DEBUG - GetModule(TLIBATTR(GUID={78530B68-61F9-11D2-8CAD-00A024580902}, Version=1.0, LCID=0, FLags=0x8))
2026-09-26 13:21:43,184 - DEBUG - Release <POINTER(ITypeLib) ptr=0x25a12c17a50 at 25a2a54b4d0>
2026-09-26 13:21:43,185 - DEBUG - GetModule(quartz.dll), resolved: False
2026-09-26 13:21:43,185 - DEBUG - GetModule(TLIBATTR(GUID={56A868B0-0AD4-11CE-B03A-0020AF0BA770}, Version=1.0, LCID=0, FLags=0x8))
2026-09-26 13:21:43,195 - DEBUG - Release <POINTER(ITypeLib) ptr=0x25a12c17a50 at 25a2a9f1350>
2026-09-26 13:21:46,149 - INFO - >> Hardware Trigger: DI1 (Start) Pressed!
2026-09-26 13:21:46,149 - INFO - >> Hardware Trigger: DI1 (Start) Pressed!
2026-09-26 13:21:46,231 - INFO - >> Hardware Trigger: DI1 (Start) Not Pressed!
2026-09-26 13:21:46,231 - INFO - >> Hardware Trigger: DI1 (Start) Not Pressed!
2026-09-26 13:21:52,375 - INFO - UI load successful
2026-09-26 13:22:13,222 - INFO - Profile : Supervisor
2026-09-26 13:22:29,021 - INFO - Close event ignored.
2026-09-26 13:23:31,683 - INFO - No OpenGL_accelerate module loaded: No module named 'OpenGL_accelerate'
2026-09-26 13:23:31,975 - DEBUG - CoInitializeEx(None, 2)
2026-09-26 13:23:32,052 - INFO - Imported existing <module 'comtypes.gen' from 'C:\\Users\\EXPSOL\\AppData\\Roaming\\Python\\Python312\\site-packages\\comtypes\\gen\\__init__.py'>
2026-09-26 13:23:32,052 - INFO - Using writeable comtypes cache directory: 'C:\Users\EXPSOL\AppData\Roaming\Python\Python312\site-packages\comtypes\gen'
2026-09-26 13:23:32,052 - DEBUG - GetModule(qedit.dll), resolved: False
2026-09-26 13:23:32,052 - DEBUG - GetModule(TLIBATTR(GUID={78530B68-61F9-11D2-8CAD-00A024580902}, Version=1.0, LCID=0, FLags=0x8))
2026-09-26 13:23:32,082 - DEBUG - Release <POINTER(ITypeLib) ptr=0x1e2f25ae800 at 1e2f37ab4d0>
2026-09-26 13:23:32,082 - DEBUG - GetModule(quartz.dll), resolved: False
2026-09-26 13:23:32,082 - DEBUG - GetModule(TLIBATTR(GUID={56A868B0-0AD4-11CE-B03A-0020AF0BA770}, Version=1.0, LCID=0, FLags=0x8))
2026-09-26 13:23:32,098 - DEBUG - Release <POINTER(ITypeLib) ptr=0x1e2f25ac9c0 at 1e2f3c51350>
2026-09-26 13:23:35,016 - INFO - >> Hardware Trigger: DI1 (Start) Pressed!
2026-09-26 13:23:35,016 - INFO - >> Hardware Trigger: DI1 (Start) Pressed!
2026-09-26 13:23:35,091 - INFO - >> Hardware Trigger: DI1 (Start) Not Pressed!
2026-09-26 13:23:35,091 - INFO - >> Hardware Trigger: DI1 (Start) Not Pressed!
2026-09-26 13:23:41,243 - INFO - UI load successful
2026-09-26 13:24:19,810 - INFO - No OpenGL_accelerate module loaded: No module named 'OpenGL_accelerate'
2026-09-26 13:24:20,120 - DEBUG - CoInitializeEx(None, 2)
2026-09-26 13:24:20,183 - INFO - Imported existing <module 'comtypes.gen' from 'C:\\Users\\EXPSOL\\AppData\\Roaming\\Python\\Python312\\site-packages\\comtypes\\gen\\__init__.py'>
2026-09-26 13:24:20,183 - INFO - Using writeable comtypes cache directory: 'C:\Users\EXPSOL\AppData\Roaming\Python\Python312\site-packages\comtypes\gen'
2026-09-26 13:24:20,183 - DEBUG - GetModule(qedit.dll), resolved: False
2026-09-26 13:24:20,200 - DEBUG - GetModule(TLIBATTR(GUID={78530B68-61F9-11D2-8CAD-00A024580902}, Version=1.0, LCID=0, FLags=0x8))
2026-09-26 13:24:20,229 - DEBUG - Release <POINTER(ITypeLib) ptr=0x19d6ce88fe0 at 19d0489b4d0>
2026-09-26 13:24:20,230 - DEBUG - GetModule(quartz.dll), resolved: False
2026-09-26 13:24:20,230 - DEBUG - GetModule(TLIBATTR(GUID={56A868B0-0AD4-11CE-B03A-0020AF0BA770}, Version=1.0, LCID=0, FLags=0x8))
2026-09-26 13:24:20,241 - DEBUG - Release <POINTER(ITypeLib) ptr=0x19d6ce88fe0 at 19d04d41350>
2026-09-26 13:24:23,182 - INFO - >> Hardware Trigger: DI1 (Start) Pressed!
2026-09-26 13:24:23,182 - INFO - >> Hardware Trigger: DI1 (Start) Pressed!
2026-09-26 13:24:23,255 - INFO - >> Hardware Trigger: DI1 (Start) Not Pressed!
2026-09-26 13:24:23,255 - INFO - >> Hardware Trigger: DI1 (Start) Not Pressed!
2026-09-26 13:24:29,382 - INFO - UI load successful
2026-09-26 13:27:52,511 - INFO - No OpenGL_accelerate module loaded: No module named 'OpenGL_accelerate'
2026-09-26 13:27:52,822 - DEBUG - CoInitializeEx(None, 2)
2026-09-26 13:27:52,895 - INFO - Imported existing <module 'comtypes.gen' from 'C:\\Users\\EXPSOL\\AppData\\Roaming\\Python\\Python312\\site-packages\\comtypes\\gen\\__init__.py'>
2026-09-26 13:27:52,895 - INFO - Using writeable comtypes cache directory: 'C:\Users\EXPSOL\AppData\Roaming\Python\Python312\site-packages\comtypes\gen'
2026-09-26 13:27:52,904 - DEBUG - GetModule(qedit.dll), resolved: False
2026-09-26 13:27:52,904 - DEBUG - GetModule(TLIBATTR(GUID={78530B68-61F9-11D2-8CAD-00A024580902}, Version=1.0, LCID=0, FLags=0x8))
2026-09-26 13:27:52,935 - DEBUG - Release <POINTER(ITypeLib) ptr=0x1ca56cb8720 at 1ca6e6fb4d0>
2026-09-26 13:27:52,935 - DEBUG - GetModule(quartz.dll), resolved: False
2026-09-26 13:27:52,935 - DEBUG - GetModule(TLIBATTR(GUID={56A868B0-0AD4-11CE-B03A-0020AF0BA770}, Version=1.0, LCID=0, FLags=0x8))
2026-09-26 13:27:52,946 - DEBUG - Release <POINTER(ITypeLib) ptr=0x1ca56cb8720 at 1ca6eba1350>
2026-09-26 13:27:55,900 - INFO - >> Hardware Trigger: DI1 (Start) Pressed!
2026-09-26 13:27:55,900 - INFO - >> Hardware Trigger: DI1 (Start) Pressed!
2026-09-26 13:27:55,978 - INFO - >> Hardware Trigger: DI1 (Start) Not Pressed!
2026-09-26 13:27:55,978 - INFO - >> Hardware Trigger: DI1 (Start) Not Pressed!
2026-09-26 13:28:02,089 - INFO - UI load successful
2026-09-26 13:29:13,326 - INFO - No OpenGL_accelerate module loaded: No module named 'OpenGL_accelerate'
2026-09-26 13:29:13,620 - DEBUG - CoInitializeEx(None, 2)
2026-09-26 13:29:13,701 - INFO - Imported existing <module 'comtypes.gen' from 'C:\\Users\\EXPSOL\\AppData\\Roaming\\Python\\Python312\\site-packages\\comtypes\\gen\\__init__.py'>
2026-09-26 13:29:13,701 - INFO - Using writeable comtypes cache directory: 'C:\Users\EXPSOL\AppData\Roaming\Python\Python312\site-packages\comtypes\gen'
2026-09-26 13:29:13,708 - DEBUG - GetModule(qedit.dll), resolved: False
2026-09-26 13:29:13,709 - DEBUG - GetModule(TLIBATTR(GUID={78530B68-61F9-11D2-8CAD-00A024580902}, Version=1.0, LCID=0, FLags=0x8))
2026-09-26 13:29:13,736 - DEBUG - Release <POINTER(ITypeLib) ptr=0x28abe09ad90 at 28ad5a8b4d0>
2026-09-26 13:29:13,736 - DEBUG - GetModule(quartz.dll), resolved: False
2026-09-26 13:29:13,736 - DEBUG - GetModule(TLIBATTR(GUID={56A868B0-0AD4-11CE-B03A-0020AF0BA770}, Version=1.0, LCID=0, FLags=0x8))
2026-09-26 13:29:13,751 - DEBUG - Release <POINTER(ITypeLib) ptr=0x28abe09ad90 at 28ad5f31350>
2026-09-26 13:29:16,707 - INFO - >> Hardware Trigger: DI1 (Start) Pressed!
2026-09-26 13:29:16,707 - INFO - >> Hardware Trigger: DI1 (Start) Pressed!
2026-09-26 13:29:16,764 - INFO - >> Hardware Trigger: DI1 (Start) Not Pressed!
2026-09-26 13:29:16,764 - INFO - >> Hardware Trigger: DI1 (Start) Not Pressed!
2026-09-26 13:29:22,895 - INFO - UI load successful
2026-09-26 13:31:08,663 - INFO - Profile : Supervisor
2026-09-26 13:35:34,192 - INFO - No OpenGL_accelerate module loaded: No module named 'OpenGL_accelerate'
2026-09-26 13:35:34,543 - DEBUG - CoInitializeEx(None, 2)
2026-09-26 13:35:34,641 - INFO - Imported existing <module 'comtypes.gen' from 'C:\\Users\\EXPSOL\\AppData\\Roaming\\Python\\Python312\\site-packages\\comtypes\\gen\\__init__.py'>
2026-09-26 13:35:34,641 - INFO - Using writeable comtypes cache directory: 'C:\Users\EXPSOL\AppData\Roaming\Python\Python312\site-packages\comtypes\gen'
2026-09-26 13:35:34,659 - DEBUG - GetModule(qedit.dll), resolved: False
2026-09-26 13:35:34,663 - DEBUG - GetModule(TLIBATTR(GUID={78530B68-61F9-11D2-8CAD-00A024580902}, Version=1.0, LCID=0, FLags=0x8))
2026-09-26 13:35:34,736 - DEBUG - Release <POINTER(ITypeLib) ptr=0x1a4396ea270 at 1a43de77450>
2026-09-26 13:35:34,737 - DEBUG - GetModule(quartz.dll), resolved: False
2026-09-26 13:35:34,742 - DEBUG - GetModule(TLIBATTR(GUID={56A868B0-0AD4-11CE-B03A-0020AF0BA770}, Version=1.0, LCID=0, FLags=0x8))
2026-09-26 13:35:34,770 - DEBUG - Release <POINTER(ITypeLib) ptr=0x1a4396e89b0 at 1a43e3212d0>
2026-09-26 13:35:37,863 - INFO - >> Hardware Trigger: DI1 (Start) Pressed!
2026-09-26 13:35:37,863 - INFO - >> Hardware Trigger: DI1 (Start) Pressed!
2026-09-26 13:35:37,968 - INFO - >> Hardware Trigger: DI1 (Start) Not Pressed!
2026-09-26 13:35:37,968 - INFO - >> Hardware Trigger: DI1 (Start) Not Pressed!
2026-09-26 13:35:44,059 - INFO - UI load successful
2026-09-26 13:37:03,059 - INFO - No OpenGL_accelerate module loaded: No module named 'OpenGL_accelerate'
2026-09-26 13:37:03,399 - DEBUG - CoInitializeEx(None, 2)
2026-09-26 13:37:03,478 - INFO - Imported existing <module 'comtypes.gen' from 'C:\\Users\\EXPSOL\\AppData\\Roaming\\Python\\Python312\\site-packages\\comtypes\\gen\\__init__.py'>
2026-09-26 13:37:03,478 - INFO - Using writeable comtypes cache directory: 'C:\Users\EXPSOL\AppData\Roaming\Python\Python312\site-packages\comtypes\gen'
2026-09-26 13:37:03,488 - DEBUG - GetModule(qedit.dll), resolved: False
2026-09-26 13:37:03,490 - DEBUG - GetModule(TLIBATTR(GUID={78530B68-61F9-11D2-8CAD-00A024580902}, Version=1.0, LCID=0, FLags=0x8))
2026-09-26 13:37:03,513 - DEBUG - Release <POINTER(ITypeLib) ptr=0x1dcbc1a1320 at 1dcc076b4d0>
2026-09-26 13:37:03,513 - DEBUG - GetModule(quartz.dll), resolved: False
2026-09-26 13:37:03,513 - DEBUG - GetModule(TLIBATTR(GUID={56A868B0-0AD4-11CE-B03A-0020AF0BA770}, Version=1.0, LCID=0, FLags=0x8))
2026-09-26 13:37:03,529 - DEBUG - Release <POINTER(ITypeLib) ptr=0x1dcbc1a41e0 at 1dcc0c11350>
2026-09-26 13:37:06,469 - INFO - >> Hardware Trigger: DI1 (Start) Pressed!
2026-09-26 13:37:06,469 - INFO - >> Hardware Trigger: DI1 (Start) Pressed!
2026-09-26 13:37:06,548 - INFO - >> Hardware Trigger: DI1 (Start) Not Pressed!
2026-09-26 13:37:06,548 - INFO - >> Hardware Trigger: DI1 (Start) Not Pressed!
2026-09-26 13:37:12,899 - DEBUG - Calling CoUninitialize()
2026-09-26 13:37:12,900 - DEBUG - CoUninitialize() done.
2026-09-26 13:38:17,677 - INFO - No OpenGL_accelerate module loaded: No module named 'OpenGL_accelerate'
2026-09-26 13:38:18,027 - DEBUG - CoInitializeEx(None, 2)
2026-09-26 13:38:18,103 - INFO - Imported existing <module 'comtypes.gen' from 'C:\\Users\\EXPSOL\\AppData\\Roaming\\Python\\Python312\\site-packages\\comtypes\\gen\\__init__.py'>
2026-09-26 13:38:18,103 - INFO - Using writeable comtypes cache directory: 'C:\Users\EXPSOL\AppData\Roaming\Python\Python312\site-packages\comtypes\gen'
2026-09-26 13:38:18,125 - DEBUG - GetModule(qedit.dll), resolved: False
2026-09-26 13:38:18,125 - DEBUG - GetModule(TLIBATTR(GUID={78530B68-61F9-11D2-8CAD-00A024580902}, Version=1.0, LCID=0, FLags=0x8))
2026-09-26 13:38:18,159 - DEBUG - Release <POINTER(ITypeLib) ptr=0x1f38b279660 at 1f38f897650>
2026-09-26 13:38:18,159 - DEBUG - GetModule(quartz.dll), resolved: False
2026-09-26 13:38:18,159 - DEBUG - GetModule(TLIBATTR(GUID={56A868B0-0AD4-11CE-B03A-0020AF0BA770}, Version=1.0, LCID=0, FLags=0x8))
2026-09-26 13:38:18,166 - DEBUG - Release <POINTER(ITypeLib) ptr=0x1f38b27a9a0 at 1f38fd414d0>
2026-09-26 13:38:21,211 - INFO - >> Hardware Trigger: DI1 (Start) Pressed!
2026-09-26 13:38:21,211 - INFO - >> Hardware Trigger: DI1 (Start) Pressed!
2026-09-26 13:38:21,280 - INFO - >> Hardware Trigger: DI1 (Start) Not Pressed!
2026-09-26 13:38:21,281 - INFO - >> Hardware Trigger: DI1 (Start) Not Pressed!
2026-09-26 13:38:27,337 - INFO - UI load successful
2026-09-26 13:39:15,721 - INFO - No OpenGL_accelerate module loaded: No module named 'OpenGL_accelerate'
2026-09-26 13:39:16,159 - DEBUG - CoInitializeEx(None, 2)
2026-09-26 13:39:16,254 - INFO - Imported existing <module 'comtypes.gen' from 'C:\\Users\\EXPSOL\\AppData\\Roaming\\Python\\Python312\\site-packages\\comtypes\\gen\\__init__.py'>
2026-09-26 13:39:16,254 - INFO - Using writeable comtypes cache directory: 'C:\Users\EXPSOL\AppData\Roaming\Python\Python312\site-packages\comtypes\gen'
2026-09-26 13:39:16,269 - DEBUG - GetModule(qedit.dll), resolved: False
2026-09-26 13:39:16,269 - DEBUG - GetModule(TLIBATTR(GUID={78530B68-61F9-11D2-8CAD-00A024580902}, Version=1.0, LCID=0, FLags=0x8))
2026-09-26 13:39:16,326 - DEBUG - Release <POINTER(ITypeLib) ptr=0x20bc8d4ddb0 at 20bcd5d76d0>
2026-09-26 13:39:16,326 - DEBUG - GetModule(quartz.dll), resolved: False
2026-09-26 13:39:16,326 - DEBUG - GetModule(TLIBATTR(GUID={56A868B0-0AD4-11CE-B03A-0020AF0BA770}, Version=1.0, LCID=0, FLags=0x8))
2026-09-26 13:39:16,344 - DEBUG - Release <POINTER(ITypeLib) ptr=0x20bc8d4e5f0 at 20bcda81550>
2026-09-26 13:39:19,580 - INFO - >> Hardware Trigger: DI1 (Start) Pressed!
2026-09-26 13:39:19,580 - INFO - >> Hardware Trigger: DI1 (Start) Pressed!
2026-09-26 13:39:19,672 - INFO - >> Hardware Trigger: DI1 (Start) Not Pressed!
2026-09-26 13:39:19,673 - INFO - >> Hardware Trigger: DI1 (Start) Not Pressed!
2026-09-26 13:39:25,781 - INFO - UI load successful
2026-09-26 13:40:11,175 - INFO - Galvo Laser Shutdown
2026-09-26 13:40:11,175 - CRITICAL - Laser 1 : OFF
2026-09-26 13:40:11,175 - CRITICAL - Laser 2 : OFF
2026-09-26 13:40:11,175 - INFO - Stepper Lasers Shutdown
2026-09-26 13:40:11,175 - INFO - COM connection close successfully
2026-09-26 13:40:11,175 - INFO - Main window close successfully
2026-09-26 13:40:11,175 - INFO - ==================================================
2026-09-26 13:40:11,175 - INFO - New session close at 2026-09-26 13:40
2026-09-26 13:40:11,175 - INFO - ==================================================
2026-09-26 13:40:11,206 - DEBUG - Calling CoUninitialize()
2026-09-26 13:40:11,206 - DEBUG - CoUninitialize() done.
2026-09-26 13:41:08,662 - INFO - No OpenGL_accelerate module loaded: No module named 'OpenGL_accelerate'
2026-09-26 13:41:09,073 - DEBUG - CoInitializeEx(None, 2)
2026-09-26 13:41:09,173 - INFO - Imported existing <module 'comtypes.gen' from 'C:\\Users\\EXPSOL\\AppData\\Roaming\\Python\\Python312\\site-packages\\comtypes\\gen\\__init__.py'>
2026-09-26 13:41:09,173 - INFO - Using writeable comtypes cache directory: 'C:\Users\EXPSOL\AppData\Roaming\Python\Python312\site-packages\comtypes\gen'
2026-09-26 13:41:09,185 - DEBUG - GetModule(qedit.dll), resolved: False
2026-09-26 13:41:09,187 - DEBUG - GetModule(TLIBATTR(GUID={78530B68-61F9-11D2-8CAD-00A024580902}, Version=1.0, LCID=0, FLags=0x8))
2026-09-26 13:41:09,223 - DEBUG - Release <POINTER(ITypeLib) ptr=0x2765a86b4f0 at 2765f087650>
2026-09-26 13:41:09,223 - DEBUG - GetModule(quartz.dll), resolved: False
2026-09-26 13:41:09,224 - DEBUG - GetModule(TLIBATTR(GUID={56A868B0-0AD4-11CE-B03A-0020AF0BA770}, Version=1.0, LCID=0, FLags=0x8))
2026-09-26 13:41:09,237 - DEBUG - Release <POINTER(ITypeLib) ptr=0x2765a86de30 at 2765f5314d0>
2026-09-26 13:41:12,296 - INFO - >> Hardware Trigger: DI1 (Start) Pressed!
2026-09-26 13:41:12,363 - INFO - >> Hardware Trigger: DI1 (Start) Not Pressed!
2026-09-26 13:41:12,363 - INFO - >> Hardware Trigger: DI1 (Start) Not Pressed!
2026-09-26 13:41:18,502 - INFO - UI load successful
2026-09-26 14:24:20,082 - INFO - No OpenGL_accelerate module loaded: No module named 'OpenGL_accelerate'
2026-09-26 14:24:20,659 - DEBUG - CoInitializeEx(None, 2)
2026-09-26 14:24:20,770 - INFO - Imported existing <module 'comtypes.gen' from 'C:\\Users\\EXPSOL\\AppData\\Roaming\\Python\\Python312\\site-packages\\comtypes\\gen\\__init__.py'>
2026-09-26 14:24:20,770 - INFO - Using writeable comtypes cache directory: 'C:\Users\EXPSOL\AppData\Roaming\Python\Python312\site-packages\comtypes\gen'
2026-09-26 14:24:20,799 - DEBUG - GetModule(qedit.dll), resolved: False
2026-09-26 14:24:20,805 - DEBUG - GetModule(TLIBATTR(GUID={78530B68-61F9-11D2-8CAD-00A024580902}, Version=1.0, LCID=0, FLags=0x8))
2026-09-26 14:24:20,850 - DEBUG - Release <POINTER(ITypeLib) ptr=0x22a9f6350e0 at 22aa38c76d0>
2026-09-26 14:24:20,850 - DEBUG - GetModule(quartz.dll), resolved: False
2026-09-26 14:24:20,850 - DEBUG - GetModule(TLIBATTR(GUID={56A868B0-0AD4-11CE-B03A-0020AF0BA770}, Version=1.0, LCID=0, FLags=0x8))
2026-09-26 14:24:20,865 - DEBUG - Release <POINTER(ITypeLib) ptr=0x22a9f636c60 at 22aa3d71550>
2026-09-26 14:24:24,006 - INFO - >> Hardware Trigger: DI1 (Start) Pressed!
2026-09-26 14:24:24,008 - INFO - >> Hardware Trigger: DI1 (Start) Pressed!
2026-09-26 14:24:24,099 - INFO - >> Hardware Trigger: DI1 (Start) Not Pressed!
2026-09-26 14:24:24,099 - INFO - >> Hardware Trigger: DI1 (Start) Not Pressed!
2026-09-26 14:24:30,309 - INFO - UI load successful
2026-09-26 14:41:08,221 - INFO - No OpenGL_accelerate module loaded: No module named 'OpenGL_accelerate'
2026-09-26 14:41:08,691 - DEBUG - CoInitializeEx(None, 2)
2026-09-26 14:41:08,810 - INFO - Imported existing <module 'comtypes.gen' from 'C:\\Users\\EXPSOL\\AppData\\Roaming\\Python\\Python312\\site-packages\\comtypes\\gen\\__init__.py'>
2026-09-26 14:41:08,811 - INFO - Using writeable comtypes cache directory: 'C:\Users\EXPSOL\AppData\Roaming\Python\Python312\site-packages\comtypes\gen'
2026-09-26 14:41:08,823 - DEBUG - GetModule(qedit.dll), resolved: False
2026-09-26 14:41:08,823 - DEBUG - GetModule(TLIBATTR(GUID={78530B68-61F9-11D2-8CAD-00A024580902}, Version=1.0, LCID=0, FLags=0x8))
2026-09-26 14:41:08,865 - DEBUG - Release <POINTER(ITypeLib) ptr=0x1b076f2c720 at 1b07b8576d0>
2026-09-26 14:41:08,865 - DEBUG - GetModule(quartz.dll), resolved: False
2026-09-26 14:41:08,865 - DEBUG - GetModule(TLIBATTR(GUID={56A868B0-0AD4-11CE-B03A-0020AF0BA770}, Version=1.0, LCID=0, FLags=0x8))
2026-09-26 14:41:08,878 - DEBUG - Release <POINTER(ITypeLib) ptr=0x1b076f2cca0 at 1b07bd01550>
2026-09-26 14:41:12,068 - INFO - >> Hardware Trigger: DI1 (Start) Pressed!
2026-09-26 14:41:12,068 - INFO - >> Hardware Trigger: DI1 (Start) Pressed!
2026-09-26 14:41:12,141 - INFO - >> Hardware Trigger: DI1 (Start) Not Pressed!
2026-09-26 14:41:12,142 - INFO - >> Hardware Trigger: DI1 (Start) Not Pressed!
2026-09-26 14:41:18,265 - INFO - UI load successful
2026-09-26 14:42:00,643 - INFO - No OpenGL_accelerate module loaded: No module named 'OpenGL_accelerate'
2026-09-26 14:42:01,123 - DEBUG - CoInitializeEx(None, 2)
2026-09-26 14:42:01,234 - INFO - Imported existing <module 'comtypes.gen' from 'C:\\Users\\EXPSOL\\AppData\\Roaming\\Python\\Python312\\site-packages\\comtypes\\gen\\__init__.py'>
2026-09-26 14:42:01,235 - INFO - Using writeable comtypes cache directory: 'C:\Users\EXPSOL\AppData\Roaming\Python\Python312\site-packages\comtypes\gen'
2026-09-26 14:42:01,248 - DEBUG - GetModule(qedit.dll), resolved: False
2026-09-26 14:42:01,251 - DEBUG - GetModule(TLIBATTR(GUID={78530B68-61F9-11D2-8CAD-00A024580902}, Version=1.0, LCID=0, FLags=0x8))
2026-09-26 14:42:01,297 - DEBUG - Release <POINTER(ITypeLib) ptr=0x152b934a030 at 152d0ec76d0>
2026-09-26 14:42:01,298 - DEBUG - GetModule(quartz.dll), resolved: False
2026-09-26 14:42:01,299 - DEBUG - GetModule(TLIBATTR(GUID={56A868B0-0AD4-11CE-B03A-0020AF0BA770}, Version=1.0, LCID=0, FLags=0x8))
2026-09-26 14:42:01,313 - DEBUG - Release <POINTER(ITypeLib) ptr=0x152b934a5b0 at 152d1371550>
2026-09-26 14:42:04,496 - INFO - >> Hardware Trigger: DI1 (Start) Pressed!
2026-09-26 14:42:04,496 - INFO - >> Hardware Trigger: DI1 (Start) Pressed!
2026-09-26 14:42:04,561 - INFO - >> Hardware Trigger: DI1 (Start) Not Pressed!
2026-09-26 14:42:04,562 - INFO - >> Hardware Trigger: DI1 (Start) Not Pressed!
2026-09-26 14:42:10,691 - INFO - UI load successful
2026-09-26 14:42:54,019 - INFO - No OpenGL_accelerate module loaded: No module named 'OpenGL_accelerate'
2026-09-26 14:42:54,428 - DEBUG - CoInitializeEx(None, 2)
2026-09-26 14:42:54,523 - INFO - Imported existing <module 'comtypes.gen' from 'C:\\Users\\EXPSOL\\AppData\\Roaming\\Python\\Python312\\site-packages\\comtypes\\gen\\__init__.py'>
2026-09-26 14:42:54,523 - INFO - Using writeable comtypes cache directory: 'C:\Users\EXPSOL\AppData\Roaming\Python\Python312\site-packages\comtypes\gen'
2026-09-26 14:42:54,539 - DEBUG - GetModule(qedit.dll), resolved: False
2026-09-26 14:42:54,539 - DEBUG - GetModule(TLIBATTR(GUID={78530B68-61F9-11D2-8CAD-00A024580902}, Version=1.0, LCID=0, FLags=0x8))
2026-09-26 14:42:54,590 - DEBUG - Release <POINTER(ITypeLib) ptr=0x26f9ed982a0 at 26fb6a576d0>
2026-09-26 14:42:54,590 - DEBUG - GetModule(quartz.dll), resolved: False
2026-09-26 14:42:54,590 - DEBUG - GetModule(TLIBATTR(GUID={56A868B0-0AD4-11CE-B03A-0020AF0BA770}, Version=1.0, LCID=0, FLags=0x8))
2026-09-26 14:42:54,602 - DEBUG - Release <POINTER(ITypeLib) ptr=0x26f9ed96f60 at 26fb6f01550>
2026-09-26 14:42:57,752 - INFO - >> Hardware Trigger: DI1 (Start) Pressed!
2026-09-26 14:42:57,752 - INFO - >> Hardware Trigger: DI1 (Start) Pressed!
2026-09-26 14:42:57,828 - INFO - >> Hardware Trigger: DI1 (Start) Not Pressed!
2026-09-26 14:42:57,828 - INFO - >> Hardware Trigger: DI1 (Start) Not Pressed!
2026-09-26 14:43:03,954 - INFO - UI load successful
2026-09-26 14:43:58,911 - INFO - No OpenGL_accelerate module loaded: No module named 'OpenGL_accelerate'
2026-09-26 14:43:59,338 - DEBUG - CoInitializeEx(None, 2)
2026-09-26 14:43:59,456 - INFO - Imported existing <module 'comtypes.gen' from 'C:\\Users\\EXPSOL\\AppData\\Roaming\\Python\\Python312\\site-packages\\comtypes\\gen\\__init__.py'>
2026-09-26 14:43:59,456 - INFO - Using writeable comtypes cache directory: 'C:\Users\EXPSOL\AppData\Roaming\Python\Python312\site-packages\comtypes\gen'
2026-09-26 14:43:59,458 - DEBUG - GetModule(qedit.dll), resolved: False
2026-09-26 14:43:59,458 - DEBUG - GetModule(TLIBATTR(GUID={78530B68-61F9-11D2-8CAD-00A024580902}, Version=1.0, LCID=0, FLags=0x8))
2026-09-26 14:43:59,505 - DEBUG - Release <POINTER(ITypeLib) ptr=0x1f16f107800 at 1f1738176d0>
2026-09-26 14:43:59,505 - DEBUG - GetModule(quartz.dll), resolved: False
2026-09-26 14:43:59,521 - DEBUG - GetModule(TLIBATTR(GUID={56A868B0-0AD4-11CE-B03A-0020AF0BA770}, Version=1.0, LCID=0, FLags=0x8))
2026-09-26 14:43:59,521 - DEBUG - Release <POINTER(ITypeLib) ptr=0x1f16f107800 at 1f173cc1550>
2026-09-26 14:44:02,755 - INFO - >> Hardware Trigger: DI1 (Start) Pressed!
2026-09-26 14:44:02,756 - INFO - >> Hardware Trigger: DI1 (Start) Pressed!
2026-09-26 14:44:02,811 - INFO - >> Hardware Trigger: DI1 (Start) Not Pressed!
2026-09-26 14:44:02,812 - INFO - >> Hardware Trigger: DI1 (Start) Not Pressed!
2026-09-26 14:44:08,951 - INFO - UI load successful
2026-09-26 14:45:25,478 - INFO - No OpenGL_accelerate module loaded: No module named 'OpenGL_accelerate'
2026-09-26 14:45:25,887 - DEBUG - CoInitializeEx(None, 2)
2026-09-26 14:45:25,982 - INFO - Imported existing <module 'comtypes.gen' from 'C:\\Users\\EXPSOL\\AppData\\Roaming\\Python\\Python312\\site-packages\\comtypes\\gen\\__init__.py'>
2026-09-26 14:45:25,982 - INFO - Using writeable comtypes cache directory: 'C:\Users\EXPSOL\AppData\Roaming\Python\Python312\site-packages\comtypes\gen'
2026-09-26 14:45:25,997 - DEBUG - GetModule(qedit.dll), resolved: False
2026-09-26 14:45:25,997 - DEBUG - GetModule(TLIBATTR(GUID={78530B68-61F9-11D2-8CAD-00A024580902}, Version=1.0, LCID=0, FLags=0x8))
2026-09-26 14:45:26,029 - DEBUG - Release <POINTER(ITypeLib) ptr=0x17201ad3690 at 17202e376d0>
2026-09-26 14:45:26,029 - DEBUG - GetModule(quartz.dll), resolved: False
2026-09-26 14:45:26,029 - DEBUG - GetModule(TLIBATTR(GUID={56A868B0-0AD4-11CE-B03A-0020AF0BA770}, Version=1.0, LCID=0, FLags=0x8))
2026-09-26 14:45:26,045 - DEBUG - Release <POINTER(ITypeLib) ptr=0x17201ad2b90 at 172032e1550>
2026-09-26 14:45:29,206 - INFO - >> Hardware Trigger: DI1 (Start) Pressed!
2026-09-26 14:45:29,206 - INFO - >> Hardware Trigger: DI1 (Start) Pressed!
2026-09-26 14:45:29,269 - INFO - >> Hardware Trigger: DI1 (Start) Not Pressed!
2026-09-26 14:45:29,269 - INFO - >> Hardware Trigger: DI1 (Start) Not Pressed!
2026-09-26 14:45:35,470 - INFO - UI load successful
2026-09-26 14:47:24,840 - INFO - No OpenGL_accelerate module loaded: No module named 'OpenGL_accelerate'
2026-09-26 14:47:25,253 - DEBUG - CoInitializeEx(None, 2)
2026-09-26 14:47:25,352 - INFO - Imported existing <module 'comtypes.gen' from 'C:\\Users\\EXPSOL\\AppData\\Roaming\\Python\\Python312\\site-packages\\comtypes\\gen\\__init__.py'>
2026-09-26 14:47:25,352 - INFO - Using writeable comtypes cache directory: 'C:\Users\EXPSOL\AppData\Roaming\Python\Python312\site-packages\comtypes\gen'
2026-09-26 14:47:25,357 - DEBUG - GetModule(qedit.dll), resolved: False
2026-09-26 14:47:25,357 - DEBUG - GetModule(TLIBATTR(GUID={78530B68-61F9-11D2-8CAD-00A024580902}, Version=1.0, LCID=0, FLags=0x8))
2026-09-26 14:47:25,388 - DEBUG - Release <POINTER(ITypeLib) ptr=0x22b2f16b370 at 22b46d176d0>
2026-09-26 14:47:25,388 - DEBUG - GetModule(quartz.dll), resolved: False
2026-09-26 14:47:25,405 - DEBUG - GetModule(TLIBATTR(GUID={56A868B0-0AD4-11CE-B03A-0020AF0BA770}, Version=1.0, LCID=0, FLags=0x8))
2026-09-26 14:47:25,417 - DEBUG - Release <POINTER(ITypeLib) ptr=0x22b2f16a870 at 22b471c1550>
2026-09-26 14:47:28,575 - INFO - >> Hardware Trigger: DI1 (Start) Pressed!
2026-09-26 14:47:28,575 - INFO - >> Hardware Trigger: DI1 (Start) Pressed!
2026-09-26 14:47:28,656 - INFO - >> Hardware Trigger: DI1 (Start) Not Pressed!
2026-09-26 14:47:28,656 - INFO - >> Hardware Trigger: DI1 (Start) Not Pressed!
2026-09-26 14:47:34,776 - INFO - UI load successful
2026-09-26 14:48:26,380 - INFO - No OpenGL_accelerate module loaded: No module named 'OpenGL_accelerate'
2026-09-26 14:48:26,788 - DEBUG - CoInitializeEx(None, 2)
2026-09-26 14:48:26,899 - INFO - Imported existing <module 'comtypes.gen' from 'C:\\Users\\EXPSOL\\AppData\\Roaming\\Python\\Python312\\site-packages\\comtypes\\gen\\__init__.py'>
2026-09-26 14:48:26,899 - INFO - Using writeable comtypes cache directory: 'C:\Users\EXPSOL\AppData\Roaming\Python\Python312\site-packages\comtypes\gen'
2026-09-26 14:48:26,919 - DEBUG - GetModule(qedit.dll), resolved: False
2026-09-26 14:48:26,924 - DEBUG - GetModule(TLIBATTR(GUID={78530B68-61F9-11D2-8CAD-00A024580902}, Version=1.0, LCID=0, FLags=0x8))
2026-09-26 14:48:26,973 - DEBUG - Release <POINTER(ITypeLib) ptr=0x1bd69b90310 at 1bd6e3a76d0>
2026-09-26 14:48:26,973 - DEBUG - GetModule(quartz.dll), resolved: False
2026-09-26 14:48:26,973 - DEBUG - GetModule(TLIBATTR(GUID={56A868B0-0AD4-11CE-B03A-0020AF0BA770}, Version=1.0, LCID=0, FLags=0x8))
2026-09-26 14:48:26,991 - DEBUG - Release <POINTER(ITypeLib) ptr=0x1bd69b91910 at 1bd6e851550>
2026-09-26 14:48:30,169 - INFO - >> Hardware Trigger: DI1 (Start) Pressed!
2026-09-26 14:48:30,169 - INFO - >> Hardware Trigger: DI1 (Start) Pressed!
2026-09-26 14:48:30,249 - INFO - >> Hardware Trigger: DI1 (Start) Not Pressed!
2026-09-26 14:48:30,250 - INFO - >> Hardware Trigger: DI1 (Start) Not Pressed!
2026-09-26 14:48:36,555 - INFO - UI load successful
2026-09-26 14:55:25,358 - INFO - No OpenGL_accelerate module loaded: No module named 'OpenGL_accelerate'
2026-09-26 14:55:25,794 - DEBUG - CoInitializeEx(None, 2)
2026-09-26 14:55:25,889 - INFO - Imported existing <module 'comtypes.gen' from 'C:\\Users\\EXPSOL\\AppData\\Roaming\\Python\\Python312\\site-packages\\comtypes\\gen\\__init__.py'>
2026-09-26 14:55:25,889 - INFO - Using writeable comtypes cache directory: 'C:\Users\EXPSOL\AppData\Roaming\Python\Python312\site-packages\comtypes\gen'
2026-09-26 14:55:25,907 - DEBUG - GetModule(qedit.dll), resolved: False
2026-09-26 14:55:25,907 - DEBUG - GetModule(TLIBATTR(GUID={78530B68-61F9-11D2-8CAD-00A024580902}, Version=1.0, LCID=0, FLags=0x8))
2026-09-26 14:55:25,944 - DEBUG - Release <POINTER(ITypeLib) ptr=0x20f763c9b70 at 20f0e063750>
2026-09-26 14:55:25,944 - DEBUG - GetModule(quartz.dll), resolved: False
2026-09-26 14:55:25,952 - DEBUG - GetModule(TLIBATTR(GUID={56A868B0-0AD4-11CE-B03A-0020AF0BA770}, Version=1.0, LCID=0, FLags=0x8))
2026-09-26 14:55:25,965 - DEBUG - Release <POINTER(ITypeLib) ptr=0x20f763c9070 at 20f0e5015d0>
2026-09-26 14:55:29,152 - INFO - >> Hardware Trigger: DI1 (Start) Pressed!
2026-09-26 14:55:29,159 - INFO - >> Hardware Trigger: DI1 (Start) Pressed!
2026-09-26 14:55:29,234 - INFO - >> Hardware Trigger: DI1 (Start) Not Pressed!
2026-09-26 14:55:29,235 - INFO - >> Hardware Trigger: DI1 (Start) Not Pressed!
2026-09-26 14:55:35,365 - INFO - UI load successful
2026-09-26 14:55:46,589 - INFO - Galvo Laser Shutdown
2026-09-26 14:55:46,592 - CRITICAL - Laser 1 : OFF
2026-09-26 14:55:46,592 - CRITICAL - Laser 2 : OFF
2026-09-26 14:55:46,592 - INFO - Stepper Lasers Shutdown
2026-09-26 14:55:46,592 - INFO - COM connection close successfully
2026-09-26 14:55:46,592 - INFO - Main window close successfully
2026-09-26 14:55:46,592 - INFO - ==================================================
2026-09-26 14:55:46,592 - INFO - New session close at 2026-09-26 14:55
2026-09-26 14:55:46,592 - INFO - ==================================================
2026-09-26 14:55:46,614 - DEBUG - Calling CoUninitialize()
2026-09-26 14:55:46,616 - DEBUG - CoUninitialize() done.
2026-09-26 14:56:38,714 - INFO - No OpenGL_accelerate module loaded: No module named 'OpenGL_accelerate'
2026-09-26 14:56:39,130 - DEBUG - CoInitializeEx(None, 2)
2026-09-26 14:56:39,230 - INFO - Imported existing <module 'comtypes.gen' from 'C:\\Users\\EXPSOL\\AppData\\Roaming\\Python\\Python312\\site-packages\\comtypes\\gen\\__init__.py'>
2026-09-26 14:56:39,232 - INFO - Using writeable comtypes cache directory: 'C:\Users\EXPSOL\AppData\Roaming\Python\Python312\site-packages\comtypes\gen'
2026-09-26 14:56:39,242 - DEBUG - GetModule(qedit.dll), resolved: False
2026-09-26 14:56:39,242 - DEBUG - GetModule(TLIBATTR(GUID={78530B68-61F9-11D2-8CAD-00A024580902}, Version=1.0, LCID=0, FLags=0x8))
2026-09-26 14:56:39,287 - DEBUG - Release <POINTER(ITypeLib) ptr=0x1f246f863c0 at 1f24b853750>
2026-09-26 14:56:39,288 - DEBUG - GetModule(quartz.dll), resolved: False
2026-09-26 14:56:39,289 - DEBUG - GetModule(TLIBATTR(GUID={56A868B0-0AD4-11CE-B03A-0020AF0BA770}, Version=1.0, LCID=0, FLags=0x8))
2026-09-26 14:56:39,303 - DEBUG - Release <POINTER(ITypeLib) ptr=0x1f246f85b80 at 1f24bcf15d0>
2026-09-26 14:56:42,378 - INFO - >> Hardware Trigger: DI1 (Start) Pressed!
2026-09-26 14:56:42,380 - INFO - >> Hardware Trigger: DI1 (Start) Pressed!
2026-09-26 14:56:42,470 - INFO - >> Hardware Trigger: DI1 (Start) Not Pressed!
2026-09-26 14:56:42,470 - INFO - >> Hardware Trigger: DI1 (Start) Not Pressed!
2026-09-26 14:56:48,691 - INFO - UI load successful
2026-09-26 15:02:28,915 - INFO - Galvo Laser Shutdown
2026-09-26 15:02:28,931 - CRITICAL - Laser 1 : OFF
2026-09-26 15:02:28,931 - CRITICAL - Laser 2 : OFF
2026-09-26 15:02:28,931 - INFO - Stepper Lasers Shutdown
2026-09-26 15:02:28,931 - INFO - COM connection close successfully
2026-09-26 15:02:28,931 - INFO - Main window close successfully
2026-09-26 15:02:28,935 - INFO - ==================================================
2026-09-26 15:02:28,935 - INFO - New session close at 2026-09-26 15:02
2026-09-26 15:02:28,935 - INFO - ==================================================
2026-09-26 15:02:28,985 - DEBUG - Calling CoUninitialize()
2026-09-26 15:02:28,985 - DEBUG - CoUninitialize() done.
2026-09-26 15:11:13,743 - DEBUG - OpenGL_accelerate module loaded
2026-09-26 15:11:13,897 - DEBUG - Using accelerated ArrayDatatype
2026-09-26 15:11:21,478 - DEBUG - OpenGL_accelerate module loaded
2026-09-26 15:11:21,494 - DEBUG - Using accelerated ArrayDatatype
2026-09-26 15:11:22,047 - DEBUG - CoInitializeEx(None, 2)
2026-09-26 15:11:23,209 - INFO - Imported existing <module 'comtypes.gen' from 'C:\\Users\\exp\\AppData\\Roaming\\Python\\Python313\\site-packages\\comtypes\\gen\\__init__.py'>
2026-09-26 15:11:23,209 - INFO - Using writeable comtypes cache directory: 'C:\Users\exp\AppData\Roaming\Python\Python313\site-packages\comtypes\gen'
2026-09-26 15:11:23,318 - DEBUG - GetModule(qedit.dll), resolved: False
2026-09-26 15:11:23,342 - DEBUG - GetModule(TLIBATTR(GUID={78530B68-61F9-11D2-8CAD-00A024580902}, Version=1.0, LCID=0, FLags=0x8))
2026-09-26 15:11:23,616 - DEBUG - Release <POINTER(ITypeLib) ptr=0x236cd684ea0 at 236ce9364d0>
2026-09-26 15:11:23,619 - DEBUG - GetModule(quartz.dll), resolved: False
2026-09-26 15:11:23,625 - DEBUG - GetModule(TLIBATTR(GUID={56A868B0-0AD4-11CE-B03A-0020AF0BA770}, Version=1.0, LCID=0, FLags=0x8))
2026-09-26 15:11:23,712 - DEBUG - Release <POINTER(ITypeLib) ptr=0x236cd685420 at 236ce936350>
2026-09-26 15:11:26,823 - INFO - UI load successful
2026-09-26 15:13:25,628 - CRITICAL - Laser 1 : OFF
2026-09-26 15:13:25,629 - CRITICAL - Laser 2 : OFF
2026-09-26 15:13:25,629 - INFO - Stepper Lasers Shutdown
2026-09-26 15:13:25,629 - INFO - COM connection close successfully
2026-09-26 15:13:25,629 - INFO - Main window close successfully
2026-09-26 15:13:25,629 - INFO - ==================================================
2026-09-26 15:13:25,629 - INFO - New session close at 2026-09-26 15:13
2026-09-26 15:13:25,629 - INFO - ==================================================
2026-09-26 15:13:25,652 - DEBUG - Calling CoUninitialize()
2026-09-26 15:13:25,653 - DEBUG - CoUninitialize() done.
2026-09-26 15:14:08,032 - DEBUG - OpenGL_accelerate module loaded
2026-09-26 15:14:08,046 - DEBUG - Using accelerated ArrayDatatype
2026-09-26 15:14:08,336 - DEBUG - CoInitializeEx(None, 2)
2026-09-26 15:14:08,398 - INFO - Imported existing <module 'comtypes.gen' from 'C:\\Users\\exp\\AppData\\Roaming\\Python\\Python313\\site-packages\\comtypes\\gen\\__init__.py'>
2026-09-26 15:14:08,398 - INFO - Using writeable comtypes cache directory: 'C:\Users\exp\AppData\Roaming\Python\Python313\site-packages\comtypes\gen'
2026-09-26 15:14:08,404 - DEBUG - GetModule(qedit.dll), resolved: False
2026-09-26 15:14:08,405 - DEBUG - GetModule(TLIBATTR(GUID={78530B68-61F9-11D2-8CAD-00A024580902}, Version=1.0, LCID=0, FLags=0x8))
2026-09-26 15:14:08,430 - DEBUG - Release <POINTER(ITypeLib) ptr=0x216ac2c1100 at 216c1baa4d0>
2026-09-26 15:14:08,430 - DEBUG - GetModule(quartz.dll), resolved: False
2026-09-26 15:14:08,431 - DEBUG - GetModule(TLIBATTR(GUID={56A868B0-0AD4-11CE-B03A-0020AF0BA770}, Version=1.0, LCID=0, FLags=0x8))
2026-09-26 15:14:08,439 - DEBUG - Release <POINTER(ITypeLib) ptr=0x216ac2c13c0 at 216c1baa350>
2026-09-26 15:14:08,745 - INFO - UI load successful
2026-09-26 15:14:16,980 - CRITICAL - Laser 1 : OFF
2026-09-26 15:14:16,980 - CRITICAL - Laser 2 : OFF
2026-09-26 15:14:16,980 - INFO - Stepper Lasers Shutdown
2026-09-26 15:14:16,980 - INFO - COM connection close successfully
2026-09-26 15:14:16,980 - INFO - Main window close successfully
2026-09-26 15:14:16,980 - INFO - ==================================================
2026-09-26 15:14:16,980 - INFO - New session close at 2026-09-26 15:14
2026-09-26 15:14:16,981 - INFO - ==================================================
2026-09-26 15:14:16,993 - DEBUG - Calling CoUninitialize()
2026-09-26 15:14:16,993 - DEBUG - CoUninitialize() done.
