2026-06-16 12:43:29,651 - DEBUG - OpenGL_accelerate module loaded
2026-06-16 12:43:29,711 - DEBUG - Using accelerated ArrayDatatype
2026-06-16 12:43:30,459 - DEBUG - CoInitializeEx(None, 2)
2026-06-16 12:43:31,034 - INFO - Imported existing <module 'comtypes.gen' from 'C:\\Users\\exp\\AppData\\Roaming\\Python\\Python313\\site-packages\\comtypes\\gen\\__init__.py'>
2026-06-16 12:43:31,035 - INFO - Using writeable comtypes cache directory: 'C:\Users\exp\AppData\Roaming\Python\Python313\site-packages\comtypes\gen'
2026-06-16 12:43:31,107 - DEBUG - GetModule(qedit.dll), resolved: False
2026-06-16 12:43:31,113 - DEBUG - GetModule(TLIBATTR(GUID={78530B68-61F9-11D2-8CAD-00A024580902}, Version=1.0, LCID=0, FLags=0x8))
2026-06-16 12:43:31,214 - DEBUG - Release <POINTER(ITypeLib) ptr=0x2be8d175060 at 2be90ca1350>
2026-06-16 12:43:31,215 - DEBUG - GetModule(quartz.dll), resolved: False
2026-06-16 12:43:31,218 - DEBUG - GetModule(TLIBATTR(GUID={56A868B0-0AD4-11CE-B03A-0020AF0BA770}, Version=1.0, LCID=0, FLags=0x8))
2026-06-16 12:43:31,267 - DEBUG - Release <POINTER(ITypeLib) ptr=0x2be8d1779a0 at 2be90ca11d0>
2026-06-16 12:43:33,751 - INFO - UI load successful
2026-06-16 12:44:00,650 - CRITICAL - Laser 1 : OFF
2026-06-16 12:44:00,651 - CRITICAL - Laser 2 : OFF
2026-06-16 12:44:00,651 - INFO - Lasers Shutdown
2026-06-16 12:44:00,651 - INFO - COM connection close successfully
2026-06-16 12:44:00,651 - INFO - Main window close successfully
2026-06-16 12:44:00,651 - INFO - ==================================================
2026-06-16 12:44:00,651 - INFO - New session close at 2026-06-16 12:44
2026-06-16 12:44:00,651 - INFO - ==================================================
2026-06-16 12:44:00,666 - DEBUG - Calling CoUninitialize()
2026-06-16 12:44:00,667 - DEBUG - CoUninitialize() done.
2026-06-16 15:06:49,022 - DEBUG - OpenGL_accelerate module loaded
2026-06-16 15:06:49,081 - DEBUG - Using accelerated ArrayDatatype
2026-06-16 15:06:49,547 - DEBUG - CoInitializeEx(None, 2)
2026-06-16 15:06:49,635 - INFO - Imported existing <module 'comtypes.gen' from 'C:\\Users\\exp\\AppData\\Roaming\\Python\\Python313\\site-packages\\comtypes\\gen\\__init__.py'>
2026-06-16 15:06:49,635 - INFO - Using writeable comtypes cache directory: 'C:\Users\exp\AppData\Roaming\Python\Python313\site-packages\comtypes\gen'
2026-06-16 15:06:49,645 - DEBUG - GetModule(qedit.dll), resolved: False
2026-06-16 15:06:49,649 - DEBUG - GetModule(TLIBATTR(GUID={78530B68-61F9-11D2-8CAD-00A024580902}, Version=1.0, LCID=0, FLags=0x8))
2026-06-16 15:06:49,676 - DEBUG - Release <POINTER(ITypeLib) ptr=0x254bf1353c0 at 254c1beb250>
2026-06-16 15:06:49,676 - DEBUG - GetModule(quartz.dll), resolved: False
2026-06-16 15:06:49,678 - DEBUG - GetModule(TLIBATTR(GUID={56A868B0-0AD4-11CE-B03A-0020AF0BA770}, Version=1.0, LCID=0, FLags=0x8))
2026-06-16 15:06:49,688 - DEBUG - Release <POINTER(ITypeLib) ptr=0x254bf1353c0 at 254c1beb0d0>
2026-06-16 15:06:50,461 - INFO - UI load successful
2026-06-16 15:10:38,105 - INFO - Close event ignored.
2026-06-16 15:10:51,709 - INFO - Profile : Supervisor
2026-06-18 16:34:36,715 - DEBUG - OpenGL_accelerate module loaded
2026-06-18 16:34:36,896 - DEBUG - Using accelerated ArrayDatatype
2026-06-18 16:34:37,868 - DEBUG - CoInitializeEx(None, 2)
2026-06-18 16:34:38,315 - INFO - Imported existing <module 'comtypes.gen' from 'C:\\Users\\exp\\AppData\\Roaming\\Python\\Python313\\site-packages\\comtypes\\gen\\__init__.py'>
2026-06-18 16:34:38,316 - INFO - Using writeable comtypes cache directory: 'C:\Users\exp\AppData\Roaming\Python\Python313\site-packages\comtypes\gen'
2026-06-18 16:34:38,362 - DEBUG - GetModule(qedit.dll), resolved: False
2026-06-18 16:34:38,367 - DEBUG - GetModule(TLIBATTR(GUID={78530B68-61F9-11D2-8CAD-00A024580902}, Version=1.0, LCID=0, FLags=0x8))
2026-06-18 16:34:38,455 - DEBUG - Release <POINTER(ITypeLib) ptr=0x1d074129620 at 1d0772b1850>
2026-06-18 16:34:38,456 - DEBUG - GetModule(quartz.dll), resolved: False
2026-06-18 16:34:38,459 - DEBUG - GetModule(TLIBATTR(GUID={56A868B0-0AD4-11CE-B03A-0020AF0BA770}, Version=1.0, LCID=0, FLags=0x8))
2026-06-18 16:34:38,488 - DEBUG - Release <POINTER(ITypeLib) ptr=0x1d074125c60 at 1d0772b16d0>
2026-06-18 16:34:39,807 - DEBUG - Calling CoUninitialize()
2026-06-18 16:34:39,807 - DEBUG - CoUninitialize() done.
2026-06-19 11:43:24,547 - DEBUG - OpenGL_accelerate module loaded
2026-06-19 11:43:24,738 - DEBUG - Using accelerated ArrayDatatype
2026-06-19 11:43:25,362 - DEBUG - CoInitializeEx(None, 2)
2026-06-19 11:43:25,803 - INFO - Imported existing <module 'comtypes.gen' from 'C:\\Users\\exp\\AppData\\Roaming\\Python\\Python313\\site-packages\\comtypes\\gen\\__init__.py'>
2026-06-19 11:43:25,803 - INFO - Using writeable comtypes cache directory: 'C:\Users\exp\AppData\Roaming\Python\Python313\site-packages\comtypes\gen'
2026-06-19 11:43:25,848 - DEBUG - GetModule(qedit.dll), resolved: False
2026-06-19 11:43:25,856 - DEBUG - GetModule(TLIBATTR(GUID={78530B68-61F9-11D2-8CAD-00A024580902}, Version=1.0, LCID=0, FLags=0x8))
2026-06-19 11:43:25,928 - DEBUG - Release <POINTER(ITypeLib) ptr=0x2796a1f9230 at 2796c5bf750>
2026-06-19 11:43:25,929 - DEBUG - GetModule(quartz.dll), resolved: False
2026-06-19 11:43:25,931 - DEBUG - GetModule(TLIBATTR(GUID={56A868B0-0AD4-11CE-B03A-0020AF0BA770}, Version=1.0, LCID=0, FLags=0x8))
2026-06-19 11:43:25,957 - DEBUG - Release <POINTER(ITypeLib) ptr=0x2796a1f8730 at 2796c5bf5d0>
2026-06-19 11:43:26,986 - DEBUG - Calling CoUninitialize()
2026-06-19 11:43:26,987 - DEBUG - CoUninitialize() done.
2026-06-19 11:47:12,911 - DEBUG - OpenGL_accelerate module loaded
2026-06-19 11:47:12,931 - DEBUG - Using accelerated ArrayDatatype
2026-06-19 11:47:13,235 - DEBUG - CoInitializeEx(None, 2)
2026-06-19 11:47:13,294 - INFO - Imported existing <module 'comtypes.gen' from 'C:\\Users\\exp\\AppData\\Roaming\\Python\\Python313\\site-packages\\comtypes\\gen\\__init__.py'>
2026-06-19 11:47:13,295 - INFO - Using writeable comtypes cache directory: 'C:\Users\exp\AppData\Roaming\Python\Python313\site-packages\comtypes\gen'
2026-06-19 11:47:13,303 - DEBUG - GetModule(qedit.dll), resolved: False
2026-06-19 11:47:13,305 - DEBUG - GetModule(TLIBATTR(GUID={78530B68-61F9-11D2-8CAD-00A024580902}, Version=1.0, LCID=0, FLags=0x8))
2026-06-19 11:47:13,330 - DEBUG - Release <POINTER(ITypeLib) ptr=0x22103e2add0 at 221069636d0>
2026-06-19 11:47:13,331 - DEBUG - GetModule(quartz.dll), resolved: False
2026-06-19 11:47:13,331 - DEBUG - GetModule(TLIBATTR(GUID={56A868B0-0AD4-11CE-B03A-0020AF0BA770}, Version=1.0, LCID=0, FLags=0x8))
2026-06-19 11:47:13,340 - DEBUG - Release <POINTER(ITypeLib) ptr=0x22103e2add0 at 22106963550>
2026-06-19 11:47:13,616 - INFO - UI load successful
2026-06-19 11:47:57,903 - DEBUG - OpenGL_accelerate module loaded
2026-06-19 11:47:58,032 - DEBUG - Using accelerated ArrayDatatype
2026-06-19 11:47:59,176 - DEBUG - CoInitializeEx(None, 2)
2026-06-19 11:47:59,437 - INFO - Imported existing <module 'comtypes.gen' from 'C:\\Users\\exp\\AppData\\Roaming\\Python\\Python313\\site-packages\\comtypes\\gen\\__init__.py'>
2026-06-19 11:47:59,438 - INFO - Using writeable comtypes cache directory: 'C:\Users\exp\AppData\Roaming\Python\Python313\site-packages\comtypes\gen'
2026-06-19 11:47:59,456 - DEBUG - GetModule(qedit.dll), resolved: False
2026-06-19 11:47:59,458 - DEBUG - GetModule(TLIBATTR(GUID={78530B68-61F9-11D2-8CAD-00A024580902}, Version=1.0, LCID=0, FLags=0x8))
2026-06-19 11:47:59,510 - DEBUG - Release <POINTER(ITypeLib) ptr=0x21ce83a2930 at 21cea5c36d0>
2026-06-19 11:47:59,510 - DEBUG - GetModule(quartz.dll), resolved: False
2026-06-19 11:47:59,511 - DEBUG - GetModule(TLIBATTR(GUID={56A868B0-0AD4-11CE-B03A-0020AF0BA770}, Version=1.0, LCID=0, FLags=0x8))
2026-06-19 11:47:59,536 - DEBUG - Release <POINTER(ITypeLib) ptr=0x21ce83a39b0 at 21cea5c3550>
2026-06-19 11:48:00,228 - INFO - UI load successful
2026-06-19 11:51:22,697 - DEBUG - OpenGL_accelerate module loaded
2026-06-19 11:51:22,712 - DEBUG - Using accelerated ArrayDatatype
2026-06-19 11:51:23,106 - DEBUG - CoInitializeEx(None, 2)
2026-06-19 11:51:23,183 - INFO - Imported existing <module 'comtypes.gen' from 'C:\\Users\\exp\\AppData\\Roaming\\Python\\Python313\\site-packages\\comtypes\\gen\\__init__.py'>
2026-06-19 11:51:23,222 - INFO - Using writeable comtypes cache directory: 'C:\Users\exp\AppData\Roaming\Python\Python313\site-packages\comtypes\gen'
2026-06-19 11:51:23,233 - DEBUG - GetModule(qedit.dll), resolved: False
2026-06-19 11:51:23,235 - DEBUG - GetModule(TLIBATTR(GUID={78530B68-61F9-11D2-8CAD-00A024580902}, Version=1.0, LCID=0, FLags=0x8))
2026-06-19 11:51:23,263 - DEBUG - Release <POINTER(ITypeLib) ptr=0x24bef6c4810 at 24bf1a4f6d0>
2026-06-19 11:51:23,263 - DEBUG - GetModule(quartz.dll), resolved: False
2026-06-19 11:51:23,264 - DEBUG - GetModule(TLIBATTR(GUID={56A868B0-0AD4-11CE-B03A-0020AF0BA770}, Version=1.0, LCID=0, FLags=0x8))
2026-06-19 11:51:23,275 - DEBUG - Release <POINTER(ITypeLib) ptr=0x24bef6c60d0 at 24bf1a4f550>
2026-06-19 11:51:23,543 - INFO - UI load successful
2026-06-19 11:52:11,983 - CRITICAL - Laser 1 : OFF
2026-06-19 11:52:11,983 - CRITICAL - Laser 2 : OFF
2026-06-19 11:52:11,983 - INFO - Lasers Shutdown
2026-06-19 11:52:11,983 - INFO - COM connection close successfully
2026-06-19 11:52:11,983 - INFO - Main window close successfully
2026-06-19 11:52:11,983 - INFO - ==================================================
2026-06-19 11:52:11,983 - INFO - New session close at 2026-06-19 11:52
2026-06-19 11:52:11,983 - INFO - ==================================================
2026-06-19 11:52:12,033 - DEBUG - Calling CoUninitialize()
2026-06-19 11:52:12,033 - DEBUG - CoUninitialize() done.
2026-06-19 11:52:20,000 - DEBUG - OpenGL_accelerate module loaded
2026-06-19 11:52:20,033 - DEBUG - Using accelerated ArrayDatatype
2026-06-19 11:52:20,548 - DEBUG - CoInitializeEx(None, 2)
2026-06-19 11:52:20,650 - INFO - Imported existing <module 'comtypes.gen' from 'C:\\Users\\exp\\AppData\\Roaming\\Python\\Python313\\site-packages\\comtypes\\gen\\__init__.py'>
2026-06-19 11:52:20,650 - INFO - Using writeable comtypes cache directory: 'C:\Users\exp\AppData\Roaming\Python\Python313\site-packages\comtypes\gen'
2026-06-19 11:52:20,661 - DEBUG - GetModule(qedit.dll), resolved: False
2026-06-19 11:52:20,666 - DEBUG - GetModule(TLIBATTR(GUID={78530B68-61F9-11D2-8CAD-00A024580902}, Version=1.0, LCID=0, FLags=0x8))
2026-06-19 11:52:20,696 - DEBUG - Release <POINTER(ITypeLib) ptr=0x17cc1fc95a0 at 17cc481f6d0>
2026-06-19 11:52:20,697 - DEBUG - GetModule(quartz.dll), resolved: False
2026-06-19 11:52:20,698 - DEBUG - GetModule(TLIBATTR(GUID={56A868B0-0AD4-11CE-B03A-0020AF0BA770}, Version=1.0, LCID=0, FLags=0x8))
2026-06-19 11:52:20,708 - DEBUG - Release <POINTER(ITypeLib) ptr=0x17cc1fcb120 at 17cc481f550>
2026-06-19 11:52:21,029 - INFO - UI load successful
2026-06-19 11:53:09,016 - CRITICAL - Laser 1 : OFF
2026-06-19 11:53:09,017 - CRITICAL - Laser 2 : OFF
2026-06-19 11:53:09,017 - INFO - Lasers Shutdown
2026-06-19 11:53:09,017 - INFO - COM connection close successfully
2026-06-19 11:53:09,017 - INFO - Main window close successfully
2026-06-19 11:53:09,017 - INFO - ==================================================
2026-06-19 11:53:09,017 - INFO - New session close at 2026-06-19 11:53
2026-06-19 11:53:09,017 - INFO - ==================================================
2026-06-19 11:53:09,023 - DEBUG - Calling CoUninitialize()
2026-06-19 11:53:09,023 - DEBUG - CoUninitialize() done.
2026-06-19 11:53:37,661 - DEBUG - OpenGL_accelerate module loaded
2026-06-19 11:53:37,675 - DEBUG - Using accelerated ArrayDatatype
2026-06-19 11:53:37,962 - DEBUG - CoInitializeEx(None, 2)
2026-06-19 11:53:38,015 - INFO - Imported existing <module 'comtypes.gen' from 'C:\\Users\\exp\\AppData\\Roaming\\Python\\Python313\\site-packages\\comtypes\\gen\\__init__.py'>
2026-06-19 11:53:38,016 - INFO - Using writeable comtypes cache directory: 'C:\Users\exp\AppData\Roaming\Python\Python313\site-packages\comtypes\gen'
2026-06-19 11:53:38,023 - DEBUG - GetModule(qedit.dll), resolved: False
2026-06-19 11:53:38,025 - DEBUG - GetModule(TLIBATTR(GUID={78530B68-61F9-11D2-8CAD-00A024580902}, Version=1.0, LCID=0, FLags=0x8))
2026-06-19 11:53:38,049 - DEBUG - Release <POINTER(ITypeLib) ptr=0x1fb07863e10 at 1fb09fbf750>
2026-06-19 11:53:38,049 - DEBUG - GetModule(quartz.dll), resolved: False
2026-06-19 11:53:38,050 - DEBUG - GetModule(TLIBATTR(GUID={56A868B0-0AD4-11CE-B03A-0020AF0BA770}, Version=1.0, LCID=0, FLags=0x8))
2026-06-19 11:53:38,058 - DEBUG - Release <POINTER(ITypeLib) ptr=0x1fb07863e10 at 1fb09fbf5d0>
2026-06-19 11:53:38,350 - INFO - UI load successful
2026-06-19 11:54:06,865 - CRITICAL - Laser 1 : OFF
2026-06-19 11:54:06,865 - CRITICAL - Laser 2 : OFF
2026-06-19 11:54:06,866 - INFO - Lasers Shutdown
2026-06-19 11:54:06,866 - INFO - COM connection close successfully
2026-06-19 11:54:06,866 - INFO - Main window close successfully
2026-06-19 11:54:06,866 - INFO - ==================================================
2026-06-19 11:54:06,866 - INFO - New session close at 2026-06-19 11:54
2026-06-19 11:54:06,866 - INFO - ==================================================
2026-06-19 11:54:06,878 - DEBUG - Calling CoUninitialize()
2026-06-19 11:54:06,879 - DEBUG - CoUninitialize() done.
2026-06-19 12:00:41,282 - DEBUG - OpenGL_accelerate module loaded
2026-06-19 12:00:41,295 - DEBUG - Using accelerated ArrayDatatype
2026-06-19 12:00:41,634 - DEBUG - CoInitializeEx(None, 2)
2026-06-19 12:00:41,693 - INFO - Imported existing <module 'comtypes.gen' from 'C:\\Users\\exp\\AppData\\Roaming\\Python\\Python313\\site-packages\\comtypes\\gen\\__init__.py'>
2026-06-19 12:00:41,694 - INFO - Using writeable comtypes cache directory: 'C:\Users\exp\AppData\Roaming\Python\Python313\site-packages\comtypes\gen'
2026-06-19 12:00:41,701 - DEBUG - GetModule(qedit.dll), resolved: False
2026-06-19 12:00:41,703 - DEBUG - GetModule(TLIBATTR(GUID={78530B68-61F9-11D2-8CAD-00A024580902}, Version=1.0, LCID=0, FLags=0x8))
2026-06-19 12:00:41,731 - DEBUG - Release <POINTER(ITypeLib) ptr=0x2bc7dac9530 at 2bc7fcbf6d0>
2026-06-19 12:00:41,732 - DEBUG - GetModule(quartz.dll), resolved: False
2026-06-19 12:00:41,733 - DEBUG - GetModule(TLIBATTR(GUID={56A868B0-0AD4-11CE-B03A-0020AF0BA770}, Version=1.0, LCID=0, FLags=0x8))
2026-06-19 12:00:41,742 - DEBUG - Release <POINTER(ITypeLib) ptr=0x2bc7dac9d70 at 2bc7fcbf550>
2026-06-19 12:00:42,083 - INFO - UI load successful
2026-06-19 12:06:18,255 - DEBUG - OpenGL_accelerate module loaded
2026-06-19 12:06:18,272 - DEBUG - Using accelerated ArrayDatatype
2026-06-19 12:06:18,645 - DEBUG - CoInitializeEx(None, 2)
2026-06-19 12:06:18,711 - INFO - Imported existing <module 'comtypes.gen' from 'C:\\Users\\exp\\AppData\\Roaming\\Python\\Python313\\site-packages\\comtypes\\gen\\__init__.py'>
2026-06-19 12:06:18,712 - INFO - Using writeable comtypes cache directory: 'C:\Users\exp\AppData\Roaming\Python\Python313\site-packages\comtypes\gen'
2026-06-19 12:06:18,721 - DEBUG - GetModule(qedit.dll), resolved: False
2026-06-19 12:06:18,723 - DEBUG - GetModule(TLIBATTR(GUID={78530B68-61F9-11D2-8CAD-00A024580902}, Version=1.0, LCID=0, FLags=0x8))
2026-06-19 12:06:18,754 - DEBUG - Release <POINTER(ITypeLib) ptr=0x1dfaf5b31d0 at 1dfb17cf6d0>
2026-06-19 12:06:18,754 - DEBUG - GetModule(quartz.dll), resolved: False
2026-06-19 12:06:18,755 - DEBUG - GetModule(TLIBATTR(GUID={56A868B0-0AD4-11CE-B03A-0020AF0BA770}, Version=1.0, LCID=0, FLags=0x8))
2026-06-19 12:06:18,766 - DEBUG - Release <POINTER(ITypeLib) ptr=0x1dfaf5af810 at 1dfb17cf550>
2026-06-19 12:06:19,070 - INFO - UI load successful
2026-06-19 12:10:27,635 - DEBUG - OpenGL_accelerate module loaded
2026-06-19 12:10:27,650 - DEBUG - Using accelerated ArrayDatatype
2026-06-19 12:10:27,983 - DEBUG - CoInitializeEx(None, 2)
2026-06-19 12:10:28,043 - INFO - Imported existing <module 'comtypes.gen' from 'C:\\Users\\exp\\AppData\\Roaming\\Python\\Python313\\site-packages\\comtypes\\gen\\__init__.py'>
2026-06-19 12:10:28,043 - INFO - Using writeable comtypes cache directory: 'C:\Users\exp\AppData\Roaming\Python\Python313\site-packages\comtypes\gen'
2026-06-19 12:10:28,052 - DEBUG - GetModule(qedit.dll), resolved: False
2026-06-19 12:10:28,053 - DEBUG - GetModule(TLIBATTR(GUID={78530B68-61F9-11D2-8CAD-00A024580902}, Version=1.0, LCID=0, FLags=0x8))
2026-06-19 12:10:28,077 - DEBUG - Release <POINTER(ITypeLib) ptr=0x2c8c8fa73c0 at 2c8cb1cf6d0>
2026-06-19 12:10:28,078 - DEBUG - GetModule(quartz.dll), resolved: False
2026-06-19 12:10:28,078 - DEBUG - GetModule(TLIBATTR(GUID={56A868B0-0AD4-11CE-B03A-0020AF0BA770}, Version=1.0, LCID=0, FLags=0x8))
2026-06-19 12:10:28,086 - DEBUG - Release <POINTER(ITypeLib) ptr=0x2c8c8fa5b00 at 2c8cb1cf550>
2026-06-19 12:10:28,334 - INFO - UI load successful
2026-06-19 12:11:12,267 - CRITICAL - Laser 1 : OFF
2026-06-19 12:11:12,267 - CRITICAL - Laser 2 : OFF
2026-06-19 12:11:12,267 - INFO - Lasers Shutdown
2026-06-19 12:11:12,267 - INFO - COM connection close successfully
2026-06-19 12:11:12,267 - INFO - Main window close successfully
2026-06-19 12:11:12,267 - INFO - ==================================================
2026-06-19 12:11:12,267 - INFO - New session close at 2026-06-19 12:11
2026-06-19 12:11:12,267 - INFO - ==================================================
2026-06-19 12:11:12,274 - DEBUG - Calling CoUninitialize()
2026-06-19 12:11:12,275 - DEBUG - CoUninitialize() done.
2026-06-19 12:11:43,842 - DEBUG - OpenGL_accelerate module loaded
2026-06-19 12:11:43,855 - DEBUG - Using accelerated ArrayDatatype
2026-06-19 12:11:44,137 - DEBUG - CoInitializeEx(None, 2)
2026-06-19 12:11:44,198 - INFO - Imported existing <module 'comtypes.gen' from 'C:\\Users\\exp\\AppData\\Roaming\\Python\\Python313\\site-packages\\comtypes\\gen\\__init__.py'>
2026-06-19 12:11:44,198 - INFO - Using writeable comtypes cache directory: 'C:\Users\exp\AppData\Roaming\Python\Python313\site-packages\comtypes\gen'
2026-06-19 12:11:44,206 - DEBUG - GetModule(qedit.dll), resolved: False
2026-06-19 12:11:44,240 - DEBUG - GetModule(TLIBATTR(GUID={78530B68-61F9-11D2-8CAD-00A024580902}, Version=1.0, LCID=0, FLags=0x8))
2026-06-19 12:11:44,264 - DEBUG - Release <POINTER(ITypeLib) ptr=0x2b3f2dc37e0 at 2b3f5a7f6d0>
2026-06-19 12:11:44,265 - DEBUG - GetModule(quartz.dll), resolved: False
2026-06-19 12:11:44,266 - DEBUG - GetModule(TLIBATTR(GUID={56A868B0-0AD4-11CE-B03A-0020AF0BA770}, Version=1.0, LCID=0, FLags=0x8))
2026-06-19 12:11:44,274 - DEBUG - Release <POINTER(ITypeLib) ptr=0x2b3f2dc37e0 at 2b3f5a7f550>
2026-06-19 12:11:44,522 - INFO - UI load successful
2026-06-19 12:13:00,240 - DEBUG - OpenGL_accelerate module loaded
2026-06-19 12:13:00,253 - DEBUG - Using accelerated ArrayDatatype
2026-06-19 12:13:00,541 - DEBUG - CoInitializeEx(None, 2)
2026-06-19 12:13:00,596 - INFO - Imported existing <module 'comtypes.gen' from 'C:\\Users\\exp\\AppData\\Roaming\\Python\\Python313\\site-packages\\comtypes\\gen\\__init__.py'>
2026-06-19 12:13:00,596 - INFO - Using writeable comtypes cache directory: 'C:\Users\exp\AppData\Roaming\Python\Python313\site-packages\comtypes\gen'
2026-06-19 12:13:00,603 - DEBUG - GetModule(qedit.dll), resolved: False
2026-06-19 12:13:00,605 - DEBUG - GetModule(TLIBATTR(GUID={78530B68-61F9-11D2-8CAD-00A024580902}, Version=1.0, LCID=0, FLags=0x8))
2026-06-19 12:13:00,629 - DEBUG - Release <POINTER(ITypeLib) ptr=0x287c6f68040 at 287dc82f6d0>
2026-06-19 12:13:00,630 - DEBUG - GetModule(quartz.dll), resolved: False
2026-06-19 12:13:00,630 - DEBUG - GetModule(TLIBATTR(GUID={56A868B0-0AD4-11CE-B03A-0020AF0BA770}, Version=1.0, LCID=0, FLags=0x8))
2026-06-19 12:13:00,640 - DEBUG - Release <POINTER(ITypeLib) ptr=0x287c6f68040 at 287dc82f550>
2026-06-19 12:13:00,893 - INFO - UI load successful
2026-06-19 12:13:11,991 - CRITICAL - Laser 1 : OFF
2026-06-19 12:13:11,991 - CRITICAL - Laser 2 : OFF
2026-06-19 12:13:11,991 - INFO - Lasers Shutdown
2026-06-19 12:13:11,991 - INFO - COM connection close successfully
2026-06-19 12:13:11,991 - INFO - Main window close successfully
2026-06-19 12:13:11,992 - INFO - ==================================================
2026-06-19 12:13:11,992 - INFO - New session close at 2026-06-19 12:13
2026-06-19 12:13:11,992 - INFO - ==================================================
2026-06-19 12:13:12,008 - DEBUG - Calling CoUninitialize()
2026-06-19 12:13:12,009 - DEBUG - CoUninitialize() done.
2026-06-19 12:14:22,844 - DEBUG - OpenGL_accelerate module loaded
2026-06-19 12:14:22,857 - DEBUG - Using accelerated ArrayDatatype
2026-06-19 12:14:23,126 - DEBUG - CoInitializeEx(None, 2)
2026-06-19 12:14:23,175 - INFO - Imported existing <module 'comtypes.gen' from 'C:\\Users\\exp\\AppData\\Roaming\\Python\\Python313\\site-packages\\comtypes\\gen\\__init__.py'>
2026-06-19 12:14:23,175 - INFO - Using writeable comtypes cache directory: 'C:\Users\exp\AppData\Roaming\Python\Python313\site-packages\comtypes\gen'
2026-06-19 12:14:23,181 - DEBUG - GetModule(qedit.dll), resolved: False
2026-06-19 12:14:23,183 - DEBUG - GetModule(TLIBATTR(GUID={78530B68-61F9-11D2-8CAD-00A024580902}, Version=1.0, LCID=0, FLags=0x8))
2026-06-19 12:14:23,206 - DEBUG - Release <POINTER(ITypeLib) ptr=0x17ca171bbb0 at 17ca434f6d0>
2026-06-19 12:14:23,206 - DEBUG - GetModule(quartz.dll), resolved: False
2026-06-19 12:14:23,207 - DEBUG - GetModule(TLIBATTR(GUID={56A868B0-0AD4-11CE-B03A-0020AF0BA770}, Version=1.0, LCID=0, FLags=0x8))
2026-06-19 12:14:23,215 - DEBUG - Release <POINTER(ITypeLib) ptr=0x17ca171bbb0 at 17ca434f550>
2026-06-19 12:14:23,493 - INFO - UI load successful
2026-06-19 12:16:48,184 - DEBUG - OpenGL_accelerate module loaded
2026-06-19 12:16:48,197 - DEBUG - Using accelerated ArrayDatatype
2026-06-19 12:16:48,482 - DEBUG - CoInitializeEx(None, 2)
2026-06-19 12:16:48,535 - INFO - Imported existing <module 'comtypes.gen' from 'C:\\Users\\exp\\AppData\\Roaming\\Python\\Python313\\site-packages\\comtypes\\gen\\__init__.py'>
2026-06-19 12:16:48,536 - INFO - Using writeable comtypes cache directory: 'C:\Users\exp\AppData\Roaming\Python\Python313\site-packages\comtypes\gen'
2026-06-19 12:16:48,542 - DEBUG - GetModule(qedit.dll), resolved: False
2026-06-19 12:16:48,544 - DEBUG - GetModule(TLIBATTR(GUID={78530B68-61F9-11D2-8CAD-00A024580902}, Version=1.0, LCID=0, FLags=0x8))
2026-06-19 12:16:48,570 - DEBUG - Release <POINTER(ITypeLib) ptr=0x1cce40e8ba0 at 1ccf9c9f6d0>
2026-06-19 12:16:48,571 - DEBUG - GetModule(quartz.dll), resolved: False
2026-06-19 12:16:48,572 - DEBUG - GetModule(TLIBATTR(GUID={56A868B0-0AD4-11CE-B03A-0020AF0BA770}, Version=1.0, LCID=0, FLags=0x8))
2026-06-19 12:16:48,581 - DEBUG - Release <POINTER(ITypeLib) ptr=0x1cce40e8360 at 1ccf9c9f550>
2026-06-19 12:16:48,828 - INFO - UI load successful
2026-06-19 12:16:54,739 - CRITICAL - Laser 1 : OFF
2026-06-19 12:16:54,739 - CRITICAL - Laser 2 : OFF
2026-06-19 12:16:54,739 - INFO - Lasers Shutdown
2026-06-19 12:16:54,739 - INFO - COM connection close successfully
2026-06-19 12:16:54,739 - INFO - Main window close successfully
2026-06-19 12:16:54,740 - INFO - ==================================================
2026-06-19 12:16:54,740 - INFO - New session close at 2026-06-19 12:16
2026-06-19 12:16:54,740 - INFO - ==================================================
2026-06-19 12:16:54,751 - DEBUG - Calling CoUninitialize()
2026-06-19 12:16:54,752 - DEBUG - CoUninitialize() done.
2026-06-19 12:25:58,550 - DEBUG - OpenGL_accelerate module loaded
2026-06-19 12:25:58,562 - DEBUG - Using accelerated ArrayDatatype
2026-06-19 12:25:58,831 - DEBUG - CoInitializeEx(None, 2)
2026-06-19 12:25:58,880 - INFO - Imported existing <module 'comtypes.gen' from 'C:\\Users\\exp\\AppData\\Roaming\\Python\\Python313\\site-packages\\comtypes\\gen\\__init__.py'>
2026-06-19 12:25:58,880 - INFO - Using writeable comtypes cache directory: 'C:\Users\exp\AppData\Roaming\Python\Python313\site-packages\comtypes\gen'
2026-06-19 12:25:58,888 - DEBUG - GetModule(qedit.dll), resolved: False
2026-06-19 12:25:58,890 - DEBUG - GetModule(TLIBATTR(GUID={78530B68-61F9-11D2-8CAD-00A024580902}, Version=1.0, LCID=0, FLags=0x8))
2026-06-19 12:25:58,914 - DEBUG - Release <POINTER(ITypeLib) ptr=0x2269a3d0e40 at 2269d02f6d0>
2026-06-19 12:25:58,914 - DEBUG - GetModule(quartz.dll), resolved: False
2026-06-19 12:25:58,915 - DEBUG - GetModule(TLIBATTR(GUID={56A868B0-0AD4-11CE-B03A-0020AF0BA770}, Version=1.0, LCID=0, FLags=0x8))
2026-06-19 12:25:58,923 - DEBUG - Release <POINTER(ITypeLib) ptr=0x2269a3d0e40 at 2269d02f550>
2026-06-19 12:25:59,152 - INFO - UI load successful
2026-06-19 12:26:08,914 - CRITICAL - Laser 1 : OFF
2026-06-19 12:26:08,915 - CRITICAL - Laser 2 : OFF
2026-06-19 12:26:08,915 - INFO - Lasers Shutdown
2026-06-19 12:26:08,915 - INFO - COM connection close successfully
2026-06-19 12:26:08,915 - INFO - Main window close successfully
2026-06-19 12:26:08,915 - INFO - ==================================================
2026-06-19 12:26:08,915 - INFO - New session close at 2026-06-19 12:26
2026-06-19 12:26:08,915 - INFO - ==================================================
2026-06-19 12:26:08,927 - DEBUG - Calling CoUninitialize()
2026-06-19 12:26:08,928 - DEBUG - CoUninitialize() done.
2026-06-19 12:27:24,991 - DEBUG - OpenGL_accelerate module loaded
2026-06-19 12:27:25,003 - DEBUG - Using accelerated ArrayDatatype
2026-06-19 12:27:25,252 - DEBUG - CoInitializeEx(None, 2)
2026-06-19 12:27:25,305 - INFO - Imported existing <module 'comtypes.gen' from 'C:\\Users\\exp\\AppData\\Roaming\\Python\\Python313\\site-packages\\comtypes\\gen\\__init__.py'>
2026-06-19 12:27:25,305 - INFO - Using writeable comtypes cache directory: 'C:\Users\exp\AppData\Roaming\Python\Python313\site-packages\comtypes\gen'
2026-06-19 12:27:25,311 - DEBUG - GetModule(qedit.dll), resolved: False
2026-06-19 12:27:25,312 - DEBUG - GetModule(TLIBATTR(GUID={78530B68-61F9-11D2-8CAD-00A024580902}, Version=1.0, LCID=0, FLags=0x8))
2026-06-19 12:27:25,335 - DEBUG - Release <POINTER(ITypeLib) ptr=0x2432c66cc10 at 2432ecaf6d0>
2026-06-19 12:27:25,336 - DEBUG - GetModule(quartz.dll), resolved: False
2026-06-19 12:27:25,336 - DEBUG - GetModule(TLIBATTR(GUID={56A868B0-0AD4-11CE-B03A-0020AF0BA770}, Version=1.0, LCID=0, FLags=0x8))
2026-06-19 12:27:25,344 - DEBUG - Release <POINTER(ITypeLib) ptr=0x2432c66be50 at 2432ecaf550>
2026-06-19 12:27:25,571 - INFO - UI load successful
2026-06-19 12:27:47,457 - CRITICAL - Laser 1 : OFF
2026-06-19 12:27:47,458 - CRITICAL - Laser 2 : OFF
2026-06-19 12:27:47,458 - INFO - Lasers Shutdown
2026-06-19 12:27:47,458 - INFO - COM connection close successfully
2026-06-19 12:27:47,458 - INFO - Main window close successfully
2026-06-19 12:27:47,458 - INFO - ==================================================
2026-06-19 12:27:47,458 - INFO - New session close at 2026-06-19 12:27
2026-06-19 12:27:47,458 - INFO - ==================================================
2026-06-19 12:27:47,467 - DEBUG - Calling CoUninitialize()
2026-06-19 12:27:47,467 - DEBUG - CoUninitialize() done.
2026-06-19 12:28:37,976 - DEBUG - OpenGL_accelerate module loaded
2026-06-19 12:28:37,987 - DEBUG - Using accelerated ArrayDatatype
2026-06-19 12:28:38,241 - DEBUG - CoInitializeEx(None, 2)
2026-06-19 12:28:38,289 - INFO - Imported existing <module 'comtypes.gen' from 'C:\\Users\\exp\\AppData\\Roaming\\Python\\Python313\\site-packages\\comtypes\\gen\\__init__.py'>
2026-06-19 12:28:38,289 - INFO - Using writeable comtypes cache directory: 'C:\Users\exp\AppData\Roaming\Python\Python313\site-packages\comtypes\gen'
2026-06-19 12:28:38,295 - DEBUG - GetModule(qedit.dll), resolved: False
2026-06-19 12:28:38,296 - DEBUG - GetModule(TLIBATTR(GUID={78530B68-61F9-11D2-8CAD-00A024580902}, Version=1.0, LCID=0, FLags=0x8))
2026-06-19 12:28:38,321 - DEBUG - Release <POINTER(ITypeLib) ptr=0x2008a5141e0 at 2009fd3f6d0>
2026-06-19 12:28:38,321 - DEBUG - GetModule(quartz.dll), resolved: False
2026-06-19 12:28:38,322 - DEBUG - GetModule(TLIBATTR(GUID={56A868B0-0AD4-11CE-B03A-0020AF0BA770}, Version=1.0, LCID=0, FLags=0x8))
2026-06-19 12:28:38,330 - DEBUG - Release <POINTER(ITypeLib) ptr=0x2008a5141e0 at 2009fd3f550>
2026-06-19 12:28:38,560 - INFO - UI load successful
2026-06-19 12:29:52,874 - DEBUG - OpenGL_accelerate module loaded
2026-06-19 12:29:52,886 - DEBUG - Using accelerated ArrayDatatype
2026-06-19 12:29:53,145 - DEBUG - CoInitializeEx(None, 2)
2026-06-19 12:29:53,192 - INFO - Imported existing <module 'comtypes.gen' from 'C:\\Users\\exp\\AppData\\Roaming\\Python\\Python313\\site-packages\\comtypes\\gen\\__init__.py'>
2026-06-19 12:29:53,192 - INFO - Using writeable comtypes cache directory: 'C:\Users\exp\AppData\Roaming\Python\Python313\site-packages\comtypes\gen'
2026-06-19 12:29:53,200 - DEBUG - GetModule(qedit.dll), resolved: False
2026-06-19 12:29:53,201 - DEBUG - GetModule(TLIBATTR(GUID={78530B68-61F9-11D2-8CAD-00A024580902}, Version=1.0, LCID=0, FLags=0x8))
2026-06-19 12:29:53,225 - DEBUG - Release <POINTER(ITypeLib) ptr=0x1866a3a9410 at 1866d0cf6d0>
2026-06-19 12:29:53,226 - DEBUG - GetModule(quartz.dll), resolved: False
2026-06-19 12:29:53,226 - DEBUG - GetModule(TLIBATTR(GUID={56A868B0-0AD4-11CE-B03A-0020AF0BA770}, Version=1.0, LCID=0, FLags=0x8))
2026-06-19 12:29:53,233 - DEBUG - Release <POINTER(ITypeLib) ptr=0x1866a3a9410 at 1866d0cf550>
2026-06-19 12:29:53,462 - INFO - UI load successful
2026-06-19 12:30:10,018 - INFO - Profile : Supervisor
2026-06-19 12:40:14,806 - DEBUG - OpenGL_accelerate module loaded
2026-06-19 12:40:14,819 - DEBUG - Using accelerated ArrayDatatype
2026-06-19 12:40:15,081 - DEBUG - CoInitializeEx(None, 2)
2026-06-19 12:40:15,128 - INFO - Imported existing <module 'comtypes.gen' from 'C:\\Users\\exp\\AppData\\Roaming\\Python\\Python313\\site-packages\\comtypes\\gen\\__init__.py'>
2026-06-19 12:40:15,128 - INFO - Using writeable comtypes cache directory: 'C:\Users\exp\AppData\Roaming\Python\Python313\site-packages\comtypes\gen'
2026-06-19 12:40:15,135 - DEBUG - GetModule(qedit.dll), resolved: False
2026-06-19 12:40:15,136 - DEBUG - GetModule(TLIBATTR(GUID={78530B68-61F9-11D2-8CAD-00A024580902}, Version=1.0, LCID=0, FLags=0x8))
2026-06-19 12:40:15,159 - DEBUG - Release <POINTER(ITypeLib) ptr=0x26f25095c70 at 26f27d9f6d0>
2026-06-19 12:40:15,160 - DEBUG - GetModule(quartz.dll), resolved: False
2026-06-19 12:40:15,160 - DEBUG - GetModule(TLIBATTR(GUID={56A868B0-0AD4-11CE-B03A-0020AF0BA770}, Version=1.0, LCID=0, FLags=0x8))
2026-06-19 12:40:15,168 - DEBUG - Release <POINTER(ITypeLib) ptr=0x26f25095c70 at 26f27d9f550>
2026-06-19 12:40:15,393 - INFO - UI load successful
2026-06-19 12:40:27,575 - INFO - Profile : Supervisor
2026-06-19 12:45:35,498 - DEBUG - OpenGL_accelerate module loaded
2026-06-19 12:45:35,511 - DEBUG - Using accelerated ArrayDatatype
2026-06-19 12:45:35,777 - DEBUG - CoInitializeEx(None, 2)
2026-06-19 12:45:35,826 - INFO - Imported existing <module 'comtypes.gen' from 'C:\\Users\\exp\\AppData\\Roaming\\Python\\Python313\\site-packages\\comtypes\\gen\\__init__.py'>
2026-06-19 12:45:35,826 - INFO - Using writeable comtypes cache directory: 'C:\Users\exp\AppData\Roaming\Python\Python313\site-packages\comtypes\gen'
2026-06-19 12:45:35,833 - DEBUG - GetModule(qedit.dll), resolved: False
2026-06-19 12:45:35,835 - DEBUG - GetModule(TLIBATTR(GUID={78530B68-61F9-11D2-8CAD-00A024580902}, Version=1.0, LCID=0, FLags=0x8))
2026-06-19 12:45:35,858 - DEBUG - Release <POINTER(ITypeLib) ptr=0x121b065a290 at 121b2a0f6d0>
2026-06-19 12:45:35,858 - DEBUG - GetModule(quartz.dll), resolved: False
2026-06-19 12:45:35,859 - DEBUG - GetModule(TLIBATTR(GUID={56A868B0-0AD4-11CE-B03A-0020AF0BA770}, Version=1.0, LCID=0, FLags=0x8))
2026-06-19 12:45:35,867 - DEBUG - Release <POINTER(ITypeLib) ptr=0x121b06589d0 at 121b2a0f550>
2026-06-19 12:45:36,101 - INFO - UI load successful
2026-06-19 12:45:47,465 - INFO - Profile : Supervisor
2026-06-19 12:46:40,192 - CRITICAL - Laser 1 : OFF
2026-06-19 12:46:40,192 - CRITICAL - Laser 2 : OFF
2026-06-19 12:46:40,192 - INFO - Lasers Shutdown
2026-06-19 12:46:40,193 - INFO - COM connection close successfully
2026-06-19 12:46:40,193 - INFO - Main window close successfully
2026-06-19 12:46:40,193 - INFO - ==================================================
2026-06-19 12:46:40,193 - INFO - New session close at 2026-06-19 12:46
2026-06-19 12:46:40,193 - INFO - ==================================================
2026-06-19 12:46:40,198 - DEBUG - Calling CoUninitialize()
2026-06-19 12:46:40,198 - DEBUG - CoUninitialize() done.
2026-06-19 12:47:08,966 - DEBUG - OpenGL_accelerate module loaded
2026-06-19 12:47:08,980 - DEBUG - Using accelerated ArrayDatatype
2026-06-19 12:47:09,234 - DEBUG - CoInitializeEx(None, 2)
2026-06-19 12:47:09,282 - INFO - Imported existing <module 'comtypes.gen' from 'C:\\Users\\exp\\AppData\\Roaming\\Python\\Python313\\site-packages\\comtypes\\gen\\__init__.py'>
2026-06-19 12:47:09,282 - INFO - Using writeable comtypes cache directory: 'C:\Users\exp\AppData\Roaming\Python\Python313\site-packages\comtypes\gen'
2026-06-19 12:47:09,288 - DEBUG - GetModule(qedit.dll), resolved: False
2026-06-19 12:47:09,290 - DEBUG - GetModule(TLIBATTR(GUID={78530B68-61F9-11D2-8CAD-00A024580902}, Version=1.0, LCID=0, FLags=0x8))
2026-06-19 12:47:09,314 - DEBUG - Release <POINTER(ITypeLib) ptr=0x28f0d6e35a0 at 28f102ef6d0>
2026-06-19 12:47:09,315 - DEBUG - GetModule(quartz.dll), resolved: False
2026-06-19 12:47:09,316 - DEBUG - GetModule(TLIBATTR(GUID={56A868B0-0AD4-11CE-B03A-0020AF0BA770}, Version=1.0, LCID=0, FLags=0x8))
2026-06-19 12:47:09,325 - DEBUG - Release <POINTER(ITypeLib) ptr=0x28f0d6e35a0 at 28f102ef550>
2026-06-19 12:47:09,622 - INFO - UI load successful
2026-06-19 12:47:18,552 - INFO - Profile : Supervisor
2026-06-19 12:48:24,683 - CRITICAL - Laser 1 : OFF
2026-06-19 12:48:24,684 - CRITICAL - Laser 2 : OFF
2026-06-19 12:48:24,684 - INFO - Lasers Shutdown
2026-06-19 12:48:24,684 - INFO - COM connection close successfully
2026-06-19 12:48:24,684 - INFO - Main window close successfully
2026-06-19 12:48:24,684 - INFO - ==================================================
2026-06-19 12:48:24,684 - INFO - New session close at 2026-06-19 12:48
2026-06-19 12:48:24,684 - INFO - ==================================================
2026-06-19 12:48:24,693 - DEBUG - Calling CoUninitialize()
2026-06-19 12:48:24,693 - DEBUG - CoUninitialize() done.
2026-06-19 12:49:25,896 - DEBUG - OpenGL_accelerate module loaded
2026-06-19 12:49:25,924 - DEBUG - Using accelerated ArrayDatatype
2026-06-19 12:49:26,480 - DEBUG - CoInitializeEx(None, 2)
2026-06-19 12:49:26,575 - INFO - Imported existing <module 'comtypes.gen' from 'C:\\Users\\exp\\AppData\\Roaming\\Python\\Python313\\site-packages\\comtypes\\gen\\__init__.py'>
2026-06-19 12:49:26,575 - INFO - Using writeable comtypes cache directory: 'C:\Users\exp\AppData\Roaming\Python\Python313\site-packages\comtypes\gen'
2026-06-19 12:49:26,586 - DEBUG - GetModule(qedit.dll), resolved: False
2026-06-19 12:49:26,591 - DEBUG - GetModule(TLIBATTR(GUID={78530B68-61F9-11D2-8CAD-00A024580902}, Version=1.0, LCID=0, FLags=0x8))
2026-06-19 12:49:26,624 - DEBUG - Release <POINTER(ITypeLib) ptr=0x18b0f6c5a90 at 18b11e8f6d0>
2026-06-19 12:49:26,625 - DEBUG - GetModule(quartz.dll), resolved: False
2026-06-19 12:49:26,627 - DEBUG - GetModule(TLIBATTR(GUID={56A868B0-0AD4-11CE-B03A-0020AF0BA770}, Version=1.0, LCID=0, FLags=0x8))
2026-06-19 12:49:26,636 - DEBUG - Release <POINTER(ITypeLib) ptr=0x18b0f6c7e50 at 18b11e8f550>
2026-06-19 12:49:26,947 - INFO - UI load successful
2026-06-19 12:56:50,452 - DEBUG - OpenGL_accelerate module loaded
2026-06-19 12:56:50,464 - DEBUG - Using accelerated ArrayDatatype
2026-06-19 12:56:50,718 - DEBUG - CoInitializeEx(None, 2)
2026-06-19 12:56:50,770 - INFO - Imported existing <module 'comtypes.gen' from 'C:\\Users\\exp\\AppData\\Roaming\\Python\\Python313\\site-packages\\comtypes\\gen\\__init__.py'>
2026-06-19 12:56:50,770 - INFO - Using writeable comtypes cache directory: 'C:\Users\exp\AppData\Roaming\Python\Python313\site-packages\comtypes\gen'
2026-06-19 12:56:50,777 - DEBUG - GetModule(qedit.dll), resolved: False
2026-06-19 12:56:50,778 - DEBUG - GetModule(TLIBATTR(GUID={78530B68-61F9-11D2-8CAD-00A024580902}, Version=1.0, LCID=0, FLags=0x8))
2026-06-19 12:56:50,801 - DEBUG - Release <POINTER(ITypeLib) ptr=0x266f190b090 at 266f3c6f6d0>
2026-06-19 12:56:50,801 - DEBUG - GetModule(quartz.dll), resolved: False
2026-06-19 12:56:50,802 - DEBUG - GetModule(TLIBATTR(GUID={56A868B0-0AD4-11CE-B03A-0020AF0BA770}, Version=1.0, LCID=0, FLags=0x8))
2026-06-19 12:56:50,809 - DEBUG - Release <POINTER(ITypeLib) ptr=0x266f190c690 at 266f3c6f550>
2026-06-19 12:56:51,032 - INFO - UI load successful
2026-06-19 13:02:08,798 - DEBUG - OpenGL_accelerate module loaded
2026-06-19 13:02:08,808 - DEBUG - Using accelerated ArrayDatatype
2026-06-19 13:02:09,061 - DEBUG - CoInitializeEx(None, 2)
2026-06-19 13:02:09,108 - INFO - Imported existing <module 'comtypes.gen' from 'C:\\Users\\exp\\AppData\\Roaming\\Python\\Python313\\site-packages\\comtypes\\gen\\__init__.py'>
2026-06-19 13:02:09,108 - INFO - Using writeable comtypes cache directory: 'C:\Users\exp\AppData\Roaming\Python\Python313\site-packages\comtypes\gen'
2026-06-19 13:02:09,114 - DEBUG - GetModule(qedit.dll), resolved: False
2026-06-19 13:02:09,115 - DEBUG - GetModule(TLIBATTR(GUID={78530B68-61F9-11D2-8CAD-00A024580902}, Version=1.0, LCID=0, FLags=0x8))
2026-06-19 13:02:09,139 - DEBUG - Release <POINTER(ITypeLib) ptr=0x1c6b4821fb0 at 1c6b6a7f6d0>
2026-06-19 13:02:09,139 - DEBUG - GetModule(quartz.dll), resolved: False
2026-06-19 13:02:09,140 - DEBUG - GetModule(TLIBATTR(GUID={56A868B0-0AD4-11CE-B03A-0020AF0BA770}, Version=1.0, LCID=0, FLags=0x8))
2026-06-19 13:02:09,147 - DEBUG - Release <POINTER(ITypeLib) ptr=0x1c6b48227f0 at 1c6b6a7f550>
2026-06-19 13:02:09,384 - INFO - UI load successful
2026-06-19 13:02:22,577 - CRITICAL - Laser 1 : OFF
2026-06-19 13:02:22,578 - CRITICAL - Laser 2 : OFF
2026-06-19 13:02:22,578 - INFO - Lasers Shutdown
2026-06-19 13:02:22,578 - INFO - COM connection close successfully
2026-06-19 13:02:22,578 - INFO - Main window close successfully
2026-06-19 13:02:22,578 - INFO - ==================================================
2026-06-19 13:02:22,578 - INFO - New session close at 2026-06-19 13:02
2026-06-19 13:02:22,578 - INFO - ==================================================
2026-06-19 13:02:22,587 - DEBUG - Calling CoUninitialize()
2026-06-19 13:02:22,589 - DEBUG - CoUninitialize() done.
2026-06-19 13:03:24,008 - DEBUG - OpenGL_accelerate module loaded
2026-06-19 13:03:24,022 - DEBUG - Using accelerated ArrayDatatype
2026-06-19 13:03:24,280 - DEBUG - CoInitializeEx(None, 2)
2026-06-19 13:03:24,328 - INFO - Imported existing <module 'comtypes.gen' from 'C:\\Users\\exp\\AppData\\Roaming\\Python\\Python313\\site-packages\\comtypes\\gen\\__init__.py'>
2026-06-19 13:03:24,328 - INFO - Using writeable comtypes cache directory: 'C:\Users\exp\AppData\Roaming\Python\Python313\site-packages\comtypes\gen'
2026-06-19 13:03:24,335 - DEBUG - GetModule(qedit.dll), resolved: False
2026-06-19 13:03:24,336 - DEBUG - GetModule(TLIBATTR(GUID={78530B68-61F9-11D2-8CAD-00A024580902}, Version=1.0, LCID=0, FLags=0x8))
2026-06-19 13:03:24,360 - DEBUG - Release <POINTER(ITypeLib) ptr=0x2ea77c26b70 at 2ea7a83f6d0>
2026-06-19 13:03:24,360 - DEBUG - GetModule(quartz.dll), resolved: False
2026-06-19 13:03:24,361 - DEBUG - GetModule(TLIBATTR(GUID={56A868B0-0AD4-11CE-B03A-0020AF0BA770}, Version=1.0, LCID=0, FLags=0x8))
2026-06-19 13:03:24,368 - DEBUG - Release <POINTER(ITypeLib) ptr=0x2ea77c26b70 at 2ea7a83f550>
2026-06-19 13:03:24,754 - INFO - UI load successful
2026-06-19 13:03:34,723 - CRITICAL - Laser 1 : OFF
2026-06-19 13:03:34,723 - CRITICAL - Laser 2 : OFF
2026-06-19 13:03:34,724 - INFO - Lasers Shutdown
2026-06-19 13:03:34,724 - INFO - COM connection close successfully
2026-06-19 13:03:34,724 - INFO - Main window close successfully
2026-06-19 13:03:34,724 - INFO - ==================================================
2026-06-19 13:03:34,724 - INFO - New session close at 2026-06-19 13:03
2026-06-19 13:03:34,724 - INFO - ==================================================
2026-06-19 13:03:34,735 - DEBUG - Calling CoUninitialize()
2026-06-19 13:03:34,735 - DEBUG - CoUninitialize() done.
2026-06-19 13:04:17,894 - DEBUG - OpenGL_accelerate module loaded
2026-06-19 13:04:17,909 - DEBUG - Using accelerated ArrayDatatype
2026-06-19 13:04:18,227 - DEBUG - CoInitializeEx(None, 2)
2026-06-19 13:04:18,288 - INFO - Imported existing <module 'comtypes.gen' from 'C:\\Users\\exp\\AppData\\Roaming\\Python\\Python313\\site-packages\\comtypes\\gen\\__init__.py'>
2026-06-19 13:04:18,289 - INFO - Using writeable comtypes cache directory: 'C:\Users\exp\AppData\Roaming\Python\Python313\site-packages\comtypes\gen'
2026-06-19 13:04:18,296 - DEBUG - GetModule(qedit.dll), resolved: False
2026-06-19 13:04:18,298 - DEBUG - GetModule(TLIBATTR(GUID={78530B68-61F9-11D2-8CAD-00A024580902}, Version=1.0, LCID=0, FLags=0x8))
2026-06-19 13:04:18,326 - DEBUG - Release <POINTER(ITypeLib) ptr=0x1ce0b898ab0 at 1ce0e4cf6d0>
2026-06-19 13:04:18,327 - DEBUG - GetModule(quartz.dll), resolved: False
2026-06-19 13:04:18,327 - DEBUG - GetModule(TLIBATTR(GUID={56A868B0-0AD4-11CE-B03A-0020AF0BA770}, Version=1.0, LCID=0, FLags=0x8))
2026-06-19 13:04:18,336 - DEBUG - Release <POINTER(ITypeLib) ptr=0x1ce0b898ab0 at 1ce0e4cf550>
2026-06-19 13:04:18,628 - INFO - UI load successful
2026-06-19 13:04:30,757 - CRITICAL - Laser 1 : OFF
2026-06-19 13:04:30,757 - CRITICAL - Laser 2 : OFF
2026-06-19 13:04:30,757 - INFO - Lasers Shutdown
2026-06-19 13:04:30,758 - INFO - COM connection close successfully
2026-06-19 13:04:30,758 - INFO - Main window close successfully
2026-06-19 13:04:30,758 - INFO - ==================================================
2026-06-19 13:04:30,758 - INFO - New session close at 2026-06-19 13:04
2026-06-19 13:04:30,758 - INFO - ==================================================
2026-06-19 13:04:30,768 - DEBUG - Calling CoUninitialize()
2026-06-19 13:04:30,768 - DEBUG - CoUninitialize() done.
2026-06-19 13:05:05,484 - DEBUG - OpenGL_accelerate module loaded
2026-06-19 13:05:05,496 - DEBUG - Using accelerated ArrayDatatype
2026-06-19 13:05:05,750 - DEBUG - CoInitializeEx(None, 2)
2026-06-19 13:05:05,798 - INFO - Imported existing <module 'comtypes.gen' from 'C:\\Users\\exp\\AppData\\Roaming\\Python\\Python313\\site-packages\\comtypes\\gen\\__init__.py'>
2026-06-19 13:05:05,798 - INFO - Using writeable comtypes cache directory: 'C:\Users\exp\AppData\Roaming\Python\Python313\site-packages\comtypes\gen'
2026-06-19 13:05:05,804 - DEBUG - GetModule(qedit.dll), resolved: False
2026-06-19 13:05:05,806 - DEBUG - GetModule(TLIBATTR(GUID={78530B68-61F9-11D2-8CAD-00A024580902}, Version=1.0, LCID=0, FLags=0x8))
2026-06-19 13:05:05,829 - DEBUG - Release <POINTER(ITypeLib) ptr=0x27c149da3b0 at 27c16d4f6d0>
2026-06-19 13:05:05,829 - DEBUG - GetModule(quartz.dll), resolved: False
2026-06-19 13:05:05,830 - DEBUG - GetModule(TLIBATTR(GUID={56A868B0-0AD4-11CE-B03A-0020AF0BA770}, Version=1.0, LCID=0, FLags=0x8))
2026-06-19 13:05:05,837 - DEBUG - Release <POINTER(ITypeLib) ptr=0x27c149db170 at 27c16d4f550>
2026-06-19 13:05:06,059 - INFO - UI load successful
2026-06-19 13:13:25,879 - DEBUG - OpenGL_accelerate module loaded
2026-06-19 13:13:25,892 - DEBUG - Using accelerated ArrayDatatype
2026-06-19 13:13:26,195 - DEBUG - CoInitializeEx(None, 2)
2026-06-19 13:13:26,256 - INFO - Imported existing <module 'comtypes.gen' from 'C:\\Users\\exp\\AppData\\Roaming\\Python\\Python313\\site-packages\\comtypes\\gen\\__init__.py'>
2026-06-19 13:13:26,256 - INFO - Using writeable comtypes cache directory: 'C:\Users\exp\AppData\Roaming\Python\Python313\site-packages\comtypes\gen'
2026-06-19 13:13:26,265 - DEBUG - GetModule(qedit.dll), resolved: False
2026-06-19 13:13:26,267 - DEBUG - GetModule(TLIBATTR(GUID={78530B68-61F9-11D2-8CAD-00A024580902}, Version=1.0, LCID=0, FLags=0x8))
2026-06-19 13:13:26,296 - DEBUG - Release <POINTER(ITypeLib) ptr=0x19b3bc16d30 at 19b3df7f6d0>
2026-06-19 13:13:26,297 - DEBUG - GetModule(quartz.dll), resolved: False
2026-06-19 13:13:26,298 - DEBUG - GetModule(TLIBATTR(GUID={56A868B0-0AD4-11CE-B03A-0020AF0BA770}, Version=1.0, LCID=0, FLags=0x8))
2026-06-19 13:13:26,306 - DEBUG - Release <POINTER(ITypeLib) ptr=0x19b3bc164f0 at 19b3df7f550>
2026-06-19 13:13:26,557 - INFO - UI load successful
2026-06-19 13:14:17,192 - DEBUG - OpenGL_accelerate module loaded
2026-06-19 13:14:17,205 - DEBUG - Using accelerated ArrayDatatype
2026-06-19 13:14:17,457 - DEBUG - CoInitializeEx(None, 2)
2026-06-19 13:14:17,505 - INFO - Imported existing <module 'comtypes.gen' from 'C:\\Users\\exp\\AppData\\Roaming\\Python\\Python313\\site-packages\\comtypes\\gen\\__init__.py'>
2026-06-19 13:14:17,505 - INFO - Using writeable comtypes cache directory: 'C:\Users\exp\AppData\Roaming\Python\Python313\site-packages\comtypes\gen'
2026-06-19 13:14:17,511 - DEBUG - GetModule(qedit.dll), resolved: False
2026-06-19 13:14:17,512 - DEBUG - GetModule(TLIBATTR(GUID={78530B68-61F9-11D2-8CAD-00A024580902}, Version=1.0, LCID=0, FLags=0x8))
2026-06-19 13:14:17,535 - DEBUG - Release <POINTER(ITypeLib) ptr=0x29eade18760 at 29eb0b1f6d0>
2026-06-19 13:14:17,536 - DEBUG - GetModule(quartz.dll), resolved: False
2026-06-19 13:14:17,536 - DEBUG - GetModule(TLIBATTR(GUID={56A868B0-0AD4-11CE-B03A-0020AF0BA770}, Version=1.0, LCID=0, FLags=0x8))
2026-06-19 13:14:17,544 - DEBUG - Release <POINTER(ITypeLib) ptr=0x29eade18760 at 29eb0b1f550>
2026-06-19 13:14:17,767 - INFO - UI load successful
2026-06-19 13:15:16,809 - DEBUG - OpenGL_accelerate module loaded
2026-06-19 13:15:16,823 - DEBUG - Using accelerated ArrayDatatype
2026-06-19 13:15:17,076 - DEBUG - CoInitializeEx(None, 2)
2026-06-19 13:15:17,124 - INFO - Imported existing <module 'comtypes.gen' from 'C:\\Users\\exp\\AppData\\Roaming\\Python\\Python313\\site-packages\\comtypes\\gen\\__init__.py'>
2026-06-19 13:15:17,124 - INFO - Using writeable comtypes cache directory: 'C:\Users\exp\AppData\Roaming\Python\Python313\site-packages\comtypes\gen'
2026-06-19 13:15:17,131 - DEBUG - GetModule(qedit.dll), resolved: False
2026-06-19 13:15:17,132 - DEBUG - GetModule(TLIBATTR(GUID={78530B68-61F9-11D2-8CAD-00A024580902}, Version=1.0, LCID=0, FLags=0x8))
2026-06-19 13:15:17,155 - DEBUG - Release <POINTER(ITypeLib) ptr=0x263df6c5610 at 263e1ebf6d0>
2026-06-19 13:15:17,156 - DEBUG - GetModule(quartz.dll), resolved: False
2026-06-19 13:15:17,156 - DEBUG - GetModule(TLIBATTR(GUID={56A868B0-0AD4-11CE-B03A-0020AF0BA770}, Version=1.0, LCID=0, FLags=0x8))
2026-06-19 13:15:17,164 - DEBUG - Release <POINTER(ITypeLib) ptr=0x263df6c5b90 at 263e1ebf550>
2026-06-19 13:15:17,390 - INFO - UI load successful
2026-06-19 13:58:59,756 - DEBUG - OpenGL_accelerate module loaded
2026-06-19 13:58:59,768 - DEBUG - Using accelerated ArrayDatatype
2026-06-19 13:59:00,153 - DEBUG - CoInitializeEx(None, 2)
2026-06-19 13:59:00,207 - INFO - Imported existing <module 'comtypes.gen' from 'C:\\Users\\exp\\AppData\\Roaming\\Python\\Python313\\site-packages\\comtypes\\gen\\__init__.py'>
2026-06-19 13:59:00,207 - INFO - Using writeable comtypes cache directory: 'C:\Users\exp\AppData\Roaming\Python\Python313\site-packages\comtypes\gen'
2026-06-19 13:59:00,214 - DEBUG - GetModule(qedit.dll), resolved: False
2026-06-19 13:59:00,216 - DEBUG - GetModule(TLIBATTR(GUID={78530B68-61F9-11D2-8CAD-00A024580902}, Version=1.0, LCID=0, FLags=0x8))
2026-06-19 13:59:00,240 - DEBUG - Release <POINTER(ITypeLib) ptr=0x23bc7587060 at 23bca1df6d0>
2026-06-19 13:59:00,241 - DEBUG - GetModule(quartz.dll), resolved: False
2026-06-19 13:59:00,242 - DEBUG - GetModule(TLIBATTR(GUID={56A868B0-0AD4-11CE-B03A-0020AF0BA770}, Version=1.0, LCID=0, FLags=0x8))
2026-06-19 13:59:00,250 - DEBUG - Release <POINTER(ITypeLib) ptr=0x23bc7587060 at 23bca1df550>
2026-06-19 13:59:00,514 - INFO - UI load successful
2026-06-19 15:14:50,773 - DEBUG - OpenGL_accelerate module loaded
2026-06-19 15:14:50,845 - DEBUG - Using accelerated ArrayDatatype
2026-06-19 15:15:06,078 - DEBUG - CoInitializeEx(None, 2)
2026-06-19 15:15:06,230 - INFO - Imported existing <module 'comtypes.gen' from 'C:\\Users\\exp\\AppData\\Roaming\\Python\\Python313\\site-packages\\comtypes\\gen\\__init__.py'>
2026-06-19 15:15:06,230 - INFO - Using writeable comtypes cache directory: 'C:\Users\exp\AppData\Roaming\Python\Python313\site-packages\comtypes\gen'
2026-06-19 15:15:06,249 - DEBUG - GetModule(qedit.dll), resolved: False
2026-06-19 15:15:06,254 - DEBUG - GetModule(TLIBATTR(GUID={78530B68-61F9-11D2-8CAD-00A024580902}, Version=1.0, LCID=0, FLags=0x8))
2026-06-19 15:15:06,302 - DEBUG - Release <POINTER(ITypeLib) ptr=0x20cca045800 at 20ccc2ef6d0>
2026-06-19 15:15:06,303 - DEBUG - GetModule(quartz.dll), resolved: False
2026-06-19 15:15:06,306 - DEBUG - GetModule(TLIBATTR(GUID={56A868B0-0AD4-11CE-B03A-0020AF0BA770}, Version=1.0, LCID=0, FLags=0x8))
2026-06-19 15:15:06,321 - DEBUG - Release <POINTER(ITypeLib) ptr=0x20cca047bc0 at 20ccc2ef550>
2026-06-19 15:15:07,384 - INFO - UI load successful
2026-06-20 12:58:21,548 - DEBUG - OpenGL_accelerate module loaded
2026-06-20 12:58:21,599 - DEBUG - Using accelerated ArrayDatatype
2026-06-20 12:58:22,272 - DEBUG - CoInitializeEx(None, 2)
2026-06-20 12:58:22,682 - INFO - Imported existing <module 'comtypes.gen' from 'C:\\Users\\exp\\AppData\\Roaming\\Python\\Python313\\site-packages\\comtypes\\gen\\__init__.py'>
2026-06-20 12:58:22,682 - INFO - Using writeable comtypes cache directory: 'C:\Users\exp\AppData\Roaming\Python\Python313\site-packages\comtypes\gen'
2026-06-20 12:58:22,732 - DEBUG - GetModule(qedit.dll), resolved: False
2026-06-20 12:58:22,737 - DEBUG - GetModule(TLIBATTR(GUID={78530B68-61F9-11D2-8CAD-00A024580902}, Version=1.0, LCID=0, FLags=0x8))
2026-06-20 12:58:22,806 - DEBUG - Release <POINTER(ITypeLib) ptr=0x282c153bbc0 at 282c25ef0d0>
2026-06-20 12:58:22,807 - DEBUG - GetModule(quartz.dll), resolved: False
2026-06-20 12:58:22,810 - DEBUG - GetModule(TLIBATTR(GUID={56A868B0-0AD4-11CE-B03A-0020AF0BA770}, Version=1.0, LCID=0, FLags=0x8))
2026-06-20 12:58:22,836 - DEBUG - Release <POINTER(ITypeLib) ptr=0x282c153ae00 at 282c25eef50>
2026-06-20 12:58:23,864 - INFO - UI load successful
2026-06-20 13:05:27,933 - DEBUG - OpenGL_accelerate module loaded
2026-06-20 13:05:27,945 - DEBUG - Using accelerated ArrayDatatype
2026-06-20 13:05:28,207 - DEBUG - CoInitializeEx(None, 2)
2026-06-20 13:05:28,255 - INFO - Imported existing <module 'comtypes.gen' from 'C:\\Users\\exp\\AppData\\Roaming\\Python\\Python313\\site-packages\\comtypes\\gen\\__init__.py'>
2026-06-20 13:05:28,255 - INFO - Using writeable comtypes cache directory: 'C:\Users\exp\AppData\Roaming\Python\Python313\site-packages\comtypes\gen'
2026-06-20 13:05:28,263 - DEBUG - GetModule(qedit.dll), resolved: False
2026-06-20 13:05:28,265 - DEBUG - GetModule(TLIBATTR(GUID={78530B68-61F9-11D2-8CAD-00A024580902}, Version=1.0, LCID=0, FLags=0x8))
2026-06-20 13:05:28,293 - DEBUG - Release <POINTER(ITypeLib) ptr=0x1819ab633f0 at 1819d859050>
2026-06-20 13:05:28,294 - DEBUG - GetModule(quartz.dll), resolved: False
2026-06-20 13:05:28,294 - DEBUG - GetModule(TLIBATTR(GUID={56A868B0-0AD4-11CE-B03A-0020AF0BA770}, Version=1.0, LCID=0, FLags=0x8))
2026-06-20 13:05:28,303 - DEBUG - Release <POINTER(ITypeLib) ptr=0x1819ab633f0 at 1819d858ed0>
2026-06-20 13:05:28,558 - INFO - UI load successful
2026-06-20 13:10:01,469 - DEBUG - OpenGL_accelerate module loaded
2026-06-20 13:10:01,482 - DEBUG - Using accelerated ArrayDatatype
2026-06-20 13:10:01,764 - DEBUG - CoInitializeEx(None, 2)
2026-06-20 13:10:01,816 - INFO - Imported existing <module 'comtypes.gen' from 'C:\\Users\\exp\\AppData\\Roaming\\Python\\Python313\\site-packages\\comtypes\\gen\\__init__.py'>
2026-06-20 13:10:01,816 - INFO - Using writeable comtypes cache directory: 'C:\Users\exp\AppData\Roaming\Python\Python313\site-packages\comtypes\gen'
2026-06-20 13:10:01,824 - DEBUG - GetModule(qedit.dll), resolved: False
2026-06-20 13:10:01,825 - DEBUG - GetModule(TLIBATTR(GUID={78530B68-61F9-11D2-8CAD-00A024580902}, Version=1.0, LCID=0, FLags=0x8))
2026-06-20 13:10:01,850 - DEBUG - Release <POINTER(ITypeLib) ptr=0x205d4e47180 at 205d7199050>
2026-06-20 13:10:01,850 - DEBUG - GetModule(quartz.dll), resolved: False
2026-06-20 13:10:01,851 - DEBUG - GetModule(TLIBATTR(GUID={56A868B0-0AD4-11CE-B03A-0020AF0BA770}, Version=1.0, LCID=0, FLags=0x8))
2026-06-20 13:10:01,859 - DEBUG - Release <POINTER(ITypeLib) ptr=0x205d4e46100 at 205d7198ed0>
2026-06-20 13:10:02,101 - INFO - UI load successful
2026-06-20 13:11:36,126 - CRITICAL - Laser 1 : OFF
2026-06-20 13:11:36,126 - CRITICAL - Laser 2 : OFF
2026-06-20 13:11:36,127 - INFO - Lasers Shutdown
2026-06-20 13:11:36,166 - INFO - COM connection close successfully
2026-06-20 13:11:36,166 - INFO - Main window close successfully
2026-06-20 13:11:36,167 - INFO - ==================================================
2026-06-20 13:11:36,167 - INFO - New session close at 2026-06-20 13:11
2026-06-20 13:11:36,167 - INFO - ==================================================
2026-06-20 13:11:36,181 - DEBUG - Calling CoUninitialize()
2026-06-20 13:11:36,181 - DEBUG - CoUninitialize() done.
2026-06-20 13:13:51,475 - DEBUG - OpenGL_accelerate module loaded
2026-06-20 13:13:51,489 - DEBUG - Using accelerated ArrayDatatype
2026-06-20 13:13:51,817 - DEBUG - CoInitializeEx(None, 2)
2026-06-20 13:13:51,886 - INFO - Imported existing <module 'comtypes.gen' from 'C:\\Users\\exp\\AppData\\Roaming\\Python\\Python313\\site-packages\\comtypes\\gen\\__init__.py'>
2026-06-20 13:13:51,886 - INFO - Using writeable comtypes cache directory: 'C:\Users\exp\AppData\Roaming\Python\Python313\site-packages\comtypes\gen'
2026-06-20 13:13:51,896 - DEBUG - GetModule(qedit.dll), resolved: False
2026-06-20 13:13:51,898 - DEBUG - GetModule(TLIBATTR(GUID={78530B68-61F9-11D2-8CAD-00A024580902}, Version=1.0, LCID=0, FLags=0x8))
2026-06-20 13:13:51,931 - DEBUG - Release <POINTER(ITypeLib) ptr=0x1a390056ec0 at 1a3923f9050>
2026-06-20 13:13:51,931 - DEBUG - GetModule(quartz.dll), resolved: False
2026-06-20 13:13:51,932 - DEBUG - GetModule(TLIBATTR(GUID={56A868B0-0AD4-11CE-B03A-0020AF0BA770}, Version=1.0, LCID=0, FLags=0x8))
2026-06-20 13:13:51,942 - DEBUG - Release <POINTER(ITypeLib) ptr=0x1a390056ec0 at 1a3923f8ed0>
2026-06-20 13:13:52,283 - INFO - UI load successful
2026-06-20 13:14:26,989 - CRITICAL - Laser 1 : OFF
2026-06-20 13:14:26,989 - CRITICAL - Laser 2 : OFF
2026-06-20 13:14:26,989 - INFO - Lasers Shutdown
2026-06-20 13:14:26,989 - INFO - COM connection close successfully
2026-06-20 13:14:26,989 - INFO - Main window close successfully
2026-06-20 13:14:26,989 - INFO - ==================================================
2026-06-20 13:14:26,989 - INFO - New session close at 2026-06-20 13:14
2026-06-20 13:14:26,990 - INFO - ==================================================
2026-06-20 13:14:27,000 - DEBUG - Calling CoUninitialize()
2026-06-20 13:14:27,000 - DEBUG - CoUninitialize() done.
2026-06-20 13:19:42,453 - DEBUG - OpenGL_accelerate module loaded
2026-06-20 13:19:42,466 - DEBUG - Using accelerated ArrayDatatype
2026-06-20 13:19:42,743 - DEBUG - CoInitializeEx(None, 2)
2026-06-20 13:19:42,793 - INFO - Imported existing <module 'comtypes.gen' from 'C:\\Users\\exp\\AppData\\Roaming\\Python\\Python313\\site-packages\\comtypes\\gen\\__init__.py'>
2026-06-20 13:19:42,793 - INFO - Using writeable comtypes cache directory: 'C:\Users\exp\AppData\Roaming\Python\Python313\site-packages\comtypes\gen'
2026-06-20 13:19:42,801 - DEBUG - GetModule(qedit.dll), resolved: False
2026-06-20 13:19:42,802 - DEBUG - GetModule(TLIBATTR(GUID={78530B68-61F9-11D2-8CAD-00A024580902}, Version=1.0, LCID=0, FLags=0x8))
2026-06-20 13:19:42,826 - DEBUG - Release <POINTER(ITypeLib) ptr=0x208f92a4d70 at 208fbb69050>
2026-06-20 13:19:42,826 - DEBUG - GetModule(quartz.dll), resolved: False
2026-06-20 13:19:42,827 - DEBUG - GetModule(TLIBATTR(GUID={56A868B0-0AD4-11CE-B03A-0020AF0BA770}, Version=1.0, LCID=0, FLags=0x8))
2026-06-20 13:19:42,834 - DEBUG - Release <POINTER(ITypeLib) ptr=0x208f92a4d70 at 208fbb68ed0>
2026-06-20 13:19:43,097 - INFO - UI load successful
2026-06-20 13:20:31,730 - DEBUG - OpenGL_accelerate module loaded
2026-06-20 13:20:31,742 - DEBUG - Using accelerated ArrayDatatype
2026-06-20 13:20:32,000 - DEBUG - CoInitializeEx(None, 2)
2026-06-20 13:20:32,048 - INFO - Imported existing <module 'comtypes.gen' from 'C:\\Users\\exp\\AppData\\Roaming\\Python\\Python313\\site-packages\\comtypes\\gen\\__init__.py'>
2026-06-20 13:20:32,048 - INFO - Using writeable comtypes cache directory: 'C:\Users\exp\AppData\Roaming\Python\Python313\site-packages\comtypes\gen'
2026-06-20 13:20:32,055 - DEBUG - GetModule(qedit.dll), resolved: False
2026-06-20 13:20:32,056 - DEBUG - GetModule(TLIBATTR(GUID={78530B68-61F9-11D2-8CAD-00A024580902}, Version=1.0, LCID=0, FLags=0x8))
2026-06-20 13:20:32,078 - DEBUG - Release <POINTER(ITypeLib) ptr=0x1dfa27e4de0 at 1dfa54a9050>
2026-06-20 13:20:32,079 - DEBUG - GetModule(quartz.dll), resolved: False
2026-06-20 13:20:32,080 - DEBUG - GetModule(TLIBATTR(GUID={56A868B0-0AD4-11CE-B03A-0020AF0BA770}, Version=1.0, LCID=0, FLags=0x8))
2026-06-20 13:20:32,087 - DEBUG - Release <POINTER(ITypeLib) ptr=0x1dfa27e4de0 at 1dfa54a8ed0>
2026-06-20 13:20:32,384 - INFO - UI load successful
2026-06-20 13:21:53,231 - DEBUG - OpenGL_accelerate module loaded
2026-06-20 13:21:53,245 - DEBUG - Using accelerated ArrayDatatype
2026-06-20 13:21:53,564 - DEBUG - CoInitializeEx(None, 2)
2026-06-20 13:21:53,622 - INFO - Imported existing <module 'comtypes.gen' from 'C:\\Users\\exp\\AppData\\Roaming\\Python\\Python313\\site-packages\\comtypes\\gen\\__init__.py'>
2026-06-20 13:21:53,622 - INFO - Using writeable comtypes cache directory: 'C:\Users\exp\AppData\Roaming\Python\Python313\site-packages\comtypes\gen'
2026-06-20 13:21:53,631 - DEBUG - GetModule(qedit.dll), resolved: False
2026-06-20 13:21:53,632 - DEBUG - GetModule(TLIBATTR(GUID={78530B68-61F9-11D2-8CAD-00A024580902}, Version=1.0, LCID=0, FLags=0x8))
2026-06-20 13:21:53,659 - DEBUG - Release <POINTER(ITypeLib) ptr=0x190e19f5df0 at 190e46b9050>
2026-06-20 13:21:53,660 - DEBUG - GetModule(quartz.dll), resolved: False
2026-06-20 13:21:53,661 - DEBUG - GetModule(TLIBATTR(GUID={56A868B0-0AD4-11CE-B03A-0020AF0BA770}, Version=1.0, LCID=0, FLags=0x8))
2026-06-20 13:21:53,668 - DEBUG - Release <POINTER(ITypeLib) ptr=0x190e19f5df0 at 190e46b8ed0>
2026-06-20 13:21:53,965 - INFO - UI load successful
2026-06-20 13:24:50,539 - DEBUG - OpenGL_accelerate module loaded
2026-06-20 13:24:50,560 - DEBUG - Using accelerated ArrayDatatype
2026-06-20 13:24:51,025 - DEBUG - CoInitializeEx(None, 2)
2026-06-20 13:24:51,110 - INFO - Imported existing <module 'comtypes.gen' from 'C:\\Users\\exp\\AppData\\Roaming\\Python\\Python313\\site-packages\\comtypes\\gen\\__init__.py'>
2026-06-20 13:24:51,110 - INFO - Using writeable comtypes cache directory: 'C:\Users\exp\AppData\Roaming\Python\Python313\site-packages\comtypes\gen'
2026-06-20 13:24:51,123 - DEBUG - GetModule(qedit.dll), resolved: False
2026-06-20 13:24:51,125 - DEBUG - GetModule(TLIBATTR(GUID={78530B68-61F9-11D2-8CAD-00A024580902}, Version=1.0, LCID=0, FLags=0x8))
2026-06-20 13:24:51,165 - DEBUG - Release <POINTER(ITypeLib) ptr=0x145d3078650 at 145d5d19050>
2026-06-20 13:24:51,166 - DEBUG - GetModule(quartz.dll), resolved: False
2026-06-20 13:24:51,167 - DEBUG - GetModule(TLIBATTR(GUID={56A868B0-0AD4-11CE-B03A-0020AF0BA770}, Version=1.0, LCID=0, FLags=0x8))
2026-06-20 13:24:51,181 - DEBUG - Release <POINTER(ITypeLib) ptr=0x145d307acd0 at 145d5d18ed0>
2026-06-20 13:24:51,611 - INFO - UI load successful
2026-06-20 13:27:15,004 - DEBUG - OpenGL_accelerate module loaded
2026-06-20 13:27:15,026 - DEBUG - Using accelerated ArrayDatatype
2026-06-20 13:27:15,550 - DEBUG - CoInitializeEx(None, 2)
2026-06-20 13:27:15,662 - INFO - Imported existing <module 'comtypes.gen' from 'C:\\Users\\exp\\AppData\\Roaming\\Python\\Python313\\site-packages\\comtypes\\gen\\__init__.py'>
2026-06-20 13:27:15,662 - INFO - Using writeable comtypes cache directory: 'C:\Users\exp\AppData\Roaming\Python\Python313\site-packages\comtypes\gen'
2026-06-20 13:27:15,674 - DEBUG - GetModule(qedit.dll), resolved: False
2026-06-20 13:27:15,675 - DEBUG - GetModule(TLIBATTR(GUID={78530B68-61F9-11D2-8CAD-00A024580902}, Version=1.0, LCID=0, FLags=0x8))
2026-06-20 13:27:15,717 - DEBUG - Release <POINTER(ITypeLib) ptr=0x1929dc55650 at 192a0419050>
2026-06-20 13:27:15,718 - DEBUG - GetModule(quartz.dll), resolved: False
2026-06-20 13:27:15,719 - DEBUG - GetModule(TLIBATTR(GUID={56A868B0-0AD4-11CE-B03A-0020AF0BA770}, Version=1.0, LCID=0, FLags=0x8))
2026-06-20 13:27:15,733 - DEBUG - Release <POINTER(ITypeLib) ptr=0x1929dc58250 at 192a0418ed0>
2026-06-20 13:27:16,199 - INFO - UI load successful
2026-06-20 13:28:53,720 - INFO - Close event ignored.
2026-06-20 16:44:05,554 - DEBUG - OpenGL_accelerate module loaded
2026-06-20 16:44:05,613 - DEBUG - Using accelerated ArrayDatatype
2026-06-20 16:44:06,167 - DEBUG - CoInitializeEx(None, 2)
2026-06-20 16:44:06,338 - INFO - Imported existing <module 'comtypes.gen' from 'C:\\Users\\exp\\AppData\\Roaming\\Python\\Python313\\site-packages\\comtypes\\gen\\__init__.py'>
2026-06-20 16:44:06,338 - INFO - Using writeable comtypes cache directory: 'C:\Users\exp\AppData\Roaming\Python\Python313\site-packages\comtypes\gen'
2026-06-20 16:44:06,361 - DEBUG - GetModule(qedit.dll), resolved: False
2026-06-20 16:44:06,367 - DEBUG - GetModule(TLIBATTR(GUID={78530B68-61F9-11D2-8CAD-00A024580902}, Version=1.0, LCID=0, FLags=0x8))
2026-06-20 16:44:06,418 - DEBUG - Release <POINTER(ITypeLib) ptr=0x2106513f450 at 210676b9050>
2026-06-20 16:44:06,419 - DEBUG - GetModule(quartz.dll), resolved: False
2026-06-20 16:44:06,421 - DEBUG - GetModule(TLIBATTR(GUID={56A868B0-0AD4-11CE-B03A-0020AF0BA770}, Version=1.0, LCID=0, FLags=0x8))
2026-06-20 16:44:06,434 - DEBUG - Release <POINTER(ITypeLib) ptr=0x2106513eed0 at 210676b8ed0>
2026-06-20 16:44:07,575 - INFO - UI load successful
2026-06-20 16:44:46,696 - CRITICAL - Laser 1 : OFF
2026-06-20 16:44:46,696 - CRITICAL - Laser 2 : OFF
2026-06-20 16:44:46,696 - INFO - Lasers Shutdown
2026-06-20 16:44:46,696 - INFO - COM connection close successfully
2026-06-20 16:44:46,696 - INFO - Main window close successfully
2026-06-20 16:44:46,696 - INFO - ==================================================
2026-06-20 16:44:46,696 - INFO - New session close at 2026-06-20 16:44
2026-06-20 16:44:46,696 - INFO - ==================================================
2026-06-20 16:44:46,739 - DEBUG - Calling CoUninitialize()
2026-06-20 16:44:46,739 - DEBUG - CoUninitialize() done.
2026-06-25 12:00:10,152 - DEBUG - OpenGL_accelerate module loaded
2026-06-25 12:00:10,329 - DEBUG - Using accelerated ArrayDatatype
2026-06-25 12:00:13,216 - DEBUG - CoInitializeEx(None, 2)
2026-06-25 12:00:13,662 - INFO - Imported existing <module 'comtypes.gen' from 'C:\\Users\\exp\\AppData\\Roaming\\Python\\Python313\\site-packages\\comtypes\\gen\\__init__.py'>
2026-06-25 12:00:13,662 - INFO - Using writeable comtypes cache directory: 'C:\Users\exp\AppData\Roaming\Python\Python313\site-packages\comtypes\gen'
2026-06-25 12:00:13,711 - DEBUG - GetModule(qedit.dll), resolved: False
2026-06-25 12:00:13,717 - DEBUG - GetModule(TLIBATTR(GUID={78530B68-61F9-11D2-8CAD-00A024580902}, Version=1.0, LCID=0, FLags=0x8))
2026-06-25 12:00:13,781 - DEBUG - Release <POINTER(ITypeLib) ptr=0x212feca9db0 at 2128291f650>
2026-06-25 12:00:13,782 - DEBUG - GetModule(quartz.dll), resolved: False
2026-06-25 12:00:13,785 - DEBUG - GetModule(TLIBATTR(GUID={56A868B0-0AD4-11CE-B03A-0020AF0BA770}, Version=1.0, LCID=0, FLags=0x8))
2026-06-25 12:00:13,793 - INFO - Could not import comtypes.gen._56A868B0_0AD4_11CE_B03A_0020AF0BA770_0_1_0: Typelib different than module
2026-06-25 12:00:13,794 - INFO - # Generating comtypes.gen._56A868B0_0AD4_11CE_B03A_0020AF0BA770_0_1_0
2026-06-25 12:00:13,794 - DEBUG - Release <POINTER(ITypeLib) ptr=0x212fecaa5f0 at 212828b7950>
2026-06-25 12:00:13,794 - DEBUG - Release <POINTER(ITypeInfo) ptr=0x212fec4f7e8 at 21283f29750>
2026-06-25 12:00:13,800 - DEBUG - Release <POINTER(ITypeInfo) ptr=0x21281eaa038 at 2128271d050>
2026-06-25 12:00:13,801 - DEBUG - Release <POINTER(ITypeInfo) ptr=0x212fec4f898 at 2128271cc50>
2026-06-25 12:00:13,801 - DEBUG - Release <POINTER(ITypeLib) ptr=0x212fecaa5f0 at 21283f29750>
2026-06-25 12:00:13,801 - DEBUG - Release <POINTER(ITypeInfo) ptr=0x212fec4f840 at 212828b7950>
2026-06-25 12:00:13,801 - DEBUG - Release <POINTER(ITypeInfo) ptr=0x21281eaa038 at 2128271d150>
2026-06-25 12:00:13,801 - DEBUG - Release <POINTER(ITypeInfo) ptr=0x212fec4f948 at 2128271cdd0>
2026-06-25 12:00:13,801 - DEBUG - Release <POINTER(ITypeLib) ptr=0x212fecaa5f0 at 212828b7950>
2026-06-25 12:00:13,801 - DEBUG - Release <POINTER(ITypeInfo) ptr=0x212fec4f8f0 at 21283f29750>
2026-06-25 12:00:13,801 - DEBUG - Release <POINTER(ITypeInfo) ptr=0x212fec4f7e8 at 2128271d150>
2026-06-25 12:00:13,802 - DEBUG - Release <POINTER(ITypeInfo) ptr=0x212fec4f7e8 at 2128271d250>
2026-06-25 12:00:13,802 - DEBUG - Release <POINTER(ITypeInfo) ptr=0x212fec4f7e8 at 2128271d3d0>
2026-06-25 12:00:13,802 - DEBUG - Release <POINTER(ITypeInfo) ptr=0x212fec4f7e8 at 2128271d650>
2026-06-25 12:00:13,802 - DEBUG - Release <POINTER(ITypeInfo) ptr=0x212fec4f7e8 at 2128271d0d0>
2026-06-25 12:00:13,802 - DEBUG - Release <POINTER(ITypeInfo) ptr=0x21281eaa038 at 2128271d450>
2026-06-25 12:00:13,802 - DEBUG - Release <POINTER(ITypeInfo) ptr=0x212fec4f9f8 at 2128271cad0>
2026-06-25 12:00:13,802 - DEBUG - Release <POINTER(ITypeLib) ptr=0x212fecaa5f0 at 21283f29750>
2026-06-25 12:00:13,802 - DEBUG - Release <POINTER(ITypeInfo) ptr=0x212fec4f9a0 at 212828b7950>
2026-06-25 12:00:13,802 - DEBUG - Release <POINTER(ITypeInfo) ptr=0x212fec4f7e8 at 2128271d350>
2026-06-25 12:00:13,802 - DEBUG - Release <POINTER(ITypeInfo) ptr=0x212fec4f7e8 at 2128271cdd0>
2026-06-25 12:00:13,802 - DEBUG - Release <POINTER(ITypeInfo) ptr=0x212fec4f9f8 at 2128271cad0>
2026-06-25 12:00:13,802 - DEBUG - Release <POINTER(ITypeLib) ptr=0x212fecaa5f0 at 212828b7950>
2026-06-25 12:00:13,802 - DEBUG - Release <POINTER(ITypeInfo) ptr=0x212fec4fa50 at 21283f29750>
2026-06-25 12:00:13,803 - DEBUG - Release <POINTER(ITypeInfo) ptr=0x21281eaa038 at 2128271d650>
2026-06-25 12:00:13,803 - DEBUG - Release <POINTER(ITypeInfo) ptr=0x212fec4fb00 at 2128271ced0>
2026-06-25 12:00:13,803 - DEBUG - Release <POINTER(ITypeLib) ptr=0x212fecaa5f0 at 21283f29750>
2026-06-25 12:00:13,803 - DEBUG - Release <POINTER(ITypeInfo) ptr=0x212fec4faa8 at 212828b7950>
2026-06-25 12:00:13,803 - DEBUG - Release <POINTER(ITypeInfo) ptr=0x21281eaa038 at 2128271da50>
2026-06-25 12:00:13,803 - DEBUG - Release <POINTER(ITypeInfo) ptr=0x212fec4fbb0 at 2128271cd50>
2026-06-25 12:00:13,803 - DEBUG - Release <POINTER(ITypeLib) ptr=0x212fecaa5f0 at 212828b7950>
2026-06-25 12:00:13,803 - DEBUG - Release <POINTER(ITypeInfo) ptr=0x212fec4fb58 at 21283f29750>
2026-06-25 12:00:13,804 - DEBUG - Release <POINTER(ITypeInfo) ptr=0x212fec4f7e8 at 2128271ebd0>
2026-06-25 12:00:13,804 - DEBUG - Release <POINTER(ITypeInfo) ptr=0x212fec4f7e8 at 2128271edd0>
2026-06-25 12:00:13,804 - DEBUG - Release <POINTER(ITypeInfo) ptr=0x212fec4f7e8 at 2128271e5d0>
2026-06-25 12:00:13,804 - DEBUG - Release <POINTER(ITypeInfo) ptr=0x212fec4f7e8 at 2128271eed0>
2026-06-25 12:00:13,804 - DEBUG - Release <POINTER(ITypeInfo) ptr=0x212fec4f7e8 at 2128271ee50>
2026-06-25 12:00:13,804 - DEBUG - Release <POINTER(ITypeInfo) ptr=0x212fec4f7e8 at 2128271e350>
2026-06-25 12:00:13,804 - DEBUG - Release <POINTER(ITypeInfo) ptr=0x212fec4f7e8 at 2128271ead0>
2026-06-25 12:00:13,805 - DEBUG - Release <POINTER(ITypeInfo) ptr=0x21281eaa038 at 2128271dd50>
2026-06-25 12:00:13,805 - DEBUG - Release <POINTER(ITypeInfo) ptr=0x212fec4fc60 at 2128271cc50>
2026-06-25 12:00:13,805 - DEBUG - Release <POINTER(ITypeLib) ptr=0x212fecaa5f0 at 21283f29750>
2026-06-25 12:00:13,805 - DEBUG - Release <POINTER(ITypeInfo) ptr=0x212fec4fc08 at 212828b7950>
2026-06-25 12:00:13,806 - DEBUG - Release <POINTER(ITypeInfo) ptr=0x21281eaa038 at 2128271f350>
2026-06-25 12:00:13,806 - DEBUG - Release <POINTER(ITypeInfo) ptr=0x212fec4fd10 at 2128271ce50>
2026-06-25 12:00:13,806 - DEBUG - Release <POINTER(ITypeLib) ptr=0x212fecaa5f0 at 212828b7950>
2026-06-25 12:00:13,806 - DEBUG - Release <POINTER(ITypeInfo) ptr=0x212fec4fcb8 at 21283f29750>
2026-06-25 12:00:13,806 - DEBUG - Release <POINTER(ITypeInfo) ptr=0x212fec4fd10 at 2128271ce50>
2026-06-25 12:00:13,806 - DEBUG - Release <POINTER(ITypeLib) ptr=0x212fecaa5f0 at 21283f29750>
2026-06-25 12:00:13,806 - DEBUG - Release <POINTER(ITypeInfo) ptr=0x212fec4fd68 at 212828b7950>
2026-06-25 12:00:13,806 - DEBUG - Release <POINTER(ITypeInfo) ptr=0x21281eaa090 at 2128271fc50>
2026-06-25 12:00:13,806 - DEBUG - Release <POINTER(ITypeLib) ptr=0x212fecaa5f0 at 212828b7950>
2026-06-25 12:00:13,807 - DEBUG - Release <POINTER(ITypeInfo) ptr=0x212fec4fdc0 at 21283f29750>
2026-06-25 12:00:13,807 - DEBUG - Release <POINTER(ITypeInfo) ptr=0x212fec4fdc0 at 212826ec650>
2026-06-25 12:00:13,807 - DEBUG - Release <POINTER(ITypeInfo) ptr=0x21281eaa0e8 at 212826ec8d0>
2026-06-25 12:00:13,807 - DEBUG - Release <POINTER(ITypeInfo) ptr=0x212fec4fdc0 at 212826ecbd0>
2026-06-25 12:00:13,807 - DEBUG - Release <POINTER(ITypeInfo) ptr=0x21281eaa0e8 at 212826ec9d0>
2026-06-25 12:00:13,807 - DEBUG - Release <POINTER(ITypeInfo) ptr=0x21281eaa090 at 2128271f5d0>
2026-06-25 12:00:13,808 - DEBUG - Release <POINTER(ITypeLib) ptr=0x212fecaa5f0 at 21283f29750>
2026-06-25 12:00:13,808 - DEBUG - Release <POINTER(ITypeInfo) ptr=0x212ead1dda8 at 212828b7950>
2026-06-25 12:00:13,808 - DEBUG - Release <POINTER(ITypeInfo) ptr=0x212fec4f8f0 at 212826ec250>
2026-06-25 12:00:13,808 - DEBUG - Release <POINTER(ITypeInfo) ptr=0x212fec4f9a0 at 212826ec650>
2026-06-25 12:00:13,808 - DEBUG - Release <POINTER(ITypeInfo) ptr=0x212fec4faa8 at 212826ec6d0>
2026-06-25 12:00:13,808 - DEBUG - Release <POINTER(ITypeInfo) ptr=0x212fec4fb58 at 212826ec5d0>
2026-06-25 12:00:13,808 - DEBUG - Release <POINTER(ITypeInfo) ptr=0x212fec4fcb8 at 212826ec350>
2026-06-25 12:00:13,808 - DEBUG - Release <POINTER(ITypeInfo) ptr=0x212fec4fc08 at 212826ec250>
2026-06-25 12:00:13,808 - DEBUG - Release <POINTER(ITypeLib) ptr=0x212fecaa5f0 at 212828b7950>
2026-06-25 12:00:13,808 - DEBUG - Release <POINTER(ITypeInfo) ptr=0x212ead1e468 at 21283f29750>
2026-06-25 12:00:13,808 - DEBUG - Release <POINTER(ITypeInfo) ptr=0x21281eaa038 at 212826ec450>
2026-06-25 12:00:13,808 - DEBUG - Release <POINTER(ITypeInfo) ptr=0x212ead1d1a8 at 212826ec350>
2026-06-25 12:00:13,808 - DEBUG - Release <POINTER(ITypeLib) ptr=0x212fecaa5f0 at 21283f29750>
2026-06-25 12:00:13,809 - DEBUG - Release <POINTER(ITypeInfo) ptr=0x212ead1db08 at 212828b7950>
2026-06-25 12:00:13,809 - DEBUG - Release <POINTER(ITypeInfo) ptr=0x21281eaa038 at 212826ed050>
2026-06-25 12:00:13,809 - DEBUG - Release <POINTER(ITypeInfo) ptr=0x212ead1d268 at 212826ec250>
2026-06-25 12:00:13,809 - DEBUG - Release <POINTER(ITypeLib) ptr=0x212fecaa5f0 at 212828b7950>
2026-06-25 12:00:13,809 - DEBUG - Release <POINTER(ITypeInfo) ptr=0x212ead1dc28 at 21283f29750>
2026-06-25 12:00:13,809 - DEBUG - Release <POINTER(ITypeInfo) ptr=0x21281eaa038 at 212826ed250>
2026-06-25 12:00:13,809 - DEBUG - Release <POINTER(ITypeInfo) ptr=0x212ead1d688 at 212826ec650>
2026-06-25 12:00:13,809 - DEBUG - Release <POINTER(ITypeLib) ptr=0x212fecaa5f0 at 21283f29750>
2026-06-25 12:00:13,809 - DEBUG - Release <POINTER(ITypeInfo) ptr=0x212ead1d988 at 212828b7950>
2026-06-25 12:00:13,810 - DEBUG - Release <POINTER(ITypeInfo) ptr=0x21281eaa038 at 212826ed2d0>
2026-06-25 12:00:13,810 - DEBUG - Release <POINTER(ITypeInfo) ptr=0x212ead1e4c8 at 212826ec350>
2026-06-25 12:00:13,810 - DEBUG - Release <POINTER(ITypeLib) ptr=0x212fecaa5f0 at 212828b7950>
2026-06-25 12:00:13,810 - DEBUG - Release <POINTER(ITypeInfo) ptr=0x212ead1df28 at 21283f29750>
2026-06-25 12:00:13,810 - DEBUG - Release <POINTER(ITypeInfo) ptr=0x21281eaa038 at 212826ed8d0>
2026-06-25 12:00:13,810 - DEBUG - Release <POINTER(ITypeInfo) ptr=0x212ead1e168 at 212826ec250>
2026-06-25 12:00:13,810 - DEBUG - Release <POINTER(ITypeLib) ptr=0x212fecaa5f0 at 21283f29750>
2026-06-25 12:00:13,810 - DEBUG - Release <POINTER(ITypeInfo) ptr=0x212ead1d208 at 212828b7950>
2026-06-25 12:00:13,815 - DEBUG - filename: "C:\Windows\System32\quartz.dll": tlib_mtime: 1782277664.1744807
2026-06-25 12:00:13,815 - DEBUG - Release <POINTER(ITypeLib) ptr=0x212fecaa5f0 at 212828b7950>
2026-06-25 12:00:13,816 - INFO - # Generating comtypes.gen.QuartzTypeLib
2026-06-25 12:00:13,816 - DEBUG - GetModule(TLIBATTR(GUID={00020430-0000-0000-C000-000000000046}, Version=2.0, LCID=0, FLags=0x8))
2026-06-25 12:00:13,877 - DEBUG - Release <POINTER(ITypeLib) ptr=0x212fecaa5f0 at 2128271cd50>
2026-06-25 12:00:13,877 - DEBUG - Release <POINTER(ITypeLib) ptr=0x212fecaa5f0 at 2128291f4d0>
2026-06-25 12:00:14,956 - INFO - UI load successful
2026-06-25 12:00:23,928 - INFO - Profile : Supervisor
2026-06-25 12:00:39,905 - CRITICAL - Laser 1 : OFF
2026-06-25 12:00:39,905 - CRITICAL - Laser 2 : OFF
2026-06-25 12:00:39,905 - INFO - Lasers Shutdown
2026-06-25 12:00:39,906 - INFO - COM connection close successfully
2026-06-25 12:00:39,906 - INFO - Main window close successfully
2026-06-25 12:00:39,906 - INFO - ==================================================
2026-06-25 12:00:39,906 - INFO - New session close at 2026-06-25 12:00
2026-06-25 12:00:39,906 - INFO - ==================================================
2026-06-25 12:00:39,922 - DEBUG - Calling CoUninitialize()
2026-06-25 12:00:39,923 - DEBUG - CoUninitialize() done.
2026-06-25 12:59:21,520 - DEBUG - OpenGL_accelerate module loaded
2026-06-25 12:59:21,534 - DEBUG - Using accelerated ArrayDatatype
2026-06-25 12:59:21,856 - DEBUG - CoInitializeEx(None, 2)
2026-06-25 12:59:21,920 - INFO - Imported existing <module 'comtypes.gen' from 'C:\\Users\\exp\\AppData\\Roaming\\Python\\Python313\\site-packages\\comtypes\\gen\\__init__.py'>
2026-06-25 12:59:21,921 - INFO - Using writeable comtypes cache directory: 'C:\Users\exp\AppData\Roaming\Python\Python313\site-packages\comtypes\gen'
2026-06-25 12:59:21,929 - DEBUG - GetModule(qedit.dll), resolved: False
2026-06-25 12:59:21,931 - DEBUG - GetModule(TLIBATTR(GUID={78530B68-61F9-11D2-8CAD-00A024580902}, Version=1.0, LCID=0, FLags=0x8))
2026-06-25 12:59:21,955 - DEBUG - Release <POINTER(ITypeLib) ptr=0x1bf0ea8d1a0 at 1bf110d94d0>
2026-06-25 12:59:21,955 - DEBUG - GetModule(quartz.dll), resolved: False
2026-06-25 12:59:21,956 - DEBUG - GetModule(TLIBATTR(GUID={56A868B0-0AD4-11CE-B03A-0020AF0BA770}, Version=1.0, LCID=0, FLags=0x8))
2026-06-25 12:59:21,965 - DEBUG - Release <POINTER(ITypeLib) ptr=0x1bf0ea8d720 at 1bf110d9350>
2026-06-25 12:59:22,313 - INFO - UI load successful
2026-06-25 12:59:37,408 - INFO - Profile : Supervisor
2026-06-25 13:00:19,758 - CRITICAL - Laser 1 : OFF
2026-06-25 13:00:19,758 - CRITICAL - Laser 2 : OFF
2026-06-25 13:00:19,758 - INFO - Lasers Shutdown
2026-06-25 13:00:19,758 - INFO - COM connection close successfully
2026-06-25 13:00:19,758 - INFO - Main window close successfully
2026-06-25 13:00:19,759 - INFO - ==================================================
2026-06-25 13:00:19,759 - INFO - New session close at 2026-06-25 13:00
2026-06-25 13:00:19,759 - INFO - ==================================================
2026-06-25 13:00:19,765 - DEBUG - Calling CoUninitialize()
2026-06-25 13:00:19,765 - DEBUG - CoUninitialize() done.
2026-06-25 13:30:37,028 - DEBUG - OpenGL_accelerate module loaded
2026-06-25 13:30:37,039 - DEBUG - Using accelerated ArrayDatatype
2026-06-25 13:30:37,285 - DEBUG - CoInitializeEx(None, 2)
2026-06-25 13:30:37,333 - INFO - Imported existing <module 'comtypes.gen' from 'C:\\Users\\exp\\AppData\\Roaming\\Python\\Python313\\site-packages\\comtypes\\gen\\__init__.py'>
2026-06-25 13:30:37,333 - INFO - Using writeable comtypes cache directory: 'C:\Users\exp\AppData\Roaming\Python\Python313\site-packages\comtypes\gen'
2026-06-25 13:30:37,340 - DEBUG - GetModule(qedit.dll), resolved: False
2026-06-25 13:30:37,341 - DEBUG - GetModule(TLIBATTR(GUID={78530B68-61F9-11D2-8CAD-00A024580902}, Version=1.0, LCID=0, FLags=0x8))
2026-06-25 13:30:37,366 - DEBUG - Release <POINTER(ITypeLib) ptr=0x13482a226d0 at 134852794d0>
2026-06-25 13:30:37,367 - DEBUG - GetModule(quartz.dll), resolved: False
2026-06-25 13:30:37,367 - DEBUG - GetModule(TLIBATTR(GUID={56A868B0-0AD4-11CE-B03A-0020AF0BA770}, Version=1.0, LCID=0, FLags=0x8))
2026-06-25 13:30:37,376 - DEBUG - Release <POINTER(ITypeLib) ptr=0x13482a23a10 at 13485279350>
2026-06-25 13:30:37,636 - INFO - UI load successful
2026-06-25 13:31:02,408 - INFO - Profile : Supervisor
2026-06-25 13:31:09,184 - WARNING - Failed login attempt for user: Supervisor
2026-06-25 13:32:59,279 - CRITICAL - Laser 1 : OFF
2026-06-25 13:32:59,279 - CRITICAL - Laser 2 : OFF
2026-06-25 13:32:59,279 - INFO - Lasers Shutdown
2026-06-25 13:32:59,279 - INFO - COM connection close successfully
2026-06-25 13:32:59,279 - INFO - Main window close successfully
2026-06-25 13:32:59,279 - INFO - ==================================================
2026-06-25 13:32:59,280 - INFO - New session close at 2026-06-25 13:32
2026-06-25 13:32:59,280 - INFO - ==================================================
2026-06-25 13:32:59,286 - DEBUG - Calling CoUninitialize()
2026-06-25 13:32:59,286 - DEBUG - CoUninitialize() done.
2026-06-25 13:33:15,350 - DEBUG - OpenGL_accelerate module loaded
2026-06-25 13:33:15,362 - DEBUG - Using accelerated ArrayDatatype
2026-06-25 13:33:15,610 - DEBUG - CoInitializeEx(None, 2)
2026-06-25 13:33:15,658 - INFO - Imported existing <module 'comtypes.gen' from 'C:\\Users\\exp\\AppData\\Roaming\\Python\\Python313\\site-packages\\comtypes\\gen\\__init__.py'>
2026-06-25 13:33:15,658 - INFO - Using writeable comtypes cache directory: 'C:\Users\exp\AppData\Roaming\Python\Python313\site-packages\comtypes\gen'
2026-06-25 13:33:15,664 - DEBUG - GetModule(qedit.dll), resolved: False
2026-06-25 13:33:15,666 - DEBUG - GetModule(TLIBATTR(GUID={78530B68-61F9-11D2-8CAD-00A024580902}, Version=1.0, LCID=0, FLags=0x8))
2026-06-25 13:33:15,688 - DEBUG - Release <POINTER(ITypeLib) ptr=0x247be4987f0 at 247c10194d0>
2026-06-25 13:33:15,688 - DEBUG - GetModule(quartz.dll), resolved: False
2026-06-25 13:33:15,689 - DEBUG - GetModule(TLIBATTR(GUID={56A868B0-0AD4-11CE-B03A-0020AF0BA770}, Version=1.0, LCID=0, FLags=0x8))
2026-06-25 13:33:15,696 - DEBUG - Release <POINTER(ITypeLib) ptr=0x247be4987f0 at 247c1019350>
2026-06-25 13:33:15,978 - INFO - UI load successful
2026-06-25 13:33:25,207 - INFO - Profile : Supervisor
2026-06-25 13:33:52,604 - INFO - Profile : Supervisor
2026-06-25 13:38:06,578 - CRITICAL - Laser 1 : OFF
2026-06-25 13:38:06,579 - CRITICAL - Laser 2 : OFF
2026-06-25 13:38:06,618 - INFO - Lasers Shutdown
2026-06-25 13:38:06,619 - INFO - COM connection close successfully
2026-06-25 13:38:06,619 - INFO - Main window close successfully
2026-06-25 13:38:06,619 - INFO - ==================================================
2026-06-25 13:38:06,619 - INFO - New session close at 2026-06-25 13:38
2026-06-25 13:38:06,619 - INFO - ==================================================
2026-06-25 13:38:06,633 - DEBUG - Calling CoUninitialize()
2026-06-25 13:38:06,635 - DEBUG - CoUninitialize() done.
2026-06-25 13:39:42,630 - DEBUG - OpenGL_accelerate module loaded
2026-06-25 13:39:42,641 - DEBUG - Using accelerated ArrayDatatype
2026-06-25 13:39:42,879 - DEBUG - CoInitializeEx(None, 2)
2026-06-25 13:39:42,922 - INFO - Imported existing <module 'comtypes.gen' from 'C:\\Users\\exp\\AppData\\Roaming\\Python\\Python313\\site-packages\\comtypes\\gen\\__init__.py'>
2026-06-25 13:39:42,922 - INFO - Using writeable comtypes cache directory: 'C:\Users\exp\AppData\Roaming\Python\Python313\site-packages\comtypes\gen'
2026-06-25 13:39:42,928 - DEBUG - GetModule(qedit.dll), resolved: False
2026-06-25 13:39:42,929 - DEBUG - GetModule(TLIBATTR(GUID={78530B68-61F9-11D2-8CAD-00A024580902}, Version=1.0, LCID=0, FLags=0x8))
2026-06-25 13:39:42,951 - DEBUG - Release <POINTER(ITypeLib) ptr=0x2f0ad732100 at 2f0b05494d0>
2026-06-25 13:39:42,951 - DEBUG - GetModule(quartz.dll), resolved: False
2026-06-25 13:39:42,952 - DEBUG - GetModule(TLIBATTR(GUID={56A868B0-0AD4-11CE-B03A-0020AF0BA770}, Version=1.0, LCID=0, FLags=0x8))
2026-06-25 13:39:42,959 - DEBUG - Release <POINTER(ITypeLib) ptr=0x2f0ad733440 at 2f0b0549350>
2026-06-25 13:39:43,201 - INFO - UI load successful
2026-06-25 13:40:04,421 - INFO - Profile : Supervisor
2026-06-25 13:41:52,301 - CRITICAL - Laser 1 : OFF
2026-06-25 13:41:52,302 - CRITICAL - Laser 2 : OFF
2026-06-25 13:41:52,302 - INFO - Lasers Shutdown
2026-06-25 13:41:52,302 - INFO - COM connection close successfully
2026-06-25 13:41:52,302 - INFO - Main window close successfully
2026-06-25 13:41:52,302 - INFO - ==================================================
2026-06-25 13:41:52,302 - INFO - New session close at 2026-06-25 13:41
2026-06-25 13:41:52,302 - INFO - ==================================================
2026-06-25 13:41:52,309 - DEBUG - Calling CoUninitialize()
2026-06-25 13:41:52,309 - DEBUG - CoUninitialize() done.
2026-06-26 13:18:48,795 - DEBUG - OpenGL_accelerate module loaded
2026-06-26 13:18:48,840 - DEBUG - Using accelerated ArrayDatatype
2026-06-26 13:18:49,793 - DEBUG - CoInitializeEx(None, 2)
2026-06-26 13:18:49,924 - INFO - Imported existing <module 'comtypes.gen' from 'C:\\Users\\EXPRESS\\AppData\\Roaming\\Python\\Python313\\site-packages\\comtypes\\gen\\__init__.py'>
2026-06-26 13:18:49,925 - INFO - Using writeable comtypes cache directory: 'C:\Users\EXPRESS\AppData\Roaming\Python\Python313\site-packages\comtypes\gen'
2026-06-26 13:18:49,936 - DEBUG - GetModule(qedit.dll), resolved: False
2026-06-26 13:18:49,939 - DEBUG - GetModule(TLIBATTR(GUID={78530B68-61F9-11D2-8CAD-00A024580902}, Version=1.0, LCID=0, FLags=0x8))
2026-06-26 13:18:49,993 - DEBUG - Release <POINTER(ITypeLib) ptr=0x24312654710 at 243164274d0>
2026-06-26 13:18:49,994 - DEBUG - GetModule(quartz.dll), resolved: False
2026-06-26 13:18:49,998 - DEBUG - GetModule(TLIBATTR(GUID={56A868B0-0AD4-11CE-B03A-0020AF0BA770}, Version=1.0, LCID=0, FLags=0x8))
2026-06-26 13:18:50,027 - DEBUG - Release <POINTER(ITypeLib) ptr=0x24312655790 at 243164273d0>
2026-06-26 13:18:51,336 - INFO - UI load successful
2026-06-26 13:19:05,075 - INFO - Profile : Supervisor
2026-06-26 13:19:14,752 - CRITICAL - Laser 1 : OFF
2026-06-26 13:19:14,752 - CRITICAL - Laser 2 : OFF
2026-06-26 13:19:14,753 - INFO - Lasers Shutdown
2026-06-26 13:19:14,753 - INFO - COM connection close successfully
2026-06-26 13:19:14,753 - INFO - Main window close successfully
2026-06-26 13:19:14,753 - INFO - ==================================================
2026-06-26 13:19:14,753 - INFO - New session close at 2026-06-26 13:19
2026-06-26 13:19:14,753 - INFO - ==================================================
2026-06-26 13:19:14,776 - DEBUG - Calling CoUninitialize()
2026-06-26 13:19:14,776 - DEBUG - CoUninitialize() done.
2026-06-26 13:24:40,126 - DEBUG - OpenGL_accelerate module loaded
2026-06-26 13:24:40,157 - DEBUG - Using accelerated ArrayDatatype
2026-06-26 13:24:40,955 - DEBUG - CoInitializeEx(None, 2)
2026-06-26 13:24:41,061 - INFO - Imported existing <module 'comtypes.gen' from 'C:\\Users\\EXPRESS\\AppData\\Roaming\\Python\\Python313\\site-packages\\comtypes\\gen\\__init__.py'>
2026-06-26 13:24:41,061 - INFO - Using writeable comtypes cache directory: 'C:\Users\EXPRESS\AppData\Roaming\Python\Python313\site-packages\comtypes\gen'
2026-06-26 13:24:41,074 - DEBUG - GetModule(qedit.dll), resolved: False
2026-06-26 13:24:41,078 - DEBUG - GetModule(TLIBATTR(GUID={78530B68-61F9-11D2-8CAD-00A024580902}, Version=1.0, LCID=0, FLags=0x8))
2026-06-26 13:24:41,116 - DEBUG - Release <POINTER(ITypeLib) ptr=0x1eeb9dca0f0 at 1eebd5cb4d0>
2026-06-26 13:24:41,116 - DEBUG - GetModule(quartz.dll), resolved: False
2026-06-26 13:24:41,119 - DEBUG - GetModule(TLIBATTR(GUID={56A868B0-0AD4-11CE-B03A-0020AF0BA770}, Version=1.0, LCID=0, FLags=0x8))
2026-06-26 13:24:41,147 - DEBUG - Release <POINTER(ITypeLib) ptr=0x1eeb9dca0f0 at 1eebd5cb3d0>
2026-06-26 13:24:42,001 - INFO - UI load successful
2026-06-26 13:24:52,355 - INFO - Profile : Supervisor
2026-06-26 13:25:04,485 - CRITICAL - Laser 1 : OFF
2026-06-26 13:25:04,485 - CRITICAL - Laser 2 : OFF
2026-06-26 13:25:04,486 - INFO - Lasers Shutdown
2026-06-26 13:25:04,486 - INFO - COM connection close successfully
2026-06-26 13:25:04,486 - INFO - Main window close successfully
2026-06-26 13:25:04,486 - INFO - ==================================================
2026-06-26 13:25:04,486 - INFO - New session close at 2026-06-26 13:25
2026-06-26 13:25:04,486 - INFO - ==================================================
2026-06-26 13:25:04,511 - DEBUG - Calling CoUninitialize()
2026-06-26 13:25:04,511 - DEBUG - CoUninitialize() done.
2026-06-26 13:26:14,194 - DEBUG - OpenGL_accelerate module loaded
2026-06-26 13:26:14,325 - DEBUG - Using accelerated ArrayDatatype
2026-06-26 13:26:15,679 - DEBUG - CoInitializeEx(None, 2)
2026-06-26 13:26:16,068 - INFO - Imported existing <module 'comtypes.gen' from 'C:\\Users\\EXPRESS\\AppData\\Roaming\\Python\\Python313\\site-packages\\comtypes\\gen\\__init__.py'>
2026-06-26 13:26:16,069 - INFO - Using writeable comtypes cache directory: 'C:\Users\EXPRESS\AppData\Roaming\Python\Python313\site-packages\comtypes\gen'
2026-06-26 13:26:16,120 - DEBUG - GetModule(qedit.dll), resolved: False
2026-06-26 13:26:16,125 - DEBUG - GetModule(TLIBATTR(GUID={78530B68-61F9-11D2-8CAD-00A024580902}, Version=1.0, LCID=0, FLags=0x8))
2026-06-26 13:26:16,257 - DEBUG - Release <POINTER(ITypeLib) ptr=0x24d59f76950 at 24d5c9312d0>
2026-06-26 13:26:16,260 - DEBUG - GetModule(quartz.dll), resolved: False
2026-06-26 13:26:16,263 - DEBUG - GetModule(TLIBATTR(GUID={56A868B0-0AD4-11CE-B03A-0020AF0BA770}, Version=1.0, LCID=0, FLags=0x8))
2026-06-26 13:26:16,288 - DEBUG - Release <POINTER(ITypeLib) ptr=0x24d59f76950 at 24d5c9311d0>
2026-06-26 13:26:17,310 - INFO - UI load successful
2026-06-26 13:26:35,559 - INFO - Profile : Supervisor
2026-06-26 13:26:46,201 - CRITICAL - Laser 1 : OFF
2026-06-26 13:26:46,202 - CRITICAL - Laser 2 : OFF
2026-06-26 13:26:46,202 - INFO - Lasers Shutdown
2026-06-26 13:26:46,202 - INFO - COM connection close successfully
2026-06-26 13:26:46,202 - INFO - Main window close successfully
2026-06-26 13:26:46,202 - INFO - ==================================================
2026-06-26 13:26:46,202 - INFO - New session close at 2026-06-26 13:26
2026-06-26 13:26:46,202 - INFO - ==================================================
2026-06-26 13:26:46,213 - DEBUG - Calling CoUninitialize()
2026-06-26 13:26:46,213 - DEBUG - CoUninitialize() done.
2026-06-26 13:55:33,236 - DEBUG - OpenGL_accelerate module loaded
2026-06-26 13:55:33,293 - DEBUG - Using accelerated ArrayDatatype
2026-06-26 13:55:33,826 - DEBUG - CoInitializeEx(None, 2)
2026-06-26 13:55:33,933 - INFO - Imported existing <module 'comtypes.gen' from 'C:\\Users\\EXPRESS\\AppData\\Roaming\\Python\\Python313\\site-packages\\comtypes\\gen\\__init__.py'>
2026-06-26 13:55:33,933 - INFO - Using writeable comtypes cache directory: 'C:\Users\EXPRESS\AppData\Roaming\Python\Python313\site-packages\comtypes\gen'
2026-06-26 13:55:33,944 - DEBUG - GetModule(qedit.dll), resolved: False
2026-06-26 13:55:33,958 - DEBUG - GetModule(TLIBATTR(GUID={78530B68-61F9-11D2-8CAD-00A024580902}, Version=1.0, LCID=0, FLags=0x8))
2026-06-26 13:55:33,995 - DEBUG - Release <POINTER(ITypeLib) ptr=0x1854a0596a0 at 1854cdd12d0>
2026-06-26 13:55:33,995 - DEBUG - GetModule(quartz.dll), resolved: False
2026-06-26 13:55:34,003 - DEBUG - GetModule(TLIBATTR(GUID={56A868B0-0AD4-11CE-B03A-0020AF0BA770}, Version=1.0, LCID=0, FLags=0x8))
2026-06-26 13:55:34,012 - DEBUG - Release <POINTER(ITypeLib) ptr=0x1854a0596a0 at 1854cdd11d0>
2026-06-26 13:55:35,754 - INFO - UI load successful
2026-06-26 13:55:48,990 - INFO - Profile : Supervisor
2026-06-26 13:56:14,118 - CRITICAL - Laser 1 : OFF
2026-06-26 13:56:14,119 - CRITICAL - Laser 2 : OFF
2026-06-26 13:56:14,119 - INFO - Lasers Shutdown
2026-06-26 13:56:14,119 - INFO - COM connection close successfully
2026-06-26 13:56:14,119 - INFO - Main window close successfully
2026-06-26 13:56:14,119 - INFO - ==================================================
2026-06-26 13:56:14,119 - INFO - New session close at 2026-06-26 13:56
2026-06-26 13:56:14,119 - INFO - ==================================================
2026-06-26 13:56:14,136 - DEBUG - Calling CoUninitialize()
2026-06-26 13:56:14,136 - DEBUG - CoUninitialize() done.
2026-06-26 13:56:19,161 - DEBUG - OpenGL_accelerate module loaded
2026-06-26 13:56:19,171 - DEBUG - Using accelerated ArrayDatatype
2026-06-26 13:56:19,389 - DEBUG - CoInitializeEx(None, 2)
2026-06-26 13:56:19,429 - INFO - Imported existing <module 'comtypes.gen' from 'C:\\Users\\EXPRESS\\AppData\\Roaming\\Python\\Python313\\site-packages\\comtypes\\gen\\__init__.py'>
2026-06-26 13:56:19,430 - INFO - Using writeable comtypes cache directory: 'C:\Users\EXPRESS\AppData\Roaming\Python\Python313\site-packages\comtypes\gen'
2026-06-26 13:56:19,435 - DEBUG - GetModule(qedit.dll), resolved: False
2026-06-26 13:56:19,436 - DEBUG - GetModule(TLIBATTR(GUID={78530B68-61F9-11D2-8CAD-00A024580902}, Version=1.0, LCID=0, FLags=0x8))
2026-06-26 13:56:19,460 - DEBUG - Release <POINTER(ITypeLib) ptr=0x19815d8b360 at 19818a512d0>
2026-06-26 13:56:19,460 - DEBUG - GetModule(quartz.dll), resolved: False
2026-06-26 13:56:19,461 - DEBUG - GetModule(TLIBATTR(GUID={56A868B0-0AD4-11CE-B03A-0020AF0BA770}, Version=1.0, LCID=0, FLags=0x8))
2026-06-26 13:56:19,468 - DEBUG - Release <POINTER(ITypeLib) ptr=0x19815d8b360 at 19818a511d0>
2026-06-26 13:56:19,711 - INFO - UI load successful
2026-06-26 13:56:29,411 - INFO - Profile : Supervisor
2026-06-26 13:56:56,039 - CRITICAL - Laser 1 : OFF
2026-06-26 13:56:56,039 - CRITICAL - Laser 2 : OFF
2026-06-26 13:56:56,039 - INFO - Lasers Shutdown
2026-06-26 13:56:56,039 - INFO - COM connection close successfully
2026-06-26 13:56:56,039 - INFO - Main window close successfully
2026-06-26 13:56:56,039 - INFO - ==================================================
2026-06-26 13:56:56,039 - INFO - New session close at 2026-06-26 13:56
2026-06-26 13:56:56,039 - INFO - ==================================================
2026-06-26 13:56:56,049 - DEBUG - Calling CoUninitialize()
2026-06-26 13:56:56,049 - DEBUG - CoUninitialize() done.
2026-06-26 13:58:52,190 - DEBUG - OpenGL_accelerate module loaded
2026-06-26 13:58:52,202 - DEBUG - Using accelerated ArrayDatatype
2026-06-26 13:58:52,430 - DEBUG - CoInitializeEx(None, 2)
2026-06-26 13:58:52,487 - INFO - Imported existing <module 'comtypes.gen' from 'C:\\Users\\EXPRESS\\AppData\\Roaming\\Python\\Python313\\site-packages\\comtypes\\gen\\__init__.py'>
2026-06-26 13:58:52,487 - INFO - Using writeable comtypes cache directory: 'C:\Users\EXPRESS\AppData\Roaming\Python\Python313\site-packages\comtypes\gen'
2026-06-26 13:58:52,494 - DEBUG - GetModule(qedit.dll), resolved: False
2026-06-26 13:58:52,495 - DEBUG - GetModule(TLIBATTR(GUID={78530B68-61F9-11D2-8CAD-00A024580902}, Version=1.0, LCID=0, FLags=0x8))
2026-06-26 13:58:52,521 - DEBUG - Release <POINTER(ITypeLib) ptr=0x221e9106130 at 221fef55350>
2026-06-26 13:58:52,522 - DEBUG - GetModule(quartz.dll), resolved: False
2026-06-26 13:58:52,522 - DEBUG - GetModule(TLIBATTR(GUID={56A868B0-0AD4-11CE-B03A-0020AF0BA770}, Version=1.0, LCID=0, FLags=0x8))
2026-06-26 13:58:52,529 - DEBUG - Release <POINTER(ITypeLib) ptr=0x221e91058f0 at 221fef55250>
2026-06-26 13:58:52,791 - DEBUG - Calling CoUninitialize()
2026-06-26 13:58:52,791 - DEBUG - CoUninitialize() done.
2026-06-26 14:07:16,520 - DEBUG - OpenGL_accelerate module loaded
2026-06-26 14:07:16,532 - DEBUG - Using accelerated ArrayDatatype
2026-06-26 14:07:16,768 - DEBUG - CoInitializeEx(None, 2)
2026-06-26 14:07:16,809 - INFO - Imported existing <module 'comtypes.gen' from 'C:\\Users\\EXPRESS\\AppData\\Roaming\\Python\\Python313\\site-packages\\comtypes\\gen\\__init__.py'>
2026-06-26 14:07:16,809 - INFO - Using writeable comtypes cache directory: 'C:\Users\EXPRESS\AppData\Roaming\Python\Python313\site-packages\comtypes\gen'
2026-06-26 14:07:16,815 - DEBUG - GetModule(qedit.dll), resolved: False
2026-06-26 14:07:16,817 - DEBUG - GetModule(TLIBATTR(GUID={78530B68-61F9-11D2-8CAD-00A024580902}, Version=1.0, LCID=0, FLags=0x8))
2026-06-26 14:07:16,844 - DEBUG - Release <POINTER(ITypeLib) ptr=0x1d69b74d4c0 at 1d69e18d6d0>
2026-06-26 14:07:16,844 - DEBUG - GetModule(quartz.dll), resolved: False
2026-06-26 14:07:16,845 - DEBUG - GetModule(TLIBATTR(GUID={56A868B0-0AD4-11CE-B03A-0020AF0BA770}, Version=1.0, LCID=0, FLags=0x8))
2026-06-26 14:07:16,852 - DEBUG - Release <POINTER(ITypeLib) ptr=0x1d69b74d4c0 at 1d69e18d5d0>
2026-06-26 14:07:17,117 - INFO - UI load successful
2026-06-26 14:07:26,150 - INFO - Profile : Supervisor
2026-06-26 14:07:37,962 - CRITICAL - Laser 1 : OFF
2026-06-26 14:07:37,962 - CRITICAL - Laser 2 : OFF
2026-06-26 14:07:37,962 - INFO - Lasers Shutdown
2026-06-26 14:07:37,963 - INFO - COM connection close successfully
2026-06-26 14:07:37,963 - INFO - Main window close successfully
2026-06-26 14:07:37,963 - INFO - ==================================================
2026-06-26 14:07:37,963 - INFO - New session close at 2026-06-26 14:07
2026-06-26 14:07:37,963 - INFO - ==================================================
2026-06-26 14:07:37,974 - DEBUG - Calling CoUninitialize()
2026-06-26 14:07:37,974 - DEBUG - CoUninitialize() done.
2026-06-26 16:38:50,853 - DEBUG - OpenGL_accelerate module loaded
2026-06-26 16:38:50,914 - DEBUG - Using accelerated ArrayDatatype
2026-06-26 16:38:51,457 - DEBUG - CoInitializeEx(None, 2)
2026-06-26 16:38:51,564 - INFO - Imported existing <module 'comtypes.gen' from 'C:\\Users\\EXPRESS\\AppData\\Roaming\\Python\\Python313\\site-packages\\comtypes\\gen\\__init__.py'>
2026-06-26 16:38:51,564 - INFO - Using writeable comtypes cache directory: 'C:\Users\EXPRESS\AppData\Roaming\Python\Python313\site-packages\comtypes\gen'
2026-06-26 16:38:51,575 - DEBUG - GetModule(qedit.dll), resolved: False
2026-06-26 16:38:51,589 - DEBUG - GetModule(TLIBATTR(GUID={78530B68-61F9-11D2-8CAD-00A024580902}, Version=1.0, LCID=0, FLags=0x8))
2026-06-26 16:38:51,625 - DEBUG - Release <POINTER(ITypeLib) ptr=0x28b40fc6d00 at 28b5799d6d0>
2026-06-26 16:38:51,626 - DEBUG - GetModule(quartz.dll), resolved: False
2026-06-26 16:38:51,634 - DEBUG - GetModule(TLIBATTR(GUID={56A868B0-0AD4-11CE-B03A-0020AF0BA770}, Version=1.0, LCID=0, FLags=0x8))
2026-06-26 16:38:51,643 - DEBUG - Release <POINTER(ITypeLib) ptr=0x28b40fc6d00 at 28b5799d5d0>
2026-06-26 16:38:53,739 - INFO - UI load successful
2026-06-26 16:39:04,209 - INFO - Profile : Supervisor
2026-06-26 16:41:14,221 - DEBUG - OpenGL_accelerate module loaded
2026-06-26 16:41:14,246 - DEBUG - Using accelerated ArrayDatatype
2026-06-26 16:41:14,707 - DEBUG - CoInitializeEx(None, 2)
2026-06-26 16:41:14,811 - INFO - Imported existing <module 'comtypes.gen' from 'C:\\Users\\EXPRESS\\AppData\\Roaming\\Python\\Python313\\site-packages\\comtypes\\gen\\__init__.py'>
2026-06-26 16:41:14,811 - INFO - Using writeable comtypes cache directory: 'C:\Users\EXPRESS\AppData\Roaming\Python\Python313\site-packages\comtypes\gen'
2026-06-26 16:41:14,822 - DEBUG - GetModule(qedit.dll), resolved: False
2026-06-26 16:41:14,836 - DEBUG - GetModule(TLIBATTR(GUID={78530B68-61F9-11D2-8CAD-00A024580902}, Version=1.0, LCID=0, FLags=0x8))
2026-06-26 16:41:14,877 - DEBUG - Release <POINTER(ITypeLib) ptr=0x1f1793dfeb0 at 1f17bd0d6d0>
2026-06-26 16:41:14,878 - DEBUG - GetModule(quartz.dll), resolved: False
2026-06-26 16:41:14,887 - DEBUG - GetModule(TLIBATTR(GUID={56A868B0-0AD4-11CE-B03A-0020AF0BA770}, Version=1.0, LCID=0, FLags=0x8))
2026-06-26 16:41:14,895 - DEBUG - Release <POINTER(ITypeLib) ptr=0x1f1793de070 at 1f17bd0d5d0>
2026-06-26 16:41:15,264 - INFO - UI load successful
2026-06-26 16:41:23,643 - INFO - Profile : Supervisor
2026-06-26 16:41:54,642 - CRITICAL - Laser 1 : OFF
2026-06-26 16:41:54,642 - CRITICAL - Laser 2 : OFF
2026-06-26 16:41:54,642 - INFO - Lasers Shutdown
2026-06-26 16:41:54,642 - INFO - COM connection close successfully
2026-06-26 16:41:54,642 - INFO - Main window close successfully
2026-06-26 16:41:54,643 - INFO - ==================================================
2026-06-26 16:41:54,643 - INFO - New session close at 2026-06-26 16:41
2026-06-26 16:41:54,643 - INFO - ==================================================
2026-06-26 16:41:54,655 - DEBUG - Calling CoUninitialize()
2026-06-26 16:41:54,655 - DEBUG - CoUninitialize() done.
2026-06-26 16:44:14,084 - DEBUG - OpenGL_accelerate module loaded
2026-06-26 16:44:14,094 - DEBUG - Using accelerated ArrayDatatype
2026-06-26 16:44:14,328 - DEBUG - CoInitializeEx(None, 2)
2026-06-26 16:44:14,376 - INFO - Imported existing <module 'comtypes.gen' from 'C:\\Users\\EXPRESS\\AppData\\Roaming\\Python\\Python313\\site-packages\\comtypes\\gen\\__init__.py'>
2026-06-26 16:44:14,376 - INFO - Using writeable comtypes cache directory: 'C:\Users\EXPRESS\AppData\Roaming\Python\Python313\site-packages\comtypes\gen'
2026-06-26 16:44:14,382 - DEBUG - GetModule(qedit.dll), resolved: False
2026-06-26 16:44:14,384 - DEBUG - GetModule(TLIBATTR(GUID={78530B68-61F9-11D2-8CAD-00A024580902}, Version=1.0, LCID=0, FLags=0x8))
2026-06-26 16:44:14,411 - DEBUG - Release <POINTER(ITypeLib) ptr=0x290a6821c70 at 290a95fd6d0>
2026-06-26 16:44:14,411 - DEBUG - GetModule(quartz.dll), resolved: False
2026-06-26 16:44:14,412 - DEBUG - GetModule(TLIBATTR(GUID={56A868B0-0AD4-11CE-B03A-0020AF0BA770}, Version=1.0, LCID=0, FLags=0x8))
2026-06-26 16:44:14,421 - DEBUG - Release <POINTER(ITypeLib) ptr=0x290a68200f0 at 290a95fd5d0>
2026-06-26 16:44:14,694 - INFO - UI load successful
2026-06-26 16:44:26,659 - INFO - Profile : Supervisor
2026-06-26 16:44:50,117 - CRITICAL - Laser 1 : OFF
2026-06-26 16:44:50,117 - CRITICAL - Laser 2 : OFF
2026-06-26 16:44:50,117 - INFO - Lasers Shutdown
2026-06-26 16:44:50,117 - INFO - COM connection close successfully
2026-06-26 16:44:50,117 - INFO - Main window close successfully
2026-06-26 16:44:50,117 - INFO - ==================================================
2026-06-26 16:44:50,117 - INFO - New session close at 2026-06-26 16:44
2026-06-26 16:44:50,117 - INFO - ==================================================
2026-06-26 16:44:50,127 - DEBUG - Calling CoUninitialize()
2026-06-26 16:44:50,127 - DEBUG - CoUninitialize() done.
2026-06-26 16:47:00,239 - DEBUG - OpenGL_accelerate module loaded
2026-06-26 16:47:00,249 - DEBUG - Using accelerated ArrayDatatype
2026-06-26 16:47:00,474 - DEBUG - CoInitializeEx(None, 2)
2026-06-26 16:47:00,519 - INFO - Imported existing <module 'comtypes.gen' from 'C:\\Users\\EXPRESS\\AppData\\Roaming\\Python\\Python313\\site-packages\\comtypes\\gen\\__init__.py'>
2026-06-26 16:47:00,520 - INFO - Using writeable comtypes cache directory: 'C:\Users\EXPRESS\AppData\Roaming\Python\Python313\site-packages\comtypes\gen'
2026-06-26 16:47:00,526 - DEBUG - GetModule(qedit.dll), resolved: False
2026-06-26 16:47:00,527 - DEBUG - GetModule(TLIBATTR(GUID={78530B68-61F9-11D2-8CAD-00A024580902}, Version=1.0, LCID=0, FLags=0x8))
2026-06-26 16:47:00,553 - DEBUG - Release <POINTER(ITypeLib) ptr=0x238d2ef0760 at 238d586d6d0>
2026-06-26 16:47:00,554 - DEBUG - GetModule(quartz.dll), resolved: False
2026-06-26 16:47:00,554 - DEBUG - GetModule(TLIBATTR(GUID={56A868B0-0AD4-11CE-B03A-0020AF0BA770}, Version=1.0, LCID=0, FLags=0x8))
2026-06-26 16:47:00,561 - DEBUG - Release <POINTER(ITypeLib) ptr=0x238d2ef01e0 at 238d586d5d0>
2026-06-26 16:47:00,817 - INFO - UI load successful
2026-06-26 16:47:09,521 - INFO - Profile : Supervisor
2026-06-26 16:47:28,975 - CRITICAL - Laser 1 : OFF
2026-06-26 16:47:28,975 - CRITICAL - Laser 2 : OFF
2026-06-26 16:47:28,975 - INFO - Lasers Shutdown
2026-06-26 16:47:28,975 - INFO - COM connection close successfully
2026-06-26 16:47:28,975 - INFO - Main window close successfully
2026-06-26 16:47:28,976 - INFO - ==================================================
2026-06-26 16:47:28,976 - INFO - New session close at 2026-06-26 16:47
2026-06-26 16:47:28,976 - INFO - ==================================================
2026-06-26 16:47:28,987 - DEBUG - Calling CoUninitialize()
2026-06-26 16:47:28,987 - DEBUG - CoUninitialize() done.
2026-06-26 16:52:17,693 - DEBUG - OpenGL_accelerate module loaded
2026-06-26 16:52:17,703 - DEBUG - Using accelerated ArrayDatatype
2026-06-26 16:52:17,922 - DEBUG - CoInitializeEx(None, 2)
2026-06-26 16:52:17,963 - INFO - Imported existing <module 'comtypes.gen' from 'C:\\Users\\EXPRESS\\AppData\\Roaming\\Python\\Python313\\site-packages\\comtypes\\gen\\__init__.py'>
2026-06-26 16:52:17,963 - INFO - Using writeable comtypes cache directory: 'C:\Users\EXPRESS\AppData\Roaming\Python\Python313\site-packages\comtypes\gen'
2026-06-26 16:52:17,968 - DEBUG - GetModule(qedit.dll), resolved: False
2026-06-26 16:52:17,970 - DEBUG - GetModule(TLIBATTR(GUID={78530B68-61F9-11D2-8CAD-00A024580902}, Version=1.0, LCID=0, FLags=0x8))
2026-06-26 16:52:17,994 - DEBUG - Release <POINTER(ITypeLib) ptr=0x215cb6fdf90 at 215ce4817d0>
2026-06-26 16:52:17,995 - DEBUG - GetModule(quartz.dll), resolved: False
2026-06-26 16:52:17,995 - DEBUG - GetModule(TLIBATTR(GUID={56A868B0-0AD4-11CE-B03A-0020AF0BA770}, Version=1.0, LCID=0, FLags=0x8))
2026-06-26 16:52:18,003 - DEBUG - Release <POINTER(ITypeLib) ptr=0x215cb6fdf90 at 215ce4816d0>
2026-06-26 16:52:18,277 - INFO - UI load successful
2026-06-26 16:52:32,193 - INFO - Profile : Supervisor
2026-06-26 16:53:18,774 - CRITICAL - Laser 1 : OFF
2026-06-26 16:53:18,774 - CRITICAL - Laser 2 : OFF
2026-06-26 16:53:18,774 - INFO - Lasers Shutdown
2026-06-26 16:53:18,774 - INFO - COM connection close successfully
2026-06-26 16:53:18,774 - INFO - Main window close successfully
2026-06-26 16:53:18,774 - INFO - ==================================================
2026-06-26 16:53:18,774 - INFO - New session close at 2026-06-26 16:53
2026-06-26 16:53:18,774 - INFO - ==================================================
2026-06-26 16:53:18,783 - DEBUG - Calling CoUninitialize()
2026-06-26 16:53:18,784 - DEBUG - CoUninitialize() done.
2026-06-26 16:56:31,752 - DEBUG - OpenGL_accelerate module loaded
2026-06-26 16:56:31,762 - DEBUG - Using accelerated ArrayDatatype
2026-06-26 16:56:31,991 - DEBUG - CoInitializeEx(None, 2)
2026-06-26 16:56:32,030 - INFO - Imported existing <module 'comtypes.gen' from 'C:\\Users\\EXPRESS\\AppData\\Roaming\\Python\\Python313\\site-packages\\comtypes\\gen\\__init__.py'>
2026-06-26 16:56:32,030 - INFO - Using writeable comtypes cache directory: 'C:\Users\EXPRESS\AppData\Roaming\Python\Python313\site-packages\comtypes\gen'
2026-06-26 16:56:32,035 - DEBUG - GetModule(qedit.dll), resolved: False
2026-06-26 16:56:32,036 - DEBUG - GetModule(TLIBATTR(GUID={78530B68-61F9-11D2-8CAD-00A024580902}, Version=1.0, LCID=0, FLags=0x8))
2026-06-26 16:56:32,060 - DEBUG - Release <POINTER(ITypeLib) ptr=0x186555155e0 at 186582a96d0>
2026-06-26 16:56:32,061 - DEBUG - GetModule(quartz.dll), resolved: False
2026-06-26 16:56:32,062 - DEBUG - GetModule(TLIBATTR(GUID={56A868B0-0AD4-11CE-B03A-0020AF0BA770}, Version=1.0, LCID=0, FLags=0x8))
2026-06-26 16:56:32,069 - DEBUG - Release <POINTER(ITypeLib) ptr=0x18655518ce0 at 186582a95d0>
2026-06-26 16:56:32,320 - INFO - UI load successful
2026-06-26 16:56:42,710 - INFO - Profile : Supervisor
2026-06-26 16:58:58,513 - CRITICAL - Laser 1 : OFF
2026-06-26 16:58:58,514 - CRITICAL - Laser 2 : OFF
2026-06-26 16:58:58,514 - INFO - Lasers Shutdown
2026-06-26 16:58:58,514 - INFO - COM connection close successfully
2026-06-26 16:58:58,514 - INFO - Main window close successfully
2026-06-26 16:58:58,514 - INFO - ==================================================
2026-06-26 16:58:58,514 - INFO - New session close at 2026-06-26 16:58
2026-06-26 16:58:58,514 - INFO - ==================================================
2026-06-26 16:58:58,520 - DEBUG - Calling CoUninitialize()
2026-06-26 16:58:58,520 - DEBUG - CoUninitialize() done.
2026-06-26 17:13:49,536 - DEBUG - OpenGL_accelerate module loaded
2026-06-26 17:13:49,547 - DEBUG - Using accelerated ArrayDatatype
2026-06-26 17:13:49,812 - DEBUG - CoInitializeEx(None, 2)
2026-06-26 17:13:49,852 - INFO - Imported existing <module 'comtypes.gen' from 'C:\\Users\\EXPRESS\\AppData\\Roaming\\Python\\Python313\\site-packages\\comtypes\\gen\\__init__.py'>
2026-06-26 17:13:49,852 - INFO - Using writeable comtypes cache directory: 'C:\Users\EXPRESS\AppData\Roaming\Python\Python313\site-packages\comtypes\gen'
2026-06-26 17:13:49,858 - DEBUG - GetModule(qedit.dll), resolved: False
2026-06-26 17:13:49,859 - DEBUG - GetModule(TLIBATTR(GUID={78530B68-61F9-11D2-8CAD-00A024580902}, Version=1.0, LCID=0, FLags=0x8))
2026-06-26 17:13:49,883 - DEBUG - Release <POINTER(ITypeLib) ptr=0x1de16d13f00 at 1de193396d0>
2026-06-26 17:13:49,883 - DEBUG - GetModule(quartz.dll), resolved: False
2026-06-26 17:13:49,884 - DEBUG - GetModule(TLIBATTR(GUID={56A868B0-0AD4-11CE-B03A-0020AF0BA770}, Version=1.0, LCID=0, FLags=0x8))
2026-06-26 17:13:49,891 - DEBUG - Release <POINTER(ITypeLib) ptr=0x1de16d141c0 at 1de193395d0>
2026-06-26 17:13:50,141 - INFO - UI load successful
2026-06-26 17:14:09,987 - INFO - Profile : Supervisor
2026-06-26 17:14:44,205 - CRITICAL - Laser 1 : OFF
2026-06-26 17:14:44,206 - CRITICAL - Laser 2 : OFF
2026-06-26 17:14:44,206 - INFO - Lasers Shutdown
2026-06-26 17:14:44,206 - INFO - COM connection close successfully
2026-06-26 17:14:44,206 - INFO - Main window close successfully
2026-06-26 17:14:44,206 - INFO - ==================================================
2026-06-26 17:14:44,206 - INFO - New session close at 2026-06-26 17:14
2026-06-26 17:14:44,206 - INFO - ==================================================
2026-06-26 17:14:44,216 - DEBUG - Calling CoUninitialize()
2026-06-26 17:14:44,217 - DEBUG - CoUninitialize() done.
2026-06-26 17:23:08,788 - DEBUG - OpenGL_accelerate module loaded
2026-06-26 17:23:08,876 - DEBUG - Using accelerated ArrayDatatype
2026-06-26 17:23:09,599 - DEBUG - CoInitializeEx(None, 2)
2026-06-26 17:23:09,705 - INFO - Imported existing <module 'comtypes.gen' from 'C:\\Users\\EXPRESS\\AppData\\Roaming\\Python\\Python313\\site-packages\\comtypes\\gen\\__init__.py'>
2026-06-26 17:23:09,705 - INFO - Using writeable comtypes cache directory: 'C:\Users\EXPRESS\AppData\Roaming\Python\Python313\site-packages\comtypes\gen'
2026-06-26 17:23:09,714 - DEBUG - GetModule(qedit.dll), resolved: False
2026-06-26 17:23:09,735 - DEBUG - GetModule(TLIBATTR(GUID={78530B68-61F9-11D2-8CAD-00A024580902}, Version=1.0, LCID=0, FLags=0x8))
2026-06-26 17:23:09,777 - DEBUG - Release <POINTER(ITypeLib) ptr=0x1bd651a2c10 at 1bd68bd3850>
2026-06-26 17:23:09,778 - DEBUG - GetModule(quartz.dll), resolved: False
2026-06-26 17:23:09,787 - DEBUG - GetModule(TLIBATTR(GUID={56A868B0-0AD4-11CE-B03A-0020AF0BA770}, Version=1.0, LCID=0, FLags=0x8))
2026-06-26 17:23:09,806 - DEBUG - Release <POINTER(ITypeLib) ptr=0x1bd651a2ed0 at 1bd68bd3750>
2026-06-26 17:23:11,223 - INFO - UI load successful
2026-06-26 17:23:23,467 - INFO - Profile : Supervisor
2026-06-26 17:23:48,317 - CRITICAL - Laser 1 : OFF
2026-06-26 17:23:48,317 - CRITICAL - Laser 2 : OFF
2026-06-26 17:23:48,317 - INFO - Lasers Shutdown
2026-06-26 17:23:48,317 - INFO - COM connection close successfully
2026-06-26 17:23:48,317 - INFO - Main window close successfully
2026-06-26 17:23:48,317 - INFO - ==================================================
2026-06-26 17:23:48,317 - INFO - New session close at 2026-06-26 17:23
2026-06-26 17:23:48,317 - INFO - ==================================================
2026-06-26 17:23:48,332 - DEBUG - Calling CoUninitialize()
2026-06-26 17:23:48,333 - DEBUG - CoUninitialize() done.
2026-06-27 10:43:10,664 - DEBUG - OpenGL_accelerate module loaded
2026-06-27 10:43:10,824 - DEBUG - Using accelerated ArrayDatatype
2026-06-27 10:43:12,894 - DEBUG - CoInitializeEx(None, 2)
2026-06-27 10:43:13,237 - INFO - Imported existing <module 'comtypes.gen' from 'C:\\Users\\EXPRESS\\AppData\\Roaming\\Python\\Python313\\site-packages\\comtypes\\gen\\__init__.py'>
2026-06-27 10:43:13,237 - INFO - Using writeable comtypes cache directory: 'C:\Users\EXPRESS\AppData\Roaming\Python\Python313\site-packages\comtypes\gen'
2026-06-27 10:43:13,279 - DEBUG - GetModule(qedit.dll), resolved: False
2026-06-27 10:43:13,282 - DEBUG - GetModule(TLIBATTR(GUID={78530B68-61F9-11D2-8CAD-00A024580902}, Version=1.0, LCID=0, FLags=0x8))
2026-06-27 10:43:13,339 - DEBUG - Release <POINTER(ITypeLib) ptr=0x146b4c862d0 at 146b7a196d0>
2026-06-27 10:43:13,339 - DEBUG - GetModule(quartz.dll), resolved: False
2026-06-27 10:43:13,341 - DEBUG - GetModule(TLIBATTR(GUID={56A868B0-0AD4-11CE-B03A-0020AF0BA770}, Version=1.0, LCID=0, FLags=0x8))
2026-06-27 10:43:13,366 - DEBUG - Release <POINTER(ITypeLib) ptr=0x146b4c862d0 at 146b7a195d0>
2026-06-27 10:43:14,325 - INFO - UI load successful
2026-06-27 10:45:07,405 - INFO - Profile : Supervisor
2026-06-27 10:47:11,998 - CRITICAL - Laser 1 : OFF
2026-06-27 10:47:11,998 - CRITICAL - Laser 2 : OFF
2026-06-27 10:47:11,998 - INFO - Lasers Shutdown
2026-06-27 10:47:11,998 - INFO - COM connection close successfully
2026-06-27 10:47:11,998 - INFO - Main window close successfully
2026-06-27 10:47:11,999 - INFO - ==================================================
2026-06-27 10:47:11,999 - INFO - New session close at 2026-06-27 10:47
2026-06-27 10:47:11,999 - INFO - ==================================================
2026-06-27 10:47:12,008 - DEBUG - Calling CoUninitialize()
2026-06-27 10:47:12,008 - DEBUG - CoUninitialize() done.
2026-06-27 10:47:45,818 - DEBUG - OpenGL_accelerate module loaded
2026-06-27 10:47:45,829 - DEBUG - Using accelerated ArrayDatatype
2026-06-27 10:47:46,101 - DEBUG - CoInitializeEx(None, 2)
2026-06-27 10:47:46,143 - INFO - Imported existing <module 'comtypes.gen' from 'C:\\Users\\EXPRESS\\AppData\\Roaming\\Python\\Python313\\site-packages\\comtypes\\gen\\__init__.py'>
2026-06-27 10:47:46,143 - INFO - Using writeable comtypes cache directory: 'C:\Users\EXPRESS\AppData\Roaming\Python\Python313\site-packages\comtypes\gen'
2026-06-27 10:47:46,149 - DEBUG - GetModule(qedit.dll), resolved: False
2026-06-27 10:47:46,150 - DEBUG - GetModule(TLIBATTR(GUID={78530B68-61F9-11D2-8CAD-00A024580902}, Version=1.0, LCID=0, FLags=0x8))
2026-06-27 10:47:46,174 - DEBUG - Release <POINTER(ITypeLib) ptr=0x1fcfc338f10 at 1fcff4296d0>
2026-06-27 10:47:46,175 - DEBUG - GetModule(quartz.dll), resolved: False
2026-06-27 10:47:46,175 - DEBUG - GetModule(TLIBATTR(GUID={56A868B0-0AD4-11CE-B03A-0020AF0BA770}, Version=1.0, LCID=0, FLags=0x8))
2026-06-27 10:47:46,182 - DEBUG - Release <POINTER(ITypeLib) ptr=0x1fcfc338f10 at 1fcff4295d0>
2026-06-27 10:47:46,436 - INFO - UI load successful
2026-06-27 10:47:54,941 - INFO - File selected : D:/TeamDev/DLL_Galvo/Galvo_Scribing/ide2.svg
2026-06-27 10:47:57,001 - INFO - Parameters saved for D:/TeamDev/DLL_Galvo/Galvo_Scribing/ide2.svg
2026-06-27 10:54:53,721 - DEBUG - OpenGL_accelerate module loaded
2026-06-27 10:54:53,748 - DEBUG - Using accelerated ArrayDatatype
2026-06-27 10:54:54,246 - DEBUG - CoInitializeEx(None, 2)
2026-06-27 10:54:54,351 - INFO - Imported existing <module 'comtypes.gen' from 'C:\\Users\\EXPRESS\\AppData\\Roaming\\Python\\Python313\\site-packages\\comtypes\\gen\\__init__.py'>
2026-06-27 10:54:54,352 - INFO - Using writeable comtypes cache directory: 'C:\Users\EXPRESS\AppData\Roaming\Python\Python313\site-packages\comtypes\gen'
2026-06-27 10:54:54,362 - DEBUG - GetModule(qedit.dll), resolved: False
2026-06-27 10:54:54,376 - DEBUG - GetModule(TLIBATTR(GUID={78530B68-61F9-11D2-8CAD-00A024580902}, Version=1.0, LCID=0, FLags=0x8))
2026-06-27 10:54:54,417 - DEBUG - Release <POINTER(ITypeLib) ptr=0x249e88f3d30 at 249fe7396d0>
2026-06-27 10:54:54,418 - DEBUG - GetModule(quartz.dll), resolved: False
2026-06-27 10:54:54,427 - DEBUG - GetModule(TLIBATTR(GUID={56A868B0-0AD4-11CE-B03A-0020AF0BA770}, Version=1.0, LCID=0, FLags=0x8))
2026-06-27 10:54:54,447 - DEBUG - Release <POINTER(ITypeLib) ptr=0x249e88f1970 at 249fe7395d0>
2026-06-27 10:54:54,814 - INFO - UI load successful
2026-06-27 10:55:12,204 - INFO - File selected : D:/TeamDev/DLL_Galvo/Galvo_Scribing/ide2.svg
2026-06-27 10:55:14,352 - INFO - Parameters saved for D:/TeamDev/DLL_Galvo/Galvo_Scribing/ide2.svg
2026-06-27 10:56:37,378 - INFO - Profile : Supervisor
2026-06-27 11:00:50,404 - INFO - Parameters saved for D:/TeamDev/DLL_Galvo/Galvo_Scribing/ide2.svg
2026-06-27 11:01:18,582 - INFO - Parameters saved for D:/TeamDev/DLL_Galvo/Galvo_Scribing/ide2.svg
2026-06-27 11:07:27,331 - DEBUG - OpenGL_accelerate module loaded
2026-06-27 11:07:27,342 - DEBUG - Using accelerated ArrayDatatype
2026-06-27 11:07:27,574 - DEBUG - CoInitializeEx(None, 2)
2026-06-27 11:07:27,617 - INFO - Imported existing <module 'comtypes.gen' from 'C:\\Users\\EXPRESS\\AppData\\Roaming\\Python\\Python313\\site-packages\\comtypes\\gen\\__init__.py'>
2026-06-27 11:07:27,617 - INFO - Using writeable comtypes cache directory: 'C:\Users\EXPRESS\AppData\Roaming\Python\Python313\site-packages\comtypes\gen'
2026-06-27 11:07:27,624 - DEBUG - GetModule(qedit.dll), resolved: False
2026-06-27 11:07:27,625 - DEBUG - GetModule(TLIBATTR(GUID={78530B68-61F9-11D2-8CAD-00A024580902}, Version=1.0, LCID=0, FLags=0x8))
2026-06-27 11:07:27,653 - DEBUG - Release <POINTER(ITypeLib) ptr=0x18c745884c0 at 18c773496d0>
2026-06-27 11:07:27,654 - DEBUG - GetModule(quartz.dll), resolved: False
2026-06-27 11:07:27,654 - DEBUG - GetModule(TLIBATTR(GUID={56A868B0-0AD4-11CE-B03A-0020AF0BA770}, Version=1.0, LCID=0, FLags=0x8))
2026-06-27 11:07:27,662 - DEBUG - Release <POINTER(ITypeLib) ptr=0x18c745884c0 at 18c773495d0>
2026-06-27 11:07:30,296 - INFO - UI load successful
2026-06-27 11:07:41,156 - INFO - File selected : D:/TeamDev/DLL_Galvo/Galvo_Scribing/ide2.svg
2026-06-27 11:07:45,002 - INFO - Parameters saved for D:/TeamDev/DLL_Galvo/Galvo_Scribing/ide2.svg
2026-06-27 11:08:14,801 - CRITICAL - Laser 1 : OFF
2026-06-27 11:08:14,801 - CRITICAL - Laser 2 : OFF
2026-06-27 11:08:14,801 - INFO - Lasers Shutdown
2026-06-27 11:08:14,801 - INFO - COM connection close successfully
2026-06-27 11:08:14,802 - INFO - Main window close successfully
2026-06-27 11:08:14,802 - INFO - ==================================================
2026-06-27 11:08:14,802 - INFO - New session close at 2026-06-27 11:08
2026-06-27 11:08:14,802 - INFO - ==================================================
2026-06-27 11:08:14,817 - DEBUG - Calling CoUninitialize()
2026-06-27 11:08:14,817 - DEBUG - CoUninitialize() done.
2026-06-27 11:10:56,139 - DEBUG - OpenGL_accelerate module loaded
2026-06-27 11:10:56,149 - DEBUG - Using accelerated ArrayDatatype
2026-06-27 11:10:56,363 - DEBUG - CoInitializeEx(None, 2)
2026-06-27 11:10:56,403 - INFO - Imported existing <module 'comtypes.gen' from 'C:\\Users\\EXPRESS\\AppData\\Roaming\\Python\\Python313\\site-packages\\comtypes\\gen\\__init__.py'>
2026-06-27 11:10:56,403 - INFO - Using writeable comtypes cache directory: 'C:\Users\EXPRESS\AppData\Roaming\Python\Python313\site-packages\comtypes\gen'
2026-06-27 11:10:56,409 - DEBUG - GetModule(qedit.dll), resolved: False
2026-06-27 11:10:56,411 - DEBUG - GetModule(TLIBATTR(GUID={78530B68-61F9-11D2-8CAD-00A024580902}, Version=1.0, LCID=0, FLags=0x8))
2026-06-27 11:10:56,436 - DEBUG - Release <POINTER(ITypeLib) ptr=0x17d78417a30 at 17d7b4b96d0>
2026-06-27 11:10:56,436 - DEBUG - GetModule(quartz.dll), resolved: False
2026-06-27 11:10:56,437 - DEBUG - GetModule(TLIBATTR(GUID={56A868B0-0AD4-11CE-B03A-0020AF0BA770}, Version=1.0, LCID=0, FLags=0x8))
2026-06-27 11:10:56,444 - DEBUG - Release <POINTER(ITypeLib) ptr=0x17d78419b30 at 17d7b4b95d0>
2026-06-27 11:10:59,404 - INFO - UI load successful
2026-06-27 11:11:08,636 - INFO - Profile : Supervisor
2026-06-27 11:16:51,479 - INFO - File selected : D:/TeamDev/DLL_Galvo/Galvo_Scribing/ide2.svg
2026-06-27 11:16:53,915 - INFO - Parameters saved for D:/TeamDev/DLL_Galvo/Galvo_Scribing/ide2.svg
2026-06-27 11:22:11,718 - DEBUG - OpenGL_accelerate module loaded
2026-06-27 11:22:11,746 - DEBUG - Using accelerated ArrayDatatype
2026-06-27 11:22:12,233 - DEBUG - CoInitializeEx(None, 2)
2026-06-27 11:22:12,338 - INFO - Imported existing <module 'comtypes.gen' from 'C:\\Users\\EXPRESS\\AppData\\Roaming\\Python\\Python313\\site-packages\\comtypes\\gen\\__init__.py'>
2026-06-27 11:22:12,338 - INFO - Using writeable comtypes cache directory: 'C:\Users\EXPRESS\AppData\Roaming\Python\Python313\site-packages\comtypes\gen'
2026-06-27 11:22:12,348 - DEBUG - GetModule(qedit.dll), resolved: False
2026-06-27 11:22:12,362 - DEBUG - GetModule(TLIBATTR(GUID={78530B68-61F9-11D2-8CAD-00A024580902}, Version=1.0, LCID=0, FLags=0x8))
2026-06-27 11:22:12,398 - DEBUG - Release <POINTER(ITypeLib) ptr=0x229f252aff0 at 229883c9850>
2026-06-27 11:22:12,398 - DEBUG - GetModule(quartz.dll), resolved: False
2026-06-27 11:22:12,406 - DEBUG - GetModule(TLIBATTR(GUID={56A868B0-0AD4-11CE-B03A-0020AF0BA770}, Version=1.0, LCID=0, FLags=0x8))
2026-06-27 11:22:12,415 - DEBUG - Release <POINTER(ITypeLib) ptr=0x229f2528ef0 at 229883c9750>
2026-06-27 11:22:15,610 - INFO - UI load successful
2026-06-27 11:23:14,510 - INFO - Profile : Supervisor
2026-06-27 11:23:22,860 - INFO - File selected : D:/TeamDev/DLL_Galvo/Galvo_Scribing/ide2.svg
2026-06-27 11:23:25,589 - INFO - Parameters saved for D:/TeamDev/DLL_Galvo/Galvo_Scribing/ide2.svg
2026-06-27 11:58:39,713 - DEBUG - OpenGL_accelerate module loaded
2026-06-27 11:58:39,845 - DEBUG - Using accelerated ArrayDatatype
2026-06-27 11:58:41,228 - DEBUG - CoInitializeEx(None, 2)
2026-06-27 11:58:41,503 - INFO - Imported existing <module 'comtypes.gen' from 'C:\\Users\\EXPRESS\\AppData\\Roaming\\Python\\Python313\\site-packages\\comtypes\\gen\\__init__.py'>
2026-06-27 11:58:41,504 - INFO - Using writeable comtypes cache directory: 'C:\Users\EXPRESS\AppData\Roaming\Python\Python313\site-packages\comtypes\gen'
2026-06-27 11:58:41,535 - DEBUG - GetModule(qedit.dll), resolved: False
2026-06-27 11:58:41,537 - DEBUG - GetModule(TLIBATTR(GUID={78530B68-61F9-11D2-8CAD-00A024580902}, Version=1.0, LCID=0, FLags=0x8))
2026-06-27 11:58:41,578 - DEBUG - Release <POINTER(ITypeLib) ptr=0x29a526c00f0 at 29a54d59950>
2026-06-27 11:58:41,579 - DEBUG - GetModule(quartz.dll), resolved: False
2026-06-27 11:58:41,579 - DEBUG - GetModule(TLIBATTR(GUID={56A868B0-0AD4-11CE-B03A-0020AF0BA770}, Version=1.0, LCID=0, FLags=0x8))
2026-06-27 11:58:41,602 - DEBUG - Release <POINTER(ITypeLib) ptr=0x29a527d1a20 at 29a54d59850>
2026-06-27 11:58:42,688 - INFO - UI load successful
2026-06-27 11:59:07,578 - INFO - Profile : Supervisor
2026-06-27 12:25:20,395 - DEBUG - OpenGL_accelerate module loaded
2026-06-27 12:25:20,422 - DEBUG - Using accelerated ArrayDatatype
2026-06-27 12:25:20,915 - DEBUG - CoInitializeEx(None, 2)
2026-06-27 12:25:21,020 - INFO - Imported existing <module 'comtypes.gen' from 'C:\\Users\\EXPRESS\\AppData\\Roaming\\Python\\Python313\\site-packages\\comtypes\\gen\\__init__.py'>
2026-06-27 12:25:21,020 - INFO - Using writeable comtypes cache directory: 'C:\Users\EXPRESS\AppData\Roaming\Python\Python313\site-packages\comtypes\gen'
2026-06-27 12:25:21,030 - DEBUG - GetModule(qedit.dll), resolved: False
2026-06-27 12:25:21,041 - DEBUG - GetModule(TLIBATTR(GUID={78530B68-61F9-11D2-8CAD-00A024580902}, Version=1.0, LCID=0, FLags=0x8))
2026-06-27 12:25:21,084 - DEBUG - Release <POINTER(ITypeLib) ptr=0x1d64686bed0 at 1d6494ed950>
2026-06-27 12:25:21,085 - DEBUG - GetModule(quartz.dll), resolved: False
2026-06-27 12:25:21,094 - DEBUG - GetModule(TLIBATTR(GUID={56A868B0-0AD4-11CE-B03A-0020AF0BA770}, Version=1.0, LCID=0, FLags=0x8))
2026-06-27 12:25:21,105 - DEBUG - Release <POINTER(ITypeLib) ptr=0x1d64686bed0 at 1d6494ed850>
2026-06-27 12:25:23,870 - INFO - UI load successful
2026-06-27 12:25:52,184 - INFO - File selected : D:/TeamDev/DLL_Galvo/Galvo_Scribing/ide2.svg
2026-06-27 12:25:54,927 - INFO - Parameters saved for D:/TeamDev/DLL_Galvo/Galvo_Scribing/ide2.svg
2026-06-27 12:31:30,290 - CRITICAL - Laser 1 : OFF
2026-06-27 12:31:30,290 - CRITICAL - Laser 2 : OFF
2026-06-27 12:31:30,290 - INFO - Lasers Shutdown
2026-06-27 12:31:30,290 - INFO - COM connection close successfully
2026-06-27 12:31:30,290 - INFO - Main window close successfully
2026-06-27 12:31:30,290 - INFO - ==================================================
2026-06-27 12:31:30,290 - INFO - New session close at 2026-06-27 12:31
2026-06-27 12:31:30,290 - INFO - ==================================================
2026-06-27 12:31:30,306 - DEBUG - Calling CoUninitialize()
2026-06-27 12:31:30,307 - DEBUG - CoUninitialize() done.
2026-06-27 12:50:41,113 - DEBUG - OpenGL_accelerate module loaded
2026-06-27 12:50:41,123 - DEBUG - Using accelerated ArrayDatatype
2026-06-27 12:50:41,342 - DEBUG - CoInitializeEx(None, 2)
2026-06-27 12:50:41,381 - INFO - Imported existing <module 'comtypes.gen' from 'C:\\Users\\EXPRESS\\AppData\\Roaming\\Python\\Python313\\site-packages\\comtypes\\gen\\__init__.py'>
2026-06-27 12:50:41,381 - INFO - Using writeable comtypes cache directory: 'C:\Users\EXPRESS\AppData\Roaming\Python\Python313\site-packages\comtypes\gen'
2026-06-27 12:50:41,387 - DEBUG - GetModule(qedit.dll), resolved: False
2026-06-27 12:50:41,388 - DEBUG - GetModule(TLIBATTR(GUID={78530B68-61F9-11D2-8CAD-00A024580902}, Version=1.0, LCID=0, FLags=0x8))
2026-06-27 12:50:41,413 - DEBUG - Release <POINTER(ITypeLib) ptr=0x1d7cbca1ea0 at 1d7ce9a1b50>
2026-06-27 12:50:41,413 - DEBUG - GetModule(quartz.dll), resolved: False
2026-06-27 12:50:41,414 - DEBUG - GetModule(TLIBATTR(GUID={56A868B0-0AD4-11CE-B03A-0020AF0BA770}, Version=1.0, LCID=0, FLags=0x8))
2026-06-27 12:50:41,420 - DEBUG - Release <POINTER(ITypeLib) ptr=0x1d7cbca1ea0 at 1d7ce9a1a50>
2026-06-27 12:50:44,398 - INFO - UI load successful
2026-06-27 12:52:57,878 - CRITICAL - Laser 1 : OFF
2026-06-27 12:52:57,879 - CRITICAL - Laser 2 : OFF
2026-06-27 12:52:57,879 - INFO - Lasers Shutdown
2026-06-27 12:52:57,879 - INFO - COM connection close successfully
2026-06-27 12:52:57,879 - INFO - Main window close successfully
2026-06-27 12:52:57,879 - INFO - ==================================================
2026-06-27 12:52:57,879 - INFO - New session close at 2026-06-27 12:52
2026-06-27 12:52:57,879 - INFO - ==================================================
2026-06-27 12:52:57,887 - DEBUG - Calling CoUninitialize()
2026-06-27 12:52:57,887 - DEBUG - CoUninitialize() done.
2026-06-27 12:55:04,714 - DEBUG - OpenGL_accelerate module loaded
2026-06-27 12:55:04,724 - DEBUG - Using accelerated ArrayDatatype
2026-06-27 12:55:04,950 - DEBUG - CoInitializeEx(None, 2)
2026-06-27 12:55:04,992 - INFO - Imported existing <module 'comtypes.gen' from 'C:\\Users\\EXPRESS\\AppData\\Roaming\\Python\\Python313\\site-packages\\comtypes\\gen\\__init__.py'>
2026-06-27 12:55:04,992 - INFO - Using writeable comtypes cache directory: 'C:\Users\EXPRESS\AppData\Roaming\Python\Python313\site-packages\comtypes\gen'
2026-06-27 12:55:04,998 - DEBUG - GetModule(qedit.dll), resolved: False
2026-06-27 12:55:04,999 - DEBUG - GetModule(TLIBATTR(GUID={78530B68-61F9-11D2-8CAD-00A024580902}, Version=1.0, LCID=0, FLags=0x8))
2026-06-27 12:55:05,024 - DEBUG - Release <POINTER(ITypeLib) ptr=0x19ee6fb97b0 at 19efda31ad0>
2026-06-27 12:55:05,024 - DEBUG - GetModule(quartz.dll), resolved: False
2026-06-27 12:55:05,025 - DEBUG - GetModule(TLIBATTR(GUID={56A868B0-0AD4-11CE-B03A-0020AF0BA770}, Version=1.0, LCID=0, FLags=0x8))
2026-06-27 12:55:05,032 - DEBUG - Release <POINTER(ITypeLib) ptr=0x19ee6fba2b0 at 19efda319d0>
2026-06-27 12:55:07,962 - INFO - UI load successful
2026-06-27 12:55:53,301 - INFO - File selected : D:/TeamDev/DLL_Galvo/GalvoUI_2/dxf_files/2x2.dxf
2026-06-27 12:56:20,948 - INFO - Parameters saved for D:/TeamDev/DLL_Galvo/GalvoUI_2/dxf_files/2x2.dxf
2026-06-27 12:56:35,412 - INFO - Parameters saved for D:/TeamDev/DLL_Galvo/GalvoUI_2/dxf_files/2x2.dxf
2026-06-27 12:57:56,109 - INFO - Parameters saved for D:/TeamDev/DLL_Galvo/GalvoUI_2/dxf_files/2x2.dxf
2026-06-27 12:58:03,467 - INFO - Parameters saved for D:/TeamDev/DLL_Galvo/GalvoUI_2/dxf_files/2x2.dxf
2026-06-27 12:58:20,284 - INFO - Parameters saved for D:/TeamDev/DLL_Galvo/GalvoUI_2/dxf_files/2x2.dxf
2026-06-27 13:01:46,835 - DEBUG - OpenGL_accelerate module loaded
2026-06-27 13:01:46,846 - DEBUG - Using accelerated ArrayDatatype
2026-06-27 13:01:47,145 - DEBUG - CoInitializeEx(None, 2)
2026-06-27 13:01:47,187 - INFO - Imported existing <module 'comtypes.gen' from 'C:\\Users\\EXPRESS\\AppData\\Roaming\\Python\\Python313\\site-packages\\comtypes\\gen\\__init__.py'>
2026-06-27 13:01:47,187 - INFO - Using writeable comtypes cache directory: 'C:\Users\EXPRESS\AppData\Roaming\Python\Python313\site-packages\comtypes\gen'
2026-06-27 13:01:47,193 - DEBUG - GetModule(qedit.dll), resolved: False
2026-06-27 13:01:47,194 - DEBUG - GetModule(TLIBATTR(GUID={78530B68-61F9-11D2-8CAD-00A024580902}, Version=1.0, LCID=0, FLags=0x8))
2026-06-27 13:01:47,218 - DEBUG - Release <POINTER(ITypeLib) ptr=0x1d85a8120e0 at 1d85d3f1b50>
2026-06-27 13:01:47,219 - DEBUG - GetModule(quartz.dll), resolved: False
2026-06-27 13:01:47,220 - DEBUG - GetModule(TLIBATTR(GUID={56A868B0-0AD4-11CE-B03A-0020AF0BA770}, Version=1.0, LCID=0, FLags=0x8))
2026-06-27 13:01:47,227 - DEBUG - Release <POINTER(ITypeLib) ptr=0x1d85a811e20 at 1d85d3f1a50>
2026-06-27 13:01:50,280 - INFO - UI load successful
2026-06-27 13:02:06,200 - INFO - File selected : D:/TeamDev/DLL_Galvo/GalvoUI_2/dxf_files/2x2.dxf
2026-06-27 13:02:13,633 - INFO - Parameters saved for D:/TeamDev/DLL_Galvo/GalvoUI_2/dxf_files/2x2.dxf
2026-06-27 13:06:25,283 - INFO - Profile : Supervisor
2026-06-27 13:06:54,271 - INFO - File selected : D:/TeamDev/DLL_Galvo/Galvo_Scribing/ide2.svg
2026-06-27 13:06:59,735 - INFO - Parameters saved for D:/TeamDev/DLL_Galvo/Galvo_Scribing/ide2.svg
2026-06-27 13:07:35,988 - INFO - Parameters saved for D:/TeamDev/DLL_Galvo/Galvo_Scribing/ide2.svg
2026-06-27 13:11:40,648 - CRITICAL - Laser 1 : OFF
2026-06-27 13:11:40,648 - CRITICAL - Laser 2 : OFF
2026-06-27 13:11:40,648 - INFO - Lasers Shutdown
2026-06-27 13:11:40,648 - INFO - COM connection close successfully
2026-06-27 13:11:40,648 - INFO - Main window close successfully
2026-06-27 13:11:40,648 - INFO - ==================================================
2026-06-27 13:11:40,648 - INFO - New session close at 2026-06-27 13:11
2026-06-27 13:11:40,649 - INFO - ==================================================
2026-06-27 13:11:40,661 - DEBUG - Calling CoUninitialize()
2026-06-27 13:11:40,661 - DEBUG - CoUninitialize() done.
2026-06-27 14:03:52,871 - DEBUG - OpenGL_accelerate module loaded
2026-06-27 14:03:52,931 - DEBUG - Using accelerated ArrayDatatype
2026-06-27 14:03:53,498 - DEBUG - CoInitializeEx(None, 2)
2026-06-27 14:03:53,608 - INFO - Imported existing <module 'comtypes.gen' from 'C:\\Users\\EXPRESS\\AppData\\Roaming\\Python\\Python313\\site-packages\\comtypes\\gen\\__init__.py'>
2026-06-27 14:03:53,608 - INFO - Using writeable comtypes cache directory: 'C:\Users\EXPRESS\AppData\Roaming\Python\Python313\site-packages\comtypes\gen'
2026-06-27 14:03:53,620 - DEBUG - GetModule(qedit.dll), resolved: False
2026-06-27 14:03:53,634 - DEBUG - GetModule(TLIBATTR(GUID={78530B68-61F9-11D2-8CAD-00A024580902}, Version=1.0, LCID=0, FLags=0x8))
2026-06-27 14:03:53,672 - DEBUG - Release <POINTER(ITypeLib) ptr=0x19c49e46840 at 19c5fd71ad0>
2026-06-27 14:03:53,673 - DEBUG - GetModule(quartz.dll), resolved: False
2026-06-27 14:03:53,681 - DEBUG - GetModule(TLIBATTR(GUID={56A868B0-0AD4-11CE-B03A-0020AF0BA770}, Version=1.0, LCID=0, FLags=0x8))
2026-06-27 14:03:53,690 - DEBUG - Release <POINTER(ITypeLib) ptr=0x19c49e46000 at 19c5fd719d0>
2026-06-27 14:03:58,368 - INFO - UI load successful
2026-06-27 14:04:25,305 - INFO - File selected : D:/TeamDev/DLL_Galvo/Galvo_Scribing/ide2.svg
2026-06-27 14:04:35,514 - INFO - Parameters saved for D:/TeamDev/DLL_Galvo/Galvo_Scribing/ide2.svg
2026-06-27 14:04:49,846 - INFO - Profile : Supervisor
2026-06-27 14:07:33,908 - INFO - File selected : D:/TeamDev/DLL_Galvo/GalvoUI_2/dxf_files/2x2.dxf
2026-06-27 14:07:40,348 - INFO - Parameters saved for D:/TeamDev/DLL_Galvo/GalvoUI_2/dxf_files/2x2.dxf
2026-06-27 14:16:48,439 - DEBUG - OpenGL_accelerate module loaded
2026-06-27 14:16:48,466 - DEBUG - Using accelerated ArrayDatatype
2026-06-27 14:16:49,079 - DEBUG - CoInitializeEx(None, 2)
2026-06-27 14:16:49,225 - INFO - Imported existing <module 'comtypes.gen' from 'C:\\Users\\EXPRESS\\AppData\\Roaming\\Python\\Python313\\site-packages\\comtypes\\gen\\__init__.py'>
2026-06-27 14:16:49,226 - INFO - Using writeable comtypes cache directory: 'C:\Users\EXPRESS\AppData\Roaming\Python\Python313\site-packages\comtypes\gen'
2026-06-27 14:16:49,237 - DEBUG - GetModule(qedit.dll), resolved: False
2026-06-27 14:16:49,254 - DEBUG - GetModule(TLIBATTR(GUID={78530B68-61F9-11D2-8CAD-00A024580902}, Version=1.0, LCID=0, FLags=0x8))
2026-06-27 14:16:49,314 - DEBUG - Release <POINTER(ITypeLib) ptr=0x1a271a5a150 at 1a274781ad0>
2026-06-27 14:16:49,314 - DEBUG - GetModule(quartz.dll), resolved: False
2026-06-27 14:16:49,325 - DEBUG - GetModule(TLIBATTR(GUID={56A868B0-0AD4-11CE-B03A-0020AF0BA770}, Version=1.0, LCID=0, FLags=0x8))
2026-06-27 14:16:49,341 - DEBUG - Release <POINTER(ITypeLib) ptr=0x1a271a5b1d0 at 1a2747819d0>
2026-06-27 14:16:52,560 - INFO - UI load successful
2026-06-27 14:16:57,916 - CRITICAL - Laser 1 : OFF
2026-06-27 14:16:57,916 - CRITICAL - Laser 2 : OFF
2026-06-27 14:16:57,916 - INFO - Lasers Shutdown
2026-06-27 14:16:57,916 - INFO - COM connection close successfully
2026-06-27 14:16:57,916 - INFO - Main window close successfully
2026-06-27 14:16:57,916 - INFO - ==================================================
2026-06-27 14:16:57,916 - INFO - New session close at 2026-06-27 14:16
2026-06-27 14:16:57,916 - INFO - ==================================================
2026-06-27 14:16:57,937 - DEBUG - Calling CoUninitialize()
2026-06-27 14:16:57,937 - DEBUG - CoUninitialize() done.
2026-06-27 14:22:17,313 - DEBUG - OpenGL_accelerate module loaded
2026-06-27 14:22:17,322 - DEBUG - Using accelerated ArrayDatatype
2026-06-27 14:22:17,538 - DEBUG - CoInitializeEx(None, 2)
2026-06-27 14:22:17,577 - INFO - Imported existing <module 'comtypes.gen' from 'C:\\Users\\EXPRESS\\AppData\\Roaming\\Python\\Python313\\site-packages\\comtypes\\gen\\__init__.py'>
2026-06-27 14:22:17,577 - INFO - Using writeable comtypes cache directory: 'C:\Users\EXPRESS\AppData\Roaming\Python\Python313\site-packages\comtypes\gen'
2026-06-27 14:22:17,583 - DEBUG - GetModule(qedit.dll), resolved: False
2026-06-27 14:22:17,584 - DEBUG - GetModule(TLIBATTR(GUID={78530B68-61F9-11D2-8CAD-00A024580902}, Version=1.0, LCID=0, FLags=0x8))
2026-06-27 14:22:17,608 - DEBUG - Release <POINTER(ITypeLib) ptr=0x20d68da13f0 at 20d6bb61cd0>
2026-06-27 14:22:17,609 - DEBUG - GetModule(quartz.dll), resolved: False
2026-06-27 14:22:17,609 - DEBUG - GetModule(TLIBATTR(GUID={56A868B0-0AD4-11CE-B03A-0020AF0BA770}, Version=1.0, LCID=0, FLags=0x8))
2026-06-27 14:22:17,616 - DEBUG - Release <POINTER(ITypeLib) ptr=0x20d68da13f0 at 20d6bb61bd0>
2026-06-27 14:22:20,621 - INFO - UI load successful
2026-06-27 14:22:38,415 - INFO - File selected : D:/TeamDev/DLL_Galvo/GalvoUI_2/dxf_files/2x2.dxf
2026-06-27 14:22:47,903 - INFO - Parameters saved for D:/TeamDev/DLL_Galvo/GalvoUI_2/dxf_files/2x2.dxf
2026-06-27 14:25:34,685 - INFO - Application closing. Turning off laser...
2026-06-27 14:25:34,703 - DEBUG - Calling CoUninitialize()
2026-06-27 14:25:34,703 - DEBUG - CoUninitialize() done.
2026-06-27 14:25:57,850 - DEBUG - OpenGL_accelerate module loaded
2026-06-27 14:25:57,859 - DEBUG - Using accelerated ArrayDatatype
2026-06-27 14:25:58,077 - DEBUG - CoInitializeEx(None, 2)
2026-06-27 14:25:58,117 - INFO - Imported existing <module 'comtypes.gen' from 'C:\\Users\\EXPRESS\\AppData\\Roaming\\Python\\Python313\\site-packages\\comtypes\\gen\\__init__.py'>
2026-06-27 14:25:58,118 - INFO - Using writeable comtypes cache directory: 'C:\Users\EXPRESS\AppData\Roaming\Python\Python313\site-packages\comtypes\gen'
2026-06-27 14:25:58,123 - DEBUG - GetModule(qedit.dll), resolved: False
2026-06-27 14:25:58,124 - DEBUG - GetModule(TLIBATTR(GUID={78530B68-61F9-11D2-8CAD-00A024580902}, Version=1.0, LCID=0, FLags=0x8))
2026-06-27 14:25:58,148 - DEBUG - Release <POINTER(ITypeLib) ptr=0x27bef4590f0 at 27bf2051c50>
2026-06-27 14:25:58,148 - DEBUG - GetModule(quartz.dll), resolved: False
2026-06-27 14:25:58,149 - DEBUG - GetModule(TLIBATTR(GUID={56A868B0-0AD4-11CE-B03A-0020AF0BA770}, Version=1.0, LCID=0, FLags=0x8))
2026-06-27 14:25:58,156 - DEBUG - Release <POINTER(ITypeLib) ptr=0x27bef4572b0 at 27bf2051b50>
2026-06-27 14:26:01,091 - INFO - UI load successful
2026-06-27 14:26:05,148 - INFO - Application closing. Turning off laser...
2026-06-27 14:26:05,160 - DEBUG - Calling CoUninitialize()
2026-06-27 14:26:05,160 - DEBUG - CoUninitialize() done.
2026-06-27 14:28:26,133 - DEBUG - OpenGL_accelerate module loaded
2026-06-27 14:28:26,143 - DEBUG - Using accelerated ArrayDatatype
2026-06-27 14:28:26,365 - DEBUG - CoInitializeEx(None, 2)
2026-06-27 14:28:26,404 - INFO - Imported existing <module 'comtypes.gen' from 'C:\\Users\\EXPRESS\\AppData\\Roaming\\Python\\Python313\\site-packages\\comtypes\\gen\\__init__.py'>
2026-06-27 14:28:26,404 - INFO - Using writeable comtypes cache directory: 'C:\Users\EXPRESS\AppData\Roaming\Python\Python313\site-packages\comtypes\gen'
2026-06-27 14:28:26,410 - DEBUG - GetModule(qedit.dll), resolved: False
2026-06-27 14:28:26,411 - DEBUG - GetModule(TLIBATTR(GUID={78530B68-61F9-11D2-8CAD-00A024580902}, Version=1.0, LCID=0, FLags=0x8))
2026-06-27 14:28:26,436 - DEBUG - Release <POINTER(ITypeLib) ptr=0x21e48544350 at 21e4b569b50>
2026-06-27 14:28:26,436 - DEBUG - GetModule(quartz.dll), resolved: False
2026-06-27 14:28:26,437 - DEBUG - GetModule(TLIBATTR(GUID={56A868B0-0AD4-11CE-B03A-0020AF0BA770}, Version=1.0, LCID=0, FLags=0x8))
2026-06-27 14:28:26,444 - DEBUG - Release <POINTER(ITypeLib) ptr=0x21e48544350 at 21e4b569a50>
2026-06-27 14:28:29,376 - INFO - UI load successful
2026-06-27 14:28:34,932 - INFO - Galvo Laser Shutdown
2026-06-27 14:28:34,933 - CRITICAL - Laser 1 : OFF
2026-06-27 14:28:34,933 - CRITICAL - Laser 2 : OFF
2026-06-27 14:28:34,933 - INFO - Stepper Lasers Shutdown
2026-06-27 14:28:34,933 - INFO - COM connection close successfully
2026-06-27 14:28:34,933 - INFO - Main window close successfully
2026-06-27 14:28:34,933 - INFO - ==================================================
2026-06-27 14:28:34,933 - INFO - New session close at 2026-06-27 14:28
2026-06-27 14:28:34,933 - INFO - ==================================================
2026-06-27 14:28:34,944 - DEBUG - Calling CoUninitialize()
2026-06-27 14:28:34,944 - DEBUG - CoUninitialize() done.
2026-06-27 14:28:57,236 - DEBUG - OpenGL_accelerate module loaded
2026-06-27 14:28:57,247 - DEBUG - Using accelerated ArrayDatatype
2026-06-27 14:28:57,462 - DEBUG - CoInitializeEx(None, 2)
2026-06-27 14:28:57,501 - INFO - Imported existing <module 'comtypes.gen' from 'C:\\Users\\EXPRESS\\AppData\\Roaming\\Python\\Python313\\site-packages\\comtypes\\gen\\__init__.py'>
2026-06-27 14:28:57,501 - INFO - Using writeable comtypes cache directory: 'C:\Users\EXPRESS\AppData\Roaming\Python\Python313\site-packages\comtypes\gen'
2026-06-27 14:28:57,507 - DEBUG - GetModule(qedit.dll), resolved: False
2026-06-27 14:28:57,508 - DEBUG - GetModule(TLIBATTR(GUID={78530B68-61F9-11D2-8CAD-00A024580902}, Version=1.0, LCID=0, FLags=0x8))
2026-06-27 14:28:57,531 - DEBUG - Release <POINTER(ITypeLib) ptr=0x166d75e96d0 at 166d9d11b50>
2026-06-27 14:28:57,532 - DEBUG - GetModule(quartz.dll), resolved: False
2026-06-27 14:28:57,532 - DEBUG - GetModule(TLIBATTR(GUID={56A868B0-0AD4-11CE-B03A-0020AF0BA770}, Version=1.0, LCID=0, FLags=0x8))
2026-06-27 14:28:57,539 - DEBUG - Release <POINTER(ITypeLib) ptr=0x166d75ea1d0 at 166d9d11a50>
2026-06-27 14:29:00,478 - INFO - UI load successful
2026-06-27 14:29:15,022 - INFO - Galvo Laser Shutdown
2026-06-27 14:29:15,023 - CRITICAL - Laser 1 : OFF
2026-06-27 14:29:15,023 - CRITICAL - Laser 2 : OFF
2026-06-27 14:29:15,023 - INFO - Stepper Lasers Shutdown
2026-06-27 14:29:15,023 - INFO - COM connection close successfully
2026-06-27 14:29:15,023 - INFO - Main window close successfully
2026-06-27 14:29:15,023 - INFO - ==================================================
2026-06-27 14:29:15,023 - INFO - New session close at 2026-06-27 14:29
2026-06-27 14:29:15,024 - INFO - ==================================================
2026-06-27 14:29:15,035 - DEBUG - Calling CoUninitialize()
2026-06-27 14:29:15,035 - DEBUG - CoUninitialize() done.
2026-06-27 14:34:33,047 - DEBUG - OpenGL_accelerate module loaded
2026-06-27 14:34:33,059 - DEBUG - Using accelerated ArrayDatatype
2026-06-27 14:34:33,282 - DEBUG - CoInitializeEx(None, 2)
2026-06-27 14:34:33,324 - INFO - Imported existing <module 'comtypes.gen' from 'C:\\Users\\EXPRESS\\AppData\\Roaming\\Python\\Python313\\site-packages\\comtypes\\gen\\__init__.py'>
2026-06-27 14:34:33,324 - INFO - Using writeable comtypes cache directory: 'C:\Users\EXPRESS\AppData\Roaming\Python\Python313\site-packages\comtypes\gen'
2026-06-27 14:34:33,329 - DEBUG - GetModule(qedit.dll), resolved: False
2026-06-27 14:34:33,331 - DEBUG - GetModule(TLIBATTR(GUID={78530B68-61F9-11D2-8CAD-00A024580902}, Version=1.0, LCID=0, FLags=0x8))
2026-06-27 14:34:33,355 - DEBUG - Release <POINTER(ITypeLib) ptr=0x241a618b9b0 at 241a8cc5b50>
2026-06-27 14:34:33,356 - DEBUG - GetModule(quartz.dll), resolved: False
2026-06-27 14:34:33,356 - DEBUG - GetModule(TLIBATTR(GUID={56A868B0-0AD4-11CE-B03A-0020AF0BA770}, Version=1.0, LCID=0, FLags=0x8))
2026-06-27 14:34:33,363 - DEBUG - Release <POINTER(ITypeLib) ptr=0x241a618a930 at 241a8cc5a50>
2026-06-27 14:34:36,300 - INFO - UI load successful
2026-06-27 14:36:13,506 - INFO - Galvo Laser Shutdown
2026-06-27 14:36:13,506 - CRITICAL - Laser 1 : OFF
2026-06-27 14:36:13,507 - CRITICAL - Laser 2 : OFF
2026-06-27 14:36:13,507 - INFO - Stepper Lasers Shutdown
2026-06-27 14:36:13,507 - INFO - COM connection close successfully
2026-06-27 14:36:13,507 - INFO - Main window close successfully
2026-06-27 14:36:13,507 - INFO - ==================================================
2026-06-27 14:36:13,507 - INFO - New session close at 2026-06-27 14:36
2026-06-27 14:36:13,507 - INFO - ==================================================
2026-06-27 14:36:13,515 - DEBUG - Calling CoUninitialize()
2026-06-27 14:36:13,516 - DEBUG - CoUninitialize() done.
2026-06-27 14:44:27,004 - DEBUG - OpenGL_accelerate module loaded
2026-06-27 14:44:27,015 - DEBUG - Using accelerated ArrayDatatype
2026-06-27 14:44:27,247 - DEBUG - CoInitializeEx(None, 2)
2026-06-27 14:44:27,289 - INFO - Imported existing <module 'comtypes.gen' from 'C:\\Users\\EXPRESS\\AppData\\Roaming\\Python\\Python313\\site-packages\\comtypes\\gen\\__init__.py'>
2026-06-27 14:44:27,289 - INFO - Using writeable comtypes cache directory: 'C:\Users\EXPRESS\AppData\Roaming\Python\Python313\site-packages\comtypes\gen'
2026-06-27 14:44:27,295 - DEBUG - GetModule(qedit.dll), resolved: False
2026-06-27 14:44:27,339 - DEBUG - GetModule(TLIBATTR(GUID={78530B68-61F9-11D2-8CAD-00A024580902}, Version=1.0, LCID=0, FLags=0x8))
2026-06-27 14:44:27,370 - DEBUG - Release <POINTER(ITypeLib) ptr=0x232537b5b30 at 232696a5cd0>
2026-06-27 14:44:27,370 - DEBUG - GetModule(quartz.dll), resolved: False
2026-06-27 14:44:27,371 - DEBUG - GetModule(TLIBATTR(GUID={56A868B0-0AD4-11CE-B03A-0020AF0BA770}, Version=1.0, LCID=0, FLags=0x8))
2026-06-27 14:44:27,379 - DEBUG - Release <POINTER(ITypeLib) ptr=0x232537b4d70 at 232696a5bd0>
2026-06-27 14:44:30,322 - INFO - UI load successful
2026-06-27 14:44:45,650 - INFO - Galvo Laser Shutdown
2026-06-27 14:44:45,650 - CRITICAL - Laser 1 : OFF
2026-06-27 14:44:45,651 - CRITICAL - Laser 2 : OFF
2026-06-27 14:44:45,651 - INFO - Stepper Lasers Shutdown
2026-06-27 14:44:45,651 - INFO - COM connection close successfully
2026-06-27 14:44:45,651 - INFO - Main window close successfully
2026-06-27 14:44:45,651 - INFO - ==================================================
2026-06-27 14:44:45,651 - INFO - New session close at 2026-06-27 14:44
2026-06-27 14:44:45,651 - INFO - ==================================================
2026-06-27 14:44:45,660 - DEBUG - Calling CoUninitialize()
2026-06-27 14:44:45,660 - DEBUG - CoUninitialize() done.
2026-06-27 14:49:57,607 - DEBUG - OpenGL_accelerate module loaded
2026-06-27 14:49:57,663 - DEBUG - Using accelerated ArrayDatatype
2026-06-27 14:49:58,572 - DEBUG - CoInitializeEx(None, 2)
2026-06-27 14:49:58,675 - INFO - Imported existing <module 'comtypes.gen' from 'C:\\Users\\EXPRESS\\AppData\\Roaming\\Python\\Python313\\site-packages\\comtypes\\gen\\__init__.py'>
2026-06-27 14:49:58,675 - INFO - Using writeable comtypes cache directory: 'C:\Users\EXPRESS\AppData\Roaming\Python\Python313\site-packages\comtypes\gen'
2026-06-27 14:49:58,687 - DEBUG - GetModule(qedit.dll), resolved: False
2026-06-27 14:49:58,701 - DEBUG - GetModule(TLIBATTR(GUID={78530B68-61F9-11D2-8CAD-00A024580902}, Version=1.0, LCID=0, FLags=0x8))
2026-06-27 14:49:58,742 - DEBUG - Release <POINTER(ITypeLib) ptr=0x1c559b903f0 at 1c55c665d50>
2026-06-27 14:49:58,743 - DEBUG - GetModule(quartz.dll), resolved: False
2026-06-27 14:49:58,753 - DEBUG - GetModule(TLIBATTR(GUID={56A868B0-0AD4-11CE-B03A-0020AF0BA770}, Version=1.0, LCID=0, FLags=0x8))
2026-06-27 14:49:58,761 - DEBUG - Release <POINTER(ITypeLib) ptr=0x1c559b906b0 at 1c55c665c50>
2026-06-27 14:50:03,118 - INFO - UI load successful
2026-06-27 14:54:24,527 - INFO - Galvo Laser Shutdown
2026-06-27 14:54:24,573 - CRITICAL - Laser 1 : OFF
2026-06-27 14:54:24,573 - CRITICAL - Laser 2 : OFF
2026-06-27 14:54:24,573 - INFO - Stepper Lasers Shutdown
2026-06-27 14:54:24,573 - INFO - COM connection close successfully
2026-06-27 14:54:24,573 - INFO - Main window close successfully
2026-06-27 14:54:24,576 - INFO - ==================================================
2026-06-27 14:54:24,577 - INFO - New session close at 2026-06-27 14:54
2026-06-27 14:54:24,577 - INFO - ==================================================
2026-06-27 14:54:24,588 - DEBUG - Calling CoUninitialize()
2026-06-27 14:54:24,588 - DEBUG - CoUninitialize() done.
2026-06-27 15:33:07,019 - DEBUG - OpenGL_accelerate module loaded
2026-06-27 15:33:07,076 - DEBUG - Using accelerated ArrayDatatype
2026-06-27 15:33:07,623 - DEBUG - CoInitializeEx(None, 2)
2026-06-27 15:33:07,734 - INFO - Imported existing <module 'comtypes.gen' from 'C:\\Users\\EXPRESS\\AppData\\Roaming\\Python\\Python313\\site-packages\\comtypes\\gen\\__init__.py'>
2026-06-27 15:33:07,734 - INFO - Using writeable comtypes cache directory: 'C:\Users\EXPRESS\AppData\Roaming\Python\Python313\site-packages\comtypes\gen'
2026-06-27 15:33:07,744 - DEBUG - GetModule(qedit.dll), resolved: False
2026-06-27 15:33:07,762 - DEBUG - GetModule(TLIBATTR(GUID={78530B68-61F9-11D2-8CAD-00A024580902}, Version=1.0, LCID=0, FLags=0x8))
2026-06-27 15:33:07,803 - DEBUG - Release <POINTER(ITypeLib) ptr=0x23d1b1ae900 at 23d31075bd0>
2026-06-27 15:33:07,803 - DEBUG - GetModule(quartz.dll), resolved: False
2026-06-27 15:33:07,812 - DEBUG - GetModule(TLIBATTR(GUID={56A868B0-0AD4-11CE-B03A-0020AF0BA770}, Version=1.0, LCID=0, FLags=0x8))
2026-06-27 15:33:07,820 - DEBUG - Release <POINTER(ITypeLib) ptr=0x23d1b1ae900 at 23d31075ad0>
2026-06-27 15:33:10,156 - INFO - UI load successful
2026-06-27 15:33:22,004 - CRITICAL - Laser 1 : OFF
2026-06-27 15:33:22,004 - CRITICAL - Laser 2 : OFF
2026-06-27 15:33:22,004 - INFO - Stepper Lasers Shutdown
2026-06-27 15:33:22,005 - INFO - COM connection close successfully
2026-06-27 15:33:22,005 - INFO - Main window close successfully
2026-06-27 15:33:22,005 - INFO - ==================================================
2026-06-27 15:33:22,005 - INFO - New session close at 2026-06-27 15:33
2026-06-27 15:33:22,005 - INFO - ==================================================
2026-06-27 15:33:22,036 - DEBUG - Calling CoUninitialize()
2026-06-27 15:33:22,037 - DEBUG - CoUninitialize() done.
2026-06-27 15:33:33,931 - DEBUG - OpenGL_accelerate module loaded
2026-06-27 15:33:33,940 - DEBUG - Using accelerated ArrayDatatype
2026-06-27 15:33:34,152 - DEBUG - CoInitializeEx(None, 2)
2026-06-27 15:33:34,193 - INFO - Imported existing <module 'comtypes.gen' from 'C:\\Users\\EXPRESS\\AppData\\Roaming\\Python\\Python313\\site-packages\\comtypes\\gen\\__init__.py'>
2026-06-27 15:33:34,194 - INFO - Using writeable comtypes cache directory: 'C:\Users\EXPRESS\AppData\Roaming\Python\Python313\site-packages\comtypes\gen'
2026-06-27 15:33:34,199 - DEBUG - GetModule(qedit.dll), resolved: False
2026-06-27 15:33:34,201 - DEBUG - GetModule(TLIBATTR(GUID={78530B68-61F9-11D2-8CAD-00A024580902}, Version=1.0, LCID=0, FLags=0x8))
2026-06-27 15:33:34,224 - DEBUG - Release <POINTER(ITypeLib) ptr=0x22e421f78f0 at 22e44cc5bd0>
2026-06-27 15:33:34,225 - DEBUG - GetModule(quartz.dll), resolved: False
2026-06-27 15:33:34,225 - DEBUG - GetModule(TLIBATTR(GUID={56A868B0-0AD4-11CE-B03A-0020AF0BA770}, Version=1.0, LCID=0, FLags=0x8))
2026-06-27 15:33:34,232 - DEBUG - Release <POINTER(ITypeLib) ptr=0x22e421f8130 at 22e44cc5ad0>
2026-06-27 15:33:34,474 - INFO - UI load successful
2026-06-27 15:33:52,254 - CRITICAL - Laser 1 : OFF
2026-06-27 15:33:52,255 - CRITICAL - Laser 2 : OFF
2026-06-27 15:33:52,255 - INFO - Stepper Lasers Shutdown
2026-06-27 15:33:52,255 - INFO - COM connection close successfully
2026-06-27 15:33:52,255 - INFO - Main window close successfully
2026-06-27 15:33:52,255 - INFO - ==================================================
2026-06-27 15:33:52,255 - INFO - New session close at 2026-06-27 15:33
2026-06-27 15:33:52,255 - INFO - ==================================================
2026-06-27 15:33:52,267 - DEBUG - Calling CoUninitialize()
2026-06-27 15:33:52,267 - DEBUG - CoUninitialize() done.
2026-06-27 15:49:47,905 - DEBUG - OpenGL_accelerate module loaded
2026-06-27 15:49:47,916 - DEBUG - Using accelerated ArrayDatatype
2026-06-27 15:49:48,153 - DEBUG - CoInitializeEx(None, 2)
2026-06-27 15:49:48,195 - INFO - Imported existing <module 'comtypes.gen' from 'C:\\Users\\EXPRESS\\AppData\\Roaming\\Python\\Python313\\site-packages\\comtypes\\gen\\__init__.py'>
2026-06-27 15:49:48,195 - INFO - Using writeable comtypes cache directory: 'C:\Users\EXPRESS\AppData\Roaming\Python\Python313\site-packages\comtypes\gen'
2026-06-27 15:49:48,201 - DEBUG - GetModule(qedit.dll), resolved: False
2026-06-27 15:49:48,202 - DEBUG - GetModule(TLIBATTR(GUID={78530B68-61F9-11D2-8CAD-00A024580902}, Version=1.0, LCID=0, FLags=0x8))
2026-06-27 15:49:48,229 - DEBUG - Release <POINTER(ITypeLib) ptr=0x23dfcf92830 at 23dfff05bd0>
2026-06-27 15:49:48,230 - DEBUG - GetModule(quartz.dll), resolved: False
2026-06-27 15:49:48,230 - DEBUG - GetModule(TLIBATTR(GUID={56A868B0-0AD4-11CE-B03A-0020AF0BA770}, Version=1.0, LCID=0, FLags=0x8))
2026-06-27 15:49:48,238 - DEBUG - Release <POINTER(ITypeLib) ptr=0x23dfcf961f0 at 23dfff05ad0>
2026-06-27 15:49:48,500 - INFO - UI load successful
2026-06-27 15:54:13,772 - CRITICAL - Laser 1 : OFF
2026-06-27 15:54:13,773 - CRITICAL - Laser 2 : OFF
2026-06-27 15:54:13,773 - INFO - Stepper Lasers Shutdown
2026-06-27 15:54:13,773 - INFO - COM connection close successfully
2026-06-27 15:54:13,773 - INFO - Main window close successfully
2026-06-27 15:54:13,773 - INFO - ==================================================
2026-06-27 15:54:13,773 - INFO - New session close at 2026-06-27 15:54
2026-06-27 15:54:13,773 - INFO - ==================================================
2026-06-27 15:54:13,784 - DEBUG - Calling CoUninitialize()
2026-06-27 15:54:13,785 - DEBUG - CoUninitialize() done.
2026-06-29 10:58:17,474 - DEBUG - OpenGL_accelerate module loaded
2026-06-29 10:58:17,610 - DEBUG - Using accelerated ArrayDatatype
2026-06-29 10:58:19,719 - DEBUG - CoInitializeEx(None, 2)
2026-06-29 10:58:20,076 - INFO - Imported existing <module 'comtypes.gen' from 'C:\\Users\\EXPRESS\\AppData\\Roaming\\Python\\Python313\\site-packages\\comtypes\\gen\\__init__.py'>
2026-06-29 10:58:20,076 - INFO - Using writeable comtypes cache directory: 'C:\Users\EXPRESS\AppData\Roaming\Python\Python313\site-packages\comtypes\gen'
2026-06-29 10:58:20,121 - DEBUG - GetModule(qedit.dll), resolved: False
2026-06-29 10:58:20,124 - DEBUG - GetModule(TLIBATTR(GUID={78530B68-61F9-11D2-8CAD-00A024580902}, Version=1.0, LCID=0, FLags=0x8))
2026-06-29 10:58:20,184 - DEBUG - Release <POINTER(ITypeLib) ptr=0x2595e6d5800 at 25961305bd0>
2026-06-29 10:58:20,184 - DEBUG - GetModule(quartz.dll), resolved: False
2026-06-29 10:58:20,188 - DEBUG - GetModule(TLIBATTR(GUID={56A868B0-0AD4-11CE-B03A-0020AF0BA770}, Version=1.0, LCID=0, FLags=0x8))
2026-06-29 10:58:20,225 - DEBUG - Release <POINTER(ITypeLib) ptr=0x2595e6d5800 at 25961305ad0>
2026-06-29 10:58:21,316 - INFO - UI load successful
2026-06-29 12:37:39,831 - INFO - Profile : Supervisor
2026-06-29 12:38:34,183 - CRITICAL - Laser 1 : OFF
2026-06-29 12:38:34,184 - CRITICAL - Laser 2 : OFF
2026-06-29 12:38:34,184 - INFO - Stepper Lasers Shutdown
2026-06-29 12:38:34,184 - INFO - COM connection close successfully
2026-06-29 12:38:34,184 - INFO - Main window close successfully
2026-06-29 12:38:34,184 - INFO - ==================================================
2026-06-29 12:38:34,185 - INFO - New session close at 2026-06-29 12:38
2026-06-29 12:38:34,185 - INFO - ==================================================
2026-06-29 12:38:34,204 - DEBUG - Calling CoUninitialize()
2026-06-29 12:38:34,204 - DEBUG - CoUninitialize() done.
2026-06-29 12:38:39,015 - DEBUG - OpenGL_accelerate module loaded
2026-06-29 12:38:39,041 - DEBUG - Using accelerated ArrayDatatype
2026-06-29 12:38:39,541 - DEBUG - CoInitializeEx(None, 2)
2026-06-29 12:38:39,645 - INFO - Imported existing <module 'comtypes.gen' from 'C:\\Users\\EXPRESS\\AppData\\Roaming\\Python\\Python313\\site-packages\\comtypes\\gen\\__init__.py'>
2026-06-29 12:38:39,645 - INFO - Using writeable comtypes cache directory: 'C:\Users\EXPRESS\AppData\Roaming\Python\Python313\site-packages\comtypes\gen'
2026-06-29 12:38:39,657 - DEBUG - GetModule(qedit.dll), resolved: False
2026-06-29 12:38:39,670 - DEBUG - GetModule(TLIBATTR(GUID={78530B68-61F9-11D2-8CAD-00A024580902}, Version=1.0, LCID=0, FLags=0x8))
2026-06-29 12:38:39,707 - DEBUG - Release <POINTER(ITypeLib) ptr=0x198b8c0b840 at 198bb845bd0>
2026-06-29 12:38:39,708 - DEBUG - GetModule(quartz.dll), resolved: False
2026-06-29 12:38:39,718 - DEBUG - GetModule(TLIBATTR(GUID={56A868B0-0AD4-11CE-B03A-0020AF0BA770}, Version=1.0, LCID=0, FLags=0x8))
2026-06-29 12:38:39,728 - DEBUG - Release <POINTER(ITypeLib) ptr=0x198b8c0d680 at 198bb845ad0>
2026-06-29 12:38:42,489 - INFO - UI load successful
2026-06-29 12:40:09,365 - INFO - File selected : D:/TeamDev/DLL_Galvo/Galvo_Scribing/ide2.svg
2026-06-29 12:40:19,684 - INFO - Parameters saved for D:/TeamDev/DLL_Galvo/Galvo_Scribing/ide2.svg
2026-06-29 12:56:40,262 - INFO - Galvo Laser Shutdown
2026-06-29 12:56:40,263 - CRITICAL - Laser 1 : OFF
2026-06-29 12:56:40,263 - CRITICAL - Laser 2 : OFF
2026-06-29 12:56:40,263 - INFO - Stepper Lasers Shutdown
2026-06-29 12:56:40,263 - INFO - COM connection close successfully
2026-06-29 12:56:40,263 - INFO - Main window close successfully
2026-06-29 12:56:40,263 - INFO - ==================================================
2026-06-29 12:56:40,263 - INFO - New session close at 2026-06-29 12:56
2026-06-29 12:56:40,264 - INFO - ==================================================
2026-06-29 12:56:40,275 - DEBUG - Calling CoUninitialize()
2026-06-29 12:56:40,276 - DEBUG - CoUninitialize() done.
2026-06-30 13:00:31,635 - DEBUG - OpenGL_accelerate module loaded
2026-06-30 13:00:31,765 - DEBUG - Using accelerated ArrayDatatype
2026-06-30 13:00:33,808 - DEBUG - CoInitializeEx(None, 2)
2026-06-30 13:00:34,142 - INFO - Imported existing <module 'comtypes.gen' from 'C:\\Users\\EXPRESS\\AppData\\Roaming\\Python\\Python313\\site-packages\\comtypes\\gen\\__init__.py'>
2026-06-30 13:00:34,142 - INFO - Using writeable comtypes cache directory: 'C:\Users\EXPRESS\AppData\Roaming\Python\Python313\site-packages\comtypes\gen'
2026-06-30 13:00:34,186 - DEBUG - GetModule(qedit.dll), resolved: False
2026-06-30 13:00:34,189 - DEBUG - GetModule(TLIBATTR(GUID={78530B68-61F9-11D2-8CAD-00A024580902}, Version=1.0, LCID=0, FLags=0x8))
2026-06-30 13:00:34,245 - DEBUG - Release <POINTER(ITypeLib) ptr=0x24eda605bd0 at 24edd355bd0>
2026-06-30 13:00:34,246 - DEBUG - GetModule(quartz.dll), resolved: False
2026-06-30 13:00:34,248 - DEBUG - GetModule(TLIBATTR(GUID={56A868B0-0AD4-11CE-B03A-0020AF0BA770}, Version=1.0, LCID=0, FLags=0x8))
2026-06-30 13:00:34,271 - DEBUG - Release <POINTER(ITypeLib) ptr=0x24eda605bd0 at 24edd355ad0>
2026-06-30 13:00:37,541 - INFO - UI load successful
2026-06-30 13:06:24,358 - INFO - File selected : D:/TeamDev/DLL_Galvo/Galvo_Scribing/ide2.svg
2026-06-30 13:06:32,174 - INFO - Parameters saved for D:/TeamDev/DLL_Galvo/Galvo_Scribing/ide2.svg
2026-06-30 13:07:16,267 - INFO - Parameters saved for D:/TeamDev/DLL_Galvo/Galvo_Scribing/ide2.svg
2026-06-30 13:21:27,969 - DEBUG - OpenGL_accelerate module loaded
2026-06-30 13:21:28,003 - DEBUG - Using accelerated ArrayDatatype
2026-06-30 13:21:28,388 - DEBUG - CoInitializeEx(None, 2)
2026-06-30 13:21:28,456 - INFO - Imported existing <module 'comtypes.gen' from 'C:\\Users\\EXPRESS\\AppData\\Roaming\\Python\\Python313\\site-packages\\comtypes\\gen\\__init__.py'>
2026-06-30 13:21:28,456 - INFO - Using writeable comtypes cache directory: 'C:\Users\EXPRESS\AppData\Roaming\Python\Python313\site-packages\comtypes\gen'
2026-06-30 13:21:28,463 - DEBUG - GetModule(qedit.dll), resolved: False
2026-06-30 13:21:28,471 - DEBUG - GetModule(TLIBATTR(GUID={78530B68-61F9-11D2-8CAD-00A024580902}, Version=1.0, LCID=0, FLags=0x8))
2026-06-30 13:21:28,507 - DEBUG - Release <POINTER(ITypeLib) ptr=0x2b812c074c0 at 2b8157d9dd0>
2026-06-30 13:21:28,508 - DEBUG - GetModule(quartz.dll), resolved: False
2026-06-30 13:21:28,512 - DEBUG - GetModule(TLIBATTR(GUID={56A868B0-0AD4-11CE-B03A-0020AF0BA770}, Version=1.0, LCID=0, FLags=0x8))
2026-06-30 13:21:28,521 - DEBUG - Release <POINTER(ITypeLib) ptr=0x2b812c05680 at 2b8157d9cd0>
2026-06-30 13:21:31,897 - INFO - UI load successful
2026-06-30 13:21:55,599 - INFO - File selected : D:/TeamDev/DLL_Galvo/Galvo_Scribing/ide2.svg
2026-06-30 13:22:01,366 - INFO - Parameters saved for D:/TeamDev/DLL_Galvo/Galvo_Scribing/ide2.svg
2026-06-30 13:22:53,852 - INFO - Parameters saved for D:/TeamDev/DLL_Galvo/Galvo_Scribing/ide2.svg
2026-06-30 13:23:12,650 - CRITICAL - Laser 1 : OFF
2026-06-30 13:23:12,650 - CRITICAL - Laser 2 : OFF
2026-06-30 13:23:12,650 - INFO - Stepper Lasers Shutdown
2026-06-30 13:23:12,650 - INFO - COM connection close successfully
2026-06-30 13:23:12,650 - INFO - Main window close successfully
2026-06-30 13:23:12,651 - INFO - ==================================================
2026-06-30 13:23:12,651 - INFO - New session close at 2026-06-30 13:23
2026-06-30 13:23:12,651 - INFO - ==================================================
2026-06-30 13:23:12,666 - DEBUG - Calling CoUninitialize()
2026-06-30 13:23:12,667 - DEBUG - CoUninitialize() done.
2026-06-30 13:23:19,203 - DEBUG - OpenGL_accelerate module loaded
2026-06-30 13:23:19,214 - DEBUG - Using accelerated ArrayDatatype
2026-06-30 13:23:19,425 - DEBUG - CoInitializeEx(None, 2)
2026-06-30 13:23:19,467 - INFO - Imported existing <module 'comtypes.gen' from 'C:\\Users\\EXPRESS\\AppData\\Roaming\\Python\\Python313\\site-packages\\comtypes\\gen\\__init__.py'>
2026-06-30 13:23:19,467 - INFO - Using writeable comtypes cache directory: 'C:\Users\EXPRESS\AppData\Roaming\Python\Python313\site-packages\comtypes\gen'
2026-06-30 13:23:19,472 - DEBUG - GetModule(qedit.dll), resolved: False
2026-06-30 13:23:19,474 - DEBUG - GetModule(TLIBATTR(GUID={78530B68-61F9-11D2-8CAD-00A024580902}, Version=1.0, LCID=0, FLags=0x8))
2026-06-30 13:23:19,498 - DEBUG - Release <POINTER(ITypeLib) ptr=0x16679aec6c0 at 1667c895c50>
2026-06-30 13:23:19,499 - DEBUG - GetModule(quartz.dll), resolved: False
2026-06-30 13:23:19,499 - DEBUG - GetModule(TLIBATTR(GUID={56A868B0-0AD4-11CE-B03A-0020AF0BA770}, Version=1.0, LCID=0, FLags=0x8))
2026-06-30 13:23:19,506 - DEBUG - Release <POINTER(ITypeLib) ptr=0x16679aec6c0 at 1667c895b50>
2026-06-30 13:23:22,116 - INFO - UI load successful
2026-06-30 13:29:12,058 - DEBUG - OpenGL_accelerate module loaded
2026-06-30 13:29:12,069 - DEBUG - Using accelerated ArrayDatatype
2026-06-30 13:29:12,296 - DEBUG - CoInitializeEx(None, 2)
2026-06-30 13:29:12,338 - INFO - Imported existing <module 'comtypes.gen' from 'C:\\Users\\EXPRESS\\AppData\\Roaming\\Python\\Python313\\site-packages\\comtypes\\gen\\__init__.py'>
2026-06-30 13:29:12,338 - INFO - Using writeable comtypes cache directory: 'C:\Users\EXPRESS\AppData\Roaming\Python\Python313\site-packages\comtypes\gen'
2026-06-30 13:29:12,343 - DEBUG - GetModule(qedit.dll), resolved: False
2026-06-30 13:29:12,345 - DEBUG - GetModule(TLIBATTR(GUID={78530B68-61F9-11D2-8CAD-00A024580902}, Version=1.0, LCID=0, FLags=0x8))
2026-06-30 13:29:12,369 - DEBUG - Release <POINTER(ITypeLib) ptr=0x19d136b2c10 at 19d16195e50>
2026-06-30 13:29:12,370 - DEBUG - GetModule(quartz.dll), resolved: False
2026-06-30 13:29:12,370 - DEBUG - GetModule(TLIBATTR(GUID={56A868B0-0AD4-11CE-B03A-0020AF0BA770}, Version=1.0, LCID=0, FLags=0x8))
2026-06-30 13:29:12,378 - DEBUG - Release <POINTER(ITypeLib) ptr=0x19d136b4fd0 at 19d16195d50>
2026-06-30 13:29:14,934 - INFO - UI load successful
2026-06-30 13:29:40,397 - INFO - File selected : D:/TeamDev/DLL_Galvo/Galvo_Scribing/ide2.svg
2026-06-30 13:29:42,309 - INFO - Parameters saved for D:/TeamDev/DLL_Galvo/Galvo_Scribing/ide2.svg
2026-06-30 13:30:10,621 - CRITICAL - Laser 1 : OFF
2026-06-30 13:30:10,621 - CRITICAL - Laser 2 : OFF
2026-06-30 13:30:10,621 - INFO - Stepper Lasers Shutdown
2026-06-30 13:30:10,621 - INFO - COM connection close successfully
2026-06-30 13:30:10,621 - INFO - Main window close successfully
2026-06-30 13:30:10,621 - INFO - ==================================================
2026-06-30 13:30:10,621 - INFO - New session close at 2026-06-30 13:30
2026-06-30 13:30:10,621 - INFO - ==================================================
2026-06-30 13:30:10,633 - DEBUG - Calling CoUninitialize()
2026-06-30 13:30:10,633 - DEBUG - CoUninitialize() done.
2026-06-30 13:44:36,228 - DEBUG - OpenGL_accelerate module loaded
2026-06-30 13:44:36,239 - DEBUG - Using accelerated ArrayDatatype
2026-06-30 13:44:36,469 - DEBUG - CoInitializeEx(None, 2)
2026-06-30 13:44:36,512 - INFO - Imported existing <module 'comtypes.gen' from 'C:\\Users\\EXPRESS\\AppData\\Roaming\\Python\\Python313\\site-packages\\comtypes\\gen\\__init__.py'>
2026-06-30 13:44:36,512 - INFO - Using writeable comtypes cache directory: 'C:\Users\EXPRESS\AppData\Roaming\Python\Python313\site-packages\comtypes\gen'
2026-06-30 13:44:36,518 - DEBUG - GetModule(qedit.dll), resolved: False
2026-06-30 13:44:36,519 - DEBUG - GetModule(TLIBATTR(GUID={78530B68-61F9-11D2-8CAD-00A024580902}, Version=1.0, LCID=0, FLags=0x8))
2026-06-30 13:44:36,544 - DEBUG - Release <POINTER(ITypeLib) ptr=0x1efe819d750 at 1efeadd5dd0>
2026-06-30 13:44:36,544 - DEBUG - GetModule(quartz.dll), resolved: False
2026-06-30 13:44:36,545 - DEBUG - GetModule(TLIBATTR(GUID={56A868B0-0AD4-11CE-B03A-0020AF0BA770}, Version=1.0, LCID=0, FLags=0x8))
2026-06-30 13:44:36,553 - DEBUG - Release <POINTER(ITypeLib) ptr=0x1efe819b650 at 1efeadd5cd0>
2026-06-30 13:44:39,098 - INFO - UI load successful
2026-06-30 13:56:17,350 - DEBUG - OpenGL_accelerate module loaded
2026-06-30 13:56:17,377 - DEBUG - Using accelerated ArrayDatatype
2026-06-30 13:56:17,875 - DEBUG - CoInitializeEx(None, 2)
2026-06-30 13:56:17,986 - INFO - Imported existing <module 'comtypes.gen' from 'C:\\Users\\EXPRESS\\AppData\\Roaming\\Python\\Python313\\site-packages\\comtypes\\gen\\__init__.py'>
2026-06-30 13:56:17,986 - INFO - Using writeable comtypes cache directory: 'C:\Users\EXPRESS\AppData\Roaming\Python\Python313\site-packages\comtypes\gen'
2026-06-30 13:56:17,999 - DEBUG - GetModule(qedit.dll), resolved: False
2026-06-30 13:56:18,016 - DEBUG - GetModule(TLIBATTR(GUID={78530B68-61F9-11D2-8CAD-00A024580902}, Version=1.0, LCID=0, FLags=0x8))
2026-06-30 13:56:18,086 - DEBUG - Release <POINTER(ITypeLib) ptr=0x2ddfbd086e0 at 2dd91c36150>
2026-06-30 13:56:18,086 - DEBUG - GetModule(quartz.dll), resolved: False
2026-06-30 13:56:18,087 - DEBUG - GetModule(TLIBATTR(GUID={56A868B0-0AD4-11CE-B03A-0020AF0BA770}, Version=1.0, LCID=0, FLags=0x8))
2026-06-30 13:56:18,096 - DEBUG - Release <POINTER(ITypeLib) ptr=0x2ddfbd06e20 at 2dd91c36050>
2026-06-30 13:56:20,865 - INFO - UI load successful
2026-06-30 13:56:52,713 - CRITICAL - Laser 1 : OFF
2026-06-30 13:56:52,714 - CRITICAL - Laser 2 : OFF
2026-06-30 13:56:52,714 - INFO - Stepper Lasers Shutdown
2026-06-30 13:56:52,714 - INFO - COM connection close successfully
2026-06-30 13:56:52,714 - INFO - Main window close successfully
2026-06-30 13:56:52,714 - INFO - ==================================================
2026-06-30 13:56:52,714 - INFO - New session close at 2026-06-30 13:56
2026-06-30 13:56:52,714 - INFO - ==================================================
2026-06-30 13:56:52,731 - DEBUG - Calling CoUninitialize()
2026-06-30 13:56:52,732 - DEBUG - CoUninitialize() done.
2026-06-30 13:57:00,841 - DEBUG - OpenGL_accelerate module loaded
2026-06-30 13:57:00,852 - DEBUG - Using accelerated ArrayDatatype
2026-06-30 13:57:01,088 - DEBUG - CoInitializeEx(None, 2)
2026-06-30 13:57:01,137 - INFO - Imported existing <module 'comtypes.gen' from 'C:\\Users\\EXPRESS\\AppData\\Roaming\\Python\\Python313\\site-packages\\comtypes\\gen\\__init__.py'>
2026-06-30 13:57:01,137 - INFO - Using writeable comtypes cache directory: 'C:\Users\EXPRESS\AppData\Roaming\Python\Python313\site-packages\comtypes\gen'
2026-06-30 13:57:01,143 - DEBUG - GetModule(qedit.dll), resolved: False
2026-06-30 13:57:01,144 - DEBUG - GetModule(TLIBATTR(GUID={78530B68-61F9-11D2-8CAD-00A024580902}, Version=1.0, LCID=0, FLags=0x8))
2026-06-30 13:57:01,169 - DEBUG - Release <POINTER(ITypeLib) ptr=0x290c53d49f0 at 290c7f76150>
2026-06-30 13:57:01,169 - DEBUG - GetModule(quartz.dll), resolved: False
2026-06-30 13:57:01,170 - DEBUG - GetModule(TLIBATTR(GUID={56A868B0-0AD4-11CE-B03A-0020AF0BA770}, Version=1.0, LCID=0, FLags=0x8))
2026-06-30 13:57:01,177 - DEBUG - Release <POINTER(ITypeLib) ptr=0x290c53d5d30 at 290c7f76050>
2026-06-30 13:57:03,715 - INFO - UI load successful
2026-06-30 13:57:56,265 - CRITICAL - Laser 1 : OFF
2026-06-30 13:57:56,265 - CRITICAL - Laser 2 : OFF
2026-06-30 13:57:56,265 - INFO - Stepper Lasers Shutdown
2026-06-30 13:57:56,265 - INFO - COM connection close successfully
2026-06-30 13:57:56,265 - INFO - Main window close successfully
2026-06-30 13:57:56,265 - INFO - ==================================================
2026-06-30 13:57:56,265 - INFO - New session close at 2026-06-30 13:57
2026-06-30 13:57:56,265 - INFO - ==================================================
2026-06-30 13:57:56,275 - DEBUG - Calling CoUninitialize()
2026-06-30 13:57:56,276 - DEBUG - CoUninitialize() done.
2026-06-30 14:56:34,188 - DEBUG - OpenGL_accelerate module loaded
2026-06-30 14:56:34,383 - DEBUG - Using accelerated ArrayDatatype
2026-06-30 14:56:35,964 - DEBUG - CoInitializeEx(None, 2)
2026-06-30 14:56:36,195 - INFO - Imported existing <module 'comtypes.gen' from 'C:\\Users\\EXPRESS\\AppData\\Roaming\\Python\\Python313\\site-packages\\comtypes\\gen\\__init__.py'>
2026-06-30 14:56:36,196 - INFO - Using writeable comtypes cache directory: 'C:\Users\EXPRESS\AppData\Roaming\Python\Python313\site-packages\comtypes\gen'
2026-06-30 14:56:36,222 - DEBUG - GetModule(qedit.dll), resolved: False
2026-06-30 14:56:36,225 - DEBUG - GetModule(TLIBATTR(GUID={78530B68-61F9-11D2-8CAD-00A024580902}, Version=1.0, LCID=0, FLags=0x8))
2026-06-30 14:56:36,279 - DEBUG - Release <POINTER(ITypeLib) ptr=0x1773ca2c100 at 1773f766150>
2026-06-30 14:56:36,279 - DEBUG - GetModule(quartz.dll), resolved: False
2026-06-30 14:56:36,281 - DEBUG - GetModule(TLIBATTR(GUID={56A868B0-0AD4-11CE-B03A-0020AF0BA770}, Version=1.0, LCID=0, FLags=0x8))
2026-06-30 14:56:36,303 - DEBUG - Release <POINTER(ITypeLib) ptr=0x1773ca2c940 at 1773f766050>
2026-06-30 14:56:37,239 - INFO - UI load successful
2026-06-30 15:05:35,315 - CRITICAL - Laser 1 : OFF
2026-06-30 15:05:35,315 - CRITICAL - Laser 2 : OFF
2026-06-30 15:05:35,315 - INFO - Stepper Lasers Shutdown
2026-06-30 15:05:35,315 - INFO - COM connection close successfully
2026-06-30 15:05:35,316 - INFO - Main window close successfully
2026-06-30 15:05:35,316 - INFO - ==================================================
2026-06-30 15:05:35,316 - INFO - New session close at 2026-06-30 15:05
2026-06-30 15:05:35,316 - INFO - ==================================================
2026-06-30 15:05:35,331 - DEBUG - Calling CoUninitialize()
2026-06-30 15:05:35,332 - DEBUG - CoUninitialize() done.
2026-06-30 15:11:27,096 - DEBUG - OpenGL_accelerate module loaded
2026-06-30 15:11:27,106 - DEBUG - Using accelerated ArrayDatatype
2026-06-30 15:11:27,327 - DEBUG - CoInitializeEx(None, 2)
2026-06-30 15:11:27,365 - INFO - Imported existing <module 'comtypes.gen' from 'C:\\Users\\EXPRESS\\AppData\\Roaming\\Python\\Python313\\site-packages\\comtypes\\gen\\__init__.py'>
2026-06-30 15:11:27,365 - INFO - Using writeable comtypes cache directory: 'C:\Users\EXPRESS\AppData\Roaming\Python\Python313\site-packages\comtypes\gen'
2026-06-30 15:11:27,371 - DEBUG - GetModule(qedit.dll), resolved: False
2026-06-30 15:11:27,372 - DEBUG - GetModule(TLIBATTR(GUID={78530B68-61F9-11D2-8CAD-00A024580902}, Version=1.0, LCID=0, FLags=0x8))
2026-06-30 15:11:27,395 - DEBUG - Release <POINTER(ITypeLib) ptr=0x2372562d250 at 237283a6150>
2026-06-30 15:11:27,396 - DEBUG - GetModule(quartz.dll), resolved: False
2026-06-30 15:11:27,396 - DEBUG - GetModule(TLIBATTR(GUID={56A868B0-0AD4-11CE-B03A-0020AF0BA770}, Version=1.0, LCID=0, FLags=0x8))
2026-06-30 15:11:27,403 - DEBUG - Release <POINTER(ITypeLib) ptr=0x2372562b990 at 237283a6050>
2026-06-30 15:11:30,018 - INFO - UI load successful
2026-06-30 15:11:30,397 - INFO - Com : com, Port : ['COM1', 'COM9', 'COM10'], Baud : ['9600', '57600', '115200', '250000']
2026-06-30 15:11:30,402 - ERROR - Error : Invalid Input > Kindly select a COM port.
2026-06-30 15:11:59,628 - DEBUG - {E436EBB3-524F-11CE-9F53-0020AF0BA770} -> {E436EBB3-524F-11CE-9F53-0020AF0BA770}
2026-06-30 15:11:59,628 - DEBUG - CoCreateInstance({E436EBB3-524F-11CE-9F53-0020AF0BA770}, clsctx=None, interface=<class 'comtypes.gen._78530B68_61F9_11D2_8CAD_00A024580902_0_1_0.IFilterGraph'>)
2026-06-30 15:11:59,643 - DEBUG - {BF87B6E1-8C27-11d0-B3F0-00AA003761C5} -> {BF87B6E1-8C27-11D0-B3F0-00AA003761C5}
2026-06-30 15:11:59,643 - DEBUG - CoCreateInstance({BF87B6E1-8C27-11D0-B3F0-00AA003761C5}, clsctx=None, interface=<class 'pygrabber.dshow_core.ICaptureGraphBuilder2'>)
2026-06-30 15:11:59,656 - DEBUG - {62BE5D10-60EB-11d0-BD3B-00A0C911CE86} -> {62BE5D10-60EB-11D0-BD3B-00A0C911CE86}
2026-06-30 15:11:59,656 - DEBUG - CoCreateInstance({62BE5D10-60EB-11D0-BD3B-00A0C911CE86}, clsctx=None, interface=<class 'pygrabber.dshow_core.ICreateDevEnum'>)
2026-06-30 15:12:00,295 - DEBUG - Release <POINTER(IEnumMoniker) ptr=0x2372cd12d20 at 2372c14a5d0>
2026-06-30 15:12:00,295 - DEBUG - Release <POINTER(IFilterGraph) ptr=0x2372cdf7570 at 2372c149550>
2026-06-30 15:12:00,295 - DEBUG - Release <POINTER(IGraphBuilder) ptr=0x2372cdf7570 at 2372c1493d0>
2026-06-30 15:12:00,295 - DEBUG - Release <POINTER(IMediaControl) ptr=0x2371236f738 at 2372c1494d0>
2026-06-30 15:12:00,295 - DEBUG - Release <POINTER(IMediaEvent) ptr=0x2371236f770 at 2372c1495d0>
2026-06-30 15:12:00,295 - DEBUG - Release <POINTER(ICreateDevEnum) ptr=0x2372c4ce990 at 2372c149650>
2026-06-30 15:12:00,295 - DEBUG - Release <POINTER(ICaptureGraphBuilder2) ptr=0x2372cd12b78 at 2372c149750>
2026-06-30 15:12:00,298 - DEBUG - Release <POINTER(IWMProfileManager2) ptr=0x2372cdb9830 at 2372c149450>
2026-06-30 15:12:00,303 - DEBUG - Release <POINTER(IWMProfile) ptr=0x23725c18510 at 2372c14a450>
2026-06-30 15:12:00,304 - DEBUG - Release <POINTER(IWMProfile) ptr=0x23725c19aa0 at 2372c14a3d0>
2026-06-30 15:12:00,304 - DEBUG - Release <POINTER(IWMProfile) ptr=0x23725c180c0 at 2372c14a350>
2026-06-30 15:12:00,304 - DEBUG - Release <POINTER(IWMProfile) ptr=0x23725c18db0 at 2372c14a2d0>
2026-06-30 15:12:00,304 - DEBUG - Release <POINTER(IWMProfile) ptr=0x23725c17820 at 2372c14a250>
2026-06-30 15:12:00,304 - DEBUG - Release <POINTER(IWMProfile) ptr=0x23725c19650 at 2372c14a1d0>
2026-06-30 15:12:00,304 - DEBUG - Release <POINTER(IWMProfile) ptr=0x23725c16f80 at 2372c14a150>
2026-06-30 15:12:00,304 - DEBUG - Release <POINTER(IWMProfile) ptr=0x23725c16b30 at 2372c14a0d0>
2026-06-30 15:12:00,304 - DEBUG - Release <POINTER(IWMProfile) ptr=0x23725c166e0 at 2372c14a050>
2026-06-30 15:12:00,304 - DEBUG - Release <POINTER(IWMProfile) ptr=0x23725c19200 at 2372c149bd0>
2026-06-30 15:12:00,304 - DEBUG - Release <POINTER(IWMProfile) ptr=0x23725c12630 at 2372c149fd0>
2026-06-30 15:12:00,304 - DEBUG - Release <POINTER(IWMProfile) ptr=0x23725c16290 at 2372c149f50>
2026-06-30 15:12:00,304 - DEBUG - Release <POINTER(IWMProfile) ptr=0x23725c14460 at 2372c149ed0>
2026-06-30 15:12:00,304 - DEBUG - Release <POINTER(IWMProfile) ptr=0x23725c121e0 at 2372c149e50>
2026-06-30 15:12:00,304 - DEBUG - Release <POINTER(IWMProfile) ptr=0x23725c14010 at 2372c149dd0>
2026-06-30 15:12:00,304 - DEBUG - Release <POINTER(IWMProfile) ptr=0x23725c15e40 at 2372c149d50>
2026-06-30 15:12:00,304 - DEBUG - Release <POINTER(IWMProfile) ptr=0x23725c15150 at 2372c149cd0>
2026-06-30 15:12:00,304 - DEBUG - Release <POINTER(IWMProfile) ptr=0x23725c159f0 at 2372c149c50>
2026-06-30 15:12:00,304 - DEBUG - Release <POINTER(IWMProfile) ptr=0x23725c148b0 at 2372c149b50>
2026-06-30 15:12:00,304 - DEBUG - Release <POINTER(IWMProfile) ptr=0x23725c155a0 at 2372c149ad0>
2026-06-30 15:12:00,304 - DEBUG - Release <POINTER(IWMProfile) ptr=0x23725c13770 at 2372c149a50>
2026-06-30 15:12:00,304 - DEBUG - Release <POINTER(IWMProfile) ptr=0x23725c11940 at 2372c1499d0>
2026-06-30 15:12:00,304 - DEBUG - Release <POINTER(IWMProfile) ptr=0x23725c14d00 at 2372c149950>
2026-06-30 15:12:00,305 - DEBUG - Release <POINTER(IWMProfile) ptr=0x23725c10800 at 2372c1498d0>
2026-06-30 15:12:00,305 - DEBUG - Release <POINTER(IWMProfile) ptr=0x23725c0ff60 at 2372c1496d0>
2026-06-30 15:12:00,305 - DEBUG - Release <POINTER(IWMProfile) ptr=0x23725c12ed0 at 2372c149850>
2026-06-30 15:12:00,305 - DEBUG - Release <POINTER(IWMProfile) ptr=0x23725c13320 at 2372c1497d0>
2026-06-30 15:12:22,655 - INFO - Profile : Supervisor
2026-06-30 15:12:33,879 - INFO - Galvo Laser Shutdown
2026-06-30 15:12:33,880 - CRITICAL - Laser 1 : OFF
2026-06-30 15:12:33,880 - CRITICAL - Laser 2 : OFF
2026-06-30 15:12:33,880 - INFO - Stepper Lasers Shutdown
2026-06-30 15:12:33,880 - INFO - COM connection close successfully
2026-06-30 15:12:33,880 - INFO - Main window close successfully
2026-06-30 15:12:33,880 - INFO - ==================================================
2026-06-30 15:12:33,880 - INFO - New session close at 2026-06-30 15:12
2026-06-30 15:12:33,880 - INFO - ==================================================
2026-06-30 15:12:33,890 - DEBUG - Calling CoUninitialize()
2026-06-30 15:12:33,891 - DEBUG - CoUninitialize() done.
2026-06-30 15:13:38,427 - DEBUG - OpenGL_accelerate module loaded
2026-06-30 15:13:38,438 - DEBUG - Using accelerated ArrayDatatype
2026-06-30 15:13:38,663 - DEBUG - CoInitializeEx(None, 2)
2026-06-30 15:13:38,700 - INFO - Imported existing <module 'comtypes.gen' from 'C:\\Users\\EXPRESS\\AppData\\Roaming\\Python\\Python313\\site-packages\\comtypes\\gen\\__init__.py'>
2026-06-30 15:13:38,701 - INFO - Using writeable comtypes cache directory: 'C:\Users\EXPRESS\AppData\Roaming\Python\Python313\site-packages\comtypes\gen'
2026-06-30 15:13:38,706 - DEBUG - GetModule(qedit.dll), resolved: False
2026-06-30 15:13:38,707 - DEBUG - GetModule(TLIBATTR(GUID={78530B68-61F9-11D2-8CAD-00A024580902}, Version=1.0, LCID=0, FLags=0x8))
2026-06-30 15:13:38,730 - DEBUG - Release <POINTER(ITypeLib) ptr=0x12985e18590 at 1299bcd6150>
2026-06-30 15:13:38,731 - DEBUG - GetModule(quartz.dll), resolved: False
2026-06-30 15:13:38,731 - DEBUG - GetModule(TLIBATTR(GUID={56A868B0-0AD4-11CE-B03A-0020AF0BA770}, Version=1.0, LCID=0, FLags=0x8))
2026-06-30 15:13:38,738 - DEBUG - Release <POINTER(ITypeLib) ptr=0x12985e1a110 at 1299bcd6050>
2026-06-30 15:13:41,700 - INFO - UI load successful
2026-06-30 15:14:59,174 - CRITICAL - Laser 1 : OFF
2026-06-30 15:14:59,174 - CRITICAL - Laser 2 : OFF
2026-06-30 15:14:59,174 - INFO - Stepper Lasers Shutdown
2026-06-30 15:14:59,174 - INFO - COM connection close successfully
2026-06-30 15:14:59,174 - INFO - Main window close successfully
2026-06-30 15:14:59,175 - INFO - ==================================================
2026-06-30 15:14:59,175 - INFO - New session close at 2026-06-30 15:14
2026-06-30 15:14:59,175 - INFO - ==================================================
2026-06-30 15:14:59,186 - DEBUG - Calling CoUninitialize()
2026-06-30 15:14:59,186 - DEBUG - CoUninitialize() done.
2026-06-30 18:23:00,022 - DEBUG - OpenGL_accelerate module loaded
2026-06-30 18:23:00,062 - DEBUG - Using accelerated ArrayDatatype
2026-06-30 18:23:00,490 - DEBUG - CoInitializeEx(None, 2)
2026-06-30 18:23:00,564 - INFO - Imported existing <module 'comtypes.gen' from 'C:\\Users\\EXPRESS\\AppData\\Roaming\\Python\\Python313\\site-packages\\comtypes\\gen\\__init__.py'>
2026-06-30 18:23:00,564 - INFO - Using writeable comtypes cache directory: 'C:\Users\EXPRESS\AppData\Roaming\Python\Python313\site-packages\comtypes\gen'
2026-06-30 18:23:00,573 - DEBUG - GetModule(qedit.dll), resolved: False
2026-06-30 18:23:00,581 - DEBUG - GetModule(TLIBATTR(GUID={78530B68-61F9-11D2-8CAD-00A024580902}, Version=1.0, LCID=0, FLags=0x8))
2026-06-30 18:23:00,618 - DEBUG - Release <POINTER(ITypeLib) ptr=0x2c87cfee950 at 2c87fd56150>
2026-06-30 18:23:00,619 - DEBUG - GetModule(quartz.dll), resolved: False
2026-06-30 18:23:00,624 - DEBUG - GetModule(TLIBATTR(GUID={56A868B0-0AD4-11CE-B03A-0020AF0BA770}, Version=1.0, LCID=0, FLags=0x8))
2026-06-30 18:23:00,641 - DEBUG - Release <POINTER(ITypeLib) ptr=0x2c87cfee950 at 2c87fd56050>
2026-06-30 18:23:01,855 - INFO - UI load successful
2026-06-30 18:23:24,666 - CRITICAL - Laser 1 : OFF
2026-06-30 18:23:24,666 - CRITICAL - Laser 2 : OFF
2026-06-30 18:23:24,666 - INFO - Stepper Lasers Shutdown
2026-06-30 18:23:24,666 - INFO - COM connection close successfully
2026-06-30 18:23:24,666 - INFO - Main window close successfully
2026-06-30 18:23:24,667 - INFO - ==================================================
2026-06-30 18:23:24,667 - INFO - New session close at 2026-06-30 18:23
2026-06-30 18:23:24,667 - INFO - ==================================================
2026-06-30 18:23:24,683 - DEBUG - Calling CoUninitialize()
2026-06-30 18:23:24,683 - DEBUG - CoUninitialize() done.
2026-06-30 18:23:30,814 - DEBUG - OpenGL_accelerate module loaded
2026-06-30 18:23:30,823 - DEBUG - Using accelerated ArrayDatatype
2026-06-30 18:23:31,039 - DEBUG - CoInitializeEx(None, 2)
2026-06-30 18:23:31,077 - INFO - Imported existing <module 'comtypes.gen' from 'C:\\Users\\EXPRESS\\AppData\\Roaming\\Python\\Python313\\site-packages\\comtypes\\gen\\__init__.py'>
2026-06-30 18:23:31,077 - INFO - Using writeable comtypes cache directory: 'C:\Users\EXPRESS\AppData\Roaming\Python\Python313\site-packages\comtypes\gen'
2026-06-30 18:23:31,082 - DEBUG - GetModule(qedit.dll), resolved: False
2026-06-30 18:23:31,084 - DEBUG - GetModule(TLIBATTR(GUID={78530B68-61F9-11D2-8CAD-00A024580902}, Version=1.0, LCID=0, FLags=0x8))
2026-06-30 18:23:31,107 - DEBUG - Release <POINTER(ITypeLib) ptr=0x163f80bfc10 at 163fad86150>
2026-06-30 18:23:31,107 - DEBUG - GetModule(quartz.dll), resolved: False
2026-06-30 18:23:31,108 - DEBUG - GetModule(TLIBATTR(GUID={56A868B0-0AD4-11CE-B03A-0020AF0BA770}, Version=1.0, LCID=0, FLags=0x8))
2026-06-30 18:23:31,115 - DEBUG - Release <POINTER(ITypeLib) ptr=0x163f80bf690 at 163fad86050>
2026-06-30 18:23:33,751 - INFO - UI load successful
2026-06-30 18:37:39,444 - DEBUG - OpenGL_accelerate module loaded
2026-06-30 18:37:39,454 - DEBUG - Using accelerated ArrayDatatype
2026-06-30 18:37:39,671 - DEBUG - CoInitializeEx(None, 2)
2026-06-30 18:37:39,709 - INFO - Imported existing <module 'comtypes.gen' from 'C:\\Users\\EXPRESS\\AppData\\Roaming\\Python\\Python313\\site-packages\\comtypes\\gen\\__init__.py'>
2026-06-30 18:37:39,709 - INFO - Using writeable comtypes cache directory: 'C:\Users\EXPRESS\AppData\Roaming\Python\Python313\site-packages\comtypes\gen'
2026-06-30 18:37:39,715 - DEBUG - GetModule(qedit.dll), resolved: False
2026-06-30 18:37:39,716 - DEBUG - GetModule(TLIBATTR(GUID={78530B68-61F9-11D2-8CAD-00A024580902}, Version=1.0, LCID=0, FLags=0x8))
2026-06-30 18:37:39,740 - DEBUG - Release <POINTER(ITypeLib) ptr=0x22603e9ed90 at 2261a3de150>
2026-06-30 18:37:39,740 - DEBUG - GetModule(quartz.dll), resolved: False
2026-06-30 18:37:39,741 - DEBUG - GetModule(TLIBATTR(GUID={56A868B0-0AD4-11CE-B03A-0020AF0BA770}, Version=1.0, LCID=0, FLags=0x8))
2026-06-30 18:37:39,748 - DEBUG - Release <POINTER(ITypeLib) ptr=0x22603e9e550 at 2261a3de050>
2026-06-30 18:37:42,752 - INFO - UI load successful
2026-06-30 19:02:34,442 - DEBUG - OpenGL_accelerate module loaded
2026-06-30 19:02:34,472 - DEBUG - Using accelerated ArrayDatatype
2026-06-30 19:02:34,980 - DEBUG - CoInitializeEx(None, 2)
2026-06-30 19:02:35,098 - INFO - Imported existing <module 'comtypes.gen' from 'C:\\Users\\EXPRESS\\AppData\\Roaming\\Python\\Python313\\site-packages\\comtypes\\gen\\__init__.py'>
2026-06-30 19:02:35,098 - INFO - Using writeable comtypes cache directory: 'C:\Users\EXPRESS\AppData\Roaming\Python\Python313\site-packages\comtypes\gen'
2026-06-30 19:02:35,110 - DEBUG - GetModule(qedit.dll), resolved: False
2026-06-30 19:02:35,123 - DEBUG - GetModule(TLIBATTR(GUID={78530B68-61F9-11D2-8CAD-00A024580902}, Version=1.0, LCID=0, FLags=0x8))
2026-06-30 19:02:35,166 - DEBUG - Release <POINTER(ITypeLib) ptr=0x198502a1340 at 19852e7e150>
2026-06-30 19:02:35,166 - DEBUG - GetModule(quartz.dll), resolved: False
2026-06-30 19:02:35,175 - DEBUG - GetModule(TLIBATTR(GUID={56A868B0-0AD4-11CE-B03A-0020AF0BA770}, Version=1.0, LCID=0, FLags=0x8))
2026-06-30 19:02:35,185 - DEBUG - Release <POINTER(ITypeLib) ptr=0x198502a2940 at 19852e7e050>
2026-06-30 19:02:38,417 - INFO - UI load successful
2026-06-30 19:02:48,403 - INFO - Galvo Laser Shutdown
2026-06-30 19:02:48,444 - CRITICAL - Laser 1 : OFF
2026-06-30 19:02:48,445 - CRITICAL - Laser 2 : OFF
2026-06-30 19:02:48,445 - INFO - Stepper Lasers Shutdown
2026-06-30 19:02:48,445 - INFO - COM connection close successfully
2026-06-30 19:02:48,445 - INFO - Main window close successfully
2026-06-30 19:02:48,457 - INFO - ==================================================
2026-06-30 19:02:48,457 - INFO - New session close at 2026-06-30 19:02
2026-06-30 19:02:48,457 - INFO - ==================================================
2026-06-30 19:02:48,476 - DEBUG - Calling CoUninitialize()
2026-06-30 19:02:48,476 - DEBUG - CoUninitialize() done.
2026-06-30 19:13:38,634 - DEBUG - OpenGL_accelerate module loaded
2026-06-30 19:13:38,681 - DEBUG - Using accelerated ArrayDatatype
2026-06-30 19:13:39,193 - DEBUG - CoInitializeEx(None, 2)
2026-06-30 19:13:39,294 - INFO - Imported existing <module 'comtypes.gen' from 'C:\\Users\\EXPRESS\\AppData\\Roaming\\Python\\Python313\\site-packages\\comtypes\\gen\\__init__.py'>
2026-06-30 19:13:39,294 - INFO - Using writeable comtypes cache directory: 'C:\Users\EXPRESS\AppData\Roaming\Python\Python313\site-packages\comtypes\gen'
2026-06-30 19:13:39,305 - DEBUG - GetModule(qedit.dll), resolved: False
2026-06-30 19:13:39,319 - DEBUG - GetModule(TLIBATTR(GUID={78530B68-61F9-11D2-8CAD-00A024580902}, Version=1.0, LCID=0, FLags=0x8))
2026-06-30 19:13:39,360 - DEBUG - Release <POINTER(ITypeLib) ptr=0x182b7174070 at 182b9f7e150>
2026-06-30 19:13:39,360 - DEBUG - GetModule(quartz.dll), resolved: False
2026-06-30 19:13:39,369 - DEBUG - GetModule(TLIBATTR(GUID={56A868B0-0AD4-11CE-B03A-0020AF0BA770}, Version=1.0, LCID=0, FLags=0x8))
2026-06-30 19:13:39,378 - DEBUG - Release <POINTER(ITypeLib) ptr=0x182b7176170 at 182b9f7e050>
2026-06-30 19:13:44,079 - INFO - UI load successful
2026-06-30 19:14:06,880 - INFO - Galvo Laser Shutdown
2026-06-30 19:14:06,934 - CRITICAL - Laser 1 : OFF
2026-06-30 19:14:06,934 - CRITICAL - Laser 2 : OFF
2026-06-30 19:14:06,934 - INFO - Stepper Lasers Shutdown
2026-06-30 19:14:06,934 - INFO - COM connection close successfully
2026-06-30 19:14:06,934 - INFO - Main window close successfully
2026-06-30 19:14:06,939 - INFO - ==================================================
2026-06-30 19:14:06,939 - INFO - New session close at 2026-06-30 19:14
2026-06-30 19:14:06,939 - INFO - ==================================================
2026-06-30 19:14:06,959 - DEBUG - Calling CoUninitialize()
2026-06-30 19:14:06,959 - DEBUG - CoUninitialize() done.
2026-06-30 19:30:51,372 - DEBUG - OpenGL_accelerate module loaded
2026-06-30 19:30:51,404 - DEBUG - Using accelerated ArrayDatatype
2026-06-30 19:30:51,918 - DEBUG - CoInitializeEx(None, 2)
2026-06-30 19:30:52,027 - INFO - Imported existing <module 'comtypes.gen' from 'C:\\Users\\EXPRESS\\AppData\\Roaming\\Python\\Python313\\site-packages\\comtypes\\gen\\__init__.py'>
2026-06-30 19:30:52,027 - INFO - Using writeable comtypes cache directory: 'C:\Users\EXPRESS\AppData\Roaming\Python\Python313\site-packages\comtypes\gen'
2026-06-30 19:30:52,038 - DEBUG - GetModule(qedit.dll), resolved: False
2026-06-30 19:30:52,053 - DEBUG - GetModule(TLIBATTR(GUID={78530B68-61F9-11D2-8CAD-00A024580902}, Version=1.0, LCID=0, FLags=0x8))
2026-06-30 19:30:52,095 - DEBUG - Release <POINTER(ITypeLib) ptr=0x1f8ea212b60 at 1f8ed0de150>
2026-06-30 19:30:52,095 - DEBUG - GetModule(quartz.dll), resolved: False
2026-06-30 19:30:52,104 - DEBUG - GetModule(TLIBATTR(GUID={56A868B0-0AD4-11CE-B03A-0020AF0BA770}, Version=1.0, LCID=0, FLags=0x8))
2026-06-30 19:30:52,113 - DEBUG - Release <POINTER(ITypeLib) ptr=0x1f8ea212b60 at 1f8ed0de050>
2026-06-30 19:30:55,345 - INFO - UI load successful
2026-06-30 19:31:05,127 - INFO - File selected : D:/TeamDev/DLL_Galvo/Galvo_Scribing/ide2.svg
2026-06-30 19:31:08,949 - INFO - Parameters saved for D:/TeamDev/DLL_Galvo/Galvo_Scribing/ide2.svg
2026-06-30 20:06:40,694 - INFO - Galvo Laser Shutdown
2026-06-30 20:06:40,750 - CRITICAL - Laser 1 : OFF
2026-06-30 20:06:40,751 - CRITICAL - Laser 2 : OFF
2026-06-30 20:06:40,751 - INFO - Stepper Lasers Shutdown
2026-06-30 20:06:40,751 - INFO - COM connection close successfully
2026-06-30 20:06:40,751 - INFO - Main window close successfully
2026-06-30 20:06:40,751 - INFO - ==================================================
2026-06-30 20:06:40,752 - INFO - New session close at 2026-06-30 20:06
2026-06-30 20:06:40,752 - INFO - ==================================================
2026-06-30 20:06:40,787 - DEBUG - Calling CoUninitialize()
2026-06-30 20:06:40,787 - DEBUG - CoUninitialize() done.
2026-07-01 15:11:25,318 - DEBUG - OpenGL_accelerate module loaded
2026-07-01 15:11:25,471 - DEBUG - Using accelerated ArrayDatatype
2026-07-01 15:11:27,389 - DEBUG - CoInitializeEx(None, 2)
2026-07-01 15:11:27,716 - INFO - Imported existing <module 'comtypes.gen' from 'C:\\Users\\EXPRESS\\AppData\\Roaming\\Python\\Python313\\site-packages\\comtypes\\gen\\__init__.py'>
2026-07-01 15:11:27,716 - INFO - Using writeable comtypes cache directory: 'C:\Users\EXPRESS\AppData\Roaming\Python\Python313\site-packages\comtypes\gen'
2026-07-01 15:11:27,758 - DEBUG - GetModule(qedit.dll), resolved: False
2026-07-01 15:11:27,763 - DEBUG - GetModule(TLIBATTR(GUID={78530B68-61F9-11D2-8CAD-00A024580902}, Version=1.0, LCID=0, FLags=0x8))
2026-07-01 15:11:27,820 - DEBUG - Release <POINTER(ITypeLib) ptr=0x21e31bce890 at 21e34956350>
2026-07-01 15:11:27,820 - DEBUG - GetModule(quartz.dll), resolved: False
2026-07-01 15:11:27,822 - DEBUG - GetModule(TLIBATTR(GUID={56A868B0-0AD4-11CE-B03A-0020AF0BA770}, Version=1.0, LCID=0, FLags=0x8))
2026-07-01 15:11:27,844 - DEBUG - Release <POINTER(ITypeLib) ptr=0x21e31bce890 at 21e34956250>
2026-07-01 15:11:31,110 - INFO - UI load successful
2026-07-01 15:12:20,734 - INFO - Profile : Supervisor
2026-07-01 15:13:20,150 - INFO - Galvo Laser Shutdown
2026-07-01 15:13:20,196 - CRITICAL - Laser 1 : OFF
2026-07-01 15:13:20,196 - CRITICAL - Laser 2 : OFF
2026-07-01 15:13:20,196 - INFO - Stepper Lasers Shutdown
2026-07-01 15:13:20,196 - INFO - COM connection close successfully
2026-07-01 15:13:20,197 - INFO - Main window close successfully
2026-07-01 15:13:20,202 - INFO - ==================================================
2026-07-01 15:13:20,203 - INFO - New session close at 2026-07-01 15:13
2026-07-01 15:13:20,203 - INFO - ==================================================
2026-07-01 15:13:20,220 - DEBUG - Calling CoUninitialize()
2026-07-01 15:13:20,221 - DEBUG - CoUninitialize() done.
2026-07-01 15:38:00,995 - DEBUG - OpenGL_accelerate module loaded
2026-07-01 15:38:01,043 - DEBUG - Using accelerated ArrayDatatype
2026-07-01 15:38:01,693 - DEBUG - CoInitializeEx(None, 2)
2026-07-01 15:38:01,813 - INFO - Imported existing <module 'comtypes.gen' from 'C:\\Users\\EXPRESS\\AppData\\Roaming\\Python\\Python313\\site-packages\\comtypes\\gen\\__init__.py'>
2026-07-01 15:38:01,813 - INFO - Using writeable comtypes cache directory: 'C:\Users\EXPRESS\AppData\Roaming\Python\Python313\site-packages\comtypes\gen'
2026-07-01 15:38:01,822 - DEBUG - GetModule(qedit.dll), resolved: False
2026-07-01 15:38:01,832 - DEBUG - GetModule(TLIBATTR(GUID={78530B68-61F9-11D2-8CAD-00A024580902}, Version=1.0, LCID=0, FLags=0x8))
2026-07-01 15:38:01,866 - DEBUG - Release <POINTER(ITypeLib) ptr=0x22528e1b5e0 at 2252c094550>
2026-07-01 15:38:01,867 - DEBUG - GetModule(quartz.dll), resolved: False
2026-07-01 15:38:01,873 - DEBUG - GetModule(TLIBATTR(GUID={56A868B0-0AD4-11CE-B03A-0020AF0BA770}, Version=1.0, LCID=0, FLags=0x8))
2026-07-01 15:38:01,886 - DEBUG - Release <POINTER(ITypeLib) ptr=0x22528e19a60 at 2252c094450>
2026-07-01 15:38:05,960 - INFO - UI load successful
2026-07-01 15:39:17,778 - INFO - Profile : Supervisor
2026-07-01 15:40:10,332 - INFO - File selected : D:/TeamDev/DLL_Galvo/Galvo_Scribing/ide2.svg
2026-07-01 15:40:12,508 - INFO - Parameters saved for D:/TeamDev/DLL_Galvo/Galvo_Scribing/ide2.svg
2026-07-01 15:40:48,911 - INFO - Parameters saved for D:/TeamDev/DLL_Galvo/Galvo_Scribing/ide2.svg
2026-07-01 15:42:01,167 - INFO - Galvo Laser Shutdown
2026-07-01 15:42:01,170 - CRITICAL - Laser 1 : OFF
2026-07-01 15:42:01,171 - CRITICAL - Laser 2 : OFF
2026-07-01 15:42:01,171 - INFO - Stepper Lasers Shutdown
2026-07-01 15:42:01,171 - INFO - COM connection close successfully
2026-07-01 15:42:01,171 - INFO - Main window close successfully
2026-07-01 15:42:01,171 - INFO - ==================================================
2026-07-01 15:42:01,171 - INFO - New session close at 2026-07-01 15:42
2026-07-01 15:42:01,171 - INFO - ==================================================
2026-07-01 15:42:01,188 - DEBUG - Calling CoUninitialize()
2026-07-01 15:42:01,188 - DEBUG - CoUninitialize() done.
2026-07-01 16:00:12,321 - DEBUG - OpenGL_accelerate module loaded
2026-07-01 16:00:12,382 - DEBUG - Using accelerated ArrayDatatype
2026-07-01 16:00:12,916 - DEBUG - CoInitializeEx(None, 2)
2026-07-01 16:00:13,018 - INFO - Imported existing <module 'comtypes.gen' from 'C:\\Users\\EXPRESS\\AppData\\Roaming\\Python\\Python313\\site-packages\\comtypes\\gen\\__init__.py'>
2026-07-01 16:00:13,019 - INFO - Using writeable comtypes cache directory: 'C:\Users\EXPRESS\AppData\Roaming\Python\Python313\site-packages\comtypes\gen'
2026-07-01 16:00:13,029 - DEBUG - GetModule(qedit.dll), resolved: False
2026-07-01 16:00:13,043 - DEBUG - GetModule(TLIBATTR(GUID={78530B68-61F9-11D2-8CAD-00A024580902}, Version=1.0, LCID=0, FLags=0x8))
2026-07-01 16:00:13,086 - DEBUG - Release <POINTER(ITypeLib) ptr=0x1cd6348fb40 at 1cd66236350>
2026-07-01 16:00:13,086 - DEBUG - GetModule(quartz.dll), resolved: False
2026-07-01 16:00:13,097 - DEBUG - GetModule(TLIBATTR(GUID={56A868B0-0AD4-11CE-B03A-0020AF0BA770}, Version=1.0, LCID=0, FLags=0x8))
2026-07-01 16:00:13,107 - DEBUG - Release <POINTER(ITypeLib) ptr=0x1cd6348cf40 at 1cd66236250>
2026-07-01 16:00:17,757 - INFO - UI load successful
2026-07-01 16:00:39,081 - INFO - Galvo Laser Shutdown
2026-07-01 16:00:39,134 - CRITICAL - Laser 1 : OFF
2026-07-01 16:00:39,135 - CRITICAL - Laser 2 : OFF
2026-07-01 16:00:39,135 - INFO - Stepper Lasers Shutdown
2026-07-01 16:00:39,135 - INFO - COM connection close successfully
2026-07-01 16:00:39,135 - INFO - Main window close successfully
2026-07-01 16:00:39,140 - INFO - ==================================================
2026-07-01 16:00:39,140 - INFO - New session close at 2026-07-01 16:00
2026-07-01 16:00:39,140 - INFO - ==================================================
2026-07-01 16:00:39,156 - DEBUG - Calling CoUninitialize()
2026-07-01 16:00:39,157 - DEBUG - CoUninitialize() done.
2026-07-01 16:14:09,853 - DEBUG - OpenGL_accelerate module loaded
2026-07-01 16:14:09,919 - DEBUG - Using accelerated ArrayDatatype
2026-07-01 16:14:10,575 - DEBUG - CoInitializeEx(None, 2)
2026-07-01 16:14:10,709 - INFO - Imported existing <module 'comtypes.gen' from 'C:\\Users\\EXPRESS\\AppData\\Roaming\\Python\\Python313\\site-packages\\comtypes\\gen\\__init__.py'>
2026-07-01 16:14:10,710 - INFO - Using writeable comtypes cache directory: 'C:\Users\EXPRESS\AppData\Roaming\Python\Python313\site-packages\comtypes\gen'
2026-07-01 16:14:10,721 - DEBUG - GetModule(qedit.dll), resolved: False
2026-07-01 16:14:10,737 - DEBUG - GetModule(TLIBATTR(GUID={78530B68-61F9-11D2-8CAD-00A024580902}, Version=1.0, LCID=0, FLags=0x8))
2026-07-01 16:14:10,794 - DEBUG - Release <POINTER(ITypeLib) ptr=0x20db5dc81e0 at 20db987c550>
2026-07-01 16:14:10,795 - DEBUG - GetModule(quartz.dll), resolved: False
2026-07-01 16:14:10,805 - DEBUG - GetModule(TLIBATTR(GUID={56A868B0-0AD4-11CE-B03A-0020AF0BA770}, Version=1.0, LCID=0, FLags=0x8))
2026-07-01 16:14:10,824 - DEBUG - Release <POINTER(ITypeLib) ptr=0x20db5dc9260 at 20db987c450>
2026-07-01 16:14:15,905 - INFO - UI load successful
2026-07-01 16:15:12,927 - INFO - File selected : D:/TeamDev/DLL_Galvo/Galvo_Scribing/ide2.svg
2026-07-01 16:15:14,938 - INFO - Parameters saved for D:/TeamDev/DLL_Galvo/Galvo_Scribing/ide2.svg
2026-07-01 16:29:12,406 - INFO - Galvo Laser Shutdown
2026-07-01 16:29:12,461 - CRITICAL - Laser 1 : OFF
2026-07-01 16:29:12,461 - CRITICAL - Laser 2 : OFF
2026-07-01 16:29:12,461 - INFO - Stepper Lasers Shutdown
2026-07-01 16:29:12,461 - INFO - COM connection close successfully
2026-07-01 16:29:12,461 - INFO - Main window close successfully
2026-07-01 16:29:12,461 - INFO - ==================================================
2026-07-01 16:29:12,461 - INFO - New session close at 2026-07-01 16:29
2026-07-01 16:29:12,461 - INFO - ==================================================
2026-07-01 16:29:12,480 - DEBUG - Calling CoUninitialize()
2026-07-01 16:29:12,480 - DEBUG - CoUninitialize() done.
2026-07-02 10:51:55,977 - DEBUG - OpenGL_accelerate module loaded
2026-07-02 10:51:56,119 - DEBUG - Using accelerated ArrayDatatype
2026-07-02 10:51:58,065 - DEBUG - CoInitializeEx(None, 2)
2026-07-02 10:51:58,413 - INFO - Imported existing <module 'comtypes.gen' from 'C:\\Users\\EXPRESS\\AppData\\Roaming\\Python\\Python313\\site-packages\\comtypes\\gen\\__init__.py'>
2026-07-02 10:51:58,413 - INFO - Using writeable comtypes cache directory: 'C:\Users\EXPRESS\AppData\Roaming\Python\Python313\site-packages\comtypes\gen'
2026-07-02 10:51:58,458 - DEBUG - GetModule(qedit.dll), resolved: False
2026-07-02 10:51:58,461 - DEBUG - GetModule(TLIBATTR(GUID={78530B68-61F9-11D2-8CAD-00A024580902}, Version=1.0, LCID=0, FLags=0x8))
2026-07-02 10:51:58,520 - DEBUG - Release <POINTER(ITypeLib) ptr=0x1c8df897d80 at 1c8e27563d0>
2026-07-02 10:51:58,521 - DEBUG - GetModule(quartz.dll), resolved: False
2026-07-02 10:51:58,523 - DEBUG - GetModule(TLIBATTR(GUID={56A868B0-0AD4-11CE-B03A-0020AF0BA770}, Version=1.0, LCID=0, FLags=0x8))
2026-07-02 10:51:58,546 - DEBUG - Release <POINTER(ITypeLib) ptr=0x1c8df897d80 at 1c8e27562d0>
2026-07-02 10:51:59,479 - INFO - UI load successful
2026-07-02 10:52:12,453 - INFO - Profile : Supervisor
2026-07-02 10:52:43,528 - INFO - File selected : D:/TeamDev/DLL_Galvo/Galvo_Scribing/ide2.svg
2026-07-02 10:52:52,750 - INFO - Parameters saved for D:/TeamDev/DLL_Galvo/Galvo_Scribing/ide2.svg
2026-07-02 10:53:24,733 - CRITICAL - Laser 1 : OFF
2026-07-02 10:53:24,734 - CRITICAL - Laser 2 : OFF
2026-07-02 10:53:24,734 - INFO - Stepper Lasers Shutdown
2026-07-02 10:53:24,734 - INFO - COM connection close successfully
2026-07-02 10:53:24,735 - INFO - Main window close successfully
2026-07-02 10:53:24,735 - INFO - ==================================================
2026-07-02 10:53:24,735 - INFO - New session close at 2026-07-02 10:53
2026-07-02 10:53:24,735 - INFO - ==================================================
2026-07-02 10:53:24,777 - DEBUG - Calling CoUninitialize()
2026-07-02 10:53:24,777 - DEBUG - CoUninitialize() done.
2026-07-02 10:58:27,580 - DEBUG - OpenGL_accelerate module loaded
2026-07-02 10:58:27,592 - DEBUG - Using accelerated ArrayDatatype
2026-07-02 10:58:27,838 - DEBUG - CoInitializeEx(None, 2)
2026-07-02 10:58:27,885 - INFO - Imported existing <module 'comtypes.gen' from 'C:\\Users\\EXPRESS\\AppData\\Roaming\\Python\\Python313\\site-packages\\comtypes\\gen\\__init__.py'>
2026-07-02 10:58:27,885 - INFO - Using writeable comtypes cache directory: 'C:\Users\EXPRESS\AppData\Roaming\Python\Python313\site-packages\comtypes\gen'
2026-07-02 10:58:27,891 - DEBUG - GetModule(qedit.dll), resolved: False
2026-07-02 10:58:27,893 - DEBUG - GetModule(TLIBATTR(GUID={78530B68-61F9-11D2-8CAD-00A024580902}, Version=1.0, LCID=0, FLags=0x8))
2026-07-02 10:58:27,919 - DEBUG - Release <POINTER(ITypeLib) ptr=0x1d941a2f420 at 1d944976450>
2026-07-02 10:58:27,919 - DEBUG - GetModule(quartz.dll), resolved: False
2026-07-02 10:58:27,920 - DEBUG - GetModule(TLIBATTR(GUID={56A868B0-0AD4-11CE-B03A-0020AF0BA770}, Version=1.0, LCID=0, FLags=0x8))
2026-07-02 10:58:27,927 - DEBUG - Release <POINTER(ITypeLib) ptr=0x1d941a2f420 at 1d944976350>
2026-07-02 10:58:28,203 - INFO - UI load successful
2026-07-02 10:59:33,984 - INFO - Profile : Supervisor
2026-07-02 11:03:49,498 - INFO - File selected : D:/TeamDev/DLL_Galvo/Galvo_Scribing/ide2.svg
2026-07-02 11:03:51,826 - INFO - Parameters saved for D:/TeamDev/DLL_Galvo/Galvo_Scribing/ide2.svg
2026-07-02 11:04:18,920 - CRITICAL - Laser 1 : OFF
2026-07-02 11:04:18,920 - CRITICAL - Laser 2 : OFF
2026-07-02 11:04:18,920 - INFO - Stepper Lasers Shutdown
2026-07-02 11:04:18,920 - INFO - COM connection close successfully
2026-07-02 11:04:18,920 - INFO - Main window close successfully
2026-07-02 11:04:18,920 - INFO - ==================================================
2026-07-02 11:04:18,920 - INFO - New session close at 2026-07-02 11:04
2026-07-02 11:04:18,920 - INFO - ==================================================
2026-07-02 11:04:18,930 - DEBUG - Calling CoUninitialize()
2026-07-02 11:04:18,931 - DEBUG - CoUninitialize() done.
2026-07-02 11:05:13,851 - DEBUG - OpenGL_accelerate module loaded
2026-07-02 11:05:13,861 - DEBUG - Using accelerated ArrayDatatype
2026-07-02 11:05:14,096 - DEBUG - CoInitializeEx(None, 2)
2026-07-02 11:05:14,139 - INFO - Imported existing <module 'comtypes.gen' from 'C:\\Users\\EXPRESS\\AppData\\Roaming\\Python\\Python313\\site-packages\\comtypes\\gen\\__init__.py'>
2026-07-02 11:05:14,139 - INFO - Using writeable comtypes cache directory: 'C:\Users\EXPRESS\AppData\Roaming\Python\Python313\site-packages\comtypes\gen'
2026-07-02 11:05:14,145 - DEBUG - GetModule(qedit.dll), resolved: False
2026-07-02 11:05:14,147 - DEBUG - GetModule(TLIBATTR(GUID={78530B68-61F9-11D2-8CAD-00A024580902}, Version=1.0, LCID=0, FLags=0x8))
2026-07-02 11:05:14,172 - DEBUG - Release <POINTER(ITypeLib) ptr=0x22b00daa310 at 22b02bca450>
2026-07-02 11:05:14,172 - DEBUG - GetModule(quartz.dll), resolved: False
2026-07-02 11:05:14,173 - DEBUG - GetModule(TLIBATTR(GUID={56A868B0-0AD4-11CE-B03A-0020AF0BA770}, Version=1.0, LCID=0, FLags=0x8))
2026-07-02 11:05:14,180 - DEBUG - Release <POINTER(ITypeLib) ptr=0x22b00da84d0 at 22b02bca350>
2026-07-02 11:05:16,806 - INFO - UI load successful
2026-07-02 11:07:00,774 - INFO - File selected : D:/TeamDev/DLL_Galvo/Galvo_Scribing/ide2.svg
2026-07-02 11:07:10,575 - INFO - Parameters saved for D:/TeamDev/DLL_Galvo/Galvo_Scribing/ide2.svg
2026-07-02 11:09:35,184 - INFO - Profile : Supervisor
2026-07-02 11:11:28,331 - INFO - Galvo Laser Shutdown
2026-07-02 11:11:28,343 - CRITICAL - Laser 1 : OFF
2026-07-02 11:11:28,344 - CRITICAL - Laser 2 : OFF
2026-07-02 11:11:28,344 - INFO - Stepper Lasers Shutdown
2026-07-02 11:11:28,344 - INFO - COM connection close successfully
2026-07-02 11:11:28,344 - INFO - Main window close successfully
2026-07-02 11:11:28,344 - INFO - ==================================================
2026-07-02 11:11:28,344 - INFO - New session close at 2026-07-02 11:11
2026-07-02 11:11:28,344 - INFO - ==================================================
2026-07-02 11:11:28,357 - DEBUG - Calling CoUninitialize()
2026-07-02 11:11:28,358 - DEBUG - CoUninitialize() done.
2026-07-02 11:11:43,328 - DEBUG - OpenGL_accelerate module loaded
2026-07-02 11:11:43,354 - DEBUG - Using accelerated ArrayDatatype
2026-07-02 11:11:43,842 - DEBUG - CoInitializeEx(None, 2)
2026-07-02 11:11:43,945 - INFO - Imported existing <module 'comtypes.gen' from 'C:\\Users\\EXPRESS\\AppData\\Roaming\\Python\\Python313\\site-packages\\comtypes\\gen\\__init__.py'>
2026-07-02 11:11:43,945 - INFO - Using writeable comtypes cache directory: 'C:\Users\EXPRESS\AppData\Roaming\Python\Python313\site-packages\comtypes\gen'
2026-07-02 11:11:43,956 - DEBUG - GetModule(qedit.dll), resolved: False
2026-07-02 11:11:43,969 - DEBUG - GetModule(TLIBATTR(GUID={78530B68-61F9-11D2-8CAD-00A024580902}, Version=1.0, LCID=0, FLags=0x8))
2026-07-02 11:11:44,005 - DEBUG - Release <POINTER(ITypeLib) ptr=0x19f3544dec0 at 19f4b2aa450>
2026-07-02 11:11:44,005 - DEBUG - GetModule(quartz.dll), resolved: False
2026-07-02 11:11:44,012 - DEBUG - GetModule(TLIBATTR(GUID={56A868B0-0AD4-11CE-B03A-0020AF0BA770}, Version=1.0, LCID=0, FLags=0x8))
2026-07-02 11:11:44,020 - DEBUG - Release <POINTER(ITypeLib) ptr=0x19f3544fa40 at 19f4b2aa350>
2026-07-02 11:11:47,230 - INFO - UI load successful
2026-07-02 11:13:49,856 - INFO - Galvo Laser Shutdown
2026-07-02 11:13:49,857 - CRITICAL - Laser 1 : OFF
2026-07-02 11:13:49,857 - CRITICAL - Laser 2 : OFF
2026-07-02 11:13:49,857 - INFO - Stepper Lasers Shutdown
2026-07-02 11:13:49,857 - INFO - COM connection close successfully
2026-07-02 11:13:49,858 - INFO - Main window close successfully
2026-07-02 11:13:49,858 - INFO - ==================================================
2026-07-02 11:13:49,858 - INFO - New session close at 2026-07-02 11:13
2026-07-02 11:13:49,858 - INFO - ==================================================
2026-07-02 11:13:49,865 - DEBUG - Calling CoUninitialize()
2026-07-02 11:13:49,865 - DEBUG - CoUninitialize() done.
2026-07-02 12:08:38,127 - DEBUG - OpenGL_accelerate module loaded
2026-07-02 12:08:38,244 - DEBUG - Using accelerated ArrayDatatype
2026-07-02 12:08:39,455 - DEBUG - CoInitializeEx(None, 2)
2026-07-02 12:08:39,693 - INFO - Imported existing <module 'comtypes.gen' from 'C:\\Users\\EXPRESS\\AppData\\Roaming\\Python\\Python313\\site-packages\\comtypes\\gen\\__init__.py'>
2026-07-02 12:08:39,694 - INFO - Using writeable comtypes cache directory: 'C:\Users\EXPRESS\AppData\Roaming\Python\Python313\site-packages\comtypes\gen'
2026-07-02 12:08:39,720 - DEBUG - GetModule(qedit.dll), resolved: False
2026-07-02 12:08:39,725 - DEBUG - GetModule(TLIBATTR(GUID={78530B68-61F9-11D2-8CAD-00A024580902}, Version=1.0, LCID=0, FLags=0x8))
2026-07-02 12:08:39,773 - DEBUG - Release <POINTER(ITypeLib) ptr=0x293c045a3c0 at 293d63da450>
2026-07-02 12:08:39,773 - DEBUG - GetModule(quartz.dll), resolved: False
2026-07-02 12:08:39,776 - DEBUG - GetModule(TLIBATTR(GUID={56A868B0-0AD4-11CE-B03A-0020AF0BA770}, Version=1.0, LCID=0, FLags=0x8))
2026-07-02 12:08:39,799 - DEBUG - Release <POINTER(ITypeLib) ptr=0x293c045b700 at 293d63da350>
2026-07-02 12:08:40,594 - INFO - UI load successful
2026-07-02 12:08:47,019 - CRITICAL - Laser 1 : OFF
2026-07-02 12:08:47,020 - CRITICAL - Laser 2 : OFF
2026-07-02 12:08:47,020 - INFO - Stepper Lasers Shutdown
2026-07-02 12:08:47,020 - INFO - COM connection close successfully
2026-07-02 12:08:47,020 - INFO - Main window close successfully
2026-07-02 12:08:47,020 - INFO - ==================================================
2026-07-02 12:08:47,020 - INFO - New session close at 2026-07-02 12:08
2026-07-02 12:08:47,020 - INFO - ==================================================
2026-07-02 12:08:47,037 - DEBUG - Calling CoUninitialize()
2026-07-02 12:08:47,037 - DEBUG - CoUninitialize() done.
2026-07-02 12:10:42,483 - DEBUG - OpenGL_accelerate module loaded
2026-07-02 12:10:42,494 - DEBUG - Using accelerated ArrayDatatype
2026-07-02 12:10:42,761 - DEBUG - CoInitializeEx(None, 2)
2026-07-02 12:10:42,808 - INFO - Imported existing <module 'comtypes.gen' from 'C:\\Users\\EXPRESS\\AppData\\Roaming\\Python\\Python313\\site-packages\\comtypes\\gen\\__init__.py'>
2026-07-02 12:10:42,808 - INFO - Using writeable comtypes cache directory: 'C:\Users\EXPRESS\AppData\Roaming\Python\Python313\site-packages\comtypes\gen'
2026-07-02 12:10:42,816 - DEBUG - GetModule(qedit.dll), resolved: False
2026-07-02 12:10:42,818 - DEBUG - GetModule(TLIBATTR(GUID={78530B68-61F9-11D2-8CAD-00A024580902}, Version=1.0, LCID=0, FLags=0x8))
2026-07-02 12:10:42,848 - DEBUG - Release <POINTER(ITypeLib) ptr=0x21771fe7450 at 21774cca450>
2026-07-02 12:10:42,849 - DEBUG - GetModule(quartz.dll), resolved: False
2026-07-02 12:10:42,850 - DEBUG - GetModule(TLIBATTR(GUID={56A868B0-0AD4-11CE-B03A-0020AF0BA770}, Version=1.0, LCID=0, FLags=0x8))
2026-07-02 12:10:42,858 - DEBUG - Release <POINTER(ITypeLib) ptr=0x21771fe63d0 at 21774cca350>
2026-07-02 12:10:45,517 - INFO - UI load successful
2026-07-02 12:11:11,988 - INFO - Profile : Supervisor
2026-07-02 12:11:56,206 - INFO - Close event ignored.
2026-07-02 12:13:36,156 - INFO - Galvo Laser Shutdown
2026-07-02 12:13:36,208 - CRITICAL - Laser 1 : OFF
2026-07-02 12:13:36,208 - CRITICAL - Laser 2 : OFF
2026-07-02 12:13:36,209 - INFO - Stepper Lasers Shutdown
2026-07-02 12:13:36,209 - INFO - COM connection close successfully
2026-07-02 12:13:36,209 - INFO - Main window close successfully
2026-07-02 12:13:36,214 - INFO - ==================================================
2026-07-02 12:13:36,214 - INFO - New session close at 2026-07-02 12:13
2026-07-02 12:13:36,214 - INFO - ==================================================
2026-07-02 12:13:36,233 - DEBUG - Calling CoUninitialize()
2026-07-02 12:13:36,233 - DEBUG - CoUninitialize() done.
2026-07-02 16:56:30,633 - DEBUG - OpenGL_accelerate module loaded
2026-07-02 16:56:30,696 - DEBUG - Using accelerated ArrayDatatype
2026-07-02 16:56:31,313 - DEBUG - CoInitializeEx(None, 2)
2026-07-02 16:56:31,431 - INFO - Imported existing <module 'comtypes.gen' from 'C:\\Users\\EXPRESS\\AppData\\Roaming\\Python\\Python313\\site-packages\\comtypes\\gen\\__init__.py'>
2026-07-02 16:56:31,431 - INFO - Using writeable comtypes cache directory: 'C:\Users\EXPRESS\AppData\Roaming\Python\Python313\site-packages\comtypes\gen'
2026-07-02 16:56:31,443 - DEBUG - GetModule(qedit.dll), resolved: False
2026-07-02 16:56:31,457 - DEBUG - GetModule(TLIBATTR(GUID={78530B68-61F9-11D2-8CAD-00A024580902}, Version=1.0, LCID=0, FLags=0x8))
2026-07-02 16:56:31,497 - DEBUG - Release <POINTER(ITypeLib) ptr=0x26bc9bf3770 at 26bcc9e6450>
2026-07-02 16:56:31,498 - DEBUG - GetModule(quartz.dll), resolved: False
2026-07-02 16:56:31,508 - DEBUG - GetModule(TLIBATTR(GUID={56A868B0-0AD4-11CE-B03A-0020AF0BA770}, Version=1.0, LCID=0, FLags=0x8))
2026-07-02 16:56:31,517 - DEBUG - Release <POINTER(ITypeLib) ptr=0x26bc9bf3770 at 26bcc9e6350>
2026-07-02 16:56:35,774 - INFO - UI load successful
2026-07-06 10:35:57,093 - DEBUG - OpenGL_accelerate module loaded
2026-07-06 10:35:57,236 - DEBUG - Using accelerated ArrayDatatype
2026-07-06 10:35:59,390 - DEBUG - CoInitializeEx(None, 2)
2026-07-06 10:35:59,764 - INFO - Imported existing <module 'comtypes.gen' from 'C:\\Users\\EXPRESS\\AppData\\Roaming\\Python\\Python313\\site-packages\\comtypes\\gen\\__init__.py'>
2026-07-06 10:35:59,764 - INFO - Using writeable comtypes cache directory: 'C:\Users\EXPRESS\AppData\Roaming\Python\Python313\site-packages\comtypes\gen'
2026-07-06 10:35:59,810 - DEBUG - GetModule(qedit.dll), resolved: False
2026-07-06 10:35:59,813 - DEBUG - GetModule(TLIBATTR(GUID={78530B68-61F9-11D2-8CAD-00A024580902}, Version=1.0, LCID=0, FLags=0x8))
2026-07-06 10:35:59,885 - DEBUG - Release <POINTER(ITypeLib) ptr=0x222214eec40 at 2222432a450>
2026-07-06 10:35:59,885 - DEBUG - GetModule(quartz.dll), resolved: False
2026-07-06 10:35:59,887 - DEBUG - GetModule(TLIBATTR(GUID={56A868B0-0AD4-11CE-B03A-0020AF0BA770}, Version=1.0, LCID=0, FLags=0x8))
2026-07-06 10:35:59,910 - DEBUG - Release <POINTER(ITypeLib) ptr=0x222214eec40 at 2222432a350>
2026-07-06 10:49:29,002 - DEBUG - OpenGL_accelerate module loaded
2026-07-06 10:49:29,058 - DEBUG - Using accelerated ArrayDatatype
2026-07-06 10:49:29,567 - DEBUG - CoInitializeEx(None, 2)
2026-07-06 10:49:29,677 - INFO - Imported existing <module 'comtypes.gen' from 'C:\\Users\\EXPRESS\\AppData\\Roaming\\Python\\Python313\\site-packages\\comtypes\\gen\\__init__.py'>
2026-07-06 10:49:29,677 - INFO - Using writeable comtypes cache directory: 'C:\Users\EXPRESS\AppData\Roaming\Python\Python313\site-packages\comtypes\gen'
2026-07-06 10:49:29,687 - DEBUG - GetModule(qedit.dll), resolved: False
2026-07-06 10:49:29,702 - DEBUG - GetModule(TLIBATTR(GUID={78530B68-61F9-11D2-8CAD-00A024580902}, Version=1.0, LCID=0, FLags=0x8))
2026-07-06 10:49:29,745 - DEBUG - Release <POINTER(ITypeLib) ptr=0x18d0cab6190 at 18d0f8ea450>
2026-07-06 10:49:29,746 - DEBUG - GetModule(quartz.dll), resolved: False
2026-07-06 10:49:29,756 - DEBUG - GetModule(TLIBATTR(GUID={56A868B0-0AD4-11CE-B03A-0020AF0BA770}, Version=1.0, LCID=0, FLags=0x8))
2026-07-06 10:49:29,764 - DEBUG - Release <POINTER(ITypeLib) ptr=0x18d0cab6190 at 18d0f8ea350>
2026-07-06 10:49:35,763 - INFO - UI load successful
2026-07-06 10:53:06,903 - INFO - Galvo Laser Shutdown
2026-07-06 10:53:06,957 - CRITICAL - Laser 1 : OFF
2026-07-06 10:53:06,958 - CRITICAL - Laser 2 : OFF
2026-07-06 10:53:06,958 - INFO - Stepper Lasers Shutdown
2026-07-06 10:53:06,959 - INFO - COM connection close successfully
2026-07-06 10:53:06,959 - INFO - Main window close successfully
2026-07-06 10:53:06,970 - INFO - ==================================================
2026-07-06 10:53:06,971 - INFO - New session close at 2026-07-06 10:53
2026-07-06 10:53:06,971 - INFO - ==================================================
2026-07-06 10:53:06,994 - DEBUG - Calling CoUninitialize()
2026-07-06 10:53:06,994 - DEBUG - CoUninitialize() done.
2026-07-06 10:53:13,310 - DEBUG - OpenGL_accelerate module loaded
2026-07-06 10:53:13,320 - DEBUG - Using accelerated ArrayDatatype
2026-07-06 10:53:13,533 - DEBUG - CoInitializeEx(None, 2)
2026-07-06 10:53:13,572 - INFO - Imported existing <module 'comtypes.gen' from 'C:\\Users\\EXPRESS\\AppData\\Roaming\\Python\\Python313\\site-packages\\comtypes\\gen\\__init__.py'>
2026-07-06 10:53:13,572 - INFO - Using writeable comtypes cache directory: 'C:\Users\EXPRESS\AppData\Roaming\Python\Python313\site-packages\comtypes\gen'
2026-07-06 10:53:13,577 - DEBUG - GetModule(qedit.dll), resolved: False
2026-07-06 10:53:13,578 - DEBUG - GetModule(TLIBATTR(GUID={78530B68-61F9-11D2-8CAD-00A024580902}, Version=1.0, LCID=0, FLags=0x8))
2026-07-06 10:53:13,601 - DEBUG - Release <POINTER(ITypeLib) ptr=0x1b917545430 at 1b91a16a450>
2026-07-06 10:53:13,602 - DEBUG - GetModule(quartz.dll), resolved: False
2026-07-06 10:53:13,602 - DEBUG - GetModule(TLIBATTR(GUID={56A868B0-0AD4-11CE-B03A-0020AF0BA770}, Version=1.0, LCID=0, FLags=0x8))
2026-07-06 10:53:13,609 - DEBUG - Release <POINTER(ITypeLib) ptr=0x1b9175456f0 at 1b91a16a350>
2026-07-06 10:53:13,852 - INFO - UI load successful
2026-07-06 14:56:53,849 - CRITICAL - Laser 1 : OFF
2026-07-06 14:56:53,850 - CRITICAL - Laser 2 : OFF
2026-07-06 14:56:53,850 - INFO - Stepper Lasers Shutdown
2026-07-06 14:56:53,850 - INFO - COM connection close successfully
2026-07-06 14:56:53,850 - INFO - Main window close successfully
2026-07-06 14:56:53,850 - INFO - ==================================================
2026-07-06 14:56:53,850 - INFO - New session close at 2026-07-06 14:56
2026-07-06 14:56:53,850 - INFO - ==================================================
2026-07-06 14:56:53,866 - DEBUG - Calling CoUninitialize()
2026-07-06 14:56:53,867 - DEBUG - CoUninitialize() done.
2026-07-13 12:03:37,775 - DEBUG - OpenGL_accelerate module loaded
2026-07-13 12:03:37,909 - DEBUG - Using accelerated ArrayDatatype
2026-07-13 12:03:39,980 - DEBUG - CoInitializeEx(None, 2)
2026-07-13 12:03:40,324 - INFO - Imported existing <module 'comtypes.gen' from 'C:\\Users\\EXPRESS\\AppData\\Roaming\\Python\\Python313\\site-packages\\comtypes\\gen\\__init__.py'>
2026-07-13 12:03:40,325 - INFO - Using writeable comtypes cache directory: 'C:\Users\EXPRESS\AppData\Roaming\Python\Python313\site-packages\comtypes\gen'
2026-07-13 12:03:40,370 - DEBUG - GetModule(qedit.dll), resolved: False
2026-07-13 12:03:40,379 - DEBUG - GetModule(TLIBATTR(GUID={78530B68-61F9-11D2-8CAD-00A024580902}, Version=1.0, LCID=0, FLags=0x8))
2026-07-13 12:03:40,444 - DEBUG - Release <POINTER(ITypeLib) ptr=0x170369b5670 at 1703a4dc650>
2026-07-13 12:03:40,444 - DEBUG - GetModule(quartz.dll), resolved: False
2026-07-13 12:03:40,447 - DEBUG - GetModule(TLIBATTR(GUID={56A868B0-0AD4-11CE-B03A-0020AF0BA770}, Version=1.0, LCID=0, FLags=0x8))
2026-07-13 12:03:40,473 - DEBUG - Release <POINTER(ITypeLib) ptr=0x170369b5670 at 1703a4dc550>
2026-07-13 12:03:43,864 - INFO - UI load successful
2026-07-13 12:04:33,043 - INFO - Galvo Laser Shutdown
2026-07-13 12:04:33,086 - CRITICAL - Laser 1 : OFF
2026-07-13 12:04:33,087 - CRITICAL - Laser 2 : OFF
2026-07-13 12:04:33,087 - INFO - Stepper Lasers Shutdown
2026-07-13 12:04:33,087 - INFO - COM connection close successfully
2026-07-13 12:04:33,087 - INFO - Main window close successfully
2026-07-13 12:04:33,087 - INFO - ==================================================
2026-07-13 12:04:33,088 - INFO - New session close at 2026-07-13 12:04
2026-07-13 12:04:33,088 - INFO - ==================================================
2026-07-13 12:04:33,101 - DEBUG - Calling CoUninitialize()
2026-07-13 12:04:33,101 - DEBUG - CoUninitialize() done.
2026-07-13 12:04:44,747 - DEBUG - OpenGL_accelerate module loaded
2026-07-13 12:04:44,757 - DEBUG - Using accelerated ArrayDatatype
2026-07-13 12:04:45,046 - DEBUG - CoInitializeEx(None, 2)
2026-07-13 12:04:45,088 - INFO - Imported existing <module 'comtypes.gen' from 'C:\\Users\\EXPRESS\\AppData\\Roaming\\Python\\Python313\\site-packages\\comtypes\\gen\\__init__.py'>
2026-07-13 12:04:45,089 - INFO - Using writeable comtypes cache directory: 'C:\Users\EXPRESS\AppData\Roaming\Python\Python313\site-packages\comtypes\gen'
2026-07-13 12:04:45,094 - DEBUG - GetModule(qedit.dll), resolved: False
2026-07-13 12:04:45,096 - DEBUG - GetModule(TLIBATTR(GUID={78530B68-61F9-11D2-8CAD-00A024580902}, Version=1.0, LCID=0, FLags=0x8))
2026-07-13 12:04:45,121 - DEBUG - Release <POINTER(ITypeLib) ptr=0x23b64ec5150 at 23b67cda450>
2026-07-13 12:04:45,121 - DEBUG - GetModule(quartz.dll), resolved: False
2026-07-13 12:04:45,122 - DEBUG - GetModule(TLIBATTR(GUID={56A868B0-0AD4-11CE-B03A-0020AF0BA770}, Version=1.0, LCID=0, FLags=0x8))
2026-07-13 12:04:45,129 - DEBUG - Release <POINTER(ITypeLib) ptr=0x23b64ec5150 at 23b67cda350>
2026-07-13 12:04:48,085 - INFO - UI load successful
2026-07-13 12:05:04,573 - INFO - Galvo Laser Shutdown
2026-07-13 12:05:04,574 - CRITICAL - Laser 1 : OFF
2026-07-13 12:05:04,574 - CRITICAL - Laser 2 : OFF
2026-07-13 12:05:04,574 - INFO - Stepper Lasers Shutdown
2026-07-13 12:05:04,574 - INFO - COM connection close successfully
2026-07-13 12:05:04,574 - INFO - Main window close successfully
2026-07-13 12:05:04,574 - INFO - ==================================================
2026-07-13 12:05:04,574 - INFO - New session close at 2026-07-13 12:05
2026-07-13 12:05:04,574 - INFO - ==================================================
2026-07-13 12:05:04,586 - DEBUG - Calling CoUninitialize()
2026-07-13 12:05:04,586 - DEBUG - CoUninitialize() done.
2026-07-14 15:11:20,399 - DEBUG - OpenGL_accelerate module loaded
2026-07-14 15:11:20,418 - DEBUG - Using accelerated ArrayDatatype
2026-07-14 15:11:20,747 - DEBUG - CoInitializeEx(None, 2)
2026-07-14 15:11:20,811 - INFO - Imported existing <module 'comtypes.gen' from 'C:\\Users\\EXPRESS\\AppData\\Roaming\\Python\\Python313\\site-packages\\comtypes\\gen\\__init__.py'>
2026-07-14 15:11:20,812 - INFO - Using writeable comtypes cache directory: 'C:\Users\EXPRESS\AppData\Roaming\Python\Python313\site-packages\comtypes\gen'
2026-07-14 15:11:20,820 - DEBUG - GetModule(qedit.dll), resolved: False
2026-07-14 15:11:20,822 - DEBUG - GetModule(TLIBATTR(GUID={78530B68-61F9-11D2-8CAD-00A024580902}, Version=1.0, LCID=0, FLags=0x8))
2026-07-14 15:11:20,851 - DEBUG - Release <POINTER(ITypeLib) ptr=0x1f4fa08de10 at 1f4fcece3d0>
2026-07-14 15:11:20,851 - DEBUG - GetModule(quartz.dll), resolved: False
2026-07-14 15:11:20,853 - DEBUG - GetModule(TLIBATTR(GUID={56A868B0-0AD4-11CE-B03A-0020AF0BA770}, Version=1.0, LCID=0, FLags=0x8))
2026-07-14 15:11:20,861 - DEBUG - Release <POINTER(ITypeLib) ptr=0x1f4fa08de10 at 1f4fcece2d0>
2026-07-14 15:11:21,376 - INFO - UI load successful
2026-07-14 15:11:37,696 - INFO - Close event ignored.
2026-07-14 15:11:39,901 - CRITICAL - Laser 1 : OFF
2026-07-14 15:11:39,902 - CRITICAL - Laser 2 : OFF
2026-07-14 15:11:39,902 - INFO - Stepper Lasers Shutdown
2026-07-14 15:11:39,902 - INFO - COM connection close successfully
2026-07-14 15:11:39,902 - INFO - Main window close successfully
2026-07-14 15:11:39,902 - INFO - ==================================================
2026-07-14 15:11:39,902 - INFO - New session close at 2026-07-14 15:11
2026-07-14 15:11:39,902 - INFO - ==================================================
2026-07-14 15:11:39,954 - DEBUG - Calling CoUninitialize()
2026-07-14 15:11:39,954 - DEBUG - CoUninitialize() done.
2026-07-15 10:59:21,868 - DEBUG - OpenGL_accelerate module loaded
2026-07-15 10:59:22,018 - DEBUG - Using accelerated ArrayDatatype
2026-07-15 10:59:24,061 - DEBUG - CoInitializeEx(None, 2)
2026-07-15 10:59:24,400 - INFO - Imported existing <module 'comtypes.gen' from 'C:\\Users\\EXPRESS\\AppData\\Roaming\\Python\\Python313\\site-packages\\comtypes\\gen\\__init__.py'>
2026-07-15 10:59:24,400 - INFO - Using writeable comtypes cache directory: 'C:\Users\EXPRESS\AppData\Roaming\Python\Python313\site-packages\comtypes\gen'
2026-07-15 10:59:24,443 - DEBUG - GetModule(qedit.dll), resolved: False
2026-07-15 10:59:24,446 - DEBUG - GetModule(TLIBATTR(GUID={78530B68-61F9-11D2-8CAD-00A024580902}, Version=1.0, LCID=0, FLags=0x8))
2026-07-15 10:59:24,507 - DEBUG - Release <POINTER(ITypeLib) ptr=0x152f6946b10 at 1528c75a3d0>
2026-07-15 10:59:24,507 - DEBUG - GetModule(quartz.dll), resolved: False
2026-07-15 10:59:24,510 - DEBUG - GetModule(TLIBATTR(GUID={56A868B0-0AD4-11CE-B03A-0020AF0BA770}, Version=1.0, LCID=0, FLags=0x8))
2026-07-15 10:59:24,536 - DEBUG - Release <POINTER(ITypeLib) ptr=0x152f6949190 at 1528c75a2d0>
2026-07-15 10:59:27,749 - INFO - UI load successful
2026-07-15 10:59:50,084 - INFO - File selected : D:/TeamDev/DLL_Galvo/Galvo_Scribing/ide2.svg
2026-07-15 10:59:58,517 - INFO - Parameters saved for D:/TeamDev/DLL_Galvo/Galvo_Scribing/ide2.svg
2026-07-15 11:05:12,162 - INFO - Galvo Laser Shutdown
2026-07-15 11:05:12,170 - CRITICAL - Laser 1 : OFF
2026-07-15 11:05:12,171 - CRITICAL - Laser 2 : OFF
2026-07-15 11:05:12,171 - INFO - Stepper Lasers Shutdown
2026-07-15 11:05:12,171 - INFO - COM connection close successfully
2026-07-15 11:05:12,171 - INFO - Main window close successfully
2026-07-15 11:05:12,171 - INFO - ==================================================
2026-07-15 11:05:12,171 - INFO - New session close at 2026-07-15 11:05
2026-07-15 11:05:12,172 - INFO - ==================================================
2026-07-15 11:05:12,196 - DEBUG - Calling CoUninitialize()
2026-07-15 11:05:12,197 - DEBUG - CoUninitialize() done.
2026-07-15 11:05:22,412 - DEBUG - OpenGL_accelerate module loaded
2026-07-15 11:05:22,440 - DEBUG - Using accelerated ArrayDatatype
2026-07-15 11:05:22,958 - DEBUG - CoInitializeEx(None, 2)
2026-07-15 11:05:23,062 - INFO - Imported existing <module 'comtypes.gen' from 'C:\\Users\\EXPRESS\\AppData\\Roaming\\Python\\Python313\\site-packages\\comtypes\\gen\\__init__.py'>
2026-07-15 11:05:23,063 - INFO - Using writeable comtypes cache directory: 'C:\Users\EXPRESS\AppData\Roaming\Python\Python313\site-packages\comtypes\gen'
2026-07-15 11:05:23,074 - DEBUG - GetModule(qedit.dll), resolved: False
2026-07-15 11:05:23,090 - DEBUG - GetModule(TLIBATTR(GUID={78530B68-61F9-11D2-8CAD-00A024580902}, Version=1.0, LCID=0, FLags=0x8))
2026-07-15 11:05:23,130 - DEBUG - Release <POINTER(ITypeLib) ptr=0x1839661acb0 at 1839947a3d0>
2026-07-15 11:05:23,130 - DEBUG - GetModule(quartz.dll), resolved: False
2026-07-15 11:05:23,132 - DEBUG - GetModule(TLIBATTR(GUID={56A868B0-0AD4-11CE-B03A-0020AF0BA770}, Version=1.0, LCID=0, FLags=0x8))
2026-07-15 11:05:23,140 - DEBUG - Release <POINTER(ITypeLib) ptr=0x18396619c30 at 1839947a2d0>
2026-07-15 11:05:26,267 - INFO - UI load successful
2026-07-15 11:06:25,840 - INFO - Profile : Supervisor
2026-07-15 11:07:36,321 - INFO - File selected : D:/TeamDev/DLL_Galvo/Galvo_Scribing/ide2.svg
2026-07-15 11:11:11,055 - INFO - Parameters saved for D:/TeamDev/DLL_Galvo/Galvo_Scribing/ide2.svg
2026-07-15 11:11:20,481 - INFO - Parameters saved for D:/TeamDev/DLL_Galvo/Galvo_Scribing/ide2.svg
2026-07-15 11:15:49,066 - INFO - Parameters saved for D:/TeamDev/DLL_Galvo/Galvo_Scribing/ide2.svg
2026-07-15 11:27:41,761 - INFO - Galvo Laser Shutdown
2026-07-15 11:27:41,773 - CRITICAL - Laser 1 : OFF
2026-07-15 11:27:41,774 - CRITICAL - Laser 2 : OFF
2026-07-15 11:27:41,774 - INFO - Stepper Lasers Shutdown
2026-07-15 11:27:41,774 - INFO - COM connection close successfully
2026-07-15 11:27:41,774 - INFO - Main window close successfully
2026-07-15 11:27:41,774 - INFO - ==================================================
2026-07-15 11:27:41,774 - INFO - New session close at 2026-07-15 11:27
2026-07-15 11:27:41,774 - INFO - ==================================================
2026-07-15 11:27:41,804 - DEBUG - Calling CoUninitialize()
2026-07-15 11:27:41,804 - DEBUG - CoUninitialize() done.
2026-07-15 15:30:56,815 - DEBUG - OpenGL_accelerate module loaded
2026-07-15 15:30:56,870 - DEBUG - Using accelerated ArrayDatatype
2026-07-15 15:30:57,376 - DEBUG - CoInitializeEx(None, 2)
2026-07-15 15:30:57,482 - INFO - Imported existing <module 'comtypes.gen' from 'C:\\Users\\EXPRESS\\AppData\\Roaming\\Python\\Python313\\site-packages\\comtypes\\gen\\__init__.py'>
2026-07-15 15:30:57,482 - INFO - Using writeable comtypes cache directory: 'C:\Users\EXPRESS\AppData\Roaming\Python\Python313\site-packages\comtypes\gen'
2026-07-15 15:30:57,493 - DEBUG - GetModule(qedit.dll), resolved: False
2026-07-15 15:30:57,508 - DEBUG - GetModule(TLIBATTR(GUID={78530B68-61F9-11D2-8CAD-00A024580902}, Version=1.0, LCID=0, FLags=0x8))
2026-07-15 15:30:57,557 - DEBUG - Release <POINTER(ITypeLib) ptr=0x297b4258b80 at 297b704a350>
2026-07-15 15:30:57,557 - DEBUG - GetModule(quartz.dll), resolved: False
2026-07-15 15:30:57,558 - DEBUG - GetModule(TLIBATTR(GUID={56A868B0-0AD4-11CE-B03A-0020AF0BA770}, Version=1.0, LCID=0, FLags=0x8))
2026-07-15 15:30:57,567 - DEBUG - Release <POINTER(ITypeLib) ptr=0x297b4258b80 at 297b704a250>
2026-07-15 15:30:58,519 - INFO - UI load successful
2026-07-15 15:32:01,128 - DEBUG - OpenGL_accelerate module loaded
2026-07-15 15:32:01,138 - DEBUG - Using accelerated ArrayDatatype
2026-07-15 15:32:01,374 - DEBUG - CoInitializeEx(None, 2)
2026-07-15 15:32:01,418 - INFO - Imported existing <module 'comtypes.gen' from 'C:\\Users\\EXPRESS\\AppData\\Roaming\\Python\\Python313\\site-packages\\comtypes\\gen\\__init__.py'>
2026-07-15 15:32:01,419 - INFO - Using writeable comtypes cache directory: 'C:\Users\EXPRESS\AppData\Roaming\Python\Python313\site-packages\comtypes\gen'
2026-07-15 15:32:01,425 - DEBUG - GetModule(qedit.dll), resolved: False
2026-07-15 15:32:01,426 - DEBUG - GetModule(TLIBATTR(GUID={78530B68-61F9-11D2-8CAD-00A024580902}, Version=1.0, LCID=0, FLags=0x8))
2026-07-15 15:32:01,452 - DEBUG - Release <POINTER(ITypeLib) ptr=0x1ed67e7c260 at 1ed6ab4a550>
2026-07-15 15:32:01,453 - DEBUG - GetModule(quartz.dll), resolved: False
2026-07-15 15:32:01,453 - DEBUG - GetModule(TLIBATTR(GUID={56A868B0-0AD4-11CE-B03A-0020AF0BA770}, Version=1.0, LCID=0, FLags=0x8))
2026-07-15 15:32:01,460 - DEBUG - Release <POINTER(ITypeLib) ptr=0x1ed67e7b760 at 1ed6ab4a450>
2026-07-15 15:32:01,723 - INFO - UI load successful
2026-07-15 15:32:20,424 - INFO - Profile : Supervisor
2026-07-15 15:32:30,838 - CRITICAL - Laser 1 : OFF
2026-07-15 15:32:30,839 - CRITICAL - Laser 2 : OFF
2026-07-15 15:32:30,839 - INFO - Stepper Lasers Shutdown
2026-07-15 15:32:30,839 - INFO - COM connection close successfully
2026-07-15 15:32:30,839 - INFO - Main window close successfully
2026-07-15 15:32:30,840 - INFO - ==================================================
2026-07-15 15:32:30,840 - INFO - New session close at 2026-07-15 15:32
2026-07-15 15:32:30,840 - INFO - ==================================================
2026-07-15 15:32:30,855 - DEBUG - Calling CoUninitialize()
2026-07-15 15:32:30,856 - DEBUG - CoUninitialize() done.
2026-07-18 17:01:55,470 - DEBUG - OpenGL_accelerate module loaded
2026-07-18 17:01:55,481 - DEBUG - Using accelerated ArrayDatatype
2026-07-18 17:01:56,000 - DEBUG - CoInitializeEx(None, 2)
2026-07-18 17:01:56,051 - INFO - Could not import comtypes.gen, trying to create it.
2026-07-18 17:01:56,051 - INFO - Creating comtypes.gen package failed: [WinError 5] Access is denied: 'C:\\Program Files\\Python314\\Lib\\site-packages\\comtypes\\gen'
2026-07-18 17:01:56,051 - INFO - Created a memory-only package.
2026-07-18 17:01:56,054 - INFO - Using writeable comtypes cache directory: 'C:\Users\EXPRESS\AppData\Roaming\Python\Python314\comtypes_cache'
2026-07-18 17:01:56,061 - DEBUG - GetModule(qedit.dll), resolved: False
2026-07-18 17:01:56,062 - DEBUG - GetModule(TLIBATTR(GUID={78530B68-61F9-11D2-8CAD-00A024580902}, Version=1.0, LCID=0, FLags=0x8))
2026-07-18 17:01:56,086 - DEBUG - Release <POINTER(ITypeLib) ptr=0x1b0c70f9700 at 1b0ccc58690>
2026-07-18 17:01:56,086 - DEBUG - GetModule(quartz.dll), resolved: False
2026-07-18 17:01:56,087 - DEBUG - GetModule(TLIBATTR(GUID={56A868B0-0AD4-11CE-B03A-0020AF0BA770}, Version=1.0, LCID=0, FLags=0x8))
2026-07-18 17:01:56,095 - DEBUG - Release <POINTER(ITypeLib) ptr=0x1b0c70f99c0 at 1b0ccc58690>
2026-07-18 17:01:59,183 - INFO - UI load successful
2026-07-18 17:02:08,352 - INFO - Profile : Supervisor
2026-07-18 17:02:24,439 - INFO - File selected : D:/TeamDev/DLL_Galvo/GalvoUI_2/svg_files/ide2.svg
2026-07-18 17:02:30,015 - INFO - File selected : D:/TeamDev/DLL_Galvo/Galvo_Scribing/ide2.svg
2026-07-18 17:02:35,835 - INFO - Parameters saved for D:/TeamDev/DLL_Galvo/Galvo_Scribing/ide2.svg
2026-07-18 17:02:54,716 - INFO - Galvo Laser Shutdown
2026-07-18 17:02:54,716 - CRITICAL - Laser 1 : OFF
2026-07-18 17:02:54,717 - CRITICAL - Laser 2 : OFF
2026-07-18 17:02:54,717 - INFO - Stepper Lasers Shutdown
2026-07-18 17:02:54,717 - INFO - COM connection close successfully
2026-07-18 17:02:54,717 - INFO - Main window close successfully
2026-07-18 17:02:54,717 - INFO - ==================================================
2026-07-18 17:02:54,717 - INFO - New session close at 2026-07-18 17:02
2026-07-18 17:02:54,717 - INFO - ==================================================
2026-07-18 17:02:54,727 - DEBUG - Calling CoUninitialize()
2026-07-18 17:02:54,727 - DEBUG - CoUninitialize() done.
2026-07-18 17:03:01,026 - DEBUG - OpenGL_accelerate module loaded
2026-07-18 17:03:01,036 - DEBUG - Using accelerated ArrayDatatype
2026-07-18 17:03:01,268 - DEBUG - CoInitializeEx(None, 2)
2026-07-18 17:03:01,312 - INFO - Could not import comtypes.gen, trying to create it.
2026-07-18 17:03:01,312 - INFO - Creating comtypes.gen package failed: [WinError 5] Access is denied: 'C:\\Program Files\\Python314\\Lib\\site-packages\\comtypes\\gen'
2026-07-18 17:03:01,312 - INFO - Created a memory-only package.
2026-07-18 17:03:01,315 - INFO - Using writeable comtypes cache directory: 'C:\Users\EXPRESS\AppData\Roaming\Python\Python314\comtypes_cache'
2026-07-18 17:03:01,322 - DEBUG - GetModule(qedit.dll), resolved: False
2026-07-18 17:03:01,323 - DEBUG - GetModule(TLIBATTR(GUID={78530B68-61F9-11D2-8CAD-00A024580902}, Version=1.0, LCID=0, FLags=0x8))
2026-07-18 17:03:01,347 - DEBUG - Release <POINTER(ITypeLib) ptr=0x1e9908b5de0 at 1e993c73700>
2026-07-18 17:03:01,348 - DEBUG - GetModule(quartz.dll), resolved: False
2026-07-18 17:03:01,348 - DEBUG - GetModule(TLIBATTR(GUID={56A868B0-0AD4-11CE-B03A-0020AF0BA770}, Version=1.0, LCID=0, FLags=0x8))
2026-07-18 17:03:01,357 - DEBUG - Release <POINTER(ITypeLib) ptr=0x1e9908b8f60 at 1e993c73700>
2026-07-18 17:03:04,402 - INFO - UI load successful
2026-07-18 17:03:19,225 - INFO - File selected : D:/TeamDev/DLL_Galvo/Galvo_Scribing/ide2.svg
2026-07-18 17:03:21,410 - INFO - Parameters saved for D:/TeamDev/DLL_Galvo/Galvo_Scribing/ide2.svg
2026-07-18 17:04:29,778 - INFO - Parameters saved for D:/TeamDev/DLL_Galvo/Galvo_Scribing/ide2.svg
2026-07-18 17:07:09,470 - INFO - Galvo Laser Shutdown
2026-07-18 17:07:09,471 - CRITICAL - Laser 1 : OFF
2026-07-18 17:07:09,471 - CRITICAL - Laser 2 : OFF
2026-07-18 17:07:09,471 - INFO - Stepper Lasers Shutdown
2026-07-18 17:07:09,471 - INFO - COM connection close successfully
2026-07-18 17:07:09,471 - INFO - Main window close successfully
2026-07-18 17:07:09,471 - INFO - ==================================================
2026-07-18 17:07:09,471 - INFO - New session close at 2026-07-18 17:07
2026-07-18 17:07:09,471 - INFO - ==================================================
2026-07-18 17:07:09,482 - DEBUG - Calling CoUninitialize()
2026-07-18 17:07:09,482 - DEBUG - CoUninitialize() done.
2026-08-31 11:40:15,022 - DEBUG - OpenGL_accelerate module loaded
2026-08-31 11:40:15,064 - DEBUG - Using accelerated ArrayDatatype
2026-08-31 11:40:17,246 - DEBUG - CoInitializeEx(None, 2)
2026-08-31 11:40:17,648 - INFO - Could not import comtypes.gen, trying to create it.
2026-08-31 11:40:17,649 - INFO - Creating comtypes.gen package failed: [WinError 5] Access is denied: 'C:\\Program Files\\Python314\\Lib\\site-packages\\comtypes\\gen'
2026-08-31 11:40:17,649 - INFO - Created a memory-only package.
2026-08-31 11:40:17,666 - INFO - Using writeable comtypes cache directory: 'C:\Users\EXPRESS\AppData\Roaming\Python\Python314\comtypes_cache'
2026-08-31 11:40:17,746 - DEBUG - GetModule(qedit.dll), resolved: False
2026-08-31 11:40:17,764 - DEBUG - GetModule(TLIBATTR(GUID={78530B68-61F9-11D2-8CAD-00A024580902}, Version=1.0, LCID=0, FLags=0x8))
2026-08-31 11:40:17,983 - DEBUG - Release <POINTER(ITypeLib) ptr=0x26d4e567660 at 26d53f70690>
2026-08-31 11:40:17,983 - DEBUG - GetModule(quartz.dll), resolved: False
2026-08-31 11:40:17,995 - DEBUG - GetModule(TLIBATTR(GUID={56A868B0-0AD4-11CE-B03A-0020AF0BA770}, Version=1.0, LCID=0, FLags=0x8))
2026-08-31 11:40:18,019 - DEBUG - Release <POINTER(ITypeLib) ptr=0x26d4e5670e0 at 26d53f70690>
2026-08-31 11:40:19,262 - INFO - UI load successful
2026-08-31 11:40:36,524 - INFO - Profile : Supervisor
2026-08-31 11:41:36,642 - CRITICAL - Laser 1 : OFF
2026-08-31 11:41:36,642 - CRITICAL - Laser 2 : OFF
2026-08-31 11:41:36,642 - INFO - Stepper Lasers Shutdown
2026-08-31 11:41:36,642 - INFO - COM connection close successfully
2026-08-31 11:41:36,642 - INFO - Main window close successfully
2026-08-31 11:41:36,643 - INFO - ==================================================
2026-08-31 11:41:36,643 - INFO - New session close at 2026-08-31 11:41
2026-08-31 11:41:36,643 - INFO - ==================================================
2026-08-31 11:41:36,655 - DEBUG - Calling CoUninitialize()
2026-08-31 11:41:36,655 - DEBUG - CoUninitialize() done.
2026-08-31 12:37:17,017 - DEBUG - OpenGL_accelerate module loaded
2026-08-31 12:37:17,055 - DEBUG - Using accelerated ArrayDatatype
2026-08-31 12:37:17,479 - DEBUG - CoInitializeEx(None, 2)
2026-08-31 12:37:17,574 - INFO - Could not import comtypes.gen, trying to create it.
2026-08-31 12:37:17,575 - INFO - Creating comtypes.gen package failed: [WinError 5] Access is denied: 'C:\\Program Files\\Python314\\Lib\\site-packages\\comtypes\\gen'
2026-08-31 12:37:17,576 - INFO - Created a memory-only package.
2026-08-31 12:37:17,578 - INFO - Using writeable comtypes cache directory: 'C:\Users\EXPRESS\AppData\Roaming\Python\Python314\comtypes_cache'
2026-08-31 12:37:17,589 - DEBUG - GetModule(qedit.dll), resolved: False
2026-08-31 12:37:17,599 - DEBUG - GetModule(TLIBATTR(GUID={78530B68-61F9-11D2-8CAD-00A024580902}, Version=1.0, LCID=0, FLags=0x8))
2026-08-31 12:37:17,633 - DEBUG - Release <POINTER(ITypeLib) ptr=0x206aea85cc0 at 206b27bb890>
2026-08-31 12:37:17,633 - DEBUG - GetModule(quartz.dll), resolved: False
2026-08-31 12:37:17,645 - DEBUG - GetModule(TLIBATTR(GUID={56A868B0-0AD4-11CE-B03A-0020AF0BA770}, Version=1.0, LCID=0, FLags=0x8))
2026-08-31 12:37:17,655 - DEBUG - Release <POINTER(ITypeLib) ptr=0x206aea872c0 at 206b27bb890>
2026-08-31 12:37:18,597 - INFO - UI load successful
2026-08-31 12:37:30,518 - INFO - Profile : Supervisor
2026-08-31 12:37:51,776 - CRITICAL - Laser 1 : OFF
2026-08-31 12:37:51,776 - CRITICAL - Laser 2 : OFF
2026-08-31 12:37:51,776 - INFO - Stepper Lasers Shutdown
2026-08-31 12:37:51,776 - INFO - COM connection close successfully
2026-08-31 12:37:51,777 - INFO - Main window close successfully
2026-08-31 12:37:51,777 - INFO - ==================================================
2026-08-31 12:37:51,777 - INFO - New session close at 2026-08-31 12:37
2026-08-31 12:37:51,777 - INFO - ==================================================
2026-08-31 12:37:51,783 - DEBUG - Calling CoUninitialize()
2026-08-31 12:37:51,784 - DEBUG - CoUninitialize() done.
2026-09-01 15:16:25,398 - DEBUG - OpenGL_accelerate module loaded
2026-09-01 15:16:25,533 - DEBUG - Using accelerated ArrayDatatype
2026-09-01 15:16:28,004 - DEBUG - CoInitializeEx(None, 2)
2026-09-01 15:16:28,433 - INFO - Could not import comtypes.gen, trying to create it.
2026-09-01 15:16:28,433 - INFO - Creating comtypes.gen package failed: [WinError 5] Access is denied: 'C:\\Program Files\\Python314\\Lib\\site-packages\\comtypes\\gen'
2026-09-01 15:16:28,433 - INFO - Created a memory-only package.
2026-09-01 15:16:28,436 - INFO - Using writeable comtypes cache directory: 'C:\Users\EXPRESS\AppData\Roaming\Python\Python314\comtypes_cache'
2026-09-01 15:16:28,494 - DEBUG - GetModule(qedit.dll), resolved: False
2026-09-01 15:16:28,504 - DEBUG - GetModule(TLIBATTR(GUID={78530B68-61F9-11D2-8CAD-00A024580902}, Version=1.0, LCID=0, FLags=0x8))
2026-09-01 15:16:28,583 - DEBUG - Release <POINTER(ITypeLib) ptr=0x2bccf5af790 at 2bcd3a9eda0>
2026-09-01 15:16:28,584 - DEBUG - GetModule(quartz.dll), resolved: False
2026-09-01 15:16:28,594 - DEBUG - GetModule(TLIBATTR(GUID={56A868B0-0AD4-11CE-B03A-0020AF0BA770}, Version=1.0, LCID=0, FLags=0x8))
2026-09-01 15:16:28,641 - DEBUG - Release <POINTER(ITypeLib) ptr=0x2bccf5b0ad0 at 2bcd3a9eda0>
2026-09-01 15:16:29,456 - INFO - UI load successful
2026-09-01 15:16:41,552 - INFO - File selected : D:/EXPRESS/Downloads/concentric_circles-20260831173907.dxf
2026-09-01 15:17:06,374 - INFO - Parameters saved for D:/EXPRESS/Downloads/concentric_circles-20260831173907.dxf
2026-09-01 15:17:06,378 - INFO - DXF version upgrade to DXF R2000.
2026-09-01 15:17:06,430 - INFO - creating ACAD_COLOR dictionary
2026-09-01 15:17:06,430 - INFO - creating ACAD_LAYOUT dictionary
2026-09-01 15:17:06,430 - INFO - creating ACAD_MATERIAL dictionary
2026-09-01 15:17:06,430 - INFO - creating ACAD_MLEADERSTYLE dictionary
2026-09-01 15:17:06,430 - INFO - creating ACAD_MLINESTYLE dictionary
2026-09-01 15:17:06,430 - INFO - creating ACAD_PLOTSETTINGS dictionary
2026-09-01 15:17:06,430 - INFO - creating ACAD_PLOTSTYLENAME dictionary
2026-09-01 15:17:06,430 - INFO - creating ACAD_SCALELIST dictionary
2026-09-01 15:17:06,430 - INFO - creating ACAD_TABLESTYLE dictionary
2026-09-01 15:17:06,431 - INFO - creating ACAD_VISUALSTYLE dictionary
2026-09-01 15:20:01,517 - DEBUG - OpenGL_accelerate module loaded
2026-09-01 15:20:01,527 - DEBUG - Using accelerated ArrayDatatype
2026-09-01 15:20:01,755 - DEBUG - CoInitializeEx(None, 2)
2026-09-01 15:20:01,796 - INFO - Could not import comtypes.gen, trying to create it.
2026-09-01 15:20:01,797 - INFO - Creating comtypes.gen package failed: [WinError 5] Access is denied: 'C:\\Program Files\\Python314\\Lib\\site-packages\\comtypes\\gen'
2026-09-01 15:20:01,797 - INFO - Created a memory-only package.
2026-09-01 15:20:01,799 - INFO - Using writeable comtypes cache directory: 'C:\Users\EXPRESS\AppData\Roaming\Python\Python314\comtypes_cache'
2026-09-01 15:20:01,806 - DEBUG - GetModule(qedit.dll), resolved: False
2026-09-01 15:20:01,807 - DEBUG - GetModule(TLIBATTR(GUID={78530B68-61F9-11D2-8CAD-00A024580902}, Version=1.0, LCID=0, FLags=0x8))
2026-09-01 15:20:01,829 - DEBUG - Release <POINTER(ITypeLib) ptr=0x22712319a80 at 2271578ec10>
2026-09-01 15:20:01,830 - DEBUG - GetModule(quartz.dll), resolved: False
2026-09-01 15:20:01,830 - DEBUG - GetModule(TLIBATTR(GUID={56A868B0-0AD4-11CE-B03A-0020AF0BA770}, Version=1.0, LCID=0, FLags=0x8))
2026-09-01 15:20:01,840 - DEBUG - Release <POINTER(ITypeLib) ptr=0x227123181c0 at 2271578ec10>
2026-09-01 15:20:02,084 - INFO - UI load successful
2026-09-01 15:20:11,765 - INFO - File selected : D:/EXPRESS/Downloads/concentric_circles-20260831173907.dxf
2026-09-01 15:20:14,645 - INFO - Parameters saved for D:/EXPRESS/Downloads/concentric_circles-20260831173907.dxf
2026-09-01 15:20:14,650 - INFO - DXF version upgrade to DXF R2000.
2026-09-01 15:20:14,655 - INFO - creating ACAD_COLOR dictionary
2026-09-01 15:20:14,655 - INFO - creating ACAD_LAYOUT dictionary
2026-09-01 15:20:14,655 - INFO - creating ACAD_MATERIAL dictionary
2026-09-01 15:20:14,655 - INFO - creating ACAD_MLEADERSTYLE dictionary
2026-09-01 15:20:14,655 - INFO - creating ACAD_MLINESTYLE dictionary
2026-09-01 15:20:14,655 - INFO - creating ACAD_PLOTSETTINGS dictionary
2026-09-01 15:20:14,655 - INFO - creating ACAD_PLOTSTYLENAME dictionary
2026-09-01 15:20:14,656 - INFO - creating ACAD_SCALELIST dictionary
2026-09-01 15:20:14,656 - INFO - creating ACAD_TABLESTYLE dictionary
2026-09-01 15:20:14,656 - INFO - creating ACAD_VISUALSTYLE dictionary
2026-09-01 16:22:39,359 - CRITICAL - Laser 1 : OFF
2026-09-01 16:22:39,361 - CRITICAL - Laser 2 : OFF
2026-09-01 16:22:39,361 - INFO - Stepper Lasers Shutdown
2026-09-01 16:22:39,361 - INFO - COM connection close successfully
2026-09-01 16:22:39,362 - INFO - Main window close successfully
2026-09-01 16:22:39,362 - INFO - ==================================================
2026-09-01 16:22:39,362 - INFO - New session close at 2026-09-01 16:22
2026-09-01 16:22:39,362 - INFO - ==================================================
2026-09-01 16:22:39,385 - DEBUG - Calling CoUninitialize()
2026-09-01 16:22:39,386 - DEBUG - CoUninitialize() done.
2026-09-02 11:24:46,455 - DEBUG - OpenGL_accelerate module loaded
2026-09-02 11:24:46,576 - DEBUG - Using accelerated ArrayDatatype
2026-09-02 11:24:47,663 - DEBUG - CoInitializeEx(None, 2)
2026-09-02 11:24:47,976 - INFO - Could not import comtypes.gen, trying to create it.
2026-09-02 11:24:47,976 - INFO - Creating comtypes.gen package failed: [WinError 5] Access is denied: 'C:\\Program Files\\Python314\\Lib\\site-packages\\comtypes\\gen'
2026-09-02 11:24:47,976 - INFO - Created a memory-only package.
2026-09-02 11:24:47,978 - INFO - Using writeable comtypes cache directory: 'C:\Users\EXPRESS\AppData\Roaming\Python\Python314\comtypes_cache'
2026-09-02 11:24:47,998 - DEBUG - GetModule(qedit.dll), resolved: False
2026-09-02 11:24:48,012 - DEBUG - GetModule(TLIBATTR(GUID={78530B68-61F9-11D2-8CAD-00A024580902}, Version=1.0, LCID=0, FLags=0x8))
2026-09-02 11:24:48,072 - DEBUG - Release <POINTER(ITypeLib) ptr=0x1edf276b290 at 1edf6a47a20>
2026-09-02 11:24:48,072 - DEBUG - GetModule(quartz.dll), resolved: False
2026-09-02 11:24:48,087 - DEBUG - GetModule(TLIBATTR(GUID={56A868B0-0AD4-11CE-B03A-0020AF0BA770}, Version=1.0, LCID=0, FLags=0x8))
2026-09-02 11:24:48,129 - DEBUG - Release <POINTER(ITypeLib) ptr=0x1edf276a210 at 1edf6a47a20>
2026-09-02 11:24:48,921 - DEBUG - Calling CoUninitialize()
2026-09-02 11:24:48,921 - DEBUG - CoUninitialize() done.
2026-09-02 11:27:48,010 - DEBUG - OpenGL_accelerate module loaded
2026-09-02 11:27:48,021 - DEBUG - Using accelerated ArrayDatatype
2026-09-02 11:27:48,320 - DEBUG - CoInitializeEx(None, 2)
2026-09-02 11:27:48,366 - INFO - Could not import comtypes.gen, trying to create it.
2026-09-02 11:27:48,366 - INFO - Creating comtypes.gen package failed: [WinError 5] Access is denied: 'C:\\Program Files\\Python314\\Lib\\site-packages\\comtypes\\gen'
2026-09-02 11:27:48,366 - INFO - Created a memory-only package.
2026-09-02 11:27:48,369 - INFO - Using writeable comtypes cache directory: 'C:\Users\EXPRESS\AppData\Roaming\Python\Python314\comtypes_cache'
2026-09-02 11:27:48,376 - DEBUG - GetModule(qedit.dll), resolved: False
2026-09-02 11:27:48,377 - DEBUG - GetModule(TLIBATTR(GUID={78530B68-61F9-11D2-8CAD-00A024580902}, Version=1.0, LCID=0, FLags=0x8))
2026-09-02 11:27:48,401 - DEBUG - Release <POINTER(ITypeLib) ptr=0x1fa248194f0 at 1fa27c07890>
2026-09-02 11:27:48,401 - DEBUG - GetModule(quartz.dll), resolved: False
2026-09-02 11:27:48,402 - DEBUG - GetModule(TLIBATTR(GUID={56A868B0-0AD4-11CE-B03A-0020AF0BA770}, Version=1.0, LCID=0, FLags=0x8))
2026-09-02 11:27:48,409 - DEBUG - Release <POINTER(ITypeLib) ptr=0x1fa24816e70 at 1fa27c07890>
2026-09-02 11:27:48,716 - DEBUG - Calling CoUninitialize()
2026-09-02 11:27:48,716 - DEBUG - CoUninitialize() done.
2026-09-02 11:28:41,745 - DEBUG - OpenGL_accelerate module loaded
2026-09-02 11:28:41,755 - DEBUG - Using accelerated ArrayDatatype
2026-09-02 11:28:42,028 - DEBUG - CoInitializeEx(None, 2)
2026-09-02 11:28:42,071 - INFO - Could not import comtypes.gen, trying to create it.
2026-09-02 11:28:42,071 - INFO - Creating comtypes.gen package failed: [WinError 5] Access is denied: 'C:\\Program Files\\Python314\\Lib\\site-packages\\comtypes\\gen'
2026-09-02 11:28:42,071 - INFO - Created a memory-only package.
2026-09-02 11:28:42,074 - INFO - Using writeable comtypes cache directory: 'C:\Users\EXPRESS\AppData\Roaming\Python\Python314\comtypes_cache'
2026-09-02 11:28:42,080 - DEBUG - GetModule(qedit.dll), resolved: False
2026-09-02 11:28:42,081 - DEBUG - GetModule(TLIBATTR(GUID={78530B68-61F9-11D2-8CAD-00A024580902}, Version=1.0, LCID=0, FLags=0x8))
2026-09-02 11:28:42,103 - DEBUG - Release <POINTER(ITypeLib) ptr=0x13d25c5f440 at 13d28f27890>
2026-09-02 11:28:42,103 - DEBUG - GetModule(quartz.dll), resolved: False
2026-09-02 11:28:42,104 - DEBUG - GetModule(TLIBATTR(GUID={56A868B0-0AD4-11CE-B03A-0020AF0BA770}, Version=1.0, LCID=0, FLags=0x8))
2026-09-02 11:28:42,111 - DEBUG - Release <POINTER(ITypeLib) ptr=0x13d25c5d8c0 at 13d28f27890>
2026-09-02 11:28:42,402 - INFO - UI load successful
2026-09-02 11:29:00,786 - INFO - Profile : Supervisor
2026-09-02 11:30:51,862 - DEBUG - OpenGL_accelerate module loaded
2026-09-02 11:30:51,872 - DEBUG - Using accelerated ArrayDatatype
2026-09-02 11:30:52,171 - DEBUG - CoInitializeEx(None, 2)
2026-09-02 11:30:52,213 - INFO - Could not import comtypes.gen, trying to create it.
2026-09-02 11:30:52,213 - INFO - Creating comtypes.gen package failed: [WinError 5] Access is denied: 'C:\\Program Files\\Python314\\Lib\\site-packages\\comtypes\\gen'
2026-09-02 11:30:52,213 - INFO - Created a memory-only package.
2026-09-02 11:30:52,216 - INFO - Using writeable comtypes cache directory: 'C:\Users\EXPRESS\AppData\Roaming\Python\Python314\comtypes_cache'
2026-09-02 11:30:52,222 - DEBUG - GetModule(qedit.dll), resolved: False
2026-09-02 11:30:52,223 - DEBUG - GetModule(TLIBATTR(GUID={78530B68-61F9-11D2-8CAD-00A024580902}, Version=1.0, LCID=0, FLags=0x8))
2026-09-02 11:30:52,246 - DEBUG - Release <POINTER(ITypeLib) ptr=0x2726e319890 at 27271867a20>
2026-09-02 11:30:52,246 - DEBUG - GetModule(quartz.dll), resolved: False
2026-09-02 11:30:52,247 - DEBUG - GetModule(TLIBATTR(GUID={56A868B0-0AD4-11CE-B03A-0020AF0BA770}, Version=1.0, LCID=0, FLags=0x8))
2026-09-02 11:30:52,254 - DEBUG - Release <POINTER(ITypeLib) ptr=0x2726e319890 at 27271867a20>
2026-09-02 11:30:52,587 - INFO - UI load successful
2026-09-02 11:31:01,832 - INFO - Profile : Supervisor
2026-09-02 11:33:12,787 - CRITICAL - Laser 1 : OFF
2026-09-02 11:33:12,787 - CRITICAL - Laser 2 : OFF
2026-09-02 11:33:12,787 - INFO - Stepper Lasers Shutdown
2026-09-02 11:33:12,787 - INFO - COM connection close successfully
2026-09-02 11:33:12,788 - INFO - Main window close successfully
2026-09-02 11:33:12,788 - INFO - ==================================================
2026-09-02 11:33:12,788 - INFO - New session close at 2026-09-02 11:33
2026-09-02 11:33:12,788 - INFO - ==================================================
2026-09-02 11:33:12,804 - DEBUG - Calling CoUninitialize()
2026-09-02 11:33:12,806 - DEBUG - CoUninitialize() done.
2026-09-02 11:35:07,278 - DEBUG - OpenGL_accelerate module loaded
2026-09-02 11:35:07,289 - DEBUG - Using accelerated ArrayDatatype
2026-09-02 11:35:07,529 - DEBUG - CoInitializeEx(None, 2)
2026-09-02 11:35:07,577 - INFO - Could not import comtypes.gen, trying to create it.
2026-09-02 11:35:07,577 - INFO - Creating comtypes.gen package failed: [WinError 5] Access is denied: 'C:\\Program Files\\Python314\\Lib\\site-packages\\comtypes\\gen'
2026-09-02 11:35:07,577 - INFO - Created a memory-only package.
2026-09-02 11:35:07,580 - INFO - Using writeable comtypes cache directory: 'C:\Users\EXPRESS\AppData\Roaming\Python\Python314\comtypes_cache'
2026-09-02 11:35:07,586 - DEBUG - GetModule(qedit.dll), resolved: False
2026-09-02 11:35:07,587 - DEBUG - GetModule(TLIBATTR(GUID={78530B68-61F9-11D2-8CAD-00A024580902}, Version=1.0, LCID=0, FLags=0x8))
2026-09-02 11:35:07,610 - DEBUG - Release <POINTER(ITypeLib) ptr=0x169f8236d00 at 169fb6c7890>
2026-09-02 11:35:07,611 - DEBUG - GetModule(quartz.dll), resolved: False
2026-09-02 11:35:07,612 - DEBUG - GetModule(TLIBATTR(GUID={56A868B0-0AD4-11CE-B03A-0020AF0BA770}, Version=1.0, LCID=0, FLags=0x8))
2026-09-02 11:35:07,619 - DEBUG - Release <POINTER(ITypeLib) ptr=0x169f8234100 at 169fb6c7890>
2026-09-02 11:35:08,352 - INFO - UI load successful
2026-09-02 11:35:16,303 - INFO - Profile : Supervisor
2026-09-02 11:35:31,769 - CRITICAL - Laser 1 : OFF
2026-09-02 11:35:31,770 - CRITICAL - Laser 2 : OFF
2026-09-02 11:35:31,770 - INFO - Stepper Lasers Shutdown
2026-09-02 11:35:31,770 - INFO - COM connection close successfully
2026-09-02 11:35:31,770 - INFO - Main window close successfully
2026-09-02 11:35:31,770 - INFO - ==================================================
2026-09-02 11:35:31,770 - INFO - New session close at 2026-09-02 11:35
2026-09-02 11:35:31,770 - INFO - ==================================================
2026-09-02 11:35:31,785 - DEBUG - Calling CoUninitialize()
2026-09-02 11:35:31,785 - DEBUG - CoUninitialize() done.
2026-09-02 11:42:51,086 - DEBUG - OpenGL_accelerate module loaded
2026-09-02 11:42:51,096 - DEBUG - Using accelerated ArrayDatatype
2026-09-02 11:42:51,332 - DEBUG - CoInitializeEx(None, 2)
2026-09-02 11:42:51,375 - INFO - Could not import comtypes.gen, trying to create it.
2026-09-02 11:42:51,375 - INFO - Creating comtypes.gen package failed: [WinError 5] Access is denied: 'C:\\Program Files\\Python314\\Lib\\site-packages\\comtypes\\gen'
2026-09-02 11:42:51,375 - INFO - Created a memory-only package.
2026-09-02 11:42:51,378 - INFO - Using writeable comtypes cache directory: 'C:\Users\EXPRESS\AppData\Roaming\Python\Python314\comtypes_cache'
2026-09-02 11:42:51,384 - DEBUG - GetModule(qedit.dll), resolved: False
2026-09-02 11:42:51,385 - DEBUG - GetModule(TLIBATTR(GUID={78530B68-61F9-11D2-8CAD-00A024580902}, Version=1.0, LCID=0, FLags=0x8))
2026-09-02 11:42:51,408 - DEBUG - Release <POINTER(ITypeLib) ptr=0x1d1b5e0ecb0 at 1d1b91f7890>
2026-09-02 11:42:51,409 - DEBUG - GetModule(quartz.dll), resolved: False
2026-09-02 11:42:51,409 - DEBUG - GetModule(TLIBATTR(GUID={56A868B0-0AD4-11CE-B03A-0020AF0BA770}, Version=1.0, LCID=0, FLags=0x8))
2026-09-02 11:42:51,416 - DEBUG - Release <POINTER(ITypeLib) ptr=0x1d1b5e0cbb0 at 1d1b91f7890>
2026-09-02 11:42:55,647 - INFO - UI load successful
2026-09-02 11:43:17,884 - INFO - Profile : Supervisor
2026-09-02 11:44:19,597 - INFO - Galvo Laser Shutdown
2026-09-02 11:44:19,597 - CRITICAL - Laser 1 : OFF
2026-09-02 11:44:19,598 - CRITICAL - Laser 2 : OFF
2026-09-02 11:44:19,598 - INFO - Stepper Lasers Shutdown
2026-09-02 11:44:19,598 - INFO - COM connection close successfully
2026-09-02 11:44:19,598 - INFO - Main window close successfully
2026-09-02 11:44:19,598 - INFO - ==================================================
2026-09-02 11:44:19,598 - INFO - New session close at 2026-09-02 11:44
2026-09-02 11:44:19,598 - INFO - ==================================================
2026-09-02 11:44:19,610 - DEBUG - Calling CoUninitialize()
2026-09-02 11:44:19,610 - DEBUG - CoUninitialize() done.
2026-09-02 12:29:35,189 - DEBUG - OpenGL_accelerate module loaded
2026-09-02 12:29:35,207 - DEBUG - Using accelerated ArrayDatatype
2026-09-02 12:29:35,559 - DEBUG - CoInitializeEx(None, 2)
2026-09-02 12:29:35,644 - INFO - Could not import comtypes.gen, trying to create it.
2026-09-02 12:29:35,644 - INFO - Creating comtypes.gen package failed: [WinError 5] Access is denied: 'C:\\Program Files\\Python314\\Lib\\site-packages\\comtypes\\gen'
2026-09-02 12:29:35,644 - INFO - Created a memory-only package.
2026-09-02 12:29:35,647 - INFO - Using writeable comtypes cache directory: 'C:\Users\EXPRESS\AppData\Roaming\Python\Python314\comtypes_cache'
2026-09-02 12:29:35,656 - DEBUG - GetModule(qedit.dll), resolved: False
2026-09-02 12:29:35,667 - DEBUG - GetModule(TLIBATTR(GUID={78530B68-61F9-11D2-8CAD-00A024580902}, Version=1.0, LCID=0, FLags=0x8))
2026-09-02 12:29:35,708 - DEBUG - Release <POINTER(ITypeLib) ptr=0x26148c96c70 at 2614cea7a20>
2026-09-02 12:29:35,709 - DEBUG - GetModule(quartz.dll), resolved: False
2026-09-02 12:29:35,719 - DEBUG - GetModule(TLIBATTR(GUID={56A868B0-0AD4-11CE-B03A-0020AF0BA770}, Version=1.0, LCID=0, FLags=0x8))
2026-09-02 12:29:35,728 - DEBUG - Release <POINTER(ITypeLib) ptr=0x26148c96170 at 2614cea7a20>
2026-09-02 12:29:38,417 - INFO - UI load successful
2026-09-02 12:29:48,072 - INFO - Profile : Supervisor
2026-09-02 12:30:35,871 - INFO - Galvo Laser Shutdown
2026-09-02 12:30:35,878 - CRITICAL - Laser 1 : OFF
2026-09-02 12:30:35,878 - CRITICAL - Laser 2 : OFF
2026-09-02 12:30:35,879 - INFO - Stepper Lasers Shutdown
2026-09-02 12:30:35,879 - INFO - COM connection close successfully
2026-09-02 12:30:35,879 - INFO - Main window close successfully
2026-09-02 12:30:35,879 - INFO - ==================================================
2026-09-02 12:30:35,879 - INFO - New session close at 2026-09-02 12:30
2026-09-02 12:30:35,879 - INFO - ==================================================
2026-09-02 12:30:35,896 - DEBUG - Calling CoUninitialize()
2026-09-02 12:30:35,896 - DEBUG - CoUninitialize() done.
2026-09-02 13:03:34,338 - DEBUG - OpenGL_accelerate module loaded
2026-09-02 13:03:34,470 - DEBUG - Using accelerated ArrayDatatype
2026-09-02 13:03:36,519 - DEBUG - CoInitializeEx(None, 2)
2026-09-02 13:03:36,946 - INFO - Could not import comtypes.gen, trying to create it.
2026-09-02 13:03:36,946 - INFO - Creating comtypes.gen package failed: [WinError 5] Access is denied: 'C:\\Program Files\\Python314\\Lib\\site-packages\\comtypes\\gen'
2026-09-02 13:03:36,946 - INFO - Created a memory-only package.
2026-09-02 13:03:36,949 - INFO - Using writeable comtypes cache directory: 'C:\Users\EXPRESS\AppData\Roaming\Python\Python314\comtypes_cache'
2026-09-02 13:03:36,995 - DEBUG - GetModule(qedit.dll), resolved: False
2026-09-02 13:03:37,005 - DEBUG - GetModule(TLIBATTR(GUID={78530B68-61F9-11D2-8CAD-00A024580902}, Version=1.0, LCID=0, FLags=0x8))
2026-09-02 13:03:37,064 - DEBUG - Release <POINTER(ITypeLib) ptr=0x1b01c514c40 at 1b02081b890>
2026-09-02 13:03:37,064 - DEBUG - GetModule(quartz.dll), resolved: False
2026-09-02 13:03:37,072 - DEBUG - GetModule(TLIBATTR(GUID={56A868B0-0AD4-11CE-B03A-0020AF0BA770}, Version=1.0, LCID=0, FLags=0x8))
2026-09-02 13:03:37,092 - DEBUG - Release <POINTER(ITypeLib) ptr=0x1b01c517840 at 1b02081b890>
2026-09-02 13:03:40,260 - INFO - UI load successful
2026-09-02 13:03:58,872 - INFO - Profile : Supervisor
2026-09-02 13:04:36,836 - INFO - Galvo Laser Shutdown
2026-09-02 13:04:36,877 - CRITICAL - Laser 1 : OFF
2026-09-02 13:04:36,877 - CRITICAL - Laser 2 : OFF
2026-09-02 13:04:36,878 - INFO - Stepper Lasers Shutdown
2026-09-02 13:04:36,878 - INFO - COM connection close successfully
2026-09-02 13:04:36,878 - INFO - Main window close successfully
2026-09-02 13:04:36,878 - INFO - ==================================================
2026-09-02 13:04:36,878 - INFO - New session close at 2026-09-02 13:04
2026-09-02 13:04:36,878 - INFO - ==================================================
2026-09-02 13:04:36,889 - DEBUG - Calling CoUninitialize()
2026-09-02 13:04:36,890 - DEBUG - CoUninitialize() done.
2026-09-02 14:46:10,330 - DEBUG - OpenGL_accelerate module loaded
2026-09-02 14:46:10,346 - DEBUG - Using accelerated ArrayDatatype
2026-09-02 14:46:10,632 - DEBUG - CoInitializeEx(None, 2)
2026-09-02 14:46:10,675 - INFO - Could not import comtypes.gen, trying to create it.
2026-09-02 14:46:10,676 - INFO - Creating comtypes.gen package failed: [WinError 5] Access is denied: 'C:\\Program Files\\Python314\\Lib\\site-packages\\comtypes\\gen'
2026-09-02 14:46:10,676 - INFO - Created a memory-only package.
2026-09-02 14:46:10,678 - INFO - Using writeable comtypes cache directory: 'C:\Users\EXPRESS\AppData\Roaming\Python\Python314\comtypes_cache'
2026-09-02 14:46:10,685 - DEBUG - GetModule(qedit.dll), resolved: False
2026-09-02 14:46:10,686 - DEBUG - GetModule(TLIBATTR(GUID={78530B68-61F9-11D2-8CAD-00A024580902}, Version=1.0, LCID=0, FLags=0x8))
2026-09-02 14:46:10,709 - DEBUG - Release <POINTER(ITypeLib) ptr=0x1bd700efd00 at 1bd7338b890>
2026-09-02 14:46:10,709 - DEBUG - GetModule(quartz.dll), resolved: False
2026-09-02 14:46:10,710 - DEBUG - GetModule(TLIBATTR(GUID={56A868B0-0AD4-11CE-B03A-0020AF0BA770}, Version=1.0, LCID=0, FLags=0x8))
2026-09-02 14:46:10,717 - DEBUG - Release <POINTER(ITypeLib) ptr=0x1bd700efd00 at 1bd7338b890>
2026-09-02 14:46:15,967 - INFO - UI load successful
2026-09-02 14:46:33,883 - INFO - Profile : Supervisor
2026-09-02 14:47:12,405 - INFO - Galvo Laser Shutdown
2026-09-02 14:47:12,406 - CRITICAL - Laser 1 : OFF
2026-09-02 14:47:12,406 - CRITICAL - Laser 2 : OFF
2026-09-02 14:47:12,406 - INFO - Stepper Lasers Shutdown
2026-09-02 14:47:12,407 - INFO - COM connection close successfully
2026-09-02 14:47:12,407 - INFO - Main window close successfully
2026-09-02 14:47:12,407 - INFO - ==================================================
2026-09-02 14:47:12,407 - INFO - New session close at 2026-09-02 14:47
2026-09-02 14:47:12,407 - INFO - ==================================================
2026-09-02 14:47:12,421 - DEBUG - Calling CoUninitialize()
2026-09-02 14:47:12,421 - DEBUG - CoUninitialize() done.
2026-09-02 14:51:47,988 - DEBUG - OpenGL_accelerate module loaded
2026-09-02 14:51:48,012 - DEBUG - Using accelerated ArrayDatatype
2026-09-02 14:51:48,404 - DEBUG - CoInitializeEx(None, 2)
2026-09-02 14:51:48,510 - INFO - Could not import comtypes.gen, trying to create it.
2026-09-02 14:51:48,510 - INFO - Creating comtypes.gen package failed: [WinError 5] Access is denied: 'C:\\Program Files\\Python314\\Lib\\site-packages\\comtypes\\gen'
2026-09-02 14:51:48,510 - INFO - Created a memory-only package.
2026-09-02 14:51:48,513 - INFO - Using writeable comtypes cache directory: 'C:\Users\EXPRESS\AppData\Roaming\Python\Python314\comtypes_cache'
2026-09-02 14:51:48,523 - DEBUG - GetModule(qedit.dll), resolved: False
2026-09-02 14:51:48,541 - DEBUG - GetModule(TLIBATTR(GUID={78530B68-61F9-11D2-8CAD-00A024580902}, Version=1.0, LCID=0, FLags=0x8))
2026-09-02 14:51:48,592 - DEBUG - Release <POINTER(ITypeLib) ptr=0x25f32520c20 at 25f3684b890>
2026-09-02 14:51:48,592 - DEBUG - GetModule(quartz.dll), resolved: False
2026-09-02 14:51:48,604 - DEBUG - GetModule(TLIBATTR(GUID={56A868B0-0AD4-11CE-B03A-0020AF0BA770}, Version=1.0, LCID=0, FLags=0x8))
2026-09-02 14:51:48,618 - DEBUG - Release <POINTER(ITypeLib) ptr=0x25f32522220 at 25f3684b890>
2026-09-02 14:51:51,866 - INFO - UI load successful
2026-09-02 14:52:14,807 - INFO - Profile : Supervisor
2026-09-02 14:55:05,111 - INFO - Galvo Laser Shutdown
2026-09-02 14:55:05,140 - CRITICAL - Laser 1 : OFF
2026-09-02 14:55:05,141 - CRITICAL - Laser 2 : OFF
2026-09-02 14:55:05,141 - INFO - Stepper Lasers Shutdown
2026-09-02 14:55:05,141 - INFO - COM connection close successfully
2026-09-02 14:55:05,141 - INFO - Main window close successfully
2026-09-02 14:55:05,141 - INFO - ==================================================
2026-09-02 14:55:05,141 - INFO - New session close at 2026-09-02 14:55
2026-09-02 14:55:05,141 - INFO - ==================================================
2026-09-02 14:55:05,158 - DEBUG - Calling CoUninitialize()
2026-09-02 14:55:05,159 - DEBUG - CoUninitialize() done.
2026-09-02 14:55:20,876 - DEBUG - OpenGL_accelerate module loaded
2026-09-02 14:55:20,895 - DEBUG - Using accelerated ArrayDatatype
2026-09-02 14:55:21,258 - DEBUG - CoInitializeEx(None, 2)
2026-09-02 14:55:21,347 - INFO - Could not import comtypes.gen, trying to create it.
2026-09-02 14:55:21,347 - INFO - Creating comtypes.gen package failed: [WinError 5] Access is denied: 'C:\\Program Files\\Python314\\Lib\\site-packages\\comtypes\\gen'
2026-09-02 14:55:21,347 - INFO - Created a memory-only package.
2026-09-02 14:55:21,350 - INFO - Using writeable comtypes cache directory: 'C:\Users\EXPRESS\AppData\Roaming\Python\Python314\comtypes_cache'
2026-09-02 14:55:21,360 - DEBUG - GetModule(qedit.dll), resolved: False
2026-09-02 14:55:21,377 - DEBUG - GetModule(TLIBATTR(GUID={78530B68-61F9-11D2-8CAD-00A024580902}, Version=1.0, LCID=0, FLags=0x8))
2026-09-02 14:55:21,418 - DEBUG - Release <POINTER(ITypeLib) ptr=0x1179eae8d50 at 117a327b890>
2026-09-02 14:55:21,419 - DEBUG - GetModule(quartz.dll), resolved: False
2026-09-02 14:55:21,431 - DEBUG - GetModule(TLIBATTR(GUID={56A868B0-0AD4-11CE-B03A-0020AF0BA770}, Version=1.0, LCID=0, FLags=0x8))
2026-09-02 14:55:21,440 - DEBUG - Release <POINTER(ITypeLib) ptr=0x1179eae8d50 at 117a327b890>
2026-09-02 14:55:25,181 - INFO - UI load successful
2026-09-02 14:55:36,659 - INFO - Profile : Supervisor
2026-09-02 14:57:53,646 - INFO - Galvo Laser Shutdown
2026-09-02 14:57:53,647 - CRITICAL - Laser 1 : OFF
2026-09-02 14:57:53,648 - CRITICAL - Laser 2 : OFF
2026-09-02 14:57:53,648 - INFO - Stepper Lasers Shutdown
2026-09-02 14:57:53,648 - INFO - COM connection close successfully
2026-09-02 14:57:53,648 - INFO - Main window close successfully
2026-09-02 14:57:53,648 - INFO - ==================================================
2026-09-02 14:57:53,648 - INFO - New session close at 2026-09-02 14:57
2026-09-02 14:57:53,648 - INFO - ==================================================
2026-09-02 14:57:53,659 - DEBUG - Calling CoUninitialize()
2026-09-02 14:57:53,659 - DEBUG - CoUninitialize() done.
2026-09-02 15:01:40,346 - DEBUG - OpenGL_accelerate module loaded
2026-09-02 15:01:40,356 - DEBUG - Using accelerated ArrayDatatype
2026-09-02 15:01:40,595 - DEBUG - CoInitializeEx(None, 2)
2026-09-02 15:01:40,653 - INFO - Could not import comtypes.gen, trying to create it.
2026-09-02 15:01:40,653 - INFO - Creating comtypes.gen package failed: [WinError 5] Access is denied: 'C:\\Program Files\\Python314\\Lib\\site-packages\\comtypes\\gen'
2026-09-02 15:01:40,653 - INFO - Created a memory-only package.
2026-09-02 15:01:40,656 - INFO - Using writeable comtypes cache directory: 'C:\Users\EXPRESS\AppData\Roaming\Python\Python314\comtypes_cache'
2026-09-02 15:01:40,663 - DEBUG - GetModule(qedit.dll), resolved: False
2026-09-02 15:01:40,664 - DEBUG - GetModule(TLIBATTR(GUID={78530B68-61F9-11D2-8CAD-00A024580902}, Version=1.0, LCID=0, FLags=0x8))
2026-09-02 15:01:40,686 - DEBUG - Release <POINTER(ITypeLib) ptr=0x28184a1df30 at 28188c3b890>
2026-09-02 15:01:40,686 - DEBUG - GetModule(quartz.dll), resolved: False
2026-09-02 15:01:40,687 - DEBUG - GetModule(TLIBATTR(GUID={56A868B0-0AD4-11CE-B03A-0020AF0BA770}, Version=1.0, LCID=0, FLags=0x8))
2026-09-02 15:01:40,694 - DEBUG - Release <POINTER(ITypeLib) ptr=0x28184a1df30 at 28188c3b890>
2026-09-02 15:01:43,686 - INFO - UI load successful
2026-09-02 15:02:10,569 - INFO - Profile : Supervisor
2026-09-02 15:03:58,578 - INFO - Galvo Laser Shutdown
2026-09-02 15:03:58,578 - CRITICAL - Laser 1 : OFF
2026-09-02 15:03:58,579 - CRITICAL - Laser 2 : OFF
2026-09-02 15:03:58,579 - INFO - Stepper Lasers Shutdown
2026-09-02 15:03:58,579 - INFO - COM connection close successfully
2026-09-02 15:03:58,579 - INFO - Main window close successfully
2026-09-02 15:03:58,579 - INFO - ==================================================
2026-09-02 15:03:58,580 - INFO - New session close at 2026-09-02 15:03
2026-09-02 15:03:58,580 - INFO - ==================================================
2026-09-02 15:03:58,592 - DEBUG - Calling CoUninitialize()
2026-09-02 15:03:58,594 - DEBUG - CoUninitialize() done.
2026-09-02 15:08:00,496 - DEBUG - OpenGL_accelerate module loaded
2026-09-02 15:08:00,507 - DEBUG - Using accelerated ArrayDatatype
2026-09-02 15:08:00,739 - DEBUG - CoInitializeEx(None, 2)
2026-09-02 15:08:00,781 - INFO - Could not import comtypes.gen, trying to create it.
2026-09-02 15:08:00,781 - INFO - Creating comtypes.gen package failed: [WinError 5] Access is denied: 'C:\\Program Files\\Python314\\Lib\\site-packages\\comtypes\\gen'
2026-09-02 15:08:00,781 - INFO - Created a memory-only package.
2026-09-02 15:08:00,783 - INFO - Using writeable comtypes cache directory: 'C:\Users\EXPRESS\AppData\Roaming\Python\Python314\comtypes_cache'
2026-09-02 15:08:00,789 - DEBUG - GetModule(qedit.dll), resolved: False
2026-09-02 15:08:00,791 - DEBUG - GetModule(TLIBATTR(GUID={78530B68-61F9-11D2-8CAD-00A024580902}, Version=1.0, LCID=0, FLags=0x8))
2026-09-02 15:08:00,813 - DEBUG - Release <POINTER(ITypeLib) ptr=0x220b7bf67a0 at 220bae1b890>
2026-09-02 15:08:00,813 - DEBUG - GetModule(quartz.dll), resolved: False
2026-09-02 15:08:00,814 - DEBUG - GetModule(TLIBATTR(GUID={56A868B0-0AD4-11CE-B03A-0020AF0BA770}, Version=1.0, LCID=0, FLags=0x8))
2026-09-02 15:08:00,821 - DEBUG - Release <POINTER(ITypeLib) ptr=0x220b7bf6fe0 at 220bae1b890>
2026-09-02 15:08:03,870 - INFO - UI load successful
2026-09-02 15:08:23,108 - INFO - Profile : Supervisor
2026-09-02 15:08:34,294 - INFO - File selected : D:/TeamDev/DLL_Galvo/GalvoUI_2/40mm_square.svg
2026-09-02 15:08:53,123 - INFO - Parameters saved for D:/TeamDev/DLL_Galvo/GalvoUI_2/40mm_square.svg
2026-09-02 15:10:29,468 - INFO - Galvo Laser Shutdown
2026-09-02 15:10:29,471 - CRITICAL - Laser 1 : OFF
2026-09-02 15:10:29,471 - CRITICAL - Laser 2 : OFF
2026-09-02 15:10:29,471 - INFO - Stepper Lasers Shutdown
2026-09-02 15:10:29,471 - INFO - COM connection close successfully
2026-09-02 15:10:29,471 - INFO - Main window close successfully
2026-09-02 15:10:29,471 - INFO - ==================================================
2026-09-02 15:10:29,471 - INFO - New session close at 2026-09-02 15:10
2026-09-02 15:10:29,471 - INFO - ==================================================
2026-09-02 15:10:29,490 - DEBUG - Calling CoUninitialize()
2026-09-02 15:10:29,490 - DEBUG - CoUninitialize() done.
2026-09-02 15:19:53,386 - DEBUG - OpenGL_accelerate module loaded
2026-09-02 15:19:53,403 - DEBUG - Using accelerated ArrayDatatype
2026-09-02 15:19:53,768 - DEBUG - CoInitializeEx(None, 2)
2026-09-02 15:19:53,895 - INFO - Could not import comtypes.gen, trying to create it.
2026-09-02 15:19:53,895 - INFO - Creating comtypes.gen package failed: [WinError 5] Access is denied: 'C:\\Program Files\\Python314\\Lib\\site-packages\\comtypes\\gen'
2026-09-02 15:19:53,895 - INFO - Created a memory-only package.
2026-09-02 15:19:53,899 - INFO - Using writeable comtypes cache directory: 'C:\Users\EXPRESS\AppData\Roaming\Python\Python314\comtypes_cache'
2026-09-02 15:19:53,912 - DEBUG - GetModule(qedit.dll), resolved: False
2026-09-02 15:19:53,925 - DEBUG - GetModule(TLIBATTR(GUID={78530B68-61F9-11D2-8CAD-00A024580902}, Version=1.0, LCID=0, FLags=0x8))
2026-09-02 15:19:53,963 - DEBUG - Release <POINTER(ITypeLib) ptr=0x1e0c3ff5f70 at 1e0c835ba20>
2026-09-02 15:19:53,963 - DEBUG - GetModule(quartz.dll), resolved: False
2026-09-02 15:19:53,975 - DEBUG - GetModule(TLIBATTR(GUID={56A868B0-0AD4-11CE-B03A-0020AF0BA770}, Version=1.0, LCID=0, FLags=0x8))
2026-09-02 15:19:53,992 - DEBUG - Release <POINTER(ITypeLib) ptr=0x1e0c3ff3e70 at 1e0c835ba20>
2026-09-02 15:19:57,071 - INFO - UI load successful
2026-09-02 15:20:21,126 - INFO - Profile : Supervisor
2026-09-02 15:20:21,476 - WARNING - Failed login attempt for user: Supervisor
2026-09-02 15:21:03,296 - INFO - File selected : D:/TeamDev/DLL_Galvo/GalvoUI_2/40mm_square.svg
2026-09-02 15:21:05,405 - INFO - Parameters saved for D:/TeamDev/DLL_Galvo/GalvoUI_2/40mm_square.svg
2026-09-02 15:21:32,198 - INFO - Parameters saved for D:/TeamDev/DLL_Galvo/GalvoUI_2/40mm_square.svg
2026-09-02 15:53:50,405 - DEBUG - OpenGL_accelerate module loaded
2026-09-02 15:53:50,432 - DEBUG - Using accelerated ArrayDatatype
2026-09-02 15:53:50,830 - DEBUG - CoInitializeEx(None, 2)
2026-09-02 15:53:50,968 - INFO - Could not import comtypes.gen, trying to create it.
2026-09-02 15:53:50,969 - INFO - Creating comtypes.gen package failed: [WinError 5] Access is denied: 'C:\\Program Files\\Python314\\Lib\\site-packages\\comtypes\\gen'
2026-09-02 15:53:50,969 - INFO - Created a memory-only package.
2026-09-02 15:53:50,973 - INFO - Using writeable comtypes cache directory: 'C:\Users\EXPRESS\AppData\Roaming\Python\Python314\comtypes_cache'
2026-09-02 15:53:50,985 - DEBUG - GetModule(qedit.dll), resolved: False
2026-09-02 15:53:50,996 - DEBUG - GetModule(TLIBATTR(GUID={78530B68-61F9-11D2-8CAD-00A024580902}, Version=1.0, LCID=0, FLags=0x8))
2026-09-02 15:53:51,031 - DEBUG - Release <POINTER(ITypeLib) ptr=0x27ab5db4210 at 27aba09fa20>
2026-09-02 15:53:51,032 - DEBUG - GetModule(quartz.dll), resolved: False
2026-09-02 15:53:51,042 - DEBUG - GetModule(TLIBATTR(GUID={56A868B0-0AD4-11CE-B03A-0020AF0BA770}, Version=1.0, LCID=0, FLags=0x8))
2026-09-02 15:53:51,052 - DEBUG - Release <POINTER(ITypeLib) ptr=0x27ab5db6b50 at 27aba09fa20>
2026-09-02 15:53:57,736 - INFO - UI load successful
2026-09-02 15:55:15,921 - INFO - Galvo Laser Shutdown
2026-09-02 15:55:15,923 - CRITICAL - Laser 1 : OFF
2026-09-02 15:55:15,923 - CRITICAL - Laser 2 : OFF
2026-09-02 15:55:15,923 - INFO - Stepper Lasers Shutdown
2026-09-02 15:55:15,923 - INFO - COM connection close successfully
2026-09-02 15:55:15,923 - INFO - Main window close successfully
2026-09-02 15:55:15,923 - INFO - ==================================================
2026-09-02 15:55:15,923 - INFO - New session close at 2026-09-02 15:55
2026-09-02 15:55:15,924 - INFO - ==================================================
2026-09-02 15:55:15,938 - DEBUG - Calling CoUninitialize()
2026-09-02 15:55:15,938 - DEBUG - CoUninitialize() done.
2026-09-02 16:13:19,071 - DEBUG - OpenGL_accelerate module loaded
2026-09-02 16:13:19,100 - DEBUG - Using accelerated ArrayDatatype
2026-09-02 16:13:19,519 - DEBUG - CoInitializeEx(None, 2)
2026-09-02 16:13:19,647 - INFO - Could not import comtypes.gen, trying to create it.
2026-09-02 16:13:19,647 - INFO - Creating comtypes.gen package failed: [WinError 5] Access is denied: 'C:\\Program Files\\Python314\\Lib\\site-packages\\comtypes\\gen'
2026-09-02 16:13:19,647 - INFO - Created a memory-only package.
2026-09-02 16:13:19,650 - INFO - Using writeable comtypes cache directory: 'C:\Users\EXPRESS\AppData\Roaming\Python\Python314\comtypes_cache'
2026-09-02 16:13:19,662 - DEBUG - GetModule(qedit.dll), resolved: False
2026-09-02 16:13:19,680 - DEBUG - GetModule(TLIBATTR(GUID={78530B68-61F9-11D2-8CAD-00A024580902}, Version=1.0, LCID=0, FLags=0x8))
2026-09-02 16:13:19,720 - DEBUG - Release <POINTER(ITypeLib) ptr=0x2975f7bd000 at 29763a1f890>
2026-09-02 16:13:19,720 - DEBUG - GetModule(quartz.dll), resolved: False
2026-09-02 16:13:19,734 - DEBUG - GetModule(TLIBATTR(GUID={56A868B0-0AD4-11CE-B03A-0020AF0BA770}, Version=1.0, LCID=0, FLags=0x8))
2026-09-02 16:13:19,760 - DEBUG - Release <POINTER(ITypeLib) ptr=0x2975f7bb480 at 29763a1f890>
2026-09-02 16:13:23,431 - INFO - UI load successful
2026-09-02 16:14:07,252 - INFO - Profile : Supervisor
2026-09-02 16:32:55,785 - DEBUG - OpenGL_accelerate module loaded
2026-09-02 16:32:55,802 - DEBUG - Using accelerated ArrayDatatype
2026-09-02 16:32:56,186 - DEBUG - CoInitializeEx(None, 2)
2026-09-02 16:32:56,283 - INFO - Could not import comtypes.gen, trying to create it.
2026-09-02 16:32:56,284 - INFO - Creating comtypes.gen package failed: [WinError 5] Access is denied: 'C:\\Program Files\\Python314\\Lib\\site-packages\\comtypes\\gen'
2026-09-02 16:32:56,284 - INFO - Created a memory-only package.
2026-09-02 16:32:56,286 - INFO - Using writeable comtypes cache directory: 'C:\Users\EXPRESS\AppData\Roaming\Python\Python314\comtypes_cache'
2026-09-02 16:32:56,297 - DEBUG - GetModule(qedit.dll), resolved: False
2026-09-02 16:32:56,314 - DEBUG - GetModule(TLIBATTR(GUID={78530B68-61F9-11D2-8CAD-00A024580902}, Version=1.0, LCID=0, FLags=0x8))
2026-09-02 16:32:56,367 - DEBUG - Release <POINTER(ITypeLib) ptr=0x13f9fcec980 at 13fa2fafa20>
2026-09-02 16:32:56,367 - DEBUG - GetModule(quartz.dll), resolved: False
2026-09-02 16:32:56,382 - DEBUG - GetModule(TLIBATTR(GUID={56A868B0-0AD4-11CE-B03A-0020AF0BA770}, Version=1.0, LCID=0, FLags=0x8))
2026-09-02 16:32:56,401 - DEBUG - Release <POINTER(ITypeLib) ptr=0x13f9fcec980 at 13fa2fafa20>
2026-09-02 16:32:59,630 - INFO - UI load successful
2026-09-02 16:33:19,720 - INFO - Profile : Supervisor
2026-09-02 16:35:48,457 - INFO - File selected : D:/TeamDev/DLL_Galvo/GalvoUI_2/40mm_square.svg
2026-09-02 16:35:53,474 - INFO - Parameters saved for D:/TeamDev/DLL_Galvo/GalvoUI_2/40mm_square.svg
2026-09-02 16:38:41,024 - INFO - Close event ignored.
2026-09-02 16:51:25,597 - DEBUG - OpenGL_accelerate module loaded
2026-09-02 16:51:25,633 - DEBUG - Using accelerated ArrayDatatype
2026-09-02 16:51:26,243 - DEBUG - CoInitializeEx(None, 2)
2026-09-02 16:51:26,354 - INFO - Could not import comtypes.gen, trying to create it.
2026-09-02 16:51:26,354 - INFO - Creating comtypes.gen package failed: [WinError 5] Access is denied: 'C:\\Program Files\\Python314\\Lib\\site-packages\\comtypes\\gen'
2026-09-02 16:51:26,355 - INFO - Created a memory-only package.
2026-09-02 16:51:26,358 - INFO - Using writeable comtypes cache directory: 'C:\Users\EXPRESS\AppData\Roaming\Python\Python314\comtypes_cache'
2026-09-02 16:51:26,372 - DEBUG - GetModule(qedit.dll), resolved: False
2026-09-02 16:51:26,384 - DEBUG - GetModule(TLIBATTR(GUID={78530B68-61F9-11D2-8CAD-00A024580902}, Version=1.0, LCID=0, FLags=0x8))
2026-09-02 16:51:26,428 - DEBUG - Release <POINTER(ITypeLib) ptr=0x220273db690 at 2202b7bf890>
2026-09-02 16:51:26,428 - DEBUG - GetModule(quartz.dll), resolved: False
2026-09-02 16:51:26,443 - DEBUG - GetModule(TLIBATTR(GUID={56A868B0-0AD4-11CE-B03A-0020AF0BA770}, Version=1.0, LCID=0, FLags=0x8))
2026-09-02 16:51:26,454 - DEBUG - Release <POINTER(ITypeLib) ptr=0x220273dd4d0 at 2202b7bf890>
2026-09-02 16:51:29,801 - INFO - UI load successful
2026-09-02 16:51:56,436 - INFO - Profile : Supervisor
2026-09-02 16:54:43,530 - CRITICAL - Laser 1 : OFF
2026-09-02 16:54:43,530 - CRITICAL - Laser 2 : OFF
2026-09-02 16:54:43,530 - INFO - Stepper Lasers Shutdown
2026-09-02 16:54:43,530 - INFO - COM connection close successfully
2026-09-02 16:54:43,530 - INFO - Main window close successfully
2026-09-02 16:54:43,530 - INFO - ==================================================
2026-09-02 16:54:43,530 - INFO - New session close at 2026-09-02 16:54
2026-09-02 16:54:43,530 - INFO - ==================================================
2026-09-02 16:54:43,547 - DEBUG - Calling CoUninitialize()
2026-09-02 16:54:43,547 - DEBUG - CoUninitialize() done.
2026-09-02 16:54:50,451 - DEBUG - OpenGL_accelerate module loaded
2026-09-02 16:54:50,470 - DEBUG - Using accelerated ArrayDatatype
2026-09-02 16:54:50,814 - DEBUG - CoInitializeEx(None, 2)
2026-09-02 16:54:50,892 - INFO - Could not import comtypes.gen, trying to create it.
2026-09-02 16:54:50,893 - INFO - Creating comtypes.gen package failed: [WinError 5] Access is denied: 'C:\\Program Files\\Python314\\Lib\\site-packages\\comtypes\\gen'
2026-09-02 16:54:50,893 - INFO - Created a memory-only package.
2026-09-02 16:54:50,895 - INFO - Using writeable comtypes cache directory: 'C:\Users\EXPRESS\AppData\Roaming\Python\Python314\comtypes_cache'
2026-09-02 16:54:50,905 - DEBUG - GetModule(qedit.dll), resolved: False
2026-09-02 16:54:50,917 - DEBUG - GetModule(TLIBATTR(GUID={78530B68-61F9-11D2-8CAD-00A024580902}, Version=1.0, LCID=0, FLags=0x8))
2026-09-02 16:54:50,957 - DEBUG - Release <POINTER(ITypeLib) ptr=0x2c484a92d00 at 2c487a73890>
2026-09-02 16:54:50,957 - DEBUG - GetModule(quartz.dll), resolved: False
2026-09-02 16:54:50,972 - DEBUG - GetModule(TLIBATTR(GUID={56A868B0-0AD4-11CE-B03A-0020AF0BA770}, Version=1.0, LCID=0, FLags=0x8))
2026-09-02 16:54:50,980 - DEBUG - Release <POINTER(ITypeLib) ptr=0x2c484a92d00 at 2c487a73890>
2026-09-02 16:54:51,361 - INFO - UI load successful
2026-09-02 16:56:35,316 - DEBUG - OpenGL_accelerate module loaded
2026-09-02 16:56:35,350 - DEBUG - Using accelerated ArrayDatatype
2026-09-02 16:56:35,774 - DEBUG - CoInitializeEx(None, 2)
2026-09-02 16:56:35,871 - INFO - Could not import comtypes.gen, trying to create it.
2026-09-02 16:56:35,871 - INFO - Creating comtypes.gen package failed: [WinError 5] Access is denied: 'C:\\Program Files\\Python314\\Lib\\site-packages\\comtypes\\gen'
2026-09-02 16:56:35,871 - INFO - Created a memory-only package.
2026-09-02 16:56:35,873 - INFO - Using writeable comtypes cache directory: 'C:\Users\EXPRESS\AppData\Roaming\Python\Python314\comtypes_cache'
2026-09-02 16:56:35,885 - DEBUG - GetModule(qedit.dll), resolved: False
2026-09-02 16:56:35,897 - DEBUG - GetModule(TLIBATTR(GUID={78530B68-61F9-11D2-8CAD-00A024580902}, Version=1.0, LCID=0, FLags=0x8))
2026-09-02 16:56:35,954 - DEBUG - Release <POINTER(ITypeLib) ptr=0x1975c7a3b60 at 19760bdf890>
2026-09-02 16:56:35,955 - DEBUG - GetModule(quartz.dll), resolved: False
2026-09-02 16:56:35,968 - DEBUG - GetModule(TLIBATTR(GUID={56A868B0-0AD4-11CE-B03A-0020AF0BA770}, Version=1.0, LCID=0, FLags=0x8))
2026-09-02 16:56:35,977 - DEBUG - Release <POINTER(ITypeLib) ptr=0x1975c7a3b60 at 19760bdf890>
2026-09-02 16:56:39,037 - INFO - UI load successful
2026-09-02 16:57:11,391 - INFO - Profile : Supervisor
2026-09-02 16:57:36,107 - INFO - File selected : D:/TeamDev/DLL_Galvo/GalvoUI_2/40mm_square.svg
2026-09-02 16:57:38,846 - INFO - Parameters saved for D:/TeamDev/DLL_Galvo/GalvoUI_2/40mm_square.svg
2026-09-02 16:58:01,252 - INFO - Parameters saved for D:/TeamDev/DLL_Galvo/GalvoUI_2/40mm_square.svg
2026-09-02 17:09:25,153 - DEBUG - OpenGL_accelerate module loaded
2026-09-02 17:09:25,175 - DEBUG - Using accelerated ArrayDatatype
2026-09-02 17:09:25,579 - DEBUG - CoInitializeEx(None, 2)
2026-09-02 17:09:25,669 - INFO - Could not import comtypes.gen, trying to create it.
2026-09-02 17:09:25,669 - INFO - Creating comtypes.gen package failed: [WinError 5] Access is denied: 'C:\\Program Files\\Python314\\Lib\\site-packages\\comtypes\\gen'
2026-09-02 17:09:25,669 - INFO - Created a memory-only package.
2026-09-02 17:09:25,672 - INFO - Using writeable comtypes cache directory: 'C:\Users\EXPRESS\AppData\Roaming\Python\Python314\comtypes_cache'
2026-09-02 17:09:25,682 - DEBUG - GetModule(qedit.dll), resolved: False
2026-09-02 17:09:25,692 - DEBUG - GetModule(TLIBATTR(GUID={78530B68-61F9-11D2-8CAD-00A024580902}, Version=1.0, LCID=0, FLags=0x8))
2026-09-02 17:09:25,751 - DEBUG - Release <POINTER(ITypeLib) ptr=0x20997385680 at 2099b743890>
2026-09-02 17:09:25,751 - DEBUG - GetModule(quartz.dll), resolved: False
2026-09-02 17:09:25,765 - DEBUG - GetModule(TLIBATTR(GUID={56A868B0-0AD4-11CE-B03A-0020AF0BA770}, Version=1.0, LCID=0, FLags=0x8))
2026-09-02 17:09:25,773 - DEBUG - Release <POINTER(ITypeLib) ptr=0x20997384b80 at 2099b743890>
2026-09-02 17:09:30,600 - INFO - UI load successful
2026-09-02 17:09:51,738 - INFO - Profile : Supervisor
2026-09-03 14:50:00,873 - DEBUG - OpenGL_accelerate module loaded
2026-09-03 14:50:00,980 - DEBUG - Using accelerated ArrayDatatype
2026-09-03 14:50:02,798 - DEBUG - CoInitializeEx(None, 2)
2026-09-03 14:50:03,153 - INFO - Could not import comtypes.gen, trying to create it.
2026-09-03 14:50:03,153 - INFO - Creating comtypes.gen package failed: [WinError 5] Access is denied: 'C:\\Program Files\\Python314\\Lib\\site-packages\\comtypes\\gen'
2026-09-03 14:50:03,154 - INFO - Created a memory-only package.
2026-09-03 14:50:03,156 - INFO - Using writeable comtypes cache directory: 'C:\Users\EXPRESS\AppData\Roaming\Python\Python314\comtypes_cache'
2026-09-03 14:50:03,193 - DEBUG - GetModule(qedit.dll), resolved: False
2026-09-03 14:50:03,202 - DEBUG - GetModule(TLIBATTR(GUID={78530B68-61F9-11D2-8CAD-00A024580902}, Version=1.0, LCID=0, FLags=0x8))
2026-09-03 14:50:03,275 - DEBUG - Release <POINTER(ITypeLib) ptr=0x21562516fb0 at 2156676fa20>
2026-09-03 14:50:03,275 - DEBUG - GetModule(quartz.dll), resolved: False
2026-09-03 14:50:03,283 - DEBUG - GetModule(TLIBATTR(GUID={56A868B0-0AD4-11CE-B03A-0020AF0BA770}, Version=1.0, LCID=0, FLags=0x8))
2026-09-03 14:50:03,299 - DEBUG - Release <POINTER(ITypeLib) ptr=0x21562516770 at 2156676fa20>
2026-09-03 14:50:06,567 - INFO - UI load successful
2026-09-03 14:51:57,595 - INFO - Profile : Supervisor
2026-09-03 14:52:08,383 - INFO - Galvo Laser Shutdown
2026-09-03 14:52:08,386 - CRITICAL - Laser 1 : OFF
2026-09-03 14:52:08,387 - CRITICAL - Laser 2 : OFF
2026-09-03 14:52:08,387 - INFO - Stepper Lasers Shutdown
2026-09-03 14:52:08,387 - INFO - COM connection close successfully
2026-09-03 14:52:08,387 - INFO - Main window close successfully
2026-09-03 14:52:08,387 - INFO - ==================================================
2026-09-03 14:52:08,387 - INFO - New session close at 2026-09-03 14:52
2026-09-03 14:52:08,387 - INFO - ==================================================
2026-09-03 14:52:08,395 - DEBUG - Calling CoUninitialize()
2026-09-03 14:52:08,395 - DEBUG - CoUninitialize() done.
2026-09-03 14:53:01,671 - DEBUG - OpenGL_accelerate module loaded
2026-09-03 14:53:01,681 - DEBUG - Using accelerated ArrayDatatype
2026-09-03 14:53:01,906 - DEBUG - CoInitializeEx(None, 2)
2026-09-03 14:53:01,949 - INFO - Could not import comtypes.gen, trying to create it.
2026-09-03 14:53:01,949 - INFO - Creating comtypes.gen package failed: [WinError 5] Access is denied: 'C:\\Program Files\\Python314\\Lib\\site-packages\\comtypes\\gen'
2026-09-03 14:53:01,949 - INFO - Created a memory-only package.
2026-09-03 14:53:01,952 - INFO - Using writeable comtypes cache directory: 'C:\Users\EXPRESS\AppData\Roaming\Python\Python314\comtypes_cache'
2026-09-03 14:53:01,958 - DEBUG - GetModule(qedit.dll), resolved: False
2026-09-03 14:53:01,959 - DEBUG - GetModule(TLIBATTR(GUID={78530B68-61F9-11D2-8CAD-00A024580902}, Version=1.0, LCID=0, FLags=0x8))
2026-09-03 14:53:01,982 - DEBUG - Release <POINTER(ITypeLib) ptr=0x130546dcc20 at 130589ff890>
2026-09-03 14:53:01,982 - DEBUG - GetModule(quartz.dll), resolved: False
2026-09-03 14:53:01,983 - DEBUG - GetModule(TLIBATTR(GUID={56A868B0-0AD4-11CE-B03A-0020AF0BA770}, Version=1.0, LCID=0, FLags=0x8))
2026-09-03 14:53:01,990 - DEBUG - Release <POINTER(ITypeLib) ptr=0x130546dd1a0 at 130589ff890>
2026-09-03 14:53:04,969 - INFO - UI load successful
2026-09-03 14:53:05,315 - INFO - Com : com, Port : ['COM1', 'COM9', 'COM10'], Baud : ['9600', '57600', '115200', '250000']
2026-09-03 14:53:05,319 - ERROR - Error : Invalid Input > Kindly select a COM port.
2026-09-03 14:53:25,209 - DEBUG - {E436EBB3-524F-11CE-9F53-0020AF0BA770} -> {E436EBB3-524F-11CE-9F53-0020AF0BA770}
2026-09-03 14:53:25,209 - DEBUG - CoCreateInstance({E436EBB3-524F-11CE-9F53-0020AF0BA770}, clsctx=None, interface=<class 'comtypes.gen._78530B68_61F9_11D2_8CAD_00A024580902_0_1_0.IFilterGraph'>)
2026-09-03 14:53:25,226 - DEBUG - {BF87B6E1-8C27-11d0-B3F0-00AA003761C5} -> {BF87B6E1-8C27-11D0-B3F0-00AA003761C5}
2026-09-03 14:53:25,226 - DEBUG - CoCreateInstance({BF87B6E1-8C27-11D0-B3F0-00AA003761C5}, clsctx=None, interface=<class 'pygrabber.dshow_core.ICaptureGraphBuilder2'>)
2026-09-03 14:53:25,238 - DEBUG - {62BE5D10-60EB-11d0-BD3B-00A0C911CE86} -> {62BE5D10-60EB-11D0-BD3B-00A0C911CE86}
2026-09-03 14:53:25,239 - DEBUG - CoCreateInstance({62BE5D10-60EB-11D0-BD3B-00A0C911CE86}, clsctx=None, interface=<class 'pygrabber.dshow_core.ICreateDevEnum'>)
2026-09-03 14:53:25,727 - DEBUG - Release <POINTER(IEnumMoniker) ptr=0x1305c3c0e60 at 1305cd8b250>
2026-09-03 14:53:25,727 - DEBUG - Release <POINTER(ICaptureGraphBuilder2) ptr=0x1305c3c0078 at 1305cd8ada0>
2026-09-03 14:53:25,730 - DEBUG - Release <POINTER(IFilterGraph) ptr=0x1305c841940 at 1305cd8a5d0>
2026-09-03 14:53:25,730 - DEBUG - Release <POINTER(IGraphBuilder) ptr=0x1305c841940 at 1305cd8a440>
2026-09-03 14:53:25,730 - DEBUG - Release <POINTER(IMediaControl) ptr=0x13054c60758 at 1305cd8a760>
2026-09-03 14:53:25,730 - DEBUG - Release <POINTER(IMediaEvent) ptr=0x13054c60790 at 1305cd8a8f0>
2026-09-03 14:53:25,731 - DEBUG - Release <POINTER(ICreateDevEnum) ptr=0x1305be59cc0 at 1305cd8aa80>
2026-09-03 14:53:25,731 - DEBUG - Release <POINTER(IWMProfileManager2) ptr=0x1305be21ec0 at 1305cd8ac10>
2026-09-03 14:53:25,737 - DEBUG - Release <POINTER(IWMProfile) ptr=0x13063645f20 at 1305bac6780>
2026-09-03 14:53:25,738 - DEBUG - Release <POINTER(IWMProfile) ptr=0x130636440f0 at 1305bac66d0>
2026-09-03 14:53:25,738 - DEBUG - Release <POINTER(IWMProfile) ptr=0x13063644540 at 130589aebd0>
2026-09-03 14:53:25,738 - DEBUG - Release <POINTER(IWMProfile) ptr=0x130636467c0 at 130589aeb10>
2026-09-03 14:53:25,738 - DEBUG - Release <POINTER(IWMProfile) ptr=0x13063642710 at 1305ba82680>
2026-09-03 14:53:25,739 - DEBUG - Release <POINTER(IWMProfile) ptr=0x13063643850 at 13058ad9d30>
2026-09-03 14:53:25,739 - DEBUG - Release <POINTER(IWMProfile) ptr=0x1306363e660 at 13058ad9fd0>
2026-09-03 14:53:25,739 - DEBUG - Release <POINTER(IWMProfile) ptr=0x13063640490 at 1305904f3e0>
2026-09-03 14:53:25,740 - DEBUG - Release <POINTER(IWMProfile) ptr=0x13063640040 at 1305904f4d0>
2026-09-03 14:53:25,740 - DEBUG - Release <POINTER(IWMProfile) ptr=0x130636422c0 at 130589ced50>
2026-09-03 14:53:25,740 - DEBUG - Release <POINTER(IWMProfile) ptr=0x1306363e210 at 13057804950>
2026-09-03 14:53:25,740 - DEBUG - Release <POINTER(IWMProfile) ptr=0x13063641e70 at 13058aa09e0>
2026-09-03 14:53:25,740 - DEBUG - Release <POINTER(IWMProfile) ptr=0x1306363f7a0 at 13058aa0af0>
2026-09-03 14:53:25,741 - DEBUG - Release <POINTER(IWMProfile) ptr=0x1306363ddc0 at 13058ae1490>
2026-09-03 14:53:25,741 - DEBUG - Release <POINTER(IWMProfile) ptr=0x13063641a20 at 13058a6a8b0>
2026-09-03 14:53:25,741 - DEBUG - Release <POINTER(IWMProfile) ptr=0x130636415d0 at 13058a6a9e0>
2026-09-03 14:53:25,741 - DEBUG - Release <POINTER(IWMProfile) ptr=0x1306363ef00 at 13058ac9810>
2026-09-03 14:53:25,741 - DEBUG - Release <POINTER(IWMProfile) ptr=0x13063640d30 at 13058ac96d0>
2026-09-03 14:53:25,742 - DEBUG - Release <POINTER(IWMProfile) ptr=0x130636408e0 at 1305babdd30>
2026-09-03 14:53:25,742 - DEBUG - Release <POINTER(IWMProfile) ptr=0x13063641180 at 1305babdbe0>
2026-09-03 14:53:25,742 - DEBUG - Release <POINTER(IWMProfile) ptr=0x1306363fbf0 at 1305cd9c050>
2026-09-03 14:53:25,742 - DEBUG - Release <POINTER(IWMProfile) ptr=0x1306363f350 at 13058a89a30>
2026-09-03 14:53:25,742 - DEBUG - Release <POINTER(IWMProfile) ptr=0x1306363eab0 at 13058a895e0>
2026-09-03 14:53:25,743 - DEBUG - Release <POINTER(IWMProfile) ptr=0x1306363a160 at 13058ecf1d0>
2026-09-03 14:53:25,743 - DEBUG - Release <POINTER(IWMProfile) ptr=0x13063639d10 at 13058ecf050>
2026-09-03 14:53:25,743 - DEBUG - Release <POINTER(IWMProfile) ptr=0x1306363d970 at 1305cd8b0c0>
2026-09-03 14:53:25,743 - DEBUG - Release <POINTER(IWMProfile) ptr=0x130636398c0 at 1305cd8af30>
2026-09-03 15:01:21,770 - DEBUG - OpenGL_accelerate module loaded
2026-09-03 15:01:21,781 - DEBUG - Using accelerated ArrayDatatype
2026-09-03 15:01:22,039 - DEBUG - CoInitializeEx(None, 2)
2026-09-03 15:01:22,172 - INFO - Could not import comtypes.gen, trying to create it.
2026-09-03 15:01:22,172 - INFO - Creating comtypes.gen package failed: [WinError 5] Access is denied: 'C:\\Program Files\\Python314\\Lib\\site-packages\\comtypes\\gen'
2026-09-03 15:01:22,172 - INFO - Created a memory-only package.
2026-09-03 15:01:22,175 - INFO - Using writeable comtypes cache directory: 'C:\Users\EXPRESS\AppData\Roaming\Python\Python314\comtypes_cache'
2026-09-03 15:01:22,182 - DEBUG - GetModule(qedit.dll), resolved: False
2026-09-03 15:01:22,183 - DEBUG - GetModule(TLIBATTR(GUID={78530B68-61F9-11D2-8CAD-00A024580902}, Version=1.0, LCID=0, FLags=0x8))
2026-09-03 15:01:22,211 - DEBUG - Release <POINTER(ITypeLib) ptr=0x172a54d6330 at 172a96ef890>
2026-09-03 15:01:22,211 - DEBUG - GetModule(quartz.dll), resolved: False
2026-09-03 15:01:22,212 - DEBUG - GetModule(TLIBATTR(GUID={56A868B0-0AD4-11CE-B03A-0020AF0BA770}, Version=1.0, LCID=0, FLags=0x8))
2026-09-03 15:01:22,222 - DEBUG - Release <POINTER(ITypeLib) ptr=0x172a54d6b70 at 172a96ef890>
2026-09-03 15:01:25,286 - INFO - UI load successful
2026-09-03 15:01:39,870 - INFO - Profile : Supervisor
2026-09-03 15:07:24,699 - DEBUG - OpenGL_accelerate module loaded
2026-09-03 15:07:24,710 - DEBUG - Using accelerated ArrayDatatype
2026-09-03 15:07:24,941 - DEBUG - CoInitializeEx(None, 2)
2026-09-03 15:07:24,984 - INFO - Could not import comtypes.gen, trying to create it.
2026-09-03 15:07:24,984 - INFO - Creating comtypes.gen package failed: [WinError 5] Access is denied: 'C:\\Program Files\\Python314\\Lib\\site-packages\\comtypes\\gen'
2026-09-03 15:07:24,984 - INFO - Created a memory-only package.
2026-09-03 15:07:24,987 - INFO - Using writeable comtypes cache directory: 'C:\Users\EXPRESS\AppData\Roaming\Python\Python314\comtypes_cache'
2026-09-03 15:07:24,993 - DEBUG - GetModule(qedit.dll), resolved: False
2026-09-03 15:07:24,994 - DEBUG - GetModule(TLIBATTR(GUID={78530B68-61F9-11D2-8CAD-00A024580902}, Version=1.0, LCID=0, FLags=0x8))
2026-09-03 15:07:25,017 - DEBUG - Release <POINTER(ITypeLib) ptr=0x1d9a6c7cc80 at 1d9aafff890>
2026-09-03 15:07:25,018 - DEBUG - GetModule(quartz.dll), resolved: False
2026-09-03 15:07:25,018 - DEBUG - GetModule(TLIBATTR(GUID={56A868B0-0AD4-11CE-B03A-0020AF0BA770}, Version=1.0, LCID=0, FLags=0x8))
2026-09-03 15:07:25,026 - DEBUG - Release <POINTER(ITypeLib) ptr=0x1d9a6c7d780 at 1d9aafff890>
2026-09-03 15:07:28,017 - INFO - UI load successful
2026-09-03 15:07:44,852 - INFO - Profile : Supervisor
2026-09-03 15:13:54,869 - DEBUG - OpenGL_accelerate module loaded
2026-09-03 15:13:54,886 - DEBUG - Using accelerated ArrayDatatype
2026-09-03 15:13:55,258 - DEBUG - CoInitializeEx(None, 2)
2026-09-03 15:13:55,345 - INFO - Could not import comtypes.gen, trying to create it.
2026-09-03 15:13:55,345 - INFO - Creating comtypes.gen package failed: [WinError 5] Access is denied: 'C:\\Program Files\\Python314\\Lib\\site-packages\\comtypes\\gen'
2026-09-03 15:13:55,346 - INFO - Created a memory-only package.
2026-09-03 15:13:55,348 - INFO - Using writeable comtypes cache directory: 'C:\Users\EXPRESS\AppData\Roaming\Python\Python314\comtypes_cache'
2026-09-03 15:13:55,358 - DEBUG - GetModule(qedit.dll), resolved: False
2026-09-03 15:13:55,375 - DEBUG - GetModule(TLIBATTR(GUID={78530B68-61F9-11D2-8CAD-00A024580902}, Version=1.0, LCID=0, FLags=0x8))
2026-09-03 15:13:55,411 - DEBUG - Release <POINTER(ITypeLib) ptr=0x1b4fc477a00 at 1b4ff74f890>
2026-09-03 15:13:55,411 - DEBUG - GetModule(quartz.dll), resolved: False
2026-09-03 15:13:55,424 - DEBUG - GetModule(TLIBATTR(GUID={56A868B0-0AD4-11CE-B03A-0020AF0BA770}, Version=1.0, LCID=0, FLags=0x8))
2026-09-03 15:13:55,434 - DEBUG - Release <POINTER(ITypeLib) ptr=0x1b4fc477a00 at 1b4ff74f890>
2026-09-03 15:13:58,558 - INFO - UI load successful
2026-09-03 15:14:19,047 - INFO - Profile : Supervisor
2026-09-03 15:23:43,665 - DEBUG - OpenGL_accelerate module loaded
2026-09-03 15:23:43,690 - DEBUG - Using accelerated ArrayDatatype
2026-09-03 15:23:44,085 - DEBUG - CoInitializeEx(None, 2)
2026-09-03 15:23:44,213 - INFO - Could not import comtypes.gen, trying to create it.
2026-09-03 15:23:44,213 - INFO - Creating comtypes.gen package failed: [WinError 5] Access is denied: 'C:\\Program Files\\Python314\\Lib\\site-packages\\comtypes\\gen'
2026-09-03 15:23:44,214 - INFO - Created a memory-only package.
2026-09-03 15:23:44,217 - INFO - Using writeable comtypes cache directory: 'C:\Users\EXPRESS\AppData\Roaming\Python\Python314\comtypes_cache'
2026-09-03 15:23:44,229 - DEBUG - GetModule(qedit.dll), resolved: False
2026-09-03 15:23:44,242 - DEBUG - GetModule(TLIBATTR(GUID={78530B68-61F9-11D2-8CAD-00A024580902}, Version=1.0, LCID=0, FLags=0x8))
2026-09-03 15:23:44,288 - DEBUG - Release <POINTER(ITypeLib) ptr=0x11dff60ba80 at 11d8346f890>
2026-09-03 15:23:44,289 - DEBUG - GetModule(quartz.dll), resolved: False
2026-09-03 15:23:44,304 - DEBUG - GetModule(TLIBATTR(GUID={56A868B0-0AD4-11CE-B03A-0020AF0BA770}, Version=1.0, LCID=0, FLags=0x8))
2026-09-03 15:23:44,325 - DEBUG - Release <POINTER(ITypeLib) ptr=0x11dff60c840 at 11d8346f890>
2026-09-03 15:23:44,748 - INFO - UI load successful
2026-09-03 15:23:55,889 - INFO - Profile : Supervisor
2026-09-03 15:25:41,076 - DEBUG - OpenGL_accelerate module loaded
2026-09-03 15:25:41,086 - DEBUG - Using accelerated ArrayDatatype
2026-09-03 15:25:41,307 - DEBUG - CoInitializeEx(None, 2)
2026-09-03 15:25:41,351 - INFO - Could not import comtypes.gen, trying to create it.
2026-09-03 15:25:41,351 - INFO - Creating comtypes.gen package failed: [WinError 5] Access is denied: 'C:\\Program Files\\Python314\\Lib\\site-packages\\comtypes\\gen'
2026-09-03 15:25:41,352 - INFO - Created a memory-only package.
2026-09-03 15:25:41,354 - INFO - Using writeable comtypes cache directory: 'C:\Users\EXPRESS\AppData\Roaming\Python\Python314\comtypes_cache'
2026-09-03 15:25:41,361 - DEBUG - GetModule(qedit.dll), resolved: False
2026-09-03 15:25:41,362 - DEBUG - GetModule(TLIBATTR(GUID={78530B68-61F9-11D2-8CAD-00A024580902}, Version=1.0, LCID=0, FLags=0x8))
2026-09-03 15:25:41,386 - DEBUG - Release <POINTER(ITypeLib) ptr=0x14ad447a780 at 14ad86ff890>
2026-09-03 15:25:41,386 - DEBUG - GetModule(quartz.dll), resolved: False
2026-09-03 15:25:41,387 - DEBUG - GetModule(TLIBATTR(GUID={56A868B0-0AD4-11CE-B03A-0020AF0BA770}, Version=1.0, LCID=0, FLags=0x8))
2026-09-03 15:25:41,398 - DEBUG - Release <POINTER(ITypeLib) ptr=0x14ad4477340 at 14ad86ff890>
2026-09-03 15:25:43,983 - INFO - UI load successful
2026-09-03 15:25:53,990 - INFO - Profile : Supervisor
2026-09-03 15:31:34,971 - DEBUG - OpenGL_accelerate module loaded
2026-09-03 15:31:35,002 - DEBUG - Using accelerated ArrayDatatype
2026-09-03 15:31:35,435 - DEBUG - CoInitializeEx(None, 2)
2026-09-03 15:31:35,547 - INFO - Could not import comtypes.gen, trying to create it.
2026-09-03 15:31:35,547 - INFO - Creating comtypes.gen package failed: [WinError 5] Access is denied: 'C:\\Program Files\\Python314\\Lib\\site-packages\\comtypes\\gen'
2026-09-03 15:31:35,547 - INFO - Created a memory-only package.
2026-09-03 15:31:35,550 - INFO - Using writeable comtypes cache directory: 'C:\Users\EXPRESS\AppData\Roaming\Python\Python314\comtypes_cache'
2026-09-03 15:31:35,562 - DEBUG - GetModule(qedit.dll), resolved: False
2026-09-03 15:31:35,574 - DEBUG - GetModule(TLIBATTR(GUID={78530B68-61F9-11D2-8CAD-00A024580902}, Version=1.0, LCID=0, FLags=0x8))
2026-09-03 15:31:35,615 - DEBUG - Release <POINTER(ITypeLib) ptr=0x23ed869a180 at 23edb4bfa20>
2026-09-03 15:31:35,615 - DEBUG - GetModule(quartz.dll), resolved: False
2026-09-03 15:31:35,628 - DEBUG - GetModule(TLIBATTR(GUID={56A868B0-0AD4-11CE-B03A-0020AF0BA770}, Version=1.0, LCID=0, FLags=0x8))
2026-09-03 15:31:35,638 - DEBUG - Release <POINTER(ITypeLib) ptr=0x23ed8699ec0 at 23edb4bfa20>
2026-09-03 15:31:39,013 - INFO - UI load successful
2026-09-03 15:31:47,761 - INFO - Profile : Supervisor
2026-09-03 15:35:00,658 - DEBUG - OpenGL_accelerate module loaded
2026-09-03 15:35:00,678 - DEBUG - Using accelerated ArrayDatatype
2026-09-03 15:35:01,033 - DEBUG - CoInitializeEx(None, 2)
2026-09-03 15:35:01,138 - INFO - Could not import comtypes.gen, trying to create it.
2026-09-03 15:35:01,139 - INFO - Creating comtypes.gen package failed: [WinError 5] Access is denied: 'C:\\Program Files\\Python314\\Lib\\site-packages\\comtypes\\gen'
2026-09-03 15:35:01,139 - INFO - Created a memory-only package.
2026-09-03 15:35:01,141 - INFO - Using writeable comtypes cache directory: 'C:\Users\EXPRESS\AppData\Roaming\Python\Python314\comtypes_cache'
2026-09-03 15:35:01,152 - DEBUG - GetModule(qedit.dll), resolved: False
2026-09-03 15:35:01,168 - DEBUG - GetModule(TLIBATTR(GUID={78530B68-61F9-11D2-8CAD-00A024580902}, Version=1.0, LCID=0, FLags=0x8))
2026-09-03 15:35:01,216 - DEBUG - Release <POINTER(ITypeLib) ptr=0x19e28984770 at 19e2d60f890>
2026-09-03 15:35:01,216 - DEBUG - GetModule(quartz.dll), resolved: False
2026-09-03 15:35:01,228 - DEBUG - GetModule(TLIBATTR(GUID={56A868B0-0AD4-11CE-B03A-0020AF0BA770}, Version=1.0, LCID=0, FLags=0x8))
2026-09-03 15:35:01,236 - DEBUG - Release <POINTER(ITypeLib) ptr=0x19e28984770 at 19e2d60f890>
2026-09-03 15:35:04,456 - INFO - UI load successful
2026-09-03 15:35:26,428 - INFO - Profile : Supervisor
2026-09-03 15:38:30,101 - DEBUG - OpenGL_accelerate module loaded
2026-09-03 15:38:30,111 - DEBUG - Using accelerated ArrayDatatype
2026-09-03 15:38:30,333 - DEBUG - CoInitializeEx(None, 2)
2026-09-03 15:38:30,374 - INFO - Could not import comtypes.gen, trying to create it.
2026-09-03 15:38:30,375 - INFO - Creating comtypes.gen package failed: [WinError 5] Access is denied: 'C:\\Program Files\\Python314\\Lib\\site-packages\\comtypes\\gen'
2026-09-03 15:38:30,375 - INFO - Created a memory-only package.
2026-09-03 15:38:30,377 - INFO - Using writeable comtypes cache directory: 'C:\Users\EXPRESS\AppData\Roaming\Python\Python314\comtypes_cache'
2026-09-03 15:38:30,384 - DEBUG - GetModule(qedit.dll), resolved: False
2026-09-03 15:38:30,385 - DEBUG - GetModule(TLIBATTR(GUID={78530B68-61F9-11D2-8CAD-00A024580902}, Version=1.0, LCID=0, FLags=0x8))
2026-09-03 15:38:30,407 - DEBUG - Release <POINTER(ITypeLib) ptr=0x18899f8b3d0 at 1889e21f890>
2026-09-03 15:38:30,408 - DEBUG - GetModule(quartz.dll), resolved: False
2026-09-03 15:38:30,409 - DEBUG - GetModule(TLIBATTR(GUID={56A868B0-0AD4-11CE-B03A-0020AF0BA770}, Version=1.0, LCID=0, FLags=0x8))
2026-09-03 15:38:30,418 - DEBUG - Release <POINTER(ITypeLib) ptr=0x18899f8c450 at 1889e21f890>
2026-09-03 15:38:33,532 - INFO - UI load successful
2026-09-03 15:38:43,109 - INFO - Profile : Supervisor
2026-09-03 15:41:35,627 - INFO - File selected : D:/TeamDev/DLL_Galvo/GalvoUI_2/40mm_square.svg
2026-09-03 15:41:41,489 - INFO - Parameters saved for D:/TeamDev/DLL_Galvo/GalvoUI_2/40mm_square.svg
2026-09-03 15:42:25,049 - INFO - Parameters saved for D:/TeamDev/DLL_Galvo/GalvoUI_2/40mm_square.svg
2026-09-03 15:46:15,696 - INFO - Parameters saved for D:/TeamDev/DLL_Galvo/GalvoUI_2/40mm_square.svg
2026-09-03 15:46:39,420 - INFO - Parameters saved for D:/TeamDev/DLL_Galvo/GalvoUI_2/40mm_square.svg
2026-09-03 15:47:03,760 - INFO - Galvo Laser Shutdown
2026-09-03 15:47:03,803 - CRITICAL - Laser 1 : OFF
2026-09-03 15:47:03,803 - CRITICAL - Laser 2 : OFF
2026-09-03 15:47:03,803 - INFO - Stepper Lasers Shutdown
2026-09-03 15:47:03,803 - INFO - COM connection close successfully
2026-09-03 15:47:03,804 - INFO - Main window close successfully
2026-09-03 15:47:03,804 - INFO - ==================================================
2026-09-03 15:47:03,804 - INFO - New session close at 2026-09-03 15:47
2026-09-03 15:47:03,804 - INFO - ==================================================
2026-09-03 15:47:03,822 - DEBUG - Calling CoUninitialize()
2026-09-03 15:47:03,822 - DEBUG - CoUninitialize() done.
2026-09-03 15:50:50,018 - DEBUG - OpenGL_accelerate module loaded
2026-09-03 15:50:50,028 - DEBUG - Using accelerated ArrayDatatype
2026-09-03 15:50:50,252 - DEBUG - CoInitializeEx(None, 2)
2026-09-03 15:50:50,296 - INFO - Could not import comtypes.gen, trying to create it.
2026-09-03 15:50:50,296 - INFO - Creating comtypes.gen package failed: [WinError 5] Access is denied: 'C:\\Program Files\\Python314\\Lib\\site-packages\\comtypes\\gen'
2026-09-03 15:50:50,296 - INFO - Created a memory-only package.
2026-09-03 15:50:50,299 - INFO - Using writeable comtypes cache directory: 'C:\Users\EXPRESS\AppData\Roaming\Python\Python314\comtypes_cache'
2026-09-03 15:50:50,305 - DEBUG - GetModule(qedit.dll), resolved: False
2026-09-03 15:50:50,306 - DEBUG - GetModule(TLIBATTR(GUID={78530B68-61F9-11D2-8CAD-00A024580902}, Version=1.0, LCID=0, FLags=0x8))
2026-09-03 15:50:50,329 - DEBUG - Release <POINTER(ITypeLib) ptr=0x29a8c42a2c0 at 29a9041f890>
2026-09-03 15:50:50,330 - DEBUG - GetModule(quartz.dll), resolved: False
2026-09-03 15:50:50,331 - DEBUG - GetModule(TLIBATTR(GUID={56A868B0-0AD4-11CE-B03A-0020AF0BA770}, Version=1.0, LCID=0, FLags=0x8))
2026-09-03 15:50:50,338 - DEBUG - Release <POINTER(ITypeLib) ptr=0x29a8c4297c0 at 29a9041f890>
2026-09-03 15:50:53,370 - INFO - UI load successful
2026-09-03 15:51:14,477 - INFO - Profile : Supervisor
2026-09-03 15:52:03,070 - INFO - File selected : D:/TeamDev/DLL_Galvo/GalvoUI_2/40mm_square.svg
2026-09-03 15:52:06,481 - INFO - Parameters saved for D:/TeamDev/DLL_Galvo/GalvoUI_2/40mm_square.svg
2026-09-03 15:52:58,065 - INFO - Parameters saved for D:/TeamDev/DLL_Galvo/GalvoUI_2/40mm_square.svg
2026-09-03 16:21:08,262 - DEBUG - OpenGL_accelerate module loaded
2026-09-03 16:21:08,289 - DEBUG - Using accelerated ArrayDatatype
2026-09-03 16:21:08,671 - DEBUG - CoInitializeEx(None, 2)
2026-09-03 16:21:08,765 - INFO - Could not import comtypes.gen, trying to create it.
2026-09-03 16:21:08,765 - INFO - Creating comtypes.gen package failed: [WinError 5] Access is denied: 'C:\\Program Files\\Python314\\Lib\\site-packages\\comtypes\\gen'
2026-09-03 16:21:08,766 - INFO - Created a memory-only package.
2026-09-03 16:21:08,768 - INFO - Using writeable comtypes cache directory: 'C:\Users\EXPRESS\AppData\Roaming\Python\Python314\comtypes_cache'
2026-09-03 16:21:08,779 - DEBUG - GetModule(qedit.dll), resolved: False
2026-09-03 16:21:08,788 - DEBUG - GetModule(TLIBATTR(GUID={78530B68-61F9-11D2-8CAD-00A024580902}, Version=1.0, LCID=0, FLags=0x8))
2026-09-03 16:21:08,822 - DEBUG - Release <POINTER(ITypeLib) ptr=0x1f7d9c3d700 at 1f7dca0f890>
2026-09-03 16:21:08,823 - DEBUG - GetModule(quartz.dll), resolved: False
2026-09-03 16:21:08,836 - DEBUG - GetModule(TLIBATTR(GUID={56A868B0-0AD4-11CE-B03A-0020AF0BA770}, Version=1.0, LCID=0, FLags=0x8))
2026-09-03 16:21:08,845 - DEBUG - Release <POINTER(ITypeLib) ptr=0x1f7d9c3c100 at 1f7dca0f890>
2026-09-03 16:21:15,462 - INFO - UI load successful
2026-09-03 16:21:50,974 - INFO - Profile : Supervisor
2026-09-03 16:22:26,591 - INFO - File selected : D:/TeamDev/DLL_Galvo/GalvoUI_2/40mm_square.svg
2026-09-03 16:22:31,621 - INFO - Parameters saved for D:/TeamDev/DLL_Galvo/GalvoUI_2/40mm_square.svg
2026-09-03 16:56:32,108 - DEBUG - OpenGL_accelerate module loaded
2026-09-03 16:56:32,134 - DEBUG - Using accelerated ArrayDatatype
2026-09-03 16:56:32,524 - DEBUG - CoInitializeEx(None, 2)
2026-09-03 16:56:32,631 - INFO - Could not import comtypes.gen, trying to create it.
2026-09-03 16:56:32,631 - INFO - Creating comtypes.gen package failed: [WinError 5] Access is denied: 'C:\\Program Files\\Python314\\Lib\\site-packages\\comtypes\\gen'
2026-09-03 16:56:32,631 - INFO - Created a memory-only package.
2026-09-03 16:56:32,634 - INFO - Using writeable comtypes cache directory: 'C:\Users\EXPRESS\AppData\Roaming\Python\Python314\comtypes_cache'
2026-09-03 16:56:32,644 - DEBUG - GetModule(qedit.dll), resolved: False
2026-09-03 16:56:32,658 - DEBUG - GetModule(TLIBATTR(GUID={78530B68-61F9-11D2-8CAD-00A024580902}, Version=1.0, LCID=0, FLags=0x8))
2026-09-03 16:56:32,701 - DEBUG - Release <POINTER(ITypeLib) ptr=0x2a844cee3c0 at 2a848fff890>
2026-09-03 16:56:32,701 - DEBUG - GetModule(quartz.dll), resolved: False
2026-09-03 16:56:32,711 - DEBUG - GetModule(TLIBATTR(GUID={56A868B0-0AD4-11CE-B03A-0020AF0BA770}, Version=1.0, LCID=0, FLags=0x8))
2026-09-03 16:56:32,720 - DEBUG - Release <POINTER(ITypeLib) ptr=0x2a844cf04c0 at 2a848fff890>
2026-09-03 16:56:36,336 - INFO - UI load successful
2026-09-03 16:57:12,023 - INFO - Profile : Supervisor
2026-09-03 16:57:51,080 - INFO - File selected : D:/TeamDev/DLL_Galvo/GalvoUI_2/40mm_square.svg
2026-09-03 16:58:07,657 - INFO - Parameters saved for D:/TeamDev/DLL_Galvo/GalvoUI_2/40mm_square.svg
2026-09-03 17:08:37,018 - INFO - Galvo Laser Shutdown
2026-09-03 17:08:37,061 - CRITICAL - Laser 1 : OFF
2026-09-03 17:08:37,062 - CRITICAL - Laser 2 : OFF
2026-09-03 17:08:37,062 - INFO - Stepper Lasers Shutdown
2026-09-03 17:08:37,063 - INFO - COM connection close successfully
2026-09-03 17:08:37,063 - INFO - Main window close successfully
2026-09-03 17:08:37,063 - INFO - ==================================================
2026-09-03 17:08:37,064 - INFO - New session close at 2026-09-03 17:08
2026-09-03 17:08:37,064 - INFO - ==================================================
2026-09-03 17:08:37,098 - DEBUG - Calling CoUninitialize()
2026-09-03 17:08:37,098 - DEBUG - CoUninitialize() done.
2026-09-03 17:09:57,427 - DEBUG - OpenGL_accelerate module loaded
2026-09-03 17:09:57,444 - DEBUG - Using accelerated ArrayDatatype
2026-09-03 17:09:57,768 - DEBUG - CoInitializeEx(None, 2)
2026-09-03 17:09:57,857 - INFO - Could not import comtypes.gen, trying to create it.
2026-09-03 17:09:57,857 - INFO - Creating comtypes.gen package failed: [WinError 5] Access is denied: 'C:\\Program Files\\Python314\\Lib\\site-packages\\comtypes\\gen'
2026-09-03 17:09:57,857 - INFO - Created a memory-only package.
2026-09-03 17:09:57,860 - INFO - Using writeable comtypes cache directory: 'C:\Users\EXPRESS\AppData\Roaming\Python\Python314\comtypes_cache'
2026-09-03 17:09:57,870 - DEBUG - GetModule(qedit.dll), resolved: False
2026-09-03 17:09:57,890 - DEBUG - GetModule(TLIBATTR(GUID={78530B68-61F9-11D2-8CAD-00A024580902}, Version=1.0, LCID=0, FLags=0x8))
2026-09-03 17:09:57,948 - DEBUG - Release <POINTER(ITypeLib) ptr=0x2152798ac60 at 2152bcbf890>
2026-09-03 17:09:57,948 - DEBUG - GetModule(quartz.dll), resolved: False
2026-09-03 17:09:57,962 - DEBUG - GetModule(TLIBATTR(GUID={56A868B0-0AD4-11CE-B03A-0020AF0BA770}, Version=1.0, LCID=0, FLags=0x8))
2026-09-03 17:09:57,979 - DEBUG - Release <POINTER(ITypeLib) ptr=0x2152798ac60 at 2152bcbf890>
2026-09-03 17:10:01,113 - INFO - UI load successful
2026-09-03 17:10:29,830 - INFO - Profile : Supervisor
2026-09-03 17:13:14,583 - INFO - File selected : D:/TeamDev/DLL_Galvo/GalvoUI_2/80mm_square.svg
2026-09-03 17:13:36,318 - INFO - Parameters saved for D:/TeamDev/DLL_Galvo/GalvoUI_2/80mm_square.svg
2026-09-03 17:15:19,687 - INFO - Galvo Laser Shutdown
2026-09-03 17:15:19,688 - CRITICAL - Laser 1 : OFF
2026-09-03 17:15:19,688 - CRITICAL - Laser 2 : OFF
2026-09-03 17:15:19,688 - INFO - Stepper Lasers Shutdown
2026-09-03 17:15:19,688 - INFO - COM connection close successfully
2026-09-03 17:15:19,688 - INFO - Main window close successfully
2026-09-03 17:15:19,688 - INFO - ==================================================
2026-09-03 17:15:19,689 - INFO - New session close at 2026-09-03 17:15
2026-09-03 17:15:19,689 - INFO - ==================================================
2026-09-03 17:15:19,700 - DEBUG - Calling CoUninitialize()
2026-09-03 17:15:19,702 - DEBUG - CoUninitialize() done.
2026-09-03 17:35:28,863 - DEBUG - OpenGL_accelerate module loaded
2026-09-03 17:35:28,890 - DEBUG - Using accelerated ArrayDatatype
2026-09-03 17:35:29,275 - DEBUG - CoInitializeEx(None, 2)
2026-09-03 17:35:29,381 - INFO - Could not import comtypes.gen, trying to create it.
2026-09-03 17:35:29,382 - INFO - Creating comtypes.gen package failed: [WinError 5] Access is denied: 'C:\\Program Files\\Python314\\Lib\\site-packages\\comtypes\\gen'
2026-09-03 17:35:29,382 - INFO - Created a memory-only package.
2026-09-03 17:35:29,385 - INFO - Using writeable comtypes cache directory: 'C:\Users\EXPRESS\AppData\Roaming\Python\Python314\comtypes_cache'
2026-09-03 17:35:29,394 - DEBUG - GetModule(qedit.dll), resolved: False
2026-09-03 17:35:29,406 - DEBUG - GetModule(TLIBATTR(GUID={78530B68-61F9-11D2-8CAD-00A024580902}, Version=1.0, LCID=0, FLags=0x8))
2026-09-03 17:35:29,437 - DEBUG - Release <POINTER(ITypeLib) ptr=0x22e02cf46c0 at 22e05f6f890>
2026-09-03 17:35:29,438 - DEBUG - GetModule(quartz.dll), resolved: False
2026-09-03 17:35:29,451 - DEBUG - GetModule(TLIBATTR(GUID={56A868B0-0AD4-11CE-B03A-0020AF0BA770}, Version=1.0, LCID=0, FLags=0x8))
2026-09-03 17:35:29,467 - DEBUG - Release <POINTER(ITypeLib) ptr=0x22e02cf3bc0 at 22e05f6f890>
2026-09-03 17:35:32,939 - INFO - UI load successful
2026-09-03 17:35:51,825 - INFO - Profile : Supervisor
2026-09-03 17:36:29,325 - INFO - File selected : D:/EXPRESS/Downloads/80x80mm.dxf
2026-09-03 17:36:57,719 - INFO - Parameters saved for D:/EXPRESS/Downloads/80x80mm.dxf
2026-09-03 17:36:57,724 - INFO - DXF version upgrade to DXF R2000.
2026-09-03 17:36:57,735 - INFO - creating ACAD_COLOR dictionary
2026-09-03 17:36:57,735 - INFO - creating ACAD_LAYOUT dictionary
2026-09-03 17:36:57,735 - INFO - creating ACAD_MATERIAL dictionary
2026-09-03 17:36:57,735 - INFO - creating ACAD_MLEADERSTYLE dictionary
2026-09-03 17:36:57,735 - INFO - creating ACAD_MLINESTYLE dictionary
2026-09-03 17:36:57,736 - INFO - creating ACAD_PLOTSETTINGS dictionary
2026-09-03 17:36:57,736 - INFO - creating ACAD_PLOTSTYLENAME dictionary
2026-09-03 17:36:57,736 - INFO - creating ACAD_SCALELIST dictionary
2026-09-03 17:36:57,736 - INFO - creating ACAD_TABLESTYLE dictionary
2026-09-03 17:36:57,736 - INFO - creating ACAD_VISUALSTYLE dictionary
2026-09-03 17:37:16,023 - INFO - File selected : D:/EXPRESS/Downloads/80x80mm.svg
2026-09-03 17:37:20,041 - INFO - Parameters saved for D:/EXPRESS/Downloads/80x80mm.svg
2026-09-03 17:46:42,147 - DEBUG - OpenGL_accelerate module loaded
2026-09-03 17:46:42,169 - DEBUG - Using accelerated ArrayDatatype
2026-09-03 17:46:42,520 - DEBUG - CoInitializeEx(None, 2)
2026-09-03 17:46:42,642 - INFO - Could not import comtypes.gen, trying to create it.
2026-09-03 17:46:42,642 - INFO - Creating comtypes.gen package failed: [WinError 5] Access is denied: 'C:\\Program Files\\Python314\\Lib\\site-packages\\comtypes\\gen'
2026-09-03 17:46:42,642 - INFO - Created a memory-only package.
2026-09-03 17:46:42,647 - INFO - Using writeable comtypes cache directory: 'C:\Users\EXPRESS\AppData\Roaming\Python\Python314\comtypes_cache'
2026-09-03 17:46:42,660 - DEBUG - GetModule(qedit.dll), resolved: False
2026-09-03 17:46:42,673 - DEBUG - GetModule(TLIBATTR(GUID={78530B68-61F9-11D2-8CAD-00A024580902}, Version=1.0, LCID=0, FLags=0x8))
2026-09-03 17:46:42,720 - DEBUG - Release <POINTER(ITypeLib) ptr=0x206f4a83a00 at 206f8cdf700>
2026-09-03 17:46:42,720 - DEBUG - GetModule(quartz.dll), resolved: False
2026-09-03 17:46:42,733 - DEBUG - GetModule(TLIBATTR(GUID={56A868B0-0AD4-11CE-B03A-0020AF0BA770}, Version=1.0, LCID=0, FLags=0x8))
2026-09-03 17:46:42,751 - DEBUG - Release <POINTER(ITypeLib) ptr=0x206f4a826c0 at 206f8cdf700>
2026-09-03 17:46:51,874 - INFO - UI load successful
2026-09-03 17:47:29,709 - INFO - File selected : D:/TeamDev/DLL_Galvo/GalvoUI_2/80mm_square.svg
2026-09-03 17:47:34,622 - INFO - Parameters saved for D:/TeamDev/DLL_Galvo/GalvoUI_2/80mm_square.svg
2026-09-03 17:48:15,993 - INFO - File selected : D:/EXPRESS/Downloads/80x80mm.dxf
2026-09-03 17:48:19,251 - INFO - Parameters saved for D:/EXPRESS/Downloads/80x80mm.dxf
2026-09-03 17:48:19,294 - INFO - DXF version upgrade to DXF R2000.
2026-09-03 17:48:19,300 - INFO - creating ACAD_COLOR dictionary
2026-09-03 17:48:19,300 - INFO - creating ACAD_LAYOUT dictionary
2026-09-03 17:48:19,300 - INFO - creating ACAD_MATERIAL dictionary
2026-09-03 17:48:19,300 - INFO - creating ACAD_MLEADERSTYLE dictionary
2026-09-03 17:48:19,301 - INFO - creating ACAD_MLINESTYLE dictionary
2026-09-03 17:48:19,301 - INFO - creating ACAD_PLOTSETTINGS dictionary
2026-09-03 17:48:19,301 - INFO - creating ACAD_PLOTSTYLENAME dictionary
2026-09-03 17:48:19,301 - INFO - creating ACAD_SCALELIST dictionary
2026-09-03 17:48:19,301 - INFO - creating ACAD_TABLESTYLE dictionary
2026-09-03 17:48:19,301 - INFO - creating ACAD_VISUALSTYLE dictionary
2026-09-03 17:48:30,677 - INFO - Profile : Supervisor
2026-09-03 17:48:38,537 - INFO - Parameters saved for D:/EXPRESS/Downloads/80x80mm.dxf
2026-09-03 17:48:38,540 - INFO - DXF version upgrade to DXF R2000.
2026-09-03 17:48:38,544 - INFO - creating ACAD_COLOR dictionary
2026-09-03 17:48:38,544 - INFO - creating ACAD_LAYOUT dictionary
2026-09-03 17:48:38,544 - INFO - creating ACAD_MATERIAL dictionary
2026-09-03 17:48:38,544 - INFO - creating ACAD_MLEADERSTYLE dictionary
2026-09-03 17:48:38,544 - INFO - creating ACAD_MLINESTYLE dictionary
2026-09-03 17:48:38,544 - INFO - creating ACAD_PLOTSETTINGS dictionary
2026-09-03 17:48:38,544 - INFO - creating ACAD_PLOTSTYLENAME dictionary
2026-09-03 17:48:38,544 - INFO - creating ACAD_SCALELIST dictionary
2026-09-03 17:48:38,544 - INFO - creating ACAD_TABLESTYLE dictionary
2026-09-03 17:48:38,544 - INFO - creating ACAD_VISUALSTYLE dictionary
2026-09-03 17:49:21,129 - INFO - Parameters saved for D:/EXPRESS/Downloads/80x80mm.dxf
2026-09-03 17:49:21,132 - INFO - DXF version upgrade to DXF R2000.
2026-09-03 17:49:21,137 - INFO - creating ACAD_COLOR dictionary
2026-09-03 17:49:21,137 - INFO - creating ACAD_LAYOUT dictionary
2026-09-03 17:49:21,137 - INFO - creating ACAD_MATERIAL dictionary
2026-09-03 17:49:21,137 - INFO - creating ACAD_MLEADERSTYLE dictionary
2026-09-03 17:49:21,137 - INFO - creating ACAD_MLINESTYLE dictionary
2026-09-03 17:49:21,137 - INFO - creating ACAD_PLOTSETTINGS dictionary
2026-09-03 17:49:21,138 - INFO - creating ACAD_PLOTSTYLENAME dictionary
2026-09-03 17:49:21,138 - INFO - creating ACAD_SCALELIST dictionary
2026-09-03 17:49:21,138 - INFO - creating ACAD_TABLESTYLE dictionary
2026-09-03 17:49:21,138 - INFO - creating ACAD_VISUALSTYLE dictionary
2026-09-03 17:49:53,728 - INFO - Parameters saved for D:/EXPRESS/Downloads/80x80mm.dxf
2026-09-03 17:49:53,732 - INFO - DXF version upgrade to DXF R2000.
2026-09-03 17:49:53,736 - INFO - creating ACAD_COLOR dictionary
2026-09-03 17:49:53,736 - INFO - creating ACAD_LAYOUT dictionary
2026-09-03 17:49:53,737 - INFO - creating ACAD_MATERIAL dictionary
2026-09-03 17:49:53,737 - INFO - creating ACAD_MLEADERSTYLE dictionary
2026-09-03 17:49:53,737 - INFO - creating ACAD_MLINESTYLE dictionary
2026-09-03 17:49:53,737 - INFO - creating ACAD_PLOTSETTINGS dictionary
2026-09-03 17:49:53,737 - INFO - creating ACAD_PLOTSTYLENAME dictionary
2026-09-03 17:49:53,737 - INFO - creating ACAD_SCALELIST dictionary
2026-09-03 17:49:53,737 - INFO - creating ACAD_TABLESTYLE dictionary
2026-09-03 17:49:53,737 - INFO - creating ACAD_VISUALSTYLE dictionary
2026-09-03 17:57:42,287 - INFO - File selected : D:/TeamDev/DLL_Galvo/GalvoUI_2/svg_files/ide2.svg
2026-09-03 17:57:46,834 - INFO - Parameters saved for D:/TeamDev/DLL_Galvo/GalvoUI_2/svg_files/ide2.svg
2026-09-03 17:58:01,516 - INFO - Parameters saved for D:/TeamDev/DLL_Galvo/GalvoUI_2/svg_files/ide2.svg
2026-09-03 18:09:57,197 - INFO - Galvo Laser Shutdown
2026-09-03 18:09:57,201 - CRITICAL - Laser 1 : OFF
2026-09-03 18:09:57,201 - CRITICAL - Laser 2 : OFF
2026-09-03 18:09:57,201 - INFO - Stepper Lasers Shutdown
2026-09-03 18:09:57,201 - INFO - COM connection close successfully
2026-09-03 18:09:57,202 - INFO - Main window close successfully
2026-09-03 18:09:57,202 - INFO - ==================================================
2026-09-03 18:09:57,202 - INFO - New session close at 2026-09-03 18:09
2026-09-03 18:09:57,202 - INFO - ==================================================
2026-09-03 18:09:57,224 - DEBUG - Calling CoUninitialize()
2026-09-03 18:09:57,225 - DEBUG - CoUninitialize() done.
2026-09-04 11:44:19,202 - DEBUG - OpenGL_accelerate module loaded
2026-09-04 11:44:19,316 - DEBUG - Using accelerated ArrayDatatype
2026-09-04 11:44:20,963 - DEBUG - CoInitializeEx(None, 2)
2026-09-04 11:44:21,299 - INFO - Could not import comtypes.gen, trying to create it.
2026-09-04 11:44:21,299 - INFO - Creating comtypes.gen package failed: [WinError 5] Access is denied: 'C:\\Program Files\\Python314\\Lib\\site-packages\\comtypes\\gen'
2026-09-04 11:44:21,299 - INFO - Created a memory-only package.
2026-09-04 11:44:21,302 - INFO - Using writeable comtypes cache directory: 'C:\Users\EXPRESS\AppData\Roaming\Python\Python314\comtypes_cache'
2026-09-04 11:44:21,337 - DEBUG - GetModule(qedit.dll), resolved: False
2026-09-04 11:44:21,343 - DEBUG - GetModule(TLIBATTR(GUID={78530B68-61F9-11D2-8CAD-00A024580902}, Version=1.0, LCID=0, FLags=0x8))
2026-09-04 11:44:21,408 - DEBUG - Release <POINTER(ITypeLib) ptr=0x22f9ab83870 at 22f9e8f3890>
2026-09-04 11:44:21,408 - DEBUG - GetModule(quartz.dll), resolved: False
2026-09-04 11:44:21,413 - DEBUG - GetModule(TLIBATTR(GUID={56A868B0-0AD4-11CE-B03A-0020AF0BA770}, Version=1.0, LCID=0, FLags=0x8))
2026-09-04 11:44:21,444 - DEBUG - Release <POINTER(ITypeLib) ptr=0x22f9ab83b30 at 22f9e8f3890>
2026-09-04 11:44:30,821 - INFO - UI load successful
2026-09-04 11:44:40,075 - INFO - Profile : Supervisor
2026-09-04 11:45:14,019 - INFO - File selected : D:/TeamDev/DLL_Galvo/GalvoUI_2/80mm_square.svg
2026-09-04 11:45:17,022 - INFO - Parameters saved for D:/TeamDev/DLL_Galvo/GalvoUI_2/80mm_square.svg
2026-09-04 11:45:58,649 - INFO - Parameters saved for D:/TeamDev/DLL_Galvo/GalvoUI_2/80mm_square.svg
2026-09-04 11:58:24,785 - INFO - File selected : D:/TeamDev/DLL_Galvo/GalvoUI_2/80mm_square.svg
2026-09-04 11:58:27,061 - INFO - Parameters saved for D:/TeamDev/DLL_Galvo/GalvoUI_2/80mm_square.svg
2026-09-04 11:59:36,230 - INFO - Parameters saved for D:/TeamDev/DLL_Galvo/GalvoUI_2/80mm_square.svg
2026-09-04 12:00:35,322 - INFO - Parameters saved for D:/TeamDev/DLL_Galvo/GalvoUI_2/80mm_square.svg
2026-09-04 12:01:55,470 - INFO - Parameters saved for D:/TeamDev/DLL_Galvo/GalvoUI_2/80mm_square.svg
2026-09-04 12:02:55,713 - INFO - Parameters saved for D:/TeamDev/DLL_Galvo/GalvoUI_2/80mm_square.svg
2026-09-04 12:03:04,854 - INFO - Galvo Laser Shutdown
2026-09-04 12:03:04,898 - CRITICAL - Laser 1 : OFF
2026-09-04 12:03:04,905 - CRITICAL - Laser 2 : OFF
2026-09-04 12:03:04,905 - INFO - Stepper Lasers Shutdown
2026-09-04 12:03:04,906 - INFO - COM connection close successfully
2026-09-04 12:03:04,906 - INFO - Main window close successfully
2026-09-04 12:03:04,906 - INFO - ==================================================
2026-09-04 12:03:04,906 - INFO - New session close at 2026-09-04 12:03
2026-09-04 12:03:04,906 - INFO - ==================================================
2026-09-04 12:03:04,930 - DEBUG - Calling CoUninitialize()
2026-09-04 12:03:04,930 - DEBUG - CoUninitialize() done.
2026-09-04 12:19:01,845 - DEBUG - OpenGL_accelerate module loaded
2026-09-04 12:19:01,945 - DEBUG - Using accelerated ArrayDatatype
2026-09-04 12:19:03,103 - DEBUG - CoInitializeEx(None, 2)
2026-09-04 12:19:03,348 - INFO - Could not import comtypes.gen, trying to create it.
2026-09-04 12:19:03,348 - INFO - Creating comtypes.gen package failed: [WinError 5] Access is denied: 'C:\\Program Files\\Python314\\Lib\\site-packages\\comtypes\\gen'
2026-09-04 12:19:03,348 - INFO - Created a memory-only package.
2026-09-04 12:19:03,351 - INFO - Using writeable comtypes cache directory: 'C:\Users\EXPRESS\AppData\Roaming\Python\Python314\comtypes_cache'
2026-09-04 12:19:03,375 - DEBUG - GetModule(qedit.dll), resolved: False
2026-09-04 12:19:03,388 - DEBUG - GetModule(TLIBATTR(GUID={78530B68-61F9-11D2-8CAD-00A024580902}, Version=1.0, LCID=0, FLags=0x8))
2026-09-04 12:19:03,455 - DEBUG - Release <POINTER(ITypeLib) ptr=0x1e5c9aac9e0 at 1e5cdcaf700>
2026-09-04 12:19:03,455 - DEBUG - GetModule(quartz.dll), resolved: False
2026-09-04 12:19:03,467 - DEBUG - GetModule(TLIBATTR(GUID={56A868B0-0AD4-11CE-B03A-0020AF0BA770}, Version=1.0, LCID=0, FLags=0x8))
2026-09-04 12:19:03,491 - DEBUG - Release <POINTER(ITypeLib) ptr=0x1e5c9aaa0a0 at 1e5cdcaf700>
2026-09-04 12:19:12,991 - INFO - UI load successful
2026-09-04 12:19:21,828 - INFO - Profile : Supervisor
2026-09-04 12:19:41,534 - INFO - File selected : D:/TeamDev/DLL_Galvo/GalvoUI_2/svg_files/ide2.svg
2026-09-04 12:19:44,368 - INFO - Parameters saved for D:/TeamDev/DLL_Galvo/GalvoUI_2/svg_files/ide2.svg
2026-09-04 12:21:37,247 - INFO - Parameters saved for D:/TeamDev/DLL_Galvo/GalvoUI_2/svg_files/ide2.svg
2026-09-04 12:28:53,382 - INFO - Galvo Laser Shutdown
2026-09-04 12:28:53,382 - CRITICAL - Laser 1 : OFF
2026-09-04 12:28:53,383 - CRITICAL - Laser 2 : OFF
2026-09-04 12:28:53,383 - INFO - Stepper Lasers Shutdown
2026-09-04 12:28:53,383 - INFO - COM connection close successfully
2026-09-04 12:28:53,383 - INFO - Main window close successfully
2026-09-04 12:28:53,383 - INFO - ==================================================
2026-09-04 12:28:53,383 - INFO - New session close at 2026-09-04 12:28
2026-09-04 12:28:53,383 - INFO - ==================================================
2026-09-04 12:28:53,397 - DEBUG - Calling CoUninitialize()
2026-09-04 12:28:53,398 - DEBUG - CoUninitialize() done.
2026-09-04 12:37:08,522 - DEBUG - OpenGL_accelerate module loaded
2026-09-04 12:37:08,548 - DEBUG - Using accelerated ArrayDatatype
2026-09-04 12:37:08,936 - DEBUG - CoInitializeEx(None, 2)
2026-09-04 12:37:09,070 - INFO - Could not import comtypes.gen, trying to create it.
2026-09-04 12:37:09,071 - INFO - Creating comtypes.gen package failed: [WinError 5] Access is denied: 'C:\\Program Files\\Python314\\Lib\\site-packages\\comtypes\\gen'
2026-09-04 12:37:09,071 - INFO - Created a memory-only package.
2026-09-04 12:37:09,074 - INFO - Using writeable comtypes cache directory: 'C:\Users\EXPRESS\AppData\Roaming\Python\Python314\comtypes_cache'
2026-09-04 12:37:09,086 - DEBUG - GetModule(qedit.dll), resolved: False
2026-09-04 12:37:09,106 - DEBUG - GetModule(TLIBATTR(GUID={78530B68-61F9-11D2-8CAD-00A024580902}, Version=1.0, LCID=0, FLags=0x8))
2026-09-04 12:37:09,142 - DEBUG - Release <POINTER(ITypeLib) ptr=0x2001c42c960 at 2002076f700>
2026-09-04 12:37:09,143 - DEBUG - GetModule(quartz.dll), resolved: False
2026-09-04 12:37:09,157 - DEBUG - GetModule(TLIBATTR(GUID={56A868B0-0AD4-11CE-B03A-0020AF0BA770}, Version=1.0, LCID=0, FLags=0x8))
2026-09-04 12:37:09,179 - DEBUG - Release <POINTER(ITypeLib) ptr=0x2001c42b8e0 at 2002076f700>
2026-09-04 12:37:20,981 - INFO - UI load successful
2026-09-04 12:37:33,972 - INFO - File selected : D:/EXPRESS/Downloads/stylized-black-and-white-floral-mandala-intricate-of-leaves-feathers-and-botanical-elements-arranged-in-a-circle-free-vector-removebg-preview.svg
2026-09-04 12:37:53,097 - INFO - Parameters saved for D:/EXPRESS/Downloads/stylized-black-and-white-floral-mandala-intricate-of-leaves-feathers-and-botanical-elements-arranged-in-a-circle-free-vector-removebg-preview.svg
2026-09-04 12:38:29,063 - INFO - Parameters saved for D:/EXPRESS/Downloads/stylized-black-and-white-floral-mandala-intricate-of-leaves-feathers-and-botanical-elements-arranged-in-a-circle-free-vector-removebg-preview.svg
2026-09-04 12:38:54,515 - INFO - Parameters saved for D:/EXPRESS/Downloads/stylized-black-and-white-floral-mandala-intricate-of-leaves-feathers-and-botanical-elements-arranged-in-a-circle-free-vector-removebg-preview.svg
2026-09-04 12:39:13,101 - INFO - Parameters saved for D:/EXPRESS/Downloads/stylized-black-and-white-floral-mandala-intricate-of-leaves-feathers-and-botanical-elements-arranged-in-a-circle-free-vector-removebg-preview.svg
2026-09-04 12:40:42,295 - INFO - Profile : Supervisor
2026-09-04 12:41:02,460 - INFO - Parameters saved for D:/EXPRESS/Downloads/stylized-black-and-white-floral-mandala-intricate-of-leaves-feathers-and-botanical-elements-arranged-in-a-circle-free-vector-removebg-preview.svg
2026-09-04 12:45:06,853 - INFO - Parameters saved for D:/EXPRESS/Downloads/stylized-black-and-white-floral-mandala-intricate-of-leaves-feathers-and-botanical-elements-arranged-in-a-circle-free-vector-removebg-preview.svg
2026-09-04 12:54:27,412 - INFO - Galvo Laser Shutdown
2026-09-04 12:54:27,461 - CRITICAL - Laser 1 : OFF
2026-09-04 12:54:27,463 - CRITICAL - Laser 2 : OFF
2026-09-04 12:54:27,464 - INFO - Stepper Lasers Shutdown
2026-09-04 12:54:27,464 - INFO - COM connection close successfully
2026-09-04 12:54:27,464 - INFO - Main window close successfully
2026-09-04 12:54:27,464 - INFO - ==================================================
2026-09-04 12:54:27,464 - INFO - New session close at 2026-09-04 12:54
2026-09-04 12:54:27,464 - INFO - ==================================================
2026-09-04 12:54:27,492 - DEBUG - Calling CoUninitialize()
2026-09-04 12:54:27,493 - DEBUG - CoUninitialize() done.
2026-09-04 12:54:59,584 - DEBUG - OpenGL_accelerate module loaded
2026-09-04 12:54:59,607 - DEBUG - Using accelerated ArrayDatatype
2026-09-04 12:55:00,044 - DEBUG - CoInitializeEx(None, 2)
2026-09-04 12:55:00,147 - INFO - Could not import comtypes.gen, trying to create it.
2026-09-04 12:55:00,147 - INFO - Creating comtypes.gen package failed: [WinError 5] Access is denied: 'C:\\Program Files\\Python314\\Lib\\site-packages\\comtypes\\gen'
2026-09-04 12:55:00,148 - INFO - Created a memory-only package.
2026-09-04 12:55:00,151 - INFO - Using writeable comtypes cache directory: 'C:\Users\EXPRESS\AppData\Roaming\Python\Python314\comtypes_cache'
2026-09-04 12:55:00,163 - DEBUG - GetModule(qedit.dll), resolved: False
2026-09-04 12:55:00,178 - DEBUG - GetModule(TLIBATTR(GUID={78530B68-61F9-11D2-8CAD-00A024580902}, Version=1.0, LCID=0, FLags=0x8))
2026-09-04 12:55:00,211 - DEBUG - Release <POINTER(ITypeLib) ptr=0x2363631c2c0 at 23639703890>
2026-09-04 12:55:00,211 - DEBUG - GetModule(quartz.dll), resolved: False
2026-09-04 12:55:00,224 - DEBUG - GetModule(TLIBATTR(GUID={56A868B0-0AD4-11CE-B03A-0020AF0BA770}, Version=1.0, LCID=0, FLags=0x8))
2026-09-04 12:55:00,234 - DEBUG - Release <POINTER(ITypeLib) ptr=0x2363631c2c0 at 23639703890>
2026-09-04 12:55:09,536 - INFO - UI load successful
2026-09-04 12:55:27,655 - INFO - Profile : Supervisor
2026-09-04 12:55:51,644 - INFO - File selected : D:/EXPRESS/Downloads/stylized-black-and-white-floral-mandala-intricate-of-leaves-feathers-and-botanical-elements-arranged-in-a-circle-free-vector-removebg-preview.svg
2026-09-04 12:56:02,674 - INFO - Parameters saved for D:/EXPRESS/Downloads/stylized-black-and-white-floral-mandala-intricate-of-leaves-feathers-and-botanical-elements-arranged-in-a-circle-free-vector-removebg-preview.svg
2026-09-04 12:59:51,303 - INFO - Parameters saved for D:/EXPRESS/Downloads/stylized-black-and-white-floral-mandala-intricate-of-leaves-feathers-and-botanical-elements-arranged-in-a-circle-free-vector-removebg-preview.svg
2026-09-04 13:00:52,463 - INFO - Galvo Laser Shutdown
2026-09-04 13:00:52,517 - CRITICAL - Laser 1 : OFF
2026-09-04 13:00:52,518 - CRITICAL - Laser 2 : OFF
2026-09-04 13:00:52,518 - INFO - Stepper Lasers Shutdown
2026-09-04 13:00:52,518 - INFO - COM connection close successfully
2026-09-04 13:00:52,518 - INFO - Main window close successfully
2026-09-04 13:00:52,519 - INFO - ==================================================
2026-09-04 13:00:52,519 - INFO - New session close at 2026-09-04 13:00
2026-09-04 13:00:52,519 - INFO - ==================================================
2026-09-04 13:00:52,537 - DEBUG - Calling CoUninitialize()
2026-09-04 13:00:52,537 - DEBUG - CoUninitialize() done.
2026-09-04 13:03:51,406 - DEBUG - OpenGL_accelerate module loaded
2026-09-04 13:03:51,417 - DEBUG - Using accelerated ArrayDatatype
2026-09-04 13:03:51,669 - DEBUG - CoInitializeEx(None, 2)
2026-09-04 13:03:51,717 - INFO - Could not import comtypes.gen, trying to create it.
2026-09-04 13:03:51,718 - INFO - Creating comtypes.gen package failed: [WinError 5] Access is denied: 'C:\\Program Files\\Python314\\Lib\\site-packages\\comtypes\\gen'
2026-09-04 13:03:51,718 - INFO - Created a memory-only package.
2026-09-04 13:03:51,720 - INFO - Using writeable comtypes cache directory: 'C:\Users\EXPRESS\AppData\Roaming\Python\Python314\comtypes_cache'
2026-09-04 13:03:51,728 - DEBUG - GetModule(qedit.dll), resolved: False
2026-09-04 13:03:51,729 - DEBUG - GetModule(TLIBATTR(GUID={78530B68-61F9-11D2-8CAD-00A024580902}, Version=1.0, LCID=0, FLags=0x8))
2026-09-04 13:03:51,753 - DEBUG - Release <POINTER(ITypeLib) ptr=0x1efd7e5c9a0 at 1efdbd13890>
2026-09-04 13:03:51,754 - DEBUG - GetModule(quartz.dll), resolved: False
2026-09-04 13:03:51,754 - DEBUG - GetModule(TLIBATTR(GUID={56A868B0-0AD4-11CE-B03A-0020AF0BA770}, Version=1.0, LCID=0, FLags=0x8))
2026-09-04 13:03:51,762 - DEBUG - Release <POINTER(ITypeLib) ptr=0x1efd7e5b920 at 1efdbd13890>
2026-09-04 13:04:00,817 - INFO - UI load successful
2026-09-04 13:04:11,227 - WARNING - Failed login attempt for user: Supervisor
2026-09-04 13:04:16,749 - INFO - Profile : Supervisor
2026-09-04 13:04:40,766 - INFO - File selected : D:/TeamDev/DLL_Galvo/GalvoUI_2/svg_files/ide2.svg
2026-09-04 13:04:58,392 - INFO - Parameters saved for D:/TeamDev/DLL_Galvo/GalvoUI_2/svg_files/ide2.svg
2026-09-04 13:37:15,457 - INFO - Galvo Laser Shutdown
2026-09-04 13:37:15,501 - CRITICAL - Laser 1 : OFF
2026-09-04 13:37:15,501 - CRITICAL - Laser 2 : OFF
2026-09-04 13:37:15,501 - INFO - Stepper Lasers Shutdown
2026-09-04 13:37:15,501 - INFO - COM connection close successfully
2026-09-04 13:37:15,501 - INFO - Main window close successfully
2026-09-04 13:37:15,501 - INFO - ==================================================
2026-09-04 13:37:15,502 - INFO - New session close at 2026-09-04 13:37
2026-09-04 13:37:15,502 - INFO - ==================================================
2026-09-04 13:37:15,513 - DEBUG - Calling CoUninitialize()
2026-09-04 13:37:15,513 - DEBUG - CoUninitialize() done.
2026-09-04 14:19:19,025 - DEBUG - OpenGL_accelerate module loaded
2026-09-04 14:19:19,057 - DEBUG - Using accelerated ArrayDatatype
2026-09-04 14:19:19,476 - DEBUG - CoInitializeEx(None, 2)
2026-09-04 14:19:19,608 - INFO - Could not import comtypes.gen, trying to create it.
2026-09-04 14:19:19,609 - INFO - Creating comtypes.gen package failed: [WinError 5] Access is denied: 'C:\\Program Files\\Python314\\Lib\\site-packages\\comtypes\\gen'
2026-09-04 14:19:19,609 - INFO - Created a memory-only package.
2026-09-04 14:19:19,612 - INFO - Using writeable comtypes cache directory: 'C:\Users\EXPRESS\AppData\Roaming\Python\Python314\comtypes_cache'
2026-09-04 14:19:19,625 - DEBUG - GetModule(qedit.dll), resolved: False
2026-09-04 14:19:19,641 - DEBUG - GetModule(TLIBATTR(GUID={78530B68-61F9-11D2-8CAD-00A024580902}, Version=1.0, LCID=0, FLags=0x8))
2026-09-04 14:19:19,673 - DEBUG - Release <POINTER(ITypeLib) ptr=0x29a97527d50 at 29a9b74f700>
2026-09-04 14:19:19,674 - DEBUG - GetModule(quartz.dll), resolved: False
2026-09-04 14:19:19,688 - DEBUG - GetModule(TLIBATTR(GUID={56A868B0-0AD4-11CE-B03A-0020AF0BA770}, Version=1.0, LCID=0, FLags=0x8))
2026-09-04 14:19:19,701 - DEBUG - Release <POINTER(ITypeLib) ptr=0x29a97527d50 at 29a9b74f700>
2026-09-04 14:19:29,380 - INFO - UI load successful
2026-09-04 14:19:38,750 - INFO - Profile : Supervisor
2026-09-04 14:20:07,254 - INFO - File selected : D:/TeamDev/DLL_Galvo/GalvoUI_2/svg_files/ide2.svg
2026-09-04 14:20:40,640 - INFO - Parameters saved for D:/TeamDev/DLL_Galvo/GalvoUI_2/svg_files/ide2.svg
2026-09-04 14:20:56,490 - INFO - Parameters saved for D:/TeamDev/DLL_Galvo/GalvoUI_2/svg_files/ide2.svg
2026-09-04 14:41:53,155 - DEBUG - OpenGL_accelerate module loaded
2026-09-04 14:41:53,164 - DEBUG - Using accelerated ArrayDatatype
2026-09-04 14:41:53,393 - DEBUG - CoInitializeEx(None, 2)
2026-09-04 14:41:53,440 - INFO - Could not import comtypes.gen, trying to create it.
2026-09-04 14:41:53,440 - INFO - Creating comtypes.gen package failed: [WinError 5] Access is denied: 'C:\\Program Files\\Python314\\Lib\\site-packages\\comtypes\\gen'
2026-09-04 14:41:53,440 - INFO - Created a memory-only package.
2026-09-04 14:41:53,442 - INFO - Using writeable comtypes cache directory: 'C:\Users\EXPRESS\AppData\Roaming\Python\Python314\comtypes_cache'
2026-09-04 14:41:53,448 - DEBUG - GetModule(qedit.dll), resolved: False
2026-09-04 14:41:53,449 - DEBUG - GetModule(TLIBATTR(GUID={78530B68-61F9-11D2-8CAD-00A024580902}, Version=1.0, LCID=0, FLags=0x8))
2026-09-04 14:41:53,472 - DEBUG - Release <POINTER(ITypeLib) ptr=0x2416f9113b0 at 24173c6f700>
2026-09-04 14:41:53,472 - DEBUG - GetModule(quartz.dll), resolved: False
2026-09-04 14:41:53,473 - DEBUG - GetModule(TLIBATTR(GUID={56A868B0-0AD4-11CE-B03A-0020AF0BA770}, Version=1.0, LCID=0, FLags=0x8))
2026-09-04 14:41:53,480 - DEBUG - Release <POINTER(ITypeLib) ptr=0x2416f9131f0 at 24173c6f700>
2026-09-04 14:42:02,526 - INFO - UI load successful
2026-09-04 14:42:14,413 - INFO - Profile : Supervisor
2026-09-04 14:42:31,055 - INFO - File selected : D:/TeamDev/DLL_Galvo/GalvoUI_2/80mm_square.svg
2026-09-04 14:42:34,751 - INFO - Parameters saved for D:/TeamDev/DLL_Galvo/GalvoUI_2/80mm_square.svg
2026-09-04 14:50:03,332 - INFO - Galvo Laser Shutdown
2026-09-04 14:50:03,388 - CRITICAL - Laser 1 : OFF
2026-09-04 14:50:03,388 - CRITICAL - Laser 2 : OFF
2026-09-04 14:50:03,388 - INFO - Stepper Lasers Shutdown
2026-09-04 14:50:03,388 - INFO - COM connection close successfully
2026-09-04 14:50:03,388 - INFO - Main window close successfully
2026-09-04 14:50:03,389 - INFO - ==================================================
2026-09-04 14:50:03,389 - INFO - New session close at 2026-09-04 14:50
2026-09-04 14:50:03,389 - INFO - ==================================================
2026-09-04 14:50:03,400 - DEBUG - Calling CoUninitialize()
2026-09-04 14:50:03,400 - DEBUG - CoUninitialize() done.
2026-09-05 15:27:28,221 - DEBUG - OpenGL_accelerate module loaded
2026-09-05 15:27:28,337 - DEBUG - Using accelerated ArrayDatatype
2026-09-05 15:27:29,974 - DEBUG - CoInitializeEx(None, 2)
2026-09-05 15:27:30,307 - INFO - Could not import comtypes.gen, trying to create it.
2026-09-05 15:27:30,308 - INFO - Creating comtypes.gen package failed: [WinError 5] Access is denied: 'C:\\Program Files\\Python314\\Lib\\site-packages\\comtypes\\gen'
2026-09-05 15:27:30,308 - INFO - Created a memory-only package.
2026-09-05 15:27:30,310 - INFO - Using writeable comtypes cache directory: 'C:\Users\EXPRESS\AppData\Roaming\Python\Python314\comtypes_cache'
2026-09-05 15:27:30,347 - DEBUG - GetModule(qedit.dll), resolved: False
2026-09-05 15:27:30,360 - DEBUG - GetModule(TLIBATTR(GUID={78530B68-61F9-11D2-8CAD-00A024580902}, Version=1.0, LCID=0, FLags=0x8))
2026-09-05 15:27:30,435 - DEBUG - Release <POINTER(ITypeLib) ptr=0x2195d7832f0 at 219619df700>
2026-09-05 15:27:30,436 - DEBUG - GetModule(quartz.dll), resolved: False
2026-09-05 15:27:30,448 - DEBUG - GetModule(TLIBATTR(GUID={56A868B0-0AD4-11CE-B03A-0020AF0BA770}, Version=1.0, LCID=0, FLags=0x8))
2026-09-05 15:27:30,488 - DEBUG - Release <POINTER(ITypeLib) ptr=0x2195d7840b0 at 219619df700>
2026-09-05 15:27:31,284 - INFO - UI load successful
2026-09-05 15:27:41,347 - INFO - Profile : Supervisor
2026-09-05 15:28:42,295 - CRITICAL - Laser 1 : OFF
2026-09-05 15:28:42,295 - CRITICAL - Laser 2 : OFF
2026-09-05 15:28:42,296 - INFO - Stepper Lasers Shutdown
2026-09-05 15:28:42,296 - INFO - COM connection close successfully
2026-09-05 15:28:42,296 - INFO - Main window close successfully
2026-09-05 15:28:42,296 - INFO - ==================================================
2026-09-05 15:28:42,296 - INFO - New session close at 2026-09-05 15:28
2026-09-05 15:28:42,296 - INFO - ==================================================
2026-09-05 15:28:42,308 - DEBUG - Calling CoUninitialize()
2026-09-05 15:28:42,309 - DEBUG - CoUninitialize() done.
2026-09-05 15:39:48,820 - DEBUG - OpenGL_accelerate module loaded
2026-09-05 15:39:48,832 - DEBUG - Using accelerated ArrayDatatype
2026-09-05 15:39:49,110 - DEBUG - CoInitializeEx(None, 2)
2026-09-05 15:39:49,152 - INFO - Could not import comtypes.gen, trying to create it.
2026-09-05 15:39:49,153 - INFO - Creating comtypes.gen package failed: [WinError 5] Access is denied: 'C:\\Program Files\\Python314\\Lib\\site-packages\\comtypes\\gen'
2026-09-05 15:39:49,153 - INFO - Created a memory-only package.
2026-09-05 15:39:49,155 - INFO - Using writeable comtypes cache directory: 'C:\Users\EXPRESS\AppData\Roaming\Python\Python314\comtypes_cache'
2026-09-05 15:39:49,162 - DEBUG - GetModule(qedit.dll), resolved: False
2026-09-05 15:39:49,163 - DEBUG - GetModule(TLIBATTR(GUID={78530B68-61F9-11D2-8CAD-00A024580902}, Version=1.0, LCID=0, FLags=0x8))
2026-09-05 15:39:49,186 - DEBUG - Release <POINTER(ITypeLib) ptr=0x1900d6a3990 at 1901199f700>
2026-09-05 15:39:49,186 - DEBUG - GetModule(quartz.dll), resolved: False
2026-09-05 15:39:49,186 - DEBUG - GetModule(TLIBATTR(GUID={56A868B0-0AD4-11CE-B03A-0020AF0BA770}, Version=1.0, LCID=0, FLags=0x8))
2026-09-05 15:39:49,194 - DEBUG - Release <POINTER(ITypeLib) ptr=0x1900d6a3990 at 1901199f700>
2026-09-05 15:39:49,567 - INFO - UI load successful
2026-09-05 15:45:45,712 - INFO - Profile : Supervisor
2026-09-05 15:47:11,694 - DEBUG - OpenGL_accelerate module loaded
2026-09-05 15:47:11,705 - DEBUG - Using accelerated ArrayDatatype
2026-09-05 15:47:11,981 - DEBUG - CoInitializeEx(None, 2)
2026-09-05 15:47:12,031 - INFO - Could not import comtypes.gen, trying to create it.
2026-09-05 15:47:12,031 - INFO - Creating comtypes.gen package failed: [WinError 5] Access is denied: 'C:\\Program Files\\Python314\\Lib\\site-packages\\comtypes\\gen'
2026-09-05 15:47:12,031 - INFO - Created a memory-only package.
2026-09-05 15:47:12,034 - INFO - Using writeable comtypes cache directory: 'C:\Users\EXPRESS\AppData\Roaming\Python\Python314\comtypes_cache'
2026-09-05 15:47:12,041 - DEBUG - GetModule(qedit.dll), resolved: False
2026-09-05 15:47:12,042 - DEBUG - GetModule(TLIBATTR(GUID={78530B68-61F9-11D2-8CAD-00A024580902}, Version=1.0, LCID=0, FLags=0x8))
2026-09-05 15:47:12,067 - DEBUG - Release <POINTER(ITypeLib) ptr=0x2626aab6c30 at 2626edaf700>
2026-09-05 15:47:12,067 - DEBUG - GetModule(quartz.dll), resolved: False
2026-09-05 15:47:12,068 - DEBUG - GetModule(TLIBATTR(GUID={56A868B0-0AD4-11CE-B03A-0020AF0BA770}, Version=1.0, LCID=0, FLags=0x8))
2026-09-05 15:47:12,076 - DEBUG - Release <POINTER(ITypeLib) ptr=0x2626aab6c30 at 2626edaf700>
2026-09-05 15:47:12,608 - INFO - UI load successful
2026-09-05 15:47:20,990 - INFO - Profile : Supervisor
2026-09-05 15:58:20,688 - DEBUG - OpenGL_accelerate module loaded
2026-09-05 15:58:20,699 - DEBUG - Using accelerated ArrayDatatype
2026-09-05 15:58:20,936 - DEBUG - CoInitializeEx(None, 2)
2026-09-05 15:58:20,979 - INFO - Could not import comtypes.gen, trying to create it.
2026-09-05 15:58:20,979 - INFO - Creating comtypes.gen package failed: [WinError 5] Access is denied: 'C:\\Program Files\\Python314\\Lib\\site-packages\\comtypes\\gen'
2026-09-05 15:58:20,979 - INFO - Created a memory-only package.
2026-09-05 15:58:20,982 - INFO - Using writeable comtypes cache directory: 'C:\Users\EXPRESS\AppData\Roaming\Python\Python314\comtypes_cache'
2026-09-05 15:58:20,988 - DEBUG - GetModule(qedit.dll), resolved: False
2026-09-05 15:58:20,989 - DEBUG - GetModule(TLIBATTR(GUID={78530B68-61F9-11D2-8CAD-00A024580902}, Version=1.0, LCID=0, FLags=0x8))
2026-09-05 15:58:21,012 - DEBUG - Release <POINTER(ITypeLib) ptr=0x1e9d6dcc5f0 at 1e9dad7f700>
2026-09-05 15:58:21,013 - DEBUG - GetModule(quartz.dll), resolved: False
2026-09-05 15:58:21,014 - DEBUG - GetModule(TLIBATTR(GUID={56A868B0-0AD4-11CE-B03A-0020AF0BA770}, Version=1.0, LCID=0, FLags=0x8))
2026-09-05 15:58:21,021 - DEBUG - Release <POINTER(ITypeLib) ptr=0x1e9d6dccb70 at 1e9dad7f700>
2026-09-05 15:58:22,837 - INFO - UI load successful
2026-09-05 15:58:33,612 - INFO - Profile : Supervisor
2026-09-05 15:59:14,362 - CRITICAL - Laser 1 : OFF
2026-09-05 15:59:14,362 - CRITICAL - Laser 2 : OFF
2026-09-05 15:59:14,362 - INFO - Stepper Lasers Shutdown
2026-09-05 15:59:14,362 - INFO - COM connection close successfully
2026-09-05 15:59:14,362 - INFO - Main window close successfully
2026-09-05 15:59:14,362 - INFO - ==================================================
2026-09-05 15:59:14,362 - INFO - New session close at 2026-09-05 15:59
2026-09-05 15:59:14,362 - INFO - ==================================================
2026-09-05 15:59:14,377 - DEBUG - Calling CoUninitialize()
2026-09-05 15:59:14,377 - DEBUG - CoUninitialize() done.
2026-09-05 16:34:22,038 - DEBUG - OpenGL_accelerate module loaded
2026-09-05 16:34:22,081 - DEBUG - Using accelerated ArrayDatatype
2026-09-05 16:34:22,699 - DEBUG - CoInitializeEx(None, 2)
2026-09-05 16:34:22,844 - INFO - Could not import comtypes.gen, trying to create it.
2026-09-05 16:34:22,844 - INFO - Creating comtypes.gen package failed: [WinError 5] Access is denied: 'C:\\Program Files\\Python313\\Lib\\site-packages\\comtypes\\gen'
2026-09-05 16:34:22,844 - INFO - Created a memory-only package.
2026-09-05 16:34:22,848 - INFO - Using writeable comtypes cache directory: 'C:\Users\ES2\AppData\Roaming\Python\Python313\comtypes_cache'
2026-09-05 16:34:22,860 - DEBUG - GetModule(qedit.dll), resolved: False
2026-09-05 16:34:22,864 - DEBUG - GetModule(TLIBATTR(GUID={78530B68-61F9-11D2-8CAD-00A024580902}, Version=1.0, LCID=0, FLags=0x8))
2026-09-05 16:34:22,888 - DEBUG - Release <POINTER(ITypeLib) ptr=0x2c23ef4f120 at 2c241efc450>
2026-09-05 16:34:22,889 - DEBUG - GetModule(quartz.dll), resolved: False
2026-09-05 16:34:22,892 - DEBUG - GetModule(TLIBATTR(GUID={56A868B0-0AD4-11CE-B03A-0020AF0BA770}, Version=1.0, LCID=0, FLags=0x8))
2026-09-05 16:34:22,902 - DEBUG - Release <POINTER(ITypeLib) ptr=0x2c23ef50ca0 at 2c241efc450>
2026-09-05 16:34:32,633 - INFO - UI load successful
2026-09-05 16:34:48,110 - INFO - Profile : Supervisor
2026-09-05 16:36:53,982 - INFO - Galvo Laser Shutdown
2026-09-05 16:36:53,996 - CRITICAL - Laser 1 : OFF
2026-09-05 16:36:53,997 - CRITICAL - Laser 2 : OFF
2026-09-05 16:36:53,997 - INFO - Stepper Lasers Shutdown
2026-09-05 16:36:53,997 - INFO - COM connection close successfully
2026-09-05 16:36:53,997 - INFO - Main window close successfully
2026-09-05 16:36:53,998 - INFO - ==================================================
2026-09-05 16:36:53,998 - INFO - New session close at 2026-09-05 16:36
2026-09-05 16:36:53,998 - INFO - ==================================================
2026-09-05 16:36:54,016 - DEBUG - Calling CoUninitialize()
2026-09-05 16:36:54,018 - DEBUG - CoUninitialize() done.
2026-09-05 16:57:34,421 - DEBUG - OpenGL_accelerate module loaded
2026-09-05 16:57:34,432 - DEBUG - Using accelerated ArrayDatatype
2026-09-05 16:57:34,597 - DEBUG - CoInitializeEx(None, 2)
2026-09-05 16:57:34,674 - INFO - Could not import comtypes.gen, trying to create it.
2026-09-05 16:57:34,674 - INFO - Creating comtypes.gen package failed: [WinError 5] Access is denied: 'C:\\Program Files\\Python313\\Lib\\site-packages\\comtypes\\gen'
2026-09-05 16:57:34,674 - INFO - Created a memory-only package.
2026-09-05 16:57:34,677 - INFO - Using writeable comtypes cache directory: 'C:\Users\ES2\AppData\Roaming\Python\Python313\comtypes_cache'
2026-09-05 16:57:34,682 - DEBUG - GetModule(qedit.dll), resolved: False
2026-09-05 16:57:34,683 - DEBUG - GetModule(TLIBATTR(GUID={78530B68-61F9-11D2-8CAD-00A024580902}, Version=1.0, LCID=0, FLags=0x8))
2026-09-05 16:57:34,703 - DEBUG - Release <POINTER(ITypeLib) ptr=0x2b24bc350f0 at 2b24d5e2b50>
2026-09-05 16:57:34,703 - DEBUG - GetModule(quartz.dll), resolved: False
2026-09-05 16:57:34,704 - DEBUG - GetModule(TLIBATTR(GUID={56A868B0-0AD4-11CE-B03A-0020AF0BA770}, Version=1.0, LCID=0, FLags=0x8))
2026-09-05 16:57:34,710 - DEBUG - Release <POINTER(ITypeLib) ptr=0x2b24bc371f0 at 2b24d5e2b50>
2026-09-05 16:57:43,324 - INFO - UI load successful
2026-09-05 16:57:57,660 - INFO - Profile : Supervisor
2026-09-05 17:10:37,193 - DEBUG - OpenGL_accelerate module loaded
2026-09-05 17:10:37,205 - DEBUG - Using accelerated ArrayDatatype
2026-09-05 17:10:37,368 - DEBUG - CoInitializeEx(None, 2)
2026-09-05 17:10:37,445 - INFO - Could not import comtypes.gen, trying to create it.
2026-09-05 17:10:37,445 - INFO - Creating comtypes.gen package failed: [WinError 5] Access is denied: 'C:\\Program Files\\Python313\\Lib\\site-packages\\comtypes\\gen'
2026-09-05 17:10:37,445 - INFO - Created a memory-only package.
2026-09-05 17:10:37,448 - INFO - Using writeable comtypes cache directory: 'C:\Users\ES2\AppData\Roaming\Python\Python313\comtypes_cache'
2026-09-05 17:10:37,453 - DEBUG - GetModule(qedit.dll), resolved: False
2026-09-05 17:10:37,454 - DEBUG - GetModule(TLIBATTR(GUID={78530B68-61F9-11D2-8CAD-00A024580902}, Version=1.0, LCID=0, FLags=0x8))
2026-09-05 17:10:37,473 - DEBUG - Release <POINTER(ITypeLib) ptr=0x1c59c832b80 at 1c59e222b50>
2026-09-05 17:10:37,474 - DEBUG - GetModule(quartz.dll), resolved: False
2026-09-05 17:10:37,474 - DEBUG - GetModule(TLIBATTR(GUID={56A868B0-0AD4-11CE-B03A-0020AF0BA770}, Version=1.0, LCID=0, FLags=0x8))
2026-09-05 17:10:37,480 - DEBUG - Release <POINTER(ITypeLib) ptr=0x1c59c833680 at 1c59e222b50>
2026-09-05 17:10:46,211 - INFO - UI load successful
2026-09-05 17:11:22,898 - INFO - Profile : Supervisor
2026-09-05 17:13:10,774 - INFO - Galvo Laser Shutdown
2026-09-05 17:13:10,774 - CRITICAL - Laser 1 : OFF
2026-09-05 17:13:10,775 - CRITICAL - Laser 2 : OFF
2026-09-05 17:13:10,775 - INFO - Stepper Lasers Shutdown
2026-09-05 17:13:10,775 - INFO - COM connection close successfully
2026-09-05 17:13:10,775 - INFO - Main window close successfully
2026-09-05 17:13:10,775 - INFO - ==================================================
2026-09-05 17:13:10,775 - INFO - New session close at 2026-09-05 17:13
2026-09-05 17:13:10,775 - INFO - ==================================================
2026-09-05 17:13:10,786 - DEBUG - Calling CoUninitialize()
2026-09-05 17:13:10,787 - DEBUG - CoUninitialize() done.
2026-09-05 17:33:31,783 - DEBUG - OpenGL_accelerate module loaded
2026-09-05 17:33:31,795 - DEBUG - Using accelerated ArrayDatatype
2026-09-05 17:33:31,967 - DEBUG - CoInitializeEx(None, 2)
2026-09-05 17:33:32,059 - INFO - Could not import comtypes.gen, trying to create it.
2026-09-05 17:33:32,059 - INFO - Creating comtypes.gen package failed: [WinError 5] Access is denied: 'C:\\Program Files\\Python313\\Lib\\site-packages\\comtypes\\gen'
2026-09-05 17:33:32,059 - INFO - Created a memory-only package.
2026-09-05 17:33:32,063 - INFO - Using writeable comtypes cache directory: 'C:\Users\ES2\AppData\Roaming\Python\Python313\comtypes_cache'
2026-09-05 17:33:32,068 - DEBUG - GetModule(qedit.dll), resolved: False
2026-09-05 17:33:32,070 - DEBUG - GetModule(TLIBATTR(GUID={78530B68-61F9-11D2-8CAD-00A024580902}, Version=1.0, LCID=0, FLags=0x8))
2026-09-05 17:33:32,089 - DEBUG - Release <POINTER(ITypeLib) ptr=0x10cc0432ab0 at 10cc1dd2b50>
2026-09-05 17:33:32,089 - DEBUG - GetModule(quartz.dll), resolved: False
2026-09-05 17:33:32,090 - DEBUG - GetModule(TLIBATTR(GUID={56A868B0-0AD4-11CE-B03A-0020AF0BA770}, Version=1.0, LCID=0, FLags=0x8))
2026-09-05 17:33:32,096 - DEBUG - Release <POINTER(ITypeLib) ptr=0x10cc042f930 at 10cc1dd2b50>
2026-09-05 17:33:40,697 - INFO - UI load successful
2026-09-05 17:33:50,879 - INFO - Profile : Supervisor
2026-09-05 17:35:27,159 - INFO - Galvo Laser Shutdown
2026-09-05 17:35:27,160 - CRITICAL - Laser 1 : OFF
2026-09-05 17:35:27,160 - CRITICAL - Laser 2 : OFF
2026-09-05 17:35:27,160 - INFO - Stepper Lasers Shutdown
2026-09-05 17:35:27,160 - INFO - COM connection close successfully
2026-09-05 17:35:27,160 - INFO - Main window close successfully
2026-09-05 17:35:27,160 - INFO - ==================================================
2026-09-05 17:35:27,160 - INFO - New session close at 2026-09-05 17:35
2026-09-05 17:35:27,160 - INFO - ==================================================
2026-09-05 17:35:27,171 - DEBUG - Calling CoUninitialize()
2026-09-05 17:35:27,172 - DEBUG - CoUninitialize() done.
2026-09-09 16:42:29,166 - DEBUG - OpenGL_accelerate module loaded
2026-09-09 16:42:29,221 - DEBUG - Using accelerated ArrayDatatype
2026-09-09 16:42:29,775 - DEBUG - CoInitializeEx(None, 2)
2026-09-09 16:42:29,912 - INFO - Could not import comtypes.gen, trying to create it.
2026-09-09 16:42:29,912 - INFO - Creating comtypes.gen package failed: [WinError 5] Access is denied: 'C:\\Program Files\\Python313\\Lib\\site-packages\\comtypes\\gen'
2026-09-09 16:42:29,912 - INFO - Created a memory-only package.
2026-09-09 16:42:29,917 - INFO - Using writeable comtypes cache directory: 'C:\Users\ES2\AppData\Roaming\Python\Python313\comtypes_cache'
2026-09-09 16:42:29,926 - DEBUG - GetModule(qedit.dll), resolved: False
2026-09-09 16:42:29,932 - DEBUG - GetModule(TLIBATTR(GUID={78530B68-61F9-11D2-8CAD-00A024580902}, Version=1.0, LCID=0, FLags=0x8))
2026-09-09 16:42:29,960 - DEBUG - Release <POINTER(ITypeLib) ptr=0x13b5252b190 at 13b540129d0>
2026-09-09 16:42:29,960 - DEBUG - GetModule(quartz.dll), resolved: False
2026-09-09 16:42:29,966 - DEBUG - GetModule(TLIBATTR(GUID={56A868B0-0AD4-11CE-B03A-0020AF0BA770}, Version=1.0, LCID=0, FLags=0x8))
2026-09-09 16:42:29,974 - DEBUG - Release <POINTER(ITypeLib) ptr=0x13b5252bc90 at 13b540129d0>
2026-09-09 16:42:43,584 - INFO - UI load successful
2026-09-09 16:43:10,125 - INFO - Profile : Supervisor
2026-09-09 16:45:46,720 - DEBUG - OpenGL_accelerate module loaded
2026-09-09 16:45:46,752 - DEBUG - Using accelerated ArrayDatatype
2026-09-09 16:45:47,125 - DEBUG - CoInitializeEx(None, 2)
2026-09-09 16:45:47,252 - INFO - Could not import comtypes.gen, trying to create it.
2026-09-09 16:45:47,252 - INFO - Creating comtypes.gen package failed: [WinError 5] Access is denied: 'C:\\Program Files\\Python313\\Lib\\site-packages\\comtypes\\gen'
2026-09-09 16:45:47,252 - INFO - Created a memory-only package.
2026-09-09 16:45:47,255 - INFO - Using writeable comtypes cache directory: 'C:\Users\ES2\AppData\Roaming\Python\Python313\comtypes_cache'
2026-09-09 16:45:47,266 - DEBUG - GetModule(qedit.dll), resolved: False
2026-09-09 16:45:47,270 - DEBUG - GetModule(TLIBATTR(GUID={78530B68-61F9-11D2-8CAD-00A024580902}, Version=1.0, LCID=0, FLags=0x8))
2026-09-09 16:45:47,299 - DEBUG - Release <POINTER(ITypeLib) ptr=0x17359184b10 at 1735ab229d0>
2026-09-09 16:45:47,300 - DEBUG - GetModule(quartz.dll), resolved: False
2026-09-09 16:45:47,304 - DEBUG - GetModule(TLIBATTR(GUID={56A868B0-0AD4-11CE-B03A-0020AF0BA770}, Version=1.0, LCID=0, FLags=0x8))
2026-09-09 16:45:47,317 - DEBUG - Release <POINTER(ITypeLib) ptr=0x17359185090 at 1735ab229d0>
2026-09-09 16:45:59,838 - INFO - UI load successful
2026-09-09 16:46:17,806 - INFO - Profile : Supervisor
2026-09-09 16:56:21,242 - INFO - No OpenGL_accelerate module loaded: No module named 'OpenGL_accelerate'
2026-09-09 16:56:21,976 - DEBUG - CoInitializeEx(None, 2)
2026-09-09 16:56:22,098 - INFO - Imported existing <module 'comtypes.gen' from 'C:\\Users\\EXPSOL\\AppData\\Roaming\\Python\\Python312\\site-packages\\comtypes\\gen\\__init__.py'>
2026-09-09 16:56:22,099 - INFO - Using writeable comtypes cache directory: 'C:\Users\EXPSOL\AppData\Roaming\Python\Python312\site-packages\comtypes\gen'
2026-09-09 16:56:22,111 - DEBUG - GetModule(qedit.dll), resolved: False
2026-09-09 16:56:22,115 - DEBUG - GetModule(TLIBATTR(GUID={78530B68-61F9-11D2-8CAD-00A024580902}, Version=1.0, LCID=0, FLags=0x8))
2026-09-09 16:56:22,151 - DEBUG - Release <POINTER(ITypeLib) ptr=0x22f84ec8690 at 22f88db83d0>
2026-09-09 16:56:22,152 - DEBUG - GetModule(quartz.dll), resolved: False
2026-09-09 16:56:22,153 - DEBUG - GetModule(TLIBATTR(GUID={56A868B0-0AD4-11CE-B03A-0020AF0BA770}, Version=1.0, LCID=0, FLags=0x8))
2026-09-09 16:56:22,167 - DEBUG - Release <POINTER(ITypeLib) ptr=0x22f84ec8690 at 22f8a84e1d0>
2026-09-09 16:56:23,123 - INFO - UI load successful
2026-09-09 16:56:33,944 - INFO - Profile : Supervisor
2026-09-09 17:19:42,259 - CRITICAL - Laser 1 : OFF
2026-09-09 17:19:42,259 - CRITICAL - Laser 2 : OFF
2026-09-09 17:19:42,259 - INFO - Stepper Lasers Shutdown
2026-09-09 17:19:42,259 - INFO - COM connection close successfully
2026-09-09 17:19:42,259 - INFO - Main window close successfully
2026-09-09 17:19:42,271 - INFO - ==================================================
2026-09-09 17:19:42,271 - INFO - New session close at 2026-09-09 17:19
2026-09-09 17:19:42,271 - INFO - ==================================================
2026-09-09 17:19:42,285 - DEBUG - Calling CoUninitialize()
2026-09-09 17:19:42,285 - DEBUG - CoUninitialize() done.
2026-09-09 17:25:42,603 - INFO - No OpenGL_accelerate module loaded: No module named 'OpenGL_accelerate'
2026-09-09 17:25:42,880 - DEBUG - CoInitializeEx(None, 2)
2026-09-09 17:25:42,929 - INFO - Imported existing <module 'comtypes.gen' from 'C:\\Users\\EXPSOL\\AppData\\Roaming\\Python\\Python312\\site-packages\\comtypes\\gen\\__init__.py'>
2026-09-09 17:25:42,929 - INFO - Using writeable comtypes cache directory: 'C:\Users\EXPSOL\AppData\Roaming\Python\Python312\site-packages\comtypes\gen'
2026-09-09 17:25:42,946 - DEBUG - GetModule(qedit.dll), resolved: False
2026-09-09 17:25:42,946 - DEBUG - GetModule(TLIBATTR(GUID={78530B68-61F9-11D2-8CAD-00A024580902}, Version=1.0, LCID=0, FLags=0x8))
2026-09-09 17:25:42,977 - DEBUG - Release <POINTER(ITypeLib) ptr=0x28bb08fd940 at 28bb3be6050>
2026-09-09 17:25:42,977 - DEBUG - GetModule(quartz.dll), resolved: False
2026-09-09 17:25:42,979 - DEBUG - GetModule(TLIBATTR(GUID={56A868B0-0AD4-11CE-B03A-0020AF0BA770}, Version=1.0, LCID=0, FLags=0x8))
2026-09-09 17:25:42,979 - DEBUG - Release <POINTER(ITypeLib) ptr=0x28bb08fd680 at 28bb3c8fe50>
2026-09-09 17:25:43,340 - INFO - UI load successful
2026-09-09 17:25:53,611 - INFO - Profile : Supervisor
2026-09-09 17:28:44,401 - CRITICAL - Laser 1 : OFF
2026-09-09 17:28:44,401 - CRITICAL - Laser 2 : OFF
2026-09-09 17:28:44,401 - INFO - Stepper Lasers Shutdown
2026-09-09 17:28:44,401 - INFO - COM connection close successfully
2026-09-09 17:28:44,401 - INFO - Main window close successfully
2026-09-09 17:28:44,401 - INFO - ==================================================
2026-09-09 17:28:44,401 - INFO - New session close at 2026-09-09 17:28
2026-09-09 17:28:44,401 - INFO - ==================================================
2026-09-09 17:28:44,415 - DEBUG - Calling CoUninitialize()
2026-09-09 17:28:44,415 - DEBUG - CoUninitialize() done.
2026-09-09 17:28:48,436 - INFO - No OpenGL_accelerate module loaded: No module named 'OpenGL_accelerate'
2026-09-09 17:28:48,647 - DEBUG - CoInitializeEx(None, 2)
2026-09-09 17:28:48,691 - INFO - Imported existing <module 'comtypes.gen' from 'C:\\Users\\EXPSOL\\AppData\\Roaming\\Python\\Python312\\site-packages\\comtypes\\gen\\__init__.py'>
2026-09-09 17:28:48,691 - INFO - Using writeable comtypes cache directory: 'C:\Users\EXPSOL\AppData\Roaming\Python\Python312\site-packages\comtypes\gen'
2026-09-09 17:28:48,703 - DEBUG - GetModule(qedit.dll), resolved: False
2026-09-09 17:28:48,703 - DEBUG - GetModule(TLIBATTR(GUID={78530B68-61F9-11D2-8CAD-00A024580902}, Version=1.0, LCID=0, FLags=0x8))
2026-09-09 17:28:48,725 - DEBUG - Release <POINTER(ITypeLib) ptr=0x2658c760010 at 2658f736050>
2026-09-09 17:28:48,725 - DEBUG - GetModule(quartz.dll), resolved: False
2026-09-09 17:28:48,727 - DEBUG - GetModule(TLIBATTR(GUID={56A868B0-0AD4-11CE-B03A-0020AF0BA770}, Version=1.0, LCID=0, FLags=0x8))
2026-09-09 17:28:48,733 - DEBUG - Release <POINTER(ITypeLib) ptr=0x2658c760010 at 2658f7dfe50>
2026-09-09 17:28:49,043 - INFO - UI load successful
2026-09-09 17:28:58,400 - INFO - Profile : Supervisor
2026-09-09 17:38:46,495 - CRITICAL - Laser 1 : OFF
2026-09-09 17:38:46,495 - CRITICAL - Laser 2 : OFF
2026-09-09 17:38:46,495 - INFO - Stepper Lasers Shutdown
2026-09-09 17:38:46,495 - INFO - COM connection close successfully
2026-09-09 17:38:46,495 - INFO - Main window close successfully
2026-09-09 17:38:46,495 - INFO - ==================================================
2026-09-09 17:38:46,495 - INFO - New session close at 2026-09-09 17:38
2026-09-09 17:38:46,495 - INFO - ==================================================
2026-09-09 17:38:46,510 - DEBUG - Calling CoUninitialize()
2026-09-09 17:38:46,511 - DEBUG - CoUninitialize() done.
2026-09-09 17:38:51,720 - INFO - No OpenGL_accelerate module loaded: No module named 'OpenGL_accelerate'
2026-09-09 17:38:51,917 - DEBUG - CoInitializeEx(None, 2)
2026-09-09 17:38:51,963 - INFO - Imported existing <module 'comtypes.gen' from 'C:\\Users\\EXPSOL\\AppData\\Roaming\\Python\\Python312\\site-packages\\comtypes\\gen\\__init__.py'>
2026-09-09 17:38:51,963 - INFO - Using writeable comtypes cache directory: 'C:\Users\EXPSOL\AppData\Roaming\Python\Python312\site-packages\comtypes\gen'
2026-09-09 17:38:51,974 - DEBUG - GetModule(qedit.dll), resolved: False
2026-09-09 17:38:51,974 - DEBUG - GetModule(TLIBATTR(GUID={78530B68-61F9-11D2-8CAD-00A024580902}, Version=1.0, LCID=0, FLags=0x8))
2026-09-09 17:38:51,992 - DEBUG - Release <POINTER(ITypeLib) ptr=0x2e9c2d3e600 at 2e9c5fe6050>
2026-09-09 17:38:51,992 - DEBUG - GetModule(quartz.dll), resolved: False
2026-09-09 17:38:51,992 - DEBUG - GetModule(TLIBATTR(GUID={56A868B0-0AD4-11CE-B03A-0020AF0BA770}, Version=1.0, LCID=0, FLags=0x8))
2026-09-09 17:38:51,992 - DEBUG - Release <POINTER(ITypeLib) ptr=0x2e9c2d3fc00 at 2e9c608fe50>
2026-09-09 17:38:52,320 - INFO - UI load successful
2026-09-09 17:39:02,461 - INFO - Profile : Supervisor
2026-09-09 17:39:49,461 - CRITICAL - Laser 1 : OFF
2026-09-09 17:39:49,461 - CRITICAL - Laser 2 : OFF
2026-09-09 17:39:49,461 - INFO - Stepper Lasers Shutdown
2026-09-09 17:39:49,461 - INFO - COM connection close successfully
2026-09-09 17:39:49,461 - INFO - Main window close successfully
2026-09-09 17:39:49,461 - INFO - ==================================================
2026-09-09 17:39:49,463 - INFO - New session close at 2026-09-09 17:39
2026-09-09 17:39:49,463 - INFO - ==================================================
2026-09-09 17:39:49,470 - DEBUG - Calling CoUninitialize()
2026-09-09 17:39:49,470 - DEBUG - CoUninitialize() done.
2026-09-09 17:39:52,782 - INFO - No OpenGL_accelerate module loaded: No module named 'OpenGL_accelerate'
2026-09-09 17:39:52,992 - DEBUG - CoInitializeEx(None, 2)
2026-09-09 17:39:53,038 - INFO - Imported existing <module 'comtypes.gen' from 'C:\\Users\\EXPSOL\\AppData\\Roaming\\Python\\Python312\\site-packages\\comtypes\\gen\\__init__.py'>
2026-09-09 17:39:53,038 - INFO - Using writeable comtypes cache directory: 'C:\Users\EXPSOL\AppData\Roaming\Python\Python312\site-packages\comtypes\gen'
2026-09-09 17:39:53,045 - DEBUG - GetModule(qedit.dll), resolved: False
2026-09-09 17:39:53,045 - DEBUG - GetModule(TLIBATTR(GUID={78530B68-61F9-11D2-8CAD-00A024580902}, Version=1.0, LCID=0, FLags=0x8))
2026-09-09 17:39:53,066 - DEBUG - Release <POINTER(ITypeLib) ptr=0x22a23bef940 at 22a26f76050>
2026-09-09 17:39:53,066 - DEBUG - GetModule(quartz.dll), resolved: False
2026-09-09 17:39:53,068 - DEBUG - GetModule(TLIBATTR(GUID={56A868B0-0AD4-11CE-B03A-0020AF0BA770}, Version=1.0, LCID=0, FLags=0x8))
2026-09-09 17:39:53,074 - DEBUG - Release <POINTER(ITypeLib) ptr=0x22a23bf2540 at 22a2701fe50>
2026-09-09 17:39:53,411 - INFO - UI load successful
2026-09-09 17:40:02,473 - INFO - Profile : Supervisor
2026-09-09 17:51:25,289 - CRITICAL - Laser 1 : OFF
2026-09-09 17:51:25,289 - CRITICAL - Laser 2 : OFF
2026-09-09 17:51:25,289 - INFO - Stepper Lasers Shutdown
2026-09-09 17:51:25,289 - INFO - COM connection close successfully
2026-09-09 17:51:25,289 - INFO - Main window close successfully
2026-09-09 17:51:25,289 - INFO - ==================================================
2026-09-09 17:51:25,289 - INFO - New session close at 2026-09-09 17:51
2026-09-09 17:51:25,289 - INFO - ==================================================
2026-09-09 17:51:25,299 - DEBUG - Calling CoUninitialize()
2026-09-09 17:51:25,299 - DEBUG - CoUninitialize() done.
2026-09-10 10:49:23,539 - INFO - No OpenGL_accelerate module loaded: No module named 'OpenGL_accelerate'
2026-09-10 10:49:07,243 - DEBUG - CoInitializeEx(None, 2)
2026-09-10 10:49:07,600 - INFO - Imported existing <module 'comtypes.gen' from 'C:\\Users\\EXPSOL\\AppData\\Roaming\\Python\\Python312\\site-packages\\comtypes\\gen\\__init__.py'>
2026-09-10 10:49:07,600 - INFO - Using writeable comtypes cache directory: 'C:\Users\EXPSOL\AppData\Roaming\Python\Python312\site-packages\comtypes\gen'
2026-09-10 10:49:07,641 - DEBUG - GetModule(qedit.dll), resolved: False
2026-09-10 10:49:07,641 - DEBUG - GetModule(TLIBATTR(GUID={78530B68-61F9-11D2-8CAD-00A024580902}, Version=1.0, LCID=0, FLags=0x8))
2026-09-10 10:49:07,698 - DEBUG - Release <POINTER(ITypeLib) ptr=0x1dd9d6b1f10 at 1dda0aa6050>
2026-09-10 10:49:07,698 - DEBUG - GetModule(quartz.dll), resolved: False
2026-09-10 10:49:07,702 - DEBUG - GetModule(TLIBATTR(GUID={56A868B0-0AD4-11CE-B03A-0020AF0BA770}, Version=1.0, LCID=0, FLags=0x8))
2026-09-10 10:49:07,717 - DEBUG - Release <POINTER(ITypeLib) ptr=0x1dd9d6b0e90 at 1dda0b4fe50>
2026-09-10 10:49:08,910 - INFO - UI load successful
2026-09-10 10:49:40,591 - INFO - Profile : Supervisor
2026-09-10 10:50:15,881 - CRITICAL - Laser 1 : OFF
2026-09-10 10:50:15,883 - CRITICAL - Laser 2 : OFF
2026-09-10 10:50:15,883 - INFO - Stepper Lasers Shutdown
2026-09-10 10:50:15,883 - INFO - COM connection close successfully
2026-09-10 10:50:15,883 - INFO - Main window close successfully
2026-09-10 10:50:15,883 - INFO - ==================================================
2026-09-10 10:50:15,883 - INFO - New session close at 2026-09-10 10:50
2026-09-10 10:50:15,883 - INFO - ==================================================
2026-09-10 10:50:15,903 - DEBUG - Calling CoUninitialize()
2026-09-10 10:50:15,903 - DEBUG - CoUninitialize() done.
2026-09-10 11:24:50,291 - DEBUG - OpenGL_accelerate module loaded
2026-09-10 11:24:50,398 - DEBUG - Using accelerated ArrayDatatype
2026-09-10 11:24:52,432 - DEBUG - CoInitializeEx(None, 2)
2026-09-10 11:24:52,826 - INFO - Could not import comtypes.gen, trying to create it.
2026-09-10 11:24:52,827 - INFO - Creating comtypes.gen package failed: [WinError 5] Access is denied: 'C:\\Program Files\\Python314\\Lib\\site-packages\\comtypes\\gen'
2026-09-10 11:24:52,827 - INFO - Created a memory-only package.
2026-09-10 11:24:52,832 - INFO - Using writeable comtypes cache directory: 'C:\Users\EXPRESS\AppData\Roaming\Python\Python314\comtypes_cache'
2026-09-10 11:24:52,889 - DEBUG - GetModule(qedit.dll), resolved: False
2026-09-10 11:24:52,892 - DEBUG - GetModule(TLIBATTR(GUID={78530B68-61F9-11D2-8CAD-00A024580902}, Version=1.0, LCID=0, FLags=0x8))
2026-09-10 11:24:52,955 - DEBUG - Release <POINTER(ITypeLib) ptr=0x24442f06e30 at 24448bfc690>
2026-09-10 11:24:52,955 - DEBUG - GetModule(quartz.dll), resolved: False
2026-09-10 11:24:52,957 - DEBUG - GetModule(TLIBATTR(GUID={56A868B0-0AD4-11CE-B03A-0020AF0BA770}, Version=1.0, LCID=0, FLags=0x8))
2026-09-10 11:24:52,975 - DEBUG - Release <POINTER(ITypeLib) ptr=0x24442f086f0 at 24448bfc690>
2026-09-10 11:24:53,912 - INFO - UI load successful
2026-09-10 11:25:04,736 - INFO - Profile : Supervisor
2026-09-10 11:26:59,317 - CRITICAL - Laser 1 : OFF
2026-09-10 11:26:59,317 - CRITICAL - Laser 2 : OFF
2026-09-10 11:26:59,317 - INFO - Stepper Lasers Shutdown
2026-09-10 11:26:59,318 - INFO - COM connection close successfully
2026-09-10 11:26:59,318 - INFO - Main window close successfully
2026-09-10 11:26:59,318 - INFO - ==================================================
2026-09-10 11:26:59,318 - INFO - New session close at 2026-09-10 11:26
2026-09-10 11:26:59,318 - INFO - ==================================================
2026-09-10 11:26:59,344 - DEBUG - Calling CoUninitialize()
2026-09-10 11:26:59,344 - DEBUG - CoUninitialize() done.
2026-09-10 18:19:57,281 - DEBUG - OpenGL_accelerate module loaded
2026-09-10 18:19:57,308 - DEBUG - Using accelerated ArrayDatatype
2026-09-10 18:19:57,671 - DEBUG - CoInitializeEx(None, 2)
2026-09-10 18:19:57,770 - INFO - Could not import comtypes.gen, trying to create it.
2026-09-10 18:19:57,770 - INFO - Creating comtypes.gen package failed: [WinError 5] Access is denied: 'C:\\Program Files\\Python314\\Lib\\site-packages\\comtypes\\gen'
2026-09-10 18:19:57,770 - INFO - Created a memory-only package.
2026-09-10 18:19:57,773 - INFO - Using writeable comtypes cache directory: 'C:\Users\EXPRESS\AppData\Roaming\Python\Python314\comtypes_cache'
2026-09-10 18:19:57,786 - DEBUG - GetModule(qedit.dll), resolved: False
2026-09-10 18:19:57,802 - DEBUG - GetModule(TLIBATTR(GUID={78530B68-61F9-11D2-8CAD-00A024580902}, Version=1.0, LCID=0, FLags=0x8))
2026-09-10 18:19:57,834 - DEBUG - Release <POINTER(ITypeLib) ptr=0x1cd6d779fa0 at 1cd71973890>
2026-09-10 18:19:57,834 - DEBUG - GetModule(quartz.dll), resolved: False
2026-09-10 18:19:57,836 - DEBUG - GetModule(TLIBATTR(GUID={56A868B0-0AD4-11CE-B03A-0020AF0BA770}, Version=1.0, LCID=0, FLags=0x8))
2026-09-10 18:19:57,845 - DEBUG - Release <POINTER(ITypeLib) ptr=0x1cd6d7794a0 at 1cd71973890>
2026-09-10 18:19:58,627 - INFO - UI load successful
2026-09-10 18:20:04,586 - CRITICAL - Laser 1 : OFF
2026-09-10 18:20:04,586 - CRITICAL - Laser 2 : OFF
2026-09-10 18:20:04,586 - INFO - Stepper Lasers Shutdown
2026-09-10 18:20:04,586 - INFO - COM connection close successfully
2026-09-10 18:20:04,586 - INFO - Main window close successfully
2026-09-10 18:20:04,586 - INFO - ==================================================
2026-09-10 18:20:04,587 - INFO - New session close at 2026-09-10 18:20
2026-09-10 18:20:04,587 - INFO - ==================================================
2026-09-10 18:20:04,608 - DEBUG - Calling CoUninitialize()
2026-09-10 18:20:04,608 - DEBUG - CoUninitialize() done.
2026-09-10 18:20:31,855 - DEBUG - OpenGL_accelerate module loaded
2026-09-10 18:20:31,867 - DEBUG - Using accelerated ArrayDatatype
2026-09-10 18:20:32,165 - DEBUG - CoInitializeEx(None, 2)
2026-09-10 18:20:32,213 - INFO - Could not import comtypes.gen, trying to create it.
2026-09-10 18:20:32,213 - INFO - Creating comtypes.gen package failed: [WinError 5] Access is denied: 'C:\\Program Files\\Python314\\Lib\\site-packages\\comtypes\\gen'
2026-09-10 18:20:32,213 - INFO - Created a memory-only package.
2026-09-10 18:20:32,216 - INFO - Using writeable comtypes cache directory: 'C:\Users\EXPRESS\AppData\Roaming\Python\Python314\comtypes_cache'
2026-09-10 18:20:32,223 - DEBUG - GetModule(qedit.dll), resolved: False
2026-09-10 18:20:32,224 - DEBUG - GetModule(TLIBATTR(GUID={78530B68-61F9-11D2-8CAD-00A024580902}, Version=1.0, LCID=0, FLags=0x8))
2026-09-10 18:20:32,248 - DEBUG - Release <POINTER(ITypeLib) ptr=0x1a8b8c586e0 at 1a8bce77700>
2026-09-10 18:20:32,249 - DEBUG - GetModule(quartz.dll), resolved: False
2026-09-10 18:20:32,249 - DEBUG - GetModule(TLIBATTR(GUID={56A868B0-0AD4-11CE-B03A-0020AF0BA770}, Version=1.0, LCID=0, FLags=0x8))
2026-09-10 18:20:32,257 - DEBUG - Release <POINTER(ITypeLib) ptr=0x1a8b8c570e0 at 1a8bce77700>
2026-09-10 18:20:32,683 - INFO - UI load successful
2026-09-10 18:21:25,224 - DEBUG - OpenGL_accelerate module loaded
2026-09-10 18:21:25,234 - DEBUG - Using accelerated ArrayDatatype
2026-09-10 18:21:25,476 - DEBUG - CoInitializeEx(None, 2)
2026-09-10 18:21:25,520 - INFO - Could not import comtypes.gen, trying to create it.
2026-09-10 18:21:25,520 - INFO - Creating comtypes.gen package failed: [WinError 5] Access is denied: 'C:\\Program Files\\Python314\\Lib\\site-packages\\comtypes\\gen'
2026-09-10 18:21:25,520 - INFO - Created a memory-only package.
2026-09-10 18:21:25,523 - INFO - Using writeable comtypes cache directory: 'C:\Users\EXPRESS\AppData\Roaming\Python\Python314\comtypes_cache'
2026-09-10 18:21:25,530 - DEBUG - GetModule(qedit.dll), resolved: False
2026-09-10 18:21:25,531 - DEBUG - GetModule(TLIBATTR(GUID={78530B68-61F9-11D2-8CAD-00A024580902}, Version=1.0, LCID=0, FLags=0x8))
2026-09-10 18:21:25,555 - DEBUG - Release <POINTER(ITypeLib) ptr=0x26475fc5a60 at 2647a367700>
2026-09-10 18:21:25,555 - DEBUG - GetModule(quartz.dll), resolved: False
2026-09-10 18:21:25,556 - DEBUG - GetModule(TLIBATTR(GUID={56A868B0-0AD4-11CE-B03A-0020AF0BA770}, Version=1.0, LCID=0, FLags=0x8))
2026-09-10 18:21:25,564 - DEBUG - Release <POINTER(ITypeLib) ptr=0x26475fc49e0 at 2647a367700>
2026-09-10 18:21:25,911 - INFO - UI load successful
2026-09-10 18:22:09,892 - CRITICAL - Laser 1 : OFF
2026-09-10 18:22:09,892 - CRITICAL - Laser 2 : OFF
2026-09-10 18:22:09,893 - INFO - Stepper Lasers Shutdown
2026-09-10 18:22:09,893 - INFO - COM connection close successfully
2026-09-10 18:22:09,893 - INFO - Main window close successfully
2026-09-10 18:22:09,893 - INFO - ==================================================
2026-09-10 18:22:09,893 - INFO - New session close at 2026-09-10 18:22
2026-09-10 18:22:09,893 - INFO - ==================================================
2026-09-10 18:22:09,907 - DEBUG - Calling CoUninitialize()
2026-09-10 18:22:09,907 - DEBUG - CoUninitialize() done.
2026-09-10 18:23:59,075 - DEBUG - OpenGL_accelerate module loaded
2026-09-10 18:23:59,087 - DEBUG - Using accelerated ArrayDatatype
2026-09-10 18:23:59,342 - DEBUG - CoInitializeEx(None, 2)
2026-09-10 18:23:59,388 - INFO - Could not import comtypes.gen, trying to create it.
2026-09-10 18:23:59,388 - INFO - Creating comtypes.gen package failed: [WinError 5] Access is denied: 'C:\\Program Files\\Python314\\Lib\\site-packages\\comtypes\\gen'
2026-09-10 18:23:59,388 - INFO - Created a memory-only package.
2026-09-10 18:23:59,391 - INFO - Using writeable comtypes cache directory: 'C:\Users\EXPRESS\AppData\Roaming\Python\Python314\comtypes_cache'
2026-09-10 18:23:59,397 - DEBUG - GetModule(qedit.dll), resolved: False
2026-09-10 18:23:59,400 - DEBUG - GetModule(TLIBATTR(GUID={78530B68-61F9-11D2-8CAD-00A024580902}, Version=1.0, LCID=0, FLags=0x8))
2026-09-10 18:23:59,424 - DEBUG - Release <POINTER(ITypeLib) ptr=0x1fa3d5d55e0 at 1fa418c7700>
2026-09-10 18:23:59,425 - DEBUG - GetModule(quartz.dll), resolved: False
2026-09-10 18:23:59,425 - DEBUG - GetModule(TLIBATTR(GUID={56A868B0-0AD4-11CE-B03A-0020AF0BA770}, Version=1.0, LCID=0, FLags=0x8))
2026-09-10 18:23:59,434 - DEBUG - Release <POINTER(ITypeLib) ptr=0x1fa3d5d6be0 at 1fa418c7700>
2026-09-10 18:23:59,814 - INFO - UI load successful
2026-09-10 18:24:09,913 - INFO - Profile : Supervisor
2026-09-10 18:24:14,717 - CRITICAL - Laser 1 : OFF
2026-09-10 18:24:14,717 - CRITICAL - Laser 2 : OFF
2026-09-10 18:24:14,718 - INFO - Stepper Lasers Shutdown
2026-09-10 18:24:14,718 - INFO - COM connection close successfully
2026-09-10 18:24:14,718 - INFO - Main window close successfully
2026-09-10 18:24:14,718 - INFO - ==================================================
2026-09-10 18:24:14,718 - INFO - New session close at 2026-09-10 18:24
2026-09-10 18:24:14,718 - INFO - ==================================================
2026-09-10 18:24:14,772 - DEBUG - Calling CoUninitialize()
2026-09-10 18:24:14,773 - DEBUG - CoUninitialize() done.
2026-09-11 12:59:25,322 - DEBUG - OpenGL_accelerate module loaded
2026-09-11 12:59:25,347 - DEBUG - Using accelerated ArrayDatatype
2026-09-11 12:59:26,109 - DEBUG - CoInitializeEx(None, 2)
2026-09-11 12:59:26,513 - INFO - Imported existing <module 'comtypes.gen' from 'C:\\Users\\exp\\AppData\\Roaming\\Python\\Python313\\site-packages\\comtypes\\gen\\__init__.py'>
2026-09-11 12:59:26,513 - INFO - Using writeable comtypes cache directory: 'C:\Users\exp\AppData\Roaming\Python\Python313\site-packages\comtypes\gen'
2026-09-11 12:59:26,554 - DEBUG - GetModule(qedit.dll), resolved: False
2026-09-11 12:59:26,559 - DEBUG - GetModule(TLIBATTR(GUID={78530B68-61F9-11D2-8CAD-00A024580902}, Version=1.0, LCID=0, FLags=0x8))
2026-09-11 12:59:26,620 - DEBUG - Release <POINTER(ITypeLib) ptr=0x23c21d86130 at 23c24d9c8d0>
2026-09-11 12:59:26,621 - DEBUG - GetModule(quartz.dll), resolved: False
2026-09-11 12:59:26,624 - DEBUG - GetModule(TLIBATTR(GUID={56A868B0-0AD4-11CE-B03A-0020AF0BA770}, Version=1.0, LCID=0, FLags=0x8))
2026-09-11 12:59:26,642 - DEBUG - Release <POINTER(ITypeLib) ptr=0x23c21d88ff0 at 23c24d9c750>
2026-09-11 12:59:27,177 - INFO - UI load successful
2026-09-11 12:59:40,563 - INFO - Profile : Supervisor
2026-09-11 12:59:46,380 - CRITICAL - Laser 1 : OFF
2026-09-11 12:59:46,380 - CRITICAL - Laser 2 : OFF
2026-09-11 12:59:46,381 - INFO - Stepper Lasers Shutdown
2026-09-11 12:59:46,381 - INFO - COM connection close successfully
2026-09-11 12:59:46,381 - INFO - Main window close successfully
2026-09-11 12:59:46,381 - INFO - ==================================================
2026-09-11 12:59:46,381 - INFO - New session close at 2026-09-11 12:59
2026-09-11 12:59:46,381 - INFO - ==================================================
2026-09-11 12:59:46,409 - DEBUG - Calling CoUninitialize()
2026-09-11 12:59:46,409 - DEBUG - CoUninitialize() done.
2026-09-11 14:24:34,766 - DEBUG - OpenGL_accelerate module loaded
2026-09-11 14:24:34,816 - DEBUG - Using accelerated ArrayDatatype
2026-09-11 14:24:35,526 - DEBUG - CoInitializeEx(None, 2)
2026-09-11 14:24:35,661 - INFO - Imported existing <module 'comtypes.gen' from 'C:\\Users\\exp\\AppData\\Roaming\\Python\\Python313\\site-packages\\comtypes\\gen\\__init__.py'>
2026-09-11 14:24:35,661 - INFO - Using writeable comtypes cache directory: 'C:\Users\exp\AppData\Roaming\Python\Python313\site-packages\comtypes\gen'
2026-09-11 14:24:35,673 - DEBUG - GetModule(qedit.dll), resolved: False
2026-09-11 14:24:35,686 - DEBUG - GetModule(TLIBATTR(GUID={78530B68-61F9-11D2-8CAD-00A024580902}, Version=1.0, LCID=0, FLags=0x8))
2026-09-11 14:24:35,720 - DEBUG - Release <POINTER(ITypeLib) ptr=0x27ba86cd520 at 27baae6c650>
2026-09-11 14:24:35,721 - DEBUG - GetModule(quartz.dll), resolved: False
2026-09-11 14:24:35,724 - DEBUG - GetModule(TLIBATTR(GUID={56A868B0-0AD4-11CE-B03A-0020AF0BA770}, Version=1.0, LCID=0, FLags=0x8))
2026-09-11 14:24:35,738 - DEBUG - Release <POINTER(ITypeLib) ptr=0x27ba86c76d0 at 27baae6c4d0>
2026-09-11 14:24:36,859 - INFO - UI load successful
2026-09-11 14:24:57,074 - INFO - Profile : Supervisor
2026-09-11 14:27:01,214 - CRITICAL - Laser 1 : OFF
2026-09-11 14:27:01,215 - CRITICAL - Laser 2 : OFF
2026-09-11 14:27:01,215 - INFO - Stepper Lasers Shutdown
2026-09-11 14:27:01,215 - INFO - COM connection close successfully
2026-09-11 14:27:01,215 - INFO - Main window close successfully
2026-09-11 14:27:01,215 - INFO - ==================================================
2026-09-11 14:27:01,215 - INFO - New session close at 2026-09-11 14:27
2026-09-11 14:27:01,215 - INFO - ==================================================
2026-09-11 14:27:01,241 - DEBUG - Calling CoUninitialize()
2026-09-11 14:27:01,242 - DEBUG - CoUninitialize() done.
2026-09-11 14:27:16,006 - DEBUG - OpenGL_accelerate module loaded
2026-09-11 14:27:16,027 - DEBUG - Using accelerated ArrayDatatype
2026-09-11 14:27:16,479 - DEBUG - CoInitializeEx(None, 2)
2026-09-11 14:27:16,636 - INFO - Imported existing <module 'comtypes.gen' from 'C:\\Users\\exp\\AppData\\Roaming\\Python\\Python313\\site-packages\\comtypes\\gen\\__init__.py'>
2026-09-11 14:27:16,637 - INFO - Using writeable comtypes cache directory: 'C:\Users\exp\AppData\Roaming\Python\Python313\site-packages\comtypes\gen'
2026-09-11 14:27:16,648 - DEBUG - GetModule(qedit.dll), resolved: False
2026-09-11 14:27:16,660 - DEBUG - GetModule(TLIBATTR(GUID={78530B68-61F9-11D2-8CAD-00A024580902}, Version=1.0, LCID=0, FLags=0x8))
2026-09-11 14:27:16,692 - DEBUG - Release <POINTER(ITypeLib) ptr=0x20bca4e5b00 at 20bde9bc650>
2026-09-11 14:27:16,692 - DEBUG - GetModule(quartz.dll), resolved: False
2026-09-11 14:27:16,696 - DEBUG - GetModule(TLIBATTR(GUID={56A868B0-0AD4-11CE-B03A-0020AF0BA770}, Version=1.0, LCID=0, FLags=0x8))
2026-09-11 14:27:16,708 - DEBUG - Release <POINTER(ITypeLib) ptr=0x20bca4e8180 at 20bde9bc4d0>
2026-09-11 14:27:17,113 - INFO - UI load successful
2026-09-11 14:28:08,227 - DEBUG - OpenGL_accelerate module loaded
2026-09-11 14:28:08,246 - DEBUG - Using accelerated ArrayDatatype
2026-09-11 14:28:08,518 - DEBUG - CoInitializeEx(None, 2)
2026-09-11 14:28:08,643 - INFO - Imported existing <module 'comtypes.gen' from 'C:\\Users\\exp\\AppData\\Roaming\\Python\\Python313\\site-packages\\comtypes\\gen\\__init__.py'>
2026-09-11 14:28:08,643 - INFO - Using writeable comtypes cache directory: 'C:\Users\exp\AppData\Roaming\Python\Python313\site-packages\comtypes\gen'
2026-09-11 14:28:08,651 - DEBUG - GetModule(qedit.dll), resolved: False
2026-09-11 14:28:08,652 - DEBUG - GetModule(TLIBATTR(GUID={78530B68-61F9-11D2-8CAD-00A024580902}, Version=1.0, LCID=0, FLags=0x8))
2026-09-11 14:28:08,677 - DEBUG - Release <POINTER(ITypeLib) ptr=0x1df7f3352c0 at 1df1378c650>
2026-09-11 14:28:08,677 - DEBUG - GetModule(quartz.dll), resolved: False
2026-09-11 14:28:08,678 - DEBUG - GetModule(TLIBATTR(GUID={56A868B0-0AD4-11CE-B03A-0020AF0BA770}, Version=1.0, LCID=0, FLags=0x8))
2026-09-11 14:28:08,686 - DEBUG - Release <POINTER(ITypeLib) ptr=0x1df7f3347c0 at 1df1378c4d0>
2026-09-11 14:28:09,027 - INFO - UI load successful
2026-09-11 14:28:24,522 - INFO - Profile : Supervisor
2026-09-11 14:31:10,299 - DEBUG - OpenGL_accelerate module loaded
2026-09-11 14:31:10,311 - DEBUG - Using accelerated ArrayDatatype
2026-09-11 14:31:10,532 - DEBUG - CoInitializeEx(None, 2)
2026-09-11 14:31:10,631 - INFO - Imported existing <module 'comtypes.gen' from 'C:\\Users\\exp\\AppData\\Roaming\\Python\\Python313\\site-packages\\comtypes\\gen\\__init__.py'>
2026-09-11 14:31:10,632 - INFO - Using writeable comtypes cache directory: 'C:\Users\exp\AppData\Roaming\Python\Python313\site-packages\comtypes\gen'
2026-09-11 14:31:10,640 - DEBUG - GetModule(qedit.dll), resolved: False
2026-09-11 14:31:10,642 - DEBUG - GetModule(TLIBATTR(GUID={78530B68-61F9-11D2-8CAD-00A024580902}, Version=1.0, LCID=0, FLags=0x8))
2026-09-11 14:31:10,666 - DEBUG - Release <POINTER(ITypeLib) ptr=0x1e12b4f3570 at 1e13fffc650>
2026-09-11 14:31:10,666 - DEBUG - GetModule(quartz.dll), resolved: False
2026-09-11 14:31:10,667 - DEBUG - GetModule(TLIBATTR(GUID={56A868B0-0AD4-11CE-B03A-0020AF0BA770}, Version=1.0, LCID=0, FLags=0x8))
2026-09-11 14:31:10,674 - DEBUG - Release <POINTER(ITypeLib) ptr=0x1e12b4f3570 at 1e13fffc4d0>
2026-09-11 14:31:10,993 - INFO - UI load successful
2026-09-11 14:31:19,386 - INFO - Profile : Supervisor
2026-09-11 14:32:54,050 - DEBUG - OpenGL_accelerate module loaded
2026-09-11 14:32:54,062 - DEBUG - Using accelerated ArrayDatatype
2026-09-11 14:32:54,277 - DEBUG - CoInitializeEx(None, 2)
2026-09-11 14:32:54,375 - INFO - Imported existing <module 'comtypes.gen' from 'C:\\Users\\exp\\AppData\\Roaming\\Python\\Python313\\site-packages\\comtypes\\gen\\__init__.py'>
2026-09-11 14:32:54,376 - INFO - Using writeable comtypes cache directory: 'C:\Users\exp\AppData\Roaming\Python\Python313\site-packages\comtypes\gen'
2026-09-11 14:32:54,383 - DEBUG - GetModule(qedit.dll), resolved: False
2026-09-11 14:32:54,384 - DEBUG - GetModule(TLIBATTR(GUID={78530B68-61F9-11D2-8CAD-00A024580902}, Version=1.0, LCID=0, FLags=0x8))
2026-09-11 14:32:54,408 - DEBUG - Release <POINTER(ITypeLib) ptr=0x204188a3e20 at 2042d3bc650>
2026-09-11 14:32:54,409 - DEBUG - GetModule(quartz.dll), resolved: False
2026-09-11 14:32:54,409 - DEBUG - GetModule(TLIBATTR(GUID={56A868B0-0AD4-11CE-B03A-0020AF0BA770}, Version=1.0, LCID=0, FLags=0x8))
2026-09-11 14:32:54,417 - DEBUG - Release <POINTER(ITypeLib) ptr=0x204188a3e20 at 2042d3bc4d0>
2026-09-11 14:32:54,752 - INFO - UI load successful
2026-09-11 14:33:05,346 - INFO - Profile : Supervisor
2026-09-11 14:34:06,241 - DEBUG - OpenGL_accelerate module loaded
2026-09-11 14:34:06,256 - DEBUG - Using accelerated ArrayDatatype
2026-09-11 14:34:06,489 - DEBUG - CoInitializeEx(None, 2)
2026-09-11 14:34:06,589 - INFO - Imported existing <module 'comtypes.gen' from 'C:\\Users\\exp\\AppData\\Roaming\\Python\\Python313\\site-packages\\comtypes\\gen\\__init__.py'>
2026-09-11 14:34:06,589 - INFO - Using writeable comtypes cache directory: 'C:\Users\exp\AppData\Roaming\Python\Python313\site-packages\comtypes\gen'
2026-09-11 14:34:06,597 - DEBUG - GetModule(qedit.dll), resolved: False
2026-09-11 14:34:06,599 - DEBUG - GetModule(TLIBATTR(GUID={78530B68-61F9-11D2-8CAD-00A024580902}, Version=1.0, LCID=0, FLags=0x8))
2026-09-11 14:34:06,625 - DEBUG - Release <POINTER(ITypeLib) ptr=0x22a424ec8b0 at 22a56f5c650>
2026-09-11 14:34:06,626 - DEBUG - GetModule(quartz.dll), resolved: False
2026-09-11 14:34:06,626 - DEBUG - GetModule(TLIBATTR(GUID={56A868B0-0AD4-11CE-B03A-0020AF0BA770}, Version=1.0, LCID=0, FLags=0x8))
2026-09-11 14:34:06,636 - DEBUG - Release <POINTER(ITypeLib) ptr=0x22a424ec070 at 22a56f5c4d0>
2026-09-11 14:34:07,001 - INFO - UI load successful
2026-09-11 14:34:16,452 - INFO - Profile : Supervisor
2026-09-11 14:35:15,584 - CRITICAL - Laser 1 : OFF
2026-09-11 14:35:15,585 - CRITICAL - Laser 2 : OFF
2026-09-11 14:35:15,585 - INFO - Stepper Lasers Shutdown
2026-09-11 14:35:15,585 - INFO - COM connection close successfully
2026-09-11 14:35:15,585 - INFO - Main window close successfully
2026-09-11 14:35:15,585 - INFO - ==================================================
2026-09-11 14:35:15,585 - INFO - New session close at 2026-09-11 14:35
2026-09-11 14:35:15,585 - INFO - ==================================================
2026-09-11 14:35:15,602 - DEBUG - Calling CoUninitialize()
2026-09-11 14:35:15,602 - DEBUG - CoUninitialize() done.
2026-09-11 14:35:47,327 - DEBUG - OpenGL_accelerate module loaded
2026-09-11 14:35:47,342 - DEBUG - Using accelerated ArrayDatatype
2026-09-11 14:35:47,562 - DEBUG - CoInitializeEx(None, 2)
2026-09-11 14:35:47,659 - INFO - Imported existing <module 'comtypes.gen' from 'C:\\Users\\exp\\AppData\\Roaming\\Python\\Python313\\site-packages\\comtypes\\gen\\__init__.py'>
2026-09-11 14:35:47,660 - INFO - Using writeable comtypes cache directory: 'C:\Users\exp\AppData\Roaming\Python\Python313\site-packages\comtypes\gen'
2026-09-11 14:35:47,665 - DEBUG - GetModule(qedit.dll), resolved: False
2026-09-11 14:35:47,667 - DEBUG - GetModule(TLIBATTR(GUID={78530B68-61F9-11D2-8CAD-00A024580902}, Version=1.0, LCID=0, FLags=0x8))
2026-09-11 14:35:47,691 - DEBUG - Release <POINTER(ITypeLib) ptr=0x264643af280 at 2647918c650>
2026-09-11 14:35:47,691 - DEBUG - GetModule(quartz.dll), resolved: False
2026-09-11 14:35:47,692 - DEBUG - GetModule(TLIBATTR(GUID={56A868B0-0AD4-11CE-B03A-0020AF0BA770}, Version=1.0, LCID=0, FLags=0x8))
2026-09-11 14:35:47,700 - DEBUG - Release <POINTER(ITypeLib) ptr=0x264643af280 at 2647918c4d0>
2026-09-11 14:35:48,024 - INFO - UI load successful
2026-09-11 14:35:58,049 - INFO - Profile : Supervisor
2026-09-11 14:36:19,618 - INFO - Close event ignored.
2026-09-11 14:40:42,442 - DEBUG - OpenGL_accelerate module loaded
2026-09-11 14:40:42,457 - DEBUG - Using accelerated ArrayDatatype
2026-09-11 14:40:42,697 - DEBUG - CoInitializeEx(None, 2)
2026-09-11 14:40:42,808 - INFO - Imported existing <module 'comtypes.gen' from 'C:\\Users\\exp\\AppData\\Roaming\\Python\\Python313\\site-packages\\comtypes\\gen\\__init__.py'>
2026-09-11 14:40:42,808 - INFO - Using writeable comtypes cache directory: 'C:\Users\exp\AppData\Roaming\Python\Python313\site-packages\comtypes\gen'
2026-09-11 14:40:42,814 - DEBUG - GetModule(qedit.dll), resolved: False
2026-09-11 14:40:42,816 - DEBUG - GetModule(TLIBATTR(GUID={78530B68-61F9-11D2-8CAD-00A024580902}, Version=1.0, LCID=0, FLags=0x8))
2026-09-11 14:40:42,842 - DEBUG - Release <POINTER(ITypeLib) ptr=0x201f7afa730 at 2018bf9c5d0>
2026-09-11 14:40:42,842 - DEBUG - GetModule(quartz.dll), resolved: False
2026-09-11 14:40:42,843 - DEBUG - GetModule(TLIBATTR(GUID={56A868B0-0AD4-11CE-B03A-0020AF0BA770}, Version=1.0, LCID=0, FLags=0x8))
2026-09-11 14:40:42,852 - DEBUG - Release <POINTER(ITypeLib) ptr=0x201f7afd5f0 at 2018bf9c450>
2026-09-11 14:40:43,268 - INFO - UI load successful
2026-09-11 14:40:52,825 - INFO - Profile : Supervisor
2026-09-11 14:41:08,925 - CRITICAL - Laser 1 : OFF
2026-09-11 14:41:08,926 - CRITICAL - Laser 2 : OFF
2026-09-11 14:41:08,926 - INFO - Stepper Lasers Shutdown
2026-09-11 14:41:08,926 - INFO - COM connection close successfully
2026-09-11 14:41:08,926 - INFO - Main window close successfully
2026-09-11 14:41:08,926 - INFO - ==================================================
2026-09-11 14:41:08,926 - INFO - New session close at 2026-09-11 14:41
2026-09-11 14:41:08,926 - INFO - ==================================================
2026-09-11 14:41:08,942 - DEBUG - Calling CoUninitialize()
2026-09-11 14:41:08,943 - DEBUG - CoUninitialize() done.
2026-09-11 14:46:20,211 - DEBUG - OpenGL_accelerate module loaded
2026-09-11 14:46:20,271 - DEBUG - Using accelerated ArrayDatatype
2026-09-11 14:46:21,460 - DEBUG - CoInitializeEx(None, 2)
2026-09-11 14:46:21,730 - INFO - Could not import comtypes.gen, trying to create it.
2026-09-11 14:46:21,730 - INFO - Creating comtypes.gen package failed: [WinError 5] Access is denied: 'C:\\Program Files\\Python314\\Lib\\site-packages\\comtypes\\gen'
2026-09-11 14:46:21,733 - INFO - Created a memory-only package.
2026-09-11 14:46:21,744 - INFO - Using writeable comtypes cache directory: 'C:\Users\EXPRESS\AppData\Roaming\Python\Python314\comtypes_cache'
2026-09-11 14:46:21,780 - DEBUG - GetModule(qedit.dll), resolved: False
2026-09-11 14:46:21,798 - DEBUG - GetModule(TLIBATTR(GUID={78530B68-61F9-11D2-8CAD-00A024580902}, Version=1.0, LCID=0, FLags=0x8))
2026-09-11 14:46:21,887 - DEBUG - Release <POINTER(ITypeLib) ptr=0x1bb28ed9780 at 1bb3ed1b700>
2026-09-11 14:46:21,888 - DEBUG - GetModule(quartz.dll), resolved: False
2026-09-11 14:46:21,892 - DEBUG - GetModule(TLIBATTR(GUID={56A868B0-0AD4-11CE-B03A-0020AF0BA770}, Version=1.0, LCID=0, FLags=0x8))
2026-09-11 14:46:21,912 - DEBUG - Release <POINTER(ITypeLib) ptr=0x1bb28ed7940 at 1bb3ed1b700>
2026-09-11 14:46:23,381 - INFO - UI load successful
2026-09-11 14:46:32,822 - INFO - Profile : Supervisor
2026-09-11 15:06:04,981 - CRITICAL - Laser 1 : OFF
2026-09-11 15:06:04,985 - CRITICAL - Laser 2 : OFF
2026-09-11 15:06:04,985 - INFO - Stepper Lasers Shutdown
2026-09-11 15:06:04,986 - INFO - COM connection close successfully
2026-09-11 15:06:04,987 - INFO - Main window close successfully
2026-09-11 15:06:04,987 - INFO - ==================================================
2026-09-11 15:06:04,988 - INFO - New session close at 2026-09-11 15:06
2026-09-11 15:06:04,988 - INFO - ==================================================
2026-09-11 15:06:05,079 - DEBUG - Calling CoUninitialize()
2026-09-11 15:06:05,083 - DEBUG - CoUninitialize() done.
2026-09-11 15:59:55,019 - DEBUG - OpenGL_accelerate module loaded
2026-09-11 15:59:55,049 - DEBUG - Using accelerated ArrayDatatype
2026-09-11 15:59:55,437 - DEBUG - CoInitializeEx(None, 2)
2026-09-11 15:59:55,534 - INFO - Could not import comtypes.gen, trying to create it.
2026-09-11 15:59:55,534 - INFO - Creating comtypes.gen package failed: [WinError 5] Access is denied: 'C:\\Program Files\\Python314\\Lib\\site-packages\\comtypes\\gen'
2026-09-11 15:59:55,534 - INFO - Created a memory-only package.
2026-09-11 15:59:55,537 - INFO - Using writeable comtypes cache directory: 'C:\Users\EXPRESS\AppData\Roaming\Python\Python314\comtypes_cache'
2026-09-11 15:59:55,548 - DEBUG - GetModule(qedit.dll), resolved: False
2026-09-11 15:59:55,566 - DEBUG - GetModule(TLIBATTR(GUID={78530B68-61F9-11D2-8CAD-00A024580902}, Version=1.0, LCID=0, FLags=0x8))
2026-09-11 15:59:55,621 - DEBUG - Release <POINTER(ITypeLib) ptr=0x161cf9e7150 at 161d40a7700>
2026-09-11 15:59:55,622 - DEBUG - GetModule(quartz.dll), resolved: False
2026-09-11 15:59:55,624 - DEBUG - GetModule(TLIBATTR(GUID={56A868B0-0AD4-11CE-B03A-0020AF0BA770}, Version=1.0, LCID=0, FLags=0x8))
2026-09-11 15:59:55,642 - DEBUG - Release <POINTER(ITypeLib) ptr=0x161cf9e7150 at 161d40a7700>
2026-09-11 15:59:56,637 - INFO - UI load successful
2026-09-11 16:00:07,214 - INFO - Profile : Supervisor
2026-09-11 16:13:23,549 - DEBUG - OpenGL_accelerate module loaded
2026-09-11 16:13:23,579 - DEBUG - Using accelerated ArrayDatatype
2026-09-11 16:13:24,364 - DEBUG - CoInitializeEx(None, 2)
2026-09-11 16:13:24,479 - INFO - Could not import comtypes.gen, trying to create it.
2026-09-11 16:13:24,479 - INFO - Creating comtypes.gen package failed: [WinError 5] Access is denied: 'C:\\Program Files\\Python314\\Lib\\site-packages\\comtypes\\gen'
2026-09-11 16:13:24,480 - INFO - Created a memory-only package.
2026-09-11 16:13:24,485 - INFO - Using writeable comtypes cache directory: 'C:\Users\EXPRESS\AppData\Roaming\Python\Python314\comtypes_cache'
2026-09-11 16:13:24,499 - DEBUG - GetModule(qedit.dll), resolved: False
2026-09-11 16:13:24,502 - DEBUG - GetModule(TLIBATTR(GUID={78530B68-61F9-11D2-8CAD-00A024580902}, Version=1.0, LCID=0, FLags=0x8))
2026-09-11 16:13:24,578 - DEBUG - Release <POINTER(ITypeLib) ptr=0x165262f8610 at 1652a857700>
2026-09-11 16:13:24,580 - DEBUG - GetModule(quartz.dll), resolved: False
2026-09-11 16:13:24,582 - DEBUG - GetModule(TLIBATTR(GUID={56A868B0-0AD4-11CE-B03A-0020AF0BA770}, Version=1.0, LCID=0, FLags=0x8))
2026-09-11 16:13:24,602 - DEBUG - Release <POINTER(ITypeLib) ptr=0x165262fbd10 at 1652a857700>
2026-09-11 16:13:26,279 - INFO - UI load successful
2026-09-11 16:13:37,015 - INFO - Profile : Supervisor
2026-09-11 16:19:22,015 - DEBUG - OpenGL_accelerate module loaded
2026-09-11 16:19:22,047 - DEBUG - Using accelerated ArrayDatatype
2026-09-11 16:19:22,444 - DEBUG - CoInitializeEx(None, 2)
2026-09-11 16:19:22,550 - INFO - Could not import comtypes.gen, trying to create it.
2026-09-11 16:19:22,550 - INFO - Creating comtypes.gen package failed: [WinError 5] Access is denied: 'C:\\Program Files\\Python314\\Lib\\site-packages\\comtypes\\gen'
2026-09-11 16:19:22,551 - INFO - Created a memory-only package.
2026-09-11 16:19:22,553 - INFO - Using writeable comtypes cache directory: 'C:\Users\EXPRESS\AppData\Roaming\Python\Python314\comtypes_cache'
2026-09-11 16:19:22,565 - DEBUG - GetModule(qedit.dll), resolved: False
2026-09-11 16:19:22,589 - DEBUG - GetModule(TLIBATTR(GUID={78530B68-61F9-11D2-8CAD-00A024580902}, Version=1.0, LCID=0, FLags=0x8))
2026-09-11 16:19:22,642 - DEBUG - Release <POINTER(ITypeLib) ptr=0x2932170a8c0 at 29325ca7700>
2026-09-11 16:19:22,642 - DEBUG - GetModule(quartz.dll), resolved: False
2026-09-11 16:19:22,644 - DEBUG - GetModule(TLIBATTR(GUID={56A868B0-0AD4-11CE-B03A-0020AF0BA770}, Version=1.0, LCID=0, FLags=0x8))
2026-09-11 16:19:22,653 - DEBUG - Release <POINTER(ITypeLib) ptr=0x2932170cc80 at 29325ca7700>
2026-09-11 16:19:23,709 - INFO - UI load successful
2026-09-11 16:19:34,047 - INFO - Profile : Supervisor
2026-09-11 16:21:13,699 - CRITICAL - Laser 1 : OFF
2026-09-11 16:21:13,700 - CRITICAL - Laser 2 : OFF
2026-09-11 16:21:13,700 - INFO - Stepper Lasers Shutdown
2026-09-11 16:21:13,701 - INFO - COM connection close successfully
2026-09-11 16:21:13,701 - INFO - Main window close successfully
2026-09-11 16:21:13,701 - INFO - ==================================================
2026-09-11 16:21:13,701 - INFO - New session close at 2026-09-11 16:21
2026-09-11 16:21:13,701 - INFO - ==================================================
2026-09-11 16:21:13,734 - DEBUG - Calling CoUninitialize()
2026-09-11 16:21:13,734 - DEBUG - CoUninitialize() done.
2026-09-11 16:27:18,794 - DEBUG - OpenGL_accelerate module loaded
2026-09-11 16:27:18,812 - DEBUG - Using accelerated ArrayDatatype
2026-09-11 16:27:19,181 - DEBUG - CoInitializeEx(None, 2)
2026-09-11 16:27:19,304 - INFO - Could not import comtypes.gen, trying to create it.
2026-09-11 16:27:19,304 - INFO - Creating comtypes.gen package failed: [WinError 5] Access is denied: 'C:\\Program Files\\Python314\\Lib\\site-packages\\comtypes\\gen'
2026-09-11 16:27:19,305 - INFO - Created a memory-only package.
2026-09-11 16:27:19,308 - INFO - Using writeable comtypes cache directory: 'C:\Users\EXPRESS\AppData\Roaming\Python\Python314\comtypes_cache'
2026-09-11 16:27:19,327 - DEBUG - GetModule(qedit.dll), resolved: False
2026-09-11 16:27:19,345 - DEBUG - GetModule(TLIBATTR(GUID={78530B68-61F9-11D2-8CAD-00A024580902}, Version=1.0, LCID=0, FLags=0x8))
2026-09-11 16:27:19,383 - DEBUG - Release <POINTER(ITypeLib) ptr=0x2a5252cc7c0 at 2a5298e7700>
2026-09-11 16:27:19,383 - DEBUG - GetModule(quartz.dll), resolved: False
2026-09-11 16:27:19,384 - DEBUG - GetModule(TLIBATTR(GUID={56A868B0-0AD4-11CE-B03A-0020AF0BA770}, Version=1.0, LCID=0, FLags=0x8))
2026-09-11 16:27:19,393 - DEBUG - Release <POINTER(ITypeLib) ptr=0x2a5252cddc0 at 2a5298e7700>
2026-09-11 16:27:20,397 - INFO - UI load successful
2026-09-11 16:27:30,646 - INFO - Profile : Supervisor
2026-09-11 16:30:53,494 - CRITICAL - Laser 1 : OFF
2026-09-11 16:30:53,495 - CRITICAL - Laser 2 : OFF
2026-09-11 16:30:53,495 - INFO - Stepper Lasers Shutdown
2026-09-11 16:30:53,495 - INFO - COM connection close successfully
2026-09-11 16:30:53,495 - INFO - Main window close successfully
2026-09-11 16:30:53,495 - INFO - ==================================================
2026-09-11 16:30:53,495 - INFO - New session close at 2026-09-11 16:30
2026-09-11 16:30:53,495 - INFO - ==================================================
2026-09-11 16:30:53,518 - DEBUG - Calling CoUninitialize()
2026-09-11 16:30:53,518 - DEBUG - CoUninitialize() done.
2026-09-11 16:36:26,023 - DEBUG - OpenGL_accelerate module loaded
2026-09-11 16:36:26,040 - DEBUG - Using accelerated ArrayDatatype
2026-09-11 16:36:26,377 - DEBUG - CoInitializeEx(None, 2)
2026-09-11 16:36:26,504 - INFO - Could not import comtypes.gen, trying to create it.
2026-09-11 16:36:26,505 - INFO - Creating comtypes.gen package failed: [WinError 5] Access is denied: 'C:\\Program Files\\Python314\\Lib\\site-packages\\comtypes\\gen'
2026-09-11 16:36:26,505 - INFO - Created a memory-only package.
2026-09-11 16:36:26,509 - INFO - Using writeable comtypes cache directory: 'C:\Users\EXPRESS\AppData\Roaming\Python\Python314\comtypes_cache'
2026-09-11 16:36:26,522 - DEBUG - GetModule(qedit.dll), resolved: False
2026-09-11 16:36:26,544 - DEBUG - GetModule(TLIBATTR(GUID={78530B68-61F9-11D2-8CAD-00A024580902}, Version=1.0, LCID=0, FLags=0x8))
2026-09-11 16:36:26,599 - DEBUG - Release <POINTER(ITypeLib) ptr=0x1f3b8569500 at 1f3bcfe7700>
2026-09-11 16:36:26,599 - DEBUG - GetModule(quartz.dll), resolved: False
2026-09-11 16:36:26,601 - DEBUG - GetModule(TLIBATTR(GUID={56A868B0-0AD4-11CE-B03A-0020AF0BA770}, Version=1.0, LCID=0, FLags=0x8))
2026-09-11 16:36:26,609 - DEBUG - Release <POINTER(ITypeLib) ptr=0x1f3b8569500 at 1f3bcfe7700>
2026-09-11 16:36:27,076 - INFO - UI load successful
2026-09-11 16:36:36,684 - INFO - Profile : Supervisor
2026-09-11 16:36:47,947 - CRITICAL - Laser 1 : OFF
2026-09-11 16:36:47,948 - CRITICAL - Laser 2 : OFF
2026-09-11 16:36:47,948 - INFO - Stepper Lasers Shutdown
2026-09-11 16:36:47,948 - INFO - COM connection close successfully
2026-09-11 16:36:47,948 - INFO - Main window close successfully
2026-09-11 16:36:47,948 - INFO - ==================================================
2026-09-11 16:36:47,948 - INFO - New session close at 2026-09-11 16:36
2026-09-11 16:36:47,948 - INFO - ==================================================
2026-09-11 16:36:47,967 - DEBUG - Calling CoUninitialize()
2026-09-11 16:36:47,967 - DEBUG - CoUninitialize() done.
2026-09-11 16:51:05,185 - DEBUG - OpenGL_accelerate module loaded
2026-09-11 16:51:05,212 - DEBUG - Using accelerated ArrayDatatype
2026-09-11 16:51:05,574 - DEBUG - CoInitializeEx(None, 2)
2026-09-11 16:51:05,687 - INFO - Could not import comtypes.gen, trying to create it.
2026-09-11 16:51:05,688 - INFO - Creating comtypes.gen package failed: [WinError 5] Access is denied: 'C:\\Program Files\\Python314\\Lib\\site-packages\\comtypes\\gen'
2026-09-11 16:51:05,689 - INFO - Created a memory-only package.
2026-09-11 16:51:05,697 - INFO - Using writeable comtypes cache directory: 'C:\Users\EXPRESS\AppData\Roaming\Python\Python314\comtypes_cache'
2026-09-11 16:51:05,712 - DEBUG - GetModule(qedit.dll), resolved: False
2026-09-11 16:51:05,734 - DEBUG - GetModule(TLIBATTR(GUID={78530B68-61F9-11D2-8CAD-00A024580902}, Version=1.0, LCID=0, FLags=0x8))
2026-09-11 16:51:05,780 - DEBUG - Release <POINTER(ITypeLib) ptr=0x160a3252420 at 160a783f890>
2026-09-11 16:51:05,780 - DEBUG - GetModule(quartz.dll), resolved: False
2026-09-11 16:51:05,783 - DEBUG - GetModule(TLIBATTR(GUID={56A868B0-0AD4-11CE-B03A-0020AF0BA770}, Version=1.0, LCID=0, FLags=0x8))
2026-09-11 16:51:05,792 - DEBUG - Release <POINTER(ITypeLib) ptr=0x160a3250060 at 160a783f890>
2026-09-11 16:51:06,815 - INFO - UI load successful
2026-09-11 16:51:16,446 - INFO - Profile : Supervisor
2026-09-11 16:51:32,158 - CRITICAL - Laser 1 : OFF
2026-09-11 16:51:32,159 - CRITICAL - Laser 2 : OFF
2026-09-11 16:51:32,159 - INFO - Stepper Lasers Shutdown
2026-09-11 16:51:32,159 - INFO - COM connection close successfully
2026-09-11 16:51:32,159 - INFO - Main window close successfully
2026-09-11 16:51:32,160 - INFO - ==================================================
2026-09-11 16:51:32,160 - INFO - New session close at 2026-09-11 16:51
2026-09-11 16:51:32,160 - INFO - ==================================================
2026-09-11 16:51:32,172 - DEBUG - Calling CoUninitialize()
2026-09-11 16:51:32,172 - DEBUG - CoUninitialize() done.
2026-09-11 16:58:09,733 - DEBUG - OpenGL_accelerate module loaded
2026-09-11 16:58:09,765 - DEBUG - Using accelerated ArrayDatatype
2026-09-11 16:58:10,218 - DEBUG - CoInitializeEx(None, 2)
2026-09-11 16:58:10,337 - INFO - Could not import comtypes.gen, trying to create it.
2026-09-11 16:58:10,337 - INFO - Creating comtypes.gen package failed: [WinError 5] Access is denied: 'C:\\Program Files\\Python314\\Lib\\site-packages\\comtypes\\gen'
2026-09-11 16:58:10,338 - INFO - Created a memory-only package.
2026-09-11 16:58:10,341 - INFO - Using writeable comtypes cache directory: 'C:\Users\EXPRESS\AppData\Roaming\Python\Python314\comtypes_cache'
2026-09-11 16:58:10,353 - DEBUG - GetModule(qedit.dll), resolved: False
2026-09-11 16:58:10,372 - DEBUG - GetModule(TLIBATTR(GUID={78530B68-61F9-11D2-8CAD-00A024580902}, Version=1.0, LCID=0, FLags=0x8))
2026-09-11 16:58:10,411 - DEBUG - Release <POINTER(ITypeLib) ptr=0x2586e5f3880 at 25872d7f890>
2026-09-11 16:58:10,411 - DEBUG - GetModule(quartz.dll), resolved: False
2026-09-11 16:58:10,413 - DEBUG - GetModule(TLIBATTR(GUID={56A868B0-0AD4-11CE-B03A-0020AF0BA770}, Version=1.0, LCID=0, FLags=0x8))
2026-09-11 16:58:10,422 - DEBUG - Release <POINTER(ITypeLib) ptr=0x2586e5efec0 at 25872d7f890>
2026-09-11 16:58:11,558 - INFO - UI load successful
2026-09-11 16:58:25,125 - CRITICAL - Laser 1 : OFF
2026-09-11 16:58:25,126 - CRITICAL - Laser 2 : OFF
2026-09-11 16:58:25,126 - INFO - Stepper Lasers Shutdown
2026-09-11 16:58:25,126 - INFO - COM connection close successfully
2026-09-11 16:58:25,126 - INFO - Main window close successfully
2026-09-11 16:58:25,126 - INFO - ==================================================
2026-09-11 16:58:25,126 - INFO - New session close at 2026-09-11 16:58
2026-09-11 16:58:25,126 - INFO - ==================================================
2026-09-11 16:58:25,147 - DEBUG - Calling CoUninitialize()
2026-09-11 16:58:25,147 - DEBUG - CoUninitialize() done.
