# Resource object code (Python 3)
# Created by: object code
# Created by: The Resource Compiler for Qt version 6.8.1
# WARNING! All changes made in this file will be lost!

from PySide6 import QtCore

qt_resource_data = b"\
\x00\x00a\x1a\
\x89\
PNG\x0d\x0a\x1a\x0a\x00\x00\x00\x0dIHDR\x00\
\x00\x00\x9e\x00\x00\x00\x9e\x08\x06\x00\x00\x00\xc3\x85\xb3{\
\x00\x00\x00\xc6zTXtRaw prof\
ile type exif\x00\x00x\
\xdamP[\x0e\xc3 \x0c\xfb\xcf)v\x04Hx\x1e\
\x87\xb6L\xda\x0dv\xfc\x19\x12\xaa\xb6\x9a\x11&8\xc8\
$\xa1\xfe\xfd\xbc\xe95\xc0>P\x88\xb9\xa4\x9a\x92\x03\
B\x0d\x95\x1b\x82\xe2\x14m\xb2wa\xf2D\xed\x96\xf3\
w\x9d\xce\x04C\x12\x9c\xa2\xd7\x92\xec\xfd\xd2\xfdi\xa0\
GC\x14/Fe\xb7\xc4vO\xd4`\xfe\xe5ad\
\x1f\xc9\xa8\x88\x11\x1c\xab\x223\x12\xd6\x847\x83\xa6m\
\xb9TK\xbe\xb6\xb0\xad\x0e\x16\x8an\x1a\xb4\xf7\xe9\xed\
\xbc\xfd\xf6\xbc\x87\x8c\xe9\x1d\x11\xa20w\x81\x0c\x16I\
Z\x80\x8c\x1dI\x1a\x02\x01\x8b\x8c\x87\x1ek(\x11\xcc\
\x92\xad\x12\x0c\xe4\xdf\x9c\x16\xe8\x07\xe9\xb7ZD\x08\x17\
\xcfA\x00\x00\x01\x84iCCPICC pr\
ofile\x00\x00x\x9c}\x91=H\xc3@\x1c\
\xc5_S\x8b\x22\x15\x07;\x88\x88\x04\xa9\x0eb\x17\x15\
q,U,\x82\x85\xd2Vh\xd5\xc1\xe4\xd2/h\xd2\
\x90\xa4\xb88\x0a\xae\x05\x07?\x16\xab\x0e.\xce\xba:\
\xb8\x0a\x82\xe0\x07\x88\xbb\xe0\xa4\xe8\x22%\xfe/)\xb4\
\x88\xf1\xe0\xb8\x1f\xef\xee=\xee\xde\x01B\xa3\xc2T\xb3\
+\x0a\xa8\x9ae\xa4\xe211\x9b[\x15\xbb_\xe1\xc7\
\x08\x02\x18\xc5\x84\xc4L=\x91^\xcc\xc0s|\xdd\xc3\
\xc7\xd7\xbb\x08\xcf\xf2>\xf7\xe7\xe8S\xf2&\x03|\x22\
q\x94\xe9\x86E\xbcA<\xbbi\xe9\x9c\xf7\x89C\xac\
$)\xc4\xe7\xc4\x93\x06]\x90\xf8\x91\xeb\xb2\xcbo\x9c\
\x8b\x0e\x0b<3ddR\xf3\xc4!b\xb1\xd8\xc1r\
\x07\xb3\x92\xa1\x12\xcf\x10\x87\x15U\xa3|!\xeb\xb2\xc2\
y\x8b\xb3Z\xa9\xb1\xd6=\xf9\x0b\x83ym%\xcdu\
\x9a\xc3\x88c\x09\x09$!BF\x0deT`!B\
\xabF\x8a\x89\x14\xed\xc7<\xfcC\x8e?I.\x99\x5c\
e0r,\xa0\x0a\x15\x92\xe3\x07\xff\x83\xdf\xdd\x9a\x85\
\xe9)7)\x18\x03\x02/\xb6\xfd1\x06t\xef\x02\xcd\
\xbam\x7f\x1f\xdbv\xf3\x04\xf0?\x03WZ\xdb_m\
\x00s\x9f\xa4\xd7\xdbZ\xf8\x08\xe8\xdf\x06.\xae\xdb\x9a\
\xbc\x07\x5c\xee\x00\x83O\xbadH\x8e\xe4\xa7)\x14\x0a\
\xc0\xfb\x19}S\x0e\x18\xb8\x05z\xd7\xdc\xdeZ\xfb8\
}\x002\xd4\xd5\xf2\x0dpp\x08\x8c\x17){\xdd\xe3\
\xdd=\x9d\xbd\xfd{\xa6\xd5\xdf\x0f\xdd\x11r\xd11\xc4\
\xb1\x0b\x00\x00\x0eUiTXtXML:co\
m.adobe.xmp\x00\x00\x00\x00\x00\
<?xpacket begin=\
\x22\xef\xbb\xbf\x22 id=\x22W5M0Mp\
CehiHzreSzNTczkc\
9d\x22?>\x0a<x:xmpmeta\
 xmlns:x=\x22adobe:\
ns:meta/\x22 x:xmpt\
k=\x22XMP Core 4.4.\
0-Exiv2\x22>\x0a <rdf:\
RDF xmlns:rdf=\x22h\
ttp://www.w3.org\
/1999/02/22-rdf-\
syntax-ns#\x22>\x0a  <\
rdf:Description \
rdf:about=\x22\x22\x0a   \
 xmlns:xmpMM=\x22ht\
tp://ns.adobe.co\
m/xap/1.0/mm/\x22\x0a \
   xmlns:stEvt=\x22\
http://ns.adobe.\
com/xap/1.0/sTyp\
e/ResourceEvent#\
\x22\x0a    xmlns:dc=\x22\
http://purl.org/\
dc/elements/1.1/\
\x22\x0a    xmlns:GIMP\
=\x22http://www.gim\
p.org/xmp/\x22\x0a    \
xmlns:tiff=\x22http\
://ns.adobe.com/\
tiff/1.0/\x22\x0a    x\
mlns:xmp=\x22http:/\
/ns.adobe.com/xa\
p/1.0/\x22\x0a   xmpMM\
:DocumentID=\x22gim\
p:docid:gimp:531\
f2749-82aa-4d56-\
9109-e10d20304c8\
9\x22\x0a   xmpMM:Inst\
anceID=\x22xmp.iid:\
b8138f4d-802d-47\
2b-9f51-ae9f40c5\
29ec\x22\x0a   xmpMM:O\
riginalDocumentI\
D=\x22xmp.did:88b00\
aa8-2864-419e-8c\
d4-33c022644876\x22\
\x0a   dc:Format=\x22i\
mage/png\x22\x0a   GIM\
P:API=\x222.0\x22\x0a   G\
IMP:Platform=\x22Wi\
ndows\x22\x0a   GIMP:T\
imeStamp=\x22174331\
2932179581\x22\x0a   G\
IMP:Version=\x222.1\
0.36\x22\x0a   tiff:Or\
ientation=\x221\x22\x0a  \
 xmp:CreatorTool\
=\x22GIMP 2.10\x22\x0a   \
xmp:MetadataDate\
=\x222025:03:30T11:\
05:27+05:30\x22\x0a   \
xmp:ModifyDate=\x22\
2025:03:30T11:05\
:27+05:30\x22>\x0a   <\
xmpMM:History>\x0a \
   <rdf:Seq>\x0a   \
  <rdf:li\x0a      \
stEvt:action=\x22sa\
ved\x22\x0a      stEvt\
:changed=\x22/\x22\x0a   \
   stEvt:instanc\
eID=\x22xmp.iid:bce\
688a8-edfd-42d4-\
8ced-f0d648f797b\
3\x22\x0a      stEvt:s\
oftwareAgent=\x22Gi\
mp 2.10 (Windows\
)\x22\x0a      stEvt:w\
hen=\x222025-03-30T\
11:03:59\x22/>\x0a    \
 <rdf:li\x0a      s\
tEvt:action=\x22sav\
ed\x22\x0a      stEvt:\
changed=\x22/\x22\x0a    \
  stEvt:instance\
ID=\x22xmp.iid:a655\
9116-6517-4e03-a\
0a7-73bcfb7edf5c\
\x22\x0a      stEvt:so\
ftwareAgent=\x22Gim\
p 2.10 (Windows)\
\x22\x0a      stEvt:wh\
en=\x222025-03-30T1\
1:05:32\x22/>\x0a    <\
/rdf:Seq>\x0a   </x\
mpMM:History>\x0a  \
</rdf:Descriptio\
n>\x0a </rdf:RDF>\x0a<\
/x:xmpmeta>\x0a    \
                \
                \
                \
                \
                \
                \
\x0a               \
                \
                \
                \
                \
                \
     \x0a          \
                \
                \
                \
                \
                \
          \x0a     \
                \
                \
                \
                \
                \
               \x0a\
                \
                \
                \
                \
                \
                \
    \x0a           \
                \
                \
                \
                \
                \
         \x0a      \
                \
                \
                \
                \
                \
              \x0a \
                \
                \
                \
                \
                \
                \
   \x0a            \
                \
                \
                \
                \
                \
        \x0a       \
                \
                \
                \
                \
                \
             \x0a  \
                \
                \
                \
                \
                \
                \
  \x0a             \
                \
                \
                \
                \
                \
       \x0a        \
                \
                \
                \
                \
                \
            \x0a   \
                \
                \
                \
                \
                \
                \
 \x0a              \
                \
                \
                \
                \
                \
      \x0a         \
                \
                \
                \
                \
                \
           \x0a    \
                \
                \
                \
                \
                \
                \
\x0a               \
                \
                \
                \
                \
                \
     \x0a          \
                \
                \
                \
                \
                \
          \x0a     \
                \
                \
                \
                \
                \
               \x0a\
                \
           \x0a<?xp\
acket end=\x22w\x22?>\xc0\
\x1e-\x19\x00\x00\x00\x06bKGD\x00\xff\x00\xff\x00\
\xff\xa0\xbd\xa7\x93\x00\x00\x00\x09pHYs\x00\x00\x0e\
\xc3\x00\x00\x0e\xc3\x01\xc7o\xa8d\x00\x00\x00\x07tI\
ME\x07\xe9\x03\x1e\x05# \x89\xf5/\xd4\x00\x00 \
\x00IDATx\xda\xec\x9dw|\x94E\xfe\xc7\xdf\
\xf3\xec\xa6\x00\xd9\xec\x86\x90\x0dM:(\x01+\x90\x8d\
\xa7\xb0\x01{\xef,\xb6\xf3\xf4NO==\xebY\x09\
\xe7\x11,\xd8\x7f\xeaYN\xbd\x13k\x16\x0b\xb6\xb3\xa0\
\x02\x8b\x8d\x0d\x82\x80\x10P\x94\xa2\xd26$\xd9\xcd&\
\xa4\xed>\xf3\xfbcfI\x80\x94MY\xe4\xee\x9c\xd7\
+F\x92\xcdSf>\xf3-\x9fo\x19\xc1\xafc\xe7\
\xa8\x5c\x94\x9f\x22\x84\x1c\x04\x0c\x02\xfa\x03}\x80, \
\x13p\x006\xa0\x1b\x90\x02X\x01\x01D\x80\x06`\x07\
P\x05\x84\x80r\xa0\x14\xd8\x0al\x026\x82\x5c'D\
rUZ\xee\xc7\xf2\xd7\x99V\x13\xf7?9\xc2~w\
\x7f`\x0cp0p 0\x0a\x18\x0a$\xb51/Q\
\xa0N\x7f\x97\x80\x05H\xd6\x7f\xd7\xd2\x90\x80\x09\xfc\x0c\
\xac\x04V\x01\xcb\x81\xaf\x0d\x8co{\xb8\xe6\x9b\xbf\x02\
\xef\xbf\x17h\xc3\x0170\x1e\x98\x00\x0c\x00\x8c&\x1f\
\xd9\x01\xac\x05\xd6\x01\x1b4H6\x01\xdb\xb4\xf4*\x97\
BT\x0aI\x9d\x06\xd2.\xf3(\x0di\x15\xa6\xb0\x01\
\x19 \xb3\x80l-1\xfb\x03\x03\x81!\xc0p\xa0\xe7\
n\x80,\x03>\xd3_>!\xf9:-\xcf\x17\xfd\x15\
x\xff\xa9j\xb3xb\xb2\x90\xe6x\xe0\x04\xe0\x14`\
X\x13\xa0U\x02_\x03_\xe9\xefK\x05\xf2\x07)\x8d\
\x06[\xde\x82\x84\xa8\xc2j\xffQB\x12\xb5Hd_\
\xe0P\xfd5F\x7f\xf5i\x02\xc4\x00\xf0\x9e\xfa\x92\x1f\
\xd9\x5c\x0bC\xbf\x02o\x1f\x1fUK\xf2\xad2\x22\x8f\
\x04<\xc0\x99\xda>\x13@\x0d\xb0\x08\x98'a\x1e\x92\
\xa5\xe9y\xbe\xda}C\x12\xe7[A\xee\x0fL\xd2_\
\xe3\xb5M\x09P\x0d\xbc\x0fx\x81\xf7m._\xf5\xaf\
\xc0\xdb\xb7\xd4\xe8 \xe0B\xe0\x22\xad\xd2\x846\xf0?\
\x04\xde\x02>\xb4\xb9|\xc1\xae\xb8W\xc0c\x1f\x03\x9c\
R\x9fj\xf9[\xffY\xe5].\x1d\xc3\x8b&\xa4 \
\xc4\x91\xc0\xe9\xc0\xc9\xda\xd1A\xbf\xcf+\xc0,\x9b\xcb\
\xb7\xf8W\xe0\xfdB\xa3\xa6\xd8mD$\xf9\xc0\xd5\xc0\
I\xda\xb8\xaf\x01>\x00^B\x88\xf7m\xb9\x0bvt\
\xf5}\x03\x1e\xfbS\x80\xdf\xe9\x0d\xfds/l(+\
p8p\x81\x96\xe0\xbd\xb4\x93\xb2\x18x\x04\x8c96\
\xd7\xfc\x9a_\x81\xb77\xd4\xa9\x7fB\xb2D\x9c\x01\xdc\
\x0c\x1c\xa2\xdfa\x0d\xf0\xac\x84\xe7\xd3]\xbe@\xa2\xee\
\x1d\x98\xdc\xd3@D\xffn\x0a\xcbU\xbd\x8b\xca\xa3{\
\xf7\xbd\xf3{H\xe4\xe9\xc0\xa5Z\x1d\x1b\xda\x01z\x18\
\xc1?m\xb9\xbe\x8a_\x81\x97\x88\xdd_\xecNF\xe2\
\x01\xa6\x02#\xf4\xce\xff\x18xH\x0a\xf1qz\xee\x82\
HB\xc0\xa6Tk/\xd98Y\x11\xbd\xe81\x8a\xa4\
\xd8\xe9\x0dU\xed=\xa7)_\x08)\x0f\x02\xae\x05\xce\
\x01z\x00\xdb5\x00\x1f\xffO\x01\xe0>\x0f\xbc\xf0b\
\xb7\x81\xc9i\xc0\x0c \x07E\xd6\xce\x01\xee\xb6 \x96\
wwu\xce\x0b-\x9d\xe2H\x95R\xee\xafUZw\
\x09Of{C;\x9a\x00\xefu\xe0\xb4f\xe6\xadN\
\xd3-';\xbd\xa1o\xe3\xb9\xd76\x8fc P\x95\
\xed\x0d\x96u\x91*\xee\x07\x5c\x0f\xfc\x01H\xd7\xb4\xcf\
]R\xc8\x7f\xa4\xe7.\xdc\xf1+\xf0:>\xb1\xe3\x80\
\x07\x80#\xb5t\x99\x03\xdcas\xf9Vu^\x92e\
Z \xf20p\x22`GE$\x00\x96\x01\xe79\xbd\
\xa1\x8d\x1ax\xef\x01\xbf\xd1\x9f\x89j\xe0\x97\xeb\xb9\xeb\
\x01\x1c\xe0\xf4\x86\xb6\xc4)=?\xd3\xb4\xce6\xe0\x1b\
\x14\x91\x5c\x22\xe0\xb3,o\xa8\xac\x13\xf3\x94\x0d\xfc\x05\
\xf8#\x90\x06\xfc\x00\xdc\x12E\xbe\xe1p-\xdc'\xc9\
ic\x1f\x05\x5c\xaf\xb0\xdf\xfd\x0f\xe0s\x0d:\x1fp\
\xb8\xcd\xe5;\xa7#\xa0\x0bx\xec#\x02\x1e\xfb\xc4]\
\x7f\x1a\xb9R{\xc2CP\xa4\xae\x01t\x07\xc6\x02\xe7\
5\xf9\xe03Z\xba\x81\x0a\x89\xfd\x16\xf8R\x83\xb0\x1c\
De\x9c\xcf`\x07\x06\xa3\x88\xe5\x83\x80\xf3\x81B\xe0\
e\x09_\x06<\x0egG\xe7\xcb\xe6\xf2m\xb3\xb9|\
7\x22\xc8\x01\x9eC\x91\xe3\xb3-\x88\xb9a\xbf;g\
_\x5cc\xeb\xbe\xf40;\xbet\x1bQ\x83s\xb5\x94\
\xcbFE\x11nD\x88\xb7l\xb9\x0b\xda\xb5s\x03S\
\x1c\x19H&\x82\xbc\x088\x02\xd8\x18\xf08\xf2\x9c\xde\
`C\xa9\xc7\x9e,\xe1l-\xb1\xea\x80\x05\x80\x1f8\
LK\xa2\xa6t\xc5\xd7\xda\xaeC\xdbuy\xfa\xb9f\
\x09X\x90\xe5\x0d\xc6\xc9\xad\x89d\x90_\xebkt\x07\
\xea\xb5tJ\x05\xfa\x81\xbcM\xdbm\x04<\xf6#P\
\xc4\xf2\x07No\xe8\xbb\xb8\x01\x98\xeb\xfb\x09\xb88\xec\
w?\x0a\xfc\x1fp\x14\xf0U\xd8\xef\xbe\x0f\xb8\xc7\xe6\
\xf2\xd5\xfc*\xf1\xf6\xf0\xda\xdc\xfd\xa2\x06o\x02/h\
\xb5v7\x82\x83m.\xdf\x9c\xf6\x82NADN\x05\
\xf9\x1cp*\x8a\x90\x1d\x0c\xd2\x0d\x90\xe5\x0d\xd5k\x00\
\x04\xb5Z\xda\x86\x8a\x18\x04P\x91\x8e\x81[=\xbd\xf4\
\xdc\x88\x06-\xdd@%\x0a\x5c\x0f\x5c\x07\xf4\xcd\xf2\x86\
\xc2\xf1>\x8e\xd3\x1b,\xd5^h\x10\xf8\x11(\x00~\
\x07\x845\x10\xf3\x9b|\xfc\x14\xe0A\xa08\xe0\xb1\xbf\
\x11\xf0\xd8O\x09Lqd\xb4C\x02.\x15\x88|}\
\xfd*`\x1aP\x1c\xf6\xbbs\x7f\x95xzT\x17\x1f\
#LY\x7f\x96\x84\xc7Q\x91\x86\xc5\xc0\xa56\x97o\
y'/\xbdL\x7f\x8f\xea\x0d\xb6\x1d\xc1\xd2&\xbf\xff\
L\xab\xf1L%q\xf0\xe8\xcfY\x81{\x0d\x1a\xb6\xa0\
\xc2V\x0dM\xf7\x07*\xe3D\xea\xff\x8f{l\xf18\
\x0c\x90G\xa0\x92\x11\xb6\x02\x9b\x81\x0c\xcd?J\x0dJ\
J'gX%\xe6a\xda\x86\xb4\x03g\x00\xa7 \xe5\
\xd6\x80\xc7\xfe\xbe4\xac\x97g\xbfR\xd6\xe6FLs\
-\x88\x02\xb3\xc2~\xf7\xfb\xc0\xc3\xfa\xfd\x16\x86\xfd\xee\
\xbb%\xdc\x9d\xee\xf2\xd5\xff\xcfJ\xbc*\xbf;\xcd\x94\
\xf5O\xa2BB\xe9jg\x8a#\xe3\x05\xdd6\x8f\xa3\
G\xc0c\xbf8\xe0\xb1_\xd0\xcc\xaf\xe7\x02\xff\xd4\x00\
\x13@o$\x075\xf9\xfd\xbf\x81\x9f\xb4\xb3\x90\x8c\x22\
\x9f\xd7\x00K\xb5\xd1?^\x09<\xd1@c\xe6I9\
\x88\x03\x80\xab\x80\x94\x80\xc7~i`\x8a\xbd{<\xcf\
j\x91r\x00\xd0W\xff\xd3\x0e<\x05\xfc\x0d\x95bU\
\x1bS\xefY\xb3+\x22\xa8d\x05\x89\x0a\x99m\xd3\xff\
\xdf\x1f\x98\x22\xcc\xc8\x91\xed\xb4\xff\x02\xd6H\xca\xf9\x9a\
z\x09\x01w\x08\xf8(\xecw\x0f\xfc\x9f\x04^\xd8\xef\
\xde_*P\x5c\x06|\x0fL\xb0\xb9|\x856\xd7\x82\
6wb`\x8a\xbdG\xc0c\xff\xa3@.\x03\x9e\x06\
\xfe\xb6M\x19\xefMT[h\x1bf\xca\xf5Z\x92\xc4\
\xec\xaa\xf3\x9b\xfc\xfeK\xed\xad\xce\x00\xae\x01\x8e\x07n\
\xd7\xaa\x0f`L\xc5\xb9}\x04R^\xde\xe4gu \
o\x05n\x03\x9e\x00\x0a1\x89\x0bx\x08\x0e\xd3 \x03\
\x95\x09\xd3M;6u@\x09\xf0\xa2\xb6\xef25}\
c\xd1\xd2\xfaeT\xbc\xb6Z\xff\xfd\x9fJ\xa7\xf4o\
\x17\x1b\xd1\xed\x88\xb9\xd2\xe6\xf2\xbd!Tb\xc2\x87\xa8\
\xec\x9c\xc5a\xbf\xfb\xc4\xff)\xe0\x85\xfd\xeeS\xb4g\
x\x10\xf0\x8a@\xe6\xda\x5c\xbe\xe2\xb8x7O/\x03\
\xc9\xd3\xc0}4f\x9c\xa4\x01\xae=\xec\xaaW\x03&\
*\xbe\xf9\xbd^\xc8\x13J=\xbb\xd8JG\xa1\xf2\xf1\
n\xd1Rl\xac~\xa6\xf1\xc0\xc8\x06\xb9\xa3\x1b0\x19\
\x95\xce\x84\xbe\xdf5ZE'\x03\xdd\xb4Dl\xc3\xa3\
M\x1f\x06\x5c\xdc\x04x\x1f\x01\xaf\x01K\x807\x05\x1c\
\xed\xf4\x86~\xd0\xbf\xbb@\x9b\x1c\x95\xda\x01\xe9\xa7A\
*\xf4\xbb\xd6d\x15\xfd,\xf7\xbc\x87#\xb5m\xf5\xeb\
\xdb,\xa5q2p\xab\xb6W\xdf\x0a\xfb\xddS\xc3\x8b\
\xf3-\xff\xd56^\x95\xdfmH\xc57\xcd\xd0\xbc\xdc\
5\xa6a}\xcc>\xee\x93\xb8I\xe0,\xefv3\xe0\
\xb1\x7f\xae\x81f\xd3\xd2l9\x22\xfd#\xa5Iv\x17\
4\xe23\x89\x5c\xac\xc1\xd3K\x22\xcf*\x9d\xe2|6\
\xab( \xb5z?Q/\xac\xb3\x09\xa5R\x07\xfc\x13\
a\xa9CFwh\xa2\xb8\xe9&-\xdd)\x01\x85l\
\x88C\xdc\xd95\xc0c\xf3\xbd?p\xa1\xd3\x1b\xda\x85\
\x1a*\x9d\xecH\x92\xc8K4\xa8\xcb\x80\xf5\xc0\xb1\xfa\
\xd7\xdd\xb5]\xf9R\x13\x8a\xa6\xaf\x96\xd2\x83A\x1e\x10\
\xf0\xd8\xbdR\x88;\xb3\x8b\x82-\xda\x9f\xe9y\xf3#\
\xc0=a\xbf{\xb1\xbeV!\xa6\x1c\x15^\x94\xff\x07\
[\xde\x82\xea\xff:\x89WY<!Y\xc2?\x80{\
4\x01{\xbc\xcd\xe5{\xb4=\xa0k\x04\x931\x0bx\
CK\x05\x03\xf8\x8d\x90\x95\xc7\xed\x5c\xc0s\x1d\xd6\x80\
\xc7~T\xe9\xb9YF\x967\x18\xd2\x12/\xaa%\xce\
mR\xd6M\xd5\x1f}_\xdbVa\xbd\xd8?j/\
\xf7\xdf \xeeu\xbeR\x1e\x95\x16\xcb\x04\x84\x18*L\
1DJ1\x1c)\xf6\x97\x88\xe1H1T\x98\xe2\x00\
gQ(\x9e\x08\xc1\x81\x9a\xba1\xf5F\x19\xdc\x84\x1b\
\xd4\x92\xdc\xee\x90B\xde\xaa\x7f\xa7\xd5:B\x83\xd5\xa1\
\xdf\xf5\x03aX?\x01\x08^\x90%4e\xe2\xd1\xa0\
\x1e\x00\x5c'\xa4\x9c\x1f\xf0\xd8\x0f\x8f\xc3\xf6\xfb\x04\x15\
\xadY\x0aLA\xc8\x8f\xc2\xfe\x09\xd9{\x0b\x0f{%\
rQ\xb5(\xdf&\x85,\xd2\xd2\xa5\x048\xdd\xe6\xf2\
\xad\x8d\x83t\x1d\x07\xe2\x07\xa77X\xde\xc2\xef\x1f\x03\
\xfe\xa4\xff\xf9\xb1\x81\xf58\x93\xc8$-Q\x0f\x00&\
;\xbd\xa1\xb9\x01\x8f\xfd\x15TvG\xb2\xfel\x09\x88\
1No\xb06\xe0\xb1[\xb5\xed\xe7\xd0Rf\xa1\xd3\
\x1b\xfa\xb1+\xdf?\xe0\xb1\xf7\xd6\xcf3\x5c\x7f\xef\x0d\
\x96\xdf:\xbd\x8d\x89\x06\x01\x8f\xdd\x83\xda\x98\xe9\x1a\x9c\
E\xc0\xdb\xda\x86M\x03\xeeuzC77\xf9\xfco\
5\xe5\x92\x89\x8a\xe8\xfcK;+\x07j\x89<&\x9e\
\x88J\xd8\xefN\x07\x9e\xd7v\xe5w\xc0\xc9\xf1\xac\xcd\
>\xafj\xc3\xfe\x09\x99\x12\xf9\x96&q\x17\x02g\xdb\
\x5c\xbe\xd2\xd6\x17\xaa\xa7\x15\xa2\xd7\x01\x7f\x04\xf9s\xc0\
c\xbf\xc1\xe9\x0d-i\xe6\xa3\x0fh\x1b,\x0b8\xc2\
$r\x86\x9e\xf4\x1c\xad\x86o+\x9b\x9c\xf1I\x14s\
\xb3~\xd7:-\xd5\xde\x91\xda\x9btzC\x11`V\
\x22\xe7\xc0\xe9\x0dm\xd5\x14\xca\x82\x16\xde\xd7\x02\xd1\x93\
5\xe8b\xceG\xb6\xa6[\xa2M\xc8\xeb\x18\xe8\x06\xa0\
\xa2\x1e=\x81M\x12qc\xb67\xb8.\xe0q|\x06\
r\x01*\x87\xef `K\x1c\x92\xaf\xb2\xd2\x9f\x7f\x8e\
@>\x0c\x5c\x01\xcc\x0f\xfb\xdd'\xdb\x5c\xbee\xff\xb1\
\xaa\xb6\xd2\xefv\x82\x98\xabA\xf7\x8e\x90\xe2\xc4\xb6@\
\xa7\xa9\xb7G\x81)z\xf2\xf3\x80w\x03\x1e\xfb%\xe1\
)Yb\xb7\x05]\xafw\xab\xa9\xed\xb4[\xb4\xed\x17\
\xb3\xbb\x0e\x8f\x0a\xf3\x0c\xed\x19>\x01\x9c*\x10\xa3\x9d\
\xde\xd0-\xd9J\x05\xef\x1bC\x08\xa9\xbd\xda\x17Q\x99\
&\x12\xf8TK\xf3\x98\xb7~@`\xb2\xbdW\x99'\
\xcb\xd0\x12=M\xbf\xe7m\xd9\xde\xe0\xba\x98\xff\xa0\xc1\
jAe\xf0h\xa0f\xf4h\xed\xf6\xe9\xae\x05\x0du\
\xa9\xa9W\x01\xd35\xe537\xec\x9f\x90P\xb2Y$\
P\xd29A|\x88\xca\x99\xf3\x0a).J\xcb[P\
\x17\xa7j\xfa\xab\x8e\x10\xa4h\x83\xba\xa7\xa6\x13^D\
r\xa3sv\xa8\xba\x897\xb7\x1f\xc8b\xa5\xbe(\xd5\
\x12\xa27*\xcc\xb5\x01\x98\xea\xf4\x86\xbc\xfc\x87\x8c\x80\
\xc7>\x108K\xdb\xc1\xf7ji\x8e\xb6CO\xd5\xea\
\xfafM\xc5\xccBX\x7f\xef,*3\x03S2\xac\
H\xf35\xe0h\xed\xc9\xff\xd5\xe9\x0dm.\xf5\xd8{\
Kx\x15x\xdd\xe9\x0d=\x1c\x87\xea\xbd^3\x06\x15\
\xc0\x89\xf1\xb2\x0d\xfb\x04\xf0\xaa\xfc\xee\x9eRQ\x06\x87\
\x01/I\xc4\xc5\xe9\xae\x05\x0d\xf1O~Fw0}\
\xfa\xef\x1f\xd4j\xf3<\x0dD?*\x192\xa0=\xbd\
>\xdaI\xc8\xd4\xea,\x13\xd8\x88\xca\xd3{1\xbb(\
\x18\xe6?pl9/\xd3b\x89F\x8e\x04\xce\xd5@\
\xfc\x01\xc4\x11 \x17\xee\xdcX\x82\xf1\xce\xa2P@\x03\
\xf6bm\x0f\xae\x05\xeepzC\xdem\x1e{\x86\x80\
\xd75oW\x05\xdc\xdd\x10I\xbe\xb7\xdf\xeb\xa5\xb2\x0d\
\xf0]\x8d\x8av\x94\x03\xc7\xda\x5c\xbe\xaf\xf7y\xe0U\
-r\xa7I\xc1\xfb\x9a\xeb\xf2\x22\xe4\x85\xb6\xdc\x85-\
\x82n\xeb\x94\x9e\x96\xe6\xb2y\x03\x1e\xfb_\x80;Q\
\xa1\xaf\x8bPY\x17c\xb4y\xf0\x13*\xe6\xb9Q\x0a\
c\xb2\x90\xe6\x5cm\xd7\x04\x81G$\xa2(\xdb\x1b\xec\
\xf2\xe4\xccp\xf1D!$H\xa4h\x86\xb6\x91i\xae\
\xf921R\xd0\xd1\x1b\xe4@\xa77\xe4\x0fx\xec\xcf\
\xa2\xe2\xc9K\x84\x853\xb2^\x0eE\x02\x1e\xfb\xfeZ\
5;\x80\x17,F\xca\x1f2_\x09\xc8m\x1e{O\
\x01\xefj\xef5f;>`\x91\xc6\x1d\x99\xb3+\xcc\
6\xc0w\x9d\xb6\xa1\xb7\x00\x93l.\xdf\xb7\xfb,\xf0\
\xaa\x8a\xddIR\xf2\x06\xaaH\xe5]!\xe4\xd9i\xb9\
\x0b\xebZ\x99\xd0a \x9f\x04\xa69\xbd\xa1/v\x03\
\xde0TeXR\x13Gh\x85V5\x99M(\x87\
KA\xfc\x002\xcb\x90|\xd0kv\xa8\xae3\xefP\
\xb9$\xdf\x10\x11\xb9\x9f6\xce\x87\xa3jb\x07j\x9e\
/S\xdbP\xa9\xdaC6\xf43\xd4\xa3H\xc4\xed\xfa\
\xeb\xc7&\xd4\xcc7\xa6d\xad=\xcf\xd7\xd05 \xb4\
_\xd2\x84\x07]\x0f<\xa4\xc9\xef|\xe0\x1b\x01Ge\
yC\xdb\x03\x1e{\xaav\x9a\x5c\xfa\xf9i\x02\xbeg\
\x90\xe2\x06\xe7\xec`\xa4\x0d\xf0\x15hOy\x1d0\xde\
\xe6\xf2m\xd9\xe7\x80W\xb9h\xa2!\x84\xf9\x04*\x04\
\xf6\x99\x10\x1c\x9f\x96\xdbr9^\xa9'}\x90D\xbc\
\x02\xe4j\xd5\xe8qzC\x8bw\x9b\xe4\xb9\xdaf\xd9\
\x01<\xa9\xd9\xfe\xf7\xf5\xce\xae\x06^\x92B\xde\x98]\
T\xd9au\x1a^\x94\x9f\x84\x90.\x1d\xad8\x5c\x7f\
e637R\x83\xabB\x83-V\xd8\x9d\xacM\x00\
{\x13\xc3~\xf7\xbf\xdb\x81\xaa\xe1\xfd\x12\xf8\x5c\x80/\
\xcd\xe5\xeb\xf03o\xf3\xd8'\x09\xf8+*\x04\x96\xa6\
9\xbe\x06\xe0\x12\xa77\xf4N\xe9\xb9\x8e$i\xcag\
\xb5\xc7_\xa6\xed\xc4\x18\xe9\xde\x0d\x15\x97.pzC\
\x0f\xb4\xea\xe2}z\x94\xd8\x91\x1c\xf9?TA\xd5b\
\x04\x93l\xb9\xbe.\xd1$]F\xa7\x08a^\xa7A\
\xb7\x06\xc9\x99i\xad\xd4\x80\x06<\xf6\x01R\x05\xc9]\
4fa4\x97\xf6\xf3:\x8d\xe1\xa9\xa1Z\xd2\xdc\xab\
\xc1\xfa\xba\xc0\xf2\x8a\xb3\x03E7U\xfe\x09i\x12q\
\x9c\xe2\xf6\xe4\xb1\xbb\x01m\x0b\xca>]\xa59\xc7\xf5\
\xc0:\x03\xb1\xc5T\x8b+AHa\xa8\x8fK)A\
\xab^\x03\xd3*\x11\xbd\xa4d\xb0&\x82Ghj\xe7\
`mg\xb95\x12k\xc2~\xf7\x02\xe0\x1d\xe0\xcd\xf6\
J\x92loh^\xa9\xc7\xb1X\x22o\xd7\xd7\xdc\x00\
,@\x1a\x1f\x05<\xf6\xe1\xd2\x94\xd7k\xde2\x16\xa2\
{F\x08q\x8d\x94r\x96\xfe|\xef&NK\x8b\xc3\
2\xfe\x13\x19.v_\x8f\xa4/p\x16\x92YU\xc5\
\x13&\xa7\xe5.\x8c\xee\x13\x12O\x07\x9b\xdf\xd4\x12\xe1\
\xc8\xb6\xec\x81\x80\xc7~\x9a\xb6\xd9\x1c\xb1\xcd\x85J\x13\
\xba\xc8\xe9\x0d\xcdo\xf2\xb9\xfeZ\xbdfh\xd5\xb2L\
Oh\x0f\xa77T\xd2\xaeg\xfc\xd2-08\x12\x15\
3=\xab\x09gV\x0a|\xa2\xbf>3\x85\xb1\xd6\x9e\
;\xbfK+\xc8\xaa\x8a'\x1aR\x9a\xbd\xf5&\x9a\x88\
*\xdc\x8e\xd1\x1d\x0d\x1a\xe8\xcf!x\xd7\x96\xdb\xbed\
\xcd\xc0\x94^\x86\xb3h\xbbY:\xd9a\x95B>\xae\
\xed\xbfZ\xfd~\xd5\xc0\xcb\x081\x1d)\xcf\xd6j\x19\
\x0d\xba{\x9c\xde\xd0m;=ii\xd9\xec\x9c]\xde\
\xd0\xc2\xfa\xa6\xe9\xf9\xc9\x05\x0am.\xdf\xb4_\x1cx\
a\xbf;f\x8b\xa5k\xf7\xfb\xe38m\x95\xdb\x80\xe3\
\xb4\xd4\xfd\x8dVI\x9b\x81\x8b\x9d\xde\xd0G\xfa3'\
jn\xa9\xbf\x06\xe7\xabH\xa6:g\xc7_\xd5\x15.\
\x9e\xd0\x1d)\xceEe\xf7\x8e\xd2\xef\xbc\x19U\xe8=\
\x1bC~n\x1b\xb7\xb0\x81\xbd8\xc2\xfe\x89\x06\x989\
Z\x15\x9e\x01\x8c\x8e\xf9Z\xa8\xbc\xc4\xa7m.\xdf\xd6\
v\xda~\x17k`\xc5x\xbfz\xe0u!\xe4%R\
\x8a\xe3\xb5\xa9\x92\x8d\xca\xd6I\xd5\xf3\xfcn\xc0c\x9f\
\xa0\xbd\xe1\xf7\xb0Znp\xbeTn\xb6\xb0\xce\xfb\xe9\
u\xce\x06\xce\xb1\xb9|s~1\xe0\x85\x8b\xdd\xdd\x91\
,\xd4\xb4\xc7\x8d6\x97\xef\xc1V&f\x90&'m\
@I\xb2L\xfa\xb9\xc1\x88$K)\xcf\x04.\xd7\xaa\
\x08M\x93\xfc\x11\xd8 0VI\xcc9\xfaw\x0f\x82\
\xb8\xd3\xe9\x0d6\xc4\xb9!\xd24\xed\xf2\x17M\xb9D\
P9z\xcf\x1a\xf0n\x8f_8\x11\xb2\x89\x8di \
d\x9e~\xd6\xb3\xf4\xfcTk0\xdcos\xf96\xc5\
s\x9d\xd2s\x1d\xdd\xa4)\x9f\xd0\xb4S\x92\x06\xf1\xa5\
Z\xa2>\xa7\xd5+\xa8\x8c\x98\x99No\xe8\xd5R\x8f\
}\xb0\x84\xf9\xc0~zc\xdf\xe1\xf4\x86\xeejeN\
\xc7k\xe9\x5c\x0d\xb8l.\xdf\xf7{\x1dx\xb5\xfe\xe3\
D\x03\xb5\x8fjv\xfd5\xc3\x90\x9e\x1e\xe3\x9a\xafh\
\x0ax\xecc\xb5\x84\xe9\xa1%\xdcFm\x08\xfb\xf5\xef\
\xc7\x03W\xa2\x92\x15-M\x8c\xe5?\x09\xc9B)\x18\
\xa4\xf3\xe7\xe2\xe1\x10\x93\xa4J\xf9\x9e\xa6%e\xb5&\
T\x1f\x94X\xd6\xa4\xbb\xe6\xed\xb3\xfd\xe9\xc2~w\x16\
*lu\xb9\xde,\xd5\xc0\xa3\x08\xee\x8d\xa7^\xb6t\
\xb2#I\x0a\xf9(\xaa\x88)E;\x16\x11\x1a\x13P\
\xcb\x81\xcb\x9d\xde\xd0\xabz\xde\xc7\x003\xb5\x09\x90\xa2\
\xe7\xfdR\xa774\xbb\x95g\xbcVs\xab\x8b\x01\xb7\
\xcd\xd5\xb1\x1e4\xa2\x13\x93t\x1a*Cd\x030\xce\
\xe6\xf2\xb5\x14\xc8\xcfFu?:\xac\xc9\x8f\xeb\x80\xb7\
\x10)S\x9c*=\x89\x80\xc7\xfe\x1b\xed\xfe\x0f\xd5\xcf\
\xd5\x00\xbc\x8f0\xcev\x16U\xc4+\xe5\xf2\xf5\xa4\x1c\
\xaa=\xb7Y\xc0\xdd6\x97\xefG\xfe\x83F\xd8\x9f\x9f\
\x06\xf2*Tm\x87S;<\xb7K\x8b\xe5\xf9\xf4\xb1\
\xf3Z\xb5?K\xa7dX\xa44\xa7k\x8a%\xbd\xc9\
\xaf\xca\x81\xab\x9d\xde\xd0\xcbz\xbe'\xa0*\xe8j\x9b\
8o\x01\x1d\xb5x\xd7\xe9\x0d5+\xcd\xaa\x17\xe5\x1b\
\xa6\x90o\xa0\x92\x0a\xee\xb5\xb9|7\xef5\xe0\xe9:\
\xcee\xa8P\xd6$\x9b\xcb\xf7y\xf3\x94IO\xab$\
:\x07\x95\xddk\xd5\x1ebw\xcdq\x9d\xe8T|\xd3\
\x01 6:\xbd\xc1\x9a\x80\xc7\xfe\x06\xaaY\x0d\xc0{\
B\x88\xf3\xb2\x8a\x82\x95q<OO\xe0.Ta\xb3\
\xa1\xa5\xebM{#\xcb\x22\x91\xa3\xca\xef\xce\x90\xaa(\
\xe8\x0am\x97\xcd\x07\xaeh\xcby\xab\xf0\xf4\x12\x0d4\
\x5c\x8b\xca\x94N\xd2\x9b\xf8Z\xa77\xf4\x92\x06\xddE\
z\xbe\xfah\x87p\x03\xaa\x9a\xee}T\xa2k2\x82\
\x93\x9cE\xa1\xd2V$\xf3\xd7zS\x1ccs\xf9|\
\x09\x07^\xd5b\xb7\x90&^\xad\x16[\xf5pJ'\
\xdb{H\xc1\xcf4\xe6\x93\x9d\xaa'\xa1\xdc\xe9\x0d\xad\
\x09x\xecCP\xcc\xfaF\xe0\x12\xbd\xeb^\x02\xbe\x96\
pav\x1cU\x5ca\xbf\xfb(TJ\xd0~\x9a\xb0\
\xbd\xd2\x90\xe2\xa3\x1e\x09\xeas\xf7\x8bH\xc0\xe2\xfc\x91\
H\xf9\x98\xf6\x86\xab\x81[\x04\xc6\x13i\xae\xf9mH\
?GO\x90\x16 \x9aU\x14*/\x9d\x92\x91,\xa5\
9MK\xc3\x98\x13R\x01\xdc,\x85xNH\xf9\x9c\
^W+\xf0\xbe\x90\xe2\x9c\xac\xd9\xc1\x1d-\xcc\xfb\x09\
\x9a\x0eZ\x0f\x1cfk'/\xd9\xee\xec\x14ir&\
\xaa&u\x99\x90\xdc\x05Pz^o\x1187c\x8f\
\xf4iiXjQ\xc5*1\x90\x9f\x07\xc62\xa77\
\xb4&0\xc5\x9e\x86*\xc6\x89\xf5\x86\x9b\xe9\xf4\x86>\
\x03N\x14\x88\x0b\xda\x02]e\xb1;9\xecw\xdf\x83\
\xea\x0e\xd5\x07\x15[<\xc4\xe6\xf2\xcd\xfdo\x02\x1d\x80\
-w\xc1j\x898V;]\x11\xe0Q\x89\xf9\xa6\x96\
<-\x8e\xac\xa2`yVQ\xa84\xab(T\xae8\
G\xf3B\xbd\xf9c\xa0\xdb\x0c\x5c*\xc1+\x14\xc7w\
&\x8d\xadxO\x90B>\x10\xd8-#h\xe73\xb9\
|\xef\xeb\xf5\x1b\xa6\x99\x07\x12\x06\xbc\xb0\xdf\xed\xd0\x0b\
\xdc\x00\x5c\x9a\xa6\x9b\x1b\xcah\xcdI\x98\xe6\xb9{\x5c\
\x5c\xf4\x88\xf5\xfd\xad\xd7\xde\xda\x05`\xce\x09x\xec}\
\x10\x96Z\xcd\xe6\xc7\xaa\xbc\xf6\xdf:%[8\xbd\xa1\
UYm\xc4Y\xc3~wo!y\x1f\x95\xa5\xb1U\
\xd38\xd7\xd9\x5c\xbe*\xfeKG\xbakA\xd4\xe6\xf2\
\xfd\x03\x18\x87\x8a\x80\x9c\x0c\xf8\xc3~\xf7\xd8v\x5c&\
\xa7\xc9\x9a\xaf\xd5T\xce\x02\xa1l\xf53\xb4:o\xd0\
\xea7\x08,p\x16\xb5\x9cP \xd5\xfc\xff\x0c\x5c\xa9\
\xdb\x8d$L\xe2\xdd\xa1=\xc5\xc7m.\xdfWM4\
v)pc\xe0\x5cG\x8a\xb6!\xf6/\x9d\xdc\xd3\xd2\
\xeb\x95\x9f$\xcaFY\xa7UD\xacp\xf9C\xcc\xe8\
A4\x16\xb4\x00X,If<\xe0?H\xf3I\x93\
4\xa99\xd6\xe6\xf2}\xc4\xff\xc8\xb0\xb9|k\x11L\
D\xa5\xbd\x0f\x04\x16\x84\xfdnO\x9c\x7fn\xa51\xce\
\xbdV;-\xaf\xa1\xf2%S\xb5C\xf6\x89&\xd9/\
i+\x9d,\xdd\xe5\xab\xd0\xfch\x12\xf0X\x95\x7fB\
\xdc\x910\xd1\x0eiw\x10P\xac\x99\xfe\xd16\x97/\
\xb4\x9b\xf7\xfa{\xcd\x11\x95\xa3\xead\xd7\x22\xb8\xceY\
\x14*+\x9dl\xef/\x05\xbf\xd5/4\x0c\x15\x85\x08\
hz\xc5\x86\x8ae\xde\xe1\xf4\x86\xeek\xe3\x19\x8e\xd5\
\xd7\xb6\x03\x0fI)oM\xcf[X\xcf\xff\xe0\xa8^\
\x94/L!\xcfG\x85\x1e\x93\x81\xdb\x0c\xd3r\x7f\x8f\
\xc3[\xa6\x8b\x02\x1e\xfb1\xa8\xa4\xd8^Z\xb2m\xd6\
\x82\xc4\x82\xca\xf7{\x11!np\x16\x05k\x00\x02S\
2R\x9dE\x15\xad\xd2%\x95\x8b&\x18B\x88wQ\
\x11\x93\xdf\xdb\x5c\xbe\x7fv\x19\xf0v,\x9e(\xa2\xa6\
\xf9>*\xd2p\x81\xcd\xe5{\xa9\xb9\xcfm\x9f\xe2\xb0\
\x9aR\xbe\x86\x0a\xadd)\xcfW\xe4;\xbd\xc1\xea\xc0\
\x14G\x0f\xa4\xbc\x0e\xb8\x81\xc6P\x19\x9a\xb8\xfc\x87)\
\xacW\xf5.j\xb9B>\xecw\x9f\x85joa\x01\
\xae\x97\xd6\xe4\xc7\xd3\xc7|\xf4?\x7ffD\xd8\xef>\
R\xd3Z\xbd\x80\x99&\xf2v{+\x1d\xa2\x02\x1e\xfb\
\xef\xb4\xb9\xd4\xb4\x0e9\x08\x14JK\xd2\xc3\xd9/o\
7\xb7M\xceH\x11\xc2\xbcI\xf3\x81\xdb\xb4\xd36\xab\
i8s\xb7g\xd8_{\xb9A!\x18\x99\x96\xebk\
3\xbb;.U\x1b5\xcdcQev~\x04-\x8a\
_S\xca\xdf\xa1\x0azR\xb5\xe4\x9b\xe7\xd4Mm\x9c\
E\xc1jaX\xeeBeUl\xd2/\xf3\x130W\
\xc0\x8dm\x80\xee<\xbdS\x05p\xae\xcd\xe5\xfb\xfb\xaf\
\xa0\xdb\xa9z?C\x05\xfe\x7f\x06n6\x10\x0f\x86\x8b\
\xdd-\xae\xab\xc5H\x9b\x85\xaa\xf4\xdb\xa6M\x9d\x8d\xc0\
\x95No\xe8\xc1\xec\x97\xb7\x9b\x01\x8fc\x84\x10\xe6\x03\
\xc0M\xa8\xb4\xb0#Qe\x08O\x96\xaa\xa2\xa5\xe6\x9e\
\xe1[T\xa1R\x1f)\xb9\xa1K$^\xd5\x97n\x8b\
4\xf0kRv\xa2\xcd\xe5[\xd8\xfcNr\x0c\x03\xf9\
\x19*\x96\xb7\x1e\x98\xad\xed\xb7\xa5X\xba\xbf\x85\xd9`\
A6\x8cuzC\x8b4Y\x9c\xad\x99\xf5\x95No\
\xa8\xbc\x15\xd0\x9d\xa9A\x17A\x15\x0a}\xb0\xaf-~\
\xe6\xe8\x19VS\xca$\xc0\x82T\xddB\x85\x10Q!\
\xcd\xfa\xb2\x92i\x91\xbd$\xf9\x86\xa0\xc2YC\x80\x99\
\x16\x83[\xbb\x8f\xf35\xbb9\xb7\x9c\x9feX\x22\xf5\
\xd9@w\x89\xd8\x9e\xed\x0d\x86t\x81\xd5e\xa8\xf0d\
\xbe^\x9f\xa8V\xc1\x0e\xad\x9a_EX.t\x16\xed\
\x19\xcf\x0d\xfb\xdd\xbdP-@\x92\x80\x03\xda\xca\xb8\x11\
q\xbc\xd0\x99\xda\x00\xfd\xc00\x8c\x93z\x8c\xdb3\xcb\
\xb6\xd4\xd33I\x12}SK\xbb(*\xd0\x1dk\x93\
\x8f&%\xedz\x17=-0\xee\xc9\xf2V\xd4\xc4q\
\xef\xa3Q%~\x028S\xbb\xf0\xbf\xd8\xc8\xc8)L\
\x91\x8ak\x8c\x9d\x084\x1cU\xe9\x9f\xa5\xed\xd5\x14\x1a\
[O\xd4k\x87\xaa\x5c\x13\xe6\xdfi\xd2}\x91E\xb0\
\xb1lUAC\x02\xc07\x18U\xc9\xb6\x1fp\xbb\xcd\
\xe5\xbb;\x9e\xbf\x0bLv\x0cB\xc8G\xb4\xc3\x16+\
\x0c\x0ak\xf5\xf9\x1c*\x139\x03\x95>\x7f\x85\xd3\x1b\
z\xb1\x85\xfb\xdf\x8eJR}\xd0\xe6\xf2\xdd\xd0a\xe0\
U\xf9'Z$\xe6W\xa8l\xdc\xbc\x96\xda\xdc\x07<\
\xf6k\xf4\xc3\xc5\xb8\xbcZ\xed\x92gkQ~\x91\x96\
Z}\xb5\xe4*\xc2\xe8\xf6[\xe7+[e+\x938\
\x1aU\x0e\x99\x06L\xb1\xb9|o\xecm\xa0e\x1fx\
\x97\xa8\x8bF\xfbi\xee\xebDT\x8b\x8b\xec\xa6\x937\
\xd0Z\xc7\x86HJ{/\xfd\xa3~\xb79\xc0\x87\xc1\
\x92\x82\xea.\x04\xdf\xfe\xa8F\x96\xbd\x80\x8bZ\xb2\xc7\
w[\xbf{Q\x04~\xa6bI\xd8\x06<\x22\xa5x\
\xd0\x10\xd2&\x15Q\xec\xd2^\xef\x9f\x9c\xde\xd0s-\
\xdc;]o\xb04`\xff\xd6\x12\x1cZ\xb5\xf1$\xe6\
\xf1zg\x7f \x92\xf8\xaa\xb5g\xd7_\xb1\x8a\xfdT\
\xbd@u\xc0\xf3H\xd6\x00\xb10O\x03\xf0\x5c\x1b\xa0\
\xcb\xd2\x92\xce\x01\xdc\xb0\xb7A\x971\xaa\xd0\xee\xc8)\
\xbc\xb4.\x1a\xf5\xa1\xc2I\x7fG\x1di\xb0\x13t\x0e\
are\xc6\xcf\x98\xb2CmG\x06(N\x93\xd7\x81\
\x8d\x8e\x9c\xc2\xa7\x1c#\x0b\x0f\xec{\xe0\x8cN\xa7\xa9\
i{\xebL\xbd\xf9\x9f\x0e\xfb\xdd\xadv\x15\x08Lq\
\x0aM\xcbd\xea\xf5\xfa\x02\x15\xce\xbc;{v\xb0N\
*m5Z\xef3Ss\x88-\xdd\xbb\x12xDK\
\xcd?u\xc6\xb9\x88\x05\x80\xefN;\xcc\xd7\x22P\x9c\
\xde\xd0+\xc01\xa8\xfc\xfc\x17\xb4\x8dgj\xd5s\x1d\
\x82\xa75\x87\x07\xf0\xacaI\x9f\xd7\xa2\x94]\x94\x9f\
\xa4\xaf1\x18x\x84\xa8\xf5\xb1\xbd\x058\xc7\xa8\xc2\x01\
\x8e\x9c\xc2\x07\xa4d\x9d6\x96\xc7\xb3g*;c\x92\
\xea\x99\xd9o\x05_Ve\xf1c\xb4\xd3I\xdc\x99\xc0\
e\x08\x96\xed\x88\xca\xb7\x1d9\x85c\xfb\x1er\xa7\xe8\
$\xf8\xbe\xd0\x12,\x19\xf0\x86\xfd\xee\xde-~\xd8\x8c\
\x18\xa8\xe8QL\x88\x7f\x81\xe4\xbb\x80\xc7\x9e\xa7\xa4\x8f\
\xb8_\x0b\x94*\xe0\x030\xd6\xb5q\xfb'\xb4yq\
y\xd8\xef\xceh\xb7\xaa\xd5\xdd#\xbf\x04\x16\x19\xc2\x18\
\xdf#7\xbe\x13\x06+<\x99F\x03\x91\xf3Py\xfa\
\xa34\xfa\xa3z\x01\xbf\x01\xf2\xdbp&\xfe\x86Ji\
Z\x80\xe0x[\xae\xaf.\xe1\x80\xcb)\xcc\xd2D\xf7\
\xef\x9bl\x90f\x87'-\xc4E\xbd\x17s\xdfOG\
0\xbf\xae[\x22\x1e'\x8aJ\xe3\xba9XR\xb0\xb9\
\x93jw\xa6\xb6\xab?\x96B\x9c\xd0\xd2\x91\x0c:#\
\xfc\x05\xcd\xa9n\xd3_\xe9\xc0\xb1Nohm\xc0c\
?\x1a\xe8o\x15\xd6\xe7{\x16\xb5\xdd\x142\xecw\xdf\
\xafi\xb3kl.\xdf#\xed\x05\xdes\xda6\xf3\xd8\
\x5c\xbe\x16\xf3\xb3J\xcf\xcd\xb0JS&\x1b\xd6\xb4\x9a\
^/\xfd\xdc\xa4\xcd\x82\xa3?\xaa&\xe04T,\xb5\
\x0a8\xb5%.H\xdfs\xbcf\xce\xb7\x0b\x18\x93\xd6\
\x85UM\xcd\x8d^9\x85\xd6\x88\xca}\xbb\xa3\x09\xa3\
\xdf\xe2\x0e\xbd9s3\xa7f}\xc9=?\x1e\xc7\xdb\
;\xd2\x12\xbd\x1fJ\x81+\x82%\x05\xafw\xf4\x02\x95\
\x8b\xf2\x93\x84\x90s\xb5\x97z\x93\xcd\xe5\xbb\xaf\x15;\
\xef)\xbd\xf1,;--x\xc7b\x1agf\xbeZ\
\xd1\xb4\xc7\xcb\x01\x9aZ\x0b8\xbd\xa1\xa2\x16\xd6q\xa0\
6\xad~\x12\x8612m\xdc\xfcH\x5c\xaaV\xa7=\
\x9d\x03\xfc\x84\xe4\xadfge\x8a#%\xe0\xb1\xdf\x22\
M\xf3s\x90\xeb\xcdHxN\xc0c\xff\xddv\x8f\x0a\
\x9b9\xbd\xc1\x9fQyx)\xfa%\x1en\x0dtU\
\xca0}N?\xd3e\x89\x06\x9dcT\xe1\x90\x88\xa2\
\x1f\x1em\x0bt\xc9H\xfe\xaf\xef\xb7L\xce\x9e\xcb\xff\
\xfd|\xcc\xde\x00\x1d\xdaS~\xd5\x91S\xf8\xb7\xcc\x83\
gvH\xf5\xa6\xe7-h@%\xc5\x96\x01\xd3\xc3~\
\xf7!-o,1\x15U\xe0\x14\xd6\xfc^\x19\xe0\x8f\
\x1a\xc2P\xb6\xa0=9\xe0\xb1?\xad\xb5\xe0\xad\xc0\xe5\
\xa5\x9e\x0cK\x0b\xaa~\xa3^\xfb\xa1\xd24\x8fn\x8f\
\x8d7E\xab\x9cY\xb6\xbc\xe6U\x9d\x94\xf2\x22m\x03\
\xe6\xa2\xf2\xb2N\x05\x1e4\x91\xb74\xb1\xfd\xde\xd1\xbb\
\xe8m\x81\x98\xd9\xba#\xc3t\xcdA=cs\xf9\xde\
M\xb0j=\x1d\xc9bvmx\xdd\xec\xe8)Lf\
\x0d\x5c\xc2\xc4\x8c\xf9<\xfa\xf3\xa9x\xab\xd2\xf7\xa6\x9f\
#\x80i\xd1\x86\xfa\xfb\xfb\x1c\xd81\xbbO\x83\xe0\xcf\
\xda\xe1{2\xec\x9f\xd0\xec\x81\xceY\xde`\xa9!\x8c\
\xc3P\xb9\x93\x7f\xd6\x0e\xc6]N\xaf*\x00r\x16\x85\
\xeaQ\x9d\xa8b\x0d\x22\xc7H\xcc\xb1m\xd8zB\xaf\
\x7f\xdb\xc0\xdb\xbe\xf2\x18\xa1\x0d\xd3\x08\x92f\xe3ne\
\xe7\xf5\xd6)N;\xf3\xec\xca\xb4G\x94\x01\x5c\xae\xeb\
+b\xe0{\xd3\xac7\xceh-\xe3$\xecw\xe7i\
/\xe8G\x047'j\x15{\x8f\x99.\x1c9\x85\xb7\
h^\xb2g[\x9f\x1fd\x89\xf0\xfc\xe0\xcf9\xd8\xf6\
%\xff\xd8t&\xff\xaa\xec\xc9/4\xae\xaf\x89\x9a7\
u\x02\xbfE\xa8\xbcG\x17\x88+Z4=\x8a*\xa2\
No\xe8\x0b\xa774k\xf7\x1ag=\x1e\xd6\xb6`\
7\xfduI\xcb\x92D\xcc\xd7N\xc9\xc9\xe1\xe2\xfc\xde\
m\x02/\xa5\xba\xfeP\xed>\xfb\x8cd\xcb\x86f\xad\
\xdfh\xcd\x10M\xb3H\xe0C$cQ\xf1\xc2*M\
\x14\x9f\xb4\xcb\x82\xcf\xa9h\x8d:\xb1\xa0\xd2\xd5\xad\xc0\
\x9fmq\xc4\xf9:\xe4:\x1e\xf87\xa3\xb6F\xdc\x8f\
\xca\xbcm\x93\x03\x19im\xe0\x99!\xf3\x18\xdec1\
\xdem\xa7\xf3h\xd0\xd9\xa9\xfb\x8f\x1cf\xe7\xa4\xe3\x86\
0l`\x87\xd5\xf4\x0cGN\xe1\xb1\x1d\x93z\x0bL\
T\xf2g%pG\xab^n\x8b\xb4\x8b}\x98\xe6s\
\xcf\xd0\xde\xb2\x058)0\xd9\xdel3G[\xde\x02\
\xc5\xd7B*\xaa\xa0\xabMU{\x8e\xfe\xf9+=\x0e\
k1\xd3\xe1D\xed\xad\xd6\x00V\x04\x13\xb4(\xaf\xd6\
\x8c\xfd\xa7\xedx\xa7)\xa8Vds\x0d\x8cw\x12%\
2\xa2Q\xe3\x1eT\x07\xaa6U\xd6hk\x03\x8f\x0d\
\x9e\xc7\x80\xd4\x15\xcc-;\x91\xbf\x95\xee\xd7\xa1{\xf6\
\xcb\xee\xc1\x90\xfd\x94j\x9e0i\x14'\x9f\x93\xcf\xd1\
\xc7\x1f\xd8\xd1W\xb0\x02O;r\x0a{v\x0c|\xbe\
\x8dz\x83g\xa0\xe2\xe5-\x8e\xdas\xb3E\xc0c?\
:\xe0\xb1\xbf\x16\xf0\xd8o\x0ax\xeco\x22Y\xa2=\
\xd5~4\x16\x8a\xf7B\xecr\x0a\xd2\xeev\xc2\x8bZ\
8\x9d\xd7\xaaW[\xe1w\x0b\xab\xca\xd3\xea\x03\xec\xd7\
J\x01\xcf\xc7\xa8\xc6\xd5u\xa8\xcf\xdb\xb4\xeaJB\x85\
\xca\xdeD\x85\x96^qzCkZ\x96v\xf9\xa9 \
\xbf\xd1\x84\xeaX\x9b\xcb\xf7M\x82l\xbakP5\xa7\
m\x82n\xa8%\xc2SC>a@\xea7\xac\xac:\
\x82\xc9\xeb\xf3\x88\xb4\xb7B@\xc0\xd5W\xb8\x19u\xf0\
p\x84\x80\x0d?lB\x1aQ\x06\x0e\xedO\xf9\xf6\x10\
\xb7\xde\xfc:F\x93K\x8e\x1a\xe1\xa0\xff\x80\x0c\xe6~\
\xb2\x1e\xd9v\xea\xc3c\xc1\x92\x82\xab;2\x0fU\x8b\
\xdc\xdd\xa5`\x15*\x82tPK\xb5\x1b\xba\xea\xef\x11\
\xad\xd5\xea\xb4P\x89\x8dj\xed\xb1\xf6\xd7\xb6\xfd\xd7 \
\x0ewz\x83{\xf8\x02\xe1\xe2|\x03)U\x9c_\xca\
a\xb6\xbc\x85\x1b\x9a\x95xVU\x096\x04\xf0\xb5\x02\
\xba\xfe\xc0HT\xe8\xeb;-\xe1\x06h\xf0\xa5\xa2\xf2\
\xb2\x1e\xd2\x8e\xc7\xab\xe5S\xec\xad\xa85y!*?\
ov\x02Aw\x14p\x7f<\xa0\xebe\x98<2\xe8\
\x0b\x06\xa4~Cy\xc3`\xa6\xfd4\xb6\xfd\xa0\x03\x8e\
\xcb\x1f\xcc\x81\x87\x8e\xc05\xdc\xce\xf8\x91\x0e\x86\x8f\xd8\
\x8f\xfe\x03U\x85\xa1=\xc3\xc6\x01C\x1a\x1d\x94\x94$\
\x83\xb3\xcf\x9f\xc0\xe9S&r\xd1o\xe3J&\xfe\xa3\
#\xa7pdG\xe6\x22-\xcf\xb7\x03\xb8[\xab\xca\xdb\
Z\x5c\x15\x8b\xe5\x0b\xad\xb5\xc2zM\xa5\xb6\xe3_@\
\x15c=\x87j\xefQ\x0d\x8c\x00yT\xb3RV\x9d\
\xc8\xf4\x16`A\x88\x93[S\xb5'\xe8\x05z\xbb\xe5\
\xcd\x9c\xbaI{>\x7fEe\xa0\xbc\x8c\xca\x08\x0e\xa3\
\xa2\x15\xa9Z\xfa%\x03\xef\xf7,\x0a5[\x90RY\
\x9c\x9f\x8c\xea\xe0YG\x07r\xf6\xe3\xa4Lz\xe9I\
\xb2\xc6!\xa4x\xa0\xdf\x0a\x86w/\xc6\x94I<\xbd\
9\x9f\x95\x91\xa4\xb8\xee#a\x17I\xd5\xa7o\x06)\
I\x06\x03\xb2R\xe9\xd33\x95\xf4\xee\x16\x92,\xea\x11\
,\x16\x83\x93\xce\x18\xcb\xe8\x032\x90\xc0\xe4\xc9\x07\xd3\
\xbb_/\x00\xca\xb7\xc7u\x1e_\x92\xa63:4\xa4\
\x10\xb3\xb4\xd1\x7fn\xd8\xef\x1e\xde\xdcg\xb2_.\x8f\
\xa2B\x85Q\xfd5\x07\x18\xeb\xf4\x86~\xeb\xf4\x86>\
F\xa5\xb3ei\xfa\xe5\x1d\x1a\xbb\xe077b\xe1\xce\
\x93v\xb7\x1b\x9a\x8e\x93\x80\xa8\x0e\x0a7O.y\xb7\
IT\x04\xe2\x9bF\xc33\xe3a\xa4\xf9\x1bm\xafM\
F\x05\xa8\xabQ\x95\xfb\xcd/\xb4\x94\xa7k\xe9Z\x94\
\xb02D\xc9L\xad\x12\xda\x1cS{\xfdL\x9e\xe3\x13\
\x00\x16WN\xe0\x99\xca\xcc\xb8d\xdd\xb1\x13\x07s\xe4\
\xc4CHNNf\xed\xea\xf5\xcczq1kVo\
&oB\x84%?T\x92d\x11TTG\x90\xa2\x11\
\x99#r\x061\xec\x80\x81l\xdd\x5cJV\xb62\xd9\
LS\xf2\xdd\x9aBx\x1e\x00\x00\x00 \x00IDA\
Tm\xf1\xbe\xd99\x1993n\xad(\x99\xba\xa9\xbd\
S\x92\x9e\xbb\xa0.\xecw?\x0c<\xa6\x1d\x8ekZ\
\xd8\x88\xcfKU\xd7\xfb\x11\xf0\x94\xd3\x1bj\xe2h\x8a\
\xb9 \xf7\x03>\xc0\xe8\xfe\xbd\xf3\x95-\xb2\x95\x1d\xfd\
-\x92\xef\x00w\xd8\xef\xb6\xc72\xd7\x8d&\x04n\x16\
*\xddg\x85\x81\xd1\x22y[vv\xa6\x11\xd0$\xf1\
N\xcaD\xb9\xe1\x9f\x82\xe5\xcf\xa8\xca\xf4\x97\x81o\x10\
ba+sp\x8d\x16\x16\x0f$H\xc5\xe6i\xf2\xb4\
m\xf0\xa4\xee\xe0\x9c\xec\x0f\x10HvD3yxK\
N\x5c\xa0\x1b5<\x83\xd3\xcf\x99\xc8a9}9|\
t6y\xe3\x0ff\xf2\x99\x07\xb1h\xe9V>|\xe7\
\x0b\x96\xae\xde\x8a\x7f\xe5\x16V\xad\xf8\x1e\xc9\xaekc\
\x18\x82\xbe\xfd\x9d$%\xa9\xbd_]UC\xc9\xf7q\
;\xf4\xa9\x12\xf9\xfbN\x90\x83\xcf\xa1\xc2b\x17\xeb\x9a\
\xe4f\x04Lh\xbb\x84\x831\xbaOqzC\xbb\xc4\
\xd6\x9d\xde\xe0\x0e\xa77\xf4\xa8iX\xd7c\xd6\x1c\x14\
\x98\xecHn\xd1\xa9\xc9\xf5E\x81y\x9a~\x19\xbf\x87\
\xc4\x93*\x010\x09X\x90\xe6\x9a\xdfR+\x8a\x9c(\
\x91\x99\xc0a\x01\x8f\xfd^\x04\xcf#\xb9D\x8b\xda\xd5\
B\x9a?d\xcd\x0e\xdd\x1f\x98\xec\xe8\x81\x90\xfb;\x8b\
\x82\xf5-P(\x87hO\xf6sC\xb0$A\x8e\xec\
4\xe2\xc8\xb0NBrm\xbfbR\x8d \x00\xf3\xcb\
\xc7\xb3\xa4!\xbe4\xa7\x91\xa3\xfa\x92\x94d\xc15\xc2\
\x81\xd5\x22\x08\xd7F\x190\xa4\x0f\xb0\x9c9\xef\xae\xe6\
\xcd\x7f\xafFJ\xc8\x1f?\x80>\x03\x9d\xacZ\xf6=\
RJ2z\xa6\x91\xdd/\x8b\x9e\x99\x8d\xd9\xe7\xdd\xba\
\xa7p\xf2\xf1Cy\xefCu\xc0\xcf\xfeC\xedL<\
z\x14o\xcc^B\xa0\xa2Y\x0e\xff\x9c\xccQ3f\
\x94\xad\x9a\xda\xee\x93-\xd3\x5c\xbe\xea\xb0\xdf\xfd<\xaa\
\xaf\x8cG\x93\xbd{\xaa\x5co\xa8\xbc\xb9Ck\x02\x1e\
\xfb\x08\xe0J\xcc\xc8\x09@\x18\x01\x01\x8f\xfd\xa6\xdd\x01\
\xdad|\x84\x0aM\xe6k>q\x17U\x1b;\x9cm\
A+N\xc5\x87\xda#R]0%\xc5\xda\x9e[\x03\
\xa4I!{\x07<\xf6+\x9d\xde\xe0\xeb\xb0\xcbI\x89\
\xbb\x8f\x8b4(\xfe\xd5#\xd7'\x13 \xed\x0eE\xd5\
\x87\xb49\xae\xca\x080\xac\xbb\xca\xf8\x0aG\xb3\xf9{\
\xe9\xa0\xb8\xefS\xba-\x84\x04~,\xad\xc1\xd6\xcdJ\
yU\x84PEc9\xb0\x94P\x17\x95\x9cz\xf6\x91\
\x94\x06*x\xfe\x85\xc6=f\xb5\x08&\xb9\x07q\xd4\
I\xe3H\xb7\xa7a\xb5Z8\xf1\xcc\xf1\xa4\xd9\xba\x91\
\x95\xed\xe0\x80\xd1C\xb1&)\xbf\xec\xc9\xa7\xbeh\x96\
\xf5\x89J9B\xcf}G\xc63\x9a^\xfa}K\xc0\
\xdb\xf9\x9e\xe7f$I\xd3\x9c\x08\x1c&\x85\xe5>d\
\xf4>m\xe7K\x1a[\xa2\xbd\x18\xf0\xd8\xf3\x9b?_\
W\xf8@F\xd0\xfd\x01ww.\x8e\x04\x22\xa2e\x0e\
\xee\x00\xcd\xddIT\xf5\xb9\x05\x15\xe3\x8c\xd0x\xd6\x96\
\x13\xb87\xe0\xb1\xf7k\x85BI\xd2\xb6`P\x0af\
'H\xda]\x1c\x97\xb4\x13\x92\xd3\xb2\x1a\xd3\x0c?\xad\
\xc8\xe3\xfbv\xa49-\x5c\xf43\xcb\xbeZM\xf1\xda\
\x10\x0bVUP]\x17\xa1\xbc\xa2r\x0f\xcf\xc3\xb0\xec\
\xf9(\x91\xa8d\xee\xbc\xf5<t\xf7\xdbl\xdd\x5c\xba\
\xd3\xf1\x98x|.\xa3\x0f\x1d\x815\xc9\x82i\x9a\xfc\
\xb8\xa1U\xbb\xef\xa4\x0e\xab[a\xac\xd5\x9e\xeb\xa1a\
\xbf\xbbUrQ\x9a\xa6G\x93\xc1\xd7\x0b\x19\xcd\xa7Q\
;n\xd3\xac\x86\xa9Y\x8d\x09-\xe8\xf6r\xed\x13\x1c\
\x1c\xf6\xe7;v\x02/\xecw\xdb4+]\x02FK\
\x86\xc6@M\x1c\xd6h\x8f6F\x9f\x84Qe\x8fa\
T\x92\xa7\x03\xd5\xef\xae\xa5\xd7\xc8G%T\xbe\x97\x9e\
\xdb\xf5\x05\xd8\x199wZQ\x9d\x0e\xda\x1c\x17\xda*\
\xe8\x93\xb2Z\x91\xa6\xa6\x83\x7fmo\xdfI\x9aR\xc2\
\xe3O}\xc6\xcc\xe9E<t\xcf\xab\x14\x7f\xb9\x82\xf1\
G\x8f\xc1s\xce\x81\xe4\x8d\xc9&oL6\x13r\xb3\
\x11F\xcb\x16\xe3\xd6\xed\xb5<\xf9\xf0\xdc]$el\
,Z\xb8|\xa7\xeama\x8c\xef\xe8<\xa5\xe5\xce\x97\
\xa8\xd0\xa1\xa1\xa3\x11\xcdG,\xd4\xe1|\xd7\xeauM\
\xd1\xdc\xdev\x0d\xb6rT\xa83v\xd8\xf3\xf1-\xd0\
*\x12\xd5]*\x09\xe4\xd8\xa6\xaa\xf6\x10M\x7f,i\
\xc9\xbe\xd37L\xd2\x08?\x1a\xd5e=\x05h\x10\xdd\
,W\xc8\x9a\xe8T}\x9dr-\x11[\x1a\xa7i\xe9\
\xf8Zb\x1cYs\x9c&\xc0\xdb\x1c\x93\x1c?\xeet\
\x22\x96\x87\xc7\xb2\xac!\xb9C]\x8c6lV\x99\xeb\
\xdf\xae\xfb\x0a[zw\xf2\x8f\x1b\x87\x10\xa2\x09@[\
\xb7&\xb6\x95\xd71\xf7\xddb\xce\xbe\xe0(b\x7f\xb6\
~\xed\xcf\xbc\xf8R\x9b]\xfe\x0f\xe99\xaa\xd0Z\xbe\
\xaa \xd21\xa9\xc7\xebR\xf2\x10*cyz\x0b\xf4\
C6\x12\x87^\xb3M\x9a\x8a\xf1\xa1\x12u\xed\xa8j\
\xc1j\x0d\xcc\xbc\x80\xc7\x9e\xe9\xf4\x86\xca\x9a\xb9\xd2b\
T\xab\xe2\xc3\x80\x8fc\xc0\x8b\x1d \xdc\xda1B\x01\
-\xd1z\xa0\x12<\x07\xea\xdd\xb2R\xd6D\x9fF\xb5\
X\xed\x0e\xd4\x22\xc5\x86\xe6.\xb0\xc3?ID\x89\x9e\
\x00T\x0bA\xa2\xaa\xff\x8f\x88\xe7C\xf5H\x86w\xff\
n'\x5c\xe7\x07\x07\xb4\x0bt\xbd\xec\xc9\x8c\x1e\xd5\x9b\
\xaa\xaaZ\xbe\xfa&\x00\x12L)y\xfa\xa9O\x191\
t%1\x04ISr\xc9U'\xb4y=\xdf\xa7?\
\x92\x7fl\xf9Nz\x05d<Q\x8c\xfd\xa4$]o\
\xf6\x0e\x0c\xeb6\x88\xf8\x81\xdf\x84\x8b\xdd\x03m\xb9\xbe\
\x8d\xbb\x7f\xc2Y\x14\xda\x18\xf0\xd8\xd7k\xea\xab\x9b\x96\
v\xb5\x1a\x0f\xe9\xa8\x96\x1a\xb1S4\xbf\x95\xd2\xda\x92\
\xc6\x5c\xd2D\x80\xed\x94x\xb1V\xa8\xad\x9d\x8c\xfdw\
\xbd3\xec\x8a\xad&Y\x8b\xd8%\xa8\xc4\xc0!Z\xfc\
V\xf60S\x9b\xd5\x0fQ\xa29z\xa7\xccM\xcbM\
X\x9f\x93\xb8\x82\xa1yI\xf5\xa4YU\xb7\xd7:\xb3\
;_\xb6#\xc7n\xd40\x07\x17_~\x02\xe9\xf64\
\xa4\x94LX\xb5\x9e\x87\x1f\xf9\x04SBM\x9d\xc9\xf2\
\x92\xc6\x0d_\x17\x91\x5c\x1c\x07\x82\xa2\xa6\xe4\xc7u[\
v\x02/\xabw/E\xc0H%kZ\xd8\x14\x86T\
k\xb1\xa8c\xea\xf6\x13\x19\xf6\xbb?\x06\x8eDr\x8c\
v8\x9a\x1b\x9fh\xb5\xdeG\xe3\xc0\xd4_V-\x88\
6k\x5c\xdc\x9e=\xbb\xac\x05\xe9+W\x83\xa8\x89\x09\
\xb9\x18\xf0F\xaa-F\x8ba+\xa77T\x11\xf0\xd8\
\xcf\xd7\x04\xf1hT,\xf6\x9f \x9e\x07y)\xaa\x0d\
\xc5*\xe0\xea\x1e\xaf\xb5X\xc8s\xa4\x16\xd9\xf3I\xdc\
\x18\x1a\xcf\x87\x06'5\x90$\xd4\xc9\x9c\x11\x99\xce\xf7\
\xd1\xf8\x8bv\x8e?y\x0c\xfd\xb2\xed\x1c1\xd2Ay\
\xb8\x01!\x86\xf0\x87?\xec\xa0\xb6\xb6\x0e!\xc4nj\
\x16\xac\x96\xf8\xae\x1d\xd8\xd2(\xb8\xd2l\xdd\x98>\xe3\
t\x22\x91(f4\xcag\xf3\x96\xe3\xfb|SK\xb6\
\xf7\xa2N\xcc\xd7\xc7\xa8\x0c\xec#[\x01\xde{\xda\xce\
s\xea\xfb\xad\xd6`K\x01\xe3)0W\x02\xdf:\xbd\
\xa1\x8d-\x9a@\x86\xa5N\x98\xe6Z`\xff\xb0\xdf\x9d\
j\xad\xf6O\x12&\xd1\x91\xc0f\x84h\x95\xc1tz\
C\xabQ\x05=\x8d\xae\xf6\x94\x9eV)\xa3\xbf\x03\x06\
\x09\xc4;Y\xde`\xb05A\xa3\xbf\x7f\x9e\x08\xc4e\
\x1f8C\xd4Ee\x5c)?Va6\xb1u\xeap\
\x08Ii\x9c\xc4N\xb7\x1e\xa98zX\xb1u\xb3b\
\xb5\x08\x84\x80\x11#\x07Q\x1f\x89\xec\xb4\xe9v\xb1\xeb\
D|J\xbcb\xb7Rcg\xefFnw\xe0\x90\xad\
\xd0<\xf0:\x97\xaf%\xc4\x12\xa4\xac\x02\x8e\xd8\xb1\xc4\
-\xba\x8f\xd9\x93\xderzC+\x02\x1e\xfb\xc9\xda\x0e\
\x1c\x8a\x8a\xd1\x7f\x04\xccuz+Z\x8dP\xed\x8c\x98\
\x8c\x9b/\xc3~\xf7wZ#\x0d\xb1\x9a\x98\x19\xa8\x10\
\xd7\xe76\xd7\x82v\xb7\xd9\xcf**\x8fh\xb7\xbc\xd5\
T\xa8p\xf1\xd1\x02\xd9\x90\x07\xec A\xa4\xb1)\x11\
\xa8\x9a\xce6\xc7\x0e\xd3\x1a\xd3bt3\x82\xe4\xa6\xd4\
\xf2\xef\x9a\xf8\xd4\xed\xda5?2pP_\x16\x7f\x17\
\xa2\xb2&\xc2\x8e\xeaZ\xee\xbfs\x0e\x9bJk\x9aQ\
\xa1p\xef}q9\xd9\xd8w;\xdd\xdd4%\x95\xa1\
*~Z\xbf\x85o\x96\xb6(L:\x95\x12m\xcb]\
P\x1b\xf6\xbb\x97\x00\xe3\xa3Qz\xd3\xc2Q\xa3No\
\xe8\xab\xc0y\xce\x93\x88\xd6'7\x97\x89\x12\xe7X\xa7\
\xa7|\xa8\x15\xe4 \xfd\x8f\x8d\x09T\x7f\x08Y\x9f&\
\x11\xc3\x80e\x08km\x82n\x12\xf7G\x97\xd4'Q\
o\xdaI1*\x11\xc0\xb1\x8e-\xfc\xbbfx\x5c\x7f\
;\xfb\x8do\x10B0r\xf4\x10jkj\x99\xf7\xe1\
R\xb6\x96\xd5bi\x966\x91\xad\xd9h\xbbI\xb8\xc6\
j\xc0h$\xca\xbf\x9ex\x8f\xc5\xcbJ1Z\xff\xe3\
\xae8$g\x05\xe0F\xb6~\xc6\xad\xf3\xe5\x80d\xb7\
\x93\xc5\xdbK\x00\xc4\x04\xb8\x15\x15D\x17\xa8\xa6/\x09\
\x1b\x121ZO\xd2*[\x07\x8e\x83\x8fg\x18\x08\x09\
2\xae\xaa\xfc\x8d\xd1$\xb6\xd5\x0fb@\xea\x0a\xe5\x0a\
;\x16340\x98\x1f\xe2 \x90\xa5\x84\xa2\xd7V \
_]\xb1\x87\x16\xdd\x7fH:\xa7\x9e\xe3\xc2b\xb1\x00\
\x02)Ml\xb6\xee\xec\x08\xb7~\x82\xbc!\x04\x03\x86\
\xf4\xdd\xf9\xef-\x9bJY\xb2\xbcM\xd0\xc5\xdc\x8f\xce\
\x8e\x95M\x9c\xcc\x0f\x13\x08\x83\x9f\xf4\xf7\xfeF\x13\xce\
k3\x89\x1d1q\xb2&Q7\xd8\xf6\xcdTI\xeb\
):;G\x12\xb0\xa4\xb2Q\xc2\xa5[7sS\xef\
o\xdb\xb5\x8a\xbb\x83n\xc4`\x1b\x97\x5cy<\x19=\
\xd3)\xddZF\xe9\xd6\xed\x94n+\xa7\xae\xb6\xed\x16\
~G\xe4\xf5\xdd\xc5\xa6\xdb\xf8C\xdc\xcb\xd1\x15\xec\xc0\
j\xfd}X\x821\x10\x13n\xbd\xad4\x9ei\x15H\
\xf0M\x07\xc4\xe64\xc1\xf7\xd9\x88\xea\xf3\xd1\xe6(*\
\xef\xc7\x09\xbd\x1c;\x13\x04&d|\xc2\xe5U\xd9<\
\x15\xea\x15\xf7\xcd\xc6\x1e\x94\xc5\xc4c\x0e!)\xc9\x8a\
-\xa3\x07\xf5\xf5\x0d<\xf3\xd8\x87l\xdc\xbcc\xa7t\
\xbccz\x9fV\x01m\xefa\xe5\xb8S]\xbbx\xc3\
\x87\xbaFR^\x16\xe6\xfd\x0f\x7fhk3\x94w~\
\xca\xc4:-8\x07&ra\x04b\xab\xce\xd2q\x1a\
4V[m\xdfK\xc0\xdb\x90\xe0\xfb\xac\x8e\xf7\x83_\
7$\xf3Y\xb0\x91o\xb6\x88z\xfe\xd8\xef\x03\x8eM\
\xdd\x11\xd7\xdf\x0f\xe9\x9f\xc6o\xffp\x02\xe3\x0e\x1b\x86\
\xeb\xb0\xc1d\xf6\xcc\xe0\xf3OV\xec\x04\xdd\xce\x097\
D\x8b\x1a\xd1\xd6\xdd\xc2\xe5W\x1fEf\x96c\x97\x9f\
w\xef\xd1\x8d\x93\xcf\x9e\xc0UWOh\xcb)\xee\xf4\
\x19\x1eR\xcam\xa8\xe8\xc3\xc0p\xf1Q\x09;\xb5]\
H\xb3\x1c\x95X\x9ai\xd0\xd8\x9d\xb3\x22\xc1\x80\x88I\
\xd6-\x09\xbe\xcfW\xed\xf9\xf0\xfd[\x87S\xde0\xb8\
\x91?\xb3le\xda\xc0\x8f84\xa9m\xf58.w\
0\xdd{\xa4\x92?:\x83\xf1\xa3z\x92\x99f%\xe7\
\xc0A{\x18`B\x18\xcd\xaa\xe9\xdc\xc3\xb2\xf9\xcbm\
\xa70hXcNE\xb8\xb2\x9a\xf2\xed!\xa4\x94\x08\
!\xb0\xd9{\xb4\x15\xc1\xf8\xae\xd3\xb6\xb10b\xad\x81\
\x9d\x10M\x18\xf0LaDQ\x95n\x0ek\x13\xfa\xa1\
2\xc1\x80P-\xb0\xa4,M\xe8]\x04\x9f!\xa9G\
EV\xda\xf6\xef\xa3V\x9e\xd84\x89\x9b\x07\xbe\x8cU\
(:\xc4\x99\xbc\x96\xfb\x06\xf5\xe0\x8f\xeb\xf2[u6\
v\xec\xa8C\x9a\x92\xca\x1d\x11\xba\xa5X\xa8m\x904\
\xd4\xab\xb6w\xf6\xb4$\x8e=n\x04\xd6$+\xc9\xc9\
V\x92\x92\xd28\xeb\xf4\x91H\xc0\x91\x91F\xbf\x01N\
z\xf7sb4\xf1\x1e*CU\xfc\xeb\xf1\x0fX\xfd\
C%\xfb\x0f\xb1s\xc8\xa1\xfd\xd9\xb2\xb95Z\x94\x80\
\x10\x9d7\x91\xa4\x10\x12I\x190 \x1a\xc5\x82\x8aJ\
$\xc6\xc7T6\xa9\xcd\x8a\x8a\xbf\x81\x8a<$dT\
->JH3\xe2\x00j\x10Fm\x22q\x17\x5cU\
\x10t\xe4\x14~\x8a\xaa\x82\x8bk<\x17\xce`D\xe0\
$\xce\xce~\x1d\xa1U\xe2\x80\xd4e<00\x95\x0b\
\xd7\xff\x86\xb0l>\xc3\xea\xc3O\xbe\xe7\xd0q\xfb3\
\xaf\x89\xb4\xfa\xe8\x83\xe5X-\x06\xd7\xfe\xe5x\x86\x0d\
\xe9M\xb2\xd5\xa0\xbcZ\x81\xf1\xe8\x93[\xee\x18\x16\x89\
Dy\xe1\x1f\x1f\xb1\xe6\x07E\xef|\xb7.\xc4w\xeb\
\xda\xccH^V\xb1\xaa\xa0\xd3\xcd\xc7m\xb9\xf3d\xd8\
\xef\x0e\x02\x86\xd5\x82=Qf\x9768j\x80lk\
\x13\xc9\x90\xb0\xaeL\xd2\x94\xa02Y\x12\xde\xf9I\x8f\
9\xed\x01\x9e\x00n\x0f\x0c\x22+\xf98\xf23\x1a;\
\xdd\xe6\xf4X\xc4\xe3\xfb\xa5\xf1\xdb\x1f\x0fi\xd6B\xab\
o0\xb9\xeb\xae\x7f3i\xc2@RS\x93\xf8\xe2\xcb\
\x8dl\x0f\xd6q\x84\xab\x0f\xfd\xf7sr\xcc\x81Y$\
Y\x05\x1f./%T\xd3z\x02\x89\xc5b\x90nO\
m\xef{.\xec\xc29\xab\xd3\xf6^J\xc2VE\x08\
\x89\x94u@\x8aAcU}\xa2{\xf5&\xa3R\xaa\
\xf6B\xd3l1\x1b\xb5\xb3\xda5\xae\xdd4\x8a\xaf\xc3\
\xee]~\x96k\xff\x84\xbb\xb3[n\x09\x17\x89\x9a\xcc\
\x9d\xbf\x9e\xb7\xdf\xff\x8e\xed\x9a\xd0\xaf\xadi jJ\
j\x1b\xa24D$\x11s\xd7W\x0el-g\xc5\x92\
5\xcc}\xfb\x0b6\xfd\xb8U\xaf\x89 \xf7\x88\x03\xda\
\xfb\x9eov5\xf0h,\xd6N\x80\x9e\x15h\xe7\xc2\
b\xec\x15\xf9\xa3\x22\x0a\x82\xc6\xff&t\x04K\xa6\x96\
\xd2\x01\x22t\x87\x14\x5c\xf5\xe3\x18\xd6\xee\xc8m\x22\x0d\
%\xa7e\xbd\xcb\xc5\xb6\xf8}\xaf\xafVl\xe7\x9b\xaf\
\xd7\xf2\xfe\xf2R\xde\x5c\xb2\x95o\xbf\xdbDU\xb8q\
\x1f|\xfc\xef\xafx\xe2\x89/\x98\xf3\xf6\x1a\x1e\x98\xf9\
\x01\xabW\xa8d\x9e\x9e\xbd\x1c\x98\xf1o\xcb\xe5V\x11\
\xbf\x07\xbfo\x8c\xc6\xc5\xb7j\x04\x82\xec\x92\xd0KK\
\xd6klG\xa5\xc7`\x9f\xc8\xe1\xc8)<\x10\xd5\xa1\
\xb4\xdd\xa3\xd44\xb8f\xc3\xe1<3\xb4\x8a\xbe)%\
;i\x96\xcb\xfa\xcd\xe3\x8b\xefO\xe5\xdb8jm\x05\
\xf0\xf8\xdf?%g\xc4J\xbauO\xe2\xeb\x15\xa5\x5c\
z\xd9\xe1\x1c<VI\xb4\xba\xba\xc6\xbe\xdb5u&\
\x8f>\xea\xe3\xac\xd3KY\xfa\xd5\x8f\xf1D*bc\
\xd6\xf6\x0e\x14\xfa\xb4\xa1\x91\x00\x998sH\xb9\xe7\x16\
 j\x10;\xd2\xc9\x10\xc9\xf1\xfe}x\x91\xbb_\xd8\
\xef>\x22\xbch\x82->\xd5\xbe\x13x)\x09\x07\xdd\
\xc8\xc2\xee\xc0\xf34v/o\xf7\xf8>\x9aD\xc1\xc6\
ITF\x1ai\x8e\xcc\xa4\xf5\xdc\xd8;~\xe6B\x02\
\xab\xbe\xab\xe0\xabe\x01\xa2\xa6d\xf1\x17kwf\xac\
D\x1a\x22{\xac\xc7ksJX\xf7S\xdcA\x88R\
\x81|\xb6\x8b\xa7.Em\x1aQ\x17\x1f\x06&X\xc3\
~\xf7\xb8\xb0\xdf=2~y'w\x9a\x5c\xc6N[\
H\xca\xb8\x16*\xecw_\x89\xe0\x07\xe03\x84\xf8N\
\xb7\xacmu\xa4\xe5~\x22Q\xa7\xc7tC\x88\xd4\x84\
\x22Op7*\x05\xbfS\xe3\xd3\xbaT\x9e\xd8t\x1c\
\x11\xd9\xb8\x1f\x7f\xe3\x98\xcf\xc4\x94\x8e9\xffK\xbf\xd9\
\xce\xab\xcf\x7f\xcc\x07s>\xe5\xa7\x9f:\xcd\x5c=T\
Q2\xad\xcb\xe8\xaf\xcaEG\x0bT3\x1f3*\xcc\
\xb6\xcf\x07.\x9e\x90\x85\x10_\x02~`e\xd8\xef~\
\xb6\xca\x9foi{3J\xa1Y\x94\x1d\x06\x8d\xb1\xbe\
\xf48@\x97\x85:\xc19&\xb9z\xa3:j\xc63\
\xca\x15\xe8\xcd^\x09\x93v9\x85\xa7\xa0\xaa\xe3\xbbd\
<[\xd9\x93\xcf*\x1a\x1bZ&\x89Z\xce\xcf\xda\xd0\
A-#\x99\xff\xe9O\xbc\xf5\xef\xb5\x94\x06;u\xc4\
\xc5\xb7\x08\x1e\xea\xcay3\x8c\x88@\xf1\xacA\x03K\
\xdbN\xa6\x147\xa0\x8e^\x885i\xbcD\xb6\xd0?\
\xa5\x19+\xc4\x06\x84\x0d\x1a+v3\xe2\xf8C'{\
6\xa7\x1e\x12\xafz\xd0\xdf\xfb$\x08t}Q\x9d\xda\
\xbb\xd4a\x9a\xb1u\x04\xa1Hc\x17\x8c\x83mKI\
\x15\x89\xe2W\xdb\x1c\xf5\xc0\x1f\x82\xab\x0a\xba\x94\x0b\x15\
\xd2\x14\xa8\xc8R@H#\x1e\xf7\xa6\xb9d\x82\xc1m\
\xdeG\xb5\xb5M\x07*\x0c\x1a\x83\xcc\x99q\x18k\xeb\
PUFMG\xbcmcc1\xc5A]\xbd\x1a\x99\
\x07\xfe\xcd\x02<\xab%p\x97\x8e\x1f\xa3V>\x0f6\
vq\xb2[\xb7qVZ\xe5/\x05\xbc[\x83%\x05\
\x9fu\xf5E\xa3\x88lT\x04kc\x9ak^<\xc0\
\xfb\xf7n\xff\xaeEU\x9e\xb5>L3S;\x17e\
\x06\x8dY)m\xa6P\xdbr\x17\xd4\xa0z\x1d\x7f\xa8\
\x01\xf8\x8c@\x5c\xd3N\xe0uy\x06D4j\x5cG\
\x0b5\x9d]1^*\xeb\x8f\xb9\xd3\x19\x97\x8c\xea\x16\
\xfa%@\xf7p\xb2E>\x94\x88\x0b\x8bF\xad\xb51\
\xbe\xcf\x8bY\xa8\x8eU\xabQe\x8b\x93m._\x9b\
\xe9n\xb2Q0\x94ZQ'\x5c\x83jM\xd1\xe6\xb0\
\xb9|\xab\x81\xe3+\xfdnK\xba\xcb\xd7\x9eT\xf9X\
G\xa8\xfd\xbbX\xc5\x8e\x01\x0a\x13\xb9\xe2\xcb\xebS(\
\xab\x1fJV\xb2\x12\xf6YI\xb5{\x13p&p\x8f\
U\x88\x82\xc07\x05\x89\x22\xdfc\x9e\xe9\xf7\xf1|8\
M\xb5\xb6\xbd'\x5c<\xe9^a \xd3\xc6\xce\x8b\xf7\
\xb9b4\xc1\x16\x03\x95\x9c'\x89\xb3\x9dWl\xb4\x13\
t \xc5JTtdtu\xf1\xa4.\xe1\xf2\xec9\
3\xd24u\x92PO\xb9\x1eA8\xeahbqD\
\xf7\x16\xe8\xb6\x03\xe7\xa5u\x93S\xbb\x98\xb3\xdb}\xc4\
\xca[W\xb6\xe7\x8fl\xb9\xf3\xccv\x80\x0e\xd4\xe1~\
\x00\x9b\xac\xa8\xfc8I\xa2\x93\x00\x0dkX\xca\x86\x1f\
\x80\x9c\xa8\x8c\xa6h\xbb\xa0\xc3\xa3\xff!3DU\xbd\
|\x08\xc8\xd9\x1b\x08\xb04I\xd8\xa87\x13NG\xd6\
\xa1Z\xbd\xdd\x1e,)\xd8\x12L\xfc\xeb\x1d\xa8%\xeb\
7\x09\xbeO\xcc\xbe\xdfhX\x92\x92\xcaQmF\x87\
\x84\x8b\xf3-\x89\xbacZ\xee\xc7R\xf3>=\x84j\
c\xd0\xa9QU/\xcf\xa6\x853\x14\xba\xfc\xd9\x85$\
=ik\xa3\xb1\x9a\x98\xa3\xa4$\xea\x0c\xb8\xfb\x80\x9c\
`I\xc1%\xc1\x92\x82D\xe7.\x12.\xceO\xd1\xd4\
\xc8\x06+\x22\xd1\xe5\x0fC\xf4{\xfe`t?\xecc\
\x89\xaa\x83\xe8'\xa32\xd1\xa7\x87\xc4\x0a\x8f\x8f\xe8\xcc\
E\x1c9\x85i(\xfeP\xec\x0d\xe0M\xeaVE\x86\
u\x93F\x87Aq\xb5\xbd+.\x1bs\x8d\xbfD5\
\x90\x1ciA\x8c\x08\x96\x14\xdc\x14,)X\xc7\xde\x1a\
R\x1e\x86\xe2\xd6>\xef\xe6Z\x90\xb0\x04\x8e*\xffD\
\x81\xeaz\xd0 \xe1\x87X|\xb6\x04\x18/\x0cF\xd3\
\xbe\xa3\x02\xda;>\xd3\x88\x9f\xa8wvG\xc7A4\
9\xc23\xd1\xe3\x8c\xcc\x0d;1\x1e\xa8\x1f\xc2\xfc\xda\
\x1e\x9d\xbd\xe4v\x10\xe7\x83|\x09u^\xed,~\xb9\
qT\x93\xb5I\x9c\x87$\xcdd!\x18\x01\xacMw\
\xf9jcd\xeb*\xfd\xfd\x90\x84n.!Wj\x97\
}|\xd8\xef\xee\xf0\xea\x09e\x97\xd6\xec\x8dU\x19n\
m\xe0P[\xe3!7_W\x8e\xeal^W\x108\
\xb1{j\xcaG\x98\xb2\xaf\xc5d\xc6/\x85\xb8p\xf1\
1\x02\x95LaB\xc2\x9a(i\x87\x8c\x91\xa8p\xd9\
\x0ahd\xf9\x97\xef\x0d\xe0\xa5\xe7.\x94\xa8s0\xd2\
P\xad\xce:4*\xd4q\x9a\x17\xd0X\xa7\x99\xb0q\
u\xd6\x06\xba[\x14\xc7\xde \xbb\xf1r\xd9~\x9d\xb9\
\x5c\x15pZ\xb0\xa4`\xf1\xe6\xa5\x7f\x91\xc15\xd3\x1a\
\xca\xd6\x14D\x7f)\xe0!\xeb\xb3PmEV\xd9\x5c\
\xbe\xf5\x09\xbe\xdbaM\xb1fh\x11\xb2\x0c\x15\x8e\x19\
SU<1\xd1vS\xec(\x83\xb3;%6J\x0a\
\xde@0\x1c8\x148\x0b\xb8\x12u\x5cT\x97\xd9)\
\x07X\x1b82\xa3\xb1\x1f\xce\xe2\xd0x\x16\xd5w\x98\
\xb9\xa9\x01\xce\x09\x96\x14,d\xdf\x19g\xa1\xb2E\xe6\
\xec\x85{\xc5\x92I\x96\x82n\x7f`\xcb\xf5U\x86\xfd\
\xee\x95\xc0\x81R\x9av\xad\x0e\x12$s\xe5<\xa4\x08\
\x00'\x86\xfd\xee\x1e6\x97\xaf\xba\xc3\xe0[UP\x87\
\xea\xe9\xb7L;\x1d\xa7t\xa5\xc3qC\xef\xefH\xb3\
\xa8V\xb05\xa6\x83'\xb7\x8d\xe8\xe8\xa5\xea\x81\x0b\x82\
%\x05\x1f\xec+\x88\x0b/\x9e$0\xa3gi5\xfb\
F\x22\xefU\xe9\xcf\x17 \xc7\xa1x\xdc\xaf\x9a\xaa\xda\
\x98q\x99Dc\x13\xee\x84\x0c[\xee\xc2z\xc0\x8b\xaa\
\xe7=\xab\xab\xae\xdb_\x1d\xa7~eW]\xef\xa4n\
U\xfc\xc6\xd1(\x9c>\xd8~TG\xa5]\x04\xf8}\
\xb0\xa4\xe0\x0d\xf6\xa5aF\x87\xa0\xba\xb0\xaf\xb0\xb9|\
\xcb\x13y+\x03\xe9\xd0\x0e\xe1\x0a\x9b\xcbW\xd1\x1c\xf0\
 \x8e3\x5c\xbb`\xcc\xd2;\xed\x92p\x17\xa9\xf6p\
}4\x8b\x0ef\x1d\xef>\xba\x0b\xc9U}\x17\x93$\
\x940^_s(\x7f\x0bt\x88_7\x81\xab\x82%\
\x05/\xb2\xef\x8d\xd8i\xdc\xcf&\xfaFRu{\xb7\
\xd2$\x91\xa0)\xf0\x16\xea\xdd\x99\x1f.v'\xd4\xce\
\xb3\xb9|K\xb4\xc8\x1d\x8f4\xbb\xc4\xa1\x11\x08\x07]\
\x94\x12u{\xd6F\x86\xea#\x08vD3\xb9\xef\xe7\
\xc3\xd9!\x8d\x0e\xcc7\x7f\x09\x96\x14<\xb5\xaf!.\
\x5c\x9c\xdf\x1d\xc5\x1dV#(\xda\x0b\xb7\x8c9\x92\x0b\
\xf6\x00\x9e\xcd\xe5\xdb\xa6\x0d\xbfC\x90\x89\xc9\x99\xdbm\
\xfc\x9f\xbe\xff\xf5]q1\x8bJBx\xbc\xb3\xd79\
\xb5{\x15\xa7f}\x04\x08L\x99\xc4s[N\xe4\xe3\
\xda\xee\x1d\xb9\xd4\x1di\xc9\x96\x87\xd8\x17\x87\x94\x17\xa2\
\xf2\x22\x9f\xb3\xe5\xfa\xb6'\x16\xe4\x13-(\xae\xb0\x96\
&\xe5\x98\xbbo\xe3\x7fk\xf1{r\xc2_^\xf0:\
\x8a\x8f;;\xecw\x0f\xe9\xec\xe5\xcaJ\x0a$*\x0a\
\xd0\xe11\xd0\x12\xe5\x86\xfe>R\x8c\x10\x12\xc1{e\
'\xf2PE\x87x\xea{S-F\xe1\xcf\xcbn\x93\
\xfb\x1a\xe6\xaa\x17\xb9\x93Qg\x94EP\xe7\x99%\x18\
\xe4\xe60\xd4\x19)\x9f\xda\x5c\xbe`K\xc0\xfb@\xab\
\x88S\x12\xfd<\xb6\x5c_\x1dp/*\xb3\xa4\xa0\x8b\
.\xdb\xe1\xe8\xbd\x05\xc9\xcc\xfeKw\x9e{\xf1e\xf0\
h\xae\xdf2\xac#.\xf2\xe3\x96$q\xeb\xd6on\
\xdf\xe7@\x07`\x0a.@\xa5\xa6\xbd\x1aO\x0e]\x17\
Q6\xb0[\xc2\xf0.\xc0\x13Q\xbe\xd2Rhb\xd8\
\xefv\xec\x85\x87zN\xdf\xef\xdc\xb0\xdf\xdd\xe9,\x13\
!x\x95\x0e6\xa2\x9e\xd9{\x1d\x87\xa5+\xdbwY\
x<W\xfe|PG\x98\x99Y\x16\x8b\xfcs\xd9\xf2\
\xa9\xe6\xbe\x08\xba\xcaE\xf9\xddP\xe7\xd46@\xe2#\
&\xd5\x8b\xf2\x05\xea\x5c\x93h\xab\xc0K\xfb\x8d\xcf\x04\
^E\x95\x06\x9e\xd1\xde\x1be\x1d4\xdd\xe2\xc8)<\
\xc8\x91S8\xb6g\xce\x8c6\x13\x0el._\x0d\xaa\
\xe3x\x0ap_\xd5bw\xa7\x9c\x83\x8aU\x05aC\
\xc8\x89\xa8\xb3\xd2b\xf9\x7fm\x8e\xbf\xf4\xdc\xc2I\xbd\
T6\xf7\x8a\xf0\x91\x5c\xb1q\x1c;d\xbbA\xf7\x1a\
\x92K\xcb\xbe\x99\x16e\x1f\x1dB\xc8\xebP\xcd\xb3g\
\xd9\x5c\xbe\x92x\xff\xce\x91S8\xa6\xe7\xa8\xe9\xed\xe6\
\x92L!\x87\xa22_\x16\xdb\x5c\xbeu-\x02o\xe7\
\x04*\x1a\xe0\xdcJ\xff\xd1q\xcf~FNa~C\
D|\x81J\x89\xbe\xccD\xbe\xef\xc8)\xbc\xb1\xff\xa1\
\xf7\x8a6l\xbd\x97P\xe9\xd3'H\x93\x13:;\xb9\
\xe5\xab\xa6\xd5\x06K\x0a\x9eG%Q\xb6Y\xa4~q\
z9\x17\xf5y\x0b\x8b\xa8gYx\x02\x97\xff\x98K\
Y\xfb=\xd8\xf7\x0c\x8c\x0b\x82\xab\x0b\x1a\xf6U\xd0\x85\
\xfd\xee\xfe\xa8\xd3\x1aCz\xb3\xb7g\x1cdJ\xf1h\
\xe6\xe8\xbb\xda;1\x17h\x8c\xbd\xbc\xfb/\xf6\xb8\x90\
aX\xbfB\xe5\xd2\xe7\x0b\xea\xf7\x8bsG\x8c\x96\xea\
\xc8qO\xb0\xa4\xe0\xdc`I\xc1eI\x8a\x0f\x1cT\
UWwE\x1b\xb6^D{\xb6&\xf0\xa8>W\xad\
S\xa3\xd7\xa8\xe9V\xd4\x893\xad\x8e\xd3\xba\x87\xf9s\
\xffwH6\xaa\xf8\x22x\x0c\x17m\x1c\xc7v\xb3\xdd\
\xa0\x9b\x8f`ry\xc9\xedu\xfb*\xe8*\x17O2\
\x80GP\xbd\x10\x0bm._\xbb\x0eX\x0e\x96\x14\xfc\
\x0b\xa8\x8c\x9a\xd1\x1b\xdb\x01t+p.*\xa9\xf5\xf5\
6\x81\xd7C5\xc6\xfe'\x90\x04\xe2\x928\xefs\x13\
p}\xb0\xa4`C\xec\x07\xa5%\x05\x0d\x86!\xfe\x02\
\x9c\x9f}\xc0\xdd\xa2\x0d\x95\xfb\x19\xf0\x14\xaaD\xee\xce\
\xceNtD\x8a~4\xb6_kv\x1c\x97\xba\x83\xa9\
\x03\xdf\xa3\x9b\xa5\x9c\xf7\xb6\x9f\xc6\xef\x7f:\x88\x9a\xf6\
\xab\xd7/A\x9c\x11\x5cUP\xcd><\x84\x19=\x13\
8\x1dX*\x10\x1d\xf2d\x85\x85[\x80<{N\xe1\
\x99q\xfe\xc9xT\xfe\xdd{6\x97os\x9b\xc0\xd3\
\xe3\x15TP\xfb\xa2*\xbf;\x9e\xd6\x16\xfbI\x8c\xc5\
{\xa8\xbd\x95Sk\x80\xb2z\xa3!\x9eC@\xa6\xa2\
R\xa6\xae\x0c\xfb\xdd\xc7ur\xae\xbb\xb5\xe6\x19\x8cO\
\xa9\xe5\x8eA\x1f\x90j\x04yn\xb3\x87\xeb\xb6\x0c'\
\xda~G\xe2k$\xa7\x04K\xa6\x86\xf6e\xd0i\x15\
\xfbw\xedP\xfc1\xcd\xb5 n\xc9\xec\xc8)<\xd5\
\x91S\xf8OGN\xe1\x032\xcaU\xc0g\x02\x1e\xd5\
\xe7\x01\xb75\xae\xd4\x0cI\xb3\x91\x11\xa3\x05\x09\xb4\x05\
\x158\x1e$\xe3\xe3\xf4\x22\x02s\x8f\xb4\xdc\xfdT\xfc\
\xf4\x07\x93\xe4\xb28\x1c\x8d\x0a\xe0\x12\xfd\xb0\xcf\x84\xfd\
\xeeN$z\x8a\x00-t\xb5\xccM\xae\xe3\xaeAs\
10\xb9s\xe3\x14\xee)\xeb\xdb\x91t\x96\xd5\x02q\
RpuA\xd9\xbe\x0c\xba\xaab\xb7Uk/'0\
\xdd\xe6\xf2\xb5\xabM\xaf\x80\xcf\x84\xe0A\x85\x05\xb9\x01\
E\x02\xff\x1dxR\x17\xd07\x0f\xf6E\xee\xfdP\xb8\
\xd9@\x0b\xa7\xfe\xb4f\xd0\xc4\x0eK\xbb6\xe4\x9f\xd8\
\x96\xe1\xf3\x06p\xf5\xee?\xfci\xd9\xed2XRp\
]\xa8\xe4\x96\xb8\xbcK\x9b\xcb7\x0fx\x00U\xf1\xf6\
Bh\xf1\xc4\xa4\x8eLx\xb0dj9\xcd\x9cDy\
HR=\xf7\x0d\xfa\x98P\xc4\xc1\x1f\x7f8\x95\xa2\xaa\
\x0e\xa5\xb0o\x02N\xa8(\x99\xba\x85}|H\xc9_\
Q\xf1k\x9fT\x9c)\xed\x90v'JxDJ&\
c\xf0}\xb0d\xda\x9c`I\xc1\xe3\xc1\x92\x82\xbb\x10\
\xdc\x04\xbc\x901\xba\xb0[\x0b\x88\xfd\x13\x8a\x9f}\xcc\
\xe6\xf25\xb4\x0bx6\x97/\xd6\x94\xe5H\x03\xb3\xd5\
\xc6<\x16C<\x0d\x0cr\xe4\x14>\x99\x993\xa3\x9b\
\xf6r\xfb:r\x0a_p\xe4\x14\x8ej\xd7l\x19b\
\x1a\xea\x90\xbdc\x0c\xd3\xbc3\xbc\xf4\x98\x8e\xc6\x8d\x1f\
l\xfa\x8f\x1ck\x033\x07\xfa\xf8:<\x02\xcf\xba\xf1\
,kH\xee\xc85k\x01_\xb0\xa4`\xe3\xbe\x0e\xba\
\xb0\xdf}\x06p\x0b\xea\xfc\x92\xf3\xd3[\x00@\x0b\x0c\
E\x8e\xb2\xdb\xc5\x03\xc0\x1aL\xdet\xe4\x14^\x931\
\xf2\xceT\x80\xe0\xaa\x02\x1fp\x1f\xec\xd9\xcb#\xecw\
\xdbQ\x09\x08!$-\xa6\xf4\xb7%\xc9f\xea\xef\xb7\
U/j9\x8b\xa4l\xe5\xd4\x88\xc5b\x5c\x02\xbc\x10\
5-\xf5\x8e\x9c\xc2\xdfJ%\x05_N\xb5\x8a\x92\xf6\
L\x98m\xdc\x82z\xe0<Tv\xf1\x0d4\xd4_\xd6\
\x91\x89O\xb1\xf0\x8a\xf6\xe4\x18a\x89pK\xdf\xe5\xbc\
\xb0m,\xd7n\x19Nu\xfb\x9c\x88M\xda\xe6\xbd\x10\
I\xbf`I\xc1\xf9\xff\x01\xa0\x1b\x8b\xca\x00\x8a\x00\xe7\
\xb6\xd7\x8b\x95\xaa\x18\xeb\xff\x82%S\xbf\x0e\x96\x14\xbc\
,\x84<\x0a\xe8&\x85y^\x13O\xf7\x83\x8a\x95S\
\x9b\xb3\x17/C\x9d\x8d\xf7\x0f[\x9e\xaf\xac\x155\xde\
\xa6K\xfc5\xaa\xd2|\x9c\xcd\xe5\xfb:\x0e\x11}-\
p\x08\x88?\x07K\xa6Vvb\xf2\x0e\xd5\x92\xaf\x1b\
p\x96\xcd\xe5{\xb7\xbd\xd7\xc8:\xf0n1\xc6\xa8\xb9\
\xf8\xc8\xf4\xcd\xb7\xbf\x16\xec7dC\xdb\xc7EEQ\
%\x86\xcb\x81/\x80\x8f\x85`MW4\xb8\xde\x8b\xa0\
\x1b\x8a\x0a\xc6\xf7\x06\xfe`s\xf9\xfe\xd5N\x15\xdb\x0f\
u>\xedk\xc1\x92\x82\xa9\xed\xbaw\xb1;\x0d\xc9w\
\x80\x1d\xc9\x01\xb6<\xdfO\x1d\x02\x9e~\x91\xc9\xa8\xc4\
\xcdw,VNk\xeeX\xc9\xdd\x1e\xfc\x13\x01\x17U\
\x94\x14\xfc\xdc\xd4^\x00\xb9)X2my;'\xf1\
Dm?F\x81S\xb4\x0d\xd8\xaeQz\x9e\xc3\xeaY\
y\x1dK#\xc6(\xe07(\xe6>C\xbf{5\xaa\
\x8b\xd5O\xa8\x12\xcf\xef,\xc2\x08\x96\xad\xba=\xca\x7f\
\xe0\x08\xfb\xdd\xfb\xa1R\x8f\x06kg\xe2\x8e\xf6\xfc}\
F\xcet\xbbD\xa4\xea\xf9\x99\x09\x94#\x98\x16\x5cU\
\xf0S\x9c\xf7\xbfI\xff\xdd#6\x97\xaf\xd5\x9e:m\
\x8a\x00)\xc5\x1bB\xc8\xe5\xc0I\xd1\x08\x87kI\xd0\
\xdaX&U\xfe\xd5s\x8e\x9c\xc2\xde\xc0=\xea>\xa2\
\xdd\xe9O6\x97\xef\xbd\xb0\xdf}\xb1V\x1bo\x86\xfd\
\xee\xd3l._\xbb\x0eY\xcez9\x18\x81\xbf\xa2\xa5\
\xd8r\xfeKG\xd8\xef\x1e\x80j\xa64\x04x\xd8\xc4\
\x98\xdeng\x04\x91\xa7\x9d\xca\xab\x93\x91g\xd4\x0bq\
\x0c\x92\x22GN\xe1\xe3\xc1\x92\x82\x97\xda\xb8\x7fO\xe0\
FTAS\x9b\xa5\xabm\xd2\xf4\xe9y\x0b\x22\xc0\xed\
ZB\xdc[\xb5\xc8mi\xdd7\x10\x05\xc0a\x8e\x9c\
\xc2/\x81\x0f@\xbc\x86\xe0Z\xe0jGN\xe1\xefz\
\x1d8\xddh'\xf8^\x01.\xd7^\xd2;Z\x0a\xfe\
:v]\xf4aZ\xd2\x1d\x00<)\xe1F\xbbk~\
\xbb\x12\x15\x1c9\x85\x7fD5\xb5\xfc\x17pM=\xe2\
\x01\x10\x9f\x0a\xc4$!D<\x9a\xe6VT\x8f\xbd\xc7\
l.\xdf\xcf\x9d\x06\x1e\x80E\xca\xf7\x80y\xc0\x11R\
\xb4^\x1dV\xbej\xea\x0e\x10\x8f\x03\xc5@~\xb0d\
\xea\xbbHnEu\xa5\x1a\x19\x89\x8a\xdfu@\xf2\xfd\
\x13\x951k\x05\xde\x08\xfb\xdd\xbf\xff\x15n;A\xe7\
B\x15\xe1\x0f\x02\x1e\x16\xc2\xb8\xaa\xbd\x0d\x95\x1c#\x0b\
{\x03\xe7 \x8c3\x83%\x05wZ\xa48\x09\x18\x85\
\x94\xf3\xa4\x90\xe9\x15\xabZ\xa7\x8e\xaa\xfc\x13\x86\xa1\x08\
\xe3\x00q\xd26q\x01\xaf{\xdeB\x89\x0a0\xd7\x03\
3\xdb\x8a\xa7\x06K\xa6\xae\x09\x96\x14\x5c\x03L\xce\xc8\
)<\x18\xd5\x91\xaa\x0c\x98M\xe3\xf1\xf0d\xe4\x14\xba\
2r\xeeJ\x8d\x13|/\x03\xe7\xa0b\x7f\xff\x08\xfb\
\xddwV-\xca\xb7\xfe\x8f\x83\xeel\xe0c-i\xee\
\x00\xf3\x86\xb4\xdc\xf9\xed\xb6O\x85`0\xb0:\xb8\xea\
\xf6\x06\x80\xb2\xd5S\xa3\xc0\x02\x01\x0fX\xdb8\x1dr\
\xc7\x92|!\x15\xed\xd2\x1d\x98\x16+\xe6\xe9\x12\xe0\xe9\
\x85\xff\x1ax\x06\xd5U*^o\xe7P\xa9\x1c\x83Y\
\xc0\x14\x01k\x11\xcct\xe4\x14Nw\xe4\x14^#\xe1\
\xaf\x10Mn\xc73\xbc\x83J\xa3\xde\x02\xdc&\x85|\
+\xecw\xf7\xfa_\x03\x5c\xe5\xa2\xfc\xa4\xb0\xdf=\x13\
(\xd2Z\xe0\x12\x9b\xcb7\xdd\xe6\xfa\xb4\x83y\x80\xe2\
[`\x9c#gFO\x80\x9e\xa3ft\x03&!\x98\
\xbf}U\xeb\x05\xe7\xd1\x88<\x05\x958\xbcT\x08\xf1\
\xcf\xb8\xef\xd8\xce\x1d\x96\x89je\xd5\x13\xc8\xb3\xb9|\
\xcb\xda \x22\xc7J\xd54\xf1m\xe0\x98`I\xc1\x99\
=G\xcf\xb0\x98\xa6|\x06\x98\x08\xe2\xe0\x8e\xc4:\xc3\
~w?\xedi\x1f\x01\xac\x97\xf0\xbbt\x97o\xe1\xff\
\x88\x94\x1b\x84J\xa0ukM\xe2\xb1\xb9|_\xb4\xf7\
:\xbd\x0f\x9e.j\x1b\xc4$T0\xffkT\x94\xaa\
\x00\x95\xc78\x12x4XR\xf0r\x1b\xcfb\xd7\x0e\
[_\xc0\xad\x83\x0e]\x0f<}\xb3)\xa8\xfc\xaa%\
B\x8a#\xd3\xf2Z\x0f:;F\x15\x1e\x80\xc4\x05\xe2\
\xdfB\xca\x1dR\xf0\x04*\x86\xb7\x02\xc1\x96\xe0\xaa\x82\
/:\xb2\x00U\xc5\xeeT)\xb9G\x1b\xc4&p?\
B\xcc\xb0\xe5.\xd8\xf1\xdf\x08\xb8*\xffDCb\x9e\
\x0f<\xac7\xfeG\xc0E:\xae\xde\xee\xe1\xc8)\xbc\
\x0duj\xfa\x1bJ\x08\xd0S\x08\xf1g)\xe5\x00\x81\
\xd8TQ2\xb5\x22\x0e,\xfc]\xdbv\x7f\xb7\xb9|\
\xed\xea\xb6\xdfn\xe0U-v\x1b\xd2\xe4uT\x9a\xcd\
4\x9b\xcbW\x18\xe7\x8b\xf6\x02^\x02\x8a\x82%\x05\xff\
r\xe4\x14\xf6\x07\x0e\x07\xd6'Y\x8d\xa5\xa5+n7\
;(\x01N\xd4&@\x1fT\x1e\xe1\x15BZ\x16\xa6\
\xe5\xcd\x93\xffERn(\xaa-\xdb\x09\xa8\xb0]\x81\
\x89\xf1\xb0\xdd5\xbfC\xe7\xcfe\x8c.\xec.M^\
M\xb6\x1a\xa7\x04\xf4\xbc;r\x0a\x9f\x06^\x0c\x96\x14\
\xf8\xe2|\xa6\xa3Q}p~\x02\x0e\xb5\xb9|\xed\xd2\
\x5c\xed\xcezL\x1b\xe73\x81?\xa1\x88\xd7\xdb\xe39\
`E\x8f\xcb\x80\xfb4\xe8NC\x85\xa1\xb2\x81?5\
D\xccG\x9c\x07\xce\xe8P\xda\xbb\xcd\xe5{\x0f\xd5l\
\xe8yT\x11\xcb'RD_\x09/r\x0f\xfa\x8f\x97\
r\xc5\xf9\xb6\xb0\xdf}\xa7Vg'\xa0\xaa\xe8rm\
.\xdf\xfd\x1d\x05\x9dcT\xa1]\x9a\x14\x01\x9b\x02\xbb\
n\xf654\xb6\x8a\x8d\xc7\xe4\x8a\xa5;]\xd6^\xd0\
uH\xe2\xed\xe6Qy\x81\x1fP\xe1\xb4\xb8n\xdes\
\xd4\x9d)\xa64\x17 8!\xb8\xaa \xa8w\xdb\xa3\
 \xde\x0c\x96L\xfd\xa4\x93\x92\xe18Tv\xcb(M\
d>#af\xba\xcb\xb7\xf5?\xcay\xf0\xbb\xbb\x09\
\xb5Q\xff\x82jX\xbd\x1d\x98&\x84\xf1tZ\xee\xfc\
\x0e\x9f\xb2\xd93\xa7\xd0*\x840#\x92c\x05\xf21\
\x01\xa7U\x94\x14\xac\xb2\xe7\x14f\x0a\x98\x83\x10S\x82\
\xab\xa6\xb6\xda\x15\xb4\xf2K\xb7\x10\x06^\xcd0<l\
s\xf9\xae\xeb\xc8\xb3t\xb8\xb8\xc6\x90\xc6\xeb\x1a\xf5\xc3\
\x81\x91^\xcb\xf2\x00\x00\x0f\xccIDAT\xc7\x83\xfe\
#\xe3\x02\xb1\x94fo`s\x0ctz|\x0arl\
g\x17\xcc\xe6\xf2}\x08r\x0c\xf0gT8\xecZ\x01\
\xdf\x86\xfd\xeeG\xba\xa2v7\xf1v\xdc\x04G\xd8\xef\
\xbeI(\xe9\xf30\xea\xec\x91\xff\x03rl.\xdf\x13\
\x9d\x01\x9d#\xa7\xf0b\x13\x8a\xa3R~*\x90\xdb\x81\
\xb3$\xccv\xe4\x14~ \xe0\x05\xe0\xafm\x81\x0e@\
\x18\x5c\x81\xea\xf4\xb5T\x0ay[G\x9fGtR\xc2\
\xf4\x00>G5d\xf9\xb3\xcd\xe5k3\xad\xba\xd7\xe8\
\xfb,\x11\xb3\xf6c\x81\xb8\xa0\xa2d\xea\xa6\xccQ\x85\
\xd6\xa8\xe4\x15\x01\x0fHU'\xb1*XR0\xaf\xb3\
\x8b\x18.v\xdb\x91\xfc\x09U\xbc\xdc\x0b\x95\x81\xfb\x8e\
\xb6\x07?\xb2\xb9|\x91}B\xba\x15\xe7\x1bB\xca\x83\
\x81K\x01\x8fv\x1cj5\x05u\xef\xee\xd5Y\x1d\x02\
\xdd\xc8\xc2\xe1\x08f\x1aB\x9coJ\xd9\x1fx\x01\xc4\
\xef\x10f5R\xcc\x02\x9e\x0c\x96\x14\xcc\x8ec\xbd\xf3\
P\x89\x1b\xb5 \x0e\xb7\xb9\x16\xac\xf9E\x80\xa7\x1e&\
\x7f\x7f\x90\x8bPY$\xc7\xd9\x5c>_\x1c\xbbo,\
*_\xee;\xd4\xf1D\xef\xa3*\xcd\x9e\xd7/f \
\xc4\xb5\xc1USK;/E\xdc\xe9\x12.\x04\xae\xd1\
\xf7\x12\xa8\x0c\x947\x01\xaf\x10bIZ\xee\x82\xc8\xde\
\x95l\x93\x0cIt\x080\x198\x13\xd5\xb4P\xa0H\
\xf6\x7f\x00O\xd8\x5c\xbeN7\x9dt\x8c\x9a\x91\x8a\x94\
\xe7\xa1:\xe3\x7f\x13ky\xeb\xc8\x991\x1a\xe4?\x10\
\x9c\x81\xa4F\xd33\x8bR\xac\xdc\xb7mE\xf3gi\
\x84\xfd\xee\xbe\xa8\x9a\xe5~\xa8T\xab\xd9\x9dy\xb6\xae\
\xe9\xd4\xe4w\x9f\x8e*\x8b\xdc\x0e\x1cas\xf9~h\
\xdb\xde\xf8[7\x891\x1cD\x00!\x93\xa5\xe4U\x01\
\x93+J\x0a6:r\x0a\xcf\x00N\x0c\x96\x14\x5c\xda\
U\x8b]]|\x94\xc5\x94\x91I\xa8\xf4\xfa\xd3h,\
\x06\xda\xa4\xa9\x89O\x04|*1~\xb2\xb53\xce\x19\
\x07\x15\x22\xa40{\x229BS\x17\x93P-\xfe\x05\
\x8a`_\x08\xfc\x0b\xc9\x9b\xb6<_\xb8+\xee\x99=\
z\xbaQg\x8a\x97Q\xfd\xadS\x80#\x11\xf2\xb8\xe0\
\xaai\xb5z\xf3\x1f\x0d\xa4\x05K\x0a\xde\xec9\xba0\
\xd94\xb9\x01\xe4c\xc1\x92i\xe1f6ow\xa9R\
\xd8\x8f\x00f\xda\x5c\xbe[:\xfb|]\xd6\x15*\xec\
w\xdf\x8e\xaaN\xff\x06\xc8\xb7\xb9|\xe5qzY\xdd\
\x90\xbc\x0d\xdc\x11,)\xf8\x5cO\xcaA\xa8\xf0\xda\x02\
\xc0\x97,\xacE\x81U\xb7J\x80\x8c\x91\xd3S-\x96\
\x94\xba\xed+o\xee0]R\xe9\xcf\xcf\x10\xc8\x13Q\
\xed\x15\x8eb\xd7\x93+\xd7\xebwX\xa9\x17m\xbd\x84\
uR\x18\xdb\x0d)M!\x84\x14\x18\xf4PG\xa1R\
\xb5\xf8\x18\x81\x8c\x22\xa5)\x10\x08i\xcat\x1d\x82\x1a\
\x8c\xaa\xb2\x1a\xa5M\x91\x1cT_\x1aP\xa1\xc7/\x80\
\xb7\x05\xccIs\xf96t%\xd03rft\x97\xc8\
\xdb4\xb0\xae\xd5sz\x19\x90g1\xe4\x1f\xcaVN\
\x8b{c\x85\x8b'Z\x90\xe6\x0b\xa8R\xc5wM)\
\xcf\xb0\xe7-\xec\xb4\x86\xe8\xb2X\xa7\x10\xc6\xddR\x9a\
\xc3QU\xfc\xaf\x85\xfd\xf9'\xd9\x5c\x0b\xe2h\x90-\
\xfb\x80\x98\x15\x03]F\xce\xf4d\xa9Z\xca\xde/\xe0\
c\x09\xb7\xd7\xcb\x88\x1dx\x12@\x0a\xf1L\xc4\xac\x7f\
\x19x\xaf\xa3\xcf\x9a\xeeZP\xa19\xc5\x97\xc2~w\
*\xaa\x19\xe5x\xcd+\xe6\xa1B@\xa76\xdd\x9dB\
\x9a\xf5@\x99\x94\xb2Bb\xd6\x85\xfd\xee:\xe5+\xd5\
'k\x89bG\x92)\xc4\x1e\xa7[Jm_.\xd1\
`\xfb\x1c)\xe6\xd9\xf2\x16\x94\x93\xa0a\xb1&\xd5D\
\x22\xf5i49\x9f\xae{\x92\xf1\xf4\x8e\x06sP\xd4\
\x14\xd7@;\x8e\x1d\x95\xe6\xdd\x1at_\x03\xe7w\x05\
\xe8\xbaT\xe2i\x91\x9c\x22Ux\xecX\xe0u\x84<\
\xd7\x96\xbb\xb0]\xd5\xf5\x8e\x9c\xc2\xbb\x80\x8a`I\xc1\
}\x0a\x88\x85#$<\x14,)8\xc91\xea\xceT\
\xc3\x884X\xa2\xc2,-\x99\x96\x10\x82\xb8\xf2K\xb7\
E\x18\x0c\x05\x0e\xd6\x12k 0@s\x8e\x99\xa8$\
\xc9\xd4&\xd2\xcb\xd4\x12,\xa4M\x8dXb\xe9FM\
5\xadBPb\xcb\xf5uiD\xa5\xcfA3\xc4\x96\
\x15Se\x93y\x1b\x82J_\x1b\x08,\x11\x88{$\
\xf2)\xe0\xadX.]\xcf\x9cB\x8b\x84\x9e\x15%\x05\
q\xd9\xce:\xb1\xf3\x1e\xe0G\x09\xe3\xd3\xbb\xc0\xeeL\
\x08\xf04\x07e\x17*!\xd1\x05</\x11\xbfOw\
\xc5g\xbc\xeb\xc2\xa0[,\x82\xdf\x95\xe9\xe0\xb4#\xa7\
\xb0\x10\xd8,\x10\xafH\xe4\x9b\xc2\xe0\x04\x81Q[\xbe\
r\xefvc\x0a\x17\x1f%\x84\x94HL5gf\xc4\
*\x0da\x18\x86Q/M\x81\x10BJ!\xb0\x8dK\
l\xc4\xc4\x91Sx\x94\xf6\xd4{\x02\xab\xbaY\xc4e\
5Q2A\xce\x01n\x14\x18K%\xe6%\xc0\x04\x81\
q\xb9\xc4|\x1b\xf8k{\x9b~\x87\xfd\xee+Pm\
\xcc\xb6\x03G\xd9\x5c\xbe\x95]\xf9\x1e\x09\xe9\xfc\x19\xf6\
\xbb\x9d\xa8t\x9d\x03\x81gMC\xfe\xd1>na\x5c\
\xe9:\xbd\x0e\x9enl_>-\x16\xc69\x01\xb8\x5c\
\x08\xce\x96\x92\x07\x81/\x05|.\x95\xe77#XR\
\xf0)\xffC\xc3\x91Sx\x16p\xb1@\x5c\x99d\x88\
\x9fM\x99\xcc\xf6U\x7f1\x1d9\x85\x17\x00\x8e`I\
\xc1cM>\xfb!p!\x18\x160/\x0c\x96\x14\xdc\
\xdb\x8e\xf5\xbbT\x9b6!\xe0x\x9b\xcbW\xdc\xd5\xef\
\x92\xb0\x96\xb3a\xbf\xbb\x8f\xf6\x16G\xf1\xff\xed\x9d{\
pU\xd5\x15\xc6\x7f\xeb\xdc\x18#p\xe5$\xbc\x0aZ\
\xb1\xad\x8fr\x82\xa8\x1d\xf5F\x87r\x03\xd6\xaa\xa0U\
[\xd1Z\x87\x94\x16\x9c\x8aU;\xeaX_90p\
\xc2\xc3\x07\xda\xaa\xd3\xe9\x80\xd2\xa9e\xac\x8a8N\x87\
\x02>\x90$\x06\xcd\x05\xe9\x88!\x87i}\x80X\x10\
y\xe4\x1e\xb9q\x14r\xefY\xfdc\x1f\xf0\x92\x82&\
H0\x09\xee\x99\xcc0$\xdc\xb0\xf7\xfe\xf6\xda{\xad\
\xf5\xado\xc1\x13*L<\xf6\x9c\xb6\x97\xd8\xd9\x8e\xf7\
\x1dLZ\xedR\x0c\xb3\xf6\xb6\x82X\xf8\xd3\xed\x0dS\
B\xdb\xf1\x06cX/\x1a\x9d\xe6\x0d\xdd\x1dt\xbd\x9d\
\xaaBA\xab\x11\xb98h\xdc\x97\xd1c;\xde\xcf\x81\
\xc1\x81\xef\xde\x9b\xf7wK\x05\xa9H\xfb\x95[\xdb\xb9\
o7`\xf2\xc2;1u.\x1d\xd2\xf1\xc7\xea\xa8\x85\
\x8a'j>\x14\xf3\xd6k\x00*Dy2\xb3rD\
;\xba\xcf\xc96T*,\x91f`\x16\x22\xb7lo\
\x98\x12\x9a\xd3\x22{d\xeb\x13\x18vJ\xb7\x1f\x96\xea\
\xc9\xc0\xfa\xd6\xa0\x8b\xcc\xc7\x12\xe0\xf2b\xc7;\xbf\xa4\
\xd4\xebo;\xde\xcd\xc0\xa6\x83\x00\xdd\x9d\x11\xe8\x02\xe0\
\x92\x8e\x02]\x87Z\xbc\xbc\xc9\x0c\xc0d\x0c\xce\x8e\xae\
\xdf\xab\xda\xcaR\x8dN\xeeI\x11\xc0\xfe\x11y\x9aW\
E^\xe4\xf3\x18i\x85\x18\x88\x17\x05\x87\xff\x0dxA\
^\x85[\xab\xcf:N\x84\x5c\xba\xd1\xdd\xd2\xd5\x80W\
\xecx\xa5\x0a\x93\x03\xdf\xbd\xfa\x00!\x94\x13\x14\xad\xc4\
p\xe3jA\xfe\x18\xf8\x95m\xd2I\xf9\xa4~d,\
\x94\xf0\xbe\xe8\xed\xb85\xb2t\xab:r>\x87\xa5\xfb\
aD\x18|\x16S}\xf6&pE\xbc\x9d\xb1+\xdb\
\xf1&\x18\xcbGE\x8f\x02\x96n^\xe3j\xdf\xa1U\
V6\xd4\x17\x05\x1e\x01Y\xach\x02\x98Z\x10\x8b]\
\xb8\xbd\xe1\xee\xec~>\xe3>\x81W\xd2\x9d\xa8\xd1I\
[G\x94Z\xacWt\xf4\xc7\xfe\xe4\xad\xad\xe6u\x17\
\xc2\xca\xa0\xd1]\xd6\xfe\xbd)\xef\x09:/:\xd0\xeb\
#K\xe7w\xf4|\xe4p-\xdc\xce\xfa\xf2\x22\x11\x9d\
\x8b\x11\xeb\xdb\x0c\x8cm/s\xd6v\xbc\xd30A\xea\
\xf7@g\x88Z%*:?:\xa5\xcb\x11\xfd\x0b*\
\xb3\x81Y\x82\xecP\xf4'\x80%\xc2?%\xb4\xb6\x86\
\x12\xd6YX\xe5M\xfe={\x9b4\x17\x97V\xd9\xaa\
:\x14\xd8\x18\xf8\xee\xc6\xaf\x1b`\xfdN\x9f\x1aki\
\xb1*0J\x9a\xf3\x02\xdf]\x9d7\xff\xcb\xcd\xd3B\
&\x06~\xe5\x86\x92aUV\x98\xd5+\x81\xeb\x04\x19\
\x93\xf6+w\xb7\xd3 |\x9b\xcf\xeb`V\x03\x97\xb5\
Wu\xa0\xd3\xbd\xf1Z\x8fc\xcb\xaa?\x93\x18\xbf\xc4\
\xa8Q\x0e\x00\x96eR\xc9\xeb>]5\xa2\xcd\xe0\x0f\
|\xb7\xa1\xc0\xe2\x0a`9HBEc@C\xcc\xe2\
2`\x1d*s\x80\xf3\x04)TtQt%\xefR\
e~(\xe18\xa0!\x1ft\xb6\xe3\xfd@U_\x8c\
\xae\xf0?G\xa1\x9b\x03_w\xa5\xde\xe0bSi\xff\
\xe5\x87\xa4\xd4\x1b\xd0g\xe8\x8c65\x9e.v<\xbb\
\xb8tz\x01@K\x8b51r\xa6\x1e\x8b\xe2\x87\xf9\
\xf3\x7f\x1e\x98\x09:\xc7v\xbc\xda0\xabu\xc0pA\
\xc6\x1e\x04\xe8\x86c\xf8}e\xe6\xd9\x22\xa3\x0e\x17\xe8\
\x0e\xab\xc5k5\xe9\x9fa\xe4\xb3\xe2\xc0_Ao\x8a\
'j\x9b\xdb}\xfd8UV\x0e]\x08<\x1fe9\
\x06\x22lC\xf9\x0d\xb0:\xf0\xdd\x85\x06`U\xdf\x07\
M\x01W\x06\xbe\xfbR\x1e\xf0\xe6\x82<\x1e\xf8\x95\xf5\
\xfd\x86y\xb1\x96,\x8b\x05\xaeO\xfb\xee\xfa\x03X\xdc\
[\x81m\x81\xef\xfe\xed\x00\x00\x1a\xa6\xd0'\xf0\xdd\xe5\
\xb6\xe3-\x11\xb8=\xed\xbb\xfb\x8d\x7f\xd9C\xaaz#\
\xfam\x0c\xe7\xeeD\xa0\x07B\x05\xcahL\xd5\xd8\xeb\
\xd1\xfa\xd4\x04\xfe\xbe\x95\xfc\x83N\x9f.\x9f\xb6h\x91\
@\xae\xa9\x9d\x80\xdb\x99\x1aa\x09r3{\x0b\xed\x99\
eY:\xa5g\x1b\xc3]]\xce\xe2\xb5\xf2x\x17b\
\x12\xce\xeb\x80\xf1 \xf5\x99T\xb2\xdd\x1d~v\xf8\x95\
\xa1%\x8c\x03\x06\xaa\x09v^\x14\x0b\xe5\xbf\xc0`\xcb\
\xe4Y\x01P\xd1\xf5\xc0\x87V^\x83\x8fh\xac\x07\xbd\
\xa0\xcf\x90i\x05\xdb\xders\xc0TE\xbeH\xdd\xb3\
7\x86A\xb2\xdf\xa1F^-\x09\x10\x8b\xc9%{@\
W\x5c:3f;\xde\x18\xdb\xf1f\xda\x8e7\xc1v\
\xaaz zB\xe4l-\x08|7\x09\xdc\x88R\x85\
\xc8\xa3\xd1[\xeb\x84h\x7f\xe6\x1f\x7f\xc6\x8c}\x0c\xc4\
\xe65\xf7h\xda\xaf\xfc\xb4\xbd\xa0\xcb\xacL\xf6\x17\xe4\
9L\xca\xec\x93\xe8\xb9Sy\xb8A\x07\x870W{\
\x10\xe0[\x9bI%\xcf\x8d\xdc\xf7q\xc0k\x99Tr\
2\xca\x1f\xe2em\xe7\xca55\xba\xcd\xd1\xe9\xcd\xb7\
L\xb5!\x8c\x1f\xe0L\xbf\xeb#\xff\x9eP\x94\x0a`\
y\x93\xef\xee\xe3\xe5\x89\xc5l\x0dqs\x22\xcbl\xa7\
jF\xe0W\xbe\x10\xfd\xfb\x0b\x22\x0f\xef\x18\xa0\xce\x12\
f5\x19\xb9\xd9\x81\x02\x1f\xda\x8ew\x8a\xa5\xb2\xa1i\
\x9d\xd9x\xdb\xf1\xce\x13\xa4Q\xd1s\x80\x8bl\xc7\x0b\
r9}\xc7v<\x02\xdf]\xa4\x9a}\x08\xc8\x09,\
TH\x80>+\xc8\x95\x8a\xee\xb0\x90:\x80\x02aU\
V\xe9+9\x8a\xd4\xd2\x15\x82\xf5>h_\x85\x09\xaa\
\xe1\xa1\xb8eF\xa3\xcc\x8d\xbc\xde\x14pm[XD\
\xdd\xca\xe2\xe5\x81o'j\x8d\x07*0\xe4\xc7\xfb\x11\
\x96gR\xc9!_\xe9\xfd \xf28 \xbb\x08\x97\xd9\
\x8e\xb7\x18#\x9e\xf2L+p\xf6\x16D#E\xa4k\
@o\xb4\x1d\xefr\xdb\x99V\x0a\xdc-\xc2D\x8c\xaa\
\xe5\xa6P\xf7j\xed\xd9@\x06\x98\x8e\xe8\xf1y\x1f7\
\x05\x0b\x01\xde\x01v\x22\xb2\xa7\xde\xf5L\xbb\xd4\x1b\x04\
\x9c\x12\x97\xa3nM\xfbn]\xe0\xbb\xb3\x81\xf7\xd50\
\xa5\xebC\x13\x9fc{\xa3\x1b\x02\xaf\xab\xa5\xc3A\x06\
+\xfa\x8c\x1a'\xe9\x86Mk*\xf5+\x00\xae$\x93\
J\xce\x8b\xc2Q\xfd\x80{\xd5\x94\x22\xbe\xfbu\xee\xfd\
\xd7^\x89\x1f/[\xae\xc0\xfcL\xaa\xfcU\xd09\x98\
\xa0\xf3\x1b\x99Tr\x96 \x0f\xf4j\x13\xc3e\xdf\x91\
n\xac\xcc\x02\xbf/)\xf5z*\xa2\xaa:\xc9\x12Z\
\x07C'\x85\xa1\xfe\x07x.\xf0\xdd\xcd\xb6\xe3U\x02\
\xb7\x81\xbc\x0d<\x9cnt7\x03\xf4u\xbc9Y\xa8\
-.\x9dZ\xa0J/\x94\x8f\x11\xb2\xaa\x9a\xbfv\x9f\
\x89j\x16\xe5%\x15\xae\x09\x1a+\xb7\xd8\x8e\xb7\x1e\x18\
#J\x91B\xf0A\xe3\x9d\xf9\xe0\xd9\x84\xc9\xb5.A\
\xf81\x86\x04K\x04\x8e3\x02\xdf\xfd\x13\xa6\xbd\xd7A\
\x8f\xe6\xfa\x91\x96J8\x16C\xb8\x1d\x84!\xddN\x8c\
'j:E\x9a\xb1\xd3H@\xc4\x13\xd5\xefgR#\
GC8\x1e#u5M\xd1k3\xa9\xe4-a,\
\xb6\xb4\xf7Y\xedO\xbe7}\xae\xc6>{?^\xd5\
\x02\x85\xf9\xc5\x8e\xb7E\x0d\x93\xe4\xb7\x98\xb6\x96}\xc9\
kM\x15\x9a5\x8ai\x8c\x90,=\x95p\x07X-\
 \xf92\xb9\xa1\xaa\x1c\xa3\xa2;0\xcc\x15\x04\xd9\xaa\
\xe8\xf11\xd1\x0f\xb2*\xc7\xd9\x8ewZ\xe0\xbb\x0d\xc5\
N\xd5@E/FxL\x94\x16\x85\xd1y^\xebk\
|\xb9\x1aW[\xac\xdcP%|\x08\xc35\xdc\x0d\xdc\
/\xc8\xd4^\x89\xeaN\xa3N/t\xc2\x91I%\xbf\
\x85\x11\x7f\xf9E\xf4\x1cx\x01\xb8#\x9e\xa8y\xebP\
\xfe\x1e\xdb\xa9:\x15\xf4z\x8c\x88\xe1\x0bG\x89<\xd1\
\xa2\x0c\x02]\x00\xdc!\xc2zUn\x07\xb6\xc4\x90{\
s\xe8\x8a\xc0w\xcbl\xc7\x9b\x09\xbc\x19\xf8\xee\xd3\xb6\
\xe3\xc5\x81\xb5\xa8&\x83u\x937\xd8\x8e\xb7\x22f\x91\
\x84B\xcd\x85\xbbk\x0b\xb1~\xb8\x1b=\x19\xf4\xc1\xe8\
\xcd\x98\x03\xa6\x06\xbe[\xd7A\xeb6\x05\xf8Utx\
\xea\x80\x9b\xbeL\xf1\xe1\x1b\xe0\xed?\xd6\xf4\x00&e\
\xd6\x82)\xa7\x9c\x16O\xd4\xbc\xdd\x91\xbf\xd7.\xf5\xbe\
\x8b2\x09\xc3\xbf[V\x00O\x85F\xf0wQ\xe0\xbb\
\x17E$\x85\x05\xc0F\x0c{\xf9h\x11~\x9dnt\
\xdf\xb5\x1d\xef\x09\x0b&4\xf9nK\xb1\xe3]\x1f\x13\
\x1e\xdb\xde\xe8f\x01JJ\xab\x8a\x9a\x1a+?;\xf4\
\xebT^\x02z\x0bF\x00\xbd7\x86\x0fx\xb7\x86\xf2\
\xf7c\xcf\xad\xee\x94\x22\x93\x9d\x1ax\x00;W\x8e,\
\x10\x0d\xc7\x02\xd30\xf9\xd8]\x11\x00g\xc5\x135\xeb\
\x0e\xe7\xff\xc5.\x9dV\x104N\xce\x02\xf4\x19RU\
\x14\x8a\xf6\x17d[\x88RT\xb8k\xd7\x967\xab\xc2\
\xc3|0\xfbcJ9'Eo\xc64F\x14\xf1\xd1\
x\xe2\xd0\xd4n\x1c\xb1\xc0\xfb<\xf0Y^$\xe88\
L\xf7\xc1\x131\xc2\xd2\x8b\x81\x07\x11\xab.~\x10\xf2\
\x5c]q|\xb2r\x94\x84\x9a=\x15\xe4w\xc0\xb5Q\
\x90\xf9\xe3(,\xf5p<Q\xb3\xad+\xccC\xba\xda\
\xc2g\xea\xcb\x8b\x10\xbd\x1a\xd3\xc6jH4\x875\xc0\
\x5c\xe0\xc9\xf60_\xba\xd4\xbcW%\x8f&d\x0cF\
a\xe0\xfc\xc81\xfc\xc8\x00N\xe7\xc4\x13\xb5\xdb\xba\xd2\
|\xa4\xcb\x9e\xfc\xfaQ\xb1Pr\x17FW\xcd\x9e\x8d\
h\xc6\xf4E\x9d\xaf\xc8\xcb\xc7\xb6\xa3}Rg\x1c\xcd\
\xa9dL\xe1L\x0c\xb1bl\x14\x16Q\x0c\xc7\xf1\x11\
\xe0\xe9\xce~\xa5v;\xe0\xb5z\xeb\x9c\x8a\xa9n\x1b\
\x87)8\x16\x8c\xf4\xed\x12\x0co\xef\x95x\xa2\xa6\xb9\
K\xcceU\xf2(B\xce\xc2\x14z_\x8a\x11\x22\x02\
\x13\xb8~\x16\x98'Z\xb8\xa2W\xd9K]Z\x0d\xab\
[\x00/\xef\x1dX(\xe8(\x8c\x14\xc4e\x98\x8a\xb0\
=\x9bV\x87\xd1q^\x86\xb06\xde\x0e\x1a~\xc7Z\
\xb5\xf2\x98\xa2\x831E\xde\xe7cr\xbd\x03\xa3o\xef\
\xc2\xe4s\x9f\x02]\x14O\xd4\x06\xdde\xaf\xba\x15\xf0\
\xf6\xd9\xd0\x95\xe5\xc7\xa8\xea(L\x80\xf6\x12L\x02\x7f\
O\x8ap;\x86:\xff\x06\xa6^t\xb5\x8al\xb2\xa4\
 \xd7\xeb\xec\x97;\xcc\x92dR\xe51%,\x11\xe4\
L\xcc\x15zV\xf4ub\xf4#\x8a\xa1\x9d/\x8d\x1c\
\xa7\xa5\xf1D\xcd\xf6\xee\xb8?\xdd\x16x\xf9#\x9d*\
\x97\x02t(\xa6y\xf3p`\x04\xa6\xd89?W\x9d\
\xc6\xa4\x95\xde\xc3(\x96~\x80!\xacn\x01\xb6\x22\x92\
\x16\x91f\x0dU\xf3VO\xd1\xbdk(\xa8\x16aQ\
\x8c\xd2\x0f\xc39\x1c\x88\xd1\x9c\x1b\x8c\xe9?qr\xf4\
N#\x0fh\x19\x0c\x05\xeaU\xa0\x06\x95\x95\xf1\xb2\xea\
\xdd\xdd}O\x8e\x08\xe0\xfd\x1f\x10\xebGI\x81\x84'\
E\x92f\xc30e\x98C#\x90X_\xb0.9L\
\x1f\xdf]\xd1\x9f\x15S\xd8]\x88\xc9J|Q\xb7\xc9\
0\xb2\xb4k\xa3\xaf\xb7\x80\x7f\x89\xca\xda^e\xd5-\
G\xda\x1e\x1c\x91\xc0\xdb\xef\xd5\xbc\xeaG\xa2\xb9l/\
D\xbf\x17]}\xc7E\x16\xab?&\x83acbf\
=0\xe9\xa8\x82<0\xee\x8e\x00\x99\x89\xae\xca4F\
Q`\x0bF {#*\xef\xc4\x84\x1d=\x12\xd5\xfa\
\xcdj\xc3\xff\x00\x03\x9fe<\x0f\x09_\x0e\x00\x00\x00\
\x00IEND\xaeB`\x82\
\x00\x00\x01\x19\
<\
svg xmlns=\x22http:\
//www.w3.org/200\
0/svg\x22 width=\x2224\
\x22 height=\x2224\x22 vi\
ewBox=\x220 0 24 24\
\x22 fill=\x22none\x22 st\
roke=\x22currentCol\
or\x22 stroke-width\
=\x222\x22 stroke-line\
cap=\x22round\x22 stro\
ke-linejoin=\x22rou\
nd\x22 class=\x22feath\
er feather-moon\x22\
><path d=\x22M21 12\
.79A9 9 0 1 1 11\
.21 3 7 7 0 0 0 \
21 12.79z\x22></pat\
h></svg>\
\x00\x00\x01;\
<\
svg xmlns=\x22http:\
//www.w3.org/200\
0/svg\x22 width=\x2224\
\x22 height=\x2224\x22 vi\
ewBox=\x220 0 24 24\
\x22 fill=\x22none\x22 st\
roke=\x22currentCol\
or\x22 stroke-width\
=\x222\x22 stroke-line\
cap=\x22round\x22 stro\
ke-linejoin=\x22rou\
nd\x22 class=\x22feath\
er feather-skip-\
forward\x22><polygo\
n points=\x225 4 15\
 12 5 20 5 4\x22></\
polygon><line x1\
=\x2219\x22 y1=\x225\x22 x2=\
\x2219\x22 y2=\x2219\x22></l\
ine></svg>\
\x00\x00\x01C\
<\
svg xmlns=\x22http:\
//www.w3.org/200\
0/svg\x22 width=\x2224\
\x22 height=\x2224\x22 vi\
ewBox=\x220 0 24 24\
\x22 fill=\x22none\x22 st\
roke=\x22currentCol\
or\x22 stroke-width\
=\x222\x22 stroke-line\
cap=\x22round\x22 stro\
ke-linejoin=\x22rou\
nd\x22 class=\x22feath\
er feather-sideb\
ar\x22><rect x=\x223\x22 \
y=\x223\x22 width=\x2218\x22\
 height=\x2218\x22 rx=\
\x222\x22 ry=\x222\x22></rec\
t><line x1=\x229\x22 y\
1=\x223\x22 x2=\x229\x22 y2=\
\x2221\x22></line></sv\
g>\
\x00\x00\x01\x90\
<\
svg xmlns=\x22http:\
//www.w3.org/200\
0/svg\x22 width=\x2224\
\x22 height=\x2224\x22 vi\
ewBox=\x220 0 24 24\
\x22 fill=\x22none\x22 st\
roke=\x22currentCol\
or\x22 stroke-width\
=\x222\x22 stroke-line\
cap=\x22round\x22 stro\
ke-linejoin=\x22rou\
nd\x22 class=\x22feath\
er feather-refre\
sh-ccw\x22><polylin\
e points=\x221 4 1 \
10 7 10\x22></polyl\
ine><polyline po\
ints=\x2223 20 23 1\
4 17 14\x22></polyl\
ine><path d=\x22M20\
.49 9A9 9 0 0 0 \
5.64 5.64L1 10m2\
2 4l-4.64 4.36A9\
 9 0 0 1 3.51 15\
\x22></path></svg>\
\x00\x00\x01\x8c\
<\
svg xmlns=\x22http:\
//www.w3.org/200\
0/svg\x22 width=\x2224\
\x22 height=\x2224\x22 vi\
ewBox=\x220 0 24 24\
\x22 fill=\x22none\x22 st\
roke=\x22currentCol\
or\x22 stroke-width\
=\x222\x22 stroke-line\
cap=\x22round\x22 stro\
ke-linejoin=\x22rou\
nd\x22 class=\x22feath\
er feather-align\
-left\x22><line x1=\
\x2217\x22 y1=\x2210\x22 x2=\
\x223\x22 y2=\x2210\x22></li\
ne><line x1=\x2221\x22\
 y1=\x226\x22 x2=\x223\x22 y\
2=\x226\x22></line><li\
ne x1=\x2221\x22 y1=\x221\
4\x22 x2=\x223\x22 y2=\x2214\
\x22></line><line x\
1=\x2217\x22 y1=\x2218\x22 x\
2=\x223\x22 y2=\x2218\x22></\
line></svg>\
\x00\x00\x01;\
<\
svg xmlns=\x22http:\
//www.w3.org/200\
0/svg\x22 width=\x2224\
\x22 height=\x2224\x22 vi\
ewBox=\x220 0 24 24\
\x22 fill=\x22none\x22 st\
roke=\x22currentCol\
or\x22 stroke-width\
=\x222\x22 stroke-line\
cap=\x22round\x22 stro\
ke-linejoin=\x22rou\
nd\x22 class=\x22feath\
er feather-arrow\
-down-left\x22><lin\
e x1=\x2217\x22 y1=\x227\x22\
 x2=\x227\x22 y2=\x2217\x22>\
</line><polyline\
 points=\x2217 17 7\
 17 7 7\x22></polyl\
ine></svg>\
\x00\x00\x05\x9b\
<\
?xml version=\x221.\
0\x22 encoding=\x22UTF\
-8\x22 standalone=\x22\
no\x22?>\x0d\x0a<svg\x0d\x0a   \
width=\x2224\x22\x0d\x0a   h\
eight=\x2224\x22\x0d\x0a   v\
iewBox=\x220 0 24 2\
4\x22\x0d\x0a   fill=\x22non\
e\x22\x0d\x0a   stroke=\x22c\
urrentColor\x22\x0d\x0a  \
 stroke-width=\x222\
\x22\x0d\x0a   stroke-lin\
ecap=\x22round\x22\x0d\x0a  \
 stroke-linejoin\
=\x22round\x22\x0d\x0a   cla\
ss=\x22feather feat\
her-play-circle\x22\
\x0d\x0a   version=\x221.\
1\x22\x0d\x0a   id=\x22svg1\x22\
\x0d\x0a   sodipodi:do\
cname=\x22play-circ\
le.svg\x22\x0d\x0a   inks\
cape:version=\x221.\
4.2 (f4327f4, 20\
25-05-13)\x22\x0d\x0a   x\
mlns:inkscape=\x22h\
ttp://www.inksca\
pe.org/namespace\
s/inkscape\x22\x0d\x0a   \
xmlns:sodipodi=\x22\
http://sodipodi.\
sourceforge.net/\
DTD/sodipodi-0.d\
td\x22\x0d\x0a   xmlns=\x22h\
ttp://www.w3.org\
/2000/svg\x22\x0d\x0a   x\
mlns:svg=\x22http:/\
/www.w3.org/2000\
/svg\x22>\x0d\x0a  <defs\x0d\
\x0a     id=\x22defs1\x22\
 />\x0d\x0a  <sodipodi\
:namedview\x0d\x0a    \
 id=\x22namedview1\x22\
\x0d\x0a     pagecolor\
=\x22#ffffff\x22\x0d\x0a    \
 bordercolor=\x22#0\
00000\x22\x0d\x0a     bor\
deropacity=\x220.25\
\x22\x0d\x0a     inkscape\
:showpageshadow=\
\x222\x22\x0d\x0a     inksca\
pe:pageopacity=\x22\
0.0\x22\x0d\x0a     inksc\
ape:pagecheckerb\
oard=\x220\x22\x0d\x0a     i\
nkscape:deskcolo\
r=\x22#d1d1d1\x22\x0d\x0a   \
  inkscape:zoom=\
\x2233.625\x22\x0d\x0a     i\
nkscape:cx=\x2212\x22\x0d\
\x0a     inkscape:c\
y=\x2212\x22\x0d\x0a     ink\
scape:window-wid\
th=\x221920\x22\x0d\x0a     \
inkscape:window-\
height=\x221009\x22\x0d\x0a \
    inkscape:win\
dow-x=\x22-8\x22\x0d\x0a    \
 inkscape:window\
-y=\x22-8\x22\x0d\x0a     in\
kscape:window-ma\
ximized=\x221\x22\x0d\x0a   \
  inkscape:curre\
nt-layer=\x22svg1\x22 \
/>\x0d\x0a  <circle\x0d\x0a \
    cx=\x2212\x22\x0d\x0a   \
  cy=\x2212\x22\x0d\x0a     \
r=\x2210\x22\x0d\x0a     id=\
\x22circle1\x22\x0d\x0a     \
style=\x22stroke:#f\
fffff;stroke-opa\
city:1\x22 />\x0d\x0a  <p\
olygon\x0d\x0a     poi\
nts=\x2210 8 16 12 \
10 16 10 8\x22\x0d\x0a   \
  id=\x22polygon1\x22\x0d\
\x0a     style=\x22str\
oke:#ffffff;stro\
ke-opacity:1\x22 />\
\x0d\x0a</svg>\x0d\x0a\
\x00\x00\x01\x95\
<\
svg xmlns=\x22http:\
//www.w3.org/200\
0/svg\x22 width=\x2224\
\x22 height=\x2224\x22 vi\
ewBox=\x220 0 24 24\
\x22 fill=\x22none\x22 st\
roke=\x22currentCol\
or\x22 stroke-width\
=\x222\x22 stroke-line\
cap=\x22round\x22 stro\
ke-linejoin=\x22rou\
nd\x22 class=\x22feath\
er feather-folde\
r-plus\x22><path d=\
\x22M22 19a2 2 0 0 \
1-2 2H4a2 2 0 0 \
1-2-2V5a2 2 0 0 \
1 2-2h5l2 3h9a2 \
2 0 0 1 2 2z\x22></\
path><line x1=\x221\
2\x22 y1=\x2211\x22 x2=\x221\
2\x22 y2=\x2217\x22></lin\
e><line x1=\x229\x22 y\
1=\x2214\x22 x2=\x2215\x22 y\
2=\x2214\x22></line></\
svg>\
\x00\x00\x011\
<\
svg xmlns=\x22http:\
//www.w3.org/200\
0/svg\x22 width=\x2224\
\x22 height=\x2224\x22 vi\
ewBox=\x220 0 24 24\
\x22 fill=\x22none\x22 st\
roke=\x22currentCol\
or\x22 stroke-width\
=\x222\x22 stroke-line\
cap=\x22round\x22 stro\
ke-linejoin=\x22rou\
nd\x22 class=\x22feath\
er feather-messa\
ge-square\x22><path\
 d=\x22M21 15a2 2 0\
 0 1-2 2H7l-4 4V\
5a2 2 0 0 1 2-2h\
14a2 2 0 0 1 2 2\
z\x22></path></svg>\
\
\x00\x00\x05\xac\
<\
?xml version=\x221.\
0\x22 encoding=\x22UTF\
-8\x22 standalone=\x22\
no\x22?>\x0d\x0a<svg\x0d\x0a   \
width=\x2224\x22\x0d\x0a   h\
eight=\x2224\x22\x0d\x0a   v\
iewBox=\x220 0 24 2\
4\x22\x0d\x0a   fill=\x22non\
e\x22\x0d\x0a   stroke=\x22c\
urrentColor\x22\x0d\x0a  \
 stroke-width=\x222\
\x22\x0d\x0a   stroke-lin\
ecap=\x22round\x22\x0d\x0a  \
 stroke-linejoin\
=\x22round\x22\x0d\x0a   cla\
ss=\x22feather feat\
her-pause\x22\x0d\x0a   v\
ersion=\x221.1\x22\x0d\x0a  \
 id=\x22svg2\x22\x0d\x0a   s\
odipodi:docname=\
\x22pause.svg\x22\x0d\x0a   \
inkscape:version\
=\x221.4.2 (f4327f4\
, 2025-05-13)\x22\x0d\x0a\
   xmlns:inkscap\
e=\x22http://www.in\
kscape.org/names\
paces/inkscape\x22\x0d\
\x0a   xmlns:sodipo\
di=\x22http://sodip\
odi.sourceforge.\
net/DTD/sodipodi\
-0.dtd\x22\x0d\x0a   xmln\
s=\x22http://www.w3\
.org/2000/svg\x22\x0d\x0a\
   xmlns:svg=\x22ht\
tp://www.w3.org/\
2000/svg\x22>\x0d\x0a  <d\
efs\x0d\x0a     id=\x22de\
fs2\x22 />\x0d\x0a  <sodi\
podi:namedview\x0d\x0a\
     id=\x22namedvi\
ew2\x22\x0d\x0a     pagec\
olor=\x22#ffffff\x22\x0d\x0a\
     bordercolor\
=\x22#000000\x22\x0d\x0a    \
 borderopacity=\x22\
0.25\x22\x0d\x0a     inks\
cape:showpagesha\
dow=\x222\x22\x0d\x0a     in\
kscape:pageopaci\
ty=\x220.0\x22\x0d\x0a     i\
nkscape:pagechec\
kerboard=\x220\x22\x0d\x0a  \
   inkscape:desk\
color=\x22#d1d1d1\x22\x0d\
\x0a     inkscape:z\
oom=\x2233.625\x22\x0d\x0a  \
   inkscape:cx=\x22\
12\x22\x0d\x0a     inksca\
pe:cy=\x2212\x22\x0d\x0a    \
 inkscape:window\
-width=\x221920\x22\x0d\x0a \
    inkscape:win\
dow-height=\x221009\
\x22\x0d\x0a     inkscape\
:window-x=\x22-8\x22\x0d\x0a\
     inkscape:wi\
ndow-y=\x22-8\x22\x0d\x0a   \
  inkscape:windo\
w-maximized=\x221\x22\x0d\
\x0a     inkscape:c\
urrent-layer=\x22sv\
g2\x22 />\x0d\x0a  <rect\x0d\
\x0a     x=\x226\x22\x0d\x0a   \
  y=\x224\x22\x0d\x0a     wi\
dth=\x224\x22\x0d\x0a     he\
ight=\x2216\x22\x0d\x0a     \
id=\x22rect1\x22\x0d\x0a    \
 style=\x22stroke:#\
ffffff;stroke-op\
acity:1\x22 />\x0d\x0a  <\
rect\x0d\x0a     x=\x2214\
\x22\x0d\x0a     y=\x224\x22\x0d\x0a \
    width=\x224\x22\x0d\x0a \
    height=\x2216\x22\x0d\
\x0a     id=\x22rect2\x22\
\x0d\x0a     style=\x22st\
roke:#ffffff;str\
oke-opacity:1\x22 /\
>\x0d\x0a</svg>\x0d\x0a\
\x00\x00\x01\x98\
<\
svg xmlns=\x22http:\
//www.w3.org/200\
0/svg\x22 width=\x2224\
\x22 height=\x2224\x22 vi\
ewBox=\x220 0 24 24\
\x22 fill=\x22none\x22 st\
roke=\x22currentCol\
or\x22 stroke-width\
=\x222\x22 stroke-line\
cap=\x22round\x22 stro\
ke-linejoin=\x22rou\
nd\x22 class=\x22feath\
er feather-twitt\
er\x22><path d=\x22M23\
 3a10.9 10.9 0 0\
 1-3.14 1.53 4.4\
8 4.48 0 0 0-7.8\
6 3v1A10.66 10.6\
6 0 0 1 3 4s-4 9\
 5 13a11.64 11.6\
4 0 0 1-7 2c9 5 \
20 0 20-11.5a4.5\
 4.5 0 0 0-.08-.\
83A7.72 7.72 0 0\
 0 23 3z\x22></path\
></svg>\
\x00\x00\x01m\
<\
svg xmlns=\x22http:\
//www.w3.org/200\
0/svg\x22 width=\x2224\
\x22 height=\x2224\x22 vi\
ewBox=\x220 0 24 24\
\x22 fill=\x22none\x22 st\
roke=\x22currentCol\
or\x22 stroke-width\
=\x222\x22 stroke-line\
cap=\x22round\x22 stro\
ke-linejoin=\x22rou\
nd\x22 class=\x22feath\
er feather-edit\x22\
><path d=\x22M11 4H\
4a2 2 0 0 0-2 2v\
14a2 2 0 0 0 2 2\
h14a2 2 0 0 0 2-\
2v-7\x22></path><pa\
th d=\x22M18.5 2.5a\
2.121 2.121 0 0 \
1 3 3L12 15l-4 1\
 1-4 9.5-9.5z\x22><\
/path></svg>\
\x00\x00\x01\x88\
<\
svg xmlns=\x22http:\
//www.w3.org/200\
0/svg\x22 width=\x2224\
\x22 height=\x2224\x22 vi\
ewBox=\x220 0 24 24\
\x22 fill=\x22none\x22 st\
roke=\x22currentCol\
or\x22 stroke-width\
=\x222\x22 stroke-line\
cap=\x22round\x22 stro\
ke-linejoin=\x22rou\
nd\x22 class=\x22feath\
er feather-repea\
t\x22><polyline poi\
nts=\x2217 1 21 5 1\
7 9\x22></polyline>\
<path d=\x22M3 11V9\
a4 4 0 0 1 4-4h1\
4\x22></path><polyl\
ine points=\x227 23\
 3 19 7 15\x22></po\
lyline><path d=\x22\
M21 13v2a4 4 0 0\
 1-4 4H3\x22></path\
></svg>\
\x00\x00\x06P\
<\
?xml version=\x221.\
0\x22 encoding=\x22UTF\
-8\x22 standalone=\x22\
no\x22?>\x0d\x0a<svg\x0d\x0a   \
width=\x2224\x22\x0d\x0a   h\
eight=\x2224\x22\x0d\x0a   v\
iewBox=\x220 0 24 2\
4\x22\x0d\x0a   fill=\x22non\
e\x22\x0d\x0a   stroke=\x22c\
urrentColor\x22\x0d\x0a  \
 stroke-width=\x222\
\x22\x0d\x0a   stroke-lin\
ecap=\x22round\x22\x0d\x0a  \
 stroke-linejoin\
=\x22round\x22\x0d\x0a   cla\
ss=\x22feather feat\
her-x-octagon\x22\x0d\x0a\
   version=\x221.1\x22\
\x0d\x0a   id=\x22svg2\x22\x0d\x0a\
   sodipodi:docn\
ame=\x22x-octagon.s\
vg\x22\x0d\x0a   inkscape\
:version=\x221.4 (8\
6a8ad7, 2024-10-\
11)\x22\x0d\x0a   xmlns:i\
nkscape=\x22http://\
www.inkscape.org\
/namespaces/inks\
cape\x22\x0d\x0a   xmlns:\
sodipodi=\x22http:/\
/sodipodi.source\
forge.net/DTD/so\
dipodi-0.dtd\x22\x0d\x0a \
  xmlns=\x22http://\
www.w3.org/2000/\
svg\x22\x0d\x0a   xmlns:s\
vg=\x22http://www.w\
3.org/2000/svg\x22>\
\x0d\x0a  <defs\x0d\x0a     \
id=\x22defs2\x22 />\x0d\x0a \
 <sodipodi:named\
view\x0d\x0a     id=\x22n\
amedview2\x22\x0d\x0a    \
 pagecolor=\x22#fff\
fff\x22\x0d\x0a     borde\
rcolor=\x22#000000\x22\
\x0d\x0a     borderopa\
city=\x220.25\x22\x0d\x0a   \
  inkscape:showp\
ageshadow=\x222\x22\x0d\x0a \
    inkscape:pag\
eopacity=\x220.0\x22\x0d\x0a\
     inkscape:pa\
gecheckerboard=\x22\
0\x22\x0d\x0a     inkscap\
e:deskcolor=\x22#d1\
d1d1\x22\x0d\x0a     inks\
cape:zoom=\x2233.62\
5\x22\x0d\x0a     inkscap\
e:cx=\x2212\x22\x0d\x0a     \
inkscape:cy=\x2212\x22\
\x0d\x0a     inkscape:\
window-width=\x2219\
20\x22\x0d\x0a     inksca\
pe:window-height\
=\x221009\x22\x0d\x0a     in\
kscape:window-x=\
\x22-8\x22\x0d\x0a     inksc\
ape:window-y=\x22-8\
\x22\x0d\x0a     inkscape\
:window-maximize\
d=\x221\x22\x0d\x0a     inks\
cape:current-lay\
er=\x22svg2\x22 />\x0d\x0a  \
<polygon\x0d\x0a     p\
oints=\x227.86 2 16\
.14 2 22 7.86 22\
 16.14 16.14 22 \
7.86 22 2 16.14 \
2 7.86 7.86 2\x22\x0d\x0a\
     id=\x22polygon\
1\x22\x0d\x0a     style=\x22\
stroke:#ffffff;s\
troke-opacity:1\x22\
 />\x0d\x0a  <line\x0d\x0a  \
   x1=\x2215\x22\x0d\x0a    \
 y1=\x229\x22\x0d\x0a     x2\
=\x229\x22\x0d\x0a     y2=\x221\
5\x22\x0d\x0a     id=\x22lin\
e1\x22\x0d\x0a     style=\
\x22stroke:#ffffff;\
stroke-opacity:1\
\x22 />\x0d\x0a  <line\x0d\x0a \
    x1=\x229\x22\x0d\x0a    \
 y1=\x229\x22\x0d\x0a     x2\
=\x2215\x22\x0d\x0a     y2=\x22\
15\x22\x0d\x0a     id=\x22li\
ne2\x22\x0d\x0a     style\
=\x22stroke:#ffffff\
;stroke-opacity:\
1\x22 />\x0d\x0a</svg>\x0d\x0a\
\x00\x00\x01\x95\
<\
svg xmlns=\x22http:\
//www.w3.org/200\
0/svg\x22 width=\x2224\
\x22 height=\x2224\x22 vi\
ewBox=\x220 0 24 24\
\x22 fill=\x22none\x22 st\
roke=\x22currentCol\
or\x22 stroke-width\
=\x222\x22 stroke-line\
cap=\x22round\x22 stro\
ke-linejoin=\x22rou\
nd\x22 class=\x22feath\
er feather-shiel\
d-off\x22><path d=\x22\
M19.69 14a6.9 6.\
9 0 0 0 .31-2V5l\
-8-3-3.16 1.18\x22>\
</path><path d=\x22\
M4.73 4.73L4 5v7\
c0 6 8 10 8 10a2\
0.29 20.29 0 0 0\
 5.62-4.38\x22></pa\
th><line x1=\x221\x22 \
y1=\x221\x22 x2=\x2223\x22 y\
2=\x2223\x22></line></\
svg>\
\x00\x00\x01\xaf\
<\
svg xmlns=\x22http:\
//www.w3.org/200\
0/svg\x22 width=\x2224\
\x22 height=\x2224\x22 vi\
ewBox=\x220 0 24 24\
\x22 fill=\x22none\x22 st\
roke=\x22currentCol\
or\x22 stroke-width\
=\x222\x22 stroke-line\
cap=\x22round\x22 stro\
ke-linejoin=\x22rou\
nd\x22 class=\x22feath\
er feather-serve\
r\x22><rect x=\x222\x22 y\
=\x222\x22 width=\x2220\x22 \
height=\x228\x22 rx=\x222\
\x22 ry=\x222\x22></rect>\
<rect x=\x222\x22 y=\x221\
4\x22 width=\x2220\x22 he\
ight=\x228\x22 rx=\x222\x22 \
ry=\x222\x22></rect><l\
ine x1=\x226\x22 y1=\x226\
\x22 x2=\x226.01\x22 y2=\x22\
6\x22></line><line \
x1=\x226\x22 y1=\x2218\x22 x\
2=\x226.01\x22 y2=\x2218\x22\
></line></svg>\
\x00\x00\x01\xbd\
<\
svg xmlns=\x22http:\
//www.w3.org/200\
0/svg\x22 width=\x2224\
\x22 height=\x2224\x22 vi\
ewBox=\x220 0 24 24\
\x22 fill=\x22none\x22 st\
roke=\x22currentCol\
or\x22 stroke-width\
=\x222\x22 stroke-line\
cap=\x22round\x22 stro\
ke-linejoin=\x22rou\
nd\x22 class=\x22feath\
er feather-share\
-2\x22><circle cx=\x22\
18\x22 cy=\x225\x22 r=\x223\x22\
></circle><circl\
e cx=\x226\x22 cy=\x2212\x22\
 r=\x223\x22></circle>\
<circle cx=\x2218\x22 \
cy=\x2219\x22 r=\x223\x22></\
circle><line x1=\
\x228.59\x22 y1=\x2213.51\
\x22 x2=\x2215.42\x22 y2=\
\x2217.49\x22></line><\
line x1=\x2215.41\x22 \
y1=\x226.51\x22 x2=\x228.\
59\x22 y2=\x2210.49\x22><\
/line></svg>\
\x00\x00\x01B\
<\
svg xmlns=\x22http:\
//www.w3.org/200\
0/svg\x22 width=\x2224\
\x22 height=\x2224\x22 vi\
ewBox=\x220 0 24 24\
\x22 fill=\x22none\x22 st\
roke=\x22currentCol\
or\x22 stroke-width\
=\x222\x22 stroke-line\
cap=\x22round\x22 stro\
ke-linejoin=\x22rou\
nd\x22 class=\x22feath\
er feather-map-p\
in\x22><path d=\x22M21\
 10c0 7-9 13-9 1\
3s-9-6-9-13a9 9 \
0 0 1 18 0z\x22></p\
ath><circle cx=\x22\
12\x22 cy=\x2210\x22 r=\x223\
\x22></circle></svg\
>\
\x00\x00\x01?\
<\
svg xmlns=\x22http:\
//www.w3.org/200\
0/svg\x22 width=\x2224\
\x22 height=\x2224\x22 vi\
ewBox=\x220 0 24 24\
\x22 fill=\x22none\x22 st\
roke=\x22currentCol\
or\x22 stroke-width\
=\x222\x22 stroke-line\
cap=\x22round\x22 stro\
ke-linejoin=\x22rou\
nd\x22 class=\x22feath\
er feather-under\
line\x22><path d=\x22M\
6 3v7a6 6 0 0 0 \
6 6 6 6 0 0 0 6-\
6V3\x22></path><lin\
e x1=\x224\x22 y1=\x2221\x22\
 x2=\x2220\x22 y2=\x2221\x22\
></line></svg>\
\x00\x00\x01=\
<\
svg xmlns=\x22http:\
//www.w3.org/200\
0/svg\x22 width=\x2224\
\x22 height=\x2224\x22 vi\
ewBox=\x220 0 24 24\
\x22 fill=\x22none\x22 st\
roke=\x22currentCol\
or\x22 stroke-width\
=\x222\x22 stroke-line\
cap=\x22round\x22 stro\
ke-linejoin=\x22rou\
nd\x22 class=\x22feath\
er feather-edit-\
3\x22><path d=\x22M12 \
20h9\x22></path><pa\
th d=\x22M16.5 3.5a\
2.121 2.121 0 0 \
1 3 3L7 19l-4 1 \
1-4L16.5 3.5z\x22><\
/path></svg>\
\x00\x00\x05A\
<\
?xml version=\x221.\
0\x22 encoding=\x22UTF\
-8\x22 standalone=\x22\
no\x22?>\x0d\x0a<svg\x0d\x0a   \
width=\x2224\x22\x0d\x0a   h\
eight=\x2224\x22\x0d\x0a   v\
iewBox=\x220 0 24 2\
4\x22\x0d\x0a   fill=\x22non\
e\x22\x0d\x0a   stroke=\x22c\
urrentColor\x22\x0d\x0a  \
 stroke-width=\x222\
\x22\x0d\x0a   stroke-lin\
ecap=\x22round\x22\x0d\x0a  \
 stroke-linejoin\
=\x22round\x22\x0d\x0a   cla\
ss=\x22feather feat\
her-square\x22\x0d\x0a   \
version=\x221.1\x22\x0d\x0a \
  id=\x22svg1\x22\x0d\x0a   \
sodipodi:docname\
=\x22square.svg\x22\x0d\x0a \
  inkscape:versi\
on=\x221.4 (86a8ad7\
, 2024-10-11)\x22\x0d\x0a\
   xmlns:inkscap\
e=\x22http://www.in\
kscape.org/names\
paces/inkscape\x22\x0d\
\x0a   xmlns:sodipo\
di=\x22http://sodip\
odi.sourceforge.\
net/DTD/sodipodi\
-0.dtd\x22\x0d\x0a   xmln\
s=\x22http://www.w3\
.org/2000/svg\x22\x0d\x0a\
   xmlns:svg=\x22ht\
tp://www.w3.org/\
2000/svg\x22>\x0d\x0a  <d\
efs\x0d\x0a     id=\x22de\
fs1\x22 />\x0d\x0a  <sodi\
podi:namedview\x0d\x0a\
     id=\x22namedvi\
ew1\x22\x0d\x0a     pagec\
olor=\x22#ffffff\x22\x0d\x0a\
     bordercolor\
=\x22#000000\x22\x0d\x0a    \
 borderopacity=\x22\
0.25\x22\x0d\x0a     inks\
cape:showpagesha\
dow=\x222\x22\x0d\x0a     in\
kscape:pageopaci\
ty=\x220.0\x22\x0d\x0a     i\
nkscape:pagechec\
kerboard=\x220\x22\x0d\x0a  \
   inkscape:desk\
color=\x22#d1d1d1\x22\x0d\
\x0a     inkscape:z\
oom=\x2233.625\x22\x0d\x0a  \
   inkscape:cx=\x22\
12\x22\x0d\x0a     inksca\
pe:cy=\x2212\x22\x0d\x0a    \
 inkscape:window\
-width=\x221920\x22\x0d\x0a \
    inkscape:win\
dow-height=\x221009\
\x22\x0d\x0a     inkscape\
:window-x=\x22-8\x22\x0d\x0a\
     inkscape:wi\
ndow-y=\x22-8\x22\x0d\x0a   \
  inkscape:windo\
w-maximized=\x221\x22\x0d\
\x0a     inkscape:c\
urrent-layer=\x22sv\
g1\x22 />\x0d\x0a  <rect\x0d\
\x0a     x=\x223\x22\x0d\x0a   \
  y=\x223\x22\x0d\x0a     wi\
dth=\x2218\x22\x0d\x0a     h\
eight=\x2218\x22\x0d\x0a    \
 rx=\x222\x22\x0d\x0a     ry\
=\x222\x22\x0d\x0a     id=\x22r\
ect1\x22\x0d\x0a     styl\
e=\x22stroke:#fffff\
f;stroke-opacity\
:1\x22 />\x0d\x0a</svg>\x0d\x0a\
\
\x00\x00\x01\x0c\
<\
svg xmlns=\x22http:\
//www.w3.org/200\
0/svg\x22 width=\x2224\
\x22 height=\x2224\x22 vi\
ewBox=\x220 0 24 24\
\x22 fill=\x22none\x22 st\
roke=\x22currentCol\
or\x22 stroke-width\
=\x222\x22 stroke-line\
cap=\x22round\x22 stro\
ke-linejoin=\x22rou\
nd\x22 class=\x22feath\
er feather-chevr\
on-up\x22><polyline\
 points=\x2218 15 1\
2 9 6 15\x22></poly\
line></svg>\
\x00\x00\x01C\
<\
svg xmlns=\x22http:\
//www.w3.org/200\
0/svg\x22 width=\x2224\
\x22 height=\x2224\x22 vi\
ewBox=\x220 0 24 24\
\x22 fill=\x22none\x22 st\
roke=\x22currentCol\
or\x22 stroke-width\
=\x222\x22 stroke-line\
cap=\x22round\x22 stro\
ke-linejoin=\x22rou\
nd\x22 class=\x22feath\
er feather-toggl\
e-left\x22><rect x=\
\x221\x22 y=\x225\x22 width=\
\x2222\x22 height=\x2214\x22\
 rx=\x227\x22 ry=\x227\x22><\
/rect><circle cx\
=\x228\x22 cy=\x2212\x22 r=\x22\
3\x22></circle></sv\
g>\
\x00\x00\x01L\
<\
svg xmlns=\x22http:\
//www.w3.org/200\
0/svg\x22 width=\x2224\
\x22 height=\x2224\x22 vi\
ewBox=\x220 0 24 24\
\x22 fill=\x22none\x22 st\
roke=\x22currentCol\
or\x22 stroke-width\
=\x222\x22 stroke-line\
cap=\x22round\x22 stro\
ke-linejoin=\x22rou\
nd\x22 class=\x22feath\
er feather-smart\
phone\x22><rect x=\x22\
5\x22 y=\x222\x22 width=\x22\
14\x22 height=\x2220\x22 \
rx=\x222\x22 ry=\x222\x22></\
rect><line x1=\x221\
2\x22 y1=\x2218\x22 x2=\x221\
2.01\x22 y2=\x2218\x22></\
line></svg>\
\x00\x00\x01\xcc\
<\
svg xmlns=\x22http:\
//www.w3.org/200\
0/svg\x22 width=\x2224\
\x22 height=\x2224\x22 vi\
ewBox=\x220 0 24 24\
\x22 fill=\x22none\x22 st\
roke=\x22currentCol\
or\x22 stroke-width\
=\x222\x22 stroke-line\
cap=\x22round\x22 stro\
ke-linejoin=\x22rou\
nd\x22 class=\x22feath\
er feather-eye-o\
ff\x22><path d=\x22M17\
.94 17.94A10.07 \
10.07 0 0 1 12 2\
0c-7 0-11-8-11-8\
a18.45 18.45 0 0\
 1 5.06-5.94M9.9\
 4.24A9.12 9.12 \
0 0 1 12 4c7 0 1\
1 8 11 8a18.5 18\
.5 0 0 1-2.16 3.\
19m-6.72-1.07a3 \
3 0 1 1-4.24-4.2\
4\x22></path><line \
x1=\x221\x22 y1=\x221\x22 x2\
=\x2223\x22 y2=\x2223\x22></\
line></svg>\
\x00\x00\x01u\
<\
svg xmlns=\x22http:\
//www.w3.org/200\
0/svg\x22 width=\x2224\
\x22 height=\x2224\x22 vi\
ewBox=\x220 0 24 24\
\x22 fill=\x22none\x22 st\
roke=\x22currentCol\
or\x22 stroke-width\
=\x222\x22 stroke-line\
cap=\x22round\x22 stro\
ke-linejoin=\x22rou\
nd\x22 class=\x22feath\
er feather-feath\
er\x22><path d=\x22M20\
.24 12.24a6 6 0 \
0 0-8.49-8.49L5 \
10.5V19h8.5z\x22></\
path><line x1=\x221\
6\x22 y1=\x228\x22 x2=\x222\x22\
 y2=\x2222\x22></line>\
<line x1=\x2217.5\x22 \
y1=\x2215\x22 x2=\x229\x22 y\
2=\x2215\x22></line></\
svg>\
\x00\x00\x01?\
<\
svg xmlns=\x22http:\
//www.w3.org/200\
0/svg\x22 width=\x2224\
\x22 height=\x2224\x22 vi\
ewBox=\x220 0 24 24\
\x22 fill=\x22none\x22 st\
roke=\x22currentCol\
or\x22 stroke-width\
=\x222\x22 stroke-line\
cap=\x22round\x22 stro\
ke-linejoin=\x22rou\
nd\x22 class=\x22feath\
er feather-rewin\
d\x22><polygon poin\
ts=\x2211 19 2 12 1\
1 5 11 19\x22></pol\
ygon><polygon po\
ints=\x2222 19 13 1\
2 22 5 22 19\x22></\
polygon></svg>\
\x00\x00\x01\x83\
<\
svg xmlns=\x22http:\
//www.w3.org/200\
0/svg\x22 width=\x2224\
\x22 height=\x2224\x22 vi\
ewBox=\x220 0 24 24\
\x22 fill=\x22none\x22 st\
roke=\x22currentCol\
or\x22 stroke-width\
=\x222\x22 stroke-line\
cap=\x22round\x22 stro\
ke-linejoin=\x22rou\
nd\x22 class=\x22feath\
er feather-cast\x22\
><path d=\x22M2 16.\
1A5 5 0 0 1 5.9 \
20M2 12.05A9 9 0\
 0 1 9.95 20M2 8\
V6a2 2 0 0 1 2-2\
h16a2 2 0 0 1 2 \
2v12a2 2 0 0 1-2\
 2h-6\x22></path><l\
ine x1=\x222\x22 y1=\x222\
0\x22 x2=\x222.01\x22 y2=\
\x2220\x22></line></sv\
g>\
\x00\x00\x019\
<\
svg xmlns=\x22http:\
//www.w3.org/200\
0/svg\x22 width=\x2224\
\x22 height=\x2224\x22 vi\
ewBox=\x220 0 24 24\
\x22 fill=\x22none\x22 st\
roke=\x22currentCol\
or\x22 stroke-width\
=\x222\x22 stroke-line\
cap=\x22round\x22 stro\
ke-linejoin=\x22rou\
nd\x22 class=\x22feath\
er feather-arrow\
-down\x22><line x1=\
\x2212\x22 y1=\x225\x22 x2=\x22\
12\x22 y2=\x2219\x22></li\
ne><polyline poi\
nts=\x2219 12 12 19\
 5 12\x22></polylin\
e></svg>\
\x00\x00\x02-\
<\
svg xmlns=\x22http:\
//www.w3.org/200\
0/svg\x22 width=\x2224\
\x22 height=\x2224\x22 vi\
ewBox=\x220 0 24 24\
\x22 fill=\x22none\x22 st\
roke=\x22currentCol\
or\x22 stroke-width\
=\x222\x22 stroke-line\
cap=\x22round\x22 stro\
ke-linejoin=\x22rou\
nd\x22 class=\x22feath\
er feather-cloud\
-drizzle\x22><line \
x1=\x228\x22 y1=\x2219\x22 x\
2=\x228\x22 y2=\x2221\x22></\
line><line x1=\x228\
\x22 y1=\x2213\x22 x2=\x228\x22\
 y2=\x2215\x22></line>\
<line x1=\x2216\x22 y1\
=\x2219\x22 x2=\x2216\x22 y2\
=\x2221\x22></line><li\
ne x1=\x2216\x22 y1=\x221\
3\x22 x2=\x2216\x22 y2=\x221\
5\x22></line><line \
x1=\x2212\x22 y1=\x2221\x22 \
x2=\x2212\x22 y2=\x2223\x22>\
</line><line x1=\
\x2212\x22 y1=\x2215\x22 x2=\
\x2212\x22 y2=\x2217\x22></l\
ine><path d=\x22M20\
 16.58A5 5 0 0 0\
 18 7h-1.26A8 8 \
0 1 0 4 15.25\x22><\
/path></svg>\
\x00\x00\x01P\
<\
svg xmlns=\x22http:\
//www.w3.org/200\
0/svg\x22 width=\x2224\
\x22 height=\x2224\x22 vi\
ewBox=\x220 0 24 24\
\x22 fill=\x22none\x22 st\
roke=\x22currentCol\
or\x22 stroke-width\
=\x222\x22 stroke-line\
cap=\x22round\x22 stro\
ke-linejoin=\x22rou\
nd\x22 class=\x22feath\
er feather-git-m\
erge\x22><circle cx\
=\x2218\x22 cy=\x2218\x22 r=\
\x223\x22></circle><ci\
rcle cx=\x226\x22 cy=\x22\
6\x22 r=\x223\x22></circl\
e><path d=\x22M6 21\
V9a9 9 0 0 0 9 9\
\x22></path></svg>\
\x00\x00\x02?\
<\
svg xmlns=\x22http:\
//www.w3.org/200\
0/svg\x22 width=\x2224\
\x22 height=\x2224\x22 vi\
ewBox=\x220 0 24 24\
\x22 fill=\x22none\x22 st\
roke=\x22currentCol\
or\x22 stroke-width\
=\x222\x22 stroke-line\
cap=\x22round\x22 stro\
ke-linejoin=\x22rou\
nd\x22 class=\x22feath\
er feather-life-\
buoy\x22><circle cx\
=\x2212\x22 cy=\x2212\x22 r=\
\x2210\x22></circle><c\
ircle cx=\x2212\x22 cy\
=\x2212\x22 r=\x224\x22></ci\
rcle><line x1=\x224\
.93\x22 y1=\x224.93\x22 x\
2=\x229.17\x22 y2=\x229.1\
7\x22></line><line \
x1=\x2214.83\x22 y1=\x221\
4.83\x22 x2=\x2219.07\x22\
 y2=\x2219.07\x22></li\
ne><line x1=\x2214.\
83\x22 y1=\x229.17\x22 x2\
=\x2219.07\x22 y2=\x224.9\
3\x22></line><line \
x1=\x2214.83\x22 y1=\x229\
.17\x22 x2=\x2218.36\x22 \
y2=\x225.64\x22></line\
><line x1=\x224.93\x22\
 y1=\x2219.07\x22 x2=\x22\
9.17\x22 y2=\x2214.83\x22\
></line></svg>\
\x00\x00\x013\
<\
svg xmlns=\x22http:\
//www.w3.org/200\
0/svg\x22 width=\x2224\
\x22 height=\x2224\x22 vi\
ewBox=\x220 0 24 24\
\x22 fill=\x22none\x22 st\
roke=\x22currentCol\
or\x22 stroke-width\
=\x222\x22 stroke-line\
cap=\x22round\x22 stro\
ke-linejoin=\x22rou\
nd\x22 class=\x22feath\
er feather-code\x22\
><polyline point\
s=\x2216 18 22 12 1\
6 6\x22></polyline>\
<polyline points\
=\x228 6 2 12 8 18\x22\
></polyline></sv\
g>\
\x00\x00\x07\xab\
<\
?xml version=\x221.\
0\x22 encoding=\x22UTF\
-8\x22 standalone=\x22\
no\x22?>\x0d\x0a<svg\x0d\x0a   \
width=\x2224\x22\x0d\x0a   h\
eight=\x2224\x22\x0d\x0a   v\
iewBox=\x220 0 24 2\
4\x22\x0d\x0a   fill=\x22non\
e\x22\x0d\x0a   stroke=\x22c\
urrentColor\x22\x0d\x0a  \
 stroke-width=\x222\
\x22\x0d\x0a   stroke-lin\
ecap=\x22round\x22\x0d\x0a  \
 stroke-linejoin\
=\x22round\x22\x0d\x0a   cla\
ss=\x22feather feat\
her-list\x22\x0d\x0a   ve\
rsion=\x221.1\x22\x0d\x0a   \
id=\x22svg6\x22\x0d\x0a   so\
dipodi:docname=\x22\
list.svg\x22\x0d\x0a   in\
kscape:version=\x22\
1.4 (86a8ad7, 20\
24-10-11)\x22\x0d\x0a   x\
mlns:inkscape=\x22h\
ttp://www.inksca\
pe.org/namespace\
s/inkscape\x22\x0d\x0a   \
xmlns:sodipodi=\x22\
http://sodipodi.\
sourceforge.net/\
DTD/sodipodi-0.d\
td\x22\x0d\x0a   xmlns=\x22h\
ttp://www.w3.org\
/2000/svg\x22\x0d\x0a   x\
mlns:svg=\x22http:/\
/www.w3.org/2000\
/svg\x22>\x0d\x0a  <defs\x0d\
\x0a     id=\x22defs6\x22\
 />\x0d\x0a  <sodipodi\
:namedview\x0d\x0a    \
 id=\x22namedview6\x22\
\x0d\x0a     pagecolor\
=\x22#ffffff\x22\x0d\x0a    \
 bordercolor=\x22#0\
00000\x22\x0d\x0a     bor\
deropacity=\x220.25\
\x22\x0d\x0a     inkscape\
:showpageshadow=\
\x222\x22\x0d\x0a     inksca\
pe:pageopacity=\x22\
0.0\x22\x0d\x0a     inksc\
ape:pagecheckerb\
oard=\x220\x22\x0d\x0a     i\
nkscape:deskcolo\
r=\x22#d1d1d1\x22\x0d\x0a   \
  inkscape:zoom=\
\x2233.625\x22\x0d\x0a     i\
nkscape:cx=\x2212\x22\x0d\
\x0a     inkscape:c\
y=\x2212\x22\x0d\x0a     ink\
scape:window-wid\
th=\x221920\x22\x0d\x0a     \
inkscape:window-\
height=\x221009\x22\x0d\x0a \
    inkscape:win\
dow-x=\x22-8\x22\x0d\x0a    \
 inkscape:window\
-y=\x22-8\x22\x0d\x0a     in\
kscape:window-ma\
ximized=\x221\x22\x0d\x0a   \
  inkscape:curre\
nt-layer=\x22svg6\x22 \
/>\x0d\x0a  <line\x0d\x0a   \
  x1=\x228\x22\x0d\x0a     y\
1=\x226\x22\x0d\x0a     x2=\x22\
21\x22\x0d\x0a     y2=\x226\x22\
\x0d\x0a     id=\x22line1\
\x22\x0d\x0a     style=\x22s\
troke:#ffffff;st\
roke-opacity:1\x22 \
/>\x0d\x0a  <line\x0d\x0a   \
  x1=\x228\x22\x0d\x0a     y\
1=\x2212\x22\x0d\x0a     x2=\
\x2221\x22\x0d\x0a     y2=\x221\
2\x22\x0d\x0a     id=\x22lin\
e2\x22\x0d\x0a     style=\
\x22stroke:#ffffff;\
stroke-opacity:1\
\x22 />\x0d\x0a  <line\x0d\x0a \
    x1=\x228\x22\x0d\x0a    \
 y1=\x2218\x22\x0d\x0a     x\
2=\x2221\x22\x0d\x0a     y2=\
\x2218\x22\x0d\x0a     id=\x22l\
ine3\x22\x0d\x0a     styl\
e=\x22stroke:#fffff\
f;stroke-opacity\
:1\x22 />\x0d\x0a  <line\x0d\
\x0a     x1=\x223\x22\x0d\x0a  \
   y1=\x226\x22\x0d\x0a     \
x2=\x223.01\x22\x0d\x0a     \
y2=\x226\x22\x0d\x0a     id=\
\x22line4\x22\x0d\x0a     st\
yle=\x22stroke:#fff\
fff;stroke-opaci\
ty:1\x22 />\x0d\x0a  <lin\
e\x0d\x0a     x1=\x223\x22\x0d\x0a\
     y1=\x2212\x22\x0d\x0a  \
   x2=\x223.01\x22\x0d\x0a  \
   y2=\x2212\x22\x0d\x0a    \
 id=\x22line5\x22\x0d\x0a   \
  style=\x22stroke:\
#ffffff;stroke-o\
pacity:1\x22 />\x0d\x0a  \
<line\x0d\x0a     x1=\x22\
3\x22\x0d\x0a     y1=\x2218\x22\
\x0d\x0a     x2=\x223.01\x22\
\x0d\x0a     y2=\x2218\x22\x0d\x0a\
     id=\x22line6\x22\x0d\
\x0a     style=\x22str\
oke:#ffffff;stro\
ke-opacity:1\x22 />\
\x0d\x0a</svg>\x0d\x0a\
\x00\x00\x01`\
<\
svg xmlns=\x22http:\
//www.w3.org/200\
0/svg\x22 width=\x2224\
\x22 height=\x2224\x22 vi\
ewBox=\x220 0 24 24\
\x22 fill=\x22none\x22 st\
roke=\x22currentCol\
or\x22 stroke-width\
=\x222\x22 stroke-line\
cap=\x22round\x22 stro\
ke-linejoin=\x22rou\
nd\x22 class=\x22feath\
er feather-type\x22\
><polyline point\
s=\x224 7 4 4 20 4 \
20 7\x22></polyline\
><line x1=\x229\x22 y1\
=\x2220\x22 x2=\x2215\x22 y2\
=\x2220\x22></line><li\
ne x1=\x2212\x22 y1=\x224\
\x22 x2=\x2212\x22 y2=\x2220\
\x22></line></svg>\
\x00\x00\x06\x17\
<\
?xml version=\x221.\
0\x22 encoding=\x22UTF\
-8\x22 standalone=\x22\
no\x22?>\x0d\x0a<svg\x0d\x0a   \
width=\x2224\x22\x0d\x0a   h\
eight=\x2224\x22\x0d\x0a   v\
iewBox=\x220 0 24 2\
4\x22\x0d\x0a   fill=\x22non\
e\x22\x0d\x0a   stroke=\x22c\
urrentColor\x22\x0d\x0a  \
 stroke-width=\x222\
\x22\x0d\x0a   stroke-lin\
ecap=\x22round\x22\x0d\x0a  \
 stroke-linejoin\
=\x22round\x22\x0d\x0a   cla\
ss=\x22feather feat\
her-more-horizon\
tal\x22\x0d\x0a   version\
=\x221.1\x22\x0d\x0a   id=\x22s\
vg3\x22\x0d\x0a   sodipod\
i:docname=\x22more-\
horizontal.svg\x22\x0d\
\x0a   inkscape:ver\
sion=\x221.4 (86a8a\
d7, 2024-10-11)\x22\
\x0d\x0a   xmlns:inksc\
ape=\x22http://www.\
inkscape.org/nam\
espaces/inkscape\
\x22\x0d\x0a   xmlns:sodi\
podi=\x22http://sod\
ipodi.sourceforg\
e.net/DTD/sodipo\
di-0.dtd\x22\x0d\x0a   xm\
lns=\x22http://www.\
w3.org/2000/svg\x22\
\x0d\x0a   xmlns:svg=\x22\
http://www.w3.or\
g/2000/svg\x22>\x0d\x0a  \
<defs\x0d\x0a     id=\x22\
defs3\x22 />\x0d\x0a  <so\
dipodi:namedview\
\x0d\x0a     id=\x22named\
view3\x22\x0d\x0a     pag\
ecolor=\x22#ffffff\x22\
\x0d\x0a     bordercol\
or=\x22#000000\x22\x0d\x0a  \
   borderopacity\
=\x220.25\x22\x0d\x0a     in\
kscape:showpages\
hadow=\x222\x22\x0d\x0a     \
inkscape:pageopa\
city=\x220.0\x22\x0d\x0a    \
 inkscape:pagech\
eckerboard=\x220\x22\x0d\x0a\
     inkscape:de\
skcolor=\x22#d1d1d1\
\x22\x0d\x0a     inkscape\
:zoom=\x2233.625\x22\x0d\x0a\
     inkscape:cx\
=\x2212\x22\x0d\x0a     inks\
cape:cy=\x2212\x22\x0d\x0a  \
   inkscape:wind\
ow-width=\x221920\x22\x0d\
\x0a     inkscape:w\
indow-height=\x2210\
09\x22\x0d\x0a     inksca\
pe:window-x=\x22-8\x22\
\x0d\x0a     inkscape:\
window-y=\x22-8\x22\x0d\x0a \
    inkscape:win\
dow-maximized=\x221\
\x22\x0d\x0a     inkscape\
:current-layer=\x22\
svg3\x22 />\x0d\x0a  <cir\
cle\x0d\x0a     cx=\x2212\
\x22\x0d\x0a     cy=\x2212\x22\x0d\
\x0a     r=\x221\x22\x0d\x0a   \
  id=\x22circle1\x22\x0d\x0a\
     style=\x22stro\
ke:#ffffff;strok\
e-opacity:1\x22 />\x0d\
\x0a  <circle\x0d\x0a    \
 cx=\x2219\x22\x0d\x0a     c\
y=\x2212\x22\x0d\x0a     r=\x22\
1\x22\x0d\x0a     id=\x22cir\
cle2\x22\x0d\x0a     styl\
e=\x22stroke:#fffff\
f;stroke-opacity\
:1\x22 />\x0d\x0a  <circl\
e\x0d\x0a     cx=\x225\x22\x0d\x0a\
     cy=\x2212\x22\x0d\x0a  \
   r=\x221\x22\x0d\x0a     i\
d=\x22circle3\x22\x0d\x0a   \
  style=\x22stroke:\
#ffffff;stroke-o\
pacity:1\x22 />\x0d\x0a</\
svg>\x0d\x0a\
\x00\x00\x016\
<\
svg xmlns=\x22http:\
//www.w3.org/200\
0/svg\x22 width=\x2224\
\x22 height=\x2224\x22 vi\
ewBox=\x220 0 24 24\
\x22 fill=\x22none\x22 st\
roke=\x22currentCol\
or\x22 stroke-width\
=\x222\x22 stroke-line\
cap=\x22round\x22 stro\
ke-linejoin=\x22rou\
nd\x22 class=\x22feath\
er feather-crop\x22\
><path d=\x22M6.13 \
1L6 16a2 2 0 0 0\
 2 2h15\x22></path>\
<path d=\x22M1 6.13\
L16 6a2 2 0 0 1 \
2 2v15\x22></path><\
/svg>\
\x00\x00\x01B\
<\
svg xmlns=\x22http:\
//www.w3.org/200\
0/svg\x22 width=\x2224\
\x22 height=\x2224\x22 vi\
ewBox=\x220 0 24 24\
\x22 fill=\x22none\x22 st\
roke=\x22currentCol\
or\x22 stroke-width\
=\x222\x22 stroke-line\
cap=\x22round\x22 stro\
ke-linejoin=\x22rou\
nd\x22 class=\x22feath\
er feather-unloc\
k\x22><rect x=\x223\x22 y\
=\x2211\x22 width=\x2218\x22\
 height=\x2211\x22 rx=\
\x222\x22 ry=\x222\x22></rec\
t><path d=\x22M7 11\
V7a5 5 0 0 1 9.9\
-1\x22></path></svg\
>\
\x00\x00\x014\
<\
svg xmlns=\x22http:\
//www.w3.org/200\
0/svg\x22 width=\x2224\
\x22 height=\x2224\x22 vi\
ewBox=\x220 0 24 24\
\x22 fill=\x22none\x22 st\
roke=\x22currentCol\
or\x22 stroke-width\
=\x222\x22 stroke-line\
cap=\x22round\x22 stro\
ke-linejoin=\x22rou\
nd\x22 class=\x22feath\
er feather-minus\
-circle\x22><circle\
 cx=\x2212\x22 cy=\x2212\x22\
 r=\x2210\x22></circle\
><line x1=\x228\x22 y1\
=\x2212\x22 x2=\x2216\x22 y2\
=\x2212\x22></line></s\
vg>\
\x00\x00\x01\xc0\
<\
svg xmlns=\x22http:\
//www.w3.org/200\
0/svg\x22 width=\x2224\
\x22 height=\x2224\x22 vi\
ewBox=\x220 0 24 24\
\x22 fill=\x22none\x22 st\
roke=\x22currentCol\
or\x22 stroke-width\
=\x222\x22 stroke-line\
cap=\x22round\x22 stro\
ke-linejoin=\x22rou\
nd\x22 class=\x22feath\
er feather-chrom\
e\x22><circle cx=\x221\
2\x22 cy=\x2212\x22 r=\x2210\
\x22></circle><circ\
le cx=\x2212\x22 cy=\x221\
2\x22 r=\x224\x22></circl\
e><line x1=\x2221.1\
7\x22 y1=\x228\x22 x2=\x2212\
\x22 y2=\x228\x22></line>\
<line x1=\x223.95\x22 \
y1=\x226.06\x22 x2=\x228.\
54\x22 y2=\x2214\x22></li\
ne><line x1=\x2210.\
88\x22 y1=\x2221.94\x22 x\
2=\x2215.46\x22 y2=\x2214\
\x22></line></svg>\
\x00\x00\x01\xa5\
<\
svg xmlns=\x22http:\
//www.w3.org/200\
0/svg\x22 width=\x2224\
\x22 height=\x2224\x22 vi\
ewBox=\x220 0 24 24\
\x22 fill=\x22none\x22 st\
roke=\x22currentCol\
or\x22 stroke-width\
=\x222\x22 stroke-line\
cap=\x22round\x22 stro\
ke-linejoin=\x22rou\
nd\x22 class=\x22feath\
er feather-comma\
nd\x22><path d=\x22M18\
 3a3 3 0 0 0-3 3\
v12a3 3 0 0 0 3 \
3 3 3 0 0 0 3-3 \
3 3 0 0 0-3-3H6a\
3 3 0 0 0-3 3 3 \
3 0 0 0 3 3 3 3 \
0 0 0 3-3V6a3 3 \
0 0 0-3-3 3 3 0 \
0 0-3 3 3 3 0 0 \
0 3 3h12a3 3 0 0\
 0 3-3 3 3 0 0 0\
-3-3z\x22></path></\
svg>\
\x00\x00\x01I\
<\
svg xmlns=\x22http:\
//www.w3.org/200\
0/svg\x22 width=\x2224\
\x22 height=\x2224\x22 vi\
ewBox=\x220 0 24 24\
\x22 fill=\x22none\x22 st\
roke=\x22currentCol\
or\x22 stroke-width\
=\x222\x22 stroke-line\
cap=\x22round\x22 stro\
ke-linejoin=\x22rou\
nd\x22 class=\x22feath\
er feather-video\
\x22><polygon point\
s=\x2223 7 16 12 23\
 17 23 7\x22></poly\
gon><rect x=\x221\x22 \
y=\x225\x22 width=\x2215\x22\
 height=\x2214\x22 rx=\
\x222\x22 ry=\x222\x22></rec\
t></svg>\
\x00\x00\x01E\
<\
svg xmlns=\x22http:\
//www.w3.org/200\
0/svg\x22 width=\x2224\
\x22 height=\x2224\x22 vi\
ewBox=\x220 0 24 24\
\x22 fill=\x22none\x22 st\
roke=\x22currentCol\
or\x22 stroke-width\
=\x222\x22 stroke-line\
cap=\x22round\x22 stro\
ke-linejoin=\x22rou\
nd\x22 class=\x22feath\
er feather-award\
\x22><circle cx=\x2212\
\x22 cy=\x228\x22 r=\x227\x22><\
/circle><polylin\
e points=\x228.21 1\
3.89 7 23 12 20 \
17 23 15.79 13.8\
8\x22></polyline></\
svg>\
\x00\x00\x01F\
<\
svg xmlns=\x22http:\
//www.w3.org/200\
0/svg\x22 width=\x2224\
\x22 height=\x2224\x22 vi\
ewBox=\x220 0 24 24\
\x22 fill=\x22none\x22 st\
roke=\x22currentCol\
or\x22 stroke-width\
=\x222\x22 stroke-line\
cap=\x22round\x22 stro\
ke-linejoin=\x22rou\
nd\x22 class=\x22feath\
er feather-colum\
ns\x22><path d=\x22M12\
 3h7a2 2 0 0 1 2\
 2v14a2 2 0 0 1-\
2 2h-7m0-18H5a2 \
2 0 0 0-2 2v14a2\
 2 0 0 0 2 2h7m0\
-18v18\x22></path><\
/svg>\
\x00\x00\x01Q\
<\
svg xmlns=\x22http:\
//www.w3.org/200\
0/svg\x22 width=\x2224\
\x22 height=\x2224\x22 vi\
ewBox=\x220 0 24 24\
\x22 fill=\x22none\x22 st\
roke=\x22currentCol\
or\x22 stroke-width\
=\x222\x22 stroke-line\
cap=\x22round\x22 stro\
ke-linejoin=\x22rou\
nd\x22 class=\x22feath\
er feather-file\x22\
><path d=\x22M13 2H\
6a2 2 0 0 0-2 2v\
16a2 2 0 0 0 2 2\
h12a2 2 0 0 0 2-\
2V9z\x22></path><po\
lyline points=\x221\
3 2 13 9 20 9\x22><\
/polyline></svg>\
\
\x00\x00\x01\x90\
<\
svg xmlns=\x22http:\
//www.w3.org/200\
0/svg\x22 width=\x2224\
\x22 height=\x2224\x22 vi\
ewBox=\x220 0 24 24\
\x22 fill=\x22none\x22 st\
roke=\x22currentCol\
or\x22 stroke-width\
=\x222\x22 stroke-line\
cap=\x22round\x22 stro\
ke-linejoin=\x22rou\
nd\x22 class=\x22feath\
er feather-refre\
sh-cw\x22><polyline\
 points=\x2223 4 23\
 10 17 10\x22></pol\
yline><polyline \
points=\x221 20 1 1\
4 7 14\x22></polyli\
ne><path d=\x22M3.5\
1 9a9 9 0 0 1 14\
.85-3.36L23 10M1\
 14l4.64 4.36A9 \
9 0 0 0 20.49 15\
\x22></path></svg>\
\x00\x00\x01\x84\
<\
svg xmlns=\x22http:\
//www.w3.org/200\
0/svg\x22 width=\x2224\
\x22 height=\x2224\x22 vi\
ewBox=\x220 0 24 24\
\x22 fill=\x22none\x22 st\
roke=\x22currentCol\
or\x22 stroke-width\
=\x222\x22 stroke-line\
cap=\x22round\x22 stro\
ke-linejoin=\x22rou\
nd\x22 class=\x22feath\
er feather-exter\
nal-link\x22><path \
d=\x22M18 13v6a2 2 \
0 0 1-2 2H5a2 2 \
0 0 1-2-2V8a2 2 \
0 0 1 2-2h6\x22></p\
ath><polyline po\
ints=\x2215 3 21 3 \
21 9\x22></polyline\
><line x1=\x2210\x22 y\
1=\x2214\x22 x2=\x2221\x22 y\
2=\x223\x22></line></s\
vg>\
\x00\x00\x01J\
<\
svg xmlns=\x22http:\
//www.w3.org/200\
0/svg\x22 width=\x2224\
\x22 height=\x2224\x22 vi\
ewBox=\x220 0 24 24\
\x22 fill=\x22none\x22 st\
roke=\x22currentCol\
or\x22 stroke-width\
=\x222\x22 stroke-line\
cap=\x22round\x22 stro\
ke-linejoin=\x22rou\
nd\x22 class=\x22feath\
er feather-rss\x22>\
<path d=\x22M4 11a9\
 9 0 0 1 9 9\x22></\
path><path d=\x22M4\
 4a16 16 0 0 1 1\
6 16\x22></path><ci\
rcle cx=\x225\x22 cy=\x22\
19\x22 r=\x221\x22></circ\
le></svg>\
\x00\x00\x02<\
<\
svg xmlns=\x22http:\
//www.w3.org/200\
0/svg\x22 width=\x2224\
\x22 height=\x2224\x22 vi\
ewBox=\x220 0 24 24\
\x22 fill=\x22none\x22 st\
roke=\x22currentCol\
or\x22 stroke-width\
=\x222\x22 stroke-line\
cap=\x22round\x22 stro\
ke-linejoin=\x22rou\
nd\x22 class=\x22feath\
er feather-cloud\
-snow\x22><path d=\x22\
M20 17.58A5 5 0 \
0 0 18 8h-1.26A8\
 8 0 1 0 4 16.25\
\x22></path><line x\
1=\x228\x22 y1=\x2216\x22 x2\
=\x228.01\x22 y2=\x2216\x22>\
</line><line x1=\
\x228\x22 y1=\x2220\x22 x2=\x22\
8.01\x22 y2=\x2220\x22></\
line><line x1=\x221\
2\x22 y1=\x2218\x22 x2=\x221\
2.01\x22 y2=\x2218\x22></\
line><line x1=\x221\
2\x22 y1=\x2222\x22 x2=\x221\
2.01\x22 y2=\x2222\x22></\
line><line x1=\x221\
6\x22 y1=\x2216\x22 x2=\x221\
6.01\x22 y2=\x2216\x22></\
line><line x1=\x221\
6\x22 y1=\x2220\x22 x2=\x221\
6.01\x22 y2=\x2220\x22></\
line></svg>\
\x00\x00\x017\
<\
svg xmlns=\x22http:\
//www.w3.org/200\
0/svg\x22 width=\x2224\
\x22 height=\x2224\x22 vi\
ewBox=\x220 0 24 24\
\x22 fill=\x22none\x22 st\
roke=\x22currentCol\
or\x22 stroke-width\
=\x222\x22 stroke-line\
cap=\x22round\x22 stro\
ke-linejoin=\x22rou\
nd\x22 class=\x22feath\
er feather-mouse\
-pointer\x22><path \
d=\x22M3 3l7.07 16.\
97 2.51-7.39 7.3\
9-2.51L3 3z\x22></p\
ath><path d=\x22M13\
 13l6 6\x22></path>\
</svg>\
\x00\x00\x01\x85\
<\
svg xmlns=\x22http:\
//www.w3.org/200\
0/svg\x22 width=\x2224\
\x22 height=\x2224\x22 vi\
ewBox=\x220 0 24 24\
\x22 fill=\x22none\x22 st\
roke=\x22currentCol\
or\x22 stroke-width\
=\x222\x22 stroke-line\
cap=\x22round\x22 stro\
ke-linejoin=\x22rou\
nd\x22 class=\x22feath\
er feather-hash\x22\
><line x1=\x224\x22 y1\
=\x229\x22 x2=\x2220\x22 y2=\
\x229\x22></line><line\
 x1=\x224\x22 y1=\x2215\x22 \
x2=\x2220\x22 y2=\x2215\x22>\
</line><line x1=\
\x2210\x22 y1=\x223\x22 x2=\x22\
8\x22 y2=\x2221\x22></lin\
e><line x1=\x2216\x22 \
y1=\x223\x22 x2=\x2214\x22 y\
2=\x2221\x22></line></\
svg>\
\x00\x00\x08W\
<\
?xml version=\x221.\
0\x22 encoding=\x22UTF\
-8\x22 standalone=\x22\
no\x22?>\x0d\x0a<svg\x0d\x0a   \
width=\x2224\x22\x0d\x0a   h\
eight=\x2224\x22\x0d\x0a   v\
iewBox=\x220 0 24 2\
4\x22\x0d\x0a   fill=\x22non\
e\x22\x0d\x0a   stroke=\x22c\
urrentColor\x22\x0d\x0a  \
 stroke-width=\x222\
\x22\x0d\x0a   stroke-lin\
ecap=\x22round\x22\x0d\x0a  \
 stroke-linejoin\
=\x22round\x22\x0d\x0a   cla\
ss=\x22feather feat\
her-settings\x22\x0d\x0a \
  version=\x221.1\x22\x0d\
\x0a   id=\x22svg1\x22\x0d\x0a \
  sodipodi:docna\
me=\x22settings.svg\
\x22\x0d\x0a   inkscape:v\
ersion=\x221.4 (86a\
8ad7, 2024-10-11\
)\x22\x0d\x0a   xmlns:ink\
scape=\x22http://ww\
w.inkscape.org/n\
amespaces/inksca\
pe\x22\x0d\x0a   xmlns:so\
dipodi=\x22http://s\
odipodi.sourcefo\
rge.net/DTD/sodi\
podi-0.dtd\x22\x0d\x0a   \
xmlns=\x22http://ww\
w.w3.org/2000/sv\
g\x22\x0d\x0a   xmlns:svg\
=\x22http://www.w3.\
org/2000/svg\x22>\x0d\x0a\
  <defs\x0d\x0a     id\
=\x22defs1\x22 />\x0d\x0a  <\
sodipodi:namedvi\
ew\x0d\x0a     id=\x22nam\
edview1\x22\x0d\x0a     p\
agecolor=\x22#fffff\
f\x22\x0d\x0a     borderc\
olor=\x22#000000\x22\x0d\x0a\
     borderopaci\
ty=\x220.25\x22\x0d\x0a     \
inkscape:showpag\
eshadow=\x222\x22\x0d\x0a   \
  inkscape:pageo\
pacity=\x220.0\x22\x0d\x0a  \
   inkscape:page\
checkerboard=\x220\x22\
\x0d\x0a     inkscape:\
deskcolor=\x22#d1d1\
d1\x22\x0d\x0a     inksca\
pe:zoom=\x2233.625\x22\
\x0d\x0a     inkscape:\
cx=\x2212\x22\x0d\x0a     in\
kscape:cy=\x227.806\
6914\x22\x0d\x0a     inks\
cape:window-widt\
h=\x221920\x22\x0d\x0a     i\
nkscape:window-h\
eight=\x221009\x22\x0d\x0a  \
   inkscape:wind\
ow-x=\x22-8\x22\x0d\x0a     \
inkscape:window-\
y=\x22-8\x22\x0d\x0a     ink\
scape:window-max\
imized=\x221\x22\x0d\x0a    \
 inkscape:curren\
t-layer=\x22svg1\x22 /\
>\x0d\x0a  <circle\x0d\x0a  \
   cx=\x2212\x22\x0d\x0a    \
 cy=\x2212\x22\x0d\x0a     r\
=\x223\x22\x0d\x0a     id=\x22c\
ircle1\x22\x0d\x0a     st\
yle=\x22stroke:#fff\
fff;stroke-opaci\
ty:1\x22 />\x0d\x0a  <pat\
h\x0d\x0a     d=\x22M19.4\
 15a1.65 1.65 0 \
0 0 .33 1.82l.06\
.06a2 2 0 0 1 0 \
2.83 2 2 0 0 1-2\
.83 0l-.06-.06a1\
.65 1.65 0 0 0-1\
.82-.33 1.65 1.6\
5 0 0 0-1 1.51V2\
1a2 2 0 0 1-2 2 \
2 2 0 0 1-2-2v-.\
09A1.65 1.65 0 0\
 0 9 19.4a1.65 1\
.65 0 0 0-1.82.3\
3l-.06.06a2 2 0 \
0 1-2.83 0 2 2 0\
 0 1 0-2.83l.06-\
.06a1.65 1.65 0 \
0 0 .33-1.82 1.6\
5 1.65 0 0 0-1.5\
1-1H3a2 2 0 0 1-\
2-2 2 2 0 0 1 2-\
2h.09A1.65 1.65 \
0 0 0 4.6 9a1.65\
 1.65 0 0 0-.33-\
1.82l-.06-.06a2 \
2 0 0 1 0-2.83 2\
 2 0 0 1 2.83 0l\
.06.06a1.65 1.65\
 0 0 0 1.82.33H9\
a1.65 1.65 0 0 0\
 1-1.51V3a2 2 0 \
0 1 2-2 2 2 0 0 \
1 2 2v.09a1.65 1\
.65 0 0 0 1 1.51\
 1.65 1.65 0 0 0\
 1.82-.33l.06-.0\
6a2 2 0 0 1 2.83\
 0 2 2 0 0 1 0 2\
.83l-.06.06a1.65\
 1.65 0 0 0-.33 \
1.82V9a1.65 1.65\
 0 0 0 1.51 1H21\
a2 2 0 0 1 2 2 2\
 2 0 0 1-2 2h-.0\
9a1.65 1.65 0 0 \
0-1.51 1z\x22\x0d\x0a    \
 id=\x22path1\x22\x0d\x0a   \
  style=\x22stroke:\
#ffffff;stroke-o\
pacity:1\x22 />\x0d\x0a</\
svg>\x0d\x0a\
\x00\x00\x01\x8d\
<\
svg xmlns=\x22http:\
//www.w3.org/200\
0/svg\x22 width=\x2224\
\x22 height=\x2224\x22 vi\
ewBox=\x220 0 24 24\
\x22 fill=\x22none\x22 st\
roke=\x22currentCol\
or\x22 stroke-width\
=\x222\x22 stroke-line\
cap=\x22round\x22 stro\
ke-linejoin=\x22rou\
nd\x22 class=\x22feath\
er feather-zoom-\
in\x22><circle cx=\x22\
11\x22 cy=\x2211\x22 r=\x228\
\x22></circle><line\
 x1=\x2221\x22 y1=\x2221\x22\
 x2=\x2216.65\x22 y2=\x22\
16.65\x22></line><l\
ine x1=\x2211\x22 y1=\x22\
8\x22 x2=\x2211\x22 y2=\x221\
4\x22></line><line \
x1=\x228\x22 y1=\x2211\x22 x\
2=\x2214\x22 y2=\x2211\x22><\
/line></svg>\
\x00\x00\x01s\
<\
svg xmlns=\x22http:\
//www.w3.org/200\
0/svg\x22 width=\x2224\
\x22 height=\x2224\x22 vi\
ewBox=\x220 0 24 24\
\x22 fill=\x22none\x22 st\
roke=\x22currentCol\
or\x22 stroke-width\
=\x222\x22 stroke-line\
cap=\x22round\x22 stro\
ke-linejoin=\x22rou\
nd\x22 class=\x22feath\
er feather-clipb\
oard\x22><path d=\x22M\
16 4h2a2 2 0 0 1\
 2 2v14a2 2 0 0 \
1-2 2H6a2 2 0 0 \
1-2-2V6a2 2 0 0 \
1 2-2h2\x22></path>\
<rect x=\x228\x22 y=\x222\
\x22 width=\x228\x22 heig\
ht=\x224\x22 rx=\x221\x22 ry\
=\x221\x22></rect></sv\
g>\
\x00\x00\x01W\
<\
svg xmlns=\x22http:\
//www.w3.org/200\
0/svg\x22 width=\x2224\
\x22 height=\x2224\x22 vi\
ewBox=\x220 0 24 24\
\x22 fill=\x22none\x22 st\
roke=\x22currentCol\
or\x22 stroke-width\
=\x222\x22 stroke-line\
cap=\x22round\x22 stro\
ke-linejoin=\x22rou\
nd\x22 class=\x22feath\
er feather-brief\
case\x22><rect x=\x222\
\x22 y=\x227\x22 width=\x222\
0\x22 height=\x2214\x22 r\
x=\x222\x22 ry=\x222\x22></r\
ect><path d=\x22M16\
 21V5a2 2 0 0 0-\
2-2h-4a2 2 0 0 0\
-2 2v16\x22></path>\
</svg>\
\x00\x00\x06e\
<\
?xml version=\x221.\
0\x22 encoding=\x22UTF\
-8\x22 standalone=\x22\
no\x22?>\x0d\x0a<svg\x0d\x0a   \
width=\x2224\x22\x0d\x0a   h\
eight=\x2224\x22\x0d\x0a   v\
iewBox=\x220 0 24 2\
4\x22\x0d\x0a   fill=\x22non\
e\x22\x0d\x0a   stroke=\x22c\
urrentColor\x22\x0d\x0a  \
 stroke-width=\x222\
\x22\x0d\x0a   stroke-lin\
ecap=\x22round\x22\x0d\x0a  \
 stroke-linejoin\
=\x22round\x22\x0d\x0a   cla\
ss=\x22feather feat\
her-alert-octago\
n\x22\x0d\x0a   version=\x22\
1.1\x22\x0d\x0a   id=\x22svg\
2\x22\x0d\x0a   sodipodi:\
docname=\x22alert-o\
ctagon.svg\x22\x0d\x0a   \
inkscape:version\
=\x221.4 (86a8ad7, \
2024-10-11)\x22\x0d\x0a  \
 xmlns:inkscape=\
\x22http://www.inks\
cape.org/namespa\
ces/inkscape\x22\x0d\x0a \
  xmlns:sodipodi\
=\x22http://sodipod\
i.sourceforge.ne\
t/DTD/sodipodi-0\
.dtd\x22\x0d\x0a   xmlns=\
\x22http://www.w3.o\
rg/2000/svg\x22\x0d\x0a  \
 xmlns:svg=\x22http\
://www.w3.org/20\
00/svg\x22>\x0d\x0a  <def\
s\x0d\x0a     id=\x22defs\
2\x22 />\x0d\x0a  <sodipo\
di:namedview\x0d\x0a  \
   id=\x22namedview\
2\x22\x0d\x0a     pagecol\
or=\x22#ffffff\x22\x0d\x0a  \
   bordercolor=\x22\
#000000\x22\x0d\x0a     b\
orderopacity=\x220.\
25\x22\x0d\x0a     inksca\
pe:showpageshado\
w=\x222\x22\x0d\x0a     inks\
cape:pageopacity\
=\x220.0\x22\x0d\x0a     ink\
scape:pagechecke\
rboard=\x220\x22\x0d\x0a    \
 inkscape:deskco\
lor=\x22#d1d1d1\x22\x0d\x0a \
    inkscape:zoo\
m=\x2233.625\x22\x0d\x0a    \
 inkscape:cx=\x2212\
\x22\x0d\x0a     inkscape\
:cy=\x2212.237918\x22\x0d\
\x0a     inkscape:w\
indow-width=\x22192\
0\x22\x0d\x0a     inkscap\
e:window-height=\
\x221009\x22\x0d\x0a     ink\
scape:window-x=\x22\
-8\x22\x0d\x0a     inksca\
pe:window-y=\x22-8\x22\
\x0d\x0a     inkscape:\
window-maximized\
=\x221\x22\x0d\x0a     inksc\
ape:current-laye\
r=\x22svg2\x22 />\x0d\x0a  <\
polygon\x0d\x0a     po\
ints=\x227.86 2 16.\
14 2 22 7.86 22 \
16.14 16.14 22 7\
.86 22 2 16.14 2\
 7.86 7.86 2\x22\x0d\x0a \
    id=\x22polygon1\
\x22\x0d\x0a     style=\x22s\
troke:#ffffff;st\
roke-opacity:1\x22 \
/>\x0d\x0a  <line\x0d\x0a   \
  x1=\x2212\x22\x0d\x0a     \
y1=\x228\x22\x0d\x0a     x2=\
\x2212\x22\x0d\x0a     y2=\x221\
2\x22\x0d\x0a     id=\x22lin\
e1\x22\x0d\x0a     style=\
\x22stroke:#ffffff;\
stroke-opacity:1\
\x22 />\x0d\x0a  <line\x0d\x0a \
    x1=\x2212\x22\x0d\x0a   \
  y1=\x2216\x22\x0d\x0a     \
x2=\x2212.01\x22\x0d\x0a    \
 y2=\x2216\x22\x0d\x0a     i\
d=\x22line2\x22\x0d\x0a     \
style=\x22stroke:#f\
fffff;stroke-opa\
city:1\x22 />\x0d\x0a</sv\
g>\x0d\x0a\
\x00\x00\x01`\
<\
svg xmlns=\x22http:\
//www.w3.org/200\
0/svg\x22 width=\x2224\
\x22 height=\x2224\x22 vi\
ewBox=\x220 0 24 24\
\x22 fill=\x22none\x22 st\
roke=\x22currentCol\
or\x22 stroke-width\
=\x222\x22 stroke-line\
cap=\x22round\x22 stro\
ke-linejoin=\x22rou\
nd\x22 class=\x22feath\
er feather-paper\
clip\x22><path d=\x22M\
21.44 11.05l-9.1\
9 9.19a6 6 0 0 1\
-8.49-8.49l9.19-\
9.19a4 4 0 0 1 5\
.66 5.66l-9.2 9.\
19a2 2 0 0 1-2.8\
3-2.83l8.49-8.48\
\x22></path></svg>\
\x00\x00\x01\x90\
<\
svg xmlns=\x22http:\
//www.w3.org/200\
0/svg\x22 width=\x2224\
\x22 height=\x2224\x22 vi\
ewBox=\x220 0 24 24\
\x22 fill=\x22none\x22 st\
roke=\x22currentCol\
or\x22 stroke-width\
=\x222\x22 stroke-line\
cap=\x22round\x22 stro\
ke-linejoin=\x22rou\
nd\x22 class=\x22feath\
er feather-users\
\x22><path d=\x22M17 2\
1v-2a4 4 0 0 0-4\
-4H5a4 4 0 0 0-4\
 4v2\x22></path><ci\
rcle cx=\x229\x22 cy=\x22\
7\x22 r=\x224\x22></circl\
e><path d=\x22M23 2\
1v-2a4 4 0 0 0-3\
-3.87\x22></path><p\
ath d=\x22M16 3.13a\
4 4 0 0 1 0 7.75\
\x22></path></svg>\
\x00\x00\x06#\
<\
?xml version=\x221.\
0\x22 encoding=\x22UTF\
-8\x22 standalone=\x22\
no\x22?>\x0d\x0a<svg\x0d\x0a   \
width=\x2224\x22\x0d\x0a   h\
eight=\x2224\x22\x0d\x0a   v\
iewBox=\x220 0 24 2\
4\x22\x0d\x0a   fill=\x22non\
e\x22\x0d\x0a   stroke=\x22c\
urrentColor\x22\x0d\x0a  \
 stroke-width=\x222\
\x22\x0d\x0a   stroke-lin\
ecap=\x22round\x22\x0d\x0a  \
 stroke-linejoin\
=\x22round\x22\x0d\x0a   cla\
ss=\x22feather feat\
her-help-circle\x22\
\x0d\x0a   version=\x221.\
1\x22\x0d\x0a   id=\x22svg1\x22\
\x0d\x0a   sodipodi:do\
cname=\x22help-circ\
le.svg\x22\x0d\x0a   inks\
cape:version=\x221.\
4 (86a8ad7, 2024\
-10-11)\x22\x0d\x0a   xml\
ns:inkscape=\x22htt\
p://www.inkscape\
.org/namespaces/\
inkscape\x22\x0d\x0a   xm\
lns:sodipodi=\x22ht\
tp://sodipodi.so\
urceforge.net/DT\
D/sodipodi-0.dtd\
\x22\x0d\x0a   xmlns=\x22htt\
p://www.w3.org/2\
000/svg\x22\x0d\x0a   xml\
ns:svg=\x22http://w\
ww.w3.org/2000/s\
vg\x22>\x0d\x0a  <defs\x0d\x0a \
    id=\x22defs1\x22 /\
>\x0d\x0a  <sodipodi:n\
amedview\x0d\x0a     i\
d=\x22namedview1\x22\x0d\x0a\
     pagecolor=\x22\
#ffffff\x22\x0d\x0a     b\
ordercolor=\x22#000\
000\x22\x0d\x0a     borde\
ropacity=\x220.25\x22\x0d\
\x0a     inkscape:s\
howpageshadow=\x222\
\x22\x0d\x0a     inkscape\
:pageopacity=\x220.\
0\x22\x0d\x0a     inkscap\
e:pagecheckerboa\
rd=\x220\x22\x0d\x0a     ink\
scape:deskcolor=\
\x22#d1d1d1\x22\x0d\x0a     \
inkscape:zoom=\x223\
3.625\x22\x0d\x0a     ink\
scape:cx=\x2212\x22\x0d\x0a \
    inkscape:cy=\
\x2212\x22\x0d\x0a     inksc\
ape:window-width\
=\x221920\x22\x0d\x0a     in\
kscape:window-he\
ight=\x221009\x22\x0d\x0a   \
  inkscape:windo\
w-x=\x22-8\x22\x0d\x0a     i\
nkscape:window-y\
=\x22-8\x22\x0d\x0a     inks\
cape:window-maxi\
mized=\x221\x22\x0d\x0a     \
inkscape:current\
-layer=\x22svg1\x22 />\
\x0d\x0a  <circle\x0d\x0a   \
  cx=\x2212\x22\x0d\x0a     \
cy=\x2212\x22\x0d\x0a     r=\
\x2210\x22\x0d\x0a     id=\x22c\
ircle1\x22\x0d\x0a     st\
yle=\x22stroke:#fff\
fff;stroke-opaci\
ty:1\x22 />\x0d\x0a  <pat\
h\x0d\x0a     d=\x22M9.09\
 9a3 3 0 0 1 5.8\
3 1c0 2-3 3-3 3\x22\
\x0d\x0a     id=\x22path1\
\x22\x0d\x0a     style=\x22s\
troke:#ffffff;st\
roke-opacity:1\x22 \
/>\x0d\x0a  <line\x0d\x0a   \
  x1=\x2212\x22\x0d\x0a     \
y1=\x2217\x22\x0d\x0a     x2\
=\x2212.01\x22\x0d\x0a     y\
2=\x2217\x22\x0d\x0a     id=\
\x22line1\x22\x0d\x0a     st\
yle=\x22stroke:#fff\
fff;stroke-opaci\
ty:1\x22 />\x0d\x0a</svg>\
\x0d\x0a\
\x00\x00\x01\x15\
<\
svg xmlns=\x22http:\
//www.w3.org/200\
0/svg\x22 width=\x2224\
\x22 height=\x2224\x22 vi\
ewBox=\x220 0 24 24\
\x22 fill=\x22none\x22 st\
roke=\x22currentCol\
or\x22 stroke-width\
=\x222\x22 stroke-line\
cap=\x22round\x22 stro\
ke-linejoin=\x22rou\
nd\x22 class=\x22feath\
er feather-twitc\
h\x22><path d=\x22M21 \
2H3v16h5v4l4-4h5\
l4-4V2zm-10 9V7m\
5 4V7\x22></path></\
svg>\
\x00\x00\x01\xa8\
<\
svg xmlns=\x22http:\
//www.w3.org/200\
0/svg\x22 width=\x2224\
\x22 height=\x2224\x22 vi\
ewBox=\x220 0 24 24\
\x22 fill=\x22none\x22 st\
roke=\x22currentCol\
or\x22 stroke-width\
=\x222\x22 stroke-line\
cap=\x22round\x22 stro\
ke-linejoin=\x22rou\
nd\x22 class=\x22feath\
er feather-dribb\
ble\x22><circle cx=\
\x2212\x22 cy=\x2212\x22 r=\x22\
10\x22></circle><pa\
th d=\x22M8.56 2.75\
c4.37 6.03 6.02 \
9.42 8.03 17.72m\
2.54-15.38c-3.72\
 4.35-8.94 5.66-\
16.88 5.85m19.5 \
1.9c-3.5-.93-6.6\
3-.82-8.94 0-2.5\
8.92-5.01 2.86-7\
.44 6.32\x22></path\
></svg>\
\x00\x00\x02L\
<\
svg xmlns=\x22http:\
//www.w3.org/200\
0/svg\x22 width=\x2224\
\x22 height=\x2224\x22 vi\
ewBox=\x220 0 24 24\
\x22 fill=\x22none\x22 st\
roke=\x22currentCol\
or\x22 stroke-width\
=\x222\x22 stroke-line\
cap=\x22round\x22 stro\
ke-linejoin=\x22rou\
nd\x22 class=\x22feath\
er feather-sunse\
t\x22><path d=\x22M17 \
18a5 5 0 0 0-10 \
0\x22></path><line \
x1=\x2212\x22 y1=\x229\x22 x\
2=\x2212\x22 y2=\x222\x22></\
line><line x1=\x224\
.22\x22 y1=\x2210.22\x22 \
x2=\x225.64\x22 y2=\x2211\
.64\x22></line><lin\
e x1=\x221\x22 y1=\x2218\x22\
 x2=\x223\x22 y2=\x2218\x22>\
</line><line x1=\
\x2221\x22 y1=\x2218\x22 x2=\
\x2223\x22 y2=\x2218\x22></l\
ine><line x1=\x2218\
.36\x22 y1=\x2211.64\x22 \
x2=\x2219.78\x22 y2=\x221\
0.22\x22></line><li\
ne x1=\x2223\x22 y1=\x222\
2\x22 x2=\x221\x22 y2=\x2222\
\x22></line><polyli\
ne points=\x2216 5 \
12 9 8 5\x22></poly\
line></svg>\
\x00\x00\x06J\
<\
?xml version=\x221.\
0\x22 encoding=\x22UTF\
-8\x22 standalone=\x22\
no\x22?>\x0d\x0a<svg\x0d\x0a   \
width=\x2224\x22\x0d\x0a   h\
eight=\x2224\x22\x0d\x0a   v\
iewBox=\x220 0 24 2\
4\x22\x0d\x0a   fill=\x22non\
e\x22\x0d\x0a   stroke=\x22c\
urrentColor\x22\x0d\x0a  \
 stroke-width=\x222\
\x22\x0d\x0a   stroke-lin\
ecap=\x22round\x22\x0d\x0a  \
 stroke-linejoin\
=\x22round\x22\x0d\x0a   cla\
ss=\x22feather feat\
her-monitor\x22\x0d\x0a  \
 version=\x221.1\x22\x0d\x0a\
   id=\x22svg2\x22\x0d\x0a  \
 sodipodi:docnam\
e=\x22monitor.svg\x22\x0d\
\x0a   inkscape:ver\
sion=\x221.4.2 (f43\
27f4, 2025-05-13\
)\x22\x0d\x0a   xmlns:ink\
scape=\x22http://ww\
w.inkscape.org/n\
amespaces/inksca\
pe\x22\x0d\x0a   xmlns:so\
dipodi=\x22http://s\
odipodi.sourcefo\
rge.net/DTD/sodi\
podi-0.dtd\x22\x0d\x0a   \
xmlns=\x22http://ww\
w.w3.org/2000/sv\
g\x22\x0d\x0a   xmlns:svg\
=\x22http://www.w3.\
org/2000/svg\x22>\x0d\x0a\
  <defs\x0d\x0a     id\
=\x22defs2\x22 />\x0d\x0a  <\
sodipodi:namedvi\
ew\x0d\x0a     id=\x22nam\
edview2\x22\x0d\x0a     p\
agecolor=\x22#fffff\
f\x22\x0d\x0a     borderc\
olor=\x22#000000\x22\x0d\x0a\
     borderopaci\
ty=\x220.25\x22\x0d\x0a     \
inkscape:showpag\
eshadow=\x222\x22\x0d\x0a   \
  inkscape:pageo\
pacity=\x220.0\x22\x0d\x0a  \
   inkscape:page\
checkerboard=\x220\x22\
\x0d\x0a     inkscape:\
deskcolor=\x22#d1d1\
d1\x22\x0d\x0a     inksca\
pe:zoom=\x2233.625\x22\
\x0d\x0a     inkscape:\
cx=\x2212\x22\x0d\x0a     in\
kscape:cy=\x2212\x22\x0d\x0a\
     inkscape:wi\
ndow-width=\x221920\
\x22\x0d\x0a     inkscape\
:window-height=\x22\
1009\x22\x0d\x0a     inks\
cape:window-x=\x22-\
8\x22\x0d\x0a     inkscap\
e:window-y=\x22-8\x22\x0d\
\x0a     inkscape:w\
indow-maximized=\
\x221\x22\x0d\x0a     inksca\
pe:current-layer\
=\x22svg2\x22 />\x0d\x0a  <r\
ect\x0d\x0a     x=\x222\x22\x0d\
\x0a     y=\x223\x22\x0d\x0a   \
  width=\x2220\x22\x0d\x0a  \
   height=\x2214\x22\x0d\x0a\
     rx=\x222\x22\x0d\x0a   \
  ry=\x222\x22\x0d\x0a     i\
d=\x22rect1\x22\x0d\x0a     \
style=\x22stroke:#f\
fffff;stroke-opa\
city:1\x22 />\x0d\x0a  <l\
ine\x0d\x0a     x1=\x228\x22\
\x0d\x0a     y1=\x2221\x22\x0d\x0a\
     x2=\x2216\x22\x0d\x0a  \
   y2=\x2221\x22\x0d\x0a    \
 id=\x22line1\x22\x0d\x0a   \
  style=\x22stroke:\
#ffffff;stroke-o\
pacity:1\x22 />\x0d\x0a  \
<line\x0d\x0a     x1=\x22\
12\x22\x0d\x0a     y1=\x2217\
\x22\x0d\x0a     x2=\x2212\x22\x0d\
\x0a     y2=\x2221\x22\x0d\x0a \
    id=\x22line2\x22\x0d\x0a\
     style=\x22stro\
ke:#ffffff;strok\
e-opacity:1\x22 />\x0d\
\x0a</svg>\x0d\x0a\
\x00\x00\x01\xb1\
<\
svg xmlns=\x22http:\
//www.w3.org/200\
0/svg\x22 width=\x2224\
\x22 height=\x2224\x22 vi\
ewBox=\x220 0 24 24\
\x22 fill=\x22none\x22 st\
roke=\x22currentCol\
or\x22 stroke-width\
=\x222\x22 stroke-line\
cap=\x22round\x22 stro\
ke-linejoin=\x22rou\
nd\x22 class=\x22feath\
er feather-zap-o\
ff\x22><polyline po\
ints=\x2212.41 6.75\
 13 2 10.57 4.92\
\x22></polyline><po\
lyline points=\x221\
8.57 12.91 21 10\
 15.66 10\x22></pol\
yline><polyline \
points=\x228 8 3 14\
 12 14 11 22 16 \
16\x22></polyline><\
line x1=\x221\x22 y1=\x22\
1\x22 x2=\x2223\x22 y2=\x222\
3\x22></line></svg>\
\
\x00\x00\x01#\
<\
svg xmlns=\x22http:\
//www.w3.org/200\
0/svg\x22 width=\x2224\
\x22 height=\x2224\x22 vi\
ewBox=\x220 0 24 24\
\x22 fill=\x22none\x22 st\
roke=\x22currentCol\
or\x22 stroke-width\
=\x222\x22 stroke-line\
cap=\x22round\x22 stro\
ke-linejoin=\x22rou\
nd\x22 class=\x22feath\
er feather-edit-\
2\x22><path d=\x22M17 \
3a2.828 2.828 0 \
1 1 4 4L7.5 20.5\
 2 22l1.5-5.5L17\
 3z\x22></path></sv\
g>\
\x00\x00\x01@\
<\
svg xmlns=\x22http:\
//www.w3.org/200\
0/svg\x22 width=\x2224\
\x22 height=\x2224\x22 vi\
ewBox=\x220 0 24 24\
\x22 fill=\x22none\x22 st\
roke=\x22currentCol\
or\x22 stroke-width\
=\x222\x22 stroke-line\
cap=\x22round\x22 stro\
ke-linejoin=\x22rou\
nd\x22 class=\x22feath\
er feather-tv\x22><\
rect x=\x222\x22 y=\x227\x22\
 width=\x2220\x22 heig\
ht=\x2215\x22 rx=\x222\x22 r\
y=\x222\x22></rect><po\
lyline points=\x221\
7 2 12 7 7 2\x22></\
polyline></svg>\
\x00\x00\x01\xce\
<\
svg xmlns=\x22http:\
//www.w3.org/200\
0/svg\x22 width=\x2224\
\x22 height=\x2224\x22 vi\
ewBox=\x220 0 24 24\
\x22 fill=\x22none\x22 st\
roke=\x22currentCol\
or\x22 stroke-width\
=\x222\x22 stroke-line\
cap=\x22round\x22 stro\
ke-linejoin=\x22rou\
nd\x22 class=\x22feath\
er feather-box\x22>\
<path d=\x22M21 16V\
8a2 2 0 0 0-1-1.\
73l-7-4a2 2 0 0 \
0-2 0l-7 4A2 2 0\
 0 0 3 8v8a2 2 0\
 0 0 1 1.73l7 4a\
2 2 0 0 0 2 0l7-\
4A2 2 0 0 0 21 1\
6z\x22></path><poly\
line points=\x223.2\
7 6.96 12 12.01 \
20.73 6.96\x22></po\
lyline><line x1=\
\x2212\x22 y1=\x2222.08\x22 \
x2=\x2212\x22 y2=\x2212\x22>\
</line></svg>\
\x00\x00\x01\xaf\
<\
svg xmlns=\x22http:\
//www.w3.org/200\
0/svg\x22 width=\x2224\
\x22 height=\x2224\x22 vi\
ewBox=\x220 0 24 24\
\x22 fill=\x22none\x22 st\
roke=\x22currentCol\
or\x22 stroke-width\
=\x222\x22 stroke-line\
cap=\x22round\x22 stro\
ke-linejoin=\x22rou\
nd\x22 class=\x22feath\
er feather-file-\
plus\x22><path d=\x22M\
14 2H6a2 2 0 0 0\
-2 2v16a2 2 0 0 \
0 2 2h12a2 2 0 0\
 0 2-2V8z\x22></pat\
h><polyline poin\
ts=\x2214 2 14 8 20\
 8\x22></polyline><\
line x1=\x2212\x22 y1=\
\x2218\x22 x2=\x2212\x22 y2=\
\x2212\x22></line><lin\
e x1=\x229\x22 y1=\x2215\x22\
 x2=\x2215\x22 y2=\x2215\x22\
></line></svg>\
\x00\x00\x02e\
<\
svg xmlns=\x22http:\
//www.w3.org/200\
0/svg\x22 width=\x2224\
\x22 height=\x2224\x22 vi\
ewBox=\x220 0 24 24\
\x22 fill=\x22none\x22 st\
roke=\x22currentCol\
or\x22 stroke-width\
=\x222\x22 stroke-line\
cap=\x22round\x22 stro\
ke-linejoin=\x22rou\
nd\x22 class=\x22feath\
er feather-phone\
-missed\x22><line x\
1=\x2223\x22 y1=\x221\x22 x2\
=\x2217\x22 y2=\x227\x22></l\
ine><line x1=\x2217\
\x22 y1=\x221\x22 x2=\x2223\x22\
 y2=\x227\x22></line><\
path d=\x22M22 16.9\
2v3a2 2 0 0 1-2.\
18 2 19.79 19.79\
 0 0 1-8.63-3.07\
 19.5 19.5 0 0 1\
-6-6 19.79 19.79\
 0 0 1-3.07-8.67\
A2 2 0 0 1 4.11 \
2h3a2 2 0 0 1 2 \
1.72 12.84 12.84\
 0 0 0 .7 2.81 2\
 2 0 0 1-.45 2.1\
1L8.09 9.91a16 1\
6 0 0 0 6 6l1.27\
-1.27a2 2 0 0 1 \
2.11-.45 12.84 1\
2.84 0 0 0 2.81.\
7A2 2 0 0 1 22 1\
6.92z\x22></path></\
svg>\
\x00\x00\x01E\
<\
svg xmlns=\x22http:\
//www.w3.org/200\
0/svg\x22 width=\x2224\
\x22 height=\x2224\x22 vi\
ewBox=\x220 0 24 24\
\x22 fill=\x22none\x22 st\
roke=\x22currentCol\
or\x22 stroke-width\
=\x222\x22 stroke-line\
cap=\x22round\x22 stro\
ke-linejoin=\x22rou\
nd\x22 class=\x22feath\
er feather-toggl\
e-right\x22><rect x\
=\x221\x22 y=\x225\x22 width\
=\x2222\x22 height=\x2214\
\x22 rx=\x227\x22 ry=\x227\x22>\
</rect><circle c\
x=\x2216\x22 cy=\x2212\x22 r\
=\x223\x22></circle></\
svg>\
\x00\x00\x05\xc2\
<\
?xml version=\x221.\
0\x22 encoding=\x22UTF\
-8\x22 standalone=\x22\
no\x22?>\x0d\x0a<svg\x0d\x0a   \
width=\x2224\x22\x0d\x0a   h\
eight=\x2224\x22\x0d\x0a   v\
iewBox=\x220 0 24 2\
4\x22\x0d\x0a   fill=\x22non\
e\x22\x0d\x0a   stroke=\x22c\
urrentColor\x22\x0d\x0a  \
 stroke-width=\x222\
\x22\x0d\x0a   stroke-lin\
ecap=\x22round\x22\x0d\x0a  \
 stroke-linejoin\
=\x22round\x22\x0d\x0a   cla\
ss=\x22feather feat\
her-link\x22\x0d\x0a   ve\
rsion=\x221.1\x22\x0d\x0a   \
id=\x22svg2\x22\x0d\x0a   so\
dipodi:docname=\x22\
link.svg\x22\x0d\x0a   in\
kscape:version=\x22\
1.4.2 (f4327f4, \
2025-05-13)\x22\x0d\x0a  \
 xmlns:inkscape=\
\x22http://www.inks\
cape.org/namespa\
ces/inkscape\x22\x0d\x0a \
  xmlns:sodipodi\
=\x22http://sodipod\
i.sourceforge.ne\
t/DTD/sodipodi-0\
.dtd\x22\x0d\x0a   xmlns=\
\x22http://www.w3.o\
rg/2000/svg\x22\x0d\x0a  \
 xmlns:svg=\x22http\
://www.w3.org/20\
00/svg\x22>\x0d\x0a  <def\
s\x0d\x0a     id=\x22defs\
2\x22 />\x0d\x0a  <sodipo\
di:namedview\x0d\x0a  \
   id=\x22namedview\
2\x22\x0d\x0a     pagecol\
or=\x22#ffffff\x22\x0d\x0a  \
   bordercolor=\x22\
#000000\x22\x0d\x0a     b\
orderopacity=\x220.\
25\x22\x0d\x0a     inksca\
pe:showpageshado\
w=\x222\x22\x0d\x0a     inks\
cape:pageopacity\
=\x220.0\x22\x0d\x0a     ink\
scape:pagechecke\
rboard=\x220\x22\x0d\x0a    \
 inkscape:deskco\
lor=\x22#d1d1d1\x22\x0d\x0a \
    inkscape:zoo\
m=\x2233.625\x22\x0d\x0a    \
 inkscape:cx=\x2212\
\x22\x0d\x0a     inkscape\
:cy=\x2212\x22\x0d\x0a     i\
nkscape:window-w\
idth=\x221920\x22\x0d\x0a   \
  inkscape:windo\
w-height=\x221009\x22\x0d\
\x0a     inkscape:w\
indow-x=\x22-8\x22\x0d\x0a  \
   inkscape:wind\
ow-y=\x22-8\x22\x0d\x0a     \
inkscape:window-\
maximized=\x221\x22\x0d\x0a \
    inkscape:cur\
rent-layer=\x22svg2\
\x22 />\x0d\x0a  <path\x0d\x0a \
    d=\x22M10 13a5 \
5 0 0 0 7.54.54l\
3-3a5 5 0 0 0-7.\
07-7.07l-1.72 1.\
71\x22\x0d\x0a     id=\x22pa\
th1\x22\x0d\x0a     style\
=\x22stroke:#ffffff\
;stroke-opacity:\
1\x22 />\x0d\x0a  <path\x0d\x0a\
     d=\x22M14 11a5\
 5 0 0 0-7.54-.5\
4l-3 3a5 5 0 0 0\
 7.07 7.07l1.71-\
1.71\x22\x0d\x0a     id=\x22\
path2\x22\x0d\x0a     sty\
le=\x22stroke:#ffff\
ff;stroke-opacit\
y:1\x22 />\x0d\x0a</svg>\x0d\
\x0a\
\x00\x00\x01\x06\
<\
svg xmlns=\x22http:\
//www.w3.org/200\
0/svg\x22 width=\x2224\
\x22 height=\x2224\x22 vi\
ewBox=\x220 0 24 24\
\x22 fill=\x22none\x22 st\
roke=\x22currentCol\
or\x22 stroke-width\
=\x222\x22 stroke-line\
cap=\x22round\x22 stro\
ke-linejoin=\x22rou\
nd\x22 class=\x22feath\
er feather-check\
\x22><polyline poin\
ts=\x2220 6 9 17 4 \
12\x22></polyline><\
/svg>\
\x00\x00\x01H\
<\
svg xmlns=\x22http:\
//www.w3.org/200\
0/svg\x22 width=\x2224\
\x22 height=\x2224\x22 vi\
ewBox=\x220 0 24 24\
\x22 fill=\x22none\x22 st\
roke=\x22currentCol\
or\x22 stroke-width\
=\x222\x22 stroke-line\
cap=\x22round\x22 stro\
ke-linejoin=\x22rou\
nd\x22 class=\x22feath\
er feather-volum\
e-1\x22><polygon po\
ints=\x2211 5 6 9 2\
 9 2 15 6 15 11 \
19 11 5\x22></polyg\
on><path d=\x22M15.\
54 8.46a5 5 0 0 \
1 0 7.07\x22></path\
></svg>\
\x00\x00\x01r\
<\
svg xmlns=\x22http:\
//www.w3.org/200\
0/svg\x22 width=\x2224\
\x22 height=\x2224\x22 vi\
ewBox=\x220 0 24 24\
\x22 fill=\x22none\x22 st\
roke=\x22currentCol\
or\x22 stroke-width\
=\x222\x22 stroke-line\
cap=\x22round\x22 stro\
ke-linejoin=\x22rou\
nd\x22 class=\x22feath\
er feather-downl\
oad\x22><path d=\x22M2\
1 15v4a2 2 0 0 1\
-2 2H5a2 2 0 0 1\
-2-2v-4\x22></path>\
<polyline points\
=\x227 10 12 15 17 \
10\x22></polyline><\
line x1=\x2212\x22 y1=\
\x2215\x22 x2=\x2212\x22 y2=\
\x223\x22></line></svg\
>\
\x00\x00\x01f\
<\
svg xmlns=\x22http:\
//www.w3.org/200\
0/svg\x22 width=\x2224\
\x22 height=\x2224\x22 vi\
ewBox=\x220 0 24 24\
\x22 fill=\x22none\x22 st\
roke=\x22currentCol\
or\x22 stroke-width\
=\x222\x22 stroke-line\
cap=\x22round\x22 stro\
ke-linejoin=\x22rou\
nd\x22 class=\x22feath\
er feather-git-c\
ommit\x22><circle c\
x=\x2212\x22 cy=\x2212\x22 r\
=\x224\x22></circle><l\
ine x1=\x221.05\x22 y1\
=\x2212\x22 x2=\x227\x22 y2=\
\x2212\x22></line><lin\
e x1=\x2217.01\x22 y1=\
\x2212\x22 x2=\x2222.96\x22 \
y2=\x2212\x22></line><\
/svg>\
\x00\x00\x05!\
<\
?xml version=\x221.\
0\x22 encoding=\x22UTF\
-8\x22 standalone=\x22\
no\x22?>\x0d\x0a<svg\x0d\x0a   \
width=\x2224\x22\x0d\x0a   h\
eight=\x2224\x22\x0d\x0a   v\
iewBox=\x220 0 24 2\
4\x22\x0d\x0a   fill=\x22non\
e\x22\x0d\x0a   stroke=\x22c\
urrentColor\x22\x0d\x0a  \
 stroke-width=\x222\
\x22\x0d\x0a   stroke-lin\
ecap=\x22round\x22\x0d\x0a  \
 stroke-linejoin\
=\x22round\x22\x0d\x0a   cla\
ss=\x22feather feat\
her-minus\x22\x0d\x0a   v\
ersion=\x221.1\x22\x0d\x0a  \
 id=\x22svg1\x22\x0d\x0a   s\
odipodi:docname=\
\x22minus.svg\x22\x0d\x0a   \
inkscape:version\
=\x221.4 (86a8ad7, \
2024-10-11)\x22\x0d\x0a  \
 xmlns:inkscape=\
\x22http://www.inks\
cape.org/namespa\
ces/inkscape\x22\x0d\x0a \
  xmlns:sodipodi\
=\x22http://sodipod\
i.sourceforge.ne\
t/DTD/sodipodi-0\
.dtd\x22\x0d\x0a   xmlns=\
\x22http://www.w3.o\
rg/2000/svg\x22\x0d\x0a  \
 xmlns:svg=\x22http\
://www.w3.org/20\
00/svg\x22>\x0d\x0a  <def\
s\x0d\x0a     id=\x22defs\
1\x22 />\x0d\x0a  <sodipo\
di:namedview\x0d\x0a  \
   id=\x22namedview\
1\x22\x0d\x0a     pagecol\
or=\x22#ffffff\x22\x0d\x0a  \
   bordercolor=\x22\
#000000\x22\x0d\x0a     b\
orderopacity=\x220.\
25\x22\x0d\x0a     inksca\
pe:showpageshado\
w=\x222\x22\x0d\x0a     inks\
cape:pageopacity\
=\x220.0\x22\x0d\x0a     ink\
scape:pagechecke\
rboard=\x220\x22\x0d\x0a    \
 inkscape:deskco\
lor=\x22#d1d1d1\x22\x0d\x0a \
    inkscape:zoo\
m=\x2233.625\x22\x0d\x0a    \
 inkscape:cx=\x2212\
\x22\x0d\x0a     inkscape\
:cy=\x2212\x22\x0d\x0a     i\
nkscape:window-w\
idth=\x221920\x22\x0d\x0a   \
  inkscape:windo\
w-height=\x221009\x22\x0d\
\x0a     inkscape:w\
indow-x=\x22-8\x22\x0d\x0a  \
   inkscape:wind\
ow-y=\x22-8\x22\x0d\x0a     \
inkscape:window-\
maximized=\x221\x22\x0d\x0a \
    inkscape:cur\
rent-layer=\x22svg1\
\x22 />\x0d\x0a  <line\x0d\x0a \
    x1=\x225\x22\x0d\x0a    \
 y1=\x2212\x22\x0d\x0a     x\
2=\x2219\x22\x0d\x0a     y2=\
\x2212\x22\x0d\x0a     id=\x22l\
ine1\x22\x0d\x0a     styl\
e=\x22stroke:#fffff\
f;stroke-opacity\
:1\x22 />\x0d\x0a</svg>\x0d\x0a\
\
\x00\x00\x01\xce\
<\
svg xmlns=\x22http:\
//www.w3.org/200\
0/svg\x22 width=\x2224\
\x22 height=\x2224\x22 vi\
ewBox=\x220 0 24 24\
\x22 fill=\x22none\x22 st\
roke=\x22currentCol\
or\x22 stroke-width\
=\x222\x22 stroke-line\
cap=\x22round\x22 stro\
ke-linejoin=\x22rou\
nd\x22 class=\x22feath\
er feather-watch\
\x22><circle cx=\x2212\
\x22 cy=\x2212\x22 r=\x227\x22>\
</circle><polyli\
ne points=\x2212 9 \
12 12 13.5 13.5\x22\
></polyline><pat\
h d=\x22M16.51 17.3\
5l-.35 3.83a2 2 \
0 0 1-2 1.82H9.8\
3a2 2 0 0 1-2-1.\
82l-.35-3.83m.01\
-10.7l.35-3.83A2\
 2 0 0 1 9.83 1h\
4.35a2 2 0 0 1 2\
 1.82l.35 3.83\x22>\
</path></svg>\
\x00\x00\x01>\
<\
svg xmlns=\x22http:\
//www.w3.org/200\
0/svg\x22 width=\x2224\
\x22 height=\x2224\x22 vi\
ewBox=\x220 0 24 24\
\x22 fill=\x22none\x22 st\
roke=\x22currentCol\
or\x22 stroke-width\
=\x222\x22 stroke-line\
cap=\x22round\x22 stro\
ke-linejoin=\x22rou\
nd\x22 class=\x22feath\
er feather-chevr\
ons-left\x22><polyl\
ine points=\x2211 1\
7 6 12 11 7\x22></p\
olyline><polylin\
e points=\x2218 17 \
13 12 18 7\x22></po\
lyline></svg>\
\x00\x00\x01S\
<\
svg xmlns=\x22http:\
//www.w3.org/200\
0/svg\x22 width=\x2224\
\x22 height=\x2224\x22 vi\
ewBox=\x220 0 24 24\
\x22 fill=\x22none\x22 st\
roke=\x22currentCol\
or\x22 stroke-width\
=\x222\x22 stroke-line\
cap=\x22round\x22 stro\
ke-linejoin=\x22rou\
nd\x22 class=\x22feath\
er feather-divid\
e\x22><circle cx=\x221\
2\x22 cy=\x226\x22 r=\x222\x22>\
</circle><line x\
1=\x225\x22 y1=\x2212\x22 x2\
=\x2219\x22 y2=\x2212\x22></\
line><circle cx=\
\x2212\x22 cy=\x2218\x22 r=\x22\
2\x22></circle></sv\
g>\
\x00\x00\x01u\
<\
svg xmlns=\x22http:\
//www.w3.org/200\
0/svg\x22 width=\x2224\
\x22 height=\x2224\x22 vi\
ewBox=\x220 0 24 24\
\x22 fill=\x22none\x22 st\
roke=\x22currentCol\
or\x22 stroke-width\
=\x222\x22 stroke-line\
cap=\x22round\x22 stro\
ke-linejoin=\x22rou\
nd\x22 class=\x22feath\
er feather-map\x22>\
<polygon points=\
\x221 6 1 22 8 18 1\
6 22 23 18 23 2 \
16 6 8 2 1 6\x22></\
polygon><line x1\
=\x228\x22 y1=\x222\x22 x2=\x22\
8\x22 y2=\x2218\x22></lin\
e><line x1=\x2216\x22 \
y1=\x226\x22 x2=\x2216\x22 y\
2=\x2222\x22></line></\
svg>\
\x00\x00\x02i\
<\
svg xmlns=\x22http:\
//www.w3.org/200\
0/svg\x22 width=\x2224\
\x22 height=\x2224\x22 vi\
ewBox=\x220 0 24 24\
\x22 fill=\x22none\x22 st\
roke=\x22currentCol\
or\x22 stroke-width\
=\x222\x22 stroke-line\
cap=\x22round\x22 stro\
ke-linejoin=\x22rou\
nd\x22 class=\x22feath\
er feather-phone\
-incoming\x22><poly\
line points=\x2216 \
2 16 8 22 8\x22></p\
olyline><line x1\
=\x2223\x22 y1=\x221\x22 x2=\
\x2216\x22 y2=\x228\x22></li\
ne><path d=\x22M22 \
16.92v3a2 2 0 0 \
1-2.18 2 19.79 1\
9.79 0 0 1-8.63-\
3.07 19.5 19.5 0\
 0 1-6-6 19.79 1\
9.79 0 0 1-3.07-\
8.67A2 2 0 0 1 4\
.11 2h3a2 2 0 0 \
1 2 1.72 12.84 1\
2.84 0 0 0 .7 2.\
81 2 2 0 0 1-.45\
 2.11L8.09 9.91a\
16 16 0 0 0 6 6l\
1.27-1.27a2 2 0 \
0 1 2.11-.45 12.\
84 12.84 0 0 0 2\
.81.7A2 2 0 0 1 \
22 16.92z\x22></pat\
h></svg>\
\x00\x00\x01\x81\
<\
svg xmlns=\x22http:\
//www.w3.org/200\
0/svg\x22 width=\x2224\
\x22 height=\x2224\x22 vi\
ewBox=\x220 0 24 24\
\x22 fill=\x22none\x22 st\
roke=\x22currentCol\
or\x22 stroke-width\
=\x222\x22 stroke-line\
cap=\x22round\x22 stro\
ke-linejoin=\x22rou\
nd\x22 class=\x22feath\
er feather-camer\
a-off\x22><line x1=\
\x221\x22 y1=\x221\x22 x2=\x222\
3\x22 y2=\x2223\x22></lin\
e><path d=\x22M21 2\
1H3a2 2 0 0 1-2-\
2V8a2 2 0 0 1 2-\
2h3m3-3h6l2 3h4a\
2 2 0 0 1 2 2v9.\
34m-7.72-2.06a4 \
4 0 1 1-5.56-5.5\
6\x22></path></svg>\
\
\x00\x00\x01\x88\
<\
svg xmlns=\x22http:\
//www.w3.org/200\
0/svg\x22 width=\x2224\
\x22 height=\x2224\x22 vi\
ewBox=\x220 0 24 24\
\x22 fill=\x22none\x22 st\
roke=\x22currentCol\
or\x22 stroke-width\
=\x222\x22 stroke-line\
cap=\x22round\x22 stro\
ke-linejoin=\x22rou\
nd\x22 class=\x22feath\
er feather-save\x22\
><path d=\x22M19 21\
H5a2 2 0 0 1-2-2\
V5a2 2 0 0 1 2-2\
h11l5 5v11a2 2 0\
 0 1-2 2z\x22></pat\
h><polyline poin\
ts=\x2217 21 17 13 \
7 13 7 21\x22></pol\
yline><polyline \
points=\x227 3 7 8 \
15 8\x22></polyline\
></svg>\
\x00\x00\x01\x12\
<\
svg xmlns=\x22http:\
//www.w3.org/200\
0/svg\x22 width=\x2224\
\x22 height=\x2224\x22 vi\
ewBox=\x220 0 24 24\
\x22 fill=\x22none\x22 st\
roke=\x22currentCol\
or\x22 stroke-width\
=\x222\x22 stroke-line\
cap=\x22round\x22 stro\
ke-linejoin=\x22rou\
nd\x22 class=\x22feath\
er feather-dropl\
et\x22><path d=\x22M12\
 2.69l5.66 5.66a\
8 8 0 1 1-11.31 \
0z\x22></path></svg\
>\
\x00\x00\x01\xaf\
<\
svg xmlns=\x22http:\
//www.w3.org/200\
0/svg\x22 width=\x2224\
\x22 height=\x2224\x22 vi\
ewBox=\x220 0 24 24\
\x22 fill=\x22none\x22 st\
roke=\x22currentCol\
or\x22 stroke-width\
=\x222\x22 stroke-line\
cap=\x22round\x22 stro\
ke-linejoin=\x22rou\
nd\x22 class=\x22feath\
er feather-uploa\
d-cloud\x22><polyli\
ne points=\x2216 16\
 12 12 8 16\x22></p\
olyline><line x1\
=\x2212\x22 y1=\x2212\x22 x2\
=\x2212\x22 y2=\x2221\x22></\
line><path d=\x22M2\
0.39 18.39A5 5 0\
 0 0 18 9h-1.26A\
8 8 0 1 0 3 16.3\
\x22></path><polyli\
ne points=\x2216 16\
 12 12 8 16\x22></p\
olyline></svg>\
\x00\x00\x01b\
<\
svg xmlns=\x22http:\
//www.w3.org/200\
0/svg\x22 width=\x2224\
\x22 height=\x2224\x22 vi\
ewBox=\x220 0 24 24\
\x22 fill=\x22none\x22 st\
roke=\x22currentCol\
or\x22 stroke-width\
=\x222\x22 stroke-line\
cap=\x22round\x22 stro\
ke-linejoin=\x22rou\
nd\x22 class=\x22feath\
er feather-zoom-\
out\x22><circle cx=\
\x2211\x22 cy=\x2211\x22 r=\x22\
8\x22></circle><lin\
e x1=\x2221\x22 y1=\x2221\
\x22 x2=\x2216.65\x22 y2=\
\x2216.65\x22></line><\
line x1=\x228\x22 y1=\x22\
11\x22 x2=\x2214\x22 y2=\x22\
11\x22></line></svg\
>\
\x00\x00\x06\x1f\
<\
?xml version=\x221.\
0\x22 encoding=\x22UTF\
-8\x22 standalone=\x22\
no\x22?>\x0d\x0a<svg\x0d\x0a   \
width=\x2224\x22\x0d\x0a   h\
eight=\x2224\x22\x0d\x0a   v\
iewBox=\x220 0 24 2\
4\x22\x0d\x0a   fill=\x22non\
e\x22\x0d\x0a   stroke=\x22c\
urrentColor\x22\x0d\x0a  \
 stroke-width=\x222\
\x22\x0d\x0a   stroke-lin\
ecap=\x22round\x22\x0d\x0a  \
 stroke-linejoin\
=\x22round\x22\x0d\x0a   cla\
ss=\x22feather feat\
her-x-circle\x22\x0d\x0a \
  version=\x221.1\x22\x0d\
\x0a   id=\x22svg2\x22\x0d\x0a \
  sodipodi:docna\
me=\x22x-circle.svg\
\x22\x0d\x0a   inkscape:v\
ersion=\x221.4 (86a\
8ad7, 2024-10-11\
)\x22\x0d\x0a   xmlns:ink\
scape=\x22http://ww\
w.inkscape.org/n\
amespaces/inksca\
pe\x22\x0d\x0a   xmlns:so\
dipodi=\x22http://s\
odipodi.sourcefo\
rge.net/DTD/sodi\
podi-0.dtd\x22\x0d\x0a   \
xmlns=\x22http://ww\
w.w3.org/2000/sv\
g\x22\x0d\x0a   xmlns:svg\
=\x22http://www.w3.\
org/2000/svg\x22>\x0d\x0a\
  <defs\x0d\x0a     id\
=\x22defs2\x22 />\x0d\x0a  <\
sodipodi:namedvi\
ew\x0d\x0a     id=\x22nam\
edview2\x22\x0d\x0a     p\
agecolor=\x22#fffff\
f\x22\x0d\x0a     borderc\
olor=\x22#000000\x22\x0d\x0a\
     borderopaci\
ty=\x220.25\x22\x0d\x0a     \
inkscape:showpag\
eshadow=\x222\x22\x0d\x0a   \
  inkscape:pageo\
pacity=\x220.0\x22\x0d\x0a  \
   inkscape:page\
checkerboard=\x220\x22\
\x0d\x0a     inkscape:\
deskcolor=\x22#d1d1\
d1\x22\x0d\x0a     inksca\
pe:zoom=\x2233.625\x22\
\x0d\x0a     inkscape:\
cx=\x2212\x22\x0d\x0a     in\
kscape:cy=\x2212\x22\x0d\x0a\
     inkscape:wi\
ndow-width=\x221920\
\x22\x0d\x0a     inkscape\
:window-height=\x22\
1009\x22\x0d\x0a     inks\
cape:window-x=\x22-\
8\x22\x0d\x0a     inkscap\
e:window-y=\x22-8\x22\x0d\
\x0a     inkscape:w\
indow-maximized=\
\x221\x22\x0d\x0a     inksca\
pe:current-layer\
=\x22svg2\x22 />\x0d\x0a  <c\
ircle\x0d\x0a     cx=\x22\
12\x22\x0d\x0a     cy=\x2212\
\x22\x0d\x0a     r=\x2210\x22\x0d\x0a\
     id=\x22circle1\
\x22\x0d\x0a     style=\x22s\
troke:#ffffff;st\
roke-opacity:1\x22 \
/>\x0d\x0a  <line\x0d\x0a   \
  x1=\x2215\x22\x0d\x0a     \
y1=\x229\x22\x0d\x0a     x2=\
\x229\x22\x0d\x0a     y2=\x2215\
\x22\x0d\x0a     id=\x22line\
1\x22\x0d\x0a     style=\x22\
stroke:#ffffff;s\
troke-opacity:1\x22\
 />\x0d\x0a  <line\x0d\x0a  \
   x1=\x229\x22\x0d\x0a     \
y1=\x229\x22\x0d\x0a     x2=\
\x2215\x22\x0d\x0a     y2=\x221\
5\x22\x0d\x0a     id=\x22lin\
e2\x22\x0d\x0a     style=\
\x22stroke:#ffffff;\
stroke-opacity:1\
\x22 />\x0d\x0a</svg>\x0d\x0a\
\x00\x00\x01i\
<\
svg xmlns=\x22http:\
//www.w3.org/200\
0/svg\x22 width=\x2224\
\x22 height=\x2224\x22 vi\
ewBox=\x220 0 24 24\
\x22 fill=\x22none\x22 st\
roke=\x22currentCol\
or\x22 stroke-width\
=\x222\x22 stroke-line\
cap=\x22round\x22 stro\
ke-linejoin=\x22rou\
nd\x22 class=\x22feath\
er feather-archi\
ve\x22><polyline po\
ints=\x2221 8 21 21\
 3 21 3 8\x22></pol\
yline><rect x=\x221\
\x22 y=\x223\x22 width=\x222\
2\x22 height=\x225\x22></\
rect><line x1=\x221\
0\x22 y1=\x2212\x22 x2=\x221\
4\x22 y2=\x2212\x22></lin\
e></svg>\
\x00\x00\x01P\
<\
svg xmlns=\x22http:\
//www.w3.org/200\
0/svg\x22 width=\x2224\
\x22 height=\x2224\x22 vi\
ewBox=\x220 0 24 24\
\x22 fill=\x22none\x22 st\
roke=\x22currentCol\
or\x22 stroke-width\
=\x222\x22 stroke-line\
cap=\x22round\x22 stro\
ke-linejoin=\x22rou\
nd\x22 class=\x22feath\
er feather-targe\
t\x22><circle cx=\x221\
2\x22 cy=\x2212\x22 r=\x2210\
\x22></circle><circ\
le cx=\x2212\x22 cy=\x221\
2\x22 r=\x226\x22></circl\
e><circle cx=\x2212\
\x22 cy=\x2212\x22 r=\x222\x22>\
</circle></svg>\
\x00\x00\x01f\
<\
svg xmlns=\x22http:\
//www.w3.org/200\
0/svg\x22 width=\x2224\
\x22 height=\x2224\x22 vi\
ewBox=\x220 0 24 24\
\x22 fill=\x22none\x22 st\
roke=\x22currentCol\
or\x22 stroke-width\
=\x222\x22 stroke-line\
cap=\x22round\x22 stro\
ke-linejoin=\x22rou\
nd\x22 class=\x22feath\
er feather-voice\
mail\x22><circle cx\
=\x225.5\x22 cy=\x2211.5\x22\
 r=\x224.5\x22></circl\
e><circle cx=\x2218\
.5\x22 cy=\x2211.5\x22 r=\
\x224.5\x22></circle><\
line x1=\x225.5\x22 y1\
=\x2216\x22 x2=\x2218.5\x22 \
y2=\x2216\x22></line><\
/svg>\
\x00\x00\x01t\
<\
svg xmlns=\x22http:\
//www.w3.org/200\
0/svg\x22 width=\x2224\
\x22 height=\x2224\x22 vi\
ewBox=\x220 0 24 24\
\x22 fill=\x22none\x22 st\
roke=\x22currentCol\
or\x22 stroke-width\
=\x222\x22 stroke-line\
cap=\x22round\x22 stro\
ke-linejoin=\x22rou\
nd\x22 class=\x22feath\
er feather-shopp\
ing-bag\x22><path d\
=\x22M6 2L3 6v14a2 \
2 0 0 0 2 2h14a2\
 2 0 0 0 2-2V6l-\
3-4z\x22></path><li\
ne x1=\x223\x22 y1=\x226\x22\
 x2=\x2221\x22 y2=\x226\x22>\
</line><path d=\x22\
M16 10a4 4 0 0 1\
-8 0\x22></path></s\
vg>\
\x00\x00\x01t\
<\
svg xmlns=\x22http:\
//www.w3.org/200\
0/svg\x22 width=\x2224\
\x22 height=\x2224\x22 vi\
ewBox=\x220 0 24 24\
\x22 fill=\x22none\x22 st\
roke=\x22currentCol\
or\x22 stroke-width\
=\x222\x22 stroke-line\
cap=\x22round\x22 stro\
ke-linejoin=\x22rou\
nd\x22 class=\x22feath\
er feather-datab\
ase\x22><ellipse cx\
=\x2212\x22 cy=\x225\x22 rx=\
\x229\x22 ry=\x223\x22></ell\
ipse><path d=\x22M2\
1 12c0 1.66-4 3-\
9 3s-9-1.34-9-3\x22\
></path><path d=\
\x22M3 5v14c0 1.66 \
4 3 9 3s9-1.34 9\
-3V5\x22></path></s\
vg>\
\x00\x00\x02\x0f\
<\
svg xmlns=\x22http:\
//www.w3.org/200\
0/svg\x22 width=\x2224\
\x22 height=\x2224\x22 vi\
ewBox=\x220 0 24 24\
\x22 fill=\x22none\x22 st\
roke=\x22currentCol\
or\x22 stroke-width\
=\x222\x22 stroke-line\
cap=\x22round\x22 stro\
ke-linejoin=\x22rou\
nd\x22 class=\x22feath\
er feather-githu\
b\x22><path d=\x22M9 1\
9c-5 1.5-5-2.5-7\
-3m14 6v-3.87a3.\
37 3.37 0 0 0-.9\
4-2.61c3.14-.35 \
6.44-1.54 6.44-7\
A5.44 5.44 0 0 0\
 20 4.77 5.07 5.\
07 0 0 0 19.91 1\
S18.73.65 16 2.4\
8a13.38 13.38 0 \
0 0-7 0C6.27.65 \
5.09 1 5.09 1A5.\
07 5.07 0 0 0 5 \
4.77a5.44 5.44 0\
 0 0-1.5 3.78c0 \
5.42 3.3 6.61 6.\
44 7A3.37 3.37 0\
 0 0 9 18.13V22\x22\
></path></svg>\
\x00\x00\x01\xea\
<\
svg xmlns=\x22http:\
//www.w3.org/200\
0/svg\x22 width=\x2224\
\x22 height=\x2224\x22 vi\
ewBox=\x220 0 24 24\
\x22 fill=\x22none\x22 st\
roke=\x22currentCol\
or\x22 stroke-width\
=\x222\x22 stroke-line\
cap=\x22round\x22 stro\
ke-linejoin=\x22rou\
nd\x22 class=\x22feath\
er feather-gitla\
b\x22><path d=\x22M22.\
65 14.39L12 22.1\
3 1.35 14.39a.84\
.84 0 0 1-.3-.94\
l1.22-3.78 2.44-\
7.51A.42.42 0 0 \
1 4.82 2a.43.43 \
0 0 1 .58 0 .42.\
42 0 0 1 .11.18l\
2.44 7.49h8.1l2.\
44-7.51A.42.42 0\
 0 1 18.6 2a.43.\
43 0 0 1 .58 0 .\
42.42 0 0 1 .11.\
18l2.44 7.51L23 \
13.45a.84.84 0 0\
 1-.35.94z\x22></pa\
th></svg>\
\x00\x00\x01i\
<\
svg xmlns=\x22http:\
//www.w3.org/200\
0/svg\x22 width=\x2224\
\x22 height=\x2224\x22 vi\
ewBox=\x220 0 24 24\
\x22 fill=\x22none\x22 st\
roke=\x22currentCol\
or\x22 stroke-width\
=\x222\x22 stroke-line\
cap=\x22round\x22 stro\
ke-linejoin=\x22rou\
nd\x22 class=\x22feath\
er feather-arrow\
-right-circle\x22><\
circle cx=\x2212\x22 c\
y=\x2212\x22 r=\x2210\x22></\
circle><polyline\
 points=\x2212 16 1\
6 12 12 8\x22></pol\
yline><line x1=\x22\
8\x22 y1=\x2212\x22 x2=\x221\
6\x22 y2=\x2212\x22></lin\
e></svg>\
\x00\x00\x01`\
<\
svg xmlns=\x22http:\
//www.w3.org/200\
0/svg\x22 width=\x2224\
\x22 height=\x2224\x22 vi\
ewBox=\x220 0 24 24\
\x22 fill=\x22none\x22 st\
roke=\x22currentCol\
or\x22 stroke-width\
=\x222\x22 stroke-line\
cap=\x22round\x22 stro\
ke-linejoin=\x22rou\
nd\x22 class=\x22feath\
er feather-key\x22>\
<path d=\x22M21 2l-\
2 2m-7.61 7.61a5\
.5 5.5 0 1 1-7.7\
78 7.778 5.5 5.5\
 0 0 1 7.777-7.7\
77zm0 0L15.5 7.5\
m0 0l3 3L22 7l-3\
-3m-3.5 3.5L19 4\
\x22></path></svg>\
\x00\x00\x01v\
<\
svg xmlns=\x22http:\
//www.w3.org/200\
0/svg\x22 width=\x2224\
\x22 height=\x2224\x22 vi\
ewBox=\x220 0 24 24\
\x22 fill=\x22none\x22 st\
roke=\x22currentCol\
or\x22 stroke-width\
=\x222\x22 stroke-line\
cap=\x22round\x22 stro\
ke-linejoin=\x22rou\
nd\x22 class=\x22feath\
er feather-delet\
e\x22><path d=\x22M21 \
4H8l-7 8 7 8h13a\
2 2 0 0 0 2-2V6a\
2 2 0 0 0-2-2z\x22>\
</path><line x1=\
\x2218\x22 y1=\x229\x22 x2=\x22\
12\x22 y2=\x2215\x22></li\
ne><line x1=\x2212\x22\
 y1=\x229\x22 x2=\x2218\x22 \
y2=\x2215\x22></line><\
/svg>\
\x00\x00\x01c\
<\
svg xmlns=\x22http:\
//www.w3.org/200\
0/svg\x22 width=\x2224\
\x22 height=\x2224\x22 vi\
ewBox=\x220 0 24 24\
\x22 fill=\x22none\x22 st\
roke=\x22currentCol\
or\x22 stroke-width\
=\x222\x22 stroke-line\
cap=\x22round\x22 stro\
ke-linejoin=\x22rou\
nd\x22 class=\x22feath\
er feather-link-\
2\x22><path d=\x22M15 \
7h3a5 5 0 0 1 5 \
5 5 5 0 0 1-5 5h\
-3m-6 0H6a5 5 0 \
0 1-5-5 5 5 0 0 \
1 5-5h3\x22></path>\
<line x1=\x228\x22 y1=\
\x2212\x22 x2=\x2216\x22 y2=\
\x2212\x22></line></sv\
g>\
\x00\x00\x02~\
<\
svg xmlns=\x22http:\
//www.w3.org/200\
0/svg\x22 width=\x2224\
\x22 height=\x2224\x22 vi\
ewBox=\x220 0 24 24\
\x22 fill=\x22none\x22 st\
roke=\x22currentCol\
or\x22 stroke-width\
=\x222\x22 stroke-line\
cap=\x22round\x22 stro\
ke-linejoin=\x22rou\
nd\x22 class=\x22feath\
er feather-codes\
andbox\x22><path d=\
\x22M21 16V8a2 2 0 \
0 0-1-1.73l-7-4a\
2 2 0 0 0-2 0l-7\
 4A2 2 0 0 0 3 8\
v8a2 2 0 0 0 1 1\
.73l7 4a2 2 0 0 \
0 2 0l7-4A2 2 0 \
0 0 21 16z\x22></pa\
th><polyline poi\
nts=\x227.5 4.21 12\
 6.81 16.5 4.21\x22\
></polyline><pol\
yline points=\x227.\
5 19.79 7.5 14.6\
 3 12\x22></polylin\
e><polyline poin\
ts=\x2221 12 16.5 1\
4.6 16.5 19.79\x22>\
</polyline><poly\
line points=\x223.2\
7 6.96 12 12.01 \
20.73 6.96\x22></po\
lyline><line x1=\
\x2212\x22 y1=\x2222.08\x22 \
x2=\x2212\x22 y2=\x2212\x22>\
</line></svg>\
\x00\x00\x01_\
<\
svg xmlns=\x22http:\
//www.w3.org/200\
0/svg\x22 width=\x2224\
\x22 height=\x2224\x22 vi\
ewBox=\x220 0 24 24\
\x22 fill=\x22none\x22 st\
roke=\x22currentCol\
or\x22 stroke-width\
=\x222\x22 stroke-line\
cap=\x22round\x22 stro\
ke-linejoin=\x22rou\
nd\x22 class=\x22feath\
er feather-plus-\
circle\x22><circle \
cx=\x2212\x22 cy=\x2212\x22 \
r=\x2210\x22></circle>\
<line x1=\x2212\x22 y1\
=\x228\x22 x2=\x2212\x22 y2=\
\x2216\x22></line><lin\
e x1=\x228\x22 y1=\x2212\x22\
 x2=\x2216\x22 y2=\x2212\x22\
></line></svg>\
\x00\x00\x01o\
<\
svg xmlns=\x22http:\
//www.w3.org/200\
0/svg\x22 width=\x2224\
\x22 height=\x2224\x22 vi\
ewBox=\x220 0 24 24\
\x22 fill=\x22none\x22 st\
roke=\x22currentCol\
or\x22 stroke-width\
=\x222\x22 stroke-line\
cap=\x22round\x22 stro\
ke-linejoin=\x22rou\
nd\x22 class=\x22feath\
er feather-log-o\
ut\x22><path d=\x22M9 \
21H5a2 2 0 0 1-2\
-2V5a2 2 0 0 1 2\
-2h4\x22></path><po\
lyline points=\x221\
6 17 21 12 16 7\x22\
></polyline><lin\
e x1=\x2221\x22 y1=\x2212\
\x22 x2=\x229\x22 y2=\x2212\x22\
></line></svg>\
\x00\x00\x01\xa3\
<\
svg xmlns=\x22http:\
//www.w3.org/200\
0/svg\x22 width=\x2224\
\x22 height=\x2224\x22 vi\
ewBox=\x220 0 24 24\
\x22 fill=\x22none\x22 st\
roke=\x22currentCol\
or\x22 stroke-width\
=\x222\x22 stroke-line\
cap=\x22round\x22 stro\
ke-linejoin=\x22rou\
nd\x22 class=\x22feath\
er feather-divid\
e-square\x22><rect \
x=\x223\x22 y=\x223\x22 widt\
h=\x2218\x22 height=\x221\
8\x22 rx=\x222\x22 ry=\x222\x22\
></rect><line x1\
=\x228\x22 y1=\x2212\x22 x2=\
\x2216\x22 y2=\x2212\x22></l\
ine><line x1=\x2212\
\x22 y1=\x2216\x22 x2=\x2212\
\x22 y2=\x2216\x22></line\
><line x1=\x2212\x22 y\
1=\x228\x22 x2=\x2212\x22 y2\
=\x228\x22></line></sv\
g>\
\x00\x00\x01{\
<\
svg xmlns=\x22http:\
//www.w3.org/200\
0/svg\x22 width=\x2224\
\x22 height=\x2224\x22 vi\
ewBox=\x220 0 24 24\
\x22 fill=\x22none\x22 st\
roke=\x22currentCol\
or\x22 stroke-width\
=\x222\x22 stroke-line\
cap=\x22round\x22 stro\
ke-linejoin=\x22rou\
nd\x22 class=\x22feath\
er feather-video\
-off\x22><path d=\x22M\
16 16v1a2 2 0 0 \
1-2 2H3a2 2 0 0 \
1-2-2V7a2 2 0 0 \
1 2-2h2m5.66 0H1\
4a2 2 0 0 1 2 2v\
3.34l1 1L23 7v10\
\x22></path><line x\
1=\x221\x22 y1=\x221\x22 x2=\
\x2223\x22 y2=\x2223\x22></l\
ine></svg>\
\x00\x00\x01\x18\
<\
svg xmlns=\x22http:\
//www.w3.org/200\
0/svg\x22 width=\x2224\
\x22 height=\x2224\x22 vi\
ewBox=\x220 0 24 24\
\x22 fill=\x22none\x22 st\
roke=\x22currentCol\
or\x22 stroke-width\
=\x222\x22 stroke-line\
cap=\x22round\x22 stro\
ke-linejoin=\x22rou\
nd\x22 class=\x22feath\
er feather-volum\
e\x22><polygon poin\
ts=\x2211 5 6 9 2 9\
 2 15 6 15 11 19\
 11 5\x22></polygon\
></svg>\
\x00\x00\x01\x94\
<\
svg xmlns=\x22http:\
//www.w3.org/200\
0/svg\x22 width=\x2224\
\x22 height=\x2224\x22 vi\
ewBox=\x220 0 24 24\
\x22 fill=\x22none\x22 st\
roke=\x22currentCol\
or\x22 stroke-width\
=\x222\x22 stroke-line\
cap=\x22round\x22 stro\
ke-linejoin=\x22rou\
nd\x22 class=\x22feath\
er feather-minim\
ize-2\x22><polyline\
 points=\x224 14 10\
 14 10 20\x22></pol\
yline><polyline \
points=\x2220 10 14\
 10 14 4\x22></poly\
line><line x1=\x221\
4\x22 y1=\x2210\x22 x2=\x222\
1\x22 y2=\x223\x22></line\
><line x1=\x223\x22 y1\
=\x2221\x22 x2=\x2210\x22 y2\
=\x2214\x22></line></s\
vg>\
\x00\x00\x01l\
<\
svg xmlns=\x22http:\
//www.w3.org/200\
0/svg\x22 width=\x2224\
\x22 height=\x2224\x22 vi\
ewBox=\x220 0 24 24\
\x22 fill=\x22none\x22 st\
roke=\x22currentCol\
or\x22 stroke-width\
=\x222\x22 stroke-line\
cap=\x22round\x22 stro\
ke-linejoin=\x22rou\
nd\x22 class=\x22feath\
er feather-share\
\x22><path d=\x22M4 12\
v8a2 2 0 0 0 2 2\
h12a2 2 0 0 0 2-\
2v-8\x22></path><po\
lyline points=\x221\
6 6 12 2 8 6\x22></\
polyline><line x\
1=\x2212\x22 y1=\x222\x22 x2\
=\x2212\x22 y2=\x2215\x22></\
line></svg>\
\x00\x00\x01<\
<\
svg xmlns=\x22http:\
//www.w3.org/200\
0/svg\x22 width=\x2224\
\x22 height=\x2224\x22 vi\
ewBox=\x220 0 24 24\
\x22 fill=\x22none\x22 st\
roke=\x22currentCol\
or\x22 stroke-width\
=\x222\x22 stroke-line\
cap=\x22round\x22 stro\
ke-linejoin=\x22rou\
nd\x22 class=\x22feath\
er feather-chevr\
ons-up\x22><polylin\
e points=\x2217 11 \
12 6 7 11\x22></pol\
yline><polyline \
points=\x2217 18 12\
 13 7 18\x22></poly\
line></svg>\
\x00\x00\x01K\
<\
svg xmlns=\x22http:\
//www.w3.org/200\
0/svg\x22 width=\x2224\
\x22 height=\x2224\x22 vi\
ewBox=\x220 0 24 24\
\x22 fill=\x22none\x22 st\
roke=\x22currentCol\
or\x22 stroke-width\
=\x222\x22 stroke-line\
cap=\x22round\x22 stro\
ke-linejoin=\x22rou\
nd\x22 class=\x22feath\
er feather-minim\
ize\x22><path d=\x22M8\
 3v3a2 2 0 0 1-2\
 2H3m18 0h-3a2 2\
 0 0 1-2-2V3m0 1\
8v-3a2 2 0 0 1 2\
-2h3M3 16h3a2 2 \
0 0 1 2 2v3\x22></p\
ath></svg>\
\x00\x00\x05\x99\
<\
?xml version=\x221.\
0\x22 encoding=\x22UTF\
-8\x22 standalone=\x22\
no\x22?>\x0d\x0a<svg\x0d\x0a   \
width=\x2224\x22\x0d\x0a   h\
eight=\x2224\x22\x0d\x0a   v\
iewBox=\x220 0 24 2\
4\x22\x0d\x0a   fill=\x22non\
e\x22\x0d\x0a   stroke=\x22c\
urrentColor\x22\x0d\x0a  \
 stroke-width=\x222\
\x22\x0d\x0a   stroke-lin\
ecap=\x22round\x22\x0d\x0a  \
 stroke-linejoin\
=\x22round\x22\x0d\x0a   cla\
ss=\x22feather feat\
her-x\x22\x0d\x0a   versi\
on=\x221.1\x22\x0d\x0a   id=\
\x22svg2\x22\x0d\x0a   sodip\
odi:docname=\x22x.s\
vg\x22\x0d\x0a   inkscape\
:version=\x221.4 (8\
6a8ad7, 2024-10-\
11)\x22\x0d\x0a   xmlns:i\
nkscape=\x22http://\
www.inkscape.org\
/namespaces/inks\
cape\x22\x0d\x0a   xmlns:\
sodipodi=\x22http:/\
/sodipodi.source\
forge.net/DTD/so\
dipodi-0.dtd\x22\x0d\x0a \
  xmlns=\x22http://\
www.w3.org/2000/\
svg\x22\x0d\x0a   xmlns:s\
vg=\x22http://www.w\
3.org/2000/svg\x22>\
\x0d\x0a  <defs\x0d\x0a     \
id=\x22defs2\x22 />\x0d\x0a \
 <sodipodi:named\
view\x0d\x0a     id=\x22n\
amedview2\x22\x0d\x0a    \
 pagecolor=\x22#fff\
fff\x22\x0d\x0a     borde\
rcolor=\x22#000000\x22\
\x0d\x0a     borderopa\
city=\x220.25\x22\x0d\x0a   \
  inkscape:showp\
ageshadow=\x222\x22\x0d\x0a \
    inkscape:pag\
eopacity=\x220.0\x22\x0d\x0a\
     inkscape:pa\
gecheckerboard=\x22\
0\x22\x0d\x0a     inkscap\
e:deskcolor=\x22#d1\
d1d1\x22\x0d\x0a     inks\
cape:zoom=\x2233.62\
5\x22\x0d\x0a     inkscap\
e:cx=\x2212\x22\x0d\x0a     \
inkscape:cy=\x2212\x22\
\x0d\x0a     inkscape:\
window-width=\x2219\
20\x22\x0d\x0a     inksca\
pe:window-height\
=\x221009\x22\x0d\x0a     in\
kscape:window-x=\
\x22-8\x22\x0d\x0a     inksc\
ape:window-y=\x22-8\
\x22\x0d\x0a     inkscape\
:window-maximize\
d=\x221\x22\x0d\x0a     inks\
cape:current-lay\
er=\x22svg2\x22 />\x0d\x0a  \
<line\x0d\x0a     x1=\x22\
18\x22\x0d\x0a     y1=\x226\x22\
\x0d\x0a     x2=\x226\x22\x0d\x0a \
    y2=\x2218\x22\x0d\x0a   \
  id=\x22line1\x22\x0d\x0a  \
   style=\x22stroke\
:#ffffff;stroke-\
opacity:1\x22 />\x0d\x0a \
 <line\x0d\x0a     x1=\
\x226\x22\x0d\x0a     y1=\x226\x22\
\x0d\x0a     x2=\x2218\x22\x0d\x0a\
     y2=\x2218\x22\x0d\x0a  \
   id=\x22line2\x22\x0d\x0a \
    style=\x22strok\
e:#ffffff;stroke\
-opacity:1\x22 />\x0d\x0a\
</svg>\x0d\x0a\
\x00\x00\x01Z\
<\
svg xmlns=\x22http:\
//www.w3.org/200\
0/svg\x22 width=\x2224\
\x22 height=\x2224\x22 vi\
ewBox=\x220 0 24 24\
\x22 fill=\x22none\x22 st\
roke=\x22currentCol\
or\x22 stroke-width\
=\x222\x22 stroke-line\
cap=\x22round\x22 stro\
ke-linejoin=\x22rou\
nd\x22 class=\x22feath\
er feather-menu\x22\
><line x1=\x223\x22 y1\
=\x2212\x22 x2=\x2221\x22 y2\
=\x2212\x22></line><li\
ne x1=\x223\x22 y1=\x226\x22\
 x2=\x2221\x22 y2=\x226\x22>\
</line><line x1=\
\x223\x22 y1=\x2218\x22 x2=\x22\
21\x22 y2=\x2218\x22></li\
ne></svg>\
\x00\x00\x02\x08\
<\
svg xmlns=\x22http:\
//www.w3.org/200\
0/svg\x22 width=\x2224\
\x22 height=\x2224\x22 vi\
ewBox=\x220 0 24 24\
\x22 fill=\x22none\x22 st\
roke=\x22currentCol\
or\x22 stroke-width\
=\x222\x22 stroke-line\
cap=\x22round\x22 stro\
ke-linejoin=\x22rou\
nd\x22 class=\x22feath\
er feather-phone\
\x22><path d=\x22M22 1\
6.92v3a2 2 0 0 1\
-2.18 2 19.79 19\
.79 0 0 1-8.63-3\
.07 19.5 19.5 0 \
0 1-6-6 19.79 19\
.79 0 0 1-3.07-8\
.67A2 2 0 0 1 4.\
11 2h3a2 2 0 0 1\
 2 1.72 12.84 12\
.84 0 0 0 .7 2.8\
1 2 2 0 0 1-.45 \
2.11L8.09 9.91a1\
6 16 0 0 0 6 6l1\
.27-1.27a2 2 0 0\
 1 2.11-.45 12.8\
4 12.84 0 0 0 2.\
81.7A2 2 0 0 1 2\
2 16.92z\x22></path\
></svg>\
\x00\x00\x05\xc1\
<\
?xml version=\x221.\
0\x22 encoding=\x22UTF\
-8\x22 standalone=\x22\
no\x22?>\x0d\x0a<svg\x0d\x0a   \
width=\x2224\x22\x0d\x0a   h\
eight=\x2224\x22\x0d\x0a   v\
iewBox=\x220 0 24 2\
4\x22\x0d\x0a   fill=\x22non\
e\x22\x0d\x0a   stroke=\x22c\
urrentColor\x22\x0d\x0a  \
 stroke-width=\x222\
\x22\x0d\x0a   stroke-lin\
ecap=\x22round\x22\x0d\x0a  \
 stroke-linejoin\
=\x22round\x22\x0d\x0a   cla\
ss=\x22feather feat\
her-airplay\x22\x0d\x0a  \
 version=\x221.1\x22\x0d\x0a\
   id=\x22svg1\x22\x0d\x0a  \
 sodipodi:docnam\
e=\x22airplay.svg\x22\x0d\
\x0a   inkscape:ver\
sion=\x221.4 (86a8a\
d7, 2024-10-11)\x22\
\x0d\x0a   xmlns:inksc\
ape=\x22http://www.\
inkscape.org/nam\
espaces/inkscape\
\x22\x0d\x0a   xmlns:sodi\
podi=\x22http://sod\
ipodi.sourceforg\
e.net/DTD/sodipo\
di-0.dtd\x22\x0d\x0a   xm\
lns=\x22http://www.\
w3.org/2000/svg\x22\
\x0d\x0a   xmlns:svg=\x22\
http://www.w3.or\
g/2000/svg\x22>\x0d\x0a  \
<defs\x0d\x0a     id=\x22\
defs1\x22 />\x0d\x0a  <so\
dipodi:namedview\
\x0d\x0a     id=\x22named\
view1\x22\x0d\x0a     pag\
ecolor=\x22#ffffff\x22\
\x0d\x0a     bordercol\
or=\x22#000000\x22\x0d\x0a  \
   borderopacity\
=\x220.25\x22\x0d\x0a     in\
kscape:showpages\
hadow=\x222\x22\x0d\x0a     \
inkscape:pageopa\
city=\x220.0\x22\x0d\x0a    \
 inkscape:pagech\
eckerboard=\x220\x22\x0d\x0a\
     inkscape:de\
skcolor=\x22#d1d1d1\
\x22\x0d\x0a     inkscape\
:zoom=\x2233.625\x22\x0d\x0a\
     inkscape:cx\
=\x2212\x22\x0d\x0a     inks\
cape:cy=\x227.21189\
59\x22\x0d\x0a     inksca\
pe:window-width=\
\x221920\x22\x0d\x0a     ink\
scape:window-hei\
ght=\x221009\x22\x0d\x0a    \
 inkscape:window\
-x=\x22-8\x22\x0d\x0a     in\
kscape:window-y=\
\x22-8\x22\x0d\x0a     inksc\
ape:window-maxim\
ized=\x221\x22\x0d\x0a     i\
nkscape:current-\
layer=\x22svg1\x22 />\x0d\
\x0a  <path\x0d\x0a     d\
=\x22M5 17H4a2 2 0 \
0 1-2-2V5a2 2 0 \
0 1 2-2h16a2 2 0\
 0 1 2 2v10a2 2 \
0 0 1-2 2h-1\x22\x0d\x0a \
    id=\x22path1\x22\x0d\x0a\
     style=\x22stro\
ke:#ffffff;strok\
e-opacity:1\x22 />\x0d\
\x0a  <polygon\x0d\x0a   \
  points=\x2212 15 \
17 21 7 21 12 15\
\x22\x0d\x0a     id=\x22poly\
gon1\x22\x0d\x0a     styl\
e=\x22stroke:#fffff\
f;stroke-opacity\
:1\x22 />\x0d\x0a</svg>\x0d\x0a\
\
\x00\x00\x018\
<\
svg xmlns=\x22http:\
//www.w3.org/200\
0/svg\x22 width=\x2224\
\x22 height=\x2224\x22 vi\
ewBox=\x220 0 24 24\
\x22 fill=\x22none\x22 st\
roke=\x22currentCol\
or\x22 stroke-width\
=\x222\x22 stroke-line\
cap=\x22round\x22 stro\
ke-linejoin=\x22rou\
nd\x22 class=\x22feath\
er feather-corne\
r-up-left\x22><poly\
line points=\x229 1\
4 4 9 9 4\x22></pol\
yline><path d=\x22M\
20 20v-7a4 4 0 0\
 0-4-4H4\x22></path\
></svg>\
\x00\x00\x01p\
<\
svg xmlns=\x22http:\
//www.w3.org/200\
0/svg\x22 width=\x2224\
\x22 height=\x2224\x22 vi\
ewBox=\x220 0 24 24\
\x22 fill=\x22none\x22 st\
roke=\x22currentCol\
or\x22 stroke-width\
=\x222\x22 stroke-line\
cap=\x22round\x22 stro\
ke-linejoin=\x22rou\
nd\x22 class=\x22feath\
er feather-log-i\
n\x22><path d=\x22M15 \
3h4a2 2 0 0 1 2 \
2v14a2 2 0 0 1-2\
 2h-4\x22></path><p\
olyline points=\x22\
10 17 15 12 10 7\
\x22></polyline><li\
ne x1=\x2215\x22 y1=\x221\
2\x22 x2=\x223\x22 y2=\x2212\
\x22></line></svg>\
\x00\x00\x01\x18\
<\
svg xmlns=\x22http:\
//www.w3.org/200\
0/svg\x22 width=\x2224\
\x22 height=\x2224\x22 vi\
ewBox=\x220 0 24 24\
\x22 fill=\x22none\x22 st\
roke=\x22currentCol\
or\x22 stroke-width\
=\x222\x22 stroke-line\
cap=\x22round\x22 stro\
ke-linejoin=\x22rou\
nd\x22 class=\x22feath\
er feather-cloud\
\x22><path d=\x22M18 1\
0h-1.26A8 8 0 1 \
0 9 20h9a5 5 0 0\
 0 0-10z\x22></path\
></svg>\
\x00\x00\x01g\
<\
svg xmlns=\x22http:\
//www.w3.org/200\
0/svg\x22 width=\x2224\
\x22 height=\x2224\x22 vi\
ewBox=\x220 0 24 24\
\x22 fill=\x22none\x22 st\
roke=\x22currentCol\
or\x22 stroke-width\
=\x222\x22 stroke-line\
cap=\x22round\x22 stro\
ke-linejoin=\x22rou\
nd\x22 class=\x22feath\
er feather-volum\
e-2\x22><polygon po\
ints=\x2211 5 6 9 2\
 9 2 15 6 15 11 \
19 11 5\x22></polyg\
on><path d=\x22M19.\
07 4.93a10 10 0 \
0 1 0 14.14M15.5\
4 8.46a5 5 0 0 1\
 0 7.07\x22></path>\
</svg>\
\x00\x00\x01:\
<\
svg xmlns=\x22http:\
//www.w3.org/200\
0/svg\x22 width=\x2224\
\x22 height=\x2224\x22 vi\
ewBox=\x220 0 24 24\
\x22 fill=\x22none\x22 st\
roke=\x22currentCol\
or\x22 stroke-width\
=\x222\x22 stroke-line\
cap=\x22round\x22 stro\
ke-linejoin=\x22rou\
nd\x22 class=\x22feath\
er feather-corne\
r-down-left\x22><po\
lyline points=\x229\
 10 4 15 9 20\x22><\
/polyline><path \
d=\x22M20 4v7a4 4 0\
 0 1-4 4H4\x22></pa\
th></svg>\
\x00\x00\x01\xa2\
<\
svg xmlns=\x22http:\
//www.w3.org/200\
0/svg\x22 width=\x2224\
\x22 height=\x2224\x22 vi\
ewBox=\x220 0 24 24\
\x22 fill=\x22none\x22 st\
roke=\x22currentCol\
or\x22 stroke-width\
=\x222\x22 stroke-line\
cap=\x22round\x22 stro\
ke-linejoin=\x22rou\
nd\x22 class=\x22feath\
er feather-mic\x22>\
<path d=\x22M12 1a3\
 3 0 0 0-3 3v8a3\
 3 0 0 0 6 0V4a3\
 3 0 0 0-3-3z\x22><\
/path><path d=\x22M\
19 10v2a7 7 0 0 \
1-14 0v-2\x22></pat\
h><line x1=\x2212\x22 \
y1=\x2219\x22 x2=\x2212\x22 \
y2=\x2223\x22></line><\
line x1=\x228\x22 y1=\x22\
23\x22 x2=\x2216\x22 y2=\x22\
23\x22></line></svg\
>\
\x00\x00\x01K\
<\
svg xmlns=\x22http:\
//www.w3.org/200\
0/svg\x22 width=\x2224\
\x22 height=\x2224\x22 vi\
ewBox=\x220 0 24 24\
\x22 fill=\x22none\x22 st\
roke=\x22currentCol\
or\x22 stroke-width\
=\x222\x22 stroke-line\
cap=\x22round\x22 stro\
ke-linejoin=\x22rou\
nd\x22 class=\x22feath\
er feather-maxim\
ize\x22><path d=\x22M8\
 3H5a2 2 0 0 0-2\
 2v3m18 0V5a2 2 \
0 0 0-2-2h-3m0 1\
8h3a2 2 0 0 0 2-\
2v-3M3 16v3a2 2 \
0 0 0 2 2h3\x22></p\
ath></svg>\
\x00\x00\x01\x1f\
<\
svg xmlns=\x22http:\
//www.w3.org/200\
0/svg\x22 width=\x2224\
\x22 height=\x2224\x22 vi\
ewBox=\x220 0 24 24\
\x22 fill=\x22none\x22 st\
roke=\x22currentCol\
or\x22 stroke-width\
=\x222\x22 stroke-line\
cap=\x22round\x22 stro\
ke-linejoin=\x22rou\
nd\x22 class=\x22feath\
er feather-bookm\
ark\x22><path d=\x22M1\
9 21l-7-5-7 5V5a\
2 2 0 0 1 2-2h10\
a2 2 0 0 1 2 2z\x22\
></path></svg>\
\x00\x00\x06o\
<\
?xml version=\x221.\
0\x22 encoding=\x22UTF\
-8\x22 standalone=\x22\
no\x22?>\x0a<svg\x0a   wi\
dth=\x2224\x22\x0a   heig\
ht=\x2224\x22\x0a   viewB\
ox=\x220 0 24 24\x22\x0a \
  fill=\x22none\x22\x0a  \
 stroke=\x22current\
Color\x22\x0a   stroke\
-width=\x222\x22\x0a   st\
roke-linecap=\x22ro\
und\x22\x0a   stroke-l\
inejoin=\x22round\x22\x0a\
   class=\x22feathe\
r feather-grid\x22\x0a\
   version=\x221.1\x22\
\x0a   id=\x22svg4\x22\x0a  \
 sodipodi:docnam\
e=\x22grid.svg\x22\x0a   \
inkscape:version\
=\x221.4.4 (dcaf3e7\
, 2026-05-05)\x22\x0a \
  xmlns:inkscape\
=\x22http://www.ink\
scape.org/namesp\
aces/inkscape\x22\x0a \
  xmlns:sodipodi\
=\x22http://sodipod\
i.sourceforge.ne\
t/DTD/sodipodi-0\
.dtd\x22\x0a   xmlns=\x22\
http://www.w3.or\
g/2000/svg\x22\x0a   x\
mlns:svg=\x22http:/\
/www.w3.org/2000\
/svg\x22>\x0a  <defs\x0a \
    id=\x22defs4\x22 /\
>\x0a  <sodipodi:na\
medview\x0a     id=\
\x22namedview4\x22\x0a   \
  pagecolor=\x22#ff\
ffff\x22\x0a     borde\
rcolor=\x22#000000\x22\
\x0a     borderopac\
ity=\x220.25\x22\x0a     \
inkscape:showpag\
eshadow=\x222\x22\x0a    \
 inkscape:pageop\
acity=\x220.0\x22\x0a    \
 inkscape:pagech\
eckerboard=\x220\x22\x0a \
    inkscape:des\
kcolor=\x22#d1d1d1\x22\
\x0a     inkscape:z\
oom=\x2233.625\x22\x0a   \
  inkscape:cx=\x221\
2\x22\x0a     inkscape\
:cy=\x2212\x22\x0a     in\
kscape:window-wi\
dth=\x221920\x22\x0a     \
inkscape:window-\
height=\x221009\x22\x0a  \
   inkscape:wind\
ow-x=\x22-8\x22\x0a     i\
nkscape:window-y\
=\x22-8\x22\x0a     inksc\
ape:window-maxim\
ized=\x221\x22\x0a     in\
kscape:current-l\
ayer=\x22svg4\x22 />\x0a \
 <rect\x0a     x=\x223\
\x22\x0a     y=\x223\x22\x0a   \
  width=\x227\x22\x0a    \
 height=\x227\x22\x0a    \
 id=\x22rect1\x22\x0a    \
 style=\x22stroke:#\
ffffff;stroke-op\
acity:1\x22 />\x0a  <r\
ect\x0a     x=\x2214\x22\x0a\
     y=\x223\x22\x0a     \
width=\x227\x22\x0a     h\
eight=\x227\x22\x0a     i\
d=\x22rect2\x22\x0a     s\
tyle=\x22stroke:#ff\
ffff;stroke-opac\
ity:1\x22 />\x0a  <rec\
t\x0a     x=\x2214\x22\x0a  \
   y=\x2214\x22\x0a     w\
idth=\x227\x22\x0a     he\
ight=\x227\x22\x0a     id\
=\x22rect3\x22\x0a     st\
yle=\x22stroke:#fff\
fff;stroke-opaci\
ty:1\x22 />\x0a  <rect\
\x0a     x=\x223\x22\x0a    \
 y=\x2214\x22\x0a     wid\
th=\x227\x22\x0a     heig\
ht=\x227\x22\x0a     id=\x22\
rect4\x22\x0a     styl\
e=\x22stroke:#fffff\
f;stroke-opacity\
:1\x22 />\x0a</svg>\x0a\
\x00\x00\x01i\
<\
svg xmlns=\x22http:\
//www.w3.org/200\
0/svg\x22 width=\x2224\
\x22 height=\x2224\x22 vi\
ewBox=\x220 0 24 24\
\x22 fill=\x22none\x22 st\
roke=\x22currentCol\
or\x22 stroke-width\
=\x222\x22 stroke-line\
cap=\x22round\x22 stro\
ke-linejoin=\x22rou\
nd\x22 class=\x22feath\
er feather-folde\
r-minus\x22><path d\
=\x22M22 19a2 2 0 0\
 1-2 2H4a2 2 0 0\
 1-2-2V5a2 2 0 0\
 1 2-2h5l2 3h9a2\
 2 0 0 1 2 2z\x22><\
/path><line x1=\x22\
9\x22 y1=\x2214\x22 x2=\x221\
5\x22 y2=\x2214\x22></lin\
e></svg>\
\x00\x00\x02\x8f\
\x00\
\x00\x08\xdfx\xda\xb5U\xdb\x8e\xdb \x10}_i\xff\
\x01\xd1\x97V\xaa1\xc6\xce\xb5\xf1\xae\xd4V\xfd\x82\xed\
\x07\xb0\x06\xc74\x0eD\xc6\x1b'\xfb\xf5\x85\x18\x5c\xdc\
$\xab\xaa\xca:\x8a\xac\xb90sf\xe6\x0c^=\x1e\
\xb65\xd8\xf3F\x0b%s\x98 \x0c\x01\x97\x85bB\
\xaes\xf8\xf3\xe9G4\x87@\xb7T2Z+\xc9s\
(\x15||\xb8\xbf[\xe9\xfd\xfa\xfe\x0e\x00\xd0\x09\xd6\
V9$\x19<\x89\x15\x17\xeb\xaa\xfd#\xef\x05\xef\xbe\
\xaaC\x0e1\xc0\x80d\xc0\xebKQ\xd76\x98\xe4\xbd\
\xac\xdbFmL\xf8\xe2\xa5i\xb8l\xbf\xa9Z5\xa1\
%\xf2yF\xcaZH^\xd0]\x0e\x1b\xf5\x22\xd9\x99\
\xe9\x97\x12rd+j\xaau\x0eKN\xdb\x8a7\xc0\
\xbd\xa3ZQ\xc6]\xba\xa0\x15I\xaf\x11,\x87\xa6\xda\
\xb9\x0boZ\xb33\xff%S\x85\xa4[\x03\xb9?\x8d\
\x8c\x8b\xf3\x97\x1bm@\xf1e\x10*C\x04|,\xb3\
\x94\xcc\xca\xec3 \x98L\x22<\x89\x92\xf4S\x7f\xc4\
\xcc@\xea\xa5?\x98\xc3\xaamw\xcb8\xee\xba\x0ey\
%R\xcd:\xb6\x09\xf5\x8e\x16\x5c\xc7^\x1f\x06\xf0\xd8\
\x86\x00^\x81\xb4zi\x0a^\x9a\x18\x1cI\xde\xc6\xdf\
\x9f\xbe\x0f\xc6\x08#\xd6\xb2 \xce(\x7f\x97\x9e2\x13\
\x8cq<\x94\xe8\xd2\xed\xd7o\xba>X\xdf\x15\xe3\xa5\
>\x1d\xea;iEC\xa9\xb87\x0e\xdd\xb4\x951K\
\x96\xc0u\xd0\xb9\xd6\x03\xb0\xa3k^Xj\xe4\xf0C\
yz\xbc\xe5Y5f\x08\xde\x86O\xcf\xd8\xa6L\xdf\
D{4LDd\xe2M\xc3\xact\xa5:\x1b]W\
\x94\xa9n\xe0Y\xe0a\xadA\x0c|\xd1\xa1\xa8x\xb1\
\xe1\xcd\xb3\xa2\x8d)\xe0\xdc\x87q\xbd\xf1 Yb\x7f\
g.\xafJms\x98\xa6hz\x01fa6)9\
\xc7V\x1c/\xaa;!M1~u\x92\x05\xc1\xd7\x5c\
\xfc\xda&\x18/\xae\xf9\x98\xd4\xd1\xfc\x9a\xf1\xf8\x96q\
K\x0fb+^\xb9i\xc9y\xbdn\xe3\xa3\x9a\x1ey\
\xe36\xcd\xd3\xc3.\xb1\xf3?$a\x89\xc7$\x18\xd1\
\x81\x8cLF\x9a\xc2\x80F6\xc8\x90V\xb7\xc7\xda,\
X\x7fI,\x1d\x89\xbe\xb8;\xc3\x8dw\x99\xfc\x1b\x80\
d~\x1d\x01!\x7fC \xb7\x81\x90\xa1E\x1a\x82\x08\
e\x0bc\x86f\xd3\x10H({(\xe9\x8d\xba1E\
\xfe:w\x0d\x09\x15\xa7\x9e,\x10\x9e\x85hF\x0a\x0f\
'\xbb\x0d\x9c\xf1lF\xec\x18u$9\x1b\xcd\xe4F\
\xfd\x98_G@\xc8\xdb\x10\xa6\xef\xc3\x8eQ\xbf/\xd1\
c42\x0ff\xf6N\xfc\x08\x93_\xa4G\x08\xdf\x83\
\x99\xff\x0f\x98\x95\xfd\x00\x99\xf7o6\xe2a\x10\
\x00\x00\x01U\
<\
svg xmlns=\x22http:\
//www.w3.org/200\
0/svg\x22 width=\x2224\
\x22 height=\x2224\x22 vi\
ewBox=\x220 0 24 24\
\x22 fill=\x22none\x22 st\
roke=\x22currentCol\
or\x22 stroke-width\
=\x222\x22 stroke-line\
cap=\x22round\x22 stro\
ke-linejoin=\x22rou\
nd\x22 class=\x22feath\
er feather-more-\
vertical\x22><circl\
e cx=\x2212\x22 cy=\x2212\
\x22 r=\x221\x22></circle\
><circle cx=\x2212\x22\
 cy=\x225\x22 r=\x221\x22></\
circle><circle c\
x=\x2212\x22 cy=\x2219\x22 r\
=\x221\x22></circle></\
svg>\
\x00\x00\x01o\
<\
svg xmlns=\x22http:\
//www.w3.org/200\
0/svg\x22 width=\x2224\
\x22 height=\x2224\x22 vi\
ewBox=\x220 0 24 24\
\x22 fill=\x22none\x22 st\
roke=\x22currentCol\
or\x22 stroke-width\
=\x222\x22 stroke-line\
cap=\x22round\x22 stro\
ke-linejoin=\x22rou\
nd\x22 class=\x22feath\
er feather-user-\
check\x22><path d=\x22\
M16 21v-2a4 4 0 \
0 0-4-4H5a4 4 0 \
0 0-4 4v2\x22></pat\
h><circle cx=\x228.\
5\x22 cy=\x227\x22 r=\x224\x22>\
</circle><polyli\
ne points=\x2217 11\
 19 13 23 9\x22></p\
olyline></svg>\
\x00\x00\x01=\
<\
svg xmlns=\x22http:\
//www.w3.org/200\
0/svg\x22 width=\x2224\
\x22 height=\x2224\x22 vi\
ewBox=\x220 0 24 24\
\x22 fill=\x22none\x22 st\
roke=\x22currentCol\
or\x22 stroke-width\
=\x222\x22 stroke-line\
cap=\x22round\x22 stro\
ke-linejoin=\x22rou\
nd\x22 class=\x22feath\
er feather-arrow\
-down-right\x22><li\
ne x1=\x227\x22 y1=\x227\x22\
 x2=\x2217\x22 y2=\x2217\x22\
></line><polylin\
e points=\x2217 7 1\
7 17 7 17\x22></pol\
yline></svg>\
\x00\x00\x01N\
<\
svg xmlns=\x22http:\
//www.w3.org/200\
0/svg\x22 width=\x2224\
\x22 height=\x2224\x22 vi\
ewBox=\x220 0 24 24\
\x22 fill=\x22none\x22 st\
roke=\x22currentCol\
or\x22 stroke-width\
=\x222\x22 stroke-line\
cap=\x22round\x22 stro\
ke-linejoin=\x22rou\
nd\x22 class=\x22feath\
er feather-flag\x22\
><path d=\x22M4 15s\
1-1 4-1 5 2 8 2 \
4-1 4-1V3s-1 1-4\
 1-5-2-8-2-4 1-4\
 1z\x22></path><lin\
e x1=\x224\x22 y1=\x2222\x22\
 x2=\x224\x22 y2=\x2215\x22>\
</line></svg>\
\x00\x00\x01\xa8\
<\
svg xmlns=\x22http:\
//www.w3.org/200\
0/svg\x22 width=\x2224\
\x22 height=\x2224\x22 vi\
ewBox=\x220 0 24 24\
\x22 fill=\x22none\x22 st\
roke=\x22currentCol\
or\x22 stroke-width\
=\x222\x22 stroke-line\
cap=\x22round\x22 stro\
ke-linejoin=\x22rou\
nd\x22 class=\x22feath\
er feather-alert\
-triangle\x22><path\
 d=\x22M10.29 3.86L\
1.82 18a2 2 0 0 \
0 1.71 3h16.94a2\
 2 0 0 0 1.71-3L\
13.71 3.86a2 2 0\
 0 0-3.42 0z\x22></\
path><line x1=\x221\
2\x22 y1=\x229\x22 x2=\x2212\
\x22 y2=\x2213\x22></line\
><line x1=\x2212\x22 y\
1=\x2217\x22 x2=\x2212.01\
\x22 y2=\x2217\x22></line\
></svg>\
\x00\x00\x017\
<\
svg xmlns=\x22http:\
//www.w3.org/200\
0/svg\x22 width=\x2224\
\x22 height=\x2224\x22 vi\
ewBox=\x220 0 24 24\
\x22 fill=\x22none\x22 st\
roke=\x22currentCol\
or\x22 stroke-width\
=\x222\x22 stroke-line\
cap=\x22round\x22 stro\
ke-linejoin=\x22rou\
nd\x22 class=\x22feath\
er feather-folde\
r\x22><path d=\x22M22 \
19a2 2 0 0 1-2 2\
H4a2 2 0 0 1-2-2\
V5a2 2 0 0 1 2-2\
h5l2 3h9a2 2 0 0\
 1 2 2z\x22></path>\
</svg>\
\x00\x00\x01u\
<\
svg xmlns=\x22http:\
//www.w3.org/200\
0/svg\x22 width=\x2224\
\x22 height=\x2224\x22 vi\
ewBox=\x220 0 24 24\
\x22 fill=\x22none\x22 st\
roke=\x22currentCol\
or\x22 stroke-width\
=\x222\x22 stroke-line\
cap=\x22round\x22 stro\
ke-linejoin=\x22rou\
nd\x22 class=\x22feath\
er feather-plus-\
square\x22><rect x=\
\x223\x22 y=\x223\x22 width=\
\x2218\x22 height=\x2218\x22\
 rx=\x222\x22 ry=\x222\x22><\
/rect><line x1=\x22\
12\x22 y1=\x228\x22 x2=\x221\
2\x22 y2=\x2216\x22></lin\
e><line x1=\x228\x22 y\
1=\x2212\x22 x2=\x2216\x22 y\
2=\x2212\x22></line></\
svg>\
\x00\x00\x01\x90\
<\
svg xmlns=\x22http:\
//www.w3.org/200\
0/svg\x22 width=\x2224\
\x22 height=\x2224\x22 vi\
ewBox=\x220 0 24 24\
\x22 fill=\x22none\x22 st\
roke=\x22currentCol\
or\x22 stroke-width\
=\x222\x22 stroke-line\
cap=\x22round\x22 stro\
ke-linejoin=\x22rou\
nd\x22 class=\x22feath\
er feather-insta\
gram\x22><rect x=\x222\
\x22 y=\x222\x22 width=\x222\
0\x22 height=\x2220\x22 r\
x=\x225\x22 ry=\x225\x22></r\
ect><path d=\x22M16\
 11.37A4 4 0 1 1\
 12.63 8 4 4 0 0\
 1 16 11.37z\x22></\
path><line x1=\x221\
7.5\x22 y1=\x226.5\x22 x2\
=\x2217.51\x22 y2=\x226.5\
\x22></line></svg>\
\x00\x00\x01\x5c\
<\
svg xmlns=\x22http:\
//www.w3.org/200\
0/svg\x22 width=\x2224\
\x22 height=\x2224\x22 vi\
ewBox=\x220 0 24 24\
\x22 fill=\x22none\x22 st\
roke=\x22currentCol\
or\x22 stroke-width\
=\x222\x22 stroke-line\
cap=\x22round\x22 stro\
ke-linejoin=\x22rou\
nd\x22 class=\x22feath\
er feather-itali\
c\x22><line x1=\x2219\x22\
 y1=\x224\x22 x2=\x2210\x22 \
y2=\x224\x22></line><l\
ine x1=\x2214\x22 y1=\x22\
20\x22 x2=\x225\x22 y2=\x222\
0\x22></line><line \
x1=\x2215\x22 y1=\x224\x22 x\
2=\x229\x22 y2=\x2220\x22></\
line></svg>\
\x00\x00\x016\
<\
svg xmlns=\x22http:\
//www.w3.org/200\
0/svg\x22 width=\x2224\
\x22 height=\x2224\x22 vi\
ewBox=\x220 0 24 24\
\x22 fill=\x22none\x22 st\
roke=\x22currentCol\
or\x22 stroke-width\
=\x222\x22 stroke-line\
cap=\x22round\x22 stro\
ke-linejoin=\x22rou\
nd\x22 class=\x22feath\
er feather-arrow\
-up\x22><line x1=\x221\
2\x22 y1=\x2219\x22 x2=\x221\
2\x22 y2=\x225\x22></line\
><polyline point\
s=\x225 12 12 5 19 \
12\x22></polyline><\
/svg>\
\x00\x00\x01F\
<\
svg xmlns=\x22http:\
//www.w3.org/200\
0/svg\x22 width=\x2224\
\x22 height=\x2224\x22 vi\
ewBox=\x220 0 24 24\
\x22 fill=\x22none\x22 st\
roke=\x22currentCol\
or\x22 stroke-width\
=\x222\x22 stroke-line\
cap=\x22round\x22 stro\
ke-linejoin=\x22rou\
nd\x22 class=\x22feath\
er feather-batte\
ry\x22><rect x=\x221\x22 \
y=\x226\x22 width=\x2218\x22\
 height=\x2212\x22 rx=\
\x222\x22 ry=\x222\x22></rec\
t><line x1=\x2223\x22 \
y1=\x2213\x22 x2=\x2223\x22 \
y2=\x2211\x22></line><\
/svg>\
\x00\x00\x01\xee\
<\
svg xmlns=\x22http:\
//www.w3.org/200\
0/svg\x22 width=\x2224\
\x22 height=\x2224\x22 vi\
ewBox=\x220 0 24 24\
\x22 fill=\x22none\x22 st\
roke=\x22currentCol\
or\x22 stroke-width\
=\x222\x22 stroke-line\
cap=\x22round\x22 stro\
ke-linejoin=\x22rou\
nd\x22 class=\x22feath\
er feather-mic-o\
ff\x22><line x1=\x221\x22\
 y1=\x221\x22 x2=\x2223\x22 \
y2=\x2223\x22></line><\
path d=\x22M9 9v3a3\
 3 0 0 0 5.12 2.\
12M15 9.34V4a3 3\
 0 0 0-5.94-.6\x22>\
</path><path d=\x22\
M17 16.95A7 7 0 \
0 1 5 12v-2m14 0\
v2a7 7 0 0 1-.11\
 1.23\x22></path><l\
ine x1=\x2212\x22 y1=\x22\
19\x22 x2=\x2212\x22 y2=\x22\
23\x22></line><line\
 x1=\x228\x22 y1=\x2223\x22 \
x2=\x2216\x22 y2=\x2223\x22>\
</line></svg>\
\x00\x00\x02)\
<\
svg xmlns=\x22http:\
//www.w3.org/200\
0/svg\x22 width=\x2224\
\x22 height=\x2224\x22 vi\
ewBox=\x220 0 24 24\
\x22 fill=\x22none\x22 st\
roke=\x22currentCol\
or\x22 stroke-width\
=\x222\x22 stroke-line\
cap=\x22round\x22 stro\
ke-linejoin=\x22rou\
nd\x22 class=\x22feath\
er feather-figma\
\x22><path d=\x22M5 5.\
5A3.5 3.5 0 0 1 \
8.5 2H12v7H8.5A3\
.5 3.5 0 0 1 5 5\
.5z\x22></path><pat\
h d=\x22M12 2h3.5a3\
.5 3.5 0 1 1 0 7\
H12V2z\x22></path><\
path d=\x22M12 12.5\
a3.5 3.5 0 1 1 7\
 0 3.5 3.5 0 1 1\
-7 0z\x22></path><p\
ath d=\x22M5 19.5A3\
.5 3.5 0 0 1 8.5\
 16H12v3.5a3.5 3\
.5 0 1 1-7 0z\x22><\
/path><path d=\x22M\
5 12.5A3.5 3.5 0\
 0 1 8.5 9H12v7H\
8.5A3.5 3.5 0 0 \
1 5 12.5z\x22></pat\
h></svg>\
\x00\x00\x01S\
<\
svg xmlns=\x22http:\
//www.w3.org/200\
0/svg\x22 width=\x2224\
\x22 height=\x2224\x22 vi\
ewBox=\x220 0 24 24\
\x22 fill=\x22none\x22 st\
roke=\x22currentCol\
or\x22 stroke-width\
=\x222\x22 stroke-line\
cap=\x22round\x22 stro\
ke-linejoin=\x22rou\
nd\x22 class=\x22feath\
er feather-star\x22\
><polygon points\
=\x2212 2 15.09 8.2\
6 22 9.27 17 14.\
14 18.18 21.02 1\
2 17.77 5.82 21.\
02 7 14.14 2 9.2\
7 8.91 8.26 12 2\
\x22></polygon></sv\
g>\
\x00\x00\x05\xc1\
<\
?xml version=\x221.\
0\x22 encoding=\x22UTF\
-8\x22 standalone=\x22\
no\x22?>\x0d\x0a<svg\x0d\x0a   \
width=\x2224\x22\x0d\x0a   h\
eight=\x2224\x22\x0d\x0a   v\
iewBox=\x220 0 24 2\
4\x22\x0d\x0a   fill=\x22non\
e\x22\x0d\x0a   stroke=\x22c\
urrentColor\x22\x0d\x0a  \
 stroke-width=\x222\
\x22\x0d\x0a   stroke-lin\
ecap=\x22round\x22\x0d\x0a  \
 stroke-linejoin\
=\x22round\x22\x0d\x0a   cla\
ss=\x22feather feat\
her-camera\x22\x0d\x0a   \
version=\x221.1\x22\x0d\x0a \
  id=\x22svg1\x22\x0d\x0a   \
sodipodi:docname\
=\x22camera.svg\x22\x0d\x0a \
  inkscape:versi\
on=\x221.4.3 (0d15f\
75, 2025-12-25)\x22\
\x0d\x0a   xmlns:inksc\
ape=\x22http://www.\
inkscape.org/nam\
espaces/inkscape\
\x22\x0d\x0a   xmlns:sodi\
podi=\x22http://sod\
ipodi.sourceforg\
e.net/DTD/sodipo\
di-0.dtd\x22\x0d\x0a   xm\
lns=\x22http://www.\
w3.org/2000/svg\x22\
\x0d\x0a   xmlns:svg=\x22\
http://www.w3.or\
g/2000/svg\x22>\x0d\x0a  \
<defs\x0d\x0a     id=\x22\
defs1\x22 />\x0d\x0a  <so\
dipodi:namedview\
\x0d\x0a     id=\x22named\
view1\x22\x0d\x0a     pag\
ecolor=\x22#ffffff\x22\
\x0d\x0a     bordercol\
or=\x22#000000\x22\x0d\x0a  \
   borderopacity\
=\x220.25\x22\x0d\x0a     in\
kscape:showpages\
hadow=\x222\x22\x0d\x0a     \
inkscape:pageopa\
city=\x220.0\x22\x0d\x0a    \
 inkscape:pagech\
eckerboard=\x220\x22\x0d\x0a\
     inkscape:de\
skcolor=\x22#d1d1d1\
\x22\x0d\x0a     inkscape\
:zoom=\x2233.625\x22\x0d\x0a\
     inkscape:cx\
=\x2212\x22\x0d\x0a     inks\
cape:cy=\x2212\x22\x0d\x0a  \
   inkscape:wind\
ow-width=\x221920\x22\x0d\
\x0a     inkscape:w\
indow-height=\x2210\
09\x22\x0d\x0a     inksca\
pe:window-x=\x22-8\x22\
\x0d\x0a     inkscape:\
window-y=\x22-8\x22\x0d\x0a \
    inkscape:win\
dow-maximized=\x221\
\x22\x0d\x0a     inkscape\
:current-layer=\x22\
svg1\x22 />\x0d\x0a  <pat\
h\x0d\x0a     d=\x22M23 1\
9a2 2 0 0 1-2 2H\
3a2 2 0 0 1-2-2V\
8a2 2 0 0 1 2-2h\
4l2-3h6l2 3h4a2 \
2 0 0 1 2 2z\x22\x0d\x0a \
    id=\x22path1\x22\x0d\x0a\
     style=\x22stro\
ke:#ffffff;strok\
e-opacity:1\x22 />\x0d\
\x0a  <circle\x0d\x0a    \
 cx=\x2212\x22\x0d\x0a     c\
y=\x2213\x22\x0d\x0a     r=\x22\
4\x22\x0d\x0a     id=\x22cir\
cle1\x22\x0d\x0a     styl\
e=\x22stroke:#fffff\
f;stroke-opacity\
:1\x22 />\x0d\x0a</svg>\x0d\x0a\
\
\x00\x00\x057\
<\
?xml version=\x221.\
0\x22 encoding=\x22UTF\
-8\x22 standalone=\x22\
no\x22?>\x0d\x0a<svg\x0d\x0a   \
width=\x2224\x22\x0d\x0a   h\
eight=\x2224\x22\x0d\x0a   v\
iewBox=\x220 0 24 2\
4\x22\x0d\x0a   fill=\x22non\
e\x22\x0d\x0a   stroke=\x22c\
urrentColor\x22\x0d\x0a  \
 stroke-width=\x222\
\x22\x0d\x0a   stroke-lin\
ecap=\x22round\x22\x0d\x0a  \
 stroke-linejoin\
=\x22round\x22\x0d\x0a   cla\
ss=\x22feather feat\
her-activity\x22\x0d\x0a \
  version=\x221.1\x22\x0d\
\x0a   id=\x22svg1\x22\x0d\x0a \
  sodipodi:docna\
me=\x22activity.svg\
\x22\x0d\x0a   inkscape:v\
ersion=\x221.4 (86a\
8ad7, 2024-10-11\
)\x22\x0d\x0a   xmlns:ink\
scape=\x22http://ww\
w.inkscape.org/n\
amespaces/inksca\
pe\x22\x0d\x0a   xmlns:so\
dipodi=\x22http://s\
odipodi.sourcefo\
rge.net/DTD/sodi\
podi-0.dtd\x22\x0d\x0a   \
xmlns=\x22http://ww\
w.w3.org/2000/sv\
g\x22\x0d\x0a   xmlns:svg\
=\x22http://www.w3.\
org/2000/svg\x22>\x0d\x0a\
  <defs\x0d\x0a     id\
=\x22defs1\x22 />\x0d\x0a  <\
sodipodi:namedvi\
ew\x0d\x0a     id=\x22nam\
edview1\x22\x0d\x0a     p\
agecolor=\x22#fffff\
f\x22\x0d\x0a     borderc\
olor=\x22#000000\x22\x0d\x0a\
     borderopaci\
ty=\x220.25\x22\x0d\x0a     \
inkscape:showpag\
eshadow=\x222\x22\x0d\x0a   \
  inkscape:pageo\
pacity=\x220.0\x22\x0d\x0a  \
   inkscape:page\
checkerboard=\x220\x22\
\x0d\x0a     inkscape:\
deskcolor=\x22#d1d1\
d1\x22\x0d\x0a     showgr\
id=\x22false\x22\x0d\x0a    \
 inkscape:zoom=\x22\
33.625\x22\x0d\x0a     in\
kscape:cx=\x2212\x22\x0d\x0a\
     inkscape:cy\
=\x2212\x22\x0d\x0a     inks\
cape:window-widt\
h=\x221920\x22\x0d\x0a     i\
nkscape:window-h\
eight=\x221009\x22\x0d\x0a  \
   inkscape:wind\
ow-x=\x22-8\x22\x0d\x0a     \
inkscape:window-\
y=\x22-8\x22\x0d\x0a     ink\
scape:window-max\
imized=\x221\x22\x0d\x0a    \
 inkscape:curren\
t-layer=\x22svg1\x22 /\
>\x0d\x0a  <path\x0d\x0a    \
 id=\x22polyline1\x22\x0d\
\x0a     d=\x22M 22,12\
 H 18 L 15,21 9,\
3 6,12 H 2\x22\x0d\x0a   \
  style=\x22stroke:\
#ffffff;stroke-o\
pacity:1\x22 />\x0d\x0a</\
svg>\x0d\x0a\
\x00\x00\x01l\
<\
svg xmlns=\x22http:\
//www.w3.org/200\
0/svg\x22 width=\x2224\
\x22 height=\x2224\x22 vi\
ewBox=\x220 0 24 24\
\x22 fill=\x22none\x22 st\
roke=\x22currentCol\
or\x22 stroke-width\
=\x222\x22 stroke-line\
cap=\x22round\x22 stro\
ke-linejoin=\x22rou\
nd\x22 class=\x22feath\
er feather-layou\
t\x22><rect x=\x223\x22 y\
=\x223\x22 width=\x2218\x22 \
height=\x2218\x22 rx=\x22\
2\x22 ry=\x222\x22></rect\
><line x1=\x223\x22 y1\
=\x229\x22 x2=\x2221\x22 y2=\
\x229\x22></line><line\
 x1=\x229\x22 y1=\x2221\x22 \
x2=\x229\x22 y2=\x229\x22></\
line></svg>\
\x00\x00\x05\xa3\
<\
?xml version=\x221.\
0\x22 encoding=\x22UTF\
-8\x22 standalone=\x22\
no\x22?>\x0d\x0a<svg\x0d\x0a   \
width=\x2224\x22\x0d\x0a   h\
eight=\x2224\x22\x0d\x0a   v\
iewBox=\x220 0 24 2\
4\x22\x0d\x0a   fill=\x22non\
e\x22\x0d\x0a   stroke=\x22c\
urrentColor\x22\x0d\x0a  \
 stroke-width=\x222\
\x22\x0d\x0a   stroke-lin\
ecap=\x22round\x22\x0d\x0a  \
 stroke-linejoin\
=\x22round\x22\x0d\x0a   cla\
ss=\x22feather feat\
her-search\x22\x0d\x0a   \
version=\x221.1\x22\x0d\x0a \
  id=\x22svg1\x22\x0d\x0a   \
sodipodi:docname\
=\x22search.svg\x22\x0d\x0a \
  inkscape:versi\
on=\x221.4.3 (0d15f\
75, 2025-12-25)\x22\
\x0d\x0a   xmlns:inksc\
ape=\x22http://www.\
inkscape.org/nam\
espaces/inkscape\
\x22\x0d\x0a   xmlns:sodi\
podi=\x22http://sod\
ipodi.sourceforg\
e.net/DTD/sodipo\
di-0.dtd\x22\x0d\x0a   xm\
lns=\x22http://www.\
w3.org/2000/svg\x22\
\x0d\x0a   xmlns:svg=\x22\
http://www.w3.or\
g/2000/svg\x22>\x0d\x0a  \
<defs\x0d\x0a     id=\x22\
defs1\x22 />\x0d\x0a  <so\
dipodi:namedview\
\x0d\x0a     id=\x22named\
view1\x22\x0d\x0a     pag\
ecolor=\x22#ffffff\x22\
\x0d\x0a     bordercol\
or=\x22#000000\x22\x0d\x0a  \
   borderopacity\
=\x220.25\x22\x0d\x0a     in\
kscape:showpages\
hadow=\x222\x22\x0d\x0a     \
inkscape:pageopa\
city=\x220.0\x22\x0d\x0a    \
 inkscape:pagech\
eckerboard=\x220\x22\x0d\x0a\
     inkscape:de\
skcolor=\x22#d1d1d1\
\x22\x0d\x0a     inkscape\
:zoom=\x2233.625\x22\x0d\x0a\
     inkscape:cx\
=\x2212\x22\x0d\x0a     inks\
cape:cy=\x2212\x22\x0d\x0a  \
   inkscape:wind\
ow-width=\x221920\x22\x0d\
\x0a     inkscape:w\
indow-height=\x2210\
09\x22\x0d\x0a     inksca\
pe:window-x=\x22-8\x22\
\x0d\x0a     inkscape:\
window-y=\x22-8\x22\x0d\x0a \
    inkscape:win\
dow-maximized=\x221\
\x22\x0d\x0a     inkscape\
:current-layer=\x22\
svg1\x22 />\x0d\x0a  <cir\
cle\x0d\x0a     cx=\x2211\
\x22\x0d\x0a     cy=\x2211\x22\x0d\
\x0a     r=\x228\x22\x0d\x0a   \
  id=\x22circle1\x22\x0d\x0a\
     style=\x22stro\
ke:#ffffff;strok\
e-opacity:1\x22 />\x0d\
\x0a  <line\x0d\x0a     x\
1=\x2221\x22\x0d\x0a     y1=\
\x2221\x22\x0d\x0a     x2=\x221\
6.65\x22\x0d\x0a     y2=\x22\
16.65\x22\x0d\x0a     id=\
\x22line1\x22\x0d\x0a     st\
yle=\x22stroke:#fff\
fff;stroke-opaci\
ty:1\x22 />\x0d\x0a</svg>\
\x0d\x0a\
\x00\x00\x018\
<\
svg xmlns=\x22http:\
//www.w3.org/200\
0/svg\x22 width=\x2224\
\x22 height=\x2224\x22 vi\
ewBox=\x220 0 24 24\
\x22 fill=\x22none\x22 st\
roke=\x22currentCol\
or\x22 stroke-width\
=\x222\x22 stroke-line\
cap=\x22round\x22 stro\
ke-linejoin=\x22rou\
nd\x22 class=\x22feath\
er feather-corne\
r-left-up\x22><poly\
line points=\x2214 \
9 9 4 4 9\x22></pol\
yline><path d=\x22M\
20 20h-7a4 4 0 0\
 1-4-4V4\x22></path\
></svg>\
\x00\x00\x016\
<\
svg xmlns=\x22http:\
//www.w3.org/200\
0/svg\x22 width=\x2224\
\x22 height=\x2224\x22 vi\
ewBox=\x220 0 24 24\
\x22 fill=\x22none\x22 st\
roke=\x22currentCol\
or\x22 stroke-width\
=\x222\x22 stroke-line\
cap=\x22round\x22 stro\
ke-linejoin=\x22rou\
nd\x22 class=\x22feath\
er feather-termi\
nal\x22><polyline p\
oints=\x224 17 10 1\
1 4 5\x22></polylin\
e><line x1=\x2212\x22 \
y1=\x2219\x22 x2=\x2220\x22 \
y2=\x2219\x22></line><\
/svg>\
\x00\x00\x01)\
<\
svg xmlns=\x22http:\
//www.w3.org/200\
0/svg\x22 width=\x2224\
\x22 height=\x2224\x22 vi\
ewBox=\x220 0 24 24\
\x22 fill=\x22none\x22 st\
roke=\x22currentCol\
or\x22 stroke-width\
=\x222\x22 stroke-line\
cap=\x22round\x22 stro\
ke-linejoin=\x22rou\
nd\x22 class=\x22feath\
er feather-therm\
ometer\x22><path d=\
\x22M14 14.76V3.5a2\
.5 2.5 0 0 0-5 0\
v11.26a4.5 4.5 0\
 1 0 5 0z\x22></pat\
h></svg>\
\x00\x00\x029\
<\
svg xmlns=\x22http:\
//www.w3.org/200\
0/svg\x22 width=\x2224\
\x22 height=\x2224\x22 vi\
ewBox=\x220 0 24 24\
\x22 fill=\x22none\x22 st\
roke=\x22currentCol\
or\x22 stroke-width\
=\x222\x22 stroke-line\
cap=\x22round\x22 stro\
ke-linejoin=\x22rou\
nd\x22 class=\x22feath\
er feather-wifi-\
off\x22><line x1=\x221\
\x22 y1=\x221\x22 x2=\x2223\x22\
 y2=\x2223\x22></line>\
<path d=\x22M16.72 \
11.06A10.94 10.9\
4 0 0 1 19 12.55\
\x22></path><path d\
=\x22M5 12.55a10.94\
 10.94 0 0 1 5.1\
7-2.39\x22></path><\
path d=\x22M10.71 5\
.05A16 16 0 0 1 \
22.58 9\x22></path>\
<path d=\x22M1.42 9\
a15.91 15.91 0 0\
 1 4.7-2.88\x22></p\
ath><path d=\x22M8.\
53 16.11a6 6 0 0\
 1 6.95 0\x22></pat\
h><line x1=\x2212\x22 \
y1=\x2220\x22 x2=\x2212.0\
1\x22 y2=\x2220\x22></lin\
e></svg>\
\x00\x00\x01\xc0\
<\
svg xmlns=\x22http:\
//www.w3.org/200\
0/svg\x22 width=\x2224\
\x22 height=\x2224\x22 vi\
ewBox=\x220 0 24 24\
\x22 fill=\x22none\x22 st\
roke=\x22currentCol\
or\x22 stroke-width\
=\x222\x22 stroke-line\
cap=\x22round\x22 stro\
ke-linejoin=\x22rou\
nd\x22 class=\x22feath\
er feather-trash\
-2\x22><polyline po\
ints=\x223 6 5 6 21\
 6\x22></polyline><\
path d=\x22M19 6v14\
a2 2 0 0 1-2 2H7\
a2 2 0 0 1-2-2V6\
m3 0V4a2 2 0 0 1\
 2-2h4a2 2 0 0 1\
 2 2v2\x22></path><\
line x1=\x2210\x22 y1=\
\x2211\x22 x2=\x2210\x22 y2=\
\x2217\x22></line><lin\
e x1=\x2214\x22 y1=\x2211\
\x22 x2=\x2214\x22 y2=\x2217\
\x22></line></svg>\
\x00\x00\x01\x90\
<\
svg xmlns=\x22http:\
//www.w3.org/200\
0/svg\x22 width=\x2224\
\x22 height=\x2224\x22 vi\
ewBox=\x220 0 24 24\
\x22 fill=\x22none\x22 st\
roke=\x22currentCol\
or\x22 stroke-width\
=\x222\x22 stroke-line\
cap=\x22round\x22 stro\
ke-linejoin=\x22rou\
nd\x22 class=\x22feath\
er feather-maxim\
ize-2\x22><polyline\
 points=\x2215 3 21\
 3 21 9\x22></polyl\
ine><polyline po\
ints=\x229 21 3 21 \
3 15\x22></polyline\
><line x1=\x2221\x22 y\
1=\x223\x22 x2=\x2214\x22 y2\
=\x2210\x22></line><li\
ne x1=\x223\x22 y1=\x2221\
\x22 x2=\x2210\x22 y2=\x2214\
\x22></line></svg>\
\x00\x00\x05\x8e\
<\
?xml version=\x221.\
0\x22 encoding=\x22UTF\
-8\x22 standalone=\x22\
no\x22?>\x0d\x0a<svg\x0d\x0a   \
width=\x2224\x22\x0d\x0a   h\
eight=\x2224\x22\x0d\x0a   v\
iewBox=\x220 0 24 2\
4\x22\x0d\x0a   fill=\x22non\
e\x22\x0d\x0a   stroke=\x22c\
urrentColor\x22\x0d\x0a  \
 stroke-width=\x222\
\x22\x0d\x0a   stroke-lin\
ecap=\x22round\x22\x0d\x0a  \
 stroke-linejoin\
=\x22round\x22\x0d\x0a   cla\
ss=\x22feather feat\
her-bell\x22\x0d\x0a   ve\
rsion=\x221.1\x22\x0d\x0a   \
id=\x22svg2\x22\x0d\x0a   so\
dipodi:docname=\x22\
bell.svg\x22\x0d\x0a   in\
kscape:version=\x22\
1.4 (86a8ad7, 20\
24-10-11)\x22\x0d\x0a   x\
mlns:inkscape=\x22h\
ttp://www.inksca\
pe.org/namespace\
s/inkscape\x22\x0d\x0a   \
xmlns:sodipodi=\x22\
http://sodipodi.\
sourceforge.net/\
DTD/sodipodi-0.d\
td\x22\x0d\x0a   xmlns=\x22h\
ttp://www.w3.org\
/2000/svg\x22\x0d\x0a   x\
mlns:svg=\x22http:/\
/www.w3.org/2000\
/svg\x22>\x0d\x0a  <defs\x0d\
\x0a     id=\x22defs2\x22\
 />\x0d\x0a  <sodipodi\
:namedview\x0d\x0a    \
 id=\x22namedview2\x22\
\x0d\x0a     pagecolor\
=\x22#ffffff\x22\x0d\x0a    \
 bordercolor=\x22#0\
00000\x22\x0d\x0a     bor\
deropacity=\x220.25\
\x22\x0d\x0a     inkscape\
:showpageshadow=\
\x222\x22\x0d\x0a     inksca\
pe:pageopacity=\x22\
0.0\x22\x0d\x0a     inksc\
ape:pagecheckerb\
oard=\x220\x22\x0d\x0a     i\
nkscape:deskcolo\
r=\x22#d1d1d1\x22\x0d\x0a   \
  inkscape:zoom=\
\x2233.625\x22\x0d\x0a     i\
nkscape:cx=\x2212\x22\x0d\
\x0a     inkscape:c\
y=\x2212\x22\x0d\x0a     ink\
scape:window-wid\
th=\x221920\x22\x0d\x0a     \
inkscape:window-\
height=\x221009\x22\x0d\x0a \
    inkscape:win\
dow-x=\x22-8\x22\x0d\x0a    \
 inkscape:window\
-y=\x22-8\x22\x0d\x0a     in\
kscape:window-ma\
ximized=\x221\x22\x0d\x0a   \
  inkscape:curre\
nt-layer=\x22svg2\x22 \
/>\x0d\x0a  <path\x0d\x0a   \
  d=\x22M18 8A6 6 0\
 0 0 6 8c0 7-3 9\
-3 9h18s-3-2-3-9\
\x22\x0d\x0a     id=\x22path\
1\x22\x0d\x0a     style=\x22\
stroke:#ffffff;s\
troke-opacity:1\x22\
 />\x0d\x0a  <path\x0d\x0a  \
   d=\x22M13.73 21a\
2 2 0 0 1-3.46 0\
\x22\x0d\x0a     id=\x22path\
2\x22\x0d\x0a     style=\x22\
stroke:#ffffff;s\
troke-opacity:1\x22\
 />\x0d\x0a</svg>\x0d\x0a\
\x00\x00\x01\xcc\
<\
svg xmlns=\x22http:\
//www.w3.org/200\
0/svg\x22 width=\x2224\
\x22 height=\x2224\x22 vi\
ewBox=\x220 0 24 24\
\x22 fill=\x22none\x22 st\
roke=\x22currentCol\
or\x22 stroke-width\
=\x222\x22 stroke-line\
cap=\x22round\x22 stro\
ke-linejoin=\x22rou\
nd\x22 class=\x22feath\
er feather-bell-\
off\x22><path d=\x22M1\
3.73 21a2 2 0 0 \
1-3.46 0\x22></path\
><path d=\x22M18.63\
 13A17.89 17.89 \
0 0 1 18 8\x22></pa\
th><path d=\x22M6.2\
6 6.26A5.86 5.86\
 0 0 0 6 8c0 7-3\
 9-3 9h14\x22></pat\
h><path d=\x22M18 8\
a6 6 0 0 0-9.33-\
5\x22></path><line \
x1=\x221\x22 y1=\x221\x22 x2\
=\x2223\x22 y2=\x2223\x22></\
line></svg>\
\x00\x00\x02O\
<\
svg xmlns=\x22http:\
//www.w3.org/200\
0/svg\x22 width=\x2224\
\x22 height=\x2224\x22 vi\
ewBox=\x220 0 24 24\
\x22 fill=\x22none\x22 st\
roke=\x22currentCol\
or\x22 stroke-width\
=\x222\x22 stroke-line\
cap=\x22round\x22 stro\
ke-linejoin=\x22rou\
nd\x22 class=\x22feath\
er feather-phone\
-off\x22><path d=\x22M\
10.68 13.31a16 1\
6 0 0 0 3.41 2.6\
l1.27-1.27a2 2 0\
 0 1 2.11-.45 12\
.84 12.84 0 0 0 \
2.81.7 2 2 0 0 1\
 1.72 2v3a2 2 0 \
0 1-2.18 2 19.79\
 19.79 0 0 1-8.6\
3-3.07 19.42 19.\
42 0 0 1-3.33-2.\
67m-2.67-3.34a19\
.79 19.79 0 0 1-\
3.07-8.63A2 2 0 \
0 1 4.11 2h3a2 2\
 0 0 1 2 1.72 12\
.84 12.84 0 0 0 \
.7 2.81 2 2 0 0 \
1-.45 2.11L8.09 \
9.91\x22></path><li\
ne x1=\x2223\x22 y1=\x221\
\x22 x2=\x221\x22 y2=\x2223\x22\
></line></svg>\
\x00\x00\x01v\
<\
svg xmlns=\x22http:\
//www.w3.org/200\
0/svg\x22 width=\x2224\
\x22 height=\x2224\x22 vi\
ewBox=\x220 0 24 24\
\x22 fill=\x22none\x22 st\
roke=\x22currentCol\
or\x22 stroke-width\
=\x222\x22 stroke-line\
cap=\x22round\x22 stro\
ke-linejoin=\x22rou\
nd\x22 class=\x22feath\
er feather-thumb\
s-down\x22><path d=\
\x22M10 15v4a3 3 0 \
0 0 3 3l4-9V2H5.\
72a2 2 0 0 0-2 1\
.7l-1.38 9a2 2 0\
 0 0 2 2.3zm7-13\
h2.67A2.31 2.31 \
0 0 1 22 4v7a2.3\
1 2.31 0 0 1-2.3\
3 2H17\x22></path><\
/svg>\
\x00\x00\x010\
<\
svg xmlns=\x22http:\
//www.w3.org/200\
0/svg\x22 width=\x2224\
\x22 height=\x2224\x22 vi\
ewBox=\x220 0 24 24\
\x22 fill=\x22none\x22 st\
roke=\x22currentCol\
or\x22 stroke-width\
=\x222\x22 stroke-line\
cap=\x22round\x22 stro\
ke-linejoin=\x22rou\
nd\x22 class=\x22feath\
er feather-plus\x22\
><line x1=\x2212\x22 y\
1=\x225\x22 x2=\x2212\x22 y2\
=\x2219\x22></line><li\
ne x1=\x225\x22 y1=\x2212\
\x22 x2=\x2219\x22 y2=\x2212\
\x22></line></svg>\
\x00\x00\x01\x22\
<\
svg xmlns=\x22http:\
//www.w3.org/200\
0/svg\x22 width=\x2224\
\x22 height=\x2224\x22 vi\
ewBox=\x220 0 24 24\
\x22 fill=\x22none\x22 st\
roke=\x22currentCol\
or\x22 stroke-width\
=\x222\x22 stroke-line\
cap=\x22round\x22 stro\
ke-linejoin=\x22rou\
nd\x22 class=\x22feath\
er feather-filte\
r\x22><polygon poin\
ts=\x2222 3 2 3 10 \
12.46 10 19 14 2\
1 14 12.46 22 3\x22\
></polygon></svg\
>\
\x00\x00\x018\
<\
svg xmlns=\x22http:\
//www.w3.org/200\
0/svg\x22 width=\x2224\
\x22 height=\x2224\x22 vi\
ewBox=\x220 0 24 24\
\x22 fill=\x22none\x22 st\
roke=\x22currentCol\
or\x22 stroke-width\
=\x222\x22 stroke-line\
cap=\x22round\x22 stro\
ke-linejoin=\x22rou\
nd\x22 class=\x22feath\
er feather-slash\
\x22><circle cx=\x2212\
\x22 cy=\x2212\x22 r=\x2210\x22\
></circle><line \
x1=\x224.93\x22 y1=\x224.\
93\x22 x2=\x2219.07\x22 y\
2=\x2219.07\x22></line\
></svg>\
\x00\x00\x01^\
<\
svg xmlns=\x22http:\
//www.w3.org/200\
0/svg\x22 width=\x2224\
\x22 height=\x2224\x22 vi\
ewBox=\x220 0 24 24\
\x22 fill=\x22none\x22 st\
roke=\x22currentCol\
or\x22 stroke-width\
=\x222\x22 stroke-line\
cap=\x22round\x22 stro\
ke-linejoin=\x22rou\
nd\x22 class=\x22feath\
er feather-perce\
nt\x22><line x1=\x2219\
\x22 y1=\x225\x22 x2=\x225\x22 \
y2=\x2219\x22></line><\
circle cx=\x226.5\x22 \
cy=\x226.5\x22 r=\x222.5\x22\
></circle><circl\
e cx=\x2217.5\x22 cy=\x22\
17.5\x22 r=\x222.5\x22></\
circle></svg>\
\x00\x00\x01\x85\
<\
svg xmlns=\x22http:\
//www.w3.org/200\
0/svg\x22 width=\x2224\
\x22 height=\x2224\x22 vi\
ewBox=\x220 0 24 24\
\x22 fill=\x22none\x22 st\
roke=\x22currentCol\
or\x22 stroke-width\
=\x222\x22 stroke-line\
cap=\x22round\x22 stro\
ke-linejoin=\x22rou\
nd\x22 class=\x22feath\
er feather-radio\
\x22><circle cx=\x2212\
\x22 cy=\x2212\x22 r=\x222\x22>\
</circle><path d\
=\x22M16.24 7.76a6 \
6 0 0 1 0 8.49m-\
8.48-.01a6 6 0 0\
 1 0-8.49m11.31-\
2.82a10 10 0 0 1\
 0 14.14m-14.14 \
0a10 10 0 0 1 0-\
14.14\x22></path></\
svg>\
\x00\x00\x01'\
<\
svg xmlns=\x22http:\
//www.w3.org/200\
0/svg\x22 width=\x2224\
\x22 height=\x2224\x22 vi\
ewBox=\x220 0 24 24\
\x22 fill=\x22none\x22 st\
roke=\x22currentCol\
or\x22 stroke-width\
=\x222\x22 stroke-line\
cap=\x22round\x22 stro\
ke-linejoin=\x22rou\
nd\x22 class=\x22feath\
er feather-disc\x22\
><circle cx=\x2212\x22\
 cy=\x2212\x22 r=\x2210\x22>\
</circle><circle\
 cx=\x2212\x22 cy=\x2212\x22\
 r=\x223\x22></circle>\
</svg>\
\x00\x00\x01\x15\
<\
svg xmlns=\x22http:\
//www.w3.org/200\
0/svg\x22 width=\x2224\
\x22 height=\x2224\x22 vi\
ewBox=\x220 0 24 24\
\x22 fill=\x22none\x22 st\
roke=\x22currentCol\
or\x22 stroke-width\
=\x222\x22 stroke-line\
cap=\x22round\x22 stro\
ke-linejoin=\x22rou\
nd\x22 class=\x22feath\
er feather-navig\
ation\x22><polygon \
points=\x223 11 22 \
2 13 21 11 13 3 \
11\x22></polygon></\
svg>\
\x00\x00\x01\x8d\
<\
svg xmlns=\x22http:\
//www.w3.org/200\
0/svg\x22 width=\x2224\
\x22 height=\x2224\x22 vi\
ewBox=\x220 0 24 24\
\x22 fill=\x22none\x22 st\
roke=\x22currentCol\
or\x22 stroke-width\
=\x222\x22 stroke-line\
cap=\x22round\x22 stro\
ke-linejoin=\x22rou\
nd\x22 class=\x22feath\
er feather-divid\
e-circle\x22><line \
x1=\x228\x22 y1=\x2212\x22 x\
2=\x2216\x22 y2=\x2212\x22><\
/line><line x1=\x22\
12\x22 y1=\x2216\x22 x2=\x22\
12\x22 y2=\x2216\x22></li\
ne><line x1=\x2212\x22\
 y1=\x228\x22 x2=\x2212\x22 \
y2=\x228\x22></line><c\
ircle cx=\x2212\x22 cy\
=\x2212\x22 r=\x2210\x22></c\
ircle></svg>\
\x00\x00\x01\x91\
<\
svg xmlns=\x22http:\
//www.w3.org/200\
0/svg\x22 width=\x2224\
\x22 height=\x2224\x22 vi\
ewBox=\x220 0 24 24\
\x22 fill=\x22none\x22 st\
roke=\x22currentCol\
or\x22 stroke-width\
=\x222\x22 stroke-line\
cap=\x22round\x22 stro\
ke-linejoin=\x22rou\
nd\x22 class=\x22feath\
er feather-wifi\x22\
><path d=\x22M5 12.\
55a11 11 0 0 1 1\
4.08 0\x22></path><\
path d=\x22M1.42 9a\
16 16 0 0 1 21.1\
6 0\x22></path><pat\
h d=\x22M8.53 16.11\
a6 6 0 0 1 6.95 \
0\x22></path><line \
x1=\x2212\x22 y1=\x2220\x22 \
x2=\x2212.01\x22 y2=\x222\
0\x22></line></svg>\
\
\x00\x00\x01s\
<\
svg xmlns=\x22http:\
//www.w3.org/200\
0/svg\x22 width=\x2224\
\x22 height=\x2224\x22 vi\
ewBox=\x220 0 24 24\
\x22 fill=\x22none\x22 st\
roke=\x22currentCol\
or\x22 stroke-width\
=\x222\x22 stroke-line\
cap=\x22round\x22 stro\
ke-linejoin=\x22rou\
nd\x22 class=\x22feath\
er feather-cloud\
-off\x22><path d=\x22M\
22.61 16.95A5 5 \
0 0 0 18 10h-1.2\
6a8 8 0 0 0-7.05\
-6M5 5a8 8 0 0 0\
 4 15h9a5 5 0 0 \
0 1.7-.3\x22></path\
><line x1=\x221\x22 y1\
=\x221\x22 x2=\x2223\x22 y2=\
\x2223\x22></line></sv\
g>\
\x00\x00\x01m\
<\
svg xmlns=\x22http:\
//www.w3.org/200\
0/svg\x22 width=\x2224\
\x22 height=\x2224\x22 vi\
ewBox=\x220 0 24 24\
\x22 fill=\x22none\x22 st\
roke=\x22currentCol\
or\x22 stroke-width\
=\x222\x22 stroke-line\
cap=\x22round\x22 stro\
ke-linejoin=\x22rou\
nd\x22 class=\x22feath\
er feather-layer\
s\x22><polygon poin\
ts=\x2212 2 2 7 12 \
12 22 7 12 2\x22></\
polygon><polylin\
e points=\x222 17 1\
2 22 22 17\x22></po\
lyline><polyline\
 points=\x222 12 12\
 17 22 12\x22></pol\
yline></svg>\
\x00\x00\x02M\
<\
svg xmlns=\x22http:\
//www.w3.org/200\
0/svg\x22 width=\x2224\
\x22 height=\x2224\x22 vi\
ewBox=\x220 0 24 24\
\x22 fill=\x22none\x22 st\
roke=\x22currentCol\
or\x22 stroke-width\
=\x222\x22 stroke-line\
cap=\x22round\x22 stro\
ke-linejoin=\x22rou\
nd\x22 class=\x22feath\
er feather-sunri\
se\x22><path d=\x22M17\
 18a5 5 0 0 0-10\
 0\x22></path><line\
 x1=\x2212\x22 y1=\x222\x22 \
x2=\x2212\x22 y2=\x229\x22><\
/line><line x1=\x22\
4.22\x22 y1=\x2210.22\x22\
 x2=\x225.64\x22 y2=\x221\
1.64\x22></line><li\
ne x1=\x221\x22 y1=\x2218\
\x22 x2=\x223\x22 y2=\x2218\x22\
></line><line x1\
=\x2221\x22 y1=\x2218\x22 x2\
=\x2223\x22 y2=\x2218\x22></\
line><line x1=\x221\
8.36\x22 y1=\x2211.64\x22\
 x2=\x2219.78\x22 y2=\x22\
10.22\x22></line><l\
ine x1=\x2223\x22 y1=\x22\
22\x22 x2=\x221\x22 y2=\x222\
2\x22></line><polyl\
ine points=\x228 6 \
12 2 16 6\x22></pol\
yline></svg>\
\x00\x00\x01\x9f\
<\
svg xmlns=\x22http:\
//www.w3.org/200\
0/svg\x22 width=\x2224\
\x22 height=\x2224\x22 vi\
ewBox=\x220 0 24 24\
\x22 fill=\x22none\x22 st\
roke=\x22currentCol\
or\x22 stroke-width\
=\x222\x22 stroke-line\
cap=\x22round\x22 stro\
ke-linejoin=\x22rou\
nd\x22 class=\x22feath\
er feather-truck\
\x22><rect x=\x221\x22 y=\
\x223\x22 width=\x2215\x22 h\
eight=\x2213\x22></rec\
t><polygon point\
s=\x2216 8 20 8 23 \
11 23 16 16 16 1\
6 8\x22></polygon><\
circle cx=\x225.5\x22 \
cy=\x2218.5\x22 r=\x222.5\
\x22></circle><circ\
le cx=\x2218.5\x22 cy=\
\x2218.5\x22 r=\x222.5\x22><\
/circle></svg>\
\x00\x00\x01H\
<\
svg xmlns=\x22http:\
//www.w3.org/200\
0/svg\x22 width=\x2224\
\x22 height=\x2224\x22 vi\
ewBox=\x220 0 24 24\
\x22 fill=\x22none\x22 st\
roke=\x22currentCol\
or\x22 stroke-width\
=\x222\x22 stroke-line\
cap=\x22round\x22 stro\
ke-linejoin=\x22rou\
nd\x22 class=\x22feath\
er feather-check\
-circle\x22><path d\
=\x22M22 11.08V12a1\
0 10 0 1 1-5.93-\
9.14\x22></path><po\
lyline points=\x222\
2 4 12 14.01 9 1\
1.01\x22></polyline\
></svg>\
\x00\x00\x01\xe1\
<\
svg xmlns=\x22http:\
//www.w3.org/200\
0/svg\x22 width=\x2224\
\x22 height=\x2224\x22 vi\
ewBox=\x220 0 24 24\
\x22 fill=\x22none\x22 st\
roke=\x22currentCol\
or\x22 stroke-width\
=\x222\x22 stroke-line\
cap=\x22round\x22 stro\
ke-linejoin=\x22rou\
nd\x22 class=\x22feath\
er feather-gift\x22\
><polyline point\
s=\x2220 12 20 22 4\
 22 4 12\x22></poly\
line><rect x=\x222\x22\
 y=\x227\x22 width=\x2220\
\x22 height=\x225\x22></r\
ect><line x1=\x2212\
\x22 y1=\x2222\x22 x2=\x2212\
\x22 y2=\x227\x22></line>\
<path d=\x22M12 7H7\
.5a2.5 2.5 0 0 1\
 0-5C11 2 12 7 1\
2 7z\x22></path><pa\
th d=\x22M12 7h4.5a\
2.5 2.5 0 0 0 0-\
5C13 2 12 7 12 7\
z\x22></path></svg>\
\
\x00\x00\x06\x1c\
<\
?xml version=\x221.\
0\x22 encoding=\x22UTF\
-8\x22 standalone=\x22\
no\x22?>\x0d\x0a<svg\x0d\x0a   \
width=\x2224\x22\x0d\x0a   h\
eight=\x2224\x22\x0d\x0a   v\
iewBox=\x220 0 24 2\
4\x22\x0d\x0a   fill=\x22non\
e\x22\x0d\x0a   stroke=\x22c\
urrentColor\x22\x0d\x0a  \
 stroke-width=\x222\
\x22\x0d\x0a   stroke-lin\
ecap=\x22round\x22\x0d\x0a  \
 stroke-linejoin\
=\x22round\x22\x0d\x0a   cla\
ss=\x22feather feat\
her-info\x22\x0d\x0a   ve\
rsion=\x221.1\x22\x0d\x0a   \
id=\x22svg2\x22\x0d\x0a   so\
dipodi:docname=\x22\
info.svg\x22\x0d\x0a   in\
kscape:version=\x22\
1.4 (86a8ad7, 20\
24-10-11)\x22\x0d\x0a   x\
mlns:inkscape=\x22h\
ttp://www.inksca\
pe.org/namespace\
s/inkscape\x22\x0d\x0a   \
xmlns:sodipodi=\x22\
http://sodipodi.\
sourceforge.net/\
DTD/sodipodi-0.d\
td\x22\x0d\x0a   xmlns=\x22h\
ttp://www.w3.org\
/2000/svg\x22\x0d\x0a   x\
mlns:svg=\x22http:/\
/www.w3.org/2000\
/svg\x22>\x0d\x0a  <defs\x0d\
\x0a     id=\x22defs2\x22\
 />\x0d\x0a  <sodipodi\
:namedview\x0d\x0a    \
 id=\x22namedview2\x22\
\x0d\x0a     pagecolor\
=\x22#ffffff\x22\x0d\x0a    \
 bordercolor=\x22#0\
00000\x22\x0d\x0a     bor\
deropacity=\x220.25\
\x22\x0d\x0a     inkscape\
:showpageshadow=\
\x222\x22\x0d\x0a     inksca\
pe:pageopacity=\x22\
0.0\x22\x0d\x0a     inksc\
ape:pagecheckerb\
oard=\x220\x22\x0d\x0a     i\
nkscape:deskcolo\
r=\x22#d1d1d1\x22\x0d\x0a   \
  inkscape:zoom=\
\x2233.625\x22\x0d\x0a     i\
nkscape:cx=\x2212\x22\x0d\
\x0a     inkscape:c\
y=\x2212\x22\x0d\x0a     ink\
scape:window-wid\
th=\x221920\x22\x0d\x0a     \
inkscape:window-\
height=\x221009\x22\x0d\x0a \
    inkscape:win\
dow-x=\x22-8\x22\x0d\x0a    \
 inkscape:window\
-y=\x22-8\x22\x0d\x0a     in\
kscape:window-ma\
ximized=\x221\x22\x0d\x0a   \
  inkscape:curre\
nt-layer=\x22svg2\x22 \
/>\x0d\x0a  <circle\x0d\x0a \
    cx=\x2212\x22\x0d\x0a   \
  cy=\x2212\x22\x0d\x0a     \
r=\x2210\x22\x0d\x0a     id=\
\x22circle1\x22\x0d\x0a     \
style=\x22stroke:#f\
fffff;stroke-opa\
city:1\x22 />\x0d\x0a  <l\
ine\x0d\x0a     x1=\x2212\
\x22\x0d\x0a     y1=\x2216\x22\x0d\
\x0a     x2=\x2212\x22\x0d\x0a \
    y2=\x2212\x22\x0d\x0a   \
  id=\x22line1\x22\x0d\x0a  \
   style=\x22stroke\
:#ffffff;stroke-\
opacity:1\x22 />\x0d\x0a \
 <line\x0d\x0a     x1=\
\x2212\x22\x0d\x0a     y1=\x228\
\x22\x0d\x0a     x2=\x2212.0\
1\x22\x0d\x0a     y2=\x228\x22\x0d\
\x0a     id=\x22line2\x22\
\x0d\x0a     style=\x22st\
roke:#ffffff;str\
oke-opacity:1\x22 /\
>\x0d\x0a</svg>\x0d\x0a\
\x00\x00\x02j\
<\
svg xmlns=\x22http:\
//www.w3.org/200\
0/svg\x22 width=\x2224\
\x22 height=\x2224\x22 vi\
ewBox=\x220 0 24 24\
\x22 fill=\x22none\x22 st\
roke=\x22currentCol\
or\x22 stroke-width\
=\x222\x22 stroke-line\
cap=\x22round\x22 stro\
ke-linejoin=\x22rou\
nd\x22 class=\x22feath\
er feather-phone\
-forwarded\x22><pol\
yline points=\x2219\
 1 23 5 19 9\x22></\
polyline><line x\
1=\x2215\x22 y1=\x225\x22 x2\
=\x2223\x22 y2=\x225\x22></l\
ine><path d=\x22M22\
 16.92v3a2 2 0 0\
 1-2.18 2 19.79 \
19.79 0 0 1-8.63\
-3.07 19.5 19.5 \
0 0 1-6-6 19.79 \
19.79 0 0 1-3.07\
-8.67A2 2 0 0 1 \
4.11 2h3a2 2 0 0\
 1 2 1.72 12.84 \
12.84 0 0 0 .7 2\
.81 2 2 0 0 1-.4\
5 2.11L8.09 9.91\
a16 16 0 0 0 6 6\
l1.27-1.27a2 2 0\
 0 1 2.11-.45 12\
.84 12.84 0 0 0 \
2.81.7A2 2 0 0 1\
 22 16.92z\x22></pa\
th></svg>\
\x00\x00\x05U\
<\
?xml version=\x221.\
0\x22 encoding=\x22UTF\
-8\x22 standalone=\x22\
no\x22?>\x0d\x0a<svg\x0d\x0a   \
width=\x2224\x22\x0d\x0a   h\
eight=\x2224\x22\x0d\x0a   v\
iewBox=\x220 0 24 2\
4\x22\x0d\x0a   fill=\x22non\
e\x22\x0d\x0a   stroke=\x22c\
urrentColor\x22\x0d\x0a  \
 stroke-width=\x222\
\x22\x0d\x0a   stroke-lin\
ecap=\x22round\x22\x0d\x0a  \
 stroke-linejoin\
=\x22round\x22\x0d\x0a   cla\
ss=\x22feather feat\
her-triangle\x22\x0d\x0a \
  version=\x221.1\x22\x0d\
\x0a   id=\x22svg1\x22\x0d\x0a \
  sodipodi:docna\
me=\x22triangle.svg\
\x22\x0d\x0a   inkscape:v\
ersion=\x221.4.3 (0\
d15f75, 2025-12-\
25)\x22\x0d\x0a   xmlns:i\
nkscape=\x22http://\
www.inkscape.org\
/namespaces/inks\
cape\x22\x0d\x0a   xmlns:\
sodipodi=\x22http:/\
/sodipodi.source\
forge.net/DTD/so\
dipodi-0.dtd\x22\x0d\x0a \
  xmlns=\x22http://\
www.w3.org/2000/\
svg\x22\x0d\x0a   xmlns:s\
vg=\x22http://www.w\
3.org/2000/svg\x22>\
\x0d\x0a  <defs\x0d\x0a     \
id=\x22defs1\x22 />\x0d\x0a \
 <sodipodi:named\
view\x0d\x0a     id=\x22n\
amedview1\x22\x0d\x0a    \
 pagecolor=\x22#fff\
fff\x22\x0d\x0a     borde\
rcolor=\x22#000000\x22\
\x0d\x0a     borderopa\
city=\x220.25\x22\x0d\x0a   \
  inkscape:showp\
ageshadow=\x222\x22\x0d\x0a \
    inkscape:pag\
eopacity=\x220.0\x22\x0d\x0a\
     inkscape:pa\
gecheckerboard=\x22\
0\x22\x0d\x0a     inkscap\
e:deskcolor=\x22#d1\
d1d1\x22\x0d\x0a     inks\
cape:zoom=\x2233.62\
5\x22\x0d\x0a     inkscap\
e:cx=\x2212\x22\x0d\x0a     \
inkscape:cy=\x2212\x22\
\x0d\x0a     inkscape:\
window-width=\x2219\
20\x22\x0d\x0a     inksca\
pe:window-height\
=\x221009\x22\x0d\x0a     in\
kscape:window-x=\
\x22-8\x22\x0d\x0a     inksc\
ape:window-y=\x22-8\
\x22\x0d\x0a     inkscape\
:window-maximize\
d=\x221\x22\x0d\x0a     inks\
cape:current-lay\
er=\x22svg1\x22 />\x0d\x0a  \
<path\x0d\x0a     d=\x22M\
10.29 3.86L1.82 \
18a2 2 0 0 0 1.7\
1 3h16.94a2 2 0 \
0 0 1.71-3L13.71\
 3.86a2 2 0 0 0-\
3.42 0z\x22\x0d\x0a     i\
d=\x22path1\x22\x0d\x0a     \
style=\x22stroke:#f\
fffff;stroke-opa\
city:1\x22 />\x0d\x0a</sv\
g>\x0d\x0a\
\x00\x00\x01\x83\
<\
svg xmlns=\x22http:\
//www.w3.org/200\
0/svg\x22 width=\x2224\
\x22 height=\x2224\x22 vi\
ewBox=\x220 0 24 24\
\x22 fill=\x22none\x22 st\
roke=\x22currentCol\
or\x22 stroke-width\
=\x222\x22 stroke-line\
cap=\x22round\x22 stro\
ke-linejoin=\x22rou\
nd\x22 class=\x22feath\
er feather-git-p\
ull-request\x22><ci\
rcle cx=\x2218\x22 cy=\
\x2218\x22 r=\x223\x22></cir\
cle><circle cx=\x22\
6\x22 cy=\x226\x22 r=\x223\x22>\
</circle><path d\
=\x22M13 6h3a2 2 0 \
0 1 2 2v7\x22></pat\
h><line x1=\x226\x22 y\
1=\x229\x22 x2=\x226\x22 y2=\
\x2221\x22></line></sv\
g>\
\x00\x00\x01\xac\
<\
svg xmlns=\x22http:\
//www.w3.org/200\
0/svg\x22 width=\x2224\
\x22 height=\x2224\x22 vi\
ewBox=\x220 0 24 24\
\x22 fill=\x22none\x22 st\
roke=\x22currentCol\
or\x22 stroke-width\
=\x222\x22 stroke-line\
cap=\x22round\x22 stro\
ke-linejoin=\x22rou\
nd\x22 class=\x22feath\
er feather-messa\
ge-circle\x22><path\
 d=\x22M21 11.5a8.3\
8 8.38 0 0 1-.9 \
3.8 8.5 8.5 0 0 \
1-7.6 4.7 8.38 8\
.38 0 0 1-3.8-.9\
L3 21l1.9-5.7a8.\
38 8.38 0 0 1-.9\
-3.8 8.5 8.5 0 0\
 1 4.7-7.6 8.38 \
8.38 0 0 1 3.8-.\
9h.5a8.48 8.48 0\
 0 1 8 8v.5z\x22></\
path></svg>\
\x00\x00\x010\
<\
svg xmlns=\x22http:\
//www.w3.org/200\
0/svg\x22 width=\x2224\
\x22 height=\x2224\x22 vi\
ewBox=\x220 0 24 24\
\x22 fill=\x22none\x22 st\
roke=\x22currentCol\
or\x22 stroke-width\
=\x222\x22 stroke-line\
cap=\x22round\x22 stro\
ke-linejoin=\x22rou\
nd\x22 class=\x22feath\
er feather-clock\
\x22><circle cx=\x2212\
\x22 cy=\x2212\x22 r=\x2210\x22\
></circle><polyl\
ine points=\x2212 6\
 12 12 16 14\x22></\
polyline></svg>\
\x00\x00\x01>\
<\
svg xmlns=\x22http:\
//www.w3.org/200\
0/svg\x22 width=\x2224\
\x22 height=\x2224\x22 vi\
ewBox=\x220 0 24 24\
\x22 fill=\x22none\x22 st\
roke=\x22currentCol\
or\x22 stroke-width\
=\x222\x22 stroke-line\
cap=\x22round\x22 stro\
ke-linejoin=\x22rou\
nd\x22 class=\x22feath\
er feather-chevr\
ons-right\x22><poly\
line points=\x2213 \
17 18 12 13 7\x22><\
/polyline><polyl\
ine points=\x226 17\
 11 12 6 7\x22></po\
lyline></svg>\
\x00\x00\x01T\
<\
svg xmlns=\x22http:\
//www.w3.org/200\
0/svg\x22 width=\x2224\
\x22 height=\x2224\x22 vi\
ewBox=\x220 0 24 24\
\x22 fill=\x22none\x22 st\
roke=\x22currentCol\
or\x22 stroke-width\
=\x222\x22 stroke-line\
cap=\x22round\x22 stro\
ke-linejoin=\x22rou\
nd\x22 class=\x22feath\
er feather-table\
\x22><path d=\x22M9 3H\
5a2 2 0 0 0-2 2v\
4m6-6h10a2 2 0 0\
 1 2 2v4M9 3v18m\
0 0h10a2 2 0 0 0\
 2-2V9M9 21H5a2 \
2 0 0 1-2-2V9m0 \
0h18\x22></path></s\
vg>\
\x00\x00\x06\xb5\
<\
?xml version=\x221.\
0\x22 encoding=\x22UTF\
-8\x22 standalone=\x22\
no\x22?>\x0d\x0a<svg\x0d\x0a   \
width=\x2224\x22\x0d\x0a   h\
eight=\x2224\x22\x0d\x0a   v\
iewBox=\x220 0 24 2\
4\x22\x0d\x0a   fill=\x22non\
e\x22\x0d\x0a   stroke=\x22c\
urrentColor\x22\x0d\x0a  \
 stroke-width=\x222\
\x22\x0d\x0a   stroke-lin\
ecap=\x22round\x22\x0d\x0a  \
 stroke-linejoin\
=\x22round\x22\x0d\x0a   cla\
ss=\x22feather feat\
her-align-justif\
y\x22\x0d\x0a   version=\x22\
1.1\x22\x0d\x0a   id=\x22svg\
4\x22\x0d\x0a   sodipodi:\
docname=\x22align-j\
ustify.svg\x22\x0d\x0a   \
inkscape:version\
=\x221.4 (86a8ad7, \
2024-10-11)\x22\x0d\x0a  \
 xmlns:inkscape=\
\x22http://www.inks\
cape.org/namespa\
ces/inkscape\x22\x0d\x0a \
  xmlns:sodipodi\
=\x22http://sodipod\
i.sourceforge.ne\
t/DTD/sodipodi-0\
.dtd\x22\x0d\x0a   xmlns=\
\x22http://www.w3.o\
rg/2000/svg\x22\x0d\x0a  \
 xmlns:svg=\x22http\
://www.w3.org/20\
00/svg\x22>\x0d\x0a  <def\
s\x0d\x0a     id=\x22defs\
4\x22 />\x0d\x0a  <sodipo\
di:namedview\x0d\x0a  \
   id=\x22namedview\
4\x22\x0d\x0a     pagecol\
or=\x22#ffffff\x22\x0d\x0a  \
   bordercolor=\x22\
#000000\x22\x0d\x0a     b\
orderopacity=\x220.\
25\x22\x0d\x0a     inksca\
pe:showpageshado\
w=\x222\x22\x0d\x0a     inks\
cape:pageopacity\
=\x220.0\x22\x0d\x0a     ink\
scape:pagechecke\
rboard=\x220\x22\x0d\x0a    \
 inkscape:deskco\
lor=\x22#d1d1d1\x22\x0d\x0a \
    inkscape:zoo\
m=\x2233.625\x22\x0d\x0a    \
 inkscape:cx=\x2212\
\x22\x0d\x0a     inkscape\
:cy=\x2212\x22\x0d\x0a     i\
nkscape:window-w\
idth=\x221920\x22\x0d\x0a   \
  inkscape:windo\
w-height=\x221009\x22\x0d\
\x0a     inkscape:w\
indow-x=\x22-8\x22\x0d\x0a  \
   inkscape:wind\
ow-y=\x22-8\x22\x0d\x0a     \
inkscape:window-\
maximized=\x221\x22\x0d\x0a \
    inkscape:cur\
rent-layer=\x22svg4\
\x22 />\x0d\x0a  <line\x0d\x0a \
    x1=\x2221\x22\x0d\x0a   \
  y1=\x2210\x22\x0d\x0a     \
x2=\x223\x22\x0d\x0a     y2=\
\x2210\x22\x0d\x0a     id=\x22l\
ine1\x22\x0d\x0a     styl\
e=\x22stroke:#fffff\
f;stroke-opacity\
:1\x22 />\x0d\x0a  <line\x0d\
\x0a     x1=\x2221\x22\x0d\x0a \
    y1=\x226\x22\x0d\x0a    \
 x2=\x223\x22\x0d\x0a     y2\
=\x226\x22\x0d\x0a     id=\x22l\
ine2\x22\x0d\x0a     styl\
e=\x22stroke:#fffff\
f;stroke-opacity\
:1\x22 />\x0d\x0a  <line\x0d\
\x0a     x1=\x2221\x22\x0d\x0a \
    y1=\x2214\x22\x0d\x0a   \
  x2=\x223\x22\x0d\x0a     y\
2=\x2214\x22\x0d\x0a     id=\
\x22line3\x22\x0d\x0a     st\
yle=\x22stroke:#fff\
fff;stroke-opaci\
ty:1\x22 />\x0d\x0a  <lin\
e\x0d\x0a     x1=\x2221\x22\x0d\
\x0a     y1=\x2218\x22\x0d\x0a \
    x2=\x223\x22\x0d\x0a    \
 y2=\x2218\x22\x0d\x0a     i\
d=\x22line4\x22\x0d\x0a     \
style=\x22stroke:#f\
fffff;stroke-opa\
city:1\x22 />\x0d\x0a</sv\
g>\x0d\x0a\
\x00\x00\x01\xe4\
<\
svg xmlns=\x22http:\
//www.w3.org/200\
0/svg\x22 width=\x2224\
\x22 height=\x2224\x22 vi\
ewBox=\x220 0 24 24\
\x22 fill=\x22none\x22 st\
roke=\x22currentCol\
or\x22 stroke-width\
=\x222\x22 stroke-line\
cap=\x22round\x22 stro\
ke-linejoin=\x22rou\
nd\x22 class=\x22feath\
er feather-hard-\
drive\x22><line x1=\
\x2222\x22 y1=\x2212\x22 x2=\
\x222\x22 y2=\x2212\x22></li\
ne><path d=\x22M5.4\
5 5.11L2 12v6a2 \
2 0 0 0 2 2h16a2\
 2 0 0 0 2-2v-6l\
-3.45-6.89A2 2 0\
 0 0 16.76 4H7.2\
4a2 2 0 0 0-1.79\
 1.11z\x22></path><\
line x1=\x226\x22 y1=\x22\
16\x22 x2=\x226.01\x22 y2\
=\x2216\x22></line><li\
ne x1=\x2210\x22 y1=\x221\
6\x22 x2=\x2210.01\x22 y2\
=\x2216\x22></line></s\
vg>\
\x00\x00\x08W\
<\
?xml version=\x221.\
0\x22 encoding=\x22UTF\
-8\x22 standalone=\x22\
no\x22?>\x0d\x0a<svg\x0d\x0a   \
width=\x2224\x22\x0d\x0a   h\
eight=\x2224\x22\x0d\x0a   v\
iewBox=\x220 0 24 2\
4\x22\x0d\x0a   fill=\x22non\
e\x22\x0d\x0a   stroke=\x22c\
urrentColor\x22\x0d\x0a  \
 stroke-width=\x222\
\x22\x0d\x0a   stroke-lin\
ecap=\x22round\x22\x0d\x0a  \
 stroke-linejoin\
=\x22round\x22\x0d\x0a   cla\
ss=\x22feather feat\
her-aperture\x22\x0d\x0a \
  version=\x221.1\x22\x0d\
\x0a   id=\x22svg6\x22\x0d\x0a \
  sodipodi:docna\
me=\x22aperture.svg\
\x22\x0d\x0a   inkscape:v\
ersion=\x221.4.3 (0\
d15f75, 2025-12-\
25)\x22\x0d\x0a   xmlns:i\
nkscape=\x22http://\
www.inkscape.org\
/namespaces/inks\
cape\x22\x0d\x0a   xmlns:\
sodipodi=\x22http:/\
/sodipodi.source\
forge.net/DTD/so\
dipodi-0.dtd\x22\x0d\x0a \
  xmlns=\x22http://\
www.w3.org/2000/\
svg\x22\x0d\x0a   xmlns:s\
vg=\x22http://www.w\
3.org/2000/svg\x22>\
\x0d\x0a  <defs\x0d\x0a     \
id=\x22defs6\x22 />\x0d\x0a \
 <sodipodi:named\
view\x0d\x0a     id=\x22n\
amedview6\x22\x0d\x0a    \
 pagecolor=\x22#fff\
fff\x22\x0d\x0a     borde\
rcolor=\x22#000000\x22\
\x0d\x0a     borderopa\
city=\x220.25\x22\x0d\x0a   \
  inkscape:showp\
ageshadow=\x222\x22\x0d\x0a \
    inkscape:pag\
eopacity=\x220.0\x22\x0d\x0a\
     inkscape:pa\
gecheckerboard=\x22\
0\x22\x0d\x0a     inkscap\
e:deskcolor=\x22#d1\
d1d1\x22\x0d\x0a     inks\
cape:zoom=\x2233.62\
5\x22\x0d\x0a     inkscap\
e:cx=\x2212\x22\x0d\x0a     \
inkscape:cy=\x2212\x22\
\x0d\x0a     inkscape:\
window-width=\x2219\
20\x22\x0d\x0a     inksca\
pe:window-height\
=\x221009\x22\x0d\x0a     in\
kscape:window-x=\
\x22-8\x22\x0d\x0a     inksc\
ape:window-y=\x22-8\
\x22\x0d\x0a     inkscape\
:window-maximize\
d=\x221\x22\x0d\x0a     inks\
cape:current-lay\
er=\x22svg6\x22 />\x0d\x0a  \
<circle\x0d\x0a     cx\
=\x2212\x22\x0d\x0a     cy=\x22\
12\x22\x0d\x0a     r=\x2210\x22\
\x0d\x0a     id=\x22circl\
e1\x22\x0d\x0a     style=\
\x22stroke:#ffffff;\
stroke-opacity:1\
\x22 />\x0d\x0a  <line\x0d\x0a \
    x1=\x2214.31\x22\x0d\x0a\
     y1=\x228\x22\x0d\x0a   \
  x2=\x2220.05\x22\x0d\x0a  \
   y2=\x2217.94\x22\x0d\x0a \
    id=\x22line1\x22\x0d\x0a\
     style=\x22stro\
ke:#ffffff;strok\
e-opacity:1\x22 />\x0d\
\x0a  <line\x0d\x0a     x\
1=\x229.69\x22\x0d\x0a     y\
1=\x228\x22\x0d\x0a     x2=\x22\
21.17\x22\x0d\x0a     y2=\
\x228\x22\x0d\x0a     id=\x22li\
ne2\x22\x0d\x0a     style\
=\x22stroke:#ffffff\
;stroke-opacity:\
1\x22 />\x0d\x0a  <line\x0d\x0a\
     x1=\x227.38\x22\x0d\x0a\
     y1=\x2212\x22\x0d\x0a  \
   x2=\x2213.12\x22\x0d\x0a \
    y2=\x222.06\x22\x0d\x0a \
    id=\x22line3\x22\x0d\x0a\
     style=\x22stro\
ke:#ffffff;strok\
e-opacity:1\x22 />\x0d\
\x0a  <line\x0d\x0a     x\
1=\x229.69\x22\x0d\x0a     y\
1=\x2216\x22\x0d\x0a     x2=\
\x223.95\x22\x0d\x0a     y2=\
\x226.06\x22\x0d\x0a     id=\
\x22line4\x22\x0d\x0a     st\
yle=\x22stroke:#fff\
fff;stroke-opaci\
ty:1\x22 />\x0d\x0a  <lin\
e\x0d\x0a     x1=\x2214.3\
1\x22\x0d\x0a     y1=\x2216\x22\
\x0d\x0a     x2=\x222.83\x22\
\x0d\x0a     y2=\x2216\x22\x0d\x0a\
     id=\x22line5\x22\x0d\
\x0a     style=\x22str\
oke:#ffffff;stro\
ke-opacity:1\x22 />\
\x0d\x0a  <line\x0d\x0a     \
x1=\x2216.62\x22\x0d\x0a    \
 y1=\x2212\x22\x0d\x0a     x\
2=\x2210.88\x22\x0d\x0a     \
y2=\x2221.94\x22\x0d\x0a    \
 id=\x22line6\x22\x0d\x0a   \
  style=\x22stroke:\
#ffffff;stroke-o\
pacity:1\x22 />\x0d\x0a</\
svg>\x0d\x0a\
\x00\x00\x01\x90\
<\
svg xmlns=\x22http:\
//www.w3.org/200\
0/svg\x22 width=\x2224\
\x22 height=\x2224\x22 vi\
ewBox=\x220 0 24 24\
\x22 fill=\x22none\x22 st\
roke=\x22currentCol\
or\x22 stroke-width\
=\x222\x22 stroke-line\
cap=\x22round\x22 stro\
ke-linejoin=\x22rou\
nd\x22 class=\x22feath\
er feather-linke\
din\x22><path d=\x22M1\
6 8a6 6 0 0 1 6 \
6v7h-4v-7a2 2 0 \
0 0-2-2 2 2 0 0 \
0-2 2v7h-4v-7a6 \
6 0 0 1 6-6z\x22></\
path><rect x=\x222\x22\
 y=\x229\x22 width=\x224\x22\
 height=\x2212\x22></r\
ect><circle cx=\x22\
4\x22 cy=\x224\x22 r=\x222\x22>\
</circle></svg>\
\x00\x00\x01H\
<\
svg xmlns=\x22http:\
//www.w3.org/200\
0/svg\x22 width=\x2224\
\x22 height=\x2224\x22 vi\
ewBox=\x220 0 24 24\
\x22 fill=\x22none\x22 st\
roke=\x22currentCol\
or\x22 stroke-width\
=\x222\x22 stroke-line\
cap=\x22round\x22 stro\
ke-linejoin=\x22rou\
nd\x22 class=\x22feath\
er feather-table\
t\x22><rect x=\x224\x22 y\
=\x222\x22 width=\x2216\x22 \
height=\x2220\x22 rx=\x22\
2\x22 ry=\x222\x22></rect\
><line x1=\x2212\x22 y\
1=\x2218\x22 x2=\x2212.01\
\x22 y2=\x2218\x22></line\
></svg>\
\x00\x00\x05\xca\
<\
?xml version=\x221.\
0\x22 encoding=\x22UTF\
-8\x22 standalone=\x22\
no\x22?>\x0d\x0a<svg\x0d\x0a   \
width=\x2224\x22\x0d\x0a   h\
eight=\x2224\x22\x0d\x0a   v\
iewBox=\x220 0 24 2\
4\x22\x0d\x0a   fill=\x22non\
e\x22\x0d\x0a   stroke=\x22c\
urrentColor\x22\x0d\x0a  \
 stroke-width=\x222\
\x22\x0d\x0a   stroke-lin\
ecap=\x22round\x22\x0d\x0a  \
 stroke-linejoin\
=\x22round\x22\x0d\x0a   cla\
ss=\x22feather feat\
her-copy\x22\x0d\x0a   ve\
rsion=\x221.1\x22\x0d\x0a   \
id=\x22svg1\x22\x0d\x0a   so\
dipodi:docname=\x22\
copy.svg\x22\x0d\x0a   in\
kscape:version=\x22\
1.4 (86a8ad7, 20\
24-10-11)\x22\x0d\x0a   x\
mlns:inkscape=\x22h\
ttp://www.inksca\
pe.org/namespace\
s/inkscape\x22\x0d\x0a   \
xmlns:sodipodi=\x22\
http://sodipodi.\
sourceforge.net/\
DTD/sodipodi-0.d\
td\x22\x0d\x0a   xmlns=\x22h\
ttp://www.w3.org\
/2000/svg\x22\x0d\x0a   x\
mlns:svg=\x22http:/\
/www.w3.org/2000\
/svg\x22>\x0d\x0a  <defs\x0d\
\x0a     id=\x22defs1\x22\
 />\x0d\x0a  <sodipodi\
:namedview\x0d\x0a    \
 id=\x22namedview1\x22\
\x0d\x0a     pagecolor\
=\x22#ffffff\x22\x0d\x0a    \
 bordercolor=\x22#0\
00000\x22\x0d\x0a     bor\
deropacity=\x220.25\
\x22\x0d\x0a     inkscape\
:showpageshadow=\
\x222\x22\x0d\x0a     inksca\
pe:pageopacity=\x22\
0.0\x22\x0d\x0a     inksc\
ape:pagecheckerb\
oard=\x220\x22\x0d\x0a     i\
nkscape:deskcolo\
r=\x22#d1d1d1\x22\x0d\x0a   \
  inkscape:zoom=\
\x2233.625\x22\x0d\x0a     i\
nkscape:cx=\x2212\x22\x0d\
\x0a     inkscape:c\
y=\x2212\x22\x0d\x0a     ink\
scape:window-wid\
th=\x221920\x22\x0d\x0a     \
inkscape:window-\
height=\x221009\x22\x0d\x0a \
    inkscape:win\
dow-x=\x22-8\x22\x0d\x0a    \
 inkscape:window\
-y=\x22-8\x22\x0d\x0a     in\
kscape:window-ma\
ximized=\x221\x22\x0d\x0a   \
  inkscape:curre\
nt-layer=\x22svg1\x22 \
/>\x0d\x0a  <rect\x0d\x0a   \
  x=\x229\x22\x0d\x0a     y=\
\x229\x22\x0d\x0a     width=\
\x2213\x22\x0d\x0a     heigh\
t=\x2213\x22\x0d\x0a     rx=\
\x222\x22\x0d\x0a     ry=\x222\x22\
\x0d\x0a     id=\x22rect1\
\x22\x0d\x0a     style=\x22s\
troke:#ffffff;st\
roke-opacity:1\x22 \
/>\x0d\x0a  <path\x0d\x0a   \
  d=\x22M5 15H4a2 2\
 0 0 1-2-2V4a2 2\
 0 0 1 2-2h9a2 2\
 0 0 1 2 2v1\x22\x0d\x0a \
    id=\x22path1\x22\x0d\x0a\
     style=\x22stro\
ke:#ffffff;strok\
e-opacity:1\x22 />\x0d\
\x0a</svg>\x0d\x0a\
\x00\x00\x01n\
<\
svg xmlns=\x22http:\
//www.w3.org/200\
0/svg\x22 width=\x2224\
\x22 height=\x2224\x22 vi\
ewBox=\x220 0 24 24\
\x22 fill=\x22none\x22 st\
roke=\x22currentCol\
or\x22 stroke-width\
=\x222\x22 stroke-line\
cap=\x22round\x22 stro\
ke-linejoin=\x22rou\
nd\x22 class=\x22feath\
er feather-speak\
er\x22><rect x=\x224\x22 \
y=\x222\x22 width=\x2216\x22\
 height=\x2220\x22 rx=\
\x222\x22 ry=\x222\x22></rec\
t><circle cx=\x2212\
\x22 cy=\x2214\x22 r=\x224\x22>\
</circle><line x\
1=\x2212\x22 y1=\x226\x22 x2\
=\x2212.01\x22 y2=\x226\x22>\
</line></svg>\
\x00\x00\x01<\
<\
svg xmlns=\x22http:\
//www.w3.org/200\
0/svg\x22 width=\x2224\
\x22 height=\x2224\x22 vi\
ewBox=\x220 0 24 24\
\x22 fill=\x22none\x22 st\
roke=\x22currentCol\
or\x22 stroke-width\
=\x222\x22 stroke-line\
cap=\x22round\x22 stro\
ke-linejoin=\x22rou\
nd\x22 class=\x22feath\
er feather-corne\
r-up-right\x22><pol\
yline points=\x2215\
 14 20 9 15 4\x22><\
/polyline><path \
d=\x22M4 20v-7a4 4 \
0 0 1 4-4h12\x22></\
path></svg>\
\x00\x00\x02J\
<\
svg xmlns=\x22http:\
//www.w3.org/200\
0/svg\x22 width=\x2224\
\x22 height=\x2224\x22 vi\
ewBox=\x220 0 24 24\
\x22 fill=\x22none\x22 st\
roke=\x22currentCol\
or\x22 stroke-width\
=\x222\x22 stroke-line\
cap=\x22round\x22 stro\
ke-linejoin=\x22rou\
nd\x22 class=\x22feath\
er feather-film\x22\
><rect x=\x222\x22 y=\x22\
2\x22 width=\x2220\x22 he\
ight=\x2220\x22 rx=\x222.\
18\x22 ry=\x222.18\x22></\
rect><line x1=\x227\
\x22 y1=\x222\x22 x2=\x227\x22 \
y2=\x2222\x22></line><\
line x1=\x2217\x22 y1=\
\x222\x22 x2=\x2217\x22 y2=\x22\
22\x22></line><line\
 x1=\x222\x22 y1=\x2212\x22 \
x2=\x2222\x22 y2=\x2212\x22>\
</line><line x1=\
\x222\x22 y1=\x227\x22 x2=\x227\
\x22 y2=\x227\x22></line>\
<line x1=\x222\x22 y1=\
\x2217\x22 x2=\x227\x22 y2=\x22\
17\x22></line><line\
 x1=\x2217\x22 y1=\x2217\x22\
 x2=\x2222\x22 y2=\x2217\x22\
></line><line x1\
=\x2217\x22 y1=\x227\x22 x2=\
\x2222\x22 y2=\x227\x22></li\
ne></svg>\
\x00\x00\x02@\
<\
svg xmlns=\x22http:\
//www.w3.org/200\
0/svg\x22 width=\x2224\
\x22 height=\x2224\x22 vi\
ewBox=\x220 0 24 24\
\x22 fill=\x22none\x22 st\
roke=\x22currentCol\
or\x22 stroke-width\
=\x222\x22 stroke-line\
cap=\x22round\x22 stro\
ke-linejoin=\x22rou\
nd\x22 class=\x22feath\
er feather-phone\
-call\x22><path d=\x22\
M15.05 5A5 5 0 0\
 1 19 8.95M15.05\
 1A9 9 0 0 1 23 \
8.94m-1 7.98v3a2\
 2 0 0 1-2.18 2 \
19.79 19.79 0 0 \
1-8.63-3.07 19.5\
 19.5 0 0 1-6-6 \
19.79 19.79 0 0 \
1-3.07-8.67A2 2 \
0 0 1 4.11 2h3a2\
 2 0 0 1 2 1.72 \
12.84 12.84 0 0 \
0 .7 2.81 2 2 0 \
0 1-.45 2.11L8.0\
9 9.91a16 16 0 0\
 0 6 6l1.27-1.27\
a2 2 0 0 1 2.11-\
.45 12.84 12.84 \
0 0 0 2.81.7A2 2\
 0 0 1 22 16.92z\
\x22></path></svg>\
\x00\x00\x05\xa2\
<\
?xml version=\x221.\
0\x22 encoding=\x22UTF\
-8\x22 standalone=\x22\
no\x22?>\x0d\x0a<svg\x0d\x0a   \
width=\x2224\x22\x0d\x0a   h\
eight=\x2224\x22\x0d\x0a   v\
iewBox=\x220 0 24 2\
4\x22\x0d\x0a   fill=\x22non\
e\x22\x0d\x0a   stroke=\x22c\
urrentColor\x22\x0d\x0a  \
 stroke-width=\x222\
\x22\x0d\x0a   stroke-lin\
ecap=\x22round\x22\x0d\x0a  \
 stroke-linejoin\
=\x22round\x22\x0d\x0a   cla\
ss=\x22feather feat\
her-arrow-right\x22\
\x0d\x0a   version=\x221.\
1\x22\x0d\x0a   id=\x22svg1\x22\
\x0d\x0a   sodipodi:do\
cname=\x22arrow-rig\
ht.svg\x22\x0d\x0a   inks\
cape:version=\x221.\
4.2 (f4327f4, 20\
25-05-13)\x22\x0d\x0a   x\
mlns:inkscape=\x22h\
ttp://www.inksca\
pe.org/namespace\
s/inkscape\x22\x0d\x0a   \
xmlns:sodipodi=\x22\
http://sodipodi.\
sourceforge.net/\
DTD/sodipodi-0.d\
td\x22\x0d\x0a   xmlns=\x22h\
ttp://www.w3.org\
/2000/svg\x22\x0d\x0a   x\
mlns:svg=\x22http:/\
/www.w3.org/2000\
/svg\x22>\x0d\x0a  <defs\x0d\
\x0a     id=\x22defs1\x22\
 />\x0d\x0a  <sodipodi\
:namedview\x0d\x0a    \
 id=\x22namedview1\x22\
\x0d\x0a     pagecolor\
=\x22#ffffff\x22\x0d\x0a    \
 bordercolor=\x22#0\
00000\x22\x0d\x0a     bor\
deropacity=\x220.25\
\x22\x0d\x0a     inkscape\
:showpageshadow=\
\x222\x22\x0d\x0a     inksca\
pe:pageopacity=\x22\
0.0\x22\x0d\x0a     inksc\
ape:pagecheckerb\
oard=\x220\x22\x0d\x0a     i\
nkscape:deskcolo\
r=\x22#d1d1d1\x22\x0d\x0a   \
  inkscape:zoom=\
\x2233.625\x22\x0d\x0a     i\
nkscape:cx=\x2212\x22\x0d\
\x0a     inkscape:c\
y=\x2212\x22\x0d\x0a     ink\
scape:window-wid\
th=\x221920\x22\x0d\x0a     \
inkscape:window-\
height=\x221009\x22\x0d\x0a \
    inkscape:win\
dow-x=\x22-8\x22\x0d\x0a    \
 inkscape:window\
-y=\x22-8\x22\x0d\x0a     in\
kscape:window-ma\
ximized=\x221\x22\x0d\x0a   \
  inkscape:curre\
nt-layer=\x22svg1\x22 \
/>\x0d\x0a  <line\x0d\x0a   \
  x1=\x225\x22\x0d\x0a     y\
1=\x2212\x22\x0d\x0a     x2=\
\x2219\x22\x0d\x0a     y2=\x221\
2\x22\x0d\x0a     id=\x22lin\
e1\x22\x0d\x0a     style=\
\x22stroke:#ffffff;\
stroke-opacity:1\
\x22 />\x0d\x0a  <polylin\
e\x0d\x0a     points=\x22\
12 5 19 12 12 19\
\x22\x0d\x0a     id=\x22poly\
line1\x22\x0d\x0a     sty\
le=\x22stroke:#ffff\
ff;stroke-opacit\
y:1\x22 />\x0d\x0a</svg>\x0d\
\x0a\
\x00\x00\x05\x9f\
<\
?xml version=\x221.\
0\x22 encoding=\x22UTF\
-8\x22 standalone=\x22\
no\x22?>\x0d\x0a<svg\x0d\x0a   \
width=\x2224\x22\x0d\x0a   h\
eight=\x2224\x22\x0d\x0a   v\
iewBox=\x220 0 24 2\
4\x22\x0d\x0a   fill=\x22non\
e\x22\x0d\x0a   stroke=\x22c\
urrentColor\x22\x0d\x0a  \
 stroke-width=\x222\
\x22\x0d\x0a   stroke-lin\
ecap=\x22round\x22\x0d\x0a  \
 stroke-linejoin\
=\x22round\x22\x0d\x0a   cla\
ss=\x22feather feat\
her-arrow-left\x22\x0d\
\x0a   version=\x221.1\
\x22\x0d\x0a   id=\x22svg1\x22\x0d\
\x0a   sodipodi:doc\
name=\x22arrow-left\
.svg\x22\x0d\x0a   inksca\
pe:version=\x221.4.\
2 (f4327f4, 2025\
-05-13)\x22\x0d\x0a   xml\
ns:inkscape=\x22htt\
p://www.inkscape\
.org/namespaces/\
inkscape\x22\x0d\x0a   xm\
lns:sodipodi=\x22ht\
tp://sodipodi.so\
urceforge.net/DT\
D/sodipodi-0.dtd\
\x22\x0d\x0a   xmlns=\x22htt\
p://www.w3.org/2\
000/svg\x22\x0d\x0a   xml\
ns:svg=\x22http://w\
ww.w3.org/2000/s\
vg\x22>\x0d\x0a  <defs\x0d\x0a \
    id=\x22defs1\x22 /\
>\x0d\x0a  <sodipodi:n\
amedview\x0d\x0a     i\
d=\x22namedview1\x22\x0d\x0a\
     pagecolor=\x22\
#ffffff\x22\x0d\x0a     b\
ordercolor=\x22#000\
000\x22\x0d\x0a     borde\
ropacity=\x220.25\x22\x0d\
\x0a     inkscape:s\
howpageshadow=\x222\
\x22\x0d\x0a     inkscape\
:pageopacity=\x220.\
0\x22\x0d\x0a     inkscap\
e:pagecheckerboa\
rd=\x220\x22\x0d\x0a     ink\
scape:deskcolor=\
\x22#d1d1d1\x22\x0d\x0a     \
inkscape:zoom=\x223\
3.625\x22\x0d\x0a     ink\
scape:cx=\x2212\x22\x0d\x0a \
    inkscape:cy=\
\x2212\x22\x0d\x0a     inksc\
ape:window-width\
=\x221920\x22\x0d\x0a     in\
kscape:window-he\
ight=\x221009\x22\x0d\x0a   \
  inkscape:windo\
w-x=\x22-8\x22\x0d\x0a     i\
nkscape:window-y\
=\x22-8\x22\x0d\x0a     inks\
cape:window-maxi\
mized=\x221\x22\x0d\x0a     \
inkscape:current\
-layer=\x22svg1\x22 />\
\x0d\x0a  <line\x0d\x0a     \
x1=\x2219\x22\x0d\x0a     y1\
=\x2212\x22\x0d\x0a     x2=\x22\
5\x22\x0d\x0a     y2=\x2212\x22\
\x0d\x0a     id=\x22line1\
\x22\x0d\x0a     style=\x22s\
troke:#ffffff;st\
roke-opacity:1\x22 \
/>\x0d\x0a  <polyline\x0d\
\x0a     points=\x2212\
 19 5 12 12 5\x22\x0d\x0a\
     id=\x22polylin\
e1\x22\x0d\x0a     style=\
\x22stroke:#ffffff;\
stroke-opacity:1\
\x22 />\x0d\x0a</svg>\x0d\x0a\
\x00\x00\x01N\
<\
svg xmlns=\x22http:\
//www.w3.org/200\
0/svg\x22 width=\x2224\
\x22 height=\x2224\x22 vi\
ewBox=\x220 0 24 24\
\x22 fill=\x22none\x22 st\
roke=\x22currentCol\
or\x22 stroke-width\
=\x222\x22 stroke-line\
cap=\x22round\x22 stro\
ke-linejoin=\x22rou\
nd\x22 class=\x22feath\
er feather-dolla\
r-sign\x22><line x1\
=\x2212\x22 y1=\x221\x22 x2=\
\x2212\x22 y2=\x2223\x22></l\
ine><path d=\x22M17\
 5H9.5a3.5 3.5 0\
 0 0 0 7h5a3.5 3\
.5 0 0 1 0 7H6\x22>\
</path></svg>\
\x00\x00\x01C\
<\
svg xmlns=\x22http:\
//www.w3.org/200\
0/svg\x22 width=\x2224\
\x22 height=\x2224\x22 vi\
ewBox=\x220 0 24 24\
\x22 fill=\x22none\x22 st\
roke=\x22currentCol\
or\x22 stroke-width\
=\x222\x22 stroke-line\
cap=\x22round\x22 stro\
ke-linejoin=\x22rou\
nd\x22 class=\x22feath\
er feather-fast-\
forward\x22><polygo\
n points=\x2213 19 \
22 12 13 5 13 19\
\x22></polygon><pol\
ygon points=\x222 1\
9 11 12 2 5 2 19\
\x22></polygon></sv\
g>\
\x00\x00\x01*\
<\
svg xmlns=\x22http:\
//www.w3.org/200\
0/svg\x22 width=\x2224\
\x22 height=\x2224\x22 vi\
ewBox=\x220 0 24 24\
\x22 fill=\x22none\x22 st\
roke=\x22currentCol\
or\x22 stroke-width\
=\x222\x22 stroke-line\
cap=\x22round\x22 stro\
ke-linejoin=\x22rou\
nd\x22 class=\x22feath\
er feather-bluet\
ooth\x22><polyline \
points=\x226.5 6.5 \
17.5 17.5 12 23 \
12 1 17.5 6.5 6.\
5 17.5\x22></polyli\
ne></svg>\
\x00\x00\x01f\
<\
svg xmlns=\x22http:\
//www.w3.org/200\
0/svg\x22 width=\x2224\
\x22 height=\x2224\x22 vi\
ewBox=\x220 0 24 24\
\x22 fill=\x22none\x22 st\
roke=\x22currentCol\
or\x22 stroke-width\
=\x222\x22 stroke-line\
cap=\x22round\x22 stro\
ke-linejoin=\x22rou\
nd\x22 class=\x22feath\
er feather-pocke\
t\x22><path d=\x22M4 3\
h16a2 2 0 0 1 2 \
2v6a10 10 0 0 1-\
10 10A10 10 0 0 \
1 2 11V5a2 2 0 0\
 1 2-2z\x22></path>\
<polyline points\
=\x228 10 12 14 16 \
10\x22></polyline><\
/svg>\
\x00\x00\x01J\
<\
svg xmlns=\x22http:\
//www.w3.org/200\
0/svg\x22 width=\x2224\
\x22 height=\x2224\x22 vi\
ewBox=\x220 0 24 24\
\x22 fill=\x22none\x22 st\
roke=\x22currentCol\
or\x22 stroke-width\
=\x222\x22 stroke-line\
cap=\x22round\x22 stro\
ke-linejoin=\x22rou\
nd\x22 class=\x22feath\
er feather-minus\
-square\x22><rect x\
=\x223\x22 y=\x223\x22 width\
=\x2218\x22 height=\x2218\
\x22 rx=\x222\x22 ry=\x222\x22>\
</rect><line x1=\
\x228\x22 y1=\x2212\x22 x2=\x22\
16\x22 y2=\x2212\x22></li\
ne></svg>\
\x00\x00\x01h\
<\
svg xmlns=\x22http:\
//www.w3.org/200\
0/svg\x22 width=\x2224\
\x22 height=\x2224\x22 vi\
ewBox=\x220 0 24 24\
\x22 fill=\x22none\x22 st\
roke=\x22currentCol\
or\x22 stroke-width\
=\x222\x22 stroke-line\
cap=\x22round\x22 stro\
ke-linejoin=\x22rou\
nd\x22 class=\x22feath\
er feather-arrow\
-down-circle\x22><c\
ircle cx=\x2212\x22 cy\
=\x2212\x22 r=\x2210\x22></c\
ircle><polyline \
points=\x228 12 12 \
16 16 12\x22></poly\
line><line x1=\x221\
2\x22 y1=\x228\x22 x2=\x2212\
\x22 y2=\x2216\x22></line\
></svg>\
\x00\x00\x01\x8e\
<\
svg xmlns=\x22http:\
//www.w3.org/200\
0/svg\x22 width=\x2224\
\x22 height=\x2224\x22 vi\
ewBox=\x220 0 24 24\
\x22 fill=\x22none\x22 st\
roke=\x22currentCol\
or\x22 stroke-width\
=\x222\x22 stroke-line\
cap=\x22round\x22 stro\
ke-linejoin=\x22rou\
nd\x22 class=\x22feath\
er feather-align\
-center\x22><line x\
1=\x2218\x22 y1=\x2210\x22 x\
2=\x226\x22 y2=\x2210\x22></\
line><line x1=\x222\
1\x22 y1=\x226\x22 x2=\x223\x22\
 y2=\x226\x22></line><\
line x1=\x2221\x22 y1=\
\x2214\x22 x2=\x223\x22 y2=\x22\
14\x22></line><line\
 x1=\x2218\x22 y1=\x2218\x22\
 x2=\x226\x22 y2=\x2218\x22>\
</line></svg>\
\x00\x00\x01b\
<\
svg xmlns=\x22http:\
//www.w3.org/200\
0/svg\x22 width=\x2224\
\x22 height=\x2224\x22 vi\
ewBox=\x220 0 24 24\
\x22 fill=\x22none\x22 st\
roke=\x22currentCol\
or\x22 stroke-width\
=\x222\x22 stroke-line\
cap=\x22round\x22 stro\
ke-linejoin=\x22rou\
nd\x22 class=\x22feath\
er feather-thumb\
s-up\x22><path d=\x22M\
14 9V5a3 3 0 0 0\
-3-3l-4 9v11h11.\
28a2 2 0 0 0 2-1\
.7l1.38-9a2 2 0 \
0 0-2-2.3zM7 22H\
4a2 2 0 0 1-2-2v\
-7a2 2 0 0 1 2-2\
h3\x22></path></svg\
>\
\x00\x00\x02\x05\
<\
svg xmlns=\x22http:\
//www.w3.org/200\
0/svg\x22 width=\x2224\
\x22 height=\x2224\x22 vi\
ewBox=\x220 0 24 24\
\x22 fill=\x22none\x22 st\
roke=\x22currentCol\
or\x22 stroke-width\
=\x222\x22 stroke-line\
cap=\x22round\x22 stro\
ke-linejoin=\x22rou\
nd\x22 class=\x22feath\
er feather-packa\
ge\x22><line x1=\x2216\
.5\x22 y1=\x229.4\x22 x2=\
\x227.5\x22 y2=\x224.21\x22>\
</line><path d=\x22\
M21 16V8a2 2 0 0\
 0-1-1.73l-7-4a2\
 2 0 0 0-2 0l-7 \
4A2 2 0 0 0 3 8v\
8a2 2 0 0 0 1 1.\
73l7 4a2 2 0 0 0\
 2 0l7-4A2 2 0 0\
 0 21 16z\x22></pat\
h><polyline poin\
ts=\x223.27 6.96 12\
 12.01 20.73 6.9\
6\x22></polyline><l\
ine x1=\x2212\x22 y1=\x22\
22.08\x22 x2=\x2212\x22 y\
2=\x2212\x22></line></\
svg>\
\x00\x00\x01\x86\
<\
svg xmlns=\x22http:\
//www.w3.org/200\
0/svg\x22 width=\x2224\
\x22 height=\x2224\x22 vi\
ewBox=\x220 0 24 24\
\x22 fill=\x22none\x22 st\
roke=\x22currentCol\
or\x22 stroke-width\
=\x222\x22 stroke-line\
cap=\x22round\x22 stro\
ke-linejoin=\x22rou\
nd\x22 class=\x22feath\
er feather-frown\
\x22><circle cx=\x2212\
\x22 cy=\x2212\x22 r=\x2210\x22\
></circle><path \
d=\x22M16 16s-1.5-2\
-4-2-4 2-4 2\x22></\
path><line x1=\x229\
\x22 y1=\x229\x22 x2=\x229.0\
1\x22 y2=\x229\x22></line\
><line x1=\x2215\x22 y\
1=\x229\x22 x2=\x2215.01\x22\
 y2=\x229\x22></line><\
/svg>\
\x00\x00\x01H\
<\
svg xmlns=\x22http:\
//www.w3.org/200\
0/svg\x22 width=\x2224\
\x22 height=\x2224\x22 vi\
ewBox=\x220 0 24 24\
\x22 fill=\x22none\x22 st\
roke=\x22currentCol\
or\x22 stroke-width\
=\x222\x22 stroke-line\
cap=\x22round\x22 stro\
ke-linejoin=\x22rou\
nd\x22 class=\x22feath\
er feather-trend\
ing-up\x22><polylin\
e points=\x2223 6 1\
3.5 15.5 8.5 10.\
5 1 18\x22></polyli\
ne><polyline poi\
nts=\x2217 6 23 6 2\
3 12\x22></polyline\
></svg>\
\x00\x00\x01u\
<\
svg xmlns=\x22http:\
//www.w3.org/200\
0/svg\x22 width=\x2224\
\x22 height=\x2224\x22 vi\
ewBox=\x220 0 24 24\
\x22 fill=\x22none\x22 st\
roke=\x22currentCol\
or\x22 stroke-width\
=\x222\x22 stroke-line\
cap=\x22round\x22 stro\
ke-linejoin=\x22rou\
nd\x22 class=\x22feath\
er feather-trell\
o\x22><rect x=\x223\x22 y\
=\x223\x22 width=\x2218\x22 \
height=\x2218\x22 rx=\x22\
2\x22 ry=\x222\x22></rect\
><rect x=\x227\x22 y=\x22\
7\x22 width=\x223\x22 hei\
ght=\x229\x22></rect><\
rect x=\x2214\x22 y=\x227\
\x22 width=\x223\x22 heig\
ht=\x225\x22></rect></\
svg>\
\x00\x00\x01\x8b\
<\
svg xmlns=\x22http:\
//www.w3.org/200\
0/svg\x22 width=\x2224\
\x22 height=\x2224\x22 vi\
ewBox=\x220 0 24 24\
\x22 fill=\x22none\x22 st\
roke=\x22currentCol\
or\x22 stroke-width\
=\x222\x22 stroke-line\
cap=\x22round\x22 stro\
ke-linejoin=\x22rou\
nd\x22 class=\x22feath\
er feather-headp\
hones\x22><path d=\x22\
M3 18v-6a9 9 0 0\
 1 18 0v6\x22></pat\
h><path d=\x22M21 1\
9a2 2 0 0 1-2 2h\
-1a2 2 0 0 1-2-2\
v-3a2 2 0 0 1 2-\
2h3zM3 19a2 2 0 \
0 0 2 2h1a2 2 0 \
0 0 2-2v-3a2 2 0\
 0 0-2-2H3z\x22></p\
ath></svg>\
\x00\x00\x019\
<\
svg xmlns=\x22http:\
//www.w3.org/200\
0/svg\x22 width=\x2224\
\x22 height=\x2224\x22 vi\
ewBox=\x220 0 24 24\
\x22 fill=\x22none\x22 st\
roke=\x22currentCol\
or\x22 stroke-width\
=\x222\x22 stroke-line\
cap=\x22round\x22 stro\
ke-linejoin=\x22rou\
nd\x22 class=\x22feath\
er feather-corne\
r-right-up\x22><pol\
yline points=\x2210\
 9 15 4 20 9\x22></\
polyline><path d\
=\x22M4 20h7a4 4 0 \
0 0 4-4V4\x22></pat\
h></svg>\
\x00\x00\x01\xb5\
<\
svg xmlns=\x22http:\
//www.w3.org/200\
0/svg\x22 width=\x2224\
\x22 height=\x2224\x22 vi\
ewBox=\x220 0 24 24\
\x22 fill=\x22none\x22 st\
roke=\x22currentCol\
or\x22 stroke-width\
=\x222\x22 stroke-line\
cap=\x22round\x22 stro\
ke-linejoin=\x22rou\
nd\x22 class=\x22feath\
er feather-cross\
hair\x22><circle cx\
=\x2212\x22 cy=\x2212\x22 r=\
\x2210\x22></circle><l\
ine x1=\x2222\x22 y1=\x22\
12\x22 x2=\x2218\x22 y2=\x22\
12\x22></line><line\
 x1=\x226\x22 y1=\x2212\x22 \
x2=\x222\x22 y2=\x2212\x22><\
/line><line x1=\x22\
12\x22 y1=\x226\x22 x2=\x221\
2\x22 y2=\x222\x22></line\
><line x1=\x2212\x22 y\
1=\x2222\x22 x2=\x2212\x22 y\
2=\x2218\x22></line></\
svg>\
\x00\x00\x01\x83\
<\
svg xmlns=\x22http:\
//www.w3.org/200\
0/svg\x22 width=\x2224\
\x22 height=\x2224\x22 vi\
ewBox=\x220 0 24 24\
\x22 fill=\x22none\x22 st\
roke=\x22currentCol\
or\x22 stroke-width\
=\x222\x22 stroke-line\
cap=\x22round\x22 stro\
ke-linejoin=\x22rou\
nd\x22 class=\x22feath\
er feather-downl\
oad-cloud\x22><poly\
line points=\x228 1\
7 12 21 16 17\x22><\
/polyline><line \
x1=\x2212\x22 y1=\x2212\x22 \
x2=\x2212\x22 y2=\x2221\x22>\
</line><path d=\x22\
M20.88 18.09A5 5\
 0 0 0 18 9h-1.2\
6A8 8 0 1 0 3 16\
.29\x22></path></sv\
g>\
\x00\x00\x01g\
<\
svg xmlns=\x22http:\
//www.w3.org/200\
0/svg\x22 width=\x2224\
\x22 height=\x2224\x22 vi\
ewBox=\x220 0 24 24\
\x22 fill=\x22none\x22 st\
roke=\x22currentCol\
or\x22 stroke-width\
=\x222\x22 stroke-line\
cap=\x22round\x22 stro\
ke-linejoin=\x22rou\
nd\x22 class=\x22feath\
er feather-arrow\
-left-circle\x22><c\
ircle cx=\x2212\x22 cy\
=\x2212\x22 r=\x2210\x22></c\
ircle><polyline \
points=\x2212 8 8 1\
2 12 16\x22></polyl\
ine><line x1=\x2216\
\x22 y1=\x2212\x22 x2=\x228\x22\
 y2=\x2212\x22></line>\
</svg>\
\x00\x00\x01Y\
<\
svg xmlns=\x22http:\
//www.w3.org/200\
0/svg\x22 width=\x2224\
\x22 height=\x2224\x22 vi\
ewBox=\x220 0 24 24\
\x22 fill=\x22none\x22 st\
roke=\x22currentCol\
or\x22 stroke-width\
=\x222\x22 stroke-line\
cap=\x22round\x22 stro\
ke-linejoin=\x22rou\
nd\x22 class=\x22feath\
er feather-check\
-square\x22><polyli\
ne points=\x229 11 \
12 14 22 4\x22></po\
lyline><path d=\x22\
M21 12v7a2 2 0 0\
 1-2 2H5a2 2 0 0\
 1-2-2V5a2 2 0 0\
 1 2-2h11\x22></pat\
h></svg>\
\x00\x00\x01\x9a\
<\
svg xmlns=\x22http:\
//www.w3.org/200\
0/svg\x22 width=\x2224\
\x22 height=\x2224\x22 vi\
ewBox=\x220 0 24 24\
\x22 fill=\x22none\x22 st\
roke=\x22currentCol\
or\x22 stroke-width\
=\x222\x22 stroke-line\
cap=\x22round\x22 stro\
ke-linejoin=\x22rou\
nd\x22 class=\x22feath\
er feather-calen\
dar\x22><rect x=\x223\x22\
 y=\x224\x22 width=\x2218\
\x22 height=\x2218\x22 rx\
=\x222\x22 ry=\x222\x22></re\
ct><line x1=\x2216\x22\
 y1=\x222\x22 x2=\x2216\x22 \
y2=\x226\x22></line><l\
ine x1=\x228\x22 y1=\x222\
\x22 x2=\x228\x22 y2=\x226\x22>\
</line><line x1=\
\x223\x22 y1=\x2210\x22 x2=\x22\
21\x22 y2=\x2210\x22></li\
ne></svg>\
\x00\x00\x05\x92\
<\
?xml version=\x221.\
0\x22 encoding=\x22UTF\
-8\x22 standalone=\x22\
no\x22?>\x0d\x0a<svg\x0d\x0a   \
width=\x2224\x22\x0d\x0a   h\
eight=\x2224\x22\x0d\x0a   v\
iewBox=\x220 0 24 2\
4\x22\x0d\x0a   fill=\x22non\
e\x22\x0d\x0a   stroke=\x22c\
urrentColor\x22\x0d\x0a  \
 stroke-width=\x222\
\x22\x0d\x0a   stroke-lin\
ecap=\x22round\x22\x0d\x0a  \
 stroke-linejoin\
=\x22round\x22\x0d\x0a   cla\
ss=\x22feather feat\
her-user\x22\x0d\x0a   ve\
rsion=\x221.1\x22\x0d\x0a   \
id=\x22svg1\x22\x0d\x0a   so\
dipodi:docname=\x22\
user.svg\x22\x0d\x0a   in\
kscape:version=\x22\
1.4 (86a8ad7, 20\
24-10-11)\x22\x0d\x0a   x\
mlns:inkscape=\x22h\
ttp://www.inksca\
pe.org/namespace\
s/inkscape\x22\x0d\x0a   \
xmlns:sodipodi=\x22\
http://sodipodi.\
sourceforge.net/\
DTD/sodipodi-0.d\
td\x22\x0d\x0a   xmlns=\x22h\
ttp://www.w3.org\
/2000/svg\x22\x0d\x0a   x\
mlns:svg=\x22http:/\
/www.w3.org/2000\
/svg\x22>\x0d\x0a  <defs\x0d\
\x0a     id=\x22defs1\x22\
 />\x0d\x0a  <sodipodi\
:namedview\x0d\x0a    \
 id=\x22namedview1\x22\
\x0d\x0a     pagecolor\
=\x22#ffffff\x22\x0d\x0a    \
 bordercolor=\x22#0\
00000\x22\x0d\x0a     bor\
deropacity=\x220.25\
\x22\x0d\x0a     inkscape\
:showpageshadow=\
\x222\x22\x0d\x0a     inksca\
pe:pageopacity=\x22\
0.0\x22\x0d\x0a     inksc\
ape:pagecheckerb\
oard=\x220\x22\x0d\x0a     i\
nkscape:deskcolo\
r=\x22#d1d1d1\x22\x0d\x0a   \
  inkscape:zoom=\
\x2233.625\x22\x0d\x0a     i\
nkscape:cx=\x2212\x22\x0d\
\x0a     inkscape:c\
y=\x2212\x22\x0d\x0a     ink\
scape:window-wid\
th=\x221920\x22\x0d\x0a     \
inkscape:window-\
height=\x221009\x22\x0d\x0a \
    inkscape:win\
dow-x=\x22-8\x22\x0d\x0a    \
 inkscape:window\
-y=\x22-8\x22\x0d\x0a     in\
kscape:window-ma\
ximized=\x221\x22\x0d\x0a   \
  inkscape:curre\
nt-layer=\x22svg1\x22 \
/>\x0d\x0a  <path\x0d\x0a   \
  d=\x22M20 21v-2a4\
 4 0 0 0-4-4H8a4\
 4 0 0 0-4 4v2\x22\x0d\
\x0a     id=\x22path1\x22\
\x0d\x0a     style=\x22st\
roke:#ffffff;str\
oke-opacity:1\x22 /\
>\x0d\x0a  <circle\x0d\x0a  \
   cx=\x2212\x22\x0d\x0a    \
 cy=\x227\x22\x0d\x0a     r=\
\x224\x22\x0d\x0a     id=\x22ci\
rcle1\x22\x0d\x0a     sty\
le=\x22stroke:#ffff\
ff;stroke-opacit\
y:1\x22 />\x0d\x0a</svg>\x0d\
\x0a\
\x00\x00\x01f\
<\
svg xmlns=\x22http:\
//www.w3.org/200\
0/svg\x22 width=\x2224\
\x22 height=\x2224\x22 vi\
ewBox=\x220 0 24 24\
\x22 fill=\x22none\x22 st\
roke=\x22currentCol\
or\x22 stroke-width\
=\x222\x22 stroke-line\
cap=\x22round\x22 stro\
ke-linejoin=\x22rou\
nd\x22 class=\x22feath\
er feather-hexag\
on\x22><path d=\x22M21\
 16V8a2 2 0 0 0-\
1-1.73l-7-4a2 2 \
0 0 0-2 0l-7 4A2\
 2 0 0 0 3 8v8a2\
 2 0 0 0 1 1.73l\
7 4a2 2 0 0 0 2 \
0l7-4A2 2 0 0 0 \
21 16z\x22></path><\
/svg>\
\x00\x00\x01\x87\
<\
svg xmlns=\x22http:\
//www.w3.org/200\
0/svg\x22 width=\x2224\
\x22 height=\x2224\x22 vi\
ewBox=\x220 0 24 24\
\x22 fill=\x22none\x22 st\
roke=\x22currentCol\
or\x22 stroke-width\
=\x222\x22 stroke-line\
cap=\x22round\x22 stro\
ke-linejoin=\x22rou\
nd\x22 class=\x22feath\
er feather-pen-t\
ool\x22><path d=\x22M1\
2 19l7-7 3 3-7 7\
-3-3z\x22></path><p\
ath d=\x22M18 13l-1\
.5-7.5L2 2l3.5 1\
4.5L13 18l5-5z\x22>\
</path><path d=\x22\
M2 2l7.586 7.586\
\x22></path><circle\
 cx=\x2211\x22 cy=\x2211\x22\
 r=\x222\x22></circle>\
</svg>\
\x00\x00\x01q\
<\
svg xmlns=\x22http:\
//www.w3.org/200\
0/svg\x22 width=\x2224\
\x22 height=\x2224\x22 vi\
ewBox=\x220 0 24 24\
\x22 fill=\x22none\x22 st\
roke=\x22currentCol\
or\x22 stroke-width\
=\x222\x22 stroke-line\
cap=\x22round\x22 stro\
ke-linejoin=\x22rou\
nd\x22 class=\x22feath\
er feather-image\
\x22><rect x=\x223\x22 y=\
\x223\x22 width=\x2218\x22 h\
eight=\x2218\x22 rx=\x222\
\x22 ry=\x222\x22></rect>\
<circle cx=\x228.5\x22\
 cy=\x228.5\x22 r=\x221.5\
\x22></circle><poly\
line points=\x2221 \
15 16 10 5 21\x22><\
/polyline></svg>\
\
\x00\x00\x01\x7f\
<\
svg xmlns=\x22http:\
//www.w3.org/200\
0/svg\x22 width=\x2224\
\x22 height=\x2224\x22 vi\
ewBox=\x220 0 24 24\
\x22 fill=\x22none\x22 st\
roke=\x22currentCol\
or\x22 stroke-width\
=\x222\x22 stroke-line\
cap=\x22round\x22 stro\
ke-linejoin=\x22rou\
nd\x22 class=\x22feath\
er feather-shopp\
ing-cart\x22><circl\
e cx=\x229\x22 cy=\x2221\x22\
 r=\x221\x22></circle>\
<circle cx=\x2220\x22 \
cy=\x2221\x22 r=\x221\x22></\
circle><path d=\x22\
M1 1h4l2.68 13.3\
9a2 2 0 0 0 2 1.\
61h9.72a2 2 0 0 \
0 2-1.61L23 6H6\x22\
></path></svg>\
\x00\x00\x01\x83\
<\
svg xmlns=\x22http:\
//www.w3.org/200\
0/svg\x22 width=\x2224\
\x22 height=\x2224\x22 vi\
ewBox=\x220 0 24 24\
\x22 fill=\x22none\x22 st\
roke=\x22currentCol\
or\x22 stroke-width\
=\x222\x22 stroke-line\
cap=\x22round\x22 stro\
ke-linejoin=\x22rou\
nd\x22 class=\x22feath\
er feather-file-\
minus\x22><path d=\x22\
M14 2H6a2 2 0 0 \
0-2 2v16a2 2 0 0\
 0 2 2h12a2 2 0 \
0 0 2-2V8z\x22></pa\
th><polyline poi\
nts=\x2214 2 14 8 2\
0 8\x22></polyline>\
<line x1=\x229\x22 y1=\
\x2215\x22 x2=\x2215\x22 y2=\
\x2215\x22></line></sv\
g>\
\x00\x00\x05\x1b\
<\
?xml version=\x221.\
0\x22 encoding=\x22UTF\
-8\x22 standalone=\x22\
no\x22?>\x0d\x0a<svg\x0d\x0a   \
width=\x2224\x22\x0d\x0a   h\
eight=\x2224\x22\x0d\x0a   v\
iewBox=\x220 0 24 2\
4\x22\x0d\x0a   fill=\x22non\
e\x22\x0d\x0a   stroke=\x22c\
urrentColor\x22\x0d\x0a  \
 stroke-width=\x222\
\x22\x0d\x0a   stroke-lin\
ecap=\x22round\x22\x0d\x0a  \
 stroke-linejoin\
=\x22round\x22\x0d\x0a   cla\
ss=\x22feather feat\
her-circle\x22\x0d\x0a   \
version=\x221.1\x22\x0d\x0a \
  id=\x22svg1\x22\x0d\x0a   \
sodipodi:docname\
=\x22circle.svg\x22\x0d\x0a \
  inkscape:versi\
on=\x221.4.3 (0d15f\
75, 2025-12-25)\x22\
\x0d\x0a   xmlns:inksc\
ape=\x22http://www.\
inkscape.org/nam\
espaces/inkscape\
\x22\x0d\x0a   xmlns:sodi\
podi=\x22http://sod\
ipodi.sourceforg\
e.net/DTD/sodipo\
di-0.dtd\x22\x0d\x0a   xm\
lns=\x22http://www.\
w3.org/2000/svg\x22\
\x0d\x0a   xmlns:svg=\x22\
http://www.w3.or\
g/2000/svg\x22>\x0d\x0a  \
<defs\x0d\x0a     id=\x22\
defs1\x22 />\x0d\x0a  <so\
dipodi:namedview\
\x0d\x0a     id=\x22named\
view1\x22\x0d\x0a     pag\
ecolor=\x22#ffffff\x22\
\x0d\x0a     bordercol\
or=\x22#000000\x22\x0d\x0a  \
   borderopacity\
=\x220.25\x22\x0d\x0a     in\
kscape:showpages\
hadow=\x222\x22\x0d\x0a     \
inkscape:pageopa\
city=\x220.0\x22\x0d\x0a    \
 inkscape:pagech\
eckerboard=\x220\x22\x0d\x0a\
     inkscape:de\
skcolor=\x22#d1d1d1\
\x22\x0d\x0a     inkscape\
:zoom=\x2233.625\x22\x0d\x0a\
     inkscape:cx\
=\x2212\x22\x0d\x0a     inks\
cape:cy=\x2212\x22\x0d\x0a  \
   inkscape:wind\
ow-width=\x221920\x22\x0d\
\x0a     inkscape:w\
indow-height=\x2210\
09\x22\x0d\x0a     inksca\
pe:window-x=\x22-8\x22\
\x0d\x0a     inkscape:\
window-y=\x22-8\x22\x0d\x0a \
    inkscape:win\
dow-maximized=\x221\
\x22\x0d\x0a     inkscape\
:current-layer=\x22\
svg1\x22 />\x0d\x0a  <cir\
cle\x0d\x0a     cx=\x2212\
\x22\x0d\x0a     cy=\x2212\x22\x0d\
\x0a     r=\x2210\x22\x0d\x0a  \
   id=\x22circle1\x22\x0d\
\x0a     style=\x22str\
oke:#ffffff;stro\
ke-opacity:1\x22 />\
\x0d\x0a</svg>\x0d\x0a\
\x00\x00\x06=\
<\
?xml version=\x221.\
0\x22 encoding=\x22UTF\
-8\x22 standalone=\x22\
no\x22?>\x0d\x0a<svg\x0d\x0a   \
width=\x2224\x22\x0d\x0a   h\
eight=\x2224\x22\x0d\x0a   v\
iewBox=\x220 0 24 2\
4\x22\x0d\x0a   fill=\x22non\
e\x22\x0d\x0a   stroke=\x22c\
urrentColor\x22\x0d\x0a  \
 stroke-width=\x222\
\x22\x0d\x0a   stroke-lin\
ecap=\x22round\x22\x0d\x0a  \
 stroke-linejoin\
=\x22round\x22\x0d\x0a   cla\
ss=\x22feather feat\
her-printer\x22\x0d\x0a  \
 version=\x221.1\x22\x0d\x0a\
   id=\x22svg1\x22\x0d\x0a  \
 sodipodi:docnam\
e=\x22printer.svg\x22\x0d\
\x0a   inkscape:ver\
sion=\x221.4 (86a8a\
d7, 2024-10-11)\x22\
\x0d\x0a   xmlns:inksc\
ape=\x22http://www.\
inkscape.org/nam\
espaces/inkscape\
\x22\x0d\x0a   xmlns:sodi\
podi=\x22http://sod\
ipodi.sourceforg\
e.net/DTD/sodipo\
di-0.dtd\x22\x0d\x0a   xm\
lns=\x22http://www.\
w3.org/2000/svg\x22\
\x0d\x0a   xmlns:svg=\x22\
http://www.w3.or\
g/2000/svg\x22>\x0d\x0a  \
<defs\x0d\x0a     id=\x22\
defs1\x22 />\x0d\x0a  <so\
dipodi:namedview\
\x0d\x0a     id=\x22named\
view1\x22\x0d\x0a     pag\
ecolor=\x22#ffffff\x22\
\x0d\x0a     bordercol\
or=\x22#000000\x22\x0d\x0a  \
   borderopacity\
=\x220.25\x22\x0d\x0a     in\
kscape:showpages\
hadow=\x222\x22\x0d\x0a     \
inkscape:pageopa\
city=\x220.0\x22\x0d\x0a    \
 inkscape:pagech\
eckerboard=\x220\x22\x0d\x0a\
     inkscape:de\
skcolor=\x22#d1d1d1\
\x22\x0d\x0a     inkscape\
:zoom=\x2233.625\x22\x0d\x0a\
     inkscape:cx\
=\x2212\x22\x0d\x0a     inks\
cape:cy=\x2212\x22\x0d\x0a  \
   inkscape:wind\
ow-width=\x221920\x22\x0d\
\x0a     inkscape:w\
indow-height=\x2210\
09\x22\x0d\x0a     inksca\
pe:window-x=\x22-8\x22\
\x0d\x0a     inkscape:\
window-y=\x22-8\x22\x0d\x0a \
    inkscape:win\
dow-maximized=\x221\
\x22\x0d\x0a     inkscape\
:current-layer=\x22\
svg1\x22 />\x0d\x0a  <pol\
yline\x0d\x0a     poin\
ts=\x226 9 6 2 18 2\
 18 9\x22\x0d\x0a     id=\
\x22polyline1\x22\x0d\x0a   \
  style=\x22stroke:\
#ffffff;stroke-o\
pacity:1\x22 />\x0d\x0a  \
<path\x0d\x0a     d=\x22M\
6 18H4a2 2 0 0 1\
-2-2v-5a2 2 0 0 \
1 2-2h16a2 2 0 0\
 1 2 2v5a2 2 0 0\
 1-2 2h-2\x22\x0d\x0a    \
 id=\x22path1\x22\x0d\x0a   \
  style=\x22stroke:\
#ffffff;stroke-o\
pacity:1\x22 />\x0d\x0a  \
<rect\x0d\x0a     x=\x226\
\x22\x0d\x0a     y=\x2214\x22\x0d\x0a\
     width=\x2212\x22\x0d\
\x0a     height=\x228\x22\
\x0d\x0a     id=\x22rect1\
\x22\x0d\x0a     style=\x22s\
troke:#ffffff;st\
roke-opacity:1\x22 \
/>\x0d\x0a</svg>\x0d\x0a\
\x00\x00\x025\
<\
svg xmlns=\x22http:\
//www.w3.org/200\
0/svg\x22 width=\x2224\
\x22 height=\x2224\x22 vi\
ewBox=\x220 0 24 24\
\x22 fill=\x22none\x22 st\
roke=\x22currentCol\
or\x22 stroke-width\
=\x222\x22 stroke-line\
cap=\x22round\x22 stro\
ke-linejoin=\x22rou\
nd\x22 class=\x22feath\
er feather-youtu\
be\x22><path d=\x22M22\
.54 6.42a2.78 2.\
78 0 0 0-1.94-2C\
18.88 4 12 4 12 \
4s-6.88 0-8.6.46\
a2.78 2.78 0 0 0\
-1.94 2A29 29 0 \
0 0 1 11.75a29 2\
9 0 0 0 .46 5.33\
A2.78 2.78 0 0 0\
 3.4 19c1.72.46 \
8.6.46 8.6.46s6.\
88 0 8.6-.46a2.7\
8 2.78 0 0 0 1.9\
4-2 29 29 0 0 0 \
.46-5.25 29 29 0\
 0 0-.46-5.33z\x22>\
</path><polygon \
points=\x229.75 15.\
02 15.5 11.75 9.\
75 8.48 9.75 15.\
02\x22></polygon></\
svg>\
\x00\x00\x03\xe7\
<\
svg xmlns=\x22http:\
//www.w3.org/200\
0/svg\x22 width=\x2224\
\x22 height=\x2224\x22 vi\
ewBox=\x220 0 24 24\
\x22 fill=\x22none\x22 st\
roke=\x22currentCol\
or\x22 stroke-width\
=\x222\x22 stroke-line\
cap=\x22round\x22 stro\
ke-linejoin=\x22rou\
nd\x22 class=\x22feath\
er feather-slack\
\x22><path d=\x22M14.5\
 10c-.83 0-1.5-.\
67-1.5-1.5v-5c0-\
.83.67-1.5 1.5-1\
.5s1.5.67 1.5 1.\
5v5c0 .83-.67 1.\
5-1.5 1.5z\x22></pa\
th><path d=\x22M20.\
5 10H19V8.5c0-.8\
3.67-1.5 1.5-1.5\
s1.5.67 1.5 1.5-\
.67 1.5-1.5 1.5z\
\x22></path><path d\
=\x22M9.5 14c.83 0 \
1.5.67 1.5 1.5v5\
c0 .83-.67 1.5-1\
.5 1.5S8 21.33 8\
 20.5v-5c0-.83.6\
7-1.5 1.5-1.5z\x22>\
</path><path d=\x22\
M3.5 14H5v1.5c0 \
.83-.67 1.5-1.5 \
1.5S2 16.33 2 15\
.5 2.67 14 3.5 1\
4z\x22></path><path\
 d=\x22M14 14.5c0-.\
83.67-1.5 1.5-1.\
5h5c.83 0 1.5.67\
 1.5 1.5s-.67 1.\
5-1.5 1.5h-5c-.8\
3 0-1.5-.67-1.5-\
1.5z\x22></path><pa\
th d=\x22M15.5 19H1\
4v1.5c0 .83.67 1\
.5 1.5 1.5s1.5-.\
67 1.5-1.5-.67-1\
.5-1.5-1.5z\x22></p\
ath><path d=\x22M10\
 9.5C10 8.67 9.3\
3 8 8.5 8h-5C2.6\
7 8 2 8.67 2 9.5\
S2.67 11 3.5 11h\
5c.83 0 1.5-.67 \
1.5-1.5z\x22></path\
><path d=\x22M8.5 5\
H10V3.5C10 2.67 \
9.33 2 8.5 2S7 2\
.67 7 3.5 7.67 5\
 8.5 5z\x22></path>\
</svg>\
\x00\x00\x01y\
<\
svg xmlns=\x22http:\
//www.w3.org/200\
0/svg\x22 width=\x2224\
\x22 height=\x2224\x22 vi\
ewBox=\x220 0 24 24\
\x22 fill=\x22none\x22 st\
roke=\x22currentCol\
or\x22 stroke-width\
=\x222\x22 stroke-line\
cap=\x22round\x22 stro\
ke-linejoin=\x22rou\
nd\x22 class=\x22feath\
er feather-git-b\
ranch\x22><line x1=\
\x226\x22 y1=\x223\x22 x2=\x226\
\x22 y2=\x2215\x22></line\
><circle cx=\x2218\x22\
 cy=\x226\x22 r=\x223\x22></\
circle><circle c\
x=\x226\x22 cy=\x2218\x22 r=\
\x223\x22></circle><pa\
th d=\x22M18 9a9 9 \
0 0 1-9 9\x22></pat\
h></svg>\
\x00\x00\x01\x17\
<\
svg xmlns=\x22http:\
//www.w3.org/200\
0/svg\x22 width=\x2224\
\x22 height=\x2224\x22 vi\
ewBox=\x220 0 24 24\
\x22 fill=\x22none\x22 st\
roke=\x22currentCol\
or\x22 stroke-width\
=\x222\x22 stroke-line\
cap=\x22round\x22 stro\
ke-linejoin=\x22rou\
nd\x22 class=\x22feath\
er feather-shiel\
d\x22><path d=\x22M12 \
22s8-4 8-10V5l-8\
-3-8 3v7c0 6 8 1\
0 8 10z\x22></path>\
</svg>\
\x00\x00\x01s\
<\
svg xmlns=\x22http:\
//www.w3.org/200\
0/svg\x22 width=\x2224\
\x22 height=\x2224\x22 vi\
ewBox=\x220 0 24 24\
\x22 fill=\x22none\x22 st\
roke=\x22currentCol\
or\x22 stroke-width\
=\x222\x22 stroke-line\
cap=\x22round\x22 stro\
ke-linejoin=\x22rou\
nd\x22 class=\x22feath\
er feather-heart\
\x22><path d=\x22M20.8\
4 4.61a5.5 5.5 0\
 0 0-7.78 0L12 5\
.67l-1.06-1.06a5\
.5 5.5 0 0 0-7.7\
8 7.78l1.06 1.06\
L12 21.23l7.78-7\
.78 1.06-1.06a5.\
5 5.5 0 0 0 0-7.\
78z\x22></path></sv\
g>\
\x00\x00\x01V\
<\
svg xmlns=\x22http:\
//www.w3.org/200\
0/svg\x22 width=\x2224\
\x22 height=\x2224\x22 vi\
ewBox=\x220 0 24 24\
\x22 fill=\x22none\x22 st\
roke=\x22currentCol\
or\x22 stroke-width\
=\x222\x22 stroke-line\
cap=\x22round\x22 stro\
ke-linejoin=\x22rou\
nd\x22 class=\x22feath\
er feather-compa\
ss\x22><circle cx=\x22\
12\x22 cy=\x2212\x22 r=\x221\
0\x22></circle><pol\
ygon points=\x2216.\
24 7.76 14.12 14\
.12 7.76 16.24 9\
.88 9.88 16.24 7\
.76\x22></polygon><\
/svg>\
\x00\x00\x02\x9b\
<\
svg xmlns=\x22http:\
//www.w3.org/200\
0/svg\x22 width=\x2224\
\x22 height=\x2224\x22 vi\
ewBox=\x220 0 24 24\
\x22 fill=\x22none\x22 st\
roke=\x22currentCol\
or\x22 stroke-width\
=\x222\x22 stroke-line\
cap=\x22round\x22 stro\
ke-linejoin=\x22rou\
nd\x22 class=\x22feath\
er feather-cpu\x22>\
<rect x=\x224\x22 y=\x224\
\x22 width=\x2216\x22 hei\
ght=\x2216\x22 rx=\x222\x22 \
ry=\x222\x22></rect><r\
ect x=\x229\x22 y=\x229\x22 \
width=\x226\x22 height\
=\x226\x22></rect><lin\
e x1=\x229\x22 y1=\x221\x22 \
x2=\x229\x22 y2=\x224\x22></\
line><line x1=\x221\
5\x22 y1=\x221\x22 x2=\x2215\
\x22 y2=\x224\x22></line>\
<line x1=\x229\x22 y1=\
\x2220\x22 x2=\x229\x22 y2=\x22\
23\x22></line><line\
 x1=\x2215\x22 y1=\x2220\x22\
 x2=\x2215\x22 y2=\x2223\x22\
></line><line x1\
=\x2220\x22 y1=\x229\x22 x2=\
\x2223\x22 y2=\x229\x22></li\
ne><line x1=\x2220\x22\
 y1=\x2214\x22 x2=\x2223\x22\
 y2=\x2214\x22></line>\
<line x1=\x221\x22 y1=\
\x229\x22 x2=\x224\x22 y2=\x229\
\x22></line><line x\
1=\x221\x22 y1=\x2214\x22 x2\
=\x224\x22 y2=\x2214\x22></l\
ine></svg>\
\x00\x00\x01\x94\
<\
svg xmlns=\x22http:\
//www.w3.org/200\
0/svg\x22 width=\x2224\
\x22 height=\x2224\x22 vi\
ewBox=\x220 0 24 24\
\x22 fill=\x22none\x22 st\
roke=\x22currentCol\
or\x22 stroke-width\
=\x222\x22 stroke-line\
cap=\x22round\x22 stro\
ke-linejoin=\x22rou\
nd\x22 class=\x22feath\
er feather-user-\
x\x22><path d=\x22M16 \
21v-2a4 4 0 0 0-\
4-4H5a4 4 0 0 0-\
4 4v2\x22></path><c\
ircle cx=\x228.5\x22 c\
y=\x227\x22 r=\x224\x22></ci\
rcle><line x1=\x221\
8\x22 y1=\x228\x22 x2=\x2223\
\x22 y2=\x2213\x22></line\
><line x1=\x2223\x22 y\
1=\x228\x22 x2=\x2218\x22 y2\
=\x2213\x22></line></s\
vg>\
\x00\x00\x01m\
<\
svg xmlns=\x22http:\
//www.w3.org/200\
0/svg\x22 width=\x2224\
\x22 height=\x2224\x22 vi\
ewBox=\x220 0 24 24\
\x22 fill=\x22none\x22 st\
roke=\x22currentCol\
or\x22 stroke-width\
=\x222\x22 stroke-line\
cap=\x22round\x22 stro\
ke-linejoin=\x22rou\
nd\x22 class=\x22feath\
er feather-uploa\
d\x22><path d=\x22M21 \
15v4a2 2 0 0 1-2\
 2H5a2 2 0 0 1-2\
-2v-4\x22></path><p\
olyline points=\x22\
17 8 12 3 7 8\x22><\
/polyline><line \
x1=\x2212\x22 y1=\x223\x22 x\
2=\x2212\x22 y2=\x2215\x22><\
/line></svg>\
\x00\x00\x01e\
<\
svg xmlns=\x22http:\
//www.w3.org/200\
0/svg\x22 width=\x2224\
\x22 height=\x2224\x22 vi\
ewBox=\x220 0 24 24\
\x22 fill=\x22none\x22 st\
roke=\x22currentCol\
or\x22 stroke-width\
=\x222\x22 stroke-line\
cap=\x22round\x22 stro\
ke-linejoin=\x22rou\
nd\x22 class=\x22feath\
er feather-arrow\
-up-circle\x22><cir\
cle cx=\x2212\x22 cy=\x22\
12\x22 r=\x2210\x22></cir\
cle><polyline po\
ints=\x2216 12 12 8\
 8 12\x22></polylin\
e><line x1=\x2212\x22 \
y1=\x2216\x22 x2=\x2212\x22 \
y2=\x228\x22></line></\
svg>\
\x00\x00\x019\
<\
svg xmlns=\x22http:\
//www.w3.org/200\
0/svg\x22 width=\x2224\
\x22 height=\x2224\x22 vi\
ewBox=\x220 0 24 24\
\x22 fill=\x22none\x22 st\
roke=\x22currentCol\
or\x22 stroke-width\
=\x222\x22 stroke-line\
cap=\x22round\x22 stro\
ke-linejoin=\x22rou\
nd\x22 class=\x22feath\
er feather-skip-\
back\x22><polygon p\
oints=\x2219 20 9 1\
2 19 4 19 20\x22></\
polygon><line x1\
=\x225\x22 y1=\x2219\x22 x2=\
\x225\x22 y2=\x225\x22></lin\
e></svg>\
\x00\x00\x02c\
<\
svg xmlns=\x22http:\
//www.w3.org/200\
0/svg\x22 width=\x2224\
\x22 height=\x2224\x22 vi\
ewBox=\x220 0 24 24\
\x22 fill=\x22none\x22 st\
roke=\x22currentCol\
or\x22 stroke-width\
=\x222\x22 stroke-line\
cap=\x22round\x22 stro\
ke-linejoin=\x22rou\
nd\x22 class=\x22feath\
er feather-slide\
rs\x22><line x1=\x224\x22\
 y1=\x2221\x22 x2=\x224\x22 \
y2=\x2214\x22></line><\
line x1=\x224\x22 y1=\x22\
10\x22 x2=\x224\x22 y2=\x223\
\x22></line><line x\
1=\x2212\x22 y1=\x2221\x22 x\
2=\x2212\x22 y2=\x2212\x22><\
/line><line x1=\x22\
12\x22 y1=\x228\x22 x2=\x221\
2\x22 y2=\x223\x22></line\
><line x1=\x2220\x22 y\
1=\x2221\x22 x2=\x2220\x22 y\
2=\x2216\x22></line><l\
ine x1=\x2220\x22 y1=\x22\
12\x22 x2=\x2220\x22 y2=\x22\
3\x22></line><line \
x1=\x221\x22 y1=\x2214\x22 x\
2=\x227\x22 y2=\x2214\x22></\
line><line x1=\x229\
\x22 y1=\x228\x22 x2=\x2215\x22\
 y2=\x228\x22></line><\
line x1=\x2217\x22 y1=\
\x2216\x22 x2=\x2223\x22 y2=\
\x2216\x22></line></sv\
g>\
\x00\x00\x05\x1f\
<\
?xml version=\x221.\
0\x22 encoding=\x22UTF\
-8\x22 standalone=\x22\
no\x22?>\x0d\x0a<svg\x0d\x0a   \
width=\x2224\x22\x0d\x0a   h\
eight=\x2224\x22\x0d\x0a   v\
iewBox=\x220 0 24 2\
4\x22\x0d\x0a   fill=\x22non\
e\x22\x0d\x0a   stroke=\x22c\
urrentColor\x22\x0d\x0a  \
 stroke-width=\x222\
\x22\x0d\x0a   stroke-lin\
ecap=\x22round\x22\x0d\x0a  \
 stroke-linejoin\
=\x22round\x22\x0d\x0a   cla\
ss=\x22feather feat\
her-chevron-left\
\x22\x0d\x0a   version=\x221\
.1\x22\x0d\x0a   id=\x22svg1\
\x22\x0d\x0a   sodipodi:d\
ocname=\x22chevron-\
left.svg\x22\x0d\x0a   in\
kscape:version=\x22\
1.4 (86a8ad7, 20\
24-10-11)\x22\x0d\x0a   x\
mlns:inkscape=\x22h\
ttp://www.inksca\
pe.org/namespace\
s/inkscape\x22\x0d\x0a   \
xmlns:sodipodi=\x22\
http://sodipodi.\
sourceforge.net/\
DTD/sodipodi-0.d\
td\x22\x0d\x0a   xmlns=\x22h\
ttp://www.w3.org\
/2000/svg\x22\x0d\x0a   x\
mlns:svg=\x22http:/\
/www.w3.org/2000\
/svg\x22>\x0d\x0a  <defs\x0d\
\x0a     id=\x22defs1\x22\
 />\x0d\x0a  <sodipodi\
:namedview\x0d\x0a    \
 id=\x22namedview1\x22\
\x0d\x0a     pagecolor\
=\x22#ffffff\x22\x0d\x0a    \
 bordercolor=\x22#0\
00000\x22\x0d\x0a     bor\
deropacity=\x220.25\
\x22\x0d\x0a     inkscape\
:showpageshadow=\
\x222\x22\x0d\x0a     inksca\
pe:pageopacity=\x22\
0.0\x22\x0d\x0a     inksc\
ape:pagecheckerb\
oard=\x220\x22\x0d\x0a     i\
nkscape:deskcolo\
r=\x22#d1d1d1\x22\x0d\x0a   \
  inkscape:zoom=\
\x2233.625\x22\x0d\x0a     i\
nkscape:cx=\x2212\x22\x0d\
\x0a     inkscape:c\
y=\x2212\x22\x0d\x0a     ink\
scape:window-wid\
th=\x221920\x22\x0d\x0a     \
inkscape:window-\
height=\x221009\x22\x0d\x0a \
    inkscape:win\
dow-x=\x22-8\x22\x0d\x0a    \
 inkscape:window\
-y=\x22-8\x22\x0d\x0a     in\
kscape:window-ma\
ximized=\x221\x22\x0d\x0a   \
  inkscape:curre\
nt-layer=\x22svg1\x22 \
/>\x0d\x0a  <polyline\x0d\
\x0a     points=\x2215\
 18 9 12 15 6\x22\x0d\x0a\
     id=\x22polylin\
e1\x22\x0d\x0a     style=\
\x22stroke:#ffffff;\
stroke-opacity:1\
\x22 />\x0d\x0a</svg>\x0d\x0a\
\x00\x00\x05\x12\
<\
?xml version=\x221.\
0\x22 encoding=\x22UTF\
-8\x22 standalone=\x22\
no\x22?>\x0d\x0a<svg\x0d\x0a   \
width=\x2224\x22\x0d\x0a   h\
eight=\x2224\x22\x0d\x0a   v\
iewBox=\x220 0 24 2\
4\x22\x0d\x0a   fill=\x22non\
e\x22\x0d\x0a   stroke=\x22c\
urrentColor\x22\x0d\x0a  \
 stroke-width=\x222\
\x22\x0d\x0a   stroke-lin\
ecap=\x22round\x22\x0d\x0a  \
 stroke-linejoin\
=\x22round\x22\x0d\x0a   cla\
ss=\x22feather feat\
her-play\x22\x0d\x0a   ve\
rsion=\x221.1\x22\x0d\x0a   \
id=\x22svg1\x22\x0d\x0a   so\
dipodi:docname=\x22\
play.svg\x22\x0d\x0a   in\
kscape:version=\x22\
1.4.2 (f4327f4, \
2025-05-13)\x22\x0d\x0a  \
 xmlns:inkscape=\
\x22http://www.inks\
cape.org/namespa\
ces/inkscape\x22\x0d\x0a \
  xmlns:sodipodi\
=\x22http://sodipod\
i.sourceforge.ne\
t/DTD/sodipodi-0\
.dtd\x22\x0d\x0a   xmlns=\
\x22http://www.w3.o\
rg/2000/svg\x22\x0d\x0a  \
 xmlns:svg=\x22http\
://www.w3.org/20\
00/svg\x22>\x0d\x0a  <def\
s\x0d\x0a     id=\x22defs\
1\x22 />\x0d\x0a  <sodipo\
di:namedview\x0d\x0a  \
   id=\x22namedview\
1\x22\x0d\x0a     pagecol\
or=\x22#ffffff\x22\x0d\x0a  \
   bordercolor=\x22\
#000000\x22\x0d\x0a     b\
orderopacity=\x220.\
25\x22\x0d\x0a     inksca\
pe:showpageshado\
w=\x222\x22\x0d\x0a     inks\
cape:pageopacity\
=\x220.0\x22\x0d\x0a     ink\
scape:pagechecke\
rboard=\x220\x22\x0d\x0a    \
 inkscape:deskco\
lor=\x22#d1d1d1\x22\x0d\x0a \
    inkscape:zoo\
m=\x2233.625\x22\x0d\x0a    \
 inkscape:cx=\x2212\
\x22\x0d\x0a     inkscape\
:cy=\x2212\x22\x0d\x0a     i\
nkscape:window-w\
idth=\x221920\x22\x0d\x0a   \
  inkscape:windo\
w-height=\x221009\x22\x0d\
\x0a     inkscape:w\
indow-x=\x22-8\x22\x0d\x0a  \
   inkscape:wind\
ow-y=\x22-8\x22\x0d\x0a     \
inkscape:window-\
maximized=\x221\x22\x0d\x0a \
    inkscape:cur\
rent-layer=\x22svg1\
\x22 />\x0d\x0a  <polygon\
\x0d\x0a     points=\x225\
 3 19 12 5 21 5 \
3\x22\x0d\x0a     id=\x22pol\
ygon1\x22\x0d\x0a     sty\
le=\x22stroke:#ffff\
ff;stroke-opacit\
y:1\x22 />\x0d\x0a</svg>\x0d\
\x0a\
\x00\x00\x01A\
<\
svg xmlns=\x22http:\
//www.w3.org/200\
0/svg\x22 width=\x2224\
\x22 height=\x2224\x22 vi\
ewBox=\x220 0 24 24\
\x22 fill=\x22none\x22 st\
roke=\x22currentCol\
or\x22 stroke-width\
=\x222\x22 stroke-line\
cap=\x22round\x22 stro\
ke-linejoin=\x22rou\
nd\x22 class=\x22feath\
er feather-lock\x22\
><rect x=\x223\x22 y=\x22\
11\x22 width=\x2218\x22 h\
eight=\x2211\x22 rx=\x222\
\x22 ry=\x222\x22></rect>\
<path d=\x22M7 11V7\
a5 5 0 0 1 10 0v\
4\x22></path></svg>\
\
\x00\x00\x01A\
<\
svg xmlns=\x22http:\
//www.w3.org/200\
0/svg\x22 width=\x2224\
\x22 height=\x2224\x22 vi\
ewBox=\x220 0 24 24\
\x22 fill=\x22none\x22 st\
roke=\x22currentCol\
or\x22 stroke-width\
=\x222\x22 stroke-line\
cap=\x22round\x22 stro\
ke-linejoin=\x22rou\
nd\x22 class=\x22feath\
er feather-rotat\
e-cw\x22><polyline \
points=\x2223 4 23 \
10 17 10\x22></poly\
line><path d=\x22M2\
0.49 15a9 9 0 1 \
1-2.12-9.36L23 1\
0\x22></path></svg>\
\
\x00\x00\x05\xa9\
<\
?xml version=\x221.\
0\x22 encoding=\x22UTF\
-8\x22 standalone=\x22\
no\x22?>\x0d\x0a<svg\x0d\x0a   \
width=\x2224\x22\x0d\x0a   h\
eight=\x2224\x22\x0d\x0a   v\
iewBox=\x220 0 24 2\
4\x22\x0d\x0a   fill=\x22non\
e\x22\x0d\x0a   stroke=\x22c\
urrentColor\x22\x0d\x0a  \
 stroke-width=\x222\
\x22\x0d\x0a   stroke-lin\
ecap=\x22round\x22\x0d\x0a  \
 stroke-linejoin\
=\x22round\x22\x0d\x0a   cla\
ss=\x22feather feat\
her-stop-circle\x22\
\x0d\x0a   version=\x221.\
1\x22\x0d\x0a   id=\x22svg1\x22\
\x0d\x0a   sodipodi:do\
cname=\x22stop-circ\
le.svg\x22\x0d\x0a   inks\
cape:version=\x221.\
4.2 (f4327f4, 20\
25-05-13)\x22\x0d\x0a   x\
mlns:inkscape=\x22h\
ttp://www.inksca\
pe.org/namespace\
s/inkscape\x22\x0d\x0a   \
xmlns:sodipodi=\x22\
http://sodipodi.\
sourceforge.net/\
DTD/sodipodi-0.d\
td\x22\x0d\x0a   xmlns=\x22h\
ttp://www.w3.org\
/2000/svg\x22\x0d\x0a   x\
mlns:svg=\x22http:/\
/www.w3.org/2000\
/svg\x22>\x0d\x0a  <defs\x0d\
\x0a     id=\x22defs1\x22\
 />\x0d\x0a  <sodipodi\
:namedview\x0d\x0a    \
 id=\x22namedview1\x22\
\x0d\x0a     pagecolor\
=\x22#ffffff\x22\x0d\x0a    \
 bordercolor=\x22#0\
00000\x22\x0d\x0a     bor\
deropacity=\x220.25\
\x22\x0d\x0a     inkscape\
:showpageshadow=\
\x222\x22\x0d\x0a     inksca\
pe:pageopacity=\x22\
0.0\x22\x0d\x0a     inksc\
ape:pagecheckerb\
oard=\x220\x22\x0d\x0a     i\
nkscape:deskcolo\
r=\x22#d1d1d1\x22\x0d\x0a   \
  inkscape:zoom=\
\x2233.625\x22\x0d\x0a     i\
nkscape:cx=\x2212\x22\x0d\
\x0a     inkscape:c\
y=\x2212\x22\x0d\x0a     ink\
scape:window-wid\
th=\x221920\x22\x0d\x0a     \
inkscape:window-\
height=\x221009\x22\x0d\x0a \
    inkscape:win\
dow-x=\x22-8\x22\x0d\x0a    \
 inkscape:window\
-y=\x22-8\x22\x0d\x0a     in\
kscape:window-ma\
ximized=\x221\x22\x0d\x0a   \
  inkscape:curre\
nt-layer=\x22svg1\x22 \
/>\x0d\x0a  <circle\x0d\x0a \
    cx=\x2212\x22\x0d\x0a   \
  cy=\x2212\x22\x0d\x0a     \
r=\x2210\x22\x0d\x0a     id=\
\x22circle1\x22\x0d\x0a     \
style=\x22stroke:#f\
fffff;stroke-opa\
city:1\x22 />\x0d\x0a  <r\
ect\x0d\x0a     x=\x229\x22\x0d\
\x0a     y=\x229\x22\x0d\x0a   \
  width=\x226\x22\x0d\x0a   \
  height=\x226\x22\x0d\x0a  \
   id=\x22rect1\x22\x0d\x0a \
    style=\x22strok\
e:#ffffff;stroke\
-opacity:1\x22 />\x0d\x0a\
</svg>\x0d\x0a\
\x00\x00\x01:\
<\
svg xmlns=\x22http:\
//www.w3.org/200\
0/svg\x22 width=\x2224\
\x22 height=\x2224\x22 vi\
ewBox=\x220 0 24 24\
\x22 fill=\x22none\x22 st\
roke=\x22currentCol\
or\x22 stroke-width\
=\x222\x22 stroke-line\
cap=\x22round\x22 stro\
ke-linejoin=\x22rou\
nd\x22 class=\x22feath\
er feather-send\x22\
><line x1=\x2222\x22 y\
1=\x222\x22 x2=\x2211\x22 y2\
=\x2213\x22></line><po\
lygon points=\x2222\
 2 15 22 11 13 2\
 9 22 2\x22></polyg\
on></svg>\
\x00\x00\x01\x0d\
<\
svg xmlns=\x22http:\
//www.w3.org/200\
0/svg\x22 width=\x2224\
\x22 height=\x2224\x22 vi\
ewBox=\x220 0 24 24\
\x22 fill=\x22none\x22 st\
roke=\x22currentCol\
or\x22 stroke-width\
=\x222\x22 stroke-line\
cap=\x22round\x22 stro\
ke-linejoin=\x22rou\
nd\x22 class=\x22feath\
er feather-chevr\
on-down\x22><polyli\
ne points=\x226 9 1\
2 15 18 9\x22></pol\
yline></svg>\
\x00\x00\x01I\
<\
svg xmlns=\x22http:\
//www.w3.org/200\
0/svg\x22 width=\x2224\
\x22 height=\x2224\x22 vi\
ewBox=\x220 0 24 24\
\x22 fill=\x22none\x22 st\
roke=\x22currentCol\
or\x22 stroke-width\
=\x222\x22 stroke-line\
cap=\x22round\x22 stro\
ke-linejoin=\x22rou\
nd\x22 class=\x22feath\
er feather-credi\
t-card\x22><rect x=\
\x221\x22 y=\x224\x22 width=\
\x2222\x22 height=\x2216\x22\
 rx=\x222\x22 ry=\x222\x22><\
/rect><line x1=\x22\
1\x22 y1=\x2210\x22 x2=\x222\
3\x22 y2=\x2210\x22></lin\
e></svg>\
\x00\x00\x01Y\
<\
svg xmlns=\x22http:\
//www.w3.org/200\
0/svg\x22 width=\x2224\
\x22 height=\x2224\x22 vi\
ewBox=\x220 0 24 24\
\x22 fill=\x22none\x22 st\
roke=\x22currentCol\
or\x22 stroke-width\
=\x222\x22 stroke-line\
cap=\x22round\x22 stro\
ke-linejoin=\x22rou\
nd\x22 class=\x22feath\
er feather-book\x22\
><path d=\x22M4 19.\
5A2.5 2.5 0 0 1 \
6.5 17H20\x22></pat\
h><path d=\x22M6.5 \
2H20v20H6.5A2.5 \
2.5 0 0 1 4 19.5\
v-15A2.5 2.5 0 0\
 1 6.5 2z\x22></pat\
h></svg>\
\x00\x00\x01p\
<\
svg xmlns=\x22http:\
//www.w3.org/200\
0/svg\x22 width=\x2224\
\x22 height=\x2224\x22 vi\
ewBox=\x220 0 24 24\
\x22 fill=\x22none\x22 st\
roke=\x22currentCol\
or\x22 stroke-width\
=\x222\x22 stroke-line\
cap=\x22round\x22 stro\
ke-linejoin=\x22rou\
nd\x22 class=\x22feath\
er feather-x-squ\
are\x22><rect x=\x223\x22\
 y=\x223\x22 width=\x2218\
\x22 height=\x2218\x22 rx\
=\x222\x22 ry=\x222\x22></re\
ct><line x1=\x229\x22 \
y1=\x229\x22 x2=\x2215\x22 y\
2=\x2215\x22></line><l\
ine x1=\x2215\x22 y1=\x22\
9\x22 x2=\x229\x22 y2=\x2215\
\x22></line></svg>\
\x00\x00\x064\
<\
?xml version=\x221.\
0\x22 encoding=\x22UTF\
-8\x22 standalone=\x22\
no\x22?>\x0d\x0a<svg\x0d\x0a   \
width=\x2224\x22\x0d\x0a   h\
eight=\x2224\x22\x0d\x0a   v\
iewBox=\x220 0 24 2\
4\x22\x0d\x0a   fill=\x22non\
e\x22\x0d\x0a   stroke=\x22c\
urrentColor\x22\x0d\x0a  \
 stroke-width=\x222\
\x22\x0d\x0a   stroke-lin\
ecap=\x22round\x22\x0d\x0a  \
 stroke-linejoin\
=\x22round\x22\x0d\x0a   cla\
ss=\x22feather feat\
her-alert-circle\
\x22\x0d\x0a   version=\x221\
.1\x22\x0d\x0a   id=\x22svg2\
\x22\x0d\x0a   sodipodi:d\
ocname=\x22alert-ci\
rcle.svg\x22\x0d\x0a   in\
kscape:version=\x22\
1.4 (86a8ad7, 20\
24-10-11)\x22\x0d\x0a   x\
mlns:inkscape=\x22h\
ttp://www.inksca\
pe.org/namespace\
s/inkscape\x22\x0d\x0a   \
xmlns:sodipodi=\x22\
http://sodipodi.\
sourceforge.net/\
DTD/sodipodi-0.d\
td\x22\x0d\x0a   xmlns=\x22h\
ttp://www.w3.org\
/2000/svg\x22\x0d\x0a   x\
mlns:svg=\x22http:/\
/www.w3.org/2000\
/svg\x22>\x0d\x0a  <defs\x0d\
\x0a     id=\x22defs2\x22\
 />\x0d\x0a  <sodipodi\
:namedview\x0d\x0a    \
 id=\x22namedview2\x22\
\x0d\x0a     pagecolor\
=\x22#ffffff\x22\x0d\x0a    \
 bordercolor=\x22#0\
00000\x22\x0d\x0a     bor\
deropacity=\x220.25\
\x22\x0d\x0a     inkscape\
:showpageshadow=\
\x222\x22\x0d\x0a     inksca\
pe:pageopacity=\x22\
0.0\x22\x0d\x0a     inksc\
ape:pagecheckerb\
oard=\x220\x22\x0d\x0a     i\
nkscape:deskcolo\
r=\x22#d1d1d1\x22\x0d\x0a   \
  inkscape:zoom=\
\x2233.625\x22\x0d\x0a     i\
nkscape:cx=\x2212\x22\x0d\
\x0a     inkscape:c\
y=\x223.6133829\x22\x0d\x0a \
    inkscape:win\
dow-width=\x221920\x22\
\x0d\x0a     inkscape:\
window-height=\x221\
009\x22\x0d\x0a     inksc\
ape:window-x=\x22-8\
\x22\x0d\x0a     inkscape\
:window-y=\x22-8\x22\x0d\x0a\
     inkscape:wi\
ndow-maximized=\x22\
1\x22\x0d\x0a     inkscap\
e:current-layer=\
\x22svg2\x22 />\x0d\x0a  <ci\
rcle\x0d\x0a     cx=\x221\
2\x22\x0d\x0a     cy=\x2212\x22\
\x0d\x0a     r=\x2210\x22\x0d\x0a \
    id=\x22circle1\x22\
\x0d\x0a     style=\x22st\
roke:#ffffff;str\
oke-opacity:1\x22 /\
>\x0d\x0a  <line\x0d\x0a    \
 x1=\x2212\x22\x0d\x0a     y\
1=\x228\x22\x0d\x0a     x2=\x22\
12\x22\x0d\x0a     y2=\x2212\
\x22\x0d\x0a     id=\x22line\
1\x22\x0d\x0a     style=\x22\
stroke:#ffffff;s\
troke-opacity:1\x22\
 />\x0d\x0a  <line\x0d\x0a  \
   x1=\x2212\x22\x0d\x0a    \
 y1=\x2216\x22\x0d\x0a     x\
2=\x2212.01\x22\x0d\x0a     \
y2=\x2216\x22\x0d\x0a     id\
=\x22line2\x22\x0d\x0a     s\
tyle=\x22stroke:#ff\
ffff;stroke-opac\
ity:1\x22 />\x0d\x0a</svg\
>\x0d\x0a\
\x00\x00\x02\xa7\
\x00\
\x00\x0a1x\xda\xbd\x95\xefn\xda0\x10\xc0\xbfW\xea\
;D\xde\x97MZ\x12\xc7\x09\x94\xa6\xa4\x95\xb6jO\
\xd0>@j;\xc4#\xd8\xc8\x0e\x04\xfa\xf4\xb3I\x1c\
\xecA\xd9\x97\xd1 \x14\xee\x8f\xef~w>\x9b\xf9\xd3\
n\xd5\x04[*\x15\x13\xbc\x00I\x04A@9\x16\x84\
\xf1E\x01^_~\x853\x10\xa8\xb6\xe4\xa4l\x04\xa7\
\x05\xe0\x02<=\xde\xde\xcc\xd5vq{\x13\x04A\xc7\
H[\x17\x00e\xe0 \xd6\x94-\xea\xf6(o\x19\xed\
~\x88]\x01`\x00\x03\x94\x05V_\xb1\xa61\xc18\
\xede\xd5J\xb1\xd4\xe1\xf1FJ\xca\xdb\x9f\xa2\x11\xd2\
\xb5\x846\x8f\xa7l\x18\xa7\xb8\x5c\x17@\x8a\x0d''\
\xa6\xdf\x82q\xcf\x86\x9bR\xa9\x02T\xb4lk*\x83\
\xe1\x1d\xaa\x0d\x1fh\x8f}Hz\x0d#\x05\xd0\xa5\xce\
\x86\xd8\xba/k\xfd\xcd\x89\xc0\xbc\x5ci^\xbd4\xd2\
\xf6\xc1\x99/\x95\xc6\xa1\xb9\x13'\x8bP\xf0\xb5\xcaR\
tWe\xdf\x03\x04\xd1$\x84\x930I\xbf\xf5Kt\
\xf7\xb9\xca\xed\xc2\x02\xd4m\xbb\xce\xe3\xb8\xeb\xba\xc8*\
#!\x17\xb1\xc9\xa6\xd6%\xa6*\xb6z7\x80\x05\x1b\
\x03XE\xa4\xc4FbZ\xe9\x184\xe2\xb4\x8d\x9f_\
\x9eGc\x08#\xd2\x12'\x8e\x97\xbfK\x0f\x99\x11\x84\
0\x1eK\x1c\xd2m\x17\x17]\x1f\x8d\xef\x9c\xd0J\x1d\
\x16\xf5m4\xa2\x1e\xa6\xb87\x8e\xad4\x95\x113&\
\x8e\xeb\xa8\x1b\xfa\x1e\x04\xebrA\xb1\x19\x8a\x02|\xa9\
\x0e\x8f\xb5\xbc\x09I\xa8\xb46xx|\x9b\xd0}c\
\xed^\xcf`\x84&\xd64\xee\x95\xaaEg\xa2\xab\xba\
$\xa2\x1b'\xcc\xf10V'\x06<\xeb\x80k\x8a\x97\
T\xbe\x89R\xea\x02N}\x08UK\x0bI\x12\xf39\
qy\x17bU\x804\x8d\xa6g0\xb1>C\xc9)\
\x1b\xde\x9fUw\x8c\xebb\xec\xa1I\xee\x11\xfc\xc8\xc5\
\x1e\xd8\x04\xc2\xfb\x8f|t\xeap\xf6\x91q\x7f\xc9\xb8\
*wl\xc5\xde\xa9n\xc9i\xbd\xc3Y\x0f\x9brO\
\xe5p\xcc\xecx`&qC\x87\x15~\xed~\xc9z\
\xe1\xb1Y:M\xbfpL\xa6\xda}\xa3\x8f\x95\xb9n\
rs\xdb<\x98_\xe1\xb0\x9by\xf2\xd0\xdf\x16\xf90\
S\x83x\xb4\x8f<\xe6:\x19B\xee\x127\xff>q\
J\xdb!\xcf\xa4\xa5\xd4e3A>\x97\x0c]@C\
'l\xe8\xcal\xfa.\xf4\xe8\x5c\xd9\xf0M\xa2i\xe6\
\x12\xba\xb2eL\xaf\xdd\xbfY\x94N\xbd\xcdu\x15\x87\
.\xdeGw3\x17\xd3SX\xce\xec\xda\x9c\x1e\xa3\xd7\
\xc6\xd4\x83C\x7f\x93M\xaeL\x86.\xa0\xa1\x7f\xb0M\
?y\x02\xbd\xad;7\x82\xde\xee[\xca\xbb\xcf\x9eA\
\x97\xea\xec\x08\xbauY\xca\xd9\x7f\xa5\x9c\x9b?v\xfd\
\xfe\x03\xe6&\xd0\x1f\
\x00\x00\x01r\
<\
svg xmlns=\x22http:\
//www.w3.org/200\
0/svg\x22 width=\x2224\
\x22 height=\x2224\x22 vi\
ewBox=\x220 0 24 24\
\x22 fill=\x22none\x22 st\
roke=\x22currentCol\
or\x22 stroke-width\
=\x222\x22 stroke-line\
cap=\x22round\x22 stro\
ke-linejoin=\x22rou\
nd\x22 class=\x22feath\
er feather-volum\
e-x\x22><polygon po\
ints=\x2211 5 6 9 2\
 9 2 15 6 15 11 \
19 11 5\x22></polyg\
on><line x1=\x2223\x22\
 y1=\x229\x22 x2=\x2217\x22 \
y2=\x2215\x22></line><\
line x1=\x2217\x22 y1=\
\x229\x22 x2=\x2223\x22 y2=\x22\
15\x22></line></svg\
>\
\x00\x00\x01\x98\
<\
svg xmlns=\x22http:\
//www.w3.org/200\
0/svg\x22 width=\x2224\
\x22 height=\x2224\x22 vi\
ewBox=\x220 0 24 24\
\x22 fill=\x22none\x22 st\
roke=\x22currentCol\
or\x22 stroke-width\
=\x222\x22 stroke-line\
cap=\x22round\x22 stro\
ke-linejoin=\x22rou\
nd\x22 class=\x22feath\
er feather-user-\
plus\x22><path d=\x22M\
16 21v-2a4 4 0 0\
 0-4-4H5a4 4 0 0\
 0-4 4v2\x22></path\
><circle cx=\x228.5\
\x22 cy=\x227\x22 r=\x224\x22><\
/circle><line x1\
=\x2220\x22 y1=\x228\x22 x2=\
\x2220\x22 y2=\x2214\x22></l\
ine><line x1=\x2223\
\x22 y1=\x2211\x22 x2=\x2217\
\x22 y2=\x2211\x22></line\
></svg>\
\x00\x00\x01\xe6\
<\
svg xmlns=\x22http:\
//www.w3.org/200\
0/svg\x22 width=\x2224\
\x22 height=\x2224\x22 vi\
ewBox=\x220 0 24 24\
\x22 fill=\x22none\x22 st\
roke=\x22currentCol\
or\x22 stroke-width\
=\x222\x22 stroke-line\
cap=\x22round\x22 stro\
ke-linejoin=\x22rou\
nd\x22 class=\x22feath\
er feather-move\x22\
><polyline point\
s=\x225 9 2 12 5 15\
\x22></polyline><po\
lyline points=\x229\
 5 12 2 15 5\x22></\
polyline><polyli\
ne points=\x2215 19\
 12 22 9 19\x22></p\
olyline><polylin\
e points=\x2219 9 2\
2 12 19 15\x22></po\
lyline><line x1=\
\x222\x22 y1=\x2212\x22 x2=\x22\
22\x22 y2=\x2212\x22></li\
ne><line x1=\x2212\x22\
 y1=\x222\x22 x2=\x2212\x22 \
y2=\x2222\x22></line><\
/svg>\
\x00\x00\x01a\
<\
svg xmlns=\x22http:\
//www.w3.org/200\
0/svg\x22 width=\x2224\
\x22 height=\x2224\x22 vi\
ewBox=\x220 0 24 24\
\x22 fill=\x22none\x22 st\
roke=\x22currentCol\
or\x22 stroke-width\
=\x222\x22 stroke-line\
cap=\x22round\x22 stro\
ke-linejoin=\x22rou\
nd\x22 class=\x22feath\
er feather-bar-c\
hart\x22><line x1=\x22\
12\x22 y1=\x2220\x22 x2=\x22\
12\x22 y2=\x2210\x22></li\
ne><line x1=\x2218\x22\
 y1=\x2220\x22 x2=\x2218\x22\
 y2=\x224\x22></line><\
line x1=\x226\x22 y1=\x22\
20\x22 x2=\x226\x22 y2=\x221\
6\x22></line></svg>\
\
\x00\x00\x01\xb9\
<\
svg xmlns=\x22http:\
//www.w3.org/200\
0/svg\x22 width=\x2224\
\x22 height=\x2224\x22 vi\
ewBox=\x220 0 24 24\
\x22 fill=\x22none\x22 st\
roke=\x22currentCol\
or\x22 stroke-width\
=\x222\x22 stroke-line\
cap=\x22round\x22 stro\
ke-linejoin=\x22rou\
nd\x22 class=\x22feath\
er feather-shuff\
le\x22><polyline po\
ints=\x2216 3 21 3 \
21 8\x22></polyline\
><line x1=\x224\x22 y1\
=\x2220\x22 x2=\x2221\x22 y2\
=\x223\x22></line><pol\
yline points=\x2221\
 16 21 21 16 21\x22\
></polyline><lin\
e x1=\x2215\x22 y1=\x2215\
\x22 x2=\x2221\x22 y2=\x2221\
\x22></line><line x\
1=\x224\x22 y1=\x224\x22 x2=\
\x229\x22 y2=\x229\x22></lin\
e></svg>\
\x00\x00\x01\xa5\
<\
svg xmlns=\x22http:\
//www.w3.org/200\
0/svg\x22 width=\x2224\
\x22 height=\x2224\x22 vi\
ewBox=\x220 0 24 24\
\x22 fill=\x22none\x22 st\
roke=\x22currentCol\
or\x22 stroke-width\
=\x222\x22 stroke-line\
cap=\x22round\x22 stro\
ke-linejoin=\x22rou\
nd\x22 class=\x22feath\
er feather-cloud\
-rain\x22><line x1=\
\x2216\x22 y1=\x2213\x22 x2=\
\x2216\x22 y2=\x2221\x22></l\
ine><line x1=\x228\x22\
 y1=\x2213\x22 x2=\x228\x22 \
y2=\x2221\x22></line><\
line x1=\x2212\x22 y1=\
\x2215\x22 x2=\x2212\x22 y2=\
\x2223\x22></line><pat\
h d=\x22M20 16.58A5\
 5 0 0 0 18 7h-1\
.26A8 8 0 1 0 4 \
15.25\x22></path></\
svg>\
\x00\x00\x01\x82\
<\
svg xmlns=\x22http:\
//www.w3.org/200\
0/svg\x22 width=\x2224\
\x22 height=\x2224\x22 vi\
ewBox=\x220 0 24 24\
\x22 fill=\x22none\x22 st\
roke=\x22currentCol\
or\x22 stroke-width\
=\x222\x22 stroke-line\
cap=\x22round\x22 stro\
ke-linejoin=\x22rou\
nd\x22 class=\x22feath\
er feather-tool\x22\
><path d=\x22M14.7 \
6.3a1 1 0 0 0 0 \
1.4l1.6 1.6a1 1 \
0 0 0 1.4 0l3.77\
-3.77a6 6 0 0 1-\
7.94 7.94l-6.91 \
6.91a2.12 2.12 0\
 0 1-3-3l6.91-6.\
91a6 6 0 0 1 7.9\
4-7.94l-3.76 3.7\
6z\x22></path></svg\
>\
\x00\x00\x01\x99\
<\
svg xmlns=\x22http:\
//www.w3.org/200\
0/svg\x22 width=\x2224\
\x22 height=\x2224\x22 vi\
ewBox=\x220 0 24 24\
\x22 fill=\x22none\x22 st\
roke=\x22currentCol\
or\x22 stroke-width\
=\x222\x22 stroke-line\
cap=\x22round\x22 stro\
ke-linejoin=\x22rou\
nd\x22 class=\x22feath\
er feather-globe\
\x22><circle cx=\x2212\
\x22 cy=\x2212\x22 r=\x2210\x22\
></circle><line \
x1=\x222\x22 y1=\x2212\x22 x\
2=\x2222\x22 y2=\x2212\x22><\
/line><path d=\x22M\
12 2a15.3 15.3 0\
 0 1 4 10 15.3 1\
5.3 0 0 1-4 10 1\
5.3 15.3 0 0 1-4\
-10 15.3 15.3 0 \
0 1 4-10z\x22></pat\
h></svg>\
\x00\x00\x01\x22\
<\
svg xmlns=\x22http:\
//www.w3.org/200\
0/svg\x22 width=\x2224\
\x22 height=\x2224\x22 vi\
ewBox=\x220 0 24 24\
\x22 fill=\x22none\x22 st\
roke=\x22currentCol\
or\x22 stroke-width\
=\x222\x22 stroke-line\
cap=\x22round\x22 stro\
ke-linejoin=\x22rou\
nd\x22 class=\x22feath\
er feather-umbre\
lla\x22><path d=\x22M2\
3 12a11.05 11.05\
 0 0 0-22 0zm-5 \
7a3 3 0 0 1-6 0v\
-7\x22></path></svg\
>\
\x00\x00\x01:\
<\
svg xmlns=\x22http:\
//www.w3.org/200\
0/svg\x22 width=\x2224\
\x22 height=\x2224\x22 vi\
ewBox=\x220 0 24 24\
\x22 fill=\x22none\x22 st\
roke=\x22currentCol\
or\x22 stroke-width\
=\x222\x22 stroke-line\
cap=\x22round\x22 stro\
ke-linejoin=\x22rou\
nd\x22 class=\x22feath\
er feather-arrow\
-up-right\x22><line\
 x1=\x227\x22 y1=\x2217\x22 \
x2=\x2217\x22 y2=\x227\x22><\
/line><polyline \
points=\x227 7 17 7\
 17 17\x22></polyli\
ne></svg>\
\x00\x00\x01b\
<\
svg xmlns=\x22http:\
//www.w3.org/200\
0/svg\x22 width=\x2224\
\x22 height=\x2224\x22 vi\
ewBox=\x220 0 24 24\
\x22 fill=\x22none\x22 st\
roke=\x22currentCol\
or\x22 stroke-width\
=\x222\x22 stroke-line\
cap=\x22round\x22 stro\
ke-linejoin=\x22rou\
nd\x22 class=\x22feath\
er feather-mail\x22\
><path d=\x22M4 4h1\
6c1.1 0 2 .9 2 2\
v12c0 1.1-.9 2-2\
 2H4c-1.1 0-2-.9\
-2-2V6c0-1.1.9-2\
 2-2z\x22></path><p\
olyline points=\x22\
22,6 12,13 2,6\x22>\
</polyline></svg\
>\
\x00\x00\x01>\
<\
svg xmlns=\x22http:\
//www.w3.org/200\
0/svg\x22 width=\x2224\
\x22 height=\x2224\x22 vi\
ewBox=\x220 0 24 24\
\x22 fill=\x22none\x22 st\
roke=\x22currentCol\
or\x22 stroke-width\
=\x222\x22 stroke-line\
cap=\x22round\x22 stro\
ke-linejoin=\x22rou\
nd\x22 class=\x22feath\
er feather-octag\
on\x22><polygon poi\
nts=\x227.86 2 16.1\
4 2 22 7.86 22 1\
6.14 16.14 22 7.\
86 22 2 16.14 2 \
7.86 7.86 2\x22></p\
olygon></svg>\
\x00\x00\x06+\
<\
?xml version=\x221.\
0\x22 encoding=\x22UTF\
-8\x22 standalone=\x22\
no\x22?>\x0d\x0a<svg\x0d\x0a   \
width=\x2224\x22\x0d\x0a   h\
eight=\x2224\x22\x0d\x0a   v\
iewBox=\x220 0 24 2\
4\x22\x0d\x0a   fill=\x22non\
e\x22\x0d\x0a   stroke=\x22c\
urrentColor\x22\x0d\x0a  \
 stroke-width=\x222\
\x22\x0d\x0a   stroke-lin\
ecap=\x22round\x22\x0d\x0a  \
 stroke-linejoin\
=\x22round\x22\x0d\x0a   cla\
ss=\x22feather feat\
her-pause-circle\
\x22\x0d\x0a   version=\x221\
.1\x22\x0d\x0a   id=\x22svg2\
\x22\x0d\x0a   sodipodi:d\
ocname=\x22pause-ci\
rcle.svg\x22\x0d\x0a   in\
kscape:version=\x22\
1.4.2 (f4327f4, \
2025-05-13)\x22\x0d\x0a  \
 xmlns:inkscape=\
\x22http://www.inks\
cape.org/namespa\
ces/inkscape\x22\x0d\x0a \
  xmlns:sodipodi\
=\x22http://sodipod\
i.sourceforge.ne\
t/DTD/sodipodi-0\
.dtd\x22\x0d\x0a   xmlns=\
\x22http://www.w3.o\
rg/2000/svg\x22\x0d\x0a  \
 xmlns:svg=\x22http\
://www.w3.org/20\
00/svg\x22>\x0d\x0a  <def\
s\x0d\x0a     id=\x22defs\
2\x22 />\x0d\x0a  <sodipo\
di:namedview\x0d\x0a  \
   id=\x22namedview\
2\x22\x0d\x0a     pagecol\
or=\x22#ffffff\x22\x0d\x0a  \
   bordercolor=\x22\
#000000\x22\x0d\x0a     b\
orderopacity=\x220.\
25\x22\x0d\x0a     inksca\
pe:showpageshado\
w=\x222\x22\x0d\x0a     inks\
cape:pageopacity\
=\x220.0\x22\x0d\x0a     ink\
scape:pagechecke\
rboard=\x220\x22\x0d\x0a    \
 inkscape:deskco\
lor=\x22#d1d1d1\x22\x0d\x0a \
    inkscape:zoo\
m=\x2233.625\x22\x0d\x0a    \
 inkscape:cx=\x2212\
\x22\x0d\x0a     inkscape\
:cy=\x2212\x22\x0d\x0a     i\
nkscape:window-w\
idth=\x221920\x22\x0d\x0a   \
  inkscape:windo\
w-height=\x221009\x22\x0d\
\x0a     inkscape:w\
indow-x=\x22-8\x22\x0d\x0a  \
   inkscape:wind\
ow-y=\x22-8\x22\x0d\x0a     \
inkscape:window-\
maximized=\x221\x22\x0d\x0a \
    inkscape:cur\
rent-layer=\x22svg2\
\x22 />\x0d\x0a  <circle\x0d\
\x0a     cx=\x2212\x22\x0d\x0a \
    cy=\x2212\x22\x0d\x0a   \
  r=\x2210\x22\x0d\x0a     i\
d=\x22circle1\x22\x0d\x0a   \
  style=\x22stroke:\
#ffffff;stroke-o\
pacity:1\x22 />\x0d\x0a  \
<line\x0d\x0a     x1=\x22\
10\x22\x0d\x0a     y1=\x2215\
\x22\x0d\x0a     x2=\x2210\x22\x0d\
\x0a     y2=\x229\x22\x0d\x0a  \
   id=\x22line1\x22\x0d\x0a \
    style=\x22strok\
e:#ffffff;stroke\
-opacity:1\x22 />\x0d\x0a\
  <line\x0d\x0a     x1\
=\x2214\x22\x0d\x0a     y1=\x22\
15\x22\x0d\x0a     x2=\x2214\
\x22\x0d\x0a     y2=\x229\x22\x0d\x0a\
     id=\x22line2\x22\x0d\
\x0a     style=\x22str\
oke:#ffffff;stro\
ke-opacity:1\x22 />\
\x0d\x0a</svg>\x0d\x0a\
\x00\x00\x01\x0e\
<\
svg xmlns=\x22http:\
//www.w3.org/200\
0/svg\x22 width=\x2224\
\x22 height=\x2224\x22 vi\
ewBox=\x220 0 24 24\
\x22 fill=\x22none\x22 st\
roke=\x22currentCol\
or\x22 stroke-width\
=\x222\x22 stroke-line\
cap=\x22round\x22 stro\
ke-linejoin=\x22rou\
nd\x22 class=\x22feath\
er feather-chevr\
on-right\x22><polyl\
ine points=\x229 18\
 15 12 9 6\x22></po\
lyline></svg>\
\x00\x00\x05\x99\
<\
?xml version=\x221.\
0\x22 encoding=\x22UTF\
-8\x22 standalone=\x22\
no\x22?>\x0d\x0a<svg\x0d\x0a   \
width=\x2224\x22\x0d\x0a   h\
eight=\x2224\x22\x0d\x0a   v\
iewBox=\x220 0 24 2\
4\x22\x0d\x0a   fill=\x22non\
e\x22\x0d\x0a   stroke=\x22c\
urrentColor\x22\x0d\x0a  \
 stroke-width=\x222\
\x22\x0d\x0a   stroke-lin\
ecap=\x22round\x22\x0d\x0a  \
 stroke-linejoin\
=\x22round\x22\x0d\x0a   cla\
ss=\x22feather feat\
her-home\x22\x0d\x0a   ve\
rsion=\x221.1\x22\x0d\x0a   \
id=\x22svg1\x22\x0d\x0a   so\
dipodi:docname=\x22\
home.svg\x22\x0d\x0a   in\
kscape:version=\x22\
1.4 (86a8ad7, 20\
24-10-11)\x22\x0d\x0a   x\
mlns:inkscape=\x22h\
ttp://www.inksca\
pe.org/namespace\
s/inkscape\x22\x0d\x0a   \
xmlns:sodipodi=\x22\
http://sodipodi.\
sourceforge.net/\
DTD/sodipodi-0.d\
td\x22\x0d\x0a   xmlns=\x22h\
ttp://www.w3.org\
/2000/svg\x22\x0d\x0a   x\
mlns:svg=\x22http:/\
/www.w3.org/2000\
/svg\x22>\x0d\x0a  <defs\x0d\
\x0a     id=\x22defs1\x22\
 />\x0d\x0a  <sodipodi\
:namedview\x0d\x0a    \
 id=\x22namedview1\x22\
\x0d\x0a     pagecolor\
=\x22#ffffff\x22\x0d\x0a    \
 bordercolor=\x22#0\
00000\x22\x0d\x0a     bor\
deropacity=\x220.25\
\x22\x0d\x0a     inkscape\
:showpageshadow=\
\x222\x22\x0d\x0a     inksca\
pe:pageopacity=\x22\
0.0\x22\x0d\x0a     inksc\
ape:pagecheckerb\
oard=\x220\x22\x0d\x0a     i\
nkscape:deskcolo\
r=\x22#d1d1d1\x22\x0d\x0a   \
  inkscape:zoom=\
\x2233.625\x22\x0d\x0a     i\
nkscape:cx=\x2212\x22\x0d\
\x0a     inkscape:c\
y=\x2212\x22\x0d\x0a     ink\
scape:window-wid\
th=\x221920\x22\x0d\x0a     \
inkscape:window-\
height=\x221009\x22\x0d\x0a \
    inkscape:win\
dow-x=\x22-8\x22\x0d\x0a    \
 inkscape:window\
-y=\x22-8\x22\x0d\x0a     in\
kscape:window-ma\
ximized=\x221\x22\x0d\x0a   \
  inkscape:curre\
nt-layer=\x22svg1\x22 \
/>\x0d\x0a  <path\x0d\x0a   \
  d=\x22M3 9l9-7 9 \
7v11a2 2 0 0 1-2\
 2H5a2 2 0 0 1-2\
-2z\x22\x0d\x0a     id=\x22p\
ath1\x22\x0d\x0a     styl\
e=\x22stroke:#fffff\
f;stroke-opacity\
:1\x22 />\x0d\x0a  <polyl\
ine\x0d\x0a     points\
=\x229 22 9 12 15 1\
2 15 22\x22\x0d\x0a     i\
d=\x22polyline1\x22\x0d\x0a \
    style=\x22strok\
e:#ffffff;stroke\
-opacity:1\x22 />\x0d\x0a\
</svg>\x0d\x0a\
\x00\x00\x01\x85\
<\
svg xmlns=\x22http:\
//www.w3.org/200\
0/svg\x22 width=\x2224\
\x22 height=\x2224\x22 vi\
ewBox=\x220 0 24 24\
\x22 fill=\x22none\x22 st\
roke=\x22currentCol\
or\x22 stroke-width\
=\x222\x22 stroke-line\
cap=\x22round\x22 stro\
ke-linejoin=\x22rou\
nd\x22 class=\x22feath\
er feather-meh\x22>\
<circle cx=\x2212\x22 \
cy=\x2212\x22 r=\x2210\x22><\
/circle><line x1\
=\x228\x22 y1=\x2215\x22 x2=\
\x2216\x22 y2=\x2215\x22></l\
ine><line x1=\x229\x22\
 y1=\x229\x22 x2=\x229.01\
\x22 y2=\x229\x22></line>\
<line x1=\x2215\x22 y1\
=\x229\x22 x2=\x2215.01\x22 \
y2=\x229\x22></line></\
svg>\
\x00\x00\x01S\
<\
svg xmlns=\x22http:\
//www.w3.org/200\
0/svg\x22 width=\x2224\
\x22 height=\x2224\x22 vi\
ewBox=\x220 0 24 24\
\x22 fill=\x22none\x22 st\
roke=\x22currentCol\
or\x22 stroke-width\
=\x222\x22 stroke-line\
cap=\x22round\x22 stro\
ke-linejoin=\x22rou\
nd\x22 class=\x22feath\
er feather-book-\
open\x22><path d=\x22M\
2 3h6a4 4 0 0 1 \
4 4v14a3 3 0 0 0\
-3-3H2z\x22></path>\
<path d=\x22M22 3h-\
6a4 4 0 0 0-4 4v\
14a3 3 0 0 1 3-3\
h7z\x22></path></sv\
g>\
\x00\x00\x01\x84\
<\
svg xmlns=\x22http:\
//www.w3.org/200\
0/svg\x22 width=\x2224\
\x22 height=\x2224\x22 vi\
ewBox=\x220 0 24 24\
\x22 fill=\x22none\x22 st\
roke=\x22currentCol\
or\x22 stroke-width\
=\x222\x22 stroke-line\
cap=\x22round\x22 stro\
ke-linejoin=\x22rou\
nd\x22 class=\x22feath\
er feather-smile\
\x22><circle cx=\x2212\
\x22 cy=\x2212\x22 r=\x2210\x22\
></circle><path \
d=\x22M8 14s1.5 2 4\
 2 4-2 4-2\x22></pa\
th><line x1=\x229\x22 \
y1=\x229\x22 x2=\x229.01\x22\
 y2=\x229\x22></line><\
line x1=\x2215\x22 y1=\
\x229\x22 x2=\x2215.01\x22 y\
2=\x229\x22></line></s\
vg>\
\x00\x00\x018\
<\
svg xmlns=\x22http:\
//www.w3.org/200\
0/svg\x22 width=\x2224\
\x22 height=\x2224\x22 vi\
ewBox=\x220 0 24 24\
\x22 fill=\x22none\x22 st\
roke=\x22currentCol\
or\x22 stroke-width\
=\x222\x22 stroke-line\
cap=\x22round\x22 stro\
ke-linejoin=\x22rou\
nd\x22 class=\x22feath\
er feather-arrow\
-up-left\x22><line \
x1=\x2217\x22 y1=\x2217\x22 \
x2=\x227\x22 y2=\x227\x22></\
line><polyline p\
oints=\x227 17 7 7 \
17 7\x22></polyline\
></svg>\
\x00\x00\x01=\
<\
svg xmlns=\x22http:\
//www.w3.org/200\
0/svg\x22 width=\x2224\
\x22 height=\x2224\x22 vi\
ewBox=\x220 0 24 24\
\x22 fill=\x22none\x22 st\
roke=\x22currentCol\
or\x22 stroke-width\
=\x222\x22 stroke-line\
cap=\x22round\x22 stro\
ke-linejoin=\x22rou\
nd\x22 class=\x22feath\
er feather-chevr\
ons-down\x22><polyl\
ine points=\x227 13\
 12 18 17 13\x22></\
polyline><polyli\
ne points=\x227 6 1\
2 11 17 6\x22></pol\
yline></svg>\
\x00\x00\x01G\
<\
svg xmlns=\x22http:\
//www.w3.org/200\
0/svg\x22 width=\x2224\
\x22 height=\x2224\x22 vi\
ewBox=\x220 0 24 24\
\x22 fill=\x22none\x22 st\
roke=\x22currentCol\
or\x22 stroke-width\
=\x222\x22 stroke-line\
cap=\x22round\x22 stro\
ke-linejoin=\x22rou\
nd\x22 class=\x22feath\
er feather-music\
\x22><path d=\x22M9 18\
V5l12-2v13\x22></pa\
th><circle cx=\x226\
\x22 cy=\x2218\x22 r=\x223\x22>\
</circle><circle\
 cx=\x2218\x22 cy=\x2216\x22\
 r=\x223\x22></circle>\
</svg>\
\x00\x00\x01c\
<\
svg xmlns=\x22http:\
//www.w3.org/200\
0/svg\x22 width=\x2224\
\x22 height=\x2224\x22 vi\
ewBox=\x220 0 24 24\
\x22 fill=\x22none\x22 st\
roke=\x22currentCol\
or\x22 stroke-width\
=\x222\x22 stroke-line\
cap=\x22round\x22 stro\
ke-linejoin=\x22rou\
nd\x22 class=\x22feath\
er feather-tag\x22>\
<path d=\x22M20.59 \
13.41l-7.17 7.17\
a2 2 0 0 1-2.83 \
0L2 12V2h10l8.59\
 8.59a2 2 0 0 1 \
0 2.82z\x22></path>\
<line x1=\x227\x22 y1=\
\x227\x22 x2=\x227.01\x22 y2\
=\x227\x22></line></sv\
g>\
\x00\x00\x01K\
<\
svg xmlns=\x22http:\
//www.w3.org/200\
0/svg\x22 width=\x2224\
\x22 height=\x2224\x22 vi\
ewBox=\x220 0 24 24\
\x22 fill=\x22none\x22 st\
roke=\x22currentCol\
or\x22 stroke-width\
=\x222\x22 stroke-line\
cap=\x22round\x22 stro\
ke-linejoin=\x22rou\
nd\x22 class=\x22feath\
er feather-trend\
ing-down\x22><polyl\
ine points=\x2223 1\
8 13.5 8.5 8.5 1\
3.5 1 6\x22></polyl\
ine><polyline po\
ints=\x2217 18 23 1\
8 23 12\x22></polyl\
ine></svg>\
\x00\x00\x01\xbf\
<\
svg xmlns=\x22http:\
//www.w3.org/200\
0/svg\x22 width=\x2224\
\x22 height=\x2224\x22 vi\
ewBox=\x220 0 24 24\
\x22 fill=\x22none\x22 st\
roke=\x22currentCol\
or\x22 stroke-width\
=\x222\x22 stroke-line\
cap=\x22round\x22 stro\
ke-linejoin=\x22rou\
nd\x22 class=\x22feath\
er feather-coffe\
e\x22><path d=\x22M18 \
8h1a4 4 0 0 1 0 \
8h-1\x22></path><pa\
th d=\x22M2 8h16v9a\
4 4 0 0 1-4 4H6a\
4 4 0 0 1-4-4V8z\
\x22></path><line x\
1=\x226\x22 y1=\x221\x22 x2=\
\x226\x22 y2=\x224\x22></lin\
e><line x1=\x2210\x22 \
y1=\x221\x22 x2=\x2210\x22 y\
2=\x224\x22></line><li\
ne x1=\x2214\x22 y1=\x221\
\x22 x2=\x2214\x22 y2=\x224\x22\
></line></svg>\
\x00\x00\x01;\
<\
svg xmlns=\x22http:\
//www.w3.org/200\
0/svg\x22 width=\x2224\
\x22 height=\x2224\x22 vi\
ewBox=\x220 0 24 24\
\x22 fill=\x22none\x22 st\
roke=\x22currentCol\
or\x22 stroke-width\
=\x222\x22 stroke-line\
cap=\x22round\x22 stro\
ke-linejoin=\x22rou\
nd\x22 class=\x22feath\
er feather-pie-c\
hart\x22><path d=\x22M\
21.21 15.89A10 1\
0 0 1 1 8 2.83\x22>\
</path><path d=\x22\
M22 12A10 10 0 0\
 0 12 2v10z\x22></p\
ath></svg>\
\x00\x00\x01d\
<\
svg xmlns=\x22http:\
//www.w3.org/200\
0/svg\x22 width=\x2224\
\x22 height=\x2224\x22 vi\
ewBox=\x220 0 24 24\
\x22 fill=\x22none\x22 st\
roke=\x22currentCol\
or\x22 stroke-width\
=\x222\x22 stroke-line\
cap=\x22round\x22 stro\
ke-linejoin=\x22rou\
nd\x22 class=\x22feath\
er feather-trash\
\x22><polyline poin\
ts=\x223 6 5 6 21 6\
\x22></polyline><pa\
th d=\x22M19 6v14a2\
 2 0 0 1-2 2H7a2\
 2 0 0 1-2-2V6m3\
 0V4a2 2 0 0 1 2\
-2h4a2 2 0 0 1 2\
 2v2\x22></path></s\
vg>\
\x00\x00\x01\x16\
<\
svg xmlns=\x22http:\
//www.w3.org/200\
0/svg\x22 width=\x2224\
\x22 height=\x2224\x22 vi\
ewBox=\x220 0 24 24\
\x22 fill=\x22none\x22 st\
roke=\x22currentCol\
or\x22 stroke-width\
=\x222\x22 stroke-line\
cap=\x22round\x22 stro\
ke-linejoin=\x22rou\
nd\x22 class=\x22feath\
er feather-frame\
r\x22><path d=\x22M5 1\
6V9h14V2H5l14 14\
h-7m-7 0l7 7v-7m\
-7 0h7\x22></path><\
/svg>\
\x00\x00\x01\xbc\
<\
svg xmlns=\x22http:\
//www.w3.org/200\
0/svg\x22 width=\x2224\
\x22 height=\x2224\x22 vi\
ewBox=\x220 0 24 24\
\x22 fill=\x22none\x22 st\
roke=\x22currentCol\
or\x22 stroke-width\
=\x222\x22 stroke-line\
cap=\x22round\x22 stro\
ke-linejoin=\x22rou\
nd\x22 class=\x22feath\
er feather-sciss\
ors\x22><circle cx=\
\x226\x22 cy=\x226\x22 r=\x223\x22\
></circle><circl\
e cx=\x226\x22 cy=\x2218\x22\
 r=\x223\x22></circle>\
<line x1=\x2220\x22 y1\
=\x224\x22 x2=\x228.12\x22 y\
2=\x2215.88\x22></line\
><line x1=\x2214.47\
\x22 y1=\x2214.48\x22 x2=\
\x2220\x22 y2=\x2220\x22></l\
ine><line x1=\x228.\
12\x22 y1=\x228.12\x22 x2\
=\x2212\x22 y2=\x2212\x22></\
line></svg>\
\x00\x00\x01>\
<\
svg xmlns=\x22http:\
//www.w3.org/200\
0/svg\x22 width=\x2224\
\x22 height=\x2224\x22 vi\
ewBox=\x220 0 24 24\
\x22 fill=\x22none\x22 st\
roke=\x22currentCol\
or\x22 stroke-width\
=\x222\x22 stroke-line\
cap=\x22round\x22 stro\
ke-linejoin=\x22rou\
nd\x22 class=\x22feath\
er feather-corne\
r-down-right\x22><p\
olyline points=\x22\
15 10 20 15 15 2\
0\x22></polyline><p\
ath d=\x22M4 4v7a4 \
4 0 0 0 4 4h12\x22>\
</path></svg>\
\x00\x00\x05\x96\
<\
?xml version=\x221.\
0\x22 encoding=\x22UTF\
-8\x22 standalone=\x22\
no\x22?>\x0d\x0a<svg\x0d\x0a   \
width=\x2224\x22\x0d\x0a   h\
eight=\x2224\x22\x0d\x0a   v\
iewBox=\x220 0 24 2\
4\x22\x0d\x0a   fill=\x22non\
e\x22\x0d\x0a   stroke=\x22c\
urrentColor\x22\x0d\x0a  \
 stroke-width=\x222\
\x22\x0d\x0a   stroke-lin\
ecap=\x22round\x22\x0d\x0a  \
 stroke-linejoin\
=\x22round\x22\x0d\x0a   cla\
ss=\x22feather feat\
her-eye\x22\x0d\x0a   ver\
sion=\x221.1\x22\x0d\x0a   i\
d=\x22svg1\x22\x0d\x0a   sod\
ipodi:docname=\x22e\
ye.svg\x22\x0d\x0a   inks\
cape:version=\x221.\
4.3 (0d15f75, 20\
25-12-25)\x22\x0d\x0a   x\
mlns:inkscape=\x22h\
ttp://www.inksca\
pe.org/namespace\
s/inkscape\x22\x0d\x0a   \
xmlns:sodipodi=\x22\
http://sodipodi.\
sourceforge.net/\
DTD/sodipodi-0.d\
td\x22\x0d\x0a   xmlns=\x22h\
ttp://www.w3.org\
/2000/svg\x22\x0d\x0a   x\
mlns:svg=\x22http:/\
/www.w3.org/2000\
/svg\x22>\x0d\x0a  <defs\x0d\
\x0a     id=\x22defs1\x22\
 />\x0d\x0a  <sodipodi\
:namedview\x0d\x0a    \
 id=\x22namedview1\x22\
\x0d\x0a     pagecolor\
=\x22#ffffff\x22\x0d\x0a    \
 bordercolor=\x22#0\
00000\x22\x0d\x0a     bor\
deropacity=\x220.25\
\x22\x0d\x0a     inkscape\
:showpageshadow=\
\x222\x22\x0d\x0a     inksca\
pe:pageopacity=\x22\
0.0\x22\x0d\x0a     inksc\
ape:pagecheckerb\
oard=\x220\x22\x0d\x0a     i\
nkscape:deskcolo\
r=\x22#d1d1d1\x22\x0d\x0a   \
  inkscape:zoom=\
\x2233.625\x22\x0d\x0a     i\
nkscape:cx=\x2212\x22\x0d\
\x0a     inkscape:c\
y=\x2212\x22\x0d\x0a     ink\
scape:window-wid\
th=\x221920\x22\x0d\x0a     \
inkscape:window-\
height=\x221009\x22\x0d\x0a \
    inkscape:win\
dow-x=\x22-8\x22\x0d\x0a    \
 inkscape:window\
-y=\x22-8\x22\x0d\x0a     in\
kscape:window-ma\
ximized=\x221\x22\x0d\x0a   \
  inkscape:curre\
nt-layer=\x22svg1\x22 \
/>\x0d\x0a  <path\x0d\x0a   \
  d=\x22M1 12s4-8 1\
1-8 11 8 11 8-4 \
8-11 8-11-8-11-8\
z\x22\x0d\x0a     id=\x22pat\
h1\x22\x0d\x0a     style=\
\x22stroke:#ffffff;\
stroke-opacity:1\
\x22 />\x0d\x0a  <circle\x0d\
\x0a     cx=\x2212\x22\x0d\x0a \
    cy=\x2212\x22\x0d\x0a   \
  r=\x223\x22\x0d\x0a     id\
=\x22circle1\x22\x0d\x0a    \
 style=\x22stroke:#\
ffffff;stroke-op\
acity:1\x22 />\x0d\x0a</s\
vg>\x0d\x0a\
\x00\x00\x01=\
<\
svg xmlns=\x22http:\
//www.w3.org/200\
0/svg\x22 width=\x2224\
\x22 height=\x2224\x22 vi\
ewBox=\x220 0 24 24\
\x22 fill=\x22none\x22 st\
roke=\x22currentCol\
or\x22 stroke-width\
=\x222\x22 stroke-line\
cap=\x22round\x22 stro\
ke-linejoin=\x22rou\
nd\x22 class=\x22feath\
er feather-corne\
r-left-down\x22><po\
lyline points=\x221\
4 15 9 20 4 15\x22>\
</polyline><path\
 d=\x22M20 4h-7a4 4\
 0 0 0-4 4v12\x22><\
/path></svg>\
\x00\x00\x01Y\
<\
svg xmlns=\x22http:\
//www.w3.org/200\
0/svg\x22 width=\x2224\
\x22 height=\x2224\x22 vi\
ewBox=\x220 0 24 24\
\x22 fill=\x22none\x22 st\
roke=\x22currentCol\
or\x22 stroke-width\
=\x222\x22 stroke-line\
cap=\x22round\x22 stro\
ke-linejoin=\x22rou\
nd\x22 class=\x22feath\
er feather-ancho\
r\x22><circle cx=\x221\
2\x22 cy=\x225\x22 r=\x223\x22>\
</circle><line x\
1=\x2212\x22 y1=\x2222\x22 x\
2=\x2212\x22 y2=\x228\x22></\
line><path d=\x22M5\
 12H2a10 10 0 0 \
0 20 0h-3\x22></pat\
h></svg>\
\x00\x00\x01>\
<\
svg xmlns=\x22http:\
//www.w3.org/200\
0/svg\x22 width=\x2224\
\x22 height=\x2224\x22 vi\
ewBox=\x220 0 24 24\
\x22 fill=\x22none\x22 st\
roke=\x22currentCol\
or\x22 stroke-width\
=\x222\x22 stroke-line\
cap=\x22round\x22 stro\
ke-linejoin=\x22rou\
nd\x22 class=\x22feath\
er feather-corne\
r-right-down\x22><p\
olyline points=\x22\
10 15 15 20 20 1\
5\x22></polyline><p\
ath d=\x22M4 4h7a4 \
4 0 0 1 4 4v12\x22>\
</path></svg>\
\x00\x00\x01/\
<\
svg xmlns=\x22http:\
//www.w3.org/200\
0/svg\x22 width=\x2224\
\x22 height=\x2224\x22 vi\
ewBox=\x220 0 24 24\
\x22 fill=\x22none\x22 st\
roke=\x22currentCol\
or\x22 stroke-width\
=\x222\x22 stroke-line\
cap=\x22round\x22 stro\
ke-linejoin=\x22rou\
nd\x22 class=\x22feath\
er feather-faceb\
ook\x22><path d=\x22M1\
8 2h-3a5 5 0 0 0\
-5 5v3H7v4h3v8h4\
v-8h3l1-4h-4V7a1\
 1 0 0 1 1-1h3z\x22\
></path></svg>\
\x00\x00\x01\x17\
<\
svg xmlns=\x22http:\
//www.w3.org/200\
0/svg\x22 width=\x2224\
\x22 height=\x2224\x22 vi\
ewBox=\x220 0 24 24\
\x22 fill=\x22none\x22 st\
roke=\x22currentCol\
or\x22 stroke-width\
=\x222\x22 stroke-line\
cap=\x22round\x22 stro\
ke-linejoin=\x22rou\
nd\x22 class=\x22feath\
er feather-navig\
ation-2\x22><polygo\
n points=\x2212 2 1\
9 21 12 17 5 21 \
12 2\x22></polygon>\
</svg>\
\x00\x00\x01B\
<\
svg xmlns=\x22http:\
//www.w3.org/200\
0/svg\x22 width=\x2224\
\x22 height=\x2224\x22 vi\
ewBox=\x220 0 24 24\
\x22 fill=\x22none\x22 st\
roke=\x22currentCol\
or\x22 stroke-width\
=\x222\x22 stroke-line\
cap=\x22round\x22 stro\
ke-linejoin=\x22rou\
nd\x22 class=\x22feath\
er feather-at-si\
gn\x22><circle cx=\x22\
12\x22 cy=\x2212\x22 r=\x224\
\x22></circle><path\
 d=\x22M16 8v5a3 3 \
0 0 0 6 0v-1a10 \
10 0 1 0-3.92 7.\
94\x22></path></svg\
>\
\x00\x00\x01\xab\
<\
svg xmlns=\x22http:\
//www.w3.org/200\
0/svg\x22 width=\x2224\
\x22 height=\x2224\x22 vi\
ewBox=\x220 0 24 24\
\x22 fill=\x22none\x22 st\
roke=\x22currentCol\
or\x22 stroke-width\
=\x222\x22 stroke-line\
cap=\x22round\x22 stro\
ke-linejoin=\x22rou\
nd\x22 class=\x22feath\
er feather-batte\
ry-charging\x22><pa\
th d=\x22M5 18H3a2 \
2 0 0 1-2-2V8a2 \
2 0 0 1 2-2h3.19\
M15 6h2a2 2 0 0 \
1 2 2v8a2 2 0 0 \
1-2 2h-3.19\x22></p\
ath><line x1=\x2223\
\x22 y1=\x2213\x22 x2=\x2223\
\x22 y2=\x2211\x22></line\
><polyline point\
s=\x2211 6 7 12 13 \
12 9 18\x22></polyl\
ine></svg>\
\x00\x00\x01\x95\
<\
svg xmlns=\x22http:\
//www.w3.org/200\
0/svg\x22 width=\x2224\
\x22 height=\x2224\x22 vi\
ewBox=\x220 0 24 24\
\x22 fill=\x22none\x22 st\
roke=\x22currentCol\
or\x22 stroke-width\
=\x222\x22 stroke-line\
cap=\x22round\x22 stro\
ke-linejoin=\x22rou\
nd\x22 class=\x22feath\
er feather-inbox\
\x22><polyline poin\
ts=\x2222 12 16 12 \
14 15 10 15 8 12\
 2 12\x22></polylin\
e><path d=\x22M5.45\
 5.11L2 12v6a2 2\
 0 0 0 2 2h16a2 \
2 0 0 0 2-2v-6l-\
3.45-6.89A2 2 0 \
0 0 16.76 4H7.24\
a2 2 0 0 0-1.79 \
1.11z\x22></path></\
svg>\
\x00\x00\x01Y\
<\
svg xmlns=\x22http:\
//www.w3.org/200\
0/svg\x22 width=\x2224\
\x22 height=\x2224\x22 vi\
ewBox=\x220 0 24 24\
\x22 fill=\x22none\x22 st\
roke=\x22currentCol\
or\x22 stroke-width\
=\x222\x22 stroke-line\
cap=\x22round\x22 stro\
ke-linejoin=\x22rou\
nd\x22 class=\x22feath\
er feather-cloud\
-lightning\x22><pat\
h d=\x22M19 16.9A5 \
5 0 0 0 18 7h-1.\
26a8 8 0 1 0-11.\
62 9\x22></path><po\
lyline points=\x221\
3 11 9 17 15 17 \
11 23\x22></polylin\
e></svg>\
\x00\x00\x01\xd9\
<\
svg xmlns=\x22http:\
//www.w3.org/200\
0/svg\x22 width=\x2224\
\x22 height=\x2224\x22 vi\
ewBox=\x220 0 24 24\
\x22 fill=\x22none\x22 st\
roke=\x22currentCol\
or\x22 stroke-width\
=\x222\x22 stroke-line\
cap=\x22round\x22 stro\
ke-linejoin=\x22rou\
nd\x22 class=\x22feath\
er feather-file-\
text\x22><path d=\x22M\
14 2H6a2 2 0 0 0\
-2 2v16a2 2 0 0 \
0 2 2h12a2 2 0 0\
 0 2-2V8z\x22></pat\
h><polyline poin\
ts=\x2214 2 14 8 20\
 8\x22></polyline><\
line x1=\x2216\x22 y1=\
\x2213\x22 x2=\x228\x22 y2=\x22\
13\x22></line><line\
 x1=\x2216\x22 y1=\x2217\x22\
 x2=\x228\x22 y2=\x2217\x22>\
</line><polyline\
 points=\x2210 9 9 \
9 8 9\x22></polylin\
e></svg>\
\x00\x00\x01\x8d\
<\
svg xmlns=\x22http:\
//www.w3.org/200\
0/svg\x22 width=\x2224\
\x22 height=\x2224\x22 vi\
ewBox=\x220 0 24 24\
\x22 fill=\x22none\x22 st\
roke=\x22currentCol\
or\x22 stroke-width\
=\x222\x22 stroke-line\
cap=\x22round\x22 stro\
ke-linejoin=\x22rou\
nd\x22 class=\x22feath\
er feather-align\
-right\x22><line x1\
=\x2221\x22 y1=\x2210\x22 x2\
=\x227\x22 y2=\x2210\x22></l\
ine><line x1=\x2221\
\x22 y1=\x226\x22 x2=\x223\x22 \
y2=\x226\x22></line><l\
ine x1=\x2221\x22 y1=\x22\
14\x22 x2=\x223\x22 y2=\x221\
4\x22></line><line \
x1=\x2221\x22 y1=\x2218\x22 \
x2=\x227\x22 y2=\x2218\x22><\
/line></svg>\
\x00\x00\x01F\
<\
svg xmlns=\x22http:\
//www.w3.org/200\
0/svg\x22 width=\x2224\
\x22 height=\x2224\x22 vi\
ewBox=\x220 0 24 24\
\x22 fill=\x22none\x22 st\
roke=\x22currentCol\
or\x22 stroke-width\
=\x222\x22 stroke-line\
cap=\x22round\x22 stro\
ke-linejoin=\x22rou\
nd\x22 class=\x22feath\
er feather-wind\x22\
><path d=\x22M9.59 \
4.59A2 2 0 1 1 1\
1 8H2m10.59 11.4\
1A2 2 0 1 0 14 1\
6H2m15.73-8.27A2\
.5 2.5 0 1 1 19.\
5 12H2\x22></path><\
/svg>\
\x00\x00\x01\x1a\
<\
svg xmlns=\x22http:\
//www.w3.org/200\
0/svg\x22 width=\x2224\
\x22 height=\x2224\x22 vi\
ewBox=\x220 0 24 24\
\x22 fill=\x22none\x22 st\
roke=\x22currentCol\
or\x22 stroke-width\
=\x222\x22 stroke-line\
cap=\x22round\x22 stro\
ke-linejoin=\x22rou\
nd\x22 class=\x22feath\
er feather-zap\x22>\
<polygon points=\
\x2213 2 3 14 12 14\
 11 22 21 10 12 \
10 13 2\x22></polyg\
on></svg>\
\x00\x00\x014\
<\
svg xmlns=\x22http:\
//www.w3.org/200\
0/svg\x22 width=\x2224\
\x22 height=\x2224\x22 vi\
ewBox=\x220 0 24 24\
\x22 fill=\x22none\x22 st\
roke=\x22currentCol\
or\x22 stroke-width\
=\x222\x22 stroke-line\
cap=\x22round\x22 stro\
ke-linejoin=\x22rou\
nd\x22 class=\x22feath\
er feather-power\
\x22><path d=\x22M18.3\
6 6.64a9 9 0 1 1\
-12.73 0\x22></path\
><line x1=\x2212\x22 y\
1=\x222\x22 x2=\x2212\x22 y2\
=\x2212\x22></line></s\
vg>\
\x00\x00\x01G\
<\
svg xmlns=\x22http:\
//www.w3.org/200\
0/svg\x22 width=\x2224\
\x22 height=\x2224\x22 vi\
ewBox=\x220 0 24 24\
\x22 fill=\x22none\x22 st\
roke=\x22currentCol\
or\x22 stroke-width\
=\x222\x22 stroke-line\
cap=\x22round\x22 stro\
ke-linejoin=\x22rou\
nd\x22 class=\x22feath\
er feather-bold\x22\
><path d=\x22M6 4h8\
a4 4 0 0 1 4 4 4\
 4 0 0 1-4 4H6z\x22\
></path><path d=\
\x22M6 12h9a4 4 0 0\
 1 4 4 4 4 0 0 1\
-4 4H6z\x22></path>\
</svg>\
\x00\x00\x01c\
<\
svg xmlns=\x22http:\
//www.w3.org/200\
0/svg\x22 width=\x2224\
\x22 height=\x2224\x22 vi\
ewBox=\x220 0 24 24\
\x22 fill=\x22none\x22 st\
roke=\x22currentCol\
or\x22 stroke-width\
=\x222\x22 stroke-line\
cap=\x22round\x22 stro\
ke-linejoin=\x22rou\
nd\x22 class=\x22feath\
er feather-bar-c\
hart-2\x22><line x1\
=\x2218\x22 y1=\x2220\x22 x2\
=\x2218\x22 y2=\x2210\x22></\
line><line x1=\x221\
2\x22 y1=\x2220\x22 x2=\x221\
2\x22 y2=\x224\x22></line\
><line x1=\x226\x22 y1\
=\x2220\x22 x2=\x226\x22 y2=\
\x2214\x22></line></sv\
g>\
\x00\x00\x01=\
<\
svg xmlns=\x22http:\
//www.w3.org/200\
0/svg\x22 width=\x2224\
\x22 height=\x2224\x22 vi\
ewBox=\x220 0 24 24\
\x22 fill=\x22none\x22 st\
roke=\x22currentCol\
or\x22 stroke-width\
=\x222\x22 stroke-line\
cap=\x22round\x22 stro\
ke-linejoin=\x22rou\
nd\x22 class=\x22feath\
er feather-rotat\
e-ccw\x22><polyline\
 points=\x221 4 1 1\
0 7 10\x22></polyli\
ne><path d=\x22M3.5\
1 15a9 9 0 1 0 2\
.13-9.36L1 10\x22><\
/path></svg>\
\x00\x00\x01m\
<\
svg xmlns=\x22http:\
//www.w3.org/200\
0/svg\x22 width=\x2224\
\x22 height=\x2224\x22 vi\
ewBox=\x220 0 24 24\
\x22 fill=\x22none\x22 st\
roke=\x22currentCol\
or\x22 stroke-width\
=\x222\x22 stroke-line\
cap=\x22round\x22 stro\
ke-linejoin=\x22rou\
nd\x22 class=\x22feath\
er feather-user-\
minus\x22><path d=\x22\
M16 21v-2a4 4 0 \
0 0-4-4H5a4 4 0 \
0 0-4 4v2\x22></pat\
h><circle cx=\x228.\
5\x22 cy=\x227\x22 r=\x224\x22>\
</circle><line x\
1=\x2223\x22 y1=\x2211\x22 x\
2=\x2217\x22 y2=\x2211\x22><\
/line></svg>\
\x00\x00\x01\xe6\
<\
svg xmlns=\x22http:\
//www.w3.org/200\
0/svg\x22 width=\x2224\
\x22 height=\x2224\x22 vi\
ewBox=\x220 0 24 24\
\x22 fill=\x22none\x22 st\
roke=\x22currentCol\
or\x22 stroke-width\
=\x222\x22 stroke-line\
cap=\x22round\x22 stro\
ke-linejoin=\x22rou\
nd\x22 class=\x22feath\
er feather-codep\
en\x22><polygon poi\
nts=\x2212 2 22 8.5\
 22 15.5 12 22 2\
 15.5 2 8.5 12 2\
\x22></polygon><lin\
e x1=\x2212\x22 y1=\x2222\
\x22 x2=\x2212\x22 y2=\x2215\
.5\x22></line><poly\
line points=\x2222 \
8.5 12 15.5 2 8.\
5\x22></polyline><p\
olyline points=\x22\
2 15.5 12 8.5 22\
 15.5\x22></polylin\
e><line x1=\x2212\x22 \
y1=\x222\x22 x2=\x2212\x22 y\
2=\x228.5\x22></line><\
/svg>\
\x00\x00\x02i\
<\
svg xmlns=\x22http:\
//www.w3.org/200\
0/svg\x22 width=\x2224\
\x22 height=\x2224\x22 vi\
ewBox=\x220 0 24 24\
\x22 fill=\x22none\x22 st\
roke=\x22currentCol\
or\x22 stroke-width\
=\x222\x22 stroke-line\
cap=\x22round\x22 stro\
ke-linejoin=\x22rou\
nd\x22 class=\x22feath\
er feather-phone\
-outgoing\x22><poly\
line points=\x2223 \
7 23 1 17 1\x22></p\
olyline><line x1\
=\x2216\x22 y1=\x228\x22 x2=\
\x2223\x22 y2=\x221\x22></li\
ne><path d=\x22M22 \
16.92v3a2 2 0 0 \
1-2.18 2 19.79 1\
9.79 0 0 1-8.63-\
3.07 19.5 19.5 0\
 0 1-6-6 19.79 1\
9.79 0 0 1-3.07-\
8.67A2 2 0 0 1 4\
.11 2h3a2 2 0 0 \
1 2 1.72 12.84 1\
2.84 0 0 0 .7 2.\
81 2 2 0 0 1-.45\
 2.11L8.09 9.91a\
16 16 0 0 0 6 6l\
1.27-1.27a2 2 0 \
0 1 2.11-.45 12.\
84 12.84 0 0 0 2\
.81.7A2 2 0 0 1 \
22 16.92z\x22></pat\
h></svg>\
"

qt_resource_name = b"\
\x00\x05\
\x00o\xa6S\
\x00i\
\x00c\x00o\x00n\x00s\
\x00\x04\
\x00\x075\xdf\
\x00l\
\x00o\x00g\x00o\
\x00\x10\
\x0a4\xe6'\
\x00S\
\x00P\x00P\x00L\x00-\x00l\x00o\x00g\x00o\x00-\x00s\x00q\x00.\x00p\x00n\x00g\
\x00\x08\
\x06aTG\
\x00m\
\x00o\x00o\x00n\x00.\x00s\x00v\x00g\
\x00\x10\
\x0e\xe3\x01g\
\x00s\
\x00k\x00i\x00p\x00-\x00f\x00o\x00r\x00w\x00a\x00r\x00d\x00.\x00s\x00v\x00g\
\x00\x0b\
\x08v\xaf\xa7\
\x00s\
\x00i\x00d\x00e\x00b\x00a\x00r\x00.\x00s\x00v\x00g\
\x00\x0f\
\x02\xb2\x8eG\
\x00r\
\x00e\x00f\x00r\x00e\x00s\x00h\x00-\x00c\x00c\x00w\x00.\x00s\x00v\x00g\
\x00\x0e\
\x0e+\x18\x87\
\x00a\
\x00l\x00i\x00g\x00n\x00-\x00l\x00e\x00f\x00t\x00.\x00s\x00v\x00g\
\x00\x13\
\x0f\x16\xc9'\
\x00a\
\x00r\x00r\x00o\x00w\x00-\x00d\x00o\x00w\x00n\x00-\x00l\x00e\x00f\x00t\x00.\x00s\
\x00v\x00g\
\x00\x0f\
\x0b\xa3Gg\
\x00p\
\x00l\x00a\x00y\x00-\x00c\x00i\x00r\x00c\x00l\x00e\x00.\x00s\x00v\x00g\
\x00\x0f\
\x06\x9fG\xa7\
\x00f\
\x00o\x00l\x00d\x00e\x00r\x00-\x00p\x00l\x00u\x00s\x00.\x00s\x00v\x00g\
\x00\x12\
\x0e\xff\xaeg\
\x00m\
\x00e\x00s\x00s\x00a\x00g\x00e\x00-\x00s\x00q\x00u\x00a\x00r\x00e\x00.\x00s\x00v\
\x00g\
\x00\x09\
\x0c\x98\xb7\xc7\
\x00p\
\x00a\x00u\x00s\x00e\x00.\x00s\x00v\x00g\
\x00\x0b\
\x0a2\x9b\xa7\
\x00t\
\x00w\x00i\x00t\x00t\x00e\x00r\x00.\x00s\x00v\x00g\
\x00\x08\
\x0b\x07W\xa7\
\x00e\
\x00d\x00i\x00t\x00.\x00s\x00v\x00g\
\x00\x0a\
\x0b\x88B\x07\
\x00r\
\x00e\x00p\x00e\x00a\x00t\x00.\x00s\x00v\x00g\
\x00\x0d\
\x0c\xea\x0f\xc7\
\x00x\
\x00-\x00o\x00c\x00t\x00a\x00g\x00o\x00n\x00.\x00s\x00v\x00g\
\x00\x0e\
\x081\x0a\xa7\
\x00s\
\x00h\x00i\x00e\x00l\x00d\x00-\x00o\x00f\x00f\x00.\x00s\x00v\x00g\
\x00\x0a\
\x0c\xcac\xe7\
\x00s\
\x00e\x00r\x00v\x00e\x00r\x00.\x00s\x00v\x00g\
\x00\x0b\
\x08\xf6\x8b\xc7\
\x00s\
\x00h\x00a\x00r\x00e\x00-\x002\x00.\x00s\x00v\x00g\
\x00\x0b\
\x06&\x5cG\
\x00m\
\x00a\x00p\x00-\x00p\x00i\x00n\x00.\x00s\x00v\x00g\
\x00\x0d\
\x08\xd5\xc9g\
\x00u\
\x00n\x00d\x00e\x00r\x00l\x00i\x00n\x00e\x00.\x00s\x00v\x00g\
\x00\x0a\
\x07\x0b,\xc7\
\x00e\
\x00d\x00i\x00t\x00-\x003\x00.\x00s\x00v\x00g\
\x00\x0a\
\x08\x8b\x0b\xa7\
\x00s\
\x00q\x00u\x00a\x00r\x00e\x00.\x00s\x00v\x00g\
\x00\x0e\
\x09Xl\x87\
\x00c\
\x00h\x00e\x00v\x00r\x00o\x00n\x00-\x00u\x00p\x00.\x00s\x00v\x00g\
\x00\x0f\
\x00\x127\xe7\
\x00t\
\x00o\x00g\x00g\x00l\x00e\x00-\x00l\x00e\x00f\x00t\x00.\x00s\x00v\x00g\
\x00\x0e\
\x05W)\xa7\
\x00s\
\x00m\x00a\x00r\x00t\x00p\x00h\x00o\x00n\x00e\x00.\x00s\x00v\x00g\
\x00\x0b\
\x05\x10\xaaG\
\x00e\
\x00y\x00e\x00-\x00o\x00f\x00f\x00.\x00s\x00v\x00g\
\x00\x0b\
\x0e\x1c+\x87\
\x00f\
\x00e\x00a\x00t\x00h\x00e\x00r\x00.\x00s\x00v\x00g\
\x00\x0a\
\x00HC\x07\
\x00r\
\x00e\x00w\x00i\x00n\x00d\x00.\x00s\x00v\x00g\
\x00\x08\
\x08\xa7W\xe7\
\x00c\
\x00a\x00s\x00t\x00.\x00s\x00v\x00g\
\x00\x0e\
\x06\x0c\x07\x87\
\x00a\
\x00r\x00r\x00o\x00w\x00-\x00d\x00o\x00w\x00n\x00.\x00s\x00v\x00g\
\x00\x11\
\x0e\xfb\xa3\xc7\
\x00c\
\x00l\x00o\x00u\x00d\x00-\x00d\x00r\x00i\x00z\x00z\x00l\x00e\x00.\x00s\x00v\x00g\
\
\x00\x0d\
\x04\xda\xdc\xe7\
\x00g\
\x00i\x00t\x00-\x00m\x00e\x00r\x00g\x00e\x00.\x00s\x00v\x00g\
\x00\x0d\
\x01\x95]\xc7\
\x00l\
\x00i\x00f\x00e\x00-\x00b\x00u\x00o\x00y\x00.\x00s\x00v\x00g\
\x00\x08\
\x05\xa8W\x87\
\x00c\
\x00o\x00d\x00e\x00.\x00s\x00v\x00g\
\x00\x08\
\x00\xa7T\xa7\
\x00l\
\x00i\x00s\x00t\x00.\x00s\x00v\x00g\
\x00\x08\
\x00hUG\
\x00t\
\x00y\x00p\x00e\x00.\x00s\x00v\x00g\
\x00\x13\
\x06\xffr\x07\
\x00m\
\x00o\x00r\x00e\x00-\x00h\x00o\x00r\x00i\x00z\x00o\x00n\x00t\x00a\x00l\x00.\x00s\
\x00v\x00g\
\x00\x08\
\x09cW\x87\
\x00c\
\x00r\x00o\x00p\x00.\x00s\x00v\x00g\
\x00\x0a\
\x05\x95\xd0\xa7\
\x00u\
\x00n\x00l\x00o\x00c\x00k\x00.\x00s\x00v\x00g\
\x00\x10\
\x02\xfe\x1a\xa7\
\x00m\
\x00i\x00n\x00u\x00s\x00-\x00c\x00i\x00r\x00c\x00l\x00e\x00.\x00s\x00v\x00g\
\x00\x0a\
\x06=e\xe7\
\x00c\
\x00h\x00r\x00o\x00m\x00e\x00.\x00s\x00v\x00g\
\x00\x0b\
\x08\x93\x92\xa7\
\x00c\
\x00o\x00m\x00m\x00a\x00n\x00d\x00.\x00s\x00v\x00g\
\x00\x09\
\x0a\xc2\xa3'\
\x00v\
\x00i\x00d\x00e\x00o\x00.\x00s\x00v\x00g\
\x00\x09\
\x08\x87\x8bg\
\x00a\
\x00w\x00a\x00r\x00d\x00.\x00s\x00v\x00g\
\x00\x0b\
\x04\x82\x9dG\
\x00c\
\x00o\x00l\x00u\x00m\x00n\x00s\x00.\x00s\x00v\x00g\
\x00\x08\
\x00(Wg\
\x00f\
\x00i\x00l\x00e\x00.\x00s\x00v\x00g\
\x00\x0e\
\x04\x1b\xd7\x87\
\x00r\
\x00e\x00f\x00r\x00e\x00s\x00h\x00-\x00c\x00w\x00.\x00s\x00v\x00g\
\x00\x11\
\x0frI\xa7\
\x00e\
\x00x\x00t\x00e\x00r\x00n\x00a\x00l\x00-\x00l\x00i\x00n\x00k\x00.\x00s\x00v\x00g\
\
\x00\x07\
\x09\xa6Z'\
\x00r\
\x00s\x00s\x00.\x00s\x00v\x00g\
\x00\x0e\
\x03\xc0\xa9\x07\
\x00c\
\x00l\x00o\x00u\x00d\x00-\x00s\x00n\x00o\x00w\x00.\x00s\x00v\x00g\
\x00\x11\
\x0b\x9aH\x07\
\x00m\
\x00o\x00u\x00s\x00e\x00-\x00p\x00o\x00i\x00n\x00t\x00e\x00r\x00.\x00s\x00v\x00g\
\
\x00\x08\
\x08\x9bW\x07\
\x00h\
\x00a\x00s\x00h\x00.\x00s\x00v\x00g\
\x00\x0c\
\x0b\xdf,\xc7\
\x00s\
\x00e\x00t\x00t\x00i\x00n\x00g\x00s\x00.\x00s\x00v\x00g\
\x00\x0b\
\x03\x03\x96\xc7\
\x00z\
\x00o\x00o\x00m\x00-\x00i\x00n\x00.\x00s\x00v\x00g\
\x00\x0d\
\x0c\xe7\x89\xc7\
\x00c\
\x00l\x00i\x00p\x00b\x00o\x00a\x00r\x00d\x00.\x00s\x00v\x00g\
\x00\x0d\
\x0b\x8b\x22G\
\x00b\
\x00r\x00i\x00e\x00f\x00c\x00a\x00s\x00e\x00.\x00s\x00v\x00g\
\x00\x11\
\x0e\x8a\xbcG\
\x00a\
\x00l\x00e\x00r\x00t\x00-\x00o\x00c\x00t\x00a\x00g\x00o\x00n\x00.\x00s\x00v\x00g\
\
\x00\x0d\
\x0e\x0e\xcb\xc7\
\x00p\
\x00a\x00p\x00e\x00r\x00c\x00l\x00i\x00p\x00.\x00s\x00v\x00g\
\x00\x09\
\x0c\x96\xa3\xe7\
\x00u\
\x00s\x00e\x00r\x00s\x00.\x00s\x00v\x00g\
\x00\x0f\
\x00B\xa0\xe7\
\x00h\
\x00e\x00l\x00p\x00-\x00c\x00i\x00r\x00c\x00l\x00e\x00.\x00s\x00v\x00g\
\x00\x0a\
\x0a\x94&\xc7\
\x00t\
\x00w\x00i\x00t\x00c\x00h\x00.\x00s\x00v\x00g\
\x00\x0c\
\x04Y\xab\xc7\
\x00d\
\x00r\x00i\x00b\x00b\x00b\x00l\x00e\x00.\x00s\x00v\x00g\
\x00\x0a\
\x09\xc8\x02g\
\x00s\
\x00u\x00n\x00s\x00e\x00t\x00.\x00s\x00v\x00g\
\x00\x0b\
\x0b\x8d\x90\xc7\
\x00m\
\x00o\x00n\x00i\x00t\x00o\x00r\x00.\x00s\x00v\x00g\
\x00\x0b\
\x04\xc8\x5cG\
\x00z\
\x00a\x00p\x00-\x00o\x00f\x00f\x00.\x00s\x00v\x00g\
\x00\x0a\
\x07\x08,\xc7\
\x00e\
\x00d\x00i\x00t\x00-\x002\x00.\x00s\x00v\x00g\
\x00\x06\
\x07\xb9Z\xc7\
\x00t\
\x00v\x00.\x00s\x00v\x00g\
\x00\x07\
\x09kZ\x07\
\x00b\
\x00o\x00x\x00.\x00s\x00v\x00g\
\x00\x0d\
\x09\xc3S\x87\
\x00f\
\x00i\x00l\x00e\x00-\x00p\x00l\x00u\x00s\x00.\x00s\x00v\x00g\
\x00\x10\
\x00\xa9f\x07\
\x00p\
\x00h\x00o\x00n\x00e\x00-\x00m\x00i\x00s\x00s\x00e\x00d\x00.\x00s\x00v\x00g\
\x00\x10\
\x01\xa1\x1cG\
\x00t\
\x00o\x00g\x00g\x00l\x00e\x00-\x00r\x00i\x00g\x00h\x00t\x00.\x00s\x00v\x00g\
\x00\x08\
\x00NT\xa7\
\x00l\
\x00i\x00n\x00k\x00.\x00s\x00v\x00g\
\x00\x09\
\x0b\x9e\x89\x07\
\x00c\
\x00h\x00e\x00c\x00k\x00.\x00s\x00v\x00g\
\x00\x0c\
\x0b\xb0\x22\xa7\
\x00v\
\x00o\x00l\x00u\x00m\x00e\x00-\x001\x00.\x00s\x00v\x00g\
\x00\x0c\
\x08\x1a\x90\xa7\
\x00d\
\x00o\x00w\x00n\x00l\x00o\x00a\x00d\x00.\x00s\x00v\x00g\
\x00\x0e\
\x04\xe0\x02\xc7\
\x00g\
\x00i\x00t\x00-\x00c\x00o\x00m\x00m\x00i\x00t\x00.\x00s\x00v\x00g\
\x00\x09\
\x05\xc6\xb2\xc7\
\x00m\
\x00i\x00n\x00u\x00s\x00.\x00s\x00v\x00g\
\x00\x09\
\x0a\x9b\xa1\xc7\
\x00w\
\x00a\x00t\x00c\x00h\x00.\x00s\x00v\x00g\
\x00\x11\
\x08\xba!\xe7\
\x00c\
\x00h\x00e\x00v\x00r\x00o\x00n\x00s\x00-\x00l\x00e\x00f\x00t\x00.\x00s\x00v\x00g\
\
\x00\x0a\
\x0f\xad;G\
\x00d\
\x00i\x00v\x00i\x00d\x00e\x00.\x00s\x00v\x00g\
\x00\x07\
\x03\x83Z'\
\x00m\
\x00a\x00p\x00.\x00s\x00v\x00g\
\x00\x12\
\x06\xfe\x84\x87\
\x00p\
\x00h\x00o\x00n\x00e\x00-\x00i\x00n\x00c\x00o\x00m\x00i\x00n\x00g\x00.\x00s\x00v\
\x00g\
\x00\x0e\
\x05\xb0x\xa7\
\x00c\
\x00a\x00m\x00e\x00r\x00a\x00-\x00o\x00f\x00f\x00.\x00s\x00v\x00g\
\x00\x08\
\x08\xc8U\xe7\
\x00s\
\x00a\x00v\x00e\x00.\x00s\x00v\x00g\
\x00\x0b\
\x02\x10v'\
\x00d\
\x00r\x00o\x00p\x00l\x00e\x00t\x00.\x00s\x00v\x00g\
\x00\x10\
\x0cF*g\
\x00u\
\x00p\x00l\x00o\x00a\x00d\x00-\x00c\x00l\x00o\x00u\x00d\x00.\x00s\x00v\x00g\
\x00\x0c\
\x06\xeb\x9ag\
\x00z\
\x00o\x00o\x00m\x00-\x00o\x00u\x00t\x00.\x00s\x00v\x00g\
\x00\x0c\
\x09C\x1b\xc7\
\x00x\
\x00-\x00c\x00i\x00r\x00c\x00l\x00e\x00.\x00s\x00v\x00g\
\x00\x0b\
\x00\x19I'\
\x00a\
\x00r\x00c\x00h\x00i\x00v\x00e\x00.\x00s\x00v\x00g\
\x00\x0a\
\x0d\xc8\x0b\xc7\
\x00t\
\x00a\x00r\x00g\x00e\x00t\x00.\x00s\x00v\x00g\
\x00\x0d\
\x0d@cG\
\x00v\
\x00o\x00i\x00c\x00e\x00m\x00a\x00i\x00l\x00.\x00s\x00v\x00g\
\x00\x10\
\x06\xc0\xab'\
\x00s\
\x00h\x00o\x00p\x00p\x00i\x00n\x00g\x00-\x00b\x00a\x00g\x00.\x00s\x00v\x00g\
\x00\x0c\
\x05\xc9\x15\xc7\
\x00d\
\x00a\x00t\x00a\x00b\x00a\x00s\x00e\x00.\x00s\x00v\x00g\
\x00\x0a\
\x0f\xb8\x9b\x87\
\x00g\
\x00i\x00t\x00h\x00u\x00b\x00.\x00s\x00v\x00g\
\x00\x0a\
\x02x\x9b\xa7\
\x00g\
\x00i\x00t\x00l\x00a\x00b\x00.\x00s\x00v\x00g\
\x00\x16\
\x0ei\xe8\x07\
\x00a\
\x00r\x00r\x00o\x00w\x00-\x00r\x00i\x00g\x00h\x00t\x00-\x00c\x00i\x00r\x00c\x00l\
\x00e\x00.\x00s\x00v\x00g\
\x00\x07\
\x01\xccZ'\
\x00k\
\x00e\x00y\x00.\x00s\x00v\x00g\
\x00\x0a\
\x0c\xad\x02\x87\
\x00d\
\x00e\x00l\x00e\x00t\x00e\x00.\x00s\x00v\x00g\
\x00\x0a\
\x0e\x0b:G\
\x00l\
\x00i\x00n\x00k\x00-\x002\x00.\x00s\x00v\x00g\
\x00\x0f\
\x0c\xf8\xfa\xe7\
\x00c\
\x00o\x00d\x00e\x00s\x00a\x00n\x00d\x00b\x00o\x00x\x00.\x00s\x00v\x00g\
\x00\x0f\
\x02\xe3G'\
\x00p\
\x00l\x00u\x00s\x00-\x00c\x00i\x00r\x00c\x00l\x00e\x00.\x00s\x00v\x00g\
\x00\x0b\
\x06!\xeeG\
\x00l\
\x00o\x00g\x00-\x00o\x00u\x00t\x00.\x00s\x00v\x00g\
\x00\x11\
\x0d%8G\
\x00d\
\x00i\x00v\x00i\x00d\x00e\x00-\x00s\x00q\x00u\x00a\x00r\x00e\x00.\x00s\x00v\x00g\
\
\x00\x0d\
\x0c<\xdf'\
\x00v\
\x00i\x00d\x00e\x00o\x00-\x00o\x00f\x00f\x00.\x00s\x00v\x00g\
\x00\x0a\
\x0c;\xf6\xa7\
\x00v\
\x00o\x00l\x00u\x00m\x00e\x00.\x00s\x00v\x00g\
\x00\x0e\
\x08\xa5\xc5\xc7\
\x00m\
\x00i\x00n\x00i\x00m\x00i\x00z\x00e\x00-\x002\x00.\x00s\x00v\x00g\
\x00\x09\
\x08\x88\xa9\x07\
\x00s\
\x00h\x00a\x00r\x00e\x00.\x00s\x00v\x00g\
\x00\x0f\
\x0dp7\xa7\
\x00c\
\x00h\x00e\x00v\x00r\x00o\x00n\x00s\x00-\x00u\x00p\x00.\x00s\x00v\x00g\
\x00\x0c\
\x0f\x88\xfaG\
\x00m\
\x00i\x00n\x00i\x00m\x00i\x00z\x00e\x00.\x00s\x00v\x00g\
\x00\x05\
\x00{Z\xc7\
\x00x\
\x00.\x00s\x00v\x00g\
\x00\x08\
\x0cXT\xa7\
\x00m\
\x00e\x00n\x00u\x00.\x00s\x00v\x00g\
\x00\x09\
\x06H\xb7'\
\x00p\
\x00h\x00o\x00n\x00e\x00.\x00s\x00v\x00g\
\x00\x0b\
\x02\x5cH'\
\x00a\
\x00i\x00r\x00p\x00l\x00a\x00y\x00.\x00s\x00v\x00g\
\x00\x12\
\x0b\xd5a\xa7\
\x00c\
\x00o\x00r\x00n\x00e\x00r\x00-\x00u\x00p\x00-\x00l\x00e\x00f\x00t\x00.\x00s\x00v\
\x00g\
\x00\x0a\
\x04\x0f1\x87\
\x00l\
\x00o\x00g\x00-\x00i\x00n\x00.\x00s\x00v\x00g\
\x00\x09\
\x06\xb7\x8e\xa7\
\x00c\
\x00l\x00o\x00u\x00d\x00.\x00s\x00v\x00g\
\x00\x0c\
\x0b\xa9\x22\xa7\
\x00v\
\x00o\x00l\x00u\x00m\x00e\x00-\x002\x00.\x00s\x00v\x00g\
\x00\x14\
\x07XSG\
\x00c\
\x00o\x00r\x00n\x00e\x00r\x00-\x00d\x00o\x00w\x00n\x00-\x00l\x00e\x00f\x00t\x00.\
\x00s\x00v\x00g\
\x00\x07\
\x03\xf6Z'\
\x00m\
\x00i\x00c\x00.\x00s\x00v\x00g\
\x00\x0c\
\x0fy\xbaG\
\x00m\
\x00a\x00x\x00i\x00m\x00i\x00z\x00e\x00.\x00s\x00v\x00g\
\x00\x0c\
\x05\xa2\x9e\xa7\
\x00b\
\x00o\x00o\x00k\x00m\x00a\x00r\x00k\x00.\x00s\x00v\x00g\
\x00\x08\
\x08\xf7W\x07\
\x00g\
\x00r\x00i\x00d\x00.\x00s\x00v\x00g\
\x00\x10\
\x00W\x05g\
\x00f\
\x00o\x00l\x00d\x00e\x00r\x00-\x00m\x00i\x00n\x00u\x00s\x00.\x00s\x00v\x00g\
\x00\x0a\
\x0a\xcb0'\
\x00l\
\x00o\x00a\x00d\x00e\x00r\x00.\x00s\x00v\x00g\
\x00\x11\
\x017\xcd'\
\x00m\
\x00o\x00r\x00e\x00-\x00v\x00e\x00r\x00t\x00i\x00c\x00a\x00l\x00.\x00s\x00v\x00g\
\
\x00\x0e\
\x08\x186'\
\x00u\
\x00s\x00e\x00r\x00-\x00c\x00h\x00e\x00c\x00k\x00.\x00s\x00v\x00g\
\x00\x14\
\x01\xefq\xa7\
\x00a\
\x00r\x00r\x00o\x00w\x00-\x00d\x00o\x00w\x00n\x00-\x00r\x00i\x00g\x00h\x00t\x00.\
\x00s\x00v\x00g\
\x00\x08\
\x02zWg\
\x00f\
\x00l\x00a\x00g\x00.\x00s\x00v\x00g\
\x00\x12\
\x01^\x97G\
\x00a\
\x00l\x00e\x00r\x00t\x00-\x00t\x00r\x00i\x00a\x00n\x00g\x00l\x00e\x00.\x00s\x00v\
\x00g\
\x00\x0a\
\x0a\xc8\xf6\x87\
\x00f\
\x00o\x00l\x00d\x00e\x00r\x00.\x00s\x00v\x00g\
\x00\x0f\
\x00P\xd7G\
\x00p\
\x00l\x00u\x00s\x00-\x00s\x00q\x00u\x00a\x00r\x00e\x00.\x00s\x00v\x00g\
\x00\x0d\
\x08\xcd\x14\xc7\
\x00i\
\x00n\x00s\x00t\x00a\x00g\x00r\x00a\x00m\x00.\x00s\x00v\x00g\
\x00\x0a\
\x02\xfcO\xc7\
\x00i\
\x00t\x00a\x00l\x00i\x00c\x00.\x00s\x00v\x00g\
\x00\x0c\
\x09\xd0w\x87\
\x00a\
\x00r\x00r\x00o\x00w\x00-\x00u\x00p\x00.\x00s\x00v\x00g\
\x00\x0b\
\x0cMM\x87\
\x00b\
\x00a\x00t\x00t\x00e\x00r\x00y\x00.\x00s\x00v\x00g\
\x00\x0b\
\x05.\xb6G\
\x00m\
\x00i\x00c\x00-\x00o\x00f\x00f\x00.\x00s\x00v\x00g\
\x00\x09\
\x0e4\x83'\
\x00f\
\x00i\x00g\x00m\x00a\x00.\x00s\x00v\x00g\
\x00\x08\
\x0a\x85U\x87\
\x00s\
\x00t\x00a\x00r\x00.\x00s\x00v\x00g\
\x00\x0a\
\x0c\x91j\xa7\
\x00c\
\x00a\x00m\x00e\x00r\x00a\x00.\x00s\x00v\x00g\
\x00\x0c\
\x0cQ;g\
\x00a\
\x00c\x00t\x00i\x00v\x00i\x00t\x00y\x00.\x00s\x00v\x00g\
\x00\x0a\
\x06\xc9\x08\xc7\
\x00l\
\x00a\x00y\x00o\x00u\x00t\x00.\x00s\x00v\x00g\
\x00\x0a\
\x08\x94m\xc7\
\x00s\
\x00e\x00a\x00r\x00c\x00h\x00.\x00s\x00v\x00g\
\x00\x12\
\x05\xdcs\x07\
\x00c\
\x00o\x00r\x00n\x00e\x00r\x00-\x00l\x00e\x00f\x00t\x00-\x00u\x00p\x00.\x00s\x00v\
\x00g\
\x00\x0c\
\x0b&r\xc7\
\x00t\
\x00e\x00r\x00m\x00i\x00n\x00a\x00l\x00.\x00s\x00v\x00g\
\x00\x0f\
\x03\xec\xf6\xe7\
\x00t\
\x00h\x00e\x00r\x00m\x00o\x00m\x00e\x00t\x00e\x00r\x00.\x00s\x00v\x00g\
\x00\x0c\
\x0av\xc2G\
\x00w\
\x00i\x00f\x00i\x00-\x00o\x00f\x00f\x00.\x00s\x00v\x00g\
\x00\x0b\
\x0b\xf2K\xe7\
\x00t\
\x00r\x00a\x00s\x00h\x00-\x002\x00.\x00s\x00v\x00g\
\x00\x0e\
\x09\xe5\xc4'\
\x00m\
\x00a\x00x\x00i\x00m\x00i\x00z\x00e\x00-\x002\x00.\x00s\x00v\x00g\
\x00\x08\
\x0c/W\xc7\
\x00b\
\x00e\x00l\x00l\x00.\x00s\x00v\x00g\
\x00\x0c\
\x08\xd1\x04G\
\x00b\
\x00e\x00l\x00l\x00-\x00o\x00f\x00f\x00.\x00s\x00v\x00g\
\x00\x0d\
\x08%\xcb\x07\
\x00p\
\x00h\x00o\x00n\x00e\x00-\x00o\x00f\x00f\x00.\x00s\x00v\x00g\
\x00\x0f\
\x0e\xd2\xf6G\
\x00t\
\x00h\x00u\x00m\x00b\x00s\x00-\x00d\x00o\x00w\x00n\x00.\x00s\x00v\x00g\
\x00\x08\
\x03\xc6T'\
\x00p\
\x00l\x00u\x00s\x00.\x00s\x00v\x00g\
\x00\x0a\
\x0a\xc8\xfa\xa7\
\x00f\
\x00i\x00l\x00t\x00e\x00r\x00.\x00s\x00v\x00g\
\x00\x09\
\x08\x9b\xae\x87\
\x00s\
\x00l\x00a\x00s\x00h\x00.\x00s\x00v\x00g\
\x00\x0b\
\x0c\xba\xcb\xe7\
\x00p\
\x00e\x00r\x00c\x00e\x00n\x00t\x00.\x00s\x00v\x00g\
\x00\x09\
\x0b\x02\xaa'\
\x00r\
\x00a\x00d\x00i\x00o\x00.\x00s\x00v\x00g\
\x00\x08\
\x00\x96W\xa7\
\x00d\
\x00i\x00s\x00c\x00.\x00s\x00v\x00g\
\x00\x0e\
\x01\xfe\xf6G\
\x00n\
\x00a\x00v\x00i\x00g\x00a\x00t\x00i\x00o\x00n\x00.\x00s\x00v\x00g\
\x00\x11\
\x0f\x8f('\
\x00d\
\x00i\x00v\x00i\x00d\x00e\x00-\x00c\x00i\x00r\x00c\x00l\x00e\x00.\x00s\x00v\x00g\
\
\x00\x08\
\x0f\xccUg\
\x00w\
\x00i\x00f\x00i\x00.\x00s\x00v\x00g\
\x00\x0d\
\x01\xa4*\xe7\
\x00c\
\x00l\x00o\x00u\x00d\x00-\x00o\x00f\x00f\x00.\x00s\x00v\x00g\
\x00\x0a\
\x0c\x9c\x0b'\
\x00l\
\x00a\x00y\x00e\x00r\x00s\x00.\x00s\x00v\x00g\
\x00\x0b\
\x00e\xd1\xe7\
\x00s\
\x00u\x00n\x00r\x00i\x00s\x00e\x00.\x00s\x00v\x00g\
\x00\x09\
\x0b\x9e\xad\xe7\
\x00t\
\x00r\x00u\x00c\x00k\x00.\x00s\x00v\x00g\
\x00\x10\
\x0d\xfd\xe1'\
\x00c\
\x00h\x00e\x00c\x00k\x00-\x00c\x00i\x00r\x00c\x00l\x00e\x00.\x00s\x00v\x00g\
\x00\x08\
\x0f\xd7Wg\
\x00g\
\x00i\x00f\x00t\x00.\x00s\x00v\x00g\
\x00\x08\
\x04\xd2T\xc7\
\x00i\
\x00n\x00f\x00o\x00.\x00s\x00v\x00g\
\x00\x13\
\x0b\xbd\xc8\x87\
\x00p\
\x00h\x00o\x00n\x00e\x00-\x00f\x00o\x00r\x00w\x00a\x00r\x00d\x00e\x00d\x00.\x00s\
\x00v\x00g\
\x00\x0c\
\x05Y\xaaG\
\x00t\
\x00r\x00i\x00a\x00n\x00g\x00l\x00e\x00.\x00s\x00v\x00g\
\x00\x14\
\x03\xe7,\x07\
\x00g\
\x00i\x00t\x00-\x00p\x00u\x00l\x00l\x00-\x00r\x00e\x00q\x00u\x00e\x00s\x00t\x00.\
\x00s\x00v\x00g\
\x00\x12\
\x00U\xbe'\
\x00m\
\x00e\x00s\x00s\x00a\x00g\x00e\x00-\x00c\x00i\x00r\x00c\x00l\x00e\x00.\x00s\x00v\
\x00g\
\x00\x09\
\x05\x9e\x8e\xa7\
\x00c\
\x00l\x00o\x00c\x00k\x00.\x00s\x00v\x00g\
\x00\x12\
\x0b \xfdG\
\x00c\
\x00h\x00e\x00v\x00r\x00o\x00n\x00s\x00-\x00r\x00i\x00g\x00h\x00t\x00.\x00s\x00v\
\x00g\
\x00\x09\
\x09(\xae'\
\x00t\
\x00a\x00b\x00l\x00e\x00.\x00s\x00v\x00g\
\x00\x11\
\x0b\xfbp\x07\
\x00a\
\x00l\x00i\x00g\x00n\x00-\x00j\x00u\x00s\x00t\x00i\x00f\x00y\x00.\x00s\x00v\x00g\
\
\x00\x0e\
\x01\xca6G\
\x00h\
\x00a\x00r\x00d\x00-\x00d\x00r\x00i\x00v\x00e\x00.\x00s\x00v\x00g\
\x00\x0c\
\x01\x8d\xc9\xa7\
\x00a\
\x00p\x00e\x00r\x00t\x00u\x00r\x00e\x00.\x00s\x00v\x00g\
\x00\x0c\
\x04\xa1\xf9\xa7\
\x00l\
\x00i\x00n\x00k\x00e\x00d\x00i\x00n\x00.\x00s\x00v\x00g\
\x00\x0a\
\x02\xc8\x15\xe7\
\x00t\
\x00a\x00b\x00l\x00e\x00t\x00.\x00s\x00v\x00g\
\x00\x08\
\x06|W\x87\
\x00c\
\x00o\x00p\x00y\x00.\x00s\x00v\x00g\
\x00\x0b\
\x011\x8d\xc7\
\x00s\
\x00p\x00e\x00a\x00k\x00e\x00r\x00.\x00s\x00v\x00g\
\x00\x13\
\x0d\xd4\xf9'\
\x00c\
\x00o\x00r\x00n\x00e\x00r\x00-\x00u\x00p\x00-\x00r\x00i\x00g\x00h\x00t\x00.\x00s\
\x00v\x00g\
\x00\x08\
\x000Wg\
\x00f\
\x00i\x00l\x00m\x00.\x00s\x00v\x00g\
\x00\x0e\
\x0a\xe6@G\
\x00p\
\x00h\x00o\x00n\x00e\x00-\x00c\x00a\x00l\x00l\x00.\x00s\x00v\x00g\
\x00\x0f\
\x0f\x22iG\
\x00a\
\x00r\x00r\x00o\x00w\x00-\x00r\x00i\x00g\x00h\x00t\x00.\x00s\x00v\x00g\
\x00\x0e\
\x08\xfa8\xa7\
\x00a\
\x00r\x00r\x00o\x00w\x00-\x00l\x00e\x00f\x00t\x00.\x00s\x00v\x00g\
\x00\x0f\
\x09\xb0^g\
\x00d\
\x00o\x00l\x00l\x00a\x00r\x00-\x00s\x00i\x00g\x00n\x00.\x00s\x00v\x00g\
\x00\x10\
\x06\xe6\xab\xe7\
\x00f\
\x00a\x00s\x00t\x00-\x00f\x00o\x00r\x00w\x00a\x00r\x00d\x00.\x00s\x00v\x00g\
\x00\x0d\
\x04\xdc\xcd\xa7\
\x00b\
\x00l\x00u\x00e\x00t\x00o\x00o\x00t\x00h\x00.\x00s\x00v\x00g\
\x00\x0a\
\x01\xc9\xb1\x87\
\x00p\
\x00o\x00c\x00k\x00e\x00t\x00.\x00s\x00v\x00g\
\x00\x10\
\x00T\x0a\xc7\
\x00m\
\x00i\x00n\x00u\x00s\x00-\x00s\x00q\x00u\x00a\x00r\x00e\x00.\x00s\x00v\x00g\
\x00\x15\
\x0b\xac\xb2G\
\x00a\
\x00r\x00r\x00o\x00w\x00-\x00d\x00o\x00w\x00n\x00-\x00c\x00i\x00r\x00c\x00l\x00e\
\x00.\x00s\x00v\x00g\
\x00\x10\
\x06\xf8\x19\x87\
\x00a\
\x00l\x00i\x00g\x00n\x00-\x00c\x00e\x00n\x00t\x00e\x00r\x00.\x00s\x00v\x00g\
\x00\x0d\
\x01;)g\
\x00t\
\x00h\x00u\x00m\x00b\x00s\x00-\x00u\x00p\x00.\x00s\x00v\x00g\
\x00\x0b\
\x07<\xae\xe7\
\x00p\
\x00a\x00c\x00k\x00a\x00g\x00e\x00.\x00s\x00v\x00g\
\x00\x09\
\x06\xe1\x81\xe7\
\x00f\
\x00r\x00o\x00w\x00n\x00.\x00s\x00v\x00g\
\x00\x0f\
\x0cW=\xa7\
\x00t\
\x00r\x00e\x00n\x00d\x00i\x00n\x00g\x00-\x00u\x00p\x00.\x00s\x00v\x00g\
\x00\x0a\
\x03A+G\
\x00t\
\x00r\x00e\x00l\x00l\x00o\x00.\x00s\x00v\x00g\
\x00\x0e\
\x024\x9f\xa7\
\x00h\
\x00e\x00a\x00d\x00p\x00h\x00o\x00n\x00e\x00s\x00.\x00s\x00v\x00g\
\x00\x13\
\x04y\xd6'\
\x00c\
\x00o\x00r\x00n\x00e\x00r\x00-\x00r\x00i\x00g\x00h\x00t\x00-\x00u\x00p\x00.\x00s\
\x00v\x00g\
\x00\x0d\
\x05(\x08\xa7\
\x00c\
\x00r\x00o\x00s\x00s\x00h\x00a\x00i\x00r\x00.\x00s\x00v\x00g\
\x00\x12\
\x06\x82\xb2G\
\x00d\
\x00o\x00w\x00n\x00l\x00o\x00a\x00d\x00-\x00c\x00l\x00o\x00u\x00d\x00.\x00s\x00v\
\x00g\
\x00\x15\
\x09o\xd5\xe7\
\x00a\
\x00r\x00r\x00o\x00w\x00-\x00l\x00e\x00f\x00t\x00-\x00c\x00i\x00r\x00c\x00l\x00e\
\x00.\x00s\x00v\x00g\
\x00\x10\
\x0bWqG\
\x00c\
\x00h\x00e\x00c\x00k\x00-\x00s\x00q\x00u\x00a\x00r\x00e\x00.\x00s\x00v\x00g\
\x00\x0c\
\x07\xb5\x02G\
\x00c\
\x00a\x00l\x00e\x00n\x00d\x00a\x00r\x00.\x00s\x00v\x00g\
\x00\x08\
\x09\xc5UG\
\x00u\
\x00s\x00e\x00r\x00.\x00s\x00v\x00g\
\x00\x0b\
\x0e\xbc\xc6'\
\x00h\
\x00e\x00x\x00a\x00g\x00o\x00n\x00.\x00s\x00v\x00g\
\x00\x0c\
\x0c\x87s\xa7\
\x00p\
\x00e\x00n\x00-\x00t\x00o\x00o\x00l\x00.\x00s\x00v\x00g\
\x00\x09\
\x07\xd8\xba\xa7\
\x00i\
\x00m\x00a\x00g\x00e\x00.\x00s\x00v\x00g\
\x00\x11\
\x04\xf8D'\
\x00s\
\x00h\x00o\x00p\x00p\x00i\x00n\x00g\x00-\x00c\x00a\x00r\x00t\x00.\x00s\x00v\x00g\
\
\x00\x0e\
\x05\x96\xc6\x07\
\x00f\
\x00i\x00l\x00e\x00-\x00m\x00i\x00n\x00u\x00s\x00.\x00s\x00v\x00g\
\x00\x0a\
\x0a-\x1b\xc7\
\x00c\
\x00i\x00r\x00c\x00l\x00e\x00.\x00s\x00v\x00g\
\x00\x0b\
\x0a*zg\
\x00p\
\x00r\x00i\x00n\x00t\x00e\x00r\x00.\x00s\x00v\x00g\
\x00\x0b\
\x0a\x88\x83\xa7\
\x00y\
\x00o\x00u\x00t\x00u\x00b\x00e\x00.\x00s\x00v\x00g\
\x00\x09\
\x07\x9e\xae\x87\
\x00s\
\x00l\x00a\x00c\x00k\x00.\x00s\x00v\x00g\
\x00\x0e\
\x04|qG\
\x00g\
\x00i\x00t\x00-\x00b\x00r\x00a\x00n\x00c\x00h\x00.\x00s\x00v\x00g\
\x00\x0a\
\x0c(g'\
\x00s\
\x00h\x00i\x00e\x00l\x00d\x00.\x00s\x00v\x00g\
\x00\x09\
\x08\x97\x87\xa7\
\x00h\
\x00e\x00a\x00r\x00t\x00.\x00s\x00v\x00g\
\x00\x0b\
\x08r\x92\x07\
\x00c\
\x00o\x00m\x00p\x00a\x00s\x00s\x00.\x00s\x00v\x00g\
\x00\x07\
\x0axZ\x07\
\x00c\
\x00p\x00u\x00.\x00s\x00v\x00g\
\x00\x0a\
\x05D\xc9G\
\x00u\
\x00s\x00e\x00r\x00-\x00x\x00.\x00s\x00v\x00g\
\x00\x0a\
\x05x\xd4\xa7\
\x00u\
\x00p\x00l\x00o\x00a\x00d\x00.\x00s\x00v\x00g\
\x00\x13\
\x04&\xb1\xa7\
\x00a\
\x00r\x00r\x00o\x00w\x00-\x00u\x00p\x00-\x00c\x00i\x00r\x00c\x00l\x00e\x00.\x00s\
\x00v\x00g\
\x00\x0d\
\x03\xde<'\
\x00s\
\x00k\x00i\x00p\x00-\x00b\x00a\x00c\x00k\x00.\x00s\x00v\x00g\
\x00\x0b\
\x0cb\x05\x87\
\x00s\
\x00l\x00i\x00d\x00e\x00r\x00s\x00.\x00s\x00v\x00g\
\x00\x10\
\x00\xe19\xa7\
\x00c\
\x00h\x00e\x00v\x00r\x00o\x00n\x00-\x00l\x00e\x00f\x00t\x00.\x00s\x00v\x00g\
\x00\x08\
\x02\x8cT'\
\x00p\
\x00l\x00a\x00y\x00.\x00s\x00v\x00g\
\x00\x08\
\x05\x9eT\xa7\
\x00l\
\x00o\x00c\x00k\x00.\x00s\x00v\x00g\
\x00\x0d\
\x01\x7fO\xa7\
\x00r\
\x00o\x00t\x00a\x00t\x00e\x00-\x00c\x00w\x00.\x00s\x00v\x00g\
\x00\x0f\
\x06Cq\x07\
\x00s\
\x00t\x00o\x00p\x00-\x00c\x00i\x00r\x00c\x00l\x00e\x00.\x00s\x00v\x00g\
\x00\x08\
\x0cGU\xe7\
\x00s\
\x00e\x00n\x00d\x00.\x00s\x00v\x00g\
\x00\x10\
\x0e\x17\x06\x87\
\x00c\
\x00h\x00e\x00v\x00r\x00o\x00n\x00-\x00d\x00o\x00w\x00n\x00.\x00s\x00v\x00g\
\x00\x0f\
\x0f\xe6\x17\xc7\
\x00c\
\x00r\x00e\x00d\x00i\x00t\x00-\x00c\x00a\x00r\x00d\x00.\x00s\x00v\x00g\
\x00\x08\
\x06^W\xe7\
\x00b\
\x00o\x00o\x00k\x00.\x00s\x00v\x00g\
\x00\x0c\
\x07\xf1\x0b\xa7\
\x00x\
\x00-\x00s\x00q\x00u\x00a\x00r\x00e\x00.\x00s\x00v\x00g\
\x00\x10\
\x0c\xdd\x10\xe7\
\x00a\
\x00l\x00e\x00r\x00t\x00-\x00c\x00i\x00r\x00c\x00l\x00e\x00.\x00s\x00v\x00g\
\x00\x07\
\x0a\xc1Z'\
\x00s\
\x00u\x00n\x00.\x00s\x00v\x00g\
\x00\x0c\
\x0b\xe7\x22\xa7\
\x00v\
\x00o\x00l\x00u\x00m\x00e\x00-\x00x\x00.\x00s\x00v\x00g\
\x00\x0d\
\x0a\xfe\xf3\xc7\
\x00u\
\x00s\x00e\x00r\x00-\x00p\x00l\x00u\x00s\x00.\x00s\x00v\x00g\
\x00\x08\
\x06\xc8TG\
\x00m\
\x00o\x00v\x00e\x00.\x00s\x00v\x00g\
\x00\x0d\
\x09\x9d(\xa7\
\x00b\
\x00a\x00r\x00-\x00c\x00h\x00a\x00r\x00t\x00.\x00s\x00v\x00g\
\x00\x0b\
\x0d\xd7\xadG\
\x00s\
\x00h\x00u\x00f\x00f\x00l\x00e\x00.\x00s\x00v\x00g\
\x00\x0e\
\x01W\xa9G\
\x00c\
\x00l\x00o\x00u\x00d\x00-\x00r\x00a\x00i\x00n\x00.\x00s\x00v\x00g\
\x00\x08\
\x06_U\xa7\
\x00t\
\x00o\x00o\x00l\x00.\x00s\x00v\x00g\
\x00\x09\
\x05\x88\x86\xa7\
\x00g\
\x00l\x00o\x00b\x00e\x00.\x00s\x00v\x00g\
\x00\x0c\
\x0c\xa7kG\
\x00u\
\x00m\x00b\x00r\x00e\x00l\x00l\x00a\x00.\x00s\x00v\x00g\
\x00\x12\
\x0eW\x91\x87\
\x00a\
\x00r\x00r\x00o\x00w\x00-\x00u\x00p\x00-\x00r\x00i\x00g\x00h\x00t\x00.\x00s\x00v\
\x00g\
\x00\x08\
\x07\xffT\xa7\
\x00m\
\x00a\x00i\x00l\x00.\x00s\x00v\x00g\
\x00\x0b\
\x0e\xca\x0e'\
\x00o\
\x00c\x00t\x00a\x00g\x00o\x00n\x00.\x00s\x00v\x00g\
\x00\x10\
\x0d>\xb8\xe7\
\x00p\
\x00a\x00u\x00s\x00e\x00-\x00c\x00i\x00r\x00c\x00l\x00e\x00.\x00s\x00v\x00g\
\x00\x11\
\x0e\x92xG\
\x00c\
\x00h\x00e\x00v\x00r\x00o\x00n\x00-\x00r\x00i\x00g\x00h\x00t\x00.\x00s\x00v\x00g\
\
\x00\x08\
\x068W'\
\x00h\
\x00o\x00m\x00e\x00.\x00s\x00v\x00g\
\x00\x07\
\x03\xbbZ'\
\x00m\
\x00e\x00h\x00.\x00s\x00v\x00g\
\x00\x0d\
\x04\x8a\x93\xa7\
\x00b\
\x00o\x00o\x00k\x00-\x00o\x00p\x00e\x00n\x00.\x00s\x00v\x00g\
\x00\x09\
\x00(\xaeG\
\x00s\
\x00m\x00i\x00l\x00e\x00.\x00s\x00v\x00g\
\x00\x11\
\x0e\xed_'\
\x00a\
\x00r\x00r\x00o\x00w\x00-\x00u\x00p\x00-\x00l\x00e\x00f\x00t\x00.\x00s\x00v\x00g\
\
\x00\x11\
\x05\xcc.\xc7\
\x00c\
\x00h\x00e\x00v\x00r\x00o\x00n\x00s\x00-\x00d\x00o\x00w\x00n\x00.\x00s\x00v\x00g\
\
\x00\x09\
\x09\xf6\xb3G\
\x00m\
\x00u\x00s\x00i\x00c\x00.\x00s\x00v\x00g\
\x00\x07\
\x0azZ'\
\x00t\
\x00a\x00g\x00.\x00s\x00v\x00g\
\x00\x11\
\x02\xc6,\x87\
\x00t\
\x00r\x00e\x00n\x00d\x00i\x00n\x00g\x00-\x00d\x00o\x00w\x00n\x00.\x00s\x00v\x00g\
\
\x00\x0a\
\x0c\xbd\x11G\
\x00c\
\x00o\x00f\x00f\x00e\x00e\x00.\x00s\x00v\x00g\
\x00\x0d\
\x05g(\xc7\
\x00p\
\x00i\x00e\x00-\x00c\x00h\x00a\x00r\x00t\x00.\x00s\x00v\x00g\
\x00\x09\
\x08\x9b\xad\xc7\
\x00t\
\x00r\x00a\x00s\x00h\x00.\x00s\x00v\x00g\
\x00\x0a\
\x03\xc8\xeb\xc7\
\x00f\
\x00r\x00a\x00m\x00e\x00r\x00.\x00s\x00v\x00g\
\x00\x0c\
\x09\xa2O\x87\
\x00s\
\x00c\x00i\x00s\x00s\x00o\x00r\x00s\x00.\x00s\x00v\x00g\
\x00\x15\
\x05\x07\xd6\xa7\
\x00c\
\x00o\x00r\x00n\x00e\x00r\x00-\x00d\x00o\x00w\x00n\x00-\x00r\x00i\x00g\x00h\x00t\
\x00.\x00s\x00v\x00g\
\x00\x07\
\x0c\xf8Z\x07\
\x00e\
\x00y\x00e\x00.\x00s\x00v\x00g\
\x00\x14\
\x0a\x08\x9f\x87\
\x00c\
\x00o\x00r\x00n\x00e\x00r\x00-\x00l\x00e\x00f\x00t\x00-\x00d\x00o\x00w\x00n\x00.\
\x00s\x00v\x00g\
\x00\x0a\
\x0fhS\xe7\
\x00a\
\x00n\x00c\x00h\x00o\x00r\x00.\x00s\x00v\x00g\
\x00\x15\
\x0cm\xbc\xc7\
\x00c\
\x00o\x00r\x00n\x00e\x00r\x00-\x00r\x00i\x00g\x00h\x00t\x00-\x00d\x00o\x00w\x00n\
\x00.\x00s\x00v\x00g\
\x00\x0c\
\x0b\xd5m\xe7\
\x00f\
\x00a\x00c\x00e\x00b\x00o\x00o\x00k\x00.\x00s\x00v\x00g\
\x00\x10\
\x0e\xa9\xd9'\
\x00n\
\x00a\x00v\x00i\x00g\x00a\x00t\x00i\x00o\x00n\x00-\x002\x00.\x00s\x00v\x00g\
\x00\x0b\
\x0f1\xb3\xe7\
\x00a\
\x00t\x00-\x00s\x00i\x00g\x00n\x00.\x00s\x00v\x00g\
\x00\x14\
\x0d\xa0X'\
\x00b\
\x00a\x00t\x00t\x00e\x00r\x00y\x00-\x00c\x00h\x00a\x00r\x00g\x00i\x00n\x00g\x00.\
\x00s\x00v\x00g\
\x00\x09\
\x09k\xbaG\
\x00i\
\x00n\x00b\x00o\x00x\x00.\x00s\x00v\x00g\
\x00\x13\
\x05kL\x07\
\x00c\
\x00l\x00o\x00u\x00d\x00-\x00l\x00i\x00g\x00h\x00t\x00n\x00i\x00n\x00g\x00.\x00s\
\x00v\x00g\
\x00\x0d\
\x06\xf2R'\
\x00f\
\x00i\x00l\x00e\x00-\x00t\x00e\x00x\x00t\x00.\x00s\x00v\x00g\
\x00\x0f\
\x024k\x87\
\x00a\
\x00l\x00i\x00g\x00n\x00-\x00r\x00i\x00g\x00h\x00t\x00.\x00s\x00v\x00g\
\x00\x08\
\x00GU\x07\
\x00w\
\x00i\x00n\x00d\x00.\x00s\x00v\x00g\
\x00\x07\
\x00\x83[\xc7\
\x00z\
\x00a\x00p\x00.\x00s\x00v\x00g\
\x00\x09\
\x0d\xc5\xb4\x07\
\x00p\
\x00o\x00w\x00e\x00r\x00.\x00s\x00v\x00g\
\x00\x08\
\x06'W\xe7\
\x00b\
\x00o\x00l\x00d\x00.\x00s\x00v\x00g\
\x00\x0f\
\x0dw)\xe7\
\x00b\
\x00a\x00r\x00-\x00c\x00h\x00a\x00r\x00t\x00-\x002\x00.\x00s\x00v\x00g\
\x00\x0e\
\x04\xfb\x0c\xe7\
\x00r\
\x00o\x00t\x00a\x00t\x00e\x00-\x00c\x00c\x00w\x00.\x00s\x00v\x00g\
\x00\x0e\
\x06P\xc3\xe7\
\x00u\
\x00s\x00e\x00r\x00-\x00m\x00i\x00n\x00u\x00s\x00.\x00s\x00v\x00g\
\x00\x0b\
\x06\x95\xefG\
\x00c\
\x00o\x00d\x00e\x00p\x00e\x00n\x00.\x00s\x00v\x00g\
\x00\x12\
\x05.\x94G\
\x00p\
\x00h\x00o\x00n\x00e\x00-\x00o\x00u\x00t\x00g\x00o\x00i\x00n\x00g\x00.\x00s\x00v\
\x00g\
"

qt_resource_struct = b"\
\x00\x00\x00\x00\x00\x02\x00\x00\x00\x02\x00\x00\x00\x01\
\x00\x00\x00\x00\x00\x00\x00\x00\
\x00\x00\x00\x10\x00\x02\x00\x00\x00\x01\x00\x00\x01#\
\x00\x00\x00\x00\x00\x00\x00\x00\
\x00\x00\x00\x00\x00\x02\x00\x00\x00\x01\x00\x00\x00\x03\
\x00\x00\x00\x00\x00\x00\x00\x00\
\x00\x00\x00\x00\x00\x02\x00\x00\x01\x1f\x00\x00\x00\x04\
\x00\x00\x00\x00\x00\x00\x00\x00\
\x00\x00\x02\xee\x00\x00\x00\x00\x00\x01\x00\x00\x91Z\
\x00\x00\x01\xa0\xc9\x01\xe2T\
\x00\x00\x0af\x00\x00\x00\x00\x00\x01\x00\x01 \x0b\
\x00\x00\x01\xa0\xc9\x01\xe2\x1e\
\x00\x00\x05l\x00\x00\x00\x00\x00\x01\x00\x00\xbcs\
\x00\x00\x01\xa0\xc9\x01\xe24\
\x00\x00\x1eR\x00\x00\x00\x00\x00\x01\x00\x02\x83\xe9\
\x00\x00\x01\xa0\xc9\x01\xe2T\
\x00\x00\x15\xa4\x00\x00\x00\x00\x00\x01\x00\x01\xe6A\
\x00\x00\x01\xa0\xc9\x01\xe24\
\x00\x00\x07\x1a\x00\x00\x00\x00\x00\x01\x00\x00\xddU\
\x00\x00\x01\xa0\xc9\x01\xe29\
\x00\x00!j\x00\x00\x00\x00\x00\x01\x00\x02\xa9\x96\
\x00\x00\x01\xa0\xc9\x01\xe2a\
\x00\x00\x03l\x00\x00\x00\x00\x00\x01\x00\x00\x97:\
\x00\x00\x01\xa0\xc9\x01\xe2Q\
\x00\x00\x08t\x00\x00\x00\x00\x00\x01\x00\x00\xfa6\
\x00\x00\x01\xa0\xc9\x01\xe29\
\x00\x00\x0fj\x00\x00\x00\x00\x00\x01\x00\x01l\x1c\
\x00\x00\x01\xa0\xc9\x01\xe2F\
\x00\x00\x16\xa6\x00\x00\x00\x00\x00\x01\x00\x01\xfbM\
\x00\x00\x01\xa0\xc9\x01\xe2F\
\x00\x00\x14\x22\x00\x00\x00\x00\x00\x01\x00\x01\xc4g\
\x00\x00\x01\xa0\xc9\x01\xe29\
\x00\x00\x0eX\x00\x00\x00\x00\x00\x01\x00\x01_\xd6\
\x00\x00\x01\xa0\xc9\x01\xe29\
\x00\x00\x13$\x00\x00\x00\x00\x00\x01\x00\x01\xad\xd4\
\x00\x00\x01\xa0\xc9\x01\xe2T\
\x00\x00\x04R\x00\x00\x00\x00\x00\x01\x00\x00\xa9\xef\
\x00\x00\x01\xa0\xc9\x01\xe2^\
\x00\x00\x0c\xf0\x00\x00\x00\x00\x00\x01\x00\x01@\x0a\
\x00\x00\x01\xa0\xc9\x01\xe2a\
\x00\x00!\x80\x00\x00\x00\x00\x00\x01\x00\x02\xaa\xe0\
\x00\x00\x01\xa0\xc9\x01\xe2a\
\x00\x00\x12t\x00\x00\x00\x00\x00\x01\x00\x01\xa5\x82\
\x00\x00\x01\xa0\xc9\x01\xe2+\
\x00\x00\x04<\x00\x00\x00\x00\x00\x01\x00\x00\xa2@\
\x00\x00\x01\xa0\xc9\x01\xe29\
\x00\x00\x08(\x00\x00\x00\x00\x00\x01\x00\x00\xf6\x84\
\x00\x00\x01\xa0\xc9\x01\xe2F\
\x00\x00\x1a\xfc\x00\x00\x00\x00\x00\x01\x00\x02@u\
\x00\x00\x01\xa0\xc9\x01\xe2\x1e\
\x00\x00\x15\x5c\x00\x00\x00\x00\x00\x01\x00\x01\xe3\x8f\
\x00\x00\x01\xa0\xc9\x01\xe2T\
\x00\x00\x0e\x98\x00\x00\x00\x00\x00\x01\x00\x01c\xd6\
\x00\x00\x01\xa0\xc9\x01\xe2F\
\x00\x00\x17\x22\x00\x00\x00\x00\x00\x01\x00\x01\xff\x99\
\x00\x00\x01\xa0\xc9\x01\xe2T\
\x00\x00\x1c\xf0\x00\x00\x00\x00\x00\x01\x00\x02jS\
\x00\x00\x01\xa0\xc9\x01\xe2\x1e\
\x00\x00\x0f&\x00\x00\x00\x00\x00\x01\x00\x01i5\
\x00\x00\x01\xa0\xc9\x01\xe2\x19\
\x00\x00\x1bN\x00\x00\x00\x00\x00\x01\x00\x02K\xf3\
\x00\x00\x01\xa0\xc9\x01\xe2Q\
\x00\x00\x14\xf0\x00\x00\x00\x00\x00\x01\x00\x01\xd2\x86\
\x00\x00\x01\xa0\xc9\x01\xe2\x1e\
\x00\x00\x04\x06\x00\x00\x00\x00\x00\x01\x00\x00\x9e\xc6\
\x00\x00\x01\xa0\xc9\x01\xe29\
\x00\x00\x08N\x00\x00\x00\x00\x00\x01\x00\x00\xf8\xed\
\x00\x00\x01\xa0\xc9\x01\xe2T\
\x00\x00\x12\xea\x00\x00\x00\x00\x00\x01\x00\x01\xaa\xec\
\x00\x00\x01\xa0\xc9\x01\xe2\x1e\
\x00\x00\x16\x8c\x00\x00\x00\x00\x00\x01\x00\x01\xf9\xe3\
\x00\x00\x01\xa0\xc9\x01\xe2F\
\x00\x00\x14\xce\x00\x00\x00\x00\x00\x01\x00\x01\xd0\x9e\
\x00\x00\x01\xa0\xc9\x01\xe29\
\x00\x00\x0bf\x00\x00\x00\x00\x00\x01\x00\x01,\x94\
\x00\x00\x01\xa0\xc9\x01\xe29\
\x00\x00\x0e\xe2\x00\x00\x00\x00\x00\x01\x00\x01f\xa2\
\x00\x00\x01\xa0\xc9\x01\xe2\x1e\
\x00\x00\x12\x8a\x00\x00\x00\x00\x00\x01\x00\x01\xa6\xad\
\x00\x00\x01\xa0\xc9\x01\xe2F\
\x00\x00\x09\xe8\x00\x00\x00\x00\x00\x01\x00\x01\x15\xb9\
\x00\x00\x01\xa0\xc9\x01\xe2+\
\x00\x00!F\x00\x00\x00\x00\x00\x01\x00\x02\xa8\x05\
\x00\x00\x01\xa0\xc9\x01\xe2\x19\
\x00\x00\x17\xb4\x00\x00\x00\x00\x00\x01\x00\x02\x07W\
\x00\x00\x01\xa0\xc9\x01\xe29\
\x00\x00\x0d.\x00\x00\x00\x00\x00\x01\x00\x01I\x11\
\x00\x00\x01\xa0\xc9\x01\xe2\x19\
\x00\x00\x0b\x1a\x00\x00\x00\x00\x00\x01\x00\x01)9\
\x00\x00\x01\xa0\xc9\x01\xe29\
\x00\x00\x0f\x10\x00\x00\x00\x00\x00\x01\x00\x01g\xe3\
\x00\x00\x01\xa0\xc9\x01\xe29\
\x00\x00\x1b\x22\x00\x00\x00\x00\x00\x01\x00\x02E\x98\
\x00\x00\x01\xa0\xc9\x01\xe2F\
\x00\x00\x00\x9c\x00\x00\x00\x00\x00\x01\x00\x00d\xc1\
\x00\x00\x01\xa0\xc9\x01\xe2P\
\x00\x00\x1e\xe6\x00\x00\x00\x00\x00\x01\x00\x02\x8a\xa0\
\x00\x00\x01\xa0\xc9\x01\xe2\x5c\
\x00\x00\x15,\x00\x00\x00\x00\x00\x01\x00\x01\xdcu\
\x00\x00\x01\xa0\xc9\x01\xe2T\
\x00\x00\x0b\xd2\x00\x00\x00\x00\x00\x01\x00\x013[\
\x00\x00\x01\xa0\xc9\x01\xe2F\
\x00\x00\x0f\xae\x00\x00\x00\x00\x00\x01\x00\x01o)\
\x00\x00\x01\xa0\xc9\x01\xe29\
\x00\x00\x04\xc4\x00\x00\x00\x00\x00\x01\x00\x00\xb3\xee\
\x00\x00\x01\xa0\xc9\x01\xe2F\
\x00\x00\x06^\x00\x00\x00\x00\x00\x01\x00\x00\xcf\x91\
\x00\x00\x01\xa0\xc9\x01\xe2a\
\x00\x00\x17\x9a\x00\x00\x00\x00\x00\x01\x00\x02\x05\xde\
\x00\x00\x01\xa0\xc9\x01\xe2\x5c\
\x00\x00\x09r\x00\x00\x00\x00\x00\x01\x00\x01\x0e\xc2\
\x00\x00\x01\xa0\xc9\x01\xe29\
\x00\x00\x1e\x1e\x00\x00\x00\x00\x00\x01\x00\x02\x81\x09\
\x00\x00\x01\xa0\xc9\x01\xe29\
\x00\x00\x05\xe0\x00\x00\x00\x00\x00\x01\x00\x00\xc22\
\x00\x00\x01\xa0\xc9\x01\xe2+\
\x00\x00\x11\xf8\x00\x00\x00\x00\x00\x01\x00\x01\x9f\x01\
\x00\x00\x01\xa0\xc9\x01\xe2F\
\x00\x00\x1f`\x00\x00\x00\x00\x00\x01\x00\x02\x90Y\
\x00\x00\x01\xa0\xc9\x01\xe29\
\x00\x00\x1a\xc0\x00\x00\x00\x00\x00\x01\x00\x02<\xd1\
\x00\x00\x01\xa0\xc9\x01\xe2T\
\x00\x00\x13\xf4\x00\x00\x00\x00\x00\x01\x00\x01\xc2\xe0\
\x00\x00\x01\xa0\xc9\x01\xe29\
\x00\x00\x11\x00\x00\x00\x00\x00\x00\x01\x00\x01\x8d\x10\
\x00\x00\x01\xa0\xc9\x01\xe2T\
\x00\x00\x0d\xf2\x00\x00\x00\x00\x00\x01\x00\x01UK\
\x00\x00\x01\xa0\xc9\x01\xe29\
\x00\x00\x0dt\x00\x00\x00\x00\x00\x01\x00\x01P\x12\
\x00\x00\x01\xa0\xc9\x01\xe29\
\x00\x00\x05\x82\x00\x00\x00\x00\x00\x01\x00\x00\xbd\xc8\
\x00\x00\x01\xa0\xc9\x01\xe2P\
\x00\x00\x1a\x94\x00\x00\x00\x00\x00\x01\x00\x02;h\
\x00\x00\x01\xa0\xc9\x01\xe2\x1e\
\x00\x00\x07X\x00\x00\x00\x00\x00\x01\x00\x00\xe4\x95\
\x00\x00\x01\xa0\xc9\x01\xe2+\
\x00\x00\x17\xd6\x00\x00\x00\x00\x00\x01\x00\x02\x08\xe6\
\x00\x00\x01\xa0\xc9\x01\xe2+\
\x00\x00\x19\xdc\x00\x00\x00\x00\x00\x01\x00\x020W\
\x00\x00\x01\xa0\xc9\x01\xe29\
\x00\x00\x05P\x00\x00\x00\x00\x00\x01\x00\x00\xbb)\
\x00\x00\x01\xa0\xc9\x01\xe2+\
\x00\x00\x1e2\x00\x00\x00\x00\x00\x01\x00\x02\x82\x92\
\x00\x00\x01\xa0\xc9\x01\xe2\x1e\
\x00\x00\x15\x0e\x00\x00\x00\x00\x00\x01\x00\x01\xda\xe1\
\x00\x00\x01\xa0\xc9\x01\xe29\
\x00\x00\x07\xac\x00\x00\x00\x00\x00\x01\x00\x00\xee\xdf\
\x00\x00\x01\xa0\xc9\x01\xe2a\
\x00\x00\x13\x94\x00\x00\x00\x00\x00\x01\x00\x01\xb4\xf9\
\x00\x00\x01\xa0\xc9\x01\xe29\
\x00\x00\x03\xe6\x00\x00\x00\x00\x00\x01\x00\x00\x9dr\
\x00\x00\x01\xa0\xc9\x01\xe29\
\x00\x00\x16l\x00\x00\x00\x00\x00\x01\x00\x01\xf8\xb5\
\x00\x00\x01\xa0\xc9\x01\xe2\x1e\
\x00\x00\x08\xde\x00\x00\x00\x00\x00\x01\x00\x01\x03\xc8\
\x00\x00\x01\xa0\xc9\x01\xe29\
\x00\x00\x19(\x00\x00\x00\x00\x00\x01\x00\x02\x1b\xc9\
\x00\x00\x01\xa0\xc9\x01\xe2T\
\x00\x00!\xe6\x00\x00\x00\x00\x00\x01\x00\x02\xaf\xe8\
\x00\x00\x01\xa0\xc9\x01\xe2Q\
\x00\x00\x1f\x98\x00\x00\x00\x00\x00\x01\x00\x02\x933\
\x00\x00\x01\xa0\xc9\x01\xe2+\
\x00\x00\x034\x00\x00\x00\x00\x00\x01\x00\x00\x93\xf1\
\x00\x00\x01\xa0\xc9\x01\xe24\
\x00\x00\x18\x02\x00\x00\x00\x00\x00\x01\x00\x02\x0a#\
\x00\x00\x01\xa0\xc9\x01\xe2+\
\x00\x00\x22F\x00\x00\x00\x00\x00\x01\x00\x02\xb4\x84\
\x00\x00\x01\xa0\xc9\x01\xe2F\
\x00\x00\x10\x02\x00\x00\x00\x00\x00\x01\x00\x01s\x0d\
\x00\x00\x01\xa0\xc9\x01\xe29\
\x00\x00\x1a`\x00\x00\x00\x00\x00\x01\x00\x028_\
\x00\x00\x01\xa0\xc9\x01\xe2^\
\x00\x00\x03\x12\x00\x00\x00\x00\x00\x01\x00\x00\x92\xa1\
\x00\x00\x01\xa0\xc9\x01\xe2T\
\x00\x00\x13\xd6\x00\x00\x00\x00\x00\x01\x00\x01\xbd\x87\
\x00\x00\x01\xa0\xc9\x01\xe2\x5c\
\x00\x00\x1f(\x00\x00\x00\x00\x00\x01\x00\x02\x8d\xb2\
\x00\x00\x01\xa0\xc9\x01\xe2F\
\x00\x00 \xfa\x00\x00\x00\x00\x00\x01\x00\x02\xa4\xcb\
\x00\x00\x01\xa0\xc9\x01\xe2\x1e\
\x00\x00\x1az\x00\x00\x00\x00\x00\x01\x00\x029\xf7\
\x00\x00\x01\xa0\xc9\x01\xe2^\
\x00\x00\x1d(\x00\x00\x00\x00\x00\x01\x00\x02m\x82\
\x00\x00\x01\xa0\xc9\x01\xe29\
\x00\x00\x04\xaa\x00\x00\x00\x00\x00\x01\x00\x00\xb2\xa8\
\x00\x00\x01\xa0\xc9\x01\xe2^\
\x00\x00\x19P\x00\x00\x00\x00\x00\x01\x00\x02\x1dL\
\x00\x00\x01\xa0\xc9\x01\xe24\
\x00\x00\x1b8\x00\x00\x00\x00\x00\x01\x00\x02J\xae\
\x00\x00\x01\xa0\xc9\x01\xe29\
\x00\x00\x14L\x00\x00\x00\x00\x00\x01\x00\x01\xc6\x17\
\x00\x00\x01\xa0\xc9\x01\xe2\x1e\
\x00\x00\x0e$\x00\x00\x00\x00\x00\x01\x00\x01X@\
\x00\x00\x01\xa0\xc9\x01\xe2\x1e\
\x00\x00\x04&\x00\x00\x00\x00\x00\x01\x00\x00\xa1\x09\
\x00\x00\x01\xa0\xc9\x01\xe2+\
\x00\x00\x09\xb0\x00\x00\x00\x00\x00\x01\x00\x01\x12\xa8\
\x00\x00\x01\xa0\xc9\x01\xe2\x1e\
\x00\x00\x09\x00\x00\x00\x00\x00\x00\x01\x00\x01\x052\
\x00\x00\x01\xa0\xc9\x01\xe2F\
\x00\x00\x0a\xe2\x00\x00\x00\x00\x00\x01\x00\x01%\xae\
\x00\x00\x01\xa0\xc9\x01\xe2+\
\x00\x00\x1e\x92\x00\x00\x00\x00\x00\x01\x00\x02\x86\xad\
\x00\x00\x01\xa0\xc9\x01\xe2\x1e\
\x00\x00\x10\xb8\x00\x00\x00\x00\x00\x01\x00\x01\x8a\x9a\
\x00\x00\x01\xa0\xc9\x01\xe2+\
\x00\x00\x03\x9c\x00\x00\x00\x00\x00\x01\x00\x00\x9a\x04\
\x00\x00\x01\xa0\xc9\x01\xe2\x1e\
\x00\x00\x0b\xf6\x00\x00\x00\x00\x00\x01\x00\x014\xbe\
\x00\x00\x01\xa0\xc9\x01\xe29\
\x00\x00\x02\x5c\x00\x00\x00\x00\x00\x01\x00\x00\x87;\
\x00\x00\x01\xa0\xc9\x01\xe29\
\x00\x00!\xac\x00\x00\x00\x00\x00\x01\x00\x02\xad6\
\x00\x00\x01\xa0\xc9\x01\xe2\x1e\
\x00\x00\x1e\x08\x00\x00\x00\x00\x00\x01\x00\x02{l\
\x00\x00\x01\xa0\xc9\x01\xe29\
\x00\x00\x04\xea\x00\x00\x00\x00\x00\x01\x00\x00\xb5&\
\x00\x00\x01\xa0\xc9\x01\xe2\x1e\
\x00\x00\x1bn\x00\x00\x00\x00\x00\x01\x00\x02M8\
\x00\x00\x01\xa0\xc9\x01\xe2T\
\x00\x00\x0d\x16\x00\x00\x00\x00\x00\x01\x00\x01G\x05\
\x00\x00\x01\xa0\xc9\x01\xe2F\
\x00\x00\x22\x08\x00\x00\x00\x00\x00\x01\x00\x02\xb1)\
\x00\x00\x01\xa0\xc9\x01\xe2^\
\x00\x00\x1b\xf2\x00\x00\x00\x00\x00\x01\x00\x02V\x81\
\x00\x00\x01\xa0\xc9\x01\xe2\x1e\
\x00\x00\x1d\x12\x00\x00\x00\x00\x00\x01\x00\x02k\xfc\
\x00\x00\x01\xa0\xc9\x01\xe2T\
\x00\x00\x00D\x00\x00\x00\x00\x00\x01\x00\x00a\x1e\
\x00\x00\x01\xa0\xc9\x01\xe2F\
\x00\x00\x15F\x00\x00\x00\x00\x00\x01\x00\x01\xdd\xc1\
\x00\x00\x01\xa0\xc9\x01\xe2+\
\x00\x00\x18\x22\x00\x00\x00\x00\x00\x01\x00\x02\x0b\xdc\
\x00\x00\x01\xa0\xc9\x01\xe2+\
\x00\x00\x22*\x00\x00\x00\x00\x00\x01\x00\x02\xb2\x9a\
\x00\x00\x01\xa0\xc9\x01\xe2+\
\x00\x00\x012\x00\x00\x00\x00\x00\x01\x00\x00n\xc3\
\x00\x00\x01\xa0\xc9\x01\xe29\
\x00\x00\x0d\x8e\x00\x00\x00\x00\x00\x01\x00\x01Q\x86\
\x00\x00\x01\xa0\xc9\x01\xe2+\
\x00\x00\x0a\xbc\x00\x00\x00\x00\x00\x01\x00\x01$6\
\x00\x00\x01\xa0\xc9\x01\xe2T\
\x00\x00\x1c\x9e\x00\x00\x00\x00\x00\x01\x00\x02eG\
\x00\x00\x01\xa0\xc9\x01\xe2F\
\x00\x00\x10\x84\x00\x00\x00\x00\x00\x01\x00\x01\x83\x83\
\x00\x00\x01\xa0\xc9\x01\xe29\
\x00\x00\x17^\x00\x00\x00\x00\x00\x01\x00\x02\x03\x08\
\x00\x00\x01\xa0\xc9\x01\xe29\
\x00\x00\x16F\x00\x00\x00\x00\x00\x01\x00\x01\xf7n\
\x00\x00\x01\xa0\xc9\x01\xe24\
\x00\x00\x0a*\x00\x00\x00\x00\x00\x01\x00\x01\x18\x82\
\x00\x00\x01\xa0\xc9\x01\xe2a\
\x00\x00!&\x00\x00\x00\x00\x00\x01\x00\x02\xa6(\
\x00\x00\x01\xa0\xc9\x01\xe24\
\x00\x00\x16\xfc\x00\x00\x00\x00\x00\x01\x00\x01\xfe\x07\
\x00\x00\x01\xa0\xc9\x01\xe2\x19\
\x00\x00\x09\x86\x00\x00\x00\x00\x00\x01\x00\x01\x10;\
\x00\x00\x01\xa0\xc9\x01\xe2F\
\x00\x00\x04h\x00\x00\x00\x00\x00\x01\x00\x00\xabS\
\x00\x00\x01\xa0\xc9\x01\xe2F\
\x00\x00\x07\xc8\x00\x00\x00\x00\x00\x01\x00\x00\xf0\x94\
\x00\x00\x01\xa0\xc9\x01\xe2+\
\x00\x00\x02\x98\x00\x00\x00\x00\x00\x01\x00\x00\x89\xc4\
\x00\x00\x01\xa0\xc9\x01\xe2+\
\x00\x00\x17B\x00\x00\x00\x00\x00\x01\x00\x02\x00\xff\
\x00\x00\x01\xa0\xc9\x01\xe2F\
\x00\x00\x0d\xc4\x00\x00\x00\x00\x00\x01\x00\x01T\x0d\
\x00\x00\x01\xa0\xc9\x01\xe2+\
\x00\x00\x19\xc4\x00\x00\x00\x00\x00\x01\x00\x02,l\
\x00\x00\x01\xa0\xc9\x01\xe2T\
\x00\x00\x18\xa2\x00\x00\x00\x00\x00\x01\x00\x02\x10+\
\x00\x00\x01\xa0\xc9\x01\xe2\x1e\
\x00\x00\x07\xe2\x00\x00\x00\x00\x00\x01\x00\x00\xf1\xbb\
\x00\x00\x01\xa0\xc9\x01\xe2\x5c\
\x00\x00\x19\x10\x00\x00\x00\x00\x00\x01\x00\x02\x1aT\
\x00\x00\x01\xa0\xc9\x01\xe29\
\x00\x00\x1c\x08\x00\x00\x00\x00\x00\x01\x00\x02W\xde\
\x00\x00\x01\xa0\xc9\x01\xe2a\
\x00\x00\x1d\x88\x00\x00\x00\x00\x00\x01\x00\x02q\x83\
\x00\x00\x01\xa0\xc9\x01\xe29\
\x00\x00\x0e\xc0\x00\x00\x00\x00\x00\x01\x00\x01e/\
\x00\x00\x01\xa0\xc9\x01\xe2^\
\x00\x00\x08\xc0\x00\x00\x00\x00\x00\x01\x00\x01\x02R\
\x00\x00\x01\xa0\xc9\x01\xe2+\
\x00\x00\x11\xb4\x00\x00\x00\x00\x00\x01\x00\x01\x9b4\
\x00\x00\x01\xa0\xc9\x01\xe2F\
\x00\x00\x02\x04\x00\x00\x00\x00\x00\x01\x00\x00\x82.\
\x00\x00\x01\xa0\xc9\x01\xe2T\
\x00\x00\x1a0\x00\x00\x00\x00\x00\x01\x00\x024f\
\x00\x00\x01\xa0\xc9\x01\xe2+\
\x00\x00\x00\x80\x00\x00\x00\x00\x00\x01\x00\x00cz\
\x00\x00\x01\xa0\xc9\x01\xe2T\
\x00\x00\x058\x00\x00\x00\x00\x00\x01\x00\x00\xb9\xe0\
\x00\x00\x01\xa0\xc9\x01\xe2\x1e\
\x00\x00\x0c\x96\x00\x00\x00\x00\x00\x01\x00\x01<\x0b\
\x00\x00\x01\xa0\xc9\x01\xe2T\
\x00\x00\x02\xb2\x00\x00\x00\x00\x00\x01\x00\x00\x8b\x05\
\x00\x00\x01\xa0\xc9\x01\xe2T\
\x00\x00\x05\x04\x00\x00\x00\x00\x00\x01\x00\x00\xb6\xea\
\x00\x00\x01\xa0\xc9\x01\xe2+\
\x00\x00\x10\x9e\x00\x00\x00\x00\x00\x01\x00\x01\x84\xf3\
\x00\x00\x01\xa0\xc9\x01\xe2Q\
\x00\x00\x1a\x18\x00\x00\x00\x00\x00\x01\x00\x022\xef\
\x00\x00\x01\xa0\xc9\x01\xe29\
\x00\x00\x06*\x00\x00\x00\x00\x00\x01\x00\x00\xc5\xad\
\x00\x00\x01\xa0\xc9\x01\xe29\
\x00\x00\x1fH\x00\x00\x00\x00\x00\x01\x00\x02\x8e\xf1\
\x00\x00\x01\xa0\xc9\x01\xe2\x5c\
\x00\x00\x12(\x00\x00\x00\x00\x00\x01\x00\x01\xa1[\
\x00\x00\x01\xa0\xc9\x01\xe2T\
\x00\x00\x0ct\x00\x00\x00\x00\x00\x01\x00\x01:s\
\x00\x00\x01\xa0\xc9\x01\xe2E\
\x00\x00\x03\x86\x00\x00\x00\x00\x00\x01\x00\x00\x98}\
\x00\x00\x01\xa0\xc9\x01\xe2\x1e\
\x00\x00\x090\x00\x00\x00\x00\x00\x01\x00\x01\x0c)\
\x00\x00\x01\xa0\xc9\x01\xe2\x1e\
\x00\x00\x09\xd2\x00\x00\x00\x00\x00\x01\x00\x01\x14-\
\x00\x00\x01\xa0\xc9\x01\xe2Q\
\x00\x00\x0f\x8e\x00\x00\x00\x00\x00\x01\x00\x01m\x95\
\x00\x00\x01\xa0\xc9\x01\xe29\
\x00\x00\x11\x96\x00\x00\x00\x00\x00\x01\x00\x01\x99d\
\x00\x00\x01\xa0\xc9\x01\xe2\x1e\
\x00\x00\x02x\x00\x00\x00\x00\x00\x01\x00\x00\x88\x81\
\x00\x00\x01\xa0\xc9\x01\xe2^\
\x00\x00\x02@\x00\x00\x00\x00\x00\x01\x00\x00\x85z\
\x00\x00\x01\xa0\xc9\x01\xe2S\
\x00\x00\x0eB\x00\x00\x00\x00\x00\x01\x00\x01Yc\
\x00\x00\x01\xa0\xdd\x18\xc52\
\x00\x00\x16\x00\x00\x00\x00\x00\x00\x01\x00\x01\xf0y\
\x00\x00\x01\xa0\xc9\x01\xe2\x1e\
\x00\x00\x14\x8e\x00\x00\x00\x00\x00\x01\x00\x01\xc8\x8d\
\x00\x00\x01\xa0\xc9\x01\xe2T\
\x00\x00\x0aH\x00\x00\x00\x00\x00\x01\x00\x01\x19\xe8\
\x00\x00\x01\xa0\xc9\x01\xe2a\
\x00\x00\x02\xcc\x00\x00\x00\x00\x00\x01\x00\x00\x90J\
\x00\x00\x01\xa0\xc9\x01\xe2\x1e\
\x00\x00\x04\x94\x00\x00\x00\x00\x00\x01\x00\x00\xb1n\
\x00\x00\x01\xa0\xc9\x01\xe2+\
\x00\x00\x07\xf4\x00\x00\x00\x00\x00\x01\x00\x00\xf2\xff\
\x00\x00\x01\xa0\xc9\x01\xe2\x1e\
\x00\x00 \xe2\x00\x00\x00\x00\x00\x01\x00\x02\xa32\
\x00\x00\x01\xa0\xc9\x01\xe29\
\x00\x00\x18L\x00\x00\x00\x00\x00\x01\x00\x02\x0dc\
\x00\x00\x01\xa0\xc9\x01\xe2\x1e\
\x00\x00\x1c\xb4\x00\x00\x00\x00\x00\x01\x00\x02g1\
\x00\x00\x01\xa0\xc9\x01\xe2\x1e\
\x00\x00\x1fz\x00\x00\x00\x00\x00\x01\x00\x02\x91s\
\x00\x00\x01\xa0\xc9\x01\xe2Q\
\x00\x00\x05\xcc\x00\x00\x00\x00\x00\x01\x00\x00\xc0\xe4\
\x00\x00\x01\xa0\xc9\x01\xe2Q\
\x00\x00\x16\x22\x00\x00\x00\x00\x00\x01\x00\x01\xf6\x1c\
\x00\x00\x01\xa0\xc9\x01\xe2+\
\x00\x00\x08\x08\x00\x00\x00\x00\x00\x01\x00\x00\xf4\xd1\
\x00\x00\x01\xa0\xc9\x01\xe24\
\x00\x00\x18\xc0\x00\x00\x00\x00\x00\x01\x00\x02\x11\xc9\
\x00\x00\x01\xa0\xc9\x01\xe2^\
\x00\x00\x07v\x00\x00\x00\x00\x00\x01\x00\x00\xe6A\
\x00\x00\x01\xa0\xc9\x01\xe2T\
\x00\x00\x0f\xc8\x00\x00\x00\x00\x00\x01\x00\x01p\x89\
\x00\x00\x01\xa0\xc9\x01\xe2\x1e\
\x00\x00\x11^\x00\x00\x00\x00\x00\x01\x00\x01\x92>\
\x00\x00\x01\xa0\xc9\x01\xe29\
\x00\x00\x1e\xba\x00\x00\x00\x00\x00\x01\x00\x02\x87\xee\
\x00\x00\x01\xa0\xc9\x01\xe2F\
\x00\x00\x1f\xdc\x00\x00\x00\x00\x00\x01\x00\x02\x9a\x0f\
\x00\x00\x01\xa0\xc9\x01\xe2+\
\x00\x00\x19\x8c\x00\x00\x00\x00\x00\x01\x00\x02#\xf2\
\x00\x00\x01\xa0\xc9\x01\xe2F\
\x00\x00\x19r\x00\x00\x00\x00\x00\x01\x00\x02\x1e\xd3\
\x00\x00\x01\xa0\xc9\x01\xe2\x1e\
\x00\x00\x01\x98\x00\x00\x00\x00\x00\x01\x00\x00wA\
\x00\x00\x01\xa0\xc9\x01\xe2\x5c\
\x00\x00\x11$\x00\x00\x00\x00\x00\x01\x00\x01\x8e=\
\x00\x00\x01\xa0\xc9\x01\xe2a\
\x00\x00\x1aL\x00\x00\x00\x00\x00\x01\x00\x025\xc0\
\x00\x00\x01\xa0\xc9\x01\xe2+\
\x00\x00\x1e\xd2\x00\x00\x00\x00\x00\x01\x00\x02\x899\
\x00\x00\x01\xa0\xc9\x01\xe2T\
\x00\x00\x106\x00\x00\x00\x00\x00\x01\x00\x01w,\
\x00\x00\x01\xa0\xc9\x01\xe2T\
\x00\x00\x19\xa8\x00\x00\x00\x00\x00\x01\x00\x02*3\
\x00\x00\x01\xa0\xc9\x01\xe2a\
\x00\x00\x07>\x00\x00\x00\x00\x00\x01\x00\x00\xe3|\
\x00\x00\x01\xa0\xc9\x01\xe2\x5c\
\x00\x00\x09\x18\x00\x00\x00\x00\x00\x01\x00\x01\x0aW\
\x00\x00\x01\xa0\xc9\x01\xe2a\
\x00\x00\x1cL\x00\x01\x00\x00\x00\x01\x00\x02_\x8a\
\x00\x00\x01\xa0\xc9\x01\xe2T\
\x00\x00\x05 \x00\x00\x00\x00\x00\x01\x00\x00\xb8\x93\
\x00\x00\x01\xa0\xc9\x01\xe2a\
\x00\x00\x0fP\x00\x00\x00\x00\x00\x01\x00\x01j\xe1\
\x00\x00\x01\xa0\xc9\x01\xe29\
\x00\x00\x12\x0e\x00\x00\x00\x00\x00\x01\x00\x01\xa05\
\x00\x00\x01\xa0\xc9\x01\xe28\
\x00\x00\x0e~\x00\x01\x00\x00\x00\x01\x00\x01aC\
\x00\x00\x01\xa0\xc9\x01\xe29\
\x00\x00\x15\xba\x00\x00\x00\x00\x00\x01\x00\x01\xe8\x8f\
\x00\x00\x01\xa0\xc9\x01\xe2F\
\x00\x00\x1c~\x00\x00\x00\x00\x00\x01\x00\x02c\xab\
\x00\x00\x01\xa0\xc9\x01\xe2^\
\x00\x00\x12\x5c\x00\x00\x00\x00\x00\x01\x00\x01\xa3\xf9\
\x00\x00\x01\xa0\xc9\x01\xe2F\
\x00\x00\x01\xb4\x00\x00\x00\x00\x00\x01\x00\x00x\xdd\
\x00\x00\x01\xa0\xc9\x01\xe24\
\x00\x00\x14d\x00\x00\x00\x00\x00\x01\x00\x01\xc7K\
\x00\x00\x01\xa0\xc9\x01\xe2\x1e\
\x00\x00\x10\xe2\x00\x00\x00\x00\x00\x01\x00\x01\x8b\xd6\
\x00\x00\x01\xa0\xc9\x01\xe2T\
\x00\x00\x18|\x00\x00\x00\x00\x00\x01\x00\x02\x0e\xce\
\x00\x00\x01\xa0\xc9\x01\xe2\x1e\
\x00\x00\x01\xca\x00\x00\x00\x00\x00\x01\x00\x00zN\
\x00\x00\x01\xa0\xc9\x01\xe2Q\
\x00\x00\x06\x9a\x00\x00\x00\x00\x00\x01\x00\x00\xd2\x99\
\x00\x00\x01\xa0\xc9\x01\xe2\x1e\
\x00\x00\x07\x90\x00\x00\x00\x00\x00\x01\x00\x00\xe8\x91\
\x00\x00\x01\xa0\xc9\x01\xe2F\
\x00\x00\x06\x02\x00\x00\x00\x00\x00\x01\x00\x00\xc4r\
\x00\x00\x01\xa0\xc9\x01\xe2F\
\x00\x00\x08\x8a\x00\x00\x00\x00\x00\x01\x00\x00\xff\xfc\
\x00\x00\x01\xa0\xc9\x01\xe2\x1e\
\x00\x00\x13@\x00\x00\x00\x00\x00\x01\x00\x01\xb0%\
\x00\x00\x01\xa0\xc9\x01\xe2\x5c\
\x00\x00\x01\x0e\x00\x00\x00\x00\x00\x01\x00\x00i$\
\x00\x00\x01\xa0\xc9\x01\xe2F\
\x00\x00\x0d\xa6\x00\x00\x00\x00\x00\x01\x00\x01R\xa2\
\x00\x00\x01\xa0\xc9\x01\xe2a\
\x00\x00\x16\xcc\x00\x00\x00\x00\x00\x01\x00\x01\xfc\x9b\
\x00\x00\x01\xa0\xc9\x01\xe2\x1e\
\x00\x00\x08\xa2\x00\x00\x00\x00\x00\x01\x00\x01\x01\x06\
\x00\x00\x01\xa0\xc9\x01\xe2a\
\x00\x00\x13\xaa\x00\x00\x00\x00\x00\x01\x00\x01\xbb\x19\
\x00\x00\x01\xa0\xc9\x01\xe2F\
\x00\x00\x0dJ\x00\x00\x00\x00\x00\x01\x00\x01N\xd6\
\x00\x00\x01\xa0\xc9\x01\xe2+\
\x00\x00 T\x00\x00\x00\x00\x00\x01\x00\x02\x9d\xef\
\x00\x00\x01\xa0\xc9\x01\xe24\
\x00\x00\x06@\x00\x00\x00\x00\x00\x01\x00\x00\xc76\
\x00\x00\x01\xa0\xc9\x01\xe2S\
\x00\x00\x1c`\x00\x00\x00\x00\x00\x01\x00\x02b5\
\x00\x00\x01\xa0\xc9\x01\xe2a\
\x00\x00\x11B\x00\x00\x00\x00\x00\x01\x00\x01\x90z\
\x00\x00\x01\xa0\xc9\x01\xe2\x5c\
\x00\x00\x14\xa6\x00\x00\x00\x00\x00\x01\x00\x01\xc9\xe5\
\x00\x00\x01\xa0\xc9\x01\xe2\x19\
\x00\x00\x19\xfe\x00\x00\x00\x00\x00\x01\x00\x021\xd4\
\x00\x00\x01\xa0\xc9\x01\xe2T\
\x00\x00\x11\x80\x00\x00\x00\x00\x00\x01\x00\x01\x93\xd2\
\x00\x00\x01\xa0\xc9\x01\xe2\x1e\
\x00\x00\x0cZ\x00\x00\x00\x00\x00\x01\x00\x019W\
\x00\x00\x01\xa0\xc9\x01\xe2a\
\x00\x00\x0c:\x00\x00\x00\x00\x00\x01\x00\x017\xd8\
\x00\x00\x01\xa0\xc9\x01\xe2a\
\x00\x00\x0a\x04\x00\x00\x00\x00\x00\x01\x00\x01\x16\xcf\
\x00\x00\x01\xa0\xc9\x01\xe2^\
\x00\x00\x1b\x92\x00\x00\x00\x00\x00\x01\x00\x02R\xe5\
\x00\x00\x01\xa0\xc9\x01\xe2Q\
\x00\x00\x0f\xe6\x00\x00\x00\x00\x00\x01\x00\x01q\xc3\
\x00\x00\x01\xa0\xc9\x01\xe2\x1e\
\x00\x00\x10f\x00\x00\x00\x00\x00\x01\x00\x01~H\
\x00\x00\x01\xa0\xc9\x01\xe2\x19\
\x00\x00\x17v\x00\x00\x00\x00\x00\x01\x00\x02\x04\x92\
\x00\x00\x01\xa0\xc9\x01\xe2\x5c\
\x00\x00\x0d\x00\x00\x00\x00\x00\x00\x01\x00\x01E\xa7\
\x00\x00\x01\xa0\xc9\x01\xe29\
\x00\x00\x1a\xe0\x00\x00\x00\x00\x00\x01\x00\x02>\x0e\
\x00\x00\x01\xa0\xc9\x01\xe2T\
\x00\x00 $\x00\x00\x00\x00\x00\x01\x00\x02\x9c\xad\
\x00\x00\x01\xa0\xc9\x01\xe2+\
\x00\x00\x18\xf2\x00\x00\x00\x00\x00\x01\x00\x02\x18\xc9\
\x00\x00\x01\xa0\xc9\x01\xe2F\
\x00\x00\x10L\x00\x00\x00\x00\x00\x01\x00\x01x\x83\
\x00\x00\x01\xa0\xc9\x01\xe2\x1e\
\x00\x00\x07\x02\x00\x00\x00\x00\x00\x01\x00\x00\xdb\xc1\
\x00\x00\x01\xa0\xc9\x01\xe2`\
\x00\x00\x01\x80\x00\x00\x00\x00\x00\x01\x00\x00q\x91\
\x00\x00\x01\xa0\xc9\x01\xe2F\
\x00\x00\x13\x0a\x00\x00\x00\x00\x00\x01\x00\x01\xacc\
\x00\x00\x01\xa0\xc9\x01\xe29\
\x00\x00\x1d@\x00\x00\x00\x00\x00\x01\x00\x02o\x1f\
\x00\x00\x01\xa0\xc9\x01\xe2^\
\x00\x00\x0bz\x00\x00\x00\x00\x00\x01\x00\x01-\xf8\
\x00\x00\x01\xa0\xc9\x01\xe2+\
\x00\x00\x12@\x00\x00\x00\x00\x00\x01\x00\x01\xa2\x97\
\x00\x00\x01\xa0\xc9\x01\xe2F\
\x00\x00\x1f\x0e\x00\x00\x00\x00\x00\x01\x00\x02\x8b\xef\
\x00\x00\x01\xa0\xc9\x01\xe2+\
\x00\x00\x02&\x00\x00\x00\x00\x00\x01\x00\x00\x83\xc7\
\x00\x00\x01\xa0\xc9\x01\xe2Q\
\x00\x00\x1c&\x00\x00\x00\x00\x00\x01\x00\x02YR\
\x00\x00\x01\xa0\xc9\x01\xe2\x19\
\x00\x00\x06z\x00\x00\x00\x00\x00\x01\x00\x00\xd1\x22\
\x00\x00\x01\xa0\xc9\x01\xe2\x1e\
\x00\x00\x01\xe4\x00\x00\x00\x00\x00\x01\x00\x00{\xda\
\x00\x00\x01\xa0\xc9\x01\xe2a\
\x00\x00\x1f\xc8\x00\x00\x00\x00\x00\x01\x00\x02\x94u\
\x00\x00\x01\xa0\xc9\x01\xe24\
\x00\x00\x0b\xae\x00\x00\x00\x00\x00\x01\x00\x010\xd9\
\x00\x00\x01\xa0\xc9\x01\xe2+\
\x00\x00\x0c\x12\x00\x00\x00\x00\x00\x01\x00\x0161\
\x00\x00\x01\xa0\xc9\x01\xe2+\
\x00\x00\x1d\xba\x00\x00\x00\x00\x00\x01\x00\x02t+\
\x00\x00\x01\xa0\xc9\x01\xe2F\
\x00\x00\x0a\x9c\x00\x00\x00\x00\x00\x01\x00\x01\x22\xcc\
\x00\x00\x01\xa0\xc9\x01\xe2a\
\x00\x00\x0c\xae\x00\x00\x00\x00\x00\x01\x00\x01={\
\x00\x00\x01\xa0\xc9\x01\xe2\x1e\
\x00\x00!\xc2\x00\x00\x00\x00\x00\x01\x00\x02\xae\x81\
\x00\x00\x01\xa0\xc9\x01\xe2\x1e\
\x00\x00 \xb4\x00\x00\x00\x00\x00\x01\x00\x02\xa1\x83\
\x00\x00\x01\xa0\xc9\x01\xe2\x1e\
\x00\x00!\x94\x00\x00\x00\x00\x00\x01\x00\x02\xab\xfe\
\x00\x00\x01\xa0\xc9\x01\xe2F\
\x00\x00\x0a\x82\x00\x00\x00\x00\x00\x01\x00\x01!x\
\x00\x00\x01\xa0\xc9\x01\xe2T\
\x00\x00\x15x\x00\x00\x00\x00\x00\x01\x00\x01\xe5\x01\
\x00\x00\x01\xa0\xc9\x01\xe2+\
\x00\x00\x1c\xd4\x00\x00\x00\x00\x00\x01\x00\x02h\x96\
\x00\x00\x01\xa0\xc9\x01\xe2T\
\x00\x00\x13X\x00\x00\x00\x00\x00\x01\x00\x01\xb1\xc8\
\x00\x00\x01\xa0\xc9\x01\xe2\x1e\
\x00\x00\x0b\x94\x00\x00\x00\x00\x00\x01\x00\x01/r\
\x00\x00\x01\xa0\xc9\x01\xe29\
\x00\x00\x06\xe2\x00\x00\x00\x00\x00\x01\x00\x00\xda]\
\x00\x00\x01\xa0\xc9\x01\xe2F\
\x00\x00\x1b\xa8\x00\x00\x00\x00\x00\x01\x00\x02T#\
\x00\x00\x01\xa0\xc9\x01\xe2\x1e\
\x00\x00\x03P\x00\x00\x00\x00\x00\x01\x00\x00\x95\xc1\
\x00\x00\x01\xa0\xc9\x01\xe24\
\x00\x00\x00\xc0\x00\x00\x00\x00\x00\x01\x00\x00fU\
\x00\x00\x01\xa0\xc9\x01\xe2\x19\
\x00\x00\x10\x1e\x00\x00\x00\x00\x00\x01\x00\x01t\xff\
\x00\x00\x01\xa0\xc9\x01\xe24\
\x00\x00\x1d^\x00\x00\x00\x00\x00\x01\x00\x02pE\
\x00\x00\x01\xa0\xc9\x01\xe2\x1e\
\x00\x00\x0b4\x00\x00\x00\x00\x00\x01\x00\x01+'\
\x00\x00\x01\xa0\xc9\x01\xe2\x1e\
\x00\x00\x06\xba\x00\x00\x00\x00\x00\x01\x00\x00\xd3\xf4\
\x00\x00\x01\xa0\xc9\x01\xe2\x19\
\x00\x00\x1d\xe0\x00\x00\x00\x00\x00\x01\x00\x02zZ\
\x00\x00\x01\xa0\xc9\x01\xe2\x1e\
\x00\x00 r\x00\x00\x00\x00\x00\x01\x00\x02\x9f\x22\
\x00\x00\x01\xa0\xc9\x01\xe2F\
\x00\x00\x18\xd6\x00\x00\x00\x00\x00\x01\x00\x02\x17_\
\x00\x00\x01\xa0\xc9\x01\xe29\
\x00\x00\x1d\x9e\x00\x00\x00\x00\x00\x01\x00\x02r\xe9\
\x00\x00\x01\xa0\xc9\x01\xe2F\
\x00\x00\x11\xd4\x00\x00\x00\x00\x00\x01\x00\x01\x9d\x87\
\x00\x00\x01\xa0\xc9\x01\xe2T\
\x00\x00\x00Z\x00\x00\x00\x00\x00\x01\x00\x00b;\
\x00\x00\x01\xa0\xc9\x01\xe2T\
\x00\x00\x1ej\x00\x00\x00\x00\x00\x01\x00\x02\x85q\
\x00\x00\x01\xa0\xc9\x01\xe2\x1e\
\x00\x00\x03\xbe\x00\x00\x00\x00\x00\x01\x00\x00\x9bA\
\x00\x00\x01\xa0\xc9\x01\xe2\x1e\
\x00\x00\x01V\x00\x00\x00\x00\x00\x01\x00\x00p\x5c\
\x00\x00\x01\xa0\xc9\x01\xe29\
\x00\x00\x00\xe2\x00\x00\x00\x00\x00\x01\x00\x00g\xe5\
\x00\x00\x01\xa0\xc9\x01\xe2\x1e\
\x00\x00\x15\xdc\x00\x00\x00\x00\x00\x01\x00\x01\xea\xd3\
\x00\x00\x01\xa0\xc9\x01\xe2\x1e\
\x00\x00 \x98\x00\x00\x00\x00\x00\x01\x00\x02\xa0=\
\x00\x00\x01\xa0\xc9\x01\xe2\x1e\
\x00\x00 \x0a\x00\x00\x00\x00\x00\x01\x00\x02\x9bP\
\x00\x00\x01\xa0\xc9\x01\xe2\x19\
\x00\x00\x05\xa4\x00\x00\x00\x00\x00\x01\x00\x00\xbf\x5c\
\x00\x00\x01\xa0\xc9\x01\xe24\
\x00\x00\x0e\x06\x00\x00\x00\x00\x00\x01\x00\x01V\xf1\
\x00\x00\x01\xa0\xc9\x01\xe29\
\x00\x00\x0c\xd2\x00\x00\x00\x00\x00\x01\x00\x01>\xbb\
\x00\x00\x01\xa0\xc9\x01\xe2F\
\x00\x00\x12\xac\x00\x00\x00\x00\x00\x01\x00\x01\xa7\xc6\
\x00\x00\x01\xa0\xc9\x01\xe2+\
\x00\x00\x09X\x00\x00\x00\x00\x00\x01\x00\x01\x0dk\
\x00\x00\x01\xa0\xc9\x01\xe2+\
\x00\x00\x0b\x00\x00\x00\x00\x00\x00\x01\x00\x01'&\
\x00\x00\x01\xa0\xc9\x01\xe29\
\x00\x00\x12\xd4\x00\x00\x00\x00\x00\x01\x00\x01\xa9W\
\x00\x00\x01\xa0\xc9\x01\xe2a\
\x00\x00\x13~\x00\x00\x00\x00\x00\x01\x00\x01\xb3\x14\
\x00\x00\x01\xa0\xc9\x01\xe29\
\x00\x00\x1b\xce\x00\x00\x00\x00\x00\x01\x00\x02U4\
\x00\x00\x01\xa0\xc9\x01\xe2+\
\x00\x00\x00\x10\x00\x02\x00\x00\x00\x01\x00\x00\x01$\
\x00\x00\x00\x00\x00\x00\x00\x00\
\x00\x00\x00\x1e\x00\x00\x00\x00\x00\x01\x00\x00\x00\x00\
\x00\x00\x01\xa0\xc9\x01\xe2a\
"

def qInitResources():
    QtCore.qRegisterResourceData(0x03, qt_resource_struct, qt_resource_name, qt_resource_data)

def qCleanupResources():
    QtCore.qUnregisterResourceData(0x03, qt_resource_struct, qt_resource_name, qt_resource_data)

qInitResources()
