999
"DXF R12 Output" (www.mydxf.blogspot.com)
 0 
SECTION
 2 
HEADER
 9 
$ACADVER
 1 
AC1009
 9 
$EXTMIN
 10 
 0 
 20 
 0 
 9 
$EXTMAX
 10 
 8.5 
 20 
 11 
 0 
ENDSEC
 0 
SECTION
 2 
ENTITIES
0
LINE
8
Layer 1
10
0.793749
20
297.793749
11
-0.793749
21
296.206251
0
LINE
8
Layer 1
10
0.000000
20
298.322915
11
0.000000
21
295.677085
0
LINE
8
Layer 1
10
2.116664
20
295.941668
11
1.058332
21
294.883336
0
LINE
8
Layer 1
10
1.587498
20
296.470834
11
0.529166
21
295.412502
0
LINE
8
Layer 1
10
1.058332
20
297.000000
11
0.000000
21
295.941668
0
LINE
8
Layer 1
10
-208.160146
20
247.241727
11
-208.160146
21
352.594180
0
LINE
8
Layer 1
10
209.662184
20
247.241727
11
209.662184
21
352.594180
0
LINE
8
Layer 1
10
-198.306017
20
347.666851
11
199.808055
21
347.666851
0
LINE
8
Layer 1
10
-198.306017
20
349.309382
11
-198.306017
21
346.024584
0
LINE
8
Layer 1
10
-198.306017
20
346.024584
11
-208.160146
21
347.666851
0
LINE
8
Layer 1
10
-208.160146
20
347.666851
11
-198.306017
21
349.309382
0
LINE
8
Layer 1
10
199.808055
20
349.309382
11
199.808055
21
346.024584
0
LINE
8
Layer 1
10
199.808055
20
346.024584
11
209.662184
21
347.666851
0
LINE
8
Layer 1
10
209.662184
20
347.666851
11
199.808055
21
349.309382
0
LINE
8
Layer 1
10
-13.376209
20
350.234705
11
-14.242318
21
350.234705
0
LINE
8
Layer 1
10
-14.242318
20
350.234705
11
-14.242318
21
355.753743
0
LINE
8
Layer 1
10
-14.242318
20
355.753743
11
-15.065121
21
355.157090
0
LINE
8
Layer 1
10
-15.065121
20
355.157090
11
-15.974535
21
354.709600
0
LINE
8
Layer 1
10
-15.974535
20
354.709600
11
-15.974535
21
355.546839
0
LINE
8
Layer 1
10
-15.974535
20
355.546839
11
-14.704243
21
356.374455
0
LINE
8
Layer 1
10
-14.704243
20
356.374455
11
-13.934368
21
357.317550
0
LINE
8
Layer 1
10
-13.934368
20
357.317550
11
-13.376209
21
357.317550
0
LINE
8
Layer 1
10
-13.376209
20
357.317550
11
-13.376209
21
350.234705
0
LINE
8
Layer 1
10
-11.158008
20
353.713575
11
-11.094253
21
354.841922
0
LINE
8
Layer 1
10
-11.094253
20
354.841922
11
-10.902987
21
355.724872
0
LINE
8
Layer 1
10
-10.902987
20
355.724872
11
-10.581805
21
356.402121
0
LINE
8
Layer 1
10
-10.581805
20
356.402121
11
-10.137924
21
356.903742
0
LINE
8
Layer 1
10
-10.137924
20
356.903742
11
-9.562924
21
357.214098
0
LINE
8
Layer 1
10
-9.562924
20
357.214098
11
-8.858008
21
357.317550
0
LINE
8
Layer 1
10
-8.858008
20
357.317550
11
-7.861983
21
357.086588
0
LINE
8
Layer 1
10
-7.861983
20
357.086588
11
-7.154661
21
356.427382
0
LINE
8
Layer 1
10
-7.154661
20
356.427382
11
-6.716795
21
355.378429
0
LINE
8
Layer 1
10
-6.716795
20
355.378429
11
-6.558008
21
353.713575
0
LINE
8
Layer 1
10
-6.558008
20
353.713575
11
-6.621763
21
352.591242
0
LINE
8
Layer 1
10
-6.621763
20
352.591242
11
-6.813029
21
351.707089
0
LINE
8
Layer 1
10
-6.813029
20
351.707089
11
-7.131805
21
351.032246
0
LINE
8
Layer 1
10
-7.131805
20
351.032246
11
-7.578092
21
350.528218
0
LINE
8
Layer 1
10
-7.578092
20
350.528218
11
-8.150686
21
350.217862
0
LINE
8
Layer 1
10
-8.150686
20
350.217862
11
-8.858008
21
350.114410
0
LINE
8
Layer 1
10
-8.858008
20
350.114410
11
-9.768625
21
350.297256
0
LINE
8
Layer 1
10
-9.768625
20
350.297256
11
-10.460309
21
350.845792
0
LINE
8
Layer 1
10
-10.460309
20
350.845792
11
-10.983583
21
352.003010
0
LINE
8
Layer 1
10
-10.983583
20
352.003010
11
-11.158008
21
353.713575
0
LINE
8
Layer 1
10
-11.158008
20
353.713575
11
-11.158008
21
353.713575
0
LINE
8
Layer 1
10
-10.267841
20
353.713575
11
-10.166795
21
352.266452
0
LINE
8
Layer 1
10
-10.166795
20
352.266452
11
-9.863657
21
351.399141
0
LINE
8
Layer 1
10
-9.863657
20
351.399141
11
-9.407747
21
350.969695
0
LINE
8
Layer 1
10
-9.407747
20
350.969695
11
-8.858008
21
350.826546
0
LINE
8
Layer 1
10
-8.858008
20
350.826546
11
-8.309472
21
350.970897
0
LINE
8
Layer 1
10
-8.309472
20
350.970897
11
-7.857171
21
351.403951
0
LINE
8
Layer 1
10
-7.857171
20
351.403951
11
-7.550424
21
352.270060
0
LINE
8
Layer 1
10
-7.550424
20
352.270060
11
-7.448175
21
353.713575
0
LINE
8
Layer 1
10
-7.448175
20
353.713575
11
-7.550424
21
355.163104
0
LINE
8
Layer 1
10
-7.550424
20
355.163104
11
-7.857171
21
356.028010
0
LINE
8
Layer 1
10
-7.857171
20
356.028010
11
-8.311878
21
356.457456
0
LINE
8
Layer 1
10
-8.311878
20
356.457456
11
-8.867632
21
356.600604
0
LINE
8
Layer 1
10
-8.867632
20
356.600604
11
-9.404138
21
356.474297
0
LINE
8
Layer 1
10
-9.404138
20
356.474297
11
-9.820351
21
356.095375
0
LINE
8
Layer 1
10
-9.820351
20
356.095375
11
-10.155968
21
355.177540
0
LINE
8
Layer 1
10
-10.155968
20
355.177540
11
-10.267841
21
353.713575
0
LINE
8
Layer 1
10
-10.267841
20
353.713575
11
-10.267841
21
353.713575
0
LINE
8
Layer 1
10
-1.183322
20
355.561275
11
-2.044619
21
355.493909
0
LINE
8
Layer 1
10
-2.044619
20
355.493909
11
-2.371815
21
356.234913
0
LINE
8
Layer 1
10
-2.371815
20
356.234913
11
-2.763970
21
356.512791
0
LINE
8
Layer 1
10
-2.763970
20
356.512791
11
-3.237924
21
356.605417
0
LINE
8
Layer 1
10
-3.237924
20
356.605417
11
-3.964493
21
356.374455
0
LINE
8
Layer 1
10
-3.964493
20
356.374455
11
-4.330184
21
356.007560
0
LINE
8
Layer 1
10
-4.330184
20
356.007560
11
-4.609263
21
355.503532
0
LINE
8
Layer 1
10
-4.609263
20
355.503532
11
-4.854661
21
353.872362
0
LINE
8
Layer 1
10
-4.854661
20
353.872362
11
-4.089598
21
354.579685
0
LINE
8
Layer 1
10
-4.089598
20
354.579685
11
-3.141690
21
354.810645
0
LINE
8
Layer 1
10
-3.141690
20
354.810645
11
-2.340539
21
354.650655
0
LINE
8
Layer 1
10
-2.340539
20
354.650655
11
-1.669305
21
354.170687
0
LINE
8
Layer 1
10
-1.669305
20
354.170687
11
-1.210989
21
353.441713
0
LINE
8
Layer 1
10
-1.210989
20
353.441713
11
-1.058217
21
352.525081
0
LINE
8
Layer 1
10
-1.058217
20
352.525081
11
-1.130393
21
351.883921
0
LINE
8
Layer 1
10
-1.130393
20
351.883921
11
-1.346920
21
351.288471
0
LINE
8
Layer 1
10
-1.346920
20
351.288471
11
-1.684943
21
350.786850
0
LINE
8
Layer 1
10
-1.684943
20
350.786850
11
-2.131230
21
350.417551
0
LINE
8
Layer 1
10
-2.131230
20
350.417551
11
-2.665330
21
350.190195
0
LINE
8
Layer 1
10
-2.665330
20
350.190195
11
-3.266794
21
350.114410
0
LINE
8
Layer 1
10
-3.266794
20
350.114410
11
-4.249587
21
350.312894
0
LINE
8
Layer 1
10
-4.249587
20
350.312894
11
-5.032694
21
350.908344
0
LINE
8
Layer 1
10
-5.032694
20
350.908344
11
-5.545142
21
351.964516
0
LINE
8
Layer 1
10
-5.545142
20
351.964516
11
-5.715958
21
353.535542
0
LINE
8
Layer 1
10
-5.715958
20
353.535542
11
-5.527098
21
355.301441
0
LINE
8
Layer 1
10
-5.527098
20
355.301441
11
-4.960518
21
356.509180
0
LINE
8
Layer 1
10
-4.960518
20
356.509180
11
-4.187035
21
357.115458
0
LINE
8
Layer 1
10
-4.187035
20
357.115458
11
-3.184995
21
357.317550
0
LINE
8
Layer 1
10
-3.184995
20
357.317550
11
-2.428353
21
357.200866
0
LINE
8
Layer 1
10
-2.428353
20
357.200866
11
-1.823280
21
356.850812
0
LINE
8
Layer 1
10
-1.823280
20
356.850812
11
-1.396240
21
356.295060
0
LINE
8
Layer 1
10
-1.396240
20
356.295060
11
-1.183322
21
355.561275
0
LINE
8
Layer 1
10
-1.183322
20
355.561275
11
-1.183322
21
355.561275
0
LINE
8
Layer 1
10
-4.719933
20
352.520269
11
-4.532276
21
351.663784
0
LINE
8
Layer 1
10
-4.532276
20
351.663784
11
-3.998175
21
351.038260
0
LINE
8
Layer 1
10
-3.998175
20
351.038260
11
-3.281230
21
350.826546
0
LINE
8
Layer 1
10
-3.281230
20
350.826546
11
-2.771188
21
350.937215
0
LINE
8
Layer 1
10
-2.771188
20
350.937215
11
-2.338133
21
351.269222
0
LINE
8
Layer 1
10
-2.338133
20
351.269222
11
-2.042213
21
351.791294
0
LINE
8
Layer 1
10
-2.042213
20
351.791294
11
-1.943573
21
352.472152
0
LINE
8
Layer 1
10
-1.943573
20
352.472152
11
-2.041010
21
353.125342
0
LINE
8
Layer 1
10
-2.041010
20
353.125342
11
-2.333322
21
353.622151
0
LINE
8
Layer 1
10
-2.333322
20
353.622151
11
-2.773594
21
353.939726
0
LINE
8
Layer 1
10
-2.773594
20
353.939726
11
-3.314911
21
354.045584
0
LINE
8
Layer 1
10
-3.314911
20
354.045584
11
-3.857433
21
353.939726
0
LINE
8
Layer 1
10
-3.857433
20
353.939726
11
-4.310937
21
353.622151
0
LINE
8
Layer 1
10
-4.310937
20
353.622151
11
-4.617684
21
353.137372
0
LINE
8
Layer 1
10
-4.617684
20
353.137372
11
-4.719933
21
352.520269
0
LINE
8
Layer 1
10
-4.719933
20
352.520269
11
-4.719933
21
352.520269
0
LINE
8
Layer 1
10
2.781531
20
350.234705
11
2.781531
21
355.344745
0
LINE
8
Layer 1
10
2.781531
20
355.344745
11
3.556218
21
355.344745
0
LINE
8
Layer 1
10
3.556218
20
355.344745
11
3.556218
21
354.627802
0
LINE
8
Layer 1
10
3.556218
20
354.627802
11
4.196176
21
355.229265
0
LINE
8
Layer 1
10
4.196176
20
355.229265
11
5.105590
21
355.460228
0
LINE
8
Layer 1
10
5.105590
20
355.460228
11
6.034251
21
355.224452
0
LINE
8
Layer 1
10
6.034251
20
355.224452
11
6.549105
21
354.565249
0
LINE
8
Layer 1
10
6.549105
20
354.565249
11
7.246803
21
355.236483
0
LINE
8
Layer 1
10
7.246803
20
355.236483
11
8.127347
21
355.460228
0
LINE
8
Layer 1
10
8.127347
20
355.460228
11
8.799785
21
355.354370
0
LINE
8
Layer 1
10
8.799785
20
355.354370
11
9.296594
21
355.036797
0
LINE
8
Layer 1
10
9.296594
20
355.036797
11
9.603341
21
354.503899
0
LINE
8
Layer 1
10
9.603341
20
354.503899
11
9.705590
21
353.742446
0
LINE
8
Layer 1
10
9.705590
20
353.742446
11
9.705590
21
350.234705
0
LINE
8
Layer 1
10
9.705590
20
350.234705
11
8.844293
21
350.234705
0
LINE
8
Layer 1
10
8.844293
20
350.234705
11
8.844293
21
353.453741
0
LINE
8
Layer 1
10
8.844293
20
353.453741
11
8.757682
21
354.199558
0
LINE
8
Layer 1
10
8.757682
20
354.199558
11
8.454544
21
354.570059
0
LINE
8
Layer 1
10
8.454544
20
354.570059
11
7.934879
21
354.709600
0
LINE
8
Layer 1
10
7.934879
20
354.709600
11
7.441678
21
354.619381
0
LINE
8
Layer 1
10
7.441678
20
354.619381
11
7.039900
21
354.348722
0
LINE
8
Layer 1
10
7.039900
20
354.348722
11
6.772850
21
353.884391
0
LINE
8
Layer 1
10
6.772850
20
353.884391
11
6.683833
21
353.203533
0
LINE
8
Layer 1
10
6.683833
20
353.203533
11
6.683833
21
350.234705
0
LINE
8
Layer 1
10
6.683833
20
350.234705
11
5.817724
21
350.234705
0
LINE
8
Layer 1
10
5.817724
20
350.234705
11
5.817724
21
353.554788
0
LINE
8
Layer 1
10
5.817724
20
353.554788
11
5.606008
21
354.420898
0
LINE
8
Layer 1
10
5.606008
20
354.420898
11
5.326929
21
354.637425
0
LINE
8
Layer 1
10
5.326929
20
354.637425
11
4.913121
21
354.709600
0
LINE
8
Layer 1
10
4.913121
20
354.709600
11
4.234669
21
354.517132
0
LINE
8
Layer 1
10
4.234669
20
354.517132
11
3.787180
21
353.954160
0
LINE
8
Layer 1
10
3.787180
20
353.954160
11
3.647640
21
352.885959
0
LINE
8
Layer 1
10
3.647640
20
352.885959
11
3.647640
21
350.234705
0
LINE
8
Layer 1
10
3.647640
20
350.234705
11
2.781531
21
350.234705
0
LINE
8
Layer 1
10
10.990318
20
350.234705
11
10.990318
21
355.344745
0
LINE
8
Layer 1
10
10.990318
20
355.344745
11
11.765005
21
355.344745
0
LINE
8
Layer 1
10
11.765005
20
355.344745
11
11.765005
21
354.627802
0
LINE
8
Layer 1
10
11.765005
20
354.627802
11
12.404963
21
355.229265
0
LINE
8
Layer 1
10
12.404963
20
355.229265
11
13.314377
21
355.460228
0
LINE
8
Layer 1
10
13.314377
20
355.460228
11
14.243038
21
355.224452
0
LINE
8
Layer 1
10
14.243038
20
355.224452
11
14.757892
21
354.565249
0
LINE
8
Layer 1
10
14.757892
20
354.565249
11
15.455590
21
355.236483
0
LINE
8
Layer 1
10
15.455590
20
355.236483
11
16.336134
21
355.460228
0
LINE
8
Layer 1
10
16.336134
20
355.460228
11
17.008572
21
355.354370
0
LINE
8
Layer 1
10
17.008572
20
355.354370
11
17.505381
21
355.036797
0
LINE
8
Layer 1
10
17.505381
20
355.036797
11
17.812128
21
354.503899
0
LINE
8
Layer 1
10
17.812128
20
354.503899
11
17.914377
21
353.742446
0
LINE
8
Layer 1
10
17.914377
20
353.742446
11
17.914377
21
350.234705
0
LINE
8
Layer 1
10
17.914377
20
350.234705
11
17.053080
21
350.234705
0
LINE
8
Layer 1
10
17.053080
20
350.234705
11
17.053080
21
353.453741
0
LINE
8
Layer 1
10
17.053080
20
353.453741
11
16.966469
21
354.199558
0
LINE
8
Layer 1
10
16.966469
20
354.199558
11
16.663331
21
354.570059
0
LINE
8
Layer 1
10
16.663331
20
354.570059
11
16.143666
21
354.709600
0
LINE
8
Layer 1
10
16.143666
20
354.709600
11
15.650465
21
354.619381
0
LINE
8
Layer 1
10
15.650465
20
354.619381
11
15.248687
21
354.348722
0
LINE
8
Layer 1
10
15.248687
20
354.348722
11
14.981636
21
353.884391
0
LINE
8
Layer 1
10
14.981636
20
353.884391
11
14.892620
21
353.203533
0
LINE
8
Layer 1
10
14.892620
20
353.203533
11
14.892620
21
350.234705
0
LINE
8
Layer 1
10
14.892620
20
350.234705
11
14.026511
21
350.234705
0
LINE
8
Layer 1
10
14.026511
20
350.234705
11
14.026511
21
353.554788
0
LINE
8
Layer 1
10
14.026511
20
353.554788
11
13.814795
21
354.420898
0
LINE
8
Layer 1
10
13.814795
20
354.420898
11
13.535716
21
354.637425
0
LINE
8
Layer 1
10
13.535716
20
354.637425
11
13.121908
21
354.709600
0
LINE
8
Layer 1
10
13.121908
20
354.709600
11
12.443456
21
354.517132
0
LINE
8
Layer 1
10
12.443456
20
354.517132
11
11.995967
21
353.954160
0
LINE
8
Layer 1
10
11.995967
20
353.954160
11
11.856427
21
352.885959
0
LINE
8
Layer 1
10
11.856427
20
352.885959
11
11.856427
21
350.234705
0
LINE
8
Layer 1
10
11.856427
20
350.234705
11
10.990318
21
350.234705
0
LINE
8
Layer 1
10
-208.094109
20
244.778135
11
-208.127182
21
244.835419
0
LINE
8
Layer 1
10
-208.127182
20
244.835419
11
-208.193328
21
244.835419
0
LINE
8
Layer 1
10
-208.193328
20
244.835419
11
-208.226401
21
244.778135
0
LINE
8
Layer 1
10
-208.226401
20
244.778135
11
-208.193328
21
244.720851
0
LINE
8
Layer 1
10
-208.193328
20
244.720851
11
-208.127182
21
244.720851
0
LINE
8
Layer 1
10
-208.127182
20
244.720851
11
-208.094109
21
244.778135
0
LINE
8
Layer 1
10
-208.094109
20
244.778135
11
-208.094109
21
244.778135
0
LINE
8
Layer 1
10
209.728376
20
244.778135
11
209.695303
21
244.835419
0
LINE
8
Layer 1
10
209.695303
20
244.835419
11
209.629158
21
244.835419
0
LINE
8
Layer 1
10
209.629158
20
244.835419
11
209.596085
21
244.778135
0
LINE
8
Layer 1
10
209.596085
20
244.778135
11
209.629158
21
244.720851
0
LINE
8
Layer 1
10
209.629158
20
244.720851
11
209.695303
21
244.720851
0
LINE
8
Layer 1
10
209.695303
20
244.720851
11
209.728376
21
244.778135
0
LINE
8
Layer 1
10
209.728376
20
244.778135
11
209.728376
21
244.778135
0
LINE
8
Layer 1
10
209.728376
20
347.666938
11
209.695303
21
347.724222
0
LINE
8
Layer 1
10
209.695303
20
347.724222
11
209.629158
21
347.724222
0
LINE
8
Layer 1
10
209.629158
20
347.724222
11
209.596085
21
347.666938
0
LINE
8
Layer 1
10
209.596085
20
347.666938
11
209.629158
21
347.609654
0
LINE
8
Layer 1
10
209.629158
20
347.609654
11
209.695303
21
347.609654
0
LINE
8
Layer 1
10
209.695303
20
347.609654
11
209.728376
21
347.666938
0
LINE
8
Layer 1
10
209.728376
20
347.666938
11
209.728376
21
347.666938
0
LINE
8
Layer 1
10
-208.160146
20
-175.508196
11
-208.160146
21
-297.951917
0
LINE
8
Layer 1
10
0.750987
20
-175.508196
11
0.750987
21
-297.951917
0
LINE
8
Layer 1
10
-198.306017
20
-293.025382
11
-9.103322
21
-293.025382
0
LINE
8
Layer 1
10
-198.306017
20
-291.382321
11
-198.306017
21
-294.665796
0
LINE
8
Layer 1
10
-198.306017
20
-294.665796
11
-208.160146
21
-293.025382
0
LINE
8
Layer 1
10
-208.160146
20
-293.025382
11
-198.306017
21
-291.382321
0
LINE
8
Layer 1
10
-9.103322
20
-291.382321
11
-9.103322
21
-294.665796
0
LINE
8
Layer 1
10
-9.103322
20
-294.665796
11
0.750987
21
-293.025382
0
LINE
8
Layer 1
10
0.750987
20
-293.025382
11
-9.103322
21
-291.382321
0
LINE
8
Layer 1
10
-118.353903
20
-288.605364
11
-117.444488
21
-288.528397
0
LINE
8
Layer 1
10
-117.444488
20
-288.528397
11
-117.277281
21
-289.110598
0
LINE
8
Layer 1
10
-117.277281
20
-289.110598
11
-116.977751
21
-289.529208
0
LINE
8
Layer 1
10
-116.977751
20
-289.529208
11
-116.569959
21
-289.778227
0
LINE
8
Layer 1
10
-116.569959
20
-289.778227
11
-116.087585
21
-289.861234
0
LINE
8
Layer 1
10
-116.087585
20
-289.861234
11
-115.510178
21
-289.743349
0
LINE
8
Layer 1
10
-115.510178
20
-289.743349
11
-115.029007
21
-289.389694
0
LINE
8
Layer 1
10
-115.029007
20
-289.389694
11
-114.704217
21
-288.841147
0
LINE
8
Layer 1
10
-114.704217
20
-288.841147
11
-114.595953
21
-288.138639
0
LINE
8
Layer 1
10
-114.595953
20
-288.138639
11
-114.700608
21
-287.475819
0
LINE
8
Layer 1
10
-114.700608
20
-287.475819
11
-115.014571
21
-286.969394
0
LINE
8
Layer 1
10
-115.014571
20
-286.969394
11
-115.493338
21
-286.648204
0
LINE
8
Layer 1
10
-115.493338
20
-286.648204
11
-116.102021
21
-286.541140
0
LINE
8
Layer 1
10
-116.102021
20
-286.541140
11
-116.857458
21
-286.733624
0
LINE
8
Layer 1
10
-116.857458
20
-286.733624
11
-117.386749
21
-287.224399
0
LINE
8
Layer 1
10
-117.386749
20
-287.224399
11
-118.199928
21
-287.118540
0
LINE
8
Layer 1
10
-118.199928
20
-287.118540
11
-117.516664
21
-283.495340
0
LINE
8
Layer 1
10
-117.516664
20
-283.495340
11
-114.008923
21
-283.495340
0
LINE
8
Layer 1
10
-114.008923
20
-283.495340
11
-114.008923
21
-284.322956
0
LINE
8
Layer 1
10
-114.008923
20
-284.322956
11
-116.823777
21
-284.322956
0
LINE
8
Layer 1
10
-116.823777
20
-284.322956
11
-117.203903
21
-286.218772
0
LINE
8
Layer 1
10
-117.203903
20
-286.218772
11
-116.553118
21
-285.886747
0
LINE
8
Layer 1
10
-116.553118
20
-285.886747
11
-115.871058
21
-285.776072
0
LINE
8
Layer 1
10
-115.871058
20
-285.776072
11
-115.019384
21
-285.936065
0
LINE
8
Layer 1
10
-115.019384
20
-285.936065
11
-114.312061
21
-286.416045
0
LINE
8
Layer 1
10
-114.312061
20
-286.416045
11
-113.835701
21
-287.147419
0
LINE
8
Layer 1
10
-113.835701
20
-287.147419
11
-113.676914
21
-288.061646
0
LINE
8
Layer 1
10
-113.676914
20
-288.061646
11
-113.816454
21
-288.954217
0
LINE
8
Layer 1
10
-113.816454
20
-288.954217
11
-114.235073
21
-289.716877
0
LINE
8
Layer 1
10
-114.235073
20
-289.716877
11
-115.037427
21
-290.359238
0
LINE
8
Layer 1
10
-115.037427
20
-290.359238
11
-116.087585
21
-290.573359
0
LINE
8
Layer 1
10
-116.087585
20
-290.573359
11
-116.962113
21
-290.438633
0
LINE
8
Layer 1
10
-116.962113
20
-290.438633
11
-117.661015
21
-290.034456
0
LINE
8
Layer 1
10
-117.661015
20
-290.034456
11
-118.137375
21
-289.407718
0
LINE
8
Layer 1
10
-118.137375
20
-289.407718
11
-118.353903
21
-288.605364
0
LINE
8
Layer 1
10
-118.353903
20
-288.605364
11
-118.353903
21
-288.605364
0
LINE
8
Layer 1
10
-112.868547
20
-288.590812
11
-112.002437
21
-288.475321
0
LINE
8
Layer 1
10
-112.002437
20
-288.475321
11
-111.801549
21
-289.109269
0
LINE
8
Layer 1
10
-111.801549
20
-289.109269
11
-111.497208
21
-289.538707
0
LINE
8
Layer 1
10
-111.497208
20
-289.538707
11
-111.097835
21
-289.780503
0
LINE
8
Layer 1
10
-111.097835
20
-289.780503
11
-110.621475
21
-289.861101
0
LINE
8
Layer 1
10
-110.621475
20
-289.861101
11
-110.058505
21
-289.755242
0
LINE
8
Layer 1
10
-110.058505
20
-289.755242
11
-109.591768
21
-289.437663
0
LINE
8
Layer 1
10
-109.591768
20
-289.437663
11
-109.274195
21
-288.963708
0
LINE
8
Layer 1
10
-109.274195
20
-288.963708
11
-109.168338
21
-288.388723
0
LINE
8
Layer 1
10
-109.168338
20
-288.388723
11
-109.265775
21
-287.844992
0
LINE
8
Layer 1
10
-109.265775
20
-287.844992
11
-109.558087
21
-287.407120
0
LINE
8
Layer 1
10
-109.558087
20
-287.407120
11
-110.000765
21
-287.114802
0
LINE
8
Layer 1
10
-110.000765
20
-287.114802
11
-110.549299
21
-287.017363
0
LINE
8
Layer 1
10
-110.549299
20
-287.017363
11
-111.160388
21
-287.113618
0
LINE
8
Layer 1
10
-111.160388
20
-287.113618
11
-111.064154
21
-286.353366
0
LINE
8
Layer 1
10
-111.064154
20
-286.353366
11
-110.924613
21
-286.362891
0
LINE
8
Layer 1
10
-110.924613
20
-286.362891
11
-110.398934
21
-286.290719
0
LINE
8
Layer 1
10
-110.398934
20
-286.290719
11
-109.928588
21
-286.074204
0
LINE
8
Layer 1
10
-109.928588
20
-286.074204
11
-109.596580
21
-285.707307
0
LINE
8
Layer 1
10
-109.596580
20
-285.707307
11
-109.485911
21
-285.184041
0
LINE
8
Layer 1
10
-109.485911
20
-285.184041
11
-109.566507
21
-284.748564
0
LINE
8
Layer 1
10
-109.566507
20
-284.748564
11
-109.808295
21
-284.394896
0
LINE
8
Layer 1
10
-109.808295
20
-284.394896
11
-110.177595
21
-284.160343
0
LINE
8
Layer 1
10
-110.177595
20
-284.160343
11
-110.640723
21
-284.082159
0
LINE
8
Layer 1
10
-110.640723
20
-284.082159
11
-111.103850
21
-284.161547
0
LINE
8
Layer 1
10
-111.103850
20
-284.161547
11
-111.482772
21
-284.399711
0
LINE
8
Layer 1
10
-111.482772
20
-284.399711
11
-111.759445
21
-284.796685
0
LINE
8
Layer 1
10
-111.759445
20
-284.796685
11
-111.915826
21
-285.352448
0
LINE
8
Layer 1
10
-111.915826
20
-285.352448
11
-112.781935
21
-285.198461
0
LINE
8
Layer 1
10
-112.781935
20
-285.198461
11
-112.522103
21
-284.426176
0
LINE
8
Layer 1
10
-112.522103
20
-284.426176
11
-112.060179
21
-283.851178
0
LINE
8
Layer 1
10
-112.060179
20
-283.851178
11
-111.428641
21
-283.490300
0
LINE
8
Layer 1
10
-111.428641
20
-283.490300
11
-110.659969
21
-283.370007
0
LINE
8
Layer 1
10
-110.659969
20
-283.370007
11
-109.596581
21
-283.620223
0
LINE
8
Layer 1
10
-109.596581
20
-283.620223
11
-108.855577
21
-284.293852
0
LINE
8
Layer 1
10
-108.855577
20
-284.293852
11
-108.595743
21
-285.203276
0
LINE
8
Layer 1
10
-108.595743
20
-285.203276
11
-108.841141
21
-286.035707
0
LINE
8
Layer 1
10
-108.841141
20
-286.035707
11
-109.567710
21
-286.632368
0
LINE
8
Layer 1
10
-109.567710
20
-286.632368
11
-109.011957
21
-286.854896
0
LINE
8
Layer 1
10
-109.011957
20
-286.854896
11
-108.595743
21
-287.233819
0
LINE
8
Layer 1
10
-108.595743
20
-287.233819
11
-108.335911
21
-287.743862
0
LINE
8
Layer 1
10
-108.335911
20
-287.743862
11
-108.249301
21
-288.369382
0
LINE
8
Layer 1
10
-108.249301
20
-288.369382
11
-108.417710
21
-289.223463
0
LINE
8
Layer 1
10
-108.417710
20
-289.223463
11
-108.922939
21
-289.938016
0
LINE
8
Layer 1
10
-108.922939
20
-289.938016
11
-109.685597
21
-290.417976
0
LINE
8
Layer 1
10
-109.685597
20
-290.417976
11
-110.626288
21
-290.577962
0
LINE
8
Layer 1
10
-110.626288
20
-290.577962
11
-111.476757
21
-290.439625
0
LINE
8
Layer 1
10
-111.476757
20
-290.439625
11
-112.170847
21
-290.024614
0
LINE
8
Layer 1
10
-112.170847
20
-290.024614
11
-112.650816
21
-289.389469
0
LINE
8
Layer 1
10
-112.650816
20
-289.389469
11
-112.868547
21
-288.590732
0
LINE
8
Layer 1
10
-112.868547
20
-288.590732
11
-112.868547
21
-288.590812
0
LINE
8
Layer 1
10
-104.414363
20
-290.452947
11
-104.414363
21
-285.342897
0
LINE
8
Layer 1
10
-104.414363
20
-285.342897
11
-103.639675
21
-285.342897
0
LINE
8
Layer 1
10
-103.639675
20
-285.342897
11
-103.639675
21
-286.059837
0
LINE
8
Layer 1
10
-103.639675
20
-286.059837
11
-102.999717
21
-285.458387
0
LINE
8
Layer 1
10
-102.999717
20
-285.458387
11
-102.090303
21
-285.227406
0
LINE
8
Layer 1
10
-102.090303
20
-285.227406
11
-101.161643
21
-285.463176
0
LINE
8
Layer 1
10
-101.161643
20
-285.463176
11
-100.646788
21
-286.122385
0
LINE
8
Layer 1
10
-100.646788
20
-286.122385
11
-99.949090
21
-285.451151
0
LINE
8
Layer 1
10
-99.949090
20
-285.451151
11
-99.068546
21
-285.227406
0
LINE
8
Layer 1
10
-99.068546
20
-285.227406
11
-98.396109
21
-285.333266
0
LINE
8
Layer 1
10
-98.396109
20
-285.333266
11
-97.899298
21
-285.650845
0
LINE
8
Layer 1
10
-97.899298
20
-285.650845
11
-97.592551
21
-286.183742
0
LINE
8
Layer 1
10
-97.592551
20
-286.183742
11
-97.490303
21
-286.945185
0
LINE
8
Layer 1
10
-97.490303
20
-286.945185
11
-97.490303
21
-290.452947
0
LINE
8
Layer 1
10
-97.490303
20
-290.452947
11
-98.351600
21
-290.452947
0
LINE
8
Layer 1
10
-98.351600
20
-290.452947
11
-98.351600
21
-287.233898
0
LINE
8
Layer 1
10
-98.351600
20
-287.233898
11
-98.438211
21
-286.488091
0
LINE
8
Layer 1
10
-98.438211
20
-286.488091
11
-98.741349
21
-286.117569
0
LINE
8
Layer 1
10
-98.741349
20
-286.117569
11
-99.261014
21
-285.978055
0
LINE
8
Layer 1
10
-99.261014
20
-285.978055
11
-99.754215
21
-286.068271
0
LINE
8
Layer 1
10
-99.754215
20
-286.068271
11
-100.155992
21
-286.338919
0
LINE
8
Layer 1
10
-100.155992
20
-286.338919
11
-100.423043
21
-286.803256
0
LINE
8
Layer 1
10
-100.423043
20
-286.803256
11
-100.512060
21
-287.484114
0
LINE
8
Layer 1
10
-100.512060
20
-287.484114
11
-100.512060
21
-290.452947
0
LINE
8
Layer 1
10
-100.512060
20
-290.452947
11
-101.378170
21
-290.452947
0
LINE
8
Layer 1
10
-101.378170
20
-290.452947
11
-101.378170
21
-287.132854
0
LINE
8
Layer 1
10
-101.378170
20
-287.132854
11
-101.589884
21
-286.266741
0
LINE
8
Layer 1
10
-101.589884
20
-286.266741
11
-101.868964
21
-286.050226
0
LINE
8
Layer 1
10
-101.868964
20
-286.050226
11
-102.282771
21
-285.978055
0
LINE
8
Layer 1
10
-102.282771
20
-285.978055
11
-102.961223
21
-286.170512
0
LINE
8
Layer 1
10
-102.961223
20
-286.170512
11
-103.408712
21
-286.733492
0
LINE
8
Layer 1
10
-103.408712
20
-286.733492
11
-103.548253
21
-287.801693
0
LINE
8
Layer 1
10
-103.548253
20
-287.801693
11
-103.548253
21
-290.452947
0
LINE
8
Layer 1
10
-103.548253
20
-290.452947
11
-104.414363
21
-290.452947
0
LINE
8
Layer 1
10
-96.205575
20
-290.452947
11
-96.205575
21
-285.342897
0
LINE
8
Layer 1
10
-96.205575
20
-285.342897
11
-95.430889
21
-285.342897
0
LINE
8
Layer 1
10
-95.430889
20
-285.342897
11
-95.430889
21
-286.059837
0
LINE
8
Layer 1
10
-95.430889
20
-286.059837
11
-94.790932
21
-285.458387
0
LINE
8
Layer 1
10
-94.790932
20
-285.458387
11
-93.881518
21
-285.227406
0
LINE
8
Layer 1
10
-93.881518
20
-285.227406
11
-92.952855
21
-285.463176
0
LINE
8
Layer 1
10
-92.952855
20
-285.463176
11
-92.438000
21
-286.122385
0
LINE
8
Layer 1
10
-92.438000
20
-286.122385
11
-91.740302
21
-285.451151
0
LINE
8
Layer 1
10
-91.740302
20
-285.451151
11
-90.859760
21
-285.227406
0
LINE
8
Layer 1
10
-90.859760
20
-285.227406
11
-90.187322
21
-285.333266
0
LINE
8
Layer 1
10
-90.187322
20
-285.333266
11
-89.690512
21
-285.650845
0
LINE
8
Layer 1
10
-89.690512
20
-285.650845
11
-89.383766
21
-286.183742
0
LINE
8
Layer 1
10
-89.383766
20
-286.183742
11
-89.281517
21
-286.945185
0
LINE
8
Layer 1
10
-89.281517
20
-286.945185
11
-89.281517
21
-290.452947
0
LINE
8
Layer 1
10
-89.281517
20
-290.452947
11
-90.142814
21
-290.452947
0
LINE
8
Layer 1
10
-90.142814
20
-290.452947
11
-90.142814
21
-287.233898
0
LINE
8
Layer 1
10
-90.142814
20
-287.233898
11
-90.229426
21
-286.488091
0
LINE
8
Layer 1
10
-90.229426
20
-286.488091
11
-90.532564
21
-286.117569
0
LINE
8
Layer 1
10
-90.532564
20
-286.117569
11
-91.052228
21
-285.978055
0
LINE
8
Layer 1
10
-91.052228
20
-285.978055
11
-91.545428
21
-286.068271
0
LINE
8
Layer 1
10
-91.545428
20
-286.068271
11
-91.947207
21
-286.338919
0
LINE
8
Layer 1
10
-91.947207
20
-286.338919
11
-92.214258
21
-286.803256
0
LINE
8
Layer 1
10
-92.214258
20
-286.803256
11
-92.303275
21
-287.484114
0
LINE
8
Layer 1
10
-92.303275
20
-287.484114
11
-92.303275
21
-290.452947
0
LINE
8
Layer 1
10
-92.303275
20
-290.452947
11
-93.169382
21
-290.452947
0
LINE
8
Layer 1
10
-93.169382
20
-290.452947
11
-93.169382
21
-287.132854
0
LINE
8
Layer 1
10
-93.169382
20
-287.132854
11
-93.381099
21
-286.266741
0
LINE
8
Layer 1
10
-93.381099
20
-286.266741
11
-93.660177
21
-286.050226
0
LINE
8
Layer 1
10
-93.660177
20
-286.050226
11
-94.073986
21
-285.978055
0
LINE
8
Layer 1
10
-94.073986
20
-285.978055
11
-94.752438
21
-286.170512
0
LINE
8
Layer 1
10
-94.752438
20
-286.170512
11
-95.199927
21
-286.733492
0
LINE
8
Layer 1
10
-95.199927
20
-286.733492
11
-95.339465
21
-287.801693
0
LINE
8
Layer 1
10
-95.339465
20
-287.801693
11
-95.339465
21
-290.452947
0
LINE
8
Layer 1
10
-95.339465
20
-290.452947
11
-96.205575
21
-290.452947
0
LINE
8
Layer 1
10
-208.094109
20
-173.044351
11
-208.127182
21
-172.987067
0
LINE
8
Layer 1
10
-208.127182
20
-172.987067
11
-208.193328
21
-172.987067
0
LINE
8
Layer 1
10
-208.193328
20
-172.987067
11
-208.226401
21
-173.044351
0
LINE
8
Layer 1
10
-208.226401
20
-173.044351
11
-208.193328
21
-173.101635
0
LINE
8
Layer 1
10
-208.193328
20
-173.101635
11
-208.127182
21
-173.101635
0
LINE
8
Layer 1
10
-208.127182
20
-173.101635
11
-208.094109
21
-173.044351
0
LINE
8
Layer 1
10
-208.094109
20
-173.044351
11
-208.094109
21
-173.044351
0
LINE
8
Layer 1
10
0.817134
20
-173.044351
11
0.784061
21
-172.987067
0
LINE
8
Layer 1
10
0.784061
20
-172.987067
11
0.717915
21
-172.987067
0
LINE
8
Layer 1
10
0.717915
20
-172.987067
11
0.684842
21
-173.044351
0
LINE
8
Layer 1
10
0.684842
20
-173.044351
11
0.717915
21
-173.101635
0
LINE
8
Layer 1
10
0.717915
20
-173.101635
11
0.784061
21
-173.101635
0
LINE
8
Layer 1
10
0.784061
20
-173.101635
11
0.817134
21
-173.044351
0
LINE
8
Layer 1
10
0.817134
20
-173.044351
11
0.817134
21
-173.044351
0
LINE
8
Layer 1
10
0.817134
20
-293.024172
11
0.784061
21
-292.966888
0
LINE
8
Layer 1
10
0.784061
20
-292.966888
11
0.717915
21
-292.966888
0
LINE
8
Layer 1
10
0.717915
20
-292.966888
11
0.684842
21
-293.024172
0
LINE
8
Layer 1
10
0.684842
20
-293.024172
11
0.717915
21
-293.081456
0
LINE
8
Layer 1
10
0.717915
20
-293.081456
11
0.784061
21
-293.081456
0
LINE
8
Layer 1
10
0.784061
20
-293.081456
11
0.817134
21
-293.024172
0
LINE
8
Layer 1
10
0.817134
20
-293.024172
11
0.817134
21
-293.024172
0
LINE
8
Layer 1
10
180.101119
20
-70.550766
11
180.101119
21
-281.558354
0
LINE
8
Layer 1
10
209.662184
20
-70.550766
11
209.662184
21
-281.558354
0
LINE
8
Layer 1
10
189.955248
20
-276.631819
11
199.808055
21
-276.631819
0
LINE
8
Layer 1
10
209.662184
20
-276.631819
11
268.800453
21
-276.631819
0
LINE
8
Layer 1
10
189.955248
20
-274.988759
11
189.955248
21
-278.274879
0
LINE
8
Layer 1
10
189.955248
20
-278.274879
11
180.101119
21
-276.631819
0
LINE
8
Layer 1
10
180.101119
20
-276.631819
11
189.955248
21
-274.988759
0
LINE
8
Layer 1
10
199.808055
20
-274.988759
11
199.808055
21
-278.274879
0
LINE
8
Layer 1
10
199.808055
20
-278.274879
11
209.662184
21
-276.631819
0
LINE
8
Layer 1
10
209.662184
20
-276.631819
11
199.808055
21
-274.988759
0
LINE
8
Layer 1
10
228.198554
20
-267.953497
11
228.198554
21
-267.121066
0
LINE
8
Layer 1
10
228.198554
20
-267.121066
11
232.764870
21
-267.121066
0
LINE
8
Layer 1
10
232.764870
20
-267.121066
11
232.764870
21
-267.794694
0
LINE
8
Layer 1
10
232.764870
20
-267.794694
11
231.427215
21
-269.700141
0
LINE
8
Layer 1
10
231.427215
20
-269.700141
11
230.842591
21
-270.905469
0
LINE
8
Layer 1
10
230.842591
20
-270.905469
11
230.407131
21
-272.144491
0
LINE
8
Layer 1
10
230.407131
20
-272.144491
11
230.075122
21
-274.083620
0
LINE
8
Layer 1
10
230.075122
20
-274.083620
11
229.184954
21
-274.083620
0
LINE
8
Layer 1
10
229.184954
20
-274.083620
11
229.512153
21
-272.072313
0
LINE
8
Layer 1
10
229.512153
20
-272.072313
11
230.407131
21
-269.801186
0
LINE
8
Layer 1
10
230.407131
20
-269.801186
11
231.653365
21
-267.953497
0
LINE
8
Layer 1
10
231.653365
20
-267.953497
11
228.198554
21
-267.953497
0
LINE
8
Layer 1
10
234.107341
20
-274.083620
11
234.107341
21
-273.097202
0
LINE
8
Layer 1
10
234.107341
20
-273.097202
11
235.093743
21
-273.097202
0
LINE
8
Layer 1
10
235.093743
20
-273.097202
11
235.093743
21
-274.083620
0
LINE
8
Layer 1
10
235.093743
20
-274.083620
11
234.107341
21
-274.083620
0
LINE
8
Layer 1
10
236.359222
20
-272.235905
11
237.268636
21
-272.158938
0
LINE
8
Layer 1
10
237.268636
20
-272.158938
11
237.435844
21
-272.741146
0
LINE
8
Layer 1
10
237.435844
20
-272.741146
11
237.735374
21
-273.159776
0
LINE
8
Layer 1
10
237.735374
20
-273.159776
11
238.143167
21
-273.408775
0
LINE
8
Layer 1
10
238.143167
20
-273.408775
11
238.625542
21
-273.491774
0
LINE
8
Layer 1
10
238.625542
20
-273.491774
11
239.202947
21
-273.373889
0
LINE
8
Layer 1
10
239.202947
20
-273.373889
11
239.684118
21
-273.020235
0
LINE
8
Layer 1
10
239.684118
20
-273.020235
11
240.008910
21
-272.471688
0
LINE
8
Layer 1
10
240.008910
20
-272.471688
11
240.117174
21
-271.769180
0
LINE
8
Layer 1
10
240.117174
20
-271.769180
11
240.012519
21
-271.106360
0
LINE
8
Layer 1
10
240.012519
20
-271.106360
11
239.698553
21
-270.599935
0
LINE
8
Layer 1
10
239.698553
20
-270.599935
11
239.219788
21
-270.278745
0
LINE
8
Layer 1
10
239.219788
20
-270.278745
11
238.611107
21
-270.171681
0
LINE
8
Layer 1
10
238.611107
20
-270.171681
11
237.855667
21
-270.364165
0
LINE
8
Layer 1
10
237.855667
20
-270.364165
11
237.326379
21
-270.854940
0
LINE
8
Layer 1
10
237.326379
20
-270.854940
11
236.513199
21
-270.749081
0
LINE
8
Layer 1
10
236.513199
20
-270.749081
11
237.196461
21
-267.125881
0
LINE
8
Layer 1
10
237.196461
20
-267.125881
11
240.704202
21
-267.125881
0
LINE
8
Layer 1
10
240.704202
20
-267.125881
11
240.704202
21
-267.953497
0
LINE
8
Layer 1
10
240.704202
20
-267.953497
11
237.889348
21
-267.953497
0
LINE
8
Layer 1
10
237.889348
20
-267.953497
11
237.509224
21
-269.849313
0
LINE
8
Layer 1
10
237.509224
20
-269.849313
11
238.160008
21
-269.517288
0
LINE
8
Layer 1
10
238.160008
20
-269.517288
11
238.842069
21
-269.406613
0
LINE
8
Layer 1
10
238.842069
20
-269.406613
11
239.693743
21
-269.566606
0
LINE
8
Layer 1
10
239.693743
20
-269.566606
11
240.401064
21
-270.046586
0
LINE
8
Layer 1
10
240.401064
20
-270.046586
11
240.877424
21
-270.777960
0
LINE
8
Layer 1
10
240.877424
20
-270.777960
11
241.036211
21
-271.692187
0
LINE
8
Layer 1
10
241.036211
20
-271.692187
11
240.896671
21
-272.584757
0
LINE
8
Layer 1
10
240.896671
20
-272.584757
11
240.478052
21
-273.347418
0
LINE
8
Layer 1
10
240.478052
20
-273.347418
11
239.675699
21
-273.989779
0
LINE
8
Layer 1
10
239.675699
20
-273.989779
11
238.625542
21
-274.203900
0
LINE
8
Layer 1
10
238.625542
20
-274.203900
11
237.751012
21
-274.069174
0
LINE
8
Layer 1
10
237.751012
20
-274.069174
11
237.052110
21
-273.664997
0
LINE
8
Layer 1
10
237.052110
20
-273.664997
11
236.575750
21
-273.038259
0
LINE
8
Layer 1
10
236.575750
20
-273.038259
11
236.359222
21
-272.235905
0
LINE
8
Layer 1
10
236.359222
20
-272.235905
11
236.359222
21
-272.235905
0
LINE
8
Layer 1
10
244.818219
20
-274.083620
11
244.818219
21
-268.973570
0
LINE
8
Layer 1
10
244.818219
20
-268.973570
11
245.592907
21
-268.973570
0
LINE
8
Layer 1
10
245.592907
20
-268.973570
11
245.592907
21
-269.690510
0
LINE
8
Layer 1
10
245.592907
20
-269.690510
11
246.232865
21
-269.089060
0
LINE
8
Layer 1
10
246.232865
20
-269.089060
11
247.142279
21
-268.858079
0
LINE
8
Layer 1
10
247.142279
20
-268.858079
11
248.070939
21
-269.093876
0
LINE
8
Layer 1
10
248.070939
20
-269.093876
11
248.585793
21
-269.753058
0
LINE
8
Layer 1
10
248.585793
20
-269.753058
11
249.283492
21
-269.081824
0
LINE
8
Layer 1
10
249.283492
20
-269.081824
11
250.164036
21
-268.858079
0
LINE
8
Layer 1
10
250.164036
20
-268.858079
11
250.836473
21
-268.963939
0
LINE
8
Layer 1
10
250.836473
20
-268.963939
11
251.333284
21
-269.281518
0
LINE
8
Layer 1
10
251.333284
20
-269.281518
11
251.640030
21
-269.814421
0
LINE
8
Layer 1
10
251.640030
20
-269.814421
11
251.742279
21
-270.575885
0
LINE
8
Layer 1
10
251.742279
20
-270.575885
11
251.742279
21
-274.083620
0
LINE
8
Layer 1
10
251.742279
20
-274.083620
11
250.880982
21
-274.083620
0
LINE
8
Layer 1
10
250.880982
20
-274.083620
11
250.880982
21
-270.864571
0
LINE
8
Layer 1
10
250.880982
20
-270.864571
11
250.794371
21
-270.118764
0
LINE
8
Layer 1
10
250.794371
20
-270.118764
11
250.491233
21
-269.748269
0
LINE
8
Layer 1
10
250.491233
20
-269.748269
11
249.971568
21
-269.608728
0
LINE
8
Layer 1
10
249.971568
20
-269.608728
11
249.478366
21
-269.698944
0
LINE
8
Layer 1
10
249.478366
20
-269.698944
11
249.076587
21
-269.969593
0
LINE
8
Layer 1
10
249.076587
20
-269.969593
11
248.809538
21
-270.433929
0
LINE
8
Layer 1
10
248.809538
20
-270.433929
11
248.720522
21
-271.114787
0
LINE
8
Layer 1
10
248.720522
20
-271.114787
11
248.720522
21
-274.083620
0
LINE
8
Layer 1
10
248.720522
20
-274.083620
11
247.854412
21
-274.083620
0
LINE
8
Layer 1
10
247.854412
20
-274.083620
11
247.854412
21
-270.763527
0
LINE
8
Layer 1
10
247.854412
20
-270.763527
11
247.642698
21
-269.897414
0
LINE
8
Layer 1
10
247.642698
20
-269.897414
11
247.363618
21
-269.680899
0
LINE
8
Layer 1
10
247.363618
20
-269.680899
11
246.949810
21
-269.608728
0
LINE
8
Layer 1
10
246.949810
20
-269.608728
11
246.271359
21
-269.801186
0
LINE
8
Layer 1
10
246.271359
20
-269.801186
11
245.823870
21
-270.364165
0
LINE
8
Layer 1
10
245.823870
20
-270.364165
11
245.684328
21
-271.432366
0
LINE
8
Layer 1
10
245.684328
20
-271.432366
11
245.684328
21
-274.083620
0
LINE
8
Layer 1
10
245.684328
20
-274.083620
11
244.818219
21
-274.083620
0
LINE
8
Layer 1
10
253.027007
20
-274.083620
11
253.027007
21
-268.973570
0
LINE
8
Layer 1
10
253.027007
20
-268.973570
11
253.801693
21
-268.973570
0
LINE
8
Layer 1
10
253.801693
20
-268.973570
11
253.801693
21
-269.690510
0
LINE
8
Layer 1
10
253.801693
20
-269.690510
11
254.441650
21
-269.089060
0
LINE
8
Layer 1
10
254.441650
20
-269.089060
11
255.351064
21
-268.858079
0
LINE
8
Layer 1
10
255.351064
20
-268.858079
11
256.279727
21
-269.093876
0
LINE
8
Layer 1
10
256.279727
20
-269.093876
11
256.794579
21
-269.753058
0
LINE
8
Layer 1
10
256.794579
20
-269.753058
11
257.492279
21
-269.081824
0
LINE
8
Layer 1
10
257.492279
20
-269.081824
11
258.372822
21
-268.858079
0
LINE
8
Layer 1
10
258.372822
20
-268.858079
11
259.045260
21
-268.963939
0
LINE
8
Layer 1
10
259.045260
20
-268.963939
11
259.542069
21
-269.281518
0
LINE
8
Layer 1
10
259.542069
20
-269.281518
11
259.848816
21
-269.814421
0
LINE
8
Layer 1
10
259.848816
20
-269.814421
11
259.951064
21
-270.575885
0
LINE
8
Layer 1
10
259.951064
20
-270.575885
11
259.951064
21
-274.083620
0
LINE
8
Layer 1
10
259.951064
20
-274.083620
11
259.089767
21
-274.083620
0
LINE
8
Layer 1
10
259.089767
20
-274.083620
11
259.089767
21
-270.864571
0
LINE
8
Layer 1
10
259.089767
20
-270.864571
11
259.003156
21
-270.118764
0
LINE
8
Layer 1
10
259.003156
20
-270.118764
11
258.700018
21
-269.748269
0
LINE
8
Layer 1
10
258.700018
20
-269.748269
11
258.180353
21
-269.608728
0
LINE
8
Layer 1
10
258.180353
20
-269.608728
11
257.687153
21
-269.698944
0
LINE
8
Layer 1
10
257.687153
20
-269.698944
11
257.285375
21
-269.969593
0
LINE
8
Layer 1
10
257.285375
20
-269.969593
11
257.018324
21
-270.433929
0
LINE
8
Layer 1
10
257.018324
20
-270.433929
11
256.929307
21
-271.114787
0
LINE
8
Layer 1
10
256.929307
20
-271.114787
11
256.929307
21
-274.083620
0
LINE
8
Layer 1
10
256.929307
20
-274.083620
11
256.063200
21
-274.083620
0
LINE
8
Layer 1
10
256.063200
20
-274.083620
11
256.063200
21
-270.763527
0
LINE
8
Layer 1
10
256.063200
20
-270.763527
11
255.851483
21
-269.897414
0
LINE
8
Layer 1
10
255.851483
20
-269.897414
11
255.572404
21
-269.680899
0
LINE
8
Layer 1
10
255.572404
20
-269.680899
11
255.158596
21
-269.608728
0
LINE
8
Layer 1
10
255.158596
20
-269.608728
11
254.480144
21
-269.801186
0
LINE
8
Layer 1
10
254.480144
20
-269.801186
11
254.032655
21
-270.364165
0
LINE
8
Layer 1
10
254.032655
20
-270.364165
11
253.893117
21
-271.432366
0
LINE
8
Layer 1
10
253.893117
20
-271.432366
11
253.893117
21
-274.083620
0
LINE
8
Layer 1
10
253.893117
20
-274.083620
11
253.027007
21
-274.083620
0
LINE
8
Layer 1
10
180.167145
20
-68.086996
11
180.134072
21
-68.029713
0
LINE
8
Layer 1
10
180.134072
20
-68.029713
11
180.067927
21
-68.029713
0
LINE
8
Layer 1
10
180.067927
20
-68.029713
11
180.034854
21
-68.086996
0
LINE
8
Layer 1
10
180.034854
20
-68.086996
11
180.067927
21
-68.144280
0
LINE
8
Layer 1
10
180.067927
20
-68.144280
11
180.134072
21
-68.144280
0
LINE
8
Layer 1
10
180.134072
20
-68.144280
11
180.167145
21
-68.086996
0
LINE
8
Layer 1
10
180.167145
20
-68.086996
11
180.167145
21
-68.086996
0
LINE
8
Layer 1
10
209.728376
20
-68.086996
11
209.695303
21
-68.029713
0
LINE
8
Layer 1
10
209.695303
20
-68.029713
11
209.629158
21
-68.029713
0
LINE
8
Layer 1
10
209.629158
20
-68.029713
11
209.596085
21
-68.086996
0
LINE
8
Layer 1
10
209.596085
20
-68.086996
11
209.629158
21
-68.144280
0
LINE
8
Layer 1
10
209.629158
20
-68.144280
11
209.695303
21
-68.144280
0
LINE
8
Layer 1
10
209.695303
20
-68.144280
11
209.728376
21
-68.086996
0
LINE
8
Layer 1
10
209.728376
20
-68.086996
11
209.728376
21
-68.086996
0
LINE
8
Layer 1
10
209.728376
20
-276.631223
11
209.695303
21
-276.573940
0
LINE
8
Layer 1
10
209.695303
20
-276.573940
11
209.629158
21
-276.573940
0
LINE
8
Layer 1
10
209.629158
20
-276.573940
11
209.596085
21
-276.631223
0
LINE
8
Layer 1
10
209.596085
20
-276.631223
11
209.629158
21
-276.688507
0
LINE
8
Layer 1
10
209.629158
20
-276.688507
11
209.695303
21
-276.688507
0
LINE
8
Layer 1
10
209.695303
20
-276.688507
11
209.728376
21
-276.631223
0
LINE
8
Layer 1
10
209.728376
20
-276.631223
11
209.728376
21
-276.631223
0
LINE
8
Layer 1
10
106.686480
20
5.821117
11
375.612610
21
5.821117
0
LINE
8
Layer 1
10
106.686480
20
35.866898
11
375.612610
21
35.866898
0
LINE
8
Layer 1
10
370.686075
20
15.674188
11
370.686075
21
26.011446
0
LINE
8
Layer 1
10
370.686075
20
35.866898
11
370.686075
21
95.006225
0
LINE
8
Layer 1
10
369.043014
20
15.674188
11
372.329135
21
15.674188
0
LINE
8
Layer 1
10
372.329135
20
15.674188
11
370.686075
21
5.821117
0
LINE
8
Layer 1
10
370.686075
20
5.821117
11
369.043014
21
15.674188
0
LINE
8
Layer 1
10
369.043014
20
26.011446
11
372.329135
21
26.011446
0
LINE
8
Layer 1
10
372.329135
20
26.011446
11
370.686075
21
35.866898
0
LINE
8
Layer 1
10
370.686075
20
35.866898
11
369.043014
21
26.011446
0
LINE
8
Layer 1
10
362.009344
20
54.402191
11
361.176916
21
54.402191
0
LINE
8
Layer 1
10
361.176916
20
54.402191
11
361.176916
21
58.968497
0
LINE
8
Layer 1
10
361.176916
20
58.968497
11
361.850557
21
58.968497
0
LINE
8
Layer 1
10
361.850557
20
58.968497
11
363.755997
21
57.630844
0
LINE
8
Layer 1
10
363.755997
20
57.630844
11
364.961331
21
57.046222
0
LINE
8
Layer 1
10
364.961331
20
57.046222
11
366.200347
21
56.610771
0
LINE
8
Layer 1
10
366.200347
20
56.610771
11
368.139468
21
56.278746
0
LINE
8
Layer 1
10
368.139468
20
56.278746
11
368.139468
21
55.388583
0
LINE
8
Layer 1
10
368.139468
20
55.388583
11
366.128171
21
55.715793
0
LINE
8
Layer 1
10
366.128171
20
55.715793
11
363.857041
21
56.610771
0
LINE
8
Layer 1
10
363.857041
20
56.610771
11
362.009344
21
57.856984
0
LINE
8
Layer 1
10
362.009344
20
57.856984
11
362.009344
21
54.402191
0
LINE
8
Layer 1
10
368.139468
20
60.310964
11
367.153068
21
60.310964
0
LINE
8
Layer 1
10
367.153068
20
60.310964
11
367.153068
21
61.297383
0
LINE
8
Layer 1
10
367.153068
20
61.297383
11
368.139468
21
61.297383
0
LINE
8
Layer 1
10
368.139468
20
61.297383
11
368.139468
21
60.310964
0
LINE
8
Layer 1
10
366.291771
20
62.562857
11
366.214782
21
63.472255
0
LINE
8
Layer 1
10
366.214782
20
63.472255
11
366.797000
21
63.639465
0
LINE
8
Layer 1
10
366.797000
20
63.639465
11
367.215620
21
63.939006
0
LINE
8
Layer 1
10
367.215620
20
63.939006
11
367.464625
21
64.346794
0
LINE
8
Layer 1
10
367.464625
20
64.346794
11
367.547627
21
64.829169
0
LINE
8
Layer 1
10
367.547627
20
64.829169
11
367.429740
21
65.406575
0
LINE
8
Layer 1
10
367.429740
20
65.406575
11
367.076079
21
65.887739
0
LINE
8
Layer 1
10
367.076079
20
65.887739
11
366.527544
21
66.212541
0
LINE
8
Layer 1
10
366.527544
20
66.212541
11
365.825033
21
66.320809
0
LINE
8
Layer 1
10
365.825033
20
66.320809
11
365.162220
21
66.216153
0
LINE
8
Layer 1
10
365.162220
20
66.216153
11
364.655788
21
65.902185
0
LINE
8
Layer 1
10
364.655788
20
65.902185
11
364.334605
21
65.423416
0
LINE
8
Layer 1
10
364.334605
20
65.423416
11
364.227544
21
64.814723
0
LINE
8
Layer 1
10
364.227544
20
64.814723
11
364.420013
21
64.059285
0
LINE
8
Layer 1
10
364.420013
20
64.059285
11
364.910809
21
63.530014
0
LINE
8
Layer 1
10
364.910809
20
63.530014
11
364.804949
21
62.716818
0
LINE
8
Layer 1
10
364.804949
20
62.716818
11
361.181728
21
63.400103
0
LINE
8
Layer 1
10
361.181728
20
63.400103
11
361.181728
21
66.907839
0
LINE
8
Layer 1
10
361.181728
20
66.907839
11
362.009344
21
66.907839
0
LINE
8
Layer 1
10
362.009344
20
66.907839
11
362.009344
21
64.092967
0
LINE
8
Layer 1
10
362.009344
20
64.092967
11
363.905158
21
63.712840
0
LINE
8
Layer 1
10
363.905158
20
63.712840
11
363.573151
21
64.363635
0
LINE
8
Layer 1
10
363.573151
20
64.363635
11
363.462482
21
65.045704
0
LINE
8
Layer 1
10
363.462482
20
65.045704
11
363.622471
21
65.897370
0
LINE
8
Layer 1
10
363.622471
20
65.897370
11
364.102439
21
66.604680
0
LINE
8
Layer 1
10
364.102439
20
66.604680
11
364.833820
21
67.081048
0
LINE
8
Layer 1
10
364.833820
20
67.081048
11
365.748047
21
67.239838
0
LINE
8
Layer 1
10
365.748047
20
67.239838
11
366.640620
21
67.100297
0
LINE
8
Layer 1
10
366.640620
20
67.100297
11
367.403276
21
66.681673
0
LINE
8
Layer 1
10
367.403276
20
66.681673
11
368.045641
21
65.879325
0
LINE
8
Layer 1
10
368.045641
20
65.879325
11
368.259763
21
64.829169
0
LINE
8
Layer 1
10
368.259763
20
64.829169
11
368.125035
21
63.954643
0
LINE
8
Layer 1
10
368.125035
20
63.954643
11
367.720850
21
63.255747
0
LINE
8
Layer 1
10
367.720850
20
63.255747
11
367.094123
21
62.779378
0
LINE
8
Layer 1
10
367.094123
20
62.779378
11
366.291771
21
62.562857
0
LINE
8
Layer 1
10
366.291771
20
62.562857
11
366.291771
21
62.562857
0
LINE
8
Layer 1
10
368.139468
20
71.021840
11
363.029428
21
71.021840
0
LINE
8
Layer 1
10
363.029428
20
71.021840
11
363.029428
21
71.796539
0
LINE
8
Layer 1
10
363.029428
20
71.796539
11
363.746371
21
71.796539
0
LINE
8
Layer 1
10
363.746371
20
71.796539
11
363.144908
21
72.436486
0
LINE
8
Layer 1
10
363.144908
20
72.436486
11
362.913945
21
73.345911
0
LINE
8
Layer 1
10
362.913945
20
73.345911
11
363.149721
21
74.274570
0
LINE
8
Layer 1
10
363.149721
20
74.274570
11
363.808924
21
74.789422
0
LINE
8
Layer 1
10
363.808924
20
74.789422
11
363.137690
21
75.487115
0
LINE
8
Layer 1
10
363.137690
20
75.487115
11
362.913945
21
76.367660
0
LINE
8
Layer 1
10
362.913945
20
76.367660
11
363.019803
21
77.040098
0
LINE
8
Layer 1
10
363.019803
20
77.040098
11
363.337376
21
77.536905
0
LINE
8
Layer 1
10
363.337376
20
77.536905
11
363.870275
21
77.843650
0
LINE
8
Layer 1
10
363.870275
20
77.843650
11
364.631729
21
77.945898
0
LINE
8
Layer 1
10
364.631729
20
77.945898
11
368.139468
21
77.945898
0
LINE
8
Layer 1
10
368.139468
20
77.945898
11
368.139468
21
77.084601
0
LINE
8
Layer 1
10
368.139468
20
77.084601
11
364.920432
21
77.084601
0
LINE
8
Layer 1
10
364.920432
20
77.084601
11
364.174615
21
76.998003
0
LINE
8
Layer 1
10
364.174615
20
76.998003
11
363.804114
21
76.694870
0
LINE
8
Layer 1
10
363.804114
20
76.694870
11
363.664573
21
76.175202
0
LINE
8
Layer 1
10
363.664573
20
76.175202
11
363.754792
21
75.681993
0
LINE
8
Layer 1
10
363.754792
20
75.681993
11
364.025451
21
75.280224
0
LINE
8
Layer 1
10
364.025451
20
75.280224
11
364.489782
21
75.013167
0
LINE
8
Layer 1
10
364.489782
20
75.013167
11
365.170640
21
74.924148
0
LINE
8
Layer 1
10
365.170640
20
74.924148
11
368.139468
21
74.924148
0
LINE
8
Layer 1
10
368.139468
20
74.924148
11
368.139468
21
74.058036
0
LINE
8
Layer 1
10
368.139468
20
74.058036
11
364.819385
21
74.058036
0
LINE
8
Layer 1
10
364.819385
20
74.058036
11
363.953275
21
73.846316
0
LINE
8
Layer 1
10
363.953275
20
73.846316
11
363.736748
21
73.567234
0
LINE
8
Layer 1
10
363.736748
20
73.567234
11
363.664573
21
73.153426
0
LINE
8
Layer 1
10
363.664573
20
73.153426
11
363.857041
21
72.474983
0
LINE
8
Layer 1
10
363.857041
20
72.474983
11
364.420013
21
72.027493
0
LINE
8
Layer 1
10
364.420013
20
72.027493
11
365.488214
21
71.887952
0
LINE
8
Layer 1
10
365.488214
20
71.887952
11
368.139468
21
71.887952
0
LINE
8
Layer 1
10
368.139468
20
71.887952
11
368.139468
21
71.021840
0
LINE
8
Layer 1
10
368.139468
20
79.230633
11
363.029428
21
79.230633
0
LINE
8
Layer 1
10
363.029428
20
79.230633
11
363.029428
21
80.005332
0
LINE
8
Layer 1
10
363.029428
20
80.005332
11
363.746371
21
80.005332
0
LINE
8
Layer 1
10
363.746371
20
80.005332
11
363.144908
21
80.645279
0
LINE
8
Layer 1
10
363.144908
20
80.645279
11
362.913945
21
81.554704
0
LINE
8
Layer 1
10
362.913945
20
81.554704
11
363.149721
21
82.483364
0
LINE
8
Layer 1
10
363.149721
20
82.483364
11
363.808924
21
82.998216
0
LINE
8
Layer 1
10
363.808924
20
82.998216
11
363.137690
21
83.695908
0
LINE
8
Layer 1
10
363.137690
20
83.695908
11
362.913945
21
84.576453
0
LINE
8
Layer 1
10
362.913945
20
84.576453
11
363.019803
21
85.248891
0
LINE
8
Layer 1
10
363.019803
20
85.248891
11
363.337376
21
85.745699
0
LINE
8
Layer 1
10
363.337376
20
85.745699
11
363.870275
21
86.052443
0
LINE
8
Layer 1
10
363.870275
20
86.052443
11
364.631729
21
86.154691
0
LINE
8
Layer 1
10
364.631729
20
86.154691
11
368.139468
21
86.154691
0
LINE
8
Layer 1
10
368.139468
20
86.154691
11
368.139468
21
85.293394
0
LINE
8
Layer 1
10
368.139468
20
85.293394
11
364.920432
21
85.293394
0
LINE
8
Layer 1
10
364.920432
20
85.293394
11
364.174615
21
85.206796
0
LINE
8
Layer 1
10
364.174615
20
85.206796
11
363.804114
21
84.903637
0
LINE
8
Layer 1
10
363.804114
20
84.903637
11
363.664573
21
84.383969
0
LINE
8
Layer 1
10
363.664573
20
84.383969
11
363.754792
21
83.890773
0
LINE
8
Layer 1
10
363.754792
20
83.890773
11
364.025451
21
83.488991
0
LINE
8
Layer 1
10
364.025451
20
83.488991
11
364.489782
21
83.221954
0
LINE
8
Layer 1
10
364.489782
20
83.221954
11
365.170640
21
83.132942
0
LINE
8
Layer 1
10
365.170640
20
83.132942
11
368.139468
21
83.132942
0
LINE
8
Layer 1
10
368.139468
20
83.132942
11
368.139468
21
82.266829
0
LINE
8
Layer 1
10
368.139468
20
82.266829
11
364.819385
21
82.266829
0
LINE
8
Layer 1
10
364.819385
20
82.266829
11
363.953275
21
82.055110
0
LINE
8
Layer 1
10
363.953275
20
82.055110
11
363.736748
21
81.776028
0
LINE
8
Layer 1
10
363.736748
20
81.776028
11
363.664573
21
81.362220
0
LINE
8
Layer 1
10
363.664573
20
81.362220
11
363.857041
21
80.683776
0
LINE
8
Layer 1
10
363.857041
20
80.683776
11
364.420013
21
80.236287
0
LINE
8
Layer 1
10
364.420013
20
80.236287
11
365.488214
21
80.096746
0
LINE
8
Layer 1
10
365.488214
20
80.096746
11
368.139468
21
80.096746
0
LINE
8
Layer 1
10
368.139468
20
80.096746
11
368.139468
21
79.230633
0
LINE
8
Layer 1
10
104.289005
20
5.820283
11
104.255932
21
5.877567
0
LINE
8
Layer 1
10
104.255932
20
5.877567
11
104.189787
21
5.877567
0
LINE
8
Layer 1
10
104.189787
20
5.877567
11
104.156714
21
5.820283
0
LINE
8
Layer 1
10
104.156714
20
5.820283
11
104.189787
21
5.762999
0
LINE
8
Layer 1
10
104.189787
20
5.762999
11
104.255932
21
5.762999
0
LINE
8
Layer 1
10
104.255932
20
5.762999
11
104.289005
21
5.820283
0
LINE
8
Layer 1
10
104.289005
20
5.820283
11
104.289005
21
5.820283
0
LINE
8
Layer 1
10
104.289005
20
35.866892
11
104.255932
21
35.924176
0
LINE
8
Layer 1
10
104.255932
20
35.924176
11
104.189787
21
35.924176
0
LINE
8
Layer 1
10
104.189787
20
35.924176
11
104.156714
21
35.866892
0
LINE
8
Layer 1
10
104.156714
20
35.866892
11
104.189787
21
35.809608
0
LINE
8
Layer 1
10
104.189787
20
35.809608
11
104.255932
21
35.809608
0
LINE
8
Layer 1
10
104.255932
20
35.809608
11
104.289005
21
35.866892
0
LINE
8
Layer 1
10
104.289005
20
35.866892
11
104.289005
21
35.866892
0
LINE
8
Layer 1
10
370.752550
20
35.866892
11
370.719477
21
35.924176
0
LINE
8
Layer 1
10
370.719477
20
35.924176
11
370.653331
21
35.924176
0
LINE
8
Layer 1
10
370.653331
20
35.924176
11
370.620259
21
35.866892
0
LINE
8
Layer 1
10
370.620259
20
35.866892
11
370.653331
21
35.809608
0
LINE
8
Layer 1
10
370.653331
20
35.809608
11
370.719477
21
35.809608
0
LINE
8
Layer 1
10
370.719477
20
35.809608
11
370.752550
21
35.866892
0
LINE
8
Layer 1
10
370.752550
20
35.866892
11
370.752550
21
35.866892
0
LINE
8
Layer 1
10
377.335045
20
-207.980468
11
257.171501
21
-130.171899
0
LINE
8
Layer 1
10
-255.669463
20
201.904901
11
-263.941122
21
207.261119
0
LINE
8
Layer 1
10
349.665951
20
-185.926778
11
348.572609
21
-185.906692
0
LINE
8
Layer 1
10
348.572609
20
-185.906692
11
347.681363
21
-185.530250
0
LINE
8
Layer 1
10
347.681363
20
-185.530250
11
347.111916
21
-185.039699
0
LINE
8
Layer 1
10
347.111916
20
-185.039699
11
346.817216
21
-184.483413
0
LINE
8
Layer 1
10
346.817216
20
-184.483413
11
346.788114
21
-183.904232
0
LINE
8
Layer 1
10
346.788114
20
-183.904232
11
347.010299
21
-183.353060
0
LINE
8
Layer 1
10
347.010299
20
-183.353060
11
347.523029
21
-182.871071
0
LINE
8
Layer 1
10
347.523029
20
-182.871071
11
348.170646
21
-182.694234
0
LINE
8
Layer 1
10
348.170646
20
-182.694234
11
348.850001
21
-182.795946
0
LINE
8
Layer 1
10
348.850001
20
-182.795946
11
349.566837
21
-183.105316
0
LINE
8
Layer 1
10
349.566837
20
-183.105316
11
351.025470
21
-183.694419
0
LINE
8
Layer 1
10
351.025470
20
-183.694419
11
351.152380
21
-183.507188
0
LINE
8
Layer 1
10
351.152380
20
-183.507188
11
351.346072
21
-183.095186
0
LINE
8
Layer 1
10
351.346072
20
-183.095186
11
351.351773
21
-182.747759
0
LINE
8
Layer 1
10
351.351773
20
-182.747759
11
351.125086
21
-182.338729
0
LINE
8
Layer 1
10
351.125086
20
-182.338729
11
350.683329
21
-181.965265
0
LINE
8
Layer 1
10
350.683329
20
-181.965265
11
349.806329
21
-181.655321
0
LINE
8
Layer 1
10
349.806329
20
-181.655321
11
349.036263
21
-182.056699
0
LINE
8
Layer 1
10
349.036263
20
-182.056699
11
348.388172
21
-181.499456
0
LINE
8
Layer 1
10
348.388172
20
-181.499456
11
349.183238
21
-180.970973
0
LINE
8
Layer 1
10
349.183238
20
-180.970973
11
350.105266
21
-180.954645
0
LINE
8
Layer 1
10
350.105266
20
-180.954645
11
351.178009
21
-181.431463
0
LINE
8
Layer 1
10
351.178009
20
-181.431463
11
351.986947
21
-182.138690
0
LINE
8
Layer 1
10
351.986947
20
-182.138690
11
352.279957
21
-182.792754
0
LINE
8
Layer 1
10
352.279957
20
-182.792754
11
352.187065
21
-183.431956
0
LINE
8
Layer 1
10
352.187065
20
-183.431956
11
351.789279
21
-184.125962
0
LINE
8
Layer 1
10
351.789279
20
-184.125962
11
351.161615
21
-185.095292
0
LINE
8
Layer 1
10
351.161615
20
-185.095292
11
350.374384
21
-186.408453
0
LINE
8
Layer 1
10
350.374384
20
-186.408453
11
350.228023
21
-187.041685
0
LINE
8
Layer 1
10
350.228023
20
-187.041685
11
349.468701
21
-186.550006
0
LINE
8
Layer 1
10
349.468701
20
-186.550006
11
349.665907
21
-185.926750
0
LINE
8
Layer 1
10
349.665907
20
-185.926750
11
349.665951
21
-185.926778
0
LINE
8
Layer 1
10
350.656717
20
-184.263899
11
349.291449
21
-183.769673
0
LINE
8
Layer 1
10
349.291449
20
-183.769673
11
348.563167
21
-183.504460
0
LINE
8
Layer 1
10
348.563167
20
-183.504460
11
348.122100
21
-183.557076
0
LINE
8
Layer 1
10
348.122100
20
-183.557076
11
347.798840
21
-183.835006
0
LINE
8
Layer 1
10
347.798840
20
-183.835006
11
347.703099
21
-184.460891
0
LINE
8
Layer 1
10
347.703099
20
-184.460891
11
348.223803
21
-185.073205
0
LINE
8
Layer 1
10
348.223803
20
-185.073205
11
349.088692
21
-185.375275
0
LINE
8
Layer 1
10
349.088692
20
-185.375275
11
349.896241
21
-185.181651
0
LINE
8
Layer 1
10
349.896241
20
-185.181651
11
350.484104
21
-184.530473
0
LINE
8
Layer 1
10
350.484104
20
-184.530473
11
350.656717
21
-184.263899
0
LINE
8
Layer 1
10
351.832428
20
-180.261586
11
350.931424
21
-180.652693
0
LINE
8
Layer 1
10
350.931424
20
-180.652693
11
350.099412
21
-180.113945
0
LINE
8
Layer 1
10
350.099412
20
-180.113945
11
351.704085
21
-179.547938
0
LINE
8
Layer 1
10
351.704085
20
-179.547938
11
352.479575
21
-180.050087
0
LINE
8
Layer 1
10
352.479575
20
-180.050087
11
352.656034
21
-181.769420
0
LINE
8
Layer 1
10
352.656034
20
-181.769420
11
351.832106
21
-181.235906
0
LINE
8
Layer 1
10
351.832106
20
-181.235906
11
351.832428
21
-180.261586
0
LINE
8
Layer 1
10
338.324244
20
-183.433802
11
337.597236
21
-182.963047
0
LINE
8
Layer 1
10
337.597236
20
-182.963047
11
340.596970
21
-178.330426
0
LINE
8
Layer 1
10
340.596970
20
-178.330426
11
339.582031
21
-178.384022
0
LINE
8
Layer 1
10
339.582031
20
-178.384022
11
338.575466
21
-178.265359
0
LINE
8
Layer 1
10
338.575466
20
-178.265359
11
339.030518
21
-177.562603
0
LINE
8
Layer 1
10
339.030518
20
-177.562603
11
340.546621
21
-177.558345
0
LINE
8
Layer 1
10
340.546621
20
-177.558345
11
341.705437
21
-177.185147
0
LINE
8
Layer 1
10
341.705437
20
-177.185147
11
342.173956
21
-177.488524
0
LINE
8
Layer 1
10
342.173956
20
-177.488524
11
338.324244
21
-183.433802
0
LINE
8
Layer 1
10
341.190463
20
-183.088524
11
341.995653
21
-183.518178
0
LINE
8
Layer 1
10
341.995653
20
-183.518178
11
341.819555
21
-184.097774
0
LINE
8
Layer 1
10
341.819555
20
-184.097774
11
341.843458
21
-184.611966
0
LINE
8
Layer 1
10
341.843458
20
-184.611966
11
342.050404
21
-185.042635
0
LINE
8
Layer 1
10
342.050404
20
-185.042635
11
342.410189
21
-185.374493
0
LINE
8
Layer 1
10
342.410189
20
-185.374493
11
342.958937
21
-185.589371
0
LINE
8
Layer 1
10
342.958937
20
-185.589371
11
343.555054
21
-185.554025
0
LINE
8
Layer 1
10
343.555054
20
-185.554025
11
344.125830
21
-185.270135
0
LINE
8
Layer 1
10
344.125830
20
-185.270135
11
344.598537
21
-184.739307
0
LINE
8
Layer 1
10
344.598537
20
-184.739307
11
344.870954
21
-184.126052
0
LINE
8
Layer 1
10
344.870954
20
-184.126052
11
344.882678
21
-183.530296
0
LINE
8
Layer 1
10
344.882678
20
-183.530296
11
344.655368
21
-183.000483
0
LINE
8
Layer 1
10
344.655368
20
-183.000483
11
344.202624
21
-182.579779
0
LINE
8
Layer 1
10
344.202624
20
-182.579779
11
343.463909
21
-182.330726
0
LINE
8
Layer 1
10
343.463909
20
-182.330726
11
342.752879
21
-182.455028
0
LINE
8
Layer 1
10
342.752879
20
-182.455028
11
342.127826
21
-181.924176
0
LINE
8
Layer 1
10
342.127826
20
-181.924176
11
344.670669
21
-179.254237
0
LINE
8
Layer 1
10
344.670669
20
-179.254237
11
347.615059
21
-181.160800
0
LINE
8
Layer 1
10
347.615059
20
-181.160800
11
347.165227
21
-181.855495
0
LINE
8
Layer 1
10
347.165227
20
-181.855495
11
344.802445
21
-180.325536
0
LINE
8
Layer 1
10
344.802445
20
-180.325536
11
343.452942
21
-181.710261
0
LINE
8
Layer 1
10
343.452942
20
-181.710261
11
344.179668
21
-181.785303
0
LINE
8
Layer 1
10
344.179668
20
-181.785303
11
344.812343
21
-182.063131
0
LINE
8
Layer 1
10
344.812343
20
-182.063131
11
345.440264
21
-182.660332
0
LINE
8
Layer 1
10
345.440264
20
-182.660332
11
345.773093
21
-183.447666
0
LINE
8
Layer 1
10
345.773093
20
-183.447666
11
345.775431
21
-184.320494
0
LINE
8
Layer 1
10
345.775431
20
-184.320494
11
345.411811
21
-185.174196
0
LINE
8
Layer 1
10
345.411811
20
-185.174196
11
344.809545
21
-185.847569
0
LINE
8
Layer 1
10
344.809545
20
-185.847569
11
344.043629
21
-186.260207
0
LINE
8
Layer 1
10
344.043629
20
-186.260207
11
343.021004
21
-186.363303
0
LINE
8
Layer 1
10
343.021004
20
-186.363303
11
342.023130
21
-185.972246
0
LINE
8
Layer 1
10
342.023130
20
-185.972246
11
341.362286
21
-185.383829
0
LINE
8
Layer 1
10
341.362286
20
-185.383829
11
340.995319
21
-184.664697
0
LINE
8
Layer 1
10
340.995319
20
-184.664697
11
340.936108
21
-183.879699
0
LINE
8
Layer 1
10
340.936108
20
-183.879699
11
341.190463
21
-183.088524
0
LINE
8
Layer 1
10
341.190463
20
-183.088524
11
341.190463
21
-183.088524
0
LINE
8
Layer 1
10
346.677383
20
-184.698147
11
347.344175
21
-183.785682
0
LINE
8
Layer 1
10
347.344175
20
-183.785682
11
347.984618
21
-183.148495
0
LINE
8
Layer 1
10
347.984618
20
-183.148495
11
348.622328
21
-182.754590
0
LINE
8
Layer 1
10
348.622328
20
-182.754590
11
349.267561
21
-182.574791
0
LINE
8
Layer 1
10
349.267561
20
-182.574791
11
349.918897
21
-182.626808
0
LINE
8
Layer 1
10
349.918897
20
-182.626808
11
350.566832
21
-182.923115
0
LINE
8
Layer 1
10
350.566832
20
-182.923115
11
351.277356
21
-183.658342
0
LINE
8
Layer 1
10
351.277356
20
-183.658342
11
351.512791
21
-184.596133
0
LINE
8
Layer 1
10
351.512791
20
-184.596133
11
351.310185
21
-185.714614
0
LINE
8
Layer 1
10
351.310185
20
-185.714614
11
350.538578
21
-187.198364
0
LINE
8
Layer 1
10
350.538578
20
-187.198364
11
349.875046
21
-188.105793
0
LINE
8
Layer 1
10
349.875046
20
-188.105793
11
349.233946
21
-188.743996
0
LINE
8
Layer 1
10
349.233946
20
-188.743996
11
348.599566
21
-189.137189
0
LINE
8
Layer 1
10
348.599566
20
-189.137189
11
347.951003
21
-189.317701
0
LINE
8
Layer 1
10
347.951003
20
-189.317701
11
347.301676
21
-189.266986
0
LINE
8
Layer 1
10
347.301676
20
-189.266986
11
346.651731
21
-188.969377
0
LINE
8
Layer 1
10
346.651731
20
-188.969377
11
345.986750
21
-188.320953
0
LINE
8
Layer 1
10
345.986750
20
-188.320953
11
345.704289
21
-187.484555
0
LINE
8
Layer 1
10
345.704289
20
-187.484555
11
345.894046
21
-186.228793
0
LINE
8
Layer 1
10
345.894046
20
-186.228793
11
346.677383
21
-184.698147
0
LINE
8
Layer 1
10
346.677383
20
-184.698147
11
346.677383
21
-184.698147
0
LINE
8
Layer 1
10
347.424579
20
-185.181975
11
346.722841
21
-186.451605
0
LINE
8
Layer 1
10
346.722841
20
-186.451605
11
346.505882
21
-187.344379
0
LINE
8
Layer 1
10
346.505882
20
-187.344379
11
346.655147
21
-187.952662
0
LINE
8
Layer 1
10
346.655147
20
-187.952662
11
347.038791
21
-188.371624
0
LINE
8
Layer 1
10
347.038791
20
-188.371624
11
347.577693
21
-188.548599
0
LINE
8
Layer 1
10
347.577693
20
-188.548599
11
348.192733
21
-188.430920
0
LINE
8
Layer 1
10
348.192733
20
-188.430920
11
348.920964
21
-187.870641
0
LINE
8
Layer 1
10
348.920964
20
-187.870641
11
349.791382
21
-186.714537
0
LINE
8
Layer 1
10
349.791382
20
-186.714537
11
350.493408
21
-185.442247
0
LINE
8
Layer 1
10
350.493408
20
-185.442247
11
350.706023
21
-184.549537
0
LINE
8
Layer 1
10
350.706023
20
-184.549537
11
350.557768
21
-183.941908
0
LINE
8
Layer 1
10
350.557768
20
-183.941908
11
350.169072
21
-183.519675
0
LINE
8
Layer 1
10
350.169072
20
-183.519675
11
349.650092
21
-183.334095
0
LINE
8
Layer 1
10
349.650092
20
-183.334095
11
349.094772
21
-183.425930
0
LINE
8
Layer 1
10
349.094772
20
-183.425930
11
348.314184
21
-184.013945
0
LINE
8
Layer 1
10
348.314184
20
-184.013945
11
347.424579
21
-185.181975
0
LINE
8
Layer 1
10
347.424579
20
-185.181975
11
347.424579
21
-185.181975
0
LINE
8
Layer 1
10
351.886931
20
-192.215970
11
354.664367
21
-187.926654
0
LINE
8
Layer 1
10
354.664367
20
-187.926654
11
355.314643
21
-188.347724
0
LINE
8
Layer 1
10
355.314643
20
-188.347724
11
354.924967
21
-188.949518
0
LINE
8
Layer 1
10
354.924967
20
-188.949518
11
355.789052
21
-188.792472
0
LINE
8
Layer 1
10
355.789052
20
-188.792472
11
356.677946
21
-189.092907
0
LINE
8
Layer 1
10
356.677946
20
-189.092907
11
357.329309
21
-189.795562
0
LINE
8
Layer 1
10
357.329309
20
-189.795562
11
357.403175
21
-190.628733
0
LINE
8
Layer 1
10
357.403175
20
-190.628733
11
358.353646
21
-190.444519
0
LINE
8
Layer 1
10
358.353646
20
-190.444519
11
359.214381
21
-190.735310
0
LINE
8
Layer 1
10
359.214381
20
-190.735310
11
359.721282
21
-191.189656
0
LINE
8
Layer 1
10
359.721282
20
-191.189656
11
359.965686
21
-191.726257
0
LINE
8
Layer 1
10
359.965686
20
-191.726257
11
359.933521
21
-192.340290
0
LINE
8
Layer 1
10
359.933521
20
-192.340290
11
359.605482
21
-193.035015
0
LINE
8
Layer 1
10
359.605482
20
-193.035015
11
357.698933
21
-195.979382
0
LINE
8
Layer 1
10
357.698933
20
-195.979382
11
356.975967
21
-195.511244
0
LINE
8
Layer 1
10
356.975967
20
-195.511244
11
358.725593
21
-192.809220
0
LINE
8
Layer 1
10
358.725593
20
-192.809220
11
359.058283
21
-192.136105
0
LINE
8
Layer 1
10
359.058283
20
-192.136105
11
359.005210
21
-191.660353
0
LINE
8
Layer 1
10
359.005210
20
-191.660353
11
358.644850
21
-191.260770
0
LINE
8
Layer 1
10
358.644850
20
-191.260770
11
358.181815
21
-191.068430
0
LINE
8
Layer 1
10
358.181815
20
-191.068430
11
357.697457
21
-191.077255
0
LINE
8
Layer 1
10
357.697457
20
-191.077255
11
357.220920
21
-191.321852
0
LINE
8
Layer 1
10
357.220920
20
-191.321852
11
356.776126
21
-191.844986
0
LINE
8
Layer 1
10
356.776126
20
-191.844986
11
355.162499
21
-194.336980
0
LINE
8
Layer 1
10
355.162499
20
-194.336980
11
354.435491
21
-193.866224
0
LINE
8
Layer 1
10
354.435491
20
-193.866224
11
356.240037
21
-191.079385
0
LINE
8
Layer 1
10
356.240037
20
-191.079385
11
356.533077
21
-190.237301
0
LINE
8
Layer 1
10
356.533077
20
-190.237301
11
356.416510
21
-189.903855
0
LINE
8
Layer 1
10
356.416510
20
-189.903855
11
356.108393
21
-189.618353
0
LINE
8
Layer 1
10
356.108393
20
-189.618353
11
355.434292
21
-189.411171
0
LINE
8
Layer 1
10
355.434292
20
-189.411171
11
354.752693
21
-189.640487
0
LINE
8
Layer 1
10
354.752693
20
-189.640487
11
354.054967
21
-190.461283
0
LINE
8
Layer 1
10
354.054967
20
-190.461283
11
352.613939
21
-192.686725
0
LINE
8
Layer 1
10
352.613939
20
-192.686725
11
351.886931
21
-192.215970
0
LINE
8
Layer 1
10
358.777331
20
-196.677671
11
361.554767
21
-192.388355
0
LINE
8
Layer 1
10
361.554767
20
-192.388355
11
362.205021
21
-192.809410
0
LINE
8
Layer 1
10
362.205021
20
-192.809410
11
361.815345
21
-193.411205
0
LINE
8
Layer 1
10
361.815345
20
-193.411205
11
362.679452
21
-193.254173
0
LINE
8
Layer 1
10
362.679452
20
-193.254173
11
363.568324
21
-193.554594
0
LINE
8
Layer 1
10
363.568324
20
-193.554594
11
364.219709
21
-194.257263
0
LINE
8
Layer 1
10
364.219709
20
-194.257263
11
364.293575
21
-195.090434
0
LINE
8
Layer 1
10
364.293575
20
-195.090434
11
365.244046
21
-194.906220
0
LINE
8
Layer 1
10
365.244046
20
-194.906220
11
366.104781
21
-195.197010
0
LINE
8
Layer 1
10
366.104781
20
-195.197010
11
366.611682
21
-195.651356
0
LINE
8
Layer 1
10
366.611682
20
-195.651356
11
366.856086
21
-196.187958
0
LINE
8
Layer 1
10
366.856086
20
-196.187958
11
366.823921
21
-196.801991
0
LINE
8
Layer 1
10
366.823921
20
-196.801991
11
366.495882
21
-197.496716
0
LINE
8
Layer 1
10
366.495882
20
-197.496716
11
364.589333
21
-200.441083
0
LINE
8
Layer 1
10
364.589333
20
-200.441083
11
363.866367
21
-199.972945
0
LINE
8
Layer 1
10
363.866367
20
-199.972945
11
365.615993
21
-197.270921
0
LINE
8
Layer 1
10
365.615993
20
-197.270921
11
365.948661
21
-196.597792
0
LINE
8
Layer 1
10
365.948661
20
-196.597792
11
365.895588
21
-196.122040
0
LINE
8
Layer 1
10
365.895588
20
-196.122040
11
365.535228
21
-195.722457
0
LINE
8
Layer 1
10
365.535228
20
-195.722457
11
365.072204
21
-195.530124
0
LINE
8
Layer 1
10
365.072204
20
-195.530124
11
364.587835
21
-195.538941
0
LINE
8
Layer 1
10
364.587835
20
-195.538941
11
364.111314
21
-195.783549
0
LINE
8
Layer 1
10
364.111314
20
-195.783549
11
363.666526
21
-196.306686
0
LINE
8
Layer 1
10
363.666526
20
-196.306686
11
362.052899
21
-198.798680
0
LINE
8
Layer 1
10
362.052899
20
-198.798680
11
361.325891
21
-198.327925
0
LINE
8
Layer 1
10
361.325891
20
-198.327925
11
363.130437
21
-195.541086
0
LINE
8
Layer 1
10
363.130437
20
-195.541086
11
363.423477
21
-194.699002
0
LINE
8
Layer 1
10
363.423477
20
-194.699002
11
363.306910
21
-194.365556
0
LINE
8
Layer 1
10
363.306910
20
-194.365556
11
362.998793
21
-194.080054
0
LINE
8
Layer 1
10
362.998793
20
-194.080054
11
362.324693
21
-193.872871
0
LINE
8
Layer 1
10
362.324693
20
-193.872871
11
361.643093
21
-194.102188
0
LINE
8
Layer 1
10
361.643093
20
-194.102188
11
360.945367
21
-194.922983
0
LINE
8
Layer 1
10
360.945367
20
-194.922983
11
359.504339
21
-197.148426
0
LINE
8
Layer 1
10
359.504339
20
-197.148426
11
358.777331
21
-196.677671
0
LINE
8
Layer 1
10
-247.397805
20
196.548947
11
248.899843
21
-124.814094
0
LINE
8
Layer 1
10
-254.776760
20
203.283643
11
-256.562166
21
200.526424
0
LINE
8
Layer 1
10
-256.562166
20
200.526424
11
-247.397805
21
196.548947
0
LINE
8
Layer 1
10
-247.397805
20
196.548947
11
-254.776760
21
203.283643
0
LINE
8
Layer 1
10
258.064204
20
-128.793422
11
256.278798
21
-131.550377
0
LINE
8
Layer 1
10
256.278798
20
-131.550377
11
248.899843
21
-124.814094
0
LINE
8
Layer 1
10
248.899843
20
-124.814094
11
258.064204
21
-128.793422
0
LINE
8
Layer 1
10
248.965974
20
-124.815179
11
248.932901
21
-124.757896
0
LINE
8
Layer 1
10
248.932901
20
-124.757896
11
248.866755
21
-124.757896
0
LINE
8
Layer 1
10
248.866755
20
-124.757896
11
248.833682
21
-124.815179
0
LINE
8
Layer 1
10
248.833682
20
-124.815179
11
248.866755
21
-124.872463
0
LINE
8
Layer 1
10
248.866755
20
-124.872463
11
248.932901
21
-124.872463
0
LINE
8
Layer 1
10
248.932901
20
-124.872463
11
248.965974
21
-124.815179
0
LINE
8
Layer 1
10
248.965974
20
-124.815179
11
248.965974
21
-124.815179
0
LINE
8
Layer 1
10
-247.331707
20
196.548963
11
-247.364779
21
196.606247
0
LINE
8
Layer 1
10
-247.364779
20
196.606247
11
-247.430925
21
196.606247
0
LINE
8
Layer 1
10
-247.430925
20
196.606247
11
-247.463998
21
196.548963
0
LINE
8
Layer 1
10
-247.463998
20
196.548963
11
-247.430925
21
196.491679
0
LINE
8
Layer 1
10
-247.430925
20
196.491679
11
-247.364779
21
196.491679
0
LINE
8
Layer 1
10
-247.364779
20
196.491679
11
-247.331707
21
196.548963
0
LINE
8
Layer 1
10
-247.331707
20
196.548963
11
-247.331707
21
196.548963
0
LINE
8
Layer 1
10
-103.289234
20
107.722878
11
-105.395844
21
157.561584
0
LINE
8
Layer 1
10
-101.201639
20
140.227642
11
-94.153958
21
140.525565
0
LINE
8
Layer 1
10
-94.153958
20
140.525565
11
-94.021863
21
137.400740
0
LINE
8
Layer 1
10
-94.021863
20
137.400740
11
-94.153600
21
135.959999
0
LINE
8
Layer 1
10
-94.153600
20
135.959999
11
-94.395757
21
135.507894
0
LINE
8
Layer 1
10
-94.395757
20
135.507894
11
-94.788707
21
135.148142
0
LINE
8
Layer 1
10
-94.788707
20
135.148142
11
-95.285390
21
134.906813
0
LINE
8
Layer 1
10
-95.285390
20
134.906813
11
-95.838750
21
134.809976
0
LINE
8
Layer 1
10
-95.838750
20
134.809976
11
-96.534949
21
134.902151
0
LINE
8
Layer 1
10
-96.534949
20
134.902151
11
-97.123629
21
135.242079
0
LINE
8
Layer 1
10
-97.123629
20
135.242079
11
-97.570392
21
135.842051
0
LINE
8
Layer 1
10
-97.570392
20
135.842051
11
-97.840843
21
136.714356
0
LINE
8
Layer 1
10
-97.840843
20
136.714356
11
-98.168008
21
136.137054
0
LINE
8
Layer 1
10
-98.168008
20
136.137054
11
-99.072738
21
135.323428
0
LINE
8
Layer 1
10
-99.072738
20
135.323428
11
-100.939076
21
134.016450
0
LINE
8
Layer 1
10
-100.939076
20
134.016450
11
-100.988663
21
135.189463
0
LINE
8
Layer 1
10
-100.988663
20
135.189463
11
-99.561824
21
136.184086
0
LINE
8
Layer 1
10
-99.561824
20
136.184086
11
-98.619175
21
136.898175
0
LINE
8
Layer 1
10
-98.619175
20
136.898175
11
-98.168167
21
137.394026
0
LINE
8
Layer 1
10
-98.168167
20
137.394026
11
-97.998562
21
137.825005
0
LINE
8
Layer 1
10
-97.998562
20
137.825005
11
-97.986858
21
138.345628
0
LINE
8
Layer 1
10
-97.986858
20
138.345628
11
-98.032583
21
139.427299
0
LINE
8
Layer 1
10
-98.032583
20
139.427299
11
-101.162214
21
139.295002
0
LINE
8
Layer 1
10
-101.162214
20
139.295002
11
-101.201639
21
140.227642
0
LINE
8
Layer 1
10
-97.224935
20
139.461441
11
-97.140191
21
137.456744
0
LINE
8
Layer 1
10
-97.140191
20
137.456744
11
-96.968121
21
136.462288
0
LINE
8
Layer 1
10
-96.968121
20
136.462288
11
-96.521901
21
135.932125
0
LINE
8
Layer 1
10
-96.521901
20
135.932125
11
-95.879395
21
135.771462
0
LINE
8
Layer 1
10
-95.879395
20
135.771462
11
-95.427752
21
135.882058
0
LINE
8
Layer 1
10
-95.427752
20
135.882058
11
-95.072770
21
136.171575
0
LINE
8
Layer 1
10
-95.072770
20
136.171575
11
-94.850909
21
136.648108
0
LINE
8
Layer 1
10
-94.850909
20
136.648108
11
-94.799038
21
137.329359
0
LINE
8
Layer 1
10
-94.799038
20
137.329359
11
-94.893333
21
139.560003
0
LINE
8
Layer 1
10
-94.893333
20
139.560003
11
-97.224935
21
139.461441
0
LINE
8
Layer 1
10
-95.404892
20
129.217660
11
-95.508574
21
130.075344
0
LINE
8
Layer 1
10
-95.508574
20
130.075344
11
-94.782050
21
130.433545
0
LINE
8
Layer 1
10
-94.782050
20
130.433545
11
-94.520982
21
130.837086
0
LINE
8
Layer 1
10
-94.520982
20
130.837086
11
-94.448457
21
131.314530
0
LINE
8
Layer 1
10
-94.448457
20
131.314530
11
-94.709899
21
132.030696
0
LINE
8
Layer 1
10
-94.709899
20
132.030696
11
-95.091912
21
132.380564
0
LINE
8
Layer 1
10
-95.091912
20
132.380564
11
-95.607277
21
132.638108
0
LINE
8
Layer 1
10
-95.607277
20
132.638108
11
-97.247356
21
132.814392
0
LINE
8
Layer 1
10
-97.247356
20
132.814392
11
-96.508352
21
132.079885
0
LINE
8
Layer 1
10
-96.508352
20
132.079885
11
-96.237564
21
131.142580
0
LINE
8
Layer 1
10
-96.237564
20
131.142580
11
-96.363574
21
130.335386
0
LINE
8
Layer 1
10
-96.363574
20
130.335386
11
-96.814764
21
129.644479
0
LINE
8
Layer 1
10
-96.814764
20
129.644479
11
-97.523731
21
129.155783
0
LINE
8
Layer 1
10
-97.523731
20
129.155783
11
-98.433093
21
128.964433
0
LINE
8
Layer 1
10
-98.433093
20
128.964433
11
-99.076730
21
129.009465
0
LINE
8
Layer 1
10
-99.076730
20
129.009465
11
-99.680794
21
129.200650
0
LINE
8
Layer 1
10
-99.680794
20
129.200650
11
-100.196244
21
129.517187
0
LINE
8
Layer 1
10
-100.196244
20
129.517187
11
-100.584062
21
129.947479
0
LINE
8
Layer 1
10
-100.584062
20
129.947479
11
-100.833771
21
130.471501
0
LINE
8
Layer 1
10
-100.833771
20
130.471501
11
-100.934890
21
131.069227
0
LINE
8
Layer 1
10
-100.934890
20
131.069227
11
-100.778092
21
132.059527
0
LINE
8
Layer 1
10
-100.778092
20
132.059527
11
-100.216249
21
132.867084
0
LINE
8
Layer 1
10
-100.216249
20
132.867084
11
-99.182663
21
133.423681
0
LINE
8
Layer 1
10
-99.182663
20
133.423681
11
-97.620252
21
133.660696
0
LINE
8
Layer 1
10
-97.620252
20
133.660696
11
-95.847952
21
133.546587
0
LINE
8
Layer 1
10
-95.847952
20
133.546587
11
-94.617358
21
133.031523
0
LINE
8
Layer 1
10
-94.617358
20
133.031523
11
-93.978956
21
132.284335
0
LINE
8
Layer 1
10
-93.978956
20
132.284335
11
-93.734723
21
131.291724
0
LINE
8
Layer 1
10
-93.734723
20
131.291724
11
-93.819347
21
130.530829
0
LINE
8
Layer 1
10
-93.819347
20
130.530829
11
-94.143533
21
129.911510
0
LINE
8
Layer 1
10
-94.143533
20
129.911510
11
-94.680753
21
129.461379
0
LINE
8
Layer 1
10
-94.680753
20
129.461379
11
-95.404892
21
129.217660
0
LINE
8
Layer 1
10
-95.404892
20
129.217660
11
-95.404892
21
129.217660
0
LINE
8
Layer 1
10
-98.592553
20
132.622681
11
-99.440348
21
132.399017
0
LINE
8
Layer 1
10
-99.440348
20
132.399017
11
-100.042757
21
131.838974
0
LINE
8
Layer 1
10
-100.042757
20
131.838974
11
-100.224002
21
131.113726
0
LINE
8
Layer 1
10
-100.224002
20
131.113726
11
-100.091890
21
130.608813
0
LINE
8
Layer 1
10
-100.091890
20
130.608813
11
-99.741889
21
130.190168
0
LINE
8
Layer 1
10
-99.741889
20
130.190168
11
-99.207785
21
129.916560
0
LINE
8
Layer 1
10
-99.207785
20
129.916560
11
-98.523368
21
129.846764
0
LINE
8
Layer 1
10
-98.523368
20
129.846764
11
-97.874876
21
129.971701
0
LINE
8
Layer 1
10
-97.874876
20
129.971701
11
-97.390856
21
130.284735
0
LINE
8
Layer 1
10
-97.390856
20
130.284735
11
-97.092159
21
130.738027
0
LINE
8
Layer 1
10
-97.092159
20
130.738027
11
-97.009257
21
131.283333
0
LINE
8
Layer 1
10
-97.009257
20
131.283333
11
-97.137935
21
131.820900
0
LINE
8
Layer 1
10
-97.137935
20
131.820900
11
-97.474380
21
132.260586
0
LINE
8
Layer 1
10
-97.474380
20
132.260586
11
-97.971682
21
132.546586
0
LINE
8
Layer 1
10
-97.971682
20
132.546586
11
-98.592553
21
132.622681
0
LINE
8
Layer 1
10
-98.592553
20
132.622681
11
-98.592553
21
132.622681
0
LINE
8
Layer 1
10
-100.665337
20
127.540852
11
-99.679817
21
127.582513
0
LINE
8
Layer 1
10
-99.679817
20
127.582513
11
-99.638157
21
126.596990
0
LINE
8
Layer 1
10
-99.638157
20
126.596990
11
-100.623677
21
126.555330
0
LINE
8
Layer 1
10
-100.623677
20
126.555330
11
-101.506757
21
126.710640
0
LINE
8
Layer 1
10
-101.506757
20
126.710640
11
-102.051767
21
127.299236
0
LINE
8
Layer 1
10
-102.051767
20
127.299236
11
-101.691758
21
127.555255
0
LINE
8
Layer 1
10
-101.691758
20
127.555255
11
-101.318937
21
127.166469
0
LINE
8
Layer 1
10
-101.318937
20
127.166469
11
-100.644608
21
127.050494
0
LINE
8
Layer 1
10
-100.644608
20
127.050494
11
-100.665337
21
127.540852
0
LINE
8
Layer 1
10
-94.442322
20
125.472961
11
-93.610636
21
125.508119
0
LINE
8
Layer 1
10
-93.610636
20
125.508119
11
-93.417779
21
120.945875
0
LINE
8
Layer 1
10
-93.417779
20
120.945875
11
-94.090819
21
120.917424
0
LINE
8
Layer 1
10
-94.090819
20
120.917424
11
-96.051055
21
122.173413
0
LINE
8
Layer 1
10
-96.051055
20
122.173413
11
-97.280006
21
122.706607
0
LINE
8
Layer 1
10
-97.280006
20
122.706607
11
-98.536308
21
123.089350
0
LINE
8
Layer 1
10
-98.536308
20
123.089350
11
-100.487721
21
123.339163
0
LINE
8
Layer 1
10
-100.487721
20
123.339163
11
-100.525317
21
124.228537
0
LINE
8
Layer 1
10
-100.525317
20
124.228537
11
-98.501996
21
123.986579
0
LINE
8
Layer 1
10
-98.501996
20
123.986579
11
-96.195092
21
123.188319
0
LINE
8
Layer 1
10
-96.195092
20
123.188319
11
-94.296409
21
122.021232
0
LINE
8
Layer 1
10
-94.296409
20
122.021232
11
-94.442322
21
125.472961
0
LINE
8
Layer 1
10
-98.491898
20
119.874130
11
-98.376570
21
118.968779
0
LINE
8
Layer 1
10
-98.376570
20
118.968779
11
-98.951206
21
118.777130
0
LINE
8
Layer 1
10
-98.951206
20
118.777130
11
-99.356802
21
118.460187
0
LINE
8
Layer 1
10
-99.356802
20
118.460187
11
-99.588362
21
118.042243
0
LINE
8
Layer 1
10
-99.588362
20
118.042243
11
-99.650917
21
117.556794
0
LINE
8
Layer 1
10
-99.650917
20
117.556794
11
-99.508749
21
116.984881
0
LINE
8
Layer 1
10
-99.508749
20
116.984881
11
-99.135081
21
116.519075
0
LINE
8
Layer 1
10
-99.135081
20
116.519075
11
-98.573317
21
116.217740
0
LINE
8
Layer 1
10
-98.573317
20
116.217740
11
-97.866861
21
116.139243
0
LINE
8
Layer 1
10
-97.866861
20
116.139243
11
-97.209058
21
116.271799
0
LINE
8
Layer 1
10
-97.209058
20
116.271799
11
-96.716339
21
116.606873
0
LINE
8
Layer 1
10
-96.716339
20
116.606873
11
-96.415663
21
117.098777
0
LINE
8
Layer 1
10
-96.415663
20
117.098777
11
-96.334405
21
117.711437
0
LINE
8
Layer 1
10
-96.334405
20
117.711437
11
-96.558608
21
118.458074
0
LINE
8
Layer 1
10
-96.558608
20
118.458074
11
-97.071318
21
118.966161
0
LINE
8
Layer 1
10
-97.071318
20
118.966161
11
-96.999900
21
119.783086
0
LINE
8
Layer 1
10
-96.999900
20
119.783086
11
-93.351053
21
119.253460
0
LINE
8
Layer 1
10
-93.351053
20
119.253460
11
-93.202905
21
115.748848
0
LINE
8
Layer 1
10
-93.202905
20
115.748848
11
-94.029782
21
115.713894
0
LINE
8
Layer 1
10
-94.029782
20
115.713894
11
-94.148667
21
118.526237
0
LINE
8
Layer 1
10
-94.148667
20
118.526237
11
-96.058844
21
118.825955
0
LINE
8
Layer 1
10
-96.058844
20
118.825955
11
-95.699647
21
118.189772
0
LINE
8
Layer 1
10
-95.699647
20
118.189772
11
-95.560270
21
117.512992
0
LINE
8
Layer 1
10
-95.560270
20
117.512992
11
-95.684147
21
116.655321
0
LINE
8
Layer 1
10
-95.684147
20
116.655321
11
-96.133813
21
115.928360
0
LINE
8
Layer 1
10
-96.133813
20
115.928360
11
-96.844422
21
115.421535
0
LINE
8
Layer 1
10
-96.844422
20
115.421535
11
-97.751126
21
115.224277
0
LINE
8
Layer 1
10
-97.751126
20
115.224277
11
-98.648798
21
115.325995
0
LINE
8
Layer 1
10
-98.648798
20
115.325995
11
-99.428454
21
115.712030
0
LINE
8
Layer 1
10
-99.428454
20
115.712030
11
-100.104132
21
116.486538
0
LINE
8
Layer 1
10
-100.104132
20
116.486538
11
-100.362415
21
117.526717
0
LINE
8
Layer 1
10
-100.362415
20
117.526717
11
-100.264743
21
118.406155
0
LINE
8
Layer 1
10
-100.264743
20
118.406155
11
-99.890438
21
119.121504
0
LINE
8
Layer 1
10
-99.890438
20
119.121504
11
-99.284390
21
119.623909
0
LINE
8
Layer 1
10
-99.284390
20
119.623909
11
-98.491898
21
119.874130
0
LINE
8
Layer 1
10
-98.491898
20
119.874130
11
-98.491898
21
119.874130
0
LINE
8
Layer 1
10
-103.754901
20
157.630905
11
-107.036788
21
157.492263
0
LINE
8
Layer 1
10
-107.036788
20
157.492263
11
-105.812033
21
167.407247
0
LINE
8
Layer 1
10
-105.812033
20
167.407247
11
-103.754901
21
157.630905
0
LINE
8
Layer 1
10
-105.745962
20
167.407126
11
-105.779035
21
167.464410
0
LINE
8
Layer 1
10
-105.779035
20
167.464410
11
-105.845180
21
167.464410
0
LINE
8
Layer 1
10
-105.845180
20
167.464410
11
-105.878253
21
167.407126
0
LINE
8
Layer 1
10
-105.878253
20
167.407126
11
-105.845180
21
167.349842
0
LINE
8
Layer 1
10
-105.845180
20
167.349842
11
-105.779035
21
167.349842
0
LINE
8
Layer 1
10
-105.779035
20
167.349842
11
-105.745962
21
167.407126
0
LINE
8
Layer 1
10
-105.745962
20
167.407126
11
-105.745962
21
167.407126
0
LINE
8
Layer 1
10
-104.622237
20
140.824246
11
-104.655310
21
140.881530
0
LINE
8
Layer 1
10
-104.655310
20
140.881530
11
-104.721456
21
140.881530
0
LINE
8
Layer 1
10
-104.721456
20
140.881530
11
-104.754529
21
140.824246
0
LINE
8
Layer 1
10
-104.754529
20
140.824246
11
-104.721456
21
140.766962
0
LINE
8
Layer 1
10
-104.721456
20
140.766962
11
-104.655310
21
140.766962
0
LINE
8
Layer 1
10
-104.655310
20
140.766962
11
-104.622237
21
140.824246
0
LINE
8
Layer 1
10
-104.622237
20
140.824246
11
-104.622237
21
140.824246
0
LINE
8
Layer 1
10
0.750987
20
34.635264
11
0.750987
21
0.159041
0
LINE
8
Layer 1
10
209.662184
20
33.403365
11
209.662184
21
0.159041
0
LINE
8
Layer 1
10
10.605280
20
5.088222
11
199.808055
21
5.088222
0
LINE
8
Layer 1
10
10.605280
20
6.728637
11
10.605280
21
3.445161
0
LINE
8
Layer 1
10
10.605280
20
3.445161
11
0.750987
21
5.088222
0
LINE
8
Layer 1
10
0.750987
20
5.088222
11
10.605280
21
6.728637
0
LINE
8
Layer 1
10
199.808055
20
6.728637
11
199.808055
21
3.445161
0
LINE
8
Layer 1
10
199.808055
20
3.445161
11
209.662184
21
5.088222
0
LINE
8
Layer 1
10
209.662184
20
5.088222
11
199.808055
21
6.728637
0
LINE
8
Layer 1
10
100.135058
20
9.506123
11
101.044473
21
9.583117
0
LINE
8
Layer 1
10
101.044473
20
9.583117
11
101.211680
21
9.000895
0
LINE
8
Layer 1
10
101.211680
20
9.000895
11
101.511210
21
8.582279
0
LINE
8
Layer 1
10
101.511210
20
8.582279
11
101.919003
21
8.333280
0
LINE
8
Layer 1
10
101.919003
20
8.333280
11
102.401379
21
8.250280
0
LINE
8
Layer 1
10
102.401379
20
8.250280
11
102.978783
21
8.368165
0
LINE
8
Layer 1
10
102.978783
20
8.368165
11
103.459954
21
8.721820
0
LINE
8
Layer 1
10
103.459954
20
8.721820
11
103.784746
21
9.270353
0
LINE
8
Layer 1
10
103.784746
20
9.270353
11
103.893010
21
9.972874
0
LINE
8
Layer 1
10
103.893010
20
9.972874
11
103.788355
21
10.635681
0
LINE
8
Layer 1
10
103.788355
20
10.635681
11
103.474390
21
11.142119
0
LINE
8
Layer 1
10
103.474390
20
11.142119
11
102.995624
21
11.463290
0
LINE
8
Layer 1
10
102.995624
20
11.463290
11
102.386943
21
11.570347
0
LINE
8
Layer 1
10
102.386943
20
11.570347
11
101.631503
21
11.377889
0
LINE
8
Layer 1
10
101.631503
20
11.377889
11
101.102215
21
10.887088
0
LINE
8
Layer 1
10
101.102215
20
10.887088
11
100.289035
21
10.992947
0
LINE
8
Layer 1
10
100.289035
20
10.992947
11
100.972297
21
14.616173
0
LINE
8
Layer 1
10
100.972297
20
14.616173
11
104.480038
21
14.616173
0
LINE
8
Layer 1
10
104.480038
20
14.616173
11
104.480038
21
13.788558
0
LINE
8
Layer 1
10
104.480038
20
13.788558
11
101.665184
21
13.788558
0
LINE
8
Layer 1
10
101.665184
20
13.788558
11
101.285061
21
11.892741
0
LINE
8
Layer 1
10
101.285061
20
11.892741
11
101.935844
21
12.224746
0
LINE
8
Layer 1
10
101.935844
20
12.224746
11
102.617905
21
12.335415
0
LINE
8
Layer 1
10
102.617905
20
12.335415
11
103.469579
21
12.175428
0
LINE
8
Layer 1
10
103.469579
20
12.175428
11
104.176900
21
11.695468
0
LINE
8
Layer 1
10
104.176900
20
11.695468
11
104.653260
21
10.964075
0
LINE
8
Layer 1
10
104.653260
20
10.964075
11
104.812047
21
10.049841
0
LINE
8
Layer 1
10
104.812047
20
10.049841
11
104.672507
21
9.157270
0
LINE
8
Layer 1
10
104.672507
20
9.157270
11
104.253888
21
8.394610
0
LINE
8
Layer 1
10
104.253888
20
8.394610
11
103.451535
21
7.752249
0
LINE
8
Layer 1
10
103.451535
20
7.752249
11
102.401379
21
7.538128
0
LINE
8
Layer 1
10
102.401379
20
7.538128
11
101.526848
21
7.672860
0
LINE
8
Layer 1
10
101.526848
20
7.672860
11
100.827946
21
8.077057
0
LINE
8
Layer 1
10
100.827946
20
8.077057
11
100.351586
21
8.703775
0
LINE
8
Layer 1
10
100.351586
20
8.703775
11
100.135058
21
9.506123
0
LINE
8
Layer 1
10
100.135058
20
9.506123
11
100.135058
21
9.506123
0
LINE
8
Layer 1
10
105.620414
20
9.520675
11
106.486524
21
9.636139
0
LINE
8
Layer 1
10
106.486524
20
9.636139
11
106.687413
21
9.002205
0
LINE
8
Layer 1
10
106.687413
20
9.002205
11
106.991753
21
8.572754
0
LINE
8
Layer 1
10
106.991753
20
8.572754
11
107.391127
21
8.330978
0
LINE
8
Layer 1
10
107.391127
20
8.330978
11
107.867486
21
8.250386
0
LINE
8
Layer 1
10
107.867486
20
8.250386
11
108.430457
21
8.356239
0
LINE
8
Layer 1
10
108.430457
20
8.356239
11
108.897193
21
8.673798
0
LINE
8
Layer 1
10
108.897193
20
8.673798
11
109.214766
21
9.147759
0
LINE
8
Layer 1
10
109.214766
20
9.147759
11
109.320624
21
9.722764
0
LINE
8
Layer 1
10
109.320624
20
9.722764
11
109.223187
21
10.266488
0
LINE
8
Layer 1
10
109.223187
20
10.266488
11
108.930877
21
10.704340
0
LINE
8
Layer 1
10
108.930877
20
10.704340
11
108.488198
21
10.996658
0
LINE
8
Layer 1
10
108.488198
20
10.996658
11
107.939662
21
11.094097
0
LINE
8
Layer 1
10
107.939662
20
11.094097
11
107.328575
21
10.997868
0
LINE
8
Layer 1
10
107.328575
20
10.997868
11
107.424810
21
11.758121
0
LINE
8
Layer 1
10
107.424810
20
11.758121
11
107.564348
21
11.748596
0
LINE
8
Layer 1
10
107.564348
20
11.748596
11
108.090029
21
11.820774
0
LINE
8
Layer 1
10
108.090029
20
11.820774
11
108.560373
21
12.037309
0
LINE
8
Layer 1
10
108.560373
20
12.037309
11
108.892383
21
12.404193
0
LINE
8
Layer 1
10
108.892383
20
12.404193
11
109.003053
21
12.927472
0
LINE
8
Layer 1
10
109.003053
20
12.927472
11
108.922456
21
13.362930
0
LINE
8
Layer 1
10
108.922456
20
13.362930
11
108.680666
21
13.716591
0
LINE
8
Layer 1
10
108.680666
20
13.716591
11
108.311368
21
13.951164
0
LINE
8
Layer 1
10
108.311368
20
13.951164
11
107.848240
21
14.029355
0
LINE
8
Layer 1
10
107.848240
20
14.029355
11
107.385112
21
13.949960
0
LINE
8
Layer 1
10
107.385112
20
13.949960
11
107.006189
21
13.711776
0
LINE
8
Layer 1
10
107.006189
20
13.711776
11
106.729516
21
13.314809
0
LINE
8
Layer 1
10
106.729516
20
13.314809
11
106.573135
21
12.759065
0
LINE
8
Layer 1
10
106.573135
20
12.759065
11
105.707026
21
12.913026
0
LINE
8
Layer 1
10
105.707026
20
12.913026
11
105.966859
21
13.685311
0
LINE
8
Layer 1
10
105.966859
20
13.685311
11
106.428784
21
14.260309
0
LINE
8
Layer 1
10
106.428784
20
14.260309
11
107.060321
21
14.621187
0
LINE
8
Layer 1
10
107.060321
20
14.621187
11
107.828992
21
14.741480
0
LINE
8
Layer 1
10
107.828992
20
14.741480
11
108.892383
21
14.491264
0
LINE
8
Layer 1
10
108.892383
20
14.491264
11
109.633387
21
13.817635
0
LINE
8
Layer 1
10
109.633387
20
13.817635
11
109.893218
21
12.908211
0
LINE
8
Layer 1
10
109.893218
20
12.908211
11
109.647823
21
12.075806
0
LINE
8
Layer 1
10
109.647823
20
12.075806
11
108.921251
21
11.479145
0
LINE
8
Layer 1
10
108.921251
20
11.479145
11
109.477005
21
11.256598
0
LINE
8
Layer 1
10
109.477005
20
11.256598
11
109.893218
21
10.877668
0
LINE
8
Layer 1
10
109.893218
20
10.877668
11
110.153052
21
10.367625
0
LINE
8
Layer 1
10
110.153052
20
10.367625
11
110.239663
21
9.742105
0
LINE
8
Layer 1
10
110.239663
20
9.742105
11
110.071253
21
8.888031
0
LINE
8
Layer 1
10
110.071253
20
8.888031
11
109.566022
21
8.173498
0
LINE
8
Layer 1
10
109.566022
20
8.173498
11
108.803366
21
7.693518
0
LINE
8
Layer 1
10
108.803366
20
7.693518
11
107.862676
21
7.533524
0
LINE
8
Layer 1
10
107.862676
20
7.533524
11
107.012204
21
7.671862
0
LINE
8
Layer 1
10
107.012204
20
7.671862
11
106.318114
21
8.086873
0
LINE
8
Layer 1
10
106.318114
20
8.086873
11
105.838145
21
8.722025
0
LINE
8
Layer 1
10
105.838145
20
8.722025
11
105.620414
21
9.520781
0
LINE
8
Layer 1
10
105.620414
20
9.520781
11
105.620414
21
9.520675
0
LINE
8
Layer 1
10
0.817134
20
37.098892
11
0.784061
21
37.156176
0
LINE
8
Layer 1
10
0.784061
20
37.156176
11
0.717915
21
37.156176
0
LINE
8
Layer 1
10
0.717915
20
37.156176
11
0.684842
21
37.098892
0
LINE
8
Layer 1
10
0.684842
20
37.098892
11
0.717915
21
37.041608
0
LINE
8
Layer 1
10
0.717915
20
37.041608
11
0.784061
21
37.041608
0
LINE
8
Layer 1
10
0.784061
20
37.041608
11
0.817134
21
37.098892
0
LINE
8
Layer 1
10
0.817134
20
37.098892
11
0.817134
21
37.098892
0
LINE
8
Layer 1
10
209.728376
20
35.866892
11
209.695303
21
35.924176
0
LINE
8
Layer 1
10
209.695303
20
35.924176
11
209.629158
21
35.924176
0
LINE
8
Layer 1
10
209.629158
20
35.924176
11
209.596085
21
35.866892
0
LINE
8
Layer 1
10
209.596085
20
35.866892
11
209.629158
21
35.809608
0
LINE
8
Layer 1
10
209.629158
20
35.809608
11
209.695303
21
35.809608
0
LINE
8
Layer 1
10
209.695303
20
35.809608
11
209.728376
21
35.866892
0
LINE
8
Layer 1
10
209.728376
20
35.866892
11
209.728376
21
35.866892
0
LINE
8
Layer 1
10
209.728376
20
5.087309
11
209.695303
21
5.144593
0
LINE
8
Layer 1
10
209.695303
20
5.144593
11
209.629158
21
5.144593
0
LINE
8
Layer 1
10
209.629158
20
5.144593
11
209.596085
21
5.087309
0
LINE
8
Layer 1
10
209.596085
20
5.087309
11
209.629158
21
5.030025
0
LINE
8
Layer 1
10
209.629158
20
5.030025
11
209.695303
21
5.030025
0
LINE
8
Layer 1
10
209.695303
20
5.030025
11
209.728376
21
5.087309
0
LINE
8
Layer 1
10
209.728376
20
5.087309
11
209.728376
21
5.087309
0
LINE
8
0
10
105.626296
20
166.406969
11
102.911232
21
166.513885
0
LINE
8
0
10
102.911232
20
166.513885
11
100.263599
21
166.316133
0
LINE
8
0
10
100.263599
20
166.316133
11
97.698264
21
165.830261
0
LINE
8
0
10
97.698264
20
165.830261
11
95.230092
21
165.072818
0
LINE
8
0
10
95.230092
20
165.072818
11
92.873947
21
164.060350
0
LINE
8
0
10
92.873947
20
164.060350
11
90.644695
21
162.809405
0
LINE
8
0
10
90.644695
20
162.809405
11
88.557202
21
161.336532
0
LINE
8
0
10
88.557202
20
161.336532
11
86.626333
21
159.658278
0
LINE
8
0
10
86.626333
20
159.658278
11
84.866952
21
157.791190
0
LINE
8
0
10
84.866952
20
157.791190
11
83.293926
21
155.751817
0
LINE
8
0
10
83.293926
20
155.751817
11
81.922120
21
153.556705
0
LINE
8
0
10
81.922120
20
153.556705
11
80.766399
21
151.222403
0
LINE
8
0
10
80.766399
20
151.222403
11
79.841627
21
148.765459
0
LINE
8
0
10
79.841627
20
148.765459
11
79.162672
21
146.202419
0
LINE
8
0
10
79.162672
20
146.202419
11
78.744398
21
143.549832
0
LINE
8
0
10
78.744398
20
143.549832
11
78.601669
21
140.824246
0
LINE
8
0
10
78.601669
20
140.824246
11
78.732528
21
138.170626
0
LINE
8
0
10
78.732528
20
138.170626
11
79.116933
21
135.589970
0
LINE
8
0
10
79.116933
20
135.589970
11
79.742630
21
133.094979
0
LINE
8
0
10
79.742630
20
133.094979
11
80.597363
21
130.698354
0
LINE
8
0
10
80.597363
20
130.698354
11
81.668878
21
128.412797
0
LINE
8
0
10
81.668878
20
128.412797
11
82.944918
21
126.251007
0
LINE
8
0
10
82.944918
20
126.251007
11
84.413229
21
124.225687
0
LINE
8
0
10
84.413229
20
124.225687
11
86.061554
21
122.349537
0
LINE
8
0
10
86.061554
20
122.349537
11
87.877639
21
120.635259
0
LINE
8
0
10
87.877639
20
120.635259
11
89.849228
21
119.095553
0
LINE
8
0
10
89.849228
20
119.095553
11
91.964066
21
117.743121
0
LINE
8
0
10
91.964066
20
117.743121
11
94.209898
21
116.590664
0
LINE
8
0
10
94.209898
20
116.590664
11
96.574468
21
115.650883
0
LINE
8
0
10
96.574468
20
115.650883
11
99.045521
21
114.936478
0
LINE
8
0
10
99.045521
20
114.936478
11
101.610801
21
114.460152
0
LINE
8
0
10
101.610801
20
114.460152
11
104.258053
21
114.234604
0
LINE
8
0
10
104.258053
20
114.234604
11
106.920265
21
114.270306
0
LINE
8
0
10
106.920265
20
114.270306
11
109.528346
21
114.561477
0
LINE
8
0
10
109.528346
20
114.561477
11
112.066919
21
115.096444
0
LINE
8
0
10
112.066919
20
115.096444
11
114.520608
21
115.863533
0
LINE
8
0
10
114.520608
20
115.863533
11
116.874037
21
116.851070
0
LINE
8
0
10
116.874037
20
116.851070
11
119.111830
21
118.047383
0
LINE
8
0
10
119.111830
20
118.047383
11
121.218611
21
119.440797
0
LINE
8
0
10
121.218611
20
119.440797
11
123.179003
21
121.019640
0
LINE
8
0
10
123.179003
20
121.019640
11
124.977631
21
122.772237
0
LINE
8
0
10
124.977631
20
122.772237
11
126.599119
21
124.686916
0
LINE
8
0
10
126.599119
20
124.686916
11
128.028090
21
126.752003
0
LINE
8
0
10
128.028090
20
126.752003
11
129.249169
21
128.955825
0
LINE
8
0
10
129.249169
20
128.955825
11
130.246979
21
131.286707
0
LINE
8
0
10
130.246979
20
131.286707
11
131.006144
21
133.732977
0
LINE
8
0
10
131.006144
20
133.732977
11
131.511288
21
136.282962
0
LINE
8
0
10
131.511288
20
136.282962
11
131.747036
21
138.924987
0
LINE
8
0
10
131.747036
20
138.924987
11
131.814909
21
140.824246
0
LINE
8
0
10
131.814909
20
140.824246
11
131.762143
21
143.643772
0
LINE
8
0
10
131.762143
20
143.643772
11
131.410593
21
146.382218
0
LINE
8
0
10
131.410593
20
146.382218
11
130.776522
21
149.025671
0
LINE
8
0
10
130.776522
20
149.025671
11
129.876190
21
151.560219
0
LINE
8
0
10
129.876190
20
151.560219
11
128.725859
21
153.971950
0
LINE
8
0
10
128.725859
20
153.971950
11
127.341789
21
156.246953
0
LINE
8
0
10
127.341789
20
156.246953
11
125.740240
21
158.371315
0
LINE
8
0
10
125.740240
20
158.371315
11
123.937475
21
160.331124
0
LINE
8
0
10
123.937475
20
160.331124
11
121.949754
21
162.112470
0
LINE
8
0
10
121.949754
20
162.112470
11
119.793338
21
163.701439
0
LINE
8
0
10
119.793338
20
163.701439
11
117.484488
21
165.084120
0
LINE
8
0
10
117.484488
20
165.084120
11
115.039465
21
166.246600
0
LINE
8
0
10
115.039465
20
166.246600
11
112.474530
21
167.174969
0
LINE
8
0
10
112.474530
20
167.174969
11
109.805943
21
167.855314
0
LINE
8
0
10
109.805943
20
167.855314
11
107.049967
21
168.273723
0
LINE
8
0
10
107.049967
20
168.273723
11
104.222861
21
168.416284
0
LINE
8
0
10
104.222861
20
168.416284
11
101.401734
21
168.273830
0
LINE
8
0
10
101.401734
20
168.273830
11
98.662100
21
167.855713
0
LINE
8
0
10
98.662100
20
167.855713
11
96.017829
21
167.175802
0
LINE
8
0
10
96.017829
20
167.175802
11
93.482789
21
166.247967
0
LINE
8
0
10
93.482789
20
166.247967
11
91.070851
21
165.086078
0
LINE
8
0
10
91.070851
20
165.086078
11
88.795883
21
163.704002
0
LINE
8
0
10
88.795883
20
163.704002
11
86.671754
21
162.115610
0
LINE
8
0
10
86.671754
20
162.115610
11
84.712334
21
160.334770
0
LINE
8
0
10
84.712334
20
160.334770
11
82.931493
21
158.375352
0
LINE
8
0
10
82.931493
20
158.375352
11
81.343098
21
156.251224
0
LINE
8
0
10
81.343098
20
156.251224
11
79.961021
21
153.976257
0
LINE
8
0
10
79.961021
20
153.976257
11
78.799129
21
151.564320
0
LINE
8
0
10
78.799129
20
151.564320
11
77.871293
21
149.029280
0
LINE
8
0
10
77.871293
20
149.029280
11
77.191382
21
146.385009
0
LINE
8
0
10
77.191382
20
146.385009
11
76.773264
21
143.645374
0
LINE
8
0
10
76.773264
20
143.645374
11
76.630809
21
140.824246
0
LINE
8
0
10
76.630809
20
140.824246
11
76.771821
21
137.969292
0
LINE
8
0
10
76.771821
20
137.969292
11
77.186031
21
135.193100
0
LINE
8
0
10
77.186031
20
135.193100
11
77.860196
21
132.509358
0
LINE
8
0
10
77.860196
20
132.509358
11
78.781077
21
129.931758
0
LINE
8
0
10
78.781077
20
129.931758
11
79.935432
21
127.473987
0
LINE
8
0
10
79.935432
20
127.473987
11
81.310020
21
125.149738
0
LINE
8
0
10
81.310020
20
125.149738
11
82.891600
21
122.972699
0
LINE
8
0
10
82.891600
20
122.972699
11
84.666931
21
120.956560
0
LINE
8
0
10
84.666931
20
120.956560
11
86.622773
21
119.115012
0
LINE
8
0
10
86.622773
20
119.115012
11
88.745884
21
117.461744
0
LINE
8
0
10
88.745884
20
117.461744
11
91.023023
21
116.010446
0
LINE
8
0
10
91.023023
20
116.010446
11
93.440949
21
114.774808
0
LINE
8
0
10
93.440949
20
114.774808
11
95.986422
21
113.768520
0
LINE
8
0
10
95.986422
20
113.768520
11
98.646200
21
113.005272
0
LINE
8
0
10
98.646200
20
113.005272
11
101.407043
21
112.498753
0
LINE
8
0
10
101.407043
20
112.498753
11
104.255709
21
112.262654
0
LINE
8
0
10
104.255709
20
112.262654
11
107.119413
21
112.308141
0
LINE
8
0
10
107.119413
20
112.308141
11
109.923278
21
112.628808
0
LINE
8
0
10
109.923278
20
112.628808
11
112.650928
21
113.211993
0
LINE
8
0
10
112.650928
20
113.211993
11
115.285981
21
114.045030
0
LINE
8
0
10
115.285981
20
114.045030
11
117.812060
21
115.115255
0
LINE
8
0
10
117.812060
20
115.115255
11
120.212786
21
116.410004
0
LINE
8
0
10
120.212786
20
116.410004
11
122.471779
21
117.916612
0
LINE
8
0
10
122.471779
20
117.916612
11
124.572661
21
119.622415
0
LINE
8
0
10
124.572661
20
119.622415
11
126.499054
21
121.514749
0
LINE
8
0
10
126.499054
20
121.514749
11
128.234578
21
123.580950
0
LINE
8
0
10
128.234578
20
123.580950
11
129.762854
21
125.808352
0
LINE
8
0
10
129.762854
20
125.808352
11
131.067504
21
128.184292
0
LINE
8
0
10
131.067504
20
128.184292
11
132.132149
21
130.696105
0
LINE
8
0
10
132.132149
20
130.696105
11
132.940410
21
133.331127
0
LINE
8
0
10
132.940410
20
133.331127
11
133.475908
21
136.076693
0
LINE
8
0
10
133.475908
20
136.076693
11
133.722264
21
138.920140
0
LINE
8
0
10
133.722264
20
138.920140
11
133.785772
21
140.824246
0
LINE
8
0
10
133.785772
20
140.824246
11
133.722830
21
143.845388
0
LINE
8
0
10
133.722830
20
143.845388
11
133.341415
21
146.779601
0
LINE
8
0
10
133.341415
20
146.779601
11
132.658779
21
149.611985
0
LINE
8
0
10
132.658779
20
149.611985
11
131.692173
21
152.327640
0
LINE
8
0
10
131.692173
20
152.327640
11
130.458849
21
154.911666
0
LINE
8
0
10
130.458849
20
154.911666
11
128.976059
21
157.349164
0
LINE
8
0
10
128.976059
20
157.349164
11
127.261054
21
159.625234
0
LINE
8
0
10
127.261054
20
159.625234
11
125.331085
21
161.724976
0
LINE
8
0
10
125.331085
20
161.724976
11
123.203405
21
163.633491
0
LINE
8
0
10
123.203405
20
163.633491
11
120.895266
21
165.335878
0
LINE
8
0
10
120.895266
20
165.335878
11
118.423918
21
166.817238
0
LINE
8
0
10
118.423918
20
166.817238
11
115.806613
21
168.062672
0
LINE
8
0
10
115.806613
20
168.062672
11
113.060604
21
169.057279
0
LINE
8
0
10
113.060604
20
169.057279
11
110.203140
21
169.786160
0
LINE
8
0
10
110.203140
20
169.786160
11
107.251476
21
170.234415
0
LINE
8
0
10
107.251476
20
170.234415
11
104.222861
21
170.387144
0
LINE
8
0
10
104.222861
20
170.387144
11
101.200224
21
170.234515
0
LINE
8
0
10
101.200224
20
170.234515
11
98.264902
21
169.786532
0
LINE
8
0
10
98.264902
20
169.786532
11
95.431754
21
169.058057
0
LINE
8
0
10
95.431754
20
169.058057
11
92.715640
21
168.063948
0
LINE
8
0
10
92.715640
20
168.063948
11
90.131421
21
166.819066
0
LINE
8
0
10
90.131421
20
166.819066
11
87.693955
21
165.338271
0
LINE
8
0
10
87.693955
20
165.338271
11
85.418103
21
163.636422
0
LINE
8
0
10
85.418103
20
163.636422
11
83.318725
21
161.728379
0
LINE
8
0
10
83.318725
20
161.728379
11
81.410680
21
159.629003
0
LINE
8
0
10
81.410680
20
159.629003
11
79.708829
21
157.353152
0
LINE
8
0
10
79.708829
20
157.353152
11
78.228032
21
154.915688
0
LINE
8
0
10
78.228032
20
154.915688
11
76.983149
21
152.331468
0
LINE
8
0
10
76.983149
20
152.331468
11
75.989039
21
149.615355
0
LINE
8
0
10
75.989039
20
149.615355
11
75.260562
21
146.782207
0
LINE
8
0
10
75.260562
20
146.782207
11
74.812579
21
143.846884
0
LINE
8
0
10
74.812579
20
143.846884
11
74.659949
21
140.824246
0
LINE
8
0
10
74.659949
20
140.824246
11
74.811117
21
137.767936
0
LINE
8
0
10
74.811117
20
137.767936
11
75.255137
21
134.796188
0
LINE
8
0
10
75.255137
20
134.796188
11
75.977783
21
131.923679
0
LINE
8
0
10
75.977783
20
131.923679
11
76.964826
21
129.165090
0
LINE
8
0
10
76.964826
20
129.165090
11
78.202039
21
126.535098
0
LINE
8
0
10
78.202039
20
126.535098
11
79.675196
21
124.048383
0
LINE
8
0
10
79.675196
20
124.048383
11
81.370069
21
121.719624
0
LINE
8
0
10
81.370069
20
121.719624
11
83.272431
21
119.563500
0
LINE
8
0
10
83.272431
20
119.563500
11
85.368054
21
117.594690
0
LINE
8
0
10
85.368054
20
117.594690
11
87.642712
21
115.827872
0
LINE
8
0
10
87.642712
20
115.827872
11
90.082177
21
114.277725
0
LINE
8
0
10
90.082177
20
114.277725
11
92.672222
21
112.958930
0
LINE
8
0
10
92.672222
20
112.958930
11
95.398619
21
111.886163
0
LINE
8
0
10
95.398619
20
111.886163
11
98.247142
21
111.074105
0
LINE
8
0
10
98.247142
20
111.074105
11
101.203563
21
110.537435
0
LINE
8
0
10
101.203563
20
110.537435
11
104.253655
21
110.290831
0
LINE
8
0
10
104.253655
20
110.290831
11
107.318854
21
110.346150
0
LINE
8
0
10
107.318854
20
110.346150
11
110.318495
21
110.696361
0
LINE
8
0
10
110.318495
20
110.696361
11
113.235196
21
111.327808
0
LINE
8
0
10
113.235196
20
111.327808
11
116.051580
21
112.226835
0
LINE
8
0
10
116.051580
20
112.226835
11
118.750264
21
113.379787
0
LINE
8
0
10
118.750264
20
113.379787
11
121.313870
21
114.773009
0
LINE
8
0
10
121.313870
20
114.773009
11
123.725016
21
116.392845
0
LINE
8
0
10
123.725016
20
116.392845
11
125.966324
21
118.225641
0
LINE
8
0
10
125.966324
20
118.225641
11
128.020412
21
120.257741
0
LINE
8
0
10
128.020412
20
120.257741
11
129.869902
21
122.475490
0
LINE
8
0
10
129.869902
20
122.475490
11
131.497411
21
124.865231
0
LINE
8
0
10
131.497411
20
124.865231
11
132.885562
21
127.413312
0
LINE
8
0
10
132.885562
20
127.413312
11
134.016972
21
130.106074
0
LINE
8
0
10
134.016972
20
130.106074
11
134.874264
21
132.929865
0
LINE
8
0
10
134.874264
20
132.929865
11
135.440055
21
135.871027
0
LINE
8
0
10
135.440055
20
135.871027
11
135.696966
21
138.915907
0
LINE
8
0
10
135.696966
20
138.915907
11
135.756632
21
140.824246
0
LINE
8
0
10
135.756632
20
140.824246
11
135.683515
21
144.046991
0
LINE
8
0
10
135.683515
20
144.046991
11
135.272234
21
147.176962
0
LINE
8
0
10
135.272234
20
147.176962
11
134.541033
21
150.198270
0
LINE
8
0
10
134.541033
20
150.198270
11
133.508153
21
153.095028
0
LINE
8
0
10
133.508153
20
153.095028
11
132.191837
21
155.851347
0
LINE
8
0
10
132.191837
20
155.851347
11
130.610327
21
158.451341
0
LINE
8
0
10
130.610327
20
158.451341
11
128.781865
21
160.879120
0
LINE
8
0
10
128.781865
20
160.879120
11
126.724694
21
163.118798
0
LINE
8
0
10
126.724694
20
163.118798
11
124.457056
21
165.154486
0
LINE
8
0
10
124.457056
20
165.154486
11
121.997192
21
166.970296
0
LINE
8
0
10
121.997192
20
166.970296
11
119.363347
21
168.550341
0
LINE
8
0
10
119.363347
20
168.550341
11
116.573761
21
169.878732
0
LINE
8
0
10
116.573761
20
169.878732
11
113.646677
21
170.939582
0
LINE
8
0
10
113.646677
20
170.939582
11
110.600337
21
171.717003
0
LINE
8
0
10
110.600337
20
171.717003
11
107.452985
21
172.195106
0
LINE
8
0
10
107.452985
20
172.195106
11
104.222861
21
172.358005
0
LINE
8
0
10
104.222861
20
172.358005
11
100.998715
21
172.195200
0
LINE
8
0
10
100.998715
20
172.195200
11
97.867705
21
171.717352
0
LINE
8
0
10
97.867705
20
171.717352
11
94.845681
21
170.940311
0
LINE
8
0
10
94.845681
20
170.940311
11
91.948492
21
169.879928
0
LINE
8
0
10
91.948492
20
169.879928
11
89.191991
21
168.552054
0
LINE
8
0
10
89.191991
20
168.552054
11
86.592027
21
166.972539
0
LINE
8
0
10
86.592027
20
166.972539
11
84.164452
21
165.157233
0
LINE
8
0
10
84.164452
20
165.157233
11
81.925115
21
163.121988
0
LINE
8
0
10
81.925115
20
163.121988
11
79.889867
21
160.882653
0
LINE
8
0
10
79.889867
20
160.882653
11
78.074559
21
158.455079
0
LINE
8
0
10
78.074559
20
158.455079
11
76.495042
21
155.855117
0
LINE
8
0
10
76.495042
20
155.855117
11
75.167166
21
153.098616
0
LINE
8
0
10
75.167166
20
153.098616
11
74.106782
21
150.201428
0
LINE
8
0
10
74.106782
20
150.201428
11
73.329740
21
147.179404
0
LINE
8
0
10
73.329740
20
147.179404
11
72.851891
21
144.048393
0
LINE
8
0
10
72.851891
20
144.048393
11
72.689086
21
140.824246
0
LINE
8
0
10
72.689086
20
140.824246
11
72.850413
21
137.566562
0
LINE
8
0
10
72.850413
20
137.566562
11
73.324251
21
134.399243
0
LINE
8
0
10
73.324251
20
134.399243
11
74.095387
21
131.337954
0
LINE
8
0
10
74.095387
20
131.337954
11
75.148606
21
128.398366
0
LINE
8
0
10
75.148606
20
128.398366
11
76.468694
21
125.596146
0
LINE
8
0
10
76.468694
20
125.596146
11
78.040438
21
122.946962
0
LINE
8
0
10
78.040438
20
122.946962
11
79.848623
21
120.466483
0
LINE
8
0
10
79.848623
20
120.466483
11
81.878036
21
118.170377
0
LINE
8
0
10
81.878036
20
118.170377
11
84.113462
21
116.074311
0
LINE
8
0
10
84.113462
20
116.074311
11
86.539687
21
114.193954
0
LINE
8
0
10
86.539687
20
114.193954
11
89.141498
21
112.544975
0
LINE
8
0
10
89.141498
20
112.544975
11
91.903680
21
111.143041
0
LINE
8
0
10
91.903680
20
111.143041
11
94.811019
21
110.003820
0
LINE
8
0
10
94.811019
20
110.003820
11
97.848303
21
109.142981
0
LINE
8
0
10
97.848303
20
109.142981
11
101.000315
21
108.576192
0
LINE
8
0
10
101.000315
20
108.576192
11
104.251843
21
108.319121
0
LINE
8
0
10
104.251843
20
108.319121
11
107.518539
21
108.384313
0
LINE
8
0
10
107.518539
20
108.384313
11
110.713944
21
108.764104
0
LINE
8
0
10
110.713944
20
108.764104
11
113.819679
21
109.443848
0
LINE
8
0
10
113.819679
20
109.443848
11
116.817363
21
110.408898
0
LINE
8
0
10
116.817363
20
110.408898
11
119.688615
21
111.644608
0
LINE
8
0
10
119.688615
20
111.644608
11
122.415057
21
113.136333
0
LINE
8
0
10
122.415057
20
113.136333
11
124.978308
21
114.869425
0
LINE
8
0
10
124.978308
20
114.869425
11
127.359987
21
116.829239
0
LINE
8
0
10
127.359987
20
116.829239
11
129.541714
21
119.001128
0
LINE
8
0
10
129.541714
20
119.001128
11
131.505110
21
121.370446
0
LINE
8
0
10
131.505110
20
121.370446
11
133.231794
21
123.922548
0
LINE
8
0
10
133.231794
20
123.922548
11
134.703386
21
126.642786
0
LINE
8
0
10
134.703386
20
126.642786
11
135.901506
21
129.516514
0
LINE
8
0
10
135.901506
20
129.516514
11
136.807774
21
132.529086
0
LINE
8
0
10
136.807774
20
132.529086
11
137.403809
21
135.665857
0
LINE
8
0
10
137.403809
20
135.665857
11
137.671232
21
138.912179
0
LINE
8
0
10
137.671232
20
138.912179
11
137.727493
21
140.824246
0
LINE
8
0
10
137.727493
20
140.824246
11
137.644200
21
144.248583
0
LINE
8
0
10
137.644200
20
144.248583
11
137.203054
21
147.574303
0
LINE
8
0
10
137.203054
20
147.574303
11
136.423287
21
150.784530
0
LINE
8
0
10
136.423287
20
150.784530
11
135.324133
21
153.862387
0
LINE
8
0
10
135.324133
20
153.862387
11
133.924825
21
156.790999
0
LINE
8
0
10
133.924825
20
156.790999
11
132.244595
21
159.553488
0
LINE
8
0
10
132.244595
20
159.553488
11
130.302677
21
162.132979
0
LINE
8
0
10
130.302677
20
162.132979
11
128.118302
21
164.512595
0
LINE
8
0
10
128.118302
20
164.512595
11
125.710706
21
166.675460
0
LINE
8
0
10
125.710706
20
166.675460
11
123.099119
21
168.604697
0
LINE
8
0
10
123.099119
20
168.604697
11
120.302776
21
170.283430
0
LINE
8
0
10
120.302776
20
170.283430
11
117.340909
21
171.694783
0
LINE
8
0
10
117.340909
20
171.694783
11
114.232751
21
172.821879
0
LINE
8
0
10
114.232751
20
172.821879
11
110.997535
21
173.647843
0
LINE
8
0
10
110.997535
20
173.647843
11
107.654494
21
174.155797
0
LINE
8
0
10
107.654494
20
174.155797
11
104.222861
21
174.328865
0
LINE
8
0
10
104.222861
20
174.328865
11
100.797206
21
174.155885
0
LINE
8
0
10
100.797206
20
174.155885
11
97.470508
21
173.648171
0
LINE
8
0
10
97.470508
20
173.648171
11
94.259607
21
172.822565
0
LINE
8
0
10
94.259607
20
172.822565
11
91.181345
21
171.695909
0
LINE
8
0
10
91.181345
20
171.695909
11
88.252562
21
170.285042
0
LINE
8
0
10
88.252562
20
170.285042
11
85.490101
21
168.606807
0
LINE
8
0
10
85.490101
20
168.606807
11
82.910802
21
166.678045
0
LINE
8
0
10
82.910802
20
166.678045
11
80.531506
21
164.515597
0
LINE
8
0
10
80.531506
20
164.515597
11
78.369056
21
162.136303
0
LINE
8
0
10
78.369056
20
162.136303
11
76.440291
21
159.557006
0
LINE
8
0
10
76.440291
20
159.557006
11
74.762054
21
156.794545
0
LINE
8
0
10
74.762054
20
156.794545
11
73.351186
21
153.865764
0
LINE
8
0
10
73.351186
20
153.865764
11
72.224528
21
150.787502
0
LINE
8
0
10
72.224528
20
150.787502
11
71.398921
21
147.576601
0
LINE
8
0
10
71.398921
20
147.576601
11
70.891206
21
144.249902
0
LINE
8
0
10
70.891206
20
144.249902
11
70.718226
21
140.824246
0
LINE
8
0
10
70.718226
20
140.824246
11
70.889713
21
137.365173
0
LINE
8
0
10
70.889713
20
137.365173
11
71.393373
21
134.002269
0
LINE
8
0
10
71.393373
20
134.002269
11
72.213007
21
130.752190
0
LINE
8
0
10
72.213007
20
130.752190
11
73.332412
21
127.631594
0
LINE
8
0
10
73.332412
20
127.631594
11
74.735388
21
124.657140
0
LINE
8
0
10
74.735388
20
124.657140
11
76.405733
21
121.845484
0
LINE
8
0
10
76.405733
20
121.845484
11
78.327246
21
119.213283
0
LINE
8
0
10
78.327246
20
119.213283
11
80.483726
21
116.777197
0
LINE
8
0
10
80.483726
20
116.777197
11
82.858971
21
114.553881
0
LINE
8
0
10
82.858971
20
114.553881
11
85.436781
21
112.559994
0
LINE
8
0
10
85.436781
20
112.559994
11
88.200955
21
110.812194
0
LINE
8
0
10
88.200955
20
110.812194
11
91.135291
21
109.327137
0
LINE
8
0
10
91.135291
20
109.327137
11
94.223587
21
108.121482
0
LINE
8
0
10
94.223587
20
108.121482
11
97.449644
21
107.211885
0
LINE
8
0
10
97.449644
20
107.211885
11
100.797259
21
106.615005
0
LINE
8
0
10
100.797259
20
106.615005
11
104.250232
21
106.347499
0
LINE
8
0
10
104.250232
20
106.347499
11
107.718427
21
106.422597
0
LINE
8
0
10
107.718427
20
106.422597
11
111.109589
21
106.832000
0
LINE
8
0
10
111.109589
20
106.832000
11
114.404340
21
107.560071
0
LINE
8
0
10
114.404340
20
107.560071
11
117.583300
21
108.591172
0
LINE
8
0
10
117.583300
20
108.591172
11
120.627090
21
109.909668
0
LINE
8
0
10
120.627090
20
109.909668
11
123.516331
21
111.499920
0
LINE
8
0
10
123.516331
20
111.499920
11
126.231644
21
113.346291
0
LINE
8
0
10
126.231644
20
113.346291
11
128.753650
21
115.433144
0
LINE
8
0
10
128.753650
20
115.433144
11
131.062968
21
117.744843
0
LINE
8
0
10
131.062968
20
117.744843
11
133.140222
21
120.265749
0
LINE
8
0
10
133.140222
20
120.265749
11
134.966030
21
122.980226
0
LINE
8
0
10
134.966030
20
122.980226
11
136.521015
21
125.872636
0
LINE
8
0
10
136.521015
20
125.872636
11
137.785796
21
128.927343
0
LINE
8
0
10
137.785796
20
128.927343
11
138.740995
21
132.128710
0
LINE
8
0
10
138.740995
20
132.128710
11
139.367232
21
135.461098
0
LINE
8
0
10
139.367232
20
135.461098
11
139.645129
21
138.908871
0
LINE
8
0
10
139.645129
20
138.908871
11
139.698353
21
140.824246
0
LINE
8
0
10
139.698353
20
140.824246
11
139.604885
21
144.450165
0
LINE
8
0
10
139.604885
20
144.450165
11
139.133873
21
147.971628
0
LINE
8
0
10
139.133873
20
147.971628
11
138.305542
21
151.370768
0
LINE
8
0
10
138.305542
20
151.370768
11
137.140114
21
154.629723
0
LINE
8
0
10
137.140114
20
154.629723
11
135.657813
21
157.730625
0
LINE
8
0
10
135.657813
20
157.730625
11
133.878863
21
160.655610
0
LINE
8
0
10
133.878863
20
160.655610
11
131.823488
21
163.386814
0
LINE
8
0
10
131.823488
20
163.386814
11
129.511911
21
165.906370
0
LINE
8
0
10
129.511911
20
165.906370
11
126.964356
21
168.196415
0
LINE
8
0
10
126.964356
20
168.196415
11
124.201046
21
170.239082
0
LINE
8
0
10
124.201046
20
170.239082
11
121.242205
21
172.016508
0
LINE
8
0
10
121.242205
20
172.016508
11
118.108056
21
173.510826
0
LINE
8
0
10
118.108056
20
173.510826
11
114.818824
21
174.704172
0
LINE
8
0
10
114.818824
20
174.704172
11
111.394732
21
175.578680
0
LINE
8
0
10
111.394732
20
175.578680
11
107.856003
21
176.116486
0
LINE
8
0
10
107.856003
20
176.116486
11
104.222861
21
176.299725
0
LINE
8
0
10
104.222861
20
176.299725
11
100.595697
21
176.116569
0
LINE
8
0
10
100.595697
20
176.116569
11
97.073311
21
175.578990
0
LINE
8
0
10
97.073311
20
175.578990
11
93.673534
21
174.704820
0
LINE
8
0
10
93.673534
20
174.704820
11
90.414197
21
173.511889
0
LINE
8
0
10
90.414197
20
173.511889
11
87.313133
21
172.018031
0
LINE
8
0
10
87.313133
20
172.018031
11
84.388174
21
170.241076
0
LINE
8
0
10
84.388174
20
170.241076
11
81.657151
21
168.198857
0
LINE
8
0
10
81.657151
20
168.198857
11
79.137897
21
165.909206
0
LINE
8
0
10
79.137897
20
165.909206
11
76.848244
21
163.389954
0
LINE
8
0
10
76.848244
20
163.389954
11
74.806023
21
160.658933
0
LINE
8
0
10
74.806023
20
160.658933
11
73.029066
21
157.733976
0
LINE
8
0
10
73.029066
20
157.733976
11
71.535206
21
154.632913
0
LINE
8
0
10
71.535206
20
154.632913
11
70.342274
21
151.373576
0
LINE
8
0
10
70.342274
20
151.373576
11
69.468102
21
147.973799
0
LINE
8
0
10
69.468102
20
147.973799
11
68.930522
21
144.451411
0
LINE
8
0
10
68.930522
20
144.451411
11
68.747366
21
140.824246
0
LINE
8
0
10
68.747366
20
140.824246
11
68.929014
21
137.163772
0
LINE
8
0
10
68.929014
20
137.163772
11
69.462502
21
133.605272
0
LINE
8
0
10
69.462502
20
133.605272
11
70.330641
21
130.166394
0
LINE
8
0
10
70.330641
20
130.166394
11
71.516242
21
126.864785
0
LINE
8
0
10
71.516242
20
126.864785
11
73.002116
21
123.718091
0
LINE
8
0
10
73.002116
20
123.718091
11
74.771075
21
120.743960
0
LINE
8
0
10
74.771075
20
120.743960
11
76.805929
21
117.960038
0
LINE
8
0
10
76.805929
20
117.960038
11
79.089491
21
115.383974
0
LINE
8
0
10
79.089491
20
115.383974
11
81.604571
21
113.033414
0
LINE
8
0
10
81.604571
20
113.033414
11
84.333980
21
110.926004
0
LINE
8
0
10
84.333980
20
110.926004
11
87.260531
21
109.079393
0
LINE
8
0
10
87.260531
20
109.079393
11
90.367033
21
107.511227
0
LINE
8
0
10
90.367033
20
107.511227
11
93.636300
21
106.239153
0
LINE
8
0
10
93.636300
20
106.239153
11
97.051141
21
105.280819
0
LINE
8
0
10
97.051141
20
105.280819
11
100.594368
21
104.653871
0
LINE
8
0
10
100.594368
20
104.653871
11
104.248792
21
104.375956
0
LINE
8
0
10
104.248792
20
104.375956
11
107.918487
21
104.460988
0
LINE
8
0
10
107.918487
20
104.460988
11
111.505399
21
104.900031
0
LINE
8
0
10
111.505399
20
104.900031
11
114.989152
21
105.676454
0
LINE
8
0
10
114.989152
20
105.676454
11
118.349367
21
106.773631
0
LINE
8
0
10
118.349367
20
106.773631
11
121.565667
21
108.174934
0
LINE
8
0
10
121.565667
20
108.174934
11
124.617676
21
109.863734
0
LINE
8
0
10
124.617676
20
109.863734
11
127.485016
21
111.823403
0
LINE
8
0
10
127.485016
20
111.823403
11
130.147310
21
114.037314
0
LINE
8
0
10
130.147310
20
114.037314
11
132.584180
21
116.488837
0
LINE
8
0
10
132.584180
20
116.488837
11
134.775249
21
119.161346
0
LINE
8
0
10
134.775249
20
119.161346
11
136.700139
21
122.038212
0
LINE
8
0
10
136.700139
20
122.038212
11
138.338475
21
125.102807
0
LINE
8
0
10
138.338475
20
125.102807
11
139.669877
21
128.338503
0
LINE
8
0
10
139.669877
20
128.338503
11
140.673970
21
131.728672
0
LINE
8
0
10
140.673970
20
131.728672
11
141.330375
21
135.256686
0
LINE
8
0
10
141.330375
20
135.256686
11
141.618715
21
138.905916
0
LINE
8
0
10
141.618715
20
138.905916
11
141.669213
21
140.824246
0
LINE
8
0
10
141.669213
20
140.824246
11
141.565570
21
144.651740
0
LINE
8
0
10
141.565570
20
144.651740
11
141.064693
21
148.368939
0
LINE
8
0
10
141.064693
20
148.368939
11
140.187796
21
151.956990
0
LINE
8
0
10
140.187796
20
151.956990
11
138.956094
21
155.397039
0
LINE
8
0
10
138.956094
20
155.397039
11
137.390801
21
158.670231
0
LINE
8
0
10
137.390801
20
158.670231
11
135.513132
21
161.757713
0
LINE
8
0
10
135.513132
20
161.757713
11
133.344300
21
164.640630
0
LINE
8
0
10
133.344300
20
164.640630
11
130.905520
21
167.300129
0
LINE
8
0
10
130.905520
20
167.300129
11
128.218006
21
169.717356
0
LINE
8
0
10
128.218006
20
169.717356
11
125.302972
21
171.873456
0
LINE
8
0
10
125.302972
20
171.873456
11
122.181634
21
173.749576
0
LINE
8
0
10
122.181634
20
173.749576
11
118.875204
21
175.326862
0
LINE
8
0
10
118.875204
20
175.326862
11
115.404898
21
176.586460
0
LINE
8
0
10
115.404898
20
176.586460
11
111.791929
21
177.509516
0
LINE
8
0
10
111.791929
20
177.509516
11
108.057512
21
178.077176
0
LINE
8
0
10
108.057512
20
178.077176
11
104.222861
21
178.270585
0
LINE
8
0
10
104.222861
20
178.270585
11
100.394188
21
178.077254
0
LINE
8
0
10
100.394188
20
178.077254
11
96.676114
21
177.509810
0
LINE
8
0
10
96.676114
20
177.509810
11
93.087460
21
176.587074
0
LINE
8
0
10
93.087460
20
176.587074
11
89.647049
21
175.327869
0
LINE
8
0
10
89.647049
20
175.327869
11
86.373704
21
173.751019
0
LINE
8
0
10
86.373704
20
173.751019
11
83.286247
21
171.875344
0
LINE
8
0
10
83.286247
20
171.875344
11
80.403501
21
169.719669
0
LINE
8
0
10
80.403501
20
169.719669
11
77.744289
21
167.302815
0
LINE
8
0
10
77.744289
20
167.302815
11
75.327432
21
164.643604
0
LINE
8
0
10
75.327432
20
164.643604
11
73.171755
21
161.760860
0
LINE
8
0
10
73.171755
20
161.760860
11
71.296078
21
158.673405
0
LINE
8
0
10
71.296078
20
158.673405
11
69.719226
21
155.400060
0
LINE
8
0
10
69.719226
20
155.400060
11
68.460019
21
151.959650
0
LINE
8
0
10
68.460019
20
151.959650
11
67.537282
21
148.370996
0
LINE
8
0
10
67.537282
20
148.370996
11
66.969837
21
144.652920
0
LINE
8
0
10
66.969837
20
144.652920
11
66.776505
21
140.824246
0
LINE
8
0
10
66.776505
20
140.824246
11
66.968317
21
136.962360
0
LINE
8
0
10
66.968317
20
136.962360
11
67.531637
21
133.208256
0
LINE
8
0
10
67.531637
20
133.208256
11
68.448287
21
129.580571
0
LINE
8
0
10
68.448287
20
129.580571
11
69.700091
21
126.097941
0
LINE
8
0
10
69.700091
20
126.097941
11
71.268873
21
122.779004
0
LINE
8
0
10
71.268873
20
122.779004
11
73.136456
21
119.642395
0
LINE
8
0
10
73.136456
20
119.642395
11
75.284663
21
116.706753
0
LINE
8
0
10
75.284663
20
116.706753
11
77.695318
21
113.990712
0
LINE
8
0
10
77.695318
20
113.990712
11
80.350245
21
111.512911
0
LINE
8
0
10
80.350245
20
111.512911
11
83.231266
21
109.291986
0
LINE
8
0
10
83.231266
20
109.291986
11
86.320206
21
107.346573
0
LINE
8
0
10
86.320206
20
107.346573
11
89.598887
21
105.695310
0
LINE
8
0
10
89.598887
20
105.695310
11
93.049133
21
104.356832
0
LINE
8
0
10
93.049133
20
104.356832
11
96.652767
21
103.349777
0
LINE
8
0
10
96.652767
20
103.349777
11
100.391614
21
102.692781
0
LINE
8
0
10
100.391614
20
102.692781
11
104.247496
21
102.404482
0
LINE
8
0
10
104.247496
20
102.404482
11
108.118692
21
102.499473
0
LINE
8
0
10
108.118692
20
102.499473
11
111.901348
21
102.968176
0
LINE
8
0
10
111.901348
20
102.968176
11
115.574090
21
103.792974
0
LINE
8
0
10
115.574090
20
103.792974
11
119.115542
21
104.956246
0
LINE
8
0
10
119.115542
20
104.956246
11
122.504331
21
106.440374
0
LINE
8
0
10
122.504331
20
106.440374
11
125.719082
21
108.227740
0
LINE
8
0
10
125.719082
20
108.227740
11
128.738419
21
110.300723
0
LINE
8
0
10
128.738419
20
110.300723
11
131.540969
21
112.641706
0
LINE
8
0
10
131.540969
20
112.641706
11
134.105356
21
115.233068
0
LINE
8
0
10
134.105356
20
115.233068
11
136.410205
21
118.057192
0
LINE
8
0
10
136.410205
20
118.057192
11
138.434143
21
121.096458
0
LINE
8
0
10
138.434143
20
121.096458
11
140.155794
21
124.333247
0
LINE
8
0
10
140.155794
20
124.333247
11
141.553783
21
127.749941
0
LINE
8
0
10
141.553783
20
127.749941
11
142.606736
21
131.328919
0
LINE
8
0
10
142.606736
20
131.328919
11
143.293279
21
135.052565
0
LINE
8
0
10
143.293279
20
135.052565
11
143.592036
21
138.903257
0
LINE
8
0
10
143.592036
20
138.903257
11
143.640076
21
140.824246
0
LINE
8
0
10
143.640076
20
140.824246
11
143.526257
21
144.853308
0
LINE
8
0
10
143.526257
20
144.853308
11
142.995515
21
148.766240
0
LINE
8
0
10
142.995515
20
148.766240
11
142.070053
21
152.543197
0
LINE
8
0
10
142.070053
20
152.543197
11
140.772077
21
156.164338
0
LINE
8
0
10
140.772077
20
156.164338
11
139.123792
21
159.609819
0
LINE
8
0
10
139.123792
20
159.609819
11
137.147402
21
162.859797
0
LINE
8
0
10
137.147402
20
162.859797
11
134.865114
21
165.894429
0
LINE
8
0
10
134.865114
20
165.894429
11
132.299131
21
168.693872
0
LINE
8
0
10
132.299131
20
168.693872
11
129.471658
21
171.238283
0
LINE
8
0
10
129.471658
20
171.238283
11
126.404901
21
173.507819
0
LINE
8
0
10
126.404901
20
173.507819
11
123.121064
21
175.482637
0
LINE
8
0
10
123.121064
20
175.482637
11
119.642353
21
177.142893
0
LINE
8
0
10
119.642353
20
177.142893
11
115.990972
21
178.468745
0
LINE
8
0
10
115.990972
20
178.468745
11
112.189127
21
179.440350
0
LINE
8
0
10
112.189127
20
179.440350
11
108.259021
21
180.037865
0
LINE
8
0
10
108.259021
20
180.037865
11
104.222861
21
180.241446
0
LINE
8
0
10
104.222861
20
180.241446
11
100.192679
21
180.037939
0
LINE
8
0
10
100.192679
20
180.037939
11
96.278917
21
179.440629
0
LINE
8
0
10
96.278917
20
179.440629
11
92.501387
21
178.469328
0
LINE
8
0
10
92.501387
20
178.469328
11
88.879902
21
177.143850
0
LINE
8
0
10
88.879902
20
177.143850
11
85.434275
21
175.484007
0
LINE
8
0
10
85.434275
20
175.484007
11
82.184321
21
173.509613
0
LINE
8
0
10
82.184321
20
173.509613
11
79.149851
21
171.240481
0
LINE
8
0
10
79.149851
20
171.240481
11
76.350680
21
168.696424
0
LINE
8
0
10
76.350680
20
168.696424
11
73.806621
21
165.897255
0
LINE
8
0
10
73.806621
20
165.897255
11
71.537486
21
162.862788
0
LINE
8
0
10
71.537486
20
162.862788
11
69.563090
21
159.612835
0
LINE
8
0
10
69.563090
20
159.612835
11
67.903245
21
156.167209
0
LINE
8
0
10
67.903245
20
156.167209
11
66.577765
21
152.545724
0
LINE
8
0
10
66.577765
20
152.545724
11
65.606463
21
148.768194
0
LINE
8
0
10
65.606463
20
148.768194
11
65.009152
21
144.854430
0
LINE
8
0
10
65.009152
20
144.854430
11
64.805645
21
140.824246
0
LINE
8
0
10
64.805645
20
140.824246
11
65.007621
21
136.760938
0
LINE
8
0
10
65.007621
20
136.760938
11
65.600775
21
132.811222
0
LINE
8
0
10
65.600775
20
132.811222
11
66.565941
21
128.994723
0
LINE
8
0
10
66.565941
20
128.994723
11
67.883955
21
125.331068
0
LINE
8
0
10
67.883955
20
125.331068
11
69.535653
21
121.839884
0
LINE
8
0
10
69.535653
20
121.839884
11
71.501869
21
118.540796
0
LINE
8
0
10
71.501869
20
118.540796
11
73.763439
21
115.453432
0
LINE
8
0
10
73.763439
20
115.453432
11
76.301198
21
112.597417
0
LINE
8
0
10
76.301198
20
112.597417
11
79.095982
21
109.992379
0
LINE
8
0
10
79.095982
20
109.992379
11
82.128625
21
107.657943
0
LINE
8
0
10
82.128625
20
107.657943
11
85.379964
21
105.613736
0
LINE
8
0
10
85.379964
20
105.613736
11
88.830834
21
103.879385
0
LINE
8
0
10
88.830834
20
103.879385
11
92.462069
21
102.474515
0
LINE
8
0
10
92.462069
20
102.474515
11
96.254506
21
101.418755
0
LINE
8
0
10
96.254506
20
101.418755
11
100.188979
21
100.731728
0
LINE
8
0
10
100.188979
20
100.731728
11
104.246324
21
100.433063
0
LINE
8
0
10
104.246324
20
100.433063
11
108.319022
21
100.538033
0
LINE
8
0
10
108.319022
20
100.538033
11
112.297417
21
101.036417
0
LINE
8
0
10
112.297417
20
101.036417
11
116.159139
21
101.909606
0
LINE
8
0
10
116.159139
20
101.909606
11
119.881814
21
103.138991
0
LINE
8
0
10
119.881814
20
103.138991
11
123.443073
21
104.705961
0
LINE
8
0
10
123.443073
20
104.705961
11
126.820543
21
106.591907
0
LINE
8
0
10
126.820543
20
106.591907
11
129.991853
21
108.778219
0
LINE
8
0
10
129.991853
20
108.778219
11
132.934630
21
111.246287
0
LINE
8
0
10
132.934630
20
111.246287
11
135.626505
21
113.977500
0
LINE
8
0
10
135.626505
20
113.977500
11
138.045105
21
116.953250
0
LINE
8
0
10
138.045105
20
116.953250
11
140.168059
21
120.154926
0
LINE
8
0
10
140.168059
20
120.154926
11
141.972994
21
123.563919
0
LINE
8
0
10
141.972994
20
123.563919
11
143.437541
21
127.161618
0
LINE
8
0
10
143.437541
20
127.161618
11
144.539327
21
130.929414
0
LINE
8
0
10
144.539327
20
130.929414
11
145.255980
21
134.848697
0
LINE
8
0
10
145.255980
20
134.848697
11
145.565129
21
138.900857
0
LINE
8
0
10
145.565129
20
138.900857
11
145.610936
21
140.824246
0
LINE
8
0
10
145.610936
20
140.824246
11
145.486942
21
145.054871
0
LINE
8
0
10
145.486942
20
145.054871
11
144.926334
21
149.163530
0
LINE
8
0
10
144.926334
20
149.163530
11
143.952307
21
153.129392
0
LINE
8
0
10
143.952307
20
153.129392
11
142.588057
21
156.931623
0
LINE
8
0
10
142.588057
20
156.931623
11
140.856780
21
160.549392
0
LINE
8
0
10
140.856780
20
160.549392
11
138.781671
21
163.961867
0
LINE
8
0
10
138.781671
20
163.961867
11
136.385925
21
167.148215
0
LINE
8
0
10
136.385925
20
167.148215
11
133.692739
21
170.087603
0
LINE
8
0
10
133.692739
20
170.087603
11
130.725308
21
172.759200
0
LINE
8
0
10
130.725308
20
172.759200
11
127.506828
21
175.142173
0
LINE
8
0
10
127.506828
20
175.142173
11
124.060493
21
177.215690
0
LINE
8
0
10
124.060493
20
177.215690
11
120.409501
21
178.958919
0
LINE
8
0
10
120.409501
20
178.958919
11
116.577046
21
180.351027
0
LINE
8
0
10
116.577046
20
180.351027
11
112.586324
21
181.371183
0
LINE
8
0
10
112.586324
20
181.371183
11
108.460530
21
181.998553
0
LINE
8
0
10
108.460530
20
181.998553
11
104.222861
21
182.212306
0
LINE
8
0
10
104.222861
20
182.212306
11
99.991170
21
181.998624
0
LINE
8
0
10
99.991170
20
181.998624
11
95.881720
21
181.371449
0
LINE
8
0
10
95.881720
20
181.371449
11
91.915313
21
180.351583
0
LINE
8
0
10
91.915313
20
180.351583
11
88.112753
21
178.959830
0
LINE
8
0
10
88.112753
20
178.959830
11
84.494846
21
177.216995
0
LINE
8
0
10
84.494846
20
177.216995
11
81.082393
21
175.143882
0
LINE
8
0
10
81.082393
20
175.143882
11
77.896200
21
172.761293
0
LINE
8
0
10
77.896200
20
172.761293
11
74.957070
21
170.090033
0
LINE
8
0
10
74.957070
20
170.090033
11
72.285808
21
167.150905
0
LINE
8
0
10
72.285808
20
167.150905
11
69.903216
21
163.964715
0
LINE
8
0
10
69.903216
20
163.964715
11
67.830100
21
160.552264
0
LINE
8
0
10
67.830100
20
160.552264
11
66.087263
21
156.934357
0
LINE
8
0
10
66.087263
20
156.934357
11
64.695508
21
153.131798
0
LINE
8
0
10
64.695508
20
153.131798
11
63.675641
21
149.165391
0
LINE
8
0
10
63.675641
20
149.165391
11
63.048464
21
145.055939
0
LINE
8
0
10
63.048464
20
145.055939
11
62.834782
21
140.824246
0
LINE
8
0
10
62.834782
20
140.824246
11
63.046924
21
136.559510
0
LINE
8
0
10
63.046924
20
136.559510
11
63.669916
21
132.414174
0
LINE
8
0
10
63.669916
20
132.414174
11
64.683603
21
128.408856
0
LINE
8
0
10
64.683603
20
128.408856
11
66.067833
21
124.564172
0
LINE
8
0
10
66.067833
20
124.564172
11
67.802453
21
120.900737
0
LINE
8
0
10
67.802453
20
120.900737
11
69.867311
21
117.439169
0
LINE
8
0
10
69.867311
20
117.439169
11
72.242252
21
114.200083
0
LINE
8
0
10
72.242252
20
114.200083
11
74.907124
21
111.204095
0
LINE
8
0
10
74.907124
20
111.204095
11
77.841774
21
108.471823
0
LINE
8
0
10
77.841774
20
108.471823
11
81.026049
21
106.023882
0
LINE
8
0
10
81.026049
20
106.023882
11
84.439796
21
103.880888
0
LINE
8
0
10
84.439796
20
103.880888
11
88.062862
21
102.063457
0
LINE
8
0
10
88.062862
20
102.063457
11
91.875094
21
100.592207
0
LINE
8
0
10
91.875094
20
100.592207
11
95.856339
21
99.487753
0
LINE
8
0
10
95.856339
20
99.487753
11
99.986443
21
98.770711
0
LINE
8
0
10
99.986443
20
98.770711
11
104.245255
21
98.461698
0
LINE
8
0
10
104.245255
20
98.461698
11
108.519456
21
98.576663
0
LINE
8
0
10
108.519456
20
98.576663
11
112.693586
21
99.104745
0
LINE
8
0
10
112.693586
20
99.104745
11
116.744277
21
100.026342
0
LINE
8
0
10
116.744277
20
100.026342
11
120.648160
21
101.321854
0
LINE
8
0
10
120.648160
20
101.321854
11
124.381870
21
102.971680
0
LINE
8
0
10
124.381870
20
102.971680
11
127.922038
21
104.956219
0
LINE
8
0
10
127.922038
20
104.956219
11
131.245296
21
107.255871
0
LINE
8
0
10
131.245296
20
107.255871
11
134.328276
21
109.851034
0
LINE
8
0
10
134.328276
20
109.851034
11
137.147612
21
112.722109
0
LINE
8
0
10
137.147612
20
112.722109
11
139.679935
21
115.849493
0
LINE
8
0
10
139.679935
20
115.849493
11
141.901878
21
119.213587
0
LINE
8
0
10
141.901878
20
119.213587
11
143.790073
21
122.794790
0
LINE
8
0
10
143.790073
20
122.794790
11
145.321152
21
126.573501
0
LINE
8
0
10
145.321152
20
126.573501
11
146.471749
21
130.530119
0
LINE
8
0
10
146.471749
20
130.530119
11
147.218494
21
134.645044
0
LINE
8
0
10
147.218494
20
134.645044
11
147.538021
21
138.898674
0
LINE
8
0
10
147.538021
20
138.898674
11
147.581797
21
140.824246
0
LINE
8
0
10
147.581797
20
140.824246
11
147.447629
21
145.256429
0
LINE
8
0
10
147.447629
20
145.256429
11
146.857156
21
149.560812
0
LINE
8
0
10
146.857156
20
149.560812
11
145.834565
21
153.715575
0
LINE
8
0
10
145.834565
20
153.715575
11
144.404042
21
157.698896
0
LINE
8
0
10
144.404042
20
157.698896
11
142.589772
21
161.488952
0
LINE
8
0
10
142.589772
20
161.488952
11
140.415943
21
165.063923
0
LINE
8
0
10
140.415943
20
165.063923
11
137.906741
21
168.401987
0
LINE
8
0
10
137.906741
20
168.401987
11
135.086352
21
171.481321
0
LINE
8
0
10
135.086352
20
171.481321
11
131.978962
21
174.280106
0
LINE
8
0
10
131.978962
20
174.280106
11
128.608757
21
176.776518
0
LINE
8
0
10
128.608757
20
176.776518
11
124.999925
21
178.948736
0
LINE
8
0
10
124.999925
20
178.948736
11
121.176650
21
180.774939
0
LINE
8
0
10
121.176650
20
180.774939
11
117.163120
21
182.233305
0
LINE
8
0
10
117.163120
20
182.233305
11
112.983521
21
183.302012
0
LINE
8
0
10
112.983521
20
183.302012
11
108.662039
21
183.959239
0
LINE
8
0
10
108.662039
20
183.959239
11
104.222861
21
184.183163
0
LINE
8
0
10
104.222861
20
184.183163
11
99.789661
21
183.959307
0
LINE
8
0
10
99.789661
20
183.959307
11
95.484522
21
183.302266
0
LINE
8
0
10
95.484522
20
183.302266
11
91.329238
21
182.233835
0
LINE
8
0
10
91.329238
20
182.233835
11
87.345605
21
180.775809
0
LINE
8
0
10
87.345605
20
180.775809
11
83.555415
21
178.949982
0
LINE
8
0
10
83.555415
20
178.949982
11
79.980465
21
176.778149
0
LINE
8
0
10
79.980465
20
176.778149
11
76.642549
21
174.282104
0
LINE
8
0
10
76.642549
20
174.282104
11
73.563461
21
171.483641
0
LINE
8
0
10
73.563461
20
171.483641
11
70.764995
21
168.404556
0
LINE
8
0
10
70.764995
20
168.404556
11
68.268947
21
165.066641
0
LINE
8
0
10
68.268947
20
165.066641
11
66.097112
21
161.491693
0
LINE
8
0
10
66.097112
20
161.491693
11
64.271282
21
157.701505
0
LINE
8
0
10
64.271282
20
157.701505
11
62.813254
21
153.717872
0
LINE
8
0
10
62.813254
20
153.717872
11
61.744821
21
149.562588
0
LINE
8
0
10
61.744821
20
149.562588
11
61.087779
21
145.257448
0
LINE
8
0
10
61.087779
20
145.257448
11
60.863922
21
140.824246
0
LINE
8
0
10
60.863922
20
140.824246
11
61.086231
21
136.358074
0
LINE
8
0
10
61.086231
20
136.358074
11
61.739062
21
132.017114
0
LINE
8
0
10
61.739062
20
132.017114
11
62.801274
21
127.822972
0
LINE
8
0
10
62.801274
20
127.822972
11
64.251726
21
123.797254
0
LINE
8
0
10
64.251726
20
123.797254
11
66.069275
21
119.961567
0
LINE
8
0
10
66.069275
20
119.961567
11
68.232780
21
116.337517
0
LINE
8
0
10
68.232780
20
116.337517
11
70.721100
21
112.946710
0
LINE
8
0
10
70.721100
20
112.946710
11
73.513093
21
109.810751
0
LINE
8
0
10
73.513093
20
109.810751
11
76.587618
21
106.951248
0
LINE
8
0
10
76.587618
20
106.951248
11
79.923533
21
104.389805
0
LINE
8
0
10
79.923533
20
104.389805
11
83.499696
21
102.148030
0
LINE
8
0
10
83.499696
20
102.148030
11
87.294966
21
100.247529
0
LINE
8
0
10
87.294966
20
100.247529
11
91.288201
21
98.709907
0
LINE
8
0
10
91.288201
20
98.709907
11
95.458260
21
97.556771
0
LINE
8
0
10
95.458260
20
97.556771
11
99.784002
21
96.809726
0
LINE
8
0
10
99.784002
20
96.809726
11
104.244284
21
96.490380
0
LINE
8
0
10
104.244284
20
96.490380
11
108.719988
21
96.615357
0
LINE
8
0
10
108.719988
20
96.615357
11
113.089848
21
97.173151
0
LINE
8
0
10
113.089848
20
97.173151
11
117.329501
21
98.143169
0
LINE
8
0
10
117.329501
20
98.143169
11
121.414584
21
99.504821
0
LINE
8
0
10
121.414584
20
99.504821
11
125.320732
21
101.237514
0
LINE
8
0
10
125.320732
20
101.237514
11
129.023583
21
103.320657
0
LINE
8
0
10
129.023583
20
103.320657
11
132.498772
21
105.733659
0
LINE
8
0
10
132.498772
20
105.733659
11
135.721937
21
108.455927
0
LINE
8
0
10
135.721937
20
108.455927
11
138.668713
21
111.466871
0
LINE
8
0
10
138.668713
20
111.466871
11
141.314738
21
114.745898
0
LINE
8
0
10
141.314738
20
114.745898
11
143.635647
21
118.272417
0
LINE
8
0
10
143.635647
20
118.272417
11
145.607078
21
122.025836
0
LINE
8
0
10
145.607078
20
122.025836
11
147.204667
21
125.985564
0
LINE
8
0
10
147.204667
20
125.985564
11
148.404050
21
130.131009
0
LINE
8
0
10
148.404050
20
130.131009
11
149.180863
21
134.441580
0
LINE
8
0
10
149.180863
20
134.441580
11
149.510744
21
138.896685
0
LINE
8
0
10
149.510744
20
138.896685
11
149.552657
21
140.824246
0
LINE
8
0
10
149.552657
20
140.824246
11
149.408291
21
145.457720
0
LINE
8
0
10
149.408291
20
145.457720
11
148.787906
21
149.957550
0
LINE
8
0
10
148.787906
20
149.957550
11
147.716685
21
154.300927
0
LINE
8
0
10
147.716685
20
154.300927
11
146.219811
21
158.465046
0
LINE
8
0
10
146.219811
20
158.465046
11
144.322466
21
162.427098
0
LINE
8
0
10
144.322466
20
162.427098
11
142.049833
21
166.164278
0
LINE
8
0
10
142.049833
20
166.164278
11
139.427095
21
169.653779
0
LINE
8
0
10
139.427095
20
169.653779
11
136.479434
21
172.872793
0
LINE
8
0
10
136.479434
20
172.872793
11
133.232034
21
175.798513
0
LINE
8
0
10
133.232034
20
175.798513
11
129.710076
21
178.408133
0
LINE
8
0
10
129.710076
20
178.408133
11
125.938744
21
180.678846
0
LINE
8
0
10
125.938744
20
180.678846
11
121.943220
21
182.587845
0
LINE
8
0
10
121.943220
20
182.587845
11
117.748687
21
184.112322
0
LINE
8
0
10
117.748687
20
184.112322
11
113.380328
21
185.229472
0
LINE
8
0
10
113.380328
20
185.229472
11
108.863325
21
185.916487
0
LINE
8
0
10
108.863325
20
185.916487
11
104.222861
21
186.150560
0
LINE
8
0
10
104.222861
20
186.150560
11
99.588385
21
185.916552
0
LINE
8
0
10
99.588385
20
185.916552
11
95.087752
21
185.229715
0
LINE
8
0
10
95.087752
20
185.229715
11
90.743748
21
184.112829
0
LINE
8
0
10
90.743748
20
184.112829
11
86.579161
21
182.588677
0
LINE
8
0
10
86.579161
20
182.588677
11
82.616777
21
180.680038
0
LINE
8
0
10
82.616777
20
180.680038
11
78.879384
21
178.409693
0
LINE
8
0
10
78.879384
20
178.409693
11
75.389768
21
175.800424
0
LINE
8
0
10
75.389768
20
175.800424
11
72.170716
21
172.875011
0
LINE
8
0
10
72.170716
20
172.875011
11
69.245016
21
169.656236
0
LINE
8
0
10
69.245016
20
169.656236
11
66.635454
21
166.166878
0
LINE
8
0
10
66.635454
20
166.166878
11
64.364818
21
162.429720
0
LINE
8
0
10
64.364818
20
162.429720
11
62.455894
21
158.467541
0
LINE
8
0
10
62.455894
20
158.467541
11
60.931469
21
154.303124
0
LINE
8
0
10
60.931469
20
154.303124
11
59.814331
21
149.959248
0
LINE
8
0
10
59.814331
20
149.959248
11
59.127266
21
145.458695
0
LINE
8
0
10
59.127266
20
145.458695
11
58.893062
21
140.824246
0
LINE
8
0
10
58.893062
20
140.824246
11
59.125363
21
136.156631
0
LINE
8
0
10
59.125363
20
136.156631
11
59.807906
21
131.620041
0
LINE
8
0
10
59.807906
20
131.620041
11
60.918557
21
127.237070
0
LINE
8
0
10
60.918557
20
127.237070
11
62.435180
21
123.030315
0
LINE
8
0
10
62.435180
20
123.030315
11
64.335640
21
119.022373
0
LINE
8
0
10
64.335640
20
119.022373
11
66.597803
21
115.235839
0
LINE
8
0
10
66.597803
20
115.235839
11
69.199534
21
111.693309
0
LINE
8
0
10
69.199534
20
111.693309
11
72.118697
21
108.417380
0
LINE
8
0
10
72.118697
20
108.417380
11
75.333158
21
105.430647
0
LINE
8
0
10
75.333158
20
105.430647
11
78.820782
21
102.755707
0
LINE
8
0
10
78.820782
20
102.755707
11
82.559434
21
100.415156
0
LINE
8
0
10
82.559434
20
100.415156
11
86.526979
21
98.431590
0
LINE
8
0
10
86.526979
20
98.431590
11
90.701282
21
96.827604
0
LINE
8
0
10
90.701282
20
96.827604
11
95.060208
21
95.625795
0
LINE
8
0
10
95.060208
20
95.625795
11
99.581622
21
94.848760
0
LINE
8
0
10
99.581622
20
94.848760
11
104.243390
21
94.519094
0
LINE
8
0
10
104.243390
20
94.519094
11
108.920598
21
94.654096
0
LINE
8
0
10
108.920598
20
94.654096
11
113.486185
21
95.241615
0
LINE
8
0
10
113.486185
20
95.241615
11
117.914792
21
96.260067
0
LINE
8
0
10
117.914792
20
96.260067
11
122.181061
21
97.687870
0
LINE
8
0
10
122.181061
20
97.687870
11
126.259632
21
99.503441
0
LINE
8
0
10
126.259632
20
99.503441
11
130.125147
21
101.685199
0
LINE
8
0
10
130.125147
20
101.685199
11
133.752247
21
104.211560
0
LINE
8
0
10
133.752247
20
104.211560
11
137.115575
21
107.060942
0
LINE
8
0
10
137.115575
20
107.060942
11
140.189770
21
110.211763
0
LINE
8
0
10
140.189770
20
110.211763
11
142.949475
21
113.642440
0
LINE
8
0
10
142.949475
20
113.642440
11
145.369330
21
117.331391
0
LINE
8
0
10
145.369330
20
117.331391
11
147.423977
21
121.257033
0
LINE
8
0
10
147.423977
20
121.257033
11
149.088058
21
125.397784
0
LINE
8
0
10
149.088058
20
125.397784
11
150.336213
21
129.732061
0
LINE
8
0
10
150.336213
20
129.732061
11
151.143085
21
134.238282
0
LINE
8
0
10
151.143085
20
134.238282
11
151.483314
21
138.894864
0
LINE
8
0
10
151.483314
20
138.894864
11
151.523520
21
140.824246
0
LINE
8
0
10
151.523520
20
140.824246
11
151.368984
21
145.659264
0
LINE
8
0
10
151.368984
20
145.659264
11
150.718736
21
150.354806
0
LINE
8
0
10
150.718736
20
150.354806
11
149.598952
21
154.887074
0
LINE
8
0
10
149.598952
20
154.887074
11
148.035804
21
159.232273
0
LINE
8
0
10
148.035804
20
159.232273
11
146.055465
21
163.366606
0
LINE
8
0
10
146.055465
20
163.366606
11
143.684111
21
167.266277
0
LINE
8
0
10
143.684111
20
167.266277
11
140.947913
21
170.907489
0
LINE
8
0
10
140.947913
20
170.907489
11
137.873046
21
174.266445
0
LINE
8
0
10
137.873046
20
174.266445
11
134.485684
21
177.319351
0
LINE
8
0
10
134.485684
20
177.319351
11
130.812000
21
180.042408
0
LINE
8
0
10
130.812000
20
180.042408
11
126.878168
21
182.411821
0
LINE
8
0
10
126.878168
20
182.411821
11
122.710361
21
184.403793
0
LINE
8
0
10
122.710361
20
184.403793
11
118.334753
21
185.994528
0
LINE
8
0
10
118.334753
20
185.994528
11
113.777518
21
187.160230
0
LINE
8
0
10
113.777518
20
187.160230
11
109.064829
21
187.877101
0
LINE
8
0
10
109.064829
20
187.877101
11
104.222861
21
188.121346
0
LINE
8
0
10
104.222861
20
188.121346
11
99.386881
21
187.877163
0
LINE
8
0
10
99.386881
20
187.877163
11
94.690564
21
187.160462
0
LINE
8
0
10
94.690564
20
187.160462
11
90.157687
21
185.995014
0
LINE
8
0
10
90.157687
20
185.995014
11
85.812028
21
184.404590
0
LINE
8
0
10
85.812028
20
184.404590
11
81.677365
21
182.412963
0
LINE
8
0
10
81.677365
20
182.412963
11
77.777475
21
180.043903
0
LINE
8
0
10
77.777475
20
180.043903
11
74.136136
21
177.321182
0
LINE
8
0
10
74.136136
20
177.321182
11
70.777126
21
174.268572
0
LINE
8
0
10
70.777126
20
174.268572
11
67.724222
21
170.909843
0
LINE
8
0
10
67.724222
20
170.909843
11
65.001202
21
167.268769
0
LINE
8
0
10
65.001202
20
167.268769
11
62.631844
21
163.369119
0
LINE
8
0
10
62.631844
20
163.369119
11
60.639925
21
159.234665
0
LINE
8
0
10
60.639925
20
159.234665
11
59.049224
21
154.889180
0
LINE
8
0
10
59.049224
20
154.889180
11
57.883518
21
150.356434
0
LINE
8
0
10
57.883518
20
150.356434
11
57.166585
21
145.660199
0
LINE
8
0
10
57.166585
20
145.660199
11
56.922201
21
140.824246
0
LINE
8
0
10
56.922201
20
140.824246
11
57.164670
21
135.955184
0
LINE
8
0
10
57.164670
20
135.955184
11
57.877057
21
131.222958
0
LINE
8
0
10
57.877057
20
131.222958
11
59.036238
21
126.651155
0
LINE
8
0
10
59.036238
20
126.651155
11
60.619091
21
122.263361
0
LINE
8
0
10
60.619091
20
122.263361
11
62.602490
21
118.083161
0
LINE
8
0
10
62.602490
20
118.083161
11
64.963312
21
114.134142
0
LINE
8
0
10
64.963312
20
114.134142
11
67.678433
21
110.439890
0
LINE
8
0
10
67.678433
20
110.439890
11
70.724730
21
107.023991
0
LINE
8
0
10
70.724730
20
107.023991
11
74.079079
21
103.910031
0
LINE
8
0
10
74.079079
20
103.910031
11
77.718356
21
101.121596
0
LINE
8
0
10
77.718356
20
101.121596
11
81.619436
21
98.682273
0
LINE
8
0
10
81.619436
20
98.682273
11
85.759197
21
96.615647
0
LINE
8
0
10
85.759197
20
96.615647
11
90.114515
21
94.945305
0
LINE
8
0
10
90.114515
20
94.945305
11
94.662266
21
93.694832
0
LINE
8
0
10
94.662266
20
93.694832
11
99.379325
21
92.887815
0
LINE
8
0
10
99.379325
20
92.887815
11
104.242569
21
92.547839
0
LINE
8
0
10
104.242569
20
92.547839
11
109.121282
21
92.692879
0
LINE
8
0
10
109.121282
20
92.692879
11
113.882594
21
93.310134
0
LINE
8
0
10
113.882594
20
93.310134
11
118.500151
21
94.377030
0
LINE
8
0
10
118.500151
20
94.377030
11
122.947600
21
95.870994
0
LINE
8
0
10
122.947600
20
95.870994
11
127.198586
21
97.769453
0
LINE
8
0
10
127.198586
20
97.769453
11
131.226756
21
100.049834
0
LINE
8
0
10
131.226756
20
100.049834
11
135.005756
21
102.689562
0
LINE
8
0
10
135.005756
20
102.689562
11
138.509232
21
105.666066
0
LINE
8
0
10
138.509232
20
105.666066
11
141.710832
21
108.956771
0
LINE
8
0
10
141.710832
20
108.956771
11
144.584200
21
112.539104
0
LINE
8
0
10
144.584200
20
112.539104
11
147.102983
21
116.390493
0
LINE
8
0
10
147.102983
20
116.390493
11
149.240829
21
120.488362
0
LINE
8
0
10
149.240829
20
120.488362
11
150.971382
21
124.810140
0
LINE
8
0
10
150.971382
20
124.810140
11
152.268289
21
129.333253
0
LINE
8
0
10
152.268289
20
129.333253
11
153.105197
21
134.035127
0
LINE
8
0
10
153.105197
20
134.035127
11
153.455751
21
138.893190
0
LINE
8
0
10
153.455751
20
138.893190
11
153.494380
21
140.824246
0
LINE
8
0
10
153.494380
20
140.824246
11
153.329665
21
145.860806
0
LINE
8
0
10
153.329665
20
145.860806
11
152.649548
21
150.752058
0
LINE
8
0
10
152.649548
20
150.752058
11
151.481196
21
155.473216
0
LINE
8
0
10
151.481196
20
155.473216
11
149.851771
21
159.999494
0
LINE
8
0
10
149.851771
20
159.999494
11
147.788438
21
164.306107
0
LINE
8
0
10
147.788438
20
164.306107
11
145.318362
21
168.368268
0
LINE
8
0
10
145.318362
20
168.368268
11
142.468706
21
172.161192
0
LINE
8
0
10
142.468706
20
172.161192
11
139.266636
21
175.660092
0
LINE
8
0
10
139.266636
20
175.660092
11
135.739315
21
178.840183
0
LINE
8
0
10
135.739315
20
178.840183
11
131.913908
21
181.676678
0
LINE
8
0
10
131.913908
20
181.676678
11
127.817580
21
184.144792
0
LINE
8
0
10
127.817580
20
184.144792
11
123.477493
21
186.219739
0
LINE
8
0
10
123.477493
20
186.219739
11
118.920814
21
187.876732
0
LINE
8
0
10
118.920814
20
187.876732
11
114.174706
21
189.090986
0
LINE
8
0
10
114.174706
20
189.090986
11
109.266333
21
189.837715
0
LINE
8
0
10
109.266333
20
189.837715
11
104.222861
21
190.092133
0
LINE
8
0
10
104.222861
20
190.092133
11
99.185377
21
189.837775
0
LINE
8
0
10
99.185377
20
189.837775
11
94.293376
21
189.091210
0
LINE
8
0
10
94.293376
20
189.091210
11
89.571626
21
187.877199
0
LINE
8
0
10
89.571626
20
187.877199
11
85.044896
21
186.220504
0
LINE
8
0
10
85.044896
20
186.220504
11
80.737953
21
184.145889
0
LINE
8
0
10
80.737953
20
184.145889
11
76.675567
21
181.678114
0
LINE
8
0
10
76.675567
20
181.678114
11
72.882505
21
178.841941
0
LINE
8
0
10
72.882505
20
178.841941
11
69.383536
21
175.662133
0
LINE
8
0
10
69.383536
20
175.662133
11
66.203428
21
172.163452
0
LINE
8
0
10
66.203428
20
172.163452
11
63.366951
21
168.370660
0
LINE
8
0
10
63.366951
20
168.370660
11
60.898871
21
164.308519
0
LINE
8
0
10
60.898871
20
164.308519
11
58.823958
21
160.001790
0
LINE
8
0
10
58.823958
20
160.001790
11
57.166980
21
155.475237
0
LINE
8
0
10
57.166980
20
155.475237
11
55.952706
21
150.753620
0
LINE
8
0
10
55.952706
20
150.753620
11
55.205903
21
145.861703
0
LINE
8
0
10
55.205903
20
145.861703
11
54.951341
21
140.824246
0
LINE
8
0
10
54.951341
20
140.824246
11
55.203978
21
135.753732
0
LINE
8
0
10
55.203978
20
135.753732
11
55.946210
21
130.825867
0
LINE
8
0
10
55.946210
20
130.825867
11
57.153925
21
126.065228
0
LINE
8
0
10
57.153925
20
126.065228
11
58.803010
21
121.496391
0
LINE
8
0
10
58.803010
20
121.496391
11
60.869351
21
117.143932
0
LINE
8
0
10
60.869351
20
117.143932
11
63.328837
21
113.032427
0
LINE
8
0
10
63.328837
20
113.032427
11
66.157354
21
109.186453
0
LINE
8
0
10
66.157354
20
109.186453
11
69.330790
21
105.630585
0
LINE
8
0
10
69.330790
20
105.630585
11
72.825031
21
102.389400
0
LINE
8
0
10
72.825031
20
102.389400
11
76.615966
21
99.487474
0
LINE
8
0
10
76.615966
20
99.487474
11
80.679480
21
96.949382
0
LINE
8
0
10
80.679480
20
96.949382
11
84.991463
21
94.799702
0
LINE
8
0
10
84.991463
20
94.799702
11
89.527799
21
93.063009
0
LINE
8
0
10
89.527799
20
93.063009
11
94.264378
21
91.763880
0
LINE
8
0
10
94.264378
20
91.763880
11
99.177086
21
90.926890
0
LINE
8
0
10
99.177086
20
90.926890
11
104.241810
21
90.576616
0
LINE
8
0
10
104.241810
20
90.576616
11
109.322029
21
90.731704
0
LINE
8
0
10
109.322029
20
90.731704
11
114.279063
21
91.378704
0
LINE
8
0
10
114.279063
20
91.378704
11
119.085564
21
92.494053
0
LINE
8
0
10
119.085564
20
92.494053
11
123.714185
21
94.054187
0
LINE
8
0
10
123.714185
20
94.054187
11
128.137576
21
96.035542
0
LINE
8
0
10
128.137576
20
96.035542
11
132.328389
21
98.414553
0
LINE
8
0
10
132.328389
20
98.414553
11
136.259275
21
101.167656
0
LINE
8
0
10
136.259275
20
101.167656
11
139.902886
21
104.271287
0
LINE
8
0
10
139.902886
20
104.271287
11
143.231875
21
107.701882
0
LINE
8
0
10
143.231875
20
107.701882
11
146.218891
21
111.435877
0
LINE
8
0
10
146.218891
20
111.435877
11
148.836587
21
115.449707
0
LINE
8
0
10
148.836587
20
115.449707
11
151.057615
21
119.719809
0
LINE
8
0
10
151.057615
20
119.719809
11
152.854625
21
124.222617
0
LINE
8
0
10
152.854625
20
124.222617
11
154.200270
21
128.934569
0
LINE
8
0
10
154.200270
20
128.934569
11
155.067201
21
133.832099
0
LINE
8
0
10
155.067201
20
133.832099
11
155.428069
21
138.891644
0
LINE
8
0
10
155.428069
20
138.891644
11
155.465240
21
140.824246
0
LINE
8
0
10
155.465240
20
140.824246
11
155.290347
21
146.062344
0
LINE
8
0
10
155.290347
20
146.062344
11
154.580362
21
151.149304
0
LINE
8
0
10
154.580362
20
151.149304
11
153.363442
21
156.059350
0
LINE
8
0
10
153.363442
20
156.059350
11
151.667741
21
160.766708
0
LINE
8
0
10
151.667741
20
160.766708
11
149.521414
21
165.245600
0
LINE
8
0
10
149.521414
20
165.245600
11
146.952616
21
169.470253
0
LINE
8
0
10
146.952616
20
169.470253
11
143.989503
21
173.414889
0
LINE
8
0
10
143.989503
20
173.414889
11
140.660229
21
177.053734
0
LINE
8
0
10
140.660229
20
177.053734
11
136.992949
21
180.361011
0
LINE
8
0
10
136.992949
20
180.361011
11
133.015819
21
183.310946
0
LINE
8
0
10
133.015819
20
183.310946
11
128.756994
21
185.877762
0
LINE
8
0
10
128.756994
20
185.877762
11
124.244628
21
188.035685
0
LINE
8
0
10
124.244628
20
188.035685
11
119.506876
21
189.758937
0
LINE
8
0
10
119.506876
20
189.758937
11
114.571895
21
191.021745
0
LINE
8
0
10
114.571895
20
191.021745
11
109.467838
21
191.798331
0
LINE
8
0
10
109.467838
20
191.798331
11
104.222861
21
192.062921
0
LINE
8
0
10
104.222861
20
192.062921
11
98.983873
21
191.798389
0
LINE
8
0
10
98.983873
20
191.798389
11
93.896188
21
191.021959
0
LINE
8
0
10
93.896188
20
191.021959
11
88.985564
21
189.759386
0
LINE
8
0
10
88.985564
20
189.759386
11
84.277762
21
188.036421
0
LINE
8
0
10
84.277762
20
188.036421
11
79.798539
21
185.878816
0
LINE
8
0
10
79.798539
20
185.878816
11
75.573656
21
183.312326
0
LINE
8
0
10
75.573656
20
183.312326
11
71.628871
21
180.362702
0
LINE
8
0
10
71.628871
20
180.362702
11
67.989943
21
177.055696
0
LINE
8
0
10
67.989943
20
177.055696
11
64.682631
21
173.417062
0
LINE
8
0
10
64.682631
20
173.417062
11
61.732696
21
169.472553
0
LINE
8
0
10
61.732696
20
169.472553
11
59.165895
21
165.247919
0
LINE
8
0
10
59.165895
20
165.247919
11
57.007987
21
160.768916
0
LINE
8
0
10
57.007987
20
160.768916
11
55.284733
21
156.061294
0
LINE
8
0
10
55.284733
20
156.061294
11
54.021891
21
151.150807
0
LINE
8
0
10
54.021891
20
151.150807
11
53.245219
21
146.063206
0
LINE
8
0
10
53.245219
20
146.063206
11
52.980478
21
140.824246
0
LINE
8
0
10
52.980478
20
140.824246
11
53.243284
21
135.552275
0
LINE
8
0
10
53.243284
20
135.552275
11
54.015363
21
130.428768
0
LINE
8
0
10
54.015363
20
130.428768
11
55.271614
21
125.479290
0
LINE
8
0
10
55.271614
20
125.479290
11
56.986934
21
120.729408
0
LINE
8
0
10
56.986934
20
120.729408
11
59.136222
21
116.204689
0
LINE
8
0
10
59.136222
20
116.204689
11
61.694376
21
111.930697
0
LINE
8
0
10
61.694376
20
111.930697
11
64.636294
21
107.933001
0
LINE
8
0
10
64.636294
20
107.933001
11
67.936874
21
104.237165
0
LINE
8
0
10
67.936874
20
104.237165
11
71.571013
21
100.868756
0
LINE
8
0
10
71.571013
20
100.868756
11
75.513611
21
97.853341
0
LINE
8
0
10
75.513611
20
97.853341
11
79.739565
21
95.216485
0
LINE
8
0
10
79.739565
20
95.216485
11
84.223773
21
92.983755
0
LINE
8
0
10
84.223773
20
92.983755
11
88.941134
21
91.180718
0
LINE
8
0
10
88.941134
20
91.180718
11
93.866544
21
89.832938
0
LINE
8
0
10
93.866544
20
89.832938
11
98.974903
21
88.965984
0
LINE
8
0
10
98.974903
20
88.965984
11
104.241109
21
88.605420
0
LINE
8
0
10
104.241109
20
88.605420
11
109.522832
21
88.770565
0
LINE
8
0
10
109.522832
20
88.770565
11
114.675585
21
89.447320
0
LINE
8
0
10
114.675585
20
89.447320
11
119.671024
21
90.611131
0
LINE
8
0
10
119.671024
20
90.611131
11
124.480807
21
92.237443
0
LINE
8
0
10
124.480807
20
92.237443
11
129.076591
21
94.301700
0
LINE
8
0
10
129.076591
20
94.301700
11
133.430033
21
96.779348
0
LINE
8
0
10
133.430033
20
96.779348
11
137.512791
21
99.645832
0
LINE
8
0
10
137.512791
20
99.645832
11
141.296523
21
102.876596
0
LINE
8
0
10
141.296523
20
102.876596
11
144.752884
21
106.447086
0
LINE
8
0
10
144.752884
20
106.447086
11
147.853533
21
110.332747
0
LINE
8
0
10
147.853533
20
110.332747
11
150.570127
21
114.509023
0
LINE
8
0
10
150.570127
20
114.509023
11
152.874324
21
118.951360
0
LINE
8
0
10
152.874324
20
118.951360
11
154.737780
21
123.635203
0
LINE
8
0
10
154.737780
20
123.635203
11
156.132152
21
128.535996
0
LINE
8
0
10
156.132152
20
128.535996
11
157.029100
21
133.629186
0
LINE
8
0
10
157.029100
20
133.629186
11
157.400279
21
138.890216
0
LINE
8
0
10
157.400279
20
138.890216
11
157.436100
21
140.824246
0
LINE
8
0
10
157.436100
20
140.824246
11
157.251035
21
146.263880
0
LINE
8
0
10
157.251035
20
146.263880
11
156.511187
21
151.546546
0
LINE
8
0
10
156.511187
20
151.546546
11
155.245702
21
156.645480
0
LINE
8
0
10
155.245702
20
156.645480
11
153.483726
21
161.533915
0
LINE
8
0
10
153.483726
20
161.533915
11
151.254406
21
166.185087
0
LINE
8
0
10
151.254406
20
166.185087
11
148.586887
21
170.572231
0
LINE
8
0
10
148.586887
20
170.572231
11
145.510315
21
174.668580
0
LINE
8
0
10
145.510315
20
174.668580
11
142.053835
21
178.447370
0
LINE
8
0
10
142.053835
20
178.447370
11
138.246595
21
181.881836
0
LINE
8
0
10
138.246595
20
181.881836
11
134.117740
21
184.945211
0
LINE
8
0
10
134.117740
20
184.945211
11
129.696415
21
187.610731
0
LINE
8
0
10
129.696415
20
187.610731
11
125.011767
21
189.851630
0
LINE
8
0
10
125.011767
20
189.851630
11
120.092942
21
191.641143
0
LINE
8
0
10
120.092942
20
191.641143
11
114.969085
21
192.952505
0
LINE
8
0
10
114.969085
20
192.952505
11
109.669343
21
193.758950
0
LINE
8
0
10
109.669343
20
193.758950
11
104.222861
21
194.033713
0
LINE
8
0
10
104.222861
20
194.033713
11
98.782368
21
193.759005
0
LINE
8
0
10
98.782368
20
193.759005
11
93.498999
21
192.952712
0
LINE
8
0
10
93.498999
20
192.952712
11
88.399502
21
191.641575
0
LINE
8
0
10
88.399502
20
191.641575
11
83.510628
21
189.852339
0
LINE
8
0
10
83.510628
20
189.852339
11
78.859126
21
187.611746
0
LINE
8
0
10
78.859126
20
187.611746
11
74.471746
21
184.946540
0
LINE
8
0
10
74.471746
20
184.946540
11
70.375238
21
181.883464
0
LINE
8
0
10
70.375238
20
181.883464
11
66.596352
21
178.449261
0
LINE
8
0
10
66.596352
20
178.449261
11
63.161837
21
174.670674
0
LINE
8
0
10
63.161837
20
174.670674
11
60.098444
21
170.574446
0
LINE
8
0
10
60.098444
20
170.574446
11
57.432921
21
166.187321
0
LINE
8
0
10
57.432921
20
166.187321
11
55.192020
21
161.536041
0
LINE
8
0
10
55.192020
20
161.536041
11
53.402489
21
156.647351
0
LINE
8
0
10
53.402489
20
156.647351
11
52.091078
21
151.547993
0
LINE
8
0
10
52.091078
20
151.547993
11
51.284538
21
146.264710
0
LINE
8
0
10
51.284538
20
146.264710
11
51.009618
21
140.824246
0
LINE
8
0
10
51.009618
20
140.824246
11
51.282593
21
135.350815
0
LINE
8
0
10
51.282593
20
135.350815
11
52.084520
21
130.031661
0
LINE
8
0
10
52.084520
20
130.031661
11
53.389309
21
124.893341
0
LINE
8
0
10
53.389309
20
124.893341
11
55.170867
21
119.962412
0
LINE
8
0
10
55.170867
20
119.962412
11
57.403105
21
115.265430
0
LINE
8
0
10
57.403105
20
115.265430
11
60.059930
21
110.828950
0
LINE
8
0
10
60.059930
20
110.828950
11
63.115252
21
106.679530
0
LINE
8
0
10
63.115252
20
106.679530
11
66.542979
21
102.843727
0
LINE
8
0
10
66.542979
20
102.843727
11
70.317021
21
99.348095
0
LINE
8
0
10
70.317021
20
99.348095
11
74.411286
21
96.219193
0
LINE
8
0
10
74.411286
20
96.219193
11
78.799683
21
93.483576
0
LINE
8
0
10
78.799683
20
93.483576
11
83.456121
21
91.167800
0
LINE
8
0
10
83.456121
20
91.167800
11
88.354508
21
89.298423
0
LINE
8
0
10
88.354508
20
89.298423
11
93.468755
21
87.902000
0
LINE
8
0
10
93.468755
20
87.902000
11
98.772768
21
87.005087
0
LINE
8
0
10
98.772768
20
87.005087
11
104.240458
21
86.634242
0
LINE
8
0
10
104.240458
20
86.634242
11
109.723688
21
86.809452
0
LINE
8
0
10
109.723688
20
86.809452
11
115.072158
21
87.515971
0
LINE
8
0
10
115.072158
20
87.515971
11
120.256532
21
88.728251
0
LINE
8
0
10
120.256532
20
88.728251
11
125.247473
21
90.420747
0
LINE
8
0
10
125.247473
20
90.420747
11
130.015644
21
92.567914
0
LINE
8
0
10
130.015644
20
92.567914
11
134.531709
21
95.144206
0
LINE
8
0
10
134.531709
20
95.144206
11
138.766330
21
98.124076
0
LINE
8
0
10
138.766330
20
98.124076
11
142.690171
21
101.481979
0
LINE
8
0
10
142.690171
20
101.481979
11
146.273895
21
105.192369
0
LINE
8
0
10
146.273895
20
105.192369
11
149.488165
21
109.229701
0
LINE
8
0
10
149.488165
20
109.229701
11
152.303645
21
113.568427
0
LINE
8
0
10
152.303645
20
113.568427
11
154.690997
21
118.183004
0
LINE
8
0
10
154.690997
20
118.183004
11
156.620885
21
123.047884
0
LINE
8
0
10
156.620885
20
123.047884
11
158.063972
21
128.137522
0
LINE
8
0
10
158.063972
20
128.137522
11
158.990921
21
133.426371
0
LINE
8
0
10
158.990921
20
133.426371
11
159.372396
21
138.888887
0
LINE
8
0
10
159.372396
20
138.888887
11
159.406961
21
140.824246
0
LINE
8
0
10
159.406961
20
140.824246
11
159.211717
21
146.465413
0
LINE
8
0
10
159.211717
20
146.465413
11
158.442001
21
151.943784
0
LINE
8
0
10
158.442001
20
151.943784
11
157.127949
21
157.231604
0
LINE
8
0
10
157.127949
20
157.231604
11
155.299697
21
162.301117
0
LINE
8
0
10
155.299697
20
162.301117
11
152.987383
21
167.124568
0
LINE
8
0
10
152.987383
20
167.124568
11
150.221142
21
171.674203
0
LINE
8
0
10
150.221142
20
171.674203
11
147.031112
21
175.922266
0
LINE
8
0
10
147.031112
20
175.922266
11
143.447429
21
179.841002
0
LINE
8
0
10
143.447429
20
179.841002
11
139.500230
21
183.402656
0
LINE
8
0
10
139.500230
20
183.402656
11
135.219651
21
186.579473
0
LINE
8
0
10
135.219651
20
186.579473
11
130.635830
21
189.343697
0
LINE
8
0
10
130.635830
20
189.343697
11
125.778902
21
191.667574
0
LINE
8
0
10
125.778902
20
191.667574
11
120.679004
21
193.523348
0
LINE
8
0
10
120.679004
20
193.523348
11
115.366274
21
194.883265
0
LINE
8
0
10
115.366274
20
194.883265
11
109.870847
21
195.719569
0
LINE
8
0
10
109.870847
20
195.719569
11
104.222861
21
196.004504
0
LINE
8
0
10
104.222861
20
196.004504
11
98.580864
21
195.719622
0
LINE
8
0
10
98.580864
20
195.719622
11
93.101811
21
194.883464
0
LINE
8
0
10
93.101811
20
194.883464
11
87.813441
21
193.523765
0
LINE
8
0
10
87.813441
20
193.523765
11
82.743495
21
191.668258
0
LINE
8
0
10
82.743495
20
191.668258
11
77.919714
21
189.344676
0
LINE
8
0
10
77.919714
20
189.344676
11
73.369837
21
186.580754
0
LINE
8
0
10
73.369837
20
186.580754
11
69.121606
21
183.404226
0
LINE
8
0
10
69.121606
20
183.404226
11
65.202761
21
179.842825
0
LINE
8
0
10
65.202761
20
179.842825
11
61.641043
21
175.924285
0
LINE
8
0
10
61.641043
20
175.924285
11
58.464191
21
171.676339
0
LINE
8
0
10
58.464191
20
171.676339
11
55.699947
21
167.126722
0
LINE
8
0
10
55.699947
20
167.126722
11
53.376051
21
162.303167
0
LINE
8
0
10
53.376051
20
162.303167
11
51.520244
21
157.233408
0
LINE
8
0
10
51.520244
20
157.233408
11
50.160265
21
151.945180
0
LINE
8
0
10
50.160265
20
151.945180
11
49.323857
21
146.466214
0
LINE
8
0
10
49.323857
20
146.466214
11
49.038758
21
140.824246
0
LINE
8
0
10
49.038758
20
140.824246
11
49.321902
21
135.149352
0
LINE
8
0
10
49.321902
20
135.149352
11
50.153679
21
129.634550
0
LINE
8
0
10
50.153679
20
129.634550
11
51.507007
21
124.307387
0
LINE
8
0
10
51.507007
20
124.307387
11
53.354807
21
119.195409
0
LINE
8
0
10
53.354807
20
119.195409
11
55.669997
21
114.326164
0
LINE
8
0
10
55.669997
20
114.326164
11
58.425497
21
109.727197
0
LINE
8
0
10
58.425497
20
109.727197
11
61.594227
21
105.426055
0
LINE
8
0
10
61.594227
20
105.426055
11
65.149106
21
101.450285
0
LINE
8
0
10
65.149106
20
101.450285
11
69.063054
21
97.827433
0
LINE
8
0
10
69.063054
20
97.827433
11
73.308990
21
94.585046
0
LINE
8
0
10
73.308990
20
94.585046
11
77.859834
21
91.750671
0
LINE
8
0
10
77.859834
20
91.750671
11
82.688504
21
89.351853
0
LINE
8
0
10
82.688504
20
89.351853
11
87.767922
21
87.416141
0
LINE
8
0
10
87.767922
20
87.416141
11
93.071006
21
85.971079
0
LINE
8
0
10
93.071006
20
85.971079
11
98.570675
21
85.044216
0
LINE
8
0
10
98.570675
20
85.044216
11
104.239849
21
84.663096
0
LINE
8
0
10
104.239849
20
84.663096
11
109.924585
21
84.848379
0
LINE
8
0
10
109.924585
20
84.848379
11
115.468772
21
85.584667
0
LINE
8
0
10
115.468772
20
85.584667
11
120.842077
21
86.845422
0
LINE
8
0
10
120.842077
20
86.845422
11
126.014171
21
88.604109
0
LINE
8
0
10
126.014171
20
88.604109
11
130.954723
21
90.834191
0
LINE
8
0
10
130.954723
20
90.834191
11
135.633402
21
93.509130
0
LINE
8
0
10
135.633402
20
93.509130
11
140.019878
21
96.602391
0
LINE
8
0
10
140.019878
20
96.602391
11
144.083819
21
100.087436
0
LINE
8
0
10
144.083819
20
100.087436
11
147.794896
21
103.937730
0
LINE
8
0
10
147.794896
20
103.937730
11
151.122776
21
108.126735
0
LINE
8
0
10
151.122776
20
108.126735
11
154.037130
21
112.627915
0
LINE
8
0
10
154.037130
20
112.627915
11
156.507627
21
117.414733
0
LINE
8
0
10
156.507627
20
117.414733
11
158.503936
21
122.460653
0
LINE
8
0
10
158.503936
20
122.460653
11
159.995726
21
127.739137
0
LINE
8
0
10
159.995726
20
127.739137
11
160.952667
21
133.223650
0
LINE
8
0
10
160.952667
20
133.223650
11
161.344428
21
138.887655
0
LINE
8
0
10
161.344428
20
138.887655
11
161.377821
21
140.824246
0
LINE
8
0
10
161.377821
20
140.824246
11
161.351326
21
143.764877
0
LINE
8
0
10
161.351326
20
143.764877
11
161.172399
21
146.666945
0
LINE
8
0
10
161.172399
20
146.666945
11
160.844932
21
149.526857
0
LINE
8
0
10
160.844932
20
149.526857
11
160.372815
21
152.341020
0
LINE
8
0
10
160.372815
20
152.341020
11
159.010195
21
157.817725
0
LINE
8
0
10
159.010195
20
157.817725
11
157.115667
21
163.068315
0
LINE
8
0
10
157.115667
20
163.068315
11
154.720358
21
168.064046
0
LINE
8
0
10
154.720358
20
168.064046
11
151.855396
21
172.776172
0
LINE
8
0
10
151.855396
20
172.776172
11
148.551909
21
177.175949
0
LINE
8
0
10
148.551909
20
177.175949
11
144.841022
21
181.234631
0
LINE
8
0
10
144.841022
20
181.234631
11
140.753864
21
184.923474
0
LINE
8
0
10
140.753864
20
184.923474
11
136.321562
21
188.213732
0
LINE
8
0
10
136.321562
20
188.213732
11
131.575244
21
191.076662
0
LINE
8
0
10
131.575244
20
191.076662
11
126.546036
21
193.483517
0
LINE
8
0
10
126.546036
20
193.483517
11
121.265067
21
195.405553
0
LINE
8
0
10
121.265067
20
195.405553
11
115.763463
21
196.814024
0
LINE
8
0
10
115.763463
20
196.814024
11
110.072352
21
197.680187
0
LINE
8
0
10
110.072352
20
197.680187
11
104.222861
21
197.975296
0
LINE
8
0
10
104.222861
20
197.975296
11
98.379359
21
197.680239
0
LINE
8
0
10
98.379359
20
197.680239
11
92.704621
21
196.814217
0
LINE
8
0
10
92.704621
20
196.814217
11
87.227378
21
195.405955
0
LINE
8
0
10
87.227378
20
195.405955
11
81.976360
21
193.484176
0
LINE
8
0
10
81.976360
20
193.484176
11
76.980299
21
191.077607
0
LINE
8
0
10
76.980299
20
191.077607
11
72.267925
21
188.214969
0
LINE
8
0
10
72.267925
20
188.214969
11
67.867971
21
184.924989
0
LINE
8
0
10
67.867971
20
184.924989
11
63.809168
21
181.236390
0
LINE
8
0
10
63.809168
20
181.236390
11
60.120246
21
177.177897
0
LINE
8
0
10
60.120246
20
177.177897
11
56.829936
21
172.778234
0
LINE
8
0
10
56.829936
20
172.778234
11
53.966971
21
168.066125
0
LINE
8
0
10
53.966971
20
168.066125
11
51.560081
21
163.070294
0
LINE
8
0
10
51.560081
20
163.070294
11
49.637998
21
157.819467
0
LINE
8
0
10
49.637998
20
157.819467
11
48.229452
21
152.342367
0
LINE
8
0
10
48.229452
20
152.342367
11
47.363175
21
146.667718
0
LINE
8
0
10
47.363175
20
146.667718
11
47.067898
21
140.824246
0
LINE
8
0
10
47.067898
20
140.824246
11
47.361212
21
134.947885
0
LINE
8
0
10
47.361212
20
134.947885
11
48.222839
21
129.237432
0
LINE
8
0
10
48.222839
20
129.237432
11
49.624709
21
123.721423
0
LINE
8
0
10
49.624709
20
123.721423
11
51.538751
21
118.428394
0
LINE
8
0
10
51.538751
20
118.428394
11
53.936896
21
113.386884
0
LINE
8
0
10
53.936896
20
113.386884
11
56.791074
21
108.625428
0
LINE
8
0
10
56.791074
20
108.625428
11
60.073215
21
104.172563
0
LINE
8
0
10
60.073215
20
104.172563
11
63.755249
21
100.056826
0
LINE
8
0
10
63.755249
20
100.056826
11
67.809106
21
96.306755
0
LINE
8
0
10
67.809106
20
96.306755
11
72.206717
21
92.950885
0
LINE
8
0
10
72.206717
20
92.950885
11
76.920011
21
90.017753
0
LINE
8
0
10
76.920011
20
90.017753
11
81.920918
21
87.535897
0
LINE
8
0
10
81.920918
20
87.535897
11
87.181369
21
85.533853
0
LINE
8
0
10
87.181369
20
85.533853
11
92.673293
21
84.040158
0
LINE
8
0
10
92.673293
20
84.040158
11
98.368621
21
83.083348
0
LINE
8
0
10
98.368621
20
83.083348
11
104.239283
21
82.691961
0
LINE
8
0
10
104.239283
20
82.691961
11
110.125526
21
82.887324
0
LINE
8
0
10
110.125526
20
82.887324
11
115.865425
21
83.653388
0
LINE
8
0
10
115.865425
20
83.653388
11
121.427656
21
84.962626
0
LINE
8
0
10
121.427656
20
84.962626
11
126.780896
21
86.787509
0
LINE
8
0
10
126.780896
20
86.787509
11
131.893820
21
89.100511
0
LINE
8
0
10
131.893820
20
89.100511
11
136.735103
21
91.874104
0
LINE
8
0
10
136.735103
20
91.874104
11
141.273422
21
95.080761
0
LINE
8
0
10
141.273422
20
95.080761
11
145.477452
21
98.692954
0
LINE
8
0
10
145.477452
20
98.692954
11
149.315868
21
102.683155
0
LINE
8
0
10
149.315868
20
102.683155
11
152.757348
21
107.023838
0
LINE
8
0
10
152.757348
20
107.023838
11
155.770566
21
111.687475
0
LINE
8
0
10
155.770566
20
111.687475
11
158.324198
21
116.646538
0
LINE
8
0
10
158.324198
20
116.646538
11
160.386920
21
121.873500
0
LINE
8
0
10
160.386920
20
121.873500
11
161.927408
21
127.340833
0
LINE
8
0
10
161.927408
20
127.340833
11
162.914337
21
133.021010
0
LINE
8
0
10
162.914337
20
133.021010
11
163.190428
21
135.932313
0
LINE
8
0
10
163.190428
20
135.932313
11
163.316384
21
138.886504
0
LINE
8
0
10
163.316384
20
138.886504
11
163.348684
21
140.824246
0
LINE
8
0
10
163.348684
20
140.824246
11
163.319627
21
143.866309
0
LINE
8
0
10
163.319627
20
143.866309
11
163.133091
21
146.868475
0
LINE
8
0
10
163.133091
20
146.868475
11
162.793091
21
149.827028
0
LINE
8
0
10
162.793091
20
149.827028
11
162.303643
21
152.738251
0
LINE
8
0
10
162.303643
20
152.738251
11
161.668761
21
155.598428
0
LINE
8
0
10
161.668761
20
155.598428
11
160.892459
21
158.403840
0
LINE
8
0
10
160.892459
20
158.403840
11
158.931657
21
163.835507
0
LINE
8
0
10
158.931657
20
163.835507
11
156.453355
21
169.003517
0
LINE
8
0
10
156.453355
20
169.003517
11
153.489671
21
173.878135
0
LINE
8
0
10
153.489671
20
173.878135
11
150.072724
21
178.429626
0
LINE
8
0
10
150.072724
20
178.429626
11
146.234632
21
182.628255
0
LINE
8
0
10
146.234632
20
182.628255
11
142.007513
21
186.444288
0
LINE
8
0
10
142.007513
20
186.444288
11
137.423485
21
189.847990
0
LINE
8
0
10
137.423485
20
189.847990
11
132.514667
21
192.809625
0
LINE
8
0
10
132.514667
20
192.809625
11
127.313177
21
195.299460
0
LINE
8
0
10
127.313177
20
195.299460
11
121.851133
21
197.287758
0
LINE
8
0
10
121.851133
20
197.287758
11
116.160653
21
198.744786
0
LINE
8
0
10
116.160653
20
198.744786
11
113.239787
21
199.264781
0
LINE
8
0
10
113.239787
20
199.264781
11
110.273857
21
199.640808
0
LINE
8
0
10
110.273857
20
199.640808
11
107.266876
21
199.869150
0
LINE
8
0
10
107.266876
20
199.869150
11
104.222861
21
199.946090
0
LINE
8
0
10
104.222861
20
199.946090
11
101.180392
21
199.869163
0
LINE
8
0
10
101.180392
20
199.869163
11
98.177855
21
199.640858
0
LINE
8
0
10
98.177855
20
199.640858
11
95.218963
21
199.264889
0
LINE
8
0
10
95.218963
20
199.264889
11
92.307433
21
198.744972
0
LINE
8
0
10
92.307433
20
198.744972
11
86.641316
21
197.288147
0
LINE
8
0
10
86.641316
20
197.288147
11
81.209226
21
195.300097
0
LINE
8
0
10
81.209226
20
195.300097
11
76.040886
21
192.810539
0
LINE
8
0
10
76.040886
20
192.810539
11
71.166016
21
189.849185
0
LINE
8
0
10
71.166016
20
189.849185
11
66.614339
21
186.445753
0
LINE
8
0
10
66.614339
20
186.445753
11
62.415577
21
182.629956
0
LINE
8
0
10
62.415577
20
182.629956
11
58.599451
21
178.431509
0
LINE
8
0
10
58.599451
20
178.431509
11
55.195684
21
173.880128
0
LINE
8
0
10
55.195684
20
173.880128
11
52.233998
21
169.005526
0
LINE
8
0
10
52.233998
20
169.005526
11
49.744113
21
163.837420
0
LINE
8
0
10
49.744113
20
163.837420
11
47.755753
21
158.405524
0
LINE
8
0
10
47.755753
20
158.405524
11
46.298639
21
152.739553
0
LINE
8
0
10
46.298639
20
152.739553
11
45.778588
21
149.828076
0
LINE
8
0
10
45.778588
20
149.828076
11
45.402493
21
146.869222
0
LINE
8
0
10
45.402493
20
146.869222
11
45.174072
21
143.866708
0
LINE
8
0
10
45.174072
20
143.866708
11
45.097037
21
140.824246
0
LINE
8
0
10
45.097037
20
140.824246
11
45.173464
21
137.765711
0
LINE
8
0
10
45.173464
20
137.765711
11
45.400522
21
134.746415
0
LINE
8
0
10
45.400522
20
134.746415
11
46.292000
21
128.840308
0
LINE
8
0
10
46.292000
20
128.840308
11
47.742413
21
123.135450
0
LINE
8
0
10
47.742413
20
123.135450
11
49.722700
21
117.661369
0
LINE
8
0
10
49.722700
20
117.661369
11
52.203802
21
112.447592
0
LINE
8
0
10
52.203802
20
112.447592
11
55.156661
21
107.523646
0
LINE
8
0
10
55.156661
20
107.523646
11
58.552216
21
102.919058
0
LINE
8
0
10
58.552216
20
102.919058
11
62.361408
21
98.663355
0
LINE
8
0
10
62.361408
20
98.663355
11
66.555178
21
94.786064
0
LINE
8
0
10
66.555178
20
94.786064
11
71.104466
21
91.316713
0
LINE
8
0
10
71.104466
20
91.316713
11
75.980213
21
88.284828
0
LINE
8
0
10
75.980213
20
88.284828
11
81.153360
21
85.719936
0
LINE
8
0
10
81.153360
20
85.719936
11
86.594846
21
83.651564
0
LINE
8
0
10
86.594846
20
83.651564
11
92.275614
21
82.109240
0
LINE
8
0
10
92.275614
20
82.109240
11
98.166603
21
81.122490
0
LINE
8
0
10
98.166603
20
81.122490
11
101.181850
21
80.846683
0
LINE
8
0
10
101.181850
20
80.846683
11
104.238754
21
80.720841
0
LINE
8
0
10
104.238754
20
80.720841
11
107.299626
21
80.747984
0
LINE
8
0
10
107.299626
20
80.747984
11
110.326503
21
80.926290
0
LINE
8
0
10
110.326503
20
80.926290
11
116.262113
21
81.722136
0
LINE
8
0
10
116.262113
20
81.722136
11
122.013268
21
83.079861
0
LINE
8
0
10
122.013268
20
83.079861
11
127.547649
21
84.970946
0
LINE
8
0
10
127.547649
20
84.970946
11
132.832939
21
87.366873
0
LINE
8
0
10
132.832939
20
87.366873
11
137.836819
21
90.239124
0
LINE
8
0
10
137.836819
20
90.239124
11
142.526974
21
93.559180
0
LINE
8
0
10
142.526974
20
93.559180
11
146.871084
21
97.298524
0
LINE
8
0
10
146.871084
20
97.298524
11
150.836833
21
101.428638
0
LINE
8
0
10
150.836833
20
101.428638
11
154.391902
21
105.921001
0
LINE
8
0
10
154.391902
20
105.921001
11
157.503975
21
110.747098
0
LINE
8
0
10
157.503975
20
110.747098
11
160.140733
21
115.878408
0
LINE
8
0
10
160.140733
20
115.878408
11
162.269859
21
121.286415
0
LINE
8
0
10
162.269859
20
121.286415
11
163.133961
21
124.085267
0
LINE
8
0
10
163.133961
20
124.085267
11
163.859035
21
126.942599
0
LINE
8
0
10
163.859035
20
126.942599
11
164.441043
21
129.854845
0
LINE
8
0
10
164.441043
20
129.854845
11
164.875944
21
132.818442
0
LINE
8
0
10
164.875944
20
132.818442
11
165.159699
21
135.829824
0
LINE
8
0
10
165.159699
20
135.829824
11
165.288268
21
138.885427
0
LINE
8
0
10
165.288268
20
138.885427
11
165.319544
21
140.824246
0
LINE
8
0
10
165.319544
20
140.824246
11
165.287924
21
143.967739
0
LINE
8
0
10
165.287924
20
143.967739
11
165.093778
21
147.070003
0
LINE
8
0
10
165.093778
20
147.070003
11
164.741246
21
150.127197
0
LINE
8
0
10
164.741246
20
150.127197
11
164.234466
21
153.135480
0
LINE
8
0
10
164.234466
20
153.135480
11
163.577577
21
156.091013
0
LINE
8
0
10
163.577577
20
156.091013
11
162.774717
21
158.989953
0
LINE
8
0
10
162.774717
20
158.989953
11
161.830026
21
161.828461
0
LINE
8
0
10
161.830026
20
161.828461
11
160.747641
21
164.602696
0
LINE
8
0
10
160.747641
20
164.602696
11
158.186345
21
169.942984
0
LINE
8
0
10
158.186345
20
169.942984
11
155.123940
21
174.980094
0
LINE
8
0
10
155.123940
20
174.980094
11
151.593534
21
179.683299
0
LINE
8
0
10
151.593534
20
179.683299
11
147.628237
21
184.021876
0
LINE
8
0
10
147.628237
20
184.021876
11
143.261158
21
187.965100
0
LINE
8
0
10
143.261158
20
187.965100
11
138.525405
21
191.482245
0
LINE
8
0
10
138.525405
20
191.482245
11
133.454089
21
194.542587
0
LINE
8
0
10
133.454089
20
194.542587
11
128.080317
21
197.115401
0
LINE
8
0
10
128.080317
20
197.115401
11
122.437199
21
199.169963
0
LINE
8
0
10
122.437199
20
199.169963
11
119.524982
21
199.993297
0
LINE
8
0
10
119.524982
20
199.993297
11
116.557844
21
200.675547
0
LINE
8
0
10
116.557844
20
200.675547
11
113.539925
21
201.212871
0
LINE
8
0
10
113.539925
20
201.212871
11
110.475362
21
201.601429
0
LINE
8
0
10
110.475362
20
201.601429
11
107.368294
21
201.837380
0
LINE
8
0
10
107.368294
20
201.837380
11
104.222861
21
201.916884
0
LINE
8
0
10
104.222861
20
201.916884
11
101.078975
21
201.837393
0
LINE
8
0
10
101.078975
20
201.837393
11
97.976351
21
201.601477
0
LINE
8
0
10
97.976351
20
201.601477
11
94.918827
21
201.212976
0
LINE
8
0
10
94.918827
20
201.212976
11
91.910244
21
200.675727
0
LINE
8
0
10
91.910244
20
200.675727
11
88.954440
21
199.993569
0
LINE
8
0
10
88.954440
20
199.993569
11
86.055254
21
199.170339
0
LINE
8
0
10
86.055254
20
199.170339
11
80.442092
21
197.116018
0
LINE
8
0
10
80.442092
20
197.116018
11
75.101471
21
194.543471
0
LINE
8
0
10
75.101471
20
194.543471
11
70.064105
21
191.483402
0
LINE
8
0
10
70.064105
20
191.483402
11
65.360705
21
187.966517
0
LINE
8
0
10
65.360705
20
187.966517
11
61.021984
21
184.023522
0
LINE
8
0
10
61.021984
20
184.023522
11
57.078654
21
179.685122
0
LINE
8
0
10
57.078654
20
179.685122
11
53.561429
21
174.982023
0
LINE
8
0
10
53.561429
20
174.982023
11
50.501021
21
169.944930
0
LINE
8
0
10
50.501021
20
169.944930
11
47.928143
21
164.604548
0
LINE
8
0
10
47.928143
20
164.604548
11
45.873506
21
158.991583
0
LINE
8
0
10
45.873506
20
158.991583
11
45.050126
21
156.092477
0
LINE
8
0
10
45.050126
20
156.092477
11
44.367824
21
153.136741
0
LINE
8
0
10
44.367824
20
153.136741
11
43.830439
21
150.128211
0
LINE
8
0
10
43.830439
20
150.128211
11
43.441809
21
147.070727
0
LINE
8
0
10
43.441809
20
147.070727
11
43.205775
21
143.968126
0
LINE
8
0
10
43.205775
20
143.968126
11
43.126174
21
140.824246
0
LINE
8
0
10
43.126174
20
140.824246
11
43.205165
21
137.664310
0
LINE
8
0
10
43.205165
20
137.664310
11
43.439830
21
134.544944
0
LINE
8
0
10
43.439830
20
134.544944
11
43.826414
21
131.469962
0
LINE
8
0
10
43.826414
20
131.469962
11
44.361161
21
128.443180
0
LINE
8
0
10
44.361161
20
128.443180
11
45.040314
21
125.468412
0
LINE
8
0
10
45.040314
20
125.468412
11
45.860117
21
122.549473
0
LINE
8
0
10
45.860117
20
122.549473
11
47.906652
21
116.894338
0
LINE
8
0
10
47.906652
20
116.894338
11
50.470714
21
111.508295
0
LINE
8
0
10
50.470714
20
111.508295
11
53.522256
21
106.421859
0
LINE
8
0
10
53.522256
20
106.421859
11
57.031228
21
101.665548
0
LINE
8
0
10
57.031228
20
101.665548
11
60.967581
21
97.269880
0
LINE
8
0
10
60.967581
20
97.269880
11
65.301266
21
93.265372
0
LINE
8
0
10
65.301266
20
93.265372
11
70.002235
21
89.682541
0
LINE
8
0
10
70.002235
20
89.682541
11
75.040439
21
86.551905
0
LINE
8
0
10
75.040439
20
86.551905
11
80.385827
21
83.903980
0
LINE
8
0
10
80.385827
20
83.903980
11
86.008353
21
81.769284
0
LINE
8
0
10
86.008353
20
81.769284
11
88.914151
21
80.903933
0
LINE
8
0
10
88.914151
20
80.903933
11
91.877965
21
80.178334
0
LINE
8
0
10
91.877965
20
80.178334
11
94.896039
21
79.596301
0
LINE
8
0
10
94.896039
20
79.596301
11
97.964616
21
79.161648
0
LINE
8
0
10
97.964616
20
79.161648
11
101.079941
21
78.878191
0
LINE
8
0
10
101.079941
20
78.878191
11
104.238257
21
78.749743
0
LINE
8
0
10
104.238257
20
78.749743
11
107.400544
21
78.779407
0
LINE
8
0
10
107.400544
20
78.779407
11
110.527513
21
78.965284
0
LINE
8
0
10
110.527513
20
78.965284
11
113.614997
21
79.303683
0
LINE
8
0
10
113.614997
20
79.303683
11
116.658834
21
79.790917
0
LINE
8
0
10
116.658834
20
79.790917
11
119.654860
21
80.423296
0
LINE
8
0
10
119.654860
20
80.423296
11
122.598911
21
81.197133
0
LINE
8
0
10
122.598911
20
81.197133
11
128.314431
21
83.154424
0
LINE
8
0
10
128.314431
20
83.154424
11
133.772084
21
85.633280
0
LINE
8
0
10
133.772084
20
85.633280
11
138.938559
21
88.604192
0
LINE
8
0
10
138.938559
20
88.604192
11
143.780545
21
92.037652
0
LINE
8
0
10
143.780545
20
92.037652
11
148.264730
21
95.904150
0
LINE
8
0
10
148.264730
20
95.904150
11
152.357805
21
100.174176
0
LINE
8
0
10
152.357805
20
100.174176
11
156.026457
21
104.818223
0
LINE
8
0
10
156.026457
20
104.818223
11
159.237376
21
109.806781
0
LINE
8
0
10
159.237376
20
109.806781
11
161.957251
21
115.110340
0
LINE
8
0
10
161.957251
20
115.110340
11
163.122638
21
117.871024
0
LINE
8
0
10
163.122638
20
117.871024
11
164.152771
21
120.699393
0
LINE
8
0
10
164.152771
20
120.699393
11
165.043489
21
123.591757
0
LINE
8
0
10
165.043489
20
123.591757
11
165.790625
21
126.544429
0
LINE
8
0
10
165.790625
20
126.544429
11
166.390018
21
129.553719
0
LINE
8
0
10
166.390018
20
129.553719
11
166.837502
21
132.615940
0
LINE
8
0
10
166.837502
20
132.615940
11
167.128915
21
135.727401
0
LINE
8
0
10
167.128915
20
135.727401
11
167.260091
21
138.884416
0
LINE
8
0
10
167.260091
20
138.884416
11
167.290404
21
140.824246
0
LINE
8
0
10
167.290404
20
140.824246
11
167.256217
21
144.069169
0
LINE
8
0
10
167.256217
20
144.069169
11
167.054459
21
147.271530
0
LINE
8
0
10
167.054459
20
147.271530
11
166.689391
21
150.427364
0
LINE
8
0
10
166.689391
20
150.427364
11
166.165278
21
153.532707
0
LINE
8
0
10
166.165278
20
153.532707
11
165.486380
21
156.583595
0
LINE
8
0
10
165.486380
20
156.583595
11
164.656960
21
159.576063
0
LINE
8
0
10
164.656960
20
159.576063
11
163.681282
21
162.506146
0
LINE
8
0
10
163.681282
20
162.506146
11
162.563607
21
165.369881
0
LINE
8
0
10
162.563607
20
165.369881
11
161.308198
21
168.163303
0
LINE
8
0
10
161.308198
20
168.163303
11
159.919317
21
170.882449
0
LINE
8
0
10
159.919317
20
170.882449
11
156.758191
21
176.082050
0
LINE
8
0
10
156.758191
20
176.082050
11
153.114328
21
180.936970
0
LINE
8
0
10
153.114328
20
180.936970
11
149.021827
21
185.415495
0
LINE
8
0
10
149.021827
20
185.415495
11
144.514790
21
189.485909
0
LINE
8
0
10
144.514790
20
189.485909
11
139.627314
21
193.116498
0
LINE
8
0
10
139.627314
20
193.116498
11
134.393501
21
196.275547
0
LINE
8
0
10
134.393501
20
196.275547
11
128.847450
21
198.931342
0
LINE
8
0
10
128.847450
20
198.931342
11
125.967991
21
200.060607
0
LINE
8
0
10
125.967991
20
200.060607
11
123.023261
21
201.052167
0
LINE
8
0
10
123.023261
20
201.052167
11
120.017520
21
201.902055
0
LINE
8
0
10
120.017520
20
201.902055
11
116.955033
21
202.606308
0
LINE
8
0
10
116.955033
20
202.606308
11
113.840061
21
203.160961
0
LINE
8
0
10
113.840061
20
203.160961
11
110.676866
21
203.562050
0
LINE
8
0
10
110.676866
20
203.562050
11
107.469712
21
203.805610
0
LINE
8
0
10
107.469712
20
203.805610
11
104.222861
21
203.887678
0
LINE
8
0
10
104.222861
20
203.887678
11
100.977557
21
203.805622
0
LINE
8
0
10
100.977557
20
203.805622
11
97.774846
21
203.562096
0
LINE
8
0
10
97.774846
20
203.562096
11
94.618691
21
203.161062
0
LINE
8
0
10
94.618691
20
203.161062
11
91.513054
21
202.606482
0
LINE
8
0
10
91.513054
20
202.606482
11
88.461900
21
201.902318
0
LINE
8
0
10
88.461900
20
201.902318
11
85.469190
21
201.052531
0
LINE
8
0
10
85.469190
20
201.052531
11
82.538888
21
200.061084
0
LINE
8
0
10
82.538888
20
200.061084
11
79.674956
21
198.931939
0
LINE
8
0
10
79.674956
20
198.931939
11
74.162056
21
196.276403
0
LINE
8
0
10
74.162056
20
196.276403
11
68.962193
21
193.117619
0
LINE
8
0
10
68.962193
20
193.117619
11
64.107070
21
189.487282
0
LINE
8
0
10
64.107070
20
189.487282
11
59.628390
21
185.417089
0
LINE
8
0
10
59.628390
20
185.417089
11
55.557857
21
180.938736
0
LINE
8
0
10
55.557857
20
180.938736
11
51.927174
21
176.083918
0
LINE
8
0
10
51.927174
20
176.083918
11
48.768045
21
170.884333
0
LINE
8
0
10
48.768045
20
170.884333
11
46.112172
21
165.371675
0
LINE
8
0
10
46.112172
20
165.371675
11
44.982864
21
162.507849
0
LINE
8
0
10
44.982864
20
162.507849
11
43.991260
21
159.577642
0
LINE
8
0
10
43.991260
20
159.577642
11
43.141320
21
156.585014
0
LINE
8
0
10
43.141320
20
156.585014
11
42.437010
21
153.533928
0
LINE
8
0
10
42.437010
20
153.533928
11
41.882291
21
150.428346
0
LINE
8
0
10
41.882291
20
150.428346
11
41.481127
21
147.272231
0
LINE
8
0
10
41.481127
20
147.272231
11
41.237480
21
144.069543
0
LINE
8
0
10
41.237480
20
144.069543
11
41.155314
21
140.824246
0
LINE
8
0
10
41.155314
20
140.824246
11
41.236868
21
137.562908
0
LINE
8
0
10
41.236868
20
137.562908
11
41.479141
21
134.343470
0
LINE
8
0
10
41.479141
20
134.343470
11
41.878253
21
131.169871
0
LINE
8
0
10
41.878253
20
131.169871
11
42.430324
21
128.046049
0
LINE
8
0
10
42.430324
20
128.046049
11
43.131476
21
124.975943
0
LINE
8
0
10
43.131476
20
124.975943
11
43.977827
21
121.963490
0
LINE
8
0
10
43.977827
20
121.963490
11
44.965498
21
119.012631
0
LINE
8
0
10
44.965498
20
119.012631
11
46.090609
21
116.127302
0
LINE
8
0
10
46.090609
20
116.127302
11
48.737633
21
110.568991
0
LINE
8
0
10
48.737633
20
110.568991
11
51.887860
21
105.320065
0
LINE
8
0
10
51.887860
20
105.320065
11
55.510251
21
100.412032
0
LINE
8
0
10
55.510251
20
100.412032
11
59.573768
21
95.876399
0
LINE
8
0
10
59.573768
20
95.876399
11
64.047372
21
91.744674
0
LINE
8
0
10
64.047372
20
91.744674
11
68.900024
21
88.048365
0
LINE
8
0
10
68.900024
20
88.048365
11
74.100686
21
84.818979
0
LINE
8
0
10
74.100686
20
84.818979
11
79.618319
21
82.088023
0
LINE
8
0
10
79.618319
20
82.088023
11
82.486300
21
80.919303
0
LINE
8
0
10
82.486300
20
80.919303
11
85.421885
21
79.887006
0
LINE
8
0
10
85.421885
20
79.887006
11
88.421193
21
78.995070
0
LINE
8
0
10
88.421193
20
78.995070
11
91.480344
21
78.247435
0
LINE
8
0
10
91.480344
20
78.247435
11
94.595460
21
77.648038
0
LINE
8
0
10
94.595460
20
77.648038
11
97.762659
21
77.200817
0
LINE
8
0
10
97.762659
20
77.200817
11
100.978063
21
76.909712
0
LINE
8
0
10
100.978063
20
76.909712
11
104.237791
21
76.778661
0
LINE
8
0
10
104.237791
20
76.778661
11
107.501495
21
76.810849
0
LINE
8
0
10
107.501495
20
76.810849
11
110.728553
21
77.004298
0
LINE
8
0
10
110.728553
20
77.004298
11
113.914679
21
77.355193
0
LINE
8
0
10
113.914679
20
77.355193
11
117.055584
21
77.859722
0
LINE
8
0
10
117.055584
20
77.859722
11
120.146979
21
78.514074
0
LINE
8
0
10
120.146979
20
78.514074
11
123.184578
21
79.314435
0
LINE
8
0
10
123.184578
20
79.314435
11
126.164091
21
80.256993
0
LINE
8
0
10
126.164091
20
80.256993
11
129.081232
21
81.337936
0
LINE
8
0
10
129.081232
20
81.337936
11
134.711241
21
83.899725
0
LINE
8
0
10
134.711241
20
83.899725
11
140.040302
21
86.969302
0
LINE
8
0
10
140.040302
20
86.969302
11
145.034111
21
90.516168
0
LINE
8
0
10
145.034111
20
90.516168
11
149.658363
21
94.509822
0
LINE
8
0
10
149.658363
20
94.509822
11
153.878755
21
98.919766
0
LINE
8
0
10
153.878755
20
98.919766
11
157.660981
21
103.715498
0
LINE
8
0
10
157.660981
20
103.715498
11
160.970739
21
108.866519
0
LINE
8
0
10
160.970739
20
108.866519
11
162.437723
21
111.565732
0
LINE
8
0
10
162.437723
20
111.565732
11
163.773725
21
114.342330
0
LINE
8
0
10
163.773725
20
114.342330
11
164.974458
21
117.192500
0
LINE
8
0
10
164.974458
20
117.192500
11
166.035633
21
120.112430
0
LINE
8
0
10
166.035633
20
120.112430
11
166.952963
21
123.098308
0
LINE
8
0
10
166.952963
20
123.098308
11
167.722161
21
126.146320
0
LINE
8
0
10
167.722161
20
126.146320
11
168.338936
21
129.252655
0
LINE
8
0
10
168.338936
20
129.252655
11
168.799003
21
132.413499
0
LINE
8
0
10
168.799003
20
132.413499
11
169.098072
21
135.625042
0
LINE
8
0
10
169.098072
20
135.625042
11
169.231856
21
138.883469
0
LINE
8
0
10
169.231856
20
138.883469
11
169.261265
21
140.824246
0
LINE
8
0
10
169.261265
20
140.824246
11
169.224514
21
144.170599
0
LINE
8
0
10
169.224514
20
144.170599
11
169.015145
21
147.473056
0
LINE
8
0
10
169.015145
20
147.473056
11
168.637545
21
150.727530
0
LINE
8
0
10
168.637545
20
150.727530
11
168.096099
21
153.929932
0
LINE
8
0
10
168.096099
20
153.929932
11
167.395194
21
157.076175
0
LINE
8
0
10
167.395194
20
157.076175
11
166.539217
21
160.162170
0
LINE
8
0
10
166.539217
20
160.162170
11
165.532552
21
163.183829
0
LINE
8
0
10
165.532552
20
163.183829
11
164.379588
21
166.137064
0
LINE
8
0
10
164.379588
20
166.137064
11
163.084711
21
169.017787
0
LINE
8
0
10
163.084711
20
169.017787
11
161.652305
21
171.821910
0
LINE
8
0
10
161.652305
20
171.821910
11
160.086759
21
174.545344
0
LINE
8
0
10
160.086759
20
174.545344
11
158.392457
21
177.184003
0
LINE
8
0
10
158.392457
20
177.184003
11
156.573788
21
179.733797
0
LINE
8
0
10
156.573788
20
179.733797
11
154.635136
21
182.190638
0
LINE
8
0
10
154.635136
20
182.190638
11
152.580888
21
184.550439
0
LINE
8
0
10
152.580888
20
184.550439
11
150.415431
21
186.809111
0
LINE
8
0
10
150.415431
20
186.809111
11
145.768433
21
191.006717
0
LINE
8
0
10
145.768433
20
191.006717
11
143.295665
21
192.937474
0
LINE
8
0
10
143.295665
20
192.937474
11
140.729233
21
194.750751
0
LINE
8
0
10
140.729233
20
194.750751
11
138.073523
21
196.442458
0
LINE
8
0
10
138.073523
20
196.442458
11
135.332922
21
198.008508
0
LINE
8
0
10
135.332922
20
198.008508
11
132.511815
21
199.444812
0
LINE
8
0
10
132.511815
20
199.444812
11
129.614589
21
200.747283
0
LINE
8
0
10
129.614589
20
200.747283
11
126.645631
21
201.911833
0
LINE
8
0
10
126.645631
20
201.911833
11
123.609326
21
202.934372
0
LINE
8
0
10
123.609326
20
202.934372
11
120.510062
21
203.810814
0
LINE
8
0
10
120.510062
20
203.810814
11
117.352223
21
204.537071
0
LINE
8
0
10
117.352223
20
204.537071
11
114.140198
21
205.109053
0
LINE
8
0
10
114.140198
20
205.109053
11
110.878371
21
205.522673
0
LINE
8
0
10
110.878371
20
205.522673
11
107.571130
21
205.773843
0
LINE
8
0
10
107.571130
20
205.773843
11
104.222861
21
205.858475
0
LINE
8
0
10
104.222861
20
205.858475
11
100.876139
21
205.773855
0
LINE
8
0
10
100.876139
20
205.773855
11
97.573341
21
205.522718
0
LINE
8
0
10
97.573341
20
205.522718
11
94.318554
21
205.109151
0
LINE
8
0
10
94.318554
20
205.109151
11
91.115865
21
204.537240
0
LINE
8
0
10
91.115865
20
204.537240
11
87.969361
21
203.811069
0
LINE
8
0
10
87.969361
20
203.811069
11
84.883127
21
202.934726
0
LINE
8
0
10
84.883127
20
202.934726
11
81.861252
21
201.912295
0
LINE
8
0
10
81.861252
20
201.912295
11
78.907821
21
200.747863
0
LINE
8
0
10
78.907821
20
200.747863
11
76.026922
21
199.445515
0
LINE
8
0
10
76.026922
20
199.445515
11
73.222642
21
198.009338
0
LINE
8
0
10
73.222642
20
198.009338
11
70.499066
21
196.443417
0
LINE
8
0
10
70.499066
20
196.443417
11
67.860282
21
194.751837
0
LINE
8
0
10
67.860282
20
194.751837
11
65.310376
21
192.938686
0
LINE
8
0
10
65.310376
20
192.938686
11
62.853436
21
191.008048
0
LINE
8
0
10
62.853436
20
191.008048
11
58.234797
21
186.810657
0
LINE
8
0
10
58.234797
20
186.810657
11
54.037061
21
182.192350
0
LINE
8
0
10
54.037061
20
182.192350
11
52.106248
21
179.735568
0
LINE
8
0
10
52.106248
20
179.735568
11
50.292921
21
177.185814
0
LINE
8
0
10
50.292921
20
177.185814
11
48.601166
21
174.547175
0
LINE
8
0
10
48.601166
20
174.547175
11
47.035070
21
171.823736
0
LINE
8
0
10
47.035070
20
171.823736
11
45.598720
21
169.019584
0
LINE
8
0
10
45.598720
20
169.019584
11
44.296203
21
166.138803
0
LINE
8
0
10
44.296203
20
166.138803
11
43.131606
21
163.185480
0
LINE
8
0
10
43.131606
20
163.185480
11
42.109014
21
160.163700
0
LINE
8
0
10
42.109014
20
160.163700
11
41.232516
21
157.077550
0
LINE
8
0
10
41.232516
20
157.077550
11
40.506197
21
153.931116
0
LINE
8
0
10
40.506197
20
153.931116
11
39.934145
21
150.728482
0
LINE
8
0
10
39.934145
20
150.728482
11
39.520446
21
147.473735
0
LINE
8
0
10
39.520446
20
147.473735
11
39.269186
21
144.170961
0
LINE
8
0
10
39.269186
20
144.170961
11
39.184454
21
140.824246
0
LINE
8
0
10
39.184454
20
140.824246
11
39.268571
21
137.461504
0
LINE
8
0
10
39.268571
20
137.461504
11
39.518452
21
134.141993
0
LINE
8
0
10
39.518452
20
134.141993
11
39.930092
21
130.869775
0
LINE
8
0
10
39.930092
20
130.869775
11
40.499489
21
127.648912
0
LINE
8
0
10
40.499489
20
127.648912
11
41.222639
21
124.483466
0
LINE
8
0
10
41.222639
20
124.483466
11
42.095538
21
121.377500
0
LINE
8
0
10
42.095538
20
121.377500
11
43.114183
21
118.335075
0
LINE
8
0
10
43.114183
20
118.335075
11
44.274571
21
115.360254
0
LINE
8
0
10
44.274571
20
115.360254
11
45.572697
21
112.457100
0
LINE
8
0
10
45.572697
20
112.457100
11
47.004558
21
109.629674
0
LINE
8
0
10
47.004558
20
109.629674
11
48.566151
21
106.882039
0
LINE
8
0
10
48.566151
20
106.882039
11
50.253472
21
104.218257
0
LINE
8
0
10
50.253472
20
104.218257
11
53.989284
21
99.158501
0
LINE
8
0
10
53.989284
20
99.158501
11
58.179967
21
94.482903
0
LINE
8
0
10
58.179967
20
94.482903
11
62.793491
21
90.223962
0
LINE
8
0
10
62.793491
20
90.223962
11
67.797829
21
86.414175
0
LINE
8
0
10
67.797829
20
86.414175
11
70.436544
21
84.687871
0
LINE
8
0
10
70.436544
20
84.687871
11
73.160951
21
83.086041
0
LINE
8
0
10
73.160951
20
83.086041
11
75.967048
21
81.612749
0
LINE
8
0
10
75.967048
20
81.612749
11
78.850831
21
80.272057
0
LINE
8
0
10
78.850831
20
80.272057
11
81.808296
21
79.068027
0
LINE
8
0
10
81.808296
20
79.068027
11
84.835439
21
78.004722
0
LINE
8
0
10
84.835439
20
78.004722
11
87.928258
21
77.086203
0
LINE
8
0
10
87.928258
20
77.086203
11
91.082748
21
76.316532
0
LINE
8
0
10
91.082748
20
76.316532
11
94.294906
21
75.699773
0
LINE
8
0
10
94.294906
20
75.699773
11
97.560728
21
75.239987
0
LINE
8
0
10
97.560728
20
75.239987
11
100.876211
21
74.941236
0
LINE
8
0
10
100.876211
20
74.941236
11
104.237352
21
74.807583
0
LINE
8
0
10
104.237352
20
74.807583
11
107.602472
21
74.842299
0
LINE
8
0
10
107.602472
20
74.842299
11
110.929621
21
75.043322
0
LINE
8
0
10
110.929621
20
75.043322
11
114.214388
21
75.406715
0
LINE
8
0
10
114.214388
20
75.406715
11
117.452360
21
75.928543
0
LINE
8
0
10
117.452360
20
75.928543
11
120.639124
21
76.604869
0
LINE
8
0
10
120.639124
20
76.604869
11
123.770270
21
77.431756
0
LINE
8
0
10
123.770270
20
77.431756
11
126.841384
21
78.405269
0
LINE
8
0
10
126.841384
20
78.405269
11
129.848055
21
79.521471
0
LINE
8
0
10
129.848055
20
79.521471
11
132.785870
21
80.776426
0
LINE
8
0
10
132.785870
20
80.776426
11
135.650417
21
82.166197
0
LINE
8
0
10
135.650417
20
82.166197
11
138.437285
21
83.686848
0
LINE
8
0
10
138.437285
20
83.686848
11
141.142060
21
85.334443
0
LINE
8
0
10
141.142060
20
85.334443
11
146.287686
21
88.994719
0
LINE
8
0
10
146.287686
20
88.994719
11
151.051999
21
93.115534
0
LINE
8
0
10
151.051999
20
93.115534
11
153.280133
21
95.338802
0
LINE
8
0
10
153.280133
20
95.338802
11
155.399702
21
97.665397
0
LINE
8
0
10
155.399702
20
97.665397
11
157.406294
21
100.091381
0
LINE
8
0
10
157.406294
20
100.091381
11
159.295496
21
102.612818
0
LINE
8
0
10
159.295496
20
102.612818
11
161.062898
21
105.225771
0
LINE
8
0
10
161.062898
20
105.225771
11
162.704086
21
107.926306
0
LINE
8
0
10
162.704086
20
107.926306
11
164.214649
21
110.710484
0
LINE
8
0
10
164.214649
20
110.710484
11
165.590174
21
113.574370
0
LINE
8
0
10
165.590174
20
113.574370
11
166.826250
21
116.514028
0
LINE
8
0
10
166.826250
20
116.514028
11
167.918464
21
119.525520
0
LINE
8
0
10
167.918464
20
119.525520
11
168.862404
21
122.604912
0
LINE
8
0
10
168.862404
20
122.604912
11
169.653657
21
125.748266
0
LINE
8
0
10
169.653657
20
125.748266
11
170.287813
21
128.951646
0
LINE
8
0
10
170.287813
20
128.951646
11
170.760458
21
132.211116
0
LINE
8
0
10
170.760458
20
132.211116
11
171.067180
21
135.522739
0
LINE
8
0
10
171.067180
20
135.522739
11
171.203568
21
138.882580
0
LINE
8
0
10
171.203568
20
138.882580
11
171.232127
21
140.824246
0
LINE
8
0
10
171.232127
20
140.824246
11
171.192812
21
144.272027
0
LINE
8
0
10
171.192812
20
144.272027
11
170.975832
21
147.674580
0
LINE
8
0
10
170.975832
20
147.674580
11
170.585697
21
151.027693
0
LINE
8
0
10
170.585697
20
151.027693
11
170.026918
21
154.327155
0
LINE
8
0
10
170.026918
20
154.327155
11
169.304006
21
157.568752
0
LINE
8
0
10
169.304006
20
157.568752
11
168.421469
21
160.748274
0
LINE
8
0
10
168.421469
20
160.748274
11
167.383819
21
163.861508
0
LINE
8
0
10
167.383819
20
163.861508
11
166.195565
21
166.904243
0
LINE
8
0
10
166.195565
20
166.904243
11
164.861218
21
169.872267
0
LINE
8
0
10
164.861218
20
169.872267
11
163.385288
21
172.761368
0
LINE
8
0
10
163.385288
20
172.761368
11
161.772285
21
175.567334
0
LINE
8
0
10
161.772285
20
175.567334
11
160.026719
21
178.285953
0
LINE
8
0
10
160.026719
20
178.285953
11
158.153100
21
180.913014
0
LINE
8
0
10
158.153100
20
180.913014
11
156.155939
21
183.444304
0
LINE
8
0
10
156.155939
20
183.444304
11
154.039746
21
185.875612
0
LINE
8
0
10
154.039746
20
185.875612
11
151.809030
21
188.202726
0
LINE
8
0
10
151.809030
20
188.202726
11
149.468302
21
190.421434
0
LINE
8
0
10
149.468302
20
190.421434
11
147.022073
21
192.527524
0
LINE
8
0
10
147.022073
20
192.527524
11
144.474852
21
194.516784
0
LINE
8
0
10
144.474852
20
194.516784
11
141.831149
21
196.385003
0
LINE
8
0
10
141.831149
20
196.385003
11
139.095475
21
198.127968
0
LINE
8
0
10
139.095475
20
198.127968
11
136.272340
21
199.741469
0
LINE
8
0
10
136.272340
20
199.741469
11
133.366254
21
201.221292
0
LINE
8
0
10
133.366254
20
201.221292
11
130.381727
21
202.563226
0
LINE
8
0
10
130.381727
20
202.563226
11
127.323269
21
203.763059
0
LINE
8
0
10
127.323269
20
203.763059
11
124.195391
21
204.816580
0
LINE
8
0
10
124.195391
20
204.816580
11
121.002602
21
205.719576
0
LINE
8
0
10
121.002602
20
205.719576
11
117.749414
21
206.467836
0
LINE
8
0
10
117.749414
20
206.467836
11
114.440335
21
207.057147
0
LINE
8
0
10
114.440335
20
207.057147
11
111.079876
21
207.483299
0
LINE
8
0
10
111.079876
20
207.483299
11
107.672548
21
207.742078
0
LINE
8
0
10
107.672548
20
207.742078
11
104.222861
21
207.829274
0
LINE
8
0
10
104.222861
20
207.829274
11
100.774720
21
207.742090
0
LINE
8
0
10
100.774720
20
207.742090
11
97.371836
21
207.483343
0
LINE
8
0
10
97.371836
20
207.483343
11
94.018417
21
207.057243
0
LINE
8
0
10
94.018417
20
207.057243
11
90.718676
21
206.468000
0
LINE
8
0
10
90.718676
20
206.468000
11
87.476821
21
205.719823
0
LINE
8
0
10
87.476821
20
205.719823
11
84.297064
21
204.816923
0
LINE
8
0
10
84.297064
20
204.816923
11
81.183616
21
203.763508
0
LINE
8
0
10
81.183616
20
203.763508
11
78.140686
21
202.563788
0
LINE
8
0
10
78.140686
20
202.563788
11
75.172487
21
201.221974
0
LINE
8
0
10
75.172487
20
201.221974
11
72.283227
21
199.742274
0
LINE
8
0
10
72.283227
20
199.742274
11
69.477118
21
198.128899
0
LINE
8
0
10
69.477118
20
198.128899
11
66.758370
21
196.386058
0
LINE
8
0
10
66.758370
20
196.386058
11
64.131195
21
194.517960
0
LINE
8
0
10
64.131195
20
194.517960
11
61.599801
21
192.528816
0
LINE
8
0
10
61.599801
20
192.528816
11
59.168401
21
190.422835
0
LINE
8
0
10
59.168401
20
190.422835
11
56.841205
21
188.204226
0
LINE
8
0
10
56.841205
20
188.204226
11
54.622422
21
185.877200
0
LINE
8
0
10
54.622422
20
185.877200
11
52.516265
21
183.445965
0
LINE
8
0
10
52.516265
20
183.445965
11
50.526943
21
180.914733
0
LINE
8
0
10
50.526943
20
180.914733
11
48.658667
21
178.287711
0
LINE
8
0
10
48.658667
20
178.287711
11
46.915647
21
175.569111
0
LINE
8
0
10
46.915647
20
175.569111
11
45.302095
21
172.763141
0
LINE
8
0
10
45.302095
20
172.763141
11
43.822220
21
169.874011
0
LINE
8
0
10
43.822220
20
169.874011
11
42.480234
21
166.905931
0
LINE
8
0
10
42.480234
20
166.905931
11
41.280347
21
163.863111
0
LINE
8
0
10
41.280347
20
163.863111
11
40.226769
21
160.749759
0
LINE
8
0
10
40.226769
20
160.749759
11
39.323711
21
157.570087
0
LINE
8
0
10
39.323711
20
157.570087
11
38.575384
21
154.328303
0
LINE
8
0
10
38.575384
20
154.328303
11
37.985998
21
151.028618
0
LINE
8
0
10
37.985998
20
151.028618
11
37.559764
21
147.675240
0
LINE
8
0
10
37.559764
20
147.675240
11
37.300892
21
144.272379
0
LINE
8
0
10
37.300892
20
144.272379
11
37.213594
21
140.824246
0
LINE
8
0
10
37.213594
20
140.824246
11
37.300274
21
137.360100
0
LINE
8
0
10
37.300274
20
137.360100
11
37.557763
21
133.940515
0
LINE
8
0
10
37.557763
20
133.940515
11
37.981932
21
130.569678
0
LINE
8
0
10
37.981932
20
130.569678
11
38.568655
21
127.251773
0
LINE
8
0
10
38.568655
20
127.251773
11
39.313804
21
123.990987
0
LINE
8
0
10
39.313804
20
123.990987
11
40.213251
21
120.791506
0
LINE
8
0
10
40.213251
20
120.791506
11
41.262871
21
117.657517
0
LINE
8
0
10
41.262871
20
117.657517
11
42.458535
21
114.593204
0
LINE
8
0
10
42.458535
20
114.593204
11
43.796116
21
111.602755
0
LINE
8
0
10
43.796116
20
111.602755
11
45.271487
21
108.690355
0
LINE
8
0
10
45.271487
20
108.690355
11
46.880521
21
105.860190
0
LINE
8
0
10
46.880521
20
105.860190
11
48.619091
21
103.116447
0
LINE
8
0
10
48.619091
20
103.116447
11
50.483068
21
100.463310
0
LINE
8
0
10
50.483068
20
100.463310
11
52.468326
21
97.904967
0
LINE
8
0
10
52.468326
20
97.904967
11
54.570738
21
95.445603
0
LINE
8
0
10
54.570738
20
95.445603
11
56.786177
21
93.089405
0
LINE
8
0
10
56.786177
20
93.089405
11
59.110514
21
90.840558
0
LINE
8
0
10
59.110514
20
90.840558
11
61.539624
21
88.703249
0
LINE
8
0
10
61.539624
20
88.703249
11
64.069378
21
86.681663
0
LINE
8
0
10
64.069378
20
86.681663
11
66.695649
21
84.779986
0
LINE
8
0
10
66.695649
20
84.779986
11
69.414310
21
83.002405
0
LINE
8
0
10
69.414310
20
83.002405
11
72.221235
21
81.353106
0
LINE
8
0
10
72.221235
20
81.353106
11
75.112295
21
79.836274
0
LINE
8
0
10
75.112295
20
79.836274
11
78.083363
21
78.456095
0
LINE
8
0
10
78.083363
20
78.456095
11
81.130312
21
77.216757
0
LINE
8
0
10
81.130312
20
77.216757
11
84.249016
21
76.122444
0
LINE
8
0
10
84.249016
20
76.122444
11
87.435345
21
75.177342
0
LINE
8
0
10
87.435345
20
75.177342
11
90.685175
21
74.385639
0
LINE
8
0
10
90.685175
20
74.385639
11
93.994376
21
73.751519
0
LINE
8
0
10
93.994376
20
73.751519
11
97.358822
21
73.279169
0
LINE
8
0
10
97.358822
20
73.279169
11
100.774385
21
72.972774
0
LINE
8
0
10
100.774385
20
72.972774
11
104.236939
21
72.836522
0
LINE
8
0
10
104.236939
20
72.836522
11
107.703476
21
72.873767
0
LINE
8
0
10
107.703476
20
72.873767
11
111.130716
21
73.082366
0
LINE
8
0
10
111.130716
20
73.082366
11
114.514123
21
73.458259
0
LINE
8
0
10
114.514123
20
73.458259
11
117.849161
21
73.997387
0
LINE
8
0
10
117.849161
20
73.997387
11
121.131294
21
74.695689
0
LINE
8
0
10
121.131294
20
74.695689
11
124.355985
21
75.549104
0
LINE
8
0
10
124.355985
20
75.549104
11
127.518698
21
76.553574
0
LINE
8
0
10
127.518698
20
76.553574
11
130.614897
21
77.705037
0
LINE
8
0
10
130.614897
20
77.705037
11
133.640046
21
78.999433
0
LINE
8
0
10
133.640046
20
78.999433
11
136.589608
21
80.432702
0
LINE
8
0
10
136.589608
20
80.432702
11
139.459047
21
82.000785
0
LINE
8
0
10
139.459047
20
82.000785
11
142.243828
21
83.699620
0
LINE
8
0
10
142.243828
20
83.699620
11
144.939413
21
85.525147
0
LINE
8
0
10
144.939413
20
85.525147
11
147.541266
21
87.473308
0
LINE
8
0
10
147.541266
20
87.473308
11
150.044852
21
89.540040
0
LINE
8
0
10
150.044852
20
89.540040
11
152.445634
21
91.721285
0
LINE
8
0
10
152.445634
20
91.721285
11
154.739076
21
94.012981
0
LINE
8
0
10
154.739076
20
94.012981
11
156.920641
21
96.411070
0
LINE
8
0
10
156.920641
20
96.411070
11
158.985793
21
98.911489
0
LINE
8
0
10
158.985793
20
98.911489
11
160.929997
21
101.510181
0
LINE
8
0
10
160.929997
20
101.510181
11
162.748715
21
104.203083
0
LINE
8
0
10
162.748715
20
104.203083
11
164.437412
21
106.986137
0
LINE
8
0
10
164.437412
20
106.986137
11
165.991552
21
109.855281
0
LINE
8
0
10
165.991552
20
109.855281
11
167.406597
21
112.806456
0
LINE
8
0
10
167.406597
20
112.806456
11
168.678013
21
115.835601
0
LINE
8
0
10
168.678013
20
115.835601
11
169.801262
21
118.938657
0
LINE
8
0
10
169.801262
20
118.938657
11
170.771808
21
122.111563
0
LINE
8
0
10
170.771808
20
122.111563
11
171.585116
21
125.350259
0
LINE
8
0
10
171.585116
20
125.350259
11
172.236648
21
128.650685
0
LINE
8
0
10
172.236648
20
128.650685
11
172.721869
21
132.008780
0
LINE
8
0
10
172.721869
20
132.008780
11
173.036243
21
135.420484
0
LINE
8
0
10
173.036243
20
135.420484
11
173.175233
21
138.881738
0
LINE
8
0
10
173.175233
20
138.881738
11
173.202988
21
140.824246
0
LINE
8
0
10
173.202988
20
140.824246
11
173.161107
21
144.373455
0
LINE
8
0
10
173.161107
20
144.373455
11
172.936516
21
147.876104
0
LINE
8
0
10
172.936516
20
147.876104
11
172.533848
21
151.327855
0
LINE
8
0
10
172.533848
20
151.327855
11
171.957737
21
154.724375
0
LINE
8
0
10
171.957737
20
154.724375
11
171.212817
21
158.061327
0
LINE
8
0
10
171.212817
20
158.061327
11
170.303721
21
161.334375
0
LINE
8
0
10
170.303721
20
161.334375
11
169.235085
21
164.539184
0
LINE
8
0
10
169.235085
20
164.539184
11
168.011542
21
167.671419
0
LINE
8
0
10
168.011542
20
167.671419
11
166.637726
21
170.726743
0
LINE
8
0
10
166.637726
20
170.726743
11
165.118271
21
173.700822
0
LINE
8
0
10
165.118271
20
173.700822
11
163.457812
21
176.589319
0
LINE
8
0
10
163.457812
20
176.589319
11
161.660981
21
179.387899
0
LINE
8
0
10
161.660981
20
179.387899
11
159.732413
21
182.092227
0
LINE
8
0
10
159.732413
20
182.092227
11
157.676743
21
184.697966
0
LINE
8
0
10
157.676743
20
184.697966
11
155.498604
21
187.200781
0
LINE
8
0
10
155.498604
20
187.200781
11
153.202630
21
189.596337
0
LINE
8
0
10
153.202630
20
189.596337
11
150.793455
21
191.880297
0
LINE
8
0
10
150.793455
20
191.880297
11
148.275713
21
194.048327
0
LINE
8
0
10
148.275713
20
194.048327
11
145.654038
21
196.096090
0
LINE
8
0
10
145.654038
20
196.096090
11
142.933065
21
198.019252
0
LINE
8
0
10
142.933065
20
198.019252
11
140.117427
21
199.813475
0
LINE
8
0
10
140.117427
20
199.813475
11
137.211758
21
201.474426
0
LINE
8
0
10
137.211758
20
201.474426
11
134.220693
21
202.997768
0
LINE
8
0
10
134.220693
20
202.997768
11
131.148864
21
204.379165
0
LINE
8
0
10
131.148864
20
204.379165
11
128.000907
21
205.614282
0
LINE
8
0
10
128.000907
20
205.614282
11
124.781455
21
206.698784
0
LINE
8
0
10
124.781455
20
206.698784
11
121.495143
21
207.628334
0
LINE
8
0
10
121.495143
20
207.628334
11
118.146604
21
208.398598
0
LINE
8
0
10
118.146604
20
208.398598
11
114.740472
21
209.005239
0
LINE
8
0
10
114.740472
20
209.005239
11
111.281381
21
209.443922
0
LINE
8
0
10
111.281381
20
209.443922
11
107.773966
21
209.710311
0
LINE
8
0
10
107.773966
20
209.710311
11
104.222861
21
209.800071
0
LINE
8
0
10
104.222861
20
209.800071
11
100.673302
21
209.710322
0
LINE
8
0
10
100.673302
20
209.710322
11
97.170331
21
209.443965
0
LINE
8
0
10
97.170331
20
209.443965
11
93.718281
21
209.005332
0
LINE
8
0
10
93.718281
20
209.005332
11
90.321486
21
208.398758
0
LINE
8
0
10
90.321486
20
208.398758
11
86.984281
21
207.628575
0
LINE
8
0
10
86.984281
20
207.628575
11
83.711001
21
206.699117
0
LINE
8
0
10
83.711001
20
206.699117
11
80.505979
21
205.614719
0
LINE
8
0
10
80.505979
20
205.614719
11
77.373551
21
204.379712
0
LINE
8
0
10
77.373551
20
204.379712
11
74.318050
21
202.998431
0
LINE
8
0
10
74.318050
20
202.998431
11
71.343812
21
201.475209
0
LINE
8
0
10
71.343812
20
201.475209
11
68.455169
21
199.814380
0
LINE
8
0
10
68.455169
20
199.814380
11
65.656458
21
198.020277
0
LINE
8
0
10
65.656458
20
198.020277
11
62.952012
21
196.097234
0
LINE
8
0
10
62.952012
20
196.097234
11
60.346166
21
194.049583
0
LINE
8
0
10
60.346166
20
194.049583
11
57.843254
21
191.881659
0
LINE
8
0
10
57.843254
20
191.881659
11
55.447611
21
189.597795
0
LINE
8
0
10
55.447611
20
189.597795
11
53.163571
21
187.202324
0
LINE
8
0
10
53.163571
20
187.202324
11
50.995468
21
184.699581
0
LINE
8
0
10
50.995468
20
184.699581
11
48.947637
21
182.093898
0
LINE
8
0
10
48.947637
20
182.093898
11
47.024412
21
179.389608
0
LINE
8
0
10
47.024412
20
179.389608
11
45.230128
21
176.591047
0
LINE
8
0
10
45.230128
20
176.591047
11
43.569119
21
173.702545
0
LINE
8
0
10
43.569119
20
173.702545
11
42.045719
21
170.728439
0
LINE
8
0
10
42.045719
20
170.728439
11
40.664264
21
167.673060
0
LINE
8
0
10
40.664264
20
167.673060
11
39.429087
21
164.540742
0
LINE
8
0
10
39.429087
20
164.540742
11
38.344523
21
161.335819
0
LINE
8
0
10
38.344523
20
161.335819
11
37.414906
21
158.062624
0
LINE
8
0
10
37.414906
20
158.062624
11
36.644570
21
154.725491
0
LINE
8
0
10
36.644570
20
154.725491
11
36.037851
21
151.328754
0
LINE
8
0
10
36.037851
20
151.328754
11
35.599082
21
147.876744
0
LINE
8
0
10
35.599082
20
147.876744
11
35.332598
21
144.373797
0
LINE
8
0
10
35.332598
20
144.373797
11
35.242733
21
140.824246
0
LINE
8
0
10
35.242733
20
140.824246
11
35.331977
21
137.258695
0
LINE
8
0
10
35.331977
20
137.258695
11
35.597074
21
133.739035
0
LINE
8
0
10
35.597074
20
133.739035
11
36.033772
21
130.269577
0
LINE
8
0
10
36.033772
20
130.269577
11
36.637821
21
126.854630
0
LINE
8
0
10
36.637821
20
126.854630
11
37.404969
21
123.498503
0
LINE
8
0
10
37.404969
20
123.498503
11
38.330967
21
120.205507
0
LINE
8
0
10
38.330967
20
120.205507
11
39.411561
21
116.979952
0
LINE
8
0
10
39.411561
20
116.979952
11
40.642503
21
113.826147
0
LINE
8
0
10
40.642503
20
113.826147
11
42.019540
21
110.748402
0
LINE
8
0
10
42.019540
20
110.748402
11
43.538421
21
107.751027
0
LINE
8
0
10
43.538421
20
107.751027
11
45.194897
21
104.838332
0
LINE
8
0
10
45.194897
20
104.838332
11
46.984715
21
102.014627
0
LINE
8
0
10
46.984715
20
102.014627
11
48.903625
21
99.284221
0
LINE
8
0
10
48.903625
20
99.284221
11
50.947376
21
96.651425
0
LINE
8
0
10
50.947376
20
96.651425
11
53.111717
21
94.120547
0
LINE
8
0
10
53.111717
20
94.120547
11
55.392396
21
91.695898
0
LINE
8
0
10
55.392396
20
91.695898
11
57.785163
21
89.381789
0
LINE
8
0
10
57.785163
20
89.381789
11
60.285768
21
87.182527
0
LINE
8
0
10
60.285768
20
87.182527
11
62.889958
21
85.102424
0
LINE
8
0
10
62.889958
20
85.102424
11
65.593483
21
83.145790
0
LINE
8
0
10
65.593483
20
83.145790
11
68.392091
21
81.316933
0
LINE
8
0
10
68.392091
20
81.316933
11
71.281533
21
79.620164
0
LINE
8
0
10
71.281533
20
79.620164
11
74.257557
21
78.059793
0
LINE
8
0
10
74.257557
20
78.059793
11
77.315912
21
76.640129
0
LINE
8
0
10
77.315912
20
76.640129
11
80.452347
21
75.365483
0
LINE
8
0
10
80.452347
20
75.365483
11
83.662610
21
74.240164
0
LINE
8
0
10
83.662610
20
74.240164
11
86.942452
21
73.268481
0
LINE
8
0
10
86.942452
20
73.268481
11
90.287621
21
72.454746
0
LINE
8
0
10
90.287621
20
72.454746
11
93.693866
21
71.803267
0
LINE
8
0
10
93.693866
20
71.803267
11
97.156936
21
71.318355
0
LINE
8
0
10
97.156936
20
71.318355
11
100.672580
21
71.004319
0
LINE
8
0
10
100.672580
20
71.004319
11
104.236547
21
70.865469
0
LINE
8
0
10
104.236547
20
70.865469
11
107.804501
21
70.905244
0
LINE
8
0
10
107.804501
20
70.905244
11
111.331832
21
71.121422
0
LINE
8
0
10
111.331832
20
71.121422
11
114.813880
21
71.509817
0
LINE
8
0
10
114.813880
20
71.509817
11
118.245983
21
72.066247
0
LINE
8
0
10
118.245983
20
72.066247
11
121.623483
21
72.786527
0
LINE
8
0
10
121.623483
20
72.786527
11
124.941719
21
73.666472
0
LINE
8
0
10
124.941719
20
73.666472
11
128.196030
21
74.701900
0
LINE
8
0
10
128.196030
20
74.701900
11
131.381756
21
75.888625
0
LINE
8
0
10
131.381756
20
75.888625
11
134.494237
21
77.222465
0
LINE
8
0
10
134.494237
20
77.222465
11
137.528812
21
78.699234
0
LINE
8
0
10
137.528812
20
78.699234
11
140.480822
21
80.314749
0
LINE
8
0
10
140.480822
20
80.314749
11
143.345605
21
82.064826
0
LINE
8
0
10
143.345605
20
82.064826
11
146.118501
21
83.945280
0
LINE
8
0
10
146.118501
20
83.945280
11
148.794851
21
85.951929
0
LINE
8
0
10
148.794851
20
85.951929
11
151.369993
21
88.080587
0
LINE
8
0
10
151.369993
20
88.080587
11
153.839268
21
90.327071
0
LINE
8
0
10
153.839268
20
90.327071
11
156.198015
21
92.687196
0
LINE
8
0
10
156.198015
20
92.687196
11
158.441574
21
95.156779
0
LINE
8
0
10
158.441574
20
95.156779
11
160.565284
21
97.731636
0
LINE
8
0
10
160.565284
20
97.731636
11
162.564486
21
100.407583
0
LINE
8
0
10
162.564486
20
100.407583
11
164.434518
21
103.180435
0
LINE
8
0
10
164.434518
20
103.180435
11
166.170721
21
106.046008
0
LINE
8
0
10
166.170721
20
106.046008
11
167.768434
21
109.000119
0
LINE
8
0
10
167.768434
20
109.000119
11
169.222997
21
112.038584
0
LINE
8
0
10
169.222997
20
112.038584
11
170.529749
21
115.157218
0
LINE
8
0
10
170.529749
20
115.157218
11
171.684031
21
118.351838
0
LINE
8
0
10
171.684031
20
118.351838
11
172.681181
21
121.618259
0
LINE
8
0
10
172.681181
20
121.618259
11
173.516540
21
124.952297
0
LINE
8
0
10
173.516540
20
124.952297
11
174.185447
21
128.349769
0
LINE
8
0
10
174.185447
20
128.349769
11
174.683242
21
131.806490
0
LINE
8
0
10
174.683242
20
131.806490
11
175.005265
21
135.318277
0
LINE
8
0
10
175.005265
20
135.318277
11
175.146855
21
138.880945
0
LINE
8
0
10
175.146855
20
138.880945
11
175.173848
21
140.824246
0
LINE
8
0
10
175.173848
20
140.824246
11
175.129410
21
144.475044
0
LINE
8
0
10
175.129410
20
144.475044
11
174.897223
21
148.077953
0
LINE
8
0
10
174.897223
20
148.077953
11
174.482045
21
151.628514
0
LINE
8
0
10
174.482045
20
151.628514
11
173.888631
21
155.122266
0
LINE
8
0
10
173.888631
20
155.122266
11
173.121740
21
158.554749
0
LINE
8
0
10
173.121740
20
158.554749
11
172.186128
21
161.921503
0
LINE
8
0
10
172.186128
20
161.921503
11
171.086551
21
165.218068
0
LINE
8
0
10
171.086551
20
165.218068
11
169.827767
21
168.439984
0
LINE
8
0
10
169.827767
20
168.439984
11
168.414533
21
171.582791
0
LINE
8
0
10
168.414533
20
171.582791
11
166.851606
21
174.642029
0
LINE
8
0
10
166.851606
20
174.642029
11
165.143743
21
177.613238
0
LINE
8
0
10
165.143743
20
177.613238
11
163.295700
21
180.491958
0
LINE
8
0
10
163.295700
20
180.491958
11
161.312234
21
183.273729
0
LINE
8
0
10
161.312234
20
183.273729
11
159.198104
21
185.954091
0
LINE
8
0
10
159.198104
20
185.954091
11
156.958064
21
188.528584
0
LINE
8
0
10
156.958064
20
188.528584
11
154.596873
21
190.992747
0
LINE
8
0
10
154.596873
20
190.992747
11
152.119287
21
193.342121
0
LINE
8
0
10
152.119287
20
193.342121
11
149.530064
21
195.572246
0
LINE
8
0
10
149.530064
20
195.572246
11
146.833960
21
197.678662
0
LINE
8
0
10
146.833960
20
197.678662
11
144.035732
21
199.656908
0
LINE
8
0
10
144.035732
20
199.656908
11
141.140137
21
201.502525
0
LINE
8
0
10
141.140137
20
201.502525
11
138.151932
21
203.211052
0
LINE
8
0
10
138.151932
20
203.211052
11
135.075874
21
204.778030
0
LINE
8
0
10
135.075874
20
204.778030
11
131.916720
21
206.198999
0
LINE
8
0
10
131.916720
20
206.198999
11
128.679226
21
207.469498
0
LINE
8
0
10
128.679226
20
207.469498
11
125.368151
21
208.585067
0
LINE
8
0
10
125.368151
20
208.585067
11
121.988250
21
209.541247
0
LINE
8
0
10
121.988250
20
209.541247
11
118.544281
21
210.333577
0
LINE
8
0
10
118.544281
20
210.333577
11
115.041001
21
210.957598
0
LINE
8
0
10
115.041001
20
210.957598
11
111.483166
21
211.408849
0
LINE
8
0
10
111.483166
20
211.408849
11
107.875533
21
211.682870
0
LINE
8
0
10
107.875533
20
211.682870
11
104.222861
21
211.775202
0
LINE
8
0
10
104.222861
20
211.775202
11
100.571732
21
211.682881
0
LINE
8
0
10
100.571732
20
211.682881
11
96.968534
21
211.408890
0
LINE
8
0
10
96.968534
20
211.408890
11
93.417725
21
210.957688
0
LINE
8
0
10
93.417725
20
210.957688
11
89.923762
21
210.333732
0
LINE
8
0
10
89.923762
20
210.333732
11
86.491104
21
209.541480
0
LINE
8
0
10
86.491104
20
209.541480
11
83.124208
21
208.585391
0
LINE
8
0
10
83.124208
20
208.585391
11
79.827532
21
207.469921
0
LINE
8
0
10
79.827532
20
207.469921
11
76.605535
21
206.199530
0
LINE
8
0
10
76.605535
20
206.199530
11
73.462674
21
204.778674
0
LINE
8
0
10
73.462674
20
204.778674
11
70.403407
21
203.211813
0
LINE
8
0
10
70.403407
20
203.211813
11
67.432193
21
201.503404
0
LINE
8
0
10
67.432193
20
201.503404
11
64.553489
21
199.657904
0
LINE
8
0
10
64.553489
20
199.657904
11
61.771754
21
197.679772
0
LINE
8
0
10
61.771754
20
197.679772
11
59.091444
21
195.573466
0
LINE
8
0
10
59.091444
20
195.573466
11
56.517019
21
193.343444
0
LINE
8
0
10
56.517019
20
193.343444
11
54.052936
21
190.994164
0
LINE
8
0
10
54.052936
20
190.994164
11
51.703654
21
188.530083
0
LINE
8
0
10
51.703654
20
188.530083
11
49.473629
21
185.955660
0
LINE
8
0
10
49.473629
20
185.955660
11
47.367321
21
183.275353
0
LINE
8
0
10
47.367321
20
183.275353
11
45.389187
21
180.493619
0
LINE
8
0
10
45.389187
20
180.493619
11
43.543685
21
177.614916
0
LINE
8
0
10
43.543685
20
177.614916
11
41.835274
21
174.643703
0
LINE
8
0
10
41.835274
20
174.643703
11
40.268410
21
171.584438
0
LINE
8
0
10
40.268410
20
171.584438
11
38.847553
21
168.441578
0
LINE
8
0
10
38.847553
20
168.441578
11
37.577159
21
165.219581
0
LINE
8
0
10
37.577159
20
165.219581
11
36.461688
21
161.922906
0
LINE
8
0
10
36.461688
20
161.922906
11
35.505597
21
158.556010
0
LINE
8
0
10
35.505597
20
158.556010
11
34.713343
21
155.123351
0
LINE
8
0
10
34.713343
20
155.123351
11
34.089386
21
151.629387
0
LINE
8
0
10
34.089386
20
151.629387
11
33.638183
21
148.078576
0
LINE
8
0
10
33.638183
20
148.078576
11
33.364192
21
144.475377
0
LINE
8
0
10
33.364192
20
144.475377
11
33.271871
21
140.824246
0
LINE
8
0
10
33.271871
20
140.824246
11
33.363771
21
137.157289
0
LINE
8
0
10
33.363771
20
137.157289
11
33.636557
21
133.537554
0
LINE
8
0
10
33.636557
20
133.537554
11
34.085855
21
129.969474
0
LINE
8
0
10
34.085855
20
129.969474
11
34.707289
21
126.457483
0
LINE
8
0
10
34.707289
20
126.457483
11
35.496487
21
123.006016
0
LINE
8
0
10
35.496487
20
123.006016
11
36.449074
21
119.619504
0
LINE
8
0
10
36.449074
20
119.619504
11
37.560675
21
116.302383
0
LINE
8
0
10
37.560675
20
116.302383
11
38.826917
21
113.059085
0
LINE
8
0
10
38.826917
20
113.059085
11
40.243425
21
109.894044
0
LINE
8
0
10
40.243425
20
109.894044
11
41.805826
21
106.811694
0
LINE
8
0
10
41.805826
20
106.811694
11
43.509745
21
103.816469
0
LINE
8
0
10
43.509745
20
103.816469
11
45.350808
21
100.912801
0
LINE
8
0
10
45.350808
20
100.912801
11
47.324642
21
98.105126
0
LINE
8
0
10
47.324642
20
98.105126
11
49.426871
21
95.397875
0
LINE
8
0
10
49.426871
20
95.397875
11
51.653121
21
92.795484
0
LINE
8
0
10
51.653121
20
92.795484
11
53.999020
21
90.302385
0
LINE
8
0
10
53.999020
20
90.302385
11
56.460191
21
87.923012
0
LINE
8
0
10
56.460191
20
87.923012
11
59.032263
21
85.661800
0
LINE
8
0
10
59.032263
20
85.661800
11
61.710859
21
83.523180
0
LINE
8
0
10
61.710859
20
83.523180
11
64.491606
21
81.511588
0
LINE
8
0
10
64.491606
20
81.511588
11
67.370131
21
79.631456
0
LINE
8
0
10
67.370131
20
79.631456
11
70.342058
21
77.887218
0
LINE
8
0
10
70.342058
20
77.887218
11
73.403014
21
76.283309
0
LINE
8
0
10
73.403014
20
76.283309
11
76.548624
21
74.824161
0
LINE
8
0
10
76.548624
20
74.824161
11
79.774515
21
73.514208
0
LINE
8
0
10
79.774515
20
73.514208
11
83.076313
21
72.357884
0
LINE
8
0
10
83.076313
20
72.357884
11
86.449642
21
71.359622
0
LINE
8
0
10
86.449642
20
71.359622
11
89.890129
21
70.523856
0
LINE
8
0
10
89.890129
20
70.523856
11
93.393401
21
69.855020
0
LINE
8
0
10
93.393401
20
69.855020
11
96.955082
21
69.357547
0
LINE
8
0
10
96.955082
20
69.357547
11
100.570799
21
69.035871
0
LINE
8
0
10
100.570799
20
69.035871
11
104.236177
21
68.894426
0
LINE
8
0
10
104.236177
20
68.894426
11
107.905548
21
68.936734
0
LINE
8
0
10
107.905548
20
68.936734
11
111.532969
21
69.160491
0
LINE
8
0
10
111.532969
20
69.160491
11
115.113656
21
69.561391
0
LINE
8
0
10
115.113656
20
69.561391
11
118.642825
21
70.135124
0
LINE
8
0
10
118.642825
20
70.135124
11
122.115691
21
70.877382
0
LINE
8
0
10
122.115691
20
70.877382
11
125.527470
21
71.783859
0
LINE
8
0
10
125.527470
20
71.783859
11
128.873378
21
72.850246
0
LINE
8
0
10
128.873378
20
72.850246
11
132.148629
21
74.072236
0
LINE
8
0
10
132.148629
20
74.072236
11
135.348441
21
75.445519
0
LINE
8
0
10
135.348441
20
75.445519
11
138.468027
21
76.965790
0
LINE
8
0
10
138.468027
20
76.965790
11
141.502604
21
78.628738
0
LINE
8
0
10
141.502604
20
78.628738
11
144.447388
21
80.430058
0
LINE
8
0
10
144.447388
20
80.430058
11
147.297593
21
82.365441
0
LINE
8
0
10
147.297593
20
82.365441
11
150.048437
21
84.430578
0
LINE
8
0
10
150.048437
20
84.430578
11
152.695133
21
86.621163
0
LINE
8
0
10
152.695133
20
86.621163
11
155.232899
21
88.932887
0
LINE
8
0
10
155.232899
20
88.932887
11
157.656948
21
91.361443
0
LINE
8
0
10
157.656948
20
91.361443
11
159.962498
21
93.902522
0
LINE
8
0
10
159.962498
20
93.902522
11
162.144764
21
96.551817
0
LINE
8
0
10
162.144764
20
96.551817
11
164.198960
21
99.305019
0
LINE
8
0
10
164.198960
20
99.305019
11
166.120304
21
102.157822
0
LINE
8
0
10
166.120304
20
102.157822
11
167.904010
21
105.105917
0
LINE
8
0
10
167.904010
20
105.105917
11
169.545294
21
108.144995
0
LINE
8
0
10
169.545294
20
108.144995
11
171.039372
21
111.270751
0
LINE
8
0
10
171.039372
20
111.270751
11
172.381458
21
114.478874
0
LINE
8
0
10
172.381458
20
114.478874
11
173.566770
21
117.765059
0
LINE
8
0
10
173.566770
20
117.765059
11
174.590522
21
121.124996
0
LINE
8
0
10
174.590522
20
121.124996
11
175.447930
21
124.554377
0
LINE
8
0
10
175.447930
20
124.554377
11
176.134210
21
128.048896
0
LINE
8
0
10
176.134210
20
128.048896
11
176.644577
21
131.604244
0
LINE
8
0
10
176.644577
20
131.604244
11
176.974247
21
135.216113
0
LINE
8
0
10
176.974247
20
135.216113
11
177.118435
21
138.880196
0
LINE
8
0
10
177.118435
20
138.880196
11
177.144708
21
140.824246
0
LINE
8
0
10
177.144708
20
140.824246
11
177.097706
21
144.576473
0
LINE
8
0
10
177.097706
20
144.576473
11
176.857909
21
148.279479
0
LINE
8
0
10
176.857909
20
148.279479
11
176.430197
21
151.928680
0
LINE
8
0
10
176.430197
20
151.928680
11
175.819452
21
155.519493
0
LINE
8
0
10
175.819452
20
155.519493
11
175.030553
21
159.047332
0
LINE
8
0
10
175.030553
20
159.047332
11
174.068383
21
162.507615
0
LINE
8
0
10
174.068383
20
162.507615
11
172.937821
21
165.895757
0
LINE
8
0
10
172.937821
20
165.895757
11
171.643749
21
169.207176
0
LINE
8
0
10
171.643749
20
169.207176
11
170.191047
21
172.437286
0
LINE
8
0
10
170.191047
20
172.437286
11
168.584595
21
175.581505
0
LINE
8
0
10
168.584595
20
175.581505
11
166.829276
21
178.635248
0
LINE
8
0
10
166.829276
20
178.635248
11
164.929969
21
181.593931
0
LINE
8
0
10
164.929969
20
181.593931
11
162.891556
21
184.452972
0
LINE
8
0
10
162.891556
20
184.452972
11
160.718916
21
187.207785
0
LINE
8
0
10
160.718916
20
187.207785
11
158.416932
21
189.853788
0
LINE
8
0
10
158.416932
20
189.853788
11
155.990483
21
192.386396
0
LINE
8
0
10
155.990483
20
192.386396
11
153.444450
21
194.801025
0
LINE
8
0
10
153.444450
20
194.801025
11
150.783715
21
197.093092
0
LINE
8
0
10
150.783715
20
197.093092
11
148.013158
21
199.258014
0
LINE
8
0
10
148.013158
20
199.258014
11
145.137659
21
201.291205
0
LINE
8
0
10
145.137659
20
201.291205
11
142.162100
21
203.188083
0
LINE
8
0
10
142.162100
20
203.188083
11
139.091361
21
204.944063
0
LINE
8
0
10
139.091361
20
204.944063
11
135.930323
21
206.554562
0
LINE
8
0
10
135.930323
20
206.554562
11
132.683868
21
208.014996
0
LINE
8
0
10
132.683868
20
208.014996
11
129.356874
21
209.320780
0
LINE
8
0
10
129.356874
20
209.320780
11
125.954225
21
210.467332
0
LINE
8
0
10
125.954225
20
210.467332
11
122.480799
21
211.450068
0
LINE
8
0
10
122.480799
20
211.450068
11
118.941478
21
212.264403
0
LINE
8
0
10
118.941478
20
212.264403
11
115.341143
21
212.905754
0
LINE
8
0
10
115.341143
20
212.905754
11
111.684675
21
213.369537
0
LINE
8
0
10
111.684675
20
213.369537
11
107.976954
21
213.651169
0
LINE
8
0
10
107.976954
20
213.651169
11
104.222861
21
213.746065
0
LINE
8
0
10
104.222861
20
213.746065
11
100.470312
21
213.651179
0
LINE
8
0
10
100.470312
20
213.651179
11
96.767025
21
213.369578
0
LINE
8
0
10
96.767025
20
213.369578
11
93.117582
21
212.905842
0
LINE
8
0
10
93.117582
20
212.905842
11
89.526564
21
212.264554
0
LINE
8
0
10
89.526564
20
212.264554
11
85.998554
21
211.450295
0
LINE
8
0
10
85.998554
20
211.450295
11
82.538133
21
210.467648
0
LINE
8
0
10
82.538133
20
210.467648
11
79.149883
21
209.321193
0
LINE
8
0
10
79.149883
20
209.321193
11
75.838386
21
208.015513
0
LINE
8
0
10
75.838386
20
208.015513
11
72.608223
21
206.555189
0
LINE
8
0
10
72.608223
20
206.555189
11
69.463977
21
204.944804
0
LINE
8
0
10
69.463977
20
204.944804
11
66.410229
21
203.188938
0
LINE
8
0
10
66.410229
20
203.188938
11
63.451561
21
201.292175
0
LINE
8
0
10
63.451561
20
201.292175
11
60.592555
21
199.259095
0
LINE
8
0
10
60.592555
20
199.259095
11
57.837792
21
197.094280
0
LINE
8
0
10
57.837792
20
197.094280
11
55.191855
21
194.802313
0
LINE
8
0
10
55.191855
20
194.802313
11
52.659326
21
192.387775
0
LINE
8
0
10
52.659326
20
192.387775
11
50.244785
21
189.855247
0
LINE
8
0
10
50.244785
20
189.855247
11
47.952816
21
187.209312
0
LINE
8
0
10
47.952816
20
187.209312
11
45.787999
21
184.454552
0
LINE
8
0
10
45.787999
20
184.454552
11
43.754917
21
181.595547
0
LINE
8
0
10
43.754917
20
181.595547
11
41.858151
21
178.636881
0
LINE
8
0
10
41.858151
20
178.636881
11
40.102284
21
175.583134
0
LINE
8
0
10
40.102284
20
175.583134
11
38.491896
21
172.438889
0
LINE
8
0
10
38.491896
20
172.438889
11
37.031571
21
169.208727
0
LINE
8
0
10
37.031571
20
169.208727
11
35.725889
21
165.897230
0
LINE
8
0
10
35.725889
20
165.897230
11
34.579432
21
162.508980
0
LINE
8
0
10
34.579432
20
162.508980
11
33.596783
21
159.048559
0
LINE
8
0
10
33.596783
20
159.048559
11
32.782523
21
155.520548
0
LINE
8
0
10
32.782523
20
155.520548
11
32.141234
21
151.929530
0
LINE
8
0
10
32.141234
20
151.929530
11
31.677498
21
148.280086
0
LINE
8
0
10
31.677498
20
148.280086
11
31.395896
21
144.576797
0
LINE
8
0
10
31.395896
20
144.576797
11
31.301010
21
140.824246
0
LINE
8
0
10
31.301010
20
140.824246
11
31.415150
21
136.715196
0
LINE
8
0
10
31.415150
20
136.715196
11
31.754970
21
132.641227
0
LINE
8
0
10
31.754970
20
132.641227
11
32.316571
21
128.610643
0
LINE
8
0
10
32.316571
20
128.610643
11
33.096051
21
124.631744
0
LINE
8
0
10
33.096051
20
124.631744
11
34.089511
21
120.712833
0
LINE
8
0
10
34.089511
20
120.712833
11
35.293052
21
116.862211
0
LINE
8
0
10
35.293052
20
116.862211
11
36.702772
21
113.088181
0
LINE
8
0
10
36.702772
20
113.088181
11
38.314773
21
109.399044
0
LINE
8
0
10
38.314773
20
109.399044
11
40.125153
21
105.803102
0
LINE
8
0
10
40.125153
20
105.803102
11
42.130013
21
102.308658
0
LINE
8
0
10
42.130013
20
102.308658
11
44.325454
21
98.924012
0
LINE
8
0
10
44.325454
20
98.924012
11
46.707574
21
95.657467
0
LINE
8
0
10
46.707574
20
95.657467
11
49.272474
21
92.517325
0
LINE
8
0
10
49.272474
20
92.517325
11
52.016254
21
89.511887
0
LINE
8
0
10
52.016254
20
89.511887
11
54.935014
21
86.649455
0
LINE
8
0
10
54.935014
20
86.649455
11
58.024854
21
83.938332
0
LINE
8
0
10
58.024854
20
83.938332
11
61.260430
21
81.402916
0
LINE
8
0
10
61.260430
20
81.402916
11
64.613081
21
79.063602
0
LINE
8
0
10
64.613081
20
79.063602
11
68.073927
21
76.922688
0
LINE
8
0
10
68.073927
20
76.922688
11
71.634088
21
74.982473
0
LINE
8
0
10
71.634088
20
74.982473
11
75.284685
21
73.245253
0
LINE
8
0
10
75.284685
20
73.245253
11
79.016838
21
71.713328
0
LINE
8
0
10
79.016838
20
71.713328
11
82.821667
21
70.388995
0
LINE
8
0
10
82.821667
20
70.388995
11
86.690293
21
69.274553
0
LINE
8
0
10
86.690293
20
69.274553
11
90.613836
21
68.372299
0
LINE
8
0
10
90.613836
20
68.372299
11
94.583416
21
67.684531
0
LINE
8
0
10
94.583416
20
67.684531
11
98.590155
21
67.213547
0
LINE
8
0
10
98.590155
20
67.213547
11
102.625171
21
66.961645
0
LINE
8
0
10
102.625171
20
66.961645
11
106.679586
21
66.931124
0
LINE
8
0
10
106.679586
20
66.931124
11
110.744520
21
67.124281
0
LINE
8
0
10
110.744520
20
67.124281
11
114.811094
21
67.543415
0
LINE
8
0
10
114.811094
20
67.543415
11
118.870427
21
68.190823
0
LINE
8
0
10
118.870427
20
68.190823
11
122.887561
21
69.062575
0
LINE
8
0
10
122.887561
20
69.062575
11
126.828500
21
70.149632
0
LINE
8
0
10
126.828500
20
70.149632
11
130.685806
21
71.446625
0
LINE
8
0
10
130.685806
20
71.446625
11
134.452041
21
72.948187
0
LINE
8
0
10
134.452041
20
72.948187
11
138.119766
21
74.648953
0
LINE
8
0
10
138.119766
20
74.648953
11
141.681545
21
76.543553
0
LINE
8
0
10
141.681545
20
76.543553
11
145.129940
21
78.626620
0
LINE
8
0
10
145.129940
20
78.626620
11
148.457512
21
80.892789
0
LINE
8
0
10
148.457512
20
80.892789
11
151.656824
21
83.336690
0
LINE
8
0
10
151.656824
20
83.336690
11
154.720437
21
85.952957
0
LINE
8
0
10
154.720437
20
85.952957
11
157.640915
21
88.736223
0
LINE
8
0
10
157.640915
20
88.736223
11
160.410820
21
91.681121
0
LINE
8
0
10
160.410820
20
91.681121
11
163.022713
21
94.782282
0
LINE
8
0
10
163.022713
20
94.782282
11
165.469156
21
98.034340
0
LINE
8
0
10
165.469156
20
98.034340
11
167.742713
21
101.431928
0
LINE
8
0
10
167.742713
20
101.431928
11
169.835944
21
104.969678
0
LINE
8
0
10
169.835944
20
104.969678
11
171.729558
21
108.618174
0
LINE
8
0
10
171.729558
20
108.618174
11
173.408807
21
112.345477
0
LINE
8
0
10
173.408807
20
112.345477
11
174.873076
21
116.142437
0
LINE
8
0
10
174.873076
20
116.142437
11
176.121746
21
119.999901
0
LINE
8
0
10
176.121746
20
119.999901
11
177.154201
21
123.908717
0
LINE
8
0
10
177.154201
20
123.908717
11
177.969824
21
127.859736
0
LINE
8
0
10
177.969824
20
127.859736
11
178.567998
21
131.843803
0
LINE
8
0
10
178.567998
20
131.843803
11
178.948105
21
135.851770
0
LINE
8
0
10
178.948105
20
135.851770
11
179.109529
21
139.874483
0
LINE
8
0
10
179.109529
20
139.874483
11
179.051652
21
143.902791
0
LINE
8
0
10
179.051652
20
143.902791
11
178.773857
21
147.927542
0
LINE
8
0
10
178.773857
20
147.927542
11
178.275527
21
151.939586
0
LINE
8
0
10
178.275527
20
151.939586
11
177.556046
21
155.929771
0
LINE
8
0
10
177.556046
20
155.929771
11
176.614796
21
159.888945
0
LINE
8
0
10
176.614796
20
159.888945
11
175.451160
21
163.807956
0
LINE
8
0
10
175.451160
20
163.807956
11
174.064520
21
167.677653
0
LINE
8
0
10
174.064520
20
167.677653
11
164.325014
21
192.651232
0
LINE
8
0
10
164.325014
20
192.651232
11
163.163727
21
192.576270
0
LINE
8
0
10
163.163727
20
192.576270
11
162.042288
21
192.723405
0
LINE
8
0
10
162.042288
20
192.723405
11
160.986241
21
193.075065
0
LINE
8
0
10
160.986241
20
193.075065
11
160.021133
21
193.613674
0
LINE
8
0
10
160.021133
20
193.613674
11
159.172509
21
194.321659
0
LINE
8
0
10
159.172509
20
194.321659
11
158.465915
21
195.181445
0
LINE
8
0
10
158.465915
20
195.181445
11
157.926897
21
196.175457
0
LINE
8
0
10
157.926897
20
196.175457
11
157.580999
21
197.286121
0
LINE
8
0
10
157.580999
20
197.286121
11
157.457481
21
198.442633
0
LINE
8
0
10
157.457481
20
198.442633
11
157.557560
21
199.568540
0
LINE
8
0
10
157.557560
20
199.568540
11
157.864751
21
200.637652
0
LINE
8
0
10
157.864751
20
200.637652
11
158.362567
21
201.623776
0
LINE
8
0
10
158.362567
20
201.623776
11
159.034523
21
202.500723
0
LINE
8
0
10
159.034523
20
202.500723
11
159.864132
21
203.242299
0
LINE
8
0
10
159.864132
20
203.242299
11
160.834909
21
203.822316
0
LINE
8
0
10
160.834909
20
203.822316
11
161.930368
21
204.214581
0
LINE
8
0
10
161.930368
20
204.214581
11
163.081102
21
204.386950
0
LINE
8
0
10
163.081102
20
204.386950
11
164.210757
21
204.334927
0
LINE
8
0
10
164.210757
20
204.334927
11
165.292421
21
204.073794
0
LINE
8
0
10
165.292421
20
204.073794
11
166.299184
21
203.618834
0
LINE
8
0
10
166.299184
20
203.618834
11
167.204133
21
202.985328
0
LINE
8
0
10
167.204133
20
202.985328
11
167.980358
21
202.188558
0
LINE
8
0
10
167.980358
20
202.188558
11
168.600947
21
201.243808
0
LINE
8
0
10
168.600947
20
201.243808
11
169.038988
21
200.166358
0
LINE
8
0
10
169.038988
20
200.166358
11
169.259404
21
199.024151
0
LINE
8
0
10
169.259404
20
199.024151
11
169.254492
21
197.893410
0
LINE
8
0
10
169.254492
20
197.893410
11
169.038453
21
196.801699
0
LINE
8
0
10
169.038453
20
196.801699
11
168.625484
21
195.776583
0
LINE
8
0
10
168.625484
20
195.776583
11
168.029786
21
194.845628
0
LINE
8
0
10
168.029786
20
194.845628
11
167.265557
21
194.036399
0
LINE
8
0
10
167.265557
20
194.036399
11
166.346995
21
193.376460
0
LINE
8
0
10
166.346995
20
193.376460
11
165.288299
21
192.893376
0
LINE
8
0
10
165.288299
20
192.893376
11
174.982605
21
168.035697
0
LINE
8
0
10
174.982605
20
168.035697
11
176.387733
21
164.114404
0
LINE
8
0
10
176.387733
20
164.114404
11
177.566884
21
160.143139
0
LINE
8
0
10
177.566884
20
160.143139
11
178.520684
21
156.131177
0
LINE
8
0
10
178.520684
20
156.131177
11
179.249759
21
152.087790
0
LINE
8
0
10
179.249759
20
152.087790
11
179.754732
21
148.022252
0
LINE
8
0
10
179.754732
20
148.022252
11
180.036231
21
143.943837
0
LINE
8
0
10
180.036231
20
143.943837
11
180.094879
21
139.861818
0
LINE
8
0
10
180.094879
20
139.861818
11
179.931303
21
135.785469
0
LINE
8
0
10
179.931303
20
135.785469
11
179.546128
21
131.724064
0
LINE
8
0
10
179.546128
20
131.724064
11
178.939978
21
127.686875
0
LINE
8
0
10
178.939978
20
127.686875
11
178.113480
21
123.683177
0
LINE
8
0
10
178.113480
20
123.683177
11
177.067259
21
119.722242
0
LINE
8
0
10
177.067259
20
119.722242
11
175.801939
21
115.813346
0
LINE
8
0
10
175.801939
20
115.813346
11
174.318147
21
111.965760
0
LINE
8
0
10
174.318147
20
111.965760
11
172.616508
21
108.188759
0
LINE
8
0
10
172.616508
20
108.188759
11
170.697646
21
104.491616
0
LINE
8
0
10
170.697646
20
104.491616
11
168.576505
21
100.906696
0
LINE
8
0
10
168.576505
20
100.906696
11
166.272634
21
97.463808
0
LINE
8
0
10
166.272634
20
97.463808
11
163.793572
21
94.168389
0
LINE
8
0
10
163.793572
20
94.168389
11
161.146854
21
91.025879
0
LINE
8
0
10
161.146854
20
91.025879
11
158.340018
21
88.041717
0
LINE
8
0
10
158.340018
20
88.041717
11
155.380600
21
85.221341
0
LINE
8
0
10
155.380600
20
85.221341
11
152.276138
21
82.570190
0
LINE
8
0
10
152.276138
20
82.570190
11
149.034169
21
80.093703
0
LINE
8
0
10
149.034169
20
80.093703
11
145.662229
21
77.797320
0
LINE
8
0
10
145.662229
20
77.797320
11
142.167857
21
75.686478
0
LINE
8
0
10
142.167857
20
75.686478
11
138.558587
21
73.766616
0
LINE
8
0
10
138.558587
20
73.766616
11
134.841959
21
72.043174
0
LINE
8
0
10
134.841959
20
72.043174
11
131.025508
21
70.521591
0
LINE
8
0
10
131.025508
20
70.521591
11
127.116771
21
69.207304
0
LINE
8
0
10
127.116771
20
69.207304
11
123.123286
21
68.105754
0
LINE
8
0
10
123.123286
20
68.105754
11
119.052590
21
67.222378
0
LINE
8
0
10
119.052590
20
67.222378
11
114.939132
21
66.566338
0
LINE
8
0
10
114.939132
20
66.566338
11
110.818337
21
66.141616
0
LINE
8
0
10
110.818337
20
66.141616
11
106.699204
21
65.945883
0
LINE
8
0
10
106.699204
20
65.945883
11
102.590730
21
65.976811
0
LINE
8
0
10
102.590730
20
65.976811
11
98.501913
21
66.232072
0
LINE
8
0
10
98.501913
20
66.232072
11
94.441752
21
66.709335
0
LINE
8
0
10
94.441752
20
66.709335
11
90.419244
21
67.406273
0
LINE
8
0
10
90.419244
20
67.406273
11
86.443387
21
68.320558
0
LINE
8
0
10
86.443387
20
68.320558
11
82.523179
21
69.449859
0
LINE
8
0
10
82.523179
20
69.449859
11
78.667619
21
70.791850
0
LINE
8
0
10
78.667619
20
70.791850
11
74.885704
21
72.344201
0
LINE
8
0
10
74.885704
20
72.344201
11
71.186433
21
74.104583
0
LINE
8
0
10
71.186433
20
74.104583
11
67.578803
21
76.070668
0
LINE
8
0
10
67.578803
20
76.070668
11
64.071812
21
78.240128
0
LINE
8
0
10
64.071812
20
78.240128
11
60.674459
21
80.610633
0
LINE
8
0
10
60.674459
20
80.610633
11
57.395741
21
83.179855
0
LINE
8
0
10
57.395741
20
83.179855
11
54.264704
21
85.927126
0
LINE
8
0
10
54.264704
20
85.927126
11
51.307028
21
88.827723
0
LINE
8
0
10
51.307028
20
88.827723
11
48.526664
21
91.873233
0
LINE
8
0
10
48.526664
20
91.873233
11
45.927566
21
95.055244
0
LINE
8
0
10
45.927566
20
95.055244
11
43.513684
21
98.365343
0
LINE
8
0
10
43.513684
20
98.365343
11
41.288971
21
101.795117
0
LINE
8
0
10
41.288971
20
101.795117
11
39.257379
21
105.336154
0
LINE
8
0
10
39.257379
20
105.336154
11
37.422861
21
108.980042
0
LINE
8
0
10
37.422861
20
108.980042
11
35.789367
21
112.718367
0
LINE
8
0
10
35.789367
20
112.718367
11
34.360850
21
116.542717
0
LINE
8
0
10
34.360850
20
116.542717
11
33.141263
21
120.444680
0
LINE
8
0
10
33.141263
20
120.444680
11
32.134556
21
124.415844
0
LINE
8
0
10
32.134556
20
124.415844
11
31.344683
21
128.447794
0
LINE
8
0
10
31.344683
20
128.447794
11
30.775595
21
132.532120
0
LINE
8
0
10
30.775595
20
132.532120
11
30.431243
21
136.660408
0
LINE
8
0
10
30.431243
20
136.660408
11
30.315581
21
140.824246
0
LINE
8
0
10
30.315581
20
140.824246
11
30.411749
21
144.627507
0
LINE
8
0
10
30.411749
20
144.627507
11
30.697156
21
148.380840
0
LINE
8
0
10
30.697156
20
148.380840
11
31.167160
21
152.079602
0
LINE
8
0
10
31.167160
20
152.079602
11
31.817115
21
155.719147
0
LINE
8
0
10
31.817115
20
155.719147
11
32.642378
21
159.294834
0
LINE
8
0
10
32.642378
20
159.294834
11
33.638307
21
162.802018
0
LINE
8
0
10
33.638307
20
162.802018
11
34.800256
21
166.236055
0
LINE
8
0
10
34.800256
20
166.236055
11
36.123582
21
169.592301
0
LINE
8
0
10
36.123582
20
169.592301
11
37.603642
21
172.866114
0
LINE
8
0
10
37.603642
20
172.866114
11
39.235791
21
176.052849
0
LINE
8
0
10
39.235791
20
176.052849
11
41.015387
21
179.147863
0
LINE
8
0
10
41.015387
20
179.147863
11
42.937784
21
182.146511
0
LINE
8
0
10
42.937784
20
182.146511
11
44.998340
21
185.044150
0
LINE
8
0
10
44.998340
20
185.044150
11
47.192411
21
187.836137
0
LINE
8
0
10
47.192411
20
187.836137
11
49.515353
21
190.517828
0
LINE
8
0
10
49.515353
20
190.517828
11
51.962523
21
193.084579
0
LINE
8
0
10
51.962523
20
193.084579
11
54.529276
21
195.531746
0
LINE
8
0
10
54.529276
20
195.531746
11
57.210968
21
197.854686
0
LINE
8
0
10
57.210968
20
197.854686
11
60.002957
21
200.048754
0
LINE
8
0
10
60.002957
20
200.048754
11
62.900598
21
202.109308
0
LINE
8
0
10
62.900598
20
202.109308
11
65.899248
21
204.031704
0
LINE
8
0
10
65.899248
20
204.031704
11
68.994263
21
205.811297
0
LINE
8
0
10
68.994263
20
205.811297
11
72.180999
21
207.443444
0
LINE
8
0
10
72.180999
20
207.443444
11
75.454813
21
208.923502
0
LINE
8
0
10
75.454813
20
208.923502
11
78.811060
21
210.246826
0
LINE
8
0
10
78.811060
20
210.246826
11
82.245097
21
211.408774
0
LINE
8
0
10
82.245097
20
211.408774
11
85.752280
21
212.404700
0
LINE
8
0
10
85.752280
20
212.404700
11
89.327966
21
213.229963
0
LINE
8
0
10
89.327966
20
213.229963
11
92.967511
21
213.879917
0
LINE
8
0
10
92.967511
20
213.879917
11
96.666271
21
214.349919
0
LINE
8
0
10
96.666271
20
214.349919
11
100.419602
21
214.635326
0
LINE
8
0
10
100.419602
20
214.635326
11
104.222861
21
214.731493
0
LINE
8
0
10
104.222861
20
214.731493
11
108.027685
21
214.635315
0
LINE
8
0
10
108.027685
20
214.635315
11
111.785510
21
214.349878
0
LINE
8
0
10
111.785510
20
214.349878
11
115.491391
21
213.879828
0
LINE
8
0
10
115.491391
20
213.879828
11
119.140379
21
213.229810
0
LINE
8
0
10
119.140379
20
213.229810
11
122.727528
21
212.404470
0
LINE
8
0
10
122.727528
20
212.404470
11
126.247892
21
211.408454
0
LINE
8
0
10
126.247892
20
211.408454
11
129.696524
21
210.246408
0
LINE
8
0
10
129.696524
20
210.246408
11
133.068476
21
208.922978
0
LINE
8
0
10
133.068476
20
208.922978
11
136.358803
21
207.442808
0
LINE
8
0
10
136.358803
20
207.442808
11
139.562558
21
205.810546
0
LINE
8
0
10
139.562558
20
205.810546
11
142.674793
21
204.030836
0
LINE
8
0
10
142.674793
20
204.030836
11
145.690562
21
202.108325
0
LINE
8
0
10
145.690562
20
202.108325
11
148.604919
21
200.047659
0
LINE
8
0
10
148.604919
20
200.047659
11
151.412916
21
197.853482
0
LINE
8
0
10
151.412916
20
197.853482
11
154.109607
21
195.530441
0
LINE
8
0
10
154.109607
20
195.530441
11
156.690045
21
193.083181
0
LINE
8
0
10
156.690045
20
193.083181
11
159.149284
21
190.516349
0
LINE
8
0
10
159.149284
20
190.516349
11
161.482377
21
187.834589
0
LINE
8
0
10
161.482377
20
187.834589
11
163.684376
21
185.042549
0
LINE
8
0
10
163.684376
20
185.042549
11
165.750336
21
182.144873
0
LINE
8
0
10
165.750336
20
182.144873
11
167.675309
21
179.146207
0
LINE
8
0
10
167.675309
20
179.146207
11
169.454349
21
176.051197
0
LINE
8
0
10
169.454349
20
176.051197
11
171.082509
21
172.864489
0
LINE
8
0
10
171.082509
20
172.864489
11
172.554842
21
169.590729
0
LINE
8
0
10
172.554842
20
169.590729
11
173.866402
21
166.234561
0
LINE
8
0
10
173.866402
20
166.234561
11
175.012242
21
162.800633
0
LINE
8
0
10
175.012242
20
162.800633
11
175.987414
21
159.293590
0
LINE
8
0
10
175.987414
20
159.293590
11
176.786974
21
155.718077
0
LINE
8
0
10
176.786974
20
155.718077
11
177.405972
21
152.078740
0
LINE
8
0
10
177.405972
20
152.078740
11
177.839464
21
148.380226
0
LINE
8
0
10
177.839464
20
148.380226
11
178.082502
21
144.627179
0
LINE
8
0
10
178.082502
20
144.627179
11
178.130140
21
140.824246
0
LINE
8
0
10
178.130140
20
140.824246
11
178.103507
21
138.853566
0
LINE
8
0
10
178.103507
20
138.853566
11
177.957343
21
135.139290
0
LINE
8
0
10
177.957343
20
135.139290
11
177.623158
21
131.477943
0
LINE
8
0
10
177.623158
20
131.477943
11
177.105799
21
127.873891
0
LINE
8
0
10
177.105799
20
127.873891
11
176.410118
21
124.331502
0
LINE
8
0
10
176.410118
20
124.331502
11
175.540965
21
120.855142
0
LINE
8
0
10
175.540965
20
120.855142
11
174.503189
21
117.449179
0
LINE
8
0
10
174.503189
20
117.449179
11
173.301640
21
114.117978
0
LINE
8
0
10
173.301640
20
114.117978
11
171.941169
21
110.865907
0
LINE
8
0
10
171.941169
20
110.865907
11
170.426624
21
107.697333
0
LINE
8
0
10
170.426624
20
107.697333
11
168.762857
21
104.616623
0
LINE
8
0
10
168.762857
20
104.616623
11
166.954717
21
101.628143
0
LINE
8
0
10
166.954717
20
101.628143
11
165.007053
21
98.736261
0
LINE
8
0
10
165.007053
20
98.736261
11
162.924717
21
95.945343
0
LINE
8
0
10
162.924717
20
95.945343
11
160.712558
21
93.259757
0
LINE
8
0
10
160.712558
20
93.259757
11
158.375425
21
90.683868
0
LINE
8
0
10
158.375425
20
90.683868
11
155.918169
21
88.222044
0
LINE
8
0
10
155.918169
20
88.222044
11
153.345640
21
85.878653
0
LINE
8
0
10
153.345640
20
85.878653
11
150.662687
21
83.658060
0
LINE
8
0
10
150.662687
20
83.658060
11
147.874161
21
81.564632
0
LINE
8
0
10
147.874161
20
81.564632
11
144.984911
21
79.602737
0
LINE
8
0
10
144.984911
20
79.602737
11
141.999788
21
77.776742
0
LINE
8
0
10
141.999788
20
77.776742
11
138.923641
21
76.091013
0
LINE
8
0
10
138.923641
20
76.091013
11
135.761321
21
74.549917
0
LINE
8
0
10
135.761321
20
74.549917
11
132.517677
21
73.157821
0
LINE
8
0
10
132.517677
20
73.157821
11
129.197558
21
71.919092
0
LINE
8
0
10
129.197558
20
71.919092
11
125.805817
21
70.838097
0
LINE
8
0
10
125.805817
20
70.838097
11
122.347301
21
69.919202
0
LINE
8
0
10
122.347301
20
69.919202
11
118.826861
21
69.166776
0
LINE
8
0
10
118.826861
20
69.166776
11
115.249347
21
68.585183
0
LINE
8
0
10
115.249347
20
68.585183
11
111.619609
21
68.178792
0
LINE
8
0
10
111.619609
20
68.178792
11
107.942497
21
67.951969
0
LINE
8
0
10
107.942497
20
67.951969
11
104.222861
21
67.909082
0
LINE
8
0
10
104.222861
20
67.909082
11
100.507272
21
68.052465
0
LINE
8
0
10
100.507272
20
68.052465
11
96.842024
21
68.378548
0
LINE
8
0
10
96.842024
20
68.378548
11
93.231553
21
68.882836
0
LINE
8
0
10
93.231553
20
68.882836
11
89.680292
21
69.560834
0
LINE
8
0
10
89.680292
20
69.560834
11
86.192674
21
70.408049
0
LINE
8
0
10
86.192674
20
70.408049
11
82.773135
21
71.419986
0
LINE
8
0
10
82.773135
20
71.419986
11
79.426108
21
72.592150
0
LINE
8
0
10
79.426108
20
72.592150
11
76.156026
21
73.920048
0
LINE
8
0
10
76.156026
20
73.920048
11
72.967325
21
75.399184
0
LINE
8
0
10
72.967325
20
75.399184
11
69.864439
21
77.025065
0
LINE
8
0
10
69.864439
20
77.025065
11
66.851800
21
78.793196
0
LINE
8
0
10
66.851800
20
78.793196
11
63.933844
21
80.699084
0
LINE
8
0
10
63.933844
20
80.699084
11
61.115004
21
82.738232
0
LINE
8
0
10
61.115004
20
82.738232
11
58.399714
21
84.906148
0
LINE
8
0
10
58.399714
20
84.906148
11
55.792409
21
87.198336
0
LINE
8
0
10
55.792409
20
87.198336
11
53.297523
21
89.610303
0
LINE
8
0
10
53.297523
20
89.610303
11
50.919489
21
92.137554
0
LINE
8
0
10
50.919489
20
92.137554
11
48.662742
21
94.775595
0
LINE
8
0
10
48.662742
20
94.775595
11
46.531715
21
97.519931
0
LINE
8
0
10
46.531715
20
97.519931
11
44.530843
21
100.366068
0
LINE
8
0
10
44.530843
20
100.366068
11
42.664560
21
103.309512
0
LINE
8
0
10
42.664560
20
103.309512
11
40.937299
21
106.345768
0
LINE
8
0
10
40.937299
20
106.345768
11
39.353496
21
109.470342
0
LINE
8
0
10
39.353496
20
109.470342
11
37.917583
21
112.678740
0
LINE
8
0
10
37.917583
20
112.678740
11
36.633996
21
115.966466
0
LINE
8
0
10
36.633996
20
115.966466
11
35.507167
21
119.329028
0
LINE
8
0
10
35.507167
20
119.329028
11
34.541532
21
122.761930
0
LINE
8
0
10
34.541532
20
122.761930
11
33.741523
21
126.260678
0
LINE
8
0
10
33.741523
20
126.260678
11
33.111576
21
129.820778
0
LINE
8
0
10
33.111576
20
129.820778
11
32.656124
21
133.437736
0
LINE
8
0
10
32.656124
20
133.437736
11
32.379601
21
137.107057
0
LINE
8
0
10
32.379601
20
137.107057
11
32.286442
21
140.824246
0
LINE
8
0
10
32.286442
20
140.824246
11
32.380045
21
144.526087
0
LINE
8
0
10
32.380045
20
144.526087
11
32.657841
21
148.179331
0
LINE
8
0
10
32.657841
20
148.179331
11
33.115311
21
151.779458
0
LINE
8
0
10
33.115311
20
151.779458
11
33.747934
21
155.321950
0
LINE
8
0
10
33.747934
20
155.321950
11
34.551191
21
158.802284
0
LINE
8
0
10
34.551191
20
158.802284
11
35.520561
21
162.215943
0
LINE
8
0
10
35.520561
20
162.215943
11
36.651525
21
165.558406
0
LINE
8
0
10
36.651525
20
165.558406
11
37.939562
21
168.825153
0
LINE
8
0
10
37.939562
20
168.825153
11
39.380154
21
172.011664
0
LINE
8
0
10
39.380154
20
172.011664
11
40.968779
21
175.113419
0
LINE
8
0
10
40.968779
20
175.113419
11
42.700919
21
178.125899
0
LINE
8
0
10
42.700919
20
178.125899
11
44.572052
21
181.044583
0
LINE
8
0
10
44.572052
20
181.044583
11
46.577660
21
183.864952
0
LINE
8
0
10
46.577660
20
183.864952
11
48.713223
21
186.582486
0
LINE
8
0
10
48.713223
20
186.582486
11
50.974220
21
189.192665
0
LINE
8
0
10
50.974220
20
189.192665
11
53.356131
21
191.690969
0
LINE
8
0
10
53.356131
20
191.690969
11
55.854437
21
194.072879
0
LINE
8
0
10
55.854437
20
194.072879
11
58.464618
21
196.333873
0
LINE
8
0
10
58.464618
20
196.333873
11
61.182154
21
198.469434
0
LINE
8
0
10
61.182154
20
198.469434
11
64.002525
21
200.475039
0
LINE
8
0
10
64.002525
20
200.475039
11
66.921211
21
202.346171
0
LINE
8
0
10
66.921211
20
202.346171
11
69.933692
21
204.078308
0
LINE
8
0
10
69.933692
20
204.078308
11
73.035448
21
205.666932
0
LINE
8
0
10
73.035448
20
205.666932
11
76.221960
21
207.107521
0
LINE
8
0
10
76.221960
20
207.107521
11
79.488707
21
208.395557
0
LINE
8
0
10
79.488707
20
208.395557
11
82.831170
21
209.526519
0
LINE
8
0
10
82.831170
20
209.526519
11
86.244829
21
210.495888
0
LINE
8
0
10
86.244829
20
210.495888
11
89.725163
21
211.299143
0
LINE
8
0
10
89.725163
20
211.299143
11
93.267653
21
211.931765
0
LINE
8
0
10
93.267653
20
211.931765
11
96.867780
21
212.389234
0
LINE
8
0
10
96.867780
20
212.389234
11
100.521022
21
212.667030
0
LINE
8
0
10
100.521022
20
212.667030
11
104.222861
21
212.760633
0
LINE
8
0
10
104.222861
20
212.760633
11
107.926265
21
212.667019
0
LINE
8
0
10
107.926265
20
212.667019
11
111.584003
21
212.389192
0
LINE
8
0
10
111.584003
20
212.389192
11
115.191252
21
211.931674
0
LINE
8
0
10
115.191252
20
211.931674
11
118.743189
21
211.298986
0
LINE
8
0
10
118.743189
20
211.298986
11
122.234991
21
210.495651
0
LINE
8
0
10
122.234991
20
210.495651
11
125.661835
21
209.526191
0
LINE
8
0
10
125.661835
20
209.526191
11
129.018897
21
208.395127
0
LINE
8
0
10
129.018897
20
208.395127
11
132.301356
21
207.106983
0
LINE
8
0
10
132.301356
20
207.106983
11
135.504387
21
205.666278
0
LINE
8
0
10
135.504387
20
205.666278
11
138.623168
21
204.077537
0
LINE
8
0
10
138.623168
20
204.077537
11
141.652876
21
202.345280
0
LINE
8
0
10
141.652876
20
202.345280
11
144.588687
21
200.474029
0
LINE
8
0
10
144.588687
20
200.474029
11
147.425779
21
198.468307
0
LINE
8
0
10
147.425779
20
198.468307
11
150.159330
21
196.332636
0
LINE
8
0
10
150.159330
20
196.332636
11
152.784514
21
194.071537
0
LINE
8
0
10
152.784514
20
194.071537
11
155.296511
21
191.689533
0
LINE
8
0
10
155.296511
20
191.689533
11
157.690496
21
189.191145
0
LINE
8
0
10
157.690496
20
189.191145
11
159.961647
21
186.580895
0
LINE
8
0
10
159.961647
20
186.580895
11
162.105141
21
183.863306
0
LINE
8
0
10
162.105141
20
183.863306
11
164.116155
21
181.042899
0
LINE
8
0
10
164.116155
20
181.042899
11
165.989865
21
178.124197
0
LINE
8
0
10
165.989865
20
178.124197
11
167.721449
21
175.111721
0
LINE
8
0
10
167.721449
20
175.111721
11
169.306083
21
172.009994
0
LINE
8
0
10
169.306083
20
172.009994
11
170.738945
21
168.823536
0
LINE
8
0
10
170.738945
20
168.823536
11
172.015212
21
165.556871
0
LINE
8
0
10
172.015212
20
165.556871
11
173.130060
21
162.214520
0
LINE
8
0
10
173.130060
20
162.214520
11
174.078667
21
158.801006
0
LINE
8
0
10
174.078667
20
158.801006
11
174.856210
21
155.320850
0
LINE
8
0
10
174.856210
20
155.320850
11
175.457865
21
151.778573
0
LINE
8
0
10
175.457865
20
151.778573
11
175.878810
21
148.178699
0
LINE
8
0
10
175.878810
20
148.178699
11
176.114222
21
144.525750
0
LINE
8
0
10
176.114222
20
144.525750
11
176.159277
21
140.824246
0
LINE
8
0
10
176.159277
20
140.824246
11
176.131906
21
138.853576
0
LINE
8
0
10
176.131906
20
138.853576
11
175.988321
21
135.240729
0
LINE
8
0
10
175.988321
20
135.240729
11
175.661763
21
131.679480
0
LINE
8
0
10
175.661763
20
131.679480
11
175.156957
21
128.174073
0
LINE
8
0
10
175.156957
20
128.174073
11
174.478628
21
124.728748
0
LINE
8
0
10
174.478628
20
124.728748
11
173.631504
21
121.347751
0
LINE
8
0
10
173.631504
20
121.347751
11
172.620309
21
118.035324
0
LINE
8
0
10
172.620309
20
118.035324
11
171.449770
21
114.795709
0
LINE
8
0
10
171.449770
20
114.795709
11
170.124612
21
111.633150
0
LINE
8
0
10
170.124612
20
111.633150
11
168.649563
21
108.551889
0
LINE
8
0
10
168.649563
20
108.551889
11
167.029347
21
105.556171
0
LINE
8
0
10
167.029347
20
105.556171
11
165.268690
21
102.650236
0
LINE
8
0
10
165.268690
20
102.650236
11
163.372320
21
99.838330
0
LINE
8
0
10
163.372320
20
99.838330
11
161.344960
21
97.124693
0
LINE
8
0
10
161.344960
20
97.124693
11
159.191339
21
94.513570
0
LINE
8
0
10
159.191339
20
94.513570
11
156.916181
21
92.009204
0
LINE
8
0
10
156.916181
20
92.009204
11
154.524212
21
89.615837
0
LINE
8
0
10
154.524212
20
89.615837
11
152.020158
21
87.337712
0
LINE
8
0
10
152.020158
20
87.337712
11
149.408746
21
85.179072
0
LINE
8
0
10
149.408746
20
85.179072
11
146.694702
21
83.144161
0
LINE
8
0
10
146.694702
20
83.144161
11
143.882750
21
81.237221
0
LINE
8
0
10
143.882750
20
81.237221
11
140.977618
21
79.462495
0
LINE
8
0
10
140.977618
20
79.462495
11
137.984031
21
77.824226
0
LINE
8
0
10
137.984031
20
77.824226
11
134.906715
21
76.326657
0
LINE
8
0
10
134.906715
20
76.326657
11
131.750397
21
74.974031
0
LINE
8
0
10
131.750397
20
74.974031
11
128.519801
21
73.770591
0
LINE
8
0
10
128.519801
20
73.770591
11
125.219655
21
72.720579
0
LINE
8
0
10
125.219655
20
72.720579
11
121.854683
21
71.828240
0
LINE
8
0
10
121.854683
20
71.828240
11
118.429613
21
71.097816
0
LINE
8
0
10
118.429613
20
71.097816
11
114.949169
21
70.533549
0
LINE
8
0
10
114.949169
20
70.533549
11
111.418079
21
70.139683
0
LINE
8
0
10
111.418079
20
70.139683
11
107.841067
21
69.920460
0
LINE
8
0
10
107.841067
20
69.920460
11
104.222861
21
69.880125
0
LINE
8
0
10
104.222861
20
69.880125
11
100.608699
21
70.020930
0
LINE
8
0
10
100.608699
20
70.020930
11
97.043547
21
70.339390
0
LINE
8
0
10
97.043547
20
70.339390
11
93.531715
21
70.831132
0
LINE
8
0
10
93.531715
20
70.831132
11
90.077513
21
71.491787
0
LINE
8
0
10
90.077513
20
71.491787
11
86.685251
21
72.316983
0
LINE
8
0
10
86.685251
20
72.316983
11
83.359240
21
73.302351
0
LINE
8
0
10
83.359240
20
73.302351
11
80.103789
21
74.443520
0
LINE
8
0
10
80.103789
20
74.443520
11
76.923210
21
75.736120
0
LINE
8
0
10
76.923210
20
75.736120
11
73.821812
21
77.175779
0
LINE
8
0
10
73.821812
20
77.175779
11
70.803905
21
78.758127
0
LINE
8
0
10
70.803905
20
78.758127
11
67.873800
21
80.478795
0
LINE
8
0
10
67.873800
20
80.478795
11
65.035808
21
82.333410
0
LINE
8
0
10
65.035808
20
82.333410
11
62.294237
21
84.317604
0
LINE
8
0
10
62.294237
20
84.317604
11
59.653400
21
86.427004
0
LINE
8
0
10
59.653400
20
86.427004
11
57.117605
21
88.657241
0
LINE
8
0
10
57.117605
20
88.657241
11
54.691163
21
91.003945
0
LINE
8
0
10
54.691163
20
91.003945
11
52.378385
21
93.462744
0
LINE
8
0
10
52.378385
20
93.462744
11
50.183580
21
96.029268
0
LINE
8
0
10
50.183580
20
96.029268
11
48.111060
21
98.699147
0
LINE
8
0
10
48.111060
20
98.699147
11
46.165133
21
101.468009
0
LINE
8
0
10
46.165133
20
101.468009
11
44.350112
21
104.331485
0
LINE
8
0
10
44.350112
20
104.331485
11
42.670304
21
107.285205
0
LINE
8
0
10
42.670304
20
107.285205
11
41.130022
21
110.324796
0
LINE
8
0
10
41.130022
20
110.324796
11
39.733575
21
113.445890
0
LINE
8
0
10
39.733575
20
113.445890
11
38.485274
21
116.644115
0
LINE
8
0
10
38.485274
20
116.644115
11
37.389429
21
119.915101
0
LINE
8
0
10
37.389429
20
119.915101
11
36.450349
21
123.254477
0
LINE
8
0
10
36.450349
20
123.254477
11
35.672346
21
126.657874
0
LINE
8
0
10
35.672346
20
126.657874
11
35.059729
21
130.120919
0
LINE
8
0
10
35.059729
20
130.120919
11
34.616810
21
133.639243
0
LINE
8
0
10
34.616810
20
133.639243
11
34.347897
21
137.208476
0
LINE
8
0
10
34.347897
20
137.208476
11
34.257302
21
140.824246
0
LINE
8
0
10
34.257302
20
140.824246
11
34.348341
21
144.424667
0
LINE
8
0
10
34.348341
20
144.424667
11
34.618526
21
147.977822
0
LINE
8
0
10
34.618526
20
147.977822
11
35.063463
21
151.479316
0
LINE
8
0
10
35.063463
20
151.479316
11
35.678753
21
154.924752
0
LINE
8
0
10
35.678753
20
154.924752
11
36.460003
21
158.309736
0
LINE
8
0
10
36.460003
20
158.309736
11
37.402815
21
161.629870
0
LINE
8
0
10
37.402815
20
161.629870
11
38.502794
21
164.880758
0
LINE
8
0
10
38.502794
20
164.880758
11
39.755542
21
168.058005
0
LINE
8
0
10
39.755542
20
168.058005
11
41.156666
21
171.157214
0
LINE
8
0
10
41.156666
20
171.157214
11
42.701767
21
174.173990
0
LINE
8
0
10
42.701767
20
174.173990
11
44.386451
21
177.103936
0
LINE
8
0
10
44.386451
20
177.103936
11
46.206321
21
179.942656
0
LINE
8
0
10
46.206321
20
179.942656
11
48.156981
21
182.685755
0
LINE
8
0
10
48.156981
20
182.685755
11
50.234034
21
185.328836
0
LINE
8
0
10
50.234034
20
185.328836
11
52.433086
21
187.867503
0
LINE
8
0
10
52.433086
20
187.867503
11
54.749740
21
190.297361
0
LINE
8
0
10
54.749740
20
190.297361
11
57.179599
21
192.614012
0
LINE
8
0
10
57.179599
20
192.614012
11
59.718268
21
194.813062
0
LINE
8
0
10
59.718268
20
194.813062
11
62.361351
21
196.890113
0
LINE
8
0
10
62.361351
20
196.890113
11
65.104452
21
198.840771
0
LINE
8
0
10
65.104452
20
198.840771
11
67.943174
21
200.660639
0
LINE
8
0
10
67.943174
20
200.660639
11
70.873121
21
202.345320
0
LINE
8
0
10
70.873121
20
202.345320
11
73.889898
21
203.890420
0
LINE
8
0
10
73.889898
20
203.890420
11
76.989108
21
205.291541
0
LINE
8
0
10
76.989108
20
205.291541
11
80.166355
21
206.544288
0
LINE
8
0
10
80.166355
20
206.544288
11
83.417244
21
207.644265
0
LINE
8
0
10
83.417244
20
207.644265
11
86.737378
21
208.587076
0
LINE
8
0
10
86.737378
20
208.587076
11
90.122360
21
209.368324
0
LINE
8
0
10
90.122360
20
209.368324
11
93.567796
21
209.983614
0
LINE
8
0
10
93.567796
20
209.983614
11
97.069289
21
210.428549
0
LINE
8
0
10
97.069289
20
210.428549
11
100.622442
21
210.698734
0
LINE
8
0
10
100.622442
20
210.698734
11
104.222861
21
210.789773
0
LINE
8
0
10
104.222861
20
210.789773
11
107.824845
21
210.698723
0
LINE
8
0
10
107.824845
20
210.698723
11
111.382497
21
210.428506
0
LINE
8
0
10
111.382497
20
210.428506
11
114.891115
21
209.983519
0
LINE
8
0
10
114.891115
20
209.983519
11
118.346001
21
209.368162
0
LINE
8
0
10
118.346001
20
209.368162
11
121.742456
21
208.586832
0
LINE
8
0
10
121.742456
20
208.586832
11
125.075780
21
207.643927
0
LINE
8
0
10
125.075780
20
207.643927
11
128.341274
21
206.543846
0
LINE
8
0
10
128.341274
20
206.543846
11
131.534238
21
205.290987
0
LINE
8
0
10
131.534238
20
205.290987
11
134.649974
21
203.889747
0
LINE
8
0
10
134.649974
20
203.889747
11
137.683783
21
202.344526
0
LINE
8
0
10
137.683783
20
202.344526
11
140.630963
21
200.659722
0
LINE
8
0
10
140.630963
20
200.659722
11
143.486818
21
198.839732
0
LINE
8
0
10
143.486818
20
198.839732
11
146.246646
21
196.888955
0
LINE
8
0
10
146.246646
20
196.888955
11
148.905750
21
194.811788
0
LINE
8
0
10
148.905750
20
194.811788
11
151.459428
21
192.612632
0
LINE
8
0
10
151.459428
20
192.612632
11
153.902984
21
190.295882
0
LINE
8
0
10
153.902984
20
190.295882
11
156.231716
21
187.865939
0
LINE
8
0
10
156.231716
20
187.865939
11
158.440926
21
185.327199
0
LINE
8
0
10
158.440926
20
185.327199
11
160.525914
21
182.684061
0
LINE
8
0
10
160.525914
20
182.684061
11
162.481982
21
179.940924
0
LINE
8
0
10
162.481982
20
179.940924
11
164.304429
21
177.102185
0
LINE
8
0
10
164.304429
20
177.102185
11
165.988557
21
174.172243
0
LINE
8
0
10
165.988557
20
174.172243
11
167.529666
21
171.155496
0
LINE
8
0
10
167.529666
20
171.155496
11
168.923056
21
168.056342
0
LINE
8
0
10
168.923056
20
168.056342
11
170.164030
21
164.879179
0
LINE
8
0
10
170.164030
20
164.879179
11
171.247887
21
161.628406
0
LINE
8
0
10
171.247887
20
161.628406
11
172.169927
21
158.308420
0
LINE
8
0
10
172.169927
20
158.308420
11
172.925453
21
154.923621
0
LINE
8
0
10
172.925453
20
154.923621
11
173.509764
21
151.478405
0
LINE
8
0
10
173.509764
20
151.478405
11
173.918161
21
147.977172
0
LINE
8
0
10
173.918161
20
147.977172
11
174.145945
21
144.424320
0
LINE
8
0
10
174.145945
20
144.424320
11
174.188416
21
140.824246
0
LINE
8
0
10
174.188416
20
140.824246
11
174.160262
21
138.853587
0
LINE
8
0
10
174.160262
20
138.853587
11
174.019258
21
135.342170
0
LINE
8
0
10
174.019258
20
135.342170
11
173.700328
21
131.881020
0
LINE
8
0
10
173.700328
20
131.881020
11
173.208075
21
128.474256
0
LINE
8
0
10
173.208075
20
128.474256
11
172.547100
21
125.125998
0
LINE
8
0
10
172.547100
20
125.125998
11
171.722005
21
121.840364
0
LINE
8
0
10
171.722005
20
121.840364
11
170.737393
21
118.621474
0
LINE
8
0
10
170.737393
20
118.621474
11
169.597865
21
115.473446
0
LINE
8
0
10
169.597865
20
115.473446
11
168.308023
21
112.400400
0
LINE
8
0
10
168.308023
20
112.400400
11
166.872470
21
109.406454
0
LINE
8
0
10
166.872470
20
109.406454
11
165.295807
21
106.495728
0
LINE
8
0
10
165.295807
20
106.495728
11
163.582636
21
103.672340
0
LINE
8
0
10
163.582636
20
103.672340
11
161.737559
21
100.940410
0
LINE
8
0
10
161.737559
20
100.940410
11
159.765179
21
98.304057
0
LINE
8
0
10
159.765179
20
98.304057
11
157.670096
21
95.767399
0
LINE
8
0
10
157.670096
20
95.767399
11
155.456914
21
93.334556
0
LINE
8
0
10
155.456914
20
93.334556
11
153.130234
21
91.009646
0
LINE
8
0
10
153.130234
20
91.009646
11
150.694659
21
88.796789
0
LINE
8
0
10
150.694659
20
88.796789
11
148.154789
21
86.700104
0
LINE
8
0
10
148.154789
20
86.700104
11
145.515227
21
84.723710
0
LINE
8
0
10
145.515227
20
84.723710
11
142.780575
21
82.871725
0
LINE
8
0
10
142.780575
20
82.871725
11
139.955436
21
81.148269
0
LINE
8
0
10
139.955436
20
81.148269
11
137.044410
21
79.557461
0
LINE
8
0
10
137.044410
20
79.557461
11
134.052101
21
78.103419
0
LINE
8
0
10
134.052101
20
78.103419
11
130.983109
21
76.790264
0
LINE
8
0
10
130.983109
20
76.790264
11
127.842037
21
75.622113
0
LINE
8
0
10
127.842037
20
75.622113
11
124.633488
21
74.603086
0
LINE
8
0
10
124.633488
20
74.603086
11
121.362062
21
73.737302
0
LINE
8
0
10
121.362062
20
73.737302
11
118.032362
21
73.028880
0
LINE
8
0
10
118.032362
20
73.028880
11
114.648990
21
72.481939
0
LINE
8
0
10
114.648990
20
72.481939
11
111.216548
21
72.100598
0
LINE
8
0
10
111.216548
20
72.100598
11
107.739637
21
71.888975
0
LINE
8
0
10
107.739637
20
71.888975
11
104.222861
21
71.851191
0
LINE
8
0
10
104.222861
20
71.851191
11
100.710125
21
71.989418
0
LINE
8
0
10
100.710125
20
71.989418
11
97.245059
21
72.300253
0
LINE
8
0
10
97.245059
20
72.300253
11
93.831852
21
72.779449
0
LINE
8
0
10
93.831852
20
72.779449
11
90.474690
21
73.422759
0
LINE
8
0
10
90.474690
20
73.422759
11
87.177759
21
74.225937
0
LINE
8
0
10
87.177759
20
74.225937
11
83.945249
21
75.184735
0
LINE
8
0
10
83.945249
20
75.184735
11
80.781344
21
76.294908
0
LINE
8
0
10
80.781344
20
76.294908
11
77.690233
21
77.552208
0
LINE
8
0
10
77.690233
20
77.552208
11
74.676103
21
78.952389
0
LINE
8
0
10
74.676103
20
78.952389
11
71.743141
21
80.491204
0
LINE
8
0
10
71.743141
20
80.491204
11
68.895533
21
82.164406
0
LINE
8
0
10
68.895533
20
82.164406
11
66.137468
21
83.967749
0
LINE
8
0
10
66.137468
20
83.967749
11
63.473131
21
85.896987
0
LINE
8
0
10
63.473131
20
85.896987
11
60.906711
21
87.947871
0
LINE
8
0
10
60.906711
20
87.947871
11
58.442395
21
90.116156
0
LINE
8
0
10
58.442395
20
90.116156
11
56.084369
21
92.397595
0
LINE
8
0
10
56.084369
20
92.397595
11
53.836821
21
94.787941
0
LINE
8
0
10
53.836821
20
94.787941
11
51.703937
21
97.282948
0
LINE
8
0
10
51.703937
20
97.282948
11
49.689905
21
99.878368
0
LINE
8
0
10
49.689905
20
99.878368
11
47.798913
21
102.569956
0
LINE
8
0
10
47.798913
20
102.569956
11
46.035147
21
105.353464
0
LINE
8
0
10
46.035147
20
105.353464
11
44.402793
21
108.224646
0
LINE
8
0
10
44.402793
20
108.224646
11
42.906041
21
111.179255
0
LINE
8
0
10
42.906041
20
111.179255
11
41.549076
21
114.213044
0
LINE
8
0
10
41.549076
20
114.213044
11
40.336085
21
117.321767
0
LINE
8
0
10
40.336085
20
117.321767
11
39.271257
21
120.501177
0
LINE
8
0
10
39.271257
20
120.501177
11
38.358777
21
123.747027
0
LINE
8
0
10
38.358777
20
123.747027
11
37.602834
21
127.055070
0
LINE
8
0
10
37.602834
20
127.055070
11
37.007613
21
130.421061
0
LINE
8
0
10
37.007613
20
130.421061
11
36.577303
21
133.840751
0
LINE
8
0
10
36.577303
20
133.840751
11
36.316090
21
137.309895
0
LINE
8
0
10
36.316090
20
137.309895
11
36.228162
21
140.824246
0
LINE
8
0
10
36.228162
20
140.824246
11
36.316744
21
144.323088
0
LINE
8
0
10
36.316744
20
144.323088
11
36.579422
21
147.775992
0
LINE
8
0
10
36.579422
20
147.775992
11
37.011923
21
151.178686
0
LINE
8
0
10
37.011923
20
151.178686
11
37.609976
21
154.526898
0
LINE
8
0
10
37.609976
20
154.526898
11
38.369307
21
157.816356
0
LINE
8
0
10
38.369307
20
157.816356
11
39.285645
21
161.042790
0
LINE
8
0
10
39.285645
20
161.042790
11
40.354716
21
164.201927
0
LINE
8
0
10
40.354716
20
164.201927
11
41.572248
21
167.289496
0
LINE
8
0
10
41.572248
20
167.289496
11
42.933969
21
170.301225
0
LINE
8
0
10
42.933969
20
170.301225
11
44.435606
21
173.232843
0
LINE
8
0
10
44.435606
20
173.232843
11
46.072887
21
176.080079
0
LINE
8
0
10
46.072887
20
176.080079
11
47.841538
21
178.838660
0
LINE
8
0
10
47.841538
20
178.838660
11
49.737289
21
181.504315
0
LINE
8
0
10
49.737289
20
181.504315
11
51.755865
21
184.072773
0
LINE
8
0
10
51.755865
20
184.072773
11
53.892996
21
186.539762
0
LINE
8
0
10
53.892996
20
186.539762
11
56.144407
21
188.901010
0
LINE
8
0
10
56.144407
20
188.901010
11
58.505827
21
191.152247
0
LINE
8
0
10
58.505827
20
191.152247
11
60.972983
21
193.289199
0
LINE
8
0
10
60.972983
20
193.289199
11
63.541603
21
195.307596
0
LINE
8
0
10
63.541603
20
195.307596
11
66.207414
21
197.203167
0
LINE
8
0
10
66.207414
20
197.203167
11
68.966143
21
198.971639
0
LINE
8
0
10
68.966143
20
198.971639
11
71.813519
21
200.608741
0
LINE
8
0
10
71.813519
20
200.608741
11
74.745268
21
202.110202
0
LINE
8
0
10
74.745268
20
202.110202
11
77.757118
21
203.471749
0
LINE
8
0
10
77.757118
20
203.471749
11
80.844797
21
204.689112
0
LINE
8
0
10
80.844797
20
204.689112
11
84.004032
21
205.758019
0
LINE
8
0
10
84.004032
20
205.758019
11
87.230551
21
206.674198
0
LINE
8
0
10
87.230551
20
206.674198
11
90.520081
21
207.433377
0
LINE
8
0
10
90.520081
20
207.433377
11
93.868349
21
208.031286
0
LINE
8
0
10
93.868349
20
208.031286
11
97.271083
21
208.463652
0
LINE
8
0
10
97.271083
20
208.463652
11
100.724011
21
208.726205
0
LINE
8
0
10
100.724011
20
208.726205
11
104.222861
21
208.814671
0
LINE
8
0
10
104.222861
20
208.814671
11
107.723280
21
208.726193
0
LINE
8
0
10
107.723280
20
208.726193
11
111.180717
21
208.463608
0
LINE
8
0
10
111.180717
20
208.463608
11
114.590595
21
208.031189
0
LINE
8
0
10
114.590595
20
208.031189
11
117.948337
21
207.433211
0
LINE
8
0
10
117.948337
20
207.433211
11
121.249367
21
206.673947
0
LINE
8
0
10
121.249367
20
206.673947
11
124.489109
21
205.757671
0
LINE
8
0
10
124.489109
20
205.757671
11
127.662985
21
204.688657
0
LINE
8
0
10
127.662985
20
204.688657
11
130.766421
21
203.471178
0
LINE
8
0
10
130.766421
20
203.471178
11
133.794838
21
202.109509
0
LINE
8
0
10
133.794838
20
202.109509
11
136.743661
21
200.607923
0
LINE
8
0
10
136.743661
20
200.607923
11
139.608312
21
198.970694
0
LINE
8
0
10
139.608312
20
198.970694
11
142.384217
21
197.202096
0
LINE
8
0
10
142.384217
20
197.202096
11
145.066797
21
195.306402
0
LINE
8
0
10
145.066797
20
195.306402
11
147.651477
21
193.287887
0
LINE
8
0
10
147.651477
20
193.287887
11
150.133681
21
191.150824
0
LINE
8
0
10
150.133681
20
191.150824
11
152.508830
21
188.899487
0
LINE
8
0
10
152.508830
20
188.899487
11
154.772350
21
186.538150
0
LINE
8
0
10
154.772350
20
186.538150
11
156.919664
21
184.071087
0
LINE
8
0
10
156.919664
20
184.071087
11
158.946195
21
181.502570
0
LINE
8
0
10
158.946195
20
181.502570
11
160.847366
21
178.836875
0
LINE
8
0
10
160.847366
20
178.836875
11
162.618602
21
176.078275
0
LINE
8
0
10
162.618602
20
176.078275
11
164.255325
21
173.231044
0
LINE
8
0
10
164.255325
20
173.231044
11
165.752960
21
170.299455
0
LINE
8
0
10
165.752960
20
170.299455
11
167.106929
21
167.287782
0
LINE
8
0
10
167.106929
20
167.287782
11
168.312657
21
164.200300
0
LINE
8
0
10
168.312657
20
164.200300
11
169.365566
21
161.041281
0
LINE
8
0
10
169.365566
20
161.041281
11
170.261081
21
157.815001
0
LINE
8
0
10
170.261081
20
157.815001
11
170.994624
21
154.525732
0
LINE
8
0
10
170.994624
20
154.525732
11
171.561620
21
151.177748
0
LINE
8
0
10
171.561620
20
151.177748
11
171.957492
21
147.775323
0
LINE
8
0
10
171.957492
20
147.775323
11
172.177662
21
144.322731
0
LINE
8
0
10
172.177662
20
144.322731
11
172.217556
21
140.824246
0
LINE
8
0
10
172.217556
20
140.824246
11
172.188574
21
138.853600
0
LINE
8
0
10
172.188574
20
138.853600
11
172.050150
21
135.443613
0
LINE
8
0
10
172.050150
20
135.443613
11
171.738849
21
132.082562
0
LINE
8
0
10
171.738849
20
132.082562
11
171.259150
21
128.774443
0
LINE
8
0
10
171.259150
20
128.774443
11
170.615529
21
125.523251
0
LINE
8
0
10
170.615529
20
125.523251
11
169.812466
21
122.332982
0
LINE
8
0
10
169.812466
20
122.332982
11
168.854437
21
119.207629
0
LINE
8
0
10
168.854437
20
119.207629
11
167.745922
21
116.151189
0
LINE
8
0
10
167.745922
20
116.151189
11
166.491397
21
113.167656
0
LINE
8
0
10
166.491397
20
113.167656
11
165.095342
21
110.261025
0
LINE
8
0
10
165.095342
20
110.261025
11
163.562233
21
107.435292
0
LINE
8
0
10
163.562233
20
107.435292
11
161.896549
21
104.694451
0
LINE
8
0
10
161.896549
20
104.694451
11
160.102769
21
102.042498
0
LINE
8
0
10
160.102769
20
102.042498
11
158.185369
21
99.483427
0
LINE
8
0
10
158.185369
20
99.483427
11
156.148828
21
97.021235
0
LINE
8
0
10
156.148828
20
97.021235
11
153.997624
21
94.659915
0
LINE
8
0
10
153.997624
20
94.659915
11
151.736234
21
92.403463
0
LINE
8
0
10
151.736234
20
92.403463
11
149.369138
21
90.255874
0
LINE
8
0
10
149.369138
20
90.255874
11
146.900812
21
88.221144
0
LINE
8
0
10
146.900812
20
88.221144
11
144.335736
21
86.303266
0
LINE
8
0
10
144.335736
20
86.303266
11
141.678386
21
84.506237
0
LINE
8
0
10
141.678386
20
84.506237
11
138.933240
21
82.834051
0
LINE
8
0
10
138.933240
20
82.834051
11
136.104778
21
81.290704
0
LINE
8
0
10
136.104778
20
81.290704
11
133.197476
21
79.880190
0
LINE
8
0
10
133.197476
20
79.880190
11
130.215813
21
78.606504
0
LINE
8
0
10
130.215813
20
78.606504
11
127.164267
21
77.473643
0
LINE
8
0
10
127.164267
20
77.473643
11
124.047315
21
76.485600
0
LINE
8
0
10
124.047315
20
76.485600
11
120.869436
21
75.646371
0
LINE
8
0
10
120.869436
20
75.646371
11
117.635108
21
74.959950
0
LINE
8
0
10
117.635108
20
74.959950
11
114.348808
21
74.430334
0
LINE
8
0
10
114.348808
20
74.430334
11
111.015015
21
74.061517
0
LINE
8
0
10
111.015015
20
74.061517
11
107.638206
21
73.857494
0
LINE
8
0
10
107.638206
20
73.857494
11
104.222861
21
73.822260
0
LINE
8
0
10
104.222861
20
73.822260
11
100.811553
21
73.957908
0
LINE
8
0
10
100.811553
20
73.957908
11
97.446584
21
74.261118
0
LINE
8
0
10
97.446584
20
74.261118
11
94.132017
21
74.727767
0
LINE
8
0
10
94.132017
20
74.727767
11
90.871914
21
75.353731
0
LINE
8
0
10
90.871914
20
75.353731
11
87.670340
21
76.134889
0
LINE
8
0
10
87.670340
20
76.134889
11
84.531357
21
77.067118
0
LINE
8
0
10
84.531357
20
77.067118
11
81.459029
21
78.146294
0
LINE
8
0
10
81.459029
20
78.146294
11
78.457420
21
79.368295
0
LINE
8
0
10
78.457420
20
79.368295
11
75.530592
21
80.728997
0
LINE
8
0
10
75.530592
20
80.728997
11
72.682609
21
82.224278
0
LINE
8
0
10
72.682609
20
82.224278
11
69.917535
21
83.850016
0
LINE
8
0
10
69.917535
20
83.850016
11
67.239433
21
85.602086
0
LINE
8
0
10
67.239433
20
85.602086
11
64.652365
21
87.476367
0
LINE
8
0
10
64.652365
20
87.476367
11
62.160396
21
89.468735
0
LINE
8
0
10
62.160396
20
89.468735
11
59.767589
21
91.575068
0
LINE
8
0
10
59.767589
20
91.575068
11
57.478007
21
93.791243
0
LINE
8
0
10
57.478007
20
93.791243
11
55.295714
21
96.113136
0
LINE
8
0
10
55.295714
20
96.113136
11
53.224773
21
98.536625
0
LINE
8
0
10
53.224773
20
98.536625
11
51.269246
21
101.057588
0
LINE
8
0
10
51.269246
20
101.057588
11
49.433199
21
103.671900
0
LINE
8
0
10
49.433199
20
103.671900
11
47.720693
21
106.375441
0
LINE
8
0
10
47.720693
20
106.375441
11
46.135793
21
109.164085
0
LINE
8
0
10
46.135793
20
109.164085
11
44.682561
21
112.033711
0
LINE
8
0
10
44.682561
20
112.033711
11
43.365062
21
114.980196
0
LINE
8
0
10
43.365062
20
114.980196
11
42.187358
21
117.999417
0
LINE
8
0
10
42.187358
20
117.999417
11
41.153513
21
121.087251
0
LINE
8
0
10
41.153513
20
121.087251
11
40.267589
21
124.239575
0
LINE
8
0
10
40.267589
20
124.239575
11
39.533652
21
127.452266
0
LINE
8
0
10
39.533652
20
127.452266
11
38.955763
21
130.721201
0
LINE
8
0
10
38.955763
20
130.721201
11
38.537986
21
134.042259
0
LINE
8
0
10
38.537986
20
134.042259
11
38.284385
21
137.411314
0
LINE
8
0
10
38.284385
20
137.411314
11
38.199022
21
140.824246
0
LINE
8
0
10
38.199022
20
140.824246
11
38.285030
21
144.221670
0
LINE
8
0
10
38.285030
20
144.221670
11
38.540088
21
147.574487
0
LINE
8
0
10
38.540088
20
147.574487
11
38.960049
21
150.878550
0
LINE
8
0
10
38.960049
20
150.878550
11
39.540763
21
154.129709
0
LINE
8
0
10
39.540763
20
154.129709
11
40.278082
21
157.323819
0
LINE
8
0
10
40.278082
20
157.323819
11
41.167856
21
160.456730
0
LINE
8
0
10
41.167856
20
160.456730
11
42.205938
21
163.524295
0
LINE
8
0
10
42.205938
20
163.524295
11
43.388179
21
166.522367
0
LINE
8
0
10
43.388179
20
166.522367
11
44.710429
21
169.446797
0
LINE
8
0
10
44.710429
20
169.446797
11
46.168541
21
172.293438
0
LINE
8
0
10
46.168541
20
172.293438
11
47.758365
21
175.058143
0
LINE
8
0
10
47.758365
20
175.058143
11
49.475753
21
177.736763
0
LINE
8
0
10
49.475753
20
177.736763
11
51.316555
21
180.325150
0
LINE
8
0
10
51.316555
20
180.325150
11
53.276624
21
182.819158
0
LINE
8
0
10
53.276624
20
182.819158
11
55.351811
21
185.214637
0
LINE
8
0
10
55.351811
20
185.214637
11
57.537966
21
187.507441
0
LINE
8
0
10
57.537966
20
187.507441
11
59.830942
21
189.693422
0
LINE
8
0
10
59.830942
20
189.693422
11
62.226588
21
191.768432
0
LINE
8
0
10
62.226588
20
191.768432
11
64.720758
21
193.728323
0
LINE
8
0
10
64.720758
20
193.728323
11
67.309301
21
195.568948
0
LINE
8
0
10
67.309301
20
195.568948
11
69.988070
21
197.286158
0
LINE
8
0
10
69.988070
20
197.286158
11
72.752915
21
198.875806
0
LINE
8
0
10
72.752915
20
198.875806
11
75.599689
21
200.333745
0
LINE
8
0
10
75.599689
20
200.333745
11
78.524241
21
201.655826
0
LINE
8
0
10
78.524241
20
201.655826
11
81.522423
21
202.837901
0
LINE
8
0
10
81.522423
20
202.837901
11
84.590088
21
203.875824
0
LINE
8
0
10
84.590088
20
203.875824
11
87.723085
21
204.765446
0
LINE
8
0
10
87.723085
20
204.765446
11
90.917267
21
205.502620
0
LINE
8
0
10
90.917267
20
205.502620
11
94.168484
21
206.083197
0
LINE
8
0
10
94.168484
20
206.083197
11
97.472587
21
206.503031
0
LINE
8
0
10
97.472587
20
206.503031
11
100.825429
21
206.757972
0
LINE
8
0
10
100.825429
20
206.757972
11
104.222861
21
206.843875
0
LINE
8
0
10
104.222861
20
206.843875
11
107.621863
21
206.757960
0
LINE
8
0
10
107.621863
20
206.757960
11
110.979214
21
206.502985
0
LINE
8
0
10
110.979214
20
206.502985
11
114.290463
21
206.083097
0
LINE
8
0
10
114.290463
20
206.083097
11
117.551157
21
205.502448
0
LINE
8
0
10
117.551157
20
205.502448
11
120.756842
21
204.765187
0
LINE
8
0
10
120.756842
20
204.765187
11
123.903065
21
203.875465
0
LINE
8
0
10
123.903065
20
203.875465
11
126.985375
21
202.837432
0
LINE
8
0
10
126.985375
20
202.837432
11
129.999318
21
201.655237
0
LINE
8
0
10
129.999318
20
201.655237
11
132.940441
21
200.333031
0
LINE
8
0
10
132.940441
20
200.333031
11
135.804292
21
198.874963
0
LINE
8
0
10
135.804292
20
198.874963
11
138.586418
21
197.285184
0
LINE
8
0
10
138.586418
20
197.285184
11
141.282366
21
195.567844
0
LINE
8
0
10
141.282366
20
195.567844
11
143.887683
21
193.727093
0
LINE
8
0
10
143.887683
20
193.727093
11
146.397917
21
191.767080
0
LINE
8
0
10
146.397917
20
191.767080
11
148.808614
21
189.691957
0
LINE
8
0
10
148.808614
20
189.691957
11
151.115323
21
187.505872
0
LINE
8
0
10
151.115323
20
187.505872
11
153.313590
21
185.212976
0
LINE
8
0
10
153.313590
20
185.212976
11
155.398962
21
182.817419
0
LINE
8
0
10
155.398962
20
182.817419
11
157.366987
21
180.323352
0
LINE
8
0
10
157.366987
20
180.323352
11
159.213212
21
177.734923
0
LINE
8
0
10
159.213212
20
177.734923
11
160.933185
21
175.056284
0
LINE
8
0
10
160.933185
20
175.056284
11
162.522451
21
172.291584
0
LINE
8
0
10
162.522451
20
172.291584
11
163.976559
21
169.444973
0
LINE
8
0
10
163.976559
20
169.444973
11
165.291056
21
166.520601
0
LINE
8
0
10
165.291056
20
166.520601
11
166.461489
21
163.522619
0
LINE
8
0
10
166.461489
20
163.522619
11
167.483405
21
160.455176
0
LINE
8
0
10
167.483405
20
160.455176
11
168.352352
21
157.322422
0
LINE
8
0
10
168.352352
20
157.322422
11
169.063876
21
154.128508
0
LINE
8
0
10
169.063876
20
154.128508
11
169.613526
21
150.877583
0
LINE
8
0
10
169.613526
20
150.877583
11
169.996847
21
147.573798
0
LINE
8
0
10
169.996847
20
147.573798
11
170.209388
21
144.221302
0
LINE
8
0
10
170.209388
20
144.221302
11
170.246696
21
140.824246
0
LINE
8
0
10
170.246696
20
140.824246
11
170.216835
21
138.853611
0
LINE
8
0
10
170.216835
20
138.853611
11
170.080993
21
135.545054
0
LINE
8
0
10
170.080993
20
135.545054
11
169.777323
21
132.284103
0
LINE
8
0
10
169.777323
20
132.284103
11
169.310178
21
129.074630
0
LINE
8
0
10
169.310178
20
129.074630
11
168.683914
21
125.920506
0
LINE
8
0
10
168.683914
20
125.920506
11
167.902883
21
122.825601
0
LINE
8
0
10
167.902883
20
122.825601
11
166.971440
21
119.793787
0
LINE
8
0
10
166.971440
20
119.793787
11
165.893938
21
116.828935
0
LINE
8
0
10
165.893938
20
116.828935
11
164.674732
21
113.934916
0
LINE
8
0
10
164.674732
20
113.934916
11
163.318176
21
111.115601
0
LINE
8
0
10
163.318176
20
111.115601
11
161.828624
21
108.374862
0
LINE
8
0
10
161.828624
20
108.374862
11
160.210429
21
105.716569
0
LINE
8
0
10
160.210429
20
105.716569
11
158.467946
21
103.144594
0
LINE
8
0
10
158.467946
20
103.144594
11
154.627531
21
98.275081
0
LINE
8
0
10
154.627531
20
98.275081
11
150.342211
21
93.797292
0
LINE
8
0
10
150.342211
20
93.797292
11
145.646816
21
89.742197
0
LINE
8
0
10
145.646816
20
89.742197
11
140.576179
21
86.140764
0
LINE
8
0
10
140.576179
20
86.140764
11
135.165132
21
83.023962
0
LINE
8
0
10
135.165132
20
83.023962
11
132.342840
21
81.656976
0
LINE
8
0
10
132.342840
20
81.656976
11
129.448507
21
80.422761
0
LINE
8
0
10
129.448507
20
80.422761
11
126.486488
21
79.325189
0
LINE
8
0
10
126.486488
20
79.325189
11
123.461136
21
78.368130
0
LINE
8
0
10
123.461136
20
78.368130
11
120.376805
21
77.555455
0
LINE
8
0
10
120.376805
20
77.555455
11
117.237849
21
76.891037
0
LINE
8
0
10
117.237849
20
76.891037
11
114.048623
21
76.378745
0
LINE
8
0
10
114.048623
20
76.378745
11
110.813480
21
76.022451
0
LINE
8
0
10
110.813480
20
76.022451
11
107.536775
21
75.826027
0
LINE
8
0
10
107.536775
20
75.826027
11
104.222861
21
75.793343
0
LINE
8
0
10
104.222861
20
75.793343
11
100.912983
21
75.926410
0
LINE
8
0
10
100.912983
20
75.926410
11
97.648110
21
76.221994
0
LINE
8
0
10
97.648110
20
76.221994
11
94.432183
21
76.676095
0
LINE
8
0
10
94.432183
20
76.676095
11
91.269141
21
77.284713
0
LINE
8
0
10
91.269141
20
77.284713
11
88.162923
21
78.043851
0
LINE
8
0
10
88.162923
20
78.043851
11
85.117469
21
78.949509
0
LINE
8
0
10
85.117469
20
78.949509
11
82.136719
21
79.997687
0
LINE
8
0
10
82.136719
20
79.997687
11
79.224611
21
81.184388
0
LINE
8
0
10
79.224611
20
81.184388
11
76.385087
21
82.505611
0
LINE
8
0
10
76.385087
20
82.505611
11
73.622085
21
83.957358
0
LINE
8
0
10
73.622085
20
83.957358
11
68.341405
21
87.236427
0
LINE
8
0
10
68.341405
20
87.236427
11
63.414090
21
90.989602
0
LINE
8
0
10
63.414090
20
90.989602
11
58.871656
21
95.184892
0
LINE
8
0
10
58.871656
20
95.184892
11
54.745619
21
99.790304
0
LINE
8
0
10
54.745619
20
99.790304
11
51.067496
21
104.773845
0
LINE
8
0
10
51.067496
20
104.773845
11
47.868804
21
110.103524
0
LINE
8
0
10
47.868804
20
110.103524
11
46.459093
21
112.888167
0
LINE
8
0
10
46.459093
20
112.888167
11
45.181059
21
115.747348
0
LINE
8
0
10
45.181059
20
115.747348
11
44.038641
21
118.677066
0
LINE
8
0
10
44.038641
20
118.677066
11
43.035778
21
121.673324
0
LINE
8
0
10
43.035778
20
121.673324
11
42.176411
21
124.732122
0
LINE
8
0
10
42.176411
20
124.732122
11
41.464478
21
127.849461
0
LINE
8
0
10
41.464478
20
127.849461
11
40.903919
21
131.021342
0
LINE
8
0
10
40.903919
20
131.021342
11
40.498675
21
134.243766
0
LINE
8
0
10
40.498675
20
134.243766
11
40.252683
21
137.512733
0
LINE
8
0
10
40.252683
20
137.512733
11
40.169885
21
140.824246
0
LINE
8
0
10
40.169885
20
140.824246
11
40.253328
21
144.120252
0
LINE
8
0
10
40.253328
20
144.120252
11
40.500776
21
147.372983
0
LINE
8
0
10
40.500776
20
147.372983
11
40.908203
21
150.578414
0
LINE
8
0
10
40.908203
20
150.578414
11
41.471584
21
153.732522
0
LINE
8
0
10
41.471584
20
153.732522
11
42.186895
21
156.831282
0
LINE
8
0
10
42.186895
20
156.831282
11
43.050111
21
159.870671
0
LINE
8
0
10
43.050111
20
159.870671
11
44.057207
21
162.846665
0
LINE
8
0
10
44.057207
20
162.846665
11
45.204158
21
165.755239
0
LINE
8
0
10
45.204158
20
165.755239
11
46.486940
21
168.592370
0
LINE
8
0
10
46.486940
20
168.592370
11
47.901526
21
171.354035
0
LINE
8
0
10
47.901526
20
171.354035
11
51.110016
21
176.634867
0
LINE
8
0
10
51.110016
20
176.634867
11
54.797430
21
181.565543
0
LINE
8
0
10
54.797430
20
181.565543
11
58.931567
21
186.113874
0
LINE
8
0
10
58.931567
20
186.113874
11
63.480230
21
190.247666
0
LINE
8
0
10
63.480230
20
190.247666
11
68.411218
21
193.934729
0
LINE
8
0
10
68.411218
20
193.934729
11
73.692335
21
197.142872
0
LINE
8
0
10
73.692335
20
197.142872
11
76.454128
21
198.557288
0
LINE
8
0
10
76.454128
20
198.557288
11
79.291379
21
199.839902
0
LINE
8
0
10
79.291379
20
199.839902
11
82.200062
21
200.986691
0
LINE
8
0
10
82.200062
20
200.986691
11
85.176153
21
201.993629
0
LINE
8
0
10
85.176153
20
201.993629
11
88.215626
21
202.856695
0
LINE
8
0
10
88.215626
20
202.856695
11
91.314457
21
203.571862
0
LINE
8
0
10
91.314457
20
203.571862
11
94.468621
21
204.135108
0
LINE
8
0
10
94.468621
20
204.135108
11
97.674092
21
204.542409
0
LINE
8
0
10
97.674092
20
204.542409
11
100.926847
21
204.789740
0
LINE
8
0
10
100.926847
20
204.789740
11
104.222861
21
204.873078
0
LINE
8
0
10
104.222861
20
204.873078
11
107.520445
21
204.789728
0
LINE
8
0
10
107.520445
20
204.789728
11
110.777712
21
204.542361
0
LINE
8
0
10
110.777712
20
204.542361
11
113.990333
21
204.135005
0
LINE
8
0
10
113.990333
20
204.135005
11
117.153977
21
203.571685
0
LINE
8
0
10
117.153977
20
203.571685
11
120.264317
21
202.856428
0
LINE
8
0
10
120.264317
20
202.856428
11
123.317023
21
201.993259
0
LINE
8
0
10
123.317023
20
201.993259
11
126.307765
21
200.986206
0
LINE
8
0
10
126.307765
20
200.986206
11
129.232216
21
199.839295
0
LINE
8
0
10
129.232216
20
199.839295
11
132.086046
21
198.556551
0
LINE
8
0
10
132.086046
20
198.556551
11
134.864925
21
197.142002
0
LINE
8
0
10
134.864925
20
197.142002
11
140.180517
21
193.933591
0
LINE
8
0
10
140.180517
20
193.933591
11
145.144359
21
190.246271
0
LINE
8
0
10
145.144359
20
190.246271
11
149.721820
21
186.112254
0
LINE
8
0
10
149.721820
20
186.112254
11
153.878265
21
181.563750
0
LINE
8
0
10
153.878265
20
181.563750
11
157.579063
21
176.632969
0
LINE
8
0
10
157.579063
20
176.632969
11
159.247772
21
174.034290
0
LINE
8
0
10
159.247772
20
174.034290
11
160.789582
21
171.352121
0
LINE
8
0
10
160.789582
20
171.352121
11
162.200163
21
168.590488
0
LINE
8
0
10
162.200163
20
168.590488
11
163.475187
21
165.753417
0
LINE
8
0
10
163.475187
20
165.753417
11
164.610326
21
162.844935
0
LINE
8
0
10
164.610326
20
162.844935
11
165.601248
21
159.869068
0
LINE
8
0
10
165.601248
20
159.869068
11
166.443627
21
156.829841
0
LINE
8
0
10
166.443627
20
156.829841
11
167.133132
21
153.731282
0
LINE
8
0
10
167.133132
20
153.731282
11
167.665434
21
150.577417
0
LINE
8
0
10
167.665434
20
150.577417
11
168.036205
21
147.372272
0
LINE
8
0
10
168.036205
20
147.372272
11
168.241115
21
144.119872
0
LINE
8
0
10
168.241115
20
144.119872
11
168.275836
21
140.824246
0
LINE
8
0
10
168.275836
20
140.824246
11
168.245041
21
138.853627
0
LINE
8
0
10
168.245041
20
138.853627
11
168.111781
21
135.646501
0
LINE
8
0
10
168.111781
20
135.646501
11
167.815743
21
132.485650
0
LINE
8
0
10
167.815743
20
132.485650
11
167.361155
21
129.374823
0
LINE
8
0
10
167.361155
20
129.374823
11
166.752248
21
126.317766
0
LINE
8
0
10
166.752248
20
126.317766
11
165.993251
21
123.318227
0
LINE
8
0
10
165.993251
20
123.318227
11
165.088395
21
120.379952
0
LINE
8
0
10
165.088395
20
120.379952
11
164.041910
21
117.506689
0
LINE
8
0
10
164.041910
20
117.506689
11
162.858025
21
114.702185
0
LINE
8
0
10
162.858025
20
114.702185
11
161.540970
21
111.970187
0
LINE
8
0
10
161.540970
20
111.970187
11
160.094977
21
109.314442
0
LINE
8
0
10
160.094977
20
109.314442
11
156.833090
21
104.246701
0
LINE
8
0
10
156.833090
20
104.246701
11
153.106205
21
99.528939
0
LINE
8
0
10
153.106205
20
99.528939
11
148.948162
21
95.191134
0
LINE
8
0
10
148.948162
20
95.191134
11
144.392799
21
91.263264
0
LINE
8
0
10
144.392799
20
91.263264
11
139.473957
21
87.775305
0
LINE
8
0
10
139.473957
20
87.775305
11
134.225475
21
84.757236
0
LINE
8
0
10
134.225475
20
84.757236
11
128.681193
21
82.239033
0
LINE
8
0
10
128.681193
20
82.239033
11
122.874951
21
80.250674
0
LINE
8
0
10
122.874951
20
80.250674
11
119.884170
21
79.464554
0
LINE
8
0
10
119.884170
20
79.464554
11
116.840589
21
78.822136
0
LINE
8
0
10
116.840589
20
78.822136
11
113.748437
21
78.327169
0
LINE
8
0
10
113.748437
20
78.327169
11
110.611945
21
77.983398
0
LINE
8
0
10
110.611945
20
77.983398
11
107.435343
21
77.794571
0
LINE
8
0
10
107.435343
20
77.794571
11
104.222861
21
77.764436
0
LINE
8
0
10
104.222861
20
77.764436
11
101.014413
21
77.894923
0
LINE
8
0
10
101.014413
20
77.894923
11
97.849639
21
78.182879
0
LINE
8
0
10
97.849639
20
78.182879
11
94.732354
21
78.624431
0
LINE
8
0
10
94.732354
20
78.624431
11
91.666374
21
79.215703
0
LINE
8
0
10
91.666374
20
79.215703
11
88.655516
21
79.952820
0
LINE
8
0
10
88.655516
20
79.952820
11
85.703594
21
80.831906
0
LINE
8
0
10
85.703594
20
80.831906
11
79.991823
21
83.000486
0
LINE
8
0
10
79.991823
20
83.000486
11
74.561588
21
85.690442
0
LINE
8
0
10
74.561588
20
85.690442
11
69.443415
21
88.870771
0
LINE
8
0
10
69.443415
20
88.870771
11
64.667828
21
92.510472
0
LINE
8
0
10
64.667828
20
92.510472
11
60.265355
21
96.578544
0
LINE
8
0
10
60.265355
20
96.578544
11
56.266520
21
101.043984
0
LINE
8
0
10
56.266520
20
101.043984
11
52.701851
21
105.875791
0
LINE
8
0
10
52.701851
20
105.875791
11
49.601872
21
111.042964
0
LINE
8
0
10
49.601872
20
111.042964
11
46.997110
21
116.514500
0
LINE
8
0
10
46.997110
20
116.514500
11
44.918091
21
122.259398
0
LINE
8
0
10
44.918091
20
122.259398
11
44.085274
21
125.224669
0
LINE
8
0
10
44.085274
20
125.224669
11
43.395339
21
128.246656
0
LINE
8
0
10
43.395339
20
128.246656
11
42.852104
21
131.321482
0
LINE
8
0
10
42.852104
20
131.321482
11
42.459382
21
134.445273
0
LINE
8
0
10
42.459382
20
134.445273
11
42.220991
21
137.614152
0
LINE
8
0
10
42.220991
20
137.614152
11
42.140746
21
140.824246
0
LINE
8
0
10
42.140746
20
140.824246
11
42.221624
21
144.018834
0
LINE
8
0
10
42.221624
20
144.018834
11
42.461460
21
147.171479
0
LINE
8
0
10
42.461460
20
147.171479
11
42.856353
21
150.278279
0
LINE
8
0
10
42.856353
20
150.278279
11
43.402402
21
153.335334
0
LINE
8
0
10
43.402402
20
153.335334
11
44.095706
21
156.338746
0
LINE
8
0
10
44.095706
20
156.338746
11
44.932363
21
159.284612
0
LINE
8
0
10
44.932363
20
159.284612
11
45.908473
21
162.169034
0
LINE
8
0
10
45.908473
20
162.169034
11
47.020135
21
164.988111
0
LINE
8
0
10
47.020135
20
164.988111
11
49.634510
21
170.414631
0
LINE
8
0
10
49.634510
20
170.414631
11
52.744278
21
175.532971
0
LINE
8
0
10
52.744278
20
175.532971
11
56.318234
21
180.311929
0
LINE
8
0
10
56.318234
20
180.311929
11
60.325167
21
184.720306
0
LINE
8
0
10
60.325167
20
184.720306
11
64.733870
21
188.726900
0
LINE
8
0
10
64.733870
20
188.726900
11
69.513135
21
192.300511
0
LINE
8
0
10
69.513135
20
192.300511
11
74.631753
21
195.409937
0
LINE
8
0
10
74.631753
20
195.409937
11
80.058517
21
198.023979
0
LINE
8
0
10
80.058517
20
198.023979
11
82.877700
21
199.135480
0
LINE
8
0
10
82.877700
20
199.135480
11
85.762217
21
200.111435
0
LINE
8
0
10
85.762217
20
200.111435
11
88.708167
21
200.947943
0
LINE
8
0
10
88.708167
20
200.947943
11
91.711647
21
201.641104
0
LINE
8
0
10
91.711647
20
201.641104
11
94.768758
21
202.187019
0
LINE
8
0
10
94.768758
20
202.187019
11
97.875598
21
202.581787
0
LINE
8
0
10
97.875598
20
202.581787
11
101.028265
21
202.821507
0
LINE
8
0
10
101.028265
20
202.821507
11
104.222861
21
202.902281
0
LINE
8
0
10
104.222861
20
202.902281
11
107.419028
21
202.821495
0
LINE
8
0
10
107.419028
20
202.821495
11
110.576210
21
202.581738
0
LINE
8
0
10
110.576210
20
202.581738
11
113.690202
21
202.186913
0
LINE
8
0
10
113.690202
20
202.186913
11
116.756798
21
201.640922
0
LINE
8
0
10
116.756798
20
201.640922
11
119.771792
21
200.947668
0
LINE
8
0
10
119.771792
20
200.947668
11
122.730980
21
200.111053
0
LINE
8
0
10
122.730980
20
200.111053
11
125.630156
21
199.134980
0
LINE
8
0
10
125.630156
20
199.134980
11
128.465115
21
198.023352
0
LINE
8
0
10
128.465115
20
198.023352
11
133.925558
21
195.409039
0
LINE
8
0
10
133.925558
20
195.409039
11
139.078668
21
192.299335
0
LINE
8
0
10
139.078668
20
192.299335
11
143.890801
21
188.725460
0
LINE
8
0
10
143.890801
20
188.725460
11
148.328315
21
184.718634
0
LINE
8
0
10
148.328315
20
184.718634
11
152.357566
21
180.310078
0
LINE
8
0
10
152.357566
20
180.310078
11
155.944912
21
175.531011
0
LINE
8
0
10
155.944912
20
175.531011
11
159.056709
21
170.412656
0
LINE
8
0
10
159.056709
20
170.412656
11
160.423764
21
167.736000
0
LINE
8
0
10
160.423764
20
167.736000
11
161.659316
21
164.986231
0
LINE
8
0
10
161.659316
20
164.986231
11
162.759159
21
162.167248
0
LINE
8
0
10
162.759159
20
162.167248
11
163.719088
21
159.282957
0
LINE
8
0
10
163.719088
20
159.282957
11
164.534898
21
156.337258
0
LINE
8
0
10
164.534898
20
156.337258
11
165.202384
21
153.334054
0
LINE
8
0
10
165.202384
20
153.334054
11
165.717339
21
150.277249
0
LINE
8
0
10
165.717339
20
150.277249
11
166.075560
21
147.170744
0
LINE
8
0
10
166.075560
20
147.170744
11
166.272839
21
144.018442
0
LINE
8
0
10
166.272839
20
144.018442
11
166.304973
21
140.824246
0
LINE
8
0
10
166.304973
20
140.824246
11
166.273186
21
138.853642
0
LINE
8
0
10
166.273186
20
138.853642
11
166.142512
21
135.747948
0
LINE
8
0
10
166.142512
20
135.747948
11
165.854108
21
132.687199
0
LINE
8
0
10
165.854108
20
132.687199
11
165.412080
21
129.675018
0
LINE
8
0
10
165.412080
20
129.675018
11
164.820533
21
126.715030
0
LINE
8
0
10
164.820533
20
126.715030
11
164.083574
21
123.810856
0
LINE
8
0
10
164.083574
20
123.810856
11
163.205308
21
120.966121
0
LINE
8
0
10
163.205308
20
120.966121
11
161.041280
21
115.469459
0
LINE
8
0
10
161.041280
20
115.469459
11
158.361297
21
110.254029
0
LINE
8
0
10
158.361297
20
110.254029
11
155.198206
21
105.348816
0
LINE
8
0
10
155.198206
20
105.348816
11
151.584856
21
100.782807
0
LINE
8
0
10
151.584856
20
100.782807
11
147.554093
21
96.584988
0
LINE
8
0
10
147.554093
20
96.584988
11
143.138766
21
92.784343
0
LINE
8
0
10
143.138766
20
92.784343
11
138.371722
21
89.409860
0
LINE
8
0
10
138.371722
20
89.409860
11
133.285808
21
86.490523
0
LINE
8
0
10
133.285808
20
86.490523
11
127.913872
21
84.055318
0
LINE
8
0
10
127.913872
20
84.055318
11
122.288762
21
82.133232
0
LINE
8
0
10
122.288762
20
82.133232
11
116.443325
21
80.753249
0
LINE
8
0
10
116.443325
20
80.753249
11
113.448249
21
80.275605
0
LINE
8
0
10
113.448249
20
80.275605
11
110.410409
21
79.944357
0
LINE
8
0
10
110.410409
20
79.944357
11
107.333911
21
79.763127
0
LINE
8
0
10
107.333911
20
79.763127
11
104.222861
21
79.735540
0
LINE
8
0
10
104.222861
20
79.735540
11
101.115843
21
79.863444
0
LINE
8
0
10
101.115843
20
79.863444
11
98.051166
21
80.143773
0
LINE
8
0
10
98.051166
20
80.143773
11
95.032523
21
80.572775
0
LINE
8
0
10
95.032523
20
80.572775
11
92.063604
21
81.146699
0
LINE
8
0
10
92.063604
20
81.146699
11
86.289710
21
82.714308
0
LINE
8
0
10
86.289710
20
82.714308
11
80.759019
21
84.816588
0
LINE
8
0
10
80.759019
20
84.816588
11
75.501068
21
87.423527
0
LINE
8
0
10
75.501068
20
87.423527
11
70.545391
21
90.505116
0
LINE
8
0
10
70.545391
20
90.505116
11
65.921525
21
94.031342
0
LINE
8
0
10
65.921525
20
94.031342
11
61.659006
21
97.972194
0
LINE
8
0
10
61.659006
20
97.972194
11
57.787369
21
102.297663
0
LINE
8
0
10
57.787369
20
102.297663
11
54.336149
21
106.977736
0
LINE
8
0
10
54.336149
20
106.977736
11
51.334883
21
111.982402
0
LINE
8
0
10
51.334883
20
111.982402
11
48.813107
21
117.281650
0
LINE
8
0
10
48.813107
20
117.281650
11
46.800355
21
122.845470
0
LINE
8
0
10
46.800355
20
122.845470
11
45.326164
21
128.643850
0
LINE
8
0
10
45.326164
20
128.643850
11
44.800258
21
131.621622
0
LINE
8
0
10
44.800258
20
131.621622
11
44.420069
21
134.646779
0
LINE
8
0
10
44.420069
20
134.646779
11
44.189287
21
137.715571
0
LINE
8
0
10
44.189287
20
137.715571
11
44.111606
21
140.824246
0
LINE
8
0
10
44.111606
20
140.824246
11
44.189920
21
143.917417
0
LINE
8
0
10
44.189920
20
143.917417
11
44.422145
21
146.969974
0
LINE
8
0
10
44.422145
20
146.969974
11
44.804504
21
149.978143
0
LINE
8
0
10
44.804504
20
149.978143
11
45.333221
21
152.938147
0
LINE
8
0
10
45.333221
20
152.938147
11
46.814615
21
158.698554
0
LINE
8
0
10
46.814615
20
158.698554
11
48.836112
21
164.220984
0
LINE
8
0
10
48.836112
20
164.220984
11
51.367492
21
169.475228
0
LINE
8
0
10
51.367492
20
169.475228
11
54.378540
21
174.431075
0
LINE
8
0
10
54.378540
20
174.431075
11
57.839037
21
179.058316
0
LINE
8
0
10
57.839037
20
179.058316
11
61.718765
21
183.326739
0
LINE
8
0
10
61.718765
20
183.326739
11
65.987509
21
187.206135
0
LINE
8
0
10
65.987509
20
187.206135
11
70.615050
21
190.666294
0
LINE
8
0
10
70.615050
20
190.666294
11
75.571170
21
193.677005
0
LINE
8
0
10
75.571170
20
193.677005
11
80.825653
21
196.208058
0
LINE
8
0
10
80.825653
20
196.208058
11
86.348281
21
198.229243
0
LINE
8
0
10
86.348281
20
198.229243
11
92.108836
21
199.710349
0
LINE
8
0
10
92.108836
20
199.710349
11
95.068894
21
200.238933
0
LINE
8
0
10
95.068894
20
200.238933
11
98.077102
21
200.621168
0
LINE
8
0
10
98.077102
20
200.621168
11
101.129683
21
200.853278
0
LINE
8
0
10
101.129683
20
200.853278
11
104.222861
21
200.931487
0
LINE
8
0
10
104.222861
20
200.931487
11
107.317611
21
200.853265
0
LINE
8
0
10
107.317611
20
200.853265
11
110.374709
21
200.621117
0
LINE
8
0
10
110.374709
20
200.621117
11
113.390073
21
200.238822
0
LINE
8
0
10
113.390073
20
200.238822
11
116.359621
21
199.710160
0
LINE
8
0
10
116.359621
20
199.710160
11
122.144943
21
198.228848
0
LINE
8
0
10
122.144943
20
198.228848
11
127.698021
21
196.207409
0
LINE
8
0
10
127.698021
20
196.207409
11
132.986203
21
193.676076
0
LINE
8
0
10
132.986203
20
193.676076
11
137.976835
21
190.665078
0
LINE
8
0
10
137.976835
20
190.665078
11
142.637263
21
187.204646
0
LINE
8
0
10
142.637263
20
187.204646
11
146.934833
21
183.325010
0
LINE
8
0
10
146.934833
20
183.325010
11
150.836893
21
179.056401
0
LINE
8
0
10
150.836893
20
179.056401
11
154.310788
21
174.429049
0
LINE
8
0
10
154.310788
20
174.429049
11
157.323866
21
169.473184
0
LINE
8
0
10
157.323866
20
169.473184
11
159.843472
21
164.219038
0
LINE
8
0
10
159.843472
20
164.219038
11
161.836953
21
158.696841
0
LINE
8
0
10
161.836953
20
158.696841
11
162.626193
21
155.844670
0
LINE
8
0
10
162.626193
20
155.844670
11
163.271656
21
152.936823
0
LINE
8
0
10
163.271656
20
152.936823
11
163.769261
21
149.977078
0
LINE
8
0
10
163.769261
20
149.977078
11
164.114927
21
146.969214
0
LINE
8
0
10
164.114927
20
146.969214
11
164.304571
21
143.917011
0
LINE
8
0
10
164.304571
20
143.917011
11
164.334113
21
140.824246
0
LINE
8
0
10
164.334113
20
140.824246
11
164.301265
21
138.853658
0
LINE
8
0
10
164.301265
20
138.853658
11
164.173174
21
135.849396
0
LINE
8
0
10
164.173174
20
135.849396
11
163.892403
21
132.888750
0
LINE
8
0
10
163.892403
20
132.888750
11
163.462933
21
129.975217
0
LINE
8
0
10
163.462933
20
129.975217
11
162.888746
21
127.112298
0
LINE
8
0
10
162.888746
20
127.112298
11
161.322149
21
121.552298
0
LINE
8
0
10
161.322149
20
121.552298
11
159.224465
21
116.236744
0
LINE
8
0
10
159.224465
20
116.236744
11
156.627551
21
111.193629
0
LINE
8
0
10
156.627551
20
111.193629
11
153.563262
21
106.450948
0
LINE
8
0
10
153.563262
20
106.450948
11
150.063453
21
102.036694
0
LINE
8
0
10
150.063453
20
102.036694
11
146.159978
21
97.978862
0
LINE
8
0
10
146.159978
20
97.978862
11
141.884694
21
94.305445
0
LINE
8
0
10
141.884694
20
94.305445
11
137.269455
21
91.044439
0
LINE
8
0
10
137.269455
20
91.044439
11
132.346116
21
88.223836
0
LINE
8
0
10
132.346116
20
88.223836
11
127.146533
21
85.871630
0
LINE
8
0
10
127.146533
20
85.871630
11
121.702561
21
84.015817
0
LINE
8
0
10
121.702561
20
84.015817
11
116.046055
21
82.684389
0
LINE
8
0
10
116.046055
20
82.684389
11
110.208870
21
81.905341
0
LINE
8
0
10
110.208870
20
81.905341
11
107.232477
21
81.731708
0
LINE
8
0
10
107.232477
20
81.731708
11
104.222861
21
81.706667
0
LINE
8
0
10
104.222861
20
81.706667
11
101.217274
21
81.831988
0
LINE
8
0
10
101.217274
20
81.831988
11
98.252696
21
82.104687
0
LINE
8
0
10
98.252696
20
82.104687
11
92.460837
21
83.077714
0
LINE
8
0
10
92.460837
20
83.077714
11
86.875830
21
84.596726
0
LINE
8
0
10
86.875830
20
84.596726
11
81.526219
21
86.632703
0
LINE
8
0
10
81.526219
20
86.632703
11
76.440552
21
89.156624
0
LINE
8
0
10
76.440552
20
89.156624
11
71.647373
21
92.139470
0
LINE
8
0
10
71.647373
20
92.139470
11
67.175227
21
95.552219
0
LINE
8
0
10
67.175227
20
95.552219
11
63.052661
21
99.365851
0
LINE
8
0
10
63.052661
20
99.365851
11
59.308220
21
103.551346
0
LINE
8
0
10
59.308220
20
103.551346
11
55.970450
21
108.079684
0
LINE
8
0
10
55.970450
20
108.079684
11
53.067896
21
112.921843
0
LINE
8
0
10
53.067896
20
112.921843
11
50.629104
21
118.048803
0
LINE
8
0
10
50.629104
20
118.048803
11
48.682620
21
123.431544
0
LINE
8
0
10
48.682620
20
123.431544
11
47.256988
21
129.041045
0
LINE
8
0
10
47.256988
20
129.041045
11
46.380755
21
134.848286
0
LINE
8
0
10
46.380755
20
134.848286
11
46.157583
21
137.816990
0
LINE
8
0
10
46.157583
20
137.816990
11
46.082466
21
140.824246
0
LINE
8
0
10
46.082466
20
140.824246
11
46.158215
21
143.815999
0
LINE
8
0
10
46.158215
20
143.815999
11
46.382830
21
146.768470
0
LINE
8
0
10
46.382830
20
146.768470
11
47.264039
21
152.540960
0
LINE
8
0
10
47.264039
20
152.540960
11
48.696868
21
158.112495
0
LINE
8
0
10
48.696868
20
158.112495
11
50.652089
21
163.453857
0
LINE
8
0
10
50.652089
20
163.453857
11
53.100475
21
168.535825
0
LINE
8
0
10
53.100475
20
168.535825
11
56.012802
21
173.329180
0
LINE
8
0
10
56.012802
20
173.329180
11
59.359840
21
177.804702
0
LINE
8
0
10
59.359840
20
177.804702
11
63.112365
21
181.933172
0
LINE
8
0
10
63.112365
20
181.933172
11
67.241149
21
185.685371
0
LINE
8
0
10
67.241149
20
185.685371
11
71.716966
21
189.032077
0
LINE
8
0
10
71.716966
20
189.032077
11
76.510589
21
191.944072
0
LINE
8
0
10
76.510589
20
191.944072
11
81.592791
21
194.392137
0
LINE
8
0
10
81.592791
20
194.392137
11
86.934346
21
196.347051
0
LINE
8
0
10
86.934346
20
196.347051
11
92.506027
21
197.779594
0
LINE
8
0
10
92.506027
20
197.779594
11
98.278607
21
198.660548
0
LINE
8
0
10
98.278607
20
198.660548
11
101.231101
21
198.885048
0
LINE
8
0
10
101.231101
20
198.885048
11
104.222861
21
198.960693
0
LINE
8
0
10
104.222861
20
198.960693
11
107.216194
21
198.885034
0
LINE
8
0
10
107.216194
20
198.885034
11
110.173207
21
198.660496
0
LINE
8
0
10
110.173207
20
198.660496
11
115.962444
21
197.779399
0
LINE
8
0
10
115.962444
20
197.779399
11
121.558906
21
196.346642
0
LINE
8
0
10
121.558906
20
196.346642
11
126.930928
21
194.391465
0
LINE
8
0
10
126.930928
20
194.391465
11
132.046848
21
191.943111
0
LINE
8
0
10
132.046848
20
191.943111
11
136.875002
21
189.030819
0
LINE
8
0
10
136.875002
20
189.030819
11
141.383724
21
185.683829
0
LINE
8
0
10
141.383724
20
185.683829
11
145.541351
21
181.931383
0
LINE
8
0
10
145.541351
20
181.931383
11
149.316218
21
177.802720
0
LINE
8
0
10
149.316218
20
177.802720
11
152.676663
21
173.327082
0
LINE
8
0
10
152.676663
20
173.327082
11
155.591020
21
168.533710
0
LINE
8
0
10
155.591020
20
168.533710
11
158.027626
21
163.451843
0
LINE
8
0
10
158.027626
20
163.451843
11
159.954816
21
158.110723
0
LINE
8
0
10
159.954816
20
158.110723
11
161.340926
21
152.539589
0
LINE
8
0
10
161.340926
20
152.539589
11
161.821182
21
149.676905
0
LINE
8
0
10
161.821182
20
149.676905
11
162.154293
21
146.767684
0
LINE
8
0
10
162.154293
20
146.767684
11
162.336303
21
143.815579
0
LINE
8
0
10
162.336303
20
143.815579
11
162.363252
21
140.824246
0
LINE
8
0
10
162.363252
20
140.824246
11
162.329272
21
138.853679
0
LINE
8
0
10
162.329272
20
138.853679
11
162.203769
21
135.950851
0
LINE
8
0
10
162.203769
20
135.950851
11
161.930634
21
133.090306
0
LINE
8
0
10
161.930634
20
133.090306
11
160.956902
21
127.509574
0
LINE
8
0
10
160.956902
20
127.509574
11
159.438938
21
122.138484
0
LINE
8
0
10
159.438938
20
122.138484
11
157.407605
21
117.004040
0
LINE
8
0
10
157.407605
20
117.004040
11
154.893765
21
112.133242
0
LINE
8
0
10
154.893765
20
112.133242
11
151.928282
21
107.553094
0
LINE
8
0
10
151.928282
20
107.553094
11
148.542019
21
103.290598
0
LINE
8
0
10
148.542019
20
103.290598
11
144.765837
21
99.372755
0
LINE
8
0
10
144.765837
20
99.372755
11
140.630600
21
95.826568
0
LINE
8
0
10
140.630600
20
95.826568
11
136.167170
21
92.679039
0
LINE
8
0
10
136.167170
20
92.679039
11
131.406411
21
89.957171
0
LINE
8
0
10
131.406411
20
89.957171
11
126.379184
21
87.687965
0
LINE
8
0
10
126.379184
20
87.687965
11
121.116353
21
85.898424
0
LINE
8
0
10
121.116353
20
85.898424
11
115.648780
21
84.615549
0
LINE
8
0
10
115.648780
20
84.615549
11
110.007329
21
83.866344
0
LINE
8
0
10
110.007329
20
83.866344
11
104.222861
21
83.677810
0
LINE
8
0
10
104.222861
20
83.677810
11
98.454227
21
84.065616
0
LINE
8
0
10
98.454227
20
84.065616
11
92.858072
21
85.008740
0
LINE
8
0
10
92.858072
20
85.008740
11
87.461952
21
86.479154
0
LINE
8
0
10
87.461952
20
86.479154
11
82.293423
21
88.448826
0
LINE
8
0
10
82.293423
20
88.448826
11
77.380039
21
90.889728
0
LINE
8
0
10
77.380039
20
90.889728
11
72.749357
21
93.773829
0
LINE
8
0
10
72.749357
20
93.773829
11
68.428932
21
97.073100
0
LINE
8
0
10
68.428932
20
97.073100
11
64.446320
21
100.759511
0
LINE
8
0
10
64.446320
20
100.759511
11
60.829075
21
104.805032
0
LINE
8
0
10
60.829075
20
104.805032
11
57.604753
21
109.181633
0
LINE
8
0
10
57.604753
20
109.181633
11
54.800911
21
113.861284
0
LINE
8
0
10
54.800911
20
113.861284
11
52.445103
21
118.815955
0
LINE
8
0
10
52.445103
20
118.815955
11
50.564885
21
124.017617
0
LINE
8
0
10
50.564885
20
124.017617
11
49.187813
21
129.438239
0
LINE
8
0
10
49.187813
20
129.438239
11
48.341441
21
135.049792
0
LINE
8
0
10
48.341441
20
135.049792
11
48.053326
21
140.824246
0
LINE
8
0
10
48.053326
20
140.824246
11
48.343514
21
146.566966
0
LINE
8
0
10
48.343514
20
146.566966
11
49.194857
21
152.143773
0
LINE
8
0
10
49.194857
20
152.143773
11
50.579120
21
157.526438
0
LINE
8
0
10
50.579120
20
157.526438
11
52.468065
21
162.686731
0
LINE
8
0
10
52.468065
20
162.686731
11
54.833458
21
167.596423
0
LINE
8
0
10
54.833458
20
167.596423
11
57.647063
21
172.227286
0
LINE
8
0
10
57.647063
20
172.227286
11
60.880643
21
176.551090
0
LINE
8
0
10
60.880643
20
176.551090
11
64.505964
21
180.539607
0
LINE
8
0
10
64.505964
20
180.539607
11
68.494788
21
184.164607
0
LINE
8
0
10
68.494788
20
184.164607
11
72.818881
21
187.397861
0
LINE
8
0
10
72.818881
20
187.397861
11
77.450006
21
190.211140
0
LINE
8
0
10
77.450006
20
190.211140
11
82.359927
21
192.576216
0
LINE
8
0
10
82.359927
20
192.576216
11
87.520409
21
194.464859
0
LINE
8
0
10
87.520409
20
194.464859
11
92.903216
21
195.848839
0
LINE
8
0
10
92.903216
20
195.848839
11
98.480112
21
196.699929
0
LINE
8
0
10
98.480112
20
196.699929
11
104.222861
21
196.989899
0
LINE
8
0
10
104.222861
20
196.989899
11
109.971706
21
196.699875
0
LINE
8
0
10
109.971706
20
196.699875
11
115.565268
21
195.848636
0
LINE
8
0
10
115.565268
20
195.848636
11
120.972871
21
194.464435
0
LINE
8
0
10
120.972871
20
194.464435
11
126.163839
21
192.575520
0
LINE
8
0
10
126.163839
20
192.575520
11
131.107500
21
190.210144
0
LINE
8
0
10
131.107500
20
190.210144
11
135.773177
21
187.396556
0
LINE
8
0
10
135.773177
20
187.396556
11
140.130195
21
184.163009
0
LINE
8
0
10
140.130195
20
184.163009
11
144.147881
21
180.537751
0
LINE
8
0
10
144.147881
20
180.537751
11
147.795559
21
176.549035
0
LINE
8
0
10
147.795559
20
176.549035
11
151.042553
21
172.225112
0
LINE
8
0
10
151.042553
20
172.225112
11
153.858190
21
167.594231
0
LINE
8
0
10
153.858190
20
167.594231
11
156.211795
21
162.684643
0
LINE
8
0
10
156.211795
20
162.684643
11
158.072692
21
157.524600
0
LINE
8
0
10
158.072692
20
157.524600
11
159.410208
21
152.142353
0
LINE
8
0
10
159.410208
20
152.142353
11
160.193666
21
146.566151
0
LINE
8
0
10
160.193666
20
146.566151
11
160.368038
21
143.714146
0
LINE
8
0
10
160.368038
20
143.714146
11
160.392392
21
140.824246
0
LINE
8
0
10
160.392392
20
140.824246
11
160.357197
21
138.853701
0
LINE
8
0
10
160.357197
20
138.853701
11
159.968784
21
133.291866
0
LINE
8
0
10
159.968784
20
133.291866
11
159.024979
21
127.906855
0
LINE
8
0
10
159.024979
20
127.906855
11
157.555652
21
122.724678
0
LINE
8
0
10
157.555652
20
122.724678
11
155.590674
21
117.771346
0
LINE
8
0
10
155.590674
20
117.771346
11
153.159915
21
113.072869
0
LINE
8
0
10
153.159915
20
113.072869
11
150.293245
21
108.655256
0
LINE
8
0
10
150.293245
20
108.655256
11
147.020534
21
104.544519
0
LINE
8
0
10
147.020534
20
104.544519
11
143.371652
21
100.766668
0
LINE
8
0
10
143.371652
20
100.766668
11
139.376469
21
97.347712
0
LINE
8
0
10
139.376469
20
97.347712
11
135.064856
21
94.313663
0
LINE
8
0
10
135.064856
20
94.313663
11
130.466682
21
91.690530
0
LINE
8
0
10
130.466682
20
91.690530
11
125.611818
21
89.504324
0
LINE
8
0
10
125.611818
20
89.504324
11
120.530134
21
87.781056
0
LINE
8
0
10
120.530134
20
87.781056
11
115.251499
21
86.546734
0
LINE
8
0
10
115.251499
20
86.546734
11
109.805785
21
85.827371
0
LINE
8
0
10
109.805785
20
85.827371
11
104.222861
21
85.648975
0
LINE
8
0
10
104.222861
20
85.648975
11
98.655759
21
86.026563
0
LINE
8
0
10
98.655759
20
86.026563
11
93.255309
21
86.939782
0
LINE
8
0
10
93.255309
20
86.939782
11
88.048078
21
88.361595
0
LINE
8
0
10
88.048078
20
88.361595
11
83.060630
21
90.264961
0
LINE
8
0
10
83.060630
20
90.264961
11
78.319531
21
92.622841
0
LINE
8
0
10
78.319531
20
92.622841
11
73.851346
21
95.408197
0
LINE
8
0
10
73.851346
20
95.408197
11
69.682642
21
98.593988
0
LINE
8
0
10
69.682642
20
98.593988
11
65.839982
21
102.153176
0
LINE
8
0
10
65.839982
20
102.153176
11
62.349933
21
106.058721
0
LINE
8
0
10
62.349933
20
106.058721
11
59.239060
21
110.283584
0
LINE
8
0
10
59.239060
20
110.283584
11
56.533929
21
114.800726
0
LINE
8
0
10
56.533929
20
114.800726
11
54.261105
21
119.583108
0
LINE
8
0
10
54.261105
20
119.583108
11
52.447154
21
124.603690
0
LINE
8
0
10
52.447154
20
124.603690
11
51.118640
21
129.835433
0
LINE
8
0
10
51.118640
20
129.835433
11
50.302130
21
135.251298
0
LINE
8
0
10
50.302130
20
135.251298
11
50.024189
21
140.824246
0
LINE
8
0
10
50.024189
20
140.824246
11
50.304202
21
146.365462
0
LINE
8
0
10
50.304202
20
146.365462
11
51.125678
21
151.746587
0
LINE
8
0
10
51.125678
20
151.746587
11
52.461374
21
156.940380
0
LINE
8
0
10
52.461374
20
156.940380
11
54.284044
21
161.919605
0
LINE
8
0
10
54.284044
20
161.919605
11
56.566443
21
166.657022
0
LINE
8
0
10
56.566443
20
166.657022
11
59.281326
21
171.125393
0
LINE
8
0
10
59.281326
20
171.125393
11
62.401448
21
175.297479
0
LINE
8
0
10
62.401448
20
175.297479
11
65.899564
21
179.146043
0
LINE
8
0
10
65.899564
20
179.146043
11
69.748428
21
182.643845
0
LINE
8
0
10
69.748428
20
182.643845
11
73.920797
21
185.763647
0
LINE
8
0
10
73.920797
20
185.763647
11
78.389424
21
188.478211
0
LINE
8
0
10
78.389424
20
188.478211
11
83.127064
21
190.760297
0
LINE
8
0
10
83.127064
20
190.760297
11
88.106473
21
192.582669
0
LINE
8
0
10
88.106473
20
192.582669
11
93.300406
21
193.918087
0
LINE
8
0
10
93.300406
20
193.918087
11
98.681617
21
194.739312
0
LINE
8
0
10
98.681617
20
194.739312
11
104.222861
21
195.019107
0
LINE
8
0
10
104.222861
20
195.019107
11
109.770206
21
194.739256
0
LINE
8
0
10
109.770206
20
194.739256
11
115.168094
21
193.917876
0
LINE
8
0
10
115.168094
20
193.917876
11
120.386839
21
192.582229
0
LINE
8
0
10
120.386839
20
192.582229
11
125.396755
21
190.759576
0
LINE
8
0
10
125.396755
20
190.759576
11
130.168158
21
188.477177
0
LINE
8
0
10
130.168158
20
188.477177
11
134.671360
21
185.762293
0
LINE
8
0
10
134.671360
20
185.762293
11
138.876677
21
182.642187
0
LINE
8
0
10
138.876677
20
182.642187
11
142.754422
21
179.144118
0
LINE
8
0
10
142.754422
20
179.144118
11
146.274910
21
175.295347
0
LINE
8
0
10
146.274910
20
175.295347
11
149.408456
21
171.123137
0
LINE
8
0
10
149.408456
20
171.123137
11
152.125373
21
166.654747
0
LINE
8
0
10
152.125373
20
166.654747
11
154.395976
21
161.917439
0
LINE
8
0
10
154.395976
20
161.917439
11
156.190579
21
156.938474
0
LINE
8
0
10
156.190579
20
156.938474
11
157.479496
21
151.745113
0
LINE
8
0
10
157.479496
20
151.745113
11
158.233043
21
146.364616
0
LINE
8
0
10
158.233043
20
146.364616
11
158.421532
21
140.824246
0
LINE
8
0
10
158.421532
20
140.824246
11
158.385033
21
138.853724
0
LINE
8
0
10
158.385033
20
138.853724
11
158.006847
21
133.493430
0
LINE
8
0
10
158.006847
20
133.493430
11
157.092974
21
128.304142
0
LINE
8
0
10
157.092974
20
128.304142
11
155.672291
21
123.310881
0
LINE
8
0
10
155.672291
20
123.310881
11
153.773674
21
118.538663
0
LINE
8
0
10
153.773674
20
118.538663
11
151.426002
21
114.012508
0
LINE
8
0
10
151.426002
20
114.012508
11
148.658152
21
109.757434
0
LINE
8
0
10
148.658152
20
109.757434
11
145.499001
21
105.798458
0
LINE
8
0
10
145.499001
20
105.798458
11
141.977426
21
102.160600
0
LINE
8
0
10
141.977426
20
102.160600
11
138.122305
21
98.868878
0
LINE
8
0
10
138.122305
20
98.868878
11
133.962515
21
95.948309
0
LINE
8
0
10
133.962515
20
95.948309
11
129.526934
21
93.423913
0
LINE
8
0
10
129.526934
20
93.423913
11
124.844438
21
91.320707
0
LINE
8
0
10
124.844438
20
91.320707
11
119.943905
21
89.663710
0
LINE
8
0
10
119.943905
20
89.663710
11
114.854214
21
88.477940
0
LINE
8
0
10
114.854214
20
88.477940
11
109.604239
21
87.788416
0
LINE
8
0
10
109.604239
20
87.788416
11
104.222861
21
87.620155
0
LINE
8
0
10
104.222861
20
87.620155
11
98.857292
21
87.987522
0
LINE
8
0
10
98.857292
20
87.987522
11
93.652550
21
88.870834
0
LINE
8
0
10
93.652550
20
88.870834
11
88.634207
21
90.244043
0
LINE
8
0
10
88.634207
20
90.244043
11
83.827841
21
92.081101
0
LINE
8
0
10
83.827841
20
92.081101
11
79.259026
21
94.355958
0
LINE
8
0
10
79.259026
20
94.355958
11
74.953339
21
97.042566
0
LINE
8
0
10
74.953339
20
97.042566
11
70.936353
21
100.114876
0
LINE
8
0
10
70.936353
20
100.114876
11
67.233646
21
103.546840
0
LINE
8
0
10
67.233646
20
103.546840
11
63.870792
21
107.312409
0
LINE
8
0
10
63.870792
20
107.312409
11
60.873367
21
111.385535
0
LINE
8
0
10
60.873367
20
111.385535
11
58.266947
21
115.740168
0
LINE
8
0
10
58.266947
20
115.740168
11
56.077106
21
120.350260
0
LINE
8
0
10
56.077106
20
120.350260
11
54.329420
21
125.189763
0
LINE
8
0
10
54.329420
20
125.189763
11
53.049465
21
130.232627
0
LINE
8
0
10
53.049465
20
130.232627
11
52.262817
21
135.452804
0
LINE
8
0
10
52.262817
20
135.452804
11
51.995049
21
140.824246
0
LINE
8
0
10
51.995049
20
140.824246
11
52.264886
21
146.163958
0
LINE
8
0
10
52.264886
20
146.163958
11
53.056496
21
151.349399
0
LINE
8
0
10
53.056496
20
151.349399
11
54.343626
21
156.354322
0
LINE
8
0
10
54.343626
20
156.354322
11
56.100020
21
161.152478
0
LINE
8
0
10
56.100020
20
161.152478
11
58.299426
21
165.717619
0
LINE
8
0
10
58.299426
20
165.717619
11
60.915587
21
170.023498
0
LINE
8
0
10
60.915587
20
170.023498
11
63.922251
21
174.043867
0
LINE
8
0
10
63.922251
20
174.043867
11
67.293162
21
177.752477
0
LINE
8
0
10
67.293162
20
177.752477
11
71.002068
21
181.123082
0
LINE
8
0
10
71.002068
20
181.123082
11
75.022712
21
184.129432
0
LINE
8
0
10
75.022712
20
184.129432
11
79.328841
21
186.745280
0
LINE
8
0
10
79.328841
20
186.745280
11
83.894201
21
188.944379
0
LINE
8
0
10
83.894201
20
188.944379
11
88.692537
21
190.700479
0
LINE
8
0
10
88.692537
20
190.700479
11
93.697595
21
191.987334
0
LINE
8
0
10
93.697595
20
191.987334
11
98.883121
21
192.778696
0
LINE
8
0
10
98.883121
20
192.778696
11
104.222861
21
193.048316
0
LINE
8
0
10
104.222861
20
193.048316
11
109.568705
21
192.778637
0
LINE
8
0
10
109.568705
20
192.778637
11
114.770919
21
191.987116
0
LINE
8
0
10
114.770919
20
191.987116
11
119.800806
21
190.700022
0
LINE
8
0
10
119.800806
20
190.700022
11
124.629670
21
188.943628
0
LINE
8
0
10
124.629670
20
188.943628
11
129.228814
21
186.744206
0
LINE
8
0
10
129.228814
20
186.744206
11
133.569541
21
184.128025
0
LINE
8
0
10
133.569541
20
184.128025
11
137.623156
21
181.121359
0
LINE
8
0
10
137.623156
20
181.121359
11
141.360960
21
177.750477
0
LINE
8
0
10
141.360960
20
177.750477
11
144.754259
21
174.041652
0
LINE
8
0
10
144.754259
20
174.041652
11
147.774355
21
170.021154
0
LINE
8
0
10
147.774355
20
170.021154
11
150.392552
21
165.715256
0
LINE
8
0
10
150.392552
20
165.715256
11
152.580153
21
161.150228
0
LINE
8
0
10
152.580153
20
161.150228
11
154.308463
21
156.352341
0
LINE
8
0
10
154.308463
20
156.352341
11
155.548783
21
151.347868
0
LINE
8
0
10
155.548783
20
151.347868
11
156.272418
21
146.163079
0
LINE
8
0
10
156.272418
20
146.163079
11
156.450672
21
140.824246
0
LINE
8
0
10
156.450672
20
140.824246
11
156.412770
21
138.853751
0
LINE
8
0
10
156.412770
20
138.853751
11
156.044822
21
133.694999
0
LINE
8
0
10
156.044822
20
133.694999
11
155.160890
21
128.701438
0
LINE
8
0
10
155.160890
20
128.701438
11
153.788859
21
123.897095
0
LINE
8
0
10
153.788859
20
123.897095
11
151.956612
21
119.305996
0
LINE
8
0
10
151.956612
20
119.305996
11
149.692034
21
114.952167
0
LINE
8
0
10
149.692034
20
114.952167
11
147.023011
21
110.859635
0
LINE
8
0
10
147.023011
20
110.859635
11
143.977426
21
107.052425
0
LINE
8
0
10
143.977426
20
107.052425
11
140.583165
21
103.554563
0
LINE
8
0
10
140.583165
20
103.554563
11
136.868111
21
100.390076
0
LINE
8
0
10
136.868111
20
100.390076
11
132.860150
21
97.582991
0
LINE
8
0
10
132.860150
20
97.582991
11
128.587166
21
95.157333
0
LINE
8
0
10
128.587166
20
95.157333
11
124.077043
21
93.137128
0
LINE
8
0
10
124.077043
20
93.137128
11
119.357667
21
91.546404
0
LINE
8
0
10
119.357667
20
91.546404
11
114.456921
21
90.409185
0
LINE
8
0
10
114.456921
20
90.409185
11
109.402691
21
89.749498
0
LINE
8
0
10
109.402691
20
89.749498
11
104.222861
21
89.591370
0
LINE
8
0
10
104.222861
20
89.591370
11
99.058829
21
89.948512
0
LINE
8
0
10
99.058829
20
89.948512
11
94.049794
21
90.801914
0
LINE
8
0
10
94.049794
20
90.801914
11
89.220342
21
92.126516
0
LINE
8
0
10
89.220342
20
92.126516
11
84.595058
21
93.897262
0
LINE
8
0
10
84.595058
20
93.897262
11
80.198529
21
96.089093
0
LINE
8
0
10
80.198529
20
96.089093
11
76.055338
21
98.676950
0
LINE
8
0
10
76.055338
20
98.676950
11
72.190073
21
101.635777
0
LINE
8
0
10
72.190073
20
101.635777
11
68.627317
21
104.940515
0
LINE
8
0
10
68.627317
20
104.940515
11
65.391658
21
108.566106
0
LINE
8
0
10
65.391658
20
108.566106
11
62.507680
21
112.487491
0
LINE
8
0
10
62.507680
20
112.487491
11
59.999969
21
116.679614
0
LINE
8
0
10
59.999969
20
116.679614
11
57.893110
21
121.117415
0
LINE
8
0
10
57.893110
20
121.117415
11
56.211689
21
125.775837
0
LINE
8
0
10
56.211689
20
125.775837
11
54.980292
21
130.629821
0
LINE
8
0
10
54.980292
20
130.629821
11
54.223504
21
135.654310
0
LINE
8
0
10
54.223504
20
135.654310
11
53.965910
21
140.824246
0
LINE
8
0
10
53.965910
20
140.824246
11
54.225571
21
145.962454
0
LINE
8
0
10
54.225571
20
145.962454
11
54.987315
21
150.952213
0
LINE
8
0
10
54.987315
20
150.952213
11
56.225878
21
155.768265
0
LINE
8
0
10
56.225878
20
155.768265
11
57.915997
21
160.385352
0
LINE
8
0
10
57.915997
20
160.385352
11
60.032408
21
164.778219
0
LINE
8
0
10
60.032408
20
164.778219
11
62.549848
21
168.921606
0
LINE
8
0
10
62.549848
20
168.921606
11
65.443054
21
172.790257
0
LINE
8
0
10
65.443054
20
172.790257
11
68.686761
21
176.358914
0
LINE
8
0
10
68.686761
20
176.358914
11
72.255707
21
179.602321
0
LINE
8
0
10
72.255707
20
179.602321
11
76.124627
21
182.495219
0
LINE
8
0
10
76.124627
20
182.495219
11
80.268258
21
185.012352
0
LINE
8
0
10
80.268258
20
185.012352
11
84.661337
21
187.128462
0
LINE
8
0
10
84.661337
20
187.128462
11
89.278601
21
188.818292
0
LINE
8
0
10
89.278601
20
188.818292
11
94.094785
21
190.056584
0
LINE
8
0
10
94.094785
20
190.056584
11
99.084626
21
190.818082
0
LINE
8
0
10
99.084626
20
190.818082
11
104.222861
21
191.077527
0
LINE
8
0
10
104.222861
20
191.077527
11
109.367205
21
190.818021
0
LINE
8
0
10
109.367205
20
190.818021
11
114.373748
21
190.056357
0
LINE
8
0
10
114.373748
20
190.056357
11
119.214779
21
188.817816
0
LINE
8
0
10
119.214779
20
188.817816
11
123.862593
21
187.127682
0
LINE
8
0
10
123.862593
20
187.127682
11
128.289482
21
185.011234
0
LINE
8
0
10
128.289482
20
185.011234
11
132.467737
21
182.493756
0
LINE
8
0
10
132.467737
20
182.493756
11
136.369652
21
179.600528
0
LINE
8
0
10
136.369652
20
179.600528
11
139.967518
21
176.356833
0
LINE
8
0
10
139.967518
20
176.356833
11
143.233629
21
172.787952
0
LINE
8
0
10
143.233629
20
172.787952
11
146.140277
21
168.919166
0
LINE
8
0
10
146.140277
20
168.919166
11
148.659753
21
164.775759
0
LINE
8
0
10
148.659753
20
164.775759
11
150.764351
21
160.383011
0
LINE
8
0
10
150.764351
20
160.383011
11
152.426364
21
155.766204
0
LINE
8
0
10
152.426364
20
155.766204
11
153.618082
21
150.950619
0
LINE
8
0
10
153.618082
20
150.950619
11
154.311800
21
145.961539
0
LINE
8
0
10
154.311800
20
145.961539
11
154.479809
21
140.824246
0
LINE
8
0
10
154.479809
20
140.824246
11
154.440391
21
138.853780
0
LINE
8
0
10
154.440391
20
138.853780
11
154.082683
21
133.896573
0
LINE
8
0
10
154.082683
20
133.896573
11
153.228695
21
129.098743
0
LINE
8
0
10
153.228695
20
129.098743
11
151.905321
21
124.483321
0
LINE
8
0
10
151.905321
20
124.483321
11
150.139450
21
120.073344
0
LINE
8
0
10
150.139450
20
120.073344
11
147.957976
21
115.891845
0
LINE
8
0
10
147.957976
20
115.891845
11
145.387789
21
111.961857
0
LINE
8
0
10
145.387789
20
111.961857
11
142.455780
21
108.306415
0
LINE
8
0
10
142.455780
20
108.306415
11
139.188842
21
104.948553
0
LINE
8
0
10
139.188842
20
104.948553
11
135.613867
21
101.911305
0
LINE
8
0
10
135.613867
20
101.911305
11
131.757744
21
99.217704
0
LINE
8
0
10
131.757744
20
99.217704
11
127.647367
21
96.890785
0
LINE
8
0
10
127.647367
20
96.890785
11
123.309626
21
94.953582
0
LINE
8
0
10
123.309626
20
94.953582
11
118.771414
21
93.429129
0
LINE
8
0
10
118.771414
20
93.429129
11
114.059621
21
92.340460
0
LINE
8
0
10
114.059621
20
92.340460
11
109.201139
21
91.710608
0
LINE
8
0
10
109.201139
20
91.710608
11
104.222861
21
91.562609
0
LINE
8
0
10
104.222861
20
91.562609
11
99.260368
21
91.909523
0
LINE
8
0
10
99.260368
20
91.909523
11
94.447046
21
92.733010
0
LINE
8
0
10
94.447046
20
92.733010
11
89.806492
21
94.009002
0
LINE
8
0
10
89.806492
20
94.009002
11
85.362298
21
95.713433
0
LINE
8
0
10
85.362298
20
95.713433
11
81.138062
21
97.822235
0
LINE
8
0
10
81.138062
20
97.822235
11
77.157376
21
100.311340
0
LINE
8
0
10
77.157376
20
100.311340
11
73.443838
21
103.156682
0
LINE
8
0
10
73.443838
20
103.156682
11
70.021041
21
106.334192
0
LINE
8
0
10
70.021041
20
106.334192
11
66.912581
21
109.819803
0
LINE
8
0
10
66.912581
20
109.819803
11
64.142052
21
113.589447
0
LINE
8
0
10
64.142052
20
113.589447
11
61.733051
21
117.619058
0
LINE
8
0
10
61.733051
20
117.619058
11
59.709171
21
121.884568
0
LINE
8
0
10
59.709171
20
121.884568
11
58.094008
21
126.361909
0
LINE
8
0
10
58.094008
20
126.361909
11
56.911157
21
131.027014
0
LINE
8
0
10
56.911157
20
131.027014
11
56.184212
21
135.855815
0
LINE
8
0
10
56.184212
20
135.855815
11
55.936770
21
140.824246
0
LINE
8
0
10
55.936770
20
140.824246
11
56.186212
21
145.760951
0
LINE
8
0
10
56.186212
20
145.760951
11
56.918057
21
150.555027
0
LINE
8
0
10
56.918057
20
150.555027
11
58.108031
21
155.182209
0
LINE
8
0
10
58.108031
20
155.182209
11
59.731861
21
159.618229
0
LINE
8
0
10
59.731861
20
159.618229
11
61.765273
21
163.838820
0
LINE
8
0
10
61.765273
20
163.838820
11
64.183993
21
167.819715
0
LINE
8
0
10
64.183993
20
167.819715
11
66.963746
21
171.536649
0
LINE
8
0
10
66.963746
20
171.536649
11
70.080260
21
174.965354
0
LINE
8
0
10
70.080260
20
174.965354
11
73.509259
21
178.081563
0
LINE
8
0
10
73.509259
20
178.081563
11
77.226471
21
180.861009
0
LINE
8
0
10
77.226471
20
180.861009
11
81.207621
21
183.279427
0
LINE
8
0
10
81.207621
20
183.279427
11
85.428436
21
185.312549
0
LINE
8
0
10
85.428436
20
185.312549
11
89.864641
21
186.936108
0
LINE
8
0
10
89.864641
20
186.936108
11
94.491962
21
188.125837
0
LINE
8
0
10
94.491962
20
188.125837
11
99.286127
21
188.857470
0
LINE
8
0
10
99.286127
20
188.857470
11
104.222861
21
189.106741
0
LINE
8
0
10
104.222861
20
189.106741
11
109.165706
21
188.857407
0
LINE
8
0
10
109.165706
20
188.857407
11
113.976577
21
188.125600
0
LINE
8
0
10
113.976577
20
188.125600
11
118.628755
21
186.935612
0
LINE
8
0
10
118.628755
20
186.935612
11
123.095522
21
185.311735
0
LINE
8
0
10
123.095522
20
185.311735
11
127.350158
21
183.278261
0
LINE
8
0
10
127.350158
20
183.278261
11
131.365944
21
180.859483
0
LINE
8
0
10
131.365944
20
180.859483
11
135.116162
21
178.079693
0
LINE
8
0
10
135.116162
20
178.079693
11
138.574093
21
174.963183
0
LINE
8
0
10
138.574093
20
174.963183
11
141.713018
21
171.534245
0
LINE
8
0
10
141.713018
20
171.534245
11
144.506219
21
167.817171
0
LINE
8
0
10
144.506219
20
167.817171
11
146.926976
21
163.836254
0
LINE
8
0
10
146.926976
20
163.836254
11
148.948570
21
159.615786
0
LINE
8
0
10
148.948570
20
159.615786
11
150.544284
21
155.180059
0
LINE
8
0
10
150.544284
20
155.180059
11
151.687397
21
150.553365
0
LINE
8
0
10
151.687397
20
150.553365
11
152.351192
21
145.759997
0
LINE
8
0
10
152.351192
20
145.759997
11
152.508948
21
140.824246
0
LINE
8
0
10
152.508948
20
140.824246
11
152.467888
21
138.853814
0
LINE
8
0
10
152.467888
20
138.853814
11
152.120422
21
134.098156
0
LINE
8
0
10
152.120422
20
134.098156
11
151.296385
21
129.496058
0
LINE
8
0
10
151.296385
20
129.496058
11
150.021674
21
125.069562
0
LINE
8
0
10
150.021674
20
125.069562
11
148.322188
21
120.840710
0
LINE
8
0
10
148.322188
20
120.840710
11
146.223825
21
116.831543
0
LINE
8
0
10
146.223825
20
116.831543
11
143.752483
21
113.064104
0
LINE
8
0
10
143.752483
20
113.064104
11
140.934061
21
109.560433
0
LINE
8
0
10
140.934061
20
109.560433
11
137.794457
21
106.342573
0
LINE
8
0
10
137.794457
20
106.342573
11
134.359569
21
103.432565
0
LINE
8
0
10
134.359569
20
103.432565
11
130.655296
21
100.852452
0
LINE
8
0
10
130.655296
20
100.852452
11
126.707535
21
98.624273
0
LINE
8
0
10
126.707535
20
98.624273
11
122.542185
21
96.770073
0
LINE
8
0
10
122.542185
20
96.770073
11
118.185144
21
95.311891
0
LINE
8
0
10
118.185144
20
95.311891
11
113.662311
21
94.271770
0
LINE
8
0
10
113.662311
20
94.271770
11
108.999584
21
93.671751
0
LINE
8
0
10
108.999584
20
93.671751
11
104.222861
21
93.533876
0
LINE
8
0
10
104.222861
20
93.533876
11
99.461908
21
93.870557
0
LINE
8
0
10
99.461908
20
93.870557
11
94.844298
21
94.664126
0
LINE
8
0
10
94.844298
20
94.664126
11
90.392636
21
95.891505
0
LINE
8
0
10
90.392636
20
95.891505
11
86.129526
21
97.529618
0
LINE
8
0
10
86.129526
20
97.529618
11
82.077575
21
99.555388
0
LINE
8
0
10
82.077575
20
99.555388
11
78.259387
21
101.945739
0
LINE
8
0
10
78.259387
20
101.945739
11
74.697567
21
104.677593
0
LINE
8
0
10
74.697567
20
104.677593
11
71.414721
21
107.727873
0
LINE
8
0
10
71.414721
20
107.727873
11
68.433454
21
111.073503
0
LINE
8
0
10
68.433454
20
111.073503
11
65.776371
21
114.691406
0
LINE
8
0
10
65.776371
20
114.691406
11
63.466077
21
118.558504
0
LINE
8
0
10
63.466077
20
118.558504
11
61.525178
21
122.651722
0
LINE
8
0
10
61.525178
20
122.651722
11
59.976278
21
126.947982
0
LINE
8
0
10
59.976278
20
126.947982
11
58.841984
21
131.424207
0
LINE
8
0
10
58.841984
20
131.424207
11
58.144899
21
136.057321
0
LINE
8
0
10
58.144899
20
136.057321
11
57.907630
21
140.824246
0
LINE
8
0
10
57.907630
20
140.824246
11
58.146896
21
145.559447
0
LINE
8
0
10
58.146896
20
145.559447
11
58.848875
21
150.157841
0
LINE
8
0
10
58.848875
20
150.157841
11
59.990283
21
154.596152
0
LINE
8
0
10
59.990283
20
154.596152
11
61.547838
21
158.851104
0
LINE
8
0
10
61.547838
20
158.851104
11
63.498255
21
162.899420
0
LINE
8
0
10
63.498255
20
162.899420
11
65.818253
21
166.717824
0
LINE
8
0
10
65.818253
20
166.717824
11
68.484548
21
170.283040
0
LINE
8
0
10
68.484548
20
170.283040
11
71.473857
21
173.571792
0
LINE
8
0
10
71.473857
20
173.571792
11
74.762897
21
176.560804
0
LINE
8
0
10
74.762897
20
176.560804
11
78.328385
21
179.226799
0
LINE
8
0
10
78.328385
20
179.226799
11
82.147037
21
181.546501
0
LINE
8
0
10
82.147037
20
181.546501
11
86.195571
21
183.496635
0
LINE
8
0
10
86.195571
20
183.496635
11
90.450703
21
185.053923
0
LINE
8
0
10
90.450703
20
185.053923
11
94.889151
21
186.195090
0
LINE
8
0
10
94.889151
20
186.195090
11
99.487631
21
186.896859
0
LINE
8
0
10
99.487631
20
186.896859
11
104.222861
21
187.135955
0
LINE
8
0
10
104.222861
20
187.135955
11
108.964207
21
186.896793
0
LINE
8
0
10
108.964207
20
186.896793
11
113.579408
21
186.194842
0
LINE
8
0
10
113.579408
20
186.194842
11
118.042733
21
185.053405
0
LINE
8
0
10
118.042733
20
185.053405
11
122.328452
21
183.495785
0
LINE
8
0
10
122.328452
20
183.495785
11
126.410835
21
181.545284
0
LINE
8
0
10
126.410835
20
181.545284
11
130.264153
21
179.225205
0
LINE
8
0
10
130.264153
20
179.225205
11
133.862674
21
176.558852
0
LINE
8
0
10
133.862674
20
176.558852
11
137.180670
21
173.569526
0
LINE
8
0
10
137.180670
20
173.569526
11
140.192410
21
170.280530
0
LINE
8
0
10
140.192410
20
170.280530
11
142.872163
21
166.715168
0
LINE
8
0
10
142.872163
20
166.715168
11
145.194200
21
162.896742
0
LINE
8
0
10
145.194200
20
162.896742
11
147.132790
21
158.848554
0
LINE
8
0
10
147.132790
20
158.848554
11
148.662205
21
154.593908
0
LINE
8
0
10
148.662205
20
154.593908
11
149.756712
21
150.156106
0
LINE
8
0
10
149.756712
20
150.156106
11
150.390584
21
145.558451
0
LINE
8
0
10
150.390584
20
145.558451
11
150.538088
21
140.824246
0
LINE
8
0
10
150.538088
20
140.824246
11
150.495244
21
138.853851
0
LINE
8
0
10
150.495244
20
138.853851
11
150.158033
21
134.299744
0
LINE
8
0
10
150.158033
20
134.299744
11
149.363957
21
129.893382
0
LINE
8
0
10
149.363957
20
129.893382
11
148.137922
21
125.655816
0
LINE
8
0
10
148.137922
20
125.655816
11
146.504831
21
121.608093
0
LINE
8
0
10
146.504831
20
121.608093
11
144.489591
21
117.771264
0
LINE
8
0
10
144.489591
20
117.771264
11
142.117105
21
114.166378
0
LINE
8
0
10
142.117105
20
114.166378
11
139.412280
21
110.814483
0
LINE
8
0
10
139.412280
20
110.814483
11
136.400019
21
107.736630
0
LINE
8
0
10
136.400019
20
107.736630
11
133.105228
21
104.953866
0
LINE
8
0
10
133.105228
20
104.953866
11
129.552812
21
102.487243
0
LINE
8
0
10
129.552812
20
102.487243
11
125.767676
21
100.357807
0
LINE
8
0
10
125.767676
20
100.357807
11
121.774724
21
98.586610
0
LINE
8
0
10
121.774724
20
98.586610
11
117.598862
21
97.194699
0
LINE
8
0
10
117.598862
20
97.194699
11
113.264994
21
96.203125
0
LINE
8
0
10
113.264994
20
96.203125
11
108.798025
21
95.632936
0
LINE
8
0
10
108.798025
20
95.632936
11
104.222861
21
95.505181
0
LINE
8
0
10
104.222861
20
95.505181
11
99.663451
21
95.831624
0
LINE
8
0
10
99.663451
20
95.831624
11
95.241554
21
96.595270
0
LINE
8
0
10
95.241554
20
96.595270
11
90.978785
21
97.774031
0
LINE
8
0
10
90.978785
20
97.774031
11
86.896760
21
99.345822
0
LINE
8
0
10
86.896760
20
99.345822
11
83.017094
21
101.288557
0
LINE
8
0
10
83.017094
20
101.288557
11
79.361403
21
103.580150
0
LINE
8
0
10
79.361403
20
103.580150
11
75.951302
21
106.198513
0
LINE
8
0
10
75.951302
20
106.198513
11
72.808406
21
109.121561
0
LINE
8
0
10
72.808406
20
109.121561
11
69.954332
21
112.327208
0
LINE
8
0
10
69.954332
20
112.327208
11
67.410693
21
115.793366
0
LINE
8
0
10
67.410693
20
115.793366
11
65.199107
21
119.497951
0
LINE
8
0
10
65.199107
20
119.497951
11
63.341188
21
123.418876
0
LINE
8
0
10
63.341188
20
123.418876
11
61.858551
21
127.534054
0
LINE
8
0
10
61.858551
20
127.534054
11
60.772813
21
131.821399
0
LINE
8
0
10
60.772813
20
131.821399
11
60.105589
21
136.258825
0
LINE
8
0
10
60.105589
20
136.258825
11
59.878493
21
140.824246
0
LINE
8
0
10
59.878493
20
140.824246
11
60.107584
21
145.357944
0
LINE
8
0
10
60.107584
20
145.357944
11
60.779696
21
149.760656
0
LINE
8
0
10
60.779696
20
149.760656
11
61.872537
21
154.010096
0
LINE
8
0
10
61.872537
20
154.010096
11
63.363816
21
158.083980
0
LINE
8
0
10
63.363816
20
158.083980
11
65.231240
21
161.960021
0
LINE
8
0
10
65.231240
20
161.960021
11
67.452516
21
165.615933
0
LINE
8
0
10
67.452516
20
165.615933
11
70.005352
21
169.029432
0
LINE
8
0
10
70.005352
20
169.029432
11
72.867456
21
172.178231
0
LINE
8
0
10
72.867456
20
172.178231
11
76.016536
21
175.040046
0
LINE
8
0
10
76.016536
20
175.040046
11
79.430299
21
177.592589
0
LINE
8
0
10
79.430299
20
177.592589
11
83.086454
21
179.813576
0
LINE
8
0
10
83.086454
20
179.813576
11
86.962707
21
181.680721
0
LINE
8
0
10
86.962707
20
181.680721
11
91.036766
21
183.171738
0
LINE
8
0
10
91.036766
20
183.171738
11
95.286340
21
184.264342
0
LINE
8
0
10
95.286340
20
184.264342
11
99.689135
21
184.936248
0
LINE
8
0
10
99.689135
20
184.936248
11
104.222861
21
185.165169
0
LINE
8
0
10
104.222861
20
185.165169
11
108.762709
21
184.936178
0
LINE
8
0
10
108.762709
20
184.936178
11
113.182242
21
184.264083
0
LINE
8
0
10
113.182242
20
184.264083
11
117.456719
21
183.171196
0
LINE
8
0
10
117.456719
20
183.171196
11
121.561396
21
181.679831
0
LINE
8
0
10
121.561396
20
181.679831
11
125.471534
21
179.812302
0
LINE
8
0
10
125.471534
20
179.812302
11
129.162389
21
177.590921
0
LINE
8
0
10
129.162389
20
177.590921
11
132.609220
21
175.038002
0
LINE
8
0
10
132.609220
20
175.038002
11
135.787286
21
172.175859
0
LINE
8
0
10
135.787286
20
172.175859
11
138.671844
21
169.026805
0
LINE
8
0
10
138.671844
20
169.026805
11
141.238152
21
165.613153
0
LINE
8
0
10
141.238152
20
165.613153
11
143.461470
21
161.957217
0
LINE
8
0
10
143.461470
20
161.957217
11
145.317054
21
158.081311
0
LINE
8
0
10
145.317054
20
158.081311
11
146.780164
21
154.007747
0
LINE
8
0
10
146.780164
20
154.007747
11
147.826058
21
149.758839
0
LINE
8
0
10
147.826058
20
149.758839
11
148.429993
21
145.356901
0
LINE
8
0
10
148.429993
20
145.356901
11
148.567228
21
140.824246
0
LINE
8
0
10
148.567228
20
140.824246
11
148.522434
21
138.853894
0
LINE
8
0
10
148.522434
20
138.853894
11
148.195475
21
134.501342
0
LINE
8
0
10
148.195475
20
134.501342
11
147.431362
21
130.290721
0
LINE
8
0
10
147.431362
20
130.290721
11
146.254007
21
126.242088
0
LINE
8
0
10
146.254007
20
126.242088
11
144.687321
21
122.375500
0
LINE
8
0
10
144.687321
20
122.375500
11
142.755214
21
118.711013
0
LINE
8
0
10
142.755214
20
118.711013
11
140.481598
21
115.268684
0
LINE
8
0
10
140.481598
20
115.268684
11
137.890384
21
112.068569
0
LINE
8
0
10
137.890384
20
112.068569
11
135.005483
21
109.130725
0
LINE
8
0
10
135.005483
20
109.130725
11
131.850806
21
106.475209
0
LINE
8
0
10
131.850806
20
106.475209
11
128.450264
21
104.122077
0
LINE
8
0
10
128.450264
20
104.122077
11
124.827767
21
102.091385
0
LINE
8
0
10
124.827767
20
102.091385
11
121.007228
21
100.403191
0
LINE
8
0
10
121.007228
20
100.403191
11
117.012556
21
99.077551
0
LINE
8
0
10
117.012556
20
99.077551
11
112.867664
21
98.134521
0
LINE
8
0
10
112.867664
20
98.134521
11
108.596462
21
97.594159
0
LINE
8
0
10
108.596462
20
97.594159
11
104.222861
21
97.476520
0
LINE
8
0
10
104.222861
20
97.476520
11
99.865007
21
97.792719
0
LINE
8
0
10
99.865007
20
97.792719
11
95.638853
21
98.526436
0
LINE
8
0
10
95.638853
20
98.526436
11
91.565020
21
99.656575
0
LINE
8
0
10
91.565020
20
99.656575
11
87.664132
21
101.162041
0
LINE
8
0
10
87.664132
20
101.162041
11
83.956808
21
103.021737
0
LINE
8
0
10
83.956808
20
103.021737
11
80.463672
21
105.214568
0
LINE
8
0
10
80.463672
20
105.214568
11
77.205343
21
107.719438
0
LINE
8
0
10
77.205343
20
107.719438
11
74.202446
21
110.515252
0
LINE
8
0
10
74.202446
20
110.515252
11
71.475600
21
113.580914
0
LINE
8
0
10
71.475600
20
113.580914
11
69.045427
21
116.895328
0
LINE
8
0
10
69.045427
20
116.895328
11
66.932550
21
120.437398
0
LINE
8
0
10
66.932550
20
120.437398
11
65.157590
21
124.186029
0
LINE
8
0
10
65.157590
20
124.186029
11
63.741169
21
128.120125
0
LINE
8
0
10
63.741169
20
128.120125
11
62.703908
21
132.218590
0
LINE
8
0
10
62.703908
20
132.218590
11
62.066429
21
136.460329
0
LINE
8
0
10
62.066429
20
136.460329
11
61.849353
21
140.824246
0
LINE
8
0
10
61.849353
20
140.824246
11
62.068123
21
145.156693
0
LINE
8
0
10
62.068123
20
145.156693
11
62.710232
21
149.363989
0
LINE
8
0
10
62.710232
20
149.363989
11
63.754382
21
153.424835
0
LINE
8
0
10
63.754382
20
153.424835
11
65.179274
21
157.317931
0
LINE
8
0
10
65.179274
20
157.317931
11
66.963607
21
161.021978
0
LINE
8
0
10
66.963607
20
161.021978
11
69.086083
21
164.515678
0
LINE
8
0
10
69.086083
20
164.515678
11
71.525402
21
167.777731
0
LINE
8
0
10
71.525402
20
167.777731
11
74.260266
21
170.786837
0
LINE
8
0
10
74.260266
20
170.786837
11
77.269375
21
173.521698
0
LINE
8
0
10
77.269375
20
173.521698
11
80.531430
21
175.961015
0
LINE
8
0
10
80.531430
20
175.961015
11
84.025131
21
178.083489
0
LINE
8
0
10
84.025131
20
178.083489
11
87.729179
21
179.867820
0
LINE
8
0
10
87.729179
20
179.867820
11
91.622276
21
181.292709
0
LINE
8
0
10
91.622276
20
181.292709
11
95.683121
21
182.336857
0
LINE
8
0
10
95.683121
20
182.336857
11
99.890416
21
182.978965
0
LINE
8
0
10
99.890416
20
182.978965
11
104.222861
21
183.197735
0
LINE
8
0
10
104.222861
20
183.197735
11
108.561427
21
182.978893
0
LINE
8
0
10
108.561427
20
182.978893
11
112.785453
21
182.336585
0
LINE
8
0
10
112.785453
20
182.336585
11
116.871192
21
181.292140
0
LINE
8
0
10
116.871192
20
181.292140
11
120.794896
21
179.866886
0
LINE
8
0
10
120.794896
20
179.866886
11
124.532817
21
178.082152
0
LINE
8
0
10
124.532817
20
178.082152
11
128.061207
21
175.959266
0
LINE
8
0
10
128.061207
20
175.959266
11
131.356318
21
173.519555
0
LINE
8
0
10
131.356318
20
173.519555
11
134.394402
21
170.784349
0
LINE
8
0
10
134.394402
20
170.784349
11
137.151711
21
167.774975
0
LINE
8
0
10
137.151711
20
167.774975
11
139.604498
21
164.512762
0
LINE
8
0
10
139.604498
20
164.512762
11
141.729015
21
161.019038
0
LINE
8
0
10
141.729015
20
161.019038
11
143.501513
21
157.315132
0
LINE
8
0
10
143.501513
20
157.315132
11
144.898245
21
153.422371
0
LINE
8
0
10
144.898245
20
153.422371
11
145.895463
21
149.362084
0
LINE
8
0
10
145.895463
20
149.362084
11
146.469419
21
145.155600
0
LINE
8
0
10
146.469419
20
145.155600
11
146.596365
21
140.824246
0
LINE
8
0
10
146.596365
20
140.824246
11
146.549441
21
138.853944
0
LINE
8
0
10
146.549441
20
138.853944
11
146.232753
21
134.702951
0
LINE
8
0
10
146.232753
20
134.702951
11
145.498622
21
130.688076
0
LINE
8
0
10
145.498622
20
130.688076
11
144.369964
21
126.828383
0
LINE
8
0
10
144.369964
20
126.828383
11
142.869697
21
123.142935
0
LINE
8
0
10
142.869697
20
123.142935
11
141.020739
21
119.650796
0
LINE
8
0
10
141.020739
20
119.650796
11
138.846006
21
116.371031
0
LINE
8
0
10
138.846006
20
116.371031
11
136.368415
21
113.322702
0
LINE
8
0
10
136.368415
20
113.322702
11
133.610885
21
110.524873
0
LINE
8
0
10
133.610885
20
110.524873
11
130.596331
21
107.996609
0
LINE
8
0
10
130.596331
20
107.996609
11
127.347672
21
105.756973
0
LINE
8
0
10
127.347672
20
105.756973
11
123.887824
21
103.825028
0
LINE
8
0
10
123.887824
20
103.825028
11
120.239705
21
102.219840
0
LINE
8
0
10
120.239705
20
102.219840
11
116.426232
21
100.960470
0
LINE
8
0
10
116.426232
20
100.960470
11
112.470322
21
100.065984
0
LINE
8
0
10
112.470322
20
100.065984
11
108.394893
21
99.555444
0
LINE
8
0
10
108.394893
20
99.555444
11
104.222861
21
99.447915
0
LINE
8
0
10
104.222861
20
99.447915
11
100.066556
21
99.753864
0
LINE
8
0
10
100.066556
20
99.753864
11
96.036120
21
100.457647
0
LINE
8
0
10
96.036120
20
100.457647
11
92.151185
21
101.539158
0
LINE
8
0
10
92.151185
20
101.539158
11
88.431383
21
102.978293
0
LINE
8
0
10
88.431383
20
102.978293
11
84.896346
21
104.754945
0
LINE
8
0
10
84.896346
20
104.754945
11
81.565706
21
106.849010
0
LINE
8
0
10
81.565706
20
106.849010
11
78.459096
21
109.240384
0
LINE
8
0
10
78.459096
20
109.240384
11
75.596146
21
111.908959
0
LINE
8
0
10
75.596146
20
111.908959
11
72.996491
21
114.834633
0
LINE
8
0
10
72.996491
20
114.834633
11
70.679760
21
117.997299
0
LINE
8
0
10
70.679760
20
117.997299
11
68.665588
21
121.376852
0
LINE
8
0
10
68.665588
20
121.376852
11
66.973605
21
124.953187
0
LINE
8
0
10
66.973605
20
124.953187
11
65.623444
21
128.706199
0
LINE
8
0
10
65.623444
20
128.706199
11
64.634737
21
132.615783
0
LINE
8
0
10
64.634737
20
132.615783
11
64.027116
21
136.661834
0
LINE
8
0
10
64.027116
20
136.661834
11
63.820214
21
140.824246
0
LINE
8
0
10
63.820214
20
140.824246
11
64.028808
21
144.955184
0
LINE
8
0
10
64.028808
20
144.955184
11
64.641052
21
148.966792
0
LINE
8
0
10
64.641052
20
148.966792
11
65.636637
21
152.838762
0
LINE
8
0
10
65.636637
20
152.838762
11
66.995254
21
156.550783
0
LINE
8
0
10
66.995254
20
156.550783
11
68.696595
21
160.082550
0
LINE
8
0
10
68.696595
20
160.082550
11
70.720351
21
163.413751
0
LINE
8
0
10
70.720351
20
163.413751
11
73.046214
21
166.524080
0
LINE
8
0
10
73.046214
20
166.524080
11
75.653875
21
169.393228
0
LINE
8
0
10
75.653875
20
169.393228
11
78.523025
21
172.000887
0
LINE
8
0
10
78.523025
20
172.000887
11
81.633356
21
174.326747
0
LINE
8
0
10
81.633356
20
174.326747
11
84.964560
21
176.350501
0
LINE
8
0
10
84.964560
20
176.350501
11
88.496327
21
178.051839
0
LINE
8
0
10
88.496327
20
178.051839
11
92.208349
21
179.410454
0
LINE
8
0
10
92.208349
20
179.410454
11
96.080318
21
180.406038
0
LINE
8
0
10
96.080318
20
180.406038
11
100.091925
21
181.018280
0
LINE
8
0
10
100.091925
20
181.018280
11
104.222861
21
181.226874
0
LINE
8
0
10
104.222861
20
181.226874
11
108.359925
21
181.018204
0
LINE
8
0
10
108.359925
20
181.018204
11
112.388283
21
180.405752
0
LINE
8
0
10
112.388283
20
180.405752
11
116.285174
21
179.409857
0
LINE
8
0
10
116.285174
20
179.409857
11
120.027840
21
178.050859
0
LINE
8
0
10
120.027840
20
178.050859
11
123.593519
21
176.349096
0
LINE
8
0
10
123.593519
20
176.349096
11
126.959451
21
174.324908
0
LINE
8
0
10
126.959451
20
174.324908
11
130.102877
21
171.998634
0
LINE
8
0
10
130.102877
20
171.998634
11
133.001037
21
169.390613
0
LINE
8
0
10
133.001037
20
169.390613
11
135.631169
21
166.521184
0
LINE
8
0
10
135.631169
20
166.521184
11
137.970515
21
163.410686
0
LINE
8
0
10
137.970515
20
163.410686
11
139.996314
21
160.079459
0
LINE
8
0
10
139.996314
20
160.079459
11
141.685806
21
156.547841
0
LINE
8
0
10
141.685806
20
156.547841
11
143.016232
21
152.836172
0
LINE
8
0
10
143.016232
20
152.836172
11
143.964830
21
148.964790
0
LINE
8
0
10
143.964830
20
148.964790
11
144.508841
21
144.954035
0
LINE
8
0
10
144.508841
20
144.954035
11
144.625505
21
140.824246
0
LINE
8
0
10
144.625505
20
140.824246
11
144.576234
21
138.854002
0
LINE
8
0
10
144.576234
20
138.854002
11
144.269818
21
134.904574
0
LINE
8
0
10
144.269818
20
134.904574
11
143.565674
21
131.085451
0
LINE
8
0
10
143.565674
20
131.085451
11
142.485722
21
127.414704
0
LINE
8
0
10
142.485722
20
127.414704
11
141.051887
21
123.910403
0
LINE
8
0
10
141.051887
20
123.910403
11
139.286092
21
120.590619
0
LINE
8
0
10
139.286092
20
120.590619
11
137.210258
21
117.473423
0
LINE
8
0
10
137.210258
20
117.473423
11
134.846310
21
114.576886
0
LINE
8
0
10
134.846310
20
114.576886
11
132.216169
21
111.919078
0
LINE
8
0
10
132.216169
20
111.919078
11
129.341759
21
109.518071
0
LINE
8
0
10
129.341759
20
109.518071
11
126.245002
21
107.391934
0
LINE
8
0
10
126.245002
20
107.391934
11
122.947822
21
105.558739
0
LINE
8
0
10
122.947822
20
105.558739
11
119.472140
21
104.036556
0
LINE
8
0
10
119.472140
20
104.036556
11
115.839880
21
102.843456
0
LINE
8
0
10
115.839880
20
102.843456
11
112.072965
21
101.997510
0
LINE
8
0
10
112.072965
20
101.997510
11
108.193318
21
101.516789
0
LINE
8
0
10
108.193318
20
101.516789
11
104.222861
21
101.419363
0
LINE
8
0
10
104.222861
20
101.419363
11
100.268110
21
101.715054
0
LINE
8
0
10
100.268110
20
101.715054
11
96.433396
21
102.388896
0
LINE
8
0
10
96.433396
20
102.388896
11
92.737360
21
103.421772
0
LINE
8
0
10
92.737360
20
103.421772
11
89.198646
21
104.794569
0
LINE
8
0
10
89.198646
20
104.794569
11
85.835896
21
106.488173
0
LINE
8
0
10
85.835896
20
106.488173
11
82.667753
21
108.483468
0
LINE
8
0
10
82.667753
20
108.483468
11
79.712860
21
110.761340
0
LINE
8
0
10
79.712860
20
110.761340
11
76.989858
21
113.302674
0
LINE
8
0
10
76.989858
20
113.302674
11
74.517391
21
116.088356
0
LINE
8
0
10
74.517391
20
116.088356
11
72.314102
21
119.099272
0
LINE
8
0
10
72.314102
20
119.099272
11
70.398632
21
122.316306
0
LINE
8
0
10
70.398632
20
122.316306
11
68.789625
21
125.720344
0
LINE
8
0
10
68.789625
20
125.720344
11
67.505723
21
129.292272
0
LINE
8
0
10
67.505723
20
129.292272
11
66.565568
21
133.012974
0
LINE
8
0
10
66.565568
20
133.012974
11
65.987805
21
136.863337
0
LINE
8
0
10
65.987805
20
136.863337
11
65.791074
21
140.824246
0
LINE
8
0
10
65.791074
20
140.824246
11
65.989493
21
144.753675
0
LINE
8
0
10
65.989493
20
144.753675
11
66.571871
21
148.569595
0
LINE
8
0
10
66.571871
20
148.569595
11
67.518891
21
152.252687
0
LINE
8
0
10
67.518891
20
152.252687
11
68.811234
21
155.783635
0
LINE
8
0
10
68.811234
20
155.783635
11
70.429583
21
159.143119
0
LINE
8
0
10
70.429583
20
159.143119
11
72.354619
21
162.311824
0
LINE
8
0
10
72.354619
20
162.311824
11
74.567025
21
165.270429
0
LINE
8
0
10
74.567025
20
165.270429
11
77.047483
21
167.999619
0
LINE
8
0
10
77.047483
20
167.999619
11
79.776675
21
170.480074
0
LINE
8
0
10
79.776675
20
170.480074
11
82.735283
21
172.692478
0
LINE
8
0
10
82.735283
20
172.692478
11
85.903989
21
174.617512
0
LINE
8
0
10
85.903989
20
174.617512
11
89.263475
21
176.235859
0
LINE
8
0
10
89.263475
20
176.235859
11
92.794423
21
177.528200
0
LINE
8
0
10
92.794423
20
177.528200
11
96.477515
21
178.475218
0
LINE
8
0
10
96.477515
20
178.475218
11
100.293434
21
179.057596
0
LINE
8
0
10
100.293434
20
179.057596
11
104.222861
21
179.256014
0
LINE
8
0
10
104.222861
20
179.256014
11
108.158424
21
179.057515
0
LINE
8
0
10
108.158424
20
179.057515
11
111.991115
21
178.474917
0
LINE
8
0
10
111.991115
20
178.474917
11
115.699162
21
177.527570
0
LINE
8
0
10
115.699162
20
177.527570
11
119.260793
21
176.234825
0
LINE
8
0
10
119.260793
20
176.234825
11
122.654234
21
174.616032
0
LINE
8
0
10
122.654234
20
174.616032
11
125.857713
21
172.690540
0
LINE
8
0
10
125.857713
20
172.690540
11
128.849458
21
170.477700
0
LINE
8
0
10
128.849458
20
170.477700
11
131.607696
21
167.996863
0
LINE
8
0
10
131.607696
20
167.996863
11
134.110654
21
165.267377
0
LINE
8
0
10
134.110654
20
165.267377
11
136.336561
21
162.308593
0
LINE
8
0
10
136.336561
20
162.308593
11
138.263643
21
159.139862
0
LINE
8
0
10
138.263643
20
159.139862
11
139.870127
21
155.780534
0
LINE
8
0
10
139.870127
20
155.780534
11
141.134243
21
152.249958
0
LINE
8
0
10
141.134243
20
152.249958
11
142.034215
21
148.567484
0
LINE
8
0
10
142.034215
20
148.567484
11
142.548274
21
144.752464
0
LINE
8
0
10
142.548274
20
144.752464
11
142.654645
21
140.824246
0
LINE
8
0
10
142.654645
20
140.824246
11
142.602781
21
138.854068
0
LINE
8
0
10
142.602781
20
138.854068
11
142.306648
21
135.106211
0
LINE
8
0
10
142.306648
20
135.106211
11
141.632502
21
131.482846
0
LINE
8
0
10
141.632502
20
131.482846
11
140.601271
21
128.001051
0
LINE
8
0
10
140.601271
20
128.001051
11
139.233885
21
124.677904
0
LINE
8
0
10
139.233885
20
124.677904
11
137.551270
21
121.530483
0
LINE
8
0
10
137.551270
20
121.530483
11
135.574355
21
118.575864
0
LINE
8
0
10
135.574355
20
118.575864
11
133.324068
21
115.831126
0
LINE
8
0
10
133.324068
20
115.831126
11
130.821337
21
113.313345
0
LINE
8
0
10
130.821337
20
113.313345
11
128.087089
21
111.039599
0
LINE
8
0
10
128.087089
20
111.039599
11
125.142254
21
109.026966
0
LINE
8
0
10
125.142254
20
109.026966
11
122.007758
21
107.292523
0
LINE
8
0
10
122.007758
20
107.292523
11
118.704530
21
105.853348
0
LINE
8
0
10
118.704530
20
105.853348
11
115.253499
21
104.726517
0
LINE
8
0
10
115.253499
20
104.726517
11
111.675591
21
103.929109
0
LINE
8
0
10
111.675591
20
103.929109
11
107.991736
21
103.478202
0
LINE
8
0
10
107.991736
20
103.478202
11
104.222861
21
103.390871
0
LINE
8
0
10
104.222861
20
103.390871
11
100.469668
21
103.676297
0
LINE
8
0
10
100.469668
20
103.676297
11
96.830678
21
104.320189
0
LINE
8
0
10
96.830678
20
104.320189
11
93.323544
21
105.304424
0
LINE
8
0
10
93.323544
20
105.304424
11
89.965919
21
106.610878
0
LINE
8
0
10
89.965919
20
106.610878
11
86.775457
21
108.221426
0
LINE
8
0
10
86.775457
20
108.221426
11
83.769810
21
110.117946
0
LINE
8
0
10
83.769810
20
110.117946
11
80.966633
21
112.282312
0
LINE
8
0
10
80.966633
20
112.282312
11
78.383578
21
114.696401
0
LINE
8
0
10
78.383578
20
114.696401
11
76.038299
21
117.342088
0
LINE
8
0
10
76.038299
20
117.342088
11
73.948448
21
120.201250
0
LINE
8
0
10
73.948448
20
120.201250
11
72.131680
21
123.255763
0
LINE
8
0
10
72.131680
20
123.255763
11
70.605647
21
126.487502
0
LINE
8
0
10
70.605647
20
126.487502
11
69.388002
21
129.878344
0
LINE
8
0
10
69.388002
20
129.878344
11
68.496400
21
133.410165
0
LINE
8
0
10
68.496400
20
133.410165
11
67.948493
21
137.064840
0
LINE
8
0
10
67.948493
20
137.064840
11
67.761934
21
140.824246
0
LINE
8
0
10
67.761934
20
140.824246
11
67.950178
21
144.552166
0
LINE
8
0
10
67.950178
20
144.552166
11
68.502691
21
148.172398
0
LINE
8
0
10
68.502691
20
148.172398
11
69.401145
21
151.666614
0
LINE
8
0
10
69.401145
20
151.666614
11
70.627214
21
155.016487
0
LINE
8
0
10
70.627214
20
155.016487
11
72.162571
21
158.203690
0
LINE
8
0
10
72.162571
20
158.203690
11
73.988888
21
161.209897
0
LINE
8
0
10
73.988888
20
161.209897
11
76.087837
21
164.016779
0
LINE
8
0
10
76.087837
20
164.016779
11
78.441092
21
166.606010
0
LINE
8
0
10
78.441092
20
166.606010
11
81.030325
21
168.959263
0
LINE
8
0
10
81.030325
20
168.959263
11
83.837210
21
171.058210
0
LINE
8
0
10
83.837210
20
171.058210
11
86.843418
21
172.884524
0
LINE
8
0
10
86.843418
20
172.884524
11
90.030622
21
174.419878
0
LINE
8
0
10
90.030622
20
174.419878
11
93.380496
21
175.645946
0
LINE
8
0
10
93.380496
20
175.645946
11
96.874712
21
176.544399
0
LINE
8
0
10
96.874712
20
176.544399
11
100.494943
21
177.096911
0
LINE
8
0
10
100.494943
20
177.096911
11
104.222861
21
177.285154
0
LINE
8
0
10
104.222861
20
177.285154
11
107.956923
21
177.096825
0
LINE
8
0
10
107.956923
20
177.096825
11
111.593951
21
176.544080
0
LINE
8
0
10
111.593951
20
176.544080
11
115.113157
21
175.645280
0
LINE
8
0
10
115.113157
20
175.645280
11
118.493757
21
174.418786
0
LINE
8
0
10
118.493757
20
174.418786
11
121.714965
21
172.882959
0
LINE
8
0
10
121.714965
20
172.882959
11
124.755996
21
171.056161
0
LINE
8
0
10
124.755996
20
171.056161
11
127.596065
21
168.956753
0
LINE
8
0
10
127.596065
20
168.956753
11
130.214386
21
166.603096
0
LINE
8
0
10
130.214386
20
166.603096
11
132.590173
21
164.013552
0
LINE
8
0
10
132.590173
20
164.013552
11
134.702642
21
161.206482
0
LINE
8
0
10
134.702642
20
161.206482
11
136.531007
21
158.200247
0
LINE
8
0
10
136.531007
20
158.200247
11
138.054483
21
155.013209
0
LINE
8
0
10
138.054483
20
155.013209
11
139.252284
21
151.663728
0
LINE
8
0
10
139.252284
20
151.663728
11
140.103625
21
148.170166
0
LINE
8
0
10
140.103625
20
148.170166
11
140.587720
21
144.550885
0
LINE
8
0
10
140.587720
20
144.550885
11
140.683784
21
140.824246
0
LINE
8
0
10
140.683784
20
140.824246
11
140.629037
21
138.854145
0
LINE
8
0
10
140.629037
20
138.854145
11
140.343200
21
135.307865
0
LINE
8
0
10
140.343200
20
135.307865
11
139.699071
21
131.880266
0
LINE
8
0
10
139.699071
20
131.880266
11
138.716580
21
128.587432
0
LINE
8
0
10
138.716580
20
128.587432
11
137.415663
21
125.445448
0
LINE
8
0
10
137.415663
20
125.445448
11
135.816250
21
122.470398
0
LINE
8
0
10
135.816250
20
122.470398
11
133.938276
21
119.678365
0
LINE
8
0
10
133.938276
20
119.678365
11
131.801673
21
117.085433
0
LINE
8
0
10
131.801673
20
117.085433
11
129.426373
21
114.707686
0
LINE
8
0
10
129.426373
20
114.707686
11
126.832311
21
112.561208
0
LINE
8
0
10
126.832311
20
112.561208
11
124.039418
21
110.662084
0
LINE
8
0
10
124.039418
20
110.662084
11
121.067627
21
109.026396
0
LINE
8
0
10
121.067627
20
109.026396
11
117.936872
21
107.670230
0
LINE
8
0
10
117.936872
20
107.670230
11
114.667085
21
106.609668
0
LINE
8
0
10
114.667085
20
106.609668
11
111.278198
21
105.860795
0
LINE
8
0
10
111.278198
20
105.860795
11
107.790146
21
105.439695
0
LINE
8
0
10
107.790146
20
105.439695
11
104.222861
21
105.362451
0
LINE
8
0
10
104.222861
20
105.362451
11
100.671231
21
105.637600
0
LINE
8
0
10
100.671231
20
105.637600
11
97.227970
21
106.251534
0
LINE
8
0
10
97.227970
20
106.251534
11
93.909740
21
107.187119
0
LINE
8
0
10
93.909740
20
107.187119
11
90.733206
21
108.427222
0
LINE
8
0
10
90.733206
20
108.427222
11
87.715032
21
109.954709
0
LINE
8
0
10
87.715032
20
109.954709
11
84.871882
21
111.752446
0
LINE
8
0
10
84.871882
20
111.752446
11
82.220421
21
113.803301
0
LINE
8
0
10
82.220421
20
113.803301
11
79.777311
21
116.090140
0
LINE
8
0
10
79.777311
20
116.090140
11
77.559217
21
118.595829
0
LINE
8
0
10
77.559217
20
118.595829
11
75.582804
21
121.303234
0
LINE
8
0
10
75.582804
20
121.303234
11
73.864735
21
124.195223
0
LINE
8
0
10
73.864735
20
124.195223
11
72.421674
21
127.254662
0
LINE
8
0
10
72.421674
20
127.254662
11
71.270286
21
130.464417
0
LINE
8
0
10
71.270286
20
130.464417
11
70.427235
21
133.807355
0
LINE
8
0
10
70.427235
20
133.807355
11
69.909183
21
137.266343
0
LINE
8
0
10
69.909183
20
137.266343
11
69.732797
21
140.824246
0
LINE
8
0
10
69.732797
20
140.824246
11
69.910865
21
144.350657
0
LINE
8
0
10
69.910865
20
144.350657
11
70.433513
21
147.775200
0
LINE
8
0
10
70.433513
20
147.775200
11
71.283402
21
151.080539
0
LINE
8
0
10
71.283402
20
151.080539
11
72.443197
21
154.249338
0
LINE
8
0
10
72.443197
20
154.249338
11
73.895562
21
157.264260
0
LINE
8
0
10
73.895562
20
157.264260
11
75.623158
21
160.107969
0
LINE
8
0
10
75.623158
20
160.107969
11
77.608651
21
162.763128
0
LINE
8
0
10
77.608651
20
162.763128
11
79.834703
21
165.212401
0
LINE
8
0
10
79.834703
20
165.212401
11
82.283978
21
167.438450
0
LINE
8
0
10
82.283978
20
167.438450
11
84.939138
21
169.423941
0
LINE
8
0
10
84.939138
20
169.423941
11
87.782848
21
171.151535
0
LINE
8
0
10
87.782848
20
171.151535
11
90.797772
21
172.603898
0
LINE
8
0
10
90.797772
20
172.603898
11
93.966571
21
173.763691
0
LINE
8
0
10
93.966571
20
173.763691
11
97.271910
21
174.613579
0
LINE
8
0
10
97.271910
20
174.613579
11
100.696452
21
175.136226
0
LINE
8
0
10
100.696452
20
175.136226
11
104.222861
21
175.314294
0
LINE
8
0
10
104.222861
20
175.314294
11
107.755424
21
175.136135
0
LINE
8
0
10
107.755424
20
175.136135
11
111.196790
21
174.613241
0
LINE
8
0
10
111.196790
20
174.613241
11
114.527160
21
173.762985
0
LINE
8
0
10
114.527160
20
173.762985
11
117.726734
21
172.602739
0
LINE
8
0
10
117.726734
20
172.602739
11
120.775715
21
171.149876
0
LINE
8
0
10
120.775715
20
171.149876
11
123.654304
21
169.421768
0
LINE
8
0
10
123.654304
20
169.421768
11
126.342702
21
167.435789
0
LINE
8
0
10
126.342702
20
167.435789
11
128.821111
21
165.209311
0
LINE
8
0
10
128.821111
20
165.209311
11
131.069731
21
162.759706
0
LINE
8
0
10
131.069731
20
162.759706
11
133.068765
21
160.104348
0
LINE
8
0
10
133.068765
20
160.104348
11
134.798413
21
157.260609
0
LINE
8
0
10
134.798413
20
157.260609
11
136.238878
21
154.245862
0
LINE
8
0
10
136.238878
20
154.245862
11
137.370360
21
151.077480
0
LINE
8
0
10
137.370360
20
151.077480
11
138.173061
21
147.772834
0
LINE
8
0
10
138.173061
20
147.772834
11
138.627182
21
144.349299
0
LINE
8
0
10
138.627182
20
144.349299
11
138.712924
21
140.824246
0
LINE
8
0
10
138.712924
20
140.824246
11
138.654957
21
138.854238
0
LINE
8
0
10
138.654957
20
138.854238
11
138.379430
21
135.509542
0
LINE
8
0
10
138.379430
20
135.509542
11
137.765333
21
132.277718
0
LINE
8
0
10
137.765333
20
132.277718
11
136.831602
21
129.173856
0
LINE
8
0
10
136.831602
20
129.173856
11
135.597176
21
126.213045
0
LINE
8
0
10
135.597176
20
126.213045
11
134.080990
21
123.410376
0
LINE
8
0
10
134.080990
20
123.410376
11
132.301982
21
120.780938
0
LINE
8
0
10
132.301982
20
120.780938
11
130.279089
21
118.339822
0
LINE
8
0
10
130.279089
20
118.339822
11
128.031249
21
116.102118
0
LINE
8
0
10
128.031249
20
116.102118
11
125.577398
21
114.082916
0
LINE
8
0
10
125.577398
20
114.082916
11
122.936473
21
112.297306
0
LINE
8
0
10
122.936473
20
112.297306
11
120.127412
21
110.760378
0
LINE
8
0
10
120.127412
20
110.760378
11
117.169152
21
109.487222
0
LINE
8
0
10
117.169152
20
109.487222
11
114.080630
21
108.492928
0
LINE
8
0
10
114.080630
20
108.492928
11
110.880782
21
107.792586
0
LINE
8
0
10
110.880782
20
107.792586
11
107.588547
21
107.401286
0
LINE
8
0
10
107.588547
20
107.401286
11
104.222861
21
107.334118
0
LINE
8
0
10
104.222861
20
107.334118
11
100.872801
21
107.598980
0
LINE
8
0
10
100.872801
20
107.598980
11
97.625273
21
108.182944
0
LINE
8
0
10
97.625273
20
108.182944
11
94.495951
21
109.069869
0
LINE
8
0
10
94.495951
20
109.069869
11
91.500511
21
110.243612
0
LINE
8
0
10
91.500511
20
110.243612
11
88.654626
21
111.688029
0
LINE
8
0
10
88.654626
20
111.688029
11
85.973973
21
113.386977
0
LINE
8
0
10
85.973973
20
113.386977
11
83.474225
21
115.324314
0
LINE
8
0
10
83.474225
20
115.324314
11
81.171059
21
117.483897
0
LINE
8
0
10
81.171059
20
117.483897
11
79.080150
21
119.849582
0
LINE
8
0
10
79.080150
20
119.849582
11
77.217171
21
122.405227
0
LINE
8
0
10
77.217171
20
122.405227
11
75.597799
21
125.134689
0
LINE
8
0
10
75.597799
20
125.134689
11
74.237708
21
128.021825
0
LINE
8
0
10
74.237708
20
128.021825
11
73.152573
21
131.050491
0
LINE
8
0
10
73.152573
20
131.050491
11
72.358070
21
134.204546
0
LINE
8
0
10
72.358070
20
134.204546
11
71.869873
21
137.467845
0
LINE
8
0
10
71.869873
20
137.467845
11
71.703657
21
140.824246
0
LINE
8
0
10
71.703657
20
140.824246
11
71.871550
21
144.149148
0
LINE
8
0
10
71.871550
20
144.149148
11
72.364332
21
147.378003
0
LINE
8
0
10
72.364332
20
147.378003
11
73.165656
21
150.494466
0
LINE
8
0
10
73.165656
20
150.494466
11
74.259177
21
153.482191
0
LINE
8
0
10
74.259177
20
153.482191
11
75.628550
21
156.324832
0
LINE
8
0
10
75.628550
20
156.324832
11
77.257427
21
159.006043
0
LINE
8
0
10
77.257427
20
159.006043
11
79.129463
21
161.509479
0
LINE
8
0
10
79.129463
20
161.509479
11
81.228312
21
163.818793
0
LINE
8
0
10
81.228312
20
163.818793
11
83.537628
21
165.917640
0
LINE
8
0
10
83.537628
20
165.917640
11
86.041065
21
167.789674
0
LINE
8
0
10
86.041065
20
167.789674
11
88.722277
21
169.418549
0
LINE
8
0
10
88.722277
20
169.418549
11
91.564919
21
170.787920
0
LINE
8
0
10
91.564919
20
170.787920
11
94.552644
21
171.881439
0
LINE
8
0
10
94.552644
20
171.881439
11
97.669107
21
172.682763
0
LINE
8
0
10
97.669107
20
172.682763
11
100.897961
21
173.175543
0
LINE
8
0
10
100.897961
20
173.175543
11
104.222861
21
173.343436
0
LINE
8
0
10
104.222861
20
173.343436
11
107.553926
21
173.175447
0
LINE
8
0
10
107.553926
20
173.175447
11
110.799634
21
172.682403
0
LINE
8
0
10
110.799634
20
172.682403
11
113.941172
21
171.880688
0
LINE
8
0
10
113.941172
20
171.880688
11
116.959727
21
170.786686
0
LINE
8
0
10
116.959727
20
170.786686
11
119.836487
21
169.416783
0
LINE
8
0
10
119.836487
20
169.416783
11
122.552640
21
167.787362
0
LINE
8
0
10
122.552640
20
167.787362
11
125.089374
21
165.914807
0
LINE
8
0
10
125.089374
20
165.914807
11
127.427876
21
163.815504
0
LINE
8
0
10
127.427876
20
163.815504
11
129.549334
21
161.505837
0
LINE
8
0
10
129.549334
20
161.505837
11
131.434935
21
159.002189
0
LINE
8
0
10
131.434935
20
159.002189
11
133.065867
21
156.320945
0
LINE
8
0
10
133.065867
20
156.320945
11
134.423318
21
153.478491
0
LINE
8
0
10
134.423318
20
153.478491
11
135.488476
21
150.491209
0
LINE
8
0
10
135.488476
20
150.491209
11
136.242528
21
147.375485
0
LINE
8
0
10
136.242528
20
147.375485
11
136.666661
21
144.147702
0
LINE
8
0
10
136.666661
20
144.147702
11
136.742064
21
140.824246
0
LINE
8
0
10
136.742064
20
140.824246
11
136.680474
21
138.854349
0
LINE
8
0
10
136.680474
20
138.854349
11
136.415275
21
135.711247
0
LINE
8
0
10
136.415275
20
135.711247
11
135.831232
21
132.675208
0
LINE
8
0
10
135.831232
20
132.675208
11
134.946286
21
129.760327
0
LINE
8
0
10
134.946286
20
129.760327
11
133.778378
21
126.980700
0
LINE
8
0
10
133.778378
20
126.980700
11
132.345449
21
124.350424
0
LINE
8
0
10
132.345449
20
124.350424
11
130.665438
21
121.883593
0
LINE
8
0
10
130.665438
20
121.883593
11
128.756288
21
119.594304
0
LINE
8
0
10
128.756288
20
119.594304
11
126.635938
21
117.496652
0
LINE
8
0
10
126.635938
20
117.496652
11
124.322331
21
115.604734
0
LINE
8
0
10
124.322331
20
115.604734
11
121.833405
21
113.932644
0
LINE
8
0
10
121.833405
20
113.932644
11
119.187102
21
112.494480
0
LINE
8
0
10
119.187102
20
112.494480
11
116.401363
21
111.304336
0
LINE
8
0
10
116.401363
20
111.304336
11
113.494129
21
110.376308
0
LINE
8
0
10
113.494129
20
110.376308
11
110.483340
21
109.724492
0
LINE
8
0
10
110.483340
20
109.724492
11
107.386937
21
109.362985
0
LINE
8
0
10
107.386937
20
109.362985
11
104.222861
21
109.305881
0
LINE
8
0
10
104.222861
20
109.305881
11
101.074378
21
109.560440
0
LINE
8
0
10
101.074378
20
109.560440
11
98.022589
21
110.114422
0
LINE
8
0
10
98.022589
20
110.114422
11
95.082178
21
110.952675
0
LINE
8
0
10
95.082178
20
110.952675
11
92.267832
21
112.060047
0
LINE
8
0
10
92.267832
20
112.060047
11
89.594237
21
113.421384
0
LINE
8
0
10
89.594237
20
113.421384
11
87.076080
21
115.021535
0
LINE
8
0
10
87.076080
20
115.021535
11
84.728046
21
116.845347
0
LINE
8
0
10
84.728046
20
116.845347
11
82.564822
21
118.877668
0
LINE
8
0
10
82.564822
20
118.877668
11
80.601093
21
121.103345
0
LINE
8
0
10
80.601093
20
121.103345
11
78.851547
21
123.507225
0
LINE
8
0
10
78.851547
20
123.507225
11
77.330869
21
126.074156
0
LINE
8
0
10
77.330869
20
126.074156
11
76.053745
21
128.788987
0
LINE
8
0
10
76.053745
20
128.788987
11
75.034862
21
131.636563
0
LINE
8
0
10
75.034862
20
131.636563
11
74.288905
21
134.601734
0
LINE
8
0
10
74.288905
20
134.601734
11
73.830562
21
137.669345
0
LINE
8
0
10
73.830562
20
137.669345
11
73.674517
21
140.824246
0
LINE
8
0
10
73.674517
20
140.824246
11
73.832235
21
143.947638
0
LINE
8
0
10
73.832235
20
143.947638
11
74.295151
21
146.980805
0
LINE
8
0
10
74.295151
20
146.980805
11
75.047911
21
149.908391
0
LINE
8
0
10
75.047911
20
149.908391
11
76.075158
21
152.715042
0
LINE
8
0
10
76.075158
20
152.715042
11
77.361538
21
155.385402
0
LINE
8
0
10
77.361538
20
155.385402
11
78.891695
21
157.904115
0
LINE
8
0
10
78.891695
20
157.904115
11
80.650274
21
160.255828
0
LINE
8
0
10
80.650274
20
160.255828
11
82.621920
21
162.425184
0
LINE
8
0
10
82.621920
20
162.425184
11
84.791278
21
164.396828
0
LINE
8
0
10
84.791278
20
164.396828
11
87.142992
21
166.155406
0
LINE
8
0
10
87.142992
20
166.155406
11
89.661706
21
167.685561
0
LINE
8
0
10
89.661706
20
167.685561
11
92.332067
21
168.971939
0
LINE
8
0
10
92.332067
20
168.971939
11
95.138718
21
169.999185
0
LINE
8
0
10
95.138718
20
169.999185
11
98.066304
21
170.751943
0
LINE
8
0
10
98.066304
20
170.751943
11
101.099470
21
171.214858
0
LINE
8
0
10
101.099470
20
171.214858
11
104.222861
21
171.372576
0
LINE
8
0
10
104.222861
20
171.372576
11
107.352429
21
171.214755
0
LINE
8
0
10
107.352429
20
171.214755
11
110.402483
21
170.751559
0
LINE
8
0
10
110.402483
20
170.751559
11
113.355194
21
169.998382
0
LINE
8
0
10
113.355194
20
169.998382
11
116.192738
21
168.970621
0
LINE
8
0
10
116.192738
20
168.970621
11
118.897286
21
167.683673
0
LINE
8
0
10
118.897286
20
167.683673
11
121.451012
21
166.152934
0
LINE
8
0
10
121.451012
20
166.152934
11
123.836089
21
164.393800
0
LINE
8
0
10
123.836089
20
164.393800
11
126.034692
21
162.421668
0
LINE
8
0
10
126.034692
20
162.421668
11
128.028992
21
160.251935
0
LINE
8
0
10
128.028992
20
160.251935
11
129.801164
21
157.899996
0
LINE
8
0
10
129.801164
20
157.899996
11
131.333381
21
155.381248
0
LINE
8
0
10
131.333381
20
155.381248
11
132.607816
21
152.711087
0
LINE
8
0
10
132.607816
20
152.711087
11
133.606642
21
149.904910
0
LINE
8
0
10
133.606642
20
149.904910
11
134.312032
21
146.978114
0
LINE
8
0
10
134.312032
20
146.978114
11
134.706161
21
143.946093
0
LINE
8
0
10
134.706161
20
143.946093
11
134.771201
21
140.824246
0
LINE
8
0
10
134.771201
20
140.824246
11
134.705505
21
138.854481
0
LINE
8
0
10
134.705505
20
138.854481
11
134.450654
21
135.912985
0
LINE
8
0
10
134.450654
20
135.912985
11
133.896691
21
133.072743
0
LINE
8
0
10
133.896691
20
133.072743
11
133.060559
21
130.346859
0
LINE
8
0
10
133.060559
20
130.346859
11
131.959202
21
127.748431
0
LINE
8
0
10
131.959202
20
127.748431
11
130.609564
21
125.290562
0
LINE
8
0
10
130.609564
20
125.290562
11
129.028589
21
122.986353
0
LINE
8
0
10
129.028589
20
122.986353
11
127.233219
21
120.848904
0
LINE
8
0
10
127.233219
20
120.848904
11
125.240399
21
118.891317
0
LINE
8
0
10
125.240399
20
118.891317
11
123.067073
21
117.126693
0
LINE
8
0
10
123.067073
20
117.126693
11
120.730183
21
115.568132
0
LINE
8
0
10
120.730183
20
115.568132
11
118.246674
21
114.228737
0
LINE
8
0
10
118.246674
20
114.228737
11
115.633488
21
113.121607
0
LINE
8
0
10
115.633488
20
113.121607
11
112.907571
21
112.259845
0
LINE
8
0
10
112.907571
20
112.259845
11
110.085865
21
111.656550
0
LINE
8
0
10
110.085865
20
111.656550
11
107.185313
21
111.324825
0
LINE
8
0
10
107.185313
20
111.324825
11
104.222861
21
111.277770
0
LINE
8
0
10
104.222861
20
111.277770
11
101.275965
21
111.522010
0
LINE
8
0
10
101.275965
20
111.522010
11
98.419921
21
112.045995
0
LINE
8
0
10
98.419921
20
112.045995
11
95.668427
21
112.835562
0
LINE
8
0
10
95.668427
20
112.835562
11
93.035179
21
113.876550
0
LINE
8
0
10
93.035179
20
113.876550
11
90.533876
21
115.154796
0
LINE
8
0
10
90.533876
20
115.154796
11
88.178214
21
116.656138
0
LINE
8
0
10
88.178214
20
116.656138
11
85.981893
21
118.366416
0
LINE
8
0
10
85.981893
20
118.366416
11
83.958608
21
120.271466
0
LINE
8
0
10
83.958608
20
120.271466
11
82.122058
21
122.357126
0
LINE
8
0
10
82.122058
20
122.357126
11
80.485941
21
124.609236
0
LINE
8
0
10
80.485941
20
124.609236
11
79.063953
21
127.013632
0
LINE
8
0
10
79.063953
20
127.013632
11
77.869793
21
129.556153
0
LINE
8
0
10
77.869793
20
129.556153
11
76.917158
21
132.222637
0
LINE
8
0
10
76.917158
20
132.222637
11
76.219745
21
134.998922
0
LINE
8
0
10
76.219745
20
134.998922
11
75.791252
21
137.870845
0
LINE
8
0
10
75.791252
20
137.870845
11
75.645378
21
140.824246
0
LINE
8
0
10
75.645378
20
140.824246
11
75.792920
21
143.746129
0
LINE
8
0
10
75.792920
20
143.746129
11
76.225971
21
146.583608
0
LINE
8
0
10
76.225971
20
146.583608
11
76.930165
21
149.322318
0
LINE
8
0
10
76.930165
20
149.322318
11
77.891138
21
151.947894
0
LINE
8
0
10
77.891138
20
151.947894
11
79.094526
21
154.445973
0
LINE
8
0
10
79.094526
20
154.445973
11
80.525963
21
156.802189
0
LINE
8
0
10
80.525963
20
156.802189
11
82.171086
21
159.002178
0
LINE
8
0
10
82.171086
20
159.002178
11
84.015529
21
161.031575
0
LINE
8
0
10
84.015529
20
161.031575
11
86.044928
21
162.876017
0
LINE
8
0
10
86.044928
20
162.876017
11
88.244918
21
164.521137
0
LINE
8
0
10
88.244918
20
164.521137
11
90.601135
21
165.952573
0
LINE
8
0
10
90.601135
20
165.952573
11
93.099215
21
167.155959
0
LINE
8
0
10
93.099215
20
167.155959
11
95.724791
21
168.116931
0
LINE
8
0
10
95.724791
20
168.116931
11
98.463501
21
168.821124
0
LINE
8
0
10
98.463501
20
168.821124
11
101.300979
21
169.254174
0
LINE
8
0
10
101.300979
20
169.254174
11
104.222861
21
169.401716
0
LINE
8
0
10
104.222861
20
169.401716
11
107.150934
21
169.254063
0
LINE
8
0
10
107.150934
20
169.254063
11
110.005339
21
168.820711
0
LINE
8
0
10
110.005339
20
168.820711
11
112.769232
21
168.116068
0
LINE
8
0
10
112.769232
20
168.116068
11
115.425772
21
167.154543
0
LINE
8
0
10
115.425772
20
167.154543
11
117.958118
21
165.950545
0
LINE
8
0
10
117.958118
20
165.950545
11
120.349427
21
164.518482
0
LINE
8
0
10
120.349427
20
164.518482
11
122.582858
21
162.872764
0
LINE
8
0
10
122.582858
20
162.872764
11
124.641569
21
161.027799
0
LINE
8
0
10
124.641569
20
161.027799
11
126.508719
21
158.997996
0
LINE
8
0
10
126.508719
20
158.997996
11
128.167466
21
156.797763
0
LINE
8
0
10
128.167466
20
156.797763
11
129.600967
21
154.441511
0
LINE
8
0
10
129.600967
20
154.441511
11
130.792382
21
151.943646
0
LINE
8
0
10
130.792382
20
151.943646
11
131.724869
21
149.318578
0
LINE
8
0
10
131.724869
20
149.318578
11
132.381585
21
146.580717
0
LINE
8
0
10
132.381585
20
146.580717
11
132.745690
21
143.744470
0
LINE
8
0
10
132.745690
20
143.744470
11
132.800341
21
140.824246
0
LINE
8
0
10
132.800341
20
140.824246
11
132.729954
21
138.854643
0
LINE
8
0
10
132.729954
20
138.854643
11
132.485474
21
136.114765
0
LINE
8
0
10
132.485474
20
136.114765
11
131.961620
21
133.470337
0
LINE
8
0
10
131.961620
20
133.470337
11
131.174337
21
130.933465
0
LINE
8
0
10
131.174337
20
130.933465
11
130.139571
21
128.516253
0
LINE
8
0
10
130.139571
20
128.516253
11
128.873267
21
126.230809
0
LINE
8
0
10
128.873267
20
126.230809
11
127.391371
21
124.089238
0
LINE
8
0
10
127.391371
20
124.089238
11
125.709828
21
122.103645
0
LINE
8
0
10
125.709828
20
122.103645
11
123.844584
21
120.286136
0
LINE
8
0
10
123.844584
20
120.286136
11
121.811585
21
118.648818
0
LINE
8
0
10
121.811585
20
118.648818
11
119.626775
21
117.203796
0
LINE
8
0
10
119.626775
20
117.203796
11
117.306101
21
115.963176
0
LINE
8
0
10
117.306101
20
115.963176
11
114.865509
21
114.939063
0
LINE
8
0
10
114.865509
20
114.939063
11
112.320943
21
114.143564
0
LINE
8
0
10
112.320943
20
114.143564
11
109.688349
21
113.588784
0
LINE
8
0
10
109.688349
20
113.588784
11
106.983673
21
113.286829
0
LINE
8
0
10
106.983673
20
113.286829
11
104.222861
21
113.249805
0
LINE
8
0
10
104.222861
20
113.249805
11
101.477562
21
113.483706
0
LINE
8
0
10
101.477562
20
113.483706
11
98.817272
21
113.977674
0
LINE
8
0
10
98.817272
20
113.977674
11
96.254699
21
114.718538
0
LINE
8
0
10
96.254699
20
114.718538
11
93.802552
21
115.693126
0
LINE
8
0
10
93.802552
20
115.693126
11
91.473541
21
116.888267
0
LINE
8
0
10
91.473541
20
116.888267
11
89.280376
21
118.290789
0
LINE
8
0
10
89.280376
20
118.290789
11
87.235765
21
119.887521
0
LINE
8
0
10
87.235765
20
119.887521
11
85.352417
21
121.665291
0
LINE
8
0
10
85.352417
20
121.665291
11
83.643042
21
123.610927
0
LINE
8
0
10
83.643042
20
123.610927
11
82.120350
21
125.711259
0
LINE
8
0
10
82.120350
20
125.711259
11
80.797049
21
127.953115
0
LINE
8
0
10
80.797049
20
127.953115
11
79.685848
21
130.323323
0
LINE
8
0
10
79.685848
20
130.323323
11
78.799458
21
132.808711
0
LINE
8
0
10
78.799458
20
132.808711
11
78.150586
21
135.396109
0
LINE
8
0
10
78.150586
20
135.396109
11
77.751943
21
138.072344
0
LINE
8
0
10
77.751943
20
138.072344
11
77.616238
21
140.824246
0
LINE
8
0
10
77.616238
20
140.824246
11
77.758274
21
143.594789
0
LINE
8
0
10
77.758274
20
143.594789
11
78.174886
21
146.291853
0
LINE
8
0
10
78.174886
20
146.291853
11
78.851827
21
148.899524
0
LINE
8
0
10
78.851827
20
148.899524
11
79.774851
21
151.401887
0
LINE
8
0
10
79.774851
20
151.401887
11
80.929711
21
153.783028
0
LINE
8
0
10
80.929711
20
153.783028
11
82.302162
21
156.027030
0
LINE
8
0
10
82.302162
20
156.027030
11
83.877956
21
158.117981
0
LINE
8
0
10
83.877956
20
158.117981
11
85.642848
21
160.039964
0
LINE
8
0
10
85.642848
20
160.039964
11
87.582592
21
161.777065
0
LINE
8
0
10
87.582592
20
161.777065
11
89.682941
21
163.313370
0
LINE
8
0
10
89.682941
20
163.313370
11
91.929649
21
164.632963
0
LINE
8
0
10
91.929649
20
164.632963
11
94.308470
21
165.719930
0
LINE
8
0
10
94.308470
20
165.719930
11
96.805156
21
166.558355
0
LINE
8
0
10
96.805156
20
166.558355
11
99.405463
21
167.132325
0
LINE
8
0
10
99.405463
20
167.132325
11
102.095144
21
167.425924
0
LINE
8
0
10
102.095144
20
167.425924
11
104.859953
21
167.423238
0
LINE
8
0
10
104.859953
20
167.423238
11
107.025851
21
167.095452
0
LINE
8
0
10
107.025851
20
167.095452
11
109.054294
21
166.388098
0
LINE
8
0
10
109.054294
20
166.388098
11
110.919727
21
165.342471
0
LINE
8
0
10
110.919727
20
165.342471
11
112.596596
21
163.999865
0
LINE
8
0
10
112.596596
20
163.999865
11
114.059348
21
162.401575
0
LINE
8
0
10
114.059348
20
162.401575
11
115.282429
21
160.588895
0
LINE
8
0
10
115.282429
20
160.588895
11
116.240284
21
158.603120
0
LINE
8
0
10
116.240284
20
158.603120
11
116.907361
21
156.485543
0
LINE
8
0
10
116.907361
20
156.485543
11
117.249210
21
154.310022
0
LINE
8
0
10
117.249210
20
154.310022
11
117.257238
21
152.145682
0
LINE
8
0
10
117.257238
20
152.145682
11
116.944678
21
150.026726
0
LINE
8
0
10
116.944678
20
150.026726
11
116.324760
21
147.987359
0
LINE
8
0
10
116.324760
20
147.987359
11
115.410719
21
146.061782
0
LINE
8
0
10
115.410719
20
146.061782
11
114.215786
21
144.284199
0
LINE
8
0
10
114.215786
20
144.284199
11
112.753194
21
142.688812
0
LINE
8
0
10
112.753194
20
142.688812
11
111.036174
21
141.309825
0
LINE
8
0
10
111.036174
20
141.309825
11
111.117680
21
140.150946
0
LINE
8
0
10
111.117680
20
140.150946
11
110.977587
21
139.030419
0
LINE
8
0
10
110.977587
20
139.030419
11
110.633210
21
137.973786
0
LINE
8
0
10
110.633210
20
137.973786
11
110.101866
21
137.006589
0
LINE
8
0
10
110.101866
20
137.006589
11
109.400872
21
136.154370
0
LINE
8
0
10
109.400872
20
136.154370
11
108.547544
21
135.442671
0
LINE
8
0
10
108.547544
20
135.442671
11
107.559199
21
134.897035
0
LINE
8
0
10
107.559199
20
134.897035
11
106.453152
21
134.543003
0
LINE
8
0
10
106.453152
20
134.543003
11
105.299628
21
134.410240
0
LINE
8
0
10
105.299628
20
134.410240
11
104.174689
21
134.500584
0
LINE
8
0
10
104.174689
20
134.500584
11
103.104554
21
134.797869
0
LINE
8
0
10
103.104554
20
134.797869
11
102.115440
21
135.285932
0
LINE
8
0
10
102.115440
20
135.285932
11
101.233564
21
135.948607
0
LINE
8
0
10
101.233564
20
135.948607
11
100.485144
21
136.769728
0
LINE
8
0
10
100.485144
20
136.769728
11
99.896395
21
137.733130
0
LINE
8
0
10
99.896395
20
137.733130
11
99.493537
21
138.822649
0
LINE
8
0
10
99.493537
20
138.822649
11
99.309263
21
139.969553
0
LINE
8
0
10
99.309263
20
139.969553
11
99.348856
21
141.097915
0
LINE
8
0
10
99.348856
20
141.097915
11
99.597421
21
142.180776
0
LINE
8
0
10
99.597421
20
142.180776
11
100.040061
21
143.191178
0
LINE
8
0
10
100.040061
20
143.191178
11
100.661880
21
144.102162
0
LINE
8
0
10
100.661880
20
144.102162
11
101.447984
21
144.886770
0
LINE
8
0
10
101.447984
20
144.886770
11
102.383475
21
145.518042
0
LINE
8
0
10
102.383475
20
145.518042
11
103.453458
21
145.969020
0
LINE
8
0
10
103.453458
20
145.969020
11
104.590775
21
146.203943
0
LINE
8
0
10
104.590775
20
146.203943
11
105.719686
21
146.214154
0
LINE
8
0
10
105.719686
20
146.214154
11
106.812563
21
146.013396
0
LINE
8
0
10
106.812563
20
146.013396
11
107.841776
21
145.615412
0
LINE
8
0
10
107.841776
20
145.615412
11
108.779694
21
145.033942
0
LINE
8
0
10
108.779694
20
145.033942
11
109.598688
21
144.282731
0
LINE
8
0
10
109.598688
20
144.282731
11
110.271128
21
143.375520
0
LINE
8
0
10
110.271128
20
143.375520
11
110.769385
21
142.326051
0
LINE
8
0
10
110.769385
20
142.326051
11
112.271450
21
143.603146
0
LINE
8
0
10
112.271450
20
143.603146
11
113.552437
21
145.060981
0
LINE
8
0
10
113.552437
20
145.060981
11
114.601643
21
146.671494
0
LINE
8
0
10
114.601643
20
146.671494
11
115.408367
21
148.406625
0
LINE
8
0
10
115.408367
20
148.406625
11
115.961908
21
150.238311
0
LINE
8
0
10
115.961908
20
150.238311
11
116.251563
21
152.138492
0
LINE
8
0
10
116.251563
20
152.138492
11
116.266631
21
154.079106
0
LINE
8
0
10
116.266631
20
154.079106
11
115.996410
21
156.032091
0
LINE
8
0
10
115.996410
20
156.032091
11
115.449051
21
157.949770
0
LINE
8
0
10
115.449051
20
157.949770
11
114.651808
21
159.774897
0
LINE
8
0
10
114.651808
20
159.774897
11
113.622638
21
161.465061
0
LINE
8
0
10
113.622638
20
161.465061
11
112.379494
21
162.977847
0
LINE
8
0
10
112.379494
20
162.977847
11
110.940333
21
164.270843
0
LINE
8
0
10
110.940333
20
164.270843
11
109.323110
21
165.301638
0
LINE
8
0
10
109.323110
20
165.301638
11
107.545779
21
166.027817
0
LINE
8
0
10
107.545779
20
166.027817
11
105.626296
21
166.406969
0
LINE
8
0
10
105.626296
20
166.406969
11
105.626296
21
166.406969
 0 
ENDSEC
 0 
EOF