2026-06-16 12:43 - INFO - UI load successful
2026-06-16 12:44 - CRITICAL - Laser 1 : OFF
2026-06-16 12:44 - CRITICAL - Laser 2 : OFF
2026-06-16 12:44 - INFO - Lasers Shutdown
2026-06-16 12:44 - INFO - COM connection close successfully
2026-06-16 12:44 - INFO - Main window close successfully
2026-06-16 12:44 - INFO - ==================================================
2026-06-16 12:44 - INFO - New session close at 2026-06-16 12:44
2026-06-16 12:44 - INFO - ==================================================
2026-06-16 15:06 - INFO - UI load successful
2026-06-16 15:10 - INFO - Close event ignored.
2026-06-16 15:10 - INFO - Profile : Supervisor
2026-06-19 11:47 - INFO - UI load successful
2026-06-19 11:48 - INFO - UI load successful
2026-06-19 11:51 - INFO - UI load successful
2026-06-19 11:52 - CRITICAL - Laser 1 : OFF
2026-06-19 11:52 - CRITICAL - Laser 2 : OFF
2026-06-19 11:52 - INFO - Lasers Shutdown
2026-06-19 11:52 - INFO - COM connection close successfully
2026-06-19 11:52 - INFO - Main window close successfully
2026-06-19 11:52 - INFO - ==================================================
2026-06-19 11:52 - INFO - New session close at 2026-06-19 11:52
2026-06-19 11:52 - INFO - ==================================================
2026-06-19 11:52 - INFO - UI load successful
2026-06-19 11:53 - CRITICAL - Laser 1 : OFF
2026-06-19 11:53 - CRITICAL - Laser 2 : OFF
2026-06-19 11:53 - INFO - Lasers Shutdown
2026-06-19 11:53 - INFO - COM connection close successfully
2026-06-19 11:53 - INFO - Main window close successfully
2026-06-19 11:53 - INFO - ==================================================
2026-06-19 11:53 - INFO - New session close at 2026-06-19 11:53
2026-06-19 11:53 - INFO - ==================================================
2026-06-19 11:53 - INFO - UI load successful
2026-06-19 11:54 - CRITICAL - Laser 1 : OFF
2026-06-19 11:54 - CRITICAL - Laser 2 : OFF
2026-06-19 11:54 - INFO - Lasers Shutdown
2026-06-19 11:54 - INFO - COM connection close successfully
2026-06-19 11:54 - INFO - Main window close successfully
2026-06-19 11:54 - INFO - ==================================================
2026-06-19 11:54 - INFO - New session close at 2026-06-19 11:54
2026-06-19 11:54 - INFO - ==================================================
2026-06-19 12:00 - INFO - UI load successful
2026-06-19 12:06 - INFO - UI load successful
2026-06-19 12:10 - INFO - UI load successful
2026-06-19 12:11 - CRITICAL - Laser 1 : OFF
2026-06-19 12:11 - CRITICAL - Laser 2 : OFF
2026-06-19 12:11 - INFO - Lasers Shutdown
2026-06-19 12:11 - INFO - COM connection close successfully
2026-06-19 12:11 - INFO - Main window close successfully
2026-06-19 12:11 - INFO - ==================================================
2026-06-19 12:11 - INFO - New session close at 2026-06-19 12:11
2026-06-19 12:11 - INFO - ==================================================
2026-06-19 12:11 - INFO - UI load successful
2026-06-19 12:13 - INFO - UI load successful
2026-06-19 12:13 - CRITICAL - Laser 1 : OFF
2026-06-19 12:13 - CRITICAL - Laser 2 : OFF
2026-06-19 12:13 - INFO - Lasers Shutdown
2026-06-19 12:13 - INFO - COM connection close successfully
2026-06-19 12:13 - INFO - Main window close successfully
2026-06-19 12:13 - INFO - ==================================================
2026-06-19 12:13 - INFO - New session close at 2026-06-19 12:13
2026-06-19 12:13 - INFO - ==================================================
2026-06-19 12:14 - INFO - UI load successful
2026-06-19 12:16 - INFO - UI load successful
2026-06-19 12:16 - CRITICAL - Laser 1 : OFF
2026-06-19 12:16 - CRITICAL - Laser 2 : OFF
2026-06-19 12:16 - INFO - Lasers Shutdown
2026-06-19 12:16 - INFO - COM connection close successfully
2026-06-19 12:16 - INFO - Main window close successfully
2026-06-19 12:16 - INFO - ==================================================
2026-06-19 12:16 - INFO - New session close at 2026-06-19 12:16
2026-06-19 12:16 - INFO - ==================================================
2026-06-19 12:25 - INFO - UI load successful
2026-06-19 12:26 - CRITICAL - Laser 1 : OFF
2026-06-19 12:26 - CRITICAL - Laser 2 : OFF
2026-06-19 12:26 - INFO - Lasers Shutdown
2026-06-19 12:26 - INFO - COM connection close successfully
2026-06-19 12:26 - INFO - Main window close successfully
2026-06-19 12:26 - INFO - ==================================================
2026-06-19 12:26 - INFO - New session close at 2026-06-19 12:26
2026-06-19 12:26 - INFO - ==================================================
2026-06-19 12:27 - INFO - UI load successful
2026-06-19 12:27 - CRITICAL - Laser 1 : OFF
2026-06-19 12:27 - CRITICAL - Laser 2 : OFF
2026-06-19 12:27 - INFO - Lasers Shutdown
2026-06-19 12:27 - INFO - COM connection close successfully
2026-06-19 12:27 - INFO - Main window close successfully
2026-06-19 12:27 - INFO - ==================================================
2026-06-19 12:27 - INFO - New session close at 2026-06-19 12:27
2026-06-19 12:27 - INFO - ==================================================
2026-06-19 12:28 - INFO - UI load successful
2026-06-19 12:29 - INFO - UI load successful
2026-06-19 12:30 - INFO - Profile : Supervisor
2026-06-19 12:40 - INFO - UI load successful
2026-06-19 12:40 - INFO - Profile : Supervisor
2026-06-19 12:45 - INFO - UI load successful
2026-06-19 12:45 - INFO - Profile : Supervisor
2026-06-19 12:46 - CRITICAL - Laser 1 : OFF
2026-06-19 12:46 - CRITICAL - Laser 2 : OFF
2026-06-19 12:46 - INFO - Lasers Shutdown
2026-06-19 12:46 - INFO - COM connection close successfully
2026-06-19 12:46 - INFO - Main window close successfully
2026-06-19 12:46 - INFO - ==================================================
2026-06-19 12:46 - INFO - New session close at 2026-06-19 12:46
2026-06-19 12:46 - INFO - ==================================================
2026-06-19 12:47 - INFO - UI load successful
2026-06-19 12:47 - INFO - Profile : Supervisor
2026-06-19 12:48 - CRITICAL - Laser 1 : OFF
2026-06-19 12:48 - CRITICAL - Laser 2 : OFF
2026-06-19 12:48 - INFO - Lasers Shutdown
2026-06-19 12:48 - INFO - COM connection close successfully
2026-06-19 12:48 - INFO - Main window close successfully
2026-06-19 12:48 - INFO - ==================================================
2026-06-19 12:48 - INFO - New session close at 2026-06-19 12:48
2026-06-19 12:48 - INFO - ==================================================
2026-06-19 12:49 - INFO - UI load successful
2026-06-19 12:56 - INFO - UI load successful
2026-06-19 13:02 - INFO - UI load successful
2026-06-19 13:02 - CRITICAL - Laser 1 : OFF
2026-06-19 13:02 - CRITICAL - Laser 2 : OFF
2026-06-19 13:02 - INFO - Lasers Shutdown
2026-06-19 13:02 - INFO - COM connection close successfully
2026-06-19 13:02 - INFO - Main window close successfully
2026-06-19 13:02 - INFO - ==================================================
2026-06-19 13:02 - INFO - New session close at 2026-06-19 13:02
2026-06-19 13:02 - INFO - ==================================================
2026-06-19 13:03 - INFO - UI load successful
2026-06-19 13:03 - CRITICAL - Laser 1 : OFF
2026-06-19 13:03 - CRITICAL - Laser 2 : OFF
2026-06-19 13:03 - INFO - Lasers Shutdown
2026-06-19 13:03 - INFO - COM connection close successfully
2026-06-19 13:03 - INFO - Main window close successfully
2026-06-19 13:03 - INFO - ==================================================
2026-06-19 13:03 - INFO - New session close at 2026-06-19 13:03
2026-06-19 13:03 - INFO - ==================================================
2026-06-19 13:04 - INFO - UI load successful
2026-06-19 13:04 - CRITICAL - Laser 1 : OFF
2026-06-19 13:04 - CRITICAL - Laser 2 : OFF
2026-06-19 13:04 - INFO - Lasers Shutdown
2026-06-19 13:04 - INFO - COM connection close successfully
2026-06-19 13:04 - INFO - Main window close successfully
2026-06-19 13:04 - INFO - ==================================================
2026-06-19 13:04 - INFO - New session close at 2026-06-19 13:04
2026-06-19 13:04 - INFO - ==================================================
2026-06-19 13:05 - INFO - UI load successful
2026-06-19 13:13 - INFO - UI load successful
2026-06-19 13:14 - INFO - UI load successful
2026-06-19 13:15 - INFO - UI load successful
2026-06-19 13:59 - INFO - UI load successful
2026-06-19 15:15 - INFO - UI load successful
2026-06-20 12:58 - INFO - UI load successful
2026-06-20 13:05 - INFO - UI load successful
2026-06-20 13:10 - INFO - UI load successful
2026-06-20 13:11 - CRITICAL - Laser 1 : OFF
2026-06-20 13:11 - CRITICAL - Laser 2 : OFF
2026-06-20 13:11 - INFO - Lasers Shutdown
2026-06-20 13:11 - INFO - COM connection close successfully
2026-06-20 13:11 - INFO - Main window close successfully
2026-06-20 13:11 - INFO - ==================================================
2026-06-20 13:11 - INFO - New session close at 2026-06-20 13:11
2026-06-20 13:11 - INFO - ==================================================
2026-06-20 13:13 - INFO - UI load successful
2026-06-20 13:14 - CRITICAL - Laser 1 : OFF
2026-06-20 13:14 - CRITICAL - Laser 2 : OFF
2026-06-20 13:14 - INFO - Lasers Shutdown
2026-06-20 13:14 - INFO - COM connection close successfully
2026-06-20 13:14 - INFO - Main window close successfully
2026-06-20 13:14 - INFO - ==================================================
2026-06-20 13:14 - INFO - New session close at 2026-06-20 13:14
2026-06-20 13:14 - INFO - ==================================================
2026-06-20 13:19 - INFO - UI load successful
2026-06-20 13:20 - INFO - UI load successful
2026-06-20 13:21 - INFO - UI load successful
2026-06-20 13:24 - INFO - UI load successful
2026-06-20 13:27 - INFO - UI load successful
2026-06-20 13:28 - INFO - Close event ignored.
2026-06-20 16:44 - INFO - UI load successful
2026-06-20 16:44 - CRITICAL - Laser 1 : OFF
2026-06-20 16:44 - CRITICAL - Laser 2 : OFF
2026-06-20 16:44 - INFO - Lasers Shutdown
2026-06-20 16:44 - INFO - COM connection close successfully
2026-06-20 16:44 - INFO - Main window close successfully
2026-06-20 16:44 - INFO - ==================================================
2026-06-20 16:44 - INFO - New session close at 2026-06-20 16:44
2026-06-20 16:44 - INFO - ==================================================
2026-06-25 12:00 - INFO - UI load successful
2026-06-25 12:00 - INFO - Profile : Supervisor
2026-06-25 12:00 - CRITICAL - Laser 1 : OFF
2026-06-25 12:00 - CRITICAL - Laser 2 : OFF
2026-06-25 12:00 - INFO - Lasers Shutdown
2026-06-25 12:00 - INFO - COM connection close successfully
2026-06-25 12:00 - INFO - Main window close successfully
2026-06-25 12:00 - INFO - ==================================================
2026-06-25 12:00 - INFO - New session close at 2026-06-25 12:00
2026-06-25 12:00 - INFO - ==================================================
2026-06-25 12:59 - INFO - UI load successful
2026-06-25 12:59 - INFO - Profile : Supervisor
2026-06-25 13:00 - CRITICAL - Laser 1 : OFF
2026-06-25 13:00 - CRITICAL - Laser 2 : OFF
2026-06-25 13:00 - INFO - Lasers Shutdown
2026-06-25 13:00 - INFO - COM connection close successfully
2026-06-25 13:00 - INFO - Main window close successfully
2026-06-25 13:00 - INFO - ==================================================
2026-06-25 13:00 - INFO - New session close at 2026-06-25 13:00
2026-06-25 13:00 - INFO - ==================================================
2026-06-25 13:30 - INFO - UI load successful
2026-06-25 13:31 - INFO - Profile : Supervisor
2026-06-25 13:31 - WARNING - Failed login attempt for user: Supervisor
2026-06-25 13:32 - CRITICAL - Laser 1 : OFF
2026-06-25 13:32 - CRITICAL - Laser 2 : OFF
2026-06-25 13:32 - INFO - Lasers Shutdown
2026-06-25 13:32 - INFO - COM connection close successfully
2026-06-25 13:32 - INFO - Main window close successfully
2026-06-25 13:32 - INFO - ==================================================
2026-06-25 13:32 - INFO - New session close at 2026-06-25 13:32
2026-06-25 13:32 - INFO - ==================================================
2026-06-25 13:33 - INFO - UI load successful
2026-06-25 13:33 - INFO - Profile : Supervisor
2026-06-25 13:33 - INFO - Profile : Supervisor
2026-06-25 13:38 - CRITICAL - Laser 1 : OFF
2026-06-25 13:38 - CRITICAL - Laser 2 : OFF
2026-06-25 13:38 - INFO - Lasers Shutdown
2026-06-25 13:38 - INFO - COM connection close successfully
2026-06-25 13:38 - INFO - Main window close successfully
2026-06-25 13:38 - INFO - ==================================================
2026-06-25 13:38 - INFO - New session close at 2026-06-25 13:38
2026-06-25 13:38 - INFO - ==================================================
2026-06-25 13:39 - INFO - UI load successful
2026-06-25 13:40 - INFO - Profile : Supervisor
2026-06-25 13:41 - CRITICAL - Laser 1 : OFF
2026-06-25 13:41 - CRITICAL - Laser 2 : OFF
2026-06-25 13:41 - INFO - Lasers Shutdown
2026-06-25 13:41 - INFO - COM connection close successfully
2026-06-25 13:41 - INFO - Main window close successfully
2026-06-25 13:41 - INFO - ==================================================
2026-06-25 13:41 - INFO - New session close at 2026-06-25 13:41
2026-06-25 13:41 - INFO - ==================================================
2026-06-26 13:18 - INFO - UI load successful
2026-06-26 13:19 - INFO - Profile : Supervisor
2026-06-26 13:19 - CRITICAL - Laser 1 : OFF
2026-06-26 13:19 - CRITICAL - Laser 2 : OFF
2026-06-26 13:19 - INFO - Lasers Shutdown
2026-06-26 13:19 - INFO - COM connection close successfully
2026-06-26 13:19 - INFO - Main window close successfully
2026-06-26 13:19 - INFO - ==================================================
2026-06-26 13:19 - INFO - New session close at 2026-06-26 13:19
2026-06-26 13:19 - INFO - ==================================================
2026-06-26 13:24 - INFO - UI load successful
2026-06-26 13:24 - INFO - Profile : Supervisor
2026-06-26 13:25 - CRITICAL - Laser 1 : OFF
2026-06-26 13:25 - CRITICAL - Laser 2 : OFF
2026-06-26 13:25 - INFO - Lasers Shutdown
2026-06-26 13:25 - INFO - COM connection close successfully
2026-06-26 13:25 - INFO - Main window close successfully
2026-06-26 13:25 - INFO - ==================================================
2026-06-26 13:25 - INFO - New session close at 2026-06-26 13:25
2026-06-26 13:25 - INFO - ==================================================
2026-06-26 13:26 - INFO - UI load successful
2026-06-26 13:26 - INFO - Profile : Supervisor
2026-06-26 13:26 - CRITICAL - Laser 1 : OFF
2026-06-26 13:26 - CRITICAL - Laser 2 : OFF
2026-06-26 13:26 - INFO - Lasers Shutdown
2026-06-26 13:26 - INFO - COM connection close successfully
2026-06-26 13:26 - INFO - Main window close successfully
2026-06-26 13:26 - INFO - ==================================================
2026-06-26 13:26 - INFO - New session close at 2026-06-26 13:26
2026-06-26 13:26 - INFO - ==================================================
2026-06-26 13:55 - INFO - UI load successful
2026-06-26 13:55 - INFO - Profile : Supervisor
2026-06-26 13:56 - CRITICAL - Laser 1 : OFF
2026-06-26 13:56 - CRITICAL - Laser 2 : OFF
2026-06-26 13:56 - INFO - Lasers Shutdown
2026-06-26 13:56 - INFO - COM connection close successfully
2026-06-26 13:56 - INFO - Main window close successfully
2026-06-26 13:56 - INFO - ==================================================
2026-06-26 13:56 - INFO - New session close at 2026-06-26 13:56
2026-06-26 13:56 - INFO - ==================================================
2026-06-26 13:56 - INFO - UI load successful
2026-06-26 13:56 - INFO - Profile : Supervisor
2026-06-26 13:56 - CRITICAL - Laser 1 : OFF
2026-06-26 13:56 - CRITICAL - Laser 2 : OFF
2026-06-26 13:56 - INFO - Lasers Shutdown
2026-06-26 13:56 - INFO - COM connection close successfully
2026-06-26 13:56 - INFO - Main window close successfully
2026-06-26 13:56 - INFO - ==================================================
2026-06-26 13:56 - INFO - New session close at 2026-06-26 13:56
2026-06-26 13:56 - INFO - ==================================================
2026-06-26 14:07 - INFO - UI load successful
2026-06-26 14:07 - INFO - Profile : Supervisor
2026-06-26 14:07 - CRITICAL - Laser 1 : OFF
2026-06-26 14:07 - CRITICAL - Laser 2 : OFF
2026-06-26 14:07 - INFO - Lasers Shutdown
2026-06-26 14:07 - INFO - COM connection close successfully
2026-06-26 14:07 - INFO - Main window close successfully
2026-06-26 14:07 - INFO - ==================================================
2026-06-26 14:07 - INFO - New session close at 2026-06-26 14:07
2026-06-26 14:07 - INFO - ==================================================
2026-06-26 16:38 - INFO - UI load successful
2026-06-26 16:39 - INFO - Profile : Supervisor
2026-06-26 16:41 - INFO - UI load successful
2026-06-26 16:41 - INFO - Profile : Supervisor
2026-06-26 16:41 - CRITICAL - Laser 1 : OFF
2026-06-26 16:41 - CRITICAL - Laser 2 : OFF
2026-06-26 16:41 - INFO - Lasers Shutdown
2026-06-26 16:41 - INFO - COM connection close successfully
2026-06-26 16:41 - INFO - Main window close successfully
2026-06-26 16:41 - INFO - ==================================================
2026-06-26 16:41 - INFO - New session close at 2026-06-26 16:41
2026-06-26 16:41 - INFO - ==================================================
2026-06-26 16:44 - INFO - UI load successful
2026-06-26 16:44 - INFO - Profile : Supervisor
2026-06-26 16:44 - CRITICAL - Laser 1 : OFF
2026-06-26 16:44 - CRITICAL - Laser 2 : OFF
2026-06-26 16:44 - INFO - Lasers Shutdown
2026-06-26 16:44 - INFO - COM connection close successfully
2026-06-26 16:44 - INFO - Main window close successfully
2026-06-26 16:44 - INFO - ==================================================
2026-06-26 16:44 - INFO - New session close at 2026-06-26 16:44
2026-06-26 16:44 - INFO - ==================================================
2026-06-26 16:47 - INFO - UI load successful
2026-06-26 16:47 - INFO - Profile : Supervisor
2026-06-26 16:47 - CRITICAL - Laser 1 : OFF
2026-06-26 16:47 - CRITICAL - Laser 2 : OFF
2026-06-26 16:47 - INFO - Lasers Shutdown
2026-06-26 16:47 - INFO - COM connection close successfully
2026-06-26 16:47 - INFO - Main window close successfully
2026-06-26 16:47 - INFO - ==================================================
2026-06-26 16:47 - INFO - New session close at 2026-06-26 16:47
2026-06-26 16:47 - INFO - ==================================================
2026-06-26 16:52 - INFO - UI load successful
2026-06-26 16:52 - INFO - Profile : Supervisor
2026-06-26 16:53 - CRITICAL - Laser 1 : OFF
2026-06-26 16:53 - CRITICAL - Laser 2 : OFF
2026-06-26 16:53 - INFO - Lasers Shutdown
2026-06-26 16:53 - INFO - COM connection close successfully
2026-06-26 16:53 - INFO - Main window close successfully
2026-06-26 16:53 - INFO - ==================================================
2026-06-26 16:53 - INFO - New session close at 2026-06-26 16:53
2026-06-26 16:53 - INFO - ==================================================
2026-06-26 16:56 - INFO - UI load successful
2026-06-26 16:56 - INFO - Profile : Supervisor
2026-06-26 16:58 - CRITICAL - Laser 1 : OFF
2026-06-26 16:58 - CRITICAL - Laser 2 : OFF
2026-06-26 16:58 - INFO - Lasers Shutdown
2026-06-26 16:58 - INFO - COM connection close successfully
2026-06-26 16:58 - INFO - Main window close successfully
2026-06-26 16:58 - INFO - ==================================================
2026-06-26 16:58 - INFO - New session close at 2026-06-26 16:58
2026-06-26 16:58 - INFO - ==================================================
2026-06-26 17:13 - INFO - UI load successful
2026-06-26 17:14 - INFO - Profile : Supervisor
2026-06-26 17:14 - CRITICAL - Laser 1 : OFF
2026-06-26 17:14 - CRITICAL - Laser 2 : OFF
2026-06-26 17:14 - INFO - Lasers Shutdown
2026-06-26 17:14 - INFO - COM connection close successfully
2026-06-26 17:14 - INFO - Main window close successfully
2026-06-26 17:14 - INFO - ==================================================
2026-06-26 17:14 - INFO - New session close at 2026-06-26 17:14
2026-06-26 17:14 - INFO - ==================================================
2026-06-26 17:23 - INFO - UI load successful
2026-06-26 17:23 - INFO - Profile : Supervisor
2026-06-26 17:23 - CRITICAL - Laser 1 : OFF
2026-06-26 17:23 - CRITICAL - Laser 2 : OFF
2026-06-26 17:23 - INFO - Lasers Shutdown
2026-06-26 17:23 - INFO - COM connection close successfully
2026-06-26 17:23 - INFO - Main window close successfully
2026-06-26 17:23 - INFO - ==================================================
2026-06-26 17:23 - INFO - New session close at 2026-06-26 17:23
2026-06-26 17:23 - INFO - ==================================================
2026-06-27 10:43 - INFO - UI load successful
2026-06-27 10:45 - INFO - Profile : Supervisor
2026-06-27 10:47 - CRITICAL - Laser 1 : OFF
2026-06-27 10:47 - CRITICAL - Laser 2 : OFF
2026-06-27 10:47 - INFO - Lasers Shutdown
2026-06-27 10:47 - INFO - COM connection close successfully
2026-06-27 10:47 - INFO - Main window close successfully
2026-06-27 10:47 - INFO - ==================================================
2026-06-27 10:47 - INFO - New session close at 2026-06-27 10:47
2026-06-27 10:47 - INFO - ==================================================
2026-06-27 10:47 - INFO - UI load successful
2026-06-27 10:47 - INFO - File selected : D:/TeamDev/DLL_Galvo/Galvo_Scribing/ide2.svg
2026-06-27 10:47 - INFO - Parameters saved for D:/TeamDev/DLL_Galvo/Galvo_Scribing/ide2.svg
2026-06-27 10:54 - INFO - UI load successful
2026-06-27 10:55 - INFO - File selected : D:/TeamDev/DLL_Galvo/Galvo_Scribing/ide2.svg
2026-06-27 10:55 - INFO - Parameters saved for D:/TeamDev/DLL_Galvo/Galvo_Scribing/ide2.svg
2026-06-27 10:56 - INFO - Profile : Supervisor
2026-06-27 11:00 - INFO - Parameters saved for D:/TeamDev/DLL_Galvo/Galvo_Scribing/ide2.svg
2026-06-27 11:01 - INFO - Parameters saved for D:/TeamDev/DLL_Galvo/Galvo_Scribing/ide2.svg
2026-06-27 11:07 - INFO - UI load successful
2026-06-27 11:07 - INFO - File selected : D:/TeamDev/DLL_Galvo/Galvo_Scribing/ide2.svg
2026-06-27 11:07 - INFO - Parameters saved for D:/TeamDev/DLL_Galvo/Galvo_Scribing/ide2.svg
2026-06-27 11:08 - CRITICAL - Laser 1 : OFF
2026-06-27 11:08 - CRITICAL - Laser 2 : OFF
2026-06-27 11:08 - INFO - Lasers Shutdown
2026-06-27 11:08 - INFO - COM connection close successfully
2026-06-27 11:08 - INFO - Main window close successfully
2026-06-27 11:08 - INFO - ==================================================
2026-06-27 11:08 - INFO - New session close at 2026-06-27 11:08
2026-06-27 11:08 - INFO - ==================================================
2026-06-27 11:10 - INFO - UI load successful
2026-06-27 11:11 - INFO - Profile : Supervisor
2026-06-27 11:16 - INFO - File selected : D:/TeamDev/DLL_Galvo/Galvo_Scribing/ide2.svg
2026-06-27 11:16 - INFO - Parameters saved for D:/TeamDev/DLL_Galvo/Galvo_Scribing/ide2.svg
2026-06-27 11:22 - INFO - UI load successful
2026-06-27 11:23 - INFO - Profile : Supervisor
2026-06-27 11:23 - INFO - File selected : D:/TeamDev/DLL_Galvo/Galvo_Scribing/ide2.svg
2026-06-27 11:23 - INFO - Parameters saved for D:/TeamDev/DLL_Galvo/Galvo_Scribing/ide2.svg
2026-06-27 11:58 - INFO - UI load successful
2026-06-27 11:59 - INFO - Profile : Supervisor
2026-06-27 12:25 - INFO - UI load successful
2026-06-27 12:25 - INFO - File selected : D:/TeamDev/DLL_Galvo/Galvo_Scribing/ide2.svg
2026-06-27 12:25 - INFO - Parameters saved for D:/TeamDev/DLL_Galvo/Galvo_Scribing/ide2.svg
2026-06-27 12:31 - CRITICAL - Laser 1 : OFF
2026-06-27 12:31 - CRITICAL - Laser 2 : OFF
2026-06-27 12:31 - INFO - Lasers Shutdown
2026-06-27 12:31 - INFO - COM connection close successfully
2026-06-27 12:31 - INFO - Main window close successfully
2026-06-27 12:31 - INFO - ==================================================
2026-06-27 12:31 - INFO - New session close at 2026-06-27 12:31
2026-06-27 12:31 - INFO - ==================================================
2026-06-27 12:50 - INFO - UI load successful
2026-06-27 12:52 - CRITICAL - Laser 1 : OFF
2026-06-27 12:52 - CRITICAL - Laser 2 : OFF
2026-06-27 12:52 - INFO - Lasers Shutdown
2026-06-27 12:52 - INFO - COM connection close successfully
2026-06-27 12:52 - INFO - Main window close successfully
2026-06-27 12:52 - INFO - ==================================================
2026-06-27 12:52 - INFO - New session close at 2026-06-27 12:52
2026-06-27 12:52 - INFO - ==================================================
2026-06-27 12:55 - INFO - UI load successful
2026-06-27 12:55 - INFO - File selected : D:/TeamDev/DLL_Galvo/GalvoUI_2/dxf_files/2x2.dxf
2026-06-27 12:56 - INFO - Parameters saved for D:/TeamDev/DLL_Galvo/GalvoUI_2/dxf_files/2x2.dxf
2026-06-27 12:56 - INFO - Parameters saved for D:/TeamDev/DLL_Galvo/GalvoUI_2/dxf_files/2x2.dxf
2026-06-27 12:57 - INFO - Parameters saved for D:/TeamDev/DLL_Galvo/GalvoUI_2/dxf_files/2x2.dxf
2026-06-27 12:58 - INFO - Parameters saved for D:/TeamDev/DLL_Galvo/GalvoUI_2/dxf_files/2x2.dxf
2026-06-27 12:58 - INFO - Parameters saved for D:/TeamDev/DLL_Galvo/GalvoUI_2/dxf_files/2x2.dxf
2026-06-27 13:01 - INFO - UI load successful
2026-06-27 13:02 - INFO - File selected : D:/TeamDev/DLL_Galvo/GalvoUI_2/dxf_files/2x2.dxf
2026-06-27 13:02 - INFO - Parameters saved for D:/TeamDev/DLL_Galvo/GalvoUI_2/dxf_files/2x2.dxf
2026-06-27 13:06 - INFO - Profile : Supervisor
2026-06-27 13:06 - INFO - File selected : D:/TeamDev/DLL_Galvo/Galvo_Scribing/ide2.svg
2026-06-27 13:06 - INFO - Parameters saved for D:/TeamDev/DLL_Galvo/Galvo_Scribing/ide2.svg
2026-06-27 13:07 - INFO - Parameters saved for D:/TeamDev/DLL_Galvo/Galvo_Scribing/ide2.svg
2026-06-27 13:11 - CRITICAL - Laser 1 : OFF
2026-06-27 13:11 - CRITICAL - Laser 2 : OFF
2026-06-27 13:11 - INFO - Lasers Shutdown
2026-06-27 13:11 - INFO - COM connection close successfully
2026-06-27 13:11 - INFO - Main window close successfully
2026-06-27 13:11 - INFO - ==================================================
2026-06-27 13:11 - INFO - New session close at 2026-06-27 13:11
2026-06-27 13:11 - INFO - ==================================================
2026-06-27 14:03 - INFO - UI load successful
2026-06-27 14:04 - INFO - File selected : D:/TeamDev/DLL_Galvo/Galvo_Scribing/ide2.svg
2026-06-27 14:04 - INFO - Parameters saved for D:/TeamDev/DLL_Galvo/Galvo_Scribing/ide2.svg
2026-06-27 14:04 - INFO - Profile : Supervisor
2026-06-27 14:07 - INFO - File selected : D:/TeamDev/DLL_Galvo/GalvoUI_2/dxf_files/2x2.dxf
2026-06-27 14:07 - INFO - Parameters saved for D:/TeamDev/DLL_Galvo/GalvoUI_2/dxf_files/2x2.dxf
2026-06-27 14:16 - INFO - UI load successful
2026-06-27 14:16 - CRITICAL - Laser 1 : OFF
2026-06-27 14:16 - CRITICAL - Laser 2 : OFF
2026-06-27 14:16 - INFO - Lasers Shutdown
2026-06-27 14:16 - INFO - COM connection close successfully
2026-06-27 14:16 - INFO - Main window close successfully
2026-06-27 14:16 - INFO - ==================================================
2026-06-27 14:16 - INFO - New session close at 2026-06-27 14:16
2026-06-27 14:16 - INFO - ==================================================
2026-06-27 14:22 - INFO - UI load successful
2026-06-27 14:22 - INFO - File selected : D:/TeamDev/DLL_Galvo/GalvoUI_2/dxf_files/2x2.dxf
2026-06-27 14:22 - INFO - Parameters saved for D:/TeamDev/DLL_Galvo/GalvoUI_2/dxf_files/2x2.dxf
2026-06-27 14:25 - INFO - Application closing. Turning off laser...
2026-06-27 14:26 - INFO - UI load successful
2026-06-27 14:26 - INFO - Application closing. Turning off laser...
2026-06-27 14:28 - INFO - UI load successful
2026-06-27 14:28 - INFO - Galvo Laser Shutdown
2026-06-27 14:28 - CRITICAL - Laser 1 : OFF
2026-06-27 14:28 - CRITICAL - Laser 2 : OFF
2026-06-27 14:28 - INFO - Stepper Lasers Shutdown
2026-06-27 14:28 - INFO - COM connection close successfully
2026-06-27 14:28 - INFO - Main window close successfully
2026-06-27 14:28 - INFO - ==================================================
2026-06-27 14:28 - INFO - New session close at 2026-06-27 14:28
2026-06-27 14:28 - INFO - ==================================================
2026-06-27 14:29 - INFO - UI load successful
2026-06-27 14:29 - INFO - Galvo Laser Shutdown
2026-06-27 14:29 - CRITICAL - Laser 1 : OFF
2026-06-27 14:29 - CRITICAL - Laser 2 : OFF
2026-06-27 14:29 - INFO - Stepper Lasers Shutdown
2026-06-27 14:29 - INFO - COM connection close successfully
2026-06-27 14:29 - INFO - Main window close successfully
2026-06-27 14:29 - INFO - ==================================================
2026-06-27 14:29 - INFO - New session close at 2026-06-27 14:29
2026-06-27 14:29 - INFO - ==================================================
2026-06-27 14:34 - INFO - UI load successful
2026-06-27 14:36 - INFO - Galvo Laser Shutdown
2026-06-27 14:36 - CRITICAL - Laser 1 : OFF
2026-06-27 14:36 - CRITICAL - Laser 2 : OFF
2026-06-27 14:36 - INFO - Stepper Lasers Shutdown
2026-06-27 14:36 - INFO - COM connection close successfully
2026-06-27 14:36 - INFO - Main window close successfully
2026-06-27 14:36 - INFO - ==================================================
2026-06-27 14:36 - INFO - New session close at 2026-06-27 14:36
2026-06-27 14:36 - INFO - ==================================================
2026-06-27 14:44 - INFO - UI load successful
2026-06-27 14:44 - INFO - Galvo Laser Shutdown
2026-06-27 14:44 - CRITICAL - Laser 1 : OFF
2026-06-27 14:44 - CRITICAL - Laser 2 : OFF
2026-06-27 14:44 - INFO - Stepper Lasers Shutdown
2026-06-27 14:44 - INFO - COM connection close successfully
2026-06-27 14:44 - INFO - Main window close successfully
2026-06-27 14:44 - INFO - ==================================================
2026-06-27 14:44 - INFO - New session close at 2026-06-27 14:44
2026-06-27 14:44 - INFO - ==================================================
2026-06-27 14:50 - INFO - UI load successful
2026-06-27 14:54 - INFO - Galvo Laser Shutdown
2026-06-27 14:54 - CRITICAL - Laser 1 : OFF
2026-06-27 14:54 - CRITICAL - Laser 2 : OFF
2026-06-27 14:54 - INFO - Stepper Lasers Shutdown
2026-06-27 14:54 - INFO - COM connection close successfully
2026-06-27 14:54 - INFO - Main window close successfully
2026-06-27 14:54 - INFO - ==================================================
2026-06-27 14:54 - INFO - New session close at 2026-06-27 14:54
2026-06-27 14:54 - INFO - ==================================================
2026-06-27 15:33 - INFO - UI load successful
2026-06-27 15:33 - CRITICAL - Laser 1 : OFF
2026-06-27 15:33 - CRITICAL - Laser 2 : OFF
2026-06-27 15:33 - INFO - Stepper Lasers Shutdown
2026-06-27 15:33 - INFO - COM connection close successfully
2026-06-27 15:33 - INFO - Main window close successfully
2026-06-27 15:33 - INFO - ==================================================
2026-06-27 15:33 - INFO - New session close at 2026-06-27 15:33
2026-06-27 15:33 - INFO - ==================================================
2026-06-27 15:33 - INFO - UI load successful
2026-06-27 15:33 - CRITICAL - Laser 1 : OFF
2026-06-27 15:33 - CRITICAL - Laser 2 : OFF
2026-06-27 15:33 - INFO - Stepper Lasers Shutdown
2026-06-27 15:33 - INFO - COM connection close successfully
2026-06-27 15:33 - INFO - Main window close successfully
2026-06-27 15:33 - INFO - ==================================================
2026-06-27 15:33 - INFO - New session close at 2026-06-27 15:33
2026-06-27 15:33 - INFO - ==================================================
2026-06-27 15:49 - INFO - UI load successful
2026-06-27 15:54 - CRITICAL - Laser 1 : OFF
2026-06-27 15:54 - CRITICAL - Laser 2 : OFF
2026-06-27 15:54 - INFO - Stepper Lasers Shutdown
2026-06-27 15:54 - INFO - COM connection close successfully
2026-06-27 15:54 - INFO - Main window close successfully
2026-06-27 15:54 - INFO - ==================================================
2026-06-27 15:54 - INFO - New session close at 2026-06-27 15:54
2026-06-27 15:54 - INFO - ==================================================
2026-06-29 10:58 - INFO - UI load successful
2026-06-29 12:37 - INFO - Profile : Supervisor
2026-06-29 12:38 - CRITICAL - Laser 1 : OFF
2026-06-29 12:38 - CRITICAL - Laser 2 : OFF
2026-06-29 12:38 - INFO - Stepper Lasers Shutdown
2026-06-29 12:38 - INFO - COM connection close successfully
2026-06-29 12:38 - INFO - Main window close successfully
2026-06-29 12:38 - INFO - ==================================================
2026-06-29 12:38 - INFO - New session close at 2026-06-29 12:38
2026-06-29 12:38 - INFO - ==================================================
2026-06-29 12:38 - INFO - UI load successful
2026-06-29 12:40 - INFO - File selected : D:/TeamDev/DLL_Galvo/Galvo_Scribing/ide2.svg
2026-06-29 12:40 - INFO - Parameters saved for D:/TeamDev/DLL_Galvo/Galvo_Scribing/ide2.svg
2026-06-29 12:56 - INFO - Galvo Laser Shutdown
2026-06-29 12:56 - CRITICAL - Laser 1 : OFF
2026-06-29 12:56 - CRITICAL - Laser 2 : OFF
2026-06-29 12:56 - INFO - Stepper Lasers Shutdown
2026-06-29 12:56 - INFO - COM connection close successfully
2026-06-29 12:56 - INFO - Main window close successfully
2026-06-29 12:56 - INFO - ==================================================
2026-06-29 12:56 - INFO - New session close at 2026-06-29 12:56
2026-06-29 12:56 - INFO - ==================================================
2026-06-30 13:00 - INFO - UI load successful
2026-06-30 13:06 - INFO - File selected : D:/TeamDev/DLL_Galvo/Galvo_Scribing/ide2.svg
2026-06-30 13:06 - INFO - Parameters saved for D:/TeamDev/DLL_Galvo/Galvo_Scribing/ide2.svg
2026-06-30 13:07 - INFO - Parameters saved for D:/TeamDev/DLL_Galvo/Galvo_Scribing/ide2.svg
2026-06-30 13:21 - INFO - UI load successful
2026-06-30 13:21 - INFO - File selected : D:/TeamDev/DLL_Galvo/Galvo_Scribing/ide2.svg
2026-06-30 13:22 - INFO - Parameters saved for D:/TeamDev/DLL_Galvo/Galvo_Scribing/ide2.svg
2026-06-30 13:22 - INFO - Parameters saved for D:/TeamDev/DLL_Galvo/Galvo_Scribing/ide2.svg
2026-06-30 13:23 - CRITICAL - Laser 1 : OFF
2026-06-30 13:23 - CRITICAL - Laser 2 : OFF
2026-06-30 13:23 - INFO - Stepper Lasers Shutdown
2026-06-30 13:23 - INFO - COM connection close successfully
2026-06-30 13:23 - INFO - Main window close successfully
2026-06-30 13:23 - INFO - ==================================================
2026-06-30 13:23 - INFO - New session close at 2026-06-30 13:23
2026-06-30 13:23 - INFO - ==================================================
2026-06-30 13:23 - INFO - UI load successful
2026-06-30 13:29 - INFO - UI load successful
2026-06-30 13:29 - INFO - File selected : D:/TeamDev/DLL_Galvo/Galvo_Scribing/ide2.svg
2026-06-30 13:29 - INFO - Parameters saved for D:/TeamDev/DLL_Galvo/Galvo_Scribing/ide2.svg
2026-06-30 13:30 - CRITICAL - Laser 1 : OFF
2026-06-30 13:30 - CRITICAL - Laser 2 : OFF
2026-06-30 13:30 - INFO - Stepper Lasers Shutdown
2026-06-30 13:30 - INFO - COM connection close successfully
2026-06-30 13:30 - INFO - Main window close successfully
2026-06-30 13:30 - INFO - ==================================================
2026-06-30 13:30 - INFO - New session close at 2026-06-30 13:30
2026-06-30 13:30 - INFO - ==================================================
2026-06-30 13:44 - INFO - UI load successful
2026-06-30 13:56 - INFO - UI load successful
2026-06-30 13:56 - CRITICAL - Laser 1 : OFF
2026-06-30 13:56 - CRITICAL - Laser 2 : OFF
2026-06-30 13:56 - INFO - Stepper Lasers Shutdown
2026-06-30 13:56 - INFO - COM connection close successfully
2026-06-30 13:56 - INFO - Main window close successfully
2026-06-30 13:56 - INFO - ==================================================
2026-06-30 13:56 - INFO - New session close at 2026-06-30 13:56
2026-06-30 13:56 - INFO - ==================================================
2026-06-30 13:57 - INFO - UI load successful
2026-06-30 13:57 - CRITICAL - Laser 1 : OFF
2026-06-30 13:57 - CRITICAL - Laser 2 : OFF
2026-06-30 13:57 - INFO - Stepper Lasers Shutdown
2026-06-30 13:57 - INFO - COM connection close successfully
2026-06-30 13:57 - INFO - Main window close successfully
2026-06-30 13:57 - INFO - ==================================================
2026-06-30 13:57 - INFO - New session close at 2026-06-30 13:57
2026-06-30 13:57 - INFO - ==================================================
2026-06-30 14:56 - INFO - UI load successful
2026-06-30 15:05 - CRITICAL - Laser 1 : OFF
2026-06-30 15:05 - CRITICAL - Laser 2 : OFF
2026-06-30 15:05 - INFO - Stepper Lasers Shutdown
2026-06-30 15:05 - INFO - COM connection close successfully
2026-06-30 15:05 - INFO - Main window close successfully
2026-06-30 15:05 - INFO - ==================================================
2026-06-30 15:05 - INFO - New session close at 2026-06-30 15:05
2026-06-30 15:05 - INFO - ==================================================
2026-06-30 15:11 - INFO - UI load successful
2026-06-30 15:11 - INFO - Com : com, Port : ['COM1', 'COM9', 'COM10'], Baud : ['9600', '57600', '115200', '250000']
2026-06-30 15:11 - ERROR - Error : Invalid Input > Kindly select a COM port.
2026-06-30 15:12 - INFO - Profile : Supervisor
2026-06-30 15:12 - INFO - Galvo Laser Shutdown
2026-06-30 15:12 - CRITICAL - Laser 1 : OFF
2026-06-30 15:12 - CRITICAL - Laser 2 : OFF
2026-06-30 15:12 - INFO - Stepper Lasers Shutdown
2026-06-30 15:12 - INFO - COM connection close successfully
2026-06-30 15:12 - INFO - Main window close successfully
2026-06-30 15:12 - INFO - ==================================================
2026-06-30 15:12 - INFO - New session close at 2026-06-30 15:12
2026-06-30 15:12 - INFO - ==================================================
2026-06-30 15:13 - INFO - UI load successful
2026-06-30 15:14 - CRITICAL - Laser 1 : OFF
2026-06-30 15:14 - CRITICAL - Laser 2 : OFF
2026-06-30 15:14 - INFO - Stepper Lasers Shutdown
2026-06-30 15:14 - INFO - COM connection close successfully
2026-06-30 15:14 - INFO - Main window close successfully
2026-06-30 15:14 - INFO - ==================================================
2026-06-30 15:14 - INFO - New session close at 2026-06-30 15:14
2026-06-30 15:14 - INFO - ==================================================
2026-06-30 18:23 - INFO - UI load successful
2026-06-30 18:23 - CRITICAL - Laser 1 : OFF
2026-06-30 18:23 - CRITICAL - Laser 2 : OFF
2026-06-30 18:23 - INFO - Stepper Lasers Shutdown
2026-06-30 18:23 - INFO - COM connection close successfully
2026-06-30 18:23 - INFO - Main window close successfully
2026-06-30 18:23 - INFO - ==================================================
2026-06-30 18:23 - INFO - New session close at 2026-06-30 18:23
2026-06-30 18:23 - INFO - ==================================================
2026-06-30 18:23 - INFO - UI load successful
2026-06-30 18:37 - INFO - UI load successful
2026-06-30 19:02 - INFO - UI load successful
2026-06-30 19:02 - INFO - Galvo Laser Shutdown
2026-06-30 19:02 - CRITICAL - Laser 1 : OFF
2026-06-30 19:02 - CRITICAL - Laser 2 : OFF
2026-06-30 19:02 - INFO - Stepper Lasers Shutdown
2026-06-30 19:02 - INFO - COM connection close successfully
2026-06-30 19:02 - INFO - Main window close successfully
2026-06-30 19:02 - INFO - ==================================================
2026-06-30 19:02 - INFO - New session close at 2026-06-30 19:02
2026-06-30 19:02 - INFO - ==================================================
2026-06-30 19:13 - INFO - UI load successful
2026-06-30 19:14 - INFO - Galvo Laser Shutdown
2026-06-30 19:14 - CRITICAL - Laser 1 : OFF
2026-06-30 19:14 - CRITICAL - Laser 2 : OFF
2026-06-30 19:14 - INFO - Stepper Lasers Shutdown
2026-06-30 19:14 - INFO - COM connection close successfully
2026-06-30 19:14 - INFO - Main window close successfully
2026-06-30 19:14 - INFO - ==================================================
2026-06-30 19:14 - INFO - New session close at 2026-06-30 19:14
2026-06-30 19:14 - INFO - ==================================================
2026-06-30 19:30 - INFO - UI load successful
2026-06-30 19:31 - INFO - File selected : D:/TeamDev/DLL_Galvo/Galvo_Scribing/ide2.svg
2026-06-30 19:31 - INFO - Parameters saved for D:/TeamDev/DLL_Galvo/Galvo_Scribing/ide2.svg
2026-06-30 20:06 - INFO - Galvo Laser Shutdown
2026-06-30 20:06 - CRITICAL - Laser 1 : OFF
2026-06-30 20:06 - CRITICAL - Laser 2 : OFF
2026-06-30 20:06 - INFO - Stepper Lasers Shutdown
2026-06-30 20:06 - INFO - COM connection close successfully
2026-06-30 20:06 - INFO - Main window close successfully
2026-06-30 20:06 - INFO - ==================================================
2026-06-30 20:06 - INFO - New session close at 2026-06-30 20:06
2026-06-30 20:06 - INFO - ==================================================
2026-07-01 15:11 - INFO - UI load successful
2026-07-01 15:12 - INFO - Profile : Supervisor
2026-07-01 15:13 - INFO - Galvo Laser Shutdown
2026-07-01 15:13 - CRITICAL - Laser 1 : OFF
2026-07-01 15:13 - CRITICAL - Laser 2 : OFF
2026-07-01 15:13 - INFO - Stepper Lasers Shutdown
2026-07-01 15:13 - INFO - COM connection close successfully
2026-07-01 15:13 - INFO - Main window close successfully
2026-07-01 15:13 - INFO - ==================================================
2026-07-01 15:13 - INFO - New session close at 2026-07-01 15:13
2026-07-01 15:13 - INFO - ==================================================
2026-07-01 15:38 - INFO - UI load successful
2026-07-01 15:39 - INFO - Profile : Supervisor
2026-07-01 15:40 - INFO - File selected : D:/TeamDev/DLL_Galvo/Galvo_Scribing/ide2.svg
2026-07-01 15:40 - INFO - Parameters saved for D:/TeamDev/DLL_Galvo/Galvo_Scribing/ide2.svg
2026-07-01 15:40 - INFO - Parameters saved for D:/TeamDev/DLL_Galvo/Galvo_Scribing/ide2.svg
2026-07-01 15:42 - INFO - Galvo Laser Shutdown
2026-07-01 15:42 - CRITICAL - Laser 1 : OFF
2026-07-01 15:42 - CRITICAL - Laser 2 : OFF
2026-07-01 15:42 - INFO - Stepper Lasers Shutdown
2026-07-01 15:42 - INFO - COM connection close successfully
2026-07-01 15:42 - INFO - Main window close successfully
2026-07-01 15:42 - INFO - ==================================================
2026-07-01 15:42 - INFO - New session close at 2026-07-01 15:42
2026-07-01 15:42 - INFO - ==================================================
2026-07-01 16:00 - INFO - UI load successful
2026-07-01 16:00 - INFO - Galvo Laser Shutdown
2026-07-01 16:00 - CRITICAL - Laser 1 : OFF
2026-07-01 16:00 - CRITICAL - Laser 2 : OFF
2026-07-01 16:00 - INFO - Stepper Lasers Shutdown
2026-07-01 16:00 - INFO - COM connection close successfully
2026-07-01 16:00 - INFO - Main window close successfully
2026-07-01 16:00 - INFO - ==================================================
2026-07-01 16:00 - INFO - New session close at 2026-07-01 16:00
2026-07-01 16:00 - INFO - ==================================================
2026-07-01 16:14 - INFO - UI load successful
2026-07-01 16:15 - INFO - File selected : D:/TeamDev/DLL_Galvo/Galvo_Scribing/ide2.svg
2026-07-01 16:15 - INFO - Parameters saved for D:/TeamDev/DLL_Galvo/Galvo_Scribing/ide2.svg
2026-07-01 16:29 - INFO - Galvo Laser Shutdown
2026-07-01 16:29 - CRITICAL - Laser 1 : OFF
2026-07-01 16:29 - CRITICAL - Laser 2 : OFF
2026-07-01 16:29 - INFO - Stepper Lasers Shutdown
2026-07-01 16:29 - INFO - COM connection close successfully
2026-07-01 16:29 - INFO - Main window close successfully
2026-07-01 16:29 - INFO - ==================================================
2026-07-01 16:29 - INFO - New session close at 2026-07-01 16:29
2026-07-01 16:29 - INFO - ==================================================
2026-07-02 10:51 - INFO - UI load successful
2026-07-02 10:52 - INFO - Profile : Supervisor
2026-07-02 10:52 - INFO - File selected : D:/TeamDev/DLL_Galvo/Galvo_Scribing/ide2.svg
2026-07-02 10:52 - INFO - Parameters saved for D:/TeamDev/DLL_Galvo/Galvo_Scribing/ide2.svg
2026-07-02 10:53 - CRITICAL - Laser 1 : OFF
2026-07-02 10:53 - CRITICAL - Laser 2 : OFF
2026-07-02 10:53 - INFO - Stepper Lasers Shutdown
2026-07-02 10:53 - INFO - COM connection close successfully
2026-07-02 10:53 - INFO - Main window close successfully
2026-07-02 10:53 - INFO - ==================================================
2026-07-02 10:53 - INFO - New session close at 2026-07-02 10:53
2026-07-02 10:53 - INFO - ==================================================
2026-07-02 10:58 - INFO - UI load successful
2026-07-02 10:59 - INFO - Profile : Supervisor
2026-07-02 11:03 - INFO - File selected : D:/TeamDev/DLL_Galvo/Galvo_Scribing/ide2.svg
2026-07-02 11:03 - INFO - Parameters saved for D:/TeamDev/DLL_Galvo/Galvo_Scribing/ide2.svg
2026-07-02 11:04 - CRITICAL - Laser 1 : OFF
2026-07-02 11:04 - CRITICAL - Laser 2 : OFF
2026-07-02 11:04 - INFO - Stepper Lasers Shutdown
2026-07-02 11:04 - INFO - COM connection close successfully
2026-07-02 11:04 - INFO - Main window close successfully
2026-07-02 11:04 - INFO - ==================================================
2026-07-02 11:04 - INFO - New session close at 2026-07-02 11:04
2026-07-02 11:04 - INFO - ==================================================
2026-07-02 11:05 - INFO - UI load successful
2026-07-02 11:07 - INFO - File selected : D:/TeamDev/DLL_Galvo/Galvo_Scribing/ide2.svg
2026-07-02 11:07 - INFO - Parameters saved for D:/TeamDev/DLL_Galvo/Galvo_Scribing/ide2.svg
2026-07-02 11:09 - INFO - Profile : Supervisor
2026-07-02 11:11 - INFO - Galvo Laser Shutdown
2026-07-02 11:11 - CRITICAL - Laser 1 : OFF
2026-07-02 11:11 - CRITICAL - Laser 2 : OFF
2026-07-02 11:11 - INFO - Stepper Lasers Shutdown
2026-07-02 11:11 - INFO - COM connection close successfully
2026-07-02 11:11 - INFO - Main window close successfully
2026-07-02 11:11 - INFO - ==================================================
2026-07-02 11:11 - INFO - New session close at 2026-07-02 11:11
2026-07-02 11:11 - INFO - ==================================================
2026-07-02 11:11 - INFO - UI load successful
2026-07-02 11:13 - INFO - Galvo Laser Shutdown
2026-07-02 11:13 - CRITICAL - Laser 1 : OFF
2026-07-02 11:13 - CRITICAL - Laser 2 : OFF
2026-07-02 11:13 - INFO - Stepper Lasers Shutdown
2026-07-02 11:13 - INFO - COM connection close successfully
2026-07-02 11:13 - INFO - Main window close successfully
2026-07-02 11:13 - INFO - ==================================================
2026-07-02 11:13 - INFO - New session close at 2026-07-02 11:13
2026-07-02 11:13 - INFO - ==================================================
2026-07-02 12:08 - INFO - UI load successful
2026-07-02 12:08 - CRITICAL - Laser 1 : OFF
2026-07-02 12:08 - CRITICAL - Laser 2 : OFF
2026-07-02 12:08 - INFO - Stepper Lasers Shutdown
2026-07-02 12:08 - INFO - COM connection close successfully
2026-07-02 12:08 - INFO - Main window close successfully
2026-07-02 12:08 - INFO - ==================================================
2026-07-02 12:08 - INFO - New session close at 2026-07-02 12:08
2026-07-02 12:08 - INFO - ==================================================
2026-07-02 12:10 - INFO - UI load successful
2026-07-02 12:11 - INFO - Profile : Supervisor
2026-07-02 12:11 - INFO - Close event ignored.
2026-07-02 12:13 - INFO - Galvo Laser Shutdown
2026-07-02 12:13 - CRITICAL - Laser 1 : OFF
2026-07-02 12:13 - CRITICAL - Laser 2 : OFF
2026-07-02 12:13 - INFO - Stepper Lasers Shutdown
2026-07-02 12:13 - INFO - COM connection close successfully
2026-07-02 12:13 - INFO - Main window close successfully
2026-07-02 12:13 - INFO - ==================================================
2026-07-02 12:13 - INFO - New session close at 2026-07-02 12:13
2026-07-02 12:13 - INFO - ==================================================
2026-07-02 16:56 - INFO - UI load successful
2026-07-06 10:49 - INFO - UI load successful
2026-07-06 10:53 - INFO - Galvo Laser Shutdown
2026-07-06 10:53 - CRITICAL - Laser 1 : OFF
2026-07-06 10:53 - CRITICAL - Laser 2 : OFF
2026-07-06 10:53 - INFO - Stepper Lasers Shutdown
2026-07-06 10:53 - INFO - COM connection close successfully
2026-07-06 10:53 - INFO - Main window close successfully
2026-07-06 10:53 - INFO - ==================================================
2026-07-06 10:53 - INFO - New session close at 2026-07-06 10:53
2026-07-06 10:53 - INFO - ==================================================
2026-07-06 10:53 - INFO - UI load successful
2026-07-06 14:56 - CRITICAL - Laser 1 : OFF
2026-07-06 14:56 - CRITICAL - Laser 2 : OFF
2026-07-06 14:56 - INFO - Stepper Lasers Shutdown
2026-07-06 14:56 - INFO - COM connection close successfully
2026-07-06 14:56 - INFO - Main window close successfully
2026-07-06 14:56 - INFO - ==================================================
2026-07-06 14:56 - INFO - New session close at 2026-07-06 14:56
2026-07-06 14:56 - INFO - ==================================================
2026-07-13 12:03 - INFO - UI load successful
2026-07-13 12:04 - INFO - Galvo Laser Shutdown
2026-07-13 12:04 - CRITICAL - Laser 1 : OFF
2026-07-13 12:04 - CRITICAL - Laser 2 : OFF
2026-07-13 12:04 - INFO - Stepper Lasers Shutdown
2026-07-13 12:04 - INFO - COM connection close successfully
2026-07-13 12:04 - INFO - Main window close successfully
2026-07-13 12:04 - INFO - ==================================================
2026-07-13 12:04 - INFO - New session close at 2026-07-13 12:04
2026-07-13 12:04 - INFO - ==================================================
2026-07-13 12:04 - INFO - UI load successful
2026-07-13 12:05 - INFO - Galvo Laser Shutdown
2026-07-13 12:05 - CRITICAL - Laser 1 : OFF
2026-07-13 12:05 - CRITICAL - Laser 2 : OFF
2026-07-13 12:05 - INFO - Stepper Lasers Shutdown
2026-07-13 12:05 - INFO - COM connection close successfully
2026-07-13 12:05 - INFO - Main window close successfully
2026-07-13 12:05 - INFO - ==================================================
2026-07-13 12:05 - INFO - New session close at 2026-07-13 12:05
2026-07-13 12:05 - INFO - ==================================================
2026-07-14 15:11 - INFO - UI load successful
2026-07-14 15:11 - INFO - Close event ignored.
2026-07-14 15:11 - CRITICAL - Laser 1 : OFF
2026-07-14 15:11 - CRITICAL - Laser 2 : OFF
2026-07-14 15:11 - INFO - Stepper Lasers Shutdown
2026-07-14 15:11 - INFO - COM connection close successfully
2026-07-14 15:11 - INFO - Main window close successfully
2026-07-14 15:11 - INFO - ==================================================
2026-07-14 15:11 - INFO - New session close at 2026-07-14 15:11
2026-07-14 15:11 - INFO - ==================================================
2026-07-15 10:59 - INFO - UI load successful
2026-07-15 10:59 - INFO - File selected : D:/TeamDev/DLL_Galvo/Galvo_Scribing/ide2.svg
2026-07-15 10:59 - INFO - Parameters saved for D:/TeamDev/DLL_Galvo/Galvo_Scribing/ide2.svg
2026-07-15 11:05 - INFO - Galvo Laser Shutdown
2026-07-15 11:05 - CRITICAL - Laser 1 : OFF
2026-07-15 11:05 - CRITICAL - Laser 2 : OFF
2026-07-15 11:05 - INFO - Stepper Lasers Shutdown
2026-07-15 11:05 - INFO - COM connection close successfully
2026-07-15 11:05 - INFO - Main window close successfully
2026-07-15 11:05 - INFO - ==================================================
2026-07-15 11:05 - INFO - New session close at 2026-07-15 11:05
2026-07-15 11:05 - INFO - ==================================================
2026-07-15 11:05 - INFO - UI load successful
2026-07-15 11:06 - INFO - Profile : Supervisor
2026-07-15 11:07 - INFO - File selected : D:/TeamDev/DLL_Galvo/Galvo_Scribing/ide2.svg
2026-07-15 11:11 - INFO - Parameters saved for D:/TeamDev/DLL_Galvo/Galvo_Scribing/ide2.svg
2026-07-15 11:11 - INFO - Parameters saved for D:/TeamDev/DLL_Galvo/Galvo_Scribing/ide2.svg
2026-07-15 11:15 - INFO - Parameters saved for D:/TeamDev/DLL_Galvo/Galvo_Scribing/ide2.svg
2026-07-15 11:27 - INFO - Galvo Laser Shutdown
2026-07-15 11:27 - CRITICAL - Laser 1 : OFF
2026-07-15 11:27 - CRITICAL - Laser 2 : OFF
2026-07-15 11:27 - INFO - Stepper Lasers Shutdown
2026-07-15 11:27 - INFO - COM connection close successfully
2026-07-15 11:27 - INFO - Main window close successfully
2026-07-15 11:27 - INFO - ==================================================
2026-07-15 11:27 - INFO - New session close at 2026-07-15 11:27
2026-07-15 11:27 - INFO - ==================================================
2026-07-15 15:30 - INFO - UI load successful
2026-07-15 15:32 - INFO - UI load successful
2026-07-15 15:32 - INFO - Profile : Supervisor
2026-07-15 15:32 - CRITICAL - Laser 1 : OFF
2026-07-15 15:32 - CRITICAL - Laser 2 : OFF
2026-07-15 15:32 - INFO - Stepper Lasers Shutdown
2026-07-15 15:32 - INFO - COM connection close successfully
2026-07-15 15:32 - INFO - Main window close successfully
2026-07-15 15:32 - INFO - ==================================================
2026-07-15 15:32 - INFO - New session close at 2026-07-15 15:32
2026-07-15 15:32 - INFO - ==================================================
2026-07-18 17:01 - INFO - UI load successful
2026-07-18 17:02 - INFO - Profile : Supervisor
2026-07-18 17:02 - INFO - File selected : D:/TeamDev/DLL_Galvo/GalvoUI_2/svg_files/ide2.svg
2026-07-18 17:02 - INFO - File selected : D:/TeamDev/DLL_Galvo/Galvo_Scribing/ide2.svg
2026-07-18 17:02 - INFO - Parameters saved for D:/TeamDev/DLL_Galvo/Galvo_Scribing/ide2.svg
2026-07-18 17:02 - INFO - Galvo Laser Shutdown
2026-07-18 17:02 - CRITICAL - Laser 1 : OFF
2026-07-18 17:02 - CRITICAL - Laser 2 : OFF
2026-07-18 17:02 - INFO - Stepper Lasers Shutdown
2026-07-18 17:02 - INFO - COM connection close successfully
2026-07-18 17:02 - INFO - Main window close successfully
2026-07-18 17:02 - INFO - ==================================================
2026-07-18 17:02 - INFO - New session close at 2026-07-18 17:02
2026-07-18 17:02 - INFO - ==================================================
2026-07-18 17:03 - INFO - UI load successful
2026-07-18 17:03 - INFO - File selected : D:/TeamDev/DLL_Galvo/Galvo_Scribing/ide2.svg
2026-07-18 17:03 - INFO - Parameters saved for D:/TeamDev/DLL_Galvo/Galvo_Scribing/ide2.svg
2026-07-18 17:04 - INFO - Parameters saved for D:/TeamDev/DLL_Galvo/Galvo_Scribing/ide2.svg
2026-07-18 17:07 - INFO - Galvo Laser Shutdown
2026-07-18 17:07 - CRITICAL - Laser 1 : OFF
2026-07-18 17:07 - CRITICAL - Laser 2 : OFF
2026-07-18 17:07 - INFO - Stepper Lasers Shutdown
2026-07-18 17:07 - INFO - COM connection close successfully
2026-07-18 17:07 - INFO - Main window close successfully
2026-07-18 17:07 - INFO - ==================================================
2026-07-18 17:07 - INFO - New session close at 2026-07-18 17:07
2026-07-18 17:07 - INFO - ==================================================
2026-08-31 11:40 - INFO - UI load successful
2026-08-31 11:40 - INFO - Profile : Supervisor
2026-08-31 11:41 - CRITICAL - Laser 1 : OFF
2026-08-31 11:41 - CRITICAL - Laser 2 : OFF
2026-08-31 11:41 - INFO - Stepper Lasers Shutdown
2026-08-31 11:41 - INFO - COM connection close successfully
2026-08-31 11:41 - INFO - Main window close successfully
2026-08-31 11:41 - INFO - ==================================================
2026-08-31 11:41 - INFO - New session close at 2026-08-31 11:41
2026-08-31 11:41 - INFO - ==================================================
2026-08-31 12:37 - INFO - UI load successful
2026-08-31 12:37 - INFO - Profile : Supervisor
2026-08-31 12:37 - CRITICAL - Laser 1 : OFF
2026-08-31 12:37 - CRITICAL - Laser 2 : OFF
2026-08-31 12:37 - INFO - Stepper Lasers Shutdown
2026-08-31 12:37 - INFO - COM connection close successfully
2026-08-31 12:37 - INFO - Main window close successfully
2026-08-31 12:37 - INFO - ==================================================
2026-08-31 12:37 - INFO - New session close at 2026-08-31 12:37
2026-08-31 12:37 - INFO - ==================================================
2026-09-01 15:16 - INFO - UI load successful
2026-09-01 15:16 - INFO - File selected : D:/EXPRESS/Downloads/concentric_circles-20260831173907.dxf
2026-09-01 15:17 - INFO - Parameters saved for D:/EXPRESS/Downloads/concentric_circles-20260831173907.dxf
2026-09-01 15:20 - INFO - UI load successful
2026-09-01 15:20 - INFO - File selected : D:/EXPRESS/Downloads/concentric_circles-20260831173907.dxf
2026-09-01 15:20 - INFO - Parameters saved for D:/EXPRESS/Downloads/concentric_circles-20260831173907.dxf
2026-09-01 16:22 - CRITICAL - Laser 1 : OFF
2026-09-01 16:22 - CRITICAL - Laser 2 : OFF
2026-09-01 16:22 - INFO - Stepper Lasers Shutdown
2026-09-01 16:22 - INFO - COM connection close successfully
2026-09-01 16:22 - INFO - Main window close successfully
2026-09-01 16:22 - INFO - ==================================================
2026-09-01 16:22 - INFO - New session close at 2026-09-01 16:22
2026-09-01 16:22 - INFO - ==================================================
2026-09-02 11:28 - INFO - UI load successful
2026-09-02 11:29 - INFO - Profile : Supervisor
2026-09-02 11:30 - INFO - UI load successful
2026-09-02 11:31 - INFO - Profile : Supervisor
2026-09-02 11:33 - CRITICAL - Laser 1 : OFF
2026-09-02 11:33 - CRITICAL - Laser 2 : OFF
2026-09-02 11:33 - INFO - Stepper Lasers Shutdown
2026-09-02 11:33 - INFO - COM connection close successfully
2026-09-02 11:33 - INFO - Main window close successfully
2026-09-02 11:33 - INFO - ==================================================
2026-09-02 11:33 - INFO - New session close at 2026-09-02 11:33
2026-09-02 11:33 - INFO - ==================================================
2026-09-02 11:35 - INFO - UI load successful
2026-09-02 11:35 - INFO - Profile : Supervisor
2026-09-02 11:35 - CRITICAL - Laser 1 : OFF
2026-09-02 11:35 - CRITICAL - Laser 2 : OFF
2026-09-02 11:35 - INFO - Stepper Lasers Shutdown
2026-09-02 11:35 - INFO - COM connection close successfully
2026-09-02 11:35 - INFO - Main window close successfully
2026-09-02 11:35 - INFO - ==================================================
2026-09-02 11:35 - INFO - New session close at 2026-09-02 11:35
2026-09-02 11:35 - INFO - ==================================================
2026-09-02 11:42 - INFO - UI load successful
2026-09-02 11:43 - INFO - Profile : Supervisor
2026-09-02 11:44 - INFO - Galvo Laser Shutdown
2026-09-02 11:44 - CRITICAL - Laser 1 : OFF
2026-09-02 11:44 - CRITICAL - Laser 2 : OFF
2026-09-02 11:44 - INFO - Stepper Lasers Shutdown
2026-09-02 11:44 - INFO - COM connection close successfully
2026-09-02 11:44 - INFO - Main window close successfully
2026-09-02 11:44 - INFO - ==================================================
2026-09-02 11:44 - INFO - New session close at 2026-09-02 11:44
2026-09-02 11:44 - INFO - ==================================================
2026-09-02 12:29 - INFO - UI load successful
2026-09-02 12:29 - INFO - Profile : Supervisor
2026-09-02 12:30 - INFO - Galvo Laser Shutdown
2026-09-02 12:30 - CRITICAL - Laser 1 : OFF
2026-09-02 12:30 - CRITICAL - Laser 2 : OFF
2026-09-02 12:30 - INFO - Stepper Lasers Shutdown
2026-09-02 12:30 - INFO - COM connection close successfully
2026-09-02 12:30 - INFO - Main window close successfully
2026-09-02 12:30 - INFO - ==================================================
2026-09-02 12:30 - INFO - New session close at 2026-09-02 12:30
2026-09-02 12:30 - INFO - ==================================================
2026-09-02 13:03 - INFO - UI load successful
2026-09-02 13:03 - INFO - Profile : Supervisor
2026-09-02 13:04 - INFO - Galvo Laser Shutdown
2026-09-02 13:04 - CRITICAL - Laser 1 : OFF
2026-09-02 13:04 - CRITICAL - Laser 2 : OFF
2026-09-02 13:04 - INFO - Stepper Lasers Shutdown
2026-09-02 13:04 - INFO - COM connection close successfully
2026-09-02 13:04 - INFO - Main window close successfully
2026-09-02 13:04 - INFO - ==================================================
2026-09-02 13:04 - INFO - New session close at 2026-09-02 13:04
2026-09-02 13:04 - INFO - ==================================================
2026-09-02 14:46 - INFO - UI load successful
2026-09-02 14:46 - INFO - Profile : Supervisor
2026-09-02 14:47 - INFO - Galvo Laser Shutdown
2026-09-02 14:47 - CRITICAL - Laser 1 : OFF
2026-09-02 14:47 - CRITICAL - Laser 2 : OFF
2026-09-02 14:47 - INFO - Stepper Lasers Shutdown
2026-09-02 14:47 - INFO - COM connection close successfully
2026-09-02 14:47 - INFO - Main window close successfully
2026-09-02 14:47 - INFO - ==================================================
2026-09-02 14:47 - INFO - New session close at 2026-09-02 14:47
2026-09-02 14:47 - INFO - ==================================================
2026-09-02 14:51 - INFO - UI load successful
2026-09-02 14:52 - INFO - Profile : Supervisor
2026-09-02 14:55 - INFO - Galvo Laser Shutdown
2026-09-02 14:55 - CRITICAL - Laser 1 : OFF
2026-09-02 14:55 - CRITICAL - Laser 2 : OFF
2026-09-02 14:55 - INFO - Stepper Lasers Shutdown
2026-09-02 14:55 - INFO - COM connection close successfully
2026-09-02 14:55 - INFO - Main window close successfully
2026-09-02 14:55 - INFO - ==================================================
2026-09-02 14:55 - INFO - New session close at 2026-09-02 14:55
2026-09-02 14:55 - INFO - ==================================================
2026-09-02 14:55 - INFO - UI load successful
2026-09-02 14:55 - INFO - Profile : Supervisor
2026-09-02 14:57 - INFO - Galvo Laser Shutdown
2026-09-02 14:57 - CRITICAL - Laser 1 : OFF
2026-09-02 14:57 - CRITICAL - Laser 2 : OFF
2026-09-02 14:57 - INFO - Stepper Lasers Shutdown
2026-09-02 14:57 - INFO - COM connection close successfully
2026-09-02 14:57 - INFO - Main window close successfully
2026-09-02 14:57 - INFO - ==================================================
2026-09-02 14:57 - INFO - New session close at 2026-09-02 14:57
2026-09-02 14:57 - INFO - ==================================================
2026-09-02 15:01 - INFO - UI load successful
2026-09-02 15:02 - INFO - Profile : Supervisor
2026-09-02 15:03 - INFO - Galvo Laser Shutdown
2026-09-02 15:03 - CRITICAL - Laser 1 : OFF
2026-09-02 15:03 - CRITICAL - Laser 2 : OFF
2026-09-02 15:03 - INFO - Stepper Lasers Shutdown
2026-09-02 15:03 - INFO - COM connection close successfully
2026-09-02 15:03 - INFO - Main window close successfully
2026-09-02 15:03 - INFO - ==================================================
2026-09-02 15:03 - INFO - New session close at 2026-09-02 15:03
2026-09-02 15:03 - INFO - ==================================================
2026-09-02 15:08 - INFO - UI load successful
2026-09-02 15:08 - INFO - Profile : Supervisor
2026-09-02 15:08 - INFO - File selected : D:/TeamDev/DLL_Galvo/GalvoUI_2/40mm_square.svg
2026-09-02 15:08 - INFO - Parameters saved for D:/TeamDev/DLL_Galvo/GalvoUI_2/40mm_square.svg
2026-09-02 15:10 - INFO - Galvo Laser Shutdown
2026-09-02 15:10 - CRITICAL - Laser 1 : OFF
2026-09-02 15:10 - CRITICAL - Laser 2 : OFF
2026-09-02 15:10 - INFO - Stepper Lasers Shutdown
2026-09-02 15:10 - INFO - COM connection close successfully
2026-09-02 15:10 - INFO - Main window close successfully
2026-09-02 15:10 - INFO - ==================================================
2026-09-02 15:10 - INFO - New session close at 2026-09-02 15:10
2026-09-02 15:10 - INFO - ==================================================
2026-09-02 15:19 - INFO - UI load successful
2026-09-02 15:20 - INFO - Profile : Supervisor
2026-09-02 15:20 - WARNING - Failed login attempt for user: Supervisor
2026-09-02 15:21 - INFO - File selected : D:/TeamDev/DLL_Galvo/GalvoUI_2/40mm_square.svg
2026-09-02 15:21 - INFO - Parameters saved for D:/TeamDev/DLL_Galvo/GalvoUI_2/40mm_square.svg
2026-09-02 15:21 - INFO - Parameters saved for D:/TeamDev/DLL_Galvo/GalvoUI_2/40mm_square.svg
2026-09-02 15:53 - INFO - UI load successful
2026-09-02 15:55 - INFO - Galvo Laser Shutdown
2026-09-02 15:55 - CRITICAL - Laser 1 : OFF
2026-09-02 15:55 - CRITICAL - Laser 2 : OFF
2026-09-02 15:55 - INFO - Stepper Lasers Shutdown
2026-09-02 15:55 - INFO - COM connection close successfully
2026-09-02 15:55 - INFO - Main window close successfully
2026-09-02 15:55 - INFO - ==================================================
2026-09-02 15:55 - INFO - New session close at 2026-09-02 15:55
2026-09-02 15:55 - INFO - ==================================================
2026-09-02 16:13 - INFO - UI load successful
2026-09-02 16:14 - INFO - Profile : Supervisor
2026-09-02 16:32 - INFO - UI load successful
2026-09-02 16:33 - INFO - Profile : Supervisor
2026-09-02 16:35 - INFO - File selected : D:/TeamDev/DLL_Galvo/GalvoUI_2/40mm_square.svg
2026-09-02 16:35 - INFO - Parameters saved for D:/TeamDev/DLL_Galvo/GalvoUI_2/40mm_square.svg
2026-09-02 16:38 - INFO - Close event ignored.
2026-09-02 16:51 - INFO - UI load successful
2026-09-02 16:51 - INFO - Profile : Supervisor
2026-09-02 16:54 - CRITICAL - Laser 1 : OFF
2026-09-02 16:54 - CRITICAL - Laser 2 : OFF
2026-09-02 16:54 - INFO - Stepper Lasers Shutdown
2026-09-02 16:54 - INFO - COM connection close successfully
2026-09-02 16:54 - INFO - Main window close successfully
2026-09-02 16:54 - INFO - ==================================================
2026-09-02 16:54 - INFO - New session close at 2026-09-02 16:54
2026-09-02 16:54 - INFO - ==================================================
2026-09-02 16:54 - INFO - UI load successful
2026-09-02 16:56 - INFO - UI load successful
2026-09-02 16:57 - INFO - Profile : Supervisor
2026-09-02 16:57 - INFO - File selected : D:/TeamDev/DLL_Galvo/GalvoUI_2/40mm_square.svg
2026-09-02 16:57 - INFO - Parameters saved for D:/TeamDev/DLL_Galvo/GalvoUI_2/40mm_square.svg
2026-09-02 16:58 - INFO - Parameters saved for D:/TeamDev/DLL_Galvo/GalvoUI_2/40mm_square.svg
2026-09-02 17:09 - INFO - UI load successful
2026-09-02 17:09 - INFO - Profile : Supervisor
2026-09-03 14:50 - INFO - UI load successful
2026-09-03 14:51 - INFO - Profile : Supervisor
2026-09-03 14:52 - INFO - Galvo Laser Shutdown
2026-09-03 14:52 - CRITICAL - Laser 1 : OFF
2026-09-03 14:52 - CRITICAL - Laser 2 : OFF
2026-09-03 14:52 - INFO - Stepper Lasers Shutdown
2026-09-03 14:52 - INFO - COM connection close successfully
2026-09-03 14:52 - INFO - Main window close successfully
2026-09-03 14:52 - INFO - ==================================================
2026-09-03 14:52 - INFO - New session close at 2026-09-03 14:52
2026-09-03 14:52 - INFO - ==================================================
2026-09-03 14:53 - INFO - UI load successful
2026-09-03 14:53 - INFO - Com : com, Port : ['COM1', 'COM9', 'COM10'], Baud : ['9600', '57600', '115200', '250000']
2026-09-03 14:53 - ERROR - Error : Invalid Input > Kindly select a COM port.
2026-09-03 15:01 - INFO - UI load successful
2026-09-03 15:01 - INFO - Profile : Supervisor
2026-09-03 15:07 - INFO - UI load successful
2026-09-03 15:07 - INFO - Profile : Supervisor
2026-09-03 15:13 - INFO - UI load successful
2026-09-03 15:14 - INFO - Profile : Supervisor
2026-09-03 15:23 - INFO - UI load successful
2026-09-03 15:23 - INFO - Profile : Supervisor
2026-09-03 15:25 - INFO - UI load successful
2026-09-03 15:25 - INFO - Profile : Supervisor
2026-09-03 15:31 - INFO - UI load successful
2026-09-03 15:31 - INFO - Profile : Supervisor
2026-09-03 15:35 - INFO - UI load successful
2026-09-03 15:35 - INFO - Profile : Supervisor
2026-09-03 15:38 - INFO - UI load successful
2026-09-03 15:38 - INFO - Profile : Supervisor
2026-09-03 15:41 - INFO - File selected : D:/TeamDev/DLL_Galvo/GalvoUI_2/40mm_square.svg
2026-09-03 15:41 - INFO - Parameters saved for D:/TeamDev/DLL_Galvo/GalvoUI_2/40mm_square.svg
2026-09-03 15:42 - INFO - Parameters saved for D:/TeamDev/DLL_Galvo/GalvoUI_2/40mm_square.svg
2026-09-03 15:46 - INFO - Parameters saved for D:/TeamDev/DLL_Galvo/GalvoUI_2/40mm_square.svg
2026-09-03 15:46 - INFO - Parameters saved for D:/TeamDev/DLL_Galvo/GalvoUI_2/40mm_square.svg
2026-09-03 15:47 - INFO - Galvo Laser Shutdown
2026-09-03 15:47 - CRITICAL - Laser 1 : OFF
2026-09-03 15:47 - CRITICAL - Laser 2 : OFF
2026-09-03 15:47 - INFO - Stepper Lasers Shutdown
2026-09-03 15:47 - INFO - COM connection close successfully
2026-09-03 15:47 - INFO - Main window close successfully
2026-09-03 15:47 - INFO - ==================================================
2026-09-03 15:47 - INFO - New session close at 2026-09-03 15:47
2026-09-03 15:47 - INFO - ==================================================
2026-09-03 15:50 - INFO - UI load successful
2026-09-03 15:51 - INFO - Profile : Supervisor
2026-09-03 15:52 - INFO - File selected : D:/TeamDev/DLL_Galvo/GalvoUI_2/40mm_square.svg
2026-09-03 15:52 - INFO - Parameters saved for D:/TeamDev/DLL_Galvo/GalvoUI_2/40mm_square.svg
2026-09-03 15:52 - INFO - Parameters saved for D:/TeamDev/DLL_Galvo/GalvoUI_2/40mm_square.svg
2026-09-03 16:21 - INFO - UI load successful
2026-09-03 16:21 - INFO - Profile : Supervisor
2026-09-03 16:22 - INFO - File selected : D:/TeamDev/DLL_Galvo/GalvoUI_2/40mm_square.svg
2026-09-03 16:22 - INFO - Parameters saved for D:/TeamDev/DLL_Galvo/GalvoUI_2/40mm_square.svg
2026-09-03 16:56 - INFO - UI load successful
2026-09-03 16:57 - INFO - Profile : Supervisor
2026-09-03 16:57 - INFO - File selected : D:/TeamDev/DLL_Galvo/GalvoUI_2/40mm_square.svg
2026-09-03 16:58 - INFO - Parameters saved for D:/TeamDev/DLL_Galvo/GalvoUI_2/40mm_square.svg
2026-09-03 17:08 - INFO - Galvo Laser Shutdown
2026-09-03 17:08 - CRITICAL - Laser 1 : OFF
2026-09-03 17:08 - CRITICAL - Laser 2 : OFF
2026-09-03 17:08 - INFO - Stepper Lasers Shutdown
2026-09-03 17:08 - INFO - COM connection close successfully
2026-09-03 17:08 - INFO - Main window close successfully
2026-09-03 17:08 - INFO - ==================================================
2026-09-03 17:08 - INFO - New session close at 2026-09-03 17:08
2026-09-03 17:08 - INFO - ==================================================
2026-09-03 17:10 - INFO - UI load successful
2026-09-03 17:10 - INFO - Profile : Supervisor
2026-09-03 17:13 - INFO - File selected : D:/TeamDev/DLL_Galvo/GalvoUI_2/80mm_square.svg
2026-09-03 17:13 - INFO - Parameters saved for D:/TeamDev/DLL_Galvo/GalvoUI_2/80mm_square.svg
2026-09-03 17:15 - INFO - Galvo Laser Shutdown
2026-09-03 17:15 - CRITICAL - Laser 1 : OFF
2026-09-03 17:15 - CRITICAL - Laser 2 : OFF
2026-09-03 17:15 - INFO - Stepper Lasers Shutdown
2026-09-03 17:15 - INFO - COM connection close successfully
2026-09-03 17:15 - INFO - Main window close successfully
2026-09-03 17:15 - INFO - ==================================================
2026-09-03 17:15 - INFO - New session close at 2026-09-03 17:15
2026-09-03 17:15 - INFO - ==================================================
2026-09-03 17:35 - INFO - UI load successful
2026-09-03 17:35 - INFO - Profile : Supervisor
2026-09-03 17:36 - INFO - File selected : D:/EXPRESS/Downloads/80x80mm.dxf
2026-09-03 17:36 - INFO - Parameters saved for D:/EXPRESS/Downloads/80x80mm.dxf
2026-09-03 17:37 - INFO - File selected : D:/EXPRESS/Downloads/80x80mm.svg
2026-09-03 17:37 - INFO - Parameters saved for D:/EXPRESS/Downloads/80x80mm.svg
2026-09-03 17:46 - INFO - UI load successful
2026-09-03 17:47 - INFO - File selected : D:/TeamDev/DLL_Galvo/GalvoUI_2/80mm_square.svg
2026-09-03 17:47 - INFO - Parameters saved for D:/TeamDev/DLL_Galvo/GalvoUI_2/80mm_square.svg
2026-09-03 17:48 - INFO - File selected : D:/EXPRESS/Downloads/80x80mm.dxf
2026-09-03 17:48 - INFO - Parameters saved for D:/EXPRESS/Downloads/80x80mm.dxf
2026-09-03 17:48 - INFO - Profile : Supervisor
2026-09-03 17:48 - INFO - Parameters saved for D:/EXPRESS/Downloads/80x80mm.dxf
2026-09-03 17:49 - INFO - Parameters saved for D:/EXPRESS/Downloads/80x80mm.dxf
2026-09-03 17:49 - INFO - Parameters saved for D:/EXPRESS/Downloads/80x80mm.dxf
2026-09-03 17:57 - INFO - File selected : D:/TeamDev/DLL_Galvo/GalvoUI_2/svg_files/ide2.svg
2026-09-03 17:57 - INFO - Parameters saved for D:/TeamDev/DLL_Galvo/GalvoUI_2/svg_files/ide2.svg
2026-09-03 17:58 - INFO - Parameters saved for D:/TeamDev/DLL_Galvo/GalvoUI_2/svg_files/ide2.svg
2026-09-03 18:09 - INFO - Galvo Laser Shutdown
2026-09-03 18:09 - CRITICAL - Laser 1 : OFF
2026-09-03 18:09 - CRITICAL - Laser 2 : OFF
2026-09-03 18:09 - INFO - Stepper Lasers Shutdown
2026-09-03 18:09 - INFO - COM connection close successfully
2026-09-03 18:09 - INFO - Main window close successfully
2026-09-03 18:09 - INFO - ==================================================
2026-09-03 18:09 - INFO - New session close at 2026-09-03 18:09
2026-09-03 18:09 - INFO - ==================================================
2026-09-04 11:44 - INFO - UI load successful
2026-09-04 11:44 - INFO - Profile : Supervisor
2026-09-04 11:45 - INFO - File selected : D:/TeamDev/DLL_Galvo/GalvoUI_2/80mm_square.svg
2026-09-04 11:45 - INFO - Parameters saved for D:/TeamDev/DLL_Galvo/GalvoUI_2/80mm_square.svg
2026-09-04 11:45 - INFO - Parameters saved for D:/TeamDev/DLL_Galvo/GalvoUI_2/80mm_square.svg
2026-09-04 11:58 - INFO - File selected : D:/TeamDev/DLL_Galvo/GalvoUI_2/80mm_square.svg
2026-09-04 11:58 - INFO - Parameters saved for D:/TeamDev/DLL_Galvo/GalvoUI_2/80mm_square.svg
2026-09-04 11:59 - INFO - Parameters saved for D:/TeamDev/DLL_Galvo/GalvoUI_2/80mm_square.svg
2026-09-04 12:00 - INFO - Parameters saved for D:/TeamDev/DLL_Galvo/GalvoUI_2/80mm_square.svg
2026-09-04 12:01 - INFO - Parameters saved for D:/TeamDev/DLL_Galvo/GalvoUI_2/80mm_square.svg
2026-09-04 12:02 - INFO - Parameters saved for D:/TeamDev/DLL_Galvo/GalvoUI_2/80mm_square.svg
2026-09-04 12:03 - INFO - Galvo Laser Shutdown
2026-09-04 12:03 - CRITICAL - Laser 1 : OFF
2026-09-04 12:03 - CRITICAL - Laser 2 : OFF
2026-09-04 12:03 - INFO - Stepper Lasers Shutdown
2026-09-04 12:03 - INFO - COM connection close successfully
2026-09-04 12:03 - INFO - Main window close successfully
2026-09-04 12:03 - INFO - ==================================================
2026-09-04 12:03 - INFO - New session close at 2026-09-04 12:03
2026-09-04 12:03 - INFO - ==================================================
2026-09-04 12:19 - INFO - UI load successful
2026-09-04 12:19 - INFO - Profile : Supervisor
2026-09-04 12:19 - INFO - File selected : D:/TeamDev/DLL_Galvo/GalvoUI_2/svg_files/ide2.svg
2026-09-04 12:19 - INFO - Parameters saved for D:/TeamDev/DLL_Galvo/GalvoUI_2/svg_files/ide2.svg
2026-09-04 12:21 - INFO - Parameters saved for D:/TeamDev/DLL_Galvo/GalvoUI_2/svg_files/ide2.svg
2026-09-04 12:28 - INFO - Galvo Laser Shutdown
2026-09-04 12:28 - CRITICAL - Laser 1 : OFF
2026-09-04 12:28 - CRITICAL - Laser 2 : OFF
2026-09-04 12:28 - INFO - Stepper Lasers Shutdown
2026-09-04 12:28 - INFO - COM connection close successfully
2026-09-04 12:28 - INFO - Main window close successfully
2026-09-04 12:28 - INFO - ==================================================
2026-09-04 12:28 - INFO - New session close at 2026-09-04 12:28
2026-09-04 12:28 - INFO - ==================================================
2026-09-04 12:37 - INFO - UI load successful
2026-09-04 12:37 - INFO - File selected : D:/EXPRESS/Downloads/stylized-black-and-white-floral-mandala-intricate-of-leaves-feathers-and-botanical-elements-arranged-in-a-circle-free-vector-removebg-preview.svg
2026-09-04 12:37 - INFO - Parameters saved for D:/EXPRESS/Downloads/stylized-black-and-white-floral-mandala-intricate-of-leaves-feathers-and-botanical-elements-arranged-in-a-circle-free-vector-removebg-preview.svg
2026-09-04 12:38 - INFO - Parameters saved for D:/EXPRESS/Downloads/stylized-black-and-white-floral-mandala-intricate-of-leaves-feathers-and-botanical-elements-arranged-in-a-circle-free-vector-removebg-preview.svg
2026-09-04 12:38 - INFO - Parameters saved for D:/EXPRESS/Downloads/stylized-black-and-white-floral-mandala-intricate-of-leaves-feathers-and-botanical-elements-arranged-in-a-circle-free-vector-removebg-preview.svg
2026-09-04 12:39 - INFO - Parameters saved for D:/EXPRESS/Downloads/stylized-black-and-white-floral-mandala-intricate-of-leaves-feathers-and-botanical-elements-arranged-in-a-circle-free-vector-removebg-preview.svg
2026-09-04 12:40 - INFO - Profile : Supervisor
2026-09-04 12:41 - INFO - Parameters saved for D:/EXPRESS/Downloads/stylized-black-and-white-floral-mandala-intricate-of-leaves-feathers-and-botanical-elements-arranged-in-a-circle-free-vector-removebg-preview.svg
2026-09-04 12:45 - INFO - Parameters saved for D:/EXPRESS/Downloads/stylized-black-and-white-floral-mandala-intricate-of-leaves-feathers-and-botanical-elements-arranged-in-a-circle-free-vector-removebg-preview.svg
2026-09-04 12:54 - INFO - Galvo Laser Shutdown
2026-09-04 12:54 - CRITICAL - Laser 1 : OFF
2026-09-04 12:54 - CRITICAL - Laser 2 : OFF
2026-09-04 12:54 - INFO - Stepper Lasers Shutdown
2026-09-04 12:54 - INFO - COM connection close successfully
2026-09-04 12:54 - INFO - Main window close successfully
2026-09-04 12:54 - INFO - ==================================================
2026-09-04 12:54 - INFO - New session close at 2026-09-04 12:54
2026-09-04 12:54 - INFO - ==================================================
2026-09-04 12:55 - INFO - UI load successful
2026-09-04 12:55 - INFO - Profile : Supervisor
2026-09-04 12:55 - INFO - File selected : D:/EXPRESS/Downloads/stylized-black-and-white-floral-mandala-intricate-of-leaves-feathers-and-botanical-elements-arranged-in-a-circle-free-vector-removebg-preview.svg
2026-09-04 12:56 - INFO - Parameters saved for D:/EXPRESS/Downloads/stylized-black-and-white-floral-mandala-intricate-of-leaves-feathers-and-botanical-elements-arranged-in-a-circle-free-vector-removebg-preview.svg
2026-09-04 12:59 - INFO - Parameters saved for D:/EXPRESS/Downloads/stylized-black-and-white-floral-mandala-intricate-of-leaves-feathers-and-botanical-elements-arranged-in-a-circle-free-vector-removebg-preview.svg
2026-09-04 13:00 - INFO - Galvo Laser Shutdown
2026-09-04 13:00 - CRITICAL - Laser 1 : OFF
2026-09-04 13:00 - CRITICAL - Laser 2 : OFF
2026-09-04 13:00 - INFO - Stepper Lasers Shutdown
2026-09-04 13:00 - INFO - COM connection close successfully
2026-09-04 13:00 - INFO - Main window close successfully
2026-09-04 13:00 - INFO - ==================================================
2026-09-04 13:00 - INFO - New session close at 2026-09-04 13:00
2026-09-04 13:00 - INFO - ==================================================
2026-09-04 13:04 - INFO - UI load successful
2026-09-04 13:04 - WARNING - Failed login attempt for user: Supervisor
2026-09-04 13:04 - INFO - Profile : Supervisor
2026-09-04 13:04 - INFO - File selected : D:/TeamDev/DLL_Galvo/GalvoUI_2/svg_files/ide2.svg
2026-09-04 13:04 - INFO - Parameters saved for D:/TeamDev/DLL_Galvo/GalvoUI_2/svg_files/ide2.svg
2026-09-04 13:37 - INFO - Galvo Laser Shutdown
2026-09-04 13:37 - CRITICAL - Laser 1 : OFF
2026-09-04 13:37 - CRITICAL - Laser 2 : OFF
2026-09-04 13:37 - INFO - Stepper Lasers Shutdown
2026-09-04 13:37 - INFO - COM connection close successfully
2026-09-04 13:37 - INFO - Main window close successfully
2026-09-04 13:37 - INFO - ==================================================
2026-09-04 13:37 - INFO - New session close at 2026-09-04 13:37
2026-09-04 13:37 - INFO - ==================================================
2026-09-04 14:19 - INFO - UI load successful
2026-09-04 14:19 - INFO - Profile : Supervisor
2026-09-04 14:20 - INFO - File selected : D:/TeamDev/DLL_Galvo/GalvoUI_2/svg_files/ide2.svg
2026-09-04 14:20 - INFO - Parameters saved for D:/TeamDev/DLL_Galvo/GalvoUI_2/svg_files/ide2.svg
2026-09-04 14:20 - INFO - Parameters saved for D:/TeamDev/DLL_Galvo/GalvoUI_2/svg_files/ide2.svg
2026-09-04 14:42 - INFO - UI load successful
2026-09-04 14:42 - INFO - Profile : Supervisor
2026-09-04 14:42 - INFO - File selected : D:/TeamDev/DLL_Galvo/GalvoUI_2/80mm_square.svg
2026-09-04 14:42 - INFO - Parameters saved for D:/TeamDev/DLL_Galvo/GalvoUI_2/80mm_square.svg
2026-09-04 14:50 - INFO - Galvo Laser Shutdown
2026-09-04 14:50 - CRITICAL - Laser 1 : OFF
2026-09-04 14:50 - CRITICAL - Laser 2 : OFF
2026-09-04 14:50 - INFO - Stepper Lasers Shutdown
2026-09-04 14:50 - INFO - COM connection close successfully
2026-09-04 14:50 - INFO - Main window close successfully
2026-09-04 14:50 - INFO - ==================================================
2026-09-04 14:50 - INFO - New session close at 2026-09-04 14:50
2026-09-04 14:50 - INFO - ==================================================
2026-09-05 15:27 - INFO - UI load successful
2026-09-05 15:27 - INFO - Profile : Supervisor
2026-09-05 15:28 - CRITICAL - Laser 1 : OFF
2026-09-05 15:28 - CRITICAL - Laser 2 : OFF
2026-09-05 15:28 - INFO - Stepper Lasers Shutdown
2026-09-05 15:28 - INFO - COM connection close successfully
2026-09-05 15:28 - INFO - Main window close successfully
2026-09-05 15:28 - INFO - ==================================================
2026-09-05 15:28 - INFO - New session close at 2026-09-05 15:28
2026-09-05 15:28 - INFO - ==================================================
2026-09-05 15:39 - INFO - UI load successful
2026-09-05 15:45 - INFO - Profile : Supervisor
2026-09-05 15:47 - INFO - UI load successful
2026-09-05 15:47 - INFO - Profile : Supervisor
2026-09-05 15:58 - INFO - UI load successful
2026-09-05 15:58 - INFO - Profile : Supervisor
2026-09-05 15:59 - CRITICAL - Laser 1 : OFF
2026-09-05 15:59 - CRITICAL - Laser 2 : OFF
2026-09-05 15:59 - INFO - Stepper Lasers Shutdown
2026-09-05 15:59 - INFO - COM connection close successfully
2026-09-05 15:59 - INFO - Main window close successfully
2026-09-05 15:59 - INFO - ==================================================
2026-09-05 15:59 - INFO - New session close at 2026-09-05 15:59
2026-09-05 15:59 - INFO - ==================================================
2026-09-05 16:34 - INFO - UI load successful
2026-09-05 16:34 - INFO - Profile : Supervisor
2026-09-05 16:36 - INFO - Galvo Laser Shutdown
2026-09-05 16:36 - CRITICAL - Laser 1 : OFF
2026-09-05 16:36 - CRITICAL - Laser 2 : OFF
2026-09-05 16:36 - INFO - Stepper Lasers Shutdown
2026-09-05 16:36 - INFO - COM connection close successfully
2026-09-05 16:36 - INFO - Main window close successfully
2026-09-05 16:36 - INFO - ==================================================
2026-09-05 16:36 - INFO - New session close at 2026-09-05 16:36
2026-09-05 16:36 - INFO - ==================================================
2026-09-05 16:57 - INFO - UI load successful
2026-09-05 16:57 - INFO - Profile : Supervisor
2026-09-05 17:10 - INFO - UI load successful
2026-09-05 17:11 - INFO - Profile : Supervisor
2026-09-05 17:13 - INFO - Galvo Laser Shutdown
2026-09-05 17:13 - CRITICAL - Laser 1 : OFF
2026-09-05 17:13 - CRITICAL - Laser 2 : OFF
2026-09-05 17:13 - INFO - Stepper Lasers Shutdown
2026-09-05 17:13 - INFO - COM connection close successfully
2026-09-05 17:13 - INFO - Main window close successfully
2026-09-05 17:13 - INFO - ==================================================
2026-09-05 17:13 - INFO - New session close at 2026-09-05 17:13
2026-09-05 17:13 - INFO - ==================================================
2026-09-05 17:33 - INFO - UI load successful
2026-09-05 17:33 - INFO - Profile : Supervisor
2026-09-05 17:35 - INFO - Galvo Laser Shutdown
2026-09-05 17:35 - CRITICAL - Laser 1 : OFF
2026-09-05 17:35 - CRITICAL - Laser 2 : OFF
2026-09-05 17:35 - INFO - Stepper Lasers Shutdown
2026-09-05 17:35 - INFO - COM connection close successfully
2026-09-05 17:35 - INFO - Main window close successfully
2026-09-05 17:35 - INFO - ==================================================
2026-09-05 17:35 - INFO - New session close at 2026-09-05 17:35
2026-09-05 17:35 - INFO - ==================================================
2026-09-09 16:42 - INFO - UI load successful
2026-09-09 16:43 - INFO - Profile : Supervisor
2026-09-09 16:45 - INFO - UI load successful
2026-09-09 16:46 - INFO - Profile : Supervisor
2026-09-09 16:56 - INFO - UI load successful
2026-09-09 16:56 - INFO - Profile : Supervisor
2026-09-09 17:19 - CRITICAL - Laser 1 : OFF
2026-09-09 17:19 - CRITICAL - Laser 2 : OFF
2026-09-09 17:19 - INFO - Stepper Lasers Shutdown
2026-09-09 17:19 - INFO - COM connection close successfully
2026-09-09 17:19 - INFO - Main window close successfully
2026-09-09 17:19 - INFO - ==================================================
2026-09-09 17:19 - INFO - New session close at 2026-09-09 17:19
2026-09-09 17:19 - INFO - ==================================================
2026-09-09 17:25 - INFO - UI load successful
2026-09-09 17:25 - INFO - Profile : Supervisor
2026-09-09 17:28 - CRITICAL - Laser 1 : OFF
2026-09-09 17:28 - CRITICAL - Laser 2 : OFF
2026-09-09 17:28 - INFO - Stepper Lasers Shutdown
2026-09-09 17:28 - INFO - COM connection close successfully
2026-09-09 17:28 - INFO - Main window close successfully
2026-09-09 17:28 - INFO - ==================================================
2026-09-09 17:28 - INFO - New session close at 2026-09-09 17:28
2026-09-09 17:28 - INFO - ==================================================
2026-09-09 17:28 - INFO - UI load successful
2026-09-09 17:28 - INFO - Profile : Supervisor
2026-09-09 17:38 - CRITICAL - Laser 1 : OFF
2026-09-09 17:38 - CRITICAL - Laser 2 : OFF
2026-09-09 17:38 - INFO - Stepper Lasers Shutdown
2026-09-09 17:38 - INFO - COM connection close successfully
2026-09-09 17:38 - INFO - Main window close successfully
2026-09-09 17:38 - INFO - ==================================================
2026-09-09 17:38 - INFO - New session close at 2026-09-09 17:38
2026-09-09 17:38 - INFO - ==================================================
2026-09-09 17:38 - INFO - UI load successful
2026-09-09 17:39 - INFO - Profile : Supervisor
2026-09-09 17:39 - CRITICAL - Laser 1 : OFF
2026-09-09 17:39 - CRITICAL - Laser 2 : OFF
2026-09-09 17:39 - INFO - Stepper Lasers Shutdown
2026-09-09 17:39 - INFO - COM connection close successfully
2026-09-09 17:39 - INFO - Main window close successfully
2026-09-09 17:39 - INFO - ==================================================
2026-09-09 17:39 - INFO - New session close at 2026-09-09 17:39
2026-09-09 17:39 - INFO - ==================================================
2026-09-09 17:39 - INFO - UI load successful
2026-09-09 17:40 - INFO - Profile : Supervisor
2026-09-09 17:51 - CRITICAL - Laser 1 : OFF
2026-09-09 17:51 - CRITICAL - Laser 2 : OFF
2026-09-09 17:51 - INFO - Stepper Lasers Shutdown
2026-09-09 17:51 - INFO - COM connection close successfully
2026-09-09 17:51 - INFO - Main window close successfully
2026-09-09 17:51 - INFO - ==================================================
2026-09-09 17:51 - INFO - New session close at 2026-09-09 17:51
2026-09-09 17:51 - INFO - ==================================================
2026-09-10 10:49 - INFO - UI load successful
2026-09-10 10:49 - INFO - Profile : Supervisor
2026-09-10 10:50 - CRITICAL - Laser 1 : OFF
2026-09-10 10:50 - CRITICAL - Laser 2 : OFF
2026-09-10 10:50 - INFO - Stepper Lasers Shutdown
2026-09-10 10:50 - INFO - COM connection close successfully
2026-09-10 10:50 - INFO - Main window close successfully
2026-09-10 10:50 - INFO - ==================================================
2026-09-10 10:50 - INFO - New session close at 2026-09-10 10:50
2026-09-10 10:50 - INFO - ==================================================
2026-09-10 11:24 - INFO - UI load successful
2026-09-10 11:25 - INFO - Profile : Supervisor
2026-09-10 11:26 - CRITICAL - Laser 1 : OFF
2026-09-10 11:26 - CRITICAL - Laser 2 : OFF
2026-09-10 11:26 - INFO - Stepper Lasers Shutdown
2026-09-10 11:26 - INFO - COM connection close successfully
2026-09-10 11:26 - INFO - Main window close successfully
2026-09-10 11:26 - INFO - ==================================================
2026-09-10 11:26 - INFO - New session close at 2026-09-10 11:26
2026-09-10 11:26 - INFO - ==================================================
2026-09-10 18:19 - INFO - UI load successful
2026-09-10 18:20 - CRITICAL - Laser 1 : OFF
2026-09-10 18:20 - CRITICAL - Laser 2 : OFF
2026-09-10 18:20 - INFO - Stepper Lasers Shutdown
2026-09-10 18:20 - INFO - COM connection close successfully
2026-09-10 18:20 - INFO - Main window close successfully
2026-09-10 18:20 - INFO - ==================================================
2026-09-10 18:20 - INFO - New session close at 2026-09-10 18:20
2026-09-10 18:20 - INFO - ==================================================
2026-09-10 18:20 - INFO - UI load successful
2026-09-10 18:21 - INFO - UI load successful
2026-09-10 18:22 - CRITICAL - Laser 1 : OFF
2026-09-10 18:22 - CRITICAL - Laser 2 : OFF
2026-09-10 18:22 - INFO - Stepper Lasers Shutdown
2026-09-10 18:22 - INFO - COM connection close successfully
2026-09-10 18:22 - INFO - Main window close successfully
2026-09-10 18:22 - INFO - ==================================================
2026-09-10 18:22 - INFO - New session close at 2026-09-10 18:22
2026-09-10 18:22 - INFO - ==================================================
2026-09-10 18:23 - INFO - UI load successful
2026-09-10 18:24 - INFO - Profile : Supervisor
2026-09-10 18:24 - CRITICAL - Laser 1 : OFF
2026-09-10 18:24 - CRITICAL - Laser 2 : OFF
2026-09-10 18:24 - INFO - Stepper Lasers Shutdown
2026-09-10 18:24 - INFO - COM connection close successfully
2026-09-10 18:24 - INFO - Main window close successfully
2026-09-10 18:24 - INFO - ==================================================
2026-09-10 18:24 - INFO - New session close at 2026-09-10 18:24
2026-09-10 18:24 - INFO - ==================================================
2026-09-11 12:59 - INFO - UI load successful
2026-09-11 12:59 - INFO - Profile : Supervisor
2026-09-11 12:59 - CRITICAL - Laser 1 : OFF
2026-09-11 12:59 - CRITICAL - Laser 2 : OFF
2026-09-11 12:59 - INFO - Stepper Lasers Shutdown
2026-09-11 12:59 - INFO - COM connection close successfully
2026-09-11 12:59 - INFO - Main window close successfully
2026-09-11 12:59 - INFO - ==================================================
2026-09-11 12:59 - INFO - New session close at 2026-09-11 12:59
2026-09-11 12:59 - INFO - ==================================================
2026-09-11 14:24 - INFO - UI load successful
2026-09-11 14:24 - INFO - Profile : Supervisor
2026-09-11 14:27 - CRITICAL - Laser 1 : OFF
2026-09-11 14:27 - CRITICAL - Laser 2 : OFF
2026-09-11 14:27 - INFO - Stepper Lasers Shutdown
2026-09-11 14:27 - INFO - COM connection close successfully
2026-09-11 14:27 - INFO - Main window close successfully
2026-09-11 14:27 - INFO - ==================================================
2026-09-11 14:27 - INFO - New session close at 2026-09-11 14:27
2026-09-11 14:27 - INFO - ==================================================
2026-09-11 14:27 - INFO - UI load successful
2026-09-11 14:28 - INFO - UI load successful
2026-09-11 14:28 - INFO - Profile : Supervisor
2026-09-11 14:31 - INFO - UI load successful
2026-09-11 14:31 - INFO - Profile : Supervisor
2026-09-11 14:32 - INFO - UI load successful
2026-09-11 14:33 - INFO - Profile : Supervisor
2026-09-11 14:34 - INFO - UI load successful
2026-09-11 14:34 - INFO - Profile : Supervisor
2026-09-11 14:35 - CRITICAL - Laser 1 : OFF
2026-09-11 14:35 - CRITICAL - Laser 2 : OFF
2026-09-11 14:35 - INFO - Stepper Lasers Shutdown
2026-09-11 14:35 - INFO - COM connection close successfully
2026-09-11 14:35 - INFO - Main window close successfully
2026-09-11 14:35 - INFO - ==================================================
2026-09-11 14:35 - INFO - New session close at 2026-09-11 14:35
2026-09-11 14:35 - INFO - ==================================================
2026-09-11 14:35 - INFO - UI load successful
2026-09-11 14:35 - INFO - Profile : Supervisor
2026-09-11 14:36 - INFO - Close event ignored.
2026-09-11 14:40 - INFO - UI load successful
2026-09-11 14:40 - INFO - Profile : Supervisor
2026-09-11 14:41 - CRITICAL - Laser 1 : OFF
2026-09-11 14:41 - CRITICAL - Laser 2 : OFF
2026-09-11 14:41 - INFO - Stepper Lasers Shutdown
2026-09-11 14:41 - INFO - COM connection close successfully
2026-09-11 14:41 - INFO - Main window close successfully
2026-09-11 14:41 - INFO - ==================================================
2026-09-11 14:41 - INFO - New session close at 2026-09-11 14:41
2026-09-11 14:41 - INFO - ==================================================
2026-09-11 14:46 - INFO - UI load successful
2026-09-11 14:46 - INFO - Profile : Supervisor
2026-09-11 15:06 - CRITICAL - Laser 1 : OFF
2026-09-11 15:06 - CRITICAL - Laser 2 : OFF
2026-09-11 15:06 - INFO - Stepper Lasers Shutdown
2026-09-11 15:06 - INFO - COM connection close successfully
2026-09-11 15:06 - INFO - Main window close successfully
2026-09-11 15:06 - INFO - ==================================================
2026-09-11 15:06 - INFO - New session close at 2026-09-11 15:06
2026-09-11 15:06 - INFO - ==================================================
2026-09-11 15:59 - INFO - UI load successful
2026-09-11 16:00 - INFO - Profile : Supervisor
2026-09-11 16:13 - INFO - UI load successful
2026-09-11 16:13 - INFO - Profile : Supervisor
2026-09-11 16:19 - INFO - UI load successful
2026-09-11 16:19 - INFO - Profile : Supervisor
2026-09-11 16:21 - CRITICAL - Laser 1 : OFF
2026-09-11 16:21 - CRITICAL - Laser 2 : OFF
2026-09-11 16:21 - INFO - Stepper Lasers Shutdown
2026-09-11 16:21 - INFO - COM connection close successfully
2026-09-11 16:21 - INFO - Main window close successfully
2026-09-11 16:21 - INFO - ==================================================
2026-09-11 16:21 - INFO - New session close at 2026-09-11 16:21
2026-09-11 16:21 - INFO - ==================================================
2026-09-11 16:27 - INFO - UI load successful
2026-09-11 16:27 - INFO - Profile : Supervisor
2026-09-11 16:30 - CRITICAL - Laser 1 : OFF
2026-09-11 16:30 - CRITICAL - Laser 2 : OFF
2026-09-11 16:30 - INFO - Stepper Lasers Shutdown
2026-09-11 16:30 - INFO - COM connection close successfully
2026-09-11 16:30 - INFO - Main window close successfully
2026-09-11 16:30 - INFO - ==================================================
2026-09-11 16:30 - INFO - New session close at 2026-09-11 16:30
2026-09-11 16:30 - INFO - ==================================================
2026-09-11 16:36 - INFO - UI load successful
2026-09-11 16:36 - INFO - Profile : Supervisor
2026-09-11 16:36 - CRITICAL - Laser 1 : OFF
2026-09-11 16:36 - CRITICAL - Laser 2 : OFF
2026-09-11 16:36 - INFO - Stepper Lasers Shutdown
2026-09-11 16:36 - INFO - COM connection close successfully
2026-09-11 16:36 - INFO - Main window close successfully
2026-09-11 16:36 - INFO - ==================================================
2026-09-11 16:36 - INFO - New session close at 2026-09-11 16:36
2026-09-11 16:36 - INFO - ==================================================
2026-09-11 16:51 - INFO - UI load successful
2026-09-11 16:51 - INFO - Profile : Supervisor
2026-09-11 16:51 - CRITICAL - Laser 1 : OFF
2026-09-11 16:51 - CRITICAL - Laser 2 : OFF
2026-09-11 16:51 - INFO - Stepper Lasers Shutdown
2026-09-11 16:51 - INFO - COM connection close successfully
2026-09-11 16:51 - INFO - Main window close successfully
2026-09-11 16:51 - INFO - ==================================================
2026-09-11 16:51 - INFO - New session close at 2026-09-11 16:51
2026-09-11 16:51 - INFO - ==================================================
2026-09-11 17:02 - INFO - UI load successful
2026-09-11 17:03 - INFO - UI load successful
2026-09-11 17:03 - INFO - UI load successful
2026-09-11 17:04 - INFO - UI load successful
2026-09-11 17:04 - INFO - Profile : Supervisor
2026-09-11 17:10 - INFO - UI load successful
2026-09-11 17:10 - INFO - UI load successful
2026-09-11 17:11 - INFO - UI load successful
2026-09-11 17:11 - INFO - UI load successful
2026-09-11 17:11 - INFO - UI load successful
2026-09-11 17:25 - CRITICAL - Laser 1 : OFF
2026-09-11 17:25 - CRITICAL - Laser 2 : OFF
2026-09-11 17:25 - INFO - Stepper Lasers Shutdown
2026-09-11 17:25 - INFO - COM connection close successfully
2026-09-11 17:25 - INFO - Main window close successfully
2026-09-11 17:25 - INFO - ==================================================
2026-09-11 17:25 - INFO - New session close at 2026-09-11 17:25
2026-09-11 17:25 - INFO - ==================================================
2026-09-11 17:28 - INFO - UI load successful
2026-09-11 17:28 - INFO - Profile : Supervisor
2026-09-11 17:31 - INFO - File selected : D:/Atharva/Galvo_Scribber/Merger/Galvo_10092026/40mm_square.svg
2026-09-11 17:31 - INFO - Parameters saved for D:/Atharva/Galvo_Scribber/Merger/Galvo_10092026/40mm_square.svg
2026-09-11 17:32 - INFO - Galvo Laser Shutdown
2026-09-11 17:32 - CRITICAL - Laser 1 : OFF
2026-09-11 17:32 - CRITICAL - Laser 2 : OFF
2026-09-11 17:32 - INFO - Stepper Lasers Shutdown
2026-09-11 17:32 - INFO - COM connection close successfully
2026-09-11 17:32 - INFO - Main window close successfully
2026-09-11 17:32 - INFO - ==================================================
2026-09-11 17:32 - INFO - New session close at 2026-09-11 17:32
2026-09-11 17:32 - INFO - ==================================================
2026-09-11 18:31 - INFO - UI load successful
2026-09-11 18:31 - INFO - Profile : Supervisor
2026-09-11 18:32 - CRITICAL - Laser 1 : OFF
2026-09-11 18:32 - CRITICAL - Laser 2 : OFF
2026-09-11 18:32 - INFO - Stepper Lasers Shutdown
2026-09-11 18:32 - INFO - COM connection close successfully
2026-09-11 18:32 - INFO - Main window close successfully
2026-09-11 18:32 - INFO - ==================================================
2026-09-11 18:32 - INFO - New session close at 2026-09-11 18:32
2026-09-11 18:32 - INFO - ==================================================
2026-09-11 19:16 - INFO - UI load successful
2026-09-11 19:16 - INFO - Profile : Supervisor
2026-09-11 19:17 - INFO - File selected : D:/DLL_Galvo/Merger/Galvo_10092026/40mm_square.svg
2026-09-11 19:17 - INFO - Parameters saved for D:/DLL_Galvo/Merger/Galvo_10092026/40mm_square.svg
2026-09-11 19:17 - INFO - Parameters saved for D:/DLL_Galvo/Merger/Galvo_10092026/40mm_square.svg
2026-09-11 19:18 - INFO - Galvo Laser Shutdown
2026-09-11 19:18 - CRITICAL - Laser 1 : OFF
2026-09-11 19:18 - CRITICAL - Laser 2 : OFF
2026-09-11 19:18 - INFO - Stepper Lasers Shutdown
2026-09-11 19:18 - INFO - COM connection close successfully
2026-09-11 19:18 - INFO - Main window close successfully
2026-09-11 19:18 - INFO - ==================================================
2026-09-11 19:18 - INFO - New session close at 2026-09-11 19:18
2026-09-11 19:18 - INFO - ==================================================
2026-09-11 19:19 - INFO - UI load successful
2026-09-11 19:47 - INFO - UI load successful
2026-09-11 19:48 - INFO - Profile : Supervisor
2026-09-11 19:48 - INFO - File selected : D:/DLL_Galvo/Merger/Galvo_10092026/40mm_square.svg
2026-09-11 19:48 - INFO - Parameters saved for D:/DLL_Galvo/Merger/Galvo_10092026/40mm_square.svg
2026-09-11 19:49 - INFO - Galvo Laser Shutdown
2026-09-11 19:49 - CRITICAL - Laser 1 : OFF
2026-09-11 19:49 - CRITICAL - Laser 2 : OFF
2026-09-11 19:49 - INFO - Stepper Lasers Shutdown
2026-09-11 19:49 - INFO - COM connection close successfully
2026-09-11 19:49 - INFO - Main window close successfully
2026-09-11 19:49 - INFO - ==================================================
2026-09-11 19:49 - INFO - New session close at 2026-09-11 19:49
2026-09-11 19:49 - INFO - ==================================================
2026-09-11 20:00 - INFO - UI load successful
2026-09-11 20:00 - INFO - File selected : D:/EXPRESS/Downloads/MF device 250 micron channel.dxf
2026-09-11 20:00 - INFO - Parameters saved for D:/EXPRESS/Downloads/MF device 250 micron channel.dxf
2026-09-11 20:03 - CRITICAL - Laser 1 : OFF
2026-09-11 20:03 - CRITICAL - Laser 2 : OFF
2026-09-11 20:03 - INFO - Stepper Lasers Shutdown
2026-09-11 20:03 - INFO - COM connection close successfully
2026-09-11 20:03 - INFO - Main window close successfully
2026-09-11 20:03 - INFO - ==================================================
2026-09-11 20:03 - INFO - New session close at 2026-09-11 20:03
2026-09-11 20:03 - INFO - ==================================================
2026-09-11 20:14 - INFO - UI load successful
2026-09-11 20:14 - INFO - File selected : D:/DLL_Galvo/Merger/Galvo_10092026/40mm_square.svg
2026-09-11 20:14 - INFO - Parameters saved for D:/DLL_Galvo/Merger/Galvo_10092026/40mm_square.svg
2026-09-11 20:15 - INFO - Parameters saved for D:/DLL_Galvo/Merger/Galvo_10092026/40mm_square.svg
2026-09-11 20:17 - INFO - Galvo Laser Shutdown
2026-09-11 20:17 - CRITICAL - Laser 1 : OFF
2026-09-11 20:17 - CRITICAL - Laser 2 : OFF
2026-09-11 20:17 - INFO - Stepper Lasers Shutdown
2026-09-11 20:17 - INFO - COM connection close successfully
2026-09-11 20:17 - INFO - Main window close successfully
2026-09-11 20:17 - INFO - ==================================================
2026-09-11 20:17 - INFO - New session close at 2026-09-11 20:17
2026-09-11 20:17 - INFO - ==================================================
2026-09-11 20:17 - INFO - UI load successful
2026-09-11 20:18 - INFO - File selected : D:/DLL_Galvo/Merger/Galvo_10092026/40mm_square.svg
2026-09-11 20:18 - INFO - Parameters saved for D:/DLL_Galvo/Merger/Galvo_10092026/40mm_square.svg
2026-09-11 20:25 - INFO - Galvo Laser Shutdown
2026-09-11 20:25 - CRITICAL - Laser 1 : OFF
2026-09-11 20:25 - CRITICAL - Laser 2 : OFF
2026-09-11 20:25 - INFO - Stepper Lasers Shutdown
2026-09-11 20:25 - INFO - COM connection close successfully
2026-09-11 20:25 - INFO - Main window close successfully
2026-09-11 20:25 - INFO - ==================================================
2026-09-11 20:25 - INFO - New session close at 2026-09-11 20:25
2026-09-11 20:25 - INFO - ==================================================
2026-09-11 20:25 - INFO - UI load successful
2026-09-11 20:26 - INFO - File selected : D:/DLL_Galvo/Merger/Galvo_10092026/40mm_square.svg
2026-09-11 20:26 - INFO - Parameters saved for D:/DLL_Galvo/Merger/Galvo_10092026/40mm_square.svg
2026-09-11 20:27 - INFO - UI load successful
2026-09-11 20:27 - INFO - File selected : D:/DLL_Galvo/Merger/Galvo_10092026/40mm_square.svg
2026-09-11 20:27 - INFO - Parameters saved for D:/DLL_Galvo/Merger/Galvo_10092026/40mm_square.svg
2026-09-11 20:28 - INFO - Parameters saved for D:/DLL_Galvo/Merger/Galvo_10092026/40mm_square.svg
2026-09-11 20:29 - INFO - Parameters saved for D:/DLL_Galvo/Merger/Galvo_10092026/40mm_square.svg
2026-09-11 20:30 - INFO - UI load successful
2026-09-11 20:30 - INFO - File selected : D:/DLL_Galvo/Merger/Galvo_10092026/40mm_square.svg
2026-09-11 20:30 - INFO - Parameters saved for D:/DLL_Galvo/Merger/Galvo_10092026/40mm_square.svg
2026-09-11 20:34 - INFO - UI load successful
2026-09-11 20:34 - INFO - File selected : D:/DLL_Galvo/Merger/Galvo_10092026/40mm_square.svg
2026-09-11 20:34 - INFO - Parameters saved for D:/DLL_Galvo/Merger/Galvo_10092026/40mm_square.svg
2026-09-11 20:35 - INFO - Galvo Laser Shutdown
2026-09-11 20:35 - CRITICAL - Laser 1 : OFF
2026-09-11 20:35 - CRITICAL - Laser 2 : OFF
2026-09-11 20:35 - INFO - Stepper Lasers Shutdown
2026-09-11 20:35 - INFO - COM connection close successfully
2026-09-11 20:35 - INFO - Main window close successfully
2026-09-11 20:35 - INFO - ==================================================
2026-09-11 20:35 - INFO - New session close at 2026-09-11 20:35
2026-09-11 20:35 - INFO - ==================================================
2026-09-11 20:36 - INFO - UI load successful
2026-09-11 20:36 - INFO - File selected : D:/DLL_Galvo/Merger/Galvo_10092026/40mm_square.svg
2026-09-11 20:36 - INFO - Parameters saved for D:/DLL_Galvo/Merger/Galvo_10092026/40mm_square.svg
2026-09-11 20:37 - INFO - Parameters saved for D:/DLL_Galvo/Merger/Galvo_10092026/40mm_square.svg
2026-09-11 20:37 - INFO - Close event ignored.
2026-09-11 21:08 - INFO - UI load successful
2026-09-11 21:08 - INFO - File selected : D:/EXPRESS/Downloads/MF device 250 micron channel.dxf
2026-09-11 21:08 - INFO - Parameters saved for D:/EXPRESS/Downloads/MF device 250 micron channel.dxf
2026-09-11 21:09 - INFO - Parameters saved for D:/EXPRESS/Downloads/MF device 250 micron channel.dxf
2026-09-11 21:09 - INFO - File selected : D:/EXPRESS/Downloads/concentric_circles-20260831173907.dxf
2026-09-11 21:09 - INFO - Parameters saved for D:/EXPRESS/Downloads/concentric_circles-20260831173907.dxf
2026-09-11 21:10 - CRITICAL - Laser 1 : OFF
2026-09-11 21:10 - CRITICAL - Laser 2 : OFF
2026-09-11 21:10 - INFO - Stepper Lasers Shutdown
2026-09-11 21:10 - INFO - COM connection close successfully
2026-09-11 21:10 - INFO - Main window close successfully
2026-09-11 21:10 - INFO - ==================================================
2026-09-11 21:10 - INFO - New session close at 2026-09-11 21:10
2026-09-11 21:10 - INFO - ==================================================
2026-09-11 21:14 - INFO - UI load successful
2026-09-11 21:17 - INFO - UI load successful
2026-09-11 21:17 - INFO - File selected : D:/EXPRESS/Downloads/concentric_circles-20260831173907.dxf
2026-09-11 21:17 - INFO - Parameters saved for D:/EXPRESS/Downloads/concentric_circles-20260831173907.dxf
2026-09-11 21:17 - INFO - File selected : D:/EXPRESS/Downloads/MF device 250 micron channel.dxf
2026-09-11 21:18 - INFO - Parameters saved for D:/EXPRESS/Downloads/MF device 250 micron channel.dxf
2026-09-11 21:18 - CRITICAL - Laser 1 : OFF
2026-09-11 21:18 - CRITICAL - Laser 2 : OFF
2026-09-11 21:18 - INFO - Stepper Lasers Shutdown
2026-09-11 21:18 - INFO - COM connection close successfully
2026-09-11 21:18 - INFO - Main window close successfully
2026-09-11 21:18 - INFO - ==================================================
2026-09-11 21:18 - INFO - New session close at 2026-09-11 21:18
2026-09-11 21:18 - INFO - ==================================================
2026-09-11 21:20 - INFO - UI load successful
2026-09-11 21:20 - INFO - File selected : D:/DLL_Galvo/Merger/Galvo_10092026/40mm_square.svg
2026-09-11 21:20 - INFO - Parameters saved for D:/DLL_Galvo/Merger/Galvo_10092026/40mm_square.svg
2026-09-11 21:26 - INFO - UI load successful
2026-09-11 21:26 - INFO - File selected : D:/EXPRESS/Downloads/MF device 250 micron channel.dxf
2026-09-11 21:26 - INFO - Parameters saved for D:/EXPRESS/Downloads/MF device 250 micron channel.dxf
2026-09-11 21:28 - INFO - Galvo Laser Shutdown
2026-09-11 21:28 - CRITICAL - Laser 1 : OFF
2026-09-11 21:28 - CRITICAL - Laser 2 : OFF
2026-09-11 21:28 - INFO - Stepper Lasers Shutdown
2026-09-11 21:28 - INFO - COM connection close successfully
2026-09-11 21:28 - INFO - Main window close successfully
2026-09-11 21:28 - INFO - ==================================================
2026-09-11 21:28 - INFO - New session close at 2026-09-11 21:28
2026-09-11 21:28 - INFO - ==================================================
2026-09-12 10:30 - INFO - UI load successful
2026-09-12 10:30 - INFO - Profile : Supervisor
2026-09-12 10:33 - INFO - File selected : D:/DLL_Galvo/Merger/Galvo_10092026/40mm_square.svg
2026-09-12 10:42 - INFO - UI load successful
2026-09-12 10:43 - INFO - Profile : Supervisor
2026-09-12 10:43 - INFO - File selected : D:/DLL_Galvo/Merger/Galvo_10092026/40mm_square.svg
2026-09-12 10:43 - INFO - Parameters saved for D:/DLL_Galvo/Merger/Galvo_10092026/40mm_square.svg
2026-09-12 10:43 - INFO - Parameters saved for D:/DLL_Galvo/Merger/Galvo_10092026/40mm_square.svg
2026-09-12 10:43 - INFO - Parameters saved for D:/DLL_Galvo/Merger/Galvo_10092026/40mm_square.svg
2026-09-12 10:48 - INFO - Parameters saved for D:/DLL_Galvo/Merger/Galvo_10092026/40mm_square.svg
2026-09-12 10:49 - INFO - Parameters saved for D:/DLL_Galvo/Merger/Galvo_10092026/40mm_square.svg
2026-09-12 10:50 - CRITICAL - Laser 1 : OFF
2026-09-12 10:50 - CRITICAL - Laser 2 : OFF
2026-09-12 10:50 - INFO - Stepper Lasers Shutdown
2026-09-12 10:50 - INFO - COM connection close successfully
2026-09-12 10:50 - INFO - Main window close successfully
2026-09-12 10:50 - INFO - ==================================================
2026-09-12 10:50 - INFO - New session close at 2026-09-12 10:50
2026-09-12 10:50 - INFO - ==================================================
2026-09-12 10:51 - INFO - UI load successful
2026-09-12 10:51 - CRITICAL - Laser 1 : OFF
2026-09-12 10:51 - CRITICAL - Laser 2 : OFF
2026-09-12 10:51 - INFO - Stepper Lasers Shutdown
2026-09-12 10:51 - INFO - COM connection close successfully
2026-09-12 10:51 - INFO - Main window close successfully
2026-09-12 10:51 - INFO - ==================================================
2026-09-12 10:51 - INFO - New session close at 2026-09-12 10:51
2026-09-12 10:51 - INFO - ==================================================
2026-09-12 10:52 - INFO - UI load successful
2026-09-12 10:52 - INFO - Profile : Supervisor
2026-09-12 10:53 - INFO - Close event ignored.
2026-09-12 10:53 - INFO - File selected : D:/DLL_Galvo/Merger/Galvo_10092026/MF device 250 micron channel.dxf
2026-09-12 10:53 - INFO - File selected : D:/EXPRESS/Downloads/MF device 250 micron channel.dxf
2026-09-12 10:53 - INFO - Parameters saved for D:/EXPRESS/Downloads/MF device 250 micron channel.dxf
2026-09-12 10:53 - INFO - File selected : D:/EXPRESS/Downloads/72mm Array.dxf
2026-09-12 10:54 - INFO - Parameters saved for D:/EXPRESS/Downloads/72mm Array.dxf
2026-09-12 11:13 - INFO - UI load successful
2026-09-12 11:13 - INFO - Profile : Supervisor
2026-09-12 11:14 - INFO - File selected : D:/DLL_Galvo/Merger/Galvo_10092026/40mm_square.svg
2026-09-12 11:14 - INFO - Parameters saved for D:/DLL_Galvo/Merger/Galvo_10092026/40mm_square.svg
2026-09-12 11:16 - INFO - Galvo Laser Shutdown
2026-09-12 11:16 - CRITICAL - Laser 1 : OFF
2026-09-12 11:16 - CRITICAL - Laser 2 : OFF
2026-09-12 11:16 - INFO - Stepper Lasers Shutdown
2026-09-12 11:16 - INFO - COM connection close successfully
2026-09-12 11:16 - INFO - Main window close successfully
2026-09-12 11:16 - INFO - ==================================================
2026-09-12 11:16 - INFO - New session close at 2026-09-12 11:16
2026-09-12 11:16 - INFO - ==================================================
2026-09-12 11:16 - INFO - UI load successful
2026-09-12 11:16 - INFO - >> DI State Changed! Raw Byte: 254 (Binary: 0b11111110)
2026-09-12 11:16 - INFO - >> Hardware Trigger: DI1 (Start) Pressed!
2026-09-12 11:16 - INFO - >> DI State Changed! Raw Byte: 255 (Binary: 0b11111111)
2026-09-12 11:16 - INFO - >> Hardware Trigger: DI1 (Start) Not Pressed!
2026-09-12 11:16 - INFO - >> DI State Changed! Raw Byte: 254 (Binary: 0b11111110)
2026-09-12 11:16 - INFO - >> Hardware Trigger: DI1 (Start) Pressed!
2026-09-12 11:17 - INFO - >> DI State Changed! Raw Byte: 255 (Binary: 0b11111111)
2026-09-12 11:17 - INFO - >> Hardware Trigger: DI1 (Start) Not Pressed!
2026-09-12 11:17 - INFO - >> DI State Changed! Raw Byte: 254 (Binary: 0b11111110)
2026-09-12 11:17 - INFO - >> Hardware Trigger: DI1 (Start) Pressed!
2026-09-12 11:17 - INFO - >> DI State Changed! Raw Byte: 255 (Binary: 0b11111111)
2026-09-12 11:17 - INFO - >> Hardware Trigger: DI1 (Start) Not Pressed!
2026-09-12 11:17 - INFO - >> DI State Changed! Raw Byte: 254 (Binary: 0b11111110)
2026-09-12 11:17 - INFO - >> Hardware Trigger: DI1 (Start) Pressed!
2026-09-12 11:17 - INFO - >> DI State Changed! Raw Byte: 255 (Binary: 0b11111111)
2026-09-12 11:17 - INFO - >> Hardware Trigger: DI1 (Start) Not Pressed!
2026-09-12 11:17 - INFO - >> DI State Changed! Raw Byte: 254 (Binary: 0b11111110)
2026-09-12 11:17 - INFO - >> Hardware Trigger: DI1 (Start) Pressed!
2026-09-12 11:17 - INFO - >> DI State Changed! Raw Byte: 255 (Binary: 0b11111111)
2026-09-12 11:17 - INFO - >> Hardware Trigger: DI1 (Start) Not Pressed!
2026-09-12 11:17 - INFO - >> DI State Changed! Raw Byte: 254 (Binary: 0b11111110)
2026-09-12 11:17 - INFO - >> Hardware Trigger: DI1 (Start) Pressed!
2026-09-12 11:17 - INFO - >> DI State Changed! Raw Byte: 255 (Binary: 0b11111111)
2026-09-12 11:17 - INFO - >> Hardware Trigger: DI1 (Start) Not Pressed!
2026-09-12 11:17 - INFO - >> DI State Changed! Raw Byte: 254 (Binary: 0b11111110)
2026-09-12 11:17 - INFO - >> Hardware Trigger: DI1 (Start) Pressed!
2026-09-12 11:17 - INFO - >> DI State Changed! Raw Byte: 255 (Binary: 0b11111111)
2026-09-12 11:17 - INFO - >> Hardware Trigger: DI1 (Start) Not Pressed!
2026-09-12 11:17 - INFO - >> DI State Changed! Raw Byte: 254 (Binary: 0b11111110)
2026-09-12 11:17 - INFO - >> Hardware Trigger: DI1 (Start) Pressed!
2026-09-12 11:17 - INFO - >> DI State Changed! Raw Byte: 255 (Binary: 0b11111111)
2026-09-12 11:17 - INFO - >> Hardware Trigger: DI1 (Start) Not Pressed!
2026-09-12 11:17 - INFO - >> DI State Changed! Raw Byte: 254 (Binary: 0b11111110)
2026-09-12 11:17 - INFO - >> Hardware Trigger: DI1 (Start) Pressed!
2026-09-12 11:17 - INFO - >> DI State Changed! Raw Byte: 255 (Binary: 0b11111111)
2026-09-12 11:17 - INFO - >> Hardware Trigger: DI1 (Start) Not Pressed!
2026-09-12 11:17 - INFO - >> DI State Changed! Raw Byte: 253 (Binary: 0b11111101)
2026-09-12 11:17 - INFO - >> Hardware Trigger: DI2 (Abort) Pressed!
2026-09-12 11:17 - INFO - >> DI State Changed! Raw Byte: 255 (Binary: 0b11111111)
2026-09-12 11:17 - INFO - >> Hardware Trigger: DI2 (Abort) Not Pressed!
2026-09-12 11:17 - INFO - >> DI State Changed! Raw Byte: 253 (Binary: 0b11111101)
2026-09-12 11:17 - INFO - >> Hardware Trigger: DI2 (Abort) Pressed!
2026-09-12 11:17 - INFO - >> DI State Changed! Raw Byte: 255 (Binary: 0b11111111)
2026-09-12 11:17 - INFO - >> Hardware Trigger: DI2 (Abort) Not Pressed!
2026-09-12 11:17 - INFO - >> DI State Changed! Raw Byte: 253 (Binary: 0b11111101)
2026-09-12 11:17 - INFO - >> Hardware Trigger: DI2 (Abort) Pressed!
2026-09-12 11:17 - INFO - >> DI State Changed! Raw Byte: 255 (Binary: 0b11111111)
2026-09-12 11:17 - INFO - >> Hardware Trigger: DI2 (Abort) Not Pressed!
2026-09-12 11:17 - INFO - >> DI State Changed! Raw Byte: 253 (Binary: 0b11111101)
2026-09-12 11:17 - INFO - >> Hardware Trigger: DI2 (Abort) Pressed!
2026-09-12 11:17 - INFO - >> DI State Changed! Raw Byte: 255 (Binary: 0b11111111)
2026-09-12 11:17 - INFO - >> Hardware Trigger: DI2 (Abort) Not Pressed!
2026-09-12 11:17 - INFO - >> DI State Changed! Raw Byte: 253 (Binary: 0b11111101)
2026-09-12 11:17 - INFO - >> Hardware Trigger: DI2 (Abort) Pressed!
2026-09-12 11:17 - INFO - >> DI State Changed! Raw Byte: 255 (Binary: 0b11111111)
2026-09-12 11:17 - INFO - >> Hardware Trigger: DI2 (Abort) Not Pressed!
2026-09-12 11:17 - INFO - >> DI State Changed! Raw Byte: 254 (Binary: 0b11111110)
2026-09-12 11:17 - INFO - >> Hardware Trigger: DI1 (Start) Pressed!
2026-09-12 11:17 - INFO - >> DI State Changed! Raw Byte: 255 (Binary: 0b11111111)
2026-09-12 11:17 - INFO - >> Hardware Trigger: DI1 (Start) Not Pressed!
2026-09-12 11:17 - INFO - >> DI State Changed! Raw Byte: 254 (Binary: 0b11111110)
2026-09-12 11:17 - INFO - >> Hardware Trigger: DI1 (Start) Pressed!
2026-09-12 11:17 - INFO - >> DI State Changed! Raw Byte: 255 (Binary: 0b11111111)
2026-09-12 11:17 - INFO - >> Hardware Trigger: DI1 (Start) Not Pressed!
2026-09-12 11:17 - INFO - >> DI State Changed! Raw Byte: 254 (Binary: 0b11111110)
2026-09-12 11:17 - INFO - >> Hardware Trigger: DI1 (Start) Pressed!
2026-09-12 11:17 - INFO - >> DI State Changed! Raw Byte: 255 (Binary: 0b11111111)
2026-09-12 11:17 - INFO - >> Hardware Trigger: DI1 (Start) Not Pressed!
2026-09-12 11:17 - INFO - >> DI State Changed! Raw Byte: 254 (Binary: 0b11111110)
2026-09-12 11:17 - INFO - >> Hardware Trigger: DI1 (Start) Pressed!
2026-09-12 11:17 - INFO - >> DI State Changed! Raw Byte: 255 (Binary: 0b11111111)
2026-09-12 11:17 - INFO - >> Hardware Trigger: DI1 (Start) Not Pressed!
2026-09-12 11:17 - INFO - >> DI State Changed! Raw Byte: 253 (Binary: 0b11111101)
2026-09-12 11:17 - INFO - >> Hardware Trigger: DI2 (Abort) Pressed!
2026-09-12 11:17 - INFO - >> DI State Changed! Raw Byte: 255 (Binary: 0b11111111)
2026-09-12 11:17 - INFO - >> Hardware Trigger: DI2 (Abort) Not Pressed!
2026-09-12 11:18 - INFO - File selected : D:/DLL_Galvo/Merger/Galvo_10092026/40mm_square.svg
2026-09-12 11:18 - INFO - Parameters saved for D:/DLL_Galvo/Merger/Galvo_10092026/40mm_square.svg
2026-09-12 11:19 - INFO - Profile : Supervisor
2026-09-12 11:23 - INFO - Galvo Laser Shutdown
2026-09-12 11:23 - CRITICAL - Laser 1 : OFF
2026-09-12 11:23 - CRITICAL - Laser 2 : OFF
2026-09-12 11:23 - INFO - Stepper Lasers Shutdown
2026-09-12 11:23 - INFO - COM connection close successfully
2026-09-12 11:23 - INFO - Main window close successfully
2026-09-12 11:23 - INFO - ==================================================
2026-09-12 11:23 - INFO - New session close at 2026-09-12 11:23
2026-09-12 11:23 - INFO - ==================================================
2026-09-12 11:23 - INFO - UI load successful
2026-09-12 11:23 - INFO - >> DI State Changed! Raw Byte: 253 (Binary: 0b11111101)
2026-09-12 11:23 - INFO - >> Hardware Trigger: DI2 (Abort) Pressed!
2026-09-12 11:23 - INFO - >> DI State Changed! Raw Byte: 255 (Binary: 0b11111111)
2026-09-12 11:23 - INFO - >> Hardware Trigger: DI2 (Abort) Not Pressed!
2026-09-12 11:23 - INFO - >> DI State Changed! Raw Byte: 253 (Binary: 0b11111101)
2026-09-12 11:23 - INFO - >> Hardware Trigger: DI2 (Abort) Pressed!
2026-09-12 11:24 - INFO - >> DI State Changed! Raw Byte: 255 (Binary: 0b11111111)
2026-09-12 11:24 - INFO - >> Hardware Trigger: DI2 (Abort) Not Pressed!
2026-09-12 11:24 - INFO - >> DI State Changed! Raw Byte: 253 (Binary: 0b11111101)
2026-09-12 11:24 - INFO - >> Hardware Trigger: DI2 (Abort) Pressed!
2026-09-12 11:24 - INFO - >> DI State Changed! Raw Byte: 255 (Binary: 0b11111111)
2026-09-12 11:24 - INFO - >> Hardware Trigger: DI2 (Abort) Not Pressed!
2026-09-12 11:24 - INFO - >> DI State Changed! Raw Byte: 253 (Binary: 0b11111101)
2026-09-12 11:24 - INFO - >> Hardware Trigger: DI2 (Abort) Pressed!
2026-09-12 11:24 - INFO - >> DI State Changed! Raw Byte: 255 (Binary: 0b11111111)
2026-09-12 11:24 - INFO - >> Hardware Trigger: DI2 (Abort) Not Pressed!
2026-09-12 11:24 - INFO - >> DI State Changed! Raw Byte: 253 (Binary: 0b11111101)
2026-09-12 11:24 - INFO - >> Hardware Trigger: DI2 (Abort) Pressed!
2026-09-12 11:24 - INFO - >> DI State Changed! Raw Byte: 255 (Binary: 0b11111111)
2026-09-12 11:24 - INFO - >> Hardware Trigger: DI2 (Abort) Not Pressed!
2026-09-12 11:24 - INFO - >> DI State Changed! Raw Byte: 254 (Binary: 0b11111110)
2026-09-12 11:24 - INFO - >> Hardware Trigger: DI1 (Start) Pressed!
2026-09-12 11:24 - INFO - >> DI State Changed! Raw Byte: 255 (Binary: 0b11111111)
2026-09-12 11:24 - INFO - >> Hardware Trigger: DI1 (Start) Not Pressed!
2026-09-12 11:24 - INFO - >> DI State Changed! Raw Byte: 253 (Binary: 0b11111101)
2026-09-12 11:24 - INFO - >> Hardware Trigger: DI2 (Abort) Pressed!
2026-09-12 11:24 - INFO - >> DI State Changed! Raw Byte: 255 (Binary: 0b11111111)
2026-09-12 11:24 - INFO - >> Hardware Trigger: DI2 (Abort) Not Pressed!
2026-09-12 11:24 - INFO - Galvo Laser Shutdown
2026-09-12 11:24 - CRITICAL - Laser 1 : OFF
2026-09-12 11:24 - CRITICAL - Laser 2 : OFF
2026-09-12 11:24 - INFO - Stepper Lasers Shutdown
2026-09-12 11:24 - INFO - COM connection close successfully
2026-09-12 11:24 - INFO - Main window close successfully
2026-09-12 11:24 - INFO - ==================================================
2026-09-12 11:24 - INFO - New session close at 2026-09-12 11:24
2026-09-12 11:24 - INFO - ==================================================
2026-09-12 11:31 - INFO - UI load successful
2026-09-12 11:31 - INFO - File selected : D:/DLL_Galvo/Merger/Galvo_10092026/80mm_square.svg
2026-09-12 11:31 - INFO - Parameters saved for D:/DLL_Galvo/Merger/Galvo_10092026/80mm_square.svg
2026-09-12 11:31 - INFO - >> DI State Changed! Raw Byte: 254 (Binary: 0b11111110)
2026-09-12 11:31 - INFO - >> Hardware Trigger: DI1 (Start) Pressed!
2026-09-12 11:31 - INFO - >> DI State Changed! Raw Byte: 255 (Binary: 0b11111111)
2026-09-12 11:31 - INFO - >> Hardware Trigger: DI1 (Start) Not Pressed!
2026-09-12 11:32 - INFO - >> DI State Changed! Raw Byte: 253 (Binary: 0b11111101)
2026-09-12 11:32 - INFO - >> Hardware Trigger: DI2 (Abort) Pressed!
2026-09-12 11:32 - INFO - >> DI State Changed! Raw Byte: 255 (Binary: 0b11111111)
2026-09-12 11:32 - INFO - >> Hardware Trigger: DI2 (Abort) Not Pressed!
2026-09-12 11:32 - INFO - Galvo Laser Shutdown
2026-09-12 11:32 - CRITICAL - Laser 1 : OFF
2026-09-12 11:32 - CRITICAL - Laser 2 : OFF
2026-09-12 11:32 - INFO - Stepper Lasers Shutdown
2026-09-12 11:32 - INFO - COM connection close successfully
2026-09-12 11:32 - INFO - Main window close successfully
2026-09-12 11:32 - INFO - ==================================================
2026-09-12 11:32 - INFO - New session close at 2026-09-12 11:32
2026-09-12 11:32 - INFO - ==================================================
2026-09-12 11:34 - INFO - UI load successful
2026-09-12 11:35 - INFO - File selected : D:/DLL_Galvo/Merger/Galvo_10092026/40mm_square.svg
2026-09-12 11:35 - INFO - Parameters saved for D:/DLL_Galvo/Merger/Galvo_10092026/40mm_square.svg
2026-09-12 11:35 - INFO - >> Hardware Trigger: DI1 (Start) Pressed!
2026-09-12 11:35 - INFO - >> Hardware Trigger: DI1 (Start) Not Pressed!
2026-09-12 11:36 - INFO - >> Hardware Trigger: DI1 (Start) Pressed!
2026-09-12 11:36 - INFO - >> Hardware Trigger: DI1 (Start) Not Pressed!
2026-09-12 11:36 - INFO - >> Hardware Trigger: DI2 (Abort) Pressed!
2026-09-12 11:36 - INFO - >> Hardware Trigger: DI2 (Abort) Not Pressed!
2026-09-12 11:37 - INFO - File selected : D:/DLL_Galvo/Merger/Galvo_10092026/MF device 250 micron channel.dxf
2026-09-12 11:37 - INFO - Parameters saved for D:/DLL_Galvo/Merger/Galvo_10092026/MF device 250 micron channel.dxf
2026-09-12 11:37 - INFO - Parameters saved for D:/DLL_Galvo/Merger/Galvo_10092026/MF device 250 micron channel.dxf
2026-09-12 11:38 - INFO - Galvo Laser Shutdown
2026-09-12 11:38 - CRITICAL - Laser 1 : OFF
2026-09-12 11:38 - CRITICAL - Laser 2 : OFF
2026-09-12 11:38 - INFO - Stepper Lasers Shutdown
2026-09-12 11:38 - INFO - COM connection close successfully
2026-09-12 11:38 - INFO - Main window close successfully
2026-09-12 11:38 - INFO - ==================================================
2026-09-12 11:38 - INFO - New session close at 2026-09-12 11:38
2026-09-12 11:38 - INFO - ==================================================
2026-09-12 11:45 - INFO - UI load successful
2026-09-12 11:45 - INFO - Profile : Supervisor
2026-09-12 11:45 - INFO - >> Hardware Trigger: DI1 (Start) Pressed!
2026-09-12 11:45 - INFO - >> Hardware Trigger: DI1 (Start) Not Pressed!
2026-09-12 11:45 - INFO - >> Hardware Trigger: DI1 (Start) Pressed!
2026-09-12 11:46 - INFO - >> Hardware Trigger: DI1 (Start) Not Pressed!
2026-09-12 11:46 - INFO - >> Hardware Trigger: DI2 (Abort) Pressed!
2026-09-12 11:46 - INFO - >> Hardware Trigger: DI2 (Abort) Not Pressed!
2026-09-12 11:46 - INFO - File selected : D:/EXPRESS/Downloads/72mm Array.dxf
2026-09-12 11:46 - INFO - Parameters saved for D:/EXPRESS/Downloads/72mm Array.dxf
2026-09-12 11:46 - INFO - >> Hardware Trigger: DI1 (Start) Pressed!
2026-09-12 11:46 - INFO - >> Hardware Trigger: DI1 (Start) Not Pressed!
2026-09-12 11:47 - INFO - >> Hardware Trigger: DI2 (Abort) Pressed!
2026-09-12 11:47 - INFO - >> Hardware Trigger: DI2 (Abort) Not Pressed!
2026-09-12 11:52 - INFO - File selected : D:/EXPRESS/Downloads/nReDT-bird-floral-flying-wall-decor-home-decoration.dxf
2026-09-12 11:52 - INFO - Parameters saved for D:/EXPRESS/Downloads/nReDT-bird-floral-flying-wall-decor-home-decoration.dxf
2026-09-12 11:52 - INFO - Parameters saved for D:/EXPRESS/Downloads/nReDT-bird-floral-flying-wall-decor-home-decoration.dxf
2026-09-12 11:53 - INFO - Galvo Laser Shutdown
2026-09-12 11:53 - CRITICAL - Laser 1 : OFF
2026-09-12 11:53 - CRITICAL - Laser 2 : OFF
2026-09-12 11:53 - INFO - Stepper Lasers Shutdown
2026-09-12 11:53 - INFO - COM connection close successfully
2026-09-12 11:53 - INFO - Main window close successfully
2026-09-12 11:53 - INFO - ==================================================
2026-09-12 11:53 - INFO - New session close at 2026-09-12 11:53
2026-09-12 11:53 - INFO - ==================================================
2026-09-12 11:54 - INFO - UI load successful
2026-09-12 11:54 - INFO - File selected : D:/EXPRESS/Downloads/nReDT-bird-floral-flying-wall-decor-home-decoration.dxf
2026-09-12 11:54 - INFO - Parameters saved for D:/EXPRESS/Downloads/nReDT-bird-floral-flying-wall-decor-home-decoration.dxf
2026-09-12 11:55 - INFO - Parameters saved for D:/EXPRESS/Downloads/nReDT-bird-floral-flying-wall-decor-home-decoration.dxf
2026-09-12 11:55 - INFO - Profile : Supervisor
2026-09-12 11:55 - WARNING - Failed login attempt for user: Supervisor
2026-09-12 11:56 - INFO - Parameters saved for D:/EXPRESS/Downloads/nReDT-bird-floral-flying-wall-decor-home-decoration.dxf
2026-09-12 12:07 - INFO - File selected : D:/EXPRESS/Downloads/nReDT-bird-floral-flying-wall-decor-home-decoration.dxf
2026-09-12 12:07 - INFO - Parameters saved for D:/EXPRESS/Downloads/nReDT-bird-floral-flying-wall-decor-home-decoration.dxf
2026-09-12 12:07 - INFO - Parameters saved for D:/EXPRESS/Downloads/nReDT-bird-floral-flying-wall-decor-home-decoration.dxf
2026-09-12 12:09 - INFO - Galvo Laser Shutdown
2026-09-12 12:09 - CRITICAL - Laser 1 : OFF
2026-09-12 12:09 - CRITICAL - Laser 2 : OFF
2026-09-12 12:09 - INFO - Stepper Lasers Shutdown
2026-09-12 12:09 - INFO - COM connection close successfully
2026-09-12 12:09 - INFO - Main window close successfully
2026-09-12 12:09 - INFO - ==================================================
2026-09-12 12:09 - INFO - New session close at 2026-09-12 12:09
2026-09-12 12:09 - INFO - ==================================================
2026-09-12 12:15 - INFO - UI load successful
2026-09-12 12:15 - INFO - File selected : D:/EXPRESS/Downloads/nReDT-bird-floral-flying-wall-decor-home-decoration.dxf
2026-09-12 12:15 - INFO - Parameters saved for D:/EXPRESS/Downloads/nReDT-bird-floral-flying-wall-decor-home-decoration.dxf
2026-09-12 12:18 - INFO - Profile : Supervisor
2026-09-12 12:32 - INFO - Galvo Laser Shutdown
2026-09-12 12:32 - CRITICAL - Laser 1 : OFF
2026-09-12 12:32 - CRITICAL - Laser 2 : OFF
2026-09-12 12:32 - INFO - Stepper Lasers Shutdown
2026-09-12 12:32 - INFO - COM connection close successfully
2026-09-12 12:32 - INFO - Main window close successfully
2026-09-12 12:32 - INFO - ==================================================
2026-09-12 12:32 - INFO - New session close at 2026-09-12 12:32
2026-09-12 12:32 - INFO - ==================================================
2026-09-12 12:33 - INFO - UI load successful
2026-09-12 12:33 - WARNING - Failed login attempt for user: Supervisor
2026-09-12 12:33 - INFO - Profile : Supervisor
2026-09-12 12:39 - INFO - Galvo Laser Shutdown
2026-09-12 12:39 - CRITICAL - Laser 1 : OFF
2026-09-12 12:39 - CRITICAL - Laser 2 : OFF
2026-09-12 12:39 - INFO - Stepper Lasers Shutdown
2026-09-12 12:39 - INFO - COM connection close successfully
2026-09-12 12:39 - INFO - Main window close successfully
2026-09-12 12:39 - INFO - ==================================================
2026-09-12 12:39 - INFO - New session close at 2026-09-12 12:39
2026-09-12 12:39 - INFO - ==================================================
2026-09-12 12:42 - INFO - UI load successful
2026-09-12 12:43 - INFO - Profile : Supervisor
2026-09-12 12:47 - INFO - Galvo Laser Shutdown
2026-09-12 12:47 - CRITICAL - Laser 1 : OFF
2026-09-12 12:47 - CRITICAL - Laser 2 : OFF
2026-09-12 12:47 - INFO - Stepper Lasers Shutdown
2026-09-12 12:47 - INFO - COM connection close successfully
2026-09-12 12:47 - INFO - Main window close successfully
2026-09-12 12:47 - INFO - ==================================================
2026-09-12 12:47 - INFO - New session close at 2026-09-12 12:47
2026-09-12 12:47 - INFO - ==================================================
2026-09-12 12:48 - INFO - UI load successful
2026-09-12 12:48 - INFO - Profile : Supervisor
2026-09-12 12:53 - INFO - UI load successful
2026-09-12 12:54 - INFO - UI load successful
2026-09-12 12:54 - INFO - File selected : D:/EXPRESS/Downloads/uwPfi-cool-women-face-decorative-art-design.dxf
2026-09-12 12:55 - INFO - Parameters saved for D:/EXPRESS/Downloads/uwPfi-cool-women-face-decorative-art-design.dxf
2026-09-12 12:55 - INFO - >> Hardware Trigger: DI1 (Start) Pressed!
2026-09-12 12:55 - INFO - >> Hardware Trigger: DI1 (Start) Not Pressed!
2026-09-12 12:56 - INFO - Parameters saved for D:/EXPRESS/Downloads/uwPfi-cool-women-face-decorative-art-design.dxf
2026-09-12 12:58 - INFO - >> Hardware Trigger: DI1 (Start) Pressed!
2026-09-12 12:58 - INFO - >> Hardware Trigger: DI1 (Start) Not Pressed!
2026-09-12 12:59 - INFO - >> Hardware Trigger: DI1 (Start) Pressed!
2026-09-12 12:59 - INFO - >> Hardware Trigger: DI1 (Start) Not Pressed!
2026-09-12 12:59 - INFO - >> Hardware Trigger: DI1 (Start) Pressed!
2026-09-12 12:59 - INFO - >> Hardware Trigger: DI1 (Start) Not Pressed!
2026-09-12 13:00 - INFO - File selected : D:/EXPRESS/Downloads/EtGy9-harley-davidson-motor-wings-eagle-multilayer-logo.dxf
2026-09-12 13:00 - INFO - Parameters saved for D:/EXPRESS/Downloads/EtGy9-harley-davidson-motor-wings-eagle-multilayer-logo.dxf
2026-09-12 13:01 - INFO - File selected : D:/EXPRESS/Downloads/L28YO-tree-of-life-wall-spiritual-art.dxf
2026-09-12 13:01 - INFO - Parameters saved for D:/EXPRESS/Downloads/L28YO-tree-of-life-wall-spiritual-art.dxf
2026-09-12 13:09 - INFO - UI load successful
2026-09-12 13:09 - INFO - File selected : D:/EXPRESS/Downloads/uwPfi-cool-women-face-decorative-art-design.dxf
2026-09-12 13:09 - INFO - Parameters saved for D:/EXPRESS/Downloads/uwPfi-cool-women-face-decorative-art-design.dxf
2026-09-12 13:10 - INFO - >> Hardware Trigger: DI2 (Abort) Pressed!
2026-09-12 13:10 - INFO - >> Hardware Trigger: DI2 (Abort) Not Pressed!
2026-09-12 13:10 - INFO - Galvo Laser Shutdown
2026-09-12 13:10 - CRITICAL - Laser 1 : OFF
2026-09-12 13:10 - CRITICAL - Laser 2 : OFF
2026-09-12 13:10 - INFO - Stepper Lasers Shutdown
2026-09-12 13:10 - INFO - COM connection close successfully
2026-09-12 13:10 - INFO - Main window close successfully
2026-09-12 13:10 - INFO - ==================================================
2026-09-12 13:10 - INFO - New session close at 2026-09-12 13:10
2026-09-12 13:10 - INFO - ==================================================
2026-09-12 15:15 - INFO - UI load successful
2026-09-12 15:16 - INFO - Close event ignored.
2026-09-12 15:16 - CRITICAL - Laser 1 : OFF
2026-09-12 15:16 - CRITICAL - Laser 2 : OFF
2026-09-12 15:16 - INFO - Stepper Lasers Shutdown
2026-09-12 15:16 - INFO - COM connection close successfully
2026-09-12 15:16 - INFO - Main window close successfully
2026-09-12 15:16 - INFO - ==================================================
2026-09-12 15:16 - INFO - New session close at 2026-09-12 15:16
2026-09-12 15:16 - INFO - ==================================================
2026-09-12 15:16 - INFO - UI load successful
2026-09-12 15:16 - INFO - UI load successful
2026-09-12 15:17 - INFO - Close event ignored.
2026-09-12 15:17 - INFO - File selected : D:/EXPRESS/Downloads/shiva-trishul-vector-art-icons-260nw-2495622795.dxf
2026-09-12 15:17 - INFO - Parameters saved for D:/EXPRESS/Downloads/shiva-trishul-vector-art-icons-260nw-2495622795.dxf
2026-09-12 15:17 - INFO - File selected : D:/EXPRESS/Downloads/uwPfi-cool-women-face-decorative-art-design.dxf
2026-09-12 15:18 - INFO - Parameters saved for D:/EXPRESS/Downloads/uwPfi-cool-women-face-decorative-art-design.dxf
2026-09-12 15:20 - INFO - Profile : Supervisor
2026-09-12 15:20 - WARNING - Failed login attempt for user: Supervisor
2026-09-12 15:35 - INFO - Galvo Laser Shutdown
2026-09-12 15:35 - CRITICAL - Laser 1 : OFF
2026-09-12 15:35 - CRITICAL - Laser 2 : OFF
2026-09-12 15:35 - INFO - Stepper Lasers Shutdown
2026-09-12 15:35 - INFO - COM connection close successfully
2026-09-12 15:35 - INFO - Main window close successfully
2026-09-12 15:35 - INFO - ==================================================
2026-09-12 15:35 - INFO - New session close at 2026-09-12 15:35
2026-09-12 15:35 - INFO - ==================================================
2026-09-12 15:35 - INFO - UI load successful
2026-09-12 15:35 - INFO - Profile : Supervisor
2026-09-12 15:37 - INFO - Galvo Laser Shutdown
2026-09-12 15:37 - CRITICAL - Laser 1 : OFF
2026-09-12 15:37 - CRITICAL - Laser 2 : OFF
2026-09-12 15:37 - INFO - Stepper Lasers Shutdown
2026-09-12 15:37 - INFO - COM connection close successfully
2026-09-12 15:37 - INFO - Main window close successfully
2026-09-12 15:37 - INFO - ==================================================
2026-09-12 15:37 - INFO - New session close at 2026-09-12 15:37
2026-09-12 15:37 - INFO - ==================================================
2026-09-12 15:41 - INFO - UI load successful
2026-09-12 15:41 - INFO - Profile : Supervisor
2026-09-12 15:43 - INFO - Galvo Laser Shutdown
2026-09-12 15:43 - CRITICAL - Laser 1 : OFF
2026-09-12 15:43 - CRITICAL - Laser 2 : OFF
2026-09-12 15:43 - INFO - Stepper Lasers Shutdown
2026-09-12 15:43 - INFO - COM connection close successfully
2026-09-12 15:43 - INFO - Main window close successfully
2026-09-12 15:43 - INFO - ==================================================
2026-09-12 15:43 - INFO - New session close at 2026-09-12 15:43
2026-09-12 15:43 - INFO - ==================================================
2026-09-12 15:43 - INFO - UI load successful
2026-09-12 15:43 - INFO - Profile : Supervisor
2026-09-12 15:50 - INFO - Galvo Laser Shutdown
2026-09-12 15:50 - CRITICAL - Laser 1 : OFF
2026-09-12 15:50 - CRITICAL - Laser 2 : OFF
2026-09-12 15:50 - INFO - Stepper Lasers Shutdown
2026-09-12 15:50 - INFO - COM connection close successfully
2026-09-12 15:50 - INFO - Main window close successfully
2026-09-12 15:50 - INFO - ==================================================
2026-09-12 15:50 - INFO - New session close at 2026-09-12 15:50
2026-09-12 15:50 - INFO - ==================================================
2026-09-12 15:50 - INFO - UI load successful
2026-09-12 15:51 - INFO - Profile : Supervisor
2026-09-12 15:52 - INFO - Galvo Laser Shutdown
2026-09-12 15:52 - CRITICAL - Laser 1 : OFF
2026-09-12 15:52 - CRITICAL - Laser 2 : OFF
2026-09-12 15:52 - INFO - Stepper Lasers Shutdown
2026-09-12 15:52 - INFO - COM connection close successfully
2026-09-12 15:52 - INFO - Main window close successfully
2026-09-12 15:52 - INFO - ==================================================
2026-09-12 15:52 - INFO - New session close at 2026-09-12 15:52
2026-09-12 15:52 - INFO - ==================================================
2026-09-12 15:54 - INFO - UI load successful
2026-09-12 15:54 - INFO - Profile : Supervisor
2026-09-12 15:58 - INFO - Galvo Laser Shutdown
2026-09-12 15:58 - CRITICAL - Laser 1 : OFF
2026-09-12 15:58 - CRITICAL - Laser 2 : OFF
2026-09-12 15:58 - INFO - Stepper Lasers Shutdown
2026-09-12 15:58 - INFO - COM connection close successfully
2026-09-12 15:58 - INFO - Main window close successfully
2026-09-12 15:58 - INFO - ==================================================
2026-09-12 15:58 - INFO - New session close at 2026-09-12 15:58
2026-09-12 15:58 - INFO - ==================================================
2026-09-12 15:58 - INFO - UI load successful
2026-09-12 15:58 - INFO - Profile : Supervisor
2026-09-12 16:00 - INFO - Galvo Laser Shutdown
2026-09-12 16:00 - CRITICAL - Laser 1 : OFF
2026-09-12 16:00 - CRITICAL - Laser 2 : OFF
2026-09-12 16:00 - INFO - Stepper Lasers Shutdown
2026-09-12 16:00 - INFO - COM connection close successfully
2026-09-12 16:00 - INFO - Main window close successfully
2026-09-12 16:00 - INFO - ==================================================
2026-09-12 16:00 - INFO - New session close at 2026-09-12 16:00
2026-09-12 16:00 - INFO - ==================================================
2026-09-12 16:02 - INFO - UI load successful
2026-09-12 16:02 - INFO - Profile : Supervisor
2026-09-12 16:08 - INFO - Galvo Laser Shutdown
2026-09-12 16:08 - CRITICAL - Laser 1 : OFF
2026-09-12 16:08 - CRITICAL - Laser 2 : OFF
2026-09-12 16:08 - INFO - Stepper Lasers Shutdown
2026-09-12 16:08 - INFO - COM connection close successfully
2026-09-12 16:08 - INFO - Main window close successfully
2026-09-12 16:08 - INFO - ==================================================
2026-09-12 16:08 - INFO - New session close at 2026-09-12 16:08
2026-09-12 16:08 - INFO - ==================================================
2026-09-12 16:08 - INFO - UI load successful
2026-09-12 16:08 - INFO - Profile : Supervisor
2026-09-12 16:10 - INFO - Galvo Laser Shutdown
2026-09-12 16:10 - CRITICAL - Laser 1 : OFF
2026-09-12 16:10 - CRITICAL - Laser 2 : OFF
2026-09-12 16:10 - INFO - Stepper Lasers Shutdown
2026-09-12 16:10 - INFO - COM connection close successfully
2026-09-12 16:10 - INFO - Main window close successfully
2026-09-12 16:10 - INFO - ==================================================
2026-09-12 16:10 - INFO - New session close at 2026-09-12 16:10
2026-09-12 16:10 - INFO - ==================================================
2026-09-12 16:13 - INFO - UI load successful
2026-09-12 16:14 - INFO - Profile : Supervisor
2026-09-12 16:15 - INFO - Galvo Laser Shutdown
2026-09-12 16:15 - CRITICAL - Laser 1 : OFF
2026-09-12 16:15 - CRITICAL - Laser 2 : OFF
2026-09-12 16:15 - INFO - Stepper Lasers Shutdown
2026-09-12 16:15 - INFO - COM connection close successfully
2026-09-12 16:15 - INFO - Main window close successfully
2026-09-12 16:15 - INFO - ==================================================
2026-09-12 16:15 - INFO - New session close at 2026-09-12 16:15
2026-09-12 16:15 - INFO - ==================================================
2026-09-12 16:17 - INFO - UI load successful
2026-09-12 16:17 - INFO - Profile : Supervisor
2026-09-12 16:19 - INFO - UI load successful
2026-09-12 16:20 - INFO - Profile : Supervisor
2026-09-12 16:20 - INFO - Galvo Laser Shutdown
2026-09-12 16:20 - CRITICAL - Laser 1 : OFF
2026-09-12 16:20 - CRITICAL - Laser 2 : OFF
2026-09-12 16:20 - INFO - Stepper Lasers Shutdown
2026-09-12 16:20 - INFO - COM connection close successfully
2026-09-12 16:20 - INFO - Main window close successfully
2026-09-12 16:20 - INFO - ==================================================
2026-09-12 16:20 - INFO - New session close at 2026-09-12 16:20
2026-09-12 16:20 - INFO - ==================================================
2026-09-12 16:22 - INFO - UI load successful
2026-09-12 16:22 - INFO - Profile : Supervisor
2026-09-12 16:23 - INFO - Close event ignored.
2026-09-12 16:23 - INFO - Galvo Laser Shutdown
2026-09-12 16:23 - CRITICAL - Laser 1 : OFF
2026-09-12 16:23 - CRITICAL - Laser 2 : OFF
2026-09-12 16:23 - INFO - Stepper Lasers Shutdown
2026-09-12 16:23 - INFO - COM connection close successfully
2026-09-12 16:23 - INFO - Main window close successfully
2026-09-12 16:23 - INFO - ==================================================
2026-09-12 16:23 - INFO - New session close at 2026-09-12 16:23
2026-09-12 16:23 - INFO - ==================================================
2026-09-12 16:25 - INFO - UI load successful
2026-09-12 16:25 - INFO - Profile : Supervisor
2026-09-12 16:29 - INFO - UI load successful
2026-09-12 16:31 - WARNING - Failed login attempt for user: Operator
2026-09-12 16:31 - INFO - Profile : Supervisor
2026-09-12 16:33 - INFO - Galvo Laser Shutdown
2026-09-12 16:33 - CRITICAL - Laser 1 : OFF
2026-09-12 16:33 - CRITICAL - Laser 2 : OFF
2026-09-12 16:33 - INFO - Stepper Lasers Shutdown
2026-09-12 16:33 - INFO - COM connection close successfully
2026-09-12 16:33 - INFO - Main window close successfully
2026-09-12 16:33 - INFO - ==================================================
2026-09-12 16:33 - INFO - New session close at 2026-09-12 16:33
2026-09-12 16:33 - INFO - ==================================================
2026-09-12 16:35 - INFO - UI load successful
2026-09-12 16:35 - WARNING - Failed login attempt for user: Supervisor
2026-09-12 16:35 - INFO - Profile : Supervisor
2026-09-12 16:38 - INFO - Galvo Laser Shutdown
2026-09-12 16:38 - CRITICAL - Laser 1 : OFF
2026-09-12 16:38 - CRITICAL - Laser 2 : OFF
2026-09-12 16:38 - INFO - Stepper Lasers Shutdown
2026-09-12 16:38 - INFO - COM connection close successfully
2026-09-12 16:38 - INFO - Main window close successfully
2026-09-12 16:38 - INFO - ==================================================
2026-09-12 16:38 - INFO - New session close at 2026-09-12 16:38
2026-09-12 16:38 - INFO - ==================================================
2026-09-12 16:40 - INFO - UI load successful
2026-09-12 16:41 - INFO - Profile : Supervisor
2026-09-12 16:41 - INFO - Galvo Laser Shutdown
2026-09-12 16:41 - CRITICAL - Laser 1 : OFF
2026-09-12 16:41 - CRITICAL - Laser 2 : OFF
2026-09-12 16:41 - INFO - Stepper Lasers Shutdown
2026-09-12 16:41 - INFO - COM connection close successfully
2026-09-12 16:41 - INFO - Main window close successfully
2026-09-12 16:41 - INFO - ==================================================
2026-09-12 16:41 - INFO - New session close at 2026-09-12 16:41
2026-09-12 16:41 - INFO - ==================================================
2026-09-12 16:43 - INFO - UI load successful
2026-09-12 16:43 - INFO - Profile : Supervisor
2026-09-12 16:46 - INFO - UI load successful
2026-09-12 16:46 - INFO - Profile : Supervisor
2026-09-12 16:49 - INFO - Galvo Laser Shutdown
2026-09-12 16:49 - CRITICAL - Laser 1 : OFF
2026-09-12 16:49 - CRITICAL - Laser 2 : OFF
2026-09-12 16:49 - INFO - Stepper Lasers Shutdown
2026-09-12 16:49 - INFO - COM connection close successfully
2026-09-12 16:49 - INFO - Main window close successfully
2026-09-12 16:49 - INFO - ==================================================
2026-09-12 16:49 - INFO - New session close at 2026-09-12 16:49
2026-09-12 16:49 - INFO - ==================================================
2026-09-12 16:49 - INFO - UI load successful
2026-09-12 16:49 - INFO - Profile : Supervisor
2026-09-12 16:50 - INFO - Galvo Laser Shutdown
2026-09-12 16:50 - CRITICAL - Laser 1 : OFF
2026-09-12 16:50 - CRITICAL - Laser 2 : OFF
2026-09-12 16:50 - INFO - Stepper Lasers Shutdown
2026-09-12 16:50 - INFO - COM connection close successfully
2026-09-12 16:50 - INFO - Main window close successfully
2026-09-12 16:50 - INFO - ==================================================
2026-09-12 16:50 - INFO - New session close at 2026-09-12 16:50
2026-09-12 16:50 - INFO - ==================================================
2026-09-12 16:50 - INFO - UI load successful
2026-09-12 16:50 - INFO - Profile : Supervisor
2026-09-12 16:51 - INFO - Galvo Laser Shutdown
2026-09-12 16:51 - CRITICAL - Laser 1 : OFF
2026-09-12 16:51 - CRITICAL - Laser 2 : OFF
2026-09-12 16:51 - INFO - Stepper Lasers Shutdown
2026-09-12 16:51 - INFO - COM connection close successfully
2026-09-12 16:51 - INFO - Main window close successfully
2026-09-12 16:51 - INFO - ==================================================
2026-09-12 16:51 - INFO - New session close at 2026-09-12 16:51
2026-09-12 16:51 - INFO - ==================================================
2026-09-12 16:53 - INFO - UI load successful
2026-09-12 16:53 - INFO - Profile : Supervisor
2026-09-12 16:55 - INFO - UI load successful
2026-09-12 16:55 - INFO - Galvo Laser Shutdown
2026-09-12 16:55 - CRITICAL - Laser 1 : OFF
2026-09-12 16:55 - CRITICAL - Laser 2 : OFF
2026-09-12 16:55 - INFO - Stepper Lasers Shutdown
2026-09-12 16:55 - INFO - COM connection close successfully
2026-09-12 16:55 - INFO - Main window close successfully
2026-09-12 16:55 - INFO - ==================================================
2026-09-12 16:55 - INFO - New session close at 2026-09-12 16:55
2026-09-12 16:55 - INFO - ==================================================
2026-09-12 16:55 - INFO - UI load successful
2026-09-12 16:56 - INFO - Profile : Supervisor
2026-09-12 16:56 - INFO - Galvo Laser Shutdown
2026-09-12 16:56 - CRITICAL - Laser 1 : OFF
2026-09-12 16:56 - CRITICAL - Laser 2 : OFF
2026-09-12 16:56 - INFO - Stepper Lasers Shutdown
2026-09-12 16:56 - INFO - COM connection close successfully
2026-09-12 16:56 - INFO - Main window close successfully
2026-09-12 16:56 - INFO - ==================================================
2026-09-12 16:56 - INFO - New session close at 2026-09-12 16:56
2026-09-12 16:56 - INFO - ==================================================
2026-09-12 16:57 - INFO - UI load successful
2026-09-12 16:57 - INFO - Profile : Supervisor
2026-09-12 17:13 - INFO - Galvo Laser Shutdown
2026-09-12 17:13 - CRITICAL - Laser 1 : OFF
2026-09-12 17:13 - CRITICAL - Laser 2 : OFF
2026-09-12 17:13 - INFO - Stepper Lasers Shutdown
2026-09-12 17:13 - INFO - COM connection close successfully
2026-09-12 17:13 - INFO - Main window close successfully
2026-09-12 17:13 - INFO - ==================================================
2026-09-12 17:13 - INFO - New session close at 2026-09-12 17:13
2026-09-12 17:13 - INFO - ==================================================
2026-09-12 17:13 - INFO - UI load successful
2026-09-12 17:13 - WARNING - Failed login attempt for user: Supervisor
2026-09-12 17:14 - INFO - Profile : Supervisor
2026-09-12 17:30 - INFO - File selected : D:/DLL_Galvo/Merger/Galvo_10092026/40mm_square.svg
2026-09-12 17:30 - INFO - Parameters saved for D:/DLL_Galvo/Merger/Galvo_10092026/40mm_square.svg
2026-09-12 17:30 - INFO - Parameters saved for D:/DLL_Galvo/Merger/Galvo_10092026/40mm_square.svg
2026-09-12 17:32 - INFO - Profile : Supervisor
2026-09-12 17:36 - INFO - Galvo Laser Shutdown
2026-09-12 17:36 - CRITICAL - Laser 1 : OFF
2026-09-12 17:36 - CRITICAL - Laser 2 : OFF
2026-09-12 17:36 - INFO - Stepper Lasers Shutdown
2026-09-12 17:36 - INFO - COM connection close successfully
2026-09-12 17:36 - INFO - Main window close successfully
2026-09-12 17:36 - INFO - ==================================================
2026-09-12 17:36 - INFO - New session close at 2026-09-12 17:36
2026-09-12 17:36 - INFO - ==================================================
2026-09-12 17:36 - INFO - UI load successful
2026-09-12 17:36 - INFO - Profile : Supervisor
2026-09-12 17:39 - INFO - Galvo Laser Shutdown
2026-09-12 17:39 - CRITICAL - Laser 1 : OFF
2026-09-12 17:39 - CRITICAL - Laser 2 : OFF
2026-09-12 17:39 - INFO - Stepper Lasers Shutdown
2026-09-12 17:39 - INFO - COM connection close successfully
2026-09-12 17:39 - INFO - Main window close successfully
2026-09-12 17:39 - INFO - ==================================================
2026-09-12 17:39 - INFO - New session close at 2026-09-12 17:39
2026-09-12 17:39 - INFO - ==================================================
2026-09-12 17:41 - INFO - UI load successful
2026-09-12 17:41 - INFO - Profile : Supervisor
2026-09-12 18:27 - INFO - UI load successful
2026-09-12 18:28 - INFO - Profile : Supervisor
2026-09-12 18:28 - INFO - File selected : D:/GitHub/RuthvijR-ES/WORKS/sppl-server/Galvo_10092026/40mm_square.svg
2026-09-12 18:28 - INFO - Parameters saved for D:/GitHub/RuthvijR-ES/WORKS/sppl-server/Galvo_10092026/40mm_square.svg
2026-09-12 18:28 - INFO - Parameters saved for D:/GitHub/RuthvijR-ES/WORKS/sppl-server/Galvo_10092026/40mm_square.svg
2026-09-12 18:47 - INFO - UI load successful
2026-09-12 18:47 - INFO - File selected : D:/GitHub/RuthvijR-ES/WORKS/sppl-server/Galvo_10092026/40mm_square.svg
2026-09-12 18:47 - INFO - Parameters saved for D:/GitHub/RuthvijR-ES/WORKS/sppl-server/Galvo_10092026/40mm_square.svg
2026-09-12 18:49 - INFO - File selected : D:/GitHub/RuthvijR-ES/WORKS/sppl-server/Galvo_10092026/80mm_square.svg
2026-09-12 18:49 - INFO - Parameters saved for D:/GitHub/RuthvijR-ES/WORKS/sppl-server/Galvo_10092026/80mm_square.svg
2026-09-12 18:51 - INFO - File selected : D:/GitHub/RuthvijR-ES/WORKS/sppl-server/Galvo_10092026/svg_files/ide2.svg
2026-09-12 18:51 - INFO - Parameters saved for D:/GitHub/RuthvijR-ES/WORKS/sppl-server/Galvo_10092026/svg_files/ide2.svg
2026-09-12 18:54 - INFO - Galvo Laser Shutdown
2026-09-12 18:54 - CRITICAL - Laser 1 : OFF
2026-09-12 18:54 - CRITICAL - Laser 2 : OFF
2026-09-12 18:54 - INFO - Stepper Lasers Shutdown
2026-09-12 18:54 - INFO - COM connection close successfully
2026-09-12 18:54 - INFO - Main window close successfully
2026-09-12 18:54 - INFO - ==================================================
2026-09-12 18:54 - INFO - New session close at 2026-09-12 18:54
2026-09-12 18:54 - INFO - ==================================================
2026-09-12 19:01 - INFO - UI load successful
2026-09-12 19:02 - INFO - Profile : Supervisor
2026-09-12 19:03 - INFO - File selected : E:/Patterning_Machine(Galvo)/Files/MF device 250 micron channel.dxf
2026-09-12 19:03 - INFO - Parameters saved for E:/Patterning_Machine(Galvo)/Files/MF device 250 micron channel.dxf
2026-09-12 19:06 - INFO - File selected : D:/GitHub/RuthvijR-ES/WORKS/sppl-server/Galvo_10092026/80mm_square.svg
2026-09-12 19:06 - INFO - Parameters saved for D:/GitHub/RuthvijR-ES/WORKS/sppl-server/Galvo_10092026/80mm_square.svg
2026-09-12 19:08 - INFO - File selected : E:/Patterning_Machine(Galvo)/Files/Difficult/uwPfi-cool-women-face-decorative-art-design.dxf
2026-09-12 19:08 - INFO - Parameters saved for E:/Patterning_Machine(Galvo)/Files/Difficult/uwPfi-cool-women-face-decorative-art-design.dxf
2026-09-12 19:10 - INFO - File selected : E:/Patterning_Machine(Galvo)/Files/Difficult/uwPfi-cool-women-face-decorative-art-design.dxf
2026-09-12 19:10 - INFO - File selected : E:/Patterning_Machine(Galvo)/Files/Difficult/nReDT-bird-floral-flying-wall-decor-home-decoration.dxf
2026-09-12 19:10 - INFO - Parameters saved for E:/Patterning_Machine(Galvo)/Files/Difficult/nReDT-bird-floral-flying-wall-decor-home-decoration.dxf
2026-09-12 19:15 - INFO - File selected : E:/Patterning_Machine(Galvo)/Files/concentric_circles-20260831173907.dxf
2026-09-12 19:15 - INFO - Parameters saved for E:/Patterning_Machine(Galvo)/Files/concentric_circles-20260831173907.dxf
2026-09-12 19:16 - INFO - File selected : D:/EXPRESS/Downloads/72mm Array.dxf
2026-09-12 19:16 - INFO - Parameters saved for D:/EXPRESS/Downloads/72mm Array.dxf
2026-09-12 19:22 - INFO - Galvo Laser Shutdown
2026-09-12 19:22 - CRITICAL - Laser 1 : OFF
2026-09-12 19:22 - CRITICAL - Laser 2 : OFF
2026-09-12 19:22 - INFO - Stepper Lasers Shutdown
2026-09-12 19:22 - INFO - COM connection close successfully
2026-09-12 19:22 - INFO - Main window close successfully
2026-09-12 19:22 - INFO - ==================================================
2026-09-12 19:22 - INFO - New session close at 2026-09-12 19:22
2026-09-12 19:22 - INFO - ==================================================
2026-09-12 19:25 - INFO - UI load successful
2026-09-12 19:25 - INFO - Profile : Supervisor
2026-09-12 19:27 - INFO - File selected : D:/GitHub/RuthvijR-ES/WORKS/sppl-server/Galvo_10092026/MF device 250 micron channel.dxf
2026-09-12 19:27 - INFO - Parameters saved for D:/GitHub/RuthvijR-ES/WORKS/sppl-server/Galvo_10092026/MF device 250 micron channel.dxf
2026-09-12 19:28 - INFO - Parameters saved for D:/GitHub/RuthvijR-ES/WORKS/sppl-server/Galvo_10092026/MF device 250 micron channel.dxf
2026-09-12 19:28 - INFO - Galvo Laser Shutdown
2026-09-12 19:28 - CRITICAL - Laser 1 : OFF
2026-09-12 19:28 - CRITICAL - Laser 2 : OFF
2026-09-12 19:28 - INFO - Stepper Lasers Shutdown
2026-09-12 19:28 - INFO - COM connection close successfully
2026-09-12 19:28 - INFO - Main window close successfully
2026-09-12 19:28 - INFO - ==================================================
2026-09-12 19:28 - INFO - New session close at 2026-09-12 19:28
2026-09-12 19:28 - INFO - ==================================================
2026-09-12 19:31 - INFO - UI load successful
2026-09-12 19:31 - INFO - Profile : Supervisor
2026-09-12 19:31 - INFO - File selected : D:/GitHub/RuthvijR-ES/WORKS/sppl-server/Galvo_10092026/40mm_square.svg
2026-09-12 19:32 - INFO - Parameters saved for D:/GitHub/RuthvijR-ES/WORKS/sppl-server/Galvo_10092026/40mm_square.svg
2026-09-12 19:32 - INFO - File selected : D:/GitHub/RuthvijR-ES/WORKS/sppl-server/Galvo_10092026/MF device 250 micron channel.dxf
2026-09-12 19:32 - INFO - Parameters saved for D:/GitHub/RuthvijR-ES/WORKS/sppl-server/Galvo_10092026/MF device 250 micron channel.dxf
2026-09-12 19:32 - INFO - File selected : E:/Patterning_Machine(Galvo)/Files/Difficult/nReDT-bird-floral-flying-wall-decor-home-decoration.dxf
2026-09-12 19:32 - INFO - Parameters saved for E:/Patterning_Machine(Galvo)/Files/Difficult/nReDT-bird-floral-flying-wall-decor-home-decoration.dxf
2026-09-12 19:32 - INFO - File selected : E:/Patterning_Machine(Galvo)/Files/Difficult/uwPfi-cool-women-face-decorative-art-design.dxf
2026-09-12 19:32 - INFO - Parameters saved for E:/Patterning_Machine(Galvo)/Files/Difficult/uwPfi-cool-women-face-decorative-art-design.dxf
2026-09-12 19:33 - INFO - >> Hardware Trigger: DI1 (Start) Pressed!
2026-09-12 19:33 - INFO - >> Hardware Trigger: DI1 (Start) Not Pressed!
2026-09-12 19:33 - INFO - File selected : E:/Patterning_Machine(Galvo)/Files/40mm_square.svg
2026-09-12 19:33 - INFO - Parameters saved for E:/Patterning_Machine(Galvo)/Files/40mm_square.svg
2026-09-12 19:34 - INFO - Galvo Laser Shutdown
2026-09-12 19:34 - CRITICAL - Laser 1 : OFF
2026-09-12 19:34 - CRITICAL - Laser 2 : OFF
2026-09-12 19:34 - INFO - Stepper Lasers Shutdown
2026-09-12 19:34 - INFO - COM connection close successfully
2026-09-12 19:34 - INFO - Main window close successfully
2026-09-12 19:34 - INFO - ==================================================
2026-09-12 19:34 - INFO - New session close at 2026-09-12 19:34
2026-09-12 19:34 - INFO - ==================================================
2026-09-21 11:05 - INFO - UI load successful
2026-09-21 11:08 - INFO - Profile : Supervisor
2026-09-21 11:11 - INFO - UI load successful
2026-09-21 11:13 - INFO - Profile : Supervisor
2026-09-21 11:16 - INFO - File selected : D:/GitHub/RuthvijR-ES/WORKS/sppl-server/Galvo_10092026/MF device 250 micron channel.dxf
2026-09-21 11:16 - INFO - Parameters saved for D:/GitHub/RuthvijR-ES/WORKS/sppl-server/Galvo_10092026/MF device 250 micron channel.dxf
2026-09-21 11:29 - INFO - File selected : D:/EXPRESS/Downloads/star_mandala_40x40_pure.dxf
2026-09-21 11:29 - INFO - Parameters saved for D:/EXPRESS/Downloads/star_mandala_40x40_pure.dxf
2026-09-21 11:34 - INFO - File selected : D:/EXPRESS/Downloads/nReDT-bird-floral-flying-wall-decor-home-decoration.dxf
2026-09-21 11:34 - INFO - Parameters saved for D:/EXPRESS/Downloads/nReDT-bird-floral-flying-wall-decor-home-decoration.dxf
2026-09-21 11:51 - INFO - Galvo Laser Shutdown
2026-09-21 11:51 - CRITICAL - Laser 1 : OFF
2026-09-21 11:51 - CRITICAL - Laser 2 : OFF
2026-09-21 11:51 - INFO - Stepper Lasers Shutdown
2026-09-21 11:51 - INFO - COM connection close successfully
2026-09-21 11:51 - INFO - Main window close successfully
2026-09-21 11:51 - INFO - ==================================================
2026-09-21 11:51 - INFO - New session close at 2026-09-21 11:51
2026-09-21 11:51 - INFO - ==================================================
2026-09-21 11:54 - INFO - UI load successful
2026-09-21 11:54 - INFO - Close event ignored.
2026-09-21 11:54 - INFO - Galvo Laser Shutdown
2026-09-21 11:54 - CRITICAL - Laser 1 : OFF
2026-09-21 11:54 - CRITICAL - Laser 2 : OFF
2026-09-21 11:54 - INFO - Stepper Lasers Shutdown
2026-09-21 11:54 - INFO - COM connection close successfully
2026-09-21 11:54 - INFO - Main window close successfully
2026-09-21 11:54 - INFO - ==================================================
2026-09-21 11:54 - INFO - New session close at 2026-09-21 11:54
2026-09-21 11:54 - INFO - ==================================================
2026-09-21 11:54 - INFO - >> Hardware Trigger: DI1 (Start) Pressed!
2026-09-21 11:54 - INFO - >> Hardware Trigger: DI2 (Abort) Pressed!
2026-09-21 12:29 - INFO - UI load successful
2026-09-21 12:31 - INFO - Galvo Laser Shutdown
2026-09-21 12:31 - CRITICAL - Laser 1 : OFF
2026-09-21 12:31 - CRITICAL - Laser 2 : OFF
2026-09-21 12:31 - INFO - Stepper Lasers Shutdown
2026-09-21 12:31 - INFO - COM connection close successfully
2026-09-21 12:31 - INFO - Main window close successfully
2026-09-21 12:31 - INFO - ==================================================
2026-09-21 12:31 - INFO - New session close at 2026-09-21 12:31
2026-09-21 12:31 - INFO - ==================================================
2026-09-21 12:36 - INFO - UI load successful
2026-09-21 12:51 - INFO - Galvo Laser Shutdown
2026-09-21 12:51 - CRITICAL - Laser 1 : OFF
2026-09-21 12:51 - CRITICAL - Laser 2 : OFF
2026-09-21 12:51 - INFO - Stepper Lasers Shutdown
2026-09-21 12:51 - INFO - COM connection close successfully
2026-09-21 12:51 - INFO - Main window close successfully
2026-09-21 12:51 - INFO - ==================================================
2026-09-21 12:51 - INFO - New session close at 2026-09-21 12:51
2026-09-21 12:51 - INFO - ==================================================
2026-09-21 12:53 - INFO - UI load successful
2026-09-21 13:09 - INFO - Galvo Laser Shutdown
2026-09-21 13:09 - CRITICAL - Laser 1 : OFF
2026-09-21 13:09 - CRITICAL - Laser 2 : OFF
2026-09-21 13:09 - INFO - Stepper Lasers Shutdown
2026-09-21 13:09 - INFO - COM connection close successfully
2026-09-21 13:09 - INFO - Main window close successfully
2026-09-21 13:09 - INFO - ==================================================
2026-09-21 13:09 - INFO - New session close at 2026-09-21 13:09
2026-09-21 13:09 - INFO - ==================================================
2026-09-21 13:09 - INFO - UI load successful
2026-09-21 13:13 - INFO - Galvo Laser Shutdown
2026-09-21 13:13 - CRITICAL - Laser 1 : OFF
2026-09-21 13:13 - CRITICAL - Laser 2 : OFF
2026-09-21 13:13 - INFO - Stepper Lasers Shutdown
2026-09-21 13:13 - INFO - COM connection close successfully
2026-09-21 13:13 - INFO - Main window close successfully
2026-09-21 13:13 - INFO - ==================================================
2026-09-21 13:13 - INFO - New session close at 2026-09-21 13:13
2026-09-21 13:13 - INFO - ==================================================
2026-09-21 13:14 - INFO - UI load successful
2026-09-21 13:30 - INFO - Galvo Laser Shutdown
2026-09-21 13:30 - CRITICAL - Laser 1 : OFF
2026-09-21 13:30 - CRITICAL - Laser 2 : OFF
2026-09-21 13:30 - INFO - Stepper Lasers Shutdown
2026-09-21 13:30 - INFO - COM connection close successfully
2026-09-21 13:30 - INFO - Main window close successfully
2026-09-21 13:30 - INFO - ==================================================
2026-09-21 13:30 - INFO - New session close at 2026-09-21 13:30
2026-09-21 13:30 - INFO - ==================================================
2026-09-21 13:30 - INFO - UI load successful
2026-09-21 13:31 - INFO - Profile : Supervisor
2026-09-21 13:33 - INFO - File selected : D:/Galvo_10092026/40mm_square.svg
2026-09-21 13:33 - INFO - Parameters saved for D:/Galvo_10092026/40mm_square.svg
2026-09-21 13:35 - INFO - Galvo Laser Shutdown
2026-09-21 13:35 - CRITICAL - Laser 1 : OFF
2026-09-21 13:35 - CRITICAL - Laser 2 : OFF
2026-09-21 13:35 - INFO - Stepper Lasers Shutdown
2026-09-21 13:35 - INFO - COM connection close successfully
2026-09-21 13:35 - INFO - Main window close successfully
2026-09-21 13:35 - INFO - ==================================================
2026-09-21 13:35 - INFO - New session close at 2026-09-21 13:35
2026-09-21 13:35 - INFO - ==================================================
2026-09-21 16:51 - INFO - UI load successful
2026-09-21 16:52 - INFO - File selected : D:/Galvo_10092026/40mm_square.svg
2026-09-21 16:52 - INFO - Parameters saved for D:/Galvo_10092026/40mm_square.svg
2026-09-21 16:52 - CRITICAL - Laser 1 : OFF
2026-09-21 16:52 - CRITICAL - Laser 2 : OFF
2026-09-21 16:52 - INFO - Stepper Lasers Shutdown
2026-09-21 16:52 - INFO - COM connection close successfully
2026-09-21 16:52 - INFO - Main window close successfully
2026-09-21 16:52 - INFO - ==================================================
2026-09-21 16:52 - INFO - New session close at 2026-09-21 16:52
2026-09-21 16:52 - INFO - ==================================================
2026-09-21 16:52 - INFO - UI load successful
2026-09-21 16:53 - INFO - File selected : D:/Galvo_10092026/40mm_square.svg
2026-09-21 16:53 - INFO - Parameters saved for D:/Galvo_10092026/40mm_square.svg
2026-09-21 16:54 - INFO - Parameters saved for D:/Galvo_10092026/40mm_square.svg
2026-09-21 16:55 - WARNING - Failed login attempt for user: Supervisor
2026-09-21 16:55 - INFO - Profile : Supervisor
2026-09-21 16:56 - INFO - Galvo Laser Shutdown
2026-09-21 16:56 - CRITICAL - Laser 1 : OFF
2026-09-21 16:56 - CRITICAL - Laser 2 : OFF
2026-09-21 16:56 - INFO - Stepper Lasers Shutdown
2026-09-21 16:56 - INFO - COM connection close successfully
2026-09-21 16:56 - INFO - Main window close successfully
2026-09-21 16:56 - INFO - ==================================================
2026-09-21 16:56 - INFO - New session close at 2026-09-21 16:56
2026-09-21 16:56 - INFO - ==================================================
2026-09-21 17:05 - INFO - UI load successful
2026-09-21 17:06 - INFO - Profile : Supervisor
2026-09-21 17:07 - INFO - Galvo Laser Shutdown
2026-09-21 17:07 - CRITICAL - Laser 1 : OFF
2026-09-21 17:07 - CRITICAL - Laser 2 : OFF
2026-09-21 17:07 - INFO - Stepper Lasers Shutdown
2026-09-21 17:07 - INFO - COM connection close successfully
2026-09-21 17:07 - INFO - Main window close successfully
2026-09-21 17:07 - INFO - ==================================================
2026-09-21 17:07 - INFO - New session close at 2026-09-21 17:07
2026-09-21 17:07 - INFO - ==================================================
2026-09-21 17:08 - INFO - UI load successful
2026-09-21 17:08 - INFO - Profile : Supervisor
2026-09-21 17:20 - INFO - Galvo Laser Shutdown
2026-09-21 17:20 - CRITICAL - Laser 1 : OFF
2026-09-21 17:20 - CRITICAL - Laser 2 : OFF
2026-09-21 17:20 - INFO - Stepper Lasers Shutdown
2026-09-21 17:20 - INFO - COM connection close successfully
2026-09-21 17:20 - INFO - Main window close successfully
2026-09-21 17:20 - INFO - ==================================================
2026-09-21 17:20 - INFO - New session close at 2026-09-21 17:20
2026-09-21 17:20 - INFO - ==================================================
2026-09-21 17:20 - INFO - UI load successful
2026-09-21 17:21 - INFO - Profile : Supervisor
2026-09-21 17:23 - INFO - File selected : D:/Galvo_10092026/40mm_square.svg
2026-09-21 17:24 - INFO - Parameters saved for D:/Galvo_10092026/40mm_square.svg
2026-09-21 17:25 - INFO - Parameters saved for D:/Galvo_10092026/40mm_square.svg
2026-09-21 17:35 - INFO - Galvo Laser Shutdown
2026-09-21 17:35 - CRITICAL - Laser 1 : OFF
2026-09-21 17:35 - CRITICAL - Laser 2 : OFF
2026-09-21 17:35 - INFO - Stepper Lasers Shutdown
2026-09-21 17:35 - INFO - COM connection close successfully
2026-09-21 17:35 - INFO - Main window close successfully
2026-09-21 17:35 - INFO - ==================================================
2026-09-21 17:35 - INFO - New session close at 2026-09-21 17:35
2026-09-21 17:35 - INFO - ==================================================
2026-09-21 17:36 - INFO - UI load successful
2026-09-21 17:36 - INFO - File selected : D:/Galvo_10092026/40mm_square.svg
2026-09-21 17:36 - INFO - Parameters saved for D:/Galvo_10092026/40mm_square.svg
2026-09-21 17:36 - INFO - Galvo Laser Shutdown
2026-09-21 17:36 - CRITICAL - Laser 1 : OFF
2026-09-21 17:36 - CRITICAL - Laser 2 : OFF
2026-09-21 17:36 - INFO - Stepper Lasers Shutdown
2026-09-21 17:36 - INFO - COM connection close successfully
2026-09-21 17:36 - INFO - Main window close successfully
2026-09-21 17:36 - INFO - ==================================================
2026-09-21 17:36 - INFO - New session close at 2026-09-21 17:36
2026-09-21 17:36 - INFO - ==================================================
2026-09-21 17:37 - INFO - UI load successful
2026-09-21 17:37 - INFO - File selected : D:/Galvo_10092026/40mm_square.svg
2026-09-21 17:37 - INFO - Parameters saved for D:/Galvo_10092026/40mm_square.svg
2026-09-21 17:38 - INFO - Galvo Laser Shutdown
2026-09-21 17:38 - CRITICAL - Laser 1 : OFF
2026-09-21 17:38 - CRITICAL - Laser 2 : OFF
2026-09-21 17:38 - INFO - Stepper Lasers Shutdown
2026-09-21 17:38 - INFO - COM connection close successfully
2026-09-21 17:38 - INFO - Main window close successfully
2026-09-21 17:38 - INFO - ==================================================
2026-09-21 17:38 - INFO - New session close at 2026-09-21 17:38
2026-09-21 17:38 - INFO - ==================================================
2026-09-21 17:39 - INFO - UI load successful
2026-09-21 17:39 - INFO - File selected : D:/Galvo_10092026/40mm_square.svg
2026-09-21 17:39 - INFO - Parameters saved for D:/Galvo_10092026/40mm_square.svg
2026-09-21 17:42 - INFO - Galvo Laser Shutdown
2026-09-21 17:42 - CRITICAL - Laser 1 : OFF
2026-09-21 17:42 - CRITICAL - Laser 2 : OFF
2026-09-21 17:42 - INFO - Stepper Lasers Shutdown
2026-09-21 17:42 - INFO - COM connection close successfully
2026-09-21 17:42 - INFO - Main window close successfully
2026-09-21 17:42 - INFO - ==================================================
2026-09-21 17:42 - INFO - New session close at 2026-09-21 17:42
2026-09-21 17:42 - INFO - ==================================================
2026-09-21 17:43 - INFO - UI load successful
2026-09-21 17:43 - INFO - Profile : Supervisor
2026-09-21 17:43 - INFO - File selected : D:/Galvo_10092026/40mm_square.svg
2026-09-21 17:43 - INFO - Parameters saved for D:/Galvo_10092026/40mm_square.svg
2026-09-21 17:54 - INFO - File selected : D:/EXPRESS/Downloads/Mask1.3.dxf
2026-09-21 17:54 - INFO - Parameters saved for D:/EXPRESS/Downloads/Mask1.3.dxf
2026-09-21 17:54 - INFO - Parameters saved for D:/EXPRESS/Downloads/Mask1.3.dxf
2026-09-21 17:54 - INFO - File selected : D:/EXPRESS/Downloads/serpentine_design_40mm.dxf
2026-09-21 17:54 - INFO - Parameters saved for D:/EXPRESS/Downloads/serpentine_design_40mm.dxf
2026-09-21 17:54 - INFO - File selected : D:/EXPRESS/Downloads/concentric_circles.dxf
2026-09-21 17:54 - INFO - Parameters saved for D:/EXPRESS/Downloads/concentric_circles.dxf
2026-09-21 17:54 - INFO - Parameters saved for D:/EXPRESS/Downloads/concentric_circles.dxf
2026-09-21 17:55 - INFO - File selected : D:/EXPRESS/Downloads/star_mandala_40x40_pure.dxf
2026-09-21 17:55 - INFO - Parameters saved for D:/EXPRESS/Downloads/star_mandala_40x40_pure.dxf
2026-09-21 17:57 - INFO - Galvo Laser Shutdown
2026-09-21 17:57 - CRITICAL - Laser 1 : OFF
2026-09-21 17:57 - CRITICAL - Laser 2 : OFF
2026-09-21 17:57 - INFO - Stepper Lasers Shutdown
2026-09-21 17:57 - INFO - COM connection close successfully
2026-09-21 17:57 - INFO - Main window close successfully
2026-09-21 17:57 - INFO - ==================================================
2026-09-21 17:57 - INFO - New session close at 2026-09-21 17:57
2026-09-21 17:57 - INFO - ==================================================
2026-09-22 11:01 - INFO - UI load successful
2026-09-22 11:15 - CRITICAL - Laser 1 : OFF
2026-09-22 11:15 - CRITICAL - Laser 2 : OFF
2026-09-22 11:15 - INFO - Stepper Lasers Shutdown
2026-09-22 11:15 - INFO - COM connection close successfully
2026-09-22 11:15 - INFO - Main window close successfully
2026-09-22 11:15 - INFO - ==================================================
2026-09-22 11:15 - INFO - New session close at 2026-09-22 11:15
2026-09-22 11:15 - INFO - ==================================================
2026-09-22 11:15 - INFO - UI load successful
2026-09-22 11:15 - CRITICAL - Laser 1 : OFF
2026-09-22 11:15 - CRITICAL - Laser 2 : OFF
2026-09-22 11:15 - INFO - Stepper Lasers Shutdown
2026-09-22 11:15 - INFO - COM connection close successfully
2026-09-22 11:15 - INFO - Main window close successfully
2026-09-22 11:15 - INFO - ==================================================
2026-09-22 11:15 - INFO - New session close at 2026-09-22 11:15
2026-09-22 11:15 - INFO - ==================================================
2026-09-22 11:15 - INFO - UI load successful
2026-09-22 11:16 - INFO - Profile : Supervisor
2026-09-22 11:16 - CRITICAL - Laser 1 : OFF
2026-09-22 11:16 - CRITICAL - Laser 2 : OFF
2026-09-22 11:16 - INFO - Stepper Lasers Shutdown
2026-09-22 11:16 - INFO - COM connection close successfully
2026-09-22 11:16 - INFO - Main window close successfully
2026-09-22 11:16 - INFO - ==================================================
2026-09-22 11:16 - INFO - New session close at 2026-09-22 11:16
2026-09-22 11:16 - INFO - ==================================================
2026-09-22 11:16 - INFO - UI load successful
2026-09-22 11:16 - CRITICAL - Laser 1 : OFF
2026-09-22 11:16 - CRITICAL - Laser 2 : OFF
2026-09-22 11:16 - INFO - Stepper Lasers Shutdown
2026-09-22 11:16 - INFO - COM connection close successfully
2026-09-22 11:16 - INFO - Main window close successfully
2026-09-22 11:16 - INFO - ==================================================
2026-09-22 11:16 - INFO - New session close at 2026-09-22 11:16
2026-09-22 11:16 - INFO - ==================================================
2026-09-22 11:17 - INFO - UI load successful
2026-09-22 11:17 - CRITICAL - Laser 1 : OFF
2026-09-22 11:17 - CRITICAL - Laser 2 : OFF
2026-09-22 11:17 - INFO - Stepper Lasers Shutdown
2026-09-22 11:17 - INFO - COM connection close successfully
2026-09-22 11:17 - INFO - Main window close successfully
2026-09-22 11:17 - INFO - ==================================================
2026-09-22 11:17 - INFO - New session close at 2026-09-22 11:17
2026-09-22 11:17 - INFO - ==================================================
2026-09-22 11:17 - INFO - UI load successful
2026-09-22 11:17 - CRITICAL - Laser 1 : OFF
2026-09-22 11:17 - CRITICAL - Laser 2 : OFF
2026-09-22 11:17 - INFO - Stepper Lasers Shutdown
2026-09-22 11:17 - INFO - COM connection close successfully
2026-09-22 11:17 - INFO - Main window close successfully
2026-09-22 11:17 - INFO - ==================================================
2026-09-22 11:17 - INFO - New session close at 2026-09-22 11:17
2026-09-22 11:17 - INFO - ==================================================
2026-09-22 11:18 - INFO - UI load successful
2026-09-22 11:18 - INFO - Profile : Supervisor
2026-09-22 11:20 - INFO - Galvo Laser Shutdown
2026-09-22 11:20 - CRITICAL - Laser 1 : OFF
2026-09-22 11:20 - CRITICAL - Laser 2 : OFF
2026-09-22 11:20 - INFO - Stepper Lasers Shutdown
2026-09-22 11:20 - INFO - COM connection close successfully
2026-09-22 11:20 - INFO - Main window close successfully
2026-09-22 11:20 - INFO - ==================================================
2026-09-22 11:20 - INFO - New session close at 2026-09-22 11:20
2026-09-22 11:20 - INFO - ==================================================
2026-09-22 11:22 - INFO - UI load successful
2026-09-22 11:22 - INFO - Profile : Supervisor
2026-09-22 12:48 - INFO - Close event ignored.
2026-09-22 12:48 - INFO - Galvo Laser Shutdown
2026-09-22 12:48 - CRITICAL - Laser 1 : OFF
2026-09-22 12:48 - CRITICAL - Laser 2 : OFF
2026-09-22 12:48 - INFO - Stepper Lasers Shutdown
2026-09-22 12:48 - INFO - COM connection close successfully
2026-09-22 12:48 - INFO - Main window close successfully
2026-09-22 12:48 - INFO - ==================================================
2026-09-22 12:48 - INFO - New session close at 2026-09-22 12:48
2026-09-22 12:48 - INFO - ==================================================
2026-09-22 12:49 - INFO - UI load successful
2026-09-22 12:49 - INFO - Profile : Supervisor
2026-09-22 12:55 - INFO - Galvo Laser Shutdown
2026-09-22 12:55 - CRITICAL - Laser 1 : OFF
2026-09-22 12:55 - CRITICAL - Laser 2 : OFF
2026-09-22 12:55 - INFO - Stepper Lasers Shutdown
2026-09-22 12:55 - INFO - COM connection close successfully
2026-09-22 12:55 - INFO - Main window close successfully
2026-09-22 12:55 - INFO - ==================================================
2026-09-22 12:55 - INFO - New session close at 2026-09-22 12:55
2026-09-22 12:55 - INFO - ==================================================
2026-09-22 12:55 - INFO - UI load successful
2026-09-22 12:56 - INFO - Profile : Supervisor
2026-09-22 12:57 - INFO - File selected : D:/Atharva/Galvo_Scribber/Galvo_22092026/40mm_square.svg
2026-09-22 12:57 - INFO - Parameters saved for D:/Atharva/Galvo_Scribber/Galvo_22092026/40mm_square.svg
2026-09-22 12:59 - INFO - >> Hardware Trigger: DI1 (Start) Pressed!
2026-09-22 12:59 - INFO - >> Hardware Trigger: DI2 (Abort) Pressed!
2026-09-22 13:00 - INFO - Parameters saved for D:/Atharva/Galvo_Scribber/Galvo_22092026/40mm_square.svg
2026-09-22 13:00 - INFO - Galvo Laser Shutdown
2026-09-22 13:00 - CRITICAL - Laser 1 : OFF
2026-09-22 13:00 - CRITICAL - Laser 2 : OFF
2026-09-22 13:00 - INFO - Stepper Lasers Shutdown
2026-09-22 13:00 - INFO - COM connection close successfully
2026-09-22 13:00 - INFO - Main window close successfully
2026-09-22 13:00 - INFO - ==================================================
2026-09-22 13:00 - INFO - New session close at 2026-09-22 13:00
2026-09-22 13:00 - INFO - ==================================================
2026-09-22 13:00 - INFO - UI load successful
2026-09-22 13:01 - INFO - Profile : Supervisor
2026-09-22 13:05 - INFO - Galvo Laser Shutdown
2026-09-22 13:05 - CRITICAL - Laser 1 : OFF
2026-09-22 13:05 - CRITICAL - Laser 2 : OFF
2026-09-22 13:05 - INFO - Stepper Lasers Shutdown
2026-09-22 13:05 - INFO - COM connection close successfully
2026-09-22 13:05 - INFO - Main window close successfully
2026-09-22 13:05 - INFO - ==================================================
2026-09-22 13:05 - INFO - New session close at 2026-09-22 13:05
2026-09-22 13:05 - INFO - ==================================================
2026-09-22 13:05 - INFO - UI load successful
2026-09-22 13:05 - INFO - Profile : Supervisor
2026-09-22 13:10 - INFO - >> Hardware Trigger: DI1 (Start) Pressed!
2026-09-22 13:10 - INFO - >> Hardware Trigger: DI2 (Abort) Pressed!
2026-09-22 13:11 - INFO - Galvo Laser Shutdown
2026-09-22 13:11 - CRITICAL - Laser 1 : OFF
2026-09-22 13:11 - CRITICAL - Laser 2 : OFF
2026-09-22 13:11 - INFO - Stepper Lasers Shutdown
2026-09-22 13:11 - INFO - COM connection close successfully
2026-09-22 13:11 - INFO - Main window close successfully
2026-09-22 13:11 - INFO - ==================================================
2026-09-22 13:11 - INFO - New session close at 2026-09-22 13:11
2026-09-22 13:11 - INFO - ==================================================
2026-09-22 13:11 - INFO - UI load successful
2026-09-22 13:11 - INFO - Profile : Supervisor
2026-09-22 13:18 - INFO - Galvo Laser Shutdown
2026-09-22 13:18 - CRITICAL - Laser 1 : OFF
2026-09-22 13:18 - CRITICAL - Laser 2 : OFF
2026-09-22 13:18 - INFO - Stepper Lasers Shutdown
2026-09-22 13:18 - INFO - COM connection close successfully
2026-09-22 13:18 - INFO - Main window close successfully
2026-09-22 13:18 - INFO - ==================================================
2026-09-22 13:18 - INFO - New session close at 2026-09-22 13:18
2026-09-22 13:18 - INFO - ==================================================
2026-09-22 13:22 - INFO - UI load successful
2026-09-22 13:22 - INFO - Profile : Supervisor
2026-09-22 16:28 - INFO - UI load successful
2026-09-22 16:28 - INFO - Profile : Supervisor
2026-09-22 16:28 - CRITICAL - Laser 1 : OFF
2026-09-22 16:28 - CRITICAL - Laser 2 : OFF
2026-09-22 16:28 - INFO - Stepper Lasers Shutdown
2026-09-22 16:28 - INFO - COM connection close successfully
2026-09-22 16:28 - INFO - Main window close successfully
2026-09-22 16:28 - INFO - ==================================================
2026-09-22 16:28 - INFO - New session close at 2026-09-22 16:28
2026-09-22 16:28 - INFO - ==================================================
2026-09-22 16:29 - INFO - UI load successful
2026-09-22 16:29 - INFO - Profile : Supervisor
2026-09-22 16:36 - INFO - Galvo Laser Shutdown
2026-09-22 16:36 - CRITICAL - Laser 1 : OFF
2026-09-22 16:36 - CRITICAL - Laser 2 : OFF
2026-09-22 16:36 - INFO - Stepper Lasers Shutdown
2026-09-22 16:36 - INFO - COM connection close successfully
2026-09-22 16:36 - INFO - Main window close successfully
2026-09-22 16:36 - INFO - ==================================================
2026-09-22 16:36 - INFO - New session close at 2026-09-22 16:36
2026-09-22 16:36 - INFO - ==================================================
2026-09-22 16:36 - INFO - UI load successful
2026-09-22 16:36 - INFO - Profile : Supervisor
2026-09-22 16:57 - INFO - >> Hardware Trigger: DI1 (Start) Pressed!
2026-09-22 16:57 - INFO - >> Hardware Trigger: DI2 (Abort) Pressed!
2026-09-22 17:00 - INFO - Galvo Laser Shutdown
2026-09-22 17:00 - CRITICAL - Laser 1 : OFF
2026-09-22 17:00 - CRITICAL - Laser 2 : OFF
2026-09-22 17:00 - INFO - Stepper Lasers Shutdown
2026-09-22 17:00 - INFO - COM connection close successfully
2026-09-22 17:00 - INFO - Main window close successfully
2026-09-22 17:00 - INFO - ==================================================
2026-09-22 17:00 - INFO - New session close at 2026-09-22 17:00
2026-09-22 17:00 - INFO - ==================================================
2026-09-22 17:00 - INFO - UI load successful
2026-09-22 17:00 - INFO - Profile : Supervisor
2026-09-22 17:05 - INFO - File selected : D:/Atharva/Galvo_Scribber/Galvo_22092026/40mm_square.svg
2026-09-22 17:05 - INFO - Parameters saved for D:/Atharva/Galvo_Scribber/Galvo_22092026/40mm_square.svg
2026-09-22 17:06 - INFO - UI load successful
2026-09-22 17:06 - INFO - Profile : Supervisor
2026-09-22 17:23 - INFO - >> Hardware Trigger: DI1 (Start) Pressed!
2026-09-22 17:23 - INFO - >> Hardware Trigger: DI2 (Abort) Pressed!
2026-09-22 17:25 - INFO - Galvo Laser Shutdown
2026-09-22 17:25 - CRITICAL - Laser 1 : OFF
2026-09-22 17:25 - CRITICAL - Laser 2 : OFF
2026-09-22 17:25 - INFO - Stepper Lasers Shutdown
2026-09-22 17:25 - INFO - COM connection close successfully
2026-09-22 17:25 - INFO - Main window close successfully
2026-09-22 17:25 - INFO - ==================================================
2026-09-22 17:25 - INFO - New session close at 2026-09-22 17:25
2026-09-22 17:25 - INFO - ==================================================
2026-09-22 17:25 - INFO - UI load successful
2026-09-22 17:25 - INFO - Profile : Supervisor
2026-09-22 17:28 - INFO - Galvo Laser Shutdown
2026-09-22 17:28 - CRITICAL - Laser 1 : OFF
2026-09-22 17:28 - CRITICAL - Laser 2 : OFF
2026-09-22 17:28 - INFO - Stepper Lasers Shutdown
2026-09-22 17:28 - INFO - COM connection close successfully
2026-09-22 17:28 - INFO - Main window close successfully
2026-09-22 17:28 - INFO - ==================================================
2026-09-22 17:28 - INFO - New session close at 2026-09-22 17:28
2026-09-22 17:28 - INFO - ==================================================
2026-09-22 17:31 - INFO - UI load successful
2026-09-22 17:31 - INFO - Profile : Supervisor
2026-09-22 17:46 - INFO - Galvo Laser Shutdown
2026-09-22 17:46 - CRITICAL - Laser 1 : OFF
2026-09-22 17:46 - CRITICAL - Laser 2 : OFF
2026-09-22 17:46 - INFO - Stepper Lasers Shutdown
2026-09-22 17:46 - INFO - COM connection close successfully
2026-09-22 17:46 - INFO - Main window close successfully
2026-09-22 17:46 - INFO - ==================================================
2026-09-22 17:46 - INFO - New session close at 2026-09-22 17:46
2026-09-22 17:46 - INFO - ==================================================
2026-09-22 17:50 - INFO - UI load successful
2026-09-22 17:50 - INFO - Profile : Supervisor
2026-09-22 17:52 - INFO - Galvo Laser Shutdown
2026-09-22 17:52 - CRITICAL - Laser 1 : OFF
2026-09-22 17:52 - CRITICAL - Laser 2 : OFF
2026-09-22 17:52 - INFO - Stepper Lasers Shutdown
2026-09-22 17:52 - INFO - COM connection close successfully
2026-09-22 17:52 - INFO - Main window close successfully
2026-09-22 17:52 - INFO - ==================================================
2026-09-22 17:52 - INFO - New session close at 2026-09-22 17:52
2026-09-22 17:52 - INFO - ==================================================
2026-09-23 10:18 - INFO - UI load successful
2026-09-23 10:18 - INFO - Galvo Laser Shutdown
2026-09-23 10:18 - CRITICAL - Laser 1 : OFF
2026-09-23 10:18 - CRITICAL - Laser 2 : OFF
2026-09-23 10:18 - INFO - Stepper Lasers Shutdown
2026-09-23 10:18 - INFO - COM connection close successfully
2026-09-23 10:18 - INFO - Main window close successfully
2026-09-23 10:18 - INFO - ==================================================
2026-09-23 10:18 - INFO - New session close at 2026-09-23 10:18
2026-09-23 10:18 - INFO - ==================================================
2026-09-23 10:18 - INFO - UI load successful
2026-09-23 10:19 - INFO - Profile : Supervisor
2026-09-23 10:23 - INFO - Galvo Laser Shutdown
2026-09-23 10:23 - CRITICAL - Laser 1 : OFF
2026-09-23 10:23 - CRITICAL - Laser 2 : OFF
2026-09-23 10:23 - INFO - Stepper Lasers Shutdown
2026-09-23 10:23 - INFO - COM connection close successfully
2026-09-23 10:23 - INFO - Main window close successfully
2026-09-23 10:23 - INFO - ==================================================
2026-09-23 10:23 - INFO - New session close at 2026-09-23 10:23
2026-09-23 10:23 - INFO - ==================================================
2026-09-23 10:23 - INFO - UI load successful
2026-09-23 10:23 - INFO - File selected : D:/Atharva/Galvo_Scribber/Galvo_22092026/40mm_square.svg
2026-09-23 10:23 - INFO - Parameters saved for D:/Atharva/Galvo_Scribber/Galvo_22092026/40mm_square.svg
2026-09-23 10:24 - INFO - Profile : Supervisor
2026-09-23 10:29 - INFO - Galvo Laser Shutdown
2026-09-23 10:29 - CRITICAL - Laser 1 : OFF
2026-09-23 10:29 - CRITICAL - Laser 2 : OFF
2026-09-23 10:29 - INFO - Stepper Lasers Shutdown
2026-09-23 10:29 - INFO - COM connection close successfully
2026-09-23 10:29 - INFO - Main window close successfully
2026-09-23 10:29 - INFO - ==================================================
2026-09-23 10:29 - INFO - New session close at 2026-09-23 10:29
2026-09-23 10:29 - INFO - ==================================================
2026-09-23 10:29 - INFO - UI load successful
2026-09-23 10:29 - WARNING - Failed login attempt for user: Supervisor
2026-09-23 10:29 - INFO - Profile : Supervisor
2026-09-23 10:30 - INFO - File selected : D:/Atharva/Galvo_Scribber/Galvo_22092026/40mm_square.svg
2026-09-23 10:30 - INFO - Parameters saved for D:/Atharva/Galvo_Scribber/Galvo_22092026/40mm_square.svg
2026-09-23 10:31 - INFO - Parameters saved for D:/Atharva/Galvo_Scribber/Galvo_22092026/40mm_square.svg
2026-09-23 10:32 - INFO - Parameters saved for D:/Atharva/Galvo_Scribber/Galvo_22092026/40mm_square.svg
2026-09-23 10:34 - INFO - Parameters saved for D:/Atharva/Galvo_Scribber/Galvo_22092026/40mm_square.svg
2026-09-23 10:36 - INFO - Parameters saved for D:/Atharva/Galvo_Scribber/Galvo_22092026/40mm_square.svg
2026-09-23 10:36 - INFO - File selected : D:/Atharva/Galvo_Scribber/Galvo_22092026/80mm_square.svg
2026-09-23 10:36 - INFO - Parameters saved for D:/Atharva/Galvo_Scribber/Galvo_22092026/80mm_square.svg
2026-09-23 10:36 - INFO - File selected : D:/Atharva/Galvo_Scribber/Galvo_22092026/40mm_square.svg
2026-09-23 10:36 - INFO - Parameters saved for D:/Atharva/Galvo_Scribber/Galvo_22092026/40mm_square.svg
2026-09-23 10:38 - INFO - Parameters saved for D:/Atharva/Galvo_Scribber/Galvo_22092026/40mm_square.svg
2026-09-23 10:39 - INFO - File selected : D:/Atharva/Galvo_Scribber/Galvo_22092026/80mm_square.svg
2026-09-23 10:39 - INFO - Parameters saved for D:/Atharva/Galvo_Scribber/Galvo_22092026/80mm_square.svg
2026-09-23 10:39 - INFO - File selected : D:/Atharva/Galvo_Scribber/Galvo_22092026/40mm_square.svg
2026-09-23 10:40 - INFO - Parameters saved for D:/Atharva/Galvo_Scribber/Galvo_22092026/40mm_square.svg
2026-09-23 10:51 - INFO - Parameters saved for D:/Atharva/Galvo_Scribber/Galvo_22092026/40mm_square.svg
2026-09-23 10:56 - INFO - File selected : D:/Atharva/Galvo_Scribber/Galvo_22092026/svg_files/Files/Difficult/nReDT-bird-floral-flying-wall-decor-home-decoration.dxf
2026-09-23 10:56 - INFO - Parameters saved for D:/Atharva/Galvo_Scribber/Galvo_22092026/svg_files/Files/Difficult/nReDT-bird-floral-flying-wall-decor-home-decoration.dxf
2026-09-23 10:59 - INFO - File selected : D:/Atharva/Galvo_Scribber/Galvo_22092026/svg_files/Files/Difficult/uwPfi-cool-women-face-decorative-art-design.dxf
2026-09-23 10:59 - INFO - Parameters saved for D:/Atharva/Galvo_Scribber/Galvo_22092026/svg_files/Files/Difficult/uwPfi-cool-women-face-decorative-art-design.dxf
2026-09-23 11:02 - INFO - File selected : D:/Atharva/Galvo_Scribber/Galvo_22092026/svg_files/Files/Main/MF device 250 micron channel.dxf
2026-09-23 11:03 - INFO - Parameters saved for D:/Atharva/Galvo_Scribber/Galvo_22092026/svg_files/Files/Main/MF device 250 micron channel.dxf
2026-09-23 11:12 - INFO - File selected : D:/Users/EXPSOL/Downloads/WhatsApp-Image-2026-09-22-at-3.53.36-PM.dxf
2026-09-23 11:12 - INFO - Parameters saved for D:/Users/EXPSOL/Downloads/WhatsApp-Image-2026-09-22-at-3.53.36-PM.dxf
2026-09-23 11:12 - INFO - File selected : D:/Users/EXPSOL/Downloads/WhatsApp-Image-2026-09-22-at-3.53.35-PM.dxf
2026-09-23 11:12 - INFO - Parameters saved for D:/Users/EXPSOL/Downloads/WhatsApp-Image-2026-09-22-at-3.53.35-PM.dxf
2026-09-23 11:13 - INFO - File selected : D:/Atharva/Galvo_Scribber/Galvo_22092026/svg_files/Files/Main/MF device 250 micron channel.dxf
2026-09-23 11:13 - INFO - Parameters saved for D:/Atharva/Galvo_Scribber/Galvo_22092026/svg_files/Files/Main/MF device 250 micron channel.dxf
2026-09-23 11:26 - INFO - File selected : D:/Atharva/Galvo_Scribber/Galvo_22092026/svg_files/Files/Difficult/uwPfi-cool-women-face-decorative-art-design.dxf
2026-09-23 11:26 - INFO - Parameters saved for D:/Atharva/Galvo_Scribber/Galvo_22092026/svg_files/Files/Difficult/uwPfi-cool-women-face-decorative-art-design.dxf
2026-09-23 11:34 - INFO - File selected : D:/Atharva/Galvo_Scribber/Galvo_22092026/svg_files/WhatsApp-Image-2026-09-22-at-3.53.36-PM.svg
2026-09-23 11:34 - INFO - Parameters saved for D:/Atharva/Galvo_Scribber/Galvo_22092026/svg_files/WhatsApp-Image-2026-09-22-at-3.53.36-PM.svg
2026-09-23 11:37 - INFO - UI load successful
2026-09-23 11:37 - INFO - Profile : Supervisor
2026-09-23 11:38 - INFO - Galvo Laser Shutdown
2026-09-23 11:38 - CRITICAL - Laser 1 : OFF
2026-09-23 11:38 - CRITICAL - Laser 2 : OFF
2026-09-23 11:38 - INFO - Stepper Lasers Shutdown
2026-09-23 11:38 - INFO - COM connection close successfully
2026-09-23 11:38 - INFO - Main window close successfully
2026-09-23 11:38 - INFO - ==================================================
2026-09-23 11:38 - INFO - New session close at 2026-09-23 11:38
2026-09-23 11:38 - INFO - ==================================================
2026-09-23 11:38 - INFO - UI load successful
2026-09-23 11:39 - INFO - Profile : Supervisor
2026-09-23 11:41 - INFO - File selected : D:/Atharva/Galvo_Scribber/Galvo_22092026/40mm_square.svg
2026-09-23 11:41 - INFO - Parameters saved for D:/Atharva/Galvo_Scribber/Galvo_22092026/40mm_square.svg
2026-09-23 11:51 - INFO - Galvo Laser Shutdown
2026-09-23 11:51 - CRITICAL - Laser 1 : OFF
2026-09-23 11:51 - CRITICAL - Laser 2 : OFF
2026-09-23 11:51 - INFO - Stepper Lasers Shutdown
2026-09-23 11:51 - INFO - COM connection close successfully
2026-09-23 11:51 - INFO - Main window close successfully
2026-09-23 11:51 - INFO - ==================================================
2026-09-23 11:51 - INFO - New session close at 2026-09-23 11:51
2026-09-23 11:51 - INFO - ==================================================
2026-09-23 11:51 - INFO - UI load successful
2026-09-23 11:52 - WARNING - Failed login attempt for user: Supervisor
2026-09-23 11:52 - INFO - Profile : Supervisor
2026-09-23 11:57 - INFO - File selected : D:/Atharva/Galvo_Scribber/Galvo_22092026/svg_files/Files/Difficult/uwPfi-cool-women-face-decorative-art-design.dxf
2026-09-23 11:57 - INFO - Parameters saved for D:/Atharva/Galvo_Scribber/Galvo_22092026/svg_files/Files/Difficult/uwPfi-cool-women-face-decorative-art-design.dxf
2026-09-23 11:58 - INFO - Parameters saved for D:/Atharva/Galvo_Scribber/Galvo_22092026/svg_files/Files/Difficult/uwPfi-cool-women-face-decorative-art-design.dxf
2026-09-23 12:03 - INFO - Galvo Laser Shutdown
2026-09-23 12:03 - CRITICAL - Laser 1 : OFF
2026-09-23 12:03 - CRITICAL - Laser 2 : OFF
2026-09-23 12:03 - INFO - Stepper Lasers Shutdown
2026-09-23 12:03 - INFO - COM connection close successfully
2026-09-23 12:03 - INFO - Main window close successfully
2026-09-23 12:03 - INFO - ==================================================
2026-09-23 12:03 - INFO - New session close at 2026-09-23 12:03
2026-09-23 12:03 - INFO - ==================================================
2026-09-23 12:07 - INFO - UI load successful
2026-09-23 12:07 - INFO - Profile : Supervisor
2026-09-23 12:19 - INFO - Galvo Laser Shutdown
2026-09-23 12:19 - CRITICAL - Laser 1 : OFF
2026-09-23 12:19 - CRITICAL - Laser 2 : OFF
2026-09-23 12:19 - INFO - Stepper Lasers Shutdown
2026-09-23 12:19 - INFO - COM connection close successfully
2026-09-23 12:19 - INFO - Main window close successfully
2026-09-23 12:19 - INFO - ==================================================
2026-09-23 12:19 - INFO - New session close at 2026-09-23 12:19
2026-09-23 12:19 - INFO - ==================================================
2026-09-23 12:19 - INFO - UI load successful
2026-09-23 12:20 - INFO - Profile : Supervisor
2026-09-23 12:20 - INFO - Galvo Laser Shutdown
2026-09-23 12:20 - CRITICAL - Laser 1 : OFF
2026-09-23 12:20 - CRITICAL - Laser 2 : OFF
2026-09-23 12:20 - INFO - Stepper Lasers Shutdown
2026-09-23 12:20 - INFO - COM connection close successfully
2026-09-23 12:20 - INFO - Main window close successfully
2026-09-23 12:20 - INFO - ==================================================
2026-09-23 12:20 - INFO - New session close at 2026-09-23 12:20
2026-09-23 12:20 - INFO - ==================================================
2026-09-23 12:21 - INFO - UI load successful
2026-09-23 12:21 - INFO - Profile : Supervisor
2026-09-23 12:24 - INFO - Galvo Laser Shutdown
2026-09-23 12:24 - CRITICAL - Laser 1 : OFF
2026-09-23 12:24 - CRITICAL - Laser 2 : OFF
2026-09-23 12:24 - INFO - Stepper Lasers Shutdown
2026-09-23 12:24 - INFO - COM connection close successfully
2026-09-23 12:24 - INFO - Main window close successfully
2026-09-23 12:24 - INFO - ==================================================
2026-09-23 12:24 - INFO - New session close at 2026-09-23 12:24
2026-09-23 12:24 - INFO - ==================================================
2026-09-23 12:30 - INFO - UI load successful
2026-09-23 12:30 - INFO - File selected : D:/Atharva/Galvo_Scribber/Galvo_22092026/svg_files/africakimudra.svg
2026-09-23 12:30 - INFO - Parameters saved for D:/Atharva/Galvo_Scribber/Galvo_22092026/svg_files/africakimudra.svg
2026-09-23 12:35 - INFO - Parameters saved for D:/Atharva/Galvo_Scribber/Galvo_22092026/svg_files/africakimudra.svg
2026-09-23 13:05 - INFO - Galvo Laser Shutdown
2026-09-23 13:05 - CRITICAL - Laser 1 : OFF
2026-09-23 13:05 - CRITICAL - Laser 2 : OFF
2026-09-23 13:05 - INFO - Stepper Lasers Shutdown
2026-09-23 13:05 - INFO - COM connection close successfully
2026-09-23 13:05 - INFO - Main window close successfully
2026-09-23 13:05 - INFO - ==================================================
2026-09-23 13:05 - INFO - New session close at 2026-09-23 13:05
2026-09-23 13:05 - INFO - ==================================================
2026-09-23 13:06 - INFO - UI load successful
2026-09-23 13:07 - INFO - Profile : Supervisor
2026-09-23 13:08 - INFO - Galvo Laser Shutdown
2026-09-23 13:08 - CRITICAL - Laser 1 : OFF
2026-09-23 13:08 - CRITICAL - Laser 2 : OFF
2026-09-23 13:08 - INFO - Stepper Lasers Shutdown
2026-09-23 13:08 - INFO - COM connection close successfully
2026-09-23 13:08 - INFO - Main window close successfully
2026-09-23 13:08 - INFO - ==================================================
2026-09-23 13:08 - INFO - New session close at 2026-09-23 13:08
2026-09-23 13:08 - INFO - ==================================================
2026-09-23 13:11 - INFO - UI load successful
2026-09-23 13:11 - INFO - Profile : Supervisor
2026-09-23 13:13 - INFO - Galvo Laser Shutdown
2026-09-23 13:13 - CRITICAL - Laser 1 : OFF
2026-09-23 13:13 - CRITICAL - Laser 2 : OFF
2026-09-23 13:13 - INFO - Stepper Lasers Shutdown
2026-09-23 13:13 - INFO - COM connection close successfully
2026-09-23 13:13 - INFO - Main window close successfully
2026-09-23 13:13 - INFO - ==================================================
2026-09-23 13:13 - INFO - New session close at 2026-09-23 13:13
2026-09-23 13:13 - INFO - ==================================================
2026-09-23 13:17 - INFO - UI load successful
2026-09-23 13:17 - INFO - Profile : Supervisor
2026-09-23 13:24 - INFO - Galvo Laser Shutdown
2026-09-23 13:24 - CRITICAL - Laser 1 : OFF
2026-09-23 13:24 - CRITICAL - Laser 2 : OFF
2026-09-23 13:24 - INFO - Stepper Lasers Shutdown
2026-09-23 13:24 - INFO - COM connection close successfully
2026-09-23 13:24 - INFO - Main window close successfully
2026-09-23 13:24 - INFO - ==================================================
2026-09-23 13:24 - INFO - New session close at 2026-09-23 13:24
2026-09-23 13:24 - INFO - ==================================================
2026-09-23 14:28 - INFO - UI load successful
2026-09-23 14:29 - INFO - Profile : Supervisor
2026-09-23 14:31 - INFO - Galvo Laser Shutdown
2026-09-23 14:31 - CRITICAL - Laser 1 : OFF
2026-09-23 14:31 - CRITICAL - Laser 2 : OFF
2026-09-23 14:31 - INFO - Stepper Lasers Shutdown
2026-09-23 14:31 - INFO - COM connection close successfully
2026-09-23 14:31 - INFO - Main window close successfully
2026-09-23 14:31 - INFO - ==================================================
2026-09-23 14:31 - INFO - New session close at 2026-09-23 14:31
2026-09-23 14:31 - INFO - ==================================================
2026-09-23 14:32 - INFO - UI load successful
2026-09-23 14:32 - INFO - Profile : Supervisor
2026-09-23 14:33 - INFO - File selected : D:/Atharva/Galvo_Scribber/Galvo_22092026/svg_files/africakimudra.svg
2026-09-23 14:33 - INFO - Parameters saved for D:/Atharva/Galvo_Scribber/Galvo_22092026/svg_files/africakimudra.svg
2026-09-23 14:34 - INFO - Parameters saved for D:/Atharva/Galvo_Scribber/Galvo_22092026/svg_files/africakimudra.svg
2026-09-23 14:34 - INFO - Parameters saved for D:/Atharva/Galvo_Scribber/Galvo_22092026/svg_files/africakimudra.svg
2026-09-23 14:50 - INFO - File selected : D:/Atharva/Galvo_Scribber/Galvo_22092026/svg_files/africakimudra.svg
2026-09-23 14:50 - INFO - Parameters saved for D:/Atharva/Galvo_Scribber/Galvo_22092026/svg_files/africakimudra.svg
2026-09-23 14:54 - INFO - Parameters saved for D:/Atharva/Galvo_Scribber/Galvo_22092026/svg_files/africakimudra.svg
2026-09-23 14:55 - INFO - Parameters saved for D:/Atharva/Galvo_Scribber/Galvo_22092026/svg_files/africakimudra.svg
2026-09-23 15:23 - INFO - Galvo Laser Shutdown
2026-09-23 15:23 - CRITICAL - Laser 1 : OFF
2026-09-23 15:23 - CRITICAL - Laser 2 : OFF
2026-09-23 15:23 - INFO - Stepper Lasers Shutdown
2026-09-23 15:23 - INFO - COM connection close successfully
2026-09-23 15:23 - INFO - Main window close successfully
2026-09-23 15:23 - INFO - ==================================================
2026-09-23 15:23 - INFO - New session close at 2026-09-23 15:23
2026-09-23 15:23 - INFO - ==================================================
2026-09-23 15:24 - INFO - UI load successful
2026-09-23 15:25 - WARNING - Failed login attempt for user: Supervisor
2026-09-23 15:25 - INFO - Profile : Supervisor
2026-09-23 15:33 - INFO - Galvo Laser Shutdown
2026-09-23 15:33 - CRITICAL - Laser 1 : OFF
2026-09-23 15:33 - CRITICAL - Laser 2 : OFF
2026-09-23 15:33 - INFO - Stepper Lasers Shutdown
2026-09-23 15:33 - INFO - COM connection close successfully
2026-09-23 15:33 - INFO - Main window close successfully
2026-09-23 15:33 - INFO - ==================================================
2026-09-23 15:33 - INFO - New session close at 2026-09-23 15:33
2026-09-23 15:33 - INFO - ==================================================
2026-09-23 15:55 - INFO - UI load successful
2026-09-23 15:56 - INFO - Galvo Laser Shutdown
2026-09-23 15:56 - CRITICAL - Laser 1 : OFF
2026-09-23 15:56 - CRITICAL - Laser 2 : OFF
2026-09-23 15:56 - INFO - Stepper Lasers Shutdown
2026-09-23 15:56 - INFO - COM connection close successfully
2026-09-23 15:56 - INFO - Main window close successfully
2026-09-23 15:56 - INFO - ==================================================
2026-09-23 15:56 - INFO - New session close at 2026-09-23 15:56
2026-09-23 15:56 - INFO - ==================================================
2026-09-23 15:56 - INFO - UI load successful
2026-09-23 15:56 - INFO - Profile : Supervisor
2026-09-23 15:58 - INFO - Galvo Laser Shutdown
2026-09-23 15:58 - CRITICAL - Laser 1 : OFF
2026-09-23 15:58 - CRITICAL - Laser 2 : OFF
2026-09-23 15:58 - INFO - Stepper Lasers Shutdown
2026-09-23 15:58 - INFO - COM connection close successfully
2026-09-23 15:58 - INFO - Main window close successfully
2026-09-23 15:58 - INFO - ==================================================
2026-09-23 15:58 - INFO - New session close at 2026-09-23 15:58
2026-09-23 15:58 - INFO - ==================================================
2026-09-23 16:05 - INFO - UI load successful
2026-09-23 16:06 - INFO - Profile : Supervisor
2026-09-23 16:06 - INFO - File selected : D:/Atharva/Galvo_Scribber/Galvo_22092026/svg_files/B1.svg
2026-09-23 16:07 - INFO - Parameters saved for D:/Atharva/Galvo_Scribber/Galvo_22092026/svg_files/B1.svg
2026-09-23 16:10 - INFO - Parameters saved for D:/Atharva/Galvo_Scribber/Galvo_22092026/svg_files/B1.svg
2026-09-23 16:13 - INFO - Parameters saved for D:/Atharva/Galvo_Scribber/Galvo_22092026/svg_files/B1.svg
2026-09-23 16:14 - INFO - Parameters saved for D:/Atharva/Galvo_Scribber/Galvo_22092026/svg_files/B1.svg
2026-09-23 16:17 - INFO - Close event ignored.
2026-09-23 16:18 - INFO - Galvo Laser Shutdown
2026-09-23 16:18 - CRITICAL - Laser 1 : OFF
2026-09-23 16:18 - CRITICAL - Laser 2 : OFF
2026-09-23 16:18 - INFO - Stepper Lasers Shutdown
2026-09-23 16:18 - INFO - COM connection close successfully
2026-09-23 16:18 - INFO - Main window close successfully
2026-09-23 16:18 - INFO - ==================================================
2026-09-23 16:18 - INFO - New session close at 2026-09-23 16:18
2026-09-23 16:18 - INFO - ==================================================
2026-09-23 16:26 - INFO - UI load successful
2026-09-23 16:26 - INFO - Profile : Supervisor
2026-09-23 16:41 - INFO - Galvo Laser Shutdown
2026-09-23 16:41 - CRITICAL - Laser 1 : OFF
2026-09-23 16:41 - CRITICAL - Laser 2 : OFF
2026-09-23 16:41 - INFO - Stepper Lasers Shutdown
2026-09-23 16:41 - INFO - COM connection close successfully
2026-09-23 16:41 - INFO - Main window close successfully
2026-09-23 16:41 - INFO - ==================================================
2026-09-23 16:41 - INFO - New session close at 2026-09-23 16:41
2026-09-23 16:41 - INFO - ==================================================
2026-09-23 16:42 - INFO - UI load successful
2026-09-23 16:42 - INFO - Profile : Supervisor
2026-09-23 16:46 - INFO - File selected : D:/Atharva/Galvo_Scribber/Galvo_22092026/svg_files/Files/Difficult/uwPfi-cool-women-face-decorative-art-design.dxf
2026-09-23 16:46 - INFO - Parameters saved for D:/Atharva/Galvo_Scribber/Galvo_22092026/svg_files/Files/Difficult/uwPfi-cool-women-face-decorative-art-design.dxf
2026-09-23 16:54 - INFO - Galvo Laser Shutdown
2026-09-23 16:54 - CRITICAL - Laser 1 : OFF
2026-09-23 16:54 - CRITICAL - Laser 2 : OFF
2026-09-23 16:54 - INFO - Stepper Lasers Shutdown
2026-09-23 16:54 - INFO - COM connection close successfully
2026-09-23 16:54 - INFO - Main window close successfully
2026-09-23 16:54 - INFO - ==================================================
2026-09-23 16:54 - INFO - New session close at 2026-09-23 16:54
2026-09-23 16:54 - INFO - ==================================================
2026-09-23 16:54 - INFO - UI load successful
2026-09-23 16:55 - INFO - Profile : Supervisor
2026-09-23 16:56 - INFO - Galvo Laser Shutdown
2026-09-23 16:56 - CRITICAL - Laser 1 : OFF
2026-09-23 16:56 - CRITICAL - Laser 2 : OFF
2026-09-23 16:56 - INFO - Stepper Lasers Shutdown
2026-09-23 16:56 - INFO - COM connection close successfully
2026-09-23 16:56 - INFO - Main window close successfully
2026-09-23 16:56 - INFO - ==================================================
2026-09-23 16:56 - INFO - New session close at 2026-09-23 16:56
2026-09-23 16:56 - INFO - ==================================================
2026-09-23 16:59 - INFO - UI load successful
2026-09-23 16:59 - INFO - Profile : Supervisor
2026-09-23 17:01 - INFO - Galvo Laser Shutdown
2026-09-23 17:01 - CRITICAL - Laser 1 : OFF
2026-09-23 17:01 - CRITICAL - Laser 2 : OFF
2026-09-23 17:01 - INFO - Stepper Lasers Shutdown
2026-09-23 17:01 - INFO - COM connection close successfully
2026-09-23 17:01 - INFO - Main window close successfully
2026-09-23 17:01 - INFO - ==================================================
2026-09-23 17:01 - INFO - New session close at 2026-09-23 17:01
2026-09-23 17:01 - INFO - ==================================================
2026-09-23 17:13 - INFO - UI load successful
2026-09-23 17:13 - INFO - Profile : Supervisor
2026-09-23 17:17 - INFO - Galvo Laser Shutdown
2026-09-23 17:17 - CRITICAL - Laser 1 : OFF
2026-09-23 17:17 - CRITICAL - Laser 2 : OFF
2026-09-23 17:17 - INFO - Stepper Lasers Shutdown
2026-09-23 17:17 - INFO - COM connection close successfully
2026-09-23 17:17 - INFO - Main window close successfully
2026-09-23 17:17 - INFO - ==================================================
2026-09-23 17:17 - INFO - New session close at 2026-09-23 17:17
2026-09-23 17:17 - INFO - ==================================================
2026-09-23 17:18 - INFO - UI load successful
2026-09-23 17:18 - INFO - Profile : Supervisor
2026-09-23 17:37 - INFO - Galvo Laser Shutdown
2026-09-23 17:37 - CRITICAL - Laser 1 : OFF
2026-09-23 17:37 - CRITICAL - Laser 2 : OFF
2026-09-23 17:37 - INFO - Stepper Lasers Shutdown
2026-09-23 17:37 - INFO - COM connection close successfully
2026-09-23 17:37 - INFO - Main window close successfully
2026-09-23 17:37 - INFO - ==================================================
2026-09-23 17:37 - INFO - New session close at 2026-09-23 17:37
2026-09-23 17:37 - INFO - ==================================================
2026-09-23 17:37 - INFO - UI load successful
2026-09-23 17:37 - INFO - Galvo Laser Shutdown
2026-09-23 17:37 - CRITICAL - Laser 1 : OFF
2026-09-23 17:37 - CRITICAL - Laser 2 : OFF
2026-09-23 17:37 - INFO - Stepper Lasers Shutdown
2026-09-23 17:37 - INFO - COM connection close successfully
2026-09-23 17:37 - INFO - Main window close successfully
2026-09-23 17:37 - INFO - ==================================================
2026-09-23 17:37 - INFO - New session close at 2026-09-23 17:37
2026-09-23 17:37 - INFO - ==================================================
2026-09-23 17:39 - INFO - UI load successful
2026-09-23 17:39 - INFO - Profile : Supervisor
2026-09-23 17:42 - INFO - File selected : D:/Atharva/Galvo_Scribber/Galvo_22092026/40mm_square.svg
2026-09-23 17:42 - INFO - Parameters saved for D:/Atharva/Galvo_Scribber/Galvo_22092026/40mm_square.svg
2026-09-23 17:49 - INFO - Galvo Laser Shutdown
2026-09-23 17:49 - CRITICAL - Laser 1 : OFF
2026-09-23 17:49 - CRITICAL - Laser 2 : OFF
2026-09-23 17:49 - INFO - Stepper Lasers Shutdown
2026-09-23 17:49 - INFO - COM connection close successfully
2026-09-23 17:49 - INFO - Main window close successfully
2026-09-23 17:49 - INFO - ==================================================
2026-09-23 17:49 - INFO - New session close at 2026-09-23 17:49
2026-09-23 17:49 - INFO - ==================================================
2026-09-24 12:14 - INFO - UI load successful
2026-09-24 12:16 - INFO - UI load successful
2026-09-24 12:20 - INFO - UI load successful
2026-09-24 12:21 - INFO - UI load successful
2026-09-24 12:22 - CRITICAL - Laser 1 : OFF
2026-09-24 12:22 - CRITICAL - Laser 2 : OFF
2026-09-24 12:22 - INFO - Stepper Lasers Shutdown
2026-09-24 12:22 - INFO - COM connection close successfully
2026-09-24 12:22 - INFO - Main window close successfully
2026-09-24 12:22 - INFO - ==================================================
2026-09-24 12:22 - INFO - New session close at 2026-09-24 12:22
2026-09-24 12:22 - INFO - ==================================================
2026-09-24 12:23 - INFO - UI load successful
2026-09-24 12:24 - CRITICAL - Laser 1 : OFF
2026-09-24 12:24 - CRITICAL - Laser 2 : OFF
2026-09-24 12:24 - INFO - Stepper Lasers Shutdown
2026-09-24 12:24 - INFO - COM connection close successfully
2026-09-24 12:24 - INFO - Main window close successfully
2026-09-24 12:24 - INFO - ==================================================
2026-09-24 12:24 - INFO - New session close at 2026-09-24 12:24
2026-09-24 12:24 - INFO - ==================================================
2026-09-24 12:24 - INFO - UI load successful
2026-09-24 12:25 - CRITICAL - Laser 1 : OFF
2026-09-24 12:25 - CRITICAL - Laser 2 : OFF
2026-09-24 12:25 - INFO - Stepper Lasers Shutdown
2026-09-24 12:25 - INFO - COM connection close successfully
2026-09-24 12:25 - INFO - Main window close successfully
2026-09-24 12:25 - INFO - ==================================================
2026-09-24 12:25 - INFO - New session close at 2026-09-24 12:25
2026-09-24 12:25 - INFO - ==================================================
2026-09-24 12:25 - INFO - UI load successful
2026-09-24 12:28 - INFO - UI load successful
2026-09-24 14:44 - INFO - UI load successful
2026-09-24 14:45 - INFO - Galvo Laser Shutdown
2026-09-24 14:45 - CRITICAL - Laser 1 : OFF
2026-09-24 14:45 - CRITICAL - Laser 2 : OFF
2026-09-24 14:45 - INFO - Stepper Lasers Shutdown
2026-09-24 14:45 - INFO - COM connection close successfully
2026-09-24 14:45 - INFO - Main window close successfully
2026-09-24 14:45 - INFO - ==================================================
2026-09-24 14:45 - INFO - New session close at 2026-09-24 14:45
2026-09-24 14:45 - INFO - ==================================================
2026-09-24 14:45 - INFO - UI load successful
2026-09-24 14:45 - INFO - Profile : Supervisor
2026-09-24 14:47 - INFO - File selected : D:/Atharva/Galvo_Scribber/Galvo_22092026/40mm_square.svg
2026-09-24 14:47 - INFO - Parameters saved for D:/Atharva/Galvo_Scribber/Galvo_22092026/40mm_square.svg
2026-09-24 14:58 - INFO - Galvo Laser Shutdown
2026-09-24 14:58 - CRITICAL - Laser 1 : OFF
2026-09-24 14:58 - CRITICAL - Laser 2 : OFF
2026-09-24 14:58 - INFO - Stepper Lasers Shutdown
2026-09-24 14:58 - INFO - COM connection close successfully
2026-09-24 14:58 - INFO - Main window close successfully
2026-09-24 14:58 - INFO - ==================================================
2026-09-24 14:58 - INFO - New session close at 2026-09-24 14:58
2026-09-24 14:58 - INFO - ==================================================
2026-09-24 14:58 - INFO - UI load successful
2026-09-24 14:59 - INFO - File selected : D:/Atharva/Galvo_Scribber/Galvo_22092026/40mm_square.svg
2026-09-24 14:59 - INFO - Parameters saved for D:/Atharva/Galvo_Scribber/Galvo_22092026/40mm_square.svg
2026-09-24 14:59 - INFO - >> Hardware Trigger: DI1 (Start) Pressed!
2026-09-24 14:59 - INFO - >> Hardware Trigger: DI1 (Start) Not Pressed!
2026-09-24 15:00 - INFO - >> Hardware Trigger: DI2 (Abort) Pressed!
2026-09-24 15:00 - INFO - >> Hardware Trigger: DI2 (Abort) Not Pressed!
2026-09-24 15:11 - INFO - Galvo Laser Shutdown
2026-09-24 15:11 - CRITICAL - Laser 1 : OFF
2026-09-24 15:11 - CRITICAL - Laser 2 : OFF
2026-09-24 15:11 - INFO - Stepper Lasers Shutdown
2026-09-24 15:11 - INFO - COM connection close successfully
2026-09-24 15:11 - INFO - Main window close successfully
2026-09-24 15:11 - INFO - ==================================================
2026-09-24 15:11 - INFO - New session close at 2026-09-24 15:11
2026-09-24 15:11 - INFO - ==================================================
2026-09-24 15:12 - INFO - UI load successful
2026-09-24 15:12 - INFO - File selected : D:/Atharva/Galvo_Scribber/Galvo_22092026/40mm_square.svg
2026-09-24 15:12 - INFO - Profile : Supervisor
2026-09-24 15:14 - INFO - Parameters saved for D:/Atharva/Galvo_Scribber/Galvo_22092026/40mm_square.svg
2026-09-24 15:16 - INFO - >> Hardware Trigger: DI2 (Abort) Pressed!
2026-09-24 15:16 - INFO - >> Hardware Trigger: DI2 (Abort) Not Pressed!
2026-09-24 15:17 - INFO - Parameters saved for D:/Atharva/Galvo_Scribber/Galvo_22092026/40mm_square.svg
2026-09-24 15:18 - INFO - File selected : D:/Atharva/Galvo_Scribber/Galvo_22092026/svg_files/B1.svg
2026-09-24 15:18 - INFO - Parameters saved for D:/Atharva/Galvo_Scribber/Galvo_22092026/svg_files/B1.svg
2026-09-24 15:19 - INFO - Parameters saved for D:/Atharva/Galvo_Scribber/Galvo_22092026/svg_files/B1.svg
2026-09-24 15:19 - INFO - Parameters saved for D:/Atharva/Galvo_Scribber/Galvo_22092026/svg_files/B1.svg
2026-09-24 15:21 - INFO - Parameters saved for D:/Atharva/Galvo_Scribber/Galvo_22092026/svg_files/B1.svg
2026-09-24 15:21 - INFO - Parameters saved for D:/Atharva/Galvo_Scribber/Galvo_22092026/svg_files/B1.svg
2026-09-24 15:21 - INFO - File selected : D:/Atharva/Galvo_Scribber/Galvo_22092026/svg_files/B1.svg
2026-09-24 15:21 - INFO - Parameters saved for D:/Atharva/Galvo_Scribber/Galvo_22092026/svg_files/B1.svg
2026-09-24 15:22 - INFO - Parameters saved for D:/Atharva/Galvo_Scribber/Galvo_22092026/svg_files/B1.svg
2026-09-24 15:23 - INFO - File selected : D:/Atharva/Galvo_Scribber/Galvo_22092026/svg_files/B1.svg
2026-09-24 15:23 - INFO - Parameters saved for D:/Atharva/Galvo_Scribber/Galvo_22092026/svg_files/B1.svg
2026-09-24 15:24 - INFO - Parameters saved for D:/Atharva/Galvo_Scribber/Galvo_22092026/svg_files/B1.svg
2026-09-24 15:25 - INFO - Parameters saved for D:/Atharva/Galvo_Scribber/Galvo_22092026/svg_files/B1.svg
2026-09-24 15:26 - INFO - Parameters saved for D:/Atharva/Galvo_Scribber/Galvo_22092026/svg_files/B1.svg
2026-09-24 15:27 - INFO - Parameters saved for D:/Atharva/Galvo_Scribber/Galvo_22092026/svg_files/B1.svg
2026-09-24 15:28 - INFO - Parameters saved for D:/Atharva/Galvo_Scribber/Galvo_22092026/svg_files/B1.svg
2026-09-24 15:34 - INFO - File selected : D:/Atharva/Galvo_Scribber/Galvo_22092026/svg_files/ide2.svg
2026-09-24 15:34 - INFO - Parameters saved for D:/Atharva/Galvo_Scribber/Galvo_22092026/svg_files/ide2.svg
2026-09-24 15:34 - INFO - Parameters saved for D:/Atharva/Galvo_Scribber/Galvo_22092026/svg_files/ide2.svg
2026-09-24 15:38 - INFO - Parameters saved for D:/Atharva/Galvo_Scribber/Galvo_22092026/svg_files/ide2.svg
2026-09-24 15:43 - INFO - Parameters saved for D:/Atharva/Galvo_Scribber/Galvo_22092026/svg_files/ide2.svg
2026-09-24 15:47 - INFO - Parameters saved for D:/Atharva/Galvo_Scribber/Galvo_22092026/svg_files/ide2.svg
2026-09-24 15:49 - INFO - Galvo Laser Shutdown
2026-09-24 15:49 - CRITICAL - Laser 1 : OFF
2026-09-24 15:49 - CRITICAL - Laser 2 : OFF
2026-09-24 15:49 - INFO - Stepper Lasers Shutdown
2026-09-24 15:49 - INFO - COM connection close successfully
2026-09-24 15:49 - INFO - Main window close successfully
2026-09-24 15:49 - INFO - ==================================================
2026-09-24 15:49 - INFO - New session close at 2026-09-24 15:49
2026-09-24 15:49 - INFO - ==================================================
2026-09-24 15:49 - INFO - UI load successful
2026-09-24 15:49 - INFO - File selected : D:/Atharva/Galvo_Scribber/Galvo_22092026/40mm_square.svg
2026-09-24 15:50 - INFO - Parameters saved for D:/Atharva/Galvo_Scribber/Galvo_22092026/40mm_square.svg
2026-09-24 15:50 - INFO - Parameters saved for D:/Atharva/Galvo_Scribber/Galvo_22092026/40mm_square.svg
2026-09-24 15:51 - INFO - Parameters saved for D:/Atharva/Galvo_Scribber/Galvo_22092026/40mm_square.svg
2026-09-24 15:53 - INFO - Parameters saved for D:/Atharva/Galvo_Scribber/Galvo_22092026/40mm_square.svg
2026-09-24 15:53 - INFO - Parameters saved for D:/Atharva/Galvo_Scribber/Galvo_22092026/40mm_square.svg
2026-09-24 15:54 - INFO - Profile : Supervisor
2026-09-24 16:03 - INFO - Galvo Laser Shutdown
2026-09-24 16:03 - CRITICAL - Laser 1 : OFF
2026-09-24 16:03 - CRITICAL - Laser 2 : OFF
2026-09-24 16:03 - INFO - Stepper Lasers Shutdown
2026-09-24 16:03 - INFO - COM connection close successfully
2026-09-24 16:03 - INFO - Main window close successfully
2026-09-24 16:03 - INFO - ==================================================
2026-09-24 16:03 - INFO - New session close at 2026-09-24 16:03
2026-09-24 16:03 - INFO - ==================================================
2026-09-24 16:03 - INFO - UI load successful
2026-09-24 16:03 - INFO - File selected : D:/Atharva/Galvo_Scribber/Galvo_22092026/40mm_square.svg
2026-09-24 16:04 - INFO - Parameters saved for D:/Atharva/Galvo_Scribber/Galvo_22092026/40mm_square.svg
2026-09-24 16:05 - INFO - Profile : Supervisor
2026-09-24 16:14 - INFO - Galvo Laser Shutdown
2026-09-24 16:14 - CRITICAL - Laser 1 : OFF
2026-09-24 16:14 - CRITICAL - Laser 2 : OFF
2026-09-24 16:14 - INFO - Stepper Lasers Shutdown
2026-09-24 16:14 - INFO - COM connection close successfully
2026-09-24 16:14 - INFO - Main window close successfully
2026-09-24 16:14 - INFO - ==================================================
2026-09-24 16:14 - INFO - New session close at 2026-09-24 16:14
2026-09-24 16:14 - INFO - ==================================================
2026-09-24 16:14 - INFO - UI load successful
2026-09-24 16:14 - INFO - Profile : Supervisor
2026-09-24 16:16 - INFO - Galvo Laser Shutdown
2026-09-24 16:16 - CRITICAL - Laser 1 : OFF
2026-09-24 16:16 - CRITICAL - Laser 2 : OFF
2026-09-24 16:16 - INFO - Stepper Lasers Shutdown
2026-09-24 16:16 - INFO - COM connection close successfully
2026-09-24 16:16 - INFO - Main window close successfully
2026-09-24 16:16 - INFO - ==================================================
2026-09-24 16:16 - INFO - New session close at 2026-09-24 16:16
2026-09-24 16:16 - INFO - ==================================================
2026-09-24 16:25 - INFO - UI load successful
2026-09-24 16:26 - INFO - Profile : Supervisor
2026-09-24 16:35 - INFO - Galvo Laser Shutdown
2026-09-24 16:35 - CRITICAL - Laser 1 : OFF
2026-09-24 16:35 - CRITICAL - Laser 2 : OFF
2026-09-24 16:35 - INFO - Stepper Lasers Shutdown
2026-09-24 16:35 - INFO - COM connection close successfully
2026-09-24 16:35 - INFO - Main window close successfully
2026-09-24 16:35 - INFO - ==================================================
2026-09-24 16:35 - INFO - New session close at 2026-09-24 16:35
2026-09-24 16:35 - INFO - ==================================================
2026-09-24 16:35 - INFO - UI load successful
2026-09-24 16:35 - INFO - Galvo Laser Shutdown
2026-09-24 16:35 - CRITICAL - Laser 1 : OFF
2026-09-24 16:35 - CRITICAL - Laser 2 : OFF
2026-09-24 16:35 - INFO - Stepper Lasers Shutdown
2026-09-24 16:35 - INFO - COM connection close successfully
2026-09-24 16:35 - INFO - Main window close successfully
2026-09-24 16:35 - INFO - ==================================================
2026-09-24 16:35 - INFO - New session close at 2026-09-24 16:35
2026-09-24 16:35 - INFO - ==================================================
2026-09-24 16:35 - INFO - UI load successful
2026-09-24 16:35 - INFO - Profile : Supervisor
2026-09-24 16:37 - INFO - Galvo Laser Shutdown
2026-09-24 16:37 - CRITICAL - Laser 1 : OFF
2026-09-24 16:37 - CRITICAL - Laser 2 : OFF
2026-09-24 16:37 - INFO - Stepper Lasers Shutdown
2026-09-24 16:37 - INFO - COM connection close successfully
2026-09-24 16:37 - INFO - Main window close successfully
2026-09-24 16:37 - INFO - ==================================================
2026-09-24 16:37 - INFO - New session close at 2026-09-24 16:37
2026-09-24 16:37 - INFO - ==================================================
2026-09-24 16:42 - INFO - UI load successful
2026-09-24 16:43 - INFO - Profile : Supervisor
2026-09-24 16:43 - INFO - Galvo Laser Shutdown
2026-09-24 16:43 - CRITICAL - Laser 1 : OFF
2026-09-24 16:43 - CRITICAL - Laser 2 : OFF
2026-09-24 16:43 - INFO - Stepper Lasers Shutdown
2026-09-24 16:43 - INFO - COM connection close successfully
2026-09-24 16:43 - INFO - Main window close successfully
2026-09-24 16:43 - INFO - ==================================================
2026-09-24 16:43 - INFO - New session close at 2026-09-24 16:43
2026-09-24 16:43 - INFO - ==================================================
2026-09-24 16:45 - INFO - UI load successful
2026-09-24 16:55 - INFO - Profile : Supervisor
2026-09-24 16:56 - INFO - File selected : D:/Atharva/Galvo_Scribber/Galvo_22092026/svg_files/Files/Difficult/nReDT-bird-floral-flying-wall-decor-home-decoration.dxf
2026-09-24 16:56 - INFO - Parameters saved for D:/Atharva/Galvo_Scribber/Galvo_22092026/svg_files/Files/Difficult/nReDT-bird-floral-flying-wall-decor-home-decoration.dxf
2026-09-24 16:57 - INFO - Galvo Laser Shutdown
2026-09-24 16:57 - CRITICAL - Laser 1 : OFF
2026-09-24 16:57 - CRITICAL - Laser 2 : OFF
2026-09-24 16:57 - INFO - Stepper Lasers Shutdown
2026-09-24 16:57 - INFO - COM connection close successfully
2026-09-24 16:57 - INFO - Main window close successfully
2026-09-24 16:57 - INFO - ==================================================
2026-09-24 16:57 - INFO - New session close at 2026-09-24 16:57
2026-09-24 16:57 - INFO - ==================================================
2026-09-24 16:59 - INFO - UI load successful
2026-09-24 16:59 - INFO - Profile : Supervisor
2026-09-24 17:06 - INFO - Galvo Laser Shutdown
2026-09-24 17:06 - CRITICAL - Laser 1 : OFF
2026-09-24 17:06 - CRITICAL - Laser 2 : OFF
2026-09-24 17:06 - INFO - Stepper Lasers Shutdown
2026-09-24 17:06 - INFO - COM connection close successfully
2026-09-24 17:06 - INFO - Main window close successfully
2026-09-24 17:06 - INFO - ==================================================
2026-09-24 17:06 - INFO - New session close at 2026-09-24 17:06
2026-09-24 17:06 - INFO - ==================================================
2026-09-24 17:06 - INFO - UI load successful
2026-09-24 17:06 - INFO - Profile : Supervisor
2026-09-24 17:07 - INFO - Galvo Laser Shutdown
2026-09-24 17:07 - CRITICAL - Laser 1 : OFF
2026-09-24 17:07 - CRITICAL - Laser 2 : OFF
2026-09-24 17:07 - INFO - Stepper Lasers Shutdown
2026-09-24 17:07 - INFO - COM connection close successfully
2026-09-24 17:07 - INFO - Main window close successfully
2026-09-24 17:07 - INFO - ==================================================
2026-09-24 17:07 - INFO - New session close at 2026-09-24 17:07
2026-09-24 17:07 - INFO - ==================================================
2026-09-24 17:12 - INFO - UI load successful
2026-09-24 17:12 - INFO - Profile : Supervisor
2026-09-24 17:12 - INFO - File selected : D:/Atharva/Galvo_Scribber/Galvo_22092026/svg_files/Files/Main/MF device 250 micron channel.dxf
2026-09-24 17:13 - INFO - Parameters saved for D:/Atharva/Galvo_Scribber/Galvo_22092026/svg_files/Files/Main/MF device 250 micron channel.dxf
2026-09-24 17:15 - INFO - Galvo Laser Shutdown
2026-09-24 17:15 - CRITICAL - Laser 1 : OFF
2026-09-24 17:15 - CRITICAL - Laser 2 : OFF
2026-09-24 17:15 - INFO - Stepper Lasers Shutdown
2026-09-24 17:15 - INFO - COM connection close successfully
2026-09-24 17:15 - INFO - Main window close successfully
2026-09-24 17:15 - INFO - ==================================================
2026-09-24 17:15 - INFO - New session close at 2026-09-24 17:15
2026-09-24 17:15 - INFO - ==================================================
2026-09-24 17:16 - INFO - UI load successful
2026-09-24 17:16 - INFO - Profile : Supervisor
2026-09-24 17:18 - INFO - >> Hardware Trigger: DI1 (Start) Pressed!
2026-09-24 17:18 - INFO - >> Hardware Trigger: DI2 (Abort) Pressed!
2026-09-24 17:18 - INFO - >> Hardware Trigger: DI1 (Start) Not Pressed!
2026-09-24 17:18 - INFO - >> Hardware Trigger: DI2 (Abort) Not Pressed!
2026-09-24 17:18 - INFO - Galvo Laser Shutdown
2026-09-24 17:18 - CRITICAL - Laser 1 : OFF
2026-09-24 17:18 - CRITICAL - Laser 2 : OFF
2026-09-24 17:18 - INFO - Stepper Lasers Shutdown
2026-09-24 17:18 - INFO - COM connection close successfully
2026-09-24 17:18 - INFO - Main window close successfully
2026-09-24 17:18 - INFO - ==================================================
2026-09-24 17:18 - INFO - New session close at 2026-09-24 17:18
2026-09-24 17:18 - INFO - ==================================================
2026-09-24 17:20 - INFO - UI load successful
2026-09-24 17:20 - INFO - Profile : Supervisor
2026-09-24 17:21 - INFO - Galvo Laser Shutdown
2026-09-24 17:21 - CRITICAL - Laser 1 : OFF
2026-09-24 17:21 - CRITICAL - Laser 2 : OFF
2026-09-24 17:21 - INFO - Stepper Lasers Shutdown
2026-09-24 17:21 - INFO - COM connection close successfully
2026-09-24 17:21 - INFO - Main window close successfully
2026-09-24 17:21 - INFO - ==================================================
2026-09-24 17:21 - INFO - New session close at 2026-09-24 17:21
2026-09-24 17:21 - INFO - ==================================================
2026-09-24 17:26 - INFO - UI load successful
2026-09-24 17:26 - INFO - Profile : Supervisor
2026-09-24 17:32 - INFO - Galvo Laser Shutdown
2026-09-24 17:32 - CRITICAL - Laser 1 : OFF
2026-09-24 17:32 - CRITICAL - Laser 2 : OFF
2026-09-24 17:32 - INFO - Stepper Lasers Shutdown
2026-09-24 17:32 - INFO - COM connection close successfully
2026-09-24 17:32 - INFO - Main window close successfully
2026-09-24 17:32 - INFO - ==================================================
2026-09-24 17:32 - INFO - New session close at 2026-09-24 17:32
2026-09-24 17:32 - INFO - ==================================================
2026-09-24 17:32 - INFO - UI load successful
2026-09-24 17:33 - INFO - Profile : Supervisor
2026-09-24 17:33 - INFO - Galvo Laser Shutdown
2026-09-24 17:33 - CRITICAL - Laser 1 : OFF
2026-09-24 17:33 - CRITICAL - Laser 2 : OFF
2026-09-24 17:33 - INFO - Stepper Lasers Shutdown
2026-09-24 17:33 - INFO - COM connection close successfully
2026-09-24 17:33 - INFO - Main window close successfully
2026-09-24 17:33 - INFO - ==================================================
2026-09-24 17:33 - INFO - New session close at 2026-09-24 17:33
2026-09-24 17:33 - INFO - ==================================================
2026-09-24 17:36 - INFO - UI load successful
2026-09-24 17:36 - INFO - Profile : Supervisor
2026-09-24 17:41 - INFO - Galvo Laser Shutdown
2026-09-24 17:41 - CRITICAL - Laser 1 : OFF
2026-09-24 17:41 - CRITICAL - Laser 2 : OFF
2026-09-24 17:41 - INFO - Stepper Lasers Shutdown
2026-09-24 17:41 - INFO - COM connection close successfully
2026-09-24 17:41 - INFO - Main window close successfully
2026-09-24 17:41 - INFO - ==================================================
2026-09-24 17:41 - INFO - New session close at 2026-09-24 17:41
2026-09-24 17:41 - INFO - ==================================================
2026-09-24 17:41 - INFO - UI load successful
2026-09-24 17:43 - INFO - Profile : Supervisor
2026-09-24 17:44 - INFO - Galvo Laser Shutdown
2026-09-24 17:44 - CRITICAL - Laser 1 : OFF
2026-09-24 17:44 - CRITICAL - Laser 2 : OFF
2026-09-24 17:44 - INFO - Stepper Lasers Shutdown
2026-09-24 17:44 - INFO - COM connection close successfully
2026-09-24 17:44 - INFO - Main window close successfully
2026-09-24 17:44 - INFO - ==================================================
2026-09-24 17:44 - INFO - New session close at 2026-09-24 17:44
2026-09-24 17:44 - INFO - ==================================================
2026-09-24 17:48 - INFO - UI load successful
2026-09-24 17:48 - INFO - Profile : Supervisor
2026-09-24 17:48 - INFO - Galvo Laser Shutdown
2026-09-24 17:48 - CRITICAL - Laser 1 : OFF
2026-09-24 17:48 - CRITICAL - Laser 2 : OFF
2026-09-24 17:48 - INFO - Stepper Lasers Shutdown
2026-09-24 17:48 - INFO - COM connection close successfully
2026-09-24 17:48 - INFO - Main window close successfully
2026-09-24 17:48 - INFO - ==================================================
2026-09-24 17:48 - INFO - New session close at 2026-09-24 17:48
2026-09-24 17:48 - INFO - ==================================================
2026-09-24 17:53 - INFO - UI load successful
2026-09-24 17:54 - INFO - File selected : D:/Atharva/Galvo_Scribber/Galvo_22092026/svg_files/Files/Main/MF device 250 micron channel.dxf
2026-09-24 17:54 - INFO - Parameters saved for D:/Atharva/Galvo_Scribber/Galvo_22092026/svg_files/Files/Main/MF device 250 micron channel.dxf
2026-09-24 17:59 - INFO - Galvo Laser Shutdown
2026-09-24 17:59 - CRITICAL - Laser 1 : OFF
2026-09-24 17:59 - CRITICAL - Laser 2 : OFF
2026-09-24 17:59 - INFO - Stepper Lasers Shutdown
2026-09-24 17:59 - INFO - COM connection close successfully
2026-09-24 17:59 - INFO - Main window close successfully
2026-09-24 17:59 - INFO - ==================================================
2026-09-24 17:59 - INFO - New session close at 2026-09-24 17:59
2026-09-24 17:59 - INFO - ==================================================
2026-09-24 17:59 - INFO - UI load successful
2026-09-24 18:00 - INFO - Profile : Supervisor
2026-09-24 18:00 - INFO - File selected : D:/Atharva/Galvo_Scribber/Galvo_22092026/svg_files/Files/Main/MF device 250 micron channel.dxf
2026-09-24 18:00 - INFO - Parameters saved for D:/Atharva/Galvo_Scribber/Galvo_22092026/svg_files/Files/Main/MF device 250 micron channel.dxf
2026-09-24 18:03 - INFO - Galvo Laser Shutdown
2026-09-24 18:03 - CRITICAL - Laser 1 : OFF
2026-09-24 18:03 - CRITICAL - Laser 2 : OFF
2026-09-24 18:03 - INFO - Stepper Lasers Shutdown
2026-09-24 18:03 - INFO - COM connection close successfully
2026-09-24 18:03 - INFO - Main window close successfully
2026-09-24 18:03 - INFO - ==================================================
2026-09-24 18:03 - INFO - New session close at 2026-09-24 18:03
2026-09-24 18:03 - INFO - ==================================================
2026-09-25 10:07 - INFO - UI load successful
2026-09-25 10:12 - INFO - >> Hardware Trigger: DI1 (Start) Pressed!
2026-09-25 10:12 - INFO - >> Hardware Trigger: DI2 (Abort) Pressed!
2026-09-25 10:12 - INFO - >> Hardware Trigger: DI1 (Start) Not Pressed!
2026-09-25 10:12 - INFO - >> Hardware Trigger: DI2 (Abort) Not Pressed!
2026-09-25 10:12 - INFO - UI load successful
2026-09-25 10:19 - INFO - Galvo Laser Shutdown
2026-09-25 10:19 - CRITICAL - Laser 1 : OFF
2026-09-25 10:19 - CRITICAL - Laser 2 : OFF
2026-09-25 10:19 - INFO - Stepper Lasers Shutdown
2026-09-25 10:19 - INFO - COM connection close successfully
2026-09-25 10:19 - INFO - Main window close successfully
2026-09-25 10:19 - INFO - ==================================================
2026-09-25 10:19 - INFO - New session close at 2026-09-25 10:19
2026-09-25 10:19 - INFO - ==================================================
2026-09-25 10:19 - INFO - >> Hardware Trigger: DI1 (Start) Pressed!
2026-09-25 10:19 - INFO - >> Hardware Trigger: DI2 (Abort) Pressed!
2026-09-25 10:19 - INFO - >> Hardware Trigger: DI1 (Start) Not Pressed!
2026-09-25 10:19 - INFO - >> Hardware Trigger: DI2 (Abort) Not Pressed!
2026-09-25 10:19 - INFO - UI load successful
2026-09-25 10:22 - INFO - Galvo Laser Shutdown
2026-09-25 10:22 - CRITICAL - Laser 1 : OFF
2026-09-25 10:22 - CRITICAL - Laser 2 : OFF
2026-09-25 10:22 - INFO - Stepper Lasers Shutdown
2026-09-25 10:22 - INFO - COM connection close successfully
2026-09-25 10:22 - INFO - Main window close successfully
2026-09-25 10:22 - INFO - ==================================================
2026-09-25 10:22 - INFO - New session close at 2026-09-25 10:22
2026-09-25 10:22 - INFO - ==================================================
2026-09-25 10:22 - INFO - >> Hardware Trigger: DI1 (Start) Pressed!
2026-09-25 10:22 - INFO - >> Hardware Trigger: DI2 (Abort) Pressed!
2026-09-25 10:22 - INFO - >> Hardware Trigger: DI1 (Start) Not Pressed!
2026-09-25 10:22 - INFO - >> Hardware Trigger: DI2 (Abort) Not Pressed!
2026-09-25 10:22 - INFO - UI load successful
2026-09-25 10:27 - INFO - >> Hardware Trigger: DI1 (Start) Pressed!
2026-09-25 10:27 - INFO - >> Hardware Trigger: DI2 (Abort) Pressed!
2026-09-25 10:27 - INFO - >> Hardware Trigger: DI1 (Start) Not Pressed!
2026-09-25 10:27 - INFO - >> Hardware Trigger: DI2 (Abort) Not Pressed!
2026-09-25 10:27 - INFO - UI load successful
2026-09-25 10:28 - INFO - Galvo Laser Shutdown
2026-09-25 10:28 - CRITICAL - Laser 1 : OFF
2026-09-25 10:28 - CRITICAL - Laser 2 : OFF
2026-09-25 10:28 - INFO - Stepper Lasers Shutdown
2026-09-25 10:28 - INFO - COM connection close successfully
2026-09-25 10:28 - INFO - Main window close successfully
2026-09-25 10:28 - INFO - ==================================================
2026-09-25 10:28 - INFO - New session close at 2026-09-25 10:28
2026-09-25 10:28 - INFO - ==================================================
2026-09-25 10:28 - INFO - >> Hardware Trigger: DI1 (Start) Pressed!
2026-09-25 10:28 - INFO - >> Hardware Trigger: DI2 (Abort) Pressed!
2026-09-25 10:28 - INFO - >> Hardware Trigger: DI1 (Start) Not Pressed!
2026-09-25 10:28 - INFO - >> Hardware Trigger: DI2 (Abort) Not Pressed!
2026-09-25 10:29 - INFO - UI load successful
2026-09-25 10:34 - INFO - >> Hardware Trigger: DI1 (Start) Pressed!
2026-09-25 10:34 - INFO - >> Hardware Trigger: DI2 (Abort) Pressed!
2026-09-25 10:34 - INFO - >> Hardware Trigger: DI1 (Start) Not Pressed!
2026-09-25 10:34 - INFO - >> Hardware Trigger: DI2 (Abort) Not Pressed!
2026-09-25 10:34 - INFO - UI load successful
2026-09-25 10:34 - INFO - Galvo Laser Shutdown
2026-09-25 10:34 - CRITICAL - Laser 1 : OFF
2026-09-25 10:34 - CRITICAL - Laser 2 : OFF
2026-09-25 10:34 - INFO - Stepper Lasers Shutdown
2026-09-25 10:34 - INFO - COM connection close successfully
2026-09-25 10:34 - INFO - Main window close successfully
2026-09-25 10:34 - INFO - ==================================================
2026-09-25 10:34 - INFO - New session close at 2026-09-25 10:34
2026-09-25 10:34 - INFO - ==================================================
2026-09-25 10:35 - INFO - >> Hardware Trigger: DI1 (Start) Pressed!
2026-09-25 10:35 - INFO - >> Hardware Trigger: DI2 (Abort) Pressed!
2026-09-25 10:35 - INFO - >> Hardware Trigger: DI1 (Start) Not Pressed!
2026-09-25 10:35 - INFO - >> Hardware Trigger: DI2 (Abort) Not Pressed!
2026-09-25 10:35 - INFO - UI load successful
2026-09-25 10:35 - INFO - Galvo Laser Shutdown
2026-09-25 10:35 - CRITICAL - Laser 1 : OFF
2026-09-25 10:35 - CRITICAL - Laser 2 : OFF
2026-09-25 10:35 - INFO - Stepper Lasers Shutdown
2026-09-25 10:35 - INFO - COM connection close successfully
2026-09-25 10:35 - INFO - Main window close successfully
2026-09-25 10:35 - INFO - ==================================================
2026-09-25 10:35 - INFO - New session close at 2026-09-25 10:35
2026-09-25 10:35 - INFO - ==================================================
2026-09-25 10:35 - INFO - >> Hardware Trigger: DI1 (Start) Pressed!
2026-09-25 10:35 - INFO - >> Hardware Trigger: DI1 (Start) Not Pressed!
2026-09-25 10:36 - INFO - >> Hardware Trigger: DI1 (Start) Pressed!
2026-09-25 10:36 - INFO - >> Hardware Trigger: DI2 (Abort) Pressed!
2026-09-25 10:36 - INFO - >> Hardware Trigger: DI1 (Start) Not Pressed!
2026-09-25 10:36 - INFO - >> Hardware Trigger: DI2 (Abort) Not Pressed!
2026-09-25 10:36 - INFO - UI load successful
2026-09-25 10:48 - INFO - UI load successful
2026-09-25 10:49 - INFO - Galvo Laser Shutdown
2026-09-25 10:49 - CRITICAL - Laser 1 : OFF
2026-09-25 10:49 - CRITICAL - Laser 2 : OFF
2026-09-25 10:49 - INFO - Stepper Lasers Shutdown
2026-09-25 10:49 - INFO - COM connection close successfully
2026-09-25 10:49 - INFO - Main window close successfully
2026-09-25 10:49 - INFO - ==================================================
2026-09-25 10:49 - INFO - New session close at 2026-09-25 10:49
2026-09-25 10:49 - INFO - ==================================================
2026-09-25 10:52 - INFO - UI load successful
2026-09-25 10:53 - INFO - Profile : Supervisor
2026-09-25 10:55 - INFO - Galvo Laser Shutdown
2026-09-25 10:55 - CRITICAL - Laser 1 : OFF
2026-09-25 10:55 - CRITICAL - Laser 2 : OFF
2026-09-25 10:55 - INFO - Stepper Lasers Shutdown
2026-09-25 10:55 - INFO - COM connection close successfully
2026-09-25 10:55 - INFO - Main window close successfully
2026-09-25 10:55 - INFO - ==================================================
2026-09-25 10:55 - INFO - New session close at 2026-09-25 10:55
2026-09-25 10:55 - INFO - ==================================================
2026-09-25 10:55 - INFO - UI load successful
2026-09-25 10:57 - INFO - Galvo Laser Shutdown
2026-09-25 10:57 - CRITICAL - Laser 1 : OFF
2026-09-25 10:57 - CRITICAL - Laser 2 : OFF
2026-09-25 10:57 - INFO - Stepper Lasers Shutdown
2026-09-25 10:57 - INFO - COM connection close successfully
2026-09-25 10:57 - INFO - Main window close successfully
2026-09-25 10:57 - INFO - ==================================================
2026-09-25 10:57 - INFO - New session close at 2026-09-25 10:57
2026-09-25 10:57 - INFO - ==================================================
2026-09-25 10:57 - INFO - UI load successful
2026-09-25 11:00 - INFO - Galvo Laser Shutdown
2026-09-25 11:00 - CRITICAL - Laser 1 : OFF
2026-09-25 11:00 - CRITICAL - Laser 2 : OFF
2026-09-25 11:00 - INFO - Stepper Lasers Shutdown
2026-09-25 11:00 - INFO - COM connection close successfully
2026-09-25 11:00 - INFO - Main window close successfully
2026-09-25 11:00 - INFO - ==================================================
2026-09-25 11:00 - INFO - New session close at 2026-09-25 11:00
2026-09-25 11:00 - INFO - ==================================================
2026-09-25 11:00 - INFO - UI load successful
2026-09-25 11:03 - INFO - Galvo Laser Shutdown
2026-09-25 11:03 - CRITICAL - Laser 1 : OFF
2026-09-25 11:03 - CRITICAL - Laser 2 : OFF
2026-09-25 11:03 - INFO - Stepper Lasers Shutdown
2026-09-25 11:03 - INFO - COM connection close successfully
2026-09-25 11:03 - INFO - Main window close successfully
2026-09-25 11:03 - INFO - ==================================================
2026-09-25 11:03 - INFO - New session close at 2026-09-25 11:03
2026-09-25 11:03 - INFO - ==================================================
2026-09-25 11:07 - INFO - UI load successful
2026-09-25 11:10 - INFO - Profile : Supervisor
2026-09-25 11:17 - INFO - Galvo Laser Shutdown
2026-09-25 11:17 - CRITICAL - Laser 1 : OFF
2026-09-25 11:17 - CRITICAL - Laser 2 : OFF
2026-09-25 11:17 - INFO - Stepper Lasers Shutdown
2026-09-25 11:17 - INFO - COM connection close successfully
2026-09-25 11:17 - INFO - Main window close successfully
2026-09-25 11:17 - INFO - ==================================================
2026-09-25 11:17 - INFO - New session close at 2026-09-25 11:17
2026-09-25 11:17 - INFO - ==================================================
2026-09-25 11:17 - INFO - UI load successful
2026-09-25 12:52 - INFO - Galvo Laser Shutdown
2026-09-25 12:52 - CRITICAL - Laser 1 : OFF
2026-09-25 12:52 - CRITICAL - Laser 2 : OFF
2026-09-25 12:52 - INFO - Stepper Lasers Shutdown
2026-09-25 12:52 - INFO - COM connection close successfully
2026-09-25 12:52 - INFO - Main window close successfully
2026-09-25 12:52 - INFO - ==================================================
2026-09-25 12:52 - INFO - New session close at 2026-09-25 12:52
2026-09-25 12:52 - INFO - ==================================================
2026-09-25 12:52 - INFO - UI load successful
2026-09-25 12:53 - INFO - Galvo Laser Shutdown
2026-09-25 12:53 - CRITICAL - Laser 1 : OFF
2026-09-25 12:53 - CRITICAL - Laser 2 : OFF
2026-09-25 12:53 - INFO - Stepper Lasers Shutdown
2026-09-25 12:53 - INFO - COM connection close successfully
2026-09-25 12:53 - INFO - Main window close successfully
2026-09-25 12:53 - INFO - ==================================================
2026-09-25 12:53 - INFO - New session close at 2026-09-25 12:53
2026-09-25 12:53 - INFO - ==================================================
2026-09-25 12:53 - INFO - UI load successful
2026-09-25 12:53 - INFO - Profile : Supervisor
2026-09-25 12:55 - INFO - Galvo Laser Shutdown
2026-09-25 12:55 - CRITICAL - Laser 1 : OFF
2026-09-25 12:55 - CRITICAL - Laser 2 : OFF
2026-09-25 12:55 - INFO - Stepper Lasers Shutdown
2026-09-25 12:55 - INFO - COM connection close successfully
2026-09-25 12:55 - INFO - Main window close successfully
2026-09-25 12:55 - INFO - ==================================================
2026-09-25 12:55 - INFO - New session close at 2026-09-25 12:55
2026-09-25 12:55 - INFO - ==================================================
2026-09-25 13:04 - INFO - UI load successful
2026-09-25 13:04 - INFO - Profile : Supervisor
2026-09-25 14:33 - INFO - Galvo Laser Shutdown
2026-09-25 14:33 - CRITICAL - Laser 1 : OFF
2026-09-25 14:33 - CRITICAL - Laser 2 : OFF
2026-09-25 14:33 - INFO - Stepper Lasers Shutdown
2026-09-25 14:33 - INFO - COM connection close successfully
2026-09-25 14:33 - INFO - Main window close successfully
2026-09-25 14:33 - INFO - ==================================================
2026-09-25 14:33 - INFO - New session close at 2026-09-25 14:33
2026-09-25 14:33 - INFO - ==================================================
2026-09-25 14:34 - INFO - UI load successful
2026-09-25 14:34 - INFO - Profile : Supervisor
2026-09-25 14:37 - INFO - File selected : D:/Atharva/Galvo_Scribber/Galvo_22092026/40mm_square.svg
2026-09-25 14:38 - INFO - Parameters saved for D:/Atharva/Galvo_Scribber/Galvo_22092026/40mm_square.svg
2026-09-25 14:38 - INFO - Parameters saved for D:/Atharva/Galvo_Scribber/Galvo_22092026/40mm_square.svg
2026-09-25 14:44 - INFO - Parameters saved for D:/Atharva/Galvo_Scribber/Galvo_22092026/40mm_square.svg
2026-09-25 14:46 - INFO - File selected : D:/Atharva/Galvo_Scribber/Galvo_22092026/80mm_square.svg
2026-09-25 14:46 - INFO - Parameters saved for D:/Atharva/Galvo_Scribber/Galvo_22092026/80mm_square.svg
2026-09-25 14:46 - INFO - File selected : D:/Atharva/Galvo_Scribber/Galvo_22092026/40mm_square.svg
2026-09-25 14:46 - INFO - Parameters saved for D:/Atharva/Galvo_Scribber/Galvo_22092026/40mm_square.svg
2026-09-25 14:48 - INFO - Parameters saved for D:/Atharva/Galvo_Scribber/Galvo_22092026/40mm_square.svg
2026-09-25 14:50 - INFO - Parameters saved for D:/Atharva/Galvo_Scribber/Galvo_22092026/40mm_square.svg
2026-09-25 14:54 - INFO - Close event ignored.
2026-09-25 14:54 - INFO - Close event ignored.
2026-09-25 14:54 - INFO - Close event ignored.
2026-09-25 14:54 - INFO - Close event ignored.
2026-09-25 14:54 - INFO - Close event ignored.
2026-09-25 14:54 - INFO - Close event ignored.
2026-09-25 14:54 - INFO - Close event ignored.
2026-09-25 14:54 - INFO - Close event ignored.
2026-09-25 14:54 - INFO - Close event ignored.
2026-09-25 14:54 - INFO - Close event ignored.
2026-09-25 14:54 - INFO - Close event ignored.
2026-09-25 14:55 - INFO - UI load successful
2026-09-25 14:55 - INFO - Profile : Supervisor
2026-09-25 15:08 - INFO - Galvo Laser Shutdown
2026-09-25 15:08 - CRITICAL - Laser 1 : OFF
2026-09-25 15:08 - CRITICAL - Laser 2 : OFF
2026-09-25 15:08 - INFO - Stepper Lasers Shutdown
2026-09-25 15:08 - INFO - COM connection close successfully
2026-09-25 15:08 - INFO - Main window close successfully
2026-09-25 15:08 - INFO - ==================================================
2026-09-25 15:08 - INFO - New session close at 2026-09-25 15:08
2026-09-25 15:08 - INFO - ==================================================
2026-09-25 15:08 - INFO - UI load successful
2026-09-25 15:08 - INFO - Profile : Supervisor
2026-09-25 15:55 - INFO - Galvo Laser Shutdown
2026-09-25 15:55 - CRITICAL - Laser 1 : OFF
2026-09-25 15:55 - CRITICAL - Laser 2 : OFF
2026-09-25 15:55 - INFO - Stepper Lasers Shutdown
2026-09-25 15:55 - INFO - COM connection close successfully
2026-09-25 15:55 - INFO - Main window close successfully
2026-09-25 15:55 - INFO - ==================================================
2026-09-25 15:55 - INFO - New session close at 2026-09-25 15:55
2026-09-25 15:55 - INFO - ==================================================
2026-09-25 15:56 - INFO - UI load successful
2026-09-25 15:56 - INFO - Profile : Supervisor
2026-09-25 16:31 - INFO - Galvo Laser Shutdown
2026-09-25 16:31 - CRITICAL - Laser 1 : OFF
2026-09-25 16:31 - CRITICAL - Laser 2 : OFF
2026-09-25 16:31 - INFO - Stepper Lasers Shutdown
2026-09-25 16:31 - INFO - COM connection close successfully
2026-09-25 16:31 - INFO - Main window close successfully
2026-09-25 16:31 - INFO - ==================================================
2026-09-25 16:31 - INFO - New session close at 2026-09-25 16:31
2026-09-25 16:31 - INFO - ==================================================
2026-09-25 16:31 - INFO - UI load successful
2026-09-25 16:32 - INFO - Profile : Supervisor
2026-09-25 16:45 - INFO - Galvo Laser Shutdown
2026-09-25 16:45 - CRITICAL - Laser 1 : OFF
2026-09-25 16:45 - CRITICAL - Laser 2 : OFF
2026-09-25 16:45 - INFO - Stepper Lasers Shutdown
2026-09-25 16:45 - INFO - COM connection close successfully
2026-09-25 16:45 - INFO - Main window close successfully
2026-09-25 16:45 - INFO - ==================================================
2026-09-25 16:45 - INFO - New session close at 2026-09-25 16:45
2026-09-25 16:45 - INFO - ==================================================
2026-09-25 16:48 - INFO - UI load successful
2026-09-25 16:49 - INFO - Profile : Supervisor
2026-09-25 16:55 - INFO - File selected : D:/Atharva/Galvo_Scribber/Galvo_22092026/40mm_square.svg
2026-09-25 16:55 - INFO - Parameters saved for D:/Atharva/Galvo_Scribber/Galvo_22092026/40mm_square.svg
2026-09-25 17:04 - INFO - Galvo Laser Shutdown
2026-09-25 17:04 - CRITICAL - Laser 1 : OFF
2026-09-25 17:04 - CRITICAL - Laser 2 : OFF
2026-09-25 17:04 - INFO - Stepper Lasers Shutdown
2026-09-25 17:04 - INFO - COM connection close successfully
2026-09-25 17:04 - INFO - Main window close successfully
2026-09-25 17:04 - INFO - ==================================================
2026-09-25 17:04 - INFO - New session close at 2026-09-25 17:04
2026-09-25 17:04 - INFO - ==================================================
2026-09-25 17:04 - INFO - UI load successful
2026-09-25 17:04 - INFO - Profile : Supervisor
2026-09-25 17:05 - INFO - File selected : D:/Atharva/Galvo_Scribber/Galvo_22092026/80mm_square.svg
2026-09-25 17:05 - INFO - Parameters saved for D:/Atharva/Galvo_Scribber/Galvo_22092026/80mm_square.svg
2026-09-25 17:06 - INFO - Galvo Laser Shutdown
2026-09-25 17:06 - CRITICAL - Laser 1 : OFF
2026-09-25 17:06 - CRITICAL - Laser 2 : OFF
2026-09-25 17:06 - INFO - Stepper Lasers Shutdown
2026-09-25 17:06 - INFO - COM connection close successfully
2026-09-25 17:06 - INFO - Main window close successfully
2026-09-25 17:06 - INFO - ==================================================
2026-09-25 17:06 - INFO - New session close at 2026-09-25 17:06
2026-09-25 17:06 - INFO - ==================================================
2026-09-25 17:06 - INFO - UI load successful
2026-09-25 17:06 - INFO - File selected : D:/Atharva/Galvo_Scribber/Galvo_22092026/80mm_square.svg
2026-09-25 17:06 - INFO - Parameters saved for D:/Atharva/Galvo_Scribber/Galvo_22092026/80mm_square.svg
2026-09-25 17:07 - INFO - File selected : D:/Atharva/Galvo_Scribber/Galvo_22092026/40mm_square.svg
2026-09-25 17:07 - INFO - Parameters saved for D:/Atharva/Galvo_Scribber/Galvo_22092026/40mm_square.svg
2026-09-25 17:07 - INFO - File selected : D:/Atharva/Galvo_Scribber/Galvo_22092026/80mm_square.svg
2026-09-25 17:07 - INFO - Parameters saved for D:/Atharva/Galvo_Scribber/Galvo_22092026/80mm_square.svg
2026-09-25 17:08 - INFO - Galvo Laser Shutdown
2026-09-25 17:08 - CRITICAL - Laser 1 : OFF
2026-09-25 17:08 - CRITICAL - Laser 2 : OFF
2026-09-25 17:08 - INFO - Stepper Lasers Shutdown
2026-09-25 17:08 - INFO - COM connection close successfully
2026-09-25 17:08 - INFO - Main window close successfully
2026-09-25 17:08 - INFO - ==================================================
2026-09-25 17:08 - INFO - New session close at 2026-09-25 17:08
2026-09-25 17:08 - INFO - ==================================================
2026-09-25 17:09 - INFO - UI load successful
2026-09-25 17:09 - INFO - File selected : D:/Atharva/Galvo_Scribber/Galvo_22092026/80mm_square.svg
2026-09-25 17:09 - INFO - Parameters saved for D:/Atharva/Galvo_Scribber/Galvo_22092026/80mm_square.svg
2026-09-25 17:11 - INFO - File selected : D:/Atharva/Galvo_Scribber/Galvo_22092026/40mm_square.svg
2026-09-25 17:11 - INFO - Parameters saved for D:/Atharva/Galvo_Scribber/Galvo_22092026/40mm_square.svg
2026-09-25 17:13 - INFO - Galvo Laser Shutdown
2026-09-25 17:13 - CRITICAL - Laser 1 : OFF
2026-09-25 17:13 - CRITICAL - Laser 2 : OFF
2026-09-25 17:13 - INFO - Stepper Lasers Shutdown
2026-09-25 17:13 - INFO - COM connection close successfully
2026-09-25 17:13 - INFO - Main window close successfully
2026-09-25 17:13 - INFO - ==================================================
2026-09-25 17:13 - INFO - New session close at 2026-09-25 17:13
2026-09-25 17:13 - INFO - ==================================================
2026-09-25 17:19 - INFO - UI load successful
2026-09-25 17:20 - INFO - File selected : D:/Atharva/Galvo_Scribber/Galvo_22092026/svg_files/africakimudra.svg
2026-09-25 17:20 - INFO - Parameters saved for D:/Atharva/Galvo_Scribber/Galvo_22092026/svg_files/africakimudra.svg
2026-09-25 17:21 - INFO - Close event ignored.
2026-09-25 17:22 - INFO - UI load successful
2026-09-25 17:22 - INFO - File selected : D:/Atharva/Galvo_Scribber/Galvo_22092026/svg_files/africakimudra.svg
2026-09-25 17:22 - INFO - Parameters saved for D:/Atharva/Galvo_Scribber/Galvo_22092026/svg_files/africakimudra.svg
2026-09-25 17:22 - INFO - Parameters saved for D:/Atharva/Galvo_Scribber/Galvo_22092026/svg_files/africakimudra.svg
2026-09-25 17:23 - INFO - Close event ignored.
2026-09-25 17:24 - INFO - Galvo Laser Shutdown
2026-09-25 17:24 - CRITICAL - Laser 1 : OFF
2026-09-25 17:24 - CRITICAL - Laser 2 : OFF
2026-09-25 17:24 - INFO - Stepper Lasers Shutdown
2026-09-25 17:24 - INFO - COM connection close successfully
2026-09-25 17:24 - INFO - Main window close successfully
2026-09-25 17:24 - INFO - ==================================================
2026-09-25 17:24 - INFO - New session close at 2026-09-25 17:24
2026-09-25 17:24 - INFO - ==================================================
2026-09-25 17:24 - INFO - UI load successful
2026-09-25 17:24 - INFO - File selected : D:/Atharva/Galvo_Scribber/Galvo_22092026/svg_files/africakimudra.svg
2026-09-25 17:24 - INFO - Parameters saved for D:/Atharva/Galvo_Scribber/Galvo_22092026/svg_files/africakimudra.svg
2026-09-25 17:39 - INFO - Parameters saved for D:/Atharva/Galvo_Scribber/Galvo_22092026/svg_files/africakimudra.svg
2026-09-25 17:40 - INFO - Parameters saved for D:/Atharva/Galvo_Scribber/Galvo_22092026/svg_files/africakimudra.svg
2026-09-25 17:42 - INFO - Galvo Laser Shutdown
2026-09-25 17:42 - CRITICAL - Laser 1 : OFF
2026-09-25 17:42 - CRITICAL - Laser 2 : OFF
2026-09-25 17:42 - INFO - Stepper Lasers Shutdown
2026-09-25 17:42 - INFO - COM connection close successfully
2026-09-25 17:42 - INFO - Main window close successfully
2026-09-25 17:42 - INFO - ==================================================
2026-09-25 17:42 - INFO - New session close at 2026-09-25 17:42
2026-09-25 17:42 - INFO - ==================================================
2026-09-25 17:42 - INFO - UI load successful
2026-09-25 17:44 - INFO - Profile : Supervisor
2026-09-25 17:45 - INFO - File selected : D:/Atharva/Galvo_Scribber/Galvo_22092026/svg_files/africakimudra.svg
2026-09-25 17:45 - INFO - Parameters saved for D:/Atharva/Galvo_Scribber/Galvo_22092026/svg_files/africakimudra.svg
2026-09-25 18:06 - INFO - Galvo Laser Shutdown
2026-09-25 18:06 - CRITICAL - Laser 1 : OFF
2026-09-25 18:06 - CRITICAL - Laser 2 : OFF
2026-09-25 18:06 - INFO - Stepper Lasers Shutdown
2026-09-25 18:06 - INFO - COM connection close successfully
2026-09-25 18:06 - INFO - Main window close successfully
2026-09-25 18:06 - INFO - ==================================================
2026-09-25 18:06 - INFO - New session close at 2026-09-25 18:06
2026-09-25 18:06 - INFO - ==================================================
2026-09-26 10:14 - INFO - UI load successful
2026-09-26 10:16 - INFO - Profile : Supervisor
2026-09-26 10:28 - INFO - Galvo Laser Shutdown
2026-09-26 10:28 - CRITICAL - Laser 1 : OFF
2026-09-26 10:28 - CRITICAL - Laser 2 : OFF
2026-09-26 10:28 - INFO - Stepper Lasers Shutdown
2026-09-26 10:28 - INFO - COM connection close successfully
2026-09-26 10:28 - INFO - Main window close successfully
2026-09-26 10:28 - INFO - ==================================================
2026-09-26 10:28 - INFO - New session close at 2026-09-26 10:28
2026-09-26 10:28 - INFO - ==================================================
2026-09-26 10:29 - INFO - UI load successful
2026-09-26 10:29 - INFO - >> Hardware Trigger: DI1 (Start) Pressed!
2026-09-26 10:29 - INFO - >> Hardware Trigger: DI2 (Abort) Pressed!
2026-09-26 10:29 - INFO - Close event ignored.
2026-09-26 10:29 - INFO - UI load successful
2026-09-26 10:31 - INFO - Profile : Supervisor
2026-09-26 10:47 - INFO - Galvo Laser Shutdown
2026-09-26 10:47 - CRITICAL - Laser 1 : OFF
2026-09-26 10:47 - CRITICAL - Laser 2 : OFF
2026-09-26 10:47 - INFO - Stepper Lasers Shutdown
2026-09-26 10:47 - INFO - COM connection close successfully
2026-09-26 10:47 - INFO - Main window close successfully
2026-09-26 10:47 - INFO - ==================================================
2026-09-26 10:47 - INFO - New session close at 2026-09-26 10:47
2026-09-26 10:47 - INFO - ==================================================
2026-09-26 10:47 - INFO - UI load successful
2026-09-26 10:47 - INFO - Profile : Supervisor
2026-09-26 10:50 - INFO - File selected : D:/Atharva/Galvo_Scribber/Galvo_22092026/40mm_square.svg
2026-09-26 10:50 - INFO - Parameters saved for D:/Atharva/Galvo_Scribber/Galvo_22092026/40mm_square.svg
2026-09-26 10:52 - INFO - Galvo Laser Shutdown
2026-09-26 10:52 - CRITICAL - Laser 1 : OFF
2026-09-26 10:52 - CRITICAL - Laser 2 : OFF
2026-09-26 10:52 - INFO - Stepper Lasers Shutdown
2026-09-26 10:52 - INFO - COM connection close successfully
2026-09-26 10:52 - INFO - Main window close successfully
2026-09-26 10:52 - INFO - ==================================================
2026-09-26 10:52 - INFO - New session close at 2026-09-26 10:52
2026-09-26 10:52 - INFO - ==================================================
2026-09-26 10:52 - INFO - UI load successful
2026-09-26 10:53 - INFO - Profile : Supervisor
2026-09-26 10:53 - INFO - File selected : D:/Atharva/Galvo_Scribber/Galvo_22092026/80mm_square.svg
2026-09-26 10:53 - INFO - Parameters saved for D:/Atharva/Galvo_Scribber/Galvo_22092026/80mm_square.svg
2026-09-26 10:56 - INFO - File selected : D:/Atharva/Galvo_Scribber/Galvo_22092026/40mm_square.svg
2026-09-26 10:56 - INFO - Parameters saved for D:/Atharva/Galvo_Scribber/Galvo_22092026/40mm_square.svg
2026-09-26 11:28 - INFO - Galvo Laser Shutdown
2026-09-26 11:28 - CRITICAL - Laser 1 : OFF
2026-09-26 11:28 - CRITICAL - Laser 2 : OFF
2026-09-26 11:28 - INFO - Stepper Lasers Shutdown
2026-09-26 11:28 - INFO - COM connection close successfully
2026-09-26 11:28 - INFO - Main window close successfully
2026-09-26 11:28 - INFO - ==================================================
2026-09-26 11:28 - INFO - New session close at 2026-09-26 11:28
2026-09-26 11:28 - INFO - ==================================================
2026-09-26 11:33 - INFO - UI load successful
2026-09-26 12:36 - INFO - UI load successful
2026-09-26 12:37 - INFO - UI load successful
2026-09-26 12:40 - INFO - >> Hardware Trigger: DI1 (Start) Pressed!
2026-09-26 12:40 - INFO - >> Hardware Trigger: DI2 (Abort) Pressed!
2026-09-26 12:40 - INFO - >> Hardware Trigger: DI1 (Start) Not Pressed!
2026-09-26 12:40 - INFO - >> Hardware Trigger: DI2 (Abort) Not Pressed!
2026-09-26 12:40 - INFO - UI load successful
2026-09-26 12:40 - INFO - Galvo Laser Shutdown
2026-09-26 12:40 - CRITICAL - Laser 1 : OFF
2026-09-26 12:40 - CRITICAL - Laser 2 : OFF
2026-09-26 12:40 - INFO - Stepper Lasers Shutdown
2026-09-26 12:40 - INFO - COM connection close successfully
2026-09-26 12:40 - INFO - Main window close successfully
2026-09-26 12:40 - INFO - ==================================================
2026-09-26 12:40 - INFO - New session close at 2026-09-26 12:40
2026-09-26 12:40 - INFO - ==================================================
2026-09-26 12:43 - INFO - >> Hardware Trigger: DI1 (Start) Pressed!
2026-09-26 12:43 - INFO - >> Hardware Trigger: DI2 (Abort) Pressed!
2026-09-26 12:43 - INFO - >> Hardware Trigger: DI1 (Start) Not Pressed!
2026-09-26 12:43 - INFO - >> Hardware Trigger: DI2 (Abort) Not Pressed!
2026-09-26 12:43 - INFO - UI load successful
2026-09-26 12:45 - INFO - >> Hardware Trigger: DI1 (Start) Pressed!
2026-09-26 12:45 - INFO - >> Hardware Trigger: DI1 (Start) Pressed!
2026-09-26 12:45 - INFO - >> Hardware Trigger: DI1 (Start) Not Pressed!
2026-09-26 12:45 - INFO - >> Hardware Trigger: DI1 (Start) Not Pressed!
2026-09-26 12:45 - INFO - UI load successful
2026-09-26 12:45 - INFO - Galvo Laser Shutdown
2026-09-26 12:45 - CRITICAL - Laser 1 : OFF
2026-09-26 12:45 - CRITICAL - Laser 2 : OFF
2026-09-26 12:45 - INFO - Stepper Lasers Shutdown
2026-09-26 12:45 - INFO - COM connection close successfully
2026-09-26 12:45 - INFO - Main window close successfully
2026-09-26 12:45 - INFO - ==================================================
2026-09-26 12:45 - INFO - New session close at 2026-09-26 12:45
2026-09-26 12:45 - INFO - ==================================================
2026-09-26 12:47 - INFO - >> Hardware Trigger: DI1 (Start) Pressed!
2026-09-26 12:47 - INFO - >> Hardware Trigger: DI1 (Start) Pressed!
2026-09-26 12:47 - INFO - >> Hardware Trigger: DI1 (Start) Not Pressed!
2026-09-26 12:47 - INFO - >> Hardware Trigger: DI1 (Start) Not Pressed!
2026-09-26 12:49 - INFO - >> Hardware Trigger: DI1 (Start) Pressed!
2026-09-26 12:49 - INFO - >> Hardware Trigger: DI1 (Start) Pressed!
2026-09-26 12:49 - INFO - >> Hardware Trigger: DI1 (Start) Not Pressed!
2026-09-26 12:49 - INFO - >> Hardware Trigger: DI1 (Start) Not Pressed!
2026-09-26 12:50 - INFO - >> Hardware Trigger: DI1 (Start) Pressed!
2026-09-26 12:50 - INFO - >> Hardware Trigger: DI1 (Start) Pressed!
2026-09-26 12:50 - INFO - >> Hardware Trigger: DI1 (Start) Not Pressed!
2026-09-26 12:50 - INFO - >> Hardware Trigger: DI1 (Start) Not Pressed!
2026-09-26 12:50 - INFO - UI load successful
2026-09-26 12:53 - INFO - >> Hardware Trigger: DI1 (Start) Pressed!
2026-09-26 12:53 - INFO - >> Hardware Trigger: DI1 (Start) Pressed!
2026-09-26 12:53 - INFO - >> Hardware Trigger: DI1 (Start) Not Pressed!
2026-09-26 12:53 - INFO - >> Hardware Trigger: DI1 (Start) Not Pressed!
2026-09-26 12:53 - INFO - UI load successful
2026-09-26 12:53 - INFO - Close event ignored.
2026-09-26 12:54 - INFO - Galvo Laser Shutdown
2026-09-26 12:54 - INFO - Stepper Lasers Shutdown
2026-09-26 12:54 - INFO - COM connection close successfully
2026-09-26 12:54 - INFO - Main window close successfully
2026-09-26 12:54 - INFO - ==================================================
2026-09-26 12:54 - INFO - New session close at 2026-09-26 12:54
2026-09-26 12:54 - INFO - ==================================================
2026-09-26 12:54 - INFO - >> Hardware Trigger: DI1 (Start) Pressed!
2026-09-26 12:54 - INFO - >> Hardware Trigger: DI1 (Start) Pressed!
2026-09-26 12:54 - INFO - >> Hardware Trigger: DI1 (Start) Not Pressed!
2026-09-26 12:54 - INFO - >> Hardware Trigger: DI1 (Start) Not Pressed!
2026-09-26 12:54 - INFO - UI load successful
2026-09-26 12:55 - INFO - Galvo Laser Shutdown
2026-09-26 12:55 - INFO - Stepper Lasers Shutdown
2026-09-26 12:55 - INFO - COM connection close successfully
2026-09-26 12:55 - INFO - Main window close successfully
2026-09-26 12:55 - INFO - ==================================================
2026-09-26 12:55 - INFO - New session close at 2026-09-26 12:55
2026-09-26 12:55 - INFO - ==================================================
2026-09-26 12:59 - INFO - >> Hardware Trigger: DI1 (Start) Pressed!
2026-09-26 12:59 - INFO - >> Hardware Trigger: DI1 (Start) Pressed!
2026-09-26 12:59 - INFO - >> Hardware Trigger: DI1 (Start) Not Pressed!
2026-09-26 12:59 - INFO - >> Hardware Trigger: DI1 (Start) Not Pressed!
2026-09-26 12:59 - INFO - UI load successful
2026-09-26 13:02 - INFO - Galvo Laser Shutdown
2026-09-26 13:02 - INFO - Stepper Lasers Shutdown
2026-09-26 13:02 - INFO - COM connection close successfully
2026-09-26 13:02 - INFO - Main window close successfully
2026-09-26 13:02 - INFO - ==================================================
2026-09-26 13:02 - INFO - New session close at 2026-09-26 13:02
2026-09-26 13:02 - INFO - ==================================================
2026-09-26 13:06 - INFO - >> Hardware Trigger: DI1 (Start) Pressed!
2026-09-26 13:06 - INFO - >> Hardware Trigger: DI1 (Start) Pressed!
2026-09-26 13:06 - INFO - >> Hardware Trigger: DI1 (Start) Not Pressed!
2026-09-26 13:06 - INFO - >> Hardware Trigger: DI1 (Start) Not Pressed!
2026-09-26 13:06 - INFO - UI load successful
2026-09-26 13:06 - INFO - Galvo Laser Shutdown
2026-09-26 13:06 - INFO - Stepper Lasers Shutdown
2026-09-26 13:06 - INFO - COM connection close successfully
2026-09-26 13:06 - INFO - Main window close successfully
2026-09-26 13:06 - INFO - ==================================================
2026-09-26 13:06 - INFO - New session close at 2026-09-26 13:06
2026-09-26 13:06 - INFO - ==================================================
2026-09-26 13:08 - INFO - >> Hardware Trigger: DI1 (Start) Pressed!
2026-09-26 13:08 - INFO - >> Hardware Trigger: DI1 (Start) Pressed!
2026-09-26 13:08 - INFO - >> Hardware Trigger: DI1 (Start) Not Pressed!
2026-09-26 13:08 - INFO - >> Hardware Trigger: DI1 (Start) Not Pressed!
2026-09-26 13:08 - INFO - UI load successful
2026-09-26 13:12 - INFO - >> Hardware Trigger: DI1 (Start) Pressed!
2026-09-26 13:12 - INFO - >> Hardware Trigger: DI1 (Start) Pressed!
2026-09-26 13:12 - INFO - >> Hardware Trigger: DI1 (Start) Not Pressed!
2026-09-26 13:12 - INFO - >> Hardware Trigger: DI1 (Start) Not Pressed!
2026-09-26 13:12 - INFO - UI load successful
2026-09-26 13:13 - INFO - >> Hardware Trigger: DI1 (Start) Pressed!
2026-09-26 13:13 - INFO - >> Hardware Trigger: DI1 (Start) Pressed!
2026-09-26 13:13 - INFO - >> Hardware Trigger: DI1 (Start) Not Pressed!
2026-09-26 13:13 - INFO - >> Hardware Trigger: DI1 (Start) Not Pressed!
2026-09-26 13:13 - INFO - UI load successful
2026-09-26 13:14 - INFO - >> Hardware Trigger: DI1 (Start) Pressed!
2026-09-26 13:14 - INFO - >> Hardware Trigger: DI1 (Start) Pressed!
2026-09-26 13:14 - INFO - >> Hardware Trigger: DI1 (Start) Not Pressed!
2026-09-26 13:14 - INFO - >> Hardware Trigger: DI1 (Start) Not Pressed!
2026-09-26 13:14 - INFO - UI load successful
2026-09-26 13:17 - INFO - Galvo Laser Shutdown
2026-09-26 13:17 - INFO - Stepper Lasers Shutdown
2026-09-26 13:17 - INFO - COM connection close successfully
2026-09-26 13:17 - INFO - Main window close successfully
2026-09-26 13:17 - INFO - ==================================================
2026-09-26 13:17 - INFO - New session close at 2026-09-26 13:17
2026-09-26 13:17 - INFO - ==================================================
2026-09-26 13:18 - INFO - >> Hardware Trigger: DI1 (Start) Pressed!
2026-09-26 13:18 - INFO - >> Hardware Trigger: DI1 (Start) Pressed!
2026-09-26 13:18 - INFO - >> Hardware Trigger: DI1 (Start) Not Pressed!
2026-09-26 13:18 - INFO - >> Hardware Trigger: DI1 (Start) Not Pressed!
2026-09-26 13:18 - INFO - UI load successful
2026-09-26 13:20 - INFO - >> Hardware Trigger: DI1 (Start) Pressed!
2026-09-26 13:20 - INFO - >> Hardware Trigger: DI1 (Start) Pressed!
2026-09-26 13:20 - INFO - >> Hardware Trigger: DI1 (Start) Not Pressed!
2026-09-26 13:20 - INFO - >> Hardware Trigger: DI1 (Start) Not Pressed!
2026-09-26 13:20 - INFO - UI load successful
2026-09-26 13:21 - INFO - >> Hardware Trigger: DI1 (Start) Pressed!
2026-09-26 13:21 - INFO - >> Hardware Trigger: DI1 (Start) Pressed!
2026-09-26 13:21 - INFO - >> Hardware Trigger: DI1 (Start) Not Pressed!
2026-09-26 13:21 - INFO - UI load successful
2026-09-26 13:22 - INFO - Profile : Supervisor
2026-09-26 13:22 - INFO - Close event ignored.
2026-09-26 13:23 - INFO - >> Hardware Trigger: DI1 (Start) Pressed!
2026-09-26 13:23 - INFO - >> Hardware Trigger: DI1 (Start) Pressed!
2026-09-26 13:23 - INFO - >> Hardware Trigger: DI1 (Start) Not Pressed!
2026-09-26 13:23 - INFO - >> Hardware Trigger: DI1 (Start) Not Pressed!
2026-09-26 13:23 - INFO - UI load successful
2026-09-26 13:24 - INFO - >> Hardware Trigger: DI1 (Start) Pressed!
2026-09-26 13:24 - INFO - >> Hardware Trigger: DI1 (Start) Pressed!
2026-09-26 13:24 - INFO - >> Hardware Trigger: DI1 (Start) Not Pressed!
2026-09-26 13:24 - INFO - >> Hardware Trigger: DI1 (Start) Not Pressed!
2026-09-26 13:24 - INFO - UI load successful
2026-09-26 13:27 - INFO - >> Hardware Trigger: DI1 (Start) Pressed!
2026-09-26 13:27 - INFO - >> Hardware Trigger: DI1 (Start) Pressed!
2026-09-26 13:27 - INFO - >> Hardware Trigger: DI1 (Start) Not Pressed!
2026-09-26 13:27 - INFO - >> Hardware Trigger: DI1 (Start) Not Pressed!
2026-09-26 13:28 - INFO - UI load successful
2026-09-26 13:29 - INFO - >> Hardware Trigger: DI1 (Start) Pressed!
2026-09-26 13:29 - INFO - >> Hardware Trigger: DI1 (Start) Pressed!
2026-09-26 13:29 - INFO - >> Hardware Trigger: DI1 (Start) Not Pressed!
2026-09-26 13:29 - INFO - >> Hardware Trigger: DI1 (Start) Not Pressed!
2026-09-26 13:29 - INFO - UI load successful
2026-09-26 13:31 - INFO - Profile : Supervisor
2026-09-26 13:35 - INFO - >> Hardware Trigger: DI1 (Start) Pressed!
2026-09-26 13:35 - INFO - >> Hardware Trigger: DI1 (Start) Pressed!
2026-09-26 13:35 - INFO - >> Hardware Trigger: DI1 (Start) Not Pressed!
2026-09-26 13:35 - INFO - >> Hardware Trigger: DI1 (Start) Not Pressed!
2026-09-26 13:35 - INFO - UI load successful
2026-09-26 13:37 - INFO - >> Hardware Trigger: DI1 (Start) Pressed!
2026-09-26 13:37 - INFO - >> Hardware Trigger: DI1 (Start) Pressed!
2026-09-26 13:37 - INFO - >> Hardware Trigger: DI1 (Start) Not Pressed!
2026-09-26 13:37 - INFO - >> Hardware Trigger: DI1 (Start) Not Pressed!
2026-09-26 13:38 - INFO - >> Hardware Trigger: DI1 (Start) Pressed!
2026-09-26 13:38 - INFO - >> Hardware Trigger: DI1 (Start) Pressed!
2026-09-26 13:38 - INFO - >> Hardware Trigger: DI1 (Start) Not Pressed!
2026-09-26 13:38 - INFO - >> Hardware Trigger: DI1 (Start) Not Pressed!
2026-09-26 13:38 - INFO - UI load successful
2026-09-26 13:39 - INFO - >> Hardware Trigger: DI1 (Start) Pressed!
2026-09-26 13:39 - INFO - >> Hardware Trigger: DI1 (Start) Pressed!
2026-09-26 13:39 - INFO - >> Hardware Trigger: DI1 (Start) Not Pressed!
2026-09-26 13:39 - INFO - >> Hardware Trigger: DI1 (Start) Not Pressed!
2026-09-26 13:39 - INFO - UI load successful
2026-09-26 13:40 - INFO - Galvo Laser Shutdown
2026-09-26 13:40 - CRITICAL - Laser 1 : OFF
2026-09-26 13:40 - CRITICAL - Laser 2 : OFF
2026-09-26 13:40 - INFO - Stepper Lasers Shutdown
2026-09-26 13:40 - INFO - COM connection close successfully
2026-09-26 13:40 - INFO - Main window close successfully
2026-09-26 13:40 - INFO - ==================================================
2026-09-26 13:40 - INFO - New session close at 2026-09-26 13:40
2026-09-26 13:40 - INFO - ==================================================
2026-09-26 13:41 - INFO - >> Hardware Trigger: DI1 (Start) Pressed!
2026-09-26 13:41 - INFO - >> Hardware Trigger: DI1 (Start) Pressed!
2026-09-26 13:41 - INFO - >> Hardware Trigger: DI1 (Start) Not Pressed!
2026-09-26 13:41 - INFO - >> Hardware Trigger: DI1 (Start) Not Pressed!
2026-09-26 13:41 - INFO - UI load successful
2026-09-26 14:24 - INFO - >> Hardware Trigger: DI1 (Start) Pressed!
2026-09-26 14:24 - INFO - >> Hardware Trigger: DI1 (Start) Pressed!
2026-09-26 14:24 - INFO - >> Hardware Trigger: DI1 (Start) Not Pressed!
2026-09-26 14:24 - INFO - >> Hardware Trigger: DI1 (Start) Not Pressed!
2026-09-26 14:24 - INFO - UI load successful
2026-09-26 14:41 - INFO - >> Hardware Trigger: DI1 (Start) Pressed!
2026-09-26 14:41 - INFO - >> Hardware Trigger: DI1 (Start) Pressed!
2026-09-26 14:41 - INFO - >> Hardware Trigger: DI1 (Start) Not Pressed!
2026-09-26 14:41 - INFO - >> Hardware Trigger: DI1 (Start) Not Pressed!
2026-09-26 14:41 - INFO - UI load successful
2026-09-26 14:42 - INFO - >> Hardware Trigger: DI1 (Start) Pressed!
2026-09-26 14:42 - INFO - >> Hardware Trigger: DI1 (Start) Pressed!
2026-09-26 14:42 - INFO - >> Hardware Trigger: DI1 (Start) Not Pressed!
2026-09-26 14:42 - INFO - >> Hardware Trigger: DI1 (Start) Not Pressed!
2026-09-26 14:42 - INFO - UI load successful
2026-09-26 14:42 - INFO - >> Hardware Trigger: DI1 (Start) Pressed!
2026-09-26 14:42 - INFO - >> Hardware Trigger: DI1 (Start) Pressed!
2026-09-26 14:42 - INFO - >> Hardware Trigger: DI1 (Start) Not Pressed!
2026-09-26 14:42 - INFO - >> Hardware Trigger: DI1 (Start) Not Pressed!
2026-09-26 14:43 - INFO - UI load successful
2026-09-26 14:44 - INFO - >> Hardware Trigger: DI1 (Start) Pressed!
2026-09-26 14:44 - INFO - >> Hardware Trigger: DI1 (Start) Pressed!
2026-09-26 14:44 - INFO - >> Hardware Trigger: DI1 (Start) Not Pressed!
2026-09-26 14:44 - INFO - >> Hardware Trigger: DI1 (Start) Not Pressed!
2026-09-26 14:44 - INFO - UI load successful
2026-09-26 14:45 - INFO - >> Hardware Trigger: DI1 (Start) Pressed!
2026-09-26 14:45 - INFO - >> Hardware Trigger: DI1 (Start) Pressed!
2026-09-26 14:45 - INFO - >> Hardware Trigger: DI1 (Start) Not Pressed!
2026-09-26 14:45 - INFO - >> Hardware Trigger: DI1 (Start) Not Pressed!
2026-09-26 14:45 - INFO - UI load successful
2026-09-26 14:47 - INFO - >> Hardware Trigger: DI1 (Start) Pressed!
2026-09-26 14:47 - INFO - >> Hardware Trigger: DI1 (Start) Pressed!
2026-09-26 14:47 - INFO - >> Hardware Trigger: DI1 (Start) Not Pressed!
2026-09-26 14:47 - INFO - >> Hardware Trigger: DI1 (Start) Not Pressed!
2026-09-26 14:47 - INFO - UI load successful
2026-09-26 14:48 - INFO - >> Hardware Trigger: DI1 (Start) Pressed!
2026-09-26 14:48 - INFO - >> Hardware Trigger: DI1 (Start) Pressed!
2026-09-26 14:48 - INFO - >> Hardware Trigger: DI1 (Start) Not Pressed!
2026-09-26 14:48 - INFO - >> Hardware Trigger: DI1 (Start) Not Pressed!
2026-09-26 14:48 - INFO - UI load successful
2026-09-26 14:55 - INFO - >> Hardware Trigger: DI1 (Start) Pressed!
2026-09-26 14:55 - INFO - >> Hardware Trigger: DI1 (Start) Pressed!
2026-09-26 14:55 - INFO - >> Hardware Trigger: DI1 (Start) Not Pressed!
2026-09-26 14:55 - INFO - >> Hardware Trigger: DI1 (Start) Not Pressed!
2026-09-26 14:55 - INFO - UI load successful
2026-09-26 14:55 - INFO - Galvo Laser Shutdown
2026-09-26 14:55 - CRITICAL - Laser 1 : OFF
2026-09-26 14:55 - CRITICAL - Laser 2 : OFF
2026-09-26 14:55 - INFO - Stepper Lasers Shutdown
2026-09-26 14:55 - INFO - COM connection close successfully
2026-09-26 14:55 - INFO - Main window close successfully
2026-09-26 14:55 - INFO - ==================================================
2026-09-26 14:55 - INFO - New session close at 2026-09-26 14:55
2026-09-26 14:55 - INFO - ==================================================
2026-09-26 14:56 - INFO - >> Hardware Trigger: DI1 (Start) Pressed!
2026-09-26 14:56 - INFO - >> Hardware Trigger: DI1 (Start) Pressed!
2026-09-26 14:56 - INFO - >> Hardware Trigger: DI1 (Start) Not Pressed!
2026-09-26 14:56 - INFO - >> Hardware Trigger: DI1 (Start) Not Pressed!
2026-09-26 14:56 - INFO - UI load successful
2026-09-26 15:02 - INFO - Galvo Laser Shutdown
2026-09-26 15:02 - CRITICAL - Laser 1 : OFF
2026-09-26 15:02 - CRITICAL - Laser 2 : OFF
2026-09-26 15:02 - INFO - Stepper Lasers Shutdown
2026-09-26 15:02 - INFO - COM connection close successfully
2026-09-26 15:02 - INFO - Main window close successfully
2026-09-26 15:02 - INFO - ==================================================
2026-09-26 15:02 - INFO - New session close at 2026-09-26 15:02
2026-09-26 15:02 - INFO - ==================================================
2026-09-26 15:11 - INFO - UI load successful
2026-09-26 15:13 - CRITICAL - Laser 1 : OFF
2026-09-26 15:13 - CRITICAL - Laser 2 : OFF
2026-09-26 15:13 - INFO - Stepper Lasers Shutdown
2026-09-26 15:13 - INFO - COM connection close successfully
2026-09-26 15:13 - INFO - Main window close successfully
2026-09-26 15:13 - INFO - ==================================================
2026-09-26 15:13 - INFO - New session close at 2026-09-26 15:13
2026-09-26 15:13 - INFO - ==================================================
2026-09-26 15:14 - INFO - UI load successful
2026-09-26 15:14 - CRITICAL - Laser 1 : OFF
2026-09-26 15:14 - CRITICAL - Laser 2 : OFF
2026-09-26 15:14 - INFO - Stepper Lasers Shutdown
2026-09-26 15:14 - INFO - COM connection close successfully
2026-09-26 15:14 - INFO - Main window close successfully
2026-09-26 15:14 - INFO - ==================================================
2026-09-26 15:14 - INFO - New session close at 2026-09-26 15:14
2026-09-26 15:14 - INFO - ==================================================
2026-09-26 15:43 - INFO - UI load successful
2026-09-26 15:49 - INFO - Galvo Laser Shutdown
2026-09-26 15:49 - CRITICAL - Laser 1 : OFF
2026-09-26 15:49 - CRITICAL - Laser 2 : OFF
2026-09-26 15:49 - INFO - Stepper Lasers Shutdown
2026-09-26 15:49 - INFO - COM connection close successfully
2026-09-26 15:49 - INFO - Main window close successfully
2026-09-26 15:49 - INFO - ==================================================
2026-09-26 15:49 - INFO - New session close at 2026-09-26 15:49
2026-09-26 15:49 - INFO - ==================================================
2026-09-26 15:51 - INFO - UI load successful
2026-09-26 15:52 - INFO - mapmatrixAction : redmarkmat
2026-09-26 15:52 - INFO - mapmatrixAction : redmarkmat
2026-09-26 15:52 - INFO - mapmatrixAction : stopmat
2026-09-26 15:52 - INFO - mapmatrixAction : redmarkmat
2026-09-26 15:54 - INFO - mapmatrixAction : stopmat
2026-09-26 15:54 - INFO - mapmatrixAction : redmarkmat
2026-09-26 15:54 - INFO - mapmatrixAction : redmarkmat
2026-09-26 15:54 - INFO - mapmatrixAction : stopmat
2026-09-26 15:54 - INFO - mapmatrixAction : redmarkmat
2026-09-26 15:54 - INFO - mapmatrixAction : stopmat
2026-09-26 15:54 - INFO - mapmatrixAction : redmarkmat
2026-09-26 15:54 - INFO - mapmatrixAction : stopmat
2026-09-26 15:54 - INFO - mapmatrixAction : lasermarkmat
2026-09-26 15:55 - INFO - mapmatrixAction : redmarkmat
2026-09-26 15:55 - INFO - mapmatrixAction : stopmat
2026-09-26 15:55 - INFO - mapmatrixAction : lasermarkmat
2026-09-26 15:56 - INFO - mapmatrixAction : redmarkmat
2026-09-26 15:56 - INFO - mapmatrixAction : stopmat
2026-09-26 15:56 - INFO - mapmatrixAction : lasermarkmat
2026-09-26 15:56 - INFO - mapmatrixAction : lasermarkmat
2026-09-26 15:59 - INFO - mapmatrixAction : redmarkmat
2026-09-26 15:59 - INFO - mapmatrixAction : stopmat
2026-09-26 15:59 - INFO - mapmatrixAction : lasermarkmat
2026-09-26 16:06 - INFO - Galvo Laser Shutdown
2026-09-26 16:06 - CRITICAL - Laser 1 : OFF
2026-09-26 16:06 - CRITICAL - Laser 2 : OFF
2026-09-26 16:06 - INFO - Stepper Lasers Shutdown
2026-09-26 16:06 - INFO - COM connection close successfully
2026-09-26 16:06 - INFO - Main window close successfully
2026-09-26 16:06 - INFO - ==================================================
2026-09-26 16:06 - INFO - New session close at 2026-09-26 16:06
2026-09-26 16:06 - INFO - ==================================================
2026-09-26 16:07 - INFO - UI load successful
2026-09-26 16:07 - INFO - mapmatrixAction : redmarkmat
2026-09-26 16:08 - INFO - mapmatrixAction : stopmat
2026-09-26 16:08 - INFO - mapmatrixAction : redmarkmat
2026-09-26 16:08 - INFO - mapmatrixAction : stopmat
2026-09-26 16:08 - INFO - mapmatrixAction : redmarkmat
2026-09-26 16:09 - INFO - mapmatrixAction : stopmat
2026-09-26 16:09 - INFO - mapmatrixAction : redmarkmat
2026-09-26 16:09 - INFO - mapmatrixAction : stopmat
2026-09-26 16:09 - INFO - mapmatrixAction : lasermarkmat
2026-09-26 16:10 - INFO - mapmatrixAction : stopmat
2026-09-26 16:11 - INFO - mapmatrixAction : redmarkmat
2026-09-26 16:11 - INFO - mapmatrixAction : stopmat
2026-09-26 16:15 - INFO - mapmatrixAction : redmarkmat
2026-09-26 16:15 - INFO - mapmatrixAction : stopmat
2026-09-26 16:16 - INFO - mapmatrixAction : lasermarkmat
2026-09-26 16:18 - INFO - mapmatrixAction : stopmat
2026-09-26 16:20 - INFO - mapmatrixAction : redmarkmat
2026-09-26 16:20 - INFO - mapmatrixAction : stopmat
2026-09-26 16:20 - INFO - mapmatrixAction : redmarkmat
2026-09-26 16:20 - INFO - mapmatrixAction : stopmat
2026-09-26 16:20 - INFO - mapmatrixAction : redmarkmat
2026-09-26 16:20 - INFO - mapmatrixAction : stopmat
2026-09-26 16:20 - INFO - mapmatrixAction : redmarkmat
2026-09-26 16:20 - INFO - mapmatrixAction : stopmat
2026-09-26 16:20 - INFO - mapmatrixAction : redmarkmat
2026-09-26 16:21 - INFO - mapmatrixAction : stopmat
2026-09-26 16:21 - INFO - mapmatrixAction : redmarkmat
2026-09-26 16:21 - INFO - mapmatrixAction : stopmat
2026-09-26 16:21 - INFO - mapmatrixAction : stopmat
2026-09-26 16:21 - INFO - mapmatrixAction : redmarkmat
2026-09-26 16:21 - INFO - mapmatrixAction : stopmat
2026-09-26 16:21 - INFO - mapmatrixAction : redmarkmat
2026-09-26 16:22 - INFO - mapmatrixAction : stopmat
2026-09-26 16:22 - INFO - mapmatrixAction : redmarkmat
2026-09-26 16:22 - INFO - mapmatrixAction : stopmat
2026-09-26 16:22 - INFO - mapmatrixAction : redmarkmat
2026-09-26 16:22 - INFO - mapmatrixAction : stopmat
2026-09-26 16:22 - INFO - mapmatrixAction : lasermarkmat
2026-09-26 16:27 - INFO - mapmatrixAction : stopmat
2026-09-26 16:27 - INFO - mapmatrixAction : redmarkmat
2026-09-26 16:27 - INFO - mapmatrixAction : stopmat
2026-09-26 16:27 - INFO - mapmatrixAction : lasermarkmat
2026-09-26 16:29 - INFO - mapmatrixAction : stopmat
2026-09-26 16:29 - INFO - mapmatrixAction : redmarkmat
2026-09-26 16:29 - INFO - mapmatrixAction : stopmat
2026-09-26 16:29 - INFO - mapmatrixAction : lasermarkmat
2026-09-26 16:35 - INFO - mapmatrixAction : redmarkmat
2026-09-26 16:35 - INFO - mapmatrixAction : stopmat
2026-09-26 16:35 - INFO - mapmatrixAction : lasermarkmat
2026-09-26 16:40 - INFO - mapmatrixAction : lasermarkmat
2026-09-26 16:41 - INFO - mapmatrixAction : lasermarkmat
2026-09-26 16:46 - INFO - mapmatrixAction : lasermarkmat
2026-09-26 16:46 - INFO - mapmatrixAction : stopmat
2026-09-26 16:46 - INFO - Galvo Laser Shutdown
2026-09-26 16:46 - CRITICAL - Laser 1 : OFF
2026-09-26 16:46 - CRITICAL - Laser 2 : OFF
2026-09-26 16:46 - INFO - Stepper Lasers Shutdown
2026-09-26 16:46 - INFO - COM connection close successfully
2026-09-26 16:46 - INFO - Main window close successfully
2026-09-26 16:46 - INFO - ==================================================
2026-09-26 16:46 - INFO - New session close at 2026-09-26 16:46
2026-09-26 16:46 - INFO - ==================================================
2026-09-26 16:50 - INFO - UI load successful
2026-09-26 16:51 - INFO - Galvo Laser Shutdown
2026-09-26 16:51 - CRITICAL - Laser 1 : OFF
2026-09-26 16:51 - CRITICAL - Laser 2 : OFF
2026-09-26 16:51 - INFO - Stepper Lasers Shutdown
2026-09-26 16:51 - INFO - COM connection close successfully
2026-09-26 16:51 - INFO - Main window close successfully
2026-09-26 16:51 - INFO - ==================================================
2026-09-26 16:51 - INFO - New session close at 2026-09-26 16:51
2026-09-26 16:51 - INFO - ==================================================
2026-09-26 16:55 - INFO - UI load successful
2026-09-26 16:55 - INFO - mapmatrixAction : redmarkmat
2026-09-26 16:55 - INFO - mapmatrixAction : lasermarkmat
2026-09-26 16:55 - INFO - mapmatrixAction : stopmat
2026-09-26 16:55 - INFO - mapmatrixAction : lasermarkmat
2026-09-26 16:55 - INFO - mapmatrixAction : lasermarkmat
2026-09-26 16:56 - INFO - mapmatrixAction : lasermarkmat
2026-09-26 16:56 - INFO - mapmatrixAction : lasermarkmat
2026-09-26 16:56 - INFO - mapmatrixAction : lasermarkmat
2026-09-26 16:56 - INFO - mapmatrixAction : lasermarkmat
2026-09-26 16:56 - INFO - mapmatrixAction : lasermarkmat
2026-09-26 16:56 - INFO - mapmatrixAction : lasermarkmat
2026-09-26 16:56 - INFO - mapmatrixAction : lasermarkmat
2026-09-26 16:56 - INFO - mapmatrixAction : lasermarkmat
2026-09-26 16:56 - INFO - mapmatrixAction : lasermarkmat
2026-09-26 16:56 - INFO - mapmatrixAction : lasermarkmat
2026-09-26 16:56 - INFO - mapmatrixAction : lasermarkmat
2026-09-26 16:56 - INFO - mapmatrixAction : lasermarkmat
2026-09-26 16:56 - INFO - mapmatrixAction : lasermarkmat
2026-09-26 16:56 - INFO - mapmatrixAction : lasermarkmat
2026-09-26 16:56 - INFO - mapmatrixAction : lasermarkmat
2026-09-26 16:56 - INFO - mapmatrixAction : lasermarkmat
2026-09-26 16:56 - INFO - mapmatrixAction : lasermarkmat
2026-09-26 16:56 - INFO - mapmatrixAction : lasermarkmat
2026-09-26 16:56 - INFO - mapmatrixAction : lasermarkmat
2026-09-26 16:56 - INFO - mapmatrixAction : lasermarkmat
2026-09-26 16:56 - INFO - mapmatrixAction : lasermarkmat
2026-09-26 16:56 - INFO - mapmatrixAction : lasermarkmat
2026-09-26 16:56 - INFO - mapmatrixAction : lasermarkmat
2026-09-26 16:56 - INFO - mapmatrixAction : lasermarkmat
2026-09-26 16:56 - INFO - mapmatrixAction : lasermarkmat
2026-09-26 16:56 - INFO - mapmatrixAction : lasermarkmat
2026-09-26 16:56 - INFO - mapmatrixAction : lasermarkmat
2026-09-26 16:56 - INFO - mapmatrixAction : lasermarkmat
2026-09-26 16:56 - INFO - mapmatrixAction : lasermarkmat
2026-09-26 16:56 - INFO - mapmatrixAction : lasermarkmat
2026-09-26 16:56 - INFO - mapmatrixAction : lasermarkmat
2026-09-26 16:56 - INFO - mapmatrixAction : lasermarkmat
2026-09-26 16:56 - INFO - mapmatrixAction : lasermarkmat
2026-09-26 16:56 - INFO - mapmatrixAction : lasermarkmat
2026-09-26 16:56 - INFO - mapmatrixAction : lasermarkmat
2026-09-26 16:56 - INFO - mapmatrixAction : lasermarkmat
2026-09-26 16:56 - INFO - mapmatrixAction : lasermarkmat
2026-09-26 16:56 - INFO - mapmatrixAction : lasermarkmat
2026-09-26 16:56 - INFO - mapmatrixAction : lasermarkmat
2026-09-26 16:56 - INFO - mapmatrixAction : lasermarkmat
2026-09-26 16:56 - INFO - mapmatrixAction : lasermarkmat
2026-09-26 16:56 - INFO - mapmatrixAction : lasermarkmat
2026-09-26 16:56 - INFO - mapmatrixAction : lasermarkmat
2026-09-26 16:56 - INFO - mapmatrixAction : lasermarkmat
2026-09-26 16:56 - INFO - mapmatrixAction : lasermarkmat
2026-09-26 16:58 - INFO - mapmatrixAction : lasermarkmat
2026-09-26 16:58 - INFO - mapmatrixAction : stopmat
2026-09-26 16:58 - INFO - mapmatrixAction : stopmat
2026-09-26 16:58 - INFO - mapmatrixAction : stopmat
2026-09-26 16:59 - INFO - mapmatrixAction : redmarkmat
2026-09-26 16:59 - INFO - mapmatrixAction : redmarkmat
2026-09-26 16:59 - INFO - mapmatrixAction : stopmat
2026-09-26 16:59 - INFO - mapmatrixAction : lasermarkmat
2026-09-26 16:59 - INFO - mapmatrixAction : lasermarkmat
2026-09-26 17:06 - INFO - mapmatrixAction : lasermarkmat
2026-09-26 17:06 - INFO - mapmatrixAction : lasermarkmat
2026-09-26 17:06 - INFO - mapmatrixAction : stopmat
2026-09-26 17:06 - INFO - mapmatrixAction : stopmat
2026-09-26 17:06 - INFO - mapmatrixAction : redmarkmat
2026-09-26 17:06 - INFO - mapmatrixAction : stopmat
2026-09-26 17:07 - INFO - mapmatrixAction : redmarkmat
2026-09-26 17:07 - INFO - mapmatrixAction : stopmat
2026-09-26 17:07 - INFO - mapmatrixAction : lasermarkmat
2026-09-26 17:09 - INFO - mapmatrixAction : redmarkmat
2026-09-26 17:09 - INFO - mapmatrixAction : stopmat
2026-09-26 17:09 - INFO - mapmatrixAction : lasermarkmat
2026-09-26 17:12 - INFO - Galvo Laser Shutdown
2026-09-26 17:12 - CRITICAL - Laser 1 : OFF
2026-09-26 17:12 - CRITICAL - Laser 2 : OFF
2026-09-26 17:12 - INFO - Stepper Lasers Shutdown
2026-09-26 17:12 - INFO - COM connection close successfully
2026-09-26 17:12 - INFO - Main window close successfully
2026-09-26 17:12 - INFO - ==================================================
2026-09-26 17:12 - INFO - New session close at 2026-09-26 17:12
2026-09-26 17:12 - INFO - ==================================================
2026-09-26 17:22 - INFO - UI load successful
2026-09-26 17:23 - INFO - mapmatrixAction : redmarkmat
2026-09-26 17:23 - INFO - mapmatrixAction : redmarkmat
2026-09-26 17:23 - INFO - mapmatrixAction : stopmat
2026-09-26 17:23 - INFO - mapmatrixAction : redmarkmat
2026-09-26 17:23 - INFO - mapmatrixAction : stopmat
2026-09-26 17:23 - INFO - mapmatrixAction : lasermarkmat
2026-09-26 17:41 - INFO - Galvo Laser Shutdown
2026-09-26 17:41 - CRITICAL - Laser 1 : OFF
2026-09-26 17:41 - CRITICAL - Laser 2 : OFF
2026-09-26 17:41 - INFO - Stepper Lasers Shutdown
2026-09-26 17:41 - INFO - COM connection close successfully
2026-09-26 17:41 - INFO - Main window close successfully
2026-09-26 17:41 - INFO - ==================================================
2026-09-26 17:41 - INFO - New session close at 2026-09-26 17:41
2026-09-26 17:41 - INFO - ==================================================
2026-09-26 17:41 - INFO - UI load successful
2026-09-26 17:42 - INFO - mapmatrixAction : redmarkmat
2026-09-26 17:42 - INFO - mapmatrixAction : stopmat
2026-09-26 17:42 - INFO - mapmatrixAction : lasermarkmat
2026-09-26 17:45 - INFO - mapmatrixAction : redmarkmat
2026-09-26 17:46 - INFO - mapmatrixAction : stopmat
2026-09-26 17:46 - INFO - mapmatrixAction : redmarkmat
2026-09-26 17:47 - INFO - mapmatrixAction : stopmat
2026-09-26 17:47 - INFO - mapmatrixAction : lasermarkmat
2026-09-26 17:53 - INFO - Galvo Laser Shutdown
2026-09-26 17:53 - CRITICAL - Laser 1 : OFF
2026-09-26 17:53 - CRITICAL - Laser 2 : OFF
2026-09-26 17:53 - INFO - Stepper Lasers Shutdown
2026-09-26 17:53 - INFO - COM connection close successfully
2026-09-26 17:53 - INFO - Main window close successfully
2026-09-26 17:53 - INFO - ==================================================
2026-09-26 17:53 - INFO - New session close at 2026-09-26 17:53
2026-09-26 17:53 - INFO - ==================================================
2026-09-26 17:54 - INFO - UI load successful
2026-09-26 17:54 - INFO - mapmatrixAction : redmarkmat
2026-09-26 17:54 - INFO - mapmatrixAction : stopmat
2026-09-26 17:54 - INFO - mapmatrixAction : lasermarkmat
2026-09-26 17:58 - INFO - Galvo Laser Shutdown
2026-09-26 17:58 - CRITICAL - Laser 1 : OFF
2026-09-26 17:58 - CRITICAL - Laser 2 : OFF
2026-09-26 17:58 - INFO - Stepper Lasers Shutdown
2026-09-26 17:58 - INFO - COM connection close successfully
2026-09-26 17:58 - INFO - Main window close successfully
2026-09-26 17:58 - INFO - ==================================================
2026-09-26 17:58 - INFO - New session close at 2026-09-26 17:58
2026-09-26 17:58 - INFO - ==================================================
2026-09-28 10:19 - INFO - UI load successful
2026-09-28 10:20 - INFO - Profile : Supervisor
2026-09-28 10:33 - INFO - mapmatrixAction : redmarkmat
2026-09-28 10:33 - INFO - mapmatrixAction : stopmat
2026-09-28 11:30 - INFO - >> Hardware Trigger: DI1 (Start) Pressed!
2026-09-28 11:30 - INFO - >> Hardware Trigger: DI2 (Abort) Pressed!
2026-09-28 11:30 - INFO - Galvo Laser Shutdown
2026-09-28 11:30 - CRITICAL - Laser 1 : OFF
2026-09-28 11:30 - CRITICAL - Laser 2 : OFF
2026-09-28 11:30 - INFO - Stepper Lasers Shutdown
2026-09-28 11:30 - INFO - COM connection close successfully
2026-09-28 11:30 - INFO - Main window close successfully
2026-09-28 11:30 - INFO - ==================================================
2026-09-28 11:30 - INFO - New session close at 2026-09-28 11:30
2026-09-28 11:30 - INFO - ==================================================
2026-09-28 11:54 - INFO - UI load successful
2026-09-28 12:30 - INFO - Galvo Laser Shutdown
2026-09-28 12:30 - CRITICAL - Laser 1 : OFF
2026-09-28 12:30 - CRITICAL - Laser 2 : OFF
2026-09-28 12:30 - INFO - Stepper Lasers Shutdown
2026-09-28 12:30 - INFO - COM connection close successfully
2026-09-28 12:30 - INFO - Main window close successfully
2026-09-28 12:30 - INFO - ==================================================
2026-09-28 12:30 - INFO - New session close at 2026-09-28 12:30
2026-09-28 12:30 - INFO - ==================================================
2026-09-28 12:32 - INFO - UI load successful
2026-09-28 12:43 - INFO - File selected : D:/Atharva/Galvo_Scribber/Galvo_22092026/40mm_square.svg
2026-09-28 12:48 - INFO - Galvo Laser Shutdown
2026-09-28 12:48 - CRITICAL - Laser 1 : OFF
2026-09-28 12:48 - CRITICAL - Laser 2 : OFF
2026-09-28 12:48 - INFO - Stepper Lasers Shutdown
2026-09-28 12:48 - INFO - COM connection close successfully
2026-09-28 12:48 - INFO - Main window close successfully
2026-09-28 12:48 - INFO - ==================================================
2026-09-28 12:48 - INFO - New session close at 2026-09-28 12:48
2026-09-28 12:48 - INFO - ==================================================
2026-09-28 12:49 - INFO - UI load successful
2026-09-28 12:49 - INFO - File selected : D:/Atharva/Galvo_Scribber/Galvo_22092026/40mm_square.svg
2026-09-28 12:49 - INFO - Parameters saved for D:/Atharva/Galvo_Scribber/Galvo_22092026/40mm_square.svg
2026-09-28 12:51 - INFO - Parameters saved for D:/Atharva/Galvo_Scribber/Galvo_22092026/40mm_square.svg
2026-09-28 12:51 - INFO - Parameters saved for D:/Atharva/Galvo_Scribber/Galvo_22092026/40mm_square.svg
2026-09-28 12:52 - INFO - Parameters saved for D:/Atharva/Galvo_Scribber/Galvo_22092026/40mm_square.svg
2026-09-28 12:54 - INFO - File selected : D:/Atharva/Galvo_Scribber/Galvo_22092026/80mm_square.svg
2026-09-28 12:54 - INFO - File selected : D:/Atharva/Galvo_Scribber/Galvo_22092026/40mm_square.svg
2026-09-28 12:54 - INFO - Parameters saved for D:/Atharva/Galvo_Scribber/Galvo_22092026/40mm_square.svg
2026-09-28 12:55 - INFO - File selected : D:/Atharva/Galvo_Scribber/Galvo_22092026/svg_files/Files/Difficult/nReDT-bird-floral-flying-wall-decor-home-decoration.dxf
2026-09-28 12:56 - INFO - Parameters saved for D:/Atharva/Galvo_Scribber/Galvo_22092026/svg_files/Files/Difficult/nReDT-bird-floral-flying-wall-decor-home-decoration.dxf
2026-09-28 12:58 - INFO - Galvo Laser Shutdown
2026-09-28 12:58 - CRITICAL - Laser 1 : OFF
2026-09-28 12:58 - CRITICAL - Laser 2 : OFF
2026-09-28 12:58 - INFO - Stepper Lasers Shutdown
2026-09-28 12:58 - INFO - COM connection close successfully
2026-09-28 12:58 - INFO - Main window close successfully
2026-09-28 12:58 - INFO - ==================================================
2026-09-28 12:58 - INFO - New session close at 2026-09-28 12:58
2026-09-28 12:58 - INFO - ==================================================
2026-09-28 13:16 - INFO - UI load successful
2026-09-28 13:17 - INFO - Galvo Laser Shutdown
2026-09-28 13:17 - CRITICAL - Laser 1 : OFF
2026-09-28 13:17 - CRITICAL - Laser 2 : OFF
2026-09-28 13:17 - INFO - Stepper Lasers Shutdown
2026-09-28 13:17 - INFO - COM connection close successfully
2026-09-28 13:17 - INFO - Main window close successfully
2026-09-28 13:17 - INFO - ==================================================
2026-09-28 13:17 - INFO - New session close at 2026-09-28 13:17
2026-09-28 13:17 - INFO - ==================================================
2026-09-28 13:18 - INFO - UI load successful
2026-09-28 13:28 - INFO - Galvo Laser Shutdown
2026-09-28 13:28 - CRITICAL - Laser 1 : OFF
2026-09-28 13:28 - CRITICAL - Laser 2 : OFF
2026-09-28 13:28 - INFO - Stepper Lasers Shutdown
2026-09-28 13:28 - INFO - COM connection close successfully
2026-09-28 13:28 - INFO - Main window close successfully
2026-09-28 13:28 - INFO - ==================================================
2026-09-28 13:28 - INFO - New session close at 2026-09-28 13:28
2026-09-28 13:28 - INFO - ==================================================
2026-09-28 13:31 - INFO - UI load successful
2026-09-28 13:34 - INFO - Galvo Laser Shutdown
2026-09-28 13:34 - CRITICAL - Laser 1 : OFF
2026-09-28 13:34 - CRITICAL - Laser 2 : OFF
2026-09-28 13:34 - INFO - Stepper Lasers Shutdown
2026-09-28 13:34 - INFO - COM connection close successfully
2026-09-28 13:34 - INFO - Main window close successfully
2026-09-28 13:34 - INFO - ==================================================
2026-09-28 13:34 - INFO - New session close at 2026-09-28 13:34
2026-09-28 13:34 - INFO - ==================================================
2026-09-28 13:37 - INFO - UI load successful
2026-09-28 14:26 - INFO - Galvo Laser Shutdown
2026-09-28 14:26 - CRITICAL - Laser 1 : OFF
2026-09-28 14:26 - CRITICAL - Laser 2 : OFF
2026-09-28 14:26 - INFO - Stepper Lasers Shutdown
2026-09-28 14:26 - INFO - COM connection close successfully
2026-09-28 14:26 - INFO - Main window close successfully
2026-09-28 14:26 - INFO - ==================================================
2026-09-28 14:26 - INFO - New session close at 2026-09-28 14:26
2026-09-28 14:26 - INFO - ==================================================
2026-09-28 14:27 - INFO - UI load successful
2026-09-28 15:09 - INFO - Galvo Laser Shutdown
2026-09-28 15:09 - CRITICAL - Laser 1 : OFF
2026-09-28 15:09 - CRITICAL - Laser 2 : OFF
2026-09-28 15:09 - INFO - Stepper Lasers Shutdown
2026-09-28 15:09 - INFO - COM connection close successfully
2026-09-28 15:09 - INFO - Main window close successfully
2026-09-28 15:09 - INFO - ==================================================
2026-09-28 15:09 - INFO - New session close at 2026-09-28 15:09
2026-09-28 15:09 - INFO - ==================================================
2026-09-28 15:33 - INFO - UI load successful
2026-09-28 15:34 - INFO - Galvo Laser Shutdown
2026-09-28 15:34 - CRITICAL - Laser 1 : OFF
2026-09-28 15:34 - CRITICAL - Laser 2 : OFF
2026-09-28 15:34 - INFO - Stepper Lasers Shutdown
2026-09-28 15:34 - INFO - COM connection close successfully
2026-09-28 15:34 - INFO - Main window close successfully
2026-09-28 15:34 - INFO - ==================================================
2026-09-28 15:34 - INFO - New session close at 2026-09-28 15:34
2026-09-28 15:34 - INFO - ==================================================
2026-09-28 15:36 - INFO - UI load successful
2026-09-28 15:38 - INFO - Galvo Laser Shutdown
2026-09-28 15:38 - CRITICAL - Laser 1 : OFF
2026-09-28 15:38 - CRITICAL - Laser 2 : OFF
2026-09-28 15:38 - INFO - Stepper Lasers Shutdown
2026-09-28 15:38 - INFO - COM connection close successfully
2026-09-28 15:38 - INFO - Main window close successfully
2026-09-28 15:38 - INFO - ==================================================
2026-09-28 15:38 - INFO - New session close at 2026-09-28 15:38
2026-09-28 15:38 - INFO - ==================================================
2026-09-28 15:49 - INFO - UI load successful
2026-09-28 15:50 - INFO - Close event ignored.
2026-09-28 16:00 - INFO - Galvo Laser Shutdown
2026-09-28 16:00 - CRITICAL - Laser 1 : OFF
2026-09-28 16:00 - CRITICAL - Laser 2 : OFF
2026-09-28 16:00 - INFO - Stepper Lasers Shutdown
2026-09-28 16:00 - INFO - COM connection close successfully
2026-09-28 16:00 - INFO - Main window close successfully
2026-09-28 16:00 - INFO - ==================================================
2026-09-28 16:00 - INFO - New session close at 2026-09-28 16:00
2026-09-28 16:00 - INFO - ==================================================
2026-09-28 16:04 - INFO - UI load successful
2026-09-28 16:08 - INFO - mapmatrixAction : redmarkmat
2026-09-28 16:08 - INFO - mapmatrixAction : stopmat
2026-09-28 16:08 - INFO - mapmatrixAction : redmarkmat
2026-09-28 16:09 - INFO - mapmatrixAction : stopmat
2026-09-28 16:09 - INFO - mapmatrixAction : redmarkmat
2026-09-28 16:09 - INFO - mapmatrixAction : stopmat
2026-09-28 16:09 - INFO - mapmatrixAction : lasermarkmat
2026-09-28 16:10 - INFO - mapmatrixAction : lasermarkmat
2026-09-28 17:11 - INFO - mapmatrixAction : redmarkmat
2026-09-28 17:12 - INFO - mapmatrixAction : stopmat
2026-09-28 17:12 - INFO - mapmatrixAction : lasermarkmat
2026-09-28 17:17 - INFO - mapmatrixAction : redmarkmat
2026-09-28 17:17 - INFO - mapmatrixAction : stopmat
2026-09-28 17:17 - INFO - mapmatrixAction : lasermarkmat
2026-09-28 17:20 - INFO - mapmatrixAction : redmarkmat
2026-09-28 17:20 - INFO - mapmatrixAction : stopmat
2026-09-28 17:20 - INFO - mapmatrixAction : redmarkmat
2026-09-28 17:20 - INFO - mapmatrixAction : redmarkmat
2026-09-28 17:21 - INFO - mapmatrixAction : stopmat
2026-09-28 17:21 - INFO - mapmatrixAction : redmarkmat
2026-09-28 17:21 - INFO - mapmatrixAction : stopmat
2026-09-28 17:21 - INFO - mapmatrixAction : lasermarkmat
2026-09-28 17:40 - INFO - Galvo Laser Shutdown
2026-09-28 17:40 - CRITICAL - Laser 1 : OFF
2026-09-28 17:40 - CRITICAL - Laser 2 : OFF
2026-09-28 17:40 - INFO - Stepper Lasers Shutdown
2026-09-28 17:40 - INFO - COM connection close successfully
2026-09-28 17:40 - INFO - Main window close successfully
2026-09-28 17:40 - INFO - ==================================================
2026-09-28 17:40 - INFO - New session close at 2026-09-28 17:40
2026-09-28 17:40 - INFO - ==================================================
2026-09-28 17:40 - INFO - UI load successful
2026-09-28 17:41 - INFO - mapmatrixAction : redmarkmat
2026-09-28 17:41 - INFO - mapmatrixAction : stopmat
2026-09-28 17:41 - INFO - mapmatrixAction : redmarkmat
2026-09-28 17:41 - INFO - mapmatrixAction : stopmat
2026-09-28 17:41 - INFO - mapmatrixAction : lasermarkmat
2026-09-28 17:41 - INFO - mapmatrixAction : stopmat
2026-09-28 17:41 - INFO - mapmatrixAction : stopmat
2026-09-28 17:41 - INFO - mapmatrixAction : lasermarkmat
2026-09-28 17:53 - INFO - mapmatrixAction : redmarkmat
2026-09-28 17:53 - INFO - mapmatrixAction : stopmat
2026-09-28 17:53 - INFO - mapmatrixAction : lasermarkmat
2026-09-29 10:20 - INFO - UI load successful
2026-09-29 10:20 - INFO - File selected : D:/Atharva/Galvo_Scribber/Galvo_22092026/80mm_square.svg
2026-09-29 10:20 - INFO - File selected : D:/Atharva/Galvo_Scribber/Galvo_22092026/svg_files/B1.svg
2026-09-29 10:21 - INFO - Parameters saved for D:/Atharva/Galvo_Scribber/Galvo_22092026/svg_files/B1.svg
2026-09-29 10:22 - INFO - >> Hardware Trigger: DI1 (Start) Pressed!
2026-09-29 10:22 - INFO - >> Hardware Trigger: DI1 (Start) Not Pressed!
2026-09-29 10:22 - INFO - >> Hardware Trigger: DI2 (Abort) Pressed!
2026-09-29 10:22 - INFO - >> Hardware Trigger: DI2 (Abort) Not Pressed!
2026-09-29 10:22 - INFO - >> Hardware Trigger: DI1 (Start) Pressed!
2026-09-29 10:22 - INFO - >> Hardware Trigger: DI1 (Start) Not Pressed!
2026-09-29 10:22 - INFO - >> Hardware Trigger: DI2 (Abort) Pressed!
2026-09-29 10:22 - INFO - >> Hardware Trigger: DI2 (Abort) Not Pressed!
2026-09-29 10:22 - INFO - >> Hardware Trigger: DI2 (Abort) Pressed!
2026-09-29 10:22 - INFO - >> Hardware Trigger: DI2 (Abort) Not Pressed!
2026-09-29 10:22 - INFO - >> Hardware Trigger: DI1 (Start) Pressed!
2026-09-29 10:22 - INFO - >> Hardware Trigger: DI1 (Start) Not Pressed!
2026-09-29 10:25 - INFO - mapmatrixAction : redmarkmat
2026-09-29 10:25 - INFO - mapmatrixAction : stopmat
2026-09-29 10:25 - INFO - mapmatrixAction : redmarkmat
2026-09-29 10:25 - INFO - mapmatrixAction : stopmat
2026-09-29 10:25 - INFO - mapmatrixAction : redmarkmat
2026-09-29 10:25 - INFO - mapmatrixAction : stopmat
2026-09-29 10:25 - INFO - mapmatrixAction : lasermarkmat
2026-09-29 10:40 - INFO - mapmatrixAction : lasermarkmat
2026-09-29 10:40 - INFO - mapmatrixAction : stopmat
2026-09-29 10:40 - INFO - mapmatrixAction : stopmat
2026-09-29 10:40 - INFO - mapmatrixAction : redmarkmat
2026-09-29 10:40 - INFO - mapmatrixAction : stopmat
2026-09-29 10:40 - INFO - mapmatrixAction : redmarkmat
2026-09-29 10:41 - INFO - mapmatrixAction : stopmat
2026-09-29 10:41 - INFO - mapmatrixAction : lasermarkmat
2026-09-29 10:55 - INFO - Parameters saved for D:/Atharva/Galvo_Scribber/Galvo_22092026/svg_files/B1.svg
2026-09-29 10:56 - INFO - Parameters saved for D:/Atharva/Galvo_Scribber/Galvo_22092026/svg_files/B1.svg
2026-09-29 11:01 - INFO - Galvo Laser Shutdown
2026-09-29 11:01 - CRITICAL - Laser 1 : OFF
2026-09-29 11:01 - CRITICAL - Laser 2 : OFF
2026-09-29 11:01 - INFO - Stepper Lasers Shutdown
2026-09-29 11:01 - INFO - COM connection close successfully
2026-09-29 11:01 - INFO - Main window close successfully
2026-09-29 11:01 - INFO - ==================================================
2026-09-29 11:01 - INFO - New session close at 2026-09-29 11:01
2026-09-29 11:01 - INFO - ==================================================
2026-09-29 11:06 - INFO - UI load successful
2026-09-29 11:06 - INFO - File selected : D:/Atharva/Galvo_Scribber/Galvo_22092026/svg_files/B1.svg
2026-09-29 11:06 - INFO - Parameters saved for D:/Atharva/Galvo_Scribber/Galvo_22092026/svg_files/B1.svg
2026-09-29 11:06 - INFO - >> Hardware Trigger: DI1 (Start) Pressed!
2026-09-29 11:07 - INFO - >> Hardware Trigger: DI1 (Start) Not Pressed!
2026-09-29 11:07 - INFO - >> Hardware Trigger: DI2 (Abort) Pressed!
2026-09-29 11:07 - INFO - >> Hardware Trigger: DI2 (Abort) Not Pressed!
2026-09-29 11:07 - INFO - Parameters saved for D:/Atharva/Galvo_Scribber/Galvo_22092026/svg_files/B1.svg
2026-09-29 11:07 - INFO - Galvo Laser Shutdown
2026-09-29 11:07 - CRITICAL - Laser 1 : OFF
2026-09-29 11:07 - CRITICAL - Laser 2 : OFF
2026-09-29 11:07 - INFO - Stepper Lasers Shutdown
2026-09-29 11:07 - INFO - COM connection close successfully
2026-09-29 11:07 - INFO - Main window close successfully
2026-09-29 11:07 - INFO - ==================================================
2026-09-29 11:07 - INFO - New session close at 2026-09-29 11:07
2026-09-29 11:07 - INFO - ==================================================
2026-09-29 11:10 - INFO - UI load successful
2026-09-29 11:10 - INFO - File selected : D:/Atharva/Galvo_Scribber/Galvo_22092026/40mm_square.svg
2026-09-29 11:10 - INFO - Parameters saved for D:/Atharva/Galvo_Scribber/Galvo_22092026/40mm_square.svg
2026-09-29 11:12 - INFO - Galvo Laser Shutdown
2026-09-29 11:12 - CRITICAL - Laser 1 : OFF
2026-09-29 11:12 - CRITICAL - Laser 2 : OFF
2026-09-29 11:12 - INFO - Stepper Lasers Shutdown
2026-09-29 11:12 - INFO - COM connection close successfully
2026-09-29 11:12 - INFO - Main window close successfully
2026-09-29 11:12 - INFO - ==================================================
2026-09-29 11:12 - INFO - New session close at 2026-09-29 11:12
2026-09-29 11:12 - INFO - ==================================================
2026-09-29 11:17 - INFO - UI load successful
2026-09-29 11:17 - INFO - File selected : D:/Atharva/Galvo_Scribber/Galvo_22092026/svg_files/B1.svg
2026-09-29 11:17 - INFO - Parameters saved for D:/Atharva/Galvo_Scribber/Galvo_22092026/svg_files/B1.svg
2026-09-29 11:18 - INFO - Parameters saved for D:/Atharva/Galvo_Scribber/Galvo_22092026/svg_files/B1.svg
2026-09-29 11:19 - INFO - Parameters saved for D:/Atharva/Galvo_Scribber/Galvo_22092026/svg_files/B1.svg
2026-09-29 11:20 - INFO - Parameters saved for D:/Atharva/Galvo_Scribber/Galvo_22092026/svg_files/B1.svg
2026-09-29 11:20 - INFO - Parameters saved for D:/Atharva/Galvo_Scribber/Galvo_22092026/svg_files/B1.svg
2026-09-29 11:21 - INFO - Parameters saved for D:/Atharva/Galvo_Scribber/Galvo_22092026/svg_files/B1.svg
2026-09-29 11:22 - INFO - Parameters saved for D:/Atharva/Galvo_Scribber/Galvo_22092026/svg_files/B1.svg
2026-09-29 11:23 - INFO - Parameters saved for D:/Atharva/Galvo_Scribber/Galvo_22092026/svg_files/B1.svg
2026-09-29 11:24 - INFO - Parameters saved for D:/Atharva/Galvo_Scribber/Galvo_22092026/svg_files/B1.svg
2026-09-29 11:25 - INFO - Galvo Laser Shutdown
2026-09-29 11:25 - CRITICAL - Laser 1 : OFF
2026-09-29 11:25 - CRITICAL - Laser 2 : OFF
2026-09-29 11:25 - INFO - Stepper Lasers Shutdown
2026-09-29 11:25 - INFO - COM connection close successfully
2026-09-29 11:25 - INFO - Main window close successfully
2026-09-29 11:25 - INFO - ==================================================
2026-09-29 11:25 - INFO - New session close at 2026-09-29 11:25
2026-09-29 11:25 - INFO - ==================================================
2026-09-29 11:31 - INFO - UI load successful
2026-09-29 11:31 - INFO - File selected : D:/Atharva/Galvo_Scribber/Galvo_22092026/40mm_square.svg
2026-09-29 11:31 - INFO - Parameters saved for D:/Atharva/Galvo_Scribber/Galvo_22092026/40mm_square.svg
2026-09-29 11:31 - INFO - >> Hardware Trigger: DI1 (Start) Pressed!
2026-09-29 11:31 - INFO - >> Hardware Trigger: DI1 (Start) Not Pressed!
2026-09-29 11:31 - INFO - >> Hardware Trigger: DI2 (Abort) Pressed!
2026-09-29 11:31 - INFO - >> Hardware Trigger: DI2 (Abort) Not Pressed!
2026-09-29 11:31 - INFO - >> Hardware Trigger: DI2 (Abort) Pressed!
2026-09-29 11:31 - INFO - >> Hardware Trigger: DI2 (Abort) Not Pressed!
2026-09-29 11:31 - INFO - >> Hardware Trigger: DI2 (Abort) Pressed!
2026-09-29 11:31 - INFO - >> Hardware Trigger: DI2 (Abort) Not Pressed!
2026-09-29 11:31 - INFO - >> Hardware Trigger: DI2 (Abort) Pressed!
2026-09-29 11:31 - INFO - >> Hardware Trigger: DI2 (Abort) Not Pressed!
2026-09-29 11:31 - INFO - >> Hardware Trigger: DI2 (Abort) Pressed!
2026-09-29 11:31 - INFO - >> Hardware Trigger: DI2 (Abort) Not Pressed!
2026-09-29 11:31 - INFO - >> Hardware Trigger: DI2 (Abort) Pressed!
2026-09-29 11:31 - INFO - >> Hardware Trigger: DI2 (Abort) Not Pressed!
2026-09-29 11:33 - INFO - Galvo Laser Shutdown
2026-09-29 11:33 - CRITICAL - Laser 1 : OFF
2026-09-29 11:33 - CRITICAL - Laser 2 : OFF
2026-09-29 11:33 - INFO - Stepper Lasers Shutdown
2026-09-29 11:33 - INFO - COM connection close successfully
2026-09-29 11:33 - INFO - Main window close successfully
2026-09-29 11:33 - INFO - ==================================================
2026-09-29 11:33 - INFO - New session close at 2026-09-29 11:33
2026-09-29 11:33 - INFO - ==================================================
2026-09-29 11:34 - INFO - UI load successful
2026-09-29 11:34 - INFO - File selected : D:/Atharva/Galvo_Scribber/Galvo_22092026/svg_files/B1.svg
2026-09-29 11:34 - INFO - Parameters saved for D:/Atharva/Galvo_Scribber/Galvo_22092026/svg_files/B1.svg
2026-09-29 11:34 - INFO - >> Hardware Trigger: DI1 (Start) Pressed!
2026-09-29 11:34 - INFO - >> Hardware Trigger: DI1 (Start) Not Pressed!
2026-09-29 11:34 - INFO - >> Hardware Trigger: DI2 (Abort) Pressed!
2026-09-29 11:34 - INFO - >> Hardware Trigger: DI2 (Abort) Not Pressed!
2026-09-29 11:35 - INFO - Galvo Laser Shutdown
2026-09-29 11:35 - CRITICAL - Laser 1 : OFF
2026-09-29 11:35 - CRITICAL - Laser 2 : OFF
2026-09-29 11:35 - INFO - Stepper Lasers Shutdown
2026-09-29 11:35 - INFO - COM connection close successfully
2026-09-29 11:35 - INFO - Main window close successfully
2026-09-29 11:35 - INFO - ==================================================
2026-09-29 11:35 - INFO - New session close at 2026-09-29 11:35
2026-09-29 11:35 - INFO - ==================================================
2026-09-29 11:35 - INFO - UI load successful
2026-09-29 11:35 - INFO - File selected : D:/Atharva/Galvo_Scribber/Galvo_22092026/svg_files/B1.svg
2026-09-29 11:35 - INFO - Parameters saved for D:/Atharva/Galvo_Scribber/Galvo_22092026/svg_files/B1.svg
2026-09-29 11:35 - INFO - >> Hardware Trigger: DI1 (Start) Pressed!
2026-09-29 11:35 - INFO - >> Hardware Trigger: DI1 (Start) Not Pressed!
2026-09-29 11:35 - INFO - >> Hardware Trigger: DI2 (Abort) Pressed!
2026-09-29 11:35 - INFO - >> Hardware Trigger: DI2 (Abort) Not Pressed!
2026-09-29 11:35 - INFO - >> Hardware Trigger: DI2 (Abort) Pressed!
2026-09-29 11:35 - INFO - >> Hardware Trigger: DI2 (Abort) Not Pressed!
2026-09-29 11:36 - INFO - Galvo Laser Shutdown
2026-09-29 11:36 - CRITICAL - Laser 1 : OFF
2026-09-29 11:36 - CRITICAL - Laser 2 : OFF
2026-09-29 11:36 - INFO - Stepper Lasers Shutdown
2026-09-29 11:36 - INFO - COM connection close successfully
2026-09-29 11:36 - INFO - Main window close successfully
2026-09-29 11:36 - INFO - ==================================================
2026-09-29 11:36 - INFO - New session close at 2026-09-29 11:36
2026-09-29 11:36 - INFO - ==================================================
2026-09-29 11:37 - INFO - UI load successful
2026-09-29 11:40 - INFO - Galvo Laser Shutdown
2026-09-29 11:40 - CRITICAL - Laser 1 : OFF
2026-09-29 11:40 - CRITICAL - Laser 2 : OFF
2026-09-29 11:40 - INFO - Stepper Lasers Shutdown
2026-09-29 11:40 - INFO - COM connection close successfully
2026-09-29 11:40 - INFO - Main window close successfully
2026-09-29 11:40 - INFO - ==================================================
2026-09-29 11:40 - INFO - New session close at 2026-09-29 11:40
2026-09-29 11:40 - INFO - ==================================================
2026-09-29 11:40 - INFO - UI load successful
2026-09-29 11:41 - INFO - mapmatrixAction : redmarkmat
2026-09-29 11:42 - INFO - mapmatrixAction : stopmat
2026-09-29 11:42 - INFO - mapmatrixAction : redmarkmat
2026-09-29 11:42 - INFO - mapmatrixAction : stopmat
2026-09-29 11:42 - INFO - mapmatrixAction : stopmat
2026-09-29 11:42 - INFO - mapmatrixAction : redmarkmat
2026-09-29 11:42 - INFO - mapmatrixAction : stopmat
2026-09-29 11:42 - INFO - mapmatrixAction : redmarkmat
2026-09-29 11:42 - INFO - mapmatrixAction : stopmat
2026-09-29 11:42 - INFO - mapmatrixAction : stopmat
2026-09-29 11:42 - INFO - mapmatrixAction : redmarkmat
2026-09-29 11:43 - INFO - mapmatrixAction : stopmat
2026-09-29 11:43 - INFO - mapmatrixAction : lasermarkmat
2026-09-29 11:57 - INFO - Profile : Supervisor
2026-09-29 12:02 - INFO - Galvo Laser Shutdown
2026-09-29 12:02 - CRITICAL - Laser 1 : OFF
2026-09-29 12:02 - CRITICAL - Laser 2 : OFF
2026-09-29 12:02 - INFO - Stepper Lasers Shutdown
2026-09-29 12:02 - INFO - COM connection close successfully
2026-09-29 12:02 - INFO - Main window close successfully
2026-09-29 12:02 - INFO - ==================================================
2026-09-29 12:02 - INFO - New session close at 2026-09-29 12:02
2026-09-29 12:02 - INFO - ==================================================
2026-09-29 12:02 - INFO - UI load successful
2026-09-29 12:03 - INFO - Profile : Supervisor
2026-09-29 12:04 - INFO - Galvo Laser Shutdown
2026-09-29 12:04 - CRITICAL - Laser 1 : OFF
2026-09-29 12:04 - CRITICAL - Laser 2 : OFF
2026-09-29 12:04 - INFO - Stepper Lasers Shutdown
2026-09-29 12:04 - INFO - COM connection close successfully
2026-09-29 12:04 - INFO - Main window close successfully
2026-09-29 12:04 - INFO - ==================================================
2026-09-29 12:04 - INFO - New session close at 2026-09-29 12:04
2026-09-29 12:04 - INFO - ==================================================
2026-09-29 12:10 - INFO - UI load successful
2026-09-29 12:11 - INFO - Galvo Laser Shutdown
2026-09-29 12:11 - CRITICAL - Laser 1 : OFF
2026-09-29 12:11 - CRITICAL - Laser 2 : OFF
2026-09-29 12:11 - INFO - Stepper Lasers Shutdown
2026-09-29 12:11 - INFO - COM connection close successfully
2026-09-29 12:11 - INFO - Main window close successfully
2026-09-29 12:11 - INFO - ==================================================
2026-09-29 12:11 - INFO - New session close at 2026-09-29 12:11
2026-09-29 12:11 - INFO - ==================================================
2026-09-29 12:12 - INFO - UI load successful
2026-09-29 12:12 - INFO - Profile : Supervisor
2026-09-29 12:14 - INFO - Galvo Laser Shutdown
2026-09-29 12:14 - CRITICAL - Laser 1 : OFF
2026-09-29 12:14 - CRITICAL - Laser 2 : OFF
2026-09-29 12:14 - INFO - Stepper Lasers Shutdown
2026-09-29 12:14 - INFO - COM connection close successfully
2026-09-29 12:14 - INFO - Main window close successfully
2026-09-29 12:14 - INFO - ==================================================
2026-09-29 12:14 - INFO - New session close at 2026-09-29 12:14
2026-09-29 12:14 - INFO - ==================================================
2026-09-29 12:32 - INFO - UI load successful
2026-09-29 12:32 - INFO - File selected : D:/Atharva/Galvo_Scribber/Galvo_22092026/svg_files/Files/Difficult/nReDT-bird-floral-flying-wall-decor-home-decoration.dxf
2026-09-29 12:32 - INFO - Parameters saved for D:/Atharva/Galvo_Scribber/Galvo_22092026/svg_files/Files/Difficult/nReDT-bird-floral-flying-wall-decor-home-decoration.dxf
2026-09-29 12:34 - INFO - Parameters saved for D:/Atharva/Galvo_Scribber/Galvo_22092026/svg_files/Files/Difficult/nReDT-bird-floral-flying-wall-decor-home-decoration.dxf
2026-09-29 12:34 - INFO - Parameters saved for D:/Atharva/Galvo_Scribber/Galvo_22092026/svg_files/Files/Difficult/nReDT-bird-floral-flying-wall-decor-home-decoration.dxf
2026-09-29 12:35 - INFO - Parameters saved for D:/Atharva/Galvo_Scribber/Galvo_22092026/svg_files/Files/Difficult/nReDT-bird-floral-flying-wall-decor-home-decoration.dxf
2026-09-29 12:35 - INFO - Galvo Laser Shutdown
2026-09-29 12:35 - CRITICAL - Laser 1 : OFF
2026-09-29 12:35 - CRITICAL - Laser 2 : OFF
2026-09-29 12:35 - INFO - Stepper Lasers Shutdown
2026-09-29 12:35 - INFO - COM connection close successfully
2026-09-29 12:35 - INFO - Main window close successfully
2026-09-29 12:35 - INFO - ==================================================
2026-09-29 12:35 - INFO - New session close at 2026-09-29 12:35
2026-09-29 12:35 - INFO - ==================================================
2026-09-29 12:36 - INFO - UI load successful
2026-09-29 12:36 - INFO - File selected : D:/Atharva/Galvo_Scribber/Galvo_22092026/svg_files/Files/Difficult/nReDT-bird-floral-flying-wall-decor-home-decoration.dxf
2026-09-29 12:36 - INFO - Parameters saved for D:/Atharva/Galvo_Scribber/Galvo_22092026/svg_files/Files/Difficult/nReDT-bird-floral-flying-wall-decor-home-decoration.dxf
2026-09-29 12:36 - INFO - Parameters saved for D:/Atharva/Galvo_Scribber/Galvo_22092026/svg_files/Files/Difficult/nReDT-bird-floral-flying-wall-decor-home-decoration.dxf
2026-09-29 12:37 - INFO - File selected : D:/Users/EXPSOL/Downloads/Drawing-Laser engraving of SS316 Plate/Drawing-Laser engraving of SS316 Plate/Laser engraving of ss316 plate-A side.DXF
2026-09-29 12:37 - INFO - Parameters saved for D:/Users/EXPSOL/Downloads/Drawing-Laser engraving of SS316 Plate/Drawing-Laser engraving of SS316 Plate/Laser engraving of ss316 plate-A side.DXF
2026-09-29 12:38 - INFO - File selected : D:/Users/EXPSOL/Downloads/Drawing-Laser engraving of SS316 Plate/Drawing-Laser engraving of SS316 Plate/Laser engraving of ss316 plate-C side.DXF
2026-09-29 12:38 - INFO - Parameters saved for D:/Users/EXPSOL/Downloads/Drawing-Laser engraving of SS316 Plate/Drawing-Laser engraving of SS316 Plate/Laser engraving of ss316 plate-C side.DXF
2026-09-29 12:39 - INFO - File selected : D:/Atharva/Galvo_Scribber/Galvo_22092026/svg_files/Files/Laser engraving of ss316 plate-A side.svg
2026-09-29 12:39 - INFO - Parameters saved for D:/Atharva/Galvo_Scribber/Galvo_22092026/svg_files/Files/Laser engraving of ss316 plate-A side.svg
2026-09-29 12:40 - INFO - Galvo Laser Shutdown
2026-09-29 12:40 - CRITICAL - Laser 1 : OFF
2026-09-29 12:40 - CRITICAL - Laser 2 : OFF
2026-09-29 12:40 - INFO - Stepper Lasers Shutdown
2026-09-29 12:40 - INFO - COM connection close successfully
2026-09-29 12:40 - INFO - Main window close successfully
2026-09-29 12:40 - INFO - ==================================================
2026-09-29 12:40 - INFO - New session close at 2026-09-29 12:40
2026-09-29 12:40 - INFO - ==================================================
2026-09-29 12:41 - INFO - UI load successful
2026-09-29 12:41 - INFO - File selected : D:/Atharva/Galvo_Scribber/Galvo_22092026/svg_files/Files/Laser engraving of ss316 plate-A side.svg
2026-09-29 12:41 - INFO - Parameters saved for D:/Atharva/Galvo_Scribber/Galvo_22092026/svg_files/Files/Laser engraving of ss316 plate-A side.svg
2026-09-29 12:42 - INFO - UI load successful
2026-09-29 12:42 - INFO - File selected : D:/Atharva/Galvo_Scribber/Galvo_22092026/svg_files/Files/Laser engraving of ss316 plate-A side.svg
2026-09-29 12:42 - INFO - Parameters saved for D:/Atharva/Galvo_Scribber/Galvo_22092026/svg_files/Files/Laser engraving of ss316 plate-A side.svg
2026-09-29 12:43 - INFO - UI load successful
2026-09-29 12:44 - INFO - File selected : D:/Atharva/Galvo_Scribber/Galvo_22092026/svg_files/Files/Main/MF device 250 micron channel.dxf
2026-09-29 12:44 - INFO - Parameters saved for D:/Atharva/Galvo_Scribber/Galvo_22092026/svg_files/Files/Main/MF device 250 micron channel.dxf
2026-09-29 12:44 - INFO - Parameters saved for D:/Atharva/Galvo_Scribber/Galvo_22092026/svg_files/Files/Main/MF device 250 micron channel.dxf
2026-09-29 12:46 - INFO - Parameters saved for D:/Atharva/Galvo_Scribber/Galvo_22092026/svg_files/Files/Main/MF device 250 micron channel.dxf
2026-09-29 12:47 - INFO - >> Hardware Trigger: DI2 (Abort) Pressed!
2026-09-29 12:47 - INFO - >> Hardware Trigger: DI2 (Abort) Not Pressed!
2026-09-29 12:48 - INFO - Parameters saved for D:/Atharva/Galvo_Scribber/Galvo_22092026/svg_files/Files/Main/MF device 250 micron channel.dxf
2026-09-29 12:50 - INFO - File selected : D:/Atharva/Galvo_Scribber/Galvo_22092026/svg_files/ide2.svg
2026-09-29 12:50 - INFO - Parameters saved for D:/Atharva/Galvo_Scribber/Galvo_22092026/svg_files/ide2.svg
2026-09-29 12:50 - INFO - >> Hardware Trigger: DI1 (Start) Pressed!
2026-09-29 12:50 - INFO - >> Hardware Trigger: DI1 (Start) Not Pressed!
2026-09-29 12:50 - INFO - >> Hardware Trigger: DI1 (Start) Pressed!
2026-09-29 12:50 - INFO - >> Hardware Trigger: DI1 (Start) Not Pressed!
2026-09-29 12:51 - INFO - >> Hardware Trigger: DI1 (Start) Pressed!
2026-09-29 12:51 - INFO - >> Hardware Trigger: DI1 (Start) Not Pressed!
2026-09-29 12:51 - INFO - >> Hardware Trigger: DI2 (Abort) Pressed!
2026-09-29 12:51 - INFO - >> Hardware Trigger: DI2 (Abort) Not Pressed!
2026-09-29 12:56 - INFO - Galvo Laser Shutdown
2026-09-29 12:56 - CRITICAL - Laser 1 : OFF
2026-09-29 12:56 - CRITICAL - Laser 2 : OFF
2026-09-29 12:56 - INFO - Stepper Lasers Shutdown
2026-09-29 12:56 - INFO - COM connection close successfully
2026-09-29 12:56 - INFO - Main window close successfully
2026-09-29 12:56 - INFO - ==================================================
2026-09-29 12:56 - INFO - New session close at 2026-09-29 12:56
2026-09-29 12:56 - INFO - ==================================================
2026-09-29 12:56 - INFO - UI load successful
2026-09-29 12:56 - INFO - File selected : D:/Atharva/Galvo_Scribber/Galvo_22092026/svg_files/Files/Main/MF device 250 micron channel.dxf
2026-09-29 12:57 - INFO - Parameters saved for D:/Atharva/Galvo_Scribber/Galvo_22092026/svg_files/Files/Main/MF device 250 micron channel.dxf
2026-09-29 12:57 - INFO - >> Hardware Trigger: DI1 (Start) Pressed!
2026-09-29 12:57 - INFO - >> Hardware Trigger: DI1 (Start) Not Pressed!
2026-09-29 13:01 - INFO - Galvo Laser Shutdown
2026-09-29 13:01 - CRITICAL - Laser 1 : OFF
2026-09-29 13:01 - CRITICAL - Laser 2 : OFF
2026-09-29 13:01 - INFO - Stepper Lasers Shutdown
2026-09-29 13:01 - INFO - COM connection close successfully
2026-09-29 13:01 - INFO - Main window close successfully
2026-09-29 13:01 - INFO - ==================================================
2026-09-29 13:01 - INFO - New session close at 2026-09-29 13:01
2026-09-29 13:01 - INFO - ==================================================
2026-09-29 13:01 - INFO - UI load successful
2026-09-29 13:02 - INFO - File selected : D:/Atharva/Galvo_Scribber/Galvo_22092026/svg_files/Files/Main/MF device 250 micron channel.dxf
2026-09-29 13:02 - INFO - Parameters saved for D:/Atharva/Galvo_Scribber/Galvo_22092026/svg_files/Files/Main/MF device 250 micron channel.dxf
2026-09-29 13:05 - INFO - Parameters saved for D:/Atharva/Galvo_Scribber/Galvo_22092026/svg_files/Files/Main/MF device 250 micron channel.dxf
2026-09-29 13:06 - INFO - Galvo Laser Shutdown
2026-09-29 13:06 - CRITICAL - Laser 1 : OFF
2026-09-29 13:06 - CRITICAL - Laser 2 : OFF
2026-09-29 13:06 - INFO - Stepper Lasers Shutdown
2026-09-29 13:06 - INFO - COM connection close successfully
2026-09-29 13:06 - INFO - Main window close successfully
2026-09-29 13:06 - INFO - ==================================================
2026-09-29 13:06 - INFO - New session close at 2026-09-29 13:06
2026-09-29 13:06 - INFO - ==================================================
2026-09-29 13:07 - INFO - UI load successful
2026-09-29 13:07 - INFO - File selected : D:/Atharva/Galvo_Scribber/Galvo_22092026/svg_files/Files/Main/MF device 250 micron channel.dxf
2026-09-29 13:07 - INFO - Parameters saved for D:/Atharva/Galvo_Scribber/Galvo_22092026/svg_files/Files/Main/MF device 250 micron channel.dxf
2026-09-29 13:08 - INFO - Galvo Laser Shutdown
2026-09-29 13:08 - CRITICAL - Laser 1 : OFF
2026-09-29 13:08 - CRITICAL - Laser 2 : OFF
2026-09-29 13:08 - INFO - Stepper Lasers Shutdown
2026-09-29 13:08 - INFO - COM connection close successfully
2026-09-29 13:08 - INFO - Main window close successfully
2026-09-29 13:08 - INFO - ==================================================
2026-09-29 13:08 - INFO - New session close at 2026-09-29 13:08
2026-09-29 13:08 - INFO - ==================================================
2026-09-29 13:12 - INFO - UI load successful
2026-09-29 13:12 - INFO - File selected : D:/Atharva/Galvo_Scribber/Galvo_22092026/svg_files/Files/concentric_circles-20260831173907.dxf
2026-09-29 13:12 - INFO - Parameters saved for D:/Atharva/Galvo_Scribber/Galvo_22092026/svg_files/Files/concentric_circles-20260831173907.dxf
2026-09-29 13:12 - INFO - File selected : D:/Atharva/Galvo_Scribber/Galvo_22092026/svg_files/Files/concentric_circles-20260831173907.dxf
2026-09-29 13:12 - INFO - Parameters saved for D:/Atharva/Galvo_Scribber/Galvo_22092026/svg_files/Files/concentric_circles-20260831173907.dxf
2026-09-29 13:13 - INFO - Parameters saved for D:/Atharva/Galvo_Scribber/Galvo_22092026/svg_files/Files/concentric_circles-20260831173907.dxf
2026-09-29 13:16 - INFO - Galvo Laser Shutdown
2026-09-29 13:16 - CRITICAL - Laser 1 : OFF
2026-09-29 13:16 - CRITICAL - Laser 2 : OFF
2026-09-29 13:16 - INFO - Stepper Lasers Shutdown
2026-09-29 13:16 - INFO - COM connection close successfully
2026-09-29 13:16 - INFO - Main window close successfully
2026-09-29 13:16 - INFO - ==================================================
2026-09-29 13:16 - INFO - New session close at 2026-09-29 13:16
2026-09-29 13:16 - INFO - ==================================================
2026-09-29 13:17 - INFO - UI load successful
2026-09-29 13:17 - INFO - File selected : D:/Atharva/Galvo_Scribber/Galvo_22092026/svg_files/Files/concentric_circles-20260831173907.dxf
2026-09-29 13:17 - INFO - Parameters saved for D:/Atharva/Galvo_Scribber/Galvo_22092026/svg_files/Files/concentric_circles-20260831173907.dxf
2026-09-29 13:24 - INFO - UI load successful
2026-09-29 13:25 - INFO - mapmatrixAction : redmarkmat
2026-09-29 13:25 - INFO - mapmatrixAction : stopmat
2026-09-29 13:25 - INFO - mapmatrixAction : redmarkmat
2026-09-29 13:25 - INFO - mapmatrixAction : stopmat
2026-09-29 13:25 - INFO - mapmatrixAction : redmarkmat
2026-09-29 13:26 - INFO - mapmatrixAction : stopmat
2026-09-29 13:26 - INFO - mapmatrixAction : lasermarkmat
2026-09-29 13:31 - INFO - mapmatrixAction : redmarkmat
2026-09-29 13:35 - INFO - mapmatrixAction : redmarkmat
2026-09-29 13:35 - INFO - mapmatrixAction : stopmat
2026-09-29 13:35 - INFO - mapmatrixAction : redmarkmat
2026-09-29 13:35 - INFO - mapmatrixAction : stopmat
2026-09-29 13:35 - INFO - mapmatrixAction : lasermarkmat
2026-09-29 13:37 - INFO - mapmatrixAction : redmarkmat
2026-09-29 13:38 - INFO - mapmatrixAction : stopmat
2026-09-29 13:38 - INFO - mapmatrixAction : lasermarkmat
2026-09-29 13:40 - INFO - File selected : D:/Atharva/Galvo_Scribber/Galvo_22092026/svg_files/Files/concentric_circles-20260831173907.dxf
2026-09-29 13:40 - INFO - Parameters saved for D:/Atharva/Galvo_Scribber/Galvo_22092026/svg_files/Files/concentric_circles-20260831173907.dxf
2026-09-29 13:42 - INFO - Parameters saved for D:/Atharva/Galvo_Scribber/Galvo_22092026/svg_files/Files/concentric_circles-20260831173907.dxf
2026-09-29 13:43 - INFO - Parameters saved for D:/Atharva/Galvo_Scribber/Galvo_22092026/svg_files/Files/concentric_circles-20260831173907.dxf
2026-09-29 13:49 - INFO - Close event ignored.
2026-09-29 13:49 - INFO - Galvo Laser Shutdown
2026-09-29 13:49 - CRITICAL - Laser 1 : OFF
2026-09-29 13:49 - CRITICAL - Laser 2 : OFF
2026-09-29 13:49 - INFO - Stepper Lasers Shutdown
2026-09-29 13:49 - INFO - COM connection close successfully
2026-09-29 13:49 - INFO - Main window close successfully
2026-09-29 13:49 - INFO - ==================================================
2026-09-29 13:49 - INFO - New session close at 2026-09-29 13:49
2026-09-29 13:49 - INFO - ==================================================
2026-09-29 13:50 - INFO - UI load successful
2026-09-29 13:50 - INFO - File selected : D:/Atharva/Galvo_Scribber/Galvo_22092026/svg_files/Files/concentric_circles-20260831173907.dxf
2026-09-29 13:50 - INFO - Parameters saved for D:/Atharva/Galvo_Scribber/Galvo_22092026/svg_files/Files/concentric_circles-20260831173907.dxf
2026-09-29 13:51 - INFO - Parameters saved for D:/Atharva/Galvo_Scribber/Galvo_22092026/svg_files/Files/concentric_circles-20260831173907.dxf
2026-09-29 13:52 - INFO - File selected : D:/Atharva/Galvo_Scribber/Galvo_22092026/svg_files/Files/Main/MF device 250 micron channel.dxf
2026-09-29 13:52 - INFO - Parameters saved for D:/Atharva/Galvo_Scribber/Galvo_22092026/svg_files/Files/Main/MF device 250 micron channel.dxf
2026-09-29 13:54 - INFO - File selected : D:/Atharva/Galvo_Scribber/Galvo_22092026/svg_files/Files/Difficult/nReDT-bird-floral-flying-wall-decor-home-decoration.dxf
2026-09-29 13:54 - INFO - Parameters saved for D:/Atharva/Galvo_Scribber/Galvo_22092026/svg_files/Files/Difficult/nReDT-bird-floral-flying-wall-decor-home-decoration.dxf
2026-09-29 13:55 - INFO - File selected : D:/Atharva/Galvo_Scribber/Galvo_22092026/svg_files/Files/concentric_circles-20260831173907.dxf
2026-09-29 13:55 - INFO - Parameters saved for D:/Atharva/Galvo_Scribber/Galvo_22092026/svg_files/Files/concentric_circles-20260831173907.dxf
2026-09-29 13:57 - INFO - Galvo Laser Shutdown
2026-09-29 13:57 - CRITICAL - Laser 1 : OFF
2026-09-29 13:57 - CRITICAL - Laser 2 : OFF
2026-09-29 13:57 - INFO - Stepper Lasers Shutdown
2026-09-29 13:57 - INFO - COM connection close successfully
2026-09-29 13:57 - INFO - Main window close successfully
2026-09-29 13:57 - INFO - ==================================================
2026-09-29 13:57 - INFO - New session close at 2026-09-29 13:57
2026-09-29 13:57 - INFO - ==================================================
2026-09-29 14:44 - INFO - UI load successful
2026-09-29 14:44 - INFO - File selected : D:/Atharva/Galvo_Scribber/Galvo_22092026/svg_files/Files/concentric_circles-20260831173907.dxf
2026-09-29 14:44 - INFO - Parameters saved for D:/Atharva/Galvo_Scribber/Galvo_22092026/svg_files/Files/concentric_circles-20260831173907.dxf
2026-09-29 14:44 - INFO - Parameters saved for D:/Atharva/Galvo_Scribber/Galvo_22092026/svg_files/Files/concentric_circles-20260831173907.dxf
2026-09-29 14:45 - INFO - File selected : D:/Atharva/Galvo_Scribber/Galvo_22092026/svg_files/Files/Difficult/nReDT-bird-floral-flying-wall-decor-home-decoration.dxf
2026-09-29 14:45 - INFO - Parameters saved for D:/Atharva/Galvo_Scribber/Galvo_22092026/svg_files/Files/Difficult/nReDT-bird-floral-flying-wall-decor-home-decoration.dxf
2026-09-29 14:47 - INFO - Galvo Laser Shutdown
2026-09-29 14:47 - CRITICAL - Laser 1 : OFF
2026-09-29 14:47 - CRITICAL - Laser 2 : OFF
2026-09-29 14:47 - INFO - Stepper Lasers Shutdown
2026-09-29 14:47 - INFO - COM connection close successfully
2026-09-29 14:47 - INFO - Main window close successfully
2026-09-29 14:47 - INFO - ==================================================
2026-09-29 14:47 - INFO - New session close at 2026-09-29 14:47
2026-09-29 14:47 - INFO - ==================================================
2026-09-29 14:47 - INFO - UI load successful
2026-09-29 14:48 - INFO - File selected : D:/Atharva/Galvo_Scribber/Galvo_22092026/svg_files/Files/concentric_circles-20260831173907.dxf
2026-09-29 14:48 - INFO - Parameters saved for D:/Atharva/Galvo_Scribber/Galvo_22092026/svg_files/Files/concentric_circles-20260831173907.dxf
2026-09-29 14:52 - INFO - Galvo Laser Shutdown
2026-09-29 14:52 - CRITICAL - Laser 1 : OFF
2026-09-29 14:52 - CRITICAL - Laser 2 : OFF
2026-09-29 14:52 - INFO - Stepper Lasers Shutdown
2026-09-29 14:52 - INFO - COM connection close successfully
2026-09-29 14:52 - INFO - Main window close successfully
2026-09-29 14:52 - INFO - ==================================================
2026-09-29 14:52 - INFO - New session close at 2026-09-29 14:52
2026-09-29 14:52 - INFO - ==================================================
2026-09-29 14:52 - INFO - UI load successful
2026-09-29 14:52 - INFO - File selected : D:/Atharva/Galvo_Scribber/Galvo_22092026/svg_files/Files/concentric_circles-20260831173907.dxf
2026-09-29 14:52 - INFO - Parameters saved for D:/Atharva/Galvo_Scribber/Galvo_22092026/svg_files/Files/concentric_circles-20260831173907.dxf
2026-09-29 14:55 - INFO - Galvo Laser Shutdown
2026-09-29 14:55 - CRITICAL - Laser 1 : OFF
2026-09-29 14:55 - CRITICAL - Laser 2 : OFF
2026-09-29 14:55 - INFO - Stepper Lasers Shutdown
2026-09-29 14:55 - INFO - COM connection close successfully
2026-09-29 14:55 - INFO - Main window close successfully
2026-09-29 14:55 - INFO - ==================================================
2026-09-29 14:55 - INFO - New session close at 2026-09-29 14:55
2026-09-29 14:55 - INFO - ==================================================
2026-09-29 14:55 - INFO - UI load successful
2026-09-29 14:56 - INFO - File selected : D:/Atharva/Galvo_Scribber/Galvo_22092026/svg_files/Files/concentric_circles-20260831173907.dxf
2026-09-29 14:56 - INFO - Parameters saved for D:/Atharva/Galvo_Scribber/Galvo_22092026/svg_files/Files/concentric_circles-20260831173907.dxf
2026-09-29 15:02 - INFO - File selected : D:/Atharva/Galvo_Scribber/Galvo_22092026/svg_files/Files/Main/MF device 250 micron channel.dxf
2026-09-29 15:02 - INFO - Parameters saved for D:/Atharva/Galvo_Scribber/Galvo_22092026/svg_files/Files/Main/MF device 250 micron channel.dxf
2026-09-29 15:03 - INFO - Parameters saved for D:/Atharva/Galvo_Scribber/Galvo_22092026/svg_files/Files/Main/MF device 250 micron channel.dxf
2026-09-29 15:05 - INFO - Parameters saved for D:/Atharva/Galvo_Scribber/Galvo_22092026/svg_files/Files/Main/MF device 250 micron channel.dxf
2026-09-29 15:05 - INFO - File selected : D:/Atharva/Galvo_Scribber/Galvo_22092026/svg_files/Files/concentric_circles-20260831173907.dxf
2026-09-29 15:05 - INFO - Parameters saved for D:/Atharva/Galvo_Scribber/Galvo_22092026/svg_files/Files/concentric_circles-20260831173907.dxf
2026-09-29 15:08 - INFO - Parameters saved for D:/Atharva/Galvo_Scribber/Galvo_22092026/svg_files/Files/concentric_circles-20260831173907.dxf
2026-09-29 15:11 - INFO - Galvo Laser Shutdown
2026-09-29 15:11 - CRITICAL - Laser 1 : OFF
2026-09-29 15:11 - CRITICAL - Laser 2 : OFF
2026-09-29 15:11 - INFO - Stepper Lasers Shutdown
2026-09-29 15:11 - INFO - COM connection close successfully
2026-09-29 15:11 - INFO - Main window close successfully
2026-09-29 15:11 - INFO - ==================================================
2026-09-29 15:11 - INFO - New session close at 2026-09-29 15:11
2026-09-29 15:11 - INFO - ==================================================
2026-09-29 15:11 - INFO - UI load successful
2026-09-29 15:11 - INFO - File selected : D:/Atharva/Galvo_Scribber/Galvo_22092026/svg_files/Files/concentric_circles-20260831173907.dxf
2026-09-29 15:11 - INFO - Parameters saved for D:/Atharva/Galvo_Scribber/Galvo_22092026/svg_files/Files/concentric_circles-20260831173907.dxf
2026-09-29 15:13 - INFO - >> Hardware Trigger: DI1 (Start) Pressed!
2026-09-29 15:13 - INFO - >> Hardware Trigger: DI2 (Abort) Pressed!
2026-09-29 15:17 - INFO - UI load successful
2026-09-29 15:18 - INFO - File selected : D:/Atharva/Galvo_Scribber/Galvo_22092026/svg_files/Files/concentric_circles-20260831173907.dxf
2026-09-29 15:18 - INFO - Parameters saved for D:/Atharva/Galvo_Scribber/Galvo_22092026/svg_files/Files/concentric_circles-20260831173907.dxf
2026-09-29 15:19 - INFO - Parameters saved for D:/Atharva/Galvo_Scribber/Galvo_22092026/svg_files/Files/concentric_circles-20260831173907.dxf
2026-09-29 15:20 - INFO - File selected : D:/Atharva/Galvo_Scribber/Galvo_22092026/svg_files/Files/Main/MF device 250 micron channel.dxf
2026-09-29 15:20 - INFO - Parameters saved for D:/Atharva/Galvo_Scribber/Galvo_22092026/svg_files/Files/Main/MF device 250 micron channel.dxf
2026-09-29 15:34 - INFO - Parameters saved for D:/Atharva/Galvo_Scribber/Galvo_22092026/svg_files/Files/Main/MF device 250 micron channel.dxf
2026-09-29 15:50 - INFO - File selected : D:/Atharva/Galvo_Scribber/Galvo_22092026/svg_files/Files/Difficult/nReDT-bird-floral-flying-wall-decor-home-decoration.dxf
2026-09-29 15:50 - INFO - Parameters saved for D:/Atharva/Galvo_Scribber/Galvo_22092026/svg_files/Files/Difficult/nReDT-bird-floral-flying-wall-decor-home-decoration.dxf
2026-09-29 15:50 - INFO - Parameters saved for D:/Atharva/Galvo_Scribber/Galvo_22092026/svg_files/Files/Difficult/nReDT-bird-floral-flying-wall-decor-home-decoration.dxf
2026-09-29 15:53 - INFO - Galvo Laser Shutdown
2026-09-29 15:53 - CRITICAL - Laser 1 : OFF
2026-09-29 15:53 - CRITICAL - Laser 2 : OFF
2026-09-29 15:53 - INFO - Stepper Lasers Shutdown
2026-09-29 15:53 - INFO - COM connection close successfully
2026-09-29 15:53 - INFO - Main window close successfully
2026-09-29 15:53 - INFO - ==================================================
2026-09-29 15:53 - INFO - New session close at 2026-09-29 15:53
2026-09-29 15:53 - INFO - ==================================================
2026-09-29 16:08 - INFO - UI load successful
2026-09-29 16:12 - INFO - UI load successful
2026-09-29 16:18 - INFO - UI load successful
2026-09-29 16:20 - INFO - UI load successful
2026-09-29 16:21 - INFO - UI load successful
2026-09-29 16:22 - INFO - UI load successful
2026-09-29 16:33 - INFO - UI load successful
2026-09-29 16:38 - INFO - Galvo Laser Shutdown
2026-09-29 16:38 - CRITICAL - Laser 1 : OFF
2026-09-29 16:38 - CRITICAL - Laser 2 : OFF
2026-09-29 16:38 - INFO - Stepper Lasers Shutdown
2026-09-29 16:38 - INFO - COM connection close successfully
2026-09-29 16:38 - INFO - Main window close successfully
2026-09-29 16:38 - INFO - ==================================================
2026-09-29 16:38 - INFO - New session close at 2026-09-29 16:38
2026-09-29 16:38 - INFO - ==================================================
2026-09-29 16:38 - INFO - UI load successful
2026-09-29 16:39 - INFO - mapmatrixAction : redmarkmat
2026-09-29 16:39 - INFO - mapmatrixAction : redmarkmat
2026-09-29 16:39 - INFO - mapmatrixAction : stopmat
2026-09-29 16:39 - INFO - mapmatrixAction : redmarkmat
2026-09-29 16:39 - INFO - mapmatrixAction : stopmat
2026-09-29 16:39 - INFO - mapmatrixAction : stopmat
2026-09-29 16:40 - INFO - mapmatrixAction : redmarkmat
2026-09-29 16:40 - INFO - >> Hardware Trigger: DI2 (Abort) Pressed!
2026-09-29 16:40 - INFO - >> Hardware Trigger: DI2 (Abort) Not Pressed!
2026-09-29 16:40 - INFO - >> Hardware Trigger: DI2 (Abort) Pressed!
2026-09-29 16:40 - INFO - >> Hardware Trigger: DI2 (Abort) Not Pressed!
2026-09-29 16:40 - INFO - >> Hardware Trigger: DI2 (Abort) Pressed!
2026-09-29 16:40 - INFO - >> Hardware Trigger: DI2 (Abort) Not Pressed!
2026-09-29 16:40 - INFO - >> Hardware Trigger: DI2 (Abort) Pressed!
2026-09-29 16:40 - INFO - >> Hardware Trigger: DI2 (Abort) Not Pressed!
2026-09-29 16:40 - INFO - >> Hardware Trigger: DI2 (Abort) Pressed!
2026-09-29 16:40 - INFO - >> Hardware Trigger: DI1 (Start) Pressed!
2026-09-29 16:40 - INFO - >> Hardware Trigger: DI2 (Abort) Not Pressed!
2026-09-29 16:40 - INFO - >> Hardware Trigger: DI2 (Abort) Pressed!
2026-09-29 16:40 - INFO - >> Hardware Trigger: DI1 (Start) Not Pressed!
2026-09-29 16:40 - INFO - >> Hardware Trigger: DI2 (Abort) Not Pressed!
2026-09-29 16:40 - INFO - >> Hardware Trigger: DI2 (Abort) Pressed!
2026-09-29 16:40 - INFO - >> Hardware Trigger: DI2 (Abort) Not Pressed!
2026-09-29 16:40 - INFO - >> Hardware Trigger: DI2 (Abort) Pressed!
2026-09-29 16:40 - INFO - >> Hardware Trigger: DI2 (Abort) Not Pressed!
2026-09-29 16:40 - INFO - >> Hardware Trigger: DI2 (Abort) Pressed!
2026-09-29 16:40 - INFO - >> Hardware Trigger: DI2 (Abort) Not Pressed!
2026-09-29 16:40 - INFO - >> Hardware Trigger: DI2 (Abort) Pressed!
2026-09-29 16:40 - INFO - >> Hardware Trigger: DI2 (Abort) Not Pressed!
2026-09-29 16:40 - INFO - >> Hardware Trigger: DI2 (Abort) Pressed!
2026-09-29 16:40 - INFO - >> Hardware Trigger: DI2 (Abort) Not Pressed!
2026-09-29 16:40 - INFO - >> Hardware Trigger: DI2 (Abort) Pressed!
2026-09-29 16:40 - INFO - >> Hardware Trigger: DI2 (Abort) Not Pressed!
2026-09-29 16:40 - INFO - >> Hardware Trigger: DI2 (Abort) Pressed!
2026-09-29 16:40 - INFO - >> Hardware Trigger: DI2 (Abort) Not Pressed!
2026-09-29 16:40 - INFO - >> Hardware Trigger: DI2 (Abort) Pressed!
2026-09-29 16:40 - INFO - >> Hardware Trigger: DI2 (Abort) Not Pressed!
2026-09-29 16:40 - INFO - mapmatrixAction : stopmat
2026-09-29 16:40 - INFO - mapmatrixAction : lasermarkmat
2026-09-29 16:40 - INFO - >> Hardware Trigger: DI2 (Abort) Pressed!
2026-09-29 16:40 - INFO - >> Hardware Trigger: DI2 (Abort) Not Pressed!
2026-09-29 16:40 - INFO - >> Hardware Trigger: DI2 (Abort) Pressed!
2026-09-29 16:40 - INFO - >> Hardware Trigger: DI2 (Abort) Not Pressed!
2026-09-29 16:40 - INFO - >> Hardware Trigger: DI2 (Abort) Pressed!
2026-09-29 16:40 - INFO - >> Hardware Trigger: DI2 (Abort) Not Pressed!
2026-09-29 16:41 - INFO - mapmatrixAction : stopmat
2026-09-29 16:41 - INFO - mapmatrixAction : redmarkmat
2026-09-29 16:41 - INFO - File selected : D:/Atharva/Galvo_Scribber/Galvo_22092026/40mm_square.svg
2026-09-29 16:41 - INFO - Parameters saved for D:/Atharva/Galvo_Scribber/Galvo_22092026/40mm_square.svg
2026-09-29 16:41 - INFO - mapmatrixAction : stopmat
2026-09-29 16:42 - INFO - mapmatrixAction : stopmat
2026-09-29 16:42 - INFO - mapmatrixAction : stopmat
2026-09-29 16:42 - INFO - mapmatrixAction : stopmat
2026-09-29 16:42 - INFO - mapmatrixAction : stopmat
2026-09-29 16:42 - INFO - mapmatrixAction : stopmat
2026-09-29 16:42 - INFO - mapmatrixAction : stopmat
2026-09-29 16:42 - INFO - mapmatrixAction : stopmat
2026-09-29 16:42 - INFO - mapmatrixAction : stopmat
2026-09-29 16:42 - INFO - mapmatrixAction : stopmat
2026-09-29 16:42 - INFO - mapmatrixAction : stopmat
2026-09-29 16:42 - INFO - UI load successful
2026-09-29 16:43 - INFO - File selected : D:/Atharva/Galvo_Scribber/Galvo_22092026/40mm_square.svg
2026-09-29 16:43 - INFO - Parameters saved for D:/Atharva/Galvo_Scribber/Galvo_22092026/40mm_square.svg
2026-09-29 16:43 - INFO - mapmatrixAction : redmarkmat
2026-09-29 16:43 - INFO - mapmatrixAction : stopmat
2026-09-29 16:43 - INFO - mapmatrixAction : redmarkmat
2026-09-29 16:43 - INFO - mapmatrixAction : stopmat
2026-09-29 16:43 - INFO - mapmatrixAction : lasermarkmat
2026-09-29 16:43 - INFO - mapmatrixAction : stopmat
2026-09-29 16:43 - INFO - mapmatrixAction : stopmat
2026-09-29 16:43 - INFO - mapmatrixAction : lasermarkmat
2026-09-29 16:43 - INFO - mapmatrixAction : stopmat
2026-09-29 16:44 - INFO - mapmatrixAction : lasermarkmat
2026-09-29 16:44 - INFO - mapmatrixAction : stopmat
2026-09-29 16:44 - INFO - mapmatrixAction : stopmat
2026-09-29 16:44 - INFO - mapmatrixAction : lasermarkmat
2026-09-29 16:44 - INFO - mapmatrixAction : stopmat
2026-09-29 16:45 - INFO - mapmatrixAction : redmarkmat
2026-09-29 16:45 - INFO - mapmatrixAction : stopmat
2026-09-29 16:46 - INFO - >> Hardware Trigger: DI1 (Start) Pressed!
2026-09-29 16:47 - INFO - >> Hardware Trigger: DI1 (Start) Not Pressed!
2026-09-29 16:47 - INFO - >> Hardware Trigger: DI2 (Abort) Pressed!
2026-09-29 16:47 - INFO - >> Hardware Trigger: DI2 (Abort) Not Pressed!
2026-09-29 16:47 - INFO - Parameters saved for D:/Atharva/Galvo_Scribber/Galvo_22092026/40mm_square.svg
2026-09-29 16:48 - INFO - >> Hardware Trigger: DI2 (Abort) Pressed!
2026-09-29 16:48 - INFO - >> Hardware Trigger: DI2 (Abort) Not Pressed!
2026-09-29 16:48 - INFO - Parameters saved for D:/Atharva/Galvo_Scribber/Galvo_22092026/40mm_square.svg
2026-09-29 16:49 - INFO - >> Hardware Trigger: DI2 (Abort) Pressed!
2026-09-29 16:49 - INFO - >> Hardware Trigger: DI2 (Abort) Not Pressed!
2026-09-29 16:49 - INFO - Galvo Laser Shutdown
2026-09-29 16:49 - CRITICAL - Laser 1 : OFF
2026-09-29 16:49 - CRITICAL - Laser 2 : OFF
2026-09-29 16:49 - INFO - Stepper Lasers Shutdown
2026-09-29 16:49 - INFO - COM connection close successfully
2026-09-29 16:49 - INFO - Main window close successfully
2026-09-29 16:49 - INFO - ==================================================
2026-09-29 16:49 - INFO - New session close at 2026-09-29 16:49
2026-09-29 16:49 - INFO - ==================================================
2026-09-29 16:49 - INFO - UI load successful
2026-09-29 16:49 - INFO - mapmatrixAction : redmarkmat
2026-09-29 16:50 - INFO - mapmatrixAction : stopmat
2026-09-29 16:50 - INFO - mapmatrixAction : redmarkmat
2026-09-29 16:50 - INFO - mapmatrixAction : redmarkmat
2026-09-29 16:50 - INFO - mapmatrixAction : stopmat
2026-09-29 16:50 - INFO - mapmatrixAction : lasermarkmat
2026-09-29 16:50 - INFO - >> Hardware Trigger: DI2 (Abort) Pressed!
2026-09-29 16:50 - INFO - >> Hardware Trigger: DI2 (Abort) Not Pressed!
2026-09-29 16:50 - INFO - >> Hardware Trigger: DI2 (Abort) Pressed!
2026-09-29 16:50 - INFO - >> Hardware Trigger: DI2 (Abort) Not Pressed!
2026-09-29 16:50 - INFO - mapmatrixAction : lasermarkmat
2026-09-29 16:50 - INFO - >> Hardware Trigger: DI2 (Abort) Pressed!
2026-09-29 16:50 - INFO - >> Hardware Trigger: DI2 (Abort) Not Pressed!
2026-09-29 16:51 - INFO - mapmatrixAction : lasermarkmat
2026-09-29 16:51 - INFO - >> Hardware Trigger: DI2 (Abort) Pressed!
2026-09-29 16:51 - INFO - >> Hardware Trigger: DI2 (Abort) Not Pressed!
2026-09-29 16:51 - INFO - mapmatrixAction : lasermarkmat
2026-09-29 16:51 - INFO - >> Hardware Trigger: DI2 (Abort) Pressed!
2026-09-29 16:51 - INFO - >> Hardware Trigger: DI2 (Abort) Not Pressed!
2026-09-29 16:51 - INFO - >> Hardware Trigger: DI2 (Abort) Pressed!
2026-09-29 16:51 - INFO - >> Hardware Trigger: DI2 (Abort) Not Pressed!
2026-09-29 16:51 - INFO - mapmatrixAction : lasermarkmat
2026-09-29 16:51 - INFO - >> Hardware Trigger: DI2 (Abort) Pressed!
2026-09-29 16:51 - INFO - >> Hardware Trigger: DI2 (Abort) Not Pressed!
2026-09-29 16:51 - INFO - >> Hardware Trigger: DI2 (Abort) Pressed!
2026-09-29 16:51 - INFO - >> Hardware Trigger: DI2 (Abort) Not Pressed!
2026-09-29 16:56 - INFO - Galvo Laser Shutdown
2026-09-29 16:56 - CRITICAL - Laser 1 : OFF
2026-09-29 16:56 - CRITICAL - Laser 2 : OFF
2026-09-29 16:56 - INFO - Stepper Lasers Shutdown
2026-09-29 16:56 - INFO - COM connection close successfully
2026-09-29 16:56 - INFO - Main window close successfully
2026-09-29 16:56 - INFO - ==================================================
2026-09-29 16:56 - INFO - New session close at 2026-09-29 16:56
2026-09-29 16:56 - INFO - ==================================================
2026-09-29 16:56 - INFO - UI load successful
2026-09-29 16:56 - INFO - Galvo Laser Shutdown
2026-09-29 16:56 - CRITICAL - Laser 1 : OFF
2026-09-29 16:56 - CRITICAL - Laser 2 : OFF
2026-09-29 16:56 - INFO - Stepper Lasers Shutdown
2026-09-29 16:56 - INFO - COM connection close successfully
2026-09-29 16:56 - INFO - Main window close successfully
2026-09-29 16:56 - INFO - ==================================================
2026-09-29 16:56 - INFO - New session close at 2026-09-29 16:56
2026-09-29 16:56 - INFO - ==================================================
2026-09-29 16:56 - INFO - UI load successful
2026-09-29 16:57 - INFO - mapmatrixAction : redmarkmat
2026-09-29 16:57 - INFO - mapmatrixAction : redmarkmat
2026-09-29 16:57 - INFO - mapmatrixAction : lasermarkmat
2026-09-29 16:57 - INFO - >> Hardware Trigger: DI2 (Abort) Pressed!
2026-09-29 16:57 - INFO - >> Hardware Trigger: DI2 (Abort) Not Pressed!
2026-09-29 16:58 - INFO - File selected : D:/Atharva/Galvo_Scribber/Galvo_22092026/svg_files/Files/Main/MF device 250 micron channel.dxf
2026-09-29 16:58 - INFO - File selected : D:/Atharva/Galvo_Scribber/Galvo_22092026/svg_files/africakimudra.svg
2026-09-29 16:58 - INFO - Parameters saved for D:/Atharva/Galvo_Scribber/Galvo_22092026/svg_files/africakimudra.svg
2026-09-29 16:59 - INFO - Parameters saved for D:/Atharva/Galvo_Scribber/Galvo_22092026/svg_files/africakimudra.svg
2026-09-29 17:02 - INFO - UI load successful
2026-09-29 17:02 - INFO - File selected : D:/Atharva/Galvo_Scribber/Galvo_22092026/svg_files/africakimudra.svg
2026-09-29 17:03 - INFO - Parameters saved for D:/Atharva/Galvo_Scribber/Galvo_22092026/svg_files/africakimudra.svg
2026-09-29 17:05 - INFO - Parameters saved for D:/Atharva/Galvo_Scribber/Galvo_22092026/svg_files/africakimudra.svg
2026-09-29 17:16 - INFO - File selected : D:/Atharva/Galvo_Scribber/Galvo_22092026/svg_files/Files/Difficult/uwPfi-cool-women-face-decorative-art-design.dxf
2026-09-29 17:16 - INFO - Parameters saved for D:/Atharva/Galvo_Scribber/Galvo_22092026/svg_files/Files/Difficult/uwPfi-cool-women-face-decorative-art-design.dxf
2026-09-29 17:17 - INFO - Parameters saved for D:/Atharva/Galvo_Scribber/Galvo_22092026/svg_files/Files/Difficult/uwPfi-cool-women-face-decorative-art-design.dxf
2026-09-29 17:18 - INFO - Parameters saved for D:/Atharva/Galvo_Scribber/Galvo_22092026/svg_files/Files/Difficult/uwPfi-cool-women-face-decorative-art-design.dxf
2026-09-29 17:23 - INFO - Parameters saved for D:/Atharva/Galvo_Scribber/Galvo_22092026/svg_files/Files/Difficult/uwPfi-cool-women-face-decorative-art-design.dxf
2026-09-29 17:28 - INFO - File selected : D:/Atharva/Galvo_Scribber/Galvo_22092026/svg_files/Files/Electrode/ide2.svg
2026-09-29 17:28 - INFO - Parameters saved for D:/Atharva/Galvo_Scribber/Galvo_22092026/svg_files/Files/Electrode/ide2.svg
2026-09-29 17:31 - INFO - Parameters saved for D:/Atharva/Galvo_Scribber/Galvo_22092026/svg_files/Files/Electrode/ide2.svg
2026-09-29 17:31 - INFO - Parameters saved for D:/Atharva/Galvo_Scribber/Galvo_22092026/svg_files/Files/Electrode/ide2.svg
2026-09-29 17:45 - INFO - Close event ignored.
2026-09-29 17:45 - INFO - Galvo Laser Shutdown
2026-09-29 17:45 - CRITICAL - Laser 1 : OFF
2026-09-29 17:45 - CRITICAL - Laser 2 : OFF
2026-09-29 17:45 - INFO - Stepper Lasers Shutdown
2026-09-29 17:45 - INFO - COM connection close successfully
2026-09-29 17:45 - INFO - Main window close successfully
2026-09-29 17:45 - INFO - ==================================================
2026-09-29 17:45 - INFO - New session close at 2026-09-29 17:45
2026-09-29 17:45 - INFO - ==================================================
2026-09-29 17:46 - INFO - UI load successful
2026-09-29 17:46 - INFO - File selected : D:/Atharva/Galvo_Scribber/Galvo_22092026/svg_files/Files/Electrode/ide2.svg
2026-09-29 17:46 - INFO - Parameters saved for D:/Atharva/Galvo_Scribber/Galvo_22092026/svg_files/Files/Electrode/ide2.svg
2026-09-29 17:54 - INFO - File selected : D:/Atharva/Galvo_Scribber/Galvo_22092026/MF device 250 micron channel.dxf
2026-09-29 17:54 - INFO - Parameters saved for D:/Atharva/Galvo_Scribber/Galvo_22092026/MF device 250 micron channel.dxf
2026-09-29 17:56 - INFO - Parameters saved for D:/Atharva/Galvo_Scribber/Galvo_22092026/MF device 250 micron channel.dxf
2026-09-29 17:57 - INFO - Galvo Laser Shutdown
2026-09-29 17:57 - CRITICAL - Laser 1 : OFF
2026-09-29 17:57 - CRITICAL - Laser 2 : OFF
2026-09-29 17:57 - INFO - Stepper Lasers Shutdown
2026-09-29 17:57 - INFO - COM connection close successfully
2026-09-29 17:57 - INFO - Main window close successfully
2026-09-29 17:57 - INFO - ==================================================
2026-09-29 17:57 - INFO - New session close at 2026-09-29 17:57
2026-09-29 17:57 - INFO - ==================================================
2026-09-29 17:57 - INFO - UI load successful
2026-09-29 17:57 - INFO - File selected : D:/Atharva/Galvo_Scribber/Galvo_22092026/MF device 250 micron channel.dxf
2026-09-29 17:57 - INFO - Parameters saved for D:/Atharva/Galvo_Scribber/Galvo_22092026/MF device 250 micron channel.dxf
2026-09-29 17:57 - INFO - Parameters saved for D:/Atharva/Galvo_Scribber/Galvo_22092026/MF device 250 micron channel.dxf
2026-09-29 17:58 - INFO - Parameters saved for D:/Atharva/Galvo_Scribber/Galvo_22092026/MF device 250 micron channel.dxf
2026-09-29 18:01 - INFO - Galvo Laser Shutdown
2026-09-29 18:01 - CRITICAL - Laser 1 : OFF
2026-09-29 18:01 - CRITICAL - Laser 2 : OFF
2026-09-29 18:01 - INFO - Stepper Lasers Shutdown
2026-09-29 18:01 - INFO - COM connection close successfully
2026-09-29 18:01 - INFO - Main window close successfully
2026-09-29 18:01 - INFO - ==================================================
2026-09-29 18:01 - INFO - New session close at 2026-09-29 18:01
2026-09-29 18:01 - INFO - ==================================================
2026-09-30 10:30 - INFO - UI load successful
2026-09-30 10:33 - INFO - File selected : D:/Atharva/Galvo_Scribber/Galvo_22092026/MF device 250 micron channel.dxf
2026-09-30 10:33 - INFO - Parameters saved for D:/Atharva/Galvo_Scribber/Galvo_22092026/MF device 250 micron channel.dxf
2026-09-30 10:34 - INFO - Parameters saved for D:/Atharva/Galvo_Scribber/Galvo_22092026/MF device 250 micron channel.dxf
2026-09-30 10:35 - INFO - Galvo Laser Shutdown
2026-09-30 10:35 - CRITICAL - Laser 1 : OFF
2026-09-30 10:35 - CRITICAL - Laser 2 : OFF
2026-09-30 10:35 - INFO - Stepper Lasers Shutdown
2026-09-30 10:35 - INFO - COM connection close successfully
2026-09-30 10:35 - INFO - Main window close successfully
2026-09-30 10:35 - INFO - ==================================================
2026-09-30 10:35 - INFO - New session close at 2026-09-30 10:35
2026-09-30 10:35 - INFO - ==================================================
2026-09-30 10:43 - INFO - UI load successful
2026-09-30 10:44 - INFO - File selected : D:/Atharva/Galvo_Scribber/Galvo_22092026/MF device 250 micron channel.dxf
2026-09-30 10:44 - INFO - Parameters saved for D:/Atharva/Galvo_Scribber/Galvo_22092026/MF device 250 micron channel.dxf
2026-09-30 10:45 - INFO - Parameters saved for D:/Atharva/Galvo_Scribber/Galvo_22092026/MF device 250 micron channel.dxf
2026-09-30 11:06 - INFO - UI load successful
2026-09-30 11:06 - INFO - File selected : D:/Atharva/Galvo_Scribber/Galvo_22092026/MF device 250 micron channel.dxf
2026-09-30 11:06 - INFO - Parameters saved for D:/Atharva/Galvo_Scribber/Galvo_22092026/MF device 250 micron channel.dxf
2026-09-30 11:07 - INFO - Parameters saved for D:/Atharva/Galvo_Scribber/Galvo_22092026/MF device 250 micron channel.dxf
2026-09-30 11:08 - INFO - Galvo Laser Shutdown
2026-09-30 11:08 - CRITICAL - Laser 1 : OFF
2026-09-30 11:08 - CRITICAL - Laser 2 : OFF
2026-09-30 11:08 - INFO - Stepper Lasers Shutdown
2026-09-30 11:08 - INFO - COM connection close successfully
2026-09-30 11:08 - INFO - Main window close successfully
2026-09-30 11:08 - INFO - ==================================================
2026-09-30 11:08 - INFO - New session close at 2026-09-30 11:08
2026-09-30 11:08 - INFO - ==================================================
2026-09-30 11:09 - INFO - UI load successful
2026-09-30 11:09 - INFO - Galvo Laser Shutdown
2026-09-30 11:09 - CRITICAL - Laser 1 : OFF
2026-09-30 11:09 - CRITICAL - Laser 2 : OFF
2026-09-30 11:09 - INFO - Stepper Lasers Shutdown
2026-09-30 11:09 - INFO - COM connection close successfully
2026-09-30 11:09 - INFO - Main window close successfully
2026-09-30 11:09 - INFO - ==================================================
2026-09-30 11:09 - INFO - New session close at 2026-09-30 11:09
2026-09-30 11:09 - INFO - ==================================================
2026-09-30 11:17 - INFO - UI load successful
2026-09-30 11:17 - INFO - File selected : D:/Atharva/Galvo_Scribber/Galvo_22092026/MF device 250 micron channel.dxf
2026-09-30 11:17 - INFO - Parameters saved for D:/Atharva/Galvo_Scribber/Galvo_22092026/MF device 250 micron channel.dxf
2026-09-30 11:19 - INFO - Parameters saved for D:/Atharva/Galvo_Scribber/Galvo_22092026/MF device 250 micron channel.dxf
2026-09-30 11:21 - INFO - Parameters saved for D:/Atharva/Galvo_Scribber/Galvo_22092026/MF device 250 micron channel.dxf
2026-09-30 11:21 - INFO - Parameters saved for D:/Atharva/Galvo_Scribber/Galvo_22092026/MF device 250 micron channel.dxf
2026-09-30 11:21 - INFO - Parameters saved for D:/Atharva/Galvo_Scribber/Galvo_22092026/MF device 250 micron channel.dxf
2026-09-30 11:22 - INFO - Parameters saved for D:/Atharva/Galvo_Scribber/Galvo_22092026/MF device 250 micron channel.dxf
2026-09-30 12:04 - INFO - >> Hardware Trigger: DI1 (Start) Pressed!
2026-09-30 12:04 - INFO - >> Hardware Trigger: DI2 (Abort) Pressed!
2026-09-30 12:27 - CRITICAL - Laser 1 : OFF
2026-09-30 12:27 - CRITICAL - Laser 2 : OFF
2026-09-30 12:27 - INFO - Stepper Lasers Shutdown
2026-09-30 12:27 - INFO - COM connection close successfully
2026-09-30 12:27 - INFO - Main window close successfully
2026-09-30 12:27 - INFO - ==================================================
2026-09-30 12:27 - INFO - New session close at 2026-09-30 12:27
2026-09-30 12:27 - INFO - ==================================================
2026-09-30 12:28 - INFO - UI load successful
2026-09-30 12:54 - INFO - File selected : D:/Atharva/Galvo_Scribber/Galvo_22092026/MF device 250 micron channel.dxf
2026-09-30 12:54 - INFO - Parameters saved for D:/Atharva/Galvo_Scribber/Galvo_22092026/MF device 250 micron channel.dxf
2026-09-30 12:56 - INFO - Parameters saved for D:/Atharva/Galvo_Scribber/Galvo_22092026/MF device 250 micron channel.dxf
2026-09-30 12:56 - INFO - Parameters saved for D:/Atharva/Galvo_Scribber/Galvo_22092026/MF device 250 micron channel.dxf
2026-09-30 12:56 - INFO - Parameters saved for D:/Atharva/Galvo_Scribber/Galvo_22092026/MF device 250 micron channel.dxf
2026-09-30 12:58 - INFO - Parameters saved for D:/Atharva/Galvo_Scribber/Galvo_22092026/MF device 250 micron channel.dxf
2026-09-30 12:59 - INFO - mapmatrixAction : redmarkmat
2026-09-30 12:59 - INFO - mapmatrixAction : redmarkmat
2026-09-30 12:59 - INFO - mapmatrixAction : redmarkmat
2026-09-30 13:00 - INFO - mapmatrixAction : redmarkmat
2026-09-30 13:00 - INFO - mapmatrixAction : redmarkmat
2026-09-30 13:00 - INFO - mapmatrixAction : redmarkmat
2026-09-30 13:00 - INFO - mapmatrixAction : redmarkmat
2026-09-30 13:00 - INFO - mapmatrixAction : redmarkmat
2026-09-30 13:00 - INFO - mapmatrixAction : redmarkmat
2026-09-30 13:00 - INFO - mapmatrixAction : redmarkmat
2026-09-30 13:00 - INFO - mapmatrixAction : lasermarkmat
2026-09-30 13:01 - INFO - mapmatrixAction : lasermarkmat
2026-09-30 13:01 - INFO - mapmatrixAction : lasermarkmat
2026-09-30 13:01 - INFO - >> Hardware Trigger: DI2 (Abort) Pressed!
2026-09-30 13:01 - INFO - >> Hardware Trigger: DI2 (Abort) Not Pressed!
2026-09-30 13:01 - INFO - >> Hardware Trigger: DI2 (Abort) Pressed!
2026-09-30 13:01 - INFO - >> Hardware Trigger: DI2 (Abort) Not Pressed!
2026-09-30 13:01 - INFO - mapmatrixAction : redmarkmat
2026-09-30 13:01 - INFO - mapmatrixAction : redmarkmat
2026-09-30 13:01 - INFO - mapmatrixAction : lasermarkmat
2026-09-30 13:03 - INFO - mapmatrixAction : stopmat
2026-09-30 13:03 - INFO - mapmatrixAction : redmarkmat
2026-09-30 13:03 - INFO - mapmatrixAction : redmarkmat
2026-09-30 13:03 - INFO - mapmatrixAction : stopmat
2026-09-30 13:03 - INFO - mapmatrixAction : lasermarkmat
2026-09-30 13:06 - INFO - >> Hardware Trigger: DI2 (Abort) Pressed!
2026-09-30 13:06 - INFO - >> Hardware Trigger: DI2 (Abort) Not Pressed!
2026-09-30 13:07 - INFO - Galvo Laser Shutdown
2026-09-30 13:07 - CRITICAL - Laser 1 : OFF
2026-09-30 13:07 - CRITICAL - Laser 2 : OFF
2026-09-30 13:07 - INFO - Stepper Lasers Shutdown
2026-09-30 13:07 - INFO - COM connection close successfully
2026-09-30 13:07 - INFO - Main window close successfully
2026-09-30 13:07 - INFO - ==================================================
2026-09-30 13:07 - INFO - New session close at 2026-09-30 13:07
2026-09-30 13:07 - INFO - ==================================================
2026-09-30 13:07 - INFO - UI load successful
2026-09-30 13:07 - INFO - File selected : D:/Atharva/Galvo_Scribber/Galvo_22092026/MF device 250 micron channel.dxf
2026-09-30 13:08 - INFO - Parameters saved for D:/Atharva/Galvo_Scribber/Galvo_22092026/MF device 250 micron channel.dxf
2026-09-30 13:08 - INFO - >> Hardware Trigger: DI2 (Abort) Pressed!
2026-09-30 13:08 - INFO - >> Hardware Trigger: DI2 (Abort) Not Pressed!
2026-09-30 13:08 - INFO - >> Hardware Trigger: DI2 (Abort) Pressed!
2026-09-30 13:08 - INFO - >> Hardware Trigger: DI2 (Abort) Not Pressed!
2026-09-30 13:08 - INFO - >> Hardware Trigger: DI2 (Abort) Pressed!
2026-09-30 13:08 - INFO - >> Hardware Trigger: DI2 (Abort) Not Pressed!
2026-09-30 13:08 - INFO - >> Hardware Trigger: DI2 (Abort) Pressed!
2026-09-30 13:08 - INFO - >> Hardware Trigger: DI2 (Abort) Not Pressed!
2026-09-30 13:08 - INFO - >> Hardware Trigger: DI2 (Abort) Pressed!
2026-09-30 13:08 - INFO - >> Hardware Trigger: DI2 (Abort) Not Pressed!
2026-09-30 13:08 - INFO - >> Hardware Trigger: DI2 (Abort) Pressed!
2026-09-30 13:08 - INFO - >> Hardware Trigger: DI2 (Abort) Not Pressed!
2026-09-30 13:08 - INFO - >> Hardware Trigger: DI2 (Abort) Pressed!
2026-09-30 13:08 - INFO - >> Hardware Trigger: DI2 (Abort) Not Pressed!
2026-09-30 13:08 - INFO - >> Hardware Trigger: DI2 (Abort) Pressed!
2026-09-30 13:08 - INFO - >> Hardware Trigger: DI2 (Abort) Not Pressed!
2026-09-30 13:08 - INFO - >> Hardware Trigger: DI2 (Abort) Pressed!
2026-09-30 13:08 - INFO - >> Hardware Trigger: DI2 (Abort) Not Pressed!
2026-09-30 13:08 - INFO - >> Hardware Trigger: DI2 (Abort) Pressed!
2026-09-30 13:08 - INFO - >> Hardware Trigger: DI2 (Abort) Not Pressed!
2026-09-30 13:08 - INFO - >> Hardware Trigger: DI2 (Abort) Pressed!
2026-09-30 13:08 - INFO - >> Hardware Trigger: DI2 (Abort) Not Pressed!
2026-09-30 13:08 - INFO - >> Hardware Trigger: DI2 (Abort) Pressed!
2026-09-30 13:08 - INFO - >> Hardware Trigger: DI2 (Abort) Not Pressed!
2026-09-30 13:08 - INFO - >> Hardware Trigger: DI2 (Abort) Pressed!
2026-09-30 13:08 - INFO - >> Hardware Trigger: DI2 (Abort) Not Pressed!
2026-09-30 13:08 - INFO - >> Hardware Trigger: DI2 (Abort) Pressed!
2026-09-30 13:08 - INFO - >> Hardware Trigger: DI2 (Abort) Not Pressed!
2026-09-30 13:08 - INFO - >> Hardware Trigger: DI2 (Abort) Pressed!
2026-09-30 13:08 - INFO - >> Hardware Trigger: DI2 (Abort) Not Pressed!
2026-09-30 13:08 - INFO - >> Hardware Trigger: DI2 (Abort) Pressed!
2026-09-30 13:08 - INFO - >> Hardware Trigger: DI2 (Abort) Not Pressed!
2026-09-30 13:08 - INFO - >> Hardware Trigger: DI2 (Abort) Pressed!
2026-09-30 13:08 - INFO - >> Hardware Trigger: DI2 (Abort) Not Pressed!
2026-09-30 13:08 - INFO - >> Hardware Trigger: DI2 (Abort) Pressed!
2026-09-30 13:08 - INFO - >> Hardware Trigger: DI2 (Abort) Not Pressed!
2026-09-30 13:08 - INFO - >> Hardware Trigger: DI2 (Abort) Pressed!
2026-09-30 13:08 - INFO - >> Hardware Trigger: DI2 (Abort) Not Pressed!
2026-09-30 13:08 - INFO - >> Hardware Trigger: DI2 (Abort) Pressed!
2026-09-30 13:08 - INFO - >> Hardware Trigger: DI2 (Abort) Not Pressed!
2026-09-30 13:08 - INFO - >> Hardware Trigger: DI2 (Abort) Pressed!
2026-09-30 13:08 - INFO - >> Hardware Trigger: DI2 (Abort) Not Pressed!
2026-09-30 13:08 - INFO - >> Hardware Trigger: DI2 (Abort) Pressed!
2026-09-30 13:08 - INFO - >> Hardware Trigger: DI2 (Abort) Not Pressed!
2026-09-30 13:08 - INFO - >> Hardware Trigger: DI2 (Abort) Pressed!
2026-09-30 13:08 - INFO - >> Hardware Trigger: DI2 (Abort) Not Pressed!
2026-09-30 13:08 - INFO - >> Hardware Trigger: DI2 (Abort) Pressed!
2026-09-30 13:08 - INFO - >> Hardware Trigger: DI2 (Abort) Not Pressed!
2026-09-30 13:08 - INFO - >> Hardware Trigger: DI2 (Abort) Pressed!
2026-09-30 13:08 - INFO - >> Hardware Trigger: DI2 (Abort) Not Pressed!
2026-09-30 13:08 - INFO - Parameters saved for D:/Atharva/Galvo_Scribber/Galvo_22092026/MF device 250 micron channel.dxf
2026-09-30 13:09 - INFO - Parameters saved for D:/Atharva/Galvo_Scribber/Galvo_22092026/MF device 250 micron channel.dxf
2026-09-30 13:10 - INFO - Parameters saved for D:/Atharva/Galvo_Scribber/Galvo_22092026/MF device 250 micron channel.dxf
2026-09-30 13:11 - INFO - Parameters saved for D:/Atharva/Galvo_Scribber/Galvo_22092026/MF device 250 micron channel.dxf
2026-09-30 13:13 - INFO - File selected : D:/Atharva/Galvo_Scribber/Galvo_22092026/MF device 250 micron channel.dxf
2026-09-30 13:13 - INFO - Parameters saved for D:/Atharva/Galvo_Scribber/Galvo_22092026/MF device 250 micron channel.dxf
2026-09-30 13:18 - INFO - Close event ignored.
2026-09-30 13:21 - INFO - File selected : D:/Atharva/Galvo_Scribber/Galvo_22092026/svg_files/ide2.svg
2026-09-30 13:21 - INFO - File selected : D:/Atharva/Galvo_Scribber/Galvo_22092026/svg_files/Files/Electrode/ide2.svg
2026-09-30 13:21 - INFO - Parameters saved for D:/Atharva/Galvo_Scribber/Galvo_22092026/svg_files/Files/Electrode/ide2.svg
2026-09-30 13:33 - INFO - Galvo Laser Shutdown
2026-09-30 13:33 - CRITICAL - Laser 1 : OFF
2026-09-30 13:33 - CRITICAL - Laser 2 : OFF
2026-09-30 13:33 - INFO - Stepper Lasers Shutdown
2026-09-30 13:33 - INFO - COM connection close successfully
2026-09-30 13:33 - INFO - Main window close successfully
2026-09-30 13:33 - INFO - ==================================================
2026-09-30 13:33 - INFO - New session close at 2026-09-30 13:33
2026-09-30 13:33 - INFO - ==================================================
2026-09-30 13:37 - INFO - UI load successful
2026-09-30 13:37 - INFO - File selected : D:/Atharva/Galvo_Scribber/Galvo_22092026/MF device 250 micron channel.dxf
2026-09-30 13:37 - INFO - Parameters saved for D:/Atharva/Galvo_Scribber/Galvo_22092026/MF device 250 micron channel.dxf
2026-09-30 13:41 - INFO - File selected : D:/Atharva/Galvo_Scribber/Galvo_22092026/svg_files/ide2.svg
2026-09-30 13:41 - INFO - Parameters saved for D:/Atharva/Galvo_Scribber/Galvo_22092026/svg_files/ide2.svg
2026-09-30 13:42 - INFO - Parameters saved for D:/Atharva/Galvo_Scribber/Galvo_22092026/svg_files/ide2.svg
2026-09-30 14:20 - INFO - Close event ignored.
2026-09-30 14:20 - INFO - Galvo Laser Shutdown
2026-09-30 14:20 - CRITICAL - Laser 1 : OFF
2026-09-30 14:20 - CRITICAL - Laser 2 : OFF
2026-09-30 14:20 - INFO - Stepper Lasers Shutdown
2026-09-30 14:20 - INFO - COM connection close successfully
2026-09-30 14:20 - INFO - Main window close successfully
2026-09-30 14:20 - INFO - ==================================================
2026-09-30 14:20 - INFO - New session close at 2026-09-30 14:20
2026-09-30 14:20 - INFO - ==================================================
2026-09-30 14:20 - INFO - UI load successful
2026-09-30 14:21 - INFO - File selected : D:/Atharva/Galvo_Scribber/Galvo_22092026/svg_files/Files/Electrode/ide2.svg
2026-09-30 14:21 - INFO - Parameters saved for D:/Atharva/Galvo_Scribber/Galvo_22092026/svg_files/Files/Electrode/ide2.svg
2026-09-30 14:23 - INFO - Parameters saved for D:/Atharva/Galvo_Scribber/Galvo_22092026/svg_files/Files/Electrode/ide2.svg
2026-09-30 14:29 - INFO - File selected : D:/Atharva/Galvo_Scribber/Galvo_22092026/svg_files/Files/Difficult/uwPfi-cool-women-face-decorative-art-design.dxf
2026-09-30 14:29 - INFO - Parameters saved for D:/Atharva/Galvo_Scribber/Galvo_22092026/svg_files/Files/Difficult/uwPfi-cool-women-face-decorative-art-design.dxf
2026-09-30 14:30 - INFO - File selected : D:/Atharva/Galvo_Scribber/Galvo_22092026/svg_files/Files/Electrode/ide2.svg
2026-09-30 14:30 - INFO - Parameters saved for D:/Atharva/Galvo_Scribber/Galvo_22092026/svg_files/Files/Electrode/ide2.svg
2026-09-30 14:30 - INFO - Parameters saved for D:/Atharva/Galvo_Scribber/Galvo_22092026/svg_files/Files/Electrode/ide2.svg
2026-09-30 14:31 - INFO - >> Hardware Trigger: DI2 (Abort) Pressed!
2026-09-30 14:31 - INFO - >> Hardware Trigger: DI2 (Abort) Not Pressed!
2026-09-30 14:31 - INFO - Parameters saved for D:/Atharva/Galvo_Scribber/Galvo_22092026/svg_files/Files/Electrode/ide2.svg
2026-09-30 14:32 - INFO - Parameters saved for D:/Atharva/Galvo_Scribber/Galvo_22092026/svg_files/Files/Electrode/ide2.svg
2026-09-30 14:35 - CRITICAL - Laser 1 : OFF
2026-09-30 14:35 - CRITICAL - Laser 2 : OFF
2026-09-30 14:35 - INFO - Stepper Lasers Shutdown
2026-09-30 14:35 - INFO - COM connection close successfully
2026-09-30 14:35 - INFO - Main window close successfully
2026-09-30 14:35 - INFO - ==================================================
2026-09-30 14:35 - INFO - New session close at 2026-09-30 14:35
2026-09-30 14:35 - INFO - ==================================================
2026-09-30 14:36 - INFO - UI load successful
2026-09-30 14:37 - INFO - File selected : D:/Atharva/Galvo_Scribber/Galvo_22092026/svg_files/B1.svg
2026-09-30 14:37 - INFO - File selected : D:/Atharva/Galvo_Scribber/Galvo_22092026/svg_files/Files/Electrode/ide2.svg
2026-09-30 14:37 - INFO - Parameters saved for D:/Atharva/Galvo_Scribber/Galvo_22092026/svg_files/Files/Electrode/ide2.svg
2026-09-30 14:39 - INFO - Parameters saved for D:/Atharva/Galvo_Scribber/Galvo_22092026/svg_files/Files/Electrode/ide2.svg
2026-09-30 14:41 - INFO - Galvo Laser Shutdown
2026-09-30 14:41 - CRITICAL - Laser 1 : OFF
2026-09-30 14:41 - CRITICAL - Laser 2 : OFF
2026-09-30 14:41 - INFO - Stepper Lasers Shutdown
2026-09-30 14:41 - INFO - COM connection close successfully
2026-09-30 14:41 - INFO - Main window close successfully
2026-09-30 14:41 - INFO - ==================================================
2026-09-30 14:41 - INFO - New session close at 2026-09-30 14:41
2026-09-30 14:41 - INFO - ==================================================
2026-09-30 14:42 - INFO - UI load successful
2026-09-30 14:42 - INFO - File selected : D:/Atharva/Galvo_Scribber/Galvo_22092026/40mm_square.svg
2026-09-30 14:42 - INFO - File selected : D:/Atharva/Galvo_Scribber/Galvo_22092026/svg_files/ide2.svg
2026-09-30 14:42 - INFO - Parameters saved for D:/Atharva/Galvo_Scribber/Galvo_22092026/svg_files/ide2.svg
2026-09-30 14:43 - INFO - Parameters saved for D:/Atharva/Galvo_Scribber/Galvo_22092026/svg_files/ide2.svg
2026-09-30 14:44 - INFO - Parameters saved for D:/Atharva/Galvo_Scribber/Galvo_22092026/svg_files/ide2.svg
2026-09-30 14:44 - INFO - File selected : D:/Atharva/Galvo_Scribber/Galvo_22092026/svg_files/Files/concentric_circles-20260831173907.dxf
2026-09-30 14:44 - INFO - Parameters saved for D:/Atharva/Galvo_Scribber/Galvo_22092026/svg_files/Files/concentric_circles-20260831173907.dxf
2026-09-30 14:45 - INFO - Parameters saved for D:/Atharva/Galvo_Scribber/Galvo_22092026/svg_files/Files/concentric_circles-20260831173907.dxf
2026-09-30 14:45 - INFO - Galvo Laser Shutdown
2026-09-30 14:45 - CRITICAL - Laser 1 : OFF
2026-09-30 14:45 - CRITICAL - Laser 2 : OFF
2026-09-30 14:45 - INFO - Stepper Lasers Shutdown
2026-09-30 14:45 - INFO - COM connection close successfully
2026-09-30 14:45 - INFO - Main window close successfully
2026-09-30 14:45 - INFO - ==================================================
2026-09-30 14:45 - INFO - New session close at 2026-09-30 14:45
2026-09-30 14:45 - INFO - ==================================================
2026-09-30 14:46 - INFO - UI load successful
2026-09-30 14:46 - INFO - File selected : D:/Atharva/Galvo_Scribber/Galvo_22092026/svg_files/Files/concentric_circles-20260831173907.dxf
2026-09-30 14:46 - INFO - Parameters saved for D:/Atharva/Galvo_Scribber/Galvo_22092026/svg_files/Files/concentric_circles-20260831173907.dxf
2026-09-30 14:47 - INFO - Galvo Laser Shutdown
2026-09-30 14:47 - CRITICAL - Laser 1 : OFF
2026-09-30 14:47 - CRITICAL - Laser 2 : OFF
2026-09-30 14:47 - INFO - Stepper Lasers Shutdown
2026-09-30 14:47 - INFO - COM connection close successfully
2026-09-30 14:47 - INFO - Main window close successfully
2026-09-30 14:47 - INFO - ==================================================
2026-09-30 14:47 - INFO - New session close at 2026-09-30 14:47
2026-09-30 14:47 - INFO - ==================================================
2026-09-30 14:47 - INFO - UI load successful
2026-09-30 14:48 - INFO - File selected : D:/Atharva/Galvo_Scribber/Galvo_22092026/svg_files/Files/concentric_circles-20260831173907.dxf
2026-09-30 14:48 - INFO - Parameters saved for D:/Atharva/Galvo_Scribber/Galvo_22092026/svg_files/Files/concentric_circles-20260831173907.dxf
2026-09-30 14:54 - INFO - Galvo Laser Shutdown
2026-09-30 14:54 - CRITICAL - Laser 1 : OFF
2026-09-30 14:54 - CRITICAL - Laser 2 : OFF
2026-09-30 14:54 - INFO - Stepper Lasers Shutdown
2026-09-30 14:54 - INFO - COM connection close successfully
2026-09-30 14:54 - INFO - Main window close successfully
2026-09-30 14:54 - INFO - ==================================================
2026-09-30 14:54 - INFO - New session close at 2026-09-30 14:54
2026-09-30 14:54 - INFO - ==================================================
2026-09-30 14:54 - INFO - UI load successful
2026-09-30 14:54 - INFO - File selected : D:/Atharva/Galvo_Scribber/Galvo_22092026/svg_files/Files/concentric_circles-20260831173907.dxf
2026-09-30 14:55 - INFO - Parameters saved for D:/Atharva/Galvo_Scribber/Galvo_22092026/svg_files/Files/concentric_circles-20260831173907.dxf
2026-09-30 14:56 - INFO - Parameters saved for D:/Atharva/Galvo_Scribber/Galvo_22092026/svg_files/Files/concentric_circles-20260831173907.dxf
2026-09-30 14:56 - INFO - Parameters saved for D:/Atharva/Galvo_Scribber/Galvo_22092026/svg_files/Files/concentric_circles-20260831173907.dxf
2026-09-30 14:59 - INFO - Galvo Laser Shutdown
2026-09-30 14:59 - CRITICAL - Laser 1 : OFF
2026-09-30 14:59 - CRITICAL - Laser 2 : OFF
2026-09-30 14:59 - INFO - Stepper Lasers Shutdown
2026-09-30 14:59 - INFO - COM connection close successfully
2026-09-30 14:59 - INFO - Main window close successfully
2026-09-30 14:59 - INFO - ==================================================
2026-09-30 14:59 - INFO - New session close at 2026-09-30 14:59
2026-09-30 14:59 - INFO - ==================================================
2026-09-30 15:00 - INFO - UI load successful
2026-09-30 15:01 - INFO - mapmatrixAction : redmarkmat
2026-09-30 15:01 - INFO - mapmatrixAction : redmarkmat
2026-09-30 15:01 - INFO - mapmatrixAction : lasermarkmat
2026-09-30 15:01 - INFO - mapmatrixAction : lasermarkmat
2026-09-30 15:01 - INFO - mapmatrixAction : lasermarkmat
2026-09-30 15:02 - INFO - mapmatrixAction : stopmat
2026-09-30 15:02 - INFO - mapmatrixAction : stopmat
2026-09-30 15:02 - INFO - mapmatrixAction : stopmat
2026-09-30 15:02 - INFO - mapmatrixAction : lasermarkmat
2026-09-30 15:02 - INFO - mapmatrixAction : stopmat
2026-09-30 15:02 - INFO - mapmatrixAction : stopmat
2026-09-30 15:02 - INFO - mapmatrixAction : lasermarkmat
2026-09-30 15:29 - INFO - File selected : D:/Atharva/Galvo_Scribber/Galvo_22092026/MF device 250 micron channel.dxf
2026-09-30 15:29 - INFO - Parameters saved for D:/Atharva/Galvo_Scribber/Galvo_22092026/MF device 250 micron channel.dxf
2026-09-30 15:31 - INFO - Parameters saved for D:/Atharva/Galvo_Scribber/Galvo_22092026/MF device 250 micron channel.dxf
2026-09-30 15:31 - INFO - Parameters saved for D:/Atharva/Galvo_Scribber/Galvo_22092026/MF device 250 micron channel.dxf
2026-09-30 15:34 - INFO - Close event ignored.
2026-09-30 15:45 - INFO - Parameters saved for D:/Atharva/Galvo_Scribber/Galvo_22092026/MF device 250 micron channel.dxf
2026-09-30 15:46 - INFO - File selected : D:/Atharva/Galvo_Scribber/Galvo_22092026/svg_files/Files/Difficult/nReDT-bird-floral-flying-wall-decor-home-decoration.dxf
2026-09-30 15:46 - INFO - Parameters saved for D:/Atharva/Galvo_Scribber/Galvo_22092026/svg_files/Files/Difficult/nReDT-bird-floral-flying-wall-decor-home-decoration.dxf
2026-09-30 15:49 - INFO - Parameters saved for D:/Atharva/Galvo_Scribber/Galvo_22092026/svg_files/Files/Difficult/nReDT-bird-floral-flying-wall-decor-home-decoration.dxf
2026-09-30 15:49 - INFO - Parameters saved for D:/Atharva/Galvo_Scribber/Galvo_22092026/svg_files/Files/Difficult/nReDT-bird-floral-flying-wall-decor-home-decoration.dxf
2026-09-30 16:02 - INFO - >> Hardware Trigger: DI2 (Abort) Pressed!
2026-09-30 16:02 - INFO - >> Hardware Trigger: DI2 (Abort) Not Pressed!
2026-09-30 16:07 - INFO - Galvo Laser Shutdown
2026-09-30 16:07 - CRITICAL - Laser 1 : OFF
2026-09-30 16:07 - CRITICAL - Laser 2 : OFF
2026-09-30 16:07 - INFO - Stepper Lasers Shutdown
2026-09-30 16:07 - INFO - COM connection close successfully
2026-09-30 16:07 - INFO - Main window close successfully
2026-09-30 16:07 - INFO - ==================================================
2026-09-30 16:07 - INFO - New session close at 2026-09-30 16:07
2026-09-30 16:07 - INFO - ==================================================
2026-09-30 16:07 - INFO - UI load successful
2026-09-30 16:08 - INFO - File selected : D:/Atharva/Galvo_Scribber/Galvo_22092026/svg_files/Files/Difficult/pakshi.dxf
2026-09-30 16:08 - INFO - Parameters saved for D:/Atharva/Galvo_Scribber/Galvo_22092026/svg_files/Files/Difficult/pakshi.dxf
2026-09-30 16:09 - INFO - Parameters saved for D:/Atharva/Galvo_Scribber/Galvo_22092026/svg_files/Files/Difficult/pakshi.dxf
2026-09-30 16:09 - INFO - File selected : D:/Atharva/Galvo_Scribber/Galvo_22092026/svg_files/africakimudra.svg
2026-09-30 16:10 - INFO - Parameters saved for D:/Atharva/Galvo_Scribber/Galvo_22092026/svg_files/africakimudra.svg
2026-09-30 16:18 - INFO - mapmatrixAction : redmarkmat
2026-09-30 16:18 - INFO - mapmatrixAction : redmarkmat
2026-09-30 16:19 - INFO - mapmatrixAction : lasermarkmat
2026-09-30 16:19 - INFO - mapmatrixAction : stopmat
2026-09-30 16:19 - INFO - mapmatrixAction : lasermarkmat
2026-09-30 16:39 - INFO - File selected : D:/Atharva/Galvo_Scribber/Galvo_22092026/40mm_square.svg
2026-09-30 16:39 - INFO - Parameters saved for D:/Atharva/Galvo_Scribber/Galvo_22092026/40mm_square.svg
2026-09-30 16:40 - INFO - File selected : D:/Atharva/Galvo_Scribber/Galvo_22092026/70mm_square.svg
2026-09-30 16:40 - INFO - Parameters saved for D:/Atharva/Galvo_Scribber/Galvo_22092026/70mm_square.svg
2026-09-30 16:46 - INFO - Profile : Supervisor
2026-09-30 17:00 - INFO - Galvo Laser Shutdown
2026-09-30 17:00 - CRITICAL - Laser 1 : OFF
2026-09-30 17:00 - CRITICAL - Laser 2 : OFF
2026-09-30 17:00 - INFO - Stepper Lasers Shutdown
2026-09-30 17:00 - INFO - COM connection close successfully
2026-09-30 17:00 - INFO - Main window close successfully
2026-09-30 17:00 - INFO - ==================================================
2026-09-30 17:00 - INFO - New session close at 2026-09-30 17:00
2026-09-30 17:00 - INFO - ==================================================
2026-09-30 17:01 - INFO - UI load successful
2026-09-30 17:01 - INFO - Profile : Supervisor
2026-09-30 17:06 - INFO - Galvo Laser Shutdown
2026-09-30 17:06 - CRITICAL - Laser 1 : OFF
2026-09-30 17:06 - CRITICAL - Laser 2 : OFF
2026-09-30 17:06 - INFO - Stepper Lasers Shutdown
2026-09-30 17:06 - INFO - COM connection close successfully
2026-09-30 17:06 - INFO - Main window close successfully
2026-09-30 17:06 - INFO - ==================================================
2026-09-30 17:06 - INFO - New session close at 2026-09-30 17:06
2026-09-30 17:06 - INFO - ==================================================
2026-09-30 17:06 - INFO - UI load successful
2026-09-30 17:06 - INFO - Profile : Supervisor
2026-09-30 17:14 - INFO - Galvo Laser Shutdown
2026-09-30 17:14 - CRITICAL - Laser 1 : OFF
2026-09-30 17:14 - CRITICAL - Laser 2 : OFF
2026-09-30 17:14 - INFO - Stepper Lasers Shutdown
2026-09-30 17:14 - INFO - COM connection close successfully
2026-09-30 17:14 - INFO - Main window close successfully
2026-09-30 17:14 - INFO - ==================================================
2026-09-30 17:14 - INFO - New session close at 2026-09-30 17:14
2026-09-30 17:14 - INFO - ==================================================
2026-09-30 17:14 - INFO - UI load successful
2026-09-30 17:15 - INFO - Profile : Supervisor
2026-09-30 17:15 - INFO - Galvo Laser Shutdown
2026-09-30 17:15 - CRITICAL - Laser 1 : OFF
2026-09-30 17:15 - CRITICAL - Laser 2 : OFF
2026-09-30 17:15 - INFO - Stepper Lasers Shutdown
2026-09-30 17:15 - INFO - COM connection close successfully
2026-09-30 17:15 - INFO - Main window close successfully
2026-09-30 17:15 - INFO - ==================================================
2026-09-30 17:15 - INFO - New session close at 2026-09-30 17:15
2026-09-30 17:15 - INFO - ==================================================
2026-09-30 17:17 - INFO - UI load successful
2026-09-30 17:19 - INFO - Galvo Laser Shutdown
2026-09-30 17:19 - CRITICAL - Laser 1 : OFF
2026-09-30 17:19 - CRITICAL - Laser 2 : OFF
2026-09-30 17:19 - INFO - Stepper Lasers Shutdown
2026-09-30 17:19 - INFO - COM connection close successfully
2026-09-30 17:19 - INFO - Main window close successfully
2026-09-30 17:19 - INFO - ==================================================
2026-09-30 17:19 - INFO - New session close at 2026-09-30 17:19
2026-09-30 17:19 - INFO - ==================================================
2026-09-30 17:19 - INFO - UI load successful
2026-09-30 17:19 - INFO - Profile : Supervisor
2026-09-30 17:32 - INFO - Galvo Laser Shutdown
2026-09-30 17:32 - CRITICAL - Laser 1 : OFF
2026-09-30 17:32 - CRITICAL - Laser 2 : OFF
2026-09-30 17:32 - INFO - Stepper Lasers Shutdown
2026-09-30 17:32 - INFO - COM connection close successfully
2026-09-30 17:32 - INFO - Main window close successfully
2026-09-30 17:32 - INFO - ==================================================
2026-09-30 17:32 - INFO - New session close at 2026-09-30 17:32
2026-09-30 17:32 - INFO - ==================================================
2026-09-30 17:32 - INFO - UI load successful
2026-09-30 17:32 - INFO - Profile : Supervisor
2026-09-30 17:36 - INFO - Galvo Laser Shutdown
2026-09-30 17:36 - CRITICAL - Laser 1 : OFF
2026-09-30 17:36 - CRITICAL - Laser 2 : OFF
2026-09-30 17:36 - INFO - Stepper Lasers Shutdown
2026-09-30 17:36 - INFO - COM connection close successfully
2026-09-30 17:36 - INFO - Main window close successfully
2026-09-30 17:36 - INFO - ==================================================
2026-09-30 17:36 - INFO - New session close at 2026-09-30 17:36
2026-09-30 17:36 - INFO - ==================================================
2026-09-30 17:36 - INFO - UI load successful
2026-09-30 17:37 - INFO - Profile : Supervisor
2026-09-30 17:37 - INFO - Galvo Laser Shutdown
2026-09-30 17:37 - CRITICAL - Laser 1 : OFF
2026-09-30 17:37 - CRITICAL - Laser 2 : OFF
2026-09-30 17:37 - INFO - Stepper Lasers Shutdown
2026-09-30 17:37 - INFO - COM connection close successfully
2026-09-30 17:37 - INFO - Main window close successfully
2026-09-30 17:37 - INFO - ==================================================
2026-09-30 17:37 - INFO - New session close at 2026-09-30 17:37
2026-09-30 17:37 - INFO - ==================================================
2026-09-30 17:39 - INFO - UI load successful
2026-09-30 17:39 - INFO - Profile : Supervisor
2026-09-30 17:41 - INFO - Galvo Laser Shutdown
2026-09-30 17:41 - CRITICAL - Laser 1 : OFF
2026-09-30 17:41 - CRITICAL - Laser 2 : OFF
2026-09-30 17:41 - INFO - Stepper Lasers Shutdown
2026-09-30 17:41 - INFO - COM connection close successfully
2026-09-30 17:41 - INFO - Main window close successfully
2026-09-30 17:41 - INFO - ==================================================
2026-09-30 17:41 - INFO - New session close at 2026-09-30 17:41
2026-09-30 17:41 - INFO - ==================================================
2026-09-30 17:41 - INFO - UI load successful
2026-09-30 17:41 - INFO - Profile : Supervisor
2026-09-30 17:43 - INFO - Galvo Laser Shutdown
2026-09-30 17:43 - CRITICAL - Laser 1 : OFF
2026-09-30 17:43 - CRITICAL - Laser 2 : OFF
2026-09-30 17:43 - INFO - Stepper Lasers Shutdown
2026-09-30 17:43 - INFO - COM connection close successfully
2026-09-30 17:43 - INFO - Main window close successfully
2026-09-30 17:43 - INFO - ==================================================
2026-09-30 17:43 - INFO - New session close at 2026-09-30 17:43
2026-09-30 17:43 - INFO - ==================================================
2026-09-30 17:43 - INFO - UI load successful
2026-09-30 17:43 - INFO - Profile : Supervisor
2026-09-30 17:45 - INFO - Galvo Laser Shutdown
2026-09-30 17:45 - CRITICAL - Laser 1 : OFF
2026-09-30 17:45 - CRITICAL - Laser 2 : OFF
2026-09-30 17:45 - INFO - Stepper Lasers Shutdown
2026-09-30 17:45 - INFO - COM connection close successfully
2026-09-30 17:45 - INFO - Main window close successfully
2026-09-30 17:45 - INFO - ==================================================
2026-09-30 17:45 - INFO - New session close at 2026-09-30 17:45
2026-09-30 17:45 - INFO - ==================================================
2026-09-30 17:46 - INFO - UI load successful
2026-09-30 17:46 - WARNING - Failed login attempt for user: Technician
2026-09-30 17:46 - WARNING - Failed login attempt for user: Technician
2026-09-30 17:46 - INFO - Profile : Supervisor
2026-09-30 17:48 - INFO - Galvo Laser Shutdown
2026-09-30 17:48 - CRITICAL - Laser 1 : OFF
2026-09-30 17:48 - CRITICAL - Laser 2 : OFF
2026-09-30 17:48 - INFO - Stepper Lasers Shutdown
2026-09-30 17:48 - INFO - COM connection close successfully
2026-09-30 17:48 - INFO - Main window close successfully
2026-09-30 17:48 - INFO - ==================================================
2026-09-30 17:48 - INFO - New session close at 2026-09-30 17:48
2026-09-30 17:48 - INFO - ==================================================
2026-09-30 17:48 - INFO - UI load successful
2026-09-30 17:48 - INFO - Profile : Supervisor
2026-09-30 17:48 - INFO - Galvo Laser Shutdown
2026-09-30 17:48 - CRITICAL - Laser 1 : OFF
2026-09-30 17:48 - CRITICAL - Laser 2 : OFF
2026-09-30 17:48 - INFO - Stepper Lasers Shutdown
2026-09-30 17:48 - INFO - COM connection close successfully
2026-09-30 17:48 - INFO - Main window close successfully
2026-09-30 17:48 - INFO - ==================================================
2026-09-30 17:48 - INFO - New session close at 2026-09-30 17:48
2026-09-30 17:48 - INFO - ==================================================
2026-09-30 17:50 - INFO - UI load successful
2026-09-30 17:52 - INFO - File selected : D:/Atharva/Galvo_Scribber/Galvo_22092026/Ezcad_calibration/codecal.dxf
2026-09-30 17:53 - INFO - Parameters saved for D:/Atharva/Galvo_Scribber/Galvo_22092026/Ezcad_calibration/codecal.dxf
2026-09-30 17:53 - INFO - File selected : D:/Atharva/Galvo_Scribber/Galvo_22092026/40mm_square.svg
2026-09-30 17:53 - INFO - Parameters saved for D:/Atharva/Galvo_Scribber/Galvo_22092026/40mm_square.svg
2026-09-30 17:56 - INFO - Galvo Laser Shutdown
2026-09-30 17:56 - CRITICAL - Laser 1 : OFF
2026-09-30 17:56 - CRITICAL - Laser 2 : OFF
2026-09-30 17:56 - INFO - Stepper Lasers Shutdown
2026-09-30 17:56 - INFO - COM connection close successfully
2026-09-30 17:56 - INFO - Main window close successfully
2026-09-30 17:56 - INFO - ==================================================
2026-09-30 17:56 - INFO - New session close at 2026-09-30 17:56
2026-09-30 17:56 - INFO - ==================================================
2026-10-01 10:22 - INFO - UI load successful
2026-10-01 10:23 - INFO - Profile : Supervisor
2026-10-01 10:25 - INFO - File selected : D:/Atharva/Galvo_Scribber/Galvo_22092026/Ezcad_calibration/codecal.dxf.svg
2026-10-01 10:25 - INFO - Parameters saved for D:/Atharva/Galvo_Scribber/Galvo_22092026/Ezcad_calibration/codecal.dxf.svg
2026-10-01 10:31 - INFO - Galvo Laser Shutdown
2026-10-01 10:31 - CRITICAL - Laser 1 : OFF
2026-10-01 10:31 - CRITICAL - Laser 2 : OFF
2026-10-01 10:31 - INFO - Stepper Lasers Shutdown
2026-10-01 10:31 - INFO - COM connection close successfully
2026-10-01 10:31 - INFO - Main window close successfully
2026-10-01 10:31 - INFO - ==================================================
2026-10-01 10:31 - INFO - New session close at 2026-10-01 10:31
2026-10-01 10:31 - INFO - ==================================================
2026-10-01 10:32 - INFO - UI load successful
2026-10-01 10:32 - INFO - Profile : Supervisor
2026-10-01 10:42 - INFO - File selected : D:/Atharva/Galvo_Scribber/Galvo_22092026/40mm_square.svg
2026-10-01 10:42 - INFO - File selected : D:/Atharva/Galvo_Scribber/Galvo_22092026/70mm_square.svg
2026-10-01 10:42 - INFO - Parameters saved for D:/Atharva/Galvo_Scribber/Galvo_22092026/70mm_square.svg
2026-10-01 10:51 - INFO - Galvo Laser Shutdown
2026-10-01 10:51 - CRITICAL - Laser 1 : OFF
2026-10-01 10:51 - CRITICAL - Laser 2 : OFF
2026-10-01 10:51 - INFO - Stepper Lasers Shutdown
2026-10-01 10:51 - INFO - COM connection close successfully
2026-10-01 10:51 - INFO - Main window close successfully
2026-10-01 10:51 - INFO - ==================================================
2026-10-01 10:51 - INFO - New session close at 2026-10-01 10:51
2026-10-01 10:51 - INFO - ==================================================
2026-10-01 10:52 - INFO - UI load successful
2026-10-01 10:52 - INFO - Profile : Supervisor
2026-10-01 10:55 - INFO - Galvo Laser Shutdown
2026-10-01 10:55 - CRITICAL - Laser 1 : OFF
2026-10-01 10:55 - CRITICAL - Laser 2 : OFF
2026-10-01 10:55 - INFO - Stepper Lasers Shutdown
2026-10-01 10:55 - INFO - COM connection close successfully
2026-10-01 10:55 - INFO - Main window close successfully
2026-10-01 10:55 - INFO - ==================================================
2026-10-01 10:55 - INFO - New session close at 2026-10-01 10:55
2026-10-01 10:55 - INFO - ==================================================
2026-10-01 10:55 - INFO - UI load successful
2026-10-01 10:56 - INFO - File selected : D:/Atharva/Galvo_Scribber/Galvo_22092026/70mm_square.svg
2026-10-01 10:56 - INFO - Parameters saved for D:/Atharva/Galvo_Scribber/Galvo_22092026/70mm_square.svg
2026-10-01 11:01 - INFO - Profile : Supervisor
2026-10-01 11:02 - INFO - File selected : D:/Atharva/Galvo_Scribber/Galvo_22092026/70mm_square.svg
2026-10-01 11:02 - INFO - File selected : D:/Atharva/Galvo_Scribber/Galvo_22092026/40mm_square.svg
2026-10-01 11:02 - INFO - Parameters saved for D:/Atharva/Galvo_Scribber/Galvo_22092026/40mm_square.svg
2026-10-01 11:03 - INFO - Galvo Laser Shutdown
2026-10-01 11:03 - CRITICAL - Laser 1 : OFF
2026-10-01 11:03 - CRITICAL - Laser 2 : OFF
2026-10-01 11:03 - INFO - Stepper Lasers Shutdown
2026-10-01 11:03 - INFO - COM connection close successfully
2026-10-01 11:03 - INFO - Main window close successfully
2026-10-01 11:03 - INFO - ==================================================
2026-10-01 11:03 - INFO - New session close at 2026-10-01 11:03
2026-10-01 11:03 - INFO - ==================================================
2026-10-01 11:03 - INFO - UI load successful
2026-10-01 11:03 - INFO - Profile : Supervisor
2026-10-01 11:09 - INFO - Galvo Laser Shutdown
2026-10-01 11:09 - CRITICAL - Laser 1 : OFF
2026-10-01 11:09 - CRITICAL - Laser 2 : OFF
2026-10-01 11:09 - INFO - Stepper Lasers Shutdown
2026-10-01 11:09 - INFO - COM connection close successfully
2026-10-01 11:09 - INFO - Main window close successfully
2026-10-01 11:09 - INFO - ==================================================
2026-10-01 11:09 - INFO - New session close at 2026-10-01 11:09
2026-10-01 11:09 - INFO - ==================================================
2026-10-01 11:10 - INFO - UI load successful
2026-10-01 11:10 - INFO - Profile : Supervisor
2026-10-01 11:17 - INFO - Galvo Laser Shutdown
2026-10-01 11:17 - CRITICAL - Laser 1 : OFF
2026-10-01 11:17 - CRITICAL - Laser 2 : OFF
2026-10-01 11:17 - INFO - Stepper Lasers Shutdown
2026-10-01 11:17 - INFO - COM connection close successfully
2026-10-01 11:17 - INFO - Main window close successfully
2026-10-01 11:17 - INFO - ==================================================
2026-10-01 11:17 - INFO - New session close at 2026-10-01 11:17
2026-10-01 11:17 - INFO - ==================================================
2026-10-01 11:17 - INFO - UI load successful
2026-10-01 11:17 - INFO - Profile : Supervisor
2026-10-01 11:21 - INFO - Close event ignored.
2026-10-01 11:21 - INFO - Galvo Laser Shutdown
2026-10-01 11:21 - CRITICAL - Laser 1 : OFF
2026-10-01 11:21 - CRITICAL - Laser 2 : OFF
2026-10-01 11:21 - INFO - Stepper Lasers Shutdown
2026-10-01 11:21 - INFO - COM connection close successfully
2026-10-01 11:21 - INFO - Main window close successfully
2026-10-01 11:21 - INFO - ==================================================
2026-10-01 11:21 - INFO - New session close at 2026-10-01 11:21
2026-10-01 11:21 - INFO - ==================================================
2026-10-01 11:22 - INFO - UI load successful
2026-10-01 11:22 - WARNING - Failed login attempt for user: Supervisor
2026-10-01 11:22 - INFO - Profile : Supervisor
2026-10-01 11:24 - INFO - Galvo Laser Shutdown
2026-10-01 11:24 - CRITICAL - Laser 1 : OFF
2026-10-01 11:24 - CRITICAL - Laser 2 : OFF
2026-10-01 11:24 - INFO - Stepper Lasers Shutdown
2026-10-01 11:24 - INFO - COM connection close successfully
2026-10-01 11:24 - INFO - Main window close successfully
2026-10-01 11:24 - INFO - ==================================================
2026-10-01 11:24 - INFO - New session close at 2026-10-01 11:24
2026-10-01 11:24 - INFO - ==================================================
2026-10-01 13:11 - INFO - UI load successful
2026-10-01 13:13 - INFO - Profile : Supervisor
2026-10-01 13:28 - INFO - Galvo Laser Shutdown
2026-10-01 13:28 - CRITICAL - Laser 1 : OFF
2026-10-01 13:28 - CRITICAL - Laser 2 : OFF
2026-10-01 13:28 - INFO - Stepper Lasers Shutdown
2026-10-01 13:28 - INFO - COM connection close successfully
2026-10-01 13:28 - INFO - Main window close successfully
2026-10-01 13:28 - INFO - ==================================================
2026-10-01 13:28 - INFO - New session close at 2026-10-01 13:28
2026-10-01 13:28 - INFO - ==================================================
2026-10-01 13:29 - INFO - UI load successful
2026-10-01 13:29 - INFO - Profile : Supervisor
2026-10-01 13:32 - INFO - Galvo Laser Shutdown
2026-10-01 13:32 - CRITICAL - Laser 1 : OFF
2026-10-01 13:32 - CRITICAL - Laser 2 : OFF
2026-10-01 13:32 - INFO - Stepper Lasers Shutdown
2026-10-01 13:32 - INFO - COM connection close successfully
2026-10-01 13:32 - INFO - Main window close successfully
2026-10-01 13:32 - INFO - ==================================================
2026-10-01 13:32 - INFO - New session close at 2026-10-01 13:32
2026-10-01 13:32 - INFO - ==================================================
2026-10-01 13:32 - INFO - UI load successful
2026-10-01 13:32 - INFO - Profile : Supervisor
2026-10-01 14:14 - INFO - Galvo Laser Shutdown
2026-10-01 14:14 - CRITICAL - Laser 1 : OFF
2026-10-01 14:14 - CRITICAL - Laser 2 : OFF
2026-10-01 14:14 - INFO - Stepper Lasers Shutdown
2026-10-01 14:14 - INFO - COM connection close successfully
2026-10-01 14:14 - INFO - Main window close successfully
2026-10-01 14:14 - INFO - ==================================================
2026-10-01 14:14 - INFO - New session close at 2026-10-01 14:14
2026-10-01 14:14 - INFO - ==================================================
2026-10-01 14:15 - INFO - UI load successful
2026-10-01 14:16 - INFO - Profile : Supervisor
2026-10-01 14:23 - INFO - Galvo Laser Shutdown
2026-10-01 14:23 - CRITICAL - Laser 1 : OFF
2026-10-01 14:23 - CRITICAL - Laser 2 : OFF
2026-10-01 14:23 - INFO - Stepper Lasers Shutdown
2026-10-01 14:23 - INFO - COM connection close successfully
2026-10-01 14:23 - INFO - Main window close successfully
2026-10-01 14:23 - INFO - ==================================================
2026-10-01 14:23 - INFO - New session close at 2026-10-01 14:23
2026-10-01 14:23 - INFO - ==================================================
2026-10-01 14:24 - INFO - UI load successful
2026-10-01 14:24 - INFO - Profile : Supervisor
2026-10-01 14:29 - INFO - Galvo Laser Shutdown
2026-10-01 14:29 - CRITICAL - Laser 1 : OFF
2026-10-01 14:29 - CRITICAL - Laser 2 : OFF
2026-10-01 14:29 - INFO - Stepper Lasers Shutdown
2026-10-01 14:29 - INFO - COM connection close successfully
2026-10-01 14:29 - INFO - Main window close successfully
2026-10-01 14:29 - INFO - ==================================================
2026-10-01 14:29 - INFO - New session close at 2026-10-01 14:29
2026-10-01 14:29 - INFO - ==================================================
2026-10-01 14:29 - INFO - UI load successful
2026-10-01 14:29 - INFO - Profile : Supervisor
2026-10-01 14:37 - INFO - File selected : D:/Atharva/Galvo_Scribber/Galvo_22092026/svg_files/B1.svg
2026-10-01 14:37 - INFO - Parameters saved for D:/Atharva/Galvo_Scribber/Galvo_22092026/svg_files/B1.svg
2026-10-01 14:39 - INFO - Galvo Laser Shutdown
2026-10-01 14:39 - CRITICAL - Laser 1 : OFF
2026-10-01 14:39 - CRITICAL - Laser 2 : OFF
2026-10-01 14:39 - INFO - Stepper Lasers Shutdown
2026-10-01 14:39 - INFO - COM connection close successfully
2026-10-01 14:39 - INFO - Main window close successfully
2026-10-01 14:39 - INFO - ==================================================
2026-10-01 14:39 - INFO - New session close at 2026-10-01 14:39
2026-10-01 14:39 - INFO - ==================================================
2026-10-01 14:39 - INFO - UI load successful
2026-10-01 14:40 - INFO - Profile : Supervisor
2026-10-01 14:47 - INFO - Galvo Laser Shutdown
2026-10-01 14:47 - CRITICAL - Laser 1 : OFF
2026-10-01 14:47 - CRITICAL - Laser 2 : OFF
2026-10-01 14:47 - INFO - Stepper Lasers Shutdown
2026-10-01 14:47 - INFO - COM connection close successfully
2026-10-01 14:47 - INFO - Main window close successfully
2026-10-01 14:47 - INFO - ==================================================
2026-10-01 14:47 - INFO - New session close at 2026-10-01 14:47
2026-10-01 14:47 - INFO - ==================================================
2026-10-01 14:48 - INFO - UI load successful
2026-10-01 14:48 - INFO - Profile : Supervisor
2026-10-01 14:53 - INFO - File selected : D:/Atharva/Galvo_Scribber/Galvo_22092026/MF device 250 micron channel.dxf
2026-10-01 14:53 - INFO - File selected : D:/Atharva/Galvo_Scribber/Galvo_22092026/svg_files/smooth_spiral_0.5mm_pitch.dxf
2026-10-01 14:53 - INFO - Parameters saved for D:/Atharva/Galvo_Scribber/Galvo_22092026/svg_files/smooth_spiral_0.5mm_pitch.dxf
2026-10-01 14:55 - INFO - Galvo Laser Shutdown
2026-10-01 14:55 - CRITICAL - Laser 1 : OFF
2026-10-01 14:55 - CRITICAL - Laser 2 : OFF
2026-10-01 14:55 - INFO - Stepper Lasers Shutdown
2026-10-01 14:55 - INFO - COM connection close successfully
2026-10-01 14:55 - INFO - Main window close successfully
2026-10-01 14:55 - INFO - ==================================================
2026-10-01 14:55 - INFO - New session close at 2026-10-01 14:55
2026-10-01 14:55 - INFO - ==================================================
2026-10-01 14:55 - INFO - UI load successful
2026-10-01 14:55 - INFO - File selected : D:/Atharva/Galvo_Scribber/Galvo_22092026/MF device 250 micron channel.dxf
2026-10-01 14:55 - INFO - Parameters saved for D:/Atharva/Galvo_Scribber/Galvo_22092026/MF device 250 micron channel.dxf
2026-10-01 14:57 - INFO - Profile : Supervisor
2026-10-01 15:00 - INFO - File selected : D:/Atharva/Galvo_Scribber/Galvo_22092026/40mm_square.svg
2026-10-01 15:01 - INFO - Parameters saved for D:/Atharva/Galvo_Scribber/Galvo_22092026/40mm_square.svg
2026-10-01 15:05 - INFO - Galvo Laser Shutdown
2026-10-01 15:05 - CRITICAL - Laser 1 : OFF
2026-10-01 15:05 - CRITICAL - Laser 2 : OFF
2026-10-01 15:05 - INFO - Stepper Lasers Shutdown
2026-10-01 15:05 - INFO - COM connection close successfully
2026-10-01 15:05 - INFO - Main window close successfully
2026-10-01 15:05 - INFO - ==================================================
2026-10-01 15:05 - INFO - New session close at 2026-10-01 15:05
2026-10-01 15:05 - INFO - ==================================================
2026-10-01 15:05 - INFO - UI load successful
2026-10-01 15:05 - INFO - Profile : Supervisor
2026-10-01 15:15 - INFO - File selected : D:/Atharva/Galvo_Scribber/Galvo_22092026/70mm_square.svg
2026-10-01 15:15 - INFO - Parameters saved for D:/Atharva/Galvo_Scribber/Galvo_22092026/70mm_square.svg
2026-10-01 15:24 - INFO - File selected : D:/Atharva/Galvo_Scribber/Galvo_22092026/svg_files/africakimudra.svg
2026-10-01 15:24 - INFO - Parameters saved for D:/Atharva/Galvo_Scribber/Galvo_22092026/svg_files/africakimudra.svg
2026-10-01 15:25 - INFO - UI load successful
2026-10-01 15:25 - INFO - File selected : D:/Atharva/Galvo_Scribber/Galvo_22092026/svg_files/africakimudra.svg
2026-10-01 15:25 - INFO - Parameters saved for D:/Atharva/Galvo_Scribber/Galvo_22092026/svg_files/africakimudra.svg
2026-10-01 15:37 - INFO - Parameters saved for D:/Atharva/Galvo_Scribber/Galvo_22092026/svg_files/africakimudra.svg
2026-10-01 15:38 - INFO - Close event ignored.
2026-10-01 15:38 - INFO - UI load successful
2026-10-01 15:39 - INFO - Profile : Supervisor
2026-10-01 15:39 - INFO - File selected : D:/Atharva/Galvo_Scribber/Galvo_22092026/40mm_square.svg
2026-10-01 15:39 - INFO - Parameters saved for D:/Atharva/Galvo_Scribber/Galvo_22092026/40mm_square.svg
2026-10-01 15:48 - INFO - File selected : D:/Atharva/Galvo_Scribber/Galvo_22092026/40mm_square.svg
2026-10-01 15:48 - INFO - Parameters saved for D:/Atharva/Galvo_Scribber/Galvo_22092026/40mm_square.svg
2026-10-01 15:55 - INFO - File selected : D:/Atharva/Galvo_Scribber/Galvo_22092026/svg_files/africakimudra.svg
2026-10-01 15:56 - INFO - Parameters saved for D:/Atharva/Galvo_Scribber/Galvo_22092026/svg_files/africakimudra.svg
2026-10-01 15:56 - INFO - Parameters saved for D:/Atharva/Galvo_Scribber/Galvo_22092026/svg_files/africakimudra.svg
2026-10-01 15:59 - INFO - >> Hardware Trigger: DI2 (Abort) Pressed!
2026-10-01 15:59 - INFO - >> Hardware Trigger: DI2 (Abort) Not Pressed!
2026-10-01 16:01 - INFO - Galvo Laser Shutdown
2026-10-01 16:01 - CRITICAL - Laser 1 : OFF
2026-10-01 16:01 - CRITICAL - Laser 2 : OFF
2026-10-01 16:01 - INFO - Stepper Lasers Shutdown
2026-10-01 16:01 - INFO - COM connection close successfully
2026-10-01 16:01 - INFO - Main window close successfully
2026-10-01 16:01 - INFO - ==================================================
2026-10-01 16:01 - INFO - New session close at 2026-10-01 16:01
2026-10-01 16:01 - INFO - ==================================================
2026-10-01 16:02 - INFO - UI load successful
2026-10-01 16:02 - INFO - File selected : D:/Atharva/Galvo_Scribber/Galvo_22092026/40mm_square.svg
2026-10-01 16:02 - INFO - Parameters saved for D:/Atharva/Galvo_Scribber/Galvo_22092026/40mm_square.svg
2026-10-01 16:06 - INFO - Galvo Laser Shutdown
2026-10-01 16:06 - CRITICAL - Laser 1 : OFF
2026-10-01 16:06 - CRITICAL - Laser 2 : OFF
2026-10-01 16:06 - INFO - Stepper Lasers Shutdown
2026-10-01 16:06 - INFO - COM connection close successfully
2026-10-01 16:06 - INFO - Main window close successfully
2026-10-01 16:06 - INFO - ==================================================
2026-10-01 16:06 - INFO - New session close at 2026-10-01 16:06
2026-10-01 16:06 - INFO - ==================================================
2026-10-01 16:07 - INFO - UI load successful
2026-10-01 16:07 - INFO - Profile : Supervisor
2026-10-01 16:07 - INFO - File selected : D:/Atharva/Galvo_Scribber/Galvo_22092026/40mm_square.svg
2026-10-01 16:07 - INFO - Parameters saved for D:/Atharva/Galvo_Scribber/Galvo_22092026/40mm_square.svg
2026-10-01 16:08 - INFO - >> Hardware Trigger: DI2 (Abort) Pressed!
2026-10-01 16:08 - INFO - >> Hardware Trigger: DI2 (Abort) Not Pressed!
2026-10-01 16:20 - INFO - File selected : D:/Atharva/Galvo_Scribber/Galvo_22092026/70mm_square.svg
2026-10-01 16:20 - INFO - Parameters saved for D:/Atharva/Galvo_Scribber/Galvo_22092026/70mm_square.svg
2026-10-01 16:28 - INFO - File selected : D:/Atharva/Galvo_Scribber/Galvo_22092026/40mm_square.svg
2026-10-01 16:28 - INFO - Parameters saved for D:/Atharva/Galvo_Scribber/Galvo_22092026/40mm_square.svg
2026-10-01 16:31 - INFO - File selected : D:/Atharva/Galvo_Scribber/Galvo_22092026/60mm_square.svg
2026-10-01 16:31 - INFO - Parameters saved for D:/Atharva/Galvo_Scribber/Galvo_22092026/60mm_square.svg
2026-10-01 16:32 - INFO - File selected : D:/Atharva/Galvo_Scribber/Galvo_22092026/70mm_square.svg
2026-10-01 16:32 - INFO - Parameters saved for D:/Atharva/Galvo_Scribber/Galvo_22092026/70mm_square.svg
2026-10-01 16:33 - INFO - File selected : D:/Atharva/Galvo_Scribber/Galvo_22092026/65mm_square.svg
2026-10-01 16:33 - INFO - Parameters saved for D:/Atharva/Galvo_Scribber/Galvo_22092026/65mm_square.svg
2026-10-01 16:34 - INFO - File selected : D:/Atharva/Galvo_Scribber/Galvo_22092026/55mm_square.svg
2026-10-01 16:34 - INFO - Parameters saved for D:/Atharva/Galvo_Scribber/Galvo_22092026/55mm_square.svg
2026-10-01 16:35 - INFO - File selected : D:/Atharva/Galvo_Scribber/Galvo_22092026/50mm_square.svg
2026-10-01 16:35 - INFO - Parameters saved for D:/Atharva/Galvo_Scribber/Galvo_22092026/50mm_square.svg
2026-10-01 16:36 - INFO - File selected : D:/Atharva/Galvo_Scribber/Galvo_22092026/45mm_square.svg
2026-10-01 16:36 - INFO - Parameters saved for D:/Atharva/Galvo_Scribber/Galvo_22092026/45mm_square.svg
2026-10-01 16:36 - INFO - File selected : D:/Atharva/Galvo_Scribber/Galvo_22092026/40mm_square.svg
2026-10-01 16:36 - INFO - Parameters saved for D:/Atharva/Galvo_Scribber/Galvo_22092026/40mm_square.svg
2026-10-01 16:47 - INFO - File selected : D:/Atharva/Galvo_Scribber/Galvo_22092026/30to70square.svg
2026-10-01 16:48 - INFO - Parameters saved for D:/Atharva/Galvo_Scribber/Galvo_22092026/30to70square.svg
2026-10-01 16:49 - INFO - Parameters saved for D:/Atharva/Galvo_Scribber/Galvo_22092026/30to70square.svg
2026-10-01 17:11 - INFO - mapmatrixAction : redmarkmat
2026-10-01 17:11 - INFO - mapmatrixAction : redmarkmat
2026-10-01 17:12 - INFO - mapmatrixAction : redmarkmat
2026-10-01 17:12 - INFO - mapmatrixAction : redmarkmat
2026-10-01 17:12 - INFO - mapmatrixAction : redmarkmat
2026-10-01 17:12 - INFO - mapmatrixAction : redmarkmat
2026-10-01 17:12 - INFO - mapmatrixAction : redmarkmat
2026-10-01 17:12 - INFO - mapmatrixAction : redmarkmat
2026-10-01 17:12 - INFO - mapmatrixAction : lasermarkmat
2026-10-01 17:13 - INFO - mapmatrixAction : stopmat
2026-10-01 17:13 - INFO - mapmatrixAction : lasermarkmat
2026-10-01 17:13 - INFO - mapmatrixAction : stopmat
2026-10-01 17:13 - INFO - mapmatrixAction : lasermarkmat
2026-10-01 17:13 - INFO - mapmatrixAction : stopmat
2026-10-01 17:13 - INFO - mapmatrixAction : lasermarkmat
2026-10-01 17:14 - INFO - mapmatrixAction : stopmat
2026-10-01 17:14 - INFO - mapmatrixAction : lasermarkmat
2026-10-01 17:14 - INFO - mapmatrixAction : stopmat
2026-10-01 17:14 - INFO - mapmatrixAction : redmarkmat
2026-10-01 17:14 - INFO - mapmatrixAction : redmarkmat
2026-10-01 17:14 - INFO - mapmatrixAction : lasermarkmat
2026-10-01 17:15 - INFO - mapmatrixAction : stopmat
2026-10-01 17:15 - INFO - mapmatrixAction : lasermarkmat
2026-10-01 17:16 - INFO - mapmatrixAction : stopmat
2026-10-01 17:18 - INFO - Galvo Laser Shutdown
2026-10-01 17:18 - CRITICAL - Laser 1 : OFF
2026-10-01 17:18 - CRITICAL - Laser 2 : OFF
2026-10-01 17:18 - INFO - Stepper Lasers Shutdown
2026-10-01 17:18 - INFO - COM connection close successfully
2026-10-01 17:18 - INFO - Main window close successfully
2026-10-01 17:18 - INFO - ==================================================
2026-10-01 17:18 - INFO - New session close at 2026-10-01 17:18
2026-10-01 17:18 - INFO - ==================================================
2026-10-01 17:18 - INFO - UI load successful
2026-10-01 17:18 - INFO - mapmatrixAction : redmarkmat
2026-10-01 17:18 - INFO - mapmatrixAction : redmarkmat
2026-10-01 17:19 - INFO - mapmatrixAction : lasermarkmat
2026-10-01 17:20 - INFO - >> Hardware Trigger: DI2 (Abort) Pressed!
2026-10-01 17:20 - INFO - >> Hardware Trigger: DI2 (Abort) Not Pressed!
2026-10-01 17:21 - INFO - File selected : D:/Atharva/Galvo_Scribber/Galvo_22092026/svg_files/africakimudra.svg
2026-10-01 17:21 - INFO - Parameters saved for D:/Atharva/Galvo_Scribber/Galvo_22092026/svg_files/africakimudra.svg
2026-10-01 17:58 - INFO - Close event ignored.
2026-10-01 17:58 - INFO - Close event ignored.
2026-10-01 17:58 - INFO - Galvo Laser Shutdown
2026-10-01 17:58 - CRITICAL - Laser 1 : OFF
2026-10-01 17:58 - CRITICAL - Laser 2 : OFF
2026-10-01 17:58 - INFO - Stepper Lasers Shutdown
2026-10-01 17:58 - INFO - COM connection close successfully
2026-10-01 17:58 - INFO - Main window close successfully
2026-10-01 17:58 - INFO - ==================================================
2026-10-01 17:58 - INFO - New session close at 2026-10-01 17:58
2026-10-01 17:58 - INFO - ==================================================
2026-10-03 11:02 - INFO - UI load successful
2026-10-03 11:04 - INFO - Profile : Supervisor
2026-10-03 11:07 - INFO - File selected : D:/Atharva/Galvo_Scribber/Galvo_22092026/MF device 250 micron channel.dxf
2026-10-03 11:07 - INFO - Parameters saved for D:/Atharva/Galvo_Scribber/Galvo_22092026/MF device 250 micron channel.dxf
2026-10-03 11:20 - INFO - File selected : D:/Atharva/Galvo_Scribber/Galvo_22092026/New 250 micron channel.svg
2026-10-03 11:20 - INFO - Parameters saved for D:/Atharva/Galvo_Scribber/Galvo_22092026/New 250 micron channel.svg
2026-10-03 11:22 - INFO - File selected : D:/Atharva/Galvo_Scribber/Galvo_22092026/New 250 micron channel.dxf
2026-10-03 11:22 - INFO - Parameters saved for D:/Atharva/Galvo_Scribber/Galvo_22092026/New 250 micron channel.dxf
2026-10-03 11:22 - INFO - Parameters saved for D:/Atharva/Galvo_Scribber/Galvo_22092026/New 250 micron channel.dxf
2026-10-03 11:34 - INFO - File selected : D:/Atharva/Galvo_Scribber/Galvo_22092026/New-1 250 micron channel.dxf
2026-10-03 11:34 - INFO - Parameters saved for D:/Atharva/Galvo_Scribber/Galvo_22092026/New-1 250 micron channel.dxf
2026-10-03 11:37 - INFO - File selected : D:/Atharva/Galvo_Scribber/Galvo_22092026/New-1 250 micron channel.svg
2026-10-03 11:37 - INFO - Parameters saved for D:/Atharva/Galvo_Scribber/Galvo_22092026/New-1 250 micron channel.svg
2026-10-03 11:38 - INFO - File selected : D:/Atharva/Galvo_Scribber/Galvo_22092026/New-1 250 micron channel.svg
2026-10-03 11:38 - INFO - Parameters saved for D:/Atharva/Galvo_Scribber/Galvo_22092026/New-1 250 micron channel.svg
2026-10-03 11:39 - INFO - Parameters saved for D:/Atharva/Galvo_Scribber/Galvo_22092026/New-1 250 micron channel.svg
2026-10-03 11:41 - INFO - File selected : D:/Atharva/Galvo_Scribber/Galvo_22092026/new250.svg
2026-10-03 11:41 - INFO - Parameters saved for D:/Atharva/Galvo_Scribber/Galvo_22092026/new250.svg
2026-10-03 11:45 - INFO - File selected : D:/Atharva/Galvo_Scribber/Galvo_22092026/250 122mmsizeMicron channel.svg
2026-10-03 11:45 - INFO - Parameters saved for D:/Atharva/Galvo_Scribber/Galvo_22092026/250 122mmsizeMicron channel.svg
2026-10-03 11:52 - INFO - File selected : D:/Atharva/Galvo_Scribber/Galvo_22092026/38mmsize 250Micron channel.svg
2026-10-03 11:52 - INFO - Parameters saved for D:/Atharva/Galvo_Scribber/Galvo_22092026/38mmsize 250Micron channel.svg
2026-10-03 11:54 - INFO - >> Hardware Trigger: DI2 (Abort) Pressed!
2026-10-03 11:54 - INFO - >> Hardware Trigger: DI2 (Abort) Not Pressed!
2026-10-03 11:54 - INFO - Parameters saved for D:/Atharva/Galvo_Scribber/Galvo_22092026/38mmsize 250Micron channel.svg
2026-10-03 11:59 - INFO - Parameters saved for D:/Atharva/Galvo_Scribber/Galvo_22092026/38mmsize 250Micron channel.svg
2026-10-03 12:10 - INFO - File selected : D:/Atharva/Galvo_Scribber/Galvo_22092026/38mmsize 250Micron channel.svg
2026-10-03 12:10 - INFO - Parameters saved for D:/Atharva/Galvo_Scribber/Galvo_22092026/38mmsize 250Micron channel.svg
2026-10-03 12:10 - INFO - Parameters saved for D:/Atharva/Galvo_Scribber/Galvo_22092026/38mmsize 250Micron channel.svg
2026-10-03 12:11 - INFO - Parameters saved for D:/Atharva/Galvo_Scribber/Galvo_22092026/38mmsize 250Micron channel.svg
2026-10-03 12:12 - INFO - Parameters saved for D:/Atharva/Galvo_Scribber/Galvo_22092026/38mmsize 250Micron channel.svg
2026-10-03 12:12 - INFO - Parameters saved for D:/Atharva/Galvo_Scribber/Galvo_22092026/38mmsize 250Micron channel.svg
2026-10-03 12:12 - INFO - Parameters saved for D:/Atharva/Galvo_Scribber/Galvo_22092026/38mmsize 250Micron channel.svg
2026-10-03 12:15 - INFO - Parameters saved for D:/Atharva/Galvo_Scribber/Galvo_22092026/38mmsize 250Micron channel.svg
2026-10-03 12:41 - INFO - File selected : D:/Atharva/Galvo_Scribber/Galvo_22092026/V2SfZ-paris-eiffel-tower-wall-decor.svg
2026-10-03 12:41 - INFO - Parameters saved for D:/Atharva/Galvo_Scribber/Galvo_22092026/V2SfZ-paris-eiffel-tower-wall-decor.svg
2026-10-03 12:42 - INFO - >> Hardware Trigger: DI1 (Start) Pressed!
2026-10-03 12:42 - INFO - >> Hardware Trigger: DI1 (Start) Not Pressed!
2026-10-03 12:46 - INFO - File selected : D:/Atharva/Galvo_Scribber/Galvo_22092026/V2SfZ-paris-eiffel-tower-wall-decor.dxf
2026-10-03 12:46 - INFO - Parameters saved for D:/Atharva/Galvo_Scribber/Galvo_22092026/V2SfZ-paris-eiffel-tower-wall-decor.dxf
2026-10-03 12:47 - INFO - Parameters saved for D:/Atharva/Galvo_Scribber/Galvo_22092026/V2SfZ-paris-eiffel-tower-wall-decor.dxf
2026-10-03 12:51 - INFO - File selected : D:/Atharva/Galvo_Scribber/Galvo_22092026/ogparis-eiffel-tower-wall-decor.dxf
2026-10-03 12:51 - INFO - Parameters saved for D:/Atharva/Galvo_Scribber/Galvo_22092026/ogparis-eiffel-tower-wall-decor.dxf
2026-10-03 12:53 - INFO - Parameters saved for D:/Atharva/Galvo_Scribber/Galvo_22092026/ogparis-eiffel-tower-wall-decor.dxf
2026-10-03 12:57 - INFO - File selected : D:/Atharva/Galvo_Scribber/Galvo_22092026/goyna_bori_precise_smooth.svg
2026-10-03 12:57 - INFO - Parameters saved for D:/Atharva/Galvo_Scribber/Galvo_22092026/goyna_bori_precise_smooth.svg
2026-10-03 12:58 - INFO - Parameters saved for D:/Atharva/Galvo_Scribber/Galvo_22092026/goyna_bori_precise_smooth.svg
2026-10-03 13:10 - INFO - Galvo Laser Shutdown
2026-10-03 13:10 - CRITICAL - Laser 1 : OFF
2026-10-03 13:10 - CRITICAL - Laser 2 : OFF
2026-10-03 13:10 - INFO - Stepper Lasers Shutdown
2026-10-03 13:10 - INFO - COM connection close successfully
2026-10-03 13:10 - INFO - Main window close successfully
2026-10-03 13:10 - INFO - ==================================================
2026-10-03 13:10 - INFO - New session close at 2026-10-03 13:10
2026-10-03 13:10 - INFO - ==================================================
2026-10-03 13:10 - INFO - UI load successful
2026-10-03 13:10 - INFO - File selected : D:/Atharva/Galvo_Scribber/Galvo_22092026/goyna_bori_precise_smooth.svg
2026-10-03 13:10 - INFO - Parameters saved for D:/Atharva/Galvo_Scribber/Galvo_22092026/goyna_bori_precise_smooth.svg
2026-10-03 13:11 - INFO - Parameters saved for D:/Atharva/Galvo_Scribber/Galvo_22092026/goyna_bori_precise_smooth.svg
2026-10-03 13:11 - INFO - File selected : D:/Atharva/Galvo_Scribber/Galvo_22092026/ogparis-eiffel-tower-wall-decor.dxf
2026-10-03 13:11 - INFO - Parameters saved for D:/Atharva/Galvo_Scribber/Galvo_22092026/ogparis-eiffel-tower-wall-decor.dxf
2026-10-03 13:11 - INFO - Parameters saved for D:/Atharva/Galvo_Scribber/Galvo_22092026/ogparis-eiffel-tower-wall-decor.dxf
2026-10-03 13:13 - INFO - Close event ignored.
2026-10-03 13:14 - INFO - File selected : D:/Atharva/Galvo_Scribber/Galvo_22092026/40mm_square.svg
2026-10-03 13:14 - INFO - Parameters saved for D:/Atharva/Galvo_Scribber/Galvo_22092026/40mm_square.svg
2026-10-03 13:15 - INFO - File selected : D:/Atharva/Galvo_Scribber/Galvo_22092026/38mmsize 250Micron channel.svg
2026-10-03 13:15 - INFO - Parameters saved for D:/Atharva/Galvo_Scribber/Galvo_22092026/38mmsize 250Micron channel.svg
2026-10-03 13:18 - INFO - Parameters saved for D:/Atharva/Galvo_Scribber/Galvo_22092026/38mmsize 250Micron channel.svg
2026-10-03 13:34 - INFO - File selected : D:/Atharva/Galvo_Scribber/Galvo_22092026/180microns test.svg
2026-10-03 13:34 - INFO - Parameters saved for D:/Atharva/Galvo_Scribber/Galvo_22092026/180microns test.svg
2026-10-03 13:37 - INFO - File selected : D:/Atharva/Galvo_Scribber/Galvo_22092026/100microns test.svg
2026-10-03 13:37 - INFO - Parameters saved for D:/Atharva/Galvo_Scribber/Galvo_22092026/100microns test.svg
2026-10-03 13:41 - INFO - File selected : D:/Atharva/Galvo_Scribber/Galvo_22092026/20microns test.svg
2026-10-03 13:41 - INFO - Parameters saved for D:/Atharva/Galvo_Scribber/Galvo_22092026/20microns test.svg
2026-10-03 14:22 - INFO - File selected : D:/Atharva/Galvo_Scribber/Galvo_22092026/50microns test.svg
2026-10-03 14:22 - INFO - Parameters saved for D:/Atharva/Galvo_Scribber/Galvo_22092026/50microns test.svg
2026-10-03 14:25 - INFO - Galvo Laser Shutdown
2026-10-03 14:25 - CRITICAL - Laser 1 : OFF
2026-10-03 14:25 - CRITICAL - Laser 2 : OFF
2026-10-03 14:25 - INFO - Stepper Lasers Shutdown
2026-10-03 14:25 - INFO - COM connection close successfully
2026-10-03 14:25 - INFO - Main window close successfully
2026-10-03 14:25 - INFO - ==================================================
2026-10-03 14:25 - INFO - New session close at 2026-10-03 14:25
2026-10-03 14:25 - INFO - ==================================================
2026-10-03 14:56 - INFO - UI load successful
2026-10-03 14:56 - INFO - File selected : D:/Atharva/Galvo_Scribber/Galvo_22092026/wafer_grid_1mm.svg
2026-10-03 14:57 - INFO - Parameters saved for D:/Atharva/Galvo_Scribber/Galvo_22092026/wafer_grid_1mm.svg
2026-10-03 15:01 - INFO - File selected : D:/Atharva/Galvo_Scribber/Galvo_22092026/wafer_grid_50mm.svg
2026-10-03 15:01 - INFO - Parameters saved for D:/Atharva/Galvo_Scribber/Galvo_22092026/wafer_grid_50mm.svg
2026-10-03 15:28 - INFO - File selected : D:/Atharva/Galvo_Scribber/Galvo_22092026/wafer_grid_30mm_250um.svg
2026-10-03 15:28 - INFO - Parameters saved for D:/Atharva/Galvo_Scribber/Galvo_22092026/wafer_grid_30mm_250um.svg
2026-10-03 15:30 - INFO - UI load successful
2026-10-03 15:31 - INFO - File selected : D:/Atharva/Galvo_Scribber/Galvo_22092026/wafer_grid_30mm_250um.svg
2026-10-03 15:31 - INFO - Parameters saved for D:/Atharva/Galvo_Scribber/Galvo_22092026/wafer_grid_30mm_250um.svg
2026-10-03 15:33 - INFO - UI load successful
2026-10-03 15:34 - INFO - File selected : D:/Atharva/Galvo_Scribber/Galvo_22092026/wafer_grid_30mm_250um.dxf
2026-10-03 15:34 - INFO - Parameters saved for D:/Atharva/Galvo_Scribber/Galvo_22092026/wafer_grid_30mm_250um.dxf
2026-10-03 15:39 - INFO - UI load successful
2026-10-03 15:39 - INFO - File selected : D:/Atharva/Galvo_Scribber/Galvo_22092026/wafer_grid_30mm_250um.svg
2026-10-03 15:40 - INFO - Parameters saved for D:/Atharva/Galvo_Scribber/Galvo_22092026/wafer_grid_30mm_250um.svg
2026-10-03 15:43 - INFO - UI load successful
2026-10-03 15:44 - INFO - File selected : D:/Atharva/Galvo_Scribber/Galvo_22092026/wafer_grid_30mm_250um.svg
2026-10-03 15:44 - INFO - Parameters saved for D:/Atharva/Galvo_Scribber/Galvo_22092026/wafer_grid_30mm_250um.svg
2026-10-03 15:47 - INFO - UI load successful
2026-10-03 15:48 - INFO - File selected : D:/Users/EXPSOL/Downloads/wafer_grid_easy_demo/wafer_grid_easy_demo.dxf
2026-10-03 15:48 - INFO - Parameters saved for D:/Users/EXPSOL/Downloads/wafer_grid_easy_demo/wafer_grid_easy_demo.dxf
2026-10-03 15:52 - INFO - File selected : D:/Atharva/Galvo_Scribber/Galvo_22092026/wafer_grid_easy_demo.svg
2026-10-03 15:52 - INFO - Parameters saved for D:/Atharva/Galvo_Scribber/Galvo_22092026/wafer_grid_easy_demo.svg
2026-10-03 15:52 - INFO - >> Hardware Trigger: DI2 (Abort) Pressed!
2026-10-03 15:52 - INFO - >> Hardware Trigger: DI2 (Abort) Not Pressed!
2026-10-03 15:52 - INFO - Parameters saved for D:/Atharva/Galvo_Scribber/Galvo_22092026/wafer_grid_easy_demo.svg
2026-10-03 15:54 - INFO - File selected : D:/Atharva/Galvo_Scribber/Galvo_22092026/wafer_grid_30mm_250um.svg
2026-10-03 15:54 - INFO - Parameters saved for D:/Atharva/Galvo_Scribber/Galvo_22092026/wafer_grid_30mm_250um.svg
2026-10-03 15:56 - INFO - UI load successful
2026-10-03 15:56 - INFO - File selected : D:/Users/EXPSOL/Downloads/wafer_grid_easy_demo (1)/wafer_grid_easy_demo.dxf
2026-10-03 15:57 - INFO - Parameters saved for D:/Users/EXPSOL/Downloads/wafer_grid_easy_demo (1)/wafer_grid_easy_demo.dxf
2026-10-03 16:10 - INFO - Galvo Laser Shutdown
2026-10-03 16:10 - CRITICAL - Laser 1 : OFF
2026-10-03 16:10 - CRITICAL - Laser 2 : OFF
2026-10-03 16:10 - INFO - Stepper Lasers Shutdown
2026-10-03 16:10 - INFO - COM connection close successfully
2026-10-03 16:10 - INFO - Main window close successfully
2026-10-03 16:10 - INFO - ==================================================
2026-10-03 16:10 - INFO - New session close at 2026-10-03 16:10
2026-10-03 16:10 - INFO - ==================================================
2026-10-03 16:13 - INFO - UI load successful
2026-10-03 16:15 - INFO - File selected : D:/Users/EXPSOL/Downloads/images .png
2026-10-03 16:15 - INFO - Parameters saved for D:/Users/EXPSOL/Downloads/images .png
2026-10-03 16:20 - INFO - UI load successful
2026-10-03 16:21 - INFO - File selected : D:/Users/EXPSOL/Downloads/images .png
2026-10-03 16:21 - INFO - Parameters saved for D:/Users/EXPSOL/Downloads/images .png
2026-10-03 16:25 - INFO - Parameters saved for D:/Users/EXPSOL/Downloads/images .png
2026-10-03 16:28 - INFO - >> Hardware Trigger: DI2 (Abort) Pressed!
2026-10-03 16:28 - INFO - >> Hardware Trigger: DI2 (Abort) Not Pressed!
2026-10-03 16:35 - INFO - File selected : D:/Users/EXPSOL/Downloads/ojo-no-rasterizado.png
2026-10-03 16:35 - INFO - Parameters saved for D:/Users/EXPSOL/Downloads/ojo-no-rasterizado.png
2026-10-03 16:36 - INFO - >> Hardware Trigger: DI2 (Abort) Pressed!
2026-10-03 16:36 - INFO - >> Hardware Trigger: DI2 (Abort) Not Pressed!
2026-10-03 16:37 - INFO - UI load successful
2026-10-03 16:37 - INFO - File selected : D:/Users/EXPSOL/Downloads/ojo-no-rasterizado.png
2026-10-03 16:37 - INFO - Parameters saved for D:/Users/EXPSOL/Downloads/ojo-no-rasterizado.png
2026-10-03 16:43 - INFO - File selected : D:/Users/EXPSOL/Downloads/images (3).png
2026-10-03 16:43 - INFO - Parameters saved for D:/Users/EXPSOL/Downloads/images (3).png
2026-10-03 16:51 - INFO - Galvo Laser Shutdown
2026-10-03 16:51 - CRITICAL - Laser 1 : OFF
2026-10-03 16:51 - CRITICAL - Laser 2 : OFF
2026-10-03 16:51 - INFO - Stepper Lasers Shutdown
2026-10-03 16:51 - INFO - COM connection close successfully
2026-10-03 16:51 - INFO - Main window close successfully
2026-10-03 16:51 - INFO - ==================================================
2026-10-03 16:51 - INFO - New session close at 2026-10-03 16:51
2026-10-03 16:51 - INFO - ==================================================
2026-10-03 16:52 - INFO - UI load successful
2026-10-03 16:52 - INFO - File selected : D:/Users/EXPSOL/Downloads/ojo-no-rasterizado.png
2026-10-03 16:52 - INFO - Parameters saved for D:/Users/EXPSOL/Downloads/ojo-no-rasterizado.png
2026-10-03 17:00 - INFO - Galvo Laser Shutdown
2026-10-03 17:00 - CRITICAL - Laser 1 : OFF
2026-10-03 17:00 - CRITICAL - Laser 2 : OFF
2026-10-03 17:00 - INFO - Stepper Lasers Shutdown
2026-10-03 17:00 - INFO - COM connection close successfully
2026-10-03 17:00 - INFO - Main window close successfully
2026-10-03 17:00 - INFO - ==================================================
2026-10-03 17:00 - INFO - New session close at 2026-10-03 17:00
2026-10-03 17:00 - INFO - ==================================================
2026-10-03 17:00 - INFO - UI load successful
2026-10-03 17:01 - INFO - mapmatrixAction : stopmat
2026-10-03 17:02 - INFO - mapmatrixAction : redmarkmat
2026-10-03 17:02 - INFO - mapmatrixAction : redmarkmat
2026-10-03 17:03 - INFO - mapmatrixAction : redmarkmat
2026-10-03 17:03 - INFO - Galvo Laser Shutdown
2026-10-03 17:03 - CRITICAL - Laser 1 : OFF
2026-10-03 17:03 - CRITICAL - Laser 2 : OFF
2026-10-03 17:03 - INFO - Stepper Lasers Shutdown
2026-10-03 17:03 - INFO - COM connection close successfully
2026-10-03 17:03 - INFO - Main window close successfully
2026-10-03 17:03 - INFO - ==================================================
2026-10-03 17:03 - INFO - New session close at 2026-10-03 17:03
2026-10-03 17:03 - INFO - ==================================================
2026-10-03 17:05 - INFO - UI load successful
2026-10-03 17:16 - INFO - File selected : D:/Users/EXPSOL/Downloads/7bb9614852c6c515f8465417b1503968.jpg
2026-10-03 17:16 - INFO - Parameters saved for D:/Users/EXPSOL/Downloads/7bb9614852c6c515f8465417b1503968.jpg
2026-10-03 17:25 - INFO - File selected : D:/Users/EXPSOL/Downloads/balanced-pixel-harmony-stockcake.jpg
2026-10-03 17:25 - INFO - Parameters saved for D:/Users/EXPSOL/Downloads/balanced-pixel-harmony-stockcake.jpg
2026-10-03 17:33 - INFO - mapmatrixAction : redmarkmat
2026-10-03 17:33 - INFO - mapmatrixAction : redmarkmat
2026-10-03 17:33 - INFO - mapmatrixAction : redmarkmat
2026-10-03 17:34 - INFO - mapmatrixAction : redmarkmat
2026-10-03 17:34 - INFO - mapmatrixAction : lasermarkmat
2026-10-05 10:49 - INFO - UI load successful
2026-10-05 10:50 - INFO - File selected : D:/Atharva_galvo/Galvo_22092026/Mini_scriber_UI_new/Gerber_files/Arduino Nano IO Shield Gerber/Arduino Nano IO Shield-B_Cu.gbr
2026-10-05 10:50 - INFO - Parameters saved for D:/Atharva_galvo/Galvo_22092026/Mini_scriber_UI_new/Gerber_files/Arduino Nano IO Shield Gerber/Arduino Nano IO Shield-B_Cu.gbr
2026-10-05 10:53 - CRITICAL - Laser 1 : OFF
2026-10-05 10:53 - CRITICAL - Laser 2 : OFF
2026-10-05 10:53 - INFO - Stepper Lasers Shutdown
2026-10-05 10:53 - INFO - COM connection close successfully
2026-10-05 10:53 - INFO - Main window close successfully
2026-10-05 10:53 - INFO - ==================================================
2026-10-05 10:53 - INFO - New session close at 2026-10-05 10:53
2026-10-05 10:53 - INFO - ==================================================
2026-10-05 11:02 - INFO - UI load successful
2026-10-05 11:02 - INFO - File selected : D:/Atharva_galvo/Galvo_22092026/Mini_scriber_UI_new/Gerber_files/Arduino Nano IO Shield Gerber/Arduino Nano IO Shield-B_Cu.gbr
2026-10-05 11:04 - INFO - Parameters saved for D:/Atharva_galvo/Galvo_22092026/Mini_scriber_UI_new/Gerber_files/Arduino Nano IO Shield Gerber/Arduino Nano IO Shield-B_Cu.gbr
2026-10-05 11:05 - CRITICAL - Laser 1 : OFF
2026-10-05 11:05 - CRITICAL - Laser 2 : OFF
2026-10-05 11:05 - INFO - Stepper Lasers Shutdown
2026-10-05 11:05 - INFO - COM connection close successfully
2026-10-05 11:05 - INFO - Main window close successfully
2026-10-05 11:05 - INFO - ==================================================
2026-10-05 11:05 - INFO - New session close at 2026-10-05 11:05
2026-10-05 11:05 - INFO - ==================================================
2026-10-05 12:04 - INFO - UI load successful
2026-10-05 12:04 - INFO - File selected : D:/Atharva_galvo/Galvo_22092026/Mini_scriber_UI_new/Gerber_files/Arduino Nano IO Shield Gerber/Arduino Nano IO Shield-B_Cu.gbr
2026-10-05 12:05 - INFO - Parameters saved for D:/Atharva_galvo/Galvo_22092026/Mini_scriber_UI_new/Gerber_files/Arduino Nano IO Shield Gerber/Arduino Nano IO Shield-B_Cu.gbr
2026-10-05 12:05 - CRITICAL - Laser 1 : OFF
2026-10-05 12:05 - CRITICAL - Laser 2 : OFF
2026-10-05 12:05 - INFO - Stepper Lasers Shutdown
2026-10-05 12:05 - INFO - COM connection close successfully
2026-10-05 12:05 - INFO - Main window close successfully
2026-10-05 12:05 - INFO - ==================================================
2026-10-05 12:05 - INFO - New session close at 2026-10-05 12:05
2026-10-05 12:05 - INFO - ==================================================
2026-10-05 13:39 - INFO - UI load successful
2026-10-05 14:15 - CRITICAL - Laser 1 : OFF
2026-10-05 14:15 - CRITICAL - Laser 2 : OFF
2026-10-05 14:15 - INFO - Stepper Lasers Shutdown
2026-10-05 14:15 - INFO - COM connection close successfully
2026-10-05 14:15 - INFO - Main window close successfully
2026-10-05 14:15 - INFO - ==================================================
2026-10-05 14:15 - INFO - New session close at 2026-10-05 14:15
2026-10-05 14:15 - INFO - ==================================================
2026-10-06 12:20 - INFO - UI load successful
2026-10-06 12:21 - INFO - Galvo Laser Shutdown
2026-10-06 12:21 - CRITICAL - Laser 1 : OFF
2026-10-06 12:21 - CRITICAL - Laser 2 : OFF
2026-10-06 12:21 - INFO - Stepper Lasers Shutdown
2026-10-06 12:21 - INFO - COM connection close successfully
2026-10-06 12:21 - INFO - Main window close successfully
2026-10-06 12:21 - INFO - ==================================================
2026-10-06 12:21 - INFO - New session close at 2026-10-06 12:21
2026-10-06 12:21 - INFO - ==================================================
2026-10-06 12:52 - INFO - UI load successful
2026-10-06 12:54 - INFO - >> Hardware Trigger: DI1 (Start) Pressed!
2026-10-06 12:54 - INFO - >> Hardware Trigger: DI2 (Abort) Pressed!
2026-10-06 12:55 - INFO - Galvo Laser Shutdown
2026-10-06 12:55 - CRITICAL - Laser 1 : OFF
2026-10-06 12:55 - CRITICAL - Laser 2 : OFF
2026-10-06 12:55 - INFO - Stepper Lasers Shutdown
2026-10-06 12:55 - INFO - COM connection close successfully
2026-10-06 12:55 - INFO - Main window close successfully
2026-10-06 12:55 - INFO - ==================================================
2026-10-06 12:55 - INFO - New session close at 2026-10-06 12:55
2026-10-06 12:55 - INFO - ==================================================
2026-10-06 12:59 - INFO - UI load successful
2026-10-06 13:00 - CRITICAL - Laser 1 : OFF
2026-10-06 13:00 - CRITICAL - Laser 2 : OFF
2026-10-06 13:00 - INFO - Stepper Lasers Shutdown
2026-10-06 13:00 - INFO - COM connection close successfully
2026-10-06 13:00 - INFO - Main window close successfully
2026-10-06 13:00 - INFO - ==================================================
2026-10-06 13:00 - INFO - New session close at 2026-10-06 13:00
2026-10-06 13:00 - INFO - ==================================================
2026-10-06 13:00 - INFO - UI load successful
2026-10-06 13:05 - INFO - Galvo Laser Shutdown
2026-10-06 13:05 - CRITICAL - Laser 1 : OFF
2026-10-06 13:05 - CRITICAL - Laser 2 : OFF
2026-10-06 13:05 - INFO - Stepper Lasers Shutdown
2026-10-06 13:05 - INFO - COM connection close successfully
2026-10-06 13:05 - INFO - Main window close successfully
2026-10-06 13:05 - INFO - ==================================================
2026-10-06 13:05 - INFO - New session close at 2026-10-06 13:05
2026-10-06 13:05 - INFO - ==================================================
2026-10-06 13:21 - INFO - UI load successful
2026-10-06 13:27 - INFO - File selected : D:/Atharva/Galvo_Scribber/Galvo_061026/svg_files/Files/Difficult/testbitimage.bmp
2026-10-06 13:27 - INFO - Parameters saved for D:/Atharva/Galvo_Scribber/Galvo_061026/svg_files/Files/Difficult/testbitimage.bmp
2026-10-06 13:32 - INFO - File selected : D:/Atharva/Galvo_Scribber/Galvo_061026/svg_files/Files/Difficult/testbmp2.bmp
2026-10-06 13:32 - INFO - Parameters saved for D:/Atharva/Galvo_Scribber/Galvo_061026/svg_files/Files/Difficult/testbmp2.bmp
2026-10-06 14:18 - INFO - File selected : D:/Atharva/Galvo_Scribber/Galvo_061026/38mmsize 250Micron channel.svg
2026-10-06 14:18 - INFO - Parameters saved for D:/Atharva/Galvo_Scribber/Galvo_061026/38mmsize 250Micron channel.svg
2026-10-06 14:19 - INFO - Parameters saved for D:/Atharva/Galvo_Scribber/Galvo_061026/38mmsize 250Micron channel.svg
2026-10-06 14:19 - INFO - Parameters saved for D:/Atharva/Galvo_Scribber/Galvo_061026/38mmsize 250Micron channel.svg
2026-10-06 14:19 - INFO - >> Hardware Trigger: DI2 (Abort) Pressed!
2026-10-06 14:19 - INFO - >> Hardware Trigger: DI2 (Abort) Not Pressed!
2026-10-06 14:19 - INFO - >> Hardware Trigger: DI2 (Abort) Pressed!
2026-10-06 14:19 - INFO - >> Hardware Trigger: DI2 (Abort) Not Pressed!
2026-10-06 14:19 - INFO - >> Hardware Trigger: DI2 (Abort) Pressed!
2026-10-06 14:19 - INFO - >> Hardware Trigger: DI2 (Abort) Not Pressed!
2026-10-06 14:19 - INFO - >> Hardware Trigger: DI2 (Abort) Pressed!
2026-10-06 14:19 - INFO - >> Hardware Trigger: DI2 (Abort) Not Pressed!
2026-10-06 14:19 - INFO - >> Hardware Trigger: DI2 (Abort) Pressed!
2026-10-06 14:19 - INFO - >> Hardware Trigger: DI2 (Abort) Not Pressed!
2026-10-06 14:19 - INFO - >> Hardware Trigger: DI2 (Abort) Pressed!
2026-10-06 14:19 - INFO - >> Hardware Trigger: DI2 (Abort) Not Pressed!
2026-10-06 14:19 - INFO - >> Hardware Trigger: DI2 (Abort) Pressed!
2026-10-06 14:19 - INFO - >> Hardware Trigger: DI2 (Abort) Not Pressed!
2026-10-06 14:19 - INFO - >> Hardware Trigger: DI2 (Abort) Pressed!
2026-10-06 14:19 - INFO - >> Hardware Trigger: DI2 (Abort) Not Pressed!
2026-10-06 14:19 - INFO - >> Hardware Trigger: DI2 (Abort) Pressed!
2026-10-06 14:19 - INFO - >> Hardware Trigger: DI2 (Abort) Not Pressed!
2026-10-06 14:19 - INFO - >> Hardware Trigger: DI2 (Abort) Pressed!
2026-10-06 14:19 - INFO - >> Hardware Trigger: DI2 (Abort) Not Pressed!
2026-10-06 14:19 - INFO - >> Hardware Trigger: DI2 (Abort) Pressed!
2026-10-06 14:19 - INFO - >> Hardware Trigger: DI2 (Abort) Not Pressed!
2026-10-06 14:19 - INFO - >> Hardware Trigger: DI2 (Abort) Pressed!
2026-10-06 14:19 - INFO - >> Hardware Trigger: DI2 (Abort) Not Pressed!
2026-10-06 14:19 - INFO - >> Hardware Trigger: DI2 (Abort) Pressed!
2026-10-06 14:19 - INFO - >> Hardware Trigger: DI2 (Abort) Not Pressed!
2026-10-06 14:19 - INFO - >> Hardware Trigger: DI2 (Abort) Pressed!
2026-10-06 14:19 - INFO - >> Hardware Trigger: DI2 (Abort) Not Pressed!
2026-10-06 14:19 - INFO - >> Hardware Trigger: DI2 (Abort) Pressed!
2026-10-06 14:19 - INFO - >> Hardware Trigger: DI2 (Abort) Not Pressed!
2026-10-06 14:19 - INFO - >> Hardware Trigger: DI2 (Abort) Pressed!
2026-10-06 14:19 - INFO - >> Hardware Trigger: DI2 (Abort) Not Pressed!
2026-10-06 14:19 - INFO - >> Hardware Trigger: DI2 (Abort) Pressed!
2026-10-06 14:19 - INFO - >> Hardware Trigger: DI2 (Abort) Not Pressed!
2026-10-06 14:19 - INFO - >> Hardware Trigger: DI2 (Abort) Pressed!
2026-10-06 14:19 - INFO - >> Hardware Trigger: DI2 (Abort) Not Pressed!
2026-10-06 14:20 - INFO - Parameters saved for D:/Atharva/Galvo_Scribber/Galvo_061026/38mmsize 250Micron channel.svg
2026-10-06 14:27 - INFO - Parameters saved for D:/Atharva/Galvo_Scribber/Galvo_061026/38mmsize 250Micron channel.svg
2026-10-06 14:57 - INFO - mapmatrixAction : redmarkmat
2026-10-06 14:57 - INFO - mapmatrixAction : redmarkmat
2026-10-06 14:57 - INFO - mapmatrixAction : redmarkmat
2026-10-06 14:58 - INFO - mapmatrixAction : redmarkmat
2026-10-06 14:58 - INFO - mapmatrixAction : redmarkmat
2026-10-06 14:58 - INFO - mapmatrixAction : redmarkmat
2026-10-06 14:58 - INFO - mapmatrixAction : lasermarkmat
2026-10-06 15:00 - INFO - mapmatrixAction : stopmat
2026-10-06 15:03 - INFO - mapmatrixAction : redmarkmat
2026-10-06 15:04 - INFO - mapmatrixAction : redmarkmat
2026-10-06 15:04 - INFO - mapmatrixAction : redmarkmat
2026-10-06 15:04 - INFO - mapmatrixAction : redmarkmat
2026-10-06 15:04 - INFO - mapmatrixAction : lasermarkmat
2026-10-06 15:13 - INFO - File selected : D:/Atharva/Galvo_Scribber/Galvo_061026/100microns test.svg
2026-10-06 15:13 - INFO - Parameters saved for D:/Atharva/Galvo_Scribber/Galvo_061026/100microns test.svg
2026-10-06 15:13 - INFO - >> Hardware Trigger: DI2 (Abort) Pressed!
2026-10-06 15:13 - INFO - >> Hardware Trigger: DI2 (Abort) Not Pressed!
2026-10-06 15:13 - INFO - >> Hardware Trigger: DI2 (Abort) Pressed!
2026-10-06 15:13 - INFO - >> Hardware Trigger: DI2 (Abort) Not Pressed!
2026-10-06 15:13 - INFO - >> Hardware Trigger: DI2 (Abort) Pressed!
2026-10-06 15:13 - INFO - >> Hardware Trigger: DI2 (Abort) Not Pressed!
2026-10-06 15:13 - INFO - >> Hardware Trigger: DI2 (Abort) Pressed!
2026-10-06 15:13 - INFO - >> Hardware Trigger: DI2 (Abort) Not Pressed!
2026-10-06 15:14 - INFO - >> Hardware Trigger: DI2 (Abort) Pressed!
2026-10-06 15:14 - INFO - >> Hardware Trigger: DI2 (Abort) Not Pressed!
2026-10-06 15:14 - INFO - >> Hardware Trigger: DI2 (Abort) Pressed!
2026-10-06 15:14 - INFO - >> Hardware Trigger: DI2 (Abort) Not Pressed!
2026-10-06 15:14 - INFO - >> Hardware Trigger: DI2 (Abort) Pressed!
2026-10-06 15:14 - INFO - >> Hardware Trigger: DI2 (Abort) Not Pressed!
2026-10-06 15:14 - INFO - >> Hardware Trigger: DI2 (Abort) Pressed!
2026-10-06 15:14 - INFO - >> Hardware Trigger: DI2 (Abort) Not Pressed!
2026-10-06 15:14 - INFO - >> Hardware Trigger: DI2 (Abort) Pressed!
2026-10-06 15:14 - INFO - >> Hardware Trigger: DI2 (Abort) Not Pressed!
2026-10-06 15:14 - INFO - >> Hardware Trigger: DI2 (Abort) Pressed!
2026-10-06 15:14 - INFO - >> Hardware Trigger: DI2 (Abort) Not Pressed!
2026-10-06 15:14 - INFO - >> Hardware Trigger: DI2 (Abort) Pressed!
2026-10-06 15:14 - INFO - >> Hardware Trigger: DI2 (Abort) Not Pressed!
2026-10-06 15:14 - INFO - >> Hardware Trigger: DI2 (Abort) Pressed!
2026-10-06 15:14 - INFO - >> Hardware Trigger: DI2 (Abort) Not Pressed!
2026-10-06 15:14 - INFO - >> Hardware Trigger: DI2 (Abort) Pressed!
2026-10-06 15:14 - INFO - >> Hardware Trigger: DI2 (Abort) Not Pressed!
2026-10-06 15:14 - INFO - >> Hardware Trigger: DI2 (Abort) Pressed!
2026-10-06 15:14 - INFO - >> Hardware Trigger: DI2 (Abort) Not Pressed!
2026-10-06 15:14 - INFO - >> Hardware Trigger: DI2 (Abort) Pressed!
2026-10-06 15:14 - INFO - >> Hardware Trigger: DI2 (Abort) Not Pressed!
2026-10-06 15:14 - INFO - >> Hardware Trigger: DI2 (Abort) Pressed!
2026-10-06 15:14 - INFO - >> Hardware Trigger: DI2 (Abort) Not Pressed!
2026-10-06 15:14 - INFO - >> Hardware Trigger: DI2 (Abort) Pressed!
2026-10-06 15:14 - INFO - >> Hardware Trigger: DI2 (Abort) Not Pressed!
2026-10-06 15:14 - INFO - >> Hardware Trigger: DI2 (Abort) Pressed!
2026-10-06 15:14 - INFO - >> Hardware Trigger: DI2 (Abort) Not Pressed!
2026-10-06 15:14 - INFO - >> Hardware Trigger: DI2 (Abort) Pressed!
2026-10-06 15:14 - INFO - >> Hardware Trigger: DI2 (Abort) Not Pressed!
2026-10-06 15:14 - INFO - >> Hardware Trigger: DI2 (Abort) Pressed!
2026-10-06 15:14 - INFO - >> Hardware Trigger: DI2 (Abort) Not Pressed!
2026-10-06 15:14 - INFO - >> Hardware Trigger: DI2 (Abort) Pressed!
2026-10-06 15:14 - INFO - >> Hardware Trigger: DI2 (Abort) Not Pressed!
2026-10-06 15:14 - INFO - >> Hardware Trigger: DI2 (Abort) Pressed!
2026-10-06 15:14 - INFO - >> Hardware Trigger: DI2 (Abort) Not Pressed!
2026-10-06 15:14 - INFO - Parameters saved for D:/Atharva/Galvo_Scribber/Galvo_061026/100microns test.svg
2026-10-06 15:55 - INFO - mapmatrixAction : redmarkmat
2026-10-06 15:55 - INFO - mapmatrixAction : redmarkmat
2026-10-06 15:55 - INFO - mapmatrixAction : lasermarkmat
2026-10-06 15:55 - INFO - mapmatrixAction : stopmat
2026-10-06 15:55 - INFO - mapmatrixAction : redmarkmat
2026-10-06 15:55 - INFO - mapmatrixAction : redmarkmat
2026-10-06 15:55 - INFO - mapmatrixAction : lasermarkmat
2026-10-06 15:55 - INFO - mapmatrixAction : stopmat
2026-10-06 15:55 - INFO - mapmatrixAction : stopmat
2026-10-06 15:55 - INFO - mapmatrixAction : stopmat
2026-10-06 15:56 - INFO - mapmatrixAction : redmarkmat
2026-10-06 15:56 - INFO - mapmatrixAction : redmarkmat
2026-10-06 15:56 - INFO - mapmatrixAction : lasermarkmat
2026-10-06 15:57 - INFO - mapmatrixAction : stopmat
2026-10-06 15:58 - INFO - mapmatrixAction : redmarkmat
2026-10-06 15:58 - INFO - mapmatrixAction : redmarkmat
2026-10-06 15:58 - INFO - mapmatrixAction : lasermarkmat
2026-10-06 16:13 - INFO - mapmatrixAction : stopmat
2026-10-06 16:13 - INFO - mapmatrixAction : stopmat
2026-10-06 16:13 - INFO - mapmatrixAction : stopmat
2026-10-06 16:13 - INFO - mapmatrixAction : stopmat
2026-10-06 16:13 - INFO - mapmatrixAction : stopmat
2026-10-06 16:13 - INFO - mapmatrixAction : stopmat
2026-10-06 16:13 - INFO - mapmatrixAction : redmarkmat
2026-10-06 16:13 - INFO - mapmatrixAction : redmarkmat
2026-10-06 16:18 - INFO - >> Hardware Trigger: DI1 (Start) Pressed!
2026-10-06 16:19 - INFO - UI load successful
2026-10-06 16:19 - INFO - >> Hardware Trigger: DI2 (Abort) Pressed!
2026-10-06 16:19 - INFO - >> Hardware Trigger: DI1 (Start) Not Pressed!
2026-10-06 16:19 - INFO - >> Hardware Trigger: DI2 (Abort) Not Pressed!
2026-10-06 16:19 - INFO - Galvo Laser Shutdown
2026-10-06 16:19 - CRITICAL - Laser 1 : OFF
2026-10-06 16:19 - CRITICAL - Laser 2 : OFF
2026-10-06 16:19 - INFO - Stepper Lasers Shutdown
2026-10-06 16:19 - INFO - COM connection close successfully
2026-10-06 16:19 - INFO - Main window close successfully
2026-10-06 16:19 - INFO - ==================================================
2026-10-06 16:19 - INFO - New session close at 2026-10-06 16:19
2026-10-06 16:19 - INFO - ==================================================
2026-10-06 16:27 - INFO - >> Hardware Trigger: DI1 (Start) Pressed!
2026-10-06 16:27 - INFO - >> Hardware Trigger: DI2 (Abort) Pressed!
2026-10-06 16:27 - INFO - >> Hardware Trigger: DI1 (Start) Not Pressed!
2026-10-06 16:27 - INFO - >> Hardware Trigger: DI2 (Abort) Not Pressed!
2026-10-06 16:27 - INFO - UI load successful
2026-10-06 16:31 - INFO - >> Hardware Trigger: DI1 (Start) Pressed!
2026-10-06 16:31 - INFO - >> Hardware Trigger: DI1 (Start) Pressed!
2026-10-06 16:31 - INFO - >> Hardware Trigger: DI1 (Start) Not Pressed!
2026-10-06 16:31 - INFO - >> Hardware Trigger: DI1 (Start) Not Pressed!
2026-10-06 16:31 - INFO - UI load successful
2026-10-06 16:32 - INFO - Galvo Laser Shutdown
2026-10-06 16:32 - CRITICAL - Laser 1 : OFF
2026-10-06 16:32 - CRITICAL - Laser 2 : OFF
2026-10-06 16:32 - INFO - Stepper Lasers Shutdown
2026-10-06 16:32 - INFO - COM connection close successfully
2026-10-06 16:32 - INFO - Main window close successfully
2026-10-06 16:32 - INFO - ==================================================
2026-10-06 16:32 - INFO - New session close at 2026-10-06 16:32
2026-10-06 16:32 - INFO - ==================================================
2026-10-06 16:32 - INFO - >> Hardware Trigger: DI1 (Start) Pressed!
2026-10-06 16:32 - INFO - >> Hardware Trigger: DI1 (Start) Pressed!
2026-10-06 16:32 - INFO - >> Hardware Trigger: DI1 (Start) Not Pressed!
2026-10-06 16:32 - INFO - >> Hardware Trigger: DI1 (Start) Not Pressed!
2026-10-06 16:32 - INFO - UI load successful
2026-10-06 16:32 - INFO - mapmatrixAction : redmarkmat
2026-10-06 16:32 - INFO - mapmatrixAction : redmarkmat
2026-10-06 16:33 - INFO - mapmatrixAction : redmarkmat
2026-10-06 16:33 - INFO - mapmatrixAction : redmarkmat
2026-10-06 16:33 - INFO - mapmatrixAction : redmarkmat
2026-10-06 16:34 - INFO - mapmatrixAction : redmarkmat
2026-10-06 16:34 - INFO - mapmatrixAction : redmarkmat
2026-10-06 16:34 - INFO - mapmatrixAction : redmarkmat
2026-10-06 16:34 - INFO - mapmatrixAction : lasermarkmat
2026-10-06 16:34 - INFO - mapmatrixAction : stopmat
2026-10-06 16:34 - INFO - mapmatrixAction : stopmat
2026-10-06 16:34 - INFO - mapmatrixAction : stopmat
2026-10-06 16:34 - INFO - mapmatrixAction : stopmat
2026-10-06 16:34 - INFO - mapmatrixAction : stopmat
2026-10-06 16:34 - INFO - mapmatrixAction : stopmat
2026-10-06 16:34 - INFO - Galvo Laser Shutdown
2026-10-06 16:34 - CRITICAL - Laser 1 : OFF
2026-10-06 16:34 - CRITICAL - Laser 2 : OFF
2026-10-06 16:34 - INFO - Stepper Lasers Shutdown
2026-10-06 16:34 - INFO - COM connection close successfully
2026-10-06 16:34 - INFO - Main window close successfully
2026-10-06 16:34 - INFO - ==================================================
2026-10-06 16:34 - INFO - New session close at 2026-10-06 16:34
2026-10-06 16:34 - INFO - ==================================================
2026-10-06 16:39 - INFO - >> Hardware Trigger: DI1 (Start) Pressed!
2026-10-06 16:39 - INFO - >> Hardware Trigger: DI1 (Start) Pressed!
2026-10-06 16:39 - INFO - >> Hardware Trigger: DI1 (Start) Not Pressed!
2026-10-06 16:39 - INFO - >> Hardware Trigger: DI1 (Start) Not Pressed!
2026-10-06 16:39 - INFO - UI load successful
2026-10-06 16:41 - INFO - File selected : D:/Atharva/Galvo_Scribber/Galvo_061026/svg_files/Files/Electrode/ide2.svg
2026-10-06 16:41 - INFO - Parameters saved for D:/Atharva/Galvo_Scribber/Galvo_061026/svg_files/Files/Electrode/ide2.svg
2026-10-06 16:51 - INFO - >> Hardware Trigger: DI1 (Start) Pressed!
2026-10-06 16:51 - INFO - >> Hardware Trigger: DI1 (Start) Pressed!
2026-10-06 16:51 - INFO - >> Hardware Trigger: DI1 (Start) Not Pressed!
2026-10-06 16:51 - INFO - >> Hardware Trigger: DI1 (Start) Not Pressed!
2026-10-06 16:52 - INFO - UI load successful
2026-10-06 16:52 - INFO - Close event ignored.
2026-10-06 16:52 - INFO - Galvo Laser Shutdown
2026-10-06 16:52 - CRITICAL - Laser 1 : OFF
2026-10-06 16:52 - CRITICAL - Laser 2 : OFF
2026-10-06 16:52 - INFO - Stepper Lasers Shutdown
2026-10-06 16:52 - INFO - COM connection close successfully
2026-10-06 16:52 - INFO - Main window close successfully
2026-10-06 16:52 - INFO - ==================================================
2026-10-06 16:52 - INFO - New session close at 2026-10-06 16:52
2026-10-06 16:52 - INFO - ==================================================
2026-10-06 17:17 - INFO - >> Hardware Trigger: DI1 (Start) Pressed!
2026-10-06 17:17 - INFO - >> Hardware Trigger: DI1 (Start) Pressed!
2026-10-06 17:17 - INFO - >> Hardware Trigger: DI1 (Start) Not Pressed!
2026-10-06 17:17 - INFO - >> Hardware Trigger: DI1 (Start) Not Pressed!
2026-10-06 17:17 - INFO - UI load successful
2026-10-06 17:20 - INFO - Galvo Laser Shutdown
2026-10-06 17:20 - CRITICAL - Laser 1 : OFF
2026-10-06 17:20 - CRITICAL - Laser 2 : OFF
2026-10-06 17:20 - INFO - Stepper Lasers Shutdown
2026-10-06 17:20 - INFO - COM connection close successfully
2026-10-06 17:20 - INFO - Main window close successfully
2026-10-06 17:20 - INFO - ==================================================
2026-10-06 17:20 - INFO - New session close at 2026-10-06 17:20
2026-10-06 17:20 - INFO - ==================================================
2026-10-06 17:26 - INFO - >> Hardware Trigger: DI1 (Start) Pressed!
2026-10-06 17:26 - INFO - >> Hardware Trigger: DI1 (Start) Pressed!
2026-10-06 17:26 - INFO - >> Hardware Trigger: DI1 (Start) Not Pressed!
2026-10-06 17:26 - INFO - >> Hardware Trigger: DI1 (Start) Not Pressed!
2026-10-06 17:26 - INFO - UI load successful
2026-10-06 17:31 - INFO - >> Hardware Trigger: DI1 (Start) Pressed!
2026-10-06 17:31 - INFO - >> Hardware Trigger: DI1 (Start) Pressed!
2026-10-06 17:31 - INFO - >> Hardware Trigger: DI1 (Start) Not Pressed!
2026-10-06 17:31 - INFO - >> Hardware Trigger: DI1 (Start) Not Pressed!
2026-10-06 17:31 - INFO - UI load successful
2026-10-06 17:31 - INFO - File selected : D:/Users/EXPSOL/Downloads/Code_Generated_Image.bmp
2026-10-06 17:32 - INFO - Parameters saved for D:/Users/EXPSOL/Downloads/Code_Generated_Image.bmp
2026-10-06 17:33 - INFO - Parameters saved for D:/Users/EXPSOL/Downloads/Code_Generated_Image.bmp
2026-10-06 17:50 - INFO - File selected : D:/Users/EXPSOL/Downloads/Code_Generated_Image (1).bmp
2026-10-06 17:50 - INFO - Parameters saved for D:/Users/EXPSOL/Downloads/Code_Generated_Image (1).bmp
2026-10-06 17:51 - INFO - Parameters saved for D:/Users/EXPSOL/Downloads/Code_Generated_Image (1).bmp
2026-10-07 10:41 - INFO - UI load successful
2026-10-07 10:42 - INFO - Galvo Laser Shutdown
2026-10-07 10:42 - CRITICAL - Laser 1 : OFF
2026-10-07 10:42 - CRITICAL - Laser 2 : OFF
2026-10-07 10:42 - INFO - Stepper Lasers Shutdown
2026-10-07 10:42 - INFO - COM connection close successfully
2026-10-07 10:42 - INFO - Main window close successfully
2026-10-07 10:42 - INFO - ==================================================
2026-10-07 10:42 - INFO - New session close at 2026-10-07 10:42
2026-10-07 10:42 - INFO - ==================================================
2026-10-07 11:06 - INFO - UI load successful
2026-10-07 11:06 - INFO - File selected : D:/Atharva/Galvo_Scribber/Galvo_22092026/Gerber_files/Arduino Nano IO Shield Gerber/Arduino Nano IO Shield-B_Cu.gbr
2026-10-07 11:07 - INFO - File selected : D:/Atharva/Galvo_Scribber/Galvo_22092026/Gerber_files/3RL_WLC_PCB/3RWLC2/JR_3RWLC2_PCB-B_Cu.gbr
2026-10-07 11:07 - INFO - Parameters saved for D:/Atharva/Galvo_Scribber/Galvo_22092026/Gerber_files/3RL_WLC_PCB/3RWLC2/JR_3RWLC2_PCB-B_Cu.gbr
2026-10-07 11:08 - INFO - Galvo Laser Shutdown
2026-10-07 11:08 - CRITICAL - Laser 1 : OFF
2026-10-07 11:08 - CRITICAL - Laser 2 : OFF
2026-10-07 11:08 - INFO - Stepper Lasers Shutdown
2026-10-07 11:08 - INFO - COM connection close successfully
2026-10-07 11:08 - INFO - Main window close successfully
2026-10-07 11:08 - INFO - ==================================================
2026-10-07 11:08 - INFO - New session close at 2026-10-07 11:08
2026-10-07 11:08 - INFO - ==================================================
2026-10-07 11:18 - INFO - UI load successful
2026-10-07 11:20 - INFO - File selected : D:/Atharva/Galvo_Scribber/Galvo_061026/Gerber_files/3RL_WLC_PCB/3RWLC2/JR_3RWLC2_PCB-B_Cu.gbr
2026-10-07 11:20 - INFO - Parameters saved for D:/Atharva/Galvo_Scribber/Galvo_061026/Gerber_files/3RL_WLC_PCB/3RWLC2/JR_3RWLC2_PCB-B_Cu.gbr
2026-10-07 11:21 - INFO - Galvo Laser Shutdown
2026-10-07 11:21 - CRITICAL - Laser 1 : OFF
2026-10-07 11:21 - CRITICAL - Laser 2 : OFF
2026-10-07 11:21 - INFO - Stepper Lasers Shutdown
2026-10-07 11:21 - INFO - COM connection close successfully
2026-10-07 11:21 - INFO - Main window close successfully
2026-10-07 11:21 - INFO - ==================================================
2026-10-07 11:21 - INFO - New session close at 2026-10-07 11:21
2026-10-07 11:21 - INFO - ==================================================
2026-10-07 11:21 - INFO - UI load successful
2026-10-07 11:21 - INFO - File selected : D:/Atharva/Galvo_Scribber/Galvo_061026/Gerber_files/3RL_WLC_PCB/3RWLC2/JR_3RWLC2_PCB-B_Cu.gbr
2026-10-07 11:21 - INFO - Parameters saved for D:/Atharva/Galvo_Scribber/Galvo_061026/Gerber_files/3RL_WLC_PCB/3RWLC2/JR_3RWLC2_PCB-B_Cu.gbr
2026-10-07 11:28 - INFO - Parameters saved for D:/Atharva/Galvo_Scribber/Galvo_061026/Gerber_files/3RL_WLC_PCB/3RWLC2/JR_3RWLC2_PCB-B_Cu.gbr
2026-10-07 11:32 - INFO - Galvo Laser Shutdown
2026-10-07 11:32 - CRITICAL - Laser 1 : OFF
2026-10-07 11:32 - CRITICAL - Laser 2 : OFF
2026-10-07 11:32 - INFO - Stepper Lasers Shutdown
2026-10-07 11:32 - INFO - COM connection close successfully
2026-10-07 11:32 - INFO - Main window close successfully
2026-10-07 11:32 - INFO - ==================================================
2026-10-07 11:32 - INFO - New session close at 2026-10-07 11:32
2026-10-07 11:32 - INFO - ==================================================
2026-10-08 16:36 - INFO - UI load successful
2026-10-08 16:37 - INFO - File selected : D:/Atharva/Galvo_Scribber/Galvo_061026/38mmsize 250Micron channel.svg
2026-10-08 16:37 - INFO - Parameters saved for D:/Atharva/Galvo_Scribber/Galvo_061026/38mmsize 250Micron channel.svg
2026-10-08 16:47 - INFO - File selected : D:/Atharva/Galvo_Scribber/Galvo_061026/38mmsize 250Micron channel.svg
2026-10-08 16:47 - INFO - Parameters saved for D:/Atharva/Galvo_Scribber/Galvo_061026/38mmsize 250Micron channel.svg
2026-10-08 16:58 - INFO - Parameters saved for D:/Atharva/Galvo_Scribber/Galvo_061026/38mmsize 250Micron channel.svg
2026-10-08 16:59 - INFO - Parameters saved for D:/Atharva/Galvo_Scribber/Galvo_061026/38mmsize 250Micron channel.svg
2026-10-08 16:59 - INFO - Parameters saved for D:/Atharva/Galvo_Scribber/Galvo_061026/38mmsize 250Micron channel.svg
2026-10-08 17:00 - INFO - Parameters saved for D:/Atharva/Galvo_Scribber/Galvo_061026/38mmsize 250Micron channel.svg
2026-10-08 17:00 - INFO - Parameters saved for D:/Atharva/Galvo_Scribber/Galvo_061026/38mmsize 250Micron channel.svg
2026-10-08 17:00 - INFO - Parameters saved for D:/Atharva/Galvo_Scribber/Galvo_061026/38mmsize 250Micron channel.svg
2026-10-08 17:01 - INFO - Parameters saved for D:/Atharva/Galvo_Scribber/Galvo_061026/38mmsize 250Micron channel.svg
2026-10-08 17:42 - INFO - Galvo Laser Shutdown
2026-10-08 17:42 - CRITICAL - Laser 1 : OFF
2026-10-08 17:42 - CRITICAL - Laser 2 : OFF
2026-10-08 17:42 - INFO - Stepper Lasers Shutdown
2026-10-08 17:42 - INFO - COM connection close successfully
2026-10-08 17:42 - INFO - Main window close successfully
2026-10-08 17:42 - INFO - ==================================================
2026-10-08 17:42 - INFO - New session close at 2026-10-08 17:42
2026-10-08 17:42 - INFO - ==================================================
2026-10-10 11:16 - INFO - UI load successful
2026-10-10 11:17 - INFO - UI load successful
2026-10-10 11:17 - INFO - File selected : D:/Galvo_Scribber/Galvo_UI_2/svg_files/40mm_square.svg
2026-10-10 11:17 - INFO - Parameters saved for D:/Galvo_Scribber/Galvo_UI_2/svg_files/40mm_square.svg
2026-10-10 11:18 - INFO - Parameters saved for D:/Galvo_Scribber/Galvo_UI_2/svg_files/40mm_square.svg
2026-10-10 11:19 - INFO - Galvo Laser Shutdown
2026-10-10 11:19 - CRITICAL - Laser 1 : OFF
2026-10-10 11:19 - CRITICAL - Laser 2 : OFF
2026-10-10 11:19 - INFO - Stepper Lasers Shutdown
2026-10-10 11:19 - INFO - COM connection close successfully
2026-10-10 11:19 - INFO - Main window close successfully
2026-10-10 11:19 - INFO - ==================================================
2026-10-10 11:19 - INFO - New session close at 2026-10-10 11:19
2026-10-10 11:19 - INFO - ==================================================
2026-10-10 12:43 - INFO - UI load successful
2026-10-10 12:43 - INFO - Galvo Laser Shutdown
2026-10-10 12:43 - CRITICAL - Laser 1 : OFF
2026-10-10 12:43 - CRITICAL - Laser 2 : OFF
2026-10-10 12:43 - INFO - Stepper Lasers Shutdown
2026-10-10 12:43 - INFO - COM connection close successfully
2026-10-10 12:43 - INFO - Main window close successfully
2026-10-10 12:43 - INFO - ==================================================
2026-10-10 12:43 - INFO - New session close at 2026-10-10 12:43
2026-10-10 12:43 - INFO - ==================================================
2026-10-10 12:48 - INFO - UI load successful
2026-10-10 12:48 - INFO - Galvo Laser Shutdown
2026-10-10 12:48 - CRITICAL - Laser 1 : OFF
2026-10-10 12:48 - CRITICAL - Laser 2 : OFF
2026-10-10 12:48 - INFO - Stepper Lasers Shutdown
2026-10-10 12:48 - INFO - COM connection close successfully
2026-10-10 12:48 - INFO - Main window close successfully
2026-10-10 12:48 - INFO - ==================================================
2026-10-10 12:48 - INFO - New session close at 2026-10-10 12:48
2026-10-10 12:48 - INFO - ==================================================
2026-10-10 13:03 - INFO - UI load successful
2026-10-10 13:03 - CRITICAL - Laser 1 : OFF
2026-10-10 13:03 - CRITICAL - Laser 2 : OFF
2026-10-10 13:03 - INFO - Stepper Lasers Shutdown
2026-10-10 13:03 - INFO - COM connection close successfully
2026-10-10 13:03 - INFO - Main window close successfully
2026-10-10 13:03 - INFO - ==================================================
2026-10-10 13:03 - INFO - New session close at 2026-10-10 13:03
2026-10-10 13:03 - INFO - ==================================================
2026-10-10 13:12 - INFO - UI load successful
2026-10-10 13:20 - INFO - File selected : D:/Atharva/Galvo_Scribber/Galvo_UI_2/QR/Barcode DXF/RUTHBAR.dxf
2026-10-10 13:20 - INFO - Parameters saved for D:/Atharva/Galvo_Scribber/Galvo_UI_2/QR/Barcode DXF/RUTHBAR.dxf
2026-10-10 13:22 - INFO - Parameters saved for D:/Atharva/Galvo_Scribber/Galvo_UI_2/QR/Barcode DXF/RUTHBAR.dxf
2026-10-10 13:22 - INFO - Parameters saved for D:/Atharva/Galvo_Scribber/Galvo_UI_2/QR/Barcode DXF/RUTHBAR.dxf
2026-10-10 13:27 - CRITICAL - Laser 1 : OFF
2026-10-10 13:27 - CRITICAL - Laser 2 : OFF
2026-10-10 13:27 - INFO - Stepper Lasers Shutdown
2026-10-10 13:27 - INFO - COM connection close successfully
2026-10-10 13:27 - INFO - Main window close successfully
2026-10-10 13:27 - INFO - ==================================================
2026-10-10 13:27 - INFO - New session close at 2026-10-10 13:27
2026-10-10 13:27 - INFO - ==================================================
2026-10-10 13:27 - INFO - UI load successful
2026-10-10 13:34 - CRITICAL - Laser 1 : OFF
2026-10-10 13:34 - CRITICAL - Laser 2 : OFF
2026-10-10 13:34 - INFO - Stepper Lasers Shutdown
2026-10-10 13:34 - INFO - COM connection close successfully
2026-10-10 13:34 - INFO - Main window close successfully
2026-10-10 13:34 - INFO - ==================================================
2026-10-10 13:34 - INFO - New session close at 2026-10-10 13:34
2026-10-10 13:34 - INFO - ==================================================
2026-10-10 13:34 - INFO - UI load successful
2026-10-10 13:40 - CRITICAL - Laser 1 : OFF
2026-10-10 13:40 - CRITICAL - Laser 2 : OFF
2026-10-10 13:40 - INFO - Stepper Lasers Shutdown
2026-10-10 13:40 - INFO - COM connection close successfully
2026-10-10 13:40 - INFO - Main window close successfully
2026-10-10 13:40 - INFO - ==================================================
2026-10-10 13:40 - INFO - New session close at 2026-10-10 13:40
2026-10-10 13:40 - INFO - ==================================================
2026-10-10 13:40 - INFO - UI load successful
2026-10-10 14:26 - CRITICAL - Laser 1 : OFF
2026-10-10 14:26 - CRITICAL - Laser 2 : OFF
2026-10-10 14:26 - INFO - Stepper Lasers Shutdown
2026-10-10 14:26 - INFO - COM connection close successfully
2026-10-10 14:26 - INFO - Main window close successfully
2026-10-10 14:26 - INFO - ==================================================
2026-10-10 14:26 - INFO - New session close at 2026-10-10 14:26
2026-10-10 14:26 - INFO - ==================================================
2026-10-10 14:26 - INFO - UI load successful
2026-10-10 14:30 - INFO - File selected : D:/Atharva/Galvo_Scribber/Galvo_UI_2/QR/Barcode DXF/test3.dxf
2026-10-10 14:30 - INFO - Parameters saved for D:/Atharva/Galvo_Scribber/Galvo_UI_2/QR/Barcode DXF/test3.dxf
2026-10-10 14:32 - INFO - UI load successful
2026-10-10 14:35 - INFO - File selected : D:/Atharva/Galvo_Scribber/Galvo_UI_2/QR/Barcode DXF/test4.dxf
2026-10-10 14:36 - INFO - Parameters saved for D:/Atharva/Galvo_Scribber/Galvo_UI_2/QR/Barcode DXF/test4.dxf
2026-10-10 14:38 - CRITICAL - Laser 1 : OFF
2026-10-10 14:38 - CRITICAL - Laser 2 : OFF
2026-10-10 14:38 - INFO - Stepper Lasers Shutdown
2026-10-10 14:38 - INFO - COM connection close successfully
2026-10-10 14:38 - INFO - Main window close successfully
2026-10-10 14:38 - INFO - ==================================================
2026-10-10 14:38 - INFO - New session close at 2026-10-10 14:38
2026-10-10 14:38 - INFO - ==================================================
2026-10-10 14:38 - INFO - UI load successful
2026-10-10 14:38 - INFO - File selected : D:/Atharva/Galvo_Scribber/Galvo_UI_2/QR/Barcode DXF/test5.dxf
2026-10-10 14:38 - INFO - Parameters saved for D:/Atharva/Galvo_Scribber/Galvo_UI_2/QR/Barcode DXF/test5.dxf
2026-10-10 14:39 - INFO - Parameters saved for D:/Atharva/Galvo_Scribber/Galvo_UI_2/QR/Barcode DXF/test5.dxf
2026-10-10 14:44 - CRITICAL - Laser 1 : OFF
2026-10-10 14:44 - CRITICAL - Laser 2 : OFF
2026-10-10 14:44 - INFO - Stepper Lasers Shutdown
2026-10-10 14:44 - INFO - COM connection close successfully
2026-10-10 14:44 - INFO - Main window close successfully
2026-10-10 14:44 - INFO - ==================================================
2026-10-10 14:44 - INFO - New session close at 2026-10-10 14:44
2026-10-10 14:44 - INFO - ==================================================
2026-10-10 14:44 - INFO - UI load successful
2026-10-10 14:46 - INFO - File selected : D:/Atharva/Galvo_Scribber/Galvo_UI_2/QR/Barcode DXF/test6.dxf
2026-10-10 14:46 - INFO - Parameters saved for D:/Atharva/Galvo_Scribber/Galvo_UI_2/QR/Barcode DXF/test6.dxf
2026-10-10 14:47 - CRITICAL - Laser 1 : OFF
2026-10-10 14:47 - CRITICAL - Laser 2 : OFF
2026-10-10 14:47 - INFO - Stepper Lasers Shutdown
2026-10-10 14:47 - INFO - COM connection close successfully
2026-10-10 14:47 - INFO - Main window close successfully
2026-10-10 14:47 - INFO - ==================================================
2026-10-10 14:47 - INFO - New session close at 2026-10-10 14:47
2026-10-10 14:47 - INFO - ==================================================
2026-10-10 14:48 - INFO - UI load successful
2026-10-10 14:49 - INFO - File selected : D:/Atharva/Galvo_Scribber/Galvo_UI_2/QR/Barcode DXF/Test7.dxf
2026-10-10 14:49 - INFO - Parameters saved for D:/Atharva/Galvo_Scribber/Galvo_UI_2/QR/Barcode DXF/Test7.dxf
2026-10-10 14:51 - INFO - Parameters saved for D:/Atharva/Galvo_Scribber/Galvo_UI_2/QR/Barcode DXF/Test7.dxf
2026-10-10 14:52 - INFO - Parameters saved for D:/Atharva/Galvo_Scribber/Galvo_UI_2/QR/Barcode DXF/Test7.dxf
2026-10-10 15:10 - INFO - Galvo Laser Shutdown
2026-10-10 15:10 - CRITICAL - Laser 1 : OFF
2026-10-10 15:10 - CRITICAL - Laser 2 : OFF
2026-10-10 15:10 - INFO - Stepper Lasers Shutdown
2026-10-10 15:10 - INFO - COM connection close successfully
2026-10-10 15:10 - INFO - Main window close successfully
2026-10-10 15:10 - INFO - ==================================================
2026-10-10 15:10 - INFO - New session close at 2026-10-10 15:10
2026-10-10 15:10 - INFO - ==================================================
2026-10-10 15:10 - INFO - UI load successful
2026-10-10 15:11 - INFO - File selected : D:/Atharva/Galvo_Scribber/Galvo_UI_2/QR/Barcode DXF/Testsvg.svg
2026-10-10 15:11 - INFO - Parameters saved for D:/Atharva/Galvo_Scribber/Galvo_UI_2/QR/Barcode DXF/Testsvg.svg
2026-10-10 15:11 - INFO - Parameters saved for D:/Atharva/Galvo_Scribber/Galvo_UI_2/QR/Barcode DXF/Testsvg.svg
2026-10-10 15:12 - INFO - Galvo Laser Shutdown
2026-10-10 15:12 - CRITICAL - Laser 1 : OFF
2026-10-10 15:12 - CRITICAL - Laser 2 : OFF
2026-10-10 15:12 - INFO - Stepper Lasers Shutdown
2026-10-10 15:12 - INFO - COM connection close successfully
2026-10-10 15:12 - INFO - Main window close successfully
2026-10-10 15:12 - INFO - ==================================================
2026-10-10 15:12 - INFO - New session close at 2026-10-10 15:12
2026-10-10 15:12 - INFO - ==================================================
2026-10-10 15:12 - INFO - UI load successful
2026-10-10 15:13 - INFO - File selected : D:/Atharva/Galvo_Scribber/Galvo_UI_2/QR/Barcode DXF/testsvg2.svg
2026-10-10 15:13 - INFO - Parameters saved for D:/Atharva/Galvo_Scribber/Galvo_UI_2/QR/Barcode DXF/testsvg2.svg
2026-10-10 15:16 - INFO - File selected : D:/Atharva/Galvo_Scribber/Galvo_UI_2/QR/Barcode DXF/testsvg3.svg
2026-10-10 15:16 - INFO - Parameters saved for D:/Atharva/Galvo_Scribber/Galvo_UI_2/QR/Barcode DXF/testsvg3.svg
2026-10-10 15:33 - INFO - File selected : D:/Atharva/Galvo_Scribber/Galvo_UI_2/QR/Barcode DXF/testsvg4.svg
2026-10-10 15:33 - INFO - Parameters saved for D:/Atharva/Galvo_Scribber/Galvo_UI_2/QR/Barcode DXF/testsvg4.svg
2026-10-10 15:44 - INFO - >> Hardware Trigger: DI1 (Start) Pressed!
2026-10-10 15:44 - INFO - >> Hardware Trigger: DI2 (Abort) Pressed!
2026-10-10 15:54 - CRITICAL - Laser 1 : OFF
2026-10-10 15:54 - CRITICAL - Laser 2 : OFF
2026-10-10 15:54 - INFO - Stepper Lasers Shutdown
2026-10-10 15:54 - INFO - COM connection close successfully
2026-10-10 15:54 - INFO - Main window close successfully
2026-10-10 15:54 - INFO - ==================================================
2026-10-10 15:54 - INFO - New session close at 2026-10-10 15:54
2026-10-10 15:54 - INFO - ==================================================
2026-10-10 15:58 - INFO - UI load successful
2026-10-10 16:02 - CRITICAL - Laser 1 : OFF
2026-10-10 16:02 - CRITICAL - Laser 2 : OFF
2026-10-10 16:02 - INFO - Stepper Lasers Shutdown
2026-10-10 16:02 - INFO - COM connection close successfully
2026-10-10 16:02 - INFO - Main window close successfully
2026-10-10 16:02 - INFO - ==================================================
2026-10-10 16:02 - INFO - New session close at 2026-10-10 16:02
2026-10-10 16:02 - INFO - ==================================================
2026-10-10 16:02 - INFO - UI load successful
2026-10-10 16:02 - INFO - File selected : D:/Atharva/Galvo_Scribber/Galvo_UI_2/QR/Barcode DXF/testdxf5.dxf
2026-10-10 16:03 - INFO - Parameters saved for D:/Atharva/Galvo_Scribber/Galvo_UI_2/QR/Barcode DXF/testdxf5.dxf
2026-10-10 16:03 - INFO - Parameters saved for D:/Atharva/Galvo_Scribber/Galvo_UI_2/QR/Barcode DXF/testdxf5.dxf
2026-10-10 16:04 - INFO - Galvo Laser Shutdown
2026-10-10 16:04 - CRITICAL - Laser 1 : OFF
2026-10-10 16:04 - CRITICAL - Laser 2 : OFF
2026-10-10 16:04 - INFO - Stepper Lasers Shutdown
2026-10-10 16:04 - INFO - COM connection close successfully
2026-10-10 16:04 - INFO - Main window close successfully
2026-10-10 16:04 - INFO - ==================================================
2026-10-10 16:04 - INFO - New session close at 2026-10-10 16:04
2026-10-10 16:04 - INFO - ==================================================
2026-10-10 16:04 - INFO - UI load successful
2026-10-10 16:04 - INFO - File selected : D:/Atharva/Galvo_Scribber/Galvo_UI_2/QR/Barcode DXF/testdxf5.dxf
2026-10-10 16:04 - INFO - Parameters saved for D:/Atharva/Galvo_Scribber/Galvo_UI_2/QR/Barcode DXF/testdxf5.dxf
2026-10-10 16:07 - INFO - UI load successful
2026-10-10 16:07 - INFO - File selected : D:/Atharva/Galvo_Scribber/Galvo_UI_2/QR/Barcode DXF/testdxf5.dxf
2026-10-10 16:07 - INFO - Parameters saved for D:/Atharva/Galvo_Scribber/Galvo_UI_2/QR/Barcode DXF/testdxf5.dxf
2026-10-10 16:09 - INFO - File selected : D:/Atharva/Galvo_Scribber/Galvo_UI_2/QR/Barcode DXF/newfile.dxf
2026-10-10 16:09 - INFO - Parameters saved for D:/Atharva/Galvo_Scribber/Galvo_UI_2/QR/Barcode DXF/newfile.dxf
2026-10-10 16:10 - INFO - Parameters saved for D:/Atharva/Galvo_Scribber/Galvo_UI_2/QR/Barcode DXF/newfile.dxf
2026-10-10 16:11 - INFO - Galvo Laser Shutdown
2026-10-10 16:11 - CRITICAL - Laser 1 : OFF
2026-10-10 16:11 - CRITICAL - Laser 2 : OFF
2026-10-10 16:11 - INFO - Stepper Lasers Shutdown
2026-10-10 16:11 - INFO - COM connection close successfully
2026-10-10 16:11 - INFO - Main window close successfully
2026-10-10 16:11 - INFO - ==================================================
2026-10-10 16:11 - INFO - New session close at 2026-10-10 16:11
2026-10-10 16:11 - INFO - ==================================================
2026-10-10 16:12 - INFO - UI load successful
2026-10-10 16:12 - INFO - File selected : D:/Atharva/Galvo_Scribber/Galvo_UI_2/QR/Barcode DXF/test1.dxf
2026-10-10 16:12 - INFO - Parameters saved for D:/Atharva/Galvo_Scribber/Galvo_UI_2/QR/Barcode DXF/test1.dxf
2026-10-10 16:13 - INFO - Parameters saved for D:/Atharva/Galvo_Scribber/Galvo_UI_2/QR/Barcode DXF/test1.dxf
2026-10-10 16:14 - INFO - File selected : D:/Atharva/Galvo_Scribber/Galvo_UI_2/svg_files/30to70square.svg
2026-10-10 16:14 - INFO - Parameters saved for D:/Atharva/Galvo_Scribber/Galvo_UI_2/svg_files/30to70square.svg
2026-10-10 16:14 - INFO - File selected : D:/Atharva/Galvo_Scribber/Galvo_UI_2/QR/Barcode DXF/test1.dxf
2026-10-10 16:14 - INFO - Parameters saved for D:/Atharva/Galvo_Scribber/Galvo_UI_2/QR/Barcode DXF/test1.dxf
2026-10-10 16:15 - INFO - File selected : D:/Atharva/Galvo_Scribber/Galvo_UI_2/QR/Barcode DXF/test1.svg
2026-10-10 16:15 - INFO - Parameters saved for D:/Atharva/Galvo_Scribber/Galvo_UI_2/QR/Barcode DXF/test1.svg
2026-10-10 16:15 - INFO - File selected : D:/Atharva/Galvo_Scribber/Galvo_UI_2/svg_files/Files/concentric_circles-20260831173907.dxf
2026-10-10 16:15 - INFO - Parameters saved for D:/Atharva/Galvo_Scribber/Galvo_UI_2/svg_files/Files/concentric_circles-20260831173907.dxf
2026-10-10 16:19 - INFO - Galvo Laser Shutdown
2026-10-10 16:19 - CRITICAL - Laser 1 : OFF
2026-10-10 16:19 - CRITICAL - Laser 2 : OFF
2026-10-10 16:19 - INFO - Stepper Lasers Shutdown
2026-10-10 16:19 - INFO - COM connection close successfully
2026-10-10 16:19 - INFO - Main window close successfully
2026-10-10 16:19 - INFO - ==================================================
2026-10-10 16:19 - INFO - New session close at 2026-10-10 16:19
2026-10-10 16:19 - INFO - ==================================================
2026-10-10 16:20 - INFO - UI load successful
2026-10-10 16:21 - INFO - File selected : D:/Atharva/Galvo_Scribber/Galvo_UI_2/QR/Barcode DXF/test2.dxf
2026-10-10 16:21 - INFO - Parameters saved for D:/Atharva/Galvo_Scribber/Galvo_UI_2/QR/Barcode DXF/test2.dxf
2026-10-10 16:22 - INFO - Parameters saved for D:/Atharva/Galvo_Scribber/Galvo_UI_2/QR/Barcode DXF/test2.dxf
2026-10-10 16:23 - INFO - >> Hardware Trigger: DI1 (Start) Pressed!
2026-10-10 16:23 - INFO - >> Hardware Trigger: DI2 (Abort) Pressed!
2026-10-10 16:32 - CRITICAL - Laser 1 : OFF
2026-10-10 16:32 - CRITICAL - Laser 2 : OFF
2026-10-10 16:32 - INFO - Stepper Lasers Shutdown
2026-10-10 16:32 - INFO - COM connection close successfully
2026-10-10 16:32 - INFO - Main window close successfully
2026-10-10 16:32 - INFO - ==================================================
2026-10-10 16:32 - INFO - New session close at 2026-10-10 16:32
2026-10-10 16:32 - INFO - ==================================================
2026-10-10 16:34 - INFO - UI load successful
2026-10-10 16:34 - CRITICAL - Laser 1 : OFF
2026-10-10 16:34 - CRITICAL - Laser 2 : OFF
2026-10-10 16:34 - INFO - Stepper Lasers Shutdown
2026-10-10 16:34 - INFO - COM connection close successfully
2026-10-10 16:34 - INFO - Main window close successfully
2026-10-10 16:34 - INFO - ==================================================
2026-10-10 16:34 - INFO - New session close at 2026-10-10 16:34
2026-10-10 16:34 - INFO - ==================================================
2026-10-10 16:36 - INFO - UI load successful
2026-10-10 16:38 - CRITICAL - Laser 1 : OFF
2026-10-10 16:38 - CRITICAL - Laser 2 : OFF
2026-10-10 16:38 - INFO - Stepper Lasers Shutdown
2026-10-10 16:38 - INFO - COM connection close successfully
2026-10-10 16:38 - INFO - Main window close successfully
2026-10-10 16:38 - INFO - ==================================================
2026-10-10 16:38 - INFO - New session close at 2026-10-10 16:38
2026-10-10 16:38 - INFO - ==================================================
2026-10-10 16:38 - INFO - UI load successful
2026-10-10 16:39 - INFO - File selected : D:/Atharva/Galvo_Scribber/Galvo_UI_2/QR/Barcode DXF/barcodetest.svg
2026-10-10 16:39 - INFO - Parameters saved for D:/Atharva/Galvo_Scribber/Galvo_UI_2/QR/Barcode DXF/barcodetest.svg
2026-10-10 16:41 - INFO - File selected : D:/Atharva/Galvo_Scribber/Galvo_UI_2/QR/Barcode DXF/barcodetest.svg
2026-10-10 16:41 - INFO - Parameters saved for D:/Atharva/Galvo_Scribber/Galvo_UI_2/QR/Barcode DXF/barcodetest.svg
2026-10-10 16:41 - INFO - Parameters saved for D:/Atharva/Galvo_Scribber/Galvo_UI_2/QR/Barcode DXF/barcodetest.svg
2026-10-10 16:42 - INFO - Parameters saved for D:/Atharva/Galvo_Scribber/Galvo_UI_2/QR/Barcode DXF/barcodetest.svg
2026-10-10 16:43 - INFO - File selected : D:/Atharva/Galvo_Scribber/Galvo_UI_2/QR/Barcode DXF/barcodetest1.svg
2026-10-10 16:43 - INFO - Parameters saved for D:/Atharva/Galvo_Scribber/Galvo_UI_2/QR/Barcode DXF/barcodetest1.svg
2026-10-10 16:49 - CRITICAL - Laser 1 : OFF
2026-10-10 16:49 - CRITICAL - Laser 2 : OFF
2026-10-10 16:49 - INFO - Stepper Lasers Shutdown
2026-10-10 16:49 - INFO - COM connection close successfully
2026-10-10 16:49 - INFO - Main window close successfully
2026-10-10 16:49 - INFO - ==================================================
2026-10-10 16:49 - INFO - New session close at 2026-10-10 16:49
2026-10-10 16:49 - INFO - ==================================================
2026-10-10 16:51 - INFO - UI load successful
2026-10-10 16:52 - INFO - File selected : D:/Atharva/Galvo_Scribber/Galvo_UI_2/QR/Barcode DXF/barcodetest1.svg
2026-10-10 16:52 - INFO - Parameters saved for D:/Atharva/Galvo_Scribber/Galvo_UI_2/QR/Barcode DXF/barcodetest1.svg
2026-10-10 17:06 - INFO - Galvo Laser Shutdown
2026-10-10 17:06 - CRITICAL - Laser 1 : OFF
2026-10-10 17:06 - CRITICAL - Laser 2 : OFF
2026-10-10 17:06 - INFO - Stepper Lasers Shutdown
2026-10-10 17:06 - INFO - COM connection close successfully
2026-10-10 17:06 - INFO - Main window close successfully
2026-10-10 17:06 - INFO - ==================================================
2026-10-10 17:06 - INFO - New session close at 2026-10-10 17:06
2026-10-10 17:06 - INFO - ==================================================
