  0
SECTION
  2
HEADER
  9
$ACADVER
  1
AC1014
  9
$HANDSEED
  5
FFFF
  9
$INSUNITS
 70
     4
  9
$MEASUREMENT
 70
     1
  0
ENDSEC
  0
SECTION
  2
TABLES
  0
TABLE
  2
VPORT
  5
8
330
0
100
AcDbSymbolTable
 70
     4
  0
VPORT
  5
2E
330
8
100
AcDbSymbolTableRecord
100
AcDbViewportTableRecord
  2
*ACTIVE
 70
     0
 10
0.0
 20
0.0
 11
1.0
 21
1.0
 12
210.0
 22
148.5
 13
0.0
 23
0.0
 14
10.0
 24
10.0
 15
10.0
 25
10.0
 16
0.0
 26
0.0
 36
1.0
 17
0.0
 27
0.0
 37
0.0
 40
341.0
 41
1.24
 42
50.0
 43
0.0
 44
0.0
 50
0.0
 51
0.0
 71
     0
 72
   100
 73
     1
 74
     3
 75
     0
 76
     0
 77
     0
 78
     0
  0
ENDTAB
  0
TABLE
  2
LTYPE
  5
5
330
0
100
AcDbSymbolTable
 70
     1
  0
LTYPE
  5
14
330
5
100
AcDbSymbolTableRecord
100
AcDbLinetypeTableRecord
  2
BYBLOCK
 70
     0
  3

 72
    65
 73
     0
 40
0.0
  0
LTYPE
  5
15
330
5
100
AcDbSymbolTableRecord
100
AcDbLinetypeTableRecord
  2
BYLAYER
 70
     0
  3

 72
    65
 73
     0
 40
0.0
  0
LTYPE
  5
16
330
5
100
AcDbSymbolTableRecord
100
AcDbLinetypeTableRecord
  2
CONTINUOUS
 70
     0
  3
Solid line
 72
    65
 73
     0
 40
0.0
  0
ENDTAB
  0
TABLE
  2
LAYER
  5
2
100
AcDbSymbolTable
 70
1
  0
LAYER
  5
50
100
AcDbSymbolTableRecord
100
AcDbLayerTableRecord
  2
0
 70
0
  6
CONTINUOUS
  0
ENDTAB
  0
TABLE
  2
STYLE
  5
3
330
0
100
AcDbSymbolTable
 70
     1
  0
STYLE
  5
11
330
3
100
AcDbSymbolTableRecord
100
AcDbTextStyleTableRecord
  2
STANDARD
 70
     0
 40
0.0
 41
1.0
 50
0.0
 71
     0
 42
2.5
  3
txt
  4

  0
ENDTAB
  0
TABLE
  2
VIEW
  5
6
330
0
100
AcDbSymbolTable
 70
     0
  0
ENDTAB
  0
TABLE
  2
UCS
  5
7
330
0
100
AcDbSymbolTable
 70
     0
  0
ENDTAB
  0
TABLE
  2
APPID
  5
9
330
0
100
AcDbSymbolTable
 70
     2
  0
APPID
  5
12
330
9
100
AcDbSymbolTableRecord
100
AcDbRegAppTableRecord
  2
ACAD
 70
     0
  0
ENDTAB
  0
TABLE
  2
DIMSTYLE
  5
A
330
0
100
AcDbSymbolTable
 70
     1
  0
DIMSTYLE
105
27
330
A
100
AcDbSymbolTableRecord
100
AcDbDimStyleTableRecord
  2
ISO-25
 70
     0
  3

  4

  5

  6

  7

 40
1.0
 41
2.5
 42
0.625
 43
3.75
 44
1.25
 45
0.0
 46
0.0
 47
0.0
 48
0.0
140
2.5
141
2.5
142
0.0
143
0.03937007874016
144
1.0
145
0.0
146
1.0
147
0.625
 71
     0
 72
     0
 73
     0
 74
     0
 75
     0
 76
     0
 77
     1
 78
     8
170
     0
171
     3
172
     1
173
     0
174
     0
175
     0
176
     0
177
     0
178
     0
270
     2
271
     2
272
     2
273
     2
274
     3
340
11
275
     0
280
     0
281
     0
282
     0
283
     0
284
     8
285
     0
286
     0
287
     3
288
     0
  0
ENDTAB
  0
TABLE
  2
BLOCK_RECORD
  5
1
330
0
100
AcDbSymbolTable
 70
     1
  0
BLOCK_RECORD
  5
1F
330
1
100
AcDbSymbolTableRecord
100
AcDbBlockTableRecord
  2
*MODEL_SPACE
  0
BLOCK_RECORD
  5
1B
330
1
100
AcDbSymbolTableRecord
100
AcDbBlockTableRecord
  2
*PAPER_SPACE
  0
ENDTAB
  0
ENDSEC
  0
SECTION
  2
BLOCKS
  0
BLOCK
  5
20
330
1F
100
AcDbEntity
  8
0
100
AcDbBlockBegin
  2
*MODEL_SPACE
 70
     0
 10
0.0
 20
0.0
 30
0.0
  3
*MODEL_SPACE
  1

  0
ENDBLK
  5
21
330
1F
100
AcDbEntity
  8
0
100
AcDbBlockEnd
  0
BLOCK
  5
1C
330
1B
100
AcDbEntity
 67
     1
  8
0
100
AcDbBlockBegin
  2
*PAPER_SPACE
  1

  0
ENDBLK
  5
1D
330
1B
100
AcDbEntity
 67
     1
  8
0
100
AcDbBlockEnd
  0
ENDSEC
  0
SECTION
  2
ENTITIES
  0
LINE
  5
100
100
AcDbEntity
  8
0
 62
7
100
AcDbLine
 10
34.625763
 20
289.847420
 30
0.0
 11
56.724161
 21
289.847420
 31
0.0
  0
LINE
  5
101
100
AcDbEntity
  8
0
 62
7
100
AcDbLine
 10
56.724161
 20
289.847420
 30
0.0
 11
56.724161
 21
223.184207
 31
0.0
  0
LINE
  5
102
100
AcDbEntity
  8
0
 62
7
100
AcDbLine
 10
56.724161
 20
223.184207
 30
0.0
 11
56.321890
 21
223.184207
 31
0.0
  0
SPLINE
  5
103
100
AcDbEntity
  8
0
 62
7
100
AcDbSpline
 70
8
 71
3
 72
8
 73
4
 74
0
 40
0
 40
0
 40
0
 40
0
 40
1
 40
1
 40
1
 40
1
 10
56.321890
 20
223.184207
 30
0.0
 10
56.309026
 20
223.220818
 30
0.0
 10
56.296230
 20
223.256715
 30
0.0
 10
56.284474
 20
223.286713
 30
0.0
  0
SPLINE
  5
104
100
AcDbEntity
  8
0
 62
7
100
AcDbSpline
 70
8
 71
3
 72
8
 73
4
 74
0
 40
0
 40
0
 40
0
 40
0
 40
1
 40
1
 40
1
 40
1
 10
56.284474
 20
223.286713
 30
0.0
 10
56.270535
 20
223.322295
 30
0.0
 10
56.258310
 20
223.349480
 30
0.0
 10
56.246017
 20
223.376665
 30
0.0
  0
SPLINE
  5
105
100
AcDbEntity
  8
0
 62
7
100
AcDbSpline
 70
8
 71
3
 72
8
 73
4
 74
0
 40
0
 40
0
 40
0
 40
0
 40
1
 40
1
 40
1
 40
1
 10
56.246017
 20
223.376665
 30
0.0
 10
56.204134
 20
223.439768
 30
0.0
 10
56.153418
 20
223.499765
 30
0.0
 10
56.092021
 20
223.555226
 30
0.0
  0
SPLINE
  5
106
100
AcDbEntity
  8
0
 62
7
100
AcDbSpline
 70
8
 71
3
 72
8
 73
4
 74
0
 40
0
 40
0
 40
0
 40
0
 40
1
 40
1
 40
1
 40
1
 10
56.092021
 20
223.555226
 30
0.0
 10
55.933020
 20
223.698563
 30
0.0
 10
55.719306
 20
223.818828
 30
0.0
 10
55.510663
 20
223.925532
 30
0.0
  0
SPLINE
  5
107
100
AcDbEntity
  8
0
 62
7
100
AcDbSpline
 70
8
 71
3
 72
8
 73
4
 74
0
 40
0
 40
0
 40
0
 40
0
 40
1
 40
1
 40
1
 40
1
 10
55.510663
 20
223.925532
 30
0.0
 10
55.499546
 20
223.933573
 30
0.0
 10
55.486145
 20
223.940542
 30
0.0
 10
55.471064
 20
223.945412
 30
0.0
  0
SPLINE
  5
108
100
AcDbEntity
  8
0
 62
7
100
AcDbSpline
 70
8
 71
3
 72
8
 73
4
 74
0
 40
0
 40
0
 40
0
 40
0
 40
1
 40
1
 40
1
 40
1
 10
55.471064
 20
223.945412
 30
0.0
 10
55.427569
 20
223.964221
 30
0.0
 10
55.385753
 20
223.965964
 30
0.0
 10
55.349479
 20
223.956559
 30
0.0
  0
LINE
  5
109
100
AcDbEntity
  8
0
 62
7
100
AcDbLine
 10
55.349479
 20
223.956559
 30
0.0
 11
54.964539
 21
223.956559
 31
0.0
  0
SPLINE
  5
10a
100
AcDbEntity
  8
0
 62
7
100
AcDbSpline
 70
8
 71
3
 72
8
 73
4
 74
0
 40
0
 40
0
 40
0
 40
0
 40
1
 40
1
 40
1
 40
1
 10
54.964539
 20
223.956559
 30
0.0
 10
54.916576
 20
224.014750
 30
0.0
 10
54.869084
 20
224.073718
 30
0.0
 10
54.822801
 20
224.132287
 30
0.0
  0
SPLINE
  5
10b
100
AcDbEntity
  8
0
 62
7
100
AcDbSpline
 70
8
 71
3
 72
8
 73
4
 74
0
 40
0
 40
0
 40
0
 40
0
 40
1
 40
1
 40
1
 40
1
 10
54.822801
 20
224.132287
 30
0.0
 10
54.818301
 20
224.156344
 30
0.0
 10
54.802145
 20
224.179016
 30
0.0
 10
54.770909
 20
224.197153
 30
0.0
  0
SPLINE
  5
10c
100
AcDbEntity
  8
0
 62
7
100
AcDbSpline
 70
8
 71
3
 72
8
 73
4
 74
0
 40
0
 40
0
 40
0
 40
0
 40
1
 40
1
 40
1
 40
1
 10
54.770909
 20
224.197153
 30
0.0
 10
54.497008
 20
224.545837
 30
0.0
 10
54.238085
 20
224.900839
 30
0.0
 10
53.974763
 20
225.252672
 30
0.0
  0
SPLINE
  5
10d
100
AcDbEntity
  8
0
 62
7
100
AcDbSpline
 70
8
 71
3
 72
8
 73
4
 74
0
 40
0
 40
0
 40
0
 40
0
 40
1
 40
1
 40
1
 40
1
 10
53.974763
 20
225.252672
 30
0.0
 10
53.629993
 20
225.712636
 30
0.0
 10
53.288010
 20
226.173609
 30
0.0
 10
52.946531
 20
226.634979
 30
0.0
  0
SPLINE
  5
10e
100
AcDbEntity
  8
0
 62
7
100
AcDbSpline
 70
8
 71
3
 72
8
 73
4
 74
0
 40
0
 40
0
 40
0
 40
0
 40
1
 40
1
 40
1
 40
1
 10
52.946531
 20
226.634979
 30
0.0
 10
52.941493
 20
226.645077
 30
0.0
 10
52.934238
 20
226.654817
 30
0.0
 10
52.925875
 20
226.663193
 30
0.0
  0
SPLINE
  5
10f
100
AcDbEntity
  8
0
 62
7
100
AcDbSpline
 70
8
 71
3
 72
8
 73
4
 74
0
 40
0
 40
0
 40
0
 40
0
 40
1
 40
1
 40
1
 40
1
 10
52.925875
 20
226.663193
 30
0.0
 10
52.855577
 20
226.758394
 30
0.0
 10
52.785817
 20
226.853237
 30
0.0
 10
52.715553
 20
226.948459
 30
0.0
  0
SPLINE
  5
110
100
AcDbEntity
  8
0
 62
7
100
AcDbSpline
 70
8
 71
3
 72
8
 73
4
 74
0
 40
0
 40
0
 40
0
 40
0
 40
1
 40
1
 40
1
 40
1
 10
52.715553
 20
226.948459
 30
0.0
 10
52.709944
 20
226.960341
 30
0.0
 10
52.701614
 20
226.971467
 30
0.0
 10
52.691538
 20
226.981564
 30
0.0
  0
SPLINE
  5
111
100
AcDbEntity
  8
0
 62
7
100
AcDbSpline
 70
8
 71
3
 72
8
 73
4
 74
0
 40
0
 40
0
 40
0
 40
0
 40
1
 40
1
 40
1
 40
1
 10
52.691538
 20
226.981564
 30
0.0
 10
52.661982
 20
227.021303
 30
0.0
 10
52.632425
 20
227.061440
 30
0.0
 10
52.603372
 20
227.101158
 30
0.0
  0
SPLINE
  5
112
100
AcDbEntity
  8
0
 62
7
100
AcDbSpline
 70
8
 71
3
 72
8
 73
4
 74
0
 40
0
 40
0
 40
0
 40
0
 40
1
 40
1
 40
1
 40
1
 10
52.603372
 20
227.101158
 30
0.0
 10
52.601189
 20
227.126601
 30
0.0
 10
52.585571
 20
227.151057
 30
0.0
 10
52.552622
 20
227.170223
 30
0.0
  0
SPLINE
  5
113
100
AcDbEntity
  8
0
 62
7
100
AcDbSpline
 70
8
 71
3
 72
8
 73
4
 74
0
 40
0
 40
0
 40
0
 40
0
 40
1
 40
1
 40
1
 40
1
 10
52.552622
 20
227.170223
 30
0.0
 10
52.366248
 20
227.424420
 30
0.0
 10
52.179908
 20
227.678617
 30
0.0
 10
51.994171
 20
227.932814
 30
0.0
  0
SPLINE
  5
114
100
AcDbEntity
  8
0
 62
7
100
AcDbSpline
 70
8
 71
3
 72
8
 73
4
 74
0
 40
0
 40
0
 40
0
 40
0
 40
1
 40
1
 40
1
 40
1
 10
51.994171
 20
227.932814
 30
0.0
 10
51.987488
 20
227.949188
 30
0.0
 10
51.976874
 20
227.964575
 30
0.0
 10
51.961256
 20
227.977485
 30
0.0
  0
SPLINE
  5
115
100
AcDbEntity
  8
0
 62
7
100
AcDbSpline
 70
8
 71
3
 72
8
 73
4
 74
0
 40
0
 40
0
 40
0
 40
0
 40
1
 40
1
 40
1
 40
1
 10
51.961256
 20
227.977485
 30
0.0
 10
51.879237
 20
228.089417
 30
0.0
 10
51.797788
 20
228.201348
 30
0.0
 10
51.716340
 20
228.313280
 30
0.0
  0
SPLINE
  5
116
100
AcDbEntity
  8
0
 62
7
100
AcDbSpline
 70
8
 71
3
 72
8
 73
4
 74
0
 40
0
 40
0
 40
0
 40
0
 40
1
 40
1
 40
1
 40
1
 10
51.716340
 20
228.313280
 30
0.0
 10
51.710193
 20
228.330389
 30
0.0
 10
51.699042
 20
228.346763
 30
0.0
 10
51.682249
 20
228.360009
 30
0.0
  0
SPLINE
  5
117
100
AcDbEntity
  8
0
 62
7
100
AcDbSpline
 70
8
 71
3
 72
8
 73
4
 74
0
 40
0
 40
0
 40
0
 40
0
 40
1
 40
1
 40
1
 40
1
 10
51.682249
 20
228.360009
 30
0.0
 10
51.467460
 20
228.655372
 30
0.0
 10
51.253242
 20
228.951071
 30
0.0
 10
51.040099
 20
229.246770
 30
0.0
  0
SPLINE
  5
118
100
AcDbEntity
  8
0
 62
7
100
AcDbSpline
 70
8
 71
3
 72
8
 73
4
 74
0
 40
0
 40
0
 40
0
 40
0
 40
1
 40
1
 40
1
 40
1
 10
51.040099
 20
229.246770
 30
0.0
 10
51.035061
 20
229.257224
 30
0.0
 10
51.027773
 20
229.266986
 30
0.0
 10
51.018839
 20
229.275718
 30
0.0
  0
SPLINE
  5
119
100
AcDbEntity
  8
0
 62
7
100
AcDbSpline
 70
8
 71
3
 72
8
 73
4
 74
0
 40
0
 40
0
 40
0
 40
0
 40
1
 40
1
 40
1
 40
1
 10
51.018839
 20
229.275718
 30
0.0
 10
50.989282
 20
229.316864
 30
0.0
 10
50.960296
 20
229.357631
 30
0.0
 10
50.930135
 20
229.398440
 30
0.0
  0
SPLINE
  5
11a
100
AcDbEntity
  8
0
 62
7
100
AcDbSpline
 70
8
 71
3
 72
8
 73
4
 74
0
 40
0
 40
0
 40
0
 40
0
 40
1
 40
1
 40
1
 40
1
 10
50.930135
 20
229.398440
 30
0.0
 10
50.924022
 20
229.412064
 30
0.0
 10
50.915088
 20
229.425310
 30
0.0
 10
50.902795
 20
229.436793
 30
0.0
  0
SPLINE
  5
11b
100
AcDbEntity
  8
0
 62
7
100
AcDbSpline
 70
8
 71
3
 72
8
 73
4
 74
0
 40
0
 40
0
 40
0
 40
0
 40
1
 40
1
 40
1
 40
1
 10
50.902795
 20
229.436793
 30
0.0
 10
50.845328
 20
229.516648
 30
0.0
 10
50.787894
 20
229.596860
 30
0.0
 10
50.729822
 20
229.676715
 30
0.0
  0
SPLINE
  5
11c
100
AcDbEntity
  8
0
 62
7
100
AcDbSpline
 70
8
 71
3
 72
8
 73
4
 74
0
 40
0
 40
0
 40
0
 40
0
 40
1
 40
1
 40
1
 40
1
 10
50.729822
 20
229.676715
 30
0.0
 10
50.724247
 20
229.689269
 30
0.0
 10
50.715884
 20
229.701108
 30
0.0
 10
50.704733
 20
229.711941
 30
0.0
  0
SPLINE
  5
11d
100
AcDbEntity
  8
0
 62
7
100
AcDbSpline
 70
8
 71
3
 72
8
 73
4
 74
0
 40
0
 40
0
 40
0
 40
0
 40
1
 40
1
 40
1
 40
1
 10
50.704733
 20
229.711941
 30
0.0
 10
50.361608
 20
230.190021
 30
0.0
 10
50.020196
 20
230.668459
 30
0.0
 10
49.679893
 20
231.147212
 30
0.0
  0
SPLINE
  5
11e
100
AcDbEntity
  8
0
 62
7
100
AcDbSpline
 70
8
 71
3
 72
8
 73
4
 74
0
 40
0
 40
0
 40
0
 40
0
 40
1
 40
1
 40
1
 40
1
 10
49.679893
 20
231.147212
 30
0.0
 10
49.438872
 20
231.486491
 30
0.0
 10
49.198994
 20
231.826505
 30
0.0
 10
48.960191
 20
232.167170
 30
0.0
  0
SPLINE
  5
11f
100
AcDbEntity
  8
0
 62
7
100
AcDbSpline
 70
8
 71
3
 72
8
 73
4
 74
0
 40
0
 40
0
 40
0
 40
0
 40
1
 40
1
 40
1
 40
1
 10
48.960191
 20
232.167170
 30
0.0
 10
48.955690
 20
232.177288
 30
0.0
 10
48.949040
 20
232.186672
 30
0.0
 10
48.940643
 20
232.195404
 30
0.0
  0
SPLINE
  5
120
100
AcDbEntity
  8
0
 62
7
100
AcDbSpline
 70
8
 71
3
 72
8
 73
4
 74
0
 40
0
 40
0
 40
0
 40
0
 40
1
 40
1
 40
1
 40
1
 10
48.940643
 20
232.195404
 30
0.0
 10
48.386054
 20
232.989064
 30
0.0
 10
47.842650
 20
233.787237
 30
0.0
 10
47.334412
 20
234.596599
 30
0.0
  0
SPLINE
  5
121
100
AcDbEntity
  8
0
 62
7
100
AcDbSpline
 70
8
 71
3
 72
8
 73
4
 74
0
 40
0
 40
0
 40
0
 40
0
 40
1
 40
1
 40
1
 40
1
 10
47.334412
 20
234.596599
 30
0.0
 10
47.333270
 20
234.623113
 30
0.0
 10
47.315402
 20
234.648891
 30
0.0
 10
47.288666
 20
234.669842
 30
0.0
  0
SPLINE
  5
122
100
AcDbEntity
  8
0
 62
7
100
AcDbSpline
 70
8
 71
3
 72
8
 73
4
 74
0
 40
0
 40
0
 40
0
 40
0
 40
1
 40
1
 40
1
 40
1
 10
47.288666
 20
234.669842
 30
0.0
 10
47.197175
 20
234.815949
 30
0.0
 10
47.106793
 20
234.963084
 30
0.0
 10
47.017518
 20
235.109926
 30
0.0
  0
SPLINE
  5
123
100
AcDbEntity
  8
0
 62
7
100
AcDbSpline
 70
8
 71
3
 72
8
 73
4
 74
0
 40
0
 40
0
 40
0
 40
0
 40
1
 40
1
 40
1
 40
1
 10
47.017518
 20
235.109926
 30
0.0
 10
47.012480
 20
235.126678
 30
0.0
 10
47.003546
 20
235.142695
 30
0.0
 10
46.989608
 20
235.156298
 30
0.0
  0
SPLINE
  5
124
100
AcDbEntity
  8
0
 62
7
100
AcDbSpline
 70
8
 71
3
 72
8
 73
4
 74
0
 40
0
 40
0
 40
0
 40
0
 40
1
 40
1
 40
1
 40
1
 10
46.989608
 20
235.156298
 30
0.0
 10
46.943862
 20
235.231619
 30
0.0
 10
46.899191
 20
235.306919
 30
0.0
 10
46.854588
 20
235.382597
 30
0.0
  0
SPLINE
  5
125
100
AcDbEntity
  8
0
 62
7
100
AcDbSpline
 70
8
 71
3
 72
8
 73
4
 74
0
 40
0
 40
0
 40
0
 40
0
 40
1
 40
1
 40
1
 40
1
 10
46.854588
 20
235.382597
 30
0.0
 10
46.850658
 20
235.392022
 30
0.0
 10
46.845654
 20
235.401448
 30
0.0
 10
46.838433
 20
235.409824
 30
0.0
  0
SPLINE
  5
126
100
AcDbEntity
  8
0
 62
7
100
AcDbSpline
 70
8
 71
3
 72
8
 73
4
 74
0
 40
0
 40
0
 40
0
 40
0
 40
1
 40
1
 40
1
 40
1
 10
46.838433
 20
235.409824
 30
0.0
 10
46.698341
 20
235.646954
 30
0.0
 10
46.561676
 20
235.884378
 30
0.0
 10
46.429477
 20
236.122894
 30
0.0
  0
SPLINE
  5
127
100
AcDbEntity
  8
0
 62
7
100
AcDbSpline
 70
8
 71
3
 72
8
 73
4
 74
0
 40
0
 40
0
 40
0
 40
0
 40
1
 40
1
 40
1
 40
1
 10
46.429477
 20
236.122894
 30
0.0
 10
46.293920
 20
236.368400
 30
0.0
 10
46.143282
 20
236.619826
 30
0.0
 10
46.040070
 20
236.876458
 30
0.0
  0
SPLINE
  5
128
100
AcDbEntity
  8
0
 62
7
100
AcDbSpline
 70
8
 71
3
 72
8
 73
4
 74
0
 40
0
 40
0
 40
0
 40
0
 40
1
 40
1
 40
1
 40
1
 10
46.040070
 20
236.876458
 30
0.0
 10
46.293920
 20
236.877507
 30
0.0
 10
46.547771
 20
236.878557
 30
0.0
 10
46.802159
 20
236.879628
 30
0.0
  0
SPLINE
  5
129
100
AcDbEntity
  8
0
 62
7
100
AcDbSpline
 70
8
 71
3
 72
8
 73
4
 74
0
 40
0
 40
0
 40
0
 40
0
 40
1
 40
1
 40
1
 40
1
 10
46.802159
 20
236.879628
 30
0.0
 10
47.004688
 20
236.889746
 30
0.0
 10
47.000188
 20
237.119886
 30
0.0
 10
46.788186
 20
237.119886
 30
0.0
  0
LINE
  5
12a
100
AcDbEntity
  8
0
 62
7
100
AcDbLine
 10
46.788186
 20
237.119886
 30
0.0
 11
45.709170
 21
237.119886
 31
0.0
  0
SPLINE
  5
12b
100
AcDbEntity
  8
0
 62
7
100
AcDbSpline
 70
8
 71
3
 72
8
 73
4
 74
0
 40
0
 40
0
 40
0
 40
0
 40
1
 40
1
 40
1
 40
1
 10
45.709170
 20
237.119886
 30
0.0
 10
45.698020
 20
237.147428
 30
0.0
 10
45.686835
 20
237.174970
 30
0.0
 10
45.676289
 20
237.202533
 30
0.0
  0
LINE
  5
12c
100
AcDbEntity
  8
0
 62
7
100
AcDbLine
 10
45.676289
 20
237.202533
 30
0.0
 11
46.788186
 21
237.202533
 31
0.0
  0
SPLINE
  5
12d
100
AcDbEntity
  8
0
 62
7
100
AcDbSpline
 70
8
 71
3
 72
8
 73
4
 74
0
 40
0
 40
0
 40
0
 40
0
 40
1
 40
1
 40
1
 40
1
 10
46.788186
 20
237.202533
 30
0.0
 10
47.005226
 20
237.202533
 30
0.0
 10
47.005226
 20
237.441048
 30
0.0
 10
46.788186
 20
237.441048
 30
0.0
  0
LINE
  5
12e
100
AcDbEntity
  8
0
 62
7
100
AcDbLine
 10
46.788186
 20
237.441048
 30
0.0
 11
46.376410
 21
237.441048
 31
0.0
  0
LINE
  5
12f
100
AcDbEntity
  8
0
 62
7
100
AcDbLine
 10
46.376410
 20
237.441048
 30
0.0
 11
46.376410
 21
238.644081
 31
0.0
  0
LINE
  5
130
100
AcDbEntity
  8
0
 62
7
100
AcDbLine
 10
46.376410
 20
238.644081
 30
0.0
 11
46.788186
 21
238.644081
 31
0.0
  0
SPLINE
  5
131
100
AcDbEntity
  8
0
 62
7
100
AcDbSpline
 70
8
 71
3
 72
8
 73
4
 74
0
 40
0
 40
0
 40
0
 40
0
 40
1
 40
1
 40
1
 40
1
 10
46.788186
 20
238.644081
 30
0.0
 10
47.005226
 20
238.644081
 30
0.0
 10
47.005226
 20
238.882932
 30
0.0
 10
46.788186
 20
238.882932
 30
0.0
  0
LINE
  5
132
100
AcDbEntity
  8
0
 62
7
100
AcDbLine
 10
46.788186
 20
238.882932
 30
0.0
 11
45.001190
 21
238.882932
 31
0.0
  0
SPLINE
  5
133
100
AcDbEntity
  8
0
 62
7
100
AcDbSpline
 70
8
 71
3
 72
8
 73
4
 74
0
 40
0
 40
0
 40
0
 40
0
 40
1
 40
1
 40
1
 40
1
 10
45.001190
 20
238.882932
 30
0.0
 10
44.791977
 20
239.400752
 30
0.0
 10
44.581655
 20
239.918592
 30
0.0
 10
44.369620
 20
240.436055
 30
0.0
  0
SPLINE
  5
134
100
AcDbEntity
  8
0
 62
7
100
AcDbSpline
 70
8
 71
3
 72
8
 73
4
 74
0
 40
0
 40
0
 40
0
 40
0
 40
1
 40
1
 40
1
 40
1
 10
44.369620
 20
240.436055
 30
0.0
 10
44.094543
 20
241.002724
 30
0.0
 10
43.835721
 20
241.650969
 30
0.0
 10
43.595272
 20
242.227714
 30
0.0
  0
SPLINE
  5
135
100
AcDbEntity
  8
0
 62
7
100
AcDbSpline
 70
8
 71
3
 72
8
 73
4
 74
0
 40
0
 40
0
 40
0
 40
0
 40
1
 40
1
 40
1
 40
1
 10
43.595272
 20
242.227714
 30
0.0
 10
43.593593
 20
242.232249
 30
0.0
 10
43.591947
 20
242.237140
 30
0.0
 10
43.589092
 20
242.242010
 30
0.0
  0
SPLINE
  5
136
100
AcDbEntity
  8
0
 62
7
100
AcDbSpline
 70
8
 71
3
 72
8
 73
4
 74
0
 40
0
 40
0
 40
0
 40
0
 40
1
 40
1
 40
1
 40
1
 10
43.589092
 20
242.242010
 30
0.0
 10
43.358685
 20
242.797154
 30
0.0
 10
43.144467
 20
243.354733
 30
0.0
 10
42.935254
 20
243.912984
 30
0.0
  0
SPLINE
  5
137
100
AcDbEntity
  8
0
 62
7
100
AcDbSpline
 70
8
 71
3
 72
8
 73
4
 74
0
 40
0
 40
0
 40
0
 40
0
 40
1
 40
1
 40
1
 40
1
 10
42.935254
 20
243.912984
 30
0.0
 10
42.454355
 20
245.194486
 30
0.0
 10
42.006875
 20
246.481887
 30
0.0
 10
41.595166
 20
247.772458
 30
0.0
  0
SPLINE
  5
138
100
AcDbEntity
  8
0
 62
7
100
AcDbSpline
 70
8
 71
3
 72
8
 73
4
 74
0
 40
0
 40
0
 40
0
 40
0
 40
1
 40
1
 40
1
 40
1
 10
41.595166
 20
247.772458
 30
0.0
 10
41.571756
 20
247.845344
 30
0.0
 10
41.548279
 20
247.917851
 30
0.0
 10
41.525406
 20
247.990737
 30
0.0
  0
SPLINE
  5
139
100
AcDbEntity
  8
0
 62
7
100
AcDbSpline
 70
8
 71
3
 72
8
 73
4
 74
0
 40
0
 40
0
 40
0
 40
0
 40
1
 40
1
 40
1
 40
1
 10
41.525406
 20
247.990737
 30
0.0
 10
41.495849
 20
248.083859
 30
0.0
 10
41.558355
 20
248.227174
 30
0.0
 10
41.587911
 20
248.320276
 30
0.0
  0
SPLINE
  5
13a
100
AcDbEntity
  8
0
 62
7
100
AcDbSpline
 70
8
 71
3
 72
8
 73
4
 74
0
 40
0
 40
0
 40
0
 40
0
 40
1
 40
1
 40
1
 40
1
 10
41.587911
 20
248.320276
 30
0.0
 10
41.607459
 20
248.381972
 30
0.0
 10
41.633119
 20
248.443375
 30
0.0
 10
41.666001
 20
248.503350
 30
0.0
  0
SPLINE
  5
13b
100
AcDbEntity
  8
0
 62
7
100
AcDbSpline
 70
8
 71
3
 72
8
 73
4
 74
0
 40
0
 40
0
 40
0
 40
0
 40
1
 40
1
 40
1
 40
1
 10
41.666001
 20
248.503350
 30
0.0
 10
41.952733
 20
248.522516
 30
0.0
 10
42.233991
 20
248.595759
 30
0.0
 10
42.482232
 20
248.679456
 30
0.0
  0
SPLINE
  5
13c
100
AcDbEntity
  8
0
 62
7
100
AcDbSpline
 70
8
 71
3
 72
8
 73
4
 74
0
 40
0
 40
0
 40
0
 40
0
 40
1
 40
1
 40
1
 40
1
 10
42.482232
 20
248.679456
 30
0.0
 10
42.691479
 20
248.749549
 30
0.0
 10
42.917385
 20
248.850649
 30
0.0
 10
43.013948
 20
248.987393
 30
0.0
  0
LINE
  5
13d
100
AcDbEntity
  8
0
 62
7
100
AcDbLine
 10
43.013948
 20
248.987393
 30
0.0
 11
43.058014
 21
248.987393
 31
0.0
  0
SPLINE
  5
13e
100
AcDbEntity
  8
0
 62
7
100
AcDbSpline
 70
8
 71
3
 72
8
 73
4
 74
0
 40
0
 40
0
 40
0
 40
0
 40
1
 40
1
 40
1
 40
1
 10
43.058014
 20
248.987393
 30
0.0
 10
43.310219
 20
248.987393
 30
0.0
 10
43.310219
 20
249.223453
 30
0.0
 10
43.058014
 20
249.223453
 30
0.0
  0
LINE
  5
13f
100
AcDbEntity
  8
0
 62
7
100
AcDbLine
 10
43.058014
 20
249.223453
 30
0.0
 11
42.866098
 21
249.223453
 31
0.0
  0
LINE
  5
140
100
AcDbEntity
  8
0
 62
7
100
AcDbLine
 10
42.866098
 20
249.223453
 30
0.0
 11
42.729970
 21
249.223453
 31
0.0
  0
LINE
  5
141
100
AcDbEntity
  8
0
 62
7
100
AcDbLine
 10
42.729970
 20
249.223453
 30
0.0
 11
42.729970
 21
249.534812
 31
0.0
  0
SPLINE
  5
142
100
AcDbEntity
  8
0
 62
7
100
AcDbSpline
 70
8
 71
3
 72
8
 73
4
 74
0
 40
0
 40
0
 40
0
 40
0
 40
1
 40
1
 40
1
 40
1
 10
42.729970
 20
249.534812
 30
0.0
 10
42.729970
 20
249.599007
 30
0.0
 10
42.641233
 20
249.653020
 30
0.0
 10
42.535233
 20
249.653020
 30
0.0
  0
LINE
  5
143
100
AcDbEntity
  8
0
 62
7
100
AcDbLine
 10
42.535233
 20
249.653020
 30
0.0
 11
42.131315
 21
249.653020
 31
0.0
  0
LINE
  5
144
100
AcDbEntity
  8
0
 62
7
100
AcDbLine
 10
42.131315
 20
249.653020
 30
0.0
 11
42.131315
 21
249.811345
 31
0.0
  0
SPLINE
  5
145
100
AcDbEntity
  8
0
 62
7
100
AcDbSpline
 70
8
 71
3
 72
8
 73
4
 74
0
 40
0
 40
0
 40
0
 40
0
 40
1
 40
1
 40
1
 40
1
 10
42.131315
 20
249.811345
 30
0.0
 10
42.131315
 20
249.875854
 30
0.0
 10
42.042545
 20
249.929553
 30
0.0
 10
41.936578
 20
249.929553
 30
0.0
  0
LINE
  5
146
100
AcDbEntity
  8
0
 62
7
100
AcDbLine
 10
41.936578
 20
249.929553
 30
0.0
 11
41.268197
 21
249.929553
 31
0.0
  0
SPLINE
  5
147
100
AcDbEntity
  8
0
 62
7
100
AcDbSpline
 70
8
 71
3
 72
8
 73
4
 74
0
 40
0
 40
0
 40
0
 40
0
 40
1
 40
1
 40
1
 40
1
 10
41.268197
 20
249.929553
 30
0.0
 10
41.176168
 20
250.061364
 30
0.0
 10
41.084677
 20
250.236756
 30
0.0
 10
41.012667
 20
250.390525
 30
0.0
  0
SPLINE
  5
148
100
AcDbEntity
  8
0
 62
7
100
AcDbSpline
 70
8
 71
3
 72
8
 73
4
 74
0
 40
0
 40
0
 40
0
 40
0
 40
1
 40
1
 40
1
 40
1
 10
41.012667
 20
250.390525
 30
0.0
 10
40.882719
 20
250.668800
 30
0.0
 10
40.777826
 20
250.951232
 30
0.0
 10
40.680189
 20
251.234042
 30
0.0
  0
SPLINE
  5
149
100
AcDbEntity
  8
0
 62
7
100
AcDbSpline
 70
8
 71
3
 72
8
 73
4
 74
0
 40
0
 40
0
 40
0
 40
0
 40
1
 40
1
 40
1
 40
1
 10
40.680189
 20
251.234042
 30
0.0
 10
40.598170
 20
251.471172
 30
0.0
 10
40.522867
 20
251.709331
 30
0.0
 10
40.452032
 20
251.947846
 30
0.0
  0
SPLINE
  5
14a
100
AcDbEntity
  8
0
 62
7
100
AcDbSpline
 70
8
 71
3
 72
8
 73
4
 74
0
 40
0
 40
0
 40
0
 40
0
 40
1
 40
1
 40
1
 40
1
 10
40.452032
 20
251.947846
 30
0.0
 10
40.475980
 20
251.989705
 30
0.0
 10
40.463116
 20
252.039919
 30
0.0
 10
40.415154
 20
252.073045
 30
0.0
  0
SPLINE
  5
14b
100
AcDbEntity
  8
0
 62
7
100
AcDbSpline
 70
8
 71
3
 72
8
 73
4
 74
0
 40
0
 40
0
 40
0
 40
0
 40
1
 40
1
 40
1
 40
1
 10
40.415154
 20
252.073045
 30
0.0
 10
40.248932
 20
252.643534
 30
0.0
 10
40.107228
 20
253.216795
 30
0.0
 10
39.974392
 20
253.790433
 30
0.0
  0
SPLINE
  5
14c
100
AcDbEntity
  8
0
 62
7
100
AcDbSpline
 70
8
 71
3
 72
8
 73
4
 74
0
 40
0
 40
0
 40
0
 40
0
 40
1
 40
1
 40
1
 40
1
 10
39.974392
 20
253.790433
 30
0.0
 10
39.673687
 20
255.084825
 30
0.0
 10
39.422658
 20
256.383037
 30
0.0
 10
39.202260
 20
257.684062
 30
0.0
  0
SPLINE
  5
14d
100
AcDbEntity
  8
0
 62
7
100
AcDbSpline
 70
8
 71
3
 72
8
 73
4
 74
0
 40
0
 40
0
 40
0
 40
0
 40
1
 40
1
 40
1
 40
1
 10
39.202260
 20
257.684062
 30
0.0
 10
39.203940
 20
257.697665
 30
0.0
 10
39.201723
 20
257.711961
 30
0.0
 10
39.195005
 20
257.725564
 30
0.0
  0
SPLINE
  5
14e
100
AcDbEntity
  8
0
 62
7
100
AcDbSpline
 70
8
 71
3
 72
8
 73
4
 74
0
 40
0
 40
0
 40
0
 40
0
 40
1
 40
1
 40
1
 40
1
 10
39.195005
 20
257.725564
 30
0.0
 10
39.181604
 20
257.803340
 30
0.0
 10
39.133105
 20
258.033144
 30
0.0
 10
39.119703
 20
258.110879
 30
0.0
  0
SPLINE
  5
14f
100
AcDbEntity
  8
0
 62
7
100
AcDbSpline
 70
8
 71
3
 72
8
 73
4
 74
0
 40
0
 40
0
 40
0
 40
0
 40
1
 40
1
 40
1
 40
1
 10
39.119703
 20
258.110879
 30
0.0
 10
39.080642
 20
258.370660
 30
0.0
 10
39.042151
 20
258.630462
 30
0.0
 10
39.004769
 20
258.890222
 30
0.0
  0
SPLINE
  5
150
100
AcDbEntity
  8
0
 62
7
100
AcDbSpline
 70
8
 71
3
 72
8
 73
4
 74
0
 40
0
 40
0
 40
0
 40
0
 40
1
 40
1
 40
1
 40
1
 10
39.004769
 20
258.890222
 30
0.0
 10
38.830721
 20
260.083850
 30
0.0
 10
38.672795
 20
261.277835
 30
0.0
 10
38.529412
 20
262.472134
 30
0.0
  0
SPLINE
  5
151
100
AcDbEntity
  8
0
 62
7
100
AcDbSpline
 70
8
 71
3
 72
8
 73
4
 74
0
 40
0
 40
0
 40
0
 40
0
 40
1
 40
1
 40
1
 40
1
 10
38.529412
 20
262.472134
 30
0.0
 10
38.542813
 20
262.497892
 30
0.0
 10
38.540025
 20
262.524069
 30
0.0
 10
38.519940
 20
262.549512
 30
0.0
  0
SPLINE
  5
152
100
AcDbEntity
  8
0
 62
7
100
AcDbSpline
 70
8
 71
3
 72
8
 73
4
 74
0
 40
0
 40
0
 40
0
 40
0
 40
1
 40
1
 40
1
 40
1
 10
38.519940
 20
262.549512
 30
0.0
 10
38.420153
 20
263.381525
 30
0.0
 10
38.326345
 20
264.213538
 30
0.0
 10
38.239355
 20
265.046243
 30
0.0
  0
SPLINE
  5
153
100
AcDbEntity
  8
0
 62
7
100
AcDbSpline
 70
8
 71
3
 72
8
 73
4
 74
0
 40
0
 40
0
 40
0
 40
0
 40
1
 40
1
 40
1
 40
1
 10
38.239355
 20
265.046243
 30
0.0
 10
38.253898
 20
265.072757
 30
0.0
 10
38.251110
 20
265.104476
 30
0.0
 10
38.231562
 20
265.128554
 30
0.0
  0
SPLINE
  5
154
100
AcDbEntity
  8
0
 62
7
100
AcDbSpline
 70
8
 71
3
 72
8
 73
4
 74
0
 40
0
 40
0
 40
0
 40
0
 40
1
 40
1
 40
1
 40
1
 10
38.231562
 20
265.128554
 30
0.0
 10
38.030678
 20
267.053746
 30
0.0
 10
37.861669
 20
268.980345
 30
0.0
 10
37.717748
 20
270.906922
 30
0.0
  0
SPLINE
  5
155
100
AcDbEntity
  8
0
 62
7
100
AcDbSpline
 70
8
 71
3
 72
8
 73
4
 74
0
 40
0
 40
0
 40
0
 40
0
 40
1
 40
1
 40
1
 40
1
 10
37.717748
 20
270.906922
 30
0.0
 10
37.706598
 20
271.054394
 30
0.0
 10
37.696555
 20
271.201572
 30
0.0
 10
37.685942
 20
271.349085
 30
0.0
  0
SPLINE
  5
156
100
AcDbEntity
  8
0
 62
7
100
AcDbSpline
 70
8
 71
3
 72
8
 73
4
 74
0
 40
0
 40
0
 40
0
 40
0
 40
1
 40
1
 40
1
 40
1
 10
37.685942
 20
271.349085
 30
0.0
 10
37.626257
 20
272.183869
 30
0.0
 10
37.532550
 20
273.021802
 30
0.0
 10
37.483412
 20
273.853479
 30
0.0
  0
SPLINE
  5
157
100
AcDbEntity
  8
0
 62
7
100
AcDbSpline
 70
8
 71
3
 72
8
 73
4
 74
0
 40
0
 40
0
 40
0
 40
0
 40
1
 40
1
 40
1
 40
1
 10
37.483412
 20
273.853479
 30
0.0
 10
37.461110
 20
274.377596
 30
0.0
 10
37.440454
 20
274.902007
 30
0.0
 10
37.422048
 20
275.426124
 30
0.0
  0
SPLINE
  5
158
100
AcDbEntity
  8
0
 62
7
100
AcDbSpline
 70
8
 71
3
 72
8
 73
4
 74
0
 40
0
 40
0
 40
0
 40
0
 40
1
 40
1
 40
1
 40
1
 10
37.422048
 20
275.426124
 30
0.0
 10
37.428766
 20
275.443590
 30
0.0
 10
37.428228
 20
275.462756
 30
0.0
 10
37.420436
 20
275.480180
 30
0.0
  0
SPLINE
  5
159
100
AcDbEntity
  8
0
 62
7
100
AcDbSpline
 70
8
 71
3
 72
8
 73
4
 74
0
 40
0
 40
0
 40
0
 40
0
 40
1
 40
1
 40
1
 40
1
 10
37.420436
 20
275.480180
 30
0.0
 10
37.381912
 20
276.574094
 30
0.0
 10
37.351213
 20
277.667273
 30
0.0
 10
37.328341
 20
278.761502
 30
0.0
  0
SPLINE
  5
15a
100
AcDbEntity
  8
0
 62
7
100
AcDbSpline
 70
8
 71
3
 72
8
 73
4
 74
0
 40
0
 40
0
 40
0
 40
0
 40
1
 40
1
 40
1
 40
1
 10
37.328341
 20
278.761502
 30
0.0
 10
37.342884
 20
278.778926
 30
0.0
 10
37.349601
 20
278.797084
 30
0.0
 10
37.348459
 20
278.816271
 30
0.0
  0
SPLINE
  5
15b
100
AcDbEntity
  8
0
 62
7
100
AcDbSpline
 70
8
 71
3
 72
8
 73
4
 74
0
 40
0
 40
0
 40
0
 40
0
 40
1
 40
1
 40
1
 40
1
 10
37.348459
 20
278.816271
 30
0.0
 10
37.365757
 20
278.845534
 30
0.0
 10
37.354606
 20
278.877968
 30
0.0
 10
37.325587
 20
278.905174
 30
0.0
  0
SPLINE
  5
15c
100
AcDbEntity
  8
0
 62
7
100
AcDbSpline
 70
8
 71
3
 72
8
 73
4
 74
0
 40
0
 40
0
 40
0
 40
0
 40
1
 40
1
 40
1
 40
1
 10
37.325587
 20
278.905174
 30
0.0
 10
37.316115
 20
279.356741
 30
0.0
 10
37.308860
 20
279.807952
 30
0.0
 10
37.301639
 20
280.259561
 30
0.0
  0
SPLINE
  5
15d
100
AcDbEntity
  8
0
 62
7
100
AcDbSpline
 70
8
 71
3
 72
8
 73
4
 74
0
 40
0
 40
0
 40
0
 40
0
 40
1
 40
1
 40
1
 40
1
 10
37.301639
 20
280.259561
 30
0.0
 10
37.484587
 20
280.296193
 30
0.0
 10
37.484050
 20
280.443665
 30
0.0
 10
37.299389
 20
280.479604
 30
0.0
  0
SPLINE
  5
15e
100
AcDbEntity
  8
0
 62
7
100
AcDbSpline
 70
8
 71
3
 72
8
 73
4
 74
0
 40
0
 40
0
 40
0
 40
0
 40
1
 40
1
 40
1
 40
1
 10
37.299389
 20
280.479604
 30
0.0
 10
37.296097
 20
280.665471
 30
0.0
 10
37.294384
 20
280.850959
 30
0.0
 10
37.291563
 20
281.036847
 30
0.0
  0
SPLINE
  5
15f
100
AcDbEntity
  8
0
 62
7
100
AcDbSpline
 70
8
 71
3
 72
8
 73
4
 74
0
 40
0
 40
0
 40
0
 40
0
 40
1
 40
1
 40
1
 40
1
 10
37.291563
 20
281.036847
 30
0.0
 10
37.291026
 20
281.108305
 30
0.0
 10
37.290488
 20
281.179784
 30
0.0
 10
37.289951
 20
281.251305
 30
0.0
  0
SPLINE
  5
160
100
AcDbEntity
  8
0
 62
7
100
AcDbSpline
 70
8
 71
3
 72
8
 73
4
 74
0
 40
0
 40
0
 40
0
 40
0
 40
1
 40
1
 40
1
 40
1
 10
37.289951
 20
281.251305
 30
0.0
 10
37.489155
 20
281.284767
 30
0.0
 10
37.487980
 20
281.443449
 30
0.0
 10
37.288271
 20
281.475882
 30
0.0
  0
SPLINE
  5
161
100
AcDbEntity
  8
0
 62
7
100
AcDbSpline
 70
8
 71
3
 72
8
 73
4
 74
0
 40
0
 40
0
 40
0
 40
0
 40
1
 40
1
 40
1
 40
1
 10
37.288271
 20
281.475882
 30
0.0
 10
37.281554
 20
282.144322
 30
0.0
 10
37.278262
 20
282.812804
 30
0.0
 10
37.277692
 20
283.481265
 30
0.0
  0
LINE
  5
162
100
AcDbEntity
  8
0
 62
7
100
AcDbLine
 10
37.277692
 20
283.481265
 30
0.0
 11
38.375651
 21
283.481265
 31
0.0
  0
SPLINE
  5
163
100
AcDbEntity
  8
0
 62
7
100
AcDbSpline
 70
8
 71
3
 72
8
 73
4
 74
0
 40
0
 40
0
 40
0
 40
0
 40
1
 40
1
 40
1
 40
1
 10
38.375651
 20
283.481265
 30
0.0
 10
38.679714
 20
283.481265
 30
0.0
 10
38.679714
 20
283.717661
 30
0.0
 10
38.375651
 20
283.717661
 30
0.0
  0
LINE
  5
164
100
AcDbEntity
  8
0
 62
7
100
AcDbLine
 10
38.375651
 20
283.717661
 30
0.0
 11
38.033097
 21
283.717661
 31
0.0
  0
LINE
  5
165
100
AcDbEntity
  8
0
 62
7
100
AcDbLine
 10
38.033097
 20
283.717661
 30
0.0
 11
38.033097
 21
283.864460
 31
0.0
  0
LINE
  5
166
100
AcDbEntity
  8
0
 62
7
100
AcDbLine
 10
38.033097
 20
283.864460
 30
0.0
 11
38.375651
 21
283.864460
 31
0.0
  0
SPLINE
  5
167
100
AcDbEntity
  8
0
 62
7
100
AcDbSpline
 70
8
 71
3
 72
8
 73
4
 74
0
 40
0
 40
0
 40
0
 40
0
 40
1
 40
1
 40
1
 40
1
 10
38.375651
 20
283.864460
 30
0.0
 10
38.679714
 20
283.864460
 30
0.0
 10
38.679714
 20
284.100184
 30
0.0
 10
38.375651
 20
284.100184
 30
0.0
  0
LINE
  5
168
100
AcDbEntity
  8
0
 62
7
100
AcDbLine
 10
38.375651
 20
284.100184
 30
0.0
 11
38.033097
 21
284.100184
 31
0.0
  0
LINE
  5
169
100
AcDbEntity
  8
0
 62
7
100
AcDbLine
 10
38.033097
 20
284.100184
 30
0.0
 11
38.033097
 21
285.356243
 31
0.0
  0
SPLINE
  5
16a
100
AcDbEntity
  8
0
 62
7
100
AcDbSpline
 70
8
 71
3
 72
8
 73
4
 74
0
 40
0
 40
0
 40
0
 40
0
 40
1
 40
1
 40
1
 40
1
 10
38.033097
 20
285.356243
 30
0.0
 10
38.033097
 20
285.483163
 30
0.0
 10
38.037564
 20
285.611805
 30
0.0
 10
38.036388
 20
285.739795
 30
0.0
  0
LINE
  5
16b
100
AcDbEntity
  8
0
 62
7
100
AcDbLine
 10
38.036388
 20
285.739795
 30
0.0
 11
38.375617
 21
285.739795
 31
0.0
  0
SPLINE
  5
16c
100
AcDbEntity
  8
0
 62
7
100
AcDbSpline
 70
8
 71
3
 72
8
 73
4
 74
0
 40
0
 40
0
 40
0
 40
0
 40
1
 40
1
 40
1
 40
1
 10
38.375617
 20
285.739795
 30
0.0
 10
38.679613
 20
285.739795
 30
0.0
 10
38.679613
 20
285.976233
 30
0.0
 10
38.375617
 20
285.976233
 30
0.0
  0
LINE
  5
16d
100
AcDbEntity
  8
0
 62
7
100
AcDbLine
 10
38.375617
 20
285.976233
 30
0.0
 11
38.022450
 21
285.976233
 31
0.0
  0
SPLINE
  5
16e
100
AcDbEntity
  8
0
 62
7
100
AcDbSpline
 70
8
 71
3
 72
8
 73
4
 74
0
 40
0
 40
0
 40
0
 40
0
 40
1
 40
1
 40
1
 40
1
 10
38.022450
 20
285.976233
 30
0.0
 10
38.017378
 20
286.022941
 30
0.0
 10
38.010694
 20
286.070027
 30
0.0
 10
38.000685
 20
286.116735
 30
0.0
  0
SPLINE
  5
16f
100
AcDbEntity
  8
0
 62
7
100
AcDbSpline
 70
8
 71
3
 72
8
 73
4
 74
0
 40
0
 40
0
 40
0
 40
0
 40
1
 40
1
 40
1
 40
1
 10
38.000685
 20
286.116735
 30
0.0
 10
37.889647
 20
286.654077
 30
0.0
 10
37.447776
 20
287.185185
 30
0.0
 10
36.659422
 20
287.560739
 30
0.0
  0
SPLINE
  5
170
100
AcDbEntity
  8
0
 62
7
100
AcDbSpline
 70
8
 71
3
 72
8
 73
4
 74
0
 40
0
 40
0
 40
0
 40
0
 40
1
 40
1
 40
1
 40
1
 10
36.659422
 20
287.560739
 30
0.0
 10
36.214797
 20
287.772070
 30
0.0
 10
35.658529
 20
287.914671
 30
0.0
 10
35.059337
 20
287.962471
 30
0.0
  0
LINE
  5
171
100
AcDbEntity
  8
0
 62
7
100
AcDbLine
 10
35.059337
 20
287.962471
 30
0.0
 11
35.059337
 21
288.479954
 31
0.0
  0
SPLINE
  5
172
100
AcDbEntity
  8
0
 62
7
100
AcDbSpline
 70
8
 71
3
 72
8
 73
4
 74
0
 40
0
 40
0
 40
0
 40
0
 40
1
 40
1
 40
1
 40
1
 10
35.059337
 20
288.479954
 30
0.0
 10
35.059337
 20
288.544107
 30
0.0
 10
34.952228
 20
288.598142
 30
0.0
 10
34.824497
 20
288.598142
 30
0.0
  0
LINE
  5
173
100
AcDbEntity
  8
0
 62
7
100
AcDbLine
 10
34.824497
 20
288.598142
 30
0.0
 11
34.631976
 21
288.598142
 31
0.0
  0
SPLINE
  5
174
100
AcDbEntity
  8
0
 62
7
100
AcDbSpline
 70
8
 71
3
 72
8
 73
4
 74
0
 40
0
 40
0
 40
0
 40
0
 40
1
 40
1
 40
1
 40
1
 10
34.631976
 20
288.598142
 30
0.0
 10
34.631976
 20
288.656710
 30
0.0
 10
34.631439
 20
288.715636
 30
0.0
 10
34.631439
 20
288.774268
 30
0.0
  0
LINE
  5
175
100
AcDbEntity
  8
0
 62
7
100
AcDbLine
 10
34.631439
 20
288.774268
 30
0.0
 11
34.888615
 21
288.774268
 31
0.0
  0
SPLINE
  5
176
100
AcDbEntity
  8
0
 62
7
100
AcDbSpline
 70
8
 71
3
 72
8
 73
4
 74
0
 40
0
 40
0
 40
0
 40
0
 40
1
 40
1
 40
1
 40
1
 10
34.888615
 20
288.774268
 30
0.0
 10
35.192073
 20
288.774268
 30
0.0
 10
35.192073
 20
289.009992
 30
0.0
 10
34.888615
 20
289.009992
 30
0.0
  0
LINE
  5
177
100
AcDbEntity
  8
0
 62
7
100
AcDbLine
 10
34.888615
 20
289.009992
 30
0.0
 11
34.630297
 21
289.009992
 31
0.0
  0
SPLINE
  5
178
100
AcDbEntity
  8
0
 62
7
100
AcDbSpline
 70
8
 71
3
 72
8
 73
4
 74
0
 40
0
 40
0
 40
0
 40
0
 40
1
 40
1
 40
1
 40
1
 10
34.630297
 20
289.009992
 30
0.0
 10
34.630297
 20
289.047295
 30
0.0
 10
34.630297
 20
289.084598
 30
0.0
 10
34.629760
 20
289.121902
 30
0.0
  0
LINE
  5
179
100
AcDbEntity
  8
0
 62
7
100
AcDbLine
 10
34.629760
 20
289.121902
 30
0.0
 11
34.888615
 21
289.121902
 31
0.0
  0
SPLINE
  5
17a
100
AcDbEntity
  8
0
 62
7
100
AcDbSpline
 70
8
 71
3
 72
8
 73
4
 74
0
 40
0
 40
0
 40
0
 40
0
 40
1
 40
1
 40
1
 40
1
 10
34.888615
 20
289.121902
 30
0.0
 10
35.192073
 20
289.121902
 30
0.0
 10
35.192073
 20
289.358297
 30
0.0
 10
34.888615
 20
289.358297
 30
0.0
  0
LINE
  5
17b
100
AcDbEntity
  8
0
 62
7
100
AcDbLine
 10
34.888615
 20
289.358297
 30
0.0
 11
34.629155
 21
289.358297
 31
0.0
  0
SPLINE
  5
17c
100
AcDbEntity
  8
0
 62
7
100
AcDbSpline
 70
8
 71
3
 72
8
 73
4
 74
0
 40
0
 40
0
 40
0
 40
0
 40
1
 40
1
 40
1
 40
1
 10
34.629155
 20
289.358297
 30
0.0
 10
34.628584
 20
289.519414
 30
0.0
 10
34.628047
 20
289.681580
 30
0.0
 10
34.626938
 20
289.843348
 30
0.0
  0
LINE
  5
17d
100
AcDbEntity
  8
0
 62
7
100
AcDbLine
 10
34.626938
 20
289.843348
 30
0.0
 11
34.626938
 21
289.846161
 31
0.0
  0
LINE
  5
17e
100
AcDbEntity
  8
0
 62
7
100
AcDbLine
 10
34.626938
 20
289.846161
 30
0.0
 11
34.625763
 21
289.847420
 31
0.0
  0
SPLINE
  5
17f
100
AcDbEntity
  8
0
 62
7
100
AcDbSpline
 70
8
 71
3
 72
8
 73
4
 74
0
 40
0
 40
0
 40
0
 40
0
 40
1
 40
1
 40
1
 40
1
 10
36.860776
 20
278.461520
 30
0.0
 10
36.868064
 20
278.129526
 30
0.0
 10
36.875857
 20
277.796859
 30
0.0
 10
36.885328
 20
277.465263
 30
0.0
  0
SPLINE
  5
180
100
AcDbEntity
  8
0
 62
7
100
AcDbSpline
 70
8
 71
3
 72
8
 73
4
 74
0
 40
0
 40
0
 40
0
 40
0
 40
1
 40
1
 40
1
 40
1
 10
36.885328
 20
277.465263
 30
0.0
 10
36.709601
 20
277.572324
 30
0.0
 10
36.533269
 20
277.680435
 30
0.0
 10
36.358079
 20
277.787475
 30
0.0
  0
LINE
  5
181
100
AcDbEntity
  8
0
 62
7
100
AcDbLine
 10
36.358079
 20
277.787475
 30
0.0
 11
36.358079
 21
278.098520
 31
0.0
  0
LINE
  5
182
100
AcDbEntity
  8
0
 62
7
100
AcDbLine
 10
36.358079
 20
278.098520
 30
0.0
 11
36.357542
 21
278.098856
 31
0.0
  0
SPLINE
  5
183
100
AcDbEntity
  8
0
 62
7
100
AcDbSpline
 70
8
 71
3
 72
8
 73
4
 74
0
 40
0
 40
0
 40
0
 40
0
 40
1
 40
1
 40
1
 40
1
 10
36.357542
 20
278.098856
 30
0.0
 10
36.524940
 20
278.219520
 30
0.0
 10
36.692875
 20
278.340877
 30
0.0
 10
36.860776
 20
278.461520
 30
0.0
  0
LINE
  5
184
100
AcDbEntity
  8
0
 62
7
100
AcDbLine
 10
36.860776
 20
278.461520
 30
0.0
 11
36.860776
 21
278.461520
 31
0.0
  0
SPLINE
  5
185
100
AcDbEntity
  8
0
 62
7
100
AcDbSpline
 70
8
 71
3
 72
8
 73
4
 74
0
 40
0
 40
0
 40
0
 40
0
 40
1
 40
1
 40
1
 40
1
 10
35.886652
 20
277.704136
 30
0.0
 10
35.887190
 20
277.568483
 30
0.0
 10
35.887190
 20
277.431801
 30
0.0
 10
35.887190
 20
277.295456
 30
0.0
  0
LINE
  5
186
100
AcDbEntity
  8
0
 62
7
100
AcDbLine
 10
35.887190
 20
277.295456
 30
0.0
 11
35.242823
 21
277.295456
 31
0.0
  0
SPLINE
  5
187
100
AcDbEntity
  8
0
 62
7
100
AcDbSpline
 70
8
 71
3
 72
8
 73
4
 74
0
 40
0
 40
0
 40
0
 40
0
 40
1
 40
1
 40
1
 40
1
 10
35.242823
 20
277.295456
 30
0.0
 10
35.443673
 20
277.439841
 30
0.0
 10
35.644456
 20
277.585235
 30
0.0
 10
35.845945
 20
277.729578
 30
0.0
  0
SPLINE
  5
188
100
AcDbEntity
  8
0
 62
7
100
AcDbSpline
 70
8
 71
3
 72
8
 73
4
 74
0
 40
0
 40
0
 40
0
 40
0
 40
1
 40
1
 40
1
 40
1
 10
35.845945
 20
277.729578
 30
0.0
 10
35.859346
 20
277.721538
 30
0.0
 10
35.873318
 20
277.712826
 30
0.0
 10
35.886652
 20
277.704136
 30
0.0
  0
LINE
  5
189
100
AcDbEntity
  8
0
 62
7
100
AcDbLine
 10
35.886652
 20
277.704136
 30
0.0
 11
35.886652
 21
277.704136
 31
0.0
  0
SPLINE
  5
18a
100
AcDbEntity
  8
0
 62
7
100
AcDbSpline
 70
8
 71
3
 72
8
 73
4
 74
0
 40
0
 40
0
 40
0
 40
0
 40
1
 40
1
 40
1
 40
1
 10
34.675472
 20
277.014388
 30
0.0
 10
34.989577
 20
276.779378
 30
0.0
 10
35.303683
 20
276.544348
 30
0.0
 10
35.618326
 20
276.309317
 30
0.0
  0
SPLINE
  5
18b
100
AcDbEntity
  8
0
 62
7
100
AcDbSpline
 70
8
 71
3
 72
8
 73
4
 74
0
 40
0
 40
0
 40
0
 40
0
 40
1
 40
1
 40
1
 40
1
 10
35.618326
 20
276.309317
 30
0.0
 10
35.305900
 20
276.095950
 30
0.0
 10
34.993507
 20
275.881471
 30
0.0
 10
34.681013
 20
275.667012
 30
0.0
  0
SPLINE
  5
18c
100
AcDbEntity
  8
0
 62
7
100
AcDbSpline
 70
8
 71
3
 72
8
 73
4
 74
0
 40
0
 40
0
 40
0
 40
0
 40
1
 40
1
 40
1
 40
1
 10
34.681013
 20
275.667012
 30
0.0
 10
34.679401
 20
276.116501
 30
0.0
 10
34.677084
 20
276.564899
 30
0.0
 10
34.675472
 20
277.014388
 30
0.0
  0
LINE
  5
18d
100
AcDbEntity
  8
0
 62
7
100
AcDbLine
 10
34.675472
 20
277.014388
 30
0.0
 11
34.675472
 21
277.014388
 31
0.0
  0
SPLINE
  5
18e
100
AcDbEntity
  8
0
 62
7
100
AcDbSpline
 70
8
 71
3
 72
8
 73
4
 74
0
 40
0
 40
0
 40
0
 40
0
 40
1
 40
1
 40
1
 40
1
 10
34.094081
 20
276.915010
 30
0.0
 10
34.095760
 20
276.525874
 30
0.0
 10
34.097372
 20
276.136024
 30
0.0
 10
34.098548
 20
275.747203
 30
0.0
  0
SPLINE
  5
18f
100
AcDbEntity
  8
0
 62
7
100
AcDbSpline
 70
8
 71
3
 72
8
 73
4
 74
0
 40
0
 40
0
 40
0
 40
0
 40
1
 40
1
 40
1
 40
1
 10
34.098548
 20
275.747203
 30
0.0
 10
33.823470
 20
275.932356
 30
0.0
 10
33.548460
 20
276.116501
 30
0.0
 10
33.273953
 20
276.301298
 30
0.0
  0
SPLINE
  5
190
100
AcDbEntity
  8
0
 62
7
100
AcDbSpline
 70
8
 71
3
 72
8
 73
4
 74
0
 40
0
 40
0
 40
0
 40
0
 40
1
 40
1
 40
1
 40
1
 10
33.273953
 20
276.301298
 30
0.0
 10
33.547318
 20
276.505994
 30
0.0
 10
33.820716
 20
276.711027
 30
0.0
 10
34.094081
 20
276.915010
 30
0.0
  0
LINE
  5
191
100
AcDbEntity
  8
0
 62
7
100
AcDbLine
 10
34.094081
 20
276.915010
 30
0.0
 11
34.094081
 21
276.915010
 31
0.0
  0
SPLINE
  5
192
100
AcDbEntity
  8
0
 62
7
100
AcDbSpline
 70
8
 71
3
 72
8
 73
4
 74
0
 40
0
 40
0
 40
0
 40
0
 40
1
 40
1
 40
1
 40
1
 10
33.015636
 20
276.081591
 30
0.0
 10
33.268378
 20
275.911805
 30
0.0
 10
33.520549
 20
275.742669
 30
0.0
 10
33.772216
 20
275.572840
 30
0.0
  0
LINE
  5
193
100
AcDbEntity
  8
0
 62
7
100
AcDbLine
 10
33.772216
 20
275.572840
 30
0.0
 11
33.015636
 21
275.572840
 31
0.0
  0
LINE
  5
194
100
AcDbEntity
  8
0
 62
7
100
AcDbLine
 10
33.015636
 20
275.572840
 30
0.0
 11
33.015636
 21
275.962711
 31
0.0
  0
LINE
  5
195
100
AcDbEntity
  8
0
 62
7
100
AcDbLine
 10
33.015636
 20
275.962711
 30
0.0
 11
33.015636
 21
276.081591
 31
0.0
  0
LINE
  5
196
100
AcDbEntity
  8
0
 62
7
100
AcDbLine
 10
33.015636
 20
276.081591
 30
0.0
 11
33.015636
 21
276.081591
 31
0.0
  0
SPLINE
  5
197
100
AcDbEntity
  8
0
 62
7
100
AcDbSpline
 70
8
 71
3
 72
8
 73
4
 74
0
 40
0
 40
0
 40
0
 40
0
 40
1
 40
1
 40
1
 40
1
 10
36.831220
 20
279.998605
 30
0.0
 10
36.835720
 20
279.726963
 30
0.0
 10
36.840657
 20
279.454650
 30
0.0
 10
36.845729
 20
279.183344
 30
0.0
  0
SPLINE
  5
198
100
AcDbEntity
  8
0
 62
7
100
AcDbSpline
 70
8
 71
3
 72
8
 73
4
 74
0
 40
0
 40
0
 40
0
 40
0
 40
1
 40
1
 40
1
 40
1
 10
36.845729
 20
279.183344
 30
0.0
 10
36.682799
 20
279.274682
 30
0.0
 10
36.519398
 20
279.366062
 30
0.0
 10
36.357005
 20
279.458135
 30
0.0
  0
SPLINE
  5
199
100
AcDbEntity
  8
0
 62
7
100
AcDbSpline
 70
8
 71
3
 72
8
 73
4
 74
0
 40
0
 40
0
 40
0
 40
0
 40
1
 40
1
 40
1
 40
1
 10
36.357005
 20
279.458135
 30
0.0
 10
36.357005
 20
279.550879
 30
0.0
 10
36.356467
 20
279.644001
 30
0.0
 10
36.356467
 20
279.736725
 30
0.0
  0
SPLINE
  5
19a
100
AcDbEntity
  8
0
 62
7
100
AcDbSpline
 70
8
 71
3
 72
8
 73
4
 74
0
 40
0
 40
0
 40
0
 40
0
 40
1
 40
1
 40
1
 40
1
 10
36.356467
 20
279.736725
 30
0.0
 10
36.514864
 20
279.823906
 30
0.0
 10
36.673327
 20
279.911424
 30
0.0
 10
36.831220
 20
279.998605
 30
0.0
  0
LINE
  5
19b
100
AcDbEntity
  8
0
 62
7
100
AcDbLine
 10
36.831220
 20
279.998605
 30
0.0
 11
36.831220
 21
279.998605
 31
0.0
  0
SPLINE
  5
19c
100
AcDbEntity
  8
0
 62
7
100
AcDbSpline
 70
8
 71
3
 72
8
 73
4
 74
0
 40
0
 40
0
 40
0
 40
0
 40
1
 40
1
 40
1
 40
1
 10
35.886652
 20
279.368161
 30
0.0
 10
35.886652
 20
279.223796
 30
0.0
 10
35.887190
 20
279.079075
 30
0.0
 10
35.887190
 20
278.933996
 30
0.0
  0
LINE
  5
19d
100
AcDbEntity
  8
0
 62
7
100
AcDbLine
 10
35.887190
 20
278.933996
 30
0.0
 11
34.901949
 21
278.933996
 31
0.0
  0
SPLINE
  5
19e
100
AcDbEntity
  8
0
 62
7
100
AcDbSpline
 70
8
 71
3
 72
8
 73
4
 74
0
 40
0
 40
0
 40
0
 40
0
 40
1
 40
1
 40
1
 40
1
 10
34.901949
 20
278.933996
 30
0.0
 10
35.198152
 20
279.097548
 30
0.0
 10
35.493349
 20
279.260407
 30
0.0
 10
35.788478
 20
279.422888
 30
0.0
  0
SPLINE
  5
19f
100
AcDbEntity
  8
0
 62
7
100
AcDbSpline
 70
8
 71
3
 72
8
 73
4
 74
0
 40
0
 40
0
 40
0
 40
0
 40
1
 40
1
 40
1
 40
1
 10
35.788478
 20
279.422888
 30
0.0
 10
35.821359
 20
279.404751
 30
0.0
 10
35.854308
 20
279.386257
 30
0.0
 10
35.886115
 20
279.368119
 30
0.0
  0
LINE
  5
1a0
100
AcDbEntity
  8
0
 62
7
100
AcDbLine
 10
35.886115
 20
279.368119
 30
0.0
 11
35.886652
 21
279.368161
 31
0.0
  0
LINE
  5
1a1
100
AcDbEntity
  8
0
 62
7
100
AcDbLine
 10
34.866246
 20
278.698651
 30
0.0
 11
35.886652
 21
278.698651
 31
0.0
  0
LINE
  5
1a2
100
AcDbEntity
  8
0
 62
7
100
AcDbLine
 10
35.886652
 20
278.698651
 30
0.0
 11
35.886652
 21
278.698315
 31
0.0
  0
LINE
  5
1a3
100
AcDbEntity
  8
0
 62
7
100
AcDbLine
 10
35.886652
 20
278.698315
 30
0.0
 11
35.886652
 21
278.318898
 31
0.0
  0
LINE
  5
1a4
100
AcDbEntity
  8
0
 62
7
100
AcDbLine
 10
35.886652
 20
278.318898
 30
0.0
 11
35.886652
 21
278.172119
 31
0.0
  0
SPLINE
  5
1a5
100
AcDbEntity
  8
0
 62
7
100
AcDbSpline
 70
8
 71
3
 72
8
 73
4
 74
0
 40
0
 40
0
 40
0
 40
0
 40
1
 40
1
 40
1
 40
1
 10
35.886652
 20
278.172119
 30
0.0
 10
35.862705
 20
278.154654
 30
0.0
 10
35.838153
 20
278.137251
 30
0.0
 10
35.814104
 20
278.119806
 30
0.0
  0
SPLINE
  5
1a6
100
AcDbEntity
  8
0
 62
7
100
AcDbSpline
 70
8
 71
3
 72
8
 73
4
 74
0
 40
0
 40
0
 40
0
 40
0
 40
1
 40
1
 40
1
 40
1
 10
35.814104
 20
278.119806
 30
0.0
 10
35.498319
 20
278.312621
 30
0.0
 10
35.182568
 20
278.505458
 30
0.0
 10
34.866246
 20
278.698651
 30
0.0
  0
LINE
  5
1a7
100
AcDbEntity
  8
0
 62
7
100
AcDbLine
 10
34.866246
 20
278.698651
 30
0.0
 11
34.866246
 21
278.698651
 31
0.0
  0
SPLINE
  5
1a8
100
AcDbEntity
  8
0
 62
7
100
AcDbSpline
 70
8
 71
3
 72
8
 73
4
 74
0
 40
0
 40
0
 40
0
 40
0
 40
1
 40
1
 40
1
 40
1
 10
34.669292
 20
278.447225
 30
0.0
 10
34.958274
 20
278.271098
 30
0.0
 10
35.246753
 20
278.094678
 30
0.0
 10
35.535198
 20
277.918573
 30
0.0
  0
SPLINE
  5
1a9
100
AcDbEntity
  8
0
 62
7
100
AcDbSpline
 70
8
 71
3
 72
8
 73
4
 74
0
 40
0
 40
0
 40
0
 40
0
 40
1
 40
1
 40
1
 40
1
 10
35.535198
 20
277.918573
 30
0.0
 10
35.248432
 20
277.712134
 30
0.0
 10
34.961095
 20
277.505715
 30
0.0
 10
34.674296
 20
277.298583
 30
0.0
  0
SPLINE
  5
1aa
100
AcDbEntity
  8
0
 62
7
100
AcDbSpline
 70
8
 71
3
 72
8
 73
4
 74
0
 40
0
 40
0
 40
0
 40
0
 40
1
 40
1
 40
1
 40
1
 10
34.674296
 20
277.298583
 30
0.0
 10
34.673188
 20
277.681107
 30
0.0
 10
34.671508
 20
278.064680
 30
0.0
 10
34.669292
 20
278.447225
 30
0.0
  0
LINE
  5
1ab
100
AcDbEntity
  8
0
 62
7
100
AcDbLine
 10
34.669292
 20
278.447225
 30
0.0
 11
34.669292
 21
278.447225
 31
0.0
  0
SPLINE
  5
1ac
100
AcDbEntity
  8
0
 62
7
100
AcDbSpline
 70
8
 71
3
 72
8
 73
4
 74
0
 40
0
 40
0
 40
0
 40
0
 40
1
 40
1
 40
1
 40
1
 10
34.087901
 20
278.408200
 30
0.0
 10
34.089042
 20
278.071692
 30
0.0
 10
34.090151
 20
277.734890
 30
0.0
 10
34.091864
 20
277.397626
 30
0.0
  0
SPLINE
  5
1ad
100
AcDbEntity
  8
0
 62
7
100
AcDbSpline
 70
8
 71
3
 72
8
 73
4
 74
0
 40
0
 40
0
 40
0
 40
0
 40
1
 40
1
 40
1
 40
1
 10
34.091864
 20
277.397626
 30
0.0
 10
33.845268
 20
277.575473
 30
0.0
 10
33.598639
 20
277.753321
 30
0.0
 10
33.352043
 20
277.931147
 30
0.0
  0
SPLINE
  5
1ae
100
AcDbEntity
  8
0
 62
7
100
AcDbSpline
 70
8
 71
3
 72
8
 73
4
 74
0
 40
0
 40
0
 40
0
 40
0
 40
1
 40
1
 40
1
 40
1
 10
33.352043
 20
277.931147
 30
0.0
 10
33.596993
 20
278.089829
 30
0.0
 10
33.842413
 20
278.249539
 30
0.0
 10
34.087901
 20
278.408200
 30
0.0
  0
LINE
  5
1af
100
AcDbEntity
  8
0
 62
7
100
AcDbLine
 10
34.087901
 20
278.408200
 30
0.0
 11
34.087901
 21
278.408200
 31
0.0
  0
SPLINE
  5
1b0
100
AcDbEntity
  8
0
 62
7
100
AcDbSpline
 70
8
 71
3
 72
8
 73
4
 74
0
 40
0
 40
0
 40
0
 40
0
 40
1
 40
1
 40
1
 40
1
 10
33.050835
 20
277.735876
 30
0.0
 10
33.254439
 20
277.589097
 30
0.0
 10
33.458111
 20
277.442255
 30
0.0
 10
33.661178
 20
277.296148
 30
0.0
  0
LINE
  5
1b1
100
AcDbEntity
  8
0
 62
7
100
AcDbLine
 10
33.661178
 20
277.296148
 30
0.0
 11
33.016207
 21
277.296148
 31
0.0
  0
SPLINE
  5
1b2
100
AcDbEntity
  8
0
 62
7
100
AcDbSpline
 70
8
 71
3
 72
8
 73
4
 74
0
 40
0
 40
0
 40
0
 40
0
 40
1
 40
1
 40
1
 40
1
 10
33.016207
 20
277.296148
 30
0.0
 10
33.016207
 20
277.434824
 30
0.0
 10
33.016207
 20
277.573836
 30
0.0
 10
33.016778
 20
277.713540
 30
0.0
  0
SPLINE
  5
1b3
100
AcDbEntity
  8
0
 62
7
100
AcDbSpline
 70
8
 71
3
 72
8
 73
4
 74
0
 40
0
 40
0
 40
0
 40
0
 40
1
 40
1
 40
1
 40
1
 10
33.016778
 20
277.713540
 30
0.0
 10
33.027895
 20
277.720888
 30
0.0
 10
33.039650
 20
277.727836
 30
0.0
 10
33.050835
 20
277.735876
 30
0.0
  0
LINE
  5
1b4
100
AcDbEntity
  8
0
 62
7
100
AcDbLine
 10
33.050835
 20
277.735876
 30
0.0
 11
33.050835
 21
277.735876
 31
0.0
  0
SPLINE
  5
1b5
100
AcDbEntity
  8
0
 62
7
100
AcDbSpline
 70
8
 71
3
 72
8
 73
4
 74
0
 40
0
 40
0
 40
0
 40
0
 40
1
 40
1
 40
1
 40
1
 10
36.357005
 20
279.103132
 30
0.0
 10
36.456859
 20
279.046663
 30
0.0
 10
36.557855
 20
278.990508
 30
0.0
 10
36.657709
 20
278.933996
 30
0.0
  0
LINE
  5
1b6
100
AcDbEntity
  8
0
 62
7
100
AcDbLine
 10
36.657709
 20
278.933996
 30
0.0
 11
36.357005
 21
278.933996
 31
0.0
  0
LINE
  5
1b7
100
AcDbEntity
  8
0
 62
7
100
AcDbLine
 10
36.357005
 20
278.933996
 30
0.0
 11
36.357005
 21
279.103132
 31
0.0
  0
LINE
  5
1b8
100
AcDbEntity
  8
0
 62
7
100
AcDbLine
 10
36.357005
 20
279.103132
 30
0.0
 11
36.357005
 21
279.103132
 31
0.0
  0
LINE
  5
1b9
100
AcDbEntity
  8
0
 62
7
100
AcDbLine
 10
33.016207
 20
277.059396
 30
0.0
 11
33.720862
 21
277.059396
 31
0.0
  0
SPLINE
  5
1ba
100
AcDbEntity
  8
0
 62
7
100
AcDbSpline
 70
8
 71
3
 72
8
 73
4
 74
0
 40
0
 40
0
 40
0
 40
0
 40
1
 40
1
 40
1
 40
1
 10
33.720862
 20
277.059396
 30
0.0
 10
33.485451
 20
276.884005
 30
0.0
 10
33.250509
 20
276.708592
 30
0.0
 10
33.016207
 20
276.532151
 30
0.0
  0
LINE
  5
1bb
100
AcDbEntity
  8
0
 62
7
100
AcDbLine
 10
33.016207
 20
276.532151
 30
0.0
 11
33.016207
 21
277.059396
 31
0.0
  0
LINE
  5
1bc
100
AcDbEntity
  8
0
 62
7
100
AcDbLine
 10
33.016207
 20
277.059396
 30
0.0
 11
33.016207
 21
277.059396
 31
0.0
  0
SPLINE
  5
1bd
100
AcDbEntity
  8
0
 62
7
100
AcDbSpline
 70
8
 71
3
 72
8
 73
4
 74
0
 40
0
 40
0
 40
0
 40
0
 40
1
 40
1
 40
1
 40
1
 10
36.817785
 20
281.086578
 30
0.0
 10
36.820035
 20
280.888179
 30
0.0
 10
36.821748
 20
280.689738
 30
0.0
 10
36.825073
 20
280.490982
 30
0.0
  0
LINE
  5
1be
100
AcDbEntity
  8
0
 62
7
100
AcDbLine
 10
36.825073
 20
280.490982
 30
0.0
 11
35.150795
 21
280.490982
 31
0.0
  0
SPLINE
  5
1bf
100
AcDbEntity
  8
0
 62
7
100
AcDbSpline
 70
8
 71
3
 72
8
 73
4
 74
0
 40
0
 40
0
 40
0
 40
0
 40
1
 40
1
 40
1
 40
1
 10
35.150795
 20
280.490982
 30
0.0
 10
35.706458
 20
280.689402
 30
0.0
 10
36.262121
 20
280.887843
 30
0.0
 10
36.817785
 20
281.086578
 30
0.0
  0
LINE
  5
1c0
100
AcDbEntity
  8
0
 62
7
100
AcDbLine
 10
36.817785
 20
281.086578
 30
0.0
 11
36.817785
 21
281.086578
 31
0.0
  0
LINE
  5
1c1
100
AcDbEntity
  8
0
 62
7
100
AcDbLine
 10
34.942152
 20
280.254208
 30
0.0
 11
34.941615
 21
280.254208
 31
0.0
  0
LINE
  5
1c2
100
AcDbEntity
  8
0
 62
7
100
AcDbLine
 10
34.941615
 20
280.254208
 30
0.0
 11
34.942152
 21
280.254208
 31
0.0
  0
LINE
  5
1c3
100
AcDbEntity
  8
0
 62
7
100
AcDbLine
 10
34.942152
 20
280.254208
 30
0.0
 11
34.942152
 21
280.254208
 31
0.0
  0
LINE
  5
1c4
100
AcDbEntity
  8
0
 62
7
100
AcDbLine
 10
35.886719
 20
280.254208
 30
0.0
 11
35.886719
 21
279.827727
 31
0.0
  0
SPLINE
  5
1c5
100
AcDbEntity
  8
0
 62
7
100
AcDbSpline
 70
8
 71
3
 72
8
 73
4
 74
0
 40
0
 40
0
 40
0
 40
0
 40
1
 40
1
 40
1
 40
1
 10
35.886719
 20
279.827727
 30
0.0
 10
35.854946
 20
279.810282
 30
0.0
 10
35.824248
 20
279.792858
 30
0.0
 10
35.792407
 20
279.775435
 30
0.0
  0
SPLINE
  5
1c6
100
AcDbEntity
  8
0
 62
7
100
AcDbSpline
 70
8
 71
3
 72
8
 73
4
 74
0
 40
0
 40
0
 40
0
 40
0
 40
1
 40
1
 40
1
 40
1
 10
35.792407
 20
279.775435
 30
0.0
 10
35.508967
 20
279.935124
 30
0.0
 10
35.225593
 20
280.094477
 30
0.0
 10
34.942152
 20
280.254208
 30
0.0
  0
LINE
  5
1c7
100
AcDbEntity
  8
0
 62
7
100
AcDbLine
 10
34.942152
 20
280.254208
 30
0.0
 11
35.886719
 21
280.254208
 31
0.0
  0
LINE
  5
1c8
100
AcDbEntity
  8
0
 62
7
100
AcDbLine
 10
35.886719
 20
280.254208
 30
0.0
 11
35.886719
 21
280.254208
 31
0.0
  0
SPLINE
  5
1c9
100
AcDbEntity
  8
0
 62
7
100
AcDbSpline
 70
8
 71
3
 72
8
 73
4
 74
0
 40
0
 40
0
 40
0
 40
0
 40
1
 40
1
 40
1
 40
1
 10
34.663145
 20
280.055788
 30
0.0
 10
34.933185
 20
279.904118
 30
0.0
 10
35.203224
 20
279.752406
 30
0.0
 10
35.473230
 20
279.600043
 30
0.0
  0
SPLINE
  5
1ca
100
AcDbEntity
  8
0
 62
7
100
AcDbSpline
 70
8
 71
3
 72
8
 73
4
 74
0
 40
0
 40
0
 40
0
 40
0
 40
1
 40
1
 40
1
 40
1
 10
35.473230
 20
279.600043
 30
0.0
 10
35.203761
 20
279.452551
 30
0.0
 10
34.935401
 20
279.304008
 30
0.0
 10
34.667075
 20
279.155424
 30
0.0
  0
SPLINE
  5
1cb
100
AcDbEntity
  8
0
 62
7
100
AcDbSpline
 70
8
 71
3
 72
8
 73
4
 74
0
 40
0
 40
0
 40
0
 40
0
 40
1
 40
1
 40
1
 40
1
 10
34.667075
 20
279.155424
 30
0.0
 10
34.665429
 20
279.455658
 30
0.0
 10
34.664321
 20
279.755555
 30
0.0
 10
34.663145
 20
280.055788
 30
0.0
  0
LINE
  5
1cc
100
AcDbEntity
  8
0
 62
7
100
AcDbLine
 10
34.663145
 20
280.055788
 30
0.0
 11
34.663145
 21
280.055788
 31
0.0
  0
LINE
  5
1cd
100
AcDbEntity
  8
0
 62
7
100
AcDbLine
 10
33.016778
 20
278.698651
 30
0.0
 11
33.943980
 21
278.698651
 31
0.0
  0
SPLINE
  5
1ce
100
AcDbEntity
  8
0
 62
7
100
AcDbSpline
 70
8
 71
3
 72
8
 73
4
 74
0
 40
0
 40
0
 40
0
 40
0
 40
1
 40
1
 40
1
 40
1
 10
33.943980
 20
278.698651
 30
0.0
 10
33.653285
 20
278.509656
 30
0.0
 10
33.362690
 20
278.320640
 30
0.0
 10
33.071995
 20
278.132695
 30
0.0
  0
SPLINE
  5
1cf
100
AcDbEntity
  8
0
 62
7
100
AcDbSpline
 70
8
 71
3
 72
8
 73
4
 74
0
 40
0
 40
0
 40
0
 40
0
 40
1
 40
1
 40
1
 40
1
 10
33.071995
 20
278.132695
 30
0.0
 10
33.054160
 20
278.146278
 30
0.0
 10
33.035183
 20
278.158852
 30
0.0
 10
33.017315
 20
278.172413
 30
0.0
  0
LINE
  5
1d0
100
AcDbEntity
  8
0
 62
7
100
AcDbLine
 10
33.017315
 20
278.172413
 30
0.0
 11
33.016778
 21
278.172455
 31
0.0
  0
LINE
  5
1d1
100
AcDbEntity
  8
0
 62
7
100
AcDbLine
 10
33.016778
 20
278.172455
 30
0.0
 11
33.016778
 21
278.698651
 31
0.0
  0
LINE
  5
1d2
100
AcDbEntity
  8
0
 62
7
100
AcDbLine
 10
33.016778
 20
278.698651
 30
0.0
 11
33.016778
 21
278.698651
 31
0.0
  0
SPLINE
  5
1d3
100
AcDbEntity
  8
0
 62
7
100
AcDbSpline
 70
8
 71
3
 72
8
 73
4
 74
0
 40
0
 40
0
 40
0
 40
0
 40
1
 40
1
 40
1
 40
1
 10
34.080679
 20
280.079510
 30
0.0
 10
34.081754
 20
279.749299
 30
0.0
 10
34.083433
 20
279.419047
 30
0.0
 10
34.084609
 20
279.088836
 30
0.0
  0
SPLINE
  5
1d4
100
AcDbEntity
  8
0
 62
7
100
AcDbSpline
 70
8
 71
3
 72
8
 73
4
 74
0
 40
0
 40
0
 40
0
 40
0
 40
1
 40
1
 40
1
 40
1
 10
34.084609
 20
279.088836
 30
0.0
 10
33.818096
 20
279.255390
 30
0.0
 10
33.551046
 20
279.421965
 30
0.0
 10
33.283996
 20
279.589610
 30
0.0
  0
SPLINE
  5
1d5
100
AcDbEntity
  8
0
 62
7
100
AcDbSpline
 70
8
 71
3
 72
8
 73
4
 74
0
 40
0
 40
0
 40
0
 40
0
 40
1
 40
1
 40
1
 40
1
 10
33.283996
 20
279.589610
 30
0.0
 10
33.549501
 20
279.753141
 30
0.0
 10
33.815107
 20
279.916693
 30
0.0
 10
34.080679
 20
280.079510
 30
0.0
  0
LINE
  5
1d6
100
AcDbEntity
  8
0
 62
7
100
AcDbLine
 10
34.080679
 20
280.079510
 30
0.0
 11
34.080679
 21
280.079510
 31
0.0
  0
SPLINE
  5
1d7
100
AcDbEntity
  8
0
 62
7
100
AcDbSpline
 70
8
 71
3
 72
8
 73
4
 74
0
 40
0
 40
0
 40
0
 40
0
 40
1
 40
1
 40
1
 40
1
 10
33.017315
 20
279.380694
 30
0.0
 10
33.255044
 20
279.232151
 30
0.0
 10
33.492067
 20
279.083966
 30
0.0
 10
33.729762
 20
278.934710
 30
0.0
  0
LINE
  5
1d8
100
AcDbEntity
  8
0
 62
7
100
AcDbLine
 10
33.729762
 20
278.934710
 30
0.0
 11
33.016778
 21
278.934710
 31
0.0
  0
SPLINE
  5
1d9
100
AcDbEntity
  8
0
 62
7
100
AcDbSpline
 70
8
 71
3
 72
8
 73
4
 74
0
 40
0
 40
0
 40
0
 40
0
 40
1
 40
1
 40
1
 40
1
 10
33.016778
 20
278.934710
 30
0.0
 10
33.017315
 20
279.083966
 30
0.0
 10
33.017315
 20
279.232487
 30
0.0
 10
33.017315
 20
279.380694
 30
0.0
  0
LINE
  5
1da
100
AcDbEntity
  8
0
 62
7
100
AcDbLine
 10
33.017315
 20
279.380694
 30
0.0
 11
33.017315
 21
279.380694
 31
0.0
  0
SPLINE
  5
1db
100
AcDbEntity
  8
0
 62
7
100
AcDbSpline
 70
8
 71
3
 72
8
 73
4
 74
0
 40
0
 40
0
 40
0
 40
0
 40
1
 40
1
 40
1
 40
1
 10
36.803913
 20
283.484624
 30
0.0
 10
36.804484
 20
282.817905
 30
0.0
 10
36.807238
 20
282.151523
 30
0.0
 10
36.813956
 20
281.484825
 30
0.0
  0
LINE
  5
1dc
100
AcDbEntity
  8
0
 62
7
100
AcDbLine
 10
36.813956
 20
281.484825
 30
0.0
 11
36.408897
 21
281.484825
 31
0.0
  0
LINE
  5
1dd
100
AcDbEntity
  8
0
 62
7
100
AcDbLine
 10
36.408897
 20
281.484825
 30
0.0
 11
36.408897
 21
283.484624
 31
0.0
  0
LINE
  5
1de
100
AcDbEntity
  8
0
 62
7
100
AcDbLine
 10
36.408897
 20
283.484624
 30
0.0
 11
36.803913
 21
283.484624
 31
0.0
  0
LINE
  5
1df
100
AcDbEntity
  8
0
 62
7
100
AcDbLine
 10
36.803913
 20
283.484624
 30
0.0
 11
36.803913
 21
283.484624
 31
0.0
  0
LINE
  5
1e0
100
AcDbEntity
  8
0
 62
7
100
AcDbLine
 10
35.938578
 20
283.484624
 30
0.0
 11
35.938578
 21
281.484825
 31
0.0
  0
LINE
  5
1e1
100
AcDbEntity
  8
0
 62
7
100
AcDbLine
 10
35.938578
 20
281.484825
 30
0.0
 11
34.658141
 21
281.484825
 31
0.0
  0
SPLINE
  5
1e2
100
AcDbEntity
  8
0
 62
7
100
AcDbSpline
 70
8
 71
3
 72
8
 73
4
 74
0
 40
0
 40
0
 40
0
 40
0
 40
1
 40
1
 40
1
 40
1
 10
34.658141
 20
281.484825
 30
0.0
 10
34.655957
 20
282.151523
 30
0.0
 10
34.652599
 20
282.817905
 30
0.0
 10
34.650919
 20
283.484624
 30
0.0
  0
LINE
  5
1e3
100
AcDbEntity
  8
0
 62
7
100
AcDbLine
 10
34.650919
 20
283.484624
 30
0.0
 11
35.938578
 21
283.484624
 31
0.0
  0
LINE
  5
1e4
100
AcDbEntity
  8
0
 62
7
100
AcDbLine
 10
35.938578
 20
283.484624
 30
0.0
 11
35.938578
 21
283.484624
 31
0.0
  0
SPLINE
  5
1e5
100
AcDbEntity
  8
0
 62
7
100
AcDbSpline
 70
8
 71
3
 72
8
 73
4
 74
0
 40
0
 40
0
 40
0
 40
0
 40
1
 40
1
 40
1
 40
1
 10
34.067345
 20
283.485296
 30
0.0
 10
34.069528
 20
282.818598
 30
0.0
 10
34.072383
 20
282.152215
 30
0.0
 10
34.074600
 20
281.485497
 30
0.0
  0
LINE
  5
1e6
100
AcDbEntity
  8
0
 62
7
100
AcDbLine
 10
34.074600
 20
281.485497
 30
0.0
 11
33.210910
 21
281.485497
 31
0.0
  0
LINE
  5
1e7
100
AcDbEntity
  8
0
 62
7
100
AcDbLine
 10
33.210910
 20
281.485497
 30
0.0
 11
33.210910
 21
283.485296
 31
0.0
  0
LINE
  5
1e8
100
AcDbEntity
  8
0
 62
7
100
AcDbLine
 10
33.210910
 20
283.485296
 30
0.0
 11
34.067345
 21
283.485296
 31
0.0
  0
LINE
  5
1e9
100
AcDbEntity
  8
0
 62
7
100
AcDbLine
 10
34.067345
 20
283.485296
 30
0.0
 11
34.067345
 21
283.485296
 31
0.0
  0
LINE
  5
1ea
100
AcDbEntity
  8
0
 62
7
100
AcDbLine
 10
32.398609
 20
281.249752
 30
0.0
 11
34.076212
 21
281.249752
 31
0.0
  0
SPLINE
  5
1eb
100
AcDbEntity
  8
0
 62
7
100
AcDbSpline
 70
8
 71
3
 72
8
 73
4
 74
0
 40
0
 40
0
 40
0
 40
0
 40
1
 40
1
 40
1
 40
1
 10
34.076212
 20
281.249752
 30
0.0
 10
34.077354
 20
281.029710
 30
0.0
 10
34.077892
 20
280.810717
 30
0.0
 10
34.079067
 20
280.590717
 30
0.0
  0
SPLINE
  5
1ec
100
AcDbEntity
  8
0
 62
7
100
AcDbSpline
 70
8
 71
3
 72
8
 73
4
 74
0
 40
0
 40
0
 40
0
 40
0
 40
1
 40
1
 40
1
 40
1
 10
34.079067
 20
280.590717
 30
0.0
 10
33.518870
 20
280.810738
 30
0.0
 10
32.958235
 20
281.029731
 30
0.0
 10
32.398609
 20
281.249752
 30
0.0
  0
LINE
  5
1ed
100
AcDbEntity
  8
0
 62
7
100
AcDbLine
 10
32.398609
 20
281.249752
 30
0.0
 11
32.398609
 21
281.249752
 31
0.0
  0
SPLINE
  5
1ee
100
AcDbEntity
  8
0
 62
7
100
AcDbSpline
 70
8
 71
3
 72
8
 73
4
 74
0
 40
0
 40
0
 40
0
 40
0
 40
1
 40
1
 40
1
 40
1
 10
32.085612
 20
281.074360
 30
0.0
 10
32.581591
 20
280.879803
 30
0.0
 10
33.077570
 20
280.685203
 30
0.0
 10
33.573549
 20
280.491674
 30
0.0
  0
LINE
  5
1ef
100
AcDbEntity
  8
0
 62
7
100
AcDbLine
 10
33.573549
 20
280.491674
 30
0.0
 11
32.078357
 21
280.491674
 31
0.0
  0
SPLINE
  5
1f0
100
AcDbEntity
  8
0
 62
7
100
AcDbSpline
 70
8
 71
3
 72
8
 73
4
 74
0
 40
0
 40
0
 40
0
 40
0
 40
1
 40
1
 40
1
 40
1
 10
32.078357
 20
280.491674
 30
0.0
 10
32.080573
 20
280.685203
 30
0.0
 10
32.083361
 20
280.879803
 30
0.0
 10
32.085612
 20
281.074360
 30
0.0
  0
LINE
  5
1f1
100
AcDbEntity
  8
0
 62
7
100
AcDbLine
 10
32.085612
 20
281.074360
 30
0.0
 11
32.085612
 21
281.074360
 31
0.0
  0
LINE
  5
1f2
100
AcDbEntity
  8
0
 62
7
100
AcDbLine
 10
34.659283
 20
281.249038
 30
0.0
 11
36.464114
 21
281.249038
 31
0.0
  0
SPLINE
  5
1f3
100
AcDbEntity
  8
0
 62
7
100
AcDbSpline
 70
8
 71
3
 72
8
 73
4
 74
0
 40
0
 40
0
 40
0
 40
0
 40
1
 40
1
 40
1
 40
1
 10
36.464114
 20
281.249038
 30
0.0
 10
35.863242
 20
281.033887
 30
0.0
 10
35.262371
 20
280.819429
 30
0.0
 10
34.661499
 20
280.604299
 30
0.0
  0
SPLINE
  5
1f4
100
AcDbEntity
  8
0
 62
7
100
AcDbSpline
 70
8
 71
3
 72
8
 73
4
 74
0
 40
0
 40
0
 40
0
 40
0
 40
1
 40
1
 40
1
 40
1
 10
34.661499
 20
280.604299
 30
0.0
 10
34.660928
 20
280.819471
 30
0.0
 10
34.659820
 20
281.033929
 30
0.0
 10
34.659283
 20
281.249038
 30
0.0
  0
LINE
  5
1f5
100
AcDbEntity
  8
0
 62
7
100
AcDbLine
 10
34.659283
 20
281.249038
 30
0.0
 11
34.659283
 21
281.249038
 31
0.0
  0
SPLINE
  5
1f6
100
AcDbEntity
  8
0
 62
7
100
AcDbSpline
 70
8
 71
3
 72
8
 73
4
 74
0
 40
0
 40
0
 40
0
 40
0
 40
1
 40
1
 40
1
 40
1
 10
33.761032
 20
280.254943
 30
0.0
 10
33.512757
 20
280.102559
 30
0.0
 10
33.265590
 20
279.950154
 30
0.0
 10
33.017315
 20
279.797792
 30
0.0
  0
LINE
  5
1f7
100
AcDbEntity
  8
0
 62
7
100
AcDbLine
 10
33.017315
 20
279.797792
 30
0.0
 11
33.017315
 21
279.823234
 31
0.0
  0
LINE
  5
1f8
100
AcDbEntity
  8
0
 62
7
100
AcDbLine
 10
33.017315
 20
279.823234
 30
0.0
 11
33.017315
 21
280.254943
 31
0.0
  0
LINE
  5
1f9
100
AcDbEntity
  8
0
 62
7
100
AcDbLine
 10
33.017315
 20
280.254943
 30
0.0
 11
33.761032
 21
280.254943
 31
0.0
  0
LINE
  5
1fa
100
AcDbEntity
  8
0
 62
7
100
AcDbLine
 10
33.761032
 20
280.254943
 30
0.0
 11
33.761032
 21
280.254943
 31
0.0
  0
SPLINE
  5
1fb
100
AcDbEntity
  8
0
 62
7
100
AcDbSpline
 70
8
 71
3
 72
8
 73
4
 74
0
 40
0
 40
0
 40
0
 40
0
 40
1
 40
1
 40
1
 40
1
 10
36.965702
 20
286.988717
 30
0.0
 10
37.260797
 20
286.738026
 30
0.0
 10
37.426482
 20
286.462543
 30
0.0
 10
37.504639
 20
286.179040
 30
0.0
  0
SPLINE
  5
1fc
100
AcDbEntity
  8
0
 62
7
100
AcDbSpline
 70
8
 71
3
 72
8
 73
4
 74
0
 40
0
 40
0
 40
0
 40
0
 40
1
 40
1
 40
1
 40
1
 10
37.504639
 20
286.179040
 30
0.0
 10
36.634836
 20
286.698938
 30
0.0
 10
35.765605
 20
287.219214
 30
0.0
 10
34.895332
 20
287.739112
 30
0.0
  0
SPLINE
  5
1fd
100
AcDbEntity
  8
0
 62
7
100
AcDbSpline
 70
8
 71
3
 72
8
 73
4
 74
0
 40
0
 40
0
 40
0
 40
0
 40
1
 40
1
 40
1
 40
1
 10
34.895332
 20
287.739112
 30
0.0
 10
35.790728
 20
287.685770
 30
0.0
 10
36.511001
 20
287.375418
 30
0.0
 10
36.965702
 20
286.988717
 30
0.0
  0
LINE
  5
1fe
100
AcDbEntity
  8
0
 62
7
100
AcDbLine
 10
36.965702
 20
286.988717
 30
0.0
 11
36.965702
 21
286.988717
 31
0.0
  0
SPLINE
  5
1ff
100
AcDbEntity
  8
0
 62
7
100
AcDbSpline
 70
8
 71
3
 72
8
 73
4
 74
0
 40
0
 40
0
 40
0
 40
0
 40
1
 40
1
 40
1
 40
1
 10
34.634126
 20
287.528201
 30
0.0
 10
35.497581
 20
287.012229
 30
0.0
 10
36.361102
 20
286.495564
 30
0.0
 10
37.225061
 20
285.979571
 30
0.0
  0
LINE
  5
200
100
AcDbEntity
  8
0
 62
7
100
AcDbLine
 10
37.225061
 20
285.979571
 30
0.0
 11
34.640272
 21
285.979571
 31
0.0
  0
SPLINE
  5
201
100
AcDbEntity
  8
0
 62
7
100
AcDbSpline
 70
8
 71
3
 72
8
 73
4
 74
0
 40
0
 40
0
 40
0
 40
0
 40
1
 40
1
 40
1
 40
1
 10
34.640272
 20
285.979571
 30
0.0
 10
34.638627
 20
286.495564
 30
0.0
 10
34.636343
 20
287.012229
 30
0.0
 10
34.634126
 20
287.528201
 30
0.0
  0
LINE
  5
202
100
AcDbEntity
  8
0
 62
7
100
AcDbLine
 10
34.634126
 20
287.528201
 30
0.0
 11
34.634126
 21
287.528201
 31
0.0
  0
LINE
  5
203
100
AcDbEntity
  8
0
 62
7
100
AcDbLine
 10
36.256042
 20
285.743154
 30
0.0
 11
36.256042
 21
284.413223
 31
0.0
  0
SPLINE
  5
204
100
AcDbEntity
  8
0
 62
7
100
AcDbSpline
 70
8
 71
3
 72
8
 73
4
 74
0
 40
0
 40
0
 40
0
 40
0
 40
1
 40
1
 40
1
 40
1
 10
36.256042
 20
284.413223
 30
0.0
 10
35.727719
 20
284.857149
 30
0.0
 10
35.198791
 20
285.299984
 30
0.0
 10
34.669930
 20
285.743154
 30
0.0
  0
LINE
  5
205
100
AcDbEntity
  8
0
 62
7
100
AcDbLine
 10
34.669930
 20
285.743154
 30
0.0
 11
36.256042
 21
285.743154
 31
0.0
  0
LINE
  5
206
100
AcDbEntity
  8
0
 62
7
100
AcDbLine
 10
36.256042
 20
285.743154
 30
0.0
 11
36.256042
 21
285.743154
 31
0.0
  0
SPLINE
  5
207
100
AcDbEntity
  8
0
 62
7
100
AcDbSpline
 70
8
 71
3
 72
8
 73
4
 74
0
 40
0
 40
0
 40
0
 40
0
 40
1
 40
1
 40
1
 40
1
 10
34.642556
 20
285.306575
 30
0.0
 10
35.120163
 20
284.905578
 30
0.0
 10
35.598274
 20
284.504561
 30
0.0
 10
36.076385
 20
284.103921
 30
0.0
  0
LINE
  5
208
100
AcDbEntity
  8
0
 62
7
100
AcDbLine
 10
36.076385
 20
284.103921
 30
0.0
 11
34.647057
 21
284.103921
 31
0.0
  0
SPLINE
  5
209
100
AcDbEntity
  8
0
 62
7
100
AcDbSpline
 70
8
 71
3
 72
8
 73
4
 74
0
 40
0
 40
0
 40
0
 40
0
 40
1
 40
1
 40
1
 40
1
 10
34.647057
 20
284.103921
 30
0.0
 10
34.645378
 20
284.504897
 30
0.0
 10
34.644269
 20
284.905578
 30
0.0
 10
34.642556
 20
285.306575
 30
0.0
  0
LINE
  5
20a
100
AcDbEntity
  8
0
 62
7
100
AcDbLine
 10
34.642556
 20
285.306575
 30
0.0
 11
34.642556
 21
285.306575
 31
0.0
  0
SPLINE
  5
20b
100
AcDbEntity
  8
0
 62
7
100
AcDbSpline
 70
8
 71
3
 72
8
 73
4
 74
0
 40
0
 40
0
 40
0
 40
0
 40
1
 40
1
 40
1
 40
1
 10
34.060628
 20
285.189774
 30
0.0
 10
34.061736
 20
284.828515
 30
0.0
 10
34.063416
 20
284.466585
 30
0.0
 10
34.064524
 20
284.104613
 30
0.0
  0
LINE
  5
20c
100
AcDbEntity
  8
0
 62
7
100
AcDbLine
 10
34.064524
 20
284.104613
 30
0.0
 11
32.761214
 21
284.104613
 31
0.0
  0
SPLINE
  5
20d
100
AcDbEntity
  8
0
 62
7
100
AcDbSpline
 70
8
 71
3
 72
8
 73
4
 74
0
 40
0
 40
0
 40
0
 40
0
 40
1
 40
1
 40
1
 40
1
 10
32.761214
 20
284.104613
 30
0.0
 10
33.194218
 20
284.519906
 30
0.0
 10
33.627120
 20
284.934884
 30
0.0
 10
34.060057
 20
285.350176
 30
0.0
  0
SPLINE
  5
20e
100
AcDbEntity
  8
0
 62
7
100
AcDbSpline
 70
8
 71
3
 72
8
 73
4
 74
0
 40
0
 40
0
 40
0
 40
0
 40
1
 40
1
 40
1
 40
1
 10
34.060057
 20
285.350176
 30
0.0
 10
34.060057
 20
285.296814
 30
0.0
 10
34.060057
 20
285.243808
 30
0.0
 10
34.060628
 20
285.189774
 30
0.0
  0
LINE
  5
20f
100
AcDbEntity
  8
0
 62
7
100
AcDbLine
 10
34.060628
 20
285.189774
 30
0.0
 11
34.060628
 21
285.189774
 31
0.0
  0
SPLINE
  5
210
100
AcDbEntity
  8
0
 62
7
100
AcDbSpline
 70
8
 71
3
 72
8
 73
4
 74
0
 40
0
 40
0
 40
0
 40
0
 40
1
 40
1
 40
1
 40
1
 10
33.939009
 20
285.743868
 30
0.0
 10
33.508323
 20
285.330989
 30
0.0
 10
33.077570
 20
284.918132
 30
0.0
 10
32.647992
 20
284.505274
 30
0.0
  0
LINE
  5
211
100
AcDbEntity
  8
0
 62
7
100
AcDbLine
 10
32.647992
 20
284.505274
 30
0.0
 11
32.647992
 21
285.743868
 31
0.0
  0
LINE
  5
212
100
AcDbEntity
  8
0
 62
7
100
AcDbLine
 10
32.647992
 20
285.743868
 30
0.0
 11
33.939009
 21
285.743868
 31
0.0
  0
LINE
  5
213
100
AcDbEntity
  8
0
 62
7
100
AcDbLine
 10
33.939009
 20
285.743868
 30
0.0
 11
33.939009
 21
285.743868
 31
0.0
  0
SPLINE
  5
214
100
AcDbEntity
  8
0
 62
7
100
AcDbSpline
 70
8
 71
3
 72
8
 73
4
 74
0
 40
0
 40
0
 40
0
 40
0
 40
1
 40
1
 40
1
 40
1
 10
34.051123
 20
287.470976
 30
0.0
 10
34.052802
 20
286.974191
 30
0.0
 10
34.055657
 20
286.477405
 30
0.0
 10
34.057303
 20
285.980263
 30
0.0
  0
LINE
  5
215
100
AcDbEntity
  8
0
 62
7
100
AcDbLine
 10
34.057303
 20
285.980263
 30
0.0
 11
31.607501
 21
285.980263
 31
0.0
  0
SPLINE
  5
216
100
AcDbEntity
  8
0
 62
7
100
AcDbSpline
 70
8
 71
3
 72
8
 73
4
 74
0
 40
0
 40
0
 40
0
 40
0
 40
1
 40
1
 40
1
 40
1
 10
31.607501
 20
285.980263
 30
0.0
 10
32.422456
 20
286.477049
 30
0.0
 10
33.236235
 20
286.974191
 30
0.0
 10
34.051123
 20
287.470976
 30
0.0
  0
LINE
  5
217
100
AcDbEntity
  8
0
 62
7
100
AcDbLine
 10
34.051123
 20
287.470976
 30
0.0
 11
34.051123
 21
287.470976
 31
0.0
  0
SPLINE
  5
218
100
AcDbEntity
  8
0
 62
7
100
AcDbSpline
 70
8
 71
3
 72
8
 73
4
 74
0
 40
0
 40
0
 40
0
 40
0
 40
1
 40
1
 40
1
 40
1
 10
32.847163
 20
287.508657
 30
0.0
 10
33.152939
 20
287.620610
 30
0.0
 10
33.499927
 20
287.696938
 30
0.0
 10
33.866529
 20
287.729371
 30
0.0
  0
SPLINE
  5
219
100
AcDbEntity
  8
0
 62
7
100
AcDbSpline
 70
8
 71
3
 72
8
 73
4
 74
0
 40
0
 40
0
 40
0
 40
0
 40
1
 40
1
 40
1
 40
1
 10
33.866529
 20
287.729371
 30
0.0
 10
33.045830
 20
287.228304
 30
0.0
 10
32.224561
 20
286.727572
 30
0.0
 10
31.403896
 20
286.226462
 30
0.0
  0
SPLINE
  5
21a
100
AcDbEntity
  8
0
 62
7
100
AcDbSpline
 70
8
 71
3
 72
8
 73
4
 74
0
 40
0
 40
0
 40
0
 40
0
 40
1
 40
1
 40
1
 40
1
 10
31.403896
 20
286.226462
 30
0.0
 10
31.553426
 20
286.718860
 30
0.0
 10
32.040471
 20
287.212622
 30
0.0
 10
32.847163
 20
287.508657
 30
0.0
  0
LINE
  5
21b
100
AcDbEntity
  8
0
 62
7
100
AcDbLine
 10
32.847163
 20
287.508657
 30
0.0
 11
32.847163
 21
287.508657
 31
0.0
  0
LINE
  5
21c
100
AcDbEntity
  8
0
 62
7
100
AcDbLine
 10
31.344749
 20
283.868533
 30
0.0
 11
34.065666
 21
283.868533
 31
0.0
  0
SPLINE
  5
21d
100
AcDbEntity
  8
0
 62
7
100
AcDbSpline
 70
8
 71
3
 72
8
 73
4
 74
0
 40
0
 40
0
 40
0
 40
0
 40
1
 40
1
 40
1
 40
1
 10
34.065666
 20
283.868533
 30
0.0
 10
34.065666
 20
283.819348
 30
0.0
 10
34.066203
 20
283.770163
 30
0.0
 10
34.066203
 20
283.721733
 30
0.0
  0
LINE
  5
21e
100
AcDbEntity
  8
0
 62
7
100
AcDbLine
 10
34.066203
 20
283.721733
 30
0.0
 11
31.344749
 21
283.721733
 31
0.0
  0
LINE
  5
21f
100
AcDbEntity
  8
0
 62
7
100
AcDbLine
 10
31.344749
 20
283.721733
 30
0.0
 11
31.344749
 21
283.868533
 31
0.0
  0
LINE
  5
220
100
AcDbEntity
  8
0
 62
7
100
AcDbLine
 10
31.344749
 20
283.868533
 30
0.0
 11
31.344749
 21
283.868533
 31
0.0
  0
SPLINE
  5
221
100
AcDbEntity
  8
0
 62
7
100
AcDbSpline
 70
8
 71
3
 72
8
 73
4
 74
0
 40
0
 40
0
 40
0
 40
0
 40
1
 40
1
 40
1
 40
1
 10
37.422586
 20
285.743154
 30
0.0
 10
37.191104
 20
285.397934
 30
0.0
 10
36.958984
 20
285.052399
 30
0.0
 10
36.727436
 20
284.707179
 30
0.0
  0
LINE
  5
222
100
AcDbEntity
  8
0
 62
7
100
AcDbLine
 10
36.727436
 20
284.707179
 30
0.0
 11
36.727436
 21
285.743154
 31
0.0
  0
LINE
  5
223
100
AcDbEntity
  8
0
 62
7
100
AcDbLine
 10
36.727436
 20
285.743154
 30
0.0
 11
37.422586
 21
285.743154
 31
0.0
  0
LINE
  5
224
100
AcDbEntity
  8
0
 62
7
100
AcDbLine
 10
37.422586
 20
285.743154
 30
0.0
 11
37.422586
 21
285.743154
 31
0.0
  0
LINE
  5
225
100
AcDbEntity
  8
0
 62
7
100
AcDbLine
 10
35.887190
 20
277.058661
 30
0.0
 11
35.887190
 21
276.531458
 31
0.0
  0
SPLINE
  5
226
100
AcDbEntity
  8
0
 62
7
100
AcDbSpline
 70
8
 71
3
 72
8
 73
4
 74
0
 40
0
 40
0
 40
0
 40
0
 40
1
 40
1
 40
1
 40
1
 10
35.887190
 20
276.531458
 30
0.0
 10
35.652887
 20
276.707563
 30
0.0
 10
35.417442
 20
276.883291
 30
0.0
 10
35.181997
 20
277.058661
 30
0.0
  0
LINE
  5
227
100
AcDbEntity
  8
0
 62
7
100
AcDbLine
 10
35.181997
 20
277.058661
 30
0.0
 11
35.887190
 21
277.058661
 31
0.0
  0
LINE
  5
228
100
AcDbEntity
  8
0
 62
7
100
AcDbLine
 10
35.887190
 20
277.058661
 30
0.0
 11
35.887190
 21
277.058661
 31
0.0
  0
SPLINE
  5
229
100
AcDbEntity
  8
0
 62
7
100
AcDbSpline
 70
8
 71
3
 72
8
 73
4
 74
0
 40
0
 40
0
 40
0
 40
0
 40
1
 40
1
 40
1
 40
1
 10
36.903196
 20
276.792625
 30
0.0
 10
36.913810
 20
276.443248
 30
0.0
 10
36.924994
 20
276.094879
 30
0.0
 10
36.937254
 20
275.746153
 30
0.0
  0
SPLINE
  5
22a
100
AcDbEntity
  8
0
 62
7
100
AcDbSpline
 70
8
 71
3
 72
8
 73
4
 74
0
 40
0
 40
0
 40
0
 40
0
 40
1
 40
1
 40
1
 40
1
 10
36.937254
 20
275.746153
 30
0.0
 10
36.744196
 20
275.890539
 30
0.0
 10
36.551238
 20
276.034190
 30
0.0
 10
36.358180
 20
276.178912
 30
0.0
  0
SPLINE
  5
22b
100
AcDbEntity
  8
0
 62
7
100
AcDbSpline
 70
8
 71
3
 72
8
 73
4
 74
0
 40
0
 40
0
 40
0
 40
0
 40
1
 40
1
 40
1
 40
1
 10
36.358180
 20
276.178912
 30
0.0
 10
36.358180
 20
276.259103
 30
0.0
 10
36.358180
 20
276.338601
 30
0.0
 10
36.358079
 20
276.418792
 30
0.0
  0
SPLINE
  5
22c
100
AcDbEntity
  8
0
 62
7
100
AcDbSpline
 70
8
 71
3
 72
8
 73
4
 74
0
 40
0
 40
0
 40
0
 40
0
 40
1
 40
1
 40
1
 40
1
 10
36.358079
 20
276.418792
 30
0.0
 10
36.539953
 20
276.543298
 30
0.0
 10
36.721289
 20
276.668140
 30
0.0
 10
36.903196
 20
276.792625
 30
0.0
  0
LINE
  5
22d
100
AcDbEntity
  8
0
 62
7
100
AcDbLine
 10
36.903196
 20
276.792625
 30
0.0
 11
36.903196
 21
276.792625
 31
0.0
  0
LINE
  5
22e
100
AcDbEntity
  8
0
 62
7
100
AcDbLine
 10
35.888365
 20
276.095950
 30
0.0
 11
35.888365
 21
275.572504
 31
0.0
  0
LINE
  5
22f
100
AcDbEntity
  8
0
 62
7
100
AcDbLine
 10
35.888365
 20
275.572504
 30
0.0
 11
35.124563
 21
275.572504
 31
0.0
  0
SPLINE
  5
230
100
AcDbEntity
  8
0
 62
7
100
AcDbSpline
 70
8
 71
3
 72
8
 73
4
 74
0
 40
0
 40
0
 40
0
 40
0
 40
1
 40
1
 40
1
 40
1
 10
35.124563
 20
275.572504
 30
0.0
 10
35.378985
 20
275.747203
 30
0.0
 10
35.633406
 20
275.921188
 30
0.0
 10
35.888365
 20
276.095950
 30
0.0
  0
LINE
  5
231
100
AcDbEntity
  8
0
 62
7
100
AcDbLine
 10
35.888365
 20
276.095950
 30
0.0
 11
35.888365
 21
276.095950
 31
0.0
  0
LINE
  5
232
100
AcDbEntity
  8
0
 62
7
100
AcDbLine
 10
36.356467
 20
280.254208
 30
0.0
 11
36.658246
 21
280.254208
 31
0.0
  0
SPLINE
  5
233
100
AcDbEntity
  8
0
 62
7
100
AcDbSpline
 70
8
 71
3
 72
8
 73
4
 74
0
 40
0
 40
0
 40
0
 40
0
 40
1
 40
1
 40
1
 40
1
 10
36.658246
 20
280.254208
 30
0.0
 10
36.557855
 20
280.198746
 30
0.0
 10
36.456859
 20
280.142949
 30
0.0
 10
36.356467
 20
280.087487
 30
0.0
  0
LINE
  5
234
100
AcDbEntity
  8
0
 62
7
100
AcDbLine
 10
36.356467
 20
280.087487
 30
0.0
 11
36.356467
 21
280.254208
 31
0.0
  0
LINE
  5
235
100
AcDbEntity
  8
0
 62
7
100
AcDbLine
 10
36.356467
 20
280.254208
 30
0.0
 11
36.356467
 21
280.254208
 31
0.0
  0
LINE
  5
236
100
AcDbEntity
  8
0
 62
7
100
AcDbLine
 10
36.357005
 20
278.698315
 30
0.0
 11
36.615860
 21
278.698315
 31
0.0
  0
SPLINE
  5
237
100
AcDbEntity
  8
0
 62
7
100
AcDbSpline
 70
8
 71
3
 72
8
 73
4
 74
0
 40
0
 40
0
 40
0
 40
0
 40
1
 40
1
 40
1
 40
1
 10
36.615860
 20
278.698315
 30
0.0
 10
36.529944
 20
278.635547
 30
0.0
 10
36.443458
 20
278.573788
 30
0.0
 10
36.357005
 20
278.511042
 30
0.0
  0
LINE
  5
238
100
AcDbEntity
  8
0
 62
7
100
AcDbLine
 10
36.357005
 20
278.511042
 30
0.0
 11
36.357005
 21
278.698315
 31
0.0
  0
LINE
  5
239
100
AcDbEntity
  8
0
 62
7
100
AcDbLine
 10
36.357005
 20
278.698315
 30
0.0
 11
36.357005
 21
278.698315
 31
0.0
  0
SPLINE
  5
23a
100
AcDbEntity
  8
0
 62
7
100
AcDbSpline
 70
8
 71
3
 72
8
 73
4
 74
0
 40
0
 40
0
 40
0
 40
0
 40
1
 40
1
 40
1
 40
1
 10
36.357542
 20
277.416792
 30
0.0
 10
36.423977
 20
277.376360
 30
0.0
 10
36.490379
 20
277.335929
 30
0.0
 10
36.556747
 20
277.295456
 30
0.0
  0
LINE
  5
23b
100
AcDbEntity
  8
0
 62
7
100
AcDbLine
 10
36.556747
 20
277.295456
 30
0.0
 11
36.357542
 21
277.295456
 31
0.0
  0
LINE
  5
23c
100
AcDbEntity
  8
0
 62
7
100
AcDbLine
 10
36.357542
 20
277.295456
 30
0.0
 11
36.357542
 21
277.416792
 31
0.0
  0
LINE
  5
23d
100
AcDbEntity
  8
0
 62
7
100
AcDbLine
 10
36.357542
 20
277.416792
 30
0.0
 11
36.357542
 21
277.416792
 31
0.0
  0
LINE
  5
23e
100
AcDbEntity
  8
0
 62
7
100
AcDbLine
 10
36.357542
 20
277.058661
 30
0.0
 11
36.711280
 21
277.058661
 31
0.0
  0
SPLINE
  5
23f
100
AcDbEntity
  8
0
 62
7
100
AcDbSpline
 70
8
 71
3
 72
8
 73
4
 74
0
 40
0
 40
0
 40
0
 40
0
 40
1
 40
1
 40
1
 40
1
 10
36.711280
 20
277.058661
 30
0.0
 10
36.593524
 20
276.977757
 30
0.0
 10
36.475298
 20
276.897566
 30
0.0
 10
36.357542
 20
276.816661
 30
0.0
  0
LINE
  5
240
100
AcDbEntity
  8
0
 62
7
100
AcDbLine
 10
36.357542
 20
276.816661
 30
0.0
 11
36.357542
 21
277.058661
 31
0.0
  0
LINE
  5
241
100
AcDbEntity
  8
0
 62
7
100
AcDbLine
 10
36.357542
 20
277.058661
 30
0.0
 11
36.357542
 21
277.058661
 31
0.0
  0
SPLINE
  5
242
100
AcDbEntity
  8
0
 62
7
100
AcDbSpline
 70
8
 71
3
 72
8
 73
4
 74
0
 40
0
 40
0
 40
0
 40
0
 40
1
 40
1
 40
1
 40
1
 10
36.358079
 20
275.755915
 30
0.0
 10
36.440132
 20
275.694890
 30
0.0
 10
36.521581
 20
275.633865
 30
0.0
 10
36.603029
 20
275.572504
 30
0.0
  0
LINE
  5
243
100
AcDbEntity
  8
0
 62
7
100
AcDbLine
 10
36.603029
 20
275.572504
 30
0.0
 11
36.358079
 21
275.572504
 31
0.0
  0
LINE
  5
244
100
AcDbEntity
  8
0
 62
7
100
AcDbLine
 10
36.358079
 20
275.572504
 30
0.0
 11
36.358079
 21
275.755915
 31
0.0
  0
LINE
  5
245
100
AcDbEntity
  8
0
 62
7
100
AcDbLine
 10
36.358079
 20
275.755915
 30
0.0
 11
36.358079
 21
275.755915
 31
0.0
  0
LINE
  5
246
100
AcDbEntity
  8
0
 62
7
100
AcDbLine
 10
37.558177
 20
283.813449
 30
0.0
 11
37.558177
 21
283.721376
 31
0.0
  0
LINE
  5
247
100
AcDbEntity
  8
0
 62
7
100
AcDbLine
 10
37.558177
 20
283.721376
 30
0.0
 11
34.648703
 21
283.721376
 31
0.0
  0
SPLINE
  5
248
100
AcDbEntity
  8
0
 62
7
100
AcDbSpline
 70
8
 71
3
 72
8
 73
4
 74
0
 40
0
 40
0
 40
0
 40
0
 40
1
 40
1
 40
1
 40
1
 10
34.648703
 20
283.721376
 30
0.0
 10
34.648703
 20
283.769827
 30
0.0
 10
34.648132
 20
283.819012
 30
0.0
 10
34.648132
 20
283.868155
 30
0.0
  0
LINE
  5
249
100
AcDbEntity
  8
0
 62
7
100
AcDbLine
 10
34.648132
 20
283.868155
 30
0.0
 11
37.558244
 21
283.868155
 31
0.0
  0
SPLINE
  5
24a
100
AcDbEntity
  8
0
 62
7
100
AcDbSpline
 70
8
 71
3
 72
8
 73
4
 74
0
 40
0
 40
0
 40
0
 40
0
 40
1
 40
1
 40
1
 40
1
 10
37.558244
 20
283.868155
 30
0.0
 10
37.558244
 20
283.850039
 30
0.0
 10
37.558244
 20
283.831565
 30
0.0
 10
37.558177
 20
283.813449
 30
0.0
  0
LINE
  5
24b
100
AcDbEntity
  8
0
 62
7
100
AcDbLine
 10
37.558177
 20
283.813449
 30
0.0
 11
37.558177
 21
283.813449
 31
0.0
  0
LINE
  5
24c
100
AcDbEntity
  8
0
 62
7
100
AcDbLine
 10
37.558177
 20
285.206526
 30
0.0
 11
37.558177
 21
284.103921
 31
0.0
  0
LINE
  5
24d
100
AcDbEntity
  8
0
 62
7
100
AcDbLine
 10
37.558177
 20
284.103921
 30
0.0
 11
36.818960
 21
284.103921
 31
0.0
  0
SPLINE
  5
24e
100
AcDbEntity
  8
0
 62
7
100
AcDbSpline
 70
8
 71
3
 72
8
 73
4
 74
0
 40
0
 40
0
 40
0
 40
0
 40
1
 40
1
 40
1
 40
1
 10
36.818960
 20
284.103921
 30
0.0
 10
37.065052
 20
284.471456
 30
0.0
 10
37.312185
 20
284.839012
 30
0.0
 10
37.558177
 20
285.206526
 30
0.0
  0
LINE
  5
24f
100
AcDbEntity
  8
0
 62
7
100
AcDbLine
 10
37.558177
 20
285.206526
 30
0.0
 11
37.558177
 21
285.206526
 31
0.0
  0
SPLINE
  5
250
100
AcDbEntity
  8
0
 62
7
100
AcDbSpline
 70
8
 71
3
 72
8
 73
4
 74
0
 40
0
 40
0
 40
0
 40
0
 40
1
 40
1
 40
1
 40
1
 10
38.869782
 20
257.365607
 30
0.0
 10
38.997010
 20
256.639249
 30
0.0
 10
39.133138
 20
255.913961
 30
0.0
 10
39.280988
 20
255.189367
 30
0.0
  0
SPLINE
  5
251
100
AcDbEntity
  8
0
 62
7
100
AcDbSpline
 70
8
 71
3
 72
8
 73
4
 74
0
 40
0
 40
0
 40
0
 40
0
 40
1
 40
1
 40
1
 40
1
 10
39.280988
 20
255.189367
 30
0.0
 10
38.770533
 20
255.580581
 30
0.0
 10
38.260011
 20
255.971502
 30
0.0
 10
37.750059
 20
256.362737
 30
0.0
  0
SPLINE
  5
252
100
AcDbEntity
  8
0
 62
7
100
AcDbSpline
 70
8
 71
3
 72
8
 73
4
 74
0
 40
0
 40
0
 40
0
 40
0
 40
1
 40
1
 40
1
 40
1
 10
37.750059
 20
256.362737
 30
0.0
 10
38.123311
 20
256.696789
 30
0.0
 10
38.496530
 20
257.031198
 30
0.0
 10
38.869782
 20
257.365607
 30
0.0
  0
LINE
  5
253
100
AcDbEntity
  8
0
 62
7
100
AcDbLine
 10
38.869782
 20
257.365607
 30
0.0
 11
38.869782
 21
257.365607
 31
0.0
  0
SPLINE
  5
254
100
AcDbEntity
  8
0
 62
7
100
AcDbSpline
 70
8
 71
3
 72
8
 73
4
 74
0
 40
0
 40
0
 40
0
 40
0
 40
1
 40
1
 40
1
 40
1
 10
37.521365
 20
256.159069
 30
0.0
 10
38.038000
 20
255.762963
 30
0.0
 10
38.554636
 20
255.367151
 30
0.0
 10
39.071237
 20
254.971382
 30
0.0
  0
LINE
  5
255
100
AcDbEntity
  8
0
 62
7
100
AcDbLine
 10
39.071237
 20
254.971382
 30
0.0
 11
36.195183
 21
254.971382
 31
0.0
  0
SPLINE
  5
256
100
AcDbEntity
  8
0
 62
7
100
AcDbSpline
 70
8
 71
3
 72
8
 73
4
 74
0
 40
0
 40
0
 40
0
 40
0
 40
1
 40
1
 40
1
 40
1
 10
36.195183
 20
254.971382
 30
0.0
 10
36.637053
 20
255.367151
 30
0.0
 10
37.078924
 20
255.762963
 30
0.0
 10
37.521365
 20
256.159069
 30
0.0
  0
LINE
  5
257
100
AcDbEntity
  8
0
 62
7
100
AcDbLine
 10
37.521365
 20
256.159069
 30
0.0
 11
37.521365
 21
256.159069
 31
0.0
  0
LINE
  5
258
100
AcDbEntity
  8
0
 62
7
100
AcDbLine
 10
36.365301
 20
254.734629
 30
0.0
 11
39.088501
 21
254.734629
 31
0.0
  0
SPLINE
  5
259
100
AcDbEntity
  8
0
 62
7
100
AcDbSpline
 70
8
 71
3
 72
8
 73
4
 74
0
 40
0
 40
0
 40
0
 40
0
 40
1
 40
1
 40
1
 40
1
 10
39.088501
 20
254.734629
 30
0.0
 10
38.677329
 20
254.394657
 30
0.0
 10
38.265586
 20
254.055000
 30
0.0
 10
37.854414
 20
253.715385
 30
0.0
  0
SPLINE
  5
25a
100
AcDbEntity
  8
0
 62
7
100
AcDbSpline
 70
8
 71
3
 72
8
 73
4
 74
0
 40
0
 40
0
 40
0
 40
0
 40
1
 40
1
 40
1
 40
1
 10
37.854414
 20
253.715385
 30
0.0
 10
37.420336
 20
254.012806
 30
0.0
 10
36.985720
 20
254.310625
 30
0.0
 10
36.551104
 20
254.607688
 30
0.0
  0
SPLINE
  5
25b
100
AcDbEntity
  8
0
 62
7
100
AcDbSpline
 70
8
 71
3
 72
8
 73
4
 74
0
 40
0
 40
0
 40
0
 40
0
 40
1
 40
1
 40
1
 40
1
 10
36.551104
 20
254.607688
 30
0.0
 10
36.489203
 20
254.650240
 30
0.0
 10
36.427302
 20
254.692435
 30
0.0
 10
36.365301
 20
254.734629
 30
0.0
  0
LINE
  5
25c
100
AcDbEntity
  8
0
 62
7
100
AcDbLine
 10
36.365301
 20
254.734629
 30
0.0
 11
36.365301
 21
254.734629
 31
0.0
  0
SPLINE
  5
25d
100
AcDbEntity
  8
0
 62
7
100
AcDbSpline
 70
8
 71
3
 72
8
 73
4
 74
0
 40
0
 40
0
 40
0
 40
0
 40
1
 40
1
 40
1
 40
1
 10
36.061876
 20
254.586780
 30
0.0
 10
36.580728
 20
254.231421
 30
0.0
 10
37.099613
 20
253.876460
 30
0.0
 10
37.619003
 20
253.521122
 30
0.0
  0
SPLINE
  5
25e
100
AcDbEntity
  8
0
 62
7
100
AcDbSpline
 70
8
 71
3
 72
8
 73
4
 74
0
 40
0
 40
0
 40
0
 40
0
 40
1
 40
1
 40
1
 40
1
 10
37.619003
 20
253.521122
 30
0.0
 10
37.100151
 20
253.092583
 30
0.0
 10
36.581299
 20
252.664338
 30
0.0
 10
36.062447
 20
252.235799
 30
0.0
  0
SPLINE
  5
25f
100
AcDbEntity
  8
0
 62
7
100
AcDbSpline
 70
8
 71
3
 72
8
 73
4
 74
0
 40
0
 40
0
 40
0
 40
0
 40
1
 40
1
 40
1
 40
1
 10
36.062447
 20
252.235799
 30
0.0
 10
36.062447
 20
253.019340
 30
0.0
 10
36.061876
 20
253.802882
 30
0.0
 10
36.061876
 20
254.586780
 30
0.0
  0
LINE
  5
260
100
AcDbEntity
  8
0
 62
7
100
AcDbLine
 10
36.061876
 20
254.586780
 30
0.0
 11
36.061876
 21
254.586780
 31
0.0
  0
SPLINE
  5
261
100
AcDbEntity
  8
0
 62
7
100
AcDbSpline
 70
8
 71
3
 72
8
 73
4
 74
0
 40
0
 40
0
 40
0
 40
0
 40
1
 40
1
 40
1
 40
1
 10
35.200369
 20
253.653668
 30
0.0
 10
35.310333
 20
253.137926
 30
0.0
 10
35.434706
 20
252.623235
 30
0.0
 10
35.579197
 20
252.110286
 30
0.0
  0
LINE
  5
262
100
AcDbEntity
  8
0
 62
7
100
AcDbLine
 10
35.579197
 20
252.110286
 30
0.0
 11
34.910816
 21
252.110286
 31
0.0
  0
LINE
  5
263
100
AcDbEntity
  8
0
 62
7
100
AcDbLine
 10
34.910816
 20
252.110286
 30
0.0
 11
34.910849
 21
252.110621
 31
0.0
  0
SPLINE
  5
264
100
AcDbEntity
  8
0
 62
7
100
AcDbSpline
 70
8
 71
3
 72
8
 73
4
 74
0
 40
0
 40
0
 40
0
 40
0
 40
1
 40
1
 40
1
 40
1
 10
34.910849
 20
252.110621
 30
0.0
 10
34.951590
 20
252.327872
 30
0.0
 10
34.992331
 20
252.544786
 30
0.0
 10
35.033039
 20
252.762016
 30
0.0
  0
SPLINE
  5
265
100
AcDbEntity
  8
0
 62
7
100
AcDbSpline
 70
8
 71
3
 72
8
 73
4
 74
0
 40
0
 40
0
 40
0
 40
0
 40
1
 40
1
 40
1
 40
1
 10
35.033039
 20
252.762016
 30
0.0
 10
35.088793
 20
253.059100
 30
0.0
 10
35.144615
 20
253.356583
 30
0.0
 10
35.200369
 20
253.653668
 30
0.0
  0
LINE
  5
266
100
AcDbEntity
  8
0
 62
7
100
AcDbLine
 10
35.200369
 20
253.653668
 30
0.0
 11
35.200369
 21
253.653668
 31
0.0
  0
LINE
  5
267
100
AcDbEntity
  8
0
 62
7
100
AcDbLine
 10
34.943832
 20
251.874562
 30
0.0
 11
35.646270
 21
251.874562
 31
0.0
  0
SPLINE
  5
268
100
AcDbEntity
  8
0
 62
7
100
AcDbSpline
 70
8
 71
3
 72
8
 73
4
 74
0
 40
0
 40
0
 40
0
 40
0
 40
1
 40
1
 40
1
 40
1
 10
35.646270
 20
251.874562
 30
0.0
 10
35.654600
 20
251.844963
 30
0.0
 10
35.662963
 20
251.815300
 30
0.0
 10
35.671897
 20
251.785659
 30
0.0
  0
SPLINE
  5
269
100
AcDbEntity
  8
0
 62
7
100
AcDbSpline
 70
8
 71
3
 72
8
 73
4
 74
0
 40
0
 40
0
 40
0
 40
0
 40
1
 40
1
 40
1
 40
1
 10
35.671897
 20
251.785659
 30
0.0
 10
35.672434
 20
251.224574
 30
0.0
 10
35.672434
 20
250.663531
 30
0.0
 10
35.672434
 20
250.102111
 30
0.0
  0
SPLINE
  5
26a
100
AcDbEntity
  8
0
 62
7
100
AcDbSpline
 70
8
 71
3
 72
8
 73
4
 74
0
 40
0
 40
0
 40
0
 40
0
 40
1
 40
1
 40
1
 40
1
 10
35.672434
 20
250.102111
 30
0.0
 10
35.464900
 20
250.607041
 30
0.0
 10
35.257400
 20
251.111950
 30
0.0
 10
35.049799
 20
251.616880
 30
0.0
  0
SPLINE
  5
26b
100
AcDbEntity
  8
0
 62
7
100
AcDbSpline
 70
8
 71
3
 72
8
 73
4
 74
0
 40
0
 40
0
 40
0
 40
0
 40
1
 40
1
 40
1
 40
1
 10
35.049799
 20
251.616880
 30
0.0
 10
35.014667
 20
251.702634
 30
0.0
 10
34.978964
 20
251.788808
 30
0.0
 10
34.943832
 20
251.874562
 30
0.0
  0
LINE
  5
26c
100
AcDbEntity
  8
0
 62
7
100
AcDbLine
 10
34.943832
 20
251.874562
 30
0.0
 11
34.943832
 21
251.874562
 31
0.0
  0
SPLINE
  5
26d
100
AcDbEntity
  8
0
 62
7
100
AcDbSpline
 70
8
 71
3
 72
8
 73
4
 74
0
 40
0
 40
0
 40
0
 40
0
 40
1
 40
1
 40
1
 40
1
 10
34.771430
 20
251.316311
 30
0.0
 10
34.961095
 20
250.854625
 30
0.0
 10
35.151366
 20
250.392918
 30
0.0
 10
35.341065
 20
249.931253
 30
0.0
  0
LINE
  5
26e
100
AcDbEntity
  8
0
 62
7
100
AcDbLine
 10
35.341065
 20
249.931253
 30
0.0
 11
34.775897
 21
249.931253
 31
0.0
  0
SPLINE
  5
26f
100
AcDbEntity
  8
0
 62
7
100
AcDbSpline
 70
8
 71
3
 72
8
 73
4
 74
0
 40
0
 40
0
 40
0
 40
0
 40
1
 40
1
 40
1
 40
1
 10
34.775897
 20
249.931253
 30
0.0
 10
34.774251
 20
250.392918
 30
0.0
 10
34.773143
 20
250.854625
 30
0.0
 10
34.771430
 20
251.316311
 30
0.0
  0
LINE
  5
270
100
AcDbEntity
  8
0
 62
7
100
AcDbLine
 10
34.771430
 20
251.316311
 30
0.0
 11
34.771430
 21
251.316311
 31
0.0
  0
SPLINE
  5
271
100
AcDbEntity
  8
0
 62
7
100
AcDbSpline
 70
8
 71
3
 72
8
 73
4
 74
0
 40
0
 40
0
 40
0
 40
0
 40
1
 40
1
 40
1
 40
1
 10
34.287139
 20
251.700241
 30
0.0
 10
34.289355
 20
251.110564
 30
0.0
 10
34.291068
 20
250.521266
 30
0.0
 10
34.293285
 20
249.931589
 30
0.0
  0
LINE
  5
272
100
AcDbEntity
  8
0
 62
7
100
AcDbLine
 10
34.293285
 20
249.931589
 30
0.0
 11
33.559577
 21
249.931589
 31
0.0
  0
SPLINE
  5
273
100
AcDbEntity
  8
0
 62
7
100
AcDbSpline
 70
8
 71
3
 72
8
 73
4
 74
0
 40
0
 40
0
 40
0
 40
0
 40
1
 40
1
 40
1
 40
1
 10
33.559577
 20
249.931589
 30
0.0
 10
33.782225
 20
250.472416
 30
0.0
 10
34.004269
 20
251.013643
 30
0.0
 10
34.227421
 20
251.554470
 30
0.0
  0
SPLINE
  5
274
100
AcDbEntity
  8
0
 62
7
100
AcDbSpline
 70
8
 71
3
 72
8
 73
4
 74
0
 40
0
 40
0
 40
0
 40
0
 40
1
 40
1
 40
1
 40
1
 10
34.227421
 20
251.554470
 30
0.0
 10
34.247002
 20
251.603256
 30
0.0
 10
34.267020
 20
251.651770
 30
0.0
 10
34.287139
 20
251.700241
 30
0.0
  0
LINE
  5
275
100
AcDbEntity
  8
0
 62
7
100
AcDbLine
 10
34.287139
 20
251.700241
 30
0.0
 11
34.287139
 21
251.700241
 31
0.0
  0
LINE
  5
276
100
AcDbEntity
  8
0
 62
7
100
AcDbLine
 10
33.290176
 20
249.694123
 30
0.0
 11
34.294461
 21
249.694123
 31
0.0
  0
LINE
  5
277
100
AcDbEntity
  8
0
 62
7
100
AcDbLine
 10
34.294461
 20
249.694123
 30
0.0
 11
34.294461
 21
249.653986
 31
0.0
  0
LINE
  5
278
100
AcDbEntity
  8
0
 62
7
100
AcDbLine
 10
34.294461
 20
249.653986
 30
0.0
 11
33.291855
 21
249.653986
 31
0.0
  0
SPLINE
  5
279
100
AcDbEntity
  8
0
 62
7
100
AcDbSpline
 70
8
 71
3
 72
8
 73
4
 74
0
 40
0
 40
0
 40
0
 40
0
 40
1
 40
1
 40
1
 40
1
 10
33.291855
 20
249.653986
 30
0.0
 10
33.291318
 20
249.667610
 30
0.0
 10
33.290713
 20
249.680856
 30
0.0
 10
33.290176
 20
249.694123
 30
0.0
  0
LINE
  5
27a
100
AcDbEntity
  8
0
 62
7
100
AcDbLine
 10
33.290176
 20
249.694123
 30
0.0
 11
33.290176
 21
249.694123
 31
0.0
  0
LINE
  5
27b
100
AcDbEntity
  8
0
 62
7
100
AcDbLine
 10
33.299647
 20
249.417590
 30
0.0
 11
34.294998
 21
249.417590
 31
0.0
  0
SPLINE
  5
27c
100
AcDbEntity
  8
0
 62
7
100
AcDbSpline
 70
8
 71
3
 72
8
 73
4
 74
0
 40
0
 40
0
 40
0
 40
0
 40
1
 40
1
 40
1
 40
1
 10
34.294998
 20
249.417590
 30
0.0
 10
34.295535
 20
249.353417
 30
0.0
 10
34.295535
 20
249.288592
 30
0.0
 10
34.295535
 20
249.224397
 30
0.0
  0
LINE
  5
27d
100
AcDbEntity
  8
0
 62
7
100
AcDbLine
 10
34.295535
 20
249.224397
 30
0.0
 11
33.307473
 21
249.224397
 31
0.0
  0
SPLINE
  5
27e
100
AcDbEntity
  8
0
 62
7
100
AcDbSpline
 70
8
 71
3
 72
8
 73
4
 74
0
 40
0
 40
0
 40
0
 40
0
 40
1
 40
1
 40
1
 40
1
 10
33.307473
 20
249.224397
 30
0.0
 10
33.305256
 20
249.288928
 30
0.0
 10
33.301864
 20
249.353417
 30
0.0
 10
33.299647
 20
249.417590
 30
0.0
  0
LINE
  5
27f
100
AcDbEntity
  8
0
 62
7
100
AcDbLine
 10
33.299647
 20
249.417590
 30
0.0
 11
33.299647
 21
249.417590
 31
0.0
  0
SPLINE
  5
280
100
AcDbEntity
  8
0
 62
7
100
AcDbSpline
 70
8
 71
3
 72
8
 73
4
 74
0
 40
0
 40
0
 40
0
 40
0
 40
1
 40
1
 40
1
 40
1
 10
32.914707
 20
248.988002
 30
0.0
 10
32.932541
 20
248.684956
 30
0.0
 10
32.954877
 20
248.381615
 30
0.0
 10
32.971637
 20
248.078926
 30
0.0
  0
LINE
  5
281
100
AcDbEntity
  8
0
 62
7
100
AcDbLine
 10
32.971637
 20
248.078926
 30
0.0
 11
31.964530
 21
248.078926
 31
0.0
  0
LINE
  5
282
100
AcDbEntity
  8
0
 62
7
100
AcDbLine
 10
31.964530
 20
248.078926
 30
0.0
 11
31.964530
 21
248.988002
 31
0.0
  0
LINE
  5
283
100
AcDbEntity
  8
0
 62
7
100
AcDbLine
 10
31.964530
 20
248.988002
 30
0.0
 11
32.914707
 21
248.988002
 31
0.0
  0
LINE
  5
284
100
AcDbEntity
  8
0
 62
7
100
AcDbLine
 10
32.914707
 20
248.988002
 30
0.0
 11
32.914707
 21
248.988002
 31
0.0
  0
SPLINE
  5
285
100
AcDbEntity
  8
0
 62
7
100
AcDbSpline
 70
8
 71
3
 72
8
 73
4
 74
0
 40
0
 40
0
 40
0
 40
0
 40
1
 40
1
 40
1
 40
1
 10
31.924428
 20
247.672996
 30
0.0
 10
32.223453
 20
247.462736
 30
0.0
 10
32.521974
 20
247.253190
 30
0.0
 10
32.820361
 20
247.042909
 30
0.0
  0
SPLINE
  5
286
100
AcDbEntity
  8
0
 62
7
100
AcDbSpline
 70
8
 71
3
 72
8
 73
4
 74
0
 40
0
 40
0
 40
0
 40
0
 40
1
 40
1
 40
1
 40
1
 10
32.820361
 20
247.042909
 30
0.0
 10
32.682049
 20
246.955371
 30
0.0
 10
32.543671
 20
246.868210
 30
0.0
 10
32.405326
 20
246.781029
 30
0.0
  0
SPLINE
  5
287
100
AcDbEntity
  8
0
 62
7
100
AcDbSpline
 70
8
 71
3
 72
8
 73
4
 74
0
 40
0
 40
0
 40
0
 40
0
 40
1
 40
1
 40
1
 40
1
 10
32.405326
 20
246.781029
 30
0.0
 10
32.184391
 20
246.641534
 30
0.0
 10
31.962918
 20
246.502418
 30
0.0
 10
31.741983
 20
246.362944
 30
0.0
  0
SPLINE
  5
288
100
AcDbEntity
  8
0
 62
7
100
AcDbSpline
 70
8
 71
3
 72
8
 73
4
 74
0
 40
0
 40
0
 40
0
 40
0
 40
1
 40
1
 40
1
 40
1
 10
31.741983
 20
246.362944
 30
0.0
 10
31.803346
 20
246.799523
 30
0.0
 10
31.863601
 20
247.236081
 30
0.0
 10
31.924428
 20
247.672996
 30
0.0
  0
LINE
  5
289
100
AcDbEntity
  8
0
 62
7
100
AcDbLine
 10
31.924428
 20
247.672996
 30
0.0
 11
31.924428
 21
247.672996
 31
0.0
  0
SPLINE
  5
28a
100
AcDbEntity
  8
0
 62
7
100
AcDbSpline
 70
8
 71
3
 72
8
 73
4
 74
0
 40
0
 40
0
 40
0
 40
0
 40
1
 40
1
 40
1
 40
1
 10
31.527160
 20
247.623874
 30
0.0
 10
31.471943
 20
247.228083
 30
0.0
 10
31.416659
 20
246.832292
 30
0.0
 10
31.361442
 20
246.436523
 30
0.0
  0
SPLINE
  5
28b
100
AcDbEntity
  8
0
 62
7
100
AcDbSpline
 70
8
 71
3
 72
8
 73
4
 74
0
 40
0
 40
0
 40
0
 40
0
 40
1
 40
1
 40
1
 40
1
 10
31.361442
 20
246.436523
 30
0.0
 10
31.175639
 20
246.638763
 30
0.0
 10
30.989298
 20
246.841340
 30
0.0
 10
30.803562
 20
247.043581
 30
0.0
  0
SPLINE
  5
28c
100
AcDbEntity
  8
0
 62
7
100
AcDbSpline
 70
8
 71
3
 72
8
 73
4
 74
0
 40
0
 40
0
 40
0
 40
0
 40
1
 40
1
 40
1
 40
1
 10
30.803562
 20
247.043581
 30
0.0
 10
31.044582
 20
247.237110
 30
0.0
 10
31.285603
 20
247.430303
 30
0.0
 10
31.527160
 20
247.623874
 30
0.0
  0
LINE
  5
28d
100
AcDbEntity
  8
0
 62
7
100
AcDbLine
 10
31.527160
 20
247.623874
 30
0.0
 11
31.527160
 21
247.623874
 31
0.0
  0
SPLINE
  5
28e
100
AcDbEntity
  8
0
 62
7
100
AcDbSpline
 70
8
 71
3
 72
8
 73
4
 74
0
 40
0
 40
0
 40
0
 40
0
 40
1
 40
1
 40
1
 40
1
 10
30.546353
 20
246.837540
 30
0.0
 10
30.754424
 20
246.611599
 30
0.0
 10
30.961387
 20
246.385301
 30
0.0
 10
31.169526
 20
246.159318
 30
0.0
  0
LINE
  5
28f
100
AcDbEntity
  8
0
 62
7
100
AcDbLine
 10
31.169526
 20
246.159318
 30
0.0
 11
29.700531
 21
246.159318
 31
0.0
  0
SPLINE
  5
290
100
AcDbEntity
  8
0
 62
7
100
AcDbSpline
 70
8
 71
3
 72
8
 73
4
 74
0
 40
0
 40
0
 40
0
 40
0
 40
1
 40
1
 40
1
 40
1
 10
29.700531
 20
246.159318
 30
0.0
 10
29.982293
 20
246.385259
 30
0.0
 10
30.263987
 20
246.611557
 30
0.0
 10
30.546353
 20
246.837540
 30
0.0
  0
LINE
  5
291
100
AcDbEntity
  8
0
 62
7
100
AcDbLine
 10
30.546353
 20
246.837540
 30
0.0
 11
30.546353
 21
246.837540
 31
0.0
  0
LINE
  5
292
100
AcDbEntity
  8
0
 62
7
100
AcDbLine
 10
29.078970
 20
245.104807
 30
0.0
 11
30.231643
 21
245.104807
 31
0.0
  0
SPLINE
  5
293
100
AcDbEntity
  8
0
 62
7
100
AcDbSpline
 70
8
 71
3
 72
8
 73
4
 74
0
 40
0
 40
0
 40
0
 40
0
 40
1
 40
1
 40
1
 40
1
 10
30.231643
 20
245.104807
 30
0.0
 10
29.790881
 20
244.908822
 30
0.0
 10
29.351260
 20
244.712501
 30
0.0
 10
28.910532
 20
244.516537
 30
0.0
  0
SPLINE
  5
294
100
AcDbEntity
  8
0
 62
7
100
AcDbSpline
 70
8
 71
3
 72
8
 73
4
 74
0
 40
0
 40
0
 40
0
 40
0
 40
1
 40
1
 40
1
 40
1
 10
28.910532
 20
244.516537
 30
0.0
 10
28.967999
 20
244.712522
 30
0.0
 10
29.023753
 20
244.908507
 30
0.0
 10
29.078970
 20
245.104807
 30
0.0
  0
LINE
  5
295
100
AcDbEntity
  8
0
 62
7
100
AcDbLine
 10
29.078970
 20
245.104807
 30
0.0
 11
29.078970
 21
245.104807
 31
0.0
  0
SPLINE
  5
296
100
AcDbEntity
  8
0
 62
7
100
AcDbSpline
 70
8
 71
3
 72
8
 73
4
 74
0
 40
0
 40
0
 40
0
 40
0
 40
1
 40
1
 40
1
 40
1
 10
29.129250
 20
244.322294
 30
0.0
 10
29.632484
 20
244.546178
 30
0.0
 10
30.135718
 20
244.770356
 30
0.0
 10
30.638986
 20
244.994282
 30
0.0
  0
SPLINE
  5
297
100
AcDbEntity
  8
0
 62
7
100
AcDbSpline
 70
8
 71
3
 72
8
 73
4
 74
0
 40
0
 40
0
 40
0
 40
0
 40
1
 40
1
 40
1
 40
1
 10
30.638986
 20
244.994282
 30
0.0
 10
30.721543
 20
245.030893
 30
0.0
 10
30.804100
 20
245.067524
 30
0.0
 10
30.886724
 20
245.104828
 30
0.0
  0
LINE
  5
298
100
AcDbEntity
  8
0
 62
7
100
AcDbLine
 10
30.886724
 20
245.104828
 30
0.0
 11
31.125494
 21
245.104828
 31
0.0
  0
SPLINE
  5
299
100
AcDbEntity
  8
0
 62
7
100
AcDbSpline
 70
8
 71
3
 72
8
 73
4
 74
0
 40
0
 40
0
 40
0
 40
0
 40
1
 40
1
 40
1
 40
1
 10
31.125494
 20
245.104828
 30
0.0
 10
31.118205
 20
245.067860
 30
0.0
 10
31.110984
 20
245.030893
 30
0.0
 10
31.103729
 20
244.994282
 30
0.0
  0
SPLINE
  5
29a
100
AcDbEntity
  8
0
 62
7
100
AcDbSpline
 70
8
 71
3
 72
8
 73
4
 74
0
 40
0
 40
0
 40
0
 40
0
 40
1
 40
1
 40
1
 40
1
 10
31.103729
 20
244.994282
 30
0.0
 10
30.508433
 20
244.732066
 30
0.0
 10
29.913708
 20
244.469808
 30
0.0
 10
29.318379
 20
244.207592
 30
0.0
  0
SPLINE
  5
29b
100
AcDbEntity
  8
0
 62
7
100
AcDbSpline
 70
8
 71
3
 72
8
 73
4
 74
0
 40
0
 40
0
 40
0
 40
0
 40
1
 40
1
 40
1
 40
1
 10
29.318379
 20
244.207592
 30
0.0
 10
29.255369
 20
244.245609
 30
0.0
 10
29.191722
 20
244.283962
 30
0.0
 10
29.129250
 20
244.322294
 30
0.0
  0
LINE
  5
29c
100
AcDbEntity
  8
0
 62
7
100
AcDbLine
 10
29.129250
 20
244.322294
 30
0.0
 11
29.129250
 21
244.322294
 31
0.0
  0
SPLINE
  5
29d
100
AcDbEntity
  8
0
 62
7
100
AcDbSpline
 70
8
 71
3
 72
8
 73
4
 74
0
 40
0
 40
0
 40
0
 40
0
 40
1
 40
1
 40
1
 40
1
 10
28.739775
 20
243.661873
 30
0.0
 10
29.173283
 20
243.415716
 30
0.0
 10
29.606757
 20
243.169161
 30
0.0
 10
30.040264
 20
242.923004
 30
0.0
  0
LINE
  5
29e
100
AcDbEntity
  8
0
 62
7
100
AcDbLine
 10
30.040264
 20
242.923004
 30
0.0
 11
28.439071
 21
242.923004
 31
0.0
  0
SPLINE
  5
29f
100
AcDbEntity
  8
0
 62
7
100
AcDbSpline
 70
8
 71
3
 72
8
 73
4
 74
0
 40
0
 40
0
 40
0
 40
0
 40
1
 40
1
 40
1
 40
1
 10
28.439071
 20
242.923004
 30
0.0
 10
28.509335
 20
243.155599
 30
0.0
 10
28.579129
 20
243.388510
 30
0.0
 10
28.647747
 20
243.621064
 30
0.0
  0
SPLINE
  5
2a0
100
AcDbEntity
  8
0
 62
7
100
AcDbSpline
 70
8
 71
3
 72
8
 73
4
 74
0
 40
0
 40
0
 40
0
 40
0
 40
1
 40
1
 40
1
 40
1
 10
28.647747
 20
243.621064
 30
0.0
 10
28.677841
 20
243.635024
 30
0.0
 10
28.709110
 20
243.648291
 30
0.0
 10
28.739775
 20
243.661873
 30
0.0
  0
LINE
  5
2a1
100
AcDbEntity
  8
0
 62
7
100
AcDbLine
 10
28.739775
 20
243.661873
 30
0.0
 11
28.739775
 21
243.661873
 31
0.0
  0
LINE
  5
2a2
100
AcDbEntity
  8
0
 62
7
100
AcDbLine
 10
25.938552
 20
242.684824
 30
0.0
 11
27.973286
 21
242.684824
 31
0.0
  0
SPLINE
  5
2a3
100
AcDbEntity
  8
0
 62
7
100
AcDbSpline
 70
8
 71
3
 72
8
 73
4
 74
0
 40
0
 40
0
 40
0
 40
0
 40
1
 40
1
 40
1
 40
1
 10
27.973286
 20
242.684824
 30
0.0
 10
27.964890
 20
242.655896
 30
0.0
 10
27.955418
 20
242.626591
 30
0.0
 10
27.946484
 20
242.597642
 30
0.0
  0
LINE
  5
2a4
100
AcDbEntity
  8
0
 62
7
100
AcDbLine
 10
27.946484
 20
242.597642
 30
0.0
 11
25.903387
 21
242.597642
 31
0.0
  0
SPLINE
  5
2a5
100
AcDbEntity
  8
0
 62
7
100
AcDbSpline
 70
8
 71
3
 72
8
 73
4
 74
0
 40
0
 40
0
 40
0
 40
0
 40
1
 40
1
 40
1
 40
1
 10
25.903387
 20
242.597642
 30
0.0
 10
25.915109
 20
242.626570
 30
0.0
 10
25.926797
 20
242.655833
 30
0.0
 10
25.938552
 20
242.684824
 30
0.0
  0
LINE
  5
2a6
100
AcDbEntity
  8
0
 62
7
100
AcDbLine
 10
25.938552
 20
242.684824
 30
0.0
 11
25.938552
 21
242.684824
 31
0.0
  0
LINE
  5
2a7
100
AcDbEntity
  8
0
 62
7
100
AcDbLine
 10
26.258771
 20
242.362968
 30
0.0
 11
27.871686
 21
242.362968
 31
0.0
  0
SPLINE
  5
2a8
100
AcDbEntity
  8
0
 62
7
100
AcDbSpline
 70
8
 71
3
 72
8
 73
4
 74
0
 40
0
 40
0
 40
0
 40
0
 40
1
 40
1
 40
1
 40
1
 10
27.871686
 20
242.362968
 30
0.0
 10
27.788592
 20
242.098989
 30
0.0
 10
27.704355
 20
241.835723
 30
0.0
 10
27.618944
 20
241.572059
 30
0.0
  0
SPLINE
  5
2a9
100
AcDbEntity
  8
0
 62
7
100
AcDbSpline
 70
8
 71
3
 72
8
 73
4
 74
0
 40
0
 40
0
 40
0
 40
0
 40
1
 40
1
 40
1
 40
1
 10
27.618944
 20
241.572059
 30
0.0
 10
27.165519
 20
241.835996
 30
0.0
 10
26.711960
 20
242.099178
 30
0.0
 10
26.258771
 20
242.362968
 30
0.0
  0
LINE
  5
2aa
100
AcDbEntity
  8
0
 62
7
100
AcDbLine
 10
26.258771
 20
242.362968
 30
0.0
 11
26.258771
 21
242.362968
 31
0.0
  0
SPLINE
  5
2ab
100
AcDbEntity
  8
0
 62
7
100
AcDbSpline
 70
8
 71
3
 72
8
 73
4
 74
0
 40
0
 40
0
 40
0
 40
0
 40
1
 40
1
 40
1
 40
1
 10
25.786202
 20
242.308871
 30
0.0
 10
26.315701
 20
242.000975
 30
0.0
 10
26.845670
 20
241.693437
 30
0.0
 10
27.375169
 20
241.385520
 30
0.0
  0
SPLINE
  5
2ac
100
AcDbEntity
  8
0
 62
7
100
AcDbSpline
 70
8
 71
3
 72
8
 73
4
 74
0
 40
0
 40
0
 40
0
 40
0
 40
1
 40
1
 40
1
 40
1
 10
27.375169
 20
241.385520
 30
0.0
 10
27.346150
 20
241.373282
 30
0.0
 10
27.317131
 20
241.360770
 30
0.0
 10
27.288683
 20
241.348553
 30
0.0
  0
SPLINE
  5
2ad
100
AcDbEntity
  8
0
 62
7
100
AcDbSpline
 70
8
 71
3
 72
8
 73
4
 74
0
 40
0
 40
0
 40
0
 40
0
 40
1
 40
1
 40
1
 40
1
 10
27.288683
 20
241.348553
 30
0.0
 10
26.791024
 20
241.643202
 30
0.0
 10
26.293332
 20
241.937851
 30
0.0
 10
25.795673
 20
242.232144
 30
0.0
  0
SPLINE
  5
2ae
100
AcDbEntity
  8
0
 62
7
100
AcDbSpline
 70
8
 71
3
 72
8
 73
4
 74
0
 40
0
 40
0
 40
0
 40
0
 40
1
 40
1
 40
1
 40
1
 10
25.795673
 20
242.232144
 30
0.0
 10
25.784556
 20
242.238777
 30
0.0
 10
25.773942
 20
242.245054
 30
0.0
 10
25.762792
 20
242.251667
 30
0.0
  0
SPLINE
  5
2af
100
AcDbEntity
  8
0
 62
7
100
AcDbSpline
 70
8
 71
3
 72
8
 73
4
 74
0
 40
0
 40
0
 40
0
 40
0
 40
1
 40
1
 40
1
 40
1
 10
25.762792
 20
242.251667
 30
0.0
 10
25.770584
 20
242.270833
 30
0.0
 10
25.778410
 20
242.289663
 30
0.0
 10
25.786202
 20
242.308871
 30
0.0
  0
LINE
  5
2b0
100
AcDbEntity
  8
0
 62
7
100
AcDbLine
 10
25.786202
 20
242.308871
 30
0.0
 11
25.786202
 21
242.308871
 31
0.0
  0
SPLINE
  5
2b1
100
AcDbEntity
  8
0
 62
7
100
AcDbSpline
 70
8
 71
3
 72
8
 73
4
 74
0
 40
0
 40
0
 40
0
 40
0
 40
1
 40
1
 40
1
 40
1
 10
25.651182
 20
241.987037
 30
0.0
 10
26.088586
 20
241.727969
 30
0.0
 10
26.526594
 20
241.469238
 30
0.0
 10
26.963426
 20
241.210129
 30
0.0
  0
LINE
  5
2b2
100
AcDbEntity
  8
0
 62
7
100
AcDbLine
 10
26.963426
 20
241.210129
 30
0.0
 11
25.691957
 21
240.665796
 31
0.0
  0
LINE
  5
2b3
100
AcDbEntity
  8
0
 62
7
100
AcDbLine
 10
25.691957
 20
240.665796
 30
0.0
 11
25.049941
 21
240.665775
 31
0.0
  0
SPLINE
  5
2b4
100
AcDbEntity
  8
0
 62
7
100
AcDbSpline
 70
8
 71
3
 72
8
 73
4
 74
0
 40
0
 40
0
 40
0
 40
0
 40
1
 40
1
 40
1
 40
1
 10
25.049941
 20
240.665775
 30
0.0
 10
25.091119
 20
240.751109
 30
0.0
 10
25.132397
 20
240.836401
 30
0.0
 10
25.173608
 20
240.922092
 30
0.0
  0
SPLINE
  5
2b5
100
AcDbEntity
  8
0
 62
7
100
AcDbSpline
 70
8
 71
3
 72
8
 73
4
 74
0
 40
0
 40
0
 40
0
 40
0
 40
1
 40
1
 40
1
 40
1
 10
25.173608
 20
240.922092
 30
0.0
 10
25.342652
 20
241.275352
 30
0.0
 10
25.500578
 20
241.630313
 30
0.0
 10
25.651182
 20
241.987037
 30
0.0
  0
LINE
  5
2b6
100
AcDbEntity
  8
0
 62
7
100
AcDbLine
 10
25.651182
 20
241.987037
 30
0.0
 11
25.651182
 21
241.987037
 31
0.0
  0
LINE
  5
2b7
100
AcDbEntity
  8
0
 62
7
100
AcDbLine
 10
25.746065
 20
240.399759
 30
0.0
 11
27.290396
 21
240.399759
 31
0.0
  0
SPLINE
  5
2b8
100
AcDbEntity
  8
0
 62
7
100
AcDbSpline
 70
8
 71
3
 72
8
 73
4
 74
0
 40
0
 40
0
 40
0
 40
0
 40
1
 40
1
 40
1
 40
1
 10
27.290396
 20
240.399759
 30
0.0
 10
27.249117
 20
240.286085
 30
0.0
 10
27.207234
 20
240.172747
 30
0.0
 10
27.165956
 20
240.059053
 30
0.0
  0
LINE
  5
2b9
100
AcDbEntity
  8
0
 62
7
100
AcDbLine
 10
27.165956
 20
240.059053
 30
0.0
 11
24.865683
 21
240.059053
 31
0.0
  0
LINE
  5
2ba
100
AcDbEntity
  8
0
 62
7
100
AcDbLine
 10
24.865683
 20
240.059053
 30
0.0
 11
24.802103
 21
240.059053
 31
0.0
  0
SPLINE
  5
2bb
100
AcDbEntity
  8
0
 62
7
100
AcDbSpline
 70
8
 71
3
 72
8
 73
4
 74
0
 40
0
 40
0
 40
0
 40
0
 40
1
 40
1
 40
1
 40
1
 10
24.802103
 20
240.059053
 30
0.0
 10
24.845094
 20
240.172726
 30
0.0
 10
24.888589
 20
240.286064
 30
0.0
 10
24.931446
 20
240.399759
 30
0.0
  0
LINE
  5
2bc
100
AcDbEntity
  8
0
 62
7
100
AcDbLine
 10
24.931446
 20
240.399759
 30
0.0
 11
25.664046
 21
240.399759
 31
0.0
  0
SPLINE
  5
2bd
100
AcDbEntity
  8
0
 62
7
100
AcDbSpline
 70
8
 71
3
 72
8
 73
4
 74
0
 40
0
 40
0
 40
0
 40
0
 40
1
 40
1
 40
1
 40
1
 10
25.664046
 20
240.399759
 30
0.0
 10
25.689135
 20
240.392055
 30
0.0
 10
25.716509
 20
240.391719
 30
0.0
 10
25.746065
 20
240.399759
 30
0.0
  0
LINE
  5
2be
100
AcDbEntity
  8
0
 62
7
100
AcDbLine
 10
25.746065
 20
240.399759
 30
0.0
 11
25.746065
 21
240.399759
 31
0.0
  0
SPLINE
  5
2bf
100
AcDbEntity
  8
0
 62
7
100
AcDbSpline
 70
8
 71
3
 72
8
 73
4
 74
0
 40
0
 40
0
 40
0
 40
0
 40
1
 40
1
 40
1
 40
1
 10
25.226071
 20
239.718052
 30
0.0
 10
25.544107
 20
239.460349
 30
0.0
 10
25.861605
 20
239.201975
 30
0.0
 10
26.179002
 20
238.943915
 30
0.0
  0
LINE
  5
2c0
100
AcDbEntity
  8
0
 62
7
100
AcDbLine
 10
26.179002
 20
238.943915
 30
0.0
 11
25.789057
 21
238.943915
 31
0.0
  0
SPLINE
  5
2c1
100
AcDbEntity
  8
0
 62
7
100
AcDbSpline
 70
8
 71
3
 72
8
 73
4
 74
0
 40
0
 40
0
 40
0
 40
0
 40
1
 40
1
 40
1
 40
1
 10
25.789057
 20
238.943915
 30
0.0
 10
25.459299
 20
239.201975
 30
0.0
 10
25.130113
 20
239.459992
 30
0.0
 10
24.800390
 20
239.718052
 30
0.0
  0
LINE
  5
2c2
100
AcDbEntity
  8
0
 62
7
100
AcDbLine
 10
24.800390
 20
239.718052
 30
0.0
 11
25.226071
 21
239.718052
 31
0.0
  0
LINE
  5
2c3
100
AcDbEntity
  8
0
 62
7
100
AcDbLine
 10
25.226071
 20
239.718052
 30
0.0
 11
25.226071
 21
239.718052
 31
0.0
  0
SPLINE
  5
2c4
100
AcDbEntity
  8
0
 62
7
100
AcDbSpline
 70
8
 71
3
 72
8
 73
4
 74
0
 40
0
 40
0
 40
0
 40
0
 40
1
 40
1
 40
1
 40
1
 10
24.568304
 20
239.445319
 30
0.0
 10
24.781950
 20
239.277946
 30
0.0
 10
24.995665
 20
239.110238
 30
0.0
 10
25.209345
 20
238.943180
 30
0.0
  0
LINE
  5
2c5
100
AcDbEntity
  8
0
 62
7
100
AcDbLine
 10
25.209345
 20
238.943180
 30
0.0
 11
24.522558
 21
238.943180
 31
0.0
  0
LINE
  5
2c6
100
AcDbEntity
  8
0
 62
7
100
AcDbLine
 10
24.522558
 20
238.943180
 30
0.0
 11
24.377496
 21
238.943180
 31
0.0
  0
SPLINE
  5
2c7
100
AcDbEntity
  8
0
 62
7
100
AcDbSpline
 70
8
 71
3
 72
8
 73
4
 74
0
 40
0
 40
0
 40
0
 40
0
 40
1
 40
1
 40
1
 40
1
 10
24.377496
 20
238.943180
 30
0.0
 10
24.441076
 20
239.110238
 30
0.0
 10
24.504152
 20
239.277946
 30
0.0
 10
24.568304
 20
239.445319
 30
0.0
  0
LINE
  5
2c8
100
AcDbEntity
  8
0
 62
7
100
AcDbLine
 10
24.568304
 20
239.445319
 30
0.0
 11
24.568304
 21
239.445319
 31
0.0
  0
LINE
  5
2c9
100
AcDbEntity
  8
0
 62
7
100
AcDbLine
 10
24.626342
 20
238.645424
 30
0.0
 11
24.626342
 21
238.038681
 31
0.0
  0
SPLINE
  5
2ca
100
AcDbEntity
  8
0
 62
7
100
AcDbSpline
 70
8
 71
3
 72
8
 73
4
 74
0
 40
0
 40
0
 40
0
 40
0
 40
1
 40
1
 40
1
 40
1
 10
24.626342
 20
238.038681
 30
0.0
 10
24.337930
 20
237.935125
 30
0.0
 10
24.049452
 20
237.831213
 30
0.0
 10
23.760469
 20
237.727658
 30
0.0
  0
SPLINE
  5
2cb
100
AcDbEntity
  8
0
 62
7
100
AcDbSpline
 70
8
 71
3
 72
8
 73
4
 74
0
 40
0
 40
0
 40
0
 40
0
 40
1
 40
1
 40
1
 40
1
 10
23.760469
 20
237.727658
 30
0.0
 10
23.883196
 20
238.033454
 30
0.0
 10
24.006494
 20
238.339607
 30
0.0
 10
24.129792
 20
238.645424
 30
0.0
  0
LINE
  5
2cc
100
AcDbEntity
  8
0
 62
7
100
AcDbLine
 10
24.129792
 20
238.645424
 30
0.0
 11
24.626342
 21
238.645424
 31
0.0
  0
LINE
  5
2cd
100
AcDbEntity
  8
0
 62
7
100
AcDbLine
 10
24.626342
 20
238.645424
 30
0.0
 11
24.626342
 21
238.645424
 31
0.0
  0
SPLINE
  5
2ce
100
AcDbEntity
  8
0
 62
7
100
AcDbSpline
 70
8
 71
3
 72
8
 73
4
 74
0
 40
0
 40
0
 40
0
 40
0
 40
1
 40
1
 40
1
 40
1
 10
23.709114
 20
237.443441
 30
0.0
 10
24.014891
 20
237.553274
 30
0.0
 10
24.320566
 20
237.662770
 30
0.0
 10
24.626342
 20
237.772602
 30
0.0
  0
LINE
  5
2cf
100
AcDbEntity
  8
0
 62
7
100
AcDbLine
 10
24.626342
 20
237.772602
 30
0.0
 11
24.626342
 21
237.525711
 31
0.0
  0
SPLINE
  5
2d0
100
AcDbEntity
  8
0
 62
7
100
AcDbSpline
 70
8
 71
3
 72
8
 73
4
 74
0
 40
0
 40
0
 40
0
 40
0
 40
1
 40
1
 40
1
 40
1
 10
24.626342
 20
237.525711
 30
0.0
 10
24.624125
 20
237.515256
 30
0.0
 10
24.624125
 20
237.504424
 30
0.0
 10
24.626342
 20
237.494369
 30
0.0
  0
LINE
  5
2d1
100
AcDbEntity
  8
0
 62
7
100
AcDbLine
 10
24.626342
 20
237.494369
 30
0.0
 11
24.626342
 21
237.443441
 31
0.0
  0
LINE
  5
2d2
100
AcDbEntity
  8
0
 62
7
100
AcDbLine
 10
24.626342
 20
237.443441
 30
0.0
 11
24.363557
 21
237.443441
 31
0.0
  0
LINE
  5
2d3
100
AcDbEntity
  8
0
 62
7
100
AcDbLine
 10
24.363557
 20
237.443441
 30
0.0
 11
23.709114
 21
237.443441
 31
0.0
  0
LINE
  5
2d4
100
AcDbEntity
  8
0
 62
7
100
AcDbLine
 10
23.709114
 20
237.443441
 30
0.0
 11
23.709114
 21
237.443441
 31
0.0
  0
LINE
  5
2d5
100
AcDbEntity
  8
0
 62
7
100
AcDbLine
 10
23.550617
 20
237.204926
 30
0.0
 11
25.790131
 21
237.204926
 31
0.0
  0
LINE
  5
2d6
100
AcDbEntity
  8
0
 62
7
100
AcDbLine
 10
25.790131
 20
237.204926
 30
0.0
 11
25.814684
 21
237.204926
 31
0.0
  0
SPLINE
  5
2d7
100
AcDbEntity
  8
0
 62
7
100
AcDbSpline
 70
8
 71
3
 72
8
 73
4
 74
0
 40
0
 40
0
 40
0
 40
0
 40
1
 40
1
 40
1
 40
1
 10
25.814684
 20
237.204926
 30
0.0
 10
25.803533
 20
237.177363
 30
0.0
 10
25.792348
 20
237.149821
 30
0.0
 10
25.781197
 20
237.122279
 30
0.0
  0
LINE
  5
2d8
100
AcDbEntity
  8
0
 62
7
100
AcDbLine
 10
25.781197
 20
237.122279
 30
0.0
 11
24.363557
 21
237.122279
 31
0.0
  0
LINE
  5
2d9
100
AcDbEntity
  8
0
 62
7
100
AcDbLine
 10
24.363557
 20
237.122279
 30
0.0
 11
23.517736
 21
237.122279
 31
0.0
  0
SPLINE
  5
2da
100
AcDbEntity
  8
0
 62
7
100
AcDbSpline
 70
8
 71
3
 72
8
 73
4
 74
0
 40
0
 40
0
 40
0
 40
0
 40
1
 40
1
 40
1
 40
1
 10
23.517736
 20
237.122279
 30
0.0
 10
23.528349
 20
237.149821
 30
0.0
 10
23.539500
 20
237.177363
 30
0.0
 10
23.550617
 20
237.204926
 30
0.0
  0
LINE
  5
2db
100
AcDbEntity
  8
0
 62
7
100
AcDbLine
 10
23.550617
 20
237.204926
 30
0.0
 11
23.550617
 21
237.204926
 31
0.0
  0
LINE
  5
2dc
100
AcDbEntity
  8
0
 62
7
100
AcDbLine
 10
23.185224
 20
236.877843
 30
0.0
 11
23.514982
 21
236.877843
 31
0.0
  0
LINE
  5
2dd
100
AcDbEntity
  8
0
 62
7
100
AcDbLine
 10
23.514982
 20
236.877843
 30
0.0
 11
23.514982
 21
235.964590
 31
0.0
  0
LINE
  5
2de
100
AcDbEntity
  8
0
 62
7
100
AcDbLine
 10
23.514982
 20
235.964590
 30
0.0
 11
22.717727
 21
235.964590
 31
0.0
  0
SPLINE
  5
2df
100
AcDbEntity
  8
0
 62
7
100
AcDbSpline
 70
8
 71
3
 72
8
 73
4
 74
0
 40
0
 40
0
 40
0
 40
0
 40
1
 40
1
 40
1
 40
1
 10
22.717727
 20
235.964590
 30
0.0
 10
22.731128
 20
235.988290
 30
0.0
 10
22.744529
 20
236.011655
 30
0.0
 10
22.757863
 20
236.035355
 30
0.0
  0
SPLINE
  5
2e0
100
AcDbEntity
  8
0
 62
7
100
AcDbSpline
 70
8
 71
3
 72
8
 73
4
 74
0
 40
0
 40
0
 40
0
 40
0
 40
1
 40
1
 40
1
 40
1
 10
22.757863
 20
236.035355
 30
0.0
 10
22.910181
 20
236.308760
 30
0.0
 10
23.080366
 20
236.590835
 30
0.0
 10
23.185224
 20
236.877843
 30
0.0
  0
LINE
  5
2e1
100
AcDbEntity
  8
0
 62
7
100
AcDbLine
 10
23.185224
 20
236.877843
 30
0.0
 11
23.185224
 21
236.877843
 31
0.0
  0
SPLINE
  5
2e2
100
AcDbEntity
  8
0
 62
7
100
AcDbSpline
 70
8
 71
3
 72
8
 73
4
 74
0
 40
0
 40
0
 40
0
 40
0
 40
1
 40
1
 40
1
 40
1
 10
21.848697
 20
235.098254
 30
0.0
 10
21.759994
 20
234.952483
 30
0.0
 10
21.670182
 20
234.807090
 30
0.0
 10
21.578657
 20
234.662032
 30
0.0
  0
SPLINE
  5
2e3
100
AcDbEntity
  8
0
 62
7
100
AcDbSpline
 70
8
 71
3
 72
8
 73
4
 74
0
 40
0
 40
0
 40
0
 40
0
 40
1
 40
1
 40
1
 40
1
 10
21.578657
 20
234.662032
 30
0.0
 10
21.563073
 20
234.647380
 30
0.0
 10
21.551855
 20
234.630271
 30
0.0
 10
21.547993
 20
234.613225
 30
0.0
  0
SPLINE
  5
2e4
100
AcDbEntity
  8
0
 62
7
100
AcDbSpline
 70
8
 71
3
 72
8
 73
4
 74
0
 40
0
 40
0
 40
0
 40
0
 40
1
 40
1
 40
1
 40
1
 10
21.547993
 20
234.613225
 30
0.0
 10
21.038612
 20
233.802457
 30
0.0
 10
20.500213
 20
233.000442
 30
0.0
 10
19.945691
 20
232.204389
 30
0.0
  0
SPLINE
  5
2e5
100
AcDbEntity
  8
0
 62
7
100
AcDbSpline
 70
8
 71
3
 72
8
 73
4
 74
0
 40
0
 40
0
 40
0
 40
0
 40
1
 40
1
 40
1
 40
1
 10
19.945691
 20
232.204389
 30
0.0
 10
19.932290
 20
232.191815
 30
0.0
 10
19.922281
 20
232.177855
 30
0.0
 10
19.916672
 20
232.162530
 30
0.0
  0
SPLINE
  5
2e6
100
AcDbEntity
  8
0
 62
7
100
AcDbSpline
 70
8
 71
3
 72
8
 73
4
 74
0
 40
0
 40
0
 40
0
 40
0
 40
1
 40
1
 40
1
 40
1
 10
19.916672
 20
232.162530
 30
0.0
 10
19.290711
 20
231.264622
 30
0.0
 10
18.645740
 20
230.372634
 30
0.0
 10
18.002448
 20
229.482389
 30
0.0
  0
SPLINE
  5
2e7
100
AcDbEntity
  8
0
 62
7
100
AcDbSpline
 70
8
 71
3
 72
8
 73
4
 74
0
 40
0
 40
0
 40
0
 40
0
 40
1
 40
1
 40
1
 40
1
 10
18.002448
 20
229.482389
 30
0.0
 10
17.422804
 20
228.680710
 30
0.0
 10
16.843126
 20
227.879388
 30
0.0
 10
16.257335
 20
227.079808
 30
0.0
  0
SPLINE
  5
2e8
100
AcDbEntity
  8
0
 62
7
100
AcDbSpline
 70
8
 71
3
 72
8
 73
4
 74
0
 40
0
 40
0
 40
0
 40
0
 40
1
 40
1
 40
1
 40
1
 10
16.257335
 20
227.079808
 30
0.0
 10
16.231674
 20
227.062700
 30
0.0
 10
16.217736
 20
227.041812
 30
0.0
 10
16.213806
 20
227.020169
 30
0.0
  0
SPLINE
  5
2e9
100
AcDbEntity
  8
0
 62
7
100
AcDbSpline
 70
8
 71
3
 72
8
 73
4
 74
0
 40
0
 40
0
 40
0
 40
0
 40
1
 40
1
 40
1
 40
1
 10
16.213806
 20
227.020169
 30
0.0
 10
16.203226
 20
227.005873
 30
0.0
 10
16.193150
 20
226.991913
 30
0.0
 10
16.182570
 20
226.977617
 30
0.0
  0
SPLINE
  5
2ea
100
AcDbEntity
  8
0
 62
7
100
AcDbSpline
 70
8
 71
3
 72
8
 73
4
 74
0
 40
0
 40
0
 40
0
 40
0
 40
1
 40
1
 40
1
 40
1
 10
16.182570
 20
226.977617
 30
0.0
 10
16.176961
 20
226.971698
 30
0.0
 10
16.171990
 20
226.965064
 30
0.0
 10
16.168060
 20
226.958808
 30
0.0
  0
SPLINE
  5
2eb
100
AcDbEntity
  8
0
 62
7
100
AcDbSpline
 70
8
 71
3
 72
8
 73
4
 74
0
 40
0
 40
0
 40
0
 40
0
 40
1
 40
1
 40
1
 40
1
 10
16.168060
 20
226.958808
 30
0.0
 10
16.095513
 20
226.859787
 30
0.0
 10
16.022461
 20
226.761081
 30
0.0
 10
15.949913
 20
226.662081
 30
0.0
  0
SPLINE
  5
2ec
100
AcDbEntity
  8
0
 62
7
100
AcDbSpline
 70
8
 71
3
 72
8
 73
4
 74
0
 40
0
 40
0
 40
0
 40
0
 40
1
 40
1
 40
1
 40
1
 10
15.949913
 20
226.662081
 30
0.0
 10
15.944337
 20
226.655447
 30
0.0
 10
15.939333
 20
226.648792
 30
0.0
 10
15.934866
 20
226.641151
 30
0.0
  0
SPLINE
  5
2ed
100
AcDbEntity
  8
0
 62
7
100
AcDbSpline
 70
8
 71
3
 72
8
 73
4
 74
0
 40
0
 40
0
 40
0
 40
0
 40
1
 40
1
 40
1
 40
1
 10
15.934866
 20
226.641151
 30
0.0
 10
15.662610
 20
226.271181
 30
0.0
 10
15.389212
 20
225.902282
 30
0.0
 10
15.111917
 20
225.530863
 30
0.0
  0
SPLINE
  5
2ee
100
AcDbEntity
  8
0
 62
7
100
AcDbSpline
 70
8
 71
3
 72
8
 73
4
 74
0
 40
0
 40
0
 40
0
 40
0
 40
1
 40
1
 40
1
 40
1
 10
15.111917
 20
225.530863
 30
0.0
 10
14.903241
 20
225.251916
 30
0.0
 10
14.694028
 20
224.972948
 30
0.0
 10
14.483101
 20
224.694673
 30
0.0
  0
SPLINE
  5
2ef
100
AcDbEntity
  8
0
 62
7
100
AcDbSpline
 70
8
 71
3
 72
8
 73
4
 74
0
 40
0
 40
0
 40
0
 40
0
 40
1
 40
1
 40
1
 40
1
 10
14.483101
 20
224.694673
 30
0.0
 10
14.357049
 20
224.528350
 30
0.0
 10
14.231468
 20
224.361671
 30
0.0
 10
14.103165
 20
224.196040
 30
0.0
  0
SPLINE
  5
2f0
100
AcDbEntity
  8
0
 62
7
100
AcDbSpline
 70
8
 71
3
 72
8
 73
4
 74
0
 40
0
 40
0
 40
0
 40
0
 40
1
 40
1
 40
1
 40
1
 10
14.103165
 20
224.196040
 30
0.0
 10
14.075826
 20
224.179268
 30
0.0
 10
14.061887
 20
224.158380
 30
0.0
 10
14.057420
 20
224.136401
 30
0.0
  0
SPLINE
  5
2f1
100
AcDbEntity
  8
0
 62
7
100
AcDbSpline
 70
8
 71
3
 72
8
 73
4
 74
0
 40
0
 40
0
 40
0
 40
0
 40
1
 40
1
 40
1
 40
1
 10
14.057420
 20
224.136401
 30
0.0
 10
14.010600
 20
224.076762
 30
0.0
 10
13.963108
 20
224.017500
 30
0.0
 10
13.914574
 20
223.958218
 30
0.0
  0
LINE
  5
2f2
100
AcDbEntity
  8
0
 62
7
100
AcDbLine
 10
13.914574
 20
223.958218
 30
0.0
 11
13.529634
 21
223.958218
 31
0.0
  0
SPLINE
  5
2f3
100
AcDbEntity
  8
0
 62
7
100
AcDbSpline
 70
8
 71
3
 72
8
 73
4
 74
0
 40
0
 40
0
 40
0
 40
0
 40
1
 40
1
 40
1
 40
1
 10
13.529634
 20
223.958218
 30
0.0
 10
13.493360
 20
223.967643
 30
0.0
 10
13.451578
 20
223.965880
 30
0.0
 10
13.408049
 20
223.947071
 30
0.0
  0
SPLINE
  5
2f4
100
AcDbEntity
  8
0
 62
7
100
AcDbSpline
 70
8
 71
3
 72
8
 73
4
 74
0
 40
0
 40
0
 40
0
 40
0
 40
1
 40
1
 40
1
 40
1
 10
13.408049
 20
223.947071
 30
0.0
 10
13.392431
 20
223.942200
 30
0.0
 10
13.379030
 20
223.934832
 30
0.0
 10
13.367879
 20
223.926855
 30
0.0
  0
SPLINE
  5
2f5
100
AcDbEntity
  8
0
 62
7
100
AcDbSpline
 70
8
 71
3
 72
8
 73
4
 74
0
 40
0
 40
0
 40
0
 40
0
 40
1
 40
1
 40
1
 40
1
 10
13.367879
 20
223.926855
 30
0.0
 10
13.157557
 20
223.819101
 30
0.0
 10
12.953348
 20
223.698080
 30
0.0
 10
12.787126
 20
223.556885
 30
0.0
  0
SPLINE
  5
2f6
100
AcDbEntity
  8
0
 62
7
100
AcDbSpline
 70
8
 71
3
 72
8
 73
4
 74
0
 40
0
 40
0
 40
0
 40
0
 40
1
 40
1
 40
1
 40
1
 10
12.787126
 20
223.556885
 30
0.0
 10
12.723546
 20
223.502808
 30
0.0
 10
12.671083
 20
223.442518
 30
0.0
 10
12.629233
 20
223.378324
 30
0.0
  0
SPLINE
  5
2f7
100
AcDbEntity
  8
0
 62
7
100
AcDbSpline
 70
8
 71
3
 72
8
 73
4
 74
0
 40
0
 40
0
 40
0
 40
0
 40
1
 40
1
 40
1
 40
1
 10
12.629233
 20
223.378324
 30
0.0
 10
12.605790
 20
223.341356
 30
0.0
 10
12.582380
 20
223.304388
 30
0.0
 10
12.567333
 20
223.268848
 30
0.0
  0
SPLINE
  5
2f8
100
AcDbEntity
  8
0
 62
7
100
AcDbSpline
 70
8
 71
3
 72
8
 73
4
 74
0
 40
0
 40
0
 40
0
 40
0
 40
1
 40
1
 40
1
 40
1
 10
12.567333
 20
223.268848
 30
0.0
 10
12.555577
 20
223.240613
 30
0.0
 10
12.550035
 20
223.213050
 30
0.0
 10
12.544997
 20
223.185844
 30
0.0
  0
LINE
  5
2f9
100
AcDbEntity
  8
0
 62
7
100
AcDbLine
 10
12.544997
 20
223.185844
 30
0.0
 11
12.546374
 21
223.184228
 31
0.0
  0
LINE
  5
2fa
100
AcDbEntity
  8
0
 62
7
100
AcDbLine
 10
12.546374
 20
223.184228
 30
0.0
 11
12.080556
 21
223.184228
 31
0.0
  0
LINE
  5
2fb
100
AcDbEntity
  8
0
 62
7
100
AcDbLine
 10
12.080556
 20
223.184228
 30
0.0
 11
12.080556
 21
289.847441
 31
0.0
  0
LINE
  5
2fc
100
AcDbEntity
  8
0
 62
7
100
AcDbLine
 10
12.080556
 20
289.847441
 30
0.0
 11
34.044439
 21
289.847441
 31
0.0
  0
SPLINE
  5
2fd
100
AcDbEntity
  8
0
 62
7
100
AcDbSpline
 70
8
 71
3
 72
8
 73
4
 74
0
 40
0
 40
0
 40
0
 40
0
 40
1
 40
1
 40
1
 40
1
 10
34.044439
 20
289.847441
 30
0.0
 10
34.043902
 20
289.846392
 30
0.0
 10
34.043902
 20
289.845699
 30
0.0
 10
34.043331
 20
289.844628
 30
0.0
  0
SPLINE
  5
2fe
100
AcDbEntity
  8
0
 62
7
100
AcDbSpline
 70
8
 71
3
 72
8
 73
4
 74
0
 40
0
 40
0
 40
0
 40
0
 40
1
 40
1
 40
1
 40
1
 10
34.043331
 20
289.844628
 30
0.0
 10
34.044439
 20
289.682840
 30
0.0
 10
34.045010
 20
289.520695
 30
0.0
 10
34.045547
 20
289.359599
 30
0.0
  0
LINE
  5
2ff
100
AcDbEntity
  8
0
 62
7
100
AcDbLine
 10
34.045547
 20
289.359599
 30
0.0
 11
33.838013
 21
289.359599
 31
0.0
  0
SPLINE
  5
300
100
AcDbEntity
  8
0
 62
7
100
AcDbSpline
 70
8
 71
3
 72
8
 73
4
 74
0
 40
0
 40
0
 40
0
 40
0
 40
1
 40
1
 40
1
 40
1
 10
33.838013
 20
289.359599
 30
0.0
 10
33.533950
 20
289.359599
 30
0.0
 10
33.533950
 20
289.123183
 30
0.0
 10
33.838013
 20
289.123183
 30
0.0
  0
LINE
  5
301
100
AcDbEntity
  8
0
 62
7
100
AcDbLine
 10
33.838013
 20
289.123183
 30
0.0
 11
34.046118
 21
289.123183
 31
0.0
  0
SPLINE
  5
302
100
AcDbEntity
  8
0
 62
7
100
AcDbSpline
 70
8
 71
3
 72
8
 73
4
 74
0
 40
0
 40
0
 40
0
 40
0
 40
1
 40
1
 40
1
 40
1
 10
34.046118
 20
289.123183
 30
0.0
 10
34.046656
 20
289.085879
 30
0.0
 10
34.046656
 20
289.048555
 30
0.0
 10
34.046656
 20
289.011251
 30
0.0
  0
LINE
  5
303
100
AcDbEntity
  8
0
 62
7
100
AcDbLine
 10
34.046656
 20
289.011251
 30
0.0
 11
33.838013
 21
289.011251
 31
0.0
  0
SPLINE
  5
304
100
AcDbEntity
  8
0
 62
7
100
AcDbSpline
 70
8
 71
3
 72
8
 73
4
 74
0
 40
0
 40
0
 40
0
 40
0
 40
1
 40
1
 40
1
 40
1
 10
33.838013
 20
289.011251
 30
0.0
 10
33.533950
 20
289.011251
 30
0.0
 10
33.533950
 20
288.775527
 30
0.0
 10
33.838013
 20
288.775527
 30
0.0
  0
LINE
  5
305
100
AcDbEntity
  8
0
 62
7
100
AcDbLine
 10
33.838013
 20
288.775527
 30
0.0
 11
34.047798
 21
288.775527
 31
0.0
  0
SPLINE
  5
306
100
AcDbEntity
  8
0
 62
7
100
AcDbSpline
 70
8
 71
3
 72
8
 73
4
 74
0
 40
0
 40
0
 40
0
 40
0
 40
1
 40
1
 40
1
 40
1
 10
34.047798
 20
288.775527
 30
0.0
 10
34.047798
 20
288.716959
 30
0.0
 10
34.048335
 20
288.658033
 30
0.0
 10
34.048335
 20
288.599422
 30
0.0
  0
LINE
  5
307
100
AcDbEntity
  8
0
 62
7
100
AcDbLine
 10
34.048335
 20
288.599422
 30
0.0
 11
33.843051
 21
288.599422
 31
0.0
  0
SPLINE
  5
308
100
AcDbEntity
  8
0
 62
7
100
AcDbSpline
 70
8
 71
3
 72
8
 73
4
 74
0
 40
0
 40
0
 40
0
 40
0
 40
1
 40
1
 40
1
 40
1
 10
33.843051
 20
288.599422
 30
0.0
 10
33.714144
 20
288.599422
 30
0.0
 10
33.607035
 20
288.545346
 30
0.0
 10
33.607035
 20
288.481214
 30
0.0
  0
LINE
  5
309
100
AcDbEntity
  8
0
 62
7
100
AcDbLine
 10
33.607035
 20
288.481214
 30
0.0
 11
33.607035
 21
287.940723
 31
0.0
  0
SPLINE
  5
30a
100
AcDbEntity
  8
0
 62
7
100
AcDbSpline
 70
8
 71
3
 72
8
 73
4
 74
0
 40
0
 40
0
 40
0
 40
0
 40
1
 40
1
 40
1
 40
1
 10
33.607035
 20
287.940723
 30
0.0
 10
31.933328
 20
287.739867
 30
0.0
 10
30.989298
 20
286.813368
 30
0.0
 10
30.885044
 20
285.977555
 30
0.0
  0
LINE
  5
30b
100
AcDbEntity
  8
0
 62
7
100
AcDbLine
 10
30.885044
 20
285.977555
 30
0.0
 11
30.532414
 21
285.977555
 31
0.0
  0
SPLINE
  5
30c
100
AcDbEntity
  8
0
 62
7
100
AcDbSpline
 70
8
 71
3
 72
8
 73
4
 74
0
 40
0
 40
0
 40
0
 40
0
 40
1
 40
1
 40
1
 40
1
 10
30.532414
 20
285.977555
 30
0.0
 10
30.228385
 20
285.977555
 30
0.0
 10
30.228385
 20
285.741118
 30
0.0
 10
30.532414
 20
285.741118
 30
0.0
  0
LINE
  5
30d
100
AcDbEntity
  8
0
 62
7
100
AcDbLine
 10
30.532414
 20
285.741118
 30
0.0
 11
30.875573
 21
285.741118
 31
0.0
  0
LINE
  5
30e
100
AcDbEntity
  8
0
 62
7
100
AcDbLine
 10
30.875573
 20
285.741118
 30
0.0
 11
30.875573
 21
284.101884
 31
0.0
  0
LINE
  5
30f
100
AcDbEntity
  8
0
 62
7
100
AcDbLine
 10
30.875573
 20
284.101884
 30
0.0
 11
30.532414
 21
284.101884
 31
0.0
  0
SPLINE
  5
310
100
AcDbEntity
  8
0
 62
7
100
AcDbSpline
 70
8
 71
3
 72
8
 73
4
 74
0
 40
0
 40
0
 40
0
 40
0
 40
1
 40
1
 40
1
 40
1
 10
30.532414
 20
284.101884
 30
0.0
 10
30.228385
 20
284.101884
 30
0.0
 10
30.228385
 20
283.866161
 30
0.0
 10
30.532414
 20
283.866161
 30
0.0
  0
LINE
  5
311
100
AcDbEntity
  8
0
 62
7
100
AcDbLine
 10
30.532414
 20
283.866161
 30
0.0
 11
30.875573
 21
283.866161
 31
0.0
  0
LINE
  5
312
100
AcDbEntity
  8
0
 62
7
100
AcDbLine
 10
30.875573
 20
283.866161
 30
0.0
 11
30.875573
 21
283.719361
 31
0.0
  0
LINE
  5
313
100
AcDbEntity
  8
0
 62
7
100
AcDbLine
 10
30.875573
 20
283.719361
 30
0.0
 11
30.532414
 21
283.719361
 31
0.0
  0
SPLINE
  5
314
100
AcDbEntity
  8
0
 62
7
100
AcDbSpline
 70
8
 71
3
 72
8
 73
4
 74
0
 40
0
 40
0
 40
0
 40
0
 40
1
 40
1
 40
1
 40
1
 10
30.532414
 20
283.719361
 30
0.0
 10
30.228385
 20
283.719361
 30
0.0
 10
30.228385
 20
283.482965
 30
0.0
 10
30.532414
 20
283.482965
 30
0.0
  0
LINE
  5
315
100
AcDbEntity
  8
0
 62
7
100
AcDbLine
 10
30.532414
 20
283.482965
 30
0.0
 11
31.630373
 21
283.482965
 31
0.0
  0
SPLINE
  5
316
100
AcDbEntity
  8
0
 62
7
100
AcDbSpline
 70
8
 71
3
 72
8
 73
4
 74
0
 40
0
 40
0
 40
0
 40
0
 40
1
 40
1
 40
1
 40
1
 10
31.630373
 20
283.482965
 30
0.0
 10
31.629836
 20
282.814504
 30
0.0
 10
31.626477
 20
282.146002
 30
0.0
 10
31.620364
 20
281.477562
 30
0.0
  0
SPLINE
  5
317
100
AcDbEntity
  8
0
 62
7
100
AcDbSpline
 70
8
 71
3
 72
8
 73
4
 74
0
 40
0
 40
0
 40
0
 40
0
 40
1
 40
1
 40
1
 40
1
 10
31.620364
 20
281.477562
 30
0.0
 10
31.419514
 20
281.445149
 30
0.0
 10
31.418977
 20
281.286132
 30
0.0
 10
31.617577
 20
281.252985
 30
0.0
  0
SPLINE
  5
318
100
AcDbEntity
  8
0
 62
7
100
AcDbSpline
 70
8
 71
3
 72
8
 73
4
 74
0
 40
0
 40
0
 40
0
 40
0
 40
1
 40
1
 40
1
 40
1
 10
31.617577
 20
281.252985
 30
0.0
 10
31.615360
 20
280.995639
 30
0.0
 10
31.612001
 20
280.738650
 30
0.0
 10
31.608676
 20
280.481325
 30
0.0
  0
SPLINE
  5
319
100
AcDbEntity
  8
0
 62
7
100
AcDbSpline
 70
8
 71
3
 72
8
 73
4
 74
0
 40
0
 40
0
 40
0
 40
0
 40
1
 40
1
 40
1
 40
1
 10
31.608676
 20
280.481325
 30
0.0
 10
31.424519
 20
280.444714
 30
0.0
 10
31.423444
 20
280.297915
 30
0.0
 10
31.605351
 20
280.261283
 30
0.0
  0
SPLINE
  5
31a
100
AcDbEntity
  8
0
 62
7
100
AcDbSpline
 70
8
 71
3
 72
8
 73
4
 74
0
 40
0
 40
0
 40
0
 40
0
 40
1
 40
1
 40
1
 40
1
 10
31.605351
 20
280.261283
 30
0.0
 10
31.598667
 20
279.808687
 30
0.0
 10
31.591412
 20
279.357098
 30
0.0
 10
31.581941
 20
278.905174
 30
0.0
  0
SPLINE
  5
31b
100
AcDbEntity
  8
0
 62
7
100
AcDbSpline
 70
8
 71
3
 72
8
 73
4
 74
0
 40
0
 40
0
 40
0
 40
0
 40
1
 40
1
 40
1
 40
1
 10
31.581941
 20
278.905174
 30
0.0
 10
31.553996
 20
278.877296
 30
0.0
 10
31.541771
 20
278.846605
 30
0.0
 10
31.559606
 20
278.816943
 30
0.0
  0
SPLINE
  5
31c
100
AcDbEntity
  8
0
 62
7
100
AcDbSpline
 70
8
 71
3
 72
8
 73
4
 74
0
 40
0
 40
0
 40
0
 40
0
 40
1
 40
1
 40
1
 40
1
 10
31.559606
 20
278.816943
 30
0.0
 10
31.558531
 20
278.798805
 30
0.0
 10
31.565786
 20
278.780332
 30
0.0
 10
31.579187
 20
278.762887
 30
0.0
  0
SPLINE
  5
31d
100
AcDbEntity
  8
0
 62
7
100
AcDbSpline
 70
8
 71
3
 72
8
 73
4
 74
0
 40
0
 40
0
 40
0
 40
0
 40
1
 40
1
 40
1
 40
1
 10
31.579187
 20
278.762887
 30
0.0
 10
31.568036
 20
278.241226
 30
0.0
 10
31.554635
 20
277.720615
 30
0.0
 10
31.540125
 20
277.198954
 30
0.0
  0
SPLINE
  5
31e
100
AcDbEntity
  8
0
 62
7
100
AcDbSpline
 70
8
 71
3
 72
8
 73
4
 74
0
 40
0
 40
0
 40
0
 40
0
 40
1
 40
1
 40
1
 40
1
 10
31.540125
 20
277.198954
 30
0.0
 10
31.535053
 20
277.184658
 30
0.0
 10
31.535053
 20
277.169690
 30
0.0
 10
31.539017
 20
277.155394
 30
0.0
  0
SPLINE
  5
31f
100
AcDbEntity
  8
0
 62
7
100
AcDbSpline
 70
8
 71
3
 72
8
 73
4
 74
0
 40
0
 40
0
 40
0
 40
0
 40
1
 40
1
 40
1
 40
1
 10
31.539017
 20
277.155394
 30
0.0
 10
31.507781
 20
276.055560
 30
0.0
 10
31.468182
 20
274.955727
 30
0.0
 10
31.420186
 20
273.855242
 30
0.0
  0
SPLINE
  5
320
100
AcDbEntity
  8
0
 62
7
100
AcDbSpline
 70
8
 71
3
 72
8
 73
4
 74
0
 40
0
 40
0
 40
0
 40
0
 40
1
 40
1
 40
1
 40
1
 10
31.420186
 20
273.855242
 30
0.0
 10
31.403997
 20
273.605244
 30
0.0
 10
31.377732
 20
272.531902
 30
0.0
 10
31.360468
 20
272.282932
 30
0.0
  0
SPLINE
  5
321
100
AcDbEntity
  8
0
 62
7
100
AcDbSpline
 70
8
 71
3
 72
8
 73
4
 74
0
 40
0
 40
0
 40
0
 40
0
 40
1
 40
1
 40
1
 40
1
 10
31.360468
 20
272.282932
 30
0.0
 10
31.350426
 20
272.263745
 30
0.0
 10
31.347638
 20
272.243886
 30
0.0
 10
31.352642
 20
272.224385
 30
0.0
  0
SPLINE
  5
322
100
AcDbEntity
  8
0
 62
7
100
AcDbSpline
 70
8
 71
3
 72
8
 73
4
 74
0
 40
0
 40
0
 40
0
 40
0
 40
1
 40
1
 40
1
 40
1
 10
31.352642
 20
272.224385
 30
0.0
 10
31.346496
 20
272.207612
 30
0.0
 10
31.346496
 20
272.189495
 30
0.0
 10
31.353180
 20
272.172764
 30
0.0
  0
SPLINE
  5
323
100
AcDbEntity
  8
0
 62
7
100
AcDbSpline
 70
8
 71
3
 72
8
 73
4
 74
0
 40
0
 40
0
 40
0
 40
0
 40
1
 40
1
 40
1
 40
1
 10
31.353180
 20
272.172764
 30
0.0
 10
31.334237
 20
271.899044
 30
0.0
 10
31.315294
 20
271.624926
 30
0.0
 10
31.295175
 20
271.351227
 30
0.0
  0
SPLINE
  5
324
100
AcDbEntity
  8
0
 62
7
100
AcDbSpline
 70
8
 71
3
 72
8
 73
4
 74
0
 40
0
 40
0
 40
0
 40
0
 40
1
 40
1
 40
1
 40
1
 10
31.295175
 20
271.351227
 30
0.0
 10
31.143966
 20
269.271887
 30
0.0
 10
30.963235
 20
267.193262
 30
0.0
 10
30.744550
 20
265.115665
 30
0.0
  0
SPLINE
  5
325
100
AcDbEntity
  8
0
 62
7
100
AcDbSpline
 70
8
 71
3
 72
8
 73
4
 74
0
 40
0
 40
0
 40
0
 40
0
 40
1
 40
1
 40
1
 40
1
 10
30.744550
 20
265.115665
 30
0.0
 10
30.736690
 20
265.099984
 30
0.0
 10
30.735078
 20
265.082203
 30
0.0
 10
30.738941
 20
265.065451
 30
0.0
  0
SPLINE
  5
326
100
AcDbEntity
  8
0
 62
7
100
AcDbSpline
 70
8
 71
3
 72
8
 73
4
 74
0
 40
0
 40
0
 40
0
 40
0
 40
1
 40
1
 40
1
 40
1
 10
30.738941
 20
265.065451
 30
0.0
 10
30.576581
 20
263.523119
 30
0.0
 10
30.393599
 20
261.981857
 30
0.0
 10
30.187745
 20
260.440931
 30
0.0
  0
SPLINE
  5
327
100
AcDbEntity
  8
0
 62
7
100
AcDbSpline
 70
8
 71
3
 72
8
 73
4
 74
0
 40
0
 40
0
 40
0
 40
0
 40
1
 40
1
 40
1
 40
1
 10
30.187745
 20
260.440931
 30
0.0
 10
30.083927
 20
259.664758
 30
0.0
 10
29.975206
 20
258.888857
 30
0.0
 10
29.858558
 20
258.112999
 30
0.0
  0
SPLINE
  5
328
100
AcDbEntity
  8
0
 62
7
100
AcDbSpline
 70
8
 71
3
 72
8
 73
4
 74
0
 40
0
 40
0
 40
0
 40
0
 40
1
 40
1
 40
1
 40
1
 10
29.858558
 20
258.112999
 30
0.0
 10
29.527726
 20
256.139315
 30
0.0
 10
29.089215
 20
254.018516
 30
0.0
 10
28.525759
 20
252.069938
 30
0.0
  0
SPLINE
  5
329
100
AcDbEntity
  8
0
 62
7
100
AcDbSpline
 70
8
 71
3
 72
8
 73
4
 74
0
 40
0
 40
0
 40
0
 40
0
 40
1
 40
1
 40
1
 40
1
 10
28.525759
 20
252.069938
 30
0.0
 10
28.486126
 20
252.038890
 30
0.0
 10
28.474942
 20
251.994953
 30
0.0
 10
28.492273
 20
251.956936
 30
0.0
  0
SPLINE
  5
32a
100
AcDbEntity
  8
0
 62
7
100
AcDbSpline
 70
8
 71
3
 72
8
 73
4
 74
0
 40
0
 40
0
 40
0
 40
0
 40
1
 40
1
 40
1
 40
1
 10
28.492273
 20
251.956936
 30
0.0
 10
28.476655
 20
251.904665
 30
0.0
 10
28.462179
 20
251.852352
 30
0.0
 10
28.446527
 20
251.800039
 30
0.0
  0
SPLINE
  5
32b
100
AcDbEntity
  8
0
 62
7
100
AcDbSpline
 70
8
 71
3
 72
8
 73
4
 74
0
 40
0
 40
0
 40
0
 40
0
 40
1
 40
1
 40
1
 40
1
 10
28.446527
 20
251.800039
 30
0.0
 10
28.273050
 20
251.225015
 30
0.0
 10
28.093931
 20
250.639915
 30
0.0
 10
27.777609
 20
250.086513
 30
0.0
  0
SPLINE
  5
32c
100
AcDbEntity
  8
0
 62
7
100
AcDbSpline
 70
8
 71
3
 72
8
 73
4
 74
0
 40
0
 40
0
 40
0
 40
0
 40
1
 40
1
 40
1
 40
1
 10
27.777609
 20
250.086513
 30
0.0
 10
27.740260
 20
250.021311
 30
0.0
 10
27.712886
 20
249.976345
 30
0.0
 10
27.680509
 20
249.931694
 30
0.0
  0
LINE
  5
32d
100
AcDbEntity
  8
0
 62
7
100
AcDbLine
 10
27.680509
 20
249.931694
 30
0.0
 11
27.011590
 21
249.931694
 31
0.0
  0
SPLINE
  5
32e
100
AcDbEntity
  8
0
 62
7
100
AcDbSpline
 70
8
 71
3
 72
8
 73
4
 74
0
 40
0
 40
0
 40
0
 40
0
 40
1
 40
1
 40
1
 40
1
 10
27.011590
 20
249.931694
 30
0.0
 10
26.905623
 20
249.931694
 30
0.0
 10
26.816886
 20
249.878017
 30
0.0
 10
26.816886
 20
249.813486
 30
0.0
  0
LINE
  5
32f
100
AcDbEntity
  8
0
 62
7
100
AcDbLine
 10
26.816886
 20
249.813486
 30
0.0
 11
26.816886
 21
249.655182
 31
0.0
  0
LINE
  5
330
100
AcDbEntity
  8
0
 62
7
100
AcDbLine
 10
26.816886
 20
249.655182
 30
0.0
 11
26.412398
 21
249.655182
 31
0.0
  0
SPLINE
  5
331
100
AcDbEntity
  8
0
 62
7
100
AcDbSpline
 70
8
 71
3
 72
8
 73
4
 74
0
 40
0
 40
0
 40
0
 40
0
 40
1
 40
1
 40
1
 40
1
 10
26.412398
 20
249.655182
 30
0.0
 10
26.306364
 20
249.655182
 30
0.0
 10
26.217660
 20
249.601106
 30
0.0
 10
26.217660
 20
249.536974
 30
0.0
  0
LINE
  5
332
100
AcDbEntity
  8
0
 62
7
100
AcDbLine
 10
26.217660
 20
249.536974
 30
0.0
 11
26.217660
 21
249.225594
 31
0.0
  0
LINE
  5
333
100
AcDbEntity
  8
0
 62
7
100
AcDbLine
 10
26.217660
 20
249.225594
 30
0.0
 11
26.081566
 21
249.225594
 31
0.0
  0
LINE
  5
334
100
AcDbEntity
  8
0
 62
7
100
AcDbLine
 10
26.081566
 20
249.225594
 30
0.0
 11
25.889616
 21
249.225594
 31
0.0
  0
SPLINE
  5
335
100
AcDbEntity
  8
0
 62
7
100
AcDbSpline
 70
8
 71
3
 72
8
 73
4
 74
0
 40
0
 40
0
 40
0
 40
0
 40
1
 40
1
 40
1
 40
1
 10
25.889616
 20
249.225594
 30
0.0
 10
25.637949
 20
249.225594
 30
0.0
 10
25.637949
 20
248.989534
 30
0.0
 10
25.889616
 20
248.989534
 30
0.0
  0
LINE
  5
336
100
AcDbEntity
  8
0
 62
7
100
AcDbLine
 10
25.889616
 20
248.989534
 30
0.0
 11
25.933682
 21
248.989534
 31
0.0
  0
SPLINE
  5
337
100
AcDbEntity
  8
0
 62
7
100
AcDbSpline
 70
8
 71
3
 72
8
 73
4
 74
0
 40
0
 40
0
 40
0
 40
0
 40
1
 40
1
 40
1
 40
1
 10
25.933682
 20
248.989534
 30
0.0
 10
26.024065
 20
248.861901
 30
0.0
 10
26.229349
 20
248.768799
 30
0.0
 10
26.423549
 20
248.696292
 30
0.0
  0
SPLINE
  5
338
100
AcDbEntity
  8
0
 62
7
100
AcDbSpline
 70
8
 71
3
 72
8
 73
4
 74
0
 40
0
 40
0
 40
0
 40
0
 40
1
 40
1
 40
1
 40
1
 10
26.423549
 20
248.696292
 30
0.0
 10
26.674578
 20
248.602833
 30
0.0
 10
26.980287
 20
248.525077
 30
0.0
 10
27.280454
 20
248.505513
 30
0.0
  0
SPLINE
  5
339
100
AcDbEntity
  8
0
 62
7
100
AcDbSpline
 70
8
 71
3
 72
8
 73
4
 74
0
 40
0
 40
0
 40
0
 40
0
 40
1
 40
1
 40
1
 40
1
 10
27.280454
 20
248.505513
 30
0.0
 10
27.355218
 20
248.369545
 30
0.0
 10
27.393172
 20
248.226922
 30
0.0
 10
27.408790
 20
248.084279
 30
0.0
  0
SPLINE
  5
33a
100
AcDbEntity
  8
0
 62
7
100
AcDbSpline
 70
8
 71
3
 72
8
 73
4
 74
0
 40
0
 40
0
 40
0
 40
0
 40
1
 40
1
 40
1
 40
1
 10
27.408790
 20
248.084279
 30
0.0
 10
27.413290
 20
248.047647
 30
0.0
 10
27.427766
 20
248.011393
 30
0.0
 10
27.416582
 20
247.976189
 30
0.0
  0
SPLINE
  5
33b
100
AcDbEntity
  8
0
 62
7
100
AcDbSpline
 70
8
 71
3
 72
8
 73
4
 74
0
 40
0
 40
0
 40
0
 40
0
 40
1
 40
1
 40
1
 40
1
 10
27.416582
 20
247.976189
 30
0.0
 10
27.395389
 20
247.908909
 30
0.0
 10
27.373053
 20
247.841901
 30
0.0
 10
27.351289
 20
247.774620
 30
0.0
  0
SPLINE
  5
33c
100
AcDbEntity
  8
0
 62
7
100
AcDbSpline
 70
8
 71
3
 72
8
 73
4
 74
0
 40
0
 40
0
 40
0
 40
0
 40
1
 40
1
 40
1
 40
1
 10
27.351289
 20
247.774620
 30
0.0
 10
27.322270
 20
247.683282
 30
0.0
 10
27.292679
 20
247.591923
 30
0.0
 10
27.263123
 20
247.500564
 30
0.0
  0
SPLINE
  5
33d
100
AcDbEntity
  8
0
 62
7
100
AcDbSpline
 70
8
 71
3
 72
8
 73
4
 74
0
 40
0
 40
0
 40
0
 40
0
 40
1
 40
1
 40
1
 40
1
 10
27.263123
 20
247.500564
 30
0.0
 10
27.007593
 20
246.718052
 30
0.0
 10
26.741517
 20
245.936631
 30
0.0
 10
26.464793
 20
245.156931
 30
0.0
  0
SPLINE
  5
33e
100
AcDbEntity
  8
0
 62
7
100
AcDbSpline
 70
8
 71
3
 72
8
 73
4
 74
0
 40
0
 40
0
 40
0
 40
0
 40
1
 40
1
 40
1
 40
1
 10
26.464793
 20
245.156931
 30
0.0
 10
26.090735
 20
244.137876
 30
0.0
 10
25.725577
 20
243.125559
 30
0.0
 10
25.300970
 20
242.113453
 30
0.0
  0
SPLINE
  5
33f
100
AcDbEntity
  8
0
 62
7
100
AcDbSpline
 70
8
 71
3
 72
8
 73
4
 74
0
 40
0
 40
0
 40
0
 40
0
 40
1
 40
1
 40
1
 40
1
 10
25.300970
 20
242.113453
 30
0.0
 10
25.097332
 20
241.627731
 30
0.0
 10
24.870822
 20
241.146165
 30
0.0
 10
24.636519
 20
240.665985
 30
0.0
  0
SPLINE
  5
340
100
AcDbEntity
  8
0
 62
7
100
AcDbSpline
 70
8
 71
3
 72
8
 73
4
 74
0
 40
0
 40
0
 40
0
 40
0
 40
1
 40
1
 40
1
 40
1
 10
24.636519
 20
240.665985
 30
0.0
 10
24.425089
 20
240.148522
 30
0.0
 10
24.088110
 20
239.403334
 30
0.0
 10
23.878863
 20
238.885178
 30
0.0
  0
LINE
  5
341
100
AcDbEntity
  8
0
 62
7
100
AcDbLine
 10
23.878863
 20
238.885178
 30
0.0
 11
22.091867
 21
238.885178
 31
0.0
  0
SPLINE
  5
342
100
AcDbEntity
  8
0
 62
7
100
AcDbSpline
 70
8
 71
3
 72
8
 73
4
 74
0
 40
0
 40
0
 40
0
 40
0
 40
1
 40
1
 40
1
 40
1
 10
22.091867
 20
238.885178
 30
0.0
 10
21.874828
 20
238.885178
 30
0.0
 10
21.874828
 20
238.646327
 30
0.0
 10
22.091867
 20
238.646327
 30
0.0
  0
LINE
  5
343
100
AcDbEntity
  8
0
 62
7
100
AcDbLine
 10
22.091867
 20
238.646327
 30
0.0
 11
22.503643
 21
238.646327
 31
0.0
  0
LINE
  5
344
100
AcDbEntity
  8
0
 62
7
100
AcDbLine
 10
22.503643
 20
238.646327
 30
0.0
 11
22.503643
 21
237.443294
 31
0.0
  0
LINE
  5
345
100
AcDbEntity
  8
0
 62
7
100
AcDbLine
 10
22.503643
 20
237.443294
 30
0.0
 11
22.091867
 21
237.443294
 31
0.0
  0
SPLINE
  5
346
100
AcDbEntity
  8
0
 62
7
100
AcDbSpline
 70
8
 71
3
 72
8
 73
4
 74
0
 40
0
 40
0
 40
0
 40
0
 40
1
 40
1
 40
1
 40
1
 10
22.091867
 20
237.443294
 30
0.0
 10
21.874828
 20
237.443294
 30
0.0
 10
21.874828
 20
237.204779
 30
0.0
 10
22.091867
 20
237.204779
 30
0.0
  0
LINE
  5
347
100
AcDbEntity
  8
0
 62
7
100
AcDbLine
 10
22.091867
 20
237.204779
 30
0.0
 11
23.203798
 21
237.204779
 31
0.0
  0
SPLINE
  5
348
100
AcDbEntity
  8
0
 62
7
100
AcDbSpline
 70
8
 71
3
 72
8
 73
4
 74
0
 40
0
 40
0
 40
0
 40
0
 40
1
 40
1
 40
1
 40
1
 10
23.203798
 20
237.204779
 30
0.0
 10
23.193218
 20
237.177237
 30
0.0
 10
23.181463
 20
237.149674
 30
0.0
 10
23.170916
 20
237.122132
 30
0.0
  0
LINE
  5
349
100
AcDbEntity
  8
0
 62
7
100
AcDbLine
 10
23.170916
 20
237.122132
 30
0.0
 11
22.091867
 21
237.122132
 31
0.0
  0
SPLINE
  5
34a
100
AcDbEntity
  8
0
 62
7
100
AcDbSpline
 70
8
 71
3
 72
8
 73
4
 74
0
 40
0
 40
0
 40
0
 40
0
 40
1
 40
1
 40
1
 40
1
 10
22.091867
 20
237.122132
 30
0.0
 10
21.884870
 20
237.122132
 30
0.0
 10
21.875399
 20
236.901397
 30
0.0
 10
22.064493
 20
236.881874
 30
0.0
  0
SPLINE
  5
34b
100
AcDbEntity
  8
0
 62
7
100
AcDbSpline
 70
8
 71
3
 72
8
 73
4
 74
0
 40
0
 40
0
 40
0
 40
0
 40
1
 40
1
 40
1
 40
1
 10
22.064493
 20
236.881874
 30
0.0
 10
22.321703
 20
236.880824
 30
0.0
 10
22.578341
 20
236.879796
 30
0.0
 10
22.835550
 20
236.878725
 30
0.0
  0
SPLINE
  5
34c
100
AcDbEntity
  8
0
 62
7
100
AcDbSpline
 70
8
 71
3
 72
8
 73
4
 74
0
 40
0
 40
0
 40
0
 40
0
 40
1
 40
1
 40
1
 40
1
 10
22.835550
 20
236.878725
 30
0.0
 10
22.808748
 20
236.818729
 30
0.0
 10
22.779796
 20
236.759488
 30
0.0
 10
22.751314
 20
236.700898
 30
0.0
  0
SPLINE
  5
34d
100
AcDbEntity
  8
0
 62
7
100
AcDbSpline
 70
8
 71
3
 72
8
 73
4
 74
0
 40
0
 40
0
 40
0
 40
0
 40
1
 40
1
 40
1
 40
1
 10
22.751314
 20
236.700898
 30
0.0
 10
22.558256
 20
236.300573
 30
0.0
 10
22.332887
 20
235.908267
 30
0.0
 10
22.101943
 20
235.518753
 30
0.0
  0
SPLINE
  5
34e
100
AcDbEntity
  8
0
 62
7
100
AcDbSpline
 70
8
 71
3
 72
8
 73
4
 74
0
 40
0
 40
0
 40
0
 40
0
 40
1
 40
1
 40
1
 40
1
 10
22.101943
 20
235.518753
 30
0.0
 10
22.026104
 20
235.391833
 30
0.0
 10
21.950230
 20
235.264556
 30
0.0
 10
21.873249
 20
235.137972
 30
0.0
  0
SPLINE
  5
34f
100
AcDbEntity
  8
0
 62
7
100
AcDbSpline
 70
8
 71
3
 72
8
 73
4
 74
0
 40
0
 40
0
 40
0
 40
0
 40
1
 40
1
 40
1
 40
1
 10
21.873249
 20
235.137972
 30
0.0
 10
21.861494
 20
235.125776
 30
0.0
 10
21.853130
 20
235.112193
 30
0.0
 10
21.848697
 20
235.098254
 30
0.0
  0
LINE
  5
350
100
AcDbEntity
  8
0
 62
7
100
AcDbLine
 10
21.848697
 20
235.098254
 30
0.0
 11
21.848697
 21
235.098254
 31
0.0
  0
LINE
  5
351
100
AcDbEntity
  8
0
 62
7
100
AcDbLine
 10
50.173722
 20
229.241543
 30
0.0
 11
50.673027
 21
229.241543
 31
0.0
  0
SPLINE
  5
352
100
AcDbEntity
  8
0
 62
7
100
AcDbSpline
 70
8
 71
3
 72
8
 73
4
 74
0
 40
0
 40
0
 40
0
 40
0
 40
1
 40
1
 40
1
 40
1
 10
50.673027
 20
229.241543
 30
0.0
 10
50.673564
 20
229.240493
 30
0.0
 10
50.674706
 20
229.239087
 30
0.0
 10
50.675546
 20
229.237890
 30
0.0
  0
SPLINE
  5
353
100
AcDbEntity
  8
0
 62
7
100
AcDbSpline
 70
8
 71
3
 72
8
 73
4
 74
0
 40
0
 40
0
 40
0
 40
0
 40
1
 40
1
 40
1
 40
1
 10
50.675546
 20
229.237890
 30
0.0
 10
50.285131
 20
228.958628
 30
0.0
 10
49.894682
 20
228.679051
 30
0.0
 10
49.504804
 20
228.399433
 30
0.0
  0
LINE
  5
354
100
AcDbEntity
  8
0
 62
7
100
AcDbLine
 10
49.504804
 20
228.399433
 30
0.0
 11
49.026088
 21
228.399433
 31
0.0
  0
SPLINE
  5
355
100
AcDbEntity
  8
0
 62
7
100
AcDbSpline
 70
8
 71
3
 72
8
 73
4
 74
0
 40
0
 40
0
 40
0
 40
0
 40
1
 40
1
 40
1
 40
1
 10
49.026088
 20
228.399433
 30
0.0
 10
48.818521
 20
228.680143
 30
0.0
 10
48.611557
 20
228.960874
 30
0.0
 10
48.404023
 20
229.241543
 30
0.0
  0
LINE
  5
356
100
AcDbEntity
  8
0
 62
7
100
AcDbLine
 10
48.404023
 20
229.241543
 30
0.0
 11
50.173722
 21
229.241543
 31
0.0
  0
LINE
  5
357
100
AcDbEntity
  8
0
 62
7
100
AcDbLine
 10
50.173722
 20
229.241543
 30
0.0
 11
50.173722
 21
229.241543
 31
0.0
  0
SPLINE
  5
358
100
AcDbEntity
  8
0
 62
7
100
AcDbSpline
 70
8
 71
3
 72
8
 73
4
 74
0
 40
0
 40
0
 40
0
 40
0
 40
1
 40
1
 40
1
 40
1
 10
49.978380
 20
228.399790
 30
0.0
 10
50.264609
 20
228.604843
 30
0.0
 10
50.551341
 20
228.810212
 30
0.0
 10
50.837603
 20
229.014909
 30
0.0
  0
SPLINE
  5
359
100
AcDbEntity
  8
0
 62
7
100
AcDbSpline
 70
8
 71
3
 72
8
 73
4
 74
0
 40
0
 40
0
 40
0
 40
0
 40
1
 40
1
 40
1
 40
1
 10
50.837603
 20
229.014909
 30
0.0
 10
50.986058
 20
228.809834
 30
0.0
 10
51.134445
 20
228.604486
 30
0.0
 10
51.282832
 20
228.399790
 30
0.0
  0
LINE
  5
35a
100
AcDbEntity
  8
0
 62
7
100
AcDbLine
 10
51.282832
 20
228.399790
 30
0.0
 11
49.978380
 21
228.399790
 31
0.0
  0
LINE
  5
35b
100
AcDbEntity
  8
0
 62
7
100
AcDbLine
 10
49.978380
 20
228.399790
 30
0.0
 11
49.978380
 21
228.399790
 31
0.0
  0
SPLINE
  5
35c
100
AcDbEntity
  8
0
 62
7
100
AcDbSpline
 70
8
 71
3
 72
8
 73
4
 74
0
 40
0
 40
0
 40
0
 40
0
 40
1
 40
1
 40
1
 40
1
 10
50.033127
 20
227.778708
 30
0.0
 10
50.060467
 20
227.769661
 30
0.0
 10
50.087202
 20
227.760235
 30
0.0
 10
50.114005
 20
227.750810
 30
0.0
  0
SPLINE
  5
35d
100
AcDbEntity
  8
0
 62
7
100
AcDbSpline
 70
8
 71
3
 72
8
 73
4
 74
0
 40
0
 40
0
 40
0
 40
0
 40
1
 40
1
 40
1
 40
1
 10
50.114005
 20
227.750810
 30
0.0
 10
50.815268
 20
227.509544
 30
0.0
 10
51.516631
 20
227.267522
 30
0.0
 10
52.217894
 20
227.026236
 30
0.0
  0
LINE
  5
35e
100
AcDbEntity
  8
0
 62
7
100
AcDbLine
 10
52.217894
 20
227.026236
 30
0.0
 11
51.768198
 21
227.026236
 31
0.0
  0
SPLINE
  5
35f
100
AcDbEntity
  8
0
 62
7
100
AcDbSpline
 70
8
 71
3
 72
8
 73
4
 74
0
 40
0
 40
0
 40
0
 40
0
 40
1
 40
1
 40
1
 40
1
 10
51.768198
 20
227.026236
 30
0.0
 10
51.018368
 20
227.276927
 30
0.0
 10
50.269076
 20
227.527681
 30
0.0
 10
49.519280
 20
227.778708
 30
0.0
  0
LINE
  5
360
100
AcDbEntity
  8
0
 62
7
100
AcDbLine
 10
49.519280
 20
227.778708
 30
0.0
 11
50.033127
 21
227.778708
 31
0.0
  0
LINE
  5
361
100
AcDbEntity
  8
0
 62
7
100
AcDbLine
 10
50.033127
 20
227.778708
 30
0.0
 11
50.033127
 21
227.778708
 31
0.0
  0
LINE
  5
362
100
AcDbEntity
  8
0
 62
7
100
AcDbLine
 10
50.039811
 20
227.026551
 30
0.0
 11
50.039240
 21
227.026551
 31
0.0
  0
LINE
  5
363
100
AcDbEntity
  8
0
 62
7
100
AcDbLine
 10
50.039240
 20
227.026551
 30
0.0
 11
50.039811
 21
227.026551
 31
0.0
  0
SPLINE
  5
364
100
AcDbEntity
  8
0
 62
7
100
AcDbSpline
 70
8
 71
3
 72
8
 73
4
 74
0
 40
0
 40
0
 40
0
 40
0
 40
1
 40
1
 40
1
 40
1
 10
49.765876
 20
227.433488
 30
0.0
 10
50.171506
 20
227.297836
 30
0.0
 10
50.577102
 20
227.162183
 30
0.0
 10
50.982699
 20
227.026551
 30
0.0
  0
SPLINE
  5
365
100
AcDbEntity
  8
0
 62
7
100
AcDbSpline
 70
8
 71
3
 72
8
 73
4
 74
0
 40
0
 40
0
 40
0
 40
0
 40
1
 40
1
 40
1
 40
1
 10
50.982699
 20
227.026551
 30
0.0
 10
50.668224
 20
227.026551
 30
0.0
 10
50.354320
 20
227.026551
 30
0.0
 10
50.039811
 20
227.026572
 30
0.0
  0
SPLINE
  5
366
100
AcDbEntity
  8
0
 62
7
100
AcDbSpline
 70
8
 71
3
 72
8
 73
4
 74
0
 40
0
 40
0
 40
0
 40
0
 40
1
 40
1
 40
1
 40
1
 10
50.039811
 20
227.026572
 30
0.0
 10
49.936565
 20
227.166045
 30
0.0
 10
49.833419
 20
227.305897
 30
0.0
 10
49.730206
 20
227.445706
 30
0.0
  0
SPLINE
  5
367
100
AcDbEntity
  8
0
 62
7
100
AcDbSpline
 70
8
 71
3
 72
8
 73
4
 74
0
 40
0
 40
0
 40
0
 40
0
 40
1
 40
1
 40
1
 40
1
 10
49.730206
 20
227.445706
 30
0.0
 10
49.741928
 20
227.441528
 30
0.0
 10
49.754154
 20
227.437666
 30
0.0
 10
49.765876
 20
227.433488
 30
0.0
  0
LINE
  5
368
100
AcDbEntity
  8
0
 62
7
100
AcDbLine
 10
49.765876
 20
227.433488
 30
0.0
 11
49.765876
 21
227.433488
 31
0.0
  0
LINE
  5
369
100
AcDbEntity
  8
0
 62
7
100
AcDbLine
 10
49.621384
 20
226.787699
 30
0.0
 11
49.836710
 21
226.787699
 31
0.0
  0
SPLINE
  5
36a
100
AcDbEntity
  8
0
 62
7
100
AcDbSpline
 70
8
 71
3
 72
8
 73
4
 74
0
 40
0
 40
0
 40
0
 40
0
 40
1
 40
1
 40
1
 40
1
 10
49.836710
 20
226.787699
 30
0.0
 10
49.855721
 20
226.761543
 30
0.0
 10
49.875201
 20
226.735764
 30
0.0
 10
49.894782
 20
226.709586
 30
0.0
  0
LINE
  5
36b
100
AcDbEntity
  8
0
 62
7
100
AcDbLine
 10
49.894782
 20
226.709586
 30
0.0
 11
49.679389
 21
226.709586
 31
0.0
  0
SPLINE
  5
36c
100
AcDbEntity
  8
0
 62
7
100
AcDbSpline
 70
8
 71
3
 72
8
 73
4
 74
0
 40
0
 40
0
 40
0
 40
0
 40
1
 40
1
 40
1
 40
1
 10
49.679389
 20
226.709586
 30
0.0
 10
49.660412
 20
226.735764
 30
0.0
 10
49.640361
 20
226.761900
 30
0.0
 10
49.621384
 20
226.787699
 30
0.0
  0
LINE
  5
36d
100
AcDbEntity
  8
0
 62
7
100
AcDbLine
 10
49.621384
 20
226.787699
 30
0.0
 11
49.621384
 21
226.787699
 31
0.0
  0
SPLINE
  5
36e
100
AcDbEntity
  8
0
 62
7
100
AcDbSpline
 70
8
 71
3
 72
8
 73
4
 74
0
 40
0
 40
0
 40
0
 40
0
 40
1
 40
1
 40
1
 40
1
 10
49.475214
 20
226.471113
 30
0.0
 10
49.586219
 20
226.320471
 30
0.0
 10
49.697862
 20
226.169494
 30
0.0
 10
49.808833
 20
226.018853
 30
0.0
  0
SPLINE
  5
36f
100
AcDbEntity
  8
0
 62
7
100
AcDbSpline
 70
8
 71
3
 72
8
 73
4
 74
0
 40
0
 40
0
 40
0
 40
0
 40
1
 40
1
 40
1
 40
1
 10
49.808833
 20
226.018853
 30
0.0
 10
49.397628
 20
226.169494
 30
0.0
 10
48.985885
 20
226.320471
 30
0.0
 10
48.574175
 20
226.471113
 30
0.0
  0
LINE
  5
370
100
AcDbEntity
  8
0
 62
7
100
AcDbLine
 10
48.574175
 20
226.471113
 30
0.0
 11
49.475214
 21
226.471113
 31
0.0
  0
LINE
  5
371
100
AcDbEntity
  8
0
 62
7
100
AcDbLine
 10
49.475214
 20
226.471113
 30
0.0
 11
49.475214
 21
226.471113
 31
0.0
  0
SPLINE
  5
372
100
AcDbEntity
  8
0
 62
7
100
AcDbSpline
 70
8
 71
3
 72
8
 73
4
 74
0
 40
0
 40
0
 40
0
 40
0
 40
1
 40
1
 40
1
 40
1
 10
47.841609
 20
226.471113
 30
0.0
 10
48.588080
 20
226.197729
 30
0.0
 10
49.333476
 20
225.924702
 30
0.0
 10
50.079948
 20
225.651276
 30
0.0
  0
LINE
  5
373
100
AcDbEntity
  8
0
 62
7
100
AcDbLine
 10
50.079948
 20
225.651276
 30
0.0
 11
50.080586
 21
225.651276
 31
0.0
  0
SPLINE
  5
374
100
AcDbEntity
  8
0
 62
7
100
AcDbSpline
 70
8
 71
3
 72
8
 73
4
 74
0
 40
0
 40
0
 40
0
 40
0
 40
1
 40
1
 40
1
 40
1
 10
50.080586
 20
225.651276
 30
0.0
 10
50.096204
 20
225.630010
 30
0.0
 10
50.111788
 20
225.608745
 30
0.0
 10
50.127406
 20
225.587123
 30
0.0
  0
LINE
  5
375
100
AcDbEntity
  8
0
 62
7
100
AcDbLine
 10
50.127406
 20
225.587123
 30
0.0
 11
49.705654
 21
225.587123
 31
0.0
  0
SPLINE
  5
376
100
AcDbEntity
  8
0
 62
7
100
AcDbSpline
 70
8
 71
3
 72
8
 73
4
 74
0
 40
0
 40
0
 40
0
 40
0
 40
1
 40
1
 40
1
 40
1
 10
49.705654
 20
225.587123
 30
0.0
 10
48.969729
 20
225.852509
 30
0.0
 10
48.233334
 20
226.117496
 30
0.0
 10
47.498014
 20
226.382882
 30
0.0
  0
SPLINE
  5
377
100
AcDbEntity
  8
0
 62
7
100
AcDbSpline
 70
8
 71
3
 72
8
 73
4
 74
0
 40
0
 40
0
 40
0
 40
0
 40
1
 40
1
 40
1
 40
1
 10
47.498014
 20
226.382882
 30
0.0
 10
47.476787
 20
226.412145
 30
0.0
 10
47.455560
 20
226.441807
 30
0.0
 10
47.433796
 20
226.471113
 30
0.0
  0
LINE
  5
378
100
AcDbEntity
  8
0
 62
7
100
AcDbLine
 10
47.433796
 20
226.471113
 30
0.0
 11
47.841609
 21
226.471113
 31
0.0
  0
LINE
  5
379
100
AcDbEntity
  8
0
 62
7
100
AcDbLine
 10
47.841609
 20
226.471113
 30
0.0
 11
47.841609
 21
226.471113
 31
0.0
  0
LINE
  5
37a
100
AcDbEntity
  8
0
 62
7
100
AcDbLine
 10
48.530109
 20
224.955965
 30
0.0
 11
49.928235
 21
224.955965
 31
0.0
  0
SPLINE
  5
37b
100
AcDbEntity
  8
0
 62
7
100
AcDbSpline
 70
8
 71
3
 72
8
 73
4
 74
0
 40
0
 40
0
 40
0
 40
0
 40
1
 40
1
 40
1
 40
1
 10
49.928235
 20
224.955965
 30
0.0
 10
49.621384
 20
224.735923
 30
0.0
 10
49.313929
 20
224.516594
 30
0.0
 10
49.006507
 20
224.296951
 30
0.0
  0
SPLINE
  5
37c
100
AcDbEntity
  8
0
 62
7
100
AcDbSpline
 70
8
 71
3
 72
8
 73
4
 74
0
 40
0
 40
0
 40
0
 40
0
 40
1
 40
1
 40
1
 40
1
 10
49.006507
 20
224.296951
 30
0.0
 10
48.848111
 20
224.516615
 30
0.0
 10
48.688539
 20
224.736322
 30
0.0
 10
48.530109
 20
224.955965
 30
0.0
  0
LINE
  5
37d
100
AcDbEntity
  8
0
 62
7
100
AcDbLine
 10
48.530109
 20
224.955965
 30
0.0
 11
48.530109
 21
224.955965
 31
0.0
  0
SPLINE
  5
37e
100
AcDbEntity
  8
0
 62
7
100
AcDbSpline
 70
8
 71
3
 72
8
 73
4
 74
0
 40
0
 40
0
 40
0
 40
0
 40
1
 40
1
 40
1
 40
1
 10
48.715375
 20
224.178743
 30
0.0
 10
48.768879
 20
224.104808
 30
0.0
 10
48.821879
 20
224.030851
 30
0.0
 10
48.875451
 20
223.956979
 30
0.0
  0
SPLINE
  5
37f
100
AcDbEntity
  8
0
 62
7
100
AcDbSpline
 70
8
 71
3
 72
8
 73
4
 74
0
 40
0
 40
0
 40
0
 40
0
 40
1
 40
1
 40
1
 40
1
 10
48.875451
 20
223.956979
 30
0.0
 10
48.785605
 20
223.954880
 30
0.0
 10
48.718666
 20
223.944069
 30
0.0
 10
48.640039
 20
223.887914
 30
0.0
  0
SPLINE
  5
380
100
AcDbEntity
  8
0
 62
7
100
AcDbSpline
 70
8
 71
3
 72
8
 73
4
 74
0
 40
0
 40
0
 40
0
 40
0
 40
1
 40
1
 40
1
 40
1
 10
48.640039
 20
223.887914
 30
0.0
 10
48.504449
 20
223.791643
 30
0.0
 10
48.368891
 20
223.695771
 30
0.0
 10
48.233872
 20
223.599898
 30
0.0
  0
SPLINE
  5
381
100
AcDbEntity
  8
0
 62
7
100
AcDbSpline
 70
8
 71
3
 72
8
 73
4
 74
0
 40
0
 40
0
 40
0
 40
0
 40
1
 40
1
 40
1
 40
1
 10
48.233872
 20
223.599898
 30
0.0
 10
48.201527
 20
223.649440
 30
0.0
 10
48.159107
 20
223.695078
 30
0.0
 10
48.102177
 20
223.733074
 30
0.0
  0
SPLINE
  5
382
100
AcDbEntity
  8
0
 62
7
100
AcDbSpline
 70
8
 71
3
 72
8
 73
4
 74
0
 40
0
 40
0
 40
0
 40
0
 40
1
 40
1
 40
1
 40
1
 10
48.102177
 20
223.733074
 30
0.0
 10
48.103285
 20
223.734124
 30
0.0
 10
48.104965
 20
223.735152
 30
0.0
 10
48.106678
 20
223.735866
 30
0.0
  0
SPLINE
  5
383
100
AcDbEntity
  8
0
 62
7
100
AcDbSpline
 70
8
 71
3
 72
8
 73
4
 74
0
 40
0
 40
0
 40
0
 40
0
 40
1
 40
1
 40
1
 40
1
 10
48.106678
 20
223.735866
 30
0.0
 10
48.202065
 20
223.799347
 30
0.0
 10
48.292481
 20
223.865914
 30
0.0
 10
48.383401
 20
223.932187
 30
0.0
  0
SPLINE
  5
384
100
AcDbEntity
  8
0
 62
7
100
AcDbSpline
 70
8
 71
3
 72
8
 73
4
 74
0
 40
0
 40
0
 40
0
 40
0
 40
1
 40
1
 40
1
 40
1
 10
48.383401
 20
223.932187
 30
0.0
 10
48.495548
 20
224.013763
 30
0.0
 10
48.605478
 20
224.096075
 30
0.0
 10
48.715375
 20
224.178743
 30
0.0
  0
LINE
  5
385
100
AcDbEntity
  8
0
 62
7
100
AcDbLine
 10
48.715375
 20
224.178743
 30
0.0
 11
48.715375
 21
224.178743
 31
0.0
  0
LINE
  5
386
100
AcDbEntity
  8
0
 62
7
100
AcDbLine
 10
49.855183
 20
226.471113
 30
0.0
 11
50.070577
 21
226.471113
 31
0.0
  0
SPLINE
  5
387
100
AcDbEntity
  8
0
 62
7
100
AcDbSpline
 70
8
 71
3
 72
8
 73
4
 74
0
 40
0
 40
0
 40
0
 40
0
 40
1
 40
1
 40
1
 40
1
 10
50.070577
 20
226.471113
 30
0.0
 10
50.255775
 20
226.220757
 30
0.0
 10
50.439866
 20
225.970339
 30
0.0
 10
50.624527
 20
225.720341
 30
0.0
  0
SPLINE
  5
388
100
AcDbEntity
  8
0
 62
7
100
AcDbSpline
 70
8
 71
3
 72
8
 73
4
 74
0
 40
0
 40
0
 40
0
 40
0
 40
1
 40
1
 40
1
 40
1
 10
50.624527
 20
225.720341
 30
0.0
 10
50.572064
 20
225.739507
 30
0.0
 10
50.519635
 20
225.758694
 30
0.0
 10
50.466601
 20
225.778217
 30
0.0
  0
SPLINE
  5
389
100
AcDbEntity
  8
0
 62
7
100
AcDbSpline
 70
8
 71
3
 72
8
 73
4
 74
0
 40
0
 40
0
 40
0
 40
0
 40
1
 40
1
 40
1
 40
1
 10
50.466601
 20
225.778217
 30
0.0
 10
50.420856
 20
225.794969
 30
0.0
 10
50.375144
 20
225.812035
 30
0.0
 10
50.329398
 20
225.828451
 30
0.0
  0
SPLINE
  5
38a
100
AcDbEntity
  8
0
 62
7
100
AcDbSpline
 70
8
 71
3
 72
8
 73
4
 74
0
 40
0
 40
0
 40
0
 40
0
 40
1
 40
1
 40
1
 40
1
 10
50.329398
 20
225.828451
 30
0.0
 10
50.170968
 20
226.042910
 30
0.0
 10
50.013613
 20
226.256990
 30
0.0
 10
49.855183
 20
226.471113
 30
0.0
  0
LINE
  5
38b
100
AcDbEntity
  8
0
 62
7
100
AcDbLine
 10
49.855183
 20
226.471113
 30
0.0
 11
49.855183
 21
226.471113
 31
0.0
  0
LINE
  5
38c
100
AcDbEntity
  8
0
 62
7
100
AcDbLine
 10
48.877096
 20
223.718778
 30
0.0
 11
49.113717
 21
223.718778
 31
0.0
  0
SPLINE
  5
38d
100
AcDbEntity
  8
0
 62
7
100
AcDbSpline
 70
8
 71
3
 72
8
 73
4
 74
0
 40
0
 40
0
 40
0
 40
0
 40
1
 40
1
 40
1
 40
1
 10
49.113717
 20
223.718778
 30
0.0
 10
49.128193
 20
223.717393
 30
0.0
 10
49.142131
 20
223.717393
 30
0.0
 10
49.156104
 20
223.718778
 30
0.0
  0
LINE
  5
38e
100
AcDbEntity
  8
0
 62
7
100
AcDbLine
 10
49.156104
 20
223.718778
 30
0.0
 11
49.587999
 21
223.718778
 31
0.0
  0
SPLINE
  5
38f
100
AcDbEntity
  8
0
 62
7
100
AcDbSpline
 70
8
 71
3
 72
8
 73
4
 74
0
 40
0
 40
0
 40
0
 40
0
 40
1
 40
1
 40
1
 40
1
 10
49.587999
 20
223.718778
 30
0.0
 10
49.607513
 20
223.715986
 30
0.0
 10
49.627564
 20
223.715650
 30
0.0
 10
49.648220
 20
223.718778
 30
0.0
  0
LINE
  5
390
100
AcDbEntity
  8
0
 62
7
100
AcDbLine
 10
49.648220
 20
223.718778
 30
0.0
 11
52.171108
 21
223.718778
 31
0.0
  0
SPLINE
  5
391
100
AcDbEntity
  8
0
 62
7
100
AcDbSpline
 70
8
 71
3
 72
8
 73
4
 74
0
 40
0
 40
0
 40
0
 40
0
 40
1
 40
1
 40
1
 40
1
 10
52.171108
 20
223.718778
 30
0.0
 10
52.182830
 20
223.717771
 30
0.0
 10
52.195055
 20
223.717771
 30
0.0
 10
52.206844
 20
223.718778
 30
0.0
  0
LINE
  5
392
100
AcDbEntity
  8
0
 62
7
100
AcDbLine
 10
52.206844
 20
223.718778
 30
0.0
 11
53.806895
 21
223.718778
 31
0.0
  0
LINE
  5
393
100
AcDbEntity
  8
0
 62
7
100
AcDbLine
 10
53.806895
 20
223.718778
 30
0.0
 11
55.342258
 21
223.718778
 31
0.0
  0
SPLINE
  5
394
100
AcDbEntity
  8
0
 62
7
100
AcDbSpline
 70
8
 71
3
 72
8
 73
4
 74
0
 40
0
 40
0
 40
0
 40
0
 40
1
 40
1
 40
1
 40
1
 10
55.342258
 20
223.718778
 30
0.0
 10
55.507405
 20
223.633024
 30
0.0
 10
55.663081
 20
223.536753
 30
0.0
 10
55.801426
 20
223.430448
 30
0.0
  0
SPLINE
  5
395
100
AcDbEntity
  8
0
 62
7
100
AcDbSpline
 70
8
 71
3
 72
8
 73
4
 74
0
 40
0
 40
0
 40
0
 40
0
 40
1
 40
1
 40
1
 40
1
 10
55.801426
 20
223.430448
 30
0.0
 10
55.823157
 20
223.413696
 30
0.0
 10
55.843813
 20
223.395915
 30
0.0
 10
55.862218
 20
223.377421
 30
0.0
  0
LINE
  5
396
100
AcDbEntity
  8
0
 62
7
100
AcDbLine
 10
55.862218
 20
223.377421
 30
0.0
 11
48.395627
 21
223.377400
 31
0.0
  0
LINE
  5
397
100
AcDbEntity
  8
0
 62
7
100
AcDbLine
 10
48.395627
 20
223.377400
 30
0.0
 11
48.877096
 21
223.718778
 31
0.0
  0
LINE
  5
398
100
AcDbEntity
  8
0
 62
7
100
AcDbLine
 10
48.877096
 20
223.718778
 30
0.0
 11
48.877096
 21
223.718778
 31
0.0
  0
SPLINE
  5
399
100
AcDbEntity
  8
0
 62
7
100
AcDbSpline
 70
8
 71
3
 72
8
 73
4
 74
0
 40
0
 40
0
 40
0
 40
0
 40
1
 40
1
 40
1
 40
1
 10
52.071220
 20
224.922524
 30
0.0
 10
52.889668
 20
224.622627
 30
0.0
 10
53.708116
 20
224.323065
 30
0.0
 10
54.526027
 20
224.023189
 30
0.0
  0
SPLINE
  5
39a
100
AcDbEntity
  8
0
 62
7
100
AcDbSpline
 70
8
 71
3
 72
8
 73
4
 74
0
 40
0
 40
0
 40
0
 40
0
 40
1
 40
1
 40
1
 40
1
 10
54.526027
 20
224.023189
 30
0.0
 10
54.543290
 20
224.001189
 30
0.0
 10
54.560084
 20
223.979588
 30
0.0
 10
54.577851
 20
223.957630
 30
0.0
  0
LINE
  5
39b
100
AcDbEntity
  8
0
 62
7
100
AcDbLine
 10
54.577851
 20
223.957630
 30
0.0
 11
54.229185
 21
223.957630
 31
0.0
  0
SPLINE
  5
39c
100
AcDbEntity
  8
0
 62
7
100
AcDbSpline
 70
8
 71
3
 72
8
 73
4
 74
0
 40
0
 40
0
 40
0
 40
0
 40
1
 40
1
 40
1
 40
1
 10
54.229185
 20
223.957630
 30
0.0
 10
53.355486
 20
224.272495
 30
0.0
 10
52.481788
 20
224.587381
 30
0.0
 10
51.608122
 20
224.902246
 30
0.0
  0
SPLINE
  5
39d
100
AcDbEntity
  8
0
 62
7
100
AcDbSpline
 70
8
 71
3
 72
8
 73
4
 74
0
 40
0
 40
0
 40
0
 40
0
 40
1
 40
1
 40
1
 40
1
 10
51.608122
 20
224.902246
 30
0.0
 10
51.595259
 20
224.920047
 30
0.0
 10
51.581925
 20
224.938164
 30
0.0
 10
51.568523
 20
224.956322
 30
0.0
  0
LINE
  5
39e
100
AcDbEntity
  8
0
 62
7
100
AcDbLine
 10
51.568523
 20
224.956322
 30
0.0
 11
51.979124
 21
224.956322
 31
0.0
  0
SPLINE
  5
39f
100
AcDbEntity
  8
0
 62
7
100
AcDbSpline
 70
8
 71
3
 72
8
 73
4
 74
0
 40
0
 40
0
 40
0
 40
0
 40
1
 40
1
 40
1
 40
1
 10
51.979124
 20
224.956322
 30
0.0
 10
52.009857
 20
224.945175
 30
0.0
 10
52.041092
 20
224.933650
 30
0.0
 10
52.071220
 20
224.922524
 30
0.0
  0
LINE
  5
3a0
100
AcDbEntity
  8
0
 62
7
100
AcDbLine
 10
52.071220
 20
224.922524
 30
0.0
 11
52.071220
 21
224.922524
 31
0.0
  0
SPLINE
  5
3a1
100
AcDbEntity
  8
0
 62
7
100
AcDbSpline
 70
8
 71
3
 72
8
 73
4
 74
0
 40
0
 40
0
 40
0
 40
0
 40
1
 40
1
 40
1
 40
1
 10
52.902465
 20
226.184126
 30
0.0
 10
53.049777
 20
225.985034
 30
0.0
 10
53.196989
 20
225.785900
 30
0.0
 10
53.345444
 20
225.586808
 30
0.0
  0
LINE
  5
3a2
100
AcDbEntity
  8
0
 62
7
100
AcDbLine
 10
53.345444
 20
225.586808
 30
0.0
 11
52.123011
 21
225.586808
 31
0.0
  0
SPLINE
  5
3a3
100
AcDbEntity
  8
0
 62
7
100
AcDbSpline
 70
8
 71
3
 72
8
 73
4
 74
0
 40
0
 40
0
 40
0
 40
0
 40
1
 40
1
 40
1
 40
1
 10
52.123011
 20
225.586808
 30
0.0
 10
52.383042
 20
225.785900
 30
0.0
 10
52.642434
 20
225.985034
 30
0.0
 10
52.902465
 20
226.184126
 30
0.0
  0
LINE
  5
3a4
100
AcDbEntity
  8
0
 62
7
100
AcDbLine
 10
52.902465
 20
226.184126
 30
0.0
 11
52.902465
 21
226.184126
 31
0.0
  0
LINE
  5
3a5
100
AcDbEntity
  8
0
 62
7
100
AcDbLine
 10
53.637516
 20
225.194502
 30
0.0
 11
53.638322
 21
225.194502
 31
0.0
  0
LINE
  5
3a6
100
AcDbEntity
  8
0
 62
7
100
AcDbLine
 10
53.638322
 20
225.194502
 30
0.0
 11
53.637785
 21
225.194166
 31
0.0
  0
LINE
  5
3a7
100
AcDbEntity
  8
0
 62
7
100
AcDbLine
 10
53.637785
 20
225.194166
 30
0.0
 11
53.637516
 21
225.194502
 31
0.0
  0
LINE
  5
3a8
100
AcDbEntity
  8
0
 62
7
100
AcDbLine
 10
53.637516
 20
225.194502
 30
0.0
 11
53.637516
 21
225.194502
 31
0.0
  0
LINE
  5
3a9
100
AcDbEntity
  8
0
 62
7
100
AcDbLine
 10
52.985559
 20
225.348271
 30
0.0
 11
53.522884
 21
225.348271
 31
0.0
  0
SPLINE
  5
3aa
100
AcDbEntity
  8
0
 62
7
100
AcDbSpline
 70
8
 71
3
 72
8
 73
4
 74
0
 40
0
 40
0
 40
0
 40
0
 40
1
 40
1
 40
1
 40
1
 10
53.522884
 20
225.348271
 30
0.0
 10
53.561307
 20
225.297134
 30
0.0
 10
53.599126
 20
225.245639
 30
0.0
 10
53.637516
 20
225.194502
 30
0.0
  0
LINE
  5
3ab
100
AcDbEntity
  8
0
 62
7
100
AcDbLine
 10
53.637516
 20
225.194502
 30
0.0
 11
52.059431
 21
225.194502
 31
0.0
  0
SPLINE
  5
3ac
100
AcDbEntity
  8
0
 62
7
100
AcDbSpline
 70
8
 71
3
 72
8
 73
4
 74
0
 40
0
 40
0
 40
0
 40
0
 40
1
 40
1
 40
1
 40
1
 10
52.059431
 20
225.194502
 30
0.0
 10
51.957897
 20
225.231470
 30
0.0
 10
51.856901
 20
225.268437
 30
0.0
 10
51.755972
 20
225.305741
 30
0.0
  0
SPLINE
  5
3ad
100
AcDbEntity
  8
0
 62
7
100
AcDbSpline
 70
8
 71
3
 72
8
 73
4
 74
0
 40
0
 40
0
 40
0
 40
0
 40
1
 40
1
 40
1
 40
1
 10
51.755972
 20
225.305741
 30
0.0
 10
51.774345
 20
225.320037
 30
0.0
 10
51.792784
 20
225.334332
 30
0.0
 10
51.811189
 20
225.348271
 30
0.0
  0
LINE
  5
3ae
100
AcDbEntity
  8
0
 62
7
100
AcDbLine
 10
51.811189
 20
225.348271
 30
0.0
 11
52.985559
 21
225.348271
 31
0.0
  0
LINE
  5
3af
100
AcDbEntity
  8
0
 62
7
100
AcDbLine
 10
52.985559
 20
225.348271
 30
0.0
 11
52.985559
 21
225.348271
 31
0.0
  0
LINE
  5
3b0
100
AcDbEntity
  8
0
 62
7
100
AcDbLine
 10
52.710481
 20
224.955944
 30
0.0
 11
53.279009
 21
224.955944
 31
0.0
  0
LINE
  5
3b1
100
AcDbEntity
  8
0
 62
7
100
AcDbLine
 10
53.279009
 20
224.955944
 30
0.0
 11
53.817979
 21
224.955944
 31
0.0
  0
SPLINE
  5
3b2
100
AcDbEntity
  8
0
 62
7
100
AcDbSpline
 70
8
 71
3
 72
8
 73
4
 74
0
 40
0
 40
0
 40
0
 40
0
 40
1
 40
1
 40
1
 40
1
 10
53.817979
 20
224.955944
 30
0.0
 10
53.908362
 20
224.835973
 30
0.0
 10
53.998207
 20
224.716043
 30
0.0
 10
54.089161
 20
224.596114
 30
0.0
  0
SPLINE
  5
3b3
100
AcDbEntity
  8
0
 62
7
100
AcDbSpline
 70
8
 71
3
 72
8
 73
4
 74
0
 40
0
 40
0
 40
0
 40
0
 40
1
 40
1
 40
1
 40
1
 10
54.089161
 20
224.596114
 30
0.0
 10
54.139911
 20
224.529505
 30
0.0
 10
54.190089
 20
224.462560
 30
0.0
 10
54.240302
 20
224.395930
 30
0.0
  0
SPLINE
  5
3b4
100
AcDbEntity
  8
0
 62
7
100
AcDbSpline
 70
8
 71
3
 72
8
 73
4
 74
0
 40
0
 40
0
 40
0
 40
0
 40
1
 40
1
 40
1
 40
1
 10
54.240302
 20
224.395930
 30
0.0
 10
53.730384
 20
224.582490
 30
0.0
 10
53.220466
 20
224.769028
 30
0.0
 10
52.710481
 20
224.955944
 30
0.0
  0
LINE
  5
3b5
100
AcDbEntity
  8
0
 62
7
100
AcDbLine
 10
52.710481
 20
224.955944
 30
0.0
 11
52.710481
 21
224.955944
 31
0.0
  0
SPLINE
  5
3b6
100
AcDbEntity
  8
0
 62
7
100
AcDbSpline
 70
8
 71
3
 72
8
 73
4
 74
0
 40
0
 40
0
 40
0
 40
0
 40
1
 40
1
 40
1
 40
1
 10
47.166040
 20
231.186300
 30
0.0
 10
47.540401
 20
231.454793
 30
0.0
 10
47.915333
 20
231.723642
 30
0.0
 10
48.289693
 20
231.991820
 30
0.0
  0
SPLINE
  5
3b7
100
AcDbEntity
  8
0
 62
7
100
AcDbSpline
 70
8
 71
3
 72
8
 73
4
 74
0
 40
0
 40
0
 40
0
 40
0
 40
1
 40
1
 40
1
 40
1
 10
48.289693
 20
231.991820
 30
0.0
 10
48.291910
 20
231.993206
 30
0.0
 10
48.293657
 20
231.994612
 30
0.0
 10
48.295873
 20
231.995998
 30
0.0
  0
SPLINE
  5
3b8
100
AcDbEntity
  8
0
 62
7
100
AcDbSpline
 70
8
 71
3
 72
8
 73
4
 74
0
 40
0
 40
0
 40
0
 40
0
 40
1
 40
1
 40
1
 40
1
 10
48.295873
 20
231.995998
 30
0.0
 10
48.300340
 20
231.999146
 30
0.0
 10
48.304740
 20
232.002946
 30
0.0
 10
48.308670
 20
232.006116
 30
0.0
  0
LINE
  5
3b9
100
AcDbEntity
  8
0
 62
7
100
AcDbLine
 10
48.308670
 20
232.006116
 30
0.0
 11
48.572563
 21
232.006116
 31
0.0
  0
SPLINE
  5
3ba
100
AcDbEntity
  8
0
 62
7
100
AcDbSpline
 70
8
 71
3
 72
8
 73
4
 74
0
 40
0
 40
0
 40
0
 40
0
 40
1
 40
1
 40
1
 40
1
 10
48.572563
 20
232.006116
 30
0.0
 10
48.189302
 20
231.733089
 30
0.0
 10
47.806007
 20
231.459705
 30
0.0
 10
47.422746
 20
231.186300
 30
0.0
  0
LINE
  5
3bb
100
AcDbEntity
  8
0
 62
7
100
AcDbLine
 10
47.422746
 20
231.186300
 30
0.0
 11
47.422107
 21
231.186300
 31
0.0
  0
LINE
  5
3bc
100
AcDbEntity
  8
0
 62
7
100
AcDbLine
 10
47.422107
 20
231.186300
 30
0.0
 11
47.166040
 21
231.186300
 31
0.0
  0
LINE
  5
3bd
100
AcDbEntity
  8
0
 62
7
100
AcDbLine
 10
47.166040
 20
231.186300
 30
0.0
 11
47.166040
 21
231.186300
 31
0.0
  0
LINE
  5
3be
100
AcDbEntity
  8
0
 62
7
100
AcDbLine
 10
47.461035
 20
230.515236
 30
0.0
 11
47.461035
 21
230.515236
 31
0.0
  0
LINE
  5
3bf
100
AcDbEntity
  8
0
 62
7
100
AcDbLine
 10
47.461035
 20
230.515236
 30
0.0
 11
47.461035
 21
230.515236
 31
0.0
  0
SPLINE
  5
3c0
100
AcDbEntity
  8
0
 62
7
100
AcDbSpline
 70
8
 71
3
 72
8
 73
4
 74
0
 40
0
 40
0
 40
0
 40
0
 40
1
 40
1
 40
1
 40
1
 10
48.814591
 20
231.841179
 30
0.0
 10
48.967983
 20
231.622522
 30
0.0
 10
49.121442
 20
231.404264
 30
0.0
 10
49.276580
 20
231.186300
 30
0.0
  0
LINE
  5
3c1
100
AcDbEntity
  8
0
 62
7
100
AcDbLine
 10
49.276580
 20
231.186300
 30
0.0
 11
47.896255
 21
231.186300
 31
0.0
  0
SPLINE
  5
3c2
100
AcDbEntity
  8
0
 62
7
100
AcDbSpline
 70
8
 71
3
 72
8
 73
4
 74
0
 40
0
 40
0
 40
0
 40
0
 40
1
 40
1
 40
1
 40
1
 10
47.896255
 20
231.186300
 30
0.0
 10
48.202602
 20
231.404600
 30
0.0
 10
48.508916
 20
231.622858
 30
0.0
 10
48.814591
 20
231.841179
 30
0.0
  0
LINE
  5
3c3
100
AcDbEntity
  8
0
 62
7
100
AcDbLine
 10
48.814591
 20
231.841179
 30
0.0
 11
48.814591
 21
231.841179
 31
0.0
  0
LINE
  5
3c4
100
AcDbEntity
  8
0
 62
7
100
AcDbLine
 10
49.691715
 20
230.604684
 30
0.0
 11
49.692253
 21
230.604684
 31
0.0
  0
LINE
  5
3c5
100
AcDbEntity
  8
0
 62
7
100
AcDbLine
 10
49.692253
 20
230.604684
 30
0.0
 11
49.691715
 21
230.604684
 31
0.0
  0
SPLINE
  5
3c6
100
AcDbEntity
  8
0
 62
7
100
AcDbSpline
 70
8
 71
3
 72
8
 73
4
 74
0
 40
0
 40
0
 40
0
 40
0
 40
1
 40
1
 40
1
 40
1
 10
47.052180
 20
233.429128
 30
0.0
 10
47.111898
 20
233.478649
 30
0.0
 10
47.171582
 20
233.527813
 30
0.0
 10
47.231266
 20
233.577355
 30
0.0
  0
SPLINE
  5
3c7
100
AcDbEntity
  8
0
 62
7
100
AcDbSpline
 70
8
 71
3
 72
8
 73
4
 74
0
 40
0
 40
0
 40
0
 40
0
 40
1
 40
1
 40
1
 40
1
 10
47.231266
 20
233.577355
 30
0.0
 10
47.313286
 20
233.527813
 30
0.0
 10
47.395305
 20
233.478313
 30
0.0
 10
47.477895
 20
233.429128
 30
0.0
  0
LINE
  5
3c8
100
AcDbEntity
  8
0
 62
7
100
AcDbLine
 10
47.477895
 20
233.429128
 30
0.0
 11
47.052180
 21
233.429128
 31
0.0
  0
LINE
  5
3c9
100
AcDbEntity
  8
0
 62
7
100
AcDbLine
 10
47.052180
 20
233.429128
 30
0.0
 11
47.052180
 21
233.429128
 31
0.0
  0
SPLINE
  5
3ca
100
AcDbEntity
  8
0
 62
7
100
AcDbSpline
 70
8
 71
3
 72
8
 73
4
 74
0
 40
0
 40
0
 40
0
 40
0
 40
1
 40
1
 40
1
 40
1
 10
47.095138
 20
234.408990
 30
0.0
 10
47.175512
 20
234.282406
 30
0.0
 10
47.256356
 20
234.155486
 30
0.0
 10
47.337838
 20
234.029238
 30
0.0
  0
SPLINE
  5
3cb
100
AcDbEntity
  8
0
 62
7
100
AcDbSpline
 70
8
 71
3
 72
8
 73
4
 74
0
 40
0
 40
0
 40
0
 40
0
 40
1
 40
1
 40
1
 40
1
 10
47.337838
 20
234.029238
 30
0.0
 10
47.336696
 20
234.028230
 30
0.0
 10
47.335084
 20
234.027180
 30
0.0
 10
47.333337
 20
234.026110
 30
0.0
  0
SPLINE
  5
3cc
100
AcDbEntity
  8
0
 62
7
100
AcDbSpline
 70
8
 71
3
 72
8
 73
4
 74
0
 40
0
 40
0
 40
0
 40
0
 40
1
 40
1
 40
1
 40
1
 10
47.333337
 20
234.026110
 30
0.0
 10
47.287021
 20
233.988092
 30
0.0
 10
47.240738
 20
233.949403
 30
0.0
 10
47.194388
 20
233.911386
 30
0.0
  0
SPLINE
  5
3cd
100
AcDbEntity
  8
0
 62
7
100
AcDbSpline
 70
8
 71
3
 72
8
 73
4
 74
0
 40
0
 40
0
 40
0
 40
0
 40
1
 40
1
 40
1
 40
1
 10
47.194388
 20
233.911386
 30
0.0
 10
47.039283
 20
234.004844
 30
0.0
 10
46.883674
 20
234.097967
 30
0.0
 10
46.728536
 20
234.191404
 30
0.0
  0
SPLINE
  5
3ce
100
AcDbEntity
  8
0
 62
7
100
AcDbSpline
 70
8
 71
3
 72
8
 73
4
 74
0
 40
0
 40
0
 40
0
 40
0
 40
1
 40
1
 40
1
 40
1
 10
46.728536
 20
234.191404
 30
0.0
 10
46.850692
 20
234.263933
 30
0.0
 10
46.973520
 20
234.336482
 30
0.0
 10
47.095138
 20
234.408990
 30
0.0
  0
LINE
  5
3cf
100
AcDbEntity
  8
0
 62
7
100
AcDbLine
 10
47.095138
 20
234.408990
 30
0.0
 11
47.095138
 21
234.408990
 31
0.0
  0
SPLINE
  5
3d0
100
AcDbEntity
  8
0
 62
7
100
AcDbSpline
 70
8
 71
3
 72
8
 73
4
 74
0
 40
0
 40
0
 40
0
 40
0
 40
1
 40
1
 40
1
 40
1
 10
45.804155
 20
236.636179
 30
0.0
 10
45.912876
 20
236.410238
 30
0.0
 10
46.032311
 20
236.186354
 30
0.0
 10
46.157288
 20
235.964590
 30
0.0
  0
LINE
  5
3d1
100
AcDbEntity
  8
0
 62
7
100
AcDbLine
 10
46.157288
 20
235.964590
 30
0.0
 11
45.361142
 21
235.964590
 31
0.0
  0
LINE
  5
3d2
100
AcDbEntity
  8
0
 62
7
100
AcDbLine
 10
45.361142
 20
235.964590
 30
0.0
 11
45.361142
 21
236.864954
 31
0.0
  0
LINE
  5
3d3
100
AcDbEntity
  8
0
 62
7
100
AcDbLine
 10
45.361142
 20
236.864954
 30
0.0
 11
45.361142
 21
236.877843
 31
0.0
  0
LINE
  5
3d4
100
AcDbEntity
  8
0
 62
7
100
AcDbLine
 10
45.361142
 20
236.877843
 30
0.0
 11
45.692545
 21
236.877843
 31
0.0
  0
LINE
  5
3d5
100
AcDbEntity
  8
0
 62
7
100
AcDbLine
 10
45.692545
 20
236.877843
 30
0.0
 11
45.692545
 21
236.877486
 31
0.0
  0
SPLINE
  5
3d6
100
AcDbEntity
  8
0
 62
7
100
AcDbSpline
 70
8
 71
3
 72
8
 73
4
 74
0
 40
0
 40
0
 40
0
 40
0
 40
1
 40
1
 40
1
 40
1
 10
45.692545
 20
236.877486
 30
0.0
 10
45.724889
 20
236.795889
 30
0.0
 10
45.765664
 20
236.715698
 30
0.0
 10
45.804155
 20
236.636179
 30
0.0
  0
LINE
  5
3d7
100
AcDbEntity
  8
0
 62
7
100
AcDbLine
 10
45.804155
 20
236.636179
 30
0.0
 11
45.804155
 21
236.636179
 31
0.0
  0
LINE
  5
3d8
100
AcDbEntity
  8
0
 62
7
100
AcDbLine
 10
45.361646
 20
235.725759
 30
0.0
 11
46.207467
 21
235.725759
 31
0.0
  0
SPLINE
  5
3d9
100
AcDbEntity
  8
0
 62
7
100
AcDbSpline
 70
8
 71
3
 72
8
 73
4
 74
0
 40
0
 40
0
 40
0
 40
0
 40
1
 40
1
 40
1
 40
1
 10
46.207467
 20
235.725759
 30
0.0
 10
46.238132
 20
235.725759
 30
0.0
 10
46.264397
 20
235.730630
 30
0.0
 10
46.286094
 20
235.739006
 30
0.0
  0
LINE
  5
3da
100
AcDbEntity
  8
0
 62
7
100
AcDbLine
 10
46.286094
 20
235.739006
 30
0.0
 11
46.286195
 21
235.738628
 31
0.0
  0
SPLINE
  5
3db
100
AcDbEntity
  8
0
 62
7
100
AcDbSpline
 70
8
 71
3
 72
8
 73
4
 74
0
 40
0
 40
0
 40
0
 40
0
 40
1
 40
1
 40
1
 40
1
 10
46.286195
 20
235.738628
 30
0.0
 10
46.339162
 20
235.646912
 30
0.0
 10
46.393270
 20
235.556246
 30
0.0
 10
46.446808
 20
235.464908
 30
0.0
  0
LINE
  5
3dc
100
AcDbEntity
  8
0
 62
7
100
AcDbLine
 10
46.446808
 20
235.464908
 30
0.0
 11
45.361646
 21
235.464908
 31
0.0
  0
LINE
  5
3dd
100
AcDbEntity
  8
0
 62
7
100
AcDbLine
 10
45.361646
 20
235.464908
 30
0.0
 11
45.361646
 21
235.725759
 31
0.0
  0
LINE
  5
3de
100
AcDbEntity
  8
0
 62
7
100
AcDbLine
 10
45.361646
 20
235.725759
 30
0.0
 11
45.361646
 21
235.725759
 31
0.0
  0
SPLINE
  5
3df
100
AcDbEntity
  8
0
 62
7
100
AcDbSpline
 70
8
 71
3
 72
8
 73
4
 74
0
 40
0
 40
0
 40
0
 40
0
 40
1
 40
1
 40
1
 40
1
 10
43.297993
 20
241.988086
 30
0.0
 10
43.489305
 20
241.545251
 30
0.0
 10
43.694085
 20
241.104831
 30
0.0
 10
43.906086
 20
240.665460
 30
0.0
  0
LINE
  5
3e0
100
AcDbEntity
  8
0
 62
7
100
AcDbLine
 10
43.906086
 20
240.665460
 30
0.0
 11
43.251677
 21
240.665460
 31
0.0
  0
LINE
  5
3e1
100
AcDbEntity
  8
0
 62
7
100
AcDbLine
 10
43.251677
 20
240.665460
 30
0.0
 11
43.251139
 21
240.665460
 31
0.0
  0
LINE
  5
3e2
100
AcDbEntity
  8
0
 62
7
100
AcDbLine
 10
43.251139
 20
240.665460
 30
0.0
 11
41.991896
 21
241.204902
 31
0.0
  0
SPLINE
  5
3e3
100
AcDbEntity
  8
0
 62
7
100
AcDbSpline
 70
8
 71
3
 72
8
 73
4
 74
0
 40
0
 40
0
 40
0
 40
0
 40
1
 40
1
 40
1
 40
1
 10
41.991896
 20
241.204902
 30
0.0
 10
42.427082
 20
241.466089
 30
0.0
 10
42.862236
 20
241.726899
 30
0.0
 10
43.297993
 20
241.988086
 30
0.0
  0
LINE
  5
3e4
100
AcDbEntity
  8
0
 62
7
100
AcDbLine
 10
43.297993
 20
241.988086
 30
0.0
 11
43.297993
 21
241.988086
 31
0.0
  0
SPLINE
  5
3e5
100
AcDbEntity
  8
0
 62
7
100
AcDbSpline
 70
8
 71
3
 72
8
 73
4
 74
0
 40
0
 40
0
 40
0
 40
0
 40
1
 40
1
 40
1
 40
1
 10
42.210648
 20
244.795862
 30
0.0
 10
42.390876
 20
244.294752
 30
0.0
 10
42.576108
 20
243.793642
 30
0.0
 10
42.769099
 20
243.293981
 30
0.0
  0
LINE
  5
3e6
100
AcDbEntity
  8
0
 62
7
100
AcDbLine
 10
42.769099
 20
243.293981
 30
0.0
 11
42.768528
 21
243.293981
 31
0.0
  0
SPLINE
  5
3e7
100
AcDbEntity
  8
0
 62
7
100
AcDbSpline
 70
8
 71
3
 72
8
 73
4
 74
0
 40
0
 40
0
 40
0
 40
0
 40
1
 40
1
 40
1
 40
1
 10
42.768528
 20
243.293981
 30
0.0
 10
42.181662
 20
243.552020
 30
0.0
 10
41.594729
 20
243.809723
 30
0.0
 10
41.007797
 20
244.067740
 30
0.0
  0
SPLINE
  5
3e8
100
AcDbEntity
  8
0
 62
7
100
AcDbSpline
 70
8
 71
3
 72
8
 73
4
 74
0
 40
0
 40
0
 40
0
 40
0
 40
1
 40
1
 40
1
 40
1
 10
41.007797
 20
244.067740
 30
0.0
 10
41.408926
 20
244.310454
 30
0.0
 10
41.809518
 20
244.553147
 30
0.0
 10
42.210648
 20
244.795862
 30
0.0
  0
LINE
  5
3e9
100
AcDbEntity
  8
0
 62
7
100
AcDbLine
 10
42.210648
 20
244.795862
 30
0.0
 11
42.210648
 21
244.795862
 31
0.0
  0
SPLINE
  5
3ea
100
AcDbEntity
  8
0
 62
7
100
AcDbSpline
 70
8
 71
3
 72
8
 73
4
 74
0
 40
0
 40
0
 40
0
 40
0
 40
1
 40
1
 40
1
 40
1
 10
40.728722
 20
243.899339
 30
0.0
 10
41.359755
 20
243.622114
 30
0.0
 10
41.990754
 20
243.345224
 30
0.0
 10
42.621719
 20
243.067683
 30
0.0
  0
SPLINE
  5
3eb
100
AcDbEntity
  8
0
 62
7
100
AcDbSpline
 70
8
 71
3
 72
8
 73
4
 74
0
 40
0
 40
0
 40
0
 40
0
 40
1
 40
1
 40
1
 40
1
 10
42.621719
 20
243.067683
 30
0.0
 10
42.716031
 20
243.026181
 30
0.0
 10
42.810847
 20
242.985015
 30
0.0
 10
42.905160
 20
242.943156
 30
0.0
  0
SPLINE
  5
3ec
100
AcDbEntity
  8
0
 62
7
100
AcDbSpline
 70
8
 71
3
 72
8
 73
4
 74
0
 40
0
 40
0
 40
0
 40
0
 40
1
 40
1
 40
1
 40
1
 10
42.905160
 20
242.943156
 30
0.0
 10
42.907948
 20
242.935830
 30
0.0
 10
42.910769
 20
242.928861
 30
0.0
 10
42.913557
 20
242.921555
 30
0.0
  0
LINE
  5
3ed
100
AcDbEntity
  8
0
 62
7
100
AcDbLine
 10
42.913557
 20
242.921555
 30
0.0
 11
42.540875
 21
242.921555
 31
0.0
  0
SPLINE
  5
3ee
100
AcDbEntity
  8
0
 62
7
100
AcDbSpline
 70
8
 71
3
 72
8
 73
4
 74
0
 40
0
 40
0
 40
0
 40
0
 40
1
 40
1
 40
1
 40
1
 10
42.540875
 20
242.921555
 30
0.0
 10
41.908230
 20
243.200166
 30
0.0
 10
41.275519
 20
243.478798
 30
0.0
 10
40.643411
 20
243.757410
 30
0.0
  0
SPLINE
  5
3ef
100
AcDbEntity
  8
0
 62
7
100
AcDbSpline
 70
8
 71
3
 72
8
 73
4
 74
0
 40
0
 40
0
 40
0
 40
0
 40
1
 40
1
 40
1
 40
1
 10
40.643411
 20
243.757410
 30
0.0
 10
40.635619
 20
243.782852
 30
0.0
 10
40.628331
 20
243.808337
 30
0.0
 10
40.620538
 20
243.833444
 30
0.0
  0
SPLINE
  5
3f0
100
AcDbEntity
  8
0
 62
7
100
AcDbSpline
 70
8
 71
3
 72
8
 73
4
 74
0
 40
0
 40
0
 40
0
 40
0
 40
1
 40
1
 40
1
 40
1
 10
40.620538
 20
243.833444
 30
0.0
 10
40.656812
 20
243.855402
 30
0.0
 10
40.693086
 20
243.877339
 30
0.0
 10
40.728722
 20
243.899339
 30
0.0
  0
LINE
  5
3f1
100
AcDbEntity
  8
0
 62
7
100
AcDbLine
 10
40.728722
 20
243.899339
 30
0.0
 11
40.728722
 21
243.899339
 31
0.0
  0
LINE
  5
3f2
100
AcDbEntity
  8
0
 62
7
100
AcDbLine
 10
40.967593
 20
242.685160
 30
0.0
 11
43.008440
 21
242.685160
 31
0.0
  0
SPLINE
  5
3f3
100
AcDbEntity
  8
0
 62
7
100
AcDbSpline
 70
8
 71
3
 72
8
 73
4
 74
0
 40
0
 40
0
 40
0
 40
0
 40
1
 40
1
 40
1
 40
1
 10
43.008440
 20
242.685160
 30
0.0
 10
43.020195
 20
242.656232
 30
0.0
 10
43.031313
 20
242.626948
 30
0.0
 10
43.043068
 20
242.597978
 30
0.0
  0
LINE
  5
3f4
100
AcDbEntity
  8
0
 62
7
100
AcDbLine
 10
43.043068
 20
242.597978
 30
0.0
 11
40.994966
 21
242.597978
 31
0.0
  0
SPLINE
  5
3f5
100
AcDbEntity
  8
0
 62
7
100
AcDbSpline
 70
8
 71
3
 72
8
 73
4
 74
0
 40
0
 40
0
 40
0
 40
0
 40
1
 40
1
 40
1
 40
1
 10
40.994966
 20
242.597978
 30
0.0
 10
40.986032
 20
242.626906
 30
0.0
 10
40.976561
 20
242.656211
 30
0.0
 10
40.967593
 20
242.685160
 30
0.0
  0
LINE
  5
3f6
100
AcDbEntity
  8
0
 62
7
100
AcDbLine
 10
40.967593
 20
242.685160
 30
0.0
 11
40.967593
 21
242.685160
 31
0.0
  0
LINE
  5
3f7
100
AcDbEntity
  8
0
 62
7
100
AcDbLine
 10
41.068018
 20
242.362968
 30
0.0
 11
42.632366
 21
242.362968
 31
0.0
  0
SPLINE
  5
3f8
100
AcDbEntity
  8
0
 62
7
100
AcDbSpline
 70
8
 71
3
 72
8
 73
4
 74
0
 40
0
 40
0
 40
0
 40
0
 40
1
 40
1
 40
1
 40
1
 10
42.632366
 20
242.362968
 30
0.0
 10
42.192712
 20
242.105623
 30
0.0
 10
41.753663
 20
241.848235
 30
0.0
 10
41.314614
 20
241.590952
 30
0.0
  0
SPLINE
  5
3f9
100
AcDbEntity
  8
0
 62
7
100
AcDbSpline
 70
8
 71
3
 72
8
 73
4
 74
0
 40
0
 40
0
 40
0
 40
0
 40
1
 40
1
 40
1
 40
1
 10
41.314614
 20
241.590952
 30
0.0
 10
41.230915
 20
241.847941
 30
0.0
 10
41.148358
 20
242.105287
 30
0.0
 10
41.068018
 20
242.362968
 30
0.0
  0
LINE
  5
3fa
100
AcDbEntity
  8
0
 62
7
100
AcDbLine
 10
41.068018
 20
242.362968
 30
0.0
 11
41.068018
 21
242.362968
 31
0.0
  0
LINE
  5
3fb
100
AcDbEntity
  8
0
 62
7
100
AcDbLine
 10
43.150748
 20
242.335741
 30
0.0
 11
43.150748
 21
242.335741
 31
0.0
  0
LINE
  5
3fc
100
AcDbEntity
  8
0
 62
7
100
AcDbLine
 10
43.150748
 20
242.335741
 30
0.0
 11
43.150748
 21
242.335741
 31
0.0
  0
SPLINE
  5
3fd
100
AcDbEntity
  8
0
 62
7
100
AcDbSpline
 70
8
 71
3
 72
8
 73
4
 74
0
 40
0
 40
0
 40
0
 40
0
 40
1
 40
1
 40
1
 40
1
 10
41.846262
 20
245.831837
 30
0.0
 10
41.884720
 20
245.719884
 30
0.0
 10
41.923815
 20
245.607932
 30
0.0
 10
41.962876
 20
245.495643
 30
0.0
  0
LINE
  5
3fe
100
AcDbEntity
  8
0
 62
7
100
AcDbLine
 10
41.962876
 20
245.495643
 30
0.0
 11
41.962339
 21
245.495706
 31
0.0
  0
SPLINE
  5
3ff
100
AcDbEntity
  8
0
 62
7
100
AcDbSpline
 70
8
 71
3
 72
8
 73
4
 74
0
 40
0
 40
0
 40
0
 40
0
 40
1
 40
1
 40
1
 40
1
 10
41.962339
 20
245.495706
 30
0.0
 10
41.966806
 20
245.483825
 30
0.0
 10
41.970669
 20
245.471649
 30
0.0
 10
41.975740
 20
245.459410
 30
0.0
  0
SPLINE
  5
400
100
AcDbEntity
  8
0
 62
7
100
AcDbSpline
 70
8
 71
3
 72
8
 73
4
 74
0
 40
0
 40
0
 40
0
 40
0
 40
1
 40
1
 40
1
 40
1
 10
41.975740
 20
245.459410
 30
0.0
 10
41.851300
 20
245.534395
 30
0.0
 10
41.727465
 20
245.609716
 30
0.0
 10
41.603563
 20
245.684680
 30
0.0
  0
SPLINE
  5
401
100
AcDbEntity
  8
0
 62
7
100
AcDbSpline
 70
8
 71
3
 72
8
 73
4
 74
0
 40
0
 40
0
 40
0
 40
0
 40
1
 40
1
 40
1
 40
1
 10
41.603563
 20
245.684680
 30
0.0
 10
41.684507
 20
245.733487
 30
0.0
 10
41.765385
 20
245.782651
 30
0.0
 10
41.846262
 20
245.831837
 30
0.0
  0
LINE
  5
402
100
AcDbEntity
  8
0
 62
7
100
AcDbLine
 10
41.846262
 20
245.831837
 30
0.0
 11
41.846262
 21
245.831837
 31
0.0
  0
SPLINE
  5
403
100
AcDbEntity
  8
0
 62
7
100
AcDbSpline
 70
8
 71
3
 72
8
 73
4
 74
0
 40
0
 40
0
 40
0
 40
0
 40
1
 40
1
 40
1
 40
1
 10
41.327444
 20
245.519050
 30
0.0
 10
41.425081
 20
245.459767
 30
0.0
 10
41.523290
 20
245.400170
 30
0.0
 10
41.621465
 20
245.340866
 30
0.0
  0
LINE
  5
404
100
AcDbEntity
  8
0
 62
7
100
AcDbLine
 10
41.621465
 20
245.340866
 30
0.0
 11
41.579615
 21
245.340866
 31
0.0
  0
SPLINE
  5
405
100
AcDbEntity
  8
0
 62
7
100
AcDbSpline
 70
8
 71
3
 72
8
 73
4
 74
0
 40
0
 40
0
 40
0
 40
0
 40
1
 40
1
 40
1
 40
1
 10
41.579615
 20
245.340866
 30
0.0
 10
41.574006
 20
245.341223
 30
0.0
 10
41.567289
 20
245.341223
 30
0.0
 10
41.561781
 20
245.340866
 30
0.0
  0
LINE
  5
406
100
AcDbEntity
  8
0
 62
7
100
AcDbLine
 10
41.561781
 20
245.340866
 30
0.0
 11
41.261076
 21
245.340866
 31
0.0
  0
SPLINE
  5
407
100
AcDbEntity
  8
0
 62
7
100
AcDbSpline
 70
8
 71
3
 72
8
 73
4
 74
0
 40
0
 40
0
 40
0
 40
0
 40
1
 40
1
 40
1
 40
1
 10
41.261076
 20
245.340866
 30
0.0
 10
41.223123
 20
245.363895
 30
0.0
 10
41.185740
 20
245.386903
 30
0.0
 10
41.147250
 20
245.409910
 30
0.0
  0
SPLINE
  5
408
100
AcDbEntity
  8
0
 62
7
100
AcDbSpline
 70
8
 71
3
 72
8
 73
4
 74
0
 40
0
 40
0
 40
0
 40
0
 40
1
 40
1
 40
1
 40
1
 10
41.147250
 20
245.409910
 30
0.0
 10
41.207505
 20
245.446185
 30
0.0
 10
41.267223
 20
245.482817
 30
0.0
 10
41.327444
 20
245.519050
 30
0.0
  0
LINE
  5
409
100
AcDbEntity
  8
0
 62
7
100
AcDbLine
 10
41.327444
 20
245.519050
 30
0.0
 11
41.327444
 21
245.519050
 31
0.0
  0
SPLINE
  5
40a
100
AcDbEntity
  8
0
 62
7
100
AcDbSpline
 70
8
 71
3
 72
8
 73
4
 74
0
 40
0
 40
0
 40
0
 40
0
 40
1
 40
1
 40
1
 40
1
 10
40.461000
 20
244.377798
 30
0.0
 10
40.860417
 20
244.619798
 30
0.0
 10
41.259901
 20
244.861778
 30
0.0
 10
41.659955
 20
245.103820
 30
0.0
  0
LINE
  5
40b
100
AcDbEntity
  8
0
 62
7
100
AcDbLine
 10
41.659955
 20
245.103820
 30
0.0
 11
42.101826
 21
245.103820
 31
0.0
  0
SPLINE
  5
40c
100
AcDbEntity
  8
0
 62
7
100
AcDbSpline
 70
8
 71
3
 72
8
 73
4
 74
0
 40
0
 40
0
 40
0
 40
0
 40
1
 40
1
 40
1
 40
1
 10
42.101826
 20
245.103820
 30
0.0
 10
42.105756
 20
245.092652
 30
0.0
 10
42.109652
 20
245.081820
 30
0.0
 10
42.113581
 20
245.071030
 30
0.0
  0
LINE
  5
40d
100
AcDbEntity
  8
0
 62
7
100
AcDbLine
 10
42.113581
 20
245.071030
 30
0.0
 11
42.112406
 21
245.070652
 31
0.0
  0
SPLINE
  5
40e
100
AcDbEntity
  8
0
 62
7
100
AcDbSpline
 70
8
 71
3
 72
8
 73
4
 74
0
 40
0
 40
0
 40
0
 40
0
 40
1
 40
1
 40
1
 40
1
 10
42.112406
 20
245.070652
 30
0.0
 10
42.110726
 20
245.069959
 30
0.0
 10
42.109652
 20
245.069603
 30
0.0
 10
42.108476
 20
245.068574
 30
0.0
  0
SPLINE
  5
40f
100
AcDbEntity
  8
0
 62
7
100
AcDbSpline
 70
8
 71
3
 72
8
 73
4
 74
0
 40
0
 40
0
 40
0
 40
0
 40
1
 40
1
 40
1
 40
1
 10
42.108476
 20
245.068574
 30
0.0
 10
41.635370
 20
244.781923
 30
0.0
 10
41.161155
 20
244.495313
 30
0.0
 10
40.688048
 20
244.208326
 30
0.0
  0
SPLINE
  5
410
100
AcDbEntity
  8
0
 62
7
100
AcDbSpline
 70
8
 71
3
 72
8
 73
4
 74
0
 40
0
 40
0
 40
0
 40
0
 40
1
 40
1
 40
1
 40
1
 10
40.688048
 20
244.208326
 30
0.0
 10
40.620001
 20
244.238303
 30
0.0
 10
40.551920
 20
244.268302
 30
0.0
 10
40.483873
 20
244.298279
 30
0.0
  0
SPLINE
  5
411
100
AcDbEntity
  8
0
 62
7
100
AcDbSpline
 70
8
 71
3
 72
8
 73
4
 74
0
 40
0
 40
0
 40
0
 40
0
 40
1
 40
1
 40
1
 40
1
 10
40.483873
 20
244.298279
 30
0.0
 10
40.476014
 20
244.324792
 30
0.0
 10
40.468221
 20
244.351264
 30
0.0
 10
40.461000
 20
244.377798
 30
0.0
  0
LINE
  5
412
100
AcDbEntity
  8
0
 62
7
100
AcDbLine
 10
40.461000
 20
244.377798
 30
0.0
 11
40.461000
 21
244.377798
 31
0.0
  0
LINE
  5
413
100
AcDbEntity
  8
0
 62
7
100
AcDbLine
 10
42.129737
 20
249.417926
 30
0.0
 11
42.338446
 21
249.417926
 31
0.0
  0
LINE
  5
414
100
AcDbEntity
  8
0
 62
7
100
AcDbLine
 10
42.338446
 20
249.417926
 30
0.0
 11
42.338446
 21
249.224775
 31
0.0
  0
LINE
  5
415
100
AcDbEntity
  8
0
 62
7
100
AcDbLine
 10
42.338446
 20
249.224775
 30
0.0
 11
42.129737
 21
249.224775
 31
0.0
  0
LINE
  5
416
100
AcDbEntity
  8
0
 62
7
100
AcDbLine
 10
42.129737
 20
249.224775
 30
0.0
 11
42.129737
 21
249.417926
 31
0.0
  0
LINE
  5
417
100
AcDbEntity
  8
0
 62
7
100
AcDbLine
 10
42.129737
 20
249.417926
 30
0.0
 11
42.129737
 21
249.417926
 31
0.0
  0
LINE
  5
418
100
AcDbEntity
  8
0
 62
7
100
AcDbLine
 10
41.660426
 20
246.374532
 30
0.0
 11
41.660560
 21
246.374070
 31
0.0
  0
LINE
  5
419
100
AcDbEntity
  8
0
 62
7
100
AcDbLine
 10
41.660560
 20
246.374070
 30
0.0
 11
41.660426
 21
246.374532
 31
0.0
  0
LINE
  5
41a
100
AcDbEntity
  8
0
 62
7
100
AcDbLine
 10
41.739254
 20
249.694795
 30
0.0
 11
41.739254
 21
249.654700
 31
0.0
  0
LINE
  5
41b
100
AcDbEntity
  8
0
 62
7
100
AcDbLine
 10
41.739254
 20
249.654700
 30
0.0
 11
40.080560
 21
249.654700
 31
0.0
  0
LINE
  5
41c
100
AcDbEntity
  8
0
 62
7
100
AcDbLine
 10
40.080560
 20
249.654700
 30
0.0
 11
40.080560
 21
249.694795
 31
0.0
  0
LINE
  5
41d
100
AcDbEntity
  8
0
 62
7
100
AcDbLine
 10
40.080560
 20
249.694795
 30
0.0
 11
40.265826
 21
249.694795
 31
0.0
  0
LINE
  5
41e
100
AcDbEntity
  8
0
 62
7
100
AcDbLine
 10
40.265826
 20
249.694795
 30
0.0
 11
41.084778
 21
249.694795
 31
0.0
  0
SPLINE
  5
41f
100
AcDbEntity
  8
0
 62
7
100
AcDbSpline
 70
8
 71
3
 72
8
 73
4
 74
0
 40
0
 40
0
 40
0
 40
0
 40
1
 40
1
 40
1
 40
1
 10
41.084778
 20
249.694795
 30
0.0
 10
41.108222
 20
249.692003
 30
0.0
 10
41.132740
 20
249.692003
 30
0.0
 10
41.156755
 20
249.694795
 30
0.0
  0
LINE
  5
420
100
AcDbEntity
  8
0
 62
7
100
AcDbLine
 10
41.156755
 20
249.694795
 30
0.0
 11
41.739254
 21
249.694795
 31
0.0
  0
LINE
  5
421
100
AcDbEntity
  8
0
 62
7
100
AcDbLine
 10
41.739254
 20
249.694795
 30
0.0
 11
41.739254
 21
249.694795
 31
0.0
  0
LINE
  5
422
100
AcDbEntity
  8
0
 62
7
100
AcDbLine
 10
40.181489
 20
249.417926
 30
0.0
 11
41.739758
 21
249.417926
 31
0.0
  0
LINE
  5
423
100
AcDbEntity
  8
0
 62
7
100
AcDbLine
 10
41.739758
 20
249.417926
 30
0.0
 11
41.739758
 21
249.224775
 31
0.0
  0
LINE
  5
424
100
AcDbEntity
  8
0
 62
7
100
AcDbLine
 10
41.739758
 20
249.224775
 30
0.0
 11
40.081064
 21
249.224775
 31
0.0
  0
LINE
  5
425
100
AcDbEntity
  8
0
 62
7
100
AcDbLine
 10
40.081064
 20
249.224775
 30
0.0
 11
40.081064
 21
249.417926
 31
0.0
  0
LINE
  5
426
100
AcDbEntity
  8
0
 62
7
100
AcDbLine
 10
40.081064
 20
249.417926
 30
0.0
 11
40.181489
 21
249.417926
 31
0.0
  0
LINE
  5
427
100
AcDbEntity
  8
0
 62
7
100
AcDbLine
 10
40.181489
 20
249.417926
 30
0.0
 11
40.181489
 21
249.417926
 31
0.0
  0
LINE
  5
428
100
AcDbEntity
  8
0
 62
7
100
AcDbLine
 10
40.080527
 20
248.988695
 30
0.0
 11
41.637620
 21
248.988695
 31
0.0
  0
SPLINE
  5
429
100
AcDbEntity
  8
0
 62
7
100
AcDbSpline
 70
8
 71
3
 72
8
 73
4
 74
0
 40
0
 40
0
 40
0
 40
0
 40
1
 40
1
 40
1
 40
1
 10
41.637620
 20
248.988695
 30
0.0
 10
41.311826
 20
248.744931
 30
0.0
 10
41.177377
 20
248.361715
 30
0.0
 10
41.146141
 20
248.079598
 30
0.0
  0
LINE
  5
42a
100
AcDbEntity
  8
0
 62
7
100
AcDbLine
 10
41.146141
 20
248.079598
 30
0.0
 11
40.080527
 21
248.079598
 31
0.0
  0
LINE
  5
42b
100
AcDbEntity
  8
0
 62
7
100
AcDbLine
 10
40.080527
 20
248.079598
 30
0.0
 11
40.080527
 21
248.988695
 31
0.0
  0
LINE
  5
42c
100
AcDbEntity
  8
0
 62
7
100
AcDbLine
 10
40.080527
 20
248.988695
 30
0.0
 11
40.080527
 21
248.988695
 31
0.0
  0
LINE
  5
42d
100
AcDbEntity
  8
0
 62
7
100
AcDbLine
 10
42.385804
 20
248.988695
 30
0.0
 11
42.547660
 21
248.988695
 31
0.0
  0
SPLINE
  5
42e
100
AcDbEntity
  8
0
 62
7
100
AcDbSpline
 70
8
 71
3
 72
8
 73
4
 74
0
 40
0
 40
0
 40
0
 40
0
 40
1
 40
1
 40
1
 40
1
 10
42.547660
 20
248.988695
 30
0.0
 10
42.450022
 20
248.937074
 30
0.0
 10
42.317757
 20
248.896286
 30
0.0
 10
42.241346
 20
248.870507
 30
0.0
  0
SPLINE
  5
42f
100
AcDbEntity
  8
0
 62
7
100
AcDbSpline
 70
8
 71
3
 72
8
 73
4
 74
0
 40
0
 40
0
 40
0
 40
0
 40
1
 40
1
 40
1
 40
1
 10
42.241346
 20
248.870507
 30
0.0
 10
42.127520
 20
248.832154
 30
0.0
 10
41.999184
 20
248.795858
 30
0.0
 10
41.867489
 20
248.770773
 30
0.0
  0
SPLINE
  5
430
100
AcDbEntity
  8
0
 62
7
100
AcDbSpline
 70
8
 71
3
 72
8
 73
4
 74
0
 40
0
 40
0
 40
0
 40
0
 40
1
 40
1
 40
1
 40
1
 10
41.867489
 20
248.770773
 30
0.0
 10
41.988000
 20
248.884090
 30
0.0
 10
42.159864
 20
248.984538
 30
0.0
 10
42.385804
 20
248.988695
 30
0.0
  0
LINE
  5
431
100
AcDbEntity
  8
0
 62
7
100
AcDbLine
 10
42.385804
 20
248.988695
 30
0.0
 11
42.385804
 21
248.988695
 31
0.0
  0
LINE
  5
432
100
AcDbEntity
  8
0
 62
7
100
AcDbLine
 10
36.635978
 20
251.875276
 30
0.0
 11
39.961125
 21
251.875276
 31
0.0
  0
SPLINE
  5
433
100
AcDbEntity
  8
0
 62
7
100
AcDbSpline
 70
8
 71
3
 72
8
 73
4
 74
0
 40
0
 40
0
 40
0
 40
0
 40
1
 40
1
 40
1
 40
1
 10
39.961125
 20
251.875276
 30
0.0
 10
39.467900
 20
251.618602
 30
0.0
 10
38.974742
 20
251.361256
 30
0.0
 10
38.480979
 20
251.104645
 30
0.0
  0
LINE
  5
434
100
AcDbEntity
  8
0
 62
7
100
AcDbLine
 10
38.480979
 20
251.104645
 30
0.0
 11
38.480442
 21
251.104645
 31
0.0
  0
SPLINE
  5
435
100
AcDbEntity
  8
0
 62
7
100
AcDbSpline
 70
8
 71
3
 72
8
 73
4
 74
0
 40
0
 40
0
 40
0
 40
0
 40
1
 40
1
 40
1
 40
1
 10
38.480442
 20
251.104645
 30
0.0
 10
37.865598
 20
251.361298
 30
0.0
 10
37.250788
 20
251.618644
 30
0.0
 10
36.635978
 20
251.875276
 30
0.0
  0
LINE
  5
436
100
AcDbEntity
  8
0
 62
7
100
AcDbLine
 10
36.635978
 20
251.875276
 30
0.0
 11
36.635978
 21
251.875276
 31
0.0
  0
SPLINE
  5
437
100
AcDbEntity
  8
0
 62
7
100
AcDbSpline
 70
8
 71
3
 72
8
 73
4
 74
0
 40
0
 40
0
 40
0
 40
0
 40
1
 40
1
 40
1
 40
1
 10
39.403749
 20
254.596520
 30
0.0
 10
39.569433
 20
253.819718
 30
0.0
 10
39.749594
 20
253.043293
 30
0.0
 10
39.965592
 20
252.270688
 30
0.0
  0
SPLINE
  5
438
100
AcDbEntity
  8
0
 62
7
100
AcDbSpline
 70
8
 71
3
 72
8
 73
4
 74
0
 40
0
 40
0
 40
0
 40
0
 40
1
 40
1
 40
1
 40
1
 10
39.965592
 20
252.270688
 30
0.0
 10
39.349674
 20
252.691922
 30
0.0
 10
38.733755
 20
253.113533
 30
0.0
 10
38.118341
 20
253.534746
 30
0.0
  0
SPLINE
  5
439
100
AcDbEntity
  8
0
 62
7
100
AcDbSpline
 70
8
 71
3
 72
8
 73
4
 74
0
 40
0
 40
0
 40
0
 40
0
 40
1
 40
1
 40
1
 40
1
 10
38.118341
 20
253.534746
 30
0.0
 10
38.546843
 20
253.889014
 30
0.0
 10
38.975313
 20
254.242610
 30
0.0
 10
39.403749
 20
254.596520
 30
0.0
  0
LINE
  5
43a
100
AcDbEntity
  8
0
 62
7
100
AcDbLine
 10
39.403749
 20
254.596520
 30
0.0
 11
39.403749
 21
254.596520
 31
0.0
  0
SPLINE
  5
43b
100
AcDbEntity
  8
0
 62
7
100
AcDbSpline
 70
8
 71
3
 72
8
 73
4
 74
0
 40
0
 40
0
 40
0
 40
0
 40
1
 40
1
 40
1
 40
1
 10
38.477654
 20
259.536977
 30
0.0
 10
38.543518
 20
259.062381
 30
0.0
 10
38.612137
 20
258.587826
 30
0.0
 10
38.683509
 20
258.113566
 30
0.0
  0
LINE
  5
43c
100
AcDbEntity
  8
0
 62
7
100
AcDbLine
 10
38.683509
 20
258.113566
 30
0.0
 11
37.728362
 21
258.113566
 31
0.0
  0
LINE
  5
43d
100
AcDbEntity
  8
0
 62
7
100
AcDbLine
 10
37.728362
 20
258.113566
 30
0.0
 11
37.133670
 21
258.486328
 31
0.0
  0
SPLINE
  5
43e
100
AcDbEntity
  8
0
 62
7
100
AcDbSpline
 70
8
 71
3
 72
8
 73
4
 74
0
 40
0
 40
0
 40
0
 40
0
 40
1
 40
1
 40
1
 40
1
 10
37.133670
 20
258.486328
 30
0.0
 10
37.581687
 20
258.836796
 30
0.0
 10
38.029637
 20
259.186530
 30
0.0
 10
38.477654
 20
259.536977
 30
0.0
  0
LINE
  5
43f
100
AcDbEntity
  8
0
 62
7
100
AcDbLine
 10
38.477654
 20
259.536977
 30
0.0
 11
38.477654
 21
259.536977
 31
0.0
  0
SPLINE
  5
440
100
AcDbEntity
  8
0
 62
7
100
AcDbSpline
 70
8
 71
3
 72
8
 73
4
 74
0
 40
0
 40
0
 40
0
 40
0
 40
1
 40
1
 40
1
 40
1
 10
37.613394
 20
266.970659
 30
0.0
 10
37.627937
 20
266.819324
 30
0.0
 10
37.642413
 20
266.668011
 30
0.0
 10
37.656922
 20
266.516299
 30
0.0
  0
LINE
  5
441
100
AcDbEntity
  8
0
 62
7
100
AcDbLine
 10
37.656922
 20
266.516299
 30
0.0
 11
36.667181
 21
266.516299
 31
0.0
  0
SPLINE
  5
442
100
AcDbEntity
  8
0
 62
7
100
AcDbSpline
 70
8
 71
3
 72
8
 73
4
 74
0
 40
0
 40
0
 40
0
 40
0
 40
1
 40
1
 40
1
 40
1
 10
36.667181
 20
266.516299
 30
0.0
 10
36.850734
 20
266.667633
 30
0.0
 10
37.034858
 20
266.818946
 30
0.0
 10
37.218377
 20
266.970659
 30
0.0
  0
LINE
  5
443
100
AcDbEntity
  8
0
 62
7
100
AcDbLine
 10
37.218377
 20
266.970659
 30
0.0
 11
37.613394
 21
266.970659
 31
0.0
  0
LINE
  5
444
100
AcDbEntity
  8
0
 62
7
100
AcDbLine
 10
37.613394
 20
266.970659
 30
0.0
 11
37.613394
 21
266.970659
 31
0.0
  0
LINE
  5
445
100
AcDbEntity
  8
0
 62
7
100
AcDbLine
 10
36.704563
 20
266.279526
 30
0.0
 11
37.680366
 21
266.279526
 31
0.0
  0
SPLINE
  5
446
100
AcDbEntity
  8
0
 62
7
100
AcDbSpline
 70
8
 71
3
 72
8
 73
4
 74
0
 40
0
 40
0
 40
0
 40
0
 40
1
 40
1
 40
1
 40
1
 10
37.680366
 20
266.279526
 30
0.0
 10
37.706564
 20
266.014875
 30
0.0
 10
37.732829
 20
265.750538
 30
0.0
 10
37.760169
 20
265.485887
 30
0.0
  0
SPLINE
  5
447
100
AcDbEntity
  8
0
 62
7
100
AcDbSpline
 70
8
 71
3
 72
8
 73
4
 74
0
 40
0
 40
0
 40
0
 40
0
 40
1
 40
1
 40
1
 40
1
 10
37.760169
 20
265.485887
 30
0.0
 10
37.408110
 20
265.750538
 30
0.0
 10
37.056051
 20
266.015252
 30
0.0
 10
36.704563
 20
266.279526
 30
0.0
  0
LINE
  5
448
100
AcDbEntity
  8
0
 62
7
100
AcDbLine
 10
36.704563
 20
266.279526
 30
0.0
 11
36.704563
 21
266.279526
 31
0.0
  0
SPLINE
  5
449
100
AcDbEntity
  8
0
 62
7
100
AcDbSpline
 70
8
 71
3
 72
8
 73
4
 74
0
 40
0
 40
0
 40
0
 40
0
 40
1
 40
1
 40
1
 40
1
 10
51.733637
 20
227.778771
 30
0.0
 10
51.837992
 20
227.635792
 30
0.0
 10
51.942313
 20
227.492813
 30
0.0
 10
52.046668
 20
227.349855
 30
0.0
  0
SPLINE
  5
44a
100
AcDbEntity
  8
0
 62
7
100
AcDbSpline
 70
8
 71
3
 72
8
 73
4
 74
0
 40
0
 40
0
 40
0
 40
0
 40
1
 40
1
 40
1
 40
1
 10
52.046668
 20
227.349855
 30
0.0
 10
51.631600
 20
227.492813
 30
0.0
 10
51.216464
 20
227.636149
 30
0.0
 10
50.800825
 20
227.778771
 30
0.0
  0
LINE
  5
44b
100
AcDbEntity
  8
0
 62
7
100
AcDbLine
 10
50.800825
 20
227.778771
 30
0.0
 11
51.276686
 21
227.778771
 31
0.0
  0
LINE
  5
44c
100
AcDbEntity
  8
0
 62
7
100
AcDbLine
 10
51.276686
 20
227.778771
 30
0.0
 11
51.733637
 21
227.778771
 31
0.0
  0
LINE
  5
44d
100
AcDbEntity
  8
0
 62
7
100
AcDbLine
 10
51.733637
 20
227.778771
 30
0.0
 11
51.733637
 21
227.778771
 31
0.0
  0
LINE
  5
44e
100
AcDbEntity
  8
0
 62
7
100
AcDbLine
 10
50.216109
 20
226.787384
 30
0.0
 11
51.942313
 21
226.787384
 31
0.0
  0
LINE
  5
44f
100
AcDbEntity
  8
0
 62
7
100
AcDbLine
 10
51.942313
 20
226.787384
 30
0.0
 11
52.457874
 21
226.787384
 31
0.0
  0
SPLINE
  5
450
100
AcDbEntity
  8
0
 62
7
100
AcDbSpline
 70
8
 71
3
 72
8
 73
4
 74
0
 40
0
 40
0
 40
0
 40
0
 40
1
 40
1
 40
1
 40
1
 10
52.457874
 20
226.787384
 30
0.0
 10
52.476884
 20
226.761228
 30
0.0
 10
52.495793
 20
226.735449
 30
0.0
 10
52.515341
 20
226.709272
 30
0.0
  0
LINE
  5
451
100
AcDbEntity
  8
0
 62
7
100
AcDbLine
 10
52.515341
 20
226.709272
 30
0.0
 11
52.514736
 21
226.709272
 31
0.0
  0
LINE
  5
452
100
AcDbEntity
  8
0
 62
7
100
AcDbLine
 10
52.514736
 20
226.709272
 30
0.0
 11
50.273644
 21
226.709272
 31
0.0
  0
SPLINE
  5
453
100
AcDbEntity
  8
0
 62
7
100
AcDbSpline
 70
8
 71
3
 72
8
 73
4
 74
0
 40
0
 40
0
 40
0
 40
0
 40
1
 40
1
 40
1
 40
1
 10
50.273644
 20
226.709272
 30
0.0
 10
50.254634
 20
226.735449
 30
0.0
 10
50.235153
 20
226.761585
 30
0.0
 10
50.216109
 20
226.787384
 30
0.0
  0
LINE
  5
454
100
AcDbEntity
  8
0
 62
7
100
AcDbLine
 10
50.216109
 20
226.787384
 30
0.0
 11
50.216109
 21
226.787384
 31
0.0
  0
LINE
  5
455
100
AcDbEntity
  8
0
 62
7
100
AcDbLine
 10
50.449908
 20
226.471134
 30
0.0
 11
52.047205
 21
226.471134
 31
0.0
  0
SPLINE
  5
456
100
AcDbEntity
  8
0
 62
7
100
AcDbSpline
 70
8
 71
3
 72
8
 73
4
 74
0
 40
0
 40
0
 40
0
 40
0
 40
1
 40
1
 40
1
 40
1
 10
52.047205
 20
226.471134
 30
0.0
 10
51.699076
 20
226.222164
 30
0.0
 10
51.350376
 20
225.972501
 30
0.0
 10
51.002247
 20
225.723510
 30
0.0
  0
LINE
  5
457
100
AcDbEntity
  8
0
 62
7
100
AcDbLine
 10
51.002247
 20
225.723510
 30
0.0
 11
51.001642
 21
225.723489
 31
0.0
  0
SPLINE
  5
458
100
AcDbEntity
  8
0
 62
7
100
AcDbSpline
 70
8
 71
3
 72
8
 73
4
 74
0
 40
0
 40
0
 40
0
 40
0
 40
1
 40
1
 40
1
 40
1
 10
51.001642
 20
225.723489
 30
0.0
 10
50.828669
 20
225.957828
 30
0.0
 10
50.655192
 20
226.192166
 30
0.0
 10
50.482790
 20
226.426504
 30
0.0
  0
SPLINE
  5
459
100
AcDbEntity
  8
0
 62
7
100
AcDbSpline
 70
8
 71
3
 72
8
 73
4
 74
0
 40
0
 40
0
 40
0
 40
0
 40
1
 40
1
 40
1
 40
1
 10
50.482790
 20
226.426504
 30
0.0
 10
50.471673
 20
226.441136
 30
0.0
 10
50.461026
 20
226.456439
 30
0.0
 10
50.449908
 20
226.471134
 30
0.0
  0
LINE
  5
45a
100
AcDbEntity
  8
0
 62
7
100
AcDbLine
 10
50.449908
 20
226.471134
 30
0.0
 11
50.449908
 21
226.471134
 31
0.0
  0
SPLINE
  5
45b
100
AcDbEntity
  8
0
 62
7
100
AcDbSpline
 70
8
 71
3
 72
8
 73
4
 74
0
 40
0
 40
0
 40
0
 40
0
 40
1
 40
1
 40
1
 40
1
 10
51.284445
 20
225.586808
 30
0.0
 10
51.680066
 20
225.869597
 30
0.0
 10
52.075015
 20
226.152763
 30
0.0
 10
52.471140
 20
226.435216
 30
0.0
  0
SPLINE
  5
45c
100
AcDbEntity
  8
0
 62
7
100
AcDbSpline
 70
8
 71
3
 72
8
 73
4
 74
0
 40
0
 40
0
 40
0
 40
0
 40
1
 40
1
 40
1
 40
1
 10
52.471140
 20
226.435216
 30
0.0
 10
52.480075
 20
226.441807
 30
0.0
 10
52.488438
 20
226.448126
 30
0.0
 10
52.497338
 20
226.454382
 30
0.0
  0
SPLINE
  5
45d
100
AcDbEntity
  8
0
 62
7
100
AcDbSpline
 70
8
 71
3
 72
8
 73
4
 74
0
 40
0
 40
0
 40
0
 40
0
 40
1
 40
1
 40
1
 40
1
 10
52.497338
 20
226.454382
 30
0.0
 10
52.505164
 20
226.459609
 30
0.0
 10
52.511310
 20
226.465193
 30
0.0
 10
52.516886
 20
226.470735
 30
0.0
  0
LINE
  5
45e
100
AcDbEntity
  8
0
 62
7
100
AcDbLine
 10
52.516886
 20
226.470735
 30
0.0
 11
52.690464
 21
226.470735
 31
0.0
  0
SPLINE
  5
45f
100
AcDbEntity
  8
0
 62
7
100
AcDbSpline
 70
8
 71
3
 72
8
 73
4
 74
0
 40
0
 40
0
 40
0
 40
0
 40
1
 40
1
 40
1
 40
1
 10
52.690464
 20
226.470735
 30
0.0
 10
52.705511
 20
226.449848
 30
0.0
 10
52.721128
 20
226.428897
 30
0.0
 10
52.736209
 20
226.408010
 30
0.0
  0
SPLINE
  5
460
100
AcDbEntity
  8
0
 62
7
100
AcDbSpline
 70
8
 71
3
 72
8
 73
4
 74
0
 40
0
 40
0
 40
0
 40
0
 40
1
 40
1
 40
1
 40
1
 10
52.736209
 20
226.408010
 30
0.0
 10
52.379112
 20
226.134269
 30
0.0
 10
52.021545
 20
225.860507
 30
0.0
 10
51.664448
 20
225.586808
 30
0.0
  0
LINE
  5
461
100
AcDbEntity
  8
0
 62
7
100
AcDbLine
 10
51.664448
 20
225.586808
 30
0.0
 11
51.284445
 21
225.586808
 31
0.0
  0
LINE
  5
462
100
AcDbEntity
  8
0
 62
7
100
AcDbLine
 10
51.284445
 20
225.586808
 30
0.0
 11
51.284445
 21
225.586808
 31
0.0
  0
LINE
  5
463
100
AcDbEntity
  8
0
 62
7
100
AcDbLine
 10
51.925184
 20
223.957672
 30
0.0
 11
51.925486
 21
223.957294
 31
0.0
  0
LINE
  5
464
100
AcDbEntity
  8
0
 62
7
100
AcDbLine
 10
51.925486
 20
223.957294
 30
0.0
 11
51.925184
 21
223.957672
 31
0.0
  0
LINE
  5
465
100
AcDbEntity
  8
0
 62
7
100
AcDbLine
 10
47.461136
 20
230.515383
 30
0.0
 11
47.461136
 21
230.515383
 31
0.0
  0
SPLINE
  5
466
100
AcDbEntity
  8
0
 62
7
100
AcDbSpline
 70
8
 71
3
 72
8
 73
4
 74
0
 40
0
 40
0
 40
0
 40
0
 40
1
 40
1
 40
1
 40
1
 10
47.727816
 20
230.503858
 30
0.0
 10
48.429650
 20
230.254888
 30
0.0
 10
49.131518
 20
230.005918
 30
0.0
 10
49.833923
 20
229.757284
 30
0.0
  0
LINE
  5
467
100
AcDbEntity
  8
0
 62
7
100
AcDbLine
 10
49.833923
 20
229.757284
 30
0.0
 11
49.660950
 21
229.757284
 31
0.0
  0
SPLINE
  5
468
100
AcDbEntity
  8
0
 62
7
100
AcDbSpline
 70
8
 71
3
 72
8
 73
4
 74
0
 40
0
 40
0
 40
0
 40
0
 40
1
 40
1
 40
1
 40
1
 10
49.660950
 20
229.757284
 30
0.0
 10
49.647549
 20
229.775065
 30
0.0
 10
49.624676
 20
229.790746
 30
0.0
 10
49.590686
 20
229.801935
 30
0.0
  0
SPLINE
  5
469
100
AcDbEntity
  8
0
 62
7
100
AcDbSpline
 70
8
 71
3
 72
8
 73
4
 74
0
 40
0
 40
0
 40
0
 40
0
 40
1
 40
1
 40
1
 40
1
 10
49.590686
 20
229.801935
 30
0.0
 10
48.880589
 20
230.039716
 30
0.0
 10
48.170560
 20
230.277455
 30
0.0
 10
47.461136
 20
230.515383
 30
0.0
  0
SPLINE
  5
46a
100
AcDbEntity
  8
0
 62
7
100
AcDbSpline
 70
8
 71
3
 72
8
 73
4
 74
0
 40
0
 40
0
 40
0
 40
0
 40
1
 40
1
 40
1
 40
1
 10
47.461136
 20
230.515383
 30
0.0
 10
47.444443
 20
230.538390
 30
0.0
 10
47.427717
 20
230.560726
 30
0.0
 10
47.410923
 20
230.583377
 30
0.0
  0
SPLINE
  5
46b
100
AcDbEntity
  8
0
 62
7
100
AcDbSpline
 70
8
 71
3
 72
8
 73
4
 74
0
 40
0
 40
0
 40
0
 40
0
 40
1
 40
1
 40
1
 40
1
 10
47.410923
 20
230.583377
 30
0.0
 10
47.441051
 20
230.583713
 30
0.0
 10
47.471212
 20
230.584049
 30
0.0
 10
47.501306
 20
230.584049
 30
0.0
  0
SPLINE
  5
46c
100
AcDbEntity
  8
0
 62
7
100
AcDbSpline
 70
8
 71
3
 72
8
 73
4
 74
0
 40
0
 40
0
 40
0
 40
0
 40
1
 40
1
 40
1
 40
1
 10
47.501306
 20
230.584049
 30
0.0
 10
47.577179
 20
230.557535
 30
0.0
 10
47.652481
 20
230.530371
 30
0.0
 10
47.727816
 20
230.503858
 30
0.0
  0
LINE
  5
46d
100
AcDbEntity
  8
0
 62
7
100
AcDbLine
 10
47.727816
 20
230.503858
 30
0.0
 11
47.727816
 21
230.503858
 31
0.0
  0
SPLINE
  5
46e
100
AcDbEntity
  8
0
 62
7
100
AcDbSpline
 70
8
 71
3
 72
8
 73
4
 74
0
 40
0
 40
0
 40
0
 40
0
 40
1
 40
1
 40
1
 40
1
 10
49.691715
 20
230.604642
 30
0.0
 10
49.861901
 20
230.367176
 30
0.0
 10
50.032523
 20
230.130067
 30
0.0
 10
50.203313
 20
229.893651
 30
0.0
  0
SPLINE
  5
46f
100
AcDbEntity
  8
0
 62
7
100
AcDbSpline
 70
8
 71
3
 72
8
 73
4
 74
0
 40
0
 40
0
 40
0
 40
0
 40
1
 40
1
 40
1
 40
1
 10
50.203313
 20
229.893651
 30
0.0
 10
49.547762
 20
230.125869
 30
0.0
 10
48.892177
 20
230.358485
 30
0.0
 10
48.236088
 20
230.591081
 30
0.0
  0
SPLINE
  5
470
100
AcDbEntity
  8
0
 62
7
100
AcDbSpline
 70
8
 71
3
 72
8
 73
4
 74
0
 40
0
 40
0
 40
0
 40
0
 40
1
 40
1
 40
1
 40
1
 10
48.236088
 20
230.591081
 30
0.0
 10
48.561882
 20
230.593894
 30
0.0
 10
48.887743
 20
230.597337
 30
0.0
 10
49.213537
 20
230.600150
 30
0.0
  0
SPLINE
  5
471
100
AcDbEntity
  8
0
 62
7
100
AcDbSpline
 70
8
 71
3
 72
8
 73
4
 74
0
 40
0
 40
0
 40
0
 40
0
 40
1
 40
1
 40
1
 40
1
 10
49.213537
 20
230.600150
 30
0.0
 10
49.372908
 20
230.601535
 30
0.0
 10
49.532312
 20
230.603320
 30
0.0
 10
49.691715
 20
230.604642
 30
0.0
  0
LINE
  5
472
100
AcDbEntity
  8
0
 62
7
100
AcDbLine
 10
49.691715
 20
230.604642
 30
0.0
 11
49.691715
 21
230.604642
 31
0.0
  0
SPLINE
  5
473
100
AcDbEntity
  8
0
 62
7
100
AcDbSpline
 70
8
 71
3
 72
8
 73
4
 74
0
 40
0
 40
0
 40
0
 40
0
 40
1
 40
1
 40
1
 40
1
 10
48.423537
 20
232.404657
 30
0.0
 10
48.460382
 20
232.351294
 30
0.0
 10
48.497227
 20
232.298288
 30
0.0
 10
48.534039
 20
232.244925
 30
0.0
  0
LINE
  5
474
100
AcDbEntity
  8
0
 62
7
100
AcDbLine
 10
48.534039
 20
232.244925
 30
0.0
 11
48.247273
 21
232.244925
 31
0.0
  0
SPLINE
  5
475
100
AcDbEntity
  8
0
 62
7
100
AcDbSpline
 70
8
 71
3
 72
8
 73
4
 74
0
 40
0
 40
0
 40
0
 40
0
 40
1
 40
1
 40
1
 40
1
 10
48.247273
 20
232.244925
 30
0.0
 10
48.306420
 20
232.298288
 30
0.0
 10
48.365029
 20
232.351294
 30
0.0
 10
48.423537
 20
232.404657
 30
0.0
  0
LINE
  5
476
100
AcDbEntity
  8
0
 62
7
100
AcDbLine
 10
48.423537
 20
232.404657
 30
0.0
 11
48.423537
 21
232.404657
 31
0.0
  0
SPLINE
  5
477
100
AcDbEntity
  8
0
 62
7
100
AcDbSpline
 70
8
 71
3
 72
8
 73
4
 74
0
 40
0
 40
0
 40
0
 40
0
 40
1
 40
1
 40
1
 40
1
 10
48.151852
 20
232.801833
 30
0.0
 10
48.187589
 20
232.748491
 30
0.0
 10
48.224400
 20
232.695129
 30
0.0
 10
48.261211
 20
232.642123
 30
0.0
  0
SPLINE
  5
478
100
AcDbEntity
  8
0
 62
7
100
AcDbSpline
 70
8
 71
3
 72
8
 73
4
 74
0
 40
0
 40
0
 40
0
 40
0
 40
1
 40
1
 40
1
 40
1
 10
48.261211
 20
232.642123
 30
0.0
 10
48.236727
 20
232.619451
 30
0.0
 10
48.211536
 20
232.597472
 30
0.0
 10
48.187051
 20
232.574842
 30
0.0
  0
SPLINE
  5
479
100
AcDbEntity
  8
0
 62
7
100
AcDbSpline
 70
8
 71
3
 72
8
 73
4
 74
0
 40
0
 40
0
 40
0
 40
0
 40
1
 40
1
 40
1
 40
1
 10
48.187051
 20
232.574842
 30
0.0
 10
48.140701
 20
232.618401
 30
0.0
 10
48.093881
 20
232.661688
 30
0.0
 10
48.047531
 20
232.704911
 30
0.0
  0
SPLINE
  5
47a
100
AcDbEntity
  8
0
 62
7
100
AcDbSpline
 70
8
 71
3
 72
8
 73
4
 74
0
 40
0
 40
0
 40
0
 40
0
 40
1
 40
1
 40
1
 40
1
 10
48.047531
 20
232.704911
 30
0.0
 10
48.082025
 20
232.737239
 30
0.0
 10
48.116485
 20
232.769610
 30
0.0
 10
48.151852
 20
232.801833
 30
0.0
  0
LINE
  5
47b
100
AcDbEntity
  8
0
 62
7
100
AcDbLine
 10
48.151852
 20
232.801833
 30
0.0
 11
48.151852
 21
232.801833
 31
0.0
  0
LINE
  5
47c
100
AcDbEntity
  8
0
 62
7
100
AcDbLine
 10
47.832675
 20
233.190318
 30
0.0
 11
47.889639
 21
233.190318
 31
0.0
  0
SPLINE
  5
47d
100
AcDbEntity
  8
0
 62
7
100
AcDbSpline
 70
8
 71
3
 72
8
 73
4
 74
0
 40
0
 40
0
 40
0
 40
0
 40
1
 40
1
 40
1
 40
1
 10
47.889639
 20
233.190318
 30
0.0
 10
47.923091
 20
233.140776
 30
0.0
 10
47.956577
 20
233.091276
 30
0.0
 10
47.990064
 20
233.041734
 30
0.0
  0
SPLINE
  5
47e
100
AcDbEntity
  8
0
 62
7
100
AcDbSpline
 70
8
 71
3
 72
8
 73
4
 74
0
 40
0
 40
0
 40
0
 40
0
 40
1
 40
1
 40
1
 40
1
 10
47.990064
 20
233.041734
 30
0.0
 10
47.939247
 20
232.994333
 30
0.0
 10
47.888463
 20
232.947226
 30
0.0
 10
47.837747
 20
232.900161
 30
0.0
  0
SPLINE
  5
47f
100
AcDbEntity
  8
0
 62
7
100
AcDbSpline
 70
8
 71
3
 72
8
 73
4
 74
0
 40
0
 40
0
 40
0
 40
0
 40
1
 40
1
 40
1
 40
1
 10
47.837747
 20
232.900161
 30
0.0
 10
47.784175
 20
232.949682
 30
0.0
 10
47.731175
 20
232.999539
 30
0.0
 10
47.677671
 20
233.049417
 30
0.0
  0
SPLINE
  5
480
100
AcDbEntity
  8
0
 62
7
100
AcDbSpline
 70
8
 71
3
 72
8
 73
4
 74
0
 40
0
 40
0
 40
0
 40
0
 40
1
 40
1
 40
1
 40
1
 10
47.677671
 20
233.049417
 30
0.0
 10
47.729529
 20
233.096503
 30
0.0
 10
47.781421
 20
233.143211
 30
0.0
 10
47.832675
 20
233.190318
 30
0.0
  0
LINE
  5
481
100
AcDbEntity
  8
0
 62
7
100
AcDbLine
 10
47.832675
 20
233.190318
 30
0.0
 11
47.832675
 21
233.190318
 31
0.0
  0
SPLINE
  5
482
100
AcDbEntity
  8
0
 62
7
100
AcDbSpline
 70
8
 71
3
 72
8
 73
4
 74
0
 40
0
 40
0
 40
0
 40
0
 40
1
 40
1
 40
1
 40
1
 10
47.837377
 20
232.509493
 30
0.0
 10
47.883593
 20
232.466983
 30
0.0
 10
47.928734
 20
232.424494
 30
0.0
 10
47.974412
 20
232.382342
 30
0.0
  0
SPLINE
  5
483
100
AcDbEntity
  8
0
 62
7
100
AcDbSpline
 70
8
 71
3
 72
8
 73
4
 74
0
 40
0
 40
0
 40
0
 40
0
 40
1
 40
1
 40
1
 40
1
 10
47.974412
 20
232.382342
 30
0.0
 10
47.923629
 20
232.336326
 30
0.0
 10
47.874021
 20
232.291004
 30
0.0
 10
47.823203
 20
232.245324
 30
0.0
  0
LINE
  5
484
100
AcDbEntity
  8
0
 62
7
100
AcDbLine
 10
47.823203
 20
232.245324
 30
0.0
 11
47.804831
 21
232.245324
 31
0.0
  0
SPLINE
  5
485
100
AcDbEntity
  8
0
 62
7
100
AcDbSpline
 70
8
 71
3
 72
8
 73
4
 74
0
 40
0
 40
0
 40
0
 40
0
 40
1
 40
1
 40
1
 40
1
 10
47.804831
 20
232.245324
 30
0.0
 10
47.762445
 20
232.283677
 30
0.0
 10
47.719487
 20
232.322366
 30
0.0
 10
47.677671
 20
232.360741
 30
0.0
  0
SPLINE
  5
486
100
AcDbEntity
  8
0
 62
7
100
AcDbSpline
 70
8
 71
3
 72
8
 73
4
 74
0
 40
0
 40
0
 40
0
 40
0
 40
1
 40
1
 40
1
 40
1
 10
47.677671
 20
232.360741
 30
0.0
 10
47.731175
 20
232.410283
 30
0.0
 10
47.784175
 20
232.460119
 30
0.0
 10
47.837377
 20
232.509493
 30
0.0
  0
LINE
  5
487
100
AcDbEntity
  8
0
 62
7
100
AcDbLine
 10
47.837377
 20
232.509493
 30
0.0
 11
47.837377
 21
232.509493
 31
0.0
  0
SPLINE
  5
488
100
AcDbEntity
  8
0
 62
7
100
AcDbSpline
 70
8
 71
3
 72
8
 73
4
 74
0
 40
0
 40
0
 40
0
 40
0
 40
1
 40
1
 40
1
 40
1
 10
47.463923
 20
232.856539
 30
0.0
 10
47.518569
 20
232.805989
 30
0.0
 10
47.572678
 20
232.755419
 30
0.0
 10
47.627391
 20
232.704890
 30
0.0
  0
SPLINE
  5
489
100
AcDbEntity
  8
0
 62
7
100
AcDbSpline
 70
8
 71
3
 72
8
 73
4
 74
0
 40
0
 40
0
 40
0
 40
0
 40
1
 40
1
 40
1
 40
1
 10
47.627391
 20
232.704890
 30
0.0
 10
47.573316
 20
232.654655
 30
0.0
 10
47.518670
 20
232.603749
 30
0.0
 10
47.463923
 20
232.553199
 30
0.0
  0
SPLINE
  5
48a
100
AcDbEntity
  8
0
 62
7
100
AcDbSpline
 70
8
 71
3
 72
8
 73
4
 74
0
 40
0
 40
0
 40
0
 40
0
 40
1
 40
1
 40
1
 40
1
 10
47.463923
 20
232.553199
 30
0.0
 10
47.408169
 20
232.603770
 30
0.0
 10
47.352314
 20
232.654361
 30
0.0
 10
47.297130
 20
232.704890
 30
0.0
  0
SPLINE
  5
48b
100
AcDbEntity
  8
0
 62
7
100
AcDbSpline
 70
8
 71
3
 72
8
 73
4
 74
0
 40
0
 40
0
 40
0
 40
0
 40
1
 40
1
 40
1
 40
1
 10
47.297130
 20
232.704890
 30
0.0
 10
47.352885
 20
232.755461
 30
0.0
 10
47.408706
 20
232.806010
 30
0.0
 10
47.463923
 20
232.856539
 30
0.0
  0
LINE
  5
48c
100
AcDbEntity
  8
0
 62
7
100
AcDbLine
 10
47.463923
 20
232.856539
 30
0.0
 11
47.463923
 21
232.856539
 31
0.0
  0
SPLINE
  5
48d
100
AcDbEntity
  8
0
 62
7
100
AcDbSpline
 70
8
 71
3
 72
8
 73
4
 74
0
 40
0
 40
0
 40
0
 40
0
 40
1
 40
1
 40
1
 40
1
 10
47.491834
 20
233.791813
 30
0.0
 10
47.513027
 20
233.759380
 30
0.0
 10
47.534288
 20
233.726611
 30
0.0
 10
47.556019
 20
233.694178
 30
0.0
  0
SPLINE
  5
48e
100
AcDbEntity
  8
0
 62
7
100
AcDbSpline
 70
8
 71
3
 72
8
 73
4
 74
0
 40
0
 40
0
 40
0
 40
0
 40
1
 40
1
 40
1
 40
1
 10
47.556019
 20
233.694178
 30
0.0
 10
47.520887
 20
233.715065
 30
0.0
 10
47.485721
 20
233.736352
 30
0.0
 10
47.450589
 20
233.757659
 30
0.0
  0
SPLINE
  5
48f
100
AcDbEntity
  8
0
 62
7
100
AcDbSpline
 70
8
 71
3
 72
8
 73
4
 74
0
 40
0
 40
0
 40
0
 40
0
 40
1
 40
1
 40
1
 40
1
 10
47.450589
 20
233.757659
 30
0.0
 10
47.464394
 20
233.768995
 30
0.0
 10
47.478164
 20
233.780394
 30
0.0
 10
47.491834
 20
233.791813
 30
0.0
  0
LINE
  5
490
100
AcDbEntity
  8
0
 62
7
100
AcDbLine
 10
47.491834
 20
233.791813
 30
0.0
 11
47.491834
 21
233.791813
 31
0.0
  0
LINE
  5
491
100
AcDbEntity
  8
0
 62
7
100
AcDbLine
 10
44.042852
 20
240.398689
 30
0.0
 11
44.042852
 21
240.398689
 31
0.0
  0
LINE
  5
492
100
AcDbEntity
  8
0
 62
7
100
AcDbLine
 10
43.310286
 20
240.398689
 30
0.0
 11
44.043356
 21
240.398689
 31
0.0
  0
SPLINE
  5
493
100
AcDbEntity
  8
0
 62
7
100
AcDbSpline
 70
8
 71
3
 72
8
 73
4
 74
0
 40
0
 40
0
 40
0
 40
0
 40
1
 40
1
 40
1
 40
1
 10
44.043356
 20
240.398689
 30
0.0
 10
44.086247
 20
240.284994
 30
0.0
 10
44.129775
 20
240.171656
 30
0.0
 10
44.172733
 20
240.057982
 30
0.0
  0
LINE
  5
494
100
AcDbEntity
  8
0
 62
7
100
AcDbLine
 10
44.172733
 20
240.057982
 30
0.0
 11
44.109187
 21
240.057982
 31
0.0
  0
LINE
  5
495
100
AcDbEntity
  8
0
 62
7
100
AcDbLine
 10
44.109187
 20
240.057982
 30
0.0
 11
41.808947
 21
240.057982
 31
0.0
  0
SPLINE
  5
496
100
AcDbEntity
  8
0
 62
7
100
AcDbSpline
 70
8
 71
3
 72
8
 73
4
 74
0
 40
0
 40
0
 40
0
 40
0
 40
1
 40
1
 40
1
 40
1
 10
41.808947
 20
240.057982
 30
0.0
 10
41.767602
 20
240.171677
 30
0.0
 10
41.725752
 20
240.285015
 30
0.0
 10
41.684507
 20
240.398689
 30
0.0
  0
LINE
  5
497
100
AcDbEntity
  8
0
 62
7
100
AcDbLine
 10
41.684507
 20
240.398689
 30
0.0
 11
43.228233
 21
240.398689
 31
0.0
  0
SPLINE
  5
498
100
AcDbEntity
  8
0
 62
7
100
AcDbSpline
 70
8
 71
3
 72
8
 73
4
 74
0
 40
0
 40
0
 40
0
 40
0
 40
1
 40
1
 40
1
 40
1
 10
43.228233
 20
240.398689
 30
0.0
 10
43.257857
 20
240.390648
 30
0.0
 10
43.285734
 20
240.390984
 30
0.0
 10
43.310286
 20
240.398689
 30
0.0
  0
LINE
  5
499
100
AcDbEntity
  8
0
 62
7
100
AcDbLine
 10
43.310286
 20
240.398689
 30
0.0
 11
43.310286
 21
240.398689
 31
0.0
  0
SPLINE
  5
49a
100
AcDbEntity
  8
0
 62
7
100
AcDbSpline
 70
8
 71
3
 72
8
 73
4
 74
0
 40
0
 40
0
 40
0
 40
0
 40
1
 40
1
 40
1
 40
1
 10
42.795297
 20
238.942173
 30
0.0
 10
43.112727
 20
239.200190
 30
0.0
 10
43.430225
 20
239.458586
 30
0.0
 10
43.748227
 20
239.716289
 30
0.0
  0
LINE
  5
49b
100
AcDbEntity
  8
0
 62
7
100
AcDbLine
 10
43.748227
 20
239.716289
 30
0.0
 11
44.174446
 21
239.716289
 31
0.0
  0
SPLINE
  5
49c
100
AcDbEntity
  8
0
 62
7
100
AcDbSpline
 70
8
 71
3
 72
8
 73
4
 74
0
 40
0
 40
0
 40
0
 40
0
 40
1
 40
1
 40
1
 40
1
 10
44.174446
 20
239.716289
 30
0.0
 10
43.844723
 20
239.458250
 30
0.0
 10
43.515570
 20
239.200190
 30
0.0
 10
43.185846
 20
238.942173
 30
0.0
  0
LINE
  5
49d
100
AcDbEntity
  8
0
 62
7
100
AcDbLine
 10
43.185846
 20
238.942173
 30
0.0
 11
42.795297
 21
238.942173
 31
0.0
  0
LINE
  5
49e
100
AcDbEntity
  8
0
 62
7
100
AcDbLine
 10
42.795297
 20
238.942173
 30
0.0
 11
42.795297
 21
238.942173
 31
0.0
  0
SPLINE
  5
49f
100
AcDbEntity
  8
0
 62
7
100
AcDbSpline
 70
8
 71
3
 72
8
 73
4
 74
0
 40
0
 40
0
 40
0
 40
0
 40
1
 40
1
 40
1
 40
1
 10
43.765021
 20
238.942173
 30
0.0
 10
43.978634
 20
239.109188
 30
0.0
 10
44.192382
 20
239.276897
 30
0.0
 10
44.405995
 20
239.444290
 30
0.0
  0
SPLINE
  5
4a0
100
AcDbEntity
  8
0
 62
7
100
AcDbSpline
 70
8
 71
3
 72
8
 73
4
 74
0
 40
0
 40
0
 40
0
 40
0
 40
1
 40
1
 40
1
 40
1
 10
44.405995
 20
239.444290
 30
0.0
 10
44.470146
 20
239.276897
 30
0.0
 10
44.533222
 20
239.109188
 30
0.0
 10
44.596803
 20
238.942173
 30
0.0
  0
LINE
  5
4a1
100
AcDbEntity
  8
0
 62
7
100
AcDbLine
 10
44.596803
 20
238.942173
 30
0.0
 11
44.451740
 21
238.942173
 31
0.0
  0
LINE
  5
4a2
100
AcDbEntity
  8
0
 62
7
100
AcDbLine
 10
44.451740
 20
238.942173
 30
0.0
 11
43.765021
 21
238.942173
 31
0.0
  0
LINE
  5
4a3
100
AcDbEntity
  8
0
 62
7
100
AcDbLine
 10
43.765021
 20
238.942173
 30
0.0
 11
43.765021
 21
238.942173
 31
0.0
  0
SPLINE
  5
4a4
100
AcDbEntity
  8
0
 62
7
100
AcDbSpline
 70
8
 71
3
 72
8
 73
4
 74
0
 40
0
 40
0
 40
0
 40
0
 40
1
 40
1
 40
1
 40
1
 10
41.243779
 20
247.630130
 30
0.0
 10
41.379302
 20
247.211121
 30
0.0
 10
41.518722
 20
246.792449
 30
0.0
 10
41.659955
 20
246.374448
 30
0.0
  0
SPLINE
  5
4a5
100
AcDbEntity
  8
0
 62
7
100
AcDbSpline
 70
8
 71
3
 72
8
 73
4
 74
0
 40
0
 40
0
 40
0
 40
0
 40
1
 40
1
 40
1
 40
1
 10
41.659955
 20
246.374448
 30
0.0
 10
41.337453
 20
246.605658
 30
0.0
 10
41.014447
 20
246.837205
 30
0.0
 10
40.691944
 20
247.068373
 30
0.0
  0
SPLINE
  5
4a6
100
AcDbEntity
  8
0
 62
7
100
AcDbSpline
 70
8
 71
3
 72
8
 73
4
 74
0
 40
0
 40
0
 40
0
 40
0
 40
1
 40
1
 40
1
 40
1
 10
40.691944
 20
247.068373
 30
0.0
 10
40.867134
 20
247.282159
 30
0.0
 10
41.041249
 20
247.495190
 30
0.0
 10
41.216405
 20
247.708578
 30
0.0
  0
SPLINE
  5
4a7
100
AcDbEntity
  8
0
 62
7
100
AcDbSpline
 70
8
 71
3
 72
8
 73
4
 74
0
 40
0
 40
0
 40
0
 40
0
 40
1
 40
1
 40
1
 40
1
 10
41.216405
 20
247.708578
 30
0.0
 10
41.225877
 20
247.682422
 30
0.0
 10
41.235416
 20
247.656307
 30
0.0
 10
41.243779
 20
247.630130
 30
0.0
  0
LINE
  5
4a8
100
AcDbEntity
  8
0
 62
7
100
AcDbLine
 10
41.243779
 20
247.630130
 30
0.0
 11
41.243779
 21
247.630130
 31
0.0
  0
SPLINE
  5
4a9
100
AcDbEntity
  8
0
 62
7
100
AcDbSpline
 70
8
 71
3
 72
8
 73
4
 74
0
 40
0
 40
0
 40
0
 40
0
 40
1
 40
1
 40
1
 40
1
 10
40.503421
 20
246.839955
 30
0.0
 10
40.819172
 20
246.613321
 30
0.0
 10
41.134957
 20
246.386624
 30
0.0
 10
41.451279
 20
246.159990
 30
0.0
  0
LINE
  5
4aa
100
AcDbEntity
  8
0
 62
7
100
AcDbLine
 10
41.451279
 20
246.159990
 30
0.0
 11
39.946615
 21
246.159990
 31
0.0
  0
SPLINE
  5
4ab
100
AcDbEntity
  8
0
 62
7
100
AcDbSpline
 70
8
 71
3
 72
8
 73
4
 74
0
 40
0
 40
0
 40
0
 40
0
 40
1
 40
1
 40
1
 40
1
 10
39.946615
 20
246.159990
 30
0.0
 10
40.132419
 20
246.386624
 30
0.0
 10
40.318155
 20
246.612985
 30
0.0
 10
40.503421
 20
246.839955
 30
0.0
  0
LINE
  5
4ac
100
AcDbEntity
  8
0
 62
7
100
AcDbLine
 10
40.503421
 20
246.839955
 30
0.0
 11
40.503421
 21
246.839955
 31
0.0
  0
SPLINE
  5
4ad
100
AcDbEntity
  8
0
 62
7
100
AcDbSpline
 70
8
 71
3
 72
8
 73
4
 74
0
 40
0
 40
0
 40
0
 40
0
 40
1
 40
1
 40
1
 40
1
 10
40.872172
 20
245.794197
 30
0.0
 10
40.931890
 20
245.757922
 30
0.0
 10
40.992111
 20
245.721291
 30
0.0
 10
41.051829
 20
245.685058
 30
0.0
  0
SPLINE
  5
4ae
100
AcDbEntity
  8
0
 62
7
100
AcDbSpline
 70
8
 71
3
 72
8
 73
4
 74
0
 40
0
 40
0
 40
0
 40
0
 40
1
 40
1
 40
1
 40
1
 10
41.051829
 20
245.685058
 30
0.0
 10
40.991574
 20
245.648804
 30
0.0
 10
40.931890
 20
245.612550
 30
0.0
 10
40.872172
 20
245.576275
 30
0.0
  0
SPLINE
  5
4af
100
AcDbEntity
  8
0
 62
7
100
AcDbSpline
 70
8
 71
3
 72
8
 73
4
 74
0
 40
0
 40
0
 40
0
 40
0
 40
1
 40
1
 40
1
 40
1
 10
40.872172
 20
245.576275
 30
0.0
 10
40.811917
 20
245.612550
 30
0.0
 10
40.752233
 20
245.649161
 30
0.0
 10
40.691944
 20
245.685058
 30
0.0
  0
SPLINE
  5
4b0
100
AcDbEntity
  8
0
 62
7
100
AcDbSpline
 70
8
 71
3
 72
8
 73
4
 74
0
 40
0
 40
0
 40
0
 40
0
 40
1
 40
1
 40
1
 40
1
 10
40.691944
 20
245.685058
 30
0.0
 10
40.752233
 20
245.721354
 30
0.0
 10
40.811917
 20
245.757964
 30
0.0
 10
40.872172
 20
245.794197
 30
0.0
  0
LINE
  5
4b1
100
AcDbEntity
  8
0
 62
7
100
AcDbLine
 10
40.872172
 20
245.794197
 30
0.0
 11
40.872172
 21
245.794197
 31
0.0
  0
LINE
  5
4b2
100
AcDbEntity
  8
0
 62
7
100
AcDbLine
 10
40.250074
 20
245.103757
 30
0.0
 11
41.107584
 21
245.103757
 31
0.0
  0
SPLINE
  5
4b3
100
AcDbEntity
  8
0
 62
7
100
AcDbSpline
 70
8
 71
3
 72
8
 73
4
 74
0
 40
0
 40
0
 40
0
 40
0
 40
1
 40
1
 40
1
 40
1
 10
41.107584
 20
245.103757
 30
0.0
 10
40.864346
 20
244.956286
 30
0.0
 10
40.620538
 20
244.808772
 30
0.0
 10
40.377301
 20
244.661615
 30
0.0
  0
SPLINE
  5
4b4
100
AcDbEntity
  8
0
 62
7
100
AcDbSpline
 70
8
 71
3
 72
8
 73
4
 74
0
 40
0
 40
0
 40
0
 40
0
 40
1
 40
1
 40
1
 40
1
 10
40.377301
 20
244.661615
 30
0.0
 10
40.334310
 20
244.808772
 30
0.0
 10
40.291957
 20
244.956286
 30
0.0
 10
40.250074
 20
245.103757
 30
0.0
  0
LINE
  5
4b5
100
AcDbEntity
  8
0
 62
7
100
AcDbLine
 10
40.250074
 20
245.103757
 30
0.0
 11
40.250074
 21
245.103757
 31
0.0
  0
SPLINE
  5
4b6
100
AcDbEntity
  8
0
 62
7
100
AcDbSpline
 70
8
 71
3
 72
8
 73
4
 74
0
 40
0
 40
0
 40
0
 40
0
 40
1
 40
1
 40
1
 40
1
 10
40.143536
 20
251.658739
 30
0.0
 10
40.294207
 20
251.158679
 30
0.0
 10
40.462075
 20
250.656919
 30
0.0
 10
40.712063
 20
250.172183
 30
0.0
  0
SPLINE
  5
4b7
100
AcDbEntity
  8
0
 62
7
100
AcDbSpline
 70
8
 71
3
 72
8
 73
4
 74
0
 40
0
 40
0
 40
0
 40
0
 40
1
 40
1
 40
1
 40
1
 10
40.712063
 20
250.172183
 30
0.0
 10
40.078847
 20
250.436834
 30
0.0
 10
39.445598
 20
250.701171
 30
0.0
 10
38.812349
 20
250.965843
 30
0.0
  0
SPLINE
  5
4b8
100
AcDbEntity
  8
0
 62
7
100
AcDbSpline
 70
8
 71
3
 72
8
 73
4
 74
0
 40
0
 40
0
 40
0
 40
0
 40
1
 40
1
 40
1
 40
1
 10
38.812349
 20
250.965843
 30
0.0
 10
39.255899
 20
251.196654
 30
0.0
 10
39.699449
 20
251.427508
 30
0.0
 10
40.143536
 20
251.658739
 30
0.0
  0
LINE
  5
4b9
100
AcDbEntity
  8
0
 62
7
100
AcDbLine
 10
40.143536
 20
251.658739
 30
0.0
 11
40.143536
 21
251.658739
 31
0.0
  0
SPLINE
  5
4ba
100
AcDbEntity
  8
0
 62
7
100
AcDbSpline
 70
8
 71
3
 72
8
 73
4
 74
0
 40
0
 40
0
 40
0
 40
0
 40
1
 40
1
 40
1
 40
1
 10
38.506640
 20
250.807161
 30
0.0
 10
39.205149
 20
250.515640
 30
0.0
 10
39.904195
 20
250.223447
 30
0.0
 10
40.603241
 20
249.931547
 30
0.0
  0
LINE
  5
4bb
100
AcDbEntity
  8
0
 62
7
100
AcDbLine
 10
40.603241
 20
249.931547
 30
0.0
 11
36.850163
 21
249.931547
 31
0.0
  0
SPLINE
  5
4bc
100
AcDbEntity
  8
0
 62
7
100
AcDbSpline
 70
8
 71
3
 72
8
 73
4
 74
0
 40
0
 40
0
 40
0
 40
0
 40
1
 40
1
 40
1
 40
1
 10
36.850163
 20
249.931547
 30
0.0
 10
36.847946
 20
249.935053
 30
0.0
 10
36.845662
 20
249.938517
 30
0.0
 10
36.843479
 20
249.941645
 30
0.0
  0
SPLINE
  5
4bd
100
AcDbEntity
  8
0
 62
7
100
AcDbSpline
 70
8
 71
3
 72
8
 73
4
 74
0
 40
0
 40
0
 40
0
 40
0
 40
1
 40
1
 40
1
 40
1
 10
36.843479
 20
249.941645
 30
0.0
 10
37.398000
 20
250.230017
 30
0.0
 10
37.952589
 20
250.518432
 30
0.0
 10
38.506539
 20
250.806783
 30
0.0
  0
LINE
  5
4be
100
AcDbEntity
  8
0
 62
7
100
AcDbLine
 10
38.506539
 20
250.806783
 30
0.0
 11
38.506640
 21
250.807161
 31
0.0
  0
SPLINE
  5
4bf
100
AcDbEntity
  8
0
 62
7
100
AcDbSpline
 70
8
 71
3
 72
8
 73
4
 74
0
 40
0
 40
0
 40
0
 40
0
 40
1
 40
1
 40
1
 40
1
 10
39.595698
 20
252.167805
 30
0.0
 10
39.623038
 20
252.148639
 30
0.0
 10
39.650882
 20
252.130165
 30
0.0
 10
39.678255
 20
252.111335
 30
0.0
  0
LINE
  5
4c0
100
AcDbEntity
  8
0
 62
7
100
AcDbLine
 10
39.678255
 20
252.111335
 30
0.0
 11
36.393816
 21
252.111335
 31
0.0
  0
SPLINE
  5
4c1
100
AcDbEntity
  8
0
 62
7
100
AcDbSpline
 70
8
 71
3
 72
8
 73
4
 74
0
 40
0
 40
0
 40
0
 40
0
 40
1
 40
1
 40
1
 40
1
 10
36.393816
 20
252.111335
 30
0.0
 10
36.890333
 20
252.521044
 30
0.0
 10
37.386312
 20
252.930794
 30
0.0
 10
37.882325
 20
253.340503
 30
0.0
  0
SPLINE
  5
4c2
100
AcDbEntity
  8
0
 62
7
100
AcDbSpline
 70
8
 71
3
 72
8
 73
4
 74
0
 40
0
 40
0
 40
0
 40
0
 40
1
 40
1
 40
1
 40
1
 10
37.882325
 20
253.340503
 30
0.0
 10
38.453640
 20
252.949625
 30
0.0
 10
39.024954
 20
252.558704
 30
0.0
 10
39.595698
 20
252.167805
 30
0.0
  0
LINE
  5
4c3
100
AcDbEntity
  8
0
 62
7
100
AcDbLine
 10
39.595698
 20
252.167805
 30
0.0
 11
39.595698
 21
252.167805
 31
0.0
  0
SPLINE
  5
4c4
100
AcDbEntity
  8
0
 62
7
100
AcDbSpline
 70
8
 71
3
 72
8
 73
4
 74
0
 40
0
 40
0
 40
0
 40
0
 40
1
 40
1
 40
1
 40
1
 10
36.245597
 20
266.168812
 30
0.0
 10
36.257251
 20
266.178846
 30
0.0
 10
36.269443
 20
266.188209
 30
0.0
 10
36.281703
 20
266.197928
 30
0.0
  0
SPLINE
  5
4c5
100
AcDbEntity
  8
0
 62
7
100
AcDbSpline
 70
8
 71
3
 72
8
 73
4
 74
0
 40
0
 40
0
 40
0
 40
0
 40
1
 40
1
 40
1
 40
1
 10
36.281703
 20
266.197928
 30
0.0
 10
36.723002
 20
265.865933
 30
0.0
 10
37.164873
 20
265.534002
 30
0.0
 10
37.606710
 20
265.202028
 30
0.0
  0
LINE
  5
4c6
100
AcDbEntity
  8
0
 62
7
100
AcDbLine
 10
37.606710
 20
265.202028
 30
0.0
 11
36.246503
 21
265.202028
 31
0.0
  0
SPLINE
  5
4c7
100
AcDbEntity
  8
0
 62
7
100
AcDbSpline
 70
8
 71
3
 72
8
 73
4
 74
0
 40
0
 40
0
 40
0
 40
0
 40
1
 40
1
 40
1
 40
1
 10
36.246503
 20
265.202028
 30
0.0
 10
36.246503
 20
265.524240
 30
0.0
 10
36.246503
 20
265.846432
 30
0.0
 10
36.245597
 20
266.168812
 30
0.0
  0
LINE
  5
4c8
100
AcDbEntity
  8
0
 62
7
100
AcDbLine
 10
36.245597
 20
266.168812
 30
0.0
 11
36.245597
 21
266.168812
 31
0.0
  0
LINE
  5
4c9
100
AcDbEntity
  8
0
 62
7
100
AcDbLine
 10
32.739483
 20
283.485296
 30
0.0
 11
32.739483
 21
281.485497
 31
0.0
  0
LINE
  5
4ca
100
AcDbEntity
  8
0
 62
7
100
AcDbLine
 10
32.739483
 20
281.485497
 30
0.0
 11
32.089541
 21
281.485497
 31
0.0
  0
SPLINE
  5
4cb
100
AcDbEntity
  8
0
 62
7
100
AcDbSpline
 70
8
 71
3
 72
8
 73
4
 74
0
 40
0
 40
0
 40
0
 40
0
 40
1
 40
1
 40
1
 40
1
 10
32.089541
 20
281.485497
 30
0.0
 10
32.095688
 20
282.152215
 30
0.0
 10
32.099013
 20
282.818598
 30
0.0
 10
32.099584
 20
283.485296
 30
0.0
  0
LINE
  5
4cc
100
AcDbEntity
  8
0
 62
7
100
AcDbLine
 10
32.099584
 20
283.485296
 30
0.0
 11
32.739483
 21
283.485296
 31
0.0
  0
LINE
  5
4cd
100
AcDbEntity
  8
0
 62
7
100
AcDbLine
 10
32.739483
 20
283.485296
 30
0.0
 11
32.739483
 21
283.485296
 31
0.0
  0
LINE
  5
4ce
100
AcDbEntity
  8
0
 62
7
100
AcDbLine
 10
32.176532
 20
285.743868
 30
0.0
 11
32.176532
 21
284.635679
 31
0.0
  0
SPLINE
  5
4cf
100
AcDbEntity
  8
0
 62
7
100
AcDbSpline
 70
8
 71
3
 72
8
 73
4
 74
0
 40
0
 40
0
 40
0
 40
0
 40
1
 40
1
 40
1
 40
1
 10
32.176532
 20
284.635679
 30
0.0
 10
31.923252
 20
285.004956
 30
0.0
 10
31.670006
 20
285.374969
 30
0.0
 10
31.416659
 20
285.743868
 30
0.0
  0
LINE
  5
4d0
100
AcDbEntity
  8
0
 62
7
100
AcDbLine
 10
31.416659
 20
285.743868
 30
0.0
 11
32.176532
 21
285.743868
 31
0.0
  0
LINE
  5
4d1
100
AcDbEntity
  8
0
 62
7
100
AcDbLine
 10
32.176532
 20
285.743868
 30
0.0
 11
32.176532
 21
285.743868
 31
0.0
  0
SPLINE
  5
4d2
100
AcDbEntity
  8
0
 62
7
100
AcDbSpline
 70
8
 71
3
 72
8
 73
4
 74
0
 40
0
 40
0
 40
0
 40
0
 40
1
 40
1
 40
1
 40
1
 10
31.344749
 20
285.122829
 30
0.0
 10
31.576836
 20
284.783907
 30
0.0
 10
31.810030
 20
284.443872
 30
0.0
 10
32.042687
 20
284.104278
 30
0.0
  0
LINE
  5
4d3
100
AcDbEntity
  8
0
 62
7
100
AcDbLine
 10
32.042687
 20
284.104278
 30
0.0
 11
31.344749
 21
284.104278
 31
0.0
  0
LINE
  5
4d4
100
AcDbEntity
  8
0
 62
7
100
AcDbLine
 10
31.344749
 20
284.104278
 30
0.0
 11
31.344749
 21
285.122829
 31
0.0
  0
LINE
  5
4d5
100
AcDbEntity
  8
0
 62
7
100
AcDbLine
 10
31.344749
 20
285.122829
 30
0.0
 11
31.344749
 21
285.122829
 31
0.0
  0
LINE
  5
4d6
100
AcDbEntity
  8
0
 62
7
100
AcDbLine
 10
32.544746
 20
275.756272
 30
0.0
 11
32.544746
 21
275.572840
 31
0.0
  0
LINE
  5
4d7
100
AcDbEntity
  8
0
 62
7
100
AcDbLine
 10
32.544746
 20
275.572840
 30
0.0
 11
32.299796
 21
275.572840
 31
0.0
  0
SPLINE
  5
4d8
100
AcDbEntity
  8
0
 62
7
100
AcDbSpline
 70
8
 71
3
 72
8
 73
4
 74
0
 40
0
 40
0
 40
0
 40
0
 40
1
 40
1
 40
1
 40
1
 10
32.299796
 20
275.572840
 30
0.0
 10
32.381815
 20
275.633865
 30
0.0
 10
32.463297
 20
275.695268
 30
0.0
 10
32.544746
 20
275.756272
 30
0.0
  0
LINE
  5
4d9
100
AcDbEntity
  8
0
 62
7
100
AcDbLine
 10
32.544746
 20
275.756272
 30
0.0
 11
32.544746
 21
275.756272
 31
0.0
  0
SPLINE
  5
4da
100
AcDbEntity
  8
0
 62
7
100
AcDbSpline
 70
8
 71
3
 72
8
 73
4
 74
0
 40
0
 40
0
 40
0
 40
0
 40
1
 40
1
 40
1
 40
1
 10
31.997412
 20
276.766132
 30
0.0
 10
32.179890
 20
276.643726
 30
0.0
 10
32.362335
 20
276.520983
 30
0.0
 10
32.545317
 20
276.398576
 30
0.0
  0
LINE
  5
4db
100
AcDbEntity
  8
0
 62
7
100
AcDbLine
 10
32.545317
 20
276.398576
 30
0.0
 11
32.545317
 21
276.179584
 31
0.0
  0
LINE
  5
4dc
100
AcDbEntity
  8
0
 62
7
100
AcDbLine
 10
32.545317
 20
276.179584
 30
0.0
 11
32.544746
 21
276.179248
 31
0.0
  0
SPLINE
  5
4dd
100
AcDbEntity
  8
0
 62
7
100
AcDbSpline
 70
8
 71
3
 72
8
 73
4
 74
0
 40
0
 40
0
 40
0
 40
0
 40
1
 40
1
 40
1
 40
1
 10
32.544746
 20
276.179248
 30
0.0
 10
32.351150
 20
276.034862
 30
0.0
 10
32.158159
 20
275.890140
 30
0.0
 10
31.964530
 20
275.745818
 30
0.0
  0
SPLINE
  5
4de
100
AcDbEntity
  8
0
 62
7
100
AcDbSpline
 70
8
 71
3
 72
8
 73
4
 74
0
 40
0
 40
0
 40
0
 40
0
 40
1
 40
1
 40
1
 40
1
 10
31.964530
 20
275.745818
 30
0.0
 10
31.976319
 20
276.085790
 30
0.0
 10
31.987403
 20
276.426160
 30
0.0
 10
31.997412
 20
276.766132
 30
0.0
  0
LINE
  5
4df
100
AcDbEntity
  8
0
 62
7
100
AcDbLine
 10
31.997412
 20
276.766132
 30
0.0
 11
31.997412
 21
276.766132
 31
0.0
  0
LINE
  5
4e0
100
AcDbEntity
  8
0
 62
7
100
AcDbLine
 10
32.545317
 20
277.058661
 30
0.0
 11
32.545317
 21
276.790525
 31
0.0
  0
SPLINE
  5
4e1
100
AcDbEntity
  8
0
 62
7
100
AcDbSpline
 70
8
 71
3
 72
8
 73
4
 74
0
 40
0
 40
0
 40
0
 40
0
 40
1
 40
1
 40
1
 40
1
 10
32.545317
 20
276.790525
 30
0.0
 10
32.411976
 20
276.880142
 30
0.0
 10
32.279241
 20
276.970094
 30
0.0
 10
32.145867
 20
277.058661
 30
0.0
  0
LINE
  5
4e2
100
AcDbEntity
  8
0
 62
7
100
AcDbLine
 10
32.145867
 20
277.058661
 30
0.0
 11
32.545317
 21
277.058661
 31
0.0
  0
LINE
  5
4e3
100
AcDbEntity
  8
0
 62
7
100
AcDbLine
 10
32.545317
 20
277.058661
 30
0.0
 11
32.545317
 21
277.058661
 31
0.0
  0
LINE
  5
4e4
100
AcDbEntity
  8
0
 62
7
100
AcDbLine
 10
32.545317
 20
277.406694
 30
0.0
 11
32.545317
 21
277.295456
 31
0.0
  0
LINE
  5
4e5
100
AcDbEntity
  8
0
 62
7
100
AcDbLine
 10
32.545317
 20
277.295456
 30
0.0
 11
32.374023
 21
277.295456
 31
0.0
  0
SPLINE
  5
4e6
100
AcDbEntity
  8
0
 62
7
100
AcDbSpline
 70
8
 71
3
 72
8
 73
4
 74
0
 40
0
 40
0
 40
0
 40
0
 40
1
 40
1
 40
1
 40
1
 10
32.374023
 20
277.295456
 30
0.0
 10
32.430953
 20
277.332759
 30
0.0
 10
32.487849
 20
277.369391
 30
0.0
 10
32.545317
 20
277.406694
 30
0.0
  0
LINE
  5
4e7
100
AcDbEntity
  8
0
 62
7
100
AcDbLine
 10
32.545317
 20
277.406694
 30
0.0
 11
32.545317
 21
277.406694
 31
0.0
  0
SPLINE
  5
4e8
100
AcDbEntity
  8
0
 62
7
100
AcDbSpline
 70
8
 71
3
 72
8
 73
4
 74
0
 40
0
 40
0
 40
0
 40
0
 40
1
 40
1
 40
1
 40
1
 10
32.545317
 20
277.789911
 30
0.0
 10
32.369052
 20
277.675544
 30
0.0
 10
32.193291
 20
277.561156
 30
0.0
 10
32.016993
 20
277.447147
 30
0.0
  0
SPLINE
  5
4e9
100
AcDbEntity
  8
0
 62
7
100
AcDbSpline
 70
8
 71
3
 72
8
 73
4
 74
0
 40
0
 40
0
 40
0
 40
0
 40
1
 40
1
 40
1
 40
1
 10
32.016993
 20
277.447147
 30
0.0
 10
32.025894
 20
277.785355
 30
0.0
 10
32.034291
 20
278.123606
 30
0.0
 10
32.041545
 20
278.461856
 30
0.0
  0
SPLINE
  5
4ea
100
AcDbEntity
  8
0
 62
7
100
AcDbSpline
 70
8
 71
3
 72
8
 73
4
 74
0
 40
0
 40
0
 40
0
 40
0
 40
1
 40
1
 40
1
 40
1
 10
32.041545
 20
278.461856
 30
0.0
 10
32.209447
 20
278.341192
 30
0.0
 10
32.377415
 20
278.220570
 30
0.0
 10
32.545317
 20
278.099213
 30
0.0
  0
LINE
  5
4eb
100
AcDbEntity
  8
0
 62
7
100
AcDbLine
 10
32.545317
 20
278.099213
 30
0.0
 11
32.545317
 21
277.790267
 31
0.0
  0
LINE
  5
4ec
100
AcDbEntity
  8
0
 62
7
100
AcDbLine
 10
32.545317
 20
277.790267
 30
0.0
 11
32.545317
 21
277.789911
 31
0.0
  0
LINE
  5
4ed
100
AcDbEntity
  8
0
 62
7
100
AcDbLine
 10
32.545888
 20
278.697937
 30
0.0
 11
32.545888
 21
278.510706
 31
0.0
  0
SPLINE
  5
4ee
100
AcDbEntity
  8
0
 62
7
100
AcDbSpline
 70
8
 71
3
 72
8
 73
4
 74
0
 40
0
 40
0
 40
0
 40
0
 40
1
 40
1
 40
1
 40
1
 10
32.545888
 20
278.510706
 30
0.0
 10
32.458797
 20
278.573452
 30
0.0
 10
32.372344
 20
278.635191
 30
0.0
 10
32.286395
 20
278.697937
 30
0.0
  0
LINE
  5
4ef
100
AcDbEntity
  8
0
 62
7
100
AcDbLine
 10
32.286395
 20
278.697937
 30
0.0
 11
32.545888
 21
278.697937
 31
0.0
  0
LINE
  5
4f0
100
AcDbEntity
  8
0
 62
7
100
AcDbLine
 10
32.545888
 20
278.697937
 30
0.0
 11
32.545888
 21
278.697937
 31
0.0
  0
LINE
  5
4f1
100
AcDbEntity
  8
0
 62
7
100
AcDbLine
 10
32.545888
 20
279.134516
 30
0.0
 11
32.545888
 21
278.933661
 31
0.0
  0
LINE
  5
4f2
100
AcDbEntity
  8
0
 62
7
100
AcDbLine
 10
32.545888
 20
278.933661
 30
0.0
 11
32.220060
 21
278.933661
 31
0.0
  0
SPLINE
  5
4f3
100
AcDbEntity
  8
0
 62
7
100
AcDbSpline
 70
8
 71
3
 72
8
 73
4
 74
0
 40
0
 40
0
 40
0
 40
0
 40
1
 40
1
 40
1
 40
1
 10
32.220060
 20
278.933661
 30
0.0
 10
32.328278
 20
279.001319
 30
0.0
 10
32.437099
 20
279.067949
 30
0.0
 10
32.545888
 20
279.134516
 30
0.0
  0
LINE
  5
4f4
100
AcDbEntity
  8
0
 62
7
100
AcDbLine
 10
32.545888
 20
279.134516
 30
0.0
 11
32.545888
 21
279.134516
 31
0.0
  0
SPLINE
  5
4f5
100
AcDbEntity
  8
0
 62
7
100
AcDbSpline
 70
8
 71
3
 72
8
 73
4
 74
0
 40
0
 40
0
 40
0
 40
0
 40
1
 40
1
 40
1
 40
1
 10
32.545586
 20
279.506753
 30
0.0
 10
32.382756
 20
279.406052
 30
0.0
 10
32.219926
 20
279.306024
 30
0.0
 10
32.057163
 20
279.206016
 30
0.0
  0
SPLINE
  5
4f6
100
AcDbEntity
  8
0
 62
7
100
AcDbSpline
 70
8
 71
3
 72
8
 73
4
 74
0
 40
0
 40
0
 40
0
 40
0
 40
1
 40
1
 40
1
 40
1
 10
32.057163
 20
279.206016
 30
0.0
 10
32.062168
 20
279.461577
 30
0.0
 10
32.066635
 20
279.716530
 30
0.0
 10
32.070565
 20
279.972092
 30
0.0
  0
SPLINE
  5
4f7
100
AcDbEntity
  8
0
 62
7
100
AcDbSpline
 70
8
 71
3
 72
8
 73
4
 74
0
 40
0
 40
0
 40
0
 40
0
 40
1
 40
1
 40
1
 40
1
 10
32.070565
 20
279.972092
 30
0.0
 10
32.228961
 20
279.873070
 30
0.0
 10
32.387962
 20
279.773692
 30
0.0
 10
32.545888
 20
279.674314
 30
0.0
  0
SPLINE
  5
4f8
100
AcDbEntity
  8
0
 62
7
100
AcDbSpline
 70
8
 71
3
 72
8
 73
4
 74
0
 40
0
 40
0
 40
0
 40
0
 40
1
 40
1
 40
1
 40
1
 10
32.545888
 20
279.674314
 30
0.0
 10
32.545888
 20
279.618873
 30
0.0
 10
32.545317
 20
279.562383
 30
0.0
 10
32.545586
 20
279.506753
 30
0.0
  0
LINE
  5
4f9
100
AcDbEntity
  8
0
 62
7
100
AcDbLine
 10
32.545586
 20
279.506753
 30
0.0
 11
32.545586
 21
279.506753
 31
0.0
  0
LINE
  5
4fa
100
AcDbEntity
  8
0
 62
7
100
AcDbLine
 10
32.546459
 20
280.253873
 30
0.0
 11
32.546459
 21
280.049868
 31
0.0
  0
SPLINE
  5
4fb
100
AcDbEntity
  8
0
 62
7
100
AcDbSpline
 70
8
 71
3
 72
8
 73
4
 74
0
 40
0
 40
0
 40
0
 40
0
 40
1
 40
1
 40
1
 40
1
 10
32.546459
 20
280.049868
 30
0.0
 10
32.437738
 20
280.118220
 30
0.0
 10
32.329453
 20
280.185542
 30
0.0
 10
32.220665
 20
280.253873
 30
0.0
  0
LINE
  5
4fc
100
AcDbEntity
  8
0
 62
7
100
AcDbLine
 10
32.220665
 20
280.253873
 30
0.0
 11
32.546459
 21
280.253873
 31
0.0
  0
LINE
  5
4fd
100
AcDbEntity
  8
0
 62
7
100
AcDbLine
 10
32.546459
 20
280.253873
 30
0.0
 11
32.546459
 21
280.253873
 31
0.0
  0
LINE
  5
4fe
100
AcDbEntity
  8
0
 62
7
100
AcDbLine
 10
34.719504
 20
275.409666
 30
0.0
 11
35.676902
 21
275.409666
 31
0.0
  0
LINE
  5
4ff
100
AcDbEntity
  8
0
 62
7
100
AcDbLine
 10
35.676902
 20
275.409666
 30
0.0
 11
35.683048
 21
275.404775
 31
0.0
  0
SPLINE
  5
500
100
AcDbEntity
  8
0
 62
7
100
AcDbSpline
 70
8
 71
3
 72
8
 73
4
 74
0
 40
0
 40
0
 40
0
 40
0
 40
1
 40
1
 40
1
 40
1
 10
35.683048
 20
275.404775
 30
0.0
 10
35.362762
 20
275.146737
 30
0.0
 10
35.043081
 20
274.888677
 30
0.0
 10
34.722292
 20
274.630659
 30
0.0
  0
SPLINE
  5
501
100
AcDbEntity
  8
0
 62
7
100
AcDbSpline
 70
8
 71
3
 72
8
 73
4
 74
0
 40
0
 40
0
 40
0
 40
0
 40
1
 40
1
 40
1
 40
1
 10
34.722292
 20
274.630659
 30
0.0
 10
34.721183
 20
274.890419
 30
0.0
 10
34.720075
 20
275.149885
 30
0.0
 10
34.719504
 20
275.409666
 30
0.0
  0
LINE
  5
502
100
AcDbEntity
  8
0
 62
7
100
AcDbLine
 10
34.719504
 20
275.409666
 30
0.0
 11
34.719504
 21
275.409666
 31
0.0
  0
SPLINE
  5
503
100
AcDbEntity
  8
0
 62
7
100
AcDbSpline
 70
8
 71
3
 72
8
 73
4
 74
0
 40
0
 40
0
 40
0
 40
0
 40
1
 40
1
 40
1
 40
1
 10
34.185034
 20
275.409666
 30
0.0
 10
34.185639
 20
275.168716
 30
0.0
 10
34.186713
 20
274.927744
 30
0.0
 10
34.187822
 20
274.686436
 30
0.0
  0
SPLINE
  5
504
100
AcDbEntity
  8
0
 62
7
100
AcDbSpline
 70
8
 71
3
 72
8
 73
4
 74
0
 40
0
 40
0
 40
0
 40
0
 40
1
 40
1
 40
1
 40
1
 10
34.187822
 20
274.686436
 30
0.0
 10
33.890443
 20
274.926358
 30
0.0
 10
33.593097
 20
275.165231
 30
0.0
 10
33.296255
 20
275.404775
 30
0.0
  0
LINE
  5
505
100
AcDbEntity
  8
0
 62
7
100
AcDbLine
 10
33.296255
 20
275.404775
 30
0.0
 11
33.302401
 21
275.409666
 31
0.0
  0
LINE
  5
506
100
AcDbEntity
  8
0
 62
7
100
AcDbLine
 10
33.302401
 20
275.409666
 30
0.0
 11
34.185034
 21
275.409666
 31
0.0
  0
SPLINE
  5
507
100
AcDbEntity
  8
0
 62
7
100
AcDbSpline
 70
8
 71
3
 72
8
 73
4
 74
0
 40
0
 40
0
 40
0
 40
0
 40
1
 40
1
 40
1
 40
1
 10
33.170808
 20
275.085712
 30
0.0
 10
33.401214
 20
274.900916
 30
0.0
 10
33.631050
 20
274.715721
 30
0.0
 10
33.861457
 20
274.529896
 30
0.0
  0
LINE
  5
508
100
AcDbEntity
  8
0
 62
7
100
AcDbLine
 10
33.861457
 20
274.529896
 30
0.0
 11
33.170808
 21
274.529896
 31
0.0
  0
LINE
  5
509
100
AcDbEntity
  8
0
 62
7
100
AcDbLine
 10
33.170808
 20
274.529896
 30
0.0
 11
33.170808
 21
275.085712
 31
0.0
  0
LINE
  5
50a
100
AcDbEntity
  8
0
 62
7
100
AcDbLine
 10
33.170808
 20
275.085712
 30
0.0
 11
33.170808
 21
275.085712
 31
0.0
  0
SPLINE
  5
50b
100
AcDbEntity
  8
0
 62
7
100
AcDbSpline
 70
8
 71
3
 72
8
 73
4
 74
0
 40
0
 40
0
 40
0
 40
0
 40
1
 40
1
 40
1
 40
1
 10
36.994150
 20
275.409666
 30
0.0
 10
37.005906
 20
275.192773
 30
0.0
 10
37.018131
 20
274.976236
 30
0.0
 10
37.030424
 20
274.759301
 30
0.0
  0
SPLINE
  5
50c
100
AcDbEntity
  8
0
 62
7
100
AcDbSpline
 70
8
 71
3
 72
8
 73
4
 74
0
 40
0
 40
0
 40
0
 40
0
 40
1
 40
1
 40
1
 40
1
 10
37.030424
 20
274.759301
 30
0.0
 10
36.767673
 20
274.965740
 30
0.0
 10
36.503780
 20
275.172158
 30
0.0
 10
36.240962
 20
275.378619
 30
0.0
  0
LINE
  5
50d
100
AcDbEntity
  8
0
 62
7
100
AcDbLine
 10
36.240962
 20
275.378619
 30
0.0
 11
36.240962
 21
275.409666
 31
0.0
  0
LINE
  5
50e
100
AcDbEntity
  8
0
 62
7
100
AcDbLine
 10
36.240962
 20
275.409666
 30
0.0
 11
36.994150
 21
275.409666
 31
0.0
  0
SPLINE
  5
50f
100
AcDbEntity
  8
0
 62
7
100
AcDbSpline
 70
8
 71
3
 72
8
 73
4
 74
0
 40
0
 40
0
 40
0
 40
0
 40
1
 40
1
 40
1
 40
1
 10
36.240962
 20
274.966811
 30
0.0
 10
36.426765
 20
274.821396
 30
0.0
 10
36.612501
 20
274.675289
 30
0.0
 10
36.797229
 20
274.530232
 30
0.0
  0
LINE
  5
510
100
AcDbEntity
  8
0
 62
7
100
AcDbLine
 10
36.797229
 20
274.530232
 30
0.0
 11
36.240962
 21
274.530232
 31
0.0
  0
SPLINE
  5
511
100
AcDbEntity
  8
0
 62
7
100
AcDbSpline
 70
8
 71
3
 72
8
 73
4
 74
0
 40
0
 40
0
 40
0
 40
0
 40
1
 40
1
 40
1
 40
1
 10
36.240962
 20
274.530232
 30
0.0
 10
36.240424
 20
274.675667
 30
0.0
 10
36.240424
 20
274.821753
 30
0.0
 10
36.240424
 20
274.966811
 30
0.0
  0
LINE
  5
512
100
AcDbEntity
  8
0
 62
7
100
AcDbLine
 10
36.240424
 20
274.966811
 30
0.0
 11
36.240962
 21
274.966811
 31
0.0
  0
LINE
  5
513
100
AcDbEntity
  8
0
 62
7
100
AcDbLine
 10
35.115629
 20
274.294151
 30
0.0
 11
35.809134
 21
274.294151
 31
0.0
  0
SPLINE
  5
514
100
AcDbEntity
  8
0
 62
7
100
AcDbSpline
 70
8
 71
3
 72
8
 73
4
 74
0
 40
0
 40
0
 40
0
 40
0
 40
1
 40
1
 40
1
 40
1
 10
35.809134
 20
274.294151
 30
0.0
 10
35.809134
 20
274.104464
 30
0.0
 10
35.809671
 20
273.915427
 30
0.0
 10
35.809671
 20
273.726454
 30
0.0
  0
SPLINE
  5
515
100
AcDbEntity
  8
0
 62
7
100
AcDbSpline
 70
8
 71
3
 72
8
 73
4
 74
0
 40
0
 40
0
 40
0
 40
0
 40
1
 40
1
 40
1
 40
1
 10
35.809671
 20
273.726454
 30
0.0
 10
35.578156
 20
273.915427
 30
0.0
 10
35.346607
 20
274.104464
 30
0.0
 10
35.115629
 20
274.294151
 30
0.0
  0
LINE
  5
516
100
AcDbEntity
  8
0
 62
7
100
AcDbLine
 10
35.115629
 20
274.294151
 30
0.0
 11
35.115629
 21
274.294151
 31
0.0
  0
LINE
  5
517
100
AcDbEntity
  8
0
 62
7
100
AcDbLine
 10
34.730655
 20
272.401141
 30
0.0
 11
34.730655
 21
272.401141
 31
0.0
  0
LINE
  5
518
100
AcDbEntity
  8
0
 62
7
100
AcDbLine
 10
34.730655
 20
272.401141
 30
0.0
 11
34.730655
 21
272.401141
 31
0.0
  0
SPLINE
  5
519
100
AcDbEntity
  8
0
 62
7
100
AcDbSpline
 70
8
 71
3
 72
8
 73
4
 74
0
 40
0
 40
0
 40
0
 40
0
 40
1
 40
1
 40
1
 40
1
 10
34.723971
 20
274.189189
 30
0.0
 10
35.082714
 20
273.896282
 30
0.0
 10
35.440315
 20
273.604068
 30
0.0
 10
35.798486
 20
273.311161
 30
0.0
  0
SPLINE
  5
51a
100
AcDbEntity
  8
0
 62
7
100
AcDbSpline
 70
8
 71
3
 72
8
 73
4
 74
0
 40
0
 40
0
 40
0
 40
0
 40
1
 40
1
 40
1
 40
1
 10
35.798486
 20
273.311161
 30
0.0
 10
35.442229
 20
273.007905
 30
0.0
 10
35.086912
 20
272.704061
 30
0.0
 10
34.730655
 20
272.401141
 30
0.0
  0
SPLINE
  5
51b
100
AcDbEntity
  8
0
 62
7
100
AcDbSpline
 70
8
 71
3
 72
8
 73
4
 74
0
 40
0
 40
0
 40
0
 40
0
 40
1
 40
1
 40
1
 40
1
 10
34.730655
 20
272.401141
 30
0.0
 10
34.728438
 20
272.997304
 30
0.0
 10
34.726188
 20
273.593404
 30
0.0
 10
34.723971
 20
274.189189
 30
0.0
  0
LINE
  5
51c
100
AcDbEntity
  8
0
 62
7
100
AcDbLine
 10
34.723971
 20
274.189189
 30
0.0
 11
34.723971
 21
274.189189
 31
0.0
  0
SPLINE
  5
51d
100
AcDbEntity
  8
0
 62
7
100
AcDbSpline
 70
8
 71
3
 72
8
 73
4
 74
0
 40
0
 40
0
 40
0
 40
0
 40
1
 40
1
 40
1
 40
1
 10
34.190610
 20
274.136204
 30
0.0
 10
34.192255
 20
273.572369
 30
0.0
 10
34.194506
 20
273.008829
 30
0.0
 10
34.196722
 20
272.444994
 30
0.0
  0
SPLINE
  5
51e
100
AcDbEntity
  8
0
 62
7
100
AcDbSpline
 70
8
 71
3
 72
8
 73
4
 74
0
 40
0
 40
0
 40
0
 40
0
 40
1
 40
1
 40
1
 40
1
 10
34.196722
 20
272.444994
 30
0.0
 10
33.858065
 20
272.734080
 30
0.0
 10
33.519474
 20
273.022117
 30
0.0
 10
33.180816
 20
273.311161
 30
0.0
  0
SPLINE
  5
51f
100
AcDbEntity
  8
0
 62
7
100
AcDbSpline
 70
8
 71
3
 72
8
 73
4
 74
0
 40
0
 40
0
 40
0
 40
0
 40
1
 40
1
 40
1
 40
1
 10
33.180816
 20
273.311161
 30
0.0
 10
33.517257
 20
273.585952
 30
0.0
 10
33.853665
 20
273.860364
 30
0.0
 10
34.190610
 20
274.136204
 30
0.0
  0
LINE
  5
520
100
AcDbEntity
  8
0
 62
7
100
AcDbLine
 10
34.190610
 20
274.136204
 30
0.0
 11
34.190610
 21
274.136204
 31
0.0
  0
SPLINE
  5
521
100
AcDbEntity
  8
0
 62
7
100
AcDbSpline
 70
8
 71
3
 72
8
 73
4
 74
0
 40
0
 40
0
 40
0
 40
0
 40
1
 40
1
 40
1
 40
1
 10
33.170203
 20
272.883315
 30
0.0
 10
33.372733
 20
272.710338
 30
0.0
 10
33.576371
 20
272.537024
 30
0.0
 10
33.778900
 20
272.363375
 30
0.0
  0
LINE
  5
522
100
AcDbEntity
  8
0
 62
7
100
AcDbLine
 10
33.778900
 20
272.363375
 30
0.0
 11
33.169666
 21
272.363375
 31
0.0
  0
SPLINE
  5
523
100
AcDbEntity
  8
0
 62
7
100
AcDbSpline
 70
8
 71
3
 72
8
 73
4
 74
0
 40
0
 40
0
 40
0
 40
0
 40
1
 40
1
 40
1
 40
1
 10
33.169666
 20
272.363375
 30
0.0
 10
33.169666
 20
272.537360
 30
0.0
 10
33.170203
 20
272.710338
 30
0.0
 10
33.170203
 20
272.883315
 30
0.0
  0
LINE
  5
524
100
AcDbEntity
  8
0
 62
7
100
AcDbLine
 10
33.170203
 20
272.883315
 30
0.0
 11
33.170203
 21
272.883315
 31
0.0
  0
LINE
  5
525
100
AcDbEntity
  8
0
 62
7
100
AcDbLine
 10
33.170808
 20
274.294151
 30
0.0
 11
33.864245
 21
274.294151
 31
0.0
  0
SPLINE
  5
526
100
AcDbEntity
  8
0
 62
7
100
AcDbSpline
 70
8
 71
3
 72
8
 73
4
 74
0
 40
0
 40
0
 40
0
 40
0
 40
1
 40
1
 40
1
 40
1
 10
33.864245
 20
274.294151
 30
0.0
 10
33.633267
 20
274.104464
 30
0.0
 10
33.401718
 20
273.915427
 30
0.0
 10
33.170203
 20
273.726454
 30
0.0
  0
SPLINE
  5
527
100
AcDbEntity
  8
0
 62
7
100
AcDbSpline
 70
8
 71
3
 72
8
 73
4
 74
0
 40
0
 40
0
 40
0
 40
0
 40
1
 40
1
 40
1
 40
1
 10
33.170203
 20
273.726454
 30
0.0
 10
33.170203
 20
273.915427
 30
0.0
 10
33.170808
 20
274.104464
 30
0.0
 10
33.170808
 20
274.294151
 30
0.0
  0
LINE
  5
528
100
AcDbEntity
  8
0
 62
7
100
AcDbLine
 10
33.170808
 20
274.294151
 30
0.0
 11
33.170808
 21
274.294151
 31
0.0
  0
LINE
  5
529
100
AcDbEntity
  8
0
 62
7
100
AcDbLine
 10
32.738375
 20
274.294172
 30
0.0
 11
32.738375
 21
273.689171
 31
0.0
  0
SPLINE
  5
52a
100
AcDbEntity
  8
0
 62
7
100
AcDbSpline
 70
8
 71
3
 72
8
 73
4
 74
0
 40
0
 40
0
 40
0
 40
0
 40
1
 40
1
 40
1
 40
1
 10
32.738375
 20
273.689171
 30
0.0
 10
32.501788
 20
273.890740
 30
0.0
 10
32.265839
 20
274.092624
 30
0.0
 10
32.029286
 20
274.294172
 30
0.0
  0
LINE
  5
52b
100
AcDbEntity
  8
0
 62
7
100
AcDbLine
 10
32.029286
 20
274.294172
 30
0.0
 11
32.738375
 21
274.294172
 31
0.0
  0
LINE
  5
52c
100
AcDbEntity
  8
0
 62
7
100
AcDbLine
 10
32.738375
 20
274.294172
 30
0.0
 11
32.738375
 21
274.294172
 31
0.0
  0
SPLINE
  5
52d
100
AcDbEntity
  8
0
 62
7
100
AcDbSpline
 70
8
 71
3
 72
8
 73
4
 74
0
 40
0
 40
0
 40
0
 40
0
 40
1
 40
1
 40
1
 40
1
 10
32.664719
 20
273.313617
 30
0.0
 10
32.380741
 20
273.081756
 30
0.0
 10
32.097300
 20
272.849832
 30
0.0
 10
31.812818
 20
272.618307
 30
0.0
  0
SPLINE
  5
52e
100
AcDbEntity
  8
0
 62
7
100
AcDbSpline
 70
8
 71
3
 72
8
 73
4
 74
0
 40
0
 40
0
 40
0
 40
0
 40
1
 40
1
 40
1
 40
1
 10
31.812818
 20
272.618307
 30
0.0
 10
31.843483
 20
273.067796
 30
0.0
 10
31.872502
 20
273.517978
 30
0.0
 10
31.899842
 20
273.967069
 30
0.0
  0
SPLINE
  5
52f
100
AcDbEntity
  8
0
 62
7
100
AcDbSpline
 70
8
 71
3
 72
8
 73
4
 74
0
 40
0
 40
0
 40
0
 40
0
 40
1
 40
1
 40
1
 40
1
 10
31.899842
 20
273.967069
 30
0.0
 10
32.154801
 20
273.749503
 30
0.0
 10
32.410297
 20
273.531896
 30
0.0
 10
32.664719
 20
273.313617
 30
0.0
  0
LINE
  5
530
100
AcDbEntity
  8
0
 62
7
100
AcDbLine
 10
32.664719
 20
273.313617
 30
0.0
 11
32.664719
 21
273.313617
 31
0.0
  0
SPLINE
  5
531
100
AcDbEntity
  8
0
 62
7
100
AcDbSpline
 70
8
 71
3
 72
8
 73
4
 74
0
 40
0
 40
0
 40
0
 40
0
 40
1
 40
1
 40
1
 40
1
 10
32.737804
 20
272.127652
 30
0.0
 10
32.737804
 20
271.906916
 30
0.0
 10
32.737804
 20
271.686895
 30
0.0
 10
32.737267
 20
271.467210
 30
0.0
  0
SPLINE
  5
532
100
AcDbEntity
  8
0
 62
7
100
AcDbSpline
 70
8
 71
3
 72
8
 73
4
 74
0
 40
0
 40
0
 40
0
 40
0
 40
1
 40
1
 40
1
 40
1
 10
32.737267
 20
271.467210
 30
0.0
 10
32.463365
 20
271.687252
 30
0.0
 10
32.188858
 20
271.906916
 30
0.0
 10
31.914855
 20
272.127652
 30
0.0
  0
LINE
  5
533
100
AcDbEntity
  8
0
 62
7
100
AcDbLine
 10
31.914855
 20
272.127652
 30
0.0
 11
32.737804
 21
272.127652
 31
0.0
  0
LINE
  5
534
100
AcDbEntity
  8
0
 62
7
100
AcDbLine
 10
32.737804
 20
272.127652
 30
0.0
 11
32.737804
 21
272.127652
 31
0.0
  0
LINE
  5
535
100
AcDbEntity
  8
0
 62
7
100
AcDbLine
 10
35.809134
 20
275.085712
 30
0.0
 11
35.809134
 21
274.529896
 31
0.0
  0
LINE
  5
536
100
AcDbEntity
  8
0
 62
7
100
AcDbLine
 10
35.809134
 20
274.529896
 30
0.0
 11
35.118450
 21
274.529896
 31
0.0
  0
SPLINE
  5
537
100
AcDbEntity
  8
0
 62
7
100
AcDbSpline
 70
8
 71
3
 72
8
 73
4
 74
0
 40
0
 40
0
 40
0
 40
0
 40
1
 40
1
 40
1
 40
1
 10
35.118450
 20
274.529896
 30
0.0
 10
35.348857
 20
274.715763
 30
0.0
 10
35.578693
 20
274.900580
 30
0.0
 10
35.809134
 20
275.085712
 30
0.0
  0
LINE
  5
538
100
AcDbEntity
  8
0
 62
7
100
AcDbLine
 10
35.809134
 20
275.085712
 30
0.0
 11
35.809134
 21
275.085712
 31
0.0
  0
LINE
  5
539
100
AcDbEntity
  8
0
 62
7
100
AcDbLine
 10
32.737804
 20
272.949903
 30
0.0
 11
32.737804
 21
272.363375
 31
0.0
  0
LINE
  5
53a
100
AcDbEntity
  8
0
 62
7
100
AcDbLine
 10
32.737804
 20
272.363375
 30
0.0
 11
32.020352
 21
272.363375
 31
0.0
  0
SPLINE
  5
53b
100
AcDbEntity
  8
0
 62
7
100
AcDbSpline
 70
8
 71
3
 72
8
 73
4
 74
0
 40
0
 40
0
 40
0
 40
0
 40
1
 40
1
 40
1
 40
1
 10
32.020352
 20
272.363375
 30
0.0
 10
32.259693
 20
272.558667
 30
0.0
 10
32.499034
 20
272.754611
 30
0.0
 10
32.737804
 20
272.949903
 30
0.0
  0
LINE
  5
53c
100
AcDbEntity
  8
0
 62
7
100
AcDbLine
 10
32.737804
 20
272.949903
 30
0.0
 11
32.737804
 21
272.949903
 31
0.0
  0
LINE
  5
53d
100
AcDbEntity
  8
0
 62
7
100
AcDbLine
 10
32.738946
 20
274.966475
 30
0.0
 11
32.738946
 21
274.529896
 31
0.0
  0
LINE
  5
53e
100
AcDbEntity
  8
0
 62
7
100
AcDbLine
 10
32.738946
 20
274.529896
 30
0.0
 11
32.182678
 21
274.529896
 31
0.0
  0
SPLINE
  5
53f
100
AcDbEntity
  8
0
 62
7
100
AcDbSpline
 70
8
 71
3
 72
8
 73
4
 74
0
 40
0
 40
0
 40
0
 40
0
 40
1
 40
1
 40
1
 40
1
 10
32.182678
 20
274.529896
 30
0.0
 10
32.368481
 20
274.675289
 30
0.0
 10
32.553143
 20
274.821396
 30
0.0
 10
32.738946
 20
274.966475
 30
0.0
  0
LINE
  5
540
100
AcDbEntity
  8
0
 62
7
100
AcDbLine
 10
32.738946
 20
274.966475
 30
0.0
 11
32.738946
 21
274.966475
 31
0.0
  0
LINE
  5
541
100
AcDbEntity
  8
0
 62
7
100
AcDbLine
 10
36.241533
 20
274.294529
 30
0.0
 11
36.951259
 21
274.294529
 31
0.0
  0
SPLINE
  5
542
100
AcDbEntity
  8
0
 62
7
100
AcDbSpline
 70
8
 71
3
 72
8
 73
4
 74
0
 40
0
 40
0
 40
0
 40
0
 40
1
 40
1
 40
1
 40
1
 10
36.951259
 20
274.294529
 30
0.0
 10
36.714639
 20
274.092981
 30
0.0
 10
36.478119
 20
273.891076
 30
0.0
 10
36.241533
 20
273.689507
 30
0.0
  0
LINE
  5
543
100
AcDbEntity
  8
0
 62
7
100
AcDbLine
 10
36.241533
 20
273.689507
 30
0.0
 11
36.241533
 21
274.294529
 31
0.0
  0
LINE
  5
544
100
AcDbEntity
  8
0
 62
7
100
AcDbLine
 10
36.241533
 20
274.294529
 30
0.0
 11
36.241533
 21
274.294529
 31
0.0
  0
LINE
  5
545
100
AcDbEntity
  8
0
 62
7
100
AcDbLine
 10
33.169666
 20
272.127631
 30
0.0
 11
33.956340
 21
272.127631
 31
0.0
  0
SPLINE
  5
546
100
AcDbEntity
  8
0
 62
7
100
AcDbSpline
 70
8
 71
3
 72
8
 73
4
 74
0
 40
0
 40
0
 40
0
 40
0
 40
1
 40
1
 40
1
 40
1
 10
33.956340
 20
272.127631
 30
0.0
 10
33.694127
 20
271.925054
 30
0.0
 10
33.431342
 20
271.722771
 30
0.0
 10
33.169666
 20
271.520194
 30
0.0
  0
LINE
  5
547
100
AcDbEntity
  8
0
 62
7
100
AcDbLine
 10
33.169666
 20
271.520194
 30
0.0
 11
33.169666
 21
272.127631
 31
0.0
  0
LINE
  5
548
100
AcDbEntity
  8
0
 62
7
100
AcDbLine
 10
33.169666
 20
272.127631
 30
0.0
 11
33.169666
 21
272.127631
 31
0.0
  0
SPLINE
  5
549
100
AcDbEntity
  8
0
 62
7
100
AcDbSpline
 70
8
 71
3
 72
8
 73
4
 74
0
 40
0
 40
0
 40
0
 40
0
 40
1
 40
1
 40
1
 40
1
 10
37.077211
 20
273.964277
 30
0.0
 10
37.095045
 20
273.663330
 30
0.0
 10
37.114022
 20
273.362424
 30
0.0
 10
37.133032
 20
273.061477
 30
0.0
  0
SPLINE
  5
54a
100
AcDbEntity
  8
0
 62
7
100
AcDbSpline
 70
8
 71
3
 72
8
 73
4
 74
0
 40
0
 40
0
 40
0
 40
0
 40
1
 40
1
 40
1
 40
1
 10
37.133032
 20
273.061477
 30
0.0
 10
37.142504
 20
272.915391
 30
0.0
 10
37.152614
 20
272.769284
 30
0.0
 10
37.162051
 20
272.622442
 30
0.0
  0
SPLINE
  5
54b
100
AcDbEntity
  8
0
 62
7
100
AcDbSpline
 70
8
 71
3
 72
8
 73
4
 74
0
 40
0
 40
0
 40
0
 40
0
 40
1
 40
1
 40
1
 40
1
 10
37.162051
 20
272.622442
 30
0.0
 10
36.879753
 20
272.853296
 30
0.0
 10
36.597488
 20
273.083792
 30
0.0
 10
36.315122
 20
273.313911
 30
0.0
  0
SPLINE
  5
54c
100
AcDbEntity
  8
0
 62
7
100
AcDbSpline
 70
8
 71
3
 72
8
 73
4
 74
0
 40
0
 40
0
 40
0
 40
0
 40
1
 40
1
 40
1
 40
1
 10
36.315122
 20
273.313911
 30
0.0
 10
36.569006
 20
273.530469
 30
0.0
 10
36.822856
 20
273.747341
 30
0.0
 10
37.077211
 20
273.964277
 30
0.0
  0
LINE
  5
54d
100
AcDbEntity
  8
0
 62
7
100
AcDbLine
 10
37.077211
 20
273.964277
 30
0.0
 11
37.077211
 21
273.964277
 31
0.0
  0
SPLINE
  5
54e
100
AcDbEntity
  8
0
 62
7
100
AcDbSpline
 70
8
 71
3
 72
8
 73
4
 74
0
 40
0
 40
0
 40
0
 40
0
 40
1
 40
1
 40
1
 40
1
 10
36.242104
 20
272.950239
 30
0.0
 10
36.480907
 20
272.754946
 30
0.0
 10
36.720248
 20
272.559024
 30
0.0
 10
36.959589
 20
272.363711
 30
0.0
  0
LINE
  5
54f
100
AcDbEntity
  8
0
 62
7
100
AcDbLine
 10
36.959589
 20
272.363711
 30
0.0
 11
36.242104
 21
272.363711
 31
0.0
  0
LINE
  5
550
100
AcDbEntity
  8
0
 62
7
100
AcDbLine
 10
36.242104
 20
272.363711
 30
0.0
 11
36.242104
 21
272.950239
 31
0.0
  0
LINE
  5
551
100
AcDbEntity
  8
0
 62
7
100
AcDbLine
 10
36.242104
 20
272.950239
 30
0.0
 11
36.242104
 21
272.950239
 31
0.0
  0
SPLINE
  5
552
100
AcDbEntity
  8
0
 62
7
100
AcDbSpline
 70
8
 71
3
 72
8
 73
4
 74
0
 40
0
 40
0
 40
0
 40
0
 40
1
 40
1
 40
1
 40
1
 10
35.809134
 20
272.883315
 30
0.0
 10
35.809134
 20
272.710338
 30
0.0
 10
35.809671
 20
272.537024
 30
0.0
 10
35.809671
 20
272.363375
 30
0.0
  0
LINE
  5
553
100
AcDbEntity
  8
0
 62
7
100
AcDbLine
 10
35.809671
 20
272.363375
 30
0.0
 11
35.200470
 21
272.363375
 31
0.0
  0
SPLINE
  5
554
100
AcDbEntity
  8
0
 62
7
100
AcDbSpline
 70
8
 71
3
 72
8
 73
4
 74
0
 40
0
 40
0
 40
0
 40
0
 40
1
 40
1
 40
1
 40
1
 10
35.200470
 20
272.363375
 30
0.0
 10
35.403000
 20
272.537360
 30
0.0
 10
35.606604
 20
272.710338
 30
0.0
 10
35.809134
 20
272.883315
 30
0.0
  0
LINE
  5
555
100
AcDbEntity
  8
0
 62
7
100
AcDbLine
 10
35.809134
 20
272.883315
 30
0.0
 11
35.809134
 21
272.883315
 31
0.0
  0
LINE
  5
556
100
AcDbEntity
  8
0
 62
7
100
AcDbLine
 10
35.023567
 20
272.127652
 30
0.0
 11
35.810242
 21
272.127652
 31
0.0
  0
LINE
  5
557
100
AcDbEntity
  8
0
 62
7
100
AcDbLine
 10
35.810242
 20
272.127652
 30
0.0
 11
35.810242
 21
271.520215
 31
0.0
  0
SPLINE
  5
558
100
AcDbEntity
  8
0
 62
7
100
AcDbSpline
 70
8
 71
3
 72
8
 73
4
 74
0
 40
0
 40
0
 40
0
 40
0
 40
1
 40
1
 40
1
 40
1
 10
35.810242
 20
271.520215
 30
0.0
 10
35.548599
 20
271.722477
 30
0.0
 10
35.285781
 20
271.925075
 30
0.0
 10
35.023567
 20
272.127652
 30
0.0
  0
LINE
  5
559
100
AcDbEntity
  8
0
 62
7
100
AcDbLine
 10
35.023567
 20
272.127652
 30
0.0
 11
35.023567
 21
272.127652
 31
0.0
  0
LINE
  5
55a
100
AcDbEntity
  8
0
 62
7
100
AcDbLine
 10
32.738375
 20
275.409309
 30
0.0
 11
32.738375
 21
275.378619
 31
0.0
  0
SPLINE
  5
55b
100
AcDbEntity
  8
0
 62
7
100
AcDbSpline
 70
8
 71
3
 72
8
 73
4
 74
0
 40
0
 40
0
 40
0
 40
0
 40
1
 40
1
 40
1
 40
1
 10
32.738375
 20
275.378619
 30
0.0
 10
32.474482
 20
275.171487
 30
0.0
 10
32.210051
 20
274.964355
 30
0.0
 10
31.946125
 20
274.756887
 30
0.0
  0
SPLINE
  5
55c
100
AcDbEntity
  8
0
 62
7
100
AcDbSpline
 70
8
 71
3
 72
8
 73
4
 74
0
 40
0
 40
0
 40
0
 40
0
 40
1
 40
1
 40
1
 40
1
 10
31.946125
 20
274.756887
 30
0.0
 10
31.958384
 20
274.974452
 30
0.0
 10
31.970643
 20
275.192080
 30
0.0
 10
31.982399
 20
275.409309
 30
0.0
  0
LINE
  5
55d
100
AcDbEntity
  8
0
 62
7
100
AcDbLine
 10
31.982399
 20
275.409309
 30
0.0
 11
32.738375
 21
275.409309
 31
0.0
  0
LINE
  5
55e
100
AcDbEntity
  8
0
 62
7
100
AcDbLine
 10
36.242104
 20
272.127652
 30
0.0
 11
37.065590
 21
272.127652
 31
0.0
  0
SPLINE
  5
55f
100
AcDbEntity
  8
0
 62
7
100
AcDbSpline
 70
8
 71
3
 72
8
 73
4
 74
0
 40
0
 40
0
 40
0
 40
0
 40
1
 40
1
 40
1
 40
1
 10
37.065590
 20
272.127652
 30
0.0
 10
36.791688
 20
271.906916
 30
0.0
 10
36.517181
 20
271.686895
 30
0.0
 10
36.243178
 20
271.467210
 30
0.0
  0
LINE
  5
560
100
AcDbEntity
  8
0
 62
7
100
AcDbLine
 10
36.243178
 20
271.467210
 30
0.0
 11
36.242641
 21
271.467210
 31
0.0
  0
SPLINE
  5
561
100
AcDbEntity
  8
0
 62
7
100
AcDbSpline
 70
8
 71
3
 72
8
 73
4
 74
0
 40
0
 40
0
 40
0
 40
0
 40
1
 40
1
 40
1
 40
1
 10
36.242641
 20
271.467210
 30
0.0
 10
36.242641
 20
271.687252
 30
0.0
 10
36.242104
 20
271.906916
 30
0.0
 10
36.242104
 20
272.127652
 30
0.0
  0
LINE
  5
562
100
AcDbEntity
  8
0
 62
7
100
AcDbLine
 10
36.242104
 20
272.127652
 30
0.0
 11
36.242104
 21
272.127652
 31
0.0
  0
SPLINE
  5
563
100
AcDbEntity
  8
0
 62
7
100
AcDbSpline
 70
8
 71
3
 72
8
 73
4
 74
0
 40
0
 40
0
 40
0
 40
0
 40
1
 40
1
 40
1
 40
1
 10
34.216304
 20
267.338928
 30
0.0
 10
34.216304
 20
267.295327
 30
0.0
 10
34.216304
 20
267.251390
 30
0.0
 10
34.216841
 20
267.207789
 30
0.0
  0
LINE
  5
564
100
AcDbEntity
  8
0
 62
7
100
AcDbLine
 10
34.216841
 20
267.207789
 30
0.0
 11
34.216304
 21
267.207789
 31
0.0
  0
LINE
  5
565
100
AcDbEntity
  8
0
 62
7
100
AcDbLine
 10
34.216304
 20
267.207789
 30
0.0
 11
34.041651
 21
267.207789
 31
0.0
  0
SPLINE
  5
566
100
AcDbEntity
  8
0
 62
7
100
AcDbSpline
 70
8
 71
3
 72
8
 73
4
 74
0
 40
0
 40
0
 40
0
 40
0
 40
1
 40
1
 40
1
 40
1
 10
34.041651
 20
267.207789
 30
0.0
 10
34.099723
 20
267.251390
 30
0.0
 10
34.157694
 20
267.295327
 30
0.0
 10
34.216304
 20
267.338928
 30
0.0
  0
LINE
  5
567
100
AcDbEntity
  8
0
 62
7
100
AcDbLine
 10
34.216304
 20
267.338928
 30
0.0
 11
34.216304
 21
267.338928
 31
0.0
  0
SPLINE
  5
568
100
AcDbEntity
  8
0
 62
7
100
AcDbSpline
 70
8
 71
3
 72
8
 73
4
 74
0
 40
0
 40
0
 40
0
 40
0
 40
1
 40
1
 40
1
 40
1
 10
34.732939
 20
271.944241
 30
0.0
 10
34.988469
 20
271.746514
 30
0.0
 10
35.243999
 20
271.548807
 30
0.0
 10
35.500032
 20
271.352150
 30
0.0
  0
LINE
  5
569
100
AcDbEntity
  8
0
 62
7
100
AcDbLine
 10
35.500032
 20
271.352150
 30
0.0
 11
35.500637
 21
271.352150
 31
0.0
  0
SPLINE
  5
56a
100
AcDbEntity
  8
0
 62
7
100
AcDbSpline
 70
8
 71
3
 72
8
 73
4
 74
0
 40
0
 40
0
 40
0
 40
0
 40
1
 40
1
 40
1
 40
1
 10
35.500637
 20
271.352150
 30
0.0
 10
35.602741
 20
271.273681
 30
0.0
 10
35.704779
 20
271.194182
 30
0.0
 10
35.806917
 20
271.115734
 30
0.0
  0
SPLINE
  5
56b
100
AcDbEntity
  8
0
 62
7
100
AcDbSpline
 70
8
 71
3
 72
8
 73
4
 74
0
 40
0
 40
0
 40
0
 40
0
 40
1
 40
1
 40
1
 40
1
 10
35.806917
 20
271.115734
 30
0.0
 10
35.450995
 20
270.829796
 30
0.0
 10
35.095007
 20
270.544216
 30
0.0
 10
34.739085
 20
270.258950
 30
0.0
  0
SPLINE
  5
56c
100
AcDbEntity
  8
0
 62
7
100
AcDbSpline
 70
8
 71
3
 72
8
 73
4
 74
0
 40
0
 40
0
 40
0
 40
0
 40
1
 40
1
 40
1
 40
1
 10
34.739085
 20
270.258950
 30
0.0
 10
34.737977
 20
270.623378
 30
0.0
 10
34.736298
 20
270.987743
 30
0.0
 10
34.735156
 20
271.352150
 30
0.0
  0
SPLINE
  5
56d
100
AcDbEntity
  8
0
 62
7
100
AcDbSpline
 70
8
 71
3
 72
8
 73
4
 74
0
 40
0
 40
0
 40
0
 40
0
 40
1
 40
1
 40
1
 40
1
 10
34.735156
 20
271.352150
 30
0.0
 10
34.734047
 20
271.549185
 30
0.0
 10
34.733476
 20
271.746891
 30
0.0
 10
34.732939
 20
271.944241
 30
0.0
  0
LINE
  5
56e
100
AcDbEntity
  8
0
 62
7
100
AcDbLine
 10
34.732939
 20
271.944241
 30
0.0
 11
34.732939
 21
271.944241
 31
0.0
  0
SPLINE
  5
56f
100
AcDbEntity
  8
0
 62
7
100
AcDbSpline
 70
8
 71
3
 72
8
 73
4
 74
0
 40
0
 40
0
 40
0
 40
0
 40
1
 40
1
 40
1
 40
1
 10
34.200652
 20
271.352150
 30
0.0
 10
34.201794
 20
270.997148
 30
0.0
 10
34.203440
 20
270.642544
 30
0.0
 10
34.204615
 20
270.287542
 30
0.0
  0
SPLINE
  5
570
100
AcDbEntity
  8
0
 62
7
100
AcDbSpline
 70
8
 71
3
 72
8
 73
4
 74
0
 40
0
 40
0
 40
0
 40
0
 40
1
 40
1
 40
1
 40
1
 10
34.204615
 20
270.287542
 30
0.0
 10
33.861457
 20
270.563739
 30
0.0
 10
33.517257
 20
270.839915
 30
0.0
 10
33.173595
 20
271.115713
 30
0.0
  0
SPLINE
  5
571
100
AcDbEntity
  8
0
 62
7
100
AcDbSpline
 70
8
 71
3
 72
8
 73
4
 74
0
 40
0
 40
0
 40
0
 40
0
 40
1
 40
1
 40
1
 40
1
 10
33.173595
 20
271.115713
 30
0.0
 10
33.276271
 20
271.194182
 30
0.0
 10
33.377804
 20
271.273681
 30
0.0
 10
33.479909
 20
271.352129
 30
0.0
  0
SPLINE
  5
572
100
AcDbEntity
  8
0
 62
7
100
AcDbSpline
 70
8
 71
3
 72
8
 73
4
 74
0
 40
0
 40
0
 40
0
 40
0
 40
1
 40
1
 40
1
 40
1
 10
33.479909
 20
271.352129
 30
0.0
 10
33.719821
 20
271.537261
 30
0.0
 10
33.959195
 20
271.722099
 30
0.0
 10
34.198536
 20
271.906203
 30
0.0
  0
SPLINE
  5
573
100
AcDbEntity
  8
0
 62
7
100
AcDbSpline
 70
8
 71
3
 72
8
 73
4
 74
0
 40
0
 40
0
 40
0
 40
0
 40
1
 40
1
 40
1
 40
1
 10
34.198536
 20
271.906203
 30
0.0
 10
34.199074
 20
271.722099
 30
0.0
 10
34.200148
 20
271.536925
 30
0.0
 10
34.200652
 20
271.352150
 30
0.0
  0
LINE
  5
574
100
AcDbEntity
  8
0
 62
7
100
AcDbLine
 10
34.200652
 20
271.352150
 30
0.0
 11
34.200652
 21
271.352150
 31
0.0
  0
SPLINE
  5
575
100
AcDbEntity
  8
0
 62
7
100
AcDbSpline
 70
8
 71
3
 72
8
 73
4
 74
0
 40
0
 40
0
 40
0
 40
0
 40
1
 40
1
 40
1
 40
1
 10
33.169027
 20
270.701113
 30
0.0
 10
33.418444
 20
270.500929
 30
0.0
 10
33.667257
 20
270.301145
 30
0.0
 10
33.916674
 20
270.100982
 30
0.0
  0
LINE
  5
576
100
AcDbEntity
  8
0
 62
7
100
AcDbLine
 10
33.916674
 20
270.100982
 30
0.0
 11
33.169027
 21
270.100982
 31
0.0
  0
LINE
  5
577
100
AcDbEntity
  8
0
 62
7
100
AcDbLine
 10
33.169027
 20
270.100982
 30
0.0
 11
33.169027
 21
270.701113
 31
0.0
  0
LINE
  5
578
100
AcDbEntity
  8
0
 62
7
100
AcDbLine
 10
33.169027
 20
270.701113
 30
0.0
 11
33.169027
 21
270.701113
 31
0.0
  0
LINE
  5
579
100
AcDbEntity
  8
0
 62
7
100
AcDbLine
 10
33.169027
 20
269.864230
 30
0.0
 11
33.925608
 21
269.864230
 31
0.0
  0
SPLINE
  5
57a
100
AcDbEntity
  8
0
 62
7
100
AcDbSpline
 70
8
 71
3
 72
8
 73
4
 74
0
 40
0
 40
0
 40
0
 40
0
 40
1
 40
1
 40
1
 40
1
 10
33.925608
 20
269.864230
 30
0.0
 10
33.673403
 20
269.674543
 30
0.0
 10
33.420695
 20
269.484834
 30
0.0
 10
33.168490
 20
269.294454
 30
0.0
  0
SPLINE
  5
57b
100
AcDbEntity
  8
0
 62
7
100
AcDbSpline
 70
8
 71
3
 72
8
 73
4
 74
0
 40
0
 40
0
 40
0
 40
0
 40
1
 40
1
 40
1
 40
1
 10
33.168490
 20
269.294454
 30
0.0
 10
33.168490
 20
269.484855
 30
0.0
 10
33.169027
 20
269.674543
 30
0.0
 10
33.169027
 20
269.864230
 30
0.0
  0
LINE
  5
57c
100
AcDbEntity
  8
0
 62
7
100
AcDbLine
 10
33.169027
 20
269.864230
 30
0.0
 11
33.169027
 21
269.864230
 31
0.0
  0
SPLINE
  5
57d
100
AcDbEntity
  8
0
 62
7
100
AcDbSpline
 70
8
 71
3
 72
8
 73
4
 74
0
 40
0
 40
0
 40
0
 40
0
 40
1
 40
1
 40
1
 40
1
 10
37.216765
 20
271.829203
 30
0.0
 10
37.227378
 20
271.669471
 30
0.0
 10
37.239100
 20
271.510832
 30
0.0
 10
37.250822
 20
271.352150
 30
0.0
  0
LINE
  5
57e
100
AcDbEntity
  8
0
 62
7
100
AcDbLine
 10
37.250822
 20
271.352150
 30
0.0
 11
37.250251
 21
271.352150
 31
0.0
  0
SPLINE
  5
57f
100
AcDbEntity
  8
0
 62
7
100
AcDbSpline
 70
8
 71
3
 72
8
 73
4
 74
0
 40
0
 40
0
 40
0
 40
0
 40
1
 40
1
 40
1
 40
1
 10
37.250251
 20
271.352150
 30
0.0
 10
37.274198
 20
271.018791
 30
0.0
 10
37.298751
 20
270.685432
 30
0.0
 10
37.325016
 20
270.351736
 30
0.0
  0
SPLINE
  5
580
100
AcDbEntity
  8
0
 62
7
100
AcDbSpline
 70
8
 71
3
 72
8
 73
4
 74
0
 40
0
 40
0
 40
0
 40
0
 40
1
 40
1
 40
1
 40
1
 10
37.325016
 20
270.351736
 30
0.0
 10
36.994150
 20
270.607298
 30
0.0
 10
36.662781
 20
270.862922
 30
0.0
 10
36.331378
 20
271.117812
 30
0.0
  0
SPLINE
  5
581
100
AcDbEntity
  8
0
 62
7
100
AcDbSpline
 70
8
 71
3
 72
8
 73
4
 74
0
 40
0
 40
0
 40
0
 40
0
 40
1
 40
1
 40
1
 40
1
 10
36.331378
 20
271.117812
 30
0.0
 10
36.428444
 20
271.196303
 30
0.0
 10
36.525511
 20
271.274038
 30
0.0
 10
36.622611
 20
271.352150
 30
0.0
  0
SPLINE
  5
582
100
AcDbEntity
  8
0
 62
7
100
AcDbSpline
 70
8
 71
3
 72
8
 73
4
 74
0
 40
0
 40
0
 40
0
 40
0
 40
1
 40
1
 40
1
 40
1
 10
36.622611
 20
271.352150
 30
0.0
 10
36.820640
 20
271.510832
 30
0.0
 10
37.018736
 20
271.669849
 30
0.0
 10
37.216765
 20
271.829203
 30
0.0
  0
LINE
  5
583
100
AcDbEntity
  8
0
 62
7
100
AcDbLine
 10
37.216765
 20
271.829203
 30
0.0
 11
37.216765
 21
271.829203
 31
0.0
  0
LINE
  5
584
100
AcDbEntity
  8
0
 62
7
100
AcDbLine
 10
35.811350
 20
270.611832
 30
0.0
 11
35.811350
 21
270.099933
 31
0.0
  0
LINE
  5
585
100
AcDbEntity
  8
0
 62
7
100
AcDbLine
 10
35.811350
 20
270.099933
 30
0.0
 11
35.063704
 21
270.099933
 31
0.0
  0
SPLINE
  5
586
100
AcDbEntity
  8
0
 62
7
100
AcDbSpline
 70
8
 71
3
 72
8
 73
4
 74
0
 40
0
 40
0
 40
0
 40
0
 40
1
 40
1
 40
1
 40
1
 10
35.063704
 20
270.099933
 30
0.0
 10
35.312550
 20
270.300116
 30
0.0
 10
35.561362
 20
270.499922
 30
0.0
 10
35.811350
 20
270.700063
 30
0.0
  0
LINE
  5
587
100
AcDbEntity
  8
0
 62
7
100
AcDbLine
 10
35.811350
 20
270.700063
 30
0.0
 11
35.811350
 21
270.611832
 31
0.0
  0
LINE
  5
588
100
AcDbEntity
  8
0
 62
7
100
AcDbLine
 10
35.811350
 20
270.611832
 30
0.0
 11
35.811350
 21
270.611832
 31
0.0
  0
SPLINE
  5
589
100
AcDbEntity
  8
0
 62
7
100
AcDbSpline
 70
8
 71
3
 72
8
 73
4
 74
0
 40
0
 40
0
 40
0
 40
0
 40
1
 40
1
 40
1
 40
1
 10
34.741839
 20
269.698915
 30
0.0
 10
35.098332
 20
269.430422
 30
0.0
 10
35.455429
 20
269.162286
 30
0.0
 10
35.811955
 20
268.893394
 30
0.0
  0
LINE
  5
58a
100
AcDbEntity
  8
0
 62
7
100
AcDbLine
 10
35.811955
 20
268.893394
 30
0.0
 11
35.811955
 21
268.786669
 31
0.0
  0
SPLINE
  5
58b
100
AcDbEntity
  8
0
 62
7
100
AcDbSpline
 70
8
 71
3
 72
8
 73
4
 74
0
 40
0
 40
0
 40
0
 40
0
 40
1
 40
1
 40
1
 40
1
 10
35.811955
 20
268.786669
 30
0.0
 10
35.457142
 20
268.498338
 30
0.0
 10
35.102866
 20
268.209567
 30
0.0
 10
34.747986
 20
267.921215
 30
0.0
  0
SPLINE
  5
58c
100
AcDbEntity
  8
0
 62
7
100
AcDbSpline
 70
8
 71
3
 72
8
 73
4
 74
0
 40
0
 40
0
 40
0
 40
0
 40
1
 40
1
 40
1
 40
1
 10
34.747986
 20
267.921215
 30
0.0
 10
34.745769
 20
268.513894
 30
0.0
 10
34.743519
 20
269.106614
 30
0.0
 10
34.741839
 20
269.698915
 30
0.0
  0
LINE
  5
58d
100
AcDbEntity
  8
0
 62
7
100
AcDbLine
 10
34.741839
 20
269.698915
 30
0.0
 11
34.741839
 21
269.698915
 31
0.0
  0
SPLINE
  5
58e
100
AcDbEntity
  8
0
 62
7
100
AcDbSpline
 70
8
 71
3
 72
8
 73
4
 74
0
 40
0
 40
0
 40
0
 40
0
 40
1
 40
1
 40
1
 40
1
 10
34.206799
 20
269.675928
 30
0.0
 10
34.208411
 20
269.337006
 30
0.0
 10
34.209553
 20
268.997685
 30
0.0
 10
34.210695
 20
268.658427
 30
0.0
  0
SPLINE
  5
58f
100
AcDbEntity
  8
0
 62
7
100
AcDbSpline
 70
8
 71
3
 72
8
 73
4
 74
0
 40
0
 40
0
 40
0
 40
0
 40
1
 40
1
 40
1
 40
1
 10
34.210695
 20
268.658427
 30
0.0
 10
34.211803
 20
268.418168
 30
0.0
 10
34.212911
 20
268.177575
 30
0.0
 10
34.213482
 20
267.936918
 30
0.0
  0
SPLINE
  5
590
100
AcDbEntity
  8
0
 62
7
100
AcDbSpline
 70
8
 71
3
 72
8
 73
4
 74
0
 40
0
 40
0
 40
0
 40
0
 40
1
 40
1
 40
1
 40
1
 10
34.213482
 20
267.936918
 30
0.0
 10
33.865353
 20
268.220399
 30
0.0
 10
33.517157
 20
268.503922
 30
0.0
 10
33.169027
 20
268.787404
 30
0.0
  0
SPLINE
  5
591
100
AcDbEntity
  8
0
 62
7
100
AcDbSpline
 70
8
 71
3
 72
8
 73
4
 74
0
 40
0
 40
0
 40
0
 40
0
 40
1
 40
1
 40
1
 40
1
 10
33.169027
 20
268.787404
 30
0.0
 10
33.169027
 20
268.823322
 30
0.0
 10
33.169027
 20
268.858547
 30
0.0
 10
33.168725
 20
268.894297
 30
0.0
  0
SPLINE
  5
592
100
AcDbEntity
  8
0
 62
7
100
AcDbSpline
 70
8
 71
3
 72
8
 73
4
 74
0
 40
0
 40
0
 40
0
 40
0
 40
1
 40
1
 40
1
 40
1
 10
33.168725
 20
268.894297
 30
0.0
 10
33.514570
 20
269.154750
 30
0.0
 10
33.860953
 20
269.415496
 30
0.0
 10
34.206799
 20
269.675928
 30
0.0
  0
LINE
  5
593
100
AcDbEntity
  8
0
 62
7
100
AcDbLine
 10
34.206799
 20
269.675928
 30
0.0
 11
34.206799
 21
269.675928
 31
0.0
  0
SPLINE
  5
594
100
AcDbEntity
  8
0
 62
7
100
AcDbSpline
 70
8
 71
3
 72
8
 73
4
 74
0
 40
0
 40
0
 40
0
 40
0
 40
1
 40
1
 40
1
 40
1
 10
36.243749
 20
270.778491
 30
0.0
 10
36.537199
 20
270.552193
 30
0.0
 10
36.830649
 20
270.325895
 30
0.0
 10
37.123561
 20
270.099576
 30
0.0
  0
LINE
  5
595
100
AcDbEntity
  8
0
 62
7
100
AcDbLine
 10
37.123561
 20
270.099576
 30
0.0
 11
36.244320
 21
270.099576
 31
0.0
  0
SPLINE
  5
596
100
AcDbEntity
  8
0
 62
7
100
AcDbSpline
 70
8
 71
3
 72
8
 73
4
 74
0
 40
0
 40
0
 40
0
 40
0
 40
1
 40
1
 40
1
 40
1
 10
36.244320
 20
270.099576
 30
0.0
 10
36.243749
 20
270.325874
 30
0.0
 10
36.243749
 20
270.552172
 30
0.0
 10
36.243749
 20
270.778491
 30
0.0
  0
LINE
  5
597
100
AcDbEntity
  8
0
 62
7
100
AcDbLine
 10
36.243749
 20
270.778491
 30
0.0
 11
36.243749
 21
270.778491
 31
0.0
  0
SPLINE
  5
598
100
AcDbEntity
  8
0
 62
7
100
AcDbSpline
 70
8
 71
3
 72
8
 73
4
 74
0
 40
0
 40
0
 40
0
 40
0
 40
1
 40
1
 40
1
 40
1
 10
35.811350
 20
269.863159
 30
0.0
 10
35.811888
 20
269.673472
 30
0.0
 10
35.811888
 20
269.483764
 30
0.0
 10
35.811888
 20
269.293384
 30
0.0
  0
SPLINE
  5
599
100
AcDbEntity
  8
0
 62
7
100
AcDbSpline
 70
8
 71
3
 72
8
 73
4
 74
0
 40
0
 40
0
 40
0
 40
0
 40
1
 40
1
 40
1
 40
1
 10
35.811888
 20
269.293384
 30
0.0
 10
35.559683
 20
269.483785
 30
0.0
 10
35.306974
 20
269.673472
 30
0.0
 10
35.054770
 20
269.863159
 30
0.0
  0
LINE
  5
59a
100
AcDbEntity
  8
0
 62
7
100
AcDbLine
 10
35.054770
 20
269.863159
 30
0.0
 11
35.811350
 21
269.863159
 31
0.0
  0
LINE
  5
59b
100
AcDbEntity
  8
0
 62
7
100
AcDbLine
 10
35.811350
 20
269.863159
 30
0.0
 11
35.811350
 21
269.863159
 31
0.0
  0
SPLINE
  5
59c
100
AcDbEntity
  8
0
 62
7
100
AcDbSpline
 70
8
 71
3
 72
8
 73
4
 74
0
 40
0
 40
0
 40
0
 40
0
 40
1
 40
1
 40
1
 40
1
 10
33.168490
 20
268.364449
 30
0.0
 10
33.421266
 20
268.158702
 30
0.0
 10
33.673941
 20
267.952956
 30
0.0
 10
33.927288
 20
267.746874
 30
0.0
  0
LINE
  5
59d
100
AcDbEntity
  8
0
 62
7
100
AcDbLine
 10
33.927288
 20
267.746874
 30
0.0
 11
33.167953
 21
267.746874
 31
0.0
  0
SPLINE
  5
59e
100
AcDbEntity
  8
0
 62
7
100
AcDbSpline
 70
8
 71
3
 72
8
 73
4
 74
0
 40
0
 40
0
 40
0
 40
0
 40
1
 40
1
 40
1
 40
1
 10
33.167953
 20
267.746874
 30
0.0
 10
33.167953
 20
267.952956
 30
0.0
 10
33.167953
 20
268.158702
 30
0.0
 10
33.168490
 20
268.364449
 30
0.0
  0
LINE
  5
59f
100
AcDbEntity
  8
0
 62
7
100
AcDbLine
 10
33.168490
 20
268.364449
 30
0.0
 11
33.168490
 21
268.364449
 31
0.0
  0
LINE
  5
5a0
100
AcDbEntity
  8
0
 62
7
100
AcDbLine
 10
36.244320
 20
269.863159
 30
0.0
 11
37.135887
 21
269.863159
 31
0.0
  0
SPLINE
  5
5a1
100
AcDbEntity
  8
0
 62
7
100
AcDbSpline
 70
8
 71
3
 72
8
 73
4
 74
0
 40
0
 40
0
 40
0
 40
0
 40
1
 40
1
 40
1
 40
1
 10
37.135887
 20
269.863159
 30
0.0
 10
36.838474
 20
269.621873
 30
0.0
 10
36.541129
 20
269.379494
 30
0.0
 10
36.244320
 20
269.137830
 30
0.0
  0
LINE
  5
5a2
100
AcDbEntity
  8
0
 62
7
100
AcDbLine
 10
36.244320
 20
269.137830
 30
0.0
 11
36.244320
 21
269.863159
 31
0.0
  0
LINE
  5
5a3
100
AcDbEntity
  8
0
 62
7
100
AcDbLine
 10
36.244320
 20
269.863159
 30
0.0
 11
36.244320
 21
269.863159
 31
0.0
  0
LINE
  5
5a4
100
AcDbEntity
  8
0
 62
7
100
AcDbLine
 10
33.167953
 20
267.510793
 30
0.0
 11
33.913315
 21
267.510793
 31
0.0
  0
SPLINE
  5
5a5
100
AcDbEntity
  8
0
 62
7
100
AcDbSpline
 70
8
 71
3
 72
8
 73
4
 74
0
 40
0
 40
0
 40
0
 40
0
 40
1
 40
1
 40
1
 40
1
 10
33.913315
 20
267.510793
 30
0.0
 10
33.778833
 20
267.409673
 30
0.0
 10
33.643813
 20
267.308552
 30
0.0
 10
33.509902
 20
267.207432
 30
0.0
  0
LINE
  5
5a6
100
AcDbEntity
  8
0
 62
7
100
AcDbLine
 10
33.509902
 20
267.207432
 30
0.0
 11
33.167919
 21
267.207432
 31
0.0
  0
SPLINE
  5
5a7
100
AcDbEntity
  8
0
 62
7
100
AcDbSpline
 70
8
 71
3
 72
8
 73
4
 74
0
 40
0
 40
0
 40
0
 40
0
 40
1
 40
1
 40
1
 40
1
 10
33.167919
 20
267.207432
 30
0.0
 10
33.167919
 20
267.308552
 30
0.0
 10
33.167919
 20
267.409673
 30
0.0
 10
33.167953
 20
267.510793
 30
0.0
  0
LINE
  5
5a8
100
AcDbEntity
  8
0
 62
7
100
AcDbLine
 10
33.167953
 20
267.510793
 30
0.0
 11
33.167953
 21
267.510793
 31
0.0
  0
LINE
  5
5a9
100
AcDbEntity
  8
0
 62
7
100
AcDbLine
 10
33.167953
 20
266.971015
 30
0.0
 11
33.195292
 21
266.971015
 31
0.0
  0
SPLINE
  5
5aa
100
AcDbEntity
  8
0
 62
7
100
AcDbSpline
 70
8
 71
3
 72
8
 73
4
 74
0
 40
0
 40
0
 40
0
 40
0
 40
1
 40
1
 40
1
 40
1
 10
33.195292
 20
266.971015
 30
0.0
 10
33.186392
 20
266.964046
 30
0.0
 10
33.176920
 20
266.957076
 30
0.0
 10
33.167953
 20
266.950443
 30
0.0
  0
LINE
  5
5ab
100
AcDbEntity
  8
0
 62
7
100
AcDbLine
 10
33.167953
 20
266.950443
 30
0.0
 11
33.167953
 21
266.971015
 31
0.0
  0
LINE
  5
5ac
100
AcDbEntity
  8
0
 62
7
100
AcDbLine
 10
33.167953
 20
266.971015
 30
0.0
 11
33.167953
 21
266.971015
 31
0.0
  0
LINE
  5
5ad
100
AcDbEntity
  8
0
 62
7
100
AcDbLine
 10
33.727008
 20
266.971036
 30
0.0
 11
34.216841
 21
266.971036
 31
0.0
  0
SPLINE
  5
5ae
100
AcDbEntity
  8
0
 62
7
100
AcDbSpline
 70
8
 71
3
 72
8
 73
4
 74
0
 40
0
 40
0
 40
0
 40
0
 40
1
 40
1
 40
1
 40
1
 10
34.216841
 20
266.971036
 30
0.0
 10
34.217378
 20
266.819723
 30
0.0
 10
34.217983
 20
266.668368
 30
0.0
 10
34.218520
 20
266.516677
 30
0.0
  0
LINE
  5
5af
100
AcDbEntity
  8
0
 62
7
100
AcDbLine
 10
34.218520
 20
266.516677
 30
0.0
 11
33.167415
 21
266.516677
 31
0.0
  0
LINE
  5
5b0
100
AcDbEntity
  8
0
 62
7
100
AcDbLine
 10
33.167415
 20
266.516677
 30
0.0
 11
33.167415
 21
266.550496
 31
0.0
  0
SPLINE
  5
5b1
100
AcDbEntity
  8
0
 62
7
100
AcDbSpline
 70
8
 71
3
 72
8
 73
4
 74
0
 40
0
 40
0
 40
0
 40
0
 40
1
 40
1
 40
1
 40
1
 10
33.167415
 20
266.550496
 30
0.0
 10
33.354293
 20
266.690683
 30
0.0
 10
33.540668
 20
266.830849
 30
0.0
 10
33.727008
 20
266.971036
 30
0.0
  0
LINE
  5
5b2
100
AcDbEntity
  8
0
 62
7
100
AcDbLine
 10
33.727008
 20
266.971036
 30
0.0
 11
33.727008
 21
266.971036
 31
0.0
  0
SPLINE
  5
5b3
100
AcDbEntity
  8
0
 62
7
100
AcDbSpline
 70
8
 71
3
 72
8
 73
4
 74
0
 40
0
 40
0
 40
0
 40
0
 40
1
 40
1
 40
1
 40
1
 10
37.380804
 20
269.640325
 30
0.0
 10
37.424903
 20
269.096328
 30
0.0
 10
37.470649
 20
268.552709
 30
0.0
 10
37.518611
 20
268.009111
 30
0.0
  0
SPLINE
  5
5b4
100
AcDbEntity
  8
0
 62
7
100
AcDbSpline
 70
8
 71
3
 72
8
 73
4
 74
0
 40
0
 40
0
 40
0
 40
0
 40
1
 40
1
 40
1
 40
1
 10
37.518611
 20
268.009111
 30
0.0
 10
37.147609
 20
268.288414
 30
0.0
 10
36.776573
 20
268.567361
 30
0.0
 10
36.405571
 20
268.846686
 30
0.0
  0
SPLINE
  5
5b5
100
AcDbEntity
  8
0
 62
7
100
AcDbSpline
 70
8
 71
3
 72
8
 73
4
 74
0
 40
0
 40
0
 40
0
 40
0
 40
1
 40
1
 40
1
 40
1
 10
36.405571
 20
268.846686
 30
0.0
 10
36.730257
 20
269.111317
 30
0.0
 10
37.055547
 20
269.376010
 30
0.0
 10
37.380804
 20
269.640325
 30
0.0
  0
LINE
  5
5b6
100
AcDbEntity
  8
0
 62
7
100
AcDbLine
 10
37.380804
 20
269.640325
 30
0.0
 11
37.380804
 21
269.640325
 31
0.0
  0
SPLINE
  5
5b7
100
AcDbEntity
  8
0
 62
7
100
AcDbSpline
 70
8
 71
3
 72
8
 73
4
 74
0
 40
0
 40
0
 40
0
 40
0
 40
1
 40
1
 40
1
 40
1
 10
36.244858
 20
268.568075
 30
0.0
 10
36.608571
 20
268.293998
 30
0.0
 10
36.972386
 20
268.020237
 30
0.0
 10
37.336637
 20
267.746181
 30
0.0
  0
LINE
  5
5b8
100
AcDbEntity
  8
0
 62
7
100
AcDbLine
 10
37.336637
 20
267.746181
 30
0.0
 11
36.244858
 21
267.746181
 31
0.0
  0
LINE
  5
5b9
100
AcDbEntity
  8
0
 62
7
100
AcDbLine
 10
36.244858
 20
267.746181
 30
0.0
 11
36.244858
 21
268.568075
 31
0.0
  0
LINE
  5
5ba
100
AcDbEntity
  8
0
 62
7
100
AcDbLine
 10
36.244858
 20
268.568075
 30
0.0
 11
36.244858
 21
268.568075
 31
0.0
  0
SPLINE
  5
5bb
100
AcDbEntity
  8
0
 62
7
100
AcDbSpline
 70
8
 71
3
 72
8
 73
4
 74
0
 40
0
 40
0
 40
0
 40
0
 40
1
 40
1
 40
1
 40
1
 10
35.811888
 20
268.363735
 30
0.0
 10
35.812425
 20
268.157989
 30
0.0
 10
35.812425
 20
267.951906
 30
0.0
 10
35.812425
 20
267.746181
 30
0.0
  0
LINE
  5
5bc
100
AcDbEntity
  8
0
 62
7
100
AcDbLine
 10
35.812425
 20
267.746181
 30
0.0
 11
35.053157
 21
267.746181
 31
0.0
  0
SPLINE
  5
5bd
100
AcDbEntity
  8
0
 62
7
100
AcDbSpline
 70
8
 71
3
 72
8
 73
4
 74
0
 40
0
 40
0
 40
0
 40
0
 40
1
 40
1
 40
1
 40
1
 10
35.053157
 20
267.746181
 30
0.0
 10
35.306437
 20
267.952263
 30
0.0
 10
35.559145
 20
268.157989
 30
0.0
 10
35.811888
 20
268.363735
 30
0.0
  0
LINE
  5
5be
100
AcDbEntity
  8
0
 62
7
100
AcDbLine
 10
35.811888
 20
268.363735
 30
0.0
 11
35.811888
 21
268.363735
 31
0.0
  0
SPLINE
  5
5bf
100
AcDbEntity
  8
0
 62
7
100
AcDbSpline
 70
8
 71
3
 72
8
 73
4
 74
0
 40
0
 40
0
 40
0
 40
0
 40
1
 40
1
 40
1
 40
1
 10
34.750236
 20
267.348669
 30
0.0
 10
34.813783
 20
267.301604
 30
0.0
 10
34.876288
 20
267.253846
 30
0.0
 10
34.939331
 20
267.206760
 30
0.0
  0
LINE
  5
5c0
100
AcDbEntity
  8
0
 62
7
100
AcDbLine
 10
34.939331
 20
267.206760
 30
0.0
 11
34.750774
 21
267.206760
 31
0.0
  0
SPLINE
  5
5c1
100
AcDbEntity
  8
0
 62
7
100
AcDbSpline
 70
8
 71
3
 72
8
 73
4
 74
0
 40
0
 40
0
 40
0
 40
0
 40
1
 40
1
 40
1
 40
1
 10
34.750774
 20
267.206760
 30
0.0
 10
34.750774
 20
267.253846
 30
0.0
 10
34.750774
 20
267.301604
 30
0.0
 10
34.750236
 20
267.348669
 30
0.0
  0
LINE
  5
5c2
100
AcDbEntity
  8
0
 62
7
100
AcDbLine
 10
34.750236
 20
267.348669
 30
0.0
 11
34.750236
 21
267.348669
 31
0.0
  0
LINE
  5
5c3
100
AcDbEntity
  8
0
 62
7
100
AcDbLine
 10
33.167415
 20
266.280239
 30
0.0
 11
34.219595
 21
266.280239
 31
0.0
  0
SPLINE
  5
5c4
100
AcDbEntity
  8
0
 62
7
100
AcDbSpline
 70
8
 71
3
 72
8
 73
4
 74
0
 40
0
 40
0
 40
0
 40
0
 40
1
 40
1
 40
1
 40
1
 10
34.219595
 20
266.280239
 30
0.0
 10
34.220737
 20
265.977214
 30
0.0
 10
34.221812
 20
265.674189
 30
0.0
 10
34.222954
 20
265.371143
 30
0.0
  0
SPLINE
  5
5c5
100
AcDbEntity
  8
0
 62
7
100
AcDbSpline
 70
8
 71
3
 72
8
 73
4
 74
0
 40
0
 40
0
 40
0
 40
0
 40
1
 40
1
 40
1
 40
1
 10
34.222954
 20
265.371143
 30
0.0
 10
33.871432
 20
265.660922
 30
0.0
 10
33.519373
 20
265.950344
 30
0.0
 10
33.167314
 20
266.240102
 30
0.0
  0
SPLINE
  5
5c6
100
AcDbEntity
  8
0
 62
7
100
AcDbSpline
 70
8
 71
3
 72
8
 73
4
 74
0
 40
0
 40
0
 40
0
 40
0
 40
1
 40
1
 40
1
 40
1
 10
33.167314
 20
266.240102
 30
0.0
 10
33.167314
 20
266.253726
 30
0.0
 10
33.167314
 20
266.266972
 30
0.0
 10
33.167415
 20
266.280239
 30
0.0
  0
LINE
  5
5c7
100
AcDbEntity
  8
0
 62
7
100
AcDbLine
 10
33.167415
 20
266.280239
 30
0.0
 11
33.167415
 21
266.280239
 31
0.0
  0
SPLINE
  5
5c8
100
AcDbEntity
  8
0
 62
7
100
AcDbSpline
 70
8
 71
3
 72
8
 73
4
 74
0
 40
0
 40
0
 40
0
 40
0
 40
1
 40
1
 40
1
 40
1
 10
35.253437
 20
266.970323
 30
0.0
 10
35.440348
 20
266.830156
 30
0.0
 10
35.626152
 20
266.689948
 30
0.0
 10
35.813063
 20
266.549761
 30
0.0
  0
LINE
  5
5c9
100
AcDbEntity
  8
0
 62
7
100
AcDbLine
 10
35.813063
 20
266.549761
 30
0.0
 11
35.813063
 21
266.515963
 31
0.0
  0
LINE
  5
5ca
100
AcDbEntity
  8
0
 62
7
100
AcDbLine
 10
35.813063
 20
266.515963
 30
0.0
 11
34.753561
 21
266.515963
 31
0.0
  0
SPLINE
  5
5cb
100
AcDbEntity
  8
0
 62
7
100
AcDbSpline
 70
8
 71
3
 72
8
 73
4
 74
0
 40
0
 40
0
 40
0
 40
0
 40
1
 40
1
 40
1
 40
1
 10
34.753561
 20
266.515963
 30
0.0
 10
34.753024
 20
266.667276
 30
0.0
 10
34.752487
 20
266.818611
 30
0.0
 10
34.751848
 20
266.970323
 30
0.0
  0
LINE
  5
5cc
100
AcDbEntity
  8
0
 62
7
100
AcDbLine
 10
34.751848
 20
266.970323
 30
0.0
 11
35.253437
 21
266.970323
 31
0.0
  0
LINE
  5
5cd
100
AcDbEntity
  8
0
 62
7
100
AcDbLine
 10
35.253437
 20
266.970323
 30
0.0
 11
35.253437
 21
266.970323
 31
0.0
  0
LINE
  5
5ce
100
AcDbEntity
  8
0
 62
7
100
AcDbLine
 10
34.754703
 20
266.279526
 30
0.0
 11
35.813601
 21
266.279526
 31
0.0
  0
LINE
  5
5cf
100
AcDbEntity
  8
0
 62
7
100
AcDbLine
 10
35.813601
 20
266.279526
 30
0.0
 11
35.813601
 21
266.239430
 31
0.0
  0
SPLINE
  5
5d0
100
AcDbEntity
  8
0
 62
7
100
AcDbSpline
 70
8
 71
3
 72
8
 73
4
 74
0
 40
0
 40
0
 40
0
 40
0
 40
1
 40
1
 40
1
 40
1
 10
35.813601
 20
266.239430
 30
0.0
 10
35.461575
 20
265.949630
 30
0.0
 10
35.110087
 20
265.660586
 30
0.0
 10
34.758028
 20
265.370807
 30
0.0
  0
SPLINE
  5
5d1
100
AcDbEntity
  8
0
 62
7
100
AcDbSpline
 70
8
 71
3
 72
8
 73
4
 74
0
 40
0
 40
0
 40
0
 40
0
 40
1
 40
1
 40
1
 40
1
 10
34.758028
 20
265.370807
 30
0.0
 10
34.756920
 20
265.673475
 30
0.0
 10
34.755778
 20
265.976836
 30
0.0
 10
34.754703
 20
266.279526
 30
0.0
  0
LINE
  5
5d2
100
AcDbEntity
  8
0
 62
7
100
AcDbLine
 10
34.754703
 20
266.279526
 30
0.0
 11
34.754703
 21
266.279526
 31
0.0
  0
SPLINE
  5
5d3
100
AcDbEntity
  8
0
 62
7
100
AcDbSpline
 70
8
 71
3
 72
8
 73
4
 74
0
 40
0
 40
0
 40
0
 40
0
 40
1
 40
1
 40
1
 40
1
 10
33.167415
 20
265.813683
 30
0.0
 10
33.414582
 20
265.610057
 30
0.0
 10
33.662252
 20
265.406389
 30
0.0
 10
33.909419
 20
265.202742
 30
0.0
  0
LINE
  5
5d4
100
AcDbEntity
  8
0
 62
7
100
AcDbLine
 10
33.909419
 20
265.202742
 30
0.0
 11
33.166844
 21
265.202742
 31
0.0
  0
SPLINE
  5
5d5
100
AcDbEntity
  8
0
 62
7
100
AcDbSpline
 70
8
 71
3
 72
8
 73
4
 74
0
 40
0
 40
0
 40
0
 40
0
 40
1
 40
1
 40
1
 40
1
 10
33.166844
 20
265.202742
 30
0.0
 10
33.167415
 20
265.406389
 30
0.0
 10
33.167415
 20
265.610057
 30
0.0
 10
33.167415
 20
265.813683
 30
0.0
  0
LINE
  5
5d6
100
AcDbEntity
  8
0
 62
7
100
AcDbLine
 10
33.167415
 20
265.813683
 30
0.0
 11
33.167415
 21
265.813683
 31
0.0
  0
LINE
  5
5d7
100
AcDbEntity
  8
0
 62
7
100
AcDbLine
 10
36.244858
 20
267.510121
 30
0.0
 11
37.356755
 21
267.510121
 31
0.0
  0
SPLINE
  5
5d8
100
AcDbEntity
  8
0
 62
7
100
AcDbSpline
 70
8
 71
3
 72
8
 73
4
 74
0
 40
0
 40
0
 40
0
 40
0
 40
1
 40
1
 40
1
 40
1
 10
37.356755
 20
267.510121
 30
0.0
 10
37.234062
 20
267.408980
 30
0.0
 10
37.111268
 20
267.307880
 30
0.0
 10
36.988575
 20
267.206718
 30
0.0
  0
LINE
  5
5d9
100
AcDbEntity
  8
0
 62
7
100
AcDbLine
 10
36.988575
 20
267.206718
 30
0.0
 11
36.245429
 21
267.206718
 31
0.0
  0
SPLINE
  5
5da
100
AcDbEntity
  8
0
 62
7
100
AcDbSpline
 70
8
 71
3
 72
8
 73
4
 74
0
 40
0
 40
0
 40
0
 40
0
 40
1
 40
1
 40
1
 40
1
 10
36.245429
 20
267.206718
 30
0.0
 10
36.245429
 20
267.307880
 30
0.0
 10
36.244858
 20
267.408980
 30
0.0
 10
36.244858
 20
267.510121
 30
0.0
  0
LINE
  5
5db
100
AcDbEntity
  8
0
 62
7
100
AcDbLine
 10
36.244858
 20
267.510121
 30
0.0
 11
36.244858
 21
267.510121
 31
0.0
  0
LINE
  5
5dc
100
AcDbEntity
  8
0
 62
7
100
AcDbLine
 10
35.785085
 20
266.970323
 30
0.0
 11
35.812425
 21
266.970323
 31
0.0
  0
LINE
  5
5dd
100
AcDbEntity
  8
0
 62
7
100
AcDbLine
 10
35.812425
 20
266.970323
 30
0.0
 11
35.812425
 21
266.949771
 31
0.0
  0
SPLINE
  5
5de
100
AcDbEntity
  8
0
 62
7
100
AcDbSpline
 70
8
 71
3
 72
8
 73
4
 74
0
 40
0
 40
0
 40
0
 40
0
 40
1
 40
1
 40
1
 40
1
 10
35.812425
 20
266.949771
 30
0.0
 10
35.803558
 20
266.956363
 30
0.0
 10
35.794087
 20
266.963353
 30
0.0
 10
35.785085
 20
266.970323
 30
0.0
  0
LINE
  5
5df
100
AcDbEntity
  8
0
 62
7
100
AcDbLine
 10
35.785085
 20
266.970323
 30
0.0
 11
35.785085
 21
266.970323
 31
0.0
  0
LINE
  5
5e0
100
AcDbEntity
  8
0
 62
7
100
AcDbLine
 10
33.166844
 20
264.966325
 30
0.0
 11
34.085146
 21
264.966325
 31
0.0
  0
SPLINE
  5
5e1
100
AcDbEntity
  8
0
 62
7
100
AcDbSpline
 70
8
 71
3
 72
8
 73
4
 74
0
 40
0
 40
0
 40
0
 40
0
 40
1
 40
1
 40
1
 40
1
 10
34.085146
 20
264.966325
 30
0.0
 10
33.779404
 20
264.763035
 30
0.0
 10
33.473091
 20
264.559723
 30
0.0
 10
33.166844
 20
264.356433
 30
0.0
  0
LINE
  5
5e2
100
AcDbEntity
  8
0
 62
7
100
AcDbLine
 10
33.166844
 20
264.356433
 30
0.0
 11
33.166844
 21
264.966325
 31
0.0
  0
LINE
  5
5e3
100
AcDbEntity
  8
0
 62
7
100
AcDbLine
 10
33.166844
 20
264.966325
 30
0.0
 11
33.166844
 21
264.966325
 31
0.0
  0
SPLINE
  5
5e4
100
AcDbEntity
  8
0
 62
7
100
AcDbSpline
 70
8
 71
3
 72
8
 73
4
 74
0
 40
0
 40
0
 40
0
 40
0
 40
1
 40
1
 40
1
 40
1
 10
35.813063
 20
265.812949
 30
0.0
 10
35.813063
 20
265.609322
 30
0.0
 10
35.813601
 20
265.405654
 30
0.0
 10
35.813601
 20
265.202028
 30
0.0
  0
LINE
  5
5e5
100
AcDbEntity
  8
0
 62
7
100
AcDbLine
 10
35.813601
 20
265.202028
 30
0.0
 11
35.071026
 21
265.202028
 31
0.0
  0
SPLINE
  5
5e6
100
AcDbEntity
  8
0
 62
7
100
AcDbSpline
 70
8
 71
3
 72
8
 73
4
 74
0
 40
0
 40
0
 40
0
 40
0
 40
1
 40
1
 40
1
 40
1
 10
35.071026
 20
265.202028
 30
0.0
 10
35.318192
 20
265.405654
 30
0.0
 10
35.565896
 20
265.609322
 30
0.0
 10
35.813063
 20
265.812949
 30
0.0
  0
LINE
  5
5e7
100
AcDbEntity
  8
0
 62
7
100
AcDbLine
 10
35.813063
 20
265.812949
 30
0.0
 11
35.813063
 21
265.812949
 31
0.0
  0
LINE
  5
5e8
100
AcDbEntity
  8
0
 62
7
100
AcDbLine
 10
34.895869
 20
264.965989
 30
0.0
 11
35.813601
 21
264.965989
 31
0.0
  0
LINE
  5
5e9
100
AcDbEntity
  8
0
 62
7
100
AcDbLine
 10
35.813601
 20
264.965989
 30
0.0
 11
35.813601
 21
264.356433
 31
0.0
  0
SPLINE
  5
5ea
100
AcDbEntity
  8
0
 62
7
100
AcDbSpline
 70
8
 71
3
 72
8
 73
4
 74
0
 40
0
 40
0
 40
0
 40
0
 40
1
 40
1
 40
1
 40
1
 10
35.813601
 20
264.356433
 30
0.0
 10
35.507858
 20
264.559367
 30
0.0
 10
35.201545
 20
264.762699
 30
0.0
 10
34.895869
 20
264.965989
 30
0.0
  0
LINE
  5
5eb
100
AcDbEntity
  8
0
 62
7
100
AcDbLine
 10
34.895869
 20
264.965989
 30
0.0
 11
34.895869
 21
264.965989
 31
0.0
  0
SPLINE
  5
5ec
100
AcDbEntity
  8
0
 62
7
100
AcDbSpline
 70
8
 71
3
 72
8
 73
4
 74
0
 40
0
 40
0
 40
0
 40
0
 40
1
 40
1
 40
1
 40
1
 10
34.760782
 20
264.685594
 30
0.0
 10
35.111733
 20
264.452641
 30
0.0
 10
35.463221
 20
264.219374
 30
0.0
 10
35.814642
 20
263.986085
 30
0.0
  0
LINE
  5
5ed
100
AcDbEntity
  8
0
 62
7
100
AcDbLine
 10
35.814642
 20
263.986085
 30
0.0
 11
35.814642
 21
263.605325
 31
0.0
  0
SPLINE
  5
5ee
100
AcDbEntity
  8
0
 62
7
100
AcDbSpline
 70
8
 71
3
 72
8
 73
4
 74
0
 40
0
 40
0
 40
0
 40
0
 40
1
 40
1
 40
1
 40
1
 10
35.814642
 20
263.605325
 30
0.0
 10
35.465404
 20
263.341010
 30
0.0
 10
35.116738
 20
263.076316
 30
0.0
 10
34.768037
 20
262.811665
 30
0.0
  0
SPLINE
  5
5ef
100
AcDbEntity
  8
0
 62
7
100
AcDbSpline
 70
8
 71
3
 72
8
 73
4
 74
0
 40
0
 40
0
 40
0
 40
0
 40
1
 40
1
 40
1
 40
1
 10
34.768037
 20
262.811665
 30
0.0
 10
34.768037
 20
262.868492
 30
0.0
 10
34.767466
 20
262.925339
 30
0.0
 10
34.767466
 20
262.982166
 30
0.0
  0
LINE
  5
5f0
100
AcDbEntity
  8
0
 62
7
100
AcDbLine
 10
34.767466
 20
262.982166
 30
0.0
 11
34.766929
 21
262.982166
 31
0.0
  0
SPLINE
  5
5f1
100
AcDbEntity
  8
0
 62
7
100
AcDbSpline
 70
8
 71
3
 72
8
 73
4
 74
0
 40
0
 40
0
 40
0
 40
0
 40
1
 40
1
 40
1
 40
1
 10
34.766929
 20
262.982166
 30
0.0
 10
34.764712
 20
263.549863
 30
0.0
 10
34.762462
 20
264.117917
 30
0.0
 10
34.760782
 20
264.685594
 30
0.0
  0
LINE
  5
5f2
100
AcDbEntity
  8
0
 62
7
100
AcDbLine
 10
34.760782
 20
264.685594
 30
0.0
 11
34.760782
 21
264.685594
 31
0.0
  0
SPLINE
  5
5f3
100
AcDbEntity
  8
0
 62
7
100
AcDbSpline
 70
8
 71
3
 72
8
 73
4
 74
0
 40
0
 40
0
 40
0
 40
0
 40
1
 40
1
 40
1
 40
1
 10
34.225775
 20
264.689100
 30
0.0
 10
34.227992
 20
264.058656
 30
0.0
 10
34.230242
 20
263.427834
 30
0.0
 10
34.232459
 20
262.797369
 30
0.0
  0
SPLINE
  5
5f4
100
AcDbEntity
  8
0
 62
7
100
AcDbSpline
 70
8
 71
3
 72
8
 73
4
 74
0
 40
0
 40
0
 40
0
 40
0
 40
1
 40
1
 40
1
 40
1
 10
34.232459
 20
262.797369
 30
0.0
 10
33.877109
 20
263.066912
 30
0.0
 10
33.522228
 20
263.336496
 30
0.0
 10
33.166273
 20
263.605682
 30
0.0
  0
SPLINE
  5
5f5
100
AcDbEntity
  8
0
 62
7
100
AcDbSpline
 70
8
 71
3
 72
8
 73
4
 74
0
 40
0
 40
0
 40
0
 40
0
 40
1
 40
1
 40
1
 40
1
 10
33.166273
 20
263.605682
 30
0.0
 10
33.166273
 20
263.732602
 30
0.0
 10
33.166273
 20
263.859165
 30
0.0
 10
33.166844
 20
263.986085
 30
0.0
  0
SPLINE
  5
5f6
100
AcDbEntity
  8
0
 62
7
100
AcDbSpline
 70
8
 71
3
 72
8
 73
4
 74
0
 40
0
 40
0
 40
0
 40
0
 40
1
 40
1
 40
1
 40
1
 10
33.166844
 20
263.986085
 30
0.0
 10
33.519474
 20
264.220423
 30
0.0
 10
33.872608
 20
264.454761
 30
0.0
 10
34.225775
 20
264.689100
 30
0.0
  0
LINE
  5
5f7
100
AcDbEntity
  8
0
 62
7
100
AcDbLine
 10
34.225775
 20
264.689100
 30
0.0
 11
34.225775
 21
264.689100
 31
0.0
  0
SPLINE
  5
5f8
100
AcDbEntity
  8
0
 62
7
100
AcDbSpline
 70
8
 71
3
 72
8
 73
4
 74
0
 40
0
 40
0
 40
0
 40
0
 40
1
 40
1
 40
1
 40
1
 10
33.166273
 20
263.203593
 30
0.0
 10
33.421266
 20
263.010421
 30
0.0
 10
33.675654
 20
262.817585
 30
0.0
 10
33.930075
 20
262.624056
 30
0.0
  0
LINE
  5
5f9
100
AcDbEntity
  8
0
 62
7
100
AcDbLine
 10
33.930075
 20
262.624056
 30
0.0
 11
33.166273
 21
262.624056
 31
0.0
  0
LINE
  5
5fa
100
AcDbEntity
  8
0
 62
7
100
AcDbLine
 10
33.166273
 20
262.624056
 30
0.0
 11
33.166273
 21
263.203593
 31
0.0
  0
LINE
  5
5fb
100
AcDbEntity
  8
0
 62
7
100
AcDbLine
 10
33.166273
 20
263.203593
 30
0.0
 11
33.166273
 21
263.203593
 31
0.0
  0
LINE
  5
5fc
100
AcDbEntity
  8
0
 62
7
100
AcDbLine
 10
33.165736
 20
262.388018
 30
0.0
 11
34.023783
 21
262.388018
 31
0.0
  0
SPLINE
  5
5fd
100
AcDbEntity
  8
0
 62
7
100
AcDbSpline
 70
8
 71
3
 72
8
 73
4
 74
0
 40
0
 40
0
 40
0
 40
0
 40
1
 40
1
 40
1
 40
1
 10
34.023783
 20
262.388018
 30
0.0
 10
33.737622
 20
262.202844
 30
0.0
 10
33.451393
 20
262.017334
 30
0.0
 10
33.165736
 20
261.832202
 30
0.0
  0
LINE
  5
5fe
100
AcDbEntity
  8
0
 62
7
100
AcDbLine
 10
33.165736
 20
261.832202
 30
0.0
 11
33.165736
 21
262.388018
 31
0.0
  0
LINE
  5
5ff
100
AcDbEntity
  8
0
 62
7
100
AcDbLine
 10
33.165736
 20
262.388018
 30
0.0
 11
33.165736
 21
262.388018
 31
0.0
  0
SPLINE
  5
600
100
AcDbEntity
  8
0
 62
7
100
AcDbSpline
 70
8
 71
3
 72
8
 73
4
 74
0
 40
0
 40
0
 40
0
 40
0
 40
1
 40
1
 40
1
 40
1
 10
36.624760
 20
263.818020
 30
0.0
 10
37.029248
 20
264.124866
 30
0.0
 10
37.433737
 20
264.431754
 30
0.0
 10
37.838259
 20
264.738579
 30
0.0
  0
SPLINE
  5
601
100
AcDbEntity
  8
0
 62
7
100
AcDbSpline
 70
8
 71
3
 72
8
 73
4
 74
0
 40
0
 40
0
 40
0
 40
0
 40
1
 40
1
 40
1
 40
1
 10
37.838259
 20
264.738579
 30
0.0
 10
37.905231
 20
264.116994
 30
0.0
 10
37.974890
 20
263.495052
 30
0.0
 10
38.047438
 20
262.873782
 30
0.0
  0
SPLINE
  5
602
100
AcDbEntity
  8
0
 62
7
100
AcDbSpline
 70
8
 71
3
 72
8
 73
4
 74
0
 40
0
 40
0
 40
0
 40
0
 40
1
 40
1
 40
1
 40
1
 10
38.047438
 20
262.873782
 30
0.0
 10
37.573425
 20
263.188521
 30
0.0
 10
37.099412
 20
263.503281
 30
0.0
 10
36.624760
 20
263.818020
 30
0.0
  0
LINE
  5
603
100
AcDbEntity
  8
0
 62
7
100
AcDbLine
 10
36.624760
 20
263.818020
 30
0.0
 11
36.624760
 21
263.818020
 31
0.0
  0
SPLINE
  5
604
100
AcDbEntity
  8
0
 62
7
100
AcDbSpline
 70
8
 71
3
 72
8
 73
4
 74
0
 40
0
 40
0
 40
0
 40
0
 40
1
 40
1
 40
1
 40
1
 10
36.364797
 20
263.620649
 30
0.0
 10
36.865848
 20
263.288319
 30
0.0
 10
37.366260
 20
262.956366
 30
0.0
 10
37.866740
 20
262.623720
 30
0.0
  0
LINE
  5
605
100
AcDbEntity
  8
0
 62
7
100
AcDbLine
 10
37.866740
 20
262.623720
 30
0.0
 11
36.246503
 21
262.623720
 31
0.0
  0
SPLINE
  5
606
100
AcDbEntity
  8
0
 62
7
100
AcDbSpline
 70
8
 71
3
 72
8
 73
4
 74
0
 40
0
 40
0
 40
0
 40
0
 40
1
 40
1
 40
1
 40
1
 10
36.246503
 20
262.623720
 30
0.0
 10
36.246503
 20
262.926389
 30
0.0
 10
36.245966
 20
263.228385
 30
0.0
 10
36.245966
 20
263.530697
 30
0.0
  0
LINE
  5
607
100
AcDbEntity
  8
0
 62
7
100
AcDbLine
 10
36.245966
 20
263.530697
 30
0.0
 11
36.246503
 21
263.531033
 31
0.0
  0
SPLINE
  5
608
100
AcDbEntity
  8
0
 62
7
100
AcDbSpline
 70
8
 71
3
 72
8
 73
4
 74
0
 40
0
 40
0
 40
0
 40
0
 40
1
 40
1
 40
1
 40
1
 10
36.246503
 20
263.531033
 30
0.0
 10
36.286136
 20
263.561010
 30
0.0
 10
36.325164
 20
263.591008
 30
0.0
 10
36.364797
 20
263.620649
 30
0.0
  0
LINE
  5
609
100
AcDbEntity
  8
0
 62
7
100
AcDbLine
 10
36.364797
 20
263.620649
 30
0.0
 11
36.364797
 21
263.620649
 31
0.0
  0
LINE
  5
60a
100
AcDbEntity
  8
0
 62
7
100
AcDbLine
 10
35.814172
 20
263.203593
 30
0.0
 11
35.814172
 21
262.624056
 31
0.0
  0
LINE
  5
60b
100
AcDbEntity
  8
0
 62
7
100
AcDbLine
 10
35.814172
 20
262.624056
 30
0.0
 11
35.050370
 21
262.624056
 31
0.0
  0
SPLINE
  5
60c
100
AcDbEntity
  8
0
 62
7
100
AcDbSpline
 70
8
 71
3
 72
8
 73
4
 74
0
 40
0
 40
0
 40
0
 40
0
 40
1
 40
1
 40
1
 40
1
 10
35.050370
 20
262.624056
 30
0.0
 10
35.305362
 20
262.817585
 30
0.0
 10
35.559179
 20
263.010421
 30
0.0
 10
35.814172
 20
263.203593
 30
0.0
  0
LINE
  5
60d
100
AcDbEntity
  8
0
 62
7
100
AcDbLine
 10
35.814172
 20
263.203593
 30
0.0
 11
35.814172
 21
263.203593
 31
0.0
  0
LINE
  5
60e
100
AcDbEntity
  8
0
 62
7
100
AcDbLine
 10
34.956091
 20
262.387976
 30
0.0
 11
35.814743
 21
262.387976
 31
0.0
  0
LINE
  5
60f
100
AcDbEntity
  8
0
 62
7
100
AcDbLine
 10
35.814743
 20
262.387976
 30
0.0
 11
35.814743
 21
261.832139
 31
0.0
  0
SPLINE
  5
610
100
AcDbEntity
  8
0
 62
7
100
AcDbSpline
 70
8
 71
3
 72
8
 73
4
 74
0
 40
0
 40
0
 40
0
 40
0
 40
1
 40
1
 40
1
 40
1
 10
35.814743
 20
261.832139
 30
0.0
 10
35.528514
 20
262.017292
 30
0.0
 10
35.242319
 20
262.202823
 30
0.0
 10
34.956091
 20
262.387976
 30
0.0
  0
LINE
  5
611
100
AcDbEntity
  8
0
 62
7
100
AcDbLine
 10
34.956091
 20
262.387976
 30
0.0
 11
34.956091
 21
262.387976
 31
0.0
  0
SPLINE
  5
612
100
AcDbEntity
  8
0
 62
7
100
AcDbSpline
 70
8
 71
3
 72
8
 73
4
 74
0
 40
0
 40
0
 40
0
 40
0
 40
1
 40
1
 40
1
 40
1
 10
34.770321
 20
262.143582
 30
0.0
 10
35.118450
 20
261.917956
 30
0.0
 10
35.466613
 20
261.692707
 30
0.0
 10
35.815280
 20
261.466745
 30
0.0
  0
SPLINE
  5
613
100
AcDbEntity
  8
0
 62
7
100
AcDbSpline
 70
8
 71
3
 72
8
 73
4
 74
0
 40
0
 40
0
 40
0
 40
0
 40
1
 40
1
 40
1
 40
1
 10
35.815280
 20
261.466745
 30
0.0
 10
35.815280
 20
261.299688
 30
0.0
 10
35.815817
 20
261.133029
 30
0.0
 10
35.815817
 20
260.965971
 30
0.0
  0
SPLINE
  5
614
100
AcDbEntity
  8
0
 62
7
100
AcDbSpline
 70
8
 71
3
 72
8
 73
4
 74
0
 40
0
 40
0
 40
0
 40
0
 40
1
 40
1
 40
1
 40
1
 10
35.815817
 20
260.965971
 30
0.0
 10
35.469938
 20
260.727813
 30
0.0
 10
35.123489
 20
260.489297
 30
0.0
 10
34.777576
 20
260.250823
 30
0.0
  0
SPLINE
  5
615
100
AcDbEntity
  8
0
 62
7
100
AcDbSpline
 70
8
 71
3
 72
8
 73
4
 74
0
 40
0
 40
0
 40
0
 40
0
 40
1
 40
1
 40
1
 40
1
 10
34.777576
 20
260.250823
 30
0.0
 10
34.774822
 20
260.881477
 30
0.0
 10
34.772538
 20
261.512551
 30
0.0
 10
34.770321
 20
262.143582
 30
0.0
  0
LINE
  5
616
100
AcDbEntity
  8
0
 62
7
100
AcDbLine
 10
34.770321
 20
262.143582
 30
0.0
 11
34.770321
 21
262.143582
 31
0.0
  0
SPLINE
  5
617
100
AcDbEntity
  8
0
 62
7
100
AcDbSpline
 70
8
 71
3
 72
8
 73
4
 74
0
 40
0
 40
0
 40
0
 40
0
 40
1
 40
1
 40
1
 40
1
 10
34.234138
 20
262.159200
 30
0.0
 10
34.236892
 20
261.549329
 30
0.0
 10
34.239176
 20
260.940151
 30
0.0
 10
34.240822
 20
260.330259
 30
0.0
  0
SPLINE
  5
618
100
AcDbEntity
  8
0
 62
7
100
AcDbSpline
 70
8
 71
3
 72
8
 73
4
 74
0
 40
0
 40
0
 40
0
 40
0
 40
1
 40
1
 40
1
 40
1
 10
34.240822
 20
260.330259
 30
0.0
 10
34.240822
 20
260.295747
 30
0.0
 10
34.240285
 20
260.261194
 30
0.0
 10
34.240285
 20
260.226682
 30
0.0
  0
SPLINE
  5
619
100
AcDbEntity
  8
0
 62
7
100
AcDbSpline
 70
8
 71
3
 72
8
 73
4
 74
0
 40
0
 40
0
 40
0
 40
0
 40
1
 40
1
 40
1
 40
1
 10
34.240285
 20
260.226682
 30
0.0
 10
33.881542
 20
260.475652
 30
0.0
 10
33.523404
 20
260.724622
 30
0.0
 10
33.164627
 20
260.973592
 30
0.0
  0
SPLINE
  5
61a
100
AcDbEntity
  8
0
 62
7
100
AcDbSpline
 70
8
 71
3
 72
8
 73
4
 74
0
 40
0
 40
0
 40
0
 40
0
 40
1
 40
1
 40
1
 40
1
 10
33.164627
 20
260.973592
 30
0.0
 10
33.165198
 20
261.137857
 30
0.0
 10
33.165198
 20
261.302417
 30
0.0
 10
33.165198
 20
261.466682
 30
0.0
  0
LINE
  5
61b
100
AcDbEntity
  8
0
 62
7
100
AcDbLine
 10
33.165198
 20
261.466682
 30
0.0
 11
33.165736
 21
261.467060
 31
0.0
  0
SPLINE
  5
61c
100
AcDbEntity
  8
0
 62
7
100
AcDbSpline
 70
8
 71
3
 72
8
 73
4
 74
0
 40
0
 40
0
 40
0
 40
0
 40
1
 40
1
 40
1
 40
1
 10
33.165736
 20
261.467060
 30
0.0
 10
33.521691
 20
261.697892
 30
0.0
 10
33.878183
 20
261.928725
 30
0.0
 10
34.234138
 20
262.159200
 30
0.0
  0
LINE
  5
61d
100
AcDbEntity
  8
0
 62
7
100
AcDbLine
 10
34.234138
 20
262.159200
 30
0.0
 11
34.234138
 21
262.159200
 31
0.0
  0
SPLINE
  5
61e
100
AcDbEntity
  8
0
 62
7
100
AcDbSpline
 70
8
 71
3
 72
8
 73
4
 74
0
 40
0
 40
0
 40
0
 40
0
 40
1
 40
1
 40
1
 40
1
 10
33.165198
 20
260.594259
 30
0.0
 10
33.442459
 20
260.401759
 30
0.0
 10
33.720324
 20
260.208944
 30
0.0
 10
33.998156
 20
260.016086
 30
0.0
  0
LINE
  5
61f
100
AcDbEntity
  8
0
 62
7
100
AcDbLine
 10
33.998156
 20
260.016086
 30
0.0
 11
33.165198
 21
260.016086
 31
0.0
  0
LINE
  5
620
100
AcDbEntity
  8
0
 62
7
100
AcDbLine
 10
33.165198
 20
260.016086
 30
0.0
 11
33.165198
 21
260.594259
 31
0.0
  0
LINE
  5
621
100
AcDbEntity
  8
0
 62
7
100
AcDbLine
 10
33.165198
 20
260.594259
 30
0.0
 11
33.165198
 21
260.594259
 31
0.0
  0
LINE
  5
622
100
AcDbEntity
  8
0
 62
7
100
AcDbLine
 10
33.165198
 20
259.780027
 30
0.0
 11
33.910561
 21
259.780027
 31
0.0
  0
SPLINE
  5
623
100
AcDbEntity
  8
0
 62
7
100
AcDbSpline
 70
8
 71
3
 72
8
 73
4
 74
0
 40
0
 40
0
 40
0
 40
0
 40
1
 40
1
 40
1
 40
1
 10
33.910561
 20
259.780027
 30
0.0
 10
33.662252
 20
259.624179
 30
0.0
 10
33.413440
 20
259.468311
 30
0.0
 10
33.164627
 20
259.312400
 30
0.0
  0
SPLINE
  5
624
100
AcDbEntity
  8
0
 62
7
100
AcDbSpline
 70
8
 71
3
 72
8
 73
4
 74
0
 40
0
 40
0
 40
0
 40
0
 40
1
 40
1
 40
1
 40
1
 10
33.164627
 20
259.312400
 30
0.0
 10
33.164627
 20
259.468290
 30
0.0
 10
33.164627
 20
259.624137
 30
0.0
 10
33.165198
 20
259.780027
 30
0.0
  0
LINE
  5
625
100
AcDbEntity
  8
0
 62
7
100
AcDbLine
 10
33.165198
 20
259.780027
 30
0.0
 11
33.165198
 21
259.780027
 31
0.0
  0
SPLINE
  5
626
100
AcDbEntity
  8
0
 62
7
100
AcDbSpline
 70
8
 71
3
 72
8
 73
4
 74
0
 40
0
 40
0
 40
0
 40
0
 40
1
 40
1
 40
1
 40
1
 10
32.736125
 20
267.510121
 30
0.0
 10
32.736125
 20
267.408980
 30
0.0
 10
32.735587
 20
267.307880
 30
0.0
 10
32.735587
 20
267.206718
 30
0.0
  0
LINE
  5
627
100
AcDbEntity
  8
0
 62
7
100
AcDbLine
 10
32.735587
 20
267.206718
 30
0.0
 11
31.992475
 21
267.206718
 31
0.0
  0
SPLINE
  5
628
100
AcDbEntity
  8
0
 62
7
100
AcDbSpline
 70
8
 71
3
 72
8
 73
4
 74
0
 40
0
 40
0
 40
0
 40
0
 40
1
 40
1
 40
1
 40
1
 10
31.992475
 20
267.206718
 30
0.0
 10
31.869748
 20
267.307880
 30
0.0
 10
31.746987
 20
267.408980
 30
0.0
 10
31.624261
 20
267.510121
 30
0.0
  0
LINE
  5
629
100
AcDbEntity
  8
0
 62
7
100
AcDbLine
 10
31.624261
 20
267.510121
 30
0.0
 11
32.736125
 21
267.510121
 31
0.0
  0
LINE
  5
62a
100
AcDbEntity
  8
0
 62
7
100
AcDbLine
 10
32.736125
 20
267.510121
 30
0.0
 11
32.736125
 21
267.510121
 31
0.0
  0
SPLINE
  5
62b
100
AcDbEntity
  8
0
 62
7
100
AcDbSpline
 70
8
 71
3
 72
8
 73
4
 74
0
 40
0
 40
0
 40
0
 40
0
 40
1
 40
1
 40
1
 40
1
 10
31.644278
 20
267.746181
 30
0.0
 10
32.008664
 20
268.020237
 30
0.0
 10
32.372344
 20
268.293998
 30
0.0
 10
32.736091
 20
268.568075
 30
0.0
  0
LINE
  5
62c
100
AcDbEntity
  8
0
 62
7
100
AcDbLine
 10
32.736091
 20
268.568075
 30
0.0
 11
32.736091
 21
267.746181
 31
0.0
  0
LINE
  5
62d
100
AcDbEntity
  8
0
 62
7
100
AcDbLine
 10
32.736091
 20
267.746181
 30
0.0
 11
31.644278
 21
267.746181
 31
0.0
  0
LINE
  5
62e
100
AcDbEntity
  8
0
 62
7
100
AcDbLine
 10
31.644278
 20
267.746181
 30
0.0
 11
31.644278
 21
267.746181
 31
0.0
  0
LINE
  5
62f
100
AcDbEntity
  8
0
 62
7
100
AcDbLine
 10
32.735587
 20
266.970323
 30
0.0
 11
32.735587
 21
266.624746
 31
0.0
  0
SPLINE
  5
630
100
AcDbEntity
  8
0
 62
7
100
AcDbSpline
 70
8
 71
3
 72
8
 73
4
 74
0
 40
0
 40
0
 40
0
 40
0
 40
1
 40
1
 40
1
 40
1
 10
32.735587
 20
266.624746
 30
0.0
 10
32.728903
 20
266.620211
 30
0.0
 10
32.723328
 20
266.615320
 30
0.0
 10
32.716611
 20
266.610786
 30
0.0
  0
SPLINE
  5
631
100
AcDbEntity
  8
0
 62
7
100
AcDbSpline
 70
8
 71
3
 72
8
 73
4
 74
0
 40
0
 40
0
 40
0
 40
0
 40
1
 40
1
 40
1
 40
1
 10
32.716611
 20
266.610786
 30
0.0
 10
32.570473
 20
266.730757
 30
0.0
 10
32.425378
 20
266.850708
 30
0.0
 10
32.279241
 20
266.970659
 30
0.0
  0
LINE
  5
632
100
AcDbEntity
  8
0
 62
7
100
AcDbLine
 10
32.279241
 20
266.970659
 30
0.0
 11
32.735050
 21
266.970659
 31
0.0
  0
LINE
  5
633
100
AcDbEntity
  8
0
 62
7
100
AcDbLine
 10
32.735050
 20
266.970659
 30
0.0
 11
32.735587
 21
266.970323
 31
0.0
  0
SPLINE
  5
634
100
AcDbEntity
  8
0
 62
7
100
AcDbSpline
 70
8
 71
3
 72
8
 73
4
 74
0
 40
0
 40
0
 40
0
 40
0
 40
1
 40
1
 40
1
 40
1
 10
32.735587
 20
266.168644
 30
0.0
 10
32.735050
 20
265.846432
 30
0.0
 10
32.735050
 20
265.524240
 30
0.0
 10
32.735050
 20
265.202028
 30
0.0
  0
LINE
  5
635
100
AcDbEntity
  8
0
 62
7
100
AcDbLine
 10
32.735050
 20
265.202028
 30
0.0
 11
31.374843
 21
265.202028
 31
0.0
  0
SPLINE
  5
636
100
AcDbEntity
  8
0
 62
7
100
AcDbSpline
 70
8
 71
3
 72
8
 73
4
 74
0
 40
0
 40
0
 40
0
 40
0
 40
1
 40
1
 40
1
 40
1
 10
31.374843
 20
265.202028
 30
0.0
 10
31.816714
 20
265.534002
 30
0.0
 10
32.258081
 20
265.865933
 30
0.0
 10
32.699313
 20
266.197928
 30
0.0
  0
SPLINE
  5
637
100
AcDbEntity
  8
0
 62
7
100
AcDbSpline
 70
8
 71
3
 72
8
 73
4
 74
0
 40
0
 40
0
 40
0
 40
0
 40
1
 40
1
 40
1
 40
1
 10
32.699313
 20
266.197928
 30
0.0
 10
32.711102
 20
266.188167
 30
0.0
 10
32.723328
 20
266.178741
 30
0.0
 10
32.735587
 20
266.168644
 30
0.0
  0
LINE
  5
638
100
AcDbEntity
  8
0
 62
7
100
AcDbLine
 10
32.735587
 20
266.168644
 30
0.0
 11
32.735587
 21
266.168644
 31
0.0
  0
LINE
  5
639
100
AcDbEntity
  8
0
 62
7
100
AcDbLine
 10
35.812425
 20
267.509785
 30
0.0
 11
35.812425
 21
267.206382
 31
0.0
  0
LINE
  5
63a
100
AcDbEntity
  8
0
 62
7
100
AcDbLine
 10
35.812425
 20
267.206382
 30
0.0
 11
35.471047
 21
267.206382
 31
0.0
  0
SPLINE
  5
63b
100
AcDbEntity
  8
0
 62
7
100
AcDbSpline
 70
8
 71
3
 72
8
 73
4
 74
0
 40
0
 40
0
 40
0
 40
0
 40
1
 40
1
 40
1
 40
1
 10
35.471047
 20
267.206382
 30
0.0
 10
35.336564
 20
267.307503
 30
0.0
 10
35.202116
 20
267.408623
 30
0.0
 10
35.067096
 20
267.509785
 30
0.0
  0
LINE
  5
63c
100
AcDbEntity
  8
0
 62
7
100
AcDbLine
 10
35.067096
 20
267.509785
 30
0.0
 11
35.812425
 21
267.509785
 31
0.0
  0
LINE
  5
63d
100
AcDbEntity
  8
0
 62
7
100
AcDbLine
 10
35.812425
 20
267.509785
 30
0.0
 11
35.812425
 21
267.509785
 31
0.0
  0
SPLINE
  5
63e
100
AcDbEntity
  8
0
 62
7
100
AcDbSpline
 70
8
 71
3
 72
8
 73
4
 74
0
 40
0
 40
0
 40
0
 40
0
 40
1
 40
1
 40
1
 40
1
 10
32.735050
 20
264.965989
 30
0.0
 10
32.735050
 20
264.667121
 30
0.0
 10
32.734512
 20
264.367958
 30
0.0
 10
32.734512
 20
264.069110
 30
0.0
  0
SPLINE
  5
63f
100
AcDbEntity
  8
0
 62
7
100
AcDbSpline
 70
8
 71
3
 72
8
 73
4
 74
0
 40
0
 40
0
 40
0
 40
0
 40
1
 40
1
 40
1
 40
1
 10
32.734512
 20
264.069110
 30
0.0
 10
32.702705
 20
264.047824
 30
0.0
 10
32.671470
 20
264.026915
 30
0.0
 10
32.639092
 20
264.005629
 30
0.0
  0
SPLINE
  5
640
100
AcDbEntity
  8
0
 62
7
100
AcDbSpline
 70
8
 71
3
 72
8
 73
4
 74
0
 40
0
 40
0
 40
0
 40
0
 40
1
 40
1
 40
1
 40
1
 10
32.639092
 20
264.005629
 30
0.0
 10
32.217273
 20
264.325721
 30
0.0
 10
31.794983
 20
264.645834
 30
0.0
 10
31.372593
 20
264.965989
 30
0.0
  0
LINE
  5
641
100
AcDbEntity
  8
0
 62
7
100
AcDbLine
 10
31.372593
 20
264.965989
 30
0.0
 11
32.735050
 21
264.965989
 31
0.0
  0
LINE
  5
642
100
AcDbEntity
  8
0
 62
7
100
AcDbLine
 10
32.735050
 20
264.965989
 30
0.0
 11
32.735050
 21
264.965989
 31
0.0
  0
SPLINE
  5
643
100
AcDbEntity
  8
0
 62
7
100
AcDbSpline
 70
8
 71
3
 72
8
 73
4
 74
0
 40
0
 40
0
 40
0
 40
0
 40
1
 40
1
 40
1
 40
1
 10
32.734512
 20
263.531033
 30
0.0
 10
32.734512
 20
263.228742
 30
0.0
 10
32.733941
 20
262.926389
 30
0.0
 10
32.733941
 20
262.624056
 30
0.0
  0
LINE
  5
644
100
AcDbEntity
  8
0
 62
7
100
AcDbLine
 10
32.733941
 20
262.624056
 30
0.0
 11
31.116593
 21
262.624056
 31
0.0
  0
SPLINE
  5
645
100
AcDbEntity
  8
0
 62
7
100
AcDbSpline
 70
8
 71
3
 72
8
 73
4
 74
0
 40
0
 40
0
 40
0
 40
0
 40
1
 40
1
 40
1
 40
1
 10
31.116593
 20
262.624056
 30
0.0
 10
31.616502
 20
262.956387
 30
0.0
 10
32.116881
 20
263.288361
 30
0.0
 10
32.616253
 20
263.620313
 30
0.0
  0
SPLINE
  5
646
100
AcDbEntity
  8
0
 62
7
100
AcDbSpline
 70
8
 71
3
 72
8
 73
4
 74
0
 40
0
 40
0
 40
0
 40
0
 40
1
 40
1
 40
1
 40
1
 10
32.616253
 20
263.620313
 30
0.0
 10
32.655852
 20
263.590672
 30
0.0
 10
32.694913
 20
263.561010
 30
0.0
 10
32.734512
 20
263.531033
 30
0.0
  0
LINE
  5
647
100
AcDbEntity
  8
0
 62
7
100
AcDbLine
 10
32.734512
 20
263.531033
 30
0.0
 11
32.734512
 21
263.531033
 31
0.0
  0
SPLINE
  5
648
100
AcDbEntity
  8
0
 62
7
100
AcDbSpline
 70
8
 71
3
 72
8
 73
4
 74
0
 40
0
 40
0
 40
0
 40
0
 40
1
 40
1
 40
1
 40
1
 10
32.733941
 20
262.387661
 30
0.0
 10
32.733941
 20
262.109071
 30
0.0
 10
32.733941
 20
261.830774
 30
0.0
 10
32.733370
 20
261.551806
 30
0.0
  0
SPLINE
  5
649
100
AcDbEntity
  8
0
 62
7
100
AcDbSpline
 70
8
 71
3
 72
8
 73
4
 74
0
 40
0
 40
0
 40
0
 40
0
 40
1
 40
1
 40
1
 40
1
 10
32.733370
 20
261.551806
 30
0.0
 10
32.664215
 20
261.507177
 30
0.0
 10
32.595059
 20
261.462568
 30
0.0
 10
32.525836
 20
261.417560
 30
0.0
  0
SPLINE
  5
64a
100
AcDbEntity
  8
0
 62
7
100
AcDbSpline
 70
8
 71
3
 72
8
 73
4
 74
0
 40
0
 40
0
 40
0
 40
0
 40
1
 40
1
 40
1
 40
1
 10
32.525836
 20
261.417560
 30
0.0
 10
32.060522
 20
261.741158
 30
0.0
 10
31.594670
 20
262.064399
 30
0.0
 10
31.129356
 20
262.387661
 30
0.0
  0
LINE
  5
64b
100
AcDbEntity
  8
0
 62
7
100
AcDbLine
 10
31.129356
 20
262.387661
 30
0.0
 11
32.733941
 21
262.387661
 31
0.0
  0
LINE
  5
64c
100
AcDbEntity
  8
0
 62
7
100
AcDbLine
 10
32.733941
 20
262.387661
 30
0.0
 11
32.733941
 21
262.387661
 31
0.0
  0
LINE
  5
64d
100
AcDbEntity
  8
0
 62
7
100
AcDbLine
 10
36.245966
 20
264.965989
 30
0.0
 11
37.608356
 21
264.965989
 31
0.0
  0
SPLINE
  5
64e
100
AcDbEntity
  8
0
 62
7
100
AcDbSpline
 70
8
 71
3
 72
8
 73
4
 74
0
 40
0
 40
0
 40
0
 40
0
 40
1
 40
1
 40
1
 40
1
 10
37.608356
 20
264.965989
 30
0.0
 10
37.186604
 20
264.645855
 30
0.0
 10
36.764281
 20
264.326120
 30
0.0
 10
36.342428
 20
264.005629
 30
0.0
  0
SPLINE
  5
64f
100
AcDbEntity
  8
0
 62
7
100
AcDbSpline
 70
8
 71
3
 72
8
 73
4
 74
0
 40
0
 40
0
 40
0
 40
0
 40
1
 40
1
 40
1
 40
1
 10
36.342428
 20
264.005629
 30
0.0
 10
36.310084
 20
264.026915
 30
0.0
 10
36.278243
 20
264.048160
 30
0.0
 10
36.246470
 20
264.069446
 30
0.0
  0
SPLINE
  5
650
100
AcDbEntity
  8
0
 62
7
100
AcDbSpline
 70
8
 71
3
 72
8
 73
4
 74
0
 40
0
 40
0
 40
0
 40
0
 40
1
 40
1
 40
1
 40
1
 10
36.246470
 20
264.069446
 30
0.0
 10
36.246470
 20
264.368294
 30
0.0
 10
36.245932
 20
264.667121
 30
0.0
 10
36.245966
 20
264.965989
 30
0.0
  0
LINE
  5
651
100
AcDbEntity
  8
0
 62
7
100
AcDbLine
 10
36.245966
 20
264.965989
 30
0.0
 11
36.245966
 21
264.965989
 31
0.0
  0
SPLINE
  5
652
100
AcDbEntity
  8
0
 62
7
100
AcDbSpline
 70
8
 71
3
 72
8
 73
4
 74
0
 40
0
 40
0
 40
0
 40
0
 40
1
 40
1
 40
1
 40
1
 10
32.733337
 20
260.894492
 30
0.0
 10
32.733337
 20
260.601585
 30
0.0
 10
32.733337
 20
260.308993
 30
0.0
 10
32.732799
 20
260.016443
 30
0.0
  0
LINE
  5
653
100
AcDbEntity
  8
0
 62
7
100
AcDbLine
 10
32.732799
 20
260.016443
 30
0.0
 11
30.924576
 21
260.016443
 31
0.0
  0
SPLINE
  5
654
100
AcDbEntity
  8
0
 62
7
100
AcDbSpline
 70
8
 71
3
 72
8
 73
4
 74
0
 40
0
 40
0
 40
0
 40
0
 40
1
 40
1
 40
1
 40
1
 10
30.924576
 20
260.016443
 30
0.0
 10
31.454613
 20
260.359585
 30
0.0
 10
31.984615
 20
260.702685
 30
0.0
 10
32.515189
 20
261.046141
 30
0.0
  0
SPLINE
  5
655
100
AcDbEntity
  8
0
 62
7
100
AcDbSpline
 70
8
 71
3
 72
8
 73
4
 74
0
 40
0
 40
0
 40
0
 40
0
 40
1
 40
1
 40
1
 40
1
 10
32.515189
 20
261.046141
 30
0.0
 10
32.588275
 20
260.995592
 30
0.0
 10
32.660789
 20
260.945399
 30
0.0
 10
32.733337
 20
260.894828
 30
0.0
  0
LINE
  5
656
100
AcDbEntity
  8
0
 62
7
100
AcDbLine
 10
32.733337
 20
260.894828
 30
0.0
 11
32.733337
 21
260.894492
 31
0.0
  0
LINE
  5
657
100
AcDbEntity
  8
0
 62
7
100
AcDbLine
 10
32.732799
 20
259.780027
 30
0.0
 11
32.732799
 21
259.041829
 31
0.0
  0
SPLINE
  5
658
100
AcDbEntity
  8
0
 62
7
100
AcDbSpline
 70
8
 71
3
 72
8
 73
4
 74
0
 40
0
 40
0
 40
0
 40
0
 40
1
 40
1
 40
1
 40
1
 10
32.732799
 20
259.041829
 30
0.0
 10
32.534737
 20
258.917722
 30
0.0
 10
32.336674
 20
258.793552
 30
0.0
 10
32.138612
 20
258.669424
 30
0.0
  0
SPLINE
  5
659
100
AcDbEntity
  8
0
 62
7
100
AcDbSpline
 70
8
 71
3
 72
8
 73
4
 74
0
 40
0
 40
0
 40
0
 40
0
 40
1
 40
1
 40
1
 40
1
 10
32.138612
 20
258.669424
 30
0.0
 10
31.664934
 20
259.039772
 30
0.0
 10
31.191828
 20
259.409742
 30
0.0
 10
30.718150
 20
259.780090
 30
0.0
  0
LINE
  5
65a
100
AcDbEntity
  8
0
 62
7
100
AcDbLine
 10
30.718150
 20
259.780090
 30
0.0
 11
32.732228
 21
259.780090
 31
0.0
  0
LINE
  5
65b
100
AcDbEntity
  8
0
 62
7
100
AcDbLine
 10
32.732228
 20
259.780090
 30
0.0
 11
32.732799
 21
259.780027
 31
0.0
  0
LINE
  5
65c
100
AcDbEntity
  8
0
 62
7
100
AcDbLine
 10
36.247074
 20
262.387661
 30
0.0
 11
37.878429
 21
262.387661
 31
0.0
  0
SPLINE
  5
65d
100
AcDbEntity
  8
0
 62
7
100
AcDbSpline
 70
8
 71
3
 72
8
 73
4
 74
0
 40
0
 40
0
 40
0
 40
0
 40
1
 40
1
 40
1
 40
1
 10
37.878429
 20
262.387661
 30
0.0
 10
37.406934
 20
262.062677
 30
0.0
 10
36.934970
 20
261.737316
 30
0.0
 10
36.463576
 20
261.412669
 30
0.0
  0
SPLINE
  5
65e
100
AcDbEntity
  8
0
 62
7
100
AcDbSpline
 70
8
 71
3
 72
8
 73
4
 74
0
 40
0
 40
0
 40
0
 40
0
 40
1
 40
1
 40
1
 40
1
 10
36.463576
 20
261.412669
 30
0.0
 10
36.391566
 20
261.459062
 30
0.0
 10
36.319622
 20
261.505791
 30
0.0
 10
36.247645
 20
261.552163
 30
0.0
  0
SPLINE
  5
65f
100
AcDbEntity
  8
0
 62
7
100
AcDbSpline
 70
8
 71
3
 72
8
 73
4
 74
0
 40
0
 40
0
 40
0
 40
0
 40
1
 40
1
 40
1
 40
1
 10
36.247645
 20
261.552163
 30
0.0
 10
36.247074
 20
261.830648
 30
0.0
 10
36.247074
 20
262.109176
 30
0.0
 10
36.247074
 20
262.387661
 30
0.0
  0
LINE
  5
660
100
AcDbEntity
  8
0
 62
7
100
AcDbLine
 10
36.247074
 20
262.387661
 30
0.0
 11
36.247074
 21
262.387661
 31
0.0
  0
SPLINE
  5
661
100
AcDbEntity
  8
0
 62
7
100
AcDbSpline
 70
8
 71
3
 72
8
 73
4
 74
0
 40
0
 40
0
 40
0
 40
0
 40
1
 40
1
 40
1
 40
1
 10
33.165736
 20
258.953619
 30
0.0
 10
33.523404
 20
259.177503
 30
0.0
 10
33.880400
 20
259.401345
 30
0.0
 10
34.237497
 20
259.625208
 30
0.0
  0
SPLINE
  5
662
100
AcDbEntity
  8
0
 62
7
100
AcDbSpline
 70
8
 71
3
 72
8
 73
4
 74
0
 40
0
 40
0
 40
0
 40
0
 40
1
 40
1
 40
1
 40
1
 10
34.237497
 20
259.625208
 30
0.0
 10
34.230780
 20
259.121348
 30
0.0
 10
34.217378
 20
258.617426
 30
0.0
 10
34.196823
 20
258.113566
 30
0.0
  0
LINE
  5
663
100
AcDbEntity
  8
0
 62
7
100
AcDbLine
 10
34.196823
 20
258.113566
 30
0.0
 11
33.165803
 21
258.113566
 31
0.0
  0
LINE
  5
664
100
AcDbEntity
  8
0
 62
7
100
AcDbLine
 10
33.165803
 20
258.113566
 30
0.0
 11
33.165198
 21
258.113566
 31
0.0
  0
SPLINE
  5
665
100
AcDbEntity
  8
0
 62
7
100
AcDbSpline
 70
8
 71
3
 72
8
 73
4
 74
0
 40
0
 40
0
 40
0
 40
0
 40
1
 40
1
 40
1
 40
1
 10
33.165198
 20
258.113566
 30
0.0
 10
33.165198
 20
258.285158
 30
0.0
 10
33.165736
 20
258.457065
 30
0.0
 10
33.165736
 20
258.628636
 30
0.0
  0
LINE
  5
666
100
AcDbEntity
  8
0
 62
7
100
AcDbLine
 10
33.165736
 20
258.628636
 30
0.0
 11
33.165736
 21
258.953619
 31
0.0
  0
LINE
  5
667
100
AcDbEntity
  8
0
 62
7
100
AcDbLine
 10
33.165736
 20
258.953619
 30
0.0
 11
33.165736
 21
258.953619
 31
0.0
  0
LINE
  5
668
100
AcDbEntity
  8
0
 62
7
100
AcDbLine
 10
32.732228
 20
258.683006
 30
0.0
 11
32.732228
 21
258.205261
 31
0.0
  0
SPLINE
  5
669
100
AcDbEntity
  8
0
 62
7
100
AcDbSpline
 70
8
 71
3
 72
8
 73
4
 74
0
 40
0
 40
0
 40
0
 40
0
 40
1
 40
1
 40
1
 40
1
 10
32.732228
 20
258.205261
 30
0.0
 10
32.618973
 20
258.293513
 30
0.0
 10
32.506255
 20
258.382416
 30
0.0
 10
32.393033
 20
258.470647
 30
0.0
  0
SPLINE
  5
66a
100
AcDbEntity
  8
0
 62
7
100
AcDbSpline
 70
8
 71
3
 72
8
 73
4
 74
0
 40
0
 40
0
 40
0
 40
0
 40
1
 40
1
 40
1
 40
1
 10
32.393033
 20
258.470647
 30
0.0
 10
32.506255
 20
258.541433
 30
0.0
 10
32.619510
 20
258.612220
 30
0.0
 10
32.732228
 20
258.683006
 30
0.0
  0
LINE
  5
66b
100
AcDbEntity
  8
0
 62
7
100
AcDbLine
 10
32.732228
 20
258.683006
 30
0.0
 11
32.732228
 21
258.683006
 31
0.0
  0
LINE
  5
66c
100
AcDbEntity
  8
0
 62
7
100
AcDbLine
 10
32.737267
 20
270.778869
 30
0.0
 11
32.737267
 21
270.612147
 31
0.0
  0
SPLINE
  5
66d
100
AcDbEntity
  8
0
 62
7
100
AcDbSpline
 70
8
 71
3
 72
8
 73
4
 74
0
 40
0
 40
0
 40
0
 40
0
 40
1
 40
1
 40
1
 40
1
 10
32.737267
 20
270.612147
 30
0.0
 10
32.737267
 20
270.441290
 30
0.0
 10
32.737267
 20
270.270769
 30
0.0
 10
32.736729
 20
270.100248
 30
0.0
  0
LINE
  5
66e
100
AcDbEntity
  8
0
 62
7
100
AcDbLine
 10
32.736729
 20
270.100248
 30
0.0
 11
31.857421
 21
270.100248
 31
0.0
  0
SPLINE
  5
66f
100
AcDbEntity
  8
0
 62
7
100
AcDbSpline
 70
8
 71
3
 72
8
 73
4
 74
0
 40
0
 40
0
 40
0
 40
0
 40
1
 40
1
 40
1
 40
1
 10
31.857421
 20
270.100248
 30
0.0
 10
32.150267
 20
270.326483
 30
0.0
 10
32.443615
 20
270.552718
 30
0.0
 10
32.737267
 20
270.778869
 30
0.0
  0
LINE
  5
670
100
AcDbEntity
  8
0
 62
7
100
AcDbLine
 10
32.737267
 20
270.778869
 30
0.0
 11
32.737267
 21
270.778869
 31
0.0
  0
LINE
  5
671
100
AcDbEntity
  8
0
 62
7
100
AcDbLine
 10
32.736729
 20
269.863516
 30
0.0
 11
32.736729
 21
269.138166
 31
0.0
  0
SPLINE
  5
672
100
AcDbEntity
  8
0
 62
7
100
AcDbSpline
 70
8
 71
3
 72
8
 73
4
 74
0
 40
0
 40
0
 40
0
 40
0
 40
1
 40
1
 40
1
 40
1
 10
32.736729
 20
269.138166
 30
0.0
 10
32.439316
 20
269.379809
 30
0.0
 10
32.141971
 20
269.622188
 30
0.0
 10
31.844591
 20
269.863516
 30
0.0
  0
LINE
  5
673
100
AcDbEntity
  8
0
 62
7
100
AcDbLine
 10
31.844591
 20
269.863516
 30
0.0
 11
32.736729
 21
269.863516
 31
0.0
  0
LINE
  5
674
100
AcDbEntity
  8
0
 62
7
100
AcDbLine
 10
32.736729
 20
269.863516
 30
0.0
 11
32.736729
 21
269.863516
 31
0.0
  0
SPLINE
  5
675
100
AcDbEntity
  8
0
 62
7
100
AcDbSpline
 70
8
 71
3
 72
8
 73
4
 74
0
 40
0
 40
0
 40
0
 40
0
 40
1
 40
1
 40
1
 40
1
 10
31.592991
 20
269.645930
 30
0.0
 10
31.920531
 20
269.379159
 30
0.0
 10
32.247434
 20
269.113080
 30
0.0
 10
32.574403
 20
268.846707
 30
0.0
  0
SPLINE
  5
676
100
AcDbEntity
  8
0
 62
7
100
AcDbSpline
 70
8
 71
3
 72
8
 73
4
 74
0
 40
0
 40
0
 40
0
 40
0
 40
1
 40
1
 40
1
 40
1
 10
32.574403
 20
268.846707
 30
0.0
 10
32.200580
 20
268.565640
 30
0.0
 10
31.827361
 20
268.284237
 30
0.0
 10
31.453571
 20
268.003191
 30
0.0
  0
SPLINE
  5
677
100
AcDbEntity
  8
0
 62
7
100
AcDbSpline
 70
8
 71
3
 72
8
 73
4
 74
0
 40
0
 40
0
 40
0
 40
0
 40
1
 40
1
 40
1
 40
1
 10
31.453571
 20
268.003191
 30
0.0
 10
31.502071
 20
268.550673
 30
0.0
 10
31.548421
 20
269.098448
 30
0.0
 10
31.592991
 20
269.645930
 30
0.0
  0
LINE
  5
678
100
AcDbEntity
  8
0
 62
7
100
AcDbLine
 10
31.592991
 20
269.645930
 30
0.0
 11
31.592991
 21
269.645930
 31
0.0
  0
SPLINE
  5
679
100
AcDbEntity
  8
0
 62
7
100
AcDbSpline
 70
8
 71
3
 72
8
 73
4
 74
0
 40
0
 40
0
 40
0
 40
0
 40
1
 40
1
 40
1
 40
1
 10
31.387674
 20
267.278239
 30
0.0
 10
31.416659
 20
267.254518
 30
0.0
 10
31.445678
 20
267.230838
 30
0.0
 10
31.474731
 20
267.206760
 30
0.0
  0
LINE
  5
67a
100
AcDbEntity
  8
0
 62
7
100
AcDbLine
 10
31.474731
 20
267.206760
 30
0.0
 11
31.381561
 21
267.206760
 31
0.0
  0
SPLINE
  5
67b
100
AcDbEntity
  8
0
 62
7
100
AcDbSpline
 70
8
 71
3
 72
8
 73
4
 74
0
 40
0
 40
0
 40
0
 40
0
 40
1
 40
1
 40
1
 40
1
 10
31.381561
 20
267.206760
 30
0.0
 10
31.383778
 20
267.230460
 30
0.0
 10
31.386028
 20
267.254182
 30
0.0
 10
31.387674
 20
267.278239
 30
0.0
  0
LINE
  5
67c
100
AcDbEntity
  8
0
 62
7
100
AcDbLine
 10
31.387674
 20
267.278239
 30
0.0
 11
31.387674
 21
267.278239
 31
0.0
  0
LINE
  5
67d
100
AcDbEntity
  8
0
 62
7
100
AcDbLine
 10
31.358655
 20
266.970659
 30
0.0
 11
31.761463
 21
266.970659
 31
0.0
  0
SPLINE
  5
67e
100
AcDbEntity
  8
0
 62
7
100
AcDbSpline
 70
8
 71
3
 72
8
 73
4
 74
0
 40
0
 40
0
 40
0
 40
0
 40
1
 40
1
 40
1
 40
1
 10
31.761463
 20
266.970659
 30
0.0
 10
31.945621
 20
266.819324
 30
0.0
 10
32.129140
 20
266.668011
 30
0.0
 10
32.313197
 20
266.516299
 30
0.0
  0
LINE
  5
67f
100
AcDbEntity
  8
0
 62
7
100
AcDbLine
 10
32.313197
 20
266.516299
 30
0.0
 11
31.315663
 21
266.516299
 31
0.0
  0
SPLINE
  5
680
100
AcDbEntity
  8
0
 62
7
100
AcDbSpline
 70
8
 71
3
 72
8
 73
4
 74
0
 40
0
 40
0
 40
0
 40
0
 40
1
 40
1
 40
1
 40
1
 10
31.315663
 20
266.516299
 30
0.0
 10
31.330173
 20
266.667633
 30
0.0
 10
31.344716
 20
266.818946
 30
0.0
 10
31.358655
 20
266.970659
 30
0.0
  0
LINE
  5
681
100
AcDbEntity
  8
0
 62
7
100
AcDbLine
 10
31.358655
 20
266.970659
 30
0.0
 11
31.358655
 21
266.970659
 31
0.0
  0
SPLINE
  5
682
100
AcDbEntity
  8
0
 62
7
100
AcDbSpline
 70
8
 71
3
 72
8
 73
4
 74
0
 40
0
 40
0
 40
0
 40
0
 40
1
 40
1
 40
1
 40
1
 10
36.745338
 20
261.229279
 30
0.0
 10
37.207293
 20
261.547650
 30
0.0
 10
37.669215
 20
261.866000
 30
0.0
 10
38.131204
 20
262.184370
 30
0.0
  0
SPLINE
  5
683
100
AcDbEntity
  8
0
 62
7
100
AcDbSpline
 70
8
 71
3
 72
8
 73
4
 74
0
 40
0
 40
0
 40
0
 40
0
 40
1
 40
1
 40
1
 40
1
 10
38.131204
 20
262.184370
 30
0.0
 10
38.198714
 20
261.632711
 30
0.0
 10
38.269012
 20
261.081430
 30
0.0
 10
38.342601
 20
260.530106
 30
0.0
  0
SPLINE
  5
684
100
AcDbEntity
  8
0
 62
7
100
AcDbSpline
 70
8
 71
3
 72
8
 73
4
 74
0
 40
0
 40
0
 40
0
 40
0
 40
1
 40
1
 40
1
 40
1
 10
38.342601
 20
260.530106
 30
0.0
 10
38.358756
 20
260.407721
 30
0.0
 10
38.375483
 20
260.285671
 30
0.0
 10
38.391705
 20
260.163285
 30
0.0
  0
SPLINE
  5
685
100
AcDbEntity
  8
0
 62
7
100
AcDbSpline
 70
8
 71
3
 72
8
 73
4
 74
0
 40
0
 40
0
 40
0
 40
0
 40
1
 40
1
 40
1
 40
1
 10
38.391705
 20
260.163285
 30
0.0
 10
37.842726
 20
260.518623
 30
0.0
 10
37.293746
 20
260.873899
 30
0.0
 10
36.745338
 20
261.229279
 30
0.0
  0
LINE
  5
686
100
AcDbEntity
  8
0
 62
7
100
AcDbLine
 10
36.745338
 20
261.229279
 30
0.0
 11
36.745338
 21
261.229279
 31
0.0
  0
SPLINE
  5
687
100
AcDbEntity
  8
0
 62
7
100
AcDbSpline
 70
8
 71
3
 72
8
 73
4
 74
0
 40
0
 40
0
 40
0
 40
0
 40
1
 40
1
 40
1
 40
1
 10
36.472477
 20
261.041292
 30
0.0
 10
37.000263
 20
260.699578
 30
0.0
 10
37.528620
 20
260.357843
 30
0.0
 10
38.056406
 20
260.016149
 30
0.0
  0
LINE
  5
688
100
AcDbEntity
  8
0
 62
7
100
AcDbLine
 10
38.056406
 20
260.016149
 30
0.0
 11
36.248183
 21
260.016149
 31
0.0
  0
SPLINE
  5
689
100
AcDbEntity
  8
0
 62
7
100
AcDbSpline
 70
8
 71
3
 72
8
 73
4
 74
0
 40
0
 40
0
 40
0
 40
0
 40
1
 40
1
 40
1
 40
1
 10
36.248183
 20
260.016149
 30
0.0
 10
36.247645
 20
260.305907
 30
0.0
 10
36.247645
 20
260.596400
 30
0.0
 10
36.247645
 20
260.886137
 30
0.0
  0
SPLINE
  5
68a
100
AcDbEntity
  8
0
 62
7
100
AcDbSpline
 70
8
 71
3
 72
8
 73
4
 74
0
 40
0
 40
0
 40
0
 40
0
 40
1
 40
1
 40
1
 40
1
 10
36.247645
 20
260.886137
 30
0.0
 10
36.322947
 20
260.937758
 30
0.0
 10
36.397712
 20
260.989693
 30
0.0
 10
36.472477
 20
261.041292
 30
0.0
  0
LINE
  5
68b
100
AcDbEntity
  8
0
 62
7
100
AcDbLine
 10
36.472477
 20
261.041292
 30
0.0
 11
36.472477
 21
261.041292
 31
0.0
  0
LINE
  5
68c
100
AcDbEntity
  8
0
 62
7
100
AcDbLine
 10
35.069917
 20
259.780363
 30
0.0
 11
35.815280
 21
259.780363
 31
0.0
  0
SPLINE
  5
68d
100
AcDbEntity
  8
0
 62
7
100
AcDbSpline
 70
8
 71
3
 72
8
 73
4
 74
0
 40
0
 40
0
 40
0
 40
0
 40
1
 40
1
 40
1
 40
1
 10
35.815280
 20
259.780363
 30
0.0
 10
35.815817
 20
259.624515
 30
0.0
 10
35.815817
 20
259.468647
 30
0.0
 10
35.815817
 20
259.312757
 30
0.0
  0
SPLINE
  5
68e
100
AcDbEntity
  8
0
 62
7
100
AcDbSpline
 70
8
 71
3
 72
8
 73
4
 74
0
 40
0
 40
0
 40
0
 40
0
 40
1
 40
1
 40
1
 40
1
 10
35.815817
 20
259.312757
 30
0.0
 10
35.567005
 20
259.468626
 30
0.0
 10
35.318763
 20
259.624473
 30
0.0
 10
35.069917
 20
259.780363
 30
0.0
  0
LINE
  5
68f
100
AcDbEntity
  8
0
 62
7
100
AcDbLine
 10
35.069917
 20
259.780363
 30
0.0
 11
35.069917
 21
259.780363
 31
0.0
  0
LINE
  5
690
100
AcDbEntity
  8
0
 62
7
100
AcDbLine
 10
35.815280
 20
260.589011
 30
0.0
 11
35.815280
 21
260.016443
 31
0.0
  0
LINE
  5
691
100
AcDbEntity
  8
0
 62
7
100
AcDbLine
 10
35.815280
 20
260.016443
 30
0.0
 11
34.984539
 21
260.016443
 31
0.0
  0
SPLINE
  5
692
100
AcDbEntity
  8
0
 62
7
100
AcDbSpline
 70
8
 71
3
 72
8
 73
4
 74
0
 40
0
 40
0
 40
0
 40
0
 40
1
 40
1
 40
1
 40
1
 10
34.984539
 20
260.016443
 30
0.0
 10
35.261229
 20
260.207201
 30
0.0
 10
35.538523
 20
260.397896
 30
0.0
 10
35.815280
 20
260.589011
 30
0.0
  0
LINE
  5
693
100
AcDbEntity
  8
0
 62
7
100
AcDbLine
 10
35.815280
 20
260.589011
 30
0.0
 11
35.815280
 21
260.589011
 31
0.0
  0
LINE
  5
694
100
AcDbEntity
  8
0
 62
7
100
AcDbLine
 10
36.245429
 20
266.970323
 30
0.0
 11
36.701809
 21
266.970323
 31
0.0
  0
SPLINE
  5
695
100
AcDbEntity
  8
0
 62
7
100
AcDbSpline
 70
8
 71
3
 72
8
 73
4
 74
0
 40
0
 40
0
 40
0
 40
0
 40
1
 40
1
 40
1
 40
1
 10
36.701809
 20
266.970323
 30
0.0
 10
36.555672
 20
266.850351
 30
0.0
 10
36.410576
 20
266.730757
 30
0.0
 10
36.264405
 20
266.610450
 30
0.0
  0
SPLINE
  5
696
100
AcDbEntity
  8
0
 62
7
100
AcDbSpline
 70
8
 71
3
 72
8
 73
4
 74
0
 40
0
 40
0
 40
0
 40
0
 40
1
 40
1
 40
1
 40
1
 10
36.264405
 20
266.610450
 30
0.0
 10
36.258259
 20
266.614984
 30
0.0
 10
36.252112
 20
266.619876
 30
0.0
 10
36.245429
 20
266.624389
 30
0.0
  0
LINE
  5
697
100
AcDbEntity
  8
0
 62
7
100
AcDbLine
 10
36.245429
 20
266.624389
 30
0.0
 11
36.245429
 21
266.969966
 31
0.0
  0
LINE
  5
698
100
AcDbEntity
  8
0
 62
7
100
AcDbLine
 10
36.245429
 20
266.969966
 30
0.0
 11
36.245429
 21
266.970323
 31
0.0
  0
LINE
  5
699
100
AcDbEntity
  8
0
 62
7
100
AcDbLine
 10
36.248216
 20
259.779691
 30
0.0
 11
38.262294
 21
259.779691
 31
0.0
  0
SPLINE
  5
69a
100
AcDbEntity
  8
0
 62
7
100
AcDbSpline
 70
8
 71
3
 72
8
 73
4
 74
0
 40
0
 40
0
 40
0
 40
0
 40
1
 40
1
 40
1
 40
1
 10
38.262294
 20
259.779691
 30
0.0
 10
37.789188
 20
259.409343
 30
0.0
 10
37.316081
 20
259.039373
 30
0.0
 10
36.841833
 20
258.669067
 30
0.0
  0
SPLINE
  5
69b
100
AcDbEntity
  8
0
 62
7
100
AcDbSpline
 70
8
 71
3
 72
8
 73
4
 74
0
 40
0
 40
0
 40
0
 40
0
 40
1
 40
1
 40
1
 40
1
 10
36.841833
 20
258.669067
 30
0.0
 10
36.643804
 20
258.793174
 30
0.0
 10
36.445708
 20
258.917323
 30
0.0
 10
36.248216
 20
259.041451
 30
0.0
  0
LINE
  5
69c
100
AcDbEntity
  8
0
 62
7
100
AcDbLine
 10
36.248216
 20
259.041451
 30
0.0
 11
36.248216
 21
259.779691
 31
0.0
  0
LINE
  5
69d
100
AcDbEntity
  8
0
 62
7
100
AcDbLine
 10
36.248216
 20
259.779691
 30
0.0
 11
36.248216
 21
259.779691
 31
0.0
  0
SPLINE
  5
69e
100
AcDbEntity
  8
0
 62
7
100
AcDbSpline
 70
8
 71
3
 72
8
 73
4
 74
0
 40
0
 40
0
 40
0
 40
0
 40
1
 40
1
 40
1
 40
1
 10
36.248787
 20
258.682691
 30
0.0
 10
36.361472
 20
258.611905
 30
0.0
 10
36.474727
 20
258.541118
 30
0.0
 10
36.588016
 20
258.470332
 30
0.0
  0
SPLINE
  5
69f
100
AcDbEntity
  8
0
 62
7
100
AcDbSpline
 70
8
 71
3
 72
8
 73
4
 74
0
 40
0
 40
0
 40
0
 40
0
 40
1
 40
1
 40
1
 40
1
 10
36.588016
 20
258.470332
 30
0.0
 10
36.474727
 20
258.382101
 30
0.0
 10
36.362043
 20
258.293198
 30
0.0
 10
36.248787
 20
258.204967
 30
0.0
  0
LINE
  5
6a0
100
AcDbEntity
  8
0
 62
7
100
AcDbLine
 10
36.248787
 20
258.204967
 30
0.0
 11
36.248787
 21
258.628636
 31
0.0
  0
LINE
  5
6a1
100
AcDbEntity
  8
0
 62
7
100
AcDbLine
 10
36.248787
 20
258.628636
 30
0.0
 11
36.248787
 21
258.682691
 31
0.0
  0
LINE
  5
6a2
100
AcDbEntity
  8
0
 62
7
100
AcDbLine
 10
36.248787
 20
258.682691
 30
0.0
 11
36.248787
 21
258.682691
 31
0.0
  0
LINE
  5
6a3
100
AcDbEntity
  8
0
 62
7
100
AcDbLine
 10
36.657709
 20
258.113566
 30
0.0
 11
36.879786
 21
258.287236
 31
0.0
  0
LINE
  5
6a4
100
AcDbEntity
  8
0
 62
7
100
AcDbLine
 10
36.879786
 20
258.287236
 30
0.0
 11
37.156543
 21
258.113566
 31
0.0
  0
LINE
  5
6a5
100
AcDbEntity
  8
0
 62
7
100
AcDbLine
 10
37.156543
 20
258.113566
 30
0.0
 11
36.657709
 21
258.113566
 31
0.0
  0
LINE
  5
6a6
100
AcDbEntity
  8
0
 62
7
100
AcDbLine
 10
36.657709
 20
258.113566
 30
0.0
 11
36.657709
 21
258.113566
 31
0.0
  0
SPLINE
  5
6a7
100
AcDbEntity
  8
0
 62
7
100
AcDbSpline
 70
8
 71
3
 72
8
 73
4
 74
0
 40
0
 40
0
 40
0
 40
0
 40
1
 40
1
 40
1
 40
1
 10
34.779793
 20
259.603229
 30
0.0
 10
35.125134
 20
259.386671
 30
0.0
 10
35.471047
 20
259.170135
 30
0.0
 10
35.816355
 20
258.953619
 30
0.0
  0
SPLINE
  5
6a8
100
AcDbEntity
  8
0
 62
7
100
AcDbSpline
 70
8
 71
3
 72
8
 73
4
 74
0
 40
0
 40
0
 40
0
 40
0
 40
1
 40
1
 40
1
 40
1
 10
35.816355
 20
258.953619
 30
0.0
 10
35.816355
 20
258.673580
 30
0.0
 10
35.816959
 20
258.393605
 30
0.0
 10
35.816959
 20
258.113566
 30
0.0
  0
LINE
  5
6a9
100
AcDbEntity
  8
0
 62
7
100
AcDbLine
 10
35.816959
 20
258.113566
 30
0.0
 11
34.785368
 21
258.113566
 31
0.0
  0
SPLINE
  5
6aa
100
AcDbEntity
  8
0
 62
7
100
AcDbSpline
 70
8
 71
3
 72
8
 73
4
 74
0
 40
0
 40
0
 40
0
 40
0
 40
1
 40
1
 40
1
 40
1
 10
34.785368
 20
258.113566
 30
0.0
 10
34.783722
 20
258.610120
 30
0.0
 10
34.781439
 20
259.106717
 30
0.0
 10
34.779793
 20
259.603229
 30
0.0
  0
LINE
  5
6ab
100
AcDbEntity
  8
0
 62
7
100
AcDbLine
 10
34.779793
 20
259.603229
 30
0.0
 11
34.779793
 21
259.603229
 31
0.0
  0
LINE
  5
6ac
100
AcDbEntity
  8
0
 62
7
100
AcDbLine
 10
31.825044
 20
258.113566
 30
0.0
 11
32.101767
 21
258.287236
 31
0.0
  0
LINE
  5
6ad
100
AcDbEntity
  8
0
 62
7
100
AcDbLine
 10
32.101767
 20
258.287236
 30
0.0
 11
32.323844
 21
258.113566
 31
0.0
  0
LINE
  5
6ae
100
AcDbEntity
  8
0
 62
7
100
AcDbLine
 10
32.323844
 20
258.113566
 30
0.0
 11
31.825044
 21
258.113566
 31
0.0
  0
LINE
  5
6af
100
AcDbEntity
  8
0
 62
7
100
AcDbLine
 10
31.825044
 20
258.113566
 30
0.0
 11
31.825044
 21
258.113566
 31
0.0
  0
LINE
  5
6b0
100
AcDbEntity
  8
0
 62
7
100
AcDbLine
 10
30.285852
 20
258.113965
 30
0.0
 11
30.285751
 21
258.113566
 31
0.0
  0
LINE
  5
6b1
100
AcDbEntity
  8
0
 62
7
100
AcDbLine
 10
30.285751
 20
258.113566
 30
0.0
 11
30.285852
 21
258.113965
 31
0.0
  0
LINE
  5
6b2
100
AcDbEntity
  8
0
 62
7
100
AcDbLine
 10
30.285483
 20
258.113776
 30
0.0
 11
30.285214
 21
258.113965
 31
0.0
  0
LINE
  5
6b3
100
AcDbEntity
  8
0
 62
7
100
AcDbLine
 10
30.285214
 20
258.113965
 30
0.0
 11
30.285483
 21
258.113776
 31
0.0
  0
LINE
  5
6b4
100
AcDbEntity
  8
0
 62
7
100
AcDbLine
 10
30.285483
 20
258.113776
 30
0.0
 11
30.285483
 21
258.113776
 31
0.0
  0
SPLINE
  5
6b5
100
AcDbEntity
  8
0
 62
7
100
AcDbSpline
 70
8
 71
3
 72
8
 73
4
 74
0
 40
0
 40
0
 40
0
 40
0
 40
1
 40
1
 40
1
 40
1
 10
30.493890
 20
259.544303
 30
0.0
 10
30.945232
 20
259.191799
 30
0.0
 10
31.396003
 20
258.838896
 30
0.0
 10
31.846808
 20
258.486706
 30
0.0
  0
LINE
  5
6b6
100
AcDbEntity
  8
0
 62
7
100
AcDbLine
 10
31.846808
 20
258.486706
 30
0.0
 11
31.252083
 21
258.113965
 31
0.0
  0
LINE
  5
6b7
100
AcDbEntity
  8
0
 62
7
100
AcDbLine
 10
31.252083
 20
258.113965
 30
0.0
 11
30.285852
 21
258.113965
 31
0.0
  0
SPLINE
  5
6b8
100
AcDbEntity
  8
0
 62
7
100
AcDbSpline
 70
8
 71
3
 72
8
 73
4
 74
0
 40
0
 40
0
 40
0
 40
0
 40
1
 40
1
 40
1
 40
1
 10
30.285852
 20
258.113965
 30
0.0
 10
30.325384
 20
258.376076
 30
0.0
 10
30.364379
 20
258.637809
 30
0.0
 10
30.402399
 20
258.899920
 30
0.0
  0
SPLINE
  5
6b9
100
AcDbEntity
  8
0
 62
7
100
AcDbSpline
 70
8
 71
3
 72
8
 73
4
 74
0
 40
0
 40
0
 40
0
 40
0
 40
1
 40
1
 40
1
 40
1
 10
30.402399
 20
258.899920
 30
0.0
 10
30.433635
 20
259.114736
 30
0.0
 10
30.464333
 20
259.329551
 30
0.0
 10
30.493890
 20
259.544303
 30
0.0
  0
LINE
  5
6ba
100
AcDbEntity
  8
0
 62
7
100
AcDbLine
 10
30.493890
 20
259.544303
 30
0.0
 11
30.493890
 21
259.544303
 31
0.0
  0
SPLINE
  5
6bb
100
AcDbEntity
  8
0
 62
7
100
AcDbSpline
 70
8
 71
3
 72
8
 73
4
 74
0
 40
0
 40
0
 40
0
 40
0
 40
1
 40
1
 40
1
 40
1
 10
37.585550
 20
267.272277
 30
0.0
 10
37.587767
 20
267.250319
 30
0.0
 10
37.589480
 20
267.228718
 30
0.0
 10
37.591663
 20
267.206718
 30
0.0
  0
LINE
  5
6bc
100
AcDbEntity
  8
0
 62
7
100
AcDbLine
 10
37.591663
 20
267.206718
 30
0.0
 11
37.505747
 21
267.206718
 31
0.0
  0
SPLINE
  5
6bd
100
AcDbEntity
  8
0
 62
7
100
AcDbSpline
 70
8
 71
3
 72
8
 73
4
 74
0
 40
0
 40
0
 40
0
 40
0
 40
1
 40
1
 40
1
 40
1
 10
37.505747
 20
267.206718
 30
0.0
 10
37.532550
 20
267.228718
 30
0.0
 10
37.558748
 20
267.250319
 30
0.0
 10
37.585550
 20
267.272277
 30
0.0
  0
LINE
  5
6be
100
AcDbEntity
  8
0
 62
7
100
AcDbLine
 10
37.585550
 20
267.272277
 30
0.0
 11
37.585550
 21
267.272277
 31
0.0
  0
SPLINE
  5
6bf
100
AcDbEntity
  8
0
 62
7
100
AcDbSpline
 70
8
 71
3
 72
8
 73
4
 74
0
 40
0
 40
0
 40
0
 40
0
 40
1
 40
1
 40
1
 40
1
 10
32.357868
 20
271.352150
 30
0.0
 10
32.454968
 20
271.274373
 30
0.0
 10
32.552001
 20
271.196639
 30
0.0
 10
32.649101
 20
271.117812
 30
0.0
  0
SPLINE
  5
6c0
100
AcDbEntity
  8
0
 62
7
100
AcDbSpline
 70
8
 71
3
 72
8
 73
4
 74
0
 40
0
 40
0
 40
0
 40
0
 40
1
 40
1
 40
1
 40
1
 10
32.649101
 20
271.117812
 30
0.0
 10
32.315515
 20
270.860466
 30
0.0
 10
31.982399
 20
270.603456
 30
0.0
 10
31.648208
 20
270.346152
 30
0.0
  0
SPLINE
  5
6c1
100
AcDbEntity
  8
0
 62
7
100
AcDbSpline
 70
8
 71
3
 72
8
 73
4
 74
0
 40
0
 40
0
 40
0
 40
0
 40
1
 40
1
 40
1
 40
1
 10
31.648208
 20
270.346152
 30
0.0
 10
31.665505
 20
270.567559
 30
0.0
 10
31.682836
 20
270.788315
 30
0.0
 10
31.699025
 20
271.009722
 30
0.0
  0
SPLINE
  5
6c2
100
AcDbEntity
  8
0
 62
7
100
AcDbSpline
 70
8
 71
3
 72
8
 73
4
 74
0
 40
0
 40
0
 40
0
 40
0
 40
1
 40
1
 40
1
 40
1
 10
31.699025
 20
271.009722
 30
0.0
 10
31.707355
 20
271.124089
 30
0.0
 10
31.715181
 20
271.237448
 30
0.0
 10
31.723510
 20
271.351814
 30
0.0
  0
SPLINE
  5
6c3
100
AcDbEntity
  8
0
 62
7
100
AcDbSpline
 70
8
 71
3
 72
8
 73
4
 74
0
 40
0
 40
0
 40
0
 40
0
 40
1
 40
1
 40
1
 40
1
 10
31.723510
 20
271.351814
 30
0.0
 10
31.735299
 20
271.512217
 30
0.0
 10
31.746987
 20
271.672599
 30
0.0
 10
31.758172
 20
271.833044
 30
0.0
  0
SPLINE
  5
6c4
100
AcDbEntity
  8
0
 62
7
100
AcDbSpline
 70
8
 71
3
 72
8
 73
4
 74
0
 40
0
 40
0
 40
0
 40
0
 40
1
 40
1
 40
1
 40
1
 10
31.758172
 20
271.833044
 30
0.0
 10
31.957914
 20
271.672641
 30
0.0
 10
32.157588
 20
271.512238
 30
0.0
 10
32.357364
 20
271.351814
 30
0.0
  0
LINE
  5
6c5
100
AcDbEntity
  8
0
 62
7
100
AcDbLine
 10
32.357364
 20
271.351814
 30
0.0
 11
32.357868
 21
271.352150
 31
0.0
  0
LINE
  5
6c6
100
AcDbEntity
  8
0
 62
7
100
AcDbLine
 10
41.210830
 20
245.923930
 30
0.0
 11
41.444025
 21
245.923930
 31
0.0
  0
SPLINE
  5
6c7
100
AcDbEntity
  8
0
 62
7
100
AcDbSpline
 70
8
 71
3
 72
8
 73
4
 74
0
 40
0
 40
0
 40
0
 40
0
 40
1
 40
1
 40
1
 40
1
 10
41.444025
 20
245.923930
 30
0.0
 10
41.404996
 20
245.900230
 30
0.0
 10
41.366506
 20
245.876844
 30
0.0
 10
41.327410
 20
245.853144
 30
0.0
  0
SPLINE
  5
6c8
100
AcDbEntity
  8
0
 62
7
100
AcDbSpline
 70
8
 71
3
 72
8
 73
4
 74
0
 40
0
 40
0
 40
0
 40
0
 40
1
 40
1
 40
1
 40
1
 10
41.327410
 20
245.853144
 30
0.0
 10
41.288349
 20
245.876508
 30
0.0
 10
41.249287
 20
245.900230
 30
0.0
 10
41.210830
 20
245.923930
 30
0.0
  0
LINE
  5
6c9
100
AcDbEntity
  8
0
 62
7
100
AcDbLine
 10
41.210830
 20
245.923930
 30
0.0
 11
41.210830
 21
245.923930
 31
0.0
  0
SPLINE
  5
6ca
100
AcDbEntity
  8
0
 62
7
100
AcDbSpline
 70
8
 71
3
 72
8
 73
4
 74
0
 40
0
 40
0
 40
0
 40
0
 40
1
 40
1
 40
1
 40
1
 10
41.073023
 20
241.120512
 30
0.0
 10
41.076986
 20
241.108631
 30
0.0
 10
41.080882
 20
241.097148
 30
0.0
 10
41.085349
 20
241.085644
 30
0.0
  0
SPLINE
  5
6cb
100
AcDbEntity
  8
0
 62
7
100
AcDbSpline
 70
8
 71
3
 72
8
 73
4
 74
0
 40
0
 40
0
 40
0
 40
0
 40
1
 40
1
 40
1
 40
1
 10
41.085349
 20
241.085644
 30
0.0
 10
41.071343
 20
241.091564
 30
0.0
 10
41.057405
 20
241.097526
 30
0.0
 10
41.043466
 20
241.103445
 30
0.0
  0
SPLINE
  5
6cc
100
AcDbEntity
  8
0
 62
7
100
AcDbSpline
 70
8
 71
3
 72
8
 73
4
 74
0
 40
0
 40
0
 40
0
 40
0
 40
1
 40
1
 40
1
 40
1
 10
41.043466
 20
241.103445
 30
0.0
 10
41.053475
 20
241.109029
 30
0.0
 10
41.063014
 20
241.114949
 30
0.0
 10
41.073023
 20
241.120512
 30
0.0
  0
LINE
  5
6cd
100
AcDbEntity
  8
0
 62
7
100
AcDbLine
 10
41.073023
 20
241.120512
 30
0.0
 11
41.073023
 21
241.120512
 31
0.0
  0
SPLINE
  5
6ce
100
AcDbEntity
  8
0
 62
7
100
AcDbSpline
 70
8
 71
3
 72
8
 73
4
 74
0
 40
0
 40
0
 40
0
 40
0
 40
1
 40
1
 40
1
 40
1
 10
35.670856
 20
254.733937
 30
0.0
 10
35.671393
 20
254.252014
 30
0.0
 10
35.671393
 20
253.770155
 30
0.0
 10
35.671360
 20
253.288232
 30
0.0
  0
SPLINE
  5
6cf
100
AcDbEntity
  8
0
 62
7
100
AcDbSpline
 70
8
 71
3
 72
8
 73
4
 74
0
 40
0
 40
0
 40
0
 40
0
 40
1
 40
1
 40
1
 40
1
 10
35.671360
 20
253.288232
 30
0.0
 10
35.567005
 20
253.748155
 30
0.0
 10
35.475547
 20
254.209463
 30
0.0
 10
35.390740
 20
254.671169
 30
0.0
  0
SPLINE
  5
6d0
100
AcDbEntity
  8
0
 62
7
100
AcDbSpline
 70
8
 71
3
 72
8
 73
4
 74
0
 40
0
 40
0
 40
0
 40
0
 40
1
 40
1
 40
1
 40
1
 10
35.390740
 20
254.671169
 30
0.0
 10
35.394636
 20
254.692099
 30
0.0
 10
35.399103
 20
254.713049
 30
0.0
 10
35.403033
 20
254.733937
 30
0.0
  0
LINE
  5
6d1
100
AcDbEntity
  8
0
 62
7
100
AcDbLine
 10
35.403033
 20
254.733937
 30
0.0
 11
35.670856
 21
254.733937
 31
0.0
  0
LINE
  5
6d2
100
AcDbEntity
  8
0
 62
7
100
AcDbLine
 10
35.670856
 20
254.733937
 30
0.0
 11
35.670856
 21
254.733937
 31
0.0
  0
SPLINE
  5
6d3
100
AcDbEntity
  8
0
 62
7
100
AcDbSpline
 70
8
 71
3
 72
8
 73
4
 74
0
 40
0
 40
0
 40
0
 40
0
 40
1
 40
1
 40
1
 40
1
 10
33.932829
 20
251.814587
 30
0.0
 10
33.714144
 20
251.283164
 30
0.0
 10
33.495997
 20
250.751364
 30
0.0
 10
33.277312
 20
250.219941
 30
0.0
  0
SPLINE
  5
6d4
100
AcDbEntity
  8
0
 62
7
100
AcDbSpline
 70
8
 71
3
 72
8
 73
4
 74
0
 40
0
 40
0
 40
0
 40
0
 40
1
 40
1
 40
1
 40
1
 10
33.277312
 20
250.219941
 30
0.0
 10
33.274020
 20
250.403016
 30
0.0
 10
33.271199
 20
250.586090
 30
0.0
 10
33.271199
 20
250.769522
 30
0.0
  0
SPLINE
  5
6d5
100
AcDbEntity
  8
0
 62
7
100
AcDbSpline
 70
8
 71
3
 72
8
 73
4
 74
0
 40
0
 40
0
 40
0
 40
0
 40
1
 40
1
 40
1
 40
1
 10
33.271199
 20
250.769522
 30
0.0
 10
33.271199
 20
251.120662
 30
0.0
 10
33.271736
 20
251.472159
 30
0.0
 10
33.271736
 20
251.823298
 30
0.0
  0
SPLINE
  5
6d6
100
AcDbEntity
  8
0
 62
7
100
AcDbSpline
 70
8
 71
3
 72
8
 73
4
 74
0
 40
0
 40
0
 40
0
 40
0
 40
1
 40
1
 40
1
 40
1
 10
33.271736
 20
251.823298
 30
0.0
 10
33.276774
 20
251.840407
 30
0.0
 10
33.281208
 20
251.857138
 30
0.0
 10
33.286783
 20
251.874226
 30
0.0
  0
LINE
  5
6d7
100
AcDbEntity
  8
0
 62
7
100
AcDbLine
 10
33.286783
 20
251.874226
 30
0.0
 11
33.957381
 21
251.874226
 31
0.0
  0
SPLINE
  5
6d8
100
AcDbEntity
  8
0
 62
7
100
AcDbSpline
 70
8
 71
3
 72
8
 73
4
 74
0
 40
0
 40
0
 40
0
 40
0
 40
1
 40
1
 40
1
 40
1
 10
33.957381
 20
251.874226
 30
0.0
 10
33.949589
 20
251.854346
 30
0.0
 10
33.941226
 20
251.834487
 30
0.0
 10
33.932829
 20
251.814587
 30
0.0
  0
LINE
  5
6d9
100
AcDbEntity
  8
0
 62
7
100
AcDbLine
 10
33.932829
 20
251.814587
 30
0.0
 11
33.932829
 21
251.814587
 31
0.0
  0
SPLINE
  5
6da
100
AcDbEntity
  8
0
 62
7
100
AcDbSpline
 70
8
 71
3
 72
8
 73
4
 74
0
 40
0
 40
0
 40
0
 40
0
 40
1
 40
1
 40
1
 40
1
 10
32.881724
 20
250.654106
 30
0.0
 10
32.881187
 20
250.413176
 30
0.0
 10
32.881187
 20
250.172540
 30
0.0
 10
32.881187
 20
249.931589
 30
0.0
  0
LINE
  5
6db
100
AcDbEntity
  8
0
 62
7
100
AcDbLine
 10
32.881187
 20
249.931589
 30
0.0
 11
32.511864
 21
249.931589
 31
0.0
  0
SPLINE
  5
6dc
100
AcDbEntity
  8
0
 62
7
100
AcDbSpline
 70
8
 71
3
 72
8
 73
4
 74
0
 40
0
 40
0
 40
0
 40
0
 40
1
 40
1
 40
1
 40
1
 10
32.511864
 20
249.931589
 30
0.0
 10
32.661427
 20
250.165927
 30
0.0
 10
32.780258
 20
250.408285
 30
0.0
 10
32.881724
 20
250.654106
 30
0.0
  0
LINE
  5
6dd
100
AcDbEntity
  8
0
 62
7
100
AcDbLine
 10
32.881724
 20
250.654106
 30
0.0
 11
32.881724
 21
250.654106
 31
0.0
  0
LINE
  5
6de
100
AcDbEntity
  8
0
 62
7
100
AcDbLine
 10
31.965101
 20
249.695152
 30
0.0
 11
32.821503
 21
249.695152
 31
0.0
  0
LINE
  5
6df
100
AcDbEntity
  8
0
 62
7
100
AcDbLine
 10
32.821503
 20
249.695152
 30
0.0
 11
32.883404
 21
249.695152
 31
0.0
  0
SPLINE
  5
6e0
100
AcDbEntity
  8
0
 62
7
100
AcDbSpline
 70
8
 71
3
 72
8
 73
4
 74
0
 40
0
 40
0
 40
0
 40
0
 40
1
 40
1
 40
1
 40
1
 10
32.883404
 20
249.695152
 30
0.0
 10
32.883975
 20
249.681885
 30
0.0
 10
32.884512
 20
249.668638
 30
0.0
 10
32.884512
 20
249.655035
 30
0.0
  0
LINE
  5
6e1
100
AcDbEntity
  8
0
 62
7
100
AcDbLine
 10
32.884512
 20
249.655035
 30
0.0
 11
31.965101
 21
249.655035
 31
0.0
  0
LINE
  5
6e2
100
AcDbEntity
  8
0
 62
7
100
AcDbLine
 10
31.965101
 20
249.655035
 30
0.0
 11
31.965101
 21
249.695152
 31
0.0
  0
LINE
  5
6e3
100
AcDbEntity
  8
0
 62
7
100
AcDbLine
 10
31.965101
 20
249.695152
 30
0.0
 11
31.965101
 21
249.695152
 31
0.0
  0
LINE
  5
6e4
100
AcDbEntity
  8
0
 62
7
100
AcDbLine
 10
32.136395
 20
249.418283
 30
0.0
 11
32.891834
 21
249.418283
 31
0.0
  0
SPLINE
  5
6e5
100
AcDbEntity
  8
0
 62
7
100
AcDbSpline
 70
8
 71
3
 72
8
 73
4
 74
0
 40
0
 40
0
 40
0
 40
0
 40
1
 40
1
 40
1
 40
1
 10
32.891834
 20
249.418283
 30
0.0
 10
32.894588
 20
249.354088
 30
0.0
 10
32.897980
 20
249.289264
 30
0.0
 10
32.901305
 20
249.225111
 30
0.0
  0
LINE
  5
6e6
100
AcDbEntity
  8
0
 62
7
100
AcDbLine
 10
32.901305
 20
249.225111
 30
0.0
 11
31.964530
 21
249.225111
 31
0.0
  0
LINE
  5
6e7
100
AcDbEntity
  8
0
 62
7
100
AcDbLine
 10
31.964530
 20
249.225111
 30
0.0
 11
31.964530
 21
249.418283
 31
0.0
  0
LINE
  5
6e8
100
AcDbEntity
  8
0
 62
7
100
AcDbLine
 10
31.964530
 20
249.418283
 30
0.0
 11
32.136395
 21
249.418283
 31
0.0
  0
LINE
  5
6e9
100
AcDbEntity
  8
0
 62
7
100
AcDbLine
 10
32.136395
 20
249.418283
 30
0.0
 11
32.136395
 21
249.418283
 31
0.0
  0
LINE
  5
6ea
100
AcDbEntity
  8
0
 62
7
100
AcDbLine
 10
31.574585
 20
248.988338
 30
0.0
 11
31.574585
 21
248.079262
 31
0.0
  0
LINE
  5
6eb
100
AcDbEntity
  8
0
 62
7
100
AcDbLine
 10
31.574585
 20
248.079262
 30
0.0
 11
30.562508
 21
248.079262
 31
0.0
  0
LINE
  5
6ec
100
AcDbEntity
  8
0
 62
7
100
AcDbLine
 10
30.562508
 20
248.079262
 30
0.0
 11
30.562508
 21
248.988338
 31
0.0
  0
LINE
  5
6ed
100
AcDbEntity
  8
0
 62
7
100
AcDbLine
 10
30.562508
 20
248.988338
 30
0.0
 11
31.514297
 21
248.988338
 31
0.0
  0
LINE
  5
6ee
100
AcDbEntity
  8
0
 62
7
100
AcDbLine
 10
31.514297
 20
248.988338
 30
0.0
 11
31.574585
 21
248.988338
 31
0.0
  0
LINE
  5
6ef
100
AcDbEntity
  8
0
 62
7
100
AcDbLine
 10
31.574585
 20
248.988338
 30
0.0
 11
31.574585
 21
248.988338
 31
0.0
  0
LINE
  5
6f0
100
AcDbEntity
  8
0
 62
7
100
AcDbLine
 10
30.068242
 20
247.843538
 30
0.0
 11
31.315730
 21
247.843538
 31
0.0
  0
SPLINE
  5
6f1
100
AcDbEntity
  8
0
 62
7
100
AcDbSpline
 70
8
 71
3
 72
8
 73
4
 74
0
 40
0
 40
0
 40
0
 40
0
 40
1
 40
1
 40
1
 40
1
 10
31.315730
 20
247.843538
 30
0.0
 10
31.287282
 20
247.820195
 30
0.0
 10
31.258263
 20
247.797166
 30
0.0
 10
31.229210
 20
247.774137
 30
0.0
  0
SPLINE
  5
6f2
100
AcDbEntity
  8
0
 62
7
100
AcDbSpline
 70
8
 71
3
 72
8
 73
4
 74
0
 40
0
 40
0
 40
0
 40
0
 40
1
 40
1
 40
1
 40
1
 10
31.229210
 20
247.774137
 30
0.0
 10
31.230587
 20
247.774137
 30
0.0
 10
30.684060
 20
247.336362
 30
0.0
 10
30.598245
 20
247.267486
 30
0.0
  0
SPLINE
  5
6f3
100
AcDbEntity
  8
0
 62
7
100
AcDbSpline
 70
8
 71
3
 72
8
 73
4
 74
0
 40
0
 40
0
 40
0
 40
0
 40
1
 40
1
 40
1
 40
1
 10
30.598245
 20
247.267486
 30
0.0
 10
30.442535
 20
247.436601
 30
0.0
 10
30.287464
 20
247.605379
 30
0.0
 10
30.131822
 20
247.774137
 30
0.0
  0
SPLINE
  5
6f4
100
AcDbEntity
  8
0
 62
7
100
AcDbSpline
 70
8
 71
3
 72
8
 73
4
 74
0
 40
0
 40
0
 40
0
 40
0
 40
1
 40
1
 40
1
 40
1
 10
30.131822
 20
247.774137
 30
0.0
 10
30.111133
 20
247.797523
 30
0.0
 10
30.089939
 20
247.820531
 30
0.0
 10
30.068242
 20
247.843538
 30
0.0
  0
LINE
  5
6f5
100
AcDbEntity
  8
0
 62
7
100
AcDbLine
 10
30.068242
 20
247.843538
 30
0.0
 11
30.068242
 21
247.843538
 31
0.0
  0
LINE
  5
6f6
100
AcDbEntity
  8
0
 62
7
100
AcDbLine
 10
29.323920
 20
245.922860
 30
0.0
 11
29.557149
 21
245.922860
 31
0.0
  0
SPLINE
  5
6f7
100
AcDbEntity
  8
0
 62
7
100
AcDbSpline
 70
8
 71
3
 72
8
 73
4
 74
0
 40
0
 40
0
 40
0
 40
0
 40
1
 40
1
 40
1
 40
1
 10
29.557149
 20
245.922860
 30
0.0
 10
29.518087
 20
245.899138
 30
0.0
 10
29.479596
 20
245.875774
 30
0.0
 10
29.440568
 20
245.852073
 30
0.0
  0
SPLINE
  5
6f8
100
AcDbEntity
  8
0
 62
7
100
AcDbSpline
 70
8
 71
3
 72
8
 73
4
 74
0
 40
0
 40
0
 40
0
 40
0
 40
1
 40
1
 40
1
 40
1
 10
29.440568
 20
245.852073
 30
0.0
 10
29.402077
 20
245.875438
 30
0.0
 10
29.362478
 20
245.899138
 30
0.0
 10
29.323920
 20
245.922860
 30
0.0
  0
LINE
  5
6f9
100
AcDbEntity
  8
0
 62
7
100
AcDbLine
 10
29.323920
 20
245.922860
 30
0.0
 11
29.323920
 21
245.922860
 31
0.0
  0
SPLINE
  5
6fa
100
AcDbEntity
  8
0
 62
7
100
AcDbSpline
 70
8
 71
3
 72
8
 73
4
 74
0
 40
0
 40
0
 40
0
 40
0
 40
1
 40
1
 40
1
 40
1
 10
28.685700
 20
245.104807
 30
0.0
 10
28.643817
 20
244.958364
 30
0.0
 10
28.603076
 20
244.812257
 30
0.0
 10
28.561227
 20
244.666171
 30
0.0
  0
SPLINE
  5
6fb
100
AcDbEntity
  8
0
 62
7
100
AcDbSpline
 70
8
 71
3
 72
8
 73
4
 74
0
 40
0
 40
0
 40
0
 40
0
 40
1
 40
1
 40
1
 40
1
 10
28.561227
 20
244.666171
 30
0.0
 10
28.319669
 20
244.812257
 30
0.0
 10
28.078111
 20
244.958364
 30
0.0
 10
27.836487
 20
245.104807
 30
0.0
  0
LINE
  5
6fc
100
AcDbEntity
  8
0
 62
7
100
AcDbLine
 10
27.836487
 20
245.104807
 30
0.0
 11
28.685700
 21
245.104807
 31
0.0
  0
LINE
  5
6fd
100
AcDbEntity
  8
0
 62
7
100
AcDbLine
 10
28.685700
 20
245.104807
 30
0.0
 11
28.685700
 21
245.104807
 31
0.0
  0
LINE
  5
6fe
100
AcDbEntity
  8
0
 62
7
100
AcDbLine
 10
36.262121
 20
257.960867
 30
0.0
 11
38.361578
 21
257.960867
 31
0.0
  0
LINE
  5
6ff
100
AcDbEntity
  8
0
 62
7
100
AcDbLine
 10
38.361578
 20
257.960867
 30
0.0
 11
38.571933
 21
257.817531
 31
0.0
  0
LINE
  5
700
100
AcDbEntity
  8
0
 62
7
100
AcDbLine
 10
38.571933
 20
257.817531
 30
0.0
 11
36.112592
 21
257.817531
 31
0.0
  0
LINE
  5
701
100
AcDbEntity
  8
0
 62
7
100
AcDbLine
 10
36.112592
 20
257.817531
 30
0.0
 11
36.262121
 21
257.960867
 31
0.0
  0
LINE
  5
702
100
AcDbEntity
  8
0
 62
7
100
AcDbLine
 10
37.495369
 20
256.557462
 30
0.0
 11
37.495369
 21
256.557462
 31
0.0
  0
LINE
  5
703
100
AcDbEntity
  8
0
 62
7
100
AcDbLine
 10
37.495369
 20
256.557462
 30
0.0
 11
37.495369
 21
256.557462
 31
0.0
  0
LINE
  5
704
100
AcDbEntity
  8
0
 62
7
100
AcDbLine
 10
37.495738
 20
256.557295
 30
0.0
 11
37.495738
 21
256.557295
 31
0.0
  0
LINE
  5
705
100
AcDbEntity
  8
0
 62
7
100
AcDbLine
 10
36.160084
 20
257.580737
 30
0.0
 11
38.638334
 21
257.580737
 31
0.0
  0
SPLINE
  5
706
100
AcDbEntity
  8
0
 62
7
100
AcDbSpline
 70
8
 71
3
 72
8
 73
4
 74
0
 40
0
 40
0
 40
0
 40
0
 40
1
 40
1
 40
1
 40
1
 10
38.638334
 20
257.580737
 30
0.0
 10
38.257324
 20
257.239401
 30
0.0
 10
37.876346
 20
256.898085
 30
0.0
 10
37.495738
 20
256.557295
 30
0.0
  0
SPLINE
  5
707
100
AcDbEntity
  8
0
 62
7
100
AcDbSpline
 70
8
 71
3
 72
8
 73
4
 74
0
 40
0
 40
0
 40
0
 40
0
 40
1
 40
1
 40
1
 40
1
 10
37.495738
 20
256.557295
 30
0.0
 10
37.050509
 20
256.898337
 30
0.0
 10
36.605280
 20
257.239694
 30
0.0
 10
36.160084
 20
257.580737
 30
0.0
  0
LINE
  5
708
100
AcDbEntity
  8
0
 62
7
100
AcDbLine
 10
36.160084
 20
257.580737
 30
0.0
 11
36.160084
 21
257.580737
 31
0.0
  0
SPLINE
  5
709
100
AcDbEntity
  8
0
 62
7
100
AcDbSpline
 70
8
 71
3
 72
8
 73
4
 74
0
 40
0
 40
0
 40
0
 40
0
 40
1
 40
1
 40
1
 40
1
 10
36.060767
 20
257.278425
 30
0.0
 10
36.463039
 20
256.970173
 30
0.0
 10
36.865848
 20
256.661585
 30
0.0
 10
37.267582
 20
256.353311
 30
0.0
  0
SPLINE
  5
70a
100
AcDbEntity
  8
0
 62
7
100
AcDbSpline
 70
8
 71
3
 72
8
 73
4
 74
0
 40
0
 40
0
 40
0
 40
0
 40
1
 40
1
 40
1
 40
1
 10
37.267582
 20
256.353311
 30
0.0
 10
36.865310
 20
255.993103
 30
0.0
 10
36.463610
 20
255.632915
 30
0.0
 10
36.060767
 20
255.273022
 30
0.0
  0
SPLINE
  5
70b
100
AcDbEntity
  8
0
 62
7
100
AcDbSpline
 70
8
 71
3
 72
8
 73
4
 74
0
 40
0
 40
0
 40
0
 40
0
 40
1
 40
1
 40
1
 40
1
 10
36.060767
 20
255.273022
 30
0.0
 10
36.060767
 20
255.941482
 30
0.0
 10
36.060230
 20
256.610321
 30
0.0
 10
36.060230
 20
257.278782
 30
0.0
  0
LINE
  5
70c
100
AcDbEntity
  8
0
 62
7
100
AcDbLine
 10
36.060230
 20
257.278782
 30
0.0
 11
36.060767
 21
257.278425
 31
0.0
  0
SPLINE
  5
70d
100
AcDbEntity
  8
0
 62
7
100
AcDbSpline
 70
8
 71
3
 72
8
 73
4
 74
0
 40
0
 40
0
 40
0
 40
0
 40
1
 40
1
 40
1
 40
1
 10
35.000762
 20
254.670813
 30
0.0
 10
34.921496
 20
254.249915
 30
0.0
 10
34.842869
 20
253.829395
 30
0.0
 10
34.763637
 20
253.408162
 30
0.0
  0
SPLINE
  5
70e
100
AcDbEntity
  8
0
 62
7
100
AcDbSpline
 70
8
 71
3
 72
8
 73
4
 74
0
 40
0
 40
0
 40
0
 40
0
 40
1
 40
1
 40
1
 40
1
 10
34.763637
 20
253.408162
 30
0.0
 10
34.760850
 20
254.300821
 30
0.0
 10
34.758028
 20
255.193166
 30
0.0
 10
34.754703
 20
256.085469
 30
0.0
  0
LINE
  5
70f
100
AcDbEntity
  8
0
 62
7
100
AcDbLine
 10
34.754703
 20
256.085469
 30
0.0
 11
34.755241
 21
256.085532
 31
0.0
  0
SPLINE
  5
710
100
AcDbEntity
  8
0
 62
7
100
AcDbSpline
 70
8
 71
3
 72
8
 73
4
 74
0
 40
0
 40
0
 40
0
 40
0
 40
1
 40
1
 40
1
 40
1
 10
34.755241
 20
256.085532
 30
0.0
 10
34.755241
 20
256.120023
 30
0.0
 10
34.754703
 20
256.154933
 30
0.0
 10
34.754703
 20
256.189424
 30
0.0
  0
SPLINE
  5
711
100
AcDbEntity
  8
0
 62
7
100
AcDbSpline
 70
8
 71
3
 72
8
 73
4
 74
0
 40
0
 40
0
 40
0
 40
0
 40
1
 40
1
 40
1
 40
1
 10
34.754703
 20
256.189424
 30
0.0
 10
34.807133
 20
255.827137
 30
0.0
 10
34.863458
 20
255.464829
 30
0.0
 10
34.924889
 20
255.102836
 30
0.0
  0
SPLINE
  5
712
100
AcDbEntity
  8
0
 62
7
100
AcDbSpline
 70
8
 71
3
 72
8
 73
4
 74
0
 40
0
 40
0
 40
0
 40
0
 40
1
 40
1
 40
1
 40
1
 10
34.924889
 20
255.102836
 30
0.0
 10
34.949407
 20
254.959164
 30
0.0
 10
34.974564
 20
254.814820
 30
0.0
 10
35.000762
 20
254.670813
 30
0.0
  0
LINE
  5
713
100
AcDbEntity
  8
0
 62
7
100
AcDbLine
 10
35.000762
 20
254.670813
 30
0.0
 11
35.000762
 21
254.670813
 31
0.0
  0
SPLINE
  5
714
100
AcDbEntity
  8
0
 62
7
100
AcDbSpline
 70
8
 71
3
 72
8
 73
4
 74
0
 40
0
 40
0
 40
0
 40
0
 40
1
 40
1
 40
1
 40
1
 10
34.283746
 20
252.638643
 30
0.0
 10
34.283914
 20
252.637447
 30
0.0
 10
34.284149
 20
252.636292
 30
0.0
 10
34.284351
 20
252.635096
 30
0.0
  0
LINE
  5
715
100
AcDbEntity
  8
0
 62
7
100
AcDbLine
 10
34.284351
 20
252.635096
 30
0.0
 11
34.283746
 21
252.635075
 31
0.0
  0
LINE
  5
716
100
AcDbEntity
  8
0
 62
7
100
AcDbLine
 10
34.283746
 20
252.635075
 30
0.0
 11
34.283746
 21
252.638643
 31
0.0
  0
LINE
  5
717
100
AcDbEntity
  8
0
 62
7
100
AcDbLine
 10
34.283746
 20
252.638643
 30
0.0
 11
34.283746
 21
252.638643
 31
0.0
  0
SPLINE
  5
718
100
AcDbEntity
  8
0
 62
7
100
AcDbSpline
 70
8
 71
3
 72
8
 73
4
 74
0
 40
0
 40
0
 40
0
 40
0
 40
1
 40
1
 40
1
 40
1
 10
34.268699
 20
257.078956
 30
0.0
 10
34.273737
 20
255.598824
 30
0.0
 10
34.278708
 20
254.118754
 30
0.0
 10
34.283746
 20
252.638643
 30
0.0
  0
SPLINE
  5
719
100
AcDbEntity
  8
0
 62
7
100
AcDbSpline
 70
8
 71
3
 72
8
 73
4
 74
0
 40
0
 40
0
 40
0
 40
0
 40
1
 40
1
 40
1
 40
1
 10
34.283746
 20
252.638643
 30
0.0
 10
34.277734
 20
252.671979
 30
0.0
 10
34.271252
 20
252.705714
 30
0.0
 10
34.264803
 20
252.739701
 30
0.0
  0
SPLINE
  5
71a
100
AcDbEntity
  8
0
 62
7
100
AcDbSpline
 70
8
 71
3
 72
8
 73
4
 74
0
 40
0
 40
0
 40
0
 40
0
 40
1
 40
1
 40
1
 40
1
 10
34.264803
 20
252.739701
 30
0.0
 10
34.147652
 20
253.379906
 30
0.0
 10
34.029929
 20
254.020132
 30
0.0
 10
33.912207
 20
254.660337
 30
0.0
  0
SPLINE
  5
71b
100
AcDbEntity
  8
0
 62
7
100
AcDbSpline
 70
8
 71
3
 72
8
 73
4
 74
0
 40
0
 40
0
 40
0
 40
0
 40
1
 40
1
 40
1
 40
1
 10
33.912207
 20
254.660337
 30
0.0
 10
34.054481
 20
255.464808
 30
0.0
 10
34.172237
 20
256.271357
 30
0.0
 10
34.268699
 20
257.078956
 30
0.0
  0
LINE
  5
71c
100
AcDbEntity
  8
0
 62
7
100
AcDbLine
 10
34.268699
 20
257.078956
 30
0.0
 11
34.268699
 21
257.078956
 31
0.0
  0
SPLINE
  5
71d
100
AcDbEntity
  8
0
 62
7
100
AcDbSpline
 70
8
 71
3
 72
8
 73
4
 74
0
 40
0
 40
0
 40
0
 40
0
 40
1
 40
1
 40
1
 40
1
 10
33.817391
 20
253.049339
 30
0.0
 10
33.873145
 20
252.744235
 30
0.0
 10
33.929538
 20
252.439110
 30
0.0
 10
33.985292
 20
252.134007
 30
0.0
  0
SPLINE
  5
71e
100
AcDbEntity
  8
0
 62
7
100
AcDbSpline
 70
8
 71
3
 72
8
 73
4
 74
0
 40
0
 40
0
 40
0
 40
0
 40
1
 40
1
 40
1
 40
1
 10
33.985292
 20
252.134007
 30
0.0
 10
33.986972
 20
252.126660
 30
0.0
 10
33.988046
 20
252.118997
 30
0.0
 10
33.989793
 20
252.111335
 30
0.0
  0
LINE
  5
71f
100
AcDbEntity
  8
0
 62
7
100
AcDbLine
 10
33.989793
 20
252.111335
 30
0.0
 11
33.353756
 21
252.111335
 31
0.0
  0
SPLINE
  5
720
100
AcDbEntity
  8
0
 62
7
100
AcDbSpline
 70
8
 71
3
 72
8
 73
4
 74
0
 40
0
 40
0
 40
0
 40
0
 40
1
 40
1
 40
1
 40
1
 10
33.353756
 20
252.111335
 30
0.0
 10
33.492705
 20
252.611395
 30
0.0
 10
33.609823
 20
253.113869
 30
0.0
 10
33.713607
 20
253.617036
 30
0.0
  0
SPLINE
  5
721
100
AcDbEntity
  8
0
 62
7
100
AcDbSpline
 70
8
 71
3
 72
8
 73
4
 74
0
 40
0
 40
0
 40
0
 40
0
 40
1
 40
1
 40
1
 40
1
 10
33.713607
 20
253.617036
 30
0.0
 10
33.748202
 20
253.428062
 30
0.0
 10
33.782763
 20
253.238669
 30
0.0
 10
33.817391
 20
253.049339
 30
0.0
  0
LINE
  5
722
100
AcDbEntity
  8
0
 62
7
100
AcDbLine
 10
33.817391
 20
253.049339
 30
0.0
 11
33.817391
 21
253.049339
 31
0.0
  0
SPLINE
  5
723
100
AcDbEntity
  8
0
 62
7
100
AcDbSpline
 70
8
 71
3
 72
8
 73
4
 74
0
 40
0
 40
0
 40
0
 40
0
 40
1
 40
1
 40
1
 40
1
 10
32.879507
 20
251.827476
 30
0.0
 10
32.719432
 20
251.272689
 30
0.0
 10
32.538129
 20
250.713010
 30
0.0
 10
32.242967
 20
250.179153
 30
0.0
  0
SPLINE
  5
724
100
AcDbEntity
  8
0
 62
7
100
AcDbSpline
 70
8
 71
3
 72
8
 73
4
 74
0
 40
0
 40
0
 40
0
 40
0
 40
1
 40
1
 40
1
 40
1
 10
32.242967
 20
250.179153
 30
0.0
 10
31.751454
 20
250.434735
 30
0.0
 10
31.260480
 20
250.690339
 30
0.0
 10
30.769505
 20
250.945942
 30
0.0
  0
SPLINE
  5
725
100
AcDbEntity
  8
0
 62
7
100
AcDbSpline
 70
8
 71
3
 72
8
 73
4
 74
0
 40
0
 40
0
 40
0
 40
0
 40
1
 40
1
 40
1
 40
1
 10
30.769505
 20
250.945942
 30
0.0
 10
31.473052
 20
251.239542
 30
0.0
 10
32.175994
 20
251.533498
 30
0.0
 10
32.879507
 20
251.827476
 30
0.0
  0
LINE
  5
726
100
AcDbEntity
  8
0
 62
7
100
AcDbLine
 10
32.879507
 20
251.827476
 30
0.0
 11
32.879507
 21
251.827476
 31
0.0
  0
SPLINE
  5
727
100
AcDbEntity
  8
0
 62
7
100
AcDbSpline
 70
8
 71
3
 72
8
 73
4
 74
0
 40
0
 40
0
 40
0
 40
0
 40
1
 40
1
 40
1
 40
1
 10
30.437531
 20
250.807539
 30
0.0
 10
30.992086
 20
250.519167
 30
0.0
 10
31.546104
 20
250.230773
 30
0.0
 10
32.100625
 20
249.942442
 30
0.0
  0
LINE
  5
728
100
AcDbEntity
  8
0
 62
7
100
AcDbLine
 10
32.100625
 20
249.942442
 30
0.0
 11
32.100659
 21
249.942044
 31
0.0
  0
SPLINE
  5
729
100
AcDbEntity
  8
0
 62
7
100
AcDbSpline
 70
8
 71
3
 72
8
 73
4
 74
0
 40
0
 40
0
 40
0
 40
0
 40
1
 40
1
 40
1
 40
1
 10
32.100659
 20
249.942044
 30
0.0
 10
32.098442
 20
249.938559
 30
0.0
 10
32.096191
 20
249.935452
 30
0.0
 10
32.093975
 20
249.931946
 30
0.0
  0
LINE
  5
72a
100
AcDbEntity
  8
0
 62
7
100
AcDbLine
 10
32.093975
 20
249.931946
 30
0.0
 11
28.678445
 21
249.931946
 31
0.0
  0
LINE
  5
72b
100
AcDbEntity
  8
0
 62
7
100
AcDbLine
 10
28.678445
 20
249.931946
 30
0.0
 11
28.340863
 21
249.931946
 31
0.0
  0
SPLINE
  5
72c
100
AcDbEntity
  8
0
 62
7
100
AcDbSpline
 70
8
 71
3
 72
8
 73
4
 74
0
 40
0
 40
0
 40
0
 40
0
 40
1
 40
1
 40
1
 40
1
 10
28.340863
 20
249.931946
 30
0.0
 10
29.039942
 20
250.223783
 30
0.0
 10
29.739022
 20
250.515640
 30
0.0
 10
30.437531
 20
250.807539
 30
0.0
  0
LINE
  5
72d
100
AcDbEntity
  8
0
 62
7
100
AcDbLine
 10
30.437531
 20
250.807539
 30
0.0
 11
30.437531
 21
250.807539
 31
0.0
  0
LINE
  5
72e
100
AcDbEntity
  8
0
 62
7
100
AcDbLine
 10
30.562508
 20
249.694123
 30
0.0
 11
31.574585
 21
249.694123
 31
0.0
  0
LINE
  5
72f
100
AcDbEntity
  8
0
 62
7
100
AcDbLine
 10
31.574585
 20
249.694123
 30
0.0
 11
31.574585
 21
249.653986
 31
0.0
  0
LINE
  5
730
100
AcDbEntity
  8
0
 62
7
100
AcDbLine
 10
31.574585
 20
249.653986
 30
0.0
 11
30.562508
 21
249.653986
 31
0.0
  0
LINE
  5
731
100
AcDbEntity
  8
0
 62
7
100
AcDbLine
 10
30.562508
 20
249.653986
 30
0.0
 11
30.562508
 21
249.694123
 31
0.0
  0
LINE
  5
732
100
AcDbEntity
  8
0
 62
7
100
AcDbLine
 10
30.562508
 20
249.694123
 30
0.0
 11
30.562508
 21
249.694123
 31
0.0
  0
LINE
  5
733
100
AcDbEntity
  8
0
 62
7
100
AcDbLine
 10
30.562508
 20
249.417590
 30
0.0
 11
31.574585
 21
249.417590
 31
0.0
  0
LINE
  5
734
100
AcDbEntity
  8
0
 62
7
100
AcDbLine
 10
31.574585
 20
249.417590
 30
0.0
 11
31.574585
 21
249.224397
 31
0.0
  0
LINE
  5
735
100
AcDbEntity
  8
0
 62
7
100
AcDbLine
 10
31.574585
 20
249.224397
 30
0.0
 11
30.562508
 21
249.224397
 31
0.0
  0
LINE
  5
736
100
AcDbEntity
  8
0
 62
7
100
AcDbLine
 10
30.562508
 20
249.224397
 30
0.0
 11
30.562508
 21
249.417590
 31
0.0
  0
LINE
  5
737
100
AcDbEntity
  8
0
 62
7
100
AcDbLine
 10
30.562508
 20
249.417590
 30
0.0
 11
30.562508
 21
249.417590
 31
0.0
  0
LINE
  5
738
100
AcDbEntity
  8
0
 62
7
100
AcDbLine
 10
30.171925
 20
248.079598
 30
0.0
 11
30.171925
 21
248.079598
 31
0.0
  0
SPLINE
  5
739
100
AcDbEntity
  8
0
 62
7
100
AcDbSpline
 70
8
 71
3
 72
8
 73
4
 74
0
 40
0
 40
0
 40
0
 40
0
 40
1
 40
1
 40
1
 40
1
 10
30.171925
 20
248.988695
 30
0.0
 10
30.171925
 20
248.685648
 30
0.0
 10
30.171925
 20
248.382644
 30
0.0
 10
30.171421
 20
248.079598
 30
0.0
  0
LINE
  5
73a
100
AcDbEntity
  8
0
 62
7
100
AcDbLine
 10
30.171421
 20
248.079598
 30
0.0
 11
29.767470
 21
248.079598
 31
0.0
  0
SPLINE
  5
73b
100
AcDbEntity
  8
0
 62
7
100
AcDbSpline
 70
8
 71
3
 72
8
 73
4
 74
0
 40
0
 40
0
 40
0
 40
0
 40
1
 40
1
 40
1
 40
1
 10
29.767470
 20
248.079598
 30
0.0
 10
29.757999
 20
248.080312
 30
0.0
 10
29.748494
 20
248.080312
 30
0.0
 10
29.739022
 20
248.079598
 30
0.0
  0
LINE
  5
73c
100
AcDbEntity
  8
0
 62
7
100
AcDbLine
 10
29.739022
 20
248.079598
 30
0.0
 11
29.254127
 21
248.079598
 31
0.0
  0
LINE
  5
73d
100
AcDbEntity
  8
0
 62
7
100
AcDbLine
 10
29.254127
 20
248.079598
 30
0.0
 11
29.254127
 21
248.988695
 31
0.0
  0
LINE
  5
73e
100
AcDbEntity
  8
0
 62
7
100
AcDbLine
 10
29.254127
 20
248.988695
 30
0.0
 11
30.171925
 21
248.988695
 31
0.0
  0
LINE
  5
73f
100
AcDbEntity
  8
0
 62
7
100
AcDbLine
 10
30.171925
 20
248.988695
 30
0.0
 11
30.171925
 21
248.988695
 31
0.0
  0
SPLINE
  5
740
100
AcDbEntity
  8
0
 62
7
100
AcDbSpline
 70
8
 71
3
 72
8
 73
4
 74
0
 40
0
 40
0
 40
0
 40
0
 40
1
 40
1
 40
1
 40
1
 10
29.453264
 20
247.564717
 30
0.0
 10
29.370203
 20
247.189016
 30
0.0
 10
29.286538
 20
246.813294
 30
0.0
 10
29.203477
 20
246.437551
 30
0.0
  0
SPLINE
  5
741
100
AcDbEntity
  8
0
 62
7
100
AcDbSpline
 70
8
 71
3
 72
8
 73
4
 74
0
 40
0
 40
0
 40
0
 40
0
 40
1
 40
1
 40
1
 40
1
 10
29.203477
 20
246.437551
 30
0.0
 10
29.040547
 20
246.636643
 30
0.0
 10
28.877113
 20
246.836134
 30
0.0
 10
28.714216
 20
247.035205
 30
0.0
  0
SPLINE
  5
742
100
AcDbEntity
  8
0
 62
7
100
AcDbSpline
 70
8
 71
3
 72
8
 73
4
 74
0
 40
0
 40
0
 40
0
 40
0
 40
1
 40
1
 40
1
 40
1
 10
28.714216
 20
247.035205
 30
0.0
 10
28.960576
 20
247.211856
 30
0.0
 10
29.206332
 20
247.388108
 30
0.0
 10
29.453264
 20
247.564717
 30
0.0
  0
LINE
  5
743
100
AcDbEntity
  8
0
 62
7
100
AcDbLine
 10
29.453264
 20
247.564717
 30
0.0
 11
29.453264
 21
247.564717
 31
0.0
  0
SPLINE
  5
744
100
AcDbEntity
  8
0
 62
7
100
AcDbSpline
 70
8
 71
3
 72
8
 73
4
 74
0
 40
0
 40
0
 40
0
 40
0
 40
1
 40
1
 40
1
 40
1
 10
28.440213
 20
246.838947
 30
0.0
 10
28.626050
 20
246.612271
 30
0.0
 10
28.811215
 20
246.385616
 30
0.0
 10
28.997018
 20
246.158940
 30
0.0
  0
LINE
  5
745
100
AcDbEntity
  8
0
 62
7
100
AcDbLine
 10
28.997018
 20
246.158940
 30
0.0
 11
27.492354
 21
246.158940
 31
0.0
  0
SPLINE
  5
746
100
AcDbEntity
  8
0
 62
7
100
AcDbSpline
 70
8
 71
3
 72
8
 73
4
 74
0
 40
0
 40
0
 40
0
 40
0
 40
1
 40
1
 40
1
 40
1
 10
27.492354
 20
246.158940
 30
0.0
 10
27.808106
 20
246.385616
 30
0.0
 10
28.123891
 20
246.611935
 30
0.0
 10
28.440213
 20
246.838947
 30
0.0
  0
LINE
  5
747
100
AcDbEntity
  8
0
 62
7
100
AcDbLine
 10
28.440213
 20
246.838947
 30
0.0
 11
28.440213
 21
246.838947
 31
0.0
  0
SPLINE
  5
748
100
AcDbEntity
  8
0
 62
7
100
AcDbSpline
 70
8
 71
3
 72
8
 73
4
 74
0
 40
0
 40
0
 40
0
 40
0
 40
1
 40
1
 40
1
 40
1
 10
27.892342
 20
245.686107
 30
0.0
 10
27.952630
 20
245.722361
 30
0.0
 10
28.012852
 20
245.758993
 30
0.0
 10
28.072536
 20
245.795226
 30
0.0
  0
SPLINE
  5
749
100
AcDbEntity
  8
0
 62
7
100
AcDbSpline
 70
8
 71
3
 72
8
 73
4
 74
0
 40
0
 40
0
 40
0
 40
0
 40
1
 40
1
 40
1
 40
1
 10
28.072536
 20
245.795226
 30
0.0
 10
28.132825
 20
245.758972
 30
0.0
 10
28.192509
 20
245.722340
 30
0.0
 10
28.252797
 20
245.686107
 30
0.0
  0
SPLINE
  5
74a
100
AcDbEntity
  8
0
 62
7
100
AcDbSpline
 70
8
 71
3
 72
8
 73
4
 74
0
 40
0
 40
0
 40
0
 40
0
 40
1
 40
1
 40
1
 40
1
 10
28.252797
 20
245.686107
 30
0.0
 10
28.192509
 20
245.649832
 30
0.0
 10
28.132287
 20
245.613579
 30
0.0
 10
28.072536
 20
245.577304
 30
0.0
  0
SPLINE
  5
74b
100
AcDbEntity
  8
0
 62
7
100
AcDbSpline
 70
8
 71
3
 72
8
 73
4
 74
0
 40
0
 40
0
 40
0
 40
0
 40
1
 40
1
 40
1
 40
1
 10
28.072536
 20
245.577304
 30
0.0
 10
28.012852
 20
245.613579
 30
0.0
 10
27.952630
 20
245.650210
 30
0.0
 10
27.892342
 20
245.686107
 30
0.0
  0
LINE
  5
74c
100
AcDbEntity
  8
0
 62
7
100
AcDbLine
 10
27.892342
 20
245.686107
 30
0.0
 11
27.892342
 21
245.686107
 31
0.0
  0
SPLINE
  5
74d
100
AcDbEntity
  8
0
 62
7
100
AcDbSpline
 70
8
 71
3
 72
8
 73
4
 74
0
 40
0
 40
0
 40
0
 40
0
 40
1
 40
1
 40
1
 40
1
 10
29.850296
 20
247.595030
 30
0.0
 10
30.013663
 20
247.417246
 30
0.0
 10
30.177064
 20
247.239167
 30
0.0
 10
30.340431
 20
247.061382
 30
0.0
  0
SPLINE
  5
74e
100
AcDbEntity
  8
0
 62
7
100
AcDbSpline
 70
8
 71
3
 72
8
 73
4
 74
0
 40
0
 40
0
 40
0
 40
0
 40
1
 40
1
 40
1
 40
1
 10
30.340431
 20
247.061382
 30
0.0
 10
30.093802
 20
246.863676
 30
0.0
 10
29.847206
 20
246.665634
 30
0.0
 10
29.600610
 20
246.467906
 30
0.0
  0
SPLINE
  5
74f
100
AcDbEntity
  8
0
 62
7
100
AcDbSpline
 70
8
 71
3
 72
8
 73
4
 74
0
 40
0
 40
0
 40
0
 40
0
 40
1
 40
1
 40
1
 40
1
 10
29.600610
 20
246.467906
 30
0.0
 10
29.683738
 20
246.843460
 30
0.0
 10
29.766866
 20
247.219350
 30
0.0
 10
29.850296
 20
247.595030
 30
0.0
  0
LINE
  5
750
100
AcDbEntity
  8
0
 62
7
100
AcDbLine
 10
29.850296
 20
247.595030
 30
0.0
 11
29.850296
 21
247.595030
 31
0.0
  0
SPLINE
  5
751
100
AcDbEntity
  8
0
 62
7
100
AcDbSpline
 70
8
 71
3
 72
8
 73
4
 74
0
 40
0
 40
0
 40
0
 40
0
 40
1
 40
1
 40
1
 40
1
 10
28.528345
 20
245.519050
 30
0.0
 10
28.588063
 20
245.482775
 30
0.0
 10
28.648284
 20
245.446164
 30
0.0
 10
28.708002
 20
245.409910
 30
0.0
  0
SPLINE
  5
752
100
AcDbEntity
  8
0
 62
7
100
AcDbSpline
 70
8
 71
3
 72
8
 73
4
 74
0
 40
0
 40
0
 40
0
 40
0
 40
1
 40
1
 40
1
 40
1
 10
28.708002
 20
245.409910
 30
0.0
 10
28.670049
 20
245.386903
 30
0.0
 10
28.632129
 20
245.363895
 30
0.0
 10
28.594209
 20
245.340866
 30
0.0
  0
LINE
  5
753
100
AcDbEntity
  8
0
 62
7
100
AcDbLine
 10
28.594209
 20
245.340866
 30
0.0
 11
28.461944
 21
245.340866
 31
0.0
  0
SPLINE
  5
754
100
AcDbEntity
  8
0
 62
7
100
AcDbSpline
 70
8
 71
3
 72
8
 73
4
 74
0
 40
0
 40
0
 40
0
 40
0
 40
1
 40
1
 40
1
 40
1
 10
28.461944
 20
245.340866
 30
0.0
 10
28.424024
 20
245.363895
 30
0.0
 10
28.386071
 20
245.386903
 30
0.0
 10
28.348117
 20
245.409910
 30
0.0
  0
SPLINE
  5
755
100
AcDbEntity
  8
0
 62
7
100
AcDbSpline
 70
8
 71
3
 72
8
 73
4
 74
0
 40
0
 40
0
 40
0
 40
0
 40
1
 40
1
 40
1
 40
1
 10
28.348117
 20
245.409910
 30
0.0
 10
28.408406
 20
245.446185
 30
0.0
 10
28.468090
 20
245.482817
 30
0.0
 10
28.528345
 20
245.519050
 30
0.0
  0
LINE
  5
756
100
AcDbEntity
  8
0
 62
7
100
AcDbLine
 10
28.528345
 20
245.519050
 30
0.0
 11
28.528345
 21
245.519050
 31
0.0
  0
LINE
  5
757
100
AcDbEntity
  8
0
 62
7
100
AcDbLine
 10
28.412336
 20
245.923930
 30
0.0
 11
28.644959
 21
245.923930
 31
0.0
  0
SPLINE
  5
758
100
AcDbEntity
  8
0
 62
7
100
AcDbSpline
 70
8
 71
3
 72
8
 73
4
 74
0
 40
0
 40
0
 40
0
 40
0
 40
1
 40
1
 40
1
 40
1
 10
28.644959
 20
245.923930
 30
0.0
 10
28.606469
 20
245.900230
 30
0.0
 10
28.567440
 20
245.876844
 30
0.0
 10
28.528950
 20
245.853144
 30
0.0
  0
SPLINE
  5
759
100
AcDbEntity
  8
0
 62
7
100
AcDbSpline
 70
8
 71
3
 72
8
 73
4
 74
0
 40
0
 40
0
 40
0
 40
0
 40
1
 40
1
 40
1
 40
1
 10
28.528950
 20
245.853144
 30
0.0
 10
28.489888
 20
245.876508
 30
0.0
 10
28.450860
 20
245.900230
 30
0.0
 10
28.412336
 20
245.923930
 30
0.0
  0
LINE
  5
75a
100
AcDbEntity
  8
0
 62
7
100
AcDbLine
 10
28.412336
 20
245.923930
 30
0.0
 11
28.412336
 21
245.923930
 31
0.0
  0
SPLINE
  5
75b
100
AcDbEntity
  8
0
 62
7
100
AcDbSpline
 70
8
 71
3
 72
8
 73
4
 74
0
 40
0
 40
0
 40
0
 40
0
 40
1
 40
1
 40
1
 40
1
 10
29.260374
 20
245.409910
 30
0.0
 10
29.320595
 20
245.446185
 30
0.0
 10
29.380279
 20
245.482817
 30
0.0
 10
29.440568
 20
245.519050
 30
0.0
  0
SPLINE
  5
75c
100
AcDbEntity
  8
0
 62
7
100
AcDbSpline
 70
8
 71
3
 72
8
 73
4
 74
0
 40
0
 40
0
 40
0
 40
0
 40
1
 40
1
 40
1
 40
1
 10
29.440568
 20
245.519050
 30
0.0
 10
29.500790
 20
245.482775
 30
0.0
 10
29.560507
 20
245.446164
 30
0.0
 10
29.620225
 20
245.409910
 30
0.0
  0
SPLINE
  5
75d
100
AcDbEntity
  8
0
 62
7
100
AcDbSpline
 70
8
 71
3
 72
8
 73
4
 74
0
 40
0
 40
0
 40
0
 40
0
 40
1
 40
1
 40
1
 40
1
 10
29.620225
 20
245.409910
 30
0.0
 10
29.582272
 20
245.386903
 30
0.0
 10
29.543781
 20
245.363895
 30
0.0
 10
29.506399
 20
245.340866
 30
0.0
  0
LINE
  5
75e
100
AcDbEntity
  8
0
 62
7
100
AcDbLine
 10
29.506399
 20
245.340866
 30
0.0
 11
29.374133
 21
245.340866
 31
0.0
  0
SPLINE
  5
75f
100
AcDbEntity
  8
0
 62
7
100
AcDbSpline
 70
8
 71
3
 72
8
 73
4
 74
0
 40
0
 40
0
 40
0
 40
0
 40
1
 40
1
 40
1
 40
1
 10
29.374133
 20
245.340866
 30
0.0
 10
29.336213
 20
245.363895
 30
0.0
 10
29.298831
 20
245.386903
 30
0.0
 10
29.260374
 20
245.409910
 30
0.0
  0
LINE
  5
760
100
AcDbEntity
  8
0
 62
7
100
AcDbLine
 10
29.260374
 20
245.409910
 30
0.0
 11
29.260374
 21
245.409910
 31
0.0
  0
SPLINE
  5
761
100
AcDbEntity
  8
0
 62
7
100
AcDbSpline
 70
8
 71
3
 72
8
 73
4
 74
0
 40
0
 40
0
 40
0
 40
0
 40
1
 40
1
 40
1
 40
1
 10
29.716720
 20
245.686107
 30
0.0
 10
29.777009
 20
245.722361
 30
0.0
 10
29.836693
 20
245.758993
 30
0.0
 10
29.896915
 20
245.795226
 30
0.0
  0
SPLINE
  5
762
100
AcDbEntity
  8
0
 62
7
100
AcDbSpline
 70
8
 71
3
 72
8
 73
4
 74
0
 40
0
 40
0
 40
0
 40
0
 40
1
 40
1
 40
1
 40
1
 10
29.896915
 20
245.795226
 30
0.0
 10
29.957203
 20
245.758972
 30
0.0
 10
30.016350
 20
245.722340
 30
0.0
 10
30.076572
 20
245.686107
 30
0.0
  0
SPLINE
  5
763
100
AcDbEntity
  8
0
 62
7
100
AcDbSpline
 70
8
 71
3
 72
8
 73
4
 74
0
 40
0
 40
0
 40
0
 40
0
 40
1
 40
1
 40
1
 40
1
 10
30.076572
 20
245.686107
 30
0.0
 10
30.016350
 20
245.649832
 30
0.0
 10
29.956666
 20
245.613579
 30
0.0
 10
29.896915
 20
245.577304
 30
0.0
  0
SPLINE
  5
764
100
AcDbEntity
  8
0
 62
7
100
AcDbSpline
 70
8
 71
3
 72
8
 73
4
 74
0
 40
0
 40
0
 40
0
 40
0
 40
1
 40
1
 40
1
 40
1
 10
29.896915
 20
245.577304
 30
0.0
 10
29.836693
 20
245.613579
 30
0.0
 10
29.777009
 20
245.650210
 30
0.0
 10
29.716720
 20
245.686107
 30
0.0
  0
LINE
  5
765
100
AcDbEntity
  8
0
 62
7
100
AcDbLine
 10
29.716720
 20
245.686107
 30
0.0
 11
29.716720
 21
245.686107
 31
0.0
  0
LINE
  5
766
100
AcDbEntity
  8
0
 62
7
100
AcDbLine
 10
32.194400
 20
247.843538
 30
0.0
 11
33.461436
 21
247.843538
 31
0.0
  0
LINE
  5
767
100
AcDbEntity
  8
0
 62
7
100
AcDbLine
 10
33.461436
 20
247.843538
 30
0.0
 11
34.091931
 21
247.843538
 31
0.0
  0
SPLINE
  5
768
100
AcDbEntity
  8
0
 62
7
100
AcDbSpline
 70
8
 71
3
 72
8
 73
4
 74
0
 40
0
 40
0
 40
0
 40
0
 40
1
 40
1
 40
1
 40
1
 10
34.091931
 20
247.843538
 30
0.0
 10
34.055052
 20
247.820195
 30
0.0
 10
34.018241
 20
247.797166
 30
0.0
 10
33.981967
 20
247.774137
 30
0.0
  0
SPLINE
  5
769
100
AcDbEntity
  8
0
 62
7
100
AcDbSpline
 70
8
 71
3
 72
8
 73
4
 74
0
 40
0
 40
0
 40
0
 40
0
 40
1
 40
1
 40
1
 40
1
 10
33.981967
 20
247.774137
 30
0.0
 10
33.685125
 20
247.587242
 30
0.0
 10
33.388351
 20
247.399969
 30
0.0
 10
33.090971
 20
247.213073
 30
0.0
  0
SPLINE
  5
76a
100
AcDbEntity
  8
0
 62
7
100
AcDbSpline
 70
8
 71
3
 72
8
 73
4
 74
0
 40
0
 40
0
 40
0
 40
0
 40
1
 40
1
 40
1
 40
1
 10
33.090971
 20
247.213073
 30
0.0
 10
32.825432
 20
247.399969
 30
0.0
 10
32.558718
 20
247.587242
 30
0.0
 10
32.293179
 20
247.774137
 30
0.0
  0
SPLINE
  5
76b
100
AcDbEntity
  8
0
 62
7
100
AcDbSpline
 70
8
 71
3
 72
8
 73
4
 74
0
 40
0
 40
0
 40
0
 40
0
 40
1
 40
1
 40
1
 40
1
 10
32.293179
 20
247.774137
 30
0.0
 10
32.260264
 20
247.797523
 30
0.0
 10
32.227349
 20
247.820531
 30
0.0
 10
32.194400
 20
247.843538
 30
0.0
  0
LINE
  5
76c
100
AcDbEntity
  8
0
 62
7
100
AcDbLine
 10
32.194400
 20
247.843538
 30
0.0
 11
32.194400
 21
247.843538
 31
0.0
  0
SPLINE
  5
76d
100
AcDbEntity
  8
0
 62
7
100
AcDbSpline
 70
8
 71
3
 72
8
 73
4
 74
0
 40
0
 40
0
 40
0
 40
0
 40
1
 40
1
 40
1
 40
1
 10
30.352724
 20
245.519050
 30
0.0
 10
30.412979
 20
245.482775
 30
0.0
 10
30.472663
 20
245.446164
 30
0.0
 10
30.532381
 20
245.409910
 30
0.0
  0
SPLINE
  5
76e
100
AcDbEntity
  8
0
 62
7
100
AcDbSpline
 70
8
 71
3
 72
8
 73
4
 74
0
 40
0
 40
0
 40
0
 40
0
 40
1
 40
1
 40
1
 40
1
 10
30.532381
 20
245.409910
 30
0.0
 10
30.494427
 20
245.386903
 30
0.0
 10
30.456508
 20
245.363895
 30
0.0
 10
30.418588
 20
245.340866
 30
0.0
  0
LINE
  5
76f
100
AcDbEntity
  8
0
 62
7
100
AcDbLine
 10
30.418588
 20
245.340866
 30
0.0
 11
30.286860
 21
245.340866
 31
0.0
  0
SPLINE
  5
770
100
AcDbEntity
  8
0
 62
7
100
AcDbSpline
 70
8
 71
3
 72
8
 73
4
 74
0
 40
0
 40
0
 40
0
 40
0
 40
1
 40
1
 40
1
 40
1
 10
30.286860
 20
245.340866
 30
0.0
 10
30.248403
 20
245.363895
 30
0.0
 10
30.210987
 20
245.386903
 30
0.0
 10
30.172496
 20
245.409910
 30
0.0
  0
SPLINE
  5
771
100
AcDbEntity
  8
0
 62
7
100
AcDbSpline
 70
8
 71
3
 72
8
 73
4
 74
0
 40
0
 40
0
 40
0
 40
0
 40
1
 40
1
 40
1
 40
1
 10
30.172496
 20
245.409910
 30
0.0
 10
30.232785
 20
245.446185
 30
0.0
 10
30.292469
 20
245.482817
 30
0.0
 10
30.352724
 20
245.519050
 30
0.0
  0
LINE
  5
772
100
AcDbEntity
  8
0
 62
7
100
AcDbLine
 10
30.352724
 20
245.519050
 30
0.0
 11
30.352724
 21
245.519050
 31
0.0
  0
LINE
  5
773
100
AcDbEntity
  8
0
 62
7
100
AcDbLine
 10
30.235572
 20
245.923930
 30
0.0
 11
30.468801
 21
245.923930
 31
0.0
  0
SPLINE
  5
774
100
AcDbEntity
  8
0
 62
7
100
AcDbSpline
 70
8
 71
3
 72
8
 73
4
 74
0
 40
0
 40
0
 40
0
 40
0
 40
1
 40
1
 40
1
 40
1
 10
30.468801
 20
245.923930
 30
0.0
 10
30.429772
 20
245.900230
 30
0.0
 10
30.391282
 20
245.876844
 30
0.0
 10
30.352791
 20
245.853144
 30
0.0
  0
SPLINE
  5
775
100
AcDbEntity
  8
0
 62
7
100
AcDbSpline
 70
8
 71
3
 72
8
 73
4
 74
0
 40
0
 40
0
 40
0
 40
0
 40
1
 40
1
 40
1
 40
1
 10
30.352791
 20
245.853144
 30
0.0
 10
30.313729
 20
245.876508
 30
0.0
 10
30.274701
 20
245.900230
 30
0.0
 10
30.235572
 20
245.923930
 30
0.0
  0
LINE
  5
776
100
AcDbEntity
  8
0
 62
7
100
AcDbLine
 10
30.235572
 20
245.923930
 30
0.0
 11
30.235572
 21
245.923930
 31
0.0
  0
SPLINE
  5
777
100
AcDbEntity
  8
0
 62
7
100
AcDbSpline
 70
8
 71
3
 72
8
 73
4
 74
0
 40
0
 40
0
 40
0
 40
0
 40
1
 40
1
 40
1
 40
1
 10
30.628339
 20
245.686107
 30
0.0
 10
30.688594
 20
245.722361
 30
0.0
 10
30.748312
 20
245.758993
 30
0.0
 10
30.808567
 20
245.795226
 30
0.0
  0
SPLINE
  5
778
100
AcDbEntity
  8
0
 62
7
100
AcDbSpline
 70
8
 71
3
 72
8
 73
4
 74
0
 40
0
 40
0
 40
0
 40
0
 40
1
 40
1
 40
1
 40
1
 10
30.808567
 20
245.795226
 30
0.0
 10
30.868788
 20
245.758972
 30
0.0
 10
30.928506
 20
245.722340
 30
0.0
 10
30.988761
 20
245.686107
 30
0.0
  0
SPLINE
  5
779
100
AcDbEntity
  8
0
 62
7
100
AcDbSpline
 70
8
 71
3
 72
8
 73
4
 74
0
 40
0
 40
0
 40
0
 40
0
 40
1
 40
1
 40
1
 40
1
 10
30.988761
 20
245.686107
 30
0.0
 10
30.928506
 20
245.649832
 30
0.0
 10
30.868788
 20
245.613579
 30
0.0
 10
30.808567
 20
245.577304
 30
0.0
  0
SPLINE
  5
77a
100
AcDbEntity
  8
0
 62
7
100
AcDbSpline
 70
8
 71
3
 72
8
 73
4
 74
0
 40
0
 40
0
 40
0
 40
0
 40
1
 40
1
 40
1
 40
1
 10
30.808567
 20
245.577304
 30
0.0
 10
30.748312
 20
245.613579
 30
0.0
 10
30.688594
 20
245.650210
 30
0.0
 10
30.628339
 20
245.686107
 30
0.0
  0
LINE
  5
77b
100
AcDbEntity
  8
0
 62
7
100
AcDbLine
 10
30.628339
 20
245.686107
 30
0.0
 11
30.628339
 21
245.686107
 31
0.0
  0
SPLINE
  5
77c
100
AcDbEntity
  8
0
 62
7
100
AcDbSpline
 70
8
 71
3
 72
8
 73
4
 74
0
 40
0
 40
0
 40
0
 40
0
 40
1
 40
1
 40
1
 40
1
 10
36.062984
 20
251.828547
 30
0.0
 10
36.767068
 20
251.534233
 30
0.0
 10
37.471186
 20
251.240276
 30
0.0
 10
38.175237
 20
250.946299
 30
0.0
  0
SPLINE
  5
77d
100
AcDbEntity
  8
0
 62
7
100
AcDbSpline
 70
8
 71
3
 72
8
 73
4
 74
0
 40
0
 40
0
 40
0
 40
0
 40
1
 40
1
 40
1
 40
1
 10
38.175237
 20
250.946299
 30
0.0
 10
37.683154
 20
250.690003
 30
0.0
 10
37.191104
 20
250.434063
 30
0.0
 10
36.698417
 20
250.178103
 30
0.0
  0
SPLINE
  5
77e
100
AcDbEntity
  8
0
 62
7
100
AcDbSpline
 70
8
 71
3
 72
8
 73
4
 74
0
 40
0
 40
0
 40
0
 40
0
 40
1
 40
1
 40
1
 40
1
 10
36.698417
 20
250.178103
 30
0.0
 10
36.416655
 20
250.673986
 30
0.0
 10
36.251508
 20
251.199824
 30
0.0
 10
36.091936
 20
251.711367
 30
0.0
  0
SPLINE
  5
77f
100
AcDbEntity
  8
0
 62
7
100
AcDbSpline
 70
8
 71
3
 72
8
 73
4
 74
0
 40
0
 40
0
 40
0
 40
0
 40
1
 40
1
 40
1
 40
1
 10
36.091936
 20
251.711367
 30
0.0
 10
36.081927
 20
251.743800
 30
0.0
 10
36.072388
 20
251.776569
 30
0.0
 10
36.062917
 20
251.809003
 30
0.0
  0
SPLINE
  5
780
100
AcDbEntity
  8
0
 62
7
100
AcDbSpline
 70
8
 71
3
 72
8
 73
4
 74
0
 40
0
 40
0
 40
0
 40
0
 40
1
 40
1
 40
1
 40
1
 10
36.062917
 20
251.809003
 30
0.0
 10
36.062917
 20
251.815300
 30
0.0
 10
36.062917
 20
251.822291
 30
0.0
 10
36.062984
 20
251.828547
 30
0.0
  0
LINE
  5
781
100
AcDbEntity
  8
0
 62
7
100
AcDbLine
 10
36.062984
 20
251.828547
 30
0.0
 11
36.062984
 21
251.828547
 31
0.0
  0
SPLINE
  5
782
100
AcDbEntity
  8
0
 62
7
100
AcDbSpline
 70
8
 71
3
 72
8
 73
4
 74
0
 40
0
 40
0
 40
0
 40
0
 40
1
 40
1
 40
1
 40
1
 10
36.062984
 20
250.657569
 30
0.0
 10
36.155583
 20
250.439983
 30
0.0
 10
36.260509
 20
250.224832
 30
0.0
 10
36.383807
 20
250.013859
 30
0.0
  0
SPLINE
  5
783
100
AcDbEntity
  8
0
 62
7
100
AcDbSpline
 70
8
 71
3
 72
8
 73
4
 74
0
 40
0
 40
0
 40
0
 40
0
 40
1
 40
1
 40
1
 40
1
 10
36.383807
 20
250.013859
 30
0.0
 10
36.399425
 20
249.986652
 30
0.0
 10
36.416151
 20
249.959446
 30
0.0
 10
36.433482
 20
249.932282
 30
0.0
  0
LINE
  5
784
100
AcDbEntity
  8
0
 62
7
100
AcDbLine
 10
36.433482
 20
249.932282
 30
0.0
 11
36.123306
 21
249.932282
 31
0.0
  0
LINE
  5
785
100
AcDbEntity
  8
0
 62
7
100
AcDbLine
 10
36.123306
 20
249.932282
 30
0.0
 11
36.063589
 21
249.932282
 31
0.0
  0
SPLINE
  5
786
100
AcDbEntity
  8
0
 62
7
100
AcDbSpline
 70
8
 71
3
 72
8
 73
4
 74
0
 40
0
 40
0
 40
0
 40
0
 40
1
 40
1
 40
1
 40
1
 10
36.063589
 20
249.932282
 30
0.0
 10
36.063051
 20
250.173926
 30
0.0
 10
36.063589
 20
250.415926
 30
0.0
 10
36.062984
 20
250.657569
 30
0.0
  0
LINE
  5
787
100
AcDbEntity
  8
0
 62
7
100
AcDbLine
 10
36.062984
 20
250.657569
 30
0.0
 11
36.062984
 21
250.657569
 31
0.0
  0
LINE
  5
788
100
AcDbEntity
  8
0
 62
7
100
AcDbLine
 10
34.776434
 20
249.694795
 30
0.0
 11
35.673005
 21
249.694795
 31
0.0
  0
LINE
  5
789
100
AcDbEntity
  8
0
 62
7
100
AcDbLine
 10
35.673005
 20
249.694795
 30
0.0
 11
35.673005
 21
249.654700
 31
0.0
  0
LINE
  5
78a
100
AcDbEntity
  8
0
 62
7
100
AcDbLine
 10
35.673005
 20
249.654700
 30
0.0
 11
34.776434
 21
249.654700
 31
0.0
  0
LINE
  5
78b
100
AcDbEntity
  8
0
 62
7
100
AcDbLine
 10
34.776434
 20
249.654700
 30
0.0
 11
34.776434
 21
249.694795
 31
0.0
  0
LINE
  5
78c
100
AcDbEntity
  8
0
 62
7
100
AcDbLine
 10
34.776434
 20
249.694795
 30
0.0
 11
34.776434
 21
249.694795
 31
0.0
  0
LINE
  5
78d
100
AcDbEntity
  8
0
 62
7
100
AcDbLine
 10
34.777576
 20
249.418283
 30
0.0
 11
35.673005
 21
249.418283
 31
0.0
  0
LINE
  5
78e
100
AcDbEntity
  8
0
 62
7
100
AcDbLine
 10
35.673005
 20
249.418283
 30
0.0
 11
35.673005
 21
249.225111
 31
0.0
  0
LINE
  5
78f
100
AcDbEntity
  8
0
 62
7
100
AcDbLine
 10
35.673005
 20
249.225111
 30
0.0
 11
34.778113
 21
249.225111
 31
0.0
  0
SPLINE
  5
790
100
AcDbEntity
  8
0
 62
7
100
AcDbSpline
 70
8
 71
3
 72
8
 73
4
 74
0
 40
0
 40
0
 40
0
 40
0
 40
1
 40
1
 40
1
 40
1
 10
34.778113
 20
249.225111
 30
0.0
 10
34.778113
 20
249.289621
 30
0.0
 10
34.777576
 20
249.354088
 30
0.0
 10
34.777576
 20
249.418283
 30
0.0
  0
LINE
  5
791
100
AcDbEntity
  8
0
 62
7
100
AcDbLine
 10
34.777576
 20
249.418283
 30
0.0
 11
34.777576
 21
249.418283
 31
0.0
  0
LINE
  5
792
100
AcDbEntity
  8
0
 62
7
100
AcDbLine
 10
34.779289
 20
248.988989
 30
0.0
 11
35.673073
 21
248.988989
 31
0.0
  0
LINE
  5
793
100
AcDbEntity
  8
0
 62
7
100
AcDbLine
 10
35.673073
 20
248.988989
 30
0.0
 11
35.673073
 21
248.079913
 31
0.0
  0
SPLINE
  5
794
100
AcDbEntity
  8
0
 62
7
100
AcDbSpline
 70
8
 71
3
 72
8
 73
4
 74
0
 40
0
 40
0
 40
0
 40
0
 40
1
 40
1
 40
1
 40
1
 10
35.673073
 20
248.079913
 30
0.0
 10
35.609492
 20
248.079913
 30
0.0
 10
35.545845
 20
248.079913
 30
0.0
 10
35.482769
 20
248.079955
 30
0.0
  0
LINE
  5
795
100
AcDbEntity
  8
0
 62
7
100
AcDbLine
 10
35.482769
 20
248.079955
 30
0.0
 11
34.782043
 21
248.079955
 31
0.0
  0
SPLINE
  5
796
100
AcDbEntity
  8
0
 62
7
100
AcDbSpline
 70
8
 71
3
 72
8
 73
4
 74
0
 40
0
 40
0
 40
0
 40
0
 40
1
 40
1
 40
1
 40
1
 10
34.782043
 20
248.079955
 30
0.0
 10
34.781506
 20
248.327560
 30
0.0
 10
34.780364
 20
248.575480
 30
0.0
 10
34.779826
 20
248.823380
 30
0.0
  0
SPLINE
  5
797
100
AcDbEntity
  8
0
 62
7
100
AcDbSpline
 70
8
 71
3
 72
8
 73
4
 74
0
 40
0
 40
0
 40
0
 40
0
 40
1
 40
1
 40
1
 40
1
 10
34.779826
 20
248.823380
 30
0.0
 10
34.779826
 20
248.878485
 30
0.0
 10
34.779289
 20
248.933548
 30
0.0
 10
34.779289
 20
248.988989
 30
0.0
  0
LINE
  5
798
100
AcDbEntity
  8
0
 62
7
100
AcDbLine
 10
34.779289
 20
248.988989
 30
0.0
 11
34.779289
 21
248.988989
 31
0.0
  0
SPLINE
  5
799
100
AcDbEntity
  8
0
 62
7
100
AcDbSpline
 70
8
 71
3
 72
8
 73
4
 74
0
 40
0
 40
0
 40
0
 40
0
 40
1
 40
1
 40
1
 40
1
 10
34.296039
 20
248.988338
 30
0.0
 10
34.297148
 20
248.685312
 30
0.0
 10
34.297719
 20
248.382287
 30
0.0
 10
34.298827
 20
248.079262
 30
0.0
  0
LINE
  5
79a
100
AcDbEntity
  8
0
 62
7
100
AcDbLine
 10
34.298827
 20
248.079262
 30
0.0
 11
33.362085
 21
248.079262
 31
0.0
  0
SPLINE
  5
79b
100
AcDbEntity
  8
0
 62
7
100
AcDbSpline
 70
8
 71
3
 72
8
 73
4
 74
0
 40
0
 40
0
 40
0
 40
0
 40
1
 40
1
 40
1
 40
1
 10
33.362085
 20
248.079262
 30
0.0
 10
33.346501
 20
248.382644
 30
0.0
 10
33.331421
 20
248.685648
 30
0.0
 10
33.317482
 20
248.988338
 30
0.0
  0
LINE
  5
79c
100
AcDbEntity
  8
0
 62
7
100
AcDbLine
 10
33.317482
 20
248.988338
 30
0.0
 11
34.296039
 21
248.988338
 31
0.0
  0
LINE
  5
79d
100
AcDbEntity
  8
0
 62
7
100
AcDbLine
 10
34.296039
 20
248.988338
 30
0.0
 11
34.296039
 21
248.988338
 31
0.0
  0
SPLINE
  5
79e
100
AcDbEntity
  8
0
 62
7
100
AcDbSpline
 70
8
 71
3
 72
8
 73
4
 74
0
 40
0
 40
0
 40
0
 40
0
 40
1
 40
1
 40
1
 40
1
 10
33.346971
 20
247.033840
 30
0.0
 10
33.664973
 20
247.234360
 30
0.0
 10
33.983042
 20
247.434480
 30
0.0
 10
34.301077
 20
247.635357
 30
0.0
  0
SPLINE
  5
79f
100
AcDbEntity
  8
0
 62
7
100
AcDbSpline
 70
8
 71
3
 72
8
 73
4
 74
0
 40
0
 40
0
 40
0
 40
0
 40
1
 40
1
 40
1
 40
1
 10
34.301077
 20
247.635357
 30
0.0
 10
34.302219
 20
247.351854
 30
0.0
 10
34.302757
 20
247.068352
 30
0.0
 10
34.303831
 20
246.784850
 30
0.0
  0
SPLINE
  5
7a0
100
AcDbEntity
  8
0
 62
7
100
AcDbSpline
 70
8
 71
3
 72
8
 73
4
 74
0
 40
0
 40
0
 40
0
 40
0
 40
1
 40
1
 40
1
 40
1
 10
34.303831
 20
246.784850
 30
0.0
 10
34.304369
 20
246.643298
 30
0.0
 10
34.304973
 20
246.501368
 30
0.0
 10
34.305511
 20
246.359774
 30
0.0
  0
SPLINE
  5
7a1
100
AcDbEntity
  8
0
 62
7
100
AcDbSpline
 70
8
 71
3
 72
8
 73
4
 74
0
 40
0
 40
0
 40
0
 40
0
 40
1
 40
1
 40
1
 40
1
 10
34.305511
 20
246.359774
 30
0.0
 10
33.986434
 20
246.584351
 30
0.0
 10
33.666149
 20
246.808907
 30
0.0
 10
33.346971
 20
247.033840
 30
0.0
  0
LINE
  5
7a2
100
AcDbEntity
  8
0
 62
7
100
AcDbLine
 10
33.346971
 20
247.033840
 30
0.0
 11
33.346971
 21
247.033840
 31
0.0
  0
SPLINE
  5
7a3
100
AcDbEntity
  8
0
 62
7
100
AcDbSpline
 70
8
 71
3
 72
8
 73
4
 74
0
 40
0
 40
0
 40
0
 40
0
 40
1
 40
1
 40
1
 40
1
 10
33.075924
 20
246.863004
 30
0.0
 10
33.409510
 20
246.628666
 30
0.0
 10
33.743197
 20
246.393614
 30
0.0
 10
34.076212
 20
246.159318
 30
0.0
  0
LINE
  5
7a4
100
AcDbEntity
  8
0
 62
7
100
AcDbLine
 10
34.076212
 20
246.159318
 30
0.0
 11
31.959526
 21
246.159318
 31
0.0
  0
SPLINE
  5
7a5
100
AcDbEntity
  8
0
 62
7
100
AcDbSpline
 70
8
 71
3
 72
8
 73
4
 74
0
 40
0
 40
0
 40
0
 40
0
 40
1
 40
1
 40
1
 40
1
 10
31.959526
 20
246.159318
 30
0.0
 10
32.331670
 20
246.393614
 30
0.0
 10
32.703747
 20
246.628666
 30
0.0
 10
33.075924
 20
246.863004
 30
0.0
  0
LINE
  5
7a6
100
AcDbEntity
  8
0
 62
7
100
AcDbLine
 10
33.075924
 20
246.863004
 30
0.0
 11
33.075924
 21
246.863004
 31
0.0
  0
SPLINE
  5
7a7
100
AcDbEntity
  8
0
 62
7
100
AcDbSpline
 70
8
 71
3
 72
8
 73
4
 74
0
 40
0
 40
0
 40
0
 40
0
 40
1
 40
1
 40
1
 40
1
 10
32.176532
 20
245.519050
 30
0.0
 10
32.236820
 20
245.482775
 30
0.0
 10
32.297042
 20
245.446164
 30
0.0
 10
32.356726
 20
245.409910
 30
0.0
  0
SPLINE
  5
7a8
100
AcDbEntity
  8
0
 62
7
100
AcDbSpline
 70
8
 71
3
 72
8
 73
4
 74
0
 40
0
 40
0
 40
0
 40
0
 40
1
 40
1
 40
1
 40
1
 10
32.356726
 20
245.409910
 30
0.0
 10
32.318806
 20
245.386903
 30
0.0
 10
32.280886
 20
245.363895
 30
0.0
 10
32.242362
 20
245.340866
 30
0.0
  0
LINE
  5
7a9
100
AcDbEntity
  8
0
 62
7
100
AcDbLine
 10
32.242362
 20
245.340866
 30
0.0
 11
32.110701
 21
245.340866
 31
0.0
  0
SPLINE
  5
7aa
100
AcDbEntity
  8
0
 62
7
100
AcDbSpline
 70
8
 71
3
 72
8
 73
4
 74
0
 40
0
 40
0
 40
0
 40
0
 40
1
 40
1
 40
1
 40
1
 10
32.110701
 20
245.340866
 30
0.0
 10
32.072781
 20
245.363895
 30
0.0
 10
32.034828
 20
245.386903
 30
0.0
 10
31.996875
 20
245.409910
 30
0.0
  0
SPLINE
  5
7ab
100
AcDbEntity
  8
0
 62
7
100
AcDbSpline
 70
8
 71
3
 72
8
 73
4
 74
0
 40
0
 40
0
 40
0
 40
0
 40
1
 40
1
 40
1
 40
1
 10
31.996875
 20
245.409910
 30
0.0
 10
32.056626
 20
245.446185
 30
0.0
 10
32.116847
 20
245.482817
 30
0.0
 10
32.176532
 20
245.519050
 30
0.0
  0
LINE
  5
7ac
100
AcDbEntity
  8
0
 62
7
100
AcDbLine
 10
32.176532
 20
245.519050
 30
0.0
 11
32.176532
 21
245.519050
 31
0.0
  0
LINE
  5
7ad
100
AcDbEntity
  8
0
 62
7
100
AcDbLine
 10
32.061093
 20
245.923930
 30
0.0
 11
32.293717
 21
245.923930
 31
0.0
  0
SPLINE
  5
7ae
100
AcDbEntity
  8
0
 62
7
100
AcDbSpline
 70
8
 71
3
 72
8
 73
4
 74
0
 40
0
 40
0
 40
0
 40
0
 40
1
 40
1
 40
1
 40
1
 10
32.293717
 20
245.923930
 30
0.0
 10
32.255226
 20
245.900230
 30
0.0
 10
32.215660
 20
245.876844
 30
0.0
 10
32.177069
 20
245.853144
 30
0.0
  0
SPLINE
  5
7af
100
AcDbEntity
  8
0
 62
7
100
AcDbSpline
 70
8
 71
3
 72
8
 73
4
 74
0
 40
0
 40
0
 40
0
 40
0
 40
1
 40
1
 40
1
 40
1
 10
32.177069
 20
245.853144
 30
0.0
 10
32.138612
 20
245.876508
 30
0.0
 10
32.099584
 20
245.900230
 30
0.0
 10
32.061093
 20
245.923930
 30
0.0
  0
LINE
  5
7b0
100
AcDbEntity
  8
0
 62
7
100
AcDbLine
 10
32.061093
 20
245.923930
 30
0.0
 11
32.061093
 21
245.923930
 31
0.0
  0
SPLINE
  5
7b1
100
AcDbEntity
  8
0
 62
7
100
AcDbSpline
 70
8
 71
3
 72
8
 73
4
 74
0
 40
0
 40
0
 40
0
 40
0
 40
1
 40
1
 40
1
 40
1
 10
32.452717
 20
245.686107
 30
0.0
 10
32.512435
 20
245.722361
 30
0.0
 10
32.572690
 20
245.758993
 30
0.0
 10
32.632374
 20
245.795226
 30
0.0
  0
SPLINE
  5
7b2
100
AcDbEntity
  8
0
 62
7
100
AcDbSpline
 70
8
 71
3
 72
8
 73
4
 74
0
 40
0
 40
0
 40
0
 40
0
 40
1
 40
1
 40
1
 40
1
 10
32.632374
 20
245.795226
 30
0.0
 10
32.692629
 20
245.758972
 30
0.0
 10
32.752347
 20
245.722340
 30
0.0
 10
32.812569
 20
245.686107
 30
0.0
  0
SPLINE
  5
7b3
100
AcDbEntity
  8
0
 62
7
100
AcDbSpline
 70
8
 71
3
 72
8
 73
4
 74
0
 40
0
 40
0
 40
0
 40
0
 40
1
 40
1
 40
1
 40
1
 10
32.812569
 20
245.686107
 30
0.0
 10
32.752347
 20
245.649832
 30
0.0
 10
32.692629
 20
245.613579
 30
0.0
 10
32.632374
 20
245.577304
 30
0.0
  0
SPLINE
  5
7b4
100
AcDbEntity
  8
0
 62
7
100
AcDbSpline
 70
8
 71
3
 72
8
 73
4
 74
0
 40
0
 40
0
 40
0
 40
0
 40
1
 40
1
 40
1
 40
1
 10
32.632374
 20
245.577304
 30
0.0
 10
32.572119
 20
245.613579
 30
0.0
 10
32.512435
 20
245.650210
 30
0.0
 10
32.452717
 20
245.686107
 30
0.0
  0
LINE
  5
7b5
100
AcDbEntity
  8
0
 62
7
100
AcDbLine
 10
32.452717
 20
245.686107
 30
0.0
 11
32.452717
 21
245.686107
 31
0.0
  0
LINE
  5
7b6
100
AcDbEntity
  8
0
 62
7
100
AcDbLine
 10
36.063555
 20
249.695530
 30
0.0
 11
36.979640
 21
249.695530
 31
0.0
  0
LINE
  5
7b7
100
AcDbEntity
  8
0
 62
7
100
AcDbLine
 10
36.979640
 20
249.695530
 30
0.0
 11
36.979640
 21
249.655434
 31
0.0
  0
LINE
  5
7b8
100
AcDbEntity
  8
0
 62
7
100
AcDbLine
 10
36.979640
 20
249.655434
 30
0.0
 11
36.807776
 21
249.655434
 31
0.0
  0
LINE
  5
7b9
100
AcDbEntity
  8
0
 62
7
100
AcDbLine
 10
36.807776
 20
249.655434
 30
0.0
 11
36.063555
 21
249.655434
 31
0.0
  0
LINE
  5
7ba
100
AcDbEntity
  8
0
 62
7
100
AcDbLine
 10
36.063555
 20
249.655434
 30
0.0
 11
36.063555
 21
249.695530
 31
0.0
  0
LINE
  5
7bb
100
AcDbEntity
  8
0
 62
7
100
AcDbLine
 10
36.063555
 20
249.695530
 30
0.0
 11
36.063555
 21
249.695530
 31
0.0
  0
LINE
  5
7bc
100
AcDbEntity
  8
0
 62
7
100
AcDbLine
 10
36.063555
 20
249.418976
 30
0.0
 11
36.979640
 21
249.418976
 31
0.0
  0
LINE
  5
7bd
100
AcDbEntity
  8
0
 62
7
100
AcDbLine
 10
36.979640
 20
249.418976
 30
0.0
 11
36.979640
 21
249.225783
 31
0.0
  0
LINE
  5
7be
100
AcDbEntity
  8
0
 62
7
100
AcDbLine
 10
36.979640
 20
249.225783
 30
0.0
 11
36.063555
 21
249.225783
 31
0.0
  0
LINE
  5
7bf
100
AcDbEntity
  8
0
 62
7
100
AcDbLine
 10
36.063555
 20
249.225783
 30
0.0
 11
36.063555
 21
249.418976
 31
0.0
  0
LINE
  5
7c0
100
AcDbEntity
  8
0
 62
7
100
AcDbLine
 10
36.063555
 20
249.418976
 30
0.0
 11
36.063555
 21
249.418976
 31
0.0
  0
LINE
  5
7c1
100
AcDbEntity
  8
0
 62
7
100
AcDbLine
 10
34.853382
 20
247.843538
 30
0.0
 11
36.750879
 21
247.843538
 31
0.0
  0
SPLINE
  5
7c2
100
AcDbEntity
  8
0
 62
7
100
AcDbSpline
 70
8
 71
3
 72
8
 73
4
 74
0
 40
0
 40
0
 40
0
 40
0
 40
1
 40
1
 40
1
 40
1
 10
36.750879
 20
247.843538
 30
0.0
 10
36.717964
 20
247.820195
 30
0.0
 10
36.685015
 20
247.797166
 30
0.0
 10
36.652134
 20
247.774137
 30
0.0
  0
LINE
  5
7c3
100
AcDbEntity
  8
0
 62
7
100
AcDbLine
 10
36.652134
 20
247.774137
 30
0.0
 11
36.651563
 21
247.774137
 31
0.0
  0
SPLINE
  5
7c4
100
AcDbEntity
  8
0
 62
7
100
AcDbSpline
 70
8
 71
3
 72
8
 73
4
 74
0
 40
0
 40
0
 40
0
 40
0
 40
1
 40
1
 40
1
 40
1
 10
36.651563
 20
247.774137
 30
0.0
 10
36.385486
 20
247.587242
 30
0.0
 10
36.119309
 20
247.399969
 30
0.0
 10
35.853771
 20
247.213073
 30
0.0
  0
SPLINE
  5
7c5
100
AcDbEntity
  8
0
 62
7
100
AcDbSpline
 70
8
 71
3
 72
8
 73
4
 74
0
 40
0
 40
0
 40
0
 40
0
 40
1
 40
1
 40
1
 40
1
 10
35.853771
 20
247.213073
 30
0.0
 10
35.606604
 20
247.368921
 30
0.0
 10
35.359437
 20
247.524811
 30
0.0
 10
35.112304
 20
247.680700
 30
0.0
  0
SPLINE
  5
7c6
100
AcDbEntity
  8
0
 62
7
100
AcDbSpline
 70
8
 71
3
 72
8
 73
4
 74
0
 40
0
 40
0
 40
0
 40
0
 40
1
 40
1
 40
1
 40
1
 10
35.112304
 20
247.680700
 30
0.0
 10
35.062629
 20
247.711748
 30
0.0
 10
35.012987
 20
247.743090
 30
0.0
 10
34.963312
 20
247.774137
 30
0.0
  0
SPLINE
  5
7c7
100
AcDbEntity
  8
0
 62
7
100
AcDbSpline
 70
8
 71
3
 72
8
 73
4
 74
0
 40
0
 40
0
 40
0
 40
0
 40
1
 40
1
 40
1
 40
1
 10
34.963312
 20
247.774137
 30
0.0
 10
34.927038
 20
247.797523
 30
0.0
 10
34.890227
 20
247.820531
 30
0.0
 10
34.853382
 20
247.843538
 30
0.0
  0
LINE
  5
7c8
100
AcDbEntity
  8
0
 62
7
100
AcDbLine
 10
34.853382
 20
247.843538
 30
0.0
 11
34.853382
 21
247.843538
 31
0.0
  0
SPLINE
  5
7c9
100
AcDbEntity
  8
0
 62
7
100
AcDbSpline
 70
8
 71
3
 72
8
 73
4
 74
0
 40
0
 40
0
 40
0
 40
0
 40
1
 40
1
 40
1
 40
1
 10
33.088754
 20
245.519050
 30
0.0
 10
33.149010
 20
245.482775
 30
0.0
 10
33.208694
 20
245.446164
 30
0.0
 10
33.268982
 20
245.409910
 30
0.0
  0
SPLINE
  5
7ca
100
AcDbEntity
  8
0
 62
7
100
AcDbSpline
 70
8
 71
3
 72
8
 73
4
 74
0
 40
0
 40
0
 40
0
 40
0
 40
1
 40
1
 40
1
 40
1
 10
33.268982
 20
245.409910
 30
0.0
 10
33.230492
 20
245.386903
 30
0.0
 10
33.193076
 20
245.363895
 30
0.0
 10
33.155156
 20
245.340866
 30
0.0
  0
LINE
  5
7cb
100
AcDbEntity
  8
0
 62
7
100
AcDbLine
 10
33.155156
 20
245.340866
 30
0.0
 11
33.022890
 21
245.340866
 31
0.0
  0
SPLINE
  5
7cc
100
AcDbEntity
  8
0
 62
7
100
AcDbSpline
 70
8
 71
3
 72
8
 73
4
 74
0
 40
0
 40
0
 40
0
 40
0
 40
1
 40
1
 40
1
 40
1
 10
33.022890
 20
245.340866
 30
0.0
 10
32.984971
 20
245.363895
 30
0.0
 10
32.947051
 20
245.386903
 30
0.0
 10
32.909098
 20
245.409910
 30
0.0
  0
SPLINE
  5
7cd
100
AcDbEntity
  8
0
 62
7
100
AcDbSpline
 70
8
 71
3
 72
8
 73
4
 74
0
 40
0
 40
0
 40
0
 40
0
 40
1
 40
1
 40
1
 40
1
 10
32.909098
 20
245.409910
 30
0.0
 10
32.969353
 20
245.446185
 30
0.0
 10
33.029037
 20
245.482817
 30
0.0
 10
33.088754
 20
245.519050
 30
0.0
  0
LINE
  5
7ce
100
AcDbEntity
  8
0
 62
7
100
AcDbLine
 10
33.088754
 20
245.519050
 30
0.0
 11
33.088754
 21
245.519050
 31
0.0
  0
LINE
  5
7cf
100
AcDbEntity
  8
0
 62
7
100
AcDbLine
 10
32.973215
 20
245.923930
 30
0.0
 11
33.205906
 21
245.923930
 31
0.0
  0
SPLINE
  5
7d0
100
AcDbEntity
  8
0
 62
7
100
AcDbSpline
 70
8
 71
3
 72
8
 73
4
 74
0
 40
0
 40
0
 40
0
 40
0
 40
1
 40
1
 40
1
 40
1
 10
33.205906
 20
245.923930
 30
0.0
 10
33.166844
 20
245.900230
 30
0.0
 10
33.127816
 20
245.876844
 30
0.0
 10
33.089258
 20
245.853144
 30
0.0
  0
SPLINE
  5
7d1
100
AcDbEntity
  8
0
 62
7
100
AcDbSpline
 70
8
 71
3
 72
8
 73
4
 74
0
 40
0
 40
0
 40
0
 40
0
 40
1
 40
1
 40
1
 40
1
 10
33.089258
 20
245.853144
 30
0.0
 10
33.050768
 20
245.876508
 30
0.0
 10
33.011706
 20
245.900230
 30
0.0
 10
32.973215
 20
245.923930
 30
0.0
  0
LINE
  5
7d2
100
AcDbEntity
  8
0
 62
7
100
AcDbLine
 10
32.973215
 20
245.923930
 30
0.0
 11
32.973215
 21
245.923930
 31
0.0
  0
SPLINE
  5
7d3
100
AcDbEntity
  8
0
 62
7
100
AcDbSpline
 70
8
 71
3
 72
8
 73
4
 74
0
 40
0
 40
0
 40
0
 40
0
 40
1
 40
1
 40
1
 40
1
 10
34.784797
 20
247.546076
 30
0.0
 10
35.055374
 20
247.375240
 30
0.0
 10
35.327059
 20
247.204341
 30
0.0
 10
35.597636
 20
247.033840
 30
0.0
  0
LINE
  5
7d4
100
AcDbEntity
  8
0
 62
7
100
AcDbLine
 10
35.597636
 20
247.033840
 30
0.0
 11
35.597670
 21
247.033484
 31
0.0
  0
SPLINE
  5
7d5
100
AcDbEntity
  8
0
 62
7
100
AcDbSpline
 70
8
 71
3
 72
8
 73
4
 74
0
 40
0
 40
0
 40
0
 40
0
 40
1
 40
1
 40
1
 40
1
 10
35.597670
 20
247.033484
 30
0.0
 10
35.327664
 20
246.843817
 30
0.0
 10
35.058162
 20
246.654088
 30
0.0
 10
34.788727
 20
246.464401
 30
0.0
  0
SPLINE
  5
7d6
100
AcDbEntity
  8
0
 62
7
100
AcDbSpline
 70
8
 71
3
 72
8
 73
4
 74
0
 40
0
 40
0
 40
0
 40
0
 40
1
 40
1
 40
1
 40
1
 10
34.788727
 20
246.464401
 30
0.0
 10
34.787048
 20
246.824987
 30
0.0
 10
34.786510
 20
247.185552
 30
0.0
 10
34.784797
 20
247.546076
 30
0.0
  0
LINE
  5
7d7
100
AcDbEntity
  8
0
 62
7
100
AcDbLine
 10
34.784797
 20
247.546076
 30
0.0
 11
34.784797
 21
247.546076
 31
0.0
  0
SPLINE
  5
7d8
100
AcDbEntity
  8
0
 62
7
100
AcDbSpline
 70
8
 71
3
 72
8
 73
4
 74
0
 40
0
 40
0
 40
0
 40
0
 40
1
 40
1
 40
1
 40
1
 10
33.364940
 20
245.686107
 30
0.0
 10
33.425162
 20
245.722361
 30
0.0
 10
33.484913
 20
245.758993
 30
0.0
 10
33.544597
 20
245.795226
 30
0.0
  0
SPLINE
  5
7d9
100
AcDbEntity
  8
0
 62
7
100
AcDbSpline
 70
8
 71
3
 72
8
 73
4
 74
0
 40
0
 40
0
 40
0
 40
0
 40
1
 40
1
 40
1
 40
1
 10
33.544597
 20
245.795226
 30
0.0
 10
33.604819
 20
245.758972
 30
0.0
 10
33.665107
 20
245.722340
 30
0.0
 10
33.724791
 20
245.686107
 30
0.0
  0
SPLINE
  5
7da
100
AcDbEntity
  8
0
 62
7
100
AcDbSpline
 70
8
 71
3
 72
8
 73
4
 74
0
 40
0
 40
0
 40
0
 40
0
 40
1
 40
1
 40
1
 40
1
 10
33.724791
 20
245.686107
 30
0.0
 10
33.664570
 20
245.649832
 30
0.0
 10
33.604819
 20
245.613579
 30
0.0
 10
33.544597
 20
245.577304
 30
0.0
  0
SPLINE
  5
7db
100
AcDbEntity
  8
0
 62
7
100
AcDbSpline
 70
8
 71
3
 72
8
 73
4
 74
0
 40
0
 40
0
 40
0
 40
0
 40
1
 40
1
 40
1
 40
1
 10
33.544597
 20
245.577304
 30
0.0
 10
33.484913
 20
245.613579
 30
0.0
 10
33.424624
 20
245.650210
 30
0.0
 10
33.364940
 20
245.686107
 30
0.0
  0
LINE
  5
7dc
100
AcDbEntity
  8
0
 62
7
100
AcDbLine
 10
33.364940
 20
245.686107
 30
0.0
 11
33.364940
 21
245.686107
 31
0.0
  0
LINE
  5
7dd
100
AcDbEntity
  8
0
 62
7
100
AcDbLine
 10
36.063555
 20
248.989723
 30
0.0
 11
36.979640
 21
248.989723
 31
0.0
  0
LINE
  5
7de
100
AcDbEntity
  8
0
 62
7
100
AcDbLine
 10
36.979640
 20
248.989723
 30
0.0
 11
36.979640
 21
248.080647
 31
0.0
  0
LINE
  5
7df
100
AcDbEntity
  8
0
 62
7
100
AcDbLine
 10
36.979640
 20
248.080647
 30
0.0
 11
36.063555
 21
248.080647
 31
0.0
  0
LINE
  5
7e0
100
AcDbEntity
  8
0
 62
7
100
AcDbLine
 10
36.063555
 20
248.080647
 30
0.0
 11
36.063555
 21
248.989723
 31
0.0
  0
LINE
  5
7e1
100
AcDbEntity
  8
0
 62
7
100
AcDbLine
 10
36.063555
 20
248.989723
 30
0.0
 11
36.063555
 21
248.989723
 31
0.0
  0
SPLINE
  5
7e2
100
AcDbEntity
  8
0
 62
7
100
AcDbSpline
 70
8
 71
3
 72
8
 73
4
 74
0
 40
0
 40
0
 40
0
 40
0
 40
1
 40
1
 40
1
 40
1
 10
34.000910
 20
245.519050
 30
0.0
 10
34.066203
 20
245.479689
 30
0.0
 10
34.131429
 20
245.440244
 30
0.0
 10
34.196722
 20
245.400863
 30
0.0
  0
SPLINE
  5
7e3
100
AcDbEntity
  8
0
 62
7
100
AcDbSpline
 70
8
 71
3
 72
8
 73
4
 74
0
 40
0
 40
0
 40
0
 40
0
 40
1
 40
1
 40
1
 40
1
 10
34.196722
 20
245.400863
 30
0.0
 10
34.163841
 20
245.380983
 30
0.0
 10
34.130892
 20
245.361103
 30
0.0
 10
34.098010
 20
245.340866
 30
0.0
  0
LINE
  5
7e4
100
AcDbEntity
  8
0
 62
7
100
AcDbLine
 10
34.098010
 20
245.340866
 30
0.0
 11
33.935080
 21
245.340866
 31
0.0
  0
SPLINE
  5
7e5
100
AcDbEntity
  8
0
 62
7
100
AcDbSpline
 70
8
 71
3
 72
8
 73
4
 74
0
 40
0
 40
0
 40
0
 40
0
 40
1
 40
1
 40
1
 40
1
 10
33.935080
 20
245.340866
 30
0.0
 10
33.897160
 20
245.363895
 30
0.0
 10
33.859207
 20
245.386903
 30
0.0
 10
33.821253
 20
245.409910
 30
0.0
  0
SPLINE
  5
7e6
100
AcDbEntity
  8
0
 62
7
100
AcDbSpline
 70
8
 71
3
 72
8
 73
4
 74
0
 40
0
 40
0
 40
0
 40
0
 40
1
 40
1
 40
1
 40
1
 10
33.821253
 20
245.409910
 30
0.0
 10
33.881542
 20
245.446185
 30
0.0
 10
33.941764
 20
245.482817
 30
0.0
 10
34.000910
 20
245.519050
 30
0.0
  0
LINE
  5
7e7
100
AcDbEntity
  8
0
 62
7
100
AcDbLine
 10
34.000910
 20
245.519050
 30
0.0
 11
34.000910
 21
245.519050
 31
0.0
  0
LINE
  5
7e8
100
AcDbEntity
  8
0
 62
7
100
AcDbLine
 10
33.885472
 20
245.923930
 30
0.0
 11
34.118095
 21
245.923930
 31
0.0
  0
SPLINE
  5
7e9
100
AcDbEntity
  8
0
 62
7
100
AcDbSpline
 70
8
 71
3
 72
8
 73
4
 74
0
 40
0
 40
0
 40
0
 40
0
 40
1
 40
1
 40
1
 40
1
 10
34.118095
 20
245.923930
 30
0.0
 10
34.079605
 20
245.900230
 30
0.0
 10
34.040576
 20
245.876844
 30
0.0
 10
34.001448
 20
245.853144
 30
0.0
  0
SPLINE
  5
7ea
100
AcDbEntity
  8
0
 62
7
100
AcDbSpline
 70
8
 71
3
 72
8
 73
4
 74
0
 40
0
 40
0
 40
0
 40
0
 40
1
 40
1
 40
1
 40
1
 10
34.001448
 20
245.853144
 30
0.0
 10
33.962990
 20
245.876508
 30
0.0
 10
33.923962
 20
245.900230
 30
0.0
 10
33.885472
 20
245.923930
 30
0.0
  0
LINE
  5
7eb
100
AcDbEntity
  8
0
 62
7
100
AcDbLine
 10
33.885472
 20
245.923930
 30
0.0
 11
33.885472
 21
245.923930
 31
0.0
  0
LINE
  5
7ec
100
AcDbEntity
  8
0
 62
7
100
AcDbLine
 10
37.370157
 20
249.695194
 30
0.0
 11
38.382234
 21
249.695194
 31
0.0
  0
LINE
  5
7ed
100
AcDbEntity
  8
0
 62
7
100
AcDbLine
 10
38.382234
 20
249.695194
 30
0.0
 11
38.382234
 21
249.655056
 31
0.0
  0
LINE
  5
7ee
100
AcDbEntity
  8
0
 62
7
100
AcDbLine
 10
38.382234
 20
249.655056
 30
0.0
 11
37.370157
 21
249.655056
 31
0.0
  0
LINE
  5
7ef
100
AcDbEntity
  8
0
 62
7
100
AcDbLine
 10
37.370157
 20
249.655056
 30
0.0
 11
37.370157
 21
249.695194
 31
0.0
  0
LINE
  5
7f0
100
AcDbEntity
  8
0
 62
7
100
AcDbLine
 10
37.370157
 20
249.695194
 30
0.0
 11
37.370157
 21
249.695194
 31
0.0
  0
LINE
  5
7f1
100
AcDbEntity
  8
0
 62
7
100
AcDbLine
 10
37.369619
 20
249.418619
 30
0.0
 11
38.381696
 21
249.418619
 31
0.0
  0
LINE
  5
7f2
100
AcDbEntity
  8
0
 62
7
100
AcDbLine
 10
38.381696
 20
249.418619
 30
0.0
 11
38.381696
 21
249.225447
 31
0.0
  0
LINE
  5
7f3
100
AcDbEntity
  8
0
 62
7
100
AcDbLine
 10
38.381696
 20
249.225447
 30
0.0
 11
37.430445
 21
249.225447
 31
0.0
  0
LINE
  5
7f4
100
AcDbEntity
  8
0
 62
7
100
AcDbLine
 10
37.430445
 20
249.225447
 30
0.0
 11
37.369619
 21
249.225447
 31
0.0
  0
LINE
  5
7f5
100
AcDbEntity
  8
0
 62
7
100
AcDbLine
 10
37.369619
 20
249.225447
 30
0.0
 11
37.369619
 21
249.418619
 31
0.0
  0
LINE
  5
7f6
100
AcDbEntity
  8
0
 62
7
100
AcDbLine
 10
37.369619
 20
249.418619
 30
0.0
 11
37.369619
 21
249.418619
 31
0.0
  0
LINE
  5
7f7
100
AcDbEntity
  8
0
 62
7
100
AcDbLine
 10
37.370157
 20
248.989387
 30
0.0
 11
38.382234
 21
248.989387
 31
0.0
  0
LINE
  5
7f8
100
AcDbEntity
  8
0
 62
7
100
AcDbLine
 10
38.382234
 20
248.989387
 30
0.0
 11
38.382234
 21
248.080312
 31
0.0
  0
LINE
  5
7f9
100
AcDbEntity
  8
0
 62
7
100
AcDbLine
 10
38.382234
 20
248.080312
 30
0.0
 11
37.370157
 21
248.080312
 31
0.0
  0
LINE
  5
7fa
100
AcDbEntity
  8
0
 62
7
100
AcDbLine
 10
37.370157
 20
248.080312
 30
0.0
 11
37.370157
 21
248.989387
 31
0.0
  0
LINE
  5
7fb
100
AcDbEntity
  8
0
 62
7
100
AcDbLine
 10
37.370157
 20
248.989387
 30
0.0
 11
37.370157
 21
248.989387
 31
0.0
  0
SPLINE
  5
7fc
100
AcDbEntity
  8
0
 62
7
100
AcDbSpline
 70
8
 71
3
 72
8
 73
4
 74
0
 40
0
 40
0
 40
0
 40
0
 40
1
 40
1
 40
1
 40
1
 10
36.125422
 20
247.042573
 30
0.0
 10
36.423910
 20
247.252497
 30
0.0
 10
36.722969
 20
247.462379
 30
0.0
 10
37.020919
 20
247.672660
 30
0.0
  0
SPLINE
  5
7fd
100
AcDbEntity
  8
0
 62
7
100
AcDbSpline
 70
8
 71
3
 72
8
 73
4
 74
0
 40
0
 40
0
 40
0
 40
0
 40
1
 40
1
 40
1
 40
1
 10
37.020919
 20
247.672660
 30
0.0
 10
37.081678
 20
247.236081
 30
0.0
 10
37.142504
 20
246.799523
 30
0.0
 10
37.203867
 20
246.362566
 30
0.0
  0
SPLINE
  5
7fe
100
AcDbEntity
  8
0
 62
7
100
AcDbSpline
 70
8
 71
3
 72
8
 73
4
 74
0
 40
0
 40
0
 40
0
 40
0
 40
1
 40
1
 40
1
 40
1
 10
37.203867
 20
246.362566
 30
0.0
 10
36.844016
 20
246.589242
 30
0.0
 10
36.484702
 20
246.815897
 30
0.0
 10
36.125422
 20
247.042573
 30
0.0
  0
LINE
  5
7ff
100
AcDbEntity
  8
0
 62
7
100
AcDbLine
 10
36.125422
 20
247.042573
 30
0.0
 11
36.125422
 21
247.042573
 31
0.0
  0
SPLINE
  5
800
100
AcDbEntity
  8
0
 62
7
100
AcDbSpline
 70
8
 71
3
 72
8
 73
4
 74
0
 40
0
 40
0
 40
0
 40
0
 40
1
 40
1
 40
1
 40
1
 10
35.868818
 20
246.862626
 30
0.0
 10
36.240962
 20
246.628330
 30
0.0
 10
36.613106
 20
246.393278
 30
0.0
 10
36.985216
 20
246.158940
 30
0.0
  0
LINE
  5
801
100
AcDbEntity
  8
0
 62
7
100
AcDbLine
 10
36.985216
 20
246.158940
 30
0.0
 11
36.086428
 21
246.158940
 31
0.0
  0
LINE
  5
802
100
AcDbEntity
  8
0
 62
7
100
AcDbLine
 10
36.086428
 20
246.158940
 30
0.0
 11
34.868496
 21
246.158940
 31
0.0
  0
SPLINE
  5
803
100
AcDbEntity
  8
0
 62
7
100
AcDbSpline
 70
8
 71
3
 72
8
 73
4
 74
0
 40
0
 40
0
 40
0
 40
0
 40
1
 40
1
 40
1
 40
1
 10
34.868496
 20
246.158940
 30
0.0
 10
35.202116
 20
246.393278
 30
0.0
 10
35.535232
 20
246.628330
 30
0.0
 10
35.868818
 20
246.862626
 30
0.0
  0
LINE
  5
804
100
AcDbEntity
  8
0
 62
7
100
AcDbLine
 10
35.868818
 20
246.862626
 30
0.0
 11
35.868818
 21
246.862626
 31
0.0
  0
SPLINE
  5
805
100
AcDbEntity
  8
0
 62
7
100
AcDbSpline
 70
8
 71
3
 72
8
 73
4
 74
0
 40
0
 40
0
 40
0
 40
0
 40
1
 40
1
 40
1
 40
1
 10
35.219984
 20
245.686107
 30
0.0
 10
35.280273
 20
245.722361
 30
0.0
 10
35.339957
 20
245.758993
 30
0.0
 10
35.400212
 20
245.795226
 30
0.0
  0
SPLINE
  5
806
100
AcDbEntity
  8
0
 62
7
100
AcDbSpline
 70
8
 71
3
 72
8
 73
4
 74
0
 40
0
 40
0
 40
0
 40
0
 40
1
 40
1
 40
1
 40
1
 10
35.400212
 20
245.795226
 30
0.0
 10
35.460467
 20
245.758972
 30
0.0
 10
35.520151
 20
245.722340
 30
0.0
 10
35.579869
 20
245.686107
 30
0.0
  0
SPLINE
  5
807
100
AcDbEntity
  8
0
 62
7
100
AcDbSpline
 70
8
 71
3
 72
8
 73
4
 74
0
 40
0
 40
0
 40
0
 40
0
 40
1
 40
1
 40
1
 40
1
 10
35.579869
 20
245.686107
 30
0.0
 10
35.519614
 20
245.649832
 30
0.0
 10
35.459896
 20
245.613579
 30
0.0
 10
35.400212
 20
245.577304
 30
0.0
  0
SPLINE
  5
808
100
AcDbEntity
  8
0
 62
7
100
AcDbSpline
 70
8
 71
3
 72
8
 73
4
 74
0
 40
0
 40
0
 40
0
 40
0
 40
1
 40
1
 40
1
 40
1
 10
35.400212
 20
245.577304
 30
0.0
 10
35.339957
 20
245.613579
 30
0.0
 10
35.280273
 20
245.650210
 30
0.0
 10
35.219984
 20
245.686107
 30
0.0
  0
LINE
  5
809
100
AcDbEntity
  8
0
 62
7
100
AcDbLine
 10
35.219984
 20
245.686107
 30
0.0
 11
35.219984
 21
245.686107
 31
0.0
  0
LINE
  5
80a
100
AcDbEntity
  8
0
 62
7
100
AcDbLine
 10
38.772783
 20
249.694816
 30
0.0
 11
39.690514
 21
249.694816
 31
0.0
  0
LINE
  5
80b
100
AcDbEntity
  8
0
 62
7
100
AcDbLine
 10
39.690514
 20
249.694816
 30
0.0
 11
39.690514
 21
249.654721
 31
0.0
  0
LINE
  5
80c
100
AcDbEntity
  8
0
 62
7
100
AcDbLine
 10
39.690514
 20
249.654721
 30
0.0
 11
38.772783
 21
249.654721
 31
0.0
  0
LINE
  5
80d
100
AcDbEntity
  8
0
 62
7
100
AcDbLine
 10
38.772783
 20
249.654721
 30
0.0
 11
38.772783
 21
249.694816
 31
0.0
  0
LINE
  5
80e
100
AcDbEntity
  8
0
 62
7
100
AcDbLine
 10
38.772783
 20
249.694816
 30
0.0
 11
38.772783
 21
249.694816
 31
0.0
  0
SPLINE
  5
80f
100
AcDbEntity
  8
0
 62
7
100
AcDbSpline
 70
8
 71
3
 72
8
 73
4
 74
0
 40
0
 40
0
 40
0
 40
0
 40
1
 40
1
 40
1
 40
1
 10
37.417649
 20
247.623874
 30
0.0
 10
37.659206
 20
247.430681
 30
0.0
 10
37.900227
 20
247.237152
 30
0.0
 10
38.141247
 20
247.043581
 30
0.0
  0
SPLINE
  5
810
100
AcDbEntity
  8
0
 62
7
100
AcDbSpline
 70
8
 71
3
 72
8
 73
4
 74
0
 40
0
 40
0
 40
0
 40
0
 40
1
 40
1
 40
1
 40
1
 10
38.141247
 20
247.043581
 30
0.0
 10
37.955444
 20
246.841340
 30
0.0
 10
37.769674
 20
246.638763
 30
0.0
 10
37.583333
 20
246.436523
 30
0.0
  0
SPLINE
  5
811
100
AcDbEntity
  8
0
 62
7
100
AcDbSpline
 70
8
 71
3
 72
8
 73
4
 74
0
 40
0
 40
0
 40
0
 40
0
 40
1
 40
1
 40
1
 40
1
 10
37.583333
 20
246.436523
 30
0.0
 10
37.528116
 20
246.832292
 30
0.0
 10
37.472866
 20
247.228083
 30
0.0
 10
37.417649
 20
247.623874
 30
0.0
  0
LINE
  5
812
100
AcDbEntity
  8
0
 62
7
100
AcDbLine
 10
37.417649
 20
247.623874
 30
0.0
 11
37.417649
 21
247.623874
 31
0.0
  0
SPLINE
  5
813
100
AcDbEntity
  8
0
 62
7
100
AcDbSpline
 70
8
 71
3
 72
8
 73
4
 74
0
 40
0
 40
0
 40
0
 40
0
 40
1
 40
1
 40
1
 40
1
 10
35.855987
 20
245.519050
 30
0.0
 10
35.916242
 20
245.482775
 30
0.0
 10
35.975927
 20
245.446164
 30
0.0
 10
36.035644
 20
245.409910
 30
0.0
  0
SPLINE
  5
814
100
AcDbEntity
  8
0
 62
7
100
AcDbSpline
 70
8
 71
3
 72
8
 73
4
 74
0
 40
0
 40
0
 40
0
 40
0
 40
1
 40
1
 40
1
 40
1
 10
36.035644
 20
245.409910
 30
0.0
 10
35.997691
 20
245.386903
 30
0.0
 10
35.959738
 20
245.363895
 30
0.0
 10
35.921852
 20
245.340866
 30
0.0
  0
LINE
  5
815
100
AcDbEntity
  8
0
 62
7
100
AcDbLine
 10
35.921852
 20
245.340866
 30
0.0
 11
35.790157
 21
245.340866
 31
0.0
  0
SPLINE
  5
816
100
AcDbEntity
  8
0
 62
7
100
AcDbSpline
 70
8
 71
3
 72
8
 73
4
 74
0
 40
0
 40
0
 40
0
 40
0
 40
1
 40
1
 40
1
 40
1
 10
35.790157
 20
245.340866
 30
0.0
 10
35.752204
 20
245.363895
 30
0.0
 10
35.714250
 20
245.386903
 30
0.0
 10
35.675760
 20
245.409910
 30
0.0
  0
SPLINE
  5
817
100
AcDbEntity
  8
0
 62
7
100
AcDbSpline
 70
8
 71
3
 72
8
 73
4
 74
0
 40
0
 40
0
 40
0
 40
0
 40
1
 40
1
 40
1
 40
1
 10
35.675760
 20
245.409910
 30
0.0
 10
35.736015
 20
245.446185
 30
0.0
 10
35.796270
 20
245.482817
 30
0.0
 10
35.855987
 20
245.519050
 30
0.0
  0
LINE
  5
818
100
AcDbEntity
  8
0
 62
7
100
AcDbLine
 10
35.855987
 20
245.519050
 30
0.0
 11
35.855987
 21
245.519050
 31
0.0
  0
LINE
  5
819
100
AcDbEntity
  8
0
 62
7
100
AcDbLine
 10
35.739978
 20
245.923930
 30
0.0
 11
35.972601
 21
245.923930
 31
0.0
  0
SPLINE
  5
81a
100
AcDbEntity
  8
0
 62
7
100
AcDbSpline
 70
8
 71
3
 72
8
 73
4
 74
0
 40
0
 40
0
 40
0
 40
0
 40
1
 40
1
 40
1
 40
1
 10
35.972601
 20
245.923930
 30
0.0
 10
35.934111
 20
245.900230
 30
0.0
 10
35.895083
 20
245.876844
 30
0.0
 10
35.856592
 20
245.853144
 30
0.0
  0
SPLINE
  5
81b
100
AcDbEntity
  8
0
 62
7
100
AcDbSpline
 70
8
 71
3
 72
8
 73
4
 74
0
 40
0
 40
0
 40
0
 40
0
 40
1
 40
1
 40
1
 40
1
 10
35.856592
 20
245.853144
 30
0.0
 10
35.817530
 20
245.876508
 30
0.0
 10
35.778502
 20
245.900230
 30
0.0
 10
35.739978
 20
245.923930
 30
0.0
  0
LINE
  5
81c
100
AcDbEntity
  8
0
 62
7
100
AcDbLine
 10
35.739978
 20
245.923930
 30
0.0
 11
35.739978
 21
245.923930
 31
0.0
  0
LINE
  5
81d
100
AcDbEntity
  8
0
 62
7
100
AcDbLine
 10
38.772783
 20
249.418283
 30
0.0
 11
39.690514
 21
249.418283
 31
0.0
  0
LINE
  5
81e
100
AcDbEntity
  8
0
 62
7
100
AcDbLine
 10
39.690514
 20
249.418283
 30
0.0
 11
39.690514
 21
249.225111
 31
0.0
  0
LINE
  5
81f
100
AcDbEntity
  8
0
 62
7
100
AcDbLine
 10
39.690514
 20
249.225111
 30
0.0
 11
38.772783
 21
249.225111
 31
0.0
  0
LINE
  5
820
100
AcDbEntity
  8
0
 62
7
100
AcDbLine
 10
38.772783
 20
249.225111
 30
0.0
 11
38.772783
 21
249.418283
 31
0.0
  0
LINE
  5
821
100
AcDbEntity
  8
0
 62
7
100
AcDbLine
 10
38.772783
 20
249.418283
 30
0.0
 11
38.772783
 21
249.418283
 31
0.0
  0
LINE
  5
822
100
AcDbEntity
  8
0
 62
7
100
AcDbLine
 10
37.628474
 20
247.843538
 30
0.0
 11
38.876500
 21
247.843538
 31
0.0
  0
SPLINE
  5
823
100
AcDbEntity
  8
0
 62
7
100
AcDbSpline
 70
8
 71
3
 72
8
 73
4
 74
0
 40
0
 40
0
 40
0
 40
0
 40
1
 40
1
 40
1
 40
1
 10
38.876500
 20
247.843538
 30
0.0
 10
38.855306
 20
247.820195
 30
0.0
 10
38.834113
 20
247.797166
 30
0.0
 10
38.812953
 20
247.774137
 30
0.0
  0
SPLINE
  5
824
100
AcDbEntity
  8
0
 62
7
100
AcDbSpline
 70
8
 71
3
 72
8
 73
4
 74
0
 40
0
 40
0
 40
0
 40
0
 40
1
 40
1
 40
1
 40
1
 10
38.812953
 20
247.774137
 30
0.0
 10
38.657244
 20
247.605379
 30
0.0
 10
38.502206
 20
247.436265
 30
0.0
 10
38.347068
 20
247.267486
 30
0.0
  0
SPLINE
  5
825
100
AcDbEntity
  8
0
 62
7
100
AcDbSpline
 70
8
 71
3
 72
8
 73
4
 74
0
 40
0
 40
0
 40
0
 40
0
 40
1
 40
1
 40
1
 40
1
 10
38.347068
 20
247.267486
 30
0.0
 10
38.136175
 20
247.436601
 30
0.0
 10
37.925282
 20
247.605379
 30
0.0
 10
37.714961
 20
247.774137
 30
0.0
  0
SPLINE
  5
826
100
AcDbEntity
  8
0
 62
7
100
AcDbSpline
 70
8
 71
3
 72
8
 73
4
 74
0
 40
0
 40
0
 40
0
 40
0
 40
1
 40
1
 40
1
 40
1
 10
37.714961
 20
247.774137
 30
0.0
 10
37.686479
 20
247.797523
 30
0.0
 10
37.657493
 20
247.820531
 30
0.0
 10
37.628474
 20
247.843538
 30
0.0
  0
LINE
  5
827
100
AcDbEntity
  8
0
 62
7
100
AcDbLine
 10
37.628474
 20
247.843538
 30
0.0
 11
37.628474
 21
247.843538
 31
0.0
  0
SPLINE
  5
828
100
AcDbEntity
  8
0
 62
7
100
AcDbSpline
 70
8
 71
3
 72
8
 73
4
 74
0
 40
0
 40
0
 40
0
 40
0
 40
1
 40
1
 40
1
 40
1
 10
36.131602
 20
245.686107
 30
0.0
 10
36.191857
 20
245.722361
 30
0.0
 10
36.251575
 20
245.758993
 30
0.0
 10
36.311797
 20
245.795226
 30
0.0
  0
SPLINE
  5
829
100
AcDbEntity
  8
0
 62
7
100
AcDbSpline
 70
8
 71
3
 72
8
 73
4
 74
0
 40
0
 40
0
 40
0
 40
0
 40
1
 40
1
 40
1
 40
1
 10
36.311797
 20
245.795226
 30
0.0
 10
36.372085
 20
245.758972
 30
0.0
 10
36.431769
 20
245.722340
 30
0.0
 10
36.491453
 20
245.686107
 30
0.0
  0
SPLINE
  5
82a
100
AcDbEntity
  8
0
 62
7
100
AcDbSpline
 70
8
 71
3
 72
8
 73
4
 74
0
 40
0
 40
0
 40
0
 40
0
 40
1
 40
1
 40
1
 40
1
 10
36.491453
 20
245.686107
 30
0.0
 10
36.431769
 20
245.649832
 30
0.0
 10
36.371481
 20
245.613579
 30
0.0
 10
36.311797
 20
245.577304
 30
0.0
  0
SPLINE
  5
82b
100
AcDbEntity
  8
0
 62
7
100
AcDbSpline
 70
8
 71
3
 72
8
 73
4
 74
0
 40
0
 40
0
 40
0
 40
0
 40
1
 40
1
 40
1
 40
1
 10
36.311797
 20
245.577304
 30
0.0
 10
36.251575
 20
245.613579
 30
0.0
 10
36.191286
 20
245.650210
 30
0.0
 10
36.131602
 20
245.686107
 30
0.0
  0
LINE
  5
82c
100
AcDbEntity
  8
0
 62
7
100
AcDbLine
 10
36.131602
 20
245.686107
 30
0.0
 11
36.131602
 21
245.686107
 31
0.0
  0
LINE
  5
82d
100
AcDbEntity
  8
0
 62
7
100
AcDbLine
 10
38.772750
 20
248.989052
 30
0.0
 11
39.690481
 21
248.989052
 31
0.0
  0
SPLINE
  5
82e
100
AcDbEntity
  8
0
 62
7
100
AcDbSpline
 70
8
 71
3
 72
8
 73
4
 74
0
 40
0
 40
0
 40
0
 40
0
 40
1
 40
1
 40
1
 40
1
 10
39.690481
 20
248.989052
 30
0.0
 10
39.690481
 20
248.686005
 30
0.0
 10
39.690481
 20
248.383001
 30
0.0
 10
39.690514
 20
248.079955
 30
0.0
  0
LINE
  5
82f
100
AcDbEntity
  8
0
 62
7
100
AcDbLine
 10
39.690514
 20
248.079955
 30
0.0
 11
39.205686
 21
248.079955
 31
0.0
  0
SPLINE
  5
830
100
AcDbEntity
  8
0
 62
7
100
AcDbSpline
 70
8
 71
3
 72
8
 73
4
 74
0
 40
0
 40
0
 40
0
 40
0
 40
1
 40
1
 40
1
 40
1
 10
39.205686
 20
248.079955
 30
0.0
 10
39.196215
 20
248.080647
 30
0.0
 10
39.186709
 20
248.080647
 30
0.0
 10
39.176667
 20
248.079955
 30
0.0
  0
LINE
  5
831
100
AcDbEntity
  8
0
 62
7
100
AcDbLine
 10
39.176667
 20
248.079955
 30
0.0
 11
38.772750
 21
248.079955
 31
0.0
  0
LINE
  5
832
100
AcDbEntity
  8
0
 62
7
100
AcDbLine
 10
38.772750
 20
248.079955
 30
0.0
 11
38.772750
 21
248.989052
 31
0.0
  0
LINE
  5
833
100
AcDbEntity
  8
0
 62
7
100
AcDbLine
 10
38.772750
 20
248.989052
 30
0.0
 11
38.772750
 21
248.989052
 31
0.0
  0
SPLINE
  5
834
100
AcDbEntity
  8
0
 62
7
100
AcDbSpline
 70
8
 71
3
 72
8
 73
4
 74
0
 40
0
 40
0
 40
0
 40
0
 40
1
 40
1
 40
1
 40
1
 10
36.767673
 20
245.519050
 30
0.0
 10
36.827894
 20
245.482775
 30
0.0
 10
36.887579
 20
245.446164
 30
0.0
 10
36.947296
 20
245.409910
 30
0.0
  0
SPLINE
  5
835
100
AcDbEntity
  8
0
 62
7
100
AcDbSpline
 70
8
 71
3
 72
8
 73
4
 74
0
 40
0
 40
0
 40
0
 40
0
 40
1
 40
1
 40
1
 40
1
 10
36.947296
 20
245.409910
 30
0.0
 10
36.909376
 20
245.386903
 30
0.0
 10
36.871423
 20
245.363895
 30
0.0
 10
36.833503
 20
245.340866
 30
0.0
  0
LINE
  5
836
100
AcDbEntity
  8
0
 62
7
100
AcDbLine
 10
36.833503
 20
245.340866
 30
0.0
 11
36.701809
 21
245.340866
 31
0.0
  0
SPLINE
  5
837
100
AcDbEntity
  8
0
 62
7
100
AcDbSpline
 70
8
 71
3
 72
8
 73
4
 74
0
 40
0
 40
0
 40
0
 40
0
 40
1
 40
1
 40
1
 40
1
 10
36.701809
 20
245.340866
 30
0.0
 10
36.663318
 20
245.363895
 30
0.0
 10
36.625365
 20
245.386903
 30
0.0
 10
36.587411
 20
245.409910
 30
0.0
  0
SPLINE
  5
838
100
AcDbEntity
  8
0
 62
7
100
AcDbSpline
 70
8
 71
3
 72
8
 73
4
 74
0
 40
0
 40
0
 40
0
 40
0
 40
1
 40
1
 40
1
 40
1
 10
36.587411
 20
245.409910
 30
0.0
 10
36.647700
 20
245.446185
 30
0.0
 10
36.707384
 20
245.482817
 30
0.0
 10
36.767673
 20
245.519050
 30
0.0
  0
LINE
  5
839
100
AcDbEntity
  8
0
 62
7
100
AcDbLine
 10
36.767673
 20
245.519050
 30
0.0
 11
36.767673
 21
245.519050
 31
0.0
  0
LINE
  5
83a
100
AcDbEntity
  8
0
 62
7
100
AcDbLine
 10
36.650454
 20
245.923930
 30
0.0
 11
36.883649
 21
245.923930
 31
0.0
  0
SPLINE
  5
83b
100
AcDbEntity
  8
0
 62
7
100
AcDbSpline
 70
8
 71
3
 72
8
 73
4
 74
0
 40
0
 40
0
 40
0
 40
0
 40
1
 40
1
 40
1
 40
1
 10
36.883649
 20
245.923930
 30
0.0
 10
36.845192
 20
245.900230
 30
0.0
 10
36.806164
 20
245.876844
 30
0.0
 10
36.767035
 20
245.853144
 30
0.0
  0
SPLINE
  5
83c
100
AcDbEntity
  8
0
 62
7
100
AcDbSpline
 70
8
 71
3
 72
8
 73
4
 74
0
 40
0
 40
0
 40
0
 40
0
 40
1
 40
1
 40
1
 40
1
 10
36.767035
 20
245.853144
 30
0.0
 10
36.728645
 20
245.876445
 30
0.0
 10
36.689684
 20
245.900104
 30
0.0
 10
36.650454
 20
245.923930
 30
0.0
  0
LINE
  5
83d
100
AcDbEntity
  8
0
 62
7
100
AcDbLine
 10
36.650454
 20
245.923930
 30
0.0
 11
36.650454
 21
245.923930
 31
0.0
  0
LINE
  5
83e
100
AcDbEntity
  8
0
 62
7
100
AcDbLine
 10
40.294644
 20
247.843538
 30
0.0
 11
40.892224
 21
247.843538
 31
0.0
  0
SPLINE
  5
83f
100
AcDbEntity
  8
0
 62
7
100
AcDbSpline
 70
8
 71
3
 72
8
 73
4
 74
0
 40
0
 40
0
 40
0
 40
0
 40
1
 40
1
 40
1
 40
1
 10
40.892224
 20
247.843538
 30
0.0
 10
40.873247
 20
247.820195
 30
0.0
 10
40.854304
 20
247.797166
 30
0.0
 10
40.835294
 20
247.774137
 30
0.0
  0
LINE
  5
840
100
AcDbEntity
  8
0
 62
7
100
AcDbLine
 10
40.835294
 20
247.774137
 30
0.0
 11
40.835898
 21
247.774137
 31
0.0
  0
SPLINE
  5
841
100
AcDbEntity
  8
0
 62
7
100
AcDbSpline
 70
8
 71
3
 72
8
 73
4
 74
0
 40
0
 40
0
 40
0
 40
0
 40
1
 40
1
 40
1
 40
1
 10
40.835898
 20
247.774137
 30
0.0
 10
40.696949
 20
247.604666
 30
0.0
 10
40.558067
 20
247.434522
 30
0.0
 10
40.418546
 20
247.265051
 30
0.0
  0
SPLINE
  5
842
100
AcDbEntity
  8
0
 62
7
100
AcDbSpline
 70
8
 71
3
 72
8
 73
4
 74
0
 40
0
 40
0
 40
0
 40
0
 40
1
 40
1
 40
1
 40
1
 10
40.418546
 20
247.265051
 30
0.0
 10
40.181993
 20
247.434522
 30
0.0
 10
39.945440
 20
247.604666
 30
0.0
 10
39.708316
 20
247.774137
 30
0.0
  0
SPLINE
  5
843
100
AcDbEntity
  8
0
 62
7
100
AcDbSpline
 70
8
 71
3
 72
8
 73
4
 74
0
 40
0
 40
0
 40
0
 40
0
 40
1
 40
1
 40
1
 40
1
 10
39.708316
 20
247.774137
 30
0.0
 10
39.675971
 20
247.797523
 30
0.0
 10
39.643560
 20
247.820531
 30
0.0
 10
39.611786
 20
247.843538
 30
0.0
  0
LINE
  5
844
100
AcDbEntity
  8
0
 62
7
100
AcDbLine
 10
39.611786
 20
247.843538
 30
0.0
 11
40.294644
 21
247.843538
 31
0.0
  0
LINE
  5
845
100
AcDbEntity
  8
0
 62
7
100
AcDbLine
 10
40.294644
 20
247.843538
 30
0.0
 11
40.294644
 21
247.843538
 31
0.0
  0
SPLINE
  5
846
100
AcDbEntity
  8
0
 62
7
100
AcDbSpline
 70
8
 71
3
 72
8
 73
4
 74
0
 40
0
 40
0
 40
0
 40
0
 40
1
 40
1
 40
1
 40
1
 10
39.491377
 20
247.565641
 30
0.0
 10
39.738006
 20
247.388822
 30
0.0
 10
39.984065
 20
247.212423
 30
0.0
 10
40.230593
 20
247.035604
 30
0.0
  0
SPLINE
  5
847
100
AcDbEntity
  8
0
 62
7
100
AcDbSpline
 70
8
 71
3
 72
8
 73
4
 74
0
 40
0
 40
0
 40
0
 40
0
 40
1
 40
1
 40
1
 40
1
 10
40.230593
 20
247.035604
 30
0.0
 10
40.067125
 20
246.836155
 30
0.0
 10
39.904262
 20
246.637042
 30
0.0
 10
39.741332
 20
246.437950
 30
0.0
  0
SPLINE
  5
848
100
AcDbEntity
  8
0
 62
7
100
AcDbSpline
 70
8
 71
3
 72
8
 73
4
 74
0
 40
0
 40
0
 40
0
 40
0
 40
1
 40
1
 40
1
 40
1
 10
39.741332
 20
246.437950
 30
0.0
 10
39.658170
 20
246.813840
 30
0.0
 10
39.574539
 20
247.189751
 30
0.0
 10
39.491377
 20
247.565641
 30
0.0
  0
LINE
  5
849
100
AcDbEntity
  8
0
 62
7
100
AcDbLine
 10
39.491377
 20
247.565641
 30
0.0
 11
39.491377
 21
247.565641
 31
0.0
  0
LINE
  5
84a
100
AcDbEntity
  8
0
 62
7
100
AcDbLine
 10
39.388164
 20
245.923237
 30
0.0
 11
39.620821
 21
245.923237
 31
0.0
  0
SPLINE
  5
84b
100
AcDbEntity
  8
0
 62
7
100
AcDbSpline
 70
8
 71
3
 72
8
 73
4
 74
0
 40
0
 40
0
 40
0
 40
0
 40
1
 40
1
 40
1
 40
1
 10
39.620821
 20
245.923237
 30
0.0
 10
39.582331
 20
245.899516
 30
0.0
 10
39.543269
 20
245.876172
 30
0.0
 10
39.504174
 20
245.852451
 30
0.0
  0
SPLINE
  5
84c
100
AcDbEntity
  8
0
 62
7
100
AcDbSpline
 70
8
 71
3
 72
8
 73
4
 74
0
 40
0
 40
0
 40
0
 40
0
 40
1
 40
1
 40
1
 40
1
 10
39.504174
 20
245.852451
 30
0.0
 10
39.465112
 20
245.875816
 30
0.0
 10
39.426621
 20
245.899516
 30
0.0
 10
39.388164
 20
245.923237
 30
0.0
  0
LINE
  5
84d
100
AcDbEntity
  8
0
 62
7
100
AcDbLine
 10
39.388164
 20
245.923237
 30
0.0
 11
39.388164
 21
245.923237
 31
0.0
  0
LINE
  5
84e
100
AcDbEntity
  8
0
 62
7
100
AcDbLine
 10
38.650560
 20
245.104807
 30
0.0
 11
39.855124
 21
245.104807
 31
0.0
  0
SPLINE
  5
84f
100
AcDbEntity
  8
0
 62
7
100
AcDbSpline
 70
8
 71
3
 72
8
 73
4
 74
0
 40
0
 40
0
 40
0
 40
0
 40
1
 40
1
 40
1
 40
1
 10
39.855124
 20
245.104807
 30
0.0
 10
39.912054
 20
244.902902
 30
0.0
 10
39.970563
 20
244.701018
 30
0.0
 10
40.028635
 20
244.499449
 30
0.0
  0
SPLINE
  5
850
100
AcDbEntity
  8
0
 62
7
100
AcDbSpline
 70
8
 71
3
 72
8
 73
4
 74
0
 40
0
 40
0
 40
0
 40
0
 40
1
 40
1
 40
1
 40
1
 10
40.028635
 20
244.499449
 30
0.0
 10
39.569467
 20
244.701018
 30
0.0
 10
39.109762
 20
244.902902
 30
0.0
 10
38.650560
 20
245.104807
 30
0.0
  0
LINE
  5
851
100
AcDbEntity
  8
0
 62
7
100
AcDbLine
 10
38.650560
 20
245.104807
 30
0.0
 11
38.650560
 21
245.104807
 31
0.0
  0
SPLINE
  5
852
100
AcDbEntity
  8
0
 62
7
100
AcDbSpline
 70
8
 71
3
 72
8
 73
4
 74
0
 40
0
 40
0
 40
0
 40
0
 40
1
 40
1
 40
1
 40
1
 10
40.416430
 20
245.518000
 30
0.0
 10
40.476652
 20
245.481746
 30
0.0
 10
40.536336
 20
245.445115
 30
0.0
 10
40.596625
 20
245.408882
 30
0.0
  0
SPLINE
  5
853
100
AcDbEntity
  8
0
 62
7
100
AcDbSpline
 70
8
 71
3
 72
8
 73
4
 74
0
 40
0
 40
0
 40
0
 40
0
 40
1
 40
1
 40
1
 40
1
 10
40.596625
 20
245.408882
 30
0.0
 10
40.558671
 20
245.385874
 30
0.0
 10
40.520751
 20
245.362845
 30
0.0
 10
40.482798
 20
245.339817
 30
0.0
  0
LINE
  5
854
100
AcDbEntity
  8
0
 62
7
100
AcDbLine
 10
40.482798
 20
245.339817
 30
0.0
 11
40.350566
 21
245.339817
 31
0.0
  0
SPLINE
  5
855
100
AcDbEntity
  8
0
 62
7
100
AcDbSpline
 70
8
 71
3
 72
8
 73
4
 74
0
 40
0
 40
0
 40
0
 40
0
 40
1
 40
1
 40
1
 40
1
 10
40.350566
 20
245.339817
 30
0.0
 10
40.312613
 20
245.362845
 30
0.0
 10
40.274660
 20
245.385874
 30
0.0
 10
40.236773
 20
245.408882
 30
0.0
  0
SPLINE
  5
856
100
AcDbEntity
  8
0
 62
7
100
AcDbSpline
 70
8
 71
3
 72
8
 73
4
 74
0
 40
0
 40
0
 40
0
 40
0
 40
1
 40
1
 40
1
 40
1
 10
40.236773
 20
245.408882
 30
0.0
 10
40.296995
 20
245.445157
 30
0.0
 10
40.356679
 20
245.481767
 30
0.0
 10
40.416430
 20
245.518000
 30
0.0
  0
LINE
  5
857
100
AcDbEntity
  8
0
 62
7
100
AcDbLine
 10
40.416430
 20
245.518000
 30
0.0
 11
40.416430
 21
245.518000
 31
0.0
  0
SPLINE
  5
858
100
AcDbEntity
  8
0
 62
7
100
AcDbSpline
 70
8
 71
3
 72
8
 73
4
 74
0
 40
0
 40
0
 40
0
 40
0
 40
1
 40
1
 40
1
 40
1
 10
37.988863
 20
245.104807
 30
0.0
 10
38.591413
 20
244.840156
 30
0.0
 10
39.193964
 20
244.575483
 30
0.0
 10
39.796549
 20
244.310832
 30
0.0
  0
SPLINE
  5
859
100
AcDbEntity
  8
0
 62
7
100
AcDbSpline
 70
8
 71
3
 72
8
 73
4
 74
0
 40
0
 40
0
 40
0
 40
0
 40
1
 40
1
 40
1
 40
1
 10
39.796549
 20
244.310832
 30
0.0
 10
39.739081
 20
244.276657
 30
0.0
 10
39.682722
 20
244.242103
 30
0.0
 10
39.625255
 20
244.207592
 30
0.0
  0
SPLINE
  5
85a
100
AcDbEntity
  8
0
 62
7
100
AcDbSpline
 70
8
 71
3
 72
8
 73
4
 74
0
 40
0
 40
0
 40
0
 40
0
 40
1
 40
1
 40
1
 40
1
 10
39.625255
 20
244.207592
 30
0.0
 10
39.070129
 20
244.452384
 30
0.0
 10
38.513895
 20
244.696819
 30
0.0
 10
37.958769
 20
244.941612
 30
0.0
  0
SPLINE
  5
85b
100
AcDbEntity
  8
0
 62
7
100
AcDbSpline
 70
8
 71
3
 72
8
 73
4
 74
0
 40
0
 40
0
 40
0
 40
0
 40
1
 40
1
 40
1
 40
1
 10
37.958769
 20
244.941612
 30
0.0
 10
37.919707
 20
244.958700
 30
0.0
 10
37.881754
 20
244.975766
 30
0.0
 10
37.843263
 20
244.992875
 30
0.0
  0
SPLINE
  5
85c
100
AcDbEntity
  8
0
 62
7
100
AcDbSpline
 70
8
 71
3
 72
8
 73
4
 74
0
 40
0
 40
0
 40
0
 40
0
 40
1
 40
1
 40
1
 40
1
 10
37.843263
 20
244.992875
 30
0.0
 10
37.836008
 20
245.030179
 30
0.0
 10
37.828216
 20
245.067503
 30
0.0
 10
37.820995
 20
245.105143
 30
0.0
  0
LINE
  5
85d
100
AcDbEntity
  8
0
 62
7
100
AcDbLine
 10
37.820995
 20
245.105143
 30
0.0
 11
37.988863
 21
245.105143
 31
0.0
  0
LINE
  5
85e
100
AcDbEntity
  8
0
 62
7
100
AcDbLine
 10
37.988863
 20
245.105143
 30
0.0
 11
37.988863
 21
245.104807
 31
0.0
  0
SPLINE
  5
85f
100
AcDbEntity
  8
0
 62
7
100
AcDbSpline
 70
8
 71
3
 72
8
 73
4
 74
0
 40
0
 40
0
 40
0
 40
0
 40
1
 40
1
 40
1
 40
1
 10
39.094715
 20
247.595618
 30
0.0
 10
39.177809
 20
247.220064
 30
0.0
 10
39.260970
 20
246.844153
 30
0.0
 10
39.344065
 20
246.468599
 30
0.0
  0
SPLINE
  5
860
100
AcDbEntity
  8
0
 62
7
100
AcDbSpline
 70
8
 71
3
 72
8
 73
4
 74
0
 40
0
 40
0
 40
0
 40
0
 40
1
 40
1
 40
1
 40
1
 10
39.344065
 20
246.468599
 30
0.0
 10
39.097469
 20
246.666305
 30
0.0
 10
38.850873
 20
246.864012
 30
0.0
 10
38.604277
 20
247.062075
 30
0.0
  0
SPLINE
  5
861
100
AcDbEntity
  8
0
 62
7
100
AcDbSpline
 70
8
 71
3
 72
8
 73
4
 74
0
 40
0
 40
0
 40
0
 40
0
 40
1
 40
1
 40
1
 40
1
 10
38.604277
 20
247.062075
 30
0.0
 10
38.767678
 20
247.239860
 30
0.0
 10
38.931079
 20
247.417980
 30
0.0
 10
39.094715
 20
247.595618
 30
0.0
  0
LINE
  5
862
100
AcDbEntity
  8
0
 62
7
100
AcDbLine
 10
39.094715
 20
247.595618
 30
0.0
 11
39.094715
 21
247.595618
 31
0.0
  0
SPLINE
  5
863
100
AcDbEntity
  8
0
 62
7
100
AcDbSpline
 70
8
 71
3
 72
8
 73
4
 74
0
 40
0
 40
0
 40
0
 40
0
 40
1
 40
1
 40
1
 40
1
 10
38.398389
 20
246.837498
 30
0.0
 10
38.680755
 20
246.611557
 30
0.0
 10
38.961912
 20
246.385259
 30
0.0
 10
39.244210
 20
246.159255
 30
0.0
  0
LINE
  5
864
100
AcDbEntity
  8
0
 62
7
100
AcDbLine
 10
39.244210
 20
246.159255
 30
0.0
 11
37.775787
 21
246.159255
 31
0.0
  0
SPLINE
  5
865
100
AcDbEntity
  8
0
 62
7
100
AcDbSpline
 70
8
 71
3
 72
8
 73
4
 74
0
 40
0
 40
0
 40
0
 40
0
 40
1
 40
1
 40
1
 40
1
 10
37.775787
 20
246.159255
 30
0.0
 10
37.983287
 20
246.385175
 30
0.0
 10
38.190754
 20
246.611431
 30
0.0
 10
38.398389
 20
246.837498
 30
0.0
  0
LINE
  5
866
100
AcDbEntity
  8
0
 62
7
100
AcDbLine
 10
38.398389
 20
246.837498
 30
0.0
 11
38.398389
 21
246.837498
 31
0.0
  0
SPLINE
  5
867
100
AcDbEntity
  8
0
 62
7
100
AcDbSpline
 70
8
 71
3
 72
8
 73
4
 74
0
 40
0
 40
0
 40
0
 40
0
 40
1
 40
1
 40
1
 40
1
 10
37.955444
 20
245.686107
 30
0.0
 10
38.015128
 20
245.722361
 30
0.0
 10
38.075349
 20
245.758993
 30
0.0
 10
38.135100
 20
245.795226
 30
0.0
  0
SPLINE
  5
868
100
AcDbEntity
  8
0
 62
7
100
AcDbSpline
 70
8
 71
3
 72
8
 73
4
 74
0
 40
0
 40
0
 40
0
 40
0
 40
1
 40
1
 40
1
 40
1
 10
38.135100
 20
245.795226
 30
0.0
 10
38.195322
 20
245.758972
 30
0.0
 10
38.255006
 20
245.722340
 30
0.0
 10
38.315295
 20
245.686107
 30
0.0
  0
SPLINE
  5
869
100
AcDbEntity
  8
0
 62
7
100
AcDbSpline
 70
8
 71
3
 72
8
 73
4
 74
0
 40
0
 40
0
 40
0
 40
0
 40
1
 40
1
 40
1
 40
1
 10
38.315295
 20
245.686107
 30
0.0
 10
38.255006
 20
245.649832
 30
0.0
 10
38.195322
 20
245.613579
 30
0.0
 10
38.135100
 20
245.577304
 30
0.0
  0
SPLINE
  5
86a
100
AcDbEntity
  8
0
 62
7
100
AcDbSpline
 70
8
 71
3
 72
8
 73
4
 74
0
 40
0
 40
0
 40
0
 40
0
 40
1
 40
1
 40
1
 40
1
 10
38.135100
 20
245.577304
 30
0.0
 10
38.074812
 20
245.613579
 30
0.0
 10
38.015128
 20
245.650210
 30
0.0
 10
37.955444
 20
245.686107
 30
0.0
  0
LINE
  5
86b
100
AcDbEntity
  8
0
 62
7
100
AcDbLine
 10
37.955444
 20
245.686107
 30
0.0
 11
37.955444
 21
245.686107
 31
0.0
  0
SPLINE
  5
86c
100
AcDbEntity
  8
0
 62
7
100
AcDbSpline
 70
8
 71
3
 72
8
 73
4
 74
0
 40
0
 40
0
 40
0
 40
0
 40
1
 40
1
 40
1
 40
1
 10
38.591447
 20
245.519050
 30
0.0
 10
38.651736
 20
245.482775
 30
0.0
 10
38.711420
 20
245.446164
 30
0.0
 10
38.771675
 20
245.409910
 30
0.0
  0
SPLINE
  5
86d
100
AcDbEntity
  8
0
 62
7
100
AcDbSpline
 70
8
 71
3
 72
8
 73
4
 74
0
 40
0
 40
0
 40
0
 40
0
 40
1
 40
1
 40
1
 40
1
 10
38.771675
 20
245.409910
 30
0.0
 10
38.733184
 20
245.386903
 30
0.0
 10
38.695231
 20
245.363895
 30
0.0
 10
38.657311
 20
245.340866
 30
0.0
  0
LINE
  5
86e
100
AcDbEntity
  8
0
 62
7
100
AcDbLine
 10
38.657311
 20
245.340866
 30
0.0
 11
38.525617
 21
245.340866
 31
0.0
  0
SPLINE
  5
86f
100
AcDbEntity
  8
0
 62
7
100
AcDbSpline
 70
8
 71
3
 72
8
 73
4
 74
0
 40
0
 40
0
 40
0
 40
0
 40
1
 40
1
 40
1
 40
1
 10
38.525617
 20
245.340866
 30
0.0
 10
38.487697
 20
245.363895
 30
0.0
 10
38.449743
 20
245.386903
 30
0.0
 10
38.411790
 20
245.409910
 30
0.0
  0
SPLINE
  5
870
100
AcDbEntity
  8
0
 62
7
100
AcDbSpline
 70
8
 71
3
 72
8
 73
4
 74
0
 40
0
 40
0
 40
0
 40
0
 40
1
 40
1
 40
1
 40
1
 10
38.411790
 20
245.409910
 30
0.0
 10
38.471541
 20
245.446185
 30
0.0
 10
38.531763
 20
245.482817
 30
0.0
 10
38.591447
 20
245.519050
 30
0.0
  0
LINE
  5
871
100
AcDbEntity
  8
0
 62
7
100
AcDbLine
 10
38.591447
 20
245.519050
 30
0.0
 11
38.591447
 21
245.519050
 31
0.0
  0
LINE
  5
872
100
AcDbEntity
  8
0
 62
7
100
AcDbLine
 10
38.474833
 20
245.923930
 30
0.0
 11
38.708027
 21
245.923930
 31
0.0
  0
SPLINE
  5
873
100
AcDbEntity
  8
0
 62
7
100
AcDbSpline
 70
8
 71
3
 72
8
 73
4
 74
0
 40
0
 40
0
 40
0
 40
0
 40
1
 40
1
 40
1
 40
1
 10
38.708027
 20
245.923930
 30
0.0
 10
38.669570
 20
245.900230
 30
0.0
 10
38.629938
 20
245.876844
 30
0.0
 10
38.591413
 20
245.853144
 30
0.0
  0
SPLINE
  5
874
100
AcDbEntity
  8
0
 62
7
100
AcDbSpline
 70
8
 71
3
 72
8
 73
4
 74
0
 40
0
 40
0
 40
0
 40
0
 40
1
 40
1
 40
1
 40
1
 10
38.591413
 20
245.853144
 30
0.0
 10
38.552385
 20
245.876508
 30
0.0
 10
38.513895
 20
245.900230
 30
0.0
 10
38.474833
 20
245.923930
 30
0.0
  0
LINE
  5
875
100
AcDbEntity
  8
0
 62
7
100
AcDbLine
 10
38.474833
 20
245.923930
 30
0.0
 11
38.474833
 21
245.923930
 31
0.0
  0
SPLINE
  5
876
100
AcDbEntity
  8
0
 62
7
100
AcDbSpline
 70
8
 71
3
 72
8
 73
4
 74
0
 40
0
 40
0
 40
0
 40
0
 40
1
 40
1
 40
1
 40
1
 10
38.867599
 20
245.686107
 30
0.0
 10
38.927854
 20
245.722361
 30
0.0
 10
38.987539
 20
245.758993
 30
0.0
 10
39.047256
 20
245.795226
 30
0.0
  0
SPLINE
  5
877
100
AcDbEntity
  8
0
 62
7
100
AcDbSpline
 70
8
 71
3
 72
8
 73
4
 74
0
 40
0
 40
0
 40
0
 40
0
 40
1
 40
1
 40
1
 40
1
 10
39.047256
 20
245.795226
 30
0.0
 10
39.107511
 20
245.758972
 30
0.0
 10
39.167195
 20
245.722340
 30
0.0
 10
39.227450
 20
245.686107
 30
0.0
  0
SPLINE
  5
878
100
AcDbEntity
  8
0
 62
7
100
AcDbSpline
 70
8
 71
3
 72
8
 73
4
 74
0
 40
0
 40
0
 40
0
 40
0
 40
1
 40
1
 40
1
 40
1
 10
39.227450
 20
245.686107
 30
0.0
 10
39.167195
 20
245.649832
 30
0.0
 10
39.106940
 20
245.613579
 30
0.0
 10
39.047256
 20
245.577304
 30
0.0
  0
SPLINE
  5
879
100
AcDbEntity
  8
0
 62
7
100
AcDbSpline
 70
8
 71
3
 72
8
 73
4
 74
0
 40
0
 40
0
 40
0
 40
0
 40
1
 40
1
 40
1
 40
1
 10
39.047256
 20
245.577304
 30
0.0
 10
38.987001
 20
245.613579
 30
0.0
 10
38.927317
 20
245.650210
 30
0.0
 10
38.867599
 20
245.686107
 30
0.0
  0
LINE
  5
87a
100
AcDbEntity
  8
0
 62
7
100
AcDbLine
 10
38.867599
 20
245.686107
 30
0.0
 11
38.867599
 21
245.686107
 31
0.0
  0
SPLINE
  5
87b
100
AcDbEntity
  8
0
 62
7
100
AcDbSpline
 70
8
 71
3
 72
8
 73
4
 74
0
 40
0
 40
0
 40
0
 40
0
 40
1
 40
1
 40
1
 40
1
 10
39.323409
 20
245.409910
 30
0.0
 10
39.383664
 20
245.446185
 30
0.0
 10
39.443381
 20
245.482817
 30
0.0
 10
39.503065
 20
245.519050
 30
0.0
  0
SPLINE
  5
87c
100
AcDbEntity
  8
0
 62
7
100
AcDbSpline
 70
8
 71
3
 72
8
 73
4
 74
0
 40
0
 40
0
 40
0
 40
0
 40
1
 40
1
 40
1
 40
1
 10
39.503065
 20
245.519050
 30
0.0
 10
39.563320
 20
245.482775
 30
0.0
 10
39.623038
 20
245.446164
 30
0.0
 10
39.683260
 20
245.409910
 30
0.0
  0
SPLINE
  5
87d
100
AcDbEntity
  8
0
 62
7
100
AcDbSpline
 70
8
 71
3
 72
8
 73
4
 74
0
 40
0
 40
0
 40
0
 40
0
 40
1
 40
1
 40
1
 40
1
 10
39.683260
 20
245.409910
 30
0.0
 10
39.644769
 20
245.386903
 30
0.0
 10
39.606883
 20
245.363895
 30
0.0
 10
39.569467
 20
245.340866
 30
0.0
  0
LINE
  5
87e
100
AcDbEntity
  8
0
 62
7
100
AcDbLine
 10
39.569467
 20
245.340866
 30
0.0
 11
39.437235
 21
245.340866
 31
0.0
  0
SPLINE
  5
87f
100
AcDbEntity
  8
0
 62
7
100
AcDbSpline
 70
8
 71
3
 72
8
 73
4
 74
0
 40
0
 40
0
 40
0
 40
0
 40
1
 40
1
 40
1
 40
1
 10
39.437235
 20
245.340866
 30
0.0
 10
39.399282
 20
245.363895
 30
0.0
 10
39.361362
 20
245.386903
 30
0.0
 10
39.323409
 20
245.409910
 30
0.0
  0
LINE
  5
880
100
AcDbEntity
  8
0
 62
7
100
AcDbLine
 10
39.323409
 20
245.409910
 30
0.0
 11
39.323409
 21
245.409910
 31
0.0
  0
SPLINE
  5
881
100
AcDbEntity
  8
0
 62
7
100
AcDbSpline
 70
8
 71
3
 72
8
 73
4
 74
0
 40
0
 40
0
 40
0
 40
0
 40
1
 40
1
 40
1
 40
1
 10
39.667104
 20
243.898290
 30
0.0
 10
39.764742
 20
243.855066
 30
0.0
 10
39.862916
 20
243.812179
 30
0.0
 10
39.960554
 20
243.768913
 30
0.0
  0
SPLINE
  5
882
100
AcDbEntity
  8
0
 62
7
100
AcDbSpline
 70
8
 71
3
 72
8
 73
4
 74
0
 40
0
 40
0
 40
0
 40
0
 40
1
 40
1
 40
1
 40
1
 10
39.960554
 20
243.768913
 30
0.0
 10
39.494702
 20
243.486818
 30
0.0
 10
39.029422
 20
243.205058
 30
0.0
 10
38.563570
 20
242.922962
 30
0.0
  0
LINE
  5
883
100
AcDbEntity
  8
0
 62
7
100
AcDbLine
 10
38.563570
 20
242.922962
 30
0.0
 11
38.281775
 21
242.922962
 31
0.0
  0
SPLINE
  5
884
100
AcDbEntity
  8
0
 62
7
100
AcDbSpline
 70
8
 71
3
 72
8
 73
4
 74
0
 40
0
 40
0
 40
0
 40
0
 40
1
 40
1
 40
1
 40
1
 10
38.281775
 20
242.922962
 30
0.0
 10
38.272874
 20
242.962700
 30
0.0
 10
38.263403
 20
243.003174
 30
0.0
 10
38.254435
 20
243.043269
 30
0.0
  0
SPLINE
  5
885
100
AcDbEntity
  8
0
 62
7
100
AcDbSpline
 70
8
 71
3
 72
8
 73
4
 74
0
 40
0
 40
0
 40
0
 40
0
 40
1
 40
1
 40
1
 40
1
 10
38.254435
 20
243.043269
 30
0.0
 10
38.724787
 20
243.328178
 30
0.0
 10
39.196181
 20
243.613045
 30
0.0
 10
39.666533
 20
243.898290
 30
0.0
  0
LINE
  5
886
100
AcDbEntity
  8
0
 62
7
100
AcDbLine
 10
39.666533
 20
243.898290
 30
0.0
 11
39.667104
 21
243.898290
 31
0.0
  0
LINE
  5
887
100
AcDbEntity
  8
0
 62
7
100
AcDbLine
 10
38.190317
 20
243.337918
 30
0.0
 11
38.190317
 21
243.337918
 31
0.0
  0
SPLINE
  5
888
100
AcDbEntity
  8
0
 62
7
100
AcDbSpline
 70
8
 71
3
 72
8
 73
4
 74
0
 40
0
 40
0
 40
0
 40
0
 40
1
 40
1
 40
1
 40
1
 10
39.945541
 20
244.066733
 30
0.0
 10
40.002437
 20
244.100887
 30
0.0
 10
40.059300
 20
244.135777
 30
0.0
 10
40.116801
 20
244.170288
 30
0.0
  0
SPLINE
  5
889
100
AcDbEntity
  8
0
 62
7
100
AcDbSpline
 70
8
 71
3
 72
8
 73
4
 74
0
 40
0
 40
0
 40
0
 40
0
 40
1
 40
1
 40
1
 40
1
 10
40.116801
 20
244.170288
 30
0.0
 10
40.119555
 20
244.168903
 30
0.0
 10
40.122947
 20
244.167496
 30
0.0
 10
40.125735
 20
244.165733
 30
0.0
  0
SPLINE
  5
88a
100
AcDbEntity
  8
0
 62
7
100
AcDbSpline
 70
8
 71
3
 72
8
 73
4
 74
0
 40
0
 40
0
 40
0
 40
0
 40
1
 40
1
 40
1
 40
1
 10
40.125735
 20
244.165733
 30
0.0
 10
40.146357
 20
244.097381
 30
0.0
 10
40.165838
 20
244.028715
 30
0.0
 10
40.186494
 20
243.960364
 30
0.0
  0
SPLINE
  5
88b
100
AcDbEntity
  8
0
 62
7
100
AcDbSpline
 70
8
 71
3
 72
8
 73
4
 74
0
 40
0
 40
0
 40
0
 40
0
 40
1
 40
1
 40
1
 40
1
 10
40.186494
 20
243.960364
 30
0.0
 10
40.106154
 20
243.995589
 30
0.0
 10
40.025847
 20
244.031150
 30
0.0
 10
39.945541
 20
244.066733
 30
0.0
  0
LINE
  5
88c
100
AcDbEntity
  8
0
 62
7
100
AcDbLine
 10
39.945541
 20
244.066733
 30
0.0
 11
39.945541
 21
244.066733
 31
0.0
  0
SPLINE
  5
88d
100
AcDbEntity
  8
0
 62
7
100
AcDbSpline
 70
8
 71
3
 72
8
 73
4
 74
0
 40
0
 40
0
 40
0
 40
0
 40
1
 40
1
 40
1
 40
1
 10
39.959479
 20
245.794890
 30
0.0
 10
40.019701
 20
245.758636
 30
0.0
 10
40.079385
 20
245.722004
 30
0.0
 10
40.139673
 20
245.685771
 30
0.0
  0
SPLINE
  5
88e
100
AcDbEntity
  8
0
 62
7
100
AcDbSpline
 70
8
 71
3
 72
8
 73
4
 74
0
 40
0
 40
0
 40
0
 40
0
 40
1
 40
1
 40
1
 40
1
 10
40.139673
 20
245.685771
 30
0.0
 10
40.079385
 20
245.649476
 30
0.0
 10
40.019163
 20
245.613243
 30
0.0
 10
39.959479
 20
245.576968
 30
0.0
  0
SPLINE
  5
88f
100
AcDbEntity
  8
0
 62
7
100
AcDbSpline
 70
8
 71
3
 72
8
 73
4
 74
0
 40
0
 40
0
 40
0
 40
0
 40
1
 40
1
 40
1
 40
1
 10
39.959479
 20
245.576968
 30
0.0
 10
39.899728
 20
245.613243
 30
0.0
 10
39.839506
 20
245.649874
 30
0.0
 10
39.779251
 20
245.685771
 30
0.0
  0
SPLINE
  5
890
100
AcDbEntity
  8
0
 62
7
100
AcDbSpline
 70
8
 71
3
 72
8
 73
4
 74
0
 40
0
 40
0
 40
0
 40
0
 40
1
 40
1
 40
1
 40
1
 10
39.779251
 20
245.685771
 30
0.0
 10
39.839506
 20
245.722025
 30
0.0
 10
39.899190
 20
245.758657
 30
0.0
 10
39.959479
 20
245.794890
 30
0.0
  0
LINE
  5
891
100
AcDbEntity
  8
0
 62
7
100
AcDbLine
 10
39.959479
 20
245.794890
 30
0.0
 11
39.959479
 21
245.794890
 31
0.0
  0
SPLINE
  5
892
100
AcDbEntity
  8
0
 62
7
100
AcDbSpline
 70
8
 71
3
 72
8
 73
4
 74
0
 40
0
 40
0
 40
0
 40
0
 40
1
 40
1
 40
1
 40
1
 10
37.747305
 20
245.477947
 30
0.0
 10
37.784721
 20
245.455254
 30
0.0
 10
37.822607
 20
245.432582
 30
0.0
 10
37.860023
 20
245.409574
 30
0.0
  0
SPLINE
  5
893
100
AcDbEntity
  8
0
 62
7
100
AcDbSpline
 70
8
 71
3
 72
8
 73
4
 74
0
 40
0
 40
0
 40
0
 40
0
 40
1
 40
1
 40
1
 40
1
 10
37.860023
 20
245.409574
 30
0.0
 10
37.829862
 20
245.391437
 30
0.0
 10
37.800305
 20
245.373656
 30
0.0
 10
37.770715
 20
245.355897
 30
0.0
  0
SPLINE
  5
894
100
AcDbEntity
  8
0
 62
7
100
AcDbSpline
 70
8
 71
3
 72
8
 73
4
 74
0
 40
0
 40
0
 40
0
 40
0
 40
1
 40
1
 40
1
 40
1
 10
37.770715
 20
245.355897
 30
0.0
 10
37.762386
 20
245.396685
 30
0.0
 10
37.754560
 20
245.437473
 30
0.0
 10
37.747305
 20
245.477947
 30
0.0
  0
LINE
  5
895
100
AcDbEntity
  8
0
 62
7
100
AcDbLine
 10
37.747305
 20
245.477947
 30
0.0
 11
37.747305
 21
245.477947
 31
0.0
  0
LINE
  5
896
100
AcDbEntity
  8
0
 62
7
100
AcDbLine
 10
37.680299
 20
245.852787
 30
0.0
 11
37.680299
 21
245.852787
 31
0.0
  0
LINE
  5
897
100
AcDbEntity
  8
0
 62
7
100
AcDbLine
 10
37.660818
 20
245.923594
 30
0.0
 11
37.796947
 21
245.923594
 31
0.0
  0
SPLINE
  5
898
100
AcDbEntity
  8
0
 62
7
100
AcDbSpline
 70
8
 71
3
 72
8
 73
4
 74
0
 40
0
 40
0
 40
0
 40
0
 40
1
 40
1
 40
1
 40
1
 10
37.796947
 20
245.923594
 30
0.0
 10
37.757918
 20
245.899873
 30
0.0
 10
37.718857
 20
245.876508
 30
0.0
 10
37.679795
 20
245.852787
 30
0.0
  0
SPLINE
  5
899
100
AcDbEntity
  8
0
 62
7
100
AcDbSpline
 70
8
 71
3
 72
8
 73
4
 74
0
 40
0
 40
0
 40
0
 40
0
 40
1
 40
1
 40
1
 40
1
 10
37.679795
 20
245.852787
 30
0.0
 10
37.678149
 20
245.853837
 30
0.0
 10
37.675294
 20
245.855600
 30
0.0
 10
37.673682
 20
245.856650
 30
0.0
  0
SPLINE
  5
89a
100
AcDbEntity
  8
0
 62
7
100
AcDbSpline
 70
8
 71
3
 72
8
 73
4
 74
0
 40
0
 40
0
 40
0
 40
0
 40
1
 40
1
 40
1
 40
1
 10
37.673682
 20
245.856650
 30
0.0
 10
37.671466
 20
245.869203
 30
0.0
 10
37.668611
 20
245.881714
 30
0.0
 10
37.666394
 20
245.894289
 30
0.0
  0
SPLINE
  5
89b
100
AcDbEntity
  8
0
 62
7
100
AcDbSpline
 70
8
 71
3
 72
8
 73
4
 74
0
 40
0
 40
0
 40
0
 40
0
 40
1
 40
1
 40
1
 40
1
 10
37.666394
 20
245.894289
 30
0.0
 10
37.664211
 20
245.904050
 30
0.0
 10
37.662498
 20
245.913812
 30
0.0
 10
37.660818
 20
245.923594
 30
0.0
  0
LINE
  5
89c
100
AcDbEntity
  8
0
 62
7
100
AcDbLine
 10
37.660818
 20
245.923594
 30
0.0
 11
37.660818
 21
245.923594
 31
0.0
  0
LINE
  5
89d
100
AcDbEntity
  8
0
 62
7
100
AcDbLine
 10
31.514263
 20
245.103442
 30
0.0
 11
32.478882
 21
245.103442
 31
0.0
  0
LINE
  5
89e
100
AcDbEntity
  8
0
 62
7
100
AcDbLine
 10
32.478882
 20
245.103442
 30
0.0
 11
34.442747
 21
245.103442
 31
0.0
  0
LINE
  5
89f
100
AcDbEntity
  8
0
 62
7
100
AcDbLine
 10
34.442747
 20
245.103442
 30
0.0
 11
34.501894
 21
245.103442
 31
0.0
  0
LINE
  5
8a0
100
AcDbEntity
  8
0
 62
7
100
AcDbLine
 10
34.501894
 20
245.103442
 30
0.0
 11
37.425877
 21
245.103442
 31
0.0
  0
SPLINE
  5
8a1
100
AcDbEntity
  8
0
 62
7
100
AcDbSpline
 70
8
 71
3
 72
8
 73
4
 74
0
 40
0
 40
0
 40
0
 40
0
 40
1
 40
1
 40
1
 40
1
 10
37.425877
 20
245.103442
 30
0.0
 10
37.713752
 20
243.620413
 30
0.0
 10
38.484808
 20
240.355822
 30
0.0
 10
38.898768
 20
238.885011
 30
0.0
  0
LINE
  5
8a2
100
AcDbEntity
  8
0
 62
7
100
AcDbLine
 10
38.898768
 20
238.885011
 30
0.0
 11
38.898264
 21
238.884633
 31
0.0
  0
LINE
  5
8a3
100
AcDbEntity
  8
0
 62
7
100
AcDbLine
 10
38.898264
 20
238.884633
 30
0.0
 11
36.707888
 21
238.884633
 31
0.0
  0
LINE
  5
8a4
100
AcDbEntity
  8
0
 62
7
100
AcDbLine
 10
36.707888
 20
238.884633
 30
0.0
 11
34.443285
 21
238.884633
 31
0.0
  0
LINE
  5
8a5
100
AcDbEntity
  8
0
 62
7
100
AcDbLine
 10
34.443285
 20
238.884633
 30
0.0
 11
34.433276
 21
238.884633
 31
0.0
  0
LINE
  5
8a6
100
AcDbEntity
  8
0
 62
7
100
AcDbLine
 10
34.433276
 20
238.884633
 30
0.0
 11
30.742098
 21
238.884633
 31
0.0
  0
LINE
  5
8a7
100
AcDbEntity
  8
0
 62
7
100
AcDbLine
 10
30.742098
 20
238.884633
 30
0.0
 11
30.027938
 21
238.884633
 31
0.0
  0
SPLINE
  5
8a8
100
AcDbEntity
  8
0
 62
7
100
AcDbSpline
 70
8
 71
3
 72
8
 73
4
 74
0
 40
0
 40
0
 40
0
 40
0
 40
1
 40
1
 40
1
 40
1
 10
30.027938
 20
238.884633
 30
0.0
 10
30.088226
 20
239.096278
 30
0.0
 10
30.612687
 20
241.088814
 30
0.0
 10
30.666762
 20
241.301152
 30
0.0
  0
SPLINE
  5
8a9
100
AcDbEntity
  8
0
 62
7
100
AcDbSpline
 70
8
 71
3
 72
8
 73
4
 74
0
 40
0
 40
0
 40
0
 40
0
 40
1
 40
1
 40
1
 40
1
 10
30.666762
 20
241.301152
 30
0.0
 10
30.964175
 20
242.468959
 30
0.0
 10
31.217421
 20
243.641322
 30
0.0
 10
31.455654
 20
244.814713
 30
0.0
  0
SPLINE
  5
8aa
100
AcDbEntity
  8
0
 62
7
100
AcDbSpline
 70
8
 71
3
 72
8
 73
4
 74
0
 40
0
 40
0
 40
0
 40
0
 40
1
 40
1
 40
1
 40
1
 10
31.455654
 20
244.814713
 30
0.0
 10
31.475235
 20
244.910585
 30
0.0
 10
31.494715
 20
245.007213
 30
0.0
 10
31.514263
 20
245.103442
 30
0.0
  0
LINE
  5
8ab
100
AcDbEntity
  8
0
 62
7
100
AcDbLine
 10
31.514263
 20
245.103442
 30
0.0
 11
31.514263
 21
245.103442
 31
0.0
  0
SPLINE
  5
8ac
100
AcDbEntity
  8
0
 62
7
100
AcDbSpline
 70
8
 71
3
 72
8
 73
4
 74
0
 40
0
 40
0
 40
0
 40
0
 40
1
 40
1
 40
1
 40
1
 10
29.061808
 20
243.803131
 30
0.0
 10
29.133818
 20
243.834872
 30
0.0
 10
29.205761
 20
243.866633
 30
0.0
 10
29.277738
 20
243.898332
 30
0.0
  0
SPLINE
  5
8ad
100
AcDbEntity
  8
0
 62
7
100
AcDbSpline
 70
8
 71
3
 72
8
 73
4
 74
0
 40
0
 40
0
 40
0
 40
0
 40
1
 40
1
 40
1
 40
1
 10
29.277738
 20
243.898332
 30
0.0
 10
29.751416
 20
243.611344
 30
0.0
 10
30.225597
 20
243.324357
 30
0.0
 10
30.699308
 20
243.037370
 30
0.0
  0
LINE
  5
8ae
100
AcDbEntity
  8
0
 62
7
100
AcDbLine
 10
30.699308
 20
243.037370
 30
0.0
 11
30.699241
 21
243.037013
 31
0.0
  0
SPLINE
  5
8af
100
AcDbEntity
  8
0
 62
7
100
AcDbSpline
 70
8
 71
3
 72
8
 73
4
 74
0
 40
0
 40
0
 40
0
 40
0
 40
1
 40
1
 40
1
 40
1
 10
30.699241
 20
243.037013
 30
0.0
 10
30.690307
 20
242.998996
 30
0.0
 10
30.681977
 20
242.960643
 30
0.0
 10
30.673580
 20
242.922668
 30
0.0
  0
LINE
  5
8b0
100
AcDbEntity
  8
0
 62
7
100
AcDbLine
 10
30.673580
 20
242.922668
 30
0.0
 11
30.611142
 21
242.922668
 31
0.0
  0
SPLINE
  5
8b1
100
AcDbEntity
  8
0
 62
7
100
AcDbSpline
 70
8
 71
3
 72
8
 73
4
 74
0
 40
0
 40
0
 40
0
 40
0
 40
1
 40
1
 40
1
 40
1
 10
30.611142
 20
242.922668
 30
0.0
 10
30.094507
 20
243.216267
 30
0.0
 10
29.578409
 20
243.509510
 30
0.0
 10
29.061808
 20
243.803131
 30
0.0
  0
LINE
  5
8b2
100
AcDbEntity
  8
0
 62
7
100
AcDbLine
 10
29.061808
 20
243.803131
 30
0.0
 11
29.061808
 21
243.803131
 31
0.0
  0
SPLINE
  5
8b3
100
AcDbEntity
  8
0
 62
7
100
AcDbSpline
 70
8
 71
3
 72
8
 73
4
 74
0
 40
0
 40
0
 40
0
 40
0
 40
1
 40
1
 40
1
 40
1
 10
31.284965
 20
245.923552
 30
0.0
 10
31.280498
 20
245.901237
 30
0.0
 10
31.276064
 20
245.878902
 30
0.0
 10
31.272202
 20
245.856964
 30
0.0
  0
LINE
  5
8b4
100
AcDbEntity
  8
0
 62
7
100
AcDbLine
 10
31.272202
 20
245.856964
 30
0.0
 11
31.265484
 21
245.852766
 31
0.0
  0
SPLINE
  5
8b5
100
AcDbEntity
  8
0
 62
7
100
AcDbSpline
 70
8
 71
3
 72
8
 73
4
 74
0
 40
0
 40
0
 40
0
 40
0
 40
1
 40
1
 40
1
 40
1
 10
31.265484
 20
245.852766
 30
0.0
 10
31.226993
 20
245.876131
 30
0.0
 10
31.187965
 20
245.899852
 30
0.0
 10
31.148837
 20
245.923552
 30
0.0
  0
LINE
  5
8b6
100
AcDbEntity
  8
0
 62
7
100
AcDbLine
 10
31.148837
 20
245.923552
 30
0.0
 11
31.284965
 21
245.923552
 31
0.0
  0
LINE
  5
8b7
100
AcDbEntity
  8
0
 62
7
100
AcDbLine
 10
31.284965
 20
245.923552
 30
0.0
 11
31.284965
 21
245.923552
 31
0.0
  0
SPLINE
  5
8b8
100
AcDbEntity
  8
0
 62
7
100
AcDbSpline
 70
8
 71
3
 72
8
 73
4
 74
0
 40
0
 40
0
 40
0
 40
0
 40
1
 40
1
 40
1
 40
1
 10
31.199116
 20
245.478283
 30
0.0
 10
31.191828
 20
245.438880
 30
0.0
 10
31.184036
 20
245.399813
 30
0.0
 10
31.176244
 20
245.360431
 30
0.0
  0
SPLINE
  5
8b9
100
AcDbEntity
  8
0
 62
7
100
AcDbSpline
 70
8
 71
3
 72
8
 73
4
 74
0
 40
0
 40
0
 40
0
 40
0
 40
1
 40
1
 40
1
 40
1
 10
31.176244
 20
245.360431
 30
0.0
 10
31.158946
 20
245.384153
 30
0.0
 10
31.131035
 20
245.403990
 30
0.0
 10
31.097583
 20
245.416922
 30
0.0
  0
SPLINE
  5
8ba
100
AcDbEntity
  8
0
 62
7
100
AcDbSpline
 70
8
 71
3
 72
8
 73
4
 74
0
 40
0
 40
0
 40
0
 40
0
 40
1
 40
1
 40
1
 40
1
 10
31.097583
 20
245.416922
 30
0.0
 10
31.131035
 20
245.437137
 30
0.0
 10
31.165093
 20
245.457710
 30
0.0
 10
31.198512
 20
245.478283
 30
0.0
  0
LINE
  5
8bb
100
AcDbEntity
  8
0
 62
7
100
AcDbLine
 10
31.198512
 20
245.478283
 30
0.0
 11
31.199116
 21
245.478283
 31
0.0
  0
SPLINE
  5
8bc
100
AcDbEntity
  8
0
 62
7
100
AcDbSpline
 70
8
 71
3
 72
8
 73
4
 74
0
 40
0
 40
0
 40
0
 40
0
 40
1
 40
1
 40
1
 40
1
 10
28.985263
 20
245.794554
 30
0.0
 10
29.044980
 20
245.758258
 30
0.0
 10
29.105236
 20
245.721668
 30
0.0
 10
29.165491
 20
245.685394
 30
0.0
  0
SPLINE
  5
8bd
100
AcDbEntity
  8
0
 62
7
100
AcDbSpline
 70
8
 71
3
 72
8
 73
4
 74
0
 40
0
 40
0
 40
0
 40
0
 40
1
 40
1
 40
1
 40
1
 10
29.165491
 20
245.685394
 30
0.0
 10
29.105236
 20
245.649140
 30
0.0
 10
29.044980
 20
245.612907
 30
0.0
 10
28.985263
 20
245.576632
 30
0.0
  0
SPLINE
  5
8be
100
AcDbEntity
  8
0
 62
7
100
AcDbSpline
 70
8
 71
3
 72
8
 73
4
 74
0
 40
0
 40
0
 40
0
 40
0
 40
1
 40
1
 40
1
 40
1
 10
28.985263
 20
245.576632
 30
0.0
 10
28.925041
 20
245.612907
 30
0.0
 10
28.865324
 20
245.649497
 30
0.0
 10
28.805068
 20
245.685394
 30
0.0
  0
SPLINE
  5
8bf
100
AcDbEntity
  8
0
 62
7
100
AcDbSpline
 70
8
 71
3
 72
8
 73
4
 74
0
 40
0
 40
0
 40
0
 40
0
 40
1
 40
1
 40
1
 40
1
 10
28.805068
 20
245.685394
 30
0.0
 10
28.865324
 20
245.721689
 30
0.0
 10
28.925041
 20
245.758300
 30
0.0
 10
28.985263
 20
245.794554
 30
0.0
  0
LINE
  5
8c0
100
AcDbEntity
  8
0
 62
7
100
AcDbLine
 10
28.985263
 20
245.794554
 30
0.0
 11
28.985263
 21
245.794554
 31
0.0
  0
SPLINE
  5
8c1
100
AcDbEntity
  8
0
 62
7
100
AcDbSpline
 70
8
 71
3
 72
8
 73
4
 74
0
 40
0
 40
0
 40
0
 40
0
 40
1
 40
1
 40
1
 40
1
 10
28.813432
 20
244.179000
 30
0.0
 10
28.875366
 20
244.141340
 30
0.0
 10
28.937267
 20
244.104036
 30
0.0
 10
28.999806
 20
244.066376
 30
0.0
  0
SPLINE
  5
8c2
100
AcDbEntity
  8
0
 62
7
100
AcDbSpline
 70
8
 71
3
 72
8
 73
4
 74
0
 40
0
 40
0
 40
0
 40
0
 40
1
 40
1
 40
1
 40
1
 10
28.999806
 20
244.066376
 30
0.0
 10
28.924470
 20
244.032893
 30
0.0
 10
28.849706
 20
243.999788
 30
0.0
 10
28.773866
 20
243.966662
 30
0.0
  0
SPLINE
  5
8c3
100
AcDbEntity
  8
0
 62
7
100
AcDbSpline
 70
8
 71
3
 72
8
 73
4
 74
0
 40
0
 40
0
 40
0
 40
0
 40
1
 40
1
 40
1
 40
1
 10
28.773866
 20
243.966662
 30
0.0
 10
28.767686
 20
243.970482
 30
0.0
 10
28.761002
 20
243.974324
 30
0.0
 10
28.754285
 20
243.977788
 30
0.0
  0
SPLINE
  5
8c4
100
AcDbEntity
  8
0
 62
7
100
AcDbSpline
 70
8
 71
3
 72
8
 73
4
 74
0
 40
0
 40
0
 40
0
 40
0
 40
1
 40
1
 40
1
 40
1
 10
28.754285
 20
243.977788
 30
0.0
 10
28.763756
 20
244.008836
 30
0.0
 10
28.772691
 20
244.039862
 30
0.0
 10
28.781658
 20
244.071246
 30
0.0
  0
SPLINE
  5
8c5
100
AcDbEntity
  8
0
 62
7
100
AcDbSpline
 70
8
 71
3
 72
8
 73
4
 74
0
 40
0
 40
0
 40
0
 40
0
 40
1
 40
1
 40
1
 40
1
 10
28.781658
 20
244.071246
 30
0.0
 10
28.792171
 20
244.107059
 30
0.0
 10
28.802751
 20
244.143208
 30
0.0
 10
28.813432
 20
244.179000
 30
0.0
  0
LINE
  5
8c6
100
AcDbEntity
  8
0
 62
7
100
AcDbLine
 10
28.813432
 20
244.179000
 30
0.0
 11
28.813432
 21
244.179000
 31
0.0
  0
SPLINE
  5
8c7
100
AcDbEntity
  8
0
 62
7
100
AcDbSpline
 70
8
 71
3
 72
8
 73
4
 74
0
 40
0
 40
0
 40
0
 40
0
 40
1
 40
1
 40
1
 40
1
 10
30.620513
 20
242.685873
 30
0.0
 10
30.613829
 20
242.656904
 30
0.0
 10
30.607112
 20
242.627641
 30
0.0
 10
30.600428
 20
242.598671
 30
0.0
  0
LINE
  5
8c8
100
AcDbEntity
  8
0
 62
7
100
AcDbLine
 10
30.600428
 20
242.598671
 30
0.0
 11
30.320951
 21
242.598671
 31
0.0
  0
SPLINE
  5
8c9
100
AcDbEntity
  8
0
 62
7
100
AcDbSpline
 70
8
 71
3
 72
8
 73
4
 74
0
 40
0
 40
0
 40
0
 40
0
 40
1
 40
1
 40
1
 40
1
 10
30.320951
 20
242.598671
 30
0.0
 10
30.289715
 20
242.604948
 30
0.0
 10
30.255086
 20
242.606018
 30
0.0
 10
30.219383
 20
242.598671
 30
0.0
  0
LINE
  5
8ca
100
AcDbEntity
  8
0
 62
7
100
AcDbLine
 10
30.219383
 20
242.598671
 30
0.0
 11
28.341434
 21
242.598671
 31
0.0
  0
SPLINE
  5
8cb
100
AcDbEntity
  8
0
 62
7
100
AcDbSpline
 70
8
 71
3
 72
8
 73
4
 74
0
 40
0
 40
0
 40
0
 40
0
 40
1
 40
1
 40
1
 40
1
 10
28.341434
 20
242.598671
 30
0.0
 10
28.350905
 20
242.627620
 30
0.0
 10
28.359268
 20
242.656883
 30
0.0
 10
28.368236
 20
242.685873
 30
0.0
  0
LINE
  5
8cc
100
AcDbEntity
  8
0
 62
7
100
AcDbLine
 10
28.368236
 20
242.685873
 30
0.0
 11
30.620513
 21
242.685873
 31
0.0
  0
LINE
  5
8cd
100
AcDbEntity
  8
0
 62
7
100
AcDbLine
 10
30.620513
 20
242.685873
 30
0.0
 11
30.620513
 21
242.685873
 31
0.0
  0
SPLINE
  5
8ce
100
AcDbEntity
  8
0
 62
7
100
AcDbSpline
 70
8
 71
3
 72
8
 73
4
 74
0
 40
0
 40
0
 40
0
 40
0
 40
1
 40
1
 40
1
 40
1
 10
31.720756
 20
245.794554
 30
0.0
 10
31.781045
 20
245.758258
 30
0.0
 10
31.840729
 20
245.721668
 30
0.0
 10
31.900950
 20
245.685394
 30
0.0
  0
SPLINE
  5
8cf
100
AcDbEntity
  8
0
 62
7
100
AcDbSpline
 70
8
 71
3
 72
8
 73
4
 74
0
 40
0
 40
0
 40
0
 40
0
 40
1
 40
1
 40
1
 40
1
 10
31.900950
 20
245.685394
 30
0.0
 10
31.840729
 20
245.649140
 30
0.0
 10
31.781045
 20
245.612907
 30
0.0
 10
31.720756
 20
245.576632
 30
0.0
  0
SPLINE
  5
8d0
100
AcDbEntity
  8
0
 62
7
100
AcDbSpline
 70
8
 71
3
 72
8
 73
4
 74
0
 40
0
 40
0
 40
0
 40
0
 40
1
 40
1
 40
1
 40
1
 10
31.720756
 20
245.576632
 30
0.0
 10
31.686699
 20
245.597184
 30
0.0
 10
31.653280
 20
245.617777
 30
0.0
 10
31.619189
 20
245.638329
 30
0.0
  0
SPLINE
  5
8d1
100
AcDbEntity
  8
0
 62
7
100
AcDbSpline
 70
8
 71
3
 72
8
 73
4
 74
0
 40
0
 40
0
 40
0
 40
0
 40
1
 40
1
 40
1
 40
1
 10
31.619189
 20
245.638329
 30
0.0
 10
31.639240
 20
245.737518
 30
0.0
 10
31.607232
 20
245.726770
 30
0.0
 10
31.720756
 20
245.794554
 30
0.0
  0
LINE
  5
8d2
100
AcDbEntity
  8
0
 62
7
100
AcDbLine
 10
31.720756
 20
245.794554
 30
0.0
 11
31.720756
 21
245.794554
 31
0.0
  0
SPLINE
  5
8d3
100
AcDbEntity
  8
0
 62
7
100
AcDbSpline
 70
8
 71
3
 72
8
 73
4
 74
0
 40
0
 40
0
 40
0
 40
0
 40
1
 40
1
 40
1
 40
1
 10
29.596781
 20
244.038477
 30
0.0
 10
30.078251
 20
244.250815
 30
0.0
 10
30.560292
 20
244.462817
 30
0.0
 10
31.041728
 20
244.674882
 30
0.0
  0
SPLINE
  5
8d4
100
AcDbEntity
  8
0
 62
7
100
AcDbSpline
 70
8
 71
3
 72
8
 73
4
 74
0
 40
0
 40
0
 40
0
 40
0
 40
1
 40
1
 40
1
 40
1
 10
31.041728
 20
244.674882
 30
0.0
 10
30.952487
 20
244.227156
 30
0.0
 10
30.860459
 20
243.779389
 30
0.0
 10
30.763359
 20
243.332020
 30
0.0
  0
SPLINE
  5
8d5
100
AcDbEntity
  8
0
 62
7
100
AcDbSpline
 70
8
 71
3
 72
8
 73
4
 74
0
 40
0
 40
0
 40
0
 40
0
 40
1
 40
1
 40
1
 40
1
 10
30.763359
 20
243.332020
 30
0.0
 10
30.374488
 20
243.567386
 30
0.0
 10
29.985618
 20
243.802753
 30
0.0
 10
29.596781
 20
244.038141
 30
0.0
  0
LINE
  5
8d6
100
AcDbEntity
  8
0
 62
7
100
AcDbLine
 10
29.596781
 20
244.038141
 30
0.0
 11
29.596781
 21
244.038477
 31
0.0
  0
SPLINE
  5
8d7
100
AcDbEntity
  8
0
 62
7
100
AcDbSpline
 70
8
 71
3
 72
8
 73
4
 74
0
 40
0
 40
0
 40
0
 40
0
 40
1
 40
1
 40
1
 40
1
 10
28.268415
 20
242.362255
 30
0.0
 10
28.730371
 20
242.362255
 30
0.0
 10
29.191185
 20
242.362255
 30
0.0
 10
29.653275
 20
242.362087
 30
0.0
  0
SPLINE
  5
8d8
100
AcDbEntity
  8
0
 62
7
100
AcDbSpline
 70
8
 71
3
 72
8
 73
4
 74
0
 40
0
 40
0
 40
0
 40
0
 40
1
 40
1
 40
1
 40
1
 10
29.653275
 20
242.362087
 30
0.0
 10
29.119510
 20
242.133396
 30
0.0
 10
28.585712
 20
241.905082
 30
0.0
 10
28.051914
 20
241.676370
 30
0.0
  0
SPLINE
  5
8d9
100
AcDbEntity
  8
0
 62
7
100
AcDbSpline
 70
8
 71
3
 72
8
 73
4
 74
0
 40
0
 40
0
 40
0
 40
0
 40
1
 40
1
 40
1
 40
1
 10
28.051914
 20
241.676370
 30
0.0
 10
28.125032
 20
241.904788
 30
0.0
 10
28.197513
 20
242.133500
 30
0.0
 10
28.268415
 20
242.362255
 30
0.0
  0
LINE
  5
8da
100
AcDbEntity
  8
0
 62
7
100
AcDbLine
 10
28.268415
 20
242.362255
 30
0.0
 11
28.268415
 21
242.362255
 31
0.0
  0
SPLINE
  5
8db
100
AcDbEntity
  8
0
 62
7
100
AcDbSpline
 70
8
 71
3
 72
8
 73
4
 74
0
 40
0
 40
0
 40
0
 40
0
 40
1
 40
1
 40
1
 40
1
 10
27.063818
 20
242.922269
 30
0.0
 10
27.442074
 20
243.088592
 30
0.0
 10
27.819794
 20
243.255271
 30
0.0
 10
28.197513
 20
243.421594
 30
0.0
  0
SPLINE
  5
8dc
100
AcDbEntity
  8
0
 62
7
100
AcDbSpline
 70
8
 71
3
 72
8
 73
4
 74
0
 40
0
 40
0
 40
0
 40
0
 40
1
 40
1
 40
1
 40
1
 10
28.197513
 20
243.421594
 30
0.0
 10
28.147267
 20
243.254893
 30
0.0
 10
28.097626
 20
243.088592
 30
0.0
 10
28.046876
 20
242.922269
 30
0.0
  0
LINE
  5
8dd
100
AcDbEntity
  8
0
 62
7
100
AcDbLine
 10
28.046876
 20
242.922269
 30
0.0
 11
27.063818
 21
242.922269
 31
0.0
  0
LINE
  5
8de
100
AcDbEntity
  8
0
 62
7
100
AcDbLine
 10
27.063818
 20
242.922269
 30
0.0
 11
27.063818
 21
242.922269
 31
0.0
  0
LINE
  5
8df
100
AcDbEntity
  8
0
 62
7
100
AcDbLine
 10
30.327634
 20
242.362255
 30
0.0
 11
30.545748
 21
242.362255
 31
0.0
  0
SPLINE
  5
8e0
100
AcDbEntity
  8
0
 62
7
100
AcDbSpline
 70
8
 71
3
 72
8
 73
4
 74
0
 40
0
 40
0
 40
0
 40
0
 40
1
 40
1
 40
1
 40
1
 10
30.545748
 20
242.362255
 30
0.0
 10
30.539098
 20
242.334377
 30
0.0
 10
30.532952
 20
242.306457
 30
0.0
 10
30.525697
 20
242.278558
 30
0.0
  0
SPLINE
  5
8e1
100
AcDbEntity
  8
0
 62
7
100
AcDbSpline
 70
8
 71
3
 72
8
 73
4
 74
0
 40
0
 40
0
 40
0
 40
0
 40
1
 40
1
 40
1
 40
1
 10
30.525697
 20
242.278558
 30
0.0
 10
29.743489
 20
241.934765
 30
0.0
 10
28.961315
 20
241.590889
 30
0.0
 10
28.180250
 20
241.246740
 30
0.0
  0
SPLINE
  5
8e2
100
AcDbEntity
  8
0
 62
7
100
AcDbSpline
 70
8
 71
3
 72
8
 73
4
 74
0
 40
0
 40
0
 40
0
 40
0
 40
1
 40
1
 40
1
 40
1
 10
28.180250
 20
241.246740
 30
0.0
 10
28.115494
 20
241.284400
 30
0.0
 10
28.050805
 20
241.321703
 30
0.0
 10
27.986049
 20
241.359385
 30
0.0
  0
SPLINE
  5
8e3
100
AcDbEntity
  8
0
 62
7
100
AcDbSpline
 70
8
 71
3
 72
8
 73
4
 74
0
 40
0
 40
0
 40
0
 40
0
 40
1
 40
1
 40
1
 40
1
 10
27.986049
 20
241.359385
 30
0.0
 10
28.474774
 20
241.568616
 30
0.0
 10
28.963532
 20
241.778162
 30
0.0
 10
29.452256
 20
241.987393
 30
0.0
  0
SPLINE
  5
8e4
100
AcDbEntity
  8
0
 62
7
100
AcDbSpline
 70
8
 71
3
 72
8
 73
4
 74
0
 40
0
 40
0
 40
0
 40
0
 40
1
 40
1
 40
1
 40
1
 10
29.452256
 20
241.987393
 30
0.0
 10
29.744027
 20
242.112592
 30
0.0
 10
30.035831
 20
242.237413
 30
0.0
 10
30.327634
 20
242.362255
 30
0.0
  0
LINE
  5
8e5
100
AcDbEntity
  8
0
 62
7
100
AcDbLine
 10
30.327634
 20
242.362255
 30
0.0
 11
30.327634
 21
242.362255
 31
0.0
  0
SPLINE
  5
8e6
100
AcDbEntity
  8
0
 62
7
100
AcDbSpline
 70
8
 71
3
 72
8
 73
4
 74
0
 40
0
 40
0
 40
0
 40
0
 40
1
 40
1
 40
1
 40
1
 10
40.745549
 20
243.423022
 30
0.0
 10
41.124982
 20
243.255985
 30
0.0
 10
41.503809
 20
243.088949
 30
0.0
 10
41.882570
 20
242.922269
 30
0.0
  0
LINE
  5
8e7
100
AcDbEntity
  8
0
 62
7
100
AcDbLine
 10
41.882570
 20
242.922269
 30
0.0
 11
40.897329
 21
242.922269
 31
0.0
  0
SPLINE
  5
8e8
100
AcDbEntity
  8
0
 62
7
100
AcDbSpline
 70
8
 71
3
 72
8
 73
4
 74
0
 40
0
 40
0
 40
0
 40
0
 40
1
 40
1
 40
1
 40
1
 10
40.897329
 20
242.922269
 30
0.0
 10
40.845974
 20
243.089326
 30
0.0
 10
40.795728
 20
243.256321
 30
0.0
 10
40.745549
 20
243.423022
 30
0.0
  0
LINE
  5
8e9
100
AcDbEntity
  8
0
 62
7
100
AcDbLine
 10
40.745549
 20
243.423022
 30
0.0
 11
40.745549
 21
243.423022
 31
0.0
  0
LINE
  5
8ea
100
AcDbEntity
  8
0
 62
7
100
AcDbLine
 10
39.293315
 20
242.361898
 30
0.0
 11
40.674143
 21
242.361898
 31
0.0
  0
SPLINE
  5
8eb
100
AcDbEntity
  8
0
 62
7
100
AcDbSpline
 70
8
 71
3
 72
8
 73
4
 74
0
 40
0
 40
0
 40
0
 40
0
 40
1
 40
1
 40
1
 40
1
 10
40.674143
 20
242.361898
 30
0.0
 10
40.746154
 20
242.133479
 30
0.0
 10
40.818601
 20
241.905439
 30
0.0
 10
40.892828
 20
241.677357
 30
0.0
  0
LINE
  5
8ec
100
AcDbEntity
  8
0
 62
7
100
AcDbLine
 10
40.892828
 20
241.677357
 30
0.0
 11
40.892291
 21
241.677399
 31
0.0
  0
SPLINE
  5
8ed
100
AcDbEntity
  8
0
 62
7
100
AcDbSpline
 70
8
 71
3
 72
8
 73
4
 74
0
 40
0
 40
0
 40
0
 40
0
 40
1
 40
1
 40
1
 40
1
 10
40.892291
 20
241.677399
 30
0.0
 10
40.492270
 20
241.848613
 30
0.0
 10
40.091678
 20
242.020184
 30
0.0
 10
39.691656
 20
242.191041
 30
0.0
  0
SPLINE
  5
8ee
100
AcDbEntity
  8
0
 62
7
100
AcDbSpline
 70
8
 71
3
 72
8
 73
4
 74
0
 40
0
 40
0
 40
0
 40
0
 40
1
 40
1
 40
1
 40
1
 10
39.691656
 20
242.191041
 30
0.0
 10
39.558820
 20
242.247846
 30
0.0
 10
39.426084
 20
242.305050
 30
0.0
 10
39.293315
 20
242.361898
 30
0.0
  0
LINE
  5
8ef
100
AcDbEntity
  8
0
 62
7
100
AcDbLine
 10
39.293315
 20
242.361898
 30
0.0
 11
39.293315
 21
242.361898
 31
0.0
  0
SPLINE
  5
8f0
100
AcDbEntity
  8
0
 62
7
100
AcDbSpline
 70
8
 71
3
 72
8
 73
4
 74
0
 40
0
 40
0
 40
0
 40
0
 40
1
 40
1
 40
1
 40
1
 10
38.619895
 20
242.362255
 30
0.0
 10
39.392564
 20
242.031309
 30
0.0
 10
40.165838
 20
241.700427
 30
0.0
 10
40.939682
 20
241.369146
 30
0.0
  0
SPLINE
  5
8f1
100
AcDbEntity
  8
0
 62
7
100
AcDbSpline
 70
8
 71
3
 72
8
 73
4
 74
0
 40
0
 40
0
 40
0
 40
0
 40
1
 40
1
 40
1
 40
1
 10
40.939682
 20
241.369146
 30
0.0
 10
40.867705
 20
241.326951
 30
0.0
 10
40.795191
 20
241.284736
 30
0.0
 10
40.723214
 20
241.242205
 30
0.0
  0
LINE
  5
8f2
100
AcDbEntity
  8
0
 62
7
100
AcDbLine
 10
40.723214
 20
241.242205
 30
0.0
 11
40.722643
 21
241.242205
 31
0.0
  0
SPLINE
  5
8f3
100
AcDbEntity
  8
0
 62
7
100
AcDbSpline
 70
8
 71
3
 72
8
 73
4
 74
0
 40
0
 40
0
 40
0
 40
0
 40
1
 40
1
 40
1
 40
1
 10
40.722643
 20
241.242205
 30
0.0
 10
40.204362
 20
241.466089
 30
0.0
 10
39.686618
 20
241.689931
 30
0.0
 10
39.168875
 20
241.913815
 30
0.0
  0
SPLINE
  5
8f4
100
AcDbEntity
  8
0
 62
7
100
AcDbSpline
 70
8
 71
3
 72
8
 73
4
 74
0
 40
0
 40
0
 40
0
 40
0
 40
1
 40
1
 40
1
 40
1
 10
39.168875
 20
241.913815
 30
0.0
 10
38.926746
 20
242.018420
 30
0.0
 10
38.685726
 20
242.122710
 30
0.0
 10
38.443563
 20
242.226959
 30
0.0
  0
SPLINE
  5
8f5
100
AcDbEntity
  8
0
 62
7
100
AcDbSpline
 70
8
 71
3
 72
8
 73
4
 74
0
 40
0
 40
0
 40
0
 40
0
 40
1
 40
1
 40
1
 40
1
 10
38.443563
 20
242.226959
 30
0.0
 10
38.432950
 20
242.272302
 30
0.0
 10
38.422907
 20
242.317247
 30
0.0
 10
38.412294
 20
242.362255
 30
0.0
  0
LINE
  5
8f6
100
AcDbEntity
  8
0
 62
7
100
AcDbLine
 10
38.412294
 20
242.362255
 30
0.0
 11
38.619895
 21
242.362255
 31
0.0
  0
LINE
  5
8f7
100
AcDbEntity
  8
0
 62
7
100
AcDbLine
 10
38.619895
 20
242.362255
 30
0.0
 11
38.619895
 21
242.362255
 31
0.0
  0
SPLINE
  5
8f8
100
AcDbEntity
  8
0
 62
7
100
AcDbSpline
 70
8
 71
3
 72
8
 73
4
 74
0
 40
0
 40
0
 40
0
 40
0
 40
1
 40
1
 40
1
 40
1
 10
40.573181
 20
242.685517
 30
0.0
 10
40.582081
 20
242.656568
 30
0.0
 10
40.591015
 20
242.627305
 30
0.0
 10
40.600554
 20
242.598314
 30
0.0
  0
LINE
  5
8f9
100
AcDbEntity
  8
0
 62
7
100
AcDbLine
 10
40.600554
 20
242.598314
 30
0.0
 11
38.727676
 21
242.598314
 31
0.0
  0
LINE
  5
8fa
100
AcDbEntity
  8
0
 62
7
100
AcDbLine
 10
38.727676
 20
242.598314
 30
0.0
 11
38.727038
 21
242.598314
 31
0.0
  0
SPLINE
  5
8fb
100
AcDbEntity
  8
0
 62
7
100
AcDbSpline
 70
8
 71
3
 72
8
 73
4
 74
0
 40
0
 40
0
 40
0
 40
0
 40
1
 40
1
 40
1
 40
1
 10
38.727038
 20
242.598314
 30
0.0
 10
38.691301
 20
242.605641
 30
0.0
 10
38.656740
 20
242.604570
 30
0.0
 10
38.626075
 20
242.598314
 30
0.0
  0
LINE
  5
8fc
100
AcDbEntity
  8
0
 62
7
100
AcDbLine
 10
38.626075
 20
242.598314
 30
0.0
 11
38.582580
 21
242.598314
 31
0.0
  0
SPLINE
  5
8fd
100
AcDbEntity
  8
0
 62
7
100
AcDbSpline
 70
8
 71
3
 72
8
 73
4
 74
0
 40
0
 40
0
 40
0
 40
0
 40
1
 40
1
 40
1
 40
1
 10
38.582580
 20
242.598314
 30
0.0
 10
38.631080
 20
242.627242
 30
0.0
 10
38.679076
 20
242.656547
 30
0.0
 10
38.727038
 20
242.685517
 30
0.0
  0
LINE
  5
8fe
100
AcDbEntity
  8
0
 62
7
100
AcDbLine
 10
38.727038
 20
242.685517
 30
0.0
 11
40.573181
 21
242.685517
 31
0.0
  0
LINE
  5
8ff
100
AcDbEntity
  8
0
 62
7
100
AcDbLine
 10
40.573181
 20
242.685517
 30
0.0
 11
40.573181
 21
242.685517
 31
0.0
  0
SPLINE
  5
900
100
AcDbEntity
  8
0
 62
7
100
AcDbSpline
 70
8
 71
3
 72
8
 73
4
 74
0
 40
0
 40
0
 40
0
 40
0
 40
1
 40
1
 40
1
 40
1
 10
40.281377
 20
243.626984
 30
0.0
 10
40.283056
 20
243.626291
 30
0.0
 10
40.285307
 20
243.625619
 30
0.0
 10
40.286449
 20
243.624549
 30
0.0
  0
SPLINE
  5
901
100
AcDbEntity
  8
0
 62
7
100
AcDbSpline
 70
8
 71
3
 72
8
 73
4
 74
0
 40
0
 40
0
 40
0
 40
0
 40
1
 40
1
 40
1
 40
1
 10
40.286449
 20
243.624549
 30
0.0
 10
40.356679
 20
243.390211
 30
0.0
 10
40.427044
 20
243.155872
 30
0.0
 10
40.498987
 20
242.921870
 30
0.0
  0
SPLINE
  5
902
100
AcDbEntity
  8
0
 62
7
100
AcDbSpline
 70
8
 71
3
 72
8
 73
4
 74
0
 40
0
 40
0
 40
0
 40
0
 40
1
 40
1
 40
1
 40
1
 10
40.498987
 20
242.921870
 30
0.0
 10
40.038375
 20
242.921870
 30
0.0
 10
39.577662
 20
242.921870
 30
0.0
 10
39.117016
 20
242.921933
 30
0.0
  0
SPLINE
  5
903
100
AcDbEntity
  8
0
 62
7
100
AcDbSpline
 70
8
 71
3
 72
8
 73
4
 74
0
 40
0
 40
0
 40
0
 40
0
 40
1
 40
1
 40
1
 40
1
 10
39.117016
 20
242.921933
 30
0.0
 10
39.505349
 20
243.156943
 30
0.0
 10
39.893044
 20
243.391974
 30
0.0
 10
40.281377
 20
243.626984
 30
0.0
  0
LINE
  5
904
100
AcDbEntity
  8
0
 62
7
100
AcDbLine
 10
40.281377
 20
243.626984
 30
0.0
 11
40.281377
 21
243.626984
 31
0.0
  0
LINE
  5
905
100
AcDbEntity
  8
0
 62
7
100
AcDbLine
 10
40.299749
 20
245.922860
 30
0.0
 11
40.532977
 21
245.922860
 31
0.0
  0
SPLINE
  5
906
100
AcDbEntity
  8
0
 62
7
100
AcDbSpline
 70
8
 71
3
 72
8
 73
4
 74
0
 40
0
 40
0
 40
0
 40
0
 40
1
 40
1
 40
1
 40
1
 10
40.532977
 20
245.922860
 30
0.0
 10
40.493949
 20
245.899138
 30
0.0
 10
40.455458
 20
245.875774
 30
0.0
 10
40.416329
 20
245.852073
 30
0.0
  0
SPLINE
  5
907
100
AcDbEntity
  8
0
 62
7
100
AcDbSpline
 70
8
 71
3
 72
8
 73
4
 74
0
 40
0
 40
0
 40
0
 40
0
 40
1
 40
1
 40
1
 40
1
 10
40.416329
 20
245.852073
 30
0.0
 10
40.377301
 20
245.875438
 30
0.0
 10
40.338811
 20
245.899138
 30
0.0
 10
40.299749
 20
245.922860
 30
0.0
  0
LINE
  5
908
100
AcDbEntity
  8
0
 62
7
100
AcDbLine
 10
40.299749
 20
245.922860
 30
0.0
 11
40.299749
 21
245.922860
 31
0.0
  0
SPLINE
  5
909
100
AcDbEntity
  8
0
 62
7
100
AcDbSpline
 70
8
 71
3
 72
8
 73
4
 74
0
 40
0
 40
0
 40
0
 40
0
 40
1
 40
1
 40
1
 40
1
 10
37.303755
 20
245.746083
 30
0.0
 10
37.310472
 20
245.709451
 30
0.0
 10
37.317727
 20
245.673197
 30
0.0
 10
37.324411
 20
245.636943
 30
0.0
  0
SPLINE
  5
90a
100
AcDbEntity
  8
0
 62
7
100
AcDbSpline
 70
8
 71
3
 72
8
 73
4
 74
0
 40
0
 40
0
 40
0
 40
0
 40
1
 40
1
 40
1
 40
1
 10
37.324411
 20
245.636943
 30
0.0
 10
37.290992
 20
245.616727
 30
0.0
 10
37.257472
 20
245.596491
 30
0.0
 10
37.224019
 20
245.576275
 30
0.0
  0
SPLINE
  5
90b
100
AcDbEntity
  8
0
 62
7
100
AcDbSpline
 70
8
 71
3
 72
8
 73
4
 74
0
 40
0
 40
0
 40
0
 40
0
 40
1
 40
1
 40
1
 40
1
 10
37.224019
 20
245.576275
 30
0.0
 10
37.163764
 20
245.612550
 30
0.0
 10
37.104080
 20
245.649161
 30
0.0
 10
37.043825
 20
245.685058
 30
0.0
  0
SPLINE
  5
90c
100
AcDbEntity
  8
0
 62
7
100
AcDbSpline
 70
8
 71
3
 72
8
 73
4
 74
0
 40
0
 40
0
 40
0
 40
0
 40
1
 40
1
 40
1
 40
1
 10
37.043825
 20
245.685058
 30
0.0
 10
37.104080
 20
245.721354
 30
0.0
 10
37.163764
 20
245.757964
 30
0.0
 10
37.224019
 20
245.794197
 30
0.0
  0
SPLINE
  5
90d
100
AcDbEntity
  8
0
 62
7
100
AcDbSpline
 70
8
 71
3
 72
8
 73
4
 74
0
 40
0
 40
0
 40
0
 40
0
 40
1
 40
1
 40
1
 40
1
 10
37.224019
 20
245.794197
 30
0.0
 10
37.250822
 20
245.778180
 30
0.0
 10
37.277053
 20
245.762100
 30
0.0
 10
37.303755
 20
245.746083
 30
0.0
  0
LINE
  5
90e
100
AcDbEntity
  8
0
 62
7
100
AcDbLine
 10
37.303755
 20
245.746083
 30
0.0
 11
37.303755
 21
245.746083
 31
0.0
  0
LINE
  5
90f
100
AcDbEntity
  8
0
 62
7
100
AcDbLine
 10
34.827755
 20
245.922860
 30
0.0
 11
35.060412
 21
245.922860
 31
0.0
  0
SPLINE
  5
910
100
AcDbEntity
  8
0
 62
7
100
AcDbSpline
 70
8
 71
3
 72
8
 73
4
 74
0
 40
0
 40
0
 40
0
 40
0
 40
1
 40
1
 40
1
 40
1
 10
35.060412
 20
245.922860
 30
0.0
 10
35.021888
 20
245.899138
 30
0.0
 10
34.982860
 20
245.875774
 30
0.0
 10
34.944369
 20
245.852073
 30
0.0
  0
SPLINE
  5
911
100
AcDbEntity
  8
0
 62
7
100
AcDbSpline
 70
8
 71
3
 72
8
 73
4
 74
0
 40
0
 40
0
 40
0
 40
0
 40
1
 40
1
 40
1
 40
1
 10
34.944369
 20
245.852073
 30
0.0
 10
34.905341
 20
245.875438
 30
0.0
 10
34.866279
 20
245.899138
 30
0.0
 10
34.827755
 20
245.922860
 30
0.0
  0
LINE
  5
912
100
AcDbEntity
  8
0
 62
7
100
AcDbLine
 10
34.827755
 20
245.922860
 30
0.0
 11
34.827755
 21
245.922860
 31
0.0
  0
SPLINE
  5
913
100
AcDbEntity
  8
0
 62
7
100
AcDbSpline
 70
8
 71
3
 72
8
 73
4
 74
0
 40
0
 40
0
 40
0
 40
0
 40
1
 40
1
 40
1
 40
1
 10
34.943832
 20
245.518000
 30
0.0
 10
35.003516
 20
245.481746
 30
0.0
 10
35.063771
 20
245.445115
 30
0.0
 10
35.123489
 20
245.408882
 30
0.0
  0
SPLINE
  5
914
100
AcDbEntity
  8
0
 62
7
100
AcDbSpline
 70
8
 71
3
 72
8
 73
4
 74
0
 40
0
 40
0
 40
0
 40
0
 40
1
 40
1
 40
1
 40
1
 10
35.123489
 20
245.408882
 30
0.0
 10
35.085535
 20
245.385874
 30
0.0
 10
35.047615
 20
245.362845
 30
0.0
 10
35.009662
 20
245.339817
 30
0.0
  0
LINE
  5
915
100
AcDbEntity
  8
0
 62
7
100
AcDbLine
 10
35.009662
 20
245.339817
 30
0.0
 11
34.846732
 21
245.339817
 31
0.0
  0
SPLINE
  5
916
100
AcDbEntity
  8
0
 62
7
100
AcDbSpline
 70
8
 71
3
 72
8
 73
4
 74
0
 40
0
 40
0
 40
0
 40
0
 40
1
 40
1
 40
1
 40
1
 10
34.846732
 20
245.339817
 30
0.0
 10
34.813850
 20
245.359696
 30
0.0
 10
34.780901
 20
245.379954
 30
0.0
 10
34.747986
 20
245.399813
 30
0.0
  0
SPLINE
  5
917
100
AcDbEntity
  8
0
 62
7
100
AcDbSpline
 70
8
 71
3
 72
8
 73
4
 74
0
 40
0
 40
0
 40
0
 40
0
 40
1
 40
1
 40
1
 40
1
 10
34.747986
 20
245.399813
 30
0.0
 10
34.813313
 20
245.439216
 30
0.0
 10
34.877968
 20
245.478639
 30
0.0
 10
34.943832
 20
245.518000
 30
0.0
  0
LINE
  5
918
100
AcDbEntity
  8
0
 62
7
100
AcDbLine
 10
34.943832
 20
245.518000
 30
0.0
 11
34.943832
 21
245.518000
 31
0.0
  0
SPLINE
  5
919
100
AcDbEntity
  8
0
 62
7
100
AcDbSpline
 70
8
 71
3
 72
8
 73
4
 74
0
 40
0
 40
0
 40
0
 40
0
 40
1
 40
1
 40
1
 40
1
 10
34.472371
 20
245.803602
 30
0.0
 10
34.537664
 20
245.763884
 30
0.0
 10
34.602924
 20
245.724796
 30
0.0
 10
34.667612
 20
245.685058
 30
0.0
  0
SPLINE
  5
91a
100
AcDbEntity
  8
0
 62
7
100
AcDbSpline
 70
8
 71
3
 72
8
 73
4
 74
0
 40
0
 40
0
 40
0
 40
0
 40
1
 40
1
 40
1
 40
1
 10
34.667612
 20
245.685058
 30
0.0
 10
34.602924
 20
245.645676
 30
0.0
 10
34.537093
 20
245.606252
 30
0.0
 10
34.472371
 20
245.566849
 30
0.0
  0
SPLINE
  5
91b
100
AcDbEntity
  8
0
 62
7
100
AcDbSpline
 70
8
 71
3
 72
8
 73
4
 74
0
 40
0
 40
0
 40
0
 40
0
 40
1
 40
1
 40
1
 40
1
 10
34.472371
 20
245.566849
 30
0.0
 10
34.407649
 20
245.606609
 30
0.0
 10
34.341818
 20
245.646033
 30
0.0
 10
34.277096
 20
245.685058
 30
0.0
  0
SPLINE
  5
91c
100
AcDbEntity
  8
0
 62
7
100
AcDbSpline
 70
8
 71
3
 72
8
 73
4
 74
0
 40
0
 40
0
 40
0
 40
0
 40
1
 40
1
 40
1
 40
1
 10
34.277096
 20
245.685058
 30
0.0
 10
34.341818
 20
245.724796
 30
0.0
 10
34.407649
 20
245.763884
 30
0.0
 10
34.472371
 20
245.803602
 30
0.0
  0
LINE
  5
91d
100
AcDbEntity
  8
0
 62
7
100
AcDbLine
 10
34.472371
 20
245.803602
 30
0.0
 11
34.472371
 21
245.803602
 31
0.0
  0
SPLINE
  5
91e
100
AcDbEntity
  8
0
 62
7
100
AcDbSpline
 70
8
 71
3
 72
8
 73
4
 74
0
 40
0
 40
0
 40
0
 40
0
 40
1
 40
1
 40
1
 40
1
 10
27.616189
 20
245.517664
 30
0.0
 10
27.676411
 20
245.481410
 30
0.0
 10
27.736129
 20
245.444779
 30
0.0
 10
27.796384
 20
245.408546
 30
0.0
  0
SPLINE
  5
91f
100
AcDbEntity
  8
0
 62
7
100
AcDbSpline
 70
8
 71
3
 72
8
 73
4
 74
0
 40
0
 40
0
 40
0
 40
0
 40
1
 40
1
 40
1
 40
1
 10
27.796384
 20
245.408546
 30
0.0
 10
27.758430
 20
245.385517
 30
0.0
 10
27.720544
 20
245.362488
 30
0.0
 10
27.682591
 20
245.339481
 30
0.0
  0
LINE
  5
920
100
AcDbEntity
  8
0
 62
7
100
AcDbLine
 10
27.682591
 20
245.339481
 30
0.0
 11
27.381887
 21
245.339481
 31
0.0
  0
SPLINE
  5
921
100
AcDbEntity
  8
0
 62
7
100
AcDbSpline
 70
8
 71
3
 72
8
 73
4
 74
0
 40
0
 40
0
 40
0
 40
0
 40
1
 40
1
 40
1
 40
1
 10
27.381887
 20
245.339481
 30
0.0
 10
27.376278
 20
245.339817
 30
0.0
 10
27.369560
 20
245.339817
 30
0.0
 10
27.364018
 20
245.339481
 30
0.0
  0
LINE
  5
922
100
AcDbEntity
  8
0
 62
7
100
AcDbLine
 10
27.364018
 20
245.339481
 30
0.0
 11
27.321598
 21
245.339481
 31
0.0
  0
SPLINE
  5
923
100
AcDbEntity
  8
0
 62
7
100
AcDbSpline
 70
8
 71
3
 72
8
 73
4
 74
0
 40
0
 40
0
 40
0
 40
0
 40
1
 40
1
 40
1
 40
1
 10
27.321598
 20
245.339481
 30
0.0
 10
27.419773
 20
245.398784
 30
0.0
 10
27.518015
 20
245.458361
 30
0.0
 10
27.615652
 20
245.517664
 30
0.0
  0
LINE
  5
924
100
AcDbEntity
  8
0
 62
7
100
AcDbLine
 10
27.615652
 20
245.517664
 30
0.0
 11
27.616189
 21
245.517664
 31
0.0
  0
SPLINE
  5
925
100
AcDbEntity
  8
0
 62
7
100
AcDbSpline
 70
8
 71
3
 72
8
 73
4
 74
0
 40
0
 40
0
 40
0
 40
0
 40
1
 40
1
 40
1
 40
1
 10
35.670218
 20
257.577252
 30
0.0
 10
35.670822
 20
256.708293
 30
0.0
 10
35.670822
 20
255.839312
 30
0.0
 10
35.671360
 20
254.971046
 30
0.0
  0
LINE
  5
926
100
AcDbEntity
  8
0
 62
7
100
AcDbLine
 10
35.671360
 20
254.971046
 30
0.0
 11
35.670822
 21
254.970710
 31
0.0
  0
LINE
  5
927
100
AcDbEntity
  8
0
 62
7
100
AcDbLine
 10
35.670822
 20
254.970710
 30
0.0
 11
35.338277
 21
254.970710
 31
0.0
  0
SPLINE
  5
928
100
AcDbEntity
  8
0
 62
7
100
AcDbSpline
 70
8
 71
3
 72
8
 73
4
 74
0
 40
0
 40
0
 40
0
 40
0
 40
1
 40
1
 40
1
 40
1
 10
35.338277
 20
254.970710
 30
0.0
 10
35.186565
 20
255.838620
 30
0.0
 10
35.062662
 20
256.708965
 30
0.0
 10
34.963917
 20
257.580401
 30
0.0
  0
LINE
  5
929
100
AcDbEntity
  8
0
 62
7
100
AcDbLine
 10
34.963917
 20
257.580401
 30
0.0
 11
35.665751
 21
257.580401
 31
0.0
  0
SPLINE
  5
92a
100
AcDbEntity
  8
0
 62
7
100
AcDbSpline
 70
8
 71
3
 72
8
 73
4
 74
0
 40
0
 40
0
 40
0
 40
0
 40
1
 40
1
 40
1
 40
1
 10
35.665751
 20
257.580401
 30
0.0
 10
35.667430
 20
257.579352
 30
0.0
 10
35.668505
 20
257.577945
 30
0.0
 10
35.670218
 20
257.577252
 30
0.0
  0
LINE
  5
92b
100
AcDbEntity
  8
0
 62
7
100
AcDbLine
 10
35.670218
 20
257.577252
 30
0.0
 11
35.670218
 21
257.577252
 31
0.0
  0
LINE
  5
92c
100
AcDbEntity
  8
0
 62
7
100
AcDbLine
 10
28.052417
 20
247.843538
 30
0.0
 11
29.332855
 21
247.843538
 31
0.0
  0
SPLINE
  5
92d
100
AcDbEntity
  8
0
 62
7
100
AcDbSpline
 70
8
 71
3
 72
8
 73
4
 74
0
 40
0
 40
0
 40
0
 40
0
 40
1
 40
1
 40
1
 40
1
 10
29.332855
 20
247.843538
 30
0.0
 10
29.301048
 20
247.820195
 30
0.0
 10
29.268670
 20
247.797166
 30
0.0
 10
29.236628
 20
247.773969
 30
0.0
  0
SPLINE
  5
92e
100
AcDbEntity
  8
0
 62
7
100
AcDbSpline
 70
8
 71
3
 72
8
 73
4
 74
0
 40
0
 40
0
 40
0
 40
0
 40
1
 40
1
 40
1
 40
1
 10
29.236628
 20
247.773969
 30
0.0
 10
28.999638
 20
247.604561
 30
0.0
 10
28.763185
 20
247.434480
 30
0.0
 10
28.526699
 20
247.265051
 30
0.0
  0
SPLINE
  5
92f
100
AcDbEntity
  8
0
 62
7
100
AcDbSpline
 70
8
 71
3
 72
8
 73
4
 74
0
 40
0
 40
0
 40
0
 40
0
 40
1
 40
1
 40
1
 40
1
 10
28.526699
 20
247.265051
 30
0.0
 10
28.387750
 20
247.434522
 30
0.0
 10
28.248297
 20
247.604666
 30
0.0
 10
28.109314
 20
247.774137
 30
0.0
  0
SPLINE
  5
930
100
AcDbEntity
  8
0
 62
7
100
AcDbSpline
 70
8
 71
3
 72
8
 73
4
 74
0
 40
0
 40
0
 40
0
 40
0
 40
1
 40
1
 40
1
 40
1
 10
28.109314
 20
247.774137
 30
0.0
 10
28.090337
 20
247.797523
 30
0.0
 10
28.071428
 20
247.820531
 30
0.0
 10
28.052417
 20
247.843538
 30
0.0
  0
LINE
  5
931
100
AcDbEntity
  8
0
 62
7
100
AcDbLine
 10
28.052417
 20
247.843538
 30
0.0
 11
28.052417
 21
247.843538
 31
0.0
  0
LINE
  5
932
100
AcDbEntity
  8
0
 62
7
100
AcDbLine
 10
27.500717
 20
245.922503
 30
0.0
 11
27.733341
 21
245.922503
 31
0.0
  0
SPLINE
  5
933
100
AcDbEntity
  8
0
 62
7
100
AcDbSpline
 70
8
 71
3
 72
8
 73
4
 74
0
 40
0
 40
0
 40
0
 40
0
 40
1
 40
1
 40
1
 40
1
 10
27.733341
 20
245.922503
 30
0.0
 10
27.694884
 20
245.898802
 30
0.0
 10
27.655822
 20
245.875438
 30
0.0
 10
27.616727
 20
245.851716
 30
0.0
  0
SPLINE
  5
934
100
AcDbEntity
  8
0
 62
7
100
AcDbSpline
 70
8
 71
3
 72
8
 73
4
 74
0
 40
0
 40
0
 40
0
 40
0
 40
1
 40
1
 40
1
 40
1
 10
27.616727
 20
245.851716
 30
0.0
 10
27.578236
 20
245.875102
 30
0.0
 10
27.539208
 20
245.898802
 30
0.0
 10
27.500717
 20
245.922503
 30
0.0
  0
LINE
  5
935
100
AcDbEntity
  8
0
 62
7
100
AcDbLine
 10
27.500717
 20
245.922503
 30
0.0
 11
27.500717
 21
245.922503
 31
0.0
  0
SPLINE
  5
936
100
AcDbEntity
  8
0
 62
7
100
AcDbSpline
 70
8
 71
3
 72
8
 73
4
 74
0
 40
0
 40
0
 40
0
 40
0
 40
1
 40
1
 40
1
 40
1
 10
33.523337
 20
254.658973
 30
0.0
 10
33.448538
 20
254.231463
 30
0.0
 10
33.365982
 20
253.804645
 30
0.0
 10
33.272845
 20
253.378520
 30
0.0
  0
SPLINE
  5
937
100
AcDbEntity
  8
0
 62
7
100
AcDbSpline
 70
8
 71
3
 72
8
 73
4
 74
0
 40
0
 40
0
 40
0
 40
0
 40
1
 40
1
 40
1
 40
1
 10
33.272845
 20
253.378520
 30
0.0
 10
33.272845
 20
253.830445
 30
0.0
 10
33.273382
 20
254.282726
 30
0.0
 10
33.273382
 20
254.734629
 30
0.0
  0
LINE
  5
938
100
AcDbEntity
  8
0
 62
7
100
AcDbLine
 10
33.273382
 20
254.734629
 30
0.0
 11
33.512757
 21
254.734629
 31
0.0
  0
SPLINE
  5
939
100
AcDbEntity
  8
0
 62
7
100
AcDbSpline
 70
8
 71
3
 72
8
 73
4
 74
0
 40
0
 40
0
 40
0
 40
0
 40
1
 40
1
 40
1
 40
1
 10
33.512757
 20
254.734629
 30
0.0
 10
33.511648
 20
254.726946
 30
0.0
 10
33.511648
 20
254.718612
 30
0.0
 10
33.513865
 20
254.709879
 30
0.0
  0
SPLINE
  5
93a
100
AcDbEntity
  8
0
 62
7
100
AcDbSpline
 70
8
 71
3
 72
8
 73
4
 74
0
 40
0
 40
0
 40
0
 40
0
 40
1
 40
1
 40
1
 40
1
 10
33.513865
 20
254.709879
 30
0.0
 10
33.516619
 20
254.693127
 30
0.0
 10
33.520012
 20
254.676082
 30
0.0
 10
33.523337
 20
254.658973
 30
0.0
  0
LINE
  5
93b
100
AcDbEntity
  8
0
 62
7
100
AcDbLine
 10
33.523337
 20
254.658973
 30
0.0
 11
33.523337
 21
254.658973
 31
0.0
  0
SPLINE
  5
93c
100
AcDbEntity
  8
0
 62
7
100
AcDbSpline
 70
8
 71
3
 72
8
 73
4
 74
0
 40
0
 40
0
 40
0
 40
0
 40
1
 40
1
 40
1
 40
1
 10
32.882329
 20
254.586402
 30
0.0
 10
32.882329
 20
253.913428
 30
0.0
 10
32.881724
 20
253.240432
 30
0.0
 10
32.881724
 20
252.567416
 30
0.0
  0
LINE
  5
93d
100
AcDbEntity
  8
0
 62
7
100
AcDbLine
 10
32.881724
 20
252.567416
 30
0.0
 11
32.881724
 21
252.231265
 31
0.0
  0
SPLINE
  5
93e
100
AcDbEntity
  8
0
 62
7
100
AcDbSpline
 70
8
 71
3
 72
8
 73
4
 74
0
 40
0
 40
0
 40
0
 40
0
 40
1
 40
1
 40
1
 40
1
 10
32.881724
 20
252.231265
 30
0.0
 10
32.355651
 20
252.656340
 30
0.0
 10
31.830619
 20
253.081751
 30
0.0
 10
31.305083
 20
253.506490
 30
0.0
  0
LINE
  5
93f
100
AcDbEntity
  8
0
 62
7
100
AcDbLine
 10
31.305083
 20
253.506490
 30
0.0
 11
31.305621
 21
253.506826
 31
0.0
  0
SPLINE
  5
940
100
AcDbEntity
  8
0
 62
7
100
AcDbSpline
 70
8
 71
3
 72
8
 73
4
 74
0
 40
0
 40
0
 40
0
 40
0
 40
1
 40
1
 40
1
 40
1
 10
31.305621
 20
253.506826
 30
0.0
 10
31.760389
 20
253.818206
 30
0.0
 10
32.215022
 20
254.129293
 30
0.0
 10
32.669757
 20
254.440673
 30
0.0
  0
SPLINE
  5
941
100
AcDbEntity
  8
0
 62
7
100
AcDbSpline
 70
8
 71
3
 72
8
 73
4
 74
0
 40
0
 40
0
 40
0
 40
0
 40
1
 40
1
 40
1
 40
1
 10
32.669757
 20
254.440673
 30
0.0
 10
32.740592
 20
254.489123
 30
0.0
 10
32.812031
 20
254.537616
 30
0.0
 10
32.882329
 20
254.586402
 30
0.0
  0
LINE
  5
942
100
AcDbEntity
  8
0
 62
7
100
AcDbLine
 10
32.882329
 20
254.586402
 30
0.0
 11
32.882329
 21
254.586402
 31
0.0
  0
SPLINE
  5
943
100
AcDbEntity
  8
0
 62
7
100
AcDbSpline
 70
8
 71
3
 72
8
 73
4
 74
0
 40
0
 40
0
 40
0
 40
0
 40
1
 40
1
 40
1
 40
1
 10
31.043474
 20
253.327257
 30
0.0
 10
31.544491
 20
252.922083
 30
0.0
 10
32.045475
 20
252.516866
 30
0.0
 10
32.546459
 20
252.111335
 30
0.0
  0
LINE
  5
944
100
AcDbEntity
  8
0
 62
7
100
AcDbLine
 10
32.546459
 20
252.111335
 30
0.0
 11
29.266487
 21
252.111335
 31
0.0
  0
SPLINE
  5
945
100
AcDbEntity
  8
0
 62
7
100
AcDbSpline
 70
8
 71
3
 72
8
 73
4
 74
0
 40
0
 40
0
 40
0
 40
0
 40
1
 40
1
 40
1
 40
1
 10
29.266487
 20
252.111335
 30
0.0
 10
29.859029
 20
252.516866
 30
0.0
 10
30.451503
 20
252.922083
 30
0.0
 10
31.043474
 20
253.327257
 30
0.0
  0
LINE
  5
946
100
AcDbEntity
  8
0
 62
7
100
AcDbLine
 10
31.043474
 20
253.327257
 30
0.0
 11
31.043474
 21
253.327257
 31
0.0
  0
LINE
  5
947
100
AcDbEntity
  8
0
 62
7
100
AcDbLine
 10
28.983617
 20
251.875276
 30
0.0
 11
32.308797
 21
251.875276
 31
0.0
  0
SPLINE
  5
948
100
AcDbEntity
  8
0
 62
7
100
AcDbSpline
 70
8
 71
3
 72
8
 73
4
 74
0
 40
0
 40
0
 40
0
 40
0
 40
1
 40
1
 40
1
 40
1
 10
32.308797
 20
251.875276
 30
0.0
 10
31.693954
 20
251.618602
 30
0.0
 10
31.079143
 20
251.361256
 30
0.0
 10
30.463729
 20
251.104645
 30
0.0
  0
SPLINE
  5
949
100
AcDbEntity
  8
0
 62
7
100
AcDbSpline
 70
8
 71
3
 72
8
 73
4
 74
0
 40
0
 40
0
 40
0
 40
0
 40
1
 40
1
 40
1
 40
1
 10
30.463729
 20
251.104645
 30
0.0
 10
29.970537
 20
251.361298
 30
0.0
 10
29.476842
 20
251.618644
 30
0.0
 10
28.983617
 20
251.875276
 30
0.0
  0
LINE
  5
94a
100
AcDbEntity
  8
0
 62
7
100
AcDbLine
 10
28.983617
 20
251.875276
 30
0.0
 11
28.983617
 21
251.875276
 31
0.0
  0
LINE
  5
94b
100
AcDbEntity
  8
0
 62
7
100
AcDbLine
 10
29.253656
 20
249.694480
 30
0.0
 11
30.171421
 21
249.694480
 31
0.0
  0
LINE
  5
94c
100
AcDbEntity
  8
0
 62
7
100
AcDbLine
 10
30.171421
 20
249.694480
 30
0.0
 11
30.171421
 21
249.654385
 31
0.0
  0
LINE
  5
94d
100
AcDbEntity
  8
0
 62
7
100
AcDbLine
 10
30.171421
 20
249.654385
 30
0.0
 11
29.253656
 21
249.654385
 31
0.0
  0
LINE
  5
94e
100
AcDbEntity
  8
0
 62
7
100
AcDbLine
 10
29.253656
 20
249.654385
 30
0.0
 11
29.253656
 21
249.694480
 31
0.0
  0
LINE
  5
94f
100
AcDbEntity
  8
0
 62
7
100
AcDbLine
 10
29.253656
 20
249.694480
 30
0.0
 11
29.253656
 21
249.694480
 31
0.0
  0
LINE
  5
950
100
AcDbEntity
  8
0
 62
7
100
AcDbLine
 10
27.293083
 20
248.988989
 30
0.0
 11
28.863040
 21
248.988989
 31
0.0
  0
LINE
  5
951
100
AcDbEntity
  8
0
 62
7
100
AcDbLine
 10
28.863040
 20
248.988989
 30
0.0
 11
28.863040
 21
248.079955
 31
0.0
  0
LINE
  5
952
100
AcDbEntity
  8
0
 62
7
100
AcDbLine
 10
28.863040
 20
248.079955
 30
0.0
 11
28.649426
 21
248.079955
 31
0.0
  0
LINE
  5
953
100
AcDbEntity
  8
0
 62
7
100
AcDbLine
 10
28.649426
 20
248.079955
 30
0.0
 11
27.808609
 21
248.079955
 31
0.0
  0
SPLINE
  5
954
100
AcDbEntity
  8
0
 62
7
100
AcDbSpline
 70
8
 71
3
 72
8
 73
4
 74
0
 40
0
 40
0
 40
0
 40
0
 40
1
 40
1
 40
1
 40
1
 10
27.808609
 20
248.079955
 30
0.0
 10
27.799709
 20
248.171293
 30
0.0
 10
27.769044
 20
248.265087
 30
0.0
 10
27.745634
 20
248.347776
 30
0.0
  0
SPLINE
  5
955
100
AcDbEntity
  8
0
 62
7
100
AcDbSpline
 70
8
 71
3
 72
8
 73
4
 74
0
 40
0
 40
0
 40
0
 40
0
 40
1
 40
1
 40
1
 40
1
 10
27.745634
 20
248.347776
 30
0.0
 10
27.700963
 20
248.506415
 30
0.0
 10
27.613335
 20
248.660227
 30
0.0
 10
27.493966
 20
248.803857
 30
0.0
  0
SPLINE
  5
956
100
AcDbEntity
  8
0
 62
7
100
AcDbSpline
 70
8
 71
3
 72
8
 73
4
 74
0
 40
0
 40
0
 40
0
 40
0
 40
1
 40
1
 40
1
 40
1
 10
27.493966
 20
248.803857
 30
0.0
 10
27.439858
 20
248.869416
 30
0.0
 10
27.372314
 20
248.932519
 30
0.0
 10
27.293083
 20
248.988989
 30
0.0
  0
LINE
  5
957
100
AcDbEntity
  8
0
 62
7
100
AcDbLine
 10
27.293083
 20
248.988989
 30
0.0
 11
27.293083
 21
248.988989
 31
0.0
  0
SPLINE
  5
958
100
AcDbEntity
  8
0
 62
7
100
AcDbSpline
 70
8
 71
3
 72
8
 73
4
 74
0
 40
0
 40
0
 40
0
 40
0
 40
1
 40
1
 40
1
 40
1
 10
28.479275
 20
244.380212
 30
0.0
 10
28.473128
 20
244.358233
 30
0.0
 10
28.466411
 20
244.336296
 30
0.0
 10
28.460298
 20
244.314317
 30
0.0
  0
SPLINE
  5
959
100
AcDbEntity
  8
0
 62
7
100
AcDbSpline
 70
8
 71
3
 72
8
 73
4
 74
0
 40
0
 40
0
 40
0
 40
0
 40
1
 40
1
 40
1
 40
1
 10
28.460298
 20
244.314317
 30
0.0
 10
28.403905
 20
244.289567
 30
0.0
 10
28.347580
 20
244.264439
 30
0.0
 10
28.292363
 20
244.239332
 30
0.0
  0
SPLINE
  5
95a
100
AcDbEntity
  8
0
 62
7
100
AcDbSpline
 70
8
 71
3
 72
8
 73
4
 74
0
 40
0
 40
0
 40
0
 40
0
 40
1
 40
1
 40
1
 40
1
 10
28.292363
 20
244.239332
 30
0.0
 10
27.805855
 20
244.515865
 30
0.0
 10
27.319348
 20
244.792041
 30
0.0
 10
26.832907
 20
245.068574
 30
0.0
  0
SPLINE
  5
95b
100
AcDbEntity
  8
0
 62
7
100
AcDbSpline
 70
8
 71
3
 72
8
 73
4
 74
0
 40
0
 40
0
 40
0
 40
0
 40
1
 40
1
 40
1
 40
1
 10
26.832907
 20
245.068574
 30
0.0
 10
26.837374
 20
245.080078
 30
0.0
 10
26.841237
 20
245.091582
 30
0.0
 10
26.845166
 20
245.103085
 30
0.0
  0
LINE
  5
95c
100
AcDbEntity
  8
0
 62
7
100
AcDbLine
 10
26.845166
 20
245.103085
 30
0.0
 11
27.285324
 21
245.103085
 31
0.0
  0
SPLINE
  5
95d
100
AcDbEntity
  8
0
 62
7
100
AcDbSpline
 70
8
 71
3
 72
8
 73
4
 74
0
 40
0
 40
0
 40
0
 40
0
 40
1
 40
1
 40
1
 40
1
 10
27.285324
 20
245.103085
 30
0.0
 10
27.683666
 20
244.861778
 30
0.0
 10
28.081470
 20
244.620827
 30
0.0
 10
28.479275
 20
244.380212
 30
0.0
  0
LINE
  5
95e
100
AcDbEntity
  8
0
 62
7
100
AcDbLine
 10
28.479275
 20
244.380212
 30
0.0
 11
28.479275
 21
244.380212
 31
0.0
  0
SPLINE
  5
95f
100
AcDbEntity
  8
0
 62
7
100
AcDbSpline
 70
8
 71
3
 72
8
 73
4
 74
0
 40
0
 40
0
 40
0
 40
0
 40
1
 40
1
 40
1
 40
1
 10
28.260590
 20
243.933179
 30
0.0
 10
28.286217
 20
243.918883
 30
0.0
 10
28.311373
 20
243.904587
 30
0.0
 10
28.337034
 20
243.889956
 30
0.0
  0
SPLINE
  5
960
100
AcDbEntity
  8
0
 62
7
100
AcDbSpline
 70
8
 71
3
 72
8
 73
4
 74
0
 40
0
 40
0
 40
0
 40
0
 40
1
 40
1
 40
1
 40
1
 10
28.337034
 20
243.889956
 30
0.0
 10
28.323632
 20
243.844948
 30
0.0
 10
28.310802
 20
243.800339
 30
0.0
 10
28.296864
 20
243.755331
 30
0.0
  0
SPLINE
  5
961
100
AcDbEntity
  8
0
 62
7
100
AcDbSpline
 70
8
 71
3
 72
8
 73
4
 74
0
 40
0
 40
0
 40
0
 40
0
 40
1
 40
1
 40
1
 40
1
 10
28.296864
 20
243.755331
 30
0.0
 10
27.727765
 20
243.504304
 30
0.0
 10
27.157559
 20
243.253214
 30
0.0
 10
26.587957
 20
243.002502
 30
0.0
  0
SPLINE
  5
962
100
AcDbEntity
  8
0
 62
7
100
AcDbSpline
 70
8
 71
3
 72
8
 73
4
 74
0
 40
0
 40
0
 40
0
 40
0
 40
1
 40
1
 40
1
 40
1
 10
26.587957
 20
243.002502
 30
0.0
 10
26.526594
 20
242.975275
 30
0.0
 10
26.464693
 20
242.948090
 30
0.0
 10
26.403229
 20
242.921261
 30
0.0
  0
LINE
  5
963
100
AcDbEntity
  8
0
 62
7
100
AcDbLine
 10
26.403229
 20
242.921261
 30
0.0
 11
26.031689
 21
242.921261
 31
0.0
  0
SPLINE
  5
964
100
AcDbEntity
  8
0
 62
7
100
AcDbSpline
 70
8
 71
3
 72
8
 73
4
 74
0
 40
0
 40
0
 40
0
 40
0
 40
1
 40
1
 40
1
 40
1
 10
26.031689
 20
242.921261
 30
0.0
 10
26.035048
 20
242.928944
 30
0.0
 10
26.037869
 20
242.936586
 30
0.0
 10
26.040623
 20
242.944605
 30
0.0
  0
SPLINE
  5
965
100
AcDbEntity
  8
0
 62
7
100
AcDbSpline
 70
8
 71
3
 72
8
 73
4
 74
0
 40
0
 40
0
 40
0
 40
0
 40
1
 40
1
 40
1
 40
1
 10
26.040623
 20
242.944605
 30
0.0
 10
26.780478
 20
243.274102
 30
0.0
 10
27.520198
 20
243.603619
 30
0.0
 10
28.260590
 20
243.933179
 30
0.0
  0
LINE
  5
966
100
AcDbEntity
  8
0
 62
7
100
AcDbLine
 10
28.260590
 20
243.933179
 30
0.0
 11
28.260590
 21
243.933179
 31
0.0
  0
SPLINE
  5
967
100
AcDbEntity
  8
0
 62
7
100
AcDbSpline
 70
8
 71
3
 72
8
 73
4
 74
0
 40
0
 40
0
 40
0
 40
0
 40
1
 40
1
 40
1
 40
1
 10
41.535012
 20
240.930447
 30
0.0
 10
41.593587
 20
240.966029
 30
0.0
 10
41.652734
 20
241.000877
 30
0.0
 10
41.711881
 20
241.036480
 30
0.0
  0
LINE
  5
968
100
AcDbEntity
  8
0
 62
7
100
AcDbLine
 10
41.711881
 20
241.036480
 30
0.0
 11
42.578862
 21
240.665460
 31
0.0
  0
LINE
  5
969
100
AcDbEntity
  8
0
 62
7
100
AcDbLine
 10
42.578862
 20
240.665460
 30
0.0
 11
42.053864
 21
240.665460
 31
0.0
  0
LINE
  5
96a
100
AcDbEntity
  8
0
 62
7
100
AcDbLine
 10
42.053864
 20
240.665460
 30
0.0
 11
41.551167
 21
240.882668
 31
0.0
  0
SPLINE
  5
96b
100
AcDbEntity
  8
0
 62
7
100
AcDbSpline
 70
8
 71
3
 72
8
 73
4
 74
0
 40
0
 40
0
 40
0
 40
0
 40
1
 40
1
 40
1
 40
1
 10
41.551167
 20
240.882668
 30
0.0
 10
41.545592
 20
240.898707
 30
0.0
 10
41.540621
 20
240.914766
 30
0.0
 10
41.535012
 20
240.930447
 30
0.0
  0
LINE
  5
96c
100
AcDbEntity
  8
0
 62
7
100
AcDbLine
 10
41.535012
 20
240.930447
 30
0.0
 11
41.535012
 21
240.930447
 31
0.0
  0
LINE
  5
96d
100
AcDbEntity
  8
0
 62
7
100
AcDbLine
 10
41.093141
 20
240.665460
 30
0.0
 11
41.203642
 21
240.731691
 31
0.0
  0
LINE
  5
96e
100
AcDbEntity
  8
0
 62
7
100
AcDbLine
 10
41.203642
 20
240.731691
 30
0.0
 11
41.225944
 21
240.665460
 31
0.0
  0
LINE
  5
96f
100
AcDbEntity
  8
0
 62
7
100
AcDbLine
 10
41.225944
 20
240.665460
 30
0.0
 11
41.093141
 21
240.665460
 31
0.0
  0
LINE
  5
970
100
AcDbEntity
  8
0
 62
7
100
AcDbLine
 10
41.093141
 20
240.665460
 30
0.0
 11
41.093141
 21
240.665460
 31
0.0
  0
LINE
  5
971
100
AcDbEntity
  8
0
 62
7
100
AcDbLine
 10
40.299749
 20
240.665460
 30
0.0
 11
40.760025
 21
240.934981
 31
0.0
  0
SPLINE
  5
972
100
AcDbEntity
  8
0
 62
7
100
AcDbSpline
 70
8
 71
3
 72
8
 73
4
 74
0
 40
0
 40
0
 40
0
 40
0
 40
1
 40
1
 40
1
 40
1
 10
40.760025
 20
240.934981
 30
0.0
 10
40.804125
 20
240.915815
 30
0.0
 10
40.848191
 20
240.896964
 30
0.0
 10
40.892291
 20
240.877798
 30
0.0
  0
LINE
  5
973
100
AcDbEntity
  8
0
 62
7
100
AcDbLine
 10
40.892291
 20
240.877798
 30
0.0
 11
40.538015
 21
240.665460
 31
0.0
  0
LINE
  5
974
100
AcDbEntity
  8
0
 62
7
100
AcDbLine
 10
40.538015
 20
240.665460
 30
0.0
 11
40.299749
 21
240.665460
 31
0.0
  0
LINE
  5
975
100
AcDbEntity
  8
0
 62
7
100
AcDbLine
 10
40.299749
 20
240.665460
 30
0.0
 11
40.299749
 21
240.665460
 31
0.0
  0
SPLINE
  5
976
100
AcDbEntity
  8
0
 62
7
100
AcDbSpline
 70
8
 71
3
 72
8
 73
4
 74
0
 40
0
 40
0
 40
0
 40
0
 40
1
 40
1
 40
1
 40
1
 10
28.463086
 20
241.080375
 30
0.0
 10
28.952381
 20
241.295904
 30
0.0
 10
29.441643
 20
241.511034
 30
0.0
 10
29.931576
 20
241.726206
 30
0.0
  0
SPLINE
  5
977
100
AcDbEntity
  8
0
 62
7
100
AcDbSpline
 70
8
 71
3
 72
8
 73
4
 74
0
 40
0
 40
0
 40
0
 40
0
 40
1
 40
1
 40
1
 40
1
 10
29.931576
 20
241.726206
 30
0.0
 10
30.102837
 20
241.801527
 30
0.0
 10
30.274164
 20
241.876847
 30
0.0
 10
30.445961
 20
241.952147
 30
0.0
  0
SPLINE
  5
978
100
AcDbEntity
  8
0
 62
7
100
AcDbSpline
 70
8
 71
3
 72
8
 73
4
 74
0
 40
0
 40
0
 40
0
 40
0
 40
1
 40
1
 40
1
 40
1
 10
30.445961
 20
241.952147
 30
0.0
 10
30.339423
 20
241.522202
 30
0.0
 10
30.226202
 20
241.093285
 30
0.0
 10
30.103374
 20
240.665460
 30
0.0
  0
LINE
  5
979
100
AcDbEntity
  8
0
 62
7
100
AcDbLine
 10
30.103374
 20
240.665460
 30
0.0
 11
29.177851
 21
240.665460
 31
0.0
  0
LINE
  5
97a
100
AcDbEntity
  8
0
 62
7
100
AcDbLine
 10
29.177851
 20
240.665460
 30
0.0
 11
29.177212
 21
240.665460
 31
0.0
  0
LINE
  5
97b
100
AcDbEntity
  8
0
 62
7
100
AcDbLine
 10
29.177212
 20
240.665460
 30
0.0
 11
28.463086
 21
241.080375
 31
0.0
  0
LINE
  5
97c
100
AcDbEntity
  8
0
 62
7
100
AcDbLine
 10
28.463086
 20
241.080375
 30
0.0
 11
28.463086
 21
241.080375
 31
0.0
  0
LINE
  5
97d
100
AcDbEntity
  8
0
 62
7
100
AcDbLine
 10
28.142296
 20
240.939558
 30
0.0
 11
28.613723
 21
240.665481
 31
0.0
  0
LINE
  5
97e
100
AcDbEntity
  8
0
 62
7
100
AcDbLine
 10
28.613723
 20
240.665481
 30
0.0
 11
28.441892
 21
240.665460
 31
0.0
  0
LINE
  5
97f
100
AcDbEntity
  8
0
 62
7
100
AcDbLine
 10
28.441892
 20
240.665460
 30
0.0
 11
28.048588
 21
240.898035
 31
0.0
  0
SPLINE
  5
980
100
AcDbEntity
  8
0
 62
7
100
AcDbSpline
 70
8
 71
3
 72
8
 73
4
 74
0
 40
0
 40
0
 40
0
 40
0
 40
1
 40
1
 40
1
 40
1
 10
28.048588
 20
240.898035
 30
0.0
 10
28.079824
 20
240.911995
 30
0.0
 10
28.111027
 20
240.925598
 30
0.0
 10
28.142296
 20
240.939558
 30
0.0
  0
LINE
  5
981
100
AcDbEntity
  8
0
 62
7
100
AcDbLine
 10
28.142296
 20
240.939558
 30
0.0
 11
28.142296
 21
240.939558
 31
0.0
  0
LINE
  5
982
100
AcDbEntity
  8
0
 62
7
100
AcDbLine
 10
27.743383
 20
240.748443
 30
0.0
 11
27.883441
 21
240.665460
 31
0.0
  0
LINE
  5
983
100
AcDbEntity
  8
0
 62
7
100
AcDbLine
 10
27.883441
 20
240.665460
 30
0.0
 11
27.714935
 21
240.665460
 31
0.0
  0
LINE
  5
984
100
AcDbEntity
  8
0
 62
7
100
AcDbLine
 10
27.714935
 20
240.665460
 30
0.0
 11
27.743383
 21
240.748443
 31
0.0
  0
LINE
  5
985
100
AcDbEntity
  8
0
 62
7
100
AcDbLine
 10
26.366384
 20
240.665418
 30
0.0
 11
26.366384
 21
240.665418
 31
0.0
  0
LINE
  5
986
100
AcDbEntity
  8
0
 62
7
100
AcDbLine
 10
34.922034
 20
257.960846
 30
0.0
 11
35.670218
 21
257.960846
 31
0.0
  0
LINE
  5
987
100
AcDbEntity
  8
0
 62
7
100
AcDbLine
 10
35.670218
 20
257.960846
 30
0.0
 11
35.670218
 21
257.835627
 31
0.0
  0
SPLINE
  5
988
100
AcDbEntity
  8
0
 62
7
100
AcDbSpline
 70
8
 71
3
 72
8
 73
4
 74
0
 40
0
 40
0
 40
0
 40
0
 40
1
 40
1
 40
1
 40
1
 10
35.670218
 20
257.835627
 30
0.0
 10
35.664105
 20
257.829371
 30
0.0
 10
35.657421
 20
257.823052
 30
0.0
 10
35.651241
 20
257.817510
 30
0.0
  0
LINE
  5
989
100
AcDbEntity
  8
0
 62
7
100
AcDbLine
 10
35.651241
 20
257.817510
 30
0.0
 11
34.937114
 21
257.817510
 31
0.0
  0
SPLINE
  5
98a
100
AcDbEntity
  8
0
 62
7
100
AcDbSpline
 70
8
 71
3
 72
8
 73
4
 74
0
 40
0
 40
0
 40
0
 40
0
 40
1
 40
1
 40
1
 40
1
 10
34.937114
 20
257.817510
 30
0.0
 10
34.932110
 20
257.865268
 30
0.0
 10
34.927105
 20
257.913047
 30
0.0
 10
34.922034
 20
257.960846
 30
0.0
  0
LINE
  5
98b
100
AcDbEntity
  8
0
 62
7
100
AcDbLine
 10
34.922034
 20
257.960846
 30
0.0
 11
34.922034
 21
257.960846
 31
0.0
  0
SPLINE
  5
98c
100
AcDbEntity
  8
0
 62
7
100
AcDbSpline
 70
8
 71
3
 72
8
 73
4
 74
0
 40
0
 40
0
 40
0
 40
0
 40
1
 40
1
 40
1
 40
1
 10
33.934509
 20
257.581136
 30
0.0
 10
33.844126
 20
256.753993
 30
0.0
 10
33.733087
 20
255.928257
 30
0.0
 10
33.598101
 20
255.103571
 30
0.0
  0
SPLINE
  5
98d
100
AcDbEntity
  8
0
 62
7
100
AcDbSpline
 70
8
 71
3
 72
8
 73
4
 74
0
 40
0
 40
0
 40
0
 40
0
 40
1
 40
1
 40
1
 40
1
 10
33.598101
 20
255.103571
 30
0.0
 10
33.590847
 20
255.059655
 30
0.0
 10
33.583592
 20
255.015676
 30
0.0
 10
33.575766
 20
254.971781
 30
0.0
  0
LINE
  5
98e
100
AcDbEntity
  8
0
 62
7
100
AcDbLine
 10
33.575766
 20
254.971781
 30
0.0
 11
33.272845
 21
254.971781
 31
0.0
  0
LINE
  5
98f
100
AcDbEntity
  8
0
 62
7
100
AcDbLine
 10
33.272845
 20
254.971781
 30
0.0
 11
33.272845
 21
255.089275
 31
0.0
  0
SPLINE
  5
990
100
AcDbEntity
  8
0
 62
7
100
AcDbSpline
 70
8
 71
3
 72
8
 73
4
 74
0
 40
0
 40
0
 40
0
 40
0
 40
1
 40
1
 40
1
 40
1
 10
33.272845
 20
255.089275
 30
0.0
 10
33.273382
 20
255.918853
 30
0.0
 10
33.273382
 20
256.748787
 30
0.0
 10
33.273953
 20
257.578323
 30
0.0
  0
SPLINE
  5
991
100
AcDbEntity
  8
0
 62
7
100
AcDbSpline
 70
8
 71
3
 72
8
 73
4
 74
0
 40
0
 40
0
 40
0
 40
0
 40
1
 40
1
 40
1
 40
1
 10
33.273953
 20
257.578323
 30
0.0
 10
33.275062
 20
257.579016
 30
0.0
 10
33.276741
 20
257.580065
 30
0.0
 10
33.277278
 20
257.581136
 30
0.0
  0
LINE
  5
992
100
AcDbEntity
  8
0
 62
7
100
AcDbLine
 10
33.277278
 20
257.581136
 30
0.0
 11
33.934509
 21
257.581136
 31
0.0
  0
LINE
  5
993
100
AcDbEntity
  8
0
 62
7
100
AcDbLine
 10
33.934509
 20
257.581136
 30
0.0
 11
33.934509
 21
257.581136
 31
0.0
  0
LINE
  5
994
100
AcDbEntity
  8
0
 62
7
100
AcDbLine
 10
33.273382
 20
257.960846
 30
0.0
 11
33.974108
 21
257.960846
 31
0.0
  0
LINE
  5
995
100
AcDbEntity
  8
0
 62
7
100
AcDbLine
 10
33.974108
 20
257.960846
 30
0.0
 11
33.974746
 21
257.960846
 31
0.0
  0
SPLINE
  5
996
100
AcDbEntity
  8
0
 62
7
100
AcDbSpline
 70
8
 71
3
 72
8
 73
4
 74
0
 40
0
 40
0
 40
0
 40
0
 40
1
 40
1
 40
1
 40
1
 10
33.974746
 20
257.960846
 30
0.0
 10
33.969708
 20
257.913068
 30
0.0
 10
33.964703
 20
257.865310
 30
0.0
 10
33.959665
 20
257.817510
 30
0.0
  0
LINE
  5
997
100
AcDbEntity
  8
0
 62
7
100
AcDbLine
 10
33.959665
 20
257.817510
 30
0.0
 11
33.292392
 21
257.817510
 31
0.0
  0
SPLINE
  5
998
100
AcDbEntity
  8
0
 62
7
100
AcDbSpline
 70
8
 71
3
 72
8
 73
4
 74
0
 40
0
 40
0
 40
0
 40
0
 40
1
 40
1
 40
1
 40
1
 10
33.292392
 20
257.817510
 30
0.0
 10
33.286246
 20
257.823430
 30
0.0
 10
33.279529
 20
257.829371
 30
0.0
 10
33.273382
 20
257.835627
 30
0.0
  0
LINE
  5
999
100
AcDbEntity
  8
0
 62
7
100
AcDbLine
 10
33.273382
 20
257.835627
 30
0.0
 11
33.273382
 21
257.960846
 31
0.0
  0
LINE
  5
99a
100
AcDbEntity
  8
0
 62
7
100
AcDbLine
 10
33.273382
 20
257.960846
 30
0.0
 11
33.273382
 21
257.960846
 31
0.0
  0
SPLINE
  5
99b
100
AcDbEntity
  8
0
 62
7
100
AcDbSpline
 70
8
 71
3
 72
8
 73
4
 74
0
 40
0
 40
0
 40
0
 40
0
 40
1
 40
1
 40
1
 40
1
 10
31.662147
 20
256.366222
 30
0.0
 10
32.068885
 20
256.672396
 30
0.0
 10
32.476699
 20
256.978213
 30
0.0
 10
32.884042
 20
257.284723
 30
0.0
  0
SPLINE
  5
99c
100
AcDbEntity
  8
0
 62
7
100
AcDbSpline
 70
8
 71
3
 72
8
 73
4
 74
0
 40
0
 40
0
 40
0
 40
0
 40
1
 40
1
 40
1
 40
1
 10
32.884042
 20
257.284723
 30
0.0
 10
32.884042
 20
256.613827
 30
0.0
 10
32.883437
 20
255.943267
 30
0.0
 10
32.883437
 20
255.272686
 30
0.0
  0
SPLINE
  5
99d
100
AcDbEntity
  8
0
 62
7
100
AcDbSpline
 70
8
 71
3
 72
8
 73
4
 74
0
 40
0
 40
0
 40
0
 40
0
 40
1
 40
1
 40
1
 40
1
 10
32.883437
 20
255.272686
 30
0.0
 10
32.476766
 20
255.637114
 30
0.0
 10
32.069490
 20
256.001479
 30
0.0
 10
31.662147
 20
256.366222
 30
0.0
  0
LINE
  5
99e
100
AcDbEntity
  8
0
 62
7
100
AcDbLine
 10
31.662147
 20
256.366222
 30
0.0
 11
31.662147
 21
256.366222
 31
0.0
  0
LINE
  5
99f
100
AcDbEntity
  8
0
 62
7
100
AcDbLine
 10
30.582627
 20
257.960846
 30
0.0
 11
32.682049
 21
257.960846
 31
0.0
  0
LINE
  5
9a0
100
AcDbEntity
  8
0
 62
7
100
AcDbLine
 10
32.682049
 20
257.960846
 30
0.0
 11
32.831579
 21
257.817510
 31
0.0
  0
LINE
  5
9a1
100
AcDbEntity
  8
0
 62
7
100
AcDbLine
 10
32.831579
 20
257.817510
 30
0.0
 11
30.372271
 21
257.817510
 31
0.0
  0
LINE
  5
9a2
100
AcDbEntity
  8
0
 62
7
100
AcDbLine
 10
30.372271
 20
257.817510
 30
0.0
 11
30.582627
 21
257.960846
 31
0.0
  0
LINE
  5
9a3
100
AcDbEntity
  8
0
 62
7
100
AcDbLine
 10
32.779687
 20
257.580737
 30
0.0
 11
32.780258
 21
257.580737
 31
0.0
  0
LINE
  5
9a4
100
AcDbEntity
  8
0
 62
7
100
AcDbLine
 10
32.780258
 20
257.580737
 30
0.0
 11
32.779687
 21
257.580737
 31
0.0
  0
LINE
  5
9a5
100
AcDbEntity
  8
0
 62
7
100
AcDbLine
 10
32.779687
 20
257.580737
 30
0.0
 11
32.779687
 21
257.580737
 31
0.0
  0
LINE
  5
9a6
100
AcDbEntity
  8
0
 62
7
100
AcDbLine
 10
30.306475
 20
257.580737
 30
0.0
 11
32.779687
 21
257.580737
 31
0.0
  0
SPLINE
  5
9a7
100
AcDbEntity
  8
0
 62
7
100
AcDbSpline
 70
8
 71
3
 72
8
 73
4
 74
0
 40
0
 40
0
 40
0
 40
0
 40
1
 40
1
 40
1
 40
1
 10
32.779687
 20
257.580737
 30
0.0
 10
32.331670
 20
257.243872
 30
0.0
 10
31.883149
 20
256.906692
 30
0.0
 10
31.435132
 20
256.569848
 30
0.0
  0
SPLINE
  5
9a8
100
AcDbEntity
  8
0
 62
7
100
AcDbSpline
 70
8
 71
3
 72
8
 73
4
 74
0
 40
0
 40
0
 40
0
 40
0
 40
1
 40
1
 40
1
 40
1
 10
31.435132
 20
256.569848
 30
0.0
 10
31.058521
 20
256.906713
 30
0.0
 10
30.682515
 20
257.243935
 30
0.0
 10
30.306475
 20
257.580737
 30
0.0
  0
LINE
  5
9a9
100
AcDbEntity
  8
0
 62
7
100
AcDbLine
 10
30.306475
 20
257.580737
 30
0.0
 11
30.306475
 21
257.580737
 31
0.0
  0
SPLINE
  5
9aa
100
AcDbEntity
  8
0
 62
7
100
AcDbSpline
 70
8
 71
3
 72
8
 73
4
 74
0
 40
0
 40
0
 40
0
 40
0
 40
1
 40
1
 40
1
 40
1
 10
31.406650
 20
256.173721
 30
0.0
 10
31.854130
 20
255.772725
 30
0.0
 10
32.301509
 20
255.371686
 30
0.0
 10
32.749526
 20
254.971046
 30
0.0
  0
LINE
  5
9ab
100
AcDbEntity
  8
0
 62
7
100
AcDbLine
 10
32.749526
 20
254.971046
 30
0.0
 11
29.806566
 21
254.971046
 31
0.0
  0
SPLINE
  5
9ac
100
AcDbEntity
  8
0
 62
7
100
AcDbSpline
 70
8
 71
3
 72
8
 73
4
 74
0
 40
0
 40
0
 40
0
 40
0
 40
1
 40
1
 40
1
 40
1
 10
29.806566
 20
254.971046
 30
0.0
 10
30.339390
 20
255.371686
 30
0.0
 10
30.873289
 20
255.772725
 30
0.0
 10
31.406650
 20
256.173721
 30
0.0
  0
LINE
  5
9ad
100
AcDbEntity
  8
0
 62
7
100
AcDbLine
 10
31.406650
 20
256.173721
 30
0.0
 11
31.406650
 21
256.173721
 31
0.0
  0
LINE
  5
9ae
100
AcDbEntity
  8
0
 62
7
100
AcDbLine
 10
29.788194
 20
254.734629
 30
0.0
 11
32.579374
 21
254.734629
 31
0.0
  0
SPLINE
  5
9af
100
AcDbEntity
  8
0
 62
7
100
AcDbSpline
 70
8
 71
3
 72
8
 73
4
 74
0
 40
0
 40
0
 40
0
 40
0
 40
1
 40
1
 40
1
 40
1
 10
32.579374
 20
254.734629
 30
0.0
 10
32.075569
 20
254.389766
 30
0.0
 10
31.571227
 20
254.044903
 30
0.0
 10
31.067455
 20
253.700040
 30
0.0
  0
SPLINE
  5
9b0
100
AcDbEntity
  8
0
 62
7
100
AcDbSpline
 70
8
 71
3
 72
8
 73
4
 74
0
 40
0
 40
0
 40
0
 40
0
 40
1
 40
1
 40
1
 40
1
 10
31.067455
 20
253.700040
 30
0.0
 10
30.641203
 20
254.044903
 30
0.0
 10
30.214379
 20
254.390144
 30
0.0
 10
29.788194
 20
254.734629
 30
0.0
  0
LINE
  5
9b1
100
AcDbEntity
  8
0
 62
7
100
AcDbLine
 10
29.788194
 20
254.734629
 30
0.0
 11
29.788194
 21
254.734629
 31
0.0
  0
SPLINE
  5
9b2
100
AcDbEntity
  8
0
 62
7
100
AcDbSpline
 70
8
 71
3
 72
8
 73
4
 74
0
 40
0
 40
0
 40
0
 40
0
 40
1
 40
1
 40
1
 40
1
 10
29.525879
 20
254.554683
 30
0.0
 10
29.952165
 20
254.209840
 30
0.0
 10
30.378418
 20
253.864935
 30
0.0
 10
30.804066
 20
253.520450
 30
0.0
  0
SPLINE
  5
9b3
100
AcDbEntity
  8
0
 62
7
100
AcDbSpline
 70
8
 71
3
 72
8
 73
4
 74
0
 40
0
 40
0
 40
0
 40
0
 40
1
 40
1
 40
1
 40
1
 10
30.804066
 20
253.520450
 30
0.0
 10
30.226605
 20
253.125016
 30
0.0
 10
29.649714
 20
252.730275
 30
0.0
 10
29.072253
 20
252.334841
 30
0.0
  0
SPLINE
  5
9b4
100
AcDbEntity
  8
0
 62
7
100
AcDbSpline
 70
8
 71
3
 72
8
 73
4
 74
0
 40
0
 40
0
 40
0
 40
0
 40
1
 40
1
 40
1
 40
1
 10
29.072253
 20
252.334841
 30
0.0
 10
29.040513
 20
252.312841
 30
0.0
 10
29.008706
 20
252.290904
 30
0.0
 10
28.976295
 20
252.269282
 30
0.0
  0
SPLINE
  5
9b5
100
AcDbEntity
  8
0
 62
7
100
AcDbSpline
 70
8
 71
3
 72
8
 73
4
 74
0
 40
0
 40
0
 40
0
 40
0
 40
1
 40
1
 40
1
 40
1
 10
28.976295
 20
252.269282
 30
0.0
 10
29.111348
 20
252.757124
 30
0.0
 10
29.230179
 20
253.246331
 30
0.0
 10
29.343468
 20
253.735937
 30
0.0
  0
SPLINE
  5
9b6
100
AcDbEntity
  8
0
 62
7
100
AcDbSpline
 70
8
 71
3
 72
8
 73
4
 74
0
 40
0
 40
0
 40
0
 40
0
 40
1
 40
1
 40
1
 40
1
 10
29.343468
 20
253.735937
 30
0.0
 10
29.406511
 20
254.008628
 30
0.0
 10
29.466766
 20
254.281655
 30
0.0
 10
29.525879
 20
254.554683
 30
0.0
  0
LINE
  5
9b7
100
AcDbEntity
  8
0
 62
7
100
AcDbLine
 10
29.525879
 20
254.554683
 30
0.0
 11
29.525879
 21
254.554683
 31
0.0
  0
LINE
  5
9b8
100
AcDbEntity
  8
0
 62
7
100
AcDbLine
 10
28.632734
 20
251.154837
 30
0.0
 11
28.632734
 21
251.154837
 31
0.0
  0
LINE
  5
9b9
100
AcDbEntity
  8
0
 62
7
100
AcDbLine
 10
26.605758
 20
249.418619
 30
0.0
 11
26.814434
 21
249.418619
 31
0.0
  0
LINE
  5
9ba
100
AcDbEntity
  8
0
 62
7
100
AcDbLine
 10
26.814434
 20
249.418619
 30
0.0
 11
26.814434
 21
249.225447
 31
0.0
  0
LINE
  5
9bb
100
AcDbEntity
  8
0
 62
7
100
AcDbLine
 10
26.814434
 20
249.225447
 30
0.0
 11
26.605758
 21
249.225447
 31
0.0
  0
LINE
  5
9bc
100
AcDbEntity
  8
0
 62
7
100
AcDbLine
 10
26.605758
 20
249.225447
 30
0.0
 11
26.605758
 21
249.418619
 31
0.0
  0
LINE
  5
9bd
100
AcDbEntity
  8
0
 62
7
100
AcDbLine
 10
26.605758
 20
249.418619
 30
0.0
 11
26.605758
 21
249.418619
 31
0.0
  0
SPLINE
  5
9be
100
AcDbEntity
  8
0
 62
7
100
AcDbSpline
 70
8
 71
3
 72
8
 73
4
 74
0
 40
0
 40
0
 40
0
 40
0
 40
1
 40
1
 40
1
 40
1
 10
28.797814
 20
251.660796
 30
0.0
 10
29.242438
 20
251.429271
 30
0.0
 10
29.687130
 20
251.198061
 30
0.0
 10
30.131822
 20
250.966536
 30
0.0
  0
SPLINE
  5
9bf
100
AcDbEntity
  8
0
 62
7
100
AcDbSpline
 70
8
 71
3
 72
8
 73
4
 74
0
 40
0
 40
0
 40
0
 40
0
 40
1
 40
1
 40
1
 40
1
 10
30.131822
 20
250.966536
 30
0.0
 10
29.503040
 20
250.703606
 30
0.0
 10
28.873116
 20
250.440697
 30
0.0
 10
28.243863
 20
250.177767
 30
0.0
  0
SPLINE
  5
9c0
100
AcDbEntity
  8
0
 62
7
100
AcDbSpline
 70
8
 71
3
 72
8
 73
4
 74
0
 40
0
 40
0
 40
0
 40
0
 40
1
 40
1
 40
1
 40
1
 10
28.243863
 20
250.177767
 30
0.0
 10
28.412336
 20
250.497167
 30
0.0
 10
28.521695
 20
250.832268
 30
0.0
 10
28.633237
 20
251.154837
 30
0.0
  0
SPLINE
  5
9c1
100
AcDbEntity
  8
0
 62
7
100
AcDbSpline
 70
8
 71
3
 72
8
 73
4
 74
0
 40
0
 40
0
 40
0
 40
0
 40
1
 40
1
 40
1
 40
1
 10
28.633237
 20
251.154837
 30
0.0
 10
28.690705
 20
251.323238
 30
0.0
 10
28.745384
 20
251.492017
 30
0.0
 10
28.797814
 20
251.660796
 30
0.0
  0
LINE
  5
9c2
100
AcDbEntity
  8
0
 62
7
100
AcDbLine
 10
28.797814
 20
251.660796
 30
0.0
 11
28.797814
 21
251.660796
 31
0.0
  0
LINE
  5
9c3
100
AcDbEntity
  8
0
 62
7
100
AcDbLine
 10
27.204984
 20
249.694816
 30
0.0
 11
27.787450
 21
249.694816
 31
0.0
  0
SPLINE
  5
9c4
100
AcDbEntity
  8
0
 62
7
100
AcDbSpline
 70
8
 71
3
 72
8
 73
4
 74
0
 40
0
 40
0
 40
0
 40
0
 40
1
 40
1
 40
1
 40
1
 10
27.787450
 20
249.694816
 30
0.0
 10
27.811464
 20
249.692024
 30
0.0
 10
27.836587
 20
249.692024
 30
0.0
 10
27.859460
 20
249.694816
 30
0.0
  0
LINE
  5
9c5
100
AcDbEntity
  8
0
 62
7
100
AcDbLine
 10
27.859460
 20
249.694816
 30
0.0
 11
28.863711
 21
249.694816
 31
0.0
  0
SPLINE
  5
9c6
100
AcDbEntity
  8
0
 62
7
100
AcDbSpline
 70
8
 71
3
 72
8
 73
4
 74
0
 40
0
 40
0
 40
0
 40
0
 40
1
 40
1
 40
1
 40
1
 10
28.863711
 20
249.694816
 30
0.0
 10
28.863711
 20
249.681570
 30
0.0
 10
28.863711
 20
249.668324
 30
0.0
 10
28.863678
 20
249.654721
 30
0.0
  0
LINE
  5
9c7
100
AcDbEntity
  8
0
 62
7
100
AcDbLine
 10
28.863678
 20
249.654721
 30
0.0
 11
28.763253
 21
249.654721
 31
0.0
  0
LINE
  5
9c8
100
AcDbEntity
  8
0
 62
7
100
AcDbLine
 10
28.763253
 20
249.654721
 30
0.0
 11
27.204984
 21
249.654721
 31
0.0
  0
LINE
  5
9c9
100
AcDbEntity
  8
0
 62
7
100
AcDbLine
 10
27.204984
 20
249.654721
 30
0.0
 11
27.204984
 21
249.694816
 31
0.0
  0
LINE
  5
9ca
100
AcDbEntity
  8
0
 62
7
100
AcDbLine
 10
27.204984
 20
249.694816
 30
0.0
 11
27.204984
 21
249.694816
 31
0.0
  0
LINE
  5
9cb
100
AcDbEntity
  8
0
 62
7
100
AcDbLine
 10
27.204984
 20
249.418283
 30
0.0
 11
28.863678
 21
249.418283
 31
0.0
  0
LINE
  5
9cc
100
AcDbEntity
  8
0
 62
7
100
AcDbLine
 10
28.863678
 20
249.418283
 30
0.0
 11
28.863678
 21
249.225111
 31
0.0
  0
LINE
  5
9cd
100
AcDbEntity
  8
0
 62
7
100
AcDbLine
 10
28.863678
 20
249.225111
 30
0.0
 11
28.863107
 21
249.225111
 31
0.0
  0
LINE
  5
9ce
100
AcDbEntity
  8
0
 62
7
100
AcDbLine
 10
28.863107
 20
249.225111
 30
0.0
 11
27.204984
 21
249.225111
 31
0.0
  0
LINE
  5
9cf
100
AcDbEntity
  8
0
 62
7
100
AcDbLine
 10
27.204984
 20
249.225111
 30
0.0
 11
27.204984
 21
249.418283
 31
0.0
  0
LINE
  5
9d0
100
AcDbEntity
  8
0
 62
7
100
AcDbLine
 10
27.204984
 20
249.418283
 30
0.0
 11
27.204984
 21
249.418283
 31
0.0
  0
SPLINE
  5
9d1
100
AcDbEntity
  8
0
 62
7
100
AcDbSpline
 70
8
 71
3
 72
8
 73
4
 74
0
 40
0
 40
0
 40
0
 40
0
 40
1
 40
1
 40
1
 40
1
 10
26.557796
 20
248.989387
 30
0.0
 10
26.784878
 20
248.984853
 30
0.0
 10
26.953955
 20
248.888981
 30
0.0
 10
27.076110
 20
248.772515
 30
0.0
  0
SPLINE
  5
9d2
100
AcDbEntity
  8
0
 62
7
100
AcDbSpline
 70
8
 71
3
 72
8
 73
4
 74
0
 40
0
 40
0
 40
0
 40
0
 40
1
 40
1
 40
1
 40
1
 10
27.076110
 20
248.772515
 30
0.0
 10
26.961209
 20
248.795187
 30
0.0
 10
26.849633
 20
248.825836
 30
0.0
 10
26.745816
 20
248.857219
 30
0.0
  0
SPLINE
  5
9d3
100
AcDbEntity
  8
0
 62
7
100
AcDbSpline
 70
8
 71
3
 72
8
 73
4
 74
0
 40
0
 40
0
 40
0
 40
0
 40
1
 40
1
 40
1
 40
1
 10
26.745816
 20
248.857219
 30
0.0
 10
26.659329
 20
248.883754
 30
0.0
 10
26.502579
 20
248.930483
 30
0.0
 10
26.393757
 20
248.989387
 30
0.0
  0
LINE
  5
9d4
100
AcDbEntity
  8
0
 62
7
100
AcDbLine
 10
26.393757
 20
248.989387
 30
0.0
 11
26.557796
 21
248.989387
 31
0.0
  0
LINE
  5
9d5
100
AcDbEntity
  8
0
 62
7
100
AcDbLine
 10
26.557796
 20
248.989387
 30
0.0
 11
26.557796
 21
248.989387
 31
0.0
  0
LINE
  5
9d6
100
AcDbEntity
  8
0
 62
7
100
AcDbLine
 10
29.253656
 20
249.417926
 30
0.0
 11
30.171421
 21
249.417926
 31
0.0
  0
LINE
  5
9d7
100
AcDbEntity
  8
0
 62
7
100
AcDbLine
 10
30.171421
 20
249.417926
 30
0.0
 11
30.171421
 21
249.224775
 31
0.0
  0
LINE
  5
9d8
100
AcDbEntity
  8
0
 62
7
100
AcDbLine
 10
30.171421
 20
249.224775
 30
0.0
 11
29.253656
 21
249.224775
 31
0.0
  0
LINE
  5
9d9
100
AcDbEntity
  8
0
 62
7
100
AcDbLine
 10
29.253656
 20
249.224775
 30
0.0
 11
29.253656
 21
249.417926
 31
0.0
  0
LINE
  5
9da
100
AcDbEntity
  8
0
 62
7
100
AcDbLine
 10
29.253656
 20
249.417926
 30
0.0
 11
29.253656
 21
249.417926
 31
0.0
  0
SPLINE
  5
9db
100
AcDbEntity
  8
0
 62
7
100
AcDbSpline
 70
8
 71
3
 72
8
 73
4
 74
0
 40
0
 40
0
 40
0
 40
0
 40
1
 40
1
 40
1
 40
1
 10
44.747440
 20
238.645025
 30
0.0
 10
44.870705
 20
238.339229
 30
0.0
 10
44.993465
 20
238.033412
 30
0.0
 10
45.116192
 20
237.727259
 30
0.0
  0
SPLINE
  5
9dc
100
AcDbEntity
  8
0
 62
7
100
AcDbSpline
 70
8
 71
3
 72
8
 73
4
 74
0
 40
0
 40
0
 40
0
 40
0
 40
1
 40
1
 40
1
 40
1
 10
45.116192
 20
237.727259
 30
0.0
 10
44.827814
 20
237.830835
 30
0.0
 10
44.538764
 20
237.934391
 30
0.0
 10
44.250353
 20
238.038303
 30
0.0
  0
LINE
  5
9dd
100
AcDbEntity
  8
0
 62
7
100
AcDbLine
 10
44.250353
 20
238.038303
 30
0.0
 11
44.250353
 21
238.645025
 31
0.0
  0
LINE
  5
9de
100
AcDbEntity
  8
0
 62
7
100
AcDbLine
 10
44.250353
 20
238.645025
 30
0.0
 11
44.513104
 21
238.645025
 31
0.0
  0
LINE
  5
9df
100
AcDbEntity
  8
0
 62
7
100
AcDbLine
 10
44.513104
 20
238.645025
 30
0.0
 11
44.747440
 21
238.645025
 31
0.0
  0
LINE
  5
9e0
100
AcDbEntity
  8
0
 62
7
100
AcDbLine
 10
44.747440
 20
238.645025
 30
0.0
 11
44.747440
 21
238.645025
 31
0.0
  0
LINE
  5
9e1
100
AcDbEntity
  8
0
 62
7
100
AcDbLine
 10
45.096107
 20
238.644732
 30
0.0
 11
46.038995
 21
238.644732
 31
0.0
  0
LINE
  5
9e2
100
AcDbEntity
  8
0
 62
7
100
AcDbLine
 10
46.038995
 20
238.644732
 30
0.0
 11
46.039566
 21
238.645067
 31
0.0
  0
LINE
  5
9e3
100
AcDbEntity
  8
0
 62
7
100
AcDbLine
 10
46.039566
 20
238.645067
 30
0.0
 11
46.039566
 21
237.442056
 31
0.0
  0
LINE
  5
9e4
100
AcDbEntity
  8
0
 62
7
100
AcDbLine
 10
46.039566
 20
237.442056
 30
0.0
 11
45.579861
 21
237.442056
 31
0.0
  0
SPLINE
  5
9e5
100
AcDbEntity
  8
0
 62
7
100
AcDbSpline
 70
8
 71
3
 72
8
 73
4
 74
0
 40
0
 40
0
 40
0
 40
0
 40
1
 40
1
 40
1
 40
1
 10
45.579861
 20
237.442056
 30
0.0
 10
45.570926
 20
237.464392
 30
0.0
 10
45.561992
 20
237.487400
 30
0.0
 10
45.552487
 20
237.509672
 30
0.0
  0
SPLINE
  5
9e6
100
AcDbEntity
  8
0
 62
7
100
AcDbSpline
 70
8
 71
3
 72
8
 73
4
 74
0
 40
0
 40
0
 40
0
 40
0
 40
1
 40
1
 40
1
 40
1
 10
45.552487
 20
237.509672
 30
0.0
 10
45.552487
 20
237.527474
 30
0.0
 10
45.546341
 20
237.544919
 30
0.0
 10
45.531831
 20
237.560600
 30
0.0
  0
SPLINE
  5
9e7
100
AcDbEntity
  8
0
 62
7
100
AcDbSpline
 70
8
 71
3
 72
8
 73
4
 74
0
 40
0
 40
0
 40
0
 40
0
 40
1
 40
1
 40
1
 40
1
 10
45.531831
 20
237.560600
 30
0.0
 10
45.387340
 20
237.922194
 30
0.0
 10
45.242244
 20
238.283473
 30
0.0
 10
45.096107
 20
238.644732
 30
0.0
  0
LINE
  5
9e8
100
AcDbEntity
  8
0
 62
7
100
AcDbLine
 10
45.096107
 20
238.644732
 30
0.0
 11
45.096107
 21
238.644732
 31
0.0
  0
SPLINE
  5
9e9
100
AcDbEntity
  8
0
 62
7
100
AcDbSpline
 70
8
 71
3
 72
8
 73
4
 74
0
 40
0
 40
0
 40
0
 40
0
 40
1
 40
1
 40
1
 40
1
 10
44.249815
 20
237.772266
 30
0.0
 10
44.555558
 20
237.662770
 30
0.0
 10
44.861233
 20
237.552938
 30
0.0
 10
45.167009
 20
237.443106
 30
0.0
  0
LINE
  5
9ea
100
AcDbEntity
  8
0
 62
7
100
AcDbLine
 10
45.167009
 20
237.443106
 30
0.0
 11
44.249815
 21
237.443106
 31
0.0
  0
LINE
  5
9eb
100
AcDbEntity
  8
0
 62
7
100
AcDbLine
 10
44.249815
 20
237.443106
 30
0.0
 11
44.249815
 21
237.493655
 31
0.0
  0
SPLINE
  5
9ec
100
AcDbEntity
  8
0
 62
7
100
AcDbSpline
 70
8
 71
3
 72
8
 73
4
 74
0
 40
0
 40
0
 40
0
 40
0
 40
1
 40
1
 40
1
 40
1
 10
44.249815
 20
237.493655
 30
0.0
 10
44.251998
 20
237.504109
 30
0.0
 10
44.251998
 20
237.514942
 30
0.0
 10
44.249815
 20
237.525354
 30
0.0
  0
LINE
  5
9ed
100
AcDbEntity
  8
0
 62
7
100
AcDbLine
 10
44.249815
 20
237.525354
 30
0.0
 11
44.249815
 21
237.772266
 31
0.0
  0
LINE
  5
9ee
100
AcDbEntity
  8
0
 62
7
100
AcDbLine
 10
44.249815
 20
237.772266
 30
0.0
 11
44.249815
 21
237.772266
 31
0.0
  0
LINE
  5
9ef
100
AcDbEntity
  8
0
 62
7
100
AcDbLine
 10
44.512566
 20
237.204569
 30
0.0
 11
45.325439
 21
237.204569
 31
0.0
  0
SPLINE
  5
9f0
100
AcDbEntity
  8
0
 62
7
100
AcDbSpline
 70
8
 71
3
 72
8
 73
4
 74
0
 40
0
 40
0
 40
0
 40
0
 40
1
 40
1
 40
1
 40
1
 10
45.325439
 20
237.204569
 30
0.0
 10
45.336019
 20
237.177006
 30
0.0
 10
45.347203
 20
237.149464
 30
0.0
 10
45.358354
 20
237.121901
 30
0.0
  0
LINE
  5
9f1
100
AcDbEntity
  8
0
 62
7
100
AcDbLine
 10
45.358354
 20
237.121901
 30
0.0
 11
43.094355
 21
237.121901
 31
0.0
  0
SPLINE
  5
9f2
100
AcDbEntity
  8
0
 62
7
100
AcDbSpline
 70
8
 71
3
 72
8
 73
4
 74
0
 40
0
 40
0
 40
0
 40
0
 40
1
 40
1
 40
1
 40
1
 10
43.094355
 20
237.121901
 30
0.0
 10
43.083775
 20
237.149464
 30
0.0
 10
43.072054
 20
237.177006
 30
0.0
 10
43.060903
 20
237.204569
 30
0.0
  0
LINE
  5
9f3
100
AcDbEntity
  8
0
 62
7
100
AcDbLine
 10
43.060903
 20
237.204569
 30
0.0
 11
44.512566
 21
237.204569
 31
0.0
  0
LINE
  5
9f4
100
AcDbEntity
  8
0
 62
7
100
AcDbLine
 10
44.512566
 20
237.204569
 30
0.0
 11
44.512566
 21
237.204569
 31
0.0
  0
LINE
  5
9f5
100
AcDbEntity
  8
0
 62
7
100
AcDbLine
 10
47.097892
 20
233.190654
 30
0.0
 11
47.104072
 21
233.190654
 31
0.0
  0
SPLINE
  5
9f6
100
AcDbEntity
  8
0
 62
7
100
AcDbSpline
 70
8
 71
3
 72
8
 73
4
 74
0
 40
0
 40
0
 40
0
 40
0
 40
1
 40
1
 40
1
 40
1
 10
47.104072
 20
233.190654
 30
0.0
 10
47.154285
 20
233.144261
 30
0.0
 10
47.203926
 20
233.097868
 30
0.0
 10
47.254139
 20
233.051495
 30
0.0
  0
SPLINE
  5
9f7
100
AcDbEntity
  8
0
 62
7
100
AcDbSpline
 70
8
 71
3
 72
8
 73
4
 74
0
 40
0
 40
0
 40
0
 40
0
 40
1
 40
1
 40
1
 40
1
 10
47.254139
 20
233.051495
 30
0.0
 10
47.197209
 20
233.000253
 30
0.0
 10
47.140346
 20
232.948612
 30
0.0
 10
47.083954
 20
232.897348
 30
0.0
  0
SPLINE
  5
9f8
100
AcDbEntity
  8
0
 62
7
100
AcDbSpline
 70
8
 71
3
 72
8
 73
4
 74
0
 40
0
 40
0
 40
0
 40
0
 40
1
 40
1
 40
1
 40
1
 10
47.083954
 20
232.897348
 30
0.0
 10
47.032633
 20
232.944098
 30
0.0
 10
46.980741
 20
232.991163
 30
0.0
 10
46.928849
 20
233.037557
 30
0.0
  0
SPLINE
  5
9f9
100
AcDbEntity
  8
0
 62
7
100
AcDbSpline
 70
8
 71
3
 72
8
 73
4
 74
0
 40
0
 40
0
 40
0
 40
0
 40
1
 40
1
 40
1
 40
1
 10
46.928849
 20
233.037557
 30
0.0
 10
46.985241
 20
233.088820
 30
0.0
 10
47.041533
 20
233.139727
 30
0.0
 10
47.097892
 20
233.190654
 30
0.0
  0
LINE
  5
9fa
100
AcDbEntity
  8
0
 62
7
100
AcDbLine
 10
47.097892
 20
233.190654
 30
0.0
 11
47.097892
 21
233.190654
 31
0.0
  0
SPLINE
  5
9fb
100
AcDbEntity
  8
0
 62
7
100
AcDbSpline
 70
8
 71
3
 72
8
 73
4
 74
0
 40
0
 40
0
 40
0
 40
0
 40
1
 40
1
 40
1
 40
1
 10
47.084021
 20
232.513439
 30
0.0
 10
47.140951
 20
232.461840
 30
0.0
 10
47.197847
 20
232.410577
 30
0.0
 10
47.254139
 20
232.358935
 30
0.0
  0
SPLINE
  5
9fc
100
AcDbEntity
  8
0
 62
7
100
AcDbSpline
 70
8
 71
3
 72
8
 73
4
 74
0
 40
0
 40
0
 40
0
 40
0
 40
1
 40
1
 40
1
 40
1
 10
47.254139
 20
232.358935
 30
0.0
 10
47.213431
 20
232.320960
 30
0.0
 10
47.172690
 20
232.283279
 30
0.0
 10
47.131983
 20
232.245639
 30
0.0
  0
LINE
  5
9fd
100
AcDbEntity
  8
0
 62
7
100
AcDbLine
 10
47.131983
 20
232.245639
 30
0.0
 11
47.069511
 21
232.245639
 31
0.0
  0
SPLINE
  5
9fe
100
AcDbEntity
  8
0
 62
7
100
AcDbSpline
 70
8
 71
3
 72
8
 73
4
 74
0
 40
0
 40
0
 40
0
 40
0
 40
1
 40
1
 40
1
 40
1
 10
47.069511
 20
232.245639
 30
0.0
 10
47.022657
 20
232.287834
 30
0.0
 10
46.975803
 20
232.330721
 30
0.0
 10
46.928882
 20
232.372895
 30
0.0
  0
SPLINE
  5
9ff
100
AcDbEntity
  8
0
 62
7
100
AcDbSpline
 70
8
 71
3
 72
8
 73
4
 74
0
 40
0
 40
0
 40
0
 40
0
 40
1
 40
1
 40
1
 40
1
 10
46.928882
 20
232.372895
 30
0.0
 10
46.980774
 20
232.419624
 30
0.0
 10
47.032700
 20
232.466353
 30
0.0
 10
47.084021
 20
232.513439
 30
0.0
  0
LINE
  5
a00
100
AcDbEntity
  8
0
 62
7
100
AcDbLine
 10
47.084021
 20
232.513439
 30
0.0
 11
47.084021
 21
232.513439
 31
0.0
  0
SPLINE
  5
a01
100
AcDbEntity
  8
0
 62
7
100
AcDbSpline
 70
8
 71
3
 72
8
 73
4
 74
0
 40
0
 40
0
 40
0
 40
0
 40
1
 40
1
 40
1
 40
1
 10
46.798363
 20
234.884972
 30
0.0
 10
46.850255
 20
234.801611
 30
0.0
 10
46.901610
 20
234.717578
 30
0.0
 10
46.953434
 20
234.634259
 30
0.0
  0
SPLINE
  5
a02
100
AcDbEntity
  8
0
 62
7
100
AcDbSpline
 70
8
 71
3
 72
8
 73
4
 74
0
 40
0
 40
0
 40
0
 40
0
 40
1
 40
1
 40
1
 40
1
 10
46.953434
 20
234.634259
 30
0.0
 10
46.791646
 20
234.538723
 30
0.0
 10
46.630395
 20
234.442473
 30
0.0
 10
46.469177
 20
234.346936
 30
0.0
  0
SPLINE
  5
a03
100
AcDbEntity
  8
0
 62
7
100
AcDbSpline
 70
8
 71
3
 72
8
 73
4
 74
0
 40
0
 40
0
 40
0
 40
0
 40
1
 40
1
 40
1
 40
1
 10
46.469177
 20
234.346936
 30
0.0
 10
46.372144
 20
234.405169
 30
0.0
 10
46.275582
 20
234.463402
 30
0.0
 10
46.178482
 20
234.521635
 30
0.0
  0
SPLINE
  5
a04
100
AcDbEntity
  8
0
 62
7
100
AcDbSpline
 70
8
 71
3
 72
8
 73
4
 74
0
 40
0
 40
0
 40
0
 40
0
 40
1
 40
1
 40
1
 40
1
 10
46.178482
 20
234.521635
 30
0.0
 10
46.385545
 20
234.642971
 30
0.0
 10
46.591904
 20
234.763993
 30
0.0
 10
46.798363
 20
234.884972
 30
0.0
  0
LINE
  5
a05
100
AcDbEntity
  8
0
 62
7
100
AcDbLine
 10
46.798363
 20
234.884972
 30
0.0
 11
46.798363
 21
234.884972
 31
0.0
  0
SPLINE
  5
a06
100
AcDbEntity
  8
0
 62
7
100
AcDbSpline
 70
8
 71
3
 72
8
 73
4
 74
0
 40
0
 40
0
 40
0
 40
0
 40
1
 40
1
 40
1
 40
1
 10
46.466389
 20
234.036942
 30
0.0
 10
46.636004
 20
233.935108
 30
0.0
 10
46.805585
 20
233.833315
 30
0.0
 10
46.975232
 20
233.731124
 30
0.0
  0
SPLINE
  5
a07
100
AcDbEntity
  8
0
 62
7
100
AcDbSpline
 70
8
 71
3
 72
8
 73
4
 74
0
 40
0
 40
0
 40
0
 40
0
 40
1
 40
1
 40
1
 40
1
 10
46.975232
 20
233.731124
 30
0.0
 10
46.906010
 20
233.673584
 30
0.0
 10
46.836249
 20
233.616044
 30
0.0
 10
46.767094
 20
233.558861
 30
0.0
  0
SPLINE
  5
a08
100
AcDbEntity
  8
0
 62
7
100
AcDbSpline
 70
8
 71
3
 72
8
 73
4
 74
0
 40
0
 40
0
 40
0
 40
0
 40
1
 40
1
 40
1
 40
1
 10
46.767094
 20
233.558861
 30
0.0
 10
46.581828
 20
233.668000
 30
0.0
 10
46.396092
 20
233.776426
 30
0.0
 10
46.211397
 20
233.885251
 30
0.0
  0
SPLINE
  5
a09
100
AcDbEntity
  8
0
 62
7
100
AcDbSpline
 70
8
 71
3
 72
8
 73
4
 74
0
 40
0
 40
0
 40
0
 40
0
 40
1
 40
1
 40
1
 40
1
 10
46.211397
 20
233.885251
 30
0.0
 10
46.296741
 20
233.935842
 30
0.0
 10
46.381582
 20
233.986413
 30
0.0
 10
46.466389
 20
234.036942
 30
0.0
  0
LINE
  5
a0a
100
AcDbEntity
  8
0
 62
7
100
AcDbLine
 10
46.466389
 20
234.036942
 30
0.0
 11
46.466389
 21
234.036942
 31
0.0
  0
SPLINE
  5
a0b
100
AcDbEntity
  8
0
 62
7
100
AcDbSpline
 70
8
 71
3
 72
8
 73
4
 74
0
 40
0
 40
0
 40
0
 40
0
 40
1
 40
1
 40
1
 40
1
 10
46.716848
 20
232.845749
 30
0.0
 10
46.768169
 20
232.799020
 30
0.0
 10
46.820060
 20
232.752291
 30
0.0
 10
46.871952
 20
232.705226
 30
0.0
  0
SPLINE
  5
a0c
100
AcDbEntity
  8
0
 62
7
100
AcDbSpline
 70
8
 71
3
 72
8
 73
4
 74
0
 40
0
 40
0
 40
0
 40
0
 40
1
 40
1
 40
1
 40
1
 10
46.871952
 20
232.705226
 30
0.0
 10
46.820060
 20
232.658497
 30
0.0
 10
46.768169
 20
232.611768
 30
0.0
 10
46.716848
 20
232.565039
 30
0.0
  0
SPLINE
  5
a0d
100
AcDbEntity
  8
0
 62
7
100
AcDbSpline
 70
8
 71
3
 72
8
 73
4
 74
0
 40
0
 40
0
 40
0
 40
0
 40
1
 40
1
 40
1
 40
1
 10
46.716848
 20
232.565039
 30
0.0
 10
46.664956
 20
232.611768
 30
0.0
 10
46.613601
 20
232.658497
 30
0.0
 10
46.561709
 20
232.705226
 30
0.0
  0
SPLINE
  5
a0e
100
AcDbEntity
  8
0
 62
7
100
AcDbSpline
 70
8
 71
3
 72
8
 73
4
 74
0
 40
0
 40
0
 40
0
 40
0
 40
1
 40
1
 40
1
 40
1
 10
46.561709
 20
232.705226
 30
0.0
 10
46.613601
 20
232.751955
 30
0.0
 10
46.664956
 20
232.798684
 30
0.0
 10
46.716848
 20
232.845749
 30
0.0
  0
LINE
  5
a0f
100
AcDbEntity
  8
0
 62
7
100
AcDbLine
 10
46.716848
 20
232.845749
 30
0.0
 11
46.716848
 21
232.845749
 31
0.0
  0
LINE
  5
a10
100
AcDbEntity
  8
0
 62
7
100
AcDbLine
 10
47.028804
 20
232.006431
 30
0.0
 11
47.667595
 21
232.006431
 31
0.0
  0
SPLINE
  5
a11
100
AcDbEntity
  8
0
 62
7
100
AcDbSpline
 70
8
 71
3
 72
8
 73
4
 74
0
 40
0
 40
0
 40
0
 40
0
 40
1
 40
1
 40
1
 40
1
 10
47.667595
 20
232.006431
 30
0.0
 10
47.698864
 20
231.997341
 30
0.0
 10
47.731813
 20
231.998391
 30
0.0
 10
47.761840
 20
232.006431
 30
0.0
  0
LINE
  5
a12
100
AcDbEntity
  8
0
 62
7
100
AcDbLine
 10
47.761840
 20
232.006431
 30
0.0
 11
47.836067
 21
232.006431
 31
0.0
  0
SPLINE
  5
a13
100
AcDbEntity
  8
0
 62
7
100
AcDbSpline
 70
8
 71
3
 72
8
 73
4
 74
0
 40
0
 40
0
 40
0
 40
0
 40
1
 40
1
 40
1
 40
1
 10
47.836067
 20
232.006431
 30
0.0
 10
47.528108
 20
231.785675
 30
0.0
 10
47.220115
 20
231.564961
 30
0.0
 10
46.912190
 20
231.344226
 30
0.0
  0
SPLINE
  5
a14
100
AcDbEntity
  8
0
 62
7
100
AcDbSpline
 70
8
 71
3
 72
8
 73
4
 74
0
 40
0
 40
0
 40
0
 40
0
 40
1
 40
1
 40
1
 40
1
 10
46.912190
 20
231.344226
 30
0.0
 10
46.774416
 20
231.564961
 30
0.0
 10
46.637112
 20
231.785675
 30
0.0
 10
46.499338
 20
232.006431
 30
0.0
  0
LINE
  5
a15
100
AcDbEntity
  8
0
 62
7
100
AcDbLine
 10
46.499338
 20
232.006431
 30
0.0
 11
46.933954
 21
232.006431
 31
0.0
  0
SPLINE
  5
a16
100
AcDbEntity
  8
0
 62
7
100
AcDbSpline
 70
8
 71
3
 72
8
 73
4
 74
0
 40
0
 40
0
 40
0
 40
0
 40
1
 40
1
 40
1
 40
1
 10
46.933954
 20
232.006431
 30
0.0
 10
46.965761
 20
231.997341
 30
0.0
 10
46.998139
 20
231.998391
 30
0.0
 10
47.028804
 20
232.006431
 30
0.0
  0
LINE
  5
a17
100
AcDbEntity
  8
0
 62
7
100
AcDbLine
 10
47.028804
 20
232.006431
 30
0.0
 11
47.028804
 21
232.006431
 31
0.0
  0
SPLINE
  5
a18
100
AcDbEntity
  8
0
 62
7
100
AcDbSpline
 70
8
 71
3
 72
8
 73
4
 74
0
 40
0
 40
0
 40
0
 40
0
 40
1
 40
1
 40
1
 40
1
 10
46.928849
 20
230.430993
 30
0.0
 10
47.024269
 20
230.398896
 30
0.0
 10
47.119052
 20
230.367176
 30
0.0
 10
47.215077
 20
230.335121
 30
0.0
  0
SPLINE
  5
a19
100
AcDbEntity
  8
0
 62
7
100
AcDbSpline
 70
8
 71
3
 72
8
 73
4
 74
0
 40
0
 40
0
 40
0
 40
0
 40
1
 40
1
 40
1
 40
1
 10
47.215077
 20
230.335121
 30
0.0
 10
47.356781
 20
230.142621
 30
0.0
 10
47.499593
 20
229.950162
 30
0.0
 10
47.641397
 20
229.757284
 30
0.0
  0
LINE
  5
a1a
100
AcDbEntity
  8
0
 62
7
100
AcDbLine
 10
47.641397
 20
229.757284
 30
0.0
 11
47.426541
 21
229.757284
 31
0.0
  0
SPLINE
  5
a1b
100
AcDbEntity
  8
0
 62
7
100
AcDbSpline
 70
8
 71
3
 72
8
 73
4
 74
0
 40
0
 40
0
 40
0
 40
0
 40
1
 40
1
 40
1
 40
1
 10
47.426541
 20
229.757284
 30
0.0
 10
47.312211
 20
229.912124
 30
0.0
 10
47.198384
 20
230.066586
 30
0.0
 10
47.083954
 20
230.221069
 30
0.0
  0
SPLINE
  5
a1c
100
AcDbEntity
  8
0
 62
7
100
AcDbSpline
 70
8
 71
3
 72
8
 73
4
 74
0
 40
0
 40
0
 40
0
 40
0
 40
1
 40
1
 40
1
 40
1
 10
47.083954
 20
230.221069
 30
0.0
 10
47.032062
 20
230.291142
 30
0.0
 10
46.980170
 20
230.361256
 30
0.0
 10
46.928849
 20
230.430993
 30
0.0
  0
LINE
  5
a1d
100
AcDbEntity
  8
0
 62
7
100
AcDbLine
 10
46.928849
 20
230.430993
 30
0.0
 11
46.928849
 21
230.430993
 31
0.0
  0
SPLINE
  5
a1e
100
AcDbEntity
  8
0
 62
7
100
AcDbSpline
 70
8
 71
3
 72
8
 73
4
 74
0
 40
0
 40
0
 40
0
 40
0
 40
1
 40
1
 40
1
 40
1
 10
46.650043
 20
230.298720
 30
0.0
 10
46.783383
 20
230.118479
 30
0.0
 10
46.916119
 20
229.937882
 30
0.0
 10
47.049393
 20
229.757305
 30
0.0
  0
LINE
  5
a1f
100
AcDbEntity
  8
0
 62
7
100
AcDbLine
 10
47.049393
 20
229.757305
 30
0.0
 11
45.891178
 21
229.757305
 31
0.0
  0
SPLINE
  5
a20
100
AcDbEntity
  8
0
 62
7
100
AcDbSpline
 70
8
 71
3
 72
8
 73
4
 74
0
 40
0
 40
0
 40
0
 40
0
 40
1
 40
1
 40
1
 40
1
 10
45.891178
 20
229.757305
 30
0.0
 10
46.144525
 20
229.937924
 30
0.0
 10
46.397167
 20
230.118227
 30
0.0
 10
46.650043
 20
230.298720
 30
0.0
  0
LINE
  5
a21
100
AcDbEntity
  8
0
 62
7
100
AcDbLine
 10
46.650043
 20
230.298720
 30
0.0
 11
46.650043
 21
230.298720
 31
0.0
  0
SPLINE
  5
a22
100
AcDbEntity
  8
0
 62
7
100
AcDbSpline
 70
8
 71
3
 72
8
 73
4
 74
0
 40
0
 40
0
 40
0
 40
0
 40
1
 40
1
 40
1
 40
1
 10
46.645475
 20
230.814902
 30
0.0
 10
46.668348
 20
230.831633
 30
0.0
 10
46.691221
 20
230.847671
 30
0.0
 10
46.714094
 20
230.864444
 30
0.0
  0
SPLINE
  5
a23
100
AcDbEntity
  8
0
 62
7
100
AcDbSpline
 70
8
 71
3
 72
8
 73
4
 74
0
 40
0
 40
0
 40
0
 40
0
 40
1
 40
1
 40
1
 40
1
 10
46.714094
 20
230.864444
 30
0.0
 10
46.758697
 20
230.848763
 30
0.0
 10
46.803368
 20
230.832683
 30
0.0
 10
46.848005
 20
230.817001
 30
0.0
  0
SPLINE
  5
a24
100
AcDbEntity
  8
0
 62
7
100
AcDbSpline
 70
8
 71
3
 72
8
 73
4
 74
0
 40
0
 40
0
 40
0
 40
0
 40
1
 40
1
 40
1
 40
1
 10
46.848005
 20
230.817001
 30
0.0
 10
46.780697
 20
230.816309
 30
0.0
 10
46.713355
 20
230.815616
 30
0.0
 10
46.645475
 20
230.814902
 30
0.0
  0
LINE
  5
a25
100
AcDbEntity
  8
0
 62
7
100
AcDbLine
 10
46.645475
 20
230.814902
 30
0.0
 11
46.645475
 21
230.814902
 31
0.0
  0
SPLINE
  5
a26
100
AcDbEntity
  8
0
 62
7
100
AcDbSpline
 70
8
 71
3
 72
8
 73
4
 74
0
 40
0
 40
0
 40
0
 40
0
 40
1
 40
1
 40
1
 40
1
 10
47.847218
 20
230.123413
 30
0.0
 10
48.212107
 20
230.001384
 30
0.0
 10
48.575855
 20
229.879334
 30
0.0
 10
48.940173
 20
229.757284
 30
0.0
  0
LINE
  5
a27
100
AcDbEntity
  8
0
 62
7
100
AcDbLine
 10
48.940173
 20
229.757284
 30
0.0
 11
48.020729
 21
229.757284
 31
0.0
  0
SPLINE
  5
a28
100
AcDbEntity
  8
0
 62
7
100
AcDbSpline
 70
8
 71
3
 72
8
 73
4
 74
0
 40
0
 40
0
 40
0
 40
0
 40
1
 40
1
 40
1
 40
1
 10
48.020729
 20
229.757284
 30
0.0
 10
47.920303
 20
229.893630
 30
0.0
 10
47.819274
 20
230.029975
 30
0.0
 10
47.718882
 20
230.166657
 30
0.0
  0
SPLINE
  5
a29
100
AcDbEntity
  8
0
 62
7
100
AcDbSpline
 70
8
 71
3
 72
8
 73
4
 74
0
 40
0
 40
0
 40
0
 40
0
 40
1
 40
1
 40
1
 40
1
 10
47.718882
 20
230.166657
 30
0.0
 10
47.761840
 20
230.152004
 30
0.0
 10
47.804798
 20
230.138065
 30
0.0
 10
47.847218
 20
230.123413
 30
0.0
  0
LINE
  5
a2a
100
AcDbEntity
  8
0
 62
7
100
AcDbLine
 10
47.847218
 20
230.123413
 30
0.0
 11
47.847218
 21
230.123413
 31
0.0
  0
LINE
  5
a2b
100
AcDbEntity
  8
0
 62
7
100
AcDbLine
 10
48.200352
 20
229.518433
 30
0.0
 11
49.974518
 21
229.518433
 31
0.0
  0
LINE
  5
a2c
100
AcDbEntity
  8
0
 62
7
100
AcDbLine
 10
49.974518
 20
229.518433
 30
0.0
 11
50.473822
 21
229.518433
 31
0.0
  0
SPLINE
  5
a2d
100
AcDbEntity
  8
0
 62
7
100
AcDbSpline
 70
8
 71
3
 72
8
 73
4
 74
0
 40
0
 40
0
 40
0
 40
0
 40
1
 40
1
 40
1
 40
1
 10
50.473822
 20
229.518433
 30
0.0
 10
50.482723
 20
229.505522
 30
0.0
 10
50.491657
 20
229.492969
 30
0.0
 10
50.501263
 20
229.480079
 30
0.0
  0
LINE
  5
a2e
100
AcDbEntity
  8
0
 62
7
100
AcDbLine
 10
50.501263
 20
229.480079
 30
0.0
 11
48.228263
 21
229.480079
 31
0.0
  0
SPLINE
  5
a2f
100
AcDbEntity
  8
0
 62
7
100
AcDbSpline
 70
8
 71
3
 72
8
 73
4
 74
0
 40
0
 40
0
 40
0
 40
0
 40
1
 40
1
 40
1
 40
1
 10
48.228263
 20
229.480079
 30
0.0
 10
48.219396
 20
229.492633
 30
0.0
 10
48.209286
 20
229.505522
 30
0.0
 10
48.200352
 20
229.518433
 30
0.0
  0
LINE
  5
a30
100
AcDbEntity
  8
0
 62
7
100
AcDbLine
 10
48.200352
 20
229.518433
 30
0.0
 11
48.200352
 21
229.518433
 31
0.0
  0
SPLINE
  5
a31
100
AcDbEntity
  8
0
 62
7
100
AcDbSpline
 70
8
 71
3
 72
8
 73
4
 74
0
 40
0
 40
0
 40
0
 40
0
 40
1
 40
1
 40
1
 40
1
 10
48.021871
 20
229.242236
 30
0.0
 10
48.188664
 20
229.015581
 30
0.0
 10
48.356095
 20
228.789262
 30
0.0
 10
48.523425
 20
228.562607
 30
0.0
  0
SPLINE
  5
a32
100
AcDbEntity
  8
0
 62
7
100
AcDbSpline
 70
8
 71
3
 72
8
 73
4
 74
0
 40
0
 40
0
 40
0
 40
0
 40
1
 40
1
 40
1
 40
1
 10
48.523425
 20
228.562607
 30
0.0
 10
48.426930
 20
228.595733
 30
0.0
 10
48.330972
 20
228.628859
 30
0.0
 10
48.234510
 20
228.661985
 30
0.0
  0
SPLINE
  5
a33
100
AcDbEntity
  8
0
 62
7
100
AcDbSpline
 70
8
 71
3
 72
8
 73
4
 74
0
 40
0
 40
0
 40
0
 40
0
 40
1
 40
1
 40
1
 40
1
 10
48.234510
 20
228.661985
 30
0.0
 10
48.092202
 20
228.855157
 30
0.0
 10
47.949390
 20
229.048329
 30
0.0
 10
47.806578
 20
229.241879
 30
0.0
  0
LINE
  5
a34
100
AcDbEntity
  8
0
 62
7
100
AcDbLine
 10
47.806578
 20
229.241879
 30
0.0
 11
47.806511
 21
229.242236
 31
0.0
  0
LINE
  5
a35
100
AcDbEntity
  8
0
 62
7
100
AcDbLine
 10
47.806511
 20
229.242236
 30
0.0
 11
48.021871
 21
229.242236
 31
0.0
  0
LINE
  5
a36
100
AcDbEntity
  8
0
 62
7
100
AcDbLine
 10
48.021871
 20
229.242236
 30
0.0
 11
48.021871
 21
229.242236
 31
0.0
  0
SPLINE
  5
a37
100
AcDbEntity
  8
0
 62
7
100
AcDbSpline
 70
8
 71
3
 72
8
 73
4
 74
0
 40
0
 40
0
 40
0
 40
0
 40
1
 40
1
 40
1
 40
1
 10
45.784640
 20
229.242949
 30
0.0
 10
46.519994
 20
228.989466
 30
0.0
 10
47.254206
 20
228.736634
 30
0.0
 10
47.988989
 20
228.483486
 30
0.0
  0
SPLINE
  5
a38
100
AcDbEntity
  8
0
 62
7
100
AcDbSpline
 70
8
 71
3
 72
8
 73
4
 74
0
 40
0
 40
0
 40
0
 40
0
 40
1
 40
1
 40
1
 40
1
 10
47.988989
 20
228.483486
 30
0.0
 10
48.009645
 20
228.455944
 30
0.0
 10
48.029663
 20
228.428360
 30
0.0
 10
48.049781
 20
228.400839
 30
0.0
  0
SPLINE
  5
a39
100
AcDbEntity
  8
0
 62
7
100
AcDbSpline
 70
8
 71
3
 72
8
 73
4
 74
0
 40
0
 40
0
 40
0
 40
0
 40
1
 40
1
 40
1
 40
1
 10
48.049781
 20
228.400839
 30
0.0
 10
47.920942
 20
228.400839
 30
0.0
 10
47.791497
 20
228.400839
 30
0.0
 10
47.662590
 20
228.400860
 30
0.0
  0
SPLINE
  5
a3a
100
AcDbEntity
  8
0
 62
7
100
AcDbSpline
 70
8
 71
3
 72
8
 73
4
 74
0
 40
0
 40
0
 40
0
 40
0
 40
1
 40
1
 40
1
 40
1
 10
47.662590
 20
228.400860
 30
0.0
 10
47.562031
 20
228.434532
 30
0.0
 10
47.461371
 20
228.468225
 30
0.0
 10
47.360744
 20
228.501960
 30
0.0
  0
SPLINE
  5
a3b
100
AcDbEntity
  8
0
 62
7
100
AcDbSpline
 70
8
 71
3
 72
8
 73
4
 74
0
 40
0
 40
0
 40
0
 40
0
 40
1
 40
1
 40
1
 40
1
 10
47.360744
 20
228.501960
 30
0.0
 10
46.747009
 20
228.707370
 30
0.0
 10
46.132736
 20
228.912739
 30
0.0
 10
45.517960
 20
229.118464
 30
0.0
  0
SPLINE
  5
a3c
100
AcDbEntity
  8
0
 62
7
100
AcDbSpline
 70
8
 71
3
 72
8
 73
4
 74
0
 40
0
 40
0
 40
0
 40
0
 40
1
 40
1
 40
1
 40
1
 10
45.517960
 20
229.118464
 30
0.0
 10
45.488403
 20
229.159966
 30
0.0
 10
45.458276
 20
229.201468
 30
0.0
 10
45.428182
 20
229.242949
 30
0.0
  0
LINE
  5
a3d
100
AcDbEntity
  8
0
 62
7
100
AcDbLine
 10
45.428182
 20
229.242949
 30
0.0
 11
45.784640
 21
229.242949
 31
0.0
  0
LINE
  5
a3e
100
AcDbEntity
  8
0
 62
7
100
AcDbLine
 10
45.784640
 20
229.242949
 30
0.0
 11
45.784640
 21
229.242949
 31
0.0
  0
SPLINE
  5
a3f
100
AcDbEntity
  8
0
 62
7
100
AcDbSpline
 70
8
 71
3
 72
8
 73
4
 74
0
 40
0
 40
0
 40
0
 40
0
 40
1
 40
1
 40
1
 40
1
 10
47.591117
 20
228.161631
 30
0.0
 10
47.734500
 20
228.113852
 30
0.0
 10
47.877346
 20
228.066094
 30
0.0
 10
48.020729
 20
228.018295
 30
0.0
  0
LINE
  5
a40
100
AcDbEntity
  8
0
 62
7
100
AcDbLine
 10
48.020729
 20
228.018295
 30
0.0
 11
46.831245
 21
228.018295
 31
0.0
  0
LINE
  5
a41
100
AcDbEntity
  8
0
 62
7
100
AcDbLine
 10
46.831245
 20
228.018295
 30
0.0
 11
46.314610
 21
228.018295
 31
0.0
  0
SPLINE
  5
a42
100
AcDbEntity
  8
0
 62
7
100
AcDbSpline
 70
8
 71
3
 72
8
 73
4
 74
0
 40
0
 40
0
 40
0
 40
0
 40
1
 40
1
 40
1
 40
1
 10
46.314610
 20
228.018295
 30
0.0
 10
46.280015
 20
228.066052
 30
0.0
 10
46.245454
 20
228.113810
 30
0.0
 10
46.210826
 20
228.161631
 30
0.0
  0
LINE
  5
a43
100
AcDbEntity
  8
0
 62
7
100
AcDbLine
 10
46.210826
 20
228.161631
 30
0.0
 11
47.591117
 21
228.161631
 31
0.0
  0
LINE
  5
a44
100
AcDbEntity
  8
0
 62
7
100
AcDbLine
 10
47.591117
 20
228.161631
 30
0.0
 11
47.591117
 21
228.161631
 31
0.0
  0
LINE
  5
a45
100
AcDbEntity
  8
0
 62
7
100
AcDbLine
 10
45.501233
 20
229.519104
 30
0.0
 11
47.223474
 21
229.519104
 31
0.0
  0
SPLINE
  5
a46
100
AcDbEntity
  8
0
 62
7
100
AcDbSpline
 70
8
 71
3
 72
8
 73
4
 74
0
 40
0
 40
0
 40
0
 40
0
 40
1
 40
1
 40
1
 40
1
 10
47.223474
 20
229.519104
 30
0.0
 10
47.232408
 20
229.506194
 30
0.0
 10
47.242451
 20
229.493662
 30
0.0
 10
47.251385
 20
229.480751
 30
0.0
  0
LINE
  5
a47
100
AcDbEntity
  8
0
 62
7
100
AcDbLine
 10
47.251385
 20
229.480751
 30
0.0
 11
45.753976
 21
229.480751
 31
0.0
  0
LINE
  5
a48
100
AcDbEntity
  8
0
 62
7
100
AcDbLine
 10
45.753976
 20
229.480751
 30
0.0
 11
45.254033
 21
229.480751
 31
0.0
  0
SPLINE
  5
a49
100
AcDbEntity
  8
0
 62
7
100
AcDbSpline
 70
8
 71
3
 72
8
 73
4
 74
0
 40
0
 40
0
 40
0
 40
0
 40
1
 40
1
 40
1
 40
1
 10
45.254033
 20
229.480751
 30
0.0
 10
45.245132
 20
229.493326
 30
0.0
 10
45.235661
 20
229.506194
 30
0.0
 10
45.226693
 20
229.519104
 30
0.0
  0
LINE
  5
a4a
100
AcDbEntity
  8
0
 62
7
100
AcDbLine
 10
45.226693
 20
229.519104
 30
0.0
 11
45.478361
 21
229.519104
 31
0.0
  0
LINE
  5
a4b
100
AcDbEntity
  8
0
 62
7
100
AcDbLine
 10
45.478361
 20
229.519104
 30
0.0
 11
45.478898
 21
229.519104
 31
0.0
  0
SPLINE
  5
a4c
100
AcDbEntity
  8
0
 62
7
100
AcDbSpline
 70
8
 71
3
 72
8
 73
4
 74
0
 40
0
 40
0
 40
0
 40
0
 40
1
 40
1
 40
1
 40
1
 10
45.478898
 20
229.519104
 30
0.0
 10
45.486153
 20
229.518768
 30
0.0
 10
45.493979
 20
229.518768
 30
0.0
 10
45.501233
 20
229.519104
 30
0.0
  0
LINE
  5
a4d
100
AcDbEntity
  8
0
 62
7
100
AcDbLine
 10
45.501233
 20
229.519104
 30
0.0
 11
45.501233
 21
229.519104
 31
0.0
  0
LINE
  5
a4e
100
AcDbEntity
  8
0
 62
7
100
AcDbLine
 10
46.551197
 20
229.242236
 30
0.0
 11
47.427717
 21
229.242236
 31
0.0
  0
SPLINE
  5
a4f
100
AcDbEntity
  8
0
 62
7
100
AcDbSpline
 70
8
 71
3
 72
8
 73
4
 74
0
 40
0
 40
0
 40
0
 40
0
 40
1
 40
1
 40
1
 40
1
 10
47.427717
 20
229.242236
 30
0.0
 10
47.527571
 20
229.107275
 30
0.0
 10
47.626921
 20
228.972315
 30
0.0
 10
47.726171
 20
228.837397
 30
0.0
  0
SPLINE
  5
a50
100
AcDbEntity
  8
0
 62
7
100
AcDbSpline
 70
8
 71
3
 72
8
 73
4
 74
0
 40
0
 40
0
 40
0
 40
0
 40
1
 40
1
 40
1
 40
1
 10
47.726171
 20
228.837397
 30
0.0
 10
47.334513
 20
228.972357
 30
0.0
 10
46.942855
 20
229.107317
 30
0.0
 10
46.551197
 20
229.242236
 30
0.0
  0
LINE
  5
a51
100
AcDbEntity
  8
0
 62
7
100
AcDbLine
 10
46.551197
 20
229.242236
 30
0.0
 11
46.551197
 21
229.242236
 31
0.0
  0
SPLINE
  5
a52
100
AcDbEntity
  8
0
 62
7
100
AcDbSpline
 70
8
 71
3
 72
8
 73
4
 74
0
 40
0
 40
0
 40
0
 40
0
 40
1
 40
1
 40
1
 40
1
 10
45.769526
 20
228.771859
 30
0.0
 10
46.138883
 20
228.648067
 30
0.0
 10
46.508743
 20
228.524275
 30
0.0
 10
46.878132
 20
228.400482
 30
0.0
  0
LINE
  5
a53
100
AcDbEntity
  8
0
 62
7
100
AcDbLine
 10
46.878132
 20
228.400482
 30
0.0
 11
46.543371
 21
228.400482
 31
0.0
  0
LINE
  5
a54
100
AcDbEntity
  8
0
 62
7
100
AcDbLine
 10
46.543371
 20
228.400482
 30
0.0
 11
46.037886
 21
228.400482
 31
0.0
  0
SPLINE
  5
a55
100
AcDbEntity
  8
0
 62
7
100
AcDbSpline
 70
8
 71
3
 72
8
 73
4
 74
0
 40
0
 40
0
 40
0
 40
0
 40
1
 40
1
 40
1
 40
1
 10
46.037886
 20
228.400482
 30
0.0
 10
45.948612
 20
228.523897
 30
0.0
 10
45.858801
 20
228.647731
 30
0.0
 10
45.769526
 20
228.771859
 30
0.0
  0
LINE
  5
a56
100
AcDbEntity
  8
0
 62
7
100
AcDbLine
 10
45.769526
 20
228.771859
 30
0.0
 11
45.769526
 21
228.771859
 31
0.0
  0
SPLINE
  5
a57
100
AcDbEntity
  8
0
 62
7
100
AcDbSpline
 70
8
 71
3
 72
8
 73
4
 74
0
 40
0
 40
0
 40
0
 40
0
 40
1
 40
1
 40
1
 40
1
 10
45.947537
 20
233.730411
 30
0.0
 10
46.118260
 20
233.629983
 30
0.0
 10
46.288949
 20
233.529555
 30
0.0
 10
46.459672
 20
233.429128
 30
0.0
  0
LINE
  5
a58
100
AcDbEntity
  8
0
 62
7
100
AcDbLine
 10
46.459672
 20
233.429128
 30
0.0
 11
45.439769
 21
233.429128
 31
0.0
  0
SPLINE
  5
a59
100
AcDbEntity
  8
0
 62
7
100
AcDbSpline
 70
8
 71
3
 72
8
 73
4
 74
0
 40
0
 40
0
 40
0
 40
0
 40
1
 40
1
 40
1
 40
1
 10
45.439769
 20
233.429128
 30
0.0
 10
45.608880
 20
233.529555
 30
0.0
 10
45.777889
 20
233.629983
 30
0.0
 10
45.947537
 20
233.730411
 30
0.0
  0
LINE
  5
a5a
100
AcDbEntity
  8
0
 62
7
100
AcDbLine
 10
45.947537
 20
233.730411
 30
0.0
 11
45.947537
 21
233.730411
 31
0.0
  0
SPLINE
  5
a5b
100
AcDbEntity
  8
0
 62
7
100
AcDbSpline
 70
8
 71
3
 72
8
 73
4
 74
0
 40
0
 40
0
 40
0
 40
0
 40
1
 40
1
 40
1
 40
1
 10
45.981024
 20
232.845413
 30
0.0
 10
46.032916
 20
232.798684
 30
0.0
 10
46.084237
 20
232.751955
 30
0.0
 10
46.136128
 20
232.704890
 30
0.0
  0
SPLINE
  5
a5c
100
AcDbEntity
  8
0
 62
7
100
AcDbSpline
 70
8
 71
3
 72
8
 73
4
 74
0
 40
0
 40
0
 40
0
 40
0
 40
1
 40
1
 40
1
 40
1
 10
46.136128
 20
232.704890
 30
0.0
 10
46.084237
 20
232.658161
 30
0.0
 10
46.032916
 20
232.611432
 30
0.0
 10
45.981024
 20
232.564682
 30
0.0
  0
SPLINE
  5
a5d
100
AcDbEntity
  8
0
 62
7
100
AcDbSpline
 70
8
 71
3
 72
8
 73
4
 74
0
 40
0
 40
0
 40
0
 40
0
 40
1
 40
1
 40
1
 40
1
 10
45.981024
 20
232.564682
 30
0.0
 10
45.929669
 20
232.611432
 30
0.0
 10
45.877777
 20
232.658161
 30
0.0
 10
45.826456
 20
232.704890
 30
0.0
  0
SPLINE
  5
a5e
100
AcDbEntity
  8
0
 62
7
100
AcDbSpline
 70
8
 71
3
 72
8
 73
4
 74
0
 40
0
 40
0
 40
0
 40
0
 40
1
 40
1
 40
1
 40
1
 10
45.826456
 20
232.704890
 30
0.0
 10
45.877777
 20
232.751619
 30
0.0
 10
45.929669
 20
232.798348
 30
0.0
 10
45.981024
 20
232.845413
 30
0.0
  0
LINE
  5
a5f
100
AcDbEntity
  8
0
 62
7
100
AcDbLine
 10
45.981024
 20
232.845413
 30
0.0
 11
45.981024
 21
232.845413
 31
0.0
  0
SPLINE
  5
a60
100
AcDbEntity
  8
0
 62
7
100
AcDbSpline
 70
8
 71
3
 72
8
 73
4
 74
0
 40
0
 40
0
 40
0
 40
0
 40
1
 40
1
 40
1
 40
1
 10
45.596654
 20
232.007145
 30
0.0
 10
45.771239
 20
231.785381
 30
0.0
 10
45.945925
 20
231.563239
 30
0.0
 10
46.119973
 20
231.341119
 30
0.0
  0
SPLINE
  5
a61
100
AcDbEntity
  8
0
 62
7
100
AcDbSpline
 70
8
 71
3
 72
8
 73
4
 74
0
 40
0
 40
0
 40
0
 40
0
 40
1
 40
1
 40
1
 40
1
 10
46.119973
 20
231.341119
 30
0.0
 10
45.493475
 20
231.562882
 30
0.0
 10
44.866876
 20
231.785024
 30
0.0
 10
44.240881
 20
232.007145
 30
0.0
  0
LINE
  5
a62
100
AcDbEntity
  8
0
 62
7
100
AcDbLine
 10
44.240881
 20
232.007145
 30
0.0
 11
44.731251
 21
232.007145
 31
0.0
  0
SPLINE
  5
a63
100
AcDbEntity
  8
0
 62
7
100
AcDbSpline
 70
8
 71
3
 72
8
 73
4
 74
0
 40
0
 40
0
 40
0
 40
0
 40
1
 40
1
 40
1
 40
1
 10
44.731251
 20
232.007145
 30
0.0
 10
44.762521
 20
231.998076
 30
0.0
 10
44.795470
 20
231.999125
 30
0.0
 10
44.825597
 20
232.007145
 30
0.0
  0
LINE
  5
a64
100
AcDbEntity
  8
0
 62
7
100
AcDbLine
 10
44.825597
 20
232.007145
 30
0.0
 11
45.464388
 21
232.007145
 31
0.0
  0
SPLINE
  5
a65
100
AcDbEntity
  8
0
 62
7
100
AcDbSpline
 70
8
 71
3
 72
8
 73
4
 74
0
 40
0
 40
0
 40
0
 40
0
 40
1
 40
1
 40
1
 40
1
 10
45.464388
 20
232.007145
 30
0.0
 10
45.496162
 20
231.998076
 30
0.0
 10
45.528573
 20
231.999125
 30
0.0
 10
45.559238
 20
232.007145
 30
0.0
  0
LINE
  5
a66
100
AcDbEntity
  8
0
 62
7
100
AcDbLine
 10
45.559238
 20
232.007145
 30
0.0
 11
45.596654
 21
232.007145
 31
0.0
  0
LINE
  5
a67
100
AcDbEntity
  8
0
 62
7
100
AcDbLine
 10
45.596654
 20
232.007145
 30
0.0
 11
45.596654
 21
232.007145
 31
0.0
  0
LINE
  5
a68
100
AcDbEntity
  8
0
 62
7
100
AcDbLine
 10
44.194565
 20
230.947427
 30
0.0
 11
45.387407
 21
230.947427
 31
0.0
  0
SPLINE
  5
a69
100
AcDbEntity
  8
0
 62
7
100
AcDbSpline
 70
8
 71
3
 72
8
 73
4
 74
0
 40
0
 40
0
 40
0
 40
0
 40
1
 40
1
 40
1
 40
1
 10
45.387407
 20
230.947427
 30
0.0
 10
45.528036
 20
230.900362
 30
0.0
 10
45.669168
 20
230.852940
 30
0.0
 10
45.809730
 20
230.805875
 30
0.0
  0
SPLINE
  5
a6a
100
AcDbEntity
  8
0
 62
7
100
AcDbSpline
 70
8
 71
3
 72
8
 73
4
 74
0
 40
0
 40
0
 40
0
 40
0
 40
1
 40
1
 40
1
 40
1
 10
45.809730
 20
230.805875
 30
0.0
 10
45.468889
 20
230.802370
 30
0.0
 10
45.127981
 20
230.799242
 30
0.0
 10
44.786536
 20
230.796114
 30
0.0
  0
SPLINE
  5
a6b
100
AcDbEntity
  8
0
 62
7
100
AcDbSpline
 70
8
 71
3
 72
8
 73
4
 74
0
 40
0
 40
0
 40
0
 40
0
 40
1
 40
1
 40
1
 40
1
 10
44.786536
 20
230.796114
 30
0.0
 10
44.626426
 20
230.794708
 30
0.0
 10
44.466821
 20
230.793301
 30
0.0
 10
44.307283
 20
230.791580
 30
0.0
  0
SPLINE
  5
a6c
100
AcDbEntity
  8
0
 62
7
100
AcDbSpline
 70
8
 71
3
 72
8
 73
4
 74
0
 40
0
 40
0
 40
0
 40
0
 40
1
 40
1
 40
1
 40
1
 10
44.307283
 20
230.791580
 30
0.0
 10
44.269867
 20
230.843515
 30
0.0
 10
44.231981
 20
230.895492
 30
0.0
 10
44.194565
 20
230.947427
 30
0.0
  0
LINE
  5
a6d
100
AcDbEntity
  8
0
 62
7
100
AcDbLine
 10
44.194565
 20
230.947427
 30
0.0
 11
44.194565
 21
230.947427
 31
0.0
  0
SPLINE
  5
a6e
100
AcDbEntity
  8
0
 62
7
100
AcDbSpline
 70
8
 71
3
 72
8
 73
4
 74
0
 40
0
 40
0
 40
0
 40
0
 40
1
 40
1
 40
1
 40
1
 10
44.478543
 20
230.555793
 30
0.0
 10
44.928239
 20
230.559992
 30
0.0
 10
45.377935
 20
230.564547
 30
0.0
 10
45.828203
 20
230.568724
 30
0.0
  0
SPLINE
  5
a6f
100
AcDbEntity
  8
0
 62
7
100
AcDbSpline
 70
8
 71
3
 72
8
 73
4
 74
0
 40
0
 40
0
 40
0
 40
0
 40
1
 40
1
 40
1
 40
1
 10
45.828203
 20
230.568724
 30
0.0
 10
45.529648
 20
230.354959
 30
0.0
 10
45.231227
 20
230.141214
 30
0.0
 10
44.933277
 20
229.927428
 30
0.0
  0
SPLINE
  5
a70
100
AcDbEntity
  8
0
 62
7
100
AcDbSpline
 70
8
 71
3
 72
8
 73
4
 74
0
 40
0
 40
0
 40
0
 40
0
 40
1
 40
1
 40
1
 40
1
 10
44.933277
 20
229.927428
 30
0.0
 10
44.781565
 20
230.136680
 30
0.0
 10
44.630356
 20
230.346583
 30
0.0
 10
44.478543
 20
230.555793
 30
0.0
  0
LINE
  5
a71
100
AcDbEntity
  8
0
 62
7
100
AcDbLine
 10
44.478543
 20
230.555793
 30
0.0
 11
44.478543
 21
230.555793
 31
0.0
  0
SPLINE
  5
a72
100
AcDbEntity
  8
0
 62
7
100
AcDbSpline
 70
8
 71
3
 72
8
 73
4
 74
0
 40
0
 40
0
 40
0
 40
0
 40
1
 40
1
 40
1
 40
1
 10
44.578431
 20
229.896443
 30
0.0
 10
44.624579
 20
229.832416
 30
0.0
 10
44.670257
 20
229.768725
 30
0.0
 10
44.716775
 20
229.704635
 30
0.0
  0
SPLINE
  5
a73
100
AcDbEntity
  8
0
 62
7
100
AcDbSpline
 70
8
 71
3
 72
8
 73
4
 74
0
 40
0
 40
0
 40
0
 40
0
 40
1
 40
1
 40
1
 40
1
 10
44.716775
 20
229.704635
 30
0.0
 10
44.636402
 20
229.650580
 30
0.0
 10
44.556095
 20
229.596881
 30
0.0
 10
44.476292
 20
229.542847
 30
0.0
  0
SPLINE
  5
a74
100
AcDbEntity
  8
0
 62
7
100
AcDbSpline
 70
8
 71
3
 72
8
 73
4
 74
0
 40
0
 40
0
 40
0
 40
0
 40
1
 40
1
 40
1
 40
1
 10
44.476292
 20
229.542847
 30
0.0
 10
44.510350
 20
229.660719
 30
0.0
 10
44.544373
 20
229.778570
 30
0.0
 10
44.578431
 20
229.896443
 30
0.0
  0
LINE
  5
a75
100
AcDbEntity
  8
0
 62
7
100
AcDbLine
 10
44.578431
 20
229.896443
 30
0.0
 11
44.578431
 21
229.896443
 31
0.0
  0
LINE
  5
a76
100
AcDbEntity
  8
0
 62
7
100
AcDbLine
 10
44.657024
 20
235.227421
 30
0.0
 11
45.024735
 21
235.227421
 31
0.0
  0
LINE
  5
a77
100
AcDbEntity
  8
0
 62
7
100
AcDbLine
 10
45.024735
 20
235.227421
 30
0.0
 11
45.024735
 21
235.203028
 31
0.0
  0
LINE
  5
a78
100
AcDbEntity
  8
0
 62
7
100
AcDbLine
 10
45.024735
 20
235.203028
 30
0.0
 11
44.016050
 21
235.203028
 31
0.0
  0
LINE
  5
a79
100
AcDbEntity
  8
0
 62
7
100
AcDbLine
 10
44.016050
 20
235.203028
 30
0.0
 11
44.016050
 21
235.227421
 31
0.0
  0
LINE
  5
a7a
100
AcDbEntity
  8
0
 62
7
100
AcDbLine
 10
44.016050
 20
235.227421
 30
0.0
 11
44.657024
 21
235.227421
 31
0.0
  0
LINE
  5
a7b
100
AcDbEntity
  8
0
 62
7
100
AcDbLine
 10
44.657024
 20
235.227421
 30
0.0
 11
44.657024
 21
235.227421
 31
0.0
  0
LINE
  5
a7c
100
AcDbEntity
  8
0
 62
7
100
AcDbLine
 10
44.492448
 20
234.964869
 30
0.0
 11
44.881352
 21
234.964869
 31
0.0
  0
SPLINE
  5
a7d
100
AcDbEntity
  8
0
 62
7
100
AcDbSpline
 70
8
 71
3
 72
8
 73
4
 74
0
 40
0
 40
0
 40
0
 40
0
 40
1
 40
1
 40
1
 40
1
 10
44.881352
 20
234.964869
 30
0.0
 10
44.801549
 20
234.912220
 30
0.0
 10
44.722351
 20
234.859571
 30
0.0
 10
44.643086
 20
234.806859
 30
0.0
  0
LINE
  5
a7e
100
AcDbEntity
  8
0
 62
7
100
AcDbLine
 10
44.643086
 20
234.806859
 30
0.0
 11
44.642548
 21
234.806859
 31
0.0
  0
SPLINE
  5
a7f
100
AcDbEntity
  8
0
 62
7
100
AcDbSpline
 70
8
 71
3
 72
8
 73
4
 74
0
 40
0
 40
0
 40
0
 40
0
 40
1
 40
1
 40
1
 40
1
 10
44.642548
 20
234.806859
 30
0.0
 10
44.552736
 20
234.859172
 30
0.0
 10
44.462891
 20
234.912157
 30
0.0
 10
44.373617
 20
234.964869
 30
0.0
  0
LINE
  5
a80
100
AcDbEntity
  8
0
 62
7
100
AcDbLine
 10
44.373617
 20
234.964869
 30
0.0
 11
44.492448
 21
234.964869
 31
0.0
  0
LINE
  5
a81
100
AcDbEntity
  8
0
 62
7
100
AcDbLine
 10
44.492448
 20
234.964869
 30
0.0
 11
44.492448
 21
234.964869
 31
0.0
  0
SPLINE
  5
a82
100
AcDbEntity
  8
0
 62
7
100
AcDbSpline
 70
8
 71
3
 72
8
 73
4
 74
0
 40
0
 40
0
 40
0
 40
0
 40
1
 40
1
 40
1
 40
1
 10
44.194565
 20
234.184119
 30
0.0
 10
44.347990
 20
234.285933
 30
0.0
 10
44.502557
 20
234.387746
 30
0.0
 10
44.656856
 20
234.489727
 30
0.0
  0
SPLINE
  5
a83
100
AcDbEntity
  8
0
 62
7
100
AcDbSpline
 70
8
 71
3
 72
8
 73
4
 74
0
 40
0
 40
0
 40
0
 40
0
 40
1
 40
1
 40
1
 40
1
 10
44.656856
 20
234.489727
 30
0.0
 10
44.778911
 20
234.417975
 30
0.0
 10
44.901571
 20
234.345824
 30
0.0
 10
45.024164
 20
234.274072
 30
0.0
  0
LINE
  5
a84
100
AcDbEntity
  8
0
 62
7
100
AcDbLine
 10
45.024164
 20
234.274072
 30
0.0
 11
45.024164
 21
234.154478
 31
0.0
  0
SPLINE
  5
a85
100
AcDbEntity
  8
0
 62
7
100
AcDbSpline
 70
8
 71
3
 72
8
 73
4
 74
0
 40
0
 40
0
 40
0
 40
0
 40
1
 40
1
 40
1
 40
1
 10
45.024164
 20
234.154478
 30
0.0
 10
44.888573
 20
234.074644
 30
0.0
 10
44.752478
 20
233.995125
 30
0.0
 10
44.616350
 20
233.915291
 30
0.0
  0
SPLINE
  5
a86
100
AcDbEntity
  8
0
 62
7
100
AcDbSpline
 70
8
 71
3
 72
8
 73
4
 74
0
 40
0
 40
0
 40
0
 40
0
 40
1
 40
1
 40
1
 40
1
 10
44.616350
 20
233.915291
 30
0.0
 10
44.475755
 20
234.004529
 30
0.0
 10
44.335160
 20
234.094503
 30
0.0
 10
44.194565
 20
234.184119
 30
0.0
  0
LINE
  5
a87
100
AcDbEntity
  8
0
 62
7
100
AcDbLine
 10
44.194565
 20
234.184119
 30
0.0
 11
44.194565
 21
234.184119
 31
0.0
  0
SPLINE
  5
a88
100
AcDbEntity
  8
0
 62
7
100
AcDbSpline
 70
8
 71
3
 72
8
 73
4
 74
0
 40
0
 40
0
 40
0
 40
0
 40
1
 40
1
 40
1
 40
1
 10
44.015512
 20
233.977638
 30
0.0
 10
44.128734
 20
233.905466
 30
0.0
 10
44.241990
 20
233.833630
 30
0.0
 10
44.354708
 20
233.761458
 30
0.0
  0
SPLINE
  5
a89
100
AcDbEntity
  8
0
 62
7
100
AcDbSpline
 70
8
 71
3
 72
8
 73
4
 74
0
 40
0
 40
0
 40
0
 40
0
 40
1
 40
1
 40
1
 40
1
 10
44.354708
 20
233.761458
 30
0.0
 10
44.241990
 20
233.695563
 30
0.0
 10
44.128734
 20
233.629290
 30
0.0
 10
44.015512
 20
233.562702
 30
0.0
  0
LINE
  5
a8a
100
AcDbEntity
  8
0
 62
7
100
AcDbLine
 10
44.015512
 20
233.562702
 30
0.0
 11
44.015512
 21
233.977638
 31
0.0
  0
LINE
  5
a8b
100
AcDbEntity
  8
0
 62
7
100
AcDbLine
 10
44.015512
 20
233.977638
 30
0.0
 11
44.015512
 21
233.977638
 31
0.0
  0
SPLINE
  5
a8c
100
AcDbEntity
  8
0
 62
7
100
AcDbSpline
 70
8
 71
3
 72
8
 73
4
 74
0
 40
0
 40
0
 40
0
 40
0
 40
1
 40
1
 40
1
 40
1
 10
43.781713
 20
232.845749
 30
0.0
 10
43.833068
 20
232.799020
 30
0.0
 10
43.884926
 20
232.752291
 30
0.0
 10
43.936281
 20
232.705226
 30
0.0
  0
SPLINE
  5
a8d
100
AcDbEntity
  8
0
 62
7
100
AcDbSpline
 70
8
 71
3
 72
8
 73
4
 74
0
 40
0
 40
0
 40
0
 40
0
 40
1
 40
1
 40
1
 40
1
 10
43.936281
 20
232.705226
 30
0.0
 10
43.883314
 20
232.657111
 30
0.0
 10
43.830280
 20
232.608955
 30
0.0
 10
43.776742
 20
232.560504
 30
0.0
  0
SPLINE
  5
a8e
100
AcDbEntity
  8
0
 62
7
100
AcDbSpline
 70
8
 71
3
 72
8
 73
4
 74
0
 40
0
 40
0
 40
0
 40
0
 40
1
 40
1
 40
1
 40
1
 10
43.776742
 20
232.560504
 30
0.0
 10
43.724313
 20
232.606897
 30
0.0
 10
43.672388
 20
232.652913
 30
0.0
 10
43.619958
 20
232.699306
 30
0.0
  0
SPLINE
  5
a8f
100
AcDbEntity
  8
0
 62
7
100
AcDbSpline
 70
8
 71
3
 72
8
 73
4
 74
0
 40
0
 40
0
 40
0
 40
0
 40
1
 40
1
 40
1
 40
1
 10
43.619958
 20
232.699306
 30
0.0
 10
43.674067
 20
232.747756
 30
0.0
 10
43.727605
 20
232.796606
 30
0.0
 10
43.781713
 20
232.845749
 30
0.0
  0
LINE
  5
a90
100
AcDbEntity
  8
0
 62
7
100
AcDbLine
 10
43.781713
 20
232.845749
 30
0.0
 11
43.781713
 21
232.845749
 31
0.0
  0
SPLINE
  5
a91
100
AcDbEntity
  8
0
 62
7
100
AcDbSpline
 70
8
 71
3
 72
8
 73
4
 74
0
 40
0
 40
0
 40
0
 40
0
 40
1
 40
1
 40
1
 40
1
 10
44.153320
 20
233.174238
 30
0.0
 10
44.203566
 20
233.128894
 30
0.0
 10
44.253711
 20
233.083236
 30
0.0
 10
44.303958
 20
233.037557
 30
0.0
  0
SPLINE
  5
a92
100
AcDbEntity
  8
0
 62
7
100
AcDbSpline
 70
8
 71
3
 72
8
 73
4
 74
0
 40
0
 40
0
 40
0
 40
0
 40
1
 40
1
 40
1
 40
1
 10
44.303958
 20
233.037557
 30
0.0
 10
44.252066
 20
232.991163
 30
0.0
 10
44.200711
 20
232.944098
 30
0.0
 10
44.148819
 20
232.897348
 30
0.0
  0
SPLINE
  5
a93
100
AcDbEntity
  8
0
 62
7
100
AcDbSpline
 70
8
 71
3
 72
8
 73
4
 74
0
 40
0
 40
0
 40
0
 40
0
 40
1
 40
1
 40
1
 40
1
 10
44.148819
 20
232.897348
 30
0.0
 10
44.097498
 20
232.944098
 30
0.0
 10
44.045606
 20
232.991163
 30
0.0
 10
43.993714
 20
233.037557
 30
0.0
  0
SPLINE
  5
a94
100
AcDbEntity
  8
0
 62
7
100
AcDbSpline
 70
8
 71
3
 72
8
 73
4
 74
0
 40
0
 40
0
 40
0
 40
0
 40
1
 40
1
 40
1
 40
1
 10
43.993714
 20
233.037557
 30
0.0
 10
44.045606
 20
233.084286
 30
0.0
 10
44.097498
 20
233.131351
 30
0.0
 10
44.149424
 20
233.178416
 30
0.0
  0
SPLINE
  5
a95
100
AcDbEntity
  8
0
 62
7
100
AcDbSpline
 70
8
 71
3
 72
8
 73
4
 74
0
 40
0
 40
0
 40
0
 40
0
 40
1
 40
1
 40
1
 40
1
 10
44.149424
 20
233.178416
 30
0.0
 10
44.150499
 20
233.177030
 30
0.0
 10
44.151573
 20
233.175624
 30
0.0
 10
44.153320
 20
233.174238
 30
0.0
  0
LINE
  5
a96
100
AcDbEntity
  8
0
 62
7
100
AcDbLine
 10
44.153320
 20
233.174238
 30
0.0
 11
44.153320
 21
233.174238
 31
0.0
  0
LINE
  5
a97
100
AcDbEntity
  8
0
 62
7
100
AcDbLine
 10
45.361713
 20
235.226686
 30
0.0
 11
46.590225
 21
235.226686
 31
0.0
  0
SPLINE
  5
a98
100
AcDbEntity
  8
0
 62
7
100
AcDbSpline
 70
8
 71
3
 72
8
 73
4
 74
0
 40
0
 40
0
 40
0
 40
0
 40
1
 40
1
 40
1
 40
1
 10
46.590225
 20
235.226686
 30
0.0
 10
46.594759
 20
235.218688
 30
0.0
 10
46.599730
 20
235.210333
 30
0.0
 10
46.604768
 20
235.202293
 30
0.0
  0
LINE
  5
a99
100
AcDbEntity
  8
0
 62
7
100
AcDbLine
 10
46.604768
 20
235.202293
 30
0.0
 11
45.361713
 21
235.202293
 31
0.0
  0
LINE
  5
a9a
100
AcDbEntity
  8
0
 62
7
100
AcDbLine
 10
45.361713
 20
235.202293
 30
0.0
 11
45.361713
 21
235.226686
 31
0.0
  0
LINE
  5
a9b
100
AcDbEntity
  8
0
 62
7
100
AcDbLine
 10
45.361713
 20
235.226686
 30
0.0
 11
45.361713
 21
235.226686
 31
0.0
  0
LINE
  5
a9c
100
AcDbEntity
  8
0
 62
7
100
AcDbLine
 10
45.439232
 20
234.964491
 30
0.0
 11
46.403313
 21
234.964491
 31
0.0
  0
SPLINE
  5
a9d
100
AcDbEntity
  8
0
 62
7
100
AcDbSpline
 70
8
 71
3
 72
8
 73
4
 74
0
 40
0
 40
0
 40
0
 40
0
 40
1
 40
1
 40
1
 40
1
 10
46.403313
 20
234.964491
 30
0.0
 10
46.240349
 20
234.869311
 30
0.0
 10
46.077486
 20
234.773754
 30
0.0
 10
45.915126
 20
234.678218
 30
0.0
  0
SPLINE
  5
a9e
100
AcDbEntity
  8
0
 62
7
100
AcDbSpline
 70
8
 71
3
 72
8
 73
4
 74
0
 40
0
 40
0
 40
0
 40
0
 40
1
 40
1
 40
1
 40
1
 10
45.915126
 20
234.678218
 30
0.0
 10
45.756092
 20
234.773754
 30
0.0
 10
45.597695
 20
234.869311
 30
0.0
 10
45.439232
 20
234.964491
 30
0.0
  0
LINE
  5
a9f
100
AcDbEntity
  8
0
 62
7
100
AcDbLine
 10
45.439232
 20
234.964491
 30
0.0
 11
45.439232
 21
234.964491
 31
0.0
  0
SPLINE
  5
aa0
100
AcDbEntity
  8
0
 62
7
100
AcDbSpline
 70
8
 71
3
 72
8
 73
4
 74
0
 40
0
 40
0
 40
0
 40
0
 40
1
 40
1
 40
1
 40
1
 10
45.912338
 20
234.368223
 30
0.0
 10
46.009438
 20
234.309990
 30
0.0
 10
46.107076
 20
234.251400
 30
0.0
 10
46.204176
 20
234.192495
 30
0.0
  0
SPLINE
  5
aa1
100
AcDbEntity
  8
0
 62
7
100
AcDbSpline
 70
8
 71
3
 72
8
 73
4
 74
0
 40
0
 40
0
 40
0
 40
0
 40
1
 40
1
 40
1
 40
1
 10
46.204176
 20
234.192495
 30
0.0
 10
46.118260
 20
234.141589
 30
0.0
 10
46.032311
 20
234.090325
 30
0.0
 10
45.946395
 20
234.039398
 30
0.0
  0
SPLINE
  5
aa2
100
AcDbEntity
  8
0
 62
7
100
AcDbSpline
 70
8
 71
3
 72
8
 73
4
 74
0
 40
0
 40
0
 40
0
 40
0
 40
1
 40
1
 40
1
 40
1
 10
45.946395
 20
234.039398
 30
0.0
 10
45.847112
 20
234.097631
 30
0.0
 10
45.748367
 20
234.155528
 30
0.0
 10
45.649016
 20
234.213740
 30
0.0
  0
SPLINE
  5
aa3
100
AcDbEntity
  8
0
 62
7
100
AcDbSpline
 70
8
 71
3
 72
8
 73
4
 74
0
 40
0
 40
0
 40
0
 40
0
 40
1
 40
1
 40
1
 40
1
 10
45.649016
 20
234.213740
 30
0.0
 10
45.736611
 20
234.265003
 30
0.0
 10
45.824743
 20
234.316623
 30
0.0
 10
45.912338
 20
234.368223
 30
0.0
  0
LINE
  5
aa4
100
AcDbEntity
  8
0
 62
7
100
AcDbLine
 10
45.912338
 20
234.368223
 30
0.0
 11
45.912338
 21
234.368223
 31
0.0
  0
SPLINE
  5
aa5
100
AcDbEntity
  8
0
 62
7
100
AcDbSpline
 70
8
 71
3
 72
8
 73
4
 74
0
 40
0
 40
0
 40
0
 40
0
 40
1
 40
1
 40
1
 40
1
 10
45.246711
 20
232.845413
 30
0.0
 10
45.298066
 20
232.798684
 30
0.0
 10
45.349958
 20
232.751955
 30
0.0
 10
45.401312
 20
232.704890
 30
0.0
  0
SPLINE
  5
aa6
100
AcDbEntity
  8
0
 62
7
100
AcDbSpline
 70
8
 71
3
 72
8
 73
4
 74
0
 40
0
 40
0
 40
0
 40
0
 40
1
 40
1
 40
1
 40
1
 10
45.401312
 20
232.704890
 30
0.0
 10
45.349958
 20
232.658161
 30
0.0
 10
45.298066
 20
232.611432
 30
0.0
 10
45.246711
 20
232.564682
 30
0.0
  0
SPLINE
  5
aa7
100
AcDbEntity
  8
0
 62
7
100
AcDbSpline
 70
8
 71
3
 72
8
 73
4
 74
0
 40
0
 40
0
 40
0
 40
0
 40
1
 40
1
 40
1
 40
1
 10
45.246711
 20
232.564682
 30
0.0
 10
45.194853
 20
232.611432
 30
0.0
 10
45.143498
 20
232.658161
 30
0.0
 10
45.091606
 20
232.704890
 30
0.0
  0
SPLINE
  5
aa8
100
AcDbEntity
  8
0
 62
7
100
AcDbSpline
 70
8
 71
3
 72
8
 73
4
 74
0
 40
0
 40
0
 40
0
 40
0
 40
1
 40
1
 40
1
 40
1
 10
45.091606
 20
232.704890
 30
0.0
 10
45.143498
 20
232.751619
 30
0.0
 10
45.194853
 20
232.798348
 30
0.0
 10
45.246711
 20
232.845413
 30
0.0
  0
LINE
  5
aa9
100
AcDbEntity
  8
0
 62
7
100
AcDbLine
 10
45.246711
 20
232.845413
 30
0.0
 11
45.246711
 21
232.845413
 31
0.0
  0
SPLINE
  5
aaa
100
AcDbEntity
  8
0
 62
7
100
AcDbSpline
 70
8
 71
3
 72
8
 73
4
 74
0
 40
0
 40
0
 40
0
 40
0
 40
1
 40
1
 40
1
 40
1
 10
43.812378
 20
231.476079
 30
0.0
 10
44.100286
 20
231.379808
 30
0.0
 10
44.387623
 20
231.283243
 30
0.0
 10
44.674960
 20
231.186993
 30
0.0
  0
LINE
  5
aab
100
AcDbEntity
  8
0
 62
7
100
AcDbLine
 10
44.674960
 20
231.186993
 30
0.0
 11
44.528789
 21
231.186993
 31
0.0
  0
LINE
  5
aac
100
AcDbEntity
  8
0
 62
7
100
AcDbLine
 10
44.528789
 20
231.186993
 30
0.0
 11
44.021625
 21
231.186993
 31
0.0
  0
SPLINE
  5
aad
100
AcDbEntity
  8
0
 62
7
100
AcDbSpline
 70
8
 71
3
 72
8
 73
4
 74
0
 40
0
 40
0
 40
0
 40
0
 40
1
 40
1
 40
1
 40
1
 10
44.021625
 20
231.186993
 30
0.0
 10
43.951899
 20
231.283243
 30
0.0
 10
43.882138
 20
231.379808
 30
0.0
 10
43.812378
 20
231.476079
 30
0.0
  0
LINE
  5
aae
100
AcDbEntity
  8
0
 62
7
100
AcDbLine
 10
43.812378
 20
231.476079
 30
0.0
 11
43.812378
 21
231.476079
 31
0.0
  0
LINE
  5
aaf
100
AcDbEntity
  8
0
 62
7
100
AcDbLine
 10
43.416354
 20
238.645760
 30
0.0
 11
43.910116
 21
238.645760
 31
0.0
  0
SPLINE
  5
ab0
100
AcDbEntity
  8
0
 62
7
100
AcDbSpline
 70
8
 71
3
 72
8
 73
4
 74
0
 40
0
 40
0
 40
0
 40
0
 40
1
 40
1
 40
1
 40
1
 10
43.910116
 20
238.645760
 30
0.0
 10
43.910116
 20
238.483594
 30
0.0
 10
43.910116
 20
238.321805
 30
0.0
 10
43.910016
 20
238.159660
 30
0.0
  0
SPLINE
  5
ab1
100
AcDbEntity
  8
0
 62
7
100
AcDbSpline
 70
8
 71
3
 72
8
 73
4
 74
0
 40
0
 40
0
 40
0
 40
0
 40
1
 40
1
 40
1
 40
1
 10
43.910016
 20
238.159660
 30
0.0
 10
43.631109
 20
238.259710
 30
0.0
 10
43.352136
 20
238.359823
 30
0.0
 10
43.073196
 20
238.459872
 30
0.0
  0
SPLINE
  5
ab2
100
AcDbEntity
  8
0
 62
7
100
AcDbSpline
 70
8
 71
3
 72
8
 73
4
 74
0
 40
0
 40
0
 40
0
 40
0
 40
1
 40
1
 40
1
 40
1
 10
43.073196
 20
238.459872
 30
0.0
 10
43.187559
 20
238.521611
 30
0.0
 10
43.301352
 20
238.583665
 30
0.0
 10
43.416354
 20
238.645760
 30
0.0
  0
LINE
  5
ab3
100
AcDbEntity
  8
0
 62
7
100
AcDbLine
 10
43.416354
 20
238.645760
 30
0.0
 11
43.416354
 21
238.645760
 31
0.0
  0
SPLINE
  5
ab4
100
AcDbEntity
  8
0
 62
7
100
AcDbSpline
 70
8
 71
3
 72
8
 73
4
 74
0
 40
0
 40
0
 40
0
 40
0
 40
1
 40
1
 40
1
 40
1
 10
42.778570
 20
238.300204
 30
0.0
 10
43.156290
 20
238.164572
 30
0.0
 10
43.534009
 20
238.028940
 30
0.0
 10
43.911695
 20
237.893267
 30
0.0
  0
LINE
  5
ab5
100
AcDbEntity
  8
0
 62
7
100
AcDbLine
 10
43.911695
 20
237.893267
 30
0.0
 11
43.911695
 21
237.693818
 31
0.0
  0
SPLINE
  5
ab6
100
AcDbEntity
  8
0
 62
7
100
AcDbSpline
 70
8
 71
3
 72
8
 73
4
 74
0
 40
0
 40
0
 40
0
 40
0
 40
1
 40
1
 40
1
 40
1
 10
43.911695
 20
237.693818
 30
0.0
 10
43.502773
 20
237.841688
 30
0.0
 10
43.093784
 20
237.989874
 30
0.0
 10
42.685434
 20
238.137702
 30
0.0
  0
SPLINE
  5
ab7
100
AcDbEntity
  8
0
 62
7
100
AcDbSpline
 70
8
 71
3
 72
8
 73
4
 74
0
 40
0
 40
0
 40
0
 40
0
 40
1
 40
1
 40
1
 40
1
 10
42.685434
 20
238.137702
 30
0.0
 10
42.672570
 20
238.168414
 30
0.0
 10
42.660882
 20
238.199420
 30
0.0
 10
42.648589
 20
238.229775
 30
0.0
  0
SPLINE
  5
ab8
100
AcDbEntity
  8
0
 62
7
100
AcDbSpline
 70
8
 71
3
 72
8
 73
4
 74
0
 40
0
 40
0
 40
0
 40
0
 40
1
 40
1
 40
1
 40
1
 10
42.648589
 20
238.229775
 30
0.0
 10
42.691580
 20
238.253139
 30
0.0
 10
42.735109
 20
238.276861
 30
0.0
 10
42.778570
 20
238.300204
 30
0.0
  0
LINE
  5
ab9
100
AcDbEntity
  8
0
 62
7
100
AcDbLine
 10
42.778570
 20
238.300204
 30
0.0
 11
42.778570
 21
238.300204
 31
0.0
  0
SPLINE
  5
aba
100
AcDbEntity
  8
0
 62
7
100
AcDbSpline
 70
8
 71
3
 72
8
 73
4
 74
0
 40
0
 40
0
 40
0
 40
0
 40
1
 40
1
 40
1
 40
1
 10
42.810377
 20
237.825251
 30
0.0
 10
43.130058
 20
237.709835
 30
0.0
 10
43.449135
 20
237.594083
 30
0.0
 10
43.768883
 20
237.478625
 30
0.0
  0
SPLINE
  5
abb
100
AcDbEntity
  8
0
 62
7
100
AcDbSpline
 70
8
 71
3
 72
8
 73
4
 74
0
 40
0
 40
0
 40
0
 40
0
 40
1
 40
1
 40
1
 40
1
 10
43.768883
 20
237.478625
 30
0.0
 10
43.801194
 20
237.466764
 30
0.0
 10
43.833639
 20
237.455281
 30
0.0
 10
43.865950
 20
237.443399
 30
0.0
  0
LINE
  5
abc
100
AcDbEntity
  8
0
 62
7
100
AcDbLine
 10
43.865950
 20
237.443399
 30
0.0
 11
43.084313
 21
237.443399
 31
0.0
  0
LINE
  5
abd
100
AcDbEntity
  8
0
 62
7
100
AcDbLine
 10
43.084313
 20
237.443399
 30
0.0
 11
42.963265
 21
237.443399
 31
0.0
  0
SPLINE
  5
abe
100
AcDbEntity
  8
0
 62
7
100
AcDbSpline
 70
8
 71
3
 72
8
 73
4
 74
0
 40
0
 40
0
 40
0
 40
0
 40
1
 40
1
 40
1
 40
1
 10
42.963265
 20
237.443399
 30
0.0
 10
42.911911
 20
237.570341
 30
0.0
 10
42.861127
 20
237.697932
 30
0.0
 10
42.810377
 20
237.825251
 30
0.0
  0
LINE
  5
abf
100
AcDbEntity
  8
0
 62
7
100
AcDbLine
 10
42.810377
 20
237.825251
 30
0.0
 11
42.810377
 21
237.825251
 31
0.0
  0
LINE
  5
ac0
100
AcDbEntity
  8
0
 62
7
100
AcDbLine
 10
42.669245
 20
236.878893
 30
0.0
 11
43.677929
 21
236.878893
 31
0.0
  0
LINE
  5
ac1
100
AcDbEntity
  8
0
 62
7
100
AcDbLine
 10
43.677929
 20
236.878893
 30
0.0
 11
43.677929
 21
235.965618
 31
0.0
  0
LINE
  5
ac2
100
AcDbEntity
  8
0
 62
7
100
AcDbLine
 10
43.677929
 20
235.965618
 30
0.0
 11
42.669245
 21
235.965618
 31
0.0
  0
LINE
  5
ac3
100
AcDbEntity
  8
0
 62
7
100
AcDbLine
 10
42.669245
 20
235.965618
 30
0.0
 11
42.669245
 21
236.866003
 31
0.0
  0
LINE
  5
ac4
100
AcDbEntity
  8
0
 62
7
100
AcDbLine
 10
42.669245
 20
236.866003
 30
0.0
 11
42.669245
 21
236.878893
 31
0.0
  0
LINE
  5
ac5
100
AcDbEntity
  8
0
 62
7
100
AcDbLine
 10
42.669245
 20
236.878893
 30
0.0
 11
42.669245
 21
236.878893
 31
0.0
  0
LINE
  5
ac6
100
AcDbEntity
  8
0
 62
7
100
AcDbLine
 10
41.326907
 20
235.726746
 30
0.0
 11
42.335591
 21
235.726746
 31
0.0
  0
LINE
  5
ac7
100
AcDbEntity
  8
0
 62
7
100
AcDbLine
 10
42.335591
 20
235.726746
 30
0.0
 11
42.335591
 21
235.465915
 31
0.0
  0
LINE
  5
ac8
100
AcDbEntity
  8
0
 62
7
100
AcDbLine
 10
42.335591
 20
235.465915
 30
0.0
 11
41.326907
 21
235.465915
 31
0.0
  0
LINE
  5
ac9
100
AcDbEntity
  8
0
 62
7
100
AcDbLine
 10
41.326907
 20
235.465915
 30
0.0
 11
41.326907
 21
235.726746
 31
0.0
  0
LINE
  5
aca
100
AcDbEntity
  8
0
 62
7
100
AcDbLine
 10
41.326907
 20
235.726746
 30
0.0
 11
41.326907
 21
235.726746
 31
0.0
  0
LINE
  5
acb
100
AcDbEntity
  8
0
 62
7
100
AcDbLine
 10
41.326907
 20
235.227757
 30
0.0
 11
42.335591
 21
235.227757
 31
0.0
  0
LINE
  5
acc
100
AcDbEntity
  8
0
 62
7
100
AcDbLine
 10
42.335591
 20
235.227757
 30
0.0
 11
42.335591
 21
235.203363
 31
0.0
  0
LINE
  5
acd
100
AcDbEntity
  8
0
 62
7
100
AcDbLine
 10
42.335591
 20
235.203363
 30
0.0
 11
41.326907
 21
235.203363
 31
0.0
  0
LINE
  5
ace
100
AcDbEntity
  8
0
 62
7
100
AcDbLine
 10
41.326907
 20
235.203363
 30
0.0
 11
41.326907
 21
235.227757
 31
0.0
  0
LINE
  5
acf
100
AcDbEntity
  8
0
 62
7
100
AcDbLine
 10
41.326907
 20
235.227757
 30
0.0
 11
41.326907
 21
235.227757
 31
0.0
  0
LINE
  5
ad0
100
AcDbEntity
  8
0
 62
7
100
AcDbLine
 10
41.379907
 20
234.964869
 30
0.0
 11
42.082345
 21
234.964869
 31
0.0
  0
SPLINE
  5
ad1
100
AcDbEntity
  8
0
 62
7
100
AcDbSpline
 70
8
 71
3
 72
8
 73
4
 74
0
 40
0
 40
0
 40
0
 40
0
 40
1
 40
1
 40
1
 40
1
 10
42.082345
 20
234.964869
 30
0.0
 10
41.965731
 20
234.893369
 30
0.0
 10
41.849688
 20
234.821890
 30
0.0
 10
41.733041
 20
234.750389
 30
0.0
  0
SPLINE
  5
ad2
100
AcDbEntity
  8
0
 62
7
100
AcDbSpline
 70
8
 71
3
 72
8
 73
4
 74
0
 40
0
 40
0
 40
0
 40
0
 40
1
 40
1
 40
1
 40
1
 10
41.733041
 20
234.750389
 30
0.0
 10
41.615318
 20
234.821869
 30
0.0
 10
41.497629
 20
234.893348
 30
0.0
 10
41.379907
 20
234.964869
 30
0.0
  0
LINE
  5
ad3
100
AcDbEntity
  8
0
 62
7
100
AcDbLine
 10
41.379907
 20
234.964869
 30
0.0
 11
41.379907
 21
234.964869
 31
0.0
  0
SPLINE
  5
ad4
100
AcDbEntity
  8
0
 62
7
100
AcDbSpline
 70
8
 71
3
 72
8
 73
4
 74
0
 40
0
 40
0
 40
0
 40
0
 40
1
 40
1
 40
1
 40
1
 10
41.428944
 20
234.248608
 30
0.0
 10
41.472506
 20
234.188612
 30
0.0
 10
41.516035
 20
234.129014
 30
0.0
 10
41.558926
 20
234.069018
 30
0.0
  0
SPLINE
  5
ad5
100
AcDbEntity
  8
0
 62
7
100
AcDbSpline
 70
8
 71
3
 72
8
 73
4
 74
0
 40
0
 40
0
 40
0
 40
0
 40
1
 40
1
 40
1
 40
1
 10
41.558926
 20
234.069018
 30
0.0
 10
41.485840
 20
234.110541
 30
0.0
 10
41.412789
 20
234.152022
 30
0.0
 10
41.339703
 20
234.193524
 30
0.0
  0
SPLINE
  5
ad6
100
AcDbEntity
  8
0
 62
7
100
AcDbSpline
 70
8
 71
3
 72
8
 73
4
 74
0
 40
0
 40
0
 40
0
 40
0
 40
1
 40
1
 40
1
 40
1
 10
41.339703
 20
234.193524
 30
0.0
 10
41.369797
 20
234.211997
 30
0.0
 10
41.399387
 20
234.230156
 30
0.0
 10
41.428944
 20
234.248608
 30
0.0
  0
LINE
  5
ad7
100
AcDbEntity
  8
0
 62
7
100
AcDbLine
 10
41.428944
 20
234.248608
 30
0.0
 11
41.428944
 21
234.248608
 31
0.0
  0
SPLINE
  5
ad8
100
AcDbEntity
  8
0
 62
7
100
AcDbSpline
 70
8
 71
3
 72
8
 73
4
 74
0
 40
0
 40
0
 40
0
 40
0
 40
1
 40
1
 40
1
 40
1
 10
41.735257
 20
234.436553
 30
0.0
 10
41.903730
 20
234.334383
 30
0.0
 10
42.071698
 20
234.232192
 30
0.0
 10
42.239633
 20
234.130400
 30
0.0
  0
SPLINE
  5
ad9
100
AcDbEntity
  8
0
 62
7
100
AcDbSpline
 70
8
 71
3
 72
8
 73
4
 74
0
 40
0
 40
0
 40
0
 40
0
 40
1
 40
1
 40
1
 40
1
 10
42.239633
 20
234.130400
 30
0.0
 10
42.156472
 20
234.085056
 30
0.0
 10
42.073915
 20
234.040091
 30
0.0
 10
41.990787
 20
233.995083
 30
0.0
  0
SPLINE
  5
ada
100
AcDbEntity
  8
0
 62
7
100
AcDbSpline
 70
8
 71
3
 72
8
 73
4
 74
0
 40
0
 40
0
 40
0
 40
0
 40
1
 40
1
 40
1
 40
1
 10
41.990787
 20
233.995083
 30
0.0
 10
41.890967
 20
234.133150
 30
0.0
 10
41.790474
 20
234.271616
 30
0.0
 10
41.691191
 20
234.409347
 30
0.0
  0
SPLINE
  5
adb
100
AcDbEntity
  8
0
 62
7
100
AcDbSpline
 70
8
 71
3
 72
8
 73
4
 74
0
 40
0
 40
0
 40
0
 40
0
 40
1
 40
1
 40
1
 40
1
 10
41.691191
 20
234.409347
 30
0.0
 10
41.705701
 20
234.418751
 30
0.0
 10
41.720781
 20
234.427463
 30
0.0
 10
41.735257
 20
234.436553
 30
0.0
  0
LINE
  5
adc
100
AcDbEntity
  8
0
 62
7
100
AcDbLine
 10
41.735257
 20
234.436553
 30
0.0
 11
41.735257
 21
234.436553
 31
0.0
  0
SPLINE
  5
add
100
AcDbEntity
  8
0
 62
7
100
AcDbSpline
 70
8
 71
3
 72
8
 73
4
 74
0
 40
0
 40
0
 40
0
 40
0
 40
1
 40
1
 40
1
 40
1
 10
41.326302
 20
233.897825
 30
0.0
 10
41.405534
 20
233.852817
 30
0.0
 10
41.484732
 20
233.807873
 30
0.0
 10
41.563997
 20
233.762865
 30
0.0
  0
SPLINE
  5
ade
100
AcDbEntity
  8
0
 62
7
100
AcDbSpline
 70
8
 71
3
 72
8
 73
4
 74
0
 40
0
 40
0
 40
0
 40
0
 40
1
 40
1
 40
1
 40
1
 10
41.563997
 20
233.762865
 30
0.0
 10
41.484732
 20
233.719977
 30
0.0
 10
41.405534
 20
233.676754
 30
0.0
 10
41.326302
 20
233.633867
 30
0.0
  0
LINE
  5
adf
100
AcDbEntity
  8
0
 62
7
100
AcDbLine
 10
41.326302
 20
233.633867
 30
0.0
 11
41.326302
 21
233.897825
 31
0.0
  0
LINE
  5
ae0
100
AcDbEntity
  8
0
 62
7
100
AcDbLine
 10
41.326302
 20
233.897825
 30
0.0
 11
41.326302
 21
233.897825
 31
0.0
  0
LINE
  5
ae1
100
AcDbEntity
  8
0
 62
7
100
AcDbLine
 10
42.669245
 20
235.726746
 30
0.0
 11
43.677929
 21
235.726746
 31
0.0
  0
LINE
  5
ae2
100
AcDbEntity
  8
0
 62
7
100
AcDbLine
 10
43.677929
 20
235.726746
 30
0.0
 11
43.677929
 21
235.465915
 31
0.0
  0
LINE
  5
ae3
100
AcDbEntity
  8
0
 62
7
100
AcDbLine
 10
43.677929
 20
235.465915
 30
0.0
 11
42.950401
 21
235.465915
 31
0.0
  0
LINE
  5
ae4
100
AcDbEntity
  8
0
 62
7
100
AcDbLine
 10
42.950401
 20
235.465915
 30
0.0
 11
42.669245
 21
235.465915
 31
0.0
  0
LINE
  5
ae5
100
AcDbEntity
  8
0
 62
7
100
AcDbLine
 10
42.669245
 20
235.465915
 30
0.0
 11
42.669245
 21
235.726746
 31
0.0
  0
LINE
  5
ae6
100
AcDbEntity
  8
0
 62
7
100
AcDbLine
 10
42.669245
 20
235.726746
 30
0.0
 11
42.669245
 21
235.726746
 31
0.0
  0
LINE
  5
ae7
100
AcDbEntity
  8
0
 62
7
100
AcDbLine
 10
42.669816
 20
235.227757
 30
0.0
 11
43.677929
 21
235.227757
 31
0.0
  0
LINE
  5
ae8
100
AcDbEntity
  8
0
 62
7
100
AcDbLine
 10
43.677929
 20
235.227757
 30
0.0
 11
43.677929
 21
235.203363
 31
0.0
  0
LINE
  5
ae9
100
AcDbEntity
  8
0
 62
7
100
AcDbLine
 10
43.677929
 20
235.203363
 30
0.0
 11
43.179196
 21
235.203363
 31
0.0
  0
LINE
  5
aea
100
AcDbEntity
  8
0
 62
7
100
AcDbLine
 10
43.179196
 20
235.203363
 30
0.0
 11
42.669816
 21
235.203363
 31
0.0
  0
LINE
  5
aeb
100
AcDbEntity
  8
0
 62
7
100
AcDbLine
 10
42.669816
 20
235.203363
 30
0.0
 11
42.669816
 21
235.227757
 31
0.0
  0
LINE
  5
aec
100
AcDbEntity
  8
0
 62
7
100
AcDbLine
 10
42.669816
 20
235.227757
 30
0.0
 11
42.669816
 21
235.227757
 31
0.0
  0
LINE
  5
aed
100
AcDbEntity
  8
0
 62
7
100
AcDbLine
 10
42.335591
 20
234.805473
 30
0.0
 11
42.335591
 21
234.385667
 31
0.0
  0
SPLINE
  5
aee
100
AcDbEntity
  8
0
 62
7
100
AcDbSpline
 70
8
 71
3
 72
8
 73
4
 74
0
 40
0
 40
0
 40
0
 40
0
 40
1
 40
1
 40
1
 40
1
 10
42.335591
 20
234.385667
 30
0.0
 10
42.220690
 20
234.455404
 30
0.0
 10
42.106259
 20
234.524805
 30
0.0
 10
41.991627
 20
234.594353
 30
0.0
  0
SPLINE
  5
aef
100
AcDbEntity
  8
0
 62
7
100
AcDbSpline
 70
8
 71
3
 72
8
 73
4
 74
0
 40
0
 40
0
 40
0
 40
0
 40
1
 40
1
 40
1
 40
1
 10
41.991627
 20
234.594353
 30
0.0
 10
42.106461
 20
234.664384
 30
0.0
 10
42.220757
 20
234.735107
 30
0.0
 10
42.335591
 20
234.805473
 30
0.0
  0
LINE
  5
af0
100
AcDbEntity
  8
0
 62
7
100
AcDbLine
 10
42.335591
 20
234.805473
 30
0.0
 11
42.335591
 21
234.805473
 31
0.0
  0
SPLINE
  5
af1
100
AcDbEntity
  8
0
 62
7
100
AcDbSpline
 70
8
 71
3
 72
8
 73
4
 74
0
 40
0
 40
0
 40
0
 40
0
 40
1
 40
1
 40
1
 40
1
 10
41.832357
 20
233.610817
 30
0.0
 10
41.865776
 20
233.591987
 30
0.0
 10
41.898759
 20
233.572800
 30
0.0
 10
41.932212
 20
233.554326
 30
0.0
  0
SPLINE
  5
af2
100
AcDbEntity
  8
0
 62
7
100
AcDbSpline
 70
8
 71
3
 72
8
 73
4
 74
0
 40
0
 40
0
 40
0
 40
0
 40
1
 40
1
 40
1
 40
1
 10
41.932212
 20
233.554326
 30
0.0
 10
41.962339
 20
233.512824
 30
0.0
 10
41.992467
 20
233.471322
 30
0.0
 10
42.022023
 20
233.429464
 30
0.0
  0
LINE
  5
af3
100
AcDbEntity
  8
0
 62
7
100
AcDbLine
 10
42.022023
 20
233.429464
 30
0.0
 11
41.499779
 21
233.429464
 31
0.0
  0
SPLINE
  5
af4
100
AcDbEntity
  8
0
 62
7
100
AcDbSpline
 70
8
 71
3
 72
8
 73
4
 74
0
 40
0
 40
0
 40
0
 40
0
 40
1
 40
1
 40
1
 40
1
 10
41.499779
 20
233.429464
 30
0.0
 10
41.610818
 20
233.489817
 30
0.0
 10
41.721856
 20
233.550128
 30
0.0
 10
41.832357
 20
233.610817
 30
0.0
  0
LINE
  5
af5
100
AcDbEntity
  8
0
 62
7
100
AcDbLine
 10
41.832357
 20
233.610817
 30
0.0
 11
41.832357
 21
233.610817
 31
0.0
  0
SPLINE
  5
af6
100
AcDbEntity
  8
0
 62
7
100
AcDbSpline
 70
8
 71
3
 72
8
 73
4
 74
0
 40
0
 40
0
 40
0
 40
0
 40
1
 40
1
 40
1
 40
1
 10
42.669816
 20
234.835451
 30
0.0
 10
42.802619
 20
234.750746
 30
0.0
 10
42.935354
 20
234.666000
 30
0.0
 10
43.068157
 20
234.581275
 30
0.0
  0
SPLINE
  5
af7
100
AcDbEntity
  8
0
 62
7
100
AcDbSpline
 70
8
 71
3
 72
8
 73
4
 74
0
 40
0
 40
0
 40
0
 40
0
 40
1
 40
1
 40
1
 40
1
 10
43.068157
 20
234.581275
 30
0.0
 10
42.935354
 20
234.509439
 30
0.0
 10
42.802619
 20
234.436889
 30
0.0
 10
42.669816
 20
234.364717
 30
0.0
  0
LINE
  5
af8
100
AcDbEntity
  8
0
 62
7
100
AcDbLine
 10
42.669816
 20
234.364717
 30
0.0
 11
42.669816
 21
234.835451
 31
0.0
  0
LINE
  5
af9
100
AcDbEntity
  8
0
 62
7
100
AcDbLine
 10
42.669816
 20
234.835451
 30
0.0
 11
42.669816
 21
234.835451
 31
0.0
  0
LINE
  5
afa
100
AcDbEntity
  8
0
 62
7
100
AcDbLine
 10
42.335591
 20
233.883844
 30
0.0
 11
42.335591
 21
233.682632
 31
0.0
  0
LINE
  5
afb
100
AcDbEntity
  8
0
 62
7
100
AcDbLine
 10
42.335591
 20
233.682632
 30
0.0
 11
42.335591
 21
233.628954
 31
0.0
  0
SPLINE
  5
afc
100
AcDbEntity
  8
0
 62
7
100
AcDbSpline
 70
8
 71
3
 72
8
 73
4
 74
0
 40
0
 40
0
 40
0
 40
0
 40
1
 40
1
 40
1
 40
1
 10
42.335591
 20
233.628954
 30
0.0
 10
42.290383
 20
233.654397
 30
0.0
 10
42.245209
 20
233.680218
 30
0.0
 10
42.200001
 20
233.705661
 30
0.0
  0
SPLINE
  5
afd
100
AcDbEntity
  8
0
 62
7
100
AcDbSpline
 70
8
 71
3
 72
8
 73
4
 74
0
 40
0
 40
0
 40
0
 40
0
 40
1
 40
1
 40
1
 40
1
 10
42.200001
 20
233.705661
 30
0.0
 10
42.182200
 20
233.730747
 30
0.0
 10
42.163727
 20
233.755874
 30
0.0
 10
42.145926
 20
233.780625
 30
0.0
  0
SPLINE
  5
afe
100
AcDbEntity
  8
0
 62
7
100
AcDbSpline
 70
8
 71
3
 72
8
 73
4
 74
0
 40
0
 40
0
 40
0
 40
0
 40
1
 40
1
 40
1
 40
1
 10
42.145926
 20
233.780625
 30
0.0
 10
42.208935
 20
233.815157
 30
0.0
 10
42.272549
 20
233.849333
 30
0.0
 10
42.335591
 20
233.883844
 30
0.0
  0
LINE
  5
aff
100
AcDbEntity
  8
0
 62
7
100
AcDbLine
 10
42.335591
 20
233.883844
 30
0.0
 11
42.335591
 21
233.883844
 31
0.0
  0
LINE
  5
b00
100
AcDbEntity
  8
0
 62
7
100
AcDbLine
 10
40.746691
 20
237.204569
 30
0.0
 11
42.712236
 21
237.204569
 31
0.0
  0
SPLINE
  5
b01
100
AcDbEntity
  8
0
 62
7
100
AcDbSpline
 70
8
 71
3
 72
8
 73
4
 74
0
 40
0
 40
0
 40
0
 40
0
 40
1
 40
1
 40
1
 40
1
 10
42.712236
 20
237.204569
 30
0.0
 10
42.723387
 20
237.177006
 30
0.0
 10
42.734538
 20
237.149464
 30
0.0
 10
42.745655
 20
237.121901
 30
0.0
  0
LINE
  5
b02
100
AcDbEntity
  8
0
 62
7
100
AcDbLine
 10
42.745655
 20
237.121901
 30
0.0
 11
40.373976
 21
237.121901
 31
0.0
  0
LINE
  5
b03
100
AcDbEntity
  8
0
 62
7
100
AcDbLine
 10
40.373976
 20
237.121901
 30
0.0
 11
40.373439
 21
237.121901
 31
0.0
  0
SPLINE
  5
b04
100
AcDbEntity
  8
0
 62
7
100
AcDbSpline
 70
8
 71
3
 72
8
 73
4
 74
0
 40
0
 40
0
 40
0
 40
0
 40
1
 40
1
 40
1
 40
1
 10
40.373439
 20
237.121901
 30
0.0
 10
40.363396
 20
237.149464
 30
0.0
 10
40.353320
 20
237.177006
 30
0.0
 10
40.342740
 20
237.204569
 30
0.0
  0
LINE
  5
b05
100
AcDbEntity
  8
0
 62
7
100
AcDbLine
 10
40.342740
 20
237.204569
 30
0.0
 11
40.648516
 21
237.204569
 31
0.0
  0
SPLINE
  5
b06
100
AcDbEntity
  8
0
 62
7
100
AcDbSpline
 70
8
 71
3
 72
8
 73
4
 74
0
 40
0
 40
0
 40
0
 40
0
 40
1
 40
1
 40
1
 40
1
 10
40.648516
 20
237.204569
 30
0.0
 10
40.677536
 20
237.195500
 30
0.0
 10
40.711526
 20
237.194115
 30
0.0
 10
40.746691
 20
237.204569
 30
0.0
  0
LINE
  5
b07
100
AcDbEntity
  8
0
 62
7
100
AcDbLine
 10
40.746691
 20
237.204569
 30
0.0
 11
40.746691
 21
237.204569
 31
0.0
  0
LINE
  5
b08
100
AcDbEntity
  8
0
 62
7
100
AcDbLine
 10
41.326907
 20
236.878557
 30
0.0
 11
42.335591
 21
236.878557
 31
0.0
  0
LINE
  5
b09
100
AcDbEntity
  8
0
 62
7
100
AcDbLine
 10
42.335591
 20
236.878557
 30
0.0
 11
42.335591
 21
235.965283
 31
0.0
  0
LINE
  5
b0a
100
AcDbEntity
  8
0
 62
7
100
AcDbLine
 10
42.335591
 20
235.965283
 30
0.0
 11
42.224015
 21
235.965283
 31
0.0
  0
LINE
  5
b0b
100
AcDbEntity
  8
0
 62
7
100
AcDbLine
 10
42.224015
 20
235.965283
 30
0.0
 11
41.326907
 21
235.965283
 31
0.0
  0
LINE
  5
b0c
100
AcDbEntity
  8
0
 62
7
100
AcDbLine
 10
41.326907
 20
235.965283
 30
0.0
 11
41.326907
 21
236.865626
 31
0.0
  0
LINE
  5
b0d
100
AcDbEntity
  8
0
 62
7
100
AcDbLine
 10
41.326907
 20
236.865626
 30
0.0
 11
41.326907
 21
236.878557
 31
0.0
  0
LINE
  5
b0e
100
AcDbEntity
  8
0
 62
7
100
AcDbLine
 10
41.326907
 20
236.878557
 30
0.0
 11
41.326907
 21
236.878557
 31
0.0
  0
LINE
  5
b0f
100
AcDbEntity
  8
0
 62
7
100
AcDbLine
 10
41.934462
 20
239.716289
 30
0.0
 11
43.180875
 21
239.716289
 31
0.0
  0
SPLINE
  5
b10
100
AcDbEntity
  8
0
 62
7
100
AcDbSpline
 70
8
 71
3
 72
8
 73
4
 74
0
 40
0
 40
0
 40
0
 40
0
 40
1
 40
1
 40
1
 40
1
 10
43.180875
 20
239.716289
 30
0.0
 10
42.863411
 20
239.458250
 30
0.0
 10
42.545913
 20
239.200190
 30
0.0
 10
42.227945
 20
238.942173
 30
0.0
  0
LINE
  5
b11
100
AcDbEntity
  8
0
 62
7
100
AcDbLine
 10
42.227945
 20
238.942173
 30
0.0
 11
42.221228
 21
238.942173
 31
0.0
  0
SPLINE
  5
b12
100
AcDbEntity
  8
0
 62
7
100
AcDbSpline
 70
8
 71
3
 72
8
 73
4
 74
0
 40
0
 40
0
 40
0
 40
0
 40
1
 40
1
 40
1
 40
1
 10
42.221228
 20
238.942173
 30
0.0
 10
42.125270
 20
239.200190
 30
0.0
 10
42.029883
 20
239.458586
 30
0.0
 10
41.934462
 20
239.716289
 30
0.0
  0
LINE
  5
b13
100
AcDbEntity
  8
0
 62
7
100
AcDbLine
 10
41.934462
 20
239.716289
 30
0.0
 11
41.934462
 21
239.716289
 31
0.0
  0
SPLINE
  5
b14
100
AcDbEntity
  8
0
 62
7
100
AcDbSpline
 70
8
 71
3
 72
8
 73
4
 74
0
 40
0
 40
0
 40
0
 40
0
 40
1
 40
1
 40
1
 40
1
 10
41.566248
 20
239.716289
 30
0.0
 10
41.661131
 20
239.458250
 30
0.0
 10
41.755913
 20
239.200190
 30
0.0
 10
41.851334
 20
238.942173
 30
0.0
  0
LINE
  5
b15
100
AcDbEntity
  8
0
 62
7
100
AcDbLine
 10
41.851334
 20
238.942173
 30
0.0
 11
41.695121
 21
238.942173
 31
0.0
  0
SPLINE
  5
b16
100
AcDbEntity
  8
0
 62
7
100
AcDbSpline
 70
8
 71
3
 72
8
 73
4
 74
0
 40
0
 40
0
 40
0
 40
0
 40
1
 40
1
 40
1
 40
1
 10
41.695121
 20
238.942173
 30
0.0
 10
41.145570
 20
239.200190
 30
0.0
 10
40.595449
 20
239.458586
 30
0.0
 10
40.045327
 20
239.716289
 30
0.0
  0
LINE
  5
b17
100
AcDbEntity
  8
0
 62
7
100
AcDbLine
 10
40.045327
 20
239.716289
 30
0.0
 11
41.566248
 21
239.716289
 31
0.0
  0
LINE
  5
b18
100
AcDbEntity
  8
0
 62
7
100
AcDbLine
 10
41.566248
 20
239.716289
 30
0.0
 11
41.566248
 21
239.716289
 31
0.0
  0
LINE
  5
b19
100
AcDbEntity
  8
0
 62
7
100
AcDbLine
 10
41.278340
 20
238.646453
 30
0.0
 11
41.813347
 21
238.646453
 31
0.0
  0
SPLINE
  5
b1a
100
AcDbEntity
  8
0
 62
7
100
AcDbSpline
 70
8
 71
3
 72
8
 73
4
 74
0
 40
0
 40
0
 40
0
 40
0
 40
1
 40
1
 40
1
 40
1
 10
41.813347
 20
238.646453
 30
0.0
 10
41.845691
 20
238.634970
 30
0.0
 10
41.877566
 20
238.623424
 30
0.0
 10
41.909876
 20
238.611962
 30
0.0
  0
SPLINE
  5
b1b
100
AcDbEntity
  8
0
 62
7
100
AcDbSpline
 70
8
 71
3
 72
8
 73
4
 74
0
 40
0
 40
0
 40
0
 40
0
 40
1
 40
1
 40
1
 40
1
 10
41.909876
 20
238.611962
 30
0.0
 10
41.840150
 20
238.572560
 30
0.0
 10
41.769818
 20
238.533472
 30
0.0
 10
41.700125
 20
238.494090
 30
0.0
  0
SPLINE
  5
b1c
100
AcDbEntity
  8
0
 62
7
100
AcDbSpline
 70
8
 71
3
 72
8
 73
4
 74
0
 40
0
 40
0
 40
0
 40
0
 40
1
 40
1
 40
1
 40
1
 10
41.700125
 20
238.494090
 30
0.0
 10
41.559497
 20
238.545018
 30
0.0
 10
41.418935
 20
238.595903
 30
0.0
 10
41.278340
 20
238.646453
 30
0.0
  0
LINE
  5
b1d
100
AcDbEntity
  8
0
 62
7
100
AcDbLine
 10
41.278340
 20
238.646453
 30
0.0
 11
41.278340
 21
238.646453
 31
0.0
  0
SPLINE
  5
b1e
100
AcDbEntity
  8
0
 62
7
100
AcDbSpline
 70
8
 71
3
 72
8
 73
4
 74
0
 40
0
 40
0
 40
0
 40
0
 40
1
 40
1
 40
1
 40
1
 10
41.259934
 20
238.385958
 30
0.0
 10
41.309609
 20
238.367800
 30
0.0
 10
41.359788
 20
238.349683
 30
0.0
 10
41.409463
 20
238.331567
 30
0.0
  0
SPLINE
  5
b1f
100
AcDbEntity
  8
0
 62
7
100
AcDbSpline
 70
8
 71
3
 72
8
 73
4
 74
0
 40
0
 40
0
 40
0
 40
0
 40
1
 40
1
 40
1
 40
1
 10
41.409463
 20
238.331567
 30
0.0
 10
41.359788
 20
238.303332
 30
0.0
 10
41.309609
 20
238.275433
 30
0.0
 10
41.259934
 20
238.247870
 30
0.0
  0
LINE
  5
b20
100
AcDbEntity
  8
0
 62
7
100
AcDbLine
 10
41.259934
 20
238.247870
 30
0.0
 11
41.259934
 21
238.385958
 31
0.0
  0
LINE
  5
b21
100
AcDbEntity
  8
0
 62
7
100
AcDbLine
 10
41.259934
 20
238.385958
 30
0.0
 11
41.259934
 21
238.385958
 31
0.0
  0
LINE
  5
b22
100
AcDbEntity
  8
0
 62
7
100
AcDbLine
 10
40.922418
 20
237.757635
 30
0.0
 11
40.922418
 21
237.594419
 31
0.0
  0
SPLINE
  5
b23
100
AcDbEntity
  8
0
 62
7
100
AcDbSpline
 70
8
 71
3
 72
8
 73
4
 74
0
 40
0
 40
0
 40
0
 40
0
 40
1
 40
1
 40
1
 40
1
 10
40.922418
 20
237.594419
 30
0.0
 10
40.841474
 20
237.550839
 30
0.0
 10
40.761201
 20
237.507216
 30
0.0
 10
40.680290
 20
237.463657
 30
0.0
  0
SPLINE
  5
b24
100
AcDbEntity
  8
0
 62
7
100
AcDbSpline
 70
8
 71
3
 72
8
 73
4
 74
0
 40
0
 40
0
 40
0
 40
0
 40
1
 40
1
 40
1
 40
1
 10
40.680290
 20
237.463657
 30
0.0
 10
40.667997
 20
237.456688
 30
0.0
 10
40.655200
 20
237.450390
 30
0.0
 10
40.642907
 20
237.443441
 30
0.0
  0
LINE
  5
b25
100
AcDbEntity
  8
0
 62
7
100
AcDbLine
 10
40.642907
 20
237.443441
 30
0.0
 11
40.361751
 21
237.443441
 31
0.0
  0
SPLINE
  5
b26
100
AcDbEntity
  8
0
 62
7
100
AcDbSpline
 70
8
 71
3
 72
8
 73
4
 74
0
 40
0
 40
0
 40
0
 40
0
 40
1
 40
1
 40
1
 40
1
 10
40.361751
 20
237.443441
 30
0.0
 10
40.548662
 20
237.548026
 30
0.0
 10
40.735540
 20
237.652673
 30
0.0
 10
40.922418
 20
237.757635
 30
0.0
  0
LINE
  5
b27
100
AcDbEntity
  8
0
 62
7
100
AcDbLine
 10
40.922418
 20
237.757635
 30
0.0
 11
40.922418
 21
237.757635
 31
0.0
  0
LINE
  5
b28
100
AcDbEntity
  8
0
 62
7
100
AcDbLine
 10
39.980034
 20
236.878893
 30
0.0
 11
40.988753
 21
236.878893
 31
0.0
  0
LINE
  5
b29
100
AcDbEntity
  8
0
 62
7
100
AcDbLine
 10
40.988753
 20
236.878893
 30
0.0
 11
40.988753
 21
235.965618
 31
0.0
  0
LINE
  5
b2a
100
AcDbEntity
  8
0
 62
7
100
AcDbLine
 10
40.988753
 20
235.965618
 30
0.0
 11
39.980034
 21
235.965618
 31
0.0
  0
LINE
  5
b2b
100
AcDbEntity
  8
0
 62
7
100
AcDbLine
 10
39.980034
 20
235.965618
 30
0.0
 11
39.980034
 21
236.866003
 31
0.0
  0
LINE
  5
b2c
100
AcDbEntity
  8
0
 62
7
100
AcDbLine
 10
39.980034
 20
236.866003
 30
0.0
 11
39.980034
 21
236.878893
 31
0.0
  0
LINE
  5
b2d
100
AcDbEntity
  8
0
 62
7
100
AcDbLine
 10
39.980034
 20
236.878893
 30
0.0
 11
39.980034
 21
236.878893
 31
0.0
  0
LINE
  5
b2e
100
AcDbEntity
  8
0
 62
7
100
AcDbLine
 10
38.638334
 20
235.228134
 30
0.0
 11
39.646448
 21
235.228134
 31
0.0
  0
LINE
  5
b2f
100
AcDbEntity
  8
0
 62
7
100
AcDbLine
 10
39.646448
 20
235.228134
 30
0.0
 11
39.646448
 21
235.203720
 31
0.0
  0
LINE
  5
b30
100
AcDbEntity
  8
0
 62
7
100
AcDbLine
 10
39.646448
 20
235.203720
 30
0.0
 11
38.638334
 21
235.203720
 31
0.0
  0
LINE
  5
b31
100
AcDbEntity
  8
0
 62
7
100
AcDbLine
 10
38.638334
 20
235.203720
 30
0.0
 11
38.638334
 21
235.228134
 31
0.0
  0
LINE
  5
b32
100
AcDbEntity
  8
0
 62
7
100
AcDbLine
 10
38.638334
 20
235.228134
 30
0.0
 11
38.638334
 21
235.228134
 31
0.0
  0
SPLINE
  5
b33
100
AcDbEntity
  8
0
 62
7
100
AcDbSpline
 70
8
 71
3
 72
8
 73
4
 74
0
 40
0
 40
0
 40
0
 40
0
 40
1
 40
1
 40
1
 40
1
 10
39.058978
 20
234.438295
 30
0.0
 10
39.187851
 20
234.364717
 30
0.0
 10
39.316725
 20
234.291517
 30
0.0
 10
39.445598
 20
234.217917
 30
0.0
  0
SPLINE
  5
b34
100
AcDbEntity
  8
0
 62
7
100
AcDbSpline
 70
8
 71
3
 72
8
 73
4
 74
0
 40
0
 40
0
 40
0
 40
0
 40
1
 40
1
 40
1
 40
1
 10
39.445598
 20
234.217917
 30
0.0
 10
39.326734
 20
234.152022
 30
0.0
 10
39.208978
 20
234.086820
 30
0.0
 10
39.090785
 20
234.020925
 30
0.0
  0
SPLINE
  5
b35
100
AcDbEntity
  8
0
 62
7
100
AcDbSpline
 70
8
 71
3
 72
8
 73
4
 74
0
 40
0
 40
0
 40
0
 40
0
 40
1
 40
1
 40
1
 40
1
 10
39.090785
 20
234.020925
 30
0.0
 10
38.973029
 20
234.093810
 30
0.0
 10
38.855911
 20
234.167011
 30
0.0
 10
38.738189
 20
234.239917
 30
0.0
  0
SPLINE
  5
b36
100
AcDbEntity
  8
0
 62
7
100
AcDbSpline
 70
8
 71
3
 72
8
 73
4
 74
0
 40
0
 40
0
 40
0
 40
0
 40
1
 40
1
 40
1
 40
1
 10
38.738189
 20
234.239917
 30
0.0
 10
38.845298
 20
234.305812
 30
0.0
 10
38.951802
 20
234.372400
 30
0.0
 10
39.058978
 20
234.438295
 30
0.0
  0
LINE
  5
b37
100
AcDbEntity
  8
0
 62
7
100
AcDbLine
 10
39.058978
 20
234.438295
 30
0.0
 11
39.058978
 21
234.438295
 31
0.0
  0
SPLINE
  5
b38
100
AcDbEntity
  8
0
 62
7
100
AcDbSpline
 70
8
 71
3
 72
8
 73
4
 74
0
 40
0
 40
0
 40
0
 40
0
 40
1
 40
1
 40
1
 40
1
 10
38.637763
 20
233.468866
 30
0.0
 10
38.783934
 20
233.550107
 30
0.0
 10
38.930642
 20
233.631369
 30
0.0
 10
39.076846
 20
233.712609
 30
0.0
  0
SPLINE
  5
b39
100
AcDbEntity
  8
0
 62
7
100
AcDbSpline
 70
8
 71
3
 72
8
 73
4
 74
0
 40
0
 40
0
 40
0
 40
0
 40
1
 40
1
 40
1
 40
1
 10
39.076846
 20
233.712609
 30
0.0
 10
39.228559
 20
233.618122
 30
0.0
 10
39.380842
 20
233.523636
 30
0.0
 10
39.532656
 20
233.429128
 30
0.0
  0
LINE
  5
b3a
100
AcDbEntity
  8
0
 62
7
100
AcDbLine
 10
39.532656
 20
233.429128
 30
0.0
 11
38.637763
 21
233.429128
 31
0.0
  0
LINE
  5
b3b
100
AcDbEntity
  8
0
 62
7
100
AcDbLine
 10
38.637763
 20
233.429128
 30
0.0
 11
38.637763
 21
233.468866
 31
0.0
  0
LINE
  5
b3c
100
AcDbEntity
  8
0
 62
7
100
AcDbLine
 10
38.637763
 20
233.468866
 30
0.0
 11
38.637763
 21
233.468866
 31
0.0
  0
SPLINE
  5
b3d
100
AcDbEntity
  8
0
 62
7
100
AcDbSpline
 70
8
 71
3
 72
8
 73
4
 74
0
 40
0
 40
0
 40
0
 40
0
 40
1
 40
1
 40
1
 40
1
 10
41.259363
 20
237.945916
 30
0.0
 10
41.418297
 20
238.034839
 30
0.0
 10
41.577331
 20
238.123763
 30
0.0
 10
41.736937
 20
238.213023
 30
0.0
  0
SPLINE
  5
b3e
100
AcDbEntity
  8
0
 62
7
100
AcDbSpline
 70
8
 71
3
 72
8
 73
4
 74
0
 40
0
 40
0
 40
0
 40
0
 40
1
 40
1
 40
1
 40
1
 10
41.736937
 20
238.213023
 30
0.0
 10
41.802801
 20
238.189301
 30
0.0
 10
41.868631
 20
238.165244
 30
0.0
 10
41.933857
 20
238.141565
 30
0.0
  0
SPLINE
  5
b3f
100
AcDbEntity
  8
0
 62
7
100
AcDbSpline
 70
8
 71
3
 72
8
 73
4
 74
0
 40
0
 40
0
 40
0
 40
0
 40
1
 40
1
 40
1
 40
1
 10
41.933857
 20
238.141565
 30
0.0
 10
41.708992
 20
238.019851
 30
0.0
 10
41.484195
 20
237.898158
 30
0.0
 10
41.259363
 20
237.776801
 30
0.0
  0
LINE
  5
b40
100
AcDbEntity
  8
0
 62
7
100
AcDbLine
 10
41.259363
 20
237.776801
 30
0.0
 11
41.259363
 21
237.945916
 31
0.0
  0
LINE
  5
b41
100
AcDbEntity
  8
0
 62
7
100
AcDbLine
 10
41.259363
 20
237.945916
 30
0.0
 11
41.259363
 21
237.945916
 31
0.0
  0
LINE
  5
b42
100
AcDbEntity
  8
0
 62
7
100
AcDbLine
 10
39.980034
 20
235.727145
 30
0.0
 11
40.988753
 21
235.727145
 31
0.0
  0
LINE
  5
b43
100
AcDbEntity
  8
0
 62
7
100
AcDbLine
 10
40.988753
 20
235.727145
 30
0.0
 11
40.988753
 21
235.466293
 31
0.0
  0
LINE
  5
b44
100
AcDbEntity
  8
0
 62
7
100
AcDbLine
 10
40.988753
 20
235.466293
 30
0.0
 11
39.980034
 21
235.466293
 31
0.0
  0
LINE
  5
b45
100
AcDbEntity
  8
0
 62
7
100
AcDbLine
 10
39.980034
 20
235.466293
 30
0.0
 11
39.980034
 21
235.727145
 31
0.0
  0
LINE
  5
b46
100
AcDbEntity
  8
0
 62
7
100
AcDbLine
 10
39.980034
 20
235.727145
 30
0.0
 11
39.980034
 21
235.727145
 31
0.0
  0
SPLINE
  5
b47
100
AcDbEntity
  8
0
 62
7
100
AcDbSpline
 70
8
 71
3
 72
8
 73
4
 74
0
 40
0
 40
0
 40
0
 40
0
 40
1
 40
1
 40
1
 40
1
 10
39.315045
 20
234.596599
 30
0.0
 10
39.425547
 20
234.664971
 30
0.0
 10
39.535947
 20
234.733281
 30
0.0
 10
39.645911
 20
234.801653
 30
0.0
  0
LINE
  5
b48
100
AcDbEntity
  8
0
 62
7
100
AcDbLine
 10
39.645911
 20
234.801653
 30
0.0
 11
39.645911
 21
234.407961
 31
0.0
  0
SPLINE
  5
b49
100
AcDbEntity
  8
0
 62
7
100
AcDbSpline
 70
8
 71
3
 72
8
 73
4
 74
0
 40
0
 40
0
 40
0
 40
0
 40
1
 40
1
 40
1
 40
1
 10
39.645911
 20
234.407961
 30
0.0
 10
39.535410
 20
234.471065
 30
0.0
 10
39.425547
 20
234.533832
 30
0.0
 10
39.315045
 20
234.596599
 30
0.0
  0
LINE
  5
b4a
100
AcDbEntity
  8
0
 62
7
100
AcDbLine
 10
39.315045
 20
234.596599
 30
0.0
 11
39.315045
 21
234.596599
 31
0.0
  0
LINE
  5
b4b
100
AcDbEntity
  8
0
 62
7
100
AcDbLine
 10
38.526725
 20
233.190654
 30
0.0
 11
38.764991
 21
233.190654
 31
0.0
  0
SPLINE
  5
b4c
100
AcDbEntity
  8
0
 62
7
100
AcDbSpline
 70
8
 71
3
 72
8
 73
4
 74
0
 40
0
 40
0
 40
0
 40
0
 40
1
 40
1
 40
1
 40
1
 10
38.764991
 20
233.190654
 30
0.0
 10
38.736509
 20
233.179486
 30
0.0
 10
38.709774
 20
233.167646
 30
0.0
 10
38.685726
 20
233.155408
 30
0.0
  0
SPLINE
  5
b4d
100
AcDbEntity
  8
0
 62
7
100
AcDbSpline
 70
8
 71
3
 72
8
 73
4
 74
0
 40
0
 40
0
 40
0
 40
0
 40
1
 40
1
 40
1
 40
1
 10
38.685726
 20
233.155408
 30
0.0
 10
38.656707
 20
233.140776
 30
0.0
 10
38.630542
 20
233.124360
 30
0.0
 10
38.604815
 20
233.107293
 30
0.0
  0
SPLINE
  5
b4e
100
AcDbEntity
  8
0
 62
7
100
AcDbSpline
 70
8
 71
3
 72
8
 73
4
 74
0
 40
0
 40
0
 40
0
 40
0
 40
1
 40
1
 40
1
 40
1
 10
38.604815
 20
233.107293
 30
0.0
 10
38.581942
 20
233.136935
 30
0.0
 10
38.555677
 20
233.164812
 30
0.0
 10
38.526725
 20
233.190654
 30
0.0
  0
LINE
  5
b4f
100
AcDbEntity
  8
0
 62
7
100
AcDbLine
 10
38.526725
 20
233.190654
 30
0.0
 11
38.526725
 21
233.190654
 31
0.0
  0
SPLINE
  5
b50
100
AcDbEntity
  8
0
 62
7
100
AcDbSpline
 70
8
 71
3
 72
8
 73
4
 74
0
 40
0
 40
0
 40
0
 40
0
 40
1
 40
1
 40
1
 40
1
 10
40.537377
 20
238.646453
 30
0.0
 10
40.665747
 20
238.600081
 30
0.0
 10
40.794015
 20
238.553687
 30
0.0
 10
40.922318
 20
238.507315
 30
0.0
  0
LINE
  5
b51
100
AcDbEntity
  8
0
 62
7
100
AcDbLine
 10
40.922318
 20
238.507315
 30
0.0
 11
40.922318
 21
238.059589
 31
0.0
  0
SPLINE
  5
b52
100
AcDbEntity
  8
0
 62
7
100
AcDbSpline
 70
8
 71
3
 72
8
 73
4
 74
0
 40
0
 40
0
 40
0
 40
0
 40
1
 40
1
 40
1
 40
1
 10
40.922318
 20
238.059589
 30
0.0
 10
40.674647
 20
237.920452
 30
0.0
 10
40.426943
 20
237.782028
 30
0.0
 10
40.179138
 20
237.643226
 30
0.0
  0
SPLINE
  5
b53
100
AcDbEntity
  8
0
 62
7
100
AcDbSpline
 70
8
 71
3
 72
8
 73
4
 74
0
 40
0
 40
0
 40
0
 40
0
 40
1
 40
1
 40
1
 40
1
 10
40.179138
 20
237.643226
 30
0.0
 10
40.058124
 20
237.977152
 30
0.0
 10
39.939327
 20
238.311456
 30
0.0
 10
39.822175
 20
238.646453
 30
0.0
  0
LINE
  5
b54
100
AcDbEntity
  8
0
 62
7
100
AcDbLine
 10
39.822175
 20
238.646453
 30
0.0
 11
40.537377
 21
238.646453
 31
0.0
  0
LINE
  5
b55
100
AcDbEntity
  8
0
 62
7
100
AcDbLine
 10
40.537377
 20
238.646453
 30
0.0
 11
40.537377
 21
238.646453
 31
0.0
  0
LINE
  5
b56
100
AcDbEntity
  8
0
 62
7
100
AcDbLine
 10
39.646448
 20
236.878893
 30
0.0
 11
39.646448
 21
235.965618
 31
0.0
  0
LINE
  5
b57
100
AcDbEntity
  8
0
 62
7
100
AcDbLine
 10
39.646448
 20
235.965618
 30
0.0
 11
38.638334
 21
235.965618
 31
0.0
  0
LINE
  5
b58
100
AcDbEntity
  8
0
 62
7
100
AcDbLine
 10
38.638334
 20
235.965618
 30
0.0
 11
38.638334
 21
236.866003
 31
0.0
  0
LINE
  5
b59
100
AcDbEntity
  8
0
 62
7
100
AcDbLine
 10
38.638334
 20
236.866003
 30
0.0
 11
38.638334
 21
236.878893
 31
0.0
  0
LINE
  5
b5a
100
AcDbEntity
  8
0
 62
7
100
AcDbLine
 10
38.638334
 20
236.878893
 30
0.0
 11
39.646448
 21
236.878893
 31
0.0
  0
LINE
  5
b5b
100
AcDbEntity
  8
0
 62
7
100
AcDbLine
 10
39.646448
 20
236.878893
 30
0.0
 11
39.646448
 21
236.878893
 31
0.0
  0
LINE
  5
b5c
100
AcDbEntity
  8
0
 62
7
100
AcDbLine
 10
38.638334
 20
235.727145
 30
0.0
 11
39.646448
 21
235.727145
 31
0.0
  0
LINE
  5
b5d
100
AcDbEntity
  8
0
 62
7
100
AcDbLine
 10
39.646448
 20
235.727145
 30
0.0
 11
39.646448
 21
235.466293
 31
0.0
  0
LINE
  5
b5e
100
AcDbEntity
  8
0
 62
7
100
AcDbLine
 10
39.646448
 20
235.466293
 30
0.0
 11
38.638334
 21
235.466293
 31
0.0
  0
LINE
  5
b5f
100
AcDbEntity
  8
0
 62
7
100
AcDbLine
 10
38.638334
 20
235.466293
 30
0.0
 11
38.638334
 21
235.727145
 31
0.0
  0
LINE
  5
b60
100
AcDbEntity
  8
0
 62
7
100
AcDbLine
 10
38.638334
 20
235.727145
 30
0.0
 11
38.638334
 21
235.727145
 31
0.0
  0
LINE
  5
b61
100
AcDbEntity
  8
0
 62
7
100
AcDbLine
 10
38.668999
 20
234.964806
 30
0.0
 11
39.400424
 21
234.964806
 31
0.0
  0
SPLINE
  5
b62
100
AcDbEntity
  8
0
 62
7
100
AcDbSpline
 70
8
 71
3
 72
8
 73
4
 74
0
 40
0
 40
0
 40
0
 40
0
 40
1
 40
1
 40
1
 40
1
 10
39.400424
 20
234.964806
 30
0.0
 10
39.283205
 20
234.892655
 30
0.0
 10
39.166658
 20
234.820441
 30
0.0
 10
39.049507
 20
234.747933
 30
0.0
  0
SPLINE
  5
b63
100
AcDbEntity
  8
0
 62
7
100
AcDbSpline
 70
8
 71
3
 72
8
 73
4
 74
0
 40
0
 40
0
 40
0
 40
0
 40
1
 40
1
 40
1
 40
1
 10
39.049507
 20
234.747933
 30
0.0
 10
38.922850
 20
234.820084
 30
0.0
 10
38.796193
 20
234.892655
 30
0.0
 10
38.668999
 20
234.964806
 30
0.0
  0
LINE
  5
b64
100
AcDbEntity
  8
0
 62
7
100
AcDbLine
 10
38.668999
 20
234.964806
 30
0.0
 11
38.668999
 21
234.964806
 31
0.0
  0
SPLINE
  5
b65
100
AcDbEntity
  8
0
 62
7
100
AcDbSpline
 70
8
 71
3
 72
8
 73
4
 74
0
 40
0
 40
0
 40
0
 40
0
 40
1
 40
1
 40
1
 40
1
 10
38.637696
 20
234.678532
 30
0.0
 10
38.689588
 20
234.648891
 30
0.0
 10
38.741480
 20
234.619229
 30
0.0
 10
38.793406
 20
234.589651
 30
0.0
  0
SPLINE
  5
b66
100
AcDbEntity
  8
0
 62
7
100
AcDbSpline
 70
8
 71
3
 72
8
 73
4
 74
0
 40
0
 40
0
 40
0
 40
0
 40
1
 40
1
 40
1
 40
1
 10
38.793406
 20
234.589651
 30
0.0
 10
38.741480
 20
234.557553
 30
0.0
 10
38.689588
 20
234.525834
 30
0.0
 10
38.637696
 20
234.493379
 30
0.0
  0
LINE
  5
b67
100
AcDbEntity
  8
0
 62
7
100
AcDbLine
 10
38.637696
 20
234.493379
 30
0.0
 11
38.637696
 21
234.678532
 31
0.0
  0
LINE
  5
b68
100
AcDbEntity
  8
0
 62
7
100
AcDbLine
 10
38.637696
 20
234.678532
 30
0.0
 11
38.637696
 21
234.678532
 31
0.0
  0
SPLINE
  5
b69
100
AcDbEntity
  8
0
 62
7
100
AcDbSpline
 70
8
 71
3
 72
8
 73
4
 74
0
 40
0
 40
0
 40
0
 40
0
 40
1
 40
1
 40
1
 40
1
 10
38.637763
 20
233.985678
 30
0.0
 10
38.698556
 20
233.947661
 30
0.0
 10
38.759919
 20
233.910022
 30
0.0
 10
38.821283
 20
233.871669
 30
0.0
  0
SPLINE
  5
b6a
100
AcDbEntity
  8
0
 62
7
100
AcDbSpline
 70
8
 71
3
 72
8
 73
4
 74
0
 40
0
 40
0
 40
0
 40
0
 40
1
 40
1
 40
1
 40
1
 10
38.821283
 20
233.871669
 30
0.0
 10
38.760490
 20
233.837850
 30
0.0
 10
38.699127
 20
233.803674
 30
0.0
 10
38.637763
 20
233.769834
 30
0.0
  0
LINE
  5
b6b
100
AcDbEntity
  8
0
 62
7
100
AcDbLine
 10
38.637763
 20
233.769834
 30
0.0
 11
38.637763
 21
233.985678
 31
0.0
  0
LINE
  5
b6c
100
AcDbEntity
  8
0
 62
7
100
AcDbLine
 10
38.637763
 20
233.985678
 30
0.0
 11
38.637763
 21
233.985678
 31
0.0
  0
SPLINE
  5
b6d
100
AcDbEntity
  8
0
 62
7
100
AcDbSpline
 70
8
 71
3
 72
8
 73
4
 74
0
 40
0
 40
0
 40
0
 40
0
 40
1
 40
1
 40
1
 40
1
 10
41.260001
 20
237.478625
 30
0.0
 10
41.594763
 20
237.659978
 30
0.0
 10
41.929491
 20
237.841268
 30
0.0
 10
42.264219
 20
238.022286
 30
0.0
  0
SPLINE
  5
b6e
100
AcDbEntity
  8
0
 62
7
100
AcDbSpline
 70
8
 71
3
 72
8
 73
4
 74
0
 40
0
 40
0
 40
0
 40
0
 40
1
 40
1
 40
1
 40
1
 10
42.264219
 20
238.022286
 30
0.0
 10
42.310502
 20
238.005534
 30
0.0
 10
42.356785
 20
237.989139
 30
0.0
 10
42.403135
 20
237.972051
 30
0.0
  0
SPLINE
  5
b6f
100
AcDbEntity
  8
0
 62
7
100
AcDbSpline
 70
8
 71
3
 72
8
 73
4
 74
0
 40
0
 40
0
 40
0
 40
0
 40
1
 40
1
 40
1
 40
1
 10
42.403135
 20
237.972051
 30
0.0
 10
42.473432
 20
237.795925
 30
0.0
 10
42.543226
 20
237.619505
 30
0.0
 10
42.614061
 20
237.443399
 30
0.0
  0
LINE
  5
b70
100
AcDbEntity
  8
0
 62
7
100
AcDbLine
 10
42.614061
 20
237.443399
 30
0.0
 11
41.260001
 21
237.443399
 31
0.0
  0
LINE
  5
b71
100
AcDbEntity
  8
0
 62
7
100
AcDbLine
 10
41.260001
 20
237.443399
 30
0.0
 11
41.260001
 21
237.478625
 31
0.0
  0
LINE
  5
b72
100
AcDbEntity
  8
0
 62
7
100
AcDbLine
 10
41.260001
 20
237.478625
 30
0.0
 11
41.260001
 21
237.478625
 31
0.0
  0
LINE
  5
b73
100
AcDbEntity
  8
0
 62
7
100
AcDbLine
 10
39.980034
 20
235.228134
 30
0.0
 11
40.988753
 21
235.228134
 31
0.0
  0
LINE
  5
b74
100
AcDbEntity
  8
0
 62
7
100
AcDbLine
 10
40.988753
 20
235.228134
 30
0.0
 11
40.988753
 21
235.203720
 31
0.0
  0
LINE
  5
b75
100
AcDbEntity
  8
0
 62
7
100
AcDbLine
 10
40.988753
 20
235.203720
 30
0.0
 11
39.980034
 21
235.203720
 31
0.0
  0
LINE
  5
b76
100
AcDbEntity
  8
0
 62
7
100
AcDbLine
 10
39.980034
 20
235.203720
 30
0.0
 11
39.980034
 21
235.228134
 31
0.0
  0
LINE
  5
b77
100
AcDbEntity
  8
0
 62
7
100
AcDbLine
 10
39.980034
 20
235.228134
 30
0.0
 11
39.980034
 21
235.228134
 31
0.0
  0
LINE
  5
b78
100
AcDbEntity
  8
0
 62
7
100
AcDbLine
 10
39.980034
 20
234.965541
 30
0.0
 11
40.789582
 21
234.965541
 31
0.0
  0
SPLINE
  5
b79
100
AcDbEntity
  8
0
 62
7
100
AcDbSpline
 70
8
 71
3
 72
8
 73
4
 74
0
 40
0
 40
0
 40
0
 40
0
 40
1
 40
1
 40
1
 40
1
 10
40.789582
 20
234.965541
 30
0.0
 10
40.652916
 20
234.889884
 30
0.0
 10
40.516217
 20
234.813849
 30
0.0
 10
40.380056
 20
234.738193
 30
0.0
  0
SPLINE
  5
b7a
100
AcDbEntity
  8
0
 62
7
100
AcDbSpline
 70
8
 71
3
 72
8
 73
4
 74
0
 40
0
 40
0
 40
0
 40
0
 40
1
 40
1
 40
1
 40
1
 10
40.380056
 20
234.738193
 30
0.0
 10
40.246682
 20
234.813849
 30
0.0
 10
40.113946
 20
234.889170
 30
0.0
 10
39.980639
 20
234.964869
 30
0.0
  0
LINE
  5
b7b
100
AcDbEntity
  8
0
 62
7
100
AcDbLine
 10
39.980639
 20
234.964869
 30
0.0
 11
39.980034
 21
234.964869
 31
0.0
  0
LINE
  5
b7c
100
AcDbEntity
  8
0
 62
7
100
AcDbLine
 10
39.980034
 20
234.964869
 30
0.0
 11
39.980034
 21
234.965541
 31
0.0
  0
LINE
  5
b7d
100
AcDbEntity
  8
0
 62
7
100
AcDbLine
 10
39.980034
 20
234.965541
 30
0.0
 11
39.980034
 21
234.965541
 31
0.0
  0
LINE
  5
b7e
100
AcDbEntity
  8
0
 62
7
100
AcDbLine
 10
39.980303
 20
234.516198
 30
0.0
 11
39.980303
 21
234.516198
 31
0.0
  0
LINE
  5
b7f
100
AcDbEntity
  8
0
 62
7
100
AcDbLine
 10
39.980303
 20
234.516198
 30
0.0
 11
39.980303
 21
234.516198
 31
0.0
  0
LINE
  5
b80
100
AcDbEntity
  8
0
 62
7
100
AcDbLine
 10
39.980034
 20
234.516408
 30
0.0
 11
39.980034
 21
234.516408
 31
0.0
  0
SPLINE
  5
b81
100
AcDbEntity
  8
0
 62
7
100
AcDbSpline
 70
8
 71
3
 72
8
 73
4
 74
0
 40
0
 40
0
 40
0
 40
0
 40
1
 40
1
 40
1
 40
1
 10
39.980034
 20
234.661130
 30
0.0
 10
40.023026
 20
234.636716
 30
0.0
 10
40.065950
 20
234.612322
 30
0.0
 10
40.108941
 20
234.587866
 30
0.0
  0
SPLINE
  5
b82
100
AcDbEntity
  8
0
 62
7
100
AcDbSpline
 70
8
 71
3
 72
8
 73
4
 74
0
 40
0
 40
0
 40
0
 40
0
 40
1
 40
1
 40
1
 40
1
 10
40.108941
 20
234.587866
 30
0.0
 10
40.066017
 20
234.563872
 30
0.0
 10
40.023227
 20
234.540549
 30
0.0
 10
39.980034
 20
234.516408
 30
0.0
  0
LINE
  5
b83
100
AcDbEntity
  8
0
 62
7
100
AcDbLine
 10
39.980034
 20
234.516408
 30
0.0
 11
39.980034
 21
234.661130
 31
0.0
  0
LINE
  5
b84
100
AcDbEntity
  8
0
 62
7
100
AcDbLine
 10
39.980034
 20
234.661130
 30
0.0
 11
39.980034
 21
234.661130
 31
0.0
  0
LINE
  5
b85
100
AcDbEntity
  8
0
 62
7
100
AcDbLine
 10
39.645911
 20
234.028566
 30
0.0
 11
39.645911
 21
233.682632
 31
0.0
  0
LINE
  5
b86
100
AcDbEntity
  8
0
 62
7
100
AcDbLine
 10
39.645911
 20
233.682632
 30
0.0
 11
39.645911
 21
233.675684
 31
0.0
  0
SPLINE
  5
b87
100
AcDbEntity
  8
0
 62
7
100
AcDbSpline
 70
8
 71
3
 72
8
 73
4
 74
0
 40
0
 40
0
 40
0
 40
0
 40
1
 40
1
 40
1
 40
1
 10
39.645911
 20
233.675684
 30
0.0
 10
39.546057
 20
233.737737
 30
0.0
 10
39.445598
 20
233.800168
 30
0.0
 10
39.346281
 20
233.862243
 30
0.0
  0
SPLINE
  5
b88
100
AcDbEntity
  8
0
 62
7
100
AcDbSpline
 70
8
 71
3
 72
8
 73
4
 74
0
 40
0
 40
0
 40
0
 40
0
 40
1
 40
1
 40
1
 40
1
 10
39.346281
 20
233.862243
 30
0.0
 10
39.446169
 20
233.917684
 30
0.0
 10
39.546057
 20
233.973146
 30
0.0
 10
39.645911
 20
234.028566
 30
0.0
  0
LINE
  5
b89
100
AcDbEntity
  8
0
 62
7
100
AcDbLine
 10
39.645911
 20
234.028566
 30
0.0
 11
39.645911
 21
234.028566
 31
0.0
  0
LINE
  5
b8a
100
AcDbEntity
  8
0
 62
7
100
AcDbLine
 10
38.843081
 20
240.665460
 30
0.0
 11
38.842510
 21
240.665460
 31
0.0
  0
LINE
  5
b8b
100
AcDbEntity
  8
0
 62
7
100
AcDbLine
 10
38.842510
 20
240.665460
 30
0.0
 11
38.843081
 21
240.665460
 31
0.0
  0
LINE
  5
b8c
100
AcDbEntity
  8
0
 62
7
100
AcDbLine
 10
38.843081
 20
240.665460
 30
0.0
 11
38.843081
 21
240.665460
 31
0.0
  0
SPLINE
  5
b8d
100
AcDbEntity
  8
0
 62
7
100
AcDbSpline
 70
8
 71
3
 72
8
 73
4
 74
0
 40
0
 40
0
 40
0
 40
0
 40
1
 40
1
 40
1
 40
1
 10
38.520041
 20
241.903340
 30
0.0
 10
39.158866
 20
241.627185
 30
0.0
 10
39.797623
 20
241.351009
 30
0.0
 10
40.436985
 20
241.074812
 30
0.0
  0
LINE
  5
b8e
100
AcDbEntity
  8
0
 62
7
100
AcDbLine
 10
40.436985
 20
241.074812
 30
0.0
 11
39.737939
 21
240.665460
 31
0.0
  0
LINE
  5
b8f
100
AcDbEntity
  8
0
 62
7
100
AcDbLine
 10
39.737939
 20
240.665460
 30
0.0
 11
38.843081
 21
240.665460
 31
0.0
  0
SPLINE
  5
b90
100
AcDbEntity
  8
0
 62
7
100
AcDbSpline
 70
8
 71
3
 72
8
 73
4
 74
0
 40
0
 40
0
 40
0
 40
0
 40
1
 40
1
 40
1
 40
1
 10
38.843081
 20
240.665460
 30
0.0
 10
38.776679
 20
240.897678
 30
0.0
 10
38.713099
 20
241.130631
 30
0.0
 10
38.653952
 20
241.363919
 30
0.0
  0
SPLINE
  5
b91
100
AcDbEntity
  8
0
 62
7
100
AcDbSpline
 70
8
 71
3
 72
8
 73
4
 74
0
 40
0
 40
0
 40
0
 40
0
 40
1
 40
1
 40
1
 40
1
 10
38.653952
 20
241.363919
 30
0.0
 10
38.608207
 20
241.543488
 30
0.0
 10
38.563570
 20
241.723435
 30
0.0
 10
38.520041
 20
241.903340
 30
0.0
  0
LINE
  5
b92
100
AcDbEntity
  8
0
 62
7
100
AcDbLine
 10
38.520041
 20
241.903340
 30
0.0
 11
38.520041
 21
241.903340
 31
0.0
  0
LINE
  5
b93
100
AcDbEntity
  8
0
 62
7
100
AcDbLine
 10
35.767822
 20
238.646453
 30
0.0
 11
38.132783
 21
238.646453
 31
0.0
  0
LINE
  5
b94
100
AcDbEntity
  8
0
 62
7
100
AcDbLine
 10
38.132783
 20
238.646453
 30
0.0
 11
38.199755
 21
238.646453
 31
0.0
  0
LINE
  5
b95
100
AcDbEntity
  8
0
 62
7
100
AcDbLine
 10
38.199755
 20
238.646453
 30
0.0
 11
38.199755
 21
237.443441
 31
0.0
  0
LINE
  5
b96
100
AcDbEntity
  8
0
 62
7
100
AcDbLine
 10
38.199755
 20
237.443441
 30
0.0
 11
36.706209
 21
237.443441
 31
0.0
  0
LINE
  5
b97
100
AcDbEntity
  8
0
 62
7
100
AcDbLine
 10
36.706209
 20
237.443441
 30
0.0
 11
35.767822
 21
237.443441
 31
0.0
  0
LINE
  5
b98
100
AcDbEntity
  8
0
 62
7
100
AcDbLine
 10
35.767822
 20
237.443441
 30
0.0
 11
35.767822
 21
238.646453
 31
0.0
  0
LINE
  5
b99
100
AcDbEntity
  8
0
 62
7
100
AcDbLine
 10
35.767822
 20
238.646453
 30
0.0
 11
35.767822
 21
238.646453
 31
0.0
  0
LINE
  5
b9a
100
AcDbEntity
  8
0
 62
7
100
AcDbLine
 10
34.445569
 20
237.204926
 30
0.0
 11
38.136746
 21
237.204926
 31
0.0
  0
LINE
  5
b9b
100
AcDbEntity
  8
0
 62
7
100
AcDbLine
 10
38.136746
 20
237.204926
 30
0.0
 11
39.996290
 21
237.204926
 31
0.0
  0
SPLINE
  5
b9c
100
AcDbEntity
  8
0
 62
7
100
AcDbSpline
 70
8
 71
3
 72
8
 73
4
 74
0
 40
0
 40
0
 40
0
 40
0
 40
1
 40
1
 40
1
 40
1
 10
39.996290
 20
237.204926
 30
0.0
 10
40.006299
 20
237.177363
 30
0.0
 10
40.016409
 20
237.149821
 30
0.0
 10
40.026418
 20
237.122279
 30
0.0
  0
LINE
  5
b9d
100
AcDbEntity
  8
0
 62
7
100
AcDbLine
 10
40.026418
 20
237.122279
 30
0.0
 11
36.710138
 21
237.122279
 31
0.0
  0
LINE
  5
b9e
100
AcDbEntity
  8
0
 62
7
100
AcDbLine
 10
36.710138
 20
237.122279
 30
0.0
 11
34.445569
 21
237.122279
 31
0.0
  0
LINE
  5
b9f
100
AcDbEntity
  8
0
 62
7
100
AcDbLine
 10
34.445569
 20
237.122279
 30
0.0
 11
34.435526
 21
237.122279
 31
0.0
  0
LINE
  5
ba0
100
AcDbEntity
  8
0
 62
7
100
AcDbLine
 10
34.435526
 20
237.122279
 30
0.0
 11
30.744382
 21
237.122279
 31
0.0
  0
LINE
  5
ba1
100
AcDbEntity
  8
0
 62
7
100
AcDbLine
 10
30.744382
 20
237.122279
 30
0.0
 11
28.854710
 21
237.122279
 31
0.0
  0
SPLINE
  5
ba2
100
AcDbEntity
  8
0
 62
7
100
AcDbSpline
 70
8
 71
3
 72
8
 73
4
 74
0
 40
0
 40
0
 40
0
 40
0
 40
1
 40
1
 40
1
 40
1
 10
28.854710
 20
237.122279
 30
0.0
 10
28.865256
 20
237.149821
 30
0.0
 10
28.875366
 20
237.177363
 30
0.0
 10
28.885375
 20
237.204926
 30
0.0
  0
LINE
  5
ba3
100
AcDbEntity
  8
0
 62
7
100
AcDbLine
 10
28.885375
 20
237.204926
 30
0.0
 11
32.170956
 21
237.204926
 31
0.0
  0
LINE
  5
ba4
100
AcDbEntity
  8
0
 62
7
100
AcDbLine
 10
32.170956
 20
237.204926
 30
0.0
 11
34.435526
 21
237.204926
 31
0.0
  0
LINE
  5
ba5
100
AcDbEntity
  8
0
 62
7
100
AcDbLine
 10
34.435526
 20
237.204926
 30
0.0
 11
34.445569
 21
237.204926
 31
0.0
  0
LINE
  5
ba6
100
AcDbEntity
  8
0
 62
7
100
AcDbLine
 10
34.445569
 20
237.204926
 30
0.0
 11
34.445569
 21
237.204926
 31
0.0
  0
LINE
  5
ba7
100
AcDbEntity
  8
0
 62
7
100
AcDbLine
 10
39.012729
 20
240.398689
 30
0.0
 11
41.318611
 21
240.398689
 31
0.0
  0
SPLINE
  5
ba8
100
AcDbEntity
  8
0
 62
7
100
AcDbSpline
 70
8
 71
3
 72
8
 73
4
 74
0
 40
0
 40
0
 40
0
 40
0
 40
1
 40
1
 40
1
 40
1
 10
41.318611
 20
240.398689
 30
0.0
 10
41.359822
 20
240.284994
 30
0.0
 10
41.401168
 20
240.171656
 30
0.0
 10
41.442446
 20
240.057982
 30
0.0
  0
LINE
  5
ba9
100
AcDbEntity
  8
0
 62
7
100
AcDbLine
 10
41.442446
 20
240.057982
 30
0.0
 11
39.057870
 21
240.057982
 31
0.0
  0
SPLINE
  5
baa
100
AcDbEntity
  8
0
 62
7
100
AcDbSpline
 70
8
 71
3
 72
8
 73
4
 74
0
 40
0
 40
0
 40
0
 40
0
 40
1
 40
1
 40
1
 40
1
 10
39.057870
 20
240.057982
 30
0.0
 10
39.019950
 20
240.171677
 30
0.0
 10
38.982534
 20
240.285015
 30
0.0
 10
38.945723
 20
240.398689
 30
0.0
  0
LINE
  5
bab
100
AcDbEntity
  8
0
 62
7
100
AcDbLine
 10
38.945723
 20
240.398689
 30
0.0
 11
39.012729
 21
240.398689
 31
0.0
  0
LINE
  5
bac
100
AcDbEntity
  8
0
 62
7
100
AcDbLine
 10
39.012729
 20
240.398689
 30
0.0
 11
39.012729
 21
240.398689
 31
0.0
  0
LINE
  5
bad
100
AcDbEntity
  8
0
 62
7
100
AcDbLine
 10
36.956768
 20
236.878893
 30
0.0
 11
36.956768
 21
235.965618
 31
0.0
  0
LINE
  5
bae
100
AcDbEntity
  8
0
 62
7
100
AcDbLine
 10
36.956768
 20
235.965618
 30
0.0
 11
35.969847
 21
235.965618
 31
0.0
  0
LINE
  5
baf
100
AcDbEntity
  8
0
 62
7
100
AcDbLine
 10
35.969847
 20
235.965618
 30
0.0
 11
35.948654
 21
235.965618
 31
0.0
  0
LINE
  5
bb0
100
AcDbEntity
  8
0
 62
7
100
AcDbLine
 10
35.948654
 20
235.965618
 30
0.0
 11
35.948654
 21
236.866003
 31
0.0
  0
LINE
  5
bb1
100
AcDbEntity
  8
0
 62
7
100
AcDbLine
 10
35.948654
 20
236.866003
 30
0.0
 11
35.948654
 21
236.878893
 31
0.0
  0
LINE
  5
bb2
100
AcDbEntity
  8
0
 62
7
100
AcDbLine
 10
35.948654
 20
236.878893
 30
0.0
 11
36.956768
 21
236.878893
 31
0.0
  0
LINE
  5
bb3
100
AcDbEntity
  8
0
 62
7
100
AcDbLine
 10
36.956768
 20
236.878893
 30
0.0
 11
36.956768
 21
236.878893
 31
0.0
  0
SPLINE
  5
bb4
100
AcDbEntity
  8
0
 62
7
100
AcDbSpline
 70
8
 71
3
 72
8
 73
4
 74
0
 40
0
 40
0
 40
0
 40
0
 40
1
 40
1
 40
1
 40
1
 10
39.262011
 20
239.716247
 30
0.0
 10
39.689943
 20
239.515769
 30
0.0
 10
40.118413
 20
239.314914
 30
0.0
 10
40.546311
 20
239.113702
 30
0.0
  0
SPLINE
  5
bb5
100
AcDbEntity
  8
0
 62
7
100
AcDbSpline
 70
8
 71
3
 72
8
 73
4
 74
0
 40
0
 40
0
 40
0
 40
0
 40
1
 40
1
 40
1
 40
1
 10
40.546311
 20
239.113702
 30
0.0
 10
40.668534
 20
239.056518
 30
0.0
 10
40.790186
 20
238.999335
 30
0.0
 10
40.912309
 20
238.942509
 30
0.0
  0
LINE
  5
bb6
100
AcDbEntity
  8
0
 62
7
100
AcDbLine
 10
40.912309
 20
238.942509
 30
0.0
 11
40.353891
 21
238.942509
 31
0.0
  0
LINE
  5
bb7
100
AcDbEntity
  8
0
 62
7
100
AcDbLine
 10
40.353891
 20
238.942509
 30
0.0
 11
40.353790
 21
238.942110
 31
0.0
  0
SPLINE
  5
bb8
100
AcDbEntity
  8
0
 62
7
100
AcDbSpline
 70
8
 71
3
 72
8
 73
4
 74
0
 40
0
 40
0
 40
0
 40
0
 40
1
 40
1
 40
1
 40
1
 10
40.353790
 20
238.942110
 30
0.0
 10
39.987793
 20
239.115087
 30
0.0
 10
39.621863
 20
239.288401
 30
0.0
 10
39.255865
 20
239.461357
 30
0.0
  0
SPLINE
  5
bb9
100
AcDbEntity
  8
0
 62
7
100
AcDbSpline
 70
8
 71
3
 72
8
 73
4
 74
0
 40
0
 40
0
 40
0
 40
0
 40
1
 40
1
 40
1
 40
1
 10
39.255865
 20
239.461357
 30
0.0
 10
39.226913
 20
239.546082
 30
0.0
 10
39.198431
 20
239.631521
 30
0.0
 10
39.170554
 20
239.716247
 30
0.0
  0
LINE
  5
bba
100
AcDbEntity
  8
0
 62
7
100
AcDbLine
 10
39.170554
 20
239.716247
 30
0.0
 11
39.249148
 21
239.716247
 31
0.0
  0
LINE
  5
bbb
100
AcDbEntity
  8
0
 62
7
100
AcDbLine
 10
39.249148
 20
239.716247
 30
0.0
 11
39.262011
 21
239.716247
 31
0.0
  0
LINE
  5
bbc
100
AcDbEntity
  8
0
 62
7
100
AcDbLine
 10
39.262011
 20
239.716247
 30
0.0
 11
39.262011
 21
239.716247
 31
0.0
  0
LINE
  5
bbd
100
AcDbEntity
  8
0
 62
7
100
AcDbLine
 10
38.536196
 20
238.646747
 30
0.0
 11
39.477371
 21
238.646747
 31
0.0
  0
SPLINE
  5
bbe
100
AcDbEntity
  8
0
 62
7
100
AcDbSpline
 70
8
 71
3
 72
8
 73
4
 74
0
 40
0
 40
0
 40
0
 40
0
 40
1
 40
1
 40
1
 40
1
 10
39.477371
 20
238.646747
 30
0.0
 10
39.576117
 20
238.365008
 30
0.0
 10
39.675971
 20
238.083269
 30
0.0
 10
39.776967
 20
237.801908
 30
0.0
  0
SPLINE
  5
bbf
100
AcDbEntity
  8
0
 62
7
100
AcDbSpline
 70
8
 71
3
 72
8
 73
4
 74
0
 40
0
 40
0
 40
0
 40
0
 40
1
 40
1
 40
1
 40
1
 10
39.776967
 20
237.801908
 30
0.0
 10
39.818850
 20
237.682986
 30
0.0
 10
39.861741
 20
237.564400
 30
0.0
 10
39.904195
 20
237.446569
 30
0.0
  0
LINE
  5
bc0
100
AcDbEntity
  8
0
 62
7
100
AcDbLine
 10
39.904195
 20
237.446569
 30
0.0
 11
39.904195
 21
237.443756
 31
0.0
  0
LINE
  5
bc1
100
AcDbEntity
  8
0
 62
7
100
AcDbLine
 10
39.904195
 20
237.443756
 30
0.0
 11
38.536196
 21
237.443756
 31
0.0
  0
LINE
  5
bc2
100
AcDbEntity
  8
0
 62
7
100
AcDbLine
 10
38.536196
 20
237.443756
 30
0.0
 11
38.536196
 21
238.646747
 31
0.0
  0
LINE
  5
bc3
100
AcDbEntity
  8
0
 62
7
100
AcDbLine
 10
38.536196
 20
238.646747
 30
0.0
 11
38.536196
 21
238.646747
 31
0.0
  0
LINE
  5
bc4
100
AcDbEntity
  8
0
 62
7
100
AcDbLine
 10
37.290925
 20
236.879921
 30
0.0
 11
38.082033
 21
236.879921
 31
0.0
  0
LINE
  5
bc5
100
AcDbEntity
  8
0
 62
7
100
AcDbLine
 10
38.082033
 20
236.879921
 30
0.0
 11
38.299039
 21
236.879921
 31
0.0
  0
LINE
  5
bc6
100
AcDbEntity
  8
0
 62
7
100
AcDbLine
 10
38.299039
 20
236.879921
 30
0.0
 11
38.299039
 21
235.966668
 31
0.0
  0
LINE
  5
bc7
100
AcDbEntity
  8
0
 62
7
100
AcDbLine
 10
38.299039
 20
235.966668
 30
0.0
 11
37.290925
 21
235.966668
 31
0.0
  0
LINE
  5
bc8
100
AcDbEntity
  8
0
 62
7
100
AcDbLine
 10
37.290925
 20
235.966668
 30
0.0
 11
37.290925
 21
236.867011
 31
0.0
  0
LINE
  5
bc9
100
AcDbEntity
  8
0
 62
7
100
AcDbLine
 10
37.290925
 20
236.867011
 30
0.0
 11
37.290925
 21
236.879921
 31
0.0
  0
LINE
  5
bca
100
AcDbEntity
  8
0
 62
7
100
AcDbLine
 10
37.290925
 20
236.879921
 30
0.0
 11
37.290925
 21
236.879921
 31
0.0
  0
LINE
  5
bcb
100
AcDbEntity
  8
0
 62
7
100
AcDbLine
 10
36.956768
 20
235.726746
 30
0.0
 11
36.956768
 21
235.465915
 31
0.0
  0
LINE
  5
bcc
100
AcDbEntity
  8
0
 62
7
100
AcDbLine
 10
36.956768
 20
235.465915
 30
0.0
 11
36.615356
 21
235.465915
 31
0.0
  0
LINE
  5
bcd
100
AcDbEntity
  8
0
 62
7
100
AcDbLine
 10
36.615356
 20
235.465915
 30
0.0
 11
35.948049
 21
235.465915
 31
0.0
  0
LINE
  5
bce
100
AcDbEntity
  8
0
 62
7
100
AcDbLine
 10
35.948049
 20
235.465915
 30
0.0
 11
35.948049
 21
235.726746
 31
0.0
  0
LINE
  5
bcf
100
AcDbEntity
  8
0
 62
7
100
AcDbLine
 10
35.948049
 20
235.726746
 30
0.0
 11
36.956768
 21
235.726746
 31
0.0
  0
LINE
  5
bd0
100
AcDbEntity
  8
0
 62
7
100
AcDbLine
 10
36.956768
 20
235.726746
 30
0.0
 11
36.956768
 21
235.726746
 31
0.0
  0
LINE
  5
bd1
100
AcDbEntity
  8
0
 62
7
100
AcDbLine
 10
36.956768
 20
235.227757
 30
0.0
 11
36.956768
 21
235.203363
 31
0.0
  0
LINE
  5
bd2
100
AcDbEntity
  8
0
 62
7
100
AcDbLine
 10
36.956768
 20
235.203363
 30
0.0
 11
36.801092
 21
235.203363
 31
0.0
  0
LINE
  5
bd3
100
AcDbEntity
  8
0
 62
7
100
AcDbLine
 10
36.801092
 20
235.203363
 30
0.0
 11
35.948016
 21
235.203363
 31
0.0
  0
LINE
  5
bd4
100
AcDbEntity
  8
0
 62
7
100
AcDbLine
 10
35.948016
 20
235.203363
 30
0.0
 11
35.948016
 21
235.227757
 31
0.0
  0
LINE
  5
bd5
100
AcDbEntity
  8
0
 62
7
100
AcDbLine
 10
35.948016
 20
235.227757
 30
0.0
 11
36.956768
 21
235.227757
 31
0.0
  0
LINE
  5
bd6
100
AcDbEntity
  8
0
 62
7
100
AcDbLine
 10
36.956768
 20
235.227757
 30
0.0
 11
36.956768
 21
235.227757
 31
0.0
  0
SPLINE
  5
bd7
100
AcDbEntity
  8
0
 62
7
100
AcDbSpline
 70
8
 71
3
 72
8
 73
4
 74
0
 40
0
 40
0
 40
0
 40
0
 40
1
 40
1
 40
1
 40
1
 10
39.403211
 20
239.023770
 30
0.0
 10
39.461283
 20
238.996963
 30
0.0
 10
39.518683
 20
238.969736
 30
0.0
 10
39.576151
 20
238.942530
 30
0.0
  0
LINE
  5
bd8
100
AcDbEntity
  8
0
 62
7
100
AcDbLine
 10
39.576151
 20
238.942530
 30
0.0
 11
39.430551
 21
238.942530
 31
0.0
  0
SPLINE
  5
bd9
100
AcDbEntity
  8
0
 62
7
100
AcDbSpline
 70
8
 71
3
 72
8
 73
4
 74
0
 40
0
 40
0
 40
0
 40
0
 40
1
 40
1
 40
1
 40
1
 10
39.430551
 20
238.942530
 30
0.0
 10
39.421046
 20
238.969358
 30
0.0
 10
39.412145
 20
238.996564
 30
0.0
 10
39.403211
 20
239.023770
 30
0.0
  0
LINE
  5
bda
100
AcDbEntity
  8
0
 62
7
100
AcDbLine
 10
39.403211
 20
239.023770
 30
0.0
 11
39.403211
 21
239.023770
 31
0.0
  0
LINE
  5
bdb
100
AcDbEntity
  8
0
 62
7
100
AcDbLine
 10
37.290925
 20
235.728194
 30
0.0
 11
38.296855
 21
235.728194
 31
0.0
  0
LINE
  5
bdc
100
AcDbEntity
  8
0
 62
7
100
AcDbLine
 10
38.296855
 20
235.728194
 30
0.0
 11
38.299039
 21
235.728194
 31
0.0
  0
LINE
  5
bdd
100
AcDbEntity
  8
0
 62
7
100
AcDbLine
 10
38.299039
 20
235.728194
 30
0.0
 11
38.299039
 21
235.467343
 31
0.0
  0
LINE
  5
bde
100
AcDbEntity
  8
0
 62
7
100
AcDbLine
 10
38.299039
 20
235.467343
 30
0.0
 11
37.290925
 21
235.467343
 31
0.0
  0
LINE
  5
bdf
100
AcDbEntity
  8
0
 62
7
100
AcDbLine
 10
37.290925
 20
235.467343
 30
0.0
 11
37.290925
 21
235.728194
 31
0.0
  0
LINE
  5
be0
100
AcDbEntity
  8
0
 62
7
100
AcDbLine
 10
37.290925
 20
235.728194
 30
0.0
 11
37.290925
 21
235.728194
 31
0.0
  0
LINE
  5
be1
100
AcDbEntity
  8
0
 62
7
100
AcDbLine
 10
36.956768
 20
234.810722
 30
0.0
 11
36.956768
 21
234.515359
 31
0.0
  0
SPLINE
  5
be2
100
AcDbEntity
  8
0
 62
7
100
AcDbSpline
 70
8
 71
3
 72
8
 73
4
 74
0
 40
0
 40
0
 40
0
 40
0
 40
1
 40
1
 40
1
 40
1
 10
36.956768
 20
234.515359
 30
0.0
 10
36.880324
 20
234.563473
 30
0.0
 10
36.803913
 20
234.611252
 30
0.0
 10
36.726898
 20
234.659051
 30
0.0
  0
SPLINE
  5
be3
100
AcDbEntity
  8
0
 62
7
100
AcDbSpline
 70
8
 71
3
 72
8
 73
4
 74
0
 40
0
 40
0
 40
0
 40
0
 40
1
 40
1
 40
1
 40
1
 10
36.726898
 20
234.659051
 30
0.0
 10
36.803846
 20
234.709601
 30
0.0
 10
36.880290
 20
234.760193
 30
0.0
 10
36.956768
 20
234.810722
 30
0.0
  0
LINE
  5
be4
100
AcDbEntity
  8
0
 62
7
100
AcDbLine
 10
36.956768
 20
234.810722
 30
0.0
 11
36.956768
 21
234.810722
 31
0.0
  0
LINE
  5
be5
100
AcDbEntity
  8
0
 62
7
100
AcDbLine
 10
36.238174
 20
234.965205
 30
0.0
 11
36.697342
 21
234.965205
 31
0.0
  0
SPLINE
  5
be6
100
AcDbEntity
  8
0
 62
7
100
AcDbSpline
 70
8
 71
3
 72
8
 73
4
 74
0
 40
0
 40
0
 40
0
 40
0
 40
1
 40
1
 40
1
 40
1
 10
36.697342
 20
234.965205
 30
0.0
 10
36.622577
 20
234.916040
 30
0.0
 10
36.548350
 20
234.866876
 30
0.0
 10
36.474123
 20
234.817712
 30
0.0
  0
SPLINE
  5
be7
100
AcDbEntity
  8
0
 62
7
100
AcDbSpline
 70
8
 71
3
 72
8
 73
4
 74
0
 40
0
 40
0
 40
0
 40
0
 40
1
 40
1
 40
1
 40
1
 10
36.474123
 20
234.817712
 30
0.0
 10
36.395495
 20
234.866876
 30
0.0
 10
36.316801
 20
234.916040
 30
0.0
 10
36.238174
 20
234.965205
 30
0.0
  0
LINE
  5
be8
100
AcDbEntity
  8
0
 62
7
100
AcDbLine
 10
36.238174
 20
234.965205
 30
0.0
 11
36.238174
 21
234.965205
 31
0.0
  0
SPLINE
  5
be9
100
AcDbEntity
  8
0
 62
7
100
AcDbSpline
 70
8
 71
3
 72
8
 73
4
 74
0
 40
0
 40
0
 40
0
 40
0
 40
1
 40
1
 40
1
 40
1
 10
35.948049
 20
234.828859
 30
0.0
 10
36.041220
 20
234.770626
 30
0.0
 10
36.133853
 20
234.712729
 30
0.0
 10
36.226486
 20
234.654874
 30
0.0
  0
SPLINE
  5
bea
100
AcDbEntity
  8
0
 62
7
100
AcDbSpline
 70
8
 71
3
 72
8
 73
4
 74
0
 40
0
 40
0
 40
0
 40
0
 40
1
 40
1
 40
1
 40
1
 10
36.226486
 20
234.654874
 30
0.0
 10
36.133853
 20
234.593849
 30
0.0
 10
36.041220
 20
234.532446
 30
0.0
 10
35.948049
 20
234.471086
 30
0.0
  0
LINE
  5
beb
100
AcDbEntity
  8
0
 62
7
100
AcDbLine
 10
35.948049
 20
234.471086
 30
0.0
 11
35.948049
 21
234.828859
 31
0.0
  0
LINE
  5
bec
100
AcDbEntity
  8
0
 62
7
100
AcDbLine
 10
35.948049
 20
234.828859
 30
0.0
 11
35.948049
 21
234.828859
 31
0.0
  0
LINE
  5
bed
100
AcDbEntity
  8
0
 62
7
100
AcDbLine
 10
37.290925
 20
235.229142
 30
0.0
 11
38.299643
 21
235.229142
 31
0.0
  0
LINE
  5
bee
100
AcDbEntity
  8
0
 62
7
100
AcDbLine
 10
38.299643
 20
235.229142
 30
0.0
 11
38.299643
 21
235.204749
 31
0.0
  0
LINE
  5
bef
100
AcDbEntity
  8
0
 62
7
100
AcDbLine
 10
38.299643
 20
235.204749
 30
0.0
 11
37.290925
 21
235.204749
 31
0.0
  0
LINE
  5
bf0
100
AcDbEntity
  8
0
 62
7
100
AcDbLine
 10
37.290925
 20
235.204749
 30
0.0
 11
37.290925
 21
235.229142
 31
0.0
  0
LINE
  5
bf1
100
AcDbEntity
  8
0
 62
7
100
AcDbLine
 10
37.290925
 20
235.229142
 30
0.0
 11
37.290925
 21
235.229142
 31
0.0
  0
LINE
  5
bf2
100
AcDbEntity
  8
0
 62
7
100
AcDbLine
 10
36.479228
 20
234.496528
 30
0.0
 11
36.896009
 21
234.236034
 31
0.0
  0
SPLINE
  5
bf3
100
AcDbEntity
  8
0
 62
7
100
AcDbSpline
 70
8
 71
3
 72
8
 73
4
 74
0
 40
0
 40
0
 40
0
 40
0
 40
1
 40
1
 40
1
 40
1
 10
36.896009
 20
234.236034
 30
0.0
 10
36.717460
 20
234.126558
 30
0.0
 10
36.540087
 20
234.017734
 30
0.0
 10
36.362043
 20
233.908258
 30
0.0
  0
SPLINE
  5
bf4
100
AcDbEntity
  8
0
 62
7
100
AcDbSpline
 70
8
 71
3
 72
8
 73
4
 74
0
 40
0
 40
0
 40
0
 40
0
 40
1
 40
1
 40
1
 40
1
 10
36.362043
 20
233.908258
 30
0.0
 10
36.236495
 20
233.995482
 30
0.0
 10
36.111013
 20
234.083314
 30
0.0
 10
35.985465
 20
234.170852
 30
0.0
  0
SPLINE
  5
bf5
100
AcDbEntity
  8
0
 62
7
100
AcDbSpline
 70
8
 71
3
 72
8
 73
4
 74
0
 40
0
 40
0
 40
0
 40
0
 40
1
 40
1
 40
1
 40
1
 10
35.985465
 20
234.170852
 30
0.0
 10
36.150042
 20
234.279656
 30
0.0
 10
36.314651
 20
234.388438
 30
0.0
 10
36.479228
 20
234.496528
 30
0.0
  0
LINE
  5
bf6
100
AcDbEntity
  8
0
 62
7
100
AcDbLine
 10
36.479228
 20
234.496528
 30
0.0
 11
36.479228
 21
234.496528
 31
0.0
  0
SPLINE
  5
bf7
100
AcDbEntity
  8
0
 62
7
100
AcDbSpline
 70
8
 71
3
 72
8
 73
4
 74
0
 40
0
 40
0
 40
0
 40
0
 40
1
 40
1
 40
1
 40
1
 10
36.346996
 20
233.584346
 30
0.0
 10
36.421156
 20
233.532725
 30
0.0
 10
36.494846
 20
233.481126
 30
0.0
 10
36.568435
 20
233.429863
 30
0.0
  0
LINE
  5
bf8
100
AcDbEntity
  8
0
 62
7
100
AcDbLine
 10
36.568435
 20
233.429863
 30
0.0
 11
36.095328
 21
233.429863
 31
0.0
  0
SPLINE
  5
bf9
100
AcDbEntity
  8
0
 62
7
100
AcDbSpline
 70
8
 71
3
 72
8
 73
4
 74
0
 40
0
 40
0
 40
0
 40
0
 40
1
 40
1
 40
1
 40
1
 10
36.095328
 20
233.429863
 30
0.0
 10
36.179565
 20
233.481462
 30
0.0
 10
36.263263
 20
233.533082
 30
0.0
 10
36.346996
 20
233.584346
 30
0.0
  0
LINE
  5
bfa
100
AcDbEntity
  8
0
 62
7
100
AcDbLine
 10
36.346996
 20
233.584346
 30
0.0
 11
36.346996
 21
233.584346
 31
0.0
  0
SPLINE
  5
bfb
100
AcDbEntity
  8
0
 62
7
100
AcDbSpline
 70
8
 71
3
 72
8
 73
4
 74
0
 40
0
 40
0
 40
0
 40
0
 40
1
 40
1
 40
1
 40
1
 10
35.947478
 20
233.862558
 30
0.0
 10
36.000479
 20
233.825590
 30
0.0
 10
36.053445
 20
233.788623
 30
0.0
 10
36.106479
 20
233.751655
 30
0.0
  0
SPLINE
  5
bfc
100
AcDbEntity
  8
0
 62
7
100
AcDbSpline
 70
8
 71
3
 72
8
 73
4
 74
0
 40
0
 40
0
 40
0
 40
0
 40
1
 40
1
 40
1
 40
1
 10
36.106479
 20
233.751655
 30
0.0
 10
36.053445
 20
233.719222
 30
0.0
 10
36.000479
 20
233.686453
 30
0.0
 10
35.947478
 20
233.654040
 30
0.0
  0
LINE
  5
bfd
100
AcDbEntity
  8
0
 62
7
100
AcDbLine
 10
35.947478
 20
233.654040
 30
0.0
 11
35.947478
 21
233.862558
 31
0.0
  0
LINE
  5
bfe
100
AcDbEntity
  8
0
 62
7
100
AcDbLine
 10
35.947478
 20
233.862558
 30
0.0
 11
35.947478
 21
233.862558
 31
0.0
  0
LINE
  5
bff
100
AcDbEntity
  8
0
 62
7
100
AcDbLine
 10
37.569932
 20
234.965876
 30
0.0
 11
38.085459
 21
234.965876
 31
0.0
  0
SPLINE
  5
c00
100
AcDbEntity
  8
0
 62
7
100
AcDbSpline
 70
8
 71
3
 72
8
 73
4
 74
0
 40
0
 40
0
 40
0
 40
0
 40
1
 40
1
 40
1
 40
1
 10
38.085459
 20
234.965876
 30
0.0
 10
37.998972
 20
234.912892
 30
0.0
 10
37.912519
 20
234.859865
 30
0.0
 10
37.825999
 20
234.806859
 30
0.0
  0
SPLINE
  5
c01
100
AcDbEntity
  8
0
 62
7
100
AcDbSpline
 70
8
 71
3
 72
8
 73
4
 74
0
 40
0
 40
0
 40
0
 40
0
 40
1
 40
1
 40
1
 40
1
 10
37.825999
 20
234.806859
 30
0.0
 10
37.740688
 20
234.859865
 30
0.0
 10
37.655277
 20
234.912892
 30
0.0
 10
37.569932
 20
234.965876
 30
0.0
  0
LINE
  5
c02
100
AcDbEntity
  8
0
 62
7
100
AcDbLine
 10
37.569932
 20
234.965876
 30
0.0
 11
37.569932
 21
234.965876
 31
0.0
  0
LINE
  5
c03
100
AcDbEntity
  8
0
 62
7
100
AcDbLine
 10
37.291764
 20
234.478895
 30
0.0
 11
37.291764
 21
234.478895
 31
0.0
  0
LINE
  5
c04
100
AcDbEntity
  8
0
 62
7
100
AcDbLine
 10
37.291764
 20
234.478895
 30
0.0
 11
37.291764
 21
234.478895
 31
0.0
  0
LINE
  5
c05
100
AcDbEntity
  8
0
 62
7
100
AcDbLine
 10
37.291496
 20
234.479105
 30
0.0
 11
37.291496
 21
234.479105
 31
0.0
  0
SPLINE
  5
c06
100
AcDbEntity
  8
0
 62
7
100
AcDbSpline
 70
8
 71
3
 72
8
 73
4
 74
0
 40
0
 40
0
 40
0
 40
0
 40
1
 40
1
 40
1
 40
1
 10
37.291496
 20
234.822204
 30
0.0
 10
37.384062
 20
234.764685
 30
0.0
 10
37.476728
 20
234.707124
 30
0.0
 10
37.569865
 20
234.649248
 30
0.0
  0
SPLINE
  5
c07
100
AcDbEntity
  8
0
 62
7
100
AcDbSpline
 70
8
 71
3
 72
8
 73
4
 74
0
 40
0
 40
0
 40
0
 40
0
 40
1
 40
1
 40
1
 40
1
 10
37.569865
 20
234.649248
 30
0.0
 10
37.477333
 20
234.592820
 30
0.0
 10
37.384800
 20
234.536057
 30
0.0
 10
37.291496
 20
234.479105
 30
0.0
  0
LINE
  5
c08
100
AcDbEntity
  8
0
 62
7
100
AcDbLine
 10
37.291496
 20
234.479105
 30
0.0
 11
37.291496
 21
234.822204
 31
0.0
  0
LINE
  5
c09
100
AcDbEntity
  8
0
 62
7
100
AcDbLine
 10
37.291496
 20
234.822204
 30
0.0
 11
37.291496
 21
234.822204
 31
0.0
  0
LINE
  5
c0a
100
AcDbEntity
  8
0
 62
7
100
AcDbLine
 10
36.955659
 20
233.958115
 30
0.0
 11
36.955659
 21
233.683325
 31
0.0
  0
LINE
  5
c0b
100
AcDbEntity
  8
0
 62
7
100
AcDbLine
 10
36.955659
 20
233.683325
 30
0.0
 11
36.955659
 21
233.494330
 31
0.0
  0
SPLINE
  5
c0c
100
AcDbEntity
  8
0
 62
7
100
AcDbSpline
 70
8
 71
3
 72
8
 73
4
 74
0
 40
0
 40
0
 40
0
 40
0
 40
1
 40
1
 40
1
 40
1
 10
36.955659
 20
233.494330
 30
0.0
 10
36.837366
 20
233.576641
 30
0.0
 10
36.719711
 20
233.658932
 30
0.0
 10
36.601417
 20
233.741243
 30
0.0
  0
SPLINE
  5
c0d
100
AcDbEntity
  8
0
 62
7
100
AcDbSpline
 70
8
 71
3
 72
8
 73
4
 74
0
 40
0
 40
0
 40
0
 40
0
 40
1
 40
1
 40
1
 40
1
 10
36.601417
 20
233.741243
 30
0.0
 10
36.719610
 20
233.813352
 30
0.0
 10
36.837164
 20
233.886174
 30
0.0
 10
36.955659
 20
233.958115
 30
0.0
  0
LINE
  5
c0e
100
AcDbEntity
  8
0
 62
7
100
AcDbLine
 10
36.955659
 20
233.958115
 30
0.0
 11
36.955659
 21
233.958115
 31
0.0
  0
SPLINE
  5
c0f
100
AcDbEntity
  8
0
 62
7
100
AcDbSpline
 70
8
 71
3
 72
8
 73
4
 74
0
 40
0
 40
0
 40
0
 40
0
 40
1
 40
1
 40
1
 40
1
 10
38.062553
 20
233.823890
 30
0.0
 10
38.141180
 20
233.872697
 30
0.0
 10
38.220949
 20
233.921882
 30
0.0
 10
38.299677
 20
233.970690
 30
0.0
  0
LINE
  5
c10
100
AcDbEntity
  8
0
 62
7
100
AcDbLine
 10
38.299677
 20
233.970690
 30
0.0
 11
38.299677
 21
233.683703
 31
0.0
  0
LINE
  5
c11
100
AcDbEntity
  8
0
 62
7
100
AcDbLine
 10
38.299677
 20
233.683703
 30
0.0
 11
38.299677
 21
233.675348
 31
0.0
  0
SPLINE
  5
c12
100
AcDbEntity
  8
0
 62
7
100
AcDbSpline
 70
8
 71
3
 72
8
 73
4
 74
0
 40
0
 40
0
 40
0
 40
0
 40
1
 40
1
 40
1
 40
1
 10
38.299677
 20
233.675348
 30
0.0
 10
38.221050
 20
233.724869
 30
0.0
 10
38.141247
 20
233.774369
 30
0.0
 10
38.062553
 20
233.823890
 30
0.0
  0
LINE
  5
c13
100
AcDbEntity
  8
0
 62
7
100
AcDbLine
 10
38.062553
 20
233.823890
 30
0.0
 11
38.062553
 21
233.823890
 31
0.0
  0
SPLINE
  5
c14
100
AcDbEntity
  8
0
 62
7
100
AcDbSpline
 70
8
 71
3
 72
8
 73
4
 74
0
 40
0
 40
0
 40
0
 40
0
 40
1
 40
1
 40
1
 40
1
 10
37.806989
 20
233.665922
 30
0.0
 10
37.932571
 20
233.587452
 30
0.0
 10
38.058052
 20
233.509025
 30
0.0
 10
38.183600
 20
233.430534
 30
0.0
  0
LINE
  5
c15
100
AcDbEntity
  8
0
 62
7
100
AcDbLine
 10
38.183600
 20
233.430534
 30
0.0
 11
38.021207
 21
233.430534
 31
0.0
  0
LINE
  5
c16
100
AcDbEntity
  8
0
 62
7
100
AcDbLine
 10
38.021207
 20
233.430534
 30
0.0
 11
37.426482
 21
233.430534
 31
0.0
  0
SPLINE
  5
c17
100
AcDbEntity
  8
0
 62
7
100
AcDbSpline
 70
8
 71
3
 72
8
 73
4
 74
0
 40
0
 40
0
 40
0
 40
0
 40
1
 40
1
 40
1
 40
1
 10
37.426482
 20
233.430534
 30
0.0
 10
37.553709
 20
233.509025
 30
0.0
 10
37.680366
 20
233.587452
 30
0.0
 10
37.806989
 20
233.665922
 30
0.0
  0
LINE
  5
c18
100
AcDbEntity
  8
0
 62
7
100
AcDbLine
 10
37.806989
 20
233.665922
 30
0.0
 11
37.806989
 21
233.665922
 31
0.0
  0
LINE
  5
c19
100
AcDbEntity
  8
0
 62
7
100
AcDbLine
 10
36.868602
 20
233.191683
 30
0.0
 11
37.805377
 21
233.191683
 31
0.0
  0
SPLINE
  5
c1a
100
AcDbEntity
  8
0
 62
7
100
AcDbSpline
 70
8
 71
3
 72
8
 73
4
 74
0
 40
0
 40
0
 40
0
 40
0
 40
1
 40
1
 40
1
 40
1
 10
37.805377
 20
233.191683
 30
0.0
 10
37.747305
 20
233.154358
 30
0.0
 10
37.694876
 20
233.113927
 30
0.0
 10
37.650809
 20
233.075574
 30
0.0
  0
SPLINE
  5
c1b
100
AcDbEntity
  8
0
 62
7
100
AcDbSpline
 70
8
 71
3
 72
8
 73
4
 74
0
 40
0
 40
0
 40
0
 40
0
 40
1
 40
1
 40
1
 40
1
 10
37.650809
 20
233.075574
 30
0.0
 10
37.390779
 20
233.118797
 30
0.0
 10
37.130278
 20
233.157486
 30
0.0
 10
36.868602
 20
233.191683
 30
0.0
  0
LINE
  5
c1c
100
AcDbEntity
  8
0
 62
7
100
AcDbLine
 10
36.868602
 20
233.191683
 30
0.0
 11
36.868602
 21
233.191683
 31
0.0
  0
SPLINE
  5
c1d
100
AcDbEntity
  8
0
 62
7
100
AcDbSpline
 70
8
 71
3
 72
8
 73
4
 74
0
 40
0
 40
0
 40
0
 40
0
 40
1
 40
1
 40
1
 40
1
 10
38.080690
 20
234.649059
 30
0.0
 10
38.153708
 20
234.693689
 30
0.0
 10
38.226659
 20
234.738571
 30
0.0
 10
38.299677
 20
234.783515
 30
0.0
  0
LINE
  5
c1e
100
AcDbEntity
  8
0
 62
7
100
AcDbLine
 10
38.299677
 20
234.783515
 30
0.0
 11
38.299677
 21
234.512546
 31
0.0
  0
SPLINE
  5
c1f
100
AcDbEntity
  8
0
 62
7
100
AcDbSpline
 70
8
 71
3
 72
8
 73
4
 74
0
 40
0
 40
0
 40
0
 40
0
 40
1
 40
1
 40
1
 40
1
 10
38.299677
 20
234.512546
 30
0.0
 10
38.226591
 20
234.558246
 30
0.0
 10
38.153506
 20
234.603548
 30
0.0
 10
38.080690
 20
234.649059
 30
0.0
  0
LINE
  5
c20
100
AcDbEntity
  8
0
 62
7
100
AcDbLine
 10
38.080690
 20
234.649059
 30
0.0
 11
38.080690
 21
234.649059
 31
0.0
  0
SPLINE
  5
c21
100
AcDbEntity
  8
0
 62
7
100
AcDbSpline
 70
8
 71
3
 72
8
 73
4
 74
0
 40
0
 40
0
 40
0
 40
0
 40
1
 40
1
 40
1
 40
1
 10
37.824790
 20
234.490986
 30
0.0
 10
37.958567
 20
234.407395
 30
0.0
 10
38.092814
 20
234.324517
 30
0.0
 10
38.227129
 20
234.240967
 30
0.0
  0
SPLINE
  5
c22
100
AcDbEntity
  8
0
 62
7
100
AcDbSpline
 70
8
 71
3
 72
8
 73
4
 74
0
 40
0
 40
0
 40
0
 40
0
 40
1
 40
1
 40
1
 40
1
 10
38.227129
 20
234.240967
 30
0.0
 10
38.087642
 20
234.154835
 30
0.0
 10
37.948189
 20
234.068682
 30
0.0
 10
37.809206
 20
233.982215
 30
0.0
  0
SPLINE
  5
c23
100
AcDbEntity
  8
0
 62
7
100
AcDbSpline
 70
8
 71
3
 72
8
 73
4
 74
0
 40
0
 40
0
 40
0
 40
0
 40
1
 40
1
 40
1
 40
1
 10
37.809206
 20
233.982215
 30
0.0
 10
37.674757
 20
234.066268
 30
0.0
 10
37.540308
 20
234.150637
 30
0.0
 10
37.406397
 20
234.234333
 30
0.0
  0
SPLINE
  5
c24
100
AcDbEntity
  8
0
 62
7
100
AcDbSpline
 70
8
 71
3
 72
8
 73
4
 74
0
 40
0
 40
0
 40
0
 40
0
 40
1
 40
1
 40
1
 40
1
 10
37.406397
 20
234.234333
 30
0.0
 10
37.545917
 20
234.320108
 30
0.0
 10
37.685371
 20
234.405526
 30
0.0
 10
37.824790
 20
234.490986
 30
0.0
  0
LINE
  5
c25
100
AcDbEntity
  8
0
 62
7
100
AcDbLine
 10
37.824790
 20
234.490986
 30
0.0
 11
37.824790
 21
234.490986
 31
0.0
  0
SPLINE
  5
c26
100
AcDbEntity
  8
0
 62
7
100
AcDbSpline
 70
8
 71
3
 72
8
 73
4
 74
0
 40
0
 40
0
 40
0
 40
0
 40
1
 40
1
 40
1
 40
1
 10
37.291496
 20
233.988491
 30
0.0
 10
37.379091
 20
233.933722
 30
0.0
 10
37.466652
 20
233.879331
 30
0.0
 10
37.553441
 20
233.824436
 30
0.0
  0
SPLINE
  5
c27
100
AcDbEntity
  8
0
 62
7
100
AcDbSpline
 70
8
 71
3
 72
8
 73
4
 74
0
 40
0
 40
0
 40
0
 40
0
 40
1
 40
1
 40
1
 40
1
 10
37.553441
 20
233.824436
 30
0.0
 10
37.466484
 20
233.770380
 30
0.0
 10
37.378453
 20
233.716787
 30
0.0
 10
37.291496
 20
233.662794
 30
0.0
  0
LINE
  5
c28
100
AcDbEntity
  8
0
 62
7
100
AcDbLine
 10
37.291496
 20
233.662794
 30
0.0
 11
37.291496
 21
233.988491
 31
0.0
  0
LINE
  5
c29
100
AcDbEntity
  8
0
 62
7
100
AcDbLine
 10
37.291496
 20
233.988491
 30
0.0
 11
37.291496
 21
233.988491
 31
0.0
  0
LINE
  5
c2a
100
AcDbEntity
  8
0
 62
7
100
AcDbLine
 10
35.608821
 20
235.728194
 30
0.0
 11
35.608821
 21
235.467343
 31
0.0
  0
LINE
  5
c2b
100
AcDbEntity
  8
0
 62
7
100
AcDbLine
 10
35.608821
 20
235.467343
 30
0.0
 11
34.610145
 21
235.467343
 31
0.0
  0
LINE
  5
c2c
100
AcDbEntity
  8
0
 62
7
100
AcDbLine
 10
34.610145
 20
235.467343
 30
0.0
 11
34.610145
 21
235.728194
 31
0.0
  0
LINE
  5
c2d
100
AcDbEntity
  8
0
 62
7
100
AcDbLine
 10
34.610145
 20
235.728194
 30
0.0
 11
35.608821
 21
235.728194
 31
0.0
  0
LINE
  5
c2e
100
AcDbEntity
  8
0
 62
7
100
AcDbLine
 10
35.608821
 20
235.728194
 30
0.0
 11
35.608821
 21
235.728194
 31
0.0
  0
LINE
  5
c2f
100
AcDbEntity
  8
0
 62
7
100
AcDbLine
 10
34.610145
 20
235.229142
 30
0.0
 11
35.608821
 21
235.229142
 31
0.0
  0
LINE
  5
c30
100
AcDbEntity
  8
0
 62
7
100
AcDbLine
 10
35.608821
 20
235.229142
 30
0.0
 11
35.608821
 21
235.204749
 31
0.0
  0
LINE
  5
c31
100
AcDbEntity
  8
0
 62
7
100
AcDbLine
 10
35.608821
 20
235.204749
 30
0.0
 11
34.610145
 21
235.204749
 31
0.0
  0
LINE
  5
c32
100
AcDbEntity
  8
0
 62
7
100
AcDbLine
 10
34.610145
 20
235.204749
 30
0.0
 11
34.610145
 21
235.229142
 31
0.0
  0
LINE
  5
c33
100
AcDbEntity
  8
0
 62
7
100
AcDbLine
 10
34.610145
 20
235.229142
 30
0.0
 11
34.610145
 21
235.229142
 31
0.0
  0
LINE
  5
c34
100
AcDbEntity
  8
0
 62
7
100
AcDbLine
 10
34.843407
 20
234.966233
 30
0.0
 11
35.609459
 21
234.966233
 31
0.0
  0
LINE
  5
c35
100
AcDbEntity
  8
0
 62
7
100
AcDbLine
 10
35.609459
 20
234.966233
 30
0.0
 11
35.609459
 21
234.957500
 31
0.0
  0
SPLINE
  5
c36
100
AcDbEntity
  8
0
 62
7
100
AcDbSpline
 70
8
 71
3
 72
8
 73
4
 74
0
 40
0
 40
0
 40
0
 40
0
 40
1
 40
1
 40
1
 40
1
 10
35.609459
 20
234.957500
 30
0.0
 10
35.462684
 20
234.884615
 30
0.0
 10
35.315976
 20
234.811771
 30
0.0
 10
35.169200
 20
234.739242
 30
0.0
  0
SPLINE
  5
c37
100
AcDbEntity
  8
0
 62
7
100
AcDbSpline
 70
8
 71
3
 72
8
 73
4
 74
0
 40
0
 40
0
 40
0
 40
0
 40
1
 40
1
 40
1
 40
1
 10
35.169200
 20
234.739242
 30
0.0
 10
35.060446
 20
234.814899
 30
0.0
 10
34.952195
 20
234.890220
 30
0.0
 10
34.843407
 20
234.966233
 30
0.0
  0
LINE
  5
c38
100
AcDbEntity
  8
0
 62
7
100
AcDbLine
 10
34.843407
 20
234.966233
 30
0.0
 11
34.843407
 21
234.966233
 31
0.0
  0
SPLINE
  5
c39
100
AcDbEntity
  8
0
 62
7
100
AcDbSpline
 70
8
 71
3
 72
8
 73
4
 74
0
 40
0
 40
0
 40
0
 40
0
 40
1
 40
1
 40
1
 40
1
 10
34.656528
 20
234.194238
 30
0.0
 10
34.814925
 20
234.273022
 30
0.0
 10
34.973926
 20
234.351849
 30
0.0
 10
35.132389
 20
234.430633
 30
0.0
  0
SPLINE
  5
c3a
100
AcDbEntity
  8
0
 62
7
100
AcDbSpline
 70
8
 71
3
 72
8
 73
4
 74
0
 40
0
 40
0
 40
0
 40
0
 40
1
 40
1
 40
1
 40
1
 10
35.132389
 20
234.430633
 30
0.0
 10
35.254545
 20
234.345887
 30
0.0
 10
35.375626
 20
234.261162
 30
0.0
 10
35.497278
 20
234.176436
 30
0.0
  0
SPLINE
  5
c3b
100
AcDbEntity
  8
0
 62
7
100
AcDbSpline
 70
8
 71
3
 72
8
 73
4
 74
0
 40
0
 40
0
 40
0
 40
0
 40
1
 40
1
 40
1
 40
1
 10
35.497278
 20
234.176436
 30
0.0
 10
35.355575
 20
234.082957
 30
0.0
 10
35.213871
 20
233.989520
 30
0.0
 10
35.072134
 20
233.896062
 30
0.0
  0
SPLINE
  5
c3c
100
AcDbEntity
  8
0
 62
7
100
AcDbSpline
 70
8
 71
3
 72
8
 73
4
 74
0
 40
0
 40
0
 40
0
 40
0
 40
1
 40
1
 40
1
 40
1
 10
35.072134
 20
233.896062
 30
0.0
 10
34.933823
 20
233.965819
 30
0.0
 10
34.794840
 20
234.035892
 30
0.0
 10
34.656528
 20
234.105629
 30
0.0
  0
SPLINE
  5
c3d
100
AcDbEntity
  8
0
 62
7
100
AcDbSpline
 70
8
 71
3
 72
8
 73
4
 74
0
 40
0
 40
0
 40
0
 40
0
 40
1
 40
1
 40
1
 40
1
 10
34.656528
 20
234.105629
 30
0.0
 10
34.640910
 20
234.113333
 30
0.0
 10
34.625830
 20
234.118539
 30
0.0
 10
34.610783
 20
234.122402
 30
0.0
  0
LINE
  5
c3e
100
AcDbEntity
  8
0
 62
7
100
AcDbLine
 10
34.610783
 20
234.122402
 30
0.0
 11
34.610783
 21
234.177843
 31
0.0
  0
SPLINE
  5
c3f
100
AcDbEntity
  8
0
 62
7
100
AcDbSpline
 70
8
 71
3
 72
8
 73
4
 74
0
 40
0
 40
0
 40
0
 40
0
 40
1
 40
1
 40
1
 40
1
 10
34.610783
 20
234.177843
 30
0.0
 10
34.625830
 20
234.181348
 30
0.0
 10
34.640910
 20
234.186219
 30
0.0
 10
34.656528
 20
234.194238
 30
0.0
  0
LINE
  5
c40
100
AcDbEntity
  8
0
 62
7
100
AcDbLine
 10
34.656528
 20
234.194238
 30
0.0
 11
34.656528
 21
234.194238
 31
0.0
  0
SPLINE
  5
c41
100
AcDbEntity
  8
0
 62
7
100
AcDbSpline
 70
8
 71
3
 72
8
 73
4
 74
0
 40
0
 40
0
 40
0
 40
0
 40
1
 40
1
 40
1
 40
1
 10
34.610783
 20
233.837115
 30
0.0
 10
34.681618
 20
233.801533
 30
0.0
 10
34.751378
 20
233.765972
 30
0.0
 10
34.821642
 20
233.730789
 30
0.0
  0
SPLINE
  5
c42
100
AcDbEntity
  8
0
 62
7
100
AcDbSpline
 70
8
 71
3
 72
8
 73
4
 74
0
 40
0
 40
0
 40
0
 40
0
 40
1
 40
1
 40
1
 40
1
 10
34.821642
 20
233.730789
 30
0.0
 10
34.751949
 20
233.684395
 30
0.0
 10
34.681618
 20
233.638023
 30
0.0
 10
34.610783
 20
233.591651
 30
0.0
  0
LINE
  5
c43
100
AcDbEntity
  8
0
 62
7
100
AcDbLine
 10
34.610783
 20
233.591651
 30
0.0
 11
34.610783
 21
233.837115
 31
0.0
  0
LINE
  5
c44
100
AcDbEntity
  8
0
 62
7
100
AcDbLine
 10
34.610783
 20
233.837115
 30
0.0
 11
34.610783
 21
233.837115
 31
0.0
  0
LINE
  5
c45
100
AcDbEntity
  8
0
 62
7
100
AcDbLine
 10
35.608821
 20
236.879921
 30
0.0
 11
35.608821
 21
235.966668
 31
0.0
  0
LINE
  5
c46
100
AcDbEntity
  8
0
 62
7
100
AcDbLine
 10
35.608821
 20
235.966668
 30
0.0
 11
34.610145
 21
235.966668
 31
0.0
  0
LINE
  5
c47
100
AcDbEntity
  8
0
 62
7
100
AcDbLine
 10
34.610145
 20
235.966668
 30
0.0
 11
34.610145
 21
236.867011
 31
0.0
  0
LINE
  5
c48
100
AcDbEntity
  8
0
 62
7
100
AcDbLine
 10
34.610145
 20
236.867011
 30
0.0
 11
34.610145
 21
236.879921
 31
0.0
  0
LINE
  5
c49
100
AcDbEntity
  8
0
 62
7
100
AcDbLine
 10
34.610145
 20
236.879921
 30
0.0
 11
35.608821
 21
236.879921
 31
0.0
  0
LINE
  5
c4a
100
AcDbEntity
  8
0
 62
7
100
AcDbLine
 10
35.608821
 20
236.879921
 30
0.0
 11
35.608821
 21
236.879921
 31
0.0
  0
SPLINE
  5
c4b
100
AcDbEntity
  8
0
 62
7
100
AcDbSpline
 70
8
 71
3
 72
8
 73
4
 74
0
 40
0
 40
0
 40
0
 40
0
 40
1
 40
1
 40
1
 40
1
 10
34.610716
 20
234.793970
 30
0.0
 10
34.703853
 20
234.729460
 30
0.0
 10
34.796519
 20
234.664572
 30
0.0
 10
34.889118
 20
234.600105
 30
0.0
  0
SPLINE
  5
c4c
100
AcDbEntity
  8
0
 62
7
100
AcDbSpline
 70
8
 71
3
 72
8
 73
4
 74
0
 40
0
 40
0
 40
0
 40
0
 40
1
 40
1
 40
1
 40
1
 10
34.889118
 20
234.600105
 30
0.0
 10
34.796519
 20
234.553712
 30
0.0
 10
34.703853
 20
234.508032
 30
0.0
 10
34.610716
 20
234.461639
 30
0.0
  0
LINE
  5
c4d
100
AcDbEntity
  8
0
 62
7
100
AcDbLine
 10
34.610716
 20
234.461639
 30
0.0
 11
34.610716
 21
234.793970
 31
0.0
  0
LINE
  5
c4e
100
AcDbEntity
  8
0
 62
7
100
AcDbLine
 10
34.610716
 20
234.793970
 30
0.0
 11
34.610716
 21
234.793970
 31
0.0
  0
SPLINE
  5
c4f
100
AcDbEntity
  8
0
 62
7
100
AcDbSpline
 70
8
 71
3
 72
8
 73
4
 74
0
 40
0
 40
0
 40
0
 40
0
 40
1
 40
1
 40
1
 40
1
 10
35.352182
 20
233.754825
 30
0.0
 10
35.438098
 20
233.811315
 30
0.0
 10
35.524047
 20
233.867827
 30
0.0
 10
35.609895
 20
233.924653
 30
0.0
  0
LINE
  5
c50
100
AcDbEntity
  8
0
 62
7
100
AcDbLine
 10
35.609895
 20
233.924653
 30
0.0
 11
35.609895
 21
233.683703
 31
0.0
  0
LINE
  5
c51
100
AcDbEntity
  8
0
 62
7
100
AcDbLine
 10
35.609895
 20
233.683703
 30
0.0
 11
35.609895
 21
233.624756
 31
0.0
  0
SPLINE
  5
c52
100
AcDbEntity
  8
0
 62
7
100
AcDbSpline
 70
8
 71
3
 72
8
 73
4
 74
0
 40
0
 40
0
 40
0
 40
0
 40
1
 40
1
 40
1
 40
1
 10
35.609895
 20
233.624756
 30
0.0
 10
35.524047
 20
233.668000
 30
0.0
 10
35.438098
 20
233.711602
 30
0.0
 10
35.352182
 20
233.754825
 30
0.0
  0
LINE
  5
c53
100
AcDbEntity
  8
0
 62
7
100
AcDbLine
 10
35.352182
 20
233.754825
 30
0.0
 11
35.352182
 21
233.754825
 31
0.0
  0
SPLINE
  5
c54
100
AcDbEntity
  8
0
 62
7
100
AcDbSpline
 70
8
 71
3
 72
8
 73
4
 74
0
 40
0
 40
0
 40
0
 40
0
 40
1
 40
1
 40
1
 40
1
 10
35.101691
 20
233.589552
 30
0.0
 10
35.206583
 20
233.536567
 30
0.0
 10
35.312046
 20
233.483561
 30
0.0
 10
35.416938
 20
233.430534
 30
0.0
  0
LINE
  5
c55
100
AcDbEntity
  8
0
 62
7
100
AcDbLine
 10
35.416938
 20
233.430534
 30
0.0
 11
34.860670
 21
233.430534
 31
0.0
  0
SPLINE
  5
c56
100
AcDbEntity
  8
0
 62
7
100
AcDbSpline
 70
8
 71
3
 72
8
 73
4
 74
0
 40
0
 40
0
 40
0
 40
0
 40
1
 40
1
 40
1
 40
1
 10
34.860670
 20
233.430534
 30
0.0
 10
34.941044
 20
233.483561
 30
0.0
 10
35.021350
 20
233.536567
 30
0.0
 10
35.101691
 20
233.589552
 30
0.0
  0
LINE
  5
c57
100
AcDbEntity
  8
0
 62
7
100
AcDbLine
 10
35.101691
 20
233.589552
 30
0.0
 11
35.101691
 21
233.589552
 31
0.0
  0
SPLINE
  5
c58
100
AcDbEntity
  8
0
 62
7
100
AcDbSpline
 70
8
 71
3
 72
8
 73
4
 74
0
 40
0
 40
0
 40
0
 40
0
 40
1
 40
1
 40
1
 40
1
 10
35.412437
 20
234.569393
 30
0.0
 10
35.478302
 20
234.602162
 30
0.0
 10
35.544132
 20
234.634595
 30
0.0
 10
35.609358
 20
234.667050
 30
0.0
  0
LINE
  5
c59
100
AcDbEntity
  8
0
 62
7
100
AcDbLine
 10
35.609358
 20
234.667050
 30
0.0
 11
35.609358
 21
234.432019
 31
0.0
  0
SPLINE
  5
c5a
100
AcDbEntity
  8
0
 62
7
100
AcDbSpline
 70
8
 71
3
 72
8
 73
4
 74
0
 40
0
 40
0
 40
0
 40
0
 40
1
 40
1
 40
1
 40
1
 10
35.609358
 20
234.432019
 30
0.0
 10
35.544065
 20
234.477698
 30
0.0
 10
35.478302
 20
234.523357
 30
0.0
 10
35.412437
 20
234.569057
 30
0.0
  0
LINE
  5
c5b
100
AcDbEntity
  8
0
 62
7
100
AcDbLine
 10
35.412437
 20
234.569057
 30
0.0
 11
35.412437
 21
234.569393
 31
0.0
  0
SPLINE
  5
c5c
100
AcDbEntity
  8
0
 62
7
100
AcDbSpline
 70
8
 71
3
 72
8
 73
4
 74
0
 40
0
 40
0
 40
0
 40
0
 40
1
 40
1
 40
1
 40
1
 10
33.742626
 20
234.430633
 30
0.0
 10
33.901627
 20
234.351807
 30
0.0
 10
34.060057
 20
234.273001
 30
0.0
 10
34.218520
 20
234.194238
 30
0.0
  0
SPLINE
  5
c5d
100
AcDbEntity
  8
0
 62
7
100
AcDbSpline
 70
8
 71
3
 72
8
 73
4
 74
0
 40
0
 40
0
 40
0
 40
0
 40
1
 40
1
 40
1
 40
1
 10
34.218520
 20
234.194238
 30
0.0
 10
34.233601
 20
234.186534
 30
0.0
 10
34.249185
 20
234.181663
 30
0.0
 10
34.263695
 20
234.177843
 30
0.0
  0
LINE
  5
c5e
100
AcDbEntity
  8
0
 62
7
100
AcDbLine
 10
34.263695
 20
234.177843
 30
0.0
 11
34.263695
 21
234.122402
 31
0.0
  0
SPLINE
  5
c5f
100
AcDbEntity
  8
0
 62
7
100
AcDbSpline
 70
8
 71
3
 72
8
 73
4
 74
0
 40
0
 40
0
 40
0
 40
0
 40
1
 40
1
 40
1
 40
1
 10
34.263695
 20
234.122402
 30
0.0
 10
34.248749
 20
234.118938
 30
0.0
 10
34.233836
 20
234.113396
 30
0.0
 10
34.219058
 20
234.105629
 30
0.0
  0
SPLINE
  5
c60
100
AcDbEntity
  8
0
 62
7
100
AcDbSpline
 70
8
 71
3
 72
8
 73
4
 74
0
 40
0
 40
0
 40
0
 40
0
 40
1
 40
1
 40
1
 40
1
 10
34.219058
 20
234.105629
 30
0.0
 10
34.080108
 20
234.035892
 30
0.0
 10
33.941764
 20
233.965819
 30
0.0
 10
33.802881
 20
233.896062
 30
0.0
  0
SPLINE
  5
c61
100
AcDbEntity
  8
0
 62
7
100
AcDbSpline
 70
8
 71
3
 72
8
 73
4
 74
0
 40
0
 40
0
 40
0
 40
0
 40
1
 40
1
 40
1
 40
1
 10
33.802881
 20
233.896062
 30
0.0
 10
33.661178
 20
233.989520
 30
0.0
 10
33.519474
 20
234.082957
 30
0.0
 10
33.377737
 20
234.176436
 30
0.0
  0
SPLINE
  5
c62
100
AcDbEntity
  8
0
 62
7
100
AcDbSpline
 70
8
 71
3
 72
8
 73
4
 74
0
 40
0
 40
0
 40
0
 40
0
 40
1
 40
1
 40
1
 40
1
 10
33.377737
 20
234.176436
 30
0.0
 10
33.499356
 20
234.261162
 30
0.0
 10
33.620974
 20
234.345887
 30
0.0
 10
33.742626
 20
234.430633
 30
0.0
  0
LINE
  5
c63
100
AcDbEntity
  8
0
 62
7
100
AcDbLine
 10
33.742626
 20
234.430633
 30
0.0
 11
33.742626
 21
234.430633
 31
0.0
  0
LINE
  5
c64
100
AcDbEntity
  8
0
 62
7
100
AcDbLine
 10
34.264266
 20
233.837115
 30
0.0
 11
34.264266
 21
233.684017
 31
0.0
  0
LINE
  5
c65
100
AcDbEntity
  8
0
 62
7
100
AcDbLine
 10
34.264266
 20
233.684017
 30
0.0
 11
34.264266
 21
233.591609
 31
0.0
  0
SPLINE
  5
c66
100
AcDbEntity
  8
0
 62
7
100
AcDbSpline
 70
8
 71
3
 72
8
 73
4
 74
0
 40
0
 40
0
 40
0
 40
0
 40
1
 40
1
 40
1
 40
1
 10
34.264266
 20
233.591609
 30
0.0
 10
34.193968
 20
233.637981
 30
0.0
 10
34.123637
 20
233.684353
 30
0.0
 10
34.053340
 20
233.730747
 30
0.0
  0
SPLINE
  5
c67
100
AcDbEntity
  8
0
 62
7
100
AcDbSpline
 70
8
 71
3
 72
8
 73
4
 74
0
 40
0
 40
0
 40
0
 40
0
 40
1
 40
1
 40
1
 40
1
 10
34.053340
 20
233.730747
 30
0.0
 10
34.123637
 20
233.765972
 30
0.0
 10
34.193968
 20
233.801533
 30
0.0
 10
34.264266
 20
233.837115
 30
0.0
  0
LINE
  5
c68
100
AcDbEntity
  8
0
 62
7
100
AcDbLine
 10
34.264266
 20
233.837115
 30
0.0
 11
34.264266
 21
233.837115
 31
0.0
  0
LINE
  5
c69
100
AcDbEntity
  8
0
 62
7
100
AcDbLine
 10
38.190015
 20
243.338107
 30
0.0
 11
38.190015
 21
243.338107
 31
0.0
  0
LINE
  5
c6a
100
AcDbEntity
  8
0
 62
7
100
AcDbLine
 10
38.190015
 20
243.338107
 30
0.0
 11
38.190015
 21
243.338107
 31
0.0
  0
SPLINE
  5
c6b
100
AcDbEntity
  8
0
 62
7
100
AcDbSpline
 70
8
 71
3
 72
8
 73
4
 74
0
 40
0
 40
0
 40
0
 40
0
 40
1
 40
1
 40
1
 40
1
 10
37.907985
 20
244.673098
 30
0.0
 10
38.387809
 20
244.461810
 30
0.0
 10
38.867599
 20
244.250479
 30
0.0
 10
39.347390
 20
244.038813
 30
0.0
  0
SPLINE
  5
c6c
100
AcDbEntity
  8
0
 62
7
100
AcDbSpline
 70
8
 71
3
 72
8
 73
4
 74
0
 40
0
 40
0
 40
0
 40
0
 40
1
 40
1
 40
1
 40
1
 10
39.347390
 20
244.038813
 30
0.0
 10
38.961441
 20
243.805230
 30
0.0
 10
38.575426
 20
243.571648
 30
0.0
 10
38.190317
 20
243.337918
 30
0.0
  0
SPLINE
  5
c6d
100
AcDbEntity
  8
0
 62
7
100
AcDbSpline
 70
8
 71
3
 72
8
 73
4
 74
0
 40
0
 40
0
 40
0
 40
0
 40
1
 40
1
 40
1
 40
1
 10
38.190317
 20
243.337918
 30
0.0
 10
38.092680
 20
243.782873
 30
0.0
 10
37.999510
 20
244.227828
 30
0.0
 10
37.907985
 20
244.673098
 30
0.0
  0
LINE
  5
c6e
100
AcDbEntity
  8
0
 62
7
100
AcDbLine
 10
37.907985
 20
244.673098
 30
0.0
 11
37.907985
 21
244.673098
 31
0.0
  0
LINE
  5
c6f
100
AcDbEntity
  8
0
 62
7
100
AcDbLine
 10
35.431985
 20
238.646453
 30
0.0
 11
35.431985
 21
237.443441
 31
0.0
  0
LINE
  5
c70
100
AcDbEntity
  8
0
 62
7
100
AcDbLine
 10
35.431985
 20
237.443441
 30
0.0
 11
34.441672
 21
237.443441
 31
0.0
  0
LINE
  5
c71
100
AcDbEntity
  8
0
 62
7
100
AcDbLine
 10
34.441672
 20
237.443441
 30
0.0
 11
34.431663
 21
237.443441
 31
0.0
  0
LINE
  5
c72
100
AcDbEntity
  8
0
 62
7
100
AcDbLine
 10
34.431663
 20
237.443441
 30
0.0
 11
33.441351
 21
237.443441
 31
0.0
  0
LINE
  5
c73
100
AcDbEntity
  8
0
 62
7
100
AcDbLine
 10
33.441351
 20
237.443441
 30
0.0
 11
33.441351
 21
238.646453
 31
0.0
  0
LINE
  5
c74
100
AcDbEntity
  8
0
 62
7
100
AcDbLine
 10
33.441351
 20
238.646453
 30
0.0
 11
34.431663
 21
238.646453
 31
0.0
  0
LINE
  5
c75
100
AcDbEntity
  8
0
 62
7
100
AcDbLine
 10
34.431663
 20
238.646453
 30
0.0
 11
34.441672
 21
238.646453
 31
0.0
  0
LINE
  5
c76
100
AcDbEntity
  8
0
 62
7
100
AcDbLine
 10
34.441672
 20
238.646453
 30
0.0
 11
35.431985
 21
238.646453
 31
0.0
  0
LINE
  5
c77
100
AcDbEntity
  8
0
 62
7
100
AcDbLine
 10
35.431985
 20
238.646453
 30
0.0
 11
35.431985
 21
238.646453
 31
0.0
  0
LINE
  5
c78
100
AcDbEntity
  8
0
 62
7
100
AcDbLine
 10
33.265590
 20
235.728194
 30
0.0
 11
34.264266
 21
235.728194
 31
0.0
  0
LINE
  5
c79
100
AcDbEntity
  8
0
 62
7
100
AcDbLine
 10
34.264266
 20
235.728194
 30
0.0
 11
34.264266
 21
235.467343
 31
0.0
  0
LINE
  5
c7a
100
AcDbEntity
  8
0
 62
7
100
AcDbLine
 10
34.264266
 20
235.467343
 30
0.0
 11
33.265590
 21
235.467343
 31
0.0
  0
LINE
  5
c7b
100
AcDbEntity
  8
0
 62
7
100
AcDbLine
 10
33.265590
 20
235.467343
 30
0.0
 11
33.265590
 21
235.728194
 31
0.0
  0
LINE
  5
c7c
100
AcDbEntity
  8
0
 62
7
100
AcDbLine
 10
33.265590
 20
235.728194
 30
0.0
 11
33.265590
 21
235.728194
 31
0.0
  0
LINE
  5
c7d
100
AcDbEntity
  8
0
 62
7
100
AcDbLine
 10
33.265590
 20
235.229142
 30
0.0
 11
34.264266
 21
235.229142
 31
0.0
  0
LINE
  5
c7e
100
AcDbEntity
  8
0
 62
7
100
AcDbLine
 10
34.264266
 20
235.229142
 30
0.0
 11
34.264266
 21
235.204749
 31
0.0
  0
LINE
  5
c7f
100
AcDbEntity
  8
0
 62
7
100
AcDbLine
 10
34.264266
 20
235.204749
 30
0.0
 11
33.265590
 21
235.204749
 31
0.0
  0
LINE
  5
c80
100
AcDbEntity
  8
0
 62
7
100
AcDbLine
 10
33.265590
 20
235.204749
 30
0.0
 11
33.265590
 21
235.229142
 31
0.0
  0
LINE
  5
c81
100
AcDbEntity
  8
0
 62
7
100
AcDbLine
 10
33.265590
 20
235.229142
 30
0.0
 11
33.265590
 21
235.229142
 31
0.0
  0
LINE
  5
c82
100
AcDbEntity
  8
0
 62
7
100
AcDbLine
 10
33.265590
 20
234.966590
 30
0.0
 11
34.031609
 21
234.966590
 31
0.0
  0
SPLINE
  5
c83
100
AcDbEntity
  8
0
 62
7
100
AcDbSpline
 70
8
 71
3
 72
8
 73
4
 74
0
 40
0
 40
0
 40
0
 40
0
 40
1
 40
1
 40
1
 40
1
 10
34.031609
 20
234.966590
 30
0.0
 10
33.922820
 20
234.890913
 30
0.0
 10
33.814570
 20
234.815235
 30
0.0
 10
33.705815
 20
234.739578
 30
0.0
  0
SPLINE
  5
c84
100
AcDbEntity
  8
0
 62
7
100
AcDbSpline
 70
8
 71
3
 72
8
 73
4
 74
0
 40
0
 40
0
 40
0
 40
0
 40
1
 40
1
 40
1
 40
1
 10
33.705815
 20
234.739578
 30
0.0
 10
33.559040
 20
234.812107
 30
0.0
 10
33.412365
 20
234.884993
 30
0.0
 10
33.265590
 20
234.957857
 30
0.0
  0
LINE
  5
c85
100
AcDbEntity
  8
0
 62
7
100
AcDbLine
 10
33.265590
 20
234.957857
 30
0.0
 11
33.265590
 21
234.966590
 31
0.0
  0
LINE
  5
c86
100
AcDbEntity
  8
0
 62
7
100
AcDbLine
 10
33.265590
 20
234.966590
 30
0.0
 11
33.265590
 21
234.966590
 31
0.0
  0
SPLINE
  5
c87
100
AcDbEntity
  8
0
 62
7
100
AcDbSpline
 70
8
 71
3
 72
8
 73
4
 74
0
 40
0
 40
0
 40
0
 40
0
 40
1
 40
1
 40
1
 40
1
 10
33.265624
 20
234.667763
 30
0.0
 10
33.331488
 20
234.634994
 30
0.0
 10
33.396747
 20
234.602561
 30
0.0
 10
33.462578
 20
234.570128
 30
0.0
  0
LINE
  5
c88
100
AcDbEntity
  8
0
 62
7
100
AcDbLine
 10
33.462578
 20
234.570128
 30
0.0
 11
33.462578
 21
234.569771
 31
0.0
  0
SPLINE
  5
c89
100
AcDbEntity
  8
0
 62
7
100
AcDbSpline
 70
8
 71
3
 72
8
 73
4
 74
0
 40
0
 40
0
 40
0
 40
0
 40
1
 40
1
 40
1
 40
1
 10
33.462578
 20
234.569771
 30
0.0
 10
33.396747
 20
234.524091
 30
0.0
 10
33.330883
 20
234.478055
 30
0.0
 10
33.265624
 20
234.432732
 30
0.0
  0
LINE
  5
c8a
100
AcDbEntity
  8
0
 62
7
100
AcDbLine
 10
33.265624
 20
234.432732
 30
0.0
 11
33.265624
 21
234.667763
 31
0.0
  0
LINE
  5
c8b
100
AcDbEntity
  8
0
 62
7
100
AcDbLine
 10
33.265624
 20
234.667763
 30
0.0
 11
33.265624
 21
234.667763
 31
0.0
  0
SPLINE
  5
c8c
100
AcDbEntity
  8
0
 62
7
100
AcDbSpline
 70
8
 71
3
 72
8
 73
4
 74
0
 40
0
 40
0
 40
0
 40
0
 40
1
 40
1
 40
1
 40
1
 10
33.773896
 20
233.589930
 30
0.0
 10
33.854236
 20
233.536903
 30
0.0
 10
33.934509
 20
233.483897
 30
0.0
 10
34.014849
 20
233.430912
 30
0.0
  0
LINE
  5
c8d
100
AcDbEntity
  8
0
 62
7
100
AcDbLine
 10
34.014849
 20
233.430912
 30
0.0
 11
33.458648
 21
233.430912
 31
0.0
  0
SPLINE
  5
c8e
100
AcDbEntity
  8
0
 62
7
100
AcDbSpline
 70
8
 71
3
 72
8
 73
4
 74
0
 40
0
 40
0
 40
0
 40
0
 40
1
 40
1
 40
1
 40
1
 10
33.458648
 20
233.430912
 30
0.0
 10
33.564078
 20
233.483897
 30
0.0
 10
33.668970
 20
233.536903
 30
0.0
 10
33.773896
 20
233.589930
 30
0.0
  0
LINE
  5
c8f
100
AcDbEntity
  8
0
 62
7
100
AcDbLine
 10
33.773896
 20
233.589930
 30
0.0
 11
33.773896
 21
233.589930
 31
0.0
  0
SPLINE
  5
c90
100
AcDbEntity
  8
0
 62
7
100
AcDbSpline
 70
8
 71
3
 72
8
 73
4
 74
0
 40
0
 40
0
 40
0
 40
0
 40
1
 40
1
 40
1
 40
1
 10
33.265590
 20
233.924989
 30
0.0
 10
33.351506
 20
233.868499
 30
0.0
 10
33.437455
 20
233.812029
 30
0.0
 10
33.523337
 20
233.755203
 30
0.0
  0
SPLINE
  5
c91
100
AcDbEntity
  8
0
 62
7
100
AcDbSpline
 70
8
 71
3
 72
8
 73
4
 74
0
 40
0
 40
0
 40
0
 40
0
 40
1
 40
1
 40
1
 40
1
 10
33.523337
 20
233.755203
 30
0.0
 10
33.437455
 20
233.711937
 30
0.0
 10
33.351506
 20
233.668336
 30
0.0
 10
33.265590
 20
233.625113
 30
0.0
  0
LINE
  5
c92
100
AcDbEntity
  8
0
 62
7
100
AcDbLine
 10
33.265590
 20
233.625113
 30
0.0
 11
33.265590
 21
233.924989
 31
0.0
  0
LINE
  5
c93
100
AcDbEntity
  8
0
 62
7
100
AcDbLine
 10
33.265590
 20
233.924989
 30
0.0
 11
33.265590
 21
233.924989
 31
0.0
  0
LINE
  5
c94
100
AcDbEntity
  8
0
 62
7
100
AcDbLine
 10
34.264266
 20
234.793970
 30
0.0
 11
34.264266
 21
234.461639
 31
0.0
  0
SPLINE
  5
c95
100
AcDbEntity
  8
0
 62
7
100
AcDbSpline
 70
8
 71
3
 72
8
 73
4
 74
0
 40
0
 40
0
 40
0
 40
0
 40
1
 40
1
 40
1
 40
1
 10
34.264266
 20
234.461639
 30
0.0
 10
34.171096
 20
234.508032
 30
0.0
 10
34.078429
 20
234.553712
 30
0.0
 10
33.985863
 20
234.600105
 30
0.0
  0
SPLINE
  5
c96
100
AcDbEntity
  8
0
 62
7
100
AcDbSpline
 70
8
 71
3
 72
8
 73
4
 74
0
 40
0
 40
0
 40
0
 40
0
 40
1
 40
1
 40
1
 40
1
 10
33.985863
 20
234.600105
 30
0.0
 10
34.078429
 20
234.664614
 30
0.0
 10
34.171096
 20
234.729481
 30
0.0
 10
34.264266
 20
234.793970
 30
0.0
  0
LINE
  5
c97
100
AcDbEntity
  8
0
 62
7
100
AcDbLine
 10
34.264266
 20
234.793970
 30
0.0
 11
34.264266
 21
234.793970
 31
0.0
  0
LINE
  5
c98
100
AcDbEntity
  8
0
 62
7
100
AcDbLine
 10
33.265590
 20
236.879921
 30
0.0
 11
34.264266
 21
236.879921
 31
0.0
  0
LINE
  5
c99
100
AcDbEntity
  8
0
 62
7
100
AcDbLine
 10
34.264266
 20
236.879921
 30
0.0
 11
34.264266
 21
235.966668
 31
0.0
  0
LINE
  5
c9a
100
AcDbEntity
  8
0
 62
7
100
AcDbLine
 10
34.264266
 20
235.966668
 30
0.0
 11
33.265590
 21
235.966668
 31
0.0
  0
LINE
  5
c9b
100
AcDbEntity
  8
0
 62
7
100
AcDbLine
 10
33.265590
 20
235.966668
 30
0.0
 11
33.265590
 21
236.867011
 31
0.0
  0
LINE
  5
c9c
100
AcDbEntity
  8
0
 62
7
100
AcDbLine
 10
33.265590
 20
236.867011
 30
0.0
 11
33.265590
 21
236.879921
 31
0.0
  0
LINE
  5
c9d
100
AcDbEntity
  8
0
 62
7
100
AcDbLine
 10
33.265590
 20
236.879921
 30
0.0
 11
33.265590
 21
236.879921
 31
0.0
  0
LINE
  5
c9e
100
AcDbEntity
  8
0
 62
7
100
AcDbLine
 10
32.167060
 20
238.646453
 30
0.0
 11
33.105481
 21
238.646453
 31
0.0
  0
LINE
  5
c9f
100
AcDbEntity
  8
0
 62
7
100
AcDbLine
 10
33.105481
 20
238.646453
 30
0.0
 11
33.105481
 21
237.443441
 31
0.0
  0
LINE
  5
ca0
100
AcDbEntity
  8
0
 62
7
100
AcDbLine
 10
33.105481
 20
237.443441
 30
0.0
 11
30.740486
 21
237.443441
 31
0.0
  0
LINE
  5
ca1
100
AcDbEntity
  8
0
 62
7
100
AcDbLine
 10
30.740486
 20
237.443441
 30
0.0
 11
30.673547
 21
237.443441
 31
0.0
  0
LINE
  5
ca2
100
AcDbEntity
  8
0
 62
7
100
AcDbLine
 10
30.673547
 20
237.443441
 30
0.0
 11
30.673547
 21
238.646453
 31
0.0
  0
LINE
  5
ca3
100
AcDbEntity
  8
0
 62
7
100
AcDbLine
 10
30.673547
 20
238.646453
 30
0.0
 11
32.167060
 21
238.646453
 31
0.0
  0
LINE
  5
ca4
100
AcDbEntity
  8
0
 62
7
100
AcDbLine
 10
32.167060
 20
238.646453
 30
0.0
 11
32.167060
 21
238.646453
 31
0.0
  0
LINE
  5
ca5
100
AcDbEntity
  8
0
 62
7
100
AcDbLine
 10
31.584594
 20
236.879921
 30
0.0
 11
31.584594
 21
235.966668
 31
0.0
  0
LINE
  5
ca6
100
AcDbEntity
  8
0
 62
7
100
AcDbLine
 10
31.584594
 20
235.966668
 30
0.0
 11
30.621118
 21
235.966668
 31
0.0
  0
LINE
  5
ca7
100
AcDbEntity
  8
0
 62
7
100
AcDbLine
 10
30.621118
 20
235.966668
 30
0.0
 11
30.575909
 21
235.966668
 31
0.0
  0
LINE
  5
ca8
100
AcDbEntity
  8
0
 62
7
100
AcDbLine
 10
30.575909
 20
235.966668
 30
0.0
 11
30.575909
 21
236.867011
 31
0.0
  0
LINE
  5
ca9
100
AcDbEntity
  8
0
 62
7
100
AcDbLine
 10
30.575909
 20
236.867011
 30
0.0
 11
30.575909
 21
236.879921
 31
0.0
  0
LINE
  5
caa
100
AcDbEntity
  8
0
 62
7
100
AcDbLine
 10
30.575909
 20
236.879921
 30
0.0
 11
31.584594
 21
236.879921
 31
0.0
  0
LINE
  5
cab
100
AcDbEntity
  8
0
 62
7
100
AcDbLine
 10
31.584594
 20
236.879921
 30
0.0
 11
31.584594
 21
236.879921
 31
0.0
  0
LINE
  5
cac
100
AcDbEntity
  8
0
 62
7
100
AcDbLine
 10
31.922110
 20
236.879586
 30
0.0
 11
32.930828
 21
236.879586
 31
0.0
  0
LINE
  5
cad
100
AcDbEntity
  8
0
 62
7
100
AcDbLine
 10
32.930828
 20
236.879586
 30
0.0
 11
32.930828
 21
235.966332
 31
0.0
  0
LINE
  5
cae
100
AcDbEntity
  8
0
 62
7
100
AcDbLine
 10
32.930828
 20
235.966332
 30
0.0
 11
31.922110
 21
235.966332
 31
0.0
  0
LINE
  5
caf
100
AcDbEntity
  8
0
 62
7
100
AcDbLine
 10
31.922110
 20
235.966332
 30
0.0
 11
31.922110
 21
236.866675
 31
0.0
  0
LINE
  5
cb0
100
AcDbEntity
  8
0
 62
7
100
AcDbLine
 10
31.922110
 20
236.866675
 30
0.0
 11
31.922110
 21
236.879586
 31
0.0
  0
LINE
  5
cb1
100
AcDbEntity
  8
0
 62
7
100
AcDbLine
 10
31.922110
 20
236.879586
 30
0.0
 11
31.922110
 21
236.879586
 31
0.0
  0
LINE
  5
cb2
100
AcDbEntity
  8
0
 62
7
100
AcDbLine
 10
31.584594
 20
235.727796
 30
0.0
 11
31.584594
 21
235.466944
 31
0.0
  0
LINE
  5
cb3
100
AcDbEntity
  8
0
 62
7
100
AcDbLine
 10
31.584594
 20
235.466944
 30
0.0
 11
30.575909
 21
235.466944
 31
0.0
  0
LINE
  5
cb4
100
AcDbEntity
  8
0
 62
7
100
AcDbLine
 10
30.575909
 20
235.466944
 30
0.0
 11
30.575909
 21
235.727796
 31
0.0
  0
LINE
  5
cb5
100
AcDbEntity
  8
0
 62
7
100
AcDbLine
 10
30.575909
 20
235.727796
 30
0.0
 11
31.584594
 21
235.727796
 31
0.0
  0
LINE
  5
cb6
100
AcDbEntity
  8
0
 62
7
100
AcDbLine
 10
31.584594
 20
235.727796
 30
0.0
 11
31.584594
 21
235.727796
 31
0.0
  0
LINE
  5
cb7
100
AcDbEntity
  8
0
 62
7
100
AcDbLine
 10
31.584594
 20
235.228806
 30
0.0
 11
31.584594
 21
235.204413
 31
0.0
  0
LINE
  5
cb8
100
AcDbEntity
  8
0
 62
7
100
AcDbLine
 10
31.584594
 20
235.204413
 30
0.0
 11
30.765038
 21
235.204413
 31
0.0
  0
LINE
  5
cb9
100
AcDbEntity
  8
0
 62
7
100
AcDbLine
 10
30.765038
 20
235.204413
 30
0.0
 11
30.576447
 21
235.204413
 31
0.0
  0
LINE
  5
cba
100
AcDbEntity
  8
0
 62
7
100
AcDbLine
 10
30.576447
 20
235.204413
 30
0.0
 11
30.576447
 21
235.228806
 31
0.0
  0
LINE
  5
cbb
100
AcDbEntity
  8
0
 62
7
100
AcDbLine
 10
30.576447
 20
235.228806
 30
0.0
 11
31.584594
 21
235.228806
 31
0.0
  0
LINE
  5
cbc
100
AcDbEntity
  8
0
 62
7
100
AcDbLine
 10
31.584594
 20
235.228806
 30
0.0
 11
31.584594
 21
235.228806
 31
0.0
  0
LINE
  5
cbd
100
AcDbEntity
  8
0
 62
7
100
AcDbLine
 10
31.922110
 20
235.727817
 30
0.0
 11
32.738375
 21
235.727817
 31
0.0
  0
LINE
  5
cbe
100
AcDbEntity
  8
0
 62
7
100
AcDbLine
 10
32.738375
 20
235.727817
 30
0.0
 11
32.930862
 21
235.727817
 31
0.0
  0
LINE
  5
cbf
100
AcDbEntity
  8
0
 62
7
100
AcDbLine
 10
32.930862
 20
235.727817
 30
0.0
 11
32.930862
 21
235.466986
 31
0.0
  0
LINE
  5
cc0
100
AcDbEntity
  8
0
 62
7
100
AcDbLine
 10
32.930862
 20
235.466986
 30
0.0
 11
31.922110
 21
235.466986
 31
0.0
  0
LINE
  5
cc1
100
AcDbEntity
  8
0
 62
7
100
AcDbLine
 10
31.922110
 20
235.466986
 30
0.0
 11
31.922110
 21
235.727817
 31
0.0
  0
LINE
  5
cc2
100
AcDbEntity
  8
0
 62
7
100
AcDbLine
 10
31.922110
 20
235.727817
 30
0.0
 11
31.922110
 21
235.727817
 31
0.0
  0
SPLINE
  5
cc3
100
AcDbEntity
  8
0
 62
7
100
AcDbSpline
 70
8
 71
3
 72
8
 73
4
 74
0
 40
0
 40
0
 40
0
 40
0
 40
1
 40
1
 40
1
 40
1
 10
31.307031
 20
234.649794
 30
0.0
 10
31.399530
 20
234.707607
 30
0.0
 10
31.492062
 20
234.764769
 30
0.0
 10
31.584594
 20
234.822603
 30
0.0
  0
LINE
  5
cc4
100
AcDbEntity
  8
0
 62
7
100
AcDbLine
 10
31.584594
 20
234.822603
 30
0.0
 11
31.584594
 21
234.479462
 31
0.0
  0
SPLINE
  5
cc5
100
AcDbEntity
  8
0
 62
7
100
AcDbSpline
 70
8
 71
3
 72
8
 73
4
 74
0
 40
0
 40
0
 40
0
 40
0
 40
1
 40
1
 40
1
 40
1
 10
31.584594
 20
234.479462
 30
0.0
 10
31.491961
 20
234.536288
 30
0.0
 10
31.399328
 20
234.593135
 30
0.0
 10
31.307031
 20
234.649794
 30
0.0
  0
LINE
  5
cc6
100
AcDbEntity
  8
0
 62
7
100
AcDbLine
 10
31.307031
 20
234.649794
 30
0.0
 11
31.307031
 21
234.649794
 31
0.0
  0
LINE
  5
cc7
100
AcDbEntity
  8
0
 62
7
100
AcDbLine
 10
31.922110
 20
235.228806
 30
0.0
 11
32.263522
 21
235.228806
 31
0.0
  0
LINE
  5
cc8
100
AcDbEntity
  8
0
 62
7
100
AcDbLine
 10
32.263522
 20
235.228806
 30
0.0
 11
32.930257
 21
235.228806
 31
0.0
  0
LINE
  5
cc9
100
AcDbEntity
  8
0
 62
7
100
AcDbLine
 10
32.930257
 20
235.228806
 30
0.0
 11
32.930257
 21
235.204413
 31
0.0
  0
LINE
  5
cca
100
AcDbEntity
  8
0
 62
7
100
AcDbLine
 10
32.930257
 20
235.204413
 30
0.0
 11
31.922110
 21
235.204413
 31
0.0
  0
LINE
  5
ccb
100
AcDbEntity
  8
0
 62
7
100
AcDbLine
 10
31.922110
 20
235.204413
 30
0.0
 11
31.922110
 21
235.228806
 31
0.0
  0
LINE
  5
ccc
100
AcDbEntity
  8
0
 62
7
100
AcDbLine
 10
31.922110
 20
235.228806
 30
0.0
 11
31.922110
 21
235.228806
 31
0.0
  0
SPLINE
  5
ccd
100
AcDbEntity
  8
0
 62
7
100
AcDbSpline
 70
8
 71
3
 72
8
 73
4
 74
0
 40
0
 40
0
 40
0
 40
0
 40
1
 40
1
 40
1
 40
1
 10
31.051837
 20
234.491658
 30
0.0
 10
31.191358
 20
234.406240
 30
0.0
 10
31.330777
 20
234.320444
 30
0.0
 10
31.470835
 20
234.234984
 30
0.0
  0
SPLINE
  5
cce
100
AcDbEntity
  8
0
 62
7
100
AcDbSpline
 70
8
 71
3
 72
8
 73
4
 74
0
 40
0
 40
0
 40
0
 40
0
 40
1
 40
1
 40
1
 40
1
 10
31.470835
 20
234.234984
 30
0.0
 10
31.336353
 20
234.151287
 30
0.0
 10
31.201904
 20
234.066919
 30
0.0
 10
31.067455
 20
233.982886
 30
0.0
  0
SPLINE
  5
ccf
100
AcDbEntity
  8
0
 62
7
100
AcDbSpline
 70
8
 71
3
 72
8
 73
4
 74
0
 40
0
 40
0
 40
0
 40
0
 40
1
 40
1
 40
1
 40
1
 10
31.067455
 20
233.982886
 30
0.0
 10
30.928506
 20
234.068997
 30
0.0
 10
30.789086
 20
234.155150
 30
0.0
 10
30.649532
 20
234.241618
 30
0.0
  0
SPLINE
  5
cd0
100
AcDbEntity
  8
0
 62
7
100
AcDbSpline
 70
8
 71
3
 72
8
 73
4
 74
0
 40
0
 40
0
 40
0
 40
0
 40
1
 40
1
 40
1
 40
1
 10
30.649532
 20
234.241618
 30
0.0
 10
30.783309
 20
234.324852
 30
0.0
 10
30.917556
 20
234.408087
 30
0.0
 10
31.051837
 20
234.491658
 30
0.0
  0
LINE
  5
cd1
100
AcDbEntity
  8
0
 62
7
100
AcDbLine
 10
31.051837
 20
234.491658
 30
0.0
 11
31.051837
 21
234.491658
 31
0.0
  0
LINE
  5
cd2
100
AcDbEntity
  8
0
 62
7
100
AcDbLine
 10
30.790665
 20
234.965876
 30
0.0
 11
31.306192
 21
234.965876
 31
0.0
  0
SPLINE
  5
cd3
100
AcDbEntity
  8
0
 62
7
100
AcDbSpline
 70
8
 71
3
 72
8
 73
4
 74
0
 40
0
 40
0
 40
0
 40
0
 40
1
 40
1
 40
1
 40
1
 10
31.306192
 20
234.965876
 30
0.0
 10
31.220847
 20
234.912892
 30
0.0
 10
31.135435
 20
234.859865
 30
0.0
 10
31.050124
 20
234.806859
 30
0.0
  0
SPLINE
  5
cd4
100
AcDbEntity
  8
0
 62
7
100
AcDbSpline
 70
8
 71
3
 72
8
 73
4
 74
0
 40
0
 40
0
 40
0
 40
0
 40
1
 40
1
 40
1
 40
1
 10
31.050124
 20
234.806859
 30
0.0
 10
30.963604
 20
234.859865
 30
0.0
 10
30.877151
 20
234.912892
 30
0.0
 10
30.790665
 20
234.965876
 30
0.0
  0
LINE
  5
cd5
100
AcDbEntity
  8
0
 62
7
100
AcDbLine
 10
30.790665
 20
234.965876
 30
0.0
 11
30.790665
 21
234.965876
 31
0.0
  0
LINE
  5
cd6
100
AcDbEntity
  8
0
 62
7
100
AcDbLine
 10
32.180999
 20
234.965876
 30
0.0
 11
32.640166
 21
234.965876
 31
0.0
  0
LINE
  5
cd7
100
AcDbEntity
  8
0
 62
7
100
AcDbLine
 10
32.640166
 20
234.965876
 30
0.0
 11
32.404218
 21
234.818405
 31
0.0
  0
SPLINE
  5
cd8
100
AcDbEntity
  8
0
 62
7
100
AcDbSpline
 70
8
 71
3
 72
8
 73
4
 74
0
 40
0
 40
0
 40
0
 40
0
 40
1
 40
1
 40
1
 40
1
 10
32.404218
 20
234.818405
 30
0.0
 10
32.329991
 20
234.867548
 30
0.0
 10
32.255226
 20
234.916733
 30
0.0
 10
32.180999
 20
234.965876
 30
0.0
  0
LINE
  5
cd9
100
AcDbEntity
  8
0
 62
7
100
AcDbLine
 10
32.180999
 20
234.965876
 30
0.0
 11
32.180999
 21
234.965876
 31
0.0
  0
SPLINE
  5
cda
100
AcDbEntity
  8
0
 62
7
100
AcDbSpline
 70
8
 71
3
 72
8
 73
4
 74
0
 40
0
 40
0
 40
0
 40
0
 40
1
 40
1
 40
1
 40
1
 10
31.921573
 20
234.811414
 30
0.0
 10
31.998017
 20
234.760844
 30
0.0
 10
32.074964
 20
234.710273
 30
0.0
 10
32.151442
 20
234.659744
 30
0.0
  0
SPLINE
  5
cdb
100
AcDbEntity
  8
0
 62
7
100
AcDbSpline
 70
8
 71
3
 72
8
 73
4
 74
0
 40
0
 40
0
 40
0
 40
0
 40
1
 40
1
 40
1
 40
1
 10
32.151442
 20
234.659744
 30
0.0
 10
32.075032
 20
234.611966
 30
0.0
 10
31.998050
 20
234.564208
 30
0.0
 10
31.921573
 20
234.516051
 30
0.0
  0
LINE
  5
cdc
100
AcDbEntity
  8
0
 62
7
100
AcDbLine
 10
31.921573
 20
234.516051
 30
0.0
 11
31.921573
 21
234.811414
 31
0.0
  0
LINE
  5
cdd
100
AcDbEntity
  8
0
 62
7
100
AcDbLine
 10
31.921573
 20
234.811414
 30
0.0
 11
31.921573
 21
234.811414
 31
0.0
  0
LINE
  5
cde
100
AcDbEntity
  8
0
 62
7
100
AcDbLine
 10
31.584594
 20
233.988827
 30
0.0
 11
31.584594
 21
233.683703
 31
0.0
  0
LINE
  5
cdf
100
AcDbEntity
  8
0
 62
7
100
AcDbLine
 10
31.584594
 20
233.683703
 30
0.0
 11
31.584594
 21
233.663151
 31
0.0
  0
SPLINE
  5
ce0
100
AcDbEntity
  8
0
 62
7
100
AcDbSpline
 70
8
 71
3
 72
8
 73
4
 74
0
 40
0
 40
0
 40
0
 40
0
 40
1
 40
1
 40
1
 40
1
 10
31.584594
 20
233.663151
 30
0.0
 10
31.497537
 20
233.717206
 30
0.0
 10
31.409975
 20
233.770905
 30
0.0
 10
31.322381
 20
233.824939
 30
0.0
  0
SPLINE
  5
ce1
100
AcDbEntity
  8
0
 62
7
100
AcDbSpline
 70
8
 71
3
 72
8
 73
4
 74
0
 40
0
 40
0
 40
0
 40
0
 40
1
 40
1
 40
1
 40
1
 10
31.322381
 20
233.824939
 30
0.0
 10
31.409875
 20
233.879625
 30
0.0
 10
31.497369
 20
233.933932
 30
0.0
 10
31.584594
 20
233.988827
 30
0.0
  0
LINE
  5
ce2
100
AcDbEntity
  8
0
 62
7
100
AcDbLine
 10
31.584594
 20
233.988827
 30
0.0
 11
31.584594
 21
233.988827
 31
0.0
  0
SPLINE
  5
ce3
100
AcDbEntity
  8
0
 62
7
100
AcDbSpline
 70
8
 71
3
 72
8
 73
4
 74
0
 40
0
 40
0
 40
0
 40
0
 40
1
 40
1
 40
1
 40
1
 10
30.576447
 20
233.970333
 30
0.0
 10
30.655074
 20
233.921546
 30
0.0
 10
30.734910
 20
233.872340
 30
0.0
 10
30.814176
 20
233.823554
 30
0.0
  0
LINE
  5
ce4
100
AcDbEntity
  8
0
 62
7
100
AcDbLine
 10
30.814176
 20
233.823554
 30
0.0
 11
30.576447
 21
233.674970
 31
0.0
  0
LINE
  5
ce5
100
AcDbEntity
  8
0
 62
7
100
AcDbLine
 10
30.576447
 20
233.674970
 30
0.0
 11
30.576447
 21
233.970333
 31
0.0
  0
LINE
  5
ce6
100
AcDbEntity
  8
0
 62
7
100
AcDbLine
 10
30.576447
 20
233.970333
 30
0.0
 11
30.576447
 21
233.970333
 31
0.0
  0
SPLINE
  5
ce7
100
AcDbEntity
  8
0
 62
7
100
AcDbSpline
 70
8
 71
3
 72
8
 73
4
 74
0
 40
0
 40
0
 40
0
 40
0
 40
1
 40
1
 40
1
 40
1
 10
31.069672
 20
233.665586
 30
0.0
 10
31.196329
 20
233.587096
 30
0.0
 10
31.322952
 20
233.508689
 30
0.0
 10
31.450179
 20
233.430198
 30
0.0
  0
LINE
  5
ce8
100
AcDbEntity
  8
0
 62
7
100
AcDbLine
 10
31.450179
 20
233.430198
 30
0.0
 11
30.974856
 21
233.430198
 31
0.0
  0
LINE
  5
ce9
100
AcDbEntity
  8
0
 62
7
100
AcDbLine
 10
30.974856
 20
233.430198
 30
0.0
 11
30.693061
 21
233.430198
 31
0.0
  0
SPLINE
  5
cea
100
AcDbEntity
  8
0
 62
7
100
AcDbSpline
 70
8
 71
3
 72
8
 73
4
 74
0
 40
0
 40
0
 40
0
 40
0
 40
1
 40
1
 40
1
 40
1
 10
30.693061
 20
233.430198
 30
0.0
 10
30.818643
 20
233.508689
 30
0.0
 10
30.944124
 20
233.587096
 30
0.0
 10
31.069672
 20
233.665586
 30
0.0
  0
LINE
  5
ceb
100
AcDbEntity
  8
0
 62
7
100
AcDbLine
 10
31.069672
 20
233.665586
 30
0.0
 11
31.069672
 21
233.665586
 31
0.0
  0
SPLINE
  5
cec
100
AcDbEntity
  8
0
 62
7
100
AcDbSpline
 70
8
 71
3
 72
8
 73
4
 74
0
 40
0
 40
0
 40
0
 40
0
 40
1
 40
1
 40
1
 40
1
 10
32.651956
 20
234.655546
 30
0.0
 10
32.744521
 20
234.713422
 30
0.0
 10
32.837725
 20
234.771676
 30
0.0
 10
32.930325
 20
234.829531
 30
0.0
  0
LINE
  5
ced
100
AcDbEntity
  8
0
 62
7
100
AcDbLine
 10
32.930325
 20
234.829531
 30
0.0
 11
32.930325
 21
234.471799
 31
0.0
  0
SPLINE
  5
cee
100
AcDbEntity
  8
0
 62
7
100
AcDbSpline
 70
8
 71
3
 72
8
 73
4
 74
0
 40
0
 40
0
 40
0
 40
0
 40
1
 40
1
 40
1
 40
1
 10
32.930325
 20
234.471799
 30
0.0
 10
32.837725
 20
234.533160
 30
0.0
 10
32.744521
 20
234.594521
 30
0.0
 10
32.651956
 20
234.655546
 30
0.0
  0
LINE
  5
cef
100
AcDbEntity
  8
0
 62
7
100
AcDbLine
 10
32.651956
 20
234.655546
 30
0.0
 11
32.651956
 21
234.655546
 31
0.0
  0
SPLINE
  5
cf0
100
AcDbEntity
  8
0
 62
7
100
AcDbSpline
 70
8
 71
3
 72
8
 73
4
 74
0
 40
0
 40
0
 40
0
 40
0
 40
1
 40
1
 40
1
 40
1
 10
32.398071
 20
234.496528
 30
0.0
 10
32.563185
 20
234.388103
 30
0.0
 10
32.727795
 20
234.279299
 30
0.0
 10
32.892371
 20
234.170852
 30
0.0
  0
SPLINE
  5
cf1
100
AcDbEntity
  8
0
 62
7
100
AcDbSpline
 70
8
 71
3
 72
8
 73
4
 74
0
 40
0
 40
0
 40
0
 40
0
 40
1
 40
1
 40
1
 40
1
 10
32.892371
 20
234.170852
 30
0.0
 10
32.767394
 20
234.083314
 30
0.0
 10
32.641342
 20
233.995818
 30
0.0
 10
32.515827
 20
233.908258
 30
0.0
  0
SPLINE
  5
cf2
100
AcDbEntity
  8
0
 62
7
100
AcDbSpline
 70
8
 71
3
 72
8
 73
4
 74
0
 40
0
 40
0
 40
0
 40
0
 40
1
 40
1
 40
1
 40
1
 10
32.515827
 20
233.908258
 30
0.0
 10
32.337783
 20
234.017419
 30
0.0
 10
32.159872
 20
234.126579
 30
0.0
 10
31.981257
 20
234.236034
 30
0.0
  0
SPLINE
  5
cf3
100
AcDbEntity
  8
0
 62
7
100
AcDbSpline
 70
8
 71
3
 72
8
 73
4
 74
0
 40
0
 40
0
 40
0
 40
0
 40
1
 40
1
 40
1
 40
1
 10
31.981257
 20
234.236034
 30
0.0
 10
32.120240
 20
234.322879
 30
0.0
 10
32.259693
 20
234.409683
 30
0.0
 10
32.398071
 20
234.496528
 30
0.0
  0
LINE
  5
cf4
100
AcDbEntity
  8
0
 62
7
100
AcDbLine
 10
32.398071
 20
234.496528
 30
0.0
 11
32.398071
 21
234.496528
 31
0.0
  0
LINE
  5
cf5
100
AcDbEntity
  8
0
 62
7
100
AcDbLine
 10
31.921841
 20
233.494183
 30
0.0
 11
31.921841
 21
233.494183
 31
0.0
  0
LINE
  5
cf6
100
AcDbEntity
  8
0
 62
7
100
AcDbLine
 10
31.921841
 20
233.494183
 30
0.0
 11
31.921841
 21
233.494183
 31
0.0
  0
LINE
  5
cf7
100
AcDbEntity
  8
0
 62
7
100
AcDbLine
 10
31.921573
 20
233.494330
 30
0.0
 11
31.921573
 21
233.494330
 31
0.0
  0
SPLINE
  5
cf8
100
AcDbEntity
  8
0
 62
7
100
AcDbSpline
 70
8
 71
3
 72
8
 73
4
 74
0
 40
0
 40
0
 40
0
 40
0
 40
1
 40
1
 40
1
 40
1
 10
31.921573
 20
233.958115
 30
0.0
 10
32.039866
 20
233.885964
 30
0.0
 10
32.157555
 20
233.813058
 30
0.0
 10
32.275848
 20
233.740907
 30
0.0
  0
SPLINE
  5
cf9
100
AcDbEntity
  8
0
 62
7
100
AcDbSpline
 70
8
 71
3
 72
8
 73
4
 74
0
 40
0
 40
0
 40
0
 40
0
 40
1
 40
1
 40
1
 40
1
 10
32.275848
 20
233.740907
 30
0.0
 10
32.157622
 20
233.658659
 30
0.0
 10
32.040034
 20
233.576767
 30
0.0
 10
31.921573
 20
233.494330
 30
0.0
  0
LINE
  5
cfa
100
AcDbEntity
  8
0
 62
7
100
AcDbLine
 10
31.921573
 20
233.494330
 30
0.0
 11
31.921573
 21
233.958115
 31
0.0
  0
LINE
  5
cfb
100
AcDbEntity
  8
0
 62
7
100
AcDbLine
 10
31.921573
 20
233.958115
 30
0.0
 11
31.921573
 21
233.958115
 31
0.0
  0
LINE
  5
cfc
100
AcDbEntity
  8
0
 62
7
100
AcDbLine
 10
31.069135
 20
233.191683
 30
0.0
 11
32.006413
 21
233.191683
 31
0.0
  0
SPLINE
  5
cfd
100
AcDbEntity
  8
0
 62
7
100
AcDbSpline
 70
8
 71
3
 72
8
 73
4
 74
0
 40
0
 40
0
 40
0
 40
0
 40
1
 40
1
 40
1
 40
1
 10
32.006413
 20
233.191683
 30
0.0
 10
31.744771
 20
233.157507
 30
0.0
 10
31.484169
 20
233.119511
 30
0.0
 10
31.225919
 20
233.075910
 30
0.0
  0
SPLINE
  5
cfe
100
AcDbEntity
  8
0
 62
7
100
AcDbSpline
 70
8
 71
3
 72
8
 73
4
 74
0
 40
0
 40
0
 40
0
 40
0
 40
1
 40
1
 40
1
 40
1
 10
31.225919
 20
233.075910
 30
0.0
 10
31.178494
 20
233.116719
 30
0.0
 10
31.126602
 20
233.156436
 30
0.0
 10
31.069135
 20
233.191683
 30
0.0
  0
LINE
  5
cff
100
AcDbEntity
  8
0
 62
7
100
AcDbLine
 10
31.069135
 20
233.191683
 30
0.0
 11
31.069135
 21
233.191683
 31
0.0
  0
SPLINE
  5
d00
100
AcDbEntity
  8
0
 62
7
100
AcDbSpline
 70
8
 71
3
 72
8
 73
4
 74
0
 40
0
 40
0
 40
0
 40
0
 40
1
 40
1
 40
1
 40
1
 10
32.771290
 20
233.752390
 30
0.0
 10
32.824257
 20
233.789357
 30
0.0
 10
32.877257
 20
233.825968
 30
0.0
 10
32.930257
 20
233.863293
 30
0.0
  0
LINE
  5
d01
100
AcDbEntity
  8
0
 62
7
100
AcDbLine
 10
32.930257
 20
233.863293
 30
0.0
 11
32.930257
 21
233.683703
 31
0.0
  0
LINE
  5
d02
100
AcDbEntity
  8
0
 62
7
100
AcDbLine
 10
32.930257
 20
233.683703
 30
0.0
 11
32.930257
 21
233.654775
 31
0.0
  0
SPLINE
  5
d03
100
AcDbEntity
  8
0
 62
7
100
AcDbSpline
 70
8
 71
3
 72
8
 73
4
 74
0
 40
0
 40
0
 40
0
 40
0
 40
1
 40
1
 40
1
 40
1
 10
32.930257
 20
233.654775
 30
0.0
 10
32.877257
 20
233.687208
 30
0.0
 10
32.824257
 20
233.719977
 30
0.0
 10
32.771290
 20
233.752390
 30
0.0
  0
LINE
  5
d04
100
AcDbEntity
  8
0
 62
7
100
AcDbLine
 10
32.771290
 20
233.752390
 30
0.0
 11
32.771290
 21
233.752390
 31
0.0
  0
SPLINE
  5
d05
100
AcDbEntity
  8
0
 62
7
100
AcDbSpline
 70
8
 71
3
 72
8
 73
4
 74
0
 40
0
 40
0
 40
0
 40
0
 40
1
 40
1
 40
1
 40
1
 10
32.530807
 20
233.585017
 30
0.0
 10
32.615043
 20
233.533418
 30
0.0
 10
32.698742
 20
233.481819
 30
0.0
 10
32.782475
 20
233.430534
 30
0.0
  0
LINE
  5
d06
100
AcDbEntity
  8
0
 62
7
100
AcDbLine
 10
32.782475
 20
233.430534
 30
0.0
 11
32.309368
 21
233.430534
 31
0.0
  0
SPLINE
  5
d07
100
AcDbEntity
  8
0
 62
7
100
AcDbSpline
 70
8
 71
3
 72
8
 73
4
 74
0
 40
0
 40
0
 40
0
 40
0
 40
1
 40
1
 40
1
 40
1
 10
32.309368
 20
233.430534
 30
0.0
 10
32.382991
 20
233.482155
 30
0.0
 10
32.456681
 20
233.533754
 30
0.0
 10
32.530807
 20
233.585017
 30
0.0
  0
LINE
  5
d08
100
AcDbEntity
  8
0
 62
7
100
AcDbLine
 10
32.530807
 20
233.585017
 30
0.0
 11
32.530807
 21
233.585017
 31
0.0
  0
LINE
  5
d09
100
AcDbEntity
  8
0
 62
7
100
AcDbLine
 10
30.240577
 20
236.879586
 30
0.0
 11
30.240577
 21
235.966332
 31
0.0
  0
LINE
  5
d0a
100
AcDbEntity
  8
0
 62
7
100
AcDbLine
 10
30.240577
 20
235.966332
 30
0.0
 11
29.232429
 21
235.966332
 31
0.0
  0
LINE
  5
d0b
100
AcDbEntity
  8
0
 62
7
100
AcDbLine
 10
29.232429
 20
235.966332
 30
0.0
 11
29.232429
 21
236.866675
 31
0.0
  0
LINE
  5
d0c
100
AcDbEntity
  8
0
 62
7
100
AcDbLine
 10
29.232429
 20
236.866675
 30
0.0
 11
29.232429
 21
236.879586
 31
0.0
  0
LINE
  5
d0d
100
AcDbEntity
  8
0
 62
7
100
AcDbLine
 10
29.232429
 20
236.879586
 30
0.0
 11
30.240577
 21
236.879586
 31
0.0
  0
LINE
  5
d0e
100
AcDbEntity
  8
0
 62
7
100
AcDbLine
 10
30.240577
 20
236.879586
 30
0.0
 11
30.240577
 21
236.879586
 31
0.0
  0
LINE
  5
d0f
100
AcDbEntity
  8
0
 62
7
100
AcDbLine
 10
30.240577
 20
235.727460
 30
0.0
 11
30.240577
 21
235.466608
 31
0.0
  0
LINE
  5
d10
100
AcDbEntity
  8
0
 62
7
100
AcDbLine
 10
30.240577
 20
235.466608
 30
0.0
 11
29.232429
 21
235.466608
 31
0.0
  0
LINE
  5
d11
100
AcDbEntity
  8
0
 62
7
100
AcDbLine
 10
29.232429
 20
235.466608
 30
0.0
 11
29.232429
 21
235.727460
 31
0.0
  0
LINE
  5
d12
100
AcDbEntity
  8
0
 62
7
100
AcDbLine
 10
29.232429
 20
235.727460
 30
0.0
 11
30.240577
 21
235.727460
 31
0.0
  0
LINE
  5
d13
100
AcDbEntity
  8
0
 62
7
100
AcDbLine
 10
30.240577
 20
235.727460
 30
0.0
 11
30.240577
 21
235.727460
 31
0.0
  0
LINE
  5
d14
100
AcDbEntity
  8
0
 62
7
100
AcDbLine
 10
30.240577
 20
235.228470
 30
0.0
 11
30.240577
 21
235.204077
 31
0.0
  0
LINE
  5
d15
100
AcDbEntity
  8
0
 62
7
100
AcDbLine
 10
30.240577
 20
235.204077
 30
0.0
 11
29.232429
 21
235.204077
 31
0.0
  0
LINE
  5
d16
100
AcDbEntity
  8
0
 62
7
100
AcDbLine
 10
29.232429
 20
235.204077
 30
0.0
 11
29.232429
 21
235.228470
 31
0.0
  0
LINE
  5
d17
100
AcDbEntity
  8
0
 62
7
100
AcDbLine
 10
29.232429
 20
235.228470
 30
0.0
 11
30.240577
 21
235.228470
 31
0.0
  0
LINE
  5
d18
100
AcDbEntity
  8
0
 62
7
100
AcDbLine
 10
30.240577
 20
235.228470
 30
0.0
 11
30.240577
 21
235.228470
 31
0.0
  0
LINE
  5
d19
100
AcDbEntity
  8
0
 62
7
100
AcDbLine
 10
30.240644
 20
234.679603
 30
0.0
 11
30.240644
 21
234.494471
 31
0.0
  0
SPLINE
  5
d1a
100
AcDbEntity
  8
0
 62
7
100
AcDbSpline
 70
8
 71
3
 72
8
 73
4
 74
0
 40
0
 40
0
 40
0
 40
0
 40
1
 40
1
 40
1
 40
1
 10
30.240644
 20
234.494471
 30
0.0
 10
30.188752
 20
234.526904
 30
0.0
 10
30.137398
 20
234.558624
 30
0.0
 10
30.085506
 20
234.590679
 30
0.0
  0
SPLINE
  5
d1b
100
AcDbEntity
  8
0
 62
7
100
AcDbSpline
 70
8
 71
3
 72
8
 73
4
 74
0
 40
0
 40
0
 40
0
 40
0
 40
1
 40
1
 40
1
 40
1
 10
30.085506
 20
234.590679
 30
0.0
 10
30.137398
 20
234.620300
 30
0.0
 10
30.189290
 20
234.649962
 30
0.0
 10
30.240644
 20
234.679603
 30
0.0
  0
LINE
  5
d1c
100
AcDbEntity
  8
0
 62
7
100
AcDbLine
 10
30.240644
 20
234.679603
 30
0.0
 11
30.240644
 21
234.679603
 31
0.0
  0
SPLINE
  5
d1d
100
AcDbEntity
  8
0
 62
7
100
AcDbSpline
 70
8
 71
3
 72
8
 73
4
 74
0
 40
0
 40
0
 40
0
 40
0
 40
1
 40
1
 40
1
 40
1
 10
29.819362
 20
234.438967
 30
0.0
 10
29.926471
 20
234.372736
 30
0.0
 10
30.033009
 20
234.306463
 30
0.0
 10
30.140152
 20
234.240568
 30
0.0
  0
SPLINE
  5
d1e
100
AcDbEntity
  8
0
 62
7
100
AcDbSpline
 70
8
 71
3
 72
8
 73
4
 74
0
 40
0
 40
0
 40
0
 40
0
 40
1
 40
1
 40
1
 40
1
 10
30.140152
 20
234.240568
 30
0.0
 10
30.023000
 20
234.167661
 30
0.0
 10
29.905311
 20
234.094461
 30
0.0
 10
29.787555
 20
234.021575
 30
0.0
  0
SPLINE
  5
d1f
100
AcDbEntity
  8
0
 62
7
100
AcDbSpline
 70
8
 71
3
 72
8
 73
4
 74
0
 40
0
 40
0
 40
0
 40
0
 40
1
 40
1
 40
1
 40
1
 10
29.787555
 20
234.021575
 30
0.0
 10
29.669262
 20
234.087135
 30
0.0
 10
29.551002
 20
234.152694
 30
0.0
 10
29.432742
 20
234.218589
 30
0.0
  0
SPLINE
  5
d20
100
AcDbEntity
  8
0
 62
7
100
AcDbSpline
 70
8
 71
3
 72
8
 73
4
 74
0
 40
0
 40
0
 40
0
 40
0
 40
1
 40
1
 40
1
 40
1
 10
29.432742
 20
234.218589
 30
0.0
 10
29.561616
 20
234.292167
 30
0.0
 10
29.690455
 20
234.365368
 30
0.0
 10
29.819362
 20
234.438967
 30
0.0
  0
LINE
  5
d21
100
AcDbEntity
  8
0
 62
7
100
AcDbLine
 10
29.819362
 20
234.438967
 30
0.0
 11
29.819362
 21
234.438967
 31
0.0
  0
LINE
  5
d22
100
AcDbEntity
  8
0
 62
7
100
AcDbLine
 10
29.478488
 20
234.965876
 30
0.0
 11
30.209375
 21
234.965876
 31
0.0
  0
SPLINE
  5
d23
100
AcDbEntity
  8
0
 62
7
100
AcDbSpline
 70
8
 71
3
 72
8
 73
4
 74
0
 40
0
 40
0
 40
0
 40
0
 40
1
 40
1
 40
1
 40
1
 10
30.209375
 20
234.965876
 30
0.0
 10
30.082684
 20
234.893726
 30
0.0
 10
29.956028
 20
234.821533
 30
0.0
 10
29.828834
 20
234.749004
 30
0.0
  0
SPLINE
  5
d24
100
AcDbEntity
  8
0
 62
7
100
AcDbSpline
 70
8
 71
3
 72
8
 73
4
 74
0
 40
0
 40
0
 40
0
 40
0
 40
1
 40
1
 40
1
 40
1
 10
29.828834
 20
234.749004
 30
0.0
 10
29.712321
 20
234.821113
 30
0.0
 10
29.595236
 20
234.893600
 30
0.0
 10
29.478488
 20
234.965876
 30
0.0
  0
LINE
  5
d25
100
AcDbEntity
  8
0
 62
7
100
AcDbLine
 10
29.478488
 20
234.965876
 30
0.0
 11
29.478488
 21
234.965876
 31
0.0
  0
LINE
  5
d26
100
AcDbEntity
  8
0
 62
7
100
AcDbLine
 10
30.240577
 20
233.986707
 30
0.0
 11
30.240577
 21
233.770884
 31
0.0
  0
SPLINE
  5
d27
100
AcDbEntity
  8
0
 62
7
100
AcDbSpline
 70
8
 71
3
 72
8
 73
4
 74
0
 40
0
 40
0
 40
0
 40
0
 40
1
 40
1
 40
1
 40
1
 10
30.240577
 20
233.770884
 30
0.0
 10
30.179784
 20
233.805018
 30
0.0
 10
30.118421
 20
233.838836
 30
0.0
 10
30.057057
 20
233.872697
 30
0.0
  0
SPLINE
  5
d28
100
AcDbEntity
  8
0
 62
7
100
AcDbSpline
 70
8
 71
3
 72
8
 73
4
 74
0
 40
0
 40
0
 40
0
 40
0
 40
1
 40
1
 40
1
 40
1
 10
30.057057
 20
233.872697
 30
0.0
 10
30.117850
 20
233.911050
 30
0.0
 10
30.179213
 20
233.948711
 30
0.0
 10
30.240577
 20
233.986707
 30
0.0
  0
LINE
  5
d29
100
AcDbEntity
  8
0
 62
7
100
AcDbLine
 10
30.240577
 20
233.986707
 30
0.0
 11
30.240577
 21
233.986707
 31
0.0
  0
SPLINE
  5
d2a
100
AcDbEntity
  8
0
 62
7
100
AcDbSpline
 70
8
 71
3
 72
8
 73
4
 74
0
 40
0
 40
0
 40
0
 40
0
 40
1
 40
1
 40
1
 40
1
 10
29.232429
 20
234.802681
 30
0.0
 10
29.342393
 20
234.734330
 30
0.0
 10
29.452794
 20
234.666000
 30
0.0
 10
29.563832
 20
234.597649
 30
0.0
  0
SPLINE
  5
d2b
100
AcDbEntity
  8
0
 62
7
100
AcDbSpline
 70
8
 71
3
 72
8
 73
4
 74
0
 40
0
 40
0
 40
0
 40
0
 40
1
 40
1
 40
1
 40
1
 10
29.563832
 20
234.597649
 30
0.0
 10
29.453365
 20
234.534881
 30
0.0
 10
29.342931
 20
234.472114
 30
0.0
 10
29.232429
 20
234.408990
 30
0.0
  0
LINE
  5
d2c
100
AcDbEntity
  8
0
 62
7
100
AcDbLine
 10
29.232429
 20
234.408990
 30
0.0
 11
29.232429
 21
234.802681
 31
0.0
  0
LINE
  5
d2d
100
AcDbEntity
  8
0
 62
7
100
AcDbLine
 10
29.232429
 20
234.802681
 30
0.0
 11
29.232429
 21
234.802681
 31
0.0
  0
SPLINE
  5
d2e
100
AcDbEntity
  8
0
 62
7
100
AcDbSpline
 70
8
 71
3
 72
8
 73
4
 74
0
 40
0
 40
0
 40
0
 40
0
 40
1
 40
1
 40
1
 40
1
 10
29.232967
 20
234.029951
 30
0.0
 10
29.332855
 20
233.974510
 30
0.0
 10
29.432742
 20
233.918692
 30
0.0
 10
29.532596
 20
233.863628
 30
0.0
  0
LINE
  5
d2f
100
AcDbEntity
  8
0
 62
7
100
AcDbLine
 10
29.532596
 20
233.863628
 30
0.0
 11
29.532596
 21
233.863293
 31
0.0
  0
SPLINE
  5
d30
100
AcDbEntity
  8
0
 62
7
100
AcDbSpline
 70
8
 71
3
 72
8
 73
4
 74
0
 40
0
 40
0
 40
0
 40
0
 40
1
 40
1
 40
1
 40
1
 10
29.532596
 20
233.863293
 30
0.0
 10
29.432742
 20
233.800882
 30
0.0
 10
29.332855
 20
233.738787
 30
0.0
 10
29.232967
 20
233.676712
 30
0.0
  0
LINE
  5
d31
100
AcDbEntity
  8
0
 62
7
100
AcDbLine
 10
29.232967
 20
233.676712
 30
0.0
 11
29.232967
 21
234.029951
 31
0.0
  0
LINE
  5
d32
100
AcDbEntity
  8
0
 62
7
100
AcDbLine
 10
29.232967
 20
234.029951
 30
0.0
 11
29.232967
 21
234.029951
 31
0.0
  0
SPLINE
  5
d33
100
AcDbEntity
  8
0
 62
7
100
AcDbSpline
 70
8
 71
3
 72
8
 73
4
 74
0
 40
0
 40
0
 40
0
 40
0
 40
1
 40
1
 40
1
 40
1
 10
29.802099
 20
233.714037
 30
0.0
 10
29.948236
 20
233.632796
 30
0.0
 10
30.094977
 20
233.551513
 30
0.0
 10
30.241114
 20
233.470273
 30
0.0
  0
LINE
  5
d34
100
AcDbEntity
  8
0
 62
7
100
AcDbLine
 10
30.241114
 20
233.470273
 30
0.0
 11
30.241114
 21
233.430534
 31
0.0
  0
LINE
  5
d35
100
AcDbEntity
  8
0
 62
7
100
AcDbLine
 10
30.241114
 20
233.430534
 30
0.0
 11
29.346256
 21
233.430534
 31
0.0
  0
SPLINE
  5
d36
100
AcDbEntity
  8
0
 62
7
100
AcDbSpline
 70
8
 71
3
 72
8
 73
4
 74
0
 40
0
 40
0
 40
0
 40
0
 40
1
 40
1
 40
1
 40
1
 10
29.346256
 20
233.430534
 30
0.0
 10
29.498539
 20
233.525042
 30
0.0
 10
29.650285
 20
233.619529
 30
0.0
 10
29.802099
 20
233.714037
 30
0.0
  0
LINE
  5
d37
100
AcDbEntity
  8
0
 62
7
100
AcDbLine
 10
29.802099
 20
233.714037
 30
0.0
 11
29.802099
 21
233.714037
 31
0.0
  0
LINE
  5
d38
100
AcDbEntity
  8
0
 62
7
100
AcDbLine
 10
30.116708
 20
233.192040
 30
0.0
 11
30.343823
 21
233.192040
 31
0.0
  0
SPLINE
  5
d39
100
AcDbEntity
  8
0
 62
7
100
AcDbSpline
 70
8
 71
3
 72
8
 73
4
 74
0
 40
0
 40
0
 40
0
 40
0
 40
1
 40
1
 40
1
 40
1
 10
30.343823
 20
233.192040
 30
0.0
 10
30.316450
 20
233.165862
 30
0.0
 10
30.291931
 20
233.137606
 30
0.0
 10
30.270671
 20
233.107629
 30
0.0
  0
SPLINE
  5
d3a
100
AcDbEntity
  8
0
 62
7
100
AcDbSpline
 70
8
 71
3
 72
8
 73
4
 74
0
 40
0
 40
0
 40
0
 40
0
 40
1
 40
1
 40
1
 40
1
 10
30.270671
 20
233.107629
 30
0.0
 10
30.223851
 20
233.139727
 30
0.0
 10
30.171959
 20
233.168318
 30
0.0
 10
30.116708
 20
233.192040
 30
0.0
  0
LINE
  5
d3b
100
AcDbEntity
  8
0
 62
7
100
AcDbLine
 10
30.116708
 20
233.192040
 30
0.0
 11
30.116708
 21
233.192040
 31
0.0
  0
LINE
  5
d3c
100
AcDbEntity
  8
0
 62
7
100
AcDbLine
 10
29.398148
 20
238.646096
 30
0.0
 11
30.337677
 21
238.646096
 31
0.0
  0
LINE
  5
d3d
100
AcDbEntity
  8
0
 62
7
100
AcDbLine
 10
30.337677
 20
238.646096
 30
0.0
 11
30.337677
 21
237.443106
 31
0.0
  0
LINE
  5
d3e
100
AcDbEntity
  8
0
 62
7
100
AcDbLine
 10
30.337677
 20
237.443106
 30
0.0
 11
28.969678
 21
237.443106
 31
0.0
  0
SPLINE
  5
d3f
100
AcDbEntity
  8
0
 62
7
100
AcDbSpline
 70
8
 71
3
 72
8
 73
4
 74
0
 40
0
 40
0
 40
0
 40
0
 40
1
 40
1
 40
1
 40
1
 10
28.969678
 20
237.443106
 30
0.0
 10
29.115815
 20
237.843389
 30
0.0
 10
29.258627
 20
238.244763
 30
0.0
 10
29.398148
 20
238.646096
 30
0.0
  0
LINE
  5
d40
100
AcDbEntity
  8
0
 62
7
100
AcDbLine
 10
29.398148
 20
238.646096
 30
0.0
 11
29.398148
 21
238.646096
 31
0.0
  0
LINE
  5
d41
100
AcDbEntity
  8
0
 62
7
100
AcDbLine
 10
27.886195
 20
236.878557
 30
0.0
 11
28.894914
 21
236.878557
 31
0.0
  0
LINE
  5
d42
100
AcDbEntity
  8
0
 62
7
100
AcDbLine
 10
28.894914
 20
236.878557
 30
0.0
 11
28.894914
 21
235.965283
 31
0.0
  0
LINE
  5
d43
100
AcDbEntity
  8
0
 62
7
100
AcDbLine
 10
28.894914
 20
235.965283
 30
0.0
 11
27.886195
 21
235.965283
 31
0.0
  0
LINE
  5
d44
100
AcDbEntity
  8
0
 62
7
100
AcDbLine
 10
27.886195
 20
235.965283
 30
0.0
 11
27.886195
 21
236.865626
 31
0.0
  0
LINE
  5
d45
100
AcDbEntity
  8
0
 62
7
100
AcDbLine
 10
27.886195
 20
236.865626
 30
0.0
 11
27.886195
 21
236.878557
 31
0.0
  0
LINE
  5
d46
100
AcDbEntity
  8
0
 62
7
100
AcDbLine
 10
27.886195
 20
236.878557
 30
0.0
 11
27.886195
 21
236.878557
 31
0.0
  0
LINE
  5
d47
100
AcDbEntity
  8
0
 62
7
100
AcDbLine
 10
27.551434
 20
235.727817
 30
0.0
 11
27.551434
 21
235.466986
 31
0.0
  0
LINE
  5
d48
100
AcDbEntity
  8
0
 62
7
100
AcDbLine
 10
27.551434
 20
235.466986
 30
0.0
 11
26.542749
 21
235.466986
 31
0.0
  0
LINE
  5
d49
100
AcDbEntity
  8
0
 62
7
100
AcDbLine
 10
26.542749
 20
235.466986
 30
0.0
 11
26.542749
 21
235.727817
 31
0.0
  0
LINE
  5
d4a
100
AcDbEntity
  8
0
 62
7
100
AcDbLine
 10
26.542749
 20
235.727817
 30
0.0
 11
27.551434
 21
235.727817
 31
0.0
  0
LINE
  5
d4b
100
AcDbEntity
  8
0
 62
7
100
AcDbLine
 10
27.551434
 20
235.727817
 30
0.0
 11
27.551434
 21
235.727817
 31
0.0
  0
LINE
  5
d4c
100
AcDbEntity
  8
0
 62
7
100
AcDbLine
 10
26.542749
 20
235.228806
 30
0.0
 11
27.551434
 21
235.228806
 31
0.0
  0
LINE
  5
d4d
100
AcDbEntity
  8
0
 62
7
100
AcDbLine
 10
27.551434
 20
235.228806
 30
0.0
 11
27.551434
 21
235.204413
 31
0.0
  0
LINE
  5
d4e
100
AcDbEntity
  8
0
 62
7
100
AcDbLine
 10
27.551434
 20
235.204413
 30
0.0
 11
26.542749
 21
235.204413
 31
0.0
  0
LINE
  5
d4f
100
AcDbEntity
  8
0
 62
7
100
AcDbLine
 10
26.542749
 20
235.204413
 30
0.0
 11
26.542749
 21
235.228806
 31
0.0
  0
LINE
  5
d50
100
AcDbEntity
  8
0
 62
7
100
AcDbLine
 10
26.542749
 20
235.228806
 30
0.0
 11
26.542749
 21
235.228806
 31
0.0
  0
LINE
  5
d51
100
AcDbEntity
  8
0
 62
7
100
AcDbLine
 10
26.795458
 20
234.965876
 30
0.0
 11
27.497896
 21
234.965876
 31
0.0
  0
SPLINE
  5
d52
100
AcDbEntity
  8
0
 62
7
100
AcDbSpline
 70
8
 71
3
 72
8
 73
4
 74
0
 40
0
 40
0
 40
0
 40
0
 40
1
 40
1
 40
1
 40
1
 10
27.497896
 20
234.965876
 30
0.0
 10
27.380174
 20
234.894418
 30
0.0
 10
27.262451
 20
234.822939
 30
0.0
 10
27.144729
 20
234.751418
 30
0.0
  0
SPLINE
  5
d53
100
AcDbEntity
  8
0
 62
7
100
AcDbSpline
 70
8
 71
3
 72
8
 73
4
 74
0
 40
0
 40
0
 40
0
 40
0
 40
1
 40
1
 40
1
 40
1
 10
27.144729
 20
234.751418
 30
0.0
 10
27.028115
 20
234.822897
 30
0.0
 10
26.912072
 20
234.894397
 30
0.0
 10
26.795458
 20
234.965876
 30
0.0
  0
LINE
  5
d54
100
AcDbEntity
  8
0
 62
7
100
AcDbLine
 10
26.795458
 20
234.965876
 30
0.0
 11
26.795458
 21
234.965876
 31
0.0
  0
LINE
  5
d55
100
AcDbEntity
  8
0
 62
7
100
AcDbLine
 10
27.886195
 20
235.726746
 30
0.0
 11
28.894914
 21
235.726746
 31
0.0
  0
LINE
  5
d56
100
AcDbEntity
  8
0
 62
7
100
AcDbLine
 10
28.894914
 20
235.726746
 30
0.0
 11
28.894914
 21
235.465915
 31
0.0
  0
LINE
  5
d57
100
AcDbEntity
  8
0
 62
7
100
AcDbLine
 10
28.894914
 20
235.465915
 30
0.0
 11
27.886195
 21
235.465915
 31
0.0
  0
LINE
  5
d58
100
AcDbEntity
  8
0
 62
7
100
AcDbLine
 10
27.886195
 20
235.465915
 30
0.0
 11
27.886195
 21
235.726746
 31
0.0
  0
LINE
  5
d59
100
AcDbEntity
  8
0
 62
7
100
AcDbLine
 10
27.886195
 20
235.726746
 30
0.0
 11
27.886195
 21
235.726746
 31
0.0
  0
LINE
  5
d5a
100
AcDbEntity
  8
0
 62
7
100
AcDbLine
 10
27.886195
 20
235.227757
 30
0.0
 11
28.894914
 21
235.227757
 31
0.0
  0
LINE
  5
d5b
100
AcDbEntity
  8
0
 62
7
100
AcDbLine
 10
28.894914
 20
235.227757
 30
0.0
 11
28.894914
 21
235.203363
 31
0.0
  0
LINE
  5
d5c
100
AcDbEntity
  8
0
 62
7
100
AcDbLine
 10
28.894914
 20
235.203363
 30
0.0
 11
27.886195
 21
235.203363
 31
0.0
  0
LINE
  5
d5d
100
AcDbEntity
  8
0
 62
7
100
AcDbLine
 10
27.886195
 20
235.203363
 30
0.0
 11
27.886195
 21
235.227757
 31
0.0
  0
LINE
  5
d5e
100
AcDbEntity
  8
0
 62
7
100
AcDbLine
 10
27.886195
 20
235.227757
 30
0.0
 11
27.886195
 21
235.227757
 31
0.0
  0
LINE
  5
d5f
100
AcDbEntity
  8
0
 62
7
100
AcDbLine
 10
27.885658
 20
234.392280
 30
0.0
 11
27.885658
 21
234.392280
 31
0.0
  0
SPLINE
  5
d60
100
AcDbEntity
  8
0
 62
7
100
AcDbSpline
 70
8
 71
3
 72
8
 73
4
 74
0
 40
0
 40
0
 40
0
 40
0
 40
1
 40
1
 40
1
 40
1
 10
27.885658
 20
234.774825
 30
0.0
 10
27.999451
 20
234.711721
 30
0.0
 10
28.113277
 20
234.648576
 30
0.0
 10
28.227070
 20
234.585494
 30
0.0
  0
SPLINE
  5
d61
100
AcDbEntity
  8
0
 62
7
100
AcDbSpline
 70
8
 71
3
 72
8
 73
4
 74
0
 40
0
 40
0
 40
0
 40
0
 40
1
 40
1
 40
1
 40
1
 10
28.227070
 20
234.585494
 30
0.0
 10
28.113814
 20
234.520984
 30
0.0
 10
27.999451
 20
234.456832
 30
0.0
 10
27.885658
 20
234.392280
 30
0.0
  0
LINE
  5
d62
100
AcDbEntity
  8
0
 62
7
100
AcDbLine
 10
27.885658
 20
234.392280
 30
0.0
 11
27.885658
 21
234.774825
 31
0.0
  0
LINE
  5
d63
100
AcDbEntity
  8
0
 62
7
100
AcDbLine
 10
27.885658
 20
234.774825
 30
0.0
 11
27.885658
 21
234.774825
 31
0.0
  0
SPLINE
  5
d64
100
AcDbEntity
  8
0
 62
7
100
AcDbSpline
 70
8
 71
3
 72
8
 73
4
 74
0
 40
0
 40
0
 40
0
 40
0
 40
1
 40
1
 40
1
 40
1
 10
27.448825
 20
234.249637
 30
0.0
 10
27.478382
 20
234.231142
 30
0.0
 10
27.508543
 20
234.213005
 30
0.0
 10
27.538100
 20
234.194574
 30
0.0
  0
SPLINE
  5
d65
100
AcDbEntity
  8
0
 62
7
100
AcDbSpline
 70
8
 71
3
 72
8
 73
4
 74
0
 40
0
 40
0
 40
0
 40
0
 40
1
 40
1
 40
1
 40
1
 10
27.538100
 20
234.194574
 30
0.0
 10
27.464981
 20
234.153072
 30
0.0
 10
27.391963
 20
234.111549
 30
0.0
 10
27.318844
 20
234.070068
 30
0.0
  0
SPLINE
  5
d66
100
AcDbEntity
  8
0
 62
7
100
AcDbSpline
 70
8
 71
3
 72
8
 73
4
 74
0
 40
0
 40
0
 40
0
 40
0
 40
1
 40
1
 40
1
 40
1
 10
27.318844
 20
234.070068
 30
0.0
 10
27.361802
 20
234.130043
 30
0.0
 10
27.405364
 20
234.189661
 30
0.0
 10
27.448825
 20
234.249637
 30
0.0
  0
LINE
  5
d67
100
AcDbEntity
  8
0
 62
7
100
AcDbLine
 10
27.448825
 20
234.249637
 30
0.0
 11
27.448825
 21
234.249637
 31
0.0
  0
LINE
  5
d68
100
AcDbEntity
  8
0
 62
7
100
AcDbLine
 10
28.229287
 20
237.205661
 30
0.0
 11
28.534492
 21
237.205661
 31
0.0
  0
SPLINE
  5
d69
100
AcDbEntity
  8
0
 62
7
100
AcDbSpline
 70
8
 71
3
 72
8
 73
4
 74
0
 40
0
 40
0
 40
0
 40
0
 40
1
 40
1
 40
1
 40
1
 10
28.534492
 20
237.205661
 30
0.0
 10
28.524449
 20
237.178077
 30
0.0
 10
28.514373
 20
237.150534
 30
0.0
 10
28.504364
 20
237.122971
 30
0.0
  0
LINE
  5
d6a
100
AcDbEntity
  8
0
 62
7
100
AcDbLine
 10
28.504364
 20
237.122971
 30
0.0
 11
26.133223
 21
237.122971
 31
0.0
  0
SPLINE
  5
d6b
100
AcDbEntity
  8
0
 62
7
100
AcDbSpline
 70
8
 71
3
 72
8
 73
4
 74
0
 40
0
 40
0
 40
0
 40
0
 40
1
 40
1
 40
1
 40
1
 10
26.133223
 20
237.122971
 30
0.0
 10
26.143803
 20
237.150534
 30
0.0
 10
26.155524
 20
237.178077
 30
0.0
 10
26.166104
 20
237.205661
 30
0.0
  0
LINE
  5
d6c
100
AcDbEntity
  8
0
 62
7
100
AcDbLine
 10
26.166104
 20
237.205661
 30
0.0
 11
28.131112
 21
237.205661
 31
0.0
  0
SPLINE
  5
d6d
100
AcDbEntity
  8
0
 62
7
100
AcDbSpline
 70
8
 71
3
 72
8
 73
4
 74
0
 40
0
 40
0
 40
0
 40
0
 40
1
 40
1
 40
1
 40
1
 10
28.131112
 20
237.205661
 30
0.0
 10
28.166244
 20
237.195185
 30
0.0
 10
28.199730
 20
237.196571
 30
0.0
 10
28.229287
 20
237.205661
 30
0.0
  0
LINE
  5
d6e
100
AcDbEntity
  8
0
 62
7
100
AcDbLine
 10
28.229287
 20
237.205661
 30
0.0
 11
28.229287
 21
237.205661
 31
0.0
  0
SPLINE
  5
d6f
100
AcDbEntity
  8
0
 62
7
100
AcDbSpline
 70
8
 71
3
 72
8
 73
4
 74
0
 40
0
 40
0
 40
0
 40
0
 40
1
 40
1
 40
1
 40
1
 10
26.638707
 20
234.131093
 30
0.0
 10
26.807179
 20
234.232927
 30
0.0
 10
26.975148
 20
234.335055
 30
0.0
 10
27.143083
 20
234.437225
 30
0.0
  0
SPLINE
  5
d70
100
AcDbEntity
  8
0
 62
7
100
AcDbSpline
 70
8
 71
3
 72
8
 73
4
 74
0
 40
0
 40
0
 40
0
 40
0
 40
1
 40
1
 40
1
 40
1
 10
27.143083
 20
234.437225
 30
0.0
 10
27.157559
 20
234.428177
 30
0.0
 10
27.172640
 20
234.419087
 30
0.0
 10
27.187149
 20
234.410040
 30
0.0
  0
SPLINE
  5
d71
100
AcDbEntity
  8
0
 62
7
100
AcDbSpline
 70
8
 71
3
 72
8
 73
4
 74
0
 40
0
 40
0
 40
0
 40
0
 40
1
 40
1
 40
1
 40
1
 10
27.187149
 20
234.410040
 30
0.0
 10
27.087295
 20
234.271952
 30
0.0
 10
26.986836
 20
234.133864
 30
0.0
 10
26.887519
 20
233.995797
 30
0.0
  0
SPLINE
  5
d72
100
AcDbEntity
  8
0
 62
7
100
AcDbSpline
 70
8
 71
3
 72
8
 73
4
 74
0
 40
0
 40
0
 40
0
 40
0
 40
1
 40
1
 40
1
 40
1
 10
26.887519
 20
233.995797
 30
0.0
 10
26.804425
 20
234.040783
 30
0.0
 10
26.721868
 20
234.085749
 30
0.0
 10
26.638707
 20
234.131093
 30
0.0
  0
LINE
  5
d73
100
AcDbEntity
  8
0
 62
7
100
AcDbLine
 10
26.638707
 20
234.131093
 30
0.0
 11
26.638707
 21
234.131093
 31
0.0
  0
LINE
  5
d74
100
AcDbEntity
  8
0
 62
7
100
AcDbLine
 10
26.733254
 20
233.781863
 30
0.0
 11
26.733557
 21
233.781695
 31
0.0
  0
LINE
  5
d75
100
AcDbEntity
  8
0
 62
7
100
AcDbLine
 10
26.733557
 20
233.781695
 30
0.0
 11
26.733254
 21
233.781863
 31
0.0
  0
SPLINE
  5
d76
100
AcDbEntity
  8
0
 62
7
100
AcDbSpline
 70
8
 71
3
 72
8
 73
4
 74
0
 40
0
 40
0
 40
0
 40
0
 40
1
 40
1
 40
1
 40
1
 10
26.946129
 20
233.555019
 30
0.0
 10
26.979581
 20
233.573849
 30
0.0
 10
27.012564
 20
233.592680
 30
0.0
 10
27.045983
 20
233.611489
 30
0.0
  0
SPLINE
  5
d77
100
AcDbEntity
  8
0
 62
7
100
AcDbSpline
 70
8
 71
3
 72
8
 73
4
 74
0
 40
0
 40
0
 40
0
 40
0
 40
1
 40
1
 40
1
 40
1
 10
27.045983
 20
233.611489
 30
0.0
 10
27.157022
 20
233.550842
 30
0.0
 10
27.267456
 20
233.490489
 30
0.0
 10
27.379032
 20
233.430177
 30
0.0
  0
LINE
  5
d78
100
AcDbEntity
  8
0
 62
7
100
AcDbLine
 10
27.379032
 20
233.430177
 30
0.0
 11
26.856250
 21
233.430177
 31
0.0
  0
SPLINE
  5
d79
100
AcDbEntity
  8
0
 62
7
100
AcDbSpline
 70
8
 71
3
 72
8
 73
4
 74
0
 40
0
 40
0
 40
0
 40
0
 40
1
 40
1
 40
1
 40
1
 10
26.856250
 20
233.430177
 30
0.0
 10
26.886411
 20
233.472015
 30
0.0
 10
26.915968
 20
233.513496
 30
0.0
 10
26.946129
 20
233.555019
 30
0.0
  0
LINE
  5
d7a
100
AcDbEntity
  8
0
 62
7
100
AcDbLine
 10
26.946129
 20
233.555019
 30
0.0
 11
26.946129
 21
233.555019
 31
0.0
  0
LINE
  5
d7b
100
AcDbEntity
  8
0
 62
7
100
AcDbLine
 10
28.085366
 20
234.965163
 30
0.0
 11
28.894914
 21
234.965163
 31
0.0
  0
LINE
  5
d7c
100
AcDbEntity
  8
0
 62
7
100
AcDbLine
 10
28.894914
 20
234.965163
 30
0.0
 11
28.894914
 21
234.964470
 31
0.0
  0
SPLINE
  5
d7d
100
AcDbEntity
  8
0
 62
7
100
AcDbSpline
 70
8
 71
3
 72
8
 73
4
 74
0
 40
0
 40
0
 40
0
 40
0
 40
1
 40
1
 40
1
 40
1
 10
28.894914
 20
234.964470
 30
0.0
 10
28.761540
 20
234.888813
 30
0.0
 10
28.628804
 20
234.813493
 30
0.0
 10
28.495430
 20
234.737836
 30
0.0
  0
LINE
  5
d7e
100
AcDbEntity
  8
0
 62
7
100
AcDbLine
 10
28.495430
 20
234.737836
 30
0.0
 11
28.494893
 21
234.737836
 31
0.0
  0
SPLINE
  5
d7f
100
AcDbEntity
  8
0
 62
7
100
AcDbSpline
 70
8
 71
3
 72
8
 73
4
 74
0
 40
0
 40
0
 40
0
 40
0
 40
1
 40
1
 40
1
 40
1
 10
28.494893
 20
234.737836
 30
0.0
 10
28.358227
 20
234.813493
 30
0.0
 10
28.222099
 20
234.889149
 30
0.0
 10
28.085366
 20
234.965163
 30
0.0
  0
LINE
  5
d80
100
AcDbEntity
  8
0
 62
7
100
AcDbLine
 10
28.085366
 20
234.965163
 30
0.0
 11
28.085366
 21
234.965163
 31
0.0
  0
SPLINE
  5
d81
100
AcDbEntity
  8
0
 62
7
100
AcDbSpline
 70
8
 71
3
 72
8
 73
4
 74
0
 40
0
 40
0
 40
0
 40
0
 40
1
 40
1
 40
1
 40
1
 10
27.314343
 20
233.763915
 30
0.0
 10
27.393004
 20
233.808544
 30
0.0
 10
27.472269
 20
233.853531
 30
0.0
 10
27.551501
 20
233.898875
 30
0.0
  0
LINE
  5
d82
100
AcDbEntity
  8
0
 62
7
100
AcDbLine
 10
27.551501
 20
233.898875
 30
0.0
 11
27.551501
 21
233.683703
 31
0.0
  0
LINE
  5
d83
100
AcDbEntity
  8
0
 62
7
100
AcDbLine
 10
27.551501
 20
233.683703
 30
0.0
 11
27.551501
 21
233.634895
 31
0.0
  0
SPLINE
  5
d84
100
AcDbEntity
  8
0
 62
7
100
AcDbSpline
 70
8
 71
3
 72
8
 73
4
 74
0
 40
0
 40
0
 40
0
 40
0
 40
1
 40
1
 40
1
 40
1
 10
27.551501
 20
233.634895
 30
0.0
 10
27.472269
 20
233.677783
 30
0.0
 10
27.393071
 20
233.721027
 30
0.0
 10
27.314343
 20
233.763915
 30
0.0
  0
LINE
  5
d85
100
AcDbEntity
  8
0
 62
7
100
AcDbLine
 10
27.314343
 20
233.763915
 30
0.0
 11
27.314343
 21
233.763915
 31
0.0
  0
LINE
  5
d86
100
AcDbEntity
  8
0
 62
7
100
AcDbLine
 10
27.656830
 20
240.400095
 30
0.0
 11
29.962745
 21
240.400095
 31
0.0
  0
LINE
  5
d87
100
AcDbEntity
  8
0
 62
7
100
AcDbLine
 10
29.962745
 20
240.400095
 30
0.0
 11
30.029718
 21
240.400095
 31
0.0
  0
SPLINE
  5
d88
100
AcDbEntity
  8
0
 62
7
100
AcDbSpline
 70
8
 71
3
 72
8
 73
4
 74
0
 40
0
 40
0
 40
0
 40
0
 40
1
 40
1
 40
1
 40
1
 10
30.029718
 20
240.400095
 30
0.0
 10
29.992839
 20
240.286421
 30
0.0
 10
29.955490
 20
240.173125
 30
0.0
 10
29.917537
 20
240.059388
 30
0.0
  0
LINE
  5
d89
100
AcDbEntity
  8
0
 62
7
100
AcDbLine
 10
29.917537
 20
240.059388
 30
0.0
 11
27.532994
 21
240.059388
 31
0.0
  0
SPLINE
  5
d8a
100
AcDbEntity
  8
0
 62
7
100
AcDbSpline
 70
8
 71
3
 72
8
 73
4
 74
0
 40
0
 40
0
 40
0
 40
0
 40
1
 40
1
 40
1
 40
1
 10
27.532994
 20
240.059388
 30
0.0
 10
27.574273
 20
240.173062
 30
0.0
 10
27.615551
 20
240.286400
 30
0.0
 10
27.656830
 20
240.400095
 30
0.0
  0
LINE
  5
d8b
100
AcDbEntity
  8
0
 62
7
100
AcDbLine
 10
27.656830
 20
240.400095
 30
0.0
 11
27.656830
 21
240.400095
 31
0.0
  0
SPLINE
  5
d8c
100
AcDbEntity
  8
0
 62
7
100
AcDbSpline
 70
8
 71
3
 72
8
 73
4
 74
0
 40
0
 40
0
 40
0
 40
0
 40
1
 40
1
 40
1
 40
1
 10
28.429096
 20
239.114751
 30
0.0
 10
28.857028
 20
239.315943
 30
0.0
 10
29.285497
 20
239.516819
 30
0.0
 10
29.713429
 20
239.717275
 30
0.0
  0
LINE
  5
d8d
100
AcDbEntity
  8
0
 62
7
100
AcDbLine
 10
29.713429
 20
239.717275
 30
0.0
 11
29.726259
 21
239.717275
 31
0.0
  0
LINE
  5
d8e
100
AcDbEntity
  8
0
 62
7
100
AcDbLine
 10
29.726259
 20
239.717275
 30
0.0
 11
29.804886
 21
239.717275
 31
0.0
  0
SPLINE
  5
d8f
100
AcDbEntity
  8
0
 62
7
100
AcDbSpline
 70
8
 71
3
 72
8
 73
4
 74
0
 40
0
 40
0
 40
0
 40
0
 40
1
 40
1
 40
1
 40
1
 10
29.804886
 20
239.717275
 30
0.0
 10
29.777009
 20
239.632550
 30
0.0
 10
29.748527
 20
239.547132
 30
0.0
 10
29.720113
 20
239.462386
 30
0.0
  0
SPLINE
  5
d90
100
AcDbEntity
  8
0
 62
7
100
AcDbSpline
 70
8
 71
3
 72
8
 73
4
 74
0
 40
0
 40
0
 40
0
 40
0
 40
1
 40
1
 40
1
 40
1
 10
29.720113
 20
239.462386
 30
0.0
 10
29.354115
 20
239.289429
 30
0.0
 10
28.988151
 20
239.116137
 30
0.0
 10
28.622154
 20
238.943159
 30
0.0
  0
LINE
  5
d91
100
AcDbEntity
  8
0
 62
7
100
AcDbLine
 10
28.622154
 20
238.943159
 30
0.0
 11
28.621549
 21
238.943558
 31
0.0
  0
LINE
  5
d92
100
AcDbEntity
  8
0
 62
7
100
AcDbLine
 10
28.621549
 20
238.943558
 30
0.0
 11
28.063064
 21
238.943558
 31
0.0
  0
SPLINE
  5
d93
100
AcDbEntity
  8
0
 62
7
100
AcDbSpline
 70
8
 71
3
 72
8
 73
4
 74
0
 40
0
 40
0
 40
0
 40
0
 40
1
 40
1
 40
1
 40
1
 10
28.063064
 20
238.943558
 30
0.0
 10
28.185254
 20
239.000364
 30
0.0
 10
28.306302
 20
239.057568
 30
0.0
 10
28.429096
 20
239.114751
 30
0.0
  0
LINE
  5
d94
100
AcDbEntity
  8
0
 62
7
100
AcDbLine
 10
28.429096
 20
239.114751
 30
0.0
 11
28.429096
 21
239.114751
 31
0.0
  0
SPLINE
  5
d95
100
AcDbEntity
  8
0
 62
7
100
AcDbSpline
 70
8
 71
3
 72
8
 73
4
 74
0
 40
0
 40
0
 40
0
 40
0
 40
1
 40
1
 40
1
 40
1
 10
27.951488
 20
238.506602
 30
0.0
 10
28.079824
 20
238.553352
 30
0.0
 10
28.207589
 20
238.599724
 30
0.0
 10
28.336429
 20
238.645760
 30
0.0
  0
LINE
  5
d96
100
AcDbEntity
  8
0
 62
7
100
AcDbLine
 10
28.336429
 20
238.645760
 30
0.0
 11
29.051093
 21
238.645760
 31
0.0
  0
SPLINE
  5
d97
100
AcDbEntity
  8
0
 62
7
100
AcDbSpline
 70
8
 71
3
 72
8
 73
4
 74
0
 40
0
 40
0
 40
0
 40
0
 40
1
 40
1
 40
1
 40
1
 10
29.051093
 20
238.645760
 30
0.0
 10
28.933404
 20
238.311015
 30
0.0
 10
28.814003
 20
237.976942
 30
0.0
 10
28.693492
 20
237.642890
 30
0.0
  0
SPLINE
  5
d98
100
AcDbEntity
  8
0
 62
7
100
AcDbSpline
 70
8
 71
3
 72
8
 73
4
 74
0
 40
0
 40
0
 40
0
 40
0
 40
1
 40
1
 40
1
 40
1
 10
28.693492
 20
237.642890
 30
0.0
 10
28.446292
 20
237.781692
 30
0.0
 10
28.198622
 20
237.920095
 30
0.0
 10
27.951488
 20
238.058897
 30
0.0
  0
LINE
  5
d99
100
AcDbEntity
  8
0
 62
7
100
AcDbLine
 10
27.951488
 20
238.058897
 30
0.0
 11
27.951488
 21
238.506602
 31
0.0
  0
LINE
  5
d9a
100
AcDbEntity
  8
0
 62
7
100
AcDbLine
 10
27.951488
 20
238.506602
 30
0.0
 11
27.951488
 21
238.506602
 31
0.0
  0
SPLINE
  5
d9b
100
AcDbEntity
  8
0
 62
7
100
AcDbSpline
 70
8
 71
3
 72
8
 73
4
 74
0
 40
0
 40
0
 40
0
 40
0
 40
1
 40
1
 40
1
 40
1
 10
26.610830
 20
238.021908
 30
0.0
 10
26.945591
 20
237.840933
 30
0.0
 10
27.280857
 20
237.659642
 30
0.0
 10
27.615047
 20
237.478289
 30
0.0
  0
LINE
  5
d9c
100
AcDbEntity
  8
0
 62
7
100
AcDbLine
 10
27.615047
 20
237.478289
 30
0.0
 11
27.615047
 21
237.443064
 31
0.0
  0
LINE
  5
d9d
100
AcDbEntity
  8
0
 62
7
100
AcDbLine
 10
27.615047
 20
237.443064
 30
0.0
 11
26.262163
 21
237.443064
 31
0.0
  0
SPLINE
  5
d9e
100
AcDbEntity
  8
0
 62
7
100
AcDbSpline
 70
8
 71
3
 72
8
 73
4
 74
0
 40
0
 40
0
 40
0
 40
0
 40
1
 40
1
 40
1
 40
1
 10
26.262163
 20
237.443064
 30
0.0
 10
26.332998
 20
237.619505
 30
0.0
 10
26.403867
 20
237.795925
 30
0.0
 10
26.474131
 20
237.972765
 30
0.0
  0
SPLINE
  5
d9f
100
AcDbEntity
  8
0
 62
7
100
AcDbSpline
 70
8
 71
3
 72
8
 73
4
 74
0
 40
0
 40
0
 40
0
 40
0
 40
1
 40
1
 40
1
 40
1
 10
26.474131
 20
237.972765
 30
0.0
 10
26.519876
 20
237.989139
 30
0.0
 10
26.565084
 20
238.005555
 30
0.0
 10
26.610830
 20
238.021908
 30
0.0
  0
LINE
  5
da0
100
AcDbEntity
  8
0
 62
7
100
AcDbLine
 10
26.610830
 20
238.021908
 30
0.0
 11
26.610830
 21
238.021908
 31
0.0
  0
LINE
  5
da1
100
AcDbEntity
  8
0
 62
7
100
AcDbLine
 10
26.542749
 20
236.879586
 30
0.0
 11
27.551434
 21
236.879586
 31
0.0
  0
LINE
  5
da2
100
AcDbEntity
  8
0
 62
7
100
AcDbLine
 10
27.551434
 20
236.879586
 30
0.0
 11
27.551434
 21
235.966332
 31
0.0
  0
LINE
  5
da3
100
AcDbEntity
  8
0
 62
7
100
AcDbLine
 10
27.551434
 20
235.966332
 30
0.0
 11
26.542749
 21
235.966332
 31
0.0
  0
LINE
  5
da4
100
AcDbEntity
  8
0
 62
7
100
AcDbLine
 10
26.542749
 20
235.966332
 30
0.0
 11
26.542749
 21
236.866675
 31
0.0
  0
LINE
  5
da5
100
AcDbEntity
  8
0
 62
7
100
AcDbLine
 10
26.542749
 20
236.866675
 30
0.0
 11
26.542749
 21
236.879586
 31
0.0
  0
LINE
  5
da6
100
AcDbEntity
  8
0
 62
7
100
AcDbLine
 10
26.542749
 20
236.879586
 30
0.0
 11
26.542749
 21
236.879586
 31
0.0
  0
SPLINE
  5
da7
100
AcDbEntity
  8
0
 62
7
100
AcDbSpline
 70
8
 71
3
 72
8
 73
4
 74
0
 40
0
 40
0
 40
0
 40
0
 40
1
 40
1
 40
1
 40
1
 10
27.951488
 20
237.756921
 30
0.0
 10
28.138434
 20
237.652001
 30
0.0
 10
28.324741
 20
237.547354
 30
0.0
 10
28.511686
 20
237.442728
 30
0.0
  0
LINE
  5
da8
100
AcDbEntity
  8
0
 62
7
100
AcDbLine
 10
28.511686
 20
237.442728
 30
0.0
 11
28.230496
 21
237.442728
 31
0.0
  0
SPLINE
  5
da9
100
AcDbEntity
  8
0
 62
7
100
AcDbSpline
 70
8
 71
3
 72
8
 73
4
 74
0
 40
0
 40
0
 40
0
 40
0
 40
1
 40
1
 40
1
 40
1
 10
28.230496
 20
237.442728
 30
0.0
 10
28.137325
 20
237.492984
 30
0.0
 10
28.044726
 20
237.543512
 30
0.0
 10
27.951556
 20
237.593726
 30
0.0
  0
SPLINE
  5
daa
100
AcDbEntity
  8
0
 62
7
100
AcDbSpline
 70
8
 71
3
 72
8
 73
4
 74
0
 40
0
 40
0
 40
0
 40
0
 40
1
 40
1
 40
1
 40
1
 10
27.951556
 20
237.593726
 30
0.0
 10
27.951556
 20
237.648138
 30
0.0
 10
27.951556
 20
237.702173
 30
0.0
 10
27.951488
 20
237.756921
 30
0.0
  0
LINE
  5
dab
100
AcDbEntity
  8
0
 62
7
100
AcDbLine
 10
27.951488
 20
237.756921
 30
0.0
 11
27.951488
 21
237.756921
 31
0.0
  0
SPLINE
  5
dac
100
AcDbEntity
  8
0
 62
7
100
AcDbSpline
 70
8
 71
3
 72
8
 73
4
 74
0
 40
0
 40
0
 40
0
 40
0
 40
1
 40
1
 40
1
 40
1
 10
25.553612
 20
234.421606
 30
0.0
 10
25.737131
 20
234.321872
 30
0.0
 10
25.921289
 20
234.221780
 30
0.0
 10
26.105379
 20
234.121709
 30
0.0
  0
SPLINE
  5
dad
100
AcDbEntity
  8
0
 62
7
100
AcDbSpline
 70
8
 71
3
 72
8
 73
4
 74
0
 40
0
 40
0
 40
0
 40
0
 40
1
 40
1
 40
1
 40
1
 10
26.105379
 20
234.121709
 30
0.0
 10
25.959779
 20
234.033478
 30
0.0
 10
25.814684
 20
233.945268
 30
0.0
 10
25.669621
 20
233.857058
 30
0.0
  0
LINE
  5
dae
100
AcDbEntity
  8
0
 62
7
100
AcDbLine
 10
25.669621
 20
233.857058
 30
0.0
 11
25.669084
 21
233.856659
 31
0.0
  0
SPLINE
  5
daf
100
AcDbEntity
  8
0
 62
7
100
AcDbSpline
 70
8
 71
3
 72
8
 73
4
 74
0
 40
0
 40
0
 40
0
 40
0
 40
1
 40
1
 40
1
 40
1
 10
25.669084
 20
233.856659
 30
0.0
 10
25.511225
 20
233.961285
 30
0.0
 10
25.353836
 20
234.065554
 30
0.0
 10
25.195977
 20
234.170159
 30
0.0
  0
LINE
  5
db0
100
AcDbEntity
  8
0
 62
7
100
AcDbLine
 10
25.195977
 20
234.170159
 30
0.0
 11
25.195977
 21
234.193524
 31
0.0
  0
SPLINE
  5
db1
100
AcDbEntity
  8
0
 62
7
100
AcDbSpline
 70
8
 71
3
 72
8
 73
4
 74
0
 40
0
 40
0
 40
0
 40
0
 40
1
 40
1
 40
1
 40
1
 10
25.195977
 20
234.193524
 30
0.0
 10
25.315379
 20
234.269559
 30
0.0
 10
25.434210
 20
234.345551
 30
0.0
 10
25.553612
 20
234.421606
 30
0.0
  0
LINE
  5
db2
100
AcDbEntity
  8
0
 62
7
100
AcDbLine
 10
25.553612
 20
234.421606
 30
0.0
 11
25.553612
 21
234.421606
 31
0.0
  0
SPLINE
  5
db3
100
AcDbEntity
  8
0
 62
7
100
AcDbSpline
 70
8
 71
3
 72
8
 73
4
 74
0
 40
0
 40
0
 40
0
 40
0
 40
1
 40
1
 40
1
 40
1
 10
25.195977
 20
233.843371
 30
0.0
 10
25.267988
 20
233.795613
 30
0.0
 10
25.339898
 20
233.747834
 30
0.0
 10
25.411908
 20
233.700434
 30
0.0
  0
SPLINE
  5
db4
100
AcDbEntity
  8
0
 62
7
100
AcDbSpline
 70
8
 71
3
 72
8
 73
4
 74
0
 40
0
 40
0
 40
0
 40
0
 40
1
 40
1
 40
1
 40
1
 10
25.411908
 20
233.700434
 30
0.0
 10
25.339898
 20
233.656832
 30
0.0
 10
25.267988
 20
233.613252
 30
0.0
 10
25.195977
 20
233.569651
 30
0.0
  0
LINE
  5
db5
100
AcDbEntity
  8
0
 62
7
100
AcDbLine
 10
25.195977
 20
233.569651
 30
0.0
 11
25.195977
 21
233.843371
 31
0.0
  0
LINE
  5
db6
100
AcDbEntity
  8
0
 62
7
100
AcDbLine
 10
25.195977
 20
233.843371
 30
0.0
 11
25.195977
 21
233.843371
 31
0.0
  0
SPLINE
  5
db7
100
AcDbEntity
  8
0
 62
7
100
AcDbSpline
 70
8
 71
3
 72
8
 73
4
 74
0
 40
0
 40
0
 40
0
 40
0
 40
1
 40
1
 40
1
 40
1
 10
24.726162
 20
233.179465
 30
0.0
 10
24.778054
 20
233.132736
 30
0.0
 10
24.829980
 20
233.085671
 30
0.0
 10
24.881670
 20
233.038417
 30
0.0
  0
SPLINE
  5
db8
100
AcDbEntity
  8
0
 62
7
100
AcDbSpline
 70
8
 71
3
 72
8
 73
4
 74
0
 40
0
 40
0
 40
0
 40
0
 40
1
 40
1
 40
1
 40
1
 10
24.881670
 20
233.038417
 30
0.0
 10
24.829846
 20
232.992108
 30
0.0
 10
24.778525
 20
232.945085
 30
0.0
 10
24.726767
 20
232.898398
 30
0.0
  0
SPLINE
  5
db9
100
AcDbEntity
  8
0
 62
7
100
AcDbSpline
 70
8
 71
3
 72
8
 73
4
 74
0
 40
0
 40
0
 40
0
 40
0
 40
1
 40
1
 40
1
 40
1
 10
24.726767
 20
232.898398
 30
0.0
 10
24.674875
 20
232.945127
 30
0.0
 10
24.623521
 20
232.992213
 30
0.0
 10
24.571595
 20
233.038606
 30
0.0
  0
SPLINE
  5
dba
100
AcDbEntity
  8
0
 62
7
100
AcDbSpline
 70
8
 71
3
 72
8
 73
4
 74
0
 40
0
 40
0
 40
0
 40
0
 40
1
 40
1
 40
1
 40
1
 10
24.571595
 20
233.038606
 30
0.0
 10
24.621841
 20
233.084286
 30
0.0
 10
24.672020
 20
233.129566
 30
0.0
 10
24.722233
 20
233.175288
 30
0.0
  0
SPLINE
  5
dbb
100
AcDbEntity
  8
0
 62
7
100
AcDbSpline
 70
8
 71
3
 72
8
 73
4
 74
0
 40
0
 40
0
 40
0
 40
0
 40
1
 40
1
 40
1
 40
1
 10
24.722233
 20
233.175288
 30
0.0
 10
24.723375
 20
233.176652
 30
0.0
 10
24.724450
 20
233.178080
 30
0.0
 10
24.726162
 20
233.179465
 30
0.0
  0
LINE
  5
dbc
100
AcDbEntity
  8
0
 62
7
100
AcDbLine
 10
24.726162
 20
233.179465
 30
0.0
 11
24.726162
 21
233.179465
 31
0.0
  0
SPLINE
  5
dbd
100
AcDbEntity
  8
0
 62
7
100
AcDbSpline
 70
8
 71
3
 72
8
 73
4
 74
0
 40
0
 40
0
 40
0
 40
0
 40
1
 40
1
 40
1
 40
1
 10
24.359628
 20
232.846799
 30
0.0
 10
24.410982
 20
232.800070
 30
0.0
 10
24.462874
 20
232.753340
 30
0.0
 10
24.514195
 20
232.706275
 30
0.0
  0
SPLINE
  5
dbe
100
AcDbEntity
  8
0
 62
7
100
AcDbSpline
 70
8
 71
3
 72
8
 73
4
 74
0
 40
0
 40
0
 40
0
 40
0
 40
1
 40
1
 40
1
 40
1
 10
24.514195
 20
232.706275
 30
0.0
 10
24.462874
 20
232.659546
 30
0.0
 10
24.410982
 20
232.612817
 30
0.0
 10
24.359628
 20
232.566088
 30
0.0
  0
SPLINE
  5
dbf
100
AcDbEntity
  8
0
 62
7
100
AcDbSpline
 70
8
 71
3
 72
8
 73
4
 74
0
 40
0
 40
0
 40
0
 40
0
 40
1
 40
1
 40
1
 40
1
 10
24.359628
 20
232.566088
 30
0.0
 10
24.307736
 20
232.612817
 30
0.0
 10
24.256415
 20
232.659546
 30
0.0
 10
24.204523
 20
232.706275
 30
0.0
  0
SPLINE
  5
dc0
100
AcDbEntity
  8
0
 62
7
100
AcDbSpline
 70
8
 71
3
 72
8
 73
4
 74
0
 40
0
 40
0
 40
0
 40
0
 40
1
 40
1
 40
1
 40
1
 10
24.204523
 20
232.706275
 30
0.0
 10
24.256415
 20
232.753005
 30
0.0
 10
24.307736
 20
232.799734
 30
0.0
 10
24.359628
 20
232.846799
 30
0.0
  0
LINE
  5
dc1
100
AcDbEntity
  8
0
 62
7
100
AcDbLine
 10
24.359628
 20
232.846799
 30
0.0
 11
24.359628
 21
232.846799
 31
0.0
  0
SPLINE
  5
dc2
100
AcDbEntity
  8
0
 62
7
100
AcDbSpline
 70
8
 71
3
 72
8
 73
4
 74
0
 40
0
 40
0
 40
0
 40
0
 40
1
 40
1
 40
1
 40
1
 10
23.993261
 20
232.514342
 30
0.0
 10
24.045085
 20
232.467676
 30
0.0
 10
24.096944
 20
232.420653
 30
0.0
 10
24.148164
 20
232.373966
 30
0.0
  0
SPLINE
  5
dc3
100
AcDbEntity
  8
0
 62
7
100
AcDbSpline
 70
8
 71
3
 72
8
 73
4
 74
0
 40
0
 40
0
 40
0
 40
0
 40
1
 40
1
 40
1
 40
1
 10
24.148164
 20
232.373966
 30
0.0
 10
24.101343
 20
232.331792
 30
0.0
 10
24.054456
 20
232.288905
 30
0.0
 10
24.007569
 20
232.246710
 30
0.0
  0
LINE
  5
dc4
100
AcDbEntity
  8
0
 62
7
100
AcDbLine
 10
24.007569
 20
232.246710
 30
0.0
 11
23.979658
 21
232.246710
 31
0.0
  0
SPLINE
  5
dc5
100
AcDbEntity
  8
0
 62
7
100
AcDbSpline
 70
8
 71
3
 72
8
 73
4
 74
0
 40
0
 40
0
 40
0
 40
0
 40
1
 40
1
 40
1
 40
1
 10
23.979658
 20
232.246710
 30
0.0
 10
23.932233
 20
232.288905
 30
0.0
 10
23.885345
 20
232.331792
 30
0.0
 10
23.839063
 20
232.373966
 30
0.0
  0
SPLINE
  5
dc6
100
AcDbEntity
  8
0
 62
7
100
AcDbSpline
 70
8
 71
3
 72
8
 73
4
 74
0
 40
0
 40
0
 40
0
 40
0
 40
1
 40
1
 40
1
 40
1
 10
23.839063
 20
232.373966
 30
0.0
 10
23.890417
 20
232.420695
 30
0.0
 10
23.942275
 20
232.467424
 30
0.0
 10
23.993261
 20
232.514342
 30
0.0
  0
LINE
  5
dc7
100
AcDbEntity
  8
0
 62
7
100
AcDbLine
 10
23.993261
 20
232.514342
 30
0.0
 11
23.993261
 21
232.514342
 31
0.0
  0
LINE
  5
dc8
100
AcDbEntity
  8
0
 62
7
100
AcDbLine
 10
23.411164
 20
232.008173
 30
0.0
 11
24.049989
 21
232.008173
 31
0.0
  0
SPLINE
  5
dc9
100
AcDbEntity
  8
0
 62
7
100
AcDbSpline
 70
8
 71
3
 72
8
 73
4
 74
0
 40
0
 40
0
 40
0
 40
0
 40
1
 40
1
 40
1
 40
1
 10
24.049989
 20
232.008173
 30
0.0
 10
24.080116
 20
232.000154
 30
0.0
 10
24.113032
 20
231.999125
 30
0.0
 10
24.144301
 20
232.008173
 30
0.0
  0
LINE
  5
dca
100
AcDbEntity
  8
0
 62
7
100
AcDbLine
 10
24.144301
 20
232.008173
 30
0.0
 11
24.560511
 21
232.008173
 31
0.0
  0
SPLINE
  5
dcb
100
AcDbEntity
  8
0
 62
7
100
AcDbSpline
 70
8
 71
3
 72
8
 73
4
 74
0
 40
0
 40
0
 40
0
 40
0
 40
1
 40
1
 40
1
 40
1
 10
24.560511
 20
232.008173
 30
0.0
 10
23.965215
 20
231.794785
 30
0.0
 10
23.370490
 20
231.581377
 30
0.0
 10
22.775698
 20
231.367968
 30
0.0
  0
SPLINE
  5
dcc
100
AcDbEntity
  8
0
 62
7
100
AcDbSpline
 70
8
 71
3
 72
8
 73
4
 74
0
 40
0
 40
0
 40
0
 40
0
 40
1
 40
1
 40
1
 40
1
 10
22.775698
 20
231.367968
 30
0.0
 10
22.943600
 20
231.581377
 30
0.0
 10
23.111031
 20
231.794785
 30
0.0
 10
23.278932
 20
232.008173
 30
0.0
  0
LINE
  5
dcd
100
AcDbEntity
  8
0
 62
7
100
AcDbLine
 10
23.278932
 20
232.008173
 30
0.0
 11
23.316315
 21
232.008173
 31
0.0
  0
SPLINE
  5
dce
100
AcDbEntity
  8
0
 62
7
100
AcDbSpline
 70
8
 71
3
 72
8
 73
4
 74
0
 40
0
 40
0
 40
0
 40
0
 40
1
 40
1
 40
1
 40
1
 10
23.316315
 20
232.008173
 30
0.0
 10
23.347013
 20
232.000154
 30
0.0
 10
23.379357
 20
231.999125
 30
0.0
 10
23.411164
 20
232.008173
 30
0.0
  0
LINE
  5
dcf
100
AcDbEntity
  8
0
 62
7
100
AcDbLine
 10
23.411164
 20
232.008173
 30
0.0
 11
23.411164
 21
232.008173
 31
0.0
  0
LINE
  5
dd0
100
AcDbEntity
  8
0
 62
7
100
AcDbLine
 10
23.417579
 20
231.187433
 30
0.0
 11
23.417579
 21
231.187433
 31
0.0
  0
LINE
  5
dd1
100
AcDbEntity
  8
0
 62
7
100
AcDbLine
 10
23.417579
 20
231.187433
 30
0.0
 11
23.417579
 21
231.187433
 31
0.0
  0
LINE
  5
dd2
100
AcDbEntity
  8
0
 62
7
100
AcDbLine
 10
26.235932
 20
233.191683
 30
0.0
 11
26.304550
 21
233.191683
 31
0.0
  0
SPLINE
  5
dd3
100
AcDbEntity
  8
0
 62
7
100
AcDbSpline
 70
8
 71
3
 72
8
 73
4
 74
0
 40
0
 40
0
 40
0
 40
0
 40
1
 40
1
 40
1
 40
1
 10
26.304550
 20
233.191683
 30
0.0
 10
26.292828
 20
233.175309
 30
0.0
 10
26.281140
 20
233.159270
 30
0.0
 10
26.269418
 20
233.143211
 30
0.0
  0
SPLINE
  5
dd4
100
AcDbEntity
  8
0
 62
7
100
AcDbSpline
 70
8
 71
3
 72
8
 73
4
 74
0
 40
0
 40
0
 40
0
 40
0
 40
1
 40
1
 40
1
 40
1
 10
26.269418
 20
233.143211
 30
0.0
 10
26.224210
 20
233.080465
 30
0.0
 10
26.178464
 20
233.017341
 30
0.0
 10
26.132719
 20
232.954238
 30
0.0
  0
SPLINE
  5
dd5
100
AcDbEntity
  8
0
 62
7
100
AcDbSpline
 70
8
 71
3
 72
8
 73
4
 74
0
 40
0
 40
0
 40
0
 40
0
 40
1
 40
1
 40
1
 40
1
 10
26.132719
 20
232.954238
 30
0.0
 10
26.105916
 20
232.978274
 30
0.0
 10
26.079148
 20
233.002331
 30
0.0
 10
26.052916
 20
233.026389
 30
0.0
  0
SPLINE
  5
dd6
100
AcDbEntity
  8
0
 62
7
100
AcDbSpline
 70
8
 71
3
 72
8
 73
4
 74
0
 40
0
 40
0
 40
0
 40
0
 40
1
 40
1
 40
1
 40
1
 10
26.052916
 20
233.026389
 30
0.0
 10
26.107596
 20
233.074524
 30
0.0
 10
26.162309
 20
233.123373
 30
0.0
 10
26.216955
 20
233.171467
 30
0.0
  0
SPLINE
  5
dd7
100
AcDbEntity
  8
0
 62
7
100
AcDbSpline
 70
8
 71
3
 72
8
 73
4
 74
0
 40
0
 40
0
 40
0
 40
0
 40
1
 40
1
 40
1
 40
1
 10
26.216955
 20
233.171467
 30
0.0
 10
26.224210
 20
233.178080
 30
0.0
 10
26.230356
 20
233.184734
 30
0.0
 10
26.235932
 20
233.191683
 30
0.0
  0
LINE
  5
dd8
100
AcDbEntity
  8
0
 62
7
100
AcDbLine
 10
26.235932
 20
233.191683
 30
0.0
 11
26.235932
 21
233.191683
 31
0.0
  0
SPLINE
  5
dd9
100
AcDbEntity
  8
0
 62
7
100
AcDbSpline
 70
8
 71
3
 72
8
 73
4
 74
0
 40
0
 40
0
 40
0
 40
0
 40
1
 40
1
 40
1
 40
1
 10
25.838094
 20
232.836701
 30
0.0
 10
25.880514
 20
232.798348
 30
0.0
 10
25.922330
 20
232.760331
 30
0.0
 10
25.964750
 20
232.721978
 30
0.0
  0
SPLINE
  5
dda
100
AcDbEntity
  8
0
 62
7
100
AcDbSpline
 70
8
 71
3
 72
8
 73
4
 74
0
 40
0
 40
0
 40
0
 40
0
 40
1
 40
1
 40
1
 40
1
 10
25.964750
 20
232.721978
 30
0.0
 10
25.924043
 20
232.665844
 30
0.0
 10
25.882731
 20
232.609018
 30
0.0
 10
25.842023
 20
232.552506
 30
0.0
  0
SPLINE
  5
ddb
100
AcDbEntity
  8
0
 62
7
100
AcDbSpline
 70
8
 71
3
 72
8
 73
4
 74
0
 40
0
 40
0
 40
0
 40
0
 40
1
 40
1
 40
1
 40
1
 10
25.842023
 20
232.552506
 30
0.0
 10
25.788452
 20
232.600978
 30
0.0
 10
25.734914
 20
232.649806
 30
0.0
 10
25.681310
 20
232.698256
 30
0.0
  0
SPLINE
  5
ddc
100
AcDbEntity
  8
0
 62
7
100
AcDbSpline
 70
8
 71
3
 72
8
 73
4
 74
0
 40
0
 40
0
 40
0
 40
0
 40
1
 40
1
 40
1
 40
1
 10
25.681310
 20
232.698256
 30
0.0
 10
25.733772
 20
232.744650
 30
0.0
 10
25.785664
 20
232.790707
 30
0.0
 10
25.838094
 20
232.836701
 30
0.0
  0
LINE
  5
ddd
100
AcDbEntity
  8
0
 62
7
100
AcDbLine
 10
25.838094
 20
232.836701
 30
0.0
 11
25.838094
 21
232.836701
 31
0.0
  0
SPLINE
  5
dde
100
AcDbEntity
  8
0
 62
7
100
AcDbSpline
 70
8
 71
3
 72
8
 73
4
 74
0
 40
0
 40
0
 40
0
 40
0
 40
1
 40
1
 40
1
 40
1
 10
25.467092
 20
232.508212
 30
0.0
 10
25.535710
 20
232.445802
 30
0.0
 10
25.605470
 20
232.383014
 30
0.0
 10
25.674122
 20
232.320624
 30
0.0
  0
SPLINE
  5
ddf
100
AcDbEntity
  8
0
 62
7
100
AcDbSpline
 70
8
 71
3
 72
8
 73
4
 74
0
 40
0
 40
0
 40
0
 40
0
 40
1
 40
1
 40
1
 40
1
 10
25.674122
 20
232.320624
 30
0.0
 10
25.656287
 20
232.295853
 30
0.0
 10
25.638419
 20
232.271082
 30
0.0
 10
25.620584
 20
232.246668
 30
0.0
  0
SPLINE
  5
de0
100
AcDbEntity
  8
0
 62
7
100
AcDbSpline
 70
8
 71
3
 72
8
 73
4
 74
0
 40
0
 40
0
 40
0
 40
0
 40
1
 40
1
 40
1
 40
1
 10
25.620584
 20
232.246668
 30
0.0
 10
25.562512
 20
232.246668
 30
0.0
 10
25.504541
 20
232.246668
 30
0.0
 10
25.446469
 20
232.246710
 30
0.0
  0
SPLINE
  5
de1
100
AcDbEntity
  8
0
 62
7
100
AcDbSpline
 70
8
 71
3
 72
8
 73
4
 74
0
 40
0
 40
0
 40
0
 40
0
 40
1
 40
1
 40
1
 40
1
 10
25.446469
 20
232.246710
 30
0.0
 10
25.400724
 20
232.287855
 30
0.0
 10
25.355516
 20
232.328622
 30
0.0
 10
25.310308
 20
232.369788
 30
0.0
  0
SPLINE
  5
de2
100
AcDbEntity
  8
0
 62
7
100
AcDbSpline
 70
8
 71
3
 72
8
 73
4
 74
0
 40
0
 40
0
 40
0
 40
0
 40
1
 40
1
 40
1
 40
1
 10
25.310308
 20
232.369788
 30
0.0
 10
25.362233
 20
232.415825
 30
0.0
 10
25.414662
 20
232.462218
 30
0.0
 10
25.467092
 20
232.508212
 30
0.0
  0
LINE
  5
de3
100
AcDbEntity
  8
0
 62
7
100
AcDbLine
 10
25.467092
 20
232.508212
 30
0.0
 11
25.467092
 21
232.508212
 31
0.0
  0
LINE
  5
de4
100
AcDbEntity
  8
0
 62
7
100
AcDbLine
 10
23.417344
 20
231.187685
 30
0.0
 11
23.417344
 21
231.187685
 31
0.0
  0
LINE
  5
de5
100
AcDbEntity
  8
0
 62
7
100
AcDbLine
 10
25.305840
 20
232.007501
 30
0.0
 11
25.449223
 21
232.007501
 31
0.0
  0
SPLINE
  5
de6
100
AcDbEntity
  8
0
 62
7
100
AcDbSpline
 70
8
 71
3
 72
8
 73
4
 74
0
 40
0
 40
0
 40
0
 40
0
 40
1
 40
1
 40
1
 40
1
 10
25.449223
 20
232.007501
 30
0.0
 10
25.404586
 20
231.946141
 30
0.0
 10
25.360520
 20
231.884738
 30
0.0
 10
25.315849
 20
231.823377
 30
0.0
  0
SPLINE
  5
de7
100
AcDbEntity
  8
0
 62
7
100
AcDbSpline
 70
8
 71
3
 72
8
 73
4
 74
0
 40
0
 40
0
 40
0
 40
0
 40
1
 40
1
 40
1
 40
1
 10
25.315849
 20
231.823377
 30
0.0
 10
24.683272
 20
231.611396
 30
0.0
 10
24.050661
 20
231.399750
 30
0.0
 10
23.417344
 20
231.187685
 30
0.0
  0
LINE
  5
de8
100
AcDbEntity
  8
0
 62
7
100
AcDbLine
 10
23.417344
 20
231.187685
 30
0.0
 11
23.020077
 21
231.187685
 31
0.0
  0
SPLINE
  5
de9
100
AcDbEntity
  8
0
 62
7
100
AcDbSpline
 70
8
 71
3
 72
8
 73
4
 74
0
 40
0
 40
0
 40
0
 40
0
 40
1
 40
1
 40
1
 40
1
 10
23.020077
 20
231.187685
 30
0.0
 10
23.782166
 20
231.461048
 30
0.0
 10
24.543751
 20
231.734432
 30
0.0
 10
25.305840
 20
232.007501
 30
0.0
  0
LINE
  5
dea
100
AcDbEntity
  8
0
 62
7
100
AcDbLine
 10
25.305840
 20
232.007501
 30
0.0
 11
25.305840
 21
232.007501
 31
0.0
  0
LINE
  5
deb
100
AcDbEntity
  8
0
 62
7
100
AcDbLine
 10
26.205200
 20
233.868877
 30
0.0
 11
26.205200
 21
233.683325
 31
0.0
  0
LINE
  5
dec
100
AcDbEntity
  8
0
 62
7
100
AcDbLine
 10
26.205200
 20
233.683325
 30
0.0
 11
26.205200
 21
233.501992
 31
0.0
  0
SPLINE
  5
ded
100
AcDbEntity
  8
0
 62
7
100
AcDbSpline
 70
8
 71
3
 72
8
 73
4
 74
0
 40
0
 40
0
 40
0
 40
0
 40
1
 40
1
 40
1
 40
1
 10
26.205200
 20
233.501992
 30
0.0
 10
26.108671
 20
233.565809
 30
0.0
 10
26.012712
 20
233.629269
 30
0.0
 10
25.916251
 20
233.693464
 30
0.0
  0
SPLINE
  5
dee
100
AcDbEntity
  8
0
 62
7
100
AcDbSpline
 70
8
 71
3
 72
8
 73
4
 74
0
 40
0
 40
0
 40
0
 40
0
 40
1
 40
1
 40
1
 40
1
 10
25.916251
 20
233.693464
 30
0.0
 10
26.012746
 20
233.751697
 30
0.0
 10
26.108738
 20
233.810308
 30
0.0
 10
26.205200
 20
233.868877
 30
0.0
  0
LINE
  5
def
100
AcDbEntity
  8
0
 62
7
100
AcDbLine
 10
26.205200
 20
233.868877
 30
0.0
 11
26.205200
 21
233.868877
 31
0.0
  0
SPLINE
  5
df0
100
AcDbEntity
  8
0
 62
7
100
AcDbSpline
 70
8
 71
3
 72
8
 73
4
 74
0
 40
0
 40
0
 40
0
 40
0
 40
1
 40
1
 40
1
 40
1
 10
24.201735
 20
231.187685
 30
0.0
 10
24.489609
 20
231.283935
 30
0.0
 10
24.776980
 20
231.380521
 30
0.0
 10
25.064820
 20
231.476751
 30
0.0
  0
SPLINE
  5
df1
100
AcDbEntity
  8
0
 62
7
100
AcDbSpline
 70
8
 71
3
 72
8
 73
4
 74
0
 40
0
 40
0
 40
0
 40
0
 40
1
 40
1
 40
1
 40
1
 10
25.064820
 20
231.476751
 30
0.0
 10
24.995127
 20
231.380521
 30
0.0
 10
24.925333
 20
231.283935
 30
0.0
 10
24.855607
 20
231.187685
 30
0.0
  0
LINE
  5
df2
100
AcDbEntity
  8
0
 62
7
100
AcDbLine
 10
24.855607
 20
231.187685
 30
0.0
 11
24.201735
 21
231.187685
 31
0.0
  0
LINE
  5
df3
100
AcDbEntity
  8
0
 62
7
100
AcDbLine
 10
24.201735
 20
231.187685
 30
0.0
 11
24.201735
 21
231.187685
 31
0.0
  0
LINE
  5
df4
100
AcDbEntity
  8
0
 62
7
100
AcDbLine
 10
23.490396
 20
230.947028
 30
0.0
 11
24.338434
 21
230.947028
 31
0.0
  0
LINE
  5
df5
100
AcDbEntity
  8
0
 62
7
100
AcDbLine
 10
24.338434
 20
230.947028
 30
0.0
 11
24.683776
 21
230.947028
 31
0.0
  0
SPLINE
  5
df6
100
AcDbEntity
  8
0
 62
7
100
AcDbSpline
 70
8
 71
3
 72
8
 73
4
 74
0
 40
0
 40
0
 40
0
 40
0
 40
1
 40
1
 40
1
 40
1
 10
24.683776
 20
230.947028
 30
0.0
 10
24.646393
 20
230.895429
 30
0.0
 10
24.608440
 20
230.843137
 30
0.0
 10
24.571058
 20
230.791181
 30
0.0
  0
SPLINE
  5
df7
100
AcDbEntity
  8
0
 62
7
100
AcDbSpline
 70
8
 71
3
 72
8
 73
4
 74
0
 40
0
 40
0
 40
0
 40
0
 40
1
 40
1
 40
1
 40
1
 10
24.571058
 20
230.791181
 30
0.0
 10
24.070040
 20
230.795715
 30
0.0
 10
23.569090
 20
230.800585
 30
0.0
 10
23.068510
 20
230.805624
 30
0.0
  0
SPLINE
  5
df8
100
AcDbEntity
  8
0
 62
7
100
AcDbSpline
 70
8
 71
3
 72
8
 73
4
 74
0
 40
0
 40
0
 40
0
 40
0
 40
1
 40
1
 40
1
 40
1
 10
23.068510
 20
230.805624
 30
0.0
 10
23.208970
 20
230.852647
 30
0.0
 10
23.349398
 20
230.900005
 30
0.0
 10
23.490396
 20
230.947028
 30
0.0
  0
LINE
  5
df9
100
AcDbEntity
  8
0
 62
7
100
AcDbLine
 10
23.490396
 20
230.947028
 30
0.0
 11
23.490396
 21
230.947028
 31
0.0
  0
SPLINE
  5
dfa
100
AcDbEntity
  8
0
 62
7
100
AcDbSpline
 70
8
 71
3
 72
8
 73
4
 74
0
 40
0
 40
0
 40
0
 40
0
 40
1
 40
1
 40
1
 40
1
 10
23.049096
 20
230.569081
 30
0.0
 10
23.396688
 20
230.565911
 30
0.0
 10
23.743743
 20
230.562448
 30
0.0
 10
24.091301
 20
230.559320
 30
0.0
  0
SPLINE
  5
dfb
100
AcDbEntity
  8
0
 62
7
100
AcDbSpline
 70
8
 71
3
 72
8
 73
4
 74
0
 40
0
 40
0
 40
0
 40
0
 40
1
 40
1
 40
1
 40
1
 10
24.091301
 20
230.559320
 30
0.0
 10
24.194010
 20
230.558270
 30
0.0
 10
24.297156
 20
230.557241
 30
0.0
 10
24.399294
 20
230.556171
 30
0.0
  0
SPLINE
  5
dfc
100
AcDbEntity
  8
0
 62
7
100
AcDbSpline
 70
8
 71
3
 72
8
 73
4
 74
0
 40
0
 40
0
 40
0
 40
0
 40
1
 40
1
 40
1
 40
1
 10
24.399294
 20
230.556171
 30
0.0
 10
24.247514
 20
230.346919
 30
0.0
 10
24.096373
 20
230.137037
 30
0.0
 10
23.944559
 20
229.927805
 30
0.0
  0
LINE
  5
dfd
100
AcDbEntity
  8
0
 62
7
100
AcDbLine
 10
23.944559
 20
229.927805
 30
0.0
 11
23.944022
 21
229.927805
 31
0.0
  0
SPLINE
  5
dfe
100
AcDbEntity
  8
0
 62
7
100
AcDbSpline
 70
8
 71
3
 72
8
 73
4
 74
0
 40
0
 40
0
 40
0
 40
0
 40
1
 40
1
 40
1
 40
1
 10
23.944022
 20
229.927805
 30
0.0
 10
23.646038
 20
230.141550
 30
0.0
 10
23.347618
 20
230.355295
 30
0.0
 10
23.049096
 20
230.569081
 30
0.0
  0
LINE
  5
dff
100
AcDbEntity
  8
0
 62
7
100
AcDbLine
 10
23.049096
 20
230.569081
 30
0.0
 11
23.049096
 21
230.569081
 31
0.0
  0
LINE
  5
e00
100
AcDbEntity
  8
0
 62
7
100
AcDbLine
 10
28.364844
 20
232.890148
 30
0.0
 11
28.365448
 21
232.889707
 31
0.0
  0
LINE
  5
e01
100
AcDbEntity
  8
0
 62
7
100
AcDbLine
 10
28.365448
 20
232.889707
 30
0.0
 11
28.364810
 21
232.889686
 31
0.0
  0
LINE
  5
e02
100
AcDbEntity
  8
0
 62
7
100
AcDbLine
 10
28.364810
 20
232.889686
 30
0.0
 11
28.364844
 21
232.890148
 31
0.0
  0
LINE
  5
e03
100
AcDbEntity
  8
0
 62
7
100
AcDbLine
 10
28.364844
 20
232.890148
 30
0.0
 11
28.364844
 21
232.890148
 31
0.0
  0
LINE
  5
e04
100
AcDbEntity
  8
0
 62
7
100
AcDbLine
 10
26.682706
 20
233.189206
 30
0.0
 11
28.552293
 21
233.189206
 31
0.0
  0
SPLINE
  5
e05
100
AcDbEntity
  8
0
 62
7
100
AcDbSpline
 70
8
 71
3
 72
8
 73
4
 74
0
 40
0
 40
0
 40
0
 40
0
 40
1
 40
1
 40
1
 40
1
 10
28.552293
 20
233.189206
 30
0.0
 10
28.430238
 20
233.119217
 30
0.0
 10
28.378312
 20
233.009931
 30
0.0
 10
28.364844
 20
232.890148
 30
0.0
  0
SPLINE
  5
e06
100
AcDbEntity
  8
0
 62
7
100
AcDbSpline
 70
8
 71
3
 72
8
 73
4
 74
0
 40
0
 40
0
 40
0
 40
0
 40
1
 40
1
 40
1
 40
1
 10
28.364844
 20
232.890148
 30
0.0
 10
28.117811
 20
233.067051
 30
0.0
 10
27.805049
 20
233.177282
 30
0.0
 10
27.475023
 20
233.050467
 30
0.0
  0
SPLINE
  5
e07
100
AcDbEntity
  8
0
 62
7
100
AcDbSpline
 70
8
 71
3
 72
8
 73
4
 74
0
 40
0
 40
0
 40
0
 40
0
 40
1
 40
1
 40
1
 40
1
 10
27.475023
 20
233.050467
 30
0.0
 10
27.283074
 20
232.976532
 30
0.0
 10
27.235111
 20
232.846820
 30
0.0
 10
27.260201
 20
232.701762
 30
0.0
  0
SPLINE
  5
e08
100
AcDbEntity
  8
0
 62
7
100
AcDbSpline
 70
8
 71
3
 72
8
 73
4
 74
0
 40
0
 40
0
 40
0
 40
0
 40
1
 40
1
 40
1
 40
1
 10
27.260201
 20
232.701762
 30
0.0
 10
27.057671
 20
232.787201
 30
0.0
 10
26.838986
 20
232.814743
 30
0.0
 10
26.633064
 20
232.714337
 30
0.0
  0
SPLINE
  5
e09
100
AcDbEntity
  8
0
 62
7
100
AcDbSpline
 70
8
 71
3
 72
8
 73
4
 74
0
 40
0
 40
0
 40
0
 40
0
 40
1
 40
1
 40
1
 40
1
 10
26.633064
 20
232.714337
 30
0.0
 10
26.377568
 20
232.589474
 30
0.0
 10
26.408804
 20
232.365296
 30
0.0
 10
26.523705
 20
232.151509
 30
0.0
  0
SPLINE
  5
e0a
100
AcDbEntity
  8
0
 62
7
100
AcDbSpline
 70
8
 71
3
 72
8
 73
4
 74
0
 40
0
 40
0
 40
0
 40
0
 40
1
 40
1
 40
1
 40
1
 10
26.523705
 20
232.151509
 30
0.0
 10
26.350766
 20
232.200317
 30
0.0
 10
26.171109
 20
232.213584
 30
0.0
 10
26.007070
 20
232.153588
 30
0.0
  0
SPLINE
  5
e0b
100
AcDbEntity
  8
0
 62
7
100
AcDbSpline
 70
8
 71
3
 72
8
 73
4
 74
0
 40
0
 40
0
 40
0
 40
0
 40
1
 40
1
 40
1
 40
1
 10
26.007070
 20
232.153588
 30
0.0
 10
25.951853
 20
232.133372
 30
0.0
 10
25.909432
 20
232.106858
 30
0.0
 10
25.877088
 20
232.075475
 30
0.0
  0
SPLINE
  5
e0c
100
AcDbEntity
  8
0
 62
7
100
AcDbSpline
 70
8
 71
3
 72
8
 73
4
 74
0
 40
0
 40
0
 40
0
 40
0
 40
1
 40
1
 40
1
 40
1
 10
25.877088
 20
232.075475
 30
0.0
 10
26.145482
 20
232.446830
 30
0.0
 10
26.414379
 20
232.818207
 30
0.0
 10
26.682706
 20
233.189206
 30
0.0
  0
LINE
  5
e0d
100
AcDbEntity
  8
0
 62
7
100
AcDbLine
 10
26.682706
 20
233.189206
 30
0.0
 11
26.682706
 21
233.189206
 31
0.0
  0
LINE
  5
e0e
100
AcDbEntity
  8
0
 62
7
100
AcDbLine
 10
25.568054
 20
231.651848
 30
0.0
 11
25.568054
 21
231.651848
 31
0.0
  0
SPLINE
  5
e0f
100
AcDbEntity
  8
0
 62
7
100
AcDbSpline
 70
8
 71
3
 72
8
 73
4
 74
0
 40
0
 40
0
 40
0
 40
0
 40
1
 40
1
 40
1
 40
1
 10
25.818546
 20
231.998412
 30
0.0
 10
25.754361
 20
231.861394
 30
0.0
 10
25.806253
 20
231.678656
 30
0.0
 10
25.877122
 20
231.526985
 30
0.0
  0
LINE
  5
e10
100
AcDbEntity
  8
0
 62
7
100
AcDbLine
 10
25.877122
 20
231.526985
 30
0.0
 11
25.477705
 21
231.526985
 31
0.0
  0
SPLINE
  5
e11
100
AcDbEntity
  8
0
 62
7
100
AcDbSpline
 70
8
 71
3
 72
8
 73
4
 74
0
 40
0
 40
0
 40
0
 40
0
 40
1
 40
1
 40
1
 40
1
 10
25.477705
 20
231.526985
 30
0.0
 10
25.507833
 20
231.568823
 30
0.0
 10
25.537927
 20
231.610346
 30
0.0
 10
25.568054
 20
231.652163
 30
0.0
  0
SPLINE
  5
e12
100
AcDbEntity
  8
0
 62
7
100
AcDbSpline
 70
8
 71
3
 72
8
 73
4
 74
0
 40
0
 40
0
 40
0
 40
0
 40
1
 40
1
 40
1
 40
1
 10
25.568054
 20
231.652163
 30
0.0
 10
25.592069
 20
231.668516
 30
0.0
 10
25.605470
 20
231.688081
 30
0.0
 10
25.608762
 20
231.708297
 30
0.0
  0
SPLINE
  5
e13
100
AcDbEntity
  8
0
 62
7
100
AcDbSpline
 70
8
 71
3
 72
8
 73
4
 74
0
 40
0
 40
0
 40
0
 40
0
 40
1
 40
1
 40
1
 40
1
 10
25.608762
 20
231.708297
 30
0.0
 10
25.678522
 20
231.805240
 30
0.0
 10
25.748819
 20
231.901805
 30
0.0
 10
25.818546
 20
231.998412
 30
0.0
  0
LINE
  5
e14
100
AcDbEntity
  8
0
 62
7
100
AcDbLine
 10
25.818546
 20
231.998412
 30
0.0
 11
25.818546
 21
231.998412
 31
0.0
  0
LINE
  5
e15
100
AcDbEntity
  8
0
 62
7
100
AcDbLine
 10
24.949281
 20
230.793259
 30
0.0
 11
24.948811
 21
230.792608
 31
0.0
  0
LINE
  5
e16
100
AcDbEntity
  8
0
 62
7
100
AcDbLine
 10
24.948811
 20
230.792608
 30
0.0
 11
24.948240
 21
230.792608
 31
0.0
  0
LINE
  5
e17
100
AcDbEntity
  8
0
 62
7
100
AcDbLine
 10
24.948240
 20
230.792608
 30
0.0
 11
24.949281
 21
230.793259
 31
0.0
  0
LINE
  5
e18
100
AcDbEntity
  8
0
 62
7
100
AcDbLine
 10
24.949281
 20
230.793259
 30
0.0
 11
24.949281
 21
230.793259
 31
0.0
  0
LINE
  5
e19
100
AcDbEntity
  8
0
 62
7
100
AcDbLine
 10
25.305874
 20
231.286350
 30
0.0
 11
25.787915
 21
231.286350
 31
0.0
  0
SPLINE
  5
e1a
100
AcDbEntity
  8
0
 62
7
100
AcDbSpline
 70
8
 71
3
 72
8
 73
4
 74
0
 40
0
 40
0
 40
0
 40
0
 40
1
 40
1
 40
1
 40
1
 10
25.787915
 20
231.286350
 30
0.0
 10
25.499302
 20
231.130691
 30
0.0
 10
25.219555
 20
230.966320
 30
0.0
 10
24.949281
 20
230.793259
 30
0.0
  0
SPLINE
  5
e1b
100
AcDbEntity
  8
0
 62
7
100
AcDbSpline
 70
8
 71
3
 72
8
 73
4
 74
0
 40
0
 40
0
 40
0
 40
0
 40
1
 40
1
 40
1
 40
1
 10
24.949281
 20
230.793259
 30
0.0
 10
25.067977
 20
230.957630
 30
0.0
 10
25.187211
 20
231.122000
 30
0.0
 10
25.305874
 20
231.286350
 30
0.0
  0
LINE
  5
e1c
100
AcDbEntity
  8
0
 62
7
100
AcDbLine
 10
25.305874
 20
231.286350
 30
0.0
 11
25.305874
 21
231.286350
 31
0.0
  0
SPLINE
  5
e1d
100
AcDbEntity
  8
0
 62
7
100
AcDbSpline
 70
8
 71
3
 72
8
 73
4
 74
0
 40
0
 40
0
 40
0
 40
0
 40
1
 40
1
 40
1
 40
1
 10
24.623185
 20
230.237590
 30
0.0
 10
24.741948
 20
230.324415
 30
0.0
 10
24.863500
 20
230.409392
 30
0.0
 10
24.987301
 20
230.492333
 30
0.0
  0
SPLINE
  5
e1e
100
AcDbEntity
  8
0
 62
7
100
AcDbSpline
 70
8
 71
3
 72
8
 73
4
 74
0
 40
0
 40
0
 40
0
 40
0
 40
1
 40
1
 40
1
 40
1
 10
24.987301
 20
230.492333
 30
0.0
 10
25.041410
 20
230.307201
 30
0.0
 10
25.094948
 20
230.122342
 30
0.0
 10
25.149124
 20
229.937189
 30
0.0
  0
SPLINE
  5
e1f
100
AcDbEntity
  8
0
 62
7
100
AcDbSpline
 70
8
 71
3
 72
8
 73
4
 74
0
 40
0
 40
0
 40
0
 40
0
 40
1
 40
1
 40
1
 40
1
 10
25.149124
 20
229.937189
 30
0.0
 10
24.973967
 20
230.037260
 30
0.0
 10
24.798710
 20
230.137373
 30
0.0
 10
24.623185
 20
230.237590
 30
0.0
  0
LINE
  5
e20
100
AcDbEntity
  8
0
 62
7
100
AcDbLine
 10
24.623185
 20
230.237590
 30
0.0
 11
24.623185
 21
230.237590
 31
0.0
  0
SPLINE
  5
e21
100
AcDbEntity
  8
0
 62
7
100
AcDbSpline
 70
8
 71
3
 72
8
 73
4
 74
0
 40
0
 40
0
 40
0
 40
0
 40
1
 40
1
 40
1
 40
1
 10
24.299977
 20
229.897114
 30
0.0
 10
24.334034
 20
229.779263
 30
0.0
 10
24.367487
 20
229.661412
 30
0.0
 10
24.402081
 20
229.543560
 30
0.0
  0
LINE
  5
e22
100
AcDbEntity
  8
0
 62
7
100
AcDbLine
 10
24.402081
 20
229.543560
 30
0.0
 11
24.401511
 21
229.543204
 31
0.0
  0
SPLINE
  5
e23
100
AcDbEntity
  8
0
 62
7
100
AcDbSpline
 70
8
 71
3
 72
8
 73
4
 74
0
 40
0
 40
0
 40
0
 40
0
 40
1
 40
1
 40
1
 40
1
 10
24.401511
 20
229.543204
 30
0.0
 10
24.321137
 20
229.597280
 30
0.0
 10
24.240830
 20
229.650937
 30
0.0
 10
24.161028
 20
229.704971
 30
0.0
  0
SPLINE
  5
e24
100
AcDbEntity
  8
0
 62
7
100
AcDbSpline
 70
8
 71
3
 72
8
 73
4
 74
0
 40
0
 40
0
 40
0
 40
0
 40
1
 40
1
 40
1
 40
1
 10
24.161028
 20
229.704971
 30
0.0
 10
24.207310
 20
229.768809
 30
0.0
 10
24.253661
 20
229.832941
 30
0.0
 10
24.299977
 20
229.897114
 30
0.0
  0
LINE
  5
e25
100
AcDbEntity
  8
0
 62
7
100
AcDbLine
 10
24.299977
 20
229.897114
 30
0.0
 11
24.299977
 21
229.897114
 31
0.0
  0
LINE
  5
e26
100
AcDbEntity
  8
0
 62
7
100
AcDbLine
 10
27.408588
 20
239.717674
 30
0.0
 11
28.930046
 21
239.717674
 31
0.0
  0
SPLINE
  5
e27
100
AcDbEntity
  8
0
 62
7
100
AcDbSpline
 70
8
 71
3
 72
8
 73
4
 74
0
 40
0
 40
0
 40
0
 40
0
 40
1
 40
1
 40
1
 40
1
 10
28.930046
 20
239.717674
 30
0.0
 10
28.379991
 20
239.459971
 30
0.0
 10
27.829803
 20
239.201576
 30
0.0
 10
27.280286
 20
238.943558
 30
0.0
  0
LINE
  5
e28
100
AcDbEntity
  8
0
 62
7
100
AcDbLine
 10
27.280286
 20
238.943558
 30
0.0
 11
27.123535
 21
238.943558
 31
0.0
  0
SPLINE
  5
e29
100
AcDbEntity
  8
0
 62
7
100
AcDbSpline
 70
8
 71
3
 72
8
 73
4
 74
0
 40
0
 40
0
 40
0
 40
0
 40
1
 40
1
 40
1
 40
1
 10
27.123535
 20
238.943558
 30
0.0
 10
27.218922
 20
239.201576
 30
0.0
 10
27.313772
 20
239.459615
 30
0.0
 10
27.408588
 20
239.717674
 30
0.0
  0
LINE
  5
e2a
100
AcDbEntity
  8
0
 62
7
100
AcDbLine
 10
27.408588
 20
239.717674
 30
0.0
 11
27.408588
 21
239.717674
 31
0.0
  0
SPLINE
  5
e2b
100
AcDbEntity
  8
0
 62
7
100
AcDbSpline
 70
8
 71
3
 72
8
 73
4
 74
0
 40
0
 40
0
 40
0
 40
0
 40
1
 40
1
 40
1
 40
1
 10
27.137474
 20
238.213023
 30
0.0
 10
27.296475
 20
238.123763
 30
0.0
 10
27.455476
 20
238.034839
 30
0.0
 10
27.615047
 20
237.945916
 30
0.0
  0
LINE
  5
e2c
100
AcDbEntity
  8
0
 62
7
100
AcDbLine
 10
27.615047
 20
237.945916
 30
0.0
 11
27.615047
 21
237.776801
 31
0.0
  0
SPLINE
  5
e2d
100
AcDbEntity
  8
0
 62
7
100
AcDbSpline
 70
8
 71
3
 72
8
 73
4
 74
0
 40
0
 40
0
 40
0
 40
0
 40
1
 40
1
 40
1
 40
1
 10
27.615047
 20
237.776801
 30
0.0
 10
27.390216
 20
237.898158
 30
0.0
 10
27.165418
 20
238.019851
 30
0.0
 10
26.940553
 20
238.141565
 30
0.0
  0
SPLINE
  5
e2e
100
AcDbEntity
  8
0
 62
7
100
AcDbSpline
 70
8
 71
3
 72
8
 73
4
 74
0
 40
0
 40
0
 40
0
 40
0
 40
1
 40
1
 40
1
 40
1
 10
26.940553
 20
238.141565
 30
0.0
 10
27.006417
 20
238.165244
 30
0.0
 10
27.072248
 20
238.189301
 30
0.0
 10
27.137474
 20
238.213023
 30
0.0
  0
LINE
  5
e2f
100
AcDbEntity
  8
0
 62
7
100
AcDbLine
 10
27.137474
 20
238.213023
 30
0.0
 11
27.137474
 21
238.213023
 31
0.0
  0
LINE
  5
e30
100
AcDbEntity
  8
0
 62
7
100
AcDbLine
 10
26.204662
 20
236.879586
 30
0.0
 11
26.204662
 21
235.966332
 31
0.0
  0
LINE
  5
e31
100
AcDbEntity
  8
0
 62
7
100
AcDbLine
 10
26.204662
 20
235.966332
 30
0.0
 11
25.196515
 21
235.966332
 31
0.0
  0
LINE
  5
e32
100
AcDbEntity
  8
0
 62
7
100
AcDbLine
 10
25.196515
 20
235.966332
 30
0.0
 11
25.195977
 21
235.966332
 31
0.0
  0
LINE
  5
e33
100
AcDbEntity
  8
0
 62
7
100
AcDbLine
 10
25.195977
 20
235.966332
 30
0.0
 11
25.195977
 21
236.866675
 31
0.0
  0
LINE
  5
e34
100
AcDbEntity
  8
0
 62
7
100
AcDbLine
 10
25.195977
 20
236.866675
 30
0.0
 11
25.195977
 21
236.879586
 31
0.0
  0
LINE
  5
e35
100
AcDbEntity
  8
0
 62
7
100
AcDbLine
 10
25.195977
 20
236.879586
 30
0.0
 11
25.498899
 21
236.879586
 31
0.0
  0
LINE
  5
e36
100
AcDbEntity
  8
0
 62
7
100
AcDbLine
 10
25.498899
 20
236.879586
 30
0.0
 11
26.204662
 21
236.879586
 31
0.0
  0
LINE
  5
e37
100
AcDbEntity
  8
0
 62
7
100
AcDbLine
 10
26.204662
 20
236.879586
 30
0.0
 11
26.204662
 21
236.879586
 31
0.0
  0
LINE
  5
e38
100
AcDbEntity
  8
0
 62
7
100
AcDbLine
 10
25.195977
 20
235.727817
 30
0.0
 11
26.204091
 21
235.727817
 31
0.0
  0
LINE
  5
e39
100
AcDbEntity
  8
0
 62
7
100
AcDbLine
 10
26.204091
 20
235.727817
 30
0.0
 11
26.204091
 21
235.466986
 31
0.0
  0
LINE
  5
e3a
100
AcDbEntity
  8
0
 62
7
100
AcDbLine
 10
26.204091
 20
235.466986
 30
0.0
 11
25.195977
 21
235.466986
 31
0.0
  0
LINE
  5
e3b
100
AcDbEntity
  8
0
 62
7
100
AcDbLine
 10
25.195977
 20
235.466986
 30
0.0
 11
25.195977
 21
235.727817
 31
0.0
  0
LINE
  5
e3c
100
AcDbEntity
  8
0
 62
7
100
AcDbLine
 10
25.195977
 20
235.727817
 30
0.0
 11
25.195977
 21
235.727817
 31
0.0
  0
LINE
  5
e3d
100
AcDbEntity
  8
0
 62
7
100
AcDbLine
 10
25.195977
 20
235.228806
 30
0.0
 11
25.923505
 21
235.228806
 31
0.0
  0
LINE
  5
e3e
100
AcDbEntity
  8
0
 62
7
100
AcDbLine
 10
25.923505
 20
235.228806
 30
0.0
 11
26.204662
 21
235.228806
 31
0.0
  0
LINE
  5
e3f
100
AcDbEntity
  8
0
 62
7
100
AcDbLine
 10
26.204662
 20
235.228806
 30
0.0
 11
26.204662
 21
235.204413
 31
0.0
  0
LINE
  5
e40
100
AcDbEntity
  8
0
 62
7
100
AcDbLine
 10
26.204662
 20
235.204413
 30
0.0
 11
25.196515
 21
235.204413
 31
0.0
  0
LINE
  5
e41
100
AcDbEntity
  8
0
 62
7
100
AcDbLine
 10
25.196515
 20
235.204413
 30
0.0
 11
25.195977
 21
235.204413
 31
0.0
  0
LINE
  5
e42
100
AcDbEntity
  8
0
 62
7
100
AcDbLine
 10
25.195977
 20
235.204413
 30
0.0
 11
25.195977
 21
235.228806
 31
0.0
  0
LINE
  5
e43
100
AcDbEntity
  8
0
 62
7
100
AcDbLine
 10
25.195977
 20
235.228806
 30
0.0
 11
25.195977
 21
235.228806
 31
0.0
  0
LINE
  5
e44
100
AcDbEntity
  8
0
 62
7
100
AcDbLine
 10
25.195977
 20
234.965541
 30
0.0
 11
25.694711
 21
234.965541
 31
0.0
  0
LINE
  5
e45
100
AcDbEntity
  8
0
 62
7
100
AcDbLine
 10
25.694711
 20
234.965541
 30
0.0
 11
25.905066
 21
234.965541
 31
0.0
  0
SPLINE
  5
e46
100
AcDbEntity
  8
0
 62
7
100
AcDbSpline
 70
8
 71
3
 72
8
 73
4
 74
0
 40
0
 40
0
 40
0
 40
0
 40
1
 40
1
 40
1
 40
1
 10
25.905066
 20
234.965541
 30
0.0
 10
25.781197
 20
234.886714
 30
0.0
 10
25.658437
 20
234.808265
 30
0.0
 10
25.534635
 20
234.729481
 30
0.0
  0
SPLINE
  5
e47
100
AcDbEntity
  8
0
 62
7
100
AcDbSpline
 70
8
 71
3
 72
8
 73
4
 74
0
 40
0
 40
0
 40
0
 40
0
 40
1
 40
1
 40
1
 40
1
 10
25.534635
 20
234.729481
 30
0.0
 10
25.421917
 20
234.790842
 30
0.0
 10
25.308695
 20
234.852203
 30
0.0
 10
25.195977
 20
234.913941
 30
0.0
  0
LINE
  5
e48
100
AcDbEntity
  8
0
 62
7
100
AcDbLine
 10
25.195977
 20
234.913941
 30
0.0
 11
25.195977
 21
234.965541
 31
0.0
  0
LINE
  5
e49
100
AcDbEntity
  8
0
 62
7
100
AcDbLine
 10
25.195977
 20
234.965541
 30
0.0
 11
25.195977
 21
234.965541
 31
0.0
  0
LINE
  5
e4a
100
AcDbEntity
  8
0
 62
7
100
AcDbLine
 10
24.860074
 20
234.798483
 30
0.0
 11
24.860074
 21
234.392973
 31
0.0
  0
SPLINE
  5
e4b
100
AcDbEntity
  8
0
 62
7
100
AcDbSpline
 70
8
 71
3
 72
8
 73
4
 74
0
 40
0
 40
0
 40
0
 40
0
 40
1
 40
1
 40
1
 40
1
 10
24.860074
 20
234.392973
 30
0.0
 10
24.733451
 20
234.476670
 30
0.0
 10
24.606794
 20
234.560702
 30
0.0
 10
24.480138
 20
234.644399
 30
0.0
  0
SPLINE
  5
e4c
100
AcDbEntity
  8
0
 62
7
100
AcDbSpline
 70
8
 71
3
 72
8
 73
4
 74
0
 40
0
 40
0
 40
0
 40
0
 40
1
 40
1
 40
1
 40
1
 10
24.480138
 20
234.644399
 30
0.0
 10
24.586676
 20
234.706809
 30
0.0
 10
24.692676
 20
234.769241
 30
0.0
 10
24.799315
 20
234.831630
 30
0.0
  0
SPLINE
  5
e4d
100
AcDbEntity
  8
0
 62
7
100
AcDbSpline
 70
8
 71
3
 72
8
 73
4
 74
0
 40
0
 40
0
 40
0
 40
0
 40
1
 40
1
 40
1
 40
1
 10
24.799315
 20
234.831630
 30
0.0
 10
24.819400
 20
234.820483
 30
0.0
 10
24.839418
 20
234.809651
 30
0.0
 10
24.860074
 20
234.798483
 30
0.0
  0
LINE
  5
e4e
100
AcDbEntity
  8
0
 62
7
100
AcDbLine
 10
24.860074
 20
234.798483
 30
0.0
 11
24.860074
 21
234.798483
 31
0.0
  0
SPLINE
  5
e4f
100
AcDbEntity
  8
0
 62
7
100
AcDbSpline
 70
8
 71
3
 72
8
 73
4
 74
0
 40
0
 40
0
 40
0
 40
0
 40
1
 40
1
 40
1
 40
1
 10
23.999810
 20
233.430198
 30
0.0
 10
24.090193
 20
233.487739
 30
0.0
 10
24.180038
 20
233.545279
 30
0.0
 10
24.270387
 20
233.603176
 30
0.0
  0
SPLINE
  5
e50
100
AcDbEntity
  8
0
 62
7
100
AcDbSpline
 70
8
 71
3
 72
8
 73
4
 74
0
 40
0
 40
0
 40
0
 40
0
 40
1
 40
1
 40
1
 40
1
 10
24.270387
 20
233.603176
 30
0.0
 10
24.368024
 20
233.545279
 30
0.0
 10
24.465662
 20
233.488074
 30
0.0
 10
24.563299
 20
233.430198
 30
0.0
  0
LINE
  5
e51
100
AcDbEntity
  8
0
 62
7
100
AcDbLine
 10
24.563299
 20
233.430198
 30
0.0
 11
24.499148
 21
233.430198
 31
0.0
  0
LINE
  5
e52
100
AcDbEntity
  8
0
 62
7
100
AcDbLine
 10
24.499148
 20
233.430198
 30
0.0
 11
23.999810
 21
233.430198
 31
0.0
  0
LINE
  5
e53
100
AcDbEntity
  8
0
 62
7
100
AcDbLine
 10
23.999810
 20
233.430198
 30
0.0
 11
23.999810
 21
233.430198
 31
0.0
  0
SPLINE
  5
e54
100
AcDbEntity
  8
0
 62
7
100
AcDbSpline
 70
8
 71
3
 72
8
 73
4
 74
0
 40
0
 40
0
 40
0
 40
0
 40
1
 40
1
 40
1
 40
1
 10
23.626020
 20
232.845077
 30
0.0
 10
23.677912
 20
232.798348
 30
0.0
 10
23.729233
 20
232.751619
 30
0.0
 10
23.781125
 20
232.704533
 30
0.0
  0
SPLINE
  5
e55
100
AcDbEntity
  8
0
 62
7
100
AcDbSpline
 70
8
 71
3
 72
8
 73
4
 74
0
 40
0
 40
0
 40
0
 40
0
 40
1
 40
1
 40
1
 40
1
 10
23.781125
 20
232.704533
 30
0.0
 10
23.729233
 20
232.657804
 30
0.0
 10
23.677912
 20
232.611075
 30
0.0
 10
23.626020
 20
232.564346
 30
0.0
  0
SPLINE
  5
e56
100
AcDbEntity
  8
0
 62
7
100
AcDbSpline
 70
8
 71
3
 72
8
 73
4
 74
0
 40
0
 40
0
 40
0
 40
0
 40
1
 40
1
 40
1
 40
1
 10
23.626020
 20
232.564346
 30
0.0
 10
23.574666
 20
232.611075
 30
0.0
 10
23.522774
 20
232.657804
 30
0.0
 10
23.471453
 20
232.704533
 30
0.0
  0
SPLINE
  5
e57
100
AcDbEntity
  8
0
 62
7
100
AcDbSpline
 70
8
 71
3
 72
8
 73
4
 74
0
 40
0
 40
0
 40
0
 40
0
 40
1
 40
1
 40
1
 40
1
 10
23.471453
 20
232.704533
 30
0.0
 10
23.522774
 20
232.751283
 30
0.0
 10
23.574666
 20
232.797970
 30
0.0
 10
23.626020
 20
232.845077
 30
0.0
  0
LINE
  5
e58
100
AcDbEntity
  8
0
 62
7
100
AcDbLine
 10
23.626020
 20
232.845077
 30
0.0
 11
23.626020
 21
232.845077
 31
0.0
  0
SPLINE
  5
e59
100
AcDbEntity
  8
0
 62
7
100
AcDbSpline
 70
8
 71
3
 72
8
 73
4
 74
0
 40
0
 40
0
 40
0
 40
0
 40
1
 40
1
 40
1
 40
1
 10
23.260157
 20
232.514342
 30
0.0
 10
23.311478
 20
232.467676
 30
0.0
 10
23.363303
 20
232.420653
 30
0.0
 10
23.415127
 20
232.373966
 30
0.0
  0
SPLINE
  5
e5a
100
AcDbEntity
  8
0
 62
7
100
AcDbSpline
 70
8
 71
3
 72
8
 73
4
 74
0
 40
0
 40
0
 40
0
 40
0
 40
1
 40
1
 40
1
 40
1
 10
23.415127
 20
232.373966
 30
0.0
 10
23.367736
 20
232.331792
 30
0.0
 10
23.320815
 20
232.288905
 30
0.0
 10
23.274499
 20
232.246710
 30
0.0
  0
LINE
  5
e5b
100
AcDbEntity
  8
0
 62
7
100
AcDbLine
 10
23.274499
 20
232.246710
 30
0.0
 11
23.246051
 21
232.246710
 31
0.0
  0
SPLINE
  5
e5c
100
AcDbEntity
  8
0
 62
7
100
AcDbSpline
 70
8
 71
3
 72
8
 73
4
 74
0
 40
0
 40
0
 40
0
 40
0
 40
1
 40
1
 40
1
 40
1
 10
23.246051
 20
232.246710
 30
0.0
 10
23.199197
 20
232.288905
 30
0.0
 10
23.152343
 20
232.331792
 30
0.0
 10
23.105455
 20
232.373966
 30
0.0
  0
SPLINE
  5
e5d
100
AcDbEntity
  8
0
 62
7
100
AcDbSpline
 70
8
 71
3
 72
8
 73
4
 74
0
 40
0
 40
0
 40
0
 40
0
 40
1
 40
1
 40
1
 40
1
 10
23.105455
 20
232.373966
 30
0.0
 10
23.157347
 20
232.420695
 30
0.0
 10
23.208668
 20
232.467424
 30
0.0
 10
23.260157
 20
232.514342
 30
0.0
  0
LINE
  5
e5e
100
AcDbEntity
  8
0
 62
7
100
AcDbLine
 10
23.260157
 20
232.514342
 30
0.0
 11
23.260157
 21
232.514342
 31
0.0
  0
SPLINE
  5
e5f
100
AcDbEntity
  8
0
 62
7
100
AcDbSpline
 70
8
 71
3
 72
8
 73
4
 74
0
 40
0
 40
0
 40
0
 40
0
 40
1
 40
1
 40
1
 40
1
 10
22.148629
 20
230.875213
 30
0.0
 10
22.176573
 20
230.855019
 30
0.0
 10
22.204417
 20
230.835118
 30
0.0
 10
22.231757
 20
230.815238
 30
0.0
  0
SPLINE
  5
e60
100
AcDbEntity
  8
0
 62
7
100
AcDbSpline
 70
8
 71
3
 72
8
 73
4
 74
0
 40
0
 40
0
 40
0
 40
0
 40
1
 40
1
 40
1
 40
1
 10
22.231757
 20
230.815238
 30
0.0
 10
22.150846
 20
230.816267
 30
0.0
 10
22.069968
 20
230.816624
 30
0.0
 10
21.988520
 20
230.817694
 30
0.0
  0
SPLINE
  5
e61
100
AcDbEntity
  8
0
 62
7
100
AcDbSpline
 70
8
 71
3
 72
8
 73
4
 74
0
 40
0
 40
0
 40
0
 40
0
 40
1
 40
1
 40
1
 40
1
 10
21.988520
 20
230.817694
 30
0.0
 10
22.042091
 20
230.836524
 30
0.0
 10
22.095091
 20
230.856068
 30
0.0
 10
22.148629
 20
230.875213
 30
0.0
  0
LINE
  5
e62
100
AcDbEntity
  8
0
 62
7
100
AcDbLine
 10
22.148629
 20
230.875213
 30
0.0
 11
22.148629
 21
230.875213
 31
0.0
  0
SPLINE
  5
e63
100
AcDbEntity
  8
0
 62
7
100
AcDbSpline
 70
8
 71
3
 72
8
 73
4
 74
0
 40
0
 40
0
 40
0
 40
0
 40
1
 40
1
 40
1
 40
1
 10
21.659837
 20
230.336485
 30
0.0
 10
21.766409
 20
230.372424
 30
0.0
 10
21.872376
 20
230.407986
 30
0.0
 10
21.978947
 20
230.443568
 30
0.0
  0
SPLINE
  5
e64
100
AcDbEntity
  8
0
 62
7
100
AcDbSpline
 70
8
 71
3
 72
8
 73
4
 74
0
 40
0
 40
0
 40
0
 40
0
 40
1
 40
1
 40
1
 40
1
 10
21.978947
 20
230.443568
 30
0.0
 10
21.809333
 20
230.215149
 30
0.0
 10
21.640290
 20
229.987109
 30
0.0
 10
21.470810
 20
229.758670
 30
0.0
  0
LINE
  5
e65
100
AcDbEntity
  8
0
 62
7
100
AcDbLine
 10
21.470810
 20
229.758670
 30
0.0
 11
21.233652
 21
229.758670
 31
0.0
  0
SPLINE
  5
e66
100
AcDbEntity
  8
0
 62
7
100
AcDbSpline
 70
8
 71
3
 72
8
 73
4
 74
0
 40
0
 40
0
 40
0
 40
0
 40
1
 40
1
 40
1
 40
1
 10
21.233652
 20
229.758670
 30
0.0
 10
21.307342
 20
229.858048
 30
0.0
 10
21.380427
 20
229.957783
 30
0.0
 10
21.454016
 20
230.057182
 30
0.0
  0
SPLINE
  5
e67
100
AcDbEntity
  8
0
 62
7
100
AcDbSpline
 70
8
 71
3
 72
8
 73
4
 74
0
 40
0
 40
0
 40
0
 40
0
 40
1
 40
1
 40
1
 40
1
 10
21.454016
 20
230.057182
 30
0.0
 10
21.522634
 20
230.150640
 30
0.0
 10
21.591253
 20
230.243405
 30
0.0
 10
21.659837
 20
230.336485
 30
0.0
  0
LINE
  5
e68
100
AcDbEntity
  8
0
 62
7
100
AcDbLine
 10
21.659837
 20
230.336485
 30
0.0
 11
21.659837
 21
230.336485
 31
0.0
  0
LINE
  5
e69
100
AcDbEntity
  8
0
 62
7
100
AcDbLine
 10
21.056850
 20
229.520532
 30
0.0
 11
21.293403
 21
229.520532
 31
0.0
  0
SPLINE
  5
e6a
100
AcDbEntity
  8
0
 62
7
100
AcDbSpline
 70
8
 71
3
 72
8
 73
4
 74
0
 40
0
 40
0
 40
0
 40
0
 40
1
 40
1
 40
1
 40
1
 10
21.293403
 20
229.520532
 30
0.0
 10
21.284503
 20
229.507601
 30
0.0
 10
21.274393
 20
229.495089
 30
0.0
 10
21.265492
 20
229.482179
 30
0.0
  0
LINE
  5
e6b
100
AcDbEntity
  8
0
 62
7
100
AcDbLine
 10
21.265492
 20
229.482179
 30
0.0
 11
21.028905
 21
229.482179
 31
0.0
  0
SPLINE
  5
e6c
100
AcDbEntity
  8
0
 62
7
100
AcDbSpline
 70
8
 71
3
 72
8
 73
4
 74
0
 40
0
 40
0
 40
0
 40
0
 40
1
 40
1
 40
1
 40
1
 10
21.028905
 20
229.482179
 30
0.0
 10
21.037840
 20
229.494753
 30
0.0
 10
21.047916
 20
229.507601
 30
0.0
 10
21.056850
 20
229.520532
 30
0.0
  0
LINE
  5
e6d
100
AcDbEntity
  8
0
 62
7
100
AcDbLine
 10
21.056850
 20
229.520532
 30
0.0
 11
21.056850
 21
229.520532
 31
0.0
  0
SPLINE
  5
e6e
100
AcDbEntity
  8
0
 62
7
100
AcDbSpline
 70
8
 71
3
 72
8
 73
4
 74
0
 40
0
 40
0
 40
0
 40
0
 40
1
 40
1
 40
1
 40
1
 10
20.852036
 20
229.243621
 30
0.0
 10
20.930697
 20
229.243621
 30
0.0
 10
21.009358
 20
229.243621
 30
0.0
 10
21.087918
 20
229.243495
 30
0.0
  0
SPLINE
  5
e6f
100
AcDbEntity
  8
0
 62
7
100
AcDbSpline
 70
8
 71
3
 72
8
 73
4
 74
0
 40
0
 40
0
 40
0
 40
0
 40
1
 40
1
 40
1
 40
1
 10
21.087918
 20
229.243495
 30
0.0
 10
20.939027
 20
229.042325
 30
0.0
 10
20.790068
 20
228.841554
 30
0.0
 10
20.640573
 20
228.640383
 30
0.0
  0
SPLINE
  5
e70
100
AcDbEntity
  8
0
 62
7
100
AcDbSpline
 70
8
 71
3
 72
8
 73
4
 74
0
 40
0
 40
0
 40
0
 40
0
 40
1
 40
1
 40
1
 40
1
 10
20.640573
 20
228.640383
 30
0.0
 10
20.535680
 20
228.603059
 30
0.0
 10
20.430251
 20
228.565755
 30
0.0
 10
20.324250
 20
228.528452
 30
0.0
  0
SPLINE
  5
e71
100
AcDbEntity
  8
0
 62
7
100
AcDbSpline
 70
8
 71
3
 72
8
 73
4
 74
0
 40
0
 40
0
 40
0
 40
0
 40
1
 40
1
 40
1
 40
1
 10
20.324250
 20
228.528452
 30
0.0
 10
20.500548
 20
228.766947
 30
0.0
 10
20.676309
 20
229.005147
 30
0.0
 10
20.852036
 20
229.243621
 30
0.0
  0
LINE
  5
e72
100
AcDbEntity
  8
0
 62
7
100
AcDbLine
 10
20.852036
 20
229.243621
 30
0.0
 11
20.852036
 21
229.243621
 31
0.0
  0
LINE
  5
e73
100
AcDbEntity
  8
0
 62
7
100
AcDbLine
 10
20.054782
 20
228.161988
 30
0.0
 11
20.285793
 21
228.161988
 31
0.0
  0
SPLINE
  5
e74
100
AcDbEntity
  8
0
 62
7
100
AcDbSpline
 70
8
 71
3
 72
8
 73
4
 74
0
 40
0
 40
0
 40
0
 40
0
 40
1
 40
1
 40
1
 40
1
 10
20.285793
 20
228.161988
 30
0.0
 10
20.272392
 20
228.143850
 30
0.0
 10
20.258991
 20
228.125734
 30
0.0
 10
20.245623
 20
228.107932
 30
0.0
  0
SPLINE
  5
e75
100
AcDbEntity
  8
0
 62
7
100
AcDbSpline
 70
8
 71
3
 72
8
 73
4
 74
0
 40
0
 40
0
 40
0
 40
0
 40
1
 40
1
 40
1
 40
1
 10
20.245623
 20
228.107932
 30
0.0
 10
20.235077
 20
228.094308
 30
0.0
 10
20.224967
 20
228.080726
 30
0.0
 10
20.215496
 20
228.067123
 30
0.0
  0
SPLINE
  5
e76
100
AcDbEntity
  8
0
 62
7
100
AcDbSpline
 70
8
 71
3
 72
8
 73
4
 74
0
 40
0
 40
0
 40
0
 40
0
 40
1
 40
1
 40
1
 40
1
 10
20.215496
 20
228.067123
 30
0.0
 10
20.167533
 20
228.050749
 30
0.0
 10
20.118966
 20
228.034669
 30
0.0
 10
20.071004
 20
228.018652
 30
0.0
  0
LINE
  5
e77
100
AcDbEntity
  8
0
 62
7
100
AcDbLine
 10
20.071004
 20
228.018652
 30
0.0
 11
19.948781
 21
228.018652
 31
0.0
  0
SPLINE
  5
e78
100
AcDbEntity
  8
0
 62
7
100
AcDbSpline
 70
8
 71
3
 72
8
 73
4
 74
0
 40
0
 40
0
 40
0
 40
0
 40
1
 40
1
 40
1
 40
1
 10
19.948781
 20
228.018652
 30
0.0
 10
19.984484
 20
228.066430
 30
0.0
 10
20.019616
 20
228.114188
 30
0.0
 10
20.054782
 20
228.161988
 30
0.0
  0
LINE
  5
e79
100
AcDbEntity
  8
0
 62
7
100
AcDbLine
 10
20.054782
 20
228.161988
 30
0.0
 11
20.054782
 21
228.161988
 31
0.0
  0
SPLINE
  5
e7a
100
AcDbEntity
  8
0
 62
7
100
AcDbSpline
 70
8
 71
3
 72
8
 73
4
 74
0
 40
0
 40
0
 40
0
 40
0
 40
1
 40
1
 40
1
 40
1
 10
19.651469
 20
227.615199
 30
0.0
 10
19.730096
 20
227.641712
 30
0.0
 10
19.808791
 20
227.667512
 30
0.0
 10
19.886309
 20
227.694025
 30
0.0
  0
SPLINE
  5
e7b
100
AcDbEntity
  8
0
 62
7
100
AcDbSpline
 70
8
 71
3
 72
8
 73
4
 74
0
 40
0
 40
0
 40
0
 40
0
 40
1
 40
1
 40
1
 40
1
 10
19.886309
 20
227.694025
 30
0.0
 10
19.898031
 20
227.685649
 30
0.0
 10
19.909182
 20
227.677651
 30
0.0
 10
19.920904
 20
227.669632
 30
0.0
  0
SPLINE
  5
e7c
100
AcDbEntity
  8
0
 62
7
100
AcDbSpline
 70
8
 71
3
 72
8
 73
4
 74
0
 40
0
 40
0
 40
0
 40
0
 40
1
 40
1
 40
1
 40
1
 10
19.920904
 20
227.669632
 30
0.0
 10
19.761937
 20
227.455488
 30
0.0
 10
19.602936
 20
227.241765
 30
0.0
 10
19.444506
 20
227.027642
 30
0.0
  0
LINE
  5
e7d
100
AcDbEntity
  8
0
 62
7
100
AcDbLine
 10
19.444506
 20
227.027642
 30
0.0
 11
19.217391
 21
227.027642
 31
0.0
  0
SPLINE
  5
e7e
100
AcDbEntity
  8
0
 62
7
100
AcDbSpline
 70
8
 71
3
 72
8
 73
4
 74
0
 40
0
 40
0
 40
0
 40
0
 40
1
 40
1
 40
1
 40
1
 10
19.217391
 20
227.027642
 30
0.0
 10
19.362453
 20
227.223627
 30
0.0
 10
19.506944
 20
227.419612
 30
0.0
 10
19.651469
 20
227.615199
 30
0.0
  0
LINE
  5
e7f
100
AcDbEntity
  8
0
 62
7
100
AcDbLine
 10
19.651469
 20
227.615199
 30
0.0
 11
19.651469
 21
227.615199
 31
0.0
  0
LINE
  5
e80
100
AcDbEntity
  8
0
 62
7
100
AcDbLine
 10
19.041630
 20
226.788770
 30
0.0
 11
19.267570
 21
226.788770
 31
0.0
  0
SPLINE
  5
e81
100
AcDbEntity
  8
0
 62
7
100
AcDbSpline
 70
8
 71
3
 72
8
 73
4
 74
0
 40
0
 40
0
 40
0
 40
0
 40
1
 40
1
 40
1
 40
1
 10
19.267570
 20
226.788770
 30
0.0
 10
19.248559
 20
226.762613
 30
0.0
 10
19.229079
 20
226.736835
 30
0.0
 10
19.209498
 20
226.710657
 30
0.0
  0
LINE
  5
e82
100
AcDbEntity
  8
0
 62
7
100
AcDbLine
 10
19.209498
 20
226.710657
 30
0.0
 11
18.984129
 21
226.710657
 31
0.0
  0
SPLINE
  5
e83
100
AcDbEntity
  8
0
 62
7
100
AcDbSpline
 70
8
 71
3
 72
8
 73
4
 74
0
 40
0
 40
0
 40
0
 40
0
 40
1
 40
1
 40
1
 40
1
 10
18.984129
 20
226.710657
 30
0.0
 10
19.003139
 20
226.736835
 30
0.0
 10
19.022620
 20
226.762970
 30
0.0
 10
19.041630
 20
226.788770
 30
0.0
  0
LINE
  5
e84
100
AcDbEntity
  8
0
 62
7
100
AcDbLine
 10
19.041630
 20
226.788770
 30
0.0
 11
19.041630
 21
226.788770
 31
0.0
  0
LINE
  5
e85
100
AcDbEntity
  8
0
 62
7
100
AcDbLine
 10
18.808939
 20
226.472120
 30
0.0
 11
19.033267
 21
226.472120
 31
0.0
  0
SPLINE
  5
e86
100
AcDbEntity
  8
0
 62
7
100
AcDbSpline
 70
8
 71
3
 72
8
 73
4
 74
0
 40
0
 40
0
 40
0
 40
0
 40
1
 40
1
 40
1
 40
1
 10
19.033267
 20
226.472120
 30
0.0
 10
18.874803
 20
226.259111
 30
0.0
 10
18.716911
 20
226.046374
 30
0.0
 10
18.559018
 20
225.832965
 30
0.0
  0
SPLINE
  5
e87
100
AcDbEntity
  8
0
 62
7
100
AcDbSpline
 70
8
 71
3
 72
8
 73
4
 74
0
 40
0
 40
0
 40
0
 40
0
 40
1
 40
1
 40
1
 40
1
 10
18.559018
 20
225.832965
 30
0.0
 10
18.457485
 20
225.795997
 30
0.0
 10
18.355951
 20
225.758694
 30
0.0
 10
18.254384
 20
225.721369
 30
0.0
  0
SPLINE
  5
e88
100
AcDbEntity
  8
0
 62
7
100
AcDbSpline
 70
8
 71
3
 72
8
 73
4
 74
0
 40
0
 40
0
 40
0
 40
0
 40
1
 40
1
 40
1
 40
1
 10
18.254384
 20
225.721369
 30
0.0
 10
18.398338
 20
225.916662
 30
0.0
 10
18.542796
 20
226.111912
 30
0.0
 10
18.686817
 20
226.307204
 30
0.0
  0
SPLINE
  5
e89
100
AcDbEntity
  8
0
 62
7
100
AcDbSpline
 70
8
 71
3
 72
8
 73
4
 74
0
 40
0
 40
0
 40
0
 40
0
 40
1
 40
1
 40
1
 40
1
 10
18.686817
 20
226.307204
 30
0.0
 10
18.727491
 20
226.361973
 30
0.0
 10
18.768265
 20
226.417015
 30
0.0
 10
18.808939
 20
226.472120
 30
0.0
  0
LINE
  5
e8a
100
AcDbEntity
  8
0
 62
7
100
AcDbLine
 10
18.808939
 20
226.472120
 30
0.0
 11
18.808939
 21
226.472120
 31
0.0
  0
SPLINE
  5
e8b
100
AcDbEntity
  8
0
 62
7
100
AcDbSpline
 70
8
 71
3
 72
8
 73
4
 74
0
 40
0
 40
0
 40
0
 40
0
 40
1
 40
1
 40
1
 40
1
 10
17.919623
 20
225.268437
 30
0.0
 10
17.953680
 20
225.244023
 30
0.0
 10
17.987132
 20
225.219966
 30
0.0
 10
18.021190
 20
225.195531
 30
0.0
  0
LINE
  5
e8c
100
AcDbEntity
  8
0
 62
7
100
AcDbLine
 10
18.021190
 20
225.195531
 30
0.0
 11
17.866085
 21
225.195531
 31
0.0
  0
SPLINE
  5
e8d
100
AcDbEntity
  8
0
 62
7
100
AcDbSpline
 70
8
 71
3
 72
8
 73
4
 74
0
 40
0
 40
0
 40
0
 40
0
 40
1
 40
1
 40
1
 40
1
 10
17.866085
 20
225.195531
 30
0.0
 10
17.883886
 20
225.219945
 30
0.0
 10
17.901754
 20
225.243981
 30
0.0
 10
17.919623
 20
225.268437
 30
0.0
  0
LINE
  5
e8e
100
AcDbEntity
  8
0
 62
7
100
AcDbLine
 10
17.919623
 20
225.268437
 30
0.0
 11
17.919623
 21
225.268437
 31
0.0
  0
SPLINE
  5
e8f
100
AcDbEntity
  8
0
 62
7
100
AcDbSpline
 70
8
 71
3
 72
8
 73
4
 74
0
 40
0
 40
0
 40
0
 40
0
 40
1
 40
1
 40
1
 40
1
 10
17.519030
 20
224.725490
 30
0.0
 10
17.614451
 20
224.760001
 30
0.0
 10
17.710376
 20
224.794555
 30
0.0
 10
17.805796
 20
224.829045
 30
0.0
  0
SPLINE
  5
e90
100
AcDbEntity
  8
0
 62
7
100
AcDbSpline
 70
8
 71
3
 72
8
 73
4
 74
0
 40
0
 40
0
 40
0
 40
0
 40
1
 40
1
 40
1
 40
1
 10
17.805796
 20
224.829045
 30
0.0
 10
17.807476
 20
224.827660
 30
0.0
 10
17.809121
 20
224.826253
 30
0.0
 10
17.811405
 20
224.824868
 30
0.0
  0
SPLINE
  5
e91
100
AcDbEntity
  8
0
 62
7
100
AcDbSpline
 70
8
 71
3
 72
8
 73
4
 74
0
 40
0
 40
0
 40
0
 40
0
 40
1
 40
1
 40
1
 40
1
 10
17.811405
 20
224.824868
 30
0.0
 10
17.711551
 20
224.690936
 30
0.0
 10
17.612201
 20
224.557047
 30
0.0
 10
17.512884
 20
224.422800
 30
0.0
  0
SPLINE
  5
e92
100
AcDbEntity
  8
0
 62
7
100
AcDbSpline
 70
8
 71
3
 72
8
 73
4
 74
0
 40
0
 40
0
 40
0
 40
0
 40
1
 40
1
 40
1
 40
1
 10
17.512884
 20
224.422800
 30
0.0
 10
17.399662
 20
224.270417
 30
0.0
 10
17.286407
 20
224.118033
 30
0.0
 10
17.173151
 20
223.965292
 30
0.0
  0
SPLINE
  5
e93
100
AcDbEntity
  8
0
 62
7
100
AcDbSpline
 70
8
 71
3
 72
8
 73
4
 74
0
 40
0
 40
0
 40
0
 40
0
 40
1
 40
1
 40
1
 40
1
 10
17.173151
 20
223.965292
 30
0.0
 10
17.171472
 20
223.962836
 30
0.0
 10
17.170364
 20
223.960779
 30
0.0
 10
17.168651
 20
223.958700
 30
0.0
  0
LINE
  5
e94
100
AcDbEntity
  8
0
 62
7
100
AcDbLine
 10
17.168651
 20
223.958700
 30
0.0
 11
16.952754
 21
223.958700
 31
0.0
  0
SPLINE
  5
e95
100
AcDbEntity
  8
0
 62
7
100
AcDbSpline
 70
8
 71
3
 72
8
 73
4
 74
0
 40
0
 40
0
 40
0
 40
0
 40
1
 40
1
 40
1
 40
1
 10
16.952754
 20
223.958700
 30
0.0
 10
17.141311
 20
224.214262
 30
0.0
 10
17.329902
 20
224.469886
 30
0.0
 10
17.518426
 20
224.725154
 30
0.0
  0
LINE
  5
e96
100
AcDbEntity
  8
0
 62
7
100
AcDbLine
 10
17.518426
 20
224.725154
 30
0.0
 11
17.519030
 21
224.725490
 31
0.0
  0
SPLINE
  5
e97
100
AcDbEntity
  8
0
 62
7
100
AcDbSpline
 70
8
 71
3
 72
8
 73
4
 74
0
 40
0
 40
0
 40
0
 40
0
 40
1
 40
1
 40
1
 40
1
 10
24.219906
 20
234.490776
 30
0.0
 10
24.373801
 20
234.388984
 30
0.0
 10
24.527663
 20
234.287276
 30
0.0
 10
24.681592
 20
234.185484
 30
0.0
  0
SPLINE
  5
e98
100
AcDbEntity
  8
0
 62
7
100
AcDbSpline
 70
8
 71
3
 72
8
 73
4
 74
0
 40
0
 40
0
 40
0
 40
0
 40
1
 40
1
 40
1
 40
1
 10
24.681592
 20
234.185484
 30
0.0
 10
24.541535
 20
234.095867
 30
0.0
 10
24.401544
 20
234.006965
 30
0.0
 10
24.262057
 20
233.917684
 30
0.0
  0
SPLINE
  5
e99
100
AcDbEntity
  8
0
 62
7
100
AcDbSpline
 70
8
 71
3
 72
8
 73
4
 74
0
 40
0
 40
0
 40
0
 40
0
 40
1
 40
1
 40
1
 40
1
 10
24.262057
 20
233.917684
 30
0.0
 10
24.125392
 20
233.997875
 30
0.0
 10
23.989264
 20
234.078444
 30
0.0
 10
23.852497
 20
234.158992
 30
0.0
  0
LINE
  5
e9a
100
AcDbEntity
  8
0
 62
7
100
AcDbLine
 10
23.852497
 20
234.158992
 30
0.0
 11
23.852497
 21
234.275100
 31
0.0
  0
SPLINE
  5
e9b
100
AcDbEntity
  8
0
 62
7
100
AcDbSpline
 70
8
 71
3
 72
8
 73
4
 74
0
 40
0
 40
0
 40
0
 40
0
 40
1
 40
1
 40
1
 40
1
 10
23.852497
 20
234.275100
 30
0.0
 10
23.974687
 20
234.346936
 30
0.0
 10
24.097985
 20
234.419150
 30
0.0
 10
24.219906
 20
234.490776
 30
0.0
  0
LINE
  5
e9c
100
AcDbEntity
  8
0
 62
7
100
AcDbLine
 10
24.219906
 20
234.490776
 30
0.0
 11
24.219906
 21
234.490776
 31
0.0
  0
SPLINE
  5
e9d
100
AcDbEntity
  8
0
 62
7
100
AcDbSpline
 70
8
 71
3
 72
8
 73
4
 74
0
 40
0
 40
0
 40
0
 40
0
 40
1
 40
1
 40
1
 40
1
 10
23.851960
 20
233.850025
 30
0.0
 10
23.904389
 20
233.819335
 30
0.0
 10
23.957423
 20
233.787972
 30
0.0
 10
24.009852
 20
233.756924
 30
0.0
  0
SPLINE
  5
e9e
100
AcDbEntity
  8
0
 62
7
100
AcDbSpline
 70
8
 71
3
 72
8
 73
4
 74
0
 40
0
 40
0
 40
0
 40
0
 40
1
 40
1
 40
1
 40
1
 10
24.009852
 20
233.756924
 30
0.0
 10
23.957423
 20
233.723441
 30
0.0
 10
23.904389
 20
233.689643
 30
0.0
 10
23.851960
 20
233.656161
 30
0.0
  0
LINE
  5
e9f
100
AcDbEntity
  8
0
 62
7
100
AcDbLine
 10
23.851960
 20
233.656161
 30
0.0
 11
23.851960
 21
233.850025
 31
0.0
  0
LINE
  5
ea0
100
AcDbEntity
  8
0
 62
7
100
AcDbLine
 10
23.851960
 20
233.850025
 30
0.0
 11
23.851960
 21
233.850025
 31
0.0
  0
SPLINE
  5
ea1
100
AcDbEntity
  8
0
 62
7
100
AcDbSpline
 70
8
 71
3
 72
8
 73
4
 74
0
 40
0
 40
0
 40
0
 40
0
 40
1
 40
1
 40
1
 40
1
 10
16.940494
 20
224.455968
 30
0.0
 10
16.818305
 20
224.290317
 30
0.0
 10
16.695544
 20
224.124309
 30
0.0
 10
16.573355
 20
223.959036
 30
0.0
  0
LINE
  5
ea2
100
AcDbEntity
  8
0
 62
7
100
AcDbLine
 10
16.573355
 20
223.959036
 30
0.0
 11
16.506987
 21
223.959036
 31
0.0
  0
LINE
  5
ea3
100
AcDbEntity
  8
0
 62
7
100
AcDbLine
 10
16.506987
 20
223.959036
 30
0.0
 11
15.390555
 21
223.959036
 31
0.0
  0
SPLINE
  5
ea4
100
AcDbEntity
  8
0
 62
7
100
AcDbSpline
 70
8
 71
3
 72
8
 73
4
 74
0
 40
0
 40
0
 40
0
 40
0
 40
1
 40
1
 40
1
 40
1
 10
15.390555
 20
223.959036
 30
0.0
 10
15.927880
 20
224.152565
 30
0.0
 10
16.464533
 20
224.346094
 30
0.0
 10
17.001858
 20
224.539665
 30
0.0
  0
SPLINE
  5
ea5
100
AcDbEntity
  8
0
 62
7
100
AcDbSpline
 70
8
 71
3
 72
8
 73
4
 74
0
 40
0
 40
0
 40
0
 40
0
 40
1
 40
1
 40
1
 40
1
 10
17.001858
 20
224.539665
 30
0.0
 10
16.981235
 20
224.511745
 30
0.0
 10
16.961150
 20
224.484182
 30
0.0
 10
16.940494
 20
224.456304
 30
0.0
  0
LINE
  5
ea6
100
AcDbEntity
  8
0
 62
7
100
AcDbLine
 10
16.940494
 20
224.456304
 30
0.0
 11
16.940494
 21
224.455968
 31
0.0
  0
LINE
  5
ea7
100
AcDbEntity
  8
0
 62
7
100
AcDbLine
 10
23.104515
 20
233.038774
 30
0.0
 11
23.104515
 21
233.038774
 31
0.0
  0
LINE
  5
ea8
100
AcDbEntity
  8
0
 62
7
100
AcDbLine
 10
23.104515
 20
233.038774
 30
0.0
 11
23.104515
 21
233.038774
 31
0.0
  0
LINE
  5
ea9
100
AcDbEntity
  8
0
 62
7
100
AcDbLine
 10
23.104884
 20
233.038942
 30
0.0
 11
23.104884
 21
233.038942
 31
0.0
  0
SPLINE
  5
eaa
100
AcDbEntity
  8
0
 62
7
100
AcDbSpline
 70
8
 71
3
 72
8
 73
4
 74
0
 40
0
 40
0
 40
0
 40
0
 40
1
 40
1
 40
1
 40
1
 10
23.259452
 20
233.179822
 30
0.0
 10
23.311344
 20
233.133072
 30
0.0
 10
23.363202
 20
233.086007
 30
0.0
 10
23.414557
 20
233.038942
 30
0.0
  0
SPLINE
  5
eab
100
AcDbEntity
  8
0
 62
7
100
AcDbSpline
 70
8
 71
3
 72
8
 73
4
 74
0
 40
0
 40
0
 40
0
 40
0
 40
1
 40
1
 40
1
 40
1
 10
23.414557
 20
233.038942
 30
0.0
 10
23.362665
 20
232.992549
 30
0.0
 10
23.310773
 20
232.945484
 30
0.0
 10
23.259452
 20
232.898755
 30
0.0
  0
SPLINE
  5
eac
100
AcDbEntity
  8
0
 62
7
100
AcDbSpline
 70
8
 71
3
 72
8
 73
4
 74
0
 40
0
 40
0
 40
0
 40
0
 40
1
 40
1
 40
1
 40
1
 10
23.259452
 20
232.898755
 30
0.0
 10
23.207627
 20
232.945421
 30
0.0
 10
23.156340
 20
232.992423
 30
0.0
 10
23.104884
 20
233.038942
 30
0.0
  0
SPLINE
  5
ead
100
AcDbEntity
  8
0
 62
7
100
AcDbSpline
 70
8
 71
3
 72
8
 73
4
 74
0
 40
0
 40
0
 40
0
 40
0
 40
1
 40
1
 40
1
 40
1
 10
23.104884
 20
233.038942
 30
0.0
 10
23.155131
 20
233.084621
 30
0.0
 10
23.205309
 20
233.129944
 30
0.0
 10
23.255522
 20
233.175624
 30
0.0
  0
SPLINE
  5
eae
100
AcDbEntity
  8
0
 62
7
100
AcDbSpline
 70
8
 71
3
 72
8
 73
4
 74
0
 40
0
 40
0
 40
0
 40
0
 40
1
 40
1
 40
1
 40
1
 10
23.255522
 20
233.175624
 30
0.0
 10
23.256630
 20
233.177009
 30
0.0
 10
23.258276
 20
233.178416
 30
0.0
 10
23.259452
 20
233.179822
 30
0.0
  0
LINE
  5
eaf
100
AcDbEntity
  8
0
 62
7
100
AcDbLine
 10
23.259452
 20
233.179822
 30
0.0
 11
23.259452
 21
233.179822
 31
0.0
  0
SPLINE
  5
eb0
100
AcDbEntity
  8
0
 62
7
100
AcDbSpline
 70
8
 71
3
 72
8
 73
4
 74
0
 40
0
 40
0
 40
0
 40
0
 40
1
 40
1
 40
1
 40
1
 10
19.147597
 20
227.446777
 30
0.0
 10
19.044384
 20
227.306946
 30
0.0
 10
18.941238
 20
227.167095
 30
0.0
 10
18.838529
 20
227.027642
 30
0.0
  0
LINE
  5
eb1
100
AcDbEntity
  8
0
 62
7
100
AcDbLine
 10
18.838529
 20
227.027642
 30
0.0
 11
17.895070
 21
227.027642
 31
0.0
  0
SPLINE
  5
eb2
100
AcDbEntity
  8
0
 62
7
100
AcDbSpline
 70
8
 71
3
 72
8
 73
4
 74
0
 40
0
 40
0
 40
0
 40
0
 40
1
 40
1
 40
1
 40
1
 10
17.895070
 20
227.027642
 30
0.0
 10
18.312826
 20
227.167095
 30
0.0
 10
18.729976
 20
227.306883
 30
0.0
 10
19.147597
 20
227.446777
 30
0.0
  0
LINE
  5
eb3
100
AcDbEntity
  8
0
 62
7
100
AcDbLine
 10
19.147597
 20
227.446777
 30
0.0
 11
19.147597
 21
227.446777
 31
0.0
  0
LINE
  5
eb4
100
AcDbEntity
  8
0
 62
7
100
AcDbLine
 10
25.794028
 20
239.718052
 30
0.0
 11
27.040408
 21
239.718052
 31
0.0
  0
SPLINE
  5
eb5
100
AcDbEntity
  8
0
 62
7
100
AcDbSpline
 70
8
 71
3
 72
8
 73
4
 74
0
 40
0
 40
0
 40
0
 40
0
 40
1
 40
1
 40
1
 40
1
 10
27.040408
 20
239.718052
 30
0.0
 10
26.944953
 20
239.460349
 30
0.0
 10
26.849633
 20
239.201975
 30
0.0
 10
26.753642
 20
238.943915
 30
0.0
  0
LINE
  5
eb6
100
AcDbEntity
  8
0
 62
7
100
AcDbLine
 10
26.753642
 20
238.943915
 30
0.0
 11
26.746958
 21
238.943915
 31
0.0
  0
SPLINE
  5
eb7
100
AcDbEntity
  8
0
 62
7
100
AcDbSpline
 70
8
 71
3
 72
8
 73
4
 74
0
 40
0
 40
0
 40
0
 40
0
 40
1
 40
1
 40
1
 40
1
 10
26.746958
 20
238.943915
 30
0.0
 10
26.428956
 20
239.201975
 30
0.0
 10
26.111458
 20
239.459992
 30
0.0
 10
25.794028
 20
239.718052
 30
0.0
  0
LINE
  5
eb8
100
AcDbEntity
  8
0
 62
7
100
AcDbLine
 10
25.794028
 20
239.718052
 30
0.0
 11
25.794028
 21
239.718052
 31
0.0
  0
LINE
  5
eb9
100
AcDbEntity
  8
0
 62
7
100
AcDbLine
 10
26.131443
 20
238.579298
 30
0.0
 11
26.131443
 21
238.579298
 31
0.0
  0
LINE
  5
eba
100
AcDbEntity
  8
0
 62
7
100
AcDbLine
 10
26.131443
 20
238.579298
 30
0.0
 11
26.131443
 21
238.579298
 31
0.0
  0
LINE
  5
ebb
100
AcDbEntity
  8
0
 62
7
100
AcDbLine
 10
26.131543
 20
238.579151
 30
0.0
 11
26.131543
 21
238.579151
 31
0.0
  0
LINE
  5
ebc
100
AcDbEntity
  8
0
 62
7
100
AcDbLine
 10
26.007742
 20
238.646096
 30
0.0
 11
26.317380
 21
238.646096
 31
0.0
  0
SPLINE
  5
ebd
100
AcDbEntity
  8
0
 62
7
100
AcDbSpline
 70
8
 71
3
 72
8
 73
4
 74
0
 40
0
 40
0
 40
0
 40
0
 40
1
 40
1
 40
1
 40
1
 10
26.317380
 20
238.646096
 30
0.0
 10
26.255580
 20
238.623844
 30
0.0
 10
26.193814
 20
238.601550
 30
0.0
 10
26.131543
 20
238.579151
 30
0.0
  0
SPLINE
  5
ebe
100
AcDbEntity
  8
0
 62
7
100
AcDbSpline
 70
8
 71
3
 72
8
 73
4
 74
0
 40
0
 40
0
 40
0
 40
0
 40
1
 40
1
 40
1
 40
1
 10
26.131543
 20
238.579151
 30
0.0
 10
26.090298
 20
238.601844
 30
0.0
 10
26.048986
 20
238.623823
 30
0.0
 10
26.007742
 20
238.646096
 30
0.0
  0
LINE
  5
ebf
100
AcDbEntity
  8
0
 62
7
100
AcDbLine
 10
26.007742
 20
238.646096
 30
0.0
 11
26.007742
 21
238.646096
 31
0.0
  0
SPLINE
  5
ec0
100
AcDbEntity
  8
0
 62
7
100
AcDbSpline
 70
8
 71
3
 72
8
 73
4
 74
0
 40
0
 40
0
 40
0
 40
0
 40
1
 40
1
 40
1
 40
1
 10
24.962783
 20
237.893581
 30
0.0
 10
25.340435
 20
238.029213
 30
0.0
 10
25.718759
 20
238.164887
 30
0.0
 10
26.095907
 20
238.300519
 30
0.0
  0
SPLINE
  5
ec1
100
AcDbEntity
  8
0
 62
7
100
AcDbSpline
 70
8
 71
3
 72
8
 73
4
 74
0
 40
0
 40
0
 40
0
 40
0
 40
1
 40
1
 40
1
 40
1
 10
26.095907
 20
238.300519
 30
0.0
 10
26.138865
 20
238.277511
 30
0.0
 10
26.181789
 20
238.254168
 30
0.0
 10
26.224210
 20
238.231118
 30
0.0
  0
SPLINE
  5
ec2
100
AcDbEntity
  8
0
 62
7
100
AcDbSpline
 70
8
 71
3
 72
8
 73
4
 74
0
 40
0
 40
0
 40
0
 40
0
 40
1
 40
1
 40
1
 40
1
 10
26.224210
 20
238.231118
 30
0.0
 10
26.220885
 20
238.222742
 30
0.0
 10
26.217492
 20
238.214765
 30
0.0
 10
26.214201
 20
238.206389
 30
0.0
  0
SPLINE
  5
ec3
100
AcDbEntity
  8
0
 62
7
100
AcDbSpline
 70
8
 71
3
 72
8
 73
4
 74
0
 40
0
 40
0
 40
0
 40
0
 40
1
 40
1
 40
1
 40
1
 10
26.214201
 20
238.206389
 30
0.0
 10
26.205267
 20
238.183361
 30
0.0
 10
26.195795
 20
238.160353
 30
0.0
 10
26.186827
 20
238.136988
 30
0.0
  0
SPLINE
  5
ec4
100
AcDbEntity
  8
0
 62
7
100
AcDbSpline
 70
8
 71
3
 72
8
 73
4
 74
0
 40
0
 40
0
 40
0
 40
0
 40
1
 40
1
 40
1
 40
1
 10
26.186827
 20
238.136988
 30
0.0
 10
25.778981
 20
237.989496
 30
0.0
 10
25.370596
 20
237.841625
 30
0.0
 10
24.962783
 20
237.694154
 30
0.0
  0
LINE
  5
ec5
100
AcDbEntity
  8
0
 62
7
100
AcDbLine
 10
24.962783
 20
237.694154
 30
0.0
 11
24.962783
 21
237.893581
 31
0.0
  0
LINE
  5
ec6
100
AcDbEntity
  8
0
 62
7
100
AcDbLine
 10
24.962783
 20
237.893581
 30
0.0
 11
24.962783
 21
237.893581
 31
0.0
  0
SPLINE
  5
ec7
100
AcDbEntity
  8
0
 62
7
100
AcDbSpline
 70
8
 71
3
 72
8
 73
4
 74
0
 40
0
 40
0
 40
0
 40
0
 40
1
 40
1
 40
1
 40
1
 10
25.008528
 20
237.444134
 30
0.0
 10
25.359983
 20
237.571054
 30
0.0
 10
25.711504
 20
237.698331
 30
0.0
 10
26.062388
 20
237.825251
 30
0.0
  0
SPLINE
  5
ec8
100
AcDbEntity
  8
0
 62
7
100
AcDbSpline
 70
8
 71
3
 72
8
 73
4
 74
0
 40
0
 40
0
 40
0
 40
0
 40
1
 40
1
 40
1
 40
1
 10
26.062388
 20
237.825251
 30
0.0
 10
26.011604
 20
237.698331
 30
0.0
 10
25.961459
 20
237.571054
 30
0.0
 10
25.910104
 20
237.444134
 30
0.0
  0
LINE
  5
ec9
100
AcDbEntity
  8
0
 62
7
100
AcDbLine
 10
25.910104
 20
237.444134
 30
0.0
 11
25.008528
 21
237.444134
 31
0.0
  0
LINE
  5
eca
100
AcDbEntity
  8
0
 62
7
100
AcDbLine
 10
25.008528
 20
237.444134
 30
0.0
 11
25.008528
 21
237.444134
 31
0.0
  0
LINE
  5
ecb
100
AcDbEntity
  8
0
 62
7
100
AcDbLine
 10
23.851960
 20
236.879586
 30
0.0
 11
24.860611
 21
236.879586
 31
0.0
  0
LINE
  5
ecc
100
AcDbEntity
  8
0
 62
7
100
AcDbLine
 10
24.860611
 20
236.879586
 30
0.0
 11
24.860611
 21
235.966332
 31
0.0
  0
LINE
  5
ecd
100
AcDbEntity
  8
0
 62
7
100
AcDbLine
 10
24.860611
 20
235.966332
 30
0.0
 11
24.297693
 21
235.966332
 31
0.0
  0
LINE
  5
ece
100
AcDbEntity
  8
0
 62
7
100
AcDbLine
 10
24.297693
 20
235.966332
 30
0.0
 11
23.851960
 21
235.966332
 31
0.0
  0
LINE
  5
ecf
100
AcDbEntity
  8
0
 62
7
100
AcDbLine
 10
23.851960
 20
235.966332
 30
0.0
 11
23.851960
 21
236.866675
 31
0.0
  0
LINE
  5
ed0
100
AcDbEntity
  8
0
 62
7
100
AcDbLine
 10
23.851960
 20
236.866675
 30
0.0
 11
23.851960
 21
236.879586
 31
0.0
  0
LINE
  5
ed1
100
AcDbEntity
  8
0
 62
7
100
AcDbLine
 10
23.851960
 20
236.879586
 30
0.0
 11
23.851960
 21
236.879586
 31
0.0
  0
LINE
  5
ed2
100
AcDbEntity
  8
0
 62
7
100
AcDbLine
 10
22.291474
 20
235.226686
 30
0.0
 11
23.514982
 21
235.226686
 31
0.0
  0
LINE
  5
ed3
100
AcDbEntity
  8
0
 62
7
100
AcDbLine
 10
23.514982
 20
235.226686
 30
0.0
 11
23.514982
 21
235.202293
 31
0.0
  0
LINE
  5
ed4
100
AcDbEntity
  8
0
 62
7
100
AcDbLine
 10
23.514982
 20
235.202293
 30
0.0
 11
22.276965
 21
235.202293
 31
0.0
  0
SPLINE
  5
ed5
100
AcDbEntity
  8
0
 62
7
100
AcDbSpline
 70
8
 71
3
 72
8
 73
4
 74
0
 40
0
 40
0
 40
0
 40
0
 40
1
 40
1
 40
1
 40
1
 10
22.276965
 20
235.202293
 30
0.0
 10
22.281432
 20
235.210333
 30
0.0
 10
22.286436
 20
235.218688
 30
0.0
 10
22.291474
 20
235.226686
 30
0.0
  0
LINE
  5
ed6
100
AcDbEntity
  8
0
 62
7
100
AcDbLine
 10
22.291474
 20
235.226686
 30
0.0
 11
22.291474
 21
235.226686
 31
0.0
  0
LINE
  5
ed7
100
AcDbEntity
  8
0
 62
7
100
AcDbLine
 10
22.482786
 20
234.964806
 30
0.0
 11
23.435179
 21
234.964806
 31
0.0
  0
SPLINE
  5
ed8
100
AcDbEntity
  8
0
 62
7
100
AcDbSpline
 70
8
 71
3
 72
8
 73
4
 74
0
 40
0
 40
0
 40
0
 40
0
 40
1
 40
1
 40
1
 40
1
 10
23.435179
 20
234.964806
 30
0.0
 10
23.277857
 20
234.870319
 30
0.0
 10
23.120469
 20
234.775811
 30
0.0
 10
22.963718
 20
234.681681
 30
0.0
  0
LINE
  5
ed9
100
AcDbEntity
  8
0
 62
7
100
AcDbLine
 10
22.963718
 20
234.681681
 30
0.0
 11
22.963147
 21
234.681681
 31
0.0
  0
SPLINE
  5
eda
100
AcDbEntity
  8
0
 62
7
100
AcDbSpline
 70
8
 71
3
 72
8
 73
4
 74
0
 40
0
 40
0
 40
0
 40
0
 40
1
 40
1
 40
1
 40
1
 10
22.963147
 20
234.681681
 30
0.0
 10
22.803072
 20
234.775811
 30
0.0
 10
22.642895
 20
234.870319
 30
0.0
 10
22.482786
 20
234.964806
 30
0.0
  0
LINE
  5
edb
100
AcDbEntity
  8
0
 62
7
100
AcDbLine
 10
22.482786
 20
234.964806
 30
0.0
 11
22.482786
 21
234.964806
 31
0.0
  0
SPLINE
  5
edc
100
AcDbEntity
  8
0
 62
7
100
AcDbSpline
 70
8
 71
3
 72
8
 73
4
 74
0
 40
0
 40
0
 40
0
 40
0
 40
1
 40
1
 40
1
 40
1
 10
22.410305
 20
234.037613
 30
0.0
 10
22.495112
 20
233.987064
 30
0.0
 10
22.580491
 20
233.936493
 30
0.0
 10
22.665298
 20
233.885964
 30
0.0
  0
SPLINE
  5
edd
100
AcDbEntity
  8
0
 62
7
100
AcDbSpline
 70
8
 71
3
 72
8
 73
4
 74
0
 40
0
 40
0
 40
0
 40
0
 40
1
 40
1
 40
1
 40
1
 10
22.665298
 20
233.885964
 30
0.0
 10
22.480032
 20
233.777161
 30
0.0
 10
22.294296
 20
233.668378
 30
0.0
 10
22.109030
 20
233.559218
 30
0.0
  0
SPLINE
  5
ede
100
AcDbEntity
  8
0
 62
7
100
AcDbSpline
 70
8
 71
3
 72
8
 73
4
 74
0
 40
0
 40
0
 40
0
 40
0
 40
1
 40
1
 40
1
 40
1
 10
22.109030
 20
233.559218
 30
0.0
 10
22.039337
 20
233.616380
 30
0.0
 10
21.968972
 20
233.673563
 30
0.0
 10
21.899279
 20
233.730789
 30
0.0
  0
SPLINE
  5
edf
100
AcDbEntity
  8
0
 62
7
100
AcDbSpline
 70
8
 71
3
 72
8
 73
4
 74
0
 40
0
 40
0
 40
0
 40
0
 40
1
 40
1
 40
1
 40
1
 10
21.899279
 20
233.730789
 30
0.0
 10
22.069464
 20
233.832980
 30
0.0
 10
22.239549
 20
233.935485
 30
0.0
 10
22.410305
 20
234.037613
 30
0.0
  0
LINE
  5
ee0
100
AcDbEntity
  8
0
 62
7
100
AcDbLine
 10
22.410305
 20
234.037613
 30
0.0
 11
22.410305
 21
234.037613
 31
0.0
  0
SPLINE
  5
ee1
100
AcDbEntity
  8
0
 62
7
100
AcDbSpline
 70
8
 71
3
 72
8
 73
4
 74
0
 40
0
 40
0
 40
0
 40
0
 40
1
 40
1
 40
1
 40
1
 10
21.778131
 20
233.191326
 30
0.0
 10
21.834523
 20
233.140419
 30
0.0
 10
21.890849
 20
233.089492
 30
0.0
 10
21.947241
 20
233.038228
 30
0.0
  0
SPLINE
  5
ee2
100
AcDbEntity
  8
0
 62
7
100
AcDbSpline
 70
8
 71
3
 72
8
 73
4
 74
0
 40
0
 40
0
 40
0
 40
0
 40
1
 40
1
 40
1
 40
1
 10
21.947241
 20
233.038228
 30
0.0
 10
21.895416
 20
232.991919
 30
0.0
 10
21.843558
 20
232.944917
 30
0.0
 10
21.792674
 20
232.898062
 30
0.0
  0
SPLINE
  5
ee3
100
AcDbEntity
  8
0
 62
7
100
AcDbSpline
 70
8
 71
3
 72
8
 73
4
 74
0
 40
0
 40
0
 40
0
 40
0
 40
1
 40
1
 40
1
 40
1
 10
21.792674
 20
232.898062
 30
0.0
 10
21.735710
 20
232.949325
 30
0.0
 10
21.678848
 20
233.000925
 30
0.0
 10
21.622489
 20
233.052188
 30
0.0
  0
SPLINE
  5
ee4
100
AcDbEntity
  8
0
 62
7
100
AcDbSpline
 70
8
 71
3
 72
8
 73
4
 74
0
 40
0
 40
0
 40
0
 40
0
 40
1
 40
1
 40
1
 40
1
 10
21.622489
 20
233.052188
 30
0.0
 10
21.672164
 20
233.098581
 30
0.0
 10
21.721772
 20
233.144933
 30
0.0
 10
21.771984
 20
233.191326
 30
0.0
  0
LINE
  5
ee5
100
AcDbEntity
  8
0
 62
7
100
AcDbLine
 10
21.771984
 20
233.191326
 30
0.0
 11
21.778131
 21
233.191326
 31
0.0
  0
LINE
  5
ee6
100
AcDbEntity
  8
0
 62
7
100
AcDbLine
 10
21.778131
 20
233.191326
 30
0.0
 11
21.778131
 21
233.191326
 31
0.0
  0
SPLINE
  5
ee7
100
AcDbEntity
  8
0
 62
7
100
AcDbSpline
 70
8
 71
3
 72
8
 73
4
 74
0
 40
0
 40
0
 40
0
 40
0
 40
1
 40
1
 40
1
 40
1
 10
21.413309
 20
232.856203
 30
0.0
 10
21.469063
 20
232.805653
 30
0.0
 10
21.524885
 20
232.755062
 30
0.0
 10
21.580673
 20
232.704533
 30
0.0
  0
SPLINE
  5
ee8
100
AcDbEntity
  8
0
 62
7
100
AcDbSpline
 70
8
 71
3
 72
8
 73
4
 74
0
 40
0
 40
0
 40
0
 40
0
 40
1
 40
1
 40
1
 40
1
 10
21.580673
 20
232.704533
 30
0.0
 10
21.525422
 20
232.654298
 30
0.0
 10
21.469063
 20
232.603392
 30
0.0
 10
21.413309
 20
232.552863
 30
0.0
  0
SPLINE
  5
ee9
100
AcDbEntity
  8
0
 62
7
100
AcDbSpline
 70
8
 71
3
 72
8
 73
4
 74
0
 40
0
 40
0
 40
0
 40
0
 40
1
 40
1
 40
1
 40
1
 10
21.413309
 20
232.552863
 30
0.0
 10
21.359200
 20
232.603434
 30
0.0
 10
21.304520
 20
232.653983
 30
0.0
 10
21.250378
 20
232.704533
 30
0.0
  0
SPLINE
  5
eea
100
AcDbEntity
  8
0
 62
7
100
AcDbSpline
 70
8
 71
3
 72
8
 73
4
 74
0
 40
0
 40
0
 40
0
 40
0
 40
1
 40
1
 40
1
 40
1
 10
21.250378
 20
232.704533
 30
0.0
 10
21.304487
 20
232.755104
 30
0.0
 10
21.359133
 20
232.805674
 30
0.0
 10
21.413309
 20
232.856203
 30
0.0
  0
LINE
  5
eeb
100
AcDbEntity
  8
0
 62
7
100
AcDbLine
 10
21.413309
 20
232.856203
 30
0.0
 11
21.413309
 21
232.856203
 31
0.0
  0
SPLINE
  5
eec
100
AcDbEntity
  8
0
 62
7
100
AcDbSpline
 70
8
 71
3
 72
8
 73
4
 74
0
 40
0
 40
0
 40
0
 40
0
 40
1
 40
1
 40
1
 40
1
 10
21.040056
 20
232.509241
 30
0.0
 10
21.093594
 20
232.459363
 30
0.0
 10
21.146594
 20
232.409863
 30
0.0
 10
21.200132
 20
232.360342
 30
0.0
  0
SPLINE
  5
eed
100
AcDbEntity
  8
0
 62
7
100
AcDbSpline
 70
8
 71
3
 72
8
 73
4
 74
0
 40
0
 40
0
 40
0
 40
0
 40
1
 40
1
 40
1
 40
1
 10
21.200132
 20
232.360342
 30
0.0
 10
21.157712
 20
232.321989
 30
0.0
 10
21.115358
 20
232.283279
 30
0.0
 10
21.072938
 20
232.244905
 30
0.0
  0
LINE
  5
eee
100
AcDbEntity
  8
0
 62
7
100
AcDbLine
 10
21.072938
 20
232.244905
 30
0.0
 11
21.054532
 21
232.244905
 31
0.0
  0
SPLINE
  5
eef
100
AcDbEntity
  8
0
 62
7
100
AcDbSpline
 70
8
 71
3
 72
8
 73
4
 74
0
 40
0
 40
0
 40
0
 40
0
 40
1
 40
1
 40
1
 40
1
 10
21.054532
 20
232.244905
 30
0.0
 10
21.003782
 20
232.290584
 30
0.0
 10
20.954141
 20
232.335907
 30
0.0
 10
20.903357
 20
232.381985
 30
0.0
  0
SPLINE
  5
ef0
100
AcDbEntity
  8
0
 62
7
100
AcDbSpline
 70
8
 71
3
 72
8
 73
4
 74
0
 40
0
 40
0
 40
0
 40
0
 40
1
 40
1
 40
1
 40
1
 10
20.903357
 20
232.381985
 30
0.0
 10
20.949103
 20
232.424159
 30
0.0
 10
20.994311
 20
232.466710
 30
0.0
 10
21.040056
 20
232.509241
 30
0.0
  0
LINE
  5
ef1
100
AcDbEntity
  8
0
 62
7
100
AcDbLine
 10
21.040056
 20
232.509241
 30
0.0
 11
21.040056
 21
232.509241
 31
0.0
  0
SPLINE
  5
ef2
100
AcDbEntity
  8
0
 62
7
100
AcDbSpline
 70
8
 71
3
 72
8
 73
4
 74
0
 40
0
 40
0
 40
0
 40
0
 40
1
 40
1
 40
1
 40
1
 10
20.582064
 20
231.995956
 30
0.0
 10
20.958608
 20
231.726035
 30
0.0
 10
21.335219
 20
231.456178
 30
0.0
 10
21.711796
 20
231.186258
 30
0.0
  0
LINE
  5
ef3
100
AcDbEntity
  8
0
 62
7
100
AcDbLine
 10
21.711796
 20
231.186258
 30
0.0
 11
21.455729
 21
231.186258
 31
0.0
  0
SPLINE
  5
ef4
100
AcDbEntity
  8
0
 62
7
100
AcDbSpline
 70
8
 71
3
 72
8
 73
4
 74
0
 40
0
 40
0
 40
0
 40
0
 40
1
 40
1
 40
1
 40
1
 10
21.455729
 20
231.186258
 30
0.0
 10
21.072434
 20
231.459642
 30
0.0
 10
20.689173
 20
231.733005
 30
0.0
 10
20.305878
 20
232.006074
 30
0.0
  0
LINE
  5
ef5
100
AcDbEntity
  8
0
 62
7
100
AcDbLine
 10
20.305878
 20
232.006074
 30
0.0
 11
20.569200
 21
232.006074
 31
0.0
  0
SPLINE
  5
ef6
100
AcDbEntity
  8
0
 62
7
100
AcDbSpline
 70
8
 71
3
 72
8
 73
4
 74
0
 40
0
 40
0
 40
0
 40
0
 40
1
 40
1
 40
1
 40
1
 10
20.569200
 20
232.006074
 30
0.0
 10
20.573667
 20
232.002589
 30
0.0
 10
20.577563
 20
231.999125
 30
0.0
 10
20.582064
 20
231.995956
 30
0.0
  0
LINE
  5
ef7
100
AcDbEntity
  8
0
 62
7
100
AcDbLine
 10
20.582064
 20
231.995956
 30
0.0
 11
20.582064
 21
231.995956
 31
0.0
  0
SPLINE
  5
ef8
100
AcDbEntity
  8
0
 62
7
100
AcDbSpline
 70
8
 71
3
 72
8
 73
4
 74
0
 40
0
 40
0
 40
0
 40
0
 40
1
 40
1
 40
1
 40
1
 10
20.062037
 20
231.841494
 30
0.0
 10
20.368350
 20
231.622837
 30
0.0
 10
20.674663
 20
231.404558
 30
0.0
 10
20.980910
 20
231.185901
 30
0.0
  0
LINE
  5
ef9
100
AcDbEntity
  8
0
 62
7
100
AcDbLine
 10
20.980910
 20
231.185901
 30
0.0
 11
19.947068
 21
231.185901
 31
0.0
  0
LINE
  5
efa
100
AcDbEntity
  8
0
 62
7
100
AcDbLine
 10
19.947068
 20
231.185901
 30
0.0
 11
19.599510
 21
231.185901
 31
0.0
  0
SPLINE
  5
efb
100
AcDbEntity
  8
0
 62
7
100
AcDbSpline
 70
8
 71
3
 72
8
 73
4
 74
0
 40
0
 40
0
 40
0
 40
0
 40
1
 40
1
 40
1
 40
1
 10
19.599510
 20
231.185901
 30
0.0
 10
19.754615
 20
231.404222
 30
0.0
 10
19.908578
 20
231.622480
 30
0.0
 10
20.062037
 20
231.841494
 30
0.0
  0
LINE
  5
efc
100
AcDbEntity
  8
0
 62
7
100
AcDbLine
 10
20.062037
 20
231.841494
 30
0.0
 11
20.062037
 21
231.841494
 31
0.0
  0
LINE
  5
efd
100
AcDbEntity
  8
0
 62
7
100
AcDbLine
 10
19.431038
 20
230.947427
 30
0.0
 11
21.316209
 21
230.947427
 31
0.0
  0
SPLINE
  5
efe
100
AcDbEntity
  8
0
 62
7
100
AcDbSpline
 70
8
 71
3
 72
8
 73
4
 74
0
 40
0
 40
0
 40
0
 40
0
 40
1
 40
1
 40
1
 40
1
 10
21.316209
 20
230.947427
 30
0.0
 10
21.348587
 20
230.924063
 30
0.0
 10
21.381502
 20
230.900698
 30
0.0
 10
21.414988
 20
230.877334
 30
0.0
  0
SPLINE
  5
eff
100
AcDbEntity
  8
0
 62
7
100
AcDbSpline
 70
8
 71
3
 72
8
 73
4
 74
0
 40
0
 40
0
 40
0
 40
0
 40
1
 40
1
 40
1
 40
1
 10
21.414988
 20
230.877334
 30
0.0
 10
21.364171
 20
230.859196
 30
0.0
 10
21.314563
 20
230.841395
 30
0.0
 10
21.264350
 20
230.823278
 30
0.0
  0
SPLINE
  5
f00
100
AcDbEntity
  8
0
 62
7
100
AcDbSpline
 70
8
 71
3
 72
8
 73
4
 74
0
 40
0
 40
0
 40
0
 40
0
 40
1
 40
1
 40
1
 40
1
 10
21.264350
 20
230.823278
 30
0.0
 10
20.731526
 20
230.828148
 30
0.0
 10
20.198165
 20
230.833397
 30
0.0
 10
19.665374
 20
230.838603
 30
0.0
  0
SPLINE
  5
f01
100
AcDbEntity
  8
0
 62
7
100
AcDbSpline
 70
8
 71
3
 72
8
 73
4
 74
0
 40
0
 40
0
 40
0
 40
0
 40
1
 40
1
 40
1
 40
1
 10
19.665374
 20
230.838603
 30
0.0
 10
19.562128
 20
230.839652
 30
0.0
 10
19.458310
 20
230.840324
 30
0.0
 10
19.355735
 20
230.841395
 30
0.0
  0
SPLINE
  5
f02
100
AcDbEntity
  8
0
 62
7
100
AcDbSpline
 70
8
 71
3
 72
8
 73
4
 74
0
 40
0
 40
0
 40
0
 40
0
 40
1
 40
1
 40
1
 40
1
 10
19.355735
 20
230.841395
 30
0.0
 10
19.380825
 20
230.876641
 30
0.0
 10
19.406519
 20
230.911845
 30
0.0
 10
19.431038
 20
230.947427
 30
0.0
  0
LINE
  5
f03
100
AcDbEntity
  8
0
 62
7
100
AcDbLine
 10
19.431038
 20
230.947427
 30
0.0
 11
19.431038
 21
230.947427
 31
0.0
  0
SPLINE
  5
f04
100
AcDbEntity
  8
0
 62
7
100
AcDbSpline
 70
8
 71
3
 72
8
 73
4
 74
0
 40
0
 40
0
 40
0
 40
0
 40
1
 40
1
 40
1
 40
1
 10
19.186088
 20
230.604306
 30
0.0
 10
19.662519
 20
230.599772
 30
0.0
 10
20.139555
 20
230.595238
 30
0.0
 10
20.615987
 20
230.590703
 30
0.0
  0
SPLINE
  5
f05
100
AcDbEntity
  8
0
 62
7
100
AcDbSpline
 70
8
 71
3
 72
8
 73
4
 74
0
 40
0
 40
0
 40
0
 40
0
 40
1
 40
1
 40
1
 40
1
 10
20.615987
 20
230.590703
 30
0.0
 10
19.971049
 20
230.359157
 30
0.0
 10
19.325541
 20
230.127611
 30
0.0
 10
18.680570
 20
229.896086
 30
0.0
  0
SPLINE
  5
f06
100
AcDbEntity
  8
0
 62
7
100
AcDbSpline
 70
8
 71
3
 72
8
 73
4
 74
0
 40
0
 40
0
 40
0
 40
0
 40
1
 40
1
 40
1
 40
1
 10
18.680570
 20
229.896086
 30
0.0
 10
18.849680
 20
230.132166
 30
0.0
 10
19.018690
 20
230.367911
 30
0.0
 10
19.186088
 20
230.604306
 30
0.0
  0
LINE
  5
f07
100
AcDbEntity
  8
0
 62
7
100
AcDbLine
 10
19.186088
 20
230.604306
 30
0.0
 11
19.186088
 21
230.604306
 31
0.0
  0
SPLINE
  5
f08
100
AcDbEntity
  8
0
 62
7
100
AcDbSpline
 70
8
 71
3
 72
8
 73
4
 74
0
 40
0
 40
0
 40
0
 40
0
 40
1
 40
1
 40
1
 40
1
 10
19.034341
 20
229.759026
 30
0.0
 10
19.803148
 20
230.034846
 30
0.0
 10
20.571417
 20
230.310686
 30
0.0
 10
21.340223
 20
230.586148
 30
0.0
  0
SPLINE
  5
f09
100
AcDbEntity
  8
0
 62
7
100
AcDbSpline
 70
8
 71
3
 72
8
 73
4
 74
0
 40
0
 40
0
 40
0
 40
0
 40
1
 40
1
 40
1
 40
1
 10
21.340223
 20
230.586148
 30
0.0
 10
21.380931
 20
230.585770
 30
0.0
 10
21.422209
 20
230.585434
 30
0.0
 10
21.462950
 20
230.585098
 30
0.0
  0
SPLINE
  5
f0a
100
AcDbEntity
  8
0
 62
7
100
AcDbSpline
 70
8
 71
3
 72
8
 73
4
 74
0
 40
0
 40
0
 40
0
 40
0
 40
1
 40
1
 40
1
 40
1
 10
21.462950
 20
230.585098
 30
0.0
 10
21.446190
 20
230.562427
 30
0.0
 10
21.429464
 20
230.540091
 30
0.0
 10
21.412838
 20
230.516936
 30
0.0
  0
SPLINE
  5
f0b
100
AcDbEntity
  8
0
 62
7
100
AcDbSpline
 70
8
 71
3
 72
8
 73
4
 74
0
 40
0
 40
0
 40
0
 40
0
 40
1
 40
1
 40
1
 40
1
 10
21.412838
 20
230.516936
 30
0.0
 10
21.227774
 20
230.455302
 30
0.0
 10
21.042139
 20
230.392934
 30
0.0
 10
20.857074
 20
230.330880
 30
0.0
  0
SPLINE
  5
f0c
100
AcDbEntity
  8
0
 62
7
100
AcDbSpline
 70
8
 71
3
 72
8
 73
4
 74
0
 40
0
 40
0
 40
0
 40
0
 40
1
 40
1
 40
1
 40
1
 10
20.857074
 20
230.330880
 30
0.0
 10
20.332613
 20
230.155174
 30
0.0
 10
19.808152
 20
229.979741
 30
0.0
 10
19.283725
 20
229.803677
 30
0.0
  0
SPLINE
  5
f0d
100
AcDbEntity
  8
0
 62
7
100
AcDbSpline
 70
8
 71
3
 72
8
 73
4
 74
0
 40
0
 40
0
 40
0
 40
0
 40
1
 40
1
 40
1
 40
1
 10
19.283725
 20
229.803677
 30
0.0
 10
19.249097
 20
229.792530
 30
0.0
 10
19.226829
 20
229.776828
 30
0.0
 10
19.212890
 20
229.759026
 30
0.0
  0
LINE
  5
f0e
100
AcDbEntity
  8
0
 62
7
100
AcDbLine
 10
19.212890
 20
229.759026
 30
0.0
 11
19.034341
 21
229.759026
 31
0.0
  0
LINE
  5
f0f
100
AcDbEntity
  8
0
 62
7
100
AcDbLine
 10
19.034341
 20
229.759026
 30
0.0
 11
19.034341
 21
229.759026
 31
0.0
  0
LINE
  5
f10
100
AcDbEntity
  8
0
 62
7
100
AcDbLine
 10
18.409523
 20
229.517719
 30
0.0
 11
20.677418
 21
229.517719
 31
0.0
  0
SPLINE
  5
f11
100
AcDbEntity
  8
0
 62
7
100
AcDbSpline
 70
8
 71
3
 72
8
 73
4
 74
0
 40
0
 40
0
 40
0
 40
0
 40
1
 40
1
 40
1
 40
1
 10
20.677418
 20
229.517719
 30
0.0
 10
20.668517
 20
229.504809
 30
0.0
 10
20.658407
 20
229.492297
 30
0.0
 10
20.649507
 20
229.479366
 30
0.0
  0
LINE
  5
f12
100
AcDbEntity
  8
0
 62
7
100
AcDbLine
 10
20.649507
 20
229.479366
 30
0.0
 11
18.703510
 21
229.479366
 31
0.0
  0
LINE
  5
f13
100
AcDbEntity
  8
0
 62
7
100
AcDbLine
 10
18.703510
 20
229.479366
 30
0.0
 11
18.381578
 21
229.479366
 31
0.0
  0
SPLINE
  5
f14
100
AcDbEntity
  8
0
 62
7
100
AcDbSpline
 70
8
 71
3
 72
8
 73
4
 74
0
 40
0
 40
0
 40
0
 40
0
 40
1
 40
1
 40
1
 40
1
 10
18.381578
 20
229.479366
 30
0.0
 10
18.391050
 20
229.491919
 30
0.0
 10
18.399984
 20
229.504809
 30
0.0
 10
18.408918
 20
229.517719
 30
0.0
  0
LINE
  5
f15
100
AcDbEntity
  8
0
 62
7
100
AcDbLine
 10
18.408918
 20
229.517719
 30
0.0
 11
18.409523
 21
229.517719
 31
0.0
  0
LINE
  5
f16
100
AcDbEntity
  8
0
 62
7
100
AcDbLine
 10
18.209747
 20
229.240871
 30
0.0
 11
20.473209
 21
229.240871
 31
0.0
  0
SPLINE
  5
f17
100
AcDbEntity
  8
0
 62
7
100
AcDbSpline
 70
8
 71
3
 72
8
 73
4
 74
0
 40
0
 40
0
 40
0
 40
0
 40
1
 40
1
 40
1
 40
1
 10
20.473209
 20
229.240871
 30
0.0
 10
20.266145
 20
228.960140
 30
0.0
 10
20.058644
 20
228.679072
 30
0.0
 10
19.851648
 20
228.398761
 30
0.0
  0
LINE
  5
f18
100
AcDbEntity
  8
0
 62
7
100
AcDbLine
 10
19.851648
 20
228.398761
 30
0.0
 11
19.372361
 21
228.398761
 31
0.0
  0
SPLINE
  5
f19
100
AcDbEntity
  8
0
 62
7
100
AcDbSpline
 70
8
 71
3
 72
8
 73
4
 74
0
 40
0
 40
0
 40
0
 40
0
 40
1
 40
1
 40
1
 40
1
 10
19.372361
 20
228.398761
 30
0.0
 10
18.983491
 20
228.677708
 30
0.0
 10
18.594083
 20
228.956004
 30
0.0
 10
18.205280
 20
229.234573
 30
0.0
  0
SPLINE
  5
f1a
100
AcDbEntity
  8
0
 62
7
100
AcDbSpline
 70
8
 71
3
 72
8
 73
4
 74
0
 40
0
 40
0
 40
0
 40
0
 40
1
 40
1
 40
1
 40
1
 10
18.205280
 20
229.234573
 30
0.0
 10
18.206926
 20
229.236673
 30
0.0
 10
18.208034
 20
229.238772
 30
0.0
 10
18.209747
 20
229.240871
 30
0.0
  0
LINE
  5
f1b
100
AcDbEntity
  8
0
 62
7
100
AcDbLine
 10
18.209747
 20
229.240871
 30
0.0
 11
18.209747
 21
229.240871
 31
0.0
  0
SPLINE
  5
f1c
100
AcDbEntity
  8
0
 62
7
100
AcDbSpline
 70
8
 71
3
 72
8
 73
4
 74
0
 40
0
 40
0
 40
0
 40
0
 40
1
 40
1
 40
1
 40
1
 10
18.044062
 20
229.011046
 30
0.0
 10
18.329149
 20
228.807084
 30
0.0
 10
18.614269
 20
228.602723
 30
0.0
 10
18.899355
 20
228.398761
 30
0.0
  0
LINE
  5
f1d
100
AcDbEntity
  8
0
 62
7
100
AcDbLine
 10
18.899355
 20
228.398761
 30
0.0
 11
17.880561
 21
228.398761
 31
0.0
  0
LINE
  5
f1e
100
AcDbEntity
  8
0
 62
7
100
AcDbLine
 10
17.880561
 20
228.398761
 30
0.0
 11
17.600512
 21
228.398761
 31
0.0
  0
SPLINE
  5
f1f
100
AcDbEntity
  8
0
 62
7
100
AcDbSpline
 70
8
 71
3
 72
8
 73
4
 74
0
 40
0
 40
0
 40
0
 40
0
 40
1
 40
1
 40
1
 40
1
 10
17.600512
 20
228.398761
 30
0.0
 10
17.748933
 20
228.602723
 30
0.0
 10
17.896750
 20
228.807084
 30
0.0
 10
18.044062
 20
229.011046
 30
0.0
  0
LINE
  5
f20
100
AcDbEntity
  8
0
 62
7
100
AcDbLine
 10
18.044062
 20
229.011046
 30
0.0
 11
18.044062
 21
229.011046
 31
0.0
  0
LINE
  5
f21
100
AcDbEntity
  8
0
 62
7
100
AcDbLine
 10
17.428110
 20
228.160224
 30
0.0
 11
19.232941
 21
228.160224
 31
0.0
  0
SPLINE
  5
f22
100
AcDbEntity
  8
0
 62
7
100
AcDbSpline
 70
8
 71
3
 72
8
 73
4
 74
0
 40
0
 40
0
 40
0
 40
0
 40
1
 40
1
 40
1
 40
1
 10
19.232941
 20
228.160224
 30
0.0
 10
19.239625
 20
228.155333
 30
0.0
 10
19.246343
 20
228.150820
 30
0.0
 10
19.253026
 20
228.145949
 30
0.0
  0
SPLINE
  5
f23
100
AcDbEntity
  8
0
 62
7
100
AcDbSpline
 70
8
 71
3
 72
8
 73
4
 74
0
 40
0
 40
0
 40
0
 40
0
 40
1
 40
1
 40
1
 40
1
 10
19.253026
 20
228.145949
 30
0.0
 10
19.131442
 20
228.102684
 30
0.0
 10
19.009823
 20
228.059818
 30
0.0
 10
18.888708
 20
228.016930
 30
0.0
  0
LINE
  5
f24
100
AcDbEntity
  8
0
 62
7
100
AcDbLine
 10
18.888708
 20
228.016930
 30
0.0
 11
17.602729
 21
228.016930
 31
0.0
  0
LINE
  5
f25
100
AcDbEntity
  8
0
 62
7
100
AcDbLine
 10
17.602729
 20
228.016930
 30
0.0
 11
17.323756
 21
228.016930
 31
0.0
  0
SPLINE
  5
f26
100
AcDbEntity
  8
0
 62
7
100
AcDbSpline
 70
8
 71
3
 72
8
 73
4
 74
0
 40
0
 40
0
 40
0
 40
0
 40
1
 40
1
 40
1
 40
1
 10
17.323756
 20
228.016930
 30
0.0
 10
17.358955
 20
228.064709
 30
0.0
 10
17.393516
 20
228.112467
 30
0.0
 10
17.428110
 20
228.160224
 30
0.0
  0
LINE
  5
f27
100
AcDbEntity
  8
0
 62
7
100
AcDbLine
 10
17.428110
 20
228.160224
 30
0.0
 11
17.428110
 21
228.160224
 31
0.0
  0
LINE
  5
f28
100
AcDbEntity
  8
0
 62
7
100
AcDbLine
 10
17.149170
 20
227.778037
 30
0.0
 11
18.215322
 21
227.778037
 31
0.0
  0
SPLINE
  5
f29
100
AcDbEntity
  8
0
 62
7
100
AcDbSpline
 70
8
 71
3
 72
8
 73
4
 74
0
 40
0
 40
0
 40
0
 40
0
 40
1
 40
1
 40
1
 40
1
 10
18.215322
 20
227.778037
 30
0.0
 10
17.735532
 20
227.608208
 30
0.0
 10
17.255708
 20
227.438065
 30
0.0
 10
16.775884
 20
227.267522
 30
0.0
  0
SPLINE
  5
f2a
100
AcDbEntity
  8
0
 62
7
100
AcDbSpline
 70
8
 71
3
 72
8
 73
4
 74
0
 40
0
 40
0
 40
0
 40
0
 40
1
 40
1
 40
1
 40
1
 10
16.775884
 20
227.267522
 30
0.0
 10
16.900929
 20
227.437330
 30
0.0
 10
17.024731
 20
227.607872
 30
0.0
 10
17.149170
 20
227.778037
 30
0.0
  0
LINE
  5
f2b
100
AcDbEntity
  8
0
 62
7
100
AcDbLine
 10
17.149170
 20
227.778037
 30
0.0
 11
17.149170
 21
227.778037
 31
0.0
  0
SPLINE
  5
f2c
100
AcDbEntity
  8
0
 62
7
100
AcDbSpline
 70
8
 71
3
 72
8
 73
4
 74
0
 40
0
 40
0
 40
0
 40
0
 40
1
 40
1
 40
1
 40
1
 10
16.843495
 20
227.027642
 30
0.0
 10
17.550871
 20
227.278334
 30
0.0
 10
18.258885
 20
227.529088
 30
0.0
 10
18.966361
 20
227.780136
 30
0.0
  0
LINE
  5
f2d
100
AcDbEntity
  8
0
 62
7
100
AcDbLine
 10
18.966361
 20
227.780136
 30
0.0
 11
19.359094
 21
227.780136
 31
0.0
  0
SPLINE
  5
f2e
100
AcDbEntity
  8
0
 62
7
100
AcDbSpline
 70
8
 71
3
 72
8
 73
4
 74
0
 40
0
 40
0
 40
0
 40
0
 40
1
 40
1
 40
1
 40
1
 10
19.359094
 20
227.780136
 30
0.0
 10
19.220783
 20
227.733764
 30
0.0
 10
19.081263
 20
227.687370
 30
0.0
 10
18.942951
 20
227.640977
 30
0.0
  0
SPLINE
  5
f2f
100
AcDbEntity
  8
0
 62
7
100
AcDbSpline
 70
8
 71
3
 72
8
 73
4
 74
0
 40
0
 40
0
 40
0
 40
0
 40
1
 40
1
 40
1
 40
1
 10
18.942951
 20
227.640977
 30
0.0
 10
18.332004
 20
227.436616
 30
0.0
 10
17.721056
 20
227.232318
 30
0.0
 10
17.110176
 20
227.027957
 30
0.0
  0
LINE
  5
f30
100
AcDbEntity
  8
0
 62
7
100
AcDbLine
 10
17.110176
 20
227.027957
 30
0.0
 11
17.109571
 21
227.027642
 31
0.0
  0
LINE
  5
f31
100
AcDbEntity
  8
0
 62
7
100
AcDbLine
 10
17.109571
 20
227.027642
 30
0.0
 11
16.935523
 21
227.027642
 31
0.0
  0
LINE
  5
f32
100
AcDbEntity
  8
0
 62
7
100
AcDbLine
 10
16.935523
 20
227.027642
 30
0.0
 11
16.843495
 21
227.027642
 31
0.0
  0
LINE
  5
f33
100
AcDbEntity
  8
0
 62
7
100
AcDbLine
 10
16.843495
 20
227.027642
 30
0.0
 11
16.843495
 21
227.027642
 31
0.0
  0
SPLINE
  5
f34
100
AcDbEntity
  8
0
 62
7
100
AcDbSpline
 70
8
 71
3
 72
8
 73
4
 74
0
 40
0
 40
0
 40
0
 40
0
 40
1
 40
1
 40
1
 40
1
 10
26.965475
 20
238.611752
 30
0.0
 10
26.997181
 20
238.623193
 30
0.0
 10
27.029425
 20
238.634676
 30
0.0
 10
27.061601
 20
238.646096
 30
0.0
  0
LINE
  5
f35
100
AcDbEntity
  8
0
 62
7
100
AcDbLine
 10
27.061601
 20
238.646096
 30
0.0
 11
27.597179
 21
238.646096
 31
0.0
  0
SPLINE
  5
f36
100
AcDbEntity
  8
0
 62
7
100
AcDbSpline
 70
8
 71
3
 72
8
 73
4
 74
0
 40
0
 40
0
 40
0
 40
0
 40
1
 40
1
 40
1
 40
1
 10
27.597179
 20
238.646096
 30
0.0
 10
27.456550
 20
238.595546
 30
0.0
 10
27.316022
 20
238.544619
 30
0.0
 10
27.175427
 20
238.493733
 30
0.0
  0
SPLINE
  5
f37
100
AcDbEntity
  8
0
 62
7
100
AcDbSpline
 70
8
 71
3
 72
8
 73
4
 74
0
 40
0
 40
0
 40
0
 40
0
 40
1
 40
1
 40
1
 40
1
 10
27.175427
 20
238.493733
 30
0.0
 10
27.105130
 20
238.533136
 30
0.0
 10
27.034798
 20
238.572224
 30
0.0
 10
26.965475
 20
238.611752
 30
0.0
  0
LINE
  5
f38
100
AcDbEntity
  8
0
 62
7
100
AcDbLine
 10
26.965475
 20
238.611752
 30
0.0
 11
26.965475
 21
238.611752
 31
0.0
  0
LINE
  5
f39
100
AcDbEntity
  8
0
 62
7
100
AcDbLine
 10
23.851960
 20
235.727460
 30
0.0
 11
24.860611
 21
235.727460
 31
0.0
  0
LINE
  5
f3a
100
AcDbEntity
  8
0
 62
7
100
AcDbLine
 10
24.860611
 20
235.727460
 30
0.0
 11
24.860611
 21
235.466608
 31
0.0
  0
LINE
  5
f3b
100
AcDbEntity
  8
0
 62
7
100
AcDbLine
 10
24.860611
 20
235.466608
 30
0.0
 11
24.219637
 21
235.466608
 31
0.0
  0
LINE
  5
f3c
100
AcDbEntity
  8
0
 62
7
100
AcDbLine
 10
24.219637
 20
235.466608
 30
0.0
 11
23.851960
 21
235.466608
 31
0.0
  0
LINE
  5
f3d
100
AcDbEntity
  8
0
 62
7
100
AcDbLine
 10
23.851960
 20
235.466608
 30
0.0
 11
23.851960
 21
235.727460
 31
0.0
  0
LINE
  5
f3e
100
AcDbEntity
  8
0
 62
7
100
AcDbLine
 10
23.851960
 20
235.727460
 30
0.0
 11
23.851960
 21
235.727460
 31
0.0
  0
LINE
  5
f3f
100
AcDbEntity
  8
0
 62
7
100
AcDbLine
 10
23.851960
 20
235.228470
 30
0.0
 11
24.860611
 21
235.228470
 31
0.0
  0
LINE
  5
f40
100
AcDbEntity
  8
0
 62
7
100
AcDbLine
 10
24.860611
 20
235.228470
 30
0.0
 11
24.860611
 21
235.204077
 31
0.0
  0
LINE
  5
f41
100
AcDbEntity
  8
0
 62
7
100
AcDbLine
 10
24.860611
 20
235.204077
 30
0.0
 11
24.384213
 21
235.204077
 31
0.0
  0
LINE
  5
f42
100
AcDbEntity
  8
0
 62
7
100
AcDbLine
 10
24.384213
 20
235.204077
 30
0.0
 11
23.851960
 21
235.204077
 31
0.0
  0
LINE
  5
f43
100
AcDbEntity
  8
0
 62
7
100
AcDbLine
 10
23.851960
 20
235.204077
 30
0.0
 11
23.851960
 21
235.228470
 31
0.0
  0
LINE
  5
f44
100
AcDbEntity
  8
0
 62
7
100
AcDbLine
 10
23.851960
 20
235.228470
 30
0.0
 11
23.851960
 21
235.228470
 31
0.0
  0
LINE
  5
f45
100
AcDbEntity
  8
0
 62
7
100
AcDbLine
 10
24.233307
 20
234.808077
 30
0.0
 11
24.233307
 21
234.808077
 31
0.0
  0
LINE
  5
f46
100
AcDbEntity
  8
0
 62
7
100
AcDbLine
 10
24.233307
 20
234.808077
 30
0.0
 11
24.233307
 21
234.808077
 31
0.0
  0
LINE
  5
f47
100
AcDbEntity
  8
0
 62
7
100
AcDbLine
 10
24.233576
 20
234.807909
 30
0.0
 11
24.233576
 21
234.807909
 31
0.0
  0
LINE
  5
f48
100
AcDbEntity
  8
0
 62
7
100
AcDbLine
 10
23.994772
 20
234.965876
 30
0.0
 11
24.501936
 21
234.965876
 31
0.0
  0
SPLINE
  5
f49
100
AcDbEntity
  8
0
 62
7
100
AcDbSpline
 70
8
 71
3
 72
8
 73
4
 74
0
 40
0
 40
0
 40
0
 40
0
 40
1
 40
1
 40
1
 40
1
 10
24.501936
 20
234.965876
 30
0.0
 10
24.412762
 20
234.913290
 30
0.0
 10
24.323051
 20
234.860704
 30
0.0
 10
24.233576
 20
234.807909
 30
0.0
  0
SPLINE
  5
f4a
100
AcDbEntity
  8
0
 62
7
100
AcDbSpline
 70
8
 71
3
 72
8
 73
4
 74
0
 40
0
 40
0
 40
0
 40
0
 40
1
 40
1
 40
1
 40
1
 10
24.233576
 20
234.807909
 30
0.0
 10
24.154344
 20
234.860222
 30
0.0
 10
24.075112
 20
234.913206
 30
0.0
 10
23.994772
 20
234.965876
 30
0.0
  0
LINE
  5
f4b
100
AcDbEntity
  8
0
 62
7
100
AcDbLine
 10
23.994772
 20
234.965876
 30
0.0
 11
23.994772
 21
234.965876
 31
0.0
  0
LINE
  5
f4c
100
AcDbEntity
  8
0
 62
7
100
AcDbLine
 10
23.514982
 20
234.047396
 30
0.0
 11
23.514982
 21
233.690672
 31
0.0
  0
SPLINE
  5
f4d
100
AcDbEntity
  8
0
 62
7
100
AcDbSpline
 70
8
 71
3
 72
8
 73
4
 74
0
 40
0
 40
0
 40
0
 40
0
 40
1
 40
1
 40
1
 40
1
 10
23.514982
 20
233.690672
 30
0.0
 10
23.406193
 20
233.755539
 30
0.0
 10
23.297371
 20
233.820048
 30
0.0
 10
23.188617
 20
233.884516
 30
0.0
  0
SPLINE
  5
f4e
100
AcDbEntity
  8
0
 62
7
100
AcDbSpline
 70
8
 71
3
 72
8
 73
4
 74
0
 40
0
 40
0
 40
0
 40
0
 40
1
 40
1
 40
1
 40
1
 10
23.188617
 20
233.884516
 30
0.0
 10
23.289042
 20
233.943819
 30
0.0
 10
23.390004
 20
234.002724
 30
0.0
 10
23.490430
 20
234.062028
 30
0.0
  0
SPLINE
  5
f4f
100
AcDbEntity
  8
0
 62
7
100
AcDbSpline
 70
8
 71
3
 72
8
 73
4
 74
0
 40
0
 40
0
 40
0
 40
0
 40
1
 40
1
 40
1
 40
1
 10
23.490430
 20
234.062028
 30
0.0
 10
23.498793
 20
234.057157
 30
0.0
 10
23.507189
 20
234.052266
 30
0.0
 10
23.514982
 20
234.047396
 30
0.0
  0
LINE
  5
f50
100
AcDbEntity
  8
0
 62
7
100
AcDbLine
 10
23.514982
 20
234.047396
 30
0.0
 11
23.514982
 21
234.047396
 31
0.0
  0
SPLINE
  5
f51
100
AcDbEntity
  8
0
 62
7
100
AcDbSpline
 70
8
 71
3
 72
8
 73
4
 74
0
 40
0
 40
0
 40
0
 40
0
 40
1
 40
1
 40
1
 40
1
 10
22.925798
 20
233.730789
 30
0.0
 10
23.095446
 20
233.630361
 30
0.0
 10
23.264456
 20
233.529912
 30
0.0
 10
23.433500
 20
233.429506
 30
0.0
  0
LINE
  5
f52
100
AcDbEntity
  8
0
 62
7
100
AcDbLine
 10
23.433500
 20
233.429506
 30
0.0
 11
22.413093
 21
233.429506
 31
0.0
  0
SPLINE
  5
f53
100
AcDbEntity
  8
0
 62
7
100
AcDbSpline
 70
8
 71
3
 72
8
 73
4
 74
0
 40
0
 40
0
 40
0
 40
0
 40
1
 40
1
 40
1
 40
1
 10
22.413093
 20
233.429506
 30
0.0
 10
22.583816
 20
233.529912
 30
0.0
 10
22.754471
 20
233.630361
 30
0.0
 10
22.925261
 20
233.730789
 30
0.0
  0
LINE
  5
f54
100
AcDbEntity
  8
0
 62
7
100
AcDbLine
 10
22.925261
 20
233.730789
 30
0.0
 11
22.925798
 21
233.730789
 31
0.0
  0
LINE
  5
f55
100
AcDbEntity
  8
0
 62
7
100
AcDbLine
 10
21.848529
 20
232.006074
 30
0.0
 11
21.848529
 21
232.006074
 31
0.0
  0
LINE
  5
f56
100
AcDbEntity
  8
0
 62
7
100
AcDbLine
 10
21.943883
 20
232.006074
 30
0.0
 11
22.377961
 21
232.006074
 31
0.0
  0
SPLINE
  5
f57
100
AcDbEntity
  8
0
 62
7
100
AcDbSpline
 70
8
 71
3
 72
8
 73
4
 74
0
 40
0
 40
0
 40
0
 40
0
 40
1
 40
1
 40
1
 40
1
 10
22.377961
 20
232.006074
 30
0.0
 10
22.240187
 20
231.785339
 30
0.0
 10
22.102883
 20
231.564625
 30
0.0
 10
21.965110
 20
231.343890
 30
0.0
  0
SPLINE
  5
f58
100
AcDbEntity
  8
0
 62
7
100
AcDbSpline
 70
8
 71
3
 72
8
 73
4
 74
0
 40
0
 40
0
 40
0
 40
0
 40
1
 40
1
 40
1
 40
1
 10
21.965110
 20
231.343890
 30
0.0
 10
21.657150
 20
231.564625
 30
0.0
 10
21.349158
 20
231.785339
 30
0.0
 10
21.041232
 20
232.006074
 30
0.0
  0
LINE
  5
f59
100
AcDbEntity
  8
0
 62
7
100
AcDbLine
 10
21.041232
 20
232.006074
 30
0.0
 11
21.115392
 21
232.006074
 31
0.0
  0
SPLINE
  5
f5a
100
AcDbEntity
  8
0
 62
7
100
AcDbSpline
 70
8
 71
3
 72
8
 73
4
 74
0
 40
0
 40
0
 40
0
 40
0
 40
1
 40
1
 40
1
 40
1
 10
21.115392
 20
232.006074
 30
0.0
 10
21.145553
 20
231.998055
 30
0.0
 10
21.178435
 20
231.997005
 30
0.0
 10
21.209738
 20
232.006074
 30
0.0
  0
LINE
  5
f5b
100
AcDbEntity
  8
0
 62
7
100
AcDbLine
 10
21.209738
 20
232.006074
 30
0.0
 11
21.849033
 21
232.006074
 31
0.0
  0
SPLINE
  5
f5c
100
AcDbEntity
  8
0
 62
7
100
AcDbSpline
 70
8
 71
3
 72
8
 73
4
 74
0
 40
0
 40
0
 40
0
 40
0
 40
1
 40
1
 40
1
 40
1
 10
21.849033
 20
232.006074
 30
0.0
 10
21.879160
 20
231.998055
 30
0.0
 10
21.912042
 20
231.997005
 30
0.0
 10
21.943883
 20
232.006074
 30
0.0
  0
LINE
  5
f5d
100
AcDbEntity
  8
0
 62
7
100
AcDbLine
 10
21.943883
 20
232.006074
 30
0.0
 11
21.943883
 21
232.006074
 31
0.0
  0
SPLINE
  5
f5e
100
AcDbEntity
  8
0
 62
7
100
AcDbSpline
 70
8
 71
3
 72
8
 73
4
 74
0
 40
0
 40
0
 40
0
 40
0
 40
1
 40
1
 40
1
 40
1
 10
19.934305
 20
229.758691
 30
0.0
 10
20.341581
 20
229.895036
 30
0.0
 10
20.748857
 20
230.031382
 30
0.0
 10
21.155562
 20
230.168084
 30
0.0
  0
SPLINE
  5
f5f
100
AcDbEntity
  8
0
 62
7
100
AcDbSpline
 70
8
 71
3
 72
8
 73
4
 74
0
 40
0
 40
0
 40
0
 40
0
 40
1
 40
1
 40
1
 40
1
 10
21.155562
 20
230.168084
 30
0.0
 10
21.055171
 20
230.031382
 30
0.0
 10
20.954141
 20
229.895393
 30
0.0
 10
20.853749
 20
229.758691
 30
0.0
  0
LINE
  5
f60
100
AcDbEntity
  8
0
 62
7
100
AcDbLine
 10
20.853749
 20
229.758691
 30
0.0
 11
19.934305
 21
229.758691
 31
0.0
  0
LINE
  5
f61
100
AcDbEntity
  8
0
 62
7
100
AcDbLine
 10
19.934305
 20
229.758691
 30
0.0
 11
19.934305
 21
229.758691
 31
0.0
  0
LINE
  5
f62
100
AcDbEntity
  8
0
 62
7
100
AcDbLine
 10
16.422213
 20
226.787027
 30
0.0
 11
18.662231
 21
226.787027
 31
0.0
  0
SPLINE
  5
f63
100
AcDbEntity
  8
0
 62
7
100
AcDbSpline
 70
8
 71
3
 72
8
 73
4
 74
0
 40
0
 40
0
 40
0
 40
0
 40
1
 40
1
 40
1
 40
1
 10
18.662231
 20
226.787027
 30
0.0
 10
18.643221
 20
226.760850
 30
0.0
 10
18.623740
 20
226.735050
 30
0.0
 10
18.604697
 20
226.708894
 30
0.0
  0
LINE
  5
f64
100
AcDbEntity
  8
0
 62
7
100
AcDbLine
 10
18.604697
 20
226.708894
 30
0.0
 11
16.703941
 21
226.708894
 31
0.0
  0
LINE
  5
f65
100
AcDbEntity
  8
0
 62
7
100
AcDbLine
 10
16.703941
 20
226.708894
 30
0.0
 11
16.364746
 21
226.708894
 31
0.0
  0
SPLINE
  5
f66
100
AcDbEntity
  8
0
 62
7
100
AcDbSpline
 70
8
 71
3
 72
8
 73
4
 74
0
 40
0
 40
0
 40
0
 40
0
 40
1
 40
1
 40
1
 40
1
 10
16.364746
 20
226.708894
 30
0.0
 10
16.383689
 20
226.735050
 30
0.0
 10
16.403169
 20
226.761186
 30
0.0
 10
16.422213
 20
226.787027
 30
0.0
  0
LINE
  5
f67
100
AcDbEntity
  8
0
 62
7
100
AcDbLine
 10
16.422213
 20
226.787027
 30
0.0
 11
16.422213
 21
226.787027
 31
0.0
  0
LINE
  5
f68
100
AcDbEntity
  8
0
 62
7
100
AcDbLine
 10
16.716738
 20
226.472120
 30
0.0
 11
18.428466
 21
226.472120
 31
0.0
  0
SPLINE
  5
f69
100
AcDbEntity
  8
0
 62
7
100
AcDbSpline
 70
8
 71
3
 72
8
 73
4
 74
0
 40
0
 40
0
 40
0
 40
0
 40
1
 40
1
 40
1
 40
1
 10
18.428466
 20
226.472120
 30
0.0
 10
18.230403
 20
226.204341
 30
0.0
 10
18.032878
 20
225.936541
 30
0.0
 10
17.835386
 20
225.668720
 30
0.0
  0
SPLINE
  5
f6a
100
AcDbEntity
  8
0
 62
7
100
AcDbSpline
 70
8
 71
3
 72
8
 73
4
 74
0
 40
0
 40
0
 40
0
 40
0
 40
1
 40
1
 40
1
 40
1
 10
17.835386
 20
225.668720
 30
0.0
 10
17.462671
 20
225.936541
 30
0.0
 10
17.090024
 20
226.204341
 30
0.0
 10
16.716738
 20
226.472120
 30
0.0
  0
LINE
  5
f6b
100
AcDbEntity
  8
0
 62
7
100
AcDbLine
 10
16.716738
 20
226.472120
 30
0.0
 11
16.716738
 21
226.472120
 31
0.0
  0
SPLINE
  5
f6c
100
AcDbEntity
  8
0
 62
7
100
AcDbSpline
 70
8
 71
3
 72
8
 73
4
 74
0
 40
0
 40
0
 40
0
 40
0
 40
1
 40
1
 40
1
 40
1
 10
25.806320
 20
234.582303
 30
0.0
 10
25.939123
 20
234.667050
 30
0.0
 10
26.071859
 20
234.751754
 30
0.0
 10
26.204662
 20
234.836500
 30
0.0
  0
LINE
  5
f6d
100
AcDbEntity
  8
0
 62
7
100
AcDbLine
 10
26.204662
 20
234.836500
 30
0.0
 11
26.204662
 21
234.365767
 31
0.0
  0
SPLINE
  5
f6e
100
AcDbEntity
  8
0
 62
7
100
AcDbSpline
 70
8
 71
3
 72
8
 73
4
 74
0
 40
0
 40
0
 40
0
 40
0
 40
1
 40
1
 40
1
 40
1
 10
26.204662
 20
234.365767
 30
0.0
 10
26.071859
 20
234.437939
 30
0.0
 10
25.939123
 20
234.510488
 30
0.0
 10
25.806320
 20
234.582303
 30
0.0
  0
LINE
  5
f6f
100
AcDbEntity
  8
0
 62
7
100
AcDbLine
 10
25.806320
 20
234.582303
 30
0.0
 11
25.806320
 21
234.582303
 31
0.0
  0
SPLINE
  5
f70
100
AcDbEntity
  8
0
 62
7
100
AcDbSpline
 70
8
 71
3
 72
8
 73
4
 74
0
 40
0
 40
0
 40
0
 40
0
 40
1
 40
1
 40
1
 40
1
 10
22.568198
 20
230.574644
 30
0.0
 10
22.947596
 20
230.302646
 30
0.0
 10
23.326391
 20
230.030668
 30
0.0
 10
23.706360
 20
229.759026
 30
0.0
  0
SPLINE
  5
f71
100
AcDbEntity
  8
0
 62
7
100
AcDbSpline
 70
8
 71
3
 72
8
 73
4
 74
0
 40
0
 40
0
 40
0
 40
0
 40
1
 40
1
 40
1
 40
1
 10
23.706360
 20
229.759026
 30
0.0
 10
23.624341
 20
229.759026
 30
0.0
 10
23.542321
 20
229.759026
 30
0.0
 10
23.459798
 20
229.759047
 30
0.0
  0
SPLINE
  5
f72
100
AcDbEntity
  8
0
 62
7
100
AcDbSpline
 70
8
 71
3
 72
8
 73
4
 74
0
 40
0
 40
0
 40
0
 40
0
 40
1
 40
1
 40
1
 40
1
 10
23.459798
 20
229.759047
 30
0.0
 10
23.109016
 20
230.009277
 30
0.0
 10
22.758334
 20
230.259548
 30
0.0
 10
22.406980
 20
230.509778
 30
0.0
  0
SPLINE
  5
f73
100
AcDbEntity
  8
0
 62
7
100
AcDbSpline
 70
8
 71
3
 72
8
 73
4
 74
0
 40
0
 40
0
 40
0
 40
0
 40
1
 40
1
 40
1
 40
1
 10
22.406980
 20
230.509778
 30
0.0
 10
22.414235
 20
230.520232
 30
0.0
 10
22.422598
 20
230.530329
 30
0.0
 10
22.429853
 20
230.540825
 30
0.0
  0
SPLINE
  5
f74
100
AcDbEntity
  8
0
 62
7
100
AcDbSpline
 70
8
 71
3
 72
8
 73
4
 74
0
 40
0
 40
0
 40
0
 40
0
 40
1
 40
1
 40
1
 40
1
 10
22.429853
 20
230.540825
 30
0.0
 10
22.438787
 20
230.552686
 30
0.0
 10
22.444396
 20
230.564190
 30
0.0
 10
22.447150
 20
230.575673
 30
0.0
  0
SPLINE
  5
f75
100
AcDbEntity
  8
0
 62
7
100
AcDbSpline
 70
8
 71
3
 72
8
 73
4
 74
0
 40
0
 40
0
 40
0
 40
0
 40
1
 40
1
 40
1
 40
1
 10
22.447150
 20
230.575673
 30
0.0
 10
22.487824
 20
230.575001
 30
0.0
 10
22.528028
 20
230.575001
 30
0.0
 10
22.568198
 20
230.574644
 30
0.0
  0
LINE
  5
f76
100
AcDbEntity
  8
0
 62
7
100
AcDbLine
 10
22.568198
 20
230.574644
 30
0.0
 11
22.568198
 21
230.574644
 31
0.0
  0
LINE
  5
f77
100
AcDbEntity
  8
0
 62
7
100
AcDbLine
 10
22.090423
 20
230.082666
 30
0.0
 11
22.090423
 21
230.082666
 31
0.0
  0
LINE
  5
f78
100
AcDbEntity
  8
0
 62
7
100
AcDbLine
 10
22.090423
 20
230.082666
 30
0.0
 11
22.090423
 21
230.082666
 31
0.0
  0
LINE
  5
f79
100
AcDbEntity
  8
0
 62
7
100
AcDbLine
 10
22.090624
 20
230.082624
 30
0.0
 11
22.090624
 21
230.082624
 31
0.0
  0
SPLINE
  5
f7a
100
AcDbEntity
  8
0
 62
7
100
AcDbSpline
 70
8
 71
3
 72
8
 73
4
 74
0
 40
0
 40
0
 40
0
 40
0
 40
1
 40
1
 40
1
 40
1
 10
22.242908
 20
230.288014
 30
0.0
 10
22.490578
 20
230.111552
 30
0.0
 10
22.738316
 20
229.935132
 30
0.0
 10
22.986020
 20
229.758313
 30
0.0
  0
LINE
  5
f7b
100
AcDbEntity
  8
0
 62
7
100
AcDbLine
 10
22.986020
 20
229.758313
 30
0.0
 11
21.850141
 21
229.758313
 31
0.0
  0
SPLINE
  5
f7c
100
AcDbEntity
  8
0
 62
7
100
AcDbSpline
 70
8
 71
3
 72
8
 73
4
 74
0
 40
0
 40
0
 40
0
 40
0
 40
1
 40
1
 40
1
 40
1
 10
21.850141
 20
229.758313
 30
0.0
 10
21.930448
 20
229.866676
 30
0.0
 10
22.010083
 20
229.974681
 30
0.0
 10
22.090624
 20
230.082624
 30
0.0
  0
SPLINE
  5
f7d
100
AcDbEntity
  8
0
 62
7
100
AcDbSpline
 70
8
 71
3
 72
8
 73
4
 74
0
 40
0
 40
0
 40
0
 40
0
 40
1
 40
1
 40
1
 40
1
 10
22.090624
 20
230.082624
 30
0.0
 10
22.141374
 20
230.150976
 30
0.0
 10
22.192191
 20
230.219663
 30
0.0
 10
22.242908
 20
230.288014
 30
0.0
  0
LINE
  5
f7e
100
AcDbEntity
  8
0
 62
7
100
AcDbLine
 10
22.242908
 20
230.288014
 30
0.0
 11
22.242908
 21
230.288014
 31
0.0
  0
LINE
  5
f7f
100
AcDbEntity
  8
0
 62
7
100
AcDbLine
 10
21.673339
 20
229.520532
 30
0.0
 11
23.321386
 21
229.520532
 31
0.0
  0
LINE
  5
f80
100
AcDbEntity
  8
0
 62
7
100
AcDbLine
 10
23.321386
 20
229.520532
 30
0.0
 11
23.373815
 21
229.520532
 31
0.0
  0
SPLINE
  5
f81
100
AcDbEntity
  8
0
 62
7
100
AcDbSpline
 70
8
 71
3
 72
8
 73
4
 74
0
 40
0
 40
0
 40
0
 40
0
 40
1
 40
1
 40
1
 40
1
 10
23.373815
 20
229.520532
 30
0.0
 10
23.381070
 20
229.520175
 30
0.0
 10
23.388862
 20
229.520175
 30
0.0
 10
23.396151
 20
229.520532
 30
0.0
  0
LINE
  5
f82
100
AcDbEntity
  8
0
 62
7
100
AcDbLine
 10
23.396151
 20
229.520532
 30
0.0
 11
23.647785
 21
229.520532
 31
0.0
  0
SPLINE
  5
f83
100
AcDbEntity
  8
0
 62
7
100
AcDbSpline
 70
8
 71
3
 72
8
 73
4
 74
0
 40
0
 40
0
 40
0
 40
0
 40
1
 40
1
 40
1
 40
1
 10
23.647785
 20
229.520532
 30
0.0
 10
23.638884
 20
229.507601
 30
0.0
 10
23.629413
 20
229.495089
 30
0.0
 10
23.620411
 20
229.482179
 30
0.0
  0
LINE
  5
f84
100
AcDbEntity
  8
0
 62
7
100
AcDbLine
 10
23.620411
 20
229.482179
 30
0.0
 11
21.644857
 21
229.482179
 31
0.0
  0
SPLINE
  5
f85
100
AcDbEntity
  8
0
 62
7
100
AcDbSpline
 70
8
 71
3
 72
8
 73
4
 74
0
 40
0
 40
0
 40
0
 40
0
 40
1
 40
1
 40
1
 40
1
 10
21.644857
 20
229.482179
 30
0.0
 10
21.654329
 20
229.494753
 30
0.0
 10
21.663868
 20
229.507601
 30
0.0
 10
21.673339
 20
229.520532
 30
0.0
  0
LINE
  5
f86
100
AcDbEntity
  8
0
 62
7
100
AcDbLine
 10
21.673339
 20
229.520532
 30
0.0
 11
21.673339
 21
229.520532
 31
0.0
  0
LINE
  5
f87
100
AcDbEntity
  8
0
 62
7
100
AcDbLine
 10
21.467955
 20
229.243663
 30
0.0
 11
22.342191
 21
229.243663
 31
0.0
  0
SPLINE
  5
f88
100
AcDbEntity
  8
0
 62
7
100
AcDbSpline
 70
8
 71
3
 72
8
 73
4
 74
0
 40
0
 40
0
 40
0
 40
0
 40
1
 40
1
 40
1
 40
1
 10
22.342191
 20
229.243663
 30
0.0
 10
21.947140
 20
229.103476
 30
0.0
 10
21.551654
 20
228.963289
 30
0.0
 10
21.156066
 20
228.823458
 30
0.0
  0
SPLINE
  5
f89
100
AcDbEntity
  8
0
 62
7
100
AcDbSpline
 70
8
 71
3
 72
8
 73
4
 74
0
 40
0
 40
0
 40
0
 40
0
 40
1
 40
1
 40
1
 40
1
 10
21.156066
 20
228.823458
 30
0.0
 10
21.259816
 20
228.963645
 30
0.0
 10
21.364171
 20
229.103476
 30
0.0
 10
21.467955
 20
229.243663
 30
0.0
  0
LINE
  5
f8a
100
AcDbEntity
  8
0
 62
7
100
AcDbLine
 10
21.467955
 20
229.243663
 30
0.0
 11
21.467955
 21
229.243663
 31
0.0
  0
SPLINE
  5
f8b
100
AcDbEntity
  8
0
 62
7
100
AcDbSpline
 70
8
 71
3
 72
8
 73
4
 74
0
 40
0
 40
0
 40
0
 40
0
 40
1
 40
1
 40
1
 40
1
 10
20.888277
 20
228.461864
 30
0.0
 10
21.623060
 20
228.722695
 30
0.0
 10
22.357842
 20
228.982811
 30
0.0
 10
23.092625
 20
229.243663
 30
0.0
  0
LINE
  5
f8c
100
AcDbEntity
  8
0
 62
7
100
AcDbLine
 10
23.092625
 20
229.243663
 30
0.0
 11
23.121107
 21
229.243663
 31
0.0
  0
LINE
  5
f8d
100
AcDbEntity
  8
0
 62
7
100
AcDbLine
 10
23.121107
 20
229.243663
 30
0.0
 11
23.448076
 21
229.243663
 31
0.0
  0
SPLINE
  5
f8e
100
AcDbEntity
  8
0
 62
7
100
AcDbSpline
 70
8
 71
3
 72
8
 73
4
 74
0
 40
0
 40
0
 40
0
 40
0
 40
1
 40
1
 40
1
 40
1
 10
23.448076
 20
229.243663
 30
0.0
 10
23.442467
 20
229.236316
 30
0.0
 10
23.437463
 20
229.229031
 30
0.0
 10
23.432458
 20
229.221684
 30
0.0
  0
SPLINE
  5
f8f
100
AcDbEntity
  8
0
 62
7
100
AcDbSpline
 70
8
 71
3
 72
8
 73
4
 74
0
 40
0
 40
0
 40
0
 40
0
 40
1
 40
1
 40
1
 40
1
 10
23.432458
 20
229.221684
 30
0.0
 10
23.407906
 20
229.187173
 30
0.0
 10
23.383321
 20
229.153312
 30
0.0
 10
23.358802
 20
229.119157
 30
0.0
  0
SPLINE
  5
f90
100
AcDbEntity
  8
0
 62
7
100
AcDbSpline
 70
8
 71
3
 72
8
 73
4
 74
0
 40
0
 40
0
 40
0
 40
0
 40
1
 40
1
 40
1
 40
1
 10
23.358802
 20
229.119157
 30
0.0
 10
22.643567
 20
228.879949
 30
0.0
 10
21.928869
 20
228.640740
 30
0.0
 10
21.213634
 20
228.401511
 30
0.0
  0
LINE
  5
f91
100
AcDbEntity
  8
0
 62
7
100
AcDbLine
 10
21.213634
 20
228.401511
 30
0.0
 11
21.212996
 21
228.401511
 31
0.0
  0
LINE
  5
f92
100
AcDbEntity
  8
0
 62
7
100
AcDbLine
 10
21.212996
 20
228.401511
 30
0.0
 11
20.843102
 21
228.401511
 31
0.0
  0
SPLINE
  5
f93
100
AcDbEntity
  8
0
 62
7
100
AcDbSpline
 70
8
 71
3
 72
8
 73
4
 74
0
 40
0
 40
0
 40
0
 40
0
 40
1
 40
1
 40
1
 40
1
 10
20.843102
 20
228.401511
 30
0.0
 10
20.858183
 20
228.421727
 30
0.0
 10
20.873263
 20
228.441984
 30
0.0
 10
20.888277
 20
228.461864
 30
0.0
  0
LINE
  5
f94
100
AcDbEntity
  8
0
 62
7
100
AcDbLine
 10
20.888277
 20
228.461864
 30
0.0
 11
20.888277
 21
228.461864
 31
0.0
  0
SPLINE
  5
f95
100
AcDbEntity
  8
0
 62
7
100
AcDbSpline
 70
8
 71
3
 72
8
 73
4
 74
0
 40
0
 40
0
 40
0
 40
0
 40
1
 40
1
 40
1
 40
1
 10
20.856503
 20
228.019365
 30
0.0
 10
20.999886
 20
228.067123
 30
0.0
 10
21.142698
 20
228.114902
 30
0.0
 10
21.285544
 20
228.162701
 30
0.0
  0
LINE
  5
f96
100
AcDbEntity
  8
0
 62
7
100
AcDbLine
 10
21.285544
 20
228.162701
 30
0.0
 11
22.333357
 21
228.162701
 31
0.0
  0
LINE
  5
f97
100
AcDbEntity
  8
0
 62
7
100
AcDbLine
 10
22.333357
 20
228.162701
 30
0.0
 11
22.665835
 21
228.162701
 31
0.0
  0
SPLINE
  5
f98
100
AcDbEntity
  8
0
 62
7
100
AcDbSpline
 70
8
 71
3
 72
8
 73
4
 74
0
 40
0
 40
0
 40
0
 40
0
 40
1
 40
1
 40
1
 40
1
 10
22.665835
 20
228.162701
 30
0.0
 10
22.631207
 20
228.114923
 30
0.0
 10
22.596646
 20
228.067165
 30
0.0
 10
22.562051
 20
228.019365
 30
0.0
  0
LINE
  5
f99
100
AcDbEntity
  8
0
 62
7
100
AcDbLine
 10
22.562051
 20
228.019365
 30
0.0
 11
20.856503
 21
228.019365
 31
0.0
  0
LINE
  5
f9a
100
AcDbEntity
  8
0
 62
7
100
AcDbLine
 10
20.856503
 20
228.019365
 30
0.0
 11
20.856503
 21
228.019365
 31
0.0
  0
LINE
  5
f9b
100
AcDbEntity
  8
0
 62
7
100
AcDbLine
 10
20.332848
 20
227.713380
 30
0.0
 11
20.332848
 21
227.713380
 31
0.0
  0
LINE
  5
f9c
100
AcDbEntity
  8
0
 62
7
100
AcDbLine
 10
20.332848
 20
227.713380
 30
0.0
 11
20.332848
 21
227.713380
 31
0.0
  0
LINE
  5
f9d
100
AcDbEntity
  8
0
 62
7
100
AcDbLine
 10
20.333151
 20
227.713548
 30
0.0
 11
20.333151
 21
227.713548
 31
0.0
  0
LINE
  5
f9e
100
AcDbEntity
  8
0
 62
7
100
AcDbLine
 10
20.382289
 20
227.780493
 30
0.0
 11
22.045416
 21
227.780493
 31
0.0
  0
LINE
  5
f9f
100
AcDbEntity
  8
0
 62
7
100
AcDbLine
 10
22.045416
 20
227.780493
 30
0.0
 11
22.389649
 21
227.780493
 31
0.0
  0
SPLINE
  5
fa0
100
AcDbEntity
  8
0
 62
7
100
AcDbSpline
 70
8
 71
3
 72
8
 73
4
 74
0
 40
0
 40
0
 40
0
 40
0
 40
1
 40
1
 40
1
 40
1
 10
22.389649
 20
227.780493
 30
0.0
 10
22.208347
 20
227.529781
 30
0.0
 10
22.027010
 20
227.278711
 30
0.0
 10
21.845103
 20
227.027999
 30
0.0
  0
LINE
  5
fa1
100
AcDbEntity
  8
0
 62
7
100
AcDbLine
 10
21.845103
 20
227.027999
 30
0.0
 11
21.289977
 21
227.027999
 31
0.0
  0
SPLINE
  5
fa2
100
AcDbEntity
  8
0
 62
7
100
AcDbSpline
 70
8
 71
3
 72
8
 73
4
 74
0
 40
0
 40
0
 40
0
 40
0
 40
1
 40
1
 40
1
 40
1
 10
21.289977
 20
227.027999
 30
0.0
 10
20.970968
 20
227.256355
 30
0.0
 10
20.651858
 20
227.485004
 30
0.0
 10
20.333151
 20
227.713548
 30
0.0
  0
SPLINE
  5
fa3
100
AcDbEntity
  8
0
 62
7
100
AcDbSpline
 70
8
 71
3
 72
8
 73
4
 74
0
 40
0
 40
0
 40
0
 40
0
 40
1
 40
1
 40
1
 40
1
 10
20.333151
 20
227.713548
 30
0.0
 10
20.349340
 20
227.736220
 30
0.0
 10
20.366100
 20
227.758199
 30
0.0
 10
20.382289
 20
227.780493
 30
0.0
  0
LINE
  5
fa4
100
AcDbEntity
  8
0
 62
7
100
AcDbLine
 10
20.382289
 20
227.780493
 30
0.0
 11
20.382289
 21
227.780493
 31
0.0
  0
SPLINE
  5
fa5
100
AcDbEntity
  8
0
 62
7
100
AcDbSpline
 70
8
 71
3
 72
8
 73
4
 74
0
 40
0
 40
0
 40
0
 40
0
 40
1
 40
1
 40
1
 40
1
 10
20.168608
 20
227.491742
 30
0.0
 10
20.385076
 20
227.336902
 30
0.0
 10
20.600974
 20
227.182104
 30
0.0
 10
20.816871
 20
227.027621
 30
0.0
  0
LINE
  5
fa6
100
AcDbEntity
  8
0
 62
7
100
AcDbLine
 10
20.816871
 20
227.027621
 30
0.0
 11
19.823770
 21
227.027621
 31
0.0
  0
SPLINE
  5
fa7
100
AcDbEntity
  8
0
 62
7
100
AcDbSpline
 70
8
 71
3
 72
8
 73
4
 74
0
 40
0
 40
0
 40
0
 40
0
 40
1
 40
1
 40
1
 40
1
 10
19.823770
 20
227.027621
 30
0.0
 10
19.938705
 20
227.182440
 30
0.0
 10
20.053673
 20
227.337280
 30
0.0
 10
20.168608
 20
227.491742
 30
0.0
  0
LINE
  5
fa8
100
AcDbEntity
  8
0
 62
7
100
AcDbLine
 10
20.168608
 20
227.491742
 30
0.0
 11
20.168608
 21
227.491742
 31
0.0
  0
LINE
  5
fa9
100
AcDbEntity
  8
0
 62
7
100
AcDbLine
 10
19.648077
 20
226.787048
 30
0.0
 11
21.201845
 21
226.787048
 31
0.0
  0
SPLINE
  5
faa
100
AcDbEntity
  8
0
 62
7
100
AcDbSpline
 70
8
 71
3
 72
8
 73
4
 74
0
 40
0
 40
0
 40
0
 40
0
 40
1
 40
1
 40
1
 40
1
 10
21.201845
 20
226.787048
 30
0.0
 10
21.210779
 20
226.786713
 30
0.0
 10
21.219713
 20
226.786713
 30
0.0
 10
21.228076
 20
226.787048
 30
0.0
  0
LINE
  5
fab
100
AcDbEntity
  8
0
 62
7
100
AcDbLine
 10
21.228076
 20
226.787048
 30
0.0
 11
21.328468
 21
226.787048
 31
0.0
  0
LINE
  5
fac
100
AcDbEntity
  8
0
 62
7
100
AcDbLine
 10
21.328468
 20
226.787048
 30
0.0
 11
21.673809
 21
226.787048
 31
0.0
  0
SPLINE
  5
fad
100
AcDbEntity
  8
0
 62
7
100
AcDbSpline
 70
8
 71
3
 72
8
 73
4
 74
0
 40
0
 40
0
 40
0
 40
0
 40
1
 40
1
 40
1
 40
1
 10
21.673809
 20
226.787048
 30
0.0
 10
21.654833
 20
226.760892
 30
0.0
 10
21.636427
 20
226.735113
 30
0.0
 10
21.616947
 20
226.708936
 30
0.0
  0
LINE
  5
fae
100
AcDbEntity
  8
0
 62
7
100
AcDbLine
 10
21.616947
 20
226.708936
 30
0.0
 11
19.590038
 21
226.708936
 31
0.0
  0
SPLINE
  5
faf
100
AcDbEntity
  8
0
 62
7
100
AcDbSpline
 70
8
 71
3
 72
8
 73
4
 74
0
 40
0
 40
0
 40
0
 40
0
 40
1
 40
1
 40
1
 40
1
 10
19.590038
 20
226.708936
 30
0.0
 10
19.609586
 20
226.735113
 30
0.0
 10
19.628496
 20
226.761228
 30
0.0
 10
19.648077
 20
226.787048
 30
0.0
  0
LINE
  5
fb0
100
AcDbEntity
  8
0
 62
7
100
AcDbLine
 10
19.648077
 20
226.787048
 30
0.0
 11
19.648077
 21
226.787048
 31
0.0
  0
LINE
  5
fb1
100
AcDbEntity
  8
0
 62
7
100
AcDbLine
 10
19.412598
 20
226.472183
 30
0.0
 11
20.303594
 21
226.472183
 31
0.0
  0
SPLINE
  5
fb2
100
AcDbEntity
  8
0
 62
7
100
AcDbSpline
 70
8
 71
3
 72
8
 73
4
 74
0
 40
0
 40
0
 40
0
 40
0
 40
1
 40
1
 40
1
 40
1
 10
20.303594
 20
226.472183
 30
0.0
 10
19.895781
 20
226.322927
 30
0.0
 10
19.487934
 20
226.173315
 30
0.0
 10
19.080087
 20
226.024059
 30
0.0
  0
SPLINE
  5
fb3
100
AcDbEntity
  8
0
 62
7
100
AcDbSpline
 70
8
 71
3
 72
8
 73
4
 74
0
 40
0
 40
0
 40
0
 40
0
 40
1
 40
1
 40
1
 40
1
 10
19.080087
 20
226.024059
 30
0.0
 10
19.172149
 20
226.148565
 30
0.0
 10
19.264815
 20
226.273029
 30
0.0
 10
19.357381
 20
226.397534
 30
0.0
  0
SPLINE
  5
fb4
100
AcDbEntity
  8
0
 62
7
100
AcDbSpline
 70
8
 71
3
 72
8
 73
4
 74
0
 40
0
 40
0
 40
0
 40
0
 40
1
 40
1
 40
1
 40
1
 10
19.357381
 20
226.397534
 30
0.0
 10
19.375753
 20
226.422305
 30
0.0
 10
19.394226
 20
226.447412
 30
0.0
 10
19.412598
 20
226.472183
 30
0.0
  0
LINE
  5
fb5
100
AcDbEntity
  8
0
 62
7
100
AcDbLine
 10
19.412598
 20
226.472183
 30
0.0
 11
19.412598
 21
226.472183
 31
0.0
  0
SPLINE
  5
fb6
100
AcDbEntity
  8
0
 62
7
100
AcDbSpline
 70
8
 71
3
 72
8
 73
4
 74
0
 40
0
 40
0
 40
0
 40
0
 40
1
 40
1
 40
1
 40
1
 10
18.807327
 20
225.655810
 30
0.0
 10
19.550439
 20
225.928165
 30
0.0
 10
20.293585
 20
226.199807
 30
0.0
 10
21.036160
 20
226.472120
 30
0.0
  0
LINE
  5
fb7
100
AcDbEntity
  8
0
 62
7
100
AcDbLine
 10
21.036160
 20
226.472120
 30
0.0
 11
21.098632
 21
226.472120
 31
0.0
  0
LINE
  5
fb8
100
AcDbEntity
  8
0
 62
7
100
AcDbLine
 10
21.098632
 20
226.472120
 30
0.0
 11
21.444545
 21
226.472120
 31
0.0
  0
SPLINE
  5
fb9
100
AcDbEntity
  8
0
 62
7
100
AcDbSpline
 70
8
 71
3
 72
8
 73
4
 74
0
 40
0
 40
0
 40
0
 40
0
 40
1
 40
1
 40
1
 40
1
 10
21.444545
 20
226.472120
 30
0.0
 10
21.423318
 20
226.442857
 30
0.0
 10
21.402124
 20
226.413195
 30
0.0
 10
21.380964
 20
226.383910
 30
0.0
  0
SPLINE
  5
fba
100
AcDbEntity
  8
0
 62
7
100
AcDbSpline
 70
8
 71
3
 72
8
 73
4
 74
0
 40
0
 40
0
 40
0
 40
0
 40
1
 40
1
 40
1
 40
1
 10
21.380964
 20
226.383910
 30
0.0
 10
20.645107
 20
226.118902
 30
0.0
 10
19.908645
 20
225.853516
 30
0.0
 10
19.172720
 20
225.588151
 30
0.0
  0
LINE
  5
fbb
100
AcDbEntity
  8
0
 62
7
100
AcDbLine
 10
19.172720
 20
225.588151
 30
0.0
 11
19.172149
 21
225.588193
 31
0.0
  0
LINE
  5
fbc
100
AcDbEntity
  8
0
 62
7
100
AcDbLine
 10
19.172149
 20
225.588193
 30
0.0
 11
18.757047
 21
225.588193
 31
0.0
  0
SPLINE
  5
fbd
100
AcDbEntity
  8
0
 62
7
100
AcDbSpline
 70
8
 71
3
 72
8
 73
4
 74
0
 40
0
 40
0
 40
0
 40
0
 40
1
 40
1
 40
1
 40
1
 10
18.757047
 20
225.588193
 30
0.0
 10
18.773807
 20
225.610865
 30
0.0
 10
18.790533
 20
225.633201
 30
0.0
 10
18.807327
 20
225.655810
 30
0.0
  0
LINE
  5
fbe
100
AcDbEntity
  8
0
 62
7
100
AcDbLine
 10
18.807327
 20
225.655810
 30
0.0
 11
18.807327
 21
225.655810
 31
0.0
  0
SPLINE
  5
fbf
100
AcDbEntity
  8
0
 62
7
100
AcDbSpline
 70
8
 71
3
 72
8
 73
4
 74
0
 40
0
 40
0
 40
0
 40
0
 40
1
 40
1
 40
1
 40
1
 10
19.025407
 20
225.268038
 30
0.0
 10
19.100777
 20
225.295266
 30
0.0
 10
19.176079
 20
225.322115
 30
0.0
 10
19.251952
 20
225.349279
 30
0.0
  0
LINE
  5
fc0
100
AcDbEntity
  8
0
 62
7
100
AcDbLine
 10
19.251952
 20
225.349279
 30
0.0
 11
20.271787
 21
225.349279
 31
0.0
  0
LINE
  5
fc1
100
AcDbEntity
  8
0
 62
7
100
AcDbLine
 10
20.271787
 20
225.349279
 30
0.0
 11
20.632780
 21
225.349279
 31
0.0
  0
SPLINE
  5
fc2
100
AcDbEntity
  8
0
 62
7
100
AcDbSpline
 70
8
 71
3
 72
8
 73
4
 74
0
 40
0
 40
0
 40
0
 40
0
 40
1
 40
1
 40
1
 40
1
 10
20.632780
 20
225.349279
 30
0.0
 10
20.595432
 20
225.298016
 30
0.0
 10
20.558553
 20
225.246416
 30
0.0
 10
20.521204
 20
225.195153
 30
0.0
  0
LINE
  5
fc3
100
AcDbEntity
  8
0
 62
7
100
AcDbLine
 10
20.521204
 20
225.195153
 30
0.0
 11
18.824557
 21
225.195153
 31
0.0
  0
LINE
  5
fc4
100
AcDbEntity
  8
0
 62
7
100
AcDbLine
 10
18.824557
 20
225.195153
 30
0.0
 11
18.824557
 21
225.195531
 31
0.0
  0
SPLINE
  5
fc5
100
AcDbEntity
  8
0
 62
7
100
AcDbSpline
 70
8
 71
3
 72
8
 73
4
 74
0
 40
0
 40
0
 40
0
 40
0
 40
1
 40
1
 40
1
 40
1
 10
18.824557
 20
225.195531
 30
0.0
 10
18.891563
 20
225.219945
 30
0.0
 10
18.958468
 20
225.243981
 30
0.0
 10
19.025407
 20
225.268038
 30
0.0
  0
LINE
  5
fc6
100
AcDbEntity
  8
0
 62
7
100
AcDbLine
 10
19.025407
 20
225.268038
 30
0.0
 11
19.025407
 21
225.268038
 31
0.0
  0
LINE
  5
fc7
100
AcDbEntity
  8
0
 62
7
100
AcDbLine
 10
18.825665
 20
224.957015
 30
0.0
 11
19.981696
 21
224.957015
 31
0.0
  0
LINE
  5
fc8
100
AcDbEntity
  8
0
 62
7
100
AcDbLine
 10
19.981696
 20
224.957015
 30
0.0
 11
20.348231
 21
224.957015
 31
0.0
  0
SPLINE
  5
fc9
100
AcDbEntity
  8
0
 62
7
100
AcDbSpline
 70
8
 71
3
 72
8
 73
4
 74
0
 40
0
 40
0
 40
0
 40
0
 40
1
 40
1
 40
1
 40
1
 10
20.348231
 20
224.957015
 30
0.0
 10
20.174754
 20
224.717114
 30
0.0
 10
20.001210
 20
224.477192
 30
0.0
 10
19.827734
 20
224.237312
 30
0.0
  0
SPLINE
  5
fca
100
AcDbEntity
  8
0
 62
7
100
AcDbSpline
 70
8
 71
3
 72
8
 73
4
 74
0
 40
0
 40
0
 40
0
 40
0
 40
1
 40
1
 40
1
 40
1
 10
19.827734
 20
224.237312
 30
0.0
 10
19.493509
 20
224.477192
 30
0.0
 10
19.159923
 20
224.717114
 30
0.0
 10
18.825665
 20
224.957015
 30
0.0
  0
LINE
  5
fcb
100
AcDbEntity
  8
0
 62
7
100
AcDbLine
 10
18.825665
 20
224.957015
 30
0.0
 11
18.825665
 21
224.957015
 31
0.0
  0
SPLINE
  5
fcc
100
AcDbEntity
  8
0
 62
7
100
AcDbSpline
 70
8
 71
3
 72
8
 73
4
 74
0
 40
0
 40
0
 40
0
 40
0
 40
1
 40
1
 40
1
 40
1
 10
18.352593
 20
224.957015
 30
0.0
 10
18.775990
 20
224.652940
 30
0.0
 10
19.198380
 20
224.349201
 30
0.0
 10
19.621274
 20
224.045504
 30
0.0
  0
SPLINE
  5
fcd
100
AcDbEntity
  8
0
 62
7
100
AcDbSpline
 70
8
 71
3
 72
8
 73
4
 74
0
 40
0
 40
0
 40
0
 40
0
 40
1
 40
1
 40
1
 40
1
 10
19.621274
 20
224.045504
 30
0.0
 10
19.635784
 20
224.034693
 30
0.0
 10
19.650831
 20
224.024239
 30
0.0
 10
19.665374
 20
224.013428
 30
0.0
  0
SPLINE
  5
fce
100
AcDbEntity
  8
0
 62
7
100
AcDbSpline
 70
8
 71
3
 72
8
 73
4
 74
0
 40
0
 40
0
 40
0
 40
0
 40
1
 40
1
 40
1
 40
1
 10
19.665374
 20
224.013428
 30
0.0
 10
19.651973
 20
223.994933
 30
0.0
 10
19.638572
 20
223.976460
 30
0.0
 10
19.625204
 20
223.958302
 30
0.0
  0
LINE
  5
fcf
100
AcDbEntity
  8
0
 62
7
100
AcDbLine
 10
19.625204
 20
223.958302
 30
0.0
 11
19.464557
 21
223.958302
 31
0.0
  0
LINE
  5
fd0
100
AcDbEntity
  8
0
 62
7
100
AcDbLine
 10
19.464557
 20
223.958302
 30
0.0
 11
19.440543
 21
223.958302
 31
0.0
  0
SPLINE
  5
fd1
100
AcDbEntity
  8
0
 62
7
100
AcDbSpline
 70
8
 71
3
 72
8
 73
4
 74
0
 40
0
 40
0
 40
0
 40
0
 40
1
 40
1
 40
1
 40
1
 10
19.440543
 20
223.958302
 30
0.0
 10
19.033871
 20
224.260634
 30
0.0
 10
18.627704
 20
224.562988
 30
0.0
 10
18.220965
 20
224.865278
 30
0.0
  0
LINE
  5
fd2
100
AcDbEntity
  8
0
 62
7
100
AcDbLine
 10
18.220965
 20
224.865278
 30
0.0
 11
18.220932
 21
224.865677
 31
0.0
  0
SPLINE
  5
fd3
100
AcDbEntity
  8
0
 62
7
100
AcDbSpline
 70
8
 71
3
 72
8
 73
4
 74
0
 40
0
 40
0
 40
0
 40
0
 40
1
 40
1
 40
1
 40
1
 10
18.220932
 20
224.865677
 30
0.0
 10
18.243267
 20
224.895990
 30
0.0
 10
18.266677
 20
224.926702
 30
0.0
 10
18.289012
 20
224.957015
 30
0.0
  0
LINE
  5
fd4
100
AcDbEntity
  8
0
 62
7
100
AcDbLine
 10
18.289012
 20
224.957015
 30
0.0
 11
18.352593
 21
224.957015
 31
0.0
  0
LINE
  5
fd5
100
AcDbEntity
  8
0
 62
7
100
AcDbLine
 10
18.352593
 20
224.957015
 30
0.0
 11
18.352593
 21
224.957015
 31
0.0
  0
SPLINE
  5
fd6
100
AcDbEntity
  8
0
 62
7
100
AcDbSpline
 70
8
 71
3
 72
8
 73
4
 74
0
 40
0
 40
0
 40
0
 40
0
 40
1
 40
1
 40
1
 40
1
 10
24.000851
 20
229.482137
 30
0.0
 10
24.161531
 20
229.373711
 30
0.0
 10
24.322816
 20
229.265600
 30
0.0
 10
24.484034
 20
229.157174
 30
0.0
  0
SPLINE
  5
fd7
100
AcDbEntity
  8
0
 62
7
100
AcDbSpline
 70
8
 71
3
 72
8
 73
4
 74
0
 40
0
 40
0
 40
0
 40
0
 40
1
 40
1
 40
1
 40
1
 10
24.484034
 20
229.157174
 30
0.0
 10
23.507089
 20
228.387551
 30
0.0
 10
22.717122
 20
227.505010
 30
0.0
 10
22.121826
 20
226.556174
 30
0.0
  0
SPLINE
  5
fd8
100
AcDbEntity
  8
0
 62
7
100
AcDbSpline
 70
8
 71
3
 72
8
 73
4
 74
0
 40
0
 40
0
 40
0
 40
0
 40
1
 40
1
 40
1
 40
1
 10
22.121826
 20
226.556174
 30
0.0
 10
22.018614
 20
226.523048
 30
0.0
 10
21.915434
 20
226.489922
 30
0.0
 10
21.812188
 20
226.456817
 30
0.0
  0
SPLINE
  5
fd9
100
AcDbEntity
  8
0
 62
7
100
AcDbSpline
 70
8
 71
3
 72
8
 73
4
 74
0
 40
0
 40
0
 40
0
 40
0
 40
1
 40
1
 40
1
 40
1
 10
21.812188
 20
226.456817
 30
0.0
 10
22.412522
 20
227.286374
 30
0.0
 10
23.012285
 20
228.115573
 30
0.0
 10
23.612619
 20
228.944794
 30
0.0
  0
SPLINE
  5
fda
100
AcDbEntity
  8
0
 62
7
100
AcDbSpline
 70
8
 71
3
 72
8
 73
4
 74
0
 40
0
 40
0
 40
0
 40
0
 40
1
 40
1
 40
1
 40
1
 10
23.612619
 20
228.944794
 30
0.0
 10
23.636567
 20
228.961189
 30
0.0
 10
23.649968
 20
228.980733
 30
0.0
 10
23.653326
 20
229.001285
 30
0.0
  0
SPLINE
  5
fdb
100
AcDbEntity
  8
0
 62
7
100
AcDbSpline
 70
8
 71
3
 72
8
 73
4
 74
0
 40
0
 40
0
 40
0
 40
0
 40
1
 40
1
 40
1
 40
1
 10
23.653326
 20
229.001285
 30
0.0
 10
23.769302
 20
229.161688
 30
0.0
 10
23.884875
 20
229.321734
 30
0.0
 10
24.000851
 20
229.482137
 30
0.0
  0
LINE
  5
fdc
100
AcDbEntity
  8
0
 62
7
100
AcDbLine
 10
24.000851
 20
229.482137
 30
0.0
 11
24.000851
 21
229.482137
 31
0.0
  0
SPLINE
  5
fdd
100
AcDbEntity
  8
0
 62
7
100
AcDbSpline
 70
8
 71
3
 72
8
 73
4
 74
0
 40
0
 40
0
 40
0
 40
0
 40
1
 40
1
 40
1
 40
1
 10
21.714618
 20
226.164561
 30
0.0
 10
21.786091
 20
226.187589
 30
0.0
 10
21.856892
 20
226.210597
 30
0.0
 10
21.927727
 20
226.233269
 30
0.0
  0
SPLINE
  5
fde
100
AcDbEntity
  8
0
 62
7
100
AcDbSpline
 70
8
 71
3
 72
8
 73
4
 74
0
 40
0
 40
0
 40
0
 40
0
 40
1
 40
1
 40
1
 40
1
 10
21.927727
 20
226.233269
 30
0.0
 10
21.868580
 20
226.129357
 30
0.0
 10
21.810542
 20
226.024374
 30
0.0
 10
21.755896
 20
225.919076
 30
0.0
  0
SPLINE
  5
fdf
100
AcDbEntity
  8
0
 62
7
100
AcDbSpline
 70
8
 71
3
 72
8
 73
4
 74
0
 40
0
 40
0
 40
0
 40
0
 40
1
 40
1
 40
1
 40
1
 10
21.755896
 20
225.919076
 30
0.0
 10
21.741957
 20
226.001030
 30
0.0
 10
21.728556
 20
226.082984
 30
0.0
 10
21.714618
 20
226.164561
 30
0.0
  0
LINE
  5
fe0
100
AcDbEntity
  8
0
 62
7
100
AcDbLine
 10
21.714618
 20
226.164561
 30
0.0
 11
21.714618
 21
226.164561
 31
0.0
  0
SPLINE
  5
fe1
100
AcDbEntity
  8
0
 62
7
100
AcDbSpline
 70
8
 71
3
 72
8
 73
4
 74
0
 40
0
 40
0
 40
0
 40
0
 40
1
 40
1
 40
1
 40
1
 10
21.419993
 20
225.915255
 30
0.0
 10
21.439574
 20
225.797404
 30
0.0
 10
21.459054
 20
225.679867
 30
0.0
 10
21.479139
 20
225.562016
 30
0.0
  0
SPLINE
  5
fe2
100
AcDbEntity
  8
0
 62
7
100
AcDbSpline
 70
8
 71
3
 72
8
 73
4
 74
0
 40
0
 40
0
 40
0
 40
0
 40
1
 40
1
 40
1
 40
1
 10
21.479139
 20
225.562016
 30
0.0
 10
21.373710
 20
225.562016
 30
0.0
 10
21.269388
 20
225.562016
 30
0.0
 10
21.164698
 20
225.561932
 30
0.0
  0
SPLINE
  5
fe3
100
AcDbEntity
  8
0
 62
7
100
AcDbSpline
 70
8
 71
3
 72
8
 73
4
 74
0
 40
0
 40
0
 40
0
 40
0
 40
1
 40
1
 40
1
 40
1
 10
21.164698
 20
225.561932
 30
0.0
 10
21.169131
 20
225.567789
 30
0.0
 10
21.173498
 20
225.573646
 30
0.0
 10
21.177360
 20
225.579818
 30
0.0
  0
SPLINE
  5
fe4
100
AcDbEntity
  8
0
 62
7
100
AcDbSpline
 70
8
 71
3
 72
8
 73
4
 74
0
 40
0
 40
0
 40
0
 40
0
 40
1
 40
1
 40
1
 40
1
 10
21.177360
 20
225.579818
 30
0.0
 10
21.258238
 20
225.691392
 30
0.0
 10
21.339149
 20
225.803345
 30
0.0
 10
21.419993
 20
225.915255
 30
0.0
  0
LINE
  5
fe5
100
AcDbEntity
  8
0
 62
7
100
AcDbLine
 10
21.419993
 20
225.915255
 30
0.0
 11
21.419993
 21
225.915255
 31
0.0
  0
LINE
  5
fe6
100
AcDbEntity
  8
0
 62
7
100
AcDbLine
 10
21.043449
 20
225.323206
 30
0.0
 11
21.472455
 21
225.323206
 31
0.0
  0
SPLINE
  5
fe7
100
AcDbEntity
  8
0
 62
7
100
AcDbSpline
 70
8
 71
3
 72
8
 73
4
 74
0
 40
0
 40
0
 40
0
 40
0
 40
1
 40
1
 40
1
 40
1
 10
21.472455
 20
225.323206
 30
0.0
 10
21.374818
 20
225.097580
 30
0.0
 10
21.288298
 20
224.869498
 30
0.0
 10
21.211316
 20
224.639379
 30
0.0
  0
SPLINE
  5
fe8
100
AcDbEntity
  8
0
 62
7
100
AcDbSpline
 70
8
 71
3
 72
8
 73
4
 74
0
 40
0
 40
0
 40
0
 40
0
 40
1
 40
1
 40
1
 40
1
 10
21.211316
 20
224.639379
 30
0.0
 10
21.155562
 20
224.867440
 30
0.0
 10
21.099203
 20
225.095124
 30
0.0
 10
21.043449
 20
225.323206
 30
0.0
  0
LINE
  5
fe9
100
AcDbEntity
  8
0
 62
7
100
AcDbLine
 10
21.043449
 20
225.323206
 30
0.0
 11
21.043449
 21
225.323206
 31
0.0
  0
SPLINE
  5
fea
100
AcDbEntity
  8
0
 62
7
100
AcDbSpline
 70
8
 71
3
 72
8
 73
4
 74
0
 40
0
 40
0
 40
0
 40
0
 40
1
 40
1
 40
1
 40
1
 10
20.775626
 20
225.026794
 30
0.0
 10
20.821909
 20
224.839185
 30
0.0
 10
20.868192
 20
224.651576
 30
0.0
 10
20.913937
 20
224.463631
 30
0.0
  0
SPLINE
  5
feb
100
AcDbEntity
  8
0
 62
7
100
AcDbSpline
 70
8
 71
3
 72
8
 73
4
 74
0
 40
0
 40
0
 40
0
 40
0
 40
1
 40
1
 40
1
 40
1
 10
20.913937
 20
224.463631
 30
0.0
 10
20.728705
 20
224.459453
 30
0.0
 10
20.544077
 20
224.454919
 30
0.0
 10
20.358811
 20
224.450720
 30
0.0
  0
LINE
  5
fec
100
AcDbEntity
  8
0
 62
7
100
AcDbLine
 10
20.358811
 20
224.450720
 30
0.0
 11
20.359416
 21
224.451056
 31
0.0
  0
SPLINE
  5
fed
100
AcDbEntity
  8
0
 62
7
100
AcDbSpline
 70
8
 71
3
 72
8
 73
4
 74
0
 40
0
 40
0
 40
0
 40
0
 40
1
 40
1
 40
1
 40
1
 10
20.359416
 20
224.451056
 30
0.0
 10
20.498365
 20
224.642864
 30
0.0
 10
20.637247
 20
224.834986
 30
0.0
 10
20.775626
 20
225.026794
 30
0.0
  0
LINE
  5
fee
100
AcDbEntity
  8
0
 62
7
100
AcDbLine
 10
20.775626
 20
225.026794
 30
0.0
 11
20.775626
 21
225.026794
 31
0.0
  0
SPLINE
  5
fef
100
AcDbEntity
  8
0
 62
7
100
AcDbSpline
 70
8
 71
3
 72
8
 73
4
 74
0
 40
0
 40
0
 40
0
 40
0
 40
1
 40
1
 40
1
 40
1
 10
20.165820
 20
224.182878
 30
0.0
 10
20.275180
 20
224.105500
 30
0.0
 10
20.385076
 20
224.028059
 30
0.0
 10
20.495544
 20
223.951710
 30
0.0
  0
SPLINE
  5
ff0
100
AcDbEntity
  8
0
 62
7
100
AcDbSpline
 70
8
 71
3
 72
8
 73
4
 74
0
 40
0
 40
0
 40
0
 40
0
 40
1
 40
1
 40
1
 40
1
 10
20.495544
 20
223.951710
 30
0.0
 10
20.591536
 20
223.886151
 30
0.0
 10
20.688065
 20
223.820570
 30
0.0
 10
20.786810
 20
223.756418
 30
0.0
  0
SPLINE
  5
ff1
100
AcDbEntity
  8
0
 62
7
100
AcDbSpline
 70
8
 71
3
 72
8
 73
4
 74
0
 40
0
 40
0
 40
0
 40
0
 40
1
 40
1
 40
1
 40
1
 10
20.786810
 20
223.756418
 30
0.0
 10
20.790740
 20
223.753962
 30
0.0
 10
20.794032
 20
223.751547
 30
0.0
 10
20.798532
 20
223.748734
 30
0.0
  0
SPLINE
  5
ff2
100
AcDbEntity
  8
0
 62
7
100
AcDbSpline
 70
8
 71
3
 72
8
 73
4
 74
0
 40
0
 40
0
 40
0
 40
0
 40
1
 40
1
 40
1
 40
1
 10
20.798532
 20
223.748734
 30
0.0
 10
20.729377
 20
223.710738
 30
0.0
 10
20.679130
 20
223.659475
 30
0.0
 10
20.643427
 20
223.601956
 30
0.0
  0
SPLINE
  5
ff3
100
AcDbEntity
  8
0
 62
7
100
AcDbSpline
 70
8
 71
3
 72
8
 73
4
 74
0
 40
0
 40
0
 40
0
 40
0
 40
1
 40
1
 40
1
 40
1
 10
20.643427
 20
223.601956
 30
0.0
 10
20.571417
 20
223.652841
 30
0.0
 10
20.499507
 20
223.704105
 30
0.0
 10
20.427497
 20
223.755032
 30
0.0
  0
SPLINE
  5
ff4
100
AcDbEntity
  8
0
 62
7
100
AcDbSpline
 70
8
 71
3
 72
8
 73
4
 74
0
 40
0
 40
0
 40
0
 40
0
 40
1
 40
1
 40
1
 40
1
 10
20.427497
 20
223.755032
 30
0.0
 10
20.340406
 20
223.816750
 30
0.0
 10
20.203203
 20
223.958658
 30
0.0
 10
20.065429
 20
223.958658
 30
0.0
  0
LINE
  5
ff5
100
AcDbEntity
  8
0
 62
7
100
AcDbLine
 10
20.065429
 20
223.958658
 30
0.0
 11
20.003528
 21
223.958658
 31
0.0
  0
SPLINE
  5
ff6
100
AcDbEntity
  8
0
 62
7
100
AcDbSpline
 70
8
 71
3
 72
8
 73
4
 74
0
 40
0
 40
0
 40
0
 40
0
 40
1
 40
1
 40
1
 40
1
 10
20.003528
 20
223.958658
 30
0.0
 10
20.057603
 20
224.033286
 30
0.0
 10
20.111712
 20
224.108271
 30
0.0
 10
20.165820
 20
224.182878
 30
0.0
  0
LINE
  5
ff7
100
AcDbEntity
  8
0
 62
7
100
AcDbLine
 10
20.165820
 20
224.182878
 30
0.0
 11
20.165820
 21
224.182878
 31
0.0
  0
SPLINE
  5
ff8
100
AcDbEntity
  8
0
 62
7
100
AcDbSpline
 70
8
 71
3
 72
8
 73
4
 74
0
 40
0
 40
0
 40
0
 40
0
 40
1
 40
1
 40
1
 40
1
 10
24.632421
 20
229.927134
 30
0.0
 10
24.801498
 20
229.830548
 30
0.0
 10
24.970541
 20
229.734297
 30
0.0
 10
25.139585
 20
229.637690
 30
0.0
  0
SPLINE
  5
ff9
100
AcDbEntity
  8
0
 62
7
100
AcDbSpline
 70
8
 71
3
 72
8
 73
4
 74
0
 40
0
 40
0
 40
0
 40
0
 40
1
 40
1
 40
1
 40
1
 10
25.139585
 20
229.637690
 30
0.0
 10
25.020183
 20
229.556450
 30
0.0
 10
24.902461
 20
229.473446
 30
0.0
 10
24.787526
 20
229.388721
 30
0.0
  0
SPLINE
  5
ffa
100
AcDbEntity
  8
0
 62
7
100
AcDbSpline
 70
8
 71
3
 72
8
 73
4
 74
0
 40
0
 40
0
 40
0
 40
0
 40
1
 40
1
 40
1
 40
1
 10
24.787526
 20
229.388721
 30
0.0
 10
24.735634
 20
229.568290
 30
0.0
 10
24.684313
 20
229.747523
 30
0.0
 10
24.632421
 20
229.927134
 30
0.0
  0
LINE
  5
ffb
100
AcDbEntity
  8
0
 62
7
100
AcDbLine
 10
24.632421
 20
229.927134
 30
0.0
 11
24.632421
 21
229.927134
 31
0.0
  0
SPLINE
  5
ffc
100
AcDbEntity
  8
0
 62
7
100
AcDbSpline
 70
8
 71
3
 72
8
 73
4
 74
0
 40
0
 40
0
 40
0
 40
0
 40
1
 40
1
 40
1
 40
1
 10
20.594290
 20
224.217768
 30
0.0
 10
20.757220
 20
224.221294
 30
0.0
 10
20.920621
 20
224.225115
 30
0.0
 10
21.083014
 20
224.228936
 30
0.0
  0
SPLINE
  5
ffd
100
AcDbEntity
  8
0
 62
7
100
AcDbSpline
 70
8
 71
3
 72
8
 73
4
 74
0
 40
0
 40
0
 40
0
 40
0
 40
1
 40
1
 40
1
 40
1
 10
21.083014
 20
224.228936
 30
0.0
 10
21.055674
 20
224.131615
 30
0.0
 10
21.029443
 20
224.034693
 30
0.0
 10
21.005495
 20
223.937057
 30
0.0
  0
SPLINE
  5
ffe
100
AcDbEntity
  8
0
 62
7
100
AcDbSpline
 70
8
 71
3
 72
8
 73
4
 74
0
 40
0
 40
0
 40
0
 40
0
 40
1
 40
1
 40
1
 40
1
 10
21.005495
 20
223.937057
 30
0.0
 10
20.998778
 20
223.941613
 30
0.0
 10
20.991557
 20
223.945790
 30
0.0
 10
20.984839
 20
223.950324
 30
0.0
  0
SPLINE
  5
fff
100
AcDbEntity
  8
0
 62
7
100
AcDbSpline
 70
8
 71
3
 72
8
 73
4
 74
0
 40
0
 40
0
 40
0
 40
0
 40
1
 40
1
 40
1
 40
1
 10
20.984839
 20
223.950324
 30
0.0
 10
20.891132
 20
224.011349
 30
0.0
 10
20.800111
 20
224.074096
 30
0.0
 10
20.708653
 20
224.136884
 30
0.0
  0
LINE
  5
1000
100
AcDbEntity
  8
0
 62
7
100
AcDbLine
 10
20.708653
 20
224.136884
 30
0.0
 11
20.709224
 21
224.137220
 31
0.0
  0
SPLINE
  5
1001
100
AcDbEntity
  8
0
 62
7
100
AcDbSpline
 70
8
 71
3
 72
8
 73
4
 74
0
 40
0
 40
0
 40
0
 40
0
 40
1
 40
1
 40
1
 40
1
 10
20.709224
 20
224.137220
 30
0.0
 10
20.670734
 20
224.163733
 30
0.0
 10
20.632780
 20
224.190918
 30
0.0
 10
20.594290
 20
224.217768
 30
0.0
  0
LINE
  5
1002
100
AcDbEntity
  8
0
 62
7
100
AcDbLine
 10
20.594290
 20
224.217768
 30
0.0
 11
20.594290
 21
224.217768
 31
0.0
  0
SPLINE
  5
1003
100
AcDbEntity
  8
0
 62
7
100
AcDbSpline
 70
8
 71
3
 72
8
 73
4
 74
0
 40
0
 40
0
 40
0
 40
0
 40
1
 40
1
 40
1
 40
1
 10
26.671689
 20
238.473832
 30
0.0
 10
26.730265
 20
238.441063
 30
0.0
 10
26.788303
 20
238.408273
 30
0.0
 10
26.846846
 20
238.375840
 30
0.0
  0
LINE
  5
1004
100
AcDbEntity
  8
0
 62
7
100
AcDbLine
 10
26.846846
 20
238.375840
 30
0.0
 11
26.847383
 21
238.375504
 31
0.0
  0
SPLINE
  5
1005
100
AcDbEntity
  8
0
 62
7
100
AcDbSpline
 70
8
 71
3
 72
8
 73
4
 74
0
 40
0
 40
0
 40
0
 40
0
 40
1
 40
1
 40
1
 40
1
 10
26.847383
 20
238.375504
 30
0.0
 10
26.779336
 20
238.351111
 30
0.0
 10
26.711826
 20
238.326361
 30
0.0
 10
26.643779
 20
238.301905
 30
0.0
  0
SPLINE
  5
1006
100
AcDbEntity
  8
0
 62
7
100
AcDbSpline
 70
8
 71
3
 72
8
 73
4
 74
0
 40
0
 40
0
 40
0
 40
0
 40
1
 40
1
 40
1
 40
1
 10
26.643779
 20
238.301905
 30
0.0
 10
26.633199
 20
238.307825
 30
0.0
 10
26.622014
 20
238.313786
 30
0.0
 10
26.611401
 20
238.319706
 30
0.0
  0
SPLINE
  5
1007
100
AcDbEntity
  8
0
 62
7
100
AcDbSpline
 70
8
 71
3
 72
8
 73
4
 74
0
 40
0
 40
0
 40
0
 40
0
 40
1
 40
1
 40
1
 40
1
 10
26.611401
 20
238.319706
 30
0.0
 10
26.631519
 20
238.370970
 30
0.0
 10
26.651571
 20
238.422233
 30
0.0
 10
26.671689
 20
238.473832
 30
0.0
  0
LINE
  5
1008
100
AcDbEntity
  8
0
 62
7
100
AcDbLine
 10
26.671689
 20
238.473832
 30
0.0
 11
26.671689
 21
238.473832
 31
0.0
  0
SPLINE
  5
1009
100
AcDbEntity
  8
0
 62
7
100
AcDbSpline
 70
8
 71
3
 72
8
 73
4
 74
0
 40
0
 40
0
 40
0
 40
0
 40
1
 40
1
 40
1
 40
1
 10
22.525777
 20
233.179822
 30
0.0
 10
22.577669
 20
233.133072
 30
0.0
 10
22.629024
 20
233.086007
 30
0.0
 10
22.681285
 20
233.038774
 30
0.0
  0
SPLINE
  5
100a
100
AcDbEntity
  8
0
 62
7
100
AcDbSpline
 70
8
 71
3
 72
8
 73
4
 74
0
 40
0
 40
0
 40
0
 40
0
 40
1
 40
1
 40
1
 40
1
 10
22.681285
 20
233.038774
 30
0.0
 10
22.629998
 20
232.992423
 30
0.0
 10
22.578139
 20
232.945421
 30
0.0
 10
22.526315
 20
232.898755
 30
0.0
  0
SPLINE
  5
100b
100
AcDbEntity
  8
0
 62
7
100
AcDbSpline
 70
8
 71
3
 72
8
 73
4
 74
0
 40
0
 40
0
 40
0
 40
0
 40
1
 40
1
 40
1
 40
1
 10
22.526315
 20
232.898755
 30
0.0
 10
22.474994
 20
232.945484
 30
0.0
 10
22.423102
 20
232.992549
 30
0.0
 10
22.371747
 20
233.038942
 30
0.0
  0
SPLINE
  5
100c
100
AcDbEntity
  8
0
 62
7
100
AcDbSpline
 70
8
 71
3
 72
8
 73
4
 74
0
 40
0
 40
0
 40
0
 40
0
 40
1
 40
1
 40
1
 40
1
 10
22.371747
 20
233.038942
 30
0.0
 10
22.421993
 20
233.084621
 30
0.0
 10
22.471601
 20
233.129944
 30
0.0
 10
22.521848
 20
233.175624
 30
0.0
  0
SPLINE
  5
100d
100
AcDbEntity
  8
0
 62
7
100
AcDbSpline
 70
8
 71
3
 72
8
 73
4
 74
0
 40
0
 40
0
 40
0
 40
0
 40
1
 40
1
 40
1
 40
1
 10
22.521848
 20
233.175624
 30
0.0
 10
22.523527
 20
233.177009
 30
0.0
 10
22.524602
 20
233.178416
 30
0.0
 10
22.525777
 20
233.179822
 30
0.0
  0
LINE
  5
100e
100
AcDbEntity
  8
0
 62
7
100
AcDbLine
 10
22.525777
 20
233.179822
 30
0.0
 11
22.525777
 21
233.179822
 31
0.0
  0
SPLINE
  5
100f
100
AcDbEntity
  8
0
 62
7
100
AcDbSpline
 70
8
 71
3
 72
8
 73
4
 74
0
 40
0
 40
0
 40
0
 40
0
 40
1
 40
1
 40
1
 40
1
 10
22.159209
 20
232.846442
 30
0.0
 10
22.211134
 20
232.799734
 30
0.0
 10
22.262422
 20
232.753005
 30
0.0
 10
22.314314
 20
232.705940
 30
0.0
  0
SPLINE
  5
1010
100
AcDbEntity
  8
0
 62
7
100
AcDbSpline
 70
8
 71
3
 72
8
 73
4
 74
0
 40
0
 40
0
 40
0
 40
0
 40
1
 40
1
 40
1
 40
1
 10
22.314314
 20
232.705940
 30
0.0
 10
22.262422
 20
232.659190
 30
0.0
 10
22.211134
 20
232.612460
 30
0.0
 10
22.159209
 20
232.565731
 30
0.0
  0
SPLINE
  5
1011
100
AcDbEntity
  8
0
 62
7
100
AcDbSpline
 70
8
 71
3
 72
8
 73
4
 74
0
 40
0
 40
0
 40
0
 40
0
 40
1
 40
1
 40
1
 40
1
 10
22.159209
 20
232.565731
 30
0.0
 10
22.107854
 20
232.612460
 30
0.0
 10
22.055962
 20
232.659190
 30
0.0
 10
22.004675
 20
232.705940
 30
0.0
  0
SPLINE
  5
1012
100
AcDbEntity
  8
0
 62
7
100
AcDbSpline
 70
8
 71
3
 72
8
 73
4
 74
0
 40
0
 40
0
 40
0
 40
0
 40
1
 40
1
 40
1
 40
1
 10
22.004675
 20
232.705940
 30
0.0
 10
22.055962
 20
232.752627
 30
0.0
 10
22.107854
 20
232.799377
 30
0.0
 10
22.159209
 20
232.846442
 30
0.0
  0
LINE
  5
1013
100
AcDbEntity
  8
0
 62
7
100
AcDbLine
 10
22.159209
 20
232.846442
 30
0.0
 11
22.159209
 21
232.846442
 31
0.0
  0
SPLINE
  5
1014
100
AcDbEntity
  8
0
 62
7
100
AcDbSpline
 70
8
 71
3
 72
8
 73
4
 74
0
 40
0
 40
0
 40
0
 40
0
 40
1
 40
1
 40
1
 40
1
 10
21.793245
 20
232.514153
 30
0.0
 10
21.844599
 20
232.467424
 30
0.0
 10
21.896491
 20
232.420359
 30
0.0
 10
21.948417
 20
232.373630
 30
0.0
  0
LINE
  5
1015
100
AcDbEntity
  8
0
 62
7
100
AcDbLine
 10
21.948417
 20
232.373630
 30
0.0
 11
21.947779
 21
232.373630
 31
0.0
  0
SPLINE
  5
1016
100
AcDbEntity
  8
0
 62
7
100
AcDbSpline
 70
8
 71
3
 72
8
 73
4
 74
0
 40
0
 40
0
 40
0
 40
0
 40
1
 40
1
 40
1
 40
1
 10
21.947779
 20
232.373630
 30
0.0
 10
21.900354
 20
232.331435
 30
0.0
 10
21.854071
 20
232.288548
 30
0.0
 10
21.807150
 20
232.246374
 30
0.0
  0
LINE
  5
1017
100
AcDbEntity
  8
0
 62
7
100
AcDbLine
 10
21.807150
 20
232.246374
 30
0.0
 11
21.745249
 21
232.246374
 31
0.0
  0
SPLINE
  5
1018
100
AcDbEntity
  8
0
 62
7
100
AcDbSpline
 70
8
 71
3
 72
8
 73
4
 74
0
 40
0
 40
0
 40
0
 40
0
 40
1
 40
1
 40
1
 40
1
 10
21.745249
 20
232.246374
 30
0.0
 10
21.704542
 20
232.284349
 30
0.0
 10
21.663801
 20
232.321695
 30
0.0
 10
21.623060
 20
232.359670
 30
0.0
  0
SPLINE
  5
1019
100
AcDbEntity
  8
0
 62
7
100
AcDbSpline
 70
8
 71
3
 72
8
 73
4
 74
0
 40
0
 40
0
 40
0
 40
0
 40
1
 40
1
 40
1
 40
1
 10
21.623060
 20
232.359670
 30
0.0
 10
21.679452
 20
232.411290
 30
0.0
 10
21.736348
 20
232.462554
 30
0.0
 10
21.793245
 20
232.514153
 30
0.0
  0
LINE
  5
101a
100
AcDbEntity
  8
0
 62
7
100
AcDbLine
 10
21.793245
 20
232.514153
 30
0.0
 11
21.793245
 21
232.514153
 31
0.0
  0
LINE
  5
101b
100
AcDbEntity
  8
0
 62
7
100
AcDbLine
 10
22.583245
 20
235.725738
 30
0.0
 11
23.514982
 21
235.725738
 31
0.0
  0
LINE
  5
101c
100
AcDbEntity
  8
0
 62
7
100
AcDbLine
 10
23.514982
 20
235.725738
 30
0.0
 11
23.514982
 21
235.464866
 31
0.0
  0
LINE
  5
101d
100
AcDbEntity
  8
0
 62
7
100
AcDbLine
 10
23.514982
 20
235.464866
 30
0.0
 11
22.432070
 21
235.464866
 31
0.0
  0
SPLINE
  5
101e
100
AcDbEntity
  8
0
 62
7
100
AcDbSpline
 70
8
 71
3
 72
8
 73
4
 74
0
 40
0
 40
0
 40
0
 40
0
 40
1
 40
1
 40
1
 40
1
 10
22.432070
 20
235.464866
 30
0.0
 10
22.482853
 20
235.551711
 30
0.0
 10
22.533637
 20
235.638515
 30
0.0
 10
22.583245
 20
235.725738
 30
0.0
  0
LINE
  5
101f
100
AcDbEntity
  8
0
 62
7
100
AcDbLine
 10
22.583245
 20
235.725738
 30
0.0
 11
22.583245
 21
235.725738
 31
0.0
  0
SPLINE
  5
1020
100
AcDbEntity
  8
0
 62
7
100
AcDbSpline
 70
8
 71
3
 72
8
 73
4
 74
0
 40
0
 40
0
 40
0
 40
0
 40
1
 40
1
 40
1
 40
1
 10
22.086728
 20
234.888477
 30
0.0
 10
22.292012
 20
234.767099
 30
0.0
 10
22.497900
 20
234.645763
 30
0.0
 10
22.703755
 20
234.524784
 30
0.0
  0
SPLINE
  5
1021
100
AcDbEntity
  8
0
 62
7
100
AcDbSpline
 70
8
 71
3
 72
8
 73
4
 74
0
 40
0
 40
0
 40
0
 40
0
 40
1
 40
1
 40
1
 40
1
 10
22.703755
 20
234.524784
 30
0.0
 10
22.605009
 20
234.465481
 30
0.0
 10
22.506834
 20
234.406240
 30
0.0
 10
22.408122
 20
234.346936
 30
0.0
  0
SPLINE
  5
1022
100
AcDbEntity
  8
0
 62
7
100
AcDbSpline
 70
8
 71
3
 72
8
 73
4
 74
0
 40
0
 40
0
 40
0
 40
0
 40
1
 40
1
 40
1
 40
1
 10
22.408122
 20
234.346936
 30
0.0
 10
22.247979
 20
234.441759
 30
0.0
 10
22.088374
 20
234.536603
 30
0.0
 10
21.928298
 20
234.631488
 30
0.0
  0
SPLINE
  5
1023
100
AcDbEntity
  8
0
 62
7
100
AcDbSpline
 70
8
 71
3
 72
8
 73
4
 74
0
 40
0
 40
0
 40
0
 40
0
 40
1
 40
1
 40
1
 40
1
 10
21.928298
 20
234.631488
 30
0.0
 10
21.981836
 20
234.717263
 30
0.0
 10
22.034265
 20
234.802346
 30
0.0
 10
22.086728
 20
234.888477
 30
0.0
  0
LINE
  5
1024
100
AcDbEntity
  8
0
 62
7
100
AcDbLine
 10
22.086728
 20
234.888477
 30
0.0
 11
22.086728
 21
234.888477
 31
0.0
  0
SPLINE
  5
1025
100
AcDbEntity
  8
0
 62
7
100
AcDbSpline
 70
8
 71
3
 72
8
 73
4
 74
0
 40
0
 40
0
 40
0
 40
0
 40
1
 40
1
 40
1
 40
1
 10
21.643178
 20
233.576998
 30
0.0
 10
21.703433
 20
233.527855
 30
0.0
 10
21.763151
 20
233.479006
 30
0.0
 10
21.823406
 20
233.429863
 30
0.0
  0
LINE
  5
1026
100
AcDbEntity
  8
0
 62
7
100
AcDbLine
 10
21.823406
 20
233.429863
 30
0.0
 11
21.398799
 21
233.429863
 31
0.0
  0
SPLINE
  5
1027
100
AcDbEntity
  8
0
 62
7
100
AcDbSpline
 70
8
 71
3
 72
8
 73
4
 74
0
 40
0
 40
0
 40
0
 40
0
 40
1
 40
1
 40
1
 40
1
 10
21.398799
 20
233.429863
 30
0.0
 10
21.480281
 20
233.479006
 30
0.0
 10
21.561696
 20
233.527855
 30
0.0
 10
21.643178
 20
233.576998
 30
0.0
  0
LINE
  5
1028
100
AcDbEntity
  8
0
 62
7
100
AcDbLine
 10
21.643178
 20
233.576998
 30
0.0
 11
21.643178
 21
233.576998
 31
0.0
  0
SPLINE
  5
1029
100
AcDbEntity
  8
0
 62
7
100
AcDbSpline
 70
8
 71
3
 72
8
 73
4
 74
0
 40
0
 40
0
 40
0
 40
0
 40
1
 40
1
 40
1
 40
1
 10
22.965465
 20
234.371330
 30
0.0
 10
23.053026
 20
234.319730
 30
0.0
 10
23.140587
 20
234.268110
 30
0.0
 10
23.228216
 20
234.216511
 30
0.0
  0
SPLINE
  5
102a
100
AcDbEntity
  8
0
 62
7
100
AcDbSpline
 70
8
 71
3
 72
8
 73
4
 74
0
 40
0
 40
0
 40
0
 40
0
 40
1
 40
1
 40
1
 40
1
 10
23.228216
 20
234.216511
 30
0.0
 10
23.127824
 20
234.157564
 30
0.0
 10
23.027903
 20
234.098995
 30
0.0
 10
22.926974
 20
234.040070
 30
0.0
  0
SPLINE
  5
102b
100
AcDbEntity
  8
0
 62
7
100
AcDbSpline
 70
8
 71
3
 72
8
 73
4
 74
0
 40
0
 40
0
 40
0
 40
0
 40
1
 40
1
 40
1
 40
1
 10
22.926974
 20
234.040070
 30
0.0
 10
22.841058
 20
234.090976
 30
0.0
 10
22.754572
 20
234.142240
 30
0.0
 10
22.669194
 20
234.193167
 30
0.0
  0
SPLINE
  5
102c
100
AcDbEntity
  8
0
 62
7
100
AcDbSpline
 70
8
 71
3
 72
8
 73
4
 74
0
 40
0
 40
0
 40
0
 40
0
 40
1
 40
1
 40
1
 40
1
 10
22.669194
 20
234.193167
 30
0.0
 10
22.767402
 20
234.252786
 30
0.0
 10
22.866685
 20
234.312383
 30
0.0
 10
22.965465
 20
234.371330
 30
0.0
  0
LINE
  5
102d
100
AcDbEntity
  8
0
 62
7
100
AcDbLine
 10
22.965465
 20
234.371330
 30
0.0
 11
22.965465
 21
234.371330
 31
0.0
  0
SPLINE
  5
102e
100
AcDbEntity
  8
0
 62
7
100
AcDbSpline
 70
8
 71
3
 72
8
 73
4
 74
0
 40
0
 40
0
 40
0
 40
0
 40
1
 40
1
 40
1
 40
1
 10
28.765738
 20
234.587677
 30
0.0
 10
28.808662
 20
234.612029
 30
0.0
 10
28.851452
 20
234.636380
 30
0.0
 10
28.894376
 20
234.660773
 30
0.0
  0
LINE
  5
102f
100
AcDbEntity
  8
0
 62
7
100
AcDbLine
 10
28.894376
 20
234.660773
 30
0.0
 11
28.894376
 21
234.516051
 31
0.0
  0
SPLINE
  5
1030
100
AcDbEntity
  8
0
 62
7
100
AcDbSpline
 70
8
 71
3
 72
8
 73
4
 74
0
 40
0
 40
0
 40
0
 40
0
 40
1
 40
1
 40
1
 40
1
 10
28.894376
 20
234.516051
 30
0.0
 10
28.851385
 20
234.540130
 30
0.0
 10
28.808461
 20
234.563809
 30
0.0
 10
28.765738
 20
234.587677
 30
0.0
  0
LINE
  5
1031
100
AcDbEntity
  8
0
 62
7
100
AcDbLine
 10
28.765738
 20
234.587677
 30
0.0
 11
28.765738
 21
234.587677
 31
0.0
  0
SPLINE
  5
1032
100
AcDbEntity
  8
0
 62
7
100
AcDbSpline
 70
8
 71
3
 72
8
 73
4
 74
0
 40
0
 40
0
 40
0
 40
0
 40
1
 40
1
 40
1
 40
1
 10
28.497647
 20
234.435839
 30
0.0
 10
28.629341
 20
234.362261
 30
0.0
 10
28.761540
 20
234.289396
 30
0.0
 10
28.893772
 20
234.215839
 30
0.0
  0
SPLINE
  5
1033
100
AcDbEntity
  8
0
 62
7
100
AcDbSpline
 70
8
 71
3
 72
8
 73
4
 74
0
 40
0
 40
0
 40
0
 40
0
 40
1
 40
1
 40
1
 40
1
 10
28.893772
 20
234.215839
 30
0.0
 10
28.742059
 20
234.128972
 30
0.0
 10
28.589138
 20
234.042148
 30
0.0
 10
28.436854
 20
233.955323
 30
0.0
  0
SPLINE
  5
1034
100
AcDbEntity
  8
0
 62
7
100
AcDbSpline
 70
8
 71
3
 72
8
 73
4
 74
0
 40
0
 40
0
 40
0
 40
0
 40
1
 40
1
 40
1
 40
1
 10
28.436854
 20
233.955323
 30
0.0
 10
28.311306
 20
234.032701
 30
0.0
 10
28.185220
 20
234.109806
 30
0.0
 10
28.059739
 20
234.187184
 30
0.0
  0
SPLINE
  5
1035
100
AcDbEntity
  8
0
 62
7
100
AcDbSpline
 70
8
 71
3
 72
8
 73
4
 74
0
 40
0
 40
0
 40
0
 40
0
 40
1
 40
1
 40
1
 40
1
 10
28.059739
 20
234.187184
 30
0.0
 10
28.205339
 20
234.269831
 30
0.0
 10
28.351510
 20
234.352814
 30
0.0
 10
28.497647
 20
234.435839
 30
0.0
  0
LINE
  5
1036
100
AcDbEntity
  8
0
 62
7
100
AcDbLine
 10
28.497647
 20
234.435839
 30
0.0
 11
28.497647
 21
234.435839
 31
0.0
  0
LINE
  5
1037
100
AcDbEntity
  8
0
 62
7
100
AcDbLine
 10
28.894376
 20
233.912100
 30
0.0
 11
28.894376
 21
233.682632
 31
0.0
  0
LINE
  5
1038
100
AcDbEntity
  8
0
 62
7
100
AcDbLine
 10
28.894376
 20
233.682632
 30
0.0
 11
28.894376
 21
233.673899
 31
0.0
  0
SPLINE
  5
1039
100
AcDbEntity
  8
0
 62
7
100
AcDbSpline
 70
8
 71
3
 72
8
 73
4
 74
0
 40
0
 40
0
 40
0
 40
0
 40
1
 40
1
 40
1
 40
1
 10
28.894376
 20
233.673899
 30
0.0
 10
28.827404
 20
233.715065
 30
0.0
 10
28.760465
 20
233.756210
 30
0.0
 10
28.693492
 20
233.797355
 30
0.0
  0
SPLINE
  5
103a
100
AcDbEntity
  8
0
 62
7
100
AcDbSpline
 70
8
 71
3
 72
8
 73
4
 74
0
 40
0
 40
0
 40
0
 40
0
 40
1
 40
1
 40
1
 40
1
 10
28.693492
 20
233.797355
 30
0.0
 10
28.760465
 20
233.835709
 30
0.0
 10
28.827404
 20
233.873705
 30
0.0
 10
28.894376
 20
233.912100
 30
0.0
  0
LINE
  5
103b
100
AcDbEntity
  8
0
 62
7
100
AcDbLine
 10
28.894376
 20
233.912100
 30
0.0
 11
28.894376
 21
233.912100
 31
0.0
  0
SPLINE
  5
103c
100
AcDbEntity
  8
0
 62
7
100
AcDbSpline
 70
8
 71
3
 72
8
 73
4
 74
0
 40
0
 40
0
 40
0
 40
0
 40
1
 40
1
 40
1
 40
1
 10
27.464981
 20
238.331231
 30
0.0
 10
27.514656
 20
238.349368
 30
0.0
 10
27.564835
 20
238.367506
 30
0.0
 10
27.614510
 20
238.385643
 30
0.0
  0
LINE
  5
103d
100
AcDbEntity
  8
0
 62
7
100
AcDbLine
 10
27.614510
 20
238.385643
 30
0.0
 11
27.614510
 21
238.247576
 31
0.0
  0
SPLINE
  5
103e
100
AcDbEntity
  8
0
 62
7
100
AcDbSpline
 70
8
 71
3
 72
8
 73
4
 74
0
 40
0
 40
0
 40
0
 40
0
 40
1
 40
1
 40
1
 40
1
 10
27.614510
 20
238.247576
 30
0.0
 10
27.564835
 20
238.275475
 30
0.0
 10
27.514656
 20
238.303374
 30
0.0
 10
27.464981
 20
238.331231
 30
0.0
  0
LINE
  5
103f
100
AcDbEntity
  8
0
 62
7
100
AcDbLine
 10
27.464981
 20
238.331231
 30
0.0
 11
27.464981
 21
238.331231
 31
0.0
  0
LINE
  5
1040
100
AcDbEntity
  8
0
 62
7
100
AcDbLine
 10
26.365880
 20
240.665460
 30
0.0
 11
27.246262
 21
241.042399
 31
0.0
  0
SPLINE
  5
1041
100
AcDbEntity
  8
0
 62
7
100
AcDbSpline
 70
8
 71
3
 72
8
 73
4
 74
0
 40
0
 40
0
 40
0
 40
0
 40
1
 40
1
 40
1
 40
1
 10
27.246262
 20
241.042399
 30
0.0
 10
27.302017
 20
241.009609
 30
0.0
 10
27.357301
 20
240.976819
 30
0.0
 10
27.413055
 20
240.943693
 30
0.0
  0
SPLINE
  5
1042
100
AcDbEntity
  8
0
 62
7
100
AcDbSpline
 70
8
 71
3
 72
8
 73
4
 74
0
 40
0
 40
0
 40
0
 40
0
 40
1
 40
1
 40
1
 40
1
 10
27.413055
 20
240.943693
 30
0.0
 10
27.408555
 20
240.930111
 30
0.0
 10
27.404121
 20
240.916844
 30
0.0
 10
27.399654
 20
240.903598
 30
0.0
  0
LINE
  5
1043
100
AcDbEntity
  8
0
 62
7
100
AcDbLine
 10
27.399654
 20
240.903598
 30
0.0
 11
26.858467
 21
240.665418
 31
0.0
  0
LINE
  5
1044
100
AcDbEntity
  8
0
 62
7
100
AcDbLine
 10
26.858467
 20
240.665418
 30
0.0
 11
26.365880
 21
240.665460
 31
0.0
  0
LINE
  5
1045
100
AcDbEntity
  8
0
 62
7
100
AcDbLine
 10
26.365880
 20
240.665460
 30
0.0
 11
26.365880
 21
240.665460
 31
0.0
  0
SPLINE
  5
1046
100
AcDbEntity
  8
0
 62
7
100
AcDbSpline
 70
8
 71
3
 72
8
 73
4
 74
0
 40
0
 40
0
 40
0
 40
0
 40
1
 40
1
 40
1
 40
1
 10
25.658437
 20
233.537281
 30
0.0
 10
25.712579
 20
233.501321
 30
0.0
 10
25.766083
 20
233.465781
 30
0.0
 10
25.820259
 20
233.430198
 30
0.0
  0
LINE
  5
1047
100
AcDbEntity
  8
0
 62
7
100
AcDbLine
 10
25.820259
 20
233.430198
 30
0.0
 11
25.482172
 21
233.430198
 31
0.0
  0
SPLINE
  5
1048
100
AcDbEntity
  8
0
 62
7
100
AcDbSpline
 70
8
 71
3
 72
8
 73
4
 74
0
 40
0
 40
0
 40
0
 40
0
 40
1
 40
1
 40
1
 40
1
 10
25.482172
 20
233.430198
 30
0.0
 10
25.540782
 20
233.466137
 30
0.0
 10
25.599928
 20
233.501321
 30
0.0
 10
25.658437
 20
233.537281
 30
0.0
  0
LINE
  5
1049
100
AcDbEntity
  8
0
 62
7
100
AcDbLine
 10
25.658437
 20
233.537281
 30
0.0
 11
25.658437
 21
233.537281
 31
0.0
  0
SPLINE
  5
104a
100
AcDbEntity
  8
0
 62
7
100
AcDbSpline
 70
8
 71
3
 72
8
 73
4
 74
0
 40
0
 40
0
 40
0
 40
0
 40
1
 40
1
 40
1
 40
1
 10
25.459299
 20
233.179108
 30
0.0
 10
25.515054
 20
233.128894
 30
0.0
 10
25.570338
 20
233.078702
 30
0.0
 10
25.625555
 20
233.028131
 30
0.0
  0
SPLINE
  5
104b
100
AcDbEntity
  8
0
 62
7
100
AcDbSpline
 70
8
 71
3
 72
8
 73
4
 74
0
 40
0
 40
0
 40
0
 40
0
 40
1
 40
1
 40
1
 40
1
 10
25.625555
 20
233.028131
 30
0.0
 10
25.573126
 20
232.982095
 30
0.0
 10
25.521234
 20
232.935722
 30
0.0
 10
25.468771
 20
232.889707
 30
0.0
  0
SPLINE
  5
104c
100
AcDbEntity
  8
0
 62
7
100
AcDbSpline
 70
8
 71
3
 72
8
 73
4
 74
0
 40
0
 40
0
 40
0
 40
0
 40
1
 40
1
 40
1
 40
1
 10
25.468771
 20
232.889707
 30
0.0
 10
25.414125
 20
232.939585
 30
0.0
 10
25.359412
 20
232.988749
 30
0.0
 10
25.304766
 20
233.038291
 30
0.0
  0
SPLINE
  5
104d
100
AcDbEntity
  8
0
 62
7
100
AcDbSpline
 70
8
 71
3
 72
8
 73
4
 74
0
 40
0
 40
0
 40
0
 40
0
 40
1
 40
1
 40
1
 40
1
 10
25.304766
 20
233.038291
 30
0.0
 10
25.354978
 20
233.083971
 30
0.0
 10
25.405157
 20
233.129293
 30
0.0
 10
25.454832
 20
233.174973
 30
0.0
  0
LINE
  5
104e
100
AcDbEntity
  8
0
 62
7
100
AcDbLine
 10
25.454832
 20
233.174973
 30
0.0
 11
25.455370
 21
233.174910
 31
0.0
  0
SPLINE
  5
104f
100
AcDbEntity
  8
0
 62
7
100
AcDbSpline
 70
8
 71
3
 72
8
 73
4
 74
0
 40
0
 40
0
 40
0
 40
0
 40
1
 40
1
 40
1
 40
1
 10
25.455370
 20
233.174910
 30
0.0
 10
25.457016
 20
233.176316
 30
0.0
 10
25.458158
 20
233.177744
 30
0.0
 10
25.459299
 20
233.179108
 30
0.0
  0
LINE
  5
1050
100
AcDbEntity
  8
0
 62
7
100
AcDbLine
 10
25.459299
 20
233.179108
 30
0.0
 11
25.459299
 21
233.179108
 31
0.0
  0
SPLINE
  5
1051
100
AcDbEntity
  8
0
 62
7
100
AcDbSpline
 70
8
 71
3
 72
8
 73
4
 74
0
 40
0
 40
0
 40
0
 40
0
 40
1
 40
1
 40
1
 40
1
 10
25.092765
 20
232.846442
 30
0.0
 10
25.146840
 20
232.797634
 30
0.0
 10
25.200411
 20
232.748806
 30
0.0
 10
25.254486
 20
232.699999
 30
0.0
  0
SPLINE
  5
1052
100
AcDbEntity
  8
0
 62
7
100
AcDbSpline
 70
8
 71
3
 72
8
 73
4
 74
0
 40
0
 40
0
 40
0
 40
0
 40
1
 40
1
 40
1
 40
1
 10
25.254486
 20
232.699999
 30
0.0
 10
25.202057
 20
232.653627
 30
0.0
 10
25.150198
 20
232.607569
 30
0.0
 10
25.097702
 20
232.561218
 30
0.0
  0
SPLINE
  5
1053
100
AcDbEntity
  8
0
 62
7
100
AcDbSpline
 70
8
 71
3
 72
8
 73
4
 74
0
 40
0
 40
0
 40
0
 40
0
 40
1
 40
1
 40
1
 40
1
 10
25.097702
 20
232.561218
 30
0.0
 10
25.044164
 20
232.609668
 30
0.0
 10
24.991197
 20
232.657468
 30
0.0
 10
24.938164
 20
232.705940
 30
0.0
  0
SPLINE
  5
1054
100
AcDbEntity
  8
0
 62
7
100
AcDbSpline
 70
8
 71
3
 72
8
 73
4
 74
0
 40
0
 40
0
 40
0
 40
0
 40
1
 40
1
 40
1
 40
1
 10
24.938164
 20
232.705940
 30
0.0
 10
24.989518
 20
232.752627
 30
0.0
 10
25.041410
 20
232.799377
 30
0.0
 10
25.092765
 20
232.846442
 30
0.0
  0
LINE
  5
1055
100
AcDbEntity
  8
0
 62
7
100
AcDbLine
 10
25.092765
 20
232.846442
 30
0.0
 11
25.092765
 21
232.846442
 31
0.0
  0
SPLINE
  5
1056
100
AcDbEntity
  8
0
 62
7
100
AcDbSpline
 70
8
 71
3
 72
8
 73
4
 74
0
 40
0
 40
0
 40
0
 40
0
 40
1
 40
1
 40
1
 40
1
 10
25.195944
 20
234.615429
 30
0.0
 10
25.224929
 20
234.599748
 30
0.0
 10
25.253411
 20
234.584025
 30
0.0
 10
25.282430
 20
234.568700
 30
0.0
  0
SPLINE
  5
1057
100
AcDbEntity
  8
0
 62
7
100
AcDbSpline
 70
8
 71
3
 72
8
 73
4
 74
0
 40
0
 40
0
 40
0
 40
0
 40
1
 40
1
 40
1
 40
1
 10
25.282430
 20
234.568700
 30
0.0
 10
25.253411
 20
234.550227
 30
0.0
 10
25.224929
 20
234.532089
 30
0.0
 10
25.195944
 20
234.513595
 30
0.0
  0
LINE
  5
1058
100
AcDbEntity
  8
0
 62
7
100
AcDbLine
 10
25.195944
 20
234.513595
 30
0.0
 11
25.195944
 21
234.615429
 31
0.0
  0
LINE
  5
1059
100
AcDbEntity
  8
0
 62
7
100
AcDbLine
 10
25.195944
 20
234.615429
 30
0.0
 11
25.195944
 21
234.615429
 31
0.0
  0
SPLINE
  5
105a
100
AcDbEntity
  8
0
 62
7
100
AcDbSpline
 70
8
 71
3
 72
8
 73
4
 74
0
 40
0
 40
0
 40
0
 40
0
 40
1
 40
1
 40
1
 40
1
 10
23.852497
 20
234.734351
 30
0.0
 10
23.892667
 20
234.707859
 30
0.0
 10
23.933408
 20
234.681010
 30
0.0
 10
23.973008
 20
234.654496
 30
0.0
  0
SPLINE
  5
105b
100
AcDbEntity
  8
0
 62
7
100
AcDbSpline
 70
8
 71
3
 72
8
 73
4
 74
0
 40
0
 40
0
 40
0
 40
0
 40
1
 40
1
 40
1
 40
1
 10
23.973008
 20
234.654496
 30
0.0
 10
23.932871
 20
234.630796
 30
0.0
 10
23.892130
 20
234.607095
 30
0.0
 10
23.852497
 20
234.583374
 30
0.0
  0
LINE
  5
105c
100
AcDbEntity
  8
0
 62
7
100
AcDbLine
 10
23.852497
 20
234.583374
 30
0.0
 11
23.852497
 21
234.734351
 31
0.0
  0
LINE
  5
105d
100
AcDbEntity
  8
0
 62
7
100
AcDbLine
 10
23.852497
 20
234.734351
 30
0.0
 11
23.852497
 21
234.734351
 31
0.0
  0
SPLINE
  5
105e
100
AcDbEntity
  8
0
 62
7
100
AcDbSpline
 70
8
 71
3
 72
8
 73
4
 74
0
 40
0
 40
0
 40
0
 40
0
 40
1
 40
1
 40
1
 40
1
 10
23.989163
 20
233.175288
 30
0.0
 10
23.990842
 20
233.176652
 30
0.0
 10
23.991951
 20
233.178080
 30
0.0
 10
23.993697
 20
233.179465
 30
0.0
  0
SPLINE
  5
105f
100
AcDbEntity
  8
0
 62
7
100
AcDbSpline
 70
8
 71
3
 72
8
 73
4
 74
0
 40
0
 40
0
 40
0
 40
0
 40
1
 40
1
 40
1
 40
1
 10
23.993697
 20
233.179465
 30
0.0
 10
24.045555
 20
233.132736
 30
0.0
 10
24.096910
 20
233.085671
 30
0.0
 10
24.148802
 20
233.038606
 30
0.0
  0
SPLINE
  5
1060
100
AcDbEntity
  8
0
 62
7
100
AcDbSpline
 70
8
 71
3
 72
8
 73
4
 74
0
 40
0
 40
0
 40
0
 40
0
 40
1
 40
1
 40
1
 40
1
 10
24.148802
 20
233.038606
 30
0.0
 10
24.097447
 20
232.992213
 30
0.0
 10
24.045555
 20
232.945127
 30
0.0
 10
23.993697
 20
232.898398
 30
0.0
  0
SPLINE
  5
1061
100
AcDbEntity
  8
0
 62
7
100
AcDbSpline
 70
8
 71
3
 72
8
 73
4
 74
0
 40
0
 40
0
 40
0
 40
0
 40
1
 40
1
 40
1
 40
1
 10
23.993697
 20
232.898398
 30
0.0
 10
23.942343
 20
232.945127
 30
0.0
 10
23.890451
 20
232.992213
 30
0.0
 10
23.839096
 20
233.038606
 30
0.0
  0
SPLINE
  5
1062
100
AcDbEntity
  8
0
 62
7
100
AcDbSpline
 70
8
 71
3
 72
8
 73
4
 74
0
 40
0
 40
0
 40
0
 40
0
 40
1
 40
1
 40
1
 40
1
 10
23.839096
 20
233.038606
 30
0.0
 10
23.889342
 20
233.084286
 30
0.0
 10
23.939488
 20
233.129566
 30
0.0
 10
23.989163
 20
233.175288
 30
0.0
  0
LINE
  5
1063
100
AcDbEntity
  8
0
 62
7
100
AcDbLine
 10
23.989163
 20
233.175288
 30
0.0
 11
23.989163
 21
233.175288
 31
0.0
  0
SPLINE
  5
1064
100
AcDbEntity
  8
0
 62
7
100
AcDbSpline
 70
8
 71
3
 72
8
 73
4
 74
0
 40
0
 40
0
 40
0
 40
0
 40
1
 40
1
 40
1
 40
1
 10
29.572196
 20
239.024820
 30
0.0
 10
29.563295
 20
238.997614
 30
0.0
 10
29.554361
 20
238.970408
 30
0.0
 10
29.544822
 20
238.943579
 30
0.0
  0
LINE
  5
1065
100
AcDbEntity
  8
0
 62
7
100
AcDbLine
 10
29.544822
 20
238.943579
 30
0.0
 11
29.399223
 21
238.943579
 31
0.0
  0
SPLINE
  5
1066
100
AcDbEntity
  8
0
 62
7
100
AcDbSpline
 70
8
 71
3
 72
8
 73
4
 74
0
 40
0
 40
0
 40
0
 40
0
 40
1
 40
1
 40
1
 40
1
 10
29.399223
 20
238.943579
 30
0.0
 10
29.456723
 20
238.970785
 30
0.0
 10
29.514157
 20
238.997971
 30
0.0
 10
29.572196
 20
239.024820
 30
0.0
  0
LINE
  5
1067
100
AcDbEntity
  8
0
 62
7
100
AcDbLine
 10
29.572196
 20
239.024820
 30
0.0
 11
29.572196
 21
239.024820
 31
0.0
  0
SPLINE
  5
1068
100
AcDbEntity
  8
0
 62
7
100
AcDbSpline
 70
8
 71
3
 72
8
 73
4
 74
0
 40
0
 40
0
 40
0
 40
0
 40
1
 40
1
 40
1
 40
1
 10
24.726767
 20
232.514510
 30
0.0
 10
24.779196
 20
232.467088
 30
0.0
 10
24.831626
 20
232.419309
 30
0.0
 10
24.883484
 20
232.371909
 30
0.0
  0
SPLINE
  5
1069
100
AcDbEntity
  8
0
 62
7
100
AcDbSpline
 70
8
 71
3
 72
8
 73
4
 74
0
 40
0
 40
0
 40
0
 40
0
 40
1
 40
1
 40
1
 40
1
 10
24.883484
 20
232.371909
 30
0.0
 10
24.836126
 20
232.330071
 30
0.0
 10
24.788668
 20
232.288212
 30
0.0
 10
24.741243
 20
232.246710
 30
0.0
  0
LINE
  5
106a
100
AcDbEntity
  8
0
 62
7
100
AcDbLine
 10
24.741243
 20
232.246710
 30
0.0
 11
24.712224
 21
232.246710
 31
0.0
  0
SPLINE
  5
106b
100
AcDbEntity
  8
0
 62
7
100
AcDbSpline
 70
8
 71
3
 72
8
 73
4
 74
0
 40
0
 40
0
 40
0
 40
0
 40
1
 40
1
 40
1
 40
1
 10
24.712224
 20
232.246710
 30
0.0
 10
24.665404
 20
232.288905
 30
0.0
 10
24.618516
 20
232.331792
 30
0.0
 10
24.571595
 20
232.373966
 30
0.0
  0
SPLINE
  5
106c
100
AcDbEntity
  8
0
 62
7
100
AcDbSpline
 70
8
 71
3
 72
8
 73
4
 74
0
 40
0
 40
0
 40
0
 40
0
 40
1
 40
1
 40
1
 40
1
 10
24.571595
 20
232.373966
 30
0.0
 10
24.623521
 20
232.420695
 30
0.0
 10
24.674875
 20
232.467424
 30
0.0
 10
24.726767
 20
232.514510
 30
0.0
  0
LINE
  5
106d
100
AcDbEntity
  8
0
 62
7
100
AcDbLine
 10
24.726767
 20
232.514510
 30
0.0
 11
24.726767
 21
232.514510
 31
0.0
  0
SPLINE
  5
106e
100
AcDbEntity
  8
0
 62
7
100
AcDbSpline
 70
8
 71
3
 72
8
 73
4
 74
0
 40
0
 40
0
 40
0
 40
0
 40
1
 40
1
 40
1
 40
1
 10
22.893454
 20
232.847176
 30
0.0
 10
22.944775
 20
232.800447
 30
0.0
 10
22.996667
 20
232.753718
 30
0.0
 10
23.048022
 20
232.706632
 30
0.0
  0
SPLINE
  5
106f
100
AcDbEntity
  8
0
 62
7
100
AcDbSpline
 70
8
 71
3
 72
8
 73
4
 74
0
 40
0
 40
0
 40
0
 40
0
 40
1
 40
1
 40
1
 40
1
 10
23.048022
 20
232.706632
 30
0.0
 10
22.996667
 20
232.659924
 30
0.0
 10
22.944775
 20
232.613195
 30
0.0
 10
22.893454
 20
232.566466
 30
0.0
  0
SPLINE
  5
1070
100
AcDbEntity
  8
0
 62
7
100
AcDbSpline
 70
8
 71
3
 72
8
 73
4
 74
0
 40
0
 40
0
 40
0
 40
0
 40
1
 40
1
 40
1
 40
1
 10
22.893454
 20
232.566466
 30
0.0
 10
22.841562
 20
232.613195
 30
0.0
 10
22.790208
 20
232.659924
 30
0.0
 10
22.738316
 20
232.706632
 30
0.0
  0
SPLINE
  5
1071
100
AcDbEntity
  8
0
 62
7
100
AcDbSpline
 70
8
 71
3
 72
8
 73
4
 74
0
 40
0
 40
0
 40
0
 40
0
 40
1
 40
1
 40
1
 40
1
 10
22.738316
 20
232.706632
 30
0.0
 10
22.790208
 20
232.753361
 30
0.0
 10
22.841562
 20
232.800091
 30
0.0
 10
22.893454
 20
232.847176
 30
0.0
  0
LINE
  5
1072
100
AcDbEntity
  8
0
 62
7
100
AcDbLine
 10
22.893454
 20
232.847176
 30
0.0
 11
22.893454
 21
232.847176
 31
0.0
  0
SPLINE
  5
1073
100
AcDbEntity
  8
0
 62
7
100
AcDbSpline
 70
8
 71
3
 72
8
 73
4
 74
0
 40
0
 40
0
 40
0
 40
0
 40
1
 40
1
 40
1
 40
1
 10
22.526516
 20
232.514342
 30
0.0
 10
22.578341
 20
232.467655
 30
0.0
 10
22.630199
 20
232.420653
 30
0.0
 10
22.681453
 20
232.373966
 30
0.0
  0
SPLINE
  5
1074
100
AcDbEntity
  8
0
 62
7
100
AcDbSpline
 70
8
 71
3
 72
8
 73
4
 74
0
 40
0
 40
0
 40
0
 40
0
 40
1
 40
1
 40
1
 40
1
 10
22.681453
 20
232.373966
 30
0.0
 10
22.634599
 20
232.331792
 30
0.0
 10
22.587745
 20
232.288905
 30
0.0
 10
22.540858
 20
232.246710
 30
0.0
  0
LINE
  5
1075
100
AcDbEntity
  8
0
 62
7
100
AcDbLine
 10
22.540858
 20
232.246710
 30
0.0
 11
22.512913
 21
232.246710
 31
0.0
  0
SPLINE
  5
1076
100
AcDbEntity
  8
0
 62
7
100
AcDbSpline
 70
8
 71
3
 72
8
 73
4
 74
0
 40
0
 40
0
 40
0
 40
0
 40
1
 40
1
 40
1
 40
1
 10
22.512913
 20
232.246710
 30
0.0
 10
22.465522
 20
232.288905
 30
0.0
 10
22.419206
 20
232.331792
 30
0.0
 10
22.372318
 20
232.373966
 30
0.0
  0
SPLINE
  5
1077
100
AcDbEntity
  8
0
 62
7
100
AcDbSpline
 70
8
 71
3
 72
8
 73
4
 74
0
 40
0
 40
0
 40
0
 40
0
 40
1
 40
1
 40
1
 40
1
 10
22.372318
 20
232.373966
 30
0.0
 10
22.423639
 20
232.420695
 30
0.0
 10
22.475565
 20
232.467424
 30
0.0
 10
22.526516
 20
232.514342
 30
0.0
  0
LINE
  5
1078
100
AcDbEntity
  8
0
 62
7
100
AcDbLine
 10
22.526516
 20
232.514342
 30
0.0
 11
22.526516
 21
232.514342
 31
0.0
  0
LINE
  5
1079
100
AcDbEntity
  8
0
 62
7
100
AcDbLine
 10
22.744462
 20
232.008173
 30
0.0
 11
22.894529
 21
232.008173
 31
0.0
  0
SPLINE
  5
107a
100
AcDbEntity
  8
0
 62
7
100
AcDbSpline
 70
8
 71
3
 72
8
 73
4
 74
0
 40
0
 40
0
 40
0
 40
0
 40
1
 40
1
 40
1
 40
1
 10
22.894529
 20
232.008173
 30
0.0
 10
22.682561
 20
231.738274
 30
0.0
 10
22.470560
 20
231.468375
 30
0.0
 10
22.258492
 20
231.198853
 30
0.0
  0
SPLINE
  5
107b
100
AcDbEntity
  8
0
 62
7
100
AcDbSpline
 70
8
 71
3
 72
8
 73
4
 74
0
 40
0
 40
0
 40
0
 40
0
 40
1
 40
1
 40
1
 40
1
 10
22.258492
 20
231.198853
 30
0.0
 10
22.255738
 20
231.195347
 30
0.0
 10
22.253454
 20
231.191527
 30
0.0
 10
22.251237
 20
231.188063
 30
0.0
  0
LINE
  5
107c
100
AcDbEntity
  8
0
 62
7
100
AcDbLine
 10
22.251237
 20
231.188063
 30
0.0
 11
22.232261
 21
231.188063
 31
0.0
  0
SPLINE
  5
107d
100
AcDbEntity
  8
0
 62
7
100
AcDbSpline
 70
8
 71
3
 72
8
 73
4
 74
0
 40
0
 40
0
 40
0
 40
0
 40
1
 40
1
 40
1
 40
1
 10
22.232261
 20
231.188063
 30
0.0
 10
22.403017
 20
231.461447
 30
0.0
 10
22.573706
 20
231.734810
 30
0.0
 10
22.744462
 20
232.008173
 30
0.0
  0
LINE
  5
107e
100
AcDbEntity
  8
0
 62
7
100
AcDbLine
 10
22.744462
 20
232.008173
 30
0.0
 11
22.744462
 21
232.008173
 31
0.0
  0
LINE
  5
107f
100
AcDbEntity
  8
0
 62
7
100
AcDbLine
 10
22.519060
 20
230.949862
 30
0.0
 11
22.704863
 21
230.949862
 31
0.0
  0
SPLINE
  5
1080
100
AcDbEntity
  8
0
 62
7
100
AcDbSpline
 70
8
 71
3
 72
8
 73
4
 74
0
 40
0
 40
0
 40
0
 40
0
 40
1
 40
1
 40
1
 40
1
 10
22.704863
 20
230.949862
 30
0.0
 10
22.662443
 20
230.935567
 30
0.0
 10
22.620661
 20
230.921607
 30
0.0
 10
22.578207
 20
230.907311
 30
0.0
  0
SPLINE
  5
1081
100
AcDbEntity
  8
0
 62
7
100
AcDbSpline
 70
8
 71
3
 72
8
 73
4
 74
0
 40
0
 40
0
 40
0
 40
0
 40
1
 40
1
 40
1
 40
1
 10
22.578207
 20
230.907311
 30
0.0
 10
22.558659
 20
230.921607
 30
0.0
 10
22.539179
 20
230.935902
 30
0.0
 10
22.519060
 20
230.949862
 30
0.0
  0
LINE
  5
1082
100
AcDbEntity
  8
0
 62
7
100
AcDbLine
 10
22.519060
 20
230.949862
 30
0.0
 11
22.519060
 21
230.949862
 31
0.0
  0
SPLINE
  5
1083
100
AcDbEntity
  8
0
 62
7
100
AcDbSpline
 70
8
 71
3
 72
8
 73
4
 74
0
 40
0
 40
0
 40
0
 40
0
 40
1
 40
1
 40
1
 40
1
 10
27.886195
 20
233.979066
 30
0.0
 10
27.981650
 20
233.920833
 30
0.0
 10
28.076432
 20
233.862579
 30
0.0
 10
28.171315
 20
233.804010
 30
0.0
  0
SPLINE
  5
1084
100
AcDbEntity
  8
0
 62
7
100
AcDbSpline
 70
8
 71
3
 72
8
 73
4
 74
0
 40
0
 40
0
 40
0
 40
0
 40
1
 40
1
 40
1
 40
1
 10
28.171315
 20
233.804010
 30
0.0
 10
28.076432
 20
233.749955
 30
0.0
 10
27.981650
 20
233.695920
 30
0.0
 10
27.886195
 20
233.641529
 30
0.0
  0
LINE
  5
1085
100
AcDbEntity
  8
0
 62
7
100
AcDbLine
 10
27.886195
 20
233.641529
 30
0.0
 11
27.886195
 21
233.979066
 31
0.0
  0
LINE
  5
1086
100
AcDbEntity
  8
0
 62
7
100
AcDbLine
 10
27.886195
 20
233.979066
 30
0.0
 11
27.886195
 21
233.979066
 31
0.0
  0
SPLINE
  5
1087
100
AcDbEntity
  8
0
 62
7
100
AcDbSpline
 70
8
 71
3
 72
8
 73
4
 74
0
 40
0
 40
0
 40
0
 40
0
 40
1
 40
1
 40
1
 40
1
 10
28.427954
 20
233.646042
 30
0.0
 10
28.545105
 20
233.574227
 30
0.0
 10
28.662828
 20
233.502034
 30
0.0
 10
28.779979
 20
233.429863
 30
0.0
  0
LINE
  5
1088
100
AcDbEntity
  8
0
 62
7
100
AcDbLine
 10
28.779979
 20
233.429863
 30
0.0
 11
28.048588
 21
233.429863
 31
0.0
  0
SPLINE
  5
1089
100
AcDbEntity
  8
0
 62
7
100
AcDbSpline
 70
8
 71
3
 72
8
 73
4
 74
0
 40
0
 40
0
 40
0
 40
0
 40
1
 40
1
 40
1
 40
1
 10
28.048588
 20
233.429863
 30
0.0
 10
28.175245
 20
233.502034
 30
0.0
 10
28.301868
 20
233.574227
 30
0.0
 10
28.427954
 20
233.646042
 30
0.0
  0
LINE
  5
108a
100
AcDbEntity
  8
0
 62
7
100
AcDbLine
 10
28.427954
 20
233.646042
 30
0.0
 11
28.427954
 21
233.646042
 31
0.0
  0
SPLINE
  5
108b
100
AcDbEntity
  8
0
 62
7
100
AcDbSpline
 70
8
 71
3
 72
8
 73
4
 74
0
 40
0
 40
0
 40
0
 40
0
 40
1
 40
1
 40
1
 40
1
 10
28.752639
 20
232.998511
 30
0.0
 10
28.865324
 20
233.097196
 30
0.0
 10
29.073429
 20
232.922140
 30
0.0
 10
29.124783
 20
232.862501
 30
0.0
  0
SPLINE
  5
108c
100
AcDbEntity
  8
0
 62
7
100
AcDbSpline
 70
8
 71
3
 72
8
 73
4
 74
0
 40
0
 40
0
 40
0
 40
0
 40
1
 40
1
 40
1
 40
1
 10
29.124783
 20
232.862501
 30
0.0
 10
29.182250
 20
232.796606
 30
0.0
 10
29.223529
 20
232.721306
 30
0.0
 10
29.251440
 20
232.645272
 30
0.0
  0
SPLINE
  5
108d
100
AcDbEntity
  8
0
 62
7
100
AcDbSpline
 70
8
 71
3
 72
8
 73
4
 74
0
 40
0
 40
0
 40
0
 40
0
 40
1
 40
1
 40
1
 40
1
 10
29.251440
 20
232.645272
 30
0.0
 10
29.088509
 20
232.600999
 30
0.0
 10
28.927292
 20
232.554626
 30
0.0
 10
28.767182
 20
232.506134
 30
0.0
  0
SPLINE
  5
108e
100
AcDbEntity
  8
0
 62
7
100
AcDbSpline
 70
8
 71
3
 72
8
 73
4
 74
0
 40
0
 40
0
 40
0
 40
0
 40
1
 40
1
 40
1
 40
1
 10
28.767182
 20
232.506134
 30
0.0
 10
28.748810
 20
232.560882
 30
0.0
 10
28.734301
 20
232.615945
 30
0.0
 10
28.722008
 20
232.671050
 30
0.0
  0
SPLINE
  5
108f
100
AcDbEntity
  8
0
 62
7
100
AcDbSpline
 70
8
 71
3
 72
8
 73
4
 74
0
 40
0
 40
0
 40
0
 40
0
 40
1
 40
1
 40
1
 40
1
 10
28.722008
 20
232.671050
 30
0.0
 10
28.703031
 20
232.757539
 30
0.0
 10
28.666791
 20
232.922119
 30
0.0
 10
28.753244
 20
232.998154
 30
0.0
  0
LINE
  5
1090
100
AcDbEntity
  8
0
 62
7
100
AcDbLine
 10
28.753244
 20
232.998154
 30
0.0
 11
28.752639
 21
232.998511
 31
0.0
  0
SPLINE
  5
1091
100
AcDbEntity
  8
0
 62
7
100
AcDbSpline
 70
8
 71
3
 72
8
 73
4
 74
0
 40
0
 40
0
 40
0
 40
0
 40
1
 40
1
 40
1
 40
1
 10
42.202822
 20
238.473832
 30
0.0
 10
42.222873
 20
238.422569
 30
0.0
 10
42.243496
 20
238.370970
 30
0.0
 10
42.263581
 20
238.319706
 30
0.0
  0
SPLINE
  5
1092
100
AcDbEntity
  8
0
 62
7
100
AcDbSpline
 70
8
 71
3
 72
8
 73
4
 74
0
 40
0
 40
0
 40
0
 40
0
 40
1
 40
1
 40
1
 40
1
 10
42.263581
 20
238.319706
 30
0.0
 10
42.251859
 20
238.313429
 30
0.0
 10
42.240708
 20
238.307153
 30
0.0
 10
42.228986
 20
238.300855
 30
0.0
  0
SPLINE
  5
1093
100
AcDbEntity
  8
0
 62
7
100
AcDbSpline
 70
8
 71
3
 72
8
 73
4
 74
0
 40
0
 40
0
 40
0
 40
0
 40
1
 40
1
 40
1
 40
1
 10
42.228986
 20
238.300855
 30
0.0
 10
42.161476
 20
238.325290
 30
0.0
 10
42.093933
 20
238.350040
 30
0.0
 10
42.025348
 20
238.374454
 30
0.0
  0
SPLINE
  5
1094
100
AcDbEntity
  8
0
 62
7
100
AcDbSpline
 70
8
 71
3
 72
8
 73
4
 74
0
 40
0
 40
0
 40
0
 40
0
 40
1
 40
1
 40
1
 40
1
 10
42.025348
 20
238.374454
 30
0.0
 10
42.084495
 20
238.407224
 30
0.0
 10
42.143608
 20
238.440371
 30
0.0
 10
42.202217
 20
238.473497
 30
0.0
  0
LINE
  5
1095
100
AcDbEntity
  8
0
 62
7
100
AcDbLine
 10
42.202217
 20
238.473497
 30
0.0
 11
42.202822
 21
238.473832
 31
0.0
  0
SPLINE
  5
1096
100
AcDbEntity
  8
0
 62
7
100
AcDbSpline
 70
8
 71
3
 72
8
 73
4
 74
0
 40
0
 40
0
 40
0
 40
0
 40
1
 40
1
 40
1
 40
1
 10
39.980673
 20
234.215839
 30
0.0
 10
40.112905
 20
234.289396
 30
0.0
 10
40.244566
 20
234.362618
 30
0.0
 10
40.376798
 20
234.435839
 30
0.0
  0
SPLINE
  5
1097
100
AcDbEntity
  8
0
 62
7
100
AcDbSpline
 70
8
 71
3
 72
8
 73
4
 74
0
 40
0
 40
0
 40
0
 40
0
 40
1
 40
1
 40
1
 40
1
 10
40.376798
 20
234.435839
 30
0.0
 10
40.522935
 20
234.352856
 30
0.0
 10
40.669172
 20
234.269894
 30
0.0
 10
40.814772
 20
234.187247
 30
0.0
  0
SPLINE
  5
1098
100
AcDbEntity
  8
0
 62
7
100
AcDbSpline
 70
8
 71
3
 72
8
 73
4
 74
0
 40
0
 40
0
 40
0
 40
0
 40
1
 40
1
 40
1
 40
1
 10
40.814772
 20
234.187247
 30
0.0
 10
40.689190
 20
234.110163
 30
0.0
 10
40.563105
 20
234.032743
 30
0.0
 10
40.437624
 20
233.955365
 30
0.0
  0
SPLINE
  5
1099
100
AcDbEntity
  8
0
 62
7
100
AcDbSpline
 70
8
 71
3
 72
8
 73
4
 74
0
 40
0
 40
0
 40
0
 40
0
 40
1
 40
1
 40
1
 40
1
 10
40.437624
 20
233.955365
 30
0.0
 10
40.285307
 20
234.042211
 30
0.0
 10
40.132956
 20
234.129014
 30
0.0
 10
39.980673
 20
234.215839
 30
0.0
  0
LINE
  5
109a
100
AcDbEntity
  8
0
 62
7
100
AcDbLine
 10
39.980673
 20
234.215839
 30
0.0
 11
39.980673
 21
234.215839
 31
0.0
  0
LINE
  5
109b
100
AcDbEntity
  8
0
 62
7
100
AcDbLine
 10
42.743774
 20
238.579319
 30
0.0
 11
42.743774
 21
238.579319
 31
0.0
  0
LINE
  5
109c
100
AcDbEntity
  8
0
 62
7
100
AcDbLine
 10
42.743774
 20
238.579319
 30
0.0
 11
42.743774
 21
238.579319
 31
0.0
  0
LINE
  5
109d
100
AcDbEntity
  8
0
 62
7
100
AcDbLine
 10
42.744009
 20
238.579151
 30
0.0
 11
42.744009
 21
238.579151
 31
0.0
  0
LINE
  5
109e
100
AcDbEntity
  8
0
 62
7
100
AcDbLine
 10
42.557669
 20
238.646096
 30
0.0
 11
42.867307
 21
238.646096
 31
0.0
  0
SPLINE
  5
109f
100
AcDbEntity
  8
0
 62
7
100
AcDbSpline
 70
8
 71
3
 72
8
 73
4
 74
0
 40
0
 40
0
 40
0
 40
0
 40
1
 40
1
 40
1
 40
1
 10
42.867307
 20
238.646096
 30
0.0
 10
42.826701
 20
238.623844
 30
0.0
 10
42.784918
 20
238.601592
 30
0.0
 10
42.744009
 20
238.579151
 30
0.0
  0
SPLINE
  5
10a0
100
AcDbEntity
  8
0
 62
7
100
AcDbSpline
 70
8
 71
3
 72
8
 73
4
 74
0
 40
0
 40
0
 40
0
 40
0
 40
1
 40
1
 40
1
 40
1
 10
42.744009
 20
238.579151
 30
0.0
 10
42.682109
 20
238.601844
 30
0.0
 10
42.619570
 20
238.623823
 30
0.0
 10
42.557669
 20
238.646096
 30
0.0
  0
LINE
  5
10a1
100
AcDbEntity
  8
0
 62
7
100
AcDbLine
 10
42.557669
 20
238.646096
 30
0.0
 11
42.557669
 21
238.646096
 31
0.0
  0
SPLINE
  5
10a2
100
AcDbEntity
  8
0
 62
7
100
AcDbSpline
 70
8
 71
3
 72
8
 73
4
 74
0
 40
0
 40
0
 40
0
 40
0
 40
1
 40
1
 40
1
 40
1
 10
39.980034
 20
233.912457
 30
0.0
 10
40.047007
 20
233.874125
 30
0.0
 10
40.113946
 20
233.836107
 30
0.0
 10
40.180918
 20
233.797733
 30
0.0
  0
SPLINE
  5
10a3
100
AcDbEntity
  8
0
 62
7
100
AcDbSpline
 70
8
 71
3
 72
8
 73
4
 74
0
 40
0
 40
0
 40
0
 40
0
 40
1
 40
1
 40
1
 40
1
 10
40.180918
 20
233.797733
 30
0.0
 10
40.113946
 20
233.756588
 30
0.0
 10
40.047007
 20
233.715401
 30
0.0
 10
39.980034
 20
233.674298
 30
0.0
  0
LINE
  5
10a4
100
AcDbEntity
  8
0
 62
7
100
AcDbLine
 10
39.980034
 20
233.674298
 30
0.0
 11
39.980034
 21
233.912457
 31
0.0
  0
LINE
  5
10a5
100
AcDbEntity
  8
0
 62
7
100
AcDbLine
 10
39.980034
 20
233.912457
 30
0.0
 11
39.980034
 21
233.912457
 31
0.0
  0
LINE
  5
10a6
100
AcDbEntity
  8
0
 62
7
100
AcDbLine
 10
40.988753
 20
234.775139
 30
0.0
 11
40.988753
 21
234.392595
 31
0.0
  0
SPLINE
  5
10a7
100
AcDbEntity
  8
0
 62
7
100
AcDbSpline
 70
8
 71
3
 72
8
 73
4
 74
0
 40
0
 40
0
 40
0
 40
0
 40
1
 40
1
 40
1
 40
1
 10
40.988753
 20
234.392595
 30
0.0
 10
40.875497
 20
234.457105
 30
0.0
 10
40.761134
 20
234.521593
 30
0.0
 10
40.647341
 20
234.585809
 30
0.0
  0
SPLINE
  5
10a8
100
AcDbEntity
  8
0
 62
7
100
AcDbSpline
 70
8
 71
3
 72
8
 73
4
 74
0
 40
0
 40
0
 40
0
 40
0
 40
1
 40
1
 40
1
 40
1
 10
40.647341
 20
234.585809
 30
0.0
 10
40.761134
 20
234.648891
 30
0.0
 10
40.874960
 20
234.712036
 30
0.0
 10
40.988753
 20
234.775139
 30
0.0
  0
LINE
  5
10a9
100
AcDbEntity
  8
0
 62
7
100
AcDbLine
 10
40.988753
 20
234.775139
 30
0.0
 11
40.988753
 21
234.775139
 31
0.0
  0
SPLINE
  5
10aa
100
AcDbEntity
  8
0
 62
7
100
AcDbSpline
 70
8
 71
3
 72
8
 73
4
 74
0
 40
0
 40
0
 40
0
 40
0
 40
1
 40
1
 40
1
 40
1
 10
40.447062
 20
233.646042
 30
0.0
 10
40.573181
 20
233.574227
 30
0.0
 10
40.699837
 20
233.502034
 30
0.0
 10
40.826494
 20
233.429863
 30
0.0
  0
LINE
  5
10ab
100
AcDbEntity
  8
0
 62
7
100
AcDbLine
 10
40.826494
 20
233.429863
 30
0.0
 11
40.095036
 21
233.429863
 31
0.0
  0
SPLINE
  5
10ac
100
AcDbEntity
  8
0
 62
7
100
AcDbSpline
 70
8
 71
3
 72
8
 73
4
 74
0
 40
0
 40
0
 40
0
 40
0
 40
1
 40
1
 40
1
 40
1
 10
40.095036
 20
233.429863
 30
0.0
 10
40.212759
 20
233.502034
 30
0.0
 10
40.329877
 20
233.574227
 30
0.0
 10
40.447062
 20
233.646042
 30
0.0
  0
LINE
  5
10ad
100
AcDbEntity
  8
0
 62
7
100
AcDbLine
 10
40.447062
 20
233.646042
 30
0.0
 11
40.447062
 21
233.646042
 31
0.0
  0
SPLINE
  5
10ae
100
AcDbEntity
  8
0
 62
7
100
AcDbSpline
 70
8
 71
3
 72
8
 73
4
 74
0
 40
0
 40
0
 40
0
 40
0
 40
1
 40
1
 40
1
 40
1
 10
40.107027
 20
233.009784
 30
0.0
 10
40.214270
 20
232.945463
 30
0.0
 10
40.169196
 20
232.765138
 30
0.0
 10
40.155224
 20
232.681169
 30
0.0
  0
SPLINE
  5
10af
100
AcDbEntity
  8
0
 62
7
100
AcDbSpline
 70
8
 71
3
 72
8
 73
4
 74
0
 40
0
 40
0
 40
0
 40
0
 40
1
 40
1
 40
1
 40
1
 10
40.155224
 20
232.681169
 30
0.0
 10
40.145753
 20
232.622936
 30
0.0
 10
40.129564
 20
232.564010
 30
0.0
 10
40.108941
 20
232.506134
 30
0.0
  0
SPLINE
  5
10b0
100
AcDbEntity
  8
0
 62
7
100
AcDbSpline
 70
8
 71
3
 72
8
 73
4
 74
0
 40
0
 40
0
 40
0
 40
0
 40
1
 40
1
 40
1
 40
1
 10
40.108941
 20
232.506134
 30
0.0
 10
39.948832
 20
232.554249
 30
0.0
 10
39.787581
 20
232.600264
 30
0.0
 10
39.625255
 20
232.644537
 30
0.0
  0
SPLINE
  5
10b1
100
AcDbEntity
  8
0
 62
7
100
AcDbSpline
 70
8
 71
3
 72
8
 73
4
 74
0
 40
0
 40
0
 40
0
 40
0
 40
1
 40
1
 40
1
 40
1
 10
39.625255
 20
232.644537
 30
0.0
 10
39.650311
 20
232.713602
 30
0.0
 10
39.687156
 20
232.780211
 30
0.0
 10
39.735185
 20
232.842957
 30
0.0
  0
SPLINE
  5
10b2
100
AcDbEntity
  8
0
 62
7
100
AcDbSpline
 70
8
 71
3
 72
8
 73
4
 74
0
 40
0
 40
0
 40
0
 40
0
 40
1
 40
1
 40
1
 40
1
 10
39.735185
 20
232.842957
 30
0.0
 10
39.783147
 20
232.906060
 30
0.0
 10
39.976172
 20
233.088085
 30
0.0
 10
40.107027
 20
233.009784
 30
0.0
  0
LINE
  5
10b3
100
AcDbEntity
  8
0
 62
7
100
AcDbLine
 10
40.107027
 20
233.009784
 30
0.0
 11
40.107027
 21
233.009784
 31
0.0
  0
LINE
  5
10b4
100
AcDbEntity
  8
0
 62
7
100
AcDbLine
 10
40.988249
 20
233.979024
 30
0.0
 11
40.988249
 21
233.682989
 31
0.0
  0
LINE
  5
10b5
100
AcDbEntity
  8
0
 62
7
100
AcDbLine
 10
40.988249
 20
233.682989
 30
0.0
 11
40.988249
 21
233.641466
 31
0.0
  0
SPLINE
  5
10b6
100
AcDbEntity
  8
0
 62
7
100
AcDbSpline
 70
8
 71
3
 72
8
 73
4
 74
0
 40
0
 40
0
 40
0
 40
0
 40
1
 40
1
 40
1
 40
1
 10
40.988249
 20
233.641466
 30
0.0
 10
40.892828
 20
233.695899
 30
0.0
 10
40.798012
 20
233.749934
 30
0.0
 10
40.703733
 20
233.803989
 30
0.0
  0
SPLINE
  5
10b7
100
AcDbEntity
  8
0
 62
7
100
AcDbSpline
 70
8
 71
3
 72
8
 73
4
 74
0
 40
0
 40
0
 40
0
 40
0
 40
1
 40
1
 40
1
 40
1
 10
40.703733
 20
233.803989
 30
0.0
 10
40.798583
 20
233.862222
 30
0.0
 10
40.893399
 20
233.920812
 30
0.0
 10
40.988249
 20
233.979024
 30
0.0
  0
LINE
  5
10b8
100
AcDbEntity
  8
0
 62
7
100
AcDbLine
 10
40.988249
 20
233.979024
 30
0.0
 11
40.988249
 21
233.979024
 31
0.0
  0
LINE
  5
10b9
100
AcDbEntity
  8
0
 62
7
100
AcDbLine
 10
44.016050
 20
236.878515
 30
0.0
 11
44.490231
 21
236.878515
 31
0.0
  0
LINE
  5
10ba
100
AcDbEntity
  8
0
 62
7
100
AcDbLine
 10
44.490231
 20
236.878515
 30
0.0
 11
45.024735
 21
236.878515
 31
0.0
  0
LINE
  5
10bb
100
AcDbEntity
  8
0
 62
7
100
AcDbLine
 10
45.024735
 20
236.878515
 30
0.0
 11
45.024735
 21
235.965241
 31
0.0
  0
LINE
  5
10bc
100
AcDbEntity
  8
0
 62
7
100
AcDbLine
 10
45.024735
 20
235.965241
 30
0.0
 11
44.016050
 21
235.965241
 31
0.0
  0
LINE
  5
10bd
100
AcDbEntity
  8
0
 62
7
100
AcDbLine
 10
44.016050
 20
235.965241
 30
0.0
 11
44.016050
 21
236.865605
 31
0.0
  0
LINE
  5
10be
100
AcDbEntity
  8
0
 62
7
100
AcDbLine
 10
44.016050
 20
236.865605
 30
0.0
 11
44.016050
 21
236.878515
 31
0.0
  0
LINE
  5
10bf
100
AcDbEntity
  8
0
 62
7
100
AcDbLine
 10
44.016050
 20
236.878515
 30
0.0
 11
44.016050
 21
236.878515
 31
0.0
  0
LINE
  5
10c0
100
AcDbEntity
  8
0
 62
7
100
AcDbLine
 10
42.968874
 20
234.964806
 30
0.0
 11
43.677929
 21
234.964806
 31
0.0
  0
LINE
  5
10c1
100
AcDbEntity
  8
0
 62
7
100
AcDbLine
 10
43.677929
 20
234.964806
 30
0.0
 11
43.677929
 21
234.913206
 31
0.0
  0
SPLINE
  5
10c2
100
AcDbEntity
  8
0
 62
7
100
AcDbSpline
 70
8
 71
3
 72
8
 73
4
 74
0
 40
0
 40
0
 40
0
 40
0
 40
1
 40
1
 40
1
 40
1
 10
43.677929
 20
234.913206
 30
0.0
 10
43.565245
 20
234.851846
 30
0.0
 10
43.451990
 20
234.790107
 30
0.0
 10
43.339272
 20
234.728746
 30
0.0
  0
SPLINE
  5
10c3
100
AcDbEntity
  8
0
 62
7
100
AcDbSpline
 70
8
 71
3
 72
8
 73
4
 74
0
 40
0
 40
0
 40
0
 40
0
 40
1
 40
1
 40
1
 40
1
 10
43.339272
 20
234.728746
 30
0.0
 10
43.215470
 20
234.807573
 30
0.0
 10
43.092676
 20
234.886042
 30
0.0
 10
42.968874
 20
234.964806
 30
0.0
  0
LINE
  5
10c4
100
AcDbEntity
  8
0
 62
7
100
AcDbLine
 10
42.968874
 20
234.964806
 30
0.0
 11
42.968874
 21
234.964806
 31
0.0
  0
LINE
  5
10c5
100
AcDbEntity
  8
0
 62
7
100
AcDbLine
 10
44.016083
 20
235.726410
 30
0.0
 11
44.584040
 21
235.726410
 31
0.0
  0
LINE
  5
10c6
100
AcDbEntity
  8
0
 62
7
100
AcDbLine
 10
44.584040
 20
235.726410
 30
0.0
 11
45.024768
 21
235.726410
 31
0.0
  0
LINE
  5
10c7
100
AcDbEntity
  8
0
 62
7
100
AcDbLine
 10
45.024768
 20
235.726410
 30
0.0
 11
45.024768
 21
235.465559
 31
0.0
  0
LINE
  5
10c8
100
AcDbEntity
  8
0
 62
7
100
AcDbLine
 10
45.024768
 20
235.465559
 30
0.0
 11
44.016083
 21
235.465559
 31
0.0
  0
LINE
  5
10c9
100
AcDbEntity
  8
0
 62
7
100
AcDbLine
 10
44.016083
 20
235.465559
 30
0.0
 11
44.016083
 21
235.726410
 31
0.0
  0
LINE
  5
10ca
100
AcDbEntity
  8
0
 62
7
100
AcDbLine
 10
44.016083
 20
235.726410
 30
0.0
 11
44.016083
 21
235.726410
 31
0.0
  0
LINE
  5
10cb
100
AcDbEntity
  8
0
 62
7
100
AcDbLine
 10
43.677929
 20
234.614737
 30
0.0
 11
43.677929
 21
234.512902
 31
0.0
  0
SPLINE
  5
10cc
100
AcDbEntity
  8
0
 62
7
100
AcDbSpline
 70
8
 71
3
 72
8
 73
4
 74
0
 40
0
 40
0
 40
0
 40
0
 40
1
 40
1
 40
1
 40
1
 10
43.677929
 20
234.512902
 30
0.0
 10
43.648910
 20
234.531376
 30
0.0
 10
43.620462
 20
234.549513
 30
0.0
 10
43.591443
 20
234.568007
 30
0.0
  0
SPLINE
  5
10cd
100
AcDbEntity
  8
0
 62
7
100
AcDbSpline
 70
8
 71
3
 72
8
 73
4
 74
0
 40
0
 40
0
 40
0
 40
0
 40
1
 40
1
 40
1
 40
1
 10
43.591443
 20
234.568007
 30
0.0
 10
43.620462
 20
234.583353
 30
0.0
 10
43.648910
 20
234.599391
 30
0.0
 10
43.677929
 20
234.614737
 30
0.0
  0
LINE
  5
10ce
100
AcDbEntity
  8
0
 62
7
100
AcDbLine
 10
43.677929
 20
234.614737
 30
0.0
 11
43.677929
 21
234.614737
 31
0.0
  0
SPLINE
  5
10cf
100
AcDbEntity
  8
0
 62
7
100
AcDbSpline
 70
8
 71
3
 72
8
 73
4
 74
0
 40
0
 40
0
 40
0
 40
0
 40
1
 40
1
 40
1
 40
1
 10
43.321437
 20
234.420158
 30
0.0
 10
43.440066
 20
234.344249
 30
0.0
 10
43.559838
 20
234.268383
 30
0.0
 10
43.678467
 20
234.192453
 30
0.0
  0
LINE
  5
10d0
100
AcDbEntity
  8
0
 62
7
100
AcDbLine
 10
43.678467
 20
234.192453
 30
0.0
 11
43.678467
 21
234.169089
 31
0.0
  0
SPLINE
  5
10d1
100
AcDbEntity
  8
0
 62
7
100
AcDbSpline
 70
8
 71
3
 72
8
 73
4
 74
0
 40
0
 40
0
 40
0
 40
0
 40
1
 40
1
 40
1
 40
1
 10
43.678467
 20
234.169089
 30
0.0
 10
43.521145
 20
234.064484
 30
0.0
 10
43.363286
 20
233.960214
 30
0.0
 10
43.205360
 20
233.855588
 30
0.0
  0
SPLINE
  5
10d2
100
AcDbEntity
  8
0
 62
7
100
AcDbSpline
 70
8
 71
3
 72
8
 73
4
 74
0
 40
0
 40
0
 40
0
 40
0
 40
1
 40
1
 40
1
 40
1
 10
43.205360
 20
233.855588
 30
0.0
 10
43.060365
 20
233.943819
 30
0.0
 10
42.914698
 20
234.032050
 30
0.0
 10
42.769670
 20
234.120240
 30
0.0
  0
SPLINE
  5
10d3
100
AcDbEntity
  8
0
 62
7
100
AcDbSpline
 70
8
 71
3
 72
8
 73
4
 74
0
 40
0
 40
0
 40
0
 40
0
 40
1
 40
1
 40
1
 40
1
 10
42.769670
 20
234.120240
 30
0.0
 10
42.953794
 20
234.219974
 30
0.0
 10
43.137347
 20
234.320087
 30
0.0
 10
43.321437
 20
234.420158
 30
0.0
  0
LINE
  5
10d4
100
AcDbEntity
  8
0
 62
7
100
AcDbLine
 10
43.321437
 20
234.420158
 30
0.0
 11
43.321437
 21
234.420158
 31
0.0
  0
SPLINE
  5
10d5
100
AcDbEntity
  8
0
 62
7
100
AcDbSpline
 70
8
 71
3
 72
8
 73
4
 74
0
 40
0
 40
0
 40
0
 40
0
 40
1
 40
1
 40
1
 40
1
 10
44.076876
 20
234.830580
 30
0.0
 10
44.183380
 20
234.768170
 30
0.0
 10
44.289381
 20
234.705739
 30
0.0
 10
44.395952
 20
234.643328
 30
0.0
  0
SPLINE
  5
10d6
100
AcDbEntity
  8
0
 62
7
100
AcDbSpline
 70
8
 71
3
 72
8
 73
4
 74
0
 40
0
 40
0
 40
0
 40
0
 40
1
 40
1
 40
1
 40
1
 10
44.395952
 20
234.643328
 30
0.0
 10
44.269296
 20
234.559631
 30
0.0
 10
44.142639
 20
234.475578
 30
0.0
 10
44.015949
 20
234.391881
 30
0.0
  0
LINE
  5
10d7
100
AcDbEntity
  8
0
 62
7
100
AcDbLine
 10
44.015949
 20
234.391881
 30
0.0
 11
44.015949
 21
234.797412
 31
0.0
  0
SPLINE
  5
10d8
100
AcDbEntity
  8
0
 62
7
100
AcDbSpline
 70
8
 71
3
 72
8
 73
4
 74
0
 40
0
 40
0
 40
0
 40
0
 40
1
 40
1
 40
1
 40
1
 10
44.015949
 20
234.797412
 30
0.0
 10
44.036639
 20
234.808580
 30
0.0
 10
44.056690
 20
234.819748
 30
0.0
 10
44.076876
 20
234.830580
 30
0.0
  0
LINE
  5
10d9
100
AcDbEntity
  8
0
 62
7
100
AcDbLine
 10
44.076876
 20
234.830580
 30
0.0
 11
44.076876
 21
234.830580
 31
0.0
  0
SPLINE
  5
10da
100
AcDbEntity
  8
0
 62
7
100
AcDbSpline
 70
8
 71
3
 72
8
 73
4
 74
0
 40
0
 40
0
 40
0
 40
0
 40
1
 40
1
 40
1
 40
1
 10
43.419041
 20
233.174238
 30
0.0
 10
43.469253
 20
233.128894
 30
0.0
 10
43.519432
 20
233.083236
 30
0.0
 10
43.569108
 20
233.037557
 30
0.0
  0
SPLINE
  5
10db
100
AcDbEntity
  8
0
 62
7
100
AcDbSpline
 70
8
 71
3
 72
8
 73
4
 74
0
 40
0
 40
0
 40
0
 40
0
 40
1
 40
1
 40
1
 40
1
 10
43.569108
 20
233.037557
 30
0.0
 10
43.514462
 20
232.988014
 30
0.0
 10
43.459748
 20
232.938514
 30
0.0
 10
43.405069
 20
232.888972
 30
0.0
  0
SPLINE
  5
10dc
100
AcDbEntity
  8
0
 62
7
100
AcDbSpline
 70
8
 71
3
 72
8
 73
4
 74
0
 40
0
 40
0
 40
0
 40
0
 40
1
 40
1
 40
1
 40
1
 10
43.405069
 20
232.888972
 30
0.0
 10
43.352639
 20
232.935030
 30
0.0
 10
43.300747
 20
232.981402
 30
0.0
 10
43.248318
 20
233.027396
 30
0.0
  0
SPLINE
  5
10dd
100
AcDbEntity
  8
0
 62
7
100
AcDbSpline
 70
8
 71
3
 72
8
 73
4
 74
0
 40
0
 40
0
 40
0
 40
0
 40
1
 40
1
 40
1
 40
1
 10
43.248318
 20
233.027396
 30
0.0
 10
43.303502
 20
233.077967
 30
0.0
 10
43.358786
 20
233.127824
 30
0.0
 10
43.414540
 20
233.178395
 30
0.0
  0
SPLINE
  5
10de
100
AcDbEntity
  8
0
 62
7
100
AcDbSpline
 70
8
 71
3
 72
8
 73
4
 74
0
 40
0
 40
0
 40
0
 40
0
 40
1
 40
1
 40
1
 40
1
 10
43.414540
 20
233.178395
 30
0.0
 10
43.415649
 20
233.177009
 30
0.0
 10
43.416757
 20
233.175582
 30
0.0
 10
43.418503
 20
233.174217
 30
0.0
  0
LINE
  5
10df
100
AcDbEntity
  8
0
 62
7
100
AcDbLine
 10
43.418503
 20
233.174217
 30
0.0
 11
43.419041
 21
233.174238
 31
0.0
  0
SPLINE
  5
10e0
100
AcDbEntity
  8
0
 62
7
100
AcDbSpline
 70
8
 71
3
 72
8
 73
4
 74
0
 40
0
 40
0
 40
0
 40
0
 40
1
 40
1
 40
1
 40
1
 10
43.462536
 20
233.699741
 30
0.0
 10
43.534547
 20
233.747499
 30
0.0
 10
43.606524
 20
233.794920
 30
0.0
 10
43.678467
 20
233.842699
 30
0.0
  0
LINE
  5
10e1
100
AcDbEntity
  8
0
 62
7
100
AcDbLine
 10
43.678467
 20
233.842699
 30
0.0
 11
43.678467
 21
233.682275
 31
0.0
  0
LINE
  5
10e2
100
AcDbEntity
  8
0
 62
7
100
AcDbLine
 10
43.678467
 20
233.682275
 30
0.0
 11
43.678467
 21
233.568601
 31
0.0
  0
SPLINE
  5
10e3
100
AcDbEntity
  8
0
 62
7
100
AcDbSpline
 70
8
 71
3
 72
8
 73
4
 74
0
 40
0
 40
0
 40
0
 40
0
 40
1
 40
1
 40
1
 40
1
 10
43.678467
 20
233.568601
 30
0.0
 10
43.607061
 20
233.612202
 30
0.0
 10
43.534547
 20
233.656161
 30
0.0
 10
43.462536
 20
233.699384
 30
0.0
  0
LINE
  5
10e4
100
AcDbEntity
  8
0
 62
7
100
AcDbLine
 10
43.462536
 20
233.699384
 30
0.0
 11
43.462536
 21
233.699741
 31
0.0
  0
LINE
  5
10e5
100
AcDbEntity
  8
0
 62
7
100
AcDbLine
 10
42.670622
 20
233.501153
 30
0.0
 11
42.670622
 21
233.501153
 31
0.0
  0
LINE
  5
10e6
100
AcDbEntity
  8
0
 62
7
100
AcDbLine
 10
42.670622
 20
233.501153
 30
0.0
 11
42.670622
 21
233.501153
 31
0.0
  0
LINE
  5
10e7
100
AcDbEntity
  8
0
 62
7
100
AcDbLine
 10
42.670353
 20
233.501321
 30
0.0
 11
42.670353
 21
233.501321
 31
0.0
  0
SPLINE
  5
10e8
100
AcDbEntity
  8
0
 62
7
100
AcDbSpline
 70
8
 71
3
 72
8
 73
4
 74
0
 40
0
 40
0
 40
0
 40
0
 40
1
 40
1
 40
1
 40
1
 10
42.670353
 20
233.867827
 30
0.0
 10
42.766882
 20
233.809258
 30
0.0
 10
42.862840
 20
233.751004
 30
0.0
 10
42.959336
 20
233.692435
 30
0.0
  0
SPLINE
  5
10e9
100
AcDbEntity
  8
0
 62
7
100
AcDbSpline
 70
8
 71
3
 72
8
 73
4
 74
0
 40
0
 40
0
 40
0
 40
0
 40
1
 40
1
 40
1
 40
1
 10
42.959336
 20
233.692435
 30
0.0
 10
42.862907
 20
233.628661
 30
0.0
 10
42.767016
 20
233.564928
 30
0.0
 10
42.670353
 20
233.501321
 30
0.0
  0
LINE
  5
10ea
100
AcDbEntity
  8
0
 62
7
100
AcDbLine
 10
42.670353
 20
233.501321
 30
0.0
 11
42.670353
 21
233.867827
 31
0.0
  0
LINE
  5
10eb
100
AcDbEntity
  8
0
 62
7
100
AcDbLine
 10
42.670353
 20
233.867827
 30
0.0
 11
42.670353
 21
233.867827
 31
0.0
  0
SPLINE
  5
10ec
100
AcDbEntity
  8
0
 62
7
100
AcDbSpline
 70
8
 71
3
 72
8
 73
4
 74
0
 40
0
 40
0
 40
0
 40
0
 40
1
 40
1
 40
1
 40
1
 10
42.639688
 20
233.190990
 30
0.0
 10
42.645264
 20
233.184021
 30
0.0
 10
42.650839
 20
233.177387
 30
0.0
 10
42.658665
 20
233.170774
 30
0.0
  0
SPLINE
  5
10ed
100
AcDbEntity
  8
0
 62
7
100
AcDbSpline
 70
8
 71
3
 72
8
 73
4
 74
0
 40
0
 40
0
 40
0
 40
0
 40
1
 40
1
 40
1
 40
1
 10
42.658665
 20
233.170774
 30
0.0
 10
42.713311
 20
233.122324
 30
0.0
 10
42.768058
 20
233.073831
 30
0.0
 10
42.822737
 20
233.025717
 30
0.0
  0
SPLINE
  5
10ee
100
AcDbEntity
  8
0
 62
7
100
AcDbSpline
 70
8
 71
3
 72
8
 73
4
 74
0
 40
0
 40
0
 40
0
 40
0
 40
1
 40
1
 40
1
 40
1
 10
42.822737
 20
233.025717
 30
0.0
 10
42.796506
 20
233.001660
 30
0.0
 10
42.769703
 20
232.977266
 30
0.0
 10
42.742901
 20
232.953545
 30
0.0
  0
SPLINE
  5
10ef
100
AcDbEntity
  8
0
 62
7
100
AcDbSpline
 70
8
 71
3
 72
8
 73
4
 74
0
 40
0
 40
0
 40
0
 40
0
 40
1
 40
1
 40
1
 40
1
 10
42.742901
 20
232.953545
 30
0.0
 10
42.685971
 20
233.032707
 30
0.0
 10
42.628537
 20
233.111870
 30
0.0
 10
42.571070
 20
233.191011
 30
0.0
  0
SPLINE
  5
10f0
100
AcDbEntity
  8
0
 62
7
100
AcDbSpline
 70
8
 71
3
 72
8
 73
4
 74
0
 40
0
 40
0
 40
0
 40
0
 40
1
 40
1
 40
1
 40
1
 10
42.571070
 20
233.191011
 30
0.0
 10
42.593943
 20
233.191011
 30
0.0
 10
42.616815
 20
233.191011
 30
0.0
 10
42.639688
 20
233.190990
 30
0.0
  0
LINE
  5
10f1
100
AcDbEntity
  8
0
 62
7
100
AcDbLine
 10
42.639688
 20
233.190990
 30
0.0
 11
42.639688
 21
233.190990
 31
0.0
  0
SPLINE
  5
10f2
100
AcDbEntity
  8
0
 62
7
100
AcDbSpline
 70
8
 71
3
 72
8
 73
4
 74
0
 40
0
 40
0
 40
0
 40
0
 40
1
 40
1
 40
1
 40
1
 10
43.037660
 20
232.835484
 30
0.0
 10
43.090056
 20
232.789489
 30
0.0
 10
43.141915
 20
232.743537
 30
0.0
 10
43.194277
 20
232.697228
 30
0.0
  0
SPLINE
  5
10f3
100
AcDbEntity
  8
0
 62
7
100
AcDbSpline
 70
8
 71
3
 72
8
 73
4
 74
0
 40
0
 40
0
 40
0
 40
0
 40
1
 40
1
 40
1
 40
1
 10
43.194277
 20
232.697228
 30
0.0
 10
43.140705
 20
232.648777
 30
0.0
 10
43.087168
 20
232.599928
 30
0.0
 10
43.034134
 20
232.551478
 30
0.0
  0
SPLINE
  5
10f4
100
AcDbEntity
  8
0
 62
7
100
AcDbSpline
 70
8
 71
3
 72
8
 73
4
 74
0
 40
0
 40
0
 40
0
 40
0
 40
1
 40
1
 40
1
 40
1
 10
43.034134
 20
232.551478
 30
0.0
 10
42.993460
 20
232.607968
 30
0.0
 10
42.952114
 20
232.664459
 30
0.0
 10
42.911441
 20
232.720928
 30
0.0
  0
SPLINE
  5
10f5
100
AcDbEntity
  8
0
 62
7
100
AcDbSpline
 70
8
 71
3
 72
8
 73
4
 74
0
 40
0
 40
0
 40
0
 40
0
 40
1
 40
1
 40
1
 40
1
 10
42.911441
 20
232.720928
 30
0.0
 10
42.953290
 20
232.758945
 30
0.0
 10
42.995677
 20
232.797299
 30
0.0
 10
43.037660
 20
232.835484
 30
0.0
  0
LINE
  5
10f6
100
AcDbEntity
  8
0
 62
7
100
AcDbLine
 10
43.037660
 20
232.835484
 30
0.0
 11
43.037660
 21
232.835484
 31
0.0
  0
SPLINE
  5
10f7
100
AcDbEntity
  8
0
 62
7
100
AcDbSpline
 70
8
 71
3
 72
8
 73
4
 74
0
 40
0
 40
0
 40
0
 40
0
 40
1
 40
1
 40
1
 40
1
 10
43.055059
 20
233.429317
 30
0.0
 10
43.109066
 20
233.465193
 30
0.0
 10
43.162503
 20
233.500334
 30
0.0
 10
43.216578
 20
233.536189
 30
0.0
  0
SPLINE
  5
10f8
100
AcDbEntity
  8
0
 62
7
100
AcDbSpline
 70
8
 71
3
 72
8
 73
4
 74
0
 40
0
 40
0
 40
0
 40
0
 40
1
 40
1
 40
1
 40
1
 10
43.216578
 20
233.536189
 30
0.0
 10
43.275725
 20
233.500250
 30
0.0
 10
43.334301
 20
233.464710
 30
0.0
 10
43.393448
 20
233.429128
 30
0.0
  0
SPLINE
  5
10f9
100
AcDbEntity
  8
0
 62
7
100
AcDbSpline
 70
8
 71
3
 72
8
 73
4
 74
0
 40
0
 40
0
 40
0
 40
0
 40
1
 40
1
 40
1
 40
1
 10
43.393448
 20
233.429128
 30
0.0
 10
43.280763
 20
233.429128
 30
0.0
 10
43.168045
 20
233.429128
 30
0.0
 10
43.055059
 20
233.429317
 30
0.0
  0
LINE
  5
10fa
100
AcDbEntity
  8
0
 62
7
100
AcDbLine
 10
43.055059
 20
233.429317
 30
0.0
 11
43.055059
 21
233.429317
 31
0.0
  0
SPLINE
  5
10fb
100
AcDbEntity
  8
0
 62
7
100
AcDbSpline
 70
8
 71
3
 72
8
 73
4
 74
0
 40
0
 40
0
 40
0
 40
0
 40
1
 40
1
 40
1
 40
1
 10
43.409032
 20
232.507163
 30
0.0
 10
43.461461
 20
232.461126
 30
0.0
 10
43.513353
 20
232.414754
 30
0.0
 10
43.565816
 20
232.368760
 30
0.0
  0
SPLINE
  5
10fc
100
AcDbEntity
  8
0
 62
7
100
AcDbSpline
 70
8
 71
3
 72
8
 73
4
 74
0
 40
0
 40
0
 40
0
 40
0
 40
1
 40
1
 40
1
 40
1
 10
43.565816
 20
232.368760
 30
0.0
 10
43.520608
 20
232.327594
 30
0.0
 10
43.475400
 20
232.286448
 30
0.0
 10
43.429654
 20
232.245660
 30
0.0
  0
LINE
  5
10fd
100
AcDbEntity
  8
0
 62
7
100
AcDbLine
 10
43.429654
 20
232.245660
 30
0.0
 11
43.255640
 21
232.245660
 31
0.0
  0
SPLINE
  5
10fe
100
AcDbEntity
  8
0
 62
7
100
AcDbSpline
 70
8
 71
3
 72
8
 73
4
 74
0
 40
0
 40
0
 40
0
 40
0
 40
1
 40
1
 40
1
 40
1
 10
43.255640
 20
232.245660
 30
0.0
 10
43.237772
 20
232.270431
 30
0.0
 10
43.219904
 20
232.295181
 30
0.0
 10
43.202069
 20
232.319595
 30
0.0
  0
SPLINE
  5
10ff
100
AcDbEntity
  8
0
 62
7
100
AcDbSpline
 70
8
 71
3
 72
8
 73
4
 74
0
 40
0
 40
0
 40
0
 40
0
 40
1
 40
1
 40
1
 40
1
 10
43.202069
 20
232.319595
 30
0.0
 10
43.270654
 20
232.382006
 30
0.0
 10
43.340414
 20
232.444815
 30
0.0
 10
43.409032
 20
232.507163
 30
0.0
  0
LINE
  5
1100
100
AcDbEntity
  8
0
 62
7
100
AcDbLine
 10
43.409032
 20
232.507163
 30
0.0
 11
43.409032
 21
232.507163
 31
0.0
  0
SPLINE
  5
1101
100
AcDbEntity
  8
0
 62
7
100
AcDbSpline
 70
8
 71
3
 72
8
 73
4
 74
0
 40
0
 40
0
 40
0
 40
0
 40
1
 40
1
 40
1
 40
1
 10
44.903653
 20
234.653426
 30
0.0
 10
44.943790
 20
234.680296
 30
0.0
 10
44.984598
 20
234.706788
 30
0.0
 10
45.024164
 20
234.733281
 30
0.0
  0
LINE
  5
1102
100
AcDbEntity
  8
0
 62
7
100
AcDbLine
 10
45.024164
 20
234.733281
 30
0.0
 11
45.024164
 21
234.582303
 31
0.0
  0
SPLINE
  5
1103
100
AcDbEntity
  8
0
 62
7
100
AcDbSpline
 70
8
 71
3
 72
8
 73
4
 74
0
 40
0
 40
0
 40
0
 40
0
 40
1
 40
1
 40
1
 40
1
 10
45.024164
 20
234.582303
 30
0.0
 10
44.983994
 20
234.606025
 30
0.0
 10
44.943253
 20
234.629725
 30
0.0
 10
44.903653
 20
234.653426
 30
0.0
  0
LINE
  5
1104
100
AcDbEntity
  8
0
 62
7
100
AcDbLine
 10
44.903653
 20
234.653426
 30
0.0
 11
44.903653
 21
234.653426
 31
0.0
  0
SPLINE
  5
1105
100
AcDbEntity
  8
0
 62
7
100
AcDbSpline
 70
8
 71
3
 72
8
 73
4
 74
0
 40
0
 40
0
 40
0
 40
0
 40
1
 40
1
 40
1
 40
1
 10
44.313966
 20
233.429128
 30
0.0
 10
44.411604
 20
233.486647
 30
0.0
 10
44.509241
 20
233.543851
 30
0.0
 10
44.606879
 20
233.600699
 30
0.0
  0
SPLINE
  5
1106
100
AcDbEntity
  8
0
 62
7
100
AcDbSpline
 70
8
 71
3
 72
8
 73
4
 74
0
 40
0
 40
0
 40
0
 40
0
 40
1
 40
1
 40
1
 40
1
 10
44.606879
 20
233.600699
 30
0.0
 10
44.696690
 20
233.543536
 30
0.0
 10
44.786536
 20
233.486353
 30
0.0
 10
44.876347
 20
233.429128
 30
0.0
  0
LINE
  5
1107
100
AcDbEntity
  8
0
 62
7
100
AcDbLine
 10
44.876347
 20
233.429128
 30
0.0
 11
44.496948
 21
233.429128
 31
0.0
  0
LINE
  5
1108
100
AcDbEntity
  8
0
 62
7
100
AcDbLine
 10
44.496948
 20
233.429128
 30
0.0
 11
44.496411
 21
233.429128
 31
0.0
  0
LINE
  5
1109
100
AcDbEntity
  8
0
 62
7
100
AcDbLine
 10
44.496411
 20
233.429128
 30
0.0
 11
44.313966
 21
233.429128
 31
0.0
  0
LINE
  5
110a
100
AcDbEntity
  8
0
 62
7
100
AcDbLine
 10
44.313966
 20
233.429128
 30
0.0
 11
44.313966
 21
233.429128
 31
0.0
  0
SPLINE
  5
110b
100
AcDbEntity
  8
0
 62
7
100
AcDbSpline
 70
8
 71
3
 72
8
 73
4
 74
0
 40
0
 40
0
 40
0
 40
0
 40
1
 40
1
 40
1
 40
1
 10
45.358388
 20
234.701624
 30
0.0
 10
45.456563
 20
234.642656
 30
0.0
 10
45.554737
 20
234.583416
 30
0.0
 10
45.652946
 20
234.524427
 30
0.0
  0
SPLINE
  5
110c
100
AcDbEntity
  8
0
 62
7
100
AcDbSpline
 70
8
 71
3
 72
8
 73
4
 74
0
 40
0
 40
0
 40
0
 40
0
 40
1
 40
1
 40
1
 40
1
 10
45.652946
 20
234.524427
 30
0.0
 10
45.564209
 20
234.472471
 30
0.0
 10
45.474968
 20
234.420158
 30
0.0
 10
45.386870
 20
234.367887
 30
0.0
  0
SPLINE
  5
110d
100
AcDbEntity
  8
0
 62
7
100
AcDbSpline
 70
8
 71
3
 72
8
 73
4
 74
0
 40
0
 40
0
 40
0
 40
0
 40
1
 40
1
 40
1
 40
1
 10
45.386870
 20
234.367887
 30
0.0
 10
45.377398
 20
234.373450
 30
0.0
 10
45.367859
 20
234.379013
 30
0.0
 10
45.358388
 20
234.384639
 30
0.0
  0
LINE
  5
110e
100
AcDbEntity
  8
0
 62
7
100
AcDbLine
 10
45.358388
 20
234.384639
 30
0.0
 11
45.358388
 21
234.701624
 31
0.0
  0
LINE
  5
110f
100
AcDbEntity
  8
0
 62
7
100
AcDbLine
 10
45.358388
 20
234.701624
 30
0.0
 11
45.358388
 21
234.701624
 31
0.0
  0
LINE
  5
1110
100
AcDbEntity
  8
0
 62
7
100
AcDbLine
 10
44.882628
 20
232.897537
 30
0.0
 11
44.882628
 21
232.897537
 31
0.0
  0
LINE
  5
1111
100
AcDbEntity
  8
0
 62
7
100
AcDbLine
 10
44.882628
 20
232.897537
 30
0.0
 11
44.882628
 21
232.897537
 31
0.0
  0
LINE
  5
1112
100
AcDbEntity
  8
0
 62
7
100
AcDbLine
 10
44.883031
 20
232.897348
 30
0.0
 11
44.883031
 21
232.897348
 31
0.0
  0
SPLINE
  5
1113
100
AcDbEntity
  8
0
 62
7
100
AcDbSpline
 70
8
 71
3
 72
8
 73
4
 74
0
 40
0
 40
0
 40
0
 40
0
 40
1
 40
1
 40
1
 40
1
 10
44.727859
 20
233.037557
 30
0.0
 10
44.779751
 20
233.084286
 30
0.0
 10
44.831106
 20
233.131351
 30
0.0
 10
44.883031
 20
233.178416
 30
0.0
  0
SPLINE
  5
1114
100
AcDbEntity
  8
0
 62
7
100
AcDbSpline
 70
8
 71
3
 72
8
 73
4
 74
0
 40
0
 40
0
 40
0
 40
0
 40
1
 40
1
 40
1
 40
1
 10
44.883031
 20
233.178416
 30
0.0
 10
44.884106
 20
233.177030
 30
0.0
 10
44.885248
 20
233.175624
 30
0.0
 10
44.886961
 20
233.174238
 30
0.0
  0
SPLINE
  5
1115
100
AcDbEntity
  8
0
 62
7
100
AcDbSpline
 70
8
 71
3
 72
8
 73
4
 74
0
 40
0
 40
0
 40
0
 40
0
 40
1
 40
1
 40
1
 40
1
 10
44.886961
 20
233.174238
 30
0.0
 10
44.937173
 20
233.128894
 30
0.0
 10
44.987352
 20
233.083236
 30
0.0
 10
45.037027
 20
233.037557
 30
0.0
  0
SPLINE
  5
1116
100
AcDbEntity
  8
0
 62
7
100
AcDbSpline
 70
8
 71
3
 72
8
 73
4
 74
0
 40
0
 40
0
 40
0
 40
0
 40
1
 40
1
 40
1
 40
1
 10
45.037027
 20
233.037557
 30
0.0
 10
44.985706
 20
232.991205
 30
0.0
 10
44.933915
 20
232.944182
 30
0.0
 10
44.883031
 20
232.897348
 30
0.0
  0
SPLINE
  5
1117
100
AcDbEntity
  8
0
 62
7
100
AcDbSpline
 70
8
 71
3
 72
8
 73
4
 74
0
 40
0
 40
0
 40
0
 40
0
 40
1
 40
1
 40
1
 40
1
 10
44.883031
 20
232.897348
 30
0.0
 10
44.831106
 20
232.944098
 30
0.0
 10
44.779214
 20
232.991163
 30
0.0
 10
44.727859
 20
233.037557
 30
0.0
  0
LINE
  5
1118
100
AcDbEntity
  8
0
 62
7
100
AcDbLine
 10
44.727859
 20
233.037557
 30
0.0
 11
44.727859
 21
233.037557
 31
0.0
  0
SPLINE
  5
1119
100
AcDbEntity
  8
0
 62
7
100
AcDbSpline
 70
8
 71
3
 72
8
 73
4
 74
0
 40
0
 40
0
 40
0
 40
0
 40
1
 40
1
 40
1
 40
1
 10
44.515892
 20
232.845749
 30
0.0
 10
44.567783
 20
232.799020
 30
0.0
 10
44.619138
 20
232.752291
 30
0.0
 10
44.671030
 20
232.705226
 30
0.0
  0
SPLINE
  5
111a
100
AcDbEntity
  8
0
 62
7
100
AcDbSpline
 70
8
 71
3
 72
8
 73
4
 74
0
 40
0
 40
0
 40
0
 40
0
 40
1
 40
1
 40
1
 40
1
 10
44.671030
 20
232.705226
 30
0.0
 10
44.619138
 20
232.658497
 30
0.0
 10
44.567783
 20
232.611768
 30
0.0
 10
44.515892
 20
232.565039
 30
0.0
  0
SPLINE
  5
111b
100
AcDbEntity
  8
0
 62
7
100
AcDbSpline
 70
8
 71
3
 72
8
 73
4
 74
0
 40
0
 40
0
 40
0
 40
0
 40
1
 40
1
 40
1
 40
1
 10
44.515892
 20
232.565039
 30
0.0
 10
44.464571
 20
232.611768
 30
0.0
 10
44.412679
 20
232.658497
 30
0.0
 10
44.361324
 20
232.705226
 30
0.0
  0
SPLINE
  5
111c
100
AcDbEntity
  8
0
 62
7
100
AcDbSpline
 70
8
 71
3
 72
8
 73
4
 74
0
 40
0
 40
0
 40
0
 40
0
 40
1
 40
1
 40
1
 40
1
 10
44.361324
 20
232.705226
 30
0.0
 10
44.412679
 20
232.751955
 30
0.0
 10
44.464571
 20
232.798684
 30
0.0
 10
44.515892
 20
232.845749
 30
0.0
  0
LINE
  5
111d
100
AcDbEntity
  8
0
 62
7
100
AcDbLine
 10
44.515892
 20
232.845749
 30
0.0
 11
44.515892
 21
232.845749
 31
0.0
  0
LINE
  5
111e
100
AcDbEntity
  8
0
 62
7
100
AcDbLine
 10
45.024164
 20
233.845827
 30
0.0
 11
45.024164
 21
233.682275
 31
0.0
  0
LINE
  5
111f
100
AcDbEntity
  8
0
 62
7
100
AcDbLine
 10
45.024164
 20
233.682275
 30
0.0
 11
45.024164
 21
233.655090
 31
0.0
  0
SPLINE
  5
1120
100
AcDbEntity
  8
0
 62
7
100
AcDbSpline
 70
8
 71
3
 72
8
 73
4
 74
0
 40
0
 40
0
 40
0
 40
0
 40
1
 40
1
 40
1
 40
1
 10
45.024164
 20
233.655090
 30
0.0
 10
44.972272
 20
233.688195
 30
0.0
 10
44.919842
 20
233.721342
 30
0.0
 10
44.868488
 20
233.754804
 30
0.0
  0
SPLINE
  5
1121
100
AcDbEntity
  8
0
 62
7
100
AcDbSpline
 70
8
 71
3
 72
8
 73
4
 74
0
 40
0
 40
0
 40
0
 40
0
 40
1
 40
1
 40
1
 40
1
 10
44.868488
 20
233.754804
 30
0.0
 10
44.920380
 20
233.785117
 30
0.0
 10
44.972272
 20
233.815829
 30
0.0
 10
45.024164
 20
233.845827
 30
0.0
  0
LINE
  5
1122
100
AcDbEntity
  8
0
 62
7
100
AcDbLine
 10
45.024164
 20
233.845827
 30
0.0
 11
45.024164
 21
233.845827
 31
0.0
  0
SPLINE
  5
1123
100
AcDbEntity
  8
0
 62
7
100
AcDbSpline
 70
8
 71
3
 72
8
 73
4
 74
0
 40
0
 40
0
 40
0
 40
0
 40
1
 40
1
 40
1
 40
1
 10
45.386231
 20
234.059614
 30
0.0
 10
45.486119
 20
234.001381
 30
0.0
 10
45.585470
 20
233.942791
 30
0.0
 10
45.684719
 20
233.884243
 30
0.0
  0
SPLINE
  5
1124
100
AcDbEntity
  8
0
 62
7
100
AcDbSpline
 70
8
 71
3
 72
8
 73
4
 74
0
 40
0
 40
0
 40
0
 40
0
 40
1
 40
1
 40
1
 40
1
 10
45.684719
 20
233.884243
 30
0.0
 10
45.575360
 20
233.819691
 30
0.0
 10
45.466572
 20
233.755224
 30
0.0
 10
45.358388
 20
233.690336
 30
0.0
  0
LINE
  5
1125
100
AcDbEntity
  8
0
 62
7
100
AcDbLine
 10
45.358388
 20
233.690336
 30
0.0
 11
45.358388
 21
234.043239
 31
0.0
  0
SPLINE
  5
1126
100
AcDbEntity
  8
0
 62
7
100
AcDbSpline
 70
8
 71
3
 72
8
 73
4
 74
0
 40
0
 40
0
 40
0
 40
0
 40
1
 40
1
 40
1
 40
1
 10
45.358388
 20
234.043239
 30
0.0
 10
45.367322
 20
234.048467
 30
0.0
 10
45.377398
 20
234.054386
 30
0.0
 10
45.386231
 20
234.059614
 30
0.0
  0
LINE
  5
1127
100
AcDbEntity
  8
0
 62
7
100
AcDbLine
 10
45.386231
 20
234.059614
 30
0.0
 11
45.386231
 21
234.059614
 31
0.0
  0
SPLINE
  5
1128
100
AcDbEntity
  8
0
 62
7
100
AcDbSpline
 70
8
 71
3
 72
8
 73
4
 74
0
 40
0
 40
0
 40
0
 40
0
 40
1
 40
1
 40
1
 40
1
 10
44.148819
 20
232.513439
 30
0.0
 10
44.200711
 20
232.466710
 30
0.0
 10
44.252066
 20
232.419624
 30
0.0
 10
44.303958
 20
232.372895
 30
0.0
  0
SPLINE
  5
1129
100
AcDbEntity
  8
0
 62
7
100
AcDbSpline
 70
8
 71
3
 72
8
 73
4
 74
0
 40
0
 40
0
 40
0
 40
0
 40
1
 40
1
 40
1
 40
1
 10
44.303958
 20
232.372895
 30
0.0
 10
44.257104
 20
232.330721
 30
0.0
 10
44.210250
 20
232.287834
 30
0.0
 10
44.163362
 20
232.245639
 30
0.0
  0
LINE
  5
112a
100
AcDbEntity
  8
0
 62
7
100
AcDbLine
 10
44.163362
 20
232.245639
 30
0.0
 11
44.133772
 21
232.245639
 31
0.0
  0
SPLINE
  5
112b
100
AcDbEntity
  8
0
 62
7
100
AcDbSpline
 70
8
 71
3
 72
8
 73
4
 74
0
 40
0
 40
0
 40
0
 40
0
 40
1
 40
1
 40
1
 40
1
 10
44.133772
 20
232.245639
 30
0.0
 10
44.086918
 20
232.287477
 30
0.0
 10
44.038923
 20
232.329000
 30
0.0
 10
43.992035
 20
232.370838
 30
0.0
  0
SPLINE
  5
112c
100
AcDbEntity
  8
0
 62
7
100
AcDbSpline
 70
8
 71
3
 72
8
 73
4
 74
0
 40
0
 40
0
 40
0
 40
0
 40
1
 40
1
 40
1
 40
1
 10
43.992035
 20
232.370838
 30
0.0
 10
44.044498
 20
232.418239
 30
0.0
 10
44.096927
 20
232.466017
 30
0.0
 10
44.148819
 20
232.513439
 30
0.0
  0
LINE
  5
112d
100
AcDbEntity
  8
0
 62
7
100
AcDbLine
 10
44.148819
 20
232.513439
 30
0.0
 11
44.148819
 21
232.513439
 31
0.0
  0
SPLINE
  5
112e
100
AcDbEntity
  8
0
 62
7
100
AcDbSpline
 70
8
 71
3
 72
8
 73
4
 74
0
 40
0
 40
0
 40
0
 40
0
 40
1
 40
1
 40
1
 40
1
 10
45.615765
 20
232.513250
 30
0.0
 10
45.667590
 20
232.466605
 30
0.0
 10
45.718844
 20
232.419582
 30
0.0
 10
45.770668
 20
232.372895
 30
0.0
  0
SPLINE
  5
112f
100
AcDbEntity
  8
0
 62
7
100
AcDbSpline
 70
8
 71
3
 72
8
 73
4
 74
0
 40
0
 40
0
 40
0
 40
0
 40
1
 40
1
 40
1
 40
1
 10
45.770668
 20
232.372895
 30
0.0
 10
45.723848
 20
232.330721
 30
0.0
 10
45.676961
 20
232.287834
 30
0.0
 10
45.630073
 20
232.245639
 30
0.0
  0
LINE
  5
1130
100
AcDbEntity
  8
0
 62
7
100
AcDbLine
 10
45.630073
 20
232.245639
 30
0.0
 11
45.601625
 21
232.245639
 31
0.0
  0
SPLINE
  5
1131
100
AcDbEntity
  8
0
 62
7
100
AcDbSpline
 70
8
 71
3
 72
8
 73
4
 74
0
 40
0
 40
0
 40
0
 40
0
 40
1
 40
1
 40
1
 40
1
 10
45.601625
 20
232.245639
 30
0.0
 10
45.554737
 20
232.287834
 30
0.0
 10
45.507917
 20
232.330721
 30
0.0
 10
45.460996
 20
232.372895
 30
0.0
  0
SPLINE
  5
1132
100
AcDbEntity
  8
0
 62
7
100
AcDbSpline
 70
8
 71
3
 72
8
 73
4
 74
0
 40
0
 40
0
 40
0
 40
0
 40
1
 40
1
 40
1
 40
1
 10
45.460996
 20
232.372895
 30
0.0
 10
45.512922
 20
232.419624
 30
0.0
 10
45.564209
 20
232.466353
 30
0.0
 10
45.615765
 20
232.513250
 30
0.0
  0
LINE
  5
1133
100
AcDbEntity
  8
0
 62
7
100
AcDbLine
 10
45.615765
 20
232.513250
 30
0.0
 11
45.615765
 21
232.513250
 31
0.0
  0
SPLINE
  5
1134
100
AcDbEntity
  8
0
 62
7
100
AcDbSpline
 70
8
 71
3
 72
8
 73
4
 74
0
 40
0
 40
0
 40
0
 40
0
 40
1
 40
1
 40
1
 40
1
 10
45.460459
 20
233.037892
 30
0.0
 10
45.512317
 20
233.084621
 30
0.0
 10
45.563672
 20
233.131686
 30
0.0
 10
45.615564
 20
233.178772
 30
0.0
  0
SPLINE
  5
1135
100
AcDbEntity
  8
0
 62
7
100
AcDbSpline
 70
8
 71
3
 72
8
 73
4
 74
0
 40
0
 40
0
 40
0
 40
0
 40
1
 40
1
 40
1
 40
1
 10
45.615564
 20
233.178772
 30
0.0
 10
45.616672
 20
233.177387
 30
0.0
 10
45.617780
 20
233.175959
 30
0.0
 10
45.619493
 20
233.174574
 30
0.0
  0
SPLINE
  5
1136
100
AcDbEntity
  8
0
 62
7
100
AcDbSpline
 70
8
 71
3
 72
8
 73
4
 74
0
 40
0
 40
0
 40
0
 40
0
 40
1
 40
1
 40
1
 40
1
 10
45.619493
 20
233.174574
 30
0.0
 10
45.669739
 20
233.129230
 30
0.0
 10
45.719918
 20
233.083572
 30
0.0
 10
45.770131
 20
233.037892
 30
0.0
  0
SPLINE
  5
1137
100
AcDbEntity
  8
0
 62
7
100
AcDbSpline
 70
8
 71
3
 72
8
 73
4
 74
0
 40
0
 40
0
 40
0
 40
0
 40
1
 40
1
 40
1
 40
1
 10
45.770131
 20
233.037892
 30
0.0
 10
45.718239
 20
232.991499
 30
0.0
 10
45.666918
 20
232.944434
 30
0.0
 10
45.615026
 20
232.897705
 30
0.0
  0
SPLINE
  5
1138
100
AcDbEntity
  8
0
 62
7
100
AcDbSpline
 70
8
 71
3
 72
8
 73
4
 74
0
 40
0
 40
0
 40
0
 40
0
 40
1
 40
1
 40
1
 40
1
 10
45.615026
 20
232.897705
 30
0.0
 10
45.563739
 20
232.944371
 30
0.0
 10
45.511880
 20
232.991373
 30
0.0
 10
45.460459
 20
233.037892
 30
0.0
  0
LINE
  5
1139
100
AcDbEntity
  8
0
 62
7
100
AcDbLine
 10
45.460459
 20
233.037892
 30
0.0
 11
45.460459
 21
233.037892
 31
0.0
  0
LINE
  5
113a
100
AcDbEntity
  8
0
 62
7
100
AcDbLine
 10
46.623073
 20
231.186951
 30
0.0
 11
46.623073
 21
231.186951
 31
0.0
  0
SPLINE
  5
113b
100
AcDbEntity
  8
0
 62
7
100
AcDbSpline
 70
8
 71
3
 72
8
 73
4
 74
0
 40
0
 40
0
 40
0
 40
0
 40
1
 40
1
 40
1
 40
1
 10
46.129948
 20
232.006767
 30
0.0
 10
46.300671
 20
231.733740
 30
0.0
 10
46.471360
 20
231.460377
 30
0.0
 10
46.642083
 20
231.186951
 30
0.0
  0
SPLINE
  5
113c
100
AcDbEntity
  8
0
 62
7
100
AcDbSpline
 70
8
 71
3
 72
8
 73
4
 74
0
 40
0
 40
0
 40
0
 40
0
 40
1
 40
1
 40
1
 40
1
 10
46.642083
 20
231.186951
 30
0.0
 10
46.635937
 20
231.186951
 30
0.0
 10
46.629253
 20
231.186951
 30
0.0
 10
46.623174
 20
231.186636
 30
0.0
  0
SPLINE
  5
113d
100
AcDbEntity
  8
0
 62
7
100
AcDbSpline
 70
8
 71
3
 72
8
 73
4
 74
0
 40
0
 40
0
 40
0
 40
0
 40
1
 40
1
 40
1
 40
1
 10
46.623174
 20
231.186636
 30
0.0
 10
46.620923
 20
231.190141
 30
0.0
 10
46.618673
 20
231.193983
 30
0.0
 10
46.615919
 20
231.197447
 30
0.0
  0
SPLINE
  5
113e
100
AcDbEntity
  8
0
 62
7
100
AcDbSpline
 70
8
 71
3
 72
8
 73
4
 74
0
 40
0
 40
0
 40
0
 40
0
 40
1
 40
1
 40
1
 40
1
 10
46.615919
 20
231.197447
 30
0.0
 10
46.403884
 20
231.466968
 30
0.0
 10
46.191883
 20
231.736888
 30
0.0
 10
45.979848
 20
232.006767
 30
0.0
  0
LINE
  5
113f
100
AcDbEntity
  8
0
 62
7
100
AcDbLine
 10
45.979848
 20
232.006767
 30
0.0
 11
46.129948
 21
232.006767
 31
0.0
  0
LINE
  5
1140
100
AcDbEntity
  8
0
 62
7
100
AcDbLine
 10
46.129948
 20
232.006767
 30
0.0
 11
46.129948
 21
232.006767
 31
0.0
  0
SPLINE
  5
1141
100
AcDbEntity
  8
0
 62
7
100
AcDbSpline
 70
8
 71
3
 72
8
 73
4
 74
0
 40
0
 40
0
 40
0
 40
0
 40
1
 40
1
 40
1
 40
1
 10
46.306280
 20
230.573259
 30
0.0
 10
46.352026
 20
230.573595
 30
0.0
 10
46.398309
 20
230.574287
 30
0.0
 10
46.444591
 20
230.574287
 30
0.0
  0
SPLINE
  5
1142
100
AcDbEntity
  8
0
 62
7
100
AcDbSpline
 70
8
 71
3
 72
8
 73
4
 74
0
 40
0
 40
0
 40
0
 40
0
 40
1
 40
1
 40
1
 40
1
 10
46.444591
 20
230.574287
 30
0.0
 10
46.457455
 20
230.556171
 30
0.0
 10
46.470823
 20
230.538369
 30
0.0
 10
46.484190
 20
230.520232
 30
0.0
  0
SPLINE
  5
1143
100
AcDbEntity
  8
0
 62
7
100
AcDbSpline
 70
8
 71
3
 72
8
 73
4
 74
0
 40
0
 40
0
 40
0
 40
0
 40
1
 40
1
 40
1
 40
1
 10
46.484190
 20
230.520232
 30
0.0
 10
46.127732
 20
230.265678
 30
0.0
 10
45.771172
 20
230.011838
 30
0.0
 10
45.414109
 20
229.757242
 30
0.0
  0
LINE
  5
1144
100
AcDbEntity
  8
0
 62
7
100
AcDbLine
 10
45.414109
 20
229.757242
 30
0.0
 11
45.167479
 21
229.757242
 31
0.0
  0
SPLINE
  5
1145
100
AcDbEntity
  8
0
 62
7
100
AcDbSpline
 70
8
 71
3
 72
8
 73
4
 74
0
 40
0
 40
0
 40
0
 40
0
 40
1
 40
1
 40
1
 40
1
 10
45.167479
 20
229.757242
 30
0.0
 10
45.546878
 20
230.029241
 30
0.0
 10
45.926243
 20
230.300882
 30
0.0
 10
46.305676
 20
230.572881
 30
0.0
  0
LINE
  5
1146
100
AcDbEntity
  8
0
 62
7
100
AcDbLine
 10
46.305676
 20
230.572881
 30
0.0
 11
46.306280
 21
230.573259
 31
0.0
  0
LINE
  5
1147
100
AcDbEntity
  8
0
 62
7
100
AcDbLine
 10
46.170689
 20
230.948477
 30
0.0
 11
46.357064
 21
230.948477
 31
0.0
  0
SPLINE
  5
1148
100
AcDbEntity
  8
0
 62
7
100
AcDbSpline
 70
8
 71
3
 72
8
 73
4
 74
0
 40
0
 40
0
 40
0
 40
0
 40
1
 40
1
 40
1
 40
1
 10
46.357064
 20
230.948477
 30
0.0
 10
46.336945
 20
230.934181
 30
0.0
 10
46.317465
 20
230.920221
 30
0.0
 10
46.297917
 20
230.905925
 30
0.0
  0
SPLINE
  5
1149
100
AcDbEntity
  8
0
 62
7
100
AcDbSpline
 70
8
 71
3
 72
8
 73
4
 74
0
 40
0
 40
0
 40
0
 40
0
 40
1
 40
1
 40
1
 40
1
 10
46.297917
 20
230.905925
 30
0.0
 10
46.255463
 20
230.920221
 30
0.0
 10
46.213143
 20
230.934517
 30
0.0
 10
46.170689
 20
230.948477
 30
0.0
  0
LINE
  5
114a
100
AcDbEntity
  8
0
 62
7
100
AcDbLine
 10
46.170689
 20
230.948477
 30
0.0
 11
46.170689
 21
230.948477
 31
0.0
  0
LINE
  5
114b
100
AcDbEntity
  8
0
 62
7
100
AcDbLine
 10
47.602302
 20
229.519104
 30
0.0
 11
47.817695
 21
229.519104
 31
0.0
  0
SPLINE
  5
114c
100
AcDbEntity
  8
0
 62
7
100
AcDbSpline
 70
8
 71
3
 72
8
 73
4
 74
0
 40
0
 40
0
 40
0
 40
0
 40
1
 40
1
 40
1
 40
1
 10
47.817695
 20
229.519104
 30
0.0
 10
47.826596
 20
229.506194
 30
0.0
 10
47.836705
 20
229.493662
 30
0.0
 10
47.845606
 20
229.480751
 30
0.0
  0
LINE
  5
114d
100
AcDbEntity
  8
0
 62
7
100
AcDbLine
 10
47.845606
 20
229.480751
 30
0.0
 11
47.630246
 21
229.480751
 31
0.0
  0
SPLINE
  5
114e
100
AcDbEntity
  8
0
 62
7
100
AcDbSpline
 70
8
 71
3
 72
8
 73
4
 74
0
 40
0
 40
0
 40
0
 40
0
 40
1
 40
1
 40
1
 40
1
 10
47.630246
 20
229.480751
 30
0.0
 10
47.620808
 20
229.493263
 30
0.0
 10
47.611303
 20
229.506110
 30
0.0
 10
47.602302
 20
229.519104
 30
0.0
  0
LINE
  5
114f
100
AcDbEntity
  8
0
 62
7
100
AcDbLine
 10
47.602302
 20
229.519104
 30
0.0
 11
47.602302
 21
229.519104
 31
0.0
  0
SPLINE
  5
1150
100
AcDbEntity
  8
0
 62
7
100
AcDbSpline
 70
8
 71
3
 72
8
 73
4
 74
0
 40
0
 40
0
 40
0
 40
0
 40
1
 40
1
 40
1
 40
1
 10
46.348667
 20
232.513082
 30
0.0
 10
46.400021
 20
232.466353
 30
0.0
 10
46.451913
 20
232.419288
 30
0.0
 10
46.503234
 20
232.372559
 30
0.0
  0
SPLINE
  5
1151
100
AcDbEntity
  8
0
 62
7
100
AcDbSpline
 70
8
 71
3
 72
8
 73
4
 74
0
 40
0
 40
0
 40
0
 40
0
 40
1
 40
1
 40
1
 40
1
 10
46.503234
 20
232.372559
 30
0.0
 10
46.456414
 20
232.330365
 30
0.0
 10
46.409527
 20
232.287477
 30
0.0
 10
46.362673
 20
232.245303
 30
0.0
  0
LINE
  5
1152
100
AcDbEntity
  8
0
 62
7
100
AcDbLine
 10
46.362673
 20
232.245303
 30
0.0
 11
46.334728
 21
232.245303
 31
0.0
  0
LINE
  5
1153
100
AcDbEntity
  8
0
 62
7
100
AcDbLine
 10
46.334728
 20
232.245303
 30
0.0
 11
46.334191
 21
232.245303
 31
0.0
  0
SPLINE
  5
1154
100
AcDbEntity
  8
0
 62
7
100
AcDbSpline
 70
8
 71
3
 72
8
 73
4
 74
0
 40
0
 40
0
 40
0
 40
0
 40
1
 40
1
 40
1
 40
1
 10
46.334191
 20
232.245303
 30
0.0
 10
46.286766
 20
232.287477
 30
0.0
 10
46.240483
 20
232.330365
 30
0.0
 10
46.193562
 20
232.372559
 30
0.0
  0
SPLINE
  5
1155
100
AcDbEntity
  8
0
 62
7
100
AcDbSpline
 70
8
 71
3
 72
8
 73
4
 74
0
 40
0
 40
0
 40
0
 40
0
 40
1
 40
1
 40
1
 40
1
 10
46.193562
 20
232.372559
 30
0.0
 10
46.244917
 20
232.419288
 30
0.0
 10
46.296775
 20
232.466017
 30
0.0
 10
46.348667
 20
232.513082
 30
0.0
  0
LINE
  5
1156
100
AcDbEntity
  8
0
 62
7
100
AcDbLine
 10
46.348667
 20
232.513082
 30
0.0
 11
46.348667
 21
232.513082
 31
0.0
  0
SPLINE
  5
1157
100
AcDbEntity
  8
0
 62
7
100
AcDbSpline
 70
8
 71
3
 72
8
 73
4
 74
0
 40
0
 40
0
 40
0
 40
0
 40
1
 40
1
 40
1
 40
1
 10
46.352597
 20
233.174238
 30
0.0
 10
46.402843
 20
233.128894
 30
0.0
 10
46.453022
 20
233.083236
 30
0.0
 10
46.502697
 20
233.037557
 30
0.0
  0
SPLINE
  5
1158
100
AcDbEntity
  8
0
 62
7
100
AcDbSpline
 70
8
 71
3
 72
8
 73
4
 74
0
 40
0
 40
0
 40
0
 40
0
 40
1
 40
1
 40
1
 40
1
 10
46.502697
 20
233.037557
 30
0.0
 10
46.451376
 20
232.991163
 30
0.0
 10
46.399484
 20
232.944098
 30
0.0
 10
46.348130
 20
232.897348
 30
0.0
  0
SPLINE
  5
1159
100
AcDbEntity
  8
0
 62
7
100
AcDbSpline
 70
8
 71
3
 72
8
 73
4
 74
0
 40
0
 40
0
 40
0
 40
0
 40
1
 40
1
 40
1
 40
1
 10
46.348130
 20
232.897348
 30
0.0
 10
46.296238
 20
232.944098
 30
0.0
 10
46.244917
 20
232.991163
 30
0.0
 10
46.193025
 20
233.037557
 30
0.0
  0
SPLINE
  5
115a
100
AcDbEntity
  8
0
 62
7
100
AcDbSpline
 70
8
 71
3
 72
8
 73
4
 74
0
 40
0
 40
0
 40
0
 40
0
 40
1
 40
1
 40
1
 40
1
 10
46.193025
 20
233.037557
 30
0.0
 10
46.244917
 20
233.084286
 30
0.0
 10
46.296238
 20
233.131351
 30
0.0
 10
46.348130
 20
233.178416
 30
0.0
  0
SPLINE
  5
115b
100
AcDbEntity
  8
0
 62
7
100
AcDbSpline
 70
8
 71
3
 72
8
 73
4
 74
0
 40
0
 40
0
 40
0
 40
0
 40
1
 40
1
 40
1
 40
1
 10
46.348130
 20
233.178416
 30
0.0
 10
46.349272
 20
233.177030
 30
0.0
 10
46.350884
 20
233.175624
 30
0.0
 10
46.352597
 20
233.174238
 30
0.0
  0
LINE
  5
115c
100
AcDbEntity
  8
0
 62
7
100
AcDbLine
 10
46.352597
 20
233.174238
 30
0.0
 11
46.352597
 21
233.174238
 31
0.0
  0
SPLINE
  5
115d
100
AcDbEntity
  8
0
 62
7
100
AcDbSpline
 70
8
 71
3
 72
8
 73
4
 74
0
 40
0
 40
0
 40
0
 40
0
 40
1
 40
1
 40
1
 40
1
 10
23.343688
 20
237.561314
 30
0.0
 10
23.329716
 20
237.545632
 30
0.0
 10
23.323603
 20
237.528167
 30
0.0
 10
23.323603
 20
237.510722
 30
0.0
  0
SPLINE
  5
115e
100
AcDbEntity
  8
0
 62
7
100
AcDbSpline
 70
8
 71
3
 72
8
 73
4
 74
0
 40
0
 40
0
 40
0
 40
0
 40
1
 40
1
 40
1
 40
1
 10
23.323603
 20
237.510722
 30
0.0
 10
23.314131
 20
237.487714
 30
0.0
 10
23.305197
 20
237.465379
 30
0.0
 10
23.295659
 20
237.442728
 30
0.0
  0
LINE
  5
115f
100
AcDbEntity
  8
0
 62
7
100
AcDbLine
 10
23.295659
 20
237.442728
 30
0.0
 11
22.836524
 21
237.442728
 31
0.0
  0
LINE
  5
1160
100
AcDbEntity
  8
0
 62
7
100
AcDbLine
 10
22.836524
 20
237.442728
 30
0.0
 11
22.836524
 21
238.645760
 31
0.0
  0
LINE
  5
1161
100
AcDbEntity
  8
0
 62
7
100
AcDbLine
 10
22.836524
 20
238.645760
 30
0.0
 11
23.778808
 21
238.645760
 31
0.0
  0
SPLINE
  5
1162
100
AcDbEntity
  8
0
 62
7
100
AcDbSpline
 70
8
 71
3
 72
8
 73
4
 74
0
 40
0
 40
0
 40
0
 40
0
 40
1
 40
1
 40
1
 40
1
 10
23.778808
 20
238.645760
 30
0.0
 10
23.633208
 20
238.284502
 30
0.0
 10
23.488112
 20
237.922908
 30
0.0
 10
23.343083
 20
237.561650
 30
0.0
  0
LINE
  5
1163
100
AcDbEntity
  8
0
 62
7
100
AcDbLine
 10
23.343083
 20
237.561650
 30
0.0
 11
23.343688
 21
237.561314
 31
0.0
  0
LINE
  5
1164
100
AcDbEntity
  8
0
 62
7
100
AcDbLine
 10
16.189052
 20
226.470399
 30
0.0
 11
16.245344
 21
226.470399
 31
0.0
  0
SPLINE
  5
1165
100
AcDbEntity
  8
0
 62
7
100
AcDbSpline
 70
8
 71
3
 72
8
 73
4
 74
0
 40
0
 40
0
 40
0
 40
0
 40
1
 40
1
 40
1
 40
1
 10
16.245344
 20
226.470399
 30
0.0
 10
16.655475
 20
226.175750
 30
0.0
 10
17.064934
 20
225.881100
 30
0.0
 10
17.475031
 20
225.586472
 30
0.0
  0
LINE
  5
1166
100
AcDbEntity
  8
0
 62
7
100
AcDbLine
 10
17.475031
 20
225.586472
 30
0.0
 11
17.249092
 21
225.586472
 31
0.0
  0
SPLINE
  5
1167
100
AcDbEntity
  8
0
 62
7
100
AcDbSpline
 70
8
 71
3
 72
8
 73
4
 74
0
 40
0
 40
0
 40
0
 40
0
 40
1
 40
1
 40
1
 40
1
 10
17.249092
 20
225.586472
 30
0.0
 10
16.882523
 20
225.859499
 30
0.0
 10
16.515955
 20
226.131813
 30
0.0
 10
16.149453
 20
226.404504
 30
0.0
  0
SPLINE
  5
1168
100
AcDbEntity
  8
0
 62
7
100
AcDbSpline
 70
8
 71
3
 72
8
 73
4
 74
0
 40
0
 40
0
 40
0
 40
0
 40
1
 40
1
 40
1
 40
1
 10
16.149453
 20
226.404504
 30
0.0
 10
16.147237
 20
226.405889
 30
0.0
 10
16.144953
 20
226.407653
 30
0.0
 10
16.143307
 20
226.409038
 30
0.0
  0
SPLINE
  5
1169
100
AcDbEntity
  8
0
 62
7
100
AcDbSpline
 70
8
 71
3
 72
8
 73
4
 74
0
 40
0
 40
0
 40
0
 40
0
 40
1
 40
1
 40
1
 40
1
 10
16.143307
 20
226.409038
 30
0.0
 10
16.158925
 20
226.429590
 30
0.0
 10
16.173972
 20
226.449848
 30
0.0
 10
16.189052
 20
226.470399
 30
0.0
  0
LINE
  5
116a
100
AcDbEntity
  8
0
 62
7
100
AcDbLine
 10
16.189052
 20
226.470399
 30
0.0
 11
16.189052
 21
226.470399
 31
0.0
  0
SPLINE
  5
116b
100
AcDbEntity
  8
0
 62
7
100
AcDbSpline
 70
8
 71
3
 72
8
 73
4
 74
0
 40
0
 40
0
 40
0
 40
0
 40
1
 40
1
 40
1
 40
1
 10
15.978126
 20
226.186204
 30
0.0
 10
16.247024
 20
225.986398
 30
0.0
 10
16.515955
 20
225.786236
 30
0.0
 10
16.784281
 20
225.586409
 30
0.0
  0
LINE
  5
116c
100
AcDbEntity
  8
0
 62
7
100
AcDbLine
 10
16.784281
 20
225.586409
 30
0.0
 11
15.892714
 21
225.586409
 31
0.0
  0
LINE
  5
116d
100
AcDbEntity
  8
0
 62
7
100
AcDbLine
 10
15.892714
 20
225.586409
 30
0.0
 11
15.532326
 21
225.586409
 31
0.0
  0
SPLINE
  5
116e
100
AcDbEntity
  8
0
 62
7
100
AcDbSpline
 70
8
 71
3
 72
8
 73
4
 74
0
 40
0
 40
0
 40
0
 40
0
 40
1
 40
1
 40
1
 40
1
 10
15.532326
 20
225.586409
 30
0.0
 10
15.681251
 20
225.786236
 30
0.0
 10
15.829671
 20
225.986020
 30
0.0
 10
15.978126
 20
226.186204
 30
0.0
  0
LINE
  5
116f
100
AcDbEntity
  8
0
 62
7
100
AcDbLine
 10
15.978126
 20
226.186204
 30
0.0
 11
15.978126
 21
226.186204
 31
0.0
  0
LINE
  5
1170
100
AcDbEntity
  8
0
 62
7
100
AcDbLine
 10
15.354919
 20
225.347935
 30
0.0
 11
17.106213
 21
225.347935
 31
0.0
  0
SPLINE
  5
1171
100
AcDbEntity
  8
0
 62
7
100
AcDbSpline
 70
8
 71
3
 72
8
 73
4
 74
0
 40
0
 40
0
 40
0
 40
0
 40
1
 40
1
 40
1
 40
1
 10
17.106213
 20
225.347935
 30
0.0
 10
17.120689
 20
225.336788
 30
0.0
 10
17.135198
 20
225.325956
 30
0.0
 10
17.150279
 20
225.315166
 30
0.0
  0
SPLINE
  5
1172
100
AcDbEntity
  8
0
 62
7
100
AcDbSpline
 70
8
 71
3
 72
8
 73
4
 74
0
 40
0
 40
0
 40
0
 40
0
 40
1
 40
1
 40
1
 40
1
 10
17.150279
 20
225.315166
 30
0.0
 10
17.039777
 20
225.274693
 30
0.0
 10
16.929914
 20
225.234262
 30
0.0
 10
16.819447
 20
225.194166
 30
0.0
  0
LINE
  5
1173
100
AcDbEntity
  8
0
 62
7
100
AcDbLine
 10
16.819447
 20
225.194166
 30
0.0
 11
15.599869
 21
225.194166
 31
0.0
  0
LINE
  5
1174
100
AcDbEntity
  8
0
 62
7
100
AcDbLine
 10
15.599869
 20
225.194166
 30
0.0
 11
15.239985
 21
225.194166
 31
0.0
  0
SPLINE
  5
1175
100
AcDbEntity
  8
0
 62
7
100
AcDbSpline
 70
8
 71
3
 72
8
 73
4
 74
0
 40
0
 40
0
 40
0
 40
0
 40
1
 40
1
 40
1
 40
1
 10
15.239985
 20
225.194166
 30
0.0
 10
15.278408
 20
225.245325
 30
0.0
 10
15.316261
 20
225.296819
 30
0.0
 10
15.354919
 20
225.347935
 30
0.0
  0
LINE
  5
1176
100
AcDbEntity
  8
0
 62
7
100
AcDbLine
 10
15.354919
 20
225.347935
 30
0.0
 11
15.354919
 21
225.347935
 31
0.0
  0
LINE
  5
1177
100
AcDbEntity
  8
0
 62
7
100
AcDbLine
 10
16.900324
 20
224.955629
 30
0.0
 11
17.310993
 21
224.955629
 31
0.0
  0
SPLINE
  5
1178
100
AcDbEntity
  8
0
 62
7
100
AcDbSpline
 70
8
 71
3
 72
8
 73
4
 74
0
 40
0
 40
0
 40
0
 40
0
 40
1
 40
1
 40
1
 40
1
 10
17.310993
 20
224.955629
 30
0.0
 10
17.297591
 20
224.937492
 30
0.0
 10
17.284795
 20
224.919355
 30
0.0
 10
17.271393
 20
224.901574
 30
0.0
  0
SPLINE
  5
1179
100
AcDbEntity
  8
0
 62
7
100
AcDbSpline
 70
8
 71
3
 72
8
 73
4
 74
0
 40
0
 40
0
 40
0
 40
0
 40
1
 40
1
 40
1
 40
1
 10
17.271393
 20
224.901574
 30
0.0
 10
16.397191
 20
224.586688
 30
0.0
 10
15.523963
 20
224.271823
 30
0.0
 10
14.650298
 20
223.956916
 30
0.0
  0
LINE
  5
117a
100
AcDbEntity
  8
0
 62
7
100
AcDbLine
 10
14.650298
 20
223.956916
 30
0.0
 11
14.302773
 21
223.956916
 31
0.0
  0
SPLINE
  5
117b
100
AcDbEntity
  8
0
 62
7
100
AcDbSpline
 70
8
 71
3
 72
8
 73
4
 74
0
 40
0
 40
0
 40
0
 40
0
 40
1
 40
1
 40
1
 40
1
 10
14.302773
 20
223.956916
 30
0.0
 10
14.320608
 20
223.978916
 30
0.0
 10
14.337905
 20
224.001189
 30
0.0
 10
14.355202
 20
224.022853
 30
0.0
  0
LINE
  5
117c
100
AcDbEntity
  8
0
 62
7
100
AcDbLine
 10
14.355202
 20
224.022853
 30
0.0
 11
14.354598
 21
224.023189
 31
0.0
  0
SPLINE
  5
117d
100
AcDbEntity
  8
0
 62
7
100
AcDbSpline
 70
8
 71
3
 72
8
 73
4
 74
0
 40
0
 40
0
 40
0
 40
0
 40
1
 40
1
 40
1
 40
1
 10
14.354598
 20
224.023189
 30
0.0
 10
15.203173
 20
224.334233
 30
0.0
 10
16.051749
 20
224.644900
 30
0.0
 10
16.900324
 20
224.955629
 30
0.0
  0
LINE
  5
117e
100
AcDbEntity
  8
0
 62
7
100
AcDbLine
 10
16.900324
 20
224.955629
 30
0.0
 11
16.900324
 21
224.955629
 31
0.0
  0
SPLINE
  5
117f
100
AcDbEntity
  8
0
 62
7
100
AcDbSpline
 70
8
 71
3
 72
8
 73
4
 74
0
 40
0
 40
0
 40
0
 40
0
 40
1
 40
1
 40
1
 40
1
 10
26.818364
 20
232.516273
 30
0.0
 10
26.960101
 20
232.620186
 30
0.0
 10
27.268598
 20
232.395273
 30
0.0
 10
27.353405
 20
232.334584
 30
0.0
  0
SPLINE
  5
1180
100
AcDbEntity
  8
0
 62
7
100
AcDbSpline
 70
8
 71
3
 72
8
 73
4
 74
0
 40
0
 40
0
 40
0
 40
0
 40
1
 40
1
 40
1
 40
1
 10
27.353405
 20
232.334584
 30
0.0
 10
27.447717
 20
232.266611
 30
0.0
 10
27.535278
 20
232.192340
 30
0.0
 10
27.612831
 20
232.114206
 30
0.0
  0
SPLINE
  5
1181
100
AcDbEntity
  8
0
 62
7
100
AcDbSpline
 70
8
 71
3
 72
8
 73
4
 74
0
 40
0
 40
0
 40
0
 40
0
 40
1
 40
1
 40
1
 40
1
 10
27.612831
 20
232.114206
 30
0.0
 10
27.435995
 20
232.047261
 30
0.0
 10
27.261376
 20
231.977524
 30
0.0
 10
27.088168
 20
231.904891
 30
0.0
  0
SPLINE
  5
1182
100
AcDbEntity
  8
0
 62
7
100
AcDbSpline
 70
8
 71
3
 72
8
 73
4
 74
0
 40
0
 40
0
 40
0
 40
0
 40
1
 40
1
 40
1
 40
1
 10
27.088168
 20
231.904891
 30
0.0
 10
27.025797
 20
231.975572
 30
0.0
 10
26.968934
 20
232.049444
 30
0.0
 10
26.917143
 20
232.123967
 30
0.0
  0
SPLINE
  5
1183
100
AcDbEntity
  8
0
 62
7
100
AcDbSpline
 70
8
 71
3
 72
8
 73
4
 74
0
 40
0
 40
0
 40
0
 40
0
 40
1
 40
1
 40
1
 40
1
 10
26.917143
 20
232.123967
 30
0.0
 10
26.857426
 20
232.210414
 30
0.0
 10
26.698996
 20
232.428399
 30
0.0
 10
26.818364
 20
232.516273
 30
0.0
  0
LINE
  5
1184
100
AcDbEntity
  8
0
 62
7
100
AcDbLine
 10
26.818364
 20
232.516273
 30
0.0
 11
26.818364
 21
232.516273
 31
0.0
  0
SPLINE
  5
1185
100
AcDbEntity
  8
0
 62
7
100
AcDbSpline
 70
8
 71
3
 72
8
 73
4
 74
0
 40
0
 40
0
 40
0
 40
0
 40
1
 40
1
 40
1
 40
1
 10
26.187936
 20
231.951326
 30
0.0
 10
26.320168
 20
231.986173
 30
0.0
 10
26.515443
 20
231.885767
 30
0.0
 10
26.618622
 20
231.838702
 30
0.0
  0
SPLINE
  5
1186
100
AcDbEntity
  8
0
 62
7
100
AcDbSpline
 70
8
 71
3
 72
8
 73
4
 74
0
 40
0
 40
0
 40
0
 40
0
 40
1
 40
1
 40
1
 40
1
 10
26.618622
 20
231.838702
 30
0.0
 10
26.669406
 20
231.816030
 30
0.0
 10
26.717939
 20
231.791259
 30
0.0
 10
26.765935
 20
231.765102
 30
0.0
  0
SPLINE
  5
1187
100
AcDbEntity
  8
0
 62
7
100
AcDbSpline
 70
8
 71
3
 72
8
 73
4
 74
0
 40
0
 40
0
 40
0
 40
0
 40
1
 40
1
 40
1
 40
1
 10
26.765935
 20
231.765102
 30
0.0
 10
26.587420
 20
231.685604
 30
0.0
 10
26.411659
 20
231.603314
 30
0.0
 10
26.238686
 20
231.517896
 30
0.0
  0
SPLINE
  5
1188
100
AcDbEntity
  8
0
 62
7
100
AcDbSpline
 70
8
 71
3
 72
8
 73
4
 74
0
 40
0
 40
0
 40
0
 40
0
 40
1
 40
1
 40
1
 40
1
 10
26.238686
 20
231.517896
 30
0.0
 10
26.213663
 20
231.566010
 30
0.0
 10
26.192403
 20
231.615195
 30
0.0
 10
26.173426
 20
231.665010
 30
0.0
  0
SPLINE
  5
1189
100
AcDbEntity
  8
0
 62
7
100
AcDbSpline
 70
8
 71
3
 72
8
 73
4
 74
0
 40
0
 40
0
 40
0
 40
0
 40
1
 40
1
 40
1
 40
1
 10
26.173426
 20
231.665010
 30
0.0
 10
26.153341
 20
231.719444
 30
0.0
 10
26.074680
 20
231.921685
 30
0.0
 10
26.187936
 20
231.951326
 30
0.0
  0
LINE
  5
118a
100
AcDbEntity
  8
0
 62
7
100
AcDbLine
 10
26.187936
 20
231.951326
 30
0.0
 11
26.187936
 21
231.951326
 31
0.0
  0
SPLINE
  5
118b
100
AcDbEntity
  8
0
 62
7
100
AcDbSpline
 70
8
 71
3
 72
8
 73
4
 74
0
 40
0
 40
0
 40
0
 40
0
 40
1
 40
1
 40
1
 40
1
 10
25.754999
 20
230.966593
 30
0.0
 10
25.802357
 20
230.789795
 30
0.0
 10
25.849816
 20
230.613039
 30
0.0
 10
25.896972
 20
230.436010
 30
0.0
  0
SPLINE
  5
118c
100
AcDbEntity
  8
0
 62
7
100
AcDbSpline
 70
8
 71
3
 72
8
 73
4
 74
0
 40
0
 40
0
 40
0
 40
0
 40
1
 40
1
 40
1
 40
1
 10
25.896972
 20
230.436010
 30
0.0
 10
25.716845
 20
230.533961
 30
0.0
 10
25.536180
 20
230.631911
 30
0.0
 10
25.354978
 20
230.730177
 30
0.0
  0
SPLINE
  5
118d
100
AcDbEntity
  8
0
 62
7
100
AcDbSpline
 70
8
 71
3
 72
8
 73
4
 74
0
 40
0
 40
0
 40
0
 40
0
 40
1
 40
1
 40
1
 40
1
 10
25.354978
 20
230.730177
 30
0.0
 10
25.486035
 20
230.811082
 30
0.0
 10
25.619946
 20
230.889551
 30
0.0
 10
25.754999
 20
230.966593
 30
0.0
  0
LINE
  5
118e
100
AcDbEntity
  8
0
 62
7
100
AcDbLine
 10
25.754999
 20
230.966593
 30
0.0
 11
25.754999
 21
230.966593
 31
0.0
  0
LINE
  5
118f
100
AcDbEntity
  8
0
 62
7
100
AcDbLine
 10
27.914677
 20
232.224374
 30
0.0
 11
27.914677
 21
232.224374
 31
0.0
  0
SPLINE
  5
1190
100
AcDbEntity
  8
0
 62
7
100
AcDbSpline
 70
8
 71
3
 72
8
 73
4
 74
0
 40
0
 40
0
 40
0
 40
0
 40
1
 40
1
 40
1
 40
1
 10
27.644100
 20
232.844049
 30
0.0
 10
27.848813
 20
232.941012
 30
0.0
 10
28.103806
 20
232.742928
 30
0.0
 10
28.218136
 20
232.647056
 30
0.0
  0
SPLINE
  5
1191
100
AcDbEntity
  8
0
 62
7
100
AcDbSpline
 70
8
 71
3
 72
8
 73
4
 74
0
 40
0
 40
0
 40
0
 40
0
 40
1
 40
1
 40
1
 40
1
 10
28.218136
 20
232.647056
 30
0.0
 10
28.304689
 20
232.573792
 30
0.0
 10
28.380529
 20
232.490159
 30
0.0
 10
28.444109
 20
232.403649
 30
0.0
  0
SPLINE
  5
1192
100
AcDbEntity
  8
0
 62
7
100
AcDbSpline
 70
8
 71
3
 72
8
 73
4
 74
0
 40
0
 40
0
 40
0
 40
0
 40
1
 40
1
 40
1
 40
1
 10
28.444109
 20
232.403649
 30
0.0
 10
28.265561
 20
232.346445
 30
0.0
 10
28.089296
 20
232.286469
 30
0.0
 10
27.914677
 20
232.224374
 30
0.0
  0
SPLINE
  5
1193
100
AcDbEntity
  8
0
 62
7
100
AcDbSpline
 70
8
 71
3
 72
8
 73
4
 74
0
 40
0
 40
0
 40
0
 40
0
 40
1
 40
1
 40
1
 40
1
 10
27.914677
 20
232.224374
 30
0.0
 10
27.844984
 20
232.300387
 30
0.0
 10
27.782982
 20
232.380599
 30
0.0
 10
27.726657
 20
232.461504
 30
0.0
  0
SPLINE
  5
1194
100
AcDbEntity
  8
0
 62
7
100
AcDbSpline
 70
8
 71
3
 72
8
 73
4
 74
0
 40
0
 40
0
 40
0
 40
0
 40
1
 40
1
 40
1
 40
1
 10
27.726657
 20
232.461504
 30
0.0
 10
27.675874
 20
232.535775
 30
0.0
 10
27.504613
 20
232.777776
 30
0.0
 10
27.644100
 20
232.844049
 30
0.0
  0
LINE
  5
1195
100
AcDbEntity
  8
0
 62
7
100
AcDbLine
 10
27.644100
 20
232.844049
 30
0.0
 11
27.644100
 21
232.844049
 31
0.0
  0
SPLINE
  5
1196
100
AcDbEntity
  8
0
 62
7
100
AcDbSpline
 70
8
 71
3
 72
8
 73
4
 74
0
 40
0
 40
0
 40
0
 40
0
 40
1
 40
1
 40
1
 40
1
 10
26.508759
 20
231.362006
 30
0.0
 10
26.562868
 20
231.199504
 30
0.0
 10
26.616405
 20
231.037044
 30
0.0
 10
26.670547
 20
230.874878
 30
0.0
  0
SPLINE
  5
1197
100
AcDbEntity
  8
0
 62
7
100
AcDbSpline
 70
8
 71
3
 72
8
 73
4
 74
0
 40
0
 40
0
 40
0
 40
0
 40
1
 40
1
 40
1
 40
1
 10
26.670547
 20
230.874878
 30
0.0
 10
26.494283
 20
230.976019
 30
0.0
 10
26.317951
 20
231.076447
 30
0.0
 10
26.141653
 20
231.177567
 30
0.0
  0
SPLINE
  5
1198
100
AcDbEntity
  8
0
 62
7
100
AcDbSpline
 70
8
 71
3
 72
8
 73
4
 74
0
 40
0
 40
0
 40
0
 40
0
 40
1
 40
1
 40
1
 40
1
 10
26.141653
 20
231.177567
 30
0.0
 10
26.262163
 20
231.240670
 30
0.0
 10
26.384856
 20
231.302073
 30
0.0
 10
26.508759
 20
231.362006
 30
0.0
  0
LINE
  5
1199
100
AcDbEntity
  8
0
 62
7
100
AcDbLine
 10
26.508759
 20
231.362006
 30
0.0
 11
26.508759
 21
231.362006
 31
0.0
  0
SPLINE
  5
119a
100
AcDbEntity
  8
0
 62
7
100
AcDbSpline
 70
8
 71
3
 72
8
 73
4
 74
0
 40
0
 40
0
 40
0
 40
0
 40
1
 40
1
 40
1
 40
1
 10
26.118176
 20
230.885710
 30
0.0
 10
26.316809
 20
230.772393
 30
0.0
 10
26.514905
 20
230.658719
 30
0.0
 10
26.712934
 20
230.545360
 30
0.0
  0
SPLINE
  5
119b
100
AcDbEntity
  8
0
 62
7
100
AcDbSpline
 70
8
 71
3
 72
8
 73
4
 74
0
 40
0
 40
0
 40
0
 40
0
 40
1
 40
1
 40
1
 40
1
 10
26.712934
 20
230.545360
 30
0.0
 10
26.563405
 20
230.472831
 30
0.0
 10
26.415555
 20
230.397153
 30
0.0
 10
26.269955
 20
230.319733
 30
0.0
  0
SPLINE
  5
119c
100
AcDbEntity
  8
0
 62
7
100
AcDbSpline
 70
8
 71
3
 72
8
 73
4
 74
0
 40
0
 40
0
 40
0
 40
0
 40
1
 40
1
 40
1
 40
1
 10
26.269955
 20
230.319733
 30
0.0
 10
26.219172
 20
230.508392
 30
0.0
 10
26.168993
 20
230.697051
 30
0.0
 10
26.118176
 20
230.885710
 30
0.0
  0
LINE
  5
119d
100
AcDbEntity
  8
0
 62
7
100
AcDbLine
 10
26.118176
 20
230.885710
 30
0.0
 11
26.118176
 21
230.885710
 31
0.0
  0
SPLINE
  5
119e
100
AcDbEntity
  8
0
 62
7
100
AcDbSpline
 70
8
 71
3
 72
8
 73
4
 74
0
 40
0
 40
0
 40
0
 40
0
 40
1
 40
1
 40
1
 40
1
 10
25.346011
 20
230.436913
 30
0.0
 10
25.537322
 20
230.333358
 30
0.0
 10
25.728734
 20
230.229445
 30
0.0
 10
25.920080
 20
230.125869
 30
0.0
  0
SPLINE
  5
119f
100
AcDbEntity
  8
0
 62
7
100
AcDbSpline
 70
8
 71
3
 72
8
 73
4
 74
0
 40
0
 40
0
 40
0
 40
0
 40
1
 40
1
 40
1
 40
1
 10
25.920080
 20
230.125869
 30
0.0
 10
25.780022
 20
230.045678
 30
0.0
 10
25.643323
 20
229.963367
 30
0.0
 10
25.508907
 20
229.878641
 30
0.0
  0
SPLINE
  5
11a0
100
AcDbEntity
  8
0
 62
7
100
AcDbSpline
 70
8
 71
3
 72
8
 73
4
 74
0
 40
0
 40
0
 40
0
 40
0
 40
1
 40
1
 40
1
 40
1
 10
25.508907
 20
229.878641
 30
0.0
 10
25.454832
 20
230.064844
 30
0.0
 10
25.400153
 20
230.250710
 30
0.0
 10
25.346011
 20
230.436913
 30
0.0
  0
LINE
  5
11a1
100
AcDbEntity
  8
0
 62
7
100
AcDbLine
 10
25.346011
 20
230.436913
 30
0.0
 11
25.346011
 21
230.436913
 31
0.0
  0
SPLINE
  5
11a2
100
AcDbEntity
  8
0
 62
7
100
AcDbSpline
 70
8
 71
3
 72
8
 73
4
 74
0
 40
0
 40
0
 40
0
 40
0
 40
1
 40
1
 40
1
 40
1
 10
27.389108
 20
231.754291
 30
0.0
 10
27.406405
 20
231.546466
 30
0.0
 10
27.424844
 20
231.339334
 30
0.0
 10
27.442679
 20
231.131510
 30
0.0
  0
SPLINE
  5
11a3
100
AcDbEntity
  8
0
 62
7
100
AcDbSpline
 70
8
 71
3
 72
8
 73
4
 74
0
 40
0
 40
0
 40
0
 40
0
 40
1
 40
1
 40
1
 40
1
 10
27.442679
 20
231.131510
 30
0.0
 10
27.255767
 20
231.266449
 30
0.0
 10
27.068318
 20
231.401409
 30
0.0
 10
26.881407
 20
231.536348
 30
0.0
  0
LINE
  5
11a4
100
AcDbEntity
  8
0
 62
7
100
AcDbLine
 10
26.881407
 20
231.536348
 30
0.0
 11
26.881407
 21
231.536705
 31
0.0
  0
SPLINE
  5
11a5
100
AcDbEntity
  8
0
 62
7
100
AcDbSpline
 70
8
 71
3
 72
8
 73
4
 74
0
 40
0
 40
0
 40
0
 40
0
 40
1
 40
1
 40
1
 40
1
 10
26.881407
 20
231.536705
 30
0.0
 10
27.048200
 20
231.612026
 30
0.0
 10
27.217848
 20
231.684575
 30
0.0
 10
27.389108
 20
231.754291
 30
0.0
  0
LINE
  5
11a6
100
AcDbEntity
  8
0
 62
7
100
AcDbLine
 10
27.389108
 20
231.754291
 30
0.0
 11
27.389108
 21
231.754291
 31
0.0
  0
SPLINE
  5
11a7
100
AcDbEntity
  8
0
 62
7
100
AcDbSpline
 70
8
 71
3
 72
8
 73
4
 74
0
 40
0
 40
0
 40
0
 40
0
 40
1
 40
1
 40
1
 40
1
 10
27.827049
 20
231.926219
 30
0.0
 10
27.960960
 20
231.976454
 30
0.0
 10
28.096551
 20
232.024547
 30
0.0
 10
28.232679
 20
232.071276
 30
0.0
  0
SPLINE
  5
11a8
100
AcDbEntity
  8
0
 62
7
100
AcDbSpline
 70
8
 71
3
 72
8
 73
4
 74
0
 40
0
 40
0
 40
0
 40
0
 40
1
 40
1
 40
1
 40
1
 10
28.232679
 20
232.071276
 30
0.0
 10
28.277282
 20
231.906717
 30
0.0
 10
28.321382
 20
231.741402
 30
0.0
 10
28.366019
 20
231.576842
 30
0.0
  0
SPLINE
  5
11a9
100
AcDbEntity
  8
0
 62
7
100
AcDbSpline
 70
8
 71
3
 72
8
 73
4
 74
0
 40
0
 40
0
 40
0
 40
0
 40
1
 40
1
 40
1
 40
1
 10
28.366019
 20
231.576842
 30
0.0
 10
28.186362
 20
231.693308
 30
0.0
 10
28.006168
 20
231.809795
 30
0.0
 10
27.827049
 20
231.926219
 30
0.0
  0
LINE
  5
11aa
100
AcDbEntity
  8
0
 62
7
100
AcDbLine
 10
27.827049
 20
231.926219
 30
0.0
 11
27.827049
 21
231.926219
 31
0.0
  0
SPLINE
  5
11ab
100
AcDbEntity
  8
0
 62
7
100
AcDbSpline
 70
8
 71
3
 72
8
 73
4
 74
0
 40
0
 40
0
 40
0
 40
0
 40
1
 40
1
 40
1
 40
1
 10
27.732804
 20
231.664675
 30
0.0
 10
27.953705
 20
231.521737
 30
0.0
 10
28.174137
 20
231.378401
 30
0.0
 10
28.394501
 20
231.235800
 30
0.0
  0
SPLINE
  5
11ac
100
AcDbEntity
  8
0
 62
7
100
AcDbSpline
 70
8
 71
3
 72
8
 73
4
 74
0
 40
0
 40
0
 40
0
 40
0
 40
1
 40
1
 40
1
 40
1
 10
28.394501
 20
231.235800
 30
0.0
 10
28.190292
 20
231.166063
 30
0.0
 10
27.987762
 20
231.092821
 30
0.0
 10
27.788592
 20
231.015044
 30
0.0
  0
SPLINE
  5
11ad
100
AcDbEntity
  8
0
 62
7
100
AcDbSpline
 70
8
 71
3
 72
8
 73
4
 74
0
 40
0
 40
0
 40
0
 40
0
 40
1
 40
1
 40
1
 40
1
 10
27.788592
 20
231.015044
 30
0.0
 10
27.770219
 20
231.231601
 30
0.0
 10
27.751176
 20
231.448138
 30
0.0
 10
27.732804
 20
231.664675
 30
0.0
  0
LINE
  5
11ae
100
AcDbEntity
  8
0
 62
7
100
AcDbLine
 10
27.732804
 20
231.664675
 30
0.0
 11
27.732804
 21
231.664675
 31
0.0
  0
LINE
  5
11af
100
AcDbEntity
  8
0
 62
7
100
AcDbLine
 10
27.069998
 20
230.713425
 30
0.0
 11
27.069998
 21
230.713089
 31
0.0
  0
LINE
  5
11b0
100
AcDbEntity
  8
0
 62
7
100
AcDbLine
 10
27.069998
 20
230.713089
 30
0.0
 11
27.069998
 21
230.713425
 31
0.0
  0
LINE
  5
11b1
100
AcDbEntity
  8
0
 62
7
100
AcDbLine
 10
27.069998
 20
230.713425
 30
0.0
 11
27.069998
 21
230.713425
 31
0.0
  0
SPLINE
  5
11b2
100
AcDbEntity
  8
0
 62
7
100
AcDbSpline
 70
8
 71
3
 72
8
 73
4
 74
0
 40
0
 40
0
 40
0
 40
0
 40
1
 40
1
 40
1
 40
1
 10
28.637167
 20
232.205208
 30
0.0
 10
28.845810
 20
232.271103
 30
0.0
 10
29.056702
 20
232.333870
 30
0.0
 10
29.268703
 20
232.393153
 30
0.0
  0
SPLINE
  5
11b3
100
AcDbEntity
  8
0
 62
7
100
AcDbSpline
 70
8
 71
3
 72
8
 73
4
 74
0
 40
0
 40
0
 40
0
 40
0
 40
1
 40
1
 40
1
 40
1
 10
29.268703
 20
232.393153
 30
0.0
 10
29.287714
 20
232.194733
 30
0.0
 10
29.306119
 20
231.996333
 30
0.0
 10
29.325096
 20
231.797556
 30
0.0
  0
SPLINE
  5
11b4
100
AcDbEntity
  8
0
 62
7
100
AcDbSpline
 70
8
 71
3
 72
8
 73
4
 74
0
 40
0
 40
0
 40
0
 40
0
 40
1
 40
1
 40
1
 40
1
 10
29.325096
 20
231.797556
 30
0.0
 10
29.095764
 20
231.933209
 30
0.0
 10
28.866499
 20
232.069198
 30
0.0
 10
28.636596
 20
232.204851
 30
0.0
  0
LINE
  5
11b5
100
AcDbEntity
  8
0
 62
7
100
AcDbLine
 10
28.636596
 20
232.204851
 30
0.0
 11
28.637167
 21
232.205208
 31
0.0
  0
SPLINE
  5
11b6
100
AcDbEntity
  8
0
 62
7
100
AcDbSpline
 70
8
 71
3
 72
8
 73
4
 74
0
 40
0
 40
0
 40
0
 40
0
 40
1
 40
1
 40
1
 40
1
 10
30.016854
 20
232.950732
 30
0.0
 10
30.060383
 20
232.925646
 30
0.0
 10
30.096657
 20
232.894955
 30
0.0
 10
30.127321
 20
232.862165
 30
0.0
  0
SPLINE
  5
11b7
100
AcDbEntity
  8
0
 62
7
100
AcDbSpline
 70
8
 71
3
 72
8
 73
4
 74
0
 40
0
 40
0
 40
0
 40
0
 40
1
 40
1
 40
1
 40
1
 10
30.127321
 20
232.862165
 30
0.0
 10
30.127892
 20
232.861472
 30
0.0
 10
30.128430
 20
232.860780
 30
0.0
 10
30.129538
 20
232.859373
 30
0.0
  0
SPLINE
  5
11b8
100
AcDbEntity
  8
0
 62
7
100
AcDbSpline
 70
8
 71
3
 72
8
 73
4
 74
0
 40
0
 40
0
 40
0
 40
0
 40
1
 40
1
 40
1
 40
1
 10
30.129538
 20
232.859373
 30
0.0
 10
29.948773
 20
232.819236
 30
0.0
 10
29.768579
 20
232.777062
 30
0.0
 10
29.590568
 20
232.732075
 30
0.0
  0
SPLINE
  5
11b9
100
AcDbEntity
  8
0
 62
7
100
AcDbSpline
 70
8
 71
3
 72
8
 73
4
 74
0
 40
0
 40
0
 40
0
 40
0
 40
1
 40
1
 40
1
 40
1
 10
29.590568
 20
232.732075
 30
0.0
 10
29.591139
 20
232.821692
 30
0.0
 10
29.611224
 20
232.914457
 30
0.0
 10
29.677121
 20
232.988413
 30
0.0
  0
SPLINE
  5
11ba
100
AcDbEntity
  8
0
 62
7
100
AcDbSpline
 70
8
 71
3
 72
8
 73
4
 74
0
 40
0
 40
0
 40
0
 40
0
 40
1
 40
1
 40
1
 40
1
 10
29.677121
 20
232.988413
 30
0.0
 10
29.745706
 20
233.064742
 30
0.0
 10
29.948236
 20
232.990471
 30
0.0
 10
30.016854
 20
232.950732
 30
0.0
  0
LINE
  5
11bb
100
AcDbEntity
  8
0
 62
7
100
AcDbLine
 10
30.016854
 20
232.950732
 30
0.0
 11
30.016854
 21
232.950732
 31
0.0
  0
SPLINE
  5
11bc
100
AcDbEntity
  8
0
 62
7
100
AcDbSpline
 70
8
 71
3
 72
8
 73
4
 74
0
 40
0
 40
0
 40
0
 40
0
 40
1
 40
1
 40
1
 40
1
 10
29.662645
 20
232.498094
 30
0.0
 10
29.892515
 20
232.556663
 30
0.0
 10
30.125709
 20
232.611075
 30
0.0
 10
30.358937
 20
232.662002
 30
0.0
  0
SPLINE
  5
11bd
100
AcDbEntity
  8
0
 62
7
100
AcDbSpline
 70
8
 71
3
 72
8
 73
4
 74
0
 40
0
 40
0
 40
0
 40
0
 40
1
 40
1
 40
1
 40
1
 10
30.358937
 20
232.662002
 30
0.0
 10
30.348895
 20
232.446138
 30
0.0
 10
30.337710
 20
232.230294
 30
0.0
 10
30.327063
 20
232.014450
 30
0.0
  0
SPLINE
  5
11be
100
AcDbEntity
  8
0
 62
7
100
AcDbSpline
 70
8
 71
3
 72
8
 73
4
 74
0
 40
0
 40
0
 40
0
 40
0
 40
1
 40
1
 40
1
 40
1
 10
30.327063
 20
232.014450
 30
0.0
 10
30.105591
 20
232.175902
 30
0.0
 10
29.884118
 20
232.336998
 30
0.0
 10
29.662645
 20
232.498094
 30
0.0
  0
LINE
  5
11bf
100
AcDbEntity
  8
0
 62
7
100
AcDbLine
 10
29.662645
 20
232.498094
 30
0.0
 11
29.662645
 21
232.498094
 31
0.0
  0
SPLINE
  5
11c0
100
AcDbEntity
  8
0
 62
7
100
AcDbSpline
 70
8
 71
3
 72
8
 73
4
 74
0
 40
0
 40
0
 40
0
 40
0
 40
1
 40
1
 40
1
 40
1
 10
28.618728
 20
231.906717
 30
0.0
 10
28.840805
 20
231.775242
 30
0.0
 10
29.062782
 20
231.643787
 30
0.0
 10
29.284892
 20
231.512312
 30
0.0
  0
SPLINE
  5
11c1
100
AcDbEntity
  8
0
 62
7
100
AcDbSpline
 70
8
 71
3
 72
8
 73
4
 74
0
 40
0
 40
0
 40
0
 40
0
 40
1
 40
1
 40
1
 40
1
 10
29.284892
 20
231.512312
 30
0.0
 10
29.110307
 20
231.463504
 30
0.0
 10
28.937334
 20
231.411905
 30
0.0
 10
28.766578
 20
231.357493
 30
0.0
  0
LINE
  5
11c2
100
AcDbEntity
  8
0
 62
7
100
AcDbLine
 10
28.766578
 20
231.357493
 30
0.0
 11
28.766578
 21
231.357850
 31
0.0
  0
SPLINE
  5
11c3
100
AcDbEntity
  8
0
 62
7
100
AcDbSpline
 70
8
 71
3
 72
8
 73
4
 74
0
 40
0
 40
0
 40
0
 40
0
 40
1
 40
1
 40
1
 40
1
 10
28.766578
 20
231.357850
 30
0.0
 10
28.717474
 20
231.540903
 30
0.0
 10
28.667832
 20
231.723978
 30
0.0
 10
28.618728
 20
231.906717
 30
0.0
  0
LINE
  5
11c4
100
AcDbEntity
  8
0
 62
7
100
AcDbLine
 10
28.618728
 20
231.906717
 30
0.0
 11
28.618728
 21
231.906717
 31
0.0
  0
LINE
  5
11c5
100
AcDbEntity
  8
0
 62
7
100
AcDbLine
 10
29.137009
 20
233.188870
 30
0.0
 11
29.490176
 21
233.188870
 31
0.0
  0
SPLINE
  5
11c6
100
AcDbEntity
  8
0
 62
7
100
AcDbSpline
 70
8
 71
3
 72
8
 73
4
 74
0
 40
0
 40
0
 40
0
 40
0
 40
1
 40
1
 40
1
 40
1
 10
29.490176
 20
233.188870
 30
0.0
 10
29.427704
 20
233.153645
 30
0.0
 10
29.379708
 20
233.107986
 30
0.0
 10
29.344576
 20
233.056030
 30
0.0
  0
LINE
  5
11c7
100
AcDbEntity
  8
0
 62
7
100
AcDbLine
 10
29.344576
 20
233.056030
 30
0.0
 11
29.344005
 21
233.056030
 31
0.0
  0
SPLINE
  5
11c8
100
AcDbEntity
  8
0
 62
7
100
AcDbSpline
 70
8
 71
3
 72
8
 73
4
 74
0
 40
0
 40
0
 40
0
 40
0
 40
1
 40
1
 40
1
 40
1
 10
29.344005
 20
233.056030
 30
0.0
 10
29.288822
 20
233.106244
 30
0.0
 10
29.217382
 20
233.153309
 30
0.0
 10
29.137009
 20
233.188870
 30
0.0
  0
LINE
  5
11c9
100
AcDbEntity
  8
0
 62
7
100
AcDbLine
 10
29.137009
 20
233.188870
 30
0.0
 11
29.137009
 21
233.188870
 31
0.0
  0
SPLINE
  5
11ca
100
AcDbEntity
  8
0
 62
7
100
AcDbSpline
 70
8
 71
3
 72
8
 73
4
 74
0
 40
0
 40
0
 40
0
 40
0
 40
1
 40
1
 40
1
 40
1
 10
29.625263
 20
232.183250
 30
0.0
 10
29.824468
 20
232.038549
 30
0.0
 10
30.023605
 20
231.893492
 30
0.0
 10
30.222809
 20
231.748434
 30
0.0
  0
SPLINE
  5
11cb
100
AcDbEntity
  8
0
 62
7
100
AcDbSpline
 70
8
 71
3
 72
8
 73
4
 74
0
 40
0
 40
0
 40
0
 40
0
 40
1
 40
1
 40
1
 40
1
 10
30.222809
 20
231.748434
 30
0.0
 10
30.040398
 20
231.707247
 30
0.0
 10
29.859062
 20
231.664024
 30
0.0
 10
29.678834
 20
231.617631
 30
0.0
  0
SPLINE
  5
11cc
100
AcDbEntity
  8
0
 62
7
100
AcDbSpline
 70
8
 71
3
 72
8
 73
4
 74
0
 40
0
 40
0
 40
0
 40
0
 40
1
 40
1
 40
1
 40
1
 10
29.678834
 20
231.617631
 30
0.0
 10
29.661503
 20
231.806289
 30
0.0
 10
29.643098
 20
231.994927
 30
0.0
 10
29.625263
 20
232.183250
 30
0.0
  0
LINE
  5
11cd
100
AcDbEntity
  8
0
 62
7
100
AcDbLine
 10
29.625263
 20
232.183250
 30
0.0
 11
29.625263
 21
232.183250
 31
0.0
  0
SPLINE
  5
11ce
100
AcDbEntity
  8
0
 62
7
100
AcDbSpline
 70
8
 71
3
 72
8
 73
4
 74
0
 40
0
 40
0
 40
0
 40
0
 40
1
 40
1
 40
1
 40
1
 10
30.657392
 20
233.072782
 30
0.0
 10
30.709250
 20
233.098581
 30
0.0
 10
30.808567
 20
233.035121
 30
0.0
 10
30.851524
 20
233.007915
 30
0.0
  0
SPLINE
  5
11cf
100
AcDbEntity
  8
0
 62
7
100
AcDbSpline
 70
8
 71
3
 72
8
 73
4
 74
0
 40
0
 40
0
 40
0
 40
0
 40
1
 40
1
 40
1
 40
1
 10
30.851524
 20
233.007915
 30
0.0
 10
30.746095
 20
232.988413
 30
0.0
 10
30.641203
 20
232.967799
 30
0.0
 10
30.536881
 20
232.946890
 30
0.0
  0
SPLINE
  5
11d0
100
AcDbEntity
  8
0
 62
7
100
AcDbSpline
 70
8
 71
3
 72
8
 73
4
 74
0
 40
0
 40
0
 40
0
 40
0
 40
1
 40
1
 40
1
 40
1
 10
30.536881
 20
232.946890
 30
0.0
 10
30.564759
 20
232.997818
 30
0.0
 10
30.602712
 20
233.045597
 30
0.0
 10
30.657392
 20
233.072782
 30
0.0
  0
LINE
  5
11d1
100
AcDbEntity
  8
0
 62
7
100
AcDbLine
 10
30.657392
 20
233.072782
 30
0.0
 11
30.657392
 21
233.072782
 31
0.0
  0
SPLINE
  5
11d2
100
AcDbEntity
  8
0
 62
7
100
AcDbSpline
 70
8
 71
3
 72
8
 73
4
 74
0
 40
0
 40
0
 40
0
 40
0
 40
1
 40
1
 40
1
 40
1
 10
30.799632
 20
232.751640
 30
0.0
 10
30.984898
 20
232.787579
 30
0.0
 10
31.170634
 20
232.820369
 30
0.0
 10
31.358050
 20
232.851018
 30
0.0
  0
SPLINE
  5
11d3
100
AcDbEntity
  8
0
 62
7
100
AcDbSpline
 70
8
 71
3
 72
8
 73
4
 74
0
 40
0
 40
0
 40
0
 40
0
 40
1
 40
1
 40
1
 40
1
 10
31.358050
 20
232.851018
 30
0.0
 10
31.342466
 20
232.652976
 30
0.0
 10
31.326310
 20
232.454556
 30
0.0
 10
31.310692
 20
232.256135
 30
0.0
  0
LINE
  5
11d4
100
AcDbEntity
  8
0
 62
7
100
AcDbLine
 10
31.310692
 20
232.256135
 30
0.0
 11
31.310155
 21
232.256471
 31
0.0
  0
SPLINE
  5
11d5
100
AcDbEntity
  8
0
 62
7
100
AcDbSpline
 70
8
 71
3
 72
8
 73
4
 74
0
 40
0
 40
0
 40
0
 40
0
 40
1
 40
1
 40
1
 40
1
 10
31.310155
 20
232.256471
 30
0.0
 10
31.139970
 20
232.421409
 30
0.0
 10
30.969818
 20
232.586682
 30
0.0
 10
30.799632
 20
232.751640
 30
0.0
  0
LINE
  5
11d6
100
AcDbEntity
  8
0
 62
7
100
AcDbLine
 10
30.799632
 20
232.751640
 30
0.0
 11
30.799632
 21
232.751640
 31
0.0
  0
SPLINE
  5
11d7
100
AcDbEntity
  8
0
 62
7
100
AcDbSpline
 70
8
 71
3
 72
8
 73
4
 74
0
 40
0
 40
0
 40
0
 40
0
 40
1
 40
1
 40
1
 40
1
 10
30.685806
 20
232.459762
 30
0.0
 10
30.862709
 20
232.287477
 30
0.0
 10
31.040115
 20
232.115948
 30
0.0
 10
31.218093
 20
231.943685
 30
0.0
  0
SPLINE
  5
11d8
100
AcDbEntity
  8
0
 62
7
100
AcDbSpline
 70
8
 71
3
 72
8
 73
4
 74
0
 40
0
 40
0
 40
0
 40
0
 40
1
 40
1
 40
1
 40
1
 10
31.218093
 20
231.943685
 30
0.0
 10
31.029502
 20
231.911587
 30
0.0
 10
30.842053
 20
231.877076
 30
0.0
 10
30.655175
 20
231.839772
 30
0.0
  0
SPLINE
  5
11d9
100
AcDbEntity
  8
0
 62
7
100
AcDbSpline
 70
8
 71
3
 72
8
 73
4
 74
0
 40
0
 40
0
 40
0
 40
0
 40
1
 40
1
 40
1
 40
1
 10
30.655175
 20
231.839772
 30
0.0
 10
30.665721
 20
232.046526
 30
0.0
 10
30.675797
 20
232.252966
 30
0.0
 10
30.685806
 20
232.459762
 30
0.0
  0
LINE
  5
11da
100
AcDbEntity
  8
0
 62
7
100
AcDbLine
 10
30.685806
 20
232.459762
 30
0.0
 11
30.685806
 21
232.459762
 31
0.0
  0
SPLINE
  5
11db
100
AcDbEntity
  8
0
 62
7
100
AcDbSpline
 70
8
 71
3
 72
8
 73
4
 74
0
 40
0
 40
0
 40
0
 40
0
 40
1
 40
1
 40
1
 40
1
 10
31.788837
 20
232.918299
 30
0.0
 10
32.020386
 20
232.951425
 30
0.0
 10
32.253009
 20
232.981045
 30
0.0
 10
32.485666
 20
233.006887
 30
0.0
  0
SPLINE
  5
11dc
100
AcDbEntity
  8
0
 62
7
100
AcDbSpline
 70
8
 71
3
 72
8
 73
4
 74
0
 40
0
 40
0
 40
0
 40
0
 40
1
 40
1
 40
1
 40
1
 10
32.485666
 20
233.006887
 30
0.0
 10
32.429341
 20
232.797781
 30
0.0
 10
32.372512
 20
232.589096
 30
0.0
 10
32.315615
 20
232.380326
 30
0.0
  0
SPLINE
  5
11dd
100
AcDbEntity
  8
0
 62
7
100
AcDbSpline
 70
8
 71
3
 72
8
 73
4
 74
0
 40
0
 40
0
 40
0
 40
0
 40
1
 40
1
 40
1
 40
1
 10
32.315615
 20
232.380326
 30
0.0
 10
32.140056
 20
232.559770
 30
0.0
 10
31.964396
 20
232.738856
 30
0.0
 10
31.788837
 20
232.918299
 30
0.0
  0
LINE
  5
11de
100
AcDbEntity
  8
0
 62
7
100
AcDbLine
 10
31.788837
 20
232.918299
 30
0.0
 11
31.788837
 21
232.918299
 31
0.0
  0
SPLINE
  5
11df
100
AcDbEntity
  8
0
 62
7
100
AcDbSpline
 70
8
 71
3
 72
8
 73
4
 74
0
 40
0
 40
0
 40
0
 40
0
 40
1
 40
1
 40
1
 40
1
 10
31.675548
 20
232.617394
 30
0.0
 10
31.849092
 20
232.440239
 30
0.0
 10
32.022065
 20
232.263126
 30
0.0
 10
32.195542
 20
232.085971
 30
0.0
  0
SPLINE
  5
11e0
100
AcDbEntity
  8
0
 62
7
100
AcDbSpline
 70
8
 71
3
 72
8
 73
4
 74
0
 40
0
 40
0
 40
0
 40
0
 40
1
 40
1
 40
1
 40
1
 10
32.195542
 20
232.085971
 30
0.0
 10
32.005305
 20
232.062942
 30
0.0
 10
31.815606
 20
232.037164
 30
0.0
 10
31.627015
 20
232.008908
 30
0.0
  0
LINE
  5
11e1
100
AcDbEntity
  8
0
 62
7
100
AcDbLine
 10
31.627015
 20
232.008908
 30
0.0
 11
31.626477
 21
232.008887
 31
0.0
  0
SPLINE
  5
11e2
100
AcDbEntity
  8
0
 62
7
100
AcDbSpline
 70
8
 71
3
 72
8
 73
4
 74
0
 40
0
 40
0
 40
0
 40
0
 40
1
 40
1
 40
1
 40
1
 10
31.626477
 20
232.008887
 30
0.0
 10
31.642633
 20
232.211820
 30
0.0
 10
31.658822
 20
232.414754
 30
0.0
 10
31.675548
 20
232.617394
 30
0.0
  0
LINE
  5
11e3
100
AcDbEntity
  8
0
 62
7
100
AcDbLine
 10
31.675548
 20
232.617394
 30
0.0
 11
31.675548
 21
232.617394
 31
0.0
  0
SPLINE
  5
11e4
100
AcDbEntity
  8
0
 62
7
100
AcDbSpline
 70
8
 71
3
 72
8
 73
4
 74
0
 40
0
 40
0
 40
0
 40
0
 40
1
 40
1
 40
1
 40
1
 10
32.892909
 20
233.047318
 30
0.0
 10
33.084892
 20
233.065099
 30
0.0
 10
33.277312
 20
233.080444
 30
0.0
 10
33.469295
 20
233.092997
 30
0.0
  0
SPLINE
  5
11e5
100
AcDbEntity
  8
0
 62
7
100
AcDbSpline
 70
8
 71
3
 72
8
 73
4
 74
0
 40
0
 40
0
 40
0
 40
0
 40
1
 40
1
 40
1
 40
1
 10
33.469295
 20
233.092997
 30
0.0
 10
33.395605
 20
232.889707
 30
0.0
 10
33.321983
 20
232.686732
 30
0.0
 10
33.247755
 20
232.483798
 30
0.0
  0
SPLINE
  5
11e6
100
AcDbEntity
  8
0
 62
7
100
AcDbSpline
 70
8
 71
3
 72
8
 73
4
 74
0
 40
0
 40
0
 40
0
 40
0
 40
1
 40
1
 40
1
 40
1
 10
33.247755
 20
232.483798
 30
0.0
 10
33.129462
 20
232.671764
 30
0.0
 10
33.011168
 20
232.859709
 30
0.0
 10
32.892909
 20
233.047318
 30
0.0
  0
LINE
  5
11e7
100
AcDbEntity
  8
0
 62
7
100
AcDbLine
 10
32.892909
 20
233.047318
 30
0.0
 11
32.892909
 21
233.047318
 31
0.0
  0
SPLINE
  5
11e8
100
AcDbEntity
  8
0
 62
7
100
AcDbSpline
 70
8
 71
3
 72
8
 73
4
 74
0
 40
0
 40
0
 40
0
 40
0
 40
1
 40
1
 40
1
 40
1
 10
32.744521
 20
232.701426
 30
0.0
 10
32.855023
 20
232.526035
 30
0.0
 10
32.965960
 20
232.350622
 30
0.0
 10
33.076462
 20
232.174895
 30
0.0
  0
SPLINE
  5
11e9
100
AcDbEntity
  8
0
 62
7
100
AcDbSpline
 70
8
 71
3
 72
8
 73
4
 74
0
 40
0
 40
0
 40
0
 40
0
 40
1
 40
1
 40
1
 40
1
 10
33.076462
 20
232.174895
 30
0.0
 10
32.913531
 20
232.161964
 30
0.0
 10
32.751776
 20
232.146639
 30
0.0
 10
32.589954
 20
232.130223
 30
0.0
  0
SPLINE
  5
11ea
100
AcDbEntity
  8
0
 62
7
100
AcDbSpline
 70
8
 71
3
 72
8
 73
4
 74
0
 40
0
 40
0
 40
0
 40
0
 40
1
 40
1
 40
1
 40
1
 10
32.589954
 20
232.130223
 30
0.0
 10
32.641308
 20
232.320645
 30
0.0
 10
32.693167
 20
232.511025
 30
0.0
 10
32.744521
 20
232.701426
 30
0.0
  0
LINE
  5
11eb
100
AcDbEntity
  8
0
 62
7
100
AcDbLine
 10
32.744521
 20
232.701426
 30
0.0
 11
32.744521
 21
232.701426
 31
0.0
  0
SPLINE
  5
11ec
100
AcDbEntity
  8
0
 62
7
100
AcDbSpline
 70
8
 71
3
 72
8
 73
4
 74
0
 40
0
 40
0
 40
0
 40
0
 40
1
 40
1
 40
1
 40
1
 10
33.929538
 20
233.118440
 30
0.0
 10
34.099723
 20
233.125389
 30
0.0
 10
34.269270
 20
233.130637
 30
0.0
 10
34.439456
 20
233.134478
 30
0.0
  0
SPLINE
  5
11ed
100
AcDbEntity
  8
0
 62
7
100
AcDbSpline
 70
8
 71
3
 72
8
 73
4
 74
0
 40
0
 40
0
 40
0
 40
0
 40
1
 40
1
 40
1
 40
1
 10
34.439456
 20
233.134478
 30
0.0
 10
34.609641
 20
233.130616
 30
0.0
 10
34.779255
 20
233.124696
 30
0.0
 10
34.948836
 20
233.117013
 30
0.0
  0
SPLINE
  5
11ee
100
AcDbEntity
  8
0
 62
7
100
AcDbSpline
 70
8
 71
3
 72
8
 73
4
 74
0
 40
0
 40
0
 40
0
 40
0
 40
1
 40
1
 40
1
 40
1
 10
34.948836
 20
233.117013
 30
0.0
 10
34.779255
 20
232.890379
 30
0.0
 10
34.609104
 20
232.663346
 30
0.0
 10
34.439456
 20
232.436691
 30
0.0
  0
SPLINE
  5
11ef
100
AcDbEntity
  8
0
 62
7
100
AcDbSpline
 70
8
 71
3
 72
8
 73
4
 74
0
 40
0
 40
0
 40
0
 40
0
 40
1
 40
1
 40
1
 40
1
 10
34.439456
 20
232.436691
 30
0.0
 10
34.269942
 20
232.663934
 30
0.0
 10
34.099925
 20
232.891156
 30
0.0
 10
33.929538
 20
233.118440
 30
0.0
  0
LINE
  5
11f0
100
AcDbEntity
  8
0
 62
7
100
AcDbLine
 10
33.929538
 20
233.118440
 30
0.0
 11
33.929538
 21
233.118440
 31
0.0
  0
SPLINE
  5
11f1
100
AcDbEntity
  8
0
 62
7
100
AcDbSpline
 70
8
 71
3
 72
8
 73
4
 74
0
 40
0
 40
0
 40
0
 40
0
 40
1
 40
1
 40
1
 40
1
 10
33.735405
 20
232.869156
 30
0.0
 10
33.893264
 20
232.658875
 30
0.0
 10
34.050585
 20
232.448258
 30
0.0
 10
34.207907
 20
232.237620
 30
0.0
  0
SPLINE
  5
11f2
100
AcDbEntity
  8
0
 62
7
100
AcDbSpline
 70
8
 71
3
 72
8
 73
4
 74
0
 40
0
 40
0
 40
0
 40
0
 40
1
 40
1
 40
1
 40
1
 10
34.207907
 20
232.237620
 30
0.0
 10
33.969708
 20
232.230294
 30
0.0
 10
33.731509
 20
232.219147
 30
0.0
 10
33.493814
 20
232.204515
 30
0.0
  0
SPLINE
  5
11f3
100
AcDbEntity
  8
0
 62
7
100
AcDbSpline
 70
8
 71
3
 72
8
 73
4
 74
0
 40
0
 40
0
 40
0
 40
0
 40
1
 40
1
 40
1
 40
1
 10
33.493814
 20
232.204515
 30
0.0
 10
33.574154
 20
232.425943
 30
0.0
 10
33.654998
 20
232.647707
 30
0.0
 10
33.735405
 20
232.869156
 30
0.0
  0
LINE
  5
11f4
100
AcDbEntity
  8
0
 62
7
100
AcDbLine
 10
33.735405
 20
232.869156
 30
0.0
 11
33.735405
 21
232.869156
 31
0.0
  0
SPLINE
  5
11f5
100
AcDbEntity
  8
0
 62
7
100
AcDbSpline
 70
8
 71
3
 72
8
 73
4
 74
0
 40
0
 40
0
 40
0
 40
0
 40
1
 40
1
 40
1
 40
1
 10
35.410221
 20
233.092326
 30
0.0
 10
35.602741
 20
233.079751
 30
0.0
 10
35.794624
 20
233.064406
 30
0.0
 10
35.986003
 20
233.046982
 30
0.0
  0
SPLINE
  5
11f6
100
AcDbEntity
  8
0
 62
7
100
AcDbSpline
 70
8
 71
3
 72
8
 73
4
 74
0
 40
0
 40
0
 40
0
 40
0
 40
1
 40
1
 40
1
 40
1
 10
35.986003
 20
233.046982
 30
0.0
 10
35.867709
 20
232.859373
 30
0.0
 10
35.749449
 20
232.671764
 30
0.0
 10
35.631190
 20
232.483798
 30
0.0
  0
SPLINE
  5
11f7
100
AcDbEntity
  8
0
 62
7
100
AcDbSpline
 70
8
 71
3
 72
8
 73
4
 74
0
 40
0
 40
0
 40
0
 40
0
 40
1
 40
1
 40
1
 40
1
 10
35.631190
 20
232.483798
 30
0.0
 10
35.557533
 20
232.686732
 30
0.0
 10
35.483877
 20
232.889350
 30
0.0
 10
35.410221
 20
233.092326
 30
0.0
  0
LINE
  5
11f8
100
AcDbEntity
  8
0
 62
7
100
AcDbLine
 10
35.410221
 20
233.092326
 30
0.0
 11
35.410221
 21
233.092326
 31
0.0
  0
SPLINE
  5
11f9
100
AcDbEntity
  8
0
 62
7
100
AcDbSpline
 70
8
 71
3
 72
8
 73
4
 74
0
 40
0
 40
0
 40
0
 40
0
 40
1
 40
1
 40
1
 40
1
 10
35.144111
 20
232.869156
 30
0.0
 10
35.224518
 20
232.648064
 30
0.0
 10
35.304791
 20
232.427349
 30
0.0
 10
35.385131
 20
232.205943
 30
0.0
  0
SPLINE
  5
11fa
100
AcDbEntity
  8
0
 62
7
100
AcDbSpline
 70
8
 71
3
 72
8
 73
4
 74
0
 40
0
 40
0
 40
0
 40
0
 40
1
 40
1
 40
1
 40
1
 10
35.385131
 20
232.205943
 30
0.0
 10
35.147436
 20
232.220238
 30
0.0
 10
34.909808
 20
232.230693
 30
0.0
 10
34.671575
 20
232.237620
 30
0.0
  0
SPLINE
  5
11fb
100
AcDbEntity
  8
0
 62
7
100
AcDbSpline
 70
8
 71
3
 72
8
 73
4
 74
0
 40
0
 40
0
 40
0
 40
0
 40
1
 40
1
 40
1
 40
1
 10
34.671575
 20
232.237620
 30
0.0
 10
34.828931
 20
232.448258
 30
0.0
 10
34.986252
 20
232.658539
 30
0.0
 10
35.144111
 20
232.869156
 30
0.0
  0
LINE
  5
11fc
100
AcDbEntity
  8
0
 62
7
100
AcDbLine
 10
35.144111
 20
232.869156
 30
0.0
 11
35.144111
 21
232.869156
 31
0.0
  0
SPLINE
  5
11fd
100
AcDbEntity
  8
0
 62
7
100
AcDbSpline
 70
8
 71
3
 72
8
 73
4
 74
0
 40
0
 40
0
 40
0
 40
0
 40
1
 40
1
 40
1
 40
1
 10
36.393279
 20
233.006152
 30
0.0
 10
36.626507
 20
232.980709
 30
0.0
 10
36.858593
 20
232.951047
 30
0.0
 10
37.089571
 20
232.917942
 30
0.0
  0
SPLINE
  5
11fe
100
AcDbEntity
  8
0
 62
7
100
AcDbSpline
 70
8
 71
3
 72
8
 73
4
 74
0
 40
0
 40
0
 40
0
 40
0
 40
1
 40
1
 40
1
 40
1
 10
37.089571
 20
232.917942
 30
0.0
 10
36.913844
 20
232.738709
 30
0.0
 10
36.738620
 20
232.559119
 30
0.0
 10
36.562927
 20
232.380201
 30
0.0
  0
SPLINE
  5
11ff
100
AcDbEntity
  8
0
 62
7
100
AcDbSpline
 70
8
 71
3
 72
8
 73
4
 74
0
 40
0
 40
0
 40
0
 40
0
 40
1
 40
1
 40
1
 40
1
 10
36.562927
 20
232.380201
 30
0.0
 10
36.506030
 20
232.588970
 30
0.0
 10
36.449738
 20
232.797403
 30
0.0
 10
36.393279
 20
233.006152
 30
0.0
  0
LINE
  5
1200
100
AcDbEntity
  8
0
 62
7
100
AcDbLine
 10
36.393279
 20
233.006152
 30
0.0
 11
36.393279
 21
233.006152
 31
0.0
  0
SPLINE
  5
1201
100
AcDbEntity
  8
0
 62
7
100
AcDbSpline
 70
8
 71
3
 72
8
 73
4
 74
0
 40
0
 40
0
 40
0
 40
0
 40
1
 40
1
 40
1
 40
1
 10
36.134927
 20
232.701426
 30
0.0
 10
36.185711
 20
232.512096
 30
0.0
 10
36.237032
 20
232.323059
 30
0.0
 10
36.288353
 20
232.133708
 30
0.0
  0
SPLINE
  5
1202
100
AcDbEntity
  8
0
 62
7
100
AcDbSpline
 70
8
 71
3
 72
8
 73
4
 74
0
 40
0
 40
0
 40
0
 40
0
 40
1
 40
1
 40
1
 40
1
 10
36.288353
 20
232.133708
 30
0.0
 10
36.127135
 20
232.150103
 30
0.0
 10
35.965313
 20
232.164420
 30
0.0
 10
35.804095
 20
232.176973
 30
0.0
  0
SPLINE
  5
1203
100
AcDbEntity
  8
0
 62
7
100
AcDbSpline
 70
8
 71
3
 72
8
 73
4
 74
0
 40
0
 40
0
 40
0
 40
0
 40
1
 40
1
 40
1
 40
1
 10
35.804095
 20
232.176973
 30
0.0
 10
35.914597
 20
232.351672
 30
0.0
 10
36.024460
 20
232.526329
 30
0.0
 10
36.134927
 20
232.701426
 30
0.0
  0
LINE
  5
1204
100
AcDbEntity
  8
0
 62
7
100
AcDbLine
 10
36.134927
 20
232.701426
 30
0.0
 11
36.134927
 21
232.701426
 31
0.0
  0
SPLINE
  5
1205
100
AcDbEntity
  8
0
 62
7
100
AcDbSpline
 70
8
 71
3
 72
8
 73
4
 74
0
 40
0
 40
0
 40
0
 40
0
 40
1
 40
1
 40
1
 40
1
 10
36.688408
 20
232.090463
 30
0.0
 10
36.860239
 20
232.266191
 30
0.0
 10
37.032641
 20
232.441960
 30
0.0
 10
37.203901
 20
232.617688
 30
0.0
  0
SPLINE
  5
1206
100
AcDbEntity
  8
0
 62
7
100
AcDbSpline
 70
8
 71
3
 72
8
 73
4
 74
0
 40
0
 40
0
 40
0
 40
0
 40
1
 40
1
 40
1
 40
1
 10
37.203901
 20
232.617688
 30
0.0
 10
37.220090
 20
232.416832
 30
0.0
 10
37.236279
 20
232.215977
 30
0.0
 10
37.252468
 20
232.014807
 30
0.0
  0
SPLINE
  5
1207
100
AcDbEntity
  8
0
 62
7
100
AcDbSpline
 70
8
 71
3
 72
8
 73
4
 74
0
 40
0
 40
0
 40
0
 40
0
 40
1
 40
1
 40
1
 40
1
 10
37.252468
 20
232.014807
 30
0.0
 10
37.164302
 20
232.028053
 30
0.0
 10
37.076170
 20
232.040585
 30
0.0
 10
36.987970
 20
232.052446
 30
0.0
  0
SPLINE
  5
1208
100
AcDbEntity
  8
0
 62
7
100
AcDbSpline
 70
8
 71
3
 72
8
 73
4
 74
0
 40
0
 40
0
 40
0
 40
0
 40
1
 40
1
 40
1
 40
1
 10
36.987970
 20
232.052446
 30
0.0
 10
36.888149
 20
232.065692
 30
0.0
 10
36.788228
 20
232.078246
 30
0.0
 10
36.688408
 20
232.090463
 30
0.0
  0
LINE
  5
1209
100
AcDbEntity
  8
0
 62
7
100
AcDbLine
 10
36.688408
 20
232.090463
 30
0.0
 11
36.688408
 21
232.090463
 31
0.0
  0
SPLINE
  5
120a
100
AcDbEntity
  8
0
 62
7
100
AcDbSpline
 70
8
 71
3
 72
8
 73
4
 74
0
 40
0
 40
0
 40
0
 40
0
 40
1
 40
1
 40
1
 40
1
 10
37.522507
 20
232.851228
 30
0.0
 10
37.709217
 20
232.820558
 30
0.0
 10
37.894819
 20
232.787810
 30
0.0
 10
38.080354
 20
232.751955
 30
0.0
  0
SPLINE
  5
120b
100
AcDbEntity
  8
0
 62
7
100
AcDbSpline
 70
8
 71
3
 72
8
 73
4
 74
0
 40
0
 40
0
 40
0
 40
0
 40
1
 40
1
 40
1
 40
1
 10
38.080354
 20
232.751955
 30
0.0
 10
37.909631
 20
232.587018
 30
0.0
 10
37.740050
 20
232.422080
 30
0.0
 10
37.569865
 20
232.257164
 30
0.0
  0
SPLINE
  5
120c
100
AcDbEntity
  8
0
 62
7
100
AcDbSpline
 70
8
 71
3
 72
8
 73
4
 74
0
 40
0
 40
0
 40
0
 40
0
 40
1
 40
1
 40
1
 40
1
 10
37.569865
 20
232.257164
 30
0.0
 10
37.554247
 20
232.455059
 30
0.0
 10
37.538125
 20
232.652976
 30
0.0
 10
37.522507
 20
232.851228
 30
0.0
  0
LINE
  5
120d
100
AcDbEntity
  8
0
 62
7
100
AcDbLine
 10
37.522507
 20
232.851228
 30
0.0
 11
37.522507
 21
232.851228
 31
0.0
  0
SPLINE
  5
120e
100
AcDbEntity
  8
0
 62
7
100
AcDbSpline
 70
8
 71
3
 72
8
 73
4
 74
0
 40
0
 40
0
 40
0
 40
0
 40
1
 40
1
 40
1
 40
1
 10
38.193609
 20
232.460098
 30
0.0
 10
38.204222
 20
232.254687
 30
0.0
 10
38.214265
 20
232.049675
 30
0.0
 10
38.224308
 20
231.844978
 30
0.0
  0
SPLINE
  5
120f
100
AcDbEntity
  8
0
 62
7
100
AcDbSpline
 70
8
 71
3
 72
8
 73
4
 74
0
 40
0
 40
0
 40
0
 40
0
 40
1
 40
1
 40
1
 40
1
 10
38.224308
 20
231.844978
 30
0.0
 10
38.039613
 20
231.882282
 30
0.0
 10
37.853339
 20
231.916457
 30
0.0
 10
37.665823
 20
231.948555
 30
0.0
  0
SPLINE
  5
1210
100
AcDbEntity
  8
0
 62
7
100
AcDbSpline
 70
8
 71
3
 72
8
 73
4
 74
0
 40
0
 40
0
 40
0
 40
0
 40
1
 40
1
 40
1
 40
1
 10
37.665823
 20
231.948555
 30
0.0
 10
37.841550
 20
232.118719
 30
0.0
 10
38.017344
 20
232.289597
 30
0.0
 10
38.193609
 20
232.460098
 30
0.0
  0
LINE
  5
1211
100
AcDbEntity
  8
0
 62
7
100
AcDbLine
 10
38.193609
 20
232.460098
 30
0.0
 11
38.193609
 21
232.460098
 31
0.0
  0
SPLINE
  5
1212
100
AcDbEntity
  8
0
 62
7
100
AcDbSpline
 70
8
 71
3
 72
8
 73
4
 74
0
 40
0
 40
0
 40
0
 40
0
 40
1
 40
1
 40
1
 40
1
 10
38.025640
 20
233.007915
 30
0.0
 10
38.079816
 20
233.044505
 30
0.0
 10
38.165900
 20
233.093984
 30
0.0
 10
38.222091
 20
233.073139
 30
0.0
  0
SPLINE
  5
1213
100
AcDbEntity
  8
0
 62
7
100
AcDbSpline
 70
8
 71
3
 72
8
 73
4
 74
0
 40
0
 40
0
 40
0
 40
0
 40
1
 40
1
 40
1
 40
1
 10
38.222091
 20
233.073139
 30
0.0
 10
38.277308
 20
233.052230
 30
0.0
 10
38.316974
 20
233.000253
 30
0.0
 10
38.345355
 20
232.945862
 30
0.0
  0
SPLINE
  5
1214
100
AcDbEntity
  8
0
 62
7
100
AcDbSpline
 70
8
 71
3
 72
8
 73
4
 74
0
 40
0
 40
0
 40
0
 40
0
 40
1
 40
1
 40
1
 40
1
 10
38.345355
 20
232.945862
 30
0.0
 10
38.238817
 20
232.967148
 30
0.0
 10
38.132246
 20
232.988035
 30
0.0
 10
38.025640
 20
233.007915
 30
0.0
  0
LINE
  5
1215
100
AcDbEntity
  8
0
 62
7
100
AcDbLine
 10
38.025640
 20
233.007915
 30
0.0
 11
38.025640
 21
233.007915
 31
0.0
  0
SPLINE
  5
1216
100
AcDbEntity
  8
0
 62
7
100
AcDbSpline
 70
8
 71
3
 72
8
 73
4
 74
0
 40
0
 40
0
 40
0
 40
0
 40
1
 40
1
 40
1
 40
1
 10
38.836397
 20
232.934316
 30
0.0
 10
38.913378
 20
232.989085
 30
0.0
 10
39.099753
 20
233.058444
 30
0.0
 10
39.194065
 20
232.993619
 30
0.0
  0
SPLINE
  5
1217
100
AcDbEntity
  8
0
 62
7
100
AcDbSpline
 70
8
 71
3
 72
8
 73
4
 74
0
 40
0
 40
0
 40
0
 40
0
 40
1
 40
1
 40
1
 40
1
 10
39.194065
 20
232.993619
 30
0.0
 10
39.276084
 20
232.937486
 30
0.0
 10
39.291702
 20
232.826226
 30
0.0
 10
39.290023
 20
232.730690
 30
0.0
  0
SPLINE
  5
1218
100
AcDbEntity
  8
0
 62
7
100
AcDbSpline
 70
8
 71
3
 72
8
 73
4
 74
0
 40
0
 40
0
 40
0
 40
0
 40
1
 40
1
 40
1
 40
1
 10
39.290023
 20
232.730690
 30
0.0
 10
39.110937
 20
232.776033
 30
0.0
 10
38.930172
 20
232.818249
 30
0.0
 10
38.748802
 20
232.858995
 30
0.0
  0
SPLINE
  5
1219
100
AcDbEntity
  8
0
 62
7
100
AcDbSpline
 70
8
 71
3
 72
8
 73
4
 74
0
 40
0
 40
0
 40
0
 40
0
 40
1
 40
1
 40
1
 40
1
 10
38.748802
 20
232.858995
 30
0.0
 10
38.773892
 20
232.886915
 30
0.0
 10
38.803482
 20
232.910972
 30
0.0
 10
38.836397
 20
232.934316
 30
0.0
  0
LINE
  5
121a
100
AcDbEntity
  8
0
 62
7
100
AcDbLine
 10
38.836397
 20
232.934316
 30
0.0
 11
38.836397
 21
232.934316
 31
0.0
  0
SPLINE
  5
121b
100
AcDbEntity
  8
0
 62
7
100
AcDbSpline
 70
8
 71
3
 72
8
 73
4
 74
0
 40
0
 40
0
 40
0
 40
0
 40
1
 40
1
 40
1
 40
1
 10
38.520041
 20
232.661667
 30
0.0
 10
38.753807
 20
232.611075
 30
0.0
 10
38.986430
 20
232.556705
 30
0.0
 10
39.216871
 20
232.498094
 30
0.0
  0
SPLINE
  5
121c
100
AcDbEntity
  8
0
 62
7
100
AcDbSpline
 70
8
 71
3
 72
8
 73
4
 74
0
 40
0
 40
0
 40
0
 40
0
 40
1
 40
1
 40
1
 40
1
 10
39.216871
 20
232.498094
 30
0.0
 10
38.994793
 20
232.336998
 30
0.0
 10
38.773892
 20
232.175902
 30
0.0
 10
38.552419
 20
232.014450
 30
0.0
  0
SPLINE
  5
121d
100
AcDbEntity
  8
0
 62
7
100
AcDbSpline
 70
8
 71
3
 72
8
 73
4
 74
0
 40
0
 40
0
 40
0
 40
0
 40
1
 40
1
 40
1
 40
1
 10
38.552419
 20
232.014450
 30
0.0
 10
38.541302
 20
232.230294
 30
0.0
 10
38.530655
 20
232.446138
 30
0.0
 10
38.520041
 20
232.661667
 30
0.0
  0
LINE
  5
121e
100
AcDbEntity
  8
0
 62
7
100
AcDbLine
 10
38.520041
 20
232.661667
 30
0.0
 11
38.520041
 21
232.661667
 31
0.0
  0
LINE
  5
121f
100
AcDbEntity
  8
0
 62
7
100
AcDbLine
 10
39.199640
 20
231.620192
 30
0.0
 11
39.199607
 21
231.619730
 31
0.0
  0
LINE
  5
1220
100
AcDbEntity
  8
0
 62
7
100
AcDbLine
 10
39.199607
 20
231.619730
 30
0.0
 11
39.199640
 21
231.620192
 31
0.0
  0
LINE
  5
1221
100
AcDbEntity
  8
0
 62
7
100
AcDbLine
 10
39.387056
 20
233.189269
 30
0.0
 11
39.742977
 21
233.189269
 31
0.0
  0
SPLINE
  5
1222
100
AcDbEntity
  8
0
 62
7
100
AcDbSpline
 70
8
 71
3
 72
8
 73
4
 74
0
 40
0
 40
0
 40
0
 40
0
 40
1
 40
1
 40
1
 40
1
 10
39.742977
 20
233.189269
 30
0.0
 10
39.662637
 20
233.153686
 30
0.0
 10
39.592340
 20
233.108700
 30
0.0
 10
39.541019
 20
233.061635
 30
0.0
  0
SPLINE
  5
1223
100
AcDbEntity
  8
0
 62
7
100
AcDbSpline
 70
8
 71
3
 72
8
 73
4
 74
0
 40
0
 40
0
 40
0
 40
0
 40
1
 40
1
 40
1
 40
1
 10
39.541019
 20
233.061635
 30
0.0
 10
39.538802
 20
233.059179
 30
0.0
 10
39.535947
 20
233.056765
 30
0.0
 10
39.533193
 20
233.053973
 30
0.0
  0
SPLINE
  5
1224
100
AcDbEntity
  8
0
 62
7
100
AcDbSpline
 70
8
 71
3
 72
8
 73
4
 74
0
 40
0
 40
0
 40
0
 40
0
 40
1
 40
1
 40
1
 40
1
 10
39.533193
 20
233.053973
 30
0.0
 10
39.497456
 20
233.105572
 30
0.0
 10
39.450099
 20
233.152301
 30
0.0
 10
39.387056
 20
233.189269
 30
0.0
  0
LINE
  5
1225
100
AcDbEntity
  8
0
 62
7
100
AcDbLine
 10
39.387056
 20
233.189269
 30
0.0
 11
39.387056
 21
233.189269
 31
0.0
  0
SPLINE
  5
1226
100
AcDbEntity
  8
0
 62
7
100
AcDbSpline
 70
8
 71
3
 72
8
 73
4
 74
0
 40
0
 40
0
 40
0
 40
0
 40
1
 40
1
 40
1
 40
1
 10
39.609637
 20
232.393489
 30
0.0
 10
39.822175
 20
232.334206
 30
0.0
 10
40.033068
 20
232.271439
 30
0.0
 10
40.241173
 20
232.205544
 30
0.0
  0
SPLINE
  5
1227
100
AcDbEntity
  8
0
 62
7
100
AcDbSpline
 70
8
 71
3
 72
8
 73
4
 74
0
 40
0
 40
0
 40
0
 40
0
 40
1
 40
1
 40
1
 40
1
 10
40.241173
 20
232.205544
 30
0.0
 10
40.011841
 20
232.069555
 30
0.0
 10
39.782039
 20
231.933902
 30
0.0
 10
39.553244
 20
231.797913
 30
0.0
  0
SPLINE
  5
1228
100
AcDbEntity
  8
0
 62
7
100
AcDbSpline
 70
8
 71
3
 72
8
 73
4
 74
0
 40
0
 40
0
 40
0
 40
0
 40
1
 40
1
 40
1
 40
1
 10
39.553244
 20
231.797913
 30
0.0
 10
39.572221
 20
231.996333
 30
0.0
 10
39.590627
 20
232.195111
 30
0.0
 10
39.609637
 20
232.393489
 30
0.0
  0
LINE
  5
1229
100
AcDbEntity
  8
0
 62
7
100
AcDbLine
 10
39.609637
 20
232.393489
 30
0.0
 11
39.609637
 21
232.393489
 31
0.0
  0
SPLINE
  5
122a
100
AcDbEntity
  8
0
 62
7
100
AcDbSpline
 70
8
 71
3
 72
8
 73
4
 74
0
 40
0
 40
0
 40
0
 40
0
 40
1
 40
1
 40
1
 40
1
 10
39.594556
 20
231.513025
 30
0.0
 10
39.816029
 20
231.644123
 30
0.0
 10
40.038106
 20
231.775577
 30
0.0
 10
40.259646
 20
231.906717
 30
0.0
  0
SPLINE
  5
122b
100
AcDbEntity
  8
0
 62
7
100
AcDbSpline
 70
8
 71
3
 72
8
 73
4
 74
0
 40
0
 40
0
 40
0
 40
0
 40
1
 40
1
 40
1
 40
1
 10
40.259646
 20
231.906717
 30
0.0
 10
40.210508
 20
231.723642
 30
0.0
 10
40.160867
 20
231.540211
 30
0.0
 10
40.111292
 20
231.357283
 30
0.0
  0
SPLINE
  5
122c
100
AcDbEntity
  8
0
 62
7
100
AcDbSpline
 70
8
 71
3
 72
8
 73
4
 74
0
 40
0
 40
0
 40
0
 40
0
 40
1
 40
1
 40
1
 40
1
 10
40.111292
 20
231.357283
 30
0.0
 10
39.940704
 20
231.411296
 30
0.0
 10
39.768470
 20
231.463567
 30
0.0
 10
39.594556
 20
231.513025
 30
0.0
  0
LINE
  5
122d
100
AcDbEntity
  8
0
 62
7
100
AcDbLine
 10
39.594556
 20
231.513025
 30
0.0
 11
39.594556
 21
231.513025
 31
0.0
  0
SPLINE
  5
122e
100
AcDbEntity
  8
0
 62
7
100
AcDbSpline
 70
8
 71
3
 72
8
 73
4
 74
0
 40
0
 40
0
 40
0
 40
0
 40
1
 40
1
 40
1
 40
1
 10
41.267155
 20
232.114521
 30
0.0
 10
41.345212
 20
232.192277
 30
0.0
 10
41.432303
 20
232.265498
 30
0.0
 10
41.525406
 20
232.334206
 30
0.0
  0
SPLINE
  5
122f
100
AcDbEntity
  8
0
 62
7
100
AcDbSpline
 70
8
 71
3
 72
8
 73
4
 74
0
 40
0
 40
0
 40
0
 40
0
 40
1
 40
1
 40
1
 40
1
 10
41.525406
 20
232.334206
 30
0.0
 10
41.620289
 20
232.404321
 30
0.0
 10
41.903125
 20
232.610382
 30
0.0
 10
42.061018
 20
232.515895
 30
0.0
  0
SPLINE
  5
1230
100
AcDbEntity
  8
0
 62
7
100
AcDbSpline
 70
8
 71
3
 72
8
 73
4
 74
0
 40
0
 40
0
 40
0
 40
0
 40
1
 40
1
 40
1
 40
1
 10
42.061018
 20
232.515895
 30
0.0
 10
42.188245
 20
232.439525
 30
0.0
 10
42.014701
 20
232.202038
 30
0.0
 10
41.962272
 20
232.123589
 30
0.0
  0
LINE
  5
1231
100
AcDbEntity
  8
0
 62
7
100
AcDbLine
 10
41.962272
 20
232.123589
 30
0.0
 11
41.961802
 21
232.123925
 31
0.0
  0
SPLINE
  5
1232
100
AcDbEntity
  8
0
 62
7
100
AcDbSpline
 70
8
 71
3
 72
8
 73
4
 74
0
 40
0
 40
0
 40
0
 40
0
 40
1
 40
1
 40
1
 40
1
 10
41.961802
 20
232.123925
 30
0.0
 10
41.910985
 20
232.049318
 30
0.0
 10
41.854693
 20
231.976055
 30
0.0
 10
41.791616
 20
231.905604
 30
0.0
  0
SPLINE
  5
1233
100
AcDbEntity
  8
0
 62
7
100
AcDbSpline
 70
8
 71
3
 72
8
 73
4
 74
0
 40
0
 40
0
 40
0
 40
0
 40
1
 40
1
 40
1
 40
1
 10
41.791616
 20
231.905604
 30
0.0
 10
41.619214
 20
231.977797
 30
0.0
 10
41.444025
 20
232.047534
 30
0.0
 10
41.267155
 20
232.114521
 30
0.0
  0
LINE
  5
1234
100
AcDbEntity
  8
0
 62
7
100
AcDbLine
 10
41.267155
 20
232.114521
 30
0.0
 11
41.267155
 21
232.114521
 31
0.0
  0
LINE
  5
1235
100
AcDbEntity
  8
0
 62
7
100
AcDbLine
 10
41.089715
 20
231.011559
 30
0.0
 11
41.089715
 21
231.011559
 31
0.0
  0
LINE
  5
1236
100
AcDbEntity
  8
0
 62
7
100
AcDbLine
 10
40.964503
 20
232.225004
 30
0.0
 11
40.964503
 21
232.225004
 31
0.0
  0
LINE
  5
1237
100
AcDbEntity
  8
0
 62
7
100
AcDbLine
 10
40.964503
 20
232.225004
 30
0.0
 11
40.964503
 21
232.225004
 31
0.0
  0
LINE
  5
1238
100
AcDbEntity
  8
0
 62
7
100
AcDbLine
 10
40.964268
 20
232.225088
 30
0.0
 11
40.964268
 21
232.225088
 31
0.0
  0
SPLINE
  5
1239
100
AcDbEntity
  8
0
 62
7
100
AcDbSpline
 70
8
 71
3
 72
8
 73
4
 74
0
 40
0
 40
0
 40
0
 40
0
 40
1
 40
1
 40
1
 40
1
 10
40.434231
 20
232.404321
 30
0.0
 10
40.582652
 20
232.605848
 30
0.0
 10
40.915164
 20
232.967106
 30
0.0
 10
41.233703
 20
232.844363
 30
0.0
  0
SPLINE
  5
123a
100
AcDbEntity
  8
0
 62
7
100
AcDbSpline
 70
8
 71
3
 72
8
 73
4
 74
0
 40
0
 40
0
 40
0
 40
0
 40
1
 40
1
 40
1
 40
1
 10
41.233703
 20
232.844363
 30
0.0
 10
41.372652
 20
232.791043
 30
0.0
 10
41.206329
 20
232.546607
 30
0.0
 10
41.165051
 20
232.481720
 30
0.0
  0
SPLINE
  5
123b
100
AcDbEntity
  8
0
 62
7
100
AcDbSpline
 70
8
 71
3
 72
8
 73
4
 74
0
 40
0
 40
0
 40
0
 40
0
 40
1
 40
1
 40
1
 40
1
 10
41.165051
 20
232.481720
 30
0.0
 10
41.107684
 20
232.393258
 30
0.0
 10
41.039671
 20
232.306874
 30
0.0
 10
40.964268
 20
232.225088
 30
0.0
  0
SPLINE
  5
123c
100
AcDbEntity
  8
0
 62
7
100
AcDbSpline
 70
8
 71
3
 72
8
 73
4
 74
0
 40
0
 40
0
 40
0
 40
0
 40
1
 40
1
 40
1
 40
1
 10
40.964268
 20
232.225088
 30
0.0
 10
40.789683
 20
232.287141
 30
0.0
 10
40.613317
 20
232.347116
 30
0.0
 10
40.434231
 20
232.404321
 30
0.0
  0
LINE
  5
123d
100
AcDbEntity
  8
0
 62
7
100
AcDbLine
 10
40.434231
 20
232.404321
 30
0.0
 11
40.434231
 21
232.404321
 31
0.0
  0
SPLINE
  5
123e
100
AcDbEntity
  8
0
 62
7
100
AcDbSpline
 70
8
 71
3
 72
8
 73
4
 74
0
 40
0
 40
0
 40
0
 40
0
 40
1
 40
1
 40
1
 40
1
 10
40.645662
 20
232.071612
 30
0.0
 10
40.782327
 20
232.024547
 30
0.0
 10
40.917380
 20
231.976454
 30
0.0
 10
41.051258
 20
231.926219
 30
0.0
  0
SPLINE
  5
123f
100
AcDbEntity
  8
0
 62
7
100
AcDbSpline
 70
8
 71
3
 72
8
 73
4
 74
0
 40
0
 40
0
 40
0
 40
0
 40
1
 40
1
 40
1
 40
1
 10
41.051258
 20
231.926219
 30
0.0
 10
40.871601
 20
231.809732
 30
0.0
 10
40.691944
 20
231.693266
 30
0.0
 10
40.512288
 20
231.576842
 30
0.0
  0
SPLINE
  5
1240
100
AcDbEntity
  8
0
 62
7
100
AcDbSpline
 70
8
 71
3
 72
8
 73
4
 74
0
 40
0
 40
0
 40
0
 40
0
 40
1
 40
1
 40
1
 40
1
 10
40.512288
 20
231.576842
 30
0.0
 10
40.556958
 20
231.741780
 30
0.0
 10
40.601595
 20
231.906339
 30
0.0
 10
40.645662
 20
232.071612
 30
0.0
  0
LINE
  5
1241
100
AcDbEntity
  8
0
 62
7
100
AcDbLine
 10
40.645662
 20
232.071612
 30
0.0
 11
40.645662
 21
232.071612
 31
0.0
  0
SPLINE
  5
1242
100
AcDbEntity
  8
0
 62
7
100
AcDbSpline
 70
8
 71
3
 72
8
 73
4
 74
0
 40
0
 40
0
 40
0
 40
0
 40
1
 40
1
 40
1
 40
1
 10
42.110693
 20
231.768272
 30
0.0
 10
42.278057
 20
231.867650
 30
0.0
 10
42.510143
 20
231.984116
 30
0.0
 10
42.690908
 20
231.952061
 30
0.0
  0
SPLINE
  5
1243
100
AcDbEntity
  8
0
 62
7
100
AcDbSpline
 70
8
 71
3
 72
8
 73
4
 74
0
 40
0
 40
0
 40
0
 40
0
 40
1
 40
1
 40
1
 40
1
 10
42.690908
 20
231.952061
 30
0.0
 10
42.798017
 20
231.933209
 30
0.0
 10
42.728291
 20
231.734810
 30
0.0
 10
42.713244
 20
231.689467
 30
0.0
  0
LINE
  5
1244
100
AcDbEntity
  8
0
 62
7
100
AcDbLine
 10
42.713244
 20
231.689467
 30
0.0
 11
42.713277
 21
231.689131
 31
0.0
  0
SPLINE
  5
1245
100
AcDbEntity
  8
0
 62
7
100
AcDbSpline
 70
8
 71
3
 72
8
 73
4
 74
0
 40
0
 40
0
 40
0
 40
0
 40
1
 40
1
 40
1
 40
1
 10
42.713277
 20
231.689131
 30
0.0
 10
42.695443
 20
231.631947
 30
0.0
 10
42.669211
 20
231.575793
 30
0.0
 10
42.641838
 20
231.520688
 30
0.0
  0
SPLINE
  5
1246
100
AcDbEntity
  8
0
 62
7
100
AcDbSpline
 70
8
 71
3
 72
8
 73
4
 74
0
 40
0
 40
0
 40
0
 40
0
 40
1
 40
1
 40
1
 40
1
 10
42.641838
 20
231.520688
 30
0.0
 10
42.641838
 20
231.520016
 30
0.0
 10
42.641267
 20
231.520016
 30
0.0
 10
42.641267
 20
231.519659
 30
0.0
  0
SPLINE
  5
1247
100
AcDbEntity
  8
0
 62
7
100
AcDbSpline
 70
8
 71
3
 72
8
 73
4
 74
0
 40
0
 40
0
 40
0
 40
0
 40
1
 40
1
 40
1
 40
1
 10
42.641267
 20
231.519659
 30
0.0
 10
42.467252
 20
231.605098
 30
0.0
 10
42.290350
 20
231.688081
 30
0.0
 10
42.110693
 20
231.768272
 30
0.0
  0
LINE
  5
1248
100
AcDbEntity
  8
0
 62
7
100
AcDbLine
 10
42.110693
 20
231.768272
 30
0.0
 11
42.110693
 21
231.768272
 31
0.0
  0
SPLINE
  5
1249
100
AcDbEntity
  8
0
 62
7
100
AcDbSpline
 70
8
 71
3
 72
8
 73
4
 74
0
 40
0
 40
0
 40
0
 40
0
 40
1
 40
1
 40
1
 40
1
 10
41.506564
 20
230.842108
 30
0.0
 10
41.658276
 20
230.951227
 30
0.0
 10
41.809485
 20
231.060765
 30
0.0
 10
41.960660
 20
231.169884
 30
0.0
  0
SPLINE
  5
124a
100
AcDbEntity
  8
0
 62
7
100
AcDbSpline
 70
8
 71
3
 72
8
 73
4
 74
0
 40
0
 40
0
 40
0
 40
0
 40
1
 40
1
 40
1
 40
1
 10
41.960660
 20
231.169884
 30
0.0
 10
41.909876
 20
231.016429
 30
0.0
 10
41.858555
 20
230.863038
 30
0.0
 10
41.807805
 20
230.709604
 30
0.0
  0
SPLINE
  5
124b
100
AcDbEntity
  8
0
 62
7
100
AcDbSpline
 70
8
 71
3
 72
8
 73
4
 74
0
 40
0
 40
0
 40
0
 40
0
 40
1
 40
1
 40
1
 40
1
 10
41.807805
 20
230.709604
 30
0.0
 10
41.708522
 20
230.754591
 30
0.0
 10
41.607526
 20
230.798864
 30
0.0
 10
41.506564
 20
230.842108
 30
0.0
  0
LINE
  5
124c
100
AcDbEntity
  8
0
 62
7
100
AcDbLine
 10
41.506564
 20
230.842108
 30
0.0
 11
41.506564
 21
230.842108
 31
0.0
  0
SPLINE
  5
124d
100
AcDbEntity
  8
0
 62
7
100
AcDbSpline
 70
8
 71
3
 72
8
 73
4
 74
0
 40
0
 40
0
 40
0
 40
0
 40
1
 40
1
 40
1
 40
1
 10
41.489770
 20
231.754690
 30
0.0
 10
41.661635
 20
231.684575
 30
0.0
 10
41.831182
 20
231.612424
 30
0.0
 10
41.998076
 20
231.537104
 30
0.0
  0
SPLINE
  5
124e
100
AcDbEntity
  8
0
 62
7
100
AcDbSpline
 70
8
 71
3
 72
8
 73
4
 74
0
 40
0
 40
0
 40
0
 40
0
 40
1
 40
1
 40
1
 40
1
 10
41.998076
 20
231.537104
 30
0.0
 10
41.810593
 20
231.402144
 30
0.0
 10
41.623681
 20
231.267183
 30
0.0
 10
41.436266
 20
231.132244
 30
0.0
  0
SPLINE
  5
124f
100
AcDbEntity
  8
0
 62
7
100
AcDbSpline
 70
8
 71
3
 72
8
 73
4
 74
0
 40
0
 40
0
 40
0
 40
0
 40
1
 40
1
 40
1
 40
1
 10
41.436266
 20
231.132244
 30
0.0
 10
41.454067
 20
231.339586
 30
0.0
 10
41.472506
 20
231.546928
 30
0.0
 10
41.489770
 20
231.754690
 30
0.0
  0
LINE
  5
1250
100
AcDbEntity
  8
0
 62
7
100
AcDbLine
 10
41.489770
 20
231.754690
 30
0.0
 11
41.489770
 21
231.754690
 31
0.0
  0
SPLINE
  5
1251
100
AcDbEntity
  8
0
 62
7
100
AcDbSpline
 70
8
 71
3
 72
8
 73
4
 74
0
 40
0
 40
0
 40
0
 40
0
 40
1
 40
1
 40
1
 40
1
 10
42.370253
 20
231.362405
 30
0.0
 10
42.493551
 20
231.302073
 30
0.0
 10
42.616312
 20
231.241048
 30
0.0
 10
42.736822
 20
231.177966
 30
0.0
  0
LINE
  5
1252
100
AcDbEntity
  8
0
 62
7
100
AcDbLine
 10
42.736822
 20
231.177966
 30
0.0
 11
42.736788
 21
231.177567
 31
0.0
  0
SPLINE
  5
1253
100
AcDbEntity
  8
0
 62
7
100
AcDbSpline
 70
8
 71
3
 72
8
 73
4
 74
0
 40
0
 40
0
 40
0
 40
0
 40
1
 40
1
 40
1
 40
1
 10
42.736788
 20
231.177567
 30
0.0
 10
42.560490
 20
231.076803
 30
0.0
 10
42.384158
 20
230.976019
 30
0.0
 10
42.208465
 20
230.875255
 30
0.0
  0
SPLINE
  5
1254
100
AcDbEntity
  8
0
 62
7
100
AcDbSpline
 70
8
 71
3
 72
8
 73
4
 74
0
 40
0
 40
0
 40
0
 40
0
 40
1
 40
1
 40
1
 40
1
 10
42.208465
 20
230.875255
 30
0.0
 10
42.262540
 20
231.037422
 30
0.0
 10
42.316111
 20
231.199903
 30
0.0
 10
42.370253
 20
231.362405
 30
0.0
  0
LINE
  5
1255
100
AcDbEntity
  8
0
 62
7
100
AcDbLine
 10
42.370253
 20
231.362405
 30
0.0
 11
42.370253
 21
231.362405
 31
0.0
  0
SPLINE
  5
1256
100
AcDbEntity
  8
0
 62
7
100
AcDbSpline
 70
8
 71
3
 72
8
 73
4
 74
0
 40
0
 40
0
 40
0
 40
0
 40
1
 40
1
 40
1
 40
1
 10
42.162652
 20
230.544310
 30
0.0
 10
42.361856
 20
230.658341
 30
0.0
 10
42.560994
 20
230.772393
 30
0.0
 10
42.760198
 20
230.886066
 30
0.0
  0
SPLINE
  5
1257
100
AcDbEntity
  8
0
 62
7
100
AcDbSpline
 70
8
 71
3
 72
8
 73
4
 74
0
 40
0
 40
0
 40
0
 40
0
 40
1
 40
1
 40
1
 40
1
 10
42.760198
 20
230.886066
 30
0.0
 10
42.709381
 20
230.696736
 30
0.0
 10
42.658631
 20
230.507343
 30
0.0
 10
42.608385
 20
230.318369
 30
0.0
  0
SPLINE
  5
1258
100
AcDbEntity
  8
0
 62
7
100
AcDbSpline
 70
8
 71
3
 72
8
 73
4
 74
0
 40
0
 40
0
 40
0
 40
0
 40
1
 40
1
 40
1
 40
1
 10
42.608385
 20
230.318369
 30
0.0
 10
42.462248
 20
230.395768
 30
0.0
 10
42.313793
 20
230.471446
 30
0.0
 10
42.162652
 20
230.544310
 30
0.0
  0
LINE
  5
1259
100
AcDbEntity
  8
0
 62
7
100
AcDbLine
 10
42.162652
 20
230.544310
 30
0.0
 11
42.162652
 21
230.544310
 31
0.0
  0
LINE
  5
125a
100
AcDbEntity
  8
0
 62
7
100
AcDbLine
 10
43.092676
 20
231.286727
 30
0.0
 11
43.572500
 21
231.286727
 31
0.0
  0
SPLINE
  5
125b
100
AcDbEntity
  8
0
 62
7
100
AcDbSpline
 70
8
 71
3
 72
8
 73
4
 74
0
 40
0
 40
0
 40
0
 40
0
 40
1
 40
1
 40
1
 40
1
 10
43.572500
 20
231.286727
 30
0.0
 10
43.614349
 20
231.229166
 30
0.0
 10
43.656199
 20
231.171269
 30
0.0
 10
43.698048
 20
231.113036
 30
0.0
  0
SPLINE
  5
125c
100
AcDbEntity
  8
0
 62
7
100
AcDbSpline
 70
8
 71
3
 72
8
 73
4
 74
0
 40
0
 40
0
 40
0
 40
0
 40
1
 40
1
 40
1
 40
1
 10
43.698048
 20
231.113036
 30
0.0
 10
43.664595
 20
231.048884
 30
0.0
 10
43.704195
 20
230.963444
 30
0.0
 10
43.816879
 20
230.949505
 30
0.0
  0
SPLINE
  5
125d
100
AcDbEntity
  8
0
 62
7
100
AcDbSpline
 70
8
 71
3
 72
8
 73
4
 74
0
 40
0
 40
0
 40
0
 40
0
 40
1
 40
1
 40
1
 40
1
 10
43.816879
 20
230.949505
 30
0.0
 10
43.854261
 20
230.897549
 30
0.0
 10
43.892215
 20
230.845593
 30
0.0
 10
43.929597
 20
230.793637
 30
0.0
  0
SPLINE
  5
125e
100
AcDbEntity
  8
0
 62
7
100
AcDbSpline
 70
8
 71
3
 72
8
 73
4
 74
0
 40
0
 40
0
 40
0
 40
0
 40
1
 40
1
 40
1
 40
1
 10
43.929597
 20
230.793637
 30
0.0
 10
43.660666
 20
230.966593
 30
0.0
 10
43.381155
 20
231.131174
 30
0.0
 10
43.093314
 20
231.286350
 30
0.0
  0
LINE
  5
125f
100
AcDbEntity
  8
0
 62
7
100
AcDbLine
 10
43.093314
 20
231.286350
 30
0.0
 11
43.092676
 21
231.286727
 31
0.0
  0
SPLINE
  5
1260
100
AcDbEntity
  8
0
 62
7
100
AcDbSpline
 70
8
 71
3
 72
8
 73
4
 74
0
 40
0
 40
0
 40
0
 40
0
 40
1
 40
1
 40
1
 40
1
 10
43.123610
 20
230.966782
 30
0.0
 10
43.258596
 20
230.889782
 30
0.0
 10
43.392373
 20
230.811375
 30
0.0
 10
43.523362
 20
230.730555
 30
0.0
  0
SPLINE
  5
1261
100
AcDbEntity
  8
0
 62
7
100
AcDbSpline
 70
8
 71
3
 72
8
 73
4
 74
0
 40
0
 40
0
 40
0
 40
0
 40
1
 40
1
 40
1
 40
1
 10
43.523362
 20
230.730555
 30
0.0
 10
43.342630
 20
230.632562
 30
0.0
 10
43.161832
 20
230.534570
 30
0.0
 10
42.981100
 20
230.436220
 30
0.0
  0
SPLINE
  5
1262
100
AcDbEntity
  8
0
 62
7
100
AcDbSpline
 70
8
 71
3
 72
8
 73
4
 74
0
 40
0
 40
0
 40
0
 40
0
 40
1
 40
1
 40
1
 40
1
 10
42.981100
 20
230.436220
 30
0.0
 10
43.028525
 20
230.613039
 30
0.0
 10
43.075983
 20
230.789795
 30
0.0
 10
43.123610
 20
230.966782
 30
0.0
  0
LINE
  5
1263
100
AcDbEntity
  8
0
 62
7
100
AcDbLine
 10
43.123610
 20
230.966782
 30
0.0
 11
43.123610
 21
230.966782
 31
0.0
  0
SPLINE
  5
1264
100
AcDbEntity
  8
0
 62
7
100
AcDbSpline
 70
8
 71
3
 72
8
 73
4
 74
0
 40
0
 40
0
 40
0
 40
0
 40
1
 40
1
 40
1
 40
1
 10
42.957690
 20
230.125848
 30
0.0
 10
43.149606
 20
230.229424
 30
0.0
 10
43.340414
 20
230.333337
 30
0.0
 10
43.532330
 20
230.437228
 30
0.0
  0
SPLINE
  5
1265
100
AcDbEntity
  8
0
 62
7
100
AcDbSpline
 70
8
 71
3
 72
8
 73
4
 74
0
 40
0
 40
0
 40
0
 40
0
 40
1
 40
1
 40
1
 40
1
 10
43.532330
 20
230.437228
 30
0.0
 10
43.478255
 20
230.251361
 30
0.0
 10
43.423575
 20
230.065872
 30
0.0
 10
43.369970
 20
229.880363
 30
0.0
  0
SPLINE
  5
1266
100
AcDbEntity
  8
0
 62
7
100
AcDbSpline
 70
8
 71
3
 72
8
 73
4
 74
0
 40
0
 40
0
 40
0
 40
0
 40
1
 40
1
 40
1
 40
1
 10
43.369970
 20
229.880363
 30
0.0
 10
43.234951
 20
229.964395
 30
0.0
 10
43.097714
 20
230.046349
 30
0.0
 10
42.957690
 20
230.125848
 30
0.0
  0
LINE
  5
1267
100
AcDbEntity
  8
0
 62
7
100
AcDbLine
 10
42.957690
 20
230.125848
 30
0.0
 11
42.957690
 21
230.125848
 31
0.0
  0
SPLINE
  5
1268
100
AcDbEntity
  8
0
 62
7
100
AcDbSpline
 70
8
 71
3
 72
8
 73
4
 74
0
 40
0
 40
0
 40
0
 40
0
 40
1
 40
1
 40
1
 40
1
 10
43.740435
 20
229.639433
 30
0.0
 10
43.908303
 20
229.735305
 30
0.0
 10
44.076876
 20
229.831555
 30
0.0
 10
44.245281
 20
229.927805
 30
0.0
  0
SPLINE
  5
1269
100
AcDbEntity
  8
0
 62
7
100
AcDbSpline
 70
8
 71
3
 72
8
 73
4
 74
0
 40
0
 40
0
 40
0
 40
0
 40
1
 40
1
 40
1
 40
1
 10
44.245281
 20
229.927805
 30
0.0
 10
44.193994
 20
229.749244
 30
0.0
 10
44.142639
 20
229.571082
 30
0.0
 10
44.091352
 20
229.392520
 30
0.0
  0
SPLINE
  5
126a
100
AcDbEntity
  8
0
 62
7
100
AcDbSpline
 70
8
 71
3
 72
8
 73
4
 74
0
 40
0
 40
0
 40
0
 40
0
 40
1
 40
1
 40
1
 40
1
 10
44.091352
 20
229.392520
 30
0.0
 10
43.976451
 20
229.476553
 30
0.0
 10
43.859803
 20
229.558843
 30
0.0
 10
43.740435
 20
229.639433
 30
0.0
  0
LINE
  5
126b
100
AcDbEntity
  8
0
 62
7
100
AcDbLine
 10
43.740435
 20
229.639433
 30
0.0
 11
43.740435
 21
229.639433
 31
0.0
  0
SPLINE
  5
126c
100
AcDbEntity
  8
0
 62
7
100
AcDbSpline
 70
8
 71
3
 72
8
 73
4
 74
0
 40
0
 40
0
 40
0
 40
0
 40
1
 40
1
 40
1
 40
1
 10
43.891106
 20
230.493047
 30
0.0
 10
43.940210
 20
230.460634
 30
0.0
 10
43.988173
 20
230.428537
 30
0.0
 10
44.036135
 20
230.395432
 30
0.0
  0
SPLINE
  5
126d
100
AcDbEntity
  8
0
 62
7
100
AcDbSpline
 70
8
 71
3
 72
8
 73
4
 74
0
 40
0
 40
0
 40
0
 40
0
 40
1
 40
1
 40
1
 40
1
 10
44.036135
 20
230.395432
 30
0.0
 10
44.110329
 20
230.344169
 30
0.0
 10
44.183447
 20
230.291520
 30
0.0
 10
44.255391
 20
230.238493
 30
0.0
  0
SPLINE
  5
126e
100
AcDbEntity
  8
0
 62
7
100
AcDbSpline
 70
8
 71
3
 72
8
 73
4
 74
0
 40
0
 40
0
 40
0
 40
0
 40
1
 40
1
 40
1
 40
1
 10
44.255391
 20
230.238493
 30
0.0
 10
44.079664
 20
230.138443
 30
0.0
 10
43.904440
 20
230.037994
 30
0.0
 10
43.729351
 20
229.937924
 30
0.0
  0
SPLINE
  5
126f
100
AcDbEntity
  8
0
 62
7
100
AcDbSpline
 70
8
 71
3
 72
8
 73
4
 74
0
 40
0
 40
0
 40
0
 40
0
 40
1
 40
1
 40
1
 40
1
 10
43.729351
 20
229.937924
 30
0.0
 10
43.782889
 20
230.122951
 30
0.0
 10
43.836964
 20
230.308020
 30
0.0
 10
43.891106
 20
230.493047
 30
0.0
  0
LINE
  5
1270
100
AcDbEntity
  8
0
 62
7
100
AcDbLine
 10
43.891106
 20
230.493047
 30
0.0
 11
43.891106
 21
230.493047
 31
0.0
  0
SPLINE
  5
1271
100
AcDbEntity
  8
0
 62
7
100
AcDbSpline
 70
8
 71
3
 72
8
 73
4
 74
0
 40
0
 40
0
 40
0
 40
0
 40
1
 40
1
 40
1
 40
1
 10
44.397665
 20
229.159966
 30
0.0
 10
44.557775
 20
229.267363
 30
0.0
 10
44.717346
 20
229.375117
 30
0.0
 10
44.876885
 20
229.482536
 30
0.0
  0
SPLINE
  5
1272
100
AcDbEntity
  8
0
 62
7
100
AcDbSpline
 70
8
 71
3
 72
8
 73
4
 74
0
 40
0
 40
0
 40
0
 40
0
 40
1
 40
1
 40
1
 40
1
 10
44.876885
 20
229.482536
 30
0.0
 10
44.969518
 20
229.354566
 30
0.0
 10
45.062151
 20
229.226932
 30
0.0
 10
45.154783
 20
229.098941
 30
0.0
  0
SPLINE
  5
1273
100
AcDbEntity
  8
0
 62
7
100
AcDbSpline
 70
8
 71
3
 72
8
 73
4
 74
0
 40
0
 40
0
 40
0
 40
0
 40
1
 40
1
 40
1
 40
1
 10
45.154783
 20
229.098941
 30
0.0
 10
45.178194
 20
229.066844
 30
0.0
 10
45.201604
 20
229.034075
 30
0.0
 10
45.225014
 20
229.001642
 30
0.0
  0
SPLINE
  5
1274
100
AcDbEntity
  8
0
 62
7
100
AcDbSpline
 70
8
 71
3
 72
8
 73
4
 74
0
 40
0
 40
0
 40
0
 40
0
 40
1
 40
1
 40
1
 40
1
 10
45.225014
 20
229.001642
 30
0.0
 10
45.228944
 20
228.981090
 30
0.0
 10
45.241774
 20
228.961525
 30
0.0
 10
45.266292
 20
228.945151
 30
0.0
  0
SPLINE
  5
1275
100
AcDbEntity
  8
0
 62
7
100
AcDbSpline
 70
8
 71
3
 72
8
 73
4
 74
0
 40
0
 40
0
 40
0
 40
0
 40
1
 40
1
 40
1
 40
1
 10
45.266292
 20
228.945151
 30
0.0
 10
45.866593
 20
228.115573
 30
0.0
 10
46.466389
 20
227.286374
 30
0.0
 10
47.066690
 20
226.457153
 30
0.0
  0
SPLINE
  5
1276
100
AcDbEntity
  8
0
 62
7
100
AcDbSpline
 70
8
 71
3
 72
8
 73
4
 74
0
 40
0
 40
0
 40
0
 40
0
 40
1
 40
1
 40
1
 40
1
 10
47.066690
 20
226.457153
 30
0.0
 10
46.962369
 20
226.490615
 30
0.0
 10
46.858014
 20
226.524098
 30
0.0
 10
46.754230
 20
226.557560
 30
0.0
  0
SPLINE
  5
1277
100
AcDbEntity
  8
0
 62
7
100
AcDbSpline
 70
8
 71
3
 72
8
 73
4
 74
0
 40
0
 40
0
 40
0
 40
0
 40
1
 40
1
 40
1
 40
1
 10
46.754230
 20
226.557560
 30
0.0
 10
46.163972
 20
227.502553
 30
0.0
 10
45.381764
 20
228.384759
 30
0.0
 10
44.397665
 20
229.159966
 30
0.0
  0
LINE
  5
1278
100
AcDbEntity
  8
0
 62
7
100
AcDbLine
 10
44.397665
 20
229.159966
 30
0.0
 11
44.397665
 21
229.159966
 31
0.0
  0
LINE
  5
1279
100
AcDbEntity
  8
0
 62
7
100
AcDbLine
 10
47.031827
 20
227.026635
 30
0.0
 11
47.032129
 21
227.026236
 31
0.0
  0
LINE
  5
127a
100
AcDbEntity
  8
0
 62
7
100
AcDbLine
 10
47.032129
 20
227.026236
 30
0.0
 11
47.031827
 21
227.026635
 31
0.0
  0
LINE
  5
127b
100
AcDbEntity
  8
0
 62
7
100
AcDbLine
 10
46.487583
 20
227.778708
 30
0.0
 11
48.509453
 21
227.778708
 31
0.0
  0
SPLINE
  5
127c
100
AcDbEntity
  8
0
 62
7
100
AcDbSpline
 70
8
 71
3
 72
8
 73
4
 74
0
 40
0
 40
0
 40
0
 40
0
 40
1
 40
1
 40
1
 40
1
 10
48.509453
 20
227.778708
 30
0.0
 10
48.524500
 20
227.758850
 30
0.0
 10
48.539010
 20
227.738613
 30
0.0
 10
48.553519
 20
227.719090
 30
0.0
  0
SPLINE
  5
127d
100
AcDbEntity
  8
0
 62
7
100
AcDbSpline
 70
8
 71
3
 72
8
 73
4
 74
0
 40
0
 40
0
 40
0
 40
0
 40
1
 40
1
 40
1
 40
1
 10
48.553519
 20
227.719090
 30
0.0
 10
48.231084
 20
227.487901
 30
0.0
 10
47.909119
 20
227.257425
 30
0.0
 10
47.586650
 20
227.026551
 30
0.0
  0
LINE
  5
127e
100
AcDbEntity
  8
0
 62
7
100
AcDbLine
 10
47.586650
 20
227.026551
 30
0.0
 11
47.549268
 21
227.026551
 31
0.0
  0
SPLINE
  5
127f
100
AcDbEntity
  8
0
 62
7
100
AcDbSpline
 70
8
 71
3
 72
8
 73
4
 74
0
 40
0
 40
0
 40
0
 40
0
 40
1
 40
1
 40
1
 40
1
 10
47.549268
 20
227.026551
 30
0.0
 10
47.376866
 20
227.026551
 30
0.0
 10
47.203926
 20
227.026551
 30
0.0
 10
47.031827
 20
227.026635
 30
0.0
  0
SPLINE
  5
1280
100
AcDbEntity
  8
0
 62
7
100
AcDbSpline
 70
8
 71
3
 72
8
 73
4
 74
0
 40
0
 40
0
 40
0
 40
0
 40
1
 40
1
 40
1
 40
1
 10
47.031827
 20
227.026635
 30
0.0
 10
46.850625
 20
227.277200
 30
0.0
 10
46.669356
 20
227.527828
 30
0.0
 10
46.487583
 20
227.778708
 30
0.0
  0
LINE
  5
1281
100
AcDbEntity
  8
0
 62
7
100
AcDbLine
 10
46.487583
 20
227.778708
 30
0.0
 11
46.487583
 21
227.778708
 31
0.0
  0
LINE
  5
1282
100
AcDbEntity
  8
0
 62
7
100
AcDbLine
 10
47.205639
 20
226.787699
 30
0.0
 11
47.651406
 21
226.787699
 31
0.0
  0
SPLINE
  5
1283
100
AcDbEntity
  8
0
 62
7
100
AcDbSpline
 70
8
 71
3
 72
8
 73
4
 74
0
 40
0
 40
0
 40
0
 40
0
 40
1
 40
1
 40
1
 40
1
 10
47.651406
 20
226.787699
 30
0.0
 10
47.659735
 20
226.787363
 30
0.0
 10
47.668670
 20
226.787363
 30
0.0
 10
47.677033
 20
226.787699
 30
0.0
  0
LINE
  5
1284
100
AcDbEntity
  8
0
 62
7
100
AcDbLine
 10
47.677033
 20
226.787699
 30
0.0
 11
49.241952
 21
226.787699
 31
0.0
  0
SPLINE
  5
1285
100
AcDbEntity
  8
0
 62
7
100
AcDbSpline
 70
8
 71
3
 72
8
 73
4
 74
0
 40
0
 40
0
 40
0
 40
0
 40
1
 40
1
 40
1
 40
1
 10
49.241952
 20
226.787699
 30
0.0
 10
49.261500
 20
226.761543
 30
0.0
 10
49.280476
 20
226.735764
 30
0.0
 10
49.299419
 20
226.709586
 30
0.0
  0
LINE
  5
1286
100
AcDbEntity
  8
0
 62
7
100
AcDbLine
 10
49.299419
 20
226.709586
 30
0.0
 11
47.780246
 21
226.709586
 31
0.0
  0
LINE
  5
1287
100
AcDbEntity
  8
0
 62
7
100
AcDbLine
 10
47.780246
 20
226.709586
 30
0.0
 11
47.261965
 21
226.709586
 31
0.0
  0
SPLINE
  5
1288
100
AcDbEntity
  8
0
 62
7
100
AcDbSpline
 70
8
 71
3
 72
8
 73
4
 74
0
 40
0
 40
0
 40
0
 40
0
 40
1
 40
1
 40
1
 40
1
 10
47.261965
 20
226.709586
 30
0.0
 10
47.242417
 20
226.735764
 30
0.0
 10
47.224011
 20
226.761900
 30
0.0
 10
47.205001
 20
226.787699
 30
0.0
  0
LINE
  5
1289
100
AcDbEntity
  8
0
 62
7
100
AcDbLine
 10
47.205001
 20
226.787699
 30
0.0
 11
47.205639
 21
226.787699
 31
0.0
  0
LINE
  5
128a
100
AcDbEntity
  8
0
 62
7
100
AcDbLine
 10
47.120933
 20
225.914730
 30
0.0
 11
47.121369
 21
225.913870
 31
0.0
  0
LINE
  5
128b
100
AcDbEntity
  8
0
 62
7
100
AcDbLine
 10
47.121369
 20
225.913870
 30
0.0
 11
47.120765
 21
225.913870
 31
0.0
  0
LINE
  5
128c
100
AcDbEntity
  8
0
 62
7
100
AcDbLine
 10
47.120765
 20
225.913870
 30
0.0
 11
47.120933
 21
225.914730
 31
0.0
  0
LINE
  5
128d
100
AcDbEntity
  8
0
 62
7
100
AcDbLine
 10
47.120933
 20
225.914730
 30
0.0
 11
47.120933
 21
225.914730
 31
0.0
  0
SPLINE
  5
128e
100
AcDbEntity
  8
0
 62
7
100
AcDbSpline
 70
8
 71
3
 72
8
 73
4
 74
0
 40
0
 40
0
 40
0
 40
0
 40
1
 40
1
 40
1
 40
1
 10
48.992031
 20
227.692954
 30
0.0
 10
49.070121
 20
227.666441
 30
0.0
 10
49.148815
 20
227.640641
 30
0.0
 10
49.226905
 20
227.614128
 30
0.0
  0
SPLINE
  5
128f
100
AcDbEntity
  8
0
 62
7
100
AcDbSpline
 70
8
 71
3
 72
8
 73
4
 74
0
 40
0
 40
0
 40
0
 40
0
 40
1
 40
1
 40
1
 40
1
 10
49.226905
 20
227.614128
 30
0.0
 10
49.371363
 20
227.418143
 30
0.0
 10
49.515854
 20
227.222179
 30
0.0
 10
49.660950
 20
227.026572
 30
0.0
  0
LINE
  5
1290
100
AcDbEntity
  8
0
 62
7
100
AcDbLine
 10
49.660950
 20
227.026572
 30
0.0
 11
49.445657
 21
227.026572
 31
0.0
  0
SPLINE
  5
1291
100
AcDbEntity
  8
0
 62
7
100
AcDbSpline
 70
8
 71
3
 72
8
 73
4
 74
0
 40
0
 40
0
 40
0
 40
0
 40
1
 40
1
 40
1
 40
1
 10
49.445657
 20
227.026572
 30
0.0
 10
49.286085
 20
227.242416
 30
0.0
 10
49.126513
 20
227.458616
 30
0.0
 10
48.966942
 20
227.674817
 30
0.0
  0
SPLINE
  5
1292
100
AcDbEntity
  8
0
 62
7
100
AcDbSpline
 70
8
 71
3
 72
8
 73
4
 74
0
 40
0
 40
0
 40
0
 40
0
 40
1
 40
1
 40
1
 40
1
 10
48.966942
 20
227.674817
 30
0.0
 10
48.975305
 20
227.680737
 30
0.0
 10
48.983668
 20
227.686699
 30
0.0
 10
48.992031
 20
227.692954
 30
0.0
  0
LINE
  5
1293
100
AcDbEntity
  8
0
 62
7
100
AcDbLine
 10
48.992031
 20
227.692954
 30
0.0
 11
48.992031
 21
227.692954
 31
0.0
  0
SPLINE
  5
1294
100
AcDbEntity
  8
0
 62
7
100
AcDbSpline
 70
8
 71
3
 72
8
 73
4
 74
0
 40
0
 40
0
 40
0
 40
0
 40
1
 40
1
 40
1
 40
1
 10
48.879380
 20
228.083875
 30
0.0
 10
48.895569
 20
228.061539
 30
0.0
 10
48.912262
 20
228.039938
 30
0.0
 10
48.929055
 20
228.017623
 30
0.0
  0
LINE
  5
1295
100
AcDbEntity
  8
0
 62
7
100
AcDbLine
 10
48.929055
 20
228.017623
 30
0.0
 11
48.806866
 21
228.017623
 31
0.0
  0
SPLINE
  5
1296
100
AcDbEntity
  8
0
 62
7
100
AcDbSpline
 70
8
 71
3
 72
8
 73
4
 74
0
 40
0
 40
0
 40
0
 40
0
 40
1
 40
1
 40
1
 40
1
 10
48.806866
 20
228.017623
 30
0.0
 10
48.765621
 20
228.031226
 30
0.0
 10
48.724309
 20
228.045165
 30
0.0
 10
48.683602
 20
228.058789
 30
0.0
  0
SPLINE
  5
1297
100
AcDbEntity
  8
0
 62
7
100
AcDbSpline
 70
8
 71
3
 72
8
 73
4
 74
0
 40
0
 40
0
 40
0
 40
0
 40
1
 40
1
 40
1
 40
1
 10
48.683602
 20
228.058789
 30
0.0
 10
48.658512
 20
228.092944
 30
0.0
 10
48.632852
 20
228.126741
 30
0.0
 10
48.607762
 20
228.160917
 30
0.0
  0
LINE
  5
1298
100
AcDbEntity
  8
0
 62
7
100
AcDbLine
 10
48.607762
 20
228.160917
 30
0.0
 11
48.822450
 21
228.160917
 31
0.0
  0
SPLINE
  5
1299
100
AcDbEntity
  8
0
 62
7
100
AcDbSpline
 70
8
 71
3
 72
8
 73
4
 74
0
 40
0
 40
0
 40
0
 40
0
 40
1
 40
1
 40
1
 40
1
 10
48.822450
 20
228.160917
 30
0.0
 10
48.840822
 20
228.135474
 30
0.0
 10
48.860370
 20
228.109654
 30
0.0
 10
48.879380
 20
228.083875
 30
0.0
  0
LINE
  5
129a
100
AcDbEntity
  8
0
 62
7
100
AcDbLine
 10
48.879380
 20
228.083875
 30
0.0
 11
48.879380
 21
228.083875
 31
0.0
  0
SPLINE
  5
129b
100
AcDbEntity
  8
0
 62
7
100
AcDbSpline
 70
8
 71
3
 72
8
 73
4
 74
0
 40
0
 40
0
 40
0
 40
0
 40
1
 40
1
 40
1
 40
1
 10
47.759590
 20
226.021267
 30
0.0
 10
48.161290
 20
225.876545
 30
0.0
 10
48.562991
 20
225.731844
 30
0.0
 10
48.964725
 20
225.587144
 30
0.0
  0
LINE
  5
129c
100
AcDbEntity
  8
0
 62
7
100
AcDbLine
 10
48.964725
 20
225.587144
 30
0.0
 11
48.606553
 21
225.587144
 31
0.0
  0
LINE
  5
129d
100
AcDbEntity
  8
0
 62
7
100
AcDbLine
 10
48.606553
 20
225.587144
 30
0.0
 11
48.073158
 21
225.587144
 31
0.0
  0
SPLINE
  5
129e
100
AcDbEntity
  8
0
 62
7
100
AcDbSpline
 70
8
 71
3
 72
8
 73
4
 74
0
 40
0
 40
0
 40
0
 40
0
 40
1
 40
1
 40
1
 40
1
 10
48.073158
 20
225.587144
 30
0.0
 10
48.045818
 20
225.625161
 30
0.0
 10
48.018478
 20
225.663178
 30
0.0
 10
47.991138
 20
225.700482
 30
0.0
  0
SPLINE
  5
129f
100
AcDbEntity
  8
0
 62
7
100
AcDbSpline
 70
8
 71
3
 72
8
 73
4
 74
0
 40
0
 40
0
 40
0
 40
0
 40
1
 40
1
 40
1
 40
1
 10
47.991138
 20
225.700482
 30
0.0
 10
47.914157
 20
225.807522
 30
0.0
 10
47.836571
 20
225.914226
 30
0.0
 10
47.759590
 20
226.021267
 30
0.0
  0
LINE
  5
12a0
100
AcDbEntity
  8
0
 62
7
100
AcDbLine
 10
47.759590
 20
226.021267
 30
0.0
 11
47.759590
 21
226.021267
 31
0.0
  0
SPLINE
  5
12a1
100
AcDbEntity
  8
0
 62
7
100
AcDbSpline
 70
8
 71
3
 72
8
 73
4
 74
0
 40
0
 40
0
 40
0
 40
0
 40
1
 40
1
 40
1
 40
1
 10
48.717558
 20
227.496990
 30
0.0
 10
48.833568
 20
227.340093
 30
0.0
 10
48.949678
 20
227.182818
 30
0.0
 10
49.065116
 20
227.026257
 30
0.0
  0
LINE
  5
12a2
100
AcDbEntity
  8
0
 62
7
100
AcDbLine
 10
49.065116
 20
227.026257
 30
0.0
 11
48.059757
 21
227.026257
 31
0.0
  0
SPLINE
  5
12a3
100
AcDbEntity
  8
0
 62
7
100
AcDbSpline
 70
8
 71
3
 72
8
 73
4
 74
0
 40
0
 40
0
 40
0
 40
0
 40
1
 40
1
 40
1
 40
1
 10
48.059757
 20
227.026257
 30
0.0
 10
48.278979
 20
227.182818
 30
0.0
 10
48.498269
 20
227.340093
 30
0.0
 10
48.716987
 20
227.496990
 30
0.0
  0
LINE
  5
12a4
100
AcDbEntity
  8
0
 62
7
100
AcDbLine
 10
48.716987
 20
227.496990
 30
0.0
 11
48.717558
 21
227.496990
 31
0.0
  0
SPLINE
  5
12a5
100
AcDbEntity
  8
0
 62
7
100
AcDbSpline
 70
8
 71
3
 72
8
 73
4
 74
0
 40
0
 40
0
 40
0
 40
0
 40
1
 40
1
 40
1
 40
1
 10
48.102177
 20
225.025723
 30
0.0
 10
48.240522
 20
224.833916
 30
0.0
 10
48.379471
 20
224.641793
 30
0.0
 10
48.518387
 20
224.449986
 30
0.0
  0
SPLINE
  5
12a6
100
AcDbEntity
  8
0
 62
7
100
AcDbSpline
 70
8
 71
3
 72
8
 73
4
 74
0
 40
0
 40
0
 40
0
 40
0
 40
1
 40
1
 40
1
 40
1
 10
48.518387
 20
224.449986
 30
0.0
 10
48.333121
 20
224.454184
 30
0.0
 10
48.148460
 20
224.458718
 30
0.0
 10
47.963261
 20
224.462896
 30
0.0
  0
SPLINE
  5
12a7
100
AcDbEntity
  8
0
 62
7
100
AcDbSpline
 70
8
 71
3
 72
8
 73
4
 74
0
 40
0
 40
0
 40
0
 40
0
 40
1
 40
1
 40
1
 40
1
 10
47.963261
 20
224.462896
 30
0.0
 10
48.008940
 20
224.650379
 30
0.0
 10
48.055222
 20
224.837883
 30
0.0
 10
48.102177
 20
225.025723
 30
0.0
  0
LINE
  5
12a8
100
AcDbEntity
  8
0
 62
7
100
AcDbLine
 10
48.102177
 20
225.025723
 30
0.0
 11
48.102177
 21
225.025723
 31
0.0
  0
SPLINE
  5
12a9
100
AcDbEntity
  8
0
 62
7
100
AcDbSpline
 70
8
 71
3
 72
8
 73
4
 74
0
 40
0
 40
0
 40
0
 40
0
 40
1
 40
1
 40
1
 40
1
 10
47.793714
 20
224.227886
 30
0.0
 10
47.962791
 20
224.224044
 30
0.0
 10
48.131801
 20
224.220182
 30
0.0
 10
48.300811
 20
224.216004
 30
0.0
  0
SPLINE
  5
12aa
100
AcDbEntity
  8
0
 62
7
100
AcDbSpline
 70
8
 71
3
 72
8
 73
4
 74
0
 40
0
 40
0
 40
0
 40
0
 40
1
 40
1
 40
1
 40
1
 10
48.300811
 20
224.216004
 30
0.0
 10
48.272900
 20
224.195453
 30
0.0
 10
48.245056
 20
224.173831
 30
0.0
 10
48.216608
 20
224.152901
 30
0.0
  0
SPLINE
  5
12ab
100
AcDbEntity
  8
0
 62
7
100
AcDbSpline
 70
8
 71
3
 72
8
 73
4
 74
0
 40
0
 40
0
 40
0
 40
0
 40
1
 40
1
 40
1
 40
1
 10
48.216608
 20
224.152901
 30
0.0
 10
48.126225
 20
224.086670
 30
0.0
 10
48.035843
 20
224.020418
 30
0.0
 10
47.943243
 20
223.955908
 30
0.0
  0
SPLINE
  5
12ac
100
AcDbEntity
  8
0
 62
7
100
AcDbSpline
 70
8
 71
3
 72
8
 73
4
 74
0
 40
0
 40
0
 40
0
 40
0
 40
1
 40
1
 40
1
 40
1
 10
47.943243
 20
223.955908
 30
0.0
 10
47.922016
 20
223.940899
 30
0.0
 10
47.899715
 20
223.926267
 30
0.0
 10
47.877950
 20
223.911971
 30
0.0
  0
SPLINE
  5
12ad
100
AcDbEntity
  8
0
 62
7
100
AcDbSpline
 70
8
 71
3
 72
8
 73
4
 74
0
 40
0
 40
0
 40
0
 40
0
 40
1
 40
1
 40
1
 40
1
 10
47.877950
 20
223.911971
 30
0.0
 10
47.852323
 20
224.017626
 30
0.0
 10
47.823842
 20
224.122924
 30
0.0
 10
47.793714
 20
224.227886
 30
0.0
  0
LINE
  5
12ae
100
AcDbEntity
  8
0
 62
7
100
AcDbLine
 10
47.793714
 20
224.227886
 30
0.0
 11
47.793714
 21
224.227886
 31
0.0
  0
LINE
  5
12af
100
AcDbEntity
  8
0
 62
7
100
AcDbLine
 10
50.402484
 20
224.955965
 30
0.0
 11
50.593829
 21
224.955965
 31
0.0
  0
SPLINE
  5
12b0
100
AcDbEntity
  8
0
 62
7
100
AcDbSpline
 70
8
 71
3
 72
8
 73
4
 74
0
 40
0
 40
0
 40
0
 40
0
 40
1
 40
1
 40
1
 40
1
 10
50.593829
 20
224.955965
 30
0.0
 10
50.623990
 20
224.915156
 30
0.0
 10
50.653546
 20
224.875082
 30
0.0
 10
50.683674
 20
224.834629
 30
0.0
  0
SPLINE
  5
12b1
100
AcDbEntity
  8
0
 62
7
100
AcDbSpline
 70
8
 71
3
 72
8
 73
4
 74
0
 40
0
 40
0
 40
0
 40
0
 40
1
 40
1
 40
1
 40
1
 10
50.683674
 20
224.834629
 30
0.0
 10
50.310422
 20
224.548671
 30
0.0
 10
49.937203
 20
224.263090
 30
0.0
 10
49.563950
 20
223.977132
 30
0.0
  0
SPLINE
  5
12b2
100
AcDbEntity
  8
0
 62
7
100
AcDbSpline
 70
8
 71
3
 72
8
 73
4
 74
0
 40
0
 40
0
 40
0
 40
0
 40
1
 40
1
 40
1
 40
1
 10
49.563950
 20
223.977132
 30
0.0
 10
49.555554
 20
223.970540
 30
0.0
 10
49.547191
 20
223.964221
 30
0.0
 10
49.538861
 20
223.957630
 30
0.0
  0
LINE
  5
12b3
100
AcDbEntity
  8
0
 62
7
100
AcDbLine
 10
49.538861
 20
223.957630
 30
0.0
 11
49.252633
 21
223.957630
 31
0.0
  0
SPLINE
  5
12b4
100
AcDbEntity
  8
0
 62
7
100
AcDbSpline
 70
8
 71
3
 72
8
 73
4
 74
0
 40
0
 40
0
 40
0
 40
0
 40
1
 40
1
 40
1
 40
1
 10
49.252633
 20
223.957630
 30
0.0
 10
49.224151
 20
223.996319
 30
0.0
 10
49.196274
 20
224.035407
 30
0.0
 10
49.168396
 20
224.074096
 30
0.0
  0
SPLINE
  5
12b5
100
AcDbEntity
  8
0
 62
7
100
AcDbSpline
 70
8
 71
3
 72
8
 73
4
 74
0
 40
0
 40
0
 40
0
 40
0
 40
1
 40
1
 40
1
 40
1
 10
49.168396
 20
224.074096
 30
0.0
 10
49.170076
 20
224.075124
 30
0.0
 10
49.171721
 20
224.076174
 30
0.0
 10
49.172863
 20
224.077244
 30
0.0
  0
SPLINE
  5
12b6
100
AcDbEntity
  8
0
 62
7
100
AcDbSpline
 70
8
 71
3
 72
8
 73
4
 74
0
 40
0
 40
0
 40
0
 40
0
 40
1
 40
1
 40
1
 40
1
 10
49.172863
 20
224.077244
 30
0.0
 10
49.582927
 20
224.370151
 30
0.0
 10
49.992420
 20
224.663079
 30
0.0
 10
50.402484
 20
224.955965
 30
0.0
  0
LINE
  5
12b7
100
AcDbEntity
  8
0
 62
7
100
AcDbLine
 10
50.402484
 20
224.955965
 30
0.0
 11
50.402484
 21
224.955965
 31
0.0
  0
SPLINE
  5
12b8
100
AcDbEntity
  8
0
 62
7
100
AcDbSpline
 70
8
 71
3
 72
8
 73
4
 74
0
 40
0
 40
0
 40
0
 40
0
 40
1
 40
1
 40
1
 40
1
 10
50.848788
 20
224.610766
 30
0.0
 10
50.911830
 20
224.525348
 30
0.0
 10
50.974369
 20
224.440287
 30
0.0
 10
51.037345
 20
224.354806
 30
0.0
  0
SPLINE
  5
12b9
100
AcDbEntity
  8
0
 62
7
100
AcDbSpline
 70
8
 71
3
 72
8
 73
4
 74
0
 40
0
 40
0
 40
0
 40
0
 40
1
 40
1
 40
1
 40
1
 10
51.037345
 20
224.354806
 30
0.0
 10
51.134982
 20
224.222302
 30
0.0
 10
51.232620
 20
224.090155
 30
0.0
 10
51.330257
 20
223.957630
 30
0.0
  0
LINE
  5
12ba
100
AcDbEntity
  8
0
 62
7
100
AcDbLine
 10
51.330257
 20
223.957630
 30
0.0
 11
50.397983
 21
223.957630
 31
0.0
  0
LINE
  5
12bb
100
AcDbEntity
  8
0
 62
7
100
AcDbLine
 10
50.397983
 20
223.957630
 30
0.0
 11
49.996350
 21
223.957630
 31
0.0
  0
SPLINE
  5
12bc
100
AcDbEntity
  8
0
 62
7
100
AcDbSpline
 70
8
 71
3
 72
8
 73
4
 74
0
 40
0
 40
0
 40
0
 40
0
 40
1
 40
1
 40
1
 40
1
 10
49.996350
 20
223.957630
 30
0.0
 10
50.280865
 20
224.175216
 30
0.0
 10
50.564877
 20
224.393159
 30
0.0
 10
50.848788
 20
224.610766
 30
0.0
  0
LINE
  5
12bd
100
AcDbEntity
  8
0
 62
7
100
AcDbLine
 10
50.848788
 20
224.610766
 30
0.0
 11
50.848788
 21
224.610766
 31
0.0
  0
SPLINE
  5
12be
100
AcDbEntity
  8
0
 62
7
100
AcDbSpline
 70
8
 71
3
 72
8
 73
4
 74
0
 40
0
 40
0
 40
0
 40
0
 40
1
 40
1
 40
1
 40
1
 10
50.775702
 20
225.223430
 30
0.0
 10
50.823094
 20
225.256912
 30
0.0
 10
50.870015
 20
225.290710
 30
0.0
 10
50.916835
 20
225.324193
 30
0.0
  0
SPLINE
  5
12bf
100
AcDbEntity
  8
0
 62
7
100
AcDbSpline
 70
8
 71
3
 72
8
 73
4
 74
0
 40
0
 40
0
 40
0
 40
0
 40
1
 40
1
 40
1
 40
1
 10
50.916835
 20
225.324193
 30
0.0
 10
50.948642
 20
225.281306
 30
0.0
 10
50.980449
 20
225.238061
 30
0.0
 10
51.012255
 20
225.194817
 30
0.0
  0
LINE
  5
12c0
100
AcDbEntity
  8
0
 62
7
100
AcDbLine
 10
51.012255
 20
225.194817
 30
0.0
 11
50.796929
 21
225.194817
 31
0.0
  0
SPLINE
  5
12c1
100
AcDbEntity
  8
0
 62
7
100
AcDbSpline
 70
8
 71
3
 72
8
 73
4
 74
0
 40
0
 40
0
 40
0
 40
0
 40
1
 40
1
 40
1
 40
1
 10
50.796929
 20
225.194817
 30
0.0
 10
50.789641
 20
225.204221
 30
0.0
 10
50.782386
 20
225.213983
 30
0.0
 10
50.775702
 20
225.223430
 30
0.0
  0
LINE
  5
12c2
100
AcDbEntity
  8
0
 62
7
100
AcDbLine
 10
50.775702
 20
225.223430
 30
0.0
 11
50.775702
 21
225.223430
 31
0.0
  0
SPLINE
  5
12c3
100
AcDbEntity
  8
0
 62
7
100
AcDbSpline
 70
8
 71
3
 72
8
 73
4
 74
0
 40
0
 40
0
 40
0
 40
0
 40
1
 40
1
 40
1
 40
1
 10
47.458885
 20
225.915633
 30
0.0
 10
47.544230
 20
225.797761
 30
0.0
 10
47.629071
 20
225.680266
 30
0.0
 10
47.714382
 20
225.562394
 30
0.0
  0
LINE
  5
12c4
100
AcDbEntity
  8
0
 62
7
100
AcDbLine
 10
47.714382
 20
225.562394
 30
0.0
 11
47.399739
 21
225.562394
 31
0.0
  0
SPLINE
  5
12c5
100
AcDbEntity
  8
0
 62
7
100
AcDbSpline
 70
8
 71
3
 72
8
 73
4
 74
0
 40
0
 40
0
 40
0
 40
0
 40
1
 40
1
 40
1
 40
1
 10
47.399739
 20
225.562394
 30
0.0
 10
47.419857
 20
225.680266
 30
0.0
 10
47.439338
 20
225.797761
 30
0.0
 10
47.458885
 20
225.915633
 30
0.0
  0
LINE
  5
12c6
100
AcDbEntity
  8
0
 62
7
100
AcDbLine
 10
47.458885
 20
225.915633
 30
0.0
 11
47.458885
 21
225.915633
 31
0.0
  0
LINE
  5
12c7
100
AcDbEntity
  8
0
 62
7
100
AcDbLine
 10
47.402560
 20
225.323479
 30
0.0
 11
47.836067
 21
225.323479
 31
0.0
  0
SPLINE
  5
12c8
100
AcDbEntity
  8
0
 62
7
100
AcDbSpline
 70
8
 71
3
 72
8
 73
4
 74
0
 40
0
 40
0
 40
0
 40
0
 40
1
 40
1
 40
1
 40
1
 10
47.836067
 20
225.323479
 30
0.0
 10
47.779708
 20
225.094389
 30
0.0
 10
47.723383
 20
224.865635
 30
0.0
 10
47.667024
 20
224.636545
 30
0.0
  0
SPLINE
  5
12c9
100
AcDbEntity
  8
0
 62
7
100
AcDbSpline
 70
8
 71
3
 72
8
 73
4
 74
0
 40
0
 40
0
 40
0
 40
0
 40
1
 40
1
 40
1
 40
1
 10
47.667024
 20
224.636545
 30
0.0
 10
47.588901
 20
224.867398
 30
0.0
 10
47.500197
 20
225.096509
 30
0.0
 10
47.402560
 20
225.323479
 30
0.0
  0
LINE
  5
12ca
100
AcDbEntity
  8
0
 62
7
100
AcDbLine
 10
47.402560
 20
225.323479
 30
0.0
 11
47.402560
 21
225.323479
 31
0.0
  0
SPLINE
  5
12cb
100
AcDbEntity
  8
0
 62
7
100
AcDbSpline
 70
8
 71
3
 72
8
 73
4
 74
0
 40
0
 40
0
 40
0
 40
0
 40
1
 40
1
 40
1
 40
1
 10
47.712769
 20
223.377400
 30
0.0
 10
47.737859
 20
223.457948
 30
0.0
 10
47.778063
 20
223.548992
 30
0.0
 10
47.842751
 20
223.563288
 30
0.0
  0
SPLINE
  5
12cc
100
AcDbEntity
  8
0
 62
7
100
AcDbSpline
 70
8
 71
3
 72
8
 73
4
 74
0
 40
0
 40
0
 40
0
 40
0
 40
1
 40
1
 40
1
 40
1
 10
47.842751
 20
223.563288
 30
0.0
 10
47.897935
 20
223.575841
 30
0.0
 10
47.929238
 20
223.501213
 30
0.0
 10
47.941463
 20
223.475728
 30
0.0
  0
SPLINE
  5
12cd
100
AcDbEntity
  8
0
 62
7
100
AcDbSpline
 70
8
 71
3
 72
8
 73
4
 74
0
 40
0
 40
0
 40
0
 40
0
 40
1
 40
1
 40
1
 40
1
 10
47.941463
 20
223.475728
 30
0.0
 10
47.954327
 20
223.448879
 30
0.0
 10
47.963261
 20
223.420623
 30
0.0
 10
47.970482
 20
223.392745
 30
0.0
  0
SPLINE
  5
12ce
100
AcDbEntity
  8
0
 62
7
100
AcDbSpline
 70
8
 71
3
 72
8
 73
4
 74
0
 40
0
 40
0
 40
0
 40
0
 40
1
 40
1
 40
1
 40
1
 10
47.970482
 20
223.392745
 30
0.0
 10
47.972699
 20
223.385041
 30
0.0
 10
47.974412
 20
223.380171
 30
0.0
 10
47.975520
 20
223.377400
 30
0.0
  0
LINE
  5
12cf
100
AcDbEntity
  8
0
 62
7
100
AcDbLine
 10
47.975520
 20
223.377400
 30
0.0
 11
47.712769
 21
223.377400
 31
0.0
  0
SPLINE
  5
12d0
100
AcDbEntity
  8
0
 62
7
100
AcDbSpline
 70
8
 71
3
 72
8
 73
4
 74
0
 40
0
 40
0
 40
0
 40
0
 40
1
 40
1
 40
1
 40
1
 10
24.868974
 20
229.106604
 30
0.0
 10
25.060320
 20
229.252375
 30
0.0
 10
25.258382
 20
229.392583
 30
0.0
 10
25.462591
 20
229.527522
 30
0.0
  0
SPLINE
  5
12d1
100
AcDbEntity
  8
0
 62
7
100
AcDbSpline
 70
8
 71
3
 72
8
 73
4
 74
0
 40
0
 40
0
 40
0
 40
0
 40
1
 40
1
 40
1
 40
1
 10
25.462591
 20
229.527522
 30
0.0
 10
25.507732
 20
229.537641
 30
0.0
 10
25.545685
 20
229.560984
 30
0.0
 10
25.564125
 20
229.593417
 30
0.0
  0
SPLINE
  5
12d2
100
AcDbEntity
  8
0
 62
7
100
AcDbSpline
 70
8
 71
3
 72
8
 73
4
 74
0
 40
0
 40
0
 40
0
 40
0
 40
1
 40
1
 40
1
 40
1
 10
25.564125
 20
229.593417
 30
0.0
 10
27.446542
 20
230.810746
 30
0.0
 10
29.824871
 20
231.573735
 30
0.0
 10
32.346146
 20
231.867314
 30
0.0
  0
SPLINE
  5
12d3
100
AcDbEntity
  8
0
 62
7
100
AcDbSpline
 70
8
 71
3
 72
8
 73
4
 74
0
 40
0
 40
0
 40
0
 40
0
 40
1
 40
1
 40
1
 40
1
 10
32.346146
 20
231.867314
 30
0.0
 10
33.037937
 20
231.948198
 30
0.0
 10
33.738663
 20
231.990372
 30
0.0
 10
34.439959
 20
232.005381
 30
0.0
  0
SPLINE
  5
12d4
100
AcDbEntity
  8
0
 62
7
100
AcDbSpline
 70
8
 71
3
 72
8
 73
4
 74
0
 40
0
 40
0
 40
0
 40
0
 40
1
 40
1
 40
1
 40
1
 10
34.439959
 20
232.005381
 30
0.0
 10
37.405289
 20
231.942971
 30
0.0
 10
40.337635
 20
231.305537
 30
0.0
 10
42.675324
 20
229.983582
 30
0.0
  0
SPLINE
  5
12d5
100
AcDbEntity
  8
0
 62
7
100
AcDbSpline
 70
8
 71
3
 72
8
 73
4
 74
0
 40
0
 40
0
 40
0
 40
0
 40
1
 40
1
 40
1
 40
1
 10
42.675324
 20
229.983582
 30
0.0
 10
42.895688
 20
229.859076
 30
0.0
 10
43.108865
 20
229.729049
 30
0.0
 10
43.315223
 20
229.594761
 30
0.0
  0
SPLINE
  5
12d6
100
AcDbEntity
  8
0
 62
7
100
AcDbSpline
 70
8
 71
3
 72
8
 73
4
 74
0
 40
0
 40
0
 40
0
 40
0
 40
1
 40
1
 40
1
 40
1
 10
43.315223
 20
229.594761
 30
0.0
 10
43.333092
 20
229.560963
 30
0.0
 10
43.371616
 20
229.537242
 30
0.0
 10
43.417395
 20
229.527144
 30
0.0
  0
SPLINE
  5
12d7
100
AcDbEntity
  8
0
 62
7
100
AcDbSpline
 70
8
 71
3
 72
8
 73
4
 74
0
 40
0
 40
0
 40
0
 40
0
 40
1
 40
1
 40
1
 40
1
 10
43.417395
 20
229.527144
 30
0.0
 10
44.722888
 20
228.656779
 30
0.0
 10
45.741649
 20
227.595298
 30
0.0
 10
46.464173
 20
226.435174
 30
0.0
  0
SPLINE
  5
12d8
100
AcDbEntity
  8
0
 62
7
100
AcDbSpline
 70
8
 71
3
 72
8
 73
4
 74
0
 40
0
 40
0
 40
0
 40
0
 40
1
 40
1
 40
1
 40
1
 10
46.464173
 20
226.435174
 30
0.0
 10
46.466927
 20
226.420521
 30
0.0
 10
46.475290
 20
226.406918
 30
0.0
 10
46.488691
 20
226.394721
 30
0.0
  0
SPLINE
  5
12d9
100
AcDbEntity
  8
0
 62
7
100
AcDbSpline
 70
8
 71
3
 72
8
 73
4
 74
0
 40
0
 40
0
 40
0
 40
0
 40
1
 40
1
 40
1
 40
1
 10
46.488691
 20
226.394721
 30
0.0
 10
46.763198
 20
225.948717
 30
0.0
 10
46.994142
 20
225.488417
 30
0.0
 10
47.180516
 20
225.019404
 30
0.0
  0
SPLINE
  5
12da
100
AcDbEntity
  8
0
 62
7
100
AcDbSpline
 70
8
 71
3
 72
8
 73
4
 74
0
 40
0
 40
0
 40
0
 40
0
 40
1
 40
1
 40
1
 40
1
 10
47.180516
 20
225.019404
 30
0.0
 10
47.351239
 20
224.590866
 30
0.0
 10
47.483437
 20
224.155000
 30
0.0
 10
47.585004
 20
223.715608
 30
0.0
  0
SPLINE
  5
12db
100
AcDbEntity
  8
0
 62
7
100
AcDbSpline
 70
8
 71
3
 72
8
 73
4
 74
0
 40
0
 40
0
 40
0
 40
0
 40
1
 40
1
 40
1
 40
1
 10
47.585004
 20
223.715608
 30
0.0
 10
47.526395
 20
223.673414
 30
0.0
 10
47.479541
 20
223.621793
 30
0.0
 10
47.449951
 20
223.570908
 30
0.0
  0
SPLINE
  5
12dc
100
AcDbEntity
  8
0
 62
7
100
AcDbSpline
 70
8
 71
3
 72
8
 73
4
 74
0
 40
0
 40
0
 40
0
 40
0
 40
1
 40
1
 40
1
 40
1
 10
47.449951
 20
223.570908
 30
0.0
 10
47.414819
 20
223.508833
 30
0.0
 10
47.386371
 20
223.443946
 30
0.0
 10
47.364103
 20
223.377022
 30
0.0
  0
SPLINE
  5
12dd
100
AcDbEntity
  8
0
 62
7
100
AcDbSpline
 70
8
 71
3
 72
8
 73
4
 74
0
 40
0
 40
0
 40
0
 40
0
 40
1
 40
1
 40
1
 40
1
 10
47.364103
 20
223.377022
 30
0.0
 10
47.355169
 20
223.345617
 30
0.0
 10
47.346234
 20
223.314255
 30
0.0
 10
47.340625
 20
223.278673
 30
0.0
  0
SPLINE
  5
12de
100
AcDbEntity
  8
0
 62
7
100
AcDbSpline
 70
8
 71
3
 72
8
 73
4
 74
0
 40
0
 40
0
 40
0
 40
0
 40
1
 40
1
 40
1
 40
1
 10
47.340625
 20
223.278673
 30
0.0
 10
47.336158
 20
223.249409
 30
0.0
 10
47.334513
 20
223.216976
 30
0.0
 10
47.333404
 20
223.184228
 30
0.0
  0
LINE
  5
12df
100
AcDbEntity
  8
0
 62
7
100
AcDbLine
 10
47.333404
 20
223.184228
 30
0.0
 11
21.543290
 21
223.184228
 31
0.0
  0
SPLINE
  5
12e0
100
AcDbEntity
  8
0
 62
7
100
AcDbSpline
 70
8
 71
3
 72
8
 73
4
 74
0
 40
0
 40
0
 40
0
 40
0
 40
1
 40
1
 40
1
 40
1
 10
21.543290
 20
223.184228
 30
0.0
 10
21.543290
 20
223.205871
 30
0.0
 10
21.541611
 20
223.229215
 30
0.0
 10
21.536573
 20
223.261606
 30
0.0
  0
SPLINE
  5
12e1
100
AcDbEntity
  8
0
 62
7
100
AcDbSpline
 70
8
 71
3
 72
8
 73
4
 74
0
 40
0
 40
0
 40
0
 40
0
 40
1
 40
1
 40
1
 40
1
 10
21.536573
 20
223.261606
 30
0.0
 10
21.529318
 20
223.304493
 30
0.0
 10
21.515380
 20
223.363104
 30
0.0
 10
21.498082
 20
223.414367
 30
0.0
  0
SPLINE
  5
12e2
100
AcDbEntity
  8
0
 62
7
100
AcDbSpline
 70
8
 71
3
 72
8
 73
4
 74
0
 40
0
 40
0
 40
0
 40
0
 40
1
 40
1
 40
1
 40
1
 10
21.498082
 20
223.414367
 30
0.0
 10
21.480819
 20
223.465631
 30
0.0
 10
21.460163
 20
223.509568
 30
0.0
 10
21.439473
 20
223.553862
 30
0.0
  0
SPLINE
  5
12e3
100
AcDbEntity
  8
0
 62
7
100
AcDbSpline
 70
8
 71
3
 72
8
 73
4
 74
0
 40
0
 40
0
 40
0
 40
0
 40
1
 40
1
 40
1
 40
1
 10
21.439473
 20
223.553862
 30
0.0
 10
21.408808
 20
223.613501
 30
0.0
 10
21.358595
 20
223.671713
 30
0.0
 10
21.295553
 20
223.717393
 30
0.0
  0
SPLINE
  5
12e4
100
AcDbEntity
  8
0
 62
7
100
AcDbSpline
 70
8
 71
3
 72
8
 73
4
 74
0
 40
0
 40
0
 40
0
 40
0
 40
1
 40
1
 40
1
 40
1
 10
21.295553
 20
223.717393
 30
0.0
 10
21.508696
 20
224.635558
 30
0.0
 10
21.869084
 20
225.536615
 30
0.0
 10
22.387936
 20
226.387101
 30
0.0
  0
SPLINE
  5
12e5
100
AcDbEntity
  8
0
 62
7
100
AcDbSpline
 70
8
 71
3
 72
8
 73
4
 74
0
 40
0
 40
0
 40
0
 40
0
 40
1
 40
1
 40
1
 40
1
 10
22.387936
 20
226.387101
 30
0.0
 10
22.415847
 20
226.405910
 30
0.0
 10
22.428106
 20
226.428939
 30
0.0
 10
22.429181
 20
226.452996
 30
0.0
  0
SPLINE
  5
12e6
100
AcDbEntity
  8
0
 62
7
100
AcDbSpline
 70
8
 71
3
 72
8
 73
4
 74
0
 40
0
 40
0
 40
0
 40
0
 40
1
 40
1
 40
1
 40
1
 10
22.429181
 20
226.452996
 30
0.0
 10
23.031194
 20
227.422048
 30
0.0
 10
23.839600
 20
228.323083
 30
0.0
 10
24.868974
 20
229.106604
 30
0.0
  0
LINE
  5
12e7
100
AcDbEntity
  8
0
 62
7
100
AcDbLine
 10
24.868974
 20
229.106604
 30
0.0
 11
24.868974
 21
229.106604
 31
0.0
  0
SPLINE
  5
12e8
100
AcDbEntity
  8
0
 62
7
100
AcDbSpline
 70
8
 71
3
 72
8
 73
4
 74
0
 40
0
 40
0
 40
0
 40
0
 40
1
 40
1
 40
1
 40
1
 10
21.020475
 20
223.564673
 30
0.0
 10
21.096919
 20
223.569186
 30
0.0
 10
21.140448
 20
223.460404
 30
0.0
 10
21.166075
 20
223.377400
 30
0.0
  0
LINE
  5
12e9
100
AcDbEntity
  8
0
 62
7
100
AcDbLine
 10
21.166075
 20
223.377400
 30
0.0
 11
20.904466
 21
223.377400
 31
0.0
  0
LINE
  5
12ea
100
AcDbEntity
  8
0
 62
7
100
AcDbLine
 10
20.904466
 20
223.377400
 30
0.0
 11
20.904466
 21
223.379142
 31
0.0
  0
SPLINE
  5
12eb
100
AcDbEntity
  8
0
 62
7
100
AcDbSpline
 70
8
 71
3
 72
8
 73
4
 74
0
 40
0
 40
0
 40
0
 40
0
 40
1
 40
1
 40
1
 40
1
 10
20.904466
 20
223.379142
 30
0.0
 10
20.910612
 20
223.405656
 30
0.0
 10
20.919546
 20
223.431770
 30
0.0
 10
20.930093
 20
223.457591
 30
0.0
  0
SPLINE
  5
12ec
100
AcDbEntity
  8
0
 62
7
100
AcDbSpline
 70
8
 71
3
 72
8
 73
4
 74
0
 40
0
 40
0
 40
0
 40
0
 40
1
 40
1
 40
1
 40
1
 10
20.930093
 20
223.457591
 30
0.0
 10
20.940706
 20
223.485847
 30
0.0
 10
20.968583
 20
223.561503
 30
0.0
 10
21.020475
 20
223.564673
 30
0.0
  0
LINE
  5
12ed
100
AcDbEntity
  8
0
 62
7
100
AcDbLine
 10
21.020475
 20
223.564673
 30
0.0
 11
21.020475
 21
223.564673
 31
0.0
  0
SPLINE
  5
12ee
100
AcDbEntity
  8
0
 62
7
100
AcDbSpline
 70
8
 71
3
 72
8
 73
4
 74
0
 40
0
 40
0
 40
0
 40
0
 40
1
 40
1
 40
1
 40
1
 10
13.019481
 20
223.377400
 30
0.0
 10
13.037886
 20
223.395894
 30
0.0
 10
13.057434
 20
223.413696
 30
0.0
 10
13.078627
 20
223.430385
 30
0.0
  0
SPLINE
  5
12ef
100
AcDbEntity
  8
0
 62
7
100
AcDbSpline
 70
8
 71
3
 72
8
 73
4
 74
0
 40
0
 40
0
 40
0
 40
0
 40
1
 40
1
 40
1
 40
1
 10
13.078627
 20
223.430385
 30
0.0
 10
13.212539
 20
223.538139
 30
0.0
 10
13.372682
 20
223.633675
 30
0.0
 10
13.536687
 20
223.718757
 30
0.0
  0
LINE
  5
12f0
100
AcDbEntity
  8
0
 62
7
100
AcDbLine
 10
13.536687
 20
223.718757
 30
0.0
 11
16.672705
 21
223.718757
 31
0.0
  0
SPLINE
  5
12f1
100
AcDbEntity
  8
0
 62
7
100
AcDbSpline
 70
8
 71
3
 72
8
 73
4
 74
0
 40
0
 40
0
 40
0
 40
0
 40
1
 40
1
 40
1
 40
1
 10
16.672705
 20
223.718757
 30
0.0
 10
16.685032
 20
223.717708
 30
0.0
 10
16.696720
 20
223.717708
 30
0.0
 10
16.708442
 20
223.718757
 30
0.0
  0
LINE
  5
12f2
100
AcDbEntity
  8
0
 62
7
100
AcDbLine
 10
16.708442
 20
223.718757
 30
0.0
 11
18.482070
 21
223.718757
 31
0.0
  0
LINE
  5
12f3
100
AcDbEntity
  8
0
 62
7
100
AcDbLine
 10
18.482070
 20
223.718757
 30
0.0
 11
19.339580
 21
223.718757
 31
0.0
  0
SPLINE
  5
12f4
100
AcDbEntity
  8
0
 62
7
100
AcDbSpline
 70
8
 71
3
 72
8
 73
4
 74
0
 40
0
 40
0
 40
0
 40
0
 40
1
 40
1
 40
1
 40
1
 10
19.339580
 20
223.718757
 30
0.0
 10
19.356273
 20
223.716679
 30
0.0
 10
19.372999
 20
223.716679
 30
0.0
 10
19.389255
 20
223.718757
 30
0.0
  0
LINE
  5
12f5
100
AcDbEntity
  8
0
 62
7
100
AcDbLine
 10
19.389255
 20
223.718757
 30
0.0
 11
19.723446
 21
223.718757
 31
0.0
  0
SPLINE
  5
12f6
100
AcDbEntity
  8
0
 62
7
100
AcDbSpline
 70
8
 71
3
 72
8
 73
4
 74
0
 40
0
 40
0
 40
0
 40
0
 40
1
 40
1
 40
1
 40
1
 10
19.723446
 20
223.718757
 30
0.0
 10
19.737956
 20
223.717372
 30
0.0
 10
19.751894
 20
223.717372
 30
0.0
 10
19.765833
 20
223.718757
 30
0.0
  0
LINE
  5
12f7
100
AcDbEntity
  8
0
 62
7
100
AcDbLine
 10
19.765833
 20
223.718757
 30
0.0
 11
20.002453
 21
223.718757
 31
0.0
  0
LINE
  5
12f8
100
AcDbEntity
  8
0
 62
7
100
AcDbLine
 10
20.002453
 20
223.718757
 30
0.0
 11
20.483923
 21
223.377379
 31
0.0
  0
LINE
  5
12f9
100
AcDbEntity
  8
0
 62
7
100
AcDbLine
 10
20.483923
 20
223.377379
 30
0.0
 11
13.019481
 21
223.377400
 31
0.0
  0
LINE
  5
12fa
100
AcDbEntity
  8
0
 62
7
100
AcDbLine
 10
13.019481
 20
223.377400
 30
0.0
 11
13.019481
 21
223.377400
 31
0.0
  0
SPLINE
  5
12fb
100
AcDbEntity
  8
0
 62
7
100
AcDbSpline
 70
8
 71
3
 72
8
 73
4
 74
0
 40
0
 40
0
 40
0
 40
0
 40
1
 40
1
 40
1
 40
1
 10
26.736311
 20
244.799346
 30
0.0
 10
27.148054
 20
244.565008
 30
0.0
 10
27.560905
 20
244.331027
 30
0.0
 10
27.972111
 20
244.097046
 30
0.0
  0
SPLINE
  5
12fc
100
AcDbEntity
  8
0
 62
7
100
AcDbSpline
 70
8
 71
3
 72
8
 73
4
 74
0
 40
0
 40
0
 40
0
 40
0
 40
1
 40
1
 40
1
 40
1
 10
27.972111
 20
244.097046
 30
0.0
 10
27.394650
 20
243.839700
 30
0.0
 10
26.817188
 20
243.582354
 30
0.0
 10
26.239223
 20
243.325029
 30
0.0
  0
SPLINE
  5
12fd
100
AcDbEntity
  8
0
 62
7
100
AcDbSpline
 70
8
 71
3
 72
8
 73
4
 74
0
 40
0
 40
0
 40
0
 40
0
 40
1
 40
1
 40
1
 40
1
 10
26.239223
 20
243.325029
 30
0.0
 10
26.218567
 20
243.315960
 30
0.0
 10
26.197374
 20
243.306535
 30
0.0
 10
26.176751
 20
243.297130
 30
0.0
  0
SPLINE
  5
12fe
100
AcDbEntity
  8
0
 62
7
100
AcDbSpline
 70
8
 71
3
 72
8
 73
4
 74
0
 40
0
 40
0
 40
0
 40
0
 40
1
 40
1
 40
1
 40
1
 10
26.176751
 20
243.297130
 30
0.0
 10
26.247586
 20
243.481926
 30
0.0
 10
26.317918
 20
243.666764
 30
0.0
 10
26.387073
 20
243.851560
 30
0.0
  0
LINE
  5
12ff
100
AcDbEntity
  8
0
 62
7
100
AcDbLine
 10
26.387073
 20
243.851560
 30
0.0
 11
26.387644
 21
243.851560
 31
0.0
  0
SPLINE
  5
1300
100
AcDbEntity
  8
0
 62
7
100
AcDbSpline
 70
8
 71
3
 72
8
 73
4
 74
0
 40
0
 40
0
 40
0
 40
0
 40
1
 40
1
 40
1
 40
1
 10
26.387644
 20
243.851560
 30
0.0
 10
26.505938
 20
244.167118
 30
0.0
 10
26.621913
 20
244.483096
 30
0.0
 10
26.736311
 20
244.799346
 30
0.0
  0
LINE
  5
1301
100
AcDbEntity
  8
0
 62
7
100
AcDbLine
 10
26.736311
 20
244.799346
 30
0.0
 11
26.736311
 21
244.799346
 31
0.0
  0
LINE
  5
1302
100
AcDbEntity
  8
0
 62
7
100
AcDbLine
 10
31.292858
 20
266.279904
 30
0.0
 11
32.276419
 21
266.279904
 31
0.0
  0
SPLINE
  5
1303
100
AcDbEntity
  8
0
 62
7
100
AcDbSpline
 70
8
 71
3
 72
8
 73
4
 74
0
 40
0
 40
0
 40
0
 40
0
 40
1
 40
1
 40
1
 40
1
 10
32.276419
 20
266.279904
 30
0.0
 10
31.921640
 20
266.013468
 30
0.0
 10
31.567364
 20
265.746697
 30
0.0
 10
31.212517
 20
265.479967
 30
0.0
  0
SPLINE
  5
1304
100
AcDbEntity
  8
0
 62
7
100
AcDbSpline
 70
8
 71
3
 72
8
 73
4
 74
0
 40
0
 40
0
 40
0
 40
0
 40
1
 40
1
 40
1
 40
1
 10
31.212517
 20
265.479967
 30
0.0
 10
31.239857
 20
265.746739
 30
0.0
 10
31.266593
 20
266.013510
 30
0.0
 10
31.292858
 20
266.279904
 30
0.0
  0
LINE
  5
1305
100
AcDbEntity
  8
0
 62
7
100
AcDbLine
 10
31.292858
 20
266.279904
 30
0.0
 11
31.292858
 21
266.279904
 31
0.0
  0
SPLINE
  5
1306
100
AcDbEntity
  8
0
 62
7
100
AcDbSpline
 70
8
 71
3
 72
8
 73
4
 74
0
 40
0
 40
0
 40
0
 40
0
 40
1
 40
1
 40
1
 40
1
 10
30.844270
 20
262.206664
 30
0.0
 10
31.310692
 20
261.882731
 30
0.0
 10
31.777115
 20
261.558776
 30
0.0
 10
32.243504
 20
261.235178
 30
0.0
  0
SPLINE
  5
1307
100
AcDbEntity
  8
0
 62
7
100
AcDbSpline
 70
8
 71
3
 72
8
 73
4
 74
0
 40
0
 40
0
 40
0
 40
0
 40
1
 40
1
 40
1
 40
1
 10
32.243504
 20
261.235178
 30
0.0
 10
31.688915
 20
260.875998
 30
0.0
 10
31.133790
 20
260.516503
 30
0.0
 10
30.578664
 20
260.157302
 30
0.0
  0
SPLINE
  5
1308
100
AcDbEntity
  8
0
 62
7
100
AcDbSpline
 70
8
 71
3
 72
8
 73
4
 74
0
 40
0
 40
0
 40
0
 40
0
 40
1
 40
1
 40
1
 40
1
 10
30.578664
 20
260.157302
 30
0.0
 10
30.671834
 20
260.840059
 30
0.0
 10
30.760537
 20
261.523194
 30
0.0
 10
30.844270
 20
262.206664
 30
0.0
  0
LINE
  5
1309
100
AcDbEntity
  8
0
 62
7
100
AcDbLine
 10
30.844270
 20
262.206664
 30
0.0
 11
30.844270
 21
262.206664
 31
0.0
  0
SPLINE
  5
130a
100
AcDbEntity
  8
0
 62
7
100
AcDbSpline
 70
8
 71
3
 72
8
 73
4
 74
0
 40
0
 40
0
 40
0
 40
0
 40
1
 40
1
 40
1
 40
1
 10
27.726657
 20
247.710320
 30
0.0
 10
27.901813
 20
247.496555
 30
0.0
 10
28.077070
 20
247.282453
 30
0.0
 10
28.252193
 20
247.068352
 30
0.0
  0
SPLINE
  5
130b
100
AcDbEntity
  8
0
 62
7
100
AcDbSpline
 70
8
 71
3
 72
8
 73
4
 74
0
 40
0
 40
0
 40
0
 40
0
 40
1
 40
1
 40
1
 40
1
 10
28.252193
 20
247.068352
 30
0.0
 10
27.930832
 20
246.838212
 30
0.0
 10
27.609472
 20
246.608052
 30
0.0
 10
27.288716
 20
246.377576
 30
0.0
  0
SPLINE
  5
130c
100
AcDbEntity
  8
0
 62
7
100
AcDbSpline
 70
8
 71
3
 72
8
 73
4
 74
0
 40
0
 40
0
 40
0
 40
0
 40
1
 40
1
 40
1
 40
1
 10
27.288716
 20
246.377576
 30
0.0
 10
27.438783
 20
246.821481
 30
0.0
 10
27.584954
 20
247.265701
 30
0.0
 10
27.726086
 20
247.710320
 30
0.0
  0
LINE
  5
130d
100
AcDbEntity
  8
0
 62
7
100
AcDbLine
 10
27.726086
 20
247.710320
 30
0.0
 11
27.726657
 21
247.710320
 31
0.0
  0
SPLINE
  5
130e
100
AcDbEntity
  8
0
 62
7
100
AcDbSpline
 70
8
 71
3
 72
8
 73
4
 74
0
 40
0
 40
0
 40
0
 40
0
 40
1
 40
1
 40
1
 40
1
 10
27.101502
 20
245.829590
 30
0.0
 10
27.181775
 20
245.781203
 30
0.0
 10
27.261410
 20
245.732773
 30
0.0
 10
27.341112
 20
245.684386
 30
0.0
  0
SPLINE
  5
130f
100
AcDbEntity
  8
0
 62
7
100
AcDbSpline
 70
8
 71
3
 72
8
 73
4
 74
0
 40
0
 40
0
 40
0
 40
0
 40
1
 40
1
 40
1
 40
1
 10
27.341112
 20
245.684386
 30
0.0
 10
27.218385
 20
245.610073
 30
0.0
 10
27.095625
 20
245.535466
 30
0.0
 10
26.972360
 20
245.461195
 30
0.0
  0
SPLINE
  5
1310
100
AcDbEntity
  8
0
 62
7
100
AcDbSpline
 70
8
 71
3
 72
8
 73
4
 74
0
 40
0
 40
0
 40
0
 40
0
 40
1
 40
1
 40
1
 40
1
 10
26.972360
 20
245.461195
 30
0.0
 10
27.015318
 20
245.583937
 30
0.0
 10
27.058847
 20
245.706659
 30
0.0
 10
27.101502
 20
245.829590
 30
0.0
  0
LINE
  5
1311
100
AcDbEntity
  8
0
 62
7
100
AcDbLine
 10
27.101502
 20
245.829590
 30
0.0
 11
27.101502
 21
245.829590
 31
0.0
  0
SPLINE
  5
1312
100
AcDbEntity
  8
0
 62
7
100
AcDbSpline
 70
8
 71
3
 72
8
 73
4
 74
0
 40
0
 40
0
 40
0
 40
0
 40
1
 40
1
 40
1
 40
1
 10
30.070996
 20
257.369428
 30
0.0
 10
30.440319
 20
257.038860
 30
0.0
 10
30.809641
 20
256.708293
 30
0.0
 10
31.178427
 20
256.377726
 30
0.0
  0
SPLINE
  5
1313
100
AcDbEntity
  8
0
 62
7
100
AcDbSpline
 70
8
 71
3
 72
8
 73
4
 74
0
 40
0
 40
0
 40
0
 40
0
 40
1
 40
1
 40
1
 40
1
 10
31.178427
 20
256.377726
 30
0.0
 10
30.676301
 20
256.000093
 30
0.0
 10
30.173638
 20
255.622419
 30
0.0
 10
29.671479
 20
255.244451
 30
0.0
  0
SPLINE
  5
1314
100
AcDbEntity
  8
0
 62
7
100
AcDbSpline
 70
8
 71
3
 72
8
 73
4
 74
0
 40
0
 40
0
 40
0
 40
0
 40
1
 40
1
 40
1
 40
1
 10
29.671479
 20
255.244451
 30
0.0
 10
29.815970
 20
255.951979
 30
0.0
 10
29.948773
 20
256.660199
 30
0.0
 10
30.070996
 20
257.369428
 30
0.0
  0
LINE
  5
1315
100
AcDbEntity
  8
0
 62
7
100
AcDbLine
 10
30.070996
 20
257.369428
 30
0.0
 11
30.070996
 21
257.369428
 31
0.0
  0
SPLINE
  5
1316
100
AcDbEntity
  8
0
 62
7
100
AcDbSpline
 70
8
 71
3
 72
8
 73
4
 74
0
 40
0
 40
0
 40
0
 40
0
 40
1
 40
1
 40
1
 40
1
 10
21.786561
 20
234.405862
 30
0.0
 10
21.907071
 20
234.334047
 30
0.0
 10
22.028119
 20
234.262526
 30
0.0
 10
22.148629
 20
234.191068
 30
0.0
  0
SPLINE
  5
1317
100
AcDbEntity
  8
0
 62
7
100
AcDbSpline
 70
8
 71
3
 72
8
 73
4
 74
0
 40
0
 40
0
 40
0
 40
0
 40
1
 40
1
 40
1
 40
1
 10
22.148629
 20
234.191068
 30
0.0
 10
21.992416
 20
234.096917
 30
0.0
 10
21.835632
 20
234.003123
 30
0.0
 10
21.679452
 20
233.908972
 30
0.0
  0
SPLINE
  5
1318
100
AcDbEntity
  8
0
 62
7
100
AcDbSpline
 70
8
 71
3
 72
8
 73
4
 74
0
 40
0
 40
0
 40
0
 40
0
 40
1
 40
1
 40
1
 40
1
 10
21.679452
 20
233.908972
 30
0.0
 10
21.633707
 20
233.946989
 30
0.0
 10
21.587424
 20
233.984629
 30
0.0
 10
21.541141
 20
234.022310
 30
0.0
  0
SPLINE
  5
1319
100
AcDbEntity
  8
0
 62
7
100
AcDbSpline
 70
8
 71
3
 72
8
 73
4
 74
0
 40
0
 40
0
 40
0
 40
0
 40
1
 40
1
 40
1
 40
1
 10
21.541141
 20
234.022310
 30
0.0
 10
21.623630
 20
234.149797
 30
0.0
 10
21.705549
 20
234.277662
 30
0.0
 10
21.786561
 20
234.405862
 30
0.0
  0
LINE
  5
131a
100
AcDbEntity
  8
0
 62
7
100
AcDbLine
 10
21.786561
 20
234.405862
 30
0.0
 11
21.786561
 21
234.405862
 31
0.0
  0
SPLINE
  5
131b
100
AcDbEntity
  8
0
 62
7
100
AcDbSpline
 70
8
 71
3
 72
8
 73
4
 74
0
 40
0
 40
0
 40
0
 40
0
 40
1
 40
1
 40
1
 40
1
 10
21.387346
 20
233.784928
 30
0.0
 10
21.399538
 20
233.774894
 30
0.0
 10
21.411159
 20
233.764880
 30
0.0
 10
21.423318
 20
233.755203
 30
0.0
  0
SPLINE
  5
131c
100
AcDbEntity
  8
0
 62
7
100
AcDbSpline
 70
8
 71
3
 72
8
 73
4
 74
0
 40
0
 40
0
 40
0
 40
0
 40
1
 40
1
 40
1
 40
1
 10
21.423318
 20
233.755203
 30
0.0
 10
21.392115
 20
233.736708
 30
0.0
 10
21.361417
 20
233.717857
 30
0.0
 10
21.330752
 20
233.699048
 30
0.0
  0
SPLINE
  5
131d
100
AcDbEntity
  8
0
 62
7
100
AcDbSpline
 70
8
 71
3
 72
8
 73
4
 74
0
 40
0
 40
0
 40
0
 40
0
 40
1
 40
1
 40
1
 40
1
 10
21.330752
 20
233.699048
 30
0.0
 10
21.349729
 20
233.727619
 30
0.0
 10
21.368101
 20
233.756210
 30
0.0
 10
21.387346
 20
233.784928
 30
0.0
  0
LINE
  5
131e
100
AcDbEntity
  8
0
 62
7
100
AcDbLine
 10
21.387346
 20
233.784928
 30
0.0
 11
21.387346
 21
233.784928
 31
0.0
  0
LINE
  5
131f
100
AcDbEntity
  8
0
 62
7
100
AcDbLine
 10
20.991557
 20
233.189940
 30
0.0
 11
21.045061
 21
233.189940
 31
0.0
  0
SPLINE
  5
1320
100
AcDbEntity
  8
0
 62
7
100
AcDbSpline
 70
8
 71
3
 72
8
 73
4
 74
0
 40
0
 40
0
 40
0
 40
0
 40
1
 40
1
 40
1
 40
1
 10
21.045061
 20
233.189940
 30
0.0
 10
21.096986
 20
233.142875
 30
0.0
 10
21.148307
 20
233.096146
 30
0.0
 10
21.200233
 20
233.049060
 30
0.0
  0
SPLINE
  5
1321
100
AcDbEntity
  8
0
 62
7
100
AcDbSpline
 70
8
 71
3
 72
8
 73
4
 74
0
 40
0
 40
0
 40
0
 40
0
 40
1
 40
1
 40
1
 40
1
 10
21.200233
 20
233.049060
 30
0.0
 10
21.146662
 20
232.999203
 30
0.0
 10
21.093661
 20
232.949682
 30
0.0
 10
21.040090
 20
232.899825
 30
0.0
  0
SPLINE
  5
1322
100
AcDbEntity
  8
0
 62
7
100
AcDbSpline
 70
8
 71
3
 72
8
 73
4
 74
0
 40
0
 40
0
 40
0
 40
0
 40
1
 40
1
 40
1
 40
1
 10
21.040090
 20
232.899825
 30
0.0
 10
20.989877
 20
232.946554
 30
0.0
 10
20.939698
 20
232.992948
 30
0.0
 10
20.890023
 20
233.039677
 30
0.0
  0
SPLINE
  5
1323
100
AcDbEntity
  8
0
 62
7
100
AcDbSpline
 70
8
 71
3
 72
8
 73
4
 74
0
 40
0
 40
0
 40
0
 40
0
 40
1
 40
1
 40
1
 40
1
 10
20.890023
 20
233.039677
 30
0.0
 10
20.924114
 20
233.089891
 30
0.0
 10
20.958071
 20
233.139727
 30
0.0
 10
20.991557
 20
233.189940
 30
0.0
  0
LINE
  5
1324
100
AcDbEntity
  8
0
 62
7
100
AcDbLine
 10
20.991557
 20
233.189940
 30
0.0
 11
20.991557
 21
233.189940
 31
0.0
  0
SPLINE
  5
1325
100
AcDbEntity
  8
0
 62
7
100
AcDbSpline
 70
8
 71
3
 72
8
 73
4
 74
0
 40
0
 40
0
 40
0
 40
0
 40
1
 40
1
 40
1
 40
1
 10
20.727093
 20
232.800447
 30
0.0
 10
20.761150
 20
232.768371
 30
0.0
 10
20.795711
 20
232.736274
 30
0.0
 10
20.830306
 20
232.704575
 30
0.0
  0
SPLINE
  5
1326
100
AcDbEntity
  8
0
 62
7
100
AcDbSpline
 70
8
 71
3
 72
8
 73
4
 74
0
 40
0
 40
0
 40
0
 40
0
 40
1
 40
1
 40
1
 40
1
 10
20.830306
 20
232.704575
 30
0.0
 10
20.784023
 20
232.661352
 30
0.0
 10
20.737169
 20
232.618086
 30
0.0
 10
20.690819
 20
232.574506
 30
0.0
  0
SPLINE
  5
1327
100
AcDbEntity
  8
0
 62
7
100
AcDbSpline
 70
8
 71
3
 72
8
 73
4
 74
0
 40
0
 40
0
 40
0
 40
0
 40
1
 40
1
 40
1
 40
1
 10
20.690819
 20
232.574506
 30
0.0
 10
20.666300
 20
232.596821
 30
0.0
 10
20.641715
 20
232.618401
 30
0.0
 10
20.617700
 20
232.640737
 30
0.0
  0
SPLINE
  5
1328
100
AcDbEntity
  8
0
 62
7
100
AcDbSpline
 70
8
 71
3
 72
8
 73
4
 74
0
 40
0
 40
0
 40
0
 40
0
 40
1
 40
1
 40
1
 40
1
 10
20.617700
 20
232.640737
 30
0.0
 10
20.653974
 20
232.694079
 30
0.0
 10
20.690819
 20
232.747442
 30
0.0
 10
20.727093
 20
232.800447
 30
0.0
  0
LINE
  5
1329
100
AcDbEntity
  8
0
 62
7
100
AcDbLine
 10
20.727093
 20
232.800447
 30
0.0
 11
20.727093
 21
232.800447
 31
0.0
  0
SPLINE
  5
132a
100
AcDbEntity
  8
0
 62
7
100
AcDbSpline
 70
8
 71
3
 72
8
 73
4
 74
0
 40
0
 40
0
 40
0
 40
0
 40
1
 40
1
 40
1
 40
1
 10
20.454232
 20
232.404321
 30
0.0
 10
20.513379
 20
232.350958
 30
0.0
 10
20.571417
 20
232.297952
 30
0.0
 10
20.630530
 20
232.244590
 30
0.0
  0
LINE
  5
132b
100
AcDbEntity
  8
0
 62
7
100
AcDbLine
 10
20.630530
 20
232.244590
 30
0.0
 11
20.613233
 21
232.244590
 31
0.0
  0
LINE
  5
132c
100
AcDbEntity
  8
0
 62
7
100
AcDbLine
 10
20.613233
 20
232.244590
 30
0.0
 11
20.343764
 21
232.244590
 31
0.0
  0
SPLINE
  5
132d
100
AcDbEntity
  8
0
 62
7
100
AcDbSpline
 70
8
 71
3
 72
8
 73
4
 74
0
 40
0
 40
0
 40
0
 40
0
 40
1
 40
1
 40
1
 40
1
 10
20.343764
 20
232.244590
 30
0.0
 10
20.381113
 20
232.297574
 30
0.0
 10
20.417387
 20
232.350958
 30
0.0
 10
20.454232
 20
232.404321
 30
0.0
  0
LINE
  5
132e
100
AcDbEntity
  8
0
 62
7
100
AcDbLine
 10
20.454232
 20
232.404321
 30
0.0
 11
20.454232
 21
232.404321
 31
0.0
  0
LINE
  5
132f
100
AcDbEntity
  8
0
 62
7
100
AcDbLine
 10
15.062544
 20
224.955629
 30
0.0
 11
16.168329
 21
224.955629
 31
0.0
  0
SPLINE
  5
1330
100
AcDbEntity
  8
0
 62
7
100
AcDbSpline
 70
8
 71
3
 72
8
 73
4
 74
0
 40
0
 40
0
 40
0
 40
0
 40
1
 40
1
 40
1
 40
1
 10
16.168329
 20
224.955629
 30
0.0
 10
15.660628
 20
224.769406
 30
0.0
 10
15.152961
 20
224.583560
 30
0.0
 10
14.644689
 20
224.397337
 30
0.0
  0
SPLINE
  5
1331
100
AcDbEntity
  8
0
 62
7
100
AcDbSpline
 70
8
 71
3
 72
8
 73
4
 74
0
 40
0
 40
0
 40
0
 40
0
 40
1
 40
1
 40
1
 40
1
 10
14.644689
 20
224.397337
 30
0.0
 10
14.785250
 20
224.582888
 30
0.0
 10
14.923629
 20
224.769406
 30
0.0
 10
15.062544
 20
224.955629
 30
0.0
  0
LINE
  5
1332
100
AcDbEntity
  8
0
 62
7
100
AcDbLine
 10
15.062544
 20
224.955629
 30
0.0
 11
15.062544
 21
224.955629
 31
0.0
  0
SPLINE
  5
1333
100
AcDbEntity
  8
0
 62
7
100
AcDbSpline
 70
8
 71
3
 72
8
 73
4
 74
0
 40
0
 40
0
 40
0
 40
0
 40
1
 40
1
 40
1
 40
1
 10
51.875945
 20
224.538217
 30
0.0
 10
52.413203
 20
224.345045
 30
0.0
 10
52.949923
 20
224.151180
 30
0.0
 10
53.487181
 20
223.957630
 30
0.0
  0
LINE
  5
1334
100
AcDbEntity
  8
0
 62
7
100
AcDbLine
 10
53.487181
 20
223.957630
 30
0.0
 11
52.304381
 21
223.957630
 31
0.0
  0
SPLINE
  5
1335
100
AcDbEntity
  8
0
 62
7
100
AcDbSpline
 70
8
 71
3
 72
8
 73
4
 74
0
 40
0
 40
0
 40
0
 40
0
 40
1
 40
1
 40
1
 40
1
 10
52.304381
 20
223.957630
 30
0.0
 10
52.161603
 20
224.151159
 30
0.0
 10
52.018757
 20
224.344667
 30
0.0
 10
51.875945
 20
224.538217
 30
0.0
  0
LINE
  5
1336
100
AcDbEntity
  8
0
 62
7
100
AcDbLine
 10
51.875945
 20
224.538217
 30
0.0
 11
51.875945
 21
224.538217
 31
0.0
  0
SPLINE
  5
1337
100
AcDbEntity
  8
0
 62
7
100
AcDbSpline
 70
8
 71
3
 72
8
 73
4
 74
0
 40
0
 40
0
 40
0
 40
0
 40
1
 40
1
 40
1
 40
1
 10
51.647654
 20
224.334233
 30
0.0
 10
51.740153
 20
224.208783
 30
0.0
 10
51.832719
 20
224.083059
 30
0.0
 10
51.924982
 20
223.957630
 30
0.0
  0
LINE
  5
1338
100
AcDbEntity
  8
0
 62
7
100
AcDbLine
 10
51.924982
 20
223.957630
 30
0.0
 11
51.709051
 21
223.957630
 31
0.0
  0
SPLINE
  5
1339
100
AcDbEntity
  8
0
 62
7
100
AcDbSpline
 70
8
 71
3
 72
8
 73
4
 74
0
 40
0
 40
0
 40
0
 40
0
 40
1
 40
1
 40
1
 40
1
 10
51.709051
 20
223.957630
 30
0.0
 10
51.707406
 20
223.959708
 30
0.0
 10
51.706297
 20
223.961828
 30
0.0
 10
51.704584
 20
223.964221
 30
0.0
  0
SPLINE
  5
133a
100
AcDbEntity
  8
0
 62
7
100
AcDbSpline
 70
8
 71
3
 72
8
 73
4
 74
0
 40
0
 40
0
 40
0
 40
0
 40
1
 40
1
 40
1
 40
1
 10
51.704584
 20
223.964221
 30
0.0
 10
51.499838
 20
224.241447
 30
0.0
 10
51.295058
 20
224.519009
 30
0.0
 10
51.090312
 20
224.796234
 30
0.0
  0
SPLINE
  5
133b
100
AcDbEntity
  8
0
 62
7
100
AcDbSpline
 70
8
 71
3
 72
8
 73
4
 74
0
 40
0
 40
0
 40
0
 40
0
 40
1
 40
1
 40
1
 40
1
 10
51.090312
 20
224.796234
 30
0.0
 10
51.096995
 20
224.801797
 30
0.0
 10
51.104788
 20
224.807381
 30
0.0
 10
51.112647
 20
224.812986
 30
0.0
  0
SPLINE
  5
133c
100
AcDbEntity
  8
0
 62
7
100
AcDbSpline
 70
8
 71
3
 72
8
 73
4
 74
0
 40
0
 40
0
 40
0
 40
0
 40
1
 40
1
 40
1
 40
1
 10
51.112647
 20
224.812986
 30
0.0
 10
51.194633
 20
224.783366
 30
0.0
 10
51.276652
 20
224.753683
 30
0.0
 10
51.359209
 20
224.724062
 30
0.0
  0
SPLINE
  5
133d
100
AcDbEntity
  8
0
 62
7
100
AcDbSpline
 70
8
 71
3
 72
8
 73
4
 74
0
 40
0
 40
0
 40
0
 40
0
 40
1
 40
1
 40
1
 40
1
 10
51.359209
 20
224.724062
 30
0.0
 10
51.455234
 20
224.593993
 30
0.0
 10
51.551192
 20
224.464281
 30
0.0
 10
51.647654
 20
224.334233
 30
0.0
  0
LINE
  5
133e
100
AcDbEntity
  8
0
 62
7
100
AcDbLine
 10
51.647654
 20
224.334233
 30
0.0
 11
51.647654
 21
224.334233
 31
0.0
  0
SPLINE
  5
133f
100
AcDbEntity
  8
0
 62
7
100
AcDbSpline
 70
8
 71
3
 72
8
 73
4
 74
0
 40
0
 40
0
 40
0
 40
0
 40
1
 40
1
 40
1
 40
1
 10
31.134965
 20
264.744205
 30
0.0
 10
31.542241
 20
264.435595
 30
0.0
 10
31.949517
 20
264.126965
 30
0.0
 10
32.356793
 20
263.818041
 30
0.0
  0
SPLINE
  5
1340
100
AcDbEntity
  8
0
 62
7
100
AcDbSpline
 70
8
 71
3
 72
8
 73
4
 74
0
 40
0
 40
0
 40
0
 40
0
 40
1
 40
1
 40
1
 40
1
 10
32.356793
 20
263.818041
 30
0.0
 10
31.879219
 20
263.500720
 30
0.0
 10
31.401679
 20
263.183756
 30
0.0
 10
30.924072
 20
262.866434
 30
0.0
  0
SPLINE
  5
1341
100
AcDbEntity
  8
0
 62
7
100
AcDbSpline
 70
8
 71
3
 72
8
 73
4
 74
0
 40
0
 40
0
 40
0
 40
0
 40
1
 40
1
 40
1
 40
1
 10
30.924072
 20
262.866434
 30
0.0
 10
30.998300
 20
263.492344
 30
0.0
 10
31.068530
 20
264.117938
 30
0.0
 10
31.134965
 20
264.744205
 30
0.0
  0
LINE
  5
1342
100
AcDbEntity
  8
0
 62
7
100
AcDbLine
 10
31.134965
 20
264.744205
 30
0.0
 11
31.134965
 21
264.744205
 31
0.0
  0
SPLINE
  5
1343
100
AcDbEntity
  8
0
 62
7
100
AcDbSpline
 70
8
 71
3
 72
8
 73
4
 74
0
 40
0
 40
0
 40
0
 40
0
 40
1
 40
1
 40
1
 40
1
 10
21.998529
 20
228.401511
 30
0.0
 10
22.367885
 20
228.524946
 30
0.0
 10
22.737778
 20
228.648759
 30
0.0
 10
23.107168
 20
228.772867
 30
0.0
  0
SPLINE
  5
1344
100
AcDbEntity
  8
0
 62
7
100
AcDbSpline
 70
8
 71
3
 72
8
 73
4
 74
0
 40
0
 40
0
 40
0
 40
0
 40
1
 40
1
 40
1
 40
1
 10
23.107168
 20
228.772867
 30
0.0
 10
23.017894
 20
228.649095
 30
0.0
 10
22.928586
 20
228.525282
 30
0.0
 10
22.838775
 20
228.401511
 30
0.0
  0
LINE
  5
1345
100
AcDbEntity
  8
0
 62
7
100
AcDbLine
 10
22.838775
 20
228.401511
 30
0.0
 11
21.998529
 21
228.401511
 31
0.0
  0
LINE
  5
1346
100
AcDbEntity
  8
0
 62
7
100
AcDbLine
 10
21.998529
 20
228.401511
 30
0.0
 11
21.998529
 21
228.401511
 31
0.0
  0
SPLINE
  5
1347
100
AcDbEntity
  8
0
 62
7
100
AcDbSpline
 70
8
 71
3
 72
8
 73
4
 74
0
 40
0
 40
0
 40
0
 40
0
 40
1
 40
1
 40
1
 40
1
 10
19.913616
 20
225.588193
 30
0.0
 10
20.315282
 20
225.733251
 30
0.0
 10
20.717017
 20
225.877973
 30
0.0
 10
21.118684
 20
226.022337
 30
0.0
  0
SPLINE
  5
1348
100
AcDbEntity
  8
0
 62
7
100
AcDbSpline
 70
8
 71
3
 72
8
 73
4
 74
0
 40
0
 40
0
 40
0
 40
0
 40
1
 40
1
 40
1
 40
1
 10
21.118684
 20
226.022337
 30
0.0
 10
21.014329
 20
225.877616
 30
0.0
 10
20.909437
 20
225.732915
 30
0.0
 10
20.804645
 20
225.588193
 30
0.0
  0
LINE
  5
1349
100
AcDbEntity
  8
0
 62
7
100
AcDbLine
 10
20.804645
 20
225.588193
 30
0.0
 11
19.913616
 21
225.588193
 31
0.0
  0
LINE
  5
134a
100
AcDbEntity
  8
0
 62
7
100
AcDbLine
 10
19.913616
 20
225.588193
 30
0.0
 11
19.913616
 21
225.588193
 31
0.0
  0
SPLINE
  5
134b
100
AcDbEntity
  8
0
 62
7
100
AcDbSpline
 70
8
 71
3
 72
8
 73
4
 74
0
 40
0
 40
0
 40
0
 40
0
 40
1
 40
1
 40
1
 40
1
 10
18.055784
 20
224.642843
 30
0.0
 10
18.362098
 20
224.414760
 30
0.0
 10
18.669519
 20
224.186720
 30
0.0
 10
18.975833
 20
223.958658
 30
0.0
  0
LINE
  5
134c
100
AcDbEntity
  8
0
 62
7
100
AcDbLine
 10
18.975833
 20
223.958658
 30
0.0
 11
17.548117
 21
223.958658
 31
0.0
  0
SPLINE
  5
134d
100
AcDbEntity
  8
0
 62
7
100
AcDbSpline
 70
8
 71
3
 72
8
 73
4
 74
0
 40
0
 40
0
 40
0
 40
0
 40
1
 40
1
 40
1
 40
1
 10
17.548117
 20
223.958658
 30
0.0
 10
17.717194
 20
224.186720
 30
0.0
 10
17.886774
 20
224.414760
 30
0.0
 10
18.055784
 20
224.642843
 30
0.0
  0
LINE
  5
134e
100
AcDbEntity
  8
0
 62
7
100
AcDbLine
 10
18.055784
 20
224.642843
 30
0.0
 11
18.055784
 21
224.642843
 31
0.0
  0
SPLINE
  5
134f
100
AcDbEntity
  8
0
 62
7
100
AcDbSpline
 70
8
 71
3
 72
8
 73
4
 74
0
 40
0
 40
0
 40
0
 40
0
 40
1
 40
1
 40
1
 40
1
 10
26.918218
 20
231.169884
 30
0.0
 10
27.068318
 20
231.061101
 30
0.0
 10
27.219493
 20
230.952654
 30
0.0
 10
27.369560
 20
230.844208
 30
0.0
  0
SPLINE
  5
1350
100
AcDbEntity
  8
0
 62
7
100
AcDbSpline
 70
8
 71
3
 72
8
 73
4
 74
0
 40
0
 40
0
 40
0
 40
0
 40
1
 40
1
 40
1
 40
1
 10
27.369560
 20
230.844208
 30
0.0
 10
27.269169
 20
230.801677
 30
0.0
 10
27.168710
 20
230.758097
 30
0.0
 10
27.069863
 20
230.713404
 30
0.0
  0
SPLINE
  5
1351
100
AcDbEntity
  8
0
 62
7
100
AcDbSpline
 70
8
 71
3
 72
8
 73
4
 74
0
 40
0
 40
0
 40
0
 40
0
 40
1
 40
1
 40
1
 40
1
 10
27.069863
 20
230.713404
 30
0.0
 10
27.019113
 20
230.865683
 30
0.0
 10
26.968968
 20
231.017605
 30
0.0
 10
26.918218
 20
231.169884
 30
0.0
  0
LINE
  5
1352
100
AcDbEntity
  8
0
 62
7
100
AcDbLine
 10
26.918218
 20
231.169884
 30
0.0
 11
26.918218
 21
231.169884
 31
0.0
  0
LINE
  5
1353
100
AcDbEntity
  8
0
 62
7
100
AcDbLine
 10
39.199976
 20
231.619961
 30
0.0
 11
39.199976
 21
231.619961
 31
0.0
  0
SPLINE
  5
1354
100
AcDbEntity
  8
0
 62
7
100
AcDbSpline
 70
8
 71
3
 72
8
 73
4
 74
0
 40
0
 40
0
 40
0
 40
0
 40
1
 40
1
 40
1
 40
1
 10
38.659528
 20
231.751184
 30
0.0
 10
38.857557
 20
231.895213
 30
0.0
 10
39.055687
 20
232.039200
 30
0.0
 10
39.253145
 20
232.182872
 30
0.0
  0
SPLINE
  5
1355
100
AcDbEntity
  8
0
 62
7
100
AcDbSpline
 70
8
 71
3
 72
8
 73
4
 74
0
 40
0
 40
0
 40
0
 40
0
 40
1
 40
1
 40
1
 40
1
 10
39.253145
 20
232.182872
 30
0.0
 10
39.235343
 20
231.995431
 30
0.0
 10
39.217442
 20
231.807654
 30
0.0
 10
39.200144
 20
231.620066
 30
0.0
  0
SPLINE
  5
1356
100
AcDbEntity
  8
0
 62
7
100
AcDbSpline
 70
8
 71
3
 72
8
 73
4
 74
0
 40
0
 40
0
 40
0
 40
0
 40
1
 40
1
 40
1
 40
1
 10
39.200144
 20
231.620066
 30
0.0
 10
39.021596
 20
231.666459
 30
0.0
 10
38.841401
 20
231.710018
 30
0.0
 10
38.659528
 20
231.751184
 30
0.0
  0
LINE
  5
1357
100
AcDbEntity
  8
0
 62
7
100
AcDbLine
 10
38.659528
 20
231.751184
 30
0.0
 11
38.659528
 21
231.751184
 31
0.0
  0
SPLINE
  5
1358
100
AcDbEntity
  8
0
 62
7
100
AcDbSpline
 70
8
 71
3
 72
8
 73
4
 74
0
 40
0
 40
0
 40
0
 40
0
 40
1
 40
1
 40
1
 40
1
 10
40.482731
 20
231.234351
 30
0.0
 10
40.703633
 20
231.377687
 30
0.0
 10
40.924635
 20
231.521003
 30
0.0
 10
41.146074
 20
231.664339
 30
0.0
  0
SPLINE
  5
1359
100
AcDbEntity
  8
0
 62
7
100
AcDbSpline
 70
8
 71
3
 72
8
 73
4
 74
0
 40
0
 40
0
 40
0
 40
0
 40
1
 40
1
 40
1
 40
1
 10
41.146074
 20
231.664339
 30
0.0
 10
41.127064
 20
231.446752
 30
0.0
 10
41.108692
 20
231.228809
 30
0.0
 10
41.089211
 20
231.011559
 30
0.0
  0
SPLINE
  5
135a
100
AcDbEntity
  8
0
 62
7
100
AcDbSpline
 70
8
 71
3
 72
8
 73
4
 74
0
 40
0
 40
0
 40
0
 40
0
 40
1
 40
1
 40
1
 40
1
 10
41.089211
 20
231.011559
 30
0.0
 10
40.889436
 20
231.089357
 30
0.0
 10
40.687545
 20
231.163943
 30
0.0
 10
40.482731
 20
231.234351
 30
0.0
  0
LINE
  5
135b
100
AcDbEntity
  8
0
 62
7
100
AcDbLine
 10
40.482731
 20
231.234351
 30
0.0
 11
40.482731
 21
231.234351
 31
0.0
  0
SPLINE
  5
135c
100
AcDbEntity
  8
0
 62
7
100
AcDbSpline
 70
8
 71
3
 72
8
 73
4
 74
0
 40
0
 40
0
 40
0
 40
0
 40
1
 40
1
 40
1
 40
1
 10
46.946180
 20
226.234990
 30
0.0
 10
47.018728
 20
226.211647
 30
0.0
 10
47.090671
 20
226.188261
 30
0.0
 10
47.163219
 20
226.164918
 30
0.0
  0
SPLINE
  5
135d
100
AcDbEntity
  8
0
 62
7
100
AcDbSpline
 70
8
 71
3
 72
8
 73
4
 74
0
 40
0
 40
0
 40
0
 40
0
 40
1
 40
1
 40
1
 40
1
 10
47.163219
 20
226.164918
 30
0.0
 10
47.149314
 20
226.081515
 30
0.0
 10
47.135375
 20
225.998070
 30
0.0
 10
47.120933
 20
225.914730
 30
0.0
  0
SPLINE
  5
135e
100
AcDbEntity
  8
0
 62
7
100
AcDbSpline
 70
8
 71
3
 72
8
 73
4
 74
0
 40
0
 40
0
 40
0
 40
0
 40
1
 40
1
 40
1
 40
1
 10
47.120933
 20
225.914730
 30
0.0
 10
47.065246
 20
226.022169
 30
0.0
 10
47.006804
 20
226.128937
 30
0.0
 10
46.946180
 20
226.234990
 30
0.0
  0
LINE
  5
135f
100
AcDbEntity
  8
0
 62
7
100
AcDbLine
 10
46.946180
 20
226.234990
 30
0.0
 11
46.946180
 21
226.234990
 31
0.0
  0
ENDSEC
  0
SECTION
  2
OBJECTS
  0
DICTIONARY
  5
C
330
0
100
AcDbDictionary
  3
ACAD_GROUP
350
D
  3
ACAD_MLINESTYLE
350
17
  0
DICTIONARY
  5
D
330
C
100
AcDbDictionary
  0
DICTIONARY
  5
1A
330
C
100
AcDbDictionary
  0
DICTIONARY
  5
17
330
C
100
AcDbDictionary
  3
STANDARD
350
18
  0
DICTIONARY
  5
19
330
C
100
AcDbDictionary
  0
ENDSEC
  0
EOF
